 # Frequency[cm^-1] DOS PDOS
 -2.7256364668E+00  0.0000000000E+00  0.0000E+00  0.0000E+00  0.0000E+00  0.0000E+00  0.0000E+00  0.0000E+00  0.0000E+00  0.0000E+00  0.0000E+00  0.0000E+00
 -1.7256364668E+00  3.8732259380E-07  7.2012E-08  7.2012E-08  7.1815E-08  7.1815E-08  1.6661E-08  1.6661E-08  1.6404E-08  1.6404E-08  1.6769E-08  1.6769E-08
 -7.2563646678E-01  1.6334720507E-06  3.0411E-07  3.0411E-07  3.0314E-07  3.0314E-07  7.0009E-08  7.0009E-08  6.9186E-08  6.9186E-08  7.0290E-08  7.0290E-08
  2.7436353322E-01  3.7462412383E-06  6.9819E-07  6.9819E-07  6.9571E-07  6.9571E-07  1.6014E-07  1.6014E-07  1.5861E-07  1.5861E-07  1.6047E-07  1.6047E-07
  1.2743635332E+00  6.7503614745E-06  1.2592E-06  1.2592E-06  1.2545E-06  1.2545E-06  2.8789E-07  2.8789E-07  2.8566E-07  2.8566E-07  2.8795E-07  2.8795E-07
  2.2743635332E+00  1.0655146252E-05  1.9894E-06  1.9894E-06  1.9814E-06  1.9814E-06  4.5341E-07  4.5341E-07  4.5064E-07  4.5064E-07  4.5270E-07  4.5270E-07
  3.2743635332E+00  1.5460595572E-05  2.8892E-06  2.8892E-06  2.8768E-06  2.8768E-06  6.5649E-07  6.5649E-07  6.5350E-07  6.5350E-07  6.5430E-07  6.5430E-07
  4.2743635332E+00  2.1166709433E-05  3.9589E-06  3.9589E-06  3.9411E-06  3.9411E-06  8.9688E-07  8.9688E-07  8.9413E-07  8.9413E-07  8.9234E-07  8.9234E-07
  5.2743635332E+00  2.7773487835E-05  5.1990E-06  5.1990E-06  5.1745E-06  5.1745E-06  1.1744E-06  1.1744E-06  1.1725E-06  1.1725E-06  1.1664E-06  1.1664E-06
  6.2743635332E+00  3.5280930780E-05  6.6100E-06  6.6100E-06  6.5773E-06  6.5773E-06  1.4887E-06  1.4887E-06  1.4884E-06  1.4884E-06  1.4760E-06  1.4760E-06
  7.2743635332E+00  4.3689038266E-05  8.1922E-06  8.1922E-06  8.1498E-06  8.1498E-06  1.8397E-06  1.8397E-06  1.8420E-06  1.8420E-06  1.8209E-06  1.8209E-06
  8.2743635332E+00  5.2997810293E-05  9.9460E-06  9.9460E-06  9.8924E-06  9.8924E-06  2.2271E-06  2.2271E-06  2.2329E-06  2.2329E-06  2.2004E-06  2.2004E-06
  9.2743635332E+00  6.3207246863E-05  1.1872E-05  1.1872E-05  1.1805E-05  1.1805E-05  2.6507E-06  2.6507E-06  2.6613E-06  2.6613E-06  2.6144E-06  2.6144E-06
  1.0274363533E+01  7.4317347973E-05  1.3970E-05  1.3970E-05  1.3889E-05  1.3889E-05  3.1102E-06  3.1102E-06  3.1270E-06  3.1270E-06  3.0622E-06  3.0622E-06
  1.1274363533E+01  8.7872733657E-05  1.6531E-05  1.6531E-05  1.6432E-05  1.6432E-05  3.6703E-06  3.6703E-06  3.6954E-06  3.6954E-06  3.6075E-06  3.6075E-06
  1.2274363533E+01  1.2965290601E-04  2.4407E-05  2.4407E-05  2.4251E-05  2.4251E-05  5.4100E-06  5.4100E-06  5.4560E-06  5.4560E-06  5.3019E-06  5.3019E-06
  1.3274363533E+01  2.0906232372E-04  3.9410E-05  3.9410E-05  3.9131E-05  3.9131E-05  8.7087E-06  8.7087E-06  8.7965E-06  8.7965E-06  8.4845E-06  8.4845E-06
  1.4274363533E+01  2.7282484601E-04  5.1466E-05  5.1466E-05  5.1090E-05  5.1090E-05  1.1349E-05  1.1349E-05  1.1467E-05  1.1467E-05  1.1041E-05  1.1041E-05
  1.5274363533E+01  3.1351490400E-04  5.9175E-05  5.9175E-05  5.8738E-05  5.8738E-05  1.3020E-05  1.3020E-05  1.3159E-05  1.3159E-05  1.2666E-05  1.2666E-05
  1.6274363533E+01  3.5268859258E-04  6.6611E-05  6.6611E-05  6.6117E-05  6.6117E-05  1.4619E-05  1.4619E-05  1.4780E-05  1.4780E-05  1.4216E-05  1.4216E-05
  1.7274363533E+01  3.9437013183E-04  7.4533E-05  7.4533E-05  7.3979E-05  7.3979E-05  1.6316E-05  1.6316E-05  1.6501E-05  1.6501E-05  1.5857E-05  1.5857E-05
  1.8274363533E+01  4.4975442938E-04  8.5032E-05  8.5032E-05  8.4406E-05  8.4406E-05  1.8584E-05  1.8584E-05  1.8788E-05  1.8788E-05  1.8066E-05  1.8066E-05
  1.9274363533E+01  5.1670071620E-04  9.7715E-05  9.7715E-05  9.7001E-05  9.7001E-05  2.1330E-05  2.1330E-05  2.1549E-05  2.1549E-05  2.0755E-05  2.0755E-05
  2.0274363533E+01  5.8959208433E-04  1.1153E-04  1.1153E-04  1.1072E-04  1.1072E-04  2.4313E-05  2.4313E-05  2.4546E-05  2.4546E-05  2.3684E-05  2.3684E-05
  2.1274363533E+01  6.8870505467E-04  1.3033E-04  1.3033E-04  1.2940E-04  1.2940E-04  2.8373E-05  2.8373E-05  2.8622E-05  2.8622E-05  2.7621E-05  2.7621E-05
  2.2274363533E+01  9.1458797931E-04  1.7302E-04  1.7302E-04  1.7200E-04  1.7200E-04  3.7708E-05  3.7708E-05  3.7955E-05  3.7955E-05  3.6609E-05  3.6609E-05
  2.3274363533E+01  1.0163315646E-03  1.9233E-04  1.9233E-04  1.9113E-04  1.9113E-04  4.1840E-05  4.1840E-05  4.2079E-05  4.2079E-05  4.0784E-05  4.0784E-05
  2.4274363533E+01  1.1295052901E-03  2.1384E-04  2.1384E-04  2.1246E-04  2.1246E-04  4.6429E-05  4.6429E-05  4.6657E-05  4.6657E-05  4.5368E-05  4.5368E-05
  2.5274363533E+01  1.2142916813E-03  2.2998E-04  2.2998E-04  2.2858E-04  2.2858E-04  4.9822E-05  4.9822E-05  5.0050E-05  5.0050E-05  4.8715E-05  4.8715E-05
  2.6274363533E+01  1.2905961022E-03  2.4453E-04  2.4453E-04  2.4322E-04  2.4322E-04  5.2833E-05  5.2833E-05  5.3081E-05  5.3081E-05  5.1633E-05  5.1633E-05
  2.7274363533E+01  1.3807612260E-03  2.6177E-04  2.6177E-04  2.6054E-04  2.6054E-04  5.6393E-05  5.6393E-05  5.6665E-05  5.6665E-05  5.5007E-05  5.5007E-05
  2.8274363533E+01  1.4740607400E-03  2.7965E-04  2.7965E-04  2.7851E-04  2.7851E-04  6.0063E-05  6.0063E-05  6.0356E-05  6.0356E-05  5.8452E-05  5.8452E-05
  2.9274363533E+01  1.5933845698E-03  3.0243E-04  3.0243E-04  3.0139E-04  3.0139E-04  6.4802E-05  6.4802E-05  6.5087E-05  6.5087E-05  6.2979E-05  6.2979E-05
  3.0274363533E+01  1.8237999863E-03  3.4624E-04  3.4624E-04  3.4562E-04  3.4562E-04  7.4115E-05  7.4115E-05  7.4326E-05  7.4326E-05  7.1598E-05  7.1598E-05
  3.1274363533E+01  2.0147765240E-03  3.8250E-04  3.8250E-04  3.8218E-04  3.8218E-04  8.1783E-05  8.1783E-05  8.1939E-05  8.1939E-05  7.8982E-05  7.8982E-05
  3.2274363533E+01  2.0491111781E-03  3.8947E-04  3.8947E-04  3.8905E-04  3.8905E-04  8.2880E-05  8.2880E-05  8.3094E-05  8.3094E-05  8.0063E-05  8.0063E-05
  3.3274363533E+01  2.1607387639E-03  4.1103E-04  4.1103E-04  4.1076E-04  4.1076E-04  8.7116E-05  8.7116E-05  8.7349E-05  8.7349E-05  8.4110E-05  8.4110E-05
  3.4274363533E+01  2.3072444102E-03  4.3920E-04  4.3920E-04  4.3917E-04  4.3917E-04  9.2763E-05  9.2763E-05  9.3000E-05  9.3000E-05  8.9490E-05  8.9490E-05
  3.5274363533E+01  2.4600306295E-03  4.6857E-04  4.6857E-04  4.6886E-04  4.6886E-04  9.8629E-05  9.8629E-05  9.8862E-05  9.8862E-05  9.5094E-05  9.5094E-05
  3.6274363533E+01  2.6170850888E-03  4.9881E-04  4.9881E-04  4.9949E-04  4.9949E-04  1.0462E-04  1.0462E-04  1.0485E-04  1.0485E-04  1.0078E-04  1.0078E-04
  3.7274363533E+01  2.7833021040E-03  5.3083E-04  5.3083E-04  5.3200E-04  5.3200E-04  1.1094E-04  1.1094E-04  1.1117E-04  1.1117E-04  1.0671E-04  1.0671E-04
  3.8274363533E+01  2.9985258615E-03  5.7211E-04  5.7211E-04  5.7415E-04  5.7415E-04  1.1922E-04  1.1922E-04  1.1939E-04  1.1939E-04  1.1440E-04  1.1440E-04
  3.9274363533E+01  3.1997715415E-03  6.1082E-04  6.1082E-04  6.1373E-04  6.1373E-04  1.2690E-04  1.2690E-04  1.2703E-04  1.2703E-04  1.2139E-04  1.2139E-04
  4.0274363533E+01  3.3592461420E-03  6.4172E-04  6.4172E-04  6.4516E-04  6.4516E-04  1.3281E-04  1.3281E-04  1.3296E-04  1.3296E-04  1.2698E-04  1.2698E-04
  4.1274363533E+01  3.5127943489E-03  6.7158E-04  6.7158E-04  6.7543E-04  6.7543E-04  1.3841E-04  1.3841E-04  1.3857E-04  1.3857E-04  1.3240E-04  1.3240E-04
  4.2274363533E+01  3.6758232538E-03  7.0337E-04  7.0337E-04  7.0773E-04  7.0773E-04  1.4430E-04  1.4430E-04  1.4454E-04  1.4454E-04  1.3797E-04  1.3797E-04
  4.3274363533E+01  3.8880386284E-03  7.4454E-04  7.4454E-04  7.4989E-04  7.4989E-04  1.5210E-04  1.5210E-04  1.5238E-04  1.5238E-04  1.4511E-04  1.4511E-04
  4.4274363533E+01  4.1262196507E-03  7.9062E-04  7.9062E-04  7.9733E-04  7.9733E-04  1.6087E-04  1.6087E-04  1.6112E-04  1.6112E-04  1.5317E-04  1.5317E-04
  4.5274363533E+01  4.3837141702E-03  8.4045E-04  8.4045E-04  8.4875E-04  8.4875E-04  1.7033E-04  1.7033E-04  1.7050E-04  1.7050E-04  1.6183E-04  1.6183E-04
  4.6274363533E+01  4.6626993920E-03  8.9450E-04  8.9450E-04  9.0461E-04  9.0461E-04  1.8055E-04  1.8055E-04  1.8059E-04  1.8059E-04  1.7110E-04  1.7110E-04
  4.7274363533E+01  4.9263577965E-03  9.4584E-04  9.4584E-04  9.5768E-04  9.5768E-04  1.9007E-04  1.9007E-04  1.9000E-04  1.9000E-04  1.7959E-04  1.7959E-04
  4.8274363533E+01  5.1212296954E-03  9.8427E-04  9.8427E-04  9.9684E-04  9.9684E-04  1.9676E-04  1.9676E-04  1.9671E-04  1.9671E-04  1.8605E-04  1.8605E-04
  4.9274363533E+01  5.3124026185E-03  1.0221E-03  1.0221E-03  1.0353E-03  1.0353E-03  2.0319E-04  2.0319E-04  2.0321E-04  2.0321E-04  1.9241E-04  1.9241E-04
  5.0274363533E+01  5.5287681952E-03  1.0648E-03  1.0648E-03  1.0788E-03  1.0788E-03  2.1059E-04  2.1059E-04  2.1060E-04  2.1060E-04  1.9960E-04  1.9960E-04
  5.1274363533E+01  5.8315417492E-03  1.1240E-03  1.1240E-03  1.1402E-03  1.1402E-03  2.2133E-04  2.2133E-04  2.2125E-04  2.2125E-04  2.0898E-04  2.0898E-04
  5.2274363533E+01  6.2029507571E-03  1.1963E-03  1.1963E-03  1.2159E-03  1.2159E-03  2.3469E-04  2.3469E-04  2.3440E-04  2.3440E-04  2.2021E-04  2.2021E-04
  5.3274363533E+01  6.6253780352E-03  1.2783E-03  1.2783E-03  1.3023E-03  1.3023E-03  2.4997E-04  2.4997E-04  2.4936E-04  2.4936E-04  2.3281E-04  2.3281E-04
  5.4274363533E+01  7.0493055696E-03  1.3609E-03  1.3609E-03  1.3903E-03  1.3903E-03  2.6474E-04  2.6474E-04  2.6411E-04  2.6411E-04  2.4463E-04  2.4463E-04
  5.5274363533E+01  7.2692745519E-03  1.4052E-03  1.4052E-03  1.4354E-03  1.4354E-03  2.7130E-04  2.7130E-04  2.7091E-04  2.7091E-04  2.5183E-04  2.5183E-04
  5.6274363533E+01  7.5407578136E-03  1.4594E-03  1.4594E-03  1.4915E-03  1.4915E-03  2.7982E-04  2.7982E-04  2.7954E-04  2.7954E-04  2.6009E-04  2.6009E-04
  5.7274363533E+01  7.8473563130E-03  1.5205E-03  1.5205E-03  1.5549E-03  1.5549E-03  2.8957E-04  2.8957E-04  2.8934E-04  2.8934E-04  2.6938E-04  2.6938E-04
  5.8274363533E+01  8.2789513224E-03  1.6059E-03  1.6059E-03  1.6450E-03  1.6450E-03  3.0390E-04  3.0390E-04  3.0371E-04  3.0371E-04  2.8092E-04  2.8092E-04
  5.9274363533E+01  8.7636546999E-03  1.7017E-03  1.7017E-03  1.7486E-03  1.7486E-03  3.1997E-04  3.1997E-04  3.1991E-04  3.1991E-04  2.9169E-04  2.9169E-04
  6.0274363533E+01  9.3360204839E-03  1.8144E-03  1.8144E-03  1.8719E-03  1.8719E-03  3.3911E-04  3.3911E-04  3.3899E-04  3.3899E-04  3.0358E-04  3.0358E-04
  6.1274363533E+01  9.6281983820E-03  1.8745E-03  1.8745E-03  1.9314E-03  1.9314E-03  3.4752E-04  3.4752E-04  3.4740E-04  3.4740E-04  3.1331E-04  3.1331E-04
  6.2274363533E+01  1.0215437142E-02  1.9917E-03  1.9917E-03  2.0559E-03  2.0559E-03  3.6597E-04  3.6597E-04  3.6664E-04  3.6664E-04  3.2754E-04  3.2754E-04
  6.3274363533E+01  1.1173950549E-02  2.1802E-03  2.1802E-03  2.2683E-03  2.2683E-03  3.9826E-04  3.9826E-04  3.9927E-04  3.9927E-04  3.4097E-04  3.4097E-04
  6.4274363533E+01  1.1846753068E-02  2.3136E-03  2.3136E-03  2.4140E-03  2.4140E-03  4.1935E-04  4.1935E-04  4.2087E-04  4.2087E-04  3.5555E-04  3.5555E-04
  6.5274363533E+01  1.2267242531E-02  2.3995E-03  2.3995E-03  2.4996E-03  2.4996E-03  4.3065E-04  4.3065E-04  4.3278E-04  4.3278E-04  3.7104E-04  3.7104E-04
  6.6274363533E+01  1.2717750130E-02  2.4914E-03  2.4914E-03  2.5890E-03  2.5890E-03  4.4308E-04  4.4308E-04  4.4540E-04  4.4540E-04  3.9001E-04  3.9001E-04
  6.7274363533E+01  1.3062532970E-02  2.5637E-03  2.5637E-03  2.6554E-03  2.6554E-03  4.5092E-04  4.5092E-04  4.5367E-04  4.5367E-04  4.0758E-04  4.0758E-04
  6.8274363533E+01  1.3562040468E-02  2.6716E-03  2.6716E-03  2.7580E-03  2.7580E-03  4.5726E-04  4.5726E-04  4.6828E-04  4.6828E-04  4.2595E-04  4.2595E-04
  6.9274363533E+01  1.4159584930E-02  2.7995E-03  2.7995E-03  2.8797E-03  2.8797E-03  4.6798E-04  4.6798E-04  4.8575E-04  4.8575E-04  4.4682E-04  4.4682E-04
  7.0274363533E+01  1.4835992189E-02  2.9451E-03  2.9451E-03  3.0165E-03  3.0165E-03  4.8041E-04  4.8041E-04  5.0531E-04  5.0531E-04  4.7072E-04  4.7072E-04
  7.1274363533E+01  1.5070097289E-02  2.9991E-03  2.9991E-03  3.0608E-03  3.0608E-03  4.9003E-04  4.9003E-04  5.0671E-04  5.0671E-04  4.7841E-04  4.7841E-04
  7.2274363533E+01  1.5486247369E-02  3.0921E-03  3.0921E-03  3.1412E-03  3.1412E-03  5.0215E-04  5.0215E-04  5.1454E-04  5.1454E-04  4.9308E-04  4.9308E-04
  7.3274363533E+01  1.5993520947E-02  3.2042E-03  3.2042E-03  3.2394E-03  3.2394E-03  5.1721E-04  5.1721E-04  5.2480E-04  5.2480E-04  5.1118E-04  5.1118E-04
  7.4274363533E+01  1.6501729489E-02  3.3169E-03  3.3169E-03  3.3377E-03  3.3377E-03  5.3266E-04  5.3266E-04  5.3436E-04  5.3436E-04  5.2922E-04  5.2922E-04
  7.5274363533E+01  1.7098888610E-02  3.4448E-03  3.4448E-03  3.4538E-03  3.4538E-03  5.5445E-04  5.5445E-04  5.4564E-04  5.4564E-04  5.5070E-04  5.5070E-04
  7.6274363533E+01  1.7947236914E-02  3.6182E-03  3.6182E-03  3.6199E-03  3.6199E-03  5.8827E-04  5.8827E-04  5.6304E-04  5.6304E-04  5.8415E-04  5.8415E-04
  7.7274363533E+01  1.8265642728E-02  3.6967E-03  3.6967E-03  3.6801E-03  3.6801E-03  5.9730E-04  5.9730E-04  5.6470E-04  5.6470E-04  5.9406E-04  5.9406E-04
  7.8274363533E+01  1.8696472986E-02  3.7985E-03  3.7985E-03  3.7623E-03  3.7623E-03  6.1069E-04  6.1069E-04  5.6903E-04  5.6903E-04  6.0765E-04  6.0765E-04
  7.9274363533E+01  1.9548970650E-02  3.9740E-03  3.9740E-03  3.9350E-03  3.9350E-03  6.4319E-04  6.4319E-04  5.8434E-04  5.8434E-04  6.3797E-04  6.3797E-04
  8.0274363533E+01  2.0092261661E-02  4.0976E-03  4.0976E-03  4.0415E-03  4.0415E-03  6.6138E-04  6.6138E-04  5.9060E-04  5.9060E-04  6.5511E-04  6.5511E-04
  8.1274363533E+01  2.0626667001E-02  4.2257E-03  4.2257E-03  4.1426E-03  4.1426E-03  6.7851E-04  6.7851E-04  5.9599E-04  5.9599E-04  6.7053E-04  6.7053E-04
  8.2274363533E+01  2.1392158079E-02  4.3964E-03  4.3964E-03  4.2901E-03  4.2901E-03  7.0684E-04  7.0684E-04  6.0615E-04  6.0615E-04  6.9664E-04  6.9664E-04
  8.3274363533E+01  2.2253101330E-02  4.5882E-03  4.5882E-03  4.4540E-03  4.4540E-03  7.3865E-04  7.3865E-04  6.1787E-04  6.1787E-04  7.2781E-04  7.2781E-04
  8.4274363533E+01  2.2779471975E-02  4.7183E-03  4.7183E-03  4.5491E-03  4.5491E-03  7.5630E-04  7.5630E-04  6.2034E-04  6.2034E-04  7.4577E-04  7.4577E-04
  8.5274363533E+01  2.2973951759E-02  4.7817E-03  4.7817E-03  4.5796E-03  4.5796E-03  7.6277E-04  7.6277E-04  6.1245E-04  6.1245E-04  7.5049E-04  7.5049E-04
  8.6274363533E+01  2.3855652730E-02  4.9787E-03  4.9787E-03  4.7514E-03  4.7514E-03  7.9660E-04  7.9660E-04  6.2180E-04  6.2180E-04  7.7941E-04  7.7941E-04
  8.7274363533E+01  2.4408865750E-02  5.1169E-03  5.1169E-03  4.8530E-03  4.8530E-03  8.1882E-04  8.1882E-04  6.2080E-04  6.2080E-04  7.9492E-04  7.9492E-04
  8.8274363533E+01  2.5446657536E-02  5.3558E-03  5.3558E-03  5.0505E-03  5.0505E-03  8.5893E-04  8.5893E-04  6.3067E-04  6.3067E-04  8.2740E-04  8.2740E-04
  8.9274363533E+01  2.6226677281E-02  5.5417E-03  5.5417E-03  5.1949E-03  5.1949E-03  8.8917E-04  8.8917E-04  6.3378E-04  6.3378E-04  8.5381E-04  8.5381E-04
  9.0274363533E+01  2.6743852605E-02  5.6716E-03  5.6716E-03  5.2897E-03  5.2897E-03  9.0962E-04  9.0962E-04  6.3120E-04  6.3120E-04  8.6974E-04  8.6974E-04
  9.1274363533E+01  2.6013109204E-02  5.5513E-03  5.5513E-03  5.1276E-03  5.1276E-03  8.7786E-04  8.7786E-04  6.0671E-04  6.0671E-04  8.4306E-04  8.4306E-04
  9.2274363533E+01  2.5383449745E-02  5.4477E-03  5.4477E-03  4.9891E-03  4.9891E-03  8.4969E-04  8.4969E-04  5.8590E-04  5.8590E-04  8.1936E-04  8.1936E-04
  9.3274363533E+01  2.4974058112E-02  5.3865E-03  5.3865E-03  4.8981E-03  4.8981E-03  8.2939E-04  8.2939E-04  5.7004E-04  5.7004E-04  8.0300E-04  8.0300E-04
  9.4274363533E+01  2.5166970027E-02  5.4525E-03  5.4525E-03  4.9249E-03  4.9249E-03  8.3248E-04  8.3248E-04  5.6544E-04  5.6544E-04  8.0819E-04  8.0819E-04
  9.5274363533E+01  2.5436948824E-02  5.5358E-03  5.5358E-03  4.9691E-03  4.9691E-03  8.3753E-04  8.3753E-04  5.6092E-04  5.6092E-04  8.1516E-04  8.1516E-04
  9.6274363533E+01  2.5932102227E-02  5.6695E-03  5.6695E-03  5.0565E-03  5.0565E-03  8.5129E-04  8.5129E-04  5.5917E-04  5.5917E-04  8.2965E-04  8.2965E-04
  9.7274363533E+01  2.6855691023E-02  5.8959E-03  5.8959E-03  5.2267E-03  5.2267E-03  8.8177E-04  8.8177E-04  5.6417E-04  5.6417E-04  8.5924E-04  8.5924E-04
  9.8274363533E+01  2.8316649424E-02  6.2435E-03  6.2435E-03  5.4965E-03  5.4965E-03  9.3282E-04  9.3282E-04  5.7675E-04  5.7675E-04  9.0880E-04  9.0880E-04
  9.9274363533E+01  3.1912963414E-02  7.0192E-03  7.0192E-03  6.2807E-03  6.2807E-03  1.0511E-03  1.0511E-03  5.9970E-04  5.9970E-04  1.0057E-03  1.0057E-03
  1.0027436353E+02  3.4554774703E-02  7.6011E-03  7.6011E-03  6.8137E-03  6.8137E-03  1.1428E-03  1.1428E-03  6.2567E-04  6.2567E-04  1.0942E-03  1.0942E-03
  1.0127436353E+02  3.7216394032E-02  8.2009E-03  8.2009E-03  7.3126E-03  7.3126E-03  1.2348E-03  1.2348E-03  6.5591E-04  6.5591E-04  1.2041E-03  1.2041E-03
  1.0227436353E+02  4.2473712038E-02  9.3522E-03  9.3522E-03  8.3466E-03  8.3466E-03  1.4286E-03  1.4286E-03  6.9568E-04  6.9568E-04  1.4137E-03  1.4137E-03
  1.0327436353E+02  4.7150078151E-02  1.0415E-02  1.0415E-02  9.2321E-03  9.2321E-03  1.5949E-03  1.5949E-03  7.3083E-04  7.3083E-04  1.6019E-03  1.6019E-03
  1.0427436353E+02  4.9018245305E-02  1.0838E-02  1.0838E-02  9.6706E-03  9.6706E-03  1.6380E-03  1.6380E-03  7.2262E-04  7.2262E-04  1.6397E-03  1.6397E-03
  1.0527436353E+02  4.8253763036E-02  1.0594E-02  1.0594E-02  9.7251E-03  9.7251E-03  1.5804E-03  1.5804E-03  6.9375E-04  6.9375E-04  1.5336E-03  1.5336E-03
  1.0627436353E+02  4.7355107271E-02  1.0307E-02  1.0307E-02  9.7137E-03  9.7137E-03  1.5388E-03  1.5388E-03  6.8323E-04  6.8323E-04  1.4345E-03  1.4345E-03
  1.0727436353E+02  5.1041538217E-02  1.0954E-02  1.0954E-02  1.0694E-02  1.0694E-02  1.6557E-03  1.6557E-03  7.3427E-04  7.3427E-04  1.4832E-03  1.4832E-03
  1.0827436353E+02  5.5353497928E-02  1.1800E-02  1.1800E-02  1.1678E-02  1.1678E-02  1.8086E-03  1.8086E-03  7.9425E-04  7.9425E-04  1.5963E-03  1.5963E-03
  1.0927436353E+02  5.5447093203E-02  1.1883E-02  1.1883E-02  1.1644E-02  1.1644E-02  1.8071E-03  1.8071E-03  7.8671E-04  7.8671E-04  1.6031E-03  1.6031E-03
  1.1027436353E+02  5.5296597561E-02  1.1913E-02  1.1913E-02  1.1579E-02  1.1579E-02  1.7979E-03  1.7979E-03  7.7158E-04  7.7158E-04  1.5872E-03  1.5872E-03
  1.1127436353E+02  5.5419349754E-02  1.2013E-02  1.2013E-02  1.1562E-02  1.1562E-02  1.7942E-03  1.7942E-03  7.6262E-04  7.6262E-04  1.5779E-03  1.5779E-03
  1.1227436353E+02  5.6922511748E-02  1.2406E-02  1.2406E-02  1.1817E-02  1.1817E-02  1.8458E-03  1.8458E-03  7.7467E-04  7.7467E-04  1.6175E-03  1.6175E-03
  1.1327436353E+02  5.9426639431E-02  1.3060E-02  1.3060E-02  1.2217E-02  1.2217E-02  1.9384E-03  1.9384E-03  8.0076E-04  8.0076E-04  1.6973E-03  1.6973E-03
  1.1427436353E+02  6.5052891895E-02  1.4421E-02  1.4421E-02  1.3203E-02  1.3203E-02  2.1628E-03  2.1628E-03  8.5944E-04  8.5944E-04  1.8799E-03  1.8799E-03
  1.1527436353E+02  7.0833639714E-02  1.5927E-02  1.5927E-02  1.4213E-02  1.4213E-02  2.3588E-03  2.3588E-03  9.0327E-04  9.0327E-04  2.0147E-03  2.0147E-03
  1.1627436353E+02  7.1402214384E-02  1.5998E-02  1.5998E-02  1.4396E-02  1.4396E-02  2.3606E-03  2.3606E-03  9.1778E-04  9.1778E-04  2.0288E-03  2.0288E-03
  1.1727436353E+02  7.5777518823E-02  1.6984E-02  1.6984E-02  1.5308E-02  1.5308E-02  2.4842E-03  2.4842E-03  9.7377E-04  9.7377E-04  2.1389E-03  2.1389E-03
  1.1827436353E+02  7.6623373713E-02  1.7130E-02  1.7130E-02  1.5487E-02  1.5487E-02  2.5151E-03  2.5151E-03  9.9984E-04  9.9984E-04  2.1792E-03  2.1792E-03
  1.1927436353E+02  7.7768160718E-02  1.7365E-02  1.7365E-02  1.5646E-02  1.5646E-02  2.5812E-03  2.5812E-03  1.0451E-03  1.0451E-03  2.2464E-03  2.2464E-03
  1.2027436353E+02  7.7030010422E-02  1.7202E-02  1.7202E-02  1.5290E-02  1.5290E-02  2.6372E-03  2.6372E-03  1.0968E-03  1.0968E-03  2.2889E-03  2.2889E-03
  1.2127436353E+02  7.3884746337E-02  1.6475E-02  1.6475E-02  1.4452E-02  1.4452E-02  2.6353E-03  2.6353E-03  1.0921E-03  1.0921E-03  2.2879E-03  2.2879E-03
  1.2227436353E+02  6.9193021492E-02  1.5465E-02  1.5465E-02  1.3238E-02  1.3238E-02  2.5888E-03  2.5888E-03  1.0407E-03  1.0407E-03  2.2634E-03  2.2634E-03
  1.2327436353E+02  6.7292652656E-02  1.5255E-02  1.5255E-02  1.2503E-02  1.2503E-02  2.5713E-03  2.5713E-03  1.0262E-03  1.0262E-03  2.2917E-03  2.2917E-03
  1.2427436353E+02  6.7097075083E-02  1.5687E-02  1.5687E-02  1.1924E-02  1.1924E-02  2.5941E-03  2.5941E-03  9.8941E-04  9.8941E-04  2.3542E-03  2.3542E-03
  1.2527436353E+02  6.6369583354E-02  1.5807E-02  1.5807E-02  1.1364E-02  1.1364E-02  2.6073E-03  2.6073E-03  9.3837E-04  9.3837E-04  2.4689E-03  2.4689E-03
  1.2627436353E+02  6.8052221741E-02  1.6911E-02  1.6911E-02  1.0937E-02  1.0937E-02  2.6017E-03  2.6017E-03  9.2387E-04  9.2387E-04  2.6519E-03  2.6519E-03
  1.2727436353E+02  6.6498065804E-02  1.6535E-02  1.6535E-02  1.0558E-02  1.0558E-02  2.5638E-03  2.5638E-03  9.0353E-04  9.0353E-04  2.6896E-03  2.6896E-03
  1.2827436353E+02  6.6671603609E-02  1.6656E-02  1.6656E-02  1.0481E-02  1.0481E-02  2.5754E-03  2.5754E-03  8.9886E-04  8.9886E-04  2.7247E-03  2.7247E-03
  1.2927436353E+02  6.4660133498E-02  1.6148E-02  1.6148E-02  1.0096E-02  1.0096E-02  2.5386E-03  2.5386E-03  8.8488E-04  8.8488E-04  2.6626E-03  2.6626E-03
  1.3027436353E+02  6.4176672712E-02  1.6005E-02  1.6005E-02  1.0014E-02  1.0014E-02  2.5448E-03  2.5448E-03  8.7600E-04  8.7600E-04  2.6486E-03  2.6486E-03
  1.3127436353E+02  6.2503792998E-02  1.5611E-02  1.5611E-02  9.6746E-03  9.6746E-03  2.5180E-03  2.5180E-03  8.5408E-04  8.5408E-04  2.5938E-03  2.5938E-03
  1.3227436353E+02  6.0663392128E-02  1.5124E-02  1.5124E-02  9.3764E-03  9.3764E-03  2.4946E-03  2.4946E-03  8.2604E-04  8.2604E-04  2.5104E-03  2.5104E-03
  1.3327436353E+02  5.8691998750E-02  1.4512E-02  1.4512E-02  9.1405E-03  9.1405E-03  2.4573E-03  2.4573E-03  7.9973E-04  7.9973E-04  2.4361E-03  2.4361E-03
  1.3427436353E+02  5.4970189343E-02  1.3235E-02  1.3235E-02  8.9136E-03  8.9136E-03  2.2459E-03  2.2459E-03  7.6359E-04  7.6359E-04  2.3269E-03  2.3269E-03
  1.3527436353E+02  5.4813550265E-02  1.3027E-02  1.3027E-02  9.0501E-03  9.0501E-03  2.2297E-03  2.2297E-03  7.6003E-04  7.6003E-04  2.3399E-03  2.3399E-03
  1.3627436353E+02  5.6607416581E-02  1.3073E-02  1.3073E-02  9.5337E-03  9.5337E-03  2.3832E-03  2.3832E-03  8.0275E-04  8.0275E-04  2.5110E-03  2.5110E-03
  1.3727436353E+02  5.8121733514E-02  1.3011E-02  1.3011E-02  1.0073E-02  1.0073E-02  2.4878E-03  2.4878E-03  8.3595E-04  8.3595E-04  2.6532E-03  2.6532E-03
  1.3827436353E+02  6.0371000475E-02  1.3057E-02  1.3057E-02  1.0872E-02  1.0872E-02  2.5891E-03  2.5891E-03  8.7804E-04  8.7804E-04  2.7888E-03  2.7888E-03
  1.3927436353E+02  6.3947698750E-02  1.3536E-02  1.3536E-02  1.1999E-02  1.1999E-02  2.6648E-03  2.6648E-03  9.2205E-04  9.2205E-04  2.8512E-03  2.8512E-03
  1.4027436353E+02  6.7304466692E-02  1.3791E-02  1.3791E-02  1.3200E-02  1.3200E-02  2.7846E-03  2.7846E-03  9.7130E-04  9.7130E-04  2.9051E-03  2.9051E-03
  1.4127436353E+02  6.8326145065E-02  1.3510E-02  1.3510E-02  1.4216E-02  1.4216E-02  2.7422E-03  2.7422E-03  9.7477E-04  9.7477E-04  2.7200E-03  2.7200E-03
  1.4227436353E+02  7.0338240021E-02  1.3494E-02  1.3494E-02  1.5167E-02  1.5167E-02  2.7898E-03  2.7898E-03  9.7455E-04  9.7455E-04  2.7445E-03  2.7445E-03
  1.4327436353E+02  7.1767334695E-02  1.3316E-02  1.3316E-02  1.5967E-02  1.5967E-02  2.8554E-03  2.8554E-03  9.6349E-04  9.6349E-04  2.7822E-03  2.7822E-03
  1.4427436353E+02  7.3994928310E-02  1.3431E-02  1.3431E-02  1.6775E-02  1.6775E-02  2.9576E-03  2.9576E-03  9.6137E-04  9.6137E-04  2.8731E-03  2.8731E-03
  1.4527436353E+02  6.9406312982E-02  1.2016E-02  1.2016E-02  1.6342E-02  1.6342E-02  2.7089E-03  2.7089E-03  8.8858E-04  8.8858E-04  2.7481E-03  2.7481E-03
  1.4627436353E+02  7.3365779829E-02  1.2258E-02  1.2258E-02  1.7740E-02  1.7740E-02  2.8836E-03  2.8836E-03  9.0127E-04  9.0127E-04  2.8996E-03  2.8996E-03
  1.4727436353E+02  7.9956189822E-02  1.3238E-02  1.3238E-02  1.9445E-02  1.9445E-02  3.1528E-03  3.1528E-03  9.4512E-04  9.4512E-04  3.1972E-03  3.1972E-03
  1.4827436353E+02  7.8443399658E-02  1.3551E-02  1.3551E-02  1.8033E-02  1.8033E-02  3.2536E-03  3.2536E-03  9.4808E-04  9.4808E-04  3.4360E-03  3.4360E-03
  1.4927436353E+02  8.2455827364E-02  1.4530E-02  1.4530E-02  1.8342E-02  1.8342E-02  3.5318E-03  3.5318E-03  9.7710E-04  9.7710E-04  3.8466E-03  3.8466E-03
  1.5027436353E+02  8.4542963704E-02  1.4564E-02  1.4564E-02  1.9135E-02  1.9135E-02  3.5912E-03  3.5912E-03  9.6883E-04  9.6883E-04  4.0126E-03  4.0126E-03
  1.5127436353E+02  8.6753586495E-02  1.4358E-02  1.4358E-02  2.0453E-02  2.0453E-02  3.5663E-03  3.5663E-03  9.5519E-04  9.5519E-04  4.0447E-03  4.0447E-03
  1.5227436353E+02  8.1687337570E-02  1.3610E-02  1.3610E-02  1.9039E-02  1.9039E-02  3.3890E-03  3.3890E-03  9.0791E-04  9.0791E-04  3.8979E-03  3.8979E-03
  1.5327436353E+02  7.2634572000E-02  1.2569E-02  1.2569E-02  1.6089E-02  1.6089E-02  3.1150E-03  3.1150E-03  8.4660E-04  8.4660E-04  3.6981E-03  3.6981E-03
  1.5427436353E+02  6.7460064568E-02  1.1733E-02  1.1733E-02  1.4716E-02  1.4716E-02  2.8793E-03  2.8793E-03  8.0312E-04  8.0312E-04  3.5988E-03  3.5988E-03
  1.5527436353E+02  6.6201757691E-02  1.1559E-02  1.1559E-02  1.3914E-02  1.3914E-02  2.9624E-03  2.9624E-03  7.9396E-04  7.9396E-04  3.8712E-03  3.8712E-03
  1.5627436353E+02  6.6096177960E-02  1.1633E-02  1.1633E-02  1.3781E-02  1.3781E-02  2.8903E-03  2.8903E-03  8.0849E-04  8.0849E-04  3.9360E-03  3.9360E-03
  1.5727436353E+02  6.5421603643E-02  1.1409E-02  1.1409E-02  1.3630E-02  1.3630E-02  2.8297E-03  2.8297E-03  7.9981E-04  7.9981E-04  4.0423E-03  4.0423E-03
  1.5827436353E+02  6.3910438982E-02  1.0815E-02  1.0815E-02  1.3435E-02  1.3435E-02  2.7409E-03  2.7409E-03  7.8386E-04  7.8386E-04  4.1799E-03  4.1799E-03
  1.5927436353E+02  6.3313882583E-02  1.0468E-02  1.0468E-02  1.3295E-02  1.3295E-02  2.6021E-03  2.6021E-03  7.5231E-04  7.5231E-04  4.5398E-03  4.5398E-03
  1.6027436353E+02  6.2785270042E-02  9.9965E-03  9.9965E-03  1.3046E-02  1.3046E-02  2.5029E-03  2.5029E-03  7.3489E-04  7.3489E-04  5.1120E-03  5.1120E-03
  1.6127436353E+02  6.4502640684E-02  1.0182E-02  1.0182E-02  1.3128E-02  1.3128E-02  2.4952E-03  2.4952E-03  7.5911E-04  7.5911E-04  5.6865E-03  5.6865E-03
  1.6227436353E+02  5.9555781286E-02  9.5104E-03  9.5104E-03  1.1923E-02  1.1923E-02  2.3221E-03  2.3221E-03  7.0499E-04  7.0499E-04  5.3171E-03  5.3171E-03
  1.6327436353E+02  5.5322052216E-02  9.1190E-03  9.1190E-03  1.1081E-02  1.1081E-02  2.1979E-03  2.1979E-03  6.7309E-04  6.7309E-04  4.5905E-03  4.5905E-03
  1.6427436353E+02  5.4205259250E-02  9.0330E-03  9.0330E-03  1.0787E-02  1.0787E-02  2.1464E-03  2.1464E-03  6.6724E-04  6.6724E-04  4.4690E-03  4.4690E-03
  1.6527436353E+02  6.5377885671E-02  9.5776E-03  9.5776E-03  1.1562E-02  1.1562E-02  2.2502E-03  2.2502E-03  7.0780E-04  7.0780E-04  8.5916E-03  8.5916E-03
  1.6627436353E+02  7.5702834021E-02  1.0483E-02  1.0483E-02  1.2498E-02  1.2498E-02  2.3608E-03  2.3608E-03  7.4198E-04  7.4198E-04  1.1768E-02  1.1768E-02
  1.6727436353E+02  7.8489767170E-02  1.1064E-02  1.1064E-02  1.3051E-02  1.3051E-02  2.4869E-03  2.4869E-03  7.7400E-04  7.7400E-04  1.1869E-02  1.1869E-02
  1.6827436353E+02  7.6856301611E-02  1.1449E-02  1.1449E-02  1.3645E-02  1.3645E-02  2.5678E-03  2.5678E-03  8.0966E-04  8.0966E-04  9.9567E-03  9.9567E-03
  1.6927436353E+02  7.5650237588E-02  1.1707E-02  1.1707E-02  1.3982E-02  1.3982E-02  2.5833E-03  2.5833E-03  8.2841E-04  8.2841E-04  8.7244E-03  8.7244E-03
  1.7027436353E+02  7.6700021405E-02  1.2140E-02  1.2140E-02  1.4427E-02  1.4427E-02  2.6328E-03  2.6328E-03  8.5442E-04  8.5442E-04  8.2954E-03  8.2954E-03
  1.7127436353E+02  7.9733088055E-02  1.2953E-02  1.2953E-02  1.5095E-02  1.5095E-02  2.7125E-03  2.7125E-03  8.8955E-04  8.8955E-04  8.2171E-03  8.2171E-03
  1.7227436353E+02  8.0526715026E-02  1.3376E-02  1.3376E-02  1.5036E-02  1.5036E-02  2.7243E-03  2.7243E-03  8.9434E-04  8.9434E-04  8.2333E-03  8.2333E-03
  1.7327436353E+02  7.9383232755E-02  1.3518E-02  1.3518E-02  1.4697E-02  1.4697E-02  2.6945E-03  2.6945E-03  8.9567E-04  8.9567E-04  7.8863E-03  7.8863E-03
  1.7427436353E+02  7.6855909133E-02  1.3202E-02  1.3202E-02  1.4403E-02  1.4403E-02  2.6483E-03  2.6483E-03  8.7317E-04  8.7317E-04  7.3011E-03  7.3011E-03
  1.7527436353E+02  7.4501658171E-02  1.2766E-02  1.2766E-02  1.4115E-02  1.4115E-02  2.5963E-03  2.5963E-03  8.4496E-04  8.4496E-04  6.9285E-03  6.9285E-03
  1.7627436353E+02  7.2702357794E-02  1.2562E-02  1.2562E-02  1.3875E-02  1.3875E-02  2.5533E-03  2.5533E-03  8.3303E-04  8.3303E-04  6.5280E-03  6.5280E-03
  1.7727436353E+02  7.3457535645E-02  1.2959E-02  1.2959E-02  1.4050E-02  1.4050E-02  2.5566E-03  2.5566E-03  8.5529E-04  8.5529E-04  6.3081E-03  6.3081E-03
  1.7827436353E+02  7.5497068211E-02  1.3876E-02  1.3876E-02  1.4397E-02  1.4397E-02  2.5307E-03  2.5307E-03  9.2602E-04  9.2602E-04  6.0186E-03  6.0186E-03
  1.7927436353E+02  8.1571179862E-02  1.5560E-02  1.5560E-02  1.5357E-02  1.5357E-02  2.7408E-03  2.7408E-03  1.0261E-03  1.0261E-03  6.1021E-03  6.1021E-03
  1.8027436353E+02  9.3690341633E-02  1.9516E-02  1.9516E-02  1.6739E-02  1.6739E-02  3.1311E-03  3.1311E-03  1.2698E-03  1.2698E-03  6.1898E-03  6.1898E-03
  1.8127436353E+02  1.0367645054E-01  2.2878E-02  2.2878E-02  1.7791E-02  1.7791E-02  3.4057E-03  3.4057E-03  1.5257E-03  1.5257E-03  6.2379E-03  6.2379E-03
  1.8227436353E+02  1.0093664385E-01  2.1953E-02  2.1953E-02  1.6951E-02  1.6951E-02  3.3531E-03  3.3531E-03  1.5075E-03  1.5075E-03  6.7038E-03  6.7038E-03
  1.8327436353E+02  9.4698974295E-02  1.9397E-02  1.9397E-02  1.5591E-02  1.5591E-02  3.1697E-03  3.1697E-03  1.3099E-03  1.3099E-03  7.8817E-03  7.8817E-03
  1.8427436353E+02  7.8589410329E-02  1.4154E-02  1.4154E-02  1.3481E-02  1.3481E-02  2.7940E-03  2.7940E-03  9.2280E-04  9.2280E-04  7.9426E-03  7.9426E-03
  1.8527436353E+02  6.8460431392E-02  1.1817E-02  1.1817E-02  1.1790E-02  1.1790E-02  2.5617E-03  2.5617E-03  7.7926E-04  7.7926E-04  7.2828E-03  7.2828E-03
  1.8627436353E+02  5.9541451868E-02  9.8196E-03  9.8196E-03  1.0483E-02  1.0483E-02  2.2590E-03  2.2590E-03  6.9660E-04  6.9660E-04  6.5123E-03  6.5123E-03
  1.8727436353E+02  5.4509296584E-02  8.4999E-03  8.4999E-03  9.8827E-03  9.8827E-03  2.1172E-03  2.1172E-03  6.4188E-04  6.4188E-04  6.1131E-03  6.1131E-03
  1.8827436353E+02  5.0430595326E-02  7.4720E-03  7.4720E-03  9.4360E-03  9.4360E-03  2.0001E-03  2.0001E-03  5.9355E-04  5.9355E-04  5.7136E-03  5.7136E-03
  1.8927436353E+02  4.8888799568E-02  6.9980E-03  6.9980E-03  9.5067E-03  9.5067E-03  1.9850E-03  1.9850E-03  5.7461E-04  5.7461E-04  5.3801E-03  5.3801E-03
  1.9027436353E+02  5.2135387737E-02  7.4501E-03  7.4501E-03  1.0577E-02  1.0577E-02  2.1766E-03  2.1766E-03  6.0644E-04  6.0644E-04  5.2580E-03  5.2580E-03
  1.9127436353E+02  5.5681926721E-02  8.2695E-03  8.2695E-03  1.1067E-02  1.1067E-02  2.4282E-03  2.4282E-03  6.4464E-04  6.4464E-04  5.4316E-03  5.4316E-03
  1.9227436353E+02  6.2788309305E-02  9.7440E-03  9.7440E-03  1.2211E-02  1.2211E-02  2.8782E-03  2.8782E-03  7.1185E-04  7.1185E-04  5.8496E-03  5.8496E-03
  1.9327436353E+02  7.0405745935E-02  1.1235E-02  1.1235E-02  1.3336E-02  1.3336E-02  3.4143E-03  3.4143E-03  7.8137E-04  7.8137E-04  6.4367E-03  6.4367E-03
  1.9427436353E+02  6.3461967158E-02  9.9402E-03  9.9402E-03  1.1041E-02  1.1041E-02  3.0990E-03  3.0990E-03  7.6630E-04  7.6630E-04  6.8845E-03  6.8845E-03
  1.9527436353E+02  5.7835573463E-02  8.9029E-03  8.9029E-03  9.6588E-03  9.6588E-03  2.9642E-03  2.9642E-03  7.1285E-04  7.1285E-04  6.6789E-03  6.6789E-03
  1.9627436353E+02  5.1728316541E-02  8.1695E-03  8.1695E-03  8.5173E-03  8.5173E-03  2.7765E-03  2.7765E-03  6.6259E-04  6.6259E-04  5.7383E-03  5.7383E-03
  1.9727436353E+02  4.7949086773E-02  7.7210E-03  7.7210E-03  7.8192E-03  7.8192E-03  2.6673E-03  2.6673E-03  6.2410E-04  6.2410E-04  5.1429E-03  5.1429E-03
  1.9827436353E+02  4.3232028890E-02  7.0137E-03  7.0137E-03  7.0696E-03  7.0696E-03  2.5019E-03  2.5019E-03  5.6872E-04  5.6872E-04  4.4621E-03  4.4621E-03
  1.9927436353E+02  4.1011295865E-02  6.7909E-03  6.7909E-03  6.8031E-03  6.8031E-03  2.3998E-03  2.3998E-03  5.4755E-04  5.4755E-04  3.9642E-03  3.9642E-03
  2.0027436353E+02  3.9219196234E-02  6.6669E-03  6.6669E-03  6.7184E-03  6.7184E-03  2.2240E-03  2.2240E-03  5.4223E-04  5.4223E-04  3.4581E-03  3.4581E-03
  2.0127436353E+02  3.8529173996E-02  6.6927E-03  6.6927E-03  6.7128E-03  6.7128E-03  2.1219E-03  2.1219E-03  5.4560E-04  5.4560E-04  3.1916E-03  3.1916E-03
  2.0227436353E+02  4.0487452652E-02  7.1540E-03  7.1540E-03  7.1523E-03  7.1523E-03  2.1717E-03  2.1717E-03  5.7766E-04  5.7766E-04  3.1881E-03  3.1881E-03
  2.0327436353E+02  4.4121397217E-02  7.8833E-03  7.8833E-03  7.8262E-03  7.8262E-03  2.2810E-03  2.2810E-03  6.3459E-04  6.3459E-04  3.4356E-03  3.4356E-03
  2.0427436353E+02  4.7845967507E-02  8.5477E-03  8.5477E-03  8.4315E-03  8.4315E-03  2.3935E-03  2.3935E-03  6.8893E-04  6.8893E-04  3.8614E-03  3.8614E-03
  2.0527436353E+02  5.0752884169E-02  9.0425E-03  9.0425E-03  8.8976E-03  8.8976E-03  2.5049E-03  2.5049E-03  7.3816E-04  7.3816E-04  4.1933E-03  4.1933E-03
  2.0627436353E+02  5.3536094490E-02  9.3850E-03  9.3850E-03  9.3505E-03  9.3505E-03  2.6342E-03  2.6342E-03  7.7737E-04  7.7737E-04  4.6210E-03  4.6210E-03
  2.0727436353E+02  5.3335271856E-02  9.1720E-03  9.1720E-03  9.2761E-03  9.2761E-03  2.6756E-03  2.6756E-03  7.6474E-04  7.6474E-04  4.7792E-03  4.7792E-03
  2.0827436353E+02  5.1663468294E-02  8.7160E-03  8.7160E-03  9.0021E-03  9.0021E-03  2.6680E-03  2.6680E-03  7.3274E-04  7.3274E-04  4.7128E-03  4.7128E-03
  2.0927436353E+02  4.6257390116E-02  7.7181E-03  7.7181E-03  8.1036E-03  8.1036E-03  2.4568E-03  2.4568E-03  6.5651E-04  6.5651E-04  4.1936E-03  4.1936E-03
  2.1027436353E+02  4.2924642985E-02  7.2026E-03  7.2026E-03  7.5223E-03  7.5223E-03  2.3938E-03  2.3938E-03  6.2588E-04  6.2588E-04  3.7176E-03  3.7176E-03
  2.1127436353E+02  4.1873220428E-02  7.0971E-03  7.0971E-03  7.2188E-03  7.2188E-03  2.4518E-03  2.4518E-03  6.3041E-04  6.3041E-04  3.5385E-03  3.5385E-03
  2.1227436353E+02  4.1588359580E-02  7.1930E-03  7.1930E-03  6.9722E-03  6.9722E-03  2.5345E-03  2.5345E-03  6.4406E-04  6.4406E-04  3.4503E-03  3.4503E-03
  2.1327436353E+02  4.1339388753E-02  7.1805E-03  7.1805E-03  6.8694E-03  6.8694E-03  2.5067E-03  2.5067E-03  6.4400E-04  6.4400E-04  3.4692E-03  3.4692E-03
  2.1427436353E+02  4.2459058493E-02  7.6049E-03  7.6049E-03  6.8560E-03  6.8560E-03  2.5612E-03  2.5612E-03  6.7620E-04  6.7620E-04  3.5312E-03  3.5312E-03
  2.1527436353E+02  4.3809716348E-02  8.0536E-03  8.0536E-03  6.9228E-03  6.9228E-03  2.5922E-03  2.5922E-03  7.0979E-04  7.0979E-04  3.6264E-03  3.6264E-03
  2.1627436353E+02  4.6195814582E-02  8.8096E-03  8.8096E-03  7.0184E-03  7.0184E-03  2.7056E-03  2.7056E-03  7.5309E-04  7.5309E-04  3.8112E-03  3.8112E-03
  2.1727436353E+02  4.8318530809E-02  9.3469E-03  9.3469E-03  7.2134E-03  7.2134E-03  2.8345E-03  2.8345E-03  8.0288E-04  8.0288E-04  3.9616E-03  3.9616E-03
  2.1827436353E+02  4.7789545340E-02  9.1419E-03  9.1419E-03  7.2696E-03  7.2696E-03  2.6933E-03  2.6933E-03  8.0834E-04  8.0834E-04  3.9816E-03  3.9816E-03
  2.1927436353E+02  4.8375201115E-02  9.2503E-03  9.2503E-03  7.3610E-03  7.3610E-03  2.6630E-03  2.6630E-03  8.2917E-04  8.2917E-04  4.0842E-03  4.0842E-03
  2.2027436353E+02  4.9164754422E-02  9.3961E-03  9.3961E-03  7.4781E-03  7.4781E-03  2.6465E-03  2.6465E-03  8.4746E-04  8.4746E-04  4.2142E-03  4.2142E-03
  2.2127436353E+02  5.0128416765E-02  9.5300E-03  9.5300E-03  7.6131E-03  7.6131E-03  2.6644E-03  2.6644E-03  8.5817E-04  8.5817E-04  4.3985E-03  4.3985E-03
  2.2227436353E+02  5.1056989843E-02  9.6076E-03  9.6076E-03  7.7415E-03  7.7415E-03  2.6624E-03  2.6624E-03  8.6828E-04  8.6828E-04  4.6488E-03  4.6488E-03
  2.2327436353E+02  5.1832512831E-02  9.6601E-03  9.6601E-03  7.8455E-03  7.8455E-03  2.6504E-03  2.6504E-03  8.6924E-04  8.6924E-04  4.8910E-03  4.8910E-03
  2.2427436353E+02  5.1631046905E-02  9.6284E-03  9.6284E-03  7.8572E-03  7.8572E-03  2.6266E-03  2.6266E-03  8.5572E-04  8.5572E-04  4.8476E-03  4.8476E-03
  2.2527436353E+02  5.1657886610E-02  9.6171E-03  9.6171E-03  7.8954E-03  7.8954E-03  2.6521E-03  2.6521E-03  8.5614E-04  8.5614E-04  4.8081E-03  4.8081E-03
  2.2627436353E+02  5.2117231721E-02  9.6256E-03  9.6256E-03  8.0053E-03  8.0053E-03  2.7028E-03  2.7028E-03  8.6892E-04  8.6892E-04  4.8561E-03  4.8561E-03
  2.2727436353E+02  5.0720369629E-02  9.2742E-03  9.2742E-03  7.7996E-03  7.7996E-03  2.6565E-03  2.6565E-03  8.4340E-04  8.4340E-04  4.7865E-03  4.7865E-03
  2.2827436353E+02  4.8333953854E-02  8.6924E-03  8.6924E-03  7.4507E-03  7.4507E-03  2.5635E-03  2.5635E-03  7.8079E-04  7.8079E-04  4.6796E-03  4.6796E-03
  2.2927436353E+02  4.6498230528E-02  8.2250E-03  8.2250E-03  7.1980E-03  7.1980E-03  2.5189E-03  2.5189E-03  7.3291E-04  7.3291E-04  4.5744E-03  4.5744E-03
  2.3027436353E+02  4.5598914203E-02  7.8962E-03  7.8962E-03  7.0896E-03  7.0896E-03  2.5595E-03  2.5595E-03  7.0053E-04  7.0053E-04  4.5537E-03  4.5537E-03
  2.3127436353E+02  4.4755317021E-02  7.5904E-03  7.5904E-03  6.9899E-03  6.9899E-03  2.5855E-03  2.5855E-03  6.8597E-04  6.8597E-04  4.5259E-03  4.5259E-03
  2.3227436353E+02  4.4536433071E-02  7.4451E-03  7.4451E-03  6.9840E-03  6.9840E-03  2.5252E-03  2.5252E-03  7.2323E-04  7.2323E-04  4.5907E-03  4.5907E-03
  2.3327436353E+02  4.5544836771E-02  7.3505E-03  7.3505E-03  6.9935E-03  6.9935E-03  2.5252E-03  2.5252E-03  7.5177E-04  7.5177E-04  5.1515E-03  5.1515E-03
  2.3427436353E+02  4.5775703742E-02  7.1512E-03  7.1512E-03  6.9788E-03  6.9788E-03  2.5113E-03  2.5113E-03  7.4478E-04  7.4478E-04  5.5018E-03  5.5018E-03
  2.3527436353E+02  4.6449216701E-02  6.9830E-03  6.9830E-03  7.0934E-03  7.0934E-03  2.5476E-03  2.5476E-03  7.1066E-04  7.1066E-04  5.8899E-03  5.8899E-03
  2.3627436353E+02  4.8243608850E-02  7.0075E-03  7.0075E-03  7.3299E-03  7.3299E-03  2.6728E-03  2.6728E-03  7.2834E-04  7.2834E-04  6.3834E-03  6.3834E-03
  2.3727436353E+02  5.0594712199E-02  7.1714E-03  7.1714E-03  7.6465E-03  7.6465E-03  3.0670E-03  3.0670E-03  7.8367E-04  7.8367E-04  6.6287E-03  6.6287E-03
  2.3827436353E+02  4.8660538714E-02  7.0436E-03  7.0436E-03  7.5694E-03  7.5694E-03  3.3237E-03  3.3237E-03  7.8889E-04  7.8889E-04  5.6047E-03  5.6047E-03
  2.3927436353E+02  4.4344933582E-02  6.5739E-03  6.5739E-03  7.0478E-03  7.0478E-03  3.3460E-03  3.3460E-03  7.3513E-04  7.3513E-04  4.4697E-03  4.4697E-03
  2.4027436353E+02  4.1900184780E-02  6.3296E-03  6.3296E-03  6.7831E-03  6.7831E-03  3.4410E-03  3.4410E-03  7.3462E-04  7.3462E-04  3.6617E-03  3.6617E-03
  2.4127436353E+02  3.8620526768E-02  6.0156E-03  6.0156E-03  6.4184E-03  6.4184E-03  3.3540E-03  3.3540E-03  7.3641E-04  7.3641E-04  2.7858E-03  2.7858E-03
  2.4227436353E+02  3.4939714133E-02  5.5165E-03  5.5165E-03  5.8559E-03  5.8559E-03  3.1138E-03  3.1138E-03  7.3038E-04  7.3038E-04  2.2532E-03  2.2532E-03
  2.4327436353E+02  3.1885236362E-02  5.0460E-03  5.0460E-03  5.2965E-03  5.2965E-03  2.8343E-03  2.8343E-03  7.0439E-04  7.0439E-04  2.0614E-03  2.0614E-03
  2.4427436353E+02  3.2574901825E-02  5.1250E-03  5.1250E-03  5.3199E-03  5.3199E-03  2.9588E-03  2.9588E-03  7.4086E-04  7.4086E-04  2.1429E-03  2.1429E-03
  2.4527436353E+02  3.3523642218E-02  5.2767E-03  5.2767E-03  5.4071E-03  5.4071E-03  2.9855E-03  2.9855E-03  8.1305E-04  8.1305E-04  2.2794E-03  2.2794E-03
  2.4627436353E+02  3.7144986240E-02  5.9725E-03  5.9725E-03  6.0214E-03  6.0214E-03  3.1497E-03  3.1497E-03  9.4120E-04  9.4120E-04  2.4877E-03  2.4877E-03
  2.4727436353E+02  3.9578346756E-02  6.3351E-03  6.3351E-03  6.3510E-03  6.3510E-03  3.3756E-03  3.3756E-03  1.0460E-03  1.0460E-03  2.6814E-03  2.6814E-03
  2.4827436353E+02  4.1562702695E-02  6.6660E-03  6.6660E-03  6.6898E-03  6.6898E-03  3.5570E-03  3.5570E-03  1.0818E-03  1.0818E-03  2.7867E-03  2.7867E-03
  2.4927436353E+02  4.1427365931E-02  6.5814E-03  6.5814E-03  6.6669E-03  6.6669E-03  3.5773E-03  3.5773E-03  1.0513E-03  1.0513E-03  2.8367E-03  2.8367E-03
  2.5027436353E+02  4.2855494785E-02  6.8160E-03  6.8160E-03  6.9068E-03  6.9068E-03  3.7439E-03  3.7439E-03  1.0594E-03  1.0594E-03  2.9016E-03  2.9016E-03
  2.5127436353E+02  4.3340163661E-02  6.8610E-03  6.8610E-03  6.9839E-03  6.9839E-03  3.8347E-03  3.8347E-03  1.0372E-03  1.0372E-03  2.9532E-03  2.9532E-03
  2.5227436353E+02  4.3630757646E-02  6.8616E-03  6.8616E-03  6.9931E-03  6.9931E-03  3.8694E-03  3.8694E-03  1.0187E-03  1.0187E-03  3.0727E-03  3.0727E-03
  2.5327436353E+02  4.3137461577E-02  6.6331E-03  6.6331E-03  6.8783E-03  6.8783E-03  3.9288E-03  3.9288E-03  1.0003E-03  1.0003E-03  3.1282E-03  3.1282E-03
  2.5427436353E+02  4.2529792713E-02  6.3780E-03  6.3780E-03  6.7703E-03  6.7703E-03  4.0296E-03  4.0296E-03  9.7829E-04  9.7829E-04  3.1087E-03  3.1087E-03
  2.5527436353E+02  4.2260233011E-02  6.2267E-03  6.2267E-03  6.7207E-03  6.7207E-03  4.1803E-03  4.1803E-03  9.6769E-04  9.6769E-04  3.0348E-03  3.0348E-03
  2.5627436353E+02  4.2579952051E-02  6.1915E-03  6.1915E-03  6.7775E-03  6.7775E-03  4.3744E-03  4.3744E-03  9.6797E-04  9.6797E-04  2.9786E-03  2.9786E-03
  2.5727436353E+02  4.4168870433E-02  6.2767E-03  6.2767E-03  7.0619E-03  7.0619E-03  4.7642E-03  4.7642E-03  9.9310E-04  9.9310E-04  2.9885E-03  2.9885E-03
  2.5827436353E+02  4.6283703795E-02  6.3412E-03  6.3412E-03  7.4203E-03  7.4203E-03  5.3119E-03  5.3119E-03  1.0188E-03  1.0188E-03  3.0496E-03  3.0496E-03
  2.5927436353E+02  4.7641391172E-02  6.2333E-03  6.2333E-03  7.5860E-03  7.5860E-03  5.8387E-03  5.8387E-03  1.0210E-03  1.0210E-03  3.1416E-03  3.1416E-03
  2.6027436353E+02  4.9675805899E-02  6.1960E-03  6.1960E-03  7.8374E-03  7.8374E-03  6.4876E-03  6.4876E-03  1.0292E-03  1.0292E-03  3.2878E-03  3.2878E-03
  2.6127436353E+02  5.5585509624E-02  6.4578E-03  6.4578E-03  8.7338E-03  8.7338E-03  7.9212E-03  7.9212E-03  1.0818E-03  1.0818E-03  3.5982E-03  3.5982E-03
  2.6227436353E+02  6.3121687635E-02  7.0284E-03  7.0284E-03  9.7317E-03  9.7317E-03  9.3117E-03  9.3117E-03  1.1855E-03  1.1855E-03  4.3037E-03  4.3037E-03
  2.6327436353E+02  6.0130069966E-02  6.6791E-03  6.6791E-03  8.6814E-03  8.6814E-03  8.1337E-03  8.1337E-03  1.1692E-03  1.1692E-03  5.4017E-03  5.4017E-03
  2.6427436353E+02  6.1940387103E-02  6.8107E-03  6.8107E-03  8.1229E-03  8.1229E-03  7.4303E-03  7.4303E-03  1.2233E-03  1.2233E-03  7.3830E-03  7.3830E-03
  2.6527436353E+02  5.9826207150E-02  6.6263E-03  6.6263E-03  7.8058E-03  7.8058E-03  7.1437E-03  7.1437E-03  1.2251E-03  1.2251E-03  7.1121E-03  7.1121E-03
  2.6627436353E+02  5.8324116168E-02  6.4754E-03  6.4754E-03  7.7730E-03  7.7730E-03  7.2217E-03  7.2217E-03  1.2339E-03  1.2339E-03  6.4581E-03  6.4581E-03
  2.6727436353E+02  5.9182952066E-02  6.4536E-03  6.4536E-03  7.9688E-03  7.9688E-03  7.9107E-03  7.9107E-03  1.2909E-03  1.2909E-03  5.9676E-03  5.9676E-03
  2.6827436353E+02  5.4667393721E-02  6.2319E-03  6.2319E-03  7.4368E-03  7.4368E-03  7.1062E-03  7.1062E-03  1.2460E-03  1.2460E-03  5.3126E-03  5.3126E-03
  2.6927436353E+02  5.1586015561E-02  6.0190E-03  6.0190E-03  7.0518E-03  7.0518E-03  6.7819E-03  6.7819E-03  1.2108E-03  1.2108E-03  4.7295E-03  4.7295E-03
  2.7027436353E+02  5.3095585457E-02  6.1727E-03  6.1727E-03  7.2432E-03  7.2432E-03  7.4437E-03  7.4437E-03  1.2925E-03  1.2925E-03  4.3957E-03  4.3957E-03
  2.7127436353E+02  5.0830080032E-02  6.3003E-03  6.3003E-03  6.8706E-03  6.8706E-03  6.7323E-03  6.7323E-03  1.2272E-03  1.2272E-03  4.2846E-03  4.2846E-03
  2.7227436353E+02  5.0547659680E-02  6.4707E-03  6.4707E-03  6.8322E-03  6.8322E-03  6.4642E-03  6.4642E-03  1.2202E-03  1.2202E-03  4.2865E-03  4.2865E-03
  2.7327436353E+02  4.9691570236E-02  6.7081E-03  6.7081E-03  6.6817E-03  6.6817E-03  5.9567E-03  5.9567E-03  1.2239E-03  1.2239E-03  4.2755E-03  4.2755E-03
  2.7427436353E+02  4.6859305855E-02  6.4244E-03  6.4244E-03  6.3484E-03  6.3484E-03  5.3776E-03  5.3776E-03  1.1063E-03  1.1063E-03  4.1729E-03  4.1729E-03
  2.7527436353E+02  4.7472877237E-02  6.6739E-03  6.6739E-03  6.4742E-03  6.4742E-03  5.2375E-03  5.2375E-03  1.0400E-03  1.0400E-03  4.3109E-03  4.3109E-03
  2.7627436353E+02  4.6219409489E-02  6.5272E-03  6.5272E-03  6.3371E-03  6.3371E-03  4.8374E-03  4.8374E-03  9.9558E-04  9.9558E-04  4.4124E-03  4.4124E-03
  2.7727436353E+02  4.5808206072E-02  6.4838E-03  6.4838E-03  6.2476E-03  6.2476E-03  4.5255E-03  4.5255E-03  1.0132E-03  1.0132E-03  4.6341E-03  4.6341E-03
  2.7827436353E+02  4.4911463279E-02  6.4956E-03  6.4956E-03  6.2924E-03  6.2924E-03  3.9304E-03  3.9304E-03  1.0400E-03  1.0400E-03  4.6973E-03  4.6973E-03
  2.7927436353E+02  4.1450458602E-02  6.1928E-03  6.1928E-03  6.0999E-03  6.0999E-03  3.2224E-03  3.2224E-03  1.0182E-03  1.0182E-03  4.1919E-03  4.1919E-03
  2.8027436353E+02  4.0881891594E-02  6.1651E-03  6.1651E-03  6.2198E-03  6.2198E-03  2.8467E-03  2.8467E-03  1.0424E-03  1.0424E-03  4.1669E-03  4.1669E-03
  2.8127436353E+02  3.7821246915E-02  5.5439E-03  5.5439E-03  5.9515E-03  5.9515E-03  2.4693E-03  2.4693E-03  9.5766E-04  9.5766E-04  3.9883E-03  3.9883E-03
  2.8227436353E+02  3.6367727642E-02  5.1807E-03  5.1807E-03  5.8410E-03  5.8410E-03  2.4332E-03  2.4332E-03  9.1794E-04  9.1794E-04  3.8110E-03  3.8110E-03
  2.8327436353E+02  3.4337127264E-02  4.8328E-03  4.8328E-03  5.5981E-03  5.5981E-03  2.2959E-03  2.2959E-03  8.6331E-04  8.6331E-04  3.5784E-03  3.5784E-03
  2.8427436353E+02  3.2246730063E-02  4.5312E-03  4.5312E-03  5.3472E-03  5.3472E-03  2.0940E-03  2.0940E-03  8.2754E-04  8.2754E-04  3.3234E-03  3.3234E-03
  2.8527436353E+02  3.0004394219E-02  4.2385E-03  4.2385E-03  5.0445E-03  5.0445E-03  1.8994E-03  1.8994E-03  7.7524E-04  7.7524E-04  3.0445E-03  3.0445E-03
  2.8627436353E+02  3.0822672375E-02  4.2174E-03  4.2174E-03  5.3915E-03  5.3915E-03  2.0647E-03  2.0647E-03  7.9367E-04  7.9367E-04  2.9441E-03  2.9441E-03
  2.8727436353E+02  3.1652047597E-02  4.3130E-03  4.3130E-03  5.8180E-03  5.8180E-03  1.9667E-03  1.9667E-03  8.4306E-04  8.4306E-04  2.8852E-03  2.8852E-03
  2.8827436353E+02  3.4833734183E-02  4.6060E-03  4.6060E-03  6.5548E-03  6.5548E-03  2.0805E-03  2.0805E-03  9.7875E-04  9.7875E-04  3.1969E-03  3.1969E-03
  2.8927436353E+02  3.9275337415E-02  4.9843E-03  4.9843E-03  7.3575E-03  7.3575E-03  2.5622E-03  2.5622E-03  1.0933E-03  1.0933E-03  3.6404E-03  3.6404E-03
  2.9027436353E+02  4.4329951040E-02  5.5143E-03  5.5143E-03  8.3817E-03  8.3817E-03  3.0577E-03  3.0577E-03  1.2502E-03  1.2502E-03  3.9610E-03  3.9610E-03
  2.9127436353E+02  4.5371779194E-02  5.7915E-03  5.7915E-03  8.4142E-03  8.4142E-03  3.0334E-03  3.0334E-03  1.3641E-03  1.3641E-03  4.0826E-03  4.0826E-03
  2.9227436353E+02  5.0547753980E-02  6.5227E-03  6.5227E-03  9.3224E-03  9.3224E-03  3.2870E-03  3.2870E-03  1.6201E-03  1.6201E-03  4.5217E-03  4.5217E-03
  2.9327436353E+02  5.7309543775E-02  7.4493E-03  7.4493E-03  1.0295E-02  1.0295E-02  3.6113E-03  3.6113E-03  1.8954E-03  1.8954E-03  5.4035E-03  5.4035E-03
  2.9427436353E+02  6.0153621895E-02  7.9779E-03  7.9779E-03  1.0695E-02  1.0695E-02  3.5976E-03  3.5976E-03  2.0701E-03  2.0701E-03  5.7365E-03  5.7365E-03
  2.9527436353E+02  6.0728636629E-02  8.2301E-03  8.2301E-03  1.0752E-02  1.0752E-02  3.4650E-03  3.4650E-03  2.2243E-03  2.2243E-03  5.6926E-03  5.6926E-03
  2.9627436353E+02  6.0170401608E-02  8.2316E-03  8.2316E-03  1.0792E-02  1.0792E-02  3.3808E-03  3.3808E-03  2.3891E-03  2.3891E-03  5.2916E-03  5.2916E-03
  2.9727436353E+02  5.8372485048E-02  7.9813E-03  7.9813E-03  1.0414E-02  1.0414E-02  3.2494E-03  3.2494E-03  2.5408E-03  2.5408E-03  5.0002E-03  5.0002E-03
  2.9827436353E+02  6.1602851867E-02  8.2155E-03  8.2155E-03  1.0793E-02  1.0793E-02  3.6520E-03  3.6520E-03  3.0265E-03  3.0265E-03  5.1139E-03  5.1139E-03
  2.9927436353E+02  6.3894860535E-02  8.3265E-03  8.3265E-03  1.1022E-02  1.1022E-02  3.9008E-03  3.9008E-03  3.4833E-03  3.4833E-03  5.2145E-03  5.2145E-03
  3.0027436353E+02  6.3735812964E-02  8.2550E-03  8.2550E-03  1.0769E-02  1.0769E-02  3.7929E-03  3.7929E-03  3.9448E-03  3.9448E-03  5.1062E-03  5.1062E-03
  3.0127436353E+02  6.4964447205E-02  8.0519E-03  8.0519E-03  1.0481E-02  1.0481E-02  3.6945E-03  3.6945E-03  4.9661E-03  4.9661E-03  5.2888E-03  5.2888E-03
  3.0227436353E+02  7.3545904070E-02  8.0903E-03  8.0903E-03  1.0631E-02  1.0631E-02  3.6238E-03  3.6238E-03  8.7130E-03  8.7130E-03  5.7148E-03  5.7148E-03
  3.0327436353E+02  6.7191436154E-02  7.9770E-03  7.9770E-03  1.0094E-02  1.0094E-02  3.0770E-03  3.0770E-03  6.5173E-03  6.5173E-03  5.9305E-03  5.9305E-03
  3.0427436353E+02  6.5227635072E-02  7.9667E-03  7.9667E-03  9.8008E-03  9.8008E-03  2.9097E-03  2.9097E-03  5.5268E-03  5.5268E-03  6.4098E-03  6.4098E-03
  3.0527436353E+02  6.7534028266E-02  8.1678E-03  8.1678E-03  1.0026E-02  1.0026E-02  3.0136E-03  3.0136E-03  5.6358E-03  5.6358E-03  6.9236E-03  6.9236E-03
  3.0627436353E+02  7.0964393403E-02  8.4580E-03  8.4580E-03  1.0740E-02  1.0740E-02  3.2822E-03  3.2822E-03  6.2347E-03  6.2347E-03  6.7672E-03  6.7672E-03
  3.0727436353E+02  6.9785794411E-02  8.6608E-03  8.6608E-03  1.0729E-02  1.0729E-02  3.1296E-03  3.1296E-03  6.0612E-03  6.0612E-03  6.3124E-03  6.3124E-03
  3.0827436353E+02  6.9215334790E-02  9.1641E-03  9.1641E-03  1.0487E-02  1.0487E-02  2.7249E-03  2.7249E-03  5.8817E-03  5.8817E-03  6.3497E-03  6.3497E-03
  3.0927436353E+02  6.8951924442E-02  9.7662E-03  9.7662E-03  1.0131E-02  1.0131E-02  2.4953E-03  2.4953E-03  5.8037E-03  5.8037E-03  6.2793E-03  6.2793E-03
  3.1027436353E+02  5.9498821787E-02  8.4054E-03  8.4054E-03  9.0451E-03  9.0451E-03  2.2438E-03  2.2438E-03  5.1533E-03  5.1533E-03  4.9018E-03  4.9018E-03
  3.1127436353E+02  5.5149922022E-02  7.8399E-03  7.8399E-03  8.5005E-03  8.5005E-03  2.2187E-03  2.2187E-03  4.8607E-03  4.8607E-03  4.1551E-03  4.1551E-03
  3.1227436353E+02  5.3624452167E-02  7.6370E-03  7.6370E-03  8.1327E-03  8.1327E-03  2.4754E-03  2.4754E-03  4.7707E-03  4.7707E-03  3.7963E-03  3.7963E-03
  3.1327436353E+02  5.3292288257E-02  7.6284E-03  7.6284E-03  7.8496E-03  7.8496E-03  2.9501E-03  2.9501E-03  4.6643E-03  4.6643E-03  3.5538E-03  3.5538E-03
  3.1427436353E+02  5.4330665324E-02  7.6562E-03  7.6562E-03  7.9691E-03  7.9691E-03  3.4556E-03  3.4556E-03  4.6175E-03  4.6175E-03  3.4669E-03  3.4669E-03
  3.1527436353E+02  5.4744932151E-02  7.5724E-03  7.5724E-03  7.7664E-03  7.7664E-03  3.8416E-03  3.8416E-03  4.7609E-03  4.7609E-03  3.4312E-03  3.4312E-03
  3.1627436353E+02  5.6653834032E-02  7.6252E-03  7.6252E-03  7.9119E-03  7.9119E-03  4.2769E-03  4.2769E-03  4.9473E-03  4.9473E-03  3.5656E-03  3.5656E-03
  3.1727436353E+02  6.0050556908E-02  7.8344E-03  7.8344E-03  8.3263E-03  8.3263E-03  4.7951E-03  4.7951E-03  5.2276E-03  5.2276E-03  3.8419E-03  3.8419E-03
  3.1827436353E+02  6.3929469776E-02  8.0804E-03  8.0804E-03  8.8382E-03  8.8382E-03  5.3892E-03  5.3892E-03  5.5469E-03  5.5469E-03  4.1100E-03  4.1100E-03
  3.1927436353E+02  6.6862824847E-02  8.2411E-03  8.2411E-03  9.0797E-03  9.0797E-03  5.9586E-03  5.9586E-03  5.8060E-03  5.8060E-03  4.3459E-03  4.3459E-03
  3.2027436353E+02  6.9958908694E-02  8.4553E-03  8.4553E-03  9.2866E-03  9.2866E-03  6.5518E-03  6.5518E-03  6.0998E-03  6.0998E-03  4.5861E-03  4.5861E-03
  3.2127436353E+02  7.2224582613E-02  8.7493E-03  8.7493E-03  9.5484E-03  9.5484E-03  6.9129E-03  6.9129E-03  6.1750E-03  6.1750E-03  4.7267E-03  4.7267E-03
  3.2227436353E+02  7.9891678427E-02  9.5886E-03  9.5886E-03  1.0168E-02  1.0168E-02  7.9705E-03  7.9705E-03  6.7120E-03  6.7120E-03  5.5066E-03  5.5066E-03
  3.2327436353E+02  1.0318133387E-01  1.1951E-02  1.1951E-02  1.1529E-02  1.1529E-02  1.0929E-02  1.0929E-02  8.6838E-03  8.6838E-03  8.4982E-03  8.4982E-03
  3.2427436353E+02  8.9462381138E-02  1.0947E-02  1.0947E-02  1.0443E-02  1.0443E-02  9.4585E-03  9.4585E-03  7.5989E-03  7.5989E-03  6.2841E-03  6.2841E-03
  3.2527436353E+02  7.8414415579E-02  9.8153E-03  9.8153E-03  9.4953E-03  9.4953E-03  8.2654E-03  8.2654E-03  6.8188E-03  6.8188E-03  4.8124E-03  4.8124E-03
  3.2627436353E+02  7.1122644477E-02  8.8454E-03  8.8454E-03  8.8225E-03  8.8225E-03  7.3804E-03  7.3804E-03  6.3841E-03  6.3841E-03  4.1289E-03  4.1289E-03
  3.2727436353E+02  6.9108754516E-02  8.6216E-03  8.6216E-03  8.6908E-03  8.6908E-03  7.0050E-03  7.0050E-03  6.3015E-03  6.3015E-03  3.9354E-03  3.9354E-03
  3.2827436353E+02  7.1253673022E-02  9.1584E-03  9.1584E-03  9.0695E-03  9.0695E-03  6.9984E-03  6.9984E-03  6.4536E-03  6.4536E-03  3.9470E-03  3.9470E-03
  3.2927436353E+02  7.5785811754E-02  1.0042E-02  1.0042E-02  9.7810E-03  9.7810E-03  7.2316E-03  7.2316E-03  6.7822E-03  6.7822E-03  4.0558E-03  4.0558E-03
  3.3027436353E+02  8.4834113640E-02  1.2163E-02  1.2163E-02  1.0993E-02  1.0993E-02  7.6705E-03  7.6705E-03  7.3232E-03  7.3232E-03  4.2673E-03  4.2673E-03
  3.3127436353E+02  8.2400558238E-02  1.1905E-02  1.1905E-02  1.0942E-02  1.0942E-02  7.3787E-03  7.3787E-03  6.8817E-03  6.8817E-03  4.0925E-03  4.0925E-03
  3.3227436353E+02  6.8474000387E-02  9.0792E-03  9.0792E-03  9.4385E-03  9.4385E-03  6.2717E-03  6.2717E-03  5.8109E-03  5.8109E-03  3.6365E-03  3.6365E-03
  3.3327436353E+02  5.3244868852E-02  5.8036E-03  5.8036E-03  7.7130E-03  7.7130E-03  5.1407E-03  5.1407E-03  4.7313E-03  4.7313E-03  3.2338E-03  3.2338E-03
  3.3427436353E+02  4.4427058906E-02  3.7900E-03  3.7900E-03  6.7563E-03  6.7563E-03  4.5923E-03  4.5923E-03  4.1582E-03  4.1582E-03  2.9167E-03  2.9167E-03
  3.3527436353E+02  4.2495654241E-02  3.6086E-03  3.6086E-03  6.6336E-03  6.6336E-03  4.4382E-03  4.4382E-03  4.0247E-03  4.0247E-03  2.5427E-03  2.5427E-03
  3.3627436353E+02  4.0879824442E-02  3.4545E-03  3.4545E-03  6.5793E-03  6.5793E-03  4.3340E-03  4.3340E-03  3.9193E-03  3.9193E-03  2.1528E-03  2.1528E-03
  3.3727436353E+02  3.9936555562E-02  3.3367E-03  3.3367E-03  6.6138E-03  6.6138E-03  4.3248E-03  4.3248E-03  3.8263E-03  3.8263E-03  1.8667E-03  1.8667E-03
  3.3827436353E+02  4.0277896950E-02  3.3016E-03  3.3016E-03  6.7911E-03  6.7911E-03  4.5074E-03  4.5074E-03  3.8083E-03  3.8083E-03  1.7306E-03  1.7306E-03
  3.3927436353E+02  4.0742939197E-02  3.2775E-03  3.2775E-03  7.0058E-03  7.0058E-03  4.6927E-03  4.6927E-03  3.7460E-03  3.7460E-03  1.6495E-03  1.6495E-03
  3.4027436353E+02  4.2377995694E-02  3.3250E-03  3.3250E-03  7.5516E-03  7.5516E-03  4.9802E-03  4.9802E-03  3.7522E-03  3.7522E-03  1.5799E-03  1.5799E-03
  3.4127436353E+02  5.0005668641E-02  3.7315E-03  3.7315E-03  9.1561E-03  9.1561E-03  6.0191E-03  6.0191E-03  4.2156E-03  4.2156E-03  1.8805E-03  1.8805E-03
  3.4227436353E+02  5.7443351035E-02  4.1261E-03  4.1261E-03  1.0732E-02  1.0732E-02  7.0019E-03  7.0019E-03  4.7437E-03  4.7437E-03  2.1179E-03  2.1179E-03
  3.4327436353E+02  5.8641637772E-02  4.2386E-03  4.2386E-03  1.0521E-02  1.0521E-02  7.2123E-03  7.2123E-03  4.8153E-03  4.8153E-03  2.5340E-03  2.5340E-03
  3.4427436353E+02  5.7955524527E-02  4.1415E-03  4.1415E-03  9.8547E-03  9.8547E-03  7.3810E-03  7.3810E-03  4.5871E-03  4.5871E-03  3.0134E-03  3.0134E-03
  3.4527436353E+02  5.0024206907E-02  3.4587E-03  3.4587E-03  7.7194E-03  7.7194E-03  6.7845E-03  6.7845E-03  3.9707E-03  3.9707E-03  3.0788E-03  3.0788E-03
  3.4627436353E+02  4.9149812122E-02  3.4099E-03  3.4099E-03  6.9153E-03  6.9153E-03  6.9752E-03  6.9752E-03  4.1063E-03  4.1063E-03  3.1682E-03  3.1682E-03
  3.4727436353E+02  4.7692974399E-02  3.3772E-03  3.3772E-03  6.0771E-03  6.0771E-03  7.0200E-03  7.0200E-03  4.1849E-03  4.1849E-03  3.1872E-03  3.1872E-03
  3.4827436353E+02  4.4907254908E-02  3.1919E-03  3.1919E-03  4.9058E-03  4.9058E-03  6.8664E-03  6.8664E-03  4.3500E-03  4.3500E-03  3.1395E-03  3.1395E-03
  3.4927436353E+02  4.9658725441E-02  3.6035E-03  3.6035E-03  5.2536E-03  5.2536E-03  7.5727E-03  7.5727E-03  5.3180E-03  5.3180E-03  3.0816E-03  3.0816E-03
  3.5027436353E+02  6.2762208139E-02  4.6917E-03  4.6917E-03  6.8381E-03  6.8381E-03  9.3203E-03  9.3203E-03  7.3666E-03  7.3666E-03  3.1644E-03  3.1644E-03
  3.5127436353E+02  7.7773630978E-02  5.7084E-03  5.7084E-03  8.5728E-03  8.5728E-03  1.0927E-02  1.0927E-02  1.0537E-02  1.0537E-02  3.1409E-03  3.1409E-03
  3.5227436353E+02  9.8257386648E-02  6.6147E-03  6.6147E-03  1.0418E-02  1.0418E-02  1.2229E-02  1.2229E-02  1.6932E-02  1.6932E-02  2.9354E-03  2.9354E-03
  3.5327436353E+02  8.4165789225E-02  6.1140E-03  6.1140E-03  9.8741E-03  9.8741E-03  1.0391E-02  1.0391E-02  1.3239E-02  1.3239E-02  2.4653E-03  2.4653E-03
  3.5427436353E+02  6.4498552111E-02  5.3369E-03  5.3369E-03  8.9312E-03  8.9312E-03  8.1793E-03  8.1793E-03  7.7675E-03  7.7675E-03  2.0344E-03  2.0344E-03
  3.5527436353E+02  5.8970674330E-02  5.1699E-03  5.1699E-03  9.0489E-03  9.0489E-03  7.2071E-03  7.2071E-03  6.1515E-03  6.1515E-03  1.9080E-03  1.9080E-03
  3.5627436353E+02  6.1558763924E-02  4.8916E-03  4.8916E-03  8.4281E-03  8.4281E-03  6.7368E-03  6.7368E-03  8.8438E-03  8.8438E-03  1.8791E-03  1.8791E-03
  3.5727436353E+02  6.5832401185E-02  4.6911E-03  4.6911E-03  8.0465E-03  8.0465E-03  6.7720E-03  6.7720E-03  1.1199E-02  1.1199E-02  2.2076E-03  2.2076E-03
  3.5827436353E+02  6.4216760586E-02  4.2375E-03  4.2375E-03  7.1202E-03  7.1202E-03  6.3538E-03  6.3538E-03  1.2071E-02  1.2071E-02  2.3259E-03  2.3259E-03
  3.5927436353E+02  5.9334971453E-02  3.8522E-03  3.8522E-03  6.3188E-03  6.3188E-03  5.7742E-03  5.7742E-03  1.1381E-02  1.1381E-02  2.3416E-03  2.3416E-03
  3.6027436353E+02  5.3907473921E-02  3.7408E-03  3.7408E-03  6.1382E-03  6.1382E-03  5.5423E-03  5.5423E-03  9.1188E-03  9.1188E-03  2.4136E-03  2.4136E-03
  3.6127436353E+02  5.1499986604E-02  3.5933E-03  3.5933E-03  5.8345E-03  5.8345E-03  5.1973E-03  5.1973E-03  8.6788E-03  8.6788E-03  2.4461E-03  2.4461E-03
  3.6227436353E+02  4.9247154621E-02  3.3759E-03  3.3759E-03  5.4554E-03  5.4554E-03  4.9143E-03  4.9143E-03  8.4048E-03  8.4048E-03  2.4732E-03  2.4732E-03
  3.6327436353E+02  4.6262697964E-02  3.1101E-03  3.1101E-03  4.9956E-03  4.9956E-03  4.5492E-03  4.5492E-03  8.0103E-03  8.0103E-03  2.4661E-03  2.4661E-03
  3.6427436353E+02  4.1909776982E-02  2.7133E-03  2.7133E-03  4.3161E-03  4.3161E-03  4.0250E-03  4.0250E-03  7.5463E-03  7.5463E-03  2.3541E-03  2.3541E-03
  3.6527436353E+02  3.1859515774E-02  1.7331E-03  1.7331E-03  2.7288E-03  2.7288E-03  3.0204E-03  3.0204E-03  6.5875E-03  6.5875E-03  1.8599E-03  1.8599E-03
  3.6627436353E+02  2.3369138053E-02  1.0013E-03  1.0013E-03  1.5918E-03  1.5918E-03  2.1730E-03  2.1730E-03  5.5857E-03  5.5857E-03  1.3328E-03  1.3328E-03
  3.6727436353E+02  1.8124437565E-02  6.0515E-04  6.0515E-04  9.7348E-04  9.7348E-04  1.5944E-03  1.5944E-03  4.8947E-03  4.8947E-03  9.9451E-04  9.9451E-04
  3.6827436353E+02  1.4678732365E-02  4.1417E-04  4.1417E-04  6.7659E-04  6.7659E-04  1.1452E-03  1.1452E-03  4.3851E-03  4.3851E-03  7.1834E-04  7.1834E-04
  3.6927436353E+02  1.2647694981E-02  3.3153E-04  3.3153E-04  5.4186E-04  5.4186E-04  8.5665E-04  8.5665E-04  4.0379E-03  4.0379E-03  5.5594E-04  5.5594E-04
  3.7027436353E+02  1.1455347873E-02  2.8457E-04  2.8457E-04  4.6570E-04  4.6570E-04  6.9283E-04  6.9283E-04  3.8154E-03  3.8154E-03  4.6917E-04  4.6917E-04
  3.7127436353E+02  1.1251750368E-02  2.8374E-04  2.8374E-04  4.6064E-04  4.6064E-04  6.7969E-04  6.7969E-04  3.7298E-03  3.7298E-03  4.7198E-04  4.7198E-04
  3.7227436353E+02  1.1419722391E-02  2.9985E-04  2.9985E-04  4.7125E-04  4.7125E-04  7.1069E-04  7.1069E-04  3.6867E-03  3.6867E-03  5.4137E-04  5.4137E-04
  3.7327436353E+02  1.2648512667E-02  3.6574E-04  3.6574E-04  5.1944E-04  5.1944E-04  8.6481E-04  8.6481E-04  3.7458E-03  3.7458E-03  8.2845E-04  8.2845E-04
  3.7427436353E+02  1.5310573345E-02  5.2199E-04  5.2199E-04  6.1774E-04  6.1774E-04  1.0367E-03  1.0367E-03  4.1315E-03  4.1315E-03  1.3474E-03  1.3474E-03
  3.7527436353E+02  1.6725563648E-02  6.1215E-04  6.1215E-04  6.6789E-04  6.6789E-04  1.1424E-03  1.1424E-03  4.2407E-03  4.2407E-03  1.6997E-03  1.6997E-03
  3.7627436353E+02  2.0135354877E-02  8.7082E-04  8.7082E-04  8.2719E-04  8.2719E-04  1.2658E-03  1.2658E-03  4.5849E-03  4.5849E-03  2.5189E-03  2.5189E-03
  3.7727436353E+02  2.0657081046E-02  8.8300E-04  8.8300E-04  8.9123E-04  8.9123E-04  1.4377E-03  1.4377E-03  4.6141E-03  4.6141E-03  2.5025E-03  2.5025E-03
  3.7827436353E+02  2.1711346068E-02  9.1984E-04  9.1984E-04  9.7335E-04  9.7335E-04  1.5969E-03  1.5969E-03  4.8162E-03  4.8162E-03  2.5494E-03  2.5494E-03
  3.7927436353E+02  2.0244138546E-02  7.5512E-04  7.5512E-04  8.9112E-04  8.9112E-04  1.6716E-03  1.6716E-03  4.8296E-03  4.8296E-03  1.9746E-03  1.9746E-03
  3.8027436353E+02  2.1003417479E-02  7.8112E-04  7.8112E-04  9.5453E-04  9.5453E-04  1.7928E-03  1.7928E-03  5.0368E-03  5.0368E-03  1.9365E-03  1.9365E-03
  3.8127436353E+02  2.1514931146E-02  7.8219E-04  7.8219E-04  9.8793E-04  9.8793E-04  1.9325E-03  1.9325E-03  5.1819E-03  5.1819E-03  1.8729E-03  1.8729E-03
  3.8227436353E+02  2.2961924005E-02  8.3641E-04  8.3641E-04  1.0967E-03  1.0967E-03  2.2110E-03  2.2110E-03  5.4255E-03  5.4255E-03  1.9113E-03  1.9113E-03
  3.8327436353E+02  2.4262087894E-02  8.8660E-04  8.8660E-04  1.1931E-03  1.1931E-03  2.4919E-03  2.4919E-03  5.6266E-03  5.6266E-03  1.9328E-03  1.9328E-03
  3.8427436353E+02  2.6757037326E-02  1.0311E-03  1.0311E-03  1.4032E-03  1.4032E-03  3.1217E-03  3.1217E-03  5.9311E-03  5.9311E-03  1.8913E-03  1.8913E-03
  3.8527436353E+02  2.8252162460E-02  1.0666E-03  1.0666E-03  1.4840E-03  1.4840E-03  3.3381E-03  3.3381E-03  6.1769E-03  6.1769E-03  2.0605E-03  2.0605E-03
  3.8627436353E+02  3.0020903952E-02  1.1345E-03  1.1345E-03  1.6097E-03  1.6097E-03  3.6336E-03  3.6336E-03  6.4635E-03  6.4635E-03  2.1691E-03  2.1691E-03
  3.8727436353E+02  2.9124025751E-02  1.0954E-03  1.0954E-03  1.5575E-03  1.5575E-03  3.4570E-03  3.4570E-03  6.6767E-03  6.6767E-03  1.7754E-03  1.7754E-03
  3.8827436353E+02  2.9881580992E-02  1.1144E-03  1.1144E-03  1.6163E-03  1.6163E-03  3.5368E-03  3.5368E-03  6.9297E-03  6.9297E-03  1.7435E-03  1.7435E-03
  3.8927436353E+02  3.0628635391E-02  1.1386E-03  1.1386E-03  1.6720E-03  1.6720E-03  3.6441E-03  3.6441E-03  7.2132E-03  7.2132E-03  1.6463E-03  1.6463E-03
  3.9027436353E+02  3.1087216974E-02  1.1410E-03  1.1410E-03  1.6892E-03  1.6892E-03  3.6623E-03  3.6623E-03  7.5078E-03  7.5078E-03  1.5433E-03  1.5433E-03
  3.9127436353E+02  3.1592773328E-02  1.1466E-03  1.1466E-03  1.7111E-03  1.7111E-03  3.6833E-03  3.6833E-03  7.7981E-03  7.7981E-03  1.4573E-03  1.4573E-03
  3.9227436353E+02  3.3562903092E-02  1.2270E-03  1.2270E-03  1.8693E-03  1.8693E-03  4.0714E-03  4.0714E-03  8.1920E-03  8.1920E-03  1.4217E-03  1.4217E-03
  3.9327436353E+02  3.3480648613E-02  1.1974E-03  1.1974E-03  1.8122E-03  1.8122E-03  3.8958E-03  3.8958E-03  8.4986E-03  8.4986E-03  1.3363E-03  1.3363E-03
  3.9427436353E+02  3.7198731387E-02  1.3489E-03  1.3489E-03  2.1273E-03  2.1273E-03  4.6611E-03  4.6611E-03  9.0564E-03  9.0564E-03  1.4057E-03  1.4057E-03
  3.9527436353E+02  3.6734188836E-02  1.3077E-03  1.3077E-03  2.0427E-03  2.0427E-03  4.3694E-03  4.3694E-03  9.3371E-03  9.3371E-03  1.3102E-03  1.3102E-03
  3.9627436353E+02  3.4251090871E-02  1.1778E-03  1.1778E-03  1.7310E-03  1.7310E-03  3.4858E-03  3.4858E-03  9.5852E-03  9.5852E-03  1.1458E-03  1.1458E-03
  3.9727436353E+02  3.0302164722E-02  9.9798E-04  9.9798E-04  1.2046E-03  1.2046E-03  2.1389E-03  2.1389E-03  9.9129E-03  9.9129E-03  8.9670E-04  8.9670E-04
  3.9827436353E+02  3.0322855736E-02  9.9695E-04  9.9695E-04  1.1091E-03  1.1091E-03  1.7878E-03  1.7878E-03  1.0453E-02  1.0453E-02  8.1482E-04  8.1482E-04
  3.9927436353E+02  3.1633806764E-02  1.0526E-03  1.0526E-03  1.1366E-03  1.1366E-03  1.7002E-03  1.7002E-03  1.1148E-02  1.1148E-02  7.7954E-04  7.7954E-04
  4.0027436353E+02  3.3457420177E-02  1.1322E-03  1.1322E-03  1.1924E-03  1.1924E-03  1.6639E-03  1.6639E-03  1.1985E-02  1.1985E-02  7.5477E-04  7.5477E-04
  4.0127436353E+02  3.5736581027E-02  1.2344E-03  1.2344E-03  1.2732E-03  1.2732E-03  1.6636E-03  1.6636E-03  1.2959E-02  1.2959E-02  7.3829E-04  7.3829E-04
  4.0227436353E+02  3.8926017843E-02  1.3865E-03  1.3865E-03  1.4002E-03  1.4002E-03  1.7011E-03  1.7011E-03  1.4242E-02  1.4242E-02  7.3308E-04  7.3308E-04
  4.0327436353E+02  4.3750806169E-02  1.6310E-03  1.6310E-03  1.6075E-03  1.6075E-03  1.7851E-03  1.7851E-03  1.6107E-02  1.6107E-02  7.4455E-04  7.4455E-04
  4.0427436353E+02  5.1505033548E-02  2.0397E-03  2.0397E-03  1.9503E-03  1.9503E-03  1.9482E-03  1.9482E-03  1.9034E-02  1.9034E-02  7.8066E-04  7.8066E-04
  4.0527436353E+02  6.7129265917E-02  2.9175E-03  2.9175E-03  2.6765E-03  2.6765E-03  2.2837E-03  2.2837E-03  2.4809E-02  2.4809E-02  8.7833E-04  8.7833E-04
  4.0627436353E+02  7.1488169499E-02  2.8445E-03  2.8445E-03  2.8621E-03  2.8621E-03  2.4570E-03  2.4570E-03  2.6661E-02  2.6661E-02  9.1964E-04  9.1964E-04
  4.0727436353E+02  7.2121602676E-02  2.5798E-03  2.5798E-03  2.9386E-03  2.9386E-03  2.5251E-03  2.5251E-03  2.7087E-02  2.7087E-02  9.3049E-04  9.3049E-04
  4.0827436353E+02  7.2969744020E-02  2.2851E-03  2.2851E-03  2.9980E-03  2.9980E-03  2.6689E-03  2.6689E-03  2.7592E-02  2.7592E-02  9.4040E-04  9.4040E-04
  4.0927436353E+02  5.2222011706E-02  1.3799E-03  1.3799E-03  2.1631E-03  2.1631E-03  1.9639E-03  1.9639E-03  1.9801E-02  1.9801E-02  8.0291E-04  8.0291E-04
  4.1027436353E+02  3.4280445624E-02  9.4086E-04  9.4086E-04  1.5498E-03  1.5498E-03  1.0676E-03  1.0676E-03  1.2886E-02  1.2886E-02  6.9585E-04  6.9585E-04
  4.1127436353E+02  3.8566987017E-02  1.0734E-03  1.0734E-03  1.8818E-03  1.8818E-03  1.0359E-03  1.0359E-03  1.4524E-02  1.4524E-02  7.6866E-04  7.6866E-04
  4.1227436353E+02  5.4684305689E-02  1.4596E-03  1.4596E-03  2.7051E-03  2.7051E-03  1.2959E-03  1.2959E-03  2.0866E-02  2.0866E-02  1.0159E-03  1.0159E-03
  4.1327436353E+02  5.7821159802E-02  1.4921E-03  1.4921E-03  2.6426E-03  2.6426E-03  1.2157E-03  1.2157E-03  2.2525E-02  2.2525E-02  1.0352E-03  1.0352E-03
  4.1427436353E+02  5.7112308931E-02  1.2109E-03  1.2109E-03  2.3205E-03  2.3205E-03  1.1352E-03  1.1352E-03  2.2769E-02  2.2769E-02  1.1205E-03  1.1205E-03
  4.1527436353E+02  4.5838531872E-02  7.8870E-04  7.8870E-04  1.7466E-03  1.7466E-03  9.2307E-04  9.2307E-04  1.8429E-02  1.8429E-02  1.0315E-03  1.0315E-03
  4.1627436353E+02  2.0854063181E-02  3.3512E-04  3.3512E-04  7.8206E-04  7.8206E-04  4.6360E-04  4.6360E-04  8.1406E-03  8.1406E-03  7.0566E-04  7.0566E-04
  4.1727436353E+02  1.7677508565E-02  2.7669E-04  2.7669E-04  6.1936E-04  6.1936E-04  3.7931E-04  3.7931E-04  6.8424E-03  6.8424E-03  7.2101E-04  7.2101E-04
  4.1827436353E+02  1.5841256634E-02  2.3792E-04  2.3792E-04  5.4499E-04  5.4499E-04  3.3983E-04  3.3983E-04  6.0625E-03  6.0625E-03  7.3543E-04  7.3543E-04
  4.1927436353E+02  1.0451037423E-02  1.5221E-04  1.5221E-04  3.5240E-04  3.5240E-04  2.1968E-04  2.1968E-04  3.9764E-03  3.9764E-03  5.2480E-04  5.2480E-04
  4.2027436353E+02  6.5378516385E-03  9.3946E-05  9.3946E-05  2.0930E-04  2.0930E-04  1.3069E-04  1.3069E-04  2.4747E-03  2.4747E-03  3.6033E-04  3.6033E-04
  4.2127436353E+02  4.1565215513E-03  6.0397E-05  6.0397E-05  1.2884E-04  1.2884E-04  7.3042E-05  7.3042E-05  1.5752E-03  1.5752E-03  2.4073E-04  2.4073E-04
  4.2227436353E+02  1.2971348682E-03  1.9332E-05  1.9332E-05  4.0519E-05  4.0519E-05  1.7403E-05  1.7403E-05  4.9736E-04  4.9736E-04  7.3957E-05  7.3957E-05
  4.2327436353E+02  0.0000000000E+00  0.0000E+00  0.0000E+00  0.0000E+00  0.0000E+00  0.0000E+00  0.0000E+00  0.0000E+00  0.0000E+00  0.0000E+00  0.0000E+00
  4.2427436353E+02  0.0000000000E+00  0.0000E+00  0.0000E+00  0.0000E+00  0.0000E+00  0.0000E+00  0.0000E+00  0.0000E+00  0.0000E+00  0.0000E+00  0.0000E+00
  4.2527436353E+02  1.5117195062E-03  2.3199E-05  2.3199E-05  6.4813E-05  6.4813E-05  8.3925E-05  8.3925E-05  5.6641E-04  5.6641E-04  1.7511E-05  1.7511E-05
  4.2627436353E+02  4.9592907961E-03  7.7242E-05  7.7242E-05  2.0579E-04  2.0579E-04  2.9139E-04  2.9139E-04  1.8366E-03  1.8366E-03  6.8668E-05  6.8668E-05
  4.2727436353E+02  6.3680052127E-03  1.0179E-04  1.0179E-04  2.4903E-04  2.4903E-04  3.8706E-04  3.8706E-04  2.3453E-03  2.3453E-03  1.0084E-04  1.0084E-04
  4.2827436353E+02  8.0400159034E-03  1.2365E-04  1.2365E-04  2.9357E-04  2.9357E-04  5.2438E-04  5.2438E-04  2.9440E-03  2.9440E-03  1.3443E-04  1.3443E-04
  4.2927436353E+02  1.1126677724E-02  1.6699E-04  1.6699E-04  3.7502E-04  3.7502E-04  7.5434E-04  7.5434E-04  4.0733E-03  4.0733E-03  1.9365E-04  1.9365E-04
  4.3027436353E+02  1.3140537433E-02  1.9372E-04  1.9372E-04  4.1916E-04  4.1916E-04  9.4024E-04  9.4024E-04  4.7891E-03  4.7891E-03  2.2802E-04  2.2802E-04
  4.3127436353E+02  1.6773344757E-02  2.4293E-04  2.4293E-04  4.9350E-04  4.9350E-04  1.2456E-03  1.2456E-03  6.1157E-03  6.1157E-03  2.8898E-04  2.8898E-04
  4.3227436353E+02  2.0533598216E-02  2.9238E-04  2.9238E-04  5.6108E-04  5.6108E-04  1.5943E-03  1.5943E-03  7.4742E-03  7.4742E-03  3.4482E-04  3.4482E-04
  4.3327436353E+02  2.7157705733E-02  3.7062E-04  3.7062E-04  6.6926E-04  6.6926E-04  2.1566E-03  2.1566E-03  9.9516E-03  9.9516E-03  4.3078E-04  4.3078E-04
  4.3427436353E+02  4.8219820441E-02  6.6200E-04  6.6200E-04  9.6485E-04  9.6485E-04  3.8381E-03  3.8381E-03  1.7945E-02  1.7945E-02  6.9983E-04  6.9983E-04
  4.3527436353E+02  6.6633480607E-02  9.4933E-04  9.4933E-04  1.0888E-03  1.0888E-03  5.2909E-03  5.2909E-03  2.5047E-02  2.5047E-02  9.4034E-04  9.4034E-04
  4.3627436353E+02  6.3443127822E-02  9.9997E-04  9.9997E-04  1.0389E-03  1.0389E-03  5.5952E-03  5.5952E-03  2.3245E-02  2.3245E-02  8.4268E-04  8.4268E-04
  4.3727436353E+02  6.5016935992E-02  1.0877E-03  1.0877E-03  1.0719E-03  1.0719E-03  6.3481E-03  6.3481E-03  2.3202E-02  2.3202E-02  7.9850E-04  7.9850E-04
  4.3827436353E+02  6.8883484292E-02  1.1811E-03  1.1811E-03  1.1505E-03  1.1505E-03  7.2565E-03  7.2565E-03  2.4075E-02  2.4075E-02  7.7863E-04  7.7863E-04
  4.3927436353E+02  6.2496026017E-02  1.0771E-03  1.0771E-03  1.0670E-03  1.0670E-03  6.3565E-03  6.3565E-03  2.2041E-02  2.2041E-02  7.0685E-04  7.0685E-04
  4.4027436353E+02  5.8413989570E-02  1.0373E-03  1.0373E-03  1.0263E-03  1.0263E-03  5.5748E-03  5.5748E-03  2.0852E-02  2.0852E-02  7.1680E-04  7.1680E-04
  4.4127436353E+02  6.0535321476E-02  1.0953E-03  1.0953E-03  1.0933E-03  1.0933E-03  5.6661E-03  5.6661E-03  2.1609E-02  2.1609E-02  8.0418E-04  8.0418E-04
  4.4227436353E+02  6.3052778864E-02  1.1468E-03  1.1468E-03  1.1768E-03  1.1768E-03  5.8515E-03  5.8515E-03  2.2438E-02  2.2438E-02  9.1348E-04  9.1348E-04
  4.4327436353E+02  6.6509679454E-02  1.2157E-03  1.2157E-03  1.3024E-03  1.3024E-03  6.0958E-03  6.0958E-03  2.3583E-02  2.3583E-02  1.0582E-03  1.0582E-03
  4.4427436353E+02  7.0673830116E-02  1.2988E-03  1.2988E-03  1.4674E-03  1.4674E-03  6.4474E-03  6.4474E-03  2.4932E-02  2.4932E-02  1.1911E-03  1.1911E-03
  4.4527436353E+02  8.0119614702E-02  1.4520E-03  1.4520E-03  1.7967E-03  1.7967E-03  7.4919E-03  7.4919E-03  2.7907E-02  2.7907E-02  1.4119E-03  1.4119E-03
  4.4627436353E+02  9.1858952315E-02  1.7018E-03  1.7018E-03  2.1347E-03  2.1347E-03  8.6076E-03  8.6076E-03  3.1842E-02  3.1842E-02  1.6433E-03  1.6433E-03
  4.4727436353E+02  1.0461032816E-01  2.0809E-03  2.0809E-03  2.4025E-03  2.4025E-03  9.4796E-03  9.4796E-03  3.6539E-02  3.6539E-02  1.8031E-03  1.8031E-03
  4.4827436353E+02  1.1745595998E-01  2.5680E-03  2.5680E-03  2.5699E-03  2.5699E-03  9.9247E-03  9.9247E-03  4.1694E-02  4.1694E-02  1.9716E-03  1.9716E-03
  4.4927436353E+02  8.3558453837E-02  1.8282E-03  1.8282E-03  2.0395E-03  2.0395E-03  7.8501E-03  7.8501E-03  2.8385E-02  2.8385E-02  1.6764E-03  1.6764E-03
  4.5027436353E+02  4.7923936963E-02  9.3333E-04  9.3333E-04  1.4786E-03  1.4786E-03  5.9106E-03  5.9106E-03  1.4316E-02  1.4316E-02  1.3238E-03  1.3238E-03
  4.5127436353E+02  4.3655632122E-02  8.3385E-04  8.3385E-04  1.3660E-03  1.3660E-03  5.5702E-03  5.5702E-03  1.2841E-02  1.2841E-02  1.2168E-03  1.2168E-03
  4.5227436353E+02  4.1516757059E-02  7.9185E-04  7.9185E-04  1.3090E-03  1.3090E-03  5.4025E-03  5.4025E-03  1.2110E-02  1.2110E-02  1.1453E-03  1.1453E-03
  4.5327436353E+02  4.0088114304E-02  7.6262E-04  7.6262E-04  1.2741E-03  1.2741E-03  5.3173E-03  5.3173E-03  1.1593E-02  1.1593E-02  1.0969E-03  1.0969E-03
  4.5427436353E+02  3.9811675664E-02  7.5178E-04  7.5178E-04  1.2726E-03  1.2726E-03  5.3737E-03  5.3737E-03  1.1421E-02  1.1421E-02  1.0865E-03  1.0865E-03
  4.5527436353E+02  4.0422089248E-02  7.5648E-04  7.5648E-04  1.3010E-03  1.3010E-03  5.5622E-03  5.5622E-03  1.1495E-02  1.1495E-02  1.0959E-03  1.0959E-03
  4.5627436353E+02  4.1484234345E-02  7.7022E-04  7.7022E-04  1.3421E-03  1.3421E-03  5.7835E-03  5.7835E-03  1.1724E-02  1.1724E-02  1.1228E-03  1.1228E-03
  4.5727436353E+02  4.2482955094E-02  7.9204E-04  7.9204E-04  1.3688E-03  1.3688E-03  5.9149E-03  5.9149E-03  1.2013E-02  1.2013E-02  1.1530E-03  1.1530E-03
  4.5827436353E+02  4.7135286169E-02  8.8228E-04  8.8228E-04  1.4764E-03  1.4764E-03  6.3564E-03  6.3564E-03  1.3535E-02  1.3535E-02  1.3173E-03  1.3173E-03
  4.5927436353E+02  5.1305467238E-02  9.7681E-04  9.7681E-04  1.5735E-03  1.5735E-03  6.7709E-03  6.7709E-03  1.4890E-02  1.4890E-02  1.4414E-03  1.4414E-03
  4.6027436353E+02  5.0455849067E-02  9.8154E-04  9.8154E-04  1.5829E-03  1.5829E-03  6.8988E-03  6.8988E-03  1.4414E-02  1.4414E-02  1.3504E-03  1.3504E-03
  4.6127436353E+02  4.5041557361E-02  8.9530E-04  8.9530E-04  1.5129E-03  1.5129E-03  6.7661E-03  6.7661E-03  1.2262E-02  1.2262E-02  1.0844E-03  1.0844E-03
  4.6227436353E+02  4.1274027619E-02  8.2317E-04  8.2317E-04  1.4728E-03  1.4728E-03  6.7380E-03  6.7380E-03  1.0713E-02  1.0713E-02  8.9013E-04  8.9013E-04
  4.6327436353E+02  3.7976954735E-02  7.6366E-04  7.6366E-04  1.4043E-03  1.4043E-03  6.5346E-03  6.5346E-03  9.5576E-03  9.5576E-03  7.2826E-04  7.2826E-04
  4.6427436353E+02  3.5962584965E-02  7.4455E-04  7.4455E-04  1.3357E-03  1.3357E-03  6.3306E-03  6.3306E-03  8.9447E-03  8.9447E-03  6.2574E-04  6.2574E-04
  4.6527436353E+02  2.7773352839E-02  6.2410E-04  6.2410E-04  9.8135E-04  9.8135E-04  4.6457E-03  4.6457E-03  7.1890E-03  7.1890E-03  4.4657E-04  4.4657E-04
  4.6627436353E+02  1.2648930438E-02  2.8670E-04  2.8670E-04  4.6548E-04  4.6548E-04  2.1807E-03  2.1807E-03  3.1787E-03  3.1787E-03  2.1282E-04  2.1282E-04
  4.6727436353E+02  6.4291976135E-03  1.3064E-04  1.3064E-04  2.7595E-04  2.7595E-04  1.3133E-03  1.3133E-03  1.3764E-03  1.3764E-03  1.1823E-04  1.1823E-04
  4.6827436353E+02  4.2220420625E-03  9.2527E-05  9.2527E-05  1.7707E-04  1.7707E-04  8.3210E-04  8.3210E-04  9.3802E-04  9.3802E-04  7.1304E-05  7.1304E-05
  4.6927436353E+02  3.5992969547E-03  8.1374E-05  8.1374E-05  1.4516E-04  1.4516E-04  6.7113E-04  6.7113E-04  8.3561E-04  8.3561E-04  6.6370E-05  6.6370E-05
  4.7027436353E+02  2.9254920045E-03  6.3329E-05  6.3329E-05  1.1658E-04  1.1658E-04  5.4900E-04  5.4900E-04  6.7933E-04  6.7933E-04  5.4507E-05  5.4507E-05
  4.7127436353E+02  3.1833417429E-03  6.6075E-05  6.6075E-05  1.3062E-04  1.3062E-04  6.1754E-04  6.1754E-04  7.1852E-04  7.1852E-04  5.8923E-05  5.8923E-05
  4.7227436353E+02  2.8018154180E-03  5.4732E-05  5.4732E-05  1.1670E-04  1.1670E-04  5.6244E-04  5.6244E-04  6.1630E-04  6.1630E-04  5.0738E-05  5.0738E-05
  4.7327436353E+02  2.2316771290E-03  3.9855E-05  3.9855E-05  8.9185E-05  8.9185E-05  4.2801E-04  4.2801E-04  5.1109E-04  5.1109E-04  4.7695E-05  4.7695E-05
  4.7427436353E+02  2.0494121888E-03  3.0846E-05  3.0846E-05  8.5613E-05  8.5613E-05  4.1578E-04  4.1578E-04  4.4353E-04  4.4353E-04  4.8933E-05  4.8933E-05
  4.7527436353E+02  2.5578581646E-03  2.9480E-05  2.9480E-05  1.1869E-04  1.1869E-04  6.2154E-04  6.2154E-04  4.5103E-04  4.5103E-04  5.8189E-05  5.8189E-05
  4.7627436353E+02  3.9520529459E-03  3.4475E-05  3.4475E-05  2.0121E-04  2.0121E-04  1.1446E-03  1.1446E-03  5.2238E-04  5.2238E-04  7.3331E-05  7.3331E-05
  4.7727436353E+02  6.3622726363E-03  4.4949E-05  4.4949E-05  3.4053E-04  3.4053E-04  2.0545E-03  2.0545E-03  6.4808E-04  6.4808E-04  9.3099E-05  9.3099E-05
  4.7827436353E+02  9.6568787765E-03  5.9347E-05  5.9347E-05  5.2828E-04  5.2828E-04  3.3180E-03  3.3180E-03  8.0590E-04  8.0590E-04  1.1691E-04  1.1691E-04
  4.7927436353E+02  1.3877787677E-02  7.7071E-05  7.7071E-05  7.6597E-04  7.6597E-04  4.9528E-03  4.9528E-03  9.9682E-04  9.9682E-04  1.4621E-04  1.4621E-04
  4.8027436353E+02  1.7389126086E-02  9.0046E-05  9.0046E-05  9.6036E-04  9.6036E-04  6.2796E-03  6.2796E-03  1.1913E-03  1.1913E-03  1.7323E-04  1.7323E-04
  4.8127436353E+02  1.7331035634E-02  9.1562E-05  9.1562E-05  9.5153E-04  9.5153E-04  6.1054E-03  6.1054E-03  1.3255E-03  1.3255E-03  1.9153E-04  1.9153E-04
  4.8227436353E+02  1.8529425127E-02  9.8179E-05  9.8179E-05  1.0130E-03  1.0130E-03  6.4207E-03  6.4207E-03  1.5134E-03  1.5134E-03  2.1942E-04  2.1942E-04
  4.8327436353E+02  2.0335827591E-02  1.0550E-04  1.0550E-04  1.1078E-03  1.1078E-03  6.9730E-03  6.9730E-03  1.7286E-03  1.7286E-03  2.5310E-04  2.5310E-04
  4.8427436353E+02  2.2030016281E-02  1.1063E-04  1.1063E-04  1.1958E-03  1.1958E-03  7.5048E-03  7.5048E-03  1.9186E-03  1.9186E-03  2.8520E-04  2.8520E-04
  4.8527436353E+02  2.0860715794E-02  1.0843E-04  1.0843E-04  1.1254E-03  1.1254E-03  6.9988E-03  6.9988E-03  1.9078E-03  1.9078E-03  2.8991E-04  2.8991E-04
  4.8627436353E+02  1.8946979235E-02  1.0299E-04  1.0299E-04  1.0142E-03  1.0142E-03  6.2392E-03  6.2392E-03  1.8321E-03  1.8321E-03  2.8498E-04  2.8498E-04
  4.8727436353E+02  1.8708621277E-02  1.0413E-04  1.0413E-04  9.9634E-04  9.9634E-04  6.1113E-03  6.1113E-03  1.8511E-03  1.8511E-03  2.9145E-04  2.9145E-04
  4.8827436353E+02  1.8057168618E-02  1.0110E-04  1.0110E-04  9.5908E-04  9.5908E-04  5.8876E-03  5.8876E-03  1.7925E-03  1.7925E-03  2.8825E-04  2.8825E-04
  4.8927436353E+02  1.7811879010E-02  1.0178E-04  1.0178E-04  9.4193E-04  9.4193E-04  5.7730E-03  5.7730E-03  1.7947E-03  1.7947E-03  2.9448E-04  2.9448E-04
  4.9027436353E+02  1.7480761262E-02  1.0180E-04  1.0180E-04  9.2314E-04  9.2314E-04  5.6373E-03  5.6373E-03  1.7773E-03  1.7773E-03  3.0085E-04  3.0085E-04
  4.9127436353E+02  1.7107287990E-02  1.0030E-04  1.0030E-04  9.0112E-04  9.0112E-04  5.4942E-03  5.4942E-03  1.7500E-03  1.7500E-03  3.0799E-04  3.0799E-04
  4.9227436353E+02  1.6774892488E-02  9.9760E-05  9.9760E-05  8.7974E-04  8.7974E-04  5.3587E-03  5.3587E-03  1.7341E-03  1.7341E-03  3.1513E-04  3.1513E-04
  4.9327436353E+02  1.6510815274E-02  1.0039E-04  1.0039E-04  8.6117E-04  8.6117E-04  5.2386E-03  5.2386E-03  1.7330E-03  1.7330E-03  3.2226E-04  3.2226E-04
  4.9427436353E+02  1.6354070376E-02  1.0167E-04  1.0167E-04  8.4847E-04  8.4847E-04  5.1581E-03  5.1581E-03  1.7386E-03  1.7386E-03  3.3026E-04  3.3026E-04
  4.9527436353E+02  1.6261320905E-02  1.0340E-04  1.0340E-04  8.3923E-04  8.3923E-04  5.1004E-03  5.1004E-03  1.7486E-03  1.7486E-03  3.3898E-04  3.3898E-04
  4.9627436353E+02  1.6198598358E-02  1.0534E-04  1.0534E-04  8.3159E-04  8.3159E-04  5.0553E-03  5.0553E-03  1.7591E-03  1.7591E-03  3.4789E-04  3.4789E-04
  4.9727436353E+02  1.6156062697E-02  1.0740E-04  1.0740E-04  8.2493E-04  8.2493E-04  5.0184E-03  5.0184E-03  1.7703E-03  1.7703E-03  3.5708E-04  3.5708E-04
  4.9827436353E+02  1.6141934895E-02  1.0976E-04  1.0976E-04  8.1970E-04  8.1970E-04  4.9918E-03  4.9918E-03  1.7831E-03  1.7831E-03  3.6667E-04  3.6667E-04
  4.9927436353E+02  1.6130405695E-02  1.1211E-04  1.1211E-04  8.1450E-04  8.1450E-04  4.9705E-03  4.9705E-03  1.7921E-03  1.7921E-03  3.7606E-04  3.7606E-04
  5.0027436353E+02  1.6143475739E-02  1.1467E-04  1.1467E-04  8.1040E-04  8.1040E-04  4.9567E-03  4.9567E-03  1.8039E-03  1.8039E-03  3.8610E-04  3.8610E-04
  5.0127436353E+02  1.6176343279E-02  1.1736E-04  1.1736E-04  8.0707E-04  8.0707E-04  4.9512E-03  4.9512E-03  1.8157E-03  1.8157E-03  3.9682E-04  3.9682E-04
  5.0227436353E+02  1.6244604654E-02  1.2037E-04  1.2037E-04  8.0523E-04  8.0523E-04  4.9547E-03  4.9547E-03  1.8333E-03  1.8333E-03  4.0876E-04  4.0876E-04
  5.0327436353E+02  1.6378040501E-02  1.2461E-04  1.2461E-04  8.0644E-04  8.0644E-04  4.9699E-03  4.9699E-03  1.8657E-03  1.8657E-03  4.2233E-04  4.2233E-04
  5.0427436353E+02  1.6588465792E-02  1.3055E-04  1.3055E-04  8.1122E-04  8.1122E-04  4.9957E-03  4.9957E-03  1.9191E-03  1.9191E-03  4.3759E-04  4.3759E-04
  5.0527436353E+02  1.6783264574E-02  1.3610E-04  1.3610E-04  8.1508E-04  8.1508E-04  5.0304E-03  5.0304E-03  1.9577E-03  1.9577E-03  4.5237E-04  4.5237E-04
  5.0627436353E+02  1.6873550491E-02  1.4004E-04  1.4004E-04  8.1328E-04  8.1328E-04  5.0556E-03  5.0556E-03  1.9633E-03  1.9633E-03  4.6458E-04  4.6458E-04
  5.0727436353E+02  1.6968040732E-02  1.4348E-04  1.4348E-04  8.1111E-04  8.1111E-04  5.0856E-03  5.0856E-03  1.9664E-03  1.9664E-03  4.7740E-04  4.7740E-04
  5.0827436353E+02  1.7088063119E-02  1.4709E-04  1.4709E-04  8.0984E-04  8.0984E-04  5.1235E-03  5.1235E-03  1.9725E-03  1.9725E-03  4.9112E-04  4.9112E-04
  5.0927436353E+02  1.7214378312E-02  1.5066E-04  1.5066E-04  8.0848E-04  8.0848E-04  5.1648E-03  5.1648E-03  1.9779E-03  1.9779E-03  5.0537E-04  5.0537E-04
  5.1027436353E+02  1.7397109595E-02  1.5532E-04  1.5532E-04  8.0956E-04  8.0956E-04  5.2152E-03  5.2152E-03  1.9973E-03  1.9973E-03  5.2123E-04  5.2123E-04
  5.1127436353E+02  1.7657621965E-02  1.6043E-04  1.6043E-04  8.1419E-04  8.1419E-04  5.2774E-03  5.2774E-03  2.0367E-03  2.0367E-03  5.4009E-04  5.4009E-04
  5.1227436353E+02  1.7881675837E-02  1.6566E-04  1.6566E-04  8.1636E-04  8.1636E-04  5.3390E-03  5.3390E-03  2.0618E-03  2.0618E-03  5.5794E-04  5.5794E-04
  5.1327436353E+02  1.7830225403E-02  1.6804E-04  1.6804E-04  8.0408E-04  8.0408E-04  5.3729E-03  5.3729E-03  2.0014E-03  2.0014E-03  5.6868E-04  5.6868E-04
  5.1427436353E+02  1.7998287924E-02  1.7303E-04  1.7303E-04  8.0241E-04  8.0241E-04  5.4347E-03  5.4347E-03  2.0030E-03  2.0030E-03  5.8591E-04  5.8591E-04
  5.1527436353E+02  1.8201780929E-02  1.7859E-04  1.7859E-04  8.0199E-04  8.0199E-04  5.5037E-03  5.5037E-03  2.0121E-03  2.0121E-03  6.0460E-04  6.0460E-04
  5.1627436353E+02  1.8406025839E-02  1.8452E-04  1.8452E-04  8.0093E-04  8.0093E-04  5.5751E-03  5.5751E-03  2.0188E-03  2.0188E-03  6.2365E-04  6.2365E-04
  5.1727436353E+02  1.8633618462E-02  1.9100E-04  1.9100E-04  8.0043E-04  8.0043E-04  5.6519E-03  5.6519E-03  2.0297E-03  2.0297E-03  6.4379E-04  6.4379E-04
  5.1827436353E+02  1.8885905866E-02  1.9803E-04  1.9803E-04  8.0049E-04  8.0049E-04  5.7353E-03  5.7353E-03  2.0440E-03  2.0440E-03  6.6510E-04  6.6510E-04
  5.1927436353E+02  1.9125651648E-02  2.0504E-04  2.0504E-04  7.9921E-04  7.9921E-04  5.8215E-03  5.8215E-03  2.0503E-03  2.0503E-03  6.8679E-04  6.8679E-04
  5.2027436353E+02  1.9398693319E-02  2.1280E-04  2.1280E-04  7.9862E-04  7.9862E-04  5.9186E-03  5.9186E-03  2.0593E-03  2.0593E-03  7.1007E-04  7.1007E-04
  5.2127436353E+02  1.9841866989E-02  2.2234E-04  2.2234E-04  8.0599E-04  8.0599E-04  6.0392E-03  6.0392E-03  2.1144E-03  2.1144E-03  7.3895E-04  7.3895E-04
  5.2227436353E+02  1.9956007892E-02  2.3012E-04  2.3012E-04  7.9447E-04  7.9447E-04  6.1344E-03  6.1344E-03  2.0597E-03  2.0597E-03  7.5931E-04  7.5931E-04
  5.2327436353E+02  2.0307591460E-02  2.4038E-04  2.4038E-04  7.9428E-04  7.9428E-04  6.2609E-03  6.2609E-03  2.0709E-03  2.0709E-03  7.8738E-04  7.8738E-04
  5.2427436353E+02  2.0690426876E-02  2.5165E-04  2.5165E-04  7.9433E-04  7.9433E-04  6.3970E-03  6.3970E-03  2.0849E-03  2.0849E-03  8.1731E-04  8.1731E-04
  5.2527436353E+02  2.1106669742E-02  2.6400E-04  2.6400E-04  7.9467E-04  7.9467E-04  6.5435E-03  6.5435E-03  2.1019E-03  2.1019E-03  8.4931E-04  8.4931E-04
  5.2627436353E+02  2.1542543028E-02  2.7721E-04  2.7721E-04  7.9447E-04  7.9447E-04  6.6998E-03  6.6998E-03  2.1165E-03  2.1165E-03  8.8330E-04  8.8330E-04
  5.2727436353E+02  2.2021336192E-02  2.9175E-04  2.9175E-04  7.9466E-04  7.9466E-04  6.8700E-03  6.8700E-03  2.1343E-03  2.1343E-03  9.1991E-04  9.1991E-04
  5.2827436353E+02  2.2541352203E-02  3.0779E-04  3.0779E-04  7.9491E-04  7.9491E-04  7.0545E-03  7.0545E-03  2.1541E-03  2.1541E-03  9.5934E-04  9.5934E-04
  5.2927436353E+02  2.3128169015E-02  3.2590E-04  3.2590E-04  7.9570E-04  7.9570E-04  7.2624E-03  7.2624E-03  2.1772E-03  2.1772E-03  1.0030E-03  1.0030E-03
  5.3027436353E+02  2.3912636185E-02  3.4726E-04  3.4726E-04  8.0349E-04  8.0349E-04  7.5128E-03  7.5128E-03  2.2375E-03  2.2375E-03  1.0553E-03  1.0553E-03
  5.3127436353E+02  2.4729637576E-02  3.7212E-04  3.7212E-04  8.0733E-04  8.0733E-04  7.7965E-03  7.7965E-03  2.2764E-03  2.2764E-03  1.1124E-03  1.1124E-03
  5.3227436353E+02  2.5490273541E-02  3.9897E-04  3.9897E-04  8.0260E-04  8.0260E-04  8.1072E-03  8.1072E-03  2.2633E-03  2.2633E-03  1.1731E-03  1.1731E-03
  5.3327436353E+02  2.6549029139E-02  4.3152E-04  4.3152E-04  8.0788E-04  8.0788E-04  8.4794E-03  8.4794E-03  2.3090E-03  2.3090E-03  1.2467E-03  1.2467E-03
  5.3427436353E+02  2.7777938628E-02  4.6956E-04  4.6956E-04  8.1434E-04  8.1434E-04  8.9116E-03  8.9116E-03  2.3617E-03  2.3617E-03  1.3318E-03  1.3318E-03
  5.3527436353E+02  2.9233415960E-02  5.1457E-04  5.1457E-04  8.2304E-04  8.2304E-04  9.4203E-03  9.4203E-03  2.4275E-03  2.4275E-03  1.4313E-03  1.4313E-03
  5.3627436353E+02  3.1081586940E-02  5.7124E-04  5.7124E-04  8.3617E-04  8.3617E-04  1.0064E-02  1.0064E-02  2.5137E-03  2.5137E-03  1.5561E-03  1.5561E-03
  5.3727436353E+02  3.3724558299E-02  6.4996E-04  6.4996E-04  8.5989E-04  8.5989E-04  1.0983E-02  1.0983E-02  2.6394E-03  2.6394E-03  1.7303E-03  1.7303E-03
  5.3827436353E+02  3.7793640992E-02  7.6890E-04  7.6890E-04  9.0134E-04  9.0134E-04  1.2404E-02  1.2404E-02  2.8273E-03  2.8273E-03  1.9958E-03  1.9958E-03
  5.3927436353E+02  4.4813712827E-02  9.7149E-04  9.7149E-04  9.8002E-04  9.8002E-04  1.4855E-02  1.4855E-02  3.1531E-03  3.1531E-03  2.4471E-03  2.4471E-03
  5.4027436353E+02  5.8682459501E-02  1.3660E-03  1.3660E-03  1.1451E-03  1.1451E-03  1.9680E-02  1.9680E-02  3.8146E-03  3.8146E-03  3.3350E-03  3.3350E-03
  5.4127436353E+02  7.8064804145E-02  1.9056E-03  1.9056E-03  1.3829E-03  1.3829E-03  2.6283E-02  2.6283E-02  4.8430E-03  4.8430E-03  4.6179E-03  4.6179E-03
  5.4227436353E+02  2.1834723115E-02  4.2426E-04  4.2426E-04  5.7605E-04  5.7605E-04  6.9048E-03  6.9048E-03  1.9598E-03  1.9598E-03  1.0525E-03  1.0525E-03
  5.4327436353E+02  9.3101012974E-03  9.5013E-05  9.5013E-05  3.7231E-04  3.7231E-04  2.6198E-03  2.6198E-03  1.3199E-03  1.3199E-03  2.4805E-04  2.4805E-04
  5.4427436353E+02  9.4552946661E-03  9.6306E-05  9.6306E-05  3.7343E-04  3.7343E-04  2.6777E-03  2.6777E-03  1.3270E-03  1.3270E-03  2.5315E-04  2.5315E-04
  5.4527436353E+02  9.6073625962E-03  9.7635E-05  9.7635E-05  3.7459E-04  3.7459E-04  2.7383E-03  2.7383E-03  1.3347E-03  1.3347E-03  2.5849E-04  2.5849E-04
  5.4627436353E+02  9.7619024294E-03  9.8989E-05  9.8989E-05  3.7552E-04  3.7552E-04  2.8009E-03  2.8009E-03  1.3416E-03  1.3416E-03  2.6394E-04  2.6394E-04
  5.4727436353E+02  9.9084975732E-03  1.0039E-04  1.0039E-04  3.7550E-04  3.7550E-04  2.8653E-03  2.8653E-03  1.3437E-03  1.3437E-03  2.6935E-04  2.6935E-04
  5.4827436353E+02  1.0026862730E-02  1.0181E-04  1.0181E-04  3.7319E-04  3.7319E-04  2.9295E-03  2.9295E-03  1.3346E-03  1.3346E-03  2.7433E-04  2.7433E-04
  5.4927436353E+02  1.0125961491E-02  1.0318E-04  1.0318E-04  3.6930E-04  3.6930E-04  2.9920E-03  2.9920E-03  1.3196E-03  1.3196E-03  2.7895E-04  2.7895E-04
  5.5027436353E+02  1.0266889973E-02  1.0475E-04  1.0475E-04  3.6758E-04  3.6758E-04  3.0597E-03  3.0597E-03  1.3169E-03  1.3169E-03  2.8443E-04  2.8443E-04
  5.5127436353E+02  1.0422381598E-02  1.0646E-04  1.0646E-04  3.6627E-04  3.6627E-04  3.1301E-03  3.1301E-03  1.3182E-03  1.3182E-03  2.9020E-04  2.9020E-04
  5.5227436353E+02  1.0597502660E-02  1.0842E-04  1.0842E-04  3.6556E-04  3.6556E-04  3.2044E-03  3.2044E-03  1.3239E-03  1.3239E-03  2.9646E-04  2.9646E-04
  5.5327436353E+02  1.0709207577E-02  1.0949E-04  1.0949E-04  3.6049E-04  3.6049E-04  3.2764E-03  3.2764E-03  1.3073E-03  1.3073E-03  3.0094E-04  3.0094E-04
  5.5427436353E+02  1.0886396988E-02  1.1124E-04  1.1124E-04  3.5842E-04  3.5842E-04  3.3598E-03  3.3598E-03  1.3066E-03  1.3066E-03  3.0712E-04  3.0712E-04
  5.5527436353E+02  1.1085562548E-02  1.1320E-04  1.1320E-04  3.5676E-04  3.5676E-04  3.4501E-03  3.4501E-03  1.3089E-03  1.3089E-03  3.1378E-04  3.1378E-04
  5.5627436353E+02  1.1297868850E-02  1.1527E-04  1.1527E-04  3.5502E-04  3.5502E-04  3.5459E-03  3.5459E-03  1.3120E-03  1.3120E-03  3.2076E-04  3.2076E-04
  5.5727436353E+02  1.1525750639E-02  1.1752E-04  1.1752E-04  3.5321E-04  3.5321E-04  3.6479E-03  3.6479E-03  1.3161E-03  1.3161E-03  3.2812E-04  3.2812E-04
  5.5827436353E+02  1.1784101863E-02  1.2006E-04  1.2006E-04  3.5198E-04  3.5198E-04  3.7594E-03  3.7594E-03  1.3243E-03  1.3243E-03  3.3623E-04  3.3623E-04
  5.5927436353E+02  1.2075148212E-02  1.2294E-04  1.2294E-04  3.5134E-04  3.5134E-04  3.8814E-03  3.8814E-03  1.3368E-03  1.3368E-03  3.4513E-04  3.4513E-04
  5.6027436353E+02  1.2391554489E-02  1.2612E-04  1.2612E-04  3.5087E-04  3.5087E-04  4.0123E-03  4.0123E-03  1.3519E-03  1.3519E-03  3.5458E-04  3.5458E-04
  5.6127436353E+02  1.2729084260E-02  1.2952E-04  1.2952E-04  3.5030E-04  3.5030E-04  4.1517E-03  4.1517E-03  1.3686E-03  1.3686E-03  3.6440E-04  3.6440E-04
  5.6227436353E+02  1.3071296260E-02  1.3267E-04  1.3267E-04  3.4899E-04  3.4899E-04  4.2968E-03  4.2968E-03  1.3831E-03  1.3831E-03  3.7409E-04  3.7409E-04
  5.6327436353E+02  1.3433105070E-02  1.3585E-04  1.3585E-04  3.4755E-04  3.4755E-04  4.4511E-03  4.4511E-03  1.3980E-03  1.3980E-03  3.8409E-04  3.8409E-04
  5.6427436353E+02  1.3837749007E-02  1.3920E-04  1.3920E-04  3.4646E-04  3.4646E-04  4.6237E-03  4.6237E-03  1.4146E-03  1.4146E-03  3.9494E-04  3.9494E-04
  5.6527436353E+02  1.4318822598E-02  1.4282E-04  1.4282E-04  3.4634E-04  3.4634E-04  4.8287E-03  4.8287E-03  1.4341E-03  1.4341E-03  4.0746E-04  4.0746E-04
  5.6627436353E+02  1.4874902662E-02  1.4681E-04  1.4681E-04  3.4729E-04  3.4729E-04  5.0645E-03  5.0645E-03  1.4570E-03  1.4570E-03  4.2177E-04  4.2177E-04
  5.6727436353E+02  1.5521644865E-02  1.5130E-04  1.5130E-04  3.4928E-04  3.4928E-04  5.3380E-03  5.3380E-03  1.4840E-03  1.4840E-03  4.3823E-04  4.3823E-04
  5.6827436353E+02  1.6266444850E-02  1.5635E-04  1.5635E-04  3.5216E-04  3.5216E-04  5.6527E-03  5.6527E-03  1.5149E-03  1.5149E-03  4.5706E-04  4.5706E-04
  5.6927436353E+02  1.7175107041E-02  1.6228E-04  1.6228E-04  3.5710E-04  3.5710E-04  6.0335E-03  6.0335E-03  1.5544E-03  1.5544E-03  4.8023E-04  4.8023E-04
  5.7027436353E+02  1.8350324724E-02  1.7122E-04  1.7122E-04  3.6553E-04  3.6553E-04  6.5081E-03  6.5081E-03  1.6200E-03  1.6200E-03  5.1038E-04  5.1038E-04
  5.7127436353E+02  1.9773662505E-02  1.8300E-04  1.8300E-04  3.7689E-04  3.7689E-04  7.0734E-03  7.0734E-03  1.7066E-03  1.7066E-03  5.4699E-04  5.4699E-04
  5.7227436353E+02  2.1500520683E-02  1.9580E-04  1.9580E-04  3.9215E-04  3.9215E-04  7.7692E-03  7.7692E-03  1.8020E-03  1.8020E-03  5.9109E-04  5.9109E-04
  5.7327436353E+02  2.4211169596E-02  2.1316E-04  2.1316E-04  4.2103E-04  4.2103E-04  8.8709E-03  8.8709E-03  1.9415E-03  1.9415E-03  6.5901E-04  6.5901E-04
  5.7427436353E+02  2.9273499335E-02  2.5958E-04  2.5958E-04  4.8254E-04  4.8254E-04  1.0786E-02  1.0786E-02  2.3172E-03  2.3172E-03  7.9141E-04  7.9141E-04
  5.7527436353E+02  3.9903338558E-02  3.2898E-04  3.2898E-04  6.2166E-04  6.2166E-04  1.4973E-02  1.4973E-02  2.9569E-03  2.9569E-03  1.0707E-03  1.0707E-03
  5.7627436353E+02  4.5477791328E-02  4.0602E-04  4.0602E-04  6.8211E-04  6.8211E-04  1.7006E-02  1.7006E-02  3.4152E-03  3.4152E-03  1.2297E-03  1.2297E-03
  5.7727436353E+02  3.1741108457E-02  3.8103E-04  3.8103E-04  4.9065E-04  4.9065E-04  1.1215E-02  1.1215E-02  2.9021E-03  2.9021E-03  8.8187E-04  8.8187E-04
  5.7827436353E+02  1.9206967574E-02  3.2478E-04  3.2478E-04  3.3612E-04  3.3612E-04  6.0070E-03  6.0070E-03  2.3787E-03  2.3787E-03  5.5690E-04  5.5690E-04
  5.7927436353E+02  1.5054943982E-02  3.1142E-04  3.1142E-04  2.7891E-04  2.7891E-04  4.2295E-03  4.2295E-03  2.2534E-03  2.2534E-03  4.5427E-04  4.5427E-04
  5.8027436353E+02  1.2167286058E-02  3.0159E-04  3.0159E-04  2.3192E-04  2.3192E-04  3.0014E-03  3.0014E-03  2.1684E-03  2.1684E-03  3.8034E-04  3.8034E-04
  5.8127436353E+02  1.0126187063E-02  2.9095E-04  2.9095E-04  1.9761E-04  1.9761E-04  2.1357E-03  2.1357E-03  2.1033E-03  2.1033E-03  3.3557E-04  3.3557E-04
  5.8227436353E+02  8.8990086107E-03  2.9069E-04  2.9069E-04  1.7399E-04  1.7399E-04  1.5484E-03  1.5484E-03  2.1192E-03  2.1192E-03  3.1719E-04  3.1719E-04
  5.8327436353E+02  7.7732365055E-03  2.9467E-04  2.9467E-04  1.4475E-04  1.4475E-04  9.5700E-04  9.5700E-04  2.1794E-03  2.1794E-03  3.1080E-04  3.1080E-04
  5.8427436353E+02  8.3713534077E-03  3.3376E-04  3.3376E-04  1.4667E-04  1.4667E-04  8.6917E-04  8.6917E-04  2.4825E-03  2.4825E-03  3.5361E-04  3.5361E-04
  5.8527436353E+02  9.3758509518E-03  3.7546E-04  3.7546E-04  1.5881E-04  1.5881E-04  9.5889E-04  9.5889E-04  2.7901E-03  2.7901E-03  4.0462E-04  4.0462E-04
  5.8627436353E+02  1.0353051829E-02  4.1587E-04  4.1587E-04  1.7093E-04  1.7093E-04  1.0495E-03  1.0495E-03  3.0857E-03  3.0857E-03  4.5452E-04  4.5452E-04
  5.8727436353E+02  1.1685221246E-02  4.7239E-04  4.7239E-04  1.8550E-04  1.8550E-04  1.1580E-03  1.1580E-03  3.5022E-03  3.5022E-03  5.2445E-04  5.2445E-04
  5.8827436353E+02  1.3340893253E-02  5.4263E-04  5.4263E-04  2.0365E-04  2.0365E-04  1.2921E-03  1.2921E-03  4.0219E-03  4.0219E-03  6.1022E-04  6.1022E-04
  5.8927436353E+02  1.4810256040E-02  6.0456E-04  6.0456E-04  2.1950E-04  2.1950E-04  1.4204E-03  1.4204E-03  4.4629E-03  4.4629E-03  6.9775E-04  6.9775E-04
  5.9027436353E+02  1.6599697961E-02  6.8071E-04  6.8071E-04  2.3885E-04  2.3885E-04  1.5696E-03  1.5696E-03  5.0104E-03  5.0104E-03  8.0031E-04  8.0031E-04
  5.9127436353E+02  1.9090245051E-02  7.8748E-04  7.8748E-04  2.6605E-04  2.6605E-04  1.7690E-03  1.7690E-03  5.7866E-03  5.7866E-03  9.3599E-04  9.3599E-04
  5.9227436353E+02  2.1739880183E-02  9.0178E-04  9.0178E-04  2.9411E-04  2.9411E-04  1.9874E-03  1.9874E-03  6.5984E-03  6.5984E-03  1.0882E-03  1.0882E-03
  5.9327436353E+02  2.4692936599E-02  1.0297E-03  1.0297E-03  3.2429E-04  3.2429E-04  2.2365E-03  2.2365E-03  7.4946E-03  7.4946E-03  1.2614E-03  1.2614E-03
  5.9427436353E+02  3.0155205469E-02  1.2681E-03  1.2681E-03  3.8546E-04  3.8546E-04  2.6872E-03  2.6872E-03  9.2028E-03  9.2028E-03  1.5340E-03  1.5340E-03
  5.9527436353E+02  3.4927705235E-02  1.4784E-03  1.4784E-03  4.3208E-04  4.3208E-04  3.0443E-03  3.0443E-03  1.0651E-02  1.0651E-02  1.8583E-03  1.8583E-03
  5.9627436353E+02  3.7474247863E-02  1.5923E-03  1.5923E-03  4.4519E-04  4.4519E-04  3.2182E-03  3.2182E-03  1.1342E-02  1.1342E-02  2.1398E-03  2.1398E-03
  5.9727436353E+02  4.4450631650E-02  1.9089E-03  1.9089E-03  4.9985E-04  4.9985E-04  3.5925E-03  3.5925E-03  1.3419E-02  1.3419E-02  2.8048E-03  2.8048E-03
  5.9827436353E+02  4.7724553813E-02  2.0501E-03  2.0501E-03  5.2402E-04  5.2402E-04  3.9176E-03  3.9176E-03  1.4262E-02  1.4262E-02  3.1089E-03  3.1089E-03
  5.9927436353E+02  4.9450191108E-02  2.1192E-03  2.1192E-03  5.3404E-04  5.3404E-04  4.2014E-03  4.2014E-03  1.4574E-02  1.4574E-02  3.2960E-03  3.2960E-03
  6.0027436353E+02  5.2843251936E-02  2.2607E-03  2.2607E-03  5.6741E-04  5.6741E-04  4.6535E-03  4.6535E-03  1.5302E-02  1.5302E-02  3.6383E-03  3.6383E-03
  6.0127436353E+02  5.5662718344E-02  2.3608E-03  2.3608E-03  5.9879E-04  5.9879E-04  5.2120E-03  5.2120E-03  1.5731E-02  1.5731E-02  3.9285E-03  3.9285E-03
  6.0227436353E+02  5.9217813513E-02  2.4760E-03  2.4760E-03  6.4655E-04  6.4655E-04  6.0470E-03  6.0470E-03  1.6203E-02  1.6203E-02  4.2368E-03  4.2368E-03
  6.0327436353E+02  5.3966167109E-02  2.2492E-03  2.2492E-03  5.5875E-04  5.5875E-04  5.5354E-03  5.5354E-03  1.4967E-02  1.4967E-02  3.6730E-03  3.6730E-03
  6.0427436353E+02  4.8966196681E-02  2.0382E-03  2.0382E-03  4.5790E-04  4.5790E-04  4.9633E-03  4.9633E-03  1.4037E-02  1.4037E-02  2.9872E-03  2.9872E-03
  6.0527436353E+02  4.8572951786E-02  2.0074E-03  2.0074E-03  4.2817E-04  4.2817E-04  4.9911E-03  4.9911E-03  1.4078E-02  1.4078E-02  2.7822E-03  2.7822E-03
  6.0627436353E+02  4.6975545987E-02  1.9098E-03  1.9098E-03  3.9986E-04  3.9986E-04  4.9422E-03  4.9422E-03  1.3626E-02  1.3626E-02  2.6098E-03  2.6098E-03
  6.0727436353E+02  4.4295695169E-02  1.7482E-03  1.7482E-03  3.7247E-04  3.7247E-04  4.7479E-03  4.7479E-03  1.2770E-02  1.2770E-02  2.5091E-03  2.5091E-03
  6.0827436353E+02  3.9883771011E-02  1.5042E-03  1.5042E-03  3.3752E-04  3.3752E-04  4.3580E-03  4.3580E-03  1.1341E-02  1.1341E-02  2.4013E-03  2.4013E-03
  6.0927436353E+02  2.8046706830E-02  1.0533E-03  1.0533E-03  2.6402E-04  2.6402E-04  3.0441E-03  3.0441E-03  7.6022E-03  7.6022E-03  2.0598E-03  2.0598E-03
  6.1027436353E+02  1.6629193956E-02  6.7050E-04  6.7050E-04  1.9068E-04  1.9068E-04  1.6901E-03  1.6901E-03  4.0661E-03  4.0661E-03  1.6972E-03  1.6972E-03
  6.1127436353E+02  9.8808470423E-03  4.6055E-04  4.6055E-04  1.4358E-04  1.4358E-04  8.4830E-04  8.4830E-04  2.0120E-03  2.0120E-03  1.4760E-03  1.4760E-03
  6.1227436353E+02  8.5832491769E-03  4.1640E-04  4.1640E-04  1.2568E-04  1.2568E-04  7.2546E-04  7.2546E-04  1.6119E-03  1.6119E-03  1.4122E-03  1.4122E-03
  6.1327436353E+02  1.0388686905E-02  4.9969E-04  4.9969E-04  1.3771E-04  1.3771E-04  9.7964E-04  9.7964E-04  1.9548E-03  1.9548E-03  1.6225E-03  1.6225E-03
  6.1427436353E+02  1.1859330523E-02  5.5297E-04  5.5297E-04  1.2677E-04  1.2677E-04  1.2241E-03  1.2241E-03  2.5889E-03  2.5889E-03  1.4370E-03  1.4370E-03
  6.1527436353E+02  1.6063713097E-02  7.1561E-04  7.1561E-04  1.3834E-04  1.3834E-04  1.8167E-03  1.8167E-03  3.9773E-03  3.9773E-03  1.3839E-03  1.3839E-03
  6.1627436353E+02  2.4235093751E-02  1.0137E-03  1.0137E-03  1.7083E-04  1.7083E-04  2.9798E-03  2.9798E-03  6.5317E-03  6.5317E-03  1.4215E-03  1.4215E-03
  6.1727436353E+02  3.4372457809E-02  1.3338E-03  1.3338E-03  2.1147E-04  2.1147E-04  4.4569E-03  4.4569E-03  9.5875E-03  9.5875E-03  1.5965E-03  1.5965E-03
  6.1827436353E+02  3.8480438741E-02  1.4116E-03  1.4116E-03  2.1957E-04  2.1957E-04  5.1364E-03  5.1364E-03  1.0752E-02  1.0752E-02  1.7211E-03  1.7211E-03
  6.1927436353E+02  3.9139285297E-02  1.4023E-03  1.4023E-03  2.1369E-04  2.1369E-04  5.3508E-03  5.3508E-03  1.0729E-02  1.0729E-02  1.8740E-03  1.8740E-03
  6.2027436353E+02  3.7966823338E-02  1.3998E-03  1.3998E-03  2.0321E-04  2.0321E-04  5.3456E-03  5.3456E-03  9.8382E-03  9.8382E-03  2.1966E-03  2.1966E-03
  6.2127436353E+02  6.1982400795E-02  2.7899E-03  2.7899E-03  3.3417E-04  3.3417E-04  8.9231E-03  8.9231E-03  1.0432E-02  1.0432E-02  8.5123E-03  8.5123E-03
  6.2227436353E+02  9.1258058450E-02  4.3620E-03  4.3620E-03  4.4776E-04  4.4776E-04  1.2307E-02  1.2307E-02  1.2118E-02  1.2118E-02  1.6394E-02  1.6394E-02
  6.2327436353E+02  1.2826931208E-01  6.1748E-03  6.1748E-03  5.6811E-04  5.6811E-04  1.6021E-02  1.6021E-02  1.5020E-02  1.5020E-02  2.6351E-02  2.6351E-02
  6.2427436353E+02  1.3040599946E-01  6.2976E-03  6.2976E-03  5.6529E-04  5.6529E-04  1.5866E-02  1.5866E-02  1.3933E-02  1.3933E-02  2.8541E-02  2.8541E-02
  6.2527436353E+02  1.1670148782E-01  5.6787E-03  5.6787E-03  5.3486E-04  5.3486E-04  1.4567E-02  1.4567E-02  1.1441E-02  1.1441E-02  2.6129E-02  2.6129E-02
  6.2627436353E+02  8.4640101809E-02  3.9942E-03  3.9942E-03  4.1315E-04  4.1315E-04  1.0343E-02  1.0343E-02  8.9543E-03  8.9543E-03  1.8616E-02  1.8616E-02
  6.2727436353E+02  5.9135326992E-02  2.7170E-03  2.7170E-03  3.0730E-04  3.0730E-04  7.3608E-03  7.3608E-03  7.0447E-03  7.0447E-03  1.2138E-02  1.2138E-02
  6.2827436353E+02  4.1184012183E-02  1.8846E-03  1.8846E-03  2.0063E-04  2.0063E-04  5.0335E-03  5.0335E-03  4.9902E-03  4.9902E-03  8.4831E-03  8.4831E-03
  6.2927436353E+02  2.4980167358E-02  1.1338E-03  1.1338E-03  1.1472E-04  1.1472E-04  2.8442E-03  2.8442E-03  3.1268E-03  3.1268E-03  5.2705E-03  5.2705E-03
  6.3027436353E+02  1.6814907533E-02  7.5904E-04  7.5904E-04  6.6472E-05  6.6472E-05  1.6516E-03  1.6516E-03  2.1893E-03  2.1893E-03  3.7410E-03  3.7410E-03
  6.3127436353E+02  1.3378636199E-02  6.0049E-04  6.0049E-04  5.0009E-05  5.0009E-05  1.1886E-03  1.1886E-03  1.8080E-03  1.8080E-03  3.0422E-03  3.0422E-03
  6.3227436353E+02  1.1240516867E-02  5.0236E-04  5.0236E-04  4.2103E-05  4.2103E-05  9.3090E-04  9.3090E-04  1.5780E-03  1.5780E-03  2.5669E-03  2.5669E-03
  6.3327436353E+02  1.1849083958E-02  5.2724E-04  5.2724E-04  5.0654E-05  5.0654E-05  9.0736E-04  9.0736E-04  1.5423E-03  1.5423E-03  2.8970E-03  2.8970E-03
  6.3427436353E+02  1.5631189795E-02  6.9450E-04  6.9450E-04  7.8647E-05  7.8647E-05  1.3380E-03  1.3380E-03  1.9376E-03  1.9376E-03  3.7668E-03  3.7668E-03
  6.3527436353E+02  2.1034810338E-02  9.2871E-04  9.2871E-04  1.1275E-04  1.1275E-04  1.9599E-03  1.9599E-03  2.6635E-03  2.6635E-03  4.8526E-03  4.8526E-03
  6.3627436353E+02  2.4676269344E-02  1.0845E-03  1.0845E-03  1.3686E-04  1.3686E-04  2.2996E-03  2.2996E-03  3.0750E-03  3.0750E-03  5.7422E-03  5.7422E-03
  6.3727436353E+02  2.7216344372E-02  1.1949E-03  1.1949E-03  1.5412E-04  1.5412E-04  2.4973E-03  2.4973E-03  3.2790E-03  3.2790E-03  6.4828E-03  6.4828E-03
  6.3827436353E+02  2.7499488140E-02  1.2003E-03  1.2003E-03  1.5656E-04  1.5656E-04  2.5113E-03  2.5113E-03  3.2859E-03  3.2859E-03  6.5957E-03  6.5957E-03
  6.3927436353E+02  2.9234429957E-02  1.2779E-03  1.2779E-03  1.6637E-04  1.6637E-04  2.6147E-03  2.6147E-03  3.3624E-03  3.3624E-03  7.1958E-03  7.1958E-03
  6.4027436353E+02  3.2044565995E-02  1.4059E-03  1.4059E-03  1.8144E-04  1.8144E-04  2.7948E-03  2.7948E-03  3.5705E-03  3.5705E-03  8.0697E-03  8.0697E-03
  6.4127436353E+02  3.3813466225E-02  1.4940E-03  1.4940E-03  1.9399E-04  1.9399E-04  2.8655E-03  2.8655E-03  3.5065E-03  3.5065E-03  8.8468E-03  8.8468E-03
  6.4227436353E+02  3.6702038218E-02  1.6365E-03  1.6365E-03  2.0858E-04  2.0858E-04  3.0289E-03  3.0289E-03  3.6544E-03  3.6544E-03  9.8227E-03  9.8227E-03
  6.4327436353E+02  4.7889770750E-02  2.2356E-03  2.2356E-03  2.6461E-04  2.6461E-04  3.4867E-03  3.4867E-03  3.9383E-03  3.9383E-03  1.4020E-02  1.4020E-02
  6.4427436353E+02  4.5853016416E-02  2.0983E-03  2.0983E-03  2.5554E-04  2.5554E-04  3.4388E-03  3.4388E-03  4.0033E-03  4.0033E-03  1.3131E-02  1.3131E-02
  6.4527436353E+02  3.9506062320E-02  1.7160E-03  1.7160E-03  2.2712E-04  2.2712E-04  3.2705E-03  3.2705E-03  3.9801E-03  3.9801E-03  1.0559E-02  1.0559E-02
  6.4627436353E+02  3.5746145307E-02  1.5063E-03  1.5063E-03  2.1067E-04  2.1067E-04  3.1287E-03  3.1287E-03  3.7456E-03  3.7456E-03  9.2818E-03  9.2818E-03
  6.4727436353E+02  3.3549273601E-02  1.3797E-03  1.3797E-03  2.0191E-04  2.0191E-04  2.8930E-03  2.8930E-03  3.5445E-03  3.5445E-03  8.7556E-03  8.7556E-03
  6.4827436353E+02  3.2596495473E-02  1.3099E-03  1.3099E-03  1.9848E-04  1.9848E-04  2.7773E-03  2.7773E-03  3.5264E-03  3.5264E-03  8.4862E-03  8.4862E-03
  6.4927436353E+02  3.1745019348E-02  1.2510E-03  1.2510E-03  1.9588E-04  1.9588E-04  2.6238E-03  2.6238E-03  3.4358E-03  3.4358E-03  8.3660E-03  8.3660E-03
  6.5027436353E+02  3.0385970955E-02  1.1778E-03  1.1778E-03  1.9192E-04  1.9192E-04  2.3961E-03  2.3961E-03  3.2033E-03  3.2033E-03  8.2239E-03  8.2239E-03
  6.5127436353E+02  2.9856840762E-02  1.1348E-03  1.1348E-03  1.9093E-04  1.9093E-04  2.2517E-03  2.2517E-03  3.0917E-03  3.0917E-03  8.2593E-03  8.2593E-03
  6.5227436353E+02  3.1629736368E-02  1.1915E-03  1.1915E-03  2.0104E-04  2.0104E-04  2.1979E-03  2.1979E-03  3.1385E-03  3.1385E-03  9.0859E-03  9.0859E-03
  6.5327436353E+02  3.4622201516E-02  1.3041E-03  1.3041E-03  2.1859E-04  2.1859E-04  2.1479E-03  2.1479E-03  3.2404E-03  3.2404E-03  1.0400E-02  1.0400E-02
  6.5427436353E+02  3.2585018375E-02  1.1772E-03  1.1772E-03  2.0522E-04  2.0522E-04  2.0054E-03  2.0054E-03  3.2858E-03  3.2858E-03  9.6188E-03  9.6188E-03
  6.5527436353E+02  2.6471194927E-02  8.9214E-04  8.9214E-04  1.7348E-04  1.7348E-04  1.8105E-03  1.8105E-03  3.1268E-03  3.1268E-03  7.2327E-03  7.2327E-03
  6.5627436353E+02  2.2354767182E-02  7.2133E-04  7.2133E-04  1.5374E-04  1.5374E-04  1.6657E-03  1.6657E-03  2.9339E-03  2.9339E-03  5.7027E-03  5.7027E-03
  6.5727436353E+02  1.9352820235E-02  6.1323E-04  6.1323E-04  1.4033E-04  1.4033E-04  1.5652E-03  1.5652E-03  2.7133E-03  2.7133E-03  4.6443E-03  4.6443E-03
  6.5827436353E+02  1.7507580141E-02  5.5305E-04  5.5305E-04  1.3257E-04  1.3257E-04  1.4913E-03  1.4913E-03  2.5395E-03  2.5395E-03  4.0374E-03  4.0374E-03
  6.5927436353E+02  1.6213072553E-02  5.1343E-04  5.1343E-04  1.2680E-04  1.2680E-04  1.4287E-03  1.4287E-03  2.3962E-03  2.3962E-03  3.6414E-03  3.6414E-03
  6.6027436353E+02  1.5235513276E-02  4.8535E-04  4.8535E-04  1.2213E-04  1.2213E-04  1.3733E-03  1.3733E-03  2.2729E-03  2.2729E-03  3.3640E-03  3.3640E-03
  6.6127436353E+02  1.4458148718E-02  4.6486E-04  4.6486E-04  1.1822E-04  1.1822E-04  1.3237E-03  1.3237E-03  2.1623E-03  2.1623E-03  3.1600E-03  3.1600E-03
  6.6227436353E+02  1.3852447188E-02  4.5073E-04  4.5073E-04  1.1493E-04  1.1493E-04  1.2793E-03  1.2793E-03  2.0647E-03  2.0647E-03  3.0165E-03  3.0165E-03
  6.6327436353E+02  1.7262525012E-02  5.6093E-04  5.6093E-04  1.3646E-04  1.3646E-04  1.6260E-03  1.6260E-03  1.9920E-03  1.9920E-03  4.3158E-03  4.3158E-03
  6.6427436353E+02  3.8027009572E-02  1.2061E-03  1.2061E-03  2.4986E-04  2.4986E-04  3.5693E-03  3.5693E-03  2.1240E-03  2.1240E-03  1.1864E-02  1.1864E-02
  6.6527436353E+02  3.6368521739E-02  1.1266E-03  1.1266E-03  2.4326E-04  2.4326E-04  3.3629E-03  3.3629E-03  2.1681E-03  2.1681E-03  1.1283E-02  1.1283E-02
  6.6627436353E+02  3.6841263082E-02  1.1250E-03  1.1250E-03  2.4791E-04  2.4791E-04  3.3429E-03  3.3429E-03  2.2178E-03  2.2178E-03  1.1487E-02  1.1487E-02
  6.6727436353E+02  3.8804783024E-02  1.1732E-03  1.1732E-03  2.5792E-04  2.5792E-04  3.4508E-03  3.4508E-03  2.2940E-03  2.2940E-03  1.2226E-02  1.2226E-02
  6.6827436353E+02  5.2630391017E-02  1.5807E-03  1.5807E-03  3.0412E-04  3.0412E-04  4.6791E-03  4.6791E-03  2.6650E-03  2.6650E-03  1.7086E-02  1.7086E-02
  6.6927436353E+02  5.3862263447E-02  1.6090E-03  1.6090E-03  3.1822E-04  3.1822E-04  4.7213E-03  4.7213E-03  2.7231E-03  2.7231E-03  1.7559E-02  1.7559E-02
  6.7027436353E+02  5.3762676806E-02  1.6031E-03  1.6031E-03  3.2872E-04  3.2872E-04  4.6382E-03  4.6382E-03  2.7243E-03  2.7243E-03  1.7587E-02  1.7587E-02
  6.7127436353E+02  5.3796355390E-02  1.6081E-03  1.6081E-03  3.3895E-04  3.3895E-04  4.5609E-03  4.5609E-03  2.7042E-03  2.7042E-03  1.7686E-02  1.7686E-02
  6.7227436353E+02  4.9171247830E-02  1.4870E-03  1.4870E-03  3.2474E-04  3.2474E-04  4.0478E-03  4.0478E-03  2.5714E-03  2.5714E-03  1.6155E-02  1.6155E-02
  6.7327436353E+02  4.3533070860E-02  1.3551E-03  1.3551E-03  2.9848E-04  2.9848E-04  3.4363E-03  3.4363E-03  2.4084E-03  2.4084E-03  1.4268E-02  1.4268E-02
  6.7427436353E+02  4.1132659466E-02  1.3210E-03  1.3210E-03  2.8489E-04  2.8489E-04  3.1233E-03  3.1233E-03  2.2688E-03  2.2688E-03  1.3568E-02  1.3568E-02
  6.7527436353E+02  4.0449857022E-02  1.3558E-03  1.3558E-03  2.7697E-04  2.7697E-04  2.9301E-03  2.9301E-03  2.1766E-03  2.1766E-03  1.3485E-02  1.3485E-02
  6.7627436353E+02  5.3685394437E-02  2.4034E-03  2.4034E-03  2.7084E-04  2.7084E-04  2.8541E-03  2.8541E-03  2.1057E-03  2.1057E-03  1.9209E-02  1.9209E-02
  6.7727436353E+02  6.6470814093E-02  3.3850E-03  3.3850E-03  2.6731E-04  2.6731E-04  2.8527E-03  2.8527E-03  2.0895E-03  2.0895E-03  2.4641E-02  2.4641E-02
  6.7827436353E+02  6.3129242333E-02  3.1560E-03  3.1560E-03  2.6906E-04  2.6906E-04  2.8411E-03  2.8411E-03  2.0920E-03  2.0920E-03  2.3207E-02  2.3207E-02
  6.7927436353E+02  6.7654184677E-02  3.4511E-03  3.4511E-03  2.7639E-04  2.7639E-04  2.9719E-03  2.9719E-03  2.1961E-03  2.1961E-03  2.4932E-02  2.4932E-02
  6.8027436353E+02  9.0002678849E-02  4.8679E-03  4.8679E-03  3.2071E-04  3.2071E-04  3.4703E-03  3.4703E-03  2.4366E-03  2.4366E-03  3.3906E-02  3.3906E-02
  6.8127436353E+02  7.8778914081E-02  4.2768E-03  4.2768E-03  2.6760E-04  2.6760E-04  2.5235E-03  2.5235E-03  2.4172E-03  2.4172E-03  2.9904E-02  2.9904E-02
  6.8227436353E+02  6.2383013506E-02  3.2738E-03  3.2738E-03  2.3131E-04  2.3131E-04  2.1015E-03  2.1015E-03  2.2037E-03  2.2037E-03  2.3381E-02  2.3381E-02
  6.8327436353E+02  4.3918303460E-02  2.1689E-03  2.1689E-03  1.9323E-04  1.9323E-04  1.5187E-03  1.5187E-03  1.7591E-03  1.7591E-03  1.6319E-02  1.6319E-02
  6.8427436353E+02  3.6812038548E-02  1.7513E-03  1.7513E-03  1.7827E-04  1.7827E-04  1.2926E-03  1.2926E-03  1.6261E-03  1.6261E-03  1.3558E-02  1.3558E-02
  6.8527436353E+02  3.7890424499E-02  1.8232E-03  1.8232E-03  1.6731E-04  1.6731E-04  1.2000E-03  1.2000E-03  1.5481E-03  1.5481E-03  1.4207E-02  1.4207E-02
  6.8627436353E+02  3.7239666636E-02  1.7043E-03  1.7043E-03  1.6141E-04  1.6141E-04  1.1946E-03  1.1946E-03  1.5441E-03  1.5441E-03  1.4016E-02  1.4016E-02
  6.8727436353E+02  4.0891283861E-02  1.8034E-03  1.8034E-03  1.6695E-04  1.6695E-04  1.7774E-03  1.7774E-03  1.8284E-03  1.8284E-03  1.4870E-02  1.4870E-02
  6.8827436353E+02  7.4699328229E-02  3.0295E-03  3.0295E-03  2.5230E-04  2.5230E-04  8.8775E-03  8.8775E-03  5.0143E-03  5.0143E-03  2.0176E-02  2.0176E-02
  6.8927436353E+02  9.5281853139E-02  3.9213E-03  3.9213E-03  3.0796E-04  3.0796E-04  1.2575E-02  1.2575E-02  6.4738E-03  6.4738E-03  2.4363E-02  2.4363E-02
  6.9027436353E+02  7.0717031359E-02  2.9181E-03  2.9181E-03  2.1426E-04  2.1426E-04  9.3428E-03  9.3428E-03  5.2740E-03  5.2740E-03  1.7609E-02  1.7609E-02
  6.9127436353E+02  5.6579157337E-02  2.3328E-03  2.3328E-03  1.6094E-04  1.6094E-04  7.9592E-03  7.9592E-03  4.5989E-03  4.5989E-03  1.3238E-02  1.3238E-02
  6.9227436353E+02  4.9328151251E-02  2.0282E-03  2.0282E-03  1.4080E-04  1.4080E-04  7.1963E-03  7.1963E-03  4.2865E-03  4.2865E-03  1.1012E-02  1.1012E-02
  6.9327436353E+02  4.7460144395E-02  1.9385E-03  1.9385E-03  1.4519E-04  1.4519E-04  7.0889E-03  7.0889E-03  4.4038E-03  4.4038E-03  1.0154E-02  1.0154E-02
  6.9427436353E+02  4.7421573075E-02  1.9204E-03  1.9204E-03  1.5541E-04  1.5541E-04  7.1290E-03  7.1290E-03  4.6071E-03  4.6071E-03  9.8989E-03  9.8989E-03
  6.9527436353E+02  4.6304793638E-02  1.8459E-03  1.8459E-03  1.5897E-04  1.5897E-04  7.3327E-03  7.3327E-03  4.7933E-03  4.7933E-03  9.0216E-03  9.0216E-03
  6.9627436353E+02  4.9447596591E-02  1.9549E-03  1.9549E-03  1.7269E-04  1.7269E-04  8.2332E-03  8.2332E-03  5.4374E-03  5.4374E-03  8.9255E-03  8.9255E-03
  6.9727436353E+02  4.8923203238E-02  1.9102E-03  1.9102E-03  1.8016E-04  1.8016E-04  8.1908E-03  8.1908E-03  5.5567E-03  5.5567E-03  8.6238E-03  8.6238E-03
  6.9827436353E+02  4.9262885003E-02  1.8953E-03  1.8953E-03  1.8862E-04  1.8862E-04  8.3477E-03  8.3477E-03  5.7706E-03  5.7706E-03  8.4291E-03  8.4291E-03
  6.9927436353E+02  4.7707259417E-02  1.8003E-03  1.8003E-03  1.9378E-04  1.9378E-04  8.0802E-03  8.0802E-03  5.6914E-03  5.6914E-03  8.0880E-03  8.0880E-03
  7.0027436353E+02  4.6637940267E-02  1.7250E-03  1.7250E-03  2.0504E-04  2.0504E-04  7.8579E-03  7.8579E-03  5.6773E-03  5.6773E-03  7.8537E-03  7.8537E-03
  7.0127436353E+02  4.5446498033E-02  1.6486E-03  1.6486E-03  2.3471E-04  2.3471E-04  7.1961E-03  7.1961E-03  5.6378E-03  5.6378E-03  8.0061E-03  8.0061E-03
  7.0227436353E+02  4.1098495465E-02  1.4429E-03  1.4429E-03  2.2623E-04  2.2623E-04  6.4361E-03  6.4361E-03  4.8835E-03  4.8835E-03  7.5606E-03  7.5606E-03
  7.0327436353E+02  5.5711559222E-02  1.7020E-03  1.7020E-03  2.7592E-04  2.7592E-04  1.0977E-02  1.0977E-02  6.8381E-03  6.8381E-03  8.0632E-03  8.0632E-03
  7.0427436353E+02  6.6369925419E-02  1.9141E-03  1.9141E-03  3.1747E-04  3.1747E-04  1.3830E-02  1.3830E-02  8.5532E-03  8.5532E-03  8.5699E-03  8.5699E-03
  7.0527436353E+02  6.7784594704E-02  1.9722E-03  1.9722E-03  3.4191E-04  3.4191E-04  1.3639E-02  1.3639E-02  9.0638E-03  9.0638E-03  8.8752E-03  8.8752E-03
  7.0627436353E+02  7.1375741003E-02  2.1161E-03  2.1161E-03  3.6203E-04  3.6203E-04  1.4121E-02  1.4121E-02  9.8253E-03  9.8253E-03  9.2637E-03  9.2637E-03
  7.0727436353E+02  7.0991392208E-02  2.1233E-03  2.1233E-03  3.6767E-04  3.6767E-04  1.3770E-02  1.3770E-02  9.9679E-03  9.9679E-03  9.2671E-03  9.2671E-03
  7.0827436353E+02  6.1106311307E-02  1.7996E-03  1.7996E-03  3.0440E-04  3.0440E-04  1.2127E-02  1.2127E-02  8.6930E-03  8.6930E-03  7.6295E-03  7.6295E-03
  7.0927436353E+02  4.9472404515E-02  1.4228E-03  1.4228E-03  2.4846E-04  2.4846E-04  9.9013E-03  9.9013E-03  7.1635E-03  7.1635E-03  6.0002E-03  6.0002E-03
  7.1027436353E+02  4.3103740298E-02  1.2131E-03  1.2131E-03  2.3597E-04  2.3597E-04  8.2642E-03  8.2642E-03  6.4531E-03  6.4531E-03  5.3855E-03  5.3855E-03
  7.1127436353E+02  3.6663083793E-02  1.0839E-03  1.0839E-03  1.6583E-04  1.6583E-04  7.3461E-03  7.3461E-03  5.2425E-03  5.2425E-03  4.4932E-03  4.4932E-03
  7.1227436353E+02  4.0537456632E-02  1.1773E-03  1.1773E-03  2.4889E-04  2.4889E-04  7.1872E-03  7.1872E-03  5.8927E-03  5.8927E-03  5.7627E-03  5.7627E-03
  7.1327436353E+02  4.1481352889E-02  1.2243E-03  1.2243E-03  2.3868E-04  2.3868E-04  7.2963E-03  7.2963E-03  5.8345E-03  5.8345E-03  6.1469E-03  6.1469E-03
  7.1427436353E+02  4.4658214275E-02  1.3571E-03  1.3571E-03  2.2598E-04  2.2598E-04  7.8714E-03  7.8714E-03  5.9496E-03  5.9496E-03  6.9251E-03  6.9251E-03
  7.1527436353E+02  4.6002576069E-02  1.3921E-03  1.3921E-03  2.2085E-04  2.2085E-04  8.1030E-03  8.1030E-03  5.9250E-03  5.9250E-03  7.3602E-03  7.3602E-03
  7.1627436353E+02  4.4787121790E-02  1.3305E-03  1.3305E-03  2.1848E-04  2.1848E-04  7.8017E-03  7.8017E-03  5.6585E-03  5.6585E-03  7.3844E-03  7.3844E-03
  7.1727436353E+02  4.3536065367E-02  1.2718E-03  1.2718E-03  2.2098E-04  2.2098E-04  7.4890E-03  7.4890E-03  5.3760E-03  5.3760E-03  7.4103E-03  7.4103E-03
  7.1827436353E+02  4.3147912310E-02  1.2355E-03  1.2355E-03  2.1915E-04  2.1915E-04  7.4241E-03  7.4241E-03  5.2485E-03  5.2485E-03  7.4467E-03  7.4467E-03
  7.1927436353E+02  4.2382239621E-02  1.1885E-03  1.1885E-03  2.1806E-04  2.1806E-04  7.3924E-03  7.3924E-03  4.9619E-03  4.9619E-03  7.4302E-03  7.4302E-03
  7.2027436353E+02  4.2187030281E-02  1.1592E-03  1.1592E-03  2.2113E-04  2.2113E-04  7.5230E-03  7.5230E-03  4.7007E-03  4.7007E-03  7.4894E-03  7.4894E-03
  7.2127436353E+02  4.3371827484E-02  1.1545E-03  1.1545E-03  2.3421E-04  2.3421E-04  7.9968E-03  7.9968E-03  4.5362E-03  4.5362E-03  7.7642E-03  7.7642E-03
  7.2227436353E+02  4.4164991510E-02  1.1254E-03  1.1254E-03  2.3935E-04  2.3935E-04  8.5046E-03  8.5046E-03  4.3808E-03  4.3808E-03  7.8324E-03  7.8324E-03
  7.2327436353E+02  4.6348604083E-02  1.1219E-03  1.1219E-03  2.5324E-04  2.5324E-04  9.4591E-03  9.4591E-03  4.3868E-03  4.3868E-03  7.9534E-03  7.9534E-03
  7.2427436353E+02  4.4226829148E-02  1.0195E-03  1.0195E-03  2.5268E-04  2.5268E-04  9.3329E-03  9.3329E-03  4.2232E-03  4.2232E-03  7.2852E-03  7.2852E-03
  7.2527436353E+02  4.3664429606E-02  9.6392E-04  9.6392E-04  2.6238E-04  2.6238E-04  9.5533E-03  9.5533E-03  4.1678E-03  4.1678E-03  6.8848E-03  6.8848E-03
  7.2627436353E+02  4.1963309520E-02  8.7281E-04  8.7281E-04  2.5891E-04  2.5891E-04  9.5581E-03  9.5581E-03  3.9637E-03  3.9637E-03  6.3282E-03  6.3282E-03
  7.2727436353E+02  4.5713090624E-02  8.8862E-04  8.8862E-04  2.8594E-04  2.8594E-04  1.1220E-02  1.1220E-02  4.2902E-03  4.2902E-03  6.1713E-03  6.1713E-03
  7.2827436353E+02  3.3598595711E-02  6.5527E-04  6.5527E-04  2.8828E-04  2.8828E-04  8.0702E-03  8.0702E-03  2.9510E-03  2.9510E-03  4.8345E-03  4.8345E-03
  7.2927436353E+02  2.8662632147E-02  5.6612E-04  5.6612E-04  2.8309E-04  2.8309E-04  6.4550E-03  6.4550E-03  2.5293E-03  2.5293E-03  4.4978E-03  4.4978E-03
  7.3027436353E+02  2.6214381882E-02  5.2791E-04  5.2791E-04  2.6192E-04  2.6192E-04  5.5139E-03  5.5139E-03  2.3950E-03  2.3950E-03  4.4084E-03  4.4084E-03
  7.3127436353E+02  2.8257353793E-02  5.7203E-04  5.7203E-04  2.8447E-04  2.8447E-04  5.6533E-03  5.6533E-03  2.6373E-03  2.6373E-03  4.9816E-03  4.9816E-03
  7.3227436353E+02  2.5915308990E-02  5.8609E-04  5.8609E-04  2.2692E-04  2.2692E-04  4.7736E-03  4.7736E-03  2.5424E-03  2.5424E-03  4.8286E-03  4.8286E-03
  7.3327436353E+02  2.8039456646E-02  6.7468E-04  6.7468E-04  2.0918E-04  2.0918E-04  4.9200E-03  4.9200E-03  2.8510E-03  2.8510E-03  5.3649E-03  5.3649E-03
  7.3427436353E+02  3.4052365660E-02  8.2566E-04  8.2566E-04  2.0674E-04  2.0674E-04  5.6272E-03  5.6272E-03  3.5283E-03  3.5283E-03  6.8383E-03  6.8383E-03
  7.3527436353E+02  4.4415964191E-02  1.0640E-03  1.0640E-03  2.2517E-04  2.2517E-04  6.9424E-03  6.9424E-03  4.7109E-03  4.7109E-03  9.2656E-03  9.2656E-03
  7.3627436353E+02  5.3697146436E-02  1.2804E-03  1.2804E-03  2.3671E-04  2.3671E-04  7.8606E-03  7.8606E-03  5.7204E-03  5.7204E-03  1.1750E-02  1.1750E-02
  7.3727436353E+02  6.6054771206E-02  1.5832E-03  1.5832E-03  2.5926E-04  2.5926E-04  8.9688E-03  8.9688E-03  6.9587E-03  6.9587E-03  1.5257E-02  1.5257E-02
  7.3827436353E+02  8.1444133380E-02  1.8757E-03  1.8757E-03  2.7772E-04  2.7772E-04  1.0346E-02  1.0346E-02  8.5299E-03  8.5299E-03  1.9693E-02  1.9693E-02
  7.3927436353E+02  1.0547058606E-01  2.1794E-03  2.1794E-03  3.1516E-04  3.1516E-04  1.3280E-02  1.3280E-02  1.0932E-02  1.0932E-02  2.6029E-02  2.6029E-02
  7.4027436353E+02  1.2198296242E-01  2.2183E-03  2.2183E-03  3.3054E-04  3.3054E-04  1.4553E-02  1.4553E-02  1.1526E-02  1.1526E-02  3.2364E-02  3.2364E-02
  7.4127436353E+02  1.4669941664E-01  2.2935E-03  2.2935E-03  3.3395E-04  3.3395E-04  1.3366E-02  1.3366E-02  1.0031E-02  1.0031E-02  4.7325E-02  4.7325E-02
  7.4227436353E+02  5.8925379486E-02  7.2735E-04  7.2735E-04  2.0901E-04  2.0901E-04  8.0483E-03  8.0483E-03  5.8282E-03  5.8282E-03  1.4650E-02  1.4650E-02
  7.4327436353E+02  2.0633040334E-02  3.3380E-04  3.3380E-04  1.3887E-04  1.3887E-04  4.1337E-03  4.1337E-03  3.6851E-03  3.6851E-03  2.0251E-03  2.0251E-03
  7.4427436353E+02  1.5115992966E-02  2.2419E-04  2.2419E-04  1.0425E-04  1.0425E-04  3.0392E-03  3.0392E-03  2.7955E-03  2.7955E-03  1.3949E-03  1.3949E-03
  7.4527436353E+02  1.3386852207E-02  2.0480E-04  2.0480E-04  9.0005E-05  9.0005E-05  2.6413E-03  2.6413E-03  2.4518E-03  2.4518E-03  1.3055E-03  1.3055E-03
  7.4627436353E+02  1.4603929864E-02  2.4881E-04  2.4881E-04  8.7408E-05  8.7408E-05  2.7459E-03  2.7459E-03  2.4422E-03  2.4422E-03  1.7776E-03  1.7776E-03
  7.4727436353E+02  1.5896339881E-02  3.3239E-04  3.3239E-04  7.7613E-05  7.7613E-05  2.6035E-03  2.6035E-03  2.0590E-03  2.0590E-03  2.8757E-03  2.8757E-03
  7.4827436353E+02  2.0941061806E-02  5.1466E-04  5.1466E-04  8.2791E-05  8.2791E-05  2.7968E-03  2.7968E-03  1.7219E-03  1.7219E-03  5.3543E-03  5.3543E-03
  7.4927436353E+02  4.4923743036E-02  9.8523E-04  9.8523E-04  1.1675E-04  1.1675E-04  4.5254E-03  4.5254E-03  1.8871E-03  1.8871E-03  1.4947E-02  1.4947E-02
  7.5027436353E+02  5.7595401757E-02  1.3885E-03  1.3885E-03  1.6070E-04  1.6070E-04  5.3491E-03  5.3491E-03  1.7184E-03  1.7184E-03  2.0181E-02  2.0181E-02
  7.5127436353E+02  5.0616959036E-02  1.3419E-03  1.3419E-03  1.8356E-04  1.8356E-04  4.6494E-03  4.6494E-03  1.6948E-03  1.6948E-03  1.7439E-02  1.7439E-02
  7.5227436353E+02  4.9129348878E-02  1.3957E-03  1.3957E-03  2.1546E-04  2.1546E-04  4.4505E-03  4.4505E-03  1.8657E-03  1.8657E-03  1.6637E-02  1.6637E-02
  7.5327436353E+02  4.9224639944E-02  1.4496E-03  1.4496E-03  2.4254E-04  2.4254E-04  4.3503E-03  4.3503E-03  2.0584E-03  2.0584E-03  1.6512E-02  1.6512E-02
  7.5427436353E+02  5.0368005340E-02  1.5173E-03  1.5173E-03  2.7077E-04  2.7077E-04  4.2869E-03  4.2869E-03  2.1302E-03  2.1302E-03  1.6979E-02  1.6979E-02
  7.5527436353E+02  5.2095684115E-02  1.5630E-03  1.5630E-03  2.9562E-04  2.9562E-04  4.1725E-03  4.1725E-03  2.1872E-03  2.1872E-03  1.7830E-02  1.7830E-02
  7.5627436353E+02  5.7436010003E-02  1.6773E-03  1.6773E-03  3.4024E-04  3.4024E-04  4.1947E-03  4.1947E-03  2.3775E-03  2.3775E-03  2.0128E-02  2.0128E-02
  7.5727436353E+02  6.6078241062E-02  1.8245E-03  1.8245E-03  4.0218E-04  4.0218E-04  4.3373E-03  4.3373E-03  2.6642E-03  2.6642E-03  2.3811E-02  2.3811E-02
  7.5827436353E+02  4.5186762582E-02  1.5849E-03  1.5849E-03  3.1888E-04  3.1888E-04  3.9421E-03  3.9421E-03  2.2988E-03  2.2988E-03  1.4449E-02  1.4449E-02
  7.5927436353E+02  3.6377410767E-02  1.4143E-03  1.4143E-03  2.7390E-04  2.7390E-04  3.7936E-03  3.7936E-03  2.1256E-03  2.1256E-03  1.0581E-02  1.0581E-02
  7.6027436353E+02  3.2272696883E-02  1.3403E-03  1.3403E-03  2.5454E-04  2.5454E-04  3.7270E-03  3.7270E-03  2.0381E-03  2.0381E-03  8.7764E-03  8.7764E-03
  7.6127436353E+02  2.9699512699E-02  1.2980E-03  1.2980E-03  2.4504E-04  2.4504E-04  3.6985E-03  3.6985E-03  1.9784E-03  1.9784E-03  7.6298E-03  7.6298E-03
  7.6227436353E+02  2.7039295711E-02  1.2296E-03  1.2296E-03  2.3016E-04  2.3016E-04  3.6678E-03  3.6678E-03  1.9241E-03  1.9241E-03  6.4681E-03  6.4681E-03
  7.6327436353E+02  2.5744311656E-02  1.2091E-03  1.2091E-03  2.2620E-04  2.2620E-04  3.7126E-03  3.7126E-03  1.9229E-03  1.9229E-03  5.8013E-03  5.8013E-03
  7.6427436353E+02  2.4582330729E-02  1.1845E-03  1.1845E-03  2.2159E-04  2.2159E-04  3.7360E-03  3.7360E-03  1.9082E-03  1.9082E-03  5.2408E-03  5.2408E-03
  7.6527436353E+02  2.2878859034E-02  1.1231E-03  1.1231E-03  2.0927E-04  2.0927E-04  3.6755E-03  3.6755E-03  1.8278E-03  1.8278E-03  4.6038E-03  4.6038E-03
  7.6627436353E+02  2.1597953119E-02  1.0805E-03  1.0805E-03  2.0223E-04  2.0223E-04  3.6088E-03  3.6088E-03  1.7296E-03  1.7296E-03  4.1778E-03  4.1778E-03
  7.6727436353E+02  2.0016800694E-02  1.0139E-03  1.0139E-03  1.8984E-04  1.8984E-04  3.5531E-03  3.5531E-03  1.6251E-03  1.6251E-03  3.6264E-03  3.6264E-03
  7.6827436353E+02  1.8608369855E-02  9.5030E-04  9.5030E-04  1.7758E-04  1.7758E-04  3.4927E-03  3.4927E-03  1.5424E-03  1.5424E-03  3.1412E-03  3.1412E-03
  7.6927436353E+02  1.7524566909E-02  9.0012E-04  9.0012E-04  1.6762E-04  1.6762E-04  3.4522E-03  3.4522E-03  1.4843E-03  1.4843E-03  2.7581E-03  2.7581E-03
  7.7027436353E+02  1.6595842745E-02  8.5591E-04  8.5591E-04  1.5907E-04  1.5907E-04  3.4390E-03  3.4390E-03  1.4384E-03  1.4384E-03  2.4055E-03  2.4055E-03
  7.7127436353E+02  1.5921168360E-02  8.2504E-04  8.2504E-04  1.5319E-04  1.5319E-04  3.4324E-03  3.4324E-03  1.4007E-03  1.4007E-03  2.1492E-03  2.1492E-03
  7.7227436353E+02  1.5038875892E-02  7.7484E-04  7.7484E-04  1.4260E-04  1.4260E-04  3.4258E-03  3.4258E-03  1.3657E-03  1.3657E-03  1.8105E-03  1.8105E-03
  7.7327436353E+02  1.4466438647E-02  7.4205E-04  7.4205E-04  1.3611E-04  1.3611E-04  3.4705E-03  3.4705E-03  1.3326E-03  1.3326E-03  1.5520E-03  1.5520E-03
  7.7427436353E+02  1.4027446796E-02  7.1332E-04  7.1332E-04  1.3008E-04  1.3008E-04  3.5477E-03  3.5477E-03  1.3144E-03  1.3144E-03  1.3082E-03  1.3082E-03
  7.7527436353E+02  1.2706294696E-02  6.2861E-04  6.2861E-04  1.0946E-04  1.0946E-04  3.3748E-03  3.3748E-03  1.2848E-03  1.2848E-03  9.5556E-04  9.5556E-04
  7.7627436353E+02  1.2262652965E-02  6.0237E-04  6.0237E-04  1.0274E-04  1.0274E-04  3.3260E-03  3.3260E-03  1.2777E-03  1.2777E-03  8.2253E-04  8.2253E-04
  7.7727436353E+02  1.1348355298E-02  5.5843E-04  5.5843E-04  9.4396E-05  9.4396E-05  3.1453E-03  3.1453E-03  1.1829E-03  1.1829E-03  6.9317E-04  6.9317E-04
  7.7827436353E+02  9.8264975301E-03  4.8781E-04  4.8781E-04  8.2638E-05  8.2638E-05  2.8035E-03  2.8035E-03  9.9342E-04  9.9342E-04  5.4591E-04  5.4591E-04
  7.7927436353E+02  8.8634970340E-03  4.4288E-04  4.4288E-04  7.4685E-05  7.4685E-05  2.5871E-03  2.5871E-03  8.8316E-04  8.8316E-04  4.4389E-04  4.4389E-04
  7.8027436353E+02  7.7695377799E-03  3.9118E-04  3.9118E-04  6.5667E-05  6.5667E-05  2.3166E-03  2.3166E-03  7.6033E-04  7.6033E-04  3.5096E-04  3.5096E-04
  7.8127436353E+02  7.1956020072E-03  3.6400E-04  3.6400E-04  6.0457E-05  6.0457E-05  2.1768E-03  2.1768E-03  7.0425E-04  7.0425E-04  2.9225E-04  2.9225E-04
  7.8227436353E+02  6.1348648781E-03  3.1273E-04  3.1273E-04  5.1554E-05  5.1554E-05  1.8892E-03  1.8892E-03  5.9181E-04  5.9181E-04  2.2219E-04  2.2219E-04
  7.8327436353E+02  5.6444897933E-03  2.8918E-04  2.8918E-04  4.7051E-05  4.7051E-05  1.7588E-03  1.7588E-03  5.4603E-04  5.4603E-04  1.8119E-04  1.8119E-04
  7.8427436353E+02  4.7569061547E-03  2.4541E-04  2.4541E-04  3.9461E-05  3.9461E-05  1.5028E-03  1.5028E-03  4.5722E-04  4.5722E-04  1.3361E-04  1.3361E-04
  7.8527436353E+02  4.0116621225E-03  2.0830E-04  2.0830E-04  3.3011E-05  3.3011E-05  1.2822E-03  1.2822E-03  3.8516E-04  3.8516E-04  9.7209E-05  9.7209E-05
  7.8627436353E+02  3.2762425853E-03  1.7128E-04  1.7128E-04  2.6678E-05  2.6678E-05  1.0584E-03  1.0584E-03  3.1458E-04  3.1458E-04  6.7174E-05  6.7174E-05
  7.8727436353E+02  1.7357244928E-03  9.1193E-05  9.1193E-05  1.4071E-05  1.4071E-05  5.6566E-04  5.6566E-04  1.6662E-04  1.6662E-04  3.0326E-05  3.0326E-05
  7.8827436353E+02  5.4144130097E-04  2.8588E-05  2.8588E-05  4.3788E-06  4.3788E-06  1.7805E-04  1.7805E-04  5.1900E-05  5.1900E-05  7.8040E-06  7.8040E-06
  7.8927436353E+02  2.7533473053E-05  1.4610E-06  1.4610E-06  2.2192E-07  2.2192E-07  9.1310E-06  9.1310E-06  2.6387E-06  2.6387E-06  3.1414E-07  3.1414E-07
  7.9027436353E+02  0.0000000000E+00  0.0000E+00  0.0000E+00  0.0000E+00  0.0000E+00  0.0000E+00  0.0000E+00  0.0000E+00  0.0000E+00  0.0000E+00  0.0000E+00
