
     Program PHONON v.7.0 starts on 19Jul2026 at  2:13:17 

     This program is part of the open-source Quantum ESPRESSO suite
     for quantum simulation of materials; please cite
         "P. Giannozzi et al., J. Phys.:Condens. Matter 21 395502 (2009);
         "P. Giannozzi et al., J. Phys.:Condens. Matter 29 465901 (2017);
         "P. Giannozzi et al., J. Chem. Phys. 152 154105 (2020);
          URL http://www.quantum-espresso.org", 
     in publications or presentations arising from this work. More details at
     http://www.quantum-espresso.org/quote

     Parallel version (MPI), running on    38 processors

     MPI processes distributed on     1 nodes
     R & G space division:  proc/nbgrp/npool/nimage =      38
     372533 MiB available memory on the printing compute node when the environment starts

     Reading input from beta_Ga2O3.ph_grid_2x2x2.in
     Run is not recoverable starting from scratch

     Reading xml data from directory:

     ./tmp/beta-Ga2O3.save/
     file Ga.pbe-dn-kjpaw_psl.1.0.0.UPF: wavefunction(s)  4S renormalized
     file O.pbe-n-kjpaw_psl.1.0.0.UPF: wavefunction(s)  2S 2P renormalized

     IMPORTANT: XC functional enforced from input :
     Exchange-correlation= PBE
                           (   1   4   3   4   0   0   0)
     Any further DFT definition will be discarded
     Please, verify this is what you really want


     Parallelization info
     --------------------
     sticks:   dense  smooth     PW     G-vecs:    dense   smooth      PW
     Min          88      44     13                 5078     1794     309
     Max          89      45     14                 5083     1800     316
     Sum        3359    1685    521               193033    68259   11869

     Using Slab Decomposition

     Reading collected, re-writing distributed wavefunctions


     Dynamical matrices for ( 2, 2, 2)  uniform grid of q-points
     (   6 q-points):
       N         xq(1)         xq(2)         xq(3) 
       1   0.000000000   0.000000000   0.000000000
       2   0.000000000   0.000000000  -0.558370075
       3   1.037156617  -0.257595386   0.063052251
       4   1.037156617  -0.257595386  -0.495317825
       5   0.000000000  -0.515190771   0.126104501
       6   0.000000000  -0.515190771  -0.432265574

     Calculation of q =    0.0000000   0.0000000   0.0000000

     Phonons of ideal beta-Ga2O3 on a 2x2x2 q grid                              

     bravais-lattice index     =            0
     lattice parameter (alat)  =      11.9022  a.u.
     unit-cell volume          =     706.4068 (a.u.)^3
     number of atoms/cell      =           10
     number of atomic types    =            2
     kinetic-energy cut-off    =      80.0000  Ry
     charge density cut-off    =     640.0000  Ry
     convergence threshold     =      1.0E-14
     beta                      =       0.7000
     number of iterations used =            4
     Exchange-correlation= PBE
                           (   1   4   3   4   0   0   0)


     celldm(1)=   11.90218  celldm(2)=    0.00000  celldm(3)=    0.00000
     celldm(4)=    0.00000  celldm(5)=    0.00000  celldm(6)=    0.00000

     crystal axes: (cart. coord. in units of alat)
               a(1) = (  0.2410  0.9705  0.0000 )  
               a(2) = ( -0.2410  0.9705  0.0000 )  
               a(3) = (  0.0000  0.2192  0.8955 )  

     reciprocal axes: (cart. coord. in units 2 pi/alat)
               b(1) = (  2.0743  0.5152 -0.1261 )  
               b(2) = ( -2.0743  0.5152 -0.1261 )  
               b(3) = (  0.0000 -0.0000  1.1167 )  


     Atoms inside the unit cell: 

     Cartesian axes

     site n.  atom      mass           positions (alat units)
        1     Ga  69.7230   tau(    1) = (    0.00000    1.94040    0.71226  )
        2     Ga  69.7230   tau(    2) = (    0.00000    0.21981    0.18320  )
        3     Ga  69.7230   tau(    3) = (    0.00000    0.73180    0.28133  )
        4     Ga  69.7230   tau(    4) = (    0.00000    1.42841    0.61414  )
        5     O   15.9990   tau(    5) = (    0.00000    1.64258    0.09889  )
        6     O   15.9990   tau(    6) = (    0.00000    0.51764    0.79657  )
        7     O   15.9990   tau(    7) = (    0.00000    1.72824    0.50426  )
        8     O   15.9990   tau(    8) = (    0.00000    0.43197    0.39120  )
        9     O   15.9990   tau(    9) = (    0.00000    1.03523    0.22942  )
       10     O   15.9990   tau(   10) = (    0.00000    1.12498    0.66605  )

     Computing dynamical matrix for 
                    q = (   0.0000000   0.0000000   0.0000000 )

      5 Sym.Ops. (with q -> -q+G )


     G cutoff = 2296.5355  (   5081 G-vectors)     FFT grid: ( 96, 96, 90)
     G cutoff = 1148.2678  (   1800 G-vectors)  smooth grid: ( 72, 72, 64)
     number of k points=   476

     PseudoPot. # 1 for Ga read from file:
     /scratch/dajuarez4/ga2o3_new/pseudo/Ga.pbe-dn-kjpaw_psl.1.0.0.UPF
     MD5 check sum: 50ce49cbf7e0a40ad8623bf41840a268
     Pseudo is Projector augmented-wave + core cor, Zval = 13.0
     Generated using &quot;atomic&quot; code by A. Dal Corso  v.6.3
     Shape of augmentation charge: PSQ
     Using radial grid of 1205 points,  6 beta functions with: 
                l(1) =   0
                l(2) =   0
                l(3) =   1
                l(4) =   1
                l(5) =   2
                l(6) =   2
     Q(r) pseudized with 0 coefficients 


     PseudoPot. # 2 for O  read from file:
     /scratch/dajuarez4/ga2o3_new/pseudo/O.pbe-n-kjpaw_psl.1.0.0.UPF
     MD5 check sum: e99d9cef9b487d1ca56f5b95ecd0fd7a
     Pseudo is Projector augmented-wave + core cor, Zval =  6.0
     Generated using &quot;atomic&quot; code by A. Dal Corso  v.6.3
     Shape of augmentation charge: PSQ
     Using radial grid of 1095 points,  4 beta functions with: 
                l(1) =   0
                l(2) =   0
                l(3) =   1
                l(4) =   1
     Q(r) pseudized with 0 coefficients 


     Mode symmetry, C_2h (2/m)  point group:


     Electric field:
     Dielectric constant
     Born effective charges in two ways 


     Atomic displacements:
     There are   30 irreducible representations

     Representation     1      1 modes -  To be done

     Representation     2      1 modes -  To be done

     Representation     3      1 modes -  To be done

     Representation     4      1 modes -  To be done

     Representation     5      1 modes -  To be done

     Representation     6      1 modes -  To be done

     Representation     7      1 modes -  To be done

     Representation     8      1 modes -  To be done

     Representation     9      1 modes -  To be done

     Representation    10      1 modes -  To be done

     Representation    11      1 modes -  To be done

     Representation    12      1 modes -  To be done

     Representation    13      1 modes -  To be done

     Representation    14      1 modes -  To be done

     Representation    15      1 modes -  To be done

     Representation    16      1 modes -  To be done

     Representation    17      1 modes -  To be done

     Representation    18      1 modes -  To be done

     Representation    19      1 modes -  To be done

     Representation    20      1 modes -  To be done

     Representation    21      1 modes -  To be done

     Representation    22      1 modes -  To be done

     Representation    23      1 modes -  To be done

     Representation    24      1 modes -  To be done

     Representation    25      1 modes -  To be done

     Representation    26      1 modes -  To be done

     Representation    27      1 modes -  To be done

     Representation    28      1 modes -  To be done

     Representation    29      1 modes -  To be done

     Representation    30      1 modes -  To be done



     Alpha used in Ewald sum =   2.8000
     PHONON       :   2m49.22s CPU   3m 5.12s WALL


     Electric Fields Calculation

      iter #   1 total cpu time :  2834.5 secs   av.it.:  15.4
      thresh= 1.000E-02 alpha_mix =  0.700 |ddv_scf|^2 =  3.723E-09

      iter #   2 total cpu time :  4213.6 secs   av.it.:  40.7
      thresh= 6.102E-06 alpha_mix =  0.700 |ddv_scf|^2 =  5.850E-09

      iter #   3 total cpu time :  5499.6 secs   av.it.:  36.1
      thresh= 7.648E-06 alpha_mix =  0.700 |ddv_scf|^2 =  1.785E-10

      iter #   4 total cpu time :  6855.0 secs   av.it.:  39.3
      thresh= 1.336E-06 alpha_mix =  0.700 |ddv_scf|^2 =  1.205E-11

      iter #   5 total cpu time :  8230.1 secs   av.it.:  40.4
      thresh= 3.472E-07 alpha_mix =  0.700 |ddv_scf|^2 =  4.215E-12

      iter #   6 total cpu time :  9588.5 secs   av.it.:  39.7
      thresh= 2.053E-07 alpha_mix =  0.700 |ddv_scf|^2 =  4.050E-13

      iter #   7 total cpu time : 10929.6 secs   av.it.:  38.8
      thresh= 6.364E-08 alpha_mix =  0.700 |ddv_scf|^2 =  2.045E-14

      iter #   8 total cpu time : 12312.4 secs   av.it.:  40.9
      thresh= 1.430E-08 alpha_mix =  0.700 |ddv_scf|^2 =  1.675E-14

      iter #   9 total cpu time : 13667.1 secs   av.it.:  39.6
      thresh= 1.294E-08 alpha_mix =  0.700 |ddv_scf|^2 =  8.091E-16

     End of electric fields calculation

          Dielectric constant in cartesian axis 

          (       4.076871120       0.000000000       0.000000000 )
          (       0.000000000       3.965084947       0.001097257 )
          (      -0.000000000       0.001097274       4.084452809 )

          Effective charges (d Force / dE) in cartesian axis without acoustic sum rule applied (asr)

           atom      1   Ga Mean Z*:        2.90953
      Ex  (        2.90385       -0.00000        0.00000 )
      Ey  (        0.00000        2.74962        0.27486 )
      Ez  (        0.00000        0.15879        3.07512 )
           atom      2   Ga Mean Z*:        2.90953
      Ex  (        2.90385       -0.00000        0.00000 )
      Ey  (        0.00000        2.74962        0.27486 )
      Ez  (       -0.00000        0.15879        3.07512 )
           atom      3   Ga Mean Z*:        3.27491
      Ex  (        3.45188        0.00000       -0.00000 )
      Ey  (        0.00000        3.24082       -0.33377 )
      Ez  (        0.00000       -0.17873        3.13203 )
           atom      4   Ga Mean Z*:        3.27491
      Ex  (        3.45188       -0.00000        0.00000 )
      Ey  (        0.00000        3.24082       -0.33377 )
      Ez  (        0.00000       -0.17873        3.13203 )
           atom      5   O  Mean Z*:       -2.02420
      Ex  (       -2.10865        0.00000        0.00000 )
      Ey  (        0.00000       -1.45660        0.05849 )
      Ez  (        0.00000        0.02953       -2.50735 )
           atom      6   O  Mean Z*:       -2.02420
      Ex  (       -2.10865        0.00000        0.00000 )
      Ey  (        0.00000       -1.45660        0.05849 )
      Ez  (        0.00000        0.02953       -2.50735 )
           atom      7   O  Mean Z*:       -2.17574
      Ex  (       -1.96949        0.00000        0.00000 )
      Ey  (        0.00000       -2.24545       -0.21066 )
      Ez  (        0.00000       -0.23901       -2.31228 )
           atom      8   O  Mean Z*:       -2.17574
      Ex  (       -1.96949        0.00000        0.00000 )
      Ey  (       -0.00000       -2.24545       -0.21066 )
      Ez  (        0.00000       -0.23901       -2.31228 )
           atom      9   O  Mean Z*:       -1.99435
      Ex  (       -2.28749        0.00000        0.00000 )
      Ey  (        0.00000       -2.29809        0.21114 )
      Ez  (       -0.00000        0.22934       -1.39746 )
           atom     10   O  Mean Z*:       -1.99435
      Ex  (       -2.28749        0.00000       -0.00000 )
      Ey  (        0.00000       -2.29809        0.21114 )
      Ez  (       -0.00000        0.22934       -1.39746 )

          Effective charges Sum: Mean:       -0.01970
             -0.01983        0.00000       -0.00000
              0.00000       -0.01938       -0.00017
             -0.00000        0.00014       -0.01989

          Effective charges (d Force / dE) in cartesian axis with asr applied: 
           atom      1   Ga Mean Z*:        2.91150
      E*x (        2.90583       -0.00000        0.00000 )
      E*y (       -0.00000        2.75156        0.27485 )
      E*z (        0.00000        0.15881        3.07711 )
           atom      2   Ga Mean Z*:        2.91150
      E*x (        2.90583       -0.00000        0.00000 )
      E*y (       -0.00000        2.75156        0.27485 )
      E*z (       -0.00000        0.15881        3.07711 )
           atom      3   Ga Mean Z*:        3.27688
      E*x (        3.45386        0.00000       -0.00000 )
      E*y (       -0.00000        3.24276       -0.33378 )
      E*z (        0.00000       -0.17871        3.13401 )
           atom      4   Ga Mean Z*:        3.27688
      E*x (        3.45386       -0.00000        0.00000 )
      E*y (       -0.00000        3.24276       -0.33378 )
      E*z (        0.00000       -0.17871        3.13401 )
           atom      5   O  Mean Z*:       -2.02223
      E*x (       -2.10667        0.00000        0.00000 )
      E*y (       -0.00000       -1.45466        0.05848 )
      E*z (        0.00000        0.02955       -2.50536 )
           atom      6   O  Mean Z*:       -2.02223
      E*x (       -2.10667        0.00000        0.00000 )
      E*y (       -0.00000       -1.45466        0.05848 )
      E*z (        0.00000        0.02955       -2.50536 )
           atom      7   O  Mean Z*:       -2.17377
      E*x (       -1.96751        0.00000        0.00000 )
      E*y (       -0.00000       -2.24351       -0.21068 )
      E*z (        0.00000       -0.23899       -2.31029 )
           atom      8   O  Mean Z*:       -2.17377
      E*x (       -1.96751        0.00000        0.00000 )
      E*y (       -0.00000       -2.24351       -0.21068 )
      E*z (        0.00000       -0.23899       -2.31029 )
           atom      9   O  Mean Z*:       -1.99238
      E*x (       -2.28551        0.00000        0.00000 )
      E*y (       -0.00000       -2.29615        0.21113 )
      E*z (       -0.00000        0.22935       -1.39547 )
           atom     10   O  Mean Z*:       -1.99238
      E*x (       -2.28551        0.00000       -0.00000 )
      E*y (        0.00000       -2.29615        0.21113 )
      E*z (       -0.00000        0.22935       -1.39547 )


     Representation #   1 mode #   1

     Self-consistent Calculation

      iter #   1 total cpu time : 43045.5 secs   av.it.:  15.2
      thresh= 1.000E-02 alpha_mix =  0.700 |ddv_scf|^2 =  4.886E-07

      iter #   2 total cpu time : 43488.0 secs   av.it.:  36.5
      thresh= 6.990E-05 alpha_mix =  0.700 |ddv_scf|^2 =  3.529E-07

      iter #   3 total cpu time : 43923.2 secs   av.it.:  35.9
      thresh= 5.940E-05 alpha_mix =  0.700 |ddv_scf|^2 =  1.712E-08

      iter #   4 total cpu time : 44347.3 secs   av.it.:  36.1
      thresh= 1.308E-05 alpha_mix =  0.700 |ddv_scf|^2 =  2.017E-09

      iter #   5 total cpu time : 44793.4 secs   av.it.:  36.6
      thresh= 4.492E-06 alpha_mix =  0.700 |ddv_scf|^2 =  4.786E-11

      iter #   6 total cpu time : 45235.3 secs   av.it.:  37.3
      thresh= 6.918E-07 alpha_mix =  0.700 |ddv_scf|^2 =  3.718E-12

      iter #   7 total cpu time : 45672.3 secs   av.it.:  37.6
      thresh= 1.928E-07 alpha_mix =  0.700 |ddv_scf|^2 =  8.054E-13

      iter #   8 total cpu time : 46105.5 secs   av.it.:  37.5
      thresh= 8.974E-08 alpha_mix =  0.700 |ddv_scf|^2 =  1.086E-13

      iter #   9 total cpu time : 46547.1 secs   av.it.:  37.4
      thresh= 3.295E-08 alpha_mix =  0.700 |ddv_scf|^2 =  1.352E-14

      iter #  10 total cpu time : 46987.3 secs   av.it.:  37.7
      thresh= 1.163E-08 alpha_mix =  0.700 |ddv_scf|^2 =  1.053E-15

     End of self-consistent calculation

     Convergence has been achieved 


     Representation #   2 mode #   2

     Self-consistent Calculation

      iter #   1 total cpu time : 50099.5 secs   av.it.:  20.6
      thresh= 1.000E-02 alpha_mix =  0.700 |ddv_scf|^2 =  1.926E-06

      iter #   2 total cpu time : 50520.6 secs   av.it.:  35.0
      thresh= 1.388E-04 alpha_mix =  0.700 |ddv_scf|^2 =  1.216E-06

      iter #   3 total cpu time : 50953.6 secs   av.it.:  34.1
      thresh= 1.103E-04 alpha_mix =  0.700 |ddv_scf|^2 =  2.807E-07

      iter #   4 total cpu time : 51373.5 secs   av.it.:  33.4
      thresh= 5.298E-05 alpha_mix =  0.700 |ddv_scf|^2 =  4.143E-09

      iter #   5 total cpu time : 51813.6 secs   av.it.:  37.7
      thresh= 6.437E-06 alpha_mix =  0.700 |ddv_scf|^2 =  1.820E-09

      iter #   6 total cpu time : 52250.8 secs   av.it.:  37.6
      thresh= 4.266E-06 alpha_mix =  0.700 |ddv_scf|^2 =  7.852E-10

      iter #   7 total cpu time : 52693.3 secs   av.it.:  37.7
      thresh= 2.802E-06 alpha_mix =  0.700 |ddv_scf|^2 =  1.002E-10

      iter #   8 total cpu time : 53128.6 secs   av.it.:  37.9
      thresh= 1.001E-06 alpha_mix =  0.700 |ddv_scf|^2 =  2.296E-11

      iter #   9 total cpu time : 53553.8 secs   av.it.:  36.8
      thresh= 4.792E-07 alpha_mix =  0.700 |ddv_scf|^2 =  3.071E-13

      iter #  10 total cpu time : 54005.9 secs   av.it.:  39.4
      thresh= 5.542E-08 alpha_mix =  0.700 |ddv_scf|^2 =  1.805E-13

      iter #  11 total cpu time : 54443.8 secs   av.it.:  37.2
      thresh= 4.249E-08 alpha_mix =  0.700 |ddv_scf|^2 =  8.677E-15

     End of self-consistent calculation

     Convergence has been achieved 


     Representation #   3 mode #   3

     Self-consistent Calculation

      iter #   1 total cpu time : 57480.0 secs   av.it.:  19.3
      thresh= 1.000E-02 alpha_mix =  0.700 |ddv_scf|^2 =  1.276E-06

      iter #   2 total cpu time : 57910.3 secs   av.it.:  35.5
      thresh= 1.130E-04 alpha_mix =  0.700 |ddv_scf|^2 =  6.455E-07

      iter #   3 total cpu time : 58334.3 secs   av.it.:  34.9
      thresh= 8.034E-05 alpha_mix =  0.700 |ddv_scf|^2 =  2.235E-07

      iter #   4 total cpu time : 58744.3 secs   av.it.:  33.3
      thresh= 4.727E-05 alpha_mix =  0.700 |ddv_scf|^2 =  4.022E-09

      iter #   5 total cpu time : 59181.6 secs   av.it.:  37.9
      thresh= 6.342E-06 alpha_mix =  0.700 |ddv_scf|^2 =  2.166E-09

      iter #   6 total cpu time : 59614.8 secs   av.it.:  37.1
      thresh= 4.654E-06 alpha_mix =  0.700 |ddv_scf|^2 =  1.000E-09

      iter #   7 total cpu time : 60041.9 secs   av.it.:  36.7
      thresh= 3.163E-06 alpha_mix =  0.700 |ddv_scf|^2 =  1.498E-10

      iter #   8 total cpu time : 60481.1 secs   av.it.:  37.4
      thresh= 1.224E-06 alpha_mix =  0.700 |ddv_scf|^2 =  1.657E-11

      iter #   9 total cpu time : 60923.8 secs   av.it.:  36.8
      thresh= 4.071E-07 alpha_mix =  0.700 |ddv_scf|^2 =  3.353E-13

      iter #  10 total cpu time : 61375.8 secs   av.it.:  38.7
      thresh= 5.790E-08 alpha_mix =  0.700 |ddv_scf|^2 =  8.524E-14

      iter #  11 total cpu time : 61810.9 secs   av.it.:  37.4
      thresh= 2.920E-08 alpha_mix =  0.700 |ddv_scf|^2 =  3.649E-15

     End of self-consistent calculation

     Convergence has been achieved 


     Representation #   4 mode #   4

     Self-consistent Calculation

      iter #   1 total cpu time : 64739.6 secs   av.it.:  15.6
      thresh= 1.000E-02 alpha_mix =  0.700 |ddv_scf|^2 =  5.314E-07

      iter #   2 total cpu time : 65154.8 secs   av.it.:  34.7
      thresh= 7.290E-05 alpha_mix =  0.700 |ddv_scf|^2 =  2.668E-07

      iter #   3 total cpu time : 65576.0 secs   av.it.:  35.5
      thresh= 5.166E-05 alpha_mix =  0.700 |ddv_scf|^2 =  2.197E-08

      iter #   4 total cpu time : 65994.2 secs   av.it.:  35.2
      thresh= 1.482E-05 alpha_mix =  0.700 |ddv_scf|^2 =  1.746E-09

      iter #   5 total cpu time : 66417.6 secs   av.it.:  36.5
      thresh= 4.178E-06 alpha_mix =  0.700 |ddv_scf|^2 =  6.546E-11

      iter #   6 total cpu time : 66843.1 secs   av.it.:  36.9
      thresh= 8.091E-07 alpha_mix =  0.700 |ddv_scf|^2 =  4.082E-12

      iter #   7 total cpu time : 67270.9 secs   av.it.:  37.1
      thresh= 2.020E-07 alpha_mix =  0.700 |ddv_scf|^2 =  1.108E-12

      iter #   8 total cpu time : 67689.4 secs   av.it.:  35.9
      thresh= 1.053E-07 alpha_mix =  0.700 |ddv_scf|^2 =  7.540E-14

      iter #   9 total cpu time : 68126.9 secs   av.it.:  38.1
      thresh= 2.746E-08 alpha_mix =  0.700 |ddv_scf|^2 =  2.512E-14

      iter #  10 total cpu time : 68560.4 secs   av.it.:  37.8
      thresh= 1.585E-08 alpha_mix =  0.700 |ddv_scf|^2 =  6.574E-15

     End of self-consistent calculation

     Convergence has been achieved 


     Representation #   5 mode #   5

     Self-consistent Calculation

      iter #   1 total cpu time : 71507.3 secs   av.it.:  15.6
      thresh= 1.000E-02 alpha_mix =  0.700 |ddv_scf|^2 =  6.832E-07

      iter #   2 total cpu time : 71935.8 secs   av.it.:  35.2
      thresh= 8.265E-05 alpha_mix =  0.700 |ddv_scf|^2 =  5.402E-07

      iter #   3 total cpu time : 72349.2 secs   av.it.:  34.8
      thresh= 7.350E-05 alpha_mix =  0.700 |ddv_scf|^2 =  3.075E-08

      iter #   4 total cpu time : 72755.7 secs   av.it.:  33.7
      thresh= 1.754E-05 alpha_mix =  0.700 |ddv_scf|^2 =  2.207E-09

      iter #   5 total cpu time : 73178.2 secs   av.it.:  36.0
      thresh= 4.698E-06 alpha_mix =  0.700 |ddv_scf|^2 =  1.262E-10

      iter #   6 total cpu time : 73605.4 secs   av.it.:  36.5
      thresh= 1.123E-06 alpha_mix =  0.700 |ddv_scf|^2 =  7.084E-12

      iter #   7 total cpu time : 74033.0 secs   av.it.:  37.2
      thresh= 2.662E-07 alpha_mix =  0.700 |ddv_scf|^2 =  7.791E-13

      iter #   8 total cpu time : 74460.0 secs   av.it.:  36.2
      thresh= 8.827E-08 alpha_mix =  0.700 |ddv_scf|^2 =  3.158E-14

      iter #   9 total cpu time : 74895.5 secs   av.it.:  38.5
      thresh= 1.777E-08 alpha_mix =  0.700 |ddv_scf|^2 =  1.415E-14

      iter #  10 total cpu time : 75326.3 secs   av.it.:  37.7
      thresh= 1.189E-08 alpha_mix =  0.700 |ddv_scf|^2 =  1.547E-15

     End of self-consistent calculation

     Convergence has been achieved 


     Representation #   6 mode #   6

     Self-consistent Calculation

      iter #   1 total cpu time : 78283.5 secs   av.it.:  20.6
      thresh= 1.000E-02 alpha_mix =  0.700 |ddv_scf|^2 =  1.553E-06

      iter #   2 total cpu time : 78704.7 secs   av.it.:  35.1
      thresh= 1.246E-04 alpha_mix =  0.700 |ddv_scf|^2 =  7.119E-07

      iter #   3 total cpu time : 79127.6 secs   av.it.:  34.6
      thresh= 8.438E-05 alpha_mix =  0.700 |ddv_scf|^2 =  2.447E-07

      iter #   4 total cpu time : 79540.0 secs   av.it.:  33.0
      thresh= 4.947E-05 alpha_mix =  0.700 |ddv_scf|^2 =  4.695E-09

      iter #   5 total cpu time : 79975.3 secs   av.it.:  37.2
      thresh= 6.852E-06 alpha_mix =  0.700 |ddv_scf|^2 =  1.750E-09

      iter #   6 total cpu time : 80411.8 secs   av.it.:  38.0
      thresh= 4.183E-06 alpha_mix =  0.700 |ddv_scf|^2 =  9.215E-10

      iter #   7 total cpu time : 80850.9 secs   av.it.:  37.7
      thresh= 3.036E-06 alpha_mix =  0.700 |ddv_scf|^2 =  1.231E-10

      iter #   8 total cpu time : 81285.5 secs   av.it.:  37.4
      thresh= 1.110E-06 alpha_mix =  0.700 |ddv_scf|^2 =  1.730E-11

      iter #   9 total cpu time : 81717.9 secs   av.it.:  37.4
      thresh= 4.159E-07 alpha_mix =  0.700 |ddv_scf|^2 =  4.546E-13

      iter #  10 total cpu time : 82150.7 secs   av.it.:  37.1
      thresh= 6.743E-08 alpha_mix =  0.700 |ddv_scf|^2 =  3.463E-14

      iter #  11 total cpu time : 82592.4 secs   av.it.:  38.8
      thresh= 1.861E-08 alpha_mix =  0.700 |ddv_scf|^2 =  1.645E-14

      iter #  12 total cpu time : 83026.9 secs   av.it.:  37.2
      thresh= 1.282E-08 alpha_mix =  0.700 |ddv_scf|^2 =  1.469E-15

     End of self-consistent calculation

     Convergence has been achieved 


     Representation #   7 mode #   7

     Self-consistent Calculation

      iter #   1 total cpu time : 86002.3 secs   av.it.:  15.5
      thresh= 1.000E-02 alpha_mix =  0.700 |ddv_scf|^2 =  3.565E-07

      iter #   2 total cpu time : 86430.4 secs   av.it.:  36.3
      thresh= 5.971E-05 alpha_mix =  0.700 |ddv_scf|^2 =  1.021E-07

      iter #   3 total cpu time : 86852.7 secs   av.it.:  36.2
      thresh= 3.195E-05 alpha_mix =  0.700 |ddv_scf|^2 =  3.789E-09

      iter #   4 total cpu time : 87282.5 secs   av.it.:  38.0
      thresh= 6.156E-06 alpha_mix =  0.700 |ddv_scf|^2 =  1.969E-09

      iter #   5 total cpu time : 87697.6 secs   av.it.:  35.2
      thresh= 4.437E-06 alpha_mix =  0.700 |ddv_scf|^2 =  4.347E-11

      iter #   6 total cpu time : 88125.5 secs   av.it.:  37.4
      thresh= 6.593E-07 alpha_mix =  0.700 |ddv_scf|^2 =  1.162E-12

      iter #   7 total cpu time : 88561.8 secs   av.it.:  38.2
      thresh= 1.078E-07 alpha_mix =  0.700 |ddv_scf|^2 =  1.366E-12

      iter #   8 total cpu time : 88972.1 secs   av.it.:  34.3
      thresh= 1.169E-07 alpha_mix =  0.700 |ddv_scf|^2 =  4.261E-14

      iter #   9 total cpu time : 89397.1 secs   av.it.:  37.2
      thresh= 2.064E-08 alpha_mix =  0.700 |ddv_scf|^2 =  1.000E-14

      iter #  10 total cpu time : 89827.1 secs   av.it.:  37.7
      thresh= 1.000E-08 alpha_mix =  0.700 |ddv_scf|^2 =  2.067E-15

     End of self-consistent calculation

     Convergence has been achieved 


     Representation #   8 mode #   8

     Self-consistent Calculation

      iter #   1 total cpu time : 92739.3 secs   av.it.:  14.9
      thresh= 1.000E-02 alpha_mix =  0.700 |ddv_scf|^2 =  5.855E-07

      iter #   2 total cpu time : 93147.2 secs   av.it.:  33.9
      thresh= 7.652E-05 alpha_mix =  0.700 |ddv_scf|^2 =  3.564E-07

      iter #   3 total cpu time : 93546.3 secs   av.it.:  32.8
      thresh= 5.970E-05 alpha_mix =  0.700 |ddv_scf|^2 =  3.530E-08

      iter #   4 total cpu time : 93950.1 secs   av.it.:  33.2
      thresh= 1.879E-05 alpha_mix =  0.700 |ddv_scf|^2 =  1.090E-09

      iter #   5 total cpu time : 94368.3 secs   av.it.:  33.2
      thresh= 3.301E-06 alpha_mix =  0.700 |ddv_scf|^2 =  3.417E-11

      iter #   6 total cpu time : 94810.8 secs   av.it.:  36.6
      thresh= 5.846E-07 alpha_mix =  0.700 |ddv_scf|^2 =  3.271E-12

      iter #   7 total cpu time : 95240.7 secs   av.it.:  36.3
      thresh= 1.809E-07 alpha_mix =  0.700 |ddv_scf|^2 =  3.350E-13

      iter #   8 total cpu time : 95673.5 secs   av.it.:  37.6
      thresh= 5.788E-08 alpha_mix =  0.700 |ddv_scf|^2 =  2.709E-14

      iter #   9 total cpu time : 96120.5 secs   av.it.:  38.5
      thresh= 1.646E-08 alpha_mix =  0.700 |ddv_scf|^2 =  8.523E-15

     End of self-consistent calculation

     Convergence has been achieved 


     Representation #   9 mode #   9

     Self-consistent Calculation

      iter #   1 total cpu time : 99097.8 secs   av.it.:  19.2
      thresh= 1.000E-02 alpha_mix =  0.700 |ddv_scf|^2 =  2.238E-06

      iter #   2 total cpu time : 99513.5 secs   av.it.:  34.5
      thresh= 1.496E-04 alpha_mix =  0.700 |ddv_scf|^2 =  1.690E-06

      iter #   3 total cpu time : 99920.3 secs   av.it.:  33.2
      thresh= 1.300E-04 alpha_mix =  0.700 |ddv_scf|^2 =  2.401E-07

      iter #   4 total cpu time :100330.1 secs   av.it.:  33.7
      thresh= 4.900E-05 alpha_mix =  0.700 |ddv_scf|^2 =  5.172E-09

      iter #   5 total cpu time :100772.9 secs   av.it.:  38.1
      thresh= 7.191E-06 alpha_mix =  0.700 |ddv_scf|^2 =  1.720E-09

      iter #   6 total cpu time :101206.5 secs   av.it.:  37.7
      thresh= 4.147E-06 alpha_mix =  0.700 |ddv_scf|^2 =  1.237E-09

      iter #   7 total cpu time :101630.9 secs   av.it.:  36.2
      thresh= 3.517E-06 alpha_mix =  0.700 |ddv_scf|^2 =  1.419E-10

      iter #   8 total cpu time :102067.0 secs   av.it.:  38.0
      thresh= 1.191E-06 alpha_mix =  0.700 |ddv_scf|^2 =  1.548E-11

      iter #   9 total cpu time :102495.3 secs   av.it.:  36.9
      thresh= 3.935E-07 alpha_mix =  0.700 |ddv_scf|^2 =  4.258E-13

      iter #  10 total cpu time :102936.3 secs   av.it.:  39.1
      thresh= 6.526E-08 alpha_mix =  0.700 |ddv_scf|^2 =  1.822E-13

      iter #  11 total cpu time :103366.0 secs   av.it.:  36.9
      thresh= 4.268E-08 alpha_mix =  0.700 |ddv_scf|^2 =  4.080E-15

     End of self-consistent calculation

     Convergence has been achieved 


     Representation #  10 mode #  10

     Self-consistent Calculation

      iter #   1 total cpu time :106303.5 secs   av.it.:  15.1
      thresh= 1.000E-02 alpha_mix =  0.700 |ddv_scf|^2 =  3.276E-07

      iter #   2 total cpu time :106730.3 secs   av.it.:  36.9
      thresh= 5.723E-05 alpha_mix =  0.700 |ddv_scf|^2 =  1.625E-07

      iter #   3 total cpu time :107150.6 secs   av.it.:  35.9
      thresh= 4.031E-05 alpha_mix =  0.700 |ddv_scf|^2 =  7.189E-09

      iter #   4 total cpu time :107579.2 secs   av.it.:  37.4
      thresh= 8.479E-06 alpha_mix =  0.700 |ddv_scf|^2 =  2.201E-09

      iter #   5 total cpu time :108001.1 secs   av.it.:  36.1
      thresh= 4.691E-06 alpha_mix =  0.700 |ddv_scf|^2 =  3.658E-11

      iter #   6 total cpu time :108432.3 secs   av.it.:  37.3
      thresh= 6.048E-07 alpha_mix =  0.700 |ddv_scf|^2 =  1.817E-12

      iter #   7 total cpu time :108869.6 secs   av.it.:  37.9
      thresh= 1.348E-07 alpha_mix =  0.700 |ddv_scf|^2 =  7.289E-13

      iter #   8 total cpu time :109305.6 secs   av.it.:  37.3
      thresh= 8.537E-08 alpha_mix =  0.700 |ddv_scf|^2 =  1.047E-13

      iter #   9 total cpu time :109734.8 secs   av.it.:  37.2
      thresh= 3.235E-08 alpha_mix =  0.700 |ddv_scf|^2 =  1.281E-14

      iter #  10 total cpu time :110165.8 secs   av.it.:  37.7
      thresh= 1.132E-08 alpha_mix =  0.700 |ddv_scf|^2 =  1.667E-15

     End of self-consistent calculation

     Convergence has been achieved 


     Representation #  11 mode #  11

     Self-consistent Calculation

      iter #   1 total cpu time :113130.0 secs   av.it.:  18.5
      thresh= 1.000E-02 alpha_mix =  0.700 |ddv_scf|^2 =  4.286E-07

      iter #   2 total cpu time :113552.7 secs   av.it.:  35.7
      thresh= 6.547E-05 alpha_mix =  0.700 |ddv_scf|^2 =  6.975E-09

      iter #   3 total cpu time :113989.6 secs   av.it.:  38.6
      thresh= 8.352E-06 alpha_mix =  0.700 |ddv_scf|^2 =  2.752E-09

      iter #   4 total cpu time :114422.8 secs   av.it.:  36.6
      thresh= 5.246E-06 alpha_mix =  0.700 |ddv_scf|^2 =  1.872E-11

      iter #   5 total cpu time :114837.8 secs   av.it.:  35.3
      thresh= 4.327E-07 alpha_mix =  0.700 |ddv_scf|^2 =  1.995E-13

      iter #   6 total cpu time :115263.8 secs   av.it.:  37.1
      thresh= 4.466E-08 alpha_mix =  0.700 |ddv_scf|^2 =  7.178E-15

     End of self-consistent calculation

     Convergence has been achieved 


     Representation #  12 mode #  12

     Self-consistent Calculation

      iter #   1 total cpu time :118198.8 secs   av.it.:  14.3
      thresh= 1.000E-02 alpha_mix =  0.700 |ddv_scf|^2 =  8.708E-08

      iter #   2 total cpu time :118612.2 secs   av.it.:  34.2
      thresh= 2.951E-05 alpha_mix =  0.700 |ddv_scf|^2 =  8.529E-10

      iter #   3 total cpu time :119033.1 secs   av.it.:  35.9
      thresh= 2.920E-06 alpha_mix =  0.700 |ddv_scf|^2 =  3.718E-12

      iter #   4 total cpu time :119443.6 secs   av.it.:  34.5
      thresh= 1.928E-07 alpha_mix =  0.700 |ddv_scf|^2 =  2.191E-13

      iter #   5 total cpu time :119847.3 secs   av.it.:  33.5
      thresh= 4.681E-08 alpha_mix =  0.700 |ddv_scf|^2 =  2.487E-15

     End of self-consistent calculation

     Convergence has been achieved 


     Representation #  13 mode #  13

     Self-consistent Calculation

      iter #   1 total cpu time :122756.1 secs   av.it.:  14.4
      thresh= 1.000E-02 alpha_mix =  0.700 |ddv_scf|^2 =  7.532E-08

      iter #   2 total cpu time :123175.0 secs   av.it.:  34.2
      thresh= 2.744E-05 alpha_mix =  0.700 |ddv_scf|^2 =  4.854E-10

      iter #   3 total cpu time :123591.8 secs   av.it.:  35.6
      thresh= 2.203E-06 alpha_mix =  0.700 |ddv_scf|^2 =  3.470E-12

      iter #   4 total cpu time :124000.7 secs   av.it.:  33.6
      thresh= 1.863E-07 alpha_mix =  0.700 |ddv_scf|^2 =  5.752E-14

      iter #   5 total cpu time :124410.8 secs   av.it.:  34.7
      thresh= 2.398E-08 alpha_mix =  0.700 |ddv_scf|^2 =  4.234E-16

     End of self-consistent calculation

     Convergence has been achieved 


     Representation #  14 mode #  14

     Self-consistent Calculation

      iter #   1 total cpu time :127389.5 secs   av.it.:  19.2
      thresh= 1.000E-02 alpha_mix =  0.700 |ddv_scf|^2 =  4.065E-07

      iter #   2 total cpu time :127830.2 secs   av.it.:  36.4
      thresh= 6.376E-05 alpha_mix =  0.700 |ddv_scf|^2 =  7.502E-09

      iter #   3 total cpu time :128274.5 secs   av.it.:  38.6
      thresh= 8.662E-06 alpha_mix =  0.700 |ddv_scf|^2 =  2.642E-09

      iter #   4 total cpu time :128700.0 secs   av.it.:  37.1
      thresh= 5.140E-06 alpha_mix =  0.700 |ddv_scf|^2 =  1.521E-11

      iter #   5 total cpu time :129129.8 secs   av.it.:  37.7
      thresh= 3.900E-07 alpha_mix =  0.700 |ddv_scf|^2 =  2.322E-13

      iter #   6 total cpu time :129554.6 secs   av.it.:  37.0
      thresh= 4.818E-08 alpha_mix =  0.700 |ddv_scf|^2 =  7.785E-15

     End of self-consistent calculation

     Convergence has been achieved 


     Representation #  15 mode #  15

     Self-consistent Calculation

      iter #   1 total cpu time :132506.2 secs   av.it.:  14.2
      thresh= 1.000E-02 alpha_mix =  0.700 |ddv_scf|^2 =  8.263E-08

      iter #   2 total cpu time :132920.9 secs   av.it.:  34.1
      thresh= 2.875E-05 alpha_mix =  0.700 |ddv_scf|^2 =  7.364E-10

      iter #   3 total cpu time :133338.7 secs   av.it.:  35.4
      thresh= 2.714E-06 alpha_mix =  0.700 |ddv_scf|^2 =  3.835E-12

      iter #   4 total cpu time :133749.2 secs   av.it.:  34.1
      thresh= 1.958E-07 alpha_mix =  0.700 |ddv_scf|^2 =  2.418E-13

      iter #   5 total cpu time :134158.2 secs   av.it.:  32.9
      thresh= 4.917E-08 alpha_mix =  0.700 |ddv_scf|^2 =  2.597E-15

     End of self-consistent calculation

     Convergence has been achieved 


     Representation #  16 mode #  16

     Self-consistent Calculation

      iter #   1 total cpu time :137107.3 secs   av.it.:  18.6
      thresh= 1.000E-02 alpha_mix =  0.700 |ddv_scf|^2 =  4.017E-07

      iter #   2 total cpu time :137535.5 secs   av.it.:  35.8
      thresh= 6.338E-05 alpha_mix =  0.700 |ddv_scf|^2 =  8.135E-09

      iter #   3 total cpu time :137970.7 secs   av.it.:  38.4
      thresh= 9.019E-06 alpha_mix =  0.700 |ddv_scf|^2 =  2.732E-09

      iter #   4 total cpu time :138390.7 secs   av.it.:  36.5
      thresh= 5.227E-06 alpha_mix =  0.700 |ddv_scf|^2 =  8.658E-12

      iter #   5 total cpu time :138814.5 secs   av.it.:  36.9
      thresh= 2.942E-07 alpha_mix =  0.700 |ddv_scf|^2 =  1.914E-13

      iter #   6 total cpu time :139236.6 secs   av.it.:  36.9
      thresh= 4.375E-08 alpha_mix =  0.700 |ddv_scf|^2 =  6.298E-15

     End of self-consistent calculation

     Convergence has been achieved 


     Representation #  17 mode #  17

     Self-consistent Calculation

      iter #   1 total cpu time :142186.3 secs   av.it.:  14.5
      thresh= 1.000E-02 alpha_mix =  0.700 |ddv_scf|^2 =  8.862E-08

      iter #   2 total cpu time :142599.4 secs   av.it.:  34.3
      thresh= 2.977E-05 alpha_mix =  0.700 |ddv_scf|^2 =  9.884E-10

      iter #   3 total cpu time :143016.1 secs   av.it.:  35.4
      thresh= 3.144E-06 alpha_mix =  0.700 |ddv_scf|^2 =  3.976E-12

      iter #   4 total cpu time :143423.4 secs   av.it.:  34.0
      thresh= 1.994E-07 alpha_mix =  0.700 |ddv_scf|^2 =  2.412E-13

      iter #   5 total cpu time :143828.6 secs   av.it.:  32.6
      thresh= 4.911E-08 alpha_mix =  0.700 |ddv_scf|^2 =  2.948E-15

     End of self-consistent calculation

     Convergence has been achieved 


     Representation #  18 mode #  18

     Self-consistent Calculation

      iter #   1 total cpu time :146766.3 secs   av.it.:  14.2
      thresh= 1.000E-02 alpha_mix =  0.700 |ddv_scf|^2 =  7.450E-08

      iter #   2 total cpu time :147176.0 secs   av.it.:  34.1
      thresh= 2.729E-05 alpha_mix =  0.700 |ddv_scf|^2 =  5.356E-10

      iter #   3 total cpu time :147617.4 secs   av.it.:  36.1
      thresh= 2.314E-06 alpha_mix =  0.700 |ddv_scf|^2 =  3.865E-12

      iter #   4 total cpu time :148020.4 secs   av.it.:  33.6
      thresh= 1.966E-07 alpha_mix =  0.700 |ddv_scf|^2 =  2.390E-13

      iter #   5 total cpu time :148419.7 secs   av.it.:  33.1
      thresh= 4.889E-08 alpha_mix =  0.700 |ddv_scf|^2 =  2.339E-15

     End of self-consistent calculation

     Convergence has been achieved 


     Representation #  19 mode #  19

     Self-consistent Calculation

      iter #   1 total cpu time :151363.6 secs   av.it.:  14.3
      thresh= 1.000E-02 alpha_mix =  0.700 |ddv_scf|^2 =  6.635E-08

      iter #   2 total cpu time :151778.7 secs   av.it.:  34.2
      thresh= 2.576E-05 alpha_mix =  0.700 |ddv_scf|^2 =  3.129E-10

      iter #   3 total cpu time :152199.0 secs   av.it.:  36.5
      thresh= 1.769E-06 alpha_mix =  0.700 |ddv_scf|^2 =  3.459E-12

      iter #   4 total cpu time :152605.3 secs   av.it.:  34.1
      thresh= 1.860E-07 alpha_mix =  0.700 |ddv_scf|^2 =  1.890E-13

      iter #   5 total cpu time :153011.8 secs   av.it.:  34.2
      thresh= 4.347E-08 alpha_mix =  0.700 |ddv_scf|^2 =  1.860E-15

     End of self-consistent calculation

     Convergence has been achieved 


     Representation #  20 mode #  20

     Self-consistent Calculation

      iter #   1 total cpu time :155964.7 secs   av.it.:  19.3
      thresh= 1.000E-02 alpha_mix =  0.700 |ddv_scf|^2 =  4.162E-07

      iter #   2 total cpu time :156385.8 secs   av.it.:  36.4
      thresh= 6.452E-05 alpha_mix =  0.700 |ddv_scf|^2 =  7.237E-09

      iter #   3 total cpu time :156820.5 secs   av.it.:  38.7
      thresh= 8.507E-06 alpha_mix =  0.700 |ddv_scf|^2 =  2.666E-09

      iter #   4 total cpu time :157243.1 secs   av.it.:  36.8
      thresh= 5.164E-06 alpha_mix =  0.700 |ddv_scf|^2 =  2.456E-11

      iter #   5 total cpu time :157651.4 secs   av.it.:  33.0
      thresh= 4.955E-07 alpha_mix =  0.700 |ddv_scf|^2 =  2.147E-13

      iter #   6 total cpu time :158083.9 secs   av.it.:  36.8
      thresh= 4.634E-08 alpha_mix =  0.700 |ddv_scf|^2 =  5.153E-15

     End of self-consistent calculation

     Convergence has been achieved 


     Representation #  21 mode #  21

     Self-consistent Calculation

      iter #   1 total cpu time :161061.1 secs   av.it.:  19.3
      thresh= 1.000E-02 alpha_mix =  0.700 |ddv_scf|^2 =  7.571E-07

      iter #   2 total cpu time :161481.7 secs   av.it.:  36.1
      thresh= 8.701E-05 alpha_mix =  0.700 |ddv_scf|^2 =  2.613E-07

      iter #   3 total cpu time :161902.9 secs   av.it.:  36.1
      thresh= 5.112E-05 alpha_mix =  0.700 |ddv_scf|^2 =  1.202E-07

      iter #   4 total cpu time :162316.1 secs   av.it.:  33.7
      thresh= 3.466E-05 alpha_mix =  0.700 |ddv_scf|^2 =  3.721E-09

      iter #   5 total cpu time :162750.8 secs   av.it.:  38.3
      thresh= 6.100E-06 alpha_mix =  0.700 |ddv_scf|^2 =  1.748E-09

      iter #   6 total cpu time :163190.9 secs   av.it.:  38.3
      thresh= 4.181E-06 alpha_mix =  0.700 |ddv_scf|^2 =  1.107E-09

      iter #   7 total cpu time :163615.8 secs   av.it.:  36.6
      thresh= 3.327E-06 alpha_mix =  0.700 |ddv_scf|^2 =  7.350E-11

      iter #   8 total cpu time :164054.4 secs   av.it.:  37.8
      thresh= 8.573E-07 alpha_mix =  0.700 |ddv_scf|^2 =  6.908E-12

      iter #   9 total cpu time :164494.8 secs   av.it.:  37.6
      thresh= 2.628E-07 alpha_mix =  0.700 |ddv_scf|^2 =  7.565E-13

      iter #  10 total cpu time :164936.8 secs   av.it.:  38.3
      thresh= 8.698E-08 alpha_mix =  0.700 |ddv_scf|^2 =  1.364E-13

      iter #  11 total cpu time :165370.0 secs   av.it.:  36.9
      thresh= 3.693E-08 alpha_mix =  0.700 |ddv_scf|^2 =  7.979E-15

     End of self-consistent calculation

     Convergence has been achieved 


     Representation #  22 mode #  22

     Self-consistent Calculation

      iter #   1 total cpu time :168342.4 secs   av.it.:  16.0
      thresh= 1.000E-02 alpha_mix =  0.700 |ddv_scf|^2 =  7.420E-07

      iter #   2 total cpu time :168764.1 secs   av.it.:  35.6
      thresh= 8.614E-05 alpha_mix =  0.700 |ddv_scf|^2 =  5.603E-07

      iter #   3 total cpu time :169194.9 secs   av.it.:  35.3
      thresh= 7.485E-05 alpha_mix =  0.700 |ddv_scf|^2 =  2.164E-08

      iter #   4 total cpu time :169607.7 secs   av.it.:  34.3
      thresh= 1.471E-05 alpha_mix =  0.700 |ddv_scf|^2 =  2.208E-09

      iter #   5 total cpu time :170035.0 secs   av.it.:  36.5
      thresh= 4.699E-06 alpha_mix =  0.700 |ddv_scf|^2 =  5.898E-11

      iter #   6 total cpu time :170465.8 secs   av.it.:  37.2
      thresh= 7.680E-07 alpha_mix =  0.700 |ddv_scf|^2 =  7.937E-12

      iter #   7 total cpu time :170895.8 secs   av.it.:  37.1
      thresh= 2.817E-07 alpha_mix =  0.700 |ddv_scf|^2 =  2.626E-13

      iter #   8 total cpu time :171331.3 secs   av.it.:  37.1
      thresh= 5.125E-08 alpha_mix =  0.700 |ddv_scf|^2 =  2.427E-14

      iter #   9 total cpu time :171770.0 secs   av.it.:  38.7
      thresh= 1.558E-08 alpha_mix =  0.700 |ddv_scf|^2 =  2.987E-14

      iter #  10 total cpu time :172181.8 secs   av.it.:  35.0
      thresh= 1.728E-08 alpha_mix =  0.700 |ddv_scf|^2 =  1.981E-15

     End of self-consistent calculation

     Convergence has been achieved 


     Representation #  23 mode #  23

     Self-consistent Calculation

      iter #   1 total cpu time :175149.1 secs   av.it.:  20.2
      thresh= 1.000E-02 alpha_mix =  0.700 |ddv_scf|^2 =  8.068E-07

      iter #   2 total cpu time :175573.8 secs   av.it.:  36.8
      thresh= 8.982E-05 alpha_mix =  0.700 |ddv_scf|^2 =  2.915E-07

      iter #   3 total cpu time :176014.1 secs   av.it.:  36.8
      thresh= 5.399E-05 alpha_mix =  0.700 |ddv_scf|^2 =  1.834E-07

      iter #   4 total cpu time :176417.7 secs   av.it.:  33.5
      thresh= 4.282E-05 alpha_mix =  0.700 |ddv_scf|^2 =  2.377E-09

      iter #   5 total cpu time :176851.3 secs   av.it.:  38.6
      thresh= 4.876E-06 alpha_mix =  0.700 |ddv_scf|^2 =  2.126E-09

      iter #   6 total cpu time :177276.1 secs   av.it.:  37.4
      thresh= 4.610E-06 alpha_mix =  0.700 |ddv_scf|^2 =  8.826E-10

      iter #   7 total cpu time :177688.8 secs   av.it.:  35.2
      thresh= 2.971E-06 alpha_mix =  0.700 |ddv_scf|^2 =  7.481E-11

      iter #   8 total cpu time :178122.6 secs   av.it.:  37.8
      thresh= 8.649E-07 alpha_mix =  0.700 |ddv_scf|^2 =  6.358E-12

      iter #   9 total cpu time :178541.4 secs   av.it.:  36.5
      thresh= 2.522E-07 alpha_mix =  0.700 |ddv_scf|^2 =  6.486E-13

      iter #  10 total cpu time :178967.1 secs   av.it.:  38.1
      thresh= 8.054E-08 alpha_mix =  0.700 |ddv_scf|^2 =  5.905E-14

      iter #  11 total cpu time :179386.2 secs   av.it.:  37.0
      thresh= 2.430E-08 alpha_mix =  0.700 |ddv_scf|^2 =  2.431E-15

     End of self-consistent calculation

     Convergence has been achieved 


     Representation #  24 mode #  24

     Self-consistent Calculation

      iter #   1 total cpu time :182428.9 secs   av.it.:  14.9
      thresh= 1.000E-02 alpha_mix =  0.700 |ddv_scf|^2 =  3.594E-07

      iter #   2 total cpu time :182856.1 secs   av.it.:  35.8
      thresh= 5.995E-05 alpha_mix =  0.700 |ddv_scf|^2 =  2.312E-07

      iter #   3 total cpu time :183271.4 secs   av.it.:  35.8
      thresh= 4.808E-05 alpha_mix =  0.700 |ddv_scf|^2 =  1.437E-08

      iter #   4 total cpu time :183683.5 secs   av.it.:  34.8
      thresh= 1.199E-05 alpha_mix =  0.700 |ddv_scf|^2 =  1.811E-09

      iter #   5 total cpu time :184106.9 secs   av.it.:  36.4
      thresh= 4.256E-06 alpha_mix =  0.700 |ddv_scf|^2 =  5.825E-11

      iter #   6 total cpu time :184550.8 secs   av.it.:  36.7
      thresh= 7.632E-07 alpha_mix =  0.700 |ddv_scf|^2 =  8.153E-12

      iter #   7 total cpu time :184976.3 secs   av.it.:  37.0
      thresh= 2.855E-07 alpha_mix =  0.700 |ddv_scf|^2 =  2.522E-13

      iter #   8 total cpu time :185404.4 secs   av.it.:  38.1
      thresh= 5.022E-08 alpha_mix =  0.700 |ddv_scf|^2 =  4.365E-14

      iter #   9 total cpu time :185848.9 secs   av.it.:  38.2
      thresh= 2.089E-08 alpha_mix =  0.700 |ddv_scf|^2 =  1.766E-14

      iter #  10 total cpu time :186284.0 secs   av.it.:  37.4
      thresh= 1.329E-08 alpha_mix =  0.700 |ddv_scf|^2 =  1.534E-15

     End of self-consistent calculation

     Convergence has been achieved 


     Representation #  25 mode #  25

     Self-consistent Calculation

      iter #   1 total cpu time :189411.8 secs   av.it.:  19.1
      thresh= 1.000E-02 alpha_mix =  0.700 |ddv_scf|^2 =  9.685E-07

      iter #   2 total cpu time :189845.3 secs   av.it.:  35.9
      thresh= 9.841E-05 alpha_mix =  0.700 |ddv_scf|^2 =  3.504E-07

      iter #   3 total cpu time :190282.0 secs   av.it.:  37.0
      thresh= 5.920E-05 alpha_mix =  0.700 |ddv_scf|^2 =  1.954E-07

      iter #   4 total cpu time :190697.1 secs   av.it.:  33.4
      thresh= 4.420E-05 alpha_mix =  0.700 |ddv_scf|^2 =  3.439E-09

      iter #   5 total cpu time :191134.7 secs   av.it.:  38.7
      thresh= 5.864E-06 alpha_mix =  0.700 |ddv_scf|^2 =  2.901E-09

      iter #   6 total cpu time :191569.9 secs   av.it.:  37.3
      thresh= 5.386E-06 alpha_mix =  0.700 |ddv_scf|^2 =  1.453E-09

      iter #   7 total cpu time :191992.6 secs   av.it.:  36.2
      thresh= 3.811E-06 alpha_mix =  0.700 |ddv_scf|^2 =  1.224E-10

      iter #   8 total cpu time :192421.5 secs   av.it.:  37.2
      thresh= 1.107E-06 alpha_mix =  0.700 |ddv_scf|^2 =  1.141E-11

      iter #   9 total cpu time :192847.7 secs   av.it.:  37.0
      thresh= 3.377E-07 alpha_mix =  0.700 |ddv_scf|^2 =  6.799E-13

      iter #  10 total cpu time :193282.8 secs   av.it.:  38.2
      thresh= 8.246E-08 alpha_mix =  0.700 |ddv_scf|^2 =  6.996E-14

      iter #  11 total cpu time :193714.1 secs   av.it.:  37.4
      thresh= 2.645E-08 alpha_mix =  0.700 |ddv_scf|^2 =  6.974E-15

     End of self-consistent calculation

     Convergence has been achieved 


     Representation #  26 mode #  26

     Self-consistent Calculation

      iter #   1 total cpu time :196654.7 secs   av.it.:  14.9
      thresh= 1.000E-02 alpha_mix =  0.700 |ddv_scf|^2 =  3.885E-07

      iter #   2 total cpu time :197081.0 secs   av.it.:  36.1
      thresh= 6.233E-05 alpha_mix =  0.700 |ddv_scf|^2 =  1.967E-07

      iter #   3 total cpu time :197506.7 secs   av.it.:  35.6
      thresh= 4.436E-05 alpha_mix =  0.700 |ddv_scf|^2 =  8.409E-09

      iter #   4 total cpu time :197944.5 secs   av.it.:  37.4
      thresh= 9.170E-06 alpha_mix =  0.700 |ddv_scf|^2 =  2.238E-09

      iter #   5 total cpu time :198387.7 secs   av.it.:  36.4
      thresh= 4.731E-06 alpha_mix =  0.700 |ddv_scf|^2 =  1.818E-11

      iter #   6 total cpu time :198821.9 secs   av.it.:  37.9
      thresh= 4.264E-07 alpha_mix =  0.700 |ddv_scf|^2 =  4.389E-12

      iter #   7 total cpu time :199246.7 secs   av.it.:  36.8
      thresh= 2.095E-07 alpha_mix =  0.700 |ddv_scf|^2 =  4.557E-13

      iter #   8 total cpu time :199689.3 secs   av.it.:  37.8
      thresh= 6.751E-08 alpha_mix =  0.700 |ddv_scf|^2 =  4.322E-14

      iter #   9 total cpu time :200124.3 secs   av.it.:  37.9
      thresh= 2.079E-08 alpha_mix =  0.700 |ddv_scf|^2 =  2.728E-14

      iter #  10 total cpu time :200559.1 secs   av.it.:  37.2
      thresh= 1.652E-08 alpha_mix =  0.700 |ddv_scf|^2 =  7.869E-15

     End of self-consistent calculation

     Convergence has been achieved 


     Representation #  27 mode #  27

     Self-consistent Calculation

      iter #   1 total cpu time :203530.8 secs   av.it.:  15.1
      thresh= 1.000E-02 alpha_mix =  0.700 |ddv_scf|^2 =  5.473E-07

      iter #   2 total cpu time :203949.5 secs   av.it.:  35.8
      thresh= 7.398E-05 alpha_mix =  0.700 |ddv_scf|^2 =  3.994E-07

      iter #   3 total cpu time :204361.4 secs   av.it.:  34.9
      thresh= 6.319E-05 alpha_mix =  0.700 |ddv_scf|^2 =  1.634E-08

      iter #   4 total cpu time :204772.6 secs   av.it.:  34.3
      thresh= 1.278E-05 alpha_mix =  0.700 |ddv_scf|^2 =  1.874E-09

      iter #   5 total cpu time :205196.7 secs   av.it.:  36.4
      thresh= 4.330E-06 alpha_mix =  0.700 |ddv_scf|^2 =  4.095E-11

      iter #   6 total cpu time :205634.1 secs   av.it.:  37.6
      thresh= 6.399E-07 alpha_mix =  0.700 |ddv_scf|^2 =  7.675E-12

      iter #   7 total cpu time :206065.6 secs   av.it.:  37.0
      thresh= 2.770E-07 alpha_mix =  0.700 |ddv_scf|^2 =  2.287E-13

      iter #   8 total cpu time :206504.4 secs   av.it.:  38.2
      thresh= 4.782E-08 alpha_mix =  0.700 |ddv_scf|^2 =  1.003E-13

      iter #   9 total cpu time :206934.3 secs   av.it.:  37.5
      thresh= 3.167E-08 alpha_mix =  0.700 |ddv_scf|^2 =  2.464E-14

      iter #  10 total cpu time :207363.7 secs   av.it.:  37.1
      thresh= 1.570E-08 alpha_mix =  0.700 |ddv_scf|^2 =  2.606E-15

     End of self-consistent calculation

     Convergence has been achieved 


     Representation #  28 mode #  28

     Self-consistent Calculation

      iter #   1 total cpu time :210297.5 secs   av.it.:  14.8
      thresh= 1.000E-02 alpha_mix =  0.700 |ddv_scf|^2 =  3.199E-07

      iter #   2 total cpu time :210728.2 secs   av.it.:  36.6
      thresh= 5.656E-05 alpha_mix =  0.700 |ddv_scf|^2 =  2.014E-07

      iter #   3 total cpu time :211153.6 secs   av.it.:  35.4
      thresh= 4.488E-05 alpha_mix =  0.700 |ddv_scf|^2 =  9.583E-09

      iter #   4 total cpu time :211577.5 secs   av.it.:  35.4
      thresh= 9.789E-06 alpha_mix =  0.700 |ddv_scf|^2 =  2.042E-09

      iter #   5 total cpu time :212010.2 secs   av.it.:  36.3
      thresh= 4.519E-06 alpha_mix =  0.700 |ddv_scf|^2 =  3.783E-11

      iter #   6 total cpu time :212421.7 secs   av.it.:  37.3
      thresh= 6.151E-07 alpha_mix =  0.700 |ddv_scf|^2 =  4.643E-12

      iter #   7 total cpu time :212840.2 secs   av.it.:  37.4
      thresh= 2.155E-07 alpha_mix =  0.700 |ddv_scf|^2 =  2.877E-13

      iter #   8 total cpu time :213259.1 secs   av.it.:  38.2
      thresh= 5.363E-08 alpha_mix =  0.700 |ddv_scf|^2 =  1.228E-13

      iter #   9 total cpu time :213654.2 secs   av.it.:  34.7
      thresh= 3.505E-08 alpha_mix =  0.700 |ddv_scf|^2 =  1.973E-14

      iter #  10 total cpu time :214064.0 secs   av.it.:  37.3
      thresh= 1.405E-08 alpha_mix =  0.700 |ddv_scf|^2 =  2.760E-16

     End of self-consistent calculation

     Convergence has been achieved 


     Representation #  29 mode #  29

     Self-consistent Calculation

      iter #   1 total cpu time :216920.0 secs   av.it.:  20.1
      thresh= 1.000E-02 alpha_mix =  0.700 |ddv_scf|^2 =  7.619E-07

      iter #   2 total cpu time :217329.9 secs   av.it.:  36.8
      thresh= 8.728E-05 alpha_mix =  0.700 |ddv_scf|^2 =  2.217E-07

      iter #   3 total cpu time :217743.3 secs   av.it.:  37.5
      thresh= 4.709E-05 alpha_mix =  0.700 |ddv_scf|^2 =  1.580E-07

      iter #   4 total cpu time :218128.7 secs   av.it.:  33.3
      thresh= 3.974E-05 alpha_mix =  0.700 |ddv_scf|^2 =  4.127E-09

      iter #   5 total cpu time :218544.5 secs   av.it.:  38.0
      thresh= 6.424E-06 alpha_mix =  0.700 |ddv_scf|^2 =  1.950E-09

      iter #   6 total cpu time :218964.8 secs   av.it.:  38.0
      thresh= 4.416E-06 alpha_mix =  0.700 |ddv_scf|^2 =  1.236E-09

      iter #   7 total cpu time :219374.5 secs   av.it.:  37.2
      thresh= 3.515E-06 alpha_mix =  0.700 |ddv_scf|^2 =  1.153E-10

      iter #   8 total cpu time :219786.2 secs   av.it.:  37.2
      thresh= 1.074E-06 alpha_mix =  0.700 |ddv_scf|^2 =  8.142E-12

      iter #   9 total cpu time :220202.8 secs   av.it.:  38.0
      thresh= 2.853E-07 alpha_mix =  0.700 |ddv_scf|^2 =  1.420E-12

      iter #  10 total cpu time :220611.3 secs   av.it.:  36.7
      thresh= 1.192E-07 alpha_mix =  0.700 |ddv_scf|^2 =  5.883E-14

      iter #  11 total cpu time :221026.2 secs   av.it.:  37.9
      thresh= 2.425E-08 alpha_mix =  0.700 |ddv_scf|^2 =  1.719E-14

      iter #  12 total cpu time :221430.5 secs   av.it.:  36.3
      thresh= 1.311E-08 alpha_mix =  0.700 |ddv_scf|^2 =  9.948E-16

     End of self-consistent calculation

     Convergence has been achieved 


     Representation #  30 mode #  30

     Self-consistent Calculation

      iter #   1 total cpu time :224237.6 secs   av.it.:  14.0
      thresh= 1.000E-02 alpha_mix =  0.700 |ddv_scf|^2 =  9.939E-08

      iter #   2 total cpu time :224634.8 secs   av.it.:  34.6
      thresh= 3.153E-05 alpha_mix =  0.700 |ddv_scf|^2 =  2.199E-08

      iter #   3 total cpu time :225038.0 secs   av.it.:  36.1
      thresh= 1.483E-05 alpha_mix =  0.700 |ddv_scf|^2 =  5.612E-09

      iter #   4 total cpu time :225443.1 secs   av.it.:  35.8
      thresh= 7.491E-06 alpha_mix =  0.700 |ddv_scf|^2 =  6.244E-10

      iter #   5 total cpu time :225852.0 secs   av.it.:  36.4
      thresh= 2.499E-06 alpha_mix =  0.700 |ddv_scf|^2 =  4.064E-12

      iter #   6 total cpu time :226277.7 secs   av.it.:  38.4
      thresh= 2.016E-07 alpha_mix =  0.700 |ddv_scf|^2 =  2.878E-12

      iter #   7 total cpu time :226676.0 secs   av.it.:  35.3
      thresh= 1.696E-07 alpha_mix =  0.700 |ddv_scf|^2 =  1.930E-13

      iter #   8 total cpu time :227090.4 secs   av.it.:  37.9
      thresh= 4.393E-08 alpha_mix =  0.700 |ddv_scf|^2 =  3.945E-14

      iter #   9 total cpu time :227506.0 secs   av.it.:  37.9
      thresh= 1.986E-08 alpha_mix =  0.700 |ddv_scf|^2 =  9.189E-15

     End of self-consistent calculation

     Convergence has been achieved 

     Number of q in the star =    1
     List of q in the star:
          1   0.000000000   0.000000000   0.000000000

          Dielectric constant in cartesian axis 

          (       4.076871120       0.000000000       0.000000000 )
          (       0.000000000       3.965084947       0.001097257 )
          (      -0.000000000       0.001097274       4.084452809 )

          Effective charges (d Force / dE) in cartesian axis without acoustic sum rule applied (asr)

           atom      1   Ga Mean Z*:        2.90953
      Ex  (        2.90385       -0.00000        0.00000 )
      Ey  (        0.00000        2.74962        0.27486 )
      Ez  (        0.00000        0.15879        3.07512 )
           atom      2   Ga Mean Z*:        2.90953
      Ex  (        2.90385       -0.00000        0.00000 )
      Ey  (        0.00000        2.74962        0.27486 )
      Ez  (       -0.00000        0.15879        3.07512 )
           atom      3   Ga Mean Z*:        3.27491
      Ex  (        3.45188        0.00000       -0.00000 )
      Ey  (        0.00000        3.24082       -0.33377 )
      Ez  (        0.00000       -0.17873        3.13203 )
           atom      4   Ga Mean Z*:        3.27491
      Ex  (        3.45188       -0.00000        0.00000 )
      Ey  (        0.00000        3.24082       -0.33377 )
      Ez  (        0.00000       -0.17873        3.13203 )
           atom      5   O  Mean Z*:       -2.02420
      Ex  (       -2.10865        0.00000        0.00000 )
      Ey  (        0.00000       -1.45660        0.05849 )
      Ez  (        0.00000        0.02953       -2.50735 )
           atom      6   O  Mean Z*:       -2.02420
      Ex  (       -2.10865        0.00000        0.00000 )
      Ey  (        0.00000       -1.45660        0.05849 )
      Ez  (        0.00000        0.02953       -2.50735 )
           atom      7   O  Mean Z*:       -2.17574
      Ex  (       -1.96949        0.00000        0.00000 )
      Ey  (        0.00000       -2.24545       -0.21066 )
      Ez  (        0.00000       -0.23901       -2.31228 )
           atom      8   O  Mean Z*:       -2.17574
      Ex  (       -1.96949        0.00000        0.00000 )
      Ey  (       -0.00000       -2.24545       -0.21066 )
      Ez  (        0.00000       -0.23901       -2.31228 )
           atom      9   O  Mean Z*:       -1.99435
      Ex  (       -2.28749        0.00000        0.00000 )
      Ey  (        0.00000       -2.29809        0.21114 )
      Ez  (       -0.00000        0.22934       -1.39746 )
           atom     10   O  Mean Z*:       -1.99435
      Ex  (       -2.28749        0.00000       -0.00000 )
      Ey  (        0.00000       -2.29809        0.21114 )
      Ez  (       -0.00000        0.22934       -1.39746 )

          Effective charges Sum: Mean:       -0.01970
             -0.01983        0.00000       -0.00000
              0.00000       -0.01938       -0.00017
             -0.00000        0.00014       -0.01989

          Effective charges (d Force / dE) in cartesian axis with asr applied: 
           atom      1   Ga Mean Z*:        2.91150
      E*x (        2.90583       -0.00000        0.00000 )
      E*y (       -0.00000        2.75156        0.27485 )
      E*z (        0.00000        0.15881        3.07711 )
           atom      2   Ga Mean Z*:        2.91150
      E*x (        2.90583       -0.00000        0.00000 )
      E*y (       -0.00000        2.75156        0.27485 )
      E*z (       -0.00000        0.15881        3.07711 )
           atom      3   Ga Mean Z*:        3.27688
      E*x (        3.45386        0.00000       -0.00000 )
      E*y (       -0.00000        3.24276       -0.33378 )
      E*z (        0.00000       -0.17871        3.13401 )
           atom      4   Ga Mean Z*:        3.27688
      E*x (        3.45386       -0.00000        0.00000 )
      E*y (       -0.00000        3.24276       -0.33378 )
      E*z (        0.00000       -0.17871        3.13401 )
           atom      5   O  Mean Z*:       -2.02223
      E*x (       -2.10667        0.00000        0.00000 )
      E*y (       -0.00000       -1.45466        0.05848 )
      E*z (        0.00000        0.02955       -2.50536 )
           atom      6   O  Mean Z*:       -2.02223
      E*x (       -2.10667        0.00000        0.00000 )
      E*y (       -0.00000       -1.45466        0.05848 )
      E*z (        0.00000        0.02955       -2.50536 )
           atom      7   O  Mean Z*:       -2.17377
      E*x (       -1.96751        0.00000        0.00000 )
      E*y (       -0.00000       -2.24351       -0.21068 )
      E*z (        0.00000       -0.23899       -2.31029 )
           atom      8   O  Mean Z*:       -2.17377
      E*x (       -1.96751        0.00000        0.00000 )
      E*y (       -0.00000       -2.24351       -0.21068 )
      E*z (        0.00000       -0.23899       -2.31029 )
           atom      9   O  Mean Z*:       -1.99238
      E*x (       -2.28551        0.00000        0.00000 )
      E*y (       -0.00000       -2.29615        0.21113 )
      E*z (       -0.00000        0.22935       -1.39547 )
           atom     10   O  Mean Z*:       -1.99238
      E*x (       -2.28551        0.00000       -0.00000 )
      E*y (        0.00000       -2.29615        0.21113 )
      E*z (       -0.00000        0.22935       -1.39547 )

          Effective charges (d P / du) in cartesian axis 

           atom      1   Ga 
      Px  (        2.90420       -0.00000        0.00000 )
      Py  (       -0.00000        2.74958        0.27513 )
      Pz  (        0.00000        0.15851        3.07489 )
           atom      2   Ga 
      Px  (        2.90420       -0.00000        0.00000 )
      Py  (       -0.00000        2.74958        0.27513 )
      Pz  (        0.00000        0.15851        3.07489 )
           atom      3   Ga 
      Px  (        3.45270        0.00000        0.00000 )
      Py  (        0.00000        3.24045       -0.33370 )
      Pz  (        0.00000       -0.17835        3.13186 )
           atom      4   Ga 
      Px  (        3.45270        0.00000        0.00000 )
      Py  (        0.00000        3.24045       -0.33370 )
      Pz  (        0.00000       -0.17835        3.13186 )
           atom      5   O  
      Px  (       -2.10826        0.00000       -0.00000 )
      Py  (        0.00000       -1.45673        0.05862 )
      Pz  (        0.00000        0.02965       -2.50751 )
           atom      6   O  
      Px  (       -2.10826        0.00000       -0.00000 )
      Py  (        0.00000       -1.45673        0.05862 )
      Pz  (        0.00000        0.02965       -2.50751 )
           atom      7   O  
      Px  (       -1.96898        0.00000       -0.00000 )
      Py  (        0.00000       -2.24523       -0.21099 )
      Pz  (       -0.00000       -0.23898       -2.31219 )
           atom      8   O  
      Px  (       -1.96898        0.00000        0.00000 )
      Py  (        0.00000       -2.24523       -0.21099 )
      Pz  (        0.00000       -0.23898       -2.31219 )
           atom      9   O  
      Px  (       -2.28698        0.00000       -0.00000 )
      Py  (        0.00000       -2.29824        0.21096 )
      Pz  (        0.00000        0.22910       -1.39735 )
           atom     10   O  
      Px  (       -2.28698        0.00000       -0.00000 )
      Py  (        0.00000       -2.29824        0.21096 )
      Pz  (       -0.00000        0.22910       -1.39735 )

     Diagonalizing the dynamical matrix

     q = (    0.000000000   0.000000000   0.000000000 ) 

 **************************************************************************
     freq (    1) =      -1.309682 [THz] =     -43.686285 [cm-1]
     freq (    2) =      -1.173405 [THz] =     -39.140565 [cm-1]
     freq (    3) =       1.787191 [THz] =      59.614271 [cm-1]
     freq (    4) =       2.953752 [THz] =      98.526572 [cm-1]
     freq (    5) =       3.735155 [THz] =     124.591358 [cm-1]
     freq (    6) =       4.697343 [THz] =     156.686481 [cm-1]
     freq (    7) =       4.828747 [THz] =     161.069666 [cm-1]
     freq (    8) =       4.897374 [THz] =     163.358813 [cm-1]
     freq (    9) =       5.093801 [THz] =     169.910899 [cm-1]
     freq (   10) =       5.662586 [THz] =     188.883528 [cm-1]
     freq (   11) =       7.274666 [THz] =     242.656744 [cm-1]
     freq (   12) =       8.202640 [THz] =     273.610627 [cm-1]
     freq (   13) =       9.081880 [THz] =     302.938894 [cm-1]
     freq (   14) =       9.482924 [THz] =     316.316303 [cm-1]
     freq (   15) =      10.376346 [THz] =     346.117657 [cm-1]
     freq (   16) =      10.505766 [THz] =     350.434617 [cm-1]
     freq (   17) =      10.542456 [THz] =     351.658491 [cm-1]
     freq (   18) =      11.541690 [THz] =     384.989348 [cm-1]
     freq (   19) =      12.824717 [THz] =     427.786511 [cm-1]
     freq (   20) =      13.797093 [THz] =     460.221468 [cm-1]
     freq (   21) =      13.897157 [THz] =     463.559255 [cm-1]
     freq (   22) =      14.514498 [THz] =     484.151548 [cm-1]
     freq (   23) =      17.021512 [THz] =     567.776518 [cm-1]
     freq (   24) =      18.784887 [THz] =     626.596381 [cm-1]
     freq (   25) =      19.496836 [THz] =     650.344436 [cm-1]
     freq (   26) =      20.247027 [THz] =     675.368126 [cm-1]
     freq (   27) =      20.517003 [THz] =     684.373570 [cm-1]
     freq (   28) =      20.561585 [THz] =     685.860649 [cm-1]
     freq (   29) =      21.842177 [THz] =     728.576609 [cm-1]
     freq (   30) =      22.513064 [THz] =     750.954974 [cm-1]
 **************************************************************************

     Mode symmetry, C_2h (2/m)  point group:

     freq (   1-   1) =        -43.7  [cm-1]   --> B_u             I  
     freq (   2-   2) =        -39.1  [cm-1]   --> B_u             I  
     freq (   3-   3) =         59.6  [cm-1]   --> A_u             I  
     freq (   4-   4) =         98.5  [cm-1]   --> A_g             R  
     freq (   5-   5) =        124.6  [cm-1]   --> B_g             R  
     freq (   6-   6) =        156.7  [cm-1]   --> A_g             R  
     freq (   7-   7) =        161.1  [cm-1]   --> B_g             R  
     freq (   8-   8) =        163.4  [cm-1]   --> A_u             I  
     freq (   9-   9) =        169.9  [cm-1]   --> B_u             I  
     freq (  10-  10) =        188.9  [cm-1]   --> A_g             R  
     freq (  11-  11) =        242.7  [cm-1]   --> B_u             I  
     freq (  12-  12) =        273.6  [cm-1]   --> B_u             I  
     freq (  13-  13) =        302.9  [cm-1]   --> A_u             I  
     freq (  14-  14) =        316.3  [cm-1]   --> A_g             R  
     freq (  15-  15) =        346.1  [cm-1]   --> A_g             R  
     freq (  16-  16) =        350.4  [cm-1]   --> B_u             I  
     freq (  17-  17) =        351.7  [cm-1]   --> B_g             R  
     freq (  18-  18) =        385.0  [cm-1]   --> A_g             R  
     freq (  19-  19) =        427.8  [cm-1]   --> B_u             I  
     freq (  20-  20) =        460.2  [cm-1]   --> A_u             I  
     freq (  21-  21) =        463.6  [cm-1]   --> A_g             R  
     freq (  22-  22) =        484.2  [cm-1]   --> B_g             R  
     freq (  23-  23) =        567.8  [cm-1]   --> B_u             I  
     freq (  24-  24) =        626.6  [cm-1]   --> A_g             R  
     freq (  25-  25) =        650.3  [cm-1]   --> A_g             R  
     freq (  26-  26) =        675.4  [cm-1]   --> B_g             R  
     freq (  27-  27) =        684.4  [cm-1]   --> A_u             I  
     freq (  28-  28) =        685.9  [cm-1]   --> B_u             I  
     freq (  29-  29) =        728.6  [cm-1]   --> B_u             I  
     freq (  30-  30) =        751.0  [cm-1]   --> A_g             R  

     Calculation of q =    0.0000000   0.0000000  -0.5583701

     Subspace diagonalization in iterative solution of the eigenvalue problem:
     one sub-group per band group will be used
     scalapack distributed-memory algorithm (size of sub-group:  6*  6 procs)


     Parallelization info
     --------------------
     sticks:   dense  smooth     PW     G-vecs:    dense   smooth      PW
     Min          88      44     14                 5078     1794     323
     Max          89      45     15                 5083     1800     327
     Sum        3359    1685    545               193033    68259   12329

     Using Slab Decomposition


     Title: 
     Phonons of ideal beta-Ga2O3 on a 2x2x2 q grid                              


     bravais-lattice index     =            0
     lattice parameter (alat)  =      11.9022  a.u.
     unit-cell volume          =     706.4068 (a.u.)^3
     number of atoms/cell      =           10
     number of atomic types    =            2
     number of electrons       =        88.00
     number of Kohn-Sham states=           44
     kinetic-energy cutoff     =      80.0000  Ry
     charge density cutoff     =     640.0000  Ry
     Exchange-correlation= PBE
                           (   1   4   3   4   0   0   0)

     celldm(1)=  11.902179  celldm(2)=   0.000000  celldm(3)=   0.000000
     celldm(4)=   0.000000  celldm(5)=   0.000000  celldm(6)=   0.000000

     crystal axes: (cart. coord. in units of alat)
               a(1) = (   0.241044   0.970514   0.000000 )  
               a(2) = (  -0.241044   0.970514   0.000000 )  
               a(3) = (   0.000000   0.219185   0.895463 )  

     reciprocal axes: (cart. coord. in units 2 pi/alat)
               b(1) = (  2.074313  0.515191 -0.126105 )  
               b(2) = ( -2.074313  0.515191 -0.126105 )  
               b(3) = (  0.000000 -0.000000  1.116740 )  


     PseudoPot. # 1 for Ga read from file:
     /scratch/dajuarez4/ga2o3_new/pseudo/Ga.pbe-dn-kjpaw_psl.1.0.0.UPF
     MD5 check sum: 50ce49cbf7e0a40ad8623bf41840a268
     Pseudo is Projector augmented-wave + core cor, Zval = 13.0
     Generated using &quot;atomic&quot; code by A. Dal Corso  v.6.3
     Shape of augmentation charge: PSQ
     Using radial grid of 1205 points,  6 beta functions with: 
                l(1) =   0
                l(2) =   0
                l(3) =   1
                l(4) =   1
                l(5) =   2
                l(6) =   2
     Q(r) pseudized with 0 coefficients 


     PseudoPot. # 2 for O  read from file:
     /scratch/dajuarez4/ga2o3_new/pseudo/O.pbe-n-kjpaw_psl.1.0.0.UPF
     MD5 check sum: e99d9cef9b487d1ca56f5b95ecd0fd7a
     Pseudo is Projector augmented-wave + core cor, Zval =  6.0
     Generated using &quot;atomic&quot; code by A. Dal Corso  v.6.3
     Shape of augmentation charge: PSQ
     Using radial grid of 1095 points,  4 beta functions with: 
                l(1) =   0
                l(2) =   0
                l(3) =   1
                l(4) =   1
     Q(r) pseudized with 0 coefficients 


     atomic species   valence    mass     pseudopotential
        Ga            13.00    69.72300     Ga( 1.00)
        O              6.00    15.99900     O ( 1.00)

      4 Sym. Ops., with inversion, found



   Cartesian axes

     site n.     atom                  positions (alat units)
         1           Ga  tau(   1) = (   0.0000000   1.9404041   0.7122606  )
         2           Ga  tau(   2) = (   0.0000000   0.2198093   0.1832029  )
         3           Ga  tau(   3) = (   0.0000000   0.7318021   0.2813278  )
         4           Ga  tau(   4) = (   0.0000000   1.4284112   0.6141357  )
         5           O   tau(   5) = (   0.0000000   1.6425781   0.0988950  )
         6           O   tau(   6) = (   0.0000000   0.5176352   0.7965685  )
         7           O   tau(   7) = (   0.0000000   1.7282409   0.5042623  )
         8           O   tau(   8) = (   0.0000000   0.4319725   0.3912011  )
         9           O   tau(   9) = (   0.0000000   1.0352294   0.2294177  )
        10           O   tau(  10) = (   0.0000000   1.1249840   0.6660457  )

     number of k points=   952

     Number of k-points >= 100: set verbosity='high' to print them.

     Dense  grid:   193033 G-vectors     FFT dimensions: (  96,  96,  90)

     Smooth grid:    68259 G-vectors     FFT dimensions: (  72,  72,  64)

     Estimated max dynamical RAM per process >      22.24 MB

     Estimated total dynamical RAM >     845.14 MB

     The potential is recalculated from file :
     ./tmp/_ph0/beta-Ga2O3.save/charge-density

     Starting wfcs are   60 atomic wfcs
     Checking if some PAW data can be deallocated... 

     Band Structure Calculation
     Davidson diagonalization with overlap

     ethr =  1.14E-11,  avg # of iterations = 32.9

     total cpu time spent up to now is      768.7 secs

     End of band structure calculation

     Number of k-points >= 100: set verbosity='high' to print the bands.

     highest occupied level (ev):     8.2032

     Writing config to output data dir ./tmp/_ph0/beta-Ga2O3.save/

     Phonons of ideal beta-Ga2O3 on a 2x2x2 q grid                              

     bravais-lattice index     =            0
     lattice parameter (alat)  =      11.9022  a.u.
     unit-cell volume          =     706.4068 (a.u.)^3
     number of atoms/cell      =           10
     number of atomic types    =            2
     kinetic-energy cut-off    =      80.0000  Ry
     charge density cut-off    =     640.0000  Ry
     convergence threshold     =      1.0E-14
     beta                      =       0.7000
     number of iterations used =            4
     Exchange-correlation= PBE
                           (   1   4   3   4   0   0   0)


     celldm(1)=   11.90218  celldm(2)=    0.00000  celldm(3)=    0.00000
     celldm(4)=    0.00000  celldm(5)=    0.00000  celldm(6)=    0.00000

     crystal axes: (cart. coord. in units of alat)
               a(1) = (  0.2410  0.9705  0.0000 )  
               a(2) = ( -0.2410  0.9705  0.0000 )  
               a(3) = (  0.0000  0.2192  0.8955 )  

     reciprocal axes: (cart. coord. in units 2 pi/alat)
               b(1) = (  2.0743  0.5152 -0.1261 )  
               b(2) = ( -2.0743  0.5152 -0.1261 )  
               b(3) = (  0.0000 -0.0000  1.1167 )  


     Atoms inside the unit cell: 

     Cartesian axes

     site n.  atom      mass           positions (alat units)
        1     Ga  69.7230   tau(    1) = (    0.00000    1.94040    0.71226  )
        2     Ga  69.7230   tau(    2) = (    0.00000    0.21981    0.18320  )
        3     Ga  69.7230   tau(    3) = (    0.00000    0.73180    0.28133  )
        4     Ga  69.7230   tau(    4) = (    0.00000    1.42841    0.61414  )
        5     O   15.9990   tau(    5) = (    0.00000    1.64258    0.09889  )
        6     O   15.9990   tau(    6) = (    0.00000    0.51764    0.79657  )
        7     O   15.9990   tau(    7) = (    0.00000    1.72824    0.50426  )
        8     O   15.9990   tau(    8) = (    0.00000    0.43197    0.39120  )
        9     O   15.9990   tau(    9) = (    0.00000    1.03523    0.22942  )
       10     O   15.9990   tau(   10) = (    0.00000    1.12498    0.66605  )

     Computing dynamical matrix for 
                    q = (   0.0000000   0.0000000  -0.5583701 )

      5 Sym.Ops. (with q -> -q+G )


     G cutoff = 2296.5355  (   5081 G-vectors)     FFT grid: ( 96, 96, 90)
     G cutoff = 1148.2678  (   1800 G-vectors)  smooth grid: ( 72, 72, 64)
     number of k points=   952

     PseudoPot. # 1 for Ga read from file:
     /scratch/dajuarez4/ga2o3_new/pseudo/Ga.pbe-dn-kjpaw_psl.1.0.0.UPF
     MD5 check sum: 50ce49cbf7e0a40ad8623bf41840a268
     Pseudo is Projector augmented-wave + core cor, Zval = 13.0
     Generated using &quot;atomic&quot; code by A. Dal Corso  v.6.3
     Shape of augmentation charge: PSQ
     Using radial grid of 1205 points,  6 beta functions with: 
                l(1) =   0
                l(2) =   0
                l(3) =   1
                l(4) =   1
                l(5) =   2
                l(6) =   2
     Q(r) pseudized with 0 coefficients 


     PseudoPot. # 2 for O  read from file:
     /scratch/dajuarez4/ga2o3_new/pseudo/O.pbe-n-kjpaw_psl.1.0.0.UPF
     MD5 check sum: e99d9cef9b487d1ca56f5b95ecd0fd7a
     Pseudo is Projector augmented-wave + core cor, Zval =  6.0
     Generated using &quot;atomic&quot; code by A. Dal Corso  v.6.3
     Shape of augmentation charge: PSQ
     Using radial grid of 1095 points,  4 beta functions with: 
                l(1) =   0
                l(2) =   0
                l(3) =   1
                l(4) =   1
     Q(r) pseudized with 0 coefficients 


     Mode symmetry, C_2h (2/m)  point group:


     Atomic displacements:
     There are   30 irreducible representations

     Representation     1      1 modes -  To be done

     Representation     2      1 modes -  To be done

     Representation     3      1 modes -  To be done

     Representation     4      1 modes -  To be done

     Representation     5      1 modes -  To be done

     Representation     6      1 modes -  To be done

     Representation     7      1 modes -  To be done

     Representation     8      1 modes -  To be done

     Representation     9      1 modes -  To be done

     Representation    10      1 modes -  To be done

     Representation    11      1 modes -  To be done

     Representation    12      1 modes -  To be done

     Representation    13      1 modes -  To be done

     Representation    14      1 modes -  To be done

     Representation    15      1 modes -  To be done

     Representation    16      1 modes -  To be done

     Representation    17      1 modes -  To be done

     Representation    18      1 modes -  To be done

     Representation    19      1 modes -  To be done

     Representation    20      1 modes -  To be done

     Representation    21      1 modes -  To be done

     Representation    22      1 modes -  To be done

     Representation    23      1 modes -  To be done

     Representation    24      1 modes -  To be done

     Representation    25      1 modes -  To be done

     Representation    26      1 modes -  To be done

     Representation    27      1 modes -  To be done

     Representation    28      1 modes -  To be done

     Representation    29      1 modes -  To be done

     Representation    30      1 modes -  To be done



     Alpha used in Ewald sum =   2.8000
     PHONON       :   1d10h44m CPU   2d16h 2m WALL



     Representation #   1 mode #   1

     Self-consistent Calculation

      iter #   1 total cpu time :231348.9 secs   av.it.:  19.6
      thresh= 1.000E-02 alpha_mix =  0.700 |ddv_scf|^2 =  3.928E-06

      iter #   2 total cpu time :231750.5 secs   av.it.:  33.1
      thresh= 1.982E-04 alpha_mix =  0.700 |ddv_scf|^2 =  4.766E-06

      iter #   3 total cpu time :232132.9 secs   av.it.:  30.3
      thresh= 2.183E-04 alpha_mix =  0.700 |ddv_scf|^2 =  2.479E-07

      iter #   4 total cpu time :232526.3 secs   av.it.:  32.0
      thresh= 4.979E-05 alpha_mix =  0.700 |ddv_scf|^2 =  7.588E-09

      iter #   5 total cpu time :232944.8 secs   av.it.:  36.5
      thresh= 8.711E-06 alpha_mix =  0.700 |ddv_scf|^2 =  5.348E-09

      iter #   6 total cpu time :233350.2 secs   av.it.:  33.8
      thresh= 7.313E-06 alpha_mix =  0.700 |ddv_scf|^2 =  1.451E-09

      iter #   7 total cpu time :233775.1 secs   av.it.:  36.0
      thresh= 3.809E-06 alpha_mix =  0.700 |ddv_scf|^2 =  3.548E-10

      iter #   8 total cpu time :234198.0 secs   av.it.:  36.9
      thresh= 1.884E-06 alpha_mix =  0.700 |ddv_scf|^2 =  3.368E-11

      iter #   9 total cpu time :234621.0 secs   av.it.:  36.8
      thresh= 5.804E-07 alpha_mix =  0.700 |ddv_scf|^2 =  5.052E-12

      iter #  10 total cpu time :235044.7 secs   av.it.:  36.9
      thresh= 2.248E-07 alpha_mix =  0.700 |ddv_scf|^2 =  1.041E-12

      iter #  11 total cpu time :235473.2 secs   av.it.:  37.2
      thresh= 1.020E-07 alpha_mix =  0.700 |ddv_scf|^2 =  4.168E-14

      iter #  12 total cpu time :235905.3 secs   av.it.:  37.9
      thresh= 2.042E-08 alpha_mix =  0.700 |ddv_scf|^2 =  1.126E-14

      iter #  13 total cpu time :236322.5 secs   av.it.:  35.7
      thresh= 1.061E-08 alpha_mix =  0.700 |ddv_scf|^2 =  1.852E-15

     End of self-consistent calculation

     Convergence has been achieved 


     Representation #   2 mode #   2

     Self-consistent Calculation

      iter #   1 total cpu time :237115.6 secs   av.it.:  15.8
      thresh= 1.000E-02 alpha_mix =  0.700 |ddv_scf|^2 =  5.599E-07

      iter #   2 total cpu time :237538.2 secs   av.it.:  36.4
      thresh= 7.483E-05 alpha_mix =  0.700 |ddv_scf|^2 =  4.920E-07

      iter #   3 total cpu time :237954.5 secs   av.it.:  35.5
      thresh= 7.014E-05 alpha_mix =  0.700 |ddv_scf|^2 =  2.837E-08

      iter #   4 total cpu time :238354.6 secs   av.it.:  33.2
      thresh= 1.684E-05 alpha_mix =  0.700 |ddv_scf|^2 =  2.286E-09

      iter #   5 total cpu time :238774.8 secs   av.it.:  36.5
      thresh= 4.782E-06 alpha_mix =  0.700 |ddv_scf|^2 =  5.409E-11

      iter #   6 total cpu time :239206.8 secs   av.it.:  37.7
      thresh= 7.354E-07 alpha_mix =  0.700 |ddv_scf|^2 =  2.100E-11

      iter #   7 total cpu time :239626.2 secs   av.it.:  35.7
      thresh= 4.582E-07 alpha_mix =  0.700 |ddv_scf|^2 =  2.628E-13

      iter #   8 total cpu time :240075.0 secs   av.it.:  38.6
      thresh= 5.126E-08 alpha_mix =  0.700 |ddv_scf|^2 =  1.841E-13

      iter #   9 total cpu time :240502.5 secs   av.it.:  37.4
      thresh= 4.291E-08 alpha_mix =  0.700 |ddv_scf|^2 =  3.098E-14

      iter #  10 total cpu time :240928.2 secs   av.it.:  37.2
      thresh= 1.760E-08 alpha_mix =  0.700 |ddv_scf|^2 =  1.997E-14

      iter #  11 total cpu time :241351.5 secs   av.it.:  36.7
      thresh= 1.413E-08 alpha_mix =  0.700 |ddv_scf|^2 =  3.420E-15

     End of self-consistent calculation

     Convergence has been achieved 


     Representation #   3 mode #   3

     Self-consistent Calculation

      iter #   1 total cpu time :242162.9 secs   av.it.:  20.6
      thresh= 1.000E-02 alpha_mix =  0.700 |ddv_scf|^2 =  4.374E-06

      iter #   2 total cpu time :242574.0 secs   av.it.:  33.4
      thresh= 2.092E-04 alpha_mix =  0.700 |ddv_scf|^2 =  5.550E-06

      iter #   3 total cpu time :242961.5 secs   av.it.:  30.9
      thresh= 2.356E-04 alpha_mix =  0.700 |ddv_scf|^2 =  2.416E-07

      iter #   4 total cpu time :243362.5 secs   av.it.:  33.2
      thresh= 4.915E-05 alpha_mix =  0.700 |ddv_scf|^2 =  8.966E-09

      iter #   5 total cpu time :243782.5 secs   av.it.:  36.6
      thresh= 9.469E-06 alpha_mix =  0.700 |ddv_scf|^2 =  3.759E-09

      iter #   6 total cpu time :244186.9 secs   av.it.:  33.9
      thresh= 6.131E-06 alpha_mix =  0.700 |ddv_scf|^2 =  1.035E-09

      iter #   7 total cpu time :244617.5 secs   av.it.:  38.1
      thresh= 3.217E-06 alpha_mix =  0.700 |ddv_scf|^2 =  3.244E-10

      iter #   8 total cpu time :245042.4 secs   av.it.:  37.1
      thresh= 1.801E-06 alpha_mix =  0.700 |ddv_scf|^2 =  3.870E-11

      iter #   9 total cpu time :245452.3 secs   av.it.:  34.8
      thresh= 6.221E-07 alpha_mix =  0.700 |ddv_scf|^2 =  6.517E-12

      iter #  10 total cpu time :245875.6 secs   av.it.:  37.5
      thresh= 2.553E-07 alpha_mix =  0.700 |ddv_scf|^2 =  1.397E-12

      iter #  11 total cpu time :246295.8 secs   av.it.:  36.9
      thresh= 1.182E-07 alpha_mix =  0.700 |ddv_scf|^2 =  2.483E-14

      iter #  12 total cpu time :246722.1 secs   av.it.:  38.3
      thresh= 1.576E-08 alpha_mix =  0.700 |ddv_scf|^2 =  8.770E-15

     End of self-consistent calculation

     Convergence has been achieved 


     Representation #   4 mode #   4

     Self-consistent Calculation

      iter #   1 total cpu time :247489.7 secs   av.it.:  15.3
      thresh= 1.000E-02 alpha_mix =  0.700 |ddv_scf|^2 =  2.531E-06

      iter #   2 total cpu time :247883.3 secs   av.it.:  32.3
      thresh= 1.591E-04 alpha_mix =  0.700 |ddv_scf|^2 =  5.527E-06

      iter #   3 total cpu time :248259.9 secs   av.it.:  29.6
      thresh= 2.351E-04 alpha_mix =  0.700 |ddv_scf|^2 =  1.253E-08

      iter #   4 total cpu time :248676.4 secs   av.it.:  35.9
      thresh= 1.120E-05 alpha_mix =  0.700 |ddv_scf|^2 =  8.245E-09

      iter #   5 total cpu time :249086.6 secs   av.it.:  34.4
      thresh= 9.080E-06 alpha_mix =  0.700 |ddv_scf|^2 =  2.390E-10

      iter #   6 total cpu time :249494.8 secs   av.it.:  34.5
      thresh= 1.546E-06 alpha_mix =  0.700 |ddv_scf|^2 =  8.490E-12

      iter #   7 total cpu time :249923.2 secs   av.it.:  37.7
      thresh= 2.914E-07 alpha_mix =  0.700 |ddv_scf|^2 =  1.119E-12

      iter #   8 total cpu time :250356.0 secs   av.it.:  37.1
      thresh= 1.058E-07 alpha_mix =  0.700 |ddv_scf|^2 =  1.341E-13

      iter #   9 total cpu time :250778.7 secs   av.it.:  36.9
      thresh= 3.662E-08 alpha_mix =  0.700 |ddv_scf|^2 =  6.222E-14

      iter #  10 total cpu time :251188.0 secs   av.it.:  35.1
      thresh= 2.494E-08 alpha_mix =  0.700 |ddv_scf|^2 =  2.950E-15

     End of self-consistent calculation

     Convergence has been achieved 


     Representation #   5 mode #   5

     Self-consistent Calculation

      iter #   1 total cpu time :251990.8 secs   av.it.:  19.5
      thresh= 1.000E-02 alpha_mix =  0.700 |ddv_scf|^2 =  6.134E-06

      iter #   2 total cpu time :252395.3 secs   av.it.:  33.0
      thresh= 2.477E-04 alpha_mix =  0.700 |ddv_scf|^2 =  1.074E-05

      iter #   3 total cpu time :252783.9 secs   av.it.:  30.5
      thresh= 3.277E-04 alpha_mix =  0.700 |ddv_scf|^2 =  3.109E-07

      iter #   4 total cpu time :253197.7 secs   av.it.:  32.7
      thresh= 5.575E-05 alpha_mix =  0.700 |ddv_scf|^2 =  1.303E-08

      iter #   5 total cpu time :253622.9 secs   av.it.:  36.9
      thresh= 1.142E-05 alpha_mix =  0.700 |ddv_scf|^2 =  6.242E-09

      iter #   6 total cpu time :254023.6 secs   av.it.:  32.7
      thresh= 7.901E-06 alpha_mix =  0.700 |ddv_scf|^2 =  1.676E-09

      iter #   7 total cpu time :254450.2 secs   av.it.:  36.9
      thresh= 4.094E-06 alpha_mix =  0.700 |ddv_scf|^2 =  2.890E-10

      iter #   8 total cpu time :254875.4 secs   av.it.:  37.2
      thresh= 1.700E-06 alpha_mix =  0.700 |ddv_scf|^2 =  4.190E-11

      iter #   9 total cpu time :255303.6 secs   av.it.:  37.0
      thresh= 6.473E-07 alpha_mix =  0.700 |ddv_scf|^2 =  5.848E-12

      iter #  10 total cpu time :255731.7 secs   av.it.:  37.5
      thresh= 2.418E-07 alpha_mix =  0.700 |ddv_scf|^2 =  4.567E-12

      iter #  11 total cpu time :256149.8 secs   av.it.:  36.2
      thresh= 2.137E-07 alpha_mix =  0.700 |ddv_scf|^2 =  1.046E-14

      iter #  12 total cpu time :256587.0 secs   av.it.:  39.1
      thresh= 1.023E-08 alpha_mix =  0.700 |ddv_scf|^2 =  1.011E-14

      iter #  13 total cpu time :257002.8 secs   av.it.:  35.2
      thresh= 1.005E-08 alpha_mix =  0.700 |ddv_scf|^2 =  1.284E-15

     End of self-consistent calculation

     Convergence has been achieved 


     Representation #   6 mode #   6

     Self-consistent Calculation

      iter #   1 total cpu time :257768.8 secs   av.it.:  14.9
      thresh= 1.000E-02 alpha_mix =  0.700 |ddv_scf|^2 =  6.058E-07

      iter #   2 total cpu time :258176.2 secs   av.it.:  34.4
      thresh= 7.783E-05 alpha_mix =  0.700 |ddv_scf|^2 =  6.037E-07

      iter #   3 total cpu time :258562.2 secs   av.it.:  31.4
      thresh= 7.770E-05 alpha_mix =  0.700 |ddv_scf|^2 =  1.945E-08

      iter #   4 total cpu time :258959.5 secs   av.it.:  33.1
      thresh= 1.394E-05 alpha_mix =  0.700 |ddv_scf|^2 =  1.290E-09

      iter #   5 total cpu time :259378.8 secs   av.it.:  36.6
      thresh= 3.592E-06 alpha_mix =  0.700 |ddv_scf|^2 =  1.344E-10

      iter #   6 total cpu time :259792.0 secs   av.it.:  35.9
      thresh= 1.159E-06 alpha_mix =  0.700 |ddv_scf|^2 =  5.962E-12

      iter #   7 total cpu time :260218.0 secs   av.it.:  37.7
      thresh= 2.442E-07 alpha_mix =  0.700 |ddv_scf|^2 =  4.345E-13

      iter #   8 total cpu time :260643.2 secs   av.it.:  37.8
      thresh= 6.592E-08 alpha_mix =  0.700 |ddv_scf|^2 =  3.061E-14

      iter #   9 total cpu time :261072.4 secs   av.it.:  38.1
      thresh= 1.750E-08 alpha_mix =  0.700 |ddv_scf|^2 =  1.258E-14

      iter #  10 total cpu time :261501.0 secs   av.it.:  38.1
      thresh= 1.122E-08 alpha_mix =  0.700 |ddv_scf|^2 =  7.287E-15

     End of self-consistent calculation

     Convergence has been achieved 


     Representation #   7 mode #   7

     Self-consistent Calculation

      iter #   1 total cpu time :262265.7 secs   av.it.:  15.6
      thresh= 1.000E-02 alpha_mix =  0.700 |ddv_scf|^2 =  3.338E-06

      iter #   2 total cpu time :262657.1 secs   av.it.:  32.3
      thresh= 1.827E-04 alpha_mix =  0.700 |ddv_scf|^2 =  7.174E-06

      iter #   3 total cpu time :263033.1 secs   av.it.:  29.5
      thresh= 2.678E-04 alpha_mix =  0.700 |ddv_scf|^2 =  2.029E-08

      iter #   4 total cpu time :263454.6 secs   av.it.:  36.7
      thresh= 1.425E-05 alpha_mix =  0.700 |ddv_scf|^2 =  8.184E-09

      iter #   5 total cpu time :263865.7 secs   av.it.:  35.0
      thresh= 9.047E-06 alpha_mix =  0.700 |ddv_scf|^2 =  2.528E-10

      iter #   6 total cpu time :264285.8 secs   av.it.:  36.5
      thresh= 1.590E-06 alpha_mix =  0.700 |ddv_scf|^2 =  2.034E-11

      iter #   7 total cpu time :264711.0 secs   av.it.:  37.1
      thresh= 4.509E-07 alpha_mix =  0.700 |ddv_scf|^2 =  9.280E-13

      iter #   8 total cpu time :265141.6 secs   av.it.:  37.9
      thresh= 9.633E-08 alpha_mix =  0.700 |ddv_scf|^2 =  3.966E-13

      iter #   9 total cpu time :265570.3 secs   av.it.:  37.3
      thresh= 6.297E-08 alpha_mix =  0.700 |ddv_scf|^2 =  4.321E-14

      iter #  10 total cpu time :266001.9 secs   av.it.:  37.8
      thresh= 2.079E-08 alpha_mix =  0.700 |ddv_scf|^2 =  9.294E-15

     End of self-consistent calculation

     Convergence has been achieved 


     Representation #   8 mode #   8

     Self-consistent Calculation

      iter #   1 total cpu time :266789.9 secs   av.it.:  15.3
      thresh= 1.000E-02 alpha_mix =  0.700 |ddv_scf|^2 =  9.232E-07

      iter #   2 total cpu time :267198.3 secs   av.it.:  34.5
      thresh= 9.608E-05 alpha_mix =  0.700 |ddv_scf|^2 =  1.338E-06

      iter #   3 total cpu time :267597.7 secs   av.it.:  31.7
      thresh= 1.157E-04 alpha_mix =  0.700 |ddv_scf|^2 =  5.264E-08

      iter #   4 total cpu time :267992.3 secs   av.it.:  32.6
      thresh= 2.294E-05 alpha_mix =  0.700 |ddv_scf|^2 =  1.522E-09

      iter #   5 total cpu time :268411.2 secs   av.it.:  36.9
      thresh= 3.902E-06 alpha_mix =  0.700 |ddv_scf|^2 =  1.006E-10

      iter #   6 total cpu time :268836.2 secs   av.it.:  36.9
      thresh= 1.003E-06 alpha_mix =  0.700 |ddv_scf|^2 =  7.570E-12

      iter #   7 total cpu time :269259.8 secs   av.it.:  37.7
      thresh= 2.751E-07 alpha_mix =  0.700 |ddv_scf|^2 =  2.469E-12

      iter #   8 total cpu time :269677.5 secs   av.it.:  36.9
      thresh= 1.571E-07 alpha_mix =  0.700 |ddv_scf|^2 =  2.464E-13

      iter #   9 total cpu time :270094.6 secs   av.it.:  36.9
      thresh= 4.964E-08 alpha_mix =  0.700 |ddv_scf|^2 =  2.617E-14

      iter #  10 total cpu time :270522.4 secs   av.it.:  37.8
      thresh= 1.618E-08 alpha_mix =  0.700 |ddv_scf|^2 =  4.564E-15

     End of self-consistent calculation

     Convergence has been achieved 


     Representation #   9 mode #   9

     Self-consistent Calculation

      iter #   1 total cpu time :271315.2 secs   av.it.:  20.5
      thresh= 1.000E-02 alpha_mix =  0.700 |ddv_scf|^2 =  4.007E-06

      iter #   2 total cpu time :271717.0 secs   av.it.:  33.8
      thresh= 2.002E-04 alpha_mix =  0.700 |ddv_scf|^2 =  8.497E-06

      iter #   3 total cpu time :272095.8 secs   av.it.:  30.4
      thresh= 2.915E-04 alpha_mix =  0.700 |ddv_scf|^2 =  7.496E-08

      iter #   4 total cpu time :272502.6 secs   av.it.:  35.5
      thresh= 2.738E-05 alpha_mix =  0.700 |ddv_scf|^2 =  2.668E-08

      iter #   5 total cpu time :272912.1 secs   av.it.:  35.5
      thresh= 1.633E-05 alpha_mix =  0.700 |ddv_scf|^2 =  2.184E-09

      iter #   6 total cpu time :273334.6 secs   av.it.:  37.1
      thresh= 4.673E-06 alpha_mix =  0.700 |ddv_scf|^2 =  4.050E-10

      iter #   7 total cpu time :273762.6 secs   av.it.:  37.9
      thresh= 2.013E-06 alpha_mix =  0.700 |ddv_scf|^2 =  7.394E-11

      iter #   8 total cpu time :274191.8 secs   av.it.:  38.1
      thresh= 8.599E-07 alpha_mix =  0.700 |ddv_scf|^2 =  2.806E-11

      iter #   9 total cpu time :274611.4 secs   av.it.:  36.6
      thresh= 5.297E-07 alpha_mix =  0.700 |ddv_scf|^2 =  9.247E-13

      iter #  10 total cpu time :275042.1 secs   av.it.:  38.4
      thresh= 9.616E-08 alpha_mix =  0.700 |ddv_scf|^2 =  3.970E-13

      iter #  11 total cpu time :275468.7 secs   av.it.:  37.6
      thresh= 6.301E-08 alpha_mix =  0.700 |ddv_scf|^2 =  7.690E-14

      iter #  12 total cpu time :275893.6 secs   av.it.:  37.5
      thresh= 2.773E-08 alpha_mix =  0.700 |ddv_scf|^2 =  1.134E-14

      iter #  13 total cpu time :276323.1 secs   av.it.:  38.0
      thresh= 1.065E-08 alpha_mix =  0.700 |ddv_scf|^2 =  2.828E-15

     End of self-consistent calculation

     Convergence has been achieved 


     Representation #  10 mode #  10

     Self-consistent Calculation

      iter #   1 total cpu time :277092.1 secs   av.it.:  15.3
      thresh= 1.000E-02 alpha_mix =  0.700 |ddv_scf|^2 =  2.661E-06

      iter #   2 total cpu time :277484.8 secs   av.it.:  32.1
      thresh= 1.631E-04 alpha_mix =  0.700 |ddv_scf|^2 =  5.143E-06

      iter #   3 total cpu time :277861.7 secs   av.it.:  29.4
      thresh= 2.268E-04 alpha_mix =  0.700 |ddv_scf|^2 =  2.069E-08

      iter #   4 total cpu time :278265.8 secs   av.it.:  33.8
      thresh= 1.438E-05 alpha_mix =  0.700 |ddv_scf|^2 =  6.408E-09

      iter #   5 total cpu time :278673.7 secs   av.it.:  34.4
      thresh= 8.005E-06 alpha_mix =  0.700 |ddv_scf|^2 =  2.263E-10

      iter #   6 total cpu time :279090.9 secs   av.it.:  36.0
      thresh= 1.504E-06 alpha_mix =  0.700 |ddv_scf|^2 =  2.792E-11

      iter #   7 total cpu time :279516.6 secs   av.it.:  36.8
      thresh= 5.284E-07 alpha_mix =  0.700 |ddv_scf|^2 =  4.599E-13

      iter #   8 total cpu time :279943.7 secs   av.it.:  37.4
      thresh= 6.782E-08 alpha_mix =  0.700 |ddv_scf|^2 =  1.270E-13

      iter #   9 total cpu time :280377.7 secs   av.it.:  37.1
      thresh= 3.563E-08 alpha_mix =  0.700 |ddv_scf|^2 =  6.186E-14

      iter #  10 total cpu time :280804.3 secs   av.it.:  37.5
      thresh= 2.487E-08 alpha_mix =  0.700 |ddv_scf|^2 =  1.157E-14

      iter #  11 total cpu time :281230.0 secs   av.it.:  37.3
      thresh= 1.076E-08 alpha_mix =  0.700 |ddv_scf|^2 =  3.716E-15

     End of self-consistent calculation

     Convergence has been achieved 


     Representation #  11 mode #  11

     Self-consistent Calculation

      iter #   1 total cpu time :282022.7 secs   av.it.:  18.6
      thresh= 1.000E-02 alpha_mix =  0.700 |ddv_scf|^2 =  4.014E-07

      iter #   2 total cpu time :282437.4 secs   av.it.:  35.8
      thresh= 6.335E-05 alpha_mix =  0.700 |ddv_scf|^2 =  8.051E-09

      iter #   3 total cpu time :282874.3 secs   av.it.:  38.3
      thresh= 8.973E-06 alpha_mix =  0.700 |ddv_scf|^2 =  2.721E-09

      iter #   4 total cpu time :283293.6 secs   av.it.:  36.7
      thresh= 5.216E-06 alpha_mix =  0.700 |ddv_scf|^2 =  1.390E-11

      iter #   5 total cpu time :283720.0 secs   av.it.:  37.8
      thresh= 3.729E-07 alpha_mix =  0.700 |ddv_scf|^2 =  1.624E-13

      iter #   6 total cpu time :284140.0 secs   av.it.:  37.2
      thresh= 4.030E-08 alpha_mix =  0.700 |ddv_scf|^2 =  5.862E-15

     End of self-consistent calculation

     Convergence has been achieved 


     Representation #  12 mode #  12

     Self-consistent Calculation

      iter #   1 total cpu time :284916.3 secs   av.it.:  14.6
      thresh= 1.000E-02 alpha_mix =  0.700 |ddv_scf|^2 =  8.277E-08

      iter #   2 total cpu time :285323.0 secs   av.it.:  34.3
      thresh= 2.877E-05 alpha_mix =  0.700 |ddv_scf|^2 =  7.167E-10

      iter #   3 total cpu time :285734.6 secs   av.it.:  35.9
      thresh= 2.677E-06 alpha_mix =  0.700 |ddv_scf|^2 =  3.625E-12

      iter #   4 total cpu time :286138.1 secs   av.it.:  34.0
      thresh= 1.904E-07 alpha_mix =  0.700 |ddv_scf|^2 =  1.393E-13

      iter #   5 total cpu time :286534.5 secs   av.it.:  33.0
      thresh= 3.733E-08 alpha_mix =  0.700 |ddv_scf|^2 =  1.827E-15

     End of self-consistent calculation

     Convergence has been achieved 


     Representation #  13 mode #  13

     Self-consistent Calculation

      iter #   1 total cpu time :287294.9 secs   av.it.:  14.2
      thresh= 1.000E-02 alpha_mix =  0.700 |ddv_scf|^2 =  8.178E-08

      iter #   2 total cpu time :287701.6 secs   av.it.:  34.1
      thresh= 2.860E-05 alpha_mix =  0.700 |ddv_scf|^2 =  5.926E-10

      iter #   3 total cpu time :288134.9 secs   av.it.:  36.3
      thresh= 2.434E-06 alpha_mix =  0.700 |ddv_scf|^2 =  3.698E-12

      iter #   4 total cpu time :288541.7 secs   av.it.:  33.7
      thresh= 1.923E-07 alpha_mix =  0.700 |ddv_scf|^2 =  7.552E-14

      iter #   5 total cpu time :288950.2 secs   av.it.:  34.3
      thresh= 2.748E-08 alpha_mix =  0.700 |ddv_scf|^2 =  8.445E-16

     End of self-consistent calculation

     Convergence has been achieved 


     Representation #  14 mode #  14

     Self-consistent Calculation

      iter #   1 total cpu time :289713.0 secs   av.it.:  14.3
      thresh= 1.000E-02 alpha_mix =  0.700 |ddv_scf|^2 =  6.643E-08

      iter #   2 total cpu time :290119.5 secs   av.it.:  34.3
      thresh= 2.577E-05 alpha_mix =  0.700 |ddv_scf|^2 =  3.076E-10

      iter #   3 total cpu time :290540.2 secs   av.it.:  36.8
      thresh= 1.754E-06 alpha_mix =  0.700 |ddv_scf|^2 =  3.364E-12

      iter #   4 total cpu time :290943.6 secs   av.it.:  33.7
      thresh= 1.834E-07 alpha_mix =  0.700 |ddv_scf|^2 =  1.526E-13

      iter #   5 total cpu time :291350.3 secs   av.it.:  34.3
      thresh= 3.907E-08 alpha_mix =  0.700 |ddv_scf|^2 =  1.703E-15

     End of self-consistent calculation

     Convergence has been achieved 


     Representation #  15 mode #  15

     Self-consistent Calculation

      iter #   1 total cpu time :292149.9 secs   av.it.:  19.3
      thresh= 1.000E-02 alpha_mix =  0.700 |ddv_scf|^2 =  4.123E-07

      iter #   2 total cpu time :292569.5 secs   av.it.:  36.5
      thresh= 6.421E-05 alpha_mix =  0.700 |ddv_scf|^2 =  7.253E-09

      iter #   3 total cpu time :293011.5 secs   av.it.:  38.7
      thresh= 8.516E-06 alpha_mix =  0.700 |ddv_scf|^2 =  2.648E-09

      iter #   4 total cpu time :293434.0 secs   av.it.:  37.1
      thresh= 5.146E-06 alpha_mix =  0.700 |ddv_scf|^2 =  1.413E-11

      iter #   5 total cpu time :293860.5 secs   av.it.:  37.8
      thresh= 3.759E-07 alpha_mix =  0.700 |ddv_scf|^2 =  2.137E-13

      iter #   6 total cpu time :294283.0 secs   av.it.:  37.1
      thresh= 4.623E-08 alpha_mix =  0.700 |ddv_scf|^2 =  6.730E-15

     End of self-consistent calculation

     Convergence has been achieved 


     Representation #  16 mode #  16

     Self-consistent Calculation

      iter #   1 total cpu time :295075.2 secs   av.it.:  18.5
      thresh= 1.000E-02 alpha_mix =  0.700 |ddv_scf|^2 =  4.279E-07

      iter #   2 total cpu time :295495.1 secs   av.it.:  35.7
      thresh= 6.542E-05 alpha_mix =  0.700 |ddv_scf|^2 =  6.970E-09

      iter #   3 total cpu time :295928.0 secs   av.it.:  38.7
      thresh= 8.349E-06 alpha_mix =  0.700 |ddv_scf|^2 =  2.746E-09

      iter #   4 total cpu time :296348.4 secs   av.it.:  36.7
      thresh= 5.240E-06 alpha_mix =  0.700 |ddv_scf|^2 =  1.830E-11

      iter #   5 total cpu time :296769.8 secs   av.it.:  36.8
      thresh= 4.278E-07 alpha_mix =  0.700 |ddv_scf|^2 =  2.203E-13

      iter #   6 total cpu time :297195.5 secs   av.it.:  37.6
      thresh= 4.693E-08 alpha_mix =  0.700 |ddv_scf|^2 =  9.385E-15

     End of self-consistent calculation

     Convergence has been achieved 


     Representation #  17 mode #  17

     Self-consistent Calculation

      iter #   1 total cpu time :297957.3 secs   av.it.:  14.4
      thresh= 1.000E-02 alpha_mix =  0.700 |ddv_scf|^2 =  8.666E-08

      iter #   2 total cpu time :298364.3 secs   av.it.:  34.2
      thresh= 2.944E-05 alpha_mix =  0.700 |ddv_scf|^2 =  7.759E-10

      iter #   3 total cpu time :298783.7 secs   av.it.:  36.4
      thresh= 2.785E-06 alpha_mix =  0.700 |ddv_scf|^2 =  3.689E-12

      iter #   4 total cpu time :299193.8 secs   av.it.:  34.7
      thresh= 1.921E-07 alpha_mix =  0.700 |ddv_scf|^2 =  1.578E-13

      iter #   5 total cpu time :299594.8 secs   av.it.:  33.5
      thresh= 3.972E-08 alpha_mix =  0.700 |ddv_scf|^2 =  2.419E-15

     End of self-consistent calculation

     Convergence has been achieved 


     Representation #  18 mode #  18

     Self-consistent Calculation

      iter #   1 total cpu time :300362.6 secs   av.it.:  14.6
      thresh= 1.000E-02 alpha_mix =  0.700 |ddv_scf|^2 =  8.092E-08

      iter #   2 total cpu time :300769.5 secs   av.it.:  34.3
      thresh= 2.845E-05 alpha_mix =  0.700 |ddv_scf|^2 =  7.068E-10

      iter #   3 total cpu time :301183.8 secs   av.it.:  35.7
      thresh= 2.659E-06 alpha_mix =  0.700 |ddv_scf|^2 =  3.737E-12

      iter #   4 total cpu time :301591.8 secs   av.it.:  34.0
      thresh= 1.933E-07 alpha_mix =  0.700 |ddv_scf|^2 =  1.926E-13

      iter #   5 total cpu time :301989.1 secs   av.it.:  33.0
      thresh= 4.389E-08 alpha_mix =  0.700 |ddv_scf|^2 =  2.741E-15

     End of self-consistent calculation

     Convergence has been achieved 


     Representation #  19 mode #  19

     Self-consistent Calculation

      iter #   1 total cpu time :302805.3 secs   av.it.:  19.3
      thresh= 1.000E-02 alpha_mix =  0.700 |ddv_scf|^2 =  4.097E-07

      iter #   2 total cpu time :303226.5 secs   av.it.:  36.5
      thresh= 6.401E-05 alpha_mix =  0.700 |ddv_scf|^2 =  7.410E-09

      iter #   3 total cpu time :303659.5 secs   av.it.:  38.7
      thresh= 8.608E-06 alpha_mix =  0.700 |ddv_scf|^2 =  2.647E-09

      iter #   4 total cpu time :304083.3 secs   av.it.:  37.1
      thresh= 5.144E-06 alpha_mix =  0.700 |ddv_scf|^2 =  1.302E-11

      iter #   5 total cpu time :304510.7 secs   av.it.:  37.7
      thresh= 3.608E-07 alpha_mix =  0.700 |ddv_scf|^2 =  2.239E-13

      iter #   6 total cpu time :304935.6 secs   av.it.:  37.1
      thresh= 4.732E-08 alpha_mix =  0.700 |ddv_scf|^2 =  7.298E-15

     End of self-consistent calculation

     Convergence has been achieved 


     Representation #  20 mode #  20

     Self-consistent Calculation

      iter #   1 total cpu time :305712.8 secs   av.it.:  14.1
      thresh= 1.000E-02 alpha_mix =  0.700 |ddv_scf|^2 =  7.502E-08

      iter #   2 total cpu time :306121.2 secs   av.it.:  34.0
      thresh= 2.739E-05 alpha_mix =  0.700 |ddv_scf|^2 =  5.953E-10

      iter #   3 total cpu time :306536.4 secs   av.it.:  35.7
      thresh= 2.440E-06 alpha_mix =  0.700 |ddv_scf|^2 =  3.835E-12

      iter #   4 total cpu time :306942.1 secs   av.it.:  33.6
      thresh= 1.958E-07 alpha_mix =  0.700 |ddv_scf|^2 =  2.448E-13

      iter #   5 total cpu time :307347.2 secs   av.it.:  32.9
      thresh= 4.948E-08 alpha_mix =  0.700 |ddv_scf|^2 =  2.305E-15

     End of self-consistent calculation

     Convergence has been achieved 


     Representation #  21 mode #  21

     Self-consistent Calculation

      iter #   1 total cpu time :308118.2 secs   av.it.:  15.8
      thresh= 1.000E-02 alpha_mix =  0.700 |ddv_scf|^2 =  5.333E-06

      iter #   2 total cpu time :308512.1 secs   av.it.:  31.9
      thresh= 2.309E-04 alpha_mix =  0.700 |ddv_scf|^2 =  1.268E-05

      iter #   3 total cpu time :308886.3 secs   av.it.:  29.0
      thresh= 3.561E-04 alpha_mix =  0.700 |ddv_scf|^2 =  2.128E-08

      iter #   4 total cpu time :309308.7 secs   av.it.:  37.3
      thresh= 1.459E-05 alpha_mix =  0.700 |ddv_scf|^2 =  1.035E-08

      iter #   5 total cpu time :309719.4 secs   av.it.:  35.2
      thresh= 1.017E-05 alpha_mix =  0.700 |ddv_scf|^2 =  1.789E-10

      iter #   6 total cpu time :310128.9 secs   av.it.:  34.9
      thresh= 1.337E-06 alpha_mix =  0.700 |ddv_scf|^2 =  1.427E-11

      iter #   7 total cpu time :310551.6 secs   av.it.:  37.0
      thresh= 3.777E-07 alpha_mix =  0.700 |ddv_scf|^2 =  6.736E-13

      iter #   8 total cpu time :310975.1 secs   av.it.:  37.1
      thresh= 8.207E-08 alpha_mix =  0.700 |ddv_scf|^2 =  9.679E-14

      iter #   9 total cpu time :311395.9 secs   av.it.:  36.9
      thresh= 3.111E-08 alpha_mix =  0.700 |ddv_scf|^2 =  3.266E-14

      iter #  10 total cpu time :311813.7 secs   av.it.:  36.0
      thresh= 1.807E-08 alpha_mix =  0.700 |ddv_scf|^2 =  2.463E-15

     End of self-consistent calculation

     Convergence has been achieved 


     Representation #  22 mode #  22

     Self-consistent Calculation

      iter #   1 total cpu time :312617.4 secs   av.it.:  20.6
      thresh= 1.000E-02 alpha_mix =  0.700 |ddv_scf|^2 =  6.442E-06

      iter #   2 total cpu time :313015.8 secs   av.it.:  32.7
      thresh= 2.538E-04 alpha_mix =  0.700 |ddv_scf|^2 =  1.010E-05

      iter #   3 total cpu time :313396.6 secs   av.it.:  30.0
      thresh= 3.178E-04 alpha_mix =  0.700 |ddv_scf|^2 =  4.491E-07

      iter #   4 total cpu time :313786.1 secs   av.it.:  31.5
      thresh= 6.702E-05 alpha_mix =  0.700 |ddv_scf|^2 =  9.409E-09

      iter #   5 total cpu time :314196.9 secs   av.it.:  34.8
      thresh= 9.700E-06 alpha_mix =  0.700 |ddv_scf|^2 =  5.827E-09

      iter #   6 total cpu time :314599.9 secs   av.it.:  33.5
      thresh= 7.633E-06 alpha_mix =  0.700 |ddv_scf|^2 =  1.714E-09

      iter #   7 total cpu time :315012.9 secs   av.it.:  35.1
      thresh= 4.140E-06 alpha_mix =  0.700 |ddv_scf|^2 =  5.478E-10

      iter #   8 total cpu time :315430.5 secs   av.it.:  36.2
      thresh= 2.341E-06 alpha_mix =  0.700 |ddv_scf|^2 =  2.198E-11

      iter #   9 total cpu time :315858.6 secs   av.it.:  37.4
      thresh= 4.689E-07 alpha_mix =  0.700 |ddv_scf|^2 =  6.146E-12

      iter #  10 total cpu time :316273.6 secs   av.it.:  35.3
      thresh= 2.479E-07 alpha_mix =  0.700 |ddv_scf|^2 =  7.647E-13

      iter #  11 total cpu time :316698.4 secs   av.it.:  37.2
      thresh= 8.745E-08 alpha_mix =  0.700 |ddv_scf|^2 =  3.013E-14

      iter #  12 total cpu time :317129.9 secs   av.it.:  38.1
      thresh= 1.736E-08 alpha_mix =  0.700 |ddv_scf|^2 =  1.006E-14

      iter #  13 total cpu time :317531.6 secs   av.it.:  33.4
      thresh= 1.003E-08 alpha_mix =  0.700 |ddv_scf|^2 =  1.709E-15

     End of self-consistent calculation

     Convergence has been achieved 


     Representation #  23 mode #  23

     Self-consistent Calculation

      iter #   1 total cpu time :318331.5 secs   av.it.:  19.4
      thresh= 1.000E-02 alpha_mix =  0.700 |ddv_scf|^2 =  3.505E-06

      iter #   2 total cpu time :318737.5 secs   av.it.:  33.3
      thresh= 1.872E-04 alpha_mix =  0.700 |ddv_scf|^2 =  5.291E-06

      iter #   3 total cpu time :319120.1 secs   av.it.:  30.1
      thresh= 2.300E-04 alpha_mix =  0.700 |ddv_scf|^2 =  1.958E-07

      iter #   4 total cpu time :319527.9 secs   av.it.:  32.5
      thresh= 4.424E-05 alpha_mix =  0.700 |ddv_scf|^2 =  9.266E-09

      iter #   5 total cpu time :319960.5 secs   av.it.:  36.6
      thresh= 9.626E-06 alpha_mix =  0.700 |ddv_scf|^2 =  2.600E-09

      iter #   6 total cpu time :320374.9 secs   av.it.:  35.7
      thresh= 5.099E-06 alpha_mix =  0.700 |ddv_scf|^2 =  1.692E-09

      iter #   7 total cpu time :320790.7 secs   av.it.:  36.0
      thresh= 4.113E-06 alpha_mix =  0.700 |ddv_scf|^2 =  3.840E-10

      iter #   8 total cpu time :321205.0 secs   av.it.:  36.2
      thresh= 1.960E-06 alpha_mix =  0.700 |ddv_scf|^2 =  5.365E-12

      iter #   9 total cpu time :321633.9 secs   av.it.:  38.1
      thresh= 2.316E-07 alpha_mix =  0.700 |ddv_scf|^2 =  1.949E-12

      iter #  10 total cpu time :322058.6 secs   av.it.:  37.0
      thresh= 1.396E-07 alpha_mix =  0.700 |ddv_scf|^2 =  2.909E-13

      iter #  11 total cpu time :322480.4 secs   av.it.:  36.9
      thresh= 5.393E-08 alpha_mix =  0.700 |ddv_scf|^2 =  8.582E-15

     End of self-consistent calculation

     Convergence has been achieved 


     Representation #  24 mode #  24

     Self-consistent Calculation

      iter #   1 total cpu time :323259.7 secs   av.it.:  15.7
      thresh= 1.000E-02 alpha_mix =  0.700 |ddv_scf|^2 =  2.262E-06

      iter #   2 total cpu time :323656.2 secs   av.it.:  32.5
      thresh= 1.504E-04 alpha_mix =  0.700 |ddv_scf|^2 =  4.705E-06

      iter #   3 total cpu time :324032.2 secs   av.it.:  29.3
      thresh= 2.169E-04 alpha_mix =  0.700 |ddv_scf|^2 =  2.854E-08

      iter #   4 total cpu time :324437.5 secs   av.it.:  34.2
      thresh= 1.689E-05 alpha_mix =  0.700 |ddv_scf|^2 =  4.596E-09

      iter #   5 total cpu time :324849.1 secs   av.it.:  35.4
      thresh= 6.779E-06 alpha_mix =  0.700 |ddv_scf|^2 =  1.456E-10

      iter #   6 total cpu time :325270.5 secs   av.it.:  36.8
      thresh= 1.207E-06 alpha_mix =  0.700 |ddv_scf|^2 =  2.239E-11

      iter #   7 total cpu time :325686.5 secs   av.it.:  36.2
      thresh= 4.732E-07 alpha_mix =  0.700 |ddv_scf|^2 =  6.359E-13

      iter #   8 total cpu time :326113.2 secs   av.it.:  37.4
      thresh= 7.974E-08 alpha_mix =  0.700 |ddv_scf|^2 =  1.955E-13

      iter #   9 total cpu time :326541.1 secs   av.it.:  37.4
      thresh= 4.422E-08 alpha_mix =  0.700 |ddv_scf|^2 =  3.799E-14

      iter #  10 total cpu time :326969.9 secs   av.it.:  37.7
      thresh= 1.949E-08 alpha_mix =  0.700 |ddv_scf|^2 =  4.407E-15

     End of self-consistent calculation

     Convergence has been achieved 


     Representation #  25 mode #  25

     Self-consistent Calculation

      iter #   1 total cpu time :327745.3 secs   av.it.:  15.6
      thresh= 1.000E-02 alpha_mix =  0.700 |ddv_scf|^2 =  6.405E-07

      iter #   2 total cpu time :328159.2 secs   av.it.:  35.2
      thresh= 8.003E-05 alpha_mix =  0.700 |ddv_scf|^2 =  4.118E-07

      iter #   3 total cpu time :328571.0 secs   av.it.:  35.2
      thresh= 6.417E-05 alpha_mix =  0.700 |ddv_scf|^2 =  4.522E-08

      iter #   4 total cpu time :328963.8 secs   av.it.:  31.8
      thresh= 2.127E-05 alpha_mix =  0.700 |ddv_scf|^2 =  1.067E-09

      iter #   5 total cpu time :329383.3 secs   av.it.:  36.2
      thresh= 3.266E-06 alpha_mix =  0.700 |ddv_scf|^2 =  2.065E-10

      iter #   6 total cpu time :329782.1 secs   av.it.:  33.0
      thresh= 1.437E-06 alpha_mix =  0.700 |ddv_scf|^2 =  1.109E-11

      iter #   7 total cpu time :330208.7 secs   av.it.:  37.1
      thresh= 3.330E-07 alpha_mix =  0.700 |ddv_scf|^2 =  3.988E-13

      iter #   8 total cpu time :330626.7 secs   av.it.:  36.0
      thresh= 6.315E-08 alpha_mix =  0.700 |ddv_scf|^2 =  1.261E-13

      iter #   9 total cpu time :331066.1 secs   av.it.:  37.0
      thresh= 3.551E-08 alpha_mix =  0.700 |ddv_scf|^2 =  1.507E-14

      iter #  10 total cpu time :331498.6 secs   av.it.:  37.5
      thresh= 1.228E-08 alpha_mix =  0.700 |ddv_scf|^2 =  1.050E-14

      iter #  11 total cpu time :331890.1 secs   av.it.:  31.7
      thresh= 1.025E-08 alpha_mix =  0.700 |ddv_scf|^2 =  4.082E-16

     End of self-consistent calculation

     Convergence has been achieved 


     Representation #  26 mode #  26

     Self-consistent Calculation

      iter #   1 total cpu time :332690.4 secs   av.it.:  20.5
      thresh= 1.000E-02 alpha_mix =  0.700 |ddv_scf|^2 =  2.484E-06

      iter #   2 total cpu time :333093.6 secs   av.it.:  34.2
      thresh= 1.576E-04 alpha_mix =  0.700 |ddv_scf|^2 =  4.111E-06

      iter #   3 total cpu time :333473.9 secs   av.it.:  30.3
      thresh= 2.027E-04 alpha_mix =  0.700 |ddv_scf|^2 =  1.400E-07

      iter #   4 total cpu time :333876.7 secs   av.it.:  33.7
      thresh= 3.742E-05 alpha_mix =  0.700 |ddv_scf|^2 =  7.543E-09

      iter #   5 total cpu time :334299.7 secs   av.it.:  37.5
      thresh= 8.685E-06 alpha_mix =  0.700 |ddv_scf|^2 =  2.384E-09

      iter #   6 total cpu time :334726.0 secs   av.it.:  37.8
      thresh= 4.883E-06 alpha_mix =  0.700 |ddv_scf|^2 =  3.829E-10

      iter #   7 total cpu time :335155.1 secs   av.it.:  38.5
      thresh= 1.957E-06 alpha_mix =  0.700 |ddv_scf|^2 =  1.780E-10

      iter #   8 total cpu time :335569.0 secs   av.it.:  35.9
      thresh= 1.334E-06 alpha_mix =  0.700 |ddv_scf|^2 =  9.925E-12

      iter #   9 total cpu time :335994.5 secs   av.it.:  37.5
      thresh= 3.150E-07 alpha_mix =  0.700 |ddv_scf|^2 =  5.847E-13

      iter #  10 total cpu time :336419.3 secs   av.it.:  37.6
      thresh= 7.647E-08 alpha_mix =  0.700 |ddv_scf|^2 =  9.111E-14

      iter #  11 total cpu time :336847.4 secs   av.it.:  37.3
      thresh= 3.018E-08 alpha_mix =  0.700 |ddv_scf|^2 =  1.500E-14

      iter #  12 total cpu time :337281.5 secs   av.it.:  37.2
      thresh= 1.225E-08 alpha_mix =  0.700 |ddv_scf|^2 =  1.957E-15

     End of self-consistent calculation

     Convergence has been achieved 


     Representation #  27 mode #  27

     Self-consistent Calculation

      iter #   1 total cpu time :338056.2 secs   av.it.:  15.7
      thresh= 1.000E-02 alpha_mix =  0.700 |ddv_scf|^2 =  7.106E-07

      iter #   2 total cpu time :338473.7 secs   av.it.:  34.8
      thresh= 8.430E-05 alpha_mix =  0.700 |ddv_scf|^2 =  7.705E-07

      iter #   3 total cpu time :338873.7 secs   av.it.:  32.4
      thresh= 8.778E-05 alpha_mix =  0.700 |ddv_scf|^2 =  3.500E-08

      iter #   4 total cpu time :339266.5 secs   av.it.:  31.6
      thresh= 1.871E-05 alpha_mix =  0.700 |ddv_scf|^2 =  1.777E-09

      iter #   5 total cpu time :339686.0 secs   av.it.:  36.0
      thresh= 4.215E-06 alpha_mix =  0.700 |ddv_scf|^2 =  8.084E-11

      iter #   6 total cpu time :340118.6 secs   av.it.:  36.9
      thresh= 8.991E-07 alpha_mix =  0.700 |ddv_scf|^2 =  8.051E-12

      iter #   7 total cpu time :340550.1 secs   av.it.:  37.7
      thresh= 2.838E-07 alpha_mix =  0.700 |ddv_scf|^2 =  4.892E-13

      iter #   8 total cpu time :340983.4 secs   av.it.:  38.2
      thresh= 6.995E-08 alpha_mix =  0.700 |ddv_scf|^2 =  1.926E-13

      iter #   9 total cpu time :341406.6 secs   av.it.:  36.6
      thresh= 4.388E-08 alpha_mix =  0.700 |ddv_scf|^2 =  1.638E-14

      iter #  10 total cpu time :341835.7 secs   av.it.:  37.5
      thresh= 1.280E-08 alpha_mix =  0.700 |ddv_scf|^2 =  3.559E-15

     End of self-consistent calculation

     Convergence has been achieved 


     Representation #  28 mode #  28

     Self-consistent Calculation

      iter #   1 total cpu time :342607.4 secs   av.it.:  14.4
      thresh= 1.000E-02 alpha_mix =  0.700 |ddv_scf|^2 =  2.351E-07

      iter #   2 total cpu time :343019.3 secs   av.it.:  34.6
      thresh= 4.848E-05 alpha_mix =  0.700 |ddv_scf|^2 =  1.568E-07

      iter #   3 total cpu time :343427.5 secs   av.it.:  34.1
      thresh= 3.960E-05 alpha_mix =  0.700 |ddv_scf|^2 =  2.463E-08

      iter #   4 total cpu time :343826.2 secs   av.it.:  31.6
      thresh= 1.569E-05 alpha_mix =  0.700 |ddv_scf|^2 =  8.420E-10

      iter #   5 total cpu time :344249.4 secs   av.it.:  36.2
      thresh= 2.902E-06 alpha_mix =  0.700 |ddv_scf|^2 =  3.674E-11

      iter #   6 total cpu time :344672.6 secs   av.it.:  37.1
      thresh= 6.061E-07 alpha_mix =  0.700 |ddv_scf|^2 =  8.309E-12

      iter #   7 total cpu time :345091.8 secs   av.it.:  36.5
      thresh= 2.883E-07 alpha_mix =  0.700 |ddv_scf|^2 =  6.064E-13

      iter #   8 total cpu time :345512.1 secs   av.it.:  36.8
      thresh= 7.787E-08 alpha_mix =  0.700 |ddv_scf|^2 =  8.167E-14

      iter #   9 total cpu time :345929.9 secs   av.it.:  37.0
      thresh= 2.858E-08 alpha_mix =  0.700 |ddv_scf|^2 =  2.411E-14

      iter #  10 total cpu time :346347.3 secs   av.it.:  36.3
      thresh= 1.553E-08 alpha_mix =  0.700 |ddv_scf|^2 =  1.824E-15

     End of self-consistent calculation

     Convergence has been achieved 


     Representation #  29 mode #  29

     Self-consistent Calculation

      iter #   1 total cpu time :347137.3 secs   av.it.:  19.2
      thresh= 1.000E-02 alpha_mix =  0.700 |ddv_scf|^2 =  2.546E-06

      iter #   2 total cpu time :347539.7 secs   av.it.:  34.0
      thresh= 1.596E-04 alpha_mix =  0.700 |ddv_scf|^2 =  3.503E-06

      iter #   3 total cpu time :347921.6 secs   av.it.:  31.3
      thresh= 1.872E-04 alpha_mix =  0.700 |ddv_scf|^2 =  2.510E-07

      iter #   4 total cpu time :348315.7 secs   av.it.:  32.4
      thresh= 5.010E-05 alpha_mix =  0.700 |ddv_scf|^2 =  5.366E-09

      iter #   5 total cpu time :348740.7 secs   av.it.:  37.2
      thresh= 7.325E-06 alpha_mix =  0.700 |ddv_scf|^2 =  2.181E-09

      iter #   6 total cpu time :349163.7 secs   av.it.:  37.0
      thresh= 4.670E-06 alpha_mix =  0.700 |ddv_scf|^2 =  1.472E-09

      iter #   7 total cpu time :349582.2 secs   av.it.:  36.1
      thresh= 3.837E-06 alpha_mix =  0.700 |ddv_scf|^2 =  3.566E-10

      iter #   8 total cpu time :350009.0 secs   av.it.:  37.4
      thresh= 1.888E-06 alpha_mix =  0.700 |ddv_scf|^2 =  3.976E-11

      iter #   9 total cpu time :350431.2 secs   av.it.:  36.6
      thresh= 6.306E-07 alpha_mix =  0.700 |ddv_scf|^2 =  3.674E-12

      iter #  10 total cpu time :350833.2 secs   av.it.:  33.4
      thresh= 1.917E-07 alpha_mix =  0.700 |ddv_scf|^2 =  3.045E-13

      iter #  11 total cpu time :351255.2 secs   av.it.:  36.7
      thresh= 5.518E-08 alpha_mix =  0.700 |ddv_scf|^2 =  7.343E-15

     End of self-consistent calculation

     Convergence has been achieved 


     Representation #  30 mode #  30

     Self-consistent Calculation

      iter #   1 total cpu time :352029.0 secs   av.it.:  15.3
      thresh= 1.000E-02 alpha_mix =  0.700 |ddv_scf|^2 =  5.349E-07

      iter #   2 total cpu time :352445.0 secs   av.it.:  35.5
      thresh= 7.314E-05 alpha_mix =  0.700 |ddv_scf|^2 =  8.890E-07

      iter #   3 total cpu time :352832.4 secs   av.it.:  31.1
      thresh= 9.429E-05 alpha_mix =  0.700 |ddv_scf|^2 =  2.458E-08

      iter #   4 total cpu time :353235.9 secs   av.it.:  33.7
      thresh= 1.568E-05 alpha_mix =  0.700 |ddv_scf|^2 =  1.564E-09

      iter #   5 total cpu time :353654.4 secs   av.it.:  36.0
      thresh= 3.954E-06 alpha_mix =  0.700 |ddv_scf|^2 =  3.339E-11

      iter #   6 total cpu time :354086.5 secs   av.it.:  37.8
      thresh= 5.779E-07 alpha_mix =  0.700 |ddv_scf|^2 =  7.606E-12

      iter #   7 total cpu time :354509.4 secs   av.it.:  36.8
      thresh= 2.758E-07 alpha_mix =  0.700 |ddv_scf|^2 =  6.139E-13

      iter #   8 total cpu time :354942.2 secs   av.it.:  37.3
      thresh= 7.835E-08 alpha_mix =  0.700 |ddv_scf|^2 =  1.651E-13

      iter #   9 total cpu time :355369.7 secs   av.it.:  36.6
      thresh= 4.063E-08 alpha_mix =  0.700 |ddv_scf|^2 =  1.755E-14

      iter #  10 total cpu time :355796.0 secs   av.it.:  37.4
      thresh= 1.325E-08 alpha_mix =  0.700 |ddv_scf|^2 =  3.312E-15

     End of self-consistent calculation

     Convergence has been achieved 

     Number of q in the star =    1
     List of q in the star:
          1   0.000000000   0.000000000  -0.558370075

     Diagonalizing the dynamical matrix

     q = (    0.000000000   0.000000000  -0.558370075 ) 

 **************************************************************************
     freq (    1) =       2.075320 [THz] =      69.225227 [cm-1]
     freq (    2) =       3.083809 [THz] =     102.864807 [cm-1]
     freq (    3) =       3.367491 [THz] =     112.327412 [cm-1]
     freq (    4) =       3.569005 [THz] =     119.049187 [cm-1]
     freq (    5) =       4.289512 [THz] =     143.082733 [cm-1]
     freq (    6) =       4.797509 [THz] =     160.027665 [cm-1]
     freq (    7) =       5.124920 [THz] =     170.948916 [cm-1]
     freq (    8) =       5.318689 [THz] =     177.412352 [cm-1]
     freq (    9) =       5.715903 [THz] =     190.661985 [cm-1]
     freq (   10) =       6.287072 [THz] =     209.714142 [cm-1]
     freq (   11) =       8.186865 [THz] =     273.084418 [cm-1]
     freq (   12) =       8.683670 [THz] =     289.656048 [cm-1]
     freq (   13) =       9.153349 [THz] =     305.322847 [cm-1]
     freq (   14) =       9.330355 [THz] =     311.227134 [cm-1]
     freq (   15) =       9.559463 [THz] =     318.869348 [cm-1]
     freq (   16) =       9.802685 [THz] =     326.982381 [cm-1]
     freq (   17) =      10.683776 [THz] =     356.372418 [cm-1]
     freq (   18) =      11.934051 [THz] =     398.077096 [cm-1]
     freq (   19) =      13.403145 [THz] =     447.080790 [cm-1]
     freq (   20) =      14.007273 [THz] =     467.232349 [cm-1]
     freq (   21) =      14.274345 [THz] =     476.140912 [cm-1]
     freq (   22) =      14.301683 [THz] =     477.052782 [cm-1]
     freq (   23) =      18.464132 [THz] =     615.897156 [cm-1]
     freq (   24) =      19.369772 [THz] =     646.106043 [cm-1]
     freq (   25) =      20.372533 [THz] =     679.554558 [cm-1]
     freq (   26) =      20.392961 [THz] =     680.235959 [cm-1]
     freq (   27) =      20.589173 [THz] =     686.780878 [cm-1]
     freq (   28) =      21.108731 [THz] =     704.111477 [cm-1]
     freq (   29) =      21.685061 [THz] =     723.335788 [cm-1]
     freq (   30) =      23.673827 [THz] =     789.673866 [cm-1]
 **************************************************************************

     Mode symmetry, C_2h (2/m)  point group:

     freq (   1-   1) =         69.2  [cm-1]   --> A_g                
     freq (   2-   2) =        102.9  [cm-1]   --> A_u                
     freq (   3-   3) =        112.3  [cm-1]   --> B_g                
     freq (   4-   4) =        119.0  [cm-1]   --> B_u                
     freq (   5-   5) =        143.1  [cm-1]   --> B_g                
     freq (   6-   6) =        160.0  [cm-1]   --> A_g                
     freq (   7-   7) =        170.9  [cm-1]   --> A_u                
     freq (   8-   8) =        177.4  [cm-1]   --> A_g                
     freq (   9-   9) =        190.7  [cm-1]   --> B_u                
     freq (  10-  10) =        209.7  [cm-1]   --> B_u                
     freq (  11-  11) =        273.1  [cm-1]   --> A_g                
     freq (  12-  12) =        289.7  [cm-1]   --> B_u                
     freq (  13-  13) =        305.3  [cm-1]   --> B_g                
     freq (  14-  14) =        311.2  [cm-1]   --> A_g                
     freq (  15-  15) =        318.9  [cm-1]   --> B_u                
     freq (  16-  16) =        327.0  [cm-1]   --> B_u                
     freq (  17-  17) =        356.4  [cm-1]   --> A_u                
     freq (  18-  18) =        398.1  [cm-1]   --> A_g                
     freq (  19-  19) =        447.1  [cm-1]   --> B_u                
     freq (  20-  20) =        467.2  [cm-1]   --> A_u                
     freq (  21-  21) =        476.1  [cm-1]   --> B_g                
     freq (  22-  22) =        477.1  [cm-1]   --> A_g                
     freq (  23-  23) =        615.9  [cm-1]   --> A_g                
     freq (  24-  24) =        646.1  [cm-1]   --> B_u                
     freq (  25-  25) =        679.6  [cm-1]   --> A_u                
     freq (  26-  26) =        680.2  [cm-1]   --> B_g                
     freq (  27-  27) =        686.8  [cm-1]   --> A_g                
     freq (  28-  28) =        704.1  [cm-1]   --> B_u                
     freq (  29-  29) =        723.3  [cm-1]   --> A_g                
     freq (  30-  30) =        789.7  [cm-1]   --> B_u                

     Calculation of q =    1.0371566  -0.2575954   0.0630523

     Parallelization info
     --------------------
     sticks:   dense  smooth     PW     G-vecs:    dense   smooth      PW
     Min          88      44     15                 5078     1794     366
     Max          89      45     16                 5083     1800     371
     Sum        3359    1685    583               193033    68259   13949

     Using Slab Decomposition


     Title: 
     Phonons of ideal beta-Ga2O3 on a 2x2x2 q grid                              


     bravais-lattice index     =            0
     lattice parameter (alat)  =      11.9022  a.u.
     unit-cell volume          =     706.4068 (a.u.)^3
     number of atoms/cell      =           10
     number of atomic types    =            2
     number of electrons       =        88.00
     number of Kohn-Sham states=           44
     kinetic-energy cutoff     =      80.0000  Ry
     charge density cutoff     =     640.0000  Ry
     Exchange-correlation= PBE
                           (   1   4   3   4   0   0   0)

     celldm(1)=  11.902179  celldm(2)=   0.000000  celldm(3)=   0.000000
     celldm(4)=   0.000000  celldm(5)=   0.000000  celldm(6)=   0.000000

     crystal axes: (cart. coord. in units of alat)
               a(1) = (   0.241044   0.970514   0.000000 )  
               a(2) = (  -0.241044   0.970514   0.000000 )  
               a(3) = (   0.000000   0.219185   0.895463 )  

     reciprocal axes: (cart. coord. in units 2 pi/alat)
               b(1) = (  2.074313  0.515191 -0.126105 )  
               b(2) = ( -2.074313  0.515191 -0.126105 )  
               b(3) = (  0.000000 -0.000000  1.116740 )  


     PseudoPot. # 1 for Ga read from file:
     /scratch/dajuarez4/ga2o3_new/pseudo/Ga.pbe-dn-kjpaw_psl.1.0.0.UPF
     MD5 check sum: 50ce49cbf7e0a40ad8623bf41840a268
     Pseudo is Projector augmented-wave + core cor, Zval = 13.0
     Generated using &quot;atomic&quot; code by A. Dal Corso  v.6.3
     Shape of augmentation charge: PSQ
     Using radial grid of 1205 points,  6 beta functions with: 
                l(1) =   0
                l(2) =   0
                l(3) =   1
                l(4) =   1
                l(5) =   2
                l(6) =   2
     Q(r) pseudized with 0 coefficients 


     PseudoPot. # 2 for O  read from file:
     /scratch/dajuarez4/ga2o3_new/pseudo/O.pbe-n-kjpaw_psl.1.0.0.UPF
     MD5 check sum: e99d9cef9b487d1ca56f5b95ecd0fd7a
     Pseudo is Projector augmented-wave + core cor, Zval =  6.0
     Generated using &quot;atomic&quot; code by A. Dal Corso  v.6.3
     Shape of augmentation charge: PSQ
     Using radial grid of 1095 points,  4 beta functions with: 
                l(1) =   0
                l(2) =   0
                l(3) =   1
                l(4) =   1
     Q(r) pseudized with 0 coefficients 


     atomic species   valence    mass     pseudopotential
        Ga            13.00    69.72300     Ga( 1.00)
        O              6.00    15.99900     O ( 1.00)

      4 Sym. Ops., with inversion, found



   Cartesian axes

     site n.     atom                  positions (alat units)
         1           Ga  tau(   1) = (   0.0000000   1.9404041   0.7122606  )
         2           Ga  tau(   2) = (   0.0000000   0.2198093   0.1832029  )
         3           Ga  tau(   3) = (   0.0000000   0.7318021   0.2813278  )
         4           Ga  tau(   4) = (   0.0000000   1.4284112   0.6141357  )
         5           O   tau(   5) = (   0.0000000   1.6425781   0.0988950  )
         6           O   tau(   6) = (   0.0000000   0.5176352   0.7965685  )
         7           O   tau(   7) = (   0.0000000   1.7282409   0.5042623  )
         8           O   tau(   8) = (   0.0000000   0.4319725   0.3912011  )
         9           O   tau(   9) = (   0.0000000   1.0352294   0.2294177  )
        10           O   tau(  10) = (   0.0000000   1.1249840   0.6660457  )

     number of k points=  1736

     Number of k-points >= 100: set verbosity='high' to print them.

     Dense  grid:   193033 G-vectors     FFT dimensions: (  96,  96,  90)

     Smooth grid:    68259 G-vectors     FFT dimensions: (  72,  72,  64)

     Estimated max dynamical RAM per process >      22.28 MB

     Estimated total dynamical RAM >     846.76 MB

     The potential is recalculated from file :
     ./tmp/_ph0/beta-Ga2O3.save/charge-density

     Starting wfcs are   60 atomic wfcs
     Checking if some PAW data can be deallocated... 

     Band Structure Calculation
     Davidson diagonalization with overlap

     ethr =  1.14E-11,  avg # of iterations = 32.7

     total cpu time spent up to now is     2151.4 secs

     End of band structure calculation

     Number of k-points >= 100: set verbosity='high' to print the bands.

     highest occupied level (ev):     8.2032

     Writing config to output data dir ./tmp/_ph0/beta-Ga2O3.save/

     Phonons of ideal beta-Ga2O3 on a 2x2x2 q grid                              

     bravais-lattice index     =            0
     lattice parameter (alat)  =      11.9022  a.u.
     unit-cell volume          =     706.4068 (a.u.)^3
     number of atoms/cell      =           10
     number of atomic types    =            2
     kinetic-energy cut-off    =      80.0000  Ry
     charge density cut-off    =     640.0000  Ry
     convergence threshold     =      1.0E-14
     beta                      =       0.7000
     number of iterations used =            4
     Exchange-correlation= PBE
                           (   1   4   3   4   0   0   0)


     celldm(1)=   11.90218  celldm(2)=    0.00000  celldm(3)=    0.00000
     celldm(4)=    0.00000  celldm(5)=    0.00000  celldm(6)=    0.00000

     crystal axes: (cart. coord. in units of alat)
               a(1) = (  0.2410  0.9705  0.0000 )  
               a(2) = ( -0.2410  0.9705  0.0000 )  
               a(3) = (  0.0000  0.2192  0.8955 )  

     reciprocal axes: (cart. coord. in units 2 pi/alat)
               b(1) = (  2.0743  0.5152 -0.1261 )  
               b(2) = ( -2.0743  0.5152 -0.1261 )  
               b(3) = (  0.0000 -0.0000  1.1167 )  


     Atoms inside the unit cell: 

     Cartesian axes

     site n.  atom      mass           positions (alat units)
        1     Ga  69.7230   tau(    1) = (    0.00000    1.94040    0.71226  )
        2     Ga  69.7230   tau(    2) = (    0.00000    0.21981    0.18320  )
        3     Ga  69.7230   tau(    3) = (    0.00000    0.73180    0.28133  )
        4     Ga  69.7230   tau(    4) = (    0.00000    1.42841    0.61414  )
        5     O   15.9990   tau(    5) = (    0.00000    1.64258    0.09889  )
        6     O   15.9990   tau(    6) = (    0.00000    0.51764    0.79657  )
        7     O   15.9990   tau(    7) = (    0.00000    1.72824    0.50426  )
        8     O   15.9990   tau(    8) = (    0.00000    0.43197    0.39120  )
        9     O   15.9990   tau(    9) = (    0.00000    1.03523    0.22942  )
       10     O   15.9990   tau(   10) = (    0.00000    1.12498    0.66605  )

     Computing dynamical matrix for 
                    q = (   1.0371566  -0.2575954   0.0630523 )

      3 Sym.Ops. (with q -> -q+G )


     G cutoff = 2296.5355  (   5081 G-vectors)     FFT grid: ( 96, 96, 90)
     G cutoff = 1148.2678  (   1800 G-vectors)  smooth grid: ( 72, 72, 64)
     number of k points=  1736

     PseudoPot. # 1 for Ga read from file:
     /scratch/dajuarez4/ga2o3_new/pseudo/Ga.pbe-dn-kjpaw_psl.1.0.0.UPF
     MD5 check sum: 50ce49cbf7e0a40ad8623bf41840a268
     Pseudo is Projector augmented-wave + core cor, Zval = 13.0
     Generated using &quot;atomic&quot; code by A. Dal Corso  v.6.3
     Shape of augmentation charge: PSQ
     Using radial grid of 1205 points,  6 beta functions with: 
                l(1) =   0
                l(2) =   0
                l(3) =   1
                l(4) =   1
                l(5) =   2
                l(6) =   2
     Q(r) pseudized with 0 coefficients 


     PseudoPot. # 2 for O  read from file:
     /scratch/dajuarez4/ga2o3_new/pseudo/O.pbe-n-kjpaw_psl.1.0.0.UPF
     MD5 check sum: e99d9cef9b487d1ca56f5b95ecd0fd7a
     Pseudo is Projector augmented-wave + core cor, Zval =  6.0
     Generated using &quot;atomic&quot; code by A. Dal Corso  v.6.3
     Shape of augmentation charge: PSQ
     Using radial grid of 1095 points,  4 beta functions with: 
                l(1) =   0
                l(2) =   0
                l(3) =   1
                l(4) =   1
     Q(r) pseudized with 0 coefficients 


     Mode symmetry, C_i (-1)    point group:


     Atomic displacements:
     There are   30 irreducible representations

     Representation     1      1 modes -  To be done

     Representation     2      1 modes -  To be done

     Representation     3      1 modes -  To be done

     Representation     4      1 modes -  To be done

     Representation     5      1 modes -  To be done

     Representation     6      1 modes -  To be done

     Representation     7      1 modes -  To be done

     Representation     8      1 modes -  To be done

     Representation     9      1 modes -  To be done

     Representation    10      1 modes -  To be done

     Representation    11      1 modes -  To be done

     Representation    12      1 modes -  To be done

     Representation    13      1 modes -  To be done

     Representation    14      1 modes -  To be done

     Representation    15      1 modes -  To be done

     Representation    16      1 modes -  To be done

     Representation    17      1 modes -  To be done

     Representation    18      1 modes -  To be done

     Representation    19      1 modes -  To be done

     Representation    20      1 modes -  To be done

     Representation    21      1 modes -  To be done

     Representation    22      1 modes -  To be done

     Representation    23      1 modes -  To be done

     Representation    24      1 modes -  To be done

     Representation    25      1 modes -  To be done

     Representation    26      1 modes -  To be done

     Representation    27      1 modes -  To be done

     Representation    28      1 modes -  To be done

     Representation    29      1 modes -  To be done

     Representation    30      1 modes -  To be done



     Alpha used in Ewald sum =   2.8000
     PHONON       :   2d14h20m CPU   4d 3h18m WALL



     Representation #   1 mode #   1

     Self-consistent Calculation

      iter #   1 total cpu time :358949.0 secs   av.it.:  19.6
      thresh= 1.000E-02 alpha_mix =  0.700 |ddv_scf|^2 =  1.679E-06

      iter #   2 total cpu time :359682.0 secs   av.it.:  35.2
      thresh= 1.296E-04 alpha_mix =  0.700 |ddv_scf|^2 =  9.242E-07

      iter #   3 total cpu time :360400.7 secs   av.it.:  34.3
      thresh= 9.614E-05 alpha_mix =  0.700 |ddv_scf|^2 =  2.513E-07

      iter #   4 total cpu time :361104.0 secs   av.it.:  33.3
      thresh= 5.013E-05 alpha_mix =  0.700 |ddv_scf|^2 =  4.300E-09

      iter #   5 total cpu time :361852.0 secs   av.it.:  37.7
      thresh= 6.558E-06 alpha_mix =  0.700 |ddv_scf|^2 =  2.883E-09

      iter #   6 total cpu time :362607.6 secs   av.it.:  38.1
      thresh= 5.369E-06 alpha_mix =  0.700 |ddv_scf|^2 =  1.788E-10

      iter #   7 total cpu time :363384.1 secs   av.it.:  39.2
      thresh= 1.337E-06 alpha_mix =  0.700 |ddv_scf|^2 =  9.852E-11

      iter #   8 total cpu time :364119.8 secs   av.it.:  35.3
      thresh= 9.926E-07 alpha_mix =  0.700 |ddv_scf|^2 =  1.546E-11

      iter #   9 total cpu time :364879.0 secs   av.it.:  37.6
      thresh= 3.932E-07 alpha_mix =  0.700 |ddv_scf|^2 =  3.808E-13

      iter #  10 total cpu time :365639.2 secs   av.it.:  37.7
      thresh= 6.171E-08 alpha_mix =  0.700 |ddv_scf|^2 =  3.098E-14

      iter #  11 total cpu time :366401.8 secs   av.it.:  38.0
      thresh= 1.760E-08 alpha_mix =  0.700 |ddv_scf|^2 =  1.319E-14

      iter #  12 total cpu time :367144.6 secs   av.it.:  36.2
      thresh= 1.148E-08 alpha_mix =  0.700 |ddv_scf|^2 =  1.172E-15

     End of self-consistent calculation

     Convergence has been achieved 


     Representation #   2 mode #   2

     Self-consistent Calculation

      iter #   1 total cpu time :368562.7 secs   av.it.:  15.1
      thresh= 1.000E-02 alpha_mix =  0.700 |ddv_scf|^2 =  2.459E-07

      iter #   2 total cpu time :369321.0 secs   av.it.:  37.2
      thresh= 4.959E-05 alpha_mix =  0.700 |ddv_scf|^2 =  7.874E-08

      iter #   3 total cpu time :370074.2 secs   av.it.:  36.3
      thresh= 2.806E-05 alpha_mix =  0.700 |ddv_scf|^2 =  4.260E-09

      iter #   4 total cpu time :370834.3 secs   av.it.:  37.8
      thresh= 6.527E-06 alpha_mix =  0.700 |ddv_scf|^2 =  1.146E-09

      iter #   5 total cpu time :371583.3 secs   av.it.:  36.3
      thresh= 3.385E-06 alpha_mix =  0.700 |ddv_scf|^2 =  1.221E-11

      iter #   6 total cpu time :372366.6 secs   av.it.:  38.5
      thresh= 3.494E-07 alpha_mix =  0.700 |ddv_scf|^2 =  1.785E-12

      iter #   7 total cpu time :373130.1 secs   av.it.:  38.0
      thresh= 1.336E-07 alpha_mix =  0.700 |ddv_scf|^2 =  6.198E-13

      iter #   8 total cpu time :373884.0 secs   av.it.:  37.3
      thresh= 7.873E-08 alpha_mix =  0.700 |ddv_scf|^2 =  2.820E-14

      iter #   9 total cpu time :374645.5 secs   av.it.:  38.1
      thresh= 1.679E-08 alpha_mix =  0.700 |ddv_scf|^2 =  2.834E-15

     End of self-consistent calculation

     Convergence has been achieved 


     Representation #   3 mode #   3

     Self-consistent Calculation

      iter #   1 total cpu time :376054.0 secs   av.it.:  14.9
      thresh= 1.000E-02 alpha_mix =  0.700 |ddv_scf|^2 =  1.934E-07

      iter #   2 total cpu time :376805.0 secs   av.it.:  37.0
      thresh= 4.398E-05 alpha_mix =  0.700 |ddv_scf|^2 =  8.067E-08

      iter #   3 total cpu time :377555.8 secs   av.it.:  36.6
      thresh= 2.840E-05 alpha_mix =  0.700 |ddv_scf|^2 =  1.125E-08

      iter #   4 total cpu time :378295.3 secs   av.it.:  35.4
      thresh= 1.061E-05 alpha_mix =  0.700 |ddv_scf|^2 =  1.264E-09

      iter #   5 total cpu time :379044.9 secs   av.it.:  36.9
      thresh= 3.555E-06 alpha_mix =  0.700 |ddv_scf|^2 =  1.280E-11

      iter #   6 total cpu time :379811.4 secs   av.it.:  38.3
      thresh= 3.578E-07 alpha_mix =  0.700 |ddv_scf|^2 =  3.680E-12

      iter #   7 total cpu time :380548.3 secs   av.it.:  35.4
      thresh= 1.918E-07 alpha_mix =  0.700 |ddv_scf|^2 =  5.989E-13

      iter #   8 total cpu time :381306.8 secs   av.it.:  37.7
      thresh= 7.739E-08 alpha_mix =  0.700 |ddv_scf|^2 =  2.404E-14

      iter #   9 total cpu time :382076.2 secs   av.it.:  38.5
      thresh= 1.551E-08 alpha_mix =  0.700 |ddv_scf|^2 =  2.451E-15

     End of self-consistent calculation

     Convergence has been achieved 


     Representation #   4 mode #   4

     Self-consistent Calculation

      iter #   1 total cpu time :383543.9 secs   av.it.:  19.5
      thresh= 1.000E-02 alpha_mix =  0.700 |ddv_scf|^2 =  6.854E-07

      iter #   2 total cpu time :384300.5 secs   av.it.:  36.8
      thresh= 8.279E-05 alpha_mix =  0.700 |ddv_scf|^2 =  1.354E-07

      iter #   3 total cpu time :385057.9 secs   av.it.:  37.4
      thresh= 3.680E-05 alpha_mix =  0.700 |ddv_scf|^2 =  1.621E-07

      iter #   4 total cpu time :385774.2 secs   av.it.:  33.5
      thresh= 4.026E-05 alpha_mix =  0.700 |ddv_scf|^2 =  3.020E-09

      iter #   5 total cpu time :386534.4 secs   av.it.:  37.5
      thresh= 5.495E-06 alpha_mix =  0.700 |ddv_scf|^2 =  1.439E-09

      iter #   6 total cpu time :387289.7 secs   av.it.:  37.5
      thresh= 3.794E-06 alpha_mix =  0.700 |ddv_scf|^2 =  6.804E-10

      iter #   7 total cpu time :388024.3 secs   av.it.:  35.4
      thresh= 2.608E-06 alpha_mix =  0.700 |ddv_scf|^2 =  2.794E-11

      iter #   8 total cpu time :388795.0 secs   av.it.:  38.5
      thresh= 5.286E-07 alpha_mix =  0.700 |ddv_scf|^2 =  5.843E-12

      iter #   9 total cpu time :389561.1 secs   av.it.:  38.0
      thresh= 2.417E-07 alpha_mix =  0.700 |ddv_scf|^2 =  5.191E-13

      iter #  10 total cpu time :390338.2 secs   av.it.:  38.2
      thresh= 7.205E-08 alpha_mix =  0.700 |ddv_scf|^2 =  3.972E-14

      iter #  11 total cpu time :391103.3 secs   av.it.:  38.2
      thresh= 1.993E-08 alpha_mix =  0.700 |ddv_scf|^2 =  1.098E-14

      iter #  12 total cpu time :391841.6 secs   av.it.:  36.0
      thresh= 1.048E-08 alpha_mix =  0.700 |ddv_scf|^2 =  1.062E-15

     End of self-consistent calculation

     Convergence has been achieved 


     Representation #   5 mode #   5

     Self-consistent Calculation

      iter #   1 total cpu time :393252.0 secs   av.it.:  15.2
      thresh= 1.000E-02 alpha_mix =  0.700 |ddv_scf|^2 =  3.150E-07

      iter #   2 total cpu time :393999.5 secs   av.it.:  36.7
      thresh= 5.612E-05 alpha_mix =  0.700 |ddv_scf|^2 =  1.695E-07

      iter #   3 total cpu time :394737.8 secs   av.it.:  35.9
      thresh= 4.117E-05 alpha_mix =  0.700 |ddv_scf|^2 =  7.698E-09

      iter #   4 total cpu time :395496.8 secs   av.it.:  37.6
      thresh= 8.774E-06 alpha_mix =  0.700 |ddv_scf|^2 =  1.709E-09

      iter #   5 total cpu time :396248.1 secs   av.it.:  36.9
      thresh= 4.134E-06 alpha_mix =  0.700 |ddv_scf|^2 =  1.250E-11

      iter #   6 total cpu time :397014.0 secs   av.it.:  38.2
      thresh= 3.535E-07 alpha_mix =  0.700 |ddv_scf|^2 =  2.089E-12

      iter #   7 total cpu time :397785.5 secs   av.it.:  37.8
      thresh= 1.445E-07 alpha_mix =  0.700 |ddv_scf|^2 =  7.658E-13

      iter #   8 total cpu time :398541.9 secs   av.it.:  37.5
      thresh= 8.751E-08 alpha_mix =  0.700 |ddv_scf|^2 =  4.046E-14

      iter #   9 total cpu time :399303.3 secs   av.it.:  37.7
      thresh= 2.011E-08 alpha_mix =  0.700 |ddv_scf|^2 =  2.495E-16

     End of self-consistent calculation

     Convergence has been achieved 


     Representation #   6 mode #   6

     Self-consistent Calculation

      iter #   1 total cpu time :400781.9 secs   av.it.:  20.5
      thresh= 1.000E-02 alpha_mix =  0.700 |ddv_scf|^2 =  6.894E-07

      iter #   2 total cpu time :401536.7 secs   av.it.:  37.2
      thresh= 8.303E-05 alpha_mix =  0.700 |ddv_scf|^2 =  1.411E-07

      iter #   3 total cpu time :402292.4 secs   av.it.:  37.3
      thresh= 3.756E-05 alpha_mix =  0.700 |ddv_scf|^2 =  1.888E-07

      iter #   4 total cpu time :403011.0 secs   av.it.:  33.8
      thresh= 4.345E-05 alpha_mix =  0.700 |ddv_scf|^2 =  3.359E-09

      iter #   5 total cpu time :403756.9 secs   av.it.:  36.3
      thresh= 5.796E-06 alpha_mix =  0.700 |ddv_scf|^2 =  1.295E-09

      iter #   6 total cpu time :404530.1 secs   av.it.:  38.7
      thresh= 3.598E-06 alpha_mix =  0.700 |ddv_scf|^2 =  2.101E-10

      iter #   7 total cpu time :405312.8 secs   av.it.:  38.4
      thresh= 1.450E-06 alpha_mix =  0.700 |ddv_scf|^2 =  8.685E-11

      iter #   8 total cpu time :406063.5 secs   av.it.:  36.8
      thresh= 9.319E-07 alpha_mix =  0.700 |ddv_scf|^2 =  1.536E-12

      iter #   9 total cpu time :406835.2 secs   av.it.:  38.5
      thresh= 1.240E-07 alpha_mix =  0.700 |ddv_scf|^2 =  9.806E-14

      iter #  10 total cpu time :407608.5 secs   av.it.:  38.9
      thresh= 3.131E-08 alpha_mix =  0.700 |ddv_scf|^2 =  5.889E-14

      iter #  11 total cpu time :408358.0 secs   av.it.:  36.4
      thresh= 2.427E-08 alpha_mix =  0.700 |ddv_scf|^2 =  2.780E-15

     End of self-consistent calculation

     Convergence has been achieved 


     Representation #   7 mode #   7

     Self-consistent Calculation

      iter #   1 total cpu time :409815.1 secs   av.it.:  19.4
      thresh= 1.000E-02 alpha_mix =  0.700 |ddv_scf|^2 =  6.097E-07

      iter #   2 total cpu time :410575.5 secs   av.it.:  36.8
      thresh= 7.809E-05 alpha_mix =  0.700 |ddv_scf|^2 =  3.045E-08

      iter #   3 total cpu time :411361.7 secs   av.it.:  39.9
      thresh= 1.745E-05 alpha_mix =  0.700 |ddv_scf|^2 =  5.688E-08

      iter #   4 total cpu time :412078.7 secs   av.it.:  33.8
      thresh= 2.385E-05 alpha_mix =  0.700 |ddv_scf|^2 =  2.295E-09

      iter #   5 total cpu time :412835.3 secs   av.it.:  37.6
      thresh= 4.791E-06 alpha_mix =  0.700 |ddv_scf|^2 =  9.321E-10

      iter #   6 total cpu time :413606.9 secs   av.it.:  39.2
      thresh= 3.053E-06 alpha_mix =  0.700 |ddv_scf|^2 =  6.552E-10

      iter #   7 total cpu time :414344.7 secs   av.it.:  36.1
      thresh= 2.560E-06 alpha_mix =  0.700 |ddv_scf|^2 =  3.134E-11

      iter #   8 total cpu time :415112.0 secs   av.it.:  38.9
      thresh= 5.598E-07 alpha_mix =  0.700 |ddv_scf|^2 =  1.364E-12

      iter #   9 total cpu time :415880.4 secs   av.it.:  38.8
      thresh= 1.168E-07 alpha_mix =  0.700 |ddv_scf|^2 =  2.301E-13

      iter #  10 total cpu time :416641.6 secs   av.it.:  37.5
      thresh= 4.797E-08 alpha_mix =  0.700 |ddv_scf|^2 =  6.706E-14

      iter #  11 total cpu time :417396.8 secs   av.it.:  37.2
      thresh= 2.590E-08 alpha_mix =  0.700 |ddv_scf|^2 =  5.279E-15

     End of self-consistent calculation

     Convergence has been achieved 


     Representation #   8 mode #   8

     Self-consistent Calculation

      iter #   1 total cpu time :418816.6 secs   av.it.:  15.0
      thresh= 1.000E-02 alpha_mix =  0.700 |ddv_scf|^2 =  2.423E-07

      iter #   2 total cpu time :419575.5 secs   av.it.:  37.6
      thresh= 4.923E-05 alpha_mix =  0.700 |ddv_scf|^2 =  7.695E-08

      iter #   3 total cpu time :420322.6 secs   av.it.:  36.6
      thresh= 2.774E-05 alpha_mix =  0.700 |ddv_scf|^2 =  2.568E-09

      iter #   4 total cpu time :421103.0 secs   av.it.:  38.7
      thresh= 5.067E-06 alpha_mix =  0.700 |ddv_scf|^2 =  1.173E-09

      iter #   5 total cpu time :421814.5 secs   av.it.:  33.1
      thresh= 3.426E-06 alpha_mix =  0.700 |ddv_scf|^2 =  7.332E-12

      iter #   6 total cpu time :422584.4 secs   av.it.:  38.6
      thresh= 2.708E-07 alpha_mix =  0.700 |ddv_scf|^2 =  1.109E-12

      iter #   7 total cpu time :423363.3 secs   av.it.:  38.6
      thresh= 1.053E-07 alpha_mix =  0.700 |ddv_scf|^2 =  6.823E-13

      iter #   8 total cpu time :424117.1 secs   av.it.:  36.9
      thresh= 8.260E-08 alpha_mix =  0.700 |ddv_scf|^2 =  1.662E-14

      iter #   9 total cpu time :424888.8 secs   av.it.:  37.9
      thresh= 1.289E-08 alpha_mix =  0.700 |ddv_scf|^2 =  1.677E-15

     End of self-consistent calculation

     Convergence has been achieved 


     Representation #   9 mode #   9

     Self-consistent Calculation

      iter #   1 total cpu time :426318.1 secs   av.it.:  14.7
      thresh= 1.000E-02 alpha_mix =  0.700 |ddv_scf|^2 =  2.136E-07

      iter #   2 total cpu time :427071.5 secs   av.it.:  36.7
      thresh= 4.622E-05 alpha_mix =  0.700 |ddv_scf|^2 =  5.659E-08

      iter #   3 total cpu time :427817.6 secs   av.it.:  36.6
      thresh= 2.379E-05 alpha_mix =  0.700 |ddv_scf|^2 =  2.386E-09

      iter #   4 total cpu time :428589.1 secs   av.it.:  38.7
      thresh= 4.884E-06 alpha_mix =  0.700 |ddv_scf|^2 =  1.009E-09

      iter #   5 total cpu time :429304.8 secs   av.it.:  33.2
      thresh= 3.176E-06 alpha_mix =  0.700 |ddv_scf|^2 =  7.575E-12

      iter #   6 total cpu time :430069.0 secs   av.it.:  38.1
      thresh= 2.752E-07 alpha_mix =  0.700 |ddv_scf|^2 =  5.367E-13

      iter #   7 total cpu time :430841.6 secs   av.it.:  39.0
      thresh= 7.326E-08 alpha_mix =  0.700 |ddv_scf|^2 =  2.988E-13

      iter #   8 total cpu time :431584.8 secs   av.it.:  36.8
      thresh= 5.467E-08 alpha_mix =  0.700 |ddv_scf|^2 =  4.867E-14

      iter #   9 total cpu time :432340.6 secs   av.it.:  37.6
      thresh= 2.206E-08 alpha_mix =  0.700 |ddv_scf|^2 =  1.575E-15

     End of self-consistent calculation

     Convergence has been achieved 


     Representation #  10 mode #  10

     Self-consistent Calculation

      iter #   1 total cpu time :433812.8 secs   av.it.:  20.3
      thresh= 1.000E-02 alpha_mix =  0.700 |ddv_scf|^2 =  7.534E-07

      iter #   2 total cpu time :434564.1 secs   av.it.:  36.9
      thresh= 8.680E-05 alpha_mix =  0.700 |ddv_scf|^2 =  1.233E-07

      iter #   3 total cpu time :435334.2 secs   av.it.:  38.6
      thresh= 3.511E-05 alpha_mix =  0.700 |ddv_scf|^2 =  4.153E-08

      iter #   4 total cpu time :436100.6 secs   av.it.:  38.2
      thresh= 2.038E-05 alpha_mix =  0.700 |ddv_scf|^2 =  1.072E-08

      iter #   5 total cpu time :436844.3 secs   av.it.:  35.1
      thresh= 1.035E-05 alpha_mix =  0.700 |ddv_scf|^2 =  1.191E-09

      iter #   6 total cpu time :437617.6 secs   av.it.:  38.9
      thresh= 3.452E-06 alpha_mix =  0.700 |ddv_scf|^2 =  1.662E-10

      iter #   7 total cpu time :438402.5 secs   av.it.:  39.2
      thresh= 1.289E-06 alpha_mix =  0.700 |ddv_scf|^2 =  6.516E-11

      iter #   8 total cpu time :439161.4 secs   av.it.:  37.7
      thresh= 8.072E-07 alpha_mix =  0.700 |ddv_scf|^2 =  1.134E-11

      iter #   9 total cpu time :439915.3 secs   av.it.:  37.6
      thresh= 3.367E-07 alpha_mix =  0.700 |ddv_scf|^2 =  2.092E-13

      iter #  10 total cpu time :440674.0 secs   av.it.:  38.4
      thresh= 4.574E-08 alpha_mix =  0.700 |ddv_scf|^2 =  2.874E-14

      iter #  11 total cpu time :441431.2 secs   av.it.:  37.6
      thresh= 1.695E-08 alpha_mix =  0.700 |ddv_scf|^2 =  1.520E-14

      iter #  12 total cpu time :442188.5 secs   av.it.:  37.8
      thresh= 1.233E-08 alpha_mix =  0.700 |ddv_scf|^2 =  1.123E-15

     End of self-consistent calculation

     Convergence has been achieved 


     Representation #  11 mode #  11

     Self-consistent Calculation

      iter #   1 total cpu time :443597.9 secs   av.it.:  15.0
      thresh= 1.000E-02 alpha_mix =  0.700 |ddv_scf|^2 =  2.527E-07

      iter #   2 total cpu time :444345.2 secs   av.it.:  36.7
      thresh= 5.027E-05 alpha_mix =  0.700 |ddv_scf|^2 =  1.126E-07

      iter #   3 total cpu time :445088.8 secs   av.it.:  36.2
      thresh= 3.355E-05 alpha_mix =  0.700 |ddv_scf|^2 =  4.447E-09

      iter #   4 total cpu time :445853.6 secs   av.it.:  38.0
      thresh= 6.668E-06 alpha_mix =  0.700 |ddv_scf|^2 =  1.783E-09

      iter #   5 total cpu time :446595.2 secs   av.it.:  36.1
      thresh= 4.223E-06 alpha_mix =  0.700 |ddv_scf|^2 =  1.264E-11

      iter #   6 total cpu time :447359.2 secs   av.it.:  38.2
      thresh= 3.555E-07 alpha_mix =  0.700 |ddv_scf|^2 =  1.130E-12

      iter #   7 total cpu time :448128.8 secs   av.it.:  38.6
      thresh= 1.063E-07 alpha_mix =  0.700 |ddv_scf|^2 =  8.241E-13

      iter #   8 total cpu time :448900.0 secs   av.it.:  37.7
      thresh= 9.078E-08 alpha_mix =  0.700 |ddv_scf|^2 =  2.300E-14

      iter #   9 total cpu time :449677.6 secs   av.it.:  38.5
      thresh= 1.517E-08 alpha_mix =  0.700 |ddv_scf|^2 =  4.965E-15

     End of self-consistent calculation

     Convergence has been achieved 


     Representation #  12 mode #  12

     Self-consistent Calculation

      iter #   1 total cpu time :451087.7 secs   av.it.:  15.4
      thresh= 1.000E-02 alpha_mix =  0.700 |ddv_scf|^2 =  7.050E-07

      iter #   2 total cpu time :451830.8 secs   av.it.:  36.1
      thresh= 8.396E-05 alpha_mix =  0.700 |ddv_scf|^2 =  4.560E-07

      iter #   3 total cpu time :452564.2 secs   av.it.:  35.5
      thresh= 6.753E-05 alpha_mix =  0.700 |ddv_scf|^2 =  1.380E-08

      iter #   4 total cpu time :453311.8 secs   av.it.:  36.7
      thresh= 1.175E-05 alpha_mix =  0.700 |ddv_scf|^2 =  1.660E-09

      iter #   5 total cpu time :454066.4 secs   av.it.:  37.4
      thresh= 4.074E-06 alpha_mix =  0.700 |ddv_scf|^2 =  3.229E-11

      iter #   6 total cpu time :454838.1 secs   av.it.:  38.0
      thresh= 5.683E-07 alpha_mix =  0.700 |ddv_scf|^2 =  2.915E-12

      iter #   7 total cpu time :455597.1 secs   av.it.:  37.3
      thresh= 1.707E-07 alpha_mix =  0.700 |ddv_scf|^2 =  5.982E-13

      iter #   8 total cpu time :456344.1 secs   av.it.:  36.6
      thresh= 7.734E-08 alpha_mix =  0.700 |ddv_scf|^2 =  8.055E-15

     End of self-consistent calculation

     Convergence has been achieved 


     Representation #  13 mode #  13

     Self-consistent Calculation

      iter #   1 total cpu time :457749.7 secs   av.it.:  15.1
      thresh= 1.000E-02 alpha_mix =  0.700 |ddv_scf|^2 =  4.745E-07

      iter #   2 total cpu time :458497.9 secs   av.it.:  36.5
      thresh= 6.888E-05 alpha_mix =  0.700 |ddv_scf|^2 =  1.946E-07

      iter #   3 total cpu time :459236.4 secs   av.it.:  36.0
      thresh= 4.412E-05 alpha_mix =  0.700 |ddv_scf|^2 =  8.251E-09

      iter #   4 total cpu time :459992.0 secs   av.it.:  37.2
      thresh= 9.084E-06 alpha_mix =  0.700 |ddv_scf|^2 =  1.265E-09

      iter #   5 total cpu time :460743.6 secs   av.it.:  36.9
      thresh= 3.556E-06 alpha_mix =  0.700 |ddv_scf|^2 =  1.710E-11

      iter #   6 total cpu time :461510.1 secs   av.it.:  38.0
      thresh= 4.135E-07 alpha_mix =  0.700 |ddv_scf|^2 =  4.759E-13

      iter #   7 total cpu time :462291.2 secs   av.it.:  38.9
      thresh= 6.898E-08 alpha_mix =  0.700 |ddv_scf|^2 =  3.360E-13

      iter #   8 total cpu time :463029.8 secs   av.it.:  35.6
      thresh= 5.797E-08 alpha_mix =  0.700 |ddv_scf|^2 =  5.477E-14

      iter #   9 total cpu time :463792.5 secs   av.it.:  37.9
      thresh= 2.340E-08 alpha_mix =  0.700 |ddv_scf|^2 =  2.984E-15

     End of self-consistent calculation

     Convergence has been achieved 


     Representation #  14 mode #  14

     Self-consistent Calculation

      iter #   1 total cpu time :465208.1 secs   av.it.:  15.6
      thresh= 1.000E-02 alpha_mix =  0.700 |ddv_scf|^2 =  4.234E-07

      iter #   2 total cpu time :465941.1 secs   av.it.:  35.6
      thresh= 6.507E-05 alpha_mix =  0.700 |ddv_scf|^2 =  2.248E-07

      iter #   3 total cpu time :466679.3 secs   av.it.:  35.9
      thresh= 4.741E-05 alpha_mix =  0.700 |ddv_scf|^2 =  1.912E-08

      iter #   4 total cpu time :467422.3 secs   av.it.:  36.1
      thresh= 1.383E-05 alpha_mix =  0.700 |ddv_scf|^2 =  1.398E-09

      iter #   5 total cpu time :468170.4 secs   av.it.:  36.8
      thresh= 3.739E-06 alpha_mix =  0.700 |ddv_scf|^2 =  1.677E-11

      iter #   6 total cpu time :468932.5 secs   av.it.:  37.9
      thresh= 4.095E-07 alpha_mix =  0.700 |ddv_scf|^2 =  1.918E-12

      iter #   7 total cpu time :469697.1 secs   av.it.:  38.0
      thresh= 1.385E-07 alpha_mix =  0.700 |ddv_scf|^2 =  7.718E-13

      iter #   8 total cpu time :470452.3 secs   av.it.:  37.3
      thresh= 8.785E-08 alpha_mix =  0.700 |ddv_scf|^2 =  3.050E-14

      iter #   9 total cpu time :471220.7 secs   av.it.:  38.4
      thresh= 1.746E-08 alpha_mix =  0.700 |ddv_scf|^2 =  1.958E-15

     End of self-consistent calculation

     Convergence has been achieved 


     Representation #  15 mode #  15

     Self-consistent Calculation

      iter #   1 total cpu time :472705.0 secs   av.it.:  20.1
      thresh= 1.000E-02 alpha_mix =  0.700 |ddv_scf|^2 =  1.166E-06

      iter #   2 total cpu time :473444.5 secs   av.it.:  35.7
      thresh= 1.080E-04 alpha_mix =  0.700 |ddv_scf|^2 =  3.604E-07

      iter #   3 total cpu time :474203.4 secs   av.it.:  37.7
      thresh= 6.004E-05 alpha_mix =  0.700 |ddv_scf|^2 =  1.372E-07

      iter #   4 total cpu time :474949.0 secs   av.it.:  35.8
      thresh= 3.704E-05 alpha_mix =  0.700 |ddv_scf|^2 =  6.243E-09

      iter #   5 total cpu time :475722.3 secs   av.it.:  38.2
      thresh= 7.901E-06 alpha_mix =  0.700 |ddv_scf|^2 =  1.813E-09

      iter #   6 total cpu time :476489.4 secs   av.it.:  38.6
      thresh= 4.258E-06 alpha_mix =  0.700 |ddv_scf|^2 =  6.721E-10

      iter #   7 total cpu time :477253.3 secs   av.it.:  38.6
      thresh= 2.592E-06 alpha_mix =  0.700 |ddv_scf|^2 =  1.703E-10

      iter #   8 total cpu time :478013.3 secs   av.it.:  38.1
      thresh= 1.305E-06 alpha_mix =  0.700 |ddv_scf|^2 =  4.981E-12

      iter #   9 total cpu time :478777.9 secs   av.it.:  38.7
      thresh= 2.232E-07 alpha_mix =  0.700 |ddv_scf|^2 =  8.512E-13

      iter #  10 total cpu time :479500.7 secs   av.it.:  34.9
      thresh= 9.226E-08 alpha_mix =  0.700 |ddv_scf|^2 =  2.593E-13

      iter #  11 total cpu time :480245.5 secs   av.it.:  36.8
      thresh= 5.092E-08 alpha_mix =  0.700 |ddv_scf|^2 =  1.521E-14

      iter #  12 total cpu time :481003.3 secs   av.it.:  37.4
      thresh= 1.233E-08 alpha_mix =  0.700 |ddv_scf|^2 =  1.217E-15

     End of self-consistent calculation

     Convergence has been achieved 


     Representation #  16 mode #  16

     Self-consistent Calculation

      iter #   1 total cpu time :482424.5 secs   av.it.:  15.4
      thresh= 1.000E-02 alpha_mix =  0.700 |ddv_scf|^2 =  5.292E-07

      iter #   2 total cpu time :483168.4 secs   av.it.:  36.1
      thresh= 7.275E-05 alpha_mix =  0.700 |ddv_scf|^2 =  3.599E-07

      iter #   3 total cpu time :483905.9 secs   av.it.:  35.4
      thresh= 6.000E-05 alpha_mix =  0.700 |ddv_scf|^2 =  1.811E-08

      iter #   4 total cpu time :484656.7 secs   av.it.:  36.8
      thresh= 1.346E-05 alpha_mix =  0.700 |ddv_scf|^2 =  1.858E-09

      iter #   5 total cpu time :485409.1 secs   av.it.:  36.9
      thresh= 4.310E-06 alpha_mix =  0.700 |ddv_scf|^2 =  2.466E-11

      iter #   6 total cpu time :486176.5 secs   av.it.:  38.4
      thresh= 4.965E-07 alpha_mix =  0.700 |ddv_scf|^2 =  9.257E-12

      iter #   7 total cpu time :486914.9 secs   av.it.:  35.5
      thresh= 3.042E-07 alpha_mix =  0.700 |ddv_scf|^2 =  2.976E-13

      iter #   8 total cpu time :487681.0 secs   av.it.:  38.2
      thresh= 5.455E-08 alpha_mix =  0.700 |ddv_scf|^2 =  4.753E-14

      iter #   9 total cpu time :488455.3 secs   av.it.:  38.6
      thresh= 2.180E-08 alpha_mix =  0.700 |ddv_scf|^2 =  3.161E-14

      iter #  10 total cpu time :489240.6 secs   av.it.:  36.6
      thresh= 1.778E-08 alpha_mix =  0.700 |ddv_scf|^2 =  5.033E-15

     End of self-consistent calculation

     Convergence has been achieved 


     Representation #  17 mode #  17

     Self-consistent Calculation

      iter #   1 total cpu time :490696.8 secs   av.it.:  19.6
      thresh= 1.000E-02 alpha_mix =  0.700 |ddv_scf|^2 =  1.352E-06

      iter #   2 total cpu time :491440.0 secs   av.it.:  35.9
      thresh= 1.163E-04 alpha_mix =  0.700 |ddv_scf|^2 =  5.084E-07

      iter #   3 total cpu time :492200.7 secs   av.it.:  37.7
      thresh= 7.130E-05 alpha_mix =  0.700 |ddv_scf|^2 =  2.408E-07

      iter #   4 total cpu time :492912.5 secs   av.it.:  33.7
      thresh= 4.908E-05 alpha_mix =  0.700 |ddv_scf|^2 =  5.802E-09

      iter #   5 total cpu time :493659.9 secs   av.it.:  37.4
      thresh= 7.617E-06 alpha_mix =  0.700 |ddv_scf|^2 =  2.394E-09

      iter #   6 total cpu time :494417.6 secs   av.it.:  38.2
      thresh= 4.892E-06 alpha_mix =  0.700 |ddv_scf|^2 =  9.019E-10

      iter #   7 total cpu time :495178.1 secs   av.it.:  38.5
      thresh= 3.003E-06 alpha_mix =  0.700 |ddv_scf|^2 =  1.379E-10

      iter #   8 total cpu time :495941.1 secs   av.it.:  38.1
      thresh= 1.174E-06 alpha_mix =  0.700 |ddv_scf|^2 =  4.258E-12

      iter #   9 total cpu time :496711.1 secs   av.it.:  38.8
      thresh= 2.064E-07 alpha_mix =  0.700 |ddv_scf|^2 =  9.143E-13

      iter #  10 total cpu time :497464.5 secs   av.it.:  37.2
      thresh= 9.562E-08 alpha_mix =  0.700 |ddv_scf|^2 =  4.819E-14

      iter #  11 total cpu time :498228.7 secs   av.it.:  38.3
      thresh= 2.195E-08 alpha_mix =  0.700 |ddv_scf|^2 =  2.704E-14

      iter #  12 total cpu time :498944.7 secs   av.it.:  33.5
      thresh= 1.644E-08 alpha_mix =  0.700 |ddv_scf|^2 =  9.384E-16

     End of self-consistent calculation

     Convergence has been achieved 


     Representation #  18 mode #  18

     Self-consistent Calculation

      iter #   1 total cpu time :500363.6 secs   av.it.:  14.9
      thresh= 1.000E-02 alpha_mix =  0.700 |ddv_scf|^2 =  2.117E-07

      iter #   2 total cpu time :501126.1 secs   av.it.:  37.1
      thresh= 4.601E-05 alpha_mix =  0.700 |ddv_scf|^2 =  8.062E-08

      iter #   3 total cpu time :501879.8 secs   av.it.:  37.1
      thresh= 2.839E-05 alpha_mix =  0.700 |ddv_scf|^2 =  1.239E-08

      iter #   4 total cpu time :502630.2 secs   av.it.:  36.9
      thresh= 1.113E-05 alpha_mix =  0.700 |ddv_scf|^2 =  9.798E-10

      iter #   5 total cpu time :503384.4 secs   av.it.:  37.4
      thresh= 3.130E-06 alpha_mix =  0.700 |ddv_scf|^2 =  1.554E-11

      iter #   6 total cpu time :504155.6 secs   av.it.:  38.7
      thresh= 3.942E-07 alpha_mix =  0.700 |ddv_scf|^2 =  7.003E-12

      iter #   7 total cpu time :504898.2 secs   av.it.:  36.4
      thresh= 2.646E-07 alpha_mix =  0.700 |ddv_scf|^2 =  1.475E-13

      iter #   8 total cpu time :505674.8 secs   av.it.:  38.5
      thresh= 3.840E-08 alpha_mix =  0.700 |ddv_scf|^2 =  1.902E-14

      iter #   9 total cpu time :506446.8 secs   av.it.:  38.8
      thresh= 1.379E-08 alpha_mix =  0.700 |ddv_scf|^2 =  1.425E-14

      iter #  10 total cpu time :507196.1 secs   av.it.:  36.8
      thresh= 1.194E-08 alpha_mix =  0.700 |ddv_scf|^2 =  1.217E-15

     End of self-consistent calculation

     Convergence has been achieved 


     Representation #  19 mode #  19

     Self-consistent Calculation

      iter #   1 total cpu time :508600.3 secs   av.it.:  15.2
      thresh= 1.000E-02 alpha_mix =  0.700 |ddv_scf|^2 =  2.689E-07

      iter #   2 total cpu time :509352.2 secs   av.it.:  37.0
      thresh= 5.186E-05 alpha_mix =  0.700 |ddv_scf|^2 =  5.394E-08

      iter #   3 total cpu time :510101.5 secs   av.it.:  37.3
      thresh= 2.322E-05 alpha_mix =  0.700 |ddv_scf|^2 =  4.121E-09

      iter #   4 total cpu time :510869.0 secs   av.it.:  38.2
      thresh= 6.419E-06 alpha_mix =  0.700 |ddv_scf|^2 =  1.012E-09

      iter #   5 total cpu time :511632.3 secs   av.it.:  36.5
      thresh= 3.180E-06 alpha_mix =  0.700 |ddv_scf|^2 =  9.173E-12

      iter #   6 total cpu time :512407.3 secs   av.it.:  38.6
      thresh= 3.029E-07 alpha_mix =  0.700 |ddv_scf|^2 =  1.614E-12

      iter #   7 total cpu time :513169.6 secs   av.it.:  37.3
      thresh= 1.270E-07 alpha_mix =  0.700 |ddv_scf|^2 =  5.533E-13

      iter #   8 total cpu time :513933.5 secs   av.it.:  37.6
      thresh= 7.438E-08 alpha_mix =  0.700 |ddv_scf|^2 =  2.516E-14

      iter #   9 total cpu time :514712.4 secs   av.it.:  38.7
      thresh= 1.586E-08 alpha_mix =  0.700 |ddv_scf|^2 =  1.239E-14

      iter #  10 total cpu time :515476.7 secs   av.it.:  36.6
      thresh= 1.113E-08 alpha_mix =  0.700 |ddv_scf|^2 =  1.805E-15

     End of self-consistent calculation

     Convergence has been achieved 


     Representation #  20 mode #  20

     Self-consistent Calculation

      iter #   1 total cpu time :516956.7 secs   av.it.:  20.4
      thresh= 1.000E-02 alpha_mix =  0.700 |ddv_scf|^2 =  6.131E-07

      iter #   2 total cpu time :517724.2 secs   av.it.:  37.9
      thresh= 7.830E-05 alpha_mix =  0.700 |ddv_scf|^2 =  1.467E-07

      iter #   3 total cpu time :518477.7 secs   av.it.:  37.0
      thresh= 3.830E-05 alpha_mix =  0.700 |ddv_scf|^2 =  1.652E-07

      iter #   4 total cpu time :519195.6 secs   av.it.:  33.8
      thresh= 4.065E-05 alpha_mix =  0.700 |ddv_scf|^2 =  3.015E-09

      iter #   5 total cpu time :519952.1 secs   av.it.:  37.5
      thresh= 5.491E-06 alpha_mix =  0.700 |ddv_scf|^2 =  1.909E-09

      iter #   6 total cpu time :520709.4 secs   av.it.:  37.4
      thresh= 4.370E-06 alpha_mix =  0.700 |ddv_scf|^2 =  4.078E-10

      iter #   7 total cpu time :521455.7 secs   av.it.:  36.3
      thresh= 2.020E-06 alpha_mix =  0.700 |ddv_scf|^2 =  5.077E-11

      iter #   8 total cpu time :522220.4 secs   av.it.:  38.0
      thresh= 7.125E-07 alpha_mix =  0.700 |ddv_scf|^2 =  6.895E-13

      iter #   9 total cpu time :523012.7 secs   av.it.:  39.3
      thresh= 8.304E-08 alpha_mix =  0.700 |ddv_scf|^2 =  2.410E-13

      iter #  10 total cpu time :523777.3 secs   av.it.:  37.9
      thresh= 4.909E-08 alpha_mix =  0.700 |ddv_scf|^2 =  4.836E-14

      iter #  11 total cpu time :524527.7 secs   av.it.:  36.9
      thresh= 2.199E-08 alpha_mix =  0.700 |ddv_scf|^2 =  6.302E-15

     End of self-consistent calculation

     Convergence has been achieved 


     Representation #  21 mode #  21

     Self-consistent Calculation

      iter #   1 total cpu time :526001.1 secs   av.it.:  20.5
      thresh= 1.000E-02 alpha_mix =  0.700 |ddv_scf|^2 =  7.745E-07

      iter #   2 total cpu time :526755.8 secs   av.it.:  37.2
      thresh= 8.801E-05 alpha_mix =  0.700 |ddv_scf|^2 =  2.467E-07

      iter #   3 total cpu time :527503.4 secs   av.it.:  36.5
      thresh= 4.967E-05 alpha_mix =  0.700 |ddv_scf|^2 =  1.499E-07

      iter #   4 total cpu time :528239.5 secs   av.it.:  34.2
      thresh= 3.872E-05 alpha_mix =  0.700 |ddv_scf|^2 =  2.794E-09

      iter #   5 total cpu time :529010.5 secs   av.it.:  38.6
      thresh= 5.286E-06 alpha_mix =  0.700 |ddv_scf|^2 =  1.787E-09

      iter #   6 total cpu time :529781.5 secs   av.it.:  38.8
      thresh= 4.227E-06 alpha_mix =  0.700 |ddv_scf|^2 =  7.454E-10

      iter #   7 total cpu time :530522.4 secs   av.it.:  35.4
      thresh= 2.730E-06 alpha_mix =  0.700 |ddv_scf|^2 =  1.145E-10

      iter #   8 total cpu time :531284.9 secs   av.it.:  37.9
      thresh= 1.070E-06 alpha_mix =  0.700 |ddv_scf|^2 =  1.791E-12

      iter #   9 total cpu time :532050.8 secs   av.it.:  38.5
      thresh= 1.338E-07 alpha_mix =  0.700 |ddv_scf|^2 =  2.366E-13

      iter #  10 total cpu time :532815.5 secs   av.it.:  38.5
      thresh= 4.865E-08 alpha_mix =  0.700 |ddv_scf|^2 =  4.253E-14

      iter #  11 total cpu time :533574.8 secs   av.it.:  37.9
      thresh= 2.062E-08 alpha_mix =  0.700 |ddv_scf|^2 =  5.891E-15

     End of self-consistent calculation

     Convergence has been achieved 


     Representation #  22 mode #  22

     Self-consistent Calculation

      iter #   1 total cpu time :534984.0 secs   av.it.:  15.0
      thresh= 1.000E-02 alpha_mix =  0.700 |ddv_scf|^2 =  1.606E-07

      iter #   2 total cpu time :535745.8 secs   av.it.:  37.9
      thresh= 4.007E-05 alpha_mix =  0.700 |ddv_scf|^2 =  4.780E-08

      iter #   3 total cpu time :536494.2 secs   av.it.:  36.7
      thresh= 2.186E-05 alpha_mix =  0.700 |ddv_scf|^2 =  7.096E-09

      iter #   4 total cpu time :537252.9 secs   av.it.:  37.4
      thresh= 8.424E-06 alpha_mix =  0.700 |ddv_scf|^2 =  8.022E-10

      iter #   5 total cpu time :538010.2 secs   av.it.:  37.2
      thresh= 2.832E-06 alpha_mix =  0.700 |ddv_scf|^2 =  8.292E-12

      iter #   6 total cpu time :538775.7 secs   av.it.:  38.0
      thresh= 2.880E-07 alpha_mix =  0.700 |ddv_scf|^2 =  2.109E-12

      iter #   7 total cpu time :539544.6 secs   av.it.:  37.6
      thresh= 1.452E-07 alpha_mix =  0.700 |ddv_scf|^2 =  3.902E-13

      iter #   8 total cpu time :540323.9 secs   av.it.:  37.9
      thresh= 6.247E-08 alpha_mix =  0.700 |ddv_scf|^2 =  2.047E-14

      iter #   9 total cpu time :541091.8 secs   av.it.:  38.3
      thresh= 1.431E-08 alpha_mix =  0.700 |ddv_scf|^2 =  2.087E-15

     End of self-consistent calculation

     Convergence has been achieved 


     Representation #  23 mode #  23

     Self-consistent Calculation

      iter #   1 total cpu time :542503.4 secs   av.it.:  15.1
      thresh= 1.000E-02 alpha_mix =  0.700 |ddv_scf|^2 =  1.541E-07

      iter #   2 total cpu time :543264.7 secs   av.it.:  37.3
      thresh= 3.926E-05 alpha_mix =  0.700 |ddv_scf|^2 =  1.019E-08

      iter #   3 total cpu time :544030.6 secs   av.it.:  38.2
      thresh= 1.009E-05 alpha_mix =  0.700 |ddv_scf|^2 =  9.055E-10

      iter #   4 total cpu time :544793.6 secs   av.it.:  38.4
      thresh= 3.009E-06 alpha_mix =  0.700 |ddv_scf|^2 =  1.805E-10

      iter #   5 total cpu time :545544.6 secs   av.it.:  37.3
      thresh= 1.343E-06 alpha_mix =  0.700 |ddv_scf|^2 =  1.442E-11

      iter #   6 total cpu time :546299.0 secs   av.it.:  37.5
      thresh= 3.798E-07 alpha_mix =  0.700 |ddv_scf|^2 =  6.446E-13

      iter #   7 total cpu time :547065.7 secs   av.it.:  38.7
      thresh= 8.029E-08 alpha_mix =  0.700 |ddv_scf|^2 =  4.496E-13

      iter #   8 total cpu time :547788.6 secs   av.it.:  34.7
      thresh= 6.706E-08 alpha_mix =  0.700 |ddv_scf|^2 =  2.778E-14

      iter #   9 total cpu time :548551.8 secs   av.it.:  38.4
      thresh= 1.667E-08 alpha_mix =  0.700 |ddv_scf|^2 =  3.451E-15

     End of self-consistent calculation

     Convergence has been achieved 


     Representation #  24 mode #  24

     Self-consistent Calculation

      iter #   1 total cpu time :550007.1 secs   av.it.:  19.4
      thresh= 1.000E-02 alpha_mix =  0.700 |ddv_scf|^2 =  6.722E-07

      iter #   2 total cpu time :550758.6 secs   av.it.:  36.7
      thresh= 8.199E-05 alpha_mix =  0.700 |ddv_scf|^2 =  6.205E-08

      iter #   3 total cpu time :551537.5 secs   av.it.:  39.3
      thresh= 2.491E-05 alpha_mix =  0.700 |ddv_scf|^2 =  9.835E-08

      iter #   4 total cpu time :552258.1 secs   av.it.:  33.7
      thresh= 3.136E-05 alpha_mix =  0.700 |ddv_scf|^2 =  2.960E-09

      iter #   5 total cpu time :553010.1 secs   av.it.:  36.1
      thresh= 5.441E-06 alpha_mix =  0.700 |ddv_scf|^2 =  1.166E-09

      iter #   6 total cpu time :553780.5 secs   av.it.:  38.7
      thresh= 3.414E-06 alpha_mix =  0.700 |ddv_scf|^2 =  7.970E-10

      iter #   7 total cpu time :554525.3 secs   av.it.:  36.3
      thresh= 2.823E-06 alpha_mix =  0.700 |ddv_scf|^2 =  5.187E-11

      iter #   8 total cpu time :555290.1 secs   av.it.:  38.1
      thresh= 7.202E-07 alpha_mix =  0.700 |ddv_scf|^2 =  1.934E-12

      iter #   9 total cpu time :556066.8 secs   av.it.:  39.1
      thresh= 1.391E-07 alpha_mix =  0.700 |ddv_scf|^2 =  8.008E-13

      iter #  10 total cpu time :556827.3 secs   av.it.:  36.9
      thresh= 8.949E-08 alpha_mix =  0.700 |ddv_scf|^2 =  7.648E-14

      iter #  11 total cpu time :557583.3 secs   av.it.:  37.4
      thresh= 2.765E-08 alpha_mix =  0.700 |ddv_scf|^2 =  1.239E-14

      iter #  12 total cpu time :558308.9 secs   av.it.:  34.9
      thresh= 1.113E-08 alpha_mix =  0.700 |ddv_scf|^2 =  1.711E-15

     End of self-consistent calculation

     Convergence has been achieved 


     Representation #  25 mode #  25

     Self-consistent Calculation

      iter #   1 total cpu time :559701.5 secs   av.it.:  14.4
      thresh= 1.000E-02 alpha_mix =  0.700 |ddv_scf|^2 =  1.440E-07

      iter #   2 total cpu time :560421.6 secs   av.it.:  34.8
      thresh= 3.795E-05 alpha_mix =  0.700 |ddv_scf|^2 =  2.808E-08

      iter #   3 total cpu time :561157.1 secs   av.it.:  36.6
      thresh= 1.676E-05 alpha_mix =  0.700 |ddv_scf|^2 =  7.495E-09

      iter #   4 total cpu time :561884.8 secs   av.it.:  36.0
      thresh= 8.657E-06 alpha_mix =  0.700 |ddv_scf|^2 =  5.046E-10

      iter #   5 total cpu time :562616.5 secs   av.it.:  36.1
      thresh= 2.246E-06 alpha_mix =  0.700 |ddv_scf|^2 =  8.176E-12

      iter #   6 total cpu time :563366.6 secs   av.it.:  38.2
      thresh= 2.859E-07 alpha_mix =  0.700 |ddv_scf|^2 =  1.846E-12

      iter #   7 total cpu time :564117.7 secs   av.it.:  38.0
      thresh= 1.359E-07 alpha_mix =  0.700 |ddv_scf|^2 =  4.474E-13

      iter #   8 total cpu time :564871.4 secs   av.it.:  37.7
      thresh= 6.689E-08 alpha_mix =  0.700 |ddv_scf|^2 =  2.529E-14

      iter #   9 total cpu time :565641.3 secs   av.it.:  38.5
      thresh= 1.590E-08 alpha_mix =  0.700 |ddv_scf|^2 =  8.254E-15

     End of self-consistent calculation

     Convergence has been achieved 


     Representation #  26 mode #  26

     Self-consistent Calculation

      iter #   1 total cpu time :567056.9 secs   av.it.:  15.2
      thresh= 1.000E-02 alpha_mix =  0.700 |ddv_scf|^2 =  2.060E-07

      iter #   2 total cpu time :567796.6 secs   av.it.:  36.5
      thresh= 4.539E-05 alpha_mix =  0.700 |ddv_scf|^2 =  1.673E-08

      iter #   3 total cpu time :568551.6 secs   av.it.:  37.6
      thresh= 1.294E-05 alpha_mix =  0.700 |ddv_scf|^2 =  1.129E-09

      iter #   4 total cpu time :569309.8 secs   av.it.:  38.4
      thresh= 3.360E-06 alpha_mix =  0.700 |ddv_scf|^2 =  2.389E-10

      iter #   5 total cpu time :570044.9 secs   av.it.:  36.2
      thresh= 1.546E-06 alpha_mix =  0.700 |ddv_scf|^2 =  1.282E-11

      iter #   6 total cpu time :570801.4 secs   av.it.:  38.0
      thresh= 3.581E-07 alpha_mix =  0.700 |ddv_scf|^2 =  6.204E-13

      iter #   7 total cpu time :571563.1 secs   av.it.:  37.9
      thresh= 7.877E-08 alpha_mix =  0.700 |ddv_scf|^2 =  6.411E-13

      iter #   8 total cpu time :572279.1 secs   av.it.:  33.7
      thresh= 8.007E-08 alpha_mix =  0.700 |ddv_scf|^2 =  1.822E-14

      iter #   9 total cpu time :573050.7 secs   av.it.:  38.6
      thresh= 1.350E-08 alpha_mix =  0.700 |ddv_scf|^2 =  5.791E-15

     End of self-consistent calculation

     Convergence has been achieved 


     Representation #  27 mode #  27

     Self-consistent Calculation

      iter #   1 total cpu time :574528.5 secs   av.it.:  19.5
      thresh= 1.000E-02 alpha_mix =  0.700 |ddv_scf|^2 =  6.326E-07

      iter #   2 total cpu time :575281.7 secs   av.it.:  36.9
      thresh= 7.954E-05 alpha_mix =  0.700 |ddv_scf|^2 =  9.338E-08

      iter #   3 total cpu time :576034.1 secs   av.it.:  37.2
      thresh= 3.056E-05 alpha_mix =  0.700 |ddv_scf|^2 =  1.336E-07

      iter #   4 total cpu time :576740.4 secs   av.it.:  33.4
      thresh= 3.655E-05 alpha_mix =  0.700 |ddv_scf|^2 =  2.950E-09

      iter #   5 total cpu time :577492.1 secs   av.it.:  35.7
      thresh= 5.431E-06 alpha_mix =  0.700 |ddv_scf|^2 =  1.435E-09

      iter #   6 total cpu time :578235.9 secs   av.it.:  36.1
      thresh= 3.788E-06 alpha_mix =  0.700 |ddv_scf|^2 =  6.212E-10

      iter #   7 total cpu time :578962.1 secs   av.it.:  35.0
      thresh= 2.492E-06 alpha_mix =  0.700 |ddv_scf|^2 =  1.260E-11

      iter #   8 total cpu time :579714.1 secs   av.it.:  37.9
      thresh= 3.549E-07 alpha_mix =  0.700 |ddv_scf|^2 =  5.040E-12

      iter #   9 total cpu time :580433.6 secs   av.it.:  34.5
      thresh= 2.245E-07 alpha_mix =  0.700 |ddv_scf|^2 =  2.617E-13

      iter #  10 total cpu time :581178.0 secs   av.it.:  37.2
      thresh= 5.115E-08 alpha_mix =  0.700 |ddv_scf|^2 =  4.681E-14

      iter #  11 total cpu time :581900.6 secs   av.it.:  35.4
      thresh= 2.164E-08 alpha_mix =  0.700 |ddv_scf|^2 =  3.976E-15

     End of self-consistent calculation

     Convergence has been achieved 


     Representation #  28 mode #  28

     Self-consistent Calculation

      iter #   1 total cpu time :583356.6 secs   av.it.:  20.6
      thresh= 1.000E-02 alpha_mix =  0.700 |ddv_scf|^2 =  1.782E-06

      iter #   2 total cpu time :584086.9 secs   av.it.:  35.2
      thresh= 1.335E-04 alpha_mix =  0.700 |ddv_scf|^2 =  1.047E-06

      iter #   3 total cpu time :584813.8 secs   av.it.:  34.7
      thresh= 1.023E-04 alpha_mix =  0.700 |ddv_scf|^2 =  2.190E-07

      iter #   4 total cpu time :585532.7 secs   av.it.:  33.8
      thresh= 4.679E-05 alpha_mix =  0.700 |ddv_scf|^2 =  4.450E-09

      iter #   5 total cpu time :586301.5 secs   av.it.:  38.5
      thresh= 6.671E-06 alpha_mix =  0.700 |ddv_scf|^2 =  2.258E-09

      iter #   6 total cpu time :587064.5 secs   av.it.:  38.0
      thresh= 4.752E-06 alpha_mix =  0.700 |ddv_scf|^2 =  1.023E-09

      iter #   7 total cpu time :587811.4 secs   av.it.:  36.6
      thresh= 3.199E-06 alpha_mix =  0.700 |ddv_scf|^2 =  1.395E-10

      iter #   8 total cpu time :588575.7 secs   av.it.:  38.2
      thresh= 1.181E-06 alpha_mix =  0.700 |ddv_scf|^2 =  9.984E-12

      iter #   9 total cpu time :589341.5 secs   av.it.:  38.2
      thresh= 3.160E-07 alpha_mix =  0.700 |ddv_scf|^2 =  1.747E-12

      iter #  10 total cpu time :590120.7 secs   av.it.:  38.6
      thresh= 1.322E-07 alpha_mix =  0.700 |ddv_scf|^2 =  8.244E-13

      iter #  11 total cpu time :590879.4 secs   av.it.:  36.6
      thresh= 9.080E-08 alpha_mix =  0.700 |ddv_scf|^2 =  4.720E-15

     End of self-consistent calculation

     Convergence has been achieved 


     Representation #  29 mode #  29

     Self-consistent Calculation

      iter #   1 total cpu time :592326.6 secs   av.it.:  15.6
      thresh= 1.000E-02 alpha_mix =  0.700 |ddv_scf|^2 =  3.069E-07

      iter #   2 total cpu time :593076.6 secs   av.it.:  36.2
      thresh= 5.540E-05 alpha_mix =  0.700 |ddv_scf|^2 =  1.309E-07

      iter #   3 total cpu time :593821.6 secs   av.it.:  36.7
      thresh= 3.618E-05 alpha_mix =  0.700 |ddv_scf|^2 =  1.679E-08

      iter #   4 total cpu time :594571.5 secs   av.it.:  36.5
      thresh= 1.296E-05 alpha_mix =  0.700 |ddv_scf|^2 =  8.128E-10

      iter #   5 total cpu time :595321.9 secs   av.it.:  37.4
      thresh= 2.851E-06 alpha_mix =  0.700 |ddv_scf|^2 =  1.184E-11

      iter #   6 total cpu time :596076.5 secs   av.it.:  38.2
      thresh= 3.441E-07 alpha_mix =  0.700 |ddv_scf|^2 =  7.946E-13

      iter #   7 total cpu time :596832.2 secs   av.it.:  38.8
      thresh= 8.914E-08 alpha_mix =  0.700 |ddv_scf|^2 =  6.501E-13

      iter #   8 total cpu time :597592.5 secs   av.it.:  37.2
      thresh= 8.063E-08 alpha_mix =  0.700 |ddv_scf|^2 =  1.551E-14

      iter #   9 total cpu time :598369.5 secs   av.it.:  38.8
      thresh= 1.245E-08 alpha_mix =  0.700 |ddv_scf|^2 =  9.308E-15

     End of self-consistent calculation

     Convergence has been achieved 


     Representation #  30 mode #  30

     Self-consistent Calculation

      iter #   1 total cpu time :599789.8 secs   av.it.:  15.3
      thresh= 1.000E-02 alpha_mix =  0.700 |ddv_scf|^2 =  6.376E-07

      iter #   2 total cpu time :600537.3 secs   av.it.:  36.2
      thresh= 7.985E-05 alpha_mix =  0.700 |ddv_scf|^2 =  4.077E-07

      iter #   3 total cpu time :601278.1 secs   av.it.:  35.7
      thresh= 6.385E-05 alpha_mix =  0.700 |ddv_scf|^2 =  1.932E-08

      iter #   4 total cpu time :602025.0 secs   av.it.:  36.3
      thresh= 1.390E-05 alpha_mix =  0.700 |ddv_scf|^2 =  1.627E-09

      iter #   5 total cpu time :602777.5 secs   av.it.:  37.1
      thresh= 4.033E-06 alpha_mix =  0.700 |ddv_scf|^2 =  2.234E-11

      iter #   6 total cpu time :603551.8 secs   av.it.:  38.4
      thresh= 4.726E-07 alpha_mix =  0.700 |ddv_scf|^2 =  6.717E-12

      iter #   7 total cpu time :604271.5 secs   av.it.:  33.9
      thresh= 2.592E-07 alpha_mix =  0.700 |ddv_scf|^2 =  3.139E-13

      iter #   8 total cpu time :605032.4 secs   av.it.:  37.9
      thresh= 5.603E-08 alpha_mix =  0.700 |ddv_scf|^2 =  5.107E-14

      iter #   9 total cpu time :605797.8 secs   av.it.:  38.2
      thresh= 2.260E-08 alpha_mix =  0.700 |ddv_scf|^2 =  3.515E-14

      iter #  10 total cpu time :606549.7 secs   av.it.:  36.7
      thresh= 1.875E-08 alpha_mix =  0.700 |ddv_scf|^2 =  2.056E-15

     End of self-consistent calculation

     Convergence has been achieved 

     Number of q in the star =    2
     List of q in the star:
          1   1.037156617  -0.257595386   0.063052251
          2   1.037156617   0.257595386  -0.063052251

     Diagonalizing the dynamical matrix

     q = (    1.037156617  -0.257595386   0.063052251 ) 

 **************************************************************************
     freq (    1) =       3.684456 [THz] =     122.900227 [cm-1]
     freq (    2) =       3.797559 [THz] =     126.672920 [cm-1]
     freq (    3) =       4.357579 [THz] =     145.353187 [cm-1]
     freq (    4) =       4.491159 [THz] =     149.808939 [cm-1]
     freq (    5) =       4.817808 [THz] =     160.704774 [cm-1]
     freq (    6) =       4.916429 [THz] =     163.994428 [cm-1]
     freq (    7) =       5.361503 [THz] =     178.840500 [cm-1]
     freq (    8) =       5.927355 [THz] =     197.715279 [cm-1]
     freq (    9) =       6.755252 [THz] =     225.330937 [cm-1]
     freq (   10) =       7.910504 [THz] =     263.866026 [cm-1]
     freq (   11) =       8.000798 [THz] =     266.877882 [cm-1]
     freq (   12) =       9.208512 [THz] =     307.162913 [cm-1]
     freq (   13) =       9.260738 [THz] =     308.904953 [cm-1]
     freq (   14) =       9.940595 [THz] =     331.582544 [cm-1]
     freq (   15) =      10.248656 [THz] =     341.858359 [cm-1]
     freq (   16) =      11.037784 [THz] =     368.180857 [cm-1]
     freq (   17) =      12.148683 [THz] =     405.236440 [cm-1]
     freq (   18) =      12.451002 [THz] =     415.320709 [cm-1]
     freq (   19) =      13.514330 [THz] =     450.789513 [cm-1]
     freq (   20) =      13.776399 [THz] =     459.531207 [cm-1]
     freq (   21) =      16.225478 [THz] =     541.223703 [cm-1]
     freq (   22) =      17.308583 [THz] =     577.352172 [cm-1]
     freq (   23) =      18.245165 [THz] =     608.593197 [cm-1]
     freq (   24) =      18.365009 [THz] =     612.590768 [cm-1]
     freq (   25) =      19.324481 [THz] =     644.595314 [cm-1]
     freq (   26) =      20.137225 [THz] =     671.705533 [cm-1]
     freq (   27) =      20.596794 [THz] =     687.035095 [cm-1]
     freq (   28) =      21.058269 [THz] =     702.428255 [cm-1]
     freq (   29) =      22.255459 [THz] =     742.362217 [cm-1]
     freq (   30) =      22.696489 [THz] =     757.073385 [cm-1]
 **************************************************************************

     Mode symmetry, C_i (-1)    point group:

     freq (   1-   1) =        122.9  [cm-1]   --> A_u                
     freq (   2-   2) =        126.7  [cm-1]   --> A_g                
     freq (   3-   3) =        145.4  [cm-1]   --> A_g                
     freq (   4-   4) =        149.8  [cm-1]   --> A_u                
     freq (   5-   5) =        160.7  [cm-1]   --> A_u                
     freq (   6-   6) =        164.0  [cm-1]   --> A_g                
     freq (   7-   7) =        178.8  [cm-1]   --> A_g                
     freq (   8-   8) =        197.7  [cm-1]   --> A_u                
     freq (   9-   9) =        225.3  [cm-1]   --> A_g                
     freq (  10-  10) =        263.9  [cm-1]   --> A_g                
     freq (  11-  11) =        266.9  [cm-1]   --> A_u                
     freq (  12-  12) =        307.2  [cm-1]   --> A_u                
     freq (  13-  13) =        308.9  [cm-1]   --> A_g                
     freq (  14-  14) =        331.6  [cm-1]   --> A_u                
     freq (  15-  15) =        341.9  [cm-1]   --> A_g                
     freq (  16-  16) =        368.2  [cm-1]   --> A_u                
     freq (  17-  17) =        405.2  [cm-1]   --> A_g                
     freq (  18-  18) =        415.3  [cm-1]   --> A_u                
     freq (  19-  19) =        450.8  [cm-1]   --> A_g                
     freq (  20-  20) =        459.5  [cm-1]   --> A_u                
     freq (  21-  21) =        541.2  [cm-1]   --> A_g                
     freq (  22-  22) =        577.4  [cm-1]   --> A_u                
     freq (  23-  23) =        608.6  [cm-1]   --> A_g                
     freq (  24-  24) =        612.6  [cm-1]   --> A_u                
     freq (  25-  25) =        644.6  [cm-1]   --> A_u                
     freq (  26-  26) =        671.7  [cm-1]   --> A_g                
     freq (  27-  27) =        687.0  [cm-1]   --> A_u                
     freq (  28-  28) =        702.4  [cm-1]   --> A_g                
     freq (  29-  29) =        742.4  [cm-1]   --> A_u                
     freq (  30-  30) =        757.1  [cm-1]   --> A_g                

     Calculation of q =    1.0371566  -0.2575954  -0.4953178

     Parallelization info
     --------------------
     sticks:   dense  smooth     PW     G-vecs:    dense   smooth      PW
     Min          88      44     15                 5078     1794     371
     Max          89      45     16                 5083     1800     377
     Sum        3359    1685    591               193033    68259   14179

     Using Slab Decomposition


     Title: 
     Phonons of ideal beta-Ga2O3 on a 2x2x2 q grid                              


     bravais-lattice index     =            0
     lattice parameter (alat)  =      11.9022  a.u.
     unit-cell volume          =     706.4068 (a.u.)^3
     number of atoms/cell      =           10
     number of atomic types    =            2
     number of electrons       =        88.00
     number of Kohn-Sham states=           44
     kinetic-energy cutoff     =      80.0000  Ry
     charge density cutoff     =     640.0000  Ry
     Exchange-correlation= PBE
                           (   1   4   3   4   0   0   0)

     celldm(1)=  11.902179  celldm(2)=   0.000000  celldm(3)=   0.000000
     celldm(4)=   0.000000  celldm(5)=   0.000000  celldm(6)=   0.000000

     crystal axes: (cart. coord. in units of alat)
               a(1) = (   0.241044   0.970514   0.000000 )  
               a(2) = (  -0.241044   0.970514   0.000000 )  
               a(3) = (   0.000000   0.219185   0.895463 )  

     reciprocal axes: (cart. coord. in units 2 pi/alat)
               b(1) = (  2.074313  0.515191 -0.126105 )  
               b(2) = ( -2.074313  0.515191 -0.126105 )  
               b(3) = (  0.000000 -0.000000  1.116740 )  


     PseudoPot. # 1 for Ga read from file:
     /scratch/dajuarez4/ga2o3_new/pseudo/Ga.pbe-dn-kjpaw_psl.1.0.0.UPF
     MD5 check sum: 50ce49cbf7e0a40ad8623bf41840a268
     Pseudo is Projector augmented-wave + core cor, Zval = 13.0
     Generated using &quot;atomic&quot; code by A. Dal Corso  v.6.3
     Shape of augmentation charge: PSQ
     Using radial grid of 1205 points,  6 beta functions with: 
                l(1) =   0
                l(2) =   0
                l(3) =   1
                l(4) =   1
                l(5) =   2
                l(6) =   2
     Q(r) pseudized with 0 coefficients 


     PseudoPot. # 2 for O  read from file:
     /scratch/dajuarez4/ga2o3_new/pseudo/O.pbe-n-kjpaw_psl.1.0.0.UPF
     MD5 check sum: e99d9cef9b487d1ca56f5b95ecd0fd7a
     Pseudo is Projector augmented-wave + core cor, Zval =  6.0
     Generated using &quot;atomic&quot; code by A. Dal Corso  v.6.3
     Shape of augmentation charge: PSQ
     Using radial grid of 1095 points,  4 beta functions with: 
                l(1) =   0
                l(2) =   0
                l(3) =   1
                l(4) =   1
     Q(r) pseudized with 0 coefficients 


     atomic species   valence    mass     pseudopotential
        Ga            13.00    69.72300     Ga( 1.00)
        O              6.00    15.99900     O ( 1.00)

      4 Sym. Ops., with inversion, found



   Cartesian axes

     site n.     atom                  positions (alat units)
         1           Ga  tau(   1) = (   0.0000000   1.9404041   0.7122606  )
         2           Ga  tau(   2) = (   0.0000000   0.2198093   0.1832029  )
         3           Ga  tau(   3) = (   0.0000000   0.7318021   0.2813278  )
         4           Ga  tau(   4) = (   0.0000000   1.4284112   0.6141357  )
         5           O   tau(   5) = (   0.0000000   1.6425781   0.0988950  )
         6           O   tau(   6) = (   0.0000000   0.5176352   0.7965685  )
         7           O   tau(   7) = (   0.0000000   1.7282409   0.5042623  )
         8           O   tau(   8) = (   0.0000000   0.4319725   0.3912011  )
         9           O   tau(   9) = (   0.0000000   1.0352294   0.2294177  )
        10           O   tau(  10) = (   0.0000000   1.1249840   0.6660457  )

     number of k points=  1736

     Number of k-points >= 100: set verbosity='high' to print them.

     Dense  grid:   193033 G-vectors     FFT dimensions: (  96,  96,  90)

     Smooth grid:    68259 G-vectors     FFT dimensions: (  72,  72,  64)

     Estimated max dynamical RAM per process >      22.29 MB

     Estimated total dynamical RAM >     847.19 MB

     The potential is recalculated from file :
     ./tmp/_ph0/beta-Ga2O3.save/charge-density

     Starting wfcs are   60 atomic wfcs
     Checking if some PAW data can be deallocated... 

     Band Structure Calculation
     Davidson diagonalization with overlap

     ethr =  1.14E-11,  avg # of iterations = 32.7

     total cpu time spent up to now is     3536.6 secs

     End of band structure calculation

     Number of k-points >= 100: set verbosity='high' to print the bands.

     highest occupied level (ev):     8.2032

     Writing config to output data dir ./tmp/_ph0/beta-Ga2O3.save/

     Phonons of ideal beta-Ga2O3 on a 2x2x2 q grid                              

     bravais-lattice index     =            0
     lattice parameter (alat)  =      11.9022  a.u.
     unit-cell volume          =     706.4068 (a.u.)^3
     number of atoms/cell      =           10
     number of atomic types    =            2
     kinetic-energy cut-off    =      80.0000  Ry
     charge density cut-off    =     640.0000  Ry
     convergence threshold     =      1.0E-14
     beta                      =       0.7000
     number of iterations used =            4
     Exchange-correlation= PBE
                           (   1   4   3   4   0   0   0)


     celldm(1)=   11.90218  celldm(2)=    0.00000  celldm(3)=    0.00000
     celldm(4)=    0.00000  celldm(5)=    0.00000  celldm(6)=    0.00000

     crystal axes: (cart. coord. in units of alat)
               a(1) = (  0.2410  0.9705  0.0000 )  
               a(2) = ( -0.2410  0.9705  0.0000 )  
               a(3) = (  0.0000  0.2192  0.8955 )  

     reciprocal axes: (cart. coord. in units 2 pi/alat)
               b(1) = (  2.0743  0.5152 -0.1261 )  
               b(2) = ( -2.0743  0.5152 -0.1261 )  
               b(3) = (  0.0000 -0.0000  1.1167 )  


     Atoms inside the unit cell: 

     Cartesian axes

     site n.  atom      mass           positions (alat units)
        1     Ga  69.7230   tau(    1) = (    0.00000    1.94040    0.71226  )
        2     Ga  69.7230   tau(    2) = (    0.00000    0.21981    0.18320  )
        3     Ga  69.7230   tau(    3) = (    0.00000    0.73180    0.28133  )
        4     Ga  69.7230   tau(    4) = (    0.00000    1.42841    0.61414  )
        5     O   15.9990   tau(    5) = (    0.00000    1.64258    0.09889  )
        6     O   15.9990   tau(    6) = (    0.00000    0.51764    0.79657  )
        7     O   15.9990   tau(    7) = (    0.00000    1.72824    0.50426  )
        8     O   15.9990   tau(    8) = (    0.00000    0.43197    0.39120  )
        9     O   15.9990   tau(    9) = (    0.00000    1.03523    0.22942  )
       10     O   15.9990   tau(   10) = (    0.00000    1.12498    0.66605  )

     Computing dynamical matrix for 
                    q = (   1.0371566  -0.2575954  -0.4953178 )

      3 Sym.Ops. (with q -> -q+G )


     G cutoff = 2296.5355  (   5081 G-vectors)     FFT grid: ( 96, 96, 90)
     G cutoff = 1148.2678  (   1800 G-vectors)  smooth grid: ( 72, 72, 64)
     number of k points=  1736

     PseudoPot. # 1 for Ga read from file:
     /scratch/dajuarez4/ga2o3_new/pseudo/Ga.pbe-dn-kjpaw_psl.1.0.0.UPF
     MD5 check sum: 50ce49cbf7e0a40ad8623bf41840a268
     Pseudo is Projector augmented-wave + core cor, Zval = 13.0
     Generated using &quot;atomic&quot; code by A. Dal Corso  v.6.3
     Shape of augmentation charge: PSQ
     Using radial grid of 1205 points,  6 beta functions with: 
                l(1) =   0
                l(2) =   0
                l(3) =   1
                l(4) =   1
                l(5) =   2
                l(6) =   2
     Q(r) pseudized with 0 coefficients 


     PseudoPot. # 2 for O  read from file:
     /scratch/dajuarez4/ga2o3_new/pseudo/O.pbe-n-kjpaw_psl.1.0.0.UPF
     MD5 check sum: e99d9cef9b487d1ca56f5b95ecd0fd7a
     Pseudo is Projector augmented-wave + core cor, Zval =  6.0
     Generated using &quot;atomic&quot; code by A. Dal Corso  v.6.3
     Shape of augmentation charge: PSQ
     Using radial grid of 1095 points,  4 beta functions with: 
                l(1) =   0
                l(2) =   0
                l(3) =   1
                l(4) =   1
     Q(r) pseudized with 0 coefficients 


     Mode symmetry, C_i (-1)    point group:


     Atomic displacements:
     There are   30 irreducible representations

     Representation     1      1 modes -  To be done

     Representation     2      1 modes -  To be done

     Representation     3      1 modes -  To be done

     Representation     4      1 modes -  To be done

     Representation     5      1 modes -  To be done

     Representation     6      1 modes -  To be done

     Representation     7      1 modes -  To be done

     Representation     8      1 modes -  To be done

     Representation     9      1 modes -  To be done

     Representation    10      1 modes -  To be done

     Representation    11      1 modes -  To be done

     Representation    12      1 modes -  To be done

     Representation    13      1 modes -  To be done

     Representation    14      1 modes -  To be done

     Representation    15      1 modes -  To be done

     Representation    16      1 modes -  To be done

     Representation    17      1 modes -  To be done

     Representation    18      1 modes -  To be done

     Representation    19      1 modes -  To be done

     Representation    20      1 modes -  To be done

     Representation    21      1 modes -  To be done

     Representation    22      1 modes -  To be done

     Representation    23      1 modes -  To be done

     Representation    24      1 modes -  To be done

     Representation    25      1 modes -  To be done

     Representation    26      1 modes -  To be done

     Representation    27      1 modes -  To be done

     Representation    28      1 modes -  To be done

     Representation    29      1 modes -  To be done

     Representation    30      1 modes -  To be done



     Alpha used in Ewald sum =   2.8000
     PHONON       :   4d21h46m CPU   7d 0h57m WALL



     Representation #   1 mode #   1

     Self-consistent Calculation

      iter #   1 total cpu time :609661.4 secs   av.it.:  15.3
      thresh= 1.000E-02 alpha_mix =  0.700 |ddv_scf|^2 =  4.183E-07

      iter #   2 total cpu time :610405.7 secs   av.it.:  36.6
      thresh= 6.467E-05 alpha_mix =  0.700 |ddv_scf|^2 =  1.910E-07

      iter #   3 total cpu time :611152.7 secs   av.it.:  36.5
      thresh= 4.370E-05 alpha_mix =  0.700 |ddv_scf|^2 =  1.627E-08

      iter #   4 total cpu time :611895.7 secs   av.it.:  36.4
      thresh= 1.275E-05 alpha_mix =  0.700 |ddv_scf|^2 =  1.334E-09

      iter #   5 total cpu time :612646.5 secs   av.it.:  37.2
      thresh= 3.653E-06 alpha_mix =  0.700 |ddv_scf|^2 =  3.950E-11

      iter #   6 total cpu time :613408.7 secs   av.it.:  38.1
      thresh= 6.285E-07 alpha_mix =  0.700 |ddv_scf|^2 =  8.666E-12

      iter #   7 total cpu time :614163.9 secs   av.it.:  37.2
      thresh= 2.944E-07 alpha_mix =  0.700 |ddv_scf|^2 =  2.422E-13

      iter #   8 total cpu time :614926.1 secs   av.it.:  37.9
      thresh= 4.921E-08 alpha_mix =  0.700 |ddv_scf|^2 =  1.819E-14

      iter #   9 total cpu time :615700.1 secs   av.it.:  38.3
      thresh= 1.349E-08 alpha_mix =  0.700 |ddv_scf|^2 =  5.877E-15

     End of self-consistent calculation

     Convergence has been achieved 


     Representation #   2 mode #   2

     Self-consistent Calculation

      iter #   1 total cpu time :617161.0 secs   av.it.:  19.8
      thresh= 1.000E-02 alpha_mix =  0.700 |ddv_scf|^2 =  1.674E-06

      iter #   2 total cpu time :617895.2 secs   av.it.:  35.4
      thresh= 1.294E-04 alpha_mix =  0.700 |ddv_scf|^2 =  9.289E-07

      iter #   3 total cpu time :618625.6 secs   av.it.:  34.8
      thresh= 9.638E-05 alpha_mix =  0.700 |ddv_scf|^2 =  2.667E-07

      iter #   4 total cpu time :619340.0 secs   av.it.:  33.7
      thresh= 5.165E-05 alpha_mix =  0.700 |ddv_scf|^2 =  3.695E-09

      iter #   5 total cpu time :620099.6 secs   av.it.:  38.0
      thresh= 6.078E-06 alpha_mix =  0.700 |ddv_scf|^2 =  2.022E-09

      iter #   6 total cpu time :620864.3 secs   av.it.:  38.4
      thresh= 4.496E-06 alpha_mix =  0.700 |ddv_scf|^2 =  2.240E-10

      iter #   7 total cpu time :621635.6 secs   av.it.:  38.8
      thresh= 1.497E-06 alpha_mix =  0.700 |ddv_scf|^2 =  9.735E-11

      iter #   8 total cpu time :622393.7 secs   av.it.:  37.6
      thresh= 9.867E-07 alpha_mix =  0.700 |ddv_scf|^2 =  1.134E-11

      iter #   9 total cpu time :623154.1 secs   av.it.:  37.9
      thresh= 3.367E-07 alpha_mix =  0.700 |ddv_scf|^2 =  1.036E-13

      iter #  10 total cpu time :623928.9 secs   av.it.:  39.0
      thresh= 3.218E-08 alpha_mix =  0.700 |ddv_scf|^2 =  1.885E-14

      iter #  11 total cpu time :624689.9 secs   av.it.:  37.0
      thresh= 1.373E-08 alpha_mix =  0.700 |ddv_scf|^2 =  4.713E-15

     End of self-consistent calculation

     Convergence has been achieved 


     Representation #   3 mode #   3

     Self-consistent Calculation

      iter #   1 total cpu time :626090.0 secs   av.it.:  15.0
      thresh= 1.000E-02 alpha_mix =  0.700 |ddv_scf|^2 =  2.509E-07

      iter #   2 total cpu time :626833.6 secs   av.it.:  36.8
      thresh= 5.009E-05 alpha_mix =  0.700 |ddv_scf|^2 =  8.689E-08

      iter #   3 total cpu time :627588.6 secs   av.it.:  37.1
      thresh= 2.948E-05 alpha_mix =  0.700 |ddv_scf|^2 =  1.340E-08

      iter #   4 total cpu time :628327.4 secs   av.it.:  36.1
      thresh= 1.158E-05 alpha_mix =  0.700 |ddv_scf|^2 =  1.245E-09

      iter #   5 total cpu time :629074.9 secs   av.it.:  37.1
      thresh= 3.529E-06 alpha_mix =  0.700 |ddv_scf|^2 =  2.087E-11

      iter #   6 total cpu time :629838.1 secs   av.it.:  37.8
      thresh= 4.569E-07 alpha_mix =  0.700 |ddv_scf|^2 =  5.134E-13

      iter #   7 total cpu time :630602.9 secs   av.it.:  38.7
      thresh= 7.165E-08 alpha_mix =  0.700 |ddv_scf|^2 =  3.055E-13

      iter #   8 total cpu time :631351.6 secs   av.it.:  37.2
      thresh= 5.527E-08 alpha_mix =  0.700 |ddv_scf|^2 =  2.499E-14

      iter #   9 total cpu time :632103.7 secs   av.it.:  37.5
      thresh= 1.581E-08 alpha_mix =  0.700 |ddv_scf|^2 =  1.265E-15

     End of self-consistent calculation

     Convergence has been achieved 


     Representation #   4 mode #   4

     Self-consistent Calculation

      iter #   1 total cpu time :633501.9 secs   av.it.:  15.3
      thresh= 1.000E-02 alpha_mix =  0.700 |ddv_scf|^2 =  4.525E-07

      iter #   2 total cpu time :634248.1 secs   av.it.:  36.6
      thresh= 6.726E-05 alpha_mix =  0.700 |ddv_scf|^2 =  1.980E-07

      iter #   3 total cpu time :634992.9 secs   av.it.:  36.6
      thresh= 4.449E-05 alpha_mix =  0.700 |ddv_scf|^2 =  1.302E-08

      iter #   4 total cpu time :635743.2 secs   av.it.:  37.0
      thresh= 1.141E-05 alpha_mix =  0.700 |ddv_scf|^2 =  1.503E-09

      iter #   5 total cpu time :636497.3 secs   av.it.:  37.4
      thresh= 3.877E-06 alpha_mix =  0.700 |ddv_scf|^2 =  2.422E-11

      iter #   6 total cpu time :637257.9 secs   av.it.:  38.0
      thresh= 4.922E-07 alpha_mix =  0.700 |ddv_scf|^2 =  1.658E-12

      iter #   7 total cpu time :638005.4 secs   av.it.:  36.9
      thresh= 1.288E-07 alpha_mix =  0.700 |ddv_scf|^2 =  6.796E-13

      iter #   8 total cpu time :638756.8 secs   av.it.:  37.1
      thresh= 8.244E-08 alpha_mix =  0.700 |ddv_scf|^2 =  2.100E-14

      iter #   9 total cpu time :639519.2 secs   av.it.:  38.1
      thresh= 1.449E-08 alpha_mix =  0.700 |ddv_scf|^2 =  3.328E-15

     End of self-consistent calculation

     Convergence has been achieved 


     Representation #   5 mode #   5

     Self-consistent Calculation

      iter #   1 total cpu time :641008.3 secs   av.it.:  20.4
      thresh= 1.000E-02 alpha_mix =  0.700 |ddv_scf|^2 =  6.633E-07

      iter #   2 total cpu time :641767.4 secs   av.it.:  37.7
      thresh= 8.145E-05 alpha_mix =  0.700 |ddv_scf|^2 =  1.610E-07

      iter #   3 total cpu time :642521.0 secs   av.it.:  37.2
      thresh= 4.013E-05 alpha_mix =  0.700 |ddv_scf|^2 =  1.808E-07

      iter #   4 total cpu time :643238.5 secs   av.it.:  33.3
      thresh= 4.252E-05 alpha_mix =  0.700 |ddv_scf|^2 =  3.685E-09

      iter #   5 total cpu time :643991.0 secs   av.it.:  37.2
      thresh= 6.070E-06 alpha_mix =  0.700 |ddv_scf|^2 =  1.370E-09

      iter #   6 total cpu time :644758.7 secs   av.it.:  39.0
      thresh= 3.702E-06 alpha_mix =  0.700 |ddv_scf|^2 =  5.070E-10

      iter #   7 total cpu time :645492.7 secs   av.it.:  35.7
      thresh= 2.252E-06 alpha_mix =  0.700 |ddv_scf|^2 =  6.270E-11

      iter #   8 total cpu time :646242.0 secs   av.it.:  37.6
      thresh= 7.918E-07 alpha_mix =  0.700 |ddv_scf|^2 =  1.607E-12

      iter #   9 total cpu time :647005.2 secs   av.it.:  39.1
      thresh= 1.268E-07 alpha_mix =  0.700 |ddv_scf|^2 =  4.559E-13

      iter #  10 total cpu time :647747.4 secs   av.it.:  37.4
      thresh= 6.752E-08 alpha_mix =  0.700 |ddv_scf|^2 =  4.419E-14

      iter #  11 total cpu time :648488.1 secs   av.it.:  36.7
      thresh= 2.102E-08 alpha_mix =  0.700 |ddv_scf|^2 =  1.168E-14

      iter #  12 total cpu time :649236.8 secs   av.it.:  36.8
      thresh= 1.081E-08 alpha_mix =  0.700 |ddv_scf|^2 =  1.239E-15

     End of self-consistent calculation

     Convergence has been achieved 


     Representation #   6 mode #   6

     Self-consistent Calculation

      iter #   1 total cpu time :650711.3 secs   av.it.:  20.6
      thresh= 1.000E-02 alpha_mix =  0.700 |ddv_scf|^2 =  8.116E-07

      iter #   2 total cpu time :651461.5 secs   av.it.:  37.0
      thresh= 9.009E-05 alpha_mix =  0.700 |ddv_scf|^2 =  1.885E-07

      iter #   3 total cpu time :652216.1 secs   av.it.:  37.4
      thresh= 4.342E-05 alpha_mix =  0.700 |ddv_scf|^2 =  1.554E-07

      iter #   4 total cpu time :652938.8 secs   av.it.:  34.3
      thresh= 3.942E-05 alpha_mix =  0.700 |ddv_scf|^2 =  3.126E-09

      iter #   5 total cpu time :653698.2 secs   av.it.:  37.9
      thresh= 5.591E-06 alpha_mix =  0.700 |ddv_scf|^2 =  1.215E-09

      iter #   6 total cpu time :654473.2 secs   av.it.:  39.1
      thresh= 3.485E-06 alpha_mix =  0.700 |ddv_scf|^2 =  5.020E-10

      iter #   7 total cpu time :655242.0 secs   av.it.:  37.8
      thresh= 2.241E-06 alpha_mix =  0.700 |ddv_scf|^2 =  7.440E-11

      iter #   8 total cpu time :656008.8 secs   av.it.:  38.5
      thresh= 8.626E-07 alpha_mix =  0.700 |ddv_scf|^2 =  3.254E-12

      iter #   9 total cpu time :656778.1 secs   av.it.:  38.6
      thresh= 1.804E-07 alpha_mix =  0.700 |ddv_scf|^2 =  1.302E-13

      iter #  10 total cpu time :657564.2 secs   av.it.:  38.8
      thresh= 3.608E-08 alpha_mix =  0.700 |ddv_scf|^2 =  5.215E-14

      iter #  11 total cpu time :658310.7 secs   av.it.:  36.4
      thresh= 2.284E-08 alpha_mix =  0.700 |ddv_scf|^2 =  1.242E-14

      iter #  12 total cpu time :659074.6 secs   av.it.:  38.2
      thresh= 1.114E-08 alpha_mix =  0.700 |ddv_scf|^2 =  1.720E-15

     End of self-consistent calculation

     Convergence has been achieved 


     Representation #   7 mode #   7

     Self-consistent Calculation

      iter #   1 total cpu time :660482.8 secs   av.it.:  15.0
      thresh= 1.000E-02 alpha_mix =  0.700 |ddv_scf|^2 =  1.548E-07

      iter #   2 total cpu time :661241.9 secs   av.it.:  37.9
      thresh= 3.935E-05 alpha_mix =  0.700 |ddv_scf|^2 =  3.109E-08

      iter #   3 total cpu time :662022.4 secs   av.it.:  37.2
      thresh= 1.763E-05 alpha_mix =  0.700 |ddv_scf|^2 =  4.059E-09

      iter #   4 total cpu time :662791.2 secs   av.it.:  37.8
      thresh= 6.371E-06 alpha_mix =  0.700 |ddv_scf|^2 =  7.356E-10

      iter #   5 total cpu time :663541.7 secs   av.it.:  36.9
      thresh= 2.712E-06 alpha_mix =  0.700 |ddv_scf|^2 =  6.314E-12

      iter #   6 total cpu time :664305.7 secs   av.it.:  38.3
      thresh= 2.513E-07 alpha_mix =  0.700 |ddv_scf|^2 =  1.079E-12

      iter #   7 total cpu time :665065.0 secs   av.it.:  38.0
      thresh= 1.039E-07 alpha_mix =  0.700 |ddv_scf|^2 =  4.601E-13

      iter #   8 total cpu time :665814.8 secs   av.it.:  37.5
      thresh= 6.783E-08 alpha_mix =  0.700 |ddv_scf|^2 =  1.480E-14

      iter #   9 total cpu time :666569.6 secs   av.it.:  38.1
      thresh= 1.216E-08 alpha_mix =  0.700 |ddv_scf|^2 =  3.743E-16

     End of self-consistent calculation

     Convergence has been achieved 


     Representation #   8 mode #   8

     Self-consistent Calculation

      iter #   1 total cpu time :667964.3 secs   av.it.:  15.1
      thresh= 1.000E-02 alpha_mix =  0.700 |ddv_scf|^2 =  2.146E-07

      iter #   2 total cpu time :668725.4 secs   av.it.:  37.2
      thresh= 4.632E-05 alpha_mix =  0.700 |ddv_scf|^2 =  5.796E-08

      iter #   3 total cpu time :669471.7 secs   av.it.:  36.8
      thresh= 2.407E-05 alpha_mix =  0.700 |ddv_scf|^2 =  4.876E-09

      iter #   4 total cpu time :670227.3 secs   av.it.:  38.0
      thresh= 6.983E-06 alpha_mix =  0.700 |ddv_scf|^2 =  9.855E-10

      iter #   5 total cpu time :670977.6 secs   av.it.:  37.0
      thresh= 3.139E-06 alpha_mix =  0.700 |ddv_scf|^2 =  1.341E-11

      iter #   6 total cpu time :671747.2 secs   av.it.:  38.5
      thresh= 3.662E-07 alpha_mix =  0.700 |ddv_scf|^2 =  2.969E-12

      iter #   7 total cpu time :672476.1 secs   av.it.:  35.0
      thresh= 1.723E-07 alpha_mix =  0.700 |ddv_scf|^2 =  4.777E-13

      iter #   8 total cpu time :673240.6 secs   av.it.:  38.1
      thresh= 6.911E-08 alpha_mix =  0.700 |ddv_scf|^2 =  2.635E-14

      iter #   9 total cpu time :674014.6 secs   av.it.:  38.4
      thresh= 1.623E-08 alpha_mix =  0.700 |ddv_scf|^2 =  2.340E-15

     End of self-consistent calculation

     Convergence has been achieved 


     Representation #   9 mode #   9

     Self-consistent Calculation

      iter #   1 total cpu time :675464.0 secs   av.it.:  19.5
      thresh= 1.000E-02 alpha_mix =  0.700 |ddv_scf|^2 =  7.415E-07

      iter #   2 total cpu time :676199.2 secs   av.it.:  36.6
      thresh= 8.611E-05 alpha_mix =  0.700 |ddv_scf|^2 =  1.210E-07

      iter #   3 total cpu time :676938.7 secs   av.it.:  36.8
      thresh= 3.478E-05 alpha_mix =  0.700 |ddv_scf|^2 =  1.179E-07

      iter #   4 total cpu time :677649.9 secs   av.it.:  33.9
      thresh= 3.434E-05 alpha_mix =  0.700 |ddv_scf|^2 =  2.746E-09

      iter #   5 total cpu time :678385.0 secs   av.it.:  36.5
      thresh= 5.240E-06 alpha_mix =  0.700 |ddv_scf|^2 =  1.329E-09

      iter #   6 total cpu time :679144.9 secs   av.it.:  38.4
      thresh= 3.646E-06 alpha_mix =  0.700 |ddv_scf|^2 =  9.782E-10

      iter #   7 total cpu time :679875.0 secs   av.it.:  35.0
      thresh= 3.128E-06 alpha_mix =  0.700 |ddv_scf|^2 =  3.069E-11

      iter #   8 total cpu time :680642.1 secs   av.it.:  38.6
      thresh= 5.540E-07 alpha_mix =  0.700 |ddv_scf|^2 =  1.765E-12

      iter #   9 total cpu time :681411.6 secs   av.it.:  38.7
      thresh= 1.328E-07 alpha_mix =  0.700 |ddv_scf|^2 =  1.489E-13

      iter #  10 total cpu time :682189.6 secs   av.it.:  38.7
      thresh= 3.858E-08 alpha_mix =  0.700 |ddv_scf|^2 =  2.733E-14

      iter #  11 total cpu time :682953.7 secs   av.it.:  38.4
      thresh= 1.653E-08 alpha_mix =  0.700 |ddv_scf|^2 =  8.071E-15

     End of self-consistent calculation

     Convergence has been achieved 


     Representation #  10 mode #  10

     Self-consistent Calculation

      iter #   1 total cpu time :684373.7 secs   av.it.:  14.4
      thresh= 1.000E-02 alpha_mix =  0.700 |ddv_scf|^2 =  1.848E-07

      iter #   2 total cpu time :685112.6 secs   av.it.:  35.0
      thresh= 4.299E-05 alpha_mix =  0.700 |ddv_scf|^2 =  3.182E-08

      iter #   3 total cpu time :685866.2 secs   av.it.:  36.8
      thresh= 1.784E-05 alpha_mix =  0.700 |ddv_scf|^2 =  2.287E-09

      iter #   4 total cpu time :686634.0 secs   av.it.:  38.1
      thresh= 4.783E-06 alpha_mix =  0.700 |ddv_scf|^2 =  6.895E-10

      iter #   5 total cpu time :687354.9 secs   av.it.:  33.6
      thresh= 2.626E-06 alpha_mix =  0.700 |ddv_scf|^2 =  9.268E-12

      iter #   6 total cpu time :688125.8 secs   av.it.:  38.5
      thresh= 3.044E-07 alpha_mix =  0.700 |ddv_scf|^2 =  1.007E-12

      iter #   7 total cpu time :688894.2 secs   av.it.:  38.3
      thresh= 1.004E-07 alpha_mix =  0.700 |ddv_scf|^2 =  7.615E-13

      iter #   8 total cpu time :689651.0 secs   av.it.:  36.8
      thresh= 8.727E-08 alpha_mix =  0.700 |ddv_scf|^2 =  1.680E-14

      iter #   9 total cpu time :690419.4 secs   av.it.:  37.6
      thresh= 1.296E-08 alpha_mix =  0.700 |ddv_scf|^2 =  1.587E-15

     End of self-consistent calculation

     Convergence has been achieved 


     Representation #  11 mode #  11

     Self-consistent Calculation

      iter #   1 total cpu time :691828.2 secs   av.it.:  15.2
      thresh= 1.000E-02 alpha_mix =  0.700 |ddv_scf|^2 =  2.069E-07

      iter #   2 total cpu time :692574.2 secs   av.it.:  36.6
      thresh= 4.548E-05 alpha_mix =  0.700 |ddv_scf|^2 =  4.411E-08

      iter #   3 total cpu time :693334.4 secs   av.it.:  37.5
      thresh= 2.100E-05 alpha_mix =  0.700 |ddv_scf|^2 =  6.382E-09

      iter #   4 total cpu time :694092.8 secs   av.it.:  37.7
      thresh= 7.989E-06 alpha_mix =  0.700 |ddv_scf|^2 =  9.178E-10

      iter #   5 total cpu time :694846.9 secs   av.it.:  36.8
      thresh= 3.029E-06 alpha_mix =  0.700 |ddv_scf|^2 =  1.214E-11

      iter #   6 total cpu time :695610.8 secs   av.it.:  38.4
      thresh= 3.484E-07 alpha_mix =  0.700 |ddv_scf|^2 =  1.774E-12

      iter #   7 total cpu time :696354.0 secs   av.it.:  36.6
      thresh= 1.332E-07 alpha_mix =  0.700 |ddv_scf|^2 =  8.016E-13

      iter #   8 total cpu time :697099.1 secs   av.it.:  36.5
      thresh= 8.953E-08 alpha_mix =  0.700 |ddv_scf|^2 =  1.607E-14

      iter #   9 total cpu time :697856.3 secs   av.it.:  37.8
      thresh= 1.268E-08 alpha_mix =  0.700 |ddv_scf|^2 =  2.276E-15

     End of self-consistent calculation

     Convergence has been achieved 


     Representation #  12 mode #  12

     Self-consistent Calculation

      iter #   1 total cpu time :699309.9 secs   av.it.:  19.5
      thresh= 1.000E-02 alpha_mix =  0.700 |ddv_scf|^2 =  5.621E-07

      iter #   2 total cpu time :700060.6 secs   av.it.:  37.1
      thresh= 7.497E-05 alpha_mix =  0.700 |ddv_scf|^2 =  4.537E-08

      iter #   3 total cpu time :700832.6 secs   av.it.:  39.0
      thresh= 2.130E-05 alpha_mix =  0.700 |ddv_scf|^2 =  9.653E-08

      iter #   4 total cpu time :701545.2 secs   av.it.:  33.4
      thresh= 3.107E-05 alpha_mix =  0.700 |ddv_scf|^2 =  3.354E-09

      iter #   5 total cpu time :702275.6 secs   av.it.:  35.1
      thresh= 5.791E-06 alpha_mix =  0.700 |ddv_scf|^2 =  1.034E-09

      iter #   6 total cpu time :703027.5 secs   av.it.:  37.0
      thresh= 3.216E-06 alpha_mix =  0.700 |ddv_scf|^2 =  8.611E-10

      iter #   7 total cpu time :703758.5 secs   av.it.:  35.1
      thresh= 2.934E-06 alpha_mix =  0.700 |ddv_scf|^2 =  2.466E-11

      iter #   8 total cpu time :704513.6 secs   av.it.:  37.4
      thresh= 4.966E-07 alpha_mix =  0.700 |ddv_scf|^2 =  6.725E-13

      iter #   9 total cpu time :705292.5 secs   av.it.:  39.6
      thresh= 8.201E-08 alpha_mix =  0.700 |ddv_scf|^2 =  1.773E-13

      iter #  10 total cpu time :706058.2 secs   av.it.:  38.2
      thresh= 4.210E-08 alpha_mix =  0.700 |ddv_scf|^2 =  3.088E-14

      iter #  11 total cpu time :706815.8 secs   av.it.:  36.7
      thresh= 1.757E-08 alpha_mix =  0.700 |ddv_scf|^2 =  4.003E-15

     End of self-consistent calculation

     Convergence has been achieved 


     Representation #  13 mode #  13

     Self-consistent Calculation

      iter #   1 total cpu time :708294.7 secs   av.it.:  20.4
      thresh= 1.000E-02 alpha_mix =  0.700 |ddv_scf|^2 =  1.229E-06

      iter #   2 total cpu time :709027.2 secs   av.it.:  35.4
      thresh= 1.109E-04 alpha_mix =  0.700 |ddv_scf|^2 =  3.614E-07

      iter #   3 total cpu time :709771.0 secs   av.it.:  36.0
      thresh= 6.012E-05 alpha_mix =  0.700 |ddv_scf|^2 =  1.967E-07

      iter #   4 total cpu time :710485.0 secs   av.it.:  33.2
      thresh= 4.435E-05 alpha_mix =  0.700 |ddv_scf|^2 =  4.381E-09

      iter #   5 total cpu time :711232.0 secs   av.it.:  37.1
      thresh= 6.619E-06 alpha_mix =  0.700 |ddv_scf|^2 =  1.783E-09

      iter #   6 total cpu time :711993.9 secs   av.it.:  38.5
      thresh= 4.223E-06 alpha_mix =  0.700 |ddv_scf|^2 =  4.392E-10

      iter #   7 total cpu time :712756.9 secs   av.it.:  38.5
      thresh= 2.096E-06 alpha_mix =  0.700 |ddv_scf|^2 =  1.151E-10

      iter #   8 total cpu time :713514.5 secs   av.it.:  37.7
      thresh= 1.073E-06 alpha_mix =  0.700 |ddv_scf|^2 =  3.863E-12

      iter #   9 total cpu time :714277.4 secs   av.it.:  38.5
      thresh= 1.965E-07 alpha_mix =  0.700 |ddv_scf|^2 =  5.227E-13

      iter #  10 total cpu time :715024.4 secs   av.it.:  36.7
      thresh= 7.230E-08 alpha_mix =  0.700 |ddv_scf|^2 =  2.627E-14

      iter #  11 total cpu time :715785.3 secs   av.it.:  37.9
      thresh= 1.621E-08 alpha_mix =  0.700 |ddv_scf|^2 =  7.169E-15

     End of self-consistent calculation

     Convergence has been achieved 


     Representation #  14 mode #  14

     Self-consistent Calculation

      iter #   1 total cpu time :717209.5 secs   av.it.:  15.8
      thresh= 1.000E-02 alpha_mix =  0.700 |ddv_scf|^2 =  3.625E-07

      iter #   2 total cpu time :717947.8 secs   av.it.:  35.7
      thresh= 6.021E-05 alpha_mix =  0.700 |ddv_scf|^2 =  1.808E-07

      iter #   3 total cpu time :718688.0 secs   av.it.:  36.0
      thresh= 4.252E-05 alpha_mix =  0.700 |ddv_scf|^2 =  1.930E-08

      iter #   4 total cpu time :719414.5 secs   av.it.:  34.2
      thresh= 1.389E-05 alpha_mix =  0.700 |ddv_scf|^2 =  1.346E-09

      iter #   5 total cpu time :720170.1 secs   av.it.:  37.0
      thresh= 3.669E-06 alpha_mix =  0.700 |ddv_scf|^2 =  2.668E-11

      iter #   6 total cpu time :720938.0 secs   av.it.:  38.0
      thresh= 5.165E-07 alpha_mix =  0.700 |ddv_scf|^2 =  3.940E-12

      iter #   7 total cpu time :721701.4 secs   av.it.:  37.5
      thresh= 1.985E-07 alpha_mix =  0.700 |ddv_scf|^2 =  4.531E-13

      iter #   8 total cpu time :722464.2 secs   av.it.:  37.8
      thresh= 6.731E-08 alpha_mix =  0.700 |ddv_scf|^2 =  1.304E-14

      iter #   9 total cpu time :723246.0 secs   av.it.:  38.8
      thresh= 1.142E-08 alpha_mix =  0.700 |ddv_scf|^2 =  5.559E-15

     End of self-consistent calculation

     Convergence has been achieved 


     Representation #  15 mode #  15

     Self-consistent Calculation

      iter #   1 total cpu time :724658.7 secs   av.it.:  15.0
      thresh= 1.000E-02 alpha_mix =  0.700 |ddv_scf|^2 =  4.027E-07

      iter #   2 total cpu time :725405.4 secs   av.it.:  36.8
      thresh= 6.346E-05 alpha_mix =  0.700 |ddv_scf|^2 =  1.350E-07

      iter #   3 total cpu time :726148.9 secs   av.it.:  36.4
      thresh= 3.675E-05 alpha_mix =  0.700 |ddv_scf|^2 =  6.947E-09

      iter #   4 total cpu time :726902.7 secs   av.it.:  37.6
      thresh= 8.335E-06 alpha_mix =  0.700 |ddv_scf|^2 =  1.169E-09

      iter #   5 total cpu time :727650.6 secs   av.it.:  37.1
      thresh= 3.419E-06 alpha_mix =  0.700 |ddv_scf|^2 =  2.105E-11

      iter #   6 total cpu time :728405.5 secs   av.it.:  37.6
      thresh= 4.588E-07 alpha_mix =  0.700 |ddv_scf|^2 =  7.137E-13

      iter #   7 total cpu time :729173.9 secs   av.it.:  38.8
      thresh= 8.448E-08 alpha_mix =  0.700 |ddv_scf|^2 =  6.010E-13

      iter #   8 total cpu time :729923.0 secs   av.it.:  36.9
      thresh= 7.752E-08 alpha_mix =  0.700 |ddv_scf|^2 =  3.576E-14

      iter #   9 total cpu time :730686.7 secs   av.it.:  38.3
      thresh= 1.891E-08 alpha_mix =  0.700 |ddv_scf|^2 =  5.336E-15

     End of self-consistent calculation

     Convergence has been achieved 


     Representation #  16 mode #  16

     Self-consistent Calculation

      iter #   1 total cpu time :732154.2 secs   av.it.:  19.7
      thresh= 1.000E-02 alpha_mix =  0.700 |ddv_scf|^2 =  1.476E-06

      iter #   2 total cpu time :732897.3 secs   av.it.:  35.7
      thresh= 1.215E-04 alpha_mix =  0.700 |ddv_scf|^2 =  8.086E-07

      iter #   3 total cpu time :733654.0 secs   av.it.:  35.3
      thresh= 8.992E-05 alpha_mix =  0.700 |ddv_scf|^2 =  2.580E-07

      iter #   4 total cpu time :734369.0 secs   av.it.:  33.8
      thresh= 5.080E-05 alpha_mix =  0.700 |ddv_scf|^2 =  3.670E-09

      iter #   5 total cpu time :735132.6 secs   av.it.:  38.3
      thresh= 6.058E-06 alpha_mix =  0.700 |ddv_scf|^2 =  2.143E-09

      iter #   6 total cpu time :735900.7 secs   av.it.:  38.6
      thresh= 4.629E-06 alpha_mix =  0.700 |ddv_scf|^2 =  8.266E-10

      iter #   7 total cpu time :736659.4 secs   av.it.:  38.4
      thresh= 2.875E-06 alpha_mix =  0.700 |ddv_scf|^2 =  1.415E-10

      iter #   8 total cpu time :737414.8 secs   av.it.:  38.0
      thresh= 1.189E-06 alpha_mix =  0.700 |ddv_scf|^2 =  8.887E-12

      iter #   9 total cpu time :738184.3 secs   av.it.:  38.1
      thresh= 2.981E-07 alpha_mix =  0.700 |ddv_scf|^2 =  1.332E-13

      iter #  10 total cpu time :738955.5 secs   av.it.:  38.8
      thresh= 3.649E-08 alpha_mix =  0.700 |ddv_scf|^2 =  6.251E-14

      iter #  11 total cpu time :739713.5 secs   av.it.:  37.8
      thresh= 2.500E-08 alpha_mix =  0.700 |ddv_scf|^2 =  1.169E-14

      iter #  12 total cpu time :740430.3 secs   av.it.:  34.2
      thresh= 1.081E-08 alpha_mix =  0.700 |ddv_scf|^2 =  2.033E-15

     End of self-consistent calculation

     Convergence has been achieved 


     Representation #  17 mode #  17

     Self-consistent Calculation

      iter #   1 total cpu time :741830.4 secs   av.it.:  15.1
      thresh= 1.000E-02 alpha_mix =  0.700 |ddv_scf|^2 =  2.207E-07

      iter #   2 total cpu time :742578.5 secs   av.it.:  37.4
      thresh= 4.697E-05 alpha_mix =  0.700 |ddv_scf|^2 =  5.435E-08

      iter #   3 total cpu time :743328.6 secs   av.it.:  36.9
      thresh= 2.331E-05 alpha_mix =  0.700 |ddv_scf|^2 =  5.989E-09

      iter #   4 total cpu time :744085.9 secs   av.it.:  37.7
      thresh= 7.739E-06 alpha_mix =  0.700 |ddv_scf|^2 =  1.075E-09

      iter #   5 total cpu time :744834.1 secs   av.it.:  36.7
      thresh= 3.279E-06 alpha_mix =  0.700 |ddv_scf|^2 =  7.825E-12

      iter #   6 total cpu time :745604.0 secs   av.it.:  38.7
      thresh= 2.797E-07 alpha_mix =  0.700 |ddv_scf|^2 =  2.684E-12

      iter #   7 total cpu time :746349.3 secs   av.it.:  36.6
      thresh= 1.638E-07 alpha_mix =  0.700 |ddv_scf|^2 =  3.754E-13

      iter #   8 total cpu time :747112.0 secs   av.it.:  37.8
      thresh= 6.127E-08 alpha_mix =  0.700 |ddv_scf|^2 =  1.807E-14

      iter #   9 total cpu time :747889.0 secs   av.it.:  38.7
      thresh= 1.344E-08 alpha_mix =  0.700 |ddv_scf|^2 =  8.799E-15

     End of self-consistent calculation

     Convergence has been achieved 


     Representation #  18 mode #  18

     Self-consistent Calculation

      iter #   1 total cpu time :749306.6 secs   av.it.:  15.2
      thresh= 1.000E-02 alpha_mix =  0.700 |ddv_scf|^2 =  3.960E-07

      iter #   2 total cpu time :750054.7 secs   av.it.:  36.3
      thresh= 6.293E-05 alpha_mix =  0.700 |ddv_scf|^2 =  1.983E-07

      iter #   3 total cpu time :750797.3 secs   av.it.:  36.5
      thresh= 4.453E-05 alpha_mix =  0.700 |ddv_scf|^2 =  1.720E-08

      iter #   4 total cpu time :751535.8 secs   av.it.:  36.2
      thresh= 1.312E-05 alpha_mix =  0.700 |ddv_scf|^2 =  1.903E-09

      iter #   5 total cpu time :752284.2 secs   av.it.:  37.0
      thresh= 4.363E-06 alpha_mix =  0.700 |ddv_scf|^2 =  3.163E-11

      iter #   6 total cpu time :753050.1 secs   av.it.:  38.3
      thresh= 5.624E-07 alpha_mix =  0.700 |ddv_scf|^2 =  9.119E-12

      iter #   7 total cpu time :753801.8 secs   av.it.:  37.0
      thresh= 3.020E-07 alpha_mix =  0.700 |ddv_scf|^2 =  1.885E-13

      iter #   8 total cpu time :754566.2 secs   av.it.:  37.9
      thresh= 4.342E-08 alpha_mix =  0.700 |ddv_scf|^2 =  1.878E-14

      iter #   9 total cpu time :755341.9 secs   av.it.:  38.9
      thresh= 1.370E-08 alpha_mix =  0.700 |ddv_scf|^2 =  9.862E-15

     End of self-consistent calculation

     Convergence has been achieved 


     Representation #  19 mode #  19

     Self-consistent Calculation

      iter #   1 total cpu time :756802.9 secs   av.it.:  19.6
      thresh= 1.000E-02 alpha_mix =  0.700 |ddv_scf|^2 =  8.085E-07

      iter #   2 total cpu time :757547.0 secs   av.it.:  36.6
      thresh= 8.992E-05 alpha_mix =  0.700 |ddv_scf|^2 =  2.222E-07

      iter #   3 total cpu time :758284.1 secs   av.it.:  36.0
      thresh= 4.713E-05 alpha_mix =  0.700 |ddv_scf|^2 =  1.622E-07

      iter #   4 total cpu time :758997.3 secs   av.it.:  33.8
      thresh= 4.027E-05 alpha_mix =  0.700 |ddv_scf|^2 =  3.013E-09

      iter #   5 total cpu time :759740.3 secs   av.it.:  35.8
      thresh= 5.489E-06 alpha_mix =  0.700 |ddv_scf|^2 =  1.756E-09

      iter #   6 total cpu time :760484.9 secs   av.it.:  35.9
      thresh= 4.191E-06 alpha_mix =  0.700 |ddv_scf|^2 =  9.535E-10

      iter #   7 total cpu time :761237.5 secs   av.it.:  35.6
      thresh= 3.088E-06 alpha_mix =  0.700 |ddv_scf|^2 =  4.233E-11

      iter #   8 total cpu time :761998.6 secs   av.it.:  38.5
      thresh= 6.506E-07 alpha_mix =  0.700 |ddv_scf|^2 =  1.869E-12

      iter #   9 total cpu time :762760.7 secs   av.it.:  39.0
      thresh= 1.367E-07 alpha_mix =  0.700 |ddv_scf|^2 =  8.620E-13

      iter #  10 total cpu time :763479.6 secs   av.it.:  34.6
      thresh= 9.284E-08 alpha_mix =  0.700 |ddv_scf|^2 =  3.007E-14

      iter #  11 total cpu time :764230.9 secs   av.it.:  38.0
      thresh= 1.734E-08 alpha_mix =  0.700 |ddv_scf|^2 =  4.026E-15

     End of self-consistent calculation

     Convergence has been achieved 


     Representation #  20 mode #  20

     Self-consistent Calculation

      iter #   1 total cpu time :765635.3 secs   av.it.:  15.2
      thresh= 1.000E-02 alpha_mix =  0.700 |ddv_scf|^2 =  2.257E-07

      iter #   2 total cpu time :766387.4 secs   av.it.:  37.2
      thresh= 4.751E-05 alpha_mix =  0.700 |ddv_scf|^2 =  7.042E-08

      iter #   3 total cpu time :767135.4 secs   av.it.:  36.8
      thresh= 2.654E-05 alpha_mix =  0.700 |ddv_scf|^2 =  8.404E-09

      iter #   4 total cpu time :767891.8 secs   av.it.:  37.6
      thresh= 9.167E-06 alpha_mix =  0.700 |ddv_scf|^2 =  1.091E-09

      iter #   5 total cpu time :768646.3 secs   av.it.:  37.4
      thresh= 3.303E-06 alpha_mix =  0.700 |ddv_scf|^2 =  1.962E-11

      iter #   6 total cpu time :769409.4 secs   av.it.:  38.0
      thresh= 4.429E-07 alpha_mix =  0.700 |ddv_scf|^2 =  2.886E-12

      iter #   7 total cpu time :770161.2 secs   av.it.:  36.5
      thresh= 1.699E-07 alpha_mix =  0.700 |ddv_scf|^2 =  6.134E-13

      iter #   8 total cpu time :770934.3 secs   av.it.:  37.9
      thresh= 7.832E-08 alpha_mix =  0.700 |ddv_scf|^2 =  3.337E-14

      iter #   9 total cpu time :771695.4 secs   av.it.:  37.0
      thresh= 1.827E-08 alpha_mix =  0.700 |ddv_scf|^2 =  8.114E-15

     End of self-consistent calculation

     Convergence has been achieved 


     Representation #  21 mode #  21

     Self-consistent Calculation

      iter #   1 total cpu time :773187.2 secs   av.it.:  20.4
      thresh= 1.000E-02 alpha_mix =  0.700 |ddv_scf|^2 =  6.135E-07

      iter #   2 total cpu time :773951.2 secs   av.it.:  37.7
      thresh= 7.832E-05 alpha_mix =  0.700 |ddv_scf|^2 =  1.506E-07

      iter #   3 total cpu time :774716.0 secs   av.it.:  37.8
      thresh= 3.881E-05 alpha_mix =  0.700 |ddv_scf|^2 =  1.898E-07

      iter #   4 total cpu time :775430.8 secs   av.it.:  33.3
      thresh= 4.356E-05 alpha_mix =  0.700 |ddv_scf|^2 =  3.889E-09

      iter #   5 total cpu time :776188.0 secs   av.it.:  37.1
      thresh= 6.236E-06 alpha_mix =  0.700 |ddv_scf|^2 =  9.973E-10

      iter #   6 total cpu time :776955.8 secs   av.it.:  39.0
      thresh= 3.158E-06 alpha_mix =  0.700 |ddv_scf|^2 =  2.693E-10

      iter #   7 total cpu time :777716.0 secs   av.it.:  38.1
      thresh= 1.641E-06 alpha_mix =  0.700 |ddv_scf|^2 =  8.393E-11

      iter #   8 total cpu time :778466.6 secs   av.it.:  37.2
      thresh= 9.161E-07 alpha_mix =  0.700 |ddv_scf|^2 =  8.945E-13

      iter #   9 total cpu time :779239.4 secs   av.it.:  39.2
      thresh= 9.458E-08 alpha_mix =  0.700 |ddv_scf|^2 =  3.405E-13

      iter #  10 total cpu time :779971.2 secs   av.it.:  35.1
      thresh= 5.835E-08 alpha_mix =  0.700 |ddv_scf|^2 =  4.065E-14

      iter #  11 total cpu time :780728.2 secs   av.it.:  37.8
      thresh= 2.016E-08 alpha_mix =  0.700 |ddv_scf|^2 =  1.661E-15

     End of self-consistent calculation

     Convergence has been achieved 


     Representation #  22 mode #  22

     Self-consistent Calculation

      iter #   1 total cpu time :782188.0 secs   av.it.:  19.4
      thresh= 1.000E-02 alpha_mix =  0.700 |ddv_scf|^2 =  6.930E-07

      iter #   2 total cpu time :782933.3 secs   av.it.:  36.4
      thresh= 8.325E-05 alpha_mix =  0.700 |ddv_scf|^2 =  7.308E-08

      iter #   3 total cpu time :783690.7 secs   av.it.:  37.7
      thresh= 2.703E-05 alpha_mix =  0.700 |ddv_scf|^2 =  4.155E-08

      iter #   4 total cpu time :784418.0 secs   av.it.:  34.8
      thresh= 2.038E-05 alpha_mix =  0.700 |ddv_scf|^2 =  5.827E-09

      iter #   5 total cpu time :785152.3 secs   av.it.:  35.5
      thresh= 7.633E-06 alpha_mix =  0.700 |ddv_scf|^2 =  8.838E-10

      iter #   6 total cpu time :785934.9 secs   av.it.:  39.0
      thresh= 2.973E-06 alpha_mix =  0.700 |ddv_scf|^2 =  2.482E-10

      iter #   7 total cpu time :786708.0 secs   av.it.:  38.8
      thresh= 1.575E-06 alpha_mix =  0.700 |ddv_scf|^2 =  1.003E-10

      iter #   8 total cpu time :787457.4 secs   av.it.:  36.1
      thresh= 1.001E-06 alpha_mix =  0.700 |ddv_scf|^2 =  1.906E-12

      iter #   9 total cpu time :788220.7 secs   av.it.:  38.3
      thresh= 1.380E-07 alpha_mix =  0.700 |ddv_scf|^2 =  1.379E-13

      iter #  10 total cpu time :788988.0 secs   av.it.:  38.5
      thresh= 3.713E-08 alpha_mix =  0.700 |ddv_scf|^2 =  3.979E-14

      iter #  11 total cpu time :789756.8 secs   av.it.:  38.7
      thresh= 1.995E-08 alpha_mix =  0.700 |ddv_scf|^2 =  1.831E-15

     End of self-consistent calculation

     Convergence has been achieved 


     Representation #  23 mode #  23

     Self-consistent Calculation

      iter #   1 total cpu time :791161.1 secs   av.it.:  15.1
      thresh= 1.000E-02 alpha_mix =  0.700 |ddv_scf|^2 =  2.379E-07

      iter #   2 total cpu time :791915.6 secs   av.it.:  37.7
      thresh= 4.878E-05 alpha_mix =  0.700 |ddv_scf|^2 =  6.559E-08

      iter #   3 total cpu time :792662.1 secs   av.it.:  36.9
      thresh= 2.561E-05 alpha_mix =  0.700 |ddv_scf|^2 =  4.073E-09

      iter #   4 total cpu time :793422.7 secs   av.it.:  38.1
      thresh= 6.382E-06 alpha_mix =  0.700 |ddv_scf|^2 =  1.237E-09

      iter #   5 total cpu time :794170.6 secs   av.it.:  36.8
      thresh= 3.517E-06 alpha_mix =  0.700 |ddv_scf|^2 =  1.064E-11

      iter #   6 total cpu time :794932.5 secs   av.it.:  38.2
      thresh= 3.261E-07 alpha_mix =  0.700 |ddv_scf|^2 =  1.012E-12

      iter #   7 total cpu time :795694.0 secs   av.it.:  38.1
      thresh= 1.006E-07 alpha_mix =  0.700 |ddv_scf|^2 =  5.199E-13

      iter #   8 total cpu time :796451.4 secs   av.it.:  37.7
      thresh= 7.210E-08 alpha_mix =  0.700 |ddv_scf|^2 =  3.028E-14

      iter #   9 total cpu time :797209.2 secs   av.it.:  37.8
      thresh= 1.740E-08 alpha_mix =  0.700 |ddv_scf|^2 =  6.294E-15

     End of self-consistent calculation

     Convergence has been achieved 


     Representation #  24 mode #  24

     Self-consistent Calculation

      iter #   1 total cpu time :798624.9 secs   av.it.:  14.7
      thresh= 1.000E-02 alpha_mix =  0.700 |ddv_scf|^2 =  1.567E-07

      iter #   2 total cpu time :799373.6 secs   av.it.:  36.7
      thresh= 3.959E-05 alpha_mix =  0.700 |ddv_scf|^2 =  3.509E-08

      iter #   3 total cpu time :800137.8 secs   av.it.:  37.5
      thresh= 1.873E-05 alpha_mix =  0.700 |ddv_scf|^2 =  1.018E-08

      iter #   4 total cpu time :800883.8 secs   av.it.:  36.2
      thresh= 1.009E-05 alpha_mix =  0.700 |ddv_scf|^2 =  7.596E-10

      iter #   5 total cpu time :801640.1 secs   av.it.:  37.5
      thresh= 2.756E-06 alpha_mix =  0.700 |ddv_scf|^2 =  7.174E-12

      iter #   6 total cpu time :802417.4 secs   av.it.:  38.5
      thresh= 2.679E-07 alpha_mix =  0.700 |ddv_scf|^2 =  8.959E-13

      iter #   7 total cpu time :803191.7 secs   av.it.:  38.8
      thresh= 9.465E-08 alpha_mix =  0.700 |ddv_scf|^2 =  7.738E-13

      iter #   8 total cpu time :803927.8 secs   av.it.:  35.8
      thresh= 8.797E-08 alpha_mix =  0.700 |ddv_scf|^2 =  2.080E-14

      iter #   9 total cpu time :804677.3 secs   av.it.:  37.0
      thresh= 1.442E-08 alpha_mix =  0.700 |ddv_scf|^2 =  3.950E-15

     End of self-consistent calculation

     Convergence has been achieved 


     Representation #  25 mode #  25

     Self-consistent Calculation

      iter #   1 total cpu time :806139.3 secs   av.it.:  20.4
      thresh= 1.000E-02 alpha_mix =  0.700 |ddv_scf|^2 =  7.584E-07

      iter #   2 total cpu time :806886.1 secs   av.it.:  37.0
      thresh= 8.709E-05 alpha_mix =  0.700 |ddv_scf|^2 =  1.372E-07

      iter #   3 total cpu time :807651.8 secs   av.it.:  38.7
      thresh= 3.705E-05 alpha_mix =  0.700 |ddv_scf|^2 =  1.208E-07

      iter #   4 total cpu time :808379.5 secs   av.it.:  34.8
      thresh= 3.475E-05 alpha_mix =  0.700 |ddv_scf|^2 =  3.474E-09

      iter #   5 total cpu time :809141.3 secs   av.it.:  38.0
      thresh= 5.894E-06 alpha_mix =  0.700 |ddv_scf|^2 =  1.056E-09

      iter #   6 total cpu time :809912.2 secs   av.it.:  38.9
      thresh= 3.249E-06 alpha_mix =  0.700 |ddv_scf|^2 =  9.481E-11

      iter #   7 total cpu time :810685.3 secs   av.it.:  39.1
      thresh= 9.737E-07 alpha_mix =  0.700 |ddv_scf|^2 =  4.416E-11

      iter #   8 total cpu time :811446.6 secs   av.it.:  38.0
      thresh= 6.645E-07 alpha_mix =  0.700 |ddv_scf|^2 =  6.606E-12

      iter #   9 total cpu time :812206.4 secs   av.it.:  37.7
      thresh= 2.570E-07 alpha_mix =  0.700 |ddv_scf|^2 =  5.658E-14

      iter #  10 total cpu time :812988.7 secs   av.it.:  39.2
      thresh= 2.379E-08 alpha_mix =  0.700 |ddv_scf|^2 =  2.058E-14

      iter #  11 total cpu time :813751.9 secs   av.it.:  38.4
      thresh= 1.434E-08 alpha_mix =  0.700 |ddv_scf|^2 =  5.369E-15

     End of self-consistent calculation

     Convergence has been achieved 


     Representation #  26 mode #  26

     Self-consistent Calculation

      iter #   1 total cpu time :815164.8 secs   av.it.:  15.2
      thresh= 1.000E-02 alpha_mix =  0.700 |ddv_scf|^2 =  2.576E-07

      iter #   2 total cpu time :815909.8 secs   av.it.:  36.5
      thresh= 5.075E-05 alpha_mix =  0.700 |ddv_scf|^2 =  9.277E-08

      iter #   3 total cpu time :816651.9 secs   av.it.:  36.7
      thresh= 3.046E-05 alpha_mix =  0.700 |ddv_scf|^2 =  1.071E-08

      iter #   4 total cpu time :817399.5 secs   av.it.:  36.9
      thresh= 1.035E-05 alpha_mix =  0.700 |ddv_scf|^2 =  1.425E-09

      iter #   5 total cpu time :818156.3 secs   av.it.:  37.0
      thresh= 3.774E-06 alpha_mix =  0.700 |ddv_scf|^2 =  2.427E-11

      iter #   6 total cpu time :818930.8 secs   av.it.:  38.5
      thresh= 4.927E-07 alpha_mix =  0.700 |ddv_scf|^2 =  6.860E-12

      iter #   7 total cpu time :819682.9 secs   av.it.:  37.3
      thresh= 2.619E-07 alpha_mix =  0.700 |ddv_scf|^2 =  4.119E-13

      iter #   8 total cpu time :820438.3 secs   av.it.:  37.8
      thresh= 6.418E-08 alpha_mix =  0.700 |ddv_scf|^2 =  1.681E-14

      iter #   9 total cpu time :821197.9 secs   av.it.:  38.1
      thresh= 1.297E-08 alpha_mix =  0.700 |ddv_scf|^2 =  1.985E-15

     End of self-consistent calculation

     Convergence has been achieved 


     Representation #  27 mode #  27

     Self-consistent Calculation

      iter #   1 total cpu time :822607.0 secs   av.it.:  15.4
      thresh= 1.000E-02 alpha_mix =  0.700 |ddv_scf|^2 =  4.525E-07

      iter #   2 total cpu time :823352.8 secs   av.it.:  36.7
      thresh= 6.726E-05 alpha_mix =  0.700 |ddv_scf|^2 =  2.061E-07

      iter #   3 total cpu time :824095.2 secs   av.it.:  36.7
      thresh= 4.540E-05 alpha_mix =  0.700 |ddv_scf|^2 =  1.508E-08

      iter #   4 total cpu time :824843.4 secs   av.it.:  36.9
      thresh= 1.228E-05 alpha_mix =  0.700 |ddv_scf|^2 =  1.495E-09

      iter #   5 total cpu time :825601.4 secs   av.it.:  37.5
      thresh= 3.867E-06 alpha_mix =  0.700 |ddv_scf|^2 =  3.079E-11

      iter #   6 total cpu time :826374.8 secs   av.it.:  38.3
      thresh= 5.549E-07 alpha_mix =  0.700 |ddv_scf|^2 =  5.681E-12

      iter #   7 total cpu time :827126.5 secs   av.it.:  37.2
      thresh= 2.383E-07 alpha_mix =  0.700 |ddv_scf|^2 =  4.895E-13

      iter #   8 total cpu time :827874.1 secs   av.it.:  37.2
      thresh= 6.997E-08 alpha_mix =  0.700 |ddv_scf|^2 =  1.669E-14

      iter #   9 total cpu time :828633.5 secs   av.it.:  38.7
      thresh= 1.292E-08 alpha_mix =  0.700 |ddv_scf|^2 =  1.507E-14

      iter #  10 total cpu time :829389.7 secs   av.it.:  37.5
      thresh= 1.228E-08 alpha_mix =  0.700 |ddv_scf|^2 =  2.287E-15

     End of self-consistent calculation

     Convergence has been achieved 


     Representation #  28 mode #  28

     Self-consistent Calculation

      iter #   1 total cpu time :830795.5 secs   av.it.:  15.0
      thresh= 1.000E-02 alpha_mix =  0.700 |ddv_scf|^2 =  3.847E-07

      iter #   2 total cpu time :831543.3 secs   av.it.:  36.8
      thresh= 6.203E-05 alpha_mix =  0.700 |ddv_scf|^2 =  1.648E-07

      iter #   3 total cpu time :832290.2 secs   av.it.:  36.5
      thresh= 4.060E-05 alpha_mix =  0.700 |ddv_scf|^2 =  9.682E-09

      iter #   4 total cpu time :833047.6 secs   av.it.:  37.6
      thresh= 9.840E-06 alpha_mix =  0.700 |ddv_scf|^2 =  1.403E-09

      iter #   5 total cpu time :833798.8 secs   av.it.:  37.0
      thresh= 3.746E-06 alpha_mix =  0.700 |ddv_scf|^2 =  3.759E-11

      iter #   6 total cpu time :834569.5 secs   av.it.:  38.0
      thresh= 6.131E-07 alpha_mix =  0.700 |ddv_scf|^2 =  5.748E-12

      iter #   7 total cpu time :835324.6 secs   av.it.:  37.5
      thresh= 2.398E-07 alpha_mix =  0.700 |ddv_scf|^2 =  4.413E-13

      iter #   8 total cpu time :836048.4 secs   av.it.:  34.5
      thresh= 6.643E-08 alpha_mix =  0.700 |ddv_scf|^2 =  1.647E-14

      iter #   9 total cpu time :836821.6 secs   av.it.:  38.9
      thresh= 1.283E-08 alpha_mix =  0.700 |ddv_scf|^2 =  1.684E-14

      iter #  10 total cpu time :837575.6 secs   av.it.:  37.2
      thresh= 1.298E-08 alpha_mix =  0.700 |ddv_scf|^2 =  1.693E-15

     End of self-consistent calculation

     Convergence has been achieved 


     Representation #  29 mode #  29

     Self-consistent Calculation

      iter #   1 total cpu time :838995.5 secs   av.it.:  15.6
      thresh= 1.000E-02 alpha_mix =  0.700 |ddv_scf|^2 =  4.085E-07

      iter #   2 total cpu time :839727.4 secs   av.it.:  35.6
      thresh= 6.391E-05 alpha_mix =  0.700 |ddv_scf|^2 =  1.810E-07

      iter #   3 total cpu time :840458.3 secs   av.it.:  36.3
      thresh= 4.255E-05 alpha_mix =  0.700 |ddv_scf|^2 =  2.170E-08

      iter #   4 total cpu time :841179.2 secs   av.it.:  34.9
      thresh= 1.473E-05 alpha_mix =  0.700 |ddv_scf|^2 =  9.408E-10

      iter #   5 total cpu time :841920.0 secs   av.it.:  37.0
      thresh= 3.067E-06 alpha_mix =  0.700 |ddv_scf|^2 =  2.366E-11

      iter #   6 total cpu time :842673.4 secs   av.it.:  37.8
      thresh= 4.864E-07 alpha_mix =  0.700 |ddv_scf|^2 =  3.371E-12

      iter #   7 total cpu time :843400.1 secs   av.it.:  34.7
      thresh= 1.836E-07 alpha_mix =  0.700 |ddv_scf|^2 =  7.751E-13

      iter #   8 total cpu time :844126.3 secs   av.it.:  34.6
      thresh= 8.804E-08 alpha_mix =  0.700 |ddv_scf|^2 =  1.416E-14

      iter #   9 total cpu time :844885.8 secs   av.it.:  37.8
      thresh= 1.190E-08 alpha_mix =  0.700 |ddv_scf|^2 =  2.064E-15

     End of self-consistent calculation

     Convergence has been achieved 


     Representation #  30 mode #  30

     Self-consistent Calculation

      iter #   1 total cpu time :846358.3 secs   av.it.:  20.3
      thresh= 1.000E-02 alpha_mix =  0.700 |ddv_scf|^2 =  1.369E-06

      iter #   2 total cpu time :847089.2 secs   av.it.:  35.1
      thresh= 1.170E-04 alpha_mix =  0.700 |ddv_scf|^2 =  4.554E-07

      iter #   3 total cpu time :847825.9 secs   av.it.:  35.6
      thresh= 6.748E-05 alpha_mix =  0.700 |ddv_scf|^2 =  2.061E-07

      iter #   4 total cpu time :848537.6 secs   av.it.:  33.4
      thresh= 4.540E-05 alpha_mix =  0.700 |ddv_scf|^2 =  3.973E-09

      iter #   5 total cpu time :849270.7 secs   av.it.:  35.4
      thresh= 6.303E-06 alpha_mix =  0.700 |ddv_scf|^2 =  1.945E-09

      iter #   6 total cpu time :850026.4 secs   av.it.:  36.6
      thresh= 4.410E-06 alpha_mix =  0.700 |ddv_scf|^2 =  1.115E-09

      iter #   7 total cpu time :850778.5 secs   av.it.:  36.0
      thresh= 3.339E-06 alpha_mix =  0.700 |ddv_scf|^2 =  8.181E-11

      iter #   8 total cpu time :851529.6 secs   av.it.:  36.8
      thresh= 9.045E-07 alpha_mix =  0.700 |ddv_scf|^2 =  1.205E-12

      iter #   9 total cpu time :852301.6 secs   av.it.:  39.1
      thresh= 1.098E-07 alpha_mix =  0.700 |ddv_scf|^2 =  2.912E-13

      iter #  10 total cpu time :853058.3 secs   av.it.:  37.8
      thresh= 5.396E-08 alpha_mix =  0.700 |ddv_scf|^2 =  2.585E-14

      iter #  11 total cpu time :853809.5 secs   av.it.:  37.2
      thresh= 1.608E-08 alpha_mix =  0.700 |ddv_scf|^2 =  2.429E-15

     End of self-consistent calculation

     Convergence has been achieved 

     Number of q in the star =    2
     List of q in the star:
          1   1.037156617  -0.257595386  -0.495317825
          2   1.037156617   0.257595386   0.495317825

     Diagonalizing the dynamical matrix

     q = (    1.037156617  -0.257595386  -0.495317825 ) 

 **************************************************************************
     freq (    1) =       3.456792 [THz] =     115.306157 [cm-1]
     freq (    2) =       3.983996 [THz] =     132.891802 [cm-1]
     freq (    3) =       4.352829 [THz] =     145.194754 [cm-1]
     freq (    4) =       4.428461 [THz] =     147.717543 [cm-1]
     freq (    5) =       5.333591 [THz] =     177.909448 [cm-1]
     freq (    6) =       5.408591 [THz] =     180.411175 [cm-1]
     freq (    7) =       5.704627 [THz] =     190.285886 [cm-1]
     freq (    8) =       5.992112 [THz] =     199.875356 [cm-1]
     freq (    9) =       7.105220 [THz] =     237.004644 [cm-1]
     freq (   10) =       7.934347 [THz] =     264.661325 [cm-1]
     freq (   11) =       8.183440 [THz] =     272.970171 [cm-1]
     freq (   12) =       8.743194 [THz] =     291.641574 [cm-1]
     freq (   13) =       9.785998 [THz] =     326.425765 [cm-1]
     freq (   14) =       9.940790 [THz] =     331.589068 [cm-1]
     freq (   15) =      10.473502 [THz] =     349.358419 [cm-1]
     freq (   16) =      10.668095 [THz] =     355.849330 [cm-1]
     freq (   17) =      12.311060 [THz] =     410.652770 [cm-1]
     freq (   18) =      12.317895 [THz] =     410.880744 [cm-1]
     freq (   19) =      13.503774 [THz] =     450.437427 [cm-1]
     freq (   20) =      13.996626 [THz] =     466.877204 [cm-1]
     freq (   21) =      16.241304 [THz] =     541.751575 [cm-1]
     freq (   22) =      17.310155 [THz] =     577.404619 [cm-1]
     freq (   23) =      18.316571 [THz] =     610.975058 [cm-1]
     freq (   24) =      18.537170 [THz] =     618.333427 [cm-1]
     freq (   25) =      19.592879 [THz] =     653.548079 [cm-1]
     freq (   26) =      19.894628 [THz] =     663.613359 [cm-1]
     freq (   27) =      21.034221 [THz] =     701.626106 [cm-1]
     freq (   28) =      21.158240 [THz] =     705.762918 [cm-1]
     freq (   29) =      22.229232 [THz] =     741.487356 [cm-1]
     freq (   30) =      22.465848 [THz] =     749.380035 [cm-1]
 **************************************************************************

     Mode symmetry, C_i (-1)    point group:

     freq (   1-   1) =        115.3  [cm-1]   --> A_g                
     freq (   2-   2) =        132.9  [cm-1]   --> A_u                
     freq (   3-   3) =        145.2  [cm-1]   --> A_g                
     freq (   4-   4) =        147.7  [cm-1]   --> A_u                
     freq (   5-   5) =        177.9  [cm-1]   --> A_u                
     freq (   6-   6) =        180.4  [cm-1]   --> A_g                
     freq (   7-   7) =        190.3  [cm-1]   --> A_g                
     freq (   8-   8) =        199.9  [cm-1]   --> A_u                
     freq (   9-   9) =        237.0  [cm-1]   --> A_u                
     freq (  10-  10) =        264.7  [cm-1]   --> A_g                
     freq (  11-  11) =        273.0  [cm-1]   --> A_u                
     freq (  12-  12) =        291.6  [cm-1]   --> A_g                
     freq (  13-  13) =        326.4  [cm-1]   --> A_u                
     freq (  14-  14) =        331.6  [cm-1]   --> A_g                
     freq (  15-  15) =        349.4  [cm-1]   --> A_u                
     freq (  16-  16) =        355.8  [cm-1]   --> A_g                
     freq (  17-  17) =        410.7  [cm-1]   --> A_u                
     freq (  18-  18) =        410.9  [cm-1]   --> A_g                
     freq (  19-  19) =        450.4  [cm-1]   --> A_u                
     freq (  20-  20) =        466.9  [cm-1]   --> A_g                
     freq (  21-  21) =        541.8  [cm-1]   --> A_g                
     freq (  22-  22) =        577.4  [cm-1]   --> A_u                
     freq (  23-  23) =        611.0  [cm-1]   --> A_u                
     freq (  24-  24) =        618.3  [cm-1]   --> A_g                
     freq (  25-  25) =        653.5  [cm-1]   --> A_u                
     freq (  26-  26) =        663.6  [cm-1]   --> A_g                
     freq (  27-  27) =        701.6  [cm-1]   --> A_u                
     freq (  28-  28) =        705.8  [cm-1]   --> A_g                
     freq (  29-  29) =        741.5  [cm-1]   --> A_g                
     freq (  30-  30) =        749.4  [cm-1]   --> A_u                

     Calculation of q =    0.0000000  -0.5151908   0.1261045

     Parallelization info
     --------------------
     sticks:   dense  smooth     PW     G-vecs:    dense   smooth      PW
     Min          88      44     13                 5078     1794     313
     Max          89      45     14                 5083     1800     320
     Sum        3359    1685    529               193033    68259   12037

     Using Slab Decomposition


     Title: 
     Phonons of ideal beta-Ga2O3 on a 2x2x2 q grid                              


     bravais-lattice index     =            0
     lattice parameter (alat)  =      11.9022  a.u.
     unit-cell volume          =     706.4068 (a.u.)^3
     number of atoms/cell      =           10
     number of atomic types    =            2
     number of electrons       =        88.00
     number of Kohn-Sham states=           44
     kinetic-energy cutoff     =      80.0000  Ry
     charge density cutoff     =     640.0000  Ry
     Exchange-correlation= PBE
                           (   1   4   3   4   0   0   0)

     celldm(1)=  11.902179  celldm(2)=   0.000000  celldm(3)=   0.000000
     celldm(4)=   0.000000  celldm(5)=   0.000000  celldm(6)=   0.000000

     crystal axes: (cart. coord. in units of alat)
               a(1) = (   0.241044   0.970514   0.000000 )  
               a(2) = (  -0.241044   0.970514   0.000000 )  
               a(3) = (   0.000000   0.219185   0.895463 )  

     reciprocal axes: (cart. coord. in units 2 pi/alat)
               b(1) = (  2.074313  0.515191 -0.126105 )  
               b(2) = ( -2.074313  0.515191 -0.126105 )  
               b(3) = (  0.000000 -0.000000  1.116740 )  


     PseudoPot. # 1 for Ga read from file:
     /scratch/dajuarez4/ga2o3_new/pseudo/Ga.pbe-dn-kjpaw_psl.1.0.0.UPF
     MD5 check sum: 50ce49cbf7e0a40ad8623bf41840a268
     Pseudo is Projector augmented-wave + core cor, Zval = 13.0
     Generated using &quot;atomic&quot; code by A. Dal Corso  v.6.3
     Shape of augmentation charge: PSQ
     Using radial grid of 1205 points,  6 beta functions with: 
                l(1) =   0
                l(2) =   0
                l(3) =   1
                l(4) =   1
                l(5) =   2
                l(6) =   2
     Q(r) pseudized with 0 coefficients 


     PseudoPot. # 2 for O  read from file:
     /scratch/dajuarez4/ga2o3_new/pseudo/O.pbe-n-kjpaw_psl.1.0.0.UPF
     MD5 check sum: e99d9cef9b487d1ca56f5b95ecd0fd7a
     Pseudo is Projector augmented-wave + core cor, Zval =  6.0
     Generated using &quot;atomic&quot; code by A. Dal Corso  v.6.3
     Shape of augmentation charge: PSQ
     Using radial grid of 1095 points,  4 beta functions with: 
                l(1) =   0
                l(2) =   0
                l(3) =   1
                l(4) =   1
     Q(r) pseudized with 0 coefficients 


     atomic species   valence    mass     pseudopotential
        Ga            13.00    69.72300     Ga( 1.00)
        O              6.00    15.99900     O ( 1.00)

      4 Sym. Ops., with inversion, found



   Cartesian axes

     site n.     atom                  positions (alat units)
         1           Ga  tau(   1) = (   0.0000000   1.9404041   0.7122606  )
         2           Ga  tau(   2) = (   0.0000000   0.2198093   0.1832029  )
         3           Ga  tau(   3) = (   0.0000000   0.7318021   0.2813278  )
         4           Ga  tau(   4) = (   0.0000000   1.4284112   0.6141357  )
         5           O   tau(   5) = (   0.0000000   1.6425781   0.0988950  )
         6           O   tau(   6) = (   0.0000000   0.5176352   0.7965685  )
         7           O   tau(   7) = (   0.0000000   1.7282409   0.5042623  )
         8           O   tau(   8) = (   0.0000000   0.4319725   0.3912011  )
         9           O   tau(   9) = (   0.0000000   1.0352294   0.2294177  )
        10           O   tau(  10) = (   0.0000000   1.1249840   0.6660457  )

     number of k points=   952

     Number of k-points >= 100: set verbosity='high' to print them.

     Dense  grid:   193033 G-vectors     FFT dimensions: (  96,  96,  90)

     Smooth grid:    68259 G-vectors     FFT dimensions: (  72,  72,  64)

     Estimated max dynamical RAM per process >      22.24 MB

     Estimated total dynamical RAM >     845.04 MB

     The potential is recalculated from file :
     ./tmp/_ph0/beta-Ga2O3.save/charge-density

     Starting wfcs are   60 atomic wfcs
     Checking if some PAW data can be deallocated... 

     Band Structure Calculation
     Davidson diagonalization with overlap

     ethr =  1.14E-11,  avg # of iterations = 32.9

     total cpu time spent up to now is     4309.3 secs

     End of band structure calculation

     Number of k-points >= 100: set verbosity='high' to print the bands.

     highest occupied level (ev):     8.2032

     Writing config to output data dir ./tmp/_ph0/beta-Ga2O3.save/

     Phonons of ideal beta-Ga2O3 on a 2x2x2 q grid                              

     bravais-lattice index     =            0
     lattice parameter (alat)  =      11.9022  a.u.
     unit-cell volume          =     706.4068 (a.u.)^3
     number of atoms/cell      =           10
     number of atomic types    =            2
     kinetic-energy cut-off    =      80.0000  Ry
     charge density cut-off    =     640.0000  Ry
     convergence threshold     =      1.0E-14
     beta                      =       0.7000
     number of iterations used =            4
     Exchange-correlation= PBE
                           (   1   4   3   4   0   0   0)


     celldm(1)=   11.90218  celldm(2)=    0.00000  celldm(3)=    0.00000
     celldm(4)=    0.00000  celldm(5)=    0.00000  celldm(6)=    0.00000

     crystal axes: (cart. coord. in units of alat)
               a(1) = (  0.2410  0.9705  0.0000 )  
               a(2) = ( -0.2410  0.9705  0.0000 )  
               a(3) = (  0.0000  0.2192  0.8955 )  

     reciprocal axes: (cart. coord. in units 2 pi/alat)
               b(1) = (  2.0743  0.5152 -0.1261 )  
               b(2) = ( -2.0743  0.5152 -0.1261 )  
               b(3) = (  0.0000 -0.0000  1.1167 )  


     Atoms inside the unit cell: 

     Cartesian axes

     site n.  atom      mass           positions (alat units)
        1     Ga  69.7230   tau(    1) = (    0.00000    1.94040    0.71226  )
        2     Ga  69.7230   tau(    2) = (    0.00000    0.21981    0.18320  )
        3     Ga  69.7230   tau(    3) = (    0.00000    0.73180    0.28133  )
        4     Ga  69.7230   tau(    4) = (    0.00000    1.42841    0.61414  )
        5     O   15.9990   tau(    5) = (    0.00000    1.64258    0.09889  )
        6     O   15.9990   tau(    6) = (    0.00000    0.51764    0.79657  )
        7     O   15.9990   tau(    7) = (    0.00000    1.72824    0.50426  )
        8     O   15.9990   tau(    8) = (    0.00000    0.43197    0.39120  )
        9     O   15.9990   tau(    9) = (    0.00000    1.03523    0.22942  )
       10     O   15.9990   tau(   10) = (    0.00000    1.12498    0.66605  )

     Computing dynamical matrix for 
                    q = (   0.0000000  -0.5151908   0.1261045 )

      5 Sym.Ops. (with q -> -q+G )


     G cutoff = 2296.5355  (   5081 G-vectors)     FFT grid: ( 96, 96, 90)
     G cutoff = 1148.2678  (   1800 G-vectors)  smooth grid: ( 72, 72, 64)
     number of k points=   952

     PseudoPot. # 1 for Ga read from file:
     /scratch/dajuarez4/ga2o3_new/pseudo/Ga.pbe-dn-kjpaw_psl.1.0.0.UPF
     MD5 check sum: 50ce49cbf7e0a40ad8623bf41840a268
     Pseudo is Projector augmented-wave + core cor, Zval = 13.0
     Generated using &quot;atomic&quot; code by A. Dal Corso  v.6.3
     Shape of augmentation charge: PSQ
     Using radial grid of 1205 points,  6 beta functions with: 
                l(1) =   0
                l(2) =   0
                l(3) =   1
                l(4) =   1
                l(5) =   2
                l(6) =   2
     Q(r) pseudized with 0 coefficients 


     PseudoPot. # 2 for O  read from file:
     /scratch/dajuarez4/ga2o3_new/pseudo/O.pbe-n-kjpaw_psl.1.0.0.UPF
     MD5 check sum: e99d9cef9b487d1ca56f5b95ecd0fd7a
     Pseudo is Projector augmented-wave + core cor, Zval =  6.0
     Generated using &quot;atomic&quot; code by A. Dal Corso  v.6.3
     Shape of augmentation charge: PSQ
     Using radial grid of 1095 points,  4 beta functions with: 
                l(1) =   0
                l(2) =   0
                l(3) =   1
                l(4) =   1
     Q(r) pseudized with 0 coefficients 


     Mode symmetry, C_2h (2/m)  point group:


     Atomic displacements:
     There are   30 irreducible representations

     Representation     1      1 modes -  To be done

     Representation     2      1 modes -  To be done

     Representation     3      1 modes -  To be done

     Representation     4      1 modes -  To be done

     Representation     5      1 modes -  To be done

     Representation     6      1 modes -  To be done

     Representation     7      1 modes -  To be done

     Representation     8      1 modes -  To be done

     Representation     9      1 modes -  To be done

     Representation    10      1 modes -  To be done

     Representation    11      1 modes -  To be done

     Representation    12      1 modes -  To be done

     Representation    13      1 modes -  To be done

     Representation    14      1 modes -  To be done

     Representation    15      1 modes -  To be done

     Representation    16      1 modes -  To be done

     Representation    17      1 modes -  To be done

     Representation    18      1 modes -  To be done

     Representation    19      1 modes -  To be done

     Representation    20      1 modes -  To be done

     Representation    21      1 modes -  To be done

     Representation    22      1 modes -  To be done

     Representation    23      1 modes -  To be done

     Representation    24      1 modes -  To be done

     Representation    25      1 modes -  To be done

     Representation    26      1 modes -  To be done

     Representation    27      1 modes -  To be done

     Representation    28      1 modes -  To be done

     Representation    29      1 modes -  To be done

     Representation    30      1 modes -  To be done



     Alpha used in Ewald sum =   2.8000
     PHONON       :   7d 4h11m CPU   9d21h26m WALL



     Representation #   1 mode #   1

     Self-consistent Calculation

      iter #   1 total cpu time :855536.3 secs   av.it.:  15.0
      thresh= 1.000E-02 alpha_mix =  0.700 |ddv_scf|^2 =  4.647E-07

      iter #   2 total cpu time :855953.2 secs   av.it.:  36.5
      thresh= 6.817E-05 alpha_mix =  0.700 |ddv_scf|^2 =  3.732E-07

      iter #   3 total cpu time :856367.4 secs   av.it.:  35.0
      thresh= 6.109E-05 alpha_mix =  0.700 |ddv_scf|^2 =  2.260E-08

      iter #   4 total cpu time :856770.5 secs   av.it.:  32.4
      thresh= 1.503E-05 alpha_mix =  0.700 |ddv_scf|^2 =  1.785E-09

      iter #   5 total cpu time :857196.2 secs   av.it.:  36.4
      thresh= 4.224E-06 alpha_mix =  0.700 |ddv_scf|^2 =  3.520E-11

      iter #   6 total cpu time :857625.9 secs   av.it.:  37.8
      thresh= 5.933E-07 alpha_mix =  0.700 |ddv_scf|^2 =  2.449E-12

      iter #   7 total cpu time :858054.5 secs   av.it.:  37.2
      thresh= 1.565E-07 alpha_mix =  0.700 |ddv_scf|^2 =  7.200E-13

      iter #   8 total cpu time :858470.8 secs   av.it.:  35.3
      thresh= 8.485E-08 alpha_mix =  0.700 |ddv_scf|^2 =  1.932E-13

      iter #   9 total cpu time :858892.3 secs   av.it.:  36.3
      thresh= 4.395E-08 alpha_mix =  0.700 |ddv_scf|^2 =  1.079E-14

      iter #  10 total cpu time :859318.0 secs   av.it.:  37.0
      thresh= 1.039E-08 alpha_mix =  0.700 |ddv_scf|^2 =  1.256E-15

     End of self-consistent calculation

     Convergence has been achieved 


     Representation #   2 mode #   2

     Self-consistent Calculation

      iter #   1 total cpu time :860137.3 secs   av.it.:  20.6
      thresh= 1.000E-02 alpha_mix =  0.700 |ddv_scf|^2 =  3.398E-06

      iter #   2 total cpu time :860545.9 secs   av.it.:  33.9
      thresh= 1.843E-04 alpha_mix =  0.700 |ddv_scf|^2 =  5.954E-06

      iter #   3 total cpu time :860932.7 secs   av.it.:  30.6
      thresh= 2.440E-04 alpha_mix =  0.700 |ddv_scf|^2 =  1.948E-07

      iter #   4 total cpu time :861335.8 secs   av.it.:  33.2
      thresh= 4.414E-05 alpha_mix =  0.700 |ddv_scf|^2 =  6.678E-09

      iter #   5 total cpu time :861770.1 secs   av.it.:  37.9
      thresh= 8.172E-06 alpha_mix =  0.700 |ddv_scf|^2 =  3.410E-09

      iter #   6 total cpu time :862176.8 secs   av.it.:  33.9
      thresh= 5.839E-06 alpha_mix =  0.700 |ddv_scf|^2 =  5.208E-10

      iter #   7 total cpu time :862609.9 secs   av.it.:  38.3
      thresh= 2.282E-06 alpha_mix =  0.700 |ddv_scf|^2 =  8.787E-11

      iter #   8 total cpu time :863053.1 secs   av.it.:  38.3
      thresh= 9.374E-07 alpha_mix =  0.700 |ddv_scf|^2 =  2.862E-11

      iter #   9 total cpu time :863478.3 secs   av.it.:  37.3
      thresh= 5.350E-07 alpha_mix =  0.700 |ddv_scf|^2 =  3.025E-12

      iter #  10 total cpu time :863890.1 secs   av.it.:  35.1
      thresh= 1.739E-07 alpha_mix =  0.700 |ddv_scf|^2 =  2.586E-13

      iter #  11 total cpu time :864318.1 secs   av.it.:  37.7
      thresh= 5.085E-08 alpha_mix =  0.700 |ddv_scf|^2 =  2.505E-14

      iter #  12 total cpu time :864746.7 secs   av.it.:  37.8
      thresh= 1.583E-08 alpha_mix =  0.700 |ddv_scf|^2 =  1.429E-14

      iter #  13 total cpu time :865156.3 secs   av.it.:  34.9
      thresh= 1.195E-08 alpha_mix =  0.700 |ddv_scf|^2 =  1.441E-15

     End of self-consistent calculation

     Convergence has been achieved 


     Representation #   3 mode #   3

     Self-consistent Calculation

      iter #   1 total cpu time :865962.2 secs   av.it.:  19.3
      thresh= 1.000E-02 alpha_mix =  0.700 |ddv_scf|^2 =  2.473E-06

      iter #   2 total cpu time :866370.1 secs   av.it.:  34.0
      thresh= 1.573E-04 alpha_mix =  0.700 |ddv_scf|^2 =  4.187E-06

      iter #   3 total cpu time :866757.8 secs   av.it.:  30.7
      thresh= 2.046E-04 alpha_mix =  0.700 |ddv_scf|^2 =  1.548E-07

      iter #   4 total cpu time :867170.4 secs   av.it.:  33.4
      thresh= 3.935E-05 alpha_mix =  0.700 |ddv_scf|^2 =  6.551E-09

      iter #   5 total cpu time :867595.5 secs   av.it.:  37.3
      thresh= 8.094E-06 alpha_mix =  0.700 |ddv_scf|^2 =  3.559E-09

      iter #   6 total cpu time :868018.5 secs   av.it.:  37.0
      thresh= 5.966E-06 alpha_mix =  0.700 |ddv_scf|^2 =  2.323E-10

      iter #   7 total cpu time :868445.7 secs   av.it.:  37.7
      thresh= 1.524E-06 alpha_mix =  0.700 |ddv_scf|^2 =  9.791E-11

      iter #   8 total cpu time :868861.8 secs   av.it.:  35.9
      thresh= 9.895E-07 alpha_mix =  0.700 |ddv_scf|^2 =  2.927E-11

      iter #   9 total cpu time :869276.8 secs   av.it.:  35.7
      thresh= 5.410E-07 alpha_mix =  0.700 |ddv_scf|^2 =  1.461E-12

      iter #  10 total cpu time :869699.8 secs   av.it.:  37.1
      thresh= 1.209E-07 alpha_mix =  0.700 |ddv_scf|^2 =  1.317E-13

      iter #  11 total cpu time :870126.3 secs   av.it.:  37.7
      thresh= 3.630E-08 alpha_mix =  0.700 |ddv_scf|^2 =  5.461E-14

      iter #  12 total cpu time :870547.4 secs   av.it.:  36.5
      thresh= 2.337E-08 alpha_mix =  0.700 |ddv_scf|^2 =  2.700E-15

     End of self-consistent calculation

     Convergence has been achieved 


     Representation #   4 mode #   4

     Self-consistent Calculation

      iter #   1 total cpu time :871324.2 secs   av.it.:  15.5
      thresh= 1.000E-02 alpha_mix =  0.700 |ddv_scf|^2 =  4.618E-07

      iter #   2 total cpu time :871735.0 secs   av.it.:  34.9
      thresh= 6.796E-05 alpha_mix =  0.700 |ddv_scf|^2 =  2.261E-07

      iter #   3 total cpu time :872150.0 secs   av.it.:  35.6
      thresh= 4.755E-05 alpha_mix =  0.700 |ddv_scf|^2 =  6.300E-08

      iter #   4 total cpu time :872537.9 secs   av.it.:  30.8
      thresh= 2.510E-05 alpha_mix =  0.700 |ddv_scf|^2 =  4.054E-10

      iter #   5 total cpu time :872960.1 secs   av.it.:  36.8
      thresh= 2.014E-06 alpha_mix =  0.700 |ddv_scf|^2 =  5.295E-11

      iter #   6 total cpu time :873383.8 secs   av.it.:  36.9
      thresh= 7.277E-07 alpha_mix =  0.700 |ddv_scf|^2 =  2.546E-12

      iter #   7 total cpu time :873813.4 secs   av.it.:  37.7
      thresh= 1.596E-07 alpha_mix =  0.700 |ddv_scf|^2 =  1.402E-12

      iter #   8 total cpu time :874236.5 secs   av.it.:  36.5
      thresh= 1.184E-07 alpha_mix =  0.700 |ddv_scf|^2 =  8.123E-14

      iter #   9 total cpu time :874666.0 secs   av.it.:  37.8
      thresh= 2.850E-08 alpha_mix =  0.700 |ddv_scf|^2 =  6.106E-14

      iter #  10 total cpu time :875084.5 secs   av.it.:  35.9
      thresh= 2.471E-08 alpha_mix =  0.700 |ddv_scf|^2 =  1.558E-14

      iter #  11 total cpu time :875502.0 secs   av.it.:  35.8
      thresh= 1.248E-08 alpha_mix =  0.700 |ddv_scf|^2 =  9.600E-16

     End of self-consistent calculation

     Convergence has been achieved 


     Representation #   5 mode #   5

     Self-consistent Calculation

      iter #   1 total cpu time :876287.7 secs   av.it.:  15.6
      thresh= 1.000E-02 alpha_mix =  0.700 |ddv_scf|^2 =  4.720E-06

      iter #   2 total cpu time :876691.2 secs   av.it.:  31.8
      thresh= 2.173E-04 alpha_mix =  0.700 |ddv_scf|^2 =  9.837E-06

      iter #   3 total cpu time :877067.6 secs   av.it.:  29.0
      thresh= 3.136E-04 alpha_mix =  0.700 |ddv_scf|^2 =  2.502E-08

      iter #   4 total cpu time :877478.1 secs   av.it.:  34.7
      thresh= 1.582E-05 alpha_mix =  0.700 |ddv_scf|^2 =  1.024E-08

      iter #   5 total cpu time :877882.2 secs   av.it.:  33.7
      thresh= 1.012E-05 alpha_mix =  0.700 |ddv_scf|^2 =  4.807E-10

      iter #   6 total cpu time :878296.0 secs   av.it.:  35.3
      thresh= 2.192E-06 alpha_mix =  0.700 |ddv_scf|^2 =  1.620E-11

      iter #   7 total cpu time :878720.8 secs   av.it.:  37.1
      thresh= 4.025E-07 alpha_mix =  0.700 |ddv_scf|^2 =  4.681E-13

      iter #   8 total cpu time :879143.5 secs   av.it.:  36.2
      thresh= 6.842E-08 alpha_mix =  0.700 |ddv_scf|^2 =  3.509E-14

      iter #   9 total cpu time :879575.2 secs   av.it.:  38.3
      thresh= 1.873E-08 alpha_mix =  0.700 |ddv_scf|^2 =  2.385E-14

      iter #  10 total cpu time :880000.0 secs   av.it.:  36.9
      thresh= 1.544E-08 alpha_mix =  0.700 |ddv_scf|^2 =  2.201E-15

     End of self-consistent calculation

     Convergence has been achieved 


     Representation #   6 mode #   6

     Self-consistent Calculation

      iter #   1 total cpu time :880813.6 secs   av.it.:  20.6
      thresh= 1.000E-02 alpha_mix =  0.700 |ddv_scf|^2 =  3.423E-06

      iter #   2 total cpu time :881218.3 secs   av.it.:  33.7
      thresh= 1.850E-04 alpha_mix =  0.700 |ddv_scf|^2 =  3.607E-06

      iter #   3 total cpu time :881609.7 secs   av.it.:  31.4
      thresh= 1.899E-04 alpha_mix =  0.700 |ddv_scf|^2 =  1.865E-07

      iter #   4 total cpu time :882011.6 secs   av.it.:  33.2
      thresh= 4.319E-05 alpha_mix =  0.700 |ddv_scf|^2 =  8.419E-09

      iter #   5 total cpu time :882439.3 secs   av.it.:  37.1
      thresh= 9.175E-06 alpha_mix =  0.700 |ddv_scf|^2 =  3.843E-09

      iter #   6 total cpu time :882847.7 secs   av.it.:  34.0
      thresh= 6.199E-06 alpha_mix =  0.700 |ddv_scf|^2 =  7.972E-10

      iter #   7 total cpu time :883291.3 secs   av.it.:  38.3
      thresh= 2.823E-06 alpha_mix =  0.700 |ddv_scf|^2 =  1.930E-10

      iter #   8 total cpu time :883721.8 secs   av.it.:  37.9
      thresh= 1.389E-06 alpha_mix =  0.700 |ddv_scf|^2 =  3.352E-11

      iter #   9 total cpu time :884145.3 secs   av.it.:  36.9
      thresh= 5.789E-07 alpha_mix =  0.700 |ddv_scf|^2 =  6.230E-12

      iter #  10 total cpu time :884554.6 secs   av.it.:  34.8
      thresh= 2.496E-07 alpha_mix =  0.700 |ddv_scf|^2 =  8.266E-13

      iter #  11 total cpu time :884976.3 secs   av.it.:  36.6
      thresh= 9.092E-08 alpha_mix =  0.700 |ddv_scf|^2 =  2.226E-14

      iter #  12 total cpu time :885404.4 secs   av.it.:  38.1
      thresh= 1.492E-08 alpha_mix =  0.700 |ddv_scf|^2 =  1.078E-14

      iter #  13 total cpu time :885812.5 secs   av.it.:  34.8
      thresh= 1.039E-08 alpha_mix =  0.700 |ddv_scf|^2 =  2.035E-15

     End of self-consistent calculation

     Convergence has been achieved 


     Representation #   7 mode #   7

     Self-consistent Calculation

      iter #   1 total cpu time :886593.1 secs   av.it.:  15.6
      thresh= 1.000E-02 alpha_mix =  0.700 |ddv_scf|^2 =  4.333E-07

      iter #   2 total cpu time :887010.4 secs   av.it.:  36.1
      thresh= 6.583E-05 alpha_mix =  0.700 |ddv_scf|^2 =  2.109E-07

      iter #   3 total cpu time :887426.1 secs   av.it.:  36.0
      thresh= 4.592E-05 alpha_mix =  0.700 |ddv_scf|^2 =  1.550E-08

      iter #   4 total cpu time :887846.1 secs   av.it.:  36.4
      thresh= 1.245E-05 alpha_mix =  0.700 |ddv_scf|^2 =  3.656E-09

      iter #   5 total cpu time :888257.4 secs   av.it.:  34.7
      thresh= 6.047E-06 alpha_mix =  0.700 |ddv_scf|^2 =  1.978E-10

      iter #   6 total cpu time :888669.1 secs   av.it.:  33.4
      thresh= 1.407E-06 alpha_mix =  0.700 |ddv_scf|^2 =  9.383E-12

      iter #   7 total cpu time :889089.6 secs   av.it.:  36.6
      thresh= 3.063E-07 alpha_mix =  0.700 |ddv_scf|^2 =  3.985E-13

      iter #   8 total cpu time :889510.8 secs   av.it.:  36.8
      thresh= 6.313E-08 alpha_mix =  0.700 |ddv_scf|^2 =  1.163E-13

      iter #   9 total cpu time :889938.7 secs   av.it.:  37.8
      thresh= 3.410E-08 alpha_mix =  0.700 |ddv_scf|^2 =  5.254E-14

      iter #  10 total cpu time :890348.4 secs   av.it.:  35.2
      thresh= 2.292E-08 alpha_mix =  0.700 |ddv_scf|^2 =  3.432E-15

     End of self-consistent calculation

     Convergence has been achieved 


     Representation #   8 mode #   8

     Self-consistent Calculation

      iter #   1 total cpu time :891124.4 secs   av.it.:  15.2
      thresh= 1.000E-02 alpha_mix =  0.700 |ddv_scf|^2 =  4.240E-06

      iter #   2 total cpu time :891516.3 secs   av.it.:  31.8
      thresh= 2.059E-04 alpha_mix =  0.700 |ddv_scf|^2 =  8.527E-06

      iter #   3 total cpu time :891889.1 secs   av.it.:  28.6
      thresh= 2.920E-04 alpha_mix =  0.700 |ddv_scf|^2 =  2.496E-08

      iter #   4 total cpu time :892295.8 secs   av.it.:  34.3
      thresh= 1.580E-05 alpha_mix =  0.700 |ddv_scf|^2 =  8.915E-09

      iter #   5 total cpu time :892700.5 secs   av.it.:  34.1
      thresh= 9.442E-06 alpha_mix =  0.700 |ddv_scf|^2 =  3.451E-10

      iter #   6 total cpu time :893100.6 secs   av.it.:  33.1
      thresh= 1.858E-06 alpha_mix =  0.700 |ddv_scf|^2 =  2.099E-11

      iter #   7 total cpu time :893524.7 secs   av.it.:  36.9
      thresh= 4.581E-07 alpha_mix =  0.700 |ddv_scf|^2 =  5.660E-13

      iter #   8 total cpu time :893948.2 secs   av.it.:  36.9
      thresh= 7.523E-08 alpha_mix =  0.700 |ddv_scf|^2 =  9.516E-14

      iter #   9 total cpu time :894370.3 secs   av.it.:  36.4
      thresh= 3.085E-08 alpha_mix =  0.700 |ddv_scf|^2 =  5.672E-14

      iter #  10 total cpu time :894795.2 secs   av.it.:  36.9
      thresh= 2.382E-08 alpha_mix =  0.700 |ddv_scf|^2 =  2.502E-15

     End of self-consistent calculation

     Convergence has been achieved 


     Representation #   9 mode #   9

     Self-consistent Calculation

      iter #   1 total cpu time :895602.2 secs   av.it.:  19.6
      thresh= 1.000E-02 alpha_mix =  0.700 |ddv_scf|^2 =  9.605E-06

      iter #   2 total cpu time :895999.0 secs   av.it.:  32.3
      thresh= 3.099E-04 alpha_mix =  0.700 |ddv_scf|^2 =  1.637E-05

      iter #   3 total cpu time :896377.9 secs   av.it.:  29.3
      thresh= 4.046E-04 alpha_mix =  0.700 |ddv_scf|^2 =  3.121E-07

      iter #   4 total cpu time :896774.3 secs   av.it.:  32.5
      thresh= 5.586E-05 alpha_mix =  0.700 |ddv_scf|^2 =  2.272E-08

      iter #   5 total cpu time :897181.9 secs   av.it.:  34.2
      thresh= 1.507E-05 alpha_mix =  0.700 |ddv_scf|^2 =  3.822E-09

      iter #   6 total cpu time :897588.1 secs   av.it.:  33.9
      thresh= 6.182E-06 alpha_mix =  0.700 |ddv_scf|^2 =  2.552E-09

      iter #   7 total cpu time :898009.0 secs   av.it.:  36.4
      thresh= 5.051E-06 alpha_mix =  0.700 |ddv_scf|^2 =  3.845E-10

      iter #   8 total cpu time :898428.7 secs   av.it.:  36.3
      thresh= 1.961E-06 alpha_mix =  0.700 |ddv_scf|^2 =  1.141E-11

      iter #   9 total cpu time :898862.2 secs   av.it.:  38.0
      thresh= 3.377E-07 alpha_mix =  0.700 |ddv_scf|^2 =  4.795E-12

      iter #  10 total cpu time :899271.6 secs   av.it.:  34.5
      thresh= 2.190E-07 alpha_mix =  0.700 |ddv_scf|^2 =  3.546E-13

      iter #  11 total cpu time :899711.1 secs   av.it.:  38.3
      thresh= 5.955E-08 alpha_mix =  0.700 |ddv_scf|^2 =  6.951E-14

      iter #  12 total cpu time :900140.9 secs   av.it.:  37.2
      thresh= 2.636E-08 alpha_mix =  0.700 |ddv_scf|^2 =  4.009E-15

     End of self-consistent calculation

     Convergence has been achieved 


     Representation #  10 mode #  10

     Self-consistent Calculation

      iter #   1 total cpu time :900918.0 secs   av.it.:  15.2
      thresh= 1.000E-02 alpha_mix =  0.700 |ddv_scf|^2 =  5.536E-07

      iter #   2 total cpu time :901342.8 secs   av.it.:  36.4
      thresh= 7.440E-05 alpha_mix =  0.700 |ddv_scf|^2 =  4.045E-07

      iter #   3 total cpu time :901763.4 secs   av.it.:  35.6
      thresh= 6.360E-05 alpha_mix =  0.700 |ddv_scf|^2 =  1.293E-08

      iter #   4 total cpu time :902189.8 secs   av.it.:  37.0
      thresh= 1.137E-05 alpha_mix =  0.700 |ddv_scf|^2 =  2.378E-09

      iter #   5 total cpu time :902607.5 secs   av.it.:  36.2
      thresh= 4.877E-06 alpha_mix =  0.700 |ddv_scf|^2 =  3.863E-10

      iter #   6 total cpu time :903014.4 secs   av.it.:  33.7
      thresh= 1.965E-06 alpha_mix =  0.700 |ddv_scf|^2 =  1.110E-11

      iter #   7 total cpu time :903438.2 secs   av.it.:  37.0
      thresh= 3.332E-07 alpha_mix =  0.700 |ddv_scf|^2 =  2.023E-13

      iter #   8 total cpu time :903873.6 secs   av.it.:  38.5
      thresh= 4.497E-08 alpha_mix =  0.700 |ddv_scf|^2 =  1.921E-13

      iter #   9 total cpu time :904289.1 secs   av.it.:  35.6
      thresh= 4.383E-08 alpha_mix =  0.700 |ddv_scf|^2 =  1.939E-14

      iter #  10 total cpu time :904716.1 secs   av.it.:  37.4
      thresh= 1.392E-08 alpha_mix =  0.700 |ddv_scf|^2 =  5.968E-16

     End of self-consistent calculation

     Convergence has been achieved 


     Representation #  11 mode #  11

     Self-consistent Calculation

      iter #   1 total cpu time :905509.4 secs   av.it.:  18.6
      thresh= 1.000E-02 alpha_mix =  0.700 |ddv_scf|^2 =  3.999E-07

      iter #   2 total cpu time :905923.8 secs   av.it.:  35.8
      thresh= 6.324E-05 alpha_mix =  0.700 |ddv_scf|^2 =  8.137E-09

      iter #   3 total cpu time :906353.1 secs   av.it.:  38.2
      thresh= 9.020E-06 alpha_mix =  0.700 |ddv_scf|^2 =  2.717E-09

      iter #   4 total cpu time :906773.9 secs   av.it.:  36.7
      thresh= 5.212E-06 alpha_mix =  0.700 |ddv_scf|^2 =  1.598E-11

      iter #   5 total cpu time :907198.3 secs   av.it.:  37.4
      thresh= 3.997E-07 alpha_mix =  0.700 |ddv_scf|^2 =  1.512E-13

      iter #   6 total cpu time :907620.0 secs   av.it.:  36.8
      thresh= 3.888E-08 alpha_mix =  0.700 |ddv_scf|^2 =  4.901E-15

     End of self-consistent calculation

     Convergence has been achieved 


     Representation #  12 mode #  12

     Self-consistent Calculation

      iter #   1 total cpu time :908396.5 secs   av.it.:  14.3
      thresh= 1.000E-02 alpha_mix =  0.700 |ddv_scf|^2 =  6.544E-08

      iter #   2 total cpu time :908805.7 secs   av.it.:  34.2
      thresh= 2.558E-05 alpha_mix =  0.700 |ddv_scf|^2 =  2.425E-10

      iter #   3 total cpu time :909227.8 secs   av.it.:  36.5
      thresh= 1.557E-06 alpha_mix =  0.700 |ddv_scf|^2 =  3.207E-12

      iter #   4 total cpu time :909637.0 secs   av.it.:  34.3
      thresh= 1.791E-07 alpha_mix =  0.700 |ddv_scf|^2 =  3.182E-14

      iter #   5 total cpu time :910048.1 secs   av.it.:  34.9
      thresh= 1.784E-08 alpha_mix =  0.700 |ddv_scf|^2 =  8.268E-16

     End of self-consistent calculation

     Convergence has been achieved 


     Representation #  13 mode #  13

     Self-consistent Calculation

      iter #   1 total cpu time :910824.1 secs   av.it.:  14.4
      thresh= 1.000E-02 alpha_mix =  0.700 |ddv_scf|^2 =  7.532E-08

      iter #   2 total cpu time :911232.9 secs   av.it.:  34.2
      thresh= 2.744E-05 alpha_mix =  0.700 |ddv_scf|^2 =  4.856E-10

      iter #   3 total cpu time :911648.9 secs   av.it.:  35.6
      thresh= 2.204E-06 alpha_mix =  0.700 |ddv_scf|^2 =  3.437E-12

      iter #   4 total cpu time :912053.2 secs   av.it.:  33.6
      thresh= 1.854E-07 alpha_mix =  0.700 |ddv_scf|^2 =  5.891E-14

      iter #   5 total cpu time :912463.3 secs   av.it.:  34.7
      thresh= 2.427E-08 alpha_mix =  0.700 |ddv_scf|^2 =  4.518E-16

     End of self-consistent calculation

     Convergence has been achieved 


     Representation #  14 mode #  14

     Self-consistent Calculation

      iter #   1 total cpu time :913267.9 secs   av.it.:  19.2
      thresh= 1.000E-02 alpha_mix =  0.700 |ddv_scf|^2 =  4.038E-07

      iter #   2 total cpu time :913689.9 secs   av.it.:  36.4
      thresh= 6.354E-05 alpha_mix =  0.700 |ddv_scf|^2 =  7.615E-09

      iter #   3 total cpu time :914123.7 secs   av.it.:  38.6
      thresh= 8.726E-06 alpha_mix =  0.700 |ddv_scf|^2 =  2.634E-09

      iter #   4 total cpu time :914549.3 secs   av.it.:  37.2
      thresh= 5.132E-06 alpha_mix =  0.700 |ddv_scf|^2 =  2.131E-11

      iter #   5 total cpu time :914979.5 secs   av.it.:  37.8
      thresh= 4.616E-07 alpha_mix =  0.700 |ddv_scf|^2 =  2.048E-13

      iter #   6 total cpu time :915418.5 secs   av.it.:  36.9
      thresh= 4.525E-08 alpha_mix =  0.700 |ddv_scf|^2 =  7.160E-15

     End of self-consistent calculation

     Convergence has been achieved 


     Representation #  15 mode #  15

     Self-consistent Calculation

      iter #   1 total cpu time :916196.6 secs   av.it.:  14.2
      thresh= 1.000E-02 alpha_mix =  0.700 |ddv_scf|^2 =  7.322E-08

      iter #   2 total cpu time :916610.9 secs   av.it.:  34.1
      thresh= 2.706E-05 alpha_mix =  0.700 |ddv_scf|^2 =  4.207E-10

      iter #   3 total cpu time :917030.1 secs   av.it.:  36.2
      thresh= 2.051E-06 alpha_mix =  0.700 |ddv_scf|^2 =  3.610E-12

      iter #   4 total cpu time :917428.6 secs   av.it.:  33.4
      thresh= 1.900E-07 alpha_mix =  0.700 |ddv_scf|^2 =  6.191E-14

      iter #   5 total cpu time :917834.9 secs   av.it.:  34.2
      thresh= 2.488E-08 alpha_mix =  0.700 |ddv_scf|^2 =  6.568E-16

     End of self-consistent calculation

     Convergence has been achieved 


     Representation #  16 mode #  16

     Self-consistent Calculation

      iter #   1 total cpu time :918624.9 secs   av.it.:  18.5
      thresh= 1.000E-02 alpha_mix =  0.700 |ddv_scf|^2 =  4.310E-07

      iter #   2 total cpu time :919037.4 secs   av.it.:  35.6
      thresh= 6.565E-05 alpha_mix =  0.700 |ddv_scf|^2 =  7.049E-09

      iter #   3 total cpu time :919468.4 secs   av.it.:  38.6
      thresh= 8.396E-06 alpha_mix =  0.700 |ddv_scf|^2 =  2.778E-09

      iter #   4 total cpu time :919885.8 secs   av.it.:  36.2
      thresh= 5.271E-06 alpha_mix =  0.700 |ddv_scf|^2 =  6.211E-11

      iter #   5 total cpu time :920287.8 secs   av.it.:  33.5
      thresh= 7.881E-07 alpha_mix =  0.700 |ddv_scf|^2 =  2.414E-13

      iter #   6 total cpu time :920707.3 secs   av.it.:  37.2
      thresh= 4.913E-08 alpha_mix =  0.700 |ddv_scf|^2 =  7.931E-15

     End of self-consistent calculation

     Convergence has been achieved 


     Representation #  17 mode #  17

     Self-consistent Calculation

      iter #   1 total cpu time :921470.2 secs   av.it.:  14.5
      thresh= 1.000E-02 alpha_mix =  0.700 |ddv_scf|^2 =  8.882E-08

      iter #   2 total cpu time :921871.9 secs   av.it.:  34.3
      thresh= 2.980E-05 alpha_mix =  0.700 |ddv_scf|^2 =  1.072E-09

      iter #   3 total cpu time :922276.1 secs   av.it.:  35.0
      thresh= 3.274E-06 alpha_mix =  0.700 |ddv_scf|^2 =  4.501E-12

      iter #   4 total cpu time :922678.2 secs   av.it.:  34.3
      thresh= 2.122E-07 alpha_mix =  0.700 |ddv_scf|^2 =  3.435E-13

      iter #   5 total cpu time :923072.7 secs   av.it.:  32.8
      thresh= 5.860E-08 alpha_mix =  0.700 |ddv_scf|^2 =  3.999E-15

     End of self-consistent calculation

     Convergence has been achieved 


     Representation #  18 mode #  18

     Self-consistent Calculation

      iter #   1 total cpu time :923840.0 secs   av.it.:  14.2
      thresh= 1.000E-02 alpha_mix =  0.700 |ddv_scf|^2 =  8.408E-08

      iter #   2 total cpu time :924248.3 secs   av.it.:  34.0
      thresh= 2.900E-05 alpha_mix =  0.700 |ddv_scf|^2 =  9.107E-10

      iter #   3 total cpu time :924661.8 secs   av.it.:  35.0
      thresh= 3.018E-06 alpha_mix =  0.700 |ddv_scf|^2 =  4.409E-12

      iter #   4 total cpu time :925072.1 secs   av.it.:  34.6
      thresh= 2.100E-07 alpha_mix =  0.700 |ddv_scf|^2 =  3.407E-13

      iter #   5 total cpu time :925472.6 secs   av.it.:  33.2
      thresh= 5.837E-08 alpha_mix =  0.700 |ddv_scf|^2 =  3.115E-15

     End of self-consistent calculation

     Convergence has been achieved 


     Representation #  19 mode #  19

     Self-consistent Calculation

      iter #   1 total cpu time :926249.8 secs   av.it.:  14.4
      thresh= 1.000E-02 alpha_mix =  0.700 |ddv_scf|^2 =  8.816E-08

      iter #   2 total cpu time :926658.3 secs   av.it.:  34.2
      thresh= 2.969E-05 alpha_mix =  0.700 |ddv_scf|^2 =  9.963E-10

      iter #   3 total cpu time :927080.1 secs   av.it.:  35.3
      thresh= 3.156E-06 alpha_mix =  0.700 |ddv_scf|^2 =  4.275E-12

      iter #   4 total cpu time :927497.7 secs   av.it.:  35.4
      thresh= 2.068E-07 alpha_mix =  0.700 |ddv_scf|^2 =  3.109E-13

      iter #   5 total cpu time :927900.9 secs   av.it.:  33.7
      thresh= 5.576E-08 alpha_mix =  0.700 |ddv_scf|^2 =  3.451E-15

     End of self-consistent calculation

     Convergence has been achieved 


     Representation #  20 mode #  20

     Self-consistent Calculation

      iter #   1 total cpu time :928706.8 secs   av.it.:  19.2
      thresh= 1.000E-02 alpha_mix =  0.700 |ddv_scf|^2 =  4.195E-07

      iter #   2 total cpu time :929127.0 secs   av.it.:  36.4
      thresh= 6.477E-05 alpha_mix =  0.700 |ddv_scf|^2 =  7.209E-09

      iter #   3 total cpu time :929563.5 secs   av.it.:  38.7
      thresh= 8.491E-06 alpha_mix =  0.700 |ddv_scf|^2 =  2.686E-09

      iter #   4 total cpu time :929986.0 secs   av.it.:  36.5
      thresh= 5.182E-06 alpha_mix =  0.700 |ddv_scf|^2 =  6.671E-11

      iter #   5 total cpu time :930397.0 secs   av.it.:  34.6
      thresh= 8.167E-07 alpha_mix =  0.700 |ddv_scf|^2 =  2.699E-13

      iter #   6 total cpu time :930822.4 secs   av.it.:  37.0
      thresh= 5.195E-08 alpha_mix =  0.700 |ddv_scf|^2 =  8.577E-15

     End of self-consistent calculation

     Convergence has been achieved 


     Representation #  21 mode #  21

     Self-consistent Calculation

      iter #   1 total cpu time :931625.4 secs   av.it.:  19.6
      thresh= 1.000E-02 alpha_mix =  0.700 |ddv_scf|^2 =  4.531E-06

      iter #   2 total cpu time :932039.1 secs   av.it.:  33.2
      thresh= 2.129E-04 alpha_mix =  0.700 |ddv_scf|^2 =  8.553E-06

      iter #   3 total cpu time :932419.4 secs   av.it.:  29.9
      thresh= 2.925E-04 alpha_mix =  0.700 |ddv_scf|^2 =  2.861E-07

      iter #   4 total cpu time :932810.5 secs   av.it.:  32.2
      thresh= 5.349E-05 alpha_mix =  0.700 |ddv_scf|^2 =  1.207E-08

      iter #   5 total cpu time :933225.7 secs   av.it.:  36.6
      thresh= 1.099E-05 alpha_mix =  0.700 |ddv_scf|^2 =  2.036E-09

      iter #   6 total cpu time :933634.2 secs   av.it.:  34.7
      thresh= 4.512E-06 alpha_mix =  0.700 |ddv_scf|^2 =  1.619E-09

      iter #   7 total cpu time :934056.0 secs   av.it.:  37.2
      thresh= 4.024E-06 alpha_mix =  0.700 |ddv_scf|^2 =  5.404E-10

      iter #   8 total cpu time :934466.9 secs   av.it.:  36.0
      thresh= 2.325E-06 alpha_mix =  0.700 |ddv_scf|^2 =  4.151E-11

      iter #   9 total cpu time :934884.5 secs   av.it.:  36.1
      thresh= 6.443E-07 alpha_mix =  0.700 |ddv_scf|^2 =  3.448E-12

      iter #  10 total cpu time :935303.1 secs   av.it.:  36.9
      thresh= 1.857E-07 alpha_mix =  0.700 |ddv_scf|^2 =  3.299E-13

      iter #  11 total cpu time :935727.6 secs   av.it.:  38.2
      thresh= 5.744E-08 alpha_mix =  0.700 |ddv_scf|^2 =  4.318E-14

      iter #  12 total cpu time :936150.8 secs   av.it.:  37.8
      thresh= 2.078E-08 alpha_mix =  0.700 |ddv_scf|^2 =  1.393E-14

      iter #  13 total cpu time :936549.3 secs   av.it.:  33.5
      thresh= 1.180E-08 alpha_mix =  0.700 |ddv_scf|^2 =  5.507E-15

     End of self-consistent calculation

     Convergence has been achieved 


     Representation #  22 mode #  22

     Self-consistent Calculation

      iter #   1 total cpu time :937334.6 secs   av.it.:  16.4
      thresh= 1.000E-02 alpha_mix =  0.700 |ddv_scf|^2 =  6.803E-06

      iter #   2 total cpu time :937729.4 secs   av.it.:  31.7
      thresh= 2.608E-04 alpha_mix =  0.700 |ddv_scf|^2 =  1.830E-05

      iter #   3 total cpu time :938104.6 secs   av.it.:  28.8
      thresh= 4.277E-04 alpha_mix =  0.700 |ddv_scf|^2 =  4.837E-08

      iter #   4 total cpu time :938517.7 secs   av.it.:  35.4
      thresh= 2.199E-05 alpha_mix =  0.700 |ddv_scf|^2 =  1.396E-08

      iter #   5 total cpu time :938928.9 secs   av.it.:  34.9
      thresh= 1.182E-05 alpha_mix =  0.700 |ddv_scf|^2 =  9.292E-11

      iter #   6 total cpu time :939353.9 secs   av.it.:  36.9
      thresh= 9.640E-07 alpha_mix =  0.700 |ddv_scf|^2 =  1.672E-11

      iter #   7 total cpu time :939779.1 secs   av.it.:  37.0
      thresh= 4.090E-07 alpha_mix =  0.700 |ddv_scf|^2 =  2.630E-13

      iter #   8 total cpu time :940219.8 secs   av.it.:  37.8
      thresh= 5.129E-08 alpha_mix =  0.700 |ddv_scf|^2 =  6.942E-14

      iter #   9 total cpu time :940649.2 secs   av.it.:  38.0
      thresh= 2.635E-08 alpha_mix =  0.700 |ddv_scf|^2 =  3.431E-14

      iter #  10 total cpu time :941070.7 secs   av.it.:  36.8
      thresh= 1.852E-08 alpha_mix =  0.700 |ddv_scf|^2 =  5.631E-15

     End of self-consistent calculation

     Convergence has been achieved 


     Representation #  23 mode #  23

     Self-consistent Calculation

      iter #   1 total cpu time :941881.3 secs   av.it.:  20.4
      thresh= 1.000E-02 alpha_mix =  0.700 |ddv_scf|^2 =  2.265E-06

      iter #   2 total cpu time :942288.4 secs   av.it.:  34.1
      thresh= 1.505E-04 alpha_mix =  0.700 |ddv_scf|^2 =  4.215E-06

      iter #   3 total cpu time :942680.9 secs   av.it.:  30.2
      thresh= 2.053E-04 alpha_mix =  0.700 |ddv_scf|^2 =  1.467E-07

      iter #   4 total cpu time :943086.6 secs   av.it.:  33.0
      thresh= 3.830E-05 alpha_mix =  0.700 |ddv_scf|^2 =  8.097E-09

      iter #   5 total cpu time :943509.1 secs   av.it.:  36.0
      thresh= 8.998E-06 alpha_mix =  0.700 |ddv_scf|^2 =  2.226E-09

      iter #   6 total cpu time :943930.2 secs   av.it.:  35.5
      thresh= 4.718E-06 alpha_mix =  0.700 |ddv_scf|^2 =  1.602E-09

      iter #   7 total cpu time :944354.1 secs   av.it.:  36.7
      thresh= 4.003E-06 alpha_mix =  0.700 |ddv_scf|^2 =  2.165E-10

      iter #   8 total cpu time :944781.5 secs   av.it.:  37.1
      thresh= 1.471E-06 alpha_mix =  0.700 |ddv_scf|^2 =  4.481E-12

      iter #   9 total cpu time :945218.0 secs   av.it.:  38.2
      thresh= 2.117E-07 alpha_mix =  0.700 |ddv_scf|^2 =  1.835E-12

      iter #  10 total cpu time :945642.1 secs   av.it.:  36.4
      thresh= 1.355E-07 alpha_mix =  0.700 |ddv_scf|^2 =  1.076E-13

      iter #  11 total cpu time :946069.8 secs   av.it.:  37.3
      thresh= 3.281E-08 alpha_mix =  0.700 |ddv_scf|^2 =  2.461E-15

     End of self-consistent calculation

     Convergence has been achieved 


     Representation #  24 mode #  24

     Self-consistent Calculation

      iter #   1 total cpu time :946852.2 secs   av.it.:  15.4
      thresh= 1.000E-02 alpha_mix =  0.700 |ddv_scf|^2 =  1.090E-06

      iter #   2 total cpu time :947271.0 secs   av.it.:  35.0
      thresh= 1.044E-04 alpha_mix =  0.700 |ddv_scf|^2 =  2.274E-06

      iter #   3 total cpu time :947655.1 secs   av.it.:  30.0
      thresh= 1.508E-04 alpha_mix =  0.700 |ddv_scf|^2 =  6.167E-08

      iter #   4 total cpu time :948063.3 secs   av.it.:  33.8
      thresh= 2.483E-05 alpha_mix =  0.700 |ddv_scf|^2 =  1.379E-09

      iter #   5 total cpu time :948499.7 secs   av.it.:  36.5
      thresh= 3.714E-06 alpha_mix =  0.700 |ddv_scf|^2 =  9.661E-11

      iter #   6 total cpu time :948926.8 secs   av.it.:  37.0
      thresh= 9.829E-07 alpha_mix =  0.700 |ddv_scf|^2 =  1.357E-11

      iter #   7 total cpu time :949352.1 secs   av.it.:  37.1
      thresh= 3.683E-07 alpha_mix =  0.700 |ddv_scf|^2 =  1.302E-12

      iter #   8 total cpu time :949776.4 secs   av.it.:  36.9
      thresh= 1.141E-07 alpha_mix =  0.700 |ddv_scf|^2 =  1.123E-12

      iter #   9 total cpu time :950180.3 secs   av.it.:  33.8
      thresh= 1.060E-07 alpha_mix =  0.700 |ddv_scf|^2 =  7.566E-15

     End of self-consistent calculation

     Convergence has been achieved 


     Representation #  25 mode #  25

     Self-consistent Calculation

      iter #   1 total cpu time :950982.1 secs   av.it.:  19.4
      thresh= 1.000E-02 alpha_mix =  0.700 |ddv_scf|^2 =  1.856E-06

      iter #   2 total cpu time :951395.4 secs   av.it.:  34.4
      thresh= 1.362E-04 alpha_mix =  0.700 |ddv_scf|^2 =  2.351E-06

      iter #   3 total cpu time :951782.8 secs   av.it.:  31.0
      thresh= 1.533E-04 alpha_mix =  0.700 |ddv_scf|^2 =  2.532E-07

      iter #   4 total cpu time :952177.0 secs   av.it.:  31.7
      thresh= 5.032E-05 alpha_mix =  0.700 |ddv_scf|^2 =  8.992E-09

      iter #   5 total cpu time :952583.3 secs   av.it.:  34.3
      thresh= 9.482E-06 alpha_mix =  0.700 |ddv_scf|^2 =  2.163E-09

      iter #   6 total cpu time :953001.4 secs   av.it.:  35.7
      thresh= 4.651E-06 alpha_mix =  0.700 |ddv_scf|^2 =  1.540E-09

      iter #   7 total cpu time :953423.1 secs   av.it.:  36.9
      thresh= 3.924E-06 alpha_mix =  0.700 |ddv_scf|^2 =  2.954E-10

      iter #   8 total cpu time :953843.0 secs   av.it.:  35.9
      thresh= 1.719E-06 alpha_mix =  0.700 |ddv_scf|^2 =  2.762E-11

      iter #   9 total cpu time :954269.3 secs   av.it.:  36.5
      thresh= 5.255E-07 alpha_mix =  0.700 |ddv_scf|^2 =  2.623E-12

      iter #  10 total cpu time :954688.0 secs   av.it.:  36.3
      thresh= 1.620E-07 alpha_mix =  0.700 |ddv_scf|^2 =  1.099E-13

      iter #  11 total cpu time :955114.4 secs   av.it.:  37.5
      thresh= 3.315E-08 alpha_mix =  0.700 |ddv_scf|^2 =  8.268E-15

     End of self-consistent calculation

     Convergence has been achieved 


     Representation #  26 mode #  26

     Self-consistent Calculation

      iter #   1 total cpu time :955884.9 secs   av.it.:  15.1
      thresh= 1.000E-02 alpha_mix =  0.700 |ddv_scf|^2 =  1.466E-06

      iter #   2 total cpu time :956283.1 secs   av.it.:  32.7
      thresh= 1.211E-04 alpha_mix =  0.700 |ddv_scf|^2 =  3.668E-06

      iter #   3 total cpu time :956661.9 secs   av.it.:  29.1
      thresh= 1.915E-04 alpha_mix =  0.700 |ddv_scf|^2 =  2.506E-08

      iter #   4 total cpu time :957075.5 secs   av.it.:  35.5
      thresh= 1.583E-05 alpha_mix =  0.700 |ddv_scf|^2 =  3.873E-09

      iter #   5 total cpu time :957492.9 secs   av.it.:  35.8
      thresh= 6.223E-06 alpha_mix =  0.700 |ddv_scf|^2 =  1.126E-10

      iter #   6 total cpu time :957913.0 secs   av.it.:  36.5
      thresh= 1.061E-06 alpha_mix =  0.700 |ddv_scf|^2 =  1.218E-11

      iter #   7 total cpu time :958334.5 secs   av.it.:  37.2
      thresh= 3.490E-07 alpha_mix =  0.700 |ddv_scf|^2 =  1.490E-12

      iter #   8 total cpu time :958756.6 secs   av.it.:  36.8
      thresh= 1.221E-07 alpha_mix =  0.700 |ddv_scf|^2 =  3.550E-13

      iter #   9 total cpu time :959178.5 secs   av.it.:  36.6
      thresh= 5.958E-08 alpha_mix =  0.700 |ddv_scf|^2 =  1.506E-14

      iter #  10 total cpu time :959613.8 secs   av.it.:  38.5
      thresh= 1.227E-08 alpha_mix =  0.700 |ddv_scf|^2 =  6.677E-15

     End of self-consistent calculation

     Convergence has been achieved 


     Representation #  27 mode #  27

     Self-consistent Calculation

      iter #   1 total cpu time :960395.1 secs   av.it.:  15.3
      thresh= 1.000E-02 alpha_mix =  0.700 |ddv_scf|^2 =  1.130E-06

      iter #   2 total cpu time :960794.7 secs   av.it.:  32.8
      thresh= 1.063E-04 alpha_mix =  0.700 |ddv_scf|^2 =  2.610E-06

      iter #   3 total cpu time :961170.2 secs   av.it.:  29.1
      thresh= 1.616E-04 alpha_mix =  0.700 |ddv_scf|^2 =  2.253E-08

      iter #   4 total cpu time :961570.9 secs   av.it.:  32.9
      thresh= 1.501E-05 alpha_mix =  0.700 |ddv_scf|^2 =  4.801E-09

      iter #   5 total cpu time :961964.8 secs   av.it.:  31.9
      thresh= 6.929E-06 alpha_mix =  0.700 |ddv_scf|^2 =  1.011E-10

      iter #   6 total cpu time :962386.6 secs   av.it.:  36.4
      thresh= 1.006E-06 alpha_mix =  0.700 |ddv_scf|^2 =  1.828E-11

      iter #   7 total cpu time :962804.9 secs   av.it.:  36.1
      thresh= 4.276E-07 alpha_mix =  0.700 |ddv_scf|^2 =  5.851E-13

      iter #   8 total cpu time :963231.9 secs   av.it.:  37.4
      thresh= 7.649E-08 alpha_mix =  0.700 |ddv_scf|^2 =  1.749E-13

      iter #   9 total cpu time :963656.7 secs   av.it.:  36.5
      thresh= 4.182E-08 alpha_mix =  0.700 |ddv_scf|^2 =  2.251E-14

      iter #  10 total cpu time :964087.9 secs   av.it.:  37.9
      thresh= 1.500E-08 alpha_mix =  0.700 |ddv_scf|^2 =  3.446E-15

     End of self-consistent calculation

     Convergence has been achieved 


     Representation #  28 mode #  28

     Self-consistent Calculation

      iter #   1 total cpu time :964879.9 secs   av.it.:  15.3
      thresh= 1.000E-02 alpha_mix =  0.700 |ddv_scf|^2 =  8.241E-07

      iter #   2 total cpu time :965292.2 secs   av.it.:  34.8
      thresh= 9.078E-05 alpha_mix =  0.700 |ddv_scf|^2 =  8.258E-07

      iter #   3 total cpu time :965693.9 secs   av.it.:  33.4
      thresh= 9.087E-05 alpha_mix =  0.700 |ddv_scf|^2 =  5.106E-08

      iter #   4 total cpu time :966094.8 secs   av.it.:  31.5
      thresh= 2.260E-05 alpha_mix =  0.700 |ddv_scf|^2 =  2.148E-09

      iter #   5 total cpu time :966511.9 secs   av.it.:  35.9
      thresh= 4.635E-06 alpha_mix =  0.700 |ddv_scf|^2 =  1.989E-10

      iter #   6 total cpu time :966915.7 secs   av.it.:  33.9
      thresh= 1.410E-06 alpha_mix =  0.700 |ddv_scf|^2 =  1.122E-11

      iter #   7 total cpu time :967340.9 secs   av.it.:  37.6
      thresh= 3.349E-07 alpha_mix =  0.700 |ddv_scf|^2 =  9.827E-13

      iter #   8 total cpu time :967772.8 secs   av.it.:  37.8
      thresh= 9.913E-08 alpha_mix =  0.700 |ddv_scf|^2 =  3.882E-13

      iter #   9 total cpu time :968196.2 secs   av.it.:  37.2
      thresh= 6.231E-08 alpha_mix =  0.700 |ddv_scf|^2 =  1.542E-14

      iter #  10 total cpu time :968627.6 secs   av.it.:  38.1
      thresh= 1.242E-08 alpha_mix =  0.700 |ddv_scf|^2 =  2.719E-15

     End of self-consistent calculation

     Convergence has been achieved 


     Representation #  29 mode #  29

     Self-consistent Calculation

      iter #   1 total cpu time :969435.7 secs   av.it.:  20.6
      thresh= 1.000E-02 alpha_mix =  0.700 |ddv_scf|^2 =  1.190E-05

      iter #   2 total cpu time :969832.3 secs   av.it.:  32.4
      thresh= 3.450E-04 alpha_mix =  0.700 |ddv_scf|^2 =  2.879E-05

      iter #   3 total cpu time :970207.3 secs   av.it.:  29.2
      thresh= 5.365E-04 alpha_mix =  0.700 |ddv_scf|^2 =  3.881E-07

      iter #   4 total cpu time :970599.3 secs   av.it.:  32.3
      thresh= 6.230E-05 alpha_mix =  0.700 |ddv_scf|^2 =  1.265E-08

      iter #   5 total cpu time :971024.6 secs   av.it.:  37.6
      thresh= 1.125E-05 alpha_mix =  0.700 |ddv_scf|^2 =  6.250E-09

      iter #   6 total cpu time :971445.3 secs   av.it.:  36.8
      thresh= 7.905E-06 alpha_mix =  0.700 |ddv_scf|^2 =  1.155E-09

      iter #   7 total cpu time :971872.7 secs   av.it.:  37.2
      thresh= 3.399E-06 alpha_mix =  0.700 |ddv_scf|^2 =  4.054E-10

      iter #   8 total cpu time :972288.3 secs   av.it.:  36.1
      thresh= 2.014E-06 alpha_mix =  0.700 |ddv_scf|^2 =  1.470E-11

      iter #   9 total cpu time :972716.9 secs   av.it.:  37.7
      thresh= 3.833E-07 alpha_mix =  0.700 |ddv_scf|^2 =  3.862E-12

      iter #  10 total cpu time :973139.8 secs   av.it.:  36.8
      thresh= 1.965E-07 alpha_mix =  0.700 |ddv_scf|^2 =  3.587E-13

      iter #  11 total cpu time :973564.2 secs   av.it.:  37.0
      thresh= 5.989E-08 alpha_mix =  0.700 |ddv_scf|^2 =  2.689E-14

      iter #  12 total cpu time :973980.1 secs   av.it.:  35.6
      thresh= 1.640E-08 alpha_mix =  0.700 |ddv_scf|^2 =  2.689E-15

     End of self-consistent calculation

     Convergence has been achieved 


     Representation #  30 mode #  30

     Self-consistent Calculation

      iter #   1 total cpu time :974757.6 secs   av.it.:  14.1
      thresh= 1.000E-02 alpha_mix =  0.700 |ddv_scf|^2 =  3.567E-07

      iter #   2 total cpu time :975158.7 secs   av.it.:  32.9
      thresh= 5.972E-05 alpha_mix =  0.700 |ddv_scf|^2 =  7.549E-07

      iter #   3 total cpu time :975535.8 secs   av.it.:  29.0
      thresh= 8.688E-05 alpha_mix =  0.700 |ddv_scf|^2 =  8.812E-09

      iter #   4 total cpu time :975937.7 secs   av.it.:  33.4
      thresh= 9.387E-06 alpha_mix =  0.700 |ddv_scf|^2 =  2.458E-09

      iter #   5 total cpu time :976349.8 secs   av.it.:  34.9
      thresh= 4.958E-06 alpha_mix =  0.700 |ddv_scf|^2 =  1.371E-11

      iter #   6 total cpu time :976776.4 secs   av.it.:  37.2
      thresh= 3.703E-07 alpha_mix =  0.700 |ddv_scf|^2 =  3.879E-12

      iter #   7 total cpu time :977203.8 secs   av.it.:  37.1
      thresh= 1.970E-07 alpha_mix =  0.700 |ddv_scf|^2 =  4.868E-13

      iter #   8 total cpu time :977624.6 secs   av.it.:  36.4
      thresh= 6.977E-08 alpha_mix =  0.700 |ddv_scf|^2 =  5.782E-14

      iter #   9 total cpu time :978052.2 secs   av.it.:  37.4
      thresh= 2.404E-08 alpha_mix =  0.700 |ddv_scf|^2 =  1.372E-14

      iter #  10 total cpu time :978483.9 secs   av.it.:  38.0
      thresh= 1.171E-08 alpha_mix =  0.700 |ddv_scf|^2 =  3.347E-15

     End of self-consistent calculation

     Convergence has been achieved 

     Number of q in the star =    1
     List of q in the star:
          1   0.000000000  -0.515190771   0.126104501

     Diagonalizing the dynamical matrix

     q = (    0.000000000  -0.515190771   0.126104501 ) 

 **************************************************************************
     freq (    1) =       1.890489 [THz] =      63.059939 [cm-1]
     freq (    2) =       3.189926 [THz] =     106.404462 [cm-1]
     freq (    3) =       3.256535 [THz] =     108.626300 [cm-1]
     freq (    4) =       3.769429 [THz] =     125.734634 [cm-1]
     freq (    5) =       3.934517 [THz] =     131.241354 [cm-1]
     freq (    6) =       4.214865 [THz] =     140.592760 [cm-1]
     freq (    7) =       5.113035 [THz] =     170.552489 [cm-1]
     freq (    8) =       5.144304 [THz] =     171.595527 [cm-1]
     freq (    9) =       5.146725 [THz] =     171.676263 [cm-1]
     freq (   10) =       5.889079 [THz] =     196.438534 [cm-1]
     freq (   11) =       6.975642 [THz] =     232.682379 [cm-1]
     freq (   12) =       7.385365 [THz] =     246.349256 [cm-1]
     freq (   13) =       9.054676 [THz] =     302.031494 [cm-1]
     freq (   14) =       9.585806 [THz] =     319.748067 [cm-1]
     freq (   15) =      10.371980 [THz] =     345.972021 [cm-1]
     freq (   16) =      10.548351 [THz] =     351.855114 [cm-1]
     freq (   17) =      10.713557 [THz] =     357.365788 [cm-1]
     freq (   18) =      11.322421 [THz] =     377.675320 [cm-1]
     freq (   19) =      13.895727 [THz] =     463.511564 [cm-1]
     freq (   20) =      14.381785 [THz] =     479.724705 [cm-1]
     freq (   21) =      14.450749 [THz] =     482.025096 [cm-1]
     freq (   22) =      15.051123 [THz] =     502.051406 [cm-1]
     freq (   23) =      18.363444 [THz] =     612.538574 [cm-1]
     freq (   24) =      18.746375 [THz] =     625.311777 [cm-1]
     freq (   25) =      19.282230 [THz] =     643.185953 [cm-1]
     freq (   26) =      20.254527 [THz] =     675.618303 [cm-1]
     freq (   27) =      20.516752 [THz] =     684.365171 [cm-1]
     freq (   28) =      22.003293 [THz] =     733.950868 [cm-1]
     freq (   29) =      22.185190 [THz] =     740.018280 [cm-1]
     freq (   30) =      23.011617 [THz] =     767.584926 [cm-1]
 **************************************************************************

     Mode symmetry, C_2h (2/m)  point group:

     freq (   1-   1) =         63.1  [cm-1]   --> A_g                
     freq (   2-   2) =        106.4  [cm-1]   --> A_u                
     freq (   3-   3) =        108.6  [cm-1]   --> B_u                
     freq (   4-   4) =        125.7  [cm-1]   --> B_g                
     freq (   5-   5) =        131.2  [cm-1]   --> B_g                
     freq (   6-   6) =        140.6  [cm-1]   --> B_u                
     freq (   7-   7) =        170.6  [cm-1]   --> A_g                
     freq (   8-   8) =        171.6  [cm-1]   --> B_u                
     freq (   9-   9) =        171.7  [cm-1]   --> A_u                
     freq (  10-  10) =        196.4  [cm-1]   --> A_g                
     freq (  11-  11) =        232.7  [cm-1]   --> A_g                
     freq (  12-  12) =        246.3  [cm-1]   --> B_u                
     freq (  13-  13) =        302.0  [cm-1]   --> B_g                
     freq (  14-  14) =        319.7  [cm-1]   --> B_u                
     freq (  15-  15) =        346.0  [cm-1]   --> B_u                
     freq (  16-  16) =        351.9  [cm-1]   --> A_u                
     freq (  17-  17) =        357.4  [cm-1]   --> A_g                
     freq (  18-  18) =        377.7  [cm-1]   --> A_g                
     freq (  19-  19) =        463.5  [cm-1]   --> B_g                
     freq (  20-  20) =        479.7  [cm-1]   --> A_u                
     freq (  21-  21) =        482.0  [cm-1]   --> B_u                
     freq (  22-  22) =        502.1  [cm-1]   --> A_g                
     freq (  23-  23) =        612.5  [cm-1]   --> A_g                
     freq (  24-  24) =        625.3  [cm-1]   --> A_g                
     freq (  25-  25) =        643.2  [cm-1]   --> B_u                
     freq (  26-  26) =        675.6  [cm-1]   --> B_g                
     freq (  27-  27) =        684.4  [cm-1]   --> A_u                
     freq (  28-  28) =        734.0  [cm-1]   --> B_u                
     freq (  29-  29) =        740.0  [cm-1]   --> A_g                
     freq (  30-  30) =        767.6  [cm-1]   --> B_u                

     Calculation of q =    0.0000000  -0.5151908  -0.4322656

     Parallelization info
     --------------------
     sticks:   dense  smooth     PW     G-vecs:    dense   smooth      PW
     Min          88      44     14                 5078     1794     323
     Max          89      45     15                 5083     1800     327
     Sum        3359    1685    545               193033    68259   12345

     Using Slab Decomposition


     Title: 
     Phonons of ideal beta-Ga2O3 on a 2x2x2 q grid                              


     bravais-lattice index     =            0
     lattice parameter (alat)  =      11.9022  a.u.
     unit-cell volume          =     706.4068 (a.u.)^3
     number of atoms/cell      =           10
     number of atomic types    =            2
     number of electrons       =        88.00
     number of Kohn-Sham states=           44
     kinetic-energy cutoff     =      80.0000  Ry
     charge density cutoff     =     640.0000  Ry
     Exchange-correlation= PBE
                           (   1   4   3   4   0   0   0)

     celldm(1)=  11.902179  celldm(2)=   0.000000  celldm(3)=   0.000000
     celldm(4)=   0.000000  celldm(5)=   0.000000  celldm(6)=   0.000000

     crystal axes: (cart. coord. in units of alat)
               a(1) = (   0.241044   0.970514   0.000000 )  
               a(2) = (  -0.241044   0.970514   0.000000 )  
               a(3) = (   0.000000   0.219185   0.895463 )  

     reciprocal axes: (cart. coord. in units 2 pi/alat)
               b(1) = (  2.074313  0.515191 -0.126105 )  
               b(2) = ( -2.074313  0.515191 -0.126105 )  
               b(3) = (  0.000000 -0.000000  1.116740 )  


     PseudoPot. # 1 for Ga read from file:
     /scratch/dajuarez4/ga2o3_new/pseudo/Ga.pbe-dn-kjpaw_psl.1.0.0.UPF
     MD5 check sum: 50ce49cbf7e0a40ad8623bf41840a268
     Pseudo is Projector augmented-wave + core cor, Zval = 13.0
     Generated using &quot;atomic&quot; code by A. Dal Corso  v.6.3
     Shape of augmentation charge: PSQ
     Using radial grid of 1205 points,  6 beta functions with: 
                l(1) =   0
                l(2) =   0
                l(3) =   1
                l(4) =   1
                l(5) =   2
                l(6) =   2
     Q(r) pseudized with 0 coefficients 


     PseudoPot. # 2 for O  read from file:
     /scratch/dajuarez4/ga2o3_new/pseudo/O.pbe-n-kjpaw_psl.1.0.0.UPF
     MD5 check sum: e99d9cef9b487d1ca56f5b95ecd0fd7a
     Pseudo is Projector augmented-wave + core cor, Zval =  6.0
     Generated using &quot;atomic&quot; code by A. Dal Corso  v.6.3
     Shape of augmentation charge: PSQ
     Using radial grid of 1095 points,  4 beta functions with: 
                l(1) =   0
                l(2) =   0
                l(3) =   1
                l(4) =   1
     Q(r) pseudized with 0 coefficients 


     atomic species   valence    mass     pseudopotential
        Ga            13.00    69.72300     Ga( 1.00)
        O              6.00    15.99900     O ( 1.00)

      4 Sym. Ops., with inversion, found



   Cartesian axes

     site n.     atom                  positions (alat units)
         1           Ga  tau(   1) = (   0.0000000   1.9404041   0.7122606  )
         2           Ga  tau(   2) = (   0.0000000   0.2198093   0.1832029  )
         3           Ga  tau(   3) = (   0.0000000   0.7318021   0.2813278  )
         4           Ga  tau(   4) = (   0.0000000   1.4284112   0.6141357  )
         5           O   tau(   5) = (   0.0000000   1.6425781   0.0988950  )
         6           O   tau(   6) = (   0.0000000   0.5176352   0.7965685  )
         7           O   tau(   7) = (   0.0000000   1.7282409   0.5042623  )
         8           O   tau(   8) = (   0.0000000   0.4319725   0.3912011  )
         9           O   tau(   9) = (   0.0000000   1.0352294   0.2294177  )
        10           O   tau(  10) = (   0.0000000   1.1249840   0.6660457  )

     number of k points=   952

     Number of k-points >= 100: set verbosity='high' to print them.

     Dense  grid:   193033 G-vectors     FFT dimensions: (  96,  96,  90)

     Smooth grid:    68259 G-vectors     FFT dimensions: (  72,  72,  64)

     Estimated max dynamical RAM per process >      22.25 MB

     Estimated total dynamical RAM >     845.50 MB

     The potential is recalculated from file :
     ./tmp/_ph0/beta-Ga2O3.save/charge-density

     Starting wfcs are   60 atomic wfcs
     Checking if some PAW data can be deallocated... 

     Band Structure Calculation
     Davidson diagonalization with overlap

     ethr =  1.14E-11,  avg # of iterations = 32.9

     total cpu time spent up to now is     5098.4 secs

     End of band structure calculation

     Number of k-points >= 100: set verbosity='high' to print the bands.

     highest occupied level (ev):     8.2032

     Writing config to output data dir ./tmp/_ph0/beta-Ga2O3.save/

     Phonons of ideal beta-Ga2O3 on a 2x2x2 q grid                              

     bravais-lattice index     =            0
     lattice parameter (alat)  =      11.9022  a.u.
     unit-cell volume          =     706.4068 (a.u.)^3
     number of atoms/cell      =           10
     number of atomic types    =            2
     kinetic-energy cut-off    =      80.0000  Ry
     charge density cut-off    =     640.0000  Ry
     convergence threshold     =      1.0E-14
     beta                      =       0.7000
     number of iterations used =            4
     Exchange-correlation= PBE
                           (   1   4   3   4   0   0   0)


     celldm(1)=   11.90218  celldm(2)=    0.00000  celldm(3)=    0.00000
     celldm(4)=    0.00000  celldm(5)=    0.00000  celldm(6)=    0.00000

     crystal axes: (cart. coord. in units of alat)
               a(1) = (  0.2410  0.9705  0.0000 )  
               a(2) = ( -0.2410  0.9705  0.0000 )  
               a(3) = (  0.0000  0.2192  0.8955 )  

     reciprocal axes: (cart. coord. in units 2 pi/alat)
               b(1) = (  2.0743  0.5152 -0.1261 )  
               b(2) = ( -2.0743  0.5152 -0.1261 )  
               b(3) = (  0.0000 -0.0000  1.1167 )  


     Atoms inside the unit cell: 

     Cartesian axes

     site n.  atom      mass           positions (alat units)
        1     Ga  69.7230   tau(    1) = (    0.00000    1.94040    0.71226  )
        2     Ga  69.7230   tau(    2) = (    0.00000    0.21981    0.18320  )
        3     Ga  69.7230   tau(    3) = (    0.00000    0.73180    0.28133  )
        4     Ga  69.7230   tau(    4) = (    0.00000    1.42841    0.61414  )
        5     O   15.9990   tau(    5) = (    0.00000    1.64258    0.09889  )
        6     O   15.9990   tau(    6) = (    0.00000    0.51764    0.79657  )
        7     O   15.9990   tau(    7) = (    0.00000    1.72824    0.50426  )
        8     O   15.9990   tau(    8) = (    0.00000    0.43197    0.39120  )
        9     O   15.9990   tau(    9) = (    0.00000    1.03523    0.22942  )
       10     O   15.9990   tau(   10) = (    0.00000    1.12498    0.66605  )

     Computing dynamical matrix for 
                    q = (   0.0000000  -0.5151908  -0.4322656 )

      5 Sym.Ops. (with q -> -q+G )


     G cutoff = 2296.5355  (   5081 G-vectors)     FFT grid: ( 96, 96, 90)
     G cutoff = 1148.2678  (   1800 G-vectors)  smooth grid: ( 72, 72, 64)
     number of k points=   952

     PseudoPot. # 1 for Ga read from file:
     /scratch/dajuarez4/ga2o3_new/pseudo/Ga.pbe-dn-kjpaw_psl.1.0.0.UPF
     MD5 check sum: 50ce49cbf7e0a40ad8623bf41840a268
     Pseudo is Projector augmented-wave + core cor, Zval = 13.0
     Generated using &quot;atomic&quot; code by A. Dal Corso  v.6.3
     Shape of augmentation charge: PSQ
     Using radial grid of 1205 points,  6 beta functions with: 
                l(1) =   0
                l(2) =   0
                l(3) =   1
                l(4) =   1
                l(5) =   2
                l(6) =   2
     Q(r) pseudized with 0 coefficients 


     PseudoPot. # 2 for O  read from file:
     /scratch/dajuarez4/ga2o3_new/pseudo/O.pbe-n-kjpaw_psl.1.0.0.UPF
     MD5 check sum: e99d9cef9b487d1ca56f5b95ecd0fd7a
     Pseudo is Projector augmented-wave + core cor, Zval =  6.0
     Generated using &quot;atomic&quot; code by A. Dal Corso  v.6.3
     Shape of augmentation charge: PSQ
     Using radial grid of 1095 points,  4 beta functions with: 
                l(1) =   0
                l(2) =   0
                l(3) =   1
                l(4) =   1
     Q(r) pseudized with 0 coefficients 


     Mode symmetry, C_2h (2/m)  point group:


     Atomic displacements:
     There are   30 irreducible representations

     Representation     1      1 modes -  To be done

     Representation     2      1 modes -  To be done

     Representation     3      1 modes -  To be done

     Representation     4      1 modes -  To be done

     Representation     5      1 modes -  To be done

     Representation     6      1 modes -  To be done

     Representation     7      1 modes -  To be done

     Representation     8      1 modes -  To be done

     Representation     9      1 modes -  To be done

     Representation    10      1 modes -  To be done

     Representation    11      1 modes -  To be done

     Representation    12      1 modes -  To be done

     Representation    13      1 modes -  To be done

     Representation    14      1 modes -  To be done

     Representation    15      1 modes -  To be done

     Representation    16      1 modes -  To be done

     Representation    17      1 modes -  To be done

     Representation    18      1 modes -  To be done

     Representation    19      1 modes -  To be done

     Representation    20      1 modes -  To be done

     Representation    21      1 modes -  To be done

     Representation    22      1 modes -  To be done

     Representation    23      1 modes -  To be done

     Representation    24      1 modes -  To be done

     Representation    25      1 modes -  To be done

     Representation    26      1 modes -  To be done

     Representation    27      1 modes -  To be done

     Representation    28      1 modes -  To be done

     Representation    29      1 modes -  To be done

     Representation    30      1 modes -  To be done



     Alpha used in Ewald sum =   2.8000
     PHONON       :   8d 7h 1m CPU  11d 8h 4m WALL



     Representation #   1 mode #   1

     Self-consistent Calculation

      iter #   1 total cpu time :980270.4 secs   av.it.:  19.5
      thresh= 1.000E-02 alpha_mix =  0.700 |ddv_scf|^2 =  3.005E-06

      iter #   2 total cpu time :980682.5 secs   av.it.:  33.8
      thresh= 1.734E-04 alpha_mix =  0.700 |ddv_scf|^2 =  2.602E-06

      iter #   3 total cpu time :981081.2 secs   av.it.:  32.0
      thresh= 1.613E-04 alpha_mix =  0.700 |ddv_scf|^2 =  3.744E-07

      iter #   4 total cpu time :981478.0 secs   av.it.:  31.8
      thresh= 6.119E-05 alpha_mix =  0.700 |ddv_scf|^2 =  2.127E-08

      iter #   5 total cpu time :981884.2 secs   av.it.:  33.4
      thresh= 1.458E-05 alpha_mix =  0.700 |ddv_scf|^2 =  2.524E-09

      iter #   6 total cpu time :982293.5 secs   av.it.:  33.9
      thresh= 5.024E-06 alpha_mix =  0.700 |ddv_scf|^2 =  1.612E-09

      iter #   7 total cpu time :982717.8 secs   av.it.:  36.4
      thresh= 4.015E-06 alpha_mix =  0.700 |ddv_scf|^2 =  2.206E-10

      iter #   8 total cpu time :983147.6 secs   av.it.:  37.3
      thresh= 1.485E-06 alpha_mix =  0.700 |ddv_scf|^2 =  2.485E-11

      iter #   9 total cpu time :983578.8 secs   av.it.:  37.7
      thresh= 4.985E-07 alpha_mix =  0.700 |ddv_scf|^2 =  6.877E-12

      iter #  10 total cpu time :984003.5 secs   av.it.:  36.6
      thresh= 2.622E-07 alpha_mix =  0.700 |ddv_scf|^2 =  6.365E-13

      iter #  11 total cpu time :984437.1 secs   av.it.:  37.5
      thresh= 7.978E-08 alpha_mix =  0.700 |ddv_scf|^2 =  2.443E-14

      iter #  12 total cpu time :984860.4 secs   av.it.:  36.3
      thresh= 1.563E-08 alpha_mix =  0.700 |ddv_scf|^2 =  2.302E-15

     End of self-consistent calculation

     Convergence has been achieved 


     Representation #   2 mode #   2

     Self-consistent Calculation

      iter #   1 total cpu time :985650.0 secs   av.it.:  16.1
      thresh= 1.000E-02 alpha_mix =  0.700 |ddv_scf|^2 =  1.496E-06

      iter #   2 total cpu time :986066.7 secs   av.it.:  34.1
      thresh= 1.223E-04 alpha_mix =  0.700 |ddv_scf|^2 =  2.578E-06

      iter #   3 total cpu time :986457.9 secs   av.it.:  30.9
      thresh= 1.605E-04 alpha_mix =  0.700 |ddv_scf|^2 =  2.317E-08

      iter #   4 total cpu time :986871.8 secs   av.it.:  34.4
      thresh= 1.522E-05 alpha_mix =  0.700 |ddv_scf|^2 =  4.293E-09

      iter #   5 total cpu time :987294.4 secs   av.it.:  36.1
      thresh= 6.552E-06 alpha_mix =  0.700 |ddv_scf|^2 =  6.977E-11

      iter #   6 total cpu time :987723.7 secs   av.it.:  37.0
      thresh= 8.353E-07 alpha_mix =  0.700 |ddv_scf|^2 =  1.557E-11

      iter #   7 total cpu time :988149.9 secs   av.it.:  36.4
      thresh= 3.945E-07 alpha_mix =  0.700 |ddv_scf|^2 =  4.495E-13

      iter #   8 total cpu time :988585.7 secs   av.it.:  38.0
      thresh= 6.705E-08 alpha_mix =  0.700 |ddv_scf|^2 =  4.280E-13

      iter #   9 total cpu time :988995.3 secs   av.it.:  33.7
      thresh= 6.542E-08 alpha_mix =  0.700 |ddv_scf|^2 =  1.872E-14

      iter #  10 total cpu time :989423.7 secs   av.it.:  36.8
      thresh= 1.368E-08 alpha_mix =  0.700 |ddv_scf|^2 =  7.638E-15

     End of self-consistent calculation

     Convergence has been achieved 


     Representation #   3 mode #   3

     Self-consistent Calculation

      iter #   1 total cpu time :990243.8 secs   av.it.:  20.6
      thresh= 1.000E-02 alpha_mix =  0.700 |ddv_scf|^2 =  5.435E-06

      iter #   2 total cpu time :990647.6 secs   av.it.:  33.0
      thresh= 2.331E-04 alpha_mix =  0.700 |ddv_scf|^2 =  5.953E-06

      iter #   3 total cpu time :991040.1 secs   av.it.:  31.1
      thresh= 2.440E-04 alpha_mix =  0.700 |ddv_scf|^2 =  4.282E-07

      iter #   4 total cpu time :991434.7 secs   av.it.:  31.7
      thresh= 6.544E-05 alpha_mix =  0.700 |ddv_scf|^2 =  2.024E-08

      iter #   5 total cpu time :991845.5 secs   av.it.:  34.5
      thresh= 1.423E-05 alpha_mix =  0.700 |ddv_scf|^2 =  4.641E-09

      iter #   6 total cpu time :992254.3 secs   av.it.:  33.9
      thresh= 6.813E-06 alpha_mix =  0.700 |ddv_scf|^2 =  1.703E-09

      iter #   7 total cpu time :992681.3 secs   av.it.:  37.0
      thresh= 4.127E-06 alpha_mix =  0.700 |ddv_scf|^2 =  2.255E-10

      iter #   8 total cpu time :993108.2 secs   av.it.:  36.8
      thresh= 1.502E-06 alpha_mix =  0.700 |ddv_scf|^2 =  2.584E-11

      iter #   9 total cpu time :993536.7 secs   av.it.:  37.5
      thresh= 5.084E-07 alpha_mix =  0.700 |ddv_scf|^2 =  7.264E-12

      iter #  10 total cpu time :993963.3 secs   av.it.:  36.6
      thresh= 2.695E-07 alpha_mix =  0.700 |ddv_scf|^2 =  3.085E-13

      iter #  11 total cpu time :994397.3 secs   av.it.:  37.8
      thresh= 5.555E-08 alpha_mix =  0.700 |ddv_scf|^2 =  2.235E-14

      iter #  12 total cpu time :994830.2 secs   av.it.:  37.3
      thresh= 1.495E-08 alpha_mix =  0.700 |ddv_scf|^2 =  3.574E-15

     End of self-consistent calculation

     Convergence has been achieved 


     Representation #   4 mode #   4

     Self-consistent Calculation

      iter #   1 total cpu time :995618.3 secs   av.it.:  15.5
      thresh= 1.000E-02 alpha_mix =  0.700 |ddv_scf|^2 =  1.496E-06

      iter #   2 total cpu time :996027.7 secs   av.it.:  33.8
      thresh= 1.223E-04 alpha_mix =  0.700 |ddv_scf|^2 =  2.242E-06

      iter #   3 total cpu time :996416.7 secs   av.it.:  30.6
      thresh= 1.497E-04 alpha_mix =  0.700 |ddv_scf|^2 =  3.246E-08

      iter #   4 total cpu time :996831.5 secs   av.it.:  34.8
      thresh= 1.802E-05 alpha_mix =  0.700 |ddv_scf|^2 =  4.699E-09

      iter #   5 total cpu time :997251.1 secs   av.it.:  35.5
      thresh= 6.855E-06 alpha_mix =  0.700 |ddv_scf|^2 =  7.885E-11

      iter #   6 total cpu time :997679.2 secs   av.it.:  36.9
      thresh= 8.879E-07 alpha_mix =  0.700 |ddv_scf|^2 =  1.750E-11

      iter #   7 total cpu time :998105.9 secs   av.it.:  36.8
      thresh= 4.183E-07 alpha_mix =  0.700 |ddv_scf|^2 =  3.719E-13

      iter #   8 total cpu time :998543.9 secs   av.it.:  38.4
      thresh= 6.098E-08 alpha_mix =  0.700 |ddv_scf|^2 =  2.870E-13

      iter #   9 total cpu time :998972.3 secs   av.it.:  37.1
      thresh= 5.358E-08 alpha_mix =  0.700 |ddv_scf|^2 =  2.250E-14

      iter #  10 total cpu time :999404.3 secs   av.it.:  37.5
      thresh= 1.500E-08 alpha_mix =  0.700 |ddv_scf|^2 =  6.501E-15

     End of self-consistent calculation

     Convergence has been achieved 


     Representation #   5 mode #   5

     Self-consistent Calculation

      iter #   1 total cpu time :******** secs   av.it.:  19.3
      thresh= 1.000E-02 alpha_mix =  0.700 |ddv_scf|^2 =  7.113E-07

      iter #   2 total cpu time :******** secs   av.it.:  36.5
      thresh= 8.434E-05 alpha_mix =  0.700 |ddv_scf|^2 =  2.153E-07

      iter #   3 total cpu time :******** secs   av.it.:  36.9
      thresh= 4.640E-05 alpha_mix =  0.700 |ddv_scf|^2 =  1.783E-07

      iter #   4 total cpu time :******** secs   av.it.:  33.1
      thresh= 4.222E-05 alpha_mix =  0.700 |ddv_scf|^2 =  2.185E-09

      iter #   5 total cpu time :******** secs   av.it.:  38.4
      thresh= 4.674E-06 alpha_mix =  0.700 |ddv_scf|^2 =  1.510E-09

      iter #   6 total cpu time :******** secs   av.it.:  38.2
      thresh= 3.886E-06 alpha_mix =  0.700 |ddv_scf|^2 =  8.803E-10

      iter #   7 total cpu time :******** secs   av.it.:  36.1
      thresh= 2.967E-06 alpha_mix =  0.700 |ddv_scf|^2 =  1.304E-10

      iter #   8 total cpu time :******** secs   av.it.:  37.3
      thresh= 1.142E-06 alpha_mix =  0.700 |ddv_scf|^2 =  2.483E-12

      iter #   9 total cpu time :******** secs   av.it.:  38.3
      thresh= 1.576E-07 alpha_mix =  0.700 |ddv_scf|^2 =  2.296E-13

      iter #  10 total cpu time :******** secs   av.it.:  37.2
      thresh= 4.792E-08 alpha_mix =  0.700 |ddv_scf|^2 =  2.711E-14

      iter #  11 total cpu time :******** secs   av.it.:  36.2
      thresh= 1.646E-08 alpha_mix =  0.700 |ddv_scf|^2 =  5.181E-15

     End of self-consistent calculation

     Convergence has been achieved 


     Representation #   6 mode #   6

     Self-consistent Calculation

      iter #   1 total cpu time :******** secs   av.it.:  15.3
      thresh= 1.000E-02 alpha_mix =  0.700 |ddv_scf|^2 =  1.402E-06

      iter #   2 total cpu time :******** secs   av.it.:  33.7
      thresh= 1.184E-04 alpha_mix =  0.700 |ddv_scf|^2 =  1.603E-06

      iter #   3 total cpu time :******** secs   av.it.:  32.0
      thresh= 1.266E-04 alpha_mix =  0.700 |ddv_scf|^2 =  6.138E-08

      iter #   4 total cpu time :******** secs   av.it.:  31.5
      thresh= 2.477E-05 alpha_mix =  0.700 |ddv_scf|^2 =  9.459E-10

      iter #   5 total cpu time :******** secs   av.it.:  36.6
      thresh= 3.076E-06 alpha_mix =  0.700 |ddv_scf|^2 =  1.673E-10

      iter #   6 total cpu time :******** secs   av.it.:  36.6
      thresh= 1.293E-06 alpha_mix =  0.700 |ddv_scf|^2 =  9.016E-12

      iter #   7 total cpu time :******** secs   av.it.:  37.6
      thresh= 3.003E-07 alpha_mix =  0.700 |ddv_scf|^2 =  3.377E-13

      iter #   8 total cpu time :******** secs   av.it.:  38.3
      thresh= 5.811E-08 alpha_mix =  0.700 |ddv_scf|^2 =  2.972E-13

      iter #   9 total cpu time :******** secs   av.it.:  36.7
      thresh= 5.452E-08 alpha_mix =  0.700 |ddv_scf|^2 =  2.321E-14

      iter #  10 total cpu time :******** secs   av.it.:  37.9
      thresh= 1.524E-08 alpha_mix =  0.700 |ddv_scf|^2 =  2.030E-14

      iter #  11 total cpu time :******** secs   av.it.:  36.1
      thresh= 1.425E-08 alpha_mix =  0.700 |ddv_scf|^2 =  8.150E-15

     End of self-consistent calculation

     Convergence has been achieved 


     Representation #   7 mode #   7

     Self-consistent Calculation

      iter #   1 total cpu time :******** secs   av.it.:  15.2
      thresh= 1.000E-02 alpha_mix =  0.700 |ddv_scf|^2 =  2.633E-07

      iter #   2 total cpu time :******** secs   av.it.:  34.5
      thresh= 5.131E-05 alpha_mix =  0.700 |ddv_scf|^2 =  1.656E-07

      iter #   3 total cpu time :******** secs   av.it.:  31.9
      thresh= 4.070E-05 alpha_mix =  0.700 |ddv_scf|^2 =  2.140E-08

      iter #   4 total cpu time :******** secs   av.it.:  32.3
      thresh= 1.463E-05 alpha_mix =  0.700 |ddv_scf|^2 =  1.761E-09

      iter #   5 total cpu time :******** secs   av.it.:  31.9
      thresh= 4.197E-06 alpha_mix =  0.700 |ddv_scf|^2 =  3.174E-11

      iter #   6 total cpu time :******** secs   av.it.:  37.2
      thresh= 5.634E-07 alpha_mix =  0.700 |ddv_scf|^2 =  7.493E-12

      iter #   7 total cpu time :******** secs   av.it.:  35.8
      thresh= 2.737E-07 alpha_mix =  0.700 |ddv_scf|^2 =  3.330E-13

      iter #   8 total cpu time :******** secs   av.it.:  38.0
      thresh= 5.771E-08 alpha_mix =  0.700 |ddv_scf|^2 =  9.122E-14

      iter #   9 total cpu time :******** secs   av.it.:  37.6
      thresh= 3.020E-08 alpha_mix =  0.700 |ddv_scf|^2 =  2.676E-14

      iter #  10 total cpu time :******** secs   av.it.:  37.5
      thresh= 1.636E-08 alpha_mix =  0.700 |ddv_scf|^2 =  7.823E-15

     End of self-consistent calculation

     Convergence has been achieved 


     Representation #   8 mode #   8

     Self-consistent Calculation

      iter #   1 total cpu time :******** secs   av.it.:  15.2
      thresh= 1.000E-02 alpha_mix =  0.700 |ddv_scf|^2 =  1.484E-06

      iter #   2 total cpu time :******** secs   av.it.:  33.5
      thresh= 1.218E-04 alpha_mix =  0.700 |ddv_scf|^2 =  2.707E-06

      iter #   3 total cpu time :******** secs   av.it.:  30.4
      thresh= 1.645E-04 alpha_mix =  0.700 |ddv_scf|^2 =  1.367E-08

      iter #   4 total cpu time :******** secs   av.it.:  35.2
      thresh= 1.169E-05 alpha_mix =  0.700 |ddv_scf|^2 =  6.154E-09

      iter #   5 total cpu time :******** secs   av.it.:  35.3
      thresh= 7.845E-06 alpha_mix =  0.700 |ddv_scf|^2 =  1.058E-10

      iter #   6 total cpu time :******** secs   av.it.:  36.2
      thresh= 1.028E-06 alpha_mix =  0.700 |ddv_scf|^2 =  5.138E-12

      iter #   7 total cpu time :******** secs   av.it.:  37.4
      thresh= 2.267E-07 alpha_mix =  0.700 |ddv_scf|^2 =  8.707E-13

      iter #   8 total cpu time :******** secs   av.it.:  37.4
      thresh= 9.331E-08 alpha_mix =  0.700 |ddv_scf|^2 =  2.749E-13

      iter #   9 total cpu time :******** secs   av.it.:  36.5
      thresh= 5.243E-08 alpha_mix =  0.700 |ddv_scf|^2 =  1.860E-14

      iter #  10 total cpu time :******** secs   av.it.:  37.0
      thresh= 1.364E-08 alpha_mix =  0.700 |ddv_scf|^2 =  9.585E-16

     End of self-consistent calculation

     Convergence has been achieved 


     Representation #   9 mode #   9

     Self-consistent Calculation

      iter #   1 total cpu time :******** secs   av.it.:  20.2
      thresh= 1.000E-02 alpha_mix =  0.700 |ddv_scf|^2 =  1.203E-06

      iter #   2 total cpu time :******** secs   av.it.:  36.0
      thresh= 1.097E-04 alpha_mix =  0.700 |ddv_scf|^2 =  1.271E-06

      iter #   3 total cpu time :******** secs   av.it.:  32.6
      thresh= 1.127E-04 alpha_mix =  0.700 |ddv_scf|^2 =  1.206E-07

      iter #   4 total cpu time :******** secs   av.it.:  34.0
      thresh= 3.473E-05 alpha_mix =  0.700 |ddv_scf|^2 =  6.245E-09

      iter #   5 total cpu time :******** secs   av.it.:  38.2
      thresh= 7.902E-06 alpha_mix =  0.700 |ddv_scf|^2 =  2.243E-09

      iter #   6 total cpu time :******** secs   av.it.:  38.1
      thresh= 4.736E-06 alpha_mix =  0.700 |ddv_scf|^2 =  8.040E-10

      iter #   7 total cpu time :******** secs   av.it.:  37.7
      thresh= 2.835E-06 alpha_mix =  0.700 |ddv_scf|^2 =  1.002E-10

      iter #   8 total cpu time :******** secs   av.it.:  37.0
      thresh= 1.001E-06 alpha_mix =  0.700 |ddv_scf|^2 =  4.905E-12

      iter #   9 total cpu time :******** secs   av.it.:  37.2
      thresh= 2.215E-07 alpha_mix =  0.700 |ddv_scf|^2 =  8.904E-13

      iter #  10 total cpu time :******** secs   av.it.:  38.0
      thresh= 9.436E-08 alpha_mix =  0.700 |ddv_scf|^2 =  9.697E-14

      iter #  11 total cpu time :******** secs   av.it.:  38.0
      thresh= 3.114E-08 alpha_mix =  0.700 |ddv_scf|^2 =  2.262E-14

      iter #  12 total cpu time :******** secs   av.it.:  36.7
      thresh= 1.504E-08 alpha_mix =  0.700 |ddv_scf|^2 =  4.440E-15

     End of self-consistent calculation

     Convergence has been achieved 


     Representation #  10 mode #  10

     Self-consistent Calculation

      iter #   1 total cpu time :******** secs   av.it.:  15.1
      thresh= 1.000E-02 alpha_mix =  0.700 |ddv_scf|^2 =  1.006E-06

      iter #   2 total cpu time :******** secs   av.it.:  32.8
      thresh= 1.003E-04 alpha_mix =  0.700 |ddv_scf|^2 =  8.795E-07

      iter #   3 total cpu time :******** secs   av.it.:  30.8
      thresh= 9.378E-05 alpha_mix =  0.700 |ddv_scf|^2 =  8.944E-09

      iter #   4 total cpu time :******** secs   av.it.:  34.0
      thresh= 9.457E-06 alpha_mix =  0.700 |ddv_scf|^2 =  3.300E-09

      iter #   5 total cpu time :******** secs   av.it.:  34.4
      thresh= 5.744E-06 alpha_mix =  0.700 |ddv_scf|^2 =  9.779E-11

      iter #   6 total cpu time :******** secs   av.it.:  36.8
      thresh= 9.889E-07 alpha_mix =  0.700 |ddv_scf|^2 =  8.414E-12

      iter #   7 total cpu time :******** secs   av.it.:  37.4
      thresh= 2.901E-07 alpha_mix =  0.700 |ddv_scf|^2 =  2.616E-13

      iter #   8 total cpu time :******** secs   av.it.:  37.8
      thresh= 5.115E-08 alpha_mix =  0.700 |ddv_scf|^2 =  3.236E-14

      iter #   9 total cpu time :******** secs   av.it.:  38.3
      thresh= 1.799E-08 alpha_mix =  0.700 |ddv_scf|^2 =  2.828E-14

      iter #  10 total cpu time :******** secs   av.it.:  36.0
      thresh= 1.682E-08 alpha_mix =  0.700 |ddv_scf|^2 =  3.956E-15

     End of self-consistent calculation

     Convergence has been achieved 


     Representation #  11 mode #  11

     Self-consistent Calculation

      iter #   1 total cpu time :******** secs   av.it.:  18.6
      thresh= 1.000E-02 alpha_mix =  0.700 |ddv_scf|^2 =  4.278E-07

      iter #   2 total cpu time :******** secs   av.it.:  35.7
      thresh= 6.541E-05 alpha_mix =  0.700 |ddv_scf|^2 =  6.979E-09

      iter #   3 total cpu time :******** secs   av.it.:  38.7
      thresh= 8.354E-06 alpha_mix =  0.700 |ddv_scf|^2 =  2.747E-09

      iter #   4 total cpu time :******** secs   av.it.:  36.7
      thresh= 5.241E-06 alpha_mix =  0.700 |ddv_scf|^2 =  1.848E-11

      iter #   5 total cpu time :******** secs   av.it.:  36.5
      thresh= 4.299E-07 alpha_mix =  0.700 |ddv_scf|^2 =  2.423E-13

      iter #   6 total cpu time :******** secs   av.it.:  37.6
      thresh= 4.923E-08 alpha_mix =  0.700 |ddv_scf|^2 =  9.751E-15

     End of self-consistent calculation

     Convergence has been achieved 


     Representation #  12 mode #  12

     Self-consistent Calculation

      iter #   1 total cpu time :******** secs   av.it.:  14.5
      thresh= 1.000E-02 alpha_mix =  0.700 |ddv_scf|^2 =  8.285E-08

      iter #   2 total cpu time :******** secs   av.it.:  34.4
      thresh= 2.878E-05 alpha_mix =  0.700 |ddv_scf|^2 =  7.485E-10

      iter #   3 total cpu time :******** secs   av.it.:  35.6
      thresh= 2.736E-06 alpha_mix =  0.700 |ddv_scf|^2 =  3.758E-12

      iter #   4 total cpu time :******** secs   av.it.:  34.3
      thresh= 1.939E-07 alpha_mix =  0.700 |ddv_scf|^2 =  2.123E-13

      iter #   5 total cpu time :******** secs   av.it.:  32.9
      thresh= 4.607E-08 alpha_mix =  0.700 |ddv_scf|^2 =  2.926E-15

     End of self-consistent calculation

     Convergence has been achieved 


     Representation #  13 mode #  13

     Self-consistent Calculation

      iter #   1 total cpu time :******** secs   av.it.:  14.1
      thresh= 1.000E-02 alpha_mix =  0.700 |ddv_scf|^2 =  7.377E-08

      iter #   2 total cpu time :******** secs   av.it.:  34.0
      thresh= 2.716E-05 alpha_mix =  0.700 |ddv_scf|^2 =  4.902E-10

      iter #   3 total cpu time :******** secs   av.it.:  35.8
      thresh= 2.214E-06 alpha_mix =  0.700 |ddv_scf|^2 =  3.781E-12

      iter #   4 total cpu time :******** secs   av.it.:  33.8
      thresh= 1.945E-07 alpha_mix =  0.700 |ddv_scf|^2 =  1.754E-13

      iter #   5 total cpu time :******** secs   av.it.:  32.5
      thresh= 4.189E-08 alpha_mix =  0.700 |ddv_scf|^2 =  2.517E-15

     End of self-consistent calculation

     Convergence has been achieved 


     Representation #  14 mode #  14

     Self-consistent Calculation

      iter #   1 total cpu time :******** secs   av.it.:  14.4
      thresh= 1.000E-02 alpha_mix =  0.700 |ddv_scf|^2 =  8.770E-08

      iter #   2 total cpu time :******** secs   av.it.:  34.2
      thresh= 2.961E-05 alpha_mix =  0.700 |ddv_scf|^2 =  8.868E-10

      iter #   3 total cpu time :******** secs   av.it.:  36.1
      thresh= 2.978E-06 alpha_mix =  0.700 |ddv_scf|^2 =  3.751E-12

      iter #   4 total cpu time :******** secs   av.it.:  34.8
      thresh= 1.937E-07 alpha_mix =  0.700 |ddv_scf|^2 =  2.218E-13

      iter #   5 total cpu time :******** secs   av.it.:  33.7
      thresh= 4.709E-08 alpha_mix =  0.700 |ddv_scf|^2 =  2.659E-15

     End of self-consistent calculation

     Convergence has been achieved 


     Representation #  15 mode #  15

     Self-consistent Calculation

      iter #   1 total cpu time :******** secs   av.it.:  19.3
      thresh= 1.000E-02 alpha_mix =  0.700 |ddv_scf|^2 =  4.100E-07

      iter #   2 total cpu time :******** secs   av.it.:  36.5
      thresh= 6.403E-05 alpha_mix =  0.700 |ddv_scf|^2 =  7.396E-09

      iter #   3 total cpu time :******** secs   av.it.:  38.7
      thresh= 8.600E-06 alpha_mix =  0.700 |ddv_scf|^2 =  2.648E-09

      iter #   4 total cpu time :******** secs   av.it.:  37.1
      thresh= 5.146E-06 alpha_mix =  0.700 |ddv_scf|^2 =  1.293E-11

      iter #   5 total cpu time :******** secs   av.it.:  37.4
      thresh= 3.596E-07 alpha_mix =  0.700 |ddv_scf|^2 =  2.486E-13

      iter #   6 total cpu time :******** secs   av.it.:  37.1
      thresh= 4.986E-08 alpha_mix =  0.700 |ddv_scf|^2 =  8.769E-15

     End of self-consistent calculation

     Convergence has been achieved 


     Representation #  16 mode #  16

     Self-consistent Calculation

      iter #   1 total cpu time :******** secs   av.it.:  18.6
      thresh= 1.000E-02 alpha_mix =  0.700 |ddv_scf|^2 =  4.020E-07

      iter #   2 total cpu time :******** secs   av.it.:  35.8
      thresh= 6.340E-05 alpha_mix =  0.700 |ddv_scf|^2 =  8.073E-09

      iter #   3 total cpu time :******** secs   av.it.:  38.3
      thresh= 8.985E-06 alpha_mix =  0.700 |ddv_scf|^2 =  2.728E-09

      iter #   4 total cpu time :******** secs   av.it.:  36.5
      thresh= 5.223E-06 alpha_mix =  0.700 |ddv_scf|^2 =  9.161E-12

      iter #   5 total cpu time :******** secs   av.it.:  37.4
      thresh= 3.027E-07 alpha_mix =  0.700 |ddv_scf|^2 =  1.981E-13

      iter #   6 total cpu time :******** secs   av.it.:  37.3
      thresh= 4.451E-08 alpha_mix =  0.700 |ddv_scf|^2 =  7.744E-15

     End of self-consistent calculation

     Convergence has been achieved 


     Representation #  17 mode #  17

     Self-consistent Calculation

      iter #   1 total cpu time :******** secs   av.it.:  14.3
      thresh= 1.000E-02 alpha_mix =  0.700 |ddv_scf|^2 =  6.553E-08

      iter #   2 total cpu time :******** secs   av.it.:  34.3
      thresh= 2.560E-05 alpha_mix =  0.700 |ddv_scf|^2 =  2.442E-10

      iter #   3 total cpu time :******** secs   av.it.:  36.8
      thresh= 1.563E-06 alpha_mix =  0.700 |ddv_scf|^2 =  3.247E-12

      iter #   4 total cpu time :******** secs   av.it.:  34.4
      thresh= 1.802E-07 alpha_mix =  0.700 |ddv_scf|^2 =  3.632E-14

      iter #   5 total cpu time :******** secs   av.it.:  35.4
      thresh= 1.906E-08 alpha_mix =  0.700 |ddv_scf|^2 =  1.273E-15

     End of self-consistent calculation

     Convergence has been achieved 


     Representation #  18 mode #  18

     Self-consistent Calculation

      iter #   1 total cpu time :******** secs   av.it.:  14.6
      thresh= 1.000E-02 alpha_mix =  0.700 |ddv_scf|^2 =  8.101E-08

      iter #   2 total cpu time :******** secs   av.it.:  34.4
      thresh= 2.846E-05 alpha_mix =  0.700 |ddv_scf|^2 =  7.312E-10

      iter #   3 total cpu time :******** secs   av.it.:  35.6
      thresh= 2.704E-06 alpha_mix =  0.700 |ddv_scf|^2 =  3.708E-12

      iter #   4 total cpu time :******** secs   av.it.:  34.1
      thresh= 1.926E-07 alpha_mix =  0.700 |ddv_scf|^2 =  2.198E-13

      iter #   5 total cpu time :******** secs   av.it.:  32.9
      thresh= 4.688E-08 alpha_mix =  0.700 |ddv_scf|^2 =  2.641E-15

     End of self-consistent calculation

     Convergence has been achieved 


     Representation #  19 mode #  19

     Self-consistent Calculation

      iter #   1 total cpu time :******** secs   av.it.:  19.3
      thresh= 1.000E-02 alpha_mix =  0.700 |ddv_scf|^2 =  4.124E-07

      iter #   2 total cpu time :******** secs   av.it.:  36.5
      thresh= 6.422E-05 alpha_mix =  0.700 |ddv_scf|^2 =  7.310E-09

      iter #   3 total cpu time :******** secs   av.it.:  38.7
      thresh= 8.550E-06 alpha_mix =  0.700 |ddv_scf|^2 =  2.654E-09

      iter #   4 total cpu time :******** secs   av.it.:  37.0
      thresh= 5.151E-06 alpha_mix =  0.700 |ddv_scf|^2 =  1.419E-11

      iter #   5 total cpu time :******** secs   av.it.:  36.4
      thresh= 3.767E-07 alpha_mix =  0.700 |ddv_scf|^2 =  2.415E-13

      iter #   6 total cpu time :******** secs   av.it.:  37.1
      thresh= 4.914E-08 alpha_mix =  0.700 |ddv_scf|^2 =  8.446E-15

     End of self-consistent calculation

     Convergence has been achieved 


     Representation #  20 mode #  20

     Self-consistent Calculation

      iter #   1 total cpu time :******** secs   av.it.:  14.2
      thresh= 1.000E-02 alpha_mix =  0.700 |ddv_scf|^2 =  8.317E-08

      iter #   2 total cpu time :******** secs   av.it.:  34.1
      thresh= 2.884E-05 alpha_mix =  0.700 |ddv_scf|^2 =  7.291E-10

      iter #   3 total cpu time :******** secs   av.it.:  36.1
      thresh= 2.700E-06 alpha_mix =  0.700 |ddv_scf|^2 =  3.778E-12

      iter #   4 total cpu time :******** secs   av.it.:  33.9
      thresh= 1.944E-07 alpha_mix =  0.700 |ddv_scf|^2 =  2.213E-13

      iter #   5 total cpu time :******** secs   av.it.:  33.0
      thresh= 4.704E-08 alpha_mix =  0.700 |ddv_scf|^2 =  2.579E-15

     End of self-consistent calculation

     Convergence has been achieved 


     Representation #  21 mode #  21

     Self-consistent Calculation

      iter #   1 total cpu time :******** secs   av.it.:  15.3
      thresh= 1.000E-02 alpha_mix =  0.700 |ddv_scf|^2 =  1.221E-06

      iter #   2 total cpu time :******** secs   av.it.:  34.4
      thresh= 1.105E-04 alpha_mix =  0.700 |ddv_scf|^2 =  2.039E-06

      iter #   3 total cpu time :******** secs   av.it.:  30.6
      thresh= 1.428E-04 alpha_mix =  0.700 |ddv_scf|^2 =  2.049E-08

      iter #   4 total cpu time :******** secs   av.it.:  35.9
      thresh= 1.431E-05 alpha_mix =  0.700 |ddv_scf|^2 =  4.890E-09

      iter #   5 total cpu time :******** secs   av.it.:  35.6
      thresh= 6.993E-06 alpha_mix =  0.700 |ddv_scf|^2 =  1.217E-10

      iter #   6 total cpu time :******** secs   av.it.:  36.6
      thresh= 1.103E-06 alpha_mix =  0.700 |ddv_scf|^2 =  1.734E-11

      iter #   7 total cpu time :******** secs   av.it.:  36.9
      thresh= 4.164E-07 alpha_mix =  0.700 |ddv_scf|^2 =  4.596E-13

      iter #   8 total cpu time :******** secs   av.it.:  38.3
      thresh= 6.780E-08 alpha_mix =  0.700 |ddv_scf|^2 =  1.918E-13

      iter #   9 total cpu time :******** secs   av.it.:  37.2
      thresh= 4.380E-08 alpha_mix =  0.700 |ddv_scf|^2 =  1.074E-14

      iter #  10 total cpu time :******** secs   av.it.:  37.9
      thresh= 1.036E-08 alpha_mix =  0.700 |ddv_scf|^2 =  4.362E-15

     End of self-consistent calculation

     Convergence has been achieved 


     Representation #  22 mode #  22

     Self-consistent Calculation

      iter #   1 total cpu time :******** secs   av.it.:  20.7
      thresh= 1.000E-02 alpha_mix =  0.700 |ddv_scf|^2 =  3.879E-06

      iter #   2 total cpu time :******** secs   av.it.:  33.8
      thresh= 1.969E-04 alpha_mix =  0.700 |ddv_scf|^2 =  4.369E-06

      iter #   3 total cpu time :******** secs   av.it.:  32.1
      thresh= 2.090E-04 alpha_mix =  0.700 |ddv_scf|^2 =  3.458E-07

      iter #   4 total cpu time :******** secs   av.it.:  32.7
      thresh= 5.880E-05 alpha_mix =  0.700 |ddv_scf|^2 =  1.740E-08

      iter #   5 total cpu time :******** secs   av.it.:  34.8
      thresh= 1.319E-05 alpha_mix =  0.700 |ddv_scf|^2 =  2.149E-09

      iter #   6 total cpu time :******** secs   av.it.:  35.0
      thresh= 4.636E-06 alpha_mix =  0.700 |ddv_scf|^2 =  2.285E-09

      iter #   7 total cpu time :******** secs   av.it.:  37.4
      thresh= 4.780E-06 alpha_mix =  0.700 |ddv_scf|^2 =  1.352E-10

      iter #   8 total cpu time :******** secs   av.it.:  37.5
      thresh= 1.163E-06 alpha_mix =  0.700 |ddv_scf|^2 =  3.369E-11

      iter #   9 total cpu time :******** secs   av.it.:  36.8
      thresh= 5.804E-07 alpha_mix =  0.700 |ddv_scf|^2 =  4.997E-12

      iter #  10 total cpu time :******** secs   av.it.:  37.5
      thresh= 2.235E-07 alpha_mix =  0.700 |ddv_scf|^2 =  5.916E-13

      iter #  11 total cpu time :******** secs   av.it.:  36.9
      thresh= 7.691E-08 alpha_mix =  0.700 |ddv_scf|^2 =  2.109E-13

      iter #  12 total cpu time :******** secs   av.it.:  31.0
      thresh= 4.593E-08 alpha_mix =  0.700 |ddv_scf|^2 =  5.490E-15

     End of self-consistent calculation

     Convergence has been achieved 


     Representation #  23 mode #  23

     Self-consistent Calculation

      iter #   1 total cpu time :******** secs   av.it.:  19.6
      thresh= 1.000E-02 alpha_mix =  0.700 |ddv_scf|^2 =  6.708E-06

      iter #   2 total cpu time :******** secs   av.it.:  32.8
      thresh= 2.590E-04 alpha_mix =  0.700 |ddv_scf|^2 =  1.020E-05

      iter #   3 total cpu time :******** secs   av.it.:  30.7
      thresh= 3.193E-04 alpha_mix =  0.700 |ddv_scf|^2 =  4.343E-07

      iter #   4 total cpu time :******** secs   av.it.:  32.1
      thresh= 6.590E-05 alpha_mix =  0.700 |ddv_scf|^2 =  1.964E-08

      iter #   5 total cpu time :******** secs   av.it.:  35.6
      thresh= 1.401E-05 alpha_mix =  0.700 |ddv_scf|^2 =  5.483E-09

      iter #   6 total cpu time :******** secs   av.it.:  33.2
      thresh= 7.405E-06 alpha_mix =  0.700 |ddv_scf|^2 =  3.971E-09

      iter #   7 total cpu time :******** secs   av.it.:  34.7
      thresh= 6.302E-06 alpha_mix =  0.700 |ddv_scf|^2 =  2.831E-10

      iter #   8 total cpu time :******** secs   av.it.:  36.4
      thresh= 1.682E-06 alpha_mix =  0.700 |ddv_scf|^2 =  1.620E-11

      iter #   9 total cpu time :******** secs   av.it.:  37.2
      thresh= 4.025E-07 alpha_mix =  0.700 |ddv_scf|^2 =  1.503E-12

      iter #  10 total cpu time :******** secs   av.it.:  38.0
      thresh= 1.226E-07 alpha_mix =  0.700 |ddv_scf|^2 =  7.685E-13

      iter #  11 total cpu time :******** secs   av.it.:  35.4
      thresh= 8.766E-08 alpha_mix =  0.700 |ddv_scf|^2 =  1.102E-13

      iter #  12 total cpu time :******** secs   av.it.:  35.1
      thresh= 3.319E-08 alpha_mix =  0.700 |ddv_scf|^2 =  8.384E-15

     End of self-consistent calculation

     Convergence has been achieved 


     Representation #  24 mode #  24

     Self-consistent Calculation

      iter #   1 total cpu time :******** secs   av.it.:  15.6
      thresh= 1.000E-02 alpha_mix =  0.700 |ddv_scf|^2 =  9.114E-07

      iter #   2 total cpu time :******** secs   av.it.:  33.7
      thresh= 9.547E-05 alpha_mix =  0.700 |ddv_scf|^2 =  1.139E-06

      iter #   3 total cpu time :******** secs   av.it.:  31.8
      thresh= 1.067E-04 alpha_mix =  0.700 |ddv_scf|^2 =  2.216E-08

      iter #   4 total cpu time :******** secs   av.it.:  34.1
      thresh= 1.489E-05 alpha_mix =  0.700 |ddv_scf|^2 =  4.795E-09

      iter #   5 total cpu time :******** secs   av.it.:  35.1
      thresh= 6.924E-06 alpha_mix =  0.700 |ddv_scf|^2 =  3.403E-10

      iter #   6 total cpu time :******** secs   av.it.:  31.8
      thresh= 1.845E-06 alpha_mix =  0.700 |ddv_scf|^2 =  8.380E-12

      iter #   7 total cpu time :******** secs   av.it.:  36.3
      thresh= 2.895E-07 alpha_mix =  0.700 |ddv_scf|^2 =  6.065E-13

      iter #   8 total cpu time :******** secs   av.it.:  37.7
      thresh= 7.788E-08 alpha_mix =  0.700 |ddv_scf|^2 =  1.411E-13

      iter #   9 total cpu time :******** secs   av.it.:  34.7
      thresh= 3.757E-08 alpha_mix =  0.700 |ddv_scf|^2 =  4.779E-14

      iter #  10 total cpu time :******** secs   av.it.:  37.2
      thresh= 2.186E-08 alpha_mix =  0.700 |ddv_scf|^2 =  1.412E-14

      iter #  11 total cpu time :******** secs   av.it.:  36.9
      thresh= 1.188E-08 alpha_mix =  0.700 |ddv_scf|^2 =  3.640E-15

     End of self-consistent calculation

     Convergence has been achieved 


     Representation #  25 mode #  25

     Self-consistent Calculation

      iter #   1 total cpu time :******** secs   av.it.:  15.3
      thresh= 1.000E-02 alpha_mix =  0.700 |ddv_scf|^2 =  1.623E-06

      iter #   2 total cpu time :******** secs   av.it.:  33.2
      thresh= 1.274E-04 alpha_mix =  0.700 |ddv_scf|^2 =  2.563E-06

      iter #   3 total cpu time :******** secs   av.it.:  30.7
      thresh= 1.601E-04 alpha_mix =  0.700 |ddv_scf|^2 =  1.945E-08

      iter #   4 total cpu time :******** secs   av.it.:  34.6
      thresh= 1.394E-05 alpha_mix =  0.700 |ddv_scf|^2 =  4.219E-09

      iter #   5 total cpu time :******** secs   av.it.:  36.1
      thresh= 6.496E-06 alpha_mix =  0.700 |ddv_scf|^2 =  2.049E-10

      iter #   6 total cpu time :******** secs   av.it.:  33.7
      thresh= 1.431E-06 alpha_mix =  0.700 |ddv_scf|^2 =  1.334E-11

      iter #   7 total cpu time :******** secs   av.it.:  37.2
      thresh= 3.652E-07 alpha_mix =  0.700 |ddv_scf|^2 =  8.181E-13

      iter #   8 total cpu time :******** secs   av.it.:  36.5
      thresh= 9.045E-08 alpha_mix =  0.700 |ddv_scf|^2 =  3.862E-13

      iter #   9 total cpu time :******** secs   av.it.:  36.5
      thresh= 6.215E-08 alpha_mix =  0.700 |ddv_scf|^2 =  3.420E-14

      iter #  10 total cpu time :******** secs   av.it.:  37.3
      thresh= 1.849E-08 alpha_mix =  0.700 |ddv_scf|^2 =  8.883E-15

     End of self-consistent calculation

     Convergence has been achieved 


     Representation #  26 mode #  26

     Self-consistent Calculation

      iter #   1 total cpu time :******** secs   av.it.:  20.6
      thresh= 1.000E-02 alpha_mix =  0.700 |ddv_scf|^2 =  2.623E-06

      iter #   2 total cpu time :******** secs   av.it.:  34.6
      thresh= 1.619E-04 alpha_mix =  0.700 |ddv_scf|^2 =  4.836E-06

      iter #   3 total cpu time :******** secs   av.it.:  30.9
      thresh= 2.199E-04 alpha_mix =  0.700 |ddv_scf|^2 =  5.778E-08

      iter #   4 total cpu time :******** secs   av.it.:  35.9
      thresh= 2.404E-05 alpha_mix =  0.700 |ddv_scf|^2 =  3.251E-08

      iter #   5 total cpu time :******** secs   av.it.:  35.3
      thresh= 1.803E-05 alpha_mix =  0.700 |ddv_scf|^2 =  1.478E-09

      iter #   6 total cpu time :******** secs   av.it.:  38.2
      thresh= 3.844E-06 alpha_mix =  0.700 |ddv_scf|^2 =  1.077E-09

      iter #   7 total cpu time :******** secs   av.it.:  35.9
      thresh= 3.282E-06 alpha_mix =  0.700 |ddv_scf|^2 =  1.461E-10

      iter #   8 total cpu time :******** secs   av.it.:  36.8
      thresh= 1.209E-06 alpha_mix =  0.700 |ddv_scf|^2 =  8.814E-12

      iter #   9 total cpu time :******** secs   av.it.:  37.6
      thresh= 2.969E-07 alpha_mix =  0.700 |ddv_scf|^2 =  9.312E-13

      iter #  10 total cpu time :******** secs   av.it.:  38.5
      thresh= 9.650E-08 alpha_mix =  0.700 |ddv_scf|^2 =  4.910E-13

      iter #  11 total cpu time :******** secs   av.it.:  37.3
      thresh= 7.007E-08 alpha_mix =  0.700 |ddv_scf|^2 =  6.208E-14

      iter #  12 total cpu time :******** secs   av.it.:  36.6
      thresh= 2.492E-08 alpha_mix =  0.700 |ddv_scf|^2 =  1.414E-14

      iter #  13 total cpu time :******** secs   av.it.:  37.7
      thresh= 1.189E-08 alpha_mix =  0.700 |ddv_scf|^2 =  1.312E-15

     End of self-consistent calculation

     Convergence has been achieved 


     Representation #  27 mode #  27

     Self-consistent Calculation

      iter #   1 total cpu time :******** secs   av.it.:  15.9
      thresh= 1.000E-02 alpha_mix =  0.700 |ddv_scf|^2 =  1.557E-06

      iter #   2 total cpu time :******** secs   av.it.:  33.3
      thresh= 1.248E-04 alpha_mix =  0.700 |ddv_scf|^2 =  2.873E-06

      iter #   3 total cpu time :******** secs   av.it.:  30.4
      thresh= 1.695E-04 alpha_mix =  0.700 |ddv_scf|^2 =  2.039E-08

      iter #   4 total cpu time :******** secs   av.it.:  35.4
      thresh= 1.428E-05 alpha_mix =  0.700 |ddv_scf|^2 =  6.616E-09

      iter #   5 total cpu time :******** secs   av.it.:  35.6
      thresh= 8.134E-06 alpha_mix =  0.700 |ddv_scf|^2 =  1.549E-10

      iter #   6 total cpu time :******** secs   av.it.:  34.8
      thresh= 1.244E-06 alpha_mix =  0.700 |ddv_scf|^2 =  9.887E-12

      iter #   7 total cpu time :******** secs   av.it.:  37.4
      thresh= 3.144E-07 alpha_mix =  0.700 |ddv_scf|^2 =  3.842E-13

      iter #   8 total cpu time :******** secs   av.it.:  38.3
      thresh= 6.198E-08 alpha_mix =  0.700 |ddv_scf|^2 =  1.599E-13

      iter #   9 total cpu time :******** secs   av.it.:  37.2
      thresh= 3.999E-08 alpha_mix =  0.700 |ddv_scf|^2 =  3.618E-14

      iter #  10 total cpu time :******** secs   av.it.:  36.9
      thresh= 1.902E-08 alpha_mix =  0.700 |ddv_scf|^2 =  1.263E-14

      iter #  11 total cpu time :******** secs   av.it.:  36.9
      thresh= 1.124E-08 alpha_mix =  0.700 |ddv_scf|^2 =  3.534E-15

     End of self-consistent calculation

     Convergence has been achieved 


     Representation #  28 mode #  28

     Self-consistent Calculation

      iter #   1 total cpu time :******** secs   av.it.:  14.8
      thresh= 1.000E-02 alpha_mix =  0.700 |ddv_scf|^2 =  1.054E-06

      iter #   2 total cpu time :******** secs   av.it.:  32.8
      thresh= 1.027E-04 alpha_mix =  0.700 |ddv_scf|^2 =  1.800E-06

      iter #   3 total cpu time :******** secs   av.it.:  30.2
      thresh= 1.342E-04 alpha_mix =  0.700 |ddv_scf|^2 =  2.338E-08

      iter #   4 total cpu time :******** secs   av.it.:  34.8
      thresh= 1.529E-05 alpha_mix =  0.700 |ddv_scf|^2 =  5.234E-09

      iter #   5 total cpu time :******** secs   av.it.:  32.2
      thresh= 7.234E-06 alpha_mix =  0.700 |ddv_scf|^2 =  1.284E-10

      iter #   6 total cpu time :******** secs   av.it.:  36.6
      thresh= 1.133E-06 alpha_mix =  0.700 |ddv_scf|^2 =  2.074E-11

      iter #   7 total cpu time :******** secs   av.it.:  36.2
      thresh= 4.554E-07 alpha_mix =  0.700 |ddv_scf|^2 =  3.874E-13

      iter #   8 total cpu time :******** secs   av.it.:  37.4
      thresh= 6.224E-08 alpha_mix =  0.700 |ddv_scf|^2 =  4.794E-14

      iter #   9 total cpu time :******** secs   av.it.:  37.9
      thresh= 2.189E-08 alpha_mix =  0.700 |ddv_scf|^2 =  1.285E-14

      iter #  10 total cpu time :******** secs   av.it.:  37.2
      thresh= 1.134E-08 alpha_mix =  0.700 |ddv_scf|^2 =  6.261E-15

     End of self-consistent calculation

     Convergence has been achieved 


     Representation #  29 mode #  29

     Self-consistent Calculation

      iter #   1 total cpu time :******** secs   av.it.:  19.2
      thresh= 1.000E-02 alpha_mix =  0.700 |ddv_scf|^2 =  1.649E-06

      iter #   2 total cpu time :******** secs   av.it.:  34.5
      thresh= 1.284E-04 alpha_mix =  0.700 |ddv_scf|^2 =  1.525E-06

      iter #   3 total cpu time :******** secs   av.it.:  31.7
      thresh= 1.235E-04 alpha_mix =  0.700 |ddv_scf|^2 =  1.730E-07

      iter #   4 total cpu time :******** secs   av.it.:  32.6
      thresh= 4.159E-05 alpha_mix =  0.700 |ddv_scf|^2 =  3.856E-09

      iter #   5 total cpu time :******** secs   av.it.:  37.5
      thresh= 6.210E-06 alpha_mix =  0.700 |ddv_scf|^2 =  3.432E-09

      iter #   6 total cpu time :******** secs   av.it.:  34.7
      thresh= 5.858E-06 alpha_mix =  0.700 |ddv_scf|^2 =  9.650E-10

      iter #   7 total cpu time :******** secs   av.it.:  36.6
      thresh= 3.106E-06 alpha_mix =  0.700 |ddv_scf|^2 =  2.620E-10

      iter #   8 total cpu time :******** secs   av.it.:  36.7
      thresh= 1.618E-06 alpha_mix =  0.700 |ddv_scf|^2 =  1.558E-11

      iter #   9 total cpu time :******** secs   av.it.:  36.1
      thresh= 3.947E-07 alpha_mix =  0.700 |ddv_scf|^2 =  2.644E-12

      iter #  10 total cpu time :******** secs   av.it.:  37.4
      thresh= 1.626E-07 alpha_mix =  0.700 |ddv_scf|^2 =  2.339E-13

      iter #  11 total cpu time :******** secs   av.it.:  37.4
      thresh= 4.836E-08 alpha_mix =  0.700 |ddv_scf|^2 =  9.004E-15

     End of self-consistent calculation

     Convergence has been achieved 


     Representation #  30 mode #  30

     Self-consistent Calculation

      iter #   1 total cpu time :******** secs   av.it.:  15.6
      thresh= 1.000E-02 alpha_mix =  0.700 |ddv_scf|^2 =  2.101E-06

      iter #   2 total cpu time :******** secs   av.it.:  33.5
      thresh= 1.449E-04 alpha_mix =  0.700 |ddv_scf|^2 =  4.119E-06

      iter #   3 total cpu time :******** secs   av.it.:  30.7
      thresh= 2.030E-04 alpha_mix =  0.700 |ddv_scf|^2 =  3.030E-08

      iter #   4 total cpu time :******** secs   av.it.:  34.9
      thresh= 1.741E-05 alpha_mix =  0.700 |ddv_scf|^2 =  5.985E-09

      iter #   5 total cpu time :******** secs   av.it.:  35.8
      thresh= 7.737E-06 alpha_mix =  0.700 |ddv_scf|^2 =  6.943E-11

      iter #   6 total cpu time :******** secs   av.it.:  37.3
      thresh= 8.333E-07 alpha_mix =  0.700 |ddv_scf|^2 =  8.465E-12

      iter #   7 total cpu time :******** secs   av.it.:  37.4
      thresh= 2.910E-07 alpha_mix =  0.700 |ddv_scf|^2 =  1.499E-12

      iter #   8 total cpu time :******** secs   av.it.:  36.4
      thresh= 1.224E-07 alpha_mix =  0.700 |ddv_scf|^2 =  1.831E-13

      iter #   9 total cpu time :******** secs   av.it.:  37.0
      thresh= 4.279E-08 alpha_mix =  0.700 |ddv_scf|^2 =  2.168E-14

      iter #  10 total cpu time :******** secs   av.it.:  38.2
      thresh= 1.472E-08 alpha_mix =  0.700 |ddv_scf|^2 =  1.611E-14

      iter #  11 total cpu time :******** secs   av.it.:  35.9
      thresh= 1.269E-08 alpha_mix =  0.700 |ddv_scf|^2 =  2.551E-15

     End of self-consistent calculation

     Convergence has been achieved 

     Number of q in the star =    1
     List of q in the star:
          1   0.000000000  -0.515190771  -0.432265574

     Diagonalizing the dynamical matrix

     q = (    0.000000000  -0.515190771  -0.432265574 ) 

 **************************************************************************
     freq (    1) =       2.348786 [THz] =      78.347061 [cm-1]
     freq (    2) =       2.917556 [THz] =      97.319204 [cm-1]
     freq (    3) =       3.772140 [THz] =     125.825061 [cm-1]
     freq (    4) =       3.807995 [THz] =     127.021028 [cm-1]
     freq (    5) =       4.074712 [THz] =     135.917763 [cm-1]
     freq (    6) =       4.610625 [THz] =     153.793882 [cm-1]
     freq (    7) =       4.757302 [THz] =     158.686503 [cm-1]
     freq (    8) =       5.703662 [THz] =     190.253686 [cm-1]
     freq (    9) =       6.284357 [THz] =     209.623587 [cm-1]
     freq (   10) =       7.213775 [THz] =     240.625649 [cm-1]
     freq (   11) =       7.564029 [THz] =     252.308843 [cm-1]
     freq (   12) =       8.450488 [THz] =     281.877929 [cm-1]
     freq (   13) =       8.890009 [THz] =     296.538782 [cm-1]
     freq (   14) =       8.998186 [THz] =     300.147181 [cm-1]
     freq (   15) =       9.128835 [THz] =     304.505167 [cm-1]
     freq (   16) =      10.466511 [THz] =     349.125220 [cm-1]
     freq (   17) =      10.644109 [THz] =     355.049246 [cm-1]
     freq (   18) =      11.504909 [THz] =     383.762460 [cm-1]
     freq (   19) =      13.031007 [THz] =     434.667621 [cm-1]
     freq (   20) =      14.073317 [THz] =     469.435332 [cm-1]
     freq (   21) =      14.188403 [THz] =     473.274195 [cm-1]
     freq (   22) =      14.347426 [THz] =     478.578620 [cm-1]
     freq (   23) =      18.063417 [THz] =     602.530749 [cm-1]
     freq (   24) =      18.771083 [THz] =     626.135943 [cm-1]
     freq (   25) =      20.377151 [THz] =     679.708608 [cm-1]
     freq (   26) =      20.386376 [THz] =     680.016296 [cm-1]
     freq (   27) =      21.333677 [THz] =     711.614873 [cm-1]
     freq (   28) =      21.400699 [THz] =     713.850478 [cm-1]
     freq (   29) =      21.802025 [THz] =     727.237261 [cm-1]
     freq (   30) =      23.349892 [THz] =     778.868575 [cm-1]
 **************************************************************************

     Mode symmetry, C_2h (2/m)  point group:

     freq (   1-   1) =         78.3  [cm-1]   --> B_u                
     freq (   2-   2) =         97.3  [cm-1]   --> A_u                
     freq (   3-   3) =        125.8  [cm-1]   --> A_g                
     freq (   4-   4) =        127.0  [cm-1]   --> B_g                
     freq (   5-   5) =        135.9  [cm-1]   --> A_g                
     freq (   6-   6) =        153.8  [cm-1]   --> A_u                
     freq (   7-   7) =        158.7  [cm-1]   --> B_g                
     freq (   8-   8) =        190.3  [cm-1]   --> B_u                
     freq (   9-   9) =        209.6  [cm-1]   --> B_u                
     freq (  10-  10) =        240.6  [cm-1]   --> A_g                
     freq (  11-  11) =        252.3  [cm-1]   --> B_u                
     freq (  12-  12) =        281.9  [cm-1]   --> A_g                
     freq (  13-  13) =        296.5  [cm-1]   --> A_g                
     freq (  14-  14) =        300.1  [cm-1]   --> B_u                
     freq (  15-  15) =        304.5  [cm-1]   --> A_u                
     freq (  16-  16) =        349.1  [cm-1]   --> A_g                
     freq (  17-  17) =        355.0  [cm-1]   --> B_g                
     freq (  18-  18) =        383.8  [cm-1]   --> B_u                
     freq (  19-  19) =        434.7  [cm-1]   --> A_g                
     freq (  20-  20) =        469.4  [cm-1]   --> B_g                
     freq (  21-  21) =        473.3  [cm-1]   --> A_u                
     freq (  22-  22) =        478.6  [cm-1]   --> B_u                
     freq (  23-  23) =        602.5  [cm-1]   --> B_u                
     freq (  24-  24) =        626.1  [cm-1]   --> A_g                
     freq (  25-  25) =        679.7  [cm-1]   --> A_u                
     freq (  26-  26) =        680.0  [cm-1]   --> B_g                
     freq (  27-  27) =        711.6  [cm-1]   --> A_g                
     freq (  28-  28) =        713.9  [cm-1]   --> B_u                
     freq (  29-  29) =        727.2  [cm-1]   --> B_u                
     freq (  30-  30) =        778.9  [cm-1]   --> A_g                

     init_run     :      2.84s CPU      3.28s WALL (       5 calls)
     electrons    :   4811.56s CPU   5093.53s WALL (       5 calls)

     Called by init_run:
     wfcinit      :      0.00s CPU      0.00s WALL (       5 calls)
     potinit      :      0.47s CPU      0.82s WALL (       5 calls)
     hinit0       :      1.73s CPU      1.77s WALL (       5 calls)

     Called by electrons:
     c_bands      :   4811.56s CPU   5093.52s WALL (       5 calls)
     v_of_rho     :      0.10s CPU      0.11s WALL (       6 calls)
     newd         :      0.17s CPU      0.17s WALL (       6 calls)
     PAW_pot      :      0.42s CPU      0.43s WALL (       6 calls)

     Called by c_bands:
     init_us_2    :    245.67s CPU    352.41s WALL ( 1311604 calls)
     init_us_2:cp :    242.55s CPU    348.79s WALL ( 1311604 calls)
     cegterg      :   4552.04s CPU   4804.53s WALL (   12656 calls)

     Called by *egterg:
     cdiaghg      :   1797.76s CPU   1887.12s WALL (  213897 calls)
     h_psi        : 408360.23s CPU 429679.63s WALL (53157488 calls)
     s_psi        :  15664.34s CPU  17561.17s WALL (******** calls)
     g_psi        :     10.06s CPU     10.37s WALL (  207569 calls)

     Called by h_psi:
     h_psi:calbec :  18783.35s CPU  21349.62s WALL (53157488 calls)
     vloc_psi     : 380818.38s CPU 398514.63s WALL (53157488 calls)
     add_vuspsi   :   7869.51s CPU   8887.62s WALL (53157488 calls)

     General routines
     calbec       :  47489.20s CPU  53986.45s WALL (******** calls)
     fft          :     16.20s CPU     20.32s WALL (   35723 calls)
     ffts         :  17447.26s CPU  18761.98s WALL (  132674 calls)
     fftw         : 475061.39s CPU 500527.19s WALL (******** calls)
     interpolate  :      4.35s CPU      5.08s WALL (    3614 calls)
     davcio       :    529.08s CPU 236910.90s WALL ( 5725267 calls)

     Parallel routines

     PHONON       :   9d10h15m CPU  12d19h 1m WALL

     INITIALIZATION: 
     phq_setup    :      0.26s CPU      0.43s WALL (       6 calls)
     phq_init     :   1255.13s CPU   1345.57s WALL (       6 calls)

     phq_init     :   1255.13s CPU   1345.57s WALL (       6 calls)
     set_drhoc    :      2.82s CPU      2.85s WALL (      18 calls)
     init_vloc    :      0.77s CPU      0.78s WALL (       6 calls)
     init_us_1    :      0.30s CPU      0.33s WALL (       6 calls)
     init_us_2    :    245.67s CPU    352.41s WALL ( 1311604 calls)
     newd         :      0.17s CPU      0.17s WALL (       6 calls)
     dvanqq       :     10.56s CPU     10.63s WALL (       6 calls)
     drho         :   1087.94s CPU   1153.50s WALL (       6 calls)

     DYNAMICAL MATRIX:
     dynmat0      :     99.15s CPU    112.05s WALL (       6 calls)
     phqscf       : 790462.54s CPU *********s WALL (       6 calls)
     dynmatrix    :      1.14s CPU      1.35s WALL (       6 calls)

     phqscf       : 790462.54s CPU *********s WALL (       6 calls)
     solve_linter : 778243.99s CPU 989271.81s WALL (     180 calls)
     drhodv       :   1383.64s CPU   1652.05s WALL (     180 calls)

     dynmat0      :     99.15s CPU    112.05s WALL (       6 calls)
     dynmat_us    :     96.74s CPU    107.42s WALL (       6 calls)
     d2ionq       :      0.33s CPU      0.33s WALL (       6 calls)
     dynmatcc     :      2.02s CPU      2.04s WALL (       6 calls)

     dynmat_us    :     96.74s CPU    107.42s WALL (       6 calls)
     addusdynmat  :      0.01s CPU      0.01s WALL (       6 calls)

     phqscf       : 790462.54s CPU *********s WALL (       6 calls)
     solve_linter : 778243.99s CPU 989271.81s WALL (     180 calls)

     solve_linter : 778243.99s CPU 989271.81s WALL (     180 calls)
     dvqpsi_us    :  22477.49s CPU  23929.37s WALL (  123480 calls)
     sth_kernel   : 763985.29s CPU 966247.45s WALL (    1692 calls)
     apply_dpot_b : 118892.48s CPU 127679.53s WALL (  939316 calls)
     ortho        :  21821.83s CPU  23539.43s WALL ( 1051372 calls)
     cgsolve      : 467116.35s CPU 495454.61s WALL ( 1051372 calls)
     incdrhoscf   :  14879.30s CPU  15706.71s WALL ( 1051372 calls)
     addusddens   :    132.19s CPU    486.51s WALL (    1863 calls)
     dv_of_drho   :     14.90s CPU     17.80s WALL (    1713 calls)
     mix_pot      :    121.48s CPU    273.15s WALL (    1692 calls)
     psymdvscf    :    586.79s CPU    622.79s WALL (    1683 calls)
     newdq        :     93.44s CPU     94.26s WALL (    1692 calls)
     adddvscf     :   1208.82s CPU   1238.01s WALL (  939316 calls)
     drhodvus     :     45.12s CPU     57.11s WALL (     180 calls)

     dvqpsi_us    :  22477.49s CPU  23929.37s WALL (  123480 calls)
     dvqpsi_us_on :   2957.18s CPU   2992.61s WALL (  123480 calls)

     cgsolve      : 467116.35s CPU 495454.61s WALL ( 1051372 calls)
     ch_psi       : 457490.84s CPU 484799.47s WALL (52930935 calls)

     ch_psi       : 457490.84s CPU 484799.47s WALL (52930935 calls)
     h_psi        : 408360.23s CPU 429679.63s WALL (53157488 calls)
     last         :  41581.13s CPU  46705.70s WALL (52930935 calls)

     h_psi        : 408360.23s CPU 429679.63s WALL (53157488 calls)
     add_vuspsi   :   7869.51s CPU   8887.62s WALL (53157488 calls)

     incdrhoscf   :  14879.30s CPU  15706.71s WALL ( 1051372 calls)
     addusdbec    :    591.81s CPU    682.65s WALL ( 1160572 calls)

     drhodvus     :     45.12s CPU     57.11s WALL (     180 calls)

      General routines
     calbec       :  47489.20s CPU  53986.45s WALL (******** calls)
     fft          :     16.20s CPU     20.32s WALL (   35723 calls)
     ffts         :  17447.26s CPU  18761.98s WALL (  132674 calls)
     fftw         : 475061.39s CPU 500527.19s WALL (******** calls)
     davcio       :    529.08s CPU 236910.90s WALL ( 5725267 calls)
     write_rec    :      2.39s CPU    336.39s WALL (    1872 calls)


     PHONON       :   9d10h15m CPU  12d19h 1m WALL


   This run was terminated on:  21:15: 0  31Jul2026            

=------------------------------------------------------------------------------=
   JOB DONE.
=------------------------------------------------------------------------------=
