b000,b001,b002,b003,b004,b005,b006,b007,b008,b009,b010,b011,b012,b013,b014,b015,b016,b017,b018,b019,b020,b021,b022,b023,b024,b025,b026,b027,b028,b029,b030,b031,b032,b033,b034,b035,b036,b037,b038,b039,b040,b041,b042,b043,b044,b045,b046,b047,b048,b049,b050,b051,b052,b053,b054,b055,b056,b057,b058,b059,b060,b061,b062,b063,b064,b065,b066,b067,b068,b069,b070,b071,b072,b073,b074,b075,b076,b077,b078,b079,b080,b081,b082,b083,b084,b085,b086,b087,b088,b089,b090,b091,b092,b093,b094,b095,b096,b097,b098,b099,b100,b101,b102,b103,b104,b105,b106,b107,b108,b109,b110,b111,b112,b113,b114,b115,b116,b117,b118,b119,b120,b121,b122,b123,b124,b125,b126,b127,b128,b129,b130,b131,b132,b133,b134,b135,b136,b137,b138,b139,b140,b141,b142,b143
-1.999862455978643316e+00,2.210888713895734270e+00,-9.737383916632516900e+00,-1.941180135913699090e+00,2.306888130647102741e+00,-6.505379318783457876e+00,2.097081754397965625e+00,1.220152394779189464e+00,1.713780728876631798e+00,-1.004548963153871988e+00,2.386769631184300522e+00,-1.879412242766571595e+00,-8.700181621777579366e+00,-3.374820674339122473e+00,2.369932539985560638e+00,-1.955768674640895100e+00,5.605948369870528580e+00,9.139438416412193789e+00,-8.630851494718477568e+00,3.991058512091722577e+00,-2.438964972294961342e-01,-1.248661257488247411e+00,3.805120373557588032e+00,5.577435845775657874e+00,-3.419337376126947881e+00,8.362524084158255988e-01,-2.280297337220695830e+00,-2.616241385705559086e+00,-9.119306325275857716e+00,6.884050046394499134e+00,2.612580916028546696e+00,-9.068532101791607403e+00,-3.806463071896520223e+00,-8.011754108129863994e+00,-1.863363470527885424e+00,-3.416699451775568885e+00,3.591448042826246301e-01,-3.664322512491921202e+00,2.878905551491438786e+00,-3.837189380424526952e+00,-2.586559054465085161e-01,-2.231795570999890455e+00,-1.003315484008977165e+01,-3.095730232290375028e+00,1.223978132172379052e+00,-4.293588414690193922e+00,-2.975137009403171717e+00,-2.023246588439364224e+00,-3.289462905818937521e+00,7.182077234126094112e-02,3.634325517186280052e+00,-2.458900362072015344e+00,-2.427888274399428781e+00,-1.876424411517150759e+01,-2.417095817320577211e+00,-1.397189603032383687e+01,-9.024924282745583781e+00,-3.797595672451924642e+00,1.035346407459143414e+00,-8.023015874355445831e-01,-1.982763978326085086e+00,4.439062495602918546e+00,6.609265886710328886e+00,4.460676733510261727e+00,-1.581848313338064216e+01,5.237475312281234530e-01,7.816419521179717167e-01,-6.714403318234216655e-01,-5.302665007562623600e+00,-1.328815761698794340e+01,-5.872457700665372649e+00,8.258838335558079891e+00,-1.212713210502453798e+01,-3.326504177931111528e+00,-5.884208563733535513e+00,-1.149087238509881459e+01,-4.673885648450684549e+00,1.311391990153123466e-01,-7.785382355627236350e+00,-1.696110666659043531e+00,1.915272879773642245e+00,-3.695771847932779686e+00,1.163748596733344076e+00,-4.936804900181418709e+00,-2.351548081958561198e+01,7.438504711771906308e+00,-5.777777847499171671e+00,1.338278385695630490e+01,-3.872095572430822585e-01,9.099030379503178168e+00,5.289006423264742907e+00,2.006365700667661045e+01,1.199724639043814456e+01,4.058827313127477687e+00,-3.688551246416522211e+00,1.220223538561838872e+01,3.465703067544284366e+00,9.718593329251428159e+00,1.449162826198553589e+01,5.809330851802813278e+00,-6.326688919351879825e+00,-5.556489437804886800e-01,1.065666821181113733e+01,1.274399443648945862e+00,1.715982351360801905e+00,4.944687642294412377e+00,-4.491164235643728020e+00,-4.531582268596405783e+00,1.086798832596732467e+01,5.371318102583174436e+00,3.454058683265266438e+00,8.686434732870354836e+00,3.216273696567917284e-02,-1.052708853392297694e+00,2.744622074729219818e+00,3.230858273837819983e+00,7.556692445222120469e+00,2.473041627912162710e+01,5.615900968485485478e+00,2.987432190539030419e+00,3.462044624315961272e+00,2.056006550007111855e+00,-1.750571935429722892e+00,8.831727741166419676e+00,5.827596370382077673e-01,5.140854575238170909e+00,2.572116845347583780e+00,1.065047558123101545e+01,3.418575058710021430e+00,-1.053636119800477555e+00,1.276031624342507609e+00,9.901503163891707260e+00,-2.445173194848171860e+00,2.607316659811536930e+00,-2.310318232524678272e+00,1.775075713125593424e+00,-4.626661255728357069e-01,-1.923373901526564289e+00,1.212463640661729292e+00,4.310301972600742104e+00,-1.046747921999938846e+01,9.482803732186585677e+00,-2.356138036609652708e+00,-4.108618568321588782e+00
-1.673033499580428130e+00,2.804569817607396320e+00,-9.733607500539264379e+00,-1.819564026154016467e+00,2.276775827452437895e+00,-6.638640935059573422e+00,2.221671254041089227e+00,1.038416114655912992e+00,1.883905922434225388e+00,-1.175613790378617907e+00,2.402861534554212142e+00,-1.523198735254347014e+00,-8.644049441601342920e+00,-3.509843048222065054e+00,2.285543450325716819e+00,-1.944874256851516048e+00,5.534261894650607694e+00,9.321472059686669809e+00,-8.579213130902219930e+00,4.017436145301191530e+00,-1.437477973721135172e-02,-1.193946711798432148e+00,3.872013339719201142e+00,5.648799007525524551e+00,-3.470725129680451992e+00,9.404205430921059872e-01,-2.473327430507750613e+00,-2.556243800940947608e+00,-9.095661471325865222e+00,6.796045118240732208e+00,2.361068547504803217e+00,-9.235275958176526245e+00,-4.030288064063810793e+00,-8.894266577262792239e+00,-1.662502772668260187e+00,-3.204120514787746288e+00,1.189496189226453282e-01,-2.976921518262686917e+00,3.077272572865598743e+00,-3.877276379204968482e+00,-5.256326555465905548e-01,-2.060705332051097294e+00,-9.714470943641023482e+00,-2.988027432398747685e+00,1.353570767138862152e+00,-4.559911908762824595e+00,-2.701904961900589264e+00,-1.975467450563001215e+00,-2.931301817759167427e+00,-1.288931327265978588e-01,3.497793981963484011e+00,-2.963986728416924787e+00,-2.354340331522634777e+00,-1.885115247386071147e+01,-2.519371641243558280e+00,-1.360694956716109161e+01,-9.534399875294358395e+00,-3.657995096669438784e+00,8.770988915114870110e-01,-5.378902905574745041e-01,-2.096632585390740822e+00,4.302724693220303820e+00,6.452063781319576918e+00,4.317714422980707845e+00,-1.582308153875982271e+01,4.049192116171020928e-01,7.417319635404193701e-01,-2.590947558311302856e-01,-5.763850450649330881e+00,-1.324984206497885886e+01,-5.919720130491794130e+00,8.211219169213958224e+00,-1.216625733021097489e+01,-3.320325648278316777e+00,-6.302027783852373943e+00,-1.141628784745976333e+01,-4.756315364611717555e+00,1.818136415515290427e-01,-7.690635289640451511e+00,-1.644894804013663503e+00,1.972691501903542699e+00,-3.618555131093648569e+00,9.691856820643620640e-01,-4.329909655584234685e+00,-2.343618058615864186e+01,7.192788369991211184e+00,-5.532555767820810821e+00,1.371643738179058403e+01,-5.802710795734495886e-01,9.219267134981221190e+00,5.489389846871945089e+00,2.034757753279321690e+01,1.196179409345497646e+01,3.896351621918237029e+00,-3.809518777196959860e+00,1.213906793471603507e+01,3.561153325836429406e+00,9.694269494106976026e+00,1.474649620952718188e+01,5.851900141579999826e+00,-6.482043912894844162e+00,-4.214565318743970779e-01,1.056801416880190203e+01,1.082672202988649302e+00,9.013997823054684666e-01,4.552895677441929578e+00,-4.115748073639823978e+00,-4.646511918137200325e+00,1.091976399696592281e+01,5.329313930076104100e+00,3.807215355662343370e+00,8.624824613124451034e+00,-2.858404882787128898e-01,-1.190148812838128789e+00,2.837039313499437831e+00,3.512326113005745043e+00,7.445105723141659304e+00,2.494277489232863942e+01,5.768332238249072041e+00,2.999853899099777177e+00,3.446337476675521927e+00,2.610518766018701253e+00,-1.948480044024870406e+00,8.823849951931553193e+00,7.339974146357209905e-01,4.651246290292877283e+00,2.420203184516718231e+00,1.083953120879287013e+01,3.312148790242586571e+00,-1.179975869549035439e+00,1.262247612213101444e+00,9.485500276007535092e+00,-2.413101386754387345e+00,2.768786680707026271e+00,-2.431268795501607904e+00,2.365440482649880494e+00,-6.622021049537814008e-01,-2.091324213115320241e+00,1.323749610062561644e+00,4.248599574398030043e+00,-1.039359682021207476e+01,9.355988838516767103e+00,-2.397897926963529880e+00,-4.328895552951230741e+00
-1.393244105032029223e+00,3.239033069604695392e+00,-9.815605874028225486e+00,-1.691708323987048068e+00,2.288676544563198689e+00,-6.713663077523366773e+00,2.398559287029613074e+00,7.883736806498475858e-01,2.014369482541411571e+00,-1.304139402938079506e+00,2.410326134921222163e+00,-1.145863176737117684e+00,-8.578972928552506261e+00,-3.665062750430145844e+00,2.145299926159117021e+00,-1.853630504105774790e+00,5.373813218400850467e+00,9.528585760671445470e+00,-8.568402209864281360e+00,3.973381520590789862e+00,9.237508830459839615e-02,-1.131578335309363581e+00,3.953527211265026153e+00,5.669281359546490151e+00,-3.482370395968511723e+00,9.935899819733577942e-01,-2.768889093489376396e+00,-2.433169456588821333e+00,-9.048605646416376658e+00,6.657845936119477059e+00,2.159870985526454845e+00,-9.387542221636952178e+00,-4.225913198015186723e+00,-9.679102482093419724e+00,-1.498484054954491329e+00,-2.932587836138013326e+00,-1.122439220707489582e-01,-2.304045156551180362e+00,3.247101425703389221e+00,-3.985466766354979207e+00,-7.848045694716137000e-01,-1.911074402878339740e+00,-9.362673215063226806e+00,-2.922834353205940872e+00,1.500845140256742649e+00,-4.832294824290147339e+00,-2.409621968719862117e+00,-1.972534513919173449e+00,-2.589046526962583084e+00,-2.910938488153291814e-01,3.382574871039948583e+00,-3.452678153645823311e+00,-2.243244285939727689e+00,-1.898905906993238801e+01,-2.646287490818630239e+00,-1.333553249084996928e+01,-9.919263024789245264e+00,-3.528936003643853070e+00,7.309471060994674474e-01,-3.782678213506389664e-01,-2.184324709867816239e+00,4.224671563382104367e+00,6.260592464044780314e+00,4.189221268919196994e+00,-1.579389580603207577e+01,2.413862362611682855e-01,6.799671595492725595e-01,8.348973239460555362e-02,-6.119945949699499899e+00,-1.318799784764691729e+01,-5.922980519200867100e+00,8.155213503221887095e+00,-1.206699499007818410e+01,-3.340450878352394071e+00,-6.695435457577318061e+00,-1.128613962799843051e+01,-4.832220904905641490e+00,2.217589093217533502e-01,-7.570485094260700265e+00,-1.640473976306598303e+00,2.095562810119625308e+00,-3.546756534404546635e+00,7.708021361892942735e-01,-3.795918539186447394e+00,-2.334756617431534664e+01,6.915515665132116574e+00,-5.341593519577721771e+00,1.401161077100129226e+01,-7.340224546602041045e-01,9.298312180181788733e+00,5.641173317719488267e+00,2.060558651366172711e+01,1.198318754846889789e+01,3.866260212856345468e+00,-3.841586611021150954e+00,1.205262020264816236e+01,3.655608266332459610e+00,9.663885872744872430e+00,1.493659289877841978e+01,5.871113832853625425e+00,-6.673124461212028180e+00,-3.637716767296875764e-01,1.048814818794983239e+01,9.550674732509387699e-01,2.699372397505523935e-01,4.235075641364081100e+00,-3.709323382022004179e+00,-4.765531413084866941e+00,1.089191629122485949e+01,5.283552811955993356e+00,4.066112314299890507e+00,8.573020549446869865e+00,-4.771856304503572233e-01,-1.263213825812601332e+00,2.908264698969806439e+00,3.735944333044121102e+00,7.402177022740541013e+00,2.511886154424354700e+01,5.917407605956391592e+00,3.070933336488754328e+00,3.376021061348540186e+00,3.076929923907284703e+00,-2.131293085983641866e+00,8.765608251471292078e+00,8.216978766512146315e-01,4.278714937828606679e+00,2.326307015482204754e+00,1.101435787363620911e+01,3.283664320253545821e+00,-1.275146570826836578e+00,1.234420063719008143e+00,9.090411805231763509e+00,-2.435766326130107462e+00,2.925597044445408912e+00,-2.497935606401707531e+00,2.912939951247450310e+00,-8.285503513515524165e-01,-2.252047793988968927e+00,1.402889748911887446e+00,4.121288046424973928e+00,-1.039985930938820502e+01,9.236541653243293126e+00,-2.468849641416957397e+00,-4.537586649439949049e+00
-1.162543979432619556e+00,3.571719314440686244e+00,-1.002661184855601917e+01,-1.583833378639351253e+00,2.319407989541270254e+00,-6.772984544555222364e+00,2.620604521878034276e+00,5.573504706945744402e-01,2.153057572104687623e+00,-1.410890885336388401e+00,2.429697142164238599e+00,-8.492974810976683386e-01,-8.500884599583665491e+00,-3.810841591398132167e+00,2.010860855909876399e+00,-1.728910221171737760e+00,5.153718601054560366e+00,9.743581014007922647e+00,-8.577539407902108337e+00,3.932969740573858175e+00,1.659492167234786208e-01,-1.006819517316625223e+00,4.064587175821172238e+00,5.678736080252764218e+00,-3.401612890403725498e+00,9.628684116323675823e-01,-3.069474413477288888e+00,-2.295574066484084685e+00,-8.988904987507916999e+00,6.542818884452564987e+00,1.941533549851651941e+00,-9.512295604659055215e+00,-4.400066681989141415e+00,-1.024521872739354755e+01,-1.351583294217576281e+00,-2.658833584434741937e+00,-3.519906267496635266e-01,-1.705032007910384451e+00,3.398295650462185957e+00,-4.130917873093689963e+00,-9.752488791120170752e-01,-1.795753498121835490e+00,-8.973596236364302925e+00,-2.865855172977704868e+00,1.613146667695295688e+00,-5.069425948892166467e+00,-2.075463355964610290e+00,-1.971606812439540057e+00,-2.252706378892677552e+00,-4.372273580719383546e-01,3.287281421731247821e+00,-3.899972542849284185e+00,-2.083633135110059431e+00,-1.910626892835513502e+01,-2.778978840293420127e+00,-1.312036665419312165e+01,-1.023321395297051950e+01,-3.382838934919055518e+00,5.999650878126150388e-01,-2.808081144587326605e-01,-2.239627847583035791e+00,4.156504359057311859e+00,5.993229684121027745e+00,4.086944724319515387e+00,-1.580931490646962168e+01,1.286664328166968740e-01,5.639238615963833023e-01,3.256117270447305145e-01,-6.445096545805228061e+00,-1.311966397873553625e+01,-5.915740938335664723e+00,8.094682440658555578e+00,-1.191550728567738382e+01,-3.354263476692329160e+00,-7.003438001568031090e+00,-1.116185829973171195e+01,-4.915112299524453832e+00,2.293136132862360066e-01,-7.449520197191073834e+00,-1.593346664469279972e+00,2.204009820152524668e+00,-3.489506589924871172e+00,5.876238067314822899e-01,-3.252596292207149187e+00,-2.324611135588533628e+01,6.682850140216531898e+00,-5.122078969063715626e+00,1.432316474151593866e+01,-8.132034260787626145e-01,9.376604215853328483e+00,5.806257629563774891e+00,2.082696295987350865e+01,1.199494107678618704e+01,3.866900765607201862e+00,-3.812910899322502711e+00,1.198733367775949965e+01,3.733515883240008826e+00,9.623076401436113869e+00,1.510815993972173921e+01,5.873960089759303393e+00,-6.935986012884384877e+00,-3.389645662071543164e-01,1.039755202145931534e+01,8.714058555394272876e-01,-3.022359672343628567e-01,4.023542968187734381e+00,-3.288919061509004038e+00,-4.856343463958787687e+00,1.078559462921879586e+01,5.198092082733706043e+00,4.221060069073681476e+00,8.498226431338551379e+00,-7.368492936774249102e-01,-1.279648838172080527e+00,2.976927412667503603e+00,3.929656877147018168e+00,7.380069059016727273e+00,2.527569405410109482e+01,6.028063128792872760e+00,3.119860628297946636e+00,3.301961745910531931e+00,3.535122223700196020e+00,-2.290264000687812995e+00,8.759428153308597587e+00,8.373498409045629920e-01,3.942179880284639726e+00,2.214910828763326123e+00,1.113052416809185807e+01,3.241659699981162213e+00,-1.389813017328243916e+00,1.216928117192177750e+00,8.791673288376838258e+00,-2.462961576644675965e+00,3.133356044373694527e+00,-2.551857355781820935e+00,3.420630827360906956e+00,-9.639471902179250762e-01,-2.440138827471489691e+00,1.447067686570004730e+00,3.961050117390465530e+00,-1.045914188704625758e+01,9.085378403490226518e+00,-2.588844714841703976e+00,-4.723716272728322174e+00
-9.796838795512182729e-01,3.849141560960454456e+00,-1.020161551518380350e+01,-1.484737709038594033e+00,2.344488868466585885e+00,-6.804073545981816906e+00,2.859420081612729092e+00,3.047587748023943277e-01,2.309400317110570811e+00,-1.500897792398289354e+00,2.453489978076218492e+00,-6.277005132079760408e-01,-8.422302818412241265e+00,-3.950524352740799827e+00,1.939068937575857854e+00,-1.689429423310776279e+00,4.993277395936808638e+00,9.921851460520070276e+00,-8.575987821437394132e+00,3.927999349542734109e+00,2.208343260076898185e-01,-8.794477731473184789e-01,4.182597265320078250e+00,5.681255273239976589e+00,-3.391668894455123429e+00,9.638476126705404212e-01,-3.339408236119712825e+00,-2.150371416500565402e+00,-8.935028222929220831e+00,6.394025137816036874e+00,1.760388752423927894e+00,-9.596701721019224252e+00,-4.575731698296953809e+00,-1.073597529516045412e+01,-1.192614320336505163e+00,-2.417666929534445508e+00,-6.095109995301939421e-01,-1.141691564983674745e+00,3.550814833605042686e+00,-4.290592697849120007e+00,-1.154791334457279106e+00,-1.677221999138136521e+00,-8.602303137258601851e+00,-2.806692544287603397e+00,1.735154332878176442e+00,-5.338325011598360703e+00,-1.745409594169427869e+00,-1.993379985151022549e+00,-1.992026244257458778e+00,-5.043190835697899388e-01,3.153402158962385737e+00,-4.258128826431051728e+00,-1.926206289928466209e+00,-1.920370514613585300e+01,-2.928007868156370819e+00,-1.292361984199875735e+01,-1.051814703942849150e+01,-3.262568520788494464e+00,5.335186326501757392e-01,-2.708055076012634288e-01,-2.289812768502549556e+00,4.113242951307890749e+00,5.720807421605390353e+00,3.971934799957678841e+00,-1.585997583358678398e+01,4.565788108614221574e-02,4.757678903459101050e-01,5.655174296038292248e-01,-6.778594944507725373e+00,-1.306664905504432106e+01,-5.897126554443628876e+00,8.022100057936997430e+00,-1.176355014971002433e+01,-3.352146811303259089e+00,-7.207863485270076254e+00,-1.101539732017757345e+01,-4.993805264851957304e+00,2.529455408403209482e-01,-7.456181567926214449e+00,-1.477564177440894966e+00,2.278974755618007997e+00,-3.448294142957702757e+00,3.838219939711144946e-01,-2.704043497291786835e+00,-2.310482955257087667e+01,6.481500769084180824e+00,-4.914661401393944473e+00,1.463589601732082102e+01,-8.809088153049990932e-01,9.440763361449707958e+00,5.957863811500645035e+00,2.103970205104983648e+01,1.200264249689680973e+01,3.833240460963021068e+00,-3.735955179130120207e+00,1.189919289065783481e+01,3.827259927033613174e+00,9.569373720734059674e+00,1.527364198782838933e+01,5.874023063015378909e+00,-7.196768881908452542e+00,-3.095003059747032936e-01,1.028906600363262669e+01,7.943737555682295337e-01,-7.244888550711432451e-01,3.807330157856381625e+00,-2.857528514311788559e+00,-4.912626088827389381e+00,1.066123878330484409e+01,5.117271321132710327e+00,4.348925829238977414e+00,8.401380456420833198e+00,-9.762032786221594982e-01,-1.286040396126768570e+00,3.054276271879834859e+00,4.098753328168802668e+00,7.377317204905126324e+00,2.538014257659640904e+01,6.127081666910448199e+00,3.172920369925344097e+00,3.264113061745296918e+00,3.951877712947962529e+00,-2.441765135787961505e+00,8.699644890593907220e+00,9.191976490957294299e-01,3.589562177067938897e+00,2.088691270778990638e+00,1.124354232039144286e+01,3.201807843051132973e+00,-1.484803025197361181e+00,1.164478320896163543e+00,8.443900527682675516e+00,-2.462878218087153570e+00,3.326654744721065704e+00,-2.619459883680218315e+00,3.858211778487676824e+00,-1.153314957368713589e+00,-2.535713538523849397e+00,1.494869673516318498e+00,3.821546110933910168e+00,-1.051400795656741671e+01,8.933058972324232627e+00,-2.712607366045870272e+00,-4.903036367618560654e+00
-8.836318462980459199e-01,4.072058182160009032e+00,-1.038560815894089373e+01,-1.383213504913692660e+00,2.378636012855764648e+00,-6.820692923481736614e+00,3.071742106804718375e+00,4.067100423560532363e-02,2.437208764558977947e+00,-1.554972343221059150e+00,2.478671087953228991e+00,-5.237039412915341918e-01,-8.307759382817156535e+00,-4.034813652050539545e+00,1.902176289161388256e+00,-1.698347796328057768e+00,4.884779104025495755e+00,1.012348225248972255e+01,-8.589680329110162660e+00,3.972717813812304044e+00,2.461264915369305584e-01,-7.668312723887318327e-01,4.292255153437775306e+00,5.663507699023961450e+00,-3.369771840552775899e+00,9.472746563722544977e-01,-3.580179145208011615e+00,-2.006901128926875444e+00,-8.857794721432478369e+00,6.248904915524649439e+00,1.606288328952033995e+00,-9.633385805606961227e+00,-4.748741845844060450e+00,-1.107904895529048339e+01,-1.062131249525389620e+00,-2.224983857327840209e+00,-8.452845411044193069e-01,-6.680601551703073682e-01,3.693925229349637629e+00,-4.444438970006350687e+00,-1.301104811371419201e+00,-1.527188544534822778e+00,-8.231383689735102038e+00,-2.740717793203569563e+00,1.893289330988068953e+00,-5.572718970357525059e+00,-1.415402838402707530e+00,-2.008710717053927564e+00,-1.778070610571774957e+00,-5.356766641739163504e-01,3.016989518468351950e+00,-4.503891468869168691e+00,-1.782283723201271153e+00,-1.929364623165534454e+01,-3.086892456196597578e+00,-1.275727170140021727e+01,-1.075140175329180536e+01,-3.189508575548205993e+00,4.976276494702465136e-01,-3.055843003337366248e-01,-2.303908225071438665e+00,4.080440919167287461e+00,5.409511505793887842e+00,3.837588773673690223e+00,-1.594223194795541332e+01,1.443540577869306674e-02,4.360659526657539864e-01,7.483121878526119986e-01,-7.098492839913850716e+00,-1.302471815598869753e+01,-5.882770568313329562e+00,7.923623344680593483e+00,-1.157060715786196425e+01,-3.326821612658127147e+00,-7.280549762702237082e+00,-1.088908894315928677e+01,-5.092363768110258704e+00,2.556320849859071154e-01,-7.517758265995666989e+00,-1.276880243165708251e+00,2.350041278835596437e+00,-3.372070625668158961e+00,2.177134282866839410e-01,-2.191632706557295585e+00,-2.291278470656143540e+01,6.336594736888821799e+00,-4.741920981975935590e+00,1.494818668460713340e+01,-9.538092893184580978e-01,9.492253646517220034e+00,6.106702055098249815e+00,2.122764989568214844e+01,1.199003833067384406e+01,3.779535281666421387e+00,-3.602121264610527174e+00,1.179683603442176398e+01,3.907422992088813274e+00,9.489110919678605427e+00,1.539074077266377749e+01,5.880172664185959519e+00,-7.491528548719458058e+00,-2.850768040644686696e-01,1.015859039174694090e+01,7.605274192533642008e-01,-9.902699244516038890e-01,3.633503036114416052e+00,-2.453618377044578303e+00,-4.938439829119944946e+00,1.050530515986784685e+01,5.033875797612783920e+00,4.432444250045965539e+00,8.304194379392772163e+00,-1.207446653402174164e+00,-1.264948395433873385e+00,3.133021323534095348e+00,4.241245498590157759e+00,7.368909899548246933e+00,2.542449989850512537e+01,6.187399776145547925e+00,3.234693431749602333e+00,3.274693314304575331e+00,4.354899970713590029e+00,-2.552126922922670627e+00,8.609396874027988034e+00,1.027152320618478498e+00,3.213688971426450713e+00,1.904452893038364625e+00,1.134298035634862600e+01,3.171589878622631531e+00,-1.582753882873115803e+00,1.088030230771090290e+00,8.114720013978590885e+00,-2.453040612978295343e+00,3.531519159294159493e+00,-2.686088242481488031e+00,4.213873677121756423e+00,-1.364576008842345534e+00,-2.600118583756603208e+00,1.555386352903228797e+00,3.690276979650778166e+00,-1.057780849486966090e+01,8.778303505014477537e+00,-2.838626860641759286e+00,-5.090537100944770188e+00
-8.256644573684029931e-01,4.219905674154601272e+00,-1.058947179170958464e+01,-1.276344237448986618e+00,2.413317736610670394e+00,-6.807878463153620885e+00,3.328740468381866435e+00,-2.091328930030815769e-01,2.604262161692226130e+00,-1.594461123922665591e+00,2.515855489901376085e+00,-5.192987060309990355e-01,-8.215707570620958577e+00,-4.116301282827340202e+00,1.927889473818022559e+00,-1.752407625098749477e+00,4.780819498492153485e+00,1.029328795022411747e+01,-8.591597623094418879e+00,4.059889514501668017e+00,2.632090292834055045e-01,-6.159696014114111051e-01,4.423758468523627307e+00,5.648367613253714836e+00,-3.346690338566934209e+00,9.003508742935970588e-01,-3.797489521471755225e+00,-1.811041256422049273e+00,-8.801786964758139931e+00,6.092818850863954694e+00,1.450057529829447800e+00,-9.617964901327292537e+00,-4.883238965340762405e+00,-1.123766078830551507e+01,-9.470861823471188323e-01,-2.047146918084480127e+00,-1.110241011676619927e+00,-2.698344209420708850e-01,3.818426837764405946e+00,-4.628392460109663098e+00,-1.415031908033684838e+00,-1.409583194477144197e+00,-7.856806234190709226e+00,-2.686247151290485302e+00,2.026982302975993910e+00,-5.798475190845652882e+00,-1.096460545055275126e+00,-2.054056095799814408e+00,-1.638694807393032526e+00,-4.892431388301377027e-01,2.862734379984791300e+00,-4.672173429995956084e+00,-1.642730863303937694e+00,-1.932801568516362778e+01,-3.258692813367195740e+00,-1.262779558919836731e+01,-1.092830631215134929e+01,-3.131875805954316139e+00,5.104148066951381679e-01,-4.273367064731439235e-01,-2.292823814709493035e+00,4.057308552768765786e+00,5.038470498043245982e+00,3.714041227264898382e+00,-1.607531346004562067e+01,3.076253558765928986e-02,3.928125767130526413e-01,9.072704995387184113e-01,-7.422905878278713843e+00,-1.299684089669620768e+01,-5.838483970061637329e+00,7.808029876968350713e+00,-1.137667878531547849e+01,-3.306378436040534385e+00,-7.230730304951608289e+00,-1.073474822865562928e+01,-5.168243351652669126e+00,2.503795129894188509e-01,-7.679449747286773764e+00,-1.004764394524141125e+00,2.383676237255865082e+00,-3.314984206423496893e+00,3.201426259728412660e-02,-1.666510004813152701e+00,-2.269367779237737182e+01,6.238990289284969570e+00,-4.536246024374567476e+00,1.525988100800603497e+01,-9.718256063263870370e-01,9.527696413838185663e+00,6.248968258666627307e+00,2.139631416231607020e+01,1.196731056721796804e+01,3.700651884229370303e+00,-3.419767975301625018e+00,1.168774935945111082e+01,3.997401697744276561e+00,9.386556072203067203e+00,1.551615607827734244e+01,5.866972468711872502e+00,-7.795406293695367417e+00,-2.769643663059093153e-01,1.000942631073921874e+01,7.383674682644503218e-01,-1.140570325369840265e+00,3.500574745370304441e+00,-2.037340692580046131e+00,-4.917545087247985336e+00,1.030674180145529384e+01,4.931976688287734945e+00,4.451572567376267386e+00,8.163857508716924727e+00,-1.477569720957045973e+00,-1.237577271416055780e+00,3.219431875931036302e+00,4.350109266693864996e+00,7.365704598074117371e+00,2.540980285412389605e+01,6.220088771806414840e+00,3.248927800843755431e+00,3.308867775361457042e+00,4.700140140311573234e+00,-2.649560359442999946e+00,8.531374545920055397e+00,1.149219046283317169e+00,2.831870715835548502e+00,1.732625498910527195e+00,1.140909787530984509e+01,3.115532845538804718e+00,-1.661614000934495294e+00,9.771268534053790811e-01,7.799770671150813683e+00,-2.418186692657425141e+00,3.732451444234124338e+00,-2.763594438727905001e+00,4.511523302977357375e+00,-1.611219536442393796e+00,-2.593459580836860567e+00,1.576592823969200641e+00,3.556946173205806083e+00,-1.068234988109978723e+01,8.606472769558418889e+00,-2.974323373188526798e+00,-5.252140212157358157e+00
-8.374772334837609078e-01,4.306292640192921795e+00,-1.077311189646319534e+01,-1.178686827176052887e+00,2.456693652708386466e+00,-6.792389102982619775e+00,3.527467148390503127e+00,-4.778708036694618855e-01,2.724695165430077282e+00,-1.599626212096620037e+00,2.573471181219835646e+00,-6.379843637930944222e-01,-8.092552391716782978e+00,-4.120676287348052469e+00,1.983926749038467108e+00,-1.848459641760339167e+00,4.733603363595129565e+00,1.042443462152144384e+01,-8.603425051088496645e+00,4.194004668720285878e+00,2.540715619983657803e-01,-4.966341004983689800e-01,4.539840439741545275e+00,5.608824869576476857e+00,-3.332456549364565923e+00,8.611223773508704937e-01,-3.944715516264226451e+00,-1.663191237142006784e+00,-8.711810650272447276e+00,5.948668176780076422e+00,1.339520284477897949e+00,-9.533790924299742287e+00,-5.038815647205135306e+00,-1.125253220008892185e+01,-8.700519388958832812e-01,-1.950275661461789545e+00,-1.325502583974578430e+00,1.496073407837439362e-02,3.945895925993418984e+00,-4.776685741885868808e+00,-1.474256998021650666e+00,-1.249710623282243693e+00,-7.525181670998046357e+00,-2.606655658108812279e+00,2.197100533067796402e+00,-5.981311419478165803e+00,-7.976187031604053956e-01,-2.095933097583199345e+00,-1.534758148368078778e+00,-4.394884746505054451e-01,2.683642220677264767e+00,-4.711318124700399679e+00,-1.510970711801173483e+00,-1.934011450694807621e+01,-3.446337700952095240e+00,-1.253483182481418901e+01,-1.106664375374566234e+01,-3.140037911774107293e+00,5.557381926731143063e-01,-5.770181878235041140e-01,-2.231143192501154449e+00,4.052122019980814116e+00,4.663073740121597588e+00,3.588128546823081688e+00,-1.623566028638240155e+01,1.175437224517552615e-01,3.967728670603375418e-01,9.777599046479039657e-01,-7.715383145182652669e+00,-1.297400972597850632e+01,-5.818171165454097071e+00,7.662980361537833573e+00,-1.114715190004025480e+01,-3.238712247846819992e+00,-7.045382801825811114e+00,-1.059472001205929637e+01,-5.267522341598947833e+00,2.258204562006427274e-01,-7.900095826433689794e+00,-6.736121417446003790e-01,2.383007376907515074e+00,-3.223063574377610152e+00,-1.197869410701368764e-01,-1.193511671078091751e+00,-2.241855224407394331e+01,6.167027833187518127e+00,-4.368166908874210108e+00,1.558481649746894249e+01,-1.021877009433090677e+00,9.553197637284833732e+00,6.384052850823001002e+00,2.152186508525326758e+01,1.193482762388822493e+01,3.610143978944775789e+00,-3.173362893077874336e+00,1.156123799877959435e+01,4.063316560151949197e+00,9.242385749588809318e+00,1.556394636934008524e+01,5.864748102694577803e+00,-8.123807830908432948e+00,-2.668956481832218675e-01,9.816996994497133144e+00,7.641745425531683011e-01,-1.109422084568159717e+00,3.433403424442429852e+00,-1.692273266382081420e+00,-4.853432325726417140e+00,1.007558240040587982e+01,4.827572162777006071e+00,4.440562094725237330e+00,8.036092527861519841e+00,-1.705749495788045689e+00,-1.166407124945927798e+00,3.308611503984408841e+00,4.435755080512532089e+00,7.340465509570814895e+00,2.531558751813291153e+01,6.213980274961987682e+00,3.295472541636019770e+00,3.388193779090457713e+00,5.011497171020288022e+00,-2.677105695979187239e+00,8.387476776802829548e+00,1.296573958480999877e+00,2.437694451990553013e+00,1.491981767169479278e+00,1.144404742442938172e+01,3.066159407967659511e+00,-1.761234971107648928e+00,8.466130857760792994e-01,7.563017023733550559e+00,-2.385293500601180838e+00,3.942765272210219329e+00,-2.849460857946893633e+00,4.687951952615143192e+00,-1.851716694739121039e+00,-2.585611039871547501e+00,1.611703700803861050e+00,3.446038149164867725e+00,-1.075855370341137984e+01,8.436222658221387505e+00,-3.126594287448133169e+00,-5.410693101130203964e+00
-8.755720147311037982e-01,4.323159694538376563e+00,-1.097229581195023229e+01,-1.062001623897087299e+00,2.505088173680327657e+00,-6.731363373974314612e+00,3.769208895967841144e+00,-7.148736196128373521e-01,2.887286457736875533e+00,-1.597772321755225100e+00,2.638583687150718227e+00,-8.533846615405613623e-01,-7.976552974612578950e+00,-4.096555753397224109e+00,2.081094947782421656e+00,-1.980872944187674456e+00,4.666862260078599611e+00,1.051997286937029585e+01,-8.600125085615850651e+00,4.382095671641146772e+00,2.287922929395191929e-01,-3.464561136427368737e-01,4.664565632920826488e+00,5.563204610160378039e+00,-3.303465853210024505e+00,7.915152826857561053e-01,-4.058129418241225750e+00,-1.437034555450519058e+00,-8.644503487578715450e+00,5.795561936570593708e+00,1.212708700319992117e+00,-9.393292729541542485e+00,-5.133654757057697360e+00,-1.108110353918564783e+01,-8.326162375347284650e-01,-1.866138432112107948e+00,-1.561000183020736287e+00,2.231065361471262776e-01,4.047601333184404737e+00,-4.957819321835252424e+00,-1.494092103860307219e+00,-1.120016432373815096e+00,-7.168874089894434753e+00,-2.531459065801247021e+00,2.335582417388557541e+00,-6.147530428866697427e+00,-5.170469829778285842e-01,-2.176625967771212533e+00,-1.500228466463807697e+00,-3.226178008530569130e-01,2.494769371501648791e+00,-4.676801736909705909e+00,-1.408685671415242924e+00,-1.928418689334857916e+01,-3.639445448822367091e+00,-1.248664452962675142e+01,-1.113143427623239745e+01,-3.174054191622546650e+00,6.281423540890176405e-01,-7.920586101524831335e-01,-2.141482780267328856e+00,4.054630099179478364e+00,4.202759037359868444e+00,3.468583230639931347e+00,-1.643001122749170051e+01,2.361667519510000091e-01,4.024495976405763065e-01,1.003442931801201699e+00,-7.979824934784482515e+00,-1.297306608185502519e+01,-5.762649664838477293e+00,7.487569788950240834e+00,-1.091168764932067958e+01,-3.193939401593003158e+00,-6.736676360761283178e+00,-1.042011011566241763e+01,-5.345238435174932690e+00,1.651634942131938733e-01,-8.184897317910040826e+00,-2.980135901772502649e-01,2.353531114829320536e+00,-3.131159714933273719e+00,-2.820108891994195233e-01,-7.259485057620915782e-01,-2.212408380473544867e+01,6.143173494191394468e+00,-4.159364903089039167e+00,1.590057877282257515e+01,-1.049129510165051293e+00,9.561680401029287069e+00,6.497403267118659009e+00,2.161556761503947044e+01,1.189366222722327038e+01,3.499267158890147833e+00,-2.878695154541975665e+00,1.142176552285036806e+01,4.132934785911719366e+00,9.065785534861628747e+00,1.560300544336631745e+01,5.837148092627056251e+00,-8.452913148897136963e+00,-2.785359416108487141e-01,9.607064212106569911e+00,8.069131980667645365e-01,-9.745129867542430269e-01,3.427732042125299472e+00,-1.350302457016216984e+00,-4.749653724672775468e+00,9.802825668865825293e+00,4.703840733551625242e+00,4.396421376035449136e+00,7.858009166885278063e+00,-1.939906957748982030e+00,-1.087611948961507036e+00,3.404130657277078420e+00,4.487850068300005546e+00,7.289011150835520425e+00,2.515100024663293254e+01,6.181216274245603159e+00,3.290743956785036950e+00,3.484031176805814312e+00,5.247693726517367097e+00,-2.691628898225379984e+00,8.256807973977712933e+00,1.462563522098651703e+00,2.043735817598924864e+00,1.268910480715391698e+00,1.143165017624627922e+01,2.989674848421582709e+00,-1.827769184984322948e+00,6.737034889180963937e-01,7.349111164851871436e+00,-2.317884389297895531e+00,4.148334095122418574e+00,-2.951344905410719921e+00,4.790663610589890098e+00,-2.119682145002813378e+00,-2.536908372527444833e+00,1.599499335091707053e+00,3.323367480860913048e+00,-1.087461955184362061e+01,8.252971263473181551e+00,-3.275857141421672836e+00,-5.536733683068717937e+00
-9.411708863529567592e-01,4.283655258926899023e+00,-1.115686694423563452e+01,-9.564360440916335193e-01,2.562781291608027701e+00,-6.657598896184359738e+00,3.973215528874847635e+00,-9.497288360120421657e-01,3.030081531231519243e+00,-1.582944202283375290e+00,2.724843245505276457e+00,-1.201279193245223142e+00,-7.863029393018926783e+00,-4.003340963807159980e+00,2.212516785578975131e+00,-2.144616166693891213e+00,4.629908218382356111e+00,1.056930049672742911e+01,-8.592330998728137104e+00,4.613402272191717834e+00,1.837292109188179978e-01,-1.996797681302964200e-01,4.782530382724193174e+00,5.510045689082164522e+00,-3.278046732835016908e+00,7.153244017452031756e-01,-4.111328451933686345e+00,-1.231856392280000989e+00,-8.561413301694674516e+00,5.633815452151598180e+00,1.122049840000959531e+00,-9.196113032503326679e+00,-5.232933646128425487e+00,-1.073891293992813445e+01,-8.541087363581716385e-01,-1.838022120330089049e+00,-1.760186059449028839e+00,3.261931358281546789e-01,4.137264370292388804e+00,-5.124292850275774747e+00,-1.466040459664878171e+00,-9.670868980536426740e-01,-6.868283401044244840e+00,-2.435547972006489204e+00,2.486409942905526638e+00,-6.257132169403728739e+00,-2.871555871342632571e-01,-2.276615234839347579e+00,-1.504961235402041630e+00,-2.070427655978885895e-01,2.302477573617640605e+00,-4.524844334185849526e+00,-1.316888594325853257e+00,-1.918188940745137216e+01,-3.832223719264893802e+00,-1.248611292616196877e+01,-1.114407194762849329e+01,-3.263786330437081329e+00,7.283791201737797039e-01,-1.025883016692975325e+00,-1.994981939075215260e+00,4.071181018274582897e+00,3.741739022723880481e+00,3.342962680681174525e+00,-1.663348182886020510e+01,4.166389937098924356e-01,4.311258293441396772e-01,9.332066388656152789e-01,-8.206805090954114590e+00,-1.298303473743421854e+01,-5.706598770432925960e+00,7.271086954519192069e+00,-1.063739351712895953e+01,-3.110064630372117112e+00,-6.317417058082958725e+00,-1.025064525408095761e+01,-5.431582325352256824e+00,6.198229769477636708e-02,-8.485579727303132813e+00,1.124978990523235467e-01,2.292865418559865365e+00,-3.012273877707901892e+00,-4.129858735799034619e-01,-3.181336745487062245e-01,-2.178703538560224473e+01,6.150241396885492762e+00,-3.960474679221452909e+00,1.619586048097487918e+01,-1.107348737836594488e+00,9.550558452912897067e+00,6.599871322853447353e+00,2.166457876947897887e+01,1.183404403916044245e+01,3.389665273020773029e+00,-2.523861772474492948e+00,1.127272847468165118e+01,4.183686547884468254e+00,8.855403430193231173e+00,1.558355436761970125e+01,5.818207558923171874e+00,-8.808441710372989064e+00,-3.053125448783086116e-01,9.385897775581300451e+00,8.716014309611006539e-01,-7.281966868124234438e-01,3.489158781284736222e+00,-1.060477017325684113e+00,-4.614910740394466693e+00,9.487451489401784954e+00,4.567057405478044174e+00,4.362504946298459529e+00,7.678176825254034554e+00,-2.132086465369244621e+00,-9.826966094692507481e-01,3.499745343989310253e+00,4.509752342110320278e+00,7.201105794051052555e+00,2.490573766125294597e+01,6.126480624076693360e+00,3.288340408570838758e+00,3.613424924780513692e+00,5.433091025058904400e+00,-2.661243618255653143e+00,8.085108401255853394e+00,1.651717215079209211e+00,1.640216258394696203e+00,1.021374102402069717e+00,1.137135243778219440e+01,2.892780605456675147e+00,-1.901327091097870348e+00,4.812101416095784789e-01,7.211979260760307042e+00,-2.250138752335016257e+00,4.344070222941459392e+00,-3.059322235027582160e+00,4.766992120441250869e+00,-2.368101191034248210e+00,-2.497980429295864724e+00,1.564826433822130491e+00,3.196905792589664674e+00,-1.096775112758585280e+01,8.066840079250443551e+00,-3.438192314381819603e+00,-5.652524332252346184e+00
-9.952907490394978796e-01,4.183902634886820238e+00,-1.131612783781666565e+01,-8.403515675057491308e-01,2.626133464767785419e+00,-6.548685228745804388e+00,4.185936669584272352e+00,-1.149005045594136742e+00,3.195363700730634804e+00,-1.589988645114690513e+00,2.813783016566037798e+00,-1.626626291784015743e+00,-7.735451742617524218e+00,-3.816267641078951556e+00,2.329701652959355940e+00,-2.317883796396420948e+00,4.539790215532757855e+00,1.056185170193548295e+01,-8.575740957920567453e+00,4.883967710091248193e+00,1.186263251281647335e-01,-6.173418042923195515e-02,4.893087997132655964e+00,5.444598185957669756e+00,-3.254995491387880691e+00,6.450294952707520402e-01,-4.086850523173022331e+00,-9.833104831430059534e-01,-8.481037330022306975e+00,5.475402697529489160e+00,1.020849225439508068e+00,-8.930230306151656805e+00,-5.276795526189628660e+00,-1.025185385559960594e+01,-9.191270402600946188e-01,-1.842231508310086419e+00,-1.943211299810689852e+00,3.563162093012754994e-01,4.217582502295989855e+00,-5.304554531556480157e+00,-1.384226167643146432e+00,-8.073433808023415814e-01,-6.573849539979391032e+00,-2.318982137427306967e+00,2.607450288829267659e+00,-6.320791844458726771e+00,-9.090894874507693402e-02,-2.413057151935365852e+00,-1.547162920637902062e+00,-9.586352342279025329e-02,2.096022060980819113e+00,-4.314722363218403522e+00,-1.253060128120432992e+00,-1.899833173278912213e+01,-4.024103625693110864e+00,-1.253452080597610241e+01,-1.108711380390354861e+01,-3.404291563772306350e+00,8.268965336861651139e-01,-1.272366696732707858e+00,-1.819317099615739730e+00,4.100731527598624027e+00,3.225443330315102664e+00,3.218562513421911131e+00,-1.682828341115428827e+01,6.276817227652695674e-01,4.733534518597030116e-01,7.680452330817080231e-01,-8.358381094217909535e+00,-1.302966884500841260e+01,-5.635263147530706007e+00,7.017465590920759944e+00,-1.034338883941999221e+01,-3.033793032120758237e+00,-5.797159690005578625e+00,-1.003972029278148170e+01,-5.506608188469751752e+00,-1.160620301005852451e-01,-8.788062557513065087e+00,5.028230121645305140e-01,2.189303264420290329e+00,-2.868582054574350337e+00,-5.438809522459937540e-01,5.969927193172397395e-02,-2.145975087942355941e+01,6.172336835262305144e+00,-3.722354876347322428e+00,1.648677887211545823e+01,-1.176900437971342139e+00,9.525855197774632188e+00,6.682072221728034833e+00,2.165125382987114477e+01,1.177773264846685208e+01,3.286041633774395621e+00,-2.119900659495456363e+00,1.111053325924552659e+01,4.225192121424237612e+00,8.608515349002209049e+00,1.552676579170620030e+01,5.781868814323591010e+00,-9.158120974807212988e+00,-3.447174607993904738e-01,9.132794581054636041e+00,9.341716669681601193e-01,-3.983419132604975044e-01,3.623789345076979806e+00,-8.195270528847793390e-01,-4.460065827786171333e+00,9.134454227982008234e+00,4.418816537754872265e+00,4.336866267514104756e+00,7.447756030387227888e+00,-2.270749775254790048e+00,-8.538499583069961707e-01,3.594053322305209353e+00,4.506832006907993460e+00,7.051839318754881347e+00,2.458846362894113113e+01,6.051126010903350227e+00,3.248561182666540592e+00,3.733652813867087694e+00,5.529162249269162999e+00,-2.588753106415358829e+00,7.881849579755788149e+00,1.860569226264560783e+00,1.247628495475820998e+00,7.695402957358138396e-01,1.124937431232863894e+01,2.777768588577540498e+00,-1.960359087032395697e+00,2.482831312531440793e-01,7.138783087953321171e+00,-2.155813396627701550e+00,4.523164167686554826e+00,-3.192177855109652462e+00,4.623574620319401696e+00,-2.599271846952434295e+00,-2.494409296817071020e+00,1.490285885509536445e+00,3.059109497152675772e+00,-1.104407873403815898e+01,7.866073870348482266e+00,-3.594168592937076578e+00,-5.728076991140074625e+00
-1.009957119830821037e+00,4.035317112361020087e+00,-1.143976179416590178e+01,-7.388548471135485407e-01,2.703102758466817690e+00,-6.405140498022229067e+00,4.391627360785582468e+00,-1.328055761159611992e+00,3.373697827375015557e+00,-1.635235399080782415e+00,2.911846994140423917e+00,-2.135374770701396141e+00,-7.597741684155724151e+00,-3.524593798366208119e+00,2.437062545689915538e+00,-2.493952597395707738e+00,4.407341552675378082e+00,1.048078903783375182e+01,-8.542865440281236289e+00,5.189906476023822712e+00,1.396675037560690669e-02,6.550800375538656795e-02,4.984950892834421943e+00,5.379481677694124997e+00,-3.236440670553650811e+00,5.916174891851042617e-01,-3.981981485750671901e+00,-7.330332174118474597e-01,-8.405582250176102832e+00,5.320947954662035073e+00,9.172195960988505092e-01,-8.590945870545052543e+00,-5.303695776539533391e+00,-9.623119608546415904e+00,-1.043361638761909127e+00,-1.880378302831216875e+00,-2.101968854841868684e+00,3.117548393436280763e-01,4.297479214115902835e+00,-5.488326467345827631e+00,-1.248471365341092376e+00,-6.318337715298261159e-01,-6.312371315666961635e+00,-2.181444799566515602e+00,2.713219141101674836e+00,-6.326988248546615345e+00,5.913323578557161397e-02,-2.593875704672109705e+00,-1.612930284640657241e+00,-1.451943362052876552e-02,1.882274340173339056e+00,-4.045309561502635987e+00,-1.214591431030196178e+00,-1.872266480628782404e+01,-4.213901773401741657e+00,-1.263527087498188628e+01,-1.097630241921126171e+01,-3.592117730404287279e+00,9.124760116889283346e-01,-1.493921338891252226e+00,-1.603866333388804133e+00,4.144197708902337851e+00,2.711230620839226280e+00,3.086923634864685795e+00,-1.700368224059313249e+01,8.752546488124739454e-01,5.114840835462001190e-01,4.785012919376052110e-01,-8.423188783331060137e+00,-1.310815699454643912e+01,-5.560363370129343785e+00,6.719440600584560386e+00,-1.002683628063828358e+01,-2.933691022312953312e+00,-5.178342873544457881e+00,-9.783041252529276477e+00,-5.581834621033177513e+00,-3.869886948331320298e-01,-9.068144217990754541e+00,8.559610773807366790e-01,2.038029013071075646e+00,-2.694224214172494136e+00,-6.697592890665045040e-01,3.823426292299934026e-01,-2.115812333825483194e+01,6.199488284742121991e+00,-3.460464268091987705e+00,1.676703352812224423e+01,-1.295697480850949823e+00,9.492273132210801379e+00,6.745807999012539469e+00,2.157081902607076529e+01,1.171902916177812237e+01,3.202118618507888481e+00,-1.663693073426315561e+00,1.094354759411189626e+01,4.241368227764949594e+00,8.321243697859795674e+00,1.542152088741856808e+01,5.739002581378938039e+00,-9.515876739687257668e+00,-4.046143529275420536e-01,8.850847600429244011e+00,9.910484418772487203e-01,-1.886118858325824821e-02,3.838814425277253140e+00,-6.307778757807491754e-01,-4.295552575669887574e+00,8.733423344811052758e+00,4.251652268787671218e+00,4.361611550318166941e+00,7.175267152780572921e+00,-2.319662480130702420e+00,-6.967263785877259030e-01,3.684078133101786001e+00,4.484284508149067427e+00,6.831013754735444365e+00,2.420650905193798863e+01,5.955287561833582544e+00,3.191614497392485816e+00,3.851929173699856879e+00,5.536038395078737295e+00,-2.486789829195310997e+00,7.633806768592437564e+00,2.084785939433290824e+00,8.637731620468616089e-01,5.223489572619689492e-01,1.105789772061312348e+01,2.639326163682971682e+00,-2.010716502727566191e+00,5.674445933474263348e-03,7.167224242138818369e+00,-2.051722585925007891e+00,4.688615916850885412e+00,-3.350513283047251711e+00,4.355166833194028975e+00,-2.790752003383994762e+00,-2.552924436702982192e+00,1.370976023725311244e+00,2.896354147521663869e+00,-1.108040271365282337e+01,7.664210840734585695e+00,-3.752251166939211124e+00,-5.777617636462533568e+00
-9.726660088903573698e-01,3.848581461169882978e+00,-1.151439208926508329e+01,-6.290596575723570449e-01,2.790066083354422410e+00,-6.217080855280943119e+00,4.591094407979996461e+00,-1.485116286331902291e+00,3.580932754021900255e+00,-1.715514497651708048e+00,3.009579889015656207e+00,-2.752219793041482454e+00,-7.435337749956597797e+00,-3.095005681013210719e+00,2.520335575584176979e+00,-2.645080830444420883e+00,4.181001173560108697e+00,1.032630375787325860e+01,-8.490556913419975871e+00,5.520220455792181014e+00,-1.010980593154311435e-01,1.724593904148835066e-01,5.050047119179525090e+00,5.304706779812441653e+00,-3.177066639618874255e+00,5.253455118435788052e-01,-3.804636862191696167e+00,-4.617208219434323357e-01,-8.335544699519694234e+00,5.174200425553292959e+00,8.082744623075344137e-01,-8.187357107619128271e+00,-5.275613218432809504e+00,-8.825129247495524965e+00,-1.227824557749387147e+00,-1.929195327582011066e+00,-2.252375151180844526e+00,2.015042086628433537e-01,4.357972492887109972e+00,-5.687190479637472151e+00,-1.070325886920786118e+00,-4.388178205425521394e-01,-6.062428743338323045e+00,-2.013666908915442200e+00,2.767625391806311175e+00,-6.266001105200682986e+00,1.578734279012632413e-01,-2.822540994235564593e+00,-1.696671624537801515e+00,2.816014344260509006e-02,1.697943234908448451e+00,-3.737576747519345766e+00,-1.207358435810351960e+00,-1.832348080893221010e+01,-4.400880288337985391e+00,-1.279041900516247132e+01,-1.077478313288950318e+01,-3.829572742406019525e+00,9.636516364633151976e-01,-1.678326042192168854e+00,-1.366873353351047093e+00,4.203562329161529831e+00,2.180388036202253854e+00,2.959439318828696486e+00,-1.711312649891292281e+01,1.155034646305451718e+00,5.361573002979553859e-01,3.370812827711588966e-02,-8.388488004147774291e+00,-1.323662383468265880e+01,-5.481017641495883552e+00,6.375717583502410690e+00,-9.689352682174606102e+00,-2.829976029477953237e+00,-4.485491370201083683e+00,-9.497657599875566348e+00,-5.650415151709976769e+00,-7.817983428299211113e-01,-9.259079284013964184e+00,1.141839299149316034e+00,1.838125530833029320e+00,-2.481532230420317120e+00,-7.568191996855451187e-01,6.309209071392518631e-01,-2.092344886071503396e+01,6.222171211634362820e+00,-3.162427312730706319e+00,1.698500147349889744e+01,-1.451405163280761190e+00,9.449342075879565428e+00,6.781826637604810415e+00,2.140160733492756862e+01,1.165055787281774258e+01,3.146625468977821694e+00,-1.169484296682331115e+00,1.077812072235015961e+01,4.230629179299372211e+00,8.033744247525062221e+00,1.526295281806574522e+01,5.680601544162064975e+00,-9.861948841311026115e+00,-4.883562898805705599e-01,8.594966046807781979e+00,1.021234673038990293e+00,3.558182836837370244e-01,4.135760571674791386e+00,-5.012923390621335518e-01,-4.109607792284310612e+00,8.293217583289372641e+00,4.061568574766948103e+00,4.463404199789105853e+00,6.869103160112166151e+00,-2.284759223643144210e+00,-5.080050961140620824e-01,3.761028982792731234e+00,4.440056359897466720e+00,6.520551000879073911e+00,2.378191742421980592e+01,5.867688235140919417e+00,3.097769760721218457e+00,3.927211297420544422e+00,5.455768356146792897e+00,-2.350710193907771028e+00,7.357173380205098034e+00,2.314956694776257873e+00,5.000292627731868222e-01,2.900773463115376982e-01,1.079701651467539136e+01,2.454328604206672093e+00,-2.040935672746793106e+00,-2.479473239822637398e-01,7.266822802204006670e+00,-1.931440693588890145e+00,4.830180393220727453e+00,-3.533816947734078617e+00,3.962650566238538286e+00,-2.931378355292522997e+00,-2.712765241817301387e+00,1.199468205991252034e+00,2.694365485460622267e+00,-1.107807141816952878e+01,7.459334414688167492e+00,-3.891827690665002226e+00,-5.770614635752824739e+00
-8.539120826638645356e-01,3.636443587458793480e+00,-1.147757011899386725e+01,-5.484928552727172946e-01,2.886390447907673629e+00,-5.981817034223237961e+00,4.757370793114012564e+00,-1.614087987839945670e+00,3.821350822527532554e+00,-1.851446735765059692e+00,3.110349320816819585e+00,-3.428538604536414347e+00,-7.237680898738351409e+00,-2.507742203823470017e+00,2.567238507553893712e+00,-2.764707052178652091e+00,3.868143117691904997e+00,1.008501445065818380e+01,-8.415274699238686651e+00,5.855380155394194652e+00,-2.600167411043985410e-01,2.352699214056364063e-01,5.077803172138488641e+00,5.250971620809918861e+00,-3.120546920371308985e+00,4.911654151568134452e-01,-3.542593243630085098e+00,-2.104389255100392320e-01,-8.269263577576078106e+00,5.033027173133220344e+00,6.833379531365091353e-01,-7.693008630553091365e+00,-5.226649591645049497e+00,-7.933817049064623816e+00,-1.479917769032363051e+00,-1.990218964408922542e+00,-2.378976762787422317e+00,4.366674280111304540e-02,4.423324782237523678e+00,-5.888264046712931687e+00,-8.588755576268177760e-01,-1.843700702934021329e-01,-5.861792437925060106e+00,-1.822652316878775824e+00,2.797240594911095002e+00,-6.134064658390714797e+00,1.750766046301803769e-01,-3.102429251525023357e+00,-1.799875480594014254e+00,1.294077091909429100e-02,1.508526368165962417e+00,-3.423180948414398461e+00,-1.244595639033837964e+00,-1.779286405120647885e+01,-4.575834613408388485e+00,-1.300327066462891601e+01,-1.048521944466496336e+01,-4.117392777892182387e+00,9.508435937844730290e-01,-1.803741358734515909e+00,-1.116128464376842100e+00,4.281645466310997961e+00,1.702201202595872376e+00,2.813564084741038140e+00,-1.713019209746479632e+01,1.455072596831712195e+00,5.388513035884620050e-01,-5.511153269877142602e-01,-8.248137769074222803e+00,-1.344017904990171530e+01,-5.408018229296846613e+00,5.988656737415739784e+00,-9.344023509418901696e+00,-2.692884164917005219e+00,-3.723347318606455403e+00,-9.141368650207729374e+00,-5.728618810803510542e+00,-1.300304546272927908e+00,-9.382910180890332796e+00,1.302619572845806317e+00,1.581450473908210030e+00,-2.225087419693648538e+00,-8.286814955933958782e-01,7.755802604955128743e-01,-2.079187174010635530e+01,6.220354722219184396e+00,-2.843519678438467757e+00,1.717323886976455327e+01,-1.654176789184110596e+00,9.402493716100883248e+00,6.821288180558807035e+00,2.113100949059041156e+01,1.158696528958467198e+01,3.139370910120107716e+00,-6.415216239621228667e-01,1.064563912767537701e+01,4.187733040393717410e+00,7.708954545156744054e+00,1.507474002629561660e+01,5.608303931656320351e+00,-1.015983995495573033e+01,-5.977746443881291061e-01,8.307018476775041904e+00,9.959294183068307937e-01,7.369314248435954173e-01,4.451372235767145469e+00,-4.449418706173225990e-01,-3.905276145208057326e+00,7.819213596583052706e+00,3.879736332469201798e+00,4.638487549473484961e+00,6.512195740735708505e+00,-2.095029674961426558e+00,-2.828936729880447420e-01,3.812553957746990463e+00,4.385856505539075023e+00,6.136596265622066504e+00,2.333724258959068720e+01,5.775503758428575551e+00,2.968701697827490715e+00,3.960689613162955425e+00,5.247397248314197071e+00,-2.199198035966902331e+00,7.004718495764715946e+00,2.541986158329936352e+00,1.331444033800667504e-01,8.883280979824681456e-02,1.046924382216906046e+01,2.255726428447834664e+00,-2.063304790742166883e+00,-5.098651794192587960e-01,7.471114117264106014e+00,-1.812072742821088767e+00,4.908976840796441365e+00,-3.751915760831470159e+00,3.444085106284537012e+00,-3.003076482614418730e+00,-2.967555995001290192e+00,9.857958997180230609e-01,2.432149551443459679e+00,-1.098972098603370640e+01,7.259167854054211055e+00,-3.986024450864359192e+00,-5.719253186069455985e+00
-6.349111503950877200e-01,3.422667845698227573e+00,-1.135401503245965671e+01,-4.958273563113133608e-01,2.997443768665939867e+00,-5.698390275368479863e+00,4.898782937467970555e+00,-1.706327966658335971e+00,4.111769569296666482e+00,-2.029448883797427161e+00,3.180288719466782155e+00,-4.163184187412727333e+00,-6.981894959085843233e+00,-1.769672468198288051e+00,2.591417234241715661e+00,-2.841570558054578033e+00,3.465115168786970123e+00,9.777411783553274560e+00,-8.302751810370914143e+00,6.186937771693092003e+00,-4.588078267512019082e-01,2.591344203177508021e-01,5.039876225945586263e+00,5.206642357799833754e+00,-3.038594801631898434e+00,4.799563712047021369e-01,-3.217536535500194361e+00,1.961236970037205651e-02,-8.241329258791967760e+00,4.930752996399554000e+00,5.531490410380357492e-01,-7.121212945507711112e+00,-5.147613236407501347e+00,-6.941290236015738913e+00,-1.766160519143243679e+00,-2.041712322944108315e+00,-2.480878685191701294e+00,-1.660802329038140179e-01,4.481008273524436980e+00,-6.113724752950343344e+00,-6.371221798779115320e-01,5.251895212059443097e-02,-5.693252864806281011e+00,-1.610352471626235626e+00,2.761818124548047315e+00,-5.945179991139587727e+00,1.152591171270556103e-01,-3.432724962469122509e+00,-1.922159266153772972e+00,-5.647792352709757324e-02,1.348332707543685505e+00,-3.108300091531157161e+00,-1.330436361801319745e+00,-1.708672554108962416e+01,-4.734860858074803502e+00,-1.329148589424812954e+01,-1.011537520763096332e+01,-4.439766620063364755e+00,8.636322294797027510e-01,-1.831594169454350052e+00,-8.544835061797473319e-01,4.376790927315143520e+00,1.312070786378018994e+00,2.649601110585182440e+00,-1.702568851810843853e+01,1.786261920169522011e+00,4.988316081167446514e-01,-1.300471401764454527e+00,-7.991999497929430873e+00,-1.372526707765368847e+01,-5.339115110310051371e+00,5.590398776717551144e+00,-9.023776906109441498e+00,-2.539507045919104478e+00,-2.905077814678750592e+00,-8.735022770196128050e+00,-5.792137532891594276e+00,-1.967760173832624915e+00,-9.402614322599918140e+00,1.337170318343963160e+00,1.260677085254923835e+00,-1.934763807477341668e+00,-8.451863756619810708e-01,7.745885146865543192e-01,-2.082135462875663734e+01,6.179619120576860247e+00,-2.521280498298913653e+00,1.727598852942412222e+01,-1.920652116682762589e+00,9.352106631222689259e+00,6.845923963212849905e+00,2.075393111496464726e+01,1.152382296799240180e+01,3.184230757082996188e+00,-9.729771511285678631e-02,1.055914754126184896e+01,4.102550011052162660e+00,7.403092031293052599e+00,1.483510831492424309e+01,5.515042697774369174e+00,-1.043553410321120367e+01,-7.362991062788291075e-01,8.020244587016389204e+00,9.322225715294922832e-01,1.074813741645059384e+00,4.852286347817114986e+00,-4.721506110701123582e-01,-3.646694771307111171e+00,7.309144769449522627e+00,3.696259251532344692e+00,4.900126853529739535e+00,6.113545228821554822e+00,-1.736165958911922935e+00,-2.532508748852821401e-02,3.860463003804878834e+00,4.322623631178198700e+00,5.668015920189690249e+00,2.293559957679363492e+01,5.698344874840476137e+00,2.824873225118452513e+00,3.935179760942630445e+00,4.913984915464985725e+00,-2.031058100714177250e+00,6.665559898971752162e+00,2.749574023335635164e+00,-1.909574300456443052e-01,-6.787251425372392566e-02,1.008717879050334254e+01,2.008947071772423598e+00,-2.062048730971723032e+00,-7.398890104679100022e-01,7.788759512867178714e+00,-1.710154110426467255e+00,4.960809148070038255e+00,-4.006842776330438838e+00,2.828063157213728473e+00,-2.996806199006178950e+00,-3.331805911538754827e+00,7.184113618452355743e-01,2.116425070728264135e+00,-1.083716009557080007e+01,7.094442903676639212e+00,-4.028627701766183122e+00,-5.585013076839024038e+00
-3.310156560399891146e-01,3.211328978048676674e+00,-1.108643141728959236e+01,-4.364460207734388031e-01,3.120812402008079633e+00,-5.363908972339886283e+00,5.013885863358973793e+00,-1.761903083573872264e+00,4.465152714080090846e+00,-2.229900430832111979e+00,3.222814221654629385e+00,-4.912578314639986843e+00,-6.651928186443798019e+00,-8.910048391878921947e-01,2.579442006967905598e+00,-2.869284562018465934e+00,2.950568607216577099e+00,9.365514470579798356e+00,-8.155524612066953338e+00,6.473692084749669284e+00,-6.775093666385485491e-01,2.092727285047422114e-01,4.926424146914145652e+00,5.181198950826527039e+00,-2.914655658811246219e+00,4.756524154977712637e-01,-2.828103209761462011e+00,2.242879196210756376e-01,-8.233167196095507734e+00,4.858146064605275427e+00,4.294592110899690951e-01,-6.485870803614560032e+00,-5.007451037142775618e+00,-5.903432140696014407e+00,-2.095537569704265302e+00,-2.064419945526720923e+00,-2.559846176305708987e+00,-3.975779060430122414e-01,4.516321076828707426e+00,-6.358033844478008234e+00,-4.424015289005831519e-01,3.317482033746486092e-01,-5.552668923239042265e+00,-1.360957504741453716e+00,2.647386537964556030e+00,-5.692591113297552852e+00,-2.343469517832552640e-02,-3.785115761443985871e+00,-2.080660134595063049e+00,-1.672472836220078030e-01,1.228536320600178477e+00,-2.843026465382522350e+00,-1.459699664889625215e+00,-1.620175232489216199e+01,-4.884279148026431372e+00,-1.364418703199293681e+01,-9.621916323571673146e+00,-4.819275585898734171e+00,6.743774611535089392e-01,-1.769740174391109422e+00,-6.340787382628756408e-01,4.480474423803769923e+00,9.881154987628715247e-01,2.464394164732958359e+00,-1.674276269003189910e+01,2.114613734596312966e+00,4.402995719033988564e-01,-2.178846938460338389e+00,-7.630148480551659951e+00,-1.412609017545405443e+01,-5.279819048595758346e+00,5.190251558966252787e+00,-8.754834791614909406e+00,-2.382268664279742598e+00,-2.077523864422750055e+00,-8.263911628674007304e+00,-5.840889024002400731e+00,-2.767424644335829242e+00,-9.296730843200712968e+00,1.222465538045520717e+00,8.781055320300694689e-01,-1.607093057385947432e+00,-7.828927635786571138e-01,6.281048988151747281e-01,-2.102583529417831443e+01,6.088798368885445456e+00,-2.199806152093017886e+00,1.725887428621485498e+01,-2.201280055227862853e+00,9.310416962709510358e+00,6.873653961639830001e+00,2.025294156017099212e+01,1.147129528878589610e+01,3.288394208519449524e+00,4.396761785712465231e-01,1.053749718824514581e+01,3.989432778317832717e+00,7.122905343209035678e+00,1.458545277180152233e+01,5.370981962735005943e+00,-1.061958855533150015e+01,-8.776158142579889576e-01,7.740225888724790337e+00,8.302205731824829904e-01,1.368183797717077876e+00,5.247366425353032326e+00,-5.657993380853905130e-01,-3.300207052987767398e+00,6.803300864716377738e+00,3.533839073059453106e+00,5.175820844792939468e+00,5.666217833313210939e+00,-1.197456830452479082e+00,2.584713386193683293e-01,3.899260895711950781e+00,4.249032766819666129e+00,5.140390193814444508e+00,2.262443416271025498e+01,5.631975982989226637e+00,2.620122449526518960e+00,3.827925109566272965e+00,4.449984698398622207e+00,-1.829743406961687135e+00,6.289790431535955406e+00,2.933664806231699451e+00,-4.956444969419087077e-01,-1.919165353324575052e-01,9.690641962191714143e+00,1.738811146770207205e+00,-2.040387503645568312e+00,-9.496746554229397175e-01,8.145733946772747203e+00,-1.634436145542982333e+00,4.948017901930847451e+00,-4.308924528858226743e+00,2.127045743229794006e+00,-2.932142068895794651e+00,-3.763163210753967647e+00,4.276363502289556306e-01,1.742037544911445135e+00,-1.059689846874049834e+01,6.956546477617267854e+00,-3.975450328119664700e+00,-5.358732622432785142e+00
5.025685153955274792e-02,3.025433850198635533e+00,-1.070495598655417346e+01,-3.964531030433027237e-01,3.257437789408312412e+00,-4.983647648183991308e+00,5.082315574452143991e+00,-1.823949761194745278e+00,4.875650948034996546e+00,-2.419337180037687496e+00,3.221316291083186734e+00,-5.618204640297300045e+00,-6.238678815501221386e+00,6.421215527500523379e-02,2.566499927007751758e+00,-2.860274609490720987e+00,2.396325962919651609e+00,8.891726305736984415e+00,-7.960085782561784562e+00,6.697302603331249493e+00,-9.259685980969685204e-01,1.108435240083009976e-01,4.731203825864717771e+00,5.180040721425503314e+00,-2.779301377941832740e+00,5.109638960913223116e-01,-2.418887066378860862e+00,3.547413355602468954e-01,-8.265576218760241289e+00,4.831367731507600460e+00,3.366012020989677112e-01,-5.851784445302119941e+00,-4.843575043038041983e+00,-4.939753382119162595e+00,-2.439419985807050217e+00,-2.048333976446087501e+00,-2.573752287813011908e+00,-6.405023043679434203e-01,4.513468215610509482e+00,-6.610758993332211730e+00,-2.980609767958835032e-01,5.840758551492999384e-01,-5.470684181757389908e+00,-1.097576125197413432e+00,2.447285984056649877e+00,-5.398624561335487293e+00,-2.453298397585657042e-01,-4.135830344635775369e+00,-2.302509950875144096e+00,-2.909021877373394460e-01,1.167464463490335280e+00,-2.604149413327263574e+00,-1.634550993410049724e+00,-1.517439246801339081e+01,-5.024336968106042356e+00,-1.407470528728219072e+01,-9.059651052246262992e+00,-5.252152208384961440e+00,4.098773542010070159e-01,-1.605267388302468845e+00,-4.498498737788096391e-01,4.575923723609824911e+00,8.127914773030758822e-01,2.254115800493119881e+00,-1.627917972654839929e+01,2.420333707542468460e+00,3.644319943052255484e-01,-3.122317054467861563e+00,-7.195912282888828670e+00,-1.463908221326149750e+01,-5.245755374343843869e+00,4.829544886704989715e+00,-8.589200950205214014e+00,-2.200257763874370109e+00,-1.320526756226218623e+00,-7.771190988479926176e+00,-5.858237386850897011e+00,-3.618910036117602758e+00,-9.084710581401704843e+00,9.715358551087009964e-01,4.312049710541497882e-01,-1.264543739576360570e+00,-6.060060929404067487e-01,2.804299735398192439e-01,-2.134096218852715054e+01,5.929075650536166364e+00,-1.930521092930503446e+00,1.710983269651190852e+01,-2.505598391355504440e+00,9.273149250808092603e+00,6.917372469617140140e+00,1.963896164684496171e+01,1.143713381350442404e+01,3.431014151781635491e+00,9.524091937256382590e-01,1.060432278714766063e+01,3.830580060549480415e+00,6.882362515648643431e+00,1.432940781442627376e+01,5.177539182266978735e+00,-1.074762354924848928e+01,-1.023589820272258422e+00,7.428806650457639549e+00,7.168230029935667158e-01,1.620992732897754252e+00,5.662046795037567470e+00,-7.288891596987376875e-01,-2.823128516847822844e+00,6.301988738182891403e+00,3.408680089873889152e+00,5.425894308923621345e+00,5.198804123535445854e+00,-4.487143393377827638e-01,5.618791066483628249e-01,3.954341444723286969e+00,4.166960140026819914e+00,4.594286763651561856e+00,2.247454988042920121e+01,5.555582653641172541e+00,2.398310845612100728e+00,3.658732854331859130e+00,3.867469635921057858e+00,-1.599976970480414096e+00,5.977151856069744085e+00,3.102408809196486317e+00,-7.572642639344273618e-01,-2.770776533667826391e-01,9.315616355552581496e+00,1.445897803435501672e+00,-1.983611176868625980e+00,-1.095227431930438478e+00,8.538651074913328642e+00,-1.610714278721673054e+00,4.904167050103094283e+00,-4.640674756785903021e+00,1.414534724114121289e+00,-2.826516078135433929e+00,-4.203722969362578610e+00,1.292310418593280996e-01,1.326427015412017019e+00,-1.030519142141501732e+01,6.892931123550475547e+00,-3.815486230944995505e+00,-5.029866010843810464e+00
4.617425202696956443e-01,2.863286906485036365e+00,-1.019543912179661227e+01,-3.359378485723746866e-01,3.420154103886626107e+00,-4.551168464711289552e+00,5.113171095861575921e+00,-1.911090174514015416e+00,5.320491448716881067e+00,-2.598485433993323213e+00,3.155391265629796660e+00,-6.132585153028472291e+00,-5.728924502999612756e+00,9.798323718788055636e-01,2.511157400015054719e+00,-2.835849581374781270e+00,1.824028063893686546e+00,8.351880551571225553e+00,-7.717931779457225083e+00,6.832114239057053950e+00,-1.178656726885098927e+00,-4.876733430046784057e-02,4.468553869777188936e+00,5.193132972339576270e+00,-2.642057272755943487e+00,5.698804989509053120e-01,-2.015786273098356673e+00,4.138562359609724295e-01,-8.297624076131683069e+00,4.810565444299656157e+00,2.931430095523612778e-01,-5.335991919957734808e+00,-4.641142961680677637e+00,-4.219379160425484443e+00,-2.800918311017995155e+00,-1.996393251643433064e+00,-2.485272728131389552e+00,-8.264378945176437119e-01,4.471598305564982390e+00,-6.845643564169813899e+00,-2.384685185678916408e-01,8.276699177569200039e-01,-5.434711047433960829e+00,-8.274662739690663571e-01,2.155316997759864961e+00,-5.071771902621437178e+00,-5.292369596332662240e-01,-4.421050818799666438e+00,-2.616008963956947042e+00,-3.842176672965464945e-01,1.175477956210460251e+00,-2.433871553407203958e+00,-1.852170312557868570e+00,-1.412200825251243863e+01,-5.155792817064465794e+00,-1.456128334898806465e+01,-8.460323659169866062e+00,-5.755571816274793306e+00,1.126862031801278974e-01,-1.356525859844379234e+00,-3.341282228847536340e-01,4.636112623498553909e+00,7.596535634887583432e-01,2.006634557719128242e+00,-1.563079933802076837e+01,2.595315820695317743e+00,3.182399264440525233e-01,-4.001553003978422396e+00,-6.700130473057831715e+00,-1.526428202724785699e+01,-5.227801417113382421e+00,4.525180098413597030e+00,-8.538554249191726342e+00,-2.009489428133408584e+00,-7.774472201409123873e-01,-7.266708109843200702e+00,-5.829535068116106444e+00,-4.402298409439840299e+00,-8.745641509504157085e+00,6.182025668750671388e-01,-6.965775152228065314e-02,-9.226948025025498712e-01,-2.986294200622445771e-01,-2.032973946320534298e-01,-2.168073892641293909e+01,5.722284166808851325e+00,-1.723990202480652600e+00,1.678925745007870773e+01,-2.797999646869535617e+00,9.247024254892808770e+00,6.990263028973208392e+00,1.890473511071182244e+01,1.140618215972803640e+01,3.599227458470719565e+00,1.427075769316092924e+00,1.074816406560511872e+01,3.652361126622304610e+00,6.634887919355175079e+00,1.409011638043048897e+01,4.907359507628896722e+00,-1.079060161410008511e+01,-1.138634576540486165e+00,7.088477353014245530e+00,6.075986922808855883e-01,1.843305204757440752e+00,6.048369663913685912e+00,-9.441616682240637770e-01,-2.243823591329047407e+00,5.831193644334648596e+00,3.335966395325997702e+00,5.587527557140009371e+00,4.719243598807935314e+00,4.578597226423958277e-01,8.766695664728944015e-01,4.031184190443550364e+00,4.073115931164690728e+00,4.076642936493266589e+00,2.252612638538731460e+01,5.447864826515940173e+00,2.145886505563881830e+00,3.429836562422472479e+00,3.201736704662711652e+00,-1.324972314048971089e+00,5.705725546476773324e+00,3.252640622928963943e+00,-9.897855446747489960e-01,-3.574612032186492705e-01,9.021130111853194578e+00,1.185546404752832572e+00,-1.898542765075887262e+00,-1.199098465767100441e+00,8.863828926309670564e+00,-1.630646632770550664e+00,4.811521423109434537e+00,-4.979626926110116258e+00,7.389204840854395329e-01,-2.727882075200270151e+00,-4.566569112003711517e+00,-1.262746057188754989e-01,8.961182422357825139e-01,-9.962379959919491768e+00,6.880113438589622987e+00,-3.520282661361903820e+00,-4.595849070664665525e+00
8.453901131191490226e-01,2.725704100953808773e+00,-9.629360751839930899e+00,-2.899837808440655085e-01,3.677960010183824124e+00,-4.078844450461424742e+00,5.108705108230763514e+00,-2.099743356810801487e+00,5.742133939300098078e+00,-2.837024791054126638e+00,3.036402685241601063e+00,-6.353484547508045921e+00,-5.142621947036628782e+00,1.742757314777533484e+00,2.411633870031292926e+00,-2.773228720585220852e+00,1.289581146499758413e+00,7.760646245089645845e+00,-7.449292458718790755e+00,6.885737184003801303e+00,-1.411753915148165284e+00,-2.531056742255853864e-01,4.192301736937838363e+00,5.204493921648023935e+00,-2.561909353019905744e+00,6.680665786290771457e-01,-1.642051460728803924e+00,3.443670098799103130e-01,-8.304030129060858911e+00,4.758895644493441601e+00,3.548159269628060608e-01,-5.057586162960296505e+00,-4.441917426564459426e+00,-3.938381752046267614e+00,-3.167543769046263780e+00,-1.944975850630780378e+00,-2.196543678731036842e+00,-9.380946400197429647e-01,4.550072059355752430e+00,-7.021397006614711778e+00,-2.893434555490825844e-01,1.048160912122711119e+00,-5.463900756649731960e+00,-5.709174760089429368e-01,1.811621803848729506e+00,-4.711938474169877544e+00,-8.301893096917511983e-01,-4.601152801264039027e+00,-3.005126300733334865e+00,-4.620836353191464241e-01,1.170483357802406754e+00,-2.383255406621699990e+00,-2.087150961839939090e+00,-1.332148874433118202e+01,-5.268069147039502909e+00,-1.507103672916199244e+01,-7.964025075822348754e+00,-6.311412573758517830e+00,-1.285730443638684051e-01,-1.018710331012598225e+00,-2.811471441868018672e-01,4.718323592218585993e+00,8.574390782774139463e-01,1.717880814169287618e+00,-1.505586716578832451e+01,2.586754704738400079e+00,3.266357199164596770e-01,-4.691525516067520662e+00,-6.158220782814258776e+00,-1.594377243314121984e+01,-5.237443817904754439e+00,4.285270860308663110e+00,-8.606925693087255524e+00,-1.759895153732714101e+00,-5.717234184909807393e-01,-6.762772092926847556e+00,-5.755482044841846445e+00,-4.968941319147993418e+00,-8.297477841664523623e+00,2.549778117437515590e-01,-5.995127954595167452e-01,-6.119774428165811742e-01,6.251230145473174460e-02,-6.970274454811766773e-01,-2.242992591180485107e+01,5.472172458753345126e+00,-1.626280095512381729e+00,1.628269508365234230e+01,-3.098302433519145360e+00,9.241313396257089252e+00,7.101645863265908076e+00,1.806144202752701489e+01,1.137563883017697997e+01,3.787004987939416978e+00,1.855927032744830951e+00,1.093610579174957032e+01,3.447629925871801504e+00,6.347335081377089239e+00,1.387327099777150963e+01,4.565424469844317379e+00,-1.081077705323233396e+01,-1.201857973123774403e+00,6.690450422920289242e+00,5.540243756079792359e-01,2.054442327789513634e+00,6.420262114465950631e+00,-1.184418533802977569e+00,-1.606909326765375567e+00,5.390991042553511470e+00,3.305060630552679513e+00,5.631650371936462562e+00,4.281337875436337370e+00,1.416926557457085512e+00,1.205366829368907933e+00,4.112949338479277017e+00,3.973580656229315444e+00,3.618512430092894583e+00,2.278000021564807298e+01,5.396869259129424279e+00,1.916427576124860366e+00,3.102279871620395646e+00,2.507084280888419059e+00,-1.008257209748412375e+00,5.508868451141543332e+00,3.285971540164955407e+00,-1.181906442375908917e+00,-4.624926523493173014e-01,8.832752341428138365e+00,1.019436436432827442e+00,-1.795982231499950954e+00,-1.226713037965863506e+00,9.129095183737176100e+00,-1.700434381457895050e+00,4.724335546171885447e+00,-5.280578590867373023e+00,1.530129718948689543e-01,-2.607444404705614005e+00,-4.860618949437059300e+00,-2.919626772168161244e-01,4.953666190922347834e-01,-9.618843515891411400e+00,6.888029983841957637e+00,-3.121474004211075570e+00,-4.110243230175711027e+00
9.810114611440494681e-01,2.608771758256125839e+00,-9.002876453669083290e+00,-2.077756029193874587e-01,4.130693833223108236e+00,-3.540500597561457408e+00,5.099815021205026611e+00,-2.424224567496534810e+00,6.094948930805198728e+00,-3.131915219993225197e+00,2.861550994117931346e+00,-6.208560460986919161e+00,-4.499807231470826174e+00,2.249822175811730496e+00,2.296363973646601053e+00,-2.588750475406187412e+00,7.345039556501991029e-01,7.107597036383898725e+00,-7.150495106474462403e+00,6.896874121990510531e+00,-1.543371097853626361e+00,-4.441864221693436754e-01,4.098094961427828586e+00,5.162235998698690764e+00,-2.529007805020116795e+00,6.440468947456841065e-01,-1.347247519739889876e+00,2.024405893015845948e-01,-8.224310341915868960e+00,4.553815521485067741e+00,6.604733241634991314e-01,-5.319453507135103898e+00,-4.240036133509780036e+00,-4.238283282323367374e+00,-3.533001045971043030e+00,-1.896716000760291010e+00,-1.689386364637304183e+00,-9.785071421049789109e-01,5.054765931180107863e+00,-7.113171843508727221e+00,-4.767821164440899651e-01,1.280461027374284466e+00,-5.514881101794578910e+00,-3.233023737175235723e-01,1.416960826312951394e+00,-4.281657391917224942e+00,-1.101445292255609054e+00,-4.637171096953286664e+00,-3.422993868790596306e+00,-5.783341444744315440e-01,1.115339254055020213e+00,-2.615159998832849553e+00,-2.331855777235385840e+00,-1.359551120004696401e+01,-5.354416613274807446e+00,-1.552609514006929103e+01,-7.611325021544951497e+00,-6.911879362332101095e+00,-3.123703346138846371e-01,-6.980740576238662065e-01,-2.816146511090562576e-01,5.032215320608194986e+00,1.059659403133094369e+00,1.401958284433062474e+00,-1.554070112184981056e+01,2.458292869634496114e+00,3.972756915419686785e-01,-5.055038468849518907e+00,-5.672780929086163937e+00,-1.660235742169822970e+01,-5.237482079130165502e+00,4.095183772686774581e+00,-8.720385184467634332e+00,-1.489431173971276889e+00,-9.056248884333348848e-01,-6.573726171076033964e+00,-5.618558942038870185e+00,-5.196182883253061213e+00,-7.727414054379437403e+00,1.459745882589098542e-01,-1.112081932841570087e+00,-3.443029426220016731e-01,3.224693006480583435e-01,-8.862370778191115406e-01,-2.487920951677475756e+01,5.246826674168198146e+00,-1.687777354919018702e+00,1.551994914772154033e+01,-3.196874561410451676e+00,9.238790179596167107e+00,7.199259332793565669e+00,1.706485800769682371e+01,1.132862514010350807e+01,3.971413407150830022e+00,2.233993824239322468e+00,1.106409848373043658e+01,3.256130024777583731e+00,6.223948558396402930e+00,1.367125493139340264e+01,4.158970791315263149e+00,-1.078034658420284231e+01,-1.202606442247326157e+00,6.171461987976535113e+00,7.220297512652971150e-01,2.299646751231368746e+00,6.722896061990023320e+00,-1.376323451620276028e+00,-7.594966153397466613e-01,4.975459083290889595e+00,3.305699819296962438e+00,5.127737324132066732e+00,4.085534447040316763e+00,1.978669904015726511e+00,1.563605326815207475e+00,4.155112403967746282e+00,3.868678160082476669e+00,3.160103089139560950e+00,2.314381304069870282e+01,5.667631602923240308e+00,1.702612306795648456e+00,2.564860792946466628e+00,2.060974395443355256e+00,-6.675401037006254423e-01,5.365601478321015527e+00,3.037494803030044821e+00,-1.389262686726453033e+00,-6.126739000417205094e-01,8.735985502160316329e+00,1.015518579571232705e+00,-1.683270319942040905e+00,-1.249350473956811314e+00,9.198117612665017262e+00,-1.734455725730473130e+00,4.576531260519553612e+00,-5.485596813222250567e+00,-3.543496279295670348e-01,-2.410318868372231194e+00,-5.364979664161452888e+00,-3.351920871655115208e-01,1.353915796957645412e-01,-9.272895137152769252e+00,6.805427514447826454e+00,-2.641299268748821483e+00,-3.611641887334563705e+00
9.167226109692503400e-01,2.539927338374693644e+00,-8.366717205855046302e+00,-1.519928029352695109e-01,4.495385209523094616e+00,-2.984916696493286281e+00,5.107139422676592488e+00,-2.884388491235704510e+00,6.360534425803093583e+00,-3.038711638122602476e+00,2.678819633032275771e+00,-5.929007691828668491e+00,-3.832056553829586765e+00,2.754600561419179527e+00,2.116026182545752032e+00,-2.465548199881152147e+00,1.217515424250286138e-01,6.379085698291817152e+00,-6.860271490225945179e+00,6.895524494877215638e+00,-1.503370807398773934e+00,-6.287552055820024854e-01,4.176504697542881672e+00,5.069161956128318991e+00,-2.511733561520944402e+00,5.251876059530429242e-01,-1.108974081990689475e+00,-5.523267062288805818e-02,-8.050641542202763290e+00,4.221898054297112068e+00,1.082441829312536408e+00,-6.287742782208576742e+00,-4.073414432495783721e+00,-4.695955064896002895e+00,-3.895533914275465914e+00,-1.885208054459359461e+00,-1.091412344954142633e+00,-9.199650674745938339e-01,5.481389301544465020e+00,-7.128628145444069197e+00,-6.590288179689418602e-01,1.569670385971131621e+00,-5.565282281741463777e+00,5.044491191500632965e-03,1.047062321913913241e+00,-3.815274579471018779e+00,-1.293003268768617708e+00,-4.553197197415469688e+00,-3.902725881947606723e+00,-7.501773819991570669e-01,1.377632803054612776e+00,-3.017613696499106712e+00,-2.542997103560235228e+00,-1.503191666450098651e+01,-5.392676530864084938e+00,-1.589383128757726915e+01,-7.155033797815425700e+00,-7.478398310951726025e+00,-5.115465396161229528e-01,-4.529776892601429239e-01,-3.246685759342683997e-01,5.382716505715895217e+00,1.354047937209047703e+00,1.038896434116069578e+00,-1.703243574057029264e+01,2.406278619518701589e+00,4.980137618991907766e-01,-5.319257613256853645e+00,-5.269131541166882648e+00,-1.718263610267217345e+01,-5.235555686247065132e+00,3.925335958685645554e+00,-8.827258641339188472e+00,-1.126787939776728642e+00,-1.527670414554004541e+00,-7.301011384591060249e+00,-5.459434054658789393e+00,-5.371824192070467241e+00,-6.884231677218847878e+00,2.720219105122150260e-01,-1.583619256824336352e+00,-1.215701065474994735e-01,7.400360491059529977e-01,-8.308700006981246666e-01,-2.760049752255167377e+01,5.092247288756976076e+00,-1.642410251745155314e+00,1.454695427515436101e+01,-2.901390861096142970e+00,9.245946978146887929e+00,7.281017966037828693e+00,1.592406215119846813e+01,1.115462364032991793e+01,4.115479706618265787e+00,2.550206171064044902e+00,1.113952623883801607e+01,3.069469812029904432e+00,6.673844949298983309e+00,1.348445123679429791e+01,3.687940221113354067e+00,-1.074940795539888860e+01,-1.136029145349341185e+00,5.562728149672873101e+00,9.726131686263763676e-01,2.583054814527009579e+00,6.930256269179862372e+00,-1.465959804246079745e+00,6.623140001760230433e-02,4.590285775745990726e+00,3.299961533837601380e+00,4.017121394395019252e+00,4.026954495904346842e+00,1.911772208593649047e+00,1.966502701407213616e+00,4.103897671311165674e+00,3.799337320419488240e+00,2.622546274825557688e+00,2.353365449210125604e+01,5.996245961545255909e+00,1.514589710785061216e+00,2.049493937048631143e+00,2.098030487609759298e+00,-3.269418854068588676e-01,5.256687328074285404e+00,2.782485162434807258e+00,-1.622838689379380472e+00,-8.152978058702647912e-01,8.695823743694997887e+00,1.133488829951815546e+00,-1.605305952926292967e+00,-1.226410130786647068e+00,8.883538183768267871e+00,-1.634220085960174984e+00,4.407247887454963653e+00,-5.586505416700685345e+00,-1.043556206871321557e+00,-2.227129912010321622e+00,-6.183122021033119253e+00,-2.613878085611966440e-01,-1.705940750186396848e-01,-8.951329003487002112e+00,6.622396630013834162e+00,-2.129939673524210431e+00,-3.172994567520068365e+00
1.057714378297658575e+00,2.434906422284233596e+00,-7.800879837201406097e+00,-8.159141851882867336e-02,4.586920219794376585e+00,-2.464401162421874236e+00,5.158986086108974689e+00,-3.430887171511913358e+00,6.562701498884971230e+00,-2.425774762316661004e+00,2.510489392672170972e+00,-5.838937774638404576e+00,-3.164602941432169469e+00,3.635472746741692518e+00,1.809622793425713638e+00,-2.456601540381853965e+00,-6.159352429157106679e-01,5.642893302098817898e+00,-6.586830489729790017e+00,6.695488980680160296e+00,-1.360294288049662903e+00,-7.443948994534723695e-01,4.063950451772351258e+00,4.915797629084220688e+00,-2.551908144212130303e+00,6.464596172370133953e-01,-9.703133372789927158e-01,-3.559185627456038503e-01,-7.787067059056056451e+00,3.802790009173642183e+00,1.294448572554985022e+00,-7.067263698818420536e+00,-3.904629654554310214e+00,-4.895909473978338866e+00,-4.221057514800325983e+00,-1.886879242613121344e+00,-5.998603253953032066e-01,-7.313528836573310876e-01,5.358408146960129237e+00,-7.124192985677177070e+00,-7.583639851495109774e-01,1.916542491920612656e+00,-5.529900504231631153e+00,4.824077781432469791e-01,6.839757145770324342e-01,-3.327387118995923210e+00,-1.358668177624152928e+00,-4.364679244017575677e+00,-4.521170496624385748e+00,-9.102850763299819015e-01,1.774268549645308113e+00,-3.403236527161357827e+00,-2.705146476394585608e+00,-1.612441670672930982e+01,-5.378194348656633927e+00,-1.614742443321310716e+01,-6.309904547581015599e+00,-7.938663087328786006e+00,-7.240496538522718240e-01,-1.475839043907027914e-01,-4.064220076447896957e-01,5.420664710702120637e+00,1.648730545884211640e+00,6.603741298852662256e-01,-1.793224183616787926e+01,2.275444327445557136e+00,5.818526880528944734e-01,-5.842622518591383596e+00,-4.694111090204907910e+00,-1.767707443515836729e+01,-5.189399880859046021e+00,3.782801885200333114e+00,-8.858669509770731310e+00,-7.323159420002256503e-01,-1.818757449690776795e+00,-8.214642712716020867e+00,-5.297213398942085760e+00,-5.795660950340611350e+00,-5.829832049886665146e+00,3.300711712212389681e-02,-1.961729534788988039e+00,6.796976254721640021e-02,1.356127407455008704e+00,-8.648945290860892143e-01,-2.808936024686916255e+01,4.846748812429980902e+00,-1.194548985088354165e+00,1.344562292555728789e+01,-2.552385424519741708e+00,9.232136250461934424e+00,7.277654097688442292e+00,1.471556332225700814e+01,1.087610528601227244e+01,4.277346871826674501e+00,2.776808414642111256e+00,1.118311285783166653e+01,2.934325556008892999e+00,7.168550859739441172e+00,1.333096047358756309e+01,3.157580103522586334e+00,-1.071825989536898227e+01,-1.006731711803136697e+00,5.157104608250643096e+00,8.660942664796436041e-01,2.755415592651912604e+00,7.008826359880896639e+00,-1.363768406999499971e+00,2.129561396968973064e-01,4.247975225908639629e+00,3.296885758046165016e+00,3.269704363408254988e+00,3.653917349544069992e+00,1.931944327284865537e+00,2.384107904658232968e+00,3.951572537928459194e+00,3.772716660776820774e+00,2.178341486912007241e+00,2.390529697873849457e+01,5.883654450453839502e+00,1.308670208680972058e+00,1.756951301081270955e+00,2.154704402316899969e+00,-4.897334053997337566e-03,5.220008978303037672e+00,2.815035935679754520e+00,-1.889162475724410539e+00,-1.055947404195573203e+00,8.684068575440873516e+00,1.346447549031650315e+00,-1.592370312169163915e+00,-1.184231702908582928e+00,8.390283145934699149e+00,-1.490327791554071801e+00,4.195861886041844180e+00,-5.579116296094260186e+00,-1.922139872766915225e+00,-2.147693315156140148e+00,-6.812714117931381708e+00,-1.028665378378011974e-01,-4.240749543621010753e-01,-8.658049323152225085e+00,6.460582270002637628e+00,-1.616329299757109483e+00,-2.800751443586388501e+00
1.381770054839209338e+00,2.308393729188113142e+00,-7.380647771062300855e+00,-5.794050154409213782e-02,4.580822401802590704e+00,-2.045048459577710087e+00,5.261095597628435705e+00,-4.044918388723422353e+00,6.729073263916097503e+00,-1.711848322942104428e+00,2.377607424865020747e+00,-5.846288325255865281e+00,-2.531414436641733268e+00,4.755768459840762574e+00,1.501717663771291456e+00,-2.411522061666367733e+00,-1.474932835562192679e+00,4.941271869879760636e+00,-6.336594569906687013e+00,6.401527065289460694e+00,-1.193594064652784503e+00,-7.899503870839068576e-01,3.759994112841896552e+00,4.752361720461384387e+00,-2.639330009676082334e+00,9.004338841788452896e-01,-8.886951641240994348e-01,-7.508264698294335737e-01,-7.459593666577742255e+00,3.400150539734061006e+00,1.390633856480731456e+00,-7.475500238430509370e+00,-3.776691102281040102e+00,-4.941015798691029914e+00,-4.502999489626671625e+00,-1.914159430362408321e+00,-1.664478196768497398e-01,-5.027472942978985504e-01,5.084196563103727584e+00,-7.117386572814329959e+00,-8.813537185416513431e-01,2.245472687331047545e+00,-5.425448979246192849e+00,1.033684470186384097e+00,3.774440147660135803e-01,-2.801302236798999257e+00,-1.280555289015445242e+00,-4.107977127241190018e+00,-5.223778438668817969e+00,-1.070941682726634037e+00,2.032948764041258904e+00,-3.845920565470187125e+00,-2.782864724598473671e+00,-1.676058095433382533e+01,-5.304119638685944160e+00,-1.629116771328776281e+01,-5.132355691831172351e+00,-8.245076015633530986e+00,-9.452623428175692677e-01,2.759171809900153871e-01,-5.227838029022084942e-01,5.338247946290752388e+00,1.963995818774646018e+00,2.417771033574266926e-01,-1.840740012516097224e+01,1.956296758354532095e+00,6.351685662355182060e-01,-6.511526124663651771e+00,-3.964610852169219157e+00,-1.807000586952106858e+01,-5.095867139223301479e+00,3.663975970161344797e+00,-8.820866611117164524e+00,-2.592564458673194960e-01,-1.809043954109284869e+00,-8.886971021615702071e+00,-5.173622362106369721e+00,-6.328914256905601832e+00,-4.678875876900121966e+00,-4.793797950314035994e-01,-2.254757105957548635e+00,2.125202316217967569e-01,1.876499110191354402e+00,-9.195647308791468078e-01,-2.756138515914807030e+01,4.472700954374264626e+00,-5.561471205245549498e-01,1.200546922754256585e+01,-2.276213031201199666e+00,9.178278560018508614e+00,7.195517671044941110e+00,1.358876882034108924e+01,1.053393275818982389e+01,4.492924333519020763e+00,2.897234894243881698e+00,1.128468492453610139e+01,2.859204287151325463e+00,7.460331189331004254e+00,1.321825670359718963e+01,2.582832736642759475e+00,-1.076162451480544924e+01,-8.310843974542219126e-01,4.979178196072376217e+00,4.541085625331930942e-01,2.771095602972610816e+00,7.002283100122224546e+00,-1.067131688199034478e+00,-2.242252886449397353e-02,3.954797595149735834e+00,3.314058476132555775e+00,2.942821285196408176e+00,3.075657150687178376e+00,2.138787658302581995e+00,2.789808720920882834e+00,3.746616434703674337e+00,3.740195795062106310e+00,1.797166246864694283e+00,2.422527367282537014e+01,5.583777636120746735e+00,1.144188174908097988e+00,1.476085680274275447e+00,2.059819958383834582e+00,2.716983740141335479e-01,5.288202983510735145e+00,2.868559594894224407e+00,-2.124477849955509257e+00,-1.334260628589173159e+00,8.674286663528945951e+00,1.563553905834182967e+00,-1.656249758317065446e+00,-1.082436816794987378e+00,7.925230847273178725e+00,-1.340714346155690961e+00,4.035596735511331801e+00,-5.508036868286625420e+00,-2.824287116925206398e+00,-2.043920968004553806e+00,-7.295493321790067043e+00,1.272890476247899028e-01,-5.882703787560298325e-01,-8.423270106279373337e+00,6.342288355162192914e+00,-1.161722236957168253e+00,-2.502480692045693900e+00
1.703154442718382011e+00,2.176863298265078406e+00,-7.122191745441851296e+00,-8.362166942649218448e-02,4.552813374723090334e+00,-1.769245516112338823e+00,5.423096705641936133e+00,-4.704014935114170015e+00,6.868408309561727876e+00,-1.180422279641017980e+00,2.287199793910424717e+00,-5.764728792267890256e+00,-1.964712381878146452e+00,5.845828737983961076e+00,1.258833788107509122e+00,-2.284887789703121896e+00,-2.426655400228241444e+00,4.280849735888621055e+00,-6.100308429444619485e+00,6.120743076111668124e+00,-1.010710344971585961e+00,-7.706380389522755614e-01,3.363374319537961288e+00,4.616609642191497720e+00,-2.769083502934149621e+00,1.132098609946183387e+00,-8.599030526749764647e-01,-1.226518232795132057e+00,-7.084941004184253543e+00,3.060429848466876823e+00,1.503916181445310141e+00,-7.698361349792853581e+00,-3.640930702947749342e+00,-5.021715163224573786e+00,-4.744484663616533204e+00,-1.971540190760020295e+00,2.699167998879823394e-01,-2.577229017653968057e-01,4.861911737073000950e+00,-7.122640558987186843e+00,-1.079423686388514714e+00,2.526176922893245802e+00,-5.277347022584931935e+00,1.621426453576134019e+00,1.138274632804981978e-01,-2.281287470331773370e+00,-1.059528781865747504e+00,-3.809029728815137350e+00,-5.947900527133085369e+00,-1.228694534922314840e+00,2.164821622493141806e+00,-4.381260831595440663e+00,-2.769614790644281399e+00,-1.721168684709925856e+01,-5.178612333524283073e+00,-1.633542608775155003e+01,-3.791768332279340292e+00,-8.418483056191014668e+00,-1.115995400039716312e+00,7.508604555589268870e-01,-6.702518915684370082e-01,5.260969680719302488e+00,2.230857557172629679e+00,-2.062826407992566780e-01,-1.871906412023661659e+01,1.329045200205601684e+00,6.800752806711388709e-01,-7.079430847514457170e+00,-3.182105183913217061e+00,-1.838238693513632427e+01,-4.945818750851585399e+00,3.556009236848331145e+00,-8.708926286220917135e+00,2.755591954170523161e-01,-1.718168852430852489e+00,-9.301134539061498785e+00,-5.124944774859682362e+00,-6.767307525438642557e+00,-3.479876648227727909e+00,-1.034084930120163781e+00,-2.480074187471385194e+00,3.106803932511740252e-01,2.186960340511069134e+00,-8.930289656833214629e-01,-2.686429186233115018e+01,4.023214264902568615e+00,1.208182199692533487e-01,1.009033822191629959e+01,-1.940989036930194311e+00,9.053493443216694914e+00,7.018567533421938620e+00,1.269416144759401988e+01,1.015893297593775202e+01,4.750007907049662137e+00,2.904701338447110093e+00,1.151294114549940417e+01,2.852648234857350307e+00,7.573822545948146079e+00,1.313002256839276960e+01,1.964313191946387649e+00,-1.083065982340258593e+01,-6.297906658417301573e-01,4.981745094844986177e+00,-1.673175254217302843e-01,2.709541738937952360e+00,6.899906356063895352e+00,-5.884080357262168048e-01,-3.396119180243785118e-01,3.718838607959535025e+00,3.338036255977591793e+00,2.723101457087182542e+00,2.508839301341670769e+00,2.292479488015147560e+00,3.170053426344590086e+00,3.531566724879521502e+00,3.679812737428170166e+00,1.426649675161479003e+00,2.448890735378842720e+01,5.271489656802842205e+00,1.009303583801400839e+00,1.126568741315457700e+00,1.921318665219075683e+00,4.995641996120475659e-01,5.423600258924174966e+00,2.830083093448127585e+00,-2.291429292127475037e+00,-1.657777348559436037e+00,8.662736370875753877e+00,1.771645253973129108e+00,-1.788780620447346426e+00,-9.242935844836550618e-01,7.433304900210892185e+00,-1.156893456283928145e+00,3.953956385989068067e+00,-5.387356849725249752e+00,-3.666449401798150376e+00,-1.892003718438715509e+00,-7.714829808368834918e+00,4.237547773460399458e-01,-6.523628584026698318e-01,-8.244610636558824979e+00,6.250548843293694645e+00,-8.081083589010802370e-01,-2.255771390942722388e+00
1.862900681946044523e+00,2.003767114377239977e+00,-6.960203768864153595e+00,-1.024913383542513934e-01,4.520434070899806756e+00,-1.609032473170569189e+00,5.647182303853926832e+00,-5.360076538575121674e+00,6.987899551651685748e+00,-9.381218032771805326e-01,2.190491068621669868e+00,-5.535322202268211811e+00,-1.478613760109668718e+00,6.700013774755541718e+00,1.078616041554825600e+00,-2.097937751439181042e+00,-3.380084023554625006e+00,3.684342774573377000e+00,-5.807207394869409178e+00,5.874764586001964162e+00,-8.103491190635545571e-01,-6.548590249030783461e-01,2.972306147096756224e+00,4.500722021546477158e+00,-2.938262976356722067e+00,1.213377260767766419e+00,-8.829383631222675888e-01,-1.705954825247136153e+00,-6.671267120222923452e+00,2.750387761256251729e+00,1.751730639710442849e+00,-7.822465265277106283e+00,-3.454159236760941276e+00,-5.247652983863053677e+00,-4.958478641337181081e+00,-2.048253187353177740e+00,6.956637823957261269e-01,-2.754413258006094267e-02,4.717492846149059282e+00,-7.131142224772197835e+00,-1.331379750537588169e+00,2.724596494385459255e+00,-5.090452386852572175e+00,2.244198890446586603e+00,-1.753991437585089574e-01,-1.788621984710676571e+00,-7.121736241286980018e-01,-3.478942156495500981e+00,-6.639863082441978648e+00,-1.365356940083891857e+00,2.236713307425178598e+00,-4.944677786152105625e+00,-2.693246941802221350e+00,-1.755758455319619671e+01,-5.005116286528987324e+00,-1.628335848737165037e+01,-2.451055629804169911e+00,-8.492540840825620663e+00,-1.162843307223433875e+00,1.194385899027270437e+00,-8.497161787729686777e-01,5.219598952606355979e+00,2.429322499147419379e+00,-6.773993296964856414e-01,-1.884956037038615051e+01,3.387871427164725890e-01,7.403616250866309478e-01,-7.373560408786094200e+00,-2.439134714702543061e+00,-1.863845435704277875e+01,-4.713943799684046532e+00,3.454328407486666919e+00,-8.532930717873126625e+00,7.828879937824348989e-01,-1.695613873068390287e+00,-9.479144749241788404e+00,-5.147330643599378419e+00,-7.010258141397364362e+00,-2.251461578501002148e+00,-1.448615943656209826e+00,-2.651339717846859845e+00,3.402747952407155774e-01,2.301198706198369415e+00,-7.417041745857351209e-01,-2.625669096315728979e+01,3.561322367793258170e+00,6.822753743626610579e-01,7.624045459232394961e+00,-1.427433208439541801e+00,8.828005839517762965e+00,6.689121048862132213e+00,1.211751529438238961e+01,9.817742419995905578e+00,4.995507401894108135e+00,2.813131174756693831e+00,1.182820870829172222e+01,2.938296305618167459e+00,7.548664863599913843e+00,1.301557199174066071e+01,1.307307581678027741e+00,-1.080701904641608913e+01,-4.251292362280081338e-01,5.186595117239128250e+00,-9.895195571752366526e-01,2.662693283934366217e+00,6.694484265143841206e+00,5.184608519682058769e-02,-6.323182913494531654e-01,3.530730912895689855e+00,3.355289175473852303e+00,2.467396634188046001e+00,2.115479098232887711e+00,2.268675361850950978e+00,3.539889726122479097e+00,3.355904481309833098e+00,3.584224851158984926e+00,1.095065749760705920e+00,2.470331878607406750e+01,5.012989706685846869e+00,8.999681489886965924e-01,7.223778670626521681e-01,1.860921202648488038e+00,6.418110181917462409e-01,5.602697206602347713e+00,2.711085967808403829e+00,-2.381333948231200814e+00,-2.023287587933157994e+00,8.649879444573674192e+00,1.988222142110889656e+00,-1.937752689214855994e+00,-7.372463049057932372e-01,6.864380937515607073e+00,-9.479777609368342794e-01,3.905989565829447230e+00,-5.235878507042074581e+00,-4.401030458807776213e+00,-1.735153656285329582e+00,-8.051976659310055240e+00,8.096130504094121161e-01,-5.870317423182946914e-01,-8.054466182206059699e+00,6.153518555040670357e+00,-5.832953786077821334e-01,-2.033016115602184648e+00
1.787903376186376070e+00,1.754349717283041343e+00,-6.856036142302182057e+00,-1.156196405259408699e-01,4.478239021547342880e+00,-1.553709395854651509e+00,5.914515990414927593e+00,-5.920512697821036063e+00,7.089149789961595616e+00,-9.475228350869304705e-01,2.031458516609330189e+00,-5.244793543225258148e+00,-1.089067494886839960e+00,7.223070549285273145e+00,9.154085105519360610e-01,-1.889683137160043991e+00,-4.238558030471547333e+00,3.192496414997432197e+00,-5.417559008179622104e+00,5.632922187908368628e+00,-5.843852397319033720e-01,-4.499944475603862570e-01,2.742647971925202377e+00,4.406385608145387600e+00,-3.225898777333309653e+00,1.186144633241582369e+00,-9.353982332385162302e-01,-2.121404240902346139e+00,-6.229789420429629132e+00,2.456860297745103061e+00,2.174984902651281971e+00,-7.882127378380451077e+00,-3.185487115735913477e+00,-5.674473501936658337e+00,-5.159859437085824396e+00,-2.163010753732015790e+00,1.031136783882808494e+00,1.781430517516557899e-01,4.636536248056117415e+00,-7.116194148512895445e+00,-1.567968063425272618e+00,2.783025625900054312e+00,-4.919740086287767156e+00,2.902964585407643572e+00,-5.172293643034846511e-01,-1.347851482762855380e+00,-2.711422104452874127e-01,-3.139579773849861866e+00,-7.228370894629738252e+00,-1.467979844874711226e+00,2.287496034063203343e+00,-5.433113486174540263e+00,-2.557652964143722674e+00,-1.781414820328702220e+01,-4.767428693552381525e+00,-1.613282878316859126e+01,-1.420460367587963013e+00,-8.538288147548902529e+00,-1.017816264465052134e+00,1.540526894781626854e+00,-1.044974433816021619e+00,5.207177458866374842e+00,2.502444723032741347e+00,-1.170685352590611350e+00,-1.877281477932340437e+01,-8.498000733097197390e-01,8.555203591259321616e-01,-7.311834407855429596e+00,-1.811478315550806073e+00,-1.884251872903518787e+01,-4.421931667125152288e+00,3.336966981938012999e+00,-8.310343618193968496e+00,1.212112966952060056e+00,-1.818326647251807593e+00,-9.490894785152173441e+00,-5.246976701046175862e+00,-7.066980049486264903e+00,-1.085151190929360077e+00,-1.614820040760339026e+00,-2.815421361838223557e+00,2.835374757451768479e-01,2.289894002171053877e+00,-4.543304481683130280e-01,-2.580877534173625776e+01,3.159855443307205469e+00,9.708049119721283704e-01,4.982057186504409430e+00,-6.619063837208931655e-01,8.472930140139286692e+00,6.190084842812439092e+00,1.191705730463936597e+01,9.638324519529975376e+00,5.183710310603306226e+00,2.660822319485694365e+00,1.218243373789514195e+01,3.090609207101656875e+00,7.429670776213064265e+00,1.275712811620231513e+01,6.840606533183100080e-01,-1.058250507937730411e+01,-2.629520215643286196e-01,5.540745836280413172e+00,-2.034598131806197863e+00,2.706197558924989366e+00,6.449567841815536440e+00,7.290735397729355416e-01,-8.814086116856483244e-01,3.363600035344293193e+00,3.296661240654250591e+00,2.148850693732958117e+00,1.961418042426020136e+00,2.126218249880196254e+00,3.923652132380291757e+00,3.260142754274435895e+00,3.453741256674371485e+00,8.500529078763725543e-01,2.484771955741902261e+01,4.836431299690513441e+00,8.676566458428125461e-01,2.948979106416835805e-01,1.933929607454130561e+00,6.822131935166767525e-01,5.736363075918379018e+00,2.559882291316626812e+00,-2.370599648381566560e+00,-2.427467230914928553e+00,8.618128281277325442e+00,2.226175845700793410e+00,-2.056662060824476779e+00,-5.329671450181107106e-01,6.246528480919620208e+00,-7.711931079380285325e-01,3.926187596350131148e+00,-5.064180736974537744e+00,-4.935048280359309203e+00,-1.617863442719071010e+00,-8.233723076424499965e+00,1.319560891259512037e+00,-3.720089485870359813e-01,-7.822937744101819746e+00,6.017387405088219232e+00,-5.396235043398722731e-01,-1.820036210412433020e+00
1.531356739626758001e+00,1.399223666534040511e+00,-6.785902525647349748e+00,-1.149342841916736191e-01,4.419422309530594006e+00,-1.570765962380778813e+00,6.197958277036975439e+00,-6.218841437633478186e+00,7.178567618936393835e+00,-1.112582074292399525e+00,1.724995057758423656e+00,-5.116695701016608311e+00,-7.948844080161014958e-01,7.423272514954241785e+00,6.646142131376899798e-01,-1.656335202662148731e+00,-4.968214478095440256e+00,2.901547934843272891e+00,-4.872156654735725567e+00,5.365929894603881145e+00,-3.779082486090339366e-01,-1.510811367701387908e-01,2.939047081311119136e+00,4.296609771259729094e+00,-3.709420588130512009e+00,1.200200682704904320e+00,-9.976498569947507278e-01,-2.340032721287367945e+00,-5.780623749411497592e+00,2.118198600596613801e+00,2.657742784255562540e+00,-7.903353696564648700e+00,-2.807885017568997110e+00,-6.280456767265999218e+00,-5.356808748299379808e+00,-2.314225796675919433e+00,1.117733655228335898e+00,3.837918313063344855e-01,4.584218840310325227e+00,-7.052898808638280670e+00,-1.693691678484062990e+00,2.659295456856921369e+00,-4.786541656292114588e+00,3.597220765206571080e+00,-9.318899887876654908e-01,-9.547419678859929704e-01,2.099947089461251526e-01,-2.814581305991125770e+00,-7.670335471779384129e+00,-1.500852675303245398e+00,2.348596469544866672e+00,-5.762419044476957630e+00,-2.350811679685715916e+00,-1.800461337956173224e+01,-4.437929946388678992e+00,-1.589043154907357724e+01,-1.105331032749941933e+00,-8.597229636077917903e+00,-6.718310254886676880e-01,1.747703219099180583e+00,-1.252290363800592221e+00,5.191500111128407369e+00,2.372333035809361501e+00,-1.689104781706461278e+00,-1.850226709130790681e+01,-1.829625641683806592e+00,1.031086942743194790e+00,-6.940065458598656534e+00,-1.292894895290950252e+00,-1.901314156153252810e+01,-4.086607907474831158e+00,3.197204445207555423e+00,-8.071989813346542419e+00,1.480589620305273524e+00,-2.149388097008571474e+00,-9.418540475858224070e+00,-5.398556172226346206e+00,-7.032020666700189437e+00,-1.227934669614132446e-01,-1.559516129438228926e+00,-3.004176862533009640e+00,1.224037125689679262e-01,2.230223680966537003e+00,-3.307155689253216124e-02,-2.549248197812202932e+01,2.874413902510901231e+00,9.959022866727069712e-01,3.198347910880482203e+00,4.251524896622269623e-01,8.000936439723744797e+00,5.518725275505668826e+00,1.205798035039499005e+01,9.681496856810626994e+00,5.310932051945187915e+00,2.498899717024991141e+00,1.246682401798550899e+01,3.288749283993600336e+00,7.259080429241857146e+00,1.223058919532897626e+01,2.736773424175649172e-01,-1.010877783913435657e+01,-1.892947511175757103e-01,5.951703477917980933e+00,-3.305625573964082520e+00,2.886919502332278675e+00,6.293354539816414572e+00,1.279520806752323159e+00,-1.092986094876740921e+00,3.186351237614658327e+00,3.159150827096140368e+00,1.790939651436745716e+00,1.937938442714540521e+00,1.992399722224247327e+00,4.335619064487375773e+00,3.265461344263680399e+00,3.286153672253968150e+00,7.067745293433382869e-01,2.492179154632956539e+01,4.755303801092772176e+00,9.942074022363025509e-01,-1.647132237569960411e-01,2.098572904712979525e+00,5.891885029809796892e-01,5.705863571859286054e+00,2.405263080472520354e+00,-2.255680202230283538e+00,-2.831508255492605652e+00,8.562983365606541497e+00,2.486276271396520521e+00,-2.106651677878558448e+00,-3.672969358008630891e-01,5.698050342575891491e+00,-6.965542343865838149e-01,4.048024276905359820e+00,-4.891163447447447687e+00,-5.187230190841341404e+00,-1.527585047162581589e+00,-8.276894354380321062e+00,1.979857206120071211e+00,3.550871437610458869e-03,-7.481467892316262969e+00,5.810022926664218268e+00,-6.973173754227937060e-01,-1.621538765003282645e+00
1.225858917814439453e+00,9.902618365120794408e-01,-6.707586987571368731e+00,-9.123741461868339897e-02,4.347686961540852657e+00,-1.609517242451600438e+00,6.427294356362416750e+00,-6.043348801133913817e+00,7.267905042133432580e+00,-1.296326660979554291e+00,1.222827535852536229e+00,-5.441432150344923890e+00,-6.061230933176968705e-01,7.484542408030268490e+00,3.310936372367105918e-01,-1.358756523155191687e+00,-5.611701648854584334e+00,2.904380850858734320e+00,-4.165213281427346814e+00,5.102290157145453975e+00,-3.059140160711222300e-01,1.844606498690026797e-01,3.799414533755461232e+00,4.136456076062693832e+00,-4.384491529979397839e+00,1.479532742906800813e+00,-1.051232537600902628e+00,-2.182044708400849409e+00,-5.352635980338200206e+00,1.716116478809884605e+00,2.973187151618793322e+00,-7.905140228651418965e+00,-2.312713403304349491e+00,-6.978262484515125763e+00,-5.545056927720199980e+00,-2.521188314099545913e+00,9.020677150218796569e-01,5.935245623947604798e-01,4.527704154124988278e+00,-6.934391917065735100e+00,-1.649433643363791724e+00,2.371041254073025684e+00,-4.604208174425293620e+00,4.319310044834548279e+00,-1.393664773296099169e+00,-5.493943532604745883e-01,6.858150130305431524e-01,-2.531334786008091253e+00,-8.007331292234164621e+00,-1.460859579099586192e+00,2.441168680880205333e+00,-5.950920744711229560e+00,-2.019603798698876851e+00,-1.819698520438218736e+01,-4.008421566204527942e+00,-1.556835185863244142e+01,-1.734086707640040581e+00,-8.614816380641482141e+00,-2.353958662820889725e-01,1.821614098210909027e+00,-1.459153594259618547e+00,5.148792967511846896e+00,1.942858881954982131e+00,-2.197265514593517821e+00,-1.815630503485824221e+01,-2.150652553364212238e+00,1.194807577300702306e+00,-6.442850401446644781e+00,-8.129338771680285625e-01,-1.916325637789785574e+01,-3.713862977334280835e+00,3.035181737449922146e+00,-7.860317376725955540e+00,1.486696522178778901e+00,-2.655930317421466569e+00,-9.342846984569504798e+00,-5.585751945637953852e+00,-7.042128569330405874e+00,5.179971454023011290e-01,-1.463334576363187978e+00,-3.225449709845242374e+00,-1.428360235381290200e-01,2.168920332413363461e+00,4.606694109653526326e-01,-2.519809851799350753e+01,2.666038679035509951e+00,1.048221851852809472e+00,3.543719534998755805e+00,1.849859028862124610e+00,7.482469898921944029e+00,4.723162193982889612e+00,1.240118560520869373e+01,9.837471141045268652e+00,5.424928108100623092e+00,2.396093837179538610e+00,1.260451577885083196e+01,3.495526617348269305e+00,7.056131452110531832e+00,1.132043547498921932e+01,3.437240524294787880e-01,-9.396044605582188680e+00,-2.198200791587754110e-01,6.280801654899192954e+00,-4.687983606317019714e+00,3.195020107415173616e+00,6.352027509316029885e+00,1.504276910040547088e+00,-1.266237508716626436e+00,2.973454487889219067e+00,3.045002253831349037e+00,1.367663652903410965e+00,1.813016493740355450e+00,1.880454375923457988e+00,4.745509991999798949e+00,3.258179827179664034e+00,3.082929559964453503e+00,5.807312666564072856e-01,2.493021698163532207e+01,4.752175642092663743e+00,1.351429400780328027e+00,-6.472201301721626221e-01,2.307489581668542566e+00,3.525839031893714948e-01,5.379917562177398693e+00,2.254771107508330097e+00,-2.078573093787919657e+00,-3.149814458535358686e+00,8.483127348067489137e+00,2.748777170845099427e+00,-2.072861200578094198e+00,-3.017759694000868298e-01,5.272719247138482501e+00,-6.921820318415915496e-01,4.279737477502201237e+00,-4.726707319930063989e+00,-5.276525901474244051e+00,-1.418618517075960650e+00,-8.377711944061360327e+00,2.752583694398974767e+00,4.749267708442082014e-01,-6.924462358887368829e+00,5.577783439514879760e+00,-1.003885888433774021e+00,-1.464596545676477790e+00
8.999341916242210582e-01,5.250414459697729797e-01,-6.542302519523892634e+00,-1.082003641554334372e-01,4.275774764455537280e+00,-1.603532492859949476e+00,6.506803033577519102e+00,-5.276584521509972703e+00,7.384499467313681009e+00,-1.391470962845480663e+00,4.137705415646042439e-01,-6.141609549818466185e+00,-4.971386456038975332e-01,7.511588117949884236e+00,4.779209120614869022e-02,-9.981334651070721264e-01,-6.122050753903520715e+00,3.209927883776874324e+00,-3.279789589373296010e+00,4.929653399490847576e+00,-3.869913022552324833e-01,5.589138570655176608e-01,5.091920821961613441e+00,3.914695983081242225e+00,-5.011137094528119285e+00,1.954591564986611241e+00,-1.074955744592283491e+00,-1.634193344663217085e+00,-4.974512191688599039e+00,1.275397021895068761e+00,3.107733257764553336e+00,-7.868641127341955865e+00,-1.774676920095610733e+00,-7.571732960734644635e+00,-5.690564993708873587e+00,-2.743283505663630439e+00,5.094069026599230554e-01,7.968502736491462901e-01,4.444495618649536794e+00,-6.775208260013439343e+00,-1.572031477481223405e+00,1.948356731333412695e+00,-4.388942907187542986e+00,5.001699136795287437e+00,-1.821037103592264339e+00,-8.796918089464789148e-02,1.056550105193478695e+00,-2.312060002293267136e+00,-8.290850713134714667e+00,-1.300531700962908488e+00,2.536038089278839891e+00,-5.962224298065843087e+00,-1.480248027140478095e+00,-1.836755445457606939e+01,-3.490739251231159468e+00,-1.515801387426676072e+01,-2.809497047674937686e+00,-8.610145488909608957e+00,6.149564563574161369e-02,1.726098435812223109e+00,-1.687648571023476762e+00,5.080775570023780219e+00,1.263110726203311218e+00,-2.739906523804895411e+00,-1.781878228168145739e+01,-1.950197544435775088e+00,1.307934940153493208e+00,-5.903374015632792293e+00,-3.509742055317852660e-01,-1.928367957432669755e+01,-3.251313499142383545e+00,2.875579492066235421e+00,-7.706842074124027775e+00,1.170334765574773339e+00,-3.155625928137074432e+00,-9.239770620233773712e+00,-5.741144397635064678e+00,-7.098441781940683981e+00,8.810776907923905110e-01,-1.338104595518796014e+00,-3.495321392183105669e+00,-4.731275600524911251e-01,2.091610190996049390e+00,8.876217301075624011e-01,-2.489121776877055936e+01,2.563184991015473813e+00,1.184649219165675671e+00,5.592707562075621475e+00,3.283950599431140205e+00,6.974270776759411206e+00,3.858286218844758864e+00,1.268895116121172606e+01,1.005420004713868565e+01,5.544482950737153359e+00,2.339265954649360602e+00,1.256161546770100834e+01,3.724779509497210039e+00,6.842396780023029201e+00,1.005275493615516602e+01,1.085485309282139488e+00,-8.487965846999113495e+00,-3.723846570571926473e-01,6.369132824199437160e+00,-5.878838841967979789e+00,3.548815836498643961e+00,6.677272230637563588e+00,1.327686289475008330e+00,-1.351554321355321164e+00,2.749038346281456491e+00,2.926723407004627742e+00,8.541534658210145903e-01,1.610203263147172326e+00,1.836816042044671526e+00,5.102064575552903491e+00,3.216618471907633836e+00,2.854414052268171353e+00,4.456371957374738457e-01,2.483124427431403447e+01,4.800690763365549785e+00,2.000669906363164774e+00,-1.148330743480188154e+00,2.481832896537389921e+00,1.680227111388865602e-02,4.750618212855965972e+00,2.101439753174243474e+00,-1.916709384027357466e+00,-3.274031324401317278e+00,8.367691591557486319e+00,2.976280371100388233e+00,-1.932899496061931455e+00,-3.074497681635677271e-01,4.885137407048433467e+00,-6.781819926697565393e-01,4.608720614876169464e+00,-4.607214587312985721e+00,-5.364191490874419266e+00,-1.299345157423760444e+00,-8.505676985463161088e+00,3.601118054523561263e+00,1.045490836611276508e+00,-6.000864296660921582e+00,5.379880822860085843e+00,-1.343521683643973619e+00,-1.350731212964487282e+00
4.997658563512302199e-01,-9.997484974730674878e-02,-6.228047720881248139e+00,-2.190706284173113971e-01,4.231472190903401653e+00,-1.466545097532140352e+00,6.343437858674835006e+00,-4.030792160280653569e+00,7.523438068698016679e+00,-1.366103736505371202e+00,-6.990242527447438903e-01,-6.849951039520560059e+00,-4.425392272430945795e-01,7.461334900333693732e+00,-1.364068150445067462e-01,-6.017838459371542825e-01,-6.469354240152799917e+00,3.724313145489463572e+00,-2.287761893327925122e+00,4.899170639078034739e+00,-5.153867109619572062e-01,9.271619500041712314e-01,6.258411439262869358e+00,3.634347130309706575e+00,-5.331620244447913493e+00,2.460810656538097163e+00,-1.063120551006423442e+00,-7.748498150969744813e-01,-4.670139779159654836e+00,8.320959735163162563e-01,3.201863215095891668e+00,-7.760988118729304830e+00,-1.268871349905940971e+00,-7.841754959013567117e+00,-5.766782171199285933e+00,-2.960720518801629897e+00,9.145457716286031769e-02,1.020894295601946444e+00,4.354415170287787795e+00,-6.602048376393367057e+00,-1.614162496971679239e+00,1.499180447150069817e+00,-4.070636680937828267e+00,5.629990595032296596e+00,-2.170674670159979502e+00,4.043165972217153126e-01,1.266926021869857699e+00,-2.170775399482636203e+00,-8.502453969432657743e+00,-1.070198894624130759e+00,2.560733124288450568e+00,-5.737471441266007055e+00,-7.120292873863152128e-01,-1.845200920907161901e+01,-2.936684952903640511e+00,-1.466748233444651994e+01,-3.658745068991544613e+00,-8.507011496927106009e+00,1.224343496345599025e-01,1.422340154913506627e+00,-1.941749334703400276e+00,5.001653516638999264e+00,5.178083391305370320e-01,-3.328034784336329821e+00,-1.749292406460897098e+01,-1.665098668221543399e+00,1.289267136278644310e+00,-5.346693294800009433e+00,5.898337560297406412e-02,-1.935176365155005485e+01,-2.621293597271596720e+00,2.735491634668321570e+00,-7.622548499292332025e+00,5.285437899287022123e-01,-3.501224704235644136e+00,-9.037219726443204593e+00,-5.830895620087810372e+00,-7.084720890182155451e+00,1.110788742899807779e+00,-1.124525302951750350e+00,-3.763121288794835984e+00,-8.050938483696024051e-01,1.967422753038006622e+00,1.172723329618796217e+00,-2.459082046158402335e+01,2.637981155819868917e+00,1.221443213551276052e+00,8.053910707388009627e+00,4.285708149645480525e+00,6.543840513949734650e+00,3.003238470488867495e+00,1.269822353835976259e+01,1.042791673474752301e+01,5.660409427903100088e+00,2.297443137525367884e+00,1.237092695740293102e+01,4.009065251291159093e+00,6.621899442489541876e+00,8.616523509975159811e+00,2.449736180457200430e+00,-7.508366339419940694e+00,-6.045265945239479688e-01,6.266579657874122411e+00,-6.653079697744020748e+00,3.844705344265934244e+00,7.208533760525725143e+00,8.357383256679855599e-01,-1.336627452515375403e+00,2.561346979284198522e+00,2.732229870139550876e+00,4.341411951702236482e-01,1.513572056478816652e+00,1.977576795760420225e+00,5.330626191200037667e+00,3.079420023263284012e+00,2.602576426088333506e+00,2.964124178640830110e-01,2.463485028842568170e+01,4.881998709337156406e+00,2.903050981738759972e+00,-1.653281371156911206e+00,2.620334711598908406e+00,-3.914613238880818025e-01,3.971661130259409589e+00,2.025799068796924285e+00,-1.845694818876260301e+00,-3.117342676279559299e+00,8.218551358536682727e+00,3.151829599726308384e+00,-1.698918938612866025e+00,-2.796650291930504184e-01,4.273700001072972654e+00,-5.981917106225846936e-01,4.995587296729873117e+00,-4.539585536535919452e+00,-5.504303212102929166e+00,-1.219534476573423287e+00,-8.416364165280267429e+00,4.420980161171769396e+00,1.666791598114316875e+00,-4.683667801899527028e+00,5.228748218366670919e+00,-1.598391626005442268e+00,-1.308820937597632739e+00
9.060383363639268328e-02,-8.405538214017607146e-01,-5.748445278245533530e+00,-4.800745880339385430e-01,4.213951349364599253e+00,-1.140261973175755061e+00,5.913942771891518291e+00,-2.607943081939072982e+00,7.656699145990998545e+00,-1.243460112153472075e+00,-2.019203532914989552e+00,-7.248198025005605949e+00,-3.924154155113281917e-01,7.283168178758571365e+00,-2.867256676842169227e-01,-1.292216822482616934e-01,-6.793819468213880164e+00,4.222616190061924790e+00,-1.351924084839859486e+00,4.998221863336198112e+00,-5.932519500724655614e-01,1.222345384990049411e+00,7.018056177494059078e+00,3.299185126636138499e+00,-5.301747154544011131e+00,2.869837325610240519e+00,-1.007147628692298458e+00,1.742007830510788335e-01,-4.438330019433105456e+00,3.450064599439692792e-01,3.300144683146543301e+00,-7.592703501980183844e+00,-9.064429460964964491e-01,-7.678595497089940380e+00,-5.755891500225781776e+00,-3.148374154359629529e+00,-2.822844342443842081e-01,1.304741227236635437e+00,4.262184328409910350e+00,-6.429562952811564536e+00,-1.760247523940318803e+00,1.115723385207941343e+00,-3.677773109192580048e+00,6.197073981613232974e+00,-2.412690987824595013e+00,8.485329023523089376e-01,1.311055614039021489e+00,-2.098435304432542559e+00,-8.574236940165995691e+00,-9.286156718086691075e-01,2.504095867416671783e+00,-5.323453037384000552e+00,2.119620377357959162e-01,-1.843182506756771488e+01,-2.436540829309228329e+00,-1.413655005500731754e+01,-4.012888090100902971e+00,-8.296052794328522495e+00,5.027464616417209875e-02,9.745595815668495199e-01,-2.222335863744169693e+00,4.899105717891431233e+00,-1.167166515983714820e-02,-3.958627031267963226e+00,-1.718137842456278719e+01,-1.519527908164375773e+00,1.166958779445653516e+00,-4.828403864899289744e+00,3.504564111245453972e-01,-1.933243069132790026e+01,-1.828208672397062529e+00,2.639991869171629979e+00,-7.594705068475358978e+00,-3.288335584771057141e-01,-3.739428421369754396e+00,-8.751125933111007171e+00,-5.838119038692605400e+00,-6.892854398966138163e+00,1.327465160883098072e+00,-8.326899505242035815e-01,-3.965699890669053485e+00,-1.086420564942230271e+00,1.800160405583236756e+00,1.360601856049793223e+00,-2.432197786647385840e+01,2.882682460041516403e+00,1.087910181705210144e+00,1.009871945204551302e+01,4.729741921947540284e+00,6.243249863306338021e+00,2.285376263610645164e+00,1.237952781106908517e+01,1.098156389914085906e+01,5.774220779478501875e+00,2.234249175208590898e+00,1.211821541941523961e+01,4.365449185460589021e+00,6.429856335011539414e+00,7.325428985592065345e+00,4.115006725732721193e+00,-6.649496801966662929e+00,-8.690041460817339303e-01,6.125839068285225508e+00,-7.011363903004886211e+00,4.023335248571291878e+00,7.820470143183419154e+00,2.109465662265203323e-01,-1.263425473053077397e+00,2.466502978730663376e+00,2.478006841875638244e+00,2.499256447695641370e-01,1.608981891228989491e+00,2.301006788288926685e+00,5.402223180077913689e+00,2.919494197209502317e+00,2.324768184238176438e+00,5.640771761819873831e-02,2.434524311907309979e+01,4.973606176103455567e+00,4.001802871352306390e+00,-2.184175983222433004e+00,2.779433927552602768e+00,-8.647555741140054986e-01,3.248399608458905519e+00,2.049489681110832517e+00,-1.892960753894833204e+00,-2.721498375776895351e+00,8.057548235269363701e+00,3.274365416639122728e+00,-1.400396751342279256e+00,-1.466526733288832374e-01,3.266625335278696252e+00,-4.672913820391908502e-01,5.458584740718745110e+00,-4.534413271987028260e+00,-5.628035103945964401e+00,-1.090396852440398412e+00,-8.052771636275407374e+00,5.128286704953646691e+00,2.294043915195192795e+00,-3.151851908418071169e+00,5.086735204575818514e+00,-1.743569191129546114e+00,-1.376934925924090170e+00
-1.994275162360749365e-01,-1.572984617410015939e+00,-5.158592052114929771e+00,-8.908215737817477553e-01,4.185682110485898555e+00,-6.193651372677684286e-01,5.274740373854997166e+00,-1.408323903456844661e+00,7.750625900111216104e+00,-1.072149279569589053e+00,-3.366033889721664174e+00,-7.161155012291196442e+00,-2.923485144748134701e-01,6.905951127141729096e+00,-6.140600847479129598e-01,5.251901674289870536e-01,-7.370115956047234462e+00,4.545385632211622173e+00,-6.247001865899479700e-01,5.186588643284695266e+00,-5.845218544997514698e-01,1.425396247761330670e+00,7.266709287916522264e+00,2.924415230273609723e+00,-5.044653525716963571e+00,3.097171455700725495e+00,-9.177124255761652805e-01,9.694910935945673103e-01,-4.258367951428454923e+00,-2.500932019174297860e-01,3.452329611057271208e+00,-7.387426408658856580e+00,-7.413149108909173890e-01,-7.057179466058560280e+00,-5.641480307234156832e+00,-3.276123680104192637e+00,-6.270425549278177968e-01,1.654811416559861748e+00,4.169588115915945359e+00,-6.259672946214871914e+00,-1.876967178532562786e+00,8.747456591679554361e-01,-3.268304008616369938e+00,6.662429534699728428e+00,-2.587954419073990042e+00,1.128745521452418021e+00,1.243329188290403398e+00,-2.068774303519655522e+00,-8.389426820301890686e+00,-1.128670868213663248e+00,2.362608300800234762e+00,-4.785482785317789478e+00,1.124519456503936921e+00,-1.827480085482479666e+01,-2.077694289475117362e+00,-1.358911732596238586e+01,-4.002905072339828507e+00,-8.011085814902687119e+00,1.087050860791985984e-01,4.947723139750466181e-01,-2.514713294009620626e+00,4.763826816941728381e+00,-1.233244097930687178e-01,-4.557712826387415816e+00,-1.686895536416510311e+01,-1.460610782563739996e+00,9.856012504230120541e-01,-4.428055823800921331e+00,4.358514509164197470e-01,-1.919400875396461004e+01,-9.956555945867062718e-01,2.598609956193379311e+00,-7.586786487636577370e+00,-1.232110886667170169e+00,-4.038024210495311905e+00,-8.404402108881855682e+00,-5.787321800959275286e+00,-6.468140279257901248e+00,1.582850824630661180e+00,-5.430896114541097219e-01,-4.060200015657289718e+00,-1.283032392827841761e+00,1.592899263094484041e+00,1.531998490311945904e+00,-2.412522260553248543e+01,3.123684325086146796e+00,7.253490298097351463e-01,1.153178883958262446e+01,4.726234745028833117e+00,6.046708621997680666e+00,1.796714304321564093e+00,1.183295835420779163e+01,1.165286864496878039e+01,5.942851664395504940e+00,2.132139683794560536e+00,1.185744935595883298e+01,4.787020433553404786e+00,6.271398830311255779e+00,6.467011316442341951e+00,5.635559706914588851e+00,-6.048056675226305856e+00,-1.152696081895807634e+00,6.190132042691902647e+00,-7.077413014658321622e+00,4.062978359099195913e+00,8.370347673060630100e+00,-3.427301100104798159e-01,-1.202943447155725210e+00,2.483692045524478864e+00,2.309050768522221020e+00,4.611190417746202641e-01,1.830106232912220632e+00,2.790642911197743103e+00,5.320768821469007648e+00,2.866276782378851973e+00,2.026693850186576107e+00,-3.915703286198368716e-01,2.394932777066515683e+01,5.059682795950140033e+00,5.199870593754389425e+00,-2.798792925823393674e+00,3.041794564638363063e+00,-1.442761637178872292e+00,2.756716284297779485e+00,2.128489718579771761e+00,-2.042692813813464792e+00,-2.210478654990293279e+00,7.884578165654475335e+00,3.346726767502268274e+00,-1.096818800854309828e+00,9.442997615213898077e-02,1.639211591524318834e+00,-3.442138323954582191e-01,6.027084468066155054e+00,-4.572137755342040144e+00,-5.568999446562814093e+00,-6.579792498179357629e-01,-7.479329848799961766e+00,5.660880323044001905e+00,2.880182949754151789e+00,-1.729233728059268005e+00,4.872797497752269003e+00,-1.844933195277496996e+00,-1.587240694874633373e+00
-3.072296397600353113e-01,-2.201994077115198234e+00,-4.539173019160273270e+00,-1.399466483435981790e+00,4.082602654890036931e+00,2.338983470623862138e-02,4.508560436219952727e+00,-6.563181884790920684e-01,7.765980021668445588e+00,-8.890252666708442497e-01,-4.527010315830757747e+00,-6.549011760181437936e+00,-1.138961489288894402e-01,6.201872053709029942e+00,-1.353933439712070586e+00,1.416922006669488976e+00,-8.478579566269246470e+00,4.615682675471012963e+00,-2.045455540470597633e-01,5.355265141180097999e+00,-4.999370526720960939e-01,1.568147312955203931e+00,6.900848424546575544e+00,2.526898889742656529e+00,-4.739305042524573075e+00,3.055541743028931556e+00,-8.069561634123079141e-01,1.471793795598667298e+00,-4.091654849938158200e+00,-9.512787052490376816e-01,3.784062337890809147e+00,-7.179287133155591860e+00,-7.671094637515227799e-01,-6.002734799307978264e+00,-5.444584302880100424e+00,-3.330119332112913000e+00,-9.471413287451919683e-01,1.988144064219949048e+00,4.087663006923599518e+00,-6.072967041607983951e+00,-1.721111467081371416e+00,8.215695376981879683e-01,-2.864258118451302515e+00,6.903554486331652029e+00,-2.714017224851766663e+00,1.137241236375003517e+00,1.142946463220461784e+00,-2.054152530587804559e+00,-7.771298010963095138e+00,-1.894914722372905924e+00,2.098025897667822548e+00,-4.079936087801488753e+00,1.876881220542190976e+00,-1.790501081852704957e+01,-1.920748239672554813e+00,-1.305269543885052208e+01,-3.918884054423197316e+00,-7.678512298276252146e+00,5.628100794274106811e-01,7.755409895885900795e-02,-2.783937441210510677e+00,4.609395026986062405e+00,1.557912089311007942e-01,-5.014764736941007328e+00,-1.650899491833649080e+01,-1.332870610635116471e+00,7.893972479555051436e-01,-4.188100254391081023e+00,2.047366932713272636e-01,-1.892603822979857853e+01,-2.729745422250204334e-01,2.592074987932005303e+00,-7.557420137036751306e+00,-2.036430714636676687e+00,-4.603385579243043146e+00,-8.002067796244935138e+00,-5.718565330955522441e+00,-5.833440910708851845e+00,1.810665072496348671e+00,-3.051176476445915942e-01,-4.042225023527312722e+00,-1.386082586787410031e+00,1.357006937419471093e+00,1.722611113496195223e+00,-2.406533443299688813e+01,3.123261827043578798e+00,1.670795656092072257e-02,1.236605731548225684e+01,4.384979624774199003e+00,5.913905426643708552e+00,1.547896061356001773e+00,1.118878822922143890e+01,1.230310754112154115e+01,6.207300603894974955e+00,1.995139724034580508e+00,1.162490136895638315e+01,5.220905919995110445e+00,6.112967783995804538e+00,6.161033020673773564e+00,6.694874394844083199e+00,-5.724547598676196003e+00,-1.428766484467960396e+00,6.612355189469435679e+00,-6.913401103990130636e+00,3.958429152850052812e+00,8.771657528040295304e+00,-7.070386955529586182e-01,-1.228684955966973469e+00,2.593521759246705471e+00,2.361782715120155363e+00,1.151558519374983547e+00,2.041666280787257648e+00,3.387799479707000572e+00,5.086427575191626360e+00,2.967475409732061475e+00,1.713761824972876990e+00,-1.089842196962448995e+00,2.344528975696683304e+01,5.117758748203815600e+00,6.404781457694517677e+00,-3.523621773249915989e+00,3.451728038345928340e+00,-2.122417520415964098e+00,2.534867964344329039e+00,2.174245732333820236e+00,-2.261732684028525231e+00,-1.703618424391388997e+00,7.703629538042937597e+00,3.376390280879327577e+00,-8.338098061612857492e-01,3.635162878750400894e-01,-8.428963661565775922e-01,-3.400198493688066925e-01,6.704418967861436762e+00,-4.611747339785331690e+00,-5.123505823235794843e+00,4.252986831226759357e-01,-6.673615282225537015e+00,5.982960999393979407e+00,3.365323733761606650e+00,-6.710203624999290239e-01,4.412117326323557798e+00,-1.953990710651229090e+00,-1.940760069327634563e+00
-3.940548546375226002e-01,-2.662315344086187086e+00,-3.952109026174933426e+00,-1.930858196411754601e+00,3.850867090573588669e+00,6.857616790216116698e-01,3.694948443977870145e+00,-4.188988908250204091e-01,7.683460905254564821e+00,-6.662710674048311077e-01,-5.388310000800873745e+00,-5.609153147722190980e+00,1.635259855169155507e-01,5.270010230160360187e+00,-2.244245327763698228e+00,2.316868263744971124e+00,-9.974209726960772571e+00,4.543678607169222339e+00,-9.948705535650881338e-02,5.321271092014299597e+00,-3.565483318706048621e-01,1.696682125847801981e+00,6.057608556413097922e+00,2.127859803816354756e+00,-4.489612463518935392e+00,2.764144586511525503e+00,-7.095427739596407157e-01,1.674287694567119678e+00,-3.919269027967632546e+00,-1.714806467494159659e+00,4.272343936728985270e+00,-6.982911236402807198e+00,-9.190358362963689798e-01,-4.894064490158479330e+00,-5.160253611366059090e+00,-3.294256021776253540e+00,-1.156528211301827369e+00,2.176202694868191401e+00,4.027158789849139886e+00,-5.861281187644376445e+00,-1.176196667645408755e+00,9.959781032795566036e-01,-2.467855792850002228e+00,6.872355368822363531e+00,-2.816750343843285265e+00,8.756667480317927854e-01,1.071827270809073029e+00,-2.028339226656808769e+00,-6.792603878292503339e+00,-3.043258974961986052e+00,1.682181066595382468e+00,-3.159394379936346198e+00,2.386043490568450220e+00,-1.729164793290276236e+01,-1.982232860681002018e+00,-1.252520445456419829e+01,-4.055982215766004373e+00,-7.320882047670346005e+00,1.372105127787465406e+00,-1.409259408118848089e-01,-2.989316712975199408e+00,4.441595131002277874e+00,6.751730199049336134e-01,-5.236125316630835691e+00,-1.611938237763540371e+01,-1.084243537375641608e+00,5.894663652227861705e-01,-4.032059342842077676e+00,-1.806937082183306953e-01,-1.853263035869763442e+01,2.361326319919985484e-01,2.608705624802575951e+00,-7.478788095230718191e+00,-2.709751045350549781e+00,-5.403657962809907289e+00,-7.611648440161191687e+00,-5.665309096545586343e+00,-5.164489502504463481e+00,1.859565550568183845e+00,-1.467333429238020237e-01,-3.930582354798062283e+00,-1.372779419701946946e+00,1.130530641552824456e+00,1.621932834393834844e+00,-2.409569935266696916e+01,2.892380765066090209e+00,-9.515581724671291486e-01,1.278404280248520131e+01,3.788051299154002738e+00,5.799379675362082764e+00,1.513144546689295211e+00,1.056153294151698852e+01,1.290532975128910564e+01,6.522695561095881445e+00,1.852221393946889005e+00,1.141495619728625677e+01,5.619404224205926113e+00,5.908962446329928397e+00,6.412943458138308017e+00,7.225566189453976662e+00,-5.628536451786133377e+00,-1.684546151406262737e+00,7.293333387535991363e+00,-6.512246717421562359e+00,3.739071069554102955e+00,8.977817739733179536e+00,-8.412946416759662371e-01,-1.336465196992402404e+00,2.745707390583279839e+00,2.640094385062907278e+00,2.057253856000182957e+00,2.159207064506790896e+00,3.945885579874217175e+00,4.724143710452170630e+00,3.224477163342952757e+00,1.403860348695219695e+00,-1.830226941748938074e+00,2.280726760726764724e+01,5.079349586320955012e+00,7.569487138837401652e+00,-3.988932728746497958e+00,3.837405495065308259e+00,-2.874047750728446537e+00,2.554046421696859692e+00,2.119948829934165779e+00,-2.530731565974905450e+00,-1.265425818653140189e+00,7.504569367656209522e+00,3.359961648471864848e+00,-6.607140315789334917e-01,5.762250483236025511e-01,-3.319410711772696310e+00,-5.005838525149849394e-01,7.472305938864311159e+00,-4.606968925633546874e+00,-4.410495472875476608e+00,1.947302617076807074e+00,-5.686064533373633267e+00,6.094212076020117053e+00,3.697719316808336210e+00,-4.810300764333302892e-02,3.798401370489804307e+00,-2.121810088437831254e+00,-2.450369572009261532e+00
-7.196064508667110449e-01,-2.948357950641771641e+00,-3.434184435824523707e+00,-2.434156907577705198e+00,3.513909806912502987e+00,1.335327364184228482e+00,2.886533601102034385e+00,-6.135010139119900785e-01,7.485539998679618279e+00,-4.466362005636517196e-01,-5.936686134777538371e+00,-4.653909395300910745e+00,5.073721694140003180e-01,4.502786015828177391e+00,-2.590241631538406253e+00,2.791153537298828979e+00,-1.115991354587526097e+01,4.378984643094648632e+00,-2.388506749597066325e-01,5.009144968074470405e+00,-2.039778892709520619e-01,1.837765733938199197e+00,5.441834620198729766e+00,1.731686984453955969e+00,-4.170238743610569010e+00,2.409546223366669793e+00,-6.338024967555371258e-01,1.604660902656699140e+00,-3.720560884229725751e+00,-2.457161806396515935e+00,4.667718628630360911e+00,-6.828725796475827892e+00,-1.137618151917597187e+00,-4.335291669368947609e+00,-4.779989571049783947e+00,-3.146995925518709214e+00,-1.259357534668835044e+00,2.294008744420225732e+00,3.972152322445630546e+00,-5.608526648273922888e+00,-6.625073168576038896e-01,1.318418810278474851e+00,-2.124782811140770278e+00,6.848521615179647526e+00,-2.847076643216571057e+00,5.404721685488019789e-01,1.055286283685741955e+00,-1.980874485450057509e+00,-5.965028345138619237e+00,-3.790327015679721079e+00,1.226280671671110323e+00,-2.292073102536400508e+00,2.642385120186900416e+00,-1.658415693937622137e+01,-2.202823839729913136e+00,-1.198631745169373808e+01,-4.482556857929545835e+00,-6.997020189679131086e+00,2.106378294457536882e+00,-1.519000899551168626e-01,-3.126662903814704908e+00,4.237240387001914854e+00,1.250593971737353094e+00,-5.263815224404445381e+00,-1.575898367102674769e+01,-1.065250401339073560e+00,4.066631947403599456e-01,-3.721229754571641735e+00,-2.623829540766908774e-01,-1.801260215936041575e+01,4.943796495105215461e-01,2.640685402511610658e+00,-7.330363470148178351e+00,-3.215146760729293618e+00,-6.004585960813646039e+00,-7.315399271518828073e+00,-5.658307864649088081e+00,-4.724757202076548701e+00,1.654970303455332470e+00,6.348049127744115339e-02,-3.778280162820295551e+00,-1.285129203052274960e+00,9.183732858647795094e-01,1.118359519394276136e+00,-2.398612535322051897e+01,2.769134033438507281e+00,-1.718458077127163364e+00,1.317109883326140185e+01,3.054648727907420369e+00,5.644465784262779451e+00,1.597970025094238133e+00,1.004902438961021893e+01,1.338668207947401534e+01,6.807440303078822197e+00,1.713075444296542793e+00,1.120323917150741799e+01,5.952805337724198509e+00,5.623276934625616619e+00,7.028243828408910154e+00,7.294788704202002982e+00,-5.637698437024181608e+00,-1.926892662023875769e+00,7.747977538290448329e+00,-5.892052363528147652e+00,3.548846516881853486e+00,9.010948080492235945e+00,-7.765046656088213650e-01,-1.409010907654014488e+00,2.880438625442934608e+00,2.882689650894916245e+00,2.572262905292183710e+00,2.253278010468054759e+00,4.212942547667902993e+00,4.296325350988706937e+00,3.632234038261277664e+00,1.122709820989745921e+00,-2.338295626593335008e+00,2.198714848724739923e+01,4.932100994593847432e+00,8.657970581962462830e+00,-3.824596753864639709e+00,3.934793406238909164e+00,-3.667533549081690492e+00,2.711180633041141874e+00,1.884409012701784292e+00,-2.826429563093092234e+00,-9.347523421222098117e-01,7.260447651205351960e+00,3.284686743885818494e+00,-5.532076163236099298e-01,7.042959388745823057e-01,-3.952324752089522164e+00,-7.222354886583088884e-01,8.267460297942102798e+00,-4.527785838392668794e+00,-4.129735787216833209e+00,2.987838460611786928e+00,-4.792464491460811438e+00,6.045122340680284978e+00,3.896754694006308917e+00,2.150595375617402327e-01,3.460289955903798731e+00,-2.379512831547324847e+00,-3.057797984698790383e+00
-1.249725936883572475e+00,-3.066369852015539799e+00,-2.993523488702775293e+00,-2.838518882035955926e+00,3.126985598277754352e+00,1.904043918869590346e+00,2.148356643785164888e+00,-1.069216500874432096e+00,7.165424360121996017e+00,-3.664825064397350118e-01,-6.200801705600824221e+00,-3.849553459874455186e+00,9.026982374514949115e-01,4.138904121655920143e+00,-2.408796718646985191e+00,2.805389010809665074e+00,-1.192083716171371321e+01,4.237345912425258376e+00,-6.005326590472805925e-01,4.668047112030071943e+00,-8.237116021303902968e-02,1.979726790703152606e+00,5.253033589546135751e+00,1.335955193743958880e+00,-3.674279753984061259e+00,2.075099249992999439e+00,-6.088683657753390932e-01,1.403347570448370440e+00,-3.500730916245000213e+00,-3.123105384049749134e+00,4.891846137679553230e+00,-6.655397727362244886e+00,-1.349724188257399593e+00,-4.376448469749924186e+00,-4.307994720539533695e+00,-2.875974401268040825e+00,-1.442561573673797781e+00,2.485642261275934572e+00,3.894556900241548103e+00,-5.314733773411745688e+00,-5.368732234972157791e-01,1.744255561727447557e+00,-1.837348388668617272e+00,7.009407600352190570e+00,-2.802858462050011656e+00,3.042638604139997760e-01,1.125197761832780419e+00,-1.914340237572684567e+00,-5.560934244569162743e+00,-3.988167838390507036e+00,8.679051790252927390e-01,-1.766531519157279684e+00,2.645629915998861215e+00,-1.588434027477757837e+01,-2.498124136798125061e+00,-1.146468296987479718e+01,-4.974908770269201419e+00,-6.690789091387061127e+00,2.536718457628103440e+00,-3.146357306499849571e-01,-3.186022119114902740e+00,3.993342298617901243e+00,1.714081744535174590e+00,-5.130753966404338229e+00,-1.535567227975705329e+01,-1.406628729285734680e+00,2.268461058664647534e-01,-3.298185160384015102e+00,-2.111136098505443925e-01,-1.741090138082342875e+01,4.801270222461175852e-01,2.689652384980806943e+00,-7.124200003532442871e+00,-3.572457782870756215e+00,-6.149825101122806004e+00,-7.047944904194143767e+00,-5.699835774157271828e+00,-4.502166345708445760e+00,1.328038995784436516e+00,4.160441758500355025e-01,-3.634222381043660466e+00,-1.120859619774281724e+00,6.465640847209517261e-01,6.803224049298366438e-01,-2.359948662400490349e+01,2.834411775189065175e+00,-2.125085010379017980e+00,1.359158715454741007e+01,2.380260258235677995e+00,5.436211277021575583e+00,1.726350781808799528e+00,9.716820146269732561e+00,1.363756354317646036e+01,7.144916652283037628e+00,1.602453273358382724e+00,1.094421944356637688e+01,6.174158371976087523e+00,5.219341728367449917e+00,7.826962192034724097e+00,7.065710063050151035e+00,-5.700794149665552979e+00,-2.127638467824069846e+00,7.906401978012159937e+00,-5.217133868618695658e+00,3.508452167673938860e+00,8.912082958283830791e+00,-5.501324048667975974e-01,-1.377244144970505069e+00,2.946063337834164741e+00,3.021545087692558695e+00,2.661981159851448453e+00,2.417930550441405479e+00,4.130817929353815643e+00,3.882077830476107216e+00,4.078028907998395347e+00,8.755164913523691972e-01,-2.803208952190850756e+00,2.103761256464896690e+01,4.739914949075759942e+00,9.661221319944139907e+00,-3.214986855804427002e+00,3.944400152197066856e+00,-4.400100379397656525e+00,2.908224259870743289e+00,1.571682070561979394e+00,-3.138720792559977824e+00,-6.935669825409809253e-01,6.986169871853546098e+00,3.177445144465351312e+00,-5.088346482128007775e-01,7.310715005021544144e-01,-2.880046660716812035e+00,-7.749465594889244358e-01,9.023730814918188514e+00,-4.341928171287472438e+00,-4.553007364160059467e+00,3.233842710635320028e+00,-4.214916837668353011e+00,5.860067373030956261e+00,3.882272424899220642e+00,2.571759319744567063e-01,3.624029295953752783e+00,-2.738765749906158398e+00,-3.733229019568191198e+00
-1.807686147840792623e+00,-3.096676892089676336e+00,-2.588091296612223147e+00,-3.132834430715210949e+00,2.686111147855566816e+00,2.364823363930780520e+00,1.515867564898518260e+00,-1.624262021027978342e+00,6.736234491975219285e+00,-4.683863414451407969e-01,-6.252269382101976802e+00,-3.190712358806022220e+00,1.300204624275873577e+00,4.079848692059926840e+00,-2.206846752603954798e+00,2.581498125742364813e+00,-1.271434322489992397e+01,4.207754615943049892e+00,-1.165211853309993106e+00,4.515605301257102688e+00,5.694007338181816813e-03,2.100008557109315444e+00,5.175183358941902512e+00,9.557024782983991606e-01,-3.097672077681304259e+00,1.724001947396672563e+00,-6.510532112039899566e-01,1.137405973468528009e+00,-3.254058585909975321e+00,-3.659813492132970580e+00,4.995804347068196094e+00,-6.356772991011391483e+00,-1.498368402341754280e+00,-4.616222264541897324e+00,-3.780124740039169318e+00,-2.504918842238251120e+00,-1.733321642395006634e+00,2.746697412552402628e+00,3.763052193824472536e+00,-4.983673241483227656e+00,-6.963055110363693956e-01,2.205097707501556314e+00,-1.617910268553929498e+00,7.320412758561460009e+00,-2.716979900358715394e+00,2.517337710499163439e-01,1.297003516618145058e+00,-1.811272842781778580e+00,-5.413884228178275748e+00,-4.007027029366245330e+00,6.002856383013734920e-01,-1.470459732525068342e+00,2.419376006226949372e+00,-1.505550282640512272e+01,-2.800494750742895889e+00,-1.099545870317286145e+01,-5.334489646232444926e+00,-6.385920643183922607e+00,2.666835198300375964e+00,-9.459946545367010629e-01,-3.182696755550985745e+00,3.712826449977744581e+00,1.936127097927323737e+00,-4.877970564576147972e+00,-1.471176561744949396e+01,-1.916395059758571495e+00,4.901195284783077533e-02,-2.907898620955587710e+00,-4.916387052691219006e-01,-1.679069312464185160e+01,2.038904152267734804e-01,2.763020763395320767e+00,-6.881340534839592848e+00,-3.825363879789914101e+00,-6.051238387924758655e+00,-6.667008700575932423e+00,-5.803581049777129408e+00,-4.272886765717823110e+00,9.763969907612018995e-01,8.725822690792162106e-01,-3.542697257390387655e+00,-8.970794998884101812e-01,2.654986312107090463e-01,5.332040615260091876e-01,-2.291062425831830396e+01,2.935818639142866893e+00,-2.314764002250487174e+00,1.398589651882609886e+01,1.822458865932509164e+00,5.173576207048227182e+00,1.850032858370794786e+00,9.569749100306641054e+00,1.367857595731880949e+01,7.680083654967908124e+00,1.535733818785000482e+00,1.060530847855080161e+01,6.260988672879326700e+00,4.677552270394658152e+00,8.654059326974213207e+00,6.696695604086067455e+00,-5.782396189489460880e+00,-2.278149616175698000e+00,7.937836122456532806e+00,-4.534857817465669072e+00,3.601532332147657556e+00,8.734962474441342550e+00,-2.379063537479218227e-01,-1.235821444180448703e+00,2.921629407251214339e+00,3.142193735468193250e+00,2.616923009096876918e+00,2.622167215776692650e+00,3.769779127657733930e+00,3.524034867553242467e+00,4.456229011586770206e+00,6.427111687700088893e-01,-3.536400654900798912e+00,2.004537089361989999e+01,4.510462296658758419e+00,1.054474650950487380e+01,-2.474188950941801579e+00,4.135158592401412925e+00,-5.001725192324852465e+00,3.064019034033409028e+00,1.392264869715280629e+00,-3.457712078534208366e+00,-5.158404819112725193e-01,6.716305323792955306e+00,3.070264863946131406e+00,-5.221403522416272480e-01,6.821413990050845255e-01,-1.413551172460118632e+00,-5.819680820698684975e-01,9.664616493733888092e+00,-4.042993766072320305e+00,-5.345021573112301638e+00,3.054382053479789416e+00,-3.859358611184855015e+00,5.559744727756471327e+00,3.632429705690470634e+00,2.185618576690064874e-01,4.159116681636477963e+00,-3.196950353567005187e+00,-4.389777319379984277e+00
-2.279255220313505692e+00,-3.123879902524267393e+00,-2.214530517566607681e+00,-3.307797285246432573e+00,2.159081165936860724e+00,2.682221067234345391e+00,1.064473641470782717e+00,-2.111217476162077666e+00,6.285020416536816867e+00,-8.182194858267155535e-01,-6.196389960662831875e+00,-2.718704754146377578e+00,1.599836965883614237e+00,4.255924162821238532e+00,-2.292558463544112968e+00,2.276534619658813430e+00,-1.379566719316948920e+01,4.258988348130777091e+00,-1.855057578078576297e+00,4.631647507306775324e+00,4.828247610847213878e-02,2.194503239691992569e+00,5.146398859022447425e+00,6.083828220656897212e-01,-2.541346249791665457e+00,1.379005687092207388e+00,-7.440841527848044423e-01,7.864161624790717564e-01,-2.997605164670119393e+00,-4.036984326288915348e+00,4.980787138741795239e+00,-5.802337168262074130e+00,-1.550571030081485890e+00,-4.788960025828041367e+00,-3.287974194062051048e+00,-2.083939110018155016e+00,-2.017051818057293389e+00,3.066984171593560404e+00,3.542032362678975144e+00,-4.640148770958430369e+00,-1.043843242969156648e+00,2.520330269406960255e+00,-1.513929291978596048e+00,7.897818605993361274e+00,-2.618778408467534291e+00,5.031730017132024502e-01,1.541853055773051429e+00,-1.658430298216187149e+00,-5.423416273073698335e+00,-4.050367000931453632e+00,3.846263290196421103e-01,-1.304969531435199670e+00,1.991827035945770819e+00,-1.377327795222986850e+01,-3.048608439722431118e+00,-1.070417385564780233e+01,-5.404246051164943943e+00,-6.100464370120603164e+00,2.407144595072357340e+00,-2.103873601618876155e+00,-3.156476277679737485e+00,3.402625489080204346e+00,1.831646385871138039e+00,-4.626530885366472390e+00,-1.343338909803853554e+01,-2.455966957302913478e+00,-8.345886943791483437e-02,-2.604275876541970458e+00,-1.311827396454241956e+00,-1.631235070670202347e+01,-3.208774067561413479e-01,2.884402002697334044e+00,-6.694411893307254502e+00,-3.916835946963772574e+00,-5.891384007234273135e+00,-5.971661104510131324e+00,-5.983883295557207660e+00,-3.878328081084509105e+00,6.601722989539546838e-01,1.377048171855370651e+00,-3.535529366732002021e+00,-7.519787160597055653e-01,-2.412666408847474742e-01,5.730469540815841256e-01,-2.182245600944919772e+01,3.024714623125799307e+00,-2.343491721499048275e+00,1.443792272633590912e+01,1.418646707979148491e+00,4.878439187484310047e+00,1.941960126197507019e+00,9.614272376532976949e+00,1.353586056047920749e+01,8.494756781785806510e+00,1.510419561613210782e+00,1.018815450542229684e+01,6.215650542732984896e+00,3.967628338349068695e+00,9.362067781366446795e+00,6.260365653483070503e+00,-5.863623494405411307e+00,-2.377609501636740674e+00,7.822348710015519124e+00,-3.844236139865519597e+00,3.791895790519256959e+00,8.558772660596758897e+00,2.810115299016528040e-02,-9.704004605228688796e-01,2.802599208636223249e+00,3.246855887780931482e+00,2.588836875338335730e+00,2.858839556199400000e+00,3.084377815589404825e+00,3.256060155853202964e+00,4.703937955198371768e+00,4.018404631638385904e-01,-4.624450112301271787e+00,1.923080704055918488e+01,4.201904453592569588e+00,1.118912998967027228e+01,-1.764512587165473212e+00,4.588176425742146236e+00,-5.402019014924484885e+00,3.077074902574959747e+00,1.423704795734691331e+00,-3.728003372063256382e+00,-4.227090143453264282e-01,6.532336577302292113e+00,2.986052108535997007e+00,-5.165887392541831380e-01,5.899107694200564911e-01,-1.140432429006572601e-01,-2.638511984821825251e-01,1.008155713731516023e+01,-3.683006534169558144e+00,-6.342130376539413916e+00,2.739766513702569295e+00,-3.693194497747481986e+00,5.176048809810404272e+00,3.251305765970503359e+00,1.533402660540715279e-01,4.957939772950386015e+00,-3.679559822823113890e+00,-4.791473142980601452e+00
-2.669188336307464660e+00,-3.126387535882619861e+00,-1.859033714012335192e+00,-3.391701816509057998e+00,1.438131127248266417e+00,2.855564498918585326e+00,8.147921403812317109e-01,-2.487354878113008372e+00,5.953932258510912234e+00,-1.468822034617107919e+00,-6.138469163598999856e+00,-2.469157913639816293e+00,1.681112563388295289e+00,4.678805308762426840e+00,-2.788022274180650850e+00,1.996232698325083987e+00,-1.544132565989377248e+01,4.381811737093622483e+00,-2.576394298260599847e+00,5.143043411120785890e+00,4.239006702437775331e-02,2.287643192700262951e+00,5.134854095593872181e+00,3.383058455227310191e-01,-2.098593573410911350e+00,1.003641077508581558e+00,-8.578711763729475193e-01,2.958851025626914044e-01,-2.755370103570760953e+00,-4.228060751486925284e+00,4.865565422005932561e+00,-4.840702907299277769e+00,-1.479636798732458125e+00,-4.701968922275797880e+00,-2.964616619249031082e+00,-1.718555295890069612e+00,-2.260123104867590715e+00,3.419560368838084230e+00,3.105567924930523915e+00,-4.319632647976431095e+00,-1.533359543186551655e+00,2.560858201178612514e+00,-1.483062700260873834e+00,8.981595308056288474e+00,-2.612261886555088175e+00,1.028648770893672459e+00,1.799076615333547347e+00,-1.443022205221897503e+00,-5.485285736539928791e+00,-4.271411718734676732e+00,2.259739073704110091e-01,-1.338172474830598091e+00,1.415603138751729828e+00,-1.161388114018665618e+01,-3.288442566560882963e+00,-1.071782506352093556e+01,-5.126340226942299516e+00,-5.783875639202338270e+00,1.748997187679624199e+00,-3.626774368477351018e+00,-3.137540358117404615e+00,3.019012032793022549e+00,1.396532618170755136e+00,-4.444869945934719624e+00,-1.099073729817369127e+01,-2.905374010598676726e+00,-1.295371260607157127e-01,-2.363885792535698194e+00,-2.677603282047355648e+00,-1.615187158140300383e+01,-1.034979474052116988e+00,3.063998678454415980e+00,-6.674791155494570916e+00,-3.854329172521179903e+00,-5.650817025192491627e+00,-4.782184048989591041e+00,-6.235261503649933701e+00,-3.262783729145513067e+00,4.226717691494669138e-01,1.900219366691392020e+00,-3.548126193648144966e+00,-8.051978457998195671e-01,-8.831120521961169922e-01,5.003904393450930854e-01,-1.990663292237065818e+01,3.068081463326953084e+00,-2.227931175894436677e+00,1.495845170814575731e+01,1.270505714836639211e+00,4.586673267982612323e+00,2.085574568107384508e+00,9.809213134055607242e+00,1.329912739472801597e+01,9.720397346598696586e+00,1.532644145351184317e+00,9.718072212464518245e+00,6.041560718829783738e+00,3.089230576085422619e+00,9.984339467365014542e+00,5.807373636837032116e+00,-5.930290734143924603e+00,-2.456914146253029507e+00,7.623831906891105348e+00,-3.192646274559585606e+00,4.058301087157506259e+00,8.410713126322171718e+00,8.286879731106806812e-02,-5.199380030557090304e-01,2.618786967341695249e+00,3.377952878389523406e+00,2.628143546160473853e+00,3.103173263876357613e+00,1.853026995876379424e+00,3.012656873039606609e+00,4.818359685749080690e+00,1.306631081410727369e-01,-6.090162719091317456e+00,1.882326967967258469e+01,3.722343817472444805e+00,1.138923658071276357e+01,-9.506220582125926022e-01,5.346149671398093162e+00,-5.614491790232042590e+00,2.951933080725698044e+00,1.657932139791457260e+00,-3.846426632559475145e+00,-4.326274445215563258e-01,6.509457123449035265e+00,2.916358412685207568e+00,-4.386410691977706833e-01,4.722783533527847299e-01,9.985180539238733832e-01,-2.403011086020923059e-03,1.016981280407644661e+01,-3.347715532068256561e+00,-7.525095872013404019e+00,2.443578905682010749e+00,-3.736770987740428041e+00,4.716437721470410516e+00,2.918974281281198735e+00,7.482239652768257754e-02,6.010654650831074974e+00,-4.086287544488157231e+00,-4.670563094791002179e+00
-2.945041654641577633e+00,-2.790760497075909896e+00,-1.548044455128109398e+00,-3.397909310921846782e+00,3.673271119307588428e-01,2.881138848191492574e+00,8.095732629680920667e-01,-2.743976266837700351e+00,5.930344629658814704e+00,-1.961115137091477001e+00,-6.173357549397746169e+00,-2.642456964870944613e+00,1.429446948177876209e+00,5.390681541012469324e+00,-3.416229810030166014e+00,1.726522622382684613e+00,-1.777353442218432988e+01,4.512307022713752502e+00,-3.160449342997411648e+00,6.297507515026440572e+00,-3.385412643041263436e-02,2.394628594044930558e+00,5.163733516279399360e+00,2.419242191768646855e-01,-1.892436683040747525e+00,6.883113301193861666e-01,-9.100954383775965439e-01,-3.780625400552155568e-01,-2.575390077745932871e+00,-4.225720363768560972e+00,4.647152922505539685e+00,-4.375828836180972736e+00,-1.279831506094768478e+00,-4.093897432354722810e+00,-2.973079069447141176e+00,-1.530250684502586722e+00,-2.549707078570381924e+00,3.649915581032876943e+00,2.088996847078183450e+00,-4.067146216847497442e+00,-2.116360950182705203e+00,2.182876172294129002e+00,-1.468651357967208027e+00,1.055453577902946449e+01,-2.797987847510420512e+00,1.560591009941896701e+00,1.906340444837419268e+00,-1.181862335074561621e+00,-5.566688142943595707e+00,-4.586886522450148718e+00,6.230972650900694632e-01,-1.757997542967821625e+00,7.558507262347184952e-01,-1.022718662220107788e+01,-3.616595855772201773e+00,-1.115218816716083161e+01,-4.570568154973443598e+00,-5.341828313352262825e+00,9.298186482788166618e-01,-5.276102459003104705e+00,-3.163386480620778318e+00,2.401671011557747981e+00,6.775983216744443371e-01,-4.448914440179223106e+00,-9.125112846046434356e+00,-3.277062074559672578e+00,2.839645910625069464e-02,-1.928730904786098987e+00,-4.470413973246150086e+00,-1.648029484533044098e+01,-1.856206406494756767e+00,3.289090610063542641e+00,-6.971962491121302286e+00,-3.632764596053285722e+00,-4.902727481381298880e+00,-4.523496581860563026e+00,-6.437534688992554877e+00,-2.447150465697980337e+00,1.204319635261308363e-02,2.275562935458067315e+00,-3.431358628595416960e+00,-1.226721381460410765e+00,-1.389174832637200208e+00,-1.020105259234092010e-01,-1.620427531136151345e+01,3.253686617468615871e+00,-1.904241063842040393e+00,1.561831165184708681e+01,1.535037954611011557e+00,4.376767882500542939e+00,2.358137031388527483e+00,1.009778873391177001e+01,1.328248714856485968e+01,1.150595827425557083e+01,1.600271522257359136e+00,9.245459241230603809e+00,5.715763450149423441e+00,2.774108475976185151e+00,1.057237450150953073e+01,5.312329205037848112e+00,-5.961376814415767278e+00,-2.542164441573776745e+00,7.347226495812528846e+00,-2.707100329136565620e+00,4.417976871067242683e+00,8.316772373103473726e+00,-2.060638930987155615e-01,3.295238235341475530e-01,2.414803952862689673e+00,3.509410659769745422e+00,2.712143087023190180e+00,3.421383208315294411e+00,1.545339177441071854e-01,2.731719645267895569e+00,4.874386687722814138e+00,-2.091077617806634814e-01,-7.566179891847200523e+00,1.903929569923357690e+01,2.931386789796928127e+00,1.084975673381766548e+01,2.828616474213667686e-01,6.051787626220137994e+00,-5.691051930330492503e+00,2.692974640010110665e+00,1.941216581267338537e+00,-3.643999539422970724e+00,-6.252967565375771031e-01,6.714123903062226617e+00,2.670305285868833423e+00,-1.924628272991806832e-01,3.234204553196751153e-01,2.116335707124133769e+00,-1.448782282806033717e-01,9.838331200828005052e+00,-3.174911839915418810e+00,-9.004598620407731957e+00,2.371541473574847458e+00,-3.653980293799137247e+00,4.253863535485586489e+00,2.935655374005121665e+00,-4.856180979124987557e-02,7.363406565355470335e+00,-4.160153256271970967e+00,-3.755612786162840333e+00
-2.581735569734574298e+00,-1.580863039882300702e+00,-1.324820923829582942e+00,-3.333906080948894513e+00,-5.987432067556732740e-01,2.821150325733906783e+00,1.024840461521774770e+00,-2.931868557880926929e+00,6.311191227901760570e+00,-8.858564733616680620e-01,-6.346358831455640725e+00,-2.859429828484554292e+00,8.600356561902264829e-01,6.061007302663349527e+00,-3.710628194320360507e+00,1.014837902130116820e+00,-1.989023163935519989e+01,4.611807961250325327e+00,-3.459895951728219288e+00,7.756889268064227849e+00,-6.595911973610579793e-02,2.521772067598909040e+00,4.886045600569576486e+00,3.334780941004247268e-01,-1.745935844617900301e+00,3.794801364774924579e-01,-8.475267079288717476e-01,-1.156397481875788058e+00,-2.498352898296492874e+00,-4.109340164031936027e+00,4.090039006366675167e+00,-6.448558365295025574e+00,-9.853687478869308514e-01,-3.623096016934817420e+00,-3.364611054880175978e+00,-1.560695820359788932e+00,-2.613973612533019075e+00,3.521572918430475596e+00,6.367438037471984114e-01,-3.930083454620495687e+00,-2.537610877738227355e+00,1.359126476632233294e+00,-1.379299504739027959e+00,1.162647454195350960e+01,-3.207889717264767793e+00,1.841780154636183386e+00,1.771478631324553188e+00,-9.458051457092642167e-01,-5.876975713403070678e+00,-4.742208453594360051e+00,2.076495212417813985e+00,-2.648997139556921177e+00,1.060599512467861050e-01,-1.432476070258614520e+01,-4.068288094258036836e+00,-1.198767880319877577e+01,-4.496753352107552004e+00,-4.688407529186559231e+00,4.339566794965432628e-01,-6.544563057473681944e+00,-3.259386230379835325e+00,1.504507462957442865e+00,-1.188126540717363150e-01,-4.745527218388778223e+00,-1.333627974673605188e+01,-3.974065576054022664e+00,4.670661004406750361e-01,-1.232019520143905922e+00,-6.189877880010726585e+00,-1.731546965118482362e+01,-2.657269479130279777e+00,3.522410109532756017e+00,-7.598581134983003693e+00,-3.283241817570563104e+00,-3.828766150876091512e+00,-8.351321304019441172e+00,-6.386983533285496506e+00,-1.303491516222880175e+00,-9.378092048832735728e-01,1.971384962457771728e+00,-2.983922067531473488e+00,-1.997743901598838967e+00,-1.080690008610499575e+00,-1.343713587055238801e+00,-1.146277876896548342e+01,4.218900457817778005e+00,-1.502982627500933255e+00,1.622920147976186200e+01,1.404153057395775672e+00,4.267909386393557547e+00,2.798274224217469630e+00,1.040341791106950353e+01,1.392579252048028593e+01,1.313867738386431760e+01,1.699655785467149016e+00,8.792300811265400640e+00,5.215380532912112344e+00,4.163539770997055633e+00,1.115822299078866919e+01,4.804243049096946550e+00,-5.926555283599723722e+00,-2.691995078055584578e+00,7.263155809202951119e+00,-2.030395112073884789e+00,4.734243498815414064e+00,8.278391198210538704e+00,-8.502781024707849467e-01,1.454783744256594957e+00,2.231400832393669376e+00,3.630928138995925814e+00,2.788522639079836551e+00,3.853109586412054810e+00,-4.416592377289272342e-01,2.401890150393405143e+00,4.995463804181375700e+00,-5.313625578652048098e-01,-8.120420497218463041e+00,1.987411960822961632e+01,1.940952592777601460e+00,9.451101538263614543e+00,1.612036961829653947e+00,5.539887925845556005e+00,-5.728980034559649326e+00,2.404792065739699947e+00,2.215951444099226730e+00,-2.980436713747115718e+00,-1.072851868833546440e+00,7.107767456780532456e+00,2.122512634004901866e+00,2.083600989836266737e-01,9.754120221206274977e-02,3.382124595892768593e+00,-9.107578710659245402e-01,9.114505161284181867e+00,-3.260365500117056392e+00,-1.008725798162950937e+01,2.456265340644484763e+00,-2.932384473176926853e+00,3.891940983041804802e+00,3.483078633373571709e+00,-2.129778958324030913e-01,8.352455228269208831e+00,-3.752760243745720814e+00,-2.071342584281658628e+00
-1.600442193609471708e+00,-1.855664729859303197e-01,-1.076594340289313223e+00,-3.300908554016158014e+00,-1.061036887464336331e+00,2.730812380883081314e+00,1.411050705717486142e+00,-3.055396225158007795e+00,6.911621747807344285e+00,6.174231031392798386e-01,-6.518560051840505132e+00,-2.456478908125911964e+00,2.335750410559143120e-01,6.294807172932541661e+00,-4.032578379058082696e+00,1.850255873525394890e-01,-2.120626709553598488e+01,4.745738403573320774e+00,-3.699791425796980171e+00,8.561806425333269743e+00,-4.225228656369317548e-03,2.563315760228567441e+00,4.232267208043085205e+00,5.780754378250332337e-01,-1.524705352927806068e+00,-1.028438512166056640e-01,-6.880713803721323352e-01,-1.786463717461312495e+00,-2.489171731122068465e+00,-4.030672821790654226e+00,3.149726938698397927e+00,-8.417625591979245314e+00,-6.503253450235870758e-01,-3.827195854787755813e+00,-3.970272935760327471e+00,-1.704852790774752602e+00,-2.334988587131578974e+00,3.297101788273840484e+00,-2.298280393485137019e-01,-3.870724824845972911e+00,-2.705059400106688106e+00,3.751415383950416071e-01,-1.186403631429370442e+00,1.240800824252271717e+01,-3.741400479991272121e+00,2.283072818106569368e+00,1.530744683558806996e+00,-8.003210356710088735e-01,-6.460318157815023277e+00,-4.829584710411472415e+00,3.152002217018765151e+00,-3.740456258410155055e+00,-5.208468535292117840e-01,-1.891704937989602797e+01,-4.568905616050690455e+00,-1.297773876009237881e+01,-4.833645873601891907e+00,-3.733671906077026037e+00,-1.233044892184036456e-01,-7.036767953808126030e+00,-3.383146893097481289e+00,9.144399351650708274e-01,-8.186005997965732917e-01,-5.136268445782572023e+00,-1.851344654977567217e+01,-4.530462143298219502e+00,1.198557494383630129e+00,-1.124764685219795002e+00,-7.255453776977176972e+00,-1.833908800506291925e+01,-3.332580453883799976e+00,3.688141078813004903e+00,-8.342187798259088183e+00,-2.962948932405449209e+00,-3.436764047700775926e+00,-1.231207000654780614e+01,-5.919524739966788296e+00,6.725746663268905579e-02,-1.958727109919135234e+00,1.179794423715064156e+00,-2.238754599945990797e+00,-2.676134269993698300e+00,-5.118541557790279306e-01,-2.550516915148429486e+00,-8.941439188015200656e+00,5.752353206913995542e+00,-1.214166411065249029e+00,1.654582680192929800e+01,6.738158692726369248e-01,4.242706682596468326e+00,3.282244635257087761e+00,1.065882851595577918e+01,1.456790952483208912e+01,1.363118059051335607e+01,1.806297925772004209e+00,8.290845795653046579e+00,4.410444426882196289e+00,5.551767780421225318e+00,1.169256575146377131e+01,4.302174523986551868e+00,-5.902260660341548615e+00,-2.887106971603187855e+00,7.466356426931703538e+00,-9.991414631104997834e-01,4.787018222424258340e+00,8.273781605302785280e+00,-1.571057729412347781e+00,2.089416145569998662e+00,2.094713800188905850e+00,3.750128134433554195e+00,2.619823564712029818e+00,4.284167445609037728e+00,-2.790782041515118550e-01,2.099481700505822168e+00,5.187623945902290146e+00,-6.725912323685188099e-01,-8.196752414996153036e+00,2.088987216464971652e+01,1.287618263751342251e+00,7.675700293824479381e+00,2.042615155830639573e+00,3.881729456805695033e+00,-5.729106370622205624e+00,2.134442406011917370e+00,2.456686234564630755e+00,-2.007860580062008626e+00,-1.711603740317841682e+00,7.525454326084217271e+00,1.747496395862030205e+00,5.971015836267402621e-01,-1.915920058839044315e-01,4.541770351983627663e+00,-1.809568491268429558e+00,8.336810510763585924e+00,-3.507253918720526720e+00,-1.043849394714946577e+01,2.396143693544105169e+00,-2.162971604036767914e+00,3.630894428654127370e+00,4.150549058003373482e+00,-2.989509216378867795e-01,8.327280546446957032e+00,-3.075061751108330910e+00,-2.556425308549713504e-01
-1.225134160408712702e+00,6.614066627988264280e-01,-7.054466238462377969e-01,-3.404039738686913896e+00,-7.758196924251938853e-01,2.629519213429377444e+00,1.856852497334807506e+00,-3.109700566903308427e+00,7.440614042244401816e+00,7.400308209194208509e-01,-6.456457284181625234e+00,-1.960486216390056491e+00,-1.907682113517932265e-01,6.291366738637885092e+00,-3.973374793875898092e+00,-2.626598188767674813e-01,-2.198431453307287597e+01,4.960537339724428563e+00,-4.170314839173790311e+00,7.737016773903770073e+00,-9.551387068189720608e-02,2.461525204938627809e+00,3.868380171285681790e+00,8.524197700354578799e-01,-1.667058538697707037e+00,-7.309948091596664144e-01,-5.244640874503558869e-01,-2.072655837264263834e+00,-2.457794575646518265e+00,-4.110785596515610152e+00,2.186291010807604795e+00,-8.685479100541783737e+00,-2.944638624069329524e-01,-3.701531560147609312e+00,-4.538617442346113862e+00,-1.854371932473910523e+00,-2.231503262534134002e+00,2.930507314222018600e+00,3.161462370902938801e-01,-3.807297619666853983e+00,-2.310800417496125192e+00,-5.030282696435116607e-01,-9.614822607654466280e-01,1.389372090406790683e+01,-4.235444407702633640e+00,2.698899648805840101e+00,1.478704303865615133e+00,-7.493499529688429917e-01,-7.072902490149775900e+00,-4.719024955416123213e+00,3.376671124901744037e+00,-4.962086878604311302e+00,-1.129644156181120129e+00,-2.034604875819255199e+01,-4.975863008328161641e+00,-1.384903639649865070e+01,-5.154705368168172264e+00,-2.584184801644170193e+00,-6.479411485598980391e-01,-6.630412325120225603e+00,-3.458841777083314639e+00,1.253214122022560773e+00,-1.352009649762715426e+00,-5.277280771636333689e+00,-2.020148240166685838e+01,-4.733885956418832031e+00,2.065361803955732878e+00,-1.486313468786396585e+00,-7.247452710443507584e+00,-1.918974519389473343e+01,-3.869380404052822797e+00,3.747068826318047385e+00,-8.939036884915989134e+00,-2.744666094509957244e+00,-3.285839665044230529e+00,-1.353897926764476978e+01,-5.185548217637946600e+00,1.167269810976564459e+00,-2.667031707341989577e+00,7.812070161232886889e-01,-1.451398416964436722e+00,-2.820229418559434986e+00,1.180145971889423606e-03,-3.406875434653218626e+00,-1.229894797090530290e+01,7.218726844661150110e+00,-6.718855972723890568e-01,1.646767512029207836e+01,9.334181198169871907e-01,4.225011368509790977e+00,3.590716408977383090e+00,1.083704080200953257e+01,1.505268239272747266e+01,1.285498042491300730e+01,1.890892909357890117e+00,7.679067810720212606e+00,3.360583627868596768e+00,6.045167846000390810e+00,1.203755608596640769e+01,3.828518777618991731e+00,-5.986491048324460884e+00,-3.087722103848448807e+00,7.838805328564992791e+00,-1.814300265374644283e-01,4.698300512633512227e+00,8.258972204995318478e+00,-2.098136172796281063e+00,1.642990127885452623e+00,2.000765471232459181e+00,3.812388999179086468e+00,1.225203846755053672e+00,4.317564029879766174e+00,-7.698251161951210619e-01,1.890671033799638856e+00,5.370129218550684591e+00,-6.663904073674462580e-01,-9.307805490158209238e+00,2.157279411195156982e+01,1.849070860188715137e+00,6.179327547459093850e+00,2.462960709365161982e+00,1.965597746745060270e+00,-5.608296267253098044e+00,1.904802897301921316e+00,2.219287598796255701e+00,-1.042746027553550947e+00,-2.324720603396994267e+00,7.800353755314546333e+00,2.048088198604417265e+00,8.096317805648916011e-01,-4.796116164249883962e-01,5.420351975981529513e+00,-2.249365756790316695e+00,7.831337479908885513e+00,-3.701923405650277221e+00,-1.016114147278373459e+01,1.977000719066104972e+00,-1.673321582453828782e+00,3.346852907381303144e+00,4.321368184493563191e+00,-2.328078319802669438e-01,7.234331245839988433e+00,-2.568884552664162157e+00,1.109418284977913949e+00
-2.343822958235593834e+00,9.210158442242137866e-01,-2.254663682276696335e-01,-3.682837288162374545e+00,-1.409353317407791850e-01,2.488973186295692308e+00,2.266697083677922109e+00,-3.084852102073411650e+00,7.695336052824051976e+00,-3.930471559311323748e-01,-5.991709170536971385e+00,-1.594934237882794648e+00,-3.418979743728250975e-01,6.214485956023197311e+00,-3.362630611622190457e+00,-3.293668747327611612e-01,-2.246914272640698940e+01,5.174309753445052174e+00,-4.947271770976728433e+00,5.705331194107014170e+00,-4.762673821614777925e-01,2.236860057411145242e+00,3.936702776297897444e+00,1.040423168818878530e+00,-2.231420106358731559e+00,-1.399267430146829305e+00,-4.110065678769174724e-01,-2.018291507123036510e+00,-2.322222547627237788e+00,-4.352629908427323002e+00,1.705463249020102268e+00,-8.190185670322678746e+00,7.583538535366640687e-02,-2.868070437385725313e+00,-4.920609021436537667e+00,-1.964930252485593165e+00,-2.527422480624789358e+00,2.420962252265120185e+00,1.604293654132598945e+00,-3.650420424223903559e+00,-1.412248984064444990e+00,-1.160491346444755933e+00,-8.633781334877956848e-01,1.602099643762072390e+01,-4.576366751210095174e+00,2.784156511209358698e+00,1.761202704457958124e+00,-7.380517119258818148e-01,-7.586604295680533738e+00,-4.343429739507040921e+00,3.272394371968053051e+00,-6.326719702315857674e+00,-1.682398996940066116e+00,-1.978984363708253014e+01,-5.193031878721835248e+00,-1.444852865602682357e+01,-5.468227458523450935e+00,-1.507880438935794043e+00,-7.540714100323624436e-01,-5.649388978002047423e+00,-3.442508087588616927e+00,2.063887250974977494e+00,-1.723959360624904180e+00,-4.919333978863391188e+00,-1.950497532472522622e+01,-4.841543286246969835e+00,2.865150921905350145e+00,-1.849109269882840856e+00,-6.384682587981750146e+00,-1.967712710964449840e+01,-4.315965833633217841e+00,3.703768851397170714e+00,-9.259470417670886633e+00,-2.591287434667210121e+00,-3.119736192474915182e+00,-1.299491260185315333e+01,-4.586653098966029241e+00,1.846538969474488034e+00,-3.073373578741774637e+00,1.530135255594174737e+00,-9.307407029399609177e-01,-2.339132143388918283e+00,2.946559301919250418e-01,-3.797115989621850041e+00,-1.837821229898291620e+01,8.340732732006841843e+00,1.735371574520430116e-01,1.635536401353121860e+01,2.476723312708732028e+00,4.185026672360849354e+00,3.531765471700111902e+00,1.095339450210920162e+01,1.554644828694930325e+01,1.158639126915563367e+01,1.926402009668262583e+00,6.968725349133771729e+00,2.323854769687641930e+00,5.782768458516071242e+00,1.204978700915225787e+01,3.318871119648899359e+00,-6.243898517767326517e+00,-3.227330534902178361e+00,8.227888980729524349e+00,3.862795112250463347e-01,4.664618616648655625e+00,8.158727571479474250e+00,-2.408497161238024820e+00,7.195310904553133824e-01,1.956804230078266427e+00,3.769479186804496784e+00,-1.249822900112871338e+00,3.733779590349613819e+00,-1.792093079979637960e+00,1.800542470995297295e+00,5.476464836657467750e+00,-6.690636695672935730e-01,-1.178616126803605901e+01,2.163713844617859294e+01,3.160185153559758930e+00,5.410098397956860872e+00,3.877841198692516755e+00,7.697404381301424792e-01,-5.279323698350249394e+00,1.689002926278607042e+00,1.281565936258160621e+00,-3.990203151422445638e-01,-2.674866647202497560e+00,7.875320683297732494e+00,2.568916722993894730e+00,8.581033462326124184e-01,-6.952851447776047245e-01,6.012469555069467120e+00,-2.160302415377270524e+00,7.740736227447532869e+00,-3.690262397467997335e+00,-9.560544073824129185e+00,1.415909878302004543e+00,-1.536463461596189628e+00,2.900472118006307998e+00,3.662001073331619505e+00,-8.416066137066197106e-02,5.844522087080041395e+00,-2.541915813351370623e+00,1.886677598800535760e+00
-3.642496202650016279e+00,7.067476834119077456e-01,2.014029283225470257e-01,-4.060667983348924537e+00,1.606517691071618348e-01,2.363912856098254078e+00,2.554023784600128355e+00,-3.041111802780350537e+00,7.707558771681627618e+00,-9.047631322241671548e-01,-5.107693160525884402e+00,-1.063474774764818331e+00,-3.160834941855831248e-01,5.912700283111526289e+00,-2.699807377462271063e+00,-3.771404020536679447e-01,-2.143957186027278894e+01,5.274719880116949255e+00,-5.668055486803568854e+00,4.056836546735370419e+00,-8.041160011419501430e-01,1.986620239523232634e+00,3.903822666928564722e+00,1.057158965036402165e+00,-2.761506357969810921e+00,-1.949471574270758012e+00,-3.576853195930480567e-01,-1.786291949239096510e+00,-2.062918616741759692e+00,-4.667930701233938606e+00,1.510843619051722264e+00,-8.144525154191478933e+00,4.850968236249446619e-01,-2.207339170406672046e+00,-5.150956922316531461e+00,-2.013259771075231797e+00,-2.826406561337245549e+00,1.990122458057833166e+00,2.178927483502913098e+00,-3.371210634978033305e+00,-5.722502456200722065e-01,-1.594561124409652253e+00,-9.958699545800371311e-01,1.651117128056993977e+01,-4.774126888974528526e+00,2.647423142753445369e+00,2.201334191059251211e+00,-7.072974407753560566e-01,-8.060403175460571390e+00,-3.761942477152125264e+00,3.273693196234869429e+00,-6.770599821869362600e+00,-2.097778134917206661e+00,-1.972169630217238279e+01,-5.137131482919004455e+00,-1.479167262149189455e+01,-5.891290295918363284e+00,-8.100540980059363072e-01,-6.080703228870842914e-01,-4.558428878694777531e+00,-3.350495309696917001e+00,2.467996244851571319e+00,-1.934056625073746316e+00,-4.065491188676857881e+00,-1.948295449844730598e+01,-4.876744189636442073e+00,3.359624889600445918e+00,-2.413352494737346809e+00,-5.194784191159440567e+00,-1.986892124971119244e+01,-4.726709998428784587e+00,3.592562406482369131e+00,-9.367703933401248406e+00,-2.392322082437011055e+00,-3.200691286773198030e+00,-1.288838522039878853e+01,-4.376778385396159265e+00,2.290047617029939087e+00,-3.588810583819452393e+00,2.315613891143908809e+00,-8.516379579761759189e-01,-1.558956758125237485e+00,3.669923140192753452e-01,-3.759953964375289281e+00,-2.082418168647619439e+01,9.035940379276087953e+00,2.735229702896349036e-01,1.648993678087207826e+01,3.701852752563026705e+00,4.101123007486820349e+00,2.995311369734501739e+00,1.104317894778529840e+01,1.538938318081111234e+01,1.074935855816556796e+01,1.906072905047925037e+00,6.200820852269169237e+00,1.639703268073032127e+00,5.541963078474288373e+00,1.162198825516398593e+01,2.784998361332158279e+00,-6.626008134955265305e+00,-3.305019647447676956e+00,8.442903061515115937e+00,8.395644733998225417e-01,4.699156261827196701e+00,7.915353140996369774e+00,-2.640419214045246488e+00,1.939753438989626488e-01,1.963702640500529117e+00,3.651078602431100606e+00,-2.979321009939225107e+00,3.195862019165678802e+00,-1.963383979338093166e+00,1.792010505960164979e+00,5.570082482297763704e+00,-6.810056345922994581e-01,-1.323041747722372108e+01,2.113355075734143895e+01,3.902241589893832518e+00,5.462808043518058376e+00,4.970006264640745464e+00,-2.932803717809582267e-01,-4.834177576989844738e+00,1.548608580528772372e+00,3.335738277966280307e-01,-2.605704049741194850e-01,-2.689003130496222305e+00,7.796593002351857038e+00,2.602062171501553944e+00,8.496976283247510420e-01,-8.289509514089533626e-01,6.283083169008565783e+00,-2.151337749201281291e+00,7.997702547760321856e+00,-3.466203412308670906e+00,-8.406684811511627942e+00,1.226943644568964320e+00,-1.297979538696148349e+00,2.304594871349863183e+00,2.498974004666587145e+00,2.363564843445314922e-02,5.539483815599519190e+00,-2.925545007294611644e+00,2.226181725871988704e+00
-4.190140136339778998e+00,-9.114077027611966475e-03,4.287163489029139907e-01,-4.409519039334994339e+00,2.303588042789774804e-01,2.358706158236879347e+00,2.740809999345395376e+00,-3.043846817067584976e+00,7.571009624138357985e+00,-4.719749238268283742e-01,-3.861125151056364224e+00,-5.222943965659356813e-01,-2.677215424953918732e-01,5.492217099981424155e+00,-2.203960151570120374e+00,-4.036859767772842389e-01,-1.835164051012688802e+01,5.225270671923274435e+00,-5.905832690756953163e+00,3.361123512297688354e+00,-8.255037727820142557e-01,1.798400962741371956e+00,3.589897302061308082e+00,9.697795148772421214e-01,-3.023940165490326848e+00,-2.311478792308957253e+00,-3.366948664359066257e-01,-1.558174742512891342e+00,-1.698415563296354236e+00,-4.914018228934551757e+00,1.338242630734404637e+00,-8.530022170806395465e+00,9.317561370889162475e-01,-1.993843629404608464e+00,-5.320136818630016862e+00,-2.032196224085099256e+00,-2.942897043228318577e+00,1.704090553284557163e+00,2.129134041593403026e+00,-2.971879509011801090e+00,-2.544402419630642509e-02,-1.732604993568365392e+00,-1.304948331888062141e+00,1.458409648994667585e+01,-4.868124988630174954e+00,2.363657685741953784e+00,2.521747151248533214e+00,-6.249425316258854224e-01,-8.275384177745232606e+00,-3.116577681469432815e+00,3.278341137073478073e+00,-5.984193707560269360e+00,-2.333573419036774954e+00,-2.034906007069757905e+01,-4.763307082784591806e+00,-1.493433428278883035e+01,-6.436697939306831984e+00,-6.517949730059895419e-01,-3.935743480263558247e-01,-3.539022203387935495e+00,-3.210316979887657407e+00,2.521193919588007315e+00,-2.005983590972651331e+00,-2.790722701978489262e+00,-2.039179354797271415e+01,-4.845029188113886498e+00,3.421002768576676178e+00,-3.202593601971809534e+00,-3.941762982983195496e+00,-1.985939563582501322e+01,-5.140899624131415990e+00,3.432237485703503399e+00,-9.374592690571208919e+00,-2.108628634349317021e+00,-3.308253308596598607e+00,-1.332483038474120818e+01,-4.516419889656177133e+00,2.400715823327116638e+00,-4.280317158853052639e+00,2.311926321458339650e+00,-1.273186088554547846e+00,-8.518137781147452348e-01,3.875348004964525028e-01,-3.424782102528661554e+00,-2.027695133596732546e+01,9.084691026777033329e+00,-6.359195344059846988e-01,1.662973722778828645e+01,3.859989157058440590e+00,3.979460934379062564e+00,1.941525531885156086e+00,1.114995826591452577e+01,1.425839986439730644e+01,1.058332386431479222e+01,1.852268336808678084e+00,5.437654568730821758e+00,1.415878260922778020e+00,5.560514092239879247e+00,1.077023503218253708e+01,2.329048923967087070e+00,-7.017796930772990827e+00,-3.311406665882376643e+00,8.482857837801299539e+00,1.074494168650771186e+00,4.755528290839764693e+00,7.539504054963590107e+00,-2.721190389082938310e+00,-7.243768279543644217e-02,2.013747311442603216e+00,3.533727504015638843e+00,-3.307209365945947610e+00,3.068854952320775098e+00,-1.070901351952537439e+00,1.806375510634012471e+00,5.734908893815959807e+00,-6.339850244662739165e-01,-1.249133735709405357e+01,2.021620761739266570e+01,4.116339264503646511e+00,6.236194784814530045e+00,4.890633601420030452e+00,-1.566926138887900777e+00,-4.484777544357720025e+00,1.552530068551388309e+00,-1.779134239233192138e-01,-6.600242682392833959e-01,-2.490962868895207905e+00,7.626258291301443393e+00,2.323018539659770454e+00,8.528247397384167705e-01,-8.948514292987781449e-01,6.218437724901227703e+00,-2.477914385022660593e+00,8.472684383602789637e+00,-3.086940319463247651e+00,-6.521391476353853633e+00,1.434332220359350707e+00,-8.885054069665478949e-01,1.651062122184226544e+00,1.389280835930902125e+00,2.402136368278233458e-02,6.491810463892134564e+00,-3.523838953601627466e+00,2.098689270352592118e+00
-4.290835071762925779e+00,-1.078392122129997910e+00,4.029341411525568795e-01,-4.575988946710605632e+00,2.850576538082312261e-01,2.579892971711633010e+00,2.914507043286451715e+00,-3.081028161558404754e+00,7.437993219297267977e+00,2.839010569647393289e-01,-2.434333104399352354e+00,-2.391175014238227092e-01,-3.109736430151313069e-01,5.202195911239329895e+00,-1.819509496446431118e+00,-3.982852388971251933e-01,-1.411972040974651144e+01,5.065728934501311898e+00,-5.363195881547801136e+00,3.264041265118760471e+00,-5.844210943929365465e-01,1.744241262464514719e+00,3.117796750576095732e+00,8.953027108042377336e-01,-3.073593893549988465e+00,-2.492656493196101053e+00,-3.129449363270584428e-01,-1.450416457236171297e+00,-1.301208888729243451e+00,-5.032338767792546186e+00,1.296755512757263418e+00,-9.018837266216948478e+00,1.369852167352299421e+00,-1.875790339291250497e+00,-5.521136262359042313e+00,-2.040170815386249004e+00,-2.988950459769372792e+00,1.478159046849891745e+00,1.968999914295815223e+00,-2.535438365351519785e+00,2.127047101355403758e-01,-1.602871341660029980e+00,-1.655844264449251257e+00,1.117014332948722988e+01,-4.870270000491378148e+00,1.907769459195443496e+00,2.539777881966218676e+00,-5.120152555178056897e-01,-8.048031292151739180e+00,-2.545837957080328895e+00,3.189814093493293701e+00,-4.772574495038728770e+00,-2.416129766819678171e+00,-2.099252388389074753e+01,-4.013768878951176511e+00,-1.498898250742639426e+01,-6.993229715302422989e+00,-1.061342521649698112e+00,-1.078926897229663950e-01,-2.760202165943363095e+00,-3.071858797706667588e+00,2.521299553576570318e+00,-1.984515024270996797e+00,-1.296287166534196400e+00,-2.132232410547639034e+01,-4.798757930102146574e+00,3.062678873385315192e+00,-3.835970758442831308e+00,-2.958268027496459673e+00,-1.981026529628283228e+01,-5.597015103822305271e+00,3.243167518182573428e+00,-9.387581182015344083e+00,-1.697864664214854269e+00,-3.061132964029969372e+00,-1.369835237156639884e+01,-4.810371710549235402e+00,2.239462877415920872e+00,-5.046209194198925552e+00,1.762359145494711399e+00,-2.123180375616040561e+00,-4.772998147947104530e-01,4.286612438716712603e-01,-3.097154743123242682e+00,-1.918756940802357747e+01,8.702521834442665138e+00,-1.970974775881943142e+00,1.669580969197600950e+01,3.160165512622487682e+00,3.793850535252524026e+00,5.030822863280818291e-01,1.134013868904783173e+01,1.250407786269798827e+01,1.060894822450076447e+01,1.790011613014872216e+00,4.744409759008823890e+00,1.573031223318361871e+00,5.663206888272591222e+00,9.657336192245308482e+00,2.072139704785201264e+00,-7.281804567265701245e+00,-3.262432038850660909e+00,8.356794548627853203e+00,1.222959962990764815e+00,4.830784400733527661e+00,7.116176927586809420e+00,-2.472616438737125222e+00,-1.973448702241622499e-01,2.069766628109091844e+00,3.426002489626866154e+00,-2.654550897614901039e+00,3.168386945755726991e+00,2.595501898081549186e-01,1.813297462528025372e+00,5.972737884869248504e+00,-5.759794647059489625e-01,-9.383749205834305940e+00,1.915409497225304492e+01,4.274158500567983410e+00,7.506175648051449656e+00,3.933356751819117925e+00,-2.373024291414060016e+00,-4.405282616628181103e+00,1.701231408840846893e+00,-3.666927397768640073e-01,-1.438323493180405421e+00,-2.291770020348200543e+00,7.422834662059436539e+00,2.001790819853279668e+00,8.583688136005112046e-01,-9.102480432994298765e-01,5.898428918909130125e+00,-3.293350820732832585e+00,9.002660842278272568e+00,-2.671365819739780711e+00,-4.359183270653286257e+00,1.876292604155018084e+00,-5.860738971316921120e-01,1.061090971289105012e+00,7.744691112359368690e-01,-6.288091936419232253e-02,7.786991092847711293e+00,-4.188465195218258330e+00,1.436724223604063599e+00
-4.545974406633993325e+00,-2.553960719783963551e+00,1.472945888974903639e-01,-4.486242453143121978e+00,4.078069021877235301e-01,3.050906787383595109e+00,3.155603715752375305e+00,-3.126707226409964235e+00,7.371253562955475402e+00,9.327229684744056115e-01,-1.003097340781540225e+00,-2.782216119195144444e-01,-5.037149321560043802e-01,5.124689732686321442e+00,-1.448357803238381258e+00,-2.963583393126101306e-01,-9.836254556493898349e+00,4.892622645143713811e+00,-4.036915118785582735e+00,3.187241264574966593e+00,-1.953945646476054065e-01,1.872230097584932196e+00,2.507838605080738859e+00,9.144563332761039831e-01,-3.049054435325003531e+00,-2.556700161035050378e+00,-2.872576025753366125e-01,-1.499090991334223411e+00,-9.406088894885582530e-01,-5.007881037536202840e+00,1.649952430865745168e+00,-9.389870467776459506e+00,1.710428743356621872e+00,-1.597195027073233131e+00,-5.755253115825022192e+00,-2.083583568187611590e+00,-3.100406195838639078e+00,1.180677589936422134e+00,1.978107024984681050e+00,-2.147974962910530028e+00,1.358336923033345300e-01,-1.298240322198130903e+00,-1.913568970197493169e+00,7.141336637087096761e+00,-4.736811674449900700e+00,1.226786102172062742e+00,2.302370253067198114e+00,-4.059441769007519074e-01,-7.438701303991734903e+00,-2.119380087476367525e+00,2.989038577957599863e+00,-3.719493998685350800e+00,-2.396069726118227550e+00,-2.123460504650316594e+01,-2.944057869683087247e+00,-1.503058914356710396e+01,-7.428824919515828462e+00,-1.903360537933565411e+00,2.842173704691404179e-01,-2.350025230214105143e+00,-2.954334916132004274e+00,2.641173101392388478e+00,-1.934573768282118245e+00,2.818056764895767730e-01,-2.179489544879103136e+01,-4.664686633401526450e+00,2.394987331955087395e+00,-4.054940607402157227e+00,-2.489978358164499639e+00,-1.980878810631835307e+01,-6.100740136485843124e+00,3.044757630355859668e+00,-9.438449745453009854e+00,-1.199859244481658926e+00,-2.382402029909279850e+00,-1.372208917675028772e+01,-5.110696515190111811e+00,1.981946213416504232e+00,-5.836222806801451668e+00,1.106895724745202259e+00,-3.270889918141955288e+00,-4.697230887922795306e-01,4.873865504171813745e-01,-3.076149469178796281e+00,-1.891517961355646804e+01,8.288928522533716148e+00,-3.411929399941298069e+00,1.676397355539300094e+01,1.888192979660337834e+00,3.541192204284832279e+00,-1.072899563358329811e+00,1.163489764551021111e+01,1.031237439103117204e+01,9.788802836144574471e+00,1.739908929329146092e+00,4.164068002295747917e+00,1.952099892646353529e+00,5.671562512183603744e+00,8.554946418668292196e+00,2.103217077135282498e+00,-7.334353884053174788e+00,-3.163301181051878963e+00,8.083409803977572139e+00,1.562199089527926521e+00,4.916822184627093861e+00,6.747388885762185318e+00,-1.714983480065160215e+00,3.030720091831362595e-02,2.116632384056884142e+00,3.273257691103299116e+00,-1.505204907617706311e+00,3.241562115460102866e+00,1.493016541122210272e+00,1.785380049414895920e+00,6.165267391506566774e+00,-6.094342170621369625e-01,-3.341885228979247557e+00,1.811718620628143128e+01,4.615490748847729030e+00,9.013586869030628890e+00,2.465076651203272906e+00,-1.862232362730402713e+00,-4.606763401831003080e+00,1.943424015608313571e+00,-5.161409453125420654e-01,-2.351757063368967948e+00,-2.218730432871255598e+00,7.208359201122101823e+00,1.685777550036640093e+00,8.227826298107296932e-01,-8.601619716313401165e-01,5.393941003491094399e+00,-4.653121243381047378e+00,9.451246541382902322e+00,-2.282207749802063645e+00,-2.536154420260849029e+00,2.476280278121115508e+00,-4.817561840683808327e-01,5.574474551214080309e-01,7.112049465330605447e-01,-1.999620088212539226e-01,8.607715202377621111e+00,-4.919181579443107744e+00,2.532551599739396586e-01
