# x_Ainv held_b1_THz held_b2_THz held_b3_THz held_b4_THz held_b5_THz held_b6_THz held_b7_THz held_b8_THz held_b9_THz held_b10_THz held_b11_THz held_b12_THz held_b13_THz held_b14_THz held_b15_THz held_b16_THz held_b17_THz held_b18_THz held_b19_THz held_b20_THz held_b21_THz held_b22_THz held_b23_THz held_b24_THz held_b25_THz held_b26_THz held_b27_THz held_b28_THz held_b29_THz held_b30_THz
0.000000000000e+00 -2.699216407185e+00 -1.971226767605e+00 -1.025806546365e+00 -8.191929360356e-01 -4.438896894057e-01 -4.402553244425e-01 1.351185311844e+00 3.289501621434e+00 3.422669661878e+00 4.180791375552e+00 5.394020266880e+00 6.035458070517e+00 6.931285751177e+00 7.201149078668e+00 8.984434357428e+00 9.735642012839e+00 1.097276058633e+01 1.218081559552e+01 1.218131203060e+01 1.298204262051e+01 1.308258524638e+01 1.363868476568e+01 1.460455941492e+01 1.507513560984e+01 1.667351820592e+01 1.829283402828e+01 1.855559583332e+01 2.045098430754e+01 2.521993039928e+01 2.525628191052e+01
1.221469459685e-02 -2.701424258642e+00 -1.971490165189e+00 -1.024740016854e+00 -8.586645019099e-01 -4.276417328422e-01 -3.310801524567e-01 1.354091917142e+00 3.290161729131e+00 3.423493929945e+00 4.180981174623e+00 5.394125217135e+00 6.035815982559e+00 6.931529102178e+00 7.201200039043e+00 8.984866942081e+00 9.735520277914e+00 1.097317128296e+01 1.218063369665e+01 1.218124155518e+01 1.298176976140e+01 1.308262034088e+01 1.363862938871e+01 1.460451767039e+01 1.507493326775e+01 1.667324241215e+01 1.829252697228e+01 1.855545742498e+01 2.045054353740e+01 2.521993905859e+01 2.525627245473e+01
2.442938919371e-02 -2.707992785041e+00 -1.972333237481e+00 -1.021299289634e+00 -9.313351717118e-01 -3.756825825208e-01 2.730915354627e-01 1.362763477682e+00 3.292142912409e+00 3.425966690104e+00 4.181551227107e+00 5.394440284204e+00 6.036889425447e+00 6.932258030665e+00 7.201354103781e+00 8.986164550102e+00 9.735157031968e+00 1.097440138344e+01 1.218008831991e+01 1.218103016135e+01 1.298095128113e+01 1.308272566242e+01 1.363846360170e+01 1.460439237235e+01 1.507432643511e+01 1.667241525979e+01 1.829160614387e+01 1.855504243369e+01 2.044922159757e+01 2.521996502124e+01 2.525624410000e+01
3.664408379056e-02 -2.718761845191e+00 -1.973906645687e+00 -1.014864739914e+00 -1.000692715566e+00 -2.716525803932e-01 5.470664945647e-01 1.377058383354e+00 3.295447739860e+00 3.430087697293e+00 4.182503503348e+00 5.394966118649e+00 6.038677503479e+00 6.933469172093e+00 7.201614828144e+00 8.988326739561e+00 9.734558118794e+00 1.097644495103e+01 1.217918042543e+01 1.218067794723e+01 1.297958747061e+01 1.308290132400e+01 1.363818843490e+01 1.460418332846e+01 1.507331569335e+01 1.667103743567e+01 1.829007256209e+01 1.855435156039e+01 2.044701960010e+01 2.522000824149e+01 2.525619688414e+01
4.885877838741e-02 -2.733480055886e+00 -1.976434336974e+00 -1.058756094427e+00 -1.004664977123e+00 1.284425546401e-01 7.394688441261e-01 1.396750823290e+00 3.300080452274e+00 3.435856171200e+00 4.183841302291e+00 5.395703810217e+00 6.041178670554e+00 6.935156948760e+00 7.201988152240e+00 8.991352760254e+00 9.733733170276e+00 1.097929219478e+01 1.217791161491e+01 1.218018507949e+01 1.297767881365e+01 1.308314751002e+01 1.363780560068e+01 1.460389022151e+01 1.507190201323e+01 1.666911008469e+01 1.828792792612e+01 1.855338597265e+01 2.044393939949e+01 2.522006864318e+01 2.525613087013e+01
6.107347298427e-02 -2.751825033229e+00 -1.980172063803e+00 -1.104208947430e+00 -9.899751503176e-01 3.563025018207e-01 9.005765805256e-01 1.421545065630e+00 3.306046901145e+00 3.443270254641e+00 4.185569273927e+00 5.396654896120e+00 6.044390650453e+00 6.937313614240e+00 7.202482422738e+00 8.995241533394e+00 9.732695448973e+00 1.098292962082e+01 1.217628413385e+01 1.217955179795e+01 1.297522598547e+01 1.308346447054e+01 1.363731748640e+01 1.460351261443e+01 1.507008675744e+01 1.666663480999e+01 1.828517461652e+01 1.855214730359e+01 2.043998359432e+01 2.522014611996e+01 2.525604614599e+01
7.328816758112e-02 -2.773426632003e+00 -1.985351744472e+00 -1.137031919487e+00 -9.702127729909e-01 5.049493045430e-01 1.043553727673e+00 1.451093606596e+00 3.313354460166e+00 3.452326287917e+00 4.187693450447e+00 5.397821372679e+00 6.048310325609e+00 6.939929314816e+00 7.203108422672e+00 8.999991623549e+00 9.731461635867e+00 1.098734023587e+01 1.217430087463e+01 1.217877842217e+01 1.297222985070e+01 1.308385251315e+01 1.363672714447e+01 1.460304995726e+01 1.506787168418e+01 1.666361367325e+01 1.828181569690e+01 1.855063765051e+01 2.043515552944e+01 2.522024053555e+01 2.525594282463e+01
8.550286217797e-02 -2.797889906403e+00 -1.992121058245e+00 -1.157456988063e+00 -9.449450759924e-01 6.311125699312e-01 1.174260969053e+00 1.485017747559e+00 3.322011907198e+00 3.463017932279e+00 4.190221285825e+00 5.399205710436e+00 6.052933594846e+00 6.942992167178e+00 7.203879408666e+00 9.005601203193e+00 9.730051570762e+00 1.099250379561e+01 1.217196538027e+01 1.217786535978e+01 1.296869146088e+01 1.308431199259e+01 1.363603827965e+01 1.460250159596e+01 1.506525895180e+01 1.666004919508e+01 1.827785491608e+01 1.854885957297e+01 2.042945929890e+01 2.522035172399e+01 2.525582104363e+01
9.771755677482e-02 -2.824815296845e+00 -2.000494110008e+00 -1.165766785692e+00 -9.138486147043e-01 7.449985736881e-01 1.295898314754e+00 1.522929121486e+00 3.332029273355e+00 3.475335185238e+00 4.193161703405e+00 5.400810872788e+00 6.058255200893e+00 6.946488351430e+00 7.204811154662e+00 9.012068010323e+00 9.728487954001e+00 1.099839708914e+01 1.216928184890e+01 1.217681311674e+01 1.296461205171e+01 1.308484329817e+01 1.363525523349e+01 1.460186678312e+01 1.506225112443e+01 1.665594435545e+01 1.827329671067e+01 1.854681609060e+01 2.042289974944e+01 2.522047949011e+01 2.525568096504e+01
1.099322513717e-01 -2.853814623091e+00 -2.010329367742e+00 -1.162256521792e+00 -8.766498123405e-01 8.505968039616e-01 1.410424164613e+00 1.564450714543e+00 3.343417654935e+00 3.489263339379e+00 4.196525150915e+00 5.402640338228e+00 6.064268528854e+00 6.950402218270e+00 7.205922000866e+00 9.019389299718e+00 9.726796018892e+00 1.100499425009e+01 1.216625513877e+01 1.217562230950e+01 1.295999303991e+01 1.308544683898e+01 1.363438296604e+01 1.460114469039e+01 1.505885117851e+01 1.665130259425e+01 1.826814620807e+01 1.854451068044e+01 2.041548248464e+01 2.522062360995e+01 2.525552277509e+01
1.221469459685e-01 -2.884522474049e+00 -2.021342128966e+00 -1.147201595074e+00 -8.330566202843e-01 9.499404747655e-01 1.519128383264e+00 1.609235944411e+00 3.356188982901e+00 3.504781943780e+00 4.200323662117e+00 5.404698126248e+00 6.070965377391e+00 6.954716409065e+00 7.207232906228e+00 9.027561788508e+00 9.725003184368e+00 1.101226708472e+01 1.216289077371e+01 1.217429367900e+01 1.295483602016e+01 1.308612302698e+01 1.363342703489e+01 1.460033442252e+01 1.505506251046e+01 1.664612781186e+01 1.826240922995e+01 1.854194727388e+01 2.040721386969e+01 2.522078383127e+01 2.525534668387e+01
1.343616405654e-01 -2.916603319536e+00 -2.033144928333e+00 -1.120796505790e+00 -7.826768684000e-01 1.044218594795e+00 1.622904597707e+00 1.656984337192e+00 3.370355743487e+00 3.521863831883e+00 4.204570924051e+00 5.406988826942e+00 6.078335705127e+00 6.959411987343e+00 7.208767502242e+00 9.036581596804e+00 9.723138697093e+00 1.102018540778e+01 1.215919494877e+01 1.217282810656e+01 1.294914276189e+01 1.308687225802e+01 1.363239357140e+01 1.459943503304e+01 1.505088894506e+01 1.664042436984e+01 1.825609229604e+01 1.853913025328e+01 2.039810103670e+01 2.522095987415e+01 2.525515292495e+01
1.465763351622e-01 -2.949755077829e+00 -2.045299750649e+00 -1.083064301312e+00 -7.249046986754e-01 1.134175577865e+00 1.707452310132e+00 1.722394529791e+00 3.385930642389e+00 3.540474280780e+00 4.209282348528e+00 5.409517634284e+00 6.086367355672e+00 6.964468580158e+00 7.210552145193e+00 9.046444184228e+00 9.721233271436e+00 1.102871737748e+01 1.215517453615e+01 1.217122663162e+01 1.294291520635e+01 1.308769489091e+01 1.363128925434e+01 1.459844554132e+01 1.504633474494e+01 1.663419709167e+01 1.824920262826e+01 1.853606444818e+01 2.038815189069e+01 2.522115143161e+01 2.525494175502e+01
1.587910297591e-01 -2.983710008458e+00 -2.057365873782e+00 -1.033736697329e+00 -6.587312460724e-01 1.220286553472e+00 1.760457586417e+00 1.818070859088e+00 3.402926203728e+00 3.560570363361e+00 4.214475146145e+00 5.412290383018e+00 6.095045765852e+00 6.969864527622e+00 7.212615963228e+00 9.057144283291e+00 9.719318734724e+00 1.103782982205e+01 1.215083709085e+01 1.216949047148e+01 1.293615546402e+01 1.308859122462e+01 1.363012128098e+01 1.459736495105e+01 1.504140462078e+01 1.662745126356e+01 1.824174815526e+01 1.853275513113e+01 2.037737511612e+01 2.522135817034e+01 2.525471345343e+01
1.710057243559e-01 -3.018233755816e+00 -2.068933990420e+00 -9.720857608184e-01 -5.823680676489e-01 1.302849501596e+00 1.815875975432e+00 1.910287821889e+00 3.421354293926e+00 3.582100546220e+00 4.220168400676e+00 5.415313588989e+00 6.104353663079e+00 6.975577038844e+00 7.214990893678e+00 9.068675830576e+00 9.717427683904e+00 1.104748855158e+01 1.214619085624e+01 1.216762104281e+01 1.292886581247e+01 1.308956147362e+01 1.362889733547e+01 1.459619226986e+01 1.503610374238e+01 1.662019263535e+01 1.823373751714e+01 1.852920801318e+01 2.036578018399e+01 2.522157973143e+01 2.525446832171e+01
1.832204189528e-01 -3.053123234019e+00 -2.079644915863e+00 -8.966452587741e-01 -4.923390434393e-01 1.382044632605e+00 1.873629861252e+00 1.999313687611e+00 3.441225559635e+00 3.605004572731e+00 4.226383141236e+00 5.418594492632e+00 6.114270759408e+00 6.981582352471e+00 7.217711704965e+00 9.081031896811e+00 9.715593158406e+00 1.105765865003e+01 1.214124476900e+01 1.216561998518e+01 1.292104869488e+01 1.309060574170e+01 1.362762555490e+01 1.459492653018e+01 1.503043775049e+01 1.661242742140e+01 1.822518007045e+01 1.852542923906e+01 2.035337735943e+01 2.522181573115e+01 2.525420668309e+01
1.954351135496e-01 -3.088203880880e+00 -2.089195882058e+00 -8.046545616959e-01 -3.805990130069e-01 1.457980884076e+00 1.933668985047e+00 2.085352498702e+00 3.462548768346e+00 3.629213653148e+00 4.233142409088e+00 5.422141105203e+00 6.124773451669e+00 6.987855899965e+00 7.220815996246e+00 9.094204616896e+00 9.713848332651e+00 1.106830474379e+01 1.213600846341e+01 1.216348918637e+01 1.291270671944e+01 1.309172399421e+01 1.362631449274e+01 1.459356681103e+01 1.502441276925e+01 1.660416230170e+01 1.821608589335e+01 1.852142538200e+01 2.034017770991e+01 2.522206576183e+01 2.525392888193e+01
2.076498081465e-01 -3.123326655945e+00 -2.097338811070e+00 -6.907114391728e-01 -2.183117795625e-01 1.530736380062e+00 1.995946011291e+00 2.168559175545e+00 3.485330040435e+00 3.654650963606e+00 4.240471315523e+00 5.425962257147e+00 6.135834539010e+00 6.994372469777e+00 7.224344166533e+00 9.108185121018e+00 9.712226230365e+00 1.107939124425e+01 1.213049227469e+01 1.216123080973e+01 1.290384265969e+01 1.309291602900e+01 1.362497308006e+01 1.459211226074e+01 1.501803541930e+01 1.659540442290e+01 1.820646579092e+01 1.851720343824e+01 2.032619311386e+01 2.522232939276e+01 2.525363528314e+01
2.198645027434e-01 -3.158365031006e+00 -2.103874398900e+00 -5.425060024709e-01 2.193830723675e-01 1.600392921533e+00 2.060391438536e+00 2.249050383257e+00 3.509571962500e+00 3.681232435273e+00 4.248397086817e+00 5.430067647779e+00 6.147422971332e+00 7.001106370602e+00 7.228339343651e+00 9.122963467962e+00 9.710759461731e+00 1.109088256297e+01 1.212470724102e+01 1.215884732337e+01 1.289445945601e+01 1.309418144618e+01 1.362361058431e+01 1.459056212046e+01 1.501131283133e+01 1.658616139955e+01 1.819633130046e+01 1.851277082128e+01 2.031143626975e+01 2.522260617108e+01 2.525332627163e+01
2.320791973402e-01 -3.193212125328e+00 -2.108644645380e+00 -3.170678444231e-01 3.762128299046e-01 1.667061294619e+00 2.126893559152e+00 2.326912623035e+00 3.535272574444e+00 3.708867796088e+00 4.256949092051e+00 5.434467895186e+00 6.159503644125e+00 7.008031591943e+00 7.232847261986e+00 9.138528581731e+00 9.709479983407e+00 1.110274329914e+01 1.211866510412e+01 1.215634153132e+01 1.288456021840e+01 1.309551961703e+01 1.362223656600e+01 1.458891574842e+01 1.500425266001e+01 1.657644131537e+01 1.818569469687e+01 1.850813535579e+01 2.029592070565e+01 2.522289562276e+01 2.525300225157e+01
2.442938919371e-01 -3.227778069115e+00 -2.111525361114e+00 3.209363353502e-01 4.813312811614e-01 1.730894067003e+00 2.195288276059e+00 2.402208473535e+00 3.562424227134e+00 3.737461812158e+00 4.266158849668e+00 5.439174584957e+00 6.172037257132e+00 7.015121960313e+00 7.237916076690e+00 9.154868192552e+00 9.708418880630e+00 1.111493839949e+01 1.211237830801e+01 1.215371660658e+01 1.287414823070e+01 1.309692965213e+01 1.362086083314e+01 1.458717264471e+01 1.499686309811e+01 1.656625272469e+01 1.817456899781e+01 1.850330527134e+01 2.027966078910e+01 2.522319725362e+01 2.525266364582e+01
2.565085865339e-01 -3.261987632423e+00 -2.112419398645e+00 5.613557550948e-01 5.637186692193e-01 1.792085068629e+00 2.265360562667e+00 2.474981584680e+00 3.591012314122e+00 3.766915665640e+00 4.276060009161e+00 5.444200315959e+00 6.184980255741e+00 7.022351289499e+00 7.243596101149e+00 9.171968783260e+00 9.707606170017e+00 1.112743329183e+01 1.210585999568e+01 1.215097612612e+01 1.286322695639e+01 1.309841036911e+01 1.361949339364e+01 1.458533247661e+01 1.498915289077e+01 1.655560465401e+01 1.816296796878e+01 1.849828919586e+01 2.026267173734e+01 2.522351055034e+01 2.525231089519e+01
2.687232811308e-01 -3.295778127079e+00 -2.111250879367e+00 6.317886779442e-01 7.312651191883e-01 1.850858241181e+00 2.336855601089e+00 2.545260822687e+00 3.621013889828e+00 3.797128401301e+00 4.286688305546e+00 5.449558740967e+00 6.198284874787e+00 7.029693523456e+00 7.249939454126e+00 9.189815542014e+00 9.707070621181e+00 1.114019399329e+01 1.209912400324e+01 1.214812410780e+01 1.285180004606e+01 1.309996026024e+01 1.361814440583e+01 1.458339510436e+01 1.498113134957e+01 1.654450660372e+01 1.815090612783e+01 1.849309614883e+01 2.024496962784e+01 2.522383498152e+01 2.525194445773e+01
2.809379757276e-01 -3.329097571483e+00 -2.107960433522e+00 6.893815610942e-01 8.722840484969e-01 1.907450899191e+00 2.409495106612e+00 2.613063830280e+00 3.652396197639e+00 3.827998374931e+00 4.298081486299e+00 5.455264599461e+00 6.211899304245e+00 7.037122870544e+00 7.256999603555e+00 9.208392322157e+00 9.706839595011e+00 1.115318719527e+01 1.209218485147e+01 1.214516504918e+01 1.283987134678e+01 1.310157746026e+01 1.361682412701e+01 1.458136060720e+01 1.497280836632e+01 1.653296855005e+01 1.813839874992e+01 1.848773553438e+01 2.022657140899e+01 2.522416999874e+01 2.525156480798e+01
2.931526703245e-01 -3.361903098472e+00 -2.102501353360e+00 7.386412306854e-01 9.962800365843e-01 1.962096606053e+00 2.482994046936e+00 2.678400172044e+00 3.685115143600e+00 3.859424642521e+00 4.310279213633e+00 5.461333739378e+00 6.225767994624e+00 7.044613927988e+00 7.264830795685e+00 9.227681609946e+00 9.706938896267e+00 1.116638032658e+01 1.208505773413e+01 1.214210396817e+01 1.282744491329e+01 1.310325971474e+01 1.361554286033e+01 1.457922930965e+01 1.496419442618e+01 1.652100094730e+01 1.812546187069e+01 1.848221713413e+01 2.020749491094e+01 2.522451503767e+01 2.525117243622e+01
3.053673649213e-01 -3.394159582074e+00 -2.094836518449e+00 7.809219888553e-01 1.108582911995e+00 2.015011292832e+00 2.557074407294e+00 2.741274166416e+00 3.719113763394e+00 3.891308238472e+00 4.323322949121e+00 5.467783124021e+00 6.239832116570e+00 7.052141795651e+00 7.273487361517e+00 9.247664500710e+00 9.707392638118e+00 1.117974159704e+01 1.207775850299e+01 1.213894644559e+01 1.281452502142e+01 1.310500434944e+01 1.361431090005e+01 1.457700180800e+01 1.495530062004e+01 1.650861473031e+01 1.811211228968e+01 1.847655109990e+01 2.018775885658e+01 2.522486951917e+01 2.525076784766e+01
3.175820595182e-01 -3.425838457803e+00 -2.084935949300e+00 8.171577902199e-01 1.212109902682e+00 2.066384158819e+00 2.631474614278e+00 2.801687455119e+00 3.754320740140e+00 3.923553302534e+00 4.337255832761e+00 5.474630819729e+00 6.254030183714e+00 7.059682178353e+00 7.283022897511e+00 9.268320683874e+00 9.708223116264e+00 1.119324002307e+01 1.207030364890e+01 1.213569866941e+01 1.280111618352e+01 1.310680824106e+01 1.361313847526e+01 1.457467899676e+01 1.494613865564e+01 1.649582131731e+01 1.809836757263e+01 1.847074794630e+01 2.016738287238e+01 2.522523285041e+01 2.525035156169e+01
3.297967541150e-01 -3.456916711957e+00 -2.072774859231e+00 8.480375655446e-01 1.308656151906e+00 2.116373256926e+00 2.705954754600e+00 2.859641324262e+00 3.790649036192e+00 3.956068027414e+00 4.352122573675e+00 5.481895959299e+00 6.268298840311e+00 7.067211476219e+00 7.293489324518e+00 9.289628437100e+00 9.709450690437e+00 1.120684543750e+01 1.206271027888e+01 1.213236748066e+01 1.278722316633e+01 1.310866778991e+01 1.361203569225e+01 1.457226209509e+01 1.493672086718e+01 1.648263261328e+01 1.808424605291e+01 1.846481854319e+01 2.014638749919e+01 2.522560442600e+01 2.524992411100e+01
3.420114487119e-01 -3.487376017194e+00 -2.058332093612e+00 8.740973758048e-01 1.399418142462e+00 2.165104803994e+00 2.780298500581e+00 2.915138767698e+00 3.827994702571e+00 3.988765410835e+00 4.367969373336e+00 5.489598675640e+00 6.282573805506e+00 7.074706862686e+00 7.304935837620e+00 9.311564629653e+00 9.711093671250e+00 1.122052848500e+01 1.205499608859e+01 1.212896042084e+01 1.277285101121e+01 1.311057889502e+01 1.361101247571e+01 1.456975267305e+01 1.492706022295e+01 1.646906101377e+01 1.806976683180e+01 1.845877410798e+01 2.012479420278e+01 2.522598362911e+01 2.524948604077e+01
3.542261433087e-01 -3.517201993931e+00 -2.041588864625e+00 8.957724138749e-01 1.485242311779e+00 2.212675026564e+00 2.854312827259e+00 2.968186271632e+00 3.866235925794e+00 4.021563806399e+00 4.384843901809e+00 5.497759999644e+00 6.296790954821e+00 7.082146350028e+00 7.317407769783e+00 9.334104734912e+00 9.713168210591e+00 1.123426060508e+01 1.204717932995e+01 1.212548578066e+01 1.275800505695e+01 1.311253693228e+01 1.361007850886e+01 1.456715267750e+01 1.491717033074e+01 1.645511940927e+01 1.805494977746e+01 1.845262619794e+01 2.010262538403e+01 2.522636983262e+01 2.524903790783e+01
3.664408379056e-01 -3.546383579544e+00 -2.022527706285e+00 9.134279000449e-01 1.566756583648e+00 2.259153479031e+00 2.927826454371e+00 3.018795298793e+00 3.905232367604e+00 4.054387276572e+00 4.402795338854e+00 5.506401716070e+00 6.310887507337e+00 7.089508842390e+00 7.330945403029e+00 9.357222851790e+00 9.715688194072e+00 1.124801400404e+01 1.203927877358e+01 1.212195264971e+01 1.274269096537e+01 1.311453673619e+01 1.360924317271e+01 1.456446445759e+01 1.490706544021e+01 1.644082119050e+01 1.803981552239e+01 1.844638670228e+01 2.007990438864e+01 2.522676240024e+01 2.524858027978e+01
3.786555325024e-01 -3.574912489709e+00 -2.001131587760e+00 9.273781751294e-01 1.644445631476e+00 2.304587027988e+00 3.000687690284e+00 3.066983457930e+00 3.944824855883e+00 4.087165758015e+00 4.421874469151e+00 5.515546171228e+00 6.324803275268e+00 7.096774176528e+00 7.345582771129e+00 9.380891734655e+00 9.718665134325e+00 1.126176161744e+01 1.203131366554e+01 1.211837096674e+01 1.272691474972e+01 1.311657258600e+01 1.360851548471e+01 1.456169078950e+01 1.489676044202e+01 1.642618025428e+01 1.802438545925e+01 1.844006783423e+01 2.005665551625e+01 2.522716068764e+01 2.524811373416e+01
3.908702270993e-01 -3.602782758352e+00 -1.977383133065e+00 9.378988923448e-01 1.718696563998e+00 2.349003956895e+00 3.072762113291e+00 3.112775356352e+00 3.984835504768e+00 4.119835054687e+00 4.442133777788e+00 5.525216026708e+00 6.338481922670e+00 7.103923150561e+00 7.361346506281e+00 9.405082831199e+00 9.722108064313e+00 1.127547706447e+01 1.202330367818e+01 1.211475157010e+01 1.271068280637e+01 1.311863819686e+01 1.360790403696e+01 1.455883490041e+01 1.488627086300e+01 1.641121101062e+01 1.800868173472e+01 1.843368212291e+01 2.003290402875e+01 2.522756404359e+01 2.524763885750e+01
4.030849216962e-01 -3.629990344694e+00 -1.951263902072e+00 9.452350429220e-01 1.789827939718e+00 2.392417857482e+00 3.143930341404e+00 3.156203145572e+00 4.025068388375e+00 4.152336677512e+00 4.463627422720e+00 5.535433954389e+00 6.351872173442e+00 7.110937541181e+00 7.378254787224e+00 9.429766327552e+00 9.726023430178e+00 1.128913459560e+01 1.201526885459e+01 1.211110624742e+01 1.269400194971e+01 1.312072671686e+01 1.360741693422e+01 1.455590049127e+01 1.487561285669e+01 1.639592839073e+01 1.799272724119e+01 1.842724240514e+01 2.000867615768e+01 2.522797181104e+01 2.524715624454e+01
4.152996162930e-01 -3.656532797550e+00 -1.922753691750e+00 9.496064077802e-01 1.858108843741e+00 2.434831128605e+00 3.197306779526e+00 3.214086017541e+00 4.065310969232e+00 4.184617551469e+00 4.486410864799e+00 5.546222269548e+00 6.364928906832e+00 7.117800109854e+00 7.396316446639e+00 9.454911199799e+00 9.730414983553e+00 1.130270903504e+01 1.200722954649e+01 1.210744778385e+01 1.267687945079e+01 1.312283073066e+01 1.360706173210e+01 1.455289175818e+01 1.486480318880e+01 1.638034785636e+01 1.797654560613e+01 1.842076181693e+01 1.998399911050e+01 2.522838332828e+01 2.524666649722e+01
4.275143108899e-01 -3.682408968552e+00 -1.891829817648e+00 9.512113900338e-01 1.923771764289e+00 2.476238006918e+00 3.236134009897e+00 3.283134060520e+00 4.105336578925e+00 4.216629611835e+00 4.510539825426e+00 5.557602501301e+00 6.377614082324e+00 7.124494598622e+00 7.415530290647e+00 9.480485270938e+00 9.735283673672e+00 1.131617571935e+01 1.199920634500e+01 1.210379000760e+01 1.265932308002e+01 1.312494227070e+01 1.360684537567e+01 1.454981341196e+01 1.485385921673e+01 1.636448541065e+01 1.796016117888e+01 1.841425378481e+01 1.995890107559e+01 2.522879792997e+01 2.524617022389e+01
4.397290054867e-01 -3.707618767255e+00 -1.858466333842e+00 9.502298115400e-01 1.987021453489e+00 2.516627118602e+00 3.272740144229e+00 3.350989188865e+00 4.144908329062e+00 4.248329311411e+00 4.536068151954e+00 5.569594902787e+00 6.389897444998e+00 7.131005716165e+00 7.435884672650e+00 9.506455272231e+00 9.740627540050e+00 1.132951043406e+01 1.199122000420e+01 1.210014783130e+01 1.264134115417e+01 1.312705283675e+01 1.360677413897e+01 1.454667069564e+01 1.484279886256e+01 1.634835761038e+01 1.794359901444e+01 1.840773201678e+01 1.993341122574e+01 2.522921494828e+01 2.524566803838e+01
4.519437000836e-01 -3.732162952152e+00 -1.822633144464e+00 9.468250332128e-01 2.048041107093e+00 2.555983578857e+00 3.307187591773e+00 3.417574702041e+00 4.183784828523e+00 4.279677059991e+00 4.563044166742e+00 5.582217907491e+00 6.401756976582e+00 7.137319114805e+00 7.457357348622e+00 9.532786907762e+00 9.746441606935e+00 1.134268934994e+01 1.198329135701e+01 1.209653728738e+01 1.262294258833e+01 1.312915342473e+01 1.360685356573e+01 1.454346939916e+01 1.483164057885e+01 1.633198158013e+01 1.792688485431e+01 1.840121049278e+01 1.990755971996e+01 2.522963371391e+01 2.524516055907e+01
4.641583946804e-01 -3.756042952598e+00 -1.784294950783e+00 9.411456215473e-01 2.106996710204e+00 2.594290684780e+00 3.339545221827e+00 3.482821493787e+00 4.221727908122e+00 4.310636616470e+00 4.591505244878e+00 5.595487542774e+00 6.413179074744e+00 7.143421359133e+00 7.479915622770e+00 9.559444920973e+00 9.752717781186e+00 1.135568896126e+01 1.197544122319e+01 1.209297555516e+01 1.260413695328e+01 1.313123456581e+01 1.360708841190e+01 1.454021587108e+01 1.482040330645e+01 1.631537502835e+01 1.791004510390e+01 1.839470345453e+01 1.988137770342e+01 2.523005355715e+01 2.524464840806e+01
4.763730892773e-01 -3.779260717367e+00 -1.743409963436e+00 9.333266984044e-01 2.164040104335e+00 2.631531254459e+00 3.369887561269e+00 3.546667269159e+00 4.258512134358e+00 4.341174452855e+00 4.621470778359e+00 5.609416816706e+00 6.424158461671e+00 7.149299886934e+00 7.503516773400e+00 9.586393161851e+00 9.759444755668e+00 1.136848602847e+01 1.196769030916e+01 1.208948097692e+01 1.258493453902e+01 1.313328637638e+01 1.360748259050e+01 1.453691702639e+01 1.480910642385e+01 1.629855626541e+01 1.789310680634e+01 1.838822539473e+01 1.985489730524e+01 2.523047380891e+01 2.524413221024e+01
4.885877838741e-01 -3.801818586272e+00 -1.699928287626e+00 9.234910575973e-01 2.219311149724e+00 2.667688665144e+00 3.398293862437e+00 3.609055937180e+00 4.293935253605e+00 4.371259108247e+00 4.652934317126e+00 5.624015099417e+00 6.434697840387e+00 7.154942963032e+00 7.528108731138e+00 9.613594653374e+00 9.766607920688e+00 1.138105752823e+01 1.196005909944e+01 1.208607305963e+01 1.256534642517e+01 1.313529862003e+01 1.360803911941e+01 1.453358034995e+01 1.479776968733e+01 1.628154422398e+01 1.787609761247e+01 1.838179104506e+01 1.982815163399e+01 2.523089380174e+01 2.524361259243e+01
5.008024784710e-01 -3.823719181819e+00 -1.653789856691e+00 9.117500981000e-01 2.272939240012e+00 2.702747639555e+00 3.424847078356e+00 3.669937152850e+00 4.327828041879e+00 4.400860549694e+00 4.685856335895e+00 5.639287524640e+00 6.444807331541e+00 7.160339626660e+00 7.553630967322e+00 9.641011655772e+00 9.774189286404e+00 1.139338061417e+01 1.195256773939e+01 1.208277245845e+01 1.254538455913e+01 1.313726078201e+01 1.360876007287e+01 1.453021389477e+01 1.478641316153e+01 1.626435848176e+01 1.785904574679e+01 1.837541536308e+01 1.980117477072e+01 2.523131287080e+01 2.524309018248e+01
5.130171730678e-01 -3.844965318313e+00 -1.604921740884e+00 8.982046022027e-01 2.325044348692e+00 2.736694823712e+00 3.449632787803e+00 3.729265984323e+00 4.360061691846e+00 4.429949555696e+00 4.720159413848e+00 5.655234440535e+00 6.454503733344e+00 7.165479632884e+00 7.580015540678e+00 9.668605727088e+00 9.782167419500e+00 1.140543259235e+01 1.194523590903e+01 1.207960093748e+01 1.252506184324e+01 1.313916215689e+01 1.360964653736e+01 1.452682627427e+01 1.477505714011e+01 1.624701928662e+01 1.784197996919e+01 1.836911351753e+01 1.977400175919e+01 2.523173035482e+01 2.524256560841e+01
5.252318676647e-01 -3.865559926244e+00 -1.553234584562e+00 8.829453728413e-01 2.375737733527e+00 2.769519193546e+00 3.472738115906e+00 3.787002683017e+00 4.390551166094e+00 4.458497137172e+00 4.755727315801e+00 5.671850940378e+00 6.463809652225e+00 7.170353388581e+00 7.607188245979e+00 9.696337778482e+00 9.790517397759e+00 1.141719091570e+01 1.193808268772e+01 1.207658130282e+01 1.250439223203e+01 1.314099194980e+01 1.361069857286e+01 1.452342664781e+01 1.476372205617e+01 1.622954758427e+01 1.782492953217e+01 1.836290087160e+01 1.974666859336e+01 2.523214559708e+01 2.524203949755e+01
5.374465622615e-01 -3.885505990108e+00 -1.498617811096e+00 8.660537344703e-01 2.425122387884e+00 2.801212321578e+00 3.494250695783e+00 3.843112535894e+00 4.419253903321e+00 4.486474009783e+00 4.792408510633e+00 5.689126502925e+00 6.472752552039e+00 7.174951883391e+00 7.635069808851e+00 9.724168122652e+00 9.799210786398e+00 1.142863320229e+01 1.193112640925e+01 1.207373730224e+01 1.248339084134e+01 1.314273939152e+01 1.361191518032e+01 1.452002469830e+01 1.475242838264e+01 1.621196504842e+01 1.780792413362e+01 1.835679296399e+01 1.971921220170e+01 2.523255794630e+01 2.524151247566e+01
5.496612568584e-01 -3.904806498061e+00 -1.440933054086e+00 8.476018940558e-01 2.473293301416e+00 2.831768529658e+00 3.514257712849e+00 3.897565780172e+00 4.446164495684e+00 4.513850130667e+00 4.830023442008e+00 5.707044768714e+00 6.481363765965e+00 7.179266616054e+00 7.663577075519e+00 9.752056513712e+00 9.808215640223e+00 1.143973728241e+01 1.192438450696e+01 1.207109348595e+01 1.246207407088e+01 1.314439386725e+01 1.361329427635e+01 1.451663060134e+01 1.474119652278e+01 1.619429411342e+01 1.779099386477e+01 1.835080548691e+01 1.969167042849e+01 2.523296675756e+01 2.524098516615e+01
5.618759514552e-01 -3.923464402070e+00 -1.380004978258e+00 8.276531514579e-01 2.520337573401e+00 2.861184949209e+00 3.532845066388e+00 3.950337561434e+00 4.471306891196e+00 4.540594311790e+00 4.868373947135e+00 5.725583472357e+00 6.489677508920e+00 7.183289516498e+00 7.692624153778e+00 9.779962176793e+00 9.817496535724e+00 1.145048127936e+01 1.191787334822e+01 1.206867502251e+01 1.244045974271e+01 1.314594505880e+01 1.361483267629e+01 1.451325498452e+01 1.473004669149e+01 1.617655800912e+01 1.777416915354e+01 1.834495426083e+01 1.966408201179e+01 2.523337139314e+01 2.524045818916e+01
5.740906460521e-01 -3.941482587388e+00 -1.315608153936e+00 8.062619402904e-01 2.566334408338e+00 2.889461506637e+00 3.550096674158e+00 4.001407916597e+00 4.494725946999e+00 4.566673921075e+00 4.907252967427e+00 5.744714542261e+00 6.497729920512e+00 7.187012864040e+00 7.722123470558e+00 9.807843825609e+00 9.827014637206e+00 1.146084372868e+01 1.191160805741e+01 1.206650746469e+01 1.241856725821e+01 1.314738309927e+01 1.361652608667e+01 1.450990887633e+01 1.471899878824e+01 1.615878079778e+01 1.775748070307e+01 1.833925520497e+01 1.963648655821e+01 2.523377122343e+01 2.523993216083e+01
5.863053406489e-01 -3.958863850335e+00 -1.247447768972e+00 7.834736698943e-01 2.611355013552e+00 2.916600848544e+00 3.566093936398e+00 4.050761763808e+00 4.516479805412e+00 4.592054681158e+00 4.946453070649e+00 5.764404368963e+00 6.505558160578e+00 7.190429202081e+00 7.751986721000e+00 9.835659666184e+00 9.836727800876e+00 1.147080373928e+01 1.190560232603e+01 1.206461646104e+01 1.239641777691e+01 1.314869873907e+01 1.361836910810e+01 1.450660364353e+01 1.470807226307e+01 1.614098741263e+01 1.774095942550e+01 1.833372430310e+01 1.960892451444e+01 2.523416562771e+01 2.523940769242e+01
5.985200352458e-01 -3.975610883521e+00 -1.175130335891e+00 7.593243245865e-01 2.655462411599e+00 2.942608218942e+00 3.580915366966e+00 4.098388882138e+00 4.536633905598e+00 4.616700573847e+00 4.985772984430e+00 5.784614232338e+00 6.513199571927e+00 7.193531249719e+00 7.782125692955e+00 9.846590720544e+00 9.863367384913e+00 1.148034119855e+01 1.189986820790e+01 1.206302741054e+01 1.237403442141e+01 1.314988352159e+01 1.362035524990e+01 1.450335091642e+01 1.469728597734e+01 1.612320369752e+01 1.772463637124e+01 1.832837756364e+01 1.958143713566e+01 2.523455399497e+01 2.523888538960e+01
6.107347298427e-01 -3.991726267740e+00 -1.098117371191e+00 7.338397553036e-01 2.698711175434e+00 2.967491298713e+00 3.594636392368e+00 4.144283865389e+00 4.555256817462e+00 4.640573855994e+00 5.025021986025e+00 5.805300867512e+00 6.520690918691e+00 7.196311810777e+00 7.812452958837e+00 9.856555118111e+00 9.890924119146e+00 1.148943702123e+01 1.189441589664e+01 1.206176506049e+01 1.235144251350e+01 1.315092996607e+01 1.362247695724e+01 1.450016250133e+01 1.468665806134e+01 1.610545644705e+01 1.770854265371e+01 1.832323097327e+01 1.955406645095e+01 2.523493572469e+01 2.523836585158e+01
6.229494244395e-01 -4.007212469834e+00 -1.015648356638e+00 7.070345671263e-01 2.741147090896e+00 2.991260016070e+00 3.607329314585e+00 4.188446036305e+00 4.572417674284e+00 4.663635189403e+00 5.064022418062e+00 5.826417140432e+00 6.528067703936e+00 7.198763680873e+00 7.842882433247e+00 9.866569981505e+00 9.918286408521e+00 1.149807343859e+01 1.188925348122e+01 1.206085305082e+01 1.232866984820e+01 1.315183175510e+01 1.362472565190e+01 1.449705028005e+01 1.467620577152e+01 1.608777344620e+01 1.769270936988e+01 1.831830044309e+01 1.952685522612e+01 2.523531022758e+01 2.523784967045e+01
6.351641190364e-01 -4.022071845961e+00 -9.266040604466e-01 6.789104572261e-01 2.782806748759e+00 3.013926335467e+00 3.619063431077e+00 4.230879310352e+00 4.588184805971e+00 4.685843883679e+00 5.102610784553e+00 5.847912797718e+00 6.535363566898e+00 7.200879553254e+00 7.873329799945e+00 9.876581851934e+00 9.945410125359e+00 1.150623432084e+01 1.188438667337e+01 1.206031341246e+01 1.230574701433e+01 1.315258392299e+01 1.362709178727e+01 1.449402609614e+01 1.466594535023e+01 1.607018350852e+01 1.767716751698e+01 1.831360174626e+01 1.949984692411e+01 2.523567692635e+01 2.523733743037e+01
6.473788136332e-01 -4.036306649681e+00 -8.292424098131e-01 6.494537798194e-01 2.823717066701e+00 3.035504031444e+00 3.629905304902e+00 4.271592001734e+00 4.602625167016e+00 4.707158246549e+00 5.140637893829e+00 5.869735252030e+00 6.542609758257e+00 7.202651924365e+00 7.903712815396e+00 9.886535161542e+00 9.972250382627e+00 1.151390552143e+01 1.187981849804e+01 1.206016603175e+01 1.228270777291e+01 1.315318304135e+01 1.362956491814e+01 1.449110162849e+01 1.465589189151e+01 1.605271651150e+01 1.766194790562e+01 1.830915044607e+01 1.947308566359e+01 2.523603525637e+01 2.523682970689e+01
6.595935082301e-01 -4.049919044406e+00 -7.206237621145e-01 6.186319865279e-01 2.863894739986e+00 3.056008452960e+00 3.639919179276e+00 4.310596568458e+00 4.615804229116e+00 4.727536031472e+00 5.177968438893e+00 5.891830364153e+00 6.549834690922e+00 7.204073000240e+00 7.933951498650e+00 9.896372621515e+00 9.998761418237e+00 1.152107522777e+01 1.187554893439e+01 1.206042809805e+01 1.225958950820e+01 1.315362739700e+01 1.363213378556e+01 1.448828825305e+01 1.464605921656e+01 1.603540342754e+01 1.764708106987e+01 1.830496181339e+01 1.944661617624e+01 2.523632706621e+01 2.523638466639e+01
6.718082028269e-01 -4.062911119733e+00 -5.951169149593e-01 5.863883720808e-01 2.903345617986e+00 3.075456283045e+00 3.649167533577e+00 4.347909297704e+00 4.627786106864e+00 4.746934967604e+00 5.214480302487e+00 5.914143185904e+00 6.557063563728e+00 7.205134605123e+00 7.963968218852e+00 9.906035659649e+00 1.002489645483e+01 1.152773429878e+01 1.187157448896e+01 1.206111355570e+01 1.223643377172e+01 1.315391715743e+01 1.363478641648e+01 1.448559689402e+01 1.463645976299e+01 1.601827634884e+01 1.763259717483e+01 1.830105073235e+01 1.942048376343e+01 2.523583006455e+01 2.523672461917e+01
6.840228974238e-01 -4.075284911267e+00 -4.391203908114e-01 5.526341671611e-01 2.942064001970e+00 3.093865297882e+00 3.657711781258e+00 4.383549937125e+00 4.638633773033e+00 4.765313352830e+00 5.250063777921e+00 5.936618633452e+00 6.564318055684e+00 7.205828093885e+00 7.993687692418e+00 9.915464905209e+00 1.005060753480e+01 1.153387656733e+01 1.186788767541e+01 1.206223258537e+01 1.221328694629e+01 1.315405451821e+01 1.363751023772e+01 1.448303786678e+01 1.462710449180e+01 1.600136850412e+01 1.761852592226e+01 1.829743159316e+01 1.939473425292e+01 2.523533924742e+01 2.523705459214e+01
6.962375920206e-01 -4.087042423535e+00 -1.893533683964e-01 5.172362962444e-01 2.980031857962e+00 3.111254128801e+00 3.665613113607e+00 4.417541281669e+00 4.648409285959e+00 4.782630687018e+00 5.284620820243e+00 5.959202068035e+00 6.571616088935e+00 7.206144270117e+00 8.023036902210e+00 9.924600717667e+00 1.007584533109e+01 1.153949908442e+01 1.186447636406e+01 1.206379114131e+01 1.219020106761e+01 1.315404382660e+01 1.364029220307e+01 1.448062071515e+01 1.461800281629e+01 1.598471426476e+01 1.760489645483e+01 1.829411817123e+01 1.936941395647e+01 2.523485514903e+01 2.523737407800e+01
7.084522866175e-01 -4.098185655637e+00 3.408898480394e-01 4.799976870269e-01 3.017217937599e+00 3.127642030080e+00 3.672933495837e+00 4.449908728636e+00 4.657173994851e+00 4.798848320385e+00 5.318064387110e+00 5.981839769445e+00 6.578971659045e+00 7.206073311985e+00 8.051944950835e+00 9.933383754687e+00 1.010055893533e+01 1.154460228308e+01 1.186132294975e+01 1.206579057083e+01 1.216723485476e+01 1.315389167567e+01 1.364311893201e+01 1.447835404669e+01 1.460916255663e+01 1.596834913795e+01 1.759173725984e+01 1.829112349169e+01 1.934456962920e+01 2.523437829165e+01 2.523768258533e+01
7.206669812143e-01 -4.108716629287e+00 4.406239805383e-01 5.126740307201e-01 3.053576801055e+00 3.143048654884e+00 3.679736822004e+00 4.480679815701e+00 4.664988714126e+00 4.813930091068e+00 5.350317891340e+00 6.004479296416e+00 6.586394731378e+00 7.205604708159e+00 8.080342859863e+00 9.941755573454e+00 1.012469562625e+01 1.154919004371e+01 1.185840326583e+01 1.206822733952e+01 1.214445501982e+01 1.315360696287e+01 1.364597685774e+01 1.447624537032e+01 1.460058992367e+01 1.595230974394e+01 1.757907607306e+01 1.828845967873e+01 1.932024843134e+01 2.523390918499e+01 2.523797963911e+01
7.328816758112e-01 -4.118637418913e+00 3.986634461919e-01 6.352478706036e-01 3.089047741609e+00 3.157493841160e+00 3.686090230391e+00 4.509883757386e+00 4.671913870235e+00 4.827842926939e+00 5.381314763082e+00 6.027069736317e+00 6.593891202311e+00 7.204727206330e+00 8.108163326213e+00 9.949659258228e+00 1.014820062317e+01 1.155326964829e+01 1.185568514611e+01 1.207109288070e+01 1.212193795160e+01 1.315320090754e+01 1.364885238193e+01 1.447430094133e+01 1.459228953494e+01 1.593663377458e+01 1.756693978346e+01 1.828613778964e+01 1.929649789324e+01 2.523344832566e+01 2.523826478132e+01
7.450963704080e-01 -4.127950183517e+00 3.533885753121e-01 7.333899965009e-01 3.123553625125e+00 3.170997408851e+00 3.692065567435e+00 4.537550994981e+00 4.678009628704e+00 4.840557389182e+00 5.410998104849e+00 6.049561853830e+00 6.601462923507e+00 7.203428776941e+00 8.135340446393e+00 9.957040065894e+00 1.017101683144e+01 1.155685161871e+01 1.185312650573e+01 1.207437358055e+01 1.209977189647e+01 1.315268702223e+01 1.365173203280e+01 1.447252561957e+01 1.458426446512e+01 1.592135992980e+01 1.755535433955e+01 1.828416763359e+01 1.927336588395e+01 2.523299619659e+01 2.523853757143e+01
7.573110650049e-01 -4.136657199981e+00 3.035320433357e-01 8.157024225380e-01 3.156999685599e+00 3.183578969337e+00 3.697740960213e+00 4.563712773228e+00 4.683336008564e+00 4.852048139153e+00 5.439320414542e+00 6.071908153912e+00 6.609107786705e+00 7.201696594848e+00 8.161809418687e+00 9.963846080215e+00 1.019308458962e+01 1.155994944264e+01 1.185067278528e+01 1.207805090264e+01 1.207805978363e+01 1.315208103311e+01 1.365460262296e+01 1.447092274705e+01 1.457651633227e+01 1.590652782929e+01 1.754434465822e+01 1.828255757614e+01 1.925090058379e+01 2.523255326647e+01 2.523879758693e+01
7.695257596017e-01 -4.144760897534e+00 2.465759482364e-01 8.863837198204e-01 3.189272368387e+00 3.195257747651e+00 3.703202406651e+00 4.588400754594e+00 4.687952988314e+00 4.862294314954e+00 5.466243347939e+00 6.094062878128e+00 6.616819865414e+00 7.199517041620e+00 8.187506232888e+00 9.970028864629e+00 1.021434143122e+01 1.156257919907e+01 1.184825360517e+01 1.205692283545e+01 1.208210164722e+01 1.315140074598e+01 1.365745140291e+01 1.446949405167e+01 1.456904542030e+01 1.589217789597e+01 1.753393453680e+01 1.828131433083e+01 1.922915046039e+01 2.523211998931e+01 2.523904442376e+01
7.817404541986e-01 -4.152263893093e+00 1.760777905385e-01 9.478509467472e-01 3.206052417699e+00 3.220238396433e+00 3.708545208797e+00 4.611646678843e+00 4.691920603512e+00 4.871279809798e+00 5.491737491880e+00 6.115981955064e+00 6.624589608655e+00 7.196875731102e+00 8.212367356676e+00 9.975544102699e+00 1.023472187794e+01 1.156475910254e+01 1.184577857443e+01 1.203650500294e+01 1.208649833391e+01 1.315066585530e+01 1.366026620606e+01 1.446823958356e+01 1.456185083680e+01 1.587835120868e+01 1.752414656895e+01 1.828044274044e+01 1.920816424764e+01 2.523169680387e+01 2.523927769683e+01
7.939551487955e-01 -4.159169027199e+00 5.340752011143e-02 1.001641921572e+00 3.215980950406e+00 3.249744361669e+00 3.713874947715e+00 4.633482072279e+00 4.695299031672e+00 4.878993449936e+00 5.515782121529e+00 6.137622925064e+00 6.632404080610e+00 7.193757560722e+00 8.236329427434e+00 9.980352214776e+00 1.025415728539e+01 1.156650899025e+01 1.184313253865e+01 1.201697792096e+01 1.209120969050e+01 1.314989769494e+01 1.366303558118e+01 1.446715769054e+01 1.455493070453e+01 1.586508932149e+01 1.751500206524e+01 1.827994555144e+01 1.918799092560e+01 2.523128413325e+01 2.523949704041e+01
8.061698433923e-01 -4.165479400278e+00 -1.534595865510e-01 1.048803273549e+00 3.225060474541e+00 3.277617315851e+00 3.719307527203e+00 4.653938007712e+00 4.698148655934e+00 4.885429075435e+00 5.538364919209e+00 6.158944857177e+00 6.640247238871e+00 7.190146790762e+00 8.259328958070e+00 9.984418939120e+00 1.027257576692e+01 1.156784977903e+01 1.184017142281e+01 1.199854520205e+01 1.209620122762e+01 1.314911893112e+01 1.366574890822e+01 1.446624503844e+01 1.454828238326e+01 1.585243404791e+01 1.750652097895e+01 1.827982318644e+01 1.916867969895e+01 2.523088238442e+01 2.523970210859e+01
8.183845379892e-01 -4.171198408955e+00 -2.193296935550e-01 1.090082541831e+00 3.233307149752e+00 3.303667030595e+00 3.724967619313e+00 4.673044913026e+00 4.700530095041e+00 4.890585532037e+00 5.559481637660e+00 6.179908272330e+00 6.648100242918e+00 7.186027153519e+00 8.281302065328e+00 9.987715865551e+00 1.028990222563e+01 1.156880291896e+01 1.183672163812e+01 1.198144306990e+01 1.210143587716e+01 1.314835319951e+01 1.366839649424e+01 1.446549668073e+01 1.454190271794e+01 1.584042720874e+01 1.749872183765e+01 1.828007352108e+01 1.915027997000e+01 2.523049194784e+01 2.523989257563e+01
8.305992325860e-01 -4.176329782159e+00 -2.659370313515e-01 1.126033028303e+00 3.240736051266e+00 3.327690745816e+00 3.730984697013e+00 4.690832423373e+00 4.702504183748e+00 4.894466586610e+00 5.579135696676e+00 6.200475081873e+00 6.655941783816e+00 7.181381993965e+00 8.302184229168e+00 9.990220909779e+00 1.030605852875e+01 1.156938986864e+01 1.183258889302e+01 1.196593145782e+01 1.210687467335e+01 1.314762469062e+01 1.367096964658e+01 1.446490618072e+01 1.453578830777e+01 1.582911034370e+01 1.749162168105e+01 1.828069167339e+01 1.913284130085e+01 2.523011319700e+01 2.524006813638e+01
8.428139271829e-01 -4.180877616737e+00 -3.021821292998e-01 1.157075277828e+00 3.247361065626e+00 3.349481188357e+00 3.737485879006e+00 4.704131884953e+00 4.707329269200e+00 4.897080782388e+00 5.597337708346e+00 6.220608545429e+00 6.663748425684e+00 7.176194443091e+00 8.321910092025e+00 9.991918716769e+00 1.032096386085e+01 1.156963161292e+01 1.182758456774e+01 1.195226737563e+01 1.211247745652e+01 1.314695768947e+01 1.367346072145e+01 1.446446578740e+01 1.452993579006e+01 1.581852438788e+01 1.748523600554e+01 1.828166981546e+01 1.911641335805e+01 2.522974648812e+01 2.524022850662e+01
8.550286217797e-01 -4.184846412339e+00 -3.313585889020e-01 1.183535131399e+00 3.253194796821e+00 3.368838218343e+00 3.744585238024e+00 4.705474112959e+00 4.722563189311e+00 4.898441253586e+00 5.614104931950e+00 6.240273246938e+00 6.671494949570e+00 7.170447624827e+00 8.340413307108e+00 9.992800981888e+00 1.033453529299e+01 1.156954823908e+01 1.182157424190e+01 1.194065591806e+01 1.211820358245e+01 1.314637607780e+01 1.367586314712e+01 1.446416666377e+01 1.452434213181e+01 1.580870931569e+01 1.747957871570e+01 1.828299701908e+01 1.910104583084e+01 2.522939215976e+01 2.524037342340e+01
8.672433163766e-01 -4.188241105286e+00 -3.551046716440e-01 1.205668271402e+00 3.258248482180e+00 3.385583491330e+00 3.752370195042e+00 4.706591446523e+00 4.736560854175e+00 4.898565522912e+00 5.629460664535e+00 6.259435083474e+00 6.679154690663e+00 7.164124897055e+00 8.357626445351e+00 9.992866679110e+00 1.034668860121e+01 1.156915858232e+01 1.181453723193e+01 1.193119002274e+01 1.212401262222e+01 1.314590280917e+01 1.367817142212e+01 1.446399916398e+01 1.451900492150e+01 1.579970375673e+01 1.747466208302e+01 1.828465914880e+01 1.908678831307e+01 2.522905053250e+01 2.524050264536e+01
8.794580109734e-01 -4.191067101168e+00 -3.743590975599e-01 1.223676549896e+00 3.262531917478e+00 3.399576106295e+00 3.760887040112e+00 4.707543711413e+00 4.749347778234e+00 4.897475311404e+00 5.643433577008e+00 6.278061258100e+00 6.686699860528e+00 7.157210127064e+00 8.373480971108e+00 9.992122186196e+00 1.035733935996e+01 1.156847994593e+01 1.180660529827e+01 1.192381079138e+01 1.212986503981e+01 1.314555936934e+01 1.368038108980e+01 1.446395315274e+01 1.451392265311e+01 1.579154458933e+01 1.747049671192e+01 1.828663881720e+01 1.907369013694e+01 2.522872190866e+01 2.524061595303e+01
8.916727055703e-01 -4.193330305894e+00 -3.897021014918e-01 1.237719083038e+00 3.266053390791e+00 3.410725897110e+00 3.770128931296e+00 4.708389415435e+00 4.760948188062e+00 4.895196401076e+00 5.656057008072e+00 6.296120265911e+00 6.694101846932e+00 7.149688001632e+00 8.387907297087e+00 9.990581297611e+00 1.036640432198e+01 1.156752789734e+01 1.179805054008e+01 1.191831834315e+01 1.213572283627e+01 1.314536523630e+01 1.368248869210e+01 1.446401835795e+01 1.450909499434e+01 1.578426651977e+01 1.746709151312e+01 1.828891541798e+01 1.906180014631e+01 2.522840657204e+01 2.524071314913e+01
9.038874001671e-01 -4.195037154944e+00 -4.015046212583e-01 1.247919868251e+00 3.268819624801e+00 3.419000714841e+00 3.780030028911e+00 4.709185025039e+00 4.771384789213e+00 4.891758613738e+00 5.667368229578e+00 6.313581861414e+00 6.701331484967e+00 7.141544371999e+00 8.400834929229e+00 9.988265116942e+00 1.037380307541e+01 1.156631613717e+01 1.178922751492e+01 1.191442816998e+01 1.214155015023e+01 1.314533735566e+01 1.368449170614e+01 1.446418474475e+01 1.450452303100e+01 1.577790165639e+01 1.746445368442e+01 1.829146525234e+01 1.905116639679e+01 2.522810478761e+01 2.524079405878e+01
9.161020947640e-01 -4.196194640524e+00 -4.100020607323e-01 1.254372991690e+00 3.270835727376e+00 3.424425359534e+00 3.790468103121e+00 4.709984082096e+00 4.780678322811e+00 4.887196019814e+00 5.677407697001e+00 6.330416995308e+00 6.708359294354e+00 7.132766634215e+00 8.412192712091e+00 9.985201821869e+00 1.037945994260e+01 1.156485643584e+01 1.178050540762e+01 1.191183720343e+01 1.214731380506e+01 1.314548964832e+01 1.368638846818e+01 1.446444289735e+01 1.450020947994e+01 1.577247908951e+01 1.746258869860e+01 1.829426176275e+01 1.904183577163e+01 2.522781680135e+01 2.524085852983e+01
9.283167893608e-01 -4.196810336376e+00 -4.153333177701e-01 1.257146085981e+00 3.272105150520e+00 3.427072383122e+00 3.801275378453e+00 4.710836172258e+00 4.788846683222e+00 4.881547609326e+00 5.686218298112e+00 6.346597709300e+00 6.715155679009e+00 7.123344145828e+00 8.421909184630e+00 9.981426296474e+00 1.038330605411e+01 1.156315863001e+01 1.177222043277e+01 1.191026947290e+01 1.215298379356e+01 1.314583256765e+01 1.368817808997e+01 1.446478439311e+01 1.449615886329e+01 1.576802448889e+01 1.746150029842e+01 1.829727588500e+01 1.903385350471e+01 2.522754284001e+01 2.524090643301e+01
9.405314839577e-01 -4.196892419956e+00 -4.175615616879e-01 1.256282443649e+00 3.272629657979e+00 3.427047480188e+00 3.812254868801e+00 4.711785772326e+00 4.795903067122e+00 4.874858956836e+00 5.693844611712e+00 6.362096978492e+00 6.721691086087e+00 7.113268680533e+00 8.429913054829e+00 9.976979627896e+00 1.038528149960e+01 1.156123067030e+01 1.176465455317e+01 1.190949536892e+01 1.215853369104e+01 1.314637272308e+01 1.368986037312e+01 1.446520215306e+01 1.449237763781e+01 1.576455973113e+01 1.746119049836e+01 1.830047652423e+01 1.902726260707e+01 2.522728311096e+01 2.524093766216e+01
9.527461785545e-01 -4.196449691697e+00 -4.166839741363e-01 1.251802021928e+00 3.272409302071e+00 3.424473323516e+00 3.823198299307e+00 4.712871021864e+00 4.801851783690e+00 4.867186251335e+00 5.700332186858e+00 6.376888491802e+00 6.727936122698e+00 7.102534923417e+00 8.436133799299e+00 9.971908467322e+00 1.038533743003e+01 1.155907871106e+01 1.175803200423e+01 1.190933314500e+01 1.216394098895e+01 1.314711258595e+01 1.369143572674e+01 1.446569075254e+01 1.448887427368e+01 1.576210256931e+01 1.746165959299e+01 1.830383115330e+01 1.902210320011e+01 2.522703780200e+01 2.524095213445e+01
9.649608731514e-01 -4.195491591096e+00 -4.126334613630e-01 1.243701450600e+00 3.271442410624e+00 3.419475193073e+00 3.833902202416e+00 4.714122482128e+00 4.806677674414e+00 4.858606742110e+00 5.705726851570e+00 6.390946361577e+00 6.733861629365e+00 7.091141010578e+00 8.440502390523e+00 9.966264259087e+00 1.038343796776e+01 1.155670723306e+01 1.175252386336e+01 1.190964256011e+01 1.216918734168e+01 1.314805029112e+01 1.369290509345e+01 1.446624667735e+01 1.448565927851e+01 1.576066635622e+01 1.746290617147e+01 1.830730652275e+01 1.901841176753e+01 2.522680708128e+01 2.524094979052e+01
9.771755677482e-01 -4.194028209340e+00 -4.052729175634e-01 1.231953051464e+00 3.269725585204e+00 3.412170284202e+00 3.844180223461e+00 4.715561960396e+00 4.810314959376e+00 4.849249782076e+00 5.710074058691e+00 6.404244753922e+00 6.739438709915e+00 7.079089118370e+00 8.442952149846e+00 9.960102346418e+00 1.037956177863e+01 1.155411919067e+01 1.174825472518e+01 1.191031674492e+01 1.217425872157e+01 1.314917954535e+01 1.369426988830e+01 1.446686851224e+01 1.448274516353e+01 1.576025983125e+01 1.746492713797e+01 1.831086946073e+01 1.901622034798e+01 2.522659109716e+01 2.524093059463e+01
9.845908458231e-01 -4.184802614466e+00 -3.795637083933e-01 1.256630075284e+00 3.266686139405e+00 3.416291148356e+00 3.847392852140e+00 4.707171716790e+00 4.807174315059e+00 4.842492723002e+00 5.698441509138e+00 6.392712406715e+00 6.744682436130e+00 7.083088630452e+00 8.438455046741e+00 9.953513520029e+00 1.039524337138e+01 1.155644356058e+01 1.174739587447e+01 1.191038596274e+01 1.217769703679e+01 1.314940361060e+01 1.369415461590e+01 1.446516495070e+01 1.448473629540e+01 1.575996419217e+01 1.746288810544e+01 1.831167581574e+01 1.901404666130e+01 2.522687208374e+01 2.524106168334e+01
9.920061238979e-01 -4.175322960414e+00 -3.513720515479e-01 1.281582316477e+00 3.263513086973e+00 3.420442308266e+00 3.850485137253e+00 4.698559677173e+00 4.802946596969e+00 4.836671994458e+00 5.686472559265e+00 6.381090847374e+00 6.749853281372e+00 7.087116772989e+00 8.433824385819e+00 9.946858819114e+00 1.041110272901e+01 1.155876032634e+01 1.174657506799e+01 1.191046574275e+01 1.218116877922e+01 1.314963370637e+01 1.369402420052e+01 1.446342086051e+01 1.448679654859e+01 1.575970636410e+01 1.746083084321e+01 1.831248840188e+01 1.901189760804e+01 2.522716005886e+01 2.524119467866e+01
9.994214019727e-01 -4.165597751605e+00 -3.201261748997e-01 1.306783553509e+00 3.260207413059e+00 3.424617256591e+00 3.853439479274e+00 4.689740469979e+00 4.797492742307e+00 4.831944293226e+00 5.674189711180e+00 6.369412935348e+00 6.754938620900e+00 7.091156576210e+00 8.429076175900e+00 9.940143817651e+00 1.042711120516e+01 1.156106295486e+01 1.174578669153e+01 1.191056004884e+01 1.218467052387e+01 1.314987156243e+01 1.369387934785e+01 1.446163879034e+01 1.448892044851e+01 1.575948627275e+01 1.745875973004e+01 1.831330817458e+01 1.900977484819e+01 2.522745442616e+01 2.524132936661e+01
1.006836680048e+00 -4.155635846998e+00 -2.849189201623e-01 1.332208177441e+00 3.256770246184e+00 3.428809207403e+00 3.856237446989e+00 4.680730345150e+00 4.790887862810e+00 4.828251827682e+00 5.661615972587e+00 6.357709757737e+00 6.759926548501e+00 7.095192119288e+00 8.424226474104e+00 9.933373827696e+00 1.044324029359e+01 1.156334519219e+01 1.174502483334e+01 1.191067308258e+01 1.218819874660e+01 1.315011897015e+01 1.369372081427e+01 1.445982138574e+01 1.449110237025e+01 1.575930383237e+01 1.745667924538e+01 1.831413613816e+01 1.900768005179e+01 2.522775457758e+01 2.524146552947e+01
1.014251958122e+00 -4.145446469213e+00 -2.441564110133e-01 1.357831074575e+00 3.253202854716e+00 3.433011077636e+00 3.858859813473e+00 4.671547247166e+00 4.783370144265e+00 4.825373391967e+00 5.648774773893e+00 6.346010677858e+00 6.764805936097e+00 7.099208472987e+00 8.419291293833e+00 9.926553922706e+00 1.045946167842e+01 1.156560107326e+01 1.174428330147e+01 1.191080926581e+01 1.219174982957e+01 1.315037777115e+01 1.369354940860e+01 1.445797138752e+01 1.449333655359e+01 1.575915894681e+01 1.745459396012e+01 1.831497334012e+01 1.900561489919e+01 2.522805989456e+01 2.524160294618e+01
1.021667236197e+00 -4.135039213828e+00 -1.945207712588e-01 1.383627507174e+00 3.249506642113e+00 3.437215464704e+00 3.861286615809e+00 4.662210869912e+00 4.775204456290e+00 4.823060733276e+00 5.635689884463e+00 6.334343393794e+00 6.769566489924e+00 7.103191640145e+00 8.414286512352e+00 9.919688962138e+00 1.047574727959e+01 1.156782492910e+01 1.174355564665e+01 1.191097321822e+01 1.219532006776e+01 1.315064984575e+01 1.369336599365e+01 1.445609162986e+01 1.449561711845e+01 1.575905151065e+01 1.745250852707e+01 1.831582086504e+01 1.900358108156e+01 2.522836974933e+01 2.524174139265e+01
1.029082514272e+00 -4.124424058839e+00 -1.261518108022e-01 1.409572992457e+00 3.245683140980e+00 3.441414619737e+00 3.863497243982e+00 4.652742688060e+00 4.766602633631e+00 4.821118250836e+00 5.622385329212e+00 6.322734004093e+00 6.774198802960e+00 7.107128496077e+00 8.409227778747e+00 9.912783616927e+00 1.049206929377e+01 1.157001139198e+01 1.174283519123e+01 1.191116972938e+01 1.219890567649e+01 1.315093710114e+01 1.369317148761e+01 1.445418503810e+01 1.449793808052e+01 1.575898141032e+01 1.745042767117e+01 1.831667982811e+01 1.900158030146e+01 2.522868350618e+01 2.524188064218e+01
1.036497792347e+00 -4.113611374218e+00 7.811408926485e-02 1.435643179891e+00 3.241734006040e+00 3.445600415778e+00 3.865470565053e+00 4.643165959065e+00 4.757713223001e+00 4.819413232391e+00 5.608885306870e+00 6.311207078352e+00 6.778694403224e+00 7.111006730370e+00 8.404130423050e+00 9.905842395486e+00 1.050840023097e+01 1.157215539819e+01 1.174211506500e+01 1.191140372463e+01 1.220250279974e+01 1.315124145934e+01 1.369296686518e+01 1.445225462624e+01 1.450029336728e+01 1.575894852526e+01 1.744835617942e+01 1.831755136841e+01 1.899961427366e+01 2.522900052278e+01 2.524202046581e+01
1.043913070422e+00 -4.102611931540e+00 1.677849134853e-01 1.461813726702e+00 3.237661006151e+00 3.449764310260e+00 3.867185089277e+00 4.633505689361e+00 4.748636815554e+00 4.817860507876e+00 5.595214111244e+00 6.299785730809e+00 6.783045797526e+00 7.114814791053e+00 8.399009367348e+00 9.898869669902e+00 1.052471294693e+01 1.157425218906e+01 1.174138824804e+01 1.191168022472e+01 1.220610751950e+01 1.315156484516e+01 1.369275315841e+01 1.445030349411e+01 1.450267683417e+01 1.575895272911e+01 1.744629889070e+01 1.831843664174e+01 1.899768472607e+01 2.522932015147e+01 2.524216063272e+01
1.051328348497e+00 -4.091436913603e+00 2.240034671797e-01 1.488060171345e+00 3.233466015541e+00 3.453897300979e+00 3.868619185295e+00 4.623788558035e+00 4.739442351193e+00 4.816406133910e+00 5.581396056833e+00 6.288491695419e+00 6.787246510213e+00 7.118541831759e+00 8.393879039717e+00 9.891869702002e+00 1.054098067164e+01 1.157629731004e+01 1.174064762126e+01 1.191200429873e+01 1.220971586569e+01 1.315190917399e+01 1.369253145722e+01 1.444833482421e+01 1.450508228091e+01 1.575899389092e+01 1.744426068524e+01 1.831933681328e+01 1.899579340085e+01 2.522964174055e+01 2.524230091056e+01
1.058743626571e+00 -4.080097923984e+00 2.685543752858e-01 1.514357804671e+00 3.229151004488e+00 3.457989874769e+00 3.869751351670e+00 4.614042791230e+00 4.730178648221e+00 4.815015855395e+00 5.567455410066e+00 6.277345401153e+00 6.791291116412e+00 7.122177662202e+00 8.388753291798e+00 9.884846669020e+00 1.055717703405e+01 1.157828660821e+01 1.173988602440e+01 1.191238101076e+01 1.221332382690e+01 1.315227633969e+01 1.369230290952e+01 1.444635187817e+01 1.450750346798e+01 1.575907187632e+01 1.744224647402e+01 1.832025304985e+01 1.899394205567e+01 2.522996463564e+01 2.524244106590e+01
1.066158904646e+00 -4.068606996442e+00 3.064742380893e-01 1.540681538412e+00 3.224718029714e+00 3.462031948040e+00 3.870560551814e+00 4.604297980849e+00 4.720881680167e+00 4.813667822162e+00 5.553416327342e+00 6.266366046442e+00 6.795175269267e+00 7.125712702125e+00 8.383645320856e+00 9.877804688614e+00 1.057327608320e+01 1.158021622820e+01 1.173909632151e+01 1.191281536035e+01 1.221692736162e+01 1.315266820242e+01 1.369206872095e+01 1.444435799292e+01 1.450993413314e+01 1.575918654881e+01 1.744026118793e+01 1.832118651198e+01 1.899213246508e+01 2.523028818095e+01 2.524258086457e+01
1.073574182721e+00 -4.056976604074e+00 3.399066419783e-01 1.567005770590e+00 3.220169224799e+00 3.466012798354e+00 3.871026618604e+00 4.594584842017e+00 4.711579034800e+00 4.812348125470e+00 5.539302800860e+00 6.255571671924e+00 6.798895720657e+00 7.129137938710e+00 8.378567597124e+00 9.870747842992e+00 1.058925230595e+01 1.158208260691e+01 1.173827147328e+01 1.191331221764e+01 1.222052240998e+01 1.315308657669e+01 1.369183015416e+01 1.444235657642e+01 1.451236800798e+01 1.575933777090e+01 1.743830976681e+01 1.832213834566e+01 1.899036642207e+01 2.523061172064e+01 2.524272007206e+01
1.080989460796e+00 -4.045219668121e+00 3.699957840034e-01 1.593304247479e+00 3.215506790984e+00 3.469920986281e+00 3.871130733538e+00 4.584934905239e+00 4.702292655289e+00 4.811048054155e+00 5.525138613061e+00 6.244979230768e+00 6.802450334884e+00 7.132444887351e+00 8.373531797188e+00 9.863680201965e+00 1.060508064137e+01 1.158388246698e+01 1.173740461555e+01 1.191387625394e+01 1.222410490586e+01 1.315353321956e+01 1.369158852755e+01 1.444035110304e+01 1.451479883447e+01 1.575952540535e+01 1.743639714844e+01 1.832310967399e+01 1.898864573966e+01 2.523093460012e+01 2.524285845389e+01
1.088404738871e+00 -4.033349566294e+00 3.974346901560e-01 1.619549921717e+00 3.210732988758e+00 3.473744266972e+00 3.870855983026e+00 4.575380141414e+00 4.693040554363e+00 4.809762379375e+00 5.510947300227e+00 6.234604655997e+00 6.805838094867e+00 7.135625555643e+00 8.368548744151e+00 9.856605844760e+00 1.062073649193e+01 1.158561280922e+01 1.173648914278e+01 1.191451186932e+01 1.222767078923e+01 1.315400981898e+01 1.369134521354e+01 1.443834510859e+01 1.451722038140e+01 1.575974931637e+01 1.743452825730e+01 1.832410158851e+01 1.898697225272e+01 2.523125616736e+01 2.524299577602e+01
1.095820016946e+00 -4.021380140483e+00 4.226790544454e-01 1.645714806265e+00 3.205850130658e+00 3.477469491161e+00 3.870187991190e+00 4.565952520908e+00 4.683837911173e+00 4.808488258005e+00 5.496752125531e+00 6.224462924375e+00 6.809059100385e+00 7.138672410385e+00 8.363628355227e+00 9.849528880431e+00 1.063619573157e+01 1.158727090425e+01 1.173551879508e+01 1.191522311855e+01 1.223121601863e+01 1.315451798248e+01 1.369110163616e+01 1.443634218496e+01 1.451962646079e+01 1.576000937078e+01 1.743270799342e+01 1.832511514044e+01 1.898534781974e+01 2.523157577416e+01 2.524313180520e+01
1.103235295020e+00 -4.009325703697e+00 4.460465511227e-01 1.671769823967e+00 3.200860575767e+00 3.481082495854e+00 3.869115624377e+00 4.556683511632e+00 4.674697791228e+00 4.807224514090e+00 5.482576061518e+00 6.214568116520e+00 6.812114558022e+00 7.141578347392e+00 8.358779597332e+00 9.842453466772e+00 1.065143471089e+01 1.158885428336e+01 1.173448774715e+01 1.191601363746e+01 1.223473658374e+01 1.315505922620e+01 1.369085926812e+01 1.443434597433e+01 1.452201094413e+01 1.576030543918e+01 1.743094122109e+01 1.832615133184e+01 1.898377432480e+01 2.523189277749e+01 2.524326630939e+01
1.110650573095e+00 -3.997201046040e+00 4.677686950302e-01 1.697684652635e+00 3.195766726362e+00 3.484567985779e+00 3.867631757430e+00 4.547603525535e+00 4.665631631545e+00 4.805971155985e+00 5.468441781726e+00 6.204933473017e+00 6.815006762496e+00 7.144336663903e+00 8.354010451187e+00 9.835383827616e+00 1.066643025921e+01 1.159036072874e+01 1.173339069724e+01 1.191688657158e+01 1.223822851779e+01 1.315563496419e+01 1.369061962720e+01 1.443236016306e+01 1.452436777840e+01 1.576063739704e+01 1.742923275758e+01 1.832721110658e+01 1.898225367952e+01 2.523220654074e+01 2.524339905810e+01
1.118065851170e+00 -3.985021439555e+00 4.880203272956e-01 1.723427565705e+00 3.190571027243e+00 3.487909407877e+00 3.865734085765e+00 4.538741327667e+00 4.656649576443e+00 4.804729043530e+00 5.454371660812e+00 6.195571446394e+00 6.817739069168e+00 7.146941033364e+00 8.349327884295e+00 9.828324268456e+00 1.068115968400e+01 1.159178826337e+01 1.173222295413e+01 1.191784450928e+01 1.224168790985e+01 1.315624649826e+01 1.369038427191e+01 1.443038847520e+01 1.452669100194e+01 1.576100512583e+01 1.742758736195e+01 1.832829534138e+01 1.898078782507e+01 2.523251643497e+01 2.524352982279e+01
1.125481129245e+00 -3.972802641686e+00 5.069375036628e-01 1.748965268841e+00 3.185275968204e+00 3.491088822921e+00 3.863425960781e+00 4.530123426767e+00 4.647760716283e+00 4.803499652720e+00 5.440387782281e+00 6.186493748917e+00 6.820315857638e+00 7.149385482395e+00 8.344737833097e+00 9.821279190328e+00 1.069560076744e+01 1.159313514039e+01 1.173098052014e+01 1.191888942141e+01 1.224511091673e+01 1.315689500820e+01 1.369015479656e+01 1.442843466559e+01 1.452897476007e+01 1.576140851399e+01 1.742600972382e+01 1.832940483678e+01 1.897937873416e+01 2.523282184017e+01 2.524365837723e+01
1.132896407320e+00 -3.960560897154e+00 5.246289179629e-01 1.774262733109e+00 3.179884090148e+00 3.494086780827e+00 3.860717219264e+00 4.521773470498e+00 4.638973261832e+00 4.802284904989e+00 5.426511952625e+00 6.177711396214e+00 6.822742486434e+00 7.151664369735e+00 8.340245194433e+00 9.814253101918e+00 1.070973176040e+01 1.159439983243e+01 1.172966016839e+01 1.192002260933e+01 1.224849377463e+01 1.315758154258e+01 1.368993282550e+01 1.442650251266e+01 1.453121332036e+01 1.576184745798e+01 1.742450445230e+01 1.833054030817e+01 1.897802841312e+01 2.523312214647e+01 2.524378449787e+01
1.140311685394e+00 -3.948312937954e+00 5.411835066223e-01 1.799283025804e+00 3.174397995270e+00 3.496882209644e+00 3.857624970782e+00 4.513711671570e+00 4.630294675053e+00 4.801087040102e+00 5.412765720425e+00 6.169234746810e+00 6.825025238915e+00 7.153772367003e+00 8.335853826378e+00 9.807250629864e+00 1.072353137393e+01 1.159558102060e+01 1.172825951245e+01 1.192124466318e+01 1.225183281016e+01 1.315830701002e+01 1.368972000676e+01 1.442459581084e+01 1.453340108769e+01 1.576232186317e+01 1.742307606500e+01 1.833170237693e+01 1.897673890377e+01 2.523341675535e+01 2.524390796422e+01
1.147726963469e+00 -3.936075981225e+00 5.566756872552e-01 1.823987140542e+00 3.168820361714e+00 3.499452332637e+00 3.854174300882e+00 4.505954292335e+00 4.621731769777e+00 4.799908518998e+00 5.399170398755e+00 6.161073537703e+00 6.827171260672e+00 7.155704441104e+00 8.331566558336e+00 9.800276527251e+00 1.073697876858e+01 1.159667758367e+01 1.172677706710e+01 1.192255543143e+01 1.225512445084e+01 1.315907217117e+01 1.368951800486e+01 1.442271836268e+01 1.453553261886e+01 1.576283164473e+01 1.742172897718e+01 1.833289156172e+01 1.897551228538e+01 2.523370508079e+01 2.524402855917e+01
1.155142241544e+00 -3.923867724671e+00 5.711690716205e-01 1.848333828820e+00 3.163153963034e+00 3.501772633503e+00 3.850398842529e+00 4.498513214737e+00 4.613290791152e+00 4.798751947550e+00 5.385747089029e+00 6.153236916126e+00 6.829188488789e+00 7.157455838139e+00 8.327385210197e+00 9.793335680294e+00 1.075005354154e+01 1.159768858704e+01 1.172521229910e+01 1.192395400286e+01 1.225836523499e+01 1.315987763125e+01 1.368932849303e+01 1.442087397061e+01 1.453760263691e+01 1.576337672843e+01 1.742046749114e+01 1.833410826995e+01 1.897435067645e+01 2.523398655044e+01 2.524414606938e+01
1.162557519619e+00 -3.911706339214e+00 5.847191602186e-01 1.872279436130e+00 3.157401692701e+00 3.503816896341e+00 3.846341164026e+00 4.491395619404e+00 4.604977479783e+00 4.797620015154e+00 5.372516704320e+00 6.145733467698e+00 6.831085573488e+00 7.159022068676e+00 8.323310620219e+00 9.786433113235e+00 1.076273571224e+01 1.159861327209e+01 1.172356566725e+01 1.192543870121e+01 1.226155182078e+01 1.316072383323e+01 1.368915314469e+01 1.441906642847e+01 1.453960604499e+01 1.576395705134e+01 1.741929578576e+01 1.833535278952e+01 1.897325623636e+01 2.523426060674e+01 2.524426028561e+01
1.169972797694e+00 -3.899610458565e+00 5.973753360844e-01 1.895777746564e+00 3.151566593819e+00 3.505557354191e+00 3.842052918857e+00 4.484603792442e+00 4.596797124584e+00 4.796515444037e+00 5.359499990063e+00 6.138571241154e+00 6.832871792769e+00 7.160398894281e+00 8.319342681189e+00 9.779573991459e+00 1.077500570663e+01 1.159945104548e+01 1.172183865133e+01 1.192700709261e+01 1.226468099461e+01 1.316161105174e+01 1.368899362427e+01 1.441729951274e+01 1.454153793980e+01 1.576457256252e+01 1.741821790631e+01 1.833662528091e+01 1.897223116686e+01 2.523452670798e+01 2.524437100305e+01
1.177388075769e+00 -3.887599165331e+00 6.091823628153e-01 1.918779841063e+00 3.145651894065e+00 3.506964986667e+00 3.837594702115e+00 4.478135071406e+00 4.588754607108e+00 4.795440946431e+00 5.346717540055e+00 6.131757769864e+00 6.834556960798e+00 7.161582315189e+00 8.315480384328e+00 9.772763622882e+00 1.078684434071e+01 1.160020146886e+01 1.172003376998e+01 1.192865600526e+01 1.226774967855e+01 1.316253938775e+01 1.368885157749e+01 1.441557697349e+01 1.454339362458e+01 1.576522322356e+01 1.741723775460e+01 1.833792576955e+01 1.897127771334e+01 2.523478432938e+01 2.524447802165e+01
1.184803353843e+00 -3.875691973326e+00 6.201815227998e-01 1.941233975669e+00 3.139661045772e+00 3.508010011705e+00 3.833035560456e+00 4.471981933882e+00 4.580854439268e+00 4.794399187662e+00 5.334189805659e+00 6.125300090353e+00 6.836151330843e+00 7.162568559028e+00 8.311721870297e+00 9.766007457648e+00 1.079823280390e+01 1.160086424880e+01 1.171815458761e+01 1.193038156049e+01 1.227075493694e+01 1.316350876388e+01 1.368872862107e+01 1.441390252518e+01 1.454516862162e+01 1.576590900905e+01 1.741635907932e+01 1.833925413876e+01 1.897039816591e+01 2.523503296410e+01 2.524458114646e+01
1.192218631918e+00 -3.863908805708e+00 6.304114879248e-01 1.963085487674e+00 3.133597770906e+00 3.508662615953e+00 3.828452109708e+00 4.466132223854e+00 4.573100795819e+00 4.793392753780e+00 5.321937096257e+00 6.119204758033e+00 6.837665493686e+00 7.163354070509e+00 8.308064486605e+00 9.759311086170e+00 1.080915264304e+01 1.160143922702e+01 1.171620571089e+01 1.193217921406e+01 1.227369398205e+01 1.316451892055e+01 1.368862633198e+01 1.441227983725e+01 1.454685868421e+01 1.576662990702e+01 1.741558546686e+01 1.834061012307e+01 1.896959486011e+01 2.523527212422e+01 2.524468018793e+01
1.199633909993e+00 -3.852269968571e+00 6.399089866778e-01 1.984276739050e+00 3.127466110560e+00 3.508893959377e+00 3.823927228994e+00 4.460569503517e+00 4.565497542565e+00 4.792424122802e+00 5.309979569124e+00 6.113477860330e+00 6.839110272478e+00 7.163935502016e+00 8.304504850640e+00 9.752680235605e+00 1.081958574780e+01 1.160192637105e+01 1.171419277499e+01 1.193404380635e+01 1.227656417879e+01 1.316556941293e+01 1.368854623630e+01 1.441071252453e+01 1.454845980812e+01 1.576738591916e+01 1.741492033240e+01 1.834199330222e+01 1.896887017732e+01 2.523550134168e+01 2.524477496223e+01
1.207049188068e+00 -3.840796119651e+00 6.487093127435e-01 2.004747108259e+00 3.121270478400e+00 3.508677468341e+00 3.819548325663e+00 4.455273512217e+00 4.558048261047e+00 4.791495638906e+00 5.298337207185e+00 6.108125027421e+00 6.840496615040e+00 7.164309705026e+00 8.301038917527e+00 9.746120764790e+00 1.082951433854e+01 1.160232576524e+01 1.171212242046e+01 1.193596961981e+01 1.227936304845e+01 1.316665960855e+01 1.368848979786e+01 1.440920413755e+01 1.454996824246e+01 1.576817706108e+01 1.741436691144e+01 1.834340309567e+01 1.896822654485e+01 2.523572016921e+01 2.524486529151e+01
1.214464466143e+00 -3.829508231793e+00 6.568467074655e-01 2.024433043054e+00 3.115015717366e+00 3.507990395145e+00 3.815405203731e+00 4.450220710147e+00 4.550756270251e+00 4.790609489143e+00 5.287029783413e+00 6.103151440737e+00 6.841835484669e+00 7.164473722303e+00 8.297662051947e+00 9.739638657748e+00 1.083892095758e+01 1.160263760219e+01 1.171000226069e+01 1.193795044225e+01 1.228208827149e+01 1.316778868586e+01 1.368845840661e+01 1.440775815279e+01 1.455138049995e+01 1.576900336237e+01 1.741392825183e+01 1.834483875794e+01 1.896766643552e+01 2.523592818117e+01 2.524495100422e+01
1.221879744218e+00 -3.818427550864e+00 6.643546398159e-01 2.043268188317e+00 3.108707158758e+00 3.506815570989e+00 3.811587619643e+00 4.445384882573e+00 4.543624645799e+00 4.789767682378e+00 5.276076811069e+00 6.098561839426e+00 6.843137750498e+00 7.164424780826e+00 8.294369103089e+00 9.733240015824e+00 1.084778846509e+01 1.160286217459e+01 1.170784084063e+01 1.193997963426e+01 1.228473768933e+01 1.316895563344e+01 1.368845336700e+01 1.440637796280e+01 1.455269336663e+01 1.576986486662e+01 1.741360720613e+01 1.834629937462e+01 1.896719236687e+01 2.523612497438e+01 2.524503193539e+01
1.229295022292e+00 -3.807575547831e+00 6.712660014590e-01 2.061183603897e+00 3.102350682672e+00 3.505143219225e+00 3.808182667641e+00 4.440737780529e+00 4.536656237001e+00 4.788972030271e+00 5.265497479469e+00 6.094360524932e+00 6.844414078461e+00 7.164160285390e+00 8.291154481856e+00 9.726931048538e+00 1.085610004091e+01 1.160299986750e+01 1.170564758664e+01 1.194205019930e+01 1.228730930517e+01 1.317015925014e+01 1.368847588645e+01 1.440506686639e+01 1.455390391083e+01 1.577076163129e+01 1.741340642455e+01 1.834778385922e+01 1.896680689976e+01 2.523631016890e+01 2.524510792686e+01
1.236710300367e+00 -3.796973864781e+00 6.776132302785e-01 2.078108087675e+00 3.095952778631e+00 3.502972638558e+00 3.805272191595e+00 4.436249775705e+00 4.529853682105e+00 4.788224130196e+00 5.255310575568e+00 6.090551363843e+00 6.845674823884e+00 7.163677812874e+00 8.288012239499e+00 9.720718063263e+00 1.086383919322e+01 1.160305115109e+01 1.170343274754e+01 1.194415485514e+01 1.228980128397e+01 1.317139814585e+01 1.368852706399e+01 1.440382805878e+01 1.455500949165e+01 1.577169372753e+01 1.741332834838e+01 1.834929095098e+01 1.896651263651e+01 2.523648340875e+01 2.524517882756e+01
1.244125578442e+00 -3.786644254688e+00 6.834283728078e-01 2.093968618338e+00 3.089520605100e+00 3.500313528708e+00 3.802930454501e+00 4.431890510207e+00 4.523219422055e+00 4.787525350027e+00 5.245534392274e+00 6.087137789195e+00 6.846929926708e+00 7.162975107111e+00 8.284936146849e+00 9.714607453822e+00 1.087098977568e+01 1.160301657375e+01 1.170120732683e+01 1.194628610543e+01 1.229221195137e+01 1.317267074314e+01 1.368860787926e+01 1.440266462190e+01 1.455600776656e+01 1.577266123985e+01 1.741337520394e+01 1.835081921357e+01 1.896631221839e+01 2.523664436264e+01 2.524524449375e+01
1.251540856517e+00 -3.776608514849e+00 6.887430939934e-01 2.108690930131e+00 3.083062046476e+00 3.497186731135e+00 3.801222294629e+00 4.427629525438e+00 4.516755713047e+00 4.786876814785e+00 5.236186625142e+00 6.084122800356e+00 6.848188810263e+00 7.162050074366e+00 8.281919773364e+00 9.708605688112e+00 1.087753601372e+01 1.160289675571e+01 1.169898300566e+01 1.194843631020e+01 1.229453979186e+01 1.317397527964e+01 1.368871918205e+01 1.440157951466e+01 1.455689669843e+01 1.577366426572e+01 1.741354899710e+01 1.835236703477e+01 1.896620832247e+01 2.523679272454e+01 2.524530478922e+01
1.258956134592e+00 -3.766888413959e+00 6.935886413837e-01 2.122200227963e+00 3.076585766049e+00 3.493624204931e+00 3.800201949322e+00 4.423436858016e+00 4.510464638157e+00 4.786279395123e+00 5.227284259788e+00 6.081508961681e+00 6.849460284506e+00 7.160900779379e+00 8.278956565241e+00 9.702719294877e+00 1.088346254124e+01 1.160269238304e+01 1.169677205656e+01 1.195059775447e+01 1.229678344603e+01 1.317530981115e+01 1.368886168244e+01 1.440057556354e+01 1.455767456182e+01 1.577470291507e+01 1.741385150832e+01 1.835393262734e+01 1.896620365783e+01 2.523692821435e+01 2.524535958556e+01
1.266371412667e+00 -3.757505612905e+00 6.979957699934e-01 2.134422045318e+00 3.070101253366e+00 3.489668149314e+00 3.799912637867e+00 4.419283594145e+00 4.504348118322e+00 4.785733697672e+00 5.218843453106e+00 6.079298400096e+00 6.850752454525e+00 7.159525441970e+00 8.276039921884e+00 9.696954849749e+00 1.088875444829e+01 1.160240420205e+01 1.169458724769e+01 1.195276271416e+01 1.229894170711e+01 1.317667221542e+01 1.368903594178e+01 1.439965545320e+01 1.455833994852e+01 1.577577730965e+01 1.741428428834e+01 1.835551403088e+01 1.896630096098e+01 2.523705057838e+01 2.524540876233e+01
1.273786690741e+00 -3.748481579496e+00 7.019946336252e-01 2.145283239301e+00 3.063618864389e+00 3.485369300767e+00 3.800386882646e+00 4.415142376866e+00 4.498407922906e+00 4.785240057244e+00 5.210879411971e+00 6.077492801779e+00 6.852072635056e+00 7.157922434190e+00 8.273163270082e+00 9.691318960685e+00 1.089339734005e+01 1.160203301416e+01 1.169244173771e+01 1.195492351871e+01 1.230101351672e+01 1.317806019670e+01 1.368924236451e+01 1.439882171748e+01 1.455889177229e+01 1.577688758238e+01 1.741484865443e+01 1.835710911488e+01 1.896650299059e+01 2.523715958986e+01 2.524545220725e+01
1.281201968816e+00 -3.739837497415e+00 7.056146482351e-01 2.154713107082e+00 3.057149852844e+00 3.480784547073e+00 3.801647440557e+00 4.410987863152e+00 4.492645680114e+00 4.784798530905e+00 5.203406273698e+00 6.076093408143e+00 6.853427271698e+00 7.156090278004e+00 8.270320135271e+00 9.685818252932e+00 1.089737740730e+01 1.160157967110e+01 1.169034896165e+01 1.195707260977e+01 1.230299795992e+01 1.317947129087e+01 1.368948119119e+01 1.439807673053e+01 1.455932927287e+01 1.577803387652e+01 1.741554568726e+01 1.835871558303e+01 1.896681252145e+01 2.523725504941e+01 2.524548981640e+01
1.288617246891e+00 -3.731594169865e+00 7.088843329293e-01 2.162644596453e+00 3.050706391171e+00 3.475974085890e+00 3.803708640504e+00 4.406797129835e+00 4.487062887437e+00 4.784408893915e+00 5.196436992858e+00 6.075101011281e+00 6.854821869407e+00 7.154027643521e+00 8.267504209327e+00 9.680459353663e+00 1.090068150769e+01 1.160104507054e+01 1.168832250840e+01 1.195920259577e+01 1.230489425973e+01 1.318090287129e+01 1.368975249260e+01 1.439742269840e+01 1.455965201923e+01 1.577921634479e+01 1.741637622836e+01 1.836033097864e+01 1.896723233756e+01 2.523733678539e+01 2.524552149437e+01
1.296032524966e+00 -3.723771918488e+00 7.118311343245e-01 2.169015571023e+00 3.044301579567e+00 3.470998396428e+00 3.806577892133e+00 4.402550028980e+00 4.481660922355e+00 4.784070637509e+00 5.189983239223e+00 6.074515949112e+00 6.856260928801e+00 7.151733347746e+00 8.264709414378e+00 9.675248876415e+00 1.090329725692e+01 1.160043015200e+01 1.168637599109e+01 1.196130630184e+01 1.230670177101e+01 1.318235215516e+01 1.369005616513e+01 1.439686165089e+01 1.455985991192e+01 1.578043514848e+01 1.741734087826e+01 1.836195269137e+01 1.896776522451e+01 2.523740465428e+01 2.524554715443e+01
1.303447803041e+00 -3.716390478285e+00 7.144812402154e-01 2.173770079224e+00 3.037949441699e+00 3.465915288397e+00 3.810257145463e+00 4.398229494767e+00 4.476441053419e+00 4.783782968494e+00 5.184055311518e+00 6.074338100389e+00 6.857747890697e+00 7.149206353883e+00 8.261929962162e+00 9.670193405469e+00 1.090521312826e+01 1.159973589325e+01 1.168452291188e+01 1.196337681507e+01 1.230841997388e+01 1.318381621057e+01 1.369039192768e+01 1.439639543391e+01 1.455995318466e+01 1.578169045632e+01 1.741843999521e+01 1.836357796518e+01 1.896841396097e+01 2.523745854090e+01 2.524556671864e+01
1.310863081116e+00 -3.709468889407e+00 7.168593887353e-01 2.176859567261e+00 3.031664905812e+00 3.460777253160e+00 3.814744128301e+00 4.393821805259e+00 4.471404451854e+00 4.783544810627e+00 5.178662071276e+00 6.074566879821e+00 6.859285089272e+00 7.146445771180e+00 8.259160408513e+00 9.665299480319e+00 1.090641855826e+01 1.159896330688e+01 1.168277652340e+01 1.196540752483e+01 1.231004846670e+01 1.318529196397e+01 1.369075931988e+01 1.439602570217e+01 1.455993240510e+01 1.578298244345e+01 1.741967369452e+01 1.836520390752e+01 1.896918130940e+01 2.523749835873e+01 2.524558011800e+01
1.318278359190e+00 -3.703025386832e+00 7.189886794110e-01 2.178243971182e+00 3.025463770125e+00 3.455629283779e+00 3.820033250794e+00 4.389316803864e+00 4.466552203766e+00 4.783354807681e+00 5.173810900473e+00 6.075201233485e+00 6.860873714122e+00 7.143450855338e+00 8.256395702582e+00 9.660573580355e+00 1.090690405607e+01 1.159811343733e+01 1.168114968929e+01 1.196739215816e+01 1.231158695873e+01 1.318677620828e+01 1.369115770189e+01 1.439575391255e+01 1.455979847469e+01 1.578431129023e+01 1.742104184860e+01 1.836682749974e+01 1.897007000595e+01 2.523752405001e+01 2.524558729255e+01
1.325693637265e+00 -3.697077289065e+00 7.208903926515e-01 2.177892623759e+00 3.019362651613e+00 3.450507267254e+00 3.826116128552e+00 4.384708086946e+00 4.461885322974e+00 4.783211328152e+00 5.169507685680e+00 6.076239634750e+00 6.862513781459e+00 7.140221009504e+00 8.253631230462e+00 9.656022109889e+00 1.090666131332e+01 1.159718735813e+01 1.167965474700e+01 1.196932481019e+01 1.231303526242e+01 1.318826561137e+01 1.369158625580e+01 1.439558131782e+01 1.455955262770e+01 1.578567718100e+01 1.742254408749e+01 1.836844560868e+01 1.897108274966e+01 2.523753558592e+01 2.524558819147e+01
1.333108915340e+00 -3.691640887098e+00 7.225838242356e-01 2.175784918700e+00 3.013378917540e+00 3.445436993313e+00 3.832981727067e+00 4.379993165985e+00 4.457404764480e+00 4.783112471483e+00 5.165756830388e+00 6.077680080907e+00 6.864204114616e+00 7.136755785860e+00 8.250862852901e+00 9.651651383652e+00 1.090568331109e+01 1.159618616949e+01 1.167830337598e+01 1.197119996962e+01 1.231439328557e+01 1.318975672509e+01 1.369204398844e+01 1.439550896114e+01 1.455919642943e+01 1.578708030286e+01 1.742417980018e+01 1.837005499941e+01 1.897222219088e+01 2.523753296661e+01 2.524558277316e+01
1.340524193415e+00 -3.686731334993e+00 7.240861412303e-01 2.171910687774e+00 3.007530599353e+00 3.440433773932e+00 3.840616166145e+00 4.375173615039e+00 4.453111438514e+00 4.783056075707e+00 5.162561295903e+00 6.079520090690e+00 6.865942333955e+00 7.133054887857e+00 8.248086936836e+00 9.647467612872e+00 1.090396442060e+01 1.159511099611e+01 1.167710647479e+01 1.197301253941e+01 1.231566102321e+01 1.319124599472e+01 1.369252973589e+01 1.439553767106e+01 1.455873177341e+01 1.578852084427e+01 1.742594813637e+01 1.837165234903e+01 1.897349091903e+01 2.523751622125e+01 2.524557100531e+01
1.347939471490e+00 -3.682362543504e+00 7.254122654580e-01 2.166270264670e+00 3.001836288890e+00 3.435502627468e+00 3.849002243663e+00 4.370255217055e+00 4.449006225067e+00 4.783039726384e+00 5.159922669903e+00 6.081756702850e+00 6.867724856244e+00 7.129118173101e+00 8.245300380520e+00 9.643476892013e+00 1.090150049405e+01 1.159396298527e+01 1.167607405036e+01 1.197475785277e+01 1.231683854949e+01 1.319272976874e+01 1.369304216942e+01 1.439566805726e+01 1.455816087785e+01 1.578999899378e+01 1.742784800895e+01 1.837323426147e+01 1.897489144979e+01 2.523748540797e+01 2.524555286494e+01
1.355354749565e+00 -3.678547078176e+00 7.265747901071e-01 2.158874230769e+00 2.996315017164e+00 3.430638950627e+00 3.858118745160e+00 4.365248125921e+00 4.445089988775e+00 4.783060766685e+00 5.157841260454e+00 6.084386475927e+00 6.869546903490e+00 7.124945656964e+00 8.242500632029e+00 9.639685186284e+00 1.089828894226e+01 1.159274330523e+01 1.167521512261e+01 1.197643168460e+01 1.231792600942e+01 1.319420430915e+01 1.369357980282e+01 1.439590050701e+01 1.455748628112e+01 1.579151493860e+01 1.742987809697e+01 1.837479728321e+01 1.897642621179e+01 2.523744061378e+01 2.524552833844e+01
1.362770027639e+00 -3.675296063419e+00 7.275839343503e-01 2.149742859948e+00 2.990986116380e+00 3.425829580130e+00 3.867939602525e+00 4.360167065038e+00 4.441363593983e+00 4.783116308492e+00 5.156316212142e+00 6.087405489329e+00 6.871402521199e+00 7.120537516946e+00 8.239685700996e+00 9.636098319953e+00 1.089432879649e+01 1.159145314374e+01 1.167453764708e+01 1.197803025867e+01 1.231892361072e+01 1.319566580196e+01 1.369414100117e+01 1.439623518236e+01 1.455671083631e+01 1.579306886322e+01 1.743203684930e+01 1.837633791978e+01 1.897809753285e+01 2.523738195443e+01 2.524549742163e+01
1.370185305714e+00 -3.672619093974e+00 7.284475398932e-01 2.138905299272e+00 2.985869066169e+00 3.421054133671e+00 3.878432953942e+00 4.355031587735e+00 4.437827919786e+00 4.783203244350e+00 5.155345639981e+00 6.090809345806e+00 6.873284605955e+00 7.115894097862e+00 8.236854163454e+00 9.632721965522e+00 1.088962075203e+01 1.159009370692e+01 1.167404845760e+01 1.197955025078e+01 1.231983161564e+01 1.319711036820e+01 1.369472399083e+01 1.439667201812e+01 1.455583770495e+01 1.579466094799e+01 1.743432248867e+01 1.837785265290e+01 1.897990762595e+01 2.523730957419e+01 2.524546011971e+01
1.377600583789e+00 -3.670524155174e+00 7.291711122498e-01 2.126398537776e+00 2.980983325489e+00 3.416286516687e+00 3.889560140552e+00 4.349866430068e+00 4.434483874810e+00 4.783318260127e+00 5.154926776037e+00 6.094593175340e+00 6.875184942187e+00 7.111015917911e+00 8.234005159690e+00 9.629561633785e+00 1.088416719207e+01 1.158866621824e+01 1.167375323039e+01 1.198098878812e+01 1.232065033297e+01 1.319853407518e+01 1.369532687051e+01 1.439721072068e+01 1.455487034977e+01 1.579629136771e+01 1.743673301645e+01 1.837933795821e+01 1.898185857503e+01 2.523722364561e+01 2.524541644730e+01
1.385015861864e+00 -3.669017553262e+00 7.297579082618e-01 2.112266224877e+00 2.976348151953e+00 3.411496487002e+00 3.901274655054e+00 4.344701992343e+00 4.431332411485e+00 4.783457848212e+00 5.155056123241e+00 6.098751640471e+00 6.877094247947e+00 7.105903675720e+00 8.231138385092e+00 9.626622664758e+00 1.087797219126e+01 1.158717191777e+01 1.167365647002e+01 1.198234344513e+01 1.232138011017e+01 1.319993294803e+01 1.369594762334e+01 1.439785076769e+01 1.455381252658e+01 1.579796029021e+01 1.743926621776e+01 1.838079032328e+01 1.898395232072e+01 2.523712436924e+01 2.524536642836e+01
1.392431139939e+00 -3.668103856937e+00 7.302090699909e-01 2.096557402940e+00 2.971982410809e+00 3.406651182369e+00 3.913521035637e+00 4.339574991754e+00 4.428374539536e+00 4.783618321118e+00 5.155729610674e+00 6.103278942983e+00 6.879002229462e+00 7.100558258451e+00 8.228254073990e+00 9.623910219448e+00 1.087104149907e+01 1.158561206163e+01 1.167376151703e+01 1.198361223629e+01 1.232202132572e+01 1.320130298166e+01 1.369658412983e+01 1.439859140851e+01 1.455266827522e+01 1.579966787495e+01 1.744191966720e+01 1.838220626592e+01 1.898619064621e+01 2.523701197321e+01 2.524531009624e+01
1.399846418014e+00 -3.667785851100e+00 7.305238036703e-01 2.079325215575e+00 2.967904376109e+00 3.401716534467e+00 3.926233677693e+00 4.334529333819e+00 4.425611338411e+00 4.783795825319e+00 5.156942744685e+00 6.108168831874e+00 6.880897644201e+00 7.094980751082e+00 8.225352976578e+00 9.621429272422e+00 1.086338250392e+01 1.158398792161e+01 1.167407057585e+01 1.198479360606e+01 1.232257438169e+01 1.320264015287e+01 1.369723418138e+01 1.439943166569e+01 1.455144190962e+01 1.580141427162e+01 1.744469073498e+01 1.838358235247e+01 1.898857516336e+01 2.523688671288e+01 2.524524749355e+01
1.407261696088e+00 -3.668064503592e+00 7.306996009746e-01 2.060625645624e+00 2.964131526987e+00 3.396658514374e+00 3.939335519163e+00 4.329617252734e+00 4.423043968360e+00 4.783986355196e+00 5.158690750501e+00 6.113414612429e+00 6.882768372115e+00 7.089172446992e+00 8.222436329026e+00 9.619184605083e+00 1.085500417977e+01 1.158230078498e+01 1.167458476135e+01 1.198588641631e+01 1.232303969665e+01 1.320394043287e+01 1.369789549435e+01 1.440037033721e+01 1.455013800700e+01 1.580319961879e+01 1.744757659353e+01 1.838491521596e+01 1.899110729922e+01 2.523674887033e+01 2.524517867213e+01
1.414676974163e+00 -3.668938945497e+00 7.307324984993e-01 2.040516326134e+00 2.960680342232e+00 3.391444176490e+00 3.952736548553e+00 4.324900765754e+00 4.420673679885e+00 4.784185766957e+00 5.160968699461e+00 6.119009156212e+00 6.884601494701e+00 7.083134860000e+00 8.219505817020e+00 9.617180799553e+00 1.084591701753e+01 1.158055195454e+01 1.167530416147e+01 1.198688993171e+01 1.232341769879e+01 1.320519979997e+01 1.369856572441e+01 1.440140599968e+01 1.454876139612e+01 1.580502404257e+01 1.745057422455e+01 1.838620157399e+01 1.899378828317e+01 2.523659875388e+01 2.524510369295e+01
1.422092252238e+00 -3.670406465357e+00 7.306173701182e-01 2.019055455563e+00 2.957566096603e+00 3.386042487994e+00 3.966332096864e+00 4.320453465845e+00 4.418501821277e+00 4.784389792397e+00 5.163771617593e+00 6.124944911686e+00 6.886383381429e+00 7.076869738036e+00 8.216563532965e+00 9.615422233039e+00 1.083613294396e+01 1.157874274876e+01 1.167622791306e+01 1.198780380327e+01 1.232370881950e+01 1.320641425263e+01 1.369924248109e+01 1.440253701243e+01 1.454731714469e+01 1.580688765534e+01 1.745368042639e+01 1.838743824603e+01 1.899661913473e+01 2.523643669752e+01 2.524502262605e+01
1.429507530313e+00 -3.672462517389e+00 7.303482458396e-01 1.996300836554e+00 2.954802662490e+00 3.380424947632e+00 3.980000921062e+00 4.316362624897e+00 4.416529843964e+00 4.784594052412e+00 5.167094571957e+00 6.131213915148e+00 6.888099783050e+00 7.070379078651e+00 8.213611927246e+00 9.613913072535e+00 1.082566523108e+01 1.157687450221e+01 1.167735428778e+01 1.198862805052e+01 1.232391348720e+01 1.320757982263e+01 1.369992334217e+01 1.440376152242e+01 1.454581054591e+01 1.580879055442e+01 1.745689182186e+01 1.838862217013e+01 1.899960065228e+01 2.523626306027e+01 2.524493555040e+01
1.436922808388e+00 -3.675100743573e+00 7.299186499741e-01 1.972309046790e+00 2.952402320616e+00 3.374566010021e+00 3.993603191875e+00 4.312731472285e+00 4.414759305437e+00 4.784794070158e+00 5.170932731854e+00 6.137807801571e+00 6.889735931223e+00 7.063665146609e+00 8.210653753970e+00 9.612657269691e+00 1.081452839901e+01 1.157494856607e+01 1.167868078495e+01 1.198936304252e+01 1.232403212162e+01 1.320869258863e+01 1.370060586801e+01 1.440507747009e+01 1.454424710423e+01 1.581073282097e+01 1.746020486639e+01 1.838975041872e+01 1.900273340289e+01 2.523607822554e+01 2.524484255375e+01
1.444338086462e+00 -3.678313009212e+00 7.293219508717e-01 1.947134741527e+00 2.950375583445e+00 3.368443339681e+00 4.006978696542e+00 4.309681315793e+00 4.413191869478e+00 4.784985283780e+00 5.175281402722e+00 6.144717814907e+00 6.891276643810e+00 7.056730493837e+00 8.207692011728e+00 9.611658555672e+00 1.080273811547e+01 1.157296630889e+01 1.168020422821e+01 1.199000947813e+01 1.232406512849e+01 1.320974868981e+01 1.370128761540e+01 1.440648259598e+01 1.454263252018e+01 1.581271451875e+01 1.746361585645e+01 1.839082021344e+01 1.900601771319e+01 2.523588260043e+01 2.524474373256e+01
1.451753364537e+00 -3.682089451379e+00 7.285517142231e-01 1.920830080532e+00 2.948731034887e+00 3.362037922969e+00 4.019945893576e+00 4.307352847566e+00 4.411829303515e+00 4.785163058657e+00 5.180136031249e+00 6.151934817309e+00 6.892706435138e+00 7.049577982094e+00 8.204729880021e+00 9.610920435821e+00 1.079031109441e+01 1.157092911750e+01 1.168192086309e+01 1.199056836583e+01 1.232401289462e+01 1.321074433981e+01 1.370196615100e+01 1.440797444815e+01 1.454097267455e+01 1.581473569307e+01 1.746712093832e+01 1.839182893881e+01 1.900945366167e+01 2.523567661493e+01 2.524463919180e+01
1.459168642612e+00 -3.686418539432e+00 7.276020519221e-01 1.893444267347e+00 2.947475189631e+00 3.355334066869e+00 4.032302916963e+00 4.305905520592e+00 4.410673472857e+00 4.785322699108e+00 5.185492180845e+00 6.159449296654e+00 6.894009630427e+00 7.042210808730e+00 8.201770652055e+00 9.610446183913e+00 1.077726499641e+01 1.156883839812e+01 1.168382645300e+01 1.199104100335e+01 1.232387578343e+01 1.321167584085e+01 1.370263906411e+01 1.440955039037e+01 1.453927361171e+01 1.581679636973e+01 1.747071611707e+01 1.839277415462e+01 1.901304107226e+01 2.523546072119e+01 2.524452904477e+01
1.466583920687e+00 -3.691287146617e+00 7.264679587781e-01 1.865023185803e+00 2.946612375131e+00 3.348319311977e+00 4.043832122627e+00 4.305513389541e+00 4.409726331685e+00 4.785459459538e+00 5.191345477277e+00 6.167251371685e+00 6.895170483501e+00 7.034632536023e+00 8.198817664739e+00 9.610238835827e+00 1.076361833286e+01 1.156669557762e+01 1.168591637141e+01 1.199142895735e+01 1.232365413094e+01 1.321253959789e+01 1.370330397865e+01 1.441120761102e+01 1.453754152228e+01 1.581889655408e+01 1.747439726582e+01 1.839365360692e+01 1.901677950950e+01 2.523523539259e+01 2.524441341299e+01
1.473999198762e+00 -3.696680631610e+00 7.251456298840e-01 1.835609117183e+00 2.946144638856e+00 3.340984283991e+00 4.054309983705e+00 4.306355599785e+00 4.408989910602e+00 4.785568555011e+00 5.197691524865e+00 6.175330793944e+00 6.896173296837e+00 7.026847124666e+00 8.195874226797e+00 9.610301182419e+00 1.074939037545e+01 1.156450210504e+01 1.168818568857e+01 1.199173404355e+01 1.232334824218e+01 1.321333213311e+01 1.370395856437e+01 1.441294313262e+01 1.453578272511e+01 1.582103623009e+01 1.747816013519e+01 1.839446523761e+01 1.902066827520e+01 2.523500112292e+01 2.524429242591e+01
1.481414476837e+00 -3.702582928773e+00 7.236327521844e-01 1.805240520986e+00 2.946071682880e+00 3.333322504185e+00 4.063523485469e+00 4.308600367428e+00 4.408466300662e+00 4.785645171248e+00 5.204525794212e+00 6.183676945602e+00 6.897002542899e+00 7.018858972049e+00 8.192943545977e+00 9.610635761422e+00 1.073460107251e+01 1.156225945323e+01 1.169062925132e+01 1.199195830728e+01 1.232295838812e+01 1.321405010030e+01 1.370460054704e+01 1.441475382192e+01 1.453400364865e+01 1.582321535954e+01 1.748200036290e+01 1.839520719239e+01 1.902470640671e+01 2.523475842539e+01 2.524416622078e+01
1.488829754911e+00 -3.708976645756e+00 7.219287646843e-01 1.773951862512e+00 2.946390827335e+00 3.325330175420e+00 4.071292053808e+00 4.312383412723e+00 4.408157633761e+00 4.785684474084e+00 5.211843483059e+00 6.192278832110e+00 6.897642985672e+00 7.010672956164e+00 8.190028656430e+00 9.611244848197e+00 1.071927097257e+01 1.155996912069e+01 1.169324175528e+01 1.199210400502e+01 1.232248480301e+01 1.321469029944e+01 1.370522771776e+01 1.441663640057e+01 1.453221081175e+01 1.582543388125e+01 1.748591348357e+01 1.839587782719e+01 1.902889267683e+01 2.523450783173e+01 2.524403494242e+01
1.496245032986e+00 -3.715843167083e+00 7.200350827471e-01 1.741773471131e+00 2.947097003577e+00 3.317005956483e+00 4.077490680339e+00 4.317785182041e+00 4.408066059325e+00 4.785681618409e+00 5.219639352453e+00 6.201125068461e+00 6.898079801211e+00 7.002294486096e+00 8.187132347383e+00 9.612130445180e+00 1.070342115614e+01 1.155763263370e+01 1.169601780861e+01 1.199217358674e+01 1.232192768224e+01 1.321524969115e+01 1.370583794113e+01 1.441858745617e+01 1.453041080401e+01 1.582769171040e+01 1.748989493864e+01 1.839647571304e+01 1.903322559527e+01 2.523424989110e+01 2.524389874295e+01
1.503660311061e+00 -3.723162762317e+00 7.179552830064e-01 1.708731413907e+00 2.948182777302e+00 3.308350734239e+00 4.082067108469e+00 4.324813993451e+00 4.408193717293e+00 4.785631756648e+00 5.227907541044e+00 6.210203857633e+00 6.898298696006e+00 6.993729560243e+00 8.184257094254e+00 9.613294269910e+00 1.068707317540e+01 1.155525154851e+01 1.169895198729e+01 1.199216967952e+01 1.232128718068e+01 1.321572541121e+01 1.370642916237e+01 1.442060345376e+01 1.452861026558e+01 1.582998873793e+01 1.749394008633e+01 1.839699963925e+01 1.903770341182e+01 2.523398516913e+01 2.524375778157e+01
1.511075589136e+00 -3.730914697410e+00 7.156952464963e-01 1.674847369899e+00 2.949638401131e+00 3.299367400335e+00 4.085046454874e+00 4.333401731366e+00 4.408542707357e+00 4.785530046845e+00 5.236641360994e+00 6.219502959557e+00 6.898286021910e+00 6.984984833693e+00 8.181404993400e+00 9.614737741515e+00 1.067024900201e+01 1.155282745388e+01 1.170203888193e+01 1.199209507244e+01 1.232056341147e+01 1.321611478488e+01 1.370699941344e+01 1.442268074752e+01 1.452681586679e+01 1.583232483000e+01 1.749804421178e+01 1.839744861515e+01 1.904232412090e+01 2.523371424676e+01 2.524361222433e+01
1.518490867211e+00 -3.739077347899e+00 7.132632586582e-01 1.640138490853e+00 2.951451895570e+00 3.290060636980e+00 4.086521338558e+00 4.343414017990e+00 4.409115054538e+00 4.785371660438e+00 5.245833079617e+00 6.229009648629e+00 6.898028886402e+00 6.976067696447e+00 8.178577701663e+00 9.616461965619e+00 1.065297098260e+01 1.155036197372e+01 1.170527313610e+01 1.199195270299e+01 1.231975644535e+01 1.321641534104e+01 1.370754681800e+01 1.442481559274e+01 1.452503428734e+01 1.583469982754e+01 1.750220253715e+01 1.839782187027e+01 1.904708546770e+01 2.523343771918e+01 2.524346224383e+01
1.525906145286e+00 -3.747628312675e+00 7.106700658522e-01 1.604617233957e+00 2.953609156657e+00 3.280436714626e+00 4.086631644598e+00 4.354670733969e+00 4.409912671140e+00 4.785151789807e+00 5.255473691523e+00 6.238710657451e+00 6.897515256937e+00 6.966986364547e+00 8.175776381836e+00 9.618467717607e+00 1.063526180148e+01 1.154785677000e+01 1.170864947693e+01 1.199174564505e+01 1.231886631044e+01 1.321662482612e+01 1.370806959534e+01 1.442700415793e+01 1.452327219544e+01 1.583711354589e+01 1.750641023177e+01 1.839811885308e+01 1.905198495565e+01 2.523315619466e+01 2.524330801894e+01
1.533321423360e+00 -3.756544527117e+00 7.079288888722e-01 1.568291151641e+00 2.956094088041e+00 3.270503303133e+00 4.085541279437e+00 4.366969530244e+00 4.410937315220e+00 4.784865655716e+00 5.265552686625e+00 6.248592104009e+00 6.896734058209e+00 6.957749986635e+00 8.173001655125e+00 9.620755424296e+00 1.061714445005e+01 1.154531354591e+01 1.171216273801e+01 1.199147709862e+01 1.231789299251e+01 1.321674121761e+01 1.370856606333e+01 1.442924253696e+01 1.452153622675e+01 1.583956577445e+01 1.751066242234e+01 1.839833922838e+01 1.905701985517e+01 2.523287029340e+01 2.524314973454e+01
1.540736701435e+00 -3.765802374526e+00 7.050553947030e-01 1.531162621932e+00 2.958888754833e+00 3.260269297116e+00 4.083418242252e+00 4.380106004703e+00 4.412190545711e+00 4.784508514763e+00 5.276057819866e+00 6.258639398942e+00 6.895675261206e+00 6.948368768984e+00 8.170253561569e+00 9.623325144026e+00 1.059864220218e+01 1.154273404913e+01 1.171580787539e+01 1.199115038153e+01 1.231683643578e+01 1.321676273718e+01 1.370903464034e+01 1.443152676117e+01 1.451983296344e+01 1.584205627652e+01 1.751495420304e+01 1.839848287351e+01 1.906218721361e+01 2.523258064629e+01 2.524298758121e+01
1.548151979510e+00 -3.775377794850e+00 7.020676283601e-01 1.493228500399e+00 2.961973556172e+00 3.249744655545e+00 4.080421001645e+00 4.393887551812e+00 4.413673674392e+00 4.784075666991e+00 5.286974888860e+00 6.268837128898e+00 6.894329963046e+00 6.938854122745e+00 8.167531529260e+00 9.626176545296e+00 1.057977859499e+01 1.154012007545e+01 1.171957997710e+01 1.199076892304e+01 1.231569654417e+01 1.321668786323e+01 1.370947384626e+01 1.443385281144e+01 1.451816891330e+01 1.584458478911e+01 1.751928064567e+01 1.839854987336e+01 1.906748386618e+01 2.523228789373e+01 2.524282175492e+01
1.555567257585e+00 -3.785246389879e+00 6.989859071090e-01 1.454479670840e+00 2.965327413242e+00 3.238940255309e+00 4.076691153106e+00 4.408140906626e+00 4.415387714936e+00 4.783562463795e+00 5.298287525827e+00 6.279168911114e+00 6.892690456711e+00 6.929218837956e+00 8.164834353051e+00 9.629308884062e+00 1.056057741416e+01 1.153747347251e+01 1.172347426662e+01 1.199033625975e+01 1.231447318310e+01 1.321651534285e+01 1.370988230264e+01 1.443621663005e+01 1.451655048911e+01 1.584715102286e+01 1.752363680966e+01 1.839854051437e+01 1.907290644783e+01 2.523199268433e+01 2.524265245670e+01
1.562982535660e+00 -3.795383524145e+00 6.958326796948e-01 1.414900466177e+00 2.968927969281e+00 3.227867758191e+00 4.072350808731e+00 4.417333329295e+00 4.422714928226e+00 4.782964316332e+00 5.309977010102e+00 6.289617213371e+00 6.890750289926e+00 6.919477289846e+00 8.162160183257e+00 9.632720979888e+00 1.054106268333e+01 1.153479614382e+01 1.172748610091e+01 1.198985603375e+01 1.231316618175e+01 1.321624420297e+01 1.371025873208e+01 1.443861413229e+01 1.451498398830e+01 1.584975466208e+01 1.752801775208e+01 1.839845527775e+01 1.907845140583e+01 2.523169567370e+01 2.524247989236e+01
1.570397813735e+00 -3.805764420943e+00 6.926323534160e-01 1.374467922779e+00 2.972751798103e+00 3.216539490574e+00 4.067502919067e+00 4.419510771720e+00 4.437480419195e+00 4.782276704601e+00 5.322022107179e+00 6.300163132260e+00 6.888504312631e+00 6.909645684165e+00 8.159506524668e+00 9.636411191162e+00 1.052125865665e+01 1.153209005297e+01 1.173161096317e+01 1.198933199341e+01 1.231177533581e+01 1.321587376073e+01 1.371060195679e+01 1.444104121787e+01 1.451347557312e+01 1.585239536475e+01 1.753241853747e+01 1.839829483182e+01 1.908411501306e+01 2.523139752310e+01 2.524230427208e+01
1.582612508331e+00 -3.795486159991e+00 6.790711934093e-01 1.314070742808e+00 2.955385891074e+00 3.184943814998e+00 4.065151765936e+00 4.407829770717e+00 4.436279693118e+00 4.776217228676e+00 5.314001582241e+00 6.301154633244e+00 6.883511626140e+00 6.890668343115e+00 8.131942346624e+00 9.627134606398e+00 1.049053021191e+01 1.152581924446e+01 1.174058281340e+01 1.199707034668e+01 1.231228309779e+01 1.321970407272e+01 1.371112541186e+01 1.444389460559e+01 1.451595004468e+01 1.586581424554e+01 1.754551373447e+01 1.840000516096e+01 1.910535213612e+01 2.523133464533e+01 2.524202697826e+01
1.594827202928e+00 -3.784867915218e+00 6.628532015927e-01 1.248903581503e+00 2.937422959900e+00 3.151480982519e+00 4.061448535501e+00 4.396160096303e+00 4.434937091039e+00 4.769841219429e+00 5.305709467670e+00 6.301277134057e+00 6.871416095483e+00 6.877502113791e+00 8.102464381423e+00 9.618113008912e+00 1.045887165122e+01 1.151925617021e+01 1.174981075537e+01 1.200508996694e+01 1.231285916569e+01 1.322322181086e+01 1.371166212950e+01 1.444698148380e+01 1.451900297310e+01 1.587986279367e+01 1.755916758918e+01 1.840167966124e+01 1.912769275503e+01 2.523128123333e+01 2.524173447866e+01
1.607041897525e+00 -3.773946691593e+00 6.437169308630e-01 1.178341030962e+00 2.918907086630e+00 3.116091567453e+00 4.056537893614e+00 4.384526152476e+00 4.433309774351e+00 4.763184943006e+00 5.297177164892e+00 6.300513944509e+00 6.851955430255e+00 6.870421108910e+00 8.071146732882e+00 9.609378927918e+00 1.042638349333e+01 1.151240008001e+01 1.175919973118e+01 1.201340092840e+01 1.231353529072e+01 1.322638344854e+01 1.371222648826e+01 1.445030554853e+01 1.452264887222e+01 1.589449789874e+01 1.757335319363e+01 1.840334422256e+01 1.915105558250e+01 2.523123715051e+01 2.524142711948e+01
1.619256592122e+00 -3.762761376582e+00 6.213398701080e-01 1.101522437039e+00 2.899885427493e+00 3.078716888455e+00 4.050563357574e+00 4.372950216534e+00 4.431257362090e+00 4.756284973124e+00 5.288432525772e+00 6.298850125762e+00 6.832354582844e+00 6.862206247552e+00 8.038082688004e+00 9.600957266191e+00 1.039315972134e+01 1.150525101454e+01 1.176866083334e+01 1.202201496084e+01 1.231433995663e+01 1.322915211787e+01 1.371283328711e+01 1.445386825829e+01 1.452689758529e+01 1.590967646723e+01 1.758804295530e+01 1.840502267819e+01 1.917536038799e+01 2.523120224598e+01 2.524110526884e+01
1.631471286719e+00 -3.751352734296e+00 5.953142156787e-01 1.017219469918e+00 2.880407973041e+00 3.039299487277e+00 4.043661020699e+00 4.361452424546e+00 4.428647711191e+00 4.749178032040e+00 5.279499905212e+00 6.296273151540e+00 6.812682480238e+00 6.852786311711e+00 8.003385374554e+00 9.592865649927e+00 1.035928820055e+01 1.149780986095e+01 1.177811206265e+01 1.203094423711e+01 1.231529826523e+01 1.323149785440e+01 1.371349760032e+01 1.445766882311e+01 1.453175404792e+01 1.592535565446e+01 1.760320867968e+01 1.840673652457e+01 1.920052849498e+01 2.523117635486e+01 2.524076931666e+01
1.643685981316e+00 -3.739763384641e+00 5.651075941079e-01 9.235888564731e-01 2.860527209891e+00 2.997783366323e+00 4.035954962051e+00 4.350050766697e+00 4.425361184303e+00 4.741900832407e+00 5.270400275208e+00 6.292773702688e+00 6.793007511455e+00 6.842080043280e+00 7.967188276848e+00 9.585114957295e+00 1.032485116696e+01 1.149007839660e+01 1.178747906165e+01 1.204020010560e+01 1.231643189674e+01 1.323339767379e+01 1.371423461952e+01 1.446170424549e+01 1.453721816724e+01 1.594149306338e+01 1.761882165163e+01 1.840850477469e+01 1.922648313162e+01 2.523115929868e+01 2.524041967451e+01
1.655900675913e+00 -3.728037764762e+00 5.299956732023e-01 8.176584869759e-01 2.840297682764e+00 2.954113970261e+00 4.027554205482e+00 4.338761093415e+00 4.421293544878e+00 4.734489918572e+00 5.261151397459e+00 6.288346581260e+00 6.773396139889e+00 6.829994988193e+00 7.929645594344e+00 9.577709982714e+00 1.028992574389e+01 1.148205932133e+01 1.179669580701e+01 1.204979182762e+01 1.231775913301e+01 1.323483549153e+01 1.371505948698e+01 1.446596940671e+01 1.454328481819e+01 1.595804691205e+01 1.763485271534e+01 1.841034391599e+01 1.925314966311e+01 2.523115088572e+01 2.524005677545e+01
1.668115370509e+00 -3.716222069823e+00 4.889376953633e-01 6.940792535473e-01 2.819775459176e+00 2.908237902065e+00 4.018550945875e+00 4.327597132583e+00 4.416357757947e+00 4.726981505964e+00 5.251768049965e+00 6.282991711978e+00 6.753911393881e+00 6.816426463599e+00 7.890932396305e+00 9.570650191970e+00 1.025458445689e+01 1.147375627881e+01 1.180570521473e+01 1.205972539613e+01 1.231929493215e+01 1.323580190081e+01 1.371598712447e+01 1.447045719107e+01 1.454994395274e+01 1.597497617171e+01 1.765127235257e+01 1.841226794622e+01 1.928045573206e+01 2.523115091144e+01 2.523968107382e+01
1.680330065106e+00 -3.704364169815e+00 4.403223928446e-01 5.412147206782e-01 2.799017503389e+00 2.860102368026e+00 4.009019719505e+00 4.316570517553e+00 4.410485008414e+00 4.719411317330e+00 5.242262301215e+00 6.276715177383e+00 6.734611295096e+00 6.801256784059e+00 7.851244481005e+00 9.563930524918e+00 1.021889572719e+01 1.146517386772e+01 1.181445959404e+01 1.207000252033e+01 1.232105104418e+01 1.323629382657e+01 1.371703206186e+01 1.447515864032e+01 1.455718081320e+01 1.599224067806e+01 1.766805075878e+01 1.841428846467e+01 1.930833132938e+01 2.523115915887e+01 2.523929304502e+01
1.692544759703e+00 -3.692513498815e+00 3.200212136563e-01 3.813685759727e-01 2.778080970764e+00 2.809654348346e+00 3.999017219987e+00 4.305690825180e+00 4.403625217505e+00 4.711814414603e+00 5.232643823680e+00 6.269530210970e+00 6.715547308167e+00 6.784354934721e+00 7.810797791691e+00 9.557542207004e+00 1.018292433132e+01 1.145631764360e+01 1.182292088396e+01 1.208061985533e+01 1.232303615854e+01 1.323631407669e+01 1.371820826961e+01 1.448006313086e+01 1.456497623697e+01 1.600980121829e+01 1.768515791707e+01 1.841641480019e+01 1.933670881447e+01 2.523117539904e+01 2.523889318527e+01
1.704759454300e+00 -3.680720912874e+00 -2.990268855467e-01 3.063419010913e-01 2.756839488914e+00 2.757022438374e+00 3.988582516657e+00 4.294965622656e+00 4.395747277355e+00 4.704225025284e+00 5.222920236502e+00 6.261458054316e+00 6.696762915284e+00 6.765576935154e+00 7.769827179574e+00 9.551473537141e+00 1.014673181998e+01 1.144719411249e+01 1.183106061965e+01 1.209156853739e+01 1.232525607500e+01 1.323587081246e+01 1.371952899853e+01 1.448515856612e+01 1.457330703687e+01 1.602761959678e+01 1.770256366947e+01 1.841865416144e+01 1.936552289945e+01 2.523119939146e+01 2.523848201133e+01
1.716974148897e+00 -3.669038512521e+00 -5.312745927221e-01 1.980985109949e-01 2.701600704789e+00 2.735897092151e+00 3.977737496164e+00 4.284400521562e+00 4.386839156289e+00 4.696676362254e+00 5.213097465832e+00 6.252528574979e+00 6.678292430515e+00 6.744767186243e+00 7.728584248358e+00 9.545710626718e+00 1.011037689278e+01 1.143781071735e+01 1.183885960255e+01 1.210283405464e+01 1.232771389123e+01 1.323497696141e+01 1.372100663013e+01 1.449043157790e+01 1.458214643956e+01 1.604565868208e+01 1.772023778562e+01 1.842101179834e+01 1.939471060916e+01 2.523123088459e+01 2.523806006016e+01
1.729188843494e+00 -3.657519425807e+00 -6.897668515258e-01 -1.348149444811e-01 2.643876475913e+00 2.714757894644e+00 3.966487409325e+00 4.273999237255e+00 4.376907964194e+00 4.689200436000e+00 5.203180110307e+00 6.242780546654e+00 6.660160165530e+00 6.721761115329e+00 7.687333984959e+00 9.540238071833e+00 1.007391572842e+01 1.142817581833e+01 1.184630728163e+01 1.211439644719e+01 1.233041020083e+01 1.323364959462e+01 1.372265253993e+01 1.449586773041e+01 1.459146456353e+01 1.606388243788e+01 1.773815002841e+01 1.842349116676e+01 1.942421122541e+01 2.523126961628e+01 2.523762788864e+01
1.741403538091e+00 -3.646217547878e+00 -8.183461224502e-01 -2.796000581678e-01 2.583598799673e+00 2.693654760262e+00 3.954821460800e+00 4.263763651484e+00 4.365980011613e+00 4.681827858273e+00 5.193171798922e+00 6.232261514779e+00 6.642380037911e+00 6.696389404588e+00 7.646349904669e+00 9.535039547680e+00 1.003740227112e+01 1.141829866817e+01 1.185340088607e+01 1.212623079601e+01 1.233334329686e+01 1.323190928994e+01 1.372447697548e+01 1.450145172232e+01 1.460122891892e+01 1.608225594031e+01 1.775627021669e+01 1.842609409063e+01 1.945396622183e+01 2.523131531433e+01 2.523718607308e+01
1.753618232687e+00 -3.635187233376e+00 -9.293530712098e-01 -3.748116061470e-01 2.520690741679e+00 2.672633766217e+00 3.942713429547e+00 4.253693875931e+00 4.354100846619e+00 4.674587636264e+00 5.183075529137e+00 6.221027208626e+00 6.624955675953e+00 6.668483973954e+00 7.605907547264e+00 9.530098319860e+00 1.000088847555e+01 1.140818938359e+01 1.186014437472e+01 1.213830793384e+01 1.233650937674e+01 1.322977949948e+01 1.372648895063e+01 1.450716758256e+01 1.461140491223e+01 1.610074538405e+01 1.777456828471e+01 1.842882091795e+01 1.948391919394e+01 2.523136769699e+01 2.523673520891e+01
1.765832927284e+00 -3.624482938470e+00 -1.028357383955e+00 -4.525228728169e-01 2.455063493146e+00 2.651736427098e+00 3.930122355549e+00 4.243788314243e+00 4.341335207745e+00 4.667506956388e+00 5.172893974469e+00 6.209140509926e+00 6.607881024751e+00 6.637885669754e+00 7.566276376288e+00 9.525397672170e+00 9.964424512719e+00 1.139785891378e+01 1.186654728078e+01 1.215059529731e+01 1.233990274523e+01 1.322728593788e+01 1.372869615642e+01 1.451299885675e+01 1.462195634137e+01 1.611931807902e+01 1.779301433831e+01 1.843167066810e+01 1.951401578741e+01 2.523142647346e+01 2.523627591015e+01
1.778047621881e+00 -3.614158810224e+00 -1.118431210218e+00 -5.202803476776e-01 2.386612796915e+00 2.630999058846e+00 3.916993374617e+00 4.234043719965e+00 4.327766787331e+00 4.660610956787e+00 5.162629752974e+00 6.196670039339e+00 6.591141406044e+00 6.604453287740e+00 7.527710453229e+00 9.520921253995e+00 9.928058939971e+00 1.138731900682e+01 1.187262353068e+01 1.216305783922e+01 1.234351601265e+01 1.322445600416e+01 1.373110488898e+01 1.451892878173e+01 1.463284586882e+01 1.613794243973e+01 1.781157870787e+01 1.843464116951e+01 1.954420362675e+01 2.523149134450e+01 2.523580880893e+01
1.790262316478e+00 -3.604268222267e+00 -1.201478530005e+00 -5.812245631829e-01 2.315214537883e+00 2.610452254008e+00 3.903258827400e+00 4.224455247645e+00 4.313497658090e+00 4.653922487579e+00 5.152285650794e+00 6.183688465791e+00 6.568073184318e+00 6.574714938759e+00 7.490438631274e+00 9.516653352958e+00 9.891838838106e+00 1.137658217484e+01 1.187839030556e+01 1.217565892966e+01 1.234734028655e+01 1.322131824705e+01 1.373371999419e+01 1.452494044679e+01 1.464403546319e+01 1.615658796866e+01 1.783023199781e+01 1.843772918680e+01 1.957443224560e+01 2.523156200296e+01 2.523533455493e+01
1.802477011075e+00 -3.594863257394e+00 -1.278774200331e+00 -6.369642345292e-01 2.240719196945e+00 2.590120484639e+00 3.888839806875e+00 4.215016494236e+00 4.298647180676e+00 4.647461857767e+00 5.141864797937e+00 6.170270671251e+00 6.528668404634e+00 6.558574196873e+00 7.454655337748e+00 9.512579100028e+00 9.855809918710e+00 1.136566165863e+01 1.188386699733e+01 1.218836119151e+01 1.235136535504e+01 1.321790188069e+01 1.373654482845e+01 1.453101694024e+01 1.465548680239e+01 1.617522523526e+01 1.784894513279e+01 1.844093053767e+01 1.960465301958e+01 2.523163813432e+01 2.523485381480e+01
1.814691705672e+00 -3.585994139929e+00 -1.351220557459e+00 -6.884160029564e-01 2.162944722372e+00 2.570021842664e+00 3.873648331104e+00 4.205719527696e+00 4.283350190938e+00 4.641246567444e+00 5.131370796612e+00 6.156491910893e+00 6.486206111101e+00 6.542687970492e+00 7.420513159530e+00 9.508684615083e+00 9.820016604795e+00 1.135457139204e+01 1.188907429243e+01 1.220112723463e+01 1.235557986093e+01 1.321423635463e+01 1.373958123481e+01 1.453714148124e+01 1.466716163406e+01 1.619382585158e+01 1.786768940057e+01 1.844424019986e+01 1.963481910202e+01 2.523171941737e+01 2.523436727154e+01
1.826906400268e+00 -3.577708623293e+00 -1.419483696045e+00 -7.361333074511e-01 2.081667147772e+00 2.550167920185e+00 3.857590320520e+00 4.196554899449e+00 4.267754276649e+00 4.635291023523e+00 5.120807805207e+00 6.142426096245e+00 6.440702233959e+00 6.527023004423e+00 7.388118308738e+00 9.504957101172e+00 9.784502087652e+00 1.134332596693e+01 1.189403339872e+01 1.221392027067e+01 1.235997146576e+01 1.321035097973e+01 1.374282953349e+01 1.454329753653e+01 1.467902209090e+01 1.621236244565e+01 1.788643649159e+01 1.844765240853e+01 1.966488536276e+01 2.523180552471e+01 2.523387562375e+01
1.839121094865e+00 -3.570051341246e+00 -1.484071877151e+00 -7.804596105472e-01 1.996607925912e+00 2.530563825044e+00 3.840569504033e+00 4.187511637025e+00 4.252016012283e+00 4.629606236547e+00 5.110180583399e+00 6.128144301921e+00 6.392222697768e+00 6.511545611458e+00 7.357529615319e+00 9.501384895466e+00 9.749308362777e+00 1.133194059858e+01 1.189876541689e+01 1.222670460487e+01 1.236452700341e+01 1.320627460941e+01 1.374628852557e+01 1.454946892267e+01 1.469103096088e+01 1.623080863335e+01 1.790515853528e+01 1.845116074510e+01 1.969480833013e+01 2.523189612344e+01 2.523337958493e+01
1.851335789462e+00 -3.563063134674e+00 -1.545383490009e+00 -8.216087371585e-01 1.907416350654e+00 2.511208320159e+00 3.822492261812e+00 4.178577212834e+00 4.236296140661e+00 4.624199495213e+00 5.099494505547e+00 6.113713561655e+00 6.340881196449e+00 6.496223088366e+00 7.328761076719e+00 9.497957484430e+00 9.714476247578e+00 1.132043109204e+01 1.190329084786e+01 1.223944601111e+01 1.236923262317e+01 1.320203537425e+01 1.374995550887e+01 1.455563989420e+01 1.470315191339e+01 1.624913898953e+01 1.792382813331e+01 1.845475821796e+01 1.972454613583e+01 2.523199087573e+01 2.523287988267e+01
1.863550484059e+00 -3.556780369230e+00 -1.603737845026e+00 -8.597108017388e-01 1.813644408338e+00 2.492094069507e+00 3.803273234640e+00 4.169737484529e+00 4.220753871961e+00 4.619074013870e+00 5.088755550522e+00 6.099195983675e+00 6.286834104762e+00 6.481024894583e+00 7.301787382381e+00 9.494665490063e+00 9.680045383497e+00 1.130881380946e+01 1.190762922133e+01 1.225211200275e+01 1.237407392219e+01 1.319766046668e+01 1.375382630473e+01 1.456179521858e+01 1.471534968373e+01 1.626732901886e+01 1.794241838972e+01 1.845843733608e+01 1.975405846282e+01 2.523208943948e+01 2.523237725780e+01
1.875765178656e+00 -3.551234262549e+00 -1.659395733277e+00 -8.948402470320e-01 1.714709537181e+00 2.473207969329e+00 3.782841315387e+00 4.160976601869e+00 4.205540688411e+00 4.614228546476e+00 5.077970276373e+00 6.084648184277e+00 6.230273542047e+00 6.465923581726e+00 7.276551406294e+00 9.491500633325e+00 9.646054225053e+00 1.129710563830e+01 1.191179882841e+01 1.226467201459e+01 1.237903606759e+01 1.319317597155e+01 1.375789529459e+01 1.456792023881e+01 1.472759021905e+01 1.628535512691e+01 1.796090293815e+01 1.846219017610e+01 1.978330649580e+01 2.523187246347e+01 2.523219146892e+01
1.887979873253e+00 -3.546450242714e+00 -1.712573602824e+00 -9.270338418053e-01 1.609837223503e+00 2.454531540376e+00 3.761145442073e+00 4.152276874365e+00 4.190794242041e+00 4.609656958046e+00 5.067145787873e+00 6.070121014666e+00 6.171419748783e+00 6.450895483483e+00 7.252972520102e+00 9.488455680092e+00 9.612540018218e+00 1.128532396048e+01 1.191581654037e+01 1.227709751192e+01 1.238410390856e+01 1.318860673826e+01 1.376215546530e+01 1.457400092468e+01 1.473984078944e+01 1.630319459175e+01 1.797925596627e+01 1.846600844366e+01 1.981225287435e+01 2.523136626420e+01 2.523229661531e+01
1.900194567850e+00 -3.542447361818e+00 -1.763453599551e+00 -9.563026631671e-01 1.497968153160e+00 2.436041355919e+00 3.738159506702e+00 4.143618593274e+00 4.176633040546e+00 4.605347741523e+00 5.056289704115e+00 6.055659540869e+00 6.110513817145e+00 6.435921189377e+00 7.230954703314e+00 9.485524374229e+00 9.579538770476e+00 1.127348662225e+01 1.191969769698e+01 1.228936204147e+01 1.238926207877e+01 1.318397628949e+01 1.376659846226e+01 1.458002391362e+01 1.475207006788e+01 1.632082553637e+01 1.799745223754e+01 1.846988352954e+01 1.984086164832e+01 2.523085943482e+01 2.523240452756e+01
1.912409262446e+00 -3.539237789567e+00 -1.812190841156e+00 -9.826402577417e-01 1.377598793213e+00 2.417709480513e+00 3.713885740080e+00 4.134979800798e+00 4.163152572019e+00 4.601283464013e+00 5.045410132119e+00 6.041303228752e+00 6.047811532951e+00 6.420985833142e+00 7.210393716356e+00 9.482701361685e+00 9.547085214777e+00 1.126161190478e+01 1.192345604971e+01 1.230144123745e+01 1.239449508962e+01 1.317930676195e+01 1.377121464919e+01 1.458597654224e+01 1.476424818313e+01 1.633822690204e+01 1.801546711038e+01 1.847380656136e+01 1.986909823550e+01 2.523035275943e+01 2.523251485289e+01
1.924623957043e+00 -3.536826411499e+00 -1.858918788201e+00 -1.006028237405e+00 1.246485815935e+00 2.399503896083e+00 3.688356143204e+00 4.126335998578e+00 4.150423309906e+00 4.597440121447e+00 5.034515651040e+00 5.983578757463e+00 6.027086284691e+00 6.406079228367e+00 7.191182937238e+00 9.479982108877e+00 9.515212769535e+00 1.124971849492e+01 1.192710374738e+01 1.231331279375e+01 1.239978741483e+01 1.317461887446e+01 1.377599317399e+01 1.459184686938e+01 1.477634674916e+01 1.635537842289e+01 1.803327655506e+01 1.847776845121e+01 1.989692938134e+01 2.522984703019e+01 2.523262723747e+01
1.936838651640e+00 -3.535210554353e+00 -1.903753274861e+00 -1.026440057151e+00 1.101038237605e+00 2.381388894371e+00 3.661631859190e+00 4.117659786980e+00 4.138490716496e+00 4.593786374893e+00 5.023615310091e+00 5.918088493516e+00 6.013038105196e+00 6.391195882411e+00 7.173217753377e+00 9.477362818058e+00 9.483953496711e+00 1.123782545627e+01 1.193065135390e+01 1.232495641115e+01 1.240512356683e+01 1.316993191907e+01 1.378092203966e+01 1.459762369162e+01 1.478833887481e+01 1.637226060157e+01 1.805085716822e+01 1.848175993972e+01 1.992432312052e+01 2.522934304616e+01 2.523274132713e+01
1.949053346237e+00 -3.534379857404e+00 -1.946795575968e+00 -1.043843434618e+00 9.348659877027e-01 2.363325417934e+00 3.633800717566e+00 4.108920426300e+00 4.127377025186e+00 4.590282635165e+00 5.012718641967e+00 5.851619584417e+00 5.999183794213e+00 6.376334915902e+00 7.156398603122e+00 9.453338059882e+00 9.474840341880e+00 1.122595219992e+01 1.193410788996e+01 1.233635372672e+01 1.241048816559e+01 1.316526377133e+01 1.378598817969e+01 1.460329655209e+01 1.480019915700e+01 1.638885468629e+01 1.806818618543e+01 1.848577163707e+01 1.995124874047e+01 2.522884161200e+01 2.523285676801e+01
1.961268040834e+00 -3.534316303165e+00 -1.988134768748e+00 -1.058201700801e+00 7.343742196826e-01 2.345271335387e+00 3.604973435047e+00 4.100083311266e+00 4.117084328788e+00 4.586879955654e+00 5.001835692278e+00 5.784456888749e+00 5.985544713550e+00 6.361499910499e+00 7.140632873228e+00 9.423395684111e+00 9.472412098941e+00 1.121411845479e+01 1.193748089216e+01 1.234748823084e+01 1.241586600021e+01 1.316063091609e+01 1.379117753725e+01 1.460885574338e+01 1.481190366039e+01 1.640514264898e+01 1.808524149166e+01 1.848979406115e+01 1.997767674646e+01 2.522834353667e+01 2.523297320720e+01
1.973482735431e+00 -3.534994414161e+00 -2.027849570475e+00 -1.069474266815e+00 4.569239754157e-01 2.327181640301e+00 3.575279066139e+00 4.091109351468e+00 4.107598391027e+00 4.583518687840e+00 4.990977064493e+00 5.716892738909e+00 5.972139038890e+00 6.346698702943e+00 7.125835897612e+00 9.394154119247e+00 9.470075991739e+00 1.120234423716e+01 1.194077648455e+01 1.235834517589e+01 1.242124208405e+01 1.315604848565e+01 1.379647514754e+01 1.461429230510e+01 1.482342988620e+01 1.642110716485e+01 1.810200163012e+01 1.849381767335e+01 2.000357882837e+01 2.522784963200e+01 2.523309029344e+01
1.985697430028e+00 -3.536381614909e+00 -2.066009781790e+00 -1.077616323539e+00 -3.422163962895e-01 2.309008566860e+00 3.544860264957e+00 4.081954253502e+00 4.098892629343e+00 4.580126852808e+00 4.980153978988e+00 5.649229496631e+00 5.958982300521e+00 6.331943139146e+00 7.111931294635e+00 9.365639608148e+00 9.467830328166e+00 1.119064981906e+01 1.194399945868e+01 1.236891147985e+01 1.242660170367e+01 1.315153030747e+01 1.380186522281e+01 1.461959801685e+01 1.483475673252e+01 1.643673159311e+01 1.811844580930e+01 1.849783291210e+01 2.002892782906e+01 2.522736071124e+01 2.523320767778e+01
1.997912124624e+00 -3.538438750359e+00 -2.102677430315e+00 -1.082577842575e+00 -6.617304272656e-01 2.290701619075e+00 3.513868792391e+00 4.072567706799e+00 4.090931843417e+00 4.576618191221e+00 4.969378344146e+00 5.581783035212e+00 5.946087893823e+00 6.317248798475e+00 7.098850847420e+00 9.337876861139e+00 9.465673747396e+00 1.117905569526e+01 1.194715335939e+01 1.237917562687e+01 1.243193046202e+01 1.314708895917e+01 1.380733123947e+01 1.462476538703e+01 1.484586444814e+01 1.645199995890e+01 1.813455390865e+01 1.850183022454e+01 2.005369771409e+01 2.522687758762e+01 2.523332501425e+01
2.010126819221e+00 -3.541120744669e+00 -2.137907684790e+00 -1.084301907317e+00 -8.677976546257e-01 2.272207513978e+00 3.482461540013e+00 4.062892486283e+00 4.083675425784e+00 4.572889884834e+00 4.958662836902e+00 5.514886976411e+00 5.933467549606e+00 6.302634695555e+00 7.086534090329e+00 9.310889037805e+00 9.463605150856e+00 1.116758254844e+01 1.195024057392e+01 1.238912756676e+01 1.243721431662e+01 1.314273582868e+01 1.381285602691e+01 1.462978763801e+01 1.485673458161e+01 1.646689693637e+01 1.815030648273e+01 1.850580009635e+01 2.007786354295e+01 2.522640107272e+01 2.523344196048e+01
2.022341513818e+00 -3.544377377694e+00 -2.171749592635e+00 -1.082722363806e+00 -1.030633176858e+00 2.253470042915e+00 3.450797191804e+00 4.052863503789e+00 4.077079940685e+00 4.568820014916e+00 4.948020989757e+00 5.448897457593e+00 5.921131758423e+00 6.288122964792e+00 7.074927724260e+00 9.284697737055e+00 9.461623638748e+00 1.115625121235e+01 1.195326242280e+01 1.239875861431e+01 1.244243961264e+01 1.313848117783e+01 1.381842185752e+01 1.463465868803e+01 1.486734992701e+01 1.648140783285e+01 1.816568476430e+01 1.850973308010e+01 2.010140144167e+01 2.522593197487e+01 2.523355817840e+01
2.034556208415e+00 -3.548154151729e+00 -2.204246681346e+00 -1.168258362090e+00 -1.077760735181e+00 2.234429858815e+00 3.419033532640e+00 4.042406870464e+00 4.071101069156e+00 4.564264970732e+00 4.937467280943e+00 5.384198059276e+00 5.909090146155e+00 6.273738531342e+00 7.063984948520e+00 9.259322996122e+00 9.459728452487e+00 1.114508263264e+01 1.195621925124e+01 1.240806134964e+01 1.244759311177e+01 1.313433420804e+01 1.382401053759e+01 1.463937313017e+01 1.487769446765e+01 1.649551857409e+01 1.818067066616e+01 1.851361982201e+01 2.012428857666e+01 2.522547109753e+01 2.523367333488e+01
2.046770903012e+00 -3.552393217964e+00 -2.235437454876e+00 -1.288601722961e+00 -1.069322282465e+00 2.215024201532e+00 3.387325344055e+00 4.031439078892e+00 4.065694986798e+00 4.559057296546e+00 4.927017224222e+00 5.321204226345e+00 5.897351800487e+00 6.259508771393e+00 7.053664769179e+00 9.234783298983e+00 9.457918923278e+00 1.113409782505e+01 1.195911052013e+01 1.241702951994e+01 1.245266201682e+01 1.313030312701e+01 1.382960349854e+01 1.464392620874e+01 1.488775331870e+01 1.650921569046e+01 1.819524678209e+01 1.851745108756e+01 2.014650312990e+01 2.522501923756e+01 2.523378710237e+01
2.058985597609e+00 -3.557034331075e+00 -2.265355809171e+00 -1.395982355965e+00 -1.057291006999e+00 2.195186577920e+00 3.355822796236e+00 4.019866481871e+00 4.060819272408e+00 4.553004935662e+00 4.916687454568e+00 5.260365995378e+00 5.885925549501e+00 6.245463164095e+00 7.043931322756e+00 9.211095594451e+00 9.456194426971e+00 1.112331783077e+01 1.196193489585e+01 1.242565794346e+01 1.245763399255e+01 1.312639521526e+01 1.383518188841e+01 1.464831379320e+01 1.489751266961e+01 1.652248630404e+01 1.820939638687e+01 1.852121778573e+01 2.016802427533e+01 2.522457718348e+01 2.523389915952e+01
2.071200292206e+00 -3.562015801248e+00 -2.294031385598e+00 -1.493055532540e+00 -1.041523258242e+00 2.174846418690e+00 3.324670239418e+00 4.007585338807e+00 4.056433451859e+00 4.545893548903e+00 4.906495805854e+00 5.202167038409e+00 5.874820194644e+00 6.231632937444e+00 7.034753238894e+00 9.188275323949e+00 9.454554345256e+00 1.111276366886e+01 1.196469033840e+01 1.243394241572e+01 1.246249718307e+01 1.312261689215e+01 1.384072666299e+01 1.465253235001e+01 1.490695972704e+01 1.653531811666e+01 1.822310343559e+01 1.852491099211e+01 2.018883215649e+01 2.522414571373e+01 2.523400919179e+01
2.083414986802e+00 -3.567275415369e+00 -2.321489876660e+00 -1.581587080677e+00 -1.021839405137e+00 2.153928740342e+00 3.294005306828e+00 3.994482820021e+00 4.052499273071e+00 4.537494503811e+00 4.896461376516e+00 5.147117000521e+00 5.864044700887e+00 6.218050710481e+00 7.026103055037e+00 9.166336458799e+00 9.452998033170e+00 1.110245628544e+01 1.196737418750e+01 1.244187961865e+01 1.246724022589e+01 1.311897378046e+01 1.384621867651e+01 1.465657891245e+01 1.491608265871e+01 1.654769939866e+01 1.823635256226e+01 1.852852197100e+01 2.020890786526e+01 2.522372559479e+01 2.523411689213e+01
2.095629681399e+00 -3.572751302946e+00 -2.347753294867e+00 -1.662817960205e+00 -9.980126959073e-01 2.132353847715e+00 3.263958257013e+00 3.980439491329e+00 4.048980792693e+00 4.527581904183e+00 4.886604579076e+00 5.095733204275e+00 5.853608347084e+00 6.204750134522e+00 7.017956689009e+00 9.145291546626e+00 9.451524792850e+00 1.109241649971e+01 1.196998324628e+01 1.244946703259e+01 1.247185226306e+01 1.311547076944e+01 1.385163877154e+01 1.466045104861e+01 1.492487053872e+01 1.655961897847e+01 1.824912907786e+01 1.853204219641e+01 2.022823342178e+01 2.522331757945e+01 2.523422196149e+01
2.107844375996e+00 -3.578382726840e+00 -2.372840212631e+00 -1.737656569336e+00 -9.697538684496e-01 2.110037121151e+00 3.234651500424e+00 3.965333911390e+00 4.045844338355e+00 4.515961749148e+00 4.876947169370e+00 5.048507962023e+00 5.843520839491e+00 6.191765536488e+00 7.010292970735e+00 9.125151766314e+00 9.450133853396e+00 1.108266494663e+01 1.197251386229e+01 1.245670285154e+01 1.247632294947e+01 1.311211207577e+01 1.385696786777e+01 1.466414682775e+01 1.493331329466e+01 1.657106623290e+01 1.826141896793e+01 1.853546337205e+01 2.024679175550e+01 2.522292240490e+01 2.523432410947e+01
2.120059070593e+00 -3.584110783899e+00 -2.396765978539e+00 -1.806788948593e+00 -9.366890795028e-01 2.086888941749e+00 3.206199270667e+00 3.949049994191e+00 4.043058394986e+00 4.502513481528e+00 4.867512251316e+00 5.005860542357e+00 5.833792391168e+00 6.179131567799e+00 7.003093231490e+00 9.105926990791e+00 9.448824356672e+00 1.107322201646e+01 1.197496200581e+01 1.246358590169e+01 1.248064245864e+01 1.310890130238e+01 1.386218704955e+01 1.466766478513e+01 1.494140165669e+01 1.658203107803e+01 1.827320888979e+01 1.853877745039e+01 2.026456668723e+01 2.522254079090e+01 2.523442305486e+01
2.132273765190e+00 -3.589879005527e+00 -2.419542913285e+00 -1.870746075143e+00 -8.983268711194e-01 2.062814818763e+00 3.178707413558e+00 3.931487614235e+00 4.040593450709e+00 4.487237683463e+00 4.858324253210e+00 4.968079508228e+00 5.824433769714e+00 6.166882862643e+00 6.996340947372e+00 9.087625856765e+00 9.447595348804e+00 1.106410779109e+01 1.197732334507e+01 1.247011556356e+01 1.248480148610e+01 1.310584149501e+01 1.386727765193e+01 1.467100388544e+01 1.494912710884e+01 1.659250396083e+01 1.828448616942e+01 1.854197665082e+01 2.028154291228e+01 2.522217343795e+01 2.523451852619e+01
2.144488459787e+00 -3.595633852898e+00 -2.441180486881e+00 -1.929947082426e+00 -8.540062334984e-01 2.037715794588e+00 3.152273276779e+00 3.912576445860e+00 4.038421827660e+00 4.470295131960e+00 4.849408871720e+00 4.935270170728e+00 5.815456315417e+00 6.155053709673e+00 6.990021432830e+00 9.070255840453e+00 9.446445777099e+00 1.105534197749e+01 1.197959331846e+01 1.247629169757e+01 1.248879125070e+01 1.310293519622e+01 1.387222134491e+01 1.467416348513e+01 1.495648184267e+01 1.660247585129e+01 1.829523879806e+01 1.854505347682e+01 2.029770598466e+01 2.522182102542e+01 2.523461026230e+01
2.156703154384e+00 -3.601325105652e+00 -2.461685477638e+00 -1.984728188661e+00 -8.028100269739e-01 2.011489215091e+00 3.126985689664e+00 3.892292172168e+00 4.036517515332e+00 4.452017998980e+00 4.840792980168e+00 4.907327183572e+00 5.806871931682e+00 6.143677741257e+00 6.984121579695e+00 9.053823338215e+00 9.445374492062e+00 1.104694383847e+01 1.198176720353e+01 1.248211457343e+01 1.249260349382e+01 1.310018449716e+01 1.387700021583e+01 1.467714329356e+01 1.496345871336e+01 1.661193823512e+01 1.830545542877e+01 1.854800073231e+01 2.031304230223e+01 2.522148420974e+01 2.523469801281e+01
2.168917848980e+00 -3.606906146463e+00 -2.481062112982e+00 -2.035362742156e+00 -7.434098091556e-01 1.984029966850e+00 3.102925026905e+00 3.870673084196e+00 4.034856018378e+00 4.432880826223e+00 4.832504498207e+00 4.883946573456e+00 5.798693049353e+00 6.132787644312e+00 6.978629637118e+00 9.038333750999e+00 9.444380254137e+00 1.103893212112e+01 1.198384018275e+01 1.248758480327e+01 1.249623047690e+01 1.309759108674e+01 1.388159684956e+01 1.467994333345e+01 1.497005119824e+01 1.662088310696e+01 1.831512537271e+01 1.855081153702e+01 2.032753909276e+01 2.522116362256e+01 2.523478153867e+01
2.181132543577e+00 -3.612334146673e+00 -2.499312192574e+00 -2.082075528190e+00 -6.737601227001e-01 1.955232300162e+00 3.080163352183e+00 3.847834083239e+00 4.033414226678e+00 4.413436317587e+00 4.824572220753e+00 4.864675103036e+00 5.790932566504e+00 6.122414896442e+00 6.973535027946e+00 9.023791571421e+00 9.443461744735e+00 1.103132498333e+01 1.198580740590e+01 1.249270327847e+01 1.249966497730e+01 1.309515629847e+01 1.388599440639e+01 1.468256390067e+01 1.497625335791e+01 1.662930296415e+01 1.832423859547e+01 1.855347934110e+01 2.034118440107e+01 2.522085986905e+01 2.523486061258e+01
2.193347238174e+00 -3.617570160437e+00 -2.516435195675e+00 -2.125053244017e+00 -5.904112665460e-01 1.924992382712e+00 3.058764638415e+00 3.823974752218e+00 4.032170312533e+00 4.394237361980e+00 4.817025605026e+00 4.848978854893e+00 5.783603765316e+00 6.112589530595e+00 6.968828197281e+00 9.010200472348e+00 9.442617581095e+00 1.102413991893e+01 1.198766404907e+01 1.249747111049e+01 1.250290028283e+01 1.309288115477e+01 1.389017669731e+01 1.468500552367e+01 1.498205979983e+01 1.663719080084e+01 1.833278571337e+01 1.855599793876e+01 2.035396707694e+01 2.522057352609e+01 2.523493501949e+01
2.205561932771e+00 -3.622579136436e+00 -2.532428377362e+00 -2.164452337611e+00 -4.866178584580e-01 1.893211775100e+00 3.038785060800e+00 3.799378921093e+00 4.031103657622e+00 4.375770207317e+00 4.809894515673e+00 4.836308680776e+00 5.776720207829e+00 6.103339930716e+00 6.964500489281e+00 8.997563395807e+00 9.441846334454e+00 1.101739368206e+01 1.198940537028e+01 1.250188957543e+01 1.250593018504e+01 1.309076640894e+01 1.389412825655e+01 1.468726892282e+01 1.498746564445e+01 1.664454010271e+01 1.834075798976e+01 1.855836148108e+01 2.036587676401e+01 2.522030514064e+01 2.523500455702e+01
2.217776627368e+00 -3.627329857385e+00 -2.547286862109e+00 -2.200404979944e+00 -3.447919695297e-01 1.859802109862e+00 3.020273357529e+00 3.774404969758e+00 4.030194810723e+00 4.358414171544e+00 4.803208929406e+00 4.826147909026e+00 5.770295612681e+00 6.094692659999e+00 6.960544048493e+00 8.985882641133e+00 9.441146550955e+00 1.101110221138e+01 1.199102676153e+01 1.250596006251e+01 1.250874897149e+01 1.308881258469e+01 1.389783441109e+01 1.468935497002e+01 1.499246649382e+01 1.665134484196e+01 1.834814733146e+01 1.856056448796e+01 2.037690388949e+01 2.522005522812e+01 2.523506903584e+01
2.229991321965e+00 -3.631794818283e+00 -2.561003748070e+00 -2.233023675561e+00 6.926183685986e-02 1.824691438807e+00 3.003271251231e+00 3.749468325621e+00 4.029425475811e+00 4.342429902298e+00 4.796998602130e+00 4.818038902519e+00 5.764343715292e+00 6.086672322351e+00 6.956951742356e+00 8.975159951293e+00 9.440516774716e+00 1.100528055489e+01 1.199252379734e+01 1.250968402644e+01 1.251135141731e+01 1.308702001325e+01 1.390128134685e+01 1.469126464884e+01 1.499705840269e+01 1.665759947284e+01 1.835494628525e+01 1.856260185925e+01 2.038703965474e+01 2.521982427084e+01 2.523512828010e+01
2.242206016561e+00 -3.635950054827e+00 -2.573570240505e+00 -2.262404845866e+00 3.657652782841e-01 1.787833087211e+00 2.987813922159e+00 3.725019289429e+00 4.028778528962e+00 4.327969120635e+00 4.791292703266e+00 4.811592501031e+00 5.758878114422e+00 6.079301456577e+00 6.953717101739e+00 8.965396596367e+00 9.439955572408e+00 1.099994279616e+01 1.199389227974e+01 1.251306294354e+01 1.251373277616e+01 1.308538886800e+01 1.390445617144e+01 1.469299901558e+01 1.500123785201e+01 1.666329892746e+01 1.836114803458e+01 1.856446888490e+01 2.039627602665e+01 2.521961271655e+01 2.523518212774e+01
2.254420711158e+00 -3.639774933547e+00 -2.584975837027e+00 -2.288631607616e+00 5.172043877941e-01 1.749218621271e+00 2.973930522075e+00 3.701519846560e+00 4.028238061395e+00 4.315096028143e+00 4.786119423779e+00 4.806486652333e+00 5.753912108436e+00 6.072600461772e+00 6.950834276660e+00 8.956593453291e+00 9.439461558701e+00 1.099510198272e+01 1.199512827963e+01 1.251588877082e+01 1.251609827175e+01 1.308391919663e+01 1.390734697295e+01 1.469455916172e+01 1.500500172482e+01 1.666843861211e+01 1.836674639637e+01 1.856616125439e+01 2.040460572987e+01 2.521942097705e+01 2.523523043086e+01
2.266635405755e+00 -3.643251915222e+00 -2.595208588990e+00 -2.311775895575e+00 6.365449636652e-01 1.708898136351e+00 2.961644715888e+00 3.679422520734e+00 4.027789444948e+00 4.303812066788e+00 4.781505566198e+00 4.802459653013e+00 5.749458525013e+00 6.066587551360e+00 6.948298004588e+00 8.948751080992e+00 9.439033421901e+00 1.099077005755e+01 1.199622817447e+01 1.251781558380e+01 1.251879141442e+01 1.308261095080e+01 1.390994287479e+01 1.469594617798e+01 1.500834728453e+01 1.667301440382e+01 1.837173581813e+01 1.856767506524e+01 2.041202223972e+01 2.521924942689e+01 2.523527305597e+01
2.278850100352e+00 -3.646366302913e+00 -2.604255460573e+00 -2.331900032083e+00 7.388023446868e-01 1.667014503415e+00 2.950975236567e+00 3.659153115574e+00 4.027419415334e+00 4.294078774980e+00 4.777476126556e+00 4.799301584737e+00 5.745529548345e+00 6.061278732406e+00 6.946103588935e+00 8.941869790168e+00 9.438669949123e+00 1.098695779455e+01 1.199718868235e+01 1.251950984792e+01 1.252114368785e+01 1.308146401316e+01 1.391223408597e+01 1.469716112061e+01 1.501127215544e+01 1.667702264741e+01 1.837611137521e+01 1.856900683065e+01 2.041851977600e+01 2.521909840222e+01 2.523530988432e+01
2.291064794949e+00 -3.649105985552e+00 -2.612102798498e+00 -2.349057820979e+00 8.294370186012e-01 1.623865825358e+00 2.941936437763e+00 3.641097952634e+00 4.027116167689e+00 4.285836321070e+00 4.774053879576e+00 4.796845914040e+00 5.742136548067e+00 6.056687806124e+00 6.944246885621e+00 8.935949707027e+00 9.438370050320e+00 1.098367473870e+01 1.199800689230e+01 1.252096863733e+01 1.252315629252e+01 1.308047822168e+01 1.391421194680e+01 1.469820498015e+01 1.501377430559e+01 1.668046015278e+01 1.837986876834e+01 1.857015348629e+01 2.042409329743e+01 2.521896819967e+01 2.523534081210e+01
2.303279489546e+00 -3.651461187486e+00 -2.618736910212e+00 -2.363295234320e+00 9.107126685515e-01 1.580027847743e+00 2.934538828049e+00 3.625595311686e+00 4.026869458272e+00 4.279017237371e+00 4.771258979456e+00 4.794962143788e+00 5.739289914190e+00 6.052826385044e+00 6.942724295768e+00 8.930990830409e+00 9.438132780563e+00 1.098092915190e+01 1.199868029088e+01 1.252218945908e+01 1.252483028807e+01 1.307965339128e+01 1.391586896951e+01 1.469907865314e+01 1.501585203180e+01 1.668332419263e+01 1.838300432146e+01 1.857111239630e+01 2.042873849686e+01 2.521885907545e+01 2.523536575067e+01
2.315494184143e+00 -3.653424233611e+00 -2.624144728331e+00 -2.374650763137e+00 9.831131434847e-01 1.536608453419e+00 2.928789570760e+00 3.612930293298e+00 4.026670705835e+00 4.273555912456e+00 4.769108589067e+00 4.793549795868e+00 5.736998902254e+00 6.049703922115e+00 6.941532762863e+00 8.926993081759e+00 9.437957359953e+00 1.097872796520e+01 1.199920678503e+01 1.252317024545e+01 1.252616657187e+01 1.307898933252e+01 1.391719887363e+01 1.469978291713e+01 1.501750394692e+01 1.668561250049e+01 1.838551497980e+01 1.857188135834e+01 2.043245179723e+01 2.521877124446e+01 2.523538462675e+01
2.327708878739e+00 -3.654989338815e+00 -2.628314517355e+00 -2.383155512495e+00 1.045411897794e+00 1.495788961818e+00 2.924692934156e+00 3.603332169210e+00 4.026513086103e+00 4.269394781678e+00 4.767616550305e+00 4.792533709778e+00 5.735271492640e+00 6.047327747069e+00 6.940669772899e+00 8.923956347550e+00 9.437843190666e+00 1.097707673808e+01 1.199958472111e+01 1.252390934717e+01 1.252716586128e+01 1.307848586752e+01 1.391819661584e+01 1.470031840939e+01 1.501872896923e+01 1.668732326910e+01 1.838739830826e+01 1.857245860783e+01 2.043523034818e+01 2.521870487963e+01 2.523539738256e+01
2.339923573336e+00 -3.656152429292e+00 -2.631236560233e+00 -2.388833130056e+00 1.093900904853e+00 1.461863971117e+00 2.922250677929e+00 3.596973332049e+00 4.026391613219e+00 4.266488163882e+00 4.766793107526e+00 4.791860526748e+00 5.734114267617e+00 6.045703105614e+00 6.940133356297e+00 8.921880513786e+00 9.437789870626e+00 1.097597962546e+01 1.199981290015e+01 1.252440552789e+01 1.252782867947e+01 1.307814284267e+01 1.391885841406e+01 1.470068560948e+01 1.501952631400e+01 1.668845514910e+01 1.838865249011e+01 1.857284282137e+01 2.043707202340e+01 2.521866011134e+01 2.523540397594e+01
2.352138267933e+00 -3.656911002002e+00 -2.632903752479e+00 -2.391699659845e+00 1.121540172102e+00 1.442223165963e+00 2.921462364006e+00 3.593969097981e+00 4.026303202738e+00 4.264804531662e+00 4.766644694516e+00 4.791496206637e+00 5.733532309233e+00 6.044833197580e+00 6.939922090587e+00 8.920765492322e+00 9.437797203461e+00 1.097543935289e+01 1.199989058928e+01 1.252465795975e+01 1.252815534478e+01 1.307796013848e+01 1.391918176554e+01 1.470088482618e+01 1.501989548716e+01 1.668900724807e+01 1.838927632601e+01 1.857303311923e+01 2.043797541867e+01 2.521863702699e+01 2.523540438047e+01
2.364352962530e+00 -3.657264027058e+00 -2.633312034249e+00 -2.391763404344e+00 1.121023282355e+00 1.444352074857e+00 2.922325581980e+00 3.594377793245e+00 4.026246711972e+00 4.264327792789e+00 4.767173793362e+00 4.791424445638e+00 5.733529120565e+00 6.044719210766e+00 6.940035103130e+00 8.920611238782e+00 9.437865204436e+00 1.097545720042e+01 1.199981752933e+01 1.252466622039e+01 1.252814596375e+01 1.307793767611e+01 1.391916545889e+01 1.470091618869e+01 1.501983628103e+01 1.668897912993e+01 1.838926923332e+01 1.857302906704e+01 2.043793985052e+01 2.521863567070e+01 2.523539858546e+01
2.376567657127e+00 -3.657211896191e+00 -2.632460606940e+00 -2.389024856997e+00 1.093012727322e+00 1.467626871762e+00 2.924836082301e+00 3.598200741576e+00 4.026222954941e+00 4.265057956122e+00 4.768378870894e+00 4.791645901388e+00 5.734106572219e+00 6.045360348079e+00 6.940472073351e+00 8.921417761943e+00 9.437994102180e+00 1.097603299526e+01 1.199959393862e+01 1.252443029140e+01 1.252780042754e+01 1.307807542089e+01 1.391880957996e+01 1.470077964244e+01 1.501934877224e+01 1.668837081460e+01 1.838863124580e+01 1.857283067663e+01 2.043696535563e+01 2.521865604318e+01 2.523538659606e+01
2.388782351724e+00 -3.656756418737e+00 -2.630351908107e+00 -2.383476735722e+00 1.045340911438e+00 1.504118535208e+00 2.928987813397e+00 3.605381956479e+00 4.026234690949e+00 4.267011370689e+00 4.770254395380e+00 4.792178176954e+00 5.735264875308e+00 6.046753846449e+00 6.941233234251e+00 8.923185124517e+00 9.438184336133e+00 1.097716511338e+01 1.199922051285e+01 1.252395055815e+01 1.252711841207e+01 1.307837338254e+01 1.391811551129e+01 1.470047494952e+01 1.501843332159e+01 1.668718277806e+01 1.838736301351e+01 1.857243840596e+01 2.043505269092e+01 2.521869810173e+01 2.523536843319e+01
2.400997046321e+00 -3.655900864851e+00 -2.626991350999e+00 -2.375104111437e+00 9.848419695150e-01 1.546742861015e+00 2.934772862115e+00 3.615807529975e+00 4.026286587582e+00 4.270220554879e+00 4.772790932954e+00 4.793056561544e+00 5.737002581438e+00 6.048894986960e+00 6.942319373188e+00 8.925913435301e+00 9.438436549753e+00 1.097885049015e+01 1.199869842125e+01 1.252322781124e+01 1.252609938149e+01 1.307883161223e+01 1.391708592555e+01 1.470000169369e+01 1.501709057612e+01 1.668541595266e+01 1.838546580320e+01 1.857185315827e+01 2.043220333424e+01 2.521876176035e+01 2.523534413353e+01
2.413211740917e+00 -3.654650053861e+00 -2.622386865941e+00 -2.363884590791e+00 9.150554998449e-01 1.591508378729e+00 2.942181300040e+00 3.629304900165e+00 4.026385160687e+00 4.274733457480e+00 4.775975320077e+00 4.794335572125e+00 5.739316609566e+00 6.051777096631e+00 6.943731832180e+00 8.929602832773e+00 9.438751579608e+00 1.098108463968e+01 1.199802929882e+01 1.252226324923e+01 1.252474259540e+01 1.307945019652e+01 1.391572477259e+01 1.469935928988e+01 1.501532147319e+01 1.668307172785e+01 1.838294149890e+01 1.857107628032e+01 2.042841948583e+01 2.521884689005e+01 2.523531374946e+01
2.425426435514e+00 -3.653010484055e+00 -2.616548303455e+00 -2.349788485265e+00 8.372423877312e-01 1.636401880865e+00 2.951200941318e+00 3.645642377502e+00 4.026538695463e+00 4.280611796126e+00 4.779790905450e+00 4.796091384605e+00 5.742202298905e+00 6.055391543148e+00 6.945472508226e+00 8.934253460237e+00 9.439130440625e+00 1.098386168266e+01 1.199721523475e+01 1.252105848287e+01 1.252304711946e+01 1.308022924804e+01 1.391403726050e+01 1.469854699816e+01 1.501312724670e+01 1.668015195117e+01 1.837979260288e+01 1.857010955980e+01 2.042370407037e+01 2.521895331928e+01 2.523527734892e+01
2.437641130111e+00 -3.650990498584e+00 -2.609486769462e+00 -2.332778883580e+00 7.511718421012e-01 1.680402459730e+00 2.961817020365e+00 3.664529517580e+00 4.026757154008e+00 4.287927890420e+00 4.784217852334e+00 4.798425281587e+00 5.745653486441e+00 6.059727724793e+00 6.947543854399e+00 8.939865432715e+00 9.439574307822e+00 1.098717438217e+01 1.199625875710e+01 1.251961554047e+01 1.252101183964e+01 1.308116889321e+01 1.391202983075e+01 1.469756394174e+01 1.501050943539e+01 1.667665892962e+01 1.837602223689e+01 1.856895522187e+01 2.041806073980e+01 2.521908083447e+01 2.523523501532e+01
2.449855824708e+00 -3.648600480796e+00 -2.601213960284e+00 -2.312811541138e+00 6.551876555320e-01 1.722981914473e+00 2.974011800248e+00 3.685619143586e+00 4.027052075557e+00 4.296759155335e+00 4.789233490301e+00 4.801468264911e+00 5.749662607006e+00 6.064773058487e+00 6.949948882685e+00 8.946438795830e+00 9.440084494968e+00 1.099101418710e+01 1.199516281361e+01 1.251793687454e+01 1.251863548009e+01 1.308226925686e+01 1.390971012757e+01 1.469640912905e+01 1.500746989332e+01 1.667259543128e+01 1.837163414377e+01 1.856761592483e+01 2.041149387679e+01 2.521922918073e+01 2.523518684734e+01
2.462070519305e+00 -3.645853071087e+00 -2.591741551960e+00 -2.289834506202e+00 5.453438437424e-01 1.763870559748e+00 2.987764124433e+00 3.708512020966e+00 4.027436476109e+00 4.307179195681e+00 4.794812704227e+00 4.805386961256e+00 5.754220813335e+00 6.070512969535e+00 6.952691169813e+00 8.953973477030e+00 9.440662430683e+00 1.099537128222e+01 1.199393074880e+01 1.251591662458e+01 1.251602536931e+01 1.308353044390e+01 1.390708696187e+01 1.469508147923e+01 1.500401080244e+01 1.666796468742e+01 1.836663268929e+01 1.856609475499e+01 2.040400859896e+01 2.521939806270e+01 2.523513295878e+01
2.474285213902e+00 -3.642763396368e+00 -2.581080679077e+00 -2.263787412496e+00 4.118616461647e-01 1.802944194638e+00 3.003048925917e+00 3.732765303606e+00 4.027924754147e+00 4.319244368039e+00 4.800928347733e+00 4.810390841068e+00 5.759318113026e+00 6.076930887079e+00 6.955774867517e+00 8.962469229534e+00 9.441309632535e+00 1.100023464452e+01 1.199256627727e+01 1.251285374158e+01 1.251388434904e+01 1.308495251818e+01 1.390417026990e+01 1.469357985099e+01 1.500013468744e+01 1.666277039480e+01 1.836102286429e+01 1.856439522063e+01 2.039561076374e+01 2.521958714545e+01 2.523507347827e+01
2.486499908499e+00 -3.639349302441e+00 -2.569241517899e+00 -2.234600375877e+00 2.160806141473e-01 1.840166111236e+00 3.019836708558e+00 3.757905775242e+00 4.028532608927e+00 4.332974979646e+00 4.807551668346e+00 4.816740492093e+00 5.764943518958e+00 6.084008249532e+00 6.959204718927e+00 8.971925569520e+00 9.442027679776e+00 1.100559210470e+01 1.199107345334e+01 1.250944521306e+01 1.251151758696e+01 1.308653547847e+01 1.390097106693e+01 1.469190307428e+01 1.499584443276e+01 1.665701671843e+01 1.835481028705e+01 1.856252124509e+01 2.038630697407e+01 2.521979605563e+01 2.523500854910e+01
2.498714603095e+00 -3.635631579042e+00 -2.556232971135e+00 -2.202192433379e+00 -2.661924063820e-01 1.875555077337e+00 3.038093015575e+00 3.783448420052e+00 4.029276977171e+00 4.348331298986e+00 4.814652732287e+00 4.824756110666e+00 5.771085209392e+00 6.091724524304e+00 6.962986082997e+00 8.982341707098e+00 9.442818185349e+00 1.101143041326e+01 1.198945663689e+01 1.250568936703e+01 1.250892931455e+01 1.308827923190e+01 1.389750139638e+01 1.469004998439e+01 1.499114330186e+01 1.665070829460e+01 1.834800120603e+01 1.856047715906e+01 2.037610458476e+01 2.522002438254e+01 2.523493832884e+01
2.510929297692e+00 -3.631634166887e+00 -2.542062439545e+00 -2.166469451683e+00 -4.272932379292e-01 1.909166215224e+00 3.057777899742e+00 3.808919820667e+00 4.030175993289e+00 4.365186577697e+00 4.822200837842e+00 4.834824342597e+00 5.777730693760e+00 6.100057245985e+00 6.967124969122e+00 8.993716471751e+00 9.443682767847e+00 1.101773531004e+01 1.198772045564e+01 1.250158451375e+01 1.250612423094e+01 1.309018356459e+01 1.389377427443e+01 1.468801945817e+01 1.498603495882e+01 1.664385023436e+01 1.834060250265e+01 1.855826769194e+01 2.036501170968e+01 2.522027167953e+01 2.523486298912e+01
2.523143992289e+00 -3.627384335957e+00 -2.526735659329e+00 -2.127321405468e+00 -5.367722209469e-01 1.941078673553e+00 3.078845408935e+00 3.833884350184e+00 4.031248977311e+00 4.383302360165e+00 4.830164907724e+00 4.847400044329e+00 5.784866980049e+00 6.108982076780e+00 6.971628084306e+00 9.006048232969e+00 9.444623024096e+00 1.102449159667e+01 1.198586976374e+01 1.249712898582e+01 1.250310751233e+01 1.309224810984e+01 1.388980363066e+01 1.468581045182e+01 1.498052349229e+01 1.663644812732e+01 1.833262169441e+01 1.855589796236e+01 2.035303722968e+01 2.522053746527e+01 2.523478271522e+01
2.535358686886e+00 -3.622912824229e+00 -2.510256582971e+00 -2.084618880081e+00 -6.222655293383e-01 1.971387141245e+00 3.101243099313e+00 3.857969526023e+00 4.032516453796e+00 4.402314782332e+00 4.838513852464e+00 4.862997718132e+00 5.792480739659e+00 6.118472892416e+00 6.976502895510e+00 9.019334816924e+00 9.445640503012e+00 1.103168321072e+01 1.198390959668e+01 1.249232118208e+01 1.249988482091e+01 1.309447231383e+01 1.388560424488e+01 1.468342203997e+01 1.497461344176e+01 1.662850804586e+01 1.832406693814e+01 1.855337346789e+01 2.034019080137e+01 2.522082122530e+01 2.523469770575e+01
2.547573381483e+00 -3.618253926342e+00 -2.492627283447e+00 -2.038208581513e+00 -6.925500455309e-01 2.000195726251e+00 3.124911586799e+00 3.880886013613e+00 4.034000203928e+00 4.421742473544e+00 4.847216898600e+00 4.882166372055e+00 5.800558465689e+00 6.128501896059e+00 6.981757710030e+00 9.033573420086e+00 9.446736681402e+00 1.103929330113e+01 1.198184512276e+01 1.248715961531e+01 1.249646231342e+01 1.309685539877e+01 1.388119168039e+01 1.468085345563e+01 1.496830982631e+01 1.662003654972e+01 1.831494703339e+01 1.855070007376e+01 2.032648286667e+01 2.522112241353e+01 2.523460817224e+01
2.554988659558e+00 -3.627286928202e+00 -2.505447590323e+00 -2.052649262004e+00 -6.359091613258e-01 2.003993879734e+00 3.133384077324e+00 3.879761760791e+00 4.033162164879e+00 4.408505441135e+00 4.854446717995e+00 4.876700933912e+00 5.798136809992e+00 6.124828282411e+00 6.983063045912e+00 9.026196323671e+00 9.448333747891e+00 1.103747703931e+01 1.198116920155e+01 1.248847825917e+01 1.249731974060e+01 1.309564717572e+01 1.388197473417e+01 1.468215290967e+01 1.496882511611e+01 1.662173970254e+01 1.831724342844e+01 1.855132796827e+01 2.032950311965e+01 2.522101014609e+01 2.523452312438e+01
2.562403937632e+00 -3.635621836541e+00 -2.517575190687e+00 -2.066306637820e+00 -5.765611296766e-01 2.007213927489e+00 3.140666868955e+00 3.876056820071e+00 4.032527853242e+00 4.395849510619e+00 4.860410418202e+00 4.872573145853e+00 5.794320678542e+00 6.123221265793e+00 6.984744375790e+00 9.019017248780e+00 9.450031302708e+00 1.103569324185e+01 1.198070684889e+01 1.248995643390e+01 1.249794259969e+01 1.309445748631e+01 1.388264061683e+01 1.468335752289e+01 1.496939187553e+01 1.662341348269e+01 1.831943159959e+01 1.855192733118e+01 2.033249827030e+01 2.522090051479e+01 2.523445594247e+01
2.569819215707e+00 -3.643261446877e+00 -2.529017502929e+00 -2.079190184801e+00 -5.135272027442e-01 2.009813136630e+00 3.146745595779e+00 3.869586657813e+00 4.032108781990e+00 4.384090084101e+00 4.865059217504e+00 4.869662816775e+00 5.789167202270e+00 6.123658913359e+00 6.986800677097e+00 9.012045716828e+00 9.451828188915e+00 1.103394150066e+01 1.198046095384e+01 1.249159241911e+01 1.249832876945e+01 1.309328877500e+01 1.388318949621e+01 1.468446594218e+01 1.497001101838e+01 1.662505764669e+01 1.832151080927e+01 1.855249855359e+01 2.033546741368e+01 2.522079362825e+01 2.523440683828e+01
2.577234493782e+00 -3.650208402562e+00 -2.539781953682e+00 -2.091308386130e+00 -4.451915249102e-01 2.011746980929e+00 3.151608698106e+00 3.860236675174e+00 4.031913185639e+00 4.373447361383e+00 4.867878228961e+00 4.868349747706e+00 5.782787294532e+00 6.126062032928e+00 6.989228916368e+00 9.005290698562e+00 9.453723383070e+00 1.103222141449e+01 1.198043364828e+01 1.249338487153e+01 1.249847642579e+01 1.309214341961e+01 1.388362146997e+01 1.468547697876e+01 1.497068331749e+01 1.662667197005e+01 1.832348047880e+01 1.855304204991e+01 2.033840965861e+01 2.522068958929e+01 2.523437598849e+01
2.584649771857e+00 -3.656465201008e+00 -2.549875966006e+00 -2.102668789330e+00 -3.685469864184e-01 2.012969128498e+00 3.155247572607e+00 3.847978262769e+00 4.031945823518e+00 4.364029008435e+00 4.867157537085e+00 4.870244818725e+00 5.775332322794e+00 6.130306768799e+00 6.992024053317e+00 8.998760579863e+00 9.455715995043e+00 1.103053258920e+01 1.198062631568e+01 1.249533282046e+01 1.249838405800e+01 1.309102371746e+01 1.388393656388e+01 1.468638960844e+01 1.497140940295e+01 1.662825624768e+01 1.832534018913e+01 1.855355825662e+01 2.034132412931e+01 2.522058849474e+01 2.523436353426e+01
2.592065049932e+00 -3.662034199911e+00 -2.559306949388e+00 -2.113278058381e+00 -2.766745875035e-01 2.013431438767e+00 3.157656667212e+00 3.832874212861e+00 4.032207835531e+00 4.355826165835e+00 4.867467439806e+00 4.870714170593e+00 5.766977333383e+00 6.136240662056e+00 6.995179066434e+00 8.992463130019e+00 9.457805266457e+00 1.102887463789e+01 1.198103960091e+01 1.249743566166e+01 1.249805048460e+01 1.308993187187e+01 1.388413473065e+01 1.468720297182e+01 1.497218976083e+01 1.662981029420e+01 1.832708968136e+01 1.855404763097e+01 2.034420996679e+01 2.522049043526e+01 2.523436958088e+01
2.599480328007e+00 -3.666917623491e+00 -2.568082291071e+00 -2.123142021706e+00 -1.424878295361e-01 2.013083973393e+00 3.158833511430e+00 3.815071886982e+00 4.032696659551e+00 4.348723608912e+00 4.868799909197e+00 4.869735182076e+00 5.757904854693e+00 6.143698180269e+00 6.998684999387e+00 8.986405472718e+00 9.459990567772e+00 1.102724718104e+01 1.198167342106e+01 1.249747486851e+01 1.249969314992e+01 1.308886997908e+01 1.388421584908e+01 1.468791637448e+01 1.497302473224e+01 1.663133394431e+01 1.832872885699e+01 1.855451064982e+01 2.034706633039e+01 2.522039549514e+01 2.523439419760e+01
2.606895606081e+00 -3.671117568792e+00 -2.576209348319e+00 -2.132265716758e+00 1.815822084634e-01 2.011875027145e+00 3.158778676401e+00 3.794786277771e+00 4.033406015760e+00 4.342521309657e+00 4.867293501716e+00 4.871167583542e+00 5.748291935410e+00 6.152513093925e+00 7.002531027111e+00 8.980594059998e+00 9.462271393953e+00 1.102564984645e+01 1.198252697707e+01 1.249665673145e+01 1.250210539038e+01 1.308784001581e+01 1.388417972386e+01 1.468852928709e+01 1.497391451285e+01 1.663282705307e+01 1.833025777786e+01 1.855494780836e+01 2.034989239900e+01 2.522030375217e+01 2.523443741737e+01
2.614310884156e+00 -3.674636012041e+00 -2.583695441218e+00 -2.140653431789e+00 2.886835626826e-01 2.009751186267e+00 3.157495663175e+00 3.772277734056e+00 4.034325958816e+00 4.336962163317e+00 4.863383565994e+00 4.874598285429e+00 5.738301354582e+00 6.162526798088e+00 7.006704540035e+00 8.975034649367e+00 9.464647358732e+00 1.102408226921e+01 1.198359876614e+01 1.249559596720e+01 1.250467282863e+01 1.308684382769e+01 1.388402608560e+01 1.468904134554e+01 1.497485915272e+01 1.663428949618e+01 1.833167666588e+01 1.855535961888e+01 2.035268737242e+01 2.522021527748e+01 2.523449923682e+01
2.621726162231e+00 -3.677474815140e+00 -2.590547845714e+00 -2.148308745375e+00 3.617439681430e-01 2.006657423298e+00 3.154990722049e+00 3.747829532590e+00 4.035442994135e+00 4.331760298295e+00 4.858008971243e+00 4.879129056351e+00 5.728076686239e+00 6.173592930356e+00 7.011191244635e+00 8.969732284284e+00 9.467118187437e+00 1.102254409159e+01 1.198488659497e+01 1.249429285382e+01 1.250739623949e+01 1.308588311857e+01 1.388375459150e+01 1.468945235100e+01 1.497585855663e+01 1.663572117027e+01 1.833298590239e+01 1.855574660965e+01 2.035545047252e+01 2.522013013544e+01 2.523457961618e+01
2.629141440306e+00 -3.679635732301e+00 -2.596773786589e+00 -2.155234564200e+00 4.190427224357e-01 2.002537238762e+00 3.151272609890e+00 3.721729042213e+00 4.036740250199e+00 4.326625832135e+00 4.851182671557e+00 4.884800092098e+00 5.717740325243e+00 6.185579206853e+00 7.015975278207e+00 8.964691278149e+00 9.469683708396e+00 1.102103496284e+01 1.198638759382e+01 1.249274806439e+01 1.251027671455e+01 1.308495944115e+01 1.388336482639e+01 1.468976227002e+01 1.497691248470e+01 1.663712199307e+01 1.833418602734e+01 1.855610932367e+01 2.035818094432e+01 2.522004838354e+01 2.523467847936e+01
2.636556718381e+00 -3.681120416890e+00 -2.602380430118e+00 -2.161433159537e+00 4.664922109142e-01 1.997332861401e+00 3.146352295756e+00 3.694254133006e+00 4.038197695071e+00 4.321284007443e+00 4.842926984296e+00 4.891648984958e+00 5.707393509387e+00 6.198367460785e+00 7.021039335606e+00 8.959915201938e+00 9.472343842907e+00 1.101955453905e+01 1.198809823150e+01 1.249096267637e+01 1.251331564836e+01 1.308407418869e+01 1.388285630422e+01 1.468997123455e+01 1.497802055353e+01 1.663849190365e+01 1.833527773812e+01 1.855644831754e+01 2.036087805704e+01 2.521997007230e+01 2.523479571409e+01
2.643971996456e+00 -3.681930428526e+00 -2.607374876195e+00 -2.166906202843e+00 5.069262153218e-01 1.990985519607e+00 3.140242627587e+00 3.665664764610e+00 4.039792382433e+00 4.315488353033e+00 4.833273397234e+00 4.899705685737e+00 5.697117546369e+00 6.211852682432e+00 7.026364805602e+00 8.955406875570e+00 9.475098593793e+00 1.101810248286e+01 1.199001433136e+01 1.248893817928e+01 1.251651472306e+01 1.308322858833e+01 1.388222847008e+01 1.469007954194e+01 1.497918223759e+01 1.663983086261e+01 1.833626188820e+01 1.855676416034e+01 2.036354110504e+01 2.521989524517e+01 2.523493117205e+01
2.651387274530e+00 -3.682067240495e+00 -2.611764149746e+00 -2.171654800841e+00 5.419714469183e-01 1.983435797304e+00 3.132957974105e+00 3.636198744823e+00 4.041498710665e+00 4.309028503049e+00 4.822262185768e+00 4.908988554633e+00 5.686975686544e+00 6.225941613370e+00 7.031931914494e+00 8.951168363063e+00 9.477948032552e+00 1.101667846319e+01 1.199213108846e+01 1.248667648074e+01 1.251987589143e+01 1.308242369567e+01 1.388148070267e+01 1.469008765499e+01 1.498039687105e+01 1.664113885217e+01 1.833713948541e+01 1.855705743249e+01 2.036616940867e+01 2.521982393850e+01 2.523508466925e+01
2.658802552605e+00 -3.681532247552e+00 -2.615555191268e+00 -2.175679530405e+00 5.726666120340e-01 1.974624087599e+00 3.124513856244e+00 3.606070383230e+00 4.043288677712e+00 4.301733684037e+00 4.809941863158e+00 4.919501760263e+00 5.677015282477e+00 6.240551233592e+00 7.037719874664e+00 8.947200971502e+00 9.480892285138e+00 1.101528215502e+01 1.199444308811e+01 1.248417991075e+01 1.252340135820e+01 1.308166039111e+01 1.388061231728e+01 1.468999620181e+01 1.498166364999e+01 1.664241587636e+01 1.833791169005e+01 1.855732872469e+01 2.036876231505e+01 2.521975618150e+01 2.523525598629e+01
2.666217830680e+00 -3.680326774175e+00 -2.618754846384e+00 -2.178980473546e+00 5.997229701828e-01 1.964491156919e+00 3.114926581630e+00 3.575470894917e+00 4.045132114656e+00 4.293472914460e+00 4.796368499761e+00 4.931234123279e+00 5.667270018950e+00 6.255607325347e+00 7.043707035877e+00 8.943505253808e+00 9.483931516399e+00 1.101391323901e+01 1.199694432587e+01 1.248145122422e+01 1.252709355932e+01 1.308093937758e+01 1.387962256936e+01 1.468980597580e+01 1.498298163492e+01 1.664366196104e+01 1.833857981259e+01 1.855757863682e+01 2.037131919874e+01 2.521969199617e+01 2.523544486882e+01
2.673633108755e+00 -3.678452083367e+00 -2.621369854333e+00 -2.181557252749e+00 6.236515986157e-01 1.952978831088e+00 3.104212894064e+00 3.544569690387e+00 4.046996881731e+00 4.284152863663e+00 4.781604957056e+00 4.944159320415e+00 5.657762087730e+00 6.271043197755e+00 7.049871037314e+00 8.940081015253e+00 9.487065913230e+00 1.101257140130e+01 1.199962822925e+01 1.247849360170e+01 1.253095513922e+01 1.308026117996e+01 1.387851065856e+01 1.468951793539e+01 1.498434975362e+01 1.664487715402e+01 1.833914531129e+01 1.855780777695e+01 2.037383946237e+01 2.521963139734e+01 2.523565102803e+01
2.681048386830e+00 -3.675909386095e+00 -2.623406835363e+00 -2.183409066867e+00 6.448322044182e-01 1.940030812901e+00 3.092389647725e+00 3.513515974236e+00 4.048849011841e+00 4.273714190151e+00 4.765720087945e+00 4.958237209562e+00 5.648504235123e+00 6.286798597868e+00 7.056188958485e+00 8.936927323637e+00 9.490295666488e+00 1.101125633310e+01 1.200248768137e+01 1.247531064839e+01 1.253498892565e+01 1.307962614599e+01 1.387727573346e+01 1.468913320385e+01 1.498576680439e+01 1.664606152506e+01 1.833960978941e+01 1.855801676029e+01 2.037632253716e+01 2.521957439264e+01 2.523587414121e+01
2.688463664905e+00 -3.672699851470e+00 -2.624872277014e+00 -2.184534727756e+00 6.635531368304e-01 1.925593638347e+00 3.079473513471e+00 3.482440306699e+00 4.050652788013e+00 4.262127049161e+00 4.748787956127e+00 4.973415939926e+00 5.639501641083e+00 6.302818802747e+00 7.062637467446e+00 8.934042523016e+00 9.493620951749e+00 1.100996773051e+01 1.200551504666e+01 1.247190639143e+01 1.253919790210e+01 1.307903444870e+01 1.387591689684e+01 1.468865306887e+01 1.498723145953e+01 1.664721516585e+01 1.833997499226e+01 1.855820620821e+01 2.037876788330e+01 2.521952098254e+01 2.523611385237e+01
2.695878942979e+00 -3.668824617796e+00 -2.625772519361e+00 -2.184932697766e+00 6.800358930614e-01 1.909617776269e+00 3.065480722070e+00 3.451455947764e+00 4.052370742650e+00 4.249386325554e+00 4.730887124585e+00 4.989634485734e+00 5.630753606896e+00 6.319053872851e+00 7.069192964936e+00 8.931424250819e+00 9.497041908984e+00 1.100870529415e+01 1.200870219889e+01 1.246828527566e+01 1.254358517757e+01 1.307848609022e+01 1.387443321170e+01 1.468807898210e+01 1.498874226909e+01 1.664833819002e+01 1.834024280391e+01 1.855837674729e+01 2.038117499039e+01 2.521947116038e+01 2.523636977295e+01
2.703294221054e+00 -3.664284804614e+00 -2.626113739300e+00 -2.184601128179e+00 6.944506464183e-01 1.892058874359e+00 3.050426846935e+00 3.420659913012e+00 4.053963567559e+00 4.235507008983e+00 4.712100057447e+00 5.006825278125e+00 5.622255040213e+00 6.335458042166e+00 7.075831723335e+00 8.929069458189e+00 9.500558621252e+00 1.100746872898e+01 1.201204055160e+01 1.246445215780e+01 1.254815395343e+01 1.307798090692e+01 1.387282370792e+01 1.468741255849e+01 1.499029766498e+01 1.664943073301e+01 1.834041524376e+01 1.855852900842e+01 2.038354337763e+01 2.521942491243e+01 2.523664148260e+01
2.710709499129e+00 -3.659081525899e+00 -2.625901934027e+00 -2.183537898654e+00 7.069262296934e-01 1.872879154061e+00 3.034326626907e+00 3.390133738483e+00 4.055389924731e+00 4.220519991514e+00 4.692512671726e+00 5.024916685027e+00 5.613997734942e+00 6.351989220653e+00 7.082530019556e+00 8.926974433327e+00 9.504171092515e+00 1.100625774399e+01 1.201552109114e+01 1.246041229929e+01 1.255290748746e+01 1.307751857570e+01 1.387108738972e+01 1.468665557548e+01 1.499189596525e+01 1.665049295204e+01 1.834049446277e+01 1.855866362583e+01 2.038587259404e+01 2.521938221797e+01 2.523692852997e+01
2.718124777204e+00 -3.653215904578e+00 -2.625142903917e+00 -2.181740657649e+00 7.175564682260e-01 1.852048959127e+00 3.017193827985e+00 3.359943991909e+00 4.056606148715e+00 4.204468444865e+00 4.672214066760e+00 5.043835177551e+00 5.605971450457e+00 6.368608587098e+00 7.089264261207e+00 8.925134827622e+00 9.507879224707e+00 1.100507205204e+01 1.201913441245e+01 1.245617135792e+01 1.255784905482e+01 1.307709862138e+01 1.386922324391e+01 1.468580997198e+01 1.499353537865e+01 1.665152502590e+01 1.834048273952e+01 1.855878123629e+01 2.038816221858e+01 2.521934304934e+01 2.523723043361e+01
2.725540055279e+00 -3.646689088571e+00 -2.623842235049e+00 -2.179206863810e+00 7.264039353282e-01 1.829548468587e+00 2.999041141622e+00 3.330142589147e+00 4.057565832660e+00 4.187404834960e+00 4.651296450324e+00 5.063507103616e+00 5.598164800268e+00 6.385280253688e+00 7.096011105582e+00 8.923545684324e+00 9.511682794178e+00 1.100391136968e+01 1.202287075749e+01 1.245173537826e+01 1.256298190590e+01 1.307672042496e+01 1.386723024903e+01 1.468487784713e+01 1.499521400936e+01 1.665252715481e+01 1.834038247602e+01 1.855888247819e+01 2.039041186014e+01 2.521930737211e+01 2.523754668296e+01
2.732955333354e+00 -3.639502268569e+00 -2.622005281691e+00 -2.175933828232e+00 7.335017318489e-01 1.805369595768e+00 2.979880116359e+00 3.300766983840e+00 4.058219292292e+00 4.169388559812e+00 4.629855271316e+00 5.083860053788e+00 5.590565964657e+00 6.401970987044e+00 7.102747571206e+00 8.922201469468e+00 9.515581427678e+00 1.100277541699e+01 1.202672005645e+01 1.244711078125e+01 1.256830922120e+01 1.307638323260e+01 1.386510738535e+01 1.468386145876e+01 1.499692986199e+01 1.665349956018e+01 1.834019619329e+01 1.855896799080e+01 2.039262115752e+01 2.521927514513e+01 2.523787673931e+01
2.740370611428e+00 -3.631656697792e+00 -2.619637149097e+00 -2.171918757468e+00 7.388535996930e-01 1.779518111591e+00 2.959721118939e+00 3.271840299177e+00 4.058512906419e+00 4.150484151758e+00 4.607989559123e+00 5.104823847267e+00 5.583163244814e+00 6.418649973475e+00 7.109451141823e+00 8.921096104807e+00 9.519574578031e+00 1.100166391747e+01 1.203067197173e+01 1.244230435292e+01 1.257383406312e+01 1.307608616527e+01 1.386285364593e+01 1.468276322163e+01 1.499868084664e+01 1.665444248439e+01 1.833992652673e+01 1.855903841341e+01 2.039478977928e+01 2.521924632070e+01 2.523822003688e+01
2.747785889503e+00 -3.623153714036e+00 -2.616742677031e+00 -2.167158797151e+00 7.424324797351e-01 1.752016052338e+00 2.938573320817e+00 3.243371465465e+00 4.058388340707e+00 4.130759961957e+00 4.585802457604e+00 5.126331189673e+00 5.575945477716e+00 6.435288618820e+00 7.116099862855e+00 8.920223002443e+00 9.523661499681e+00 1.100057659802e+01 1.203471594427e+01 1.243732323244e+01 1.257955932493e+01 1.307582822878e+01 1.386046804868e+01 1.468158570528e+01 1.500046478424e+01 1.665535619046e+01 1.833957622130e+01 1.855909438461e+01 2.039691742355e+01 2.521922084473e+01 2.523857598393e+01
2.755201167578e+00 -3.613994764304e+00 -2.613326424470e+00 -2.161651076040e+00 7.441774714438e-01 1.722904497747e+00 2.916444705845e+00 3.215355417926e+00 4.057781675969e+00 4.110287237713e+00 4.563401924538e+00 5.148318063237e+00 5.568902331501e+00 6.451860375411e+00 7.122672430450e+00 8.919575100870e+00 9.527841224292e+00 1.099951318890e+01 1.203884124245e+01 1.243217489968e+01 1.258548767706e+01 1.307560832412e+01 1.385794964953e+01 1.468033163161e+01 1.500227941191e+01 1.665624096174e+01 1.833914812649e+01 1.855913654154e+01 2.039900381776e+01 2.521919865687e+01 2.523894396392e+01
2.762616445653e+00 -3.604181432405e+00 -2.609392655993e+00 -2.155392750294e+00 7.439890181763e-01 1.692246829638e+00 2.893342095032e+00 3.187773396963e+00 4.056622486515e+00 4.089139505739e+00 4.540901541766e+00 5.170723909256e+00 5.562024500607e+00 6.468340590417e+00 7.129148273347e+00 8.919144902148e+00 9.532112536596e+00 1.099847342375e+01 1.204303701278e+01 1.242686716238e+01 1.259162151105e+01 1.307542525795e+01 1.385529755680e+01 1.467900387198e+01 1.500412238851e+01 1.665709710150e+01 1.833864519106e+01 1.855916551915e+01 2.040104871825e+01 2.521917969070e+01 2.523932333674e+01
2.770031723728e+00 -3.593715469933e+00 -2.604945330378e+00 -2.148381047766e+00 7.417220123619e-01 1.660132594721e+00 2.869271184403e+00 3.160593379812e+00 4.054832952446e+00 4.067392182208e+00 4.518421342541e+00 5.193491656420e+00 5.555303818778e+00 6.484706371154e+00 7.135507627834e+00 8.918924509903e+00 9.536473950699e+00 1.099745703969e+01 1.204729233248e+01 1.242140814297e+01 1.259796288136e+01 1.307527775313e+01 1.385251094686e+01 1.467760544404e+01 1.500599130027e+01 1.665792493255e+01 1.833807045768e+01 1.855918194959e+01 2.040305190994e+01 2.521916387394e+01 2.523971343996e+01
2.777447001803e+00 -3.582598831107e+00 -2.599988092000e+00 -2.140613312086e+00 7.371763776123e-01 1.626682079950e+00 2.844236592275e+00 3.133770659154e+00 4.045122340139e+00 4.052327146394e+00 4.496088506379e+00 5.216567639916e+00 5.548733306342e+00 6.500936464048e+00 7.141731606112e+00 8.918905667877e+00 9.540923687050e+00 1.099646377744e+01 1.205159626308e+01 1.241580626527e+01 1.260451344571e+01 1.307516445911e+01 1.384958908111e+01 1.467613950797e+01 1.500788366646e+01 1.665872479674e+01 1.833742705735e+01 1.855918646147e+01 2.040501320574e+01 2.521915112862e+01 2.524011359010e+01
2.784862279877e+00 -3.570833712004e+00 -2.594524265607e+00 -2.132087046328e+00 7.300845289594e-01 1.592051634738e+00 2.818241912496e+00 3.107248572543e+00 4.022408574290e+00 4.049010712123e+00 4.474037695573e+00 5.239901447201e+00 5.542307166267e+00 6.517011144694e+00 7.147802258433e+00 8.919079798749e+00 9.545459650292e+00 1.099549338153e+01 1.205593790486e+01 1.241007024108e+01 1.261127440422e+01 1.307508396215e+01 1.384653132434e+01 1.467460936241e+01 1.500979694515e+01 1.665949705446e+01 1.833671820364e+01 1.855917967926e+01 2.040693244612e+01 2.521914137134e+01 2.524052308401e+01
2.792277557952e+00 -3.558422594819e+00 -2.588556855108e+00 -2.122799956034e+00 7.200949148899e-01 1.556439595442e+00 2.791289770479e+00 3.080959377159e+00 3.999330912299e+00 4.044781244946e+00 4.452410716095e+00 5.263445717940e+00 5.536020741460e+00 6.532912117107e+00 7.153702629361e+00 8.919438042967e+00 9.550079408212e+00 1.099454560047e+01 1.206030645122e+01 1.240420905671e+01 1.261824643796e+01 1.307503479526e+01 1.384333716464e+01 1.467301843982e+01 1.501172853904e+01 1.666024208411e+01 1.833594718682e+01 1.855916222272e+01 2.040880949839e+01 2.521913451346e+01 2.524094120021e+01
2.799692836027e+00 -3.545368297835e+00 -2.582088547031e+00 -2.112749991397e+00 7.067505383997e-01 1.520092321438e+00 2.763381879146e+00 3.054825258231e+00 3.975970728058e+00 4.039529773098e+00 4.431355097598e+00 5.287155918484e+00 5.529870443884e+00 6.548622420706e+00 7.159416808536e+00 8.919971297331e+00 9.554780172014e+00 1.099362018707e+01 1.206469124264e+01 1.239823195952e+01 1.262542964759e+01 1.307501544771e+01 1.384000623493e+01 1.467137030138e+01 1.501367580123e+01 1.666096028145e+01 1.833511736786e+01 1.855913470622e+01 2.041064425615e+01 2.521913046137e+01 2.524136720029e+01
2.807108114102e+00 -3.531674031923e+00 -2.575121719292e+00 -2.101935388396e+00 6.894607400839e-01 1.483309276774e+00 2.734519092117e+00 3.028759456404e+00 3.952410619384e+00 4.033143783241e+00 4.411021144347e+00 5.310990105475e+00 5.523853664182e+00 6.564126343919e+00 7.164929976293e+00 8.920670253104e+00 9.559558778122e+00 1.099271689878e+01 1.206908181927e+01 1.239214844450e+01 1.263282349256e+01 1.307502437412e+01 1.383653833608e+01 1.466966863138e+01 1.501563604107e+01 1.666165205900e+01 1.833423217221e+01 1.855909773829e+01 2.041243663847e+01 2.521912911671e+01 2.524180033038e+01
2.814523392177e+00 -3.517343464474e+00 -2.567658455999e+00 -2.090354708722e+00 6.674630490675e-01 1.446445275578e+00 2.704701451718e+00 3.002667498878e+00 3.928734217455e+00 4.025512163052e+00 4.391557080199e+00 5.334908688659e+00 5.517968668937e+00 6.579409343560e+00 7.170228444493e+00 8.921525433419e+00 9.564411671741e+00 1.099183549802e+01 1.207346797169e+01 1.238596824098e+01 1.264042673162e+01 1.307506000313e+01 1.383293346183e+01 1.466791723105e+01 1.501760652998e+01 1.666231784534e+01 1.833329508359e+01 1.855905192099e+01 2.041418658918e+01 2.521913037666e+01 2.524223982257e+01
2.821938670251e+00 -3.502380791788e+00 -2.559700568994e+00 -2.078006878280e+00 6.397680903967e-01 1.409907100792e+00 2.673928229564e+00 2.976448520505e+00 3.905025900796e+00 4.016532168151e+00 4.373102177427e+00 5.358874199573e+00 5.512214491239e+00 6.594457969330e+00 7.175299692884e+00 8.922527229801e+00 9.569334892363e+00 1.099097575266e+01 1.207783978895e+01 1.237970129924e+01 1.264823736519e+01 1.307512074545e+01 1.382919182564e+01 1.466612001196e+01 1.501958450727e+01 1.666295808434e+01 1.833230963760e+01 1.855899784943e+01 2.041589407601e+01 2.521913413422e+01 2.524268489641e+01
2.829353948326e+00 -3.486790821116e+00 -2.551249626903e+00 -2.064891224091e+00 6.050704989247e-01 1.374141160470e+00 2.642197957647e+00 2.949996662787e+00 3.881370392566e+00 4.006118013859e+00 4.355778266724e+00 5.382851070283e+00 5.506590819023e+00 6.609259792911e+00 7.180132401312e+00 8.923665937605e+00 9.574324061439e+00 1.099013743641e+01 1.208218770330e+01 1.237335777732e+01 1.265625258012e+01 1.307520500139e+01 1.382531388935e+01 1.466428098873e+01 1.502156718585e+01 1.666357323441e+01 1.833127941522e+01 1.855893611129e+01 2.041755908975e+01 2.521914027844e+01 2.524313476042e+01
2.836769226401e+00 -3.470579063661e+00 -2.542306992513e+00 -2.051007509371e+00 5.615817761866e-01 1.339609489229e+00 2.609508447964e+00 2.923202539921e+00 3.857852226992e+00 3.994210014366e+00 4.339680704302e+00 5.406805424529e+00 5.501097884633e+00 6.623803341267e+00 7.184716478048e+00 8.924931790230e+00 9.579374372370e+00 1.098932032938e+01 1.208650253108e+01 1.236694802771e+01 1.266446869746e+01 1.307531116791e+01 1.382130039400e+01 1.466240427141e+01 1.502355175800e+01 1.666416376765e+01 1.833020803630e+01 1.855886728630e+01 2.041918164332e+01 2.521914869479e+01 2.524358861360e+01
2.844184504476e+00 -3.453751840051e+00 -2.532873869355e+00 -2.036355966504e+00 5.066625407929e-01 1.306754108523e+00 2.575856798854e+00 2.895954760416e+00 3.834555079631e+00 3.980782585750e+00 4.324870478622e+00 5.430704882433e+00 5.495736358237e+00 6.638078033798e+00 7.189043084496e+00 8.926314991961e+00 9.584480583023e+00 1.098852421858e+01 1.209077550897e+01 1.236048258407e+01 1.267288112364e+01 1.307543764495e+01 1.381715239267e+01 1.466049405719e+01 1.502553540099e+01 1.666473016899e+01 1.832909915291e+01 1.855879194584e+01 2.042076177080e+01 2.521915926536e+01 2.524404564696e+01
2.851599782551e+00 -3.436316399955e+00 -2.522951358492e+00 -2.020937327551e+00 4.358596955118e-01 1.275954523991e+00 2.541239386228e+00 2.868141489867e+00 3.811560966631e+00 3.965849253777e+00 4.311369315253e+00 5.454518379041e+00 5.490507246981e+00 6.652074123092e+00 7.193104656499e+00 8.927805749319e+00 9.589637010895e+00 1.098774889851e+01 1.209499832542e+01 1.235397214780e+01 1.268148430533e+01 1.307558284133e+01 1.381287128565e+01 1.465855462167e+01 1.502751528269e+01 1.666527293525e+01 1.832795644268e+01 1.855871065244e+01 2.042229952646e+01 2.521917186926e+01 2.524450504507e+01
2.859015060626e+00 -3.418281057733e+00 -2.512540526602e+00 -2.004752851794e+00 3.396380371905e-01 1.247488046790e+00 2.505651837951e+00 2.839652035134e+00 3.788949330232e+00 3.949463319315e+00 4.299159126632e+00 5.478215996461e+00 5.485411801294e+00 6.665782639039e+00 7.196894922430e+00 8.929394300840e+00 9.594837531082e+00 1.098699417171e+01 1.209916314659e+01 1.234742757454e+01 1.269027168836e+01 1.307574518004e+01 1.380845885781e+01 1.465659030969e+01 1.502948856705e+01 1.666579257418e+01 1.832678360208e+01 1.855862395942e+01 2.042379498374e+01 2.521918638287e+01 2.524496598762e+01
2.866430338700e+00 -3.399655346215e+00 -2.501642486634e+00 -1.987804349636e+00 1.826468240508e-01 1.221504237748e+00 2.469088989542e+00 2.810378423013e+00 3.766796040459e+00 3.931713940037e+00 4.288186047875e+00 5.480451429224e+00 5.501768809020e+00 6.679195336103e+00 7.200408918239e+00 8.931070945185e+00 9.600075577156e+00 1.098625984939e+01 1.210326263688e+01 1.234085986032e+01 1.269923568070e+01 1.307592310299e+01 1.380391731841e+01 1.465460552566e+01 1.503145241955e+01 1.666628960346e+01 1.832558433969e+01 1.855853241046e+01 2.042524823415e+01 2.521920268016e+01 2.524542765095e+01
2.873845616775e+00 -3.380450190892e+00 -2.490258492490e+00 -1.970094201922e+00 -2.349449005061e-01 1.198020811146e+00 2.431544819342e+00 2.780216938789e+00 3.745172355171e+00 3.912718615454e+00 4.278368071501e+00 5.475627619385e+00 5.525148740701e+00 6.692304643588e+00 7.203642999556e+00 8.932826067543e+00 9.605344145053e+00 1.098554575203e+01 1.210728997356e+01 1.233428012750e+01 1.270836761956e+01 1.307611507525e+01 1.379924934333e+01 1.465260472352e+01 1.503340401249e+01 1.666676454965e+01 1.832436236941e+01 1.855843653922e+01 2.042665938622e+01 2.521922063306e+01 2.524588920964e+01
2.881260894850e+00 -3.360678107060e+00 -2.478390049440e+00 -1.951625373392e+00 -3.863819210555e-01 1.176940470006e+00 2.393012361080e+00 2.749069583558e+00 3.724143890652e+00 3.892613855022e+00 4.269604501199e+00 5.470941872797e+00 5.548328434048e+00 6.705103618740e+00 7.206594850956e+00 8.934650164278e+00 9.610635800045e+00 1.098485171001e+01 1.211123885579e+01 1.232769961025e+01 1.271765774243e+01 1.307631958886e+01 1.379445811979e+01 1.465059239630e+01 1.503534053020e+01 1.666721794709e+01 1.832312140373e+01 1.855833686897e+01 2.042802856436e+01 2.521924011170e+01 2.524634983804e+01
2.888676172925e+00 -3.340353422582e+00 -2.466039042250e+00 -1.932401418566e+00 -4.977491257811e-01 1.158081153453e+00 2.353483591560e+00 2.716845405773e+00 3.703769661094e+00 3.871545892833e+00 4.261785360954e+00 5.466395643650e+00 5.571281129756e+00 6.717585902528e+00 7.209263492395e+00 8.936533865802e+00 9.615942686838e+00 1.098417756421e+01 1.211510350798e+01 1.232112963968e+01 1.272709516191e+01 1.307653516608e+01 1.378954739369e+01 1.464857306540e+01 1.503725917418e+01 1.666765033677e+01 1.832186514692e+01 1.855823391225e+01 2.042935590776e+01 2.521926098483e+01 2.524680871183e+01
2.896091451000e+00 -3.319492529126e+00 -2.453207883369e+00 -1.912426477768e+00 -5.910871262335e-01 1.141209786538e+00 2.312949290803e+00 2.683461663966e+00 3.684101246163e+00 3.849662820585e+00 4.254799387589e+00 5.461990288887e+00 5.593980556195e+00 6.729745678003e+00 7.211649282839e+00 8.938467957677e+00 9.621256542826e+00 1.098352316659e+01 1.211887867773e+01 1.231458162824e+01 1.273666784390e+01 1.307676036225e+01 1.378452151943e+01 1.464655126954e+01 1.503915716805e+01 1.666806226518e+01 1.832059728837e+01 1.855812817054e+01 2.043064156920e+01 2.521928312009e+01 2.524726500955e+01
2.903506729075e+00 -3.298114164769e+00 -2.439899683886e+00 -1.891705260317e+00 -6.730516596954e-01 1.126071766353e+00 2.271398871463e+00 2.648844784951e+00 3.665182140534e+00 3.827108799565e+00 4.248539945499e+00 5.457727026327e+00 5.616400828257e+00 6.741577631077e+00 7.213753920986e+00 8.940443399947e+00 9.626568714513e+00 1.098288838079e+01 1.212255962868e+01 1.230806705365e+01 1.274636258882e+01 1.307699376833e+01 1.377938551231e+01 1.464453155359e+01 1.504103176240e+01 1.666845428310e+01 1.831932149585e+01 1.855802013394e+01 2.043188571392e+01 2.521930638437e+01 2.524771791417e+01
2.910922007149e+00 -3.276239730837e+00 -2.426118450444e+00 -1.870243011037e+00 -7.466460857560e-01 1.112412439073e+00 2.228820173652e+00 2.612931095496e+00 3.647047327927e+00 3.804020398964e+00 4.242908815648e+00 5.453606900959e+00 5.638516354988e+00 6.753076913635e+00 7.215580442983e+00 8.942451344729e+00 9.631870177064e+00 1.098227308264e+01 1.212614212879e+01 1.230159744203e+01 1.275616501537e+01 1.307723401294e+01 1.377414510346e+01 1.464251845715e+01 1.504288023956e+01 1.666882694438e+01 1.831804140888e+01 1.855791028082e+01 2.043308851840e+01 2.521933064412e+01 2.524816661457e+01
2.918337285224e+00 -3.253893645579e+00 -2.411869311793e+00 -1.848045455138e+00 -8.135088496734e-01 1.099990236901e+00 2.185199220310e+00 2.575667324505e+00 3.629723106021e+00 3.780524735237e+00 4.237818183189e+00 5.449630758956e+00 5.660301755638e+00 6.764239108857e+00 7.217133216927e+00 8.944483152107e+00 9.637151556951e+00 1.098167716066e+01 1.212962243427e+01 1.229518435028e+01 1.276605954637e+01 1.307747976417e+01 1.376880679708e+01 1.464051650314e+01 1.504469991817e+01 1.666918080465e+01 1.831676063214e+01 1.855779907761e+01 2.043425016921e+01 2.521935576571e+01 2.524861030704e+01
2.925752563299e+00 -3.231103736841e+00 -2.397158779227e+00 -1.825118715271e+00 -8.746450326014e-01 1.088582989383e+00 2.140519927025e+00 2.537010895630e+00 3.613227169595e+00 3.756738946722e+00 4.233191288345e+00 5.445799228878e+00 5.681731783898e+00 6.775060198648e+00 7.218417933883e+00 8.946530404368e+00 9.642403157635e+00 1.098110051649e+01 1.213299726997e+01 1.228883934759e+01 1.277602939621e+01 1.307772973102e+01 1.376337792989e+01 1.463853018626e+01 1.504648815767e+01 1.666951642011e+01 1.831548272897e+01 1.855768697845e+01 2.043537086181e+01 2.521938161575e+01 2.524904819679e+01
2.933167841374e+00 -3.207901674990e+00 -2.381995045720e+00 -1.801469192949e+00 -9.307221311454e-01 1.077989423753e+00 2.094763758438e+00 2.496930055041e+00 3.597568939914e+00 3.732770550766e+00 4.228962191767e+00 5.442112709525e+00 5.702781260234e+00 6.785536533076e+00 7.219441595065e+00 8.948584918638e+00 9.647614988169e+00 1.098054306525e+01 1.213626380665e+01 1.228257399604e+01 1.278605655955e+01 1.307798266459e+01 1.375786673244e+01 1.463656396164e+01 1.504824236260e+01 1.666983434612e+01 1.831421121494e+01 1.855757442496e+01 2.043645079934e+01 2.521940806142e+01 2.524947949941e+01
2.940583119449e+00 -3.184323446057e+00 -2.366388329212e+00 -1.777103404708e+00 -9.822081039287e-01 1.068027625818e+00 2.047909321137e+00 2.455403903821e+00 3.582750111334e+00 3.708718315909e+00 4.225075019994e+00 5.438571363827e+00 5.723425012400e+00 6.795664801723e+00 7.220212494735e+00 8.950638758002e+00 9.652776794638e+00 1.098000473582e+01 1.213941963561e+01 1.227639983030e+01 1.279612180102e+01 1.307823735905e+01 1.375228239198e+01 1.463462223346e+01 1.504995998681e+01 1.667013513595e+01 1.831294955154e+01 1.855746184599e+01 2.043749019145e+01 2.521943497081e+01 2.524990344230e+01
2.947998397524e+00 -3.160409863000e+00 -2.350351266013e+00 -1.752027761218e+00 -1.029442596751e+00 1.058531736822e+00 1.999931879826e+00 2.412422428051e+00 3.568765373150e+00 3.684673383438e+00 4.221482954400e+00 5.435175118190e+00 5.743637824366e+00 6.805442006857e+00 7.220740198259e+00 8.952684241152e+00 9.657878094284e+00 1.097948547106e+01 1.214246274152e+01 1.227032833624e+01 1.280620464570e+01 1.307849265234e+01 1.374663511611e+01 1.463270934386e+01 1.505163853749e+01 1.667041933944e+01 1.831170113996e+01 1.855734965733e+01 2.043848925310e+01 2.521946221323e+01 2.525031926605e+01
2.955413675598e+00 -3.136207110194e+00 -2.333899360834e+00 -1.726248275065e+00 -1.072676613061e+00 1.049347675083e+00 1.950802779462e+00 2.367986642113e+00 3.555603257214e+00 3.660720462609e+00 4.218147136667e+00 5.431923666671e+00 5.763394394058e+00 6.814865438340e+00 7.221035514689e+00 8.954713950676e+00 9.662908212172e+00 1.097898522788e+01 1.214539147366e+01 1.226437092862e+01 1.281628337070e+01 1.307874742672e+01 1.374093619662e+01 1.463082956205e+01 1.505327557906e+01 1.667068750158e+01 1.831046931501e+01 1.855723826157e+01 2.043944820340e+01 2.521948965953e+01 2.525072622590e+01
2.962828953673e+00 -3.111767312281e+00 -2.317051500213e+00 -1.699770180167e+00 -1.112096016638e+00 1.040328286815e+00 1.900488750444e+00 2.322108983212e+00 3.543247059802e+00 3.636938992284e+00 4.215035594841e+00 5.428816479390e+00 5.782669300445e+00 6.823932650178e+00 7.221110463095e+00 8.956720740039e+00 9.667856320223e+00 1.097850397722e+01 1.214820451637e+01 1.225853892770e+01 1.282633499800e+01 1.307900060912e+01 1.373519807244e+01 1.462898707371e+01 1.505486873697e+01 1.667094016122e+01 1.830925733915e+01 1.855712804778e+01 2.044036726442e+01 2.521951718246e+01 2.525112359302e+01
2.970244231748e+00 -3.087149113401e+00 -2.299830536106e+00 -1.672597442731e+00 -1.147836192917e+00 1.031328053083e+00 1.848951066272e+00 2.274814120077e+00 3.531675789016e+00 3.613404209128e+00 4.212122246182e+00 5.425852814583e+00 5.801436980692e+00 6.832641438636e+00 7.220978231793e+00 8.958697739374e+00 9.672711478417e+00 1.097804170395e+01 1.215090085906e+01 1.225284353484e+01 1.283633528947e+01 1.307925117135e+01 1.372943439030e+01 1.462718597086e+01 1.505641570124e+01 1.667117784969e+01 1.830806839668e+01 1.855701939138e+01 2.044124666005e+01 2.521954465693e+01 2.525151065586e+01
2.977659509823e+00 -3.062418246159e+00 -2.282263945908e+00 -1.644732140530e+00 -1.179991612225e+00 1.022197282234e+00 1.796144512494e+00 2.226140369511e+00 3.520865095518e+00 3.590188092837e+00 4.209386002128e+00 5.423031733727e+00 5.819671718188e+00 6.840989821847e+00 7.220653129499e+00 8.960638360151e+00 9.677462677971e+00 1.097759840656e+01 1.215347976615e+01 1.224729580715e+01 1.284625874513e+01 1.307949813023e+01 1.372366006154e+01 1.462543024197e+01 1.505791423000e+01 1.667140108941e+01 1.830690558810e+01 1.855691265391e+01 2.044208661487e+01 2.521957196034e+01 2.525188672143e+01
2.985074787898e+00 -3.037648061640e+00 -2.264384573877e+00 -1.616173684170e+00 -1.208622330860e+00 1.012775567195e+00 1.742016110909e+00 2.176141954388e+00 3.510788152998e+00 3.567360176983e+00 4.206809982135e+00 5.420352119192e+00 5.837347642411e+00 6.848976020829e+00 7.220150527357e+00 8.962536298823e+00 9.682098886238e+00 1.097717409679e+01 1.215594074751e+01 1.224190663114e+01 1.285607860638e+01 1.307974054752e+01 1.371789131284e+01 1.462372376272e+01 1.505936215273e+01 1.667161039258e+01 1.830577192460e+01 1.855680818282e+01 2.044288735304e+01 2.521959897289e+01 2.525225111656e+01
2.992490065973e+00 -3.012919982334e+00 -2.246231456563e+00 -1.586917851329e+00 -1.233758608100e+00 1.002884158116e+00 1.686503521891e+00 2.124892388350e+00 3.501416464262e+00 3.544988223959e+00 4.204380832712e+00 5.417812693911e+00 5.854438741660e+00 6.856598441833e+00 7.219486790742e+00 8.964385539546e+00 9.686609093119e+00 1.097676879909e+01 1.215828352947e+01 1.223668669556e+01 1.286576686633e+01 1.307997752986e+01 1.371214572831e+01 1.462207028715e+01 1.506075737348e+01 1.667180625978e+01 1.830467032271e+01 1.855670631134e+01 2.044364909720e+01 2.521962557785e+01 2.525260318907e+01
2.999905344047e+00 -2.988323829592e+00 -2.227850730860e+00 -1.556955603193e+00 -1.255404368892e+00 9.923167750473e-01 1.629533017269e+00 2.072489335001e+00 3.492720577916e+00 3.523138767259e+00 4.202088142839e+00 5.415412042579e+00 5.870918889751e+00 6.863855659976e+00 7.218679199659e+00 8.966180356052e+00 9.690982358690e+00 1.097638254994e+01 1.216050802693e+01 1.223164646336e+01 1.287529429010e+01 1.308020822858e+01 1.370644227979e+01 1.462047343937e+01 1.506209787387e+01 1.667198917871e+01 1.830360359922e+01 1.855660735829e+01 2.044437206741e+01 2.521965166188e+01 2.525294230897e+01
3.007320622122e+00 -2.963957967111e+00 -2.209296617285e+00 -1.526271652163e+00 -1.273540001942e+00 9.808282562796e-01 1.571016871508e+00 2.019061354168e+00 3.484670708640e+00 3.501877526103e+00 4.199923944868e+00 5.413148633944e+00 5.886761887777e+00 6.870746404064e+00 7.217745856628e+00 8.967915312779e+00 9.695207861800e+00 1.097601539702e+01 1.216261431654e+01 1.222679614305e+01 1.288463044862e+01 1.308043183945e+01 1.370080134144e+01 1.461893670587e+01 1.506338171596e+01 1.667215962281e+01 1.830257446618e+01 1.855651162790e+01 2.044505648012e+01 2.521967711527e+01 2.525326786959e+01
3.014735900197e+00 -2.939929193661e+00 -2.190632462186e+00 -1.494842752553e+00 -1.288124854045e+00 9.681203163037e-01 1.510849952122e+00 1.964776988740e+00 3.477237260501e+00 3.481269697540e+00 4.197882289744e+00 5.411020843787e+00 5.901941521980e+00 6.877269542562e+00 7.216705580950e+00 8.969585265338e+00 9.699274949325e+00 1.097566739827e+01 1.216460261134e+01 1.222214565943e+01 1.289374377006e+01 1.308064760239e+01 1.369524468437e+01 1.461746342833e+01 1.506460704499e+01 1.667231805001e+01 1.830158552614e+01 1.855641940969e+01 2.044570254716e+01 2.521970183221e+01 2.525357928862e+01
3.022151178272e+00 -2.916352314137e+00 -2.171931810349e+00 -1.462635692936e+00 -1.299099715143e+00 9.538236142839e-01 1.448905187937e+00 1.909856602718e+00 3.461380130610e+00 3.470391257595e+00 4.195958886017e+00 5.409026978213e+00 5.916431638652e+00 6.883424070643e+00 7.215577788436e+00 8.971185360404e+00 9.703173185790e+00 1.097533862076e+01 1.216647323679e+01 1.221770462392e+01 1.290260161395e+01 1.308085480118e+01 1.368979544613e+01 1.461605679710e+01 1.506577209197e+01 1.667246490151e+01 1.830063926766e+01 1.855633097831e+01 2.044631047478e+01 2.521972571109e+01 2.525387600917e+01
3.029566456347e+00 -2.893349321192e+00 -2.153279463089e+00 -1.429604982397e+00 -1.306389560890e+00 9.374754018890e-01 1.385027433505e+00 1.854587132654e+00 3.442273386465e+00 3.464104689532e+00 4.194150793209e+00 5.407165296943e+00 5.930206236815e+00 6.889209098256e+00 7.214382355835e+00 8.972711035117e+00 9.706892403031e+00 1.097502913952e+01 1.216822660839e+01 1.221348230468e+01 1.291117037316e+01 1.308105276308e+01 1.368447806952e+01 1.461471984521e+01 1.506687517609e+01 1.667260060048e+01 1.829973806088e+01 1.855624659340e+01 2.044688046274e+01 2.521974865470e+01 2.525415750076e+01
3.036981734422e+00 -2.871048133479e+00 -2.134772456211e+00 -1.395690246778e+00 -1.309906821313e+00 9.184923957787e-01 1.319024989111e+00 1.799339242728e+00 3.424013687938e+00 3.458350781208e+00 4.192456161268e+00 5.405434036299e+00 5.943239579067e+00 6.894623839173e+00 7.213139469560e+00 8.974158016075e+00 9.710422749582e+00 1.097473903617e+01 1.216986321095e+01 1.220948759659e+01 1.291941561008e+01 1.308124085848e+01 1.367931820464e+01 1.461345544296e+01 1.506791470701e+01 1.667272555096e+01 1.829888415347e+01 1.855616649952e+01 2.044741270336e+01 2.521977057048e+01 2.525442326022e+01
3.044397012496e+00 -2.849580863924e+00 -2.116520867352e+00 -1.360813391161e+00 -1.309555479815e+00 8.961394375499e-01 1.250657603944e+00 1.744584951650e+00 3.406664762076e+00 3.453104197130e+00 4.190874009076e+00 5.403831431635e+00 5.955506320651e+00 6.899667600942e+00 7.211869458656e+00 8.975522317993e+00 9.713754739432e+00 1.097446839750e+01 1.217138357935e+01 1.220572899145e+01 1.292730223271e+01 1.308141850054e+01 1.367434256816e+01 1.461226629315e+01 1.506888918707e+01 1.667284013665e+01 1.829807966671e+01 1.855609092593e+01 2.044790738075e+01 2.521979137076e+01 2.525467281263e+01
3.051812290571e+00 -2.829081633610e+00 -2.098648334510e+00 -1.324875652418e+00 -1.305236397481e+00 8.694961101988e-01 1.179619040587e+00 1.690911292801e+00 3.390289579802e+00 3.448341190606e+00 4.189404036024e+00 5.402355739002e+00 5.966981656246e+00 6.904339775717e+00 7.210592612519e+00 8.976800242094e+00 9.716879299825e+00 1.097421731393e+01 1.217278828109e+01 1.220221454848e+01 1.293479471689e+01 1.308158514480e+01 1.366957875374e+01 1.461115492670e+01 1.506979721321e+01 1.667294471989e+01 1.829732659182e+01 1.855602008660e+01 2.044836466994e+01 2.521981097294e+01 2.525490571210e+01
3.059227568646e+00 -2.809684002059e+00 -2.081292139838e+00 -1.296854453403e+00 -1.287754783279e+00 8.374253160443e-01 1.105510916683e+00 1.639022040264e+00 3.374949998218e+00 3.444039707603e+00 4.188046461642e+00 5.401005255849e+00 5.977641483410e+00 6.908639831916e+00 7.209328984415e+00 8.977988374320e+00 9.719787817744e+00 1.097398587797e+01 1.217407790025e+01 1.219895186538e+01 1.294185737954e+01 1.308174028884e+01 1.366505498873e+01 1.461012369899e+01 1.507063747889e+01 1.667303964058e+01 1.829662678651e+01 1.855595418001e+01 2.044878473616e+01 2.521982929973e+01 2.525512154260e+01
3.066642846721e+00 -2.791518146660e+00 -2.064602689850e+00 -1.284328493875e+00 -1.249302826101e+00 7.985476291994e-01 1.027801920504e+00 1.589716334030e+00 3.360706313016e+00 3.440179454261e+00 4.186801889115e+00 5.399778340604e+00 5.987462580896e+00 6.912567306659e+00 7.208098182592e+00 8.979083583406e+00 9.722472184740e+00 1.097377418256e+01 1.217525302308e+01 1.219594805030e+01 1.294845470679e+01 1.308188347187e+01 1.366079983326e+01 1.460917478649e+01 1.507140877579e+01 1.667312521524e+01 1.829598197181e+01 1.855589338911e+01 2.044916773410e+01 2.521984627931e+01 2.525531991865e+01
3.074058124796e+00 -2.774707981890e+00 -2.048742212059e+00 -1.267605891680e+00 -1.209345362654e+00 7.512171338971e-01 9.457611034856e-01 1.543833782227e+00 3.347616731082e+00 3.436741936016e+00 4.185671189188e+00 5.398673431013e+00 5.996422799333e+00 6.916121798952e+00 7.206919151495e+00 8.980083018890e+00 9.724924839737e+00 1.097358231946e+01 1.217631422505e+01 1.219320969476e+01 1.295455173828e+01 1.308201427444e+01 1.365684182053e+01 1.460831018402e+01 1.507210999541e+01 1.667320173604e+01 1.829539372910e+01 1.855583788123e+01 2.044951380730e+01 2.521986184551e+01 2.525550048600e+01
3.081473402871e+00 -2.759368448707e+00 -2.033882497666e+00 -1.246685125072e+00 -1.167684035212e+00 6.934671346676e-01 8.583418442563e-01 1.502165263612e+00 3.335736776417e+00 3.433710475251e+00 4.184655401587e+00 5.397689061114e+00 6.004501260965e+00 6.919302963584e+00 7.205809946378e+00 8.980984109110e+00 9.727138809500e+00 1.097341037761e+01 1.217726205933e+01 1.219074284799e+01 1.296011450614e+01 1.308213231811e+01 1.365320903996e+01 1.460753170229e+01 1.507274013048e+01 1.667326947002e+01 1.829486349738e+01 1.855578780800e+01 2.044982308748e+01 2.521987593797e+01 2.525566292228e+01
3.088888680945e+00 -2.745603211952e+00 -2.020201559524e+00 -1.221652980769e+00 -1.124106199539e+00 6.228261805291e-01 7.639626806859e-01 1.465347970786e+00 3.325118645828e+00 3.431070213331e+00 4.183755651562e+00 5.396823876782e+00 6.011678564387e+00 6.922110505700e+00 7.204787505374e+00 8.981784559240e+00 9.729107746405e+00 1.097325844156e+01 1.217809704661e+01 1.218855299276e+01 1.296511052285e+01 1.308223726511e+01 1.364992866889e+01 1.460684096590e+01 1.507329827628e+01 1.667332865826e+01 1.829439257086e+01 1.855574330527e+01 2.045009569402e+01 2.521988850229e+01 2.525580693750e+01
3.096303959020e+00 -2.733502969556e+00 -2.007879151445e+00 -1.192749331190e+00 -1.078410577192e+00 5.357253594539e-01 6.600424183473e-01 1.433781495778e+00 3.315810534128e+00 3.428808101906e+00 4.182973079570e+00 5.396076649747e+00 6.017936989546e+00 6.924544176027e+00 7.203867423768e+00 8.982482349407e+00 9.730825963213e+00 1.097312658997e+01 1.217881966619e+01 1.218664502297e+01 1.296950930792e+01 1.308232881809e+01 1.364702646325e+01 1.460623941165e+01 1.507378363181e+01 1.667337951517e+01 1.829398209669e+01 1.855570449304e+01 2.045033173344e+01 2.521989949015e+01 2.525593227463e+01
3.103719237095e+00 -2.723144501685e+00 -1.997091210668e+00 -1.160484858862e+00 -1.030470736984e+00 4.255097329475e-01 5.418239565410e-01 1.407600625460e+00 3.307855951535e+00 3.426912887522e+00 4.182308782492e+00 5.395446290064e+00 6.023260697681e+00 6.926603766716e+00 7.203063735771e+00 8.983075732937e+00 9.732288464534e+00 1.097301489416e+01 1.217943034834e+01 1.218502322337e+01 1.297328293813e+01 1.308240671987e+01 1.364452622222e+01 1.460572828718e+01 1.507419550081e+01 1.667342222791e+01 1.829363307306e+01 1.855567147543e+01 2.045053129900e+01 2.521990885945e+01 2.525603870997e+01
3.111134515170e+00 -2.714590481636e+00 -1.988003432319e+00 -1.125859666648e+00 -9.803941683311e-01 2.728004435058e-01 3.983371698276e-01 1.386714541721e+00 3.301293058229e+00 3.425375092761e+00 4.181763765039e+00 5.394931856971e+00 6.027635920534e+00 6.928289107792e+00 7.202388709474e+00 8.983563234759e+00 9.733490974709e+00 1.097292341684e+01 1.217992946780e+01 1.218369125143e+01 1.297640660150e+01 1.308247075324e+01 1.364244924708e+01 1.460530864983e+01 1.507453329262e+01 1.667345695576e+01 1.829334634747e+01 1.855564434064e+01 2.045069447024e+01 2.521991657437e+01 2.525612605360e+01
3.118549793245e+00 -2.707889953795e+00 -1.980764344326e+00 -1.090760365361e+00 -9.289405315352e-01 -1.635568807495e-01 1.827250670227e-01 1.370890636855e+00 3.296154042203e+00 3.424186996515e+00 4.181338900281e+00 5.394532568114e+00 6.031051133039e+00 6.929600064179e+00 7.201852660776e+00 8.983943650003e+00 9.734429961853e+00 1.097285221096e+01 1.218031733832e+01 1.218265212165e+01 1.297885913113e+01 1.308252074071e+01 1.364081381806e+01 1.460498136578e+01 1.507479652296e+01 1.667348382973e+01 1.829312261530e+01 1.855562316086e+01 2.045082131272e+01 2.521992260550e+01 2.525619414967e+01
3.125965071319e+00 -2.703079281637e+00 -1.975498394581e+00 -1.058588404113e+00 -8.786729731734e-01 -3.372414399943e-01 -2.775538086536e-01 1.359848215955e+00 3.292464566407e+00 3.423342615393e+00 4.181034898440e+00 5.394247807121e+00 6.033497203832e+00 6.930536533292e+00 7.201463791925e+00 8.984216042816e+00 9.735102657848e+00 1.097280131878e+01 1.218059420840e+01 1.218190819249e+01 1.298062349247e+01 1.308255654442e+01 1.363963471567e+01 1.460474710939e+01 1.507498481453e+01 1.667350295209e+01 1.829296241862e+01 1.855560799228e+01 2.045091187769e+01 2.521992692989e+01 2.525624287668e+01
3.133380349394e+00 -2.700183302312e+00 -1.972299655760e+00 -1.034795878561e+00 -8.369167207467e-01 -4.179838481247e-01 -4.006364190604e-01 1.353336204951e+00 3.290243309530e+00 3.422837687813e+00 4.180852283275e+00 5.394077129505e+00 6.034967518409e+00 6.931098443174e+00 7.201228059844e+00 8.984379745421e+00 9.735507074089e+00 1.097277077101e+01 1.218076025785e+01 1.218146115605e+01 1.298168719741e+01 1.308257806597e+01 1.363892281330e+01 1.460460636265e+01 1.507509789751e+01 1.667351439614e+01 1.829286614529e+01 1.855559887507e+01 2.045096620192e+01 2.521992953111e+01 2.525627214771e+01
3.140795627469e+00 -2.699216407185e+00 -1.971226767605e+00 -1.025806546365e+00 -8.191929360356e-01 -4.438896894057e-01 -4.402553244425e-01 1.351185311844e+00 3.289501621434e+00 3.422669661878e+00 4.180791375552e+00 5.394020266880e+00 6.035458070517e+00 6.931285751177e+00 7.201149078668e+00 8.984434357428e+00 9.735642012839e+00 1.097276058633e+01 1.218081559552e+01 1.218131203060e+01 1.298204262051e+01 1.308258524638e+01 1.363868476568e+01 1.460455941492e+01 1.507513560984e+01 1.667351820592e+01 1.829283402828e+01 1.855559583332e+01 2.045098430754e+01 2.521993039928e+01 2.525628191052e+01
