# x_Ainv held_b1_THz held_b2_THz held_b3_THz held_b4_THz held_b5_THz held_b6_THz held_b7_THz held_b8_THz held_b9_THz held_b10_THz held_b11_THz held_b12_THz held_b13_THz held_b14_THz held_b15_THz held_b16_THz held_b17_THz held_b18_THz held_b19_THz held_b20_THz held_b21_THz held_b22_THz held_b23_THz held_b24_THz held_b25_THz held_b26_THz held_b27_THz held_b28_THz held_b29_THz held_b30_THz
0.000000000000e+00 -2.308515822974e+01 -2.190238347020e+01 -2.037888950000e+01 -1.810646641805e+01 -1.492747139100e+01 -1.069330415903e+01 -9.405898768005e+00 -7.777020393396e+00 -6.923903987485e+00 -6.012618780824e+00 -5.572915478445e+00 -3.430968459445e+00 -3.094808629992e+00 -2.374093393916e+00 -1.624958715203e+00 -1.378221841261e+00 2.679498998710e+00 2.766823562492e+00 4.199722890751e+00 4.846836383953e+00 5.279807969950e+00 5.514996081280e+00 7.548807422169e+00 7.825136862259e+00 9.654385807082e+00 1.018910683217e+01 1.062732813580e+01 1.595219870513e+01 1.795860388292e+01 2.023034765288e+01
1.221469459685e-02 -2.308516509339e+01 -2.190235532022e+01 -2.037907011210e+01 -1.810629424735e+01 -1.492750157103e+01 -1.069350529397e+01 -9.406738660962e+00 -7.777271960680e+00 -6.924083503112e+00 -6.012538398349e+00 -5.573080963347e+00 -3.431184584406e+00 -3.098938524557e+00 -2.374132188964e+00 -1.618864647473e+00 -1.378189345078e+00 2.679663900013e+00 2.766870389034e+00 4.200186421492e+00 4.846913161895e+00 5.280012469432e+00 5.516778789964e+00 7.549130929162e+00 7.824571886421e+00 9.654624494151e+00 1.018927690001e+01 1.062797007850e+01 1.595195340606e+01 1.795859429607e+01 2.023031506651e+01
2.442938919371e-02 -2.308518565043e+01 -2.190227091800e+01 -2.037961166778e+01 -1.810577790309e+01 -1.492759215267e+01 -1.069410856791e+01 -9.409253118870e+00 -7.778025905278e+00 -6.924624099987e+00 -6.012311623503e+00 -5.573576673749e+00 -3.431832176715e+00 -3.111051108183e+00 -2.374248705389e+00 -1.600839438577e+00 -1.378091598557e+00 2.680156590895e+00 2.767010189724e+00 4.201572893561e+00 4.847140951177e+00 5.280625792573e+00 5.522110903833e+00 7.550102206714e+00 7.822881176472e+00 9.655339701481e+00 1.018978859220e+01 1.062989280444e+01 1.595121760800e+01 1.795856553900e+01 2.023021736280e+01
3.664408379056e-02 -2.308521979918e+01 -2.190213040667e+01 -2.038051332574e+01 -1.810491788883e+01 -1.492774326046e+01 -1.069511358714e+01 -9.413426580362e+00 -7.779279957651e+00 -6.925531908088e+00 -6.011981229421e+00 -5.574400383993e+00 -3.432908900397e+00 -3.130368215590e+00 -2.374443334876e+00 -1.571600356955e+00 -1.377927832853e+00 2.680971103031e+00 2.767240938350e+00 4.203870181700e+00 4.847512155637e+00 5.281647395795e+00 5.530944602975e+00 7.551723513663e+00 7.820077331449e+00 9.656528851279e+00 1.019064638540e+01 1.063308705545e+01 1.594999160881e+01 1.795851762215e+01 2.023005470793e+01
4.885877838741e-02 -2.308526737053e+01 -2.190193402480e+01 -2.038177368519e+01 -1.810371504397e+01 -1.492795510174e+01 -1.069651969178e+01 -9.419233443774e+00 -7.781030342647e+00 -6.926817079591e+00 -6.011617345019e+00 -5.575548408655e+00 -3.434410900998e+00 -3.155746918905e+00 -2.374716723118e+00 -1.532186877982e+00 -1.377696783275e+00 2.682097720728e+00 2.767559292826e+00 4.207058837335e+00 4.848014239198e+00 5.283076314901e+00 5.543200915411e+00 7.553998578103e+00 7.816181172545e+00 9.658187593661e+00 1.019185777568e+01 1.063753756049e+01 1.594827590621e+01 1.795845056297e+01 2.022982737861e+01
6.107347298427e-02 -2.308532812843e+01 -2.190168210645e+01 -2.038339078806e+01 -1.810217054395e+01 -1.492822796627e+01 -1.069832595017e+01 -9.426638552689e+00 -7.783271790666e+00 -6.928493699549e+00 -6.011315678951e+00 -5.577015638128e+00 -3.436332862689e+00 -3.185846355647e+00 -2.375069759369e+00 -1.483790808416e+00 -1.377396713781e+00 2.683523313307e+00 2.767960646400e+00 4.211113149023e+00 4.848629909685e+00 5.284911079849e+00 5.558770826313e+00 7.556932541100e+00 7.811221483048e+00 9.660309727472e+00 1.019343332947e+01 1.064322326846e+01 1.594607119974e+01 1.795836438600e+01 2.022953576168e+01
7.328816758112e-02 -2.308540177057e+01 -2.190137508116e+01 -2.038536212202e+01 -1.810028590056e+01 -1.492856222578e+01 -1.070053115116e+01 -9.435597846194e+00 -7.785997553378e+00 -6.930579674370e+00 -6.011194966972e+00 -5.578795587553e+00 -3.438668085994e+00 -3.219275886216e+00 -2.375503562287e+00 -1.427603566063e+00 -1.377025450125e+00 2.685231772046e+00 2.768439196978e+00 4.216002479565e+00 4.849337371141e+00 5.287149599784e+00 5.577516856405e+00 7.560531875297e+00 7.805234655295e+00 9.662887091913e+00 1.019538675183e+01 1.065011766208e+01 1.594337839352e+01 1.795825912296e+01 2.022918035364e+01
8.550286217797e-02 -2.308548792932e+01 -2.190101347407e+01 -2.038768462428e+01 -1.809806296228e+01 -1.492895833326e+01 -1.070313379430e+01 -9.446059147076e+00 -7.789199424065e+00 -6.933096608978e+00 -6.011393593152e+00 -5.580880458268e+00 -3.441408584013e+00 -3.254699483177e+00 -2.376019462468e+00 -1.376580420599e+00 -1.364705224597e+00 2.687204526216e+00 2.768988032356e+00 4.221692758078e+00 4.850110639537e+00 5.289789022776e+00 5.599275116088e+00 7.564804275879e+00 7.798264254785e+00 9.665909431702e+00 1.019773496856e+01 1.065818914217e+01 1.594019859974e+01 1.795813481284e+01 2.022876175992e+01
9.771755677482e-02 -2.308558617277e+01 -2.190059790596e+01 -2.039035468631e+01 -1.809550391469e+01 -1.492941682218e+01 -1.070613207786e+01 -9.457963057064e+00 -7.792867762678e+00 -6.936069683346e+00 -6.012065345808e+00 -5.583261210710e+00 -3.444545194594e+00 -3.290894850895e+00 -2.376618982204e+00 -1.376058703087e+00 -1.295995868788e+00 2.689421109436e+00 2.769599228723e+00 4.228148001746e+00 4.850919915191e+00 5.292825576154e+00 5.623857822821e+00 7.569758520798e+00 7.790360513286e+00 9.669364239746e+00 1.020049821765e+01 1.066740146928e+01 1.593653314308e+01 1.795799150213e+01 2.022828069411e+01
1.099322513717e-01 -2.308569600604e+01 -2.190012909335e+01 -2.039336815934e+01 -1.809261128103e+01 -1.492993830552e+01 -1.070952388504e+01 -9.471243926208e+00 -7.796991525707e+00 -6.939527537115e+00 -6.013374298418e+00 -5.585927647555e+00 -3.448067705562e+00 -3.326778223672e+00 -2.377303813009e+00 -1.375457077008e+00 -1.222156506043e+00 2.691859746484e+00 2.770263959445e+00 4.235331753252e+00 4.851732003662e+00 5.296254394713e+00 5.651056243462e+00 7.575404296695e+00 7.781579763719e+00 9.673236582744e+00 1.020370014340e+01 1.067771424868e+01 1.593238356585e+01 1.795782924492e+01 2.022773797692e+01
1.221469459685e-01 -2.308581687270e+01 -2.189960784863e+01 -2.039672036058e+01 -1.808938792269e+01 -1.493052347458e+01 -1.071330676812e+01 -9.485830863431e+00 -7.801558300936e+00 -6.943502167390e+00 -6.015488857399e+00 -5.588868505702e+00 -3.451964989896e+00 -3.361408116204e+00 -2.378075791528e+00 -1.374772078649e+00 -1.143622885685e+00 2.694497931960e+00 2.770972610998e+00 4.243208342585e+00 4.852510775471e+00 5.300069345382e+00 5.680643995413e+00 7.581751986693e+00 7.771983829868e+00 9.677508916944e+00 1.020736788547e+01 1.068908344444e+01 1.592775163404e+01 1.795764810316e+01 2.022713453509e+01
1.343616405654e-01 -2.308594815646e+01 -2.189903508018e+01 -2.040040608039e+01 -1.808583703986e+01 -1.493117309767e+01 -1.071747793106e+01 -9.501648757129e+00 -7.806554347161e+00 -6.948028839888e+00 -6.018575093054e+00 -5.592071555618e+00 -3.456225147641e+00 -3.393978582850e+00 -2.378936874413e+00 -1.374000058372e+00 -1.060555263497e+00 2.697312975431e+00 2.771714902851e+00 4.251743911117e+00 4.853217653771e+00 5.304262858093e+00 5.712380615880e+00 7.588812416205e+00 7.761639383524e+00 9.682160903411e+00 1.021153215200e+01 1.070146190832e+01 1.592263934419e+01 1.795744814684e+01 2.022647140014e+01
1.465763351622e-01 -2.308608918293e+01 -2.189841179257e+01 -2.040441959001e+01 -1.808196217219e+01 -1.493188801855e+01 -1.072203421031e+01 -9.518619277817e+00 -7.811964638919e+00 -6.953146007719e+00 -6.022789563323e+00 -5.595523706466e+00 -3.460835651355e+00 -3.423808717683e+00 -2.379889112760e+00 -1.373137238219e+00 -9.727847000870e-01 2.700282492396e+00 2.772480008187e+00 4.260907166569e+00 4.853812118265e+00 5.308825773286e+00 5.746015291715e+00 7.596596553202e+00 7.750617280684e+00 9.687169234541e+00 1.021622726448e+01 1.071479991046e+01 1.591704893120e+01 1.795722945429e+01 2.022574970687e+01
1.587910297591e-01 -2.308623922163e+01 -2.189773908671e+01 -2.040875465012e+01 -1.807776719944e+01 -1.493266915468e+01 -1.072697205423e+01 -9.536661839079e+00 -7.817772916231e+00 -6.958895225663e+00 -6.028271942412e+00 -5.599211115397e+00 -3.465783492012e+00 -3.450331968202e+00 -2.380934626634e+00 -1.372179768556e+00 -8.797054165117e-01 2.703384826092e+00 2.773256672542e+00 4.270669865363e+00 4.854252213301e+00 5.313747216786e+00 5.781290635642e+00 7.605115160121e+00 7.738991887030e+00 9.692507486092e+00 1.022149115873e+01 1.072904566003e+01 1.591098287705e+01 1.795699211242e+01 2.022497069188e+01
1.710057243559e-01 -2.308639748812e+01 -2.189701816016e+01 -2.041340452012e+01 -1.807325634225e+01 -1.493351749523e+01 -1.073228750124e+01 -9.555694497810e+00 -7.823961739345e+00 -6.965321041114e+00 -6.035137861833e+00 -5.603119299373e+00 -3.473086726993e+00 -3.471055322483e+00 -2.382075580171e+00 -1.371123782519e+00 -7.800485788094e-01 2.706599391127e+00 2.774033327733e+00 4.281007041092e+00 4.854495048393e+00 5.319014512365e+00 5.817946398552e+00 7.614378395814e+00 7.726840401264e+00 9.698146011512e+00 1.022736532468e+01 1.074414580573e+01 1.590444392041e+01 1.795673621705e+01 2.022413569175e+01
1.832204189528e-01 -2.308656314624e+01 -2.189625030732e+01 -2.041836196801e+01 -1.806843416283e+01 -1.493443409883e+01 -1.073797615675e+01 -9.575634779658e+00 -7.830512548374e+00 -6.972470836386e+00 -6.043472439350e+00 -5.607233247936e+00 -3.491708440317e+00 -3.476637596012e+00 -2.383314157656e+00 -1.369965447228e+00 -6.713661361993e-01 2.709906935633e+00 2.774798198803e+00 4.291897012989e+00 4.854497280336e+00 5.324613141240e+00 5.855723020363e+00 7.624395367777e+00 7.714242183122e+00 9.704051897443e+00 1.023389466520e+01 1.076004590814e+01 1.589743506732e+01 1.795646187318e+01 2.022324614125e+01
1.954351135496e-01 -2.308673531060e+01 -2.189543691979e+01 -2.042361928099e+01 -1.806330556570e+01 -1.493542009112e+01 -1.074403316930e+01 -9.596400420328e+00 -7.837405727712e+00 -6.980394591114e+00 -6.053324990975e+00 -5.611537535366e+00 -3.505922859265e+00 -3.482516697438e+00 -2.384652540921e+00 -1.368701010918e+00 -5.486521522148e-01 2.713289723627e+00 2.775539402114e+00 4.303321216419e+00 4.854215567775e+00 5.330526755890e+00 5.894364940706e+00 7.635173637371e+00 7.701278091195e+00 9.710189000592e+00 1.024112725346e+01 1.077669087753e+01 1.588995960281e+01 1.795616919537e+01 2.022230357128e+01
2.076498081465e-01 -2.308691304914e+01 -2.189457948669e+01 -2.042916827657e+01 -1.805787579841e+01 -1.493647666190e+01 -1.075045320601e+01 -9.617910017699e+00 -7.844620675023e+00 -6.989144528607e+00 -6.064705377561e+00 -5.616016430790e+00 -3.515539836552e+00 -3.488679065280e+00 -2.386092888295e+00 -1.367326845324e+00 -3.993629913130e-01 2.716731643300e+00 2.776245033161e+00 4.315263899591e+00 4.853606991278e+00 5.336737253144e+00 5.933623612108e+00 7.646718683877e+00 7.688029834157e+00 9.716518086162e+00 1.024911396869e+01 1.079402537307e+01 1.588202110362e+01 1.795585830810e+01 2.022130960668e+01
2.198645027434e-01 -2.308709538574e+01 -2.189367959507e+01 -2.043500031440e+01 -1.805215045224e+01 -1.493760506210e+01 -1.075723042752e+01 -9.640083593459e+00 -7.852135874521e+00 -6.998774606996e+00 -6.077582327464e+00 -5.620654004887e+00 -3.520447088806e+00 -3.495111303222e+00 -2.387637315292e+00 -1.365839482915e+00 -1.616768156329e-01 2.720218249774e+00 2.776903243095e+00 4.327711728302e+00 4.852629434677e+00 5.343224908462e+00 5.973260179235e+00 7.659033336978e+00 7.674579337782e+00 9.722997086041e+00 1.025790799248e+01 1.081199416068e+01 1.587362345203e+01 1.795552934607e+01 2.022026596398e+01
2.320791973402e-01 -2.308728130315e+01 -2.189273893028e+01 -2.044110630850e+01 -1.804613546280e+01 -1.493880660034e+01 -1.076435846281e+01 -9.662843065969e+00 -7.859928974241e+00 -7.009339815812e+00 -6.091883911980e+00 -5.625434232014e+00 -3.520603497846e+00 -3.501800279893e+00 -2.389287877114e+00 -1.364235648698e+00 3.149050444595e-01 2.723736752608e+00 2.777502303388e+00 4.340653335402e+00 4.851241926296e+00 5.349968570051e+00 6.013047805670e+00 7.661008129168e+00 7.672117191453e+00 9.729581490617e+00 1.026756415282e+01 1.083054242859e+01 1.586477085077e+01 1.795518245469e+01 2.021917444888e+01
2.442938919371e-01 -2.308746974579e+01 -2.189175927649e+01 -2.044747674015e+01 -1.803983711063e+01 -1.494008263919e+01 -1.077183038421e+01 -9.686112638449e+00 -7.867976866868e+00 -7.020895242559e+00 -6.107500156025e+00 -5.630341086671e+00 -3.516031739853e+00 -3.508733216251e+00 -2.391046553004e+00 -1.362512286547e+00 4.654485724807e-01 2.727275959031e+00 2.778030658421e+00 4.354078845038e+00 4.849404941519e+00 5.356945908123e+00 6.052773643430e+00 7.647396739100e+00 7.685966022274e+00 9.736224880836e+00 1.027813811090e+01 1.084961606095e+01 1.585546783920e+01 1.795481779037e+01 2.021803695368e+01
2.565085865339e-01 -2.308765962285e+01 -2.189074251717e+01 -2.045410167114e+01 -1.803326202170e+01 -1.494143459098e+01 -1.077963868263e+01 -9.709819108267e+00 -7.876255773697e+00 -7.033494883291e+00 -6.124287575319e+00 -5.635358633447e+00 -3.515897760214e+00 -3.506810250485e+00 -2.392915232419e+00 -1.360666580125e+00 5.714669562790e-01 2.730826183731e+00 2.778476966163e+00 4.367979394918e+00 4.847080670632e+00 5.364133711522e+00 6.092240449383e+00 7.633824123252e+00 7.700571222483e+00 9.742879597243e+00 1.028968539614e+01 1.086916187071e+01 1.584571931067e+01 1.795443552101e+01 2.021685545451e+01
2.687232811308e-01 -2.308784981133e+01 -2.188969063556e+01 -2.046097075757e+01 -1.802641716775e+01 -1.494286391336e+01 -1.078777524367e+01 -9.733892104228e+00 -7.884741331184e+00 -7.047190187443e+00 -6.142075273384e+00 -5.640471109713e+00 -3.523282048493e+00 -3.493064713718e+00 -2.394895702922e+00 -1.358695968636e+00 6.551990373708e-01 2.734379135251e+00 2.778830127367e+00 4.382346673496e+00 4.844233257816e+00 5.371508221266e+00 6.131267857591e+00 7.620367103141e+00 7.715919289802e+00 9.749497530511e+00 1.030226030827e+01 1.088912779395e+01 1.583553053123e+01 1.795403582637e+01 2.021563200846e+01
2.809379757276e-01 -2.308803915928e+01 -2.188860571530e+01 -2.046807326399e+01 -1.801930986659e+01 -1.494437210427e+01 -1.079623132467e+01 -9.758264259358e+00 -7.893408679536e+00 -7.062028350896e+00 -6.160672127658e+00 -5.645663000522e+00 -3.530874755889e+00 -3.474959376819e+00 -2.396989639697e+00 -1.356598157695e+00 7.246558374460e-01 2.737927787904e+00 2.779079303980e+00 4.397172483527e+00 4.840829018387e+00 5.379045488631e+00 6.169693318281e+00 7.607099828170e+00 7.731991390240e+00 9.756031004816e+00 1.031591471864e+01 1.090946304834e+01 1.582490715963e+01 1.795361889851e+01 2.021436875052e+01
2.931526703245e-01 -2.308822648900e+01 -2.188748994092e+01 -2.047539807803e+01 -1.801194778216e+01 -1.494596069658e+01 -1.080499753307e+01 -9.782871326891e+00 -7.902232552720e+00 -7.078050401906e+00 -6.179874550167e+00 -5.650919105351e+00 -3.538665132510e+00 -3.452688536098e+00 -2.399198596522e+00 -1.354371125743e+00 7.838737759263e-01 2.741466246683e+00 2.779213927632e+00 4.412448339175e+00 4.836836641763e+00 5.386721744172e+00 6.207372714080e+00 7.594093260832e+00 7.748763027550e+00 9.762433712842e+00 1.033069681680e+01 1.093011825881e+01 1.581385526880e+01 1.795318494219e+01 2.021306789046e+01
3.053673649213e-01 -2.308841060036e+01 -2.188634559843e+01 -2.048293372533e+01 -1.800433892443e+01 -1.494763125225e+01 -1.081406380657e+01 -9.807652247056e+00 -7.911187369257e+00 -7.095289159794e+00 -6.199474318354e+00 -5.656224596446e+00 -3.546643029581e+00 -3.426468516564e+00 -2.401523998040e+00 -1.352013126431e+00 8.352531162627e-01 2.744989611231e+00 2.779223699227e+00 4.428165100579e+00 4.832227387224e+00 5.394513763720e+00 6.244180663685e+00 7.581414687936e+00 7.766203845746e+00 9.768661651466e+00 1.034664985855e+01 1.095104555362e+01 1.580238136873e+01 1.795273417532e+01 2.021173170946e+01
3.175820595182e-01 -2.308859027418e+01 -2.188517507588e+01 -2.049066838482e+01 -1.799649164916e+01 -1.494938535590e+01 -1.082341939512e+01 -9.832549171918e+00 -7.920247323133e+00 -7.113767181749e+00 -6.219266021824e+00 -5.661565068740e+00 -3.554798914639e+00 -3.396530402413e+00 -2.403967133153e+00 -1.349522687464e+00 8.803732772359e-01 2.748493843498e+00 2.779098580738e+00 4.444312647543e+00 4.826975278389e+00 5.402399217865e+00 6.280010523453e+00 7.569127261637e+00 7.784277587743e+00 9.774674002146e+00 1.036381097716e+01 1.097219863426e+01 1.579049243093e+01 1.795226682938e+01 2.021036255674e+01
3.297967541150e-01 -2.308876427562e+01 -2.188398086384e+01 -2.049858990436e+01 -1.798841465728e+01 -1.495122460801e+01 -1.083305284542e+01 -9.857507455026e+00 -7.929386474150e+00 -7.133494842313e+00 -6.239053745819e+00 -5.666926581394e+00 -3.563123877020e+00 -3.363113686633e+00 -2.406529149367e+00 -1.346898606387e+00 9.203471961330e-01 2.751975642484e+00 2.778828780372e+00 4.460879592557e+00 4.821057300602e+00 5.410356992546e+00 6.314774099255e+00 7.557289574864e+00 7.802942226591e+00 9.780433901181e+00 1.038221011898e+01 1.099353282224e+01 1.577819591448e+01 1.795178314981e+01 2.020896284593e+01
3.420114487119e-01 -2.308893135756e+01 -2.188276555591e+01 -2.050668581663e+01 -1.798011699412e+01 -1.495315061746e+01 -1.084295198790e+01 -9.882475612039e+00 -7.938578837052e+00 -7.154468705835e+00 -6.258656700094e+00 -5.672295691180e+00 -3.571609624604e+00 -3.326460917032e+00 -2.409211047907e+00 -1.344139943812e+00 9.559986126391e-01 2.755432328313e+00 2.778404732291e+00 4.477853032501e+00 4.814453603266e+00 5.418367470159e+00 6.348401084670e+00 7.545955276448e+00 7.822150276965e+00 9.785909052761e+00 1.040186915699e+01 1.101500508617e+01 1.576549979368e+01 1.795128339646e+01 2.020753505141e+01
3.542261433087e-01 -2.308909026413e+01 -2.188153184913e+01 -2.051494335538e+01 -1.797160804825e+01 -1.495516499359e+01 -1.085310392679e+01 -9.907405257851e+00 -7.947798468754e+00 -7.176670348082e+00 -6.277913595406e+00 -5.677659478005e+00 -3.580248472796e+00 -3.286813336728e+00 -2.412013679461e+00 -1.341246014532e+00 9.879600196084e-01 2.758861737024e+00 2.777817072064e+00 4.495218337963e+00 4.807147706917e+00 5.426412762784e+00 6.380838246985e+00 7.535172731684e+00 7.841849284358e+00 9.791072151117e+00 1.042280122242e+01 1.103657405172e+01 1.575241258747e+01 1.795076784395e+01 2.020608170448e+01
3.664408379056e-01 -2.308923973408e+01 -2.188028254421e+01 -2.052334947191e+01 -1.796289755003e+01 -1.495726933761e+01 -1.086349503339e+01 -9.932251025103e+00 -7.957019553041e+00 -7.200065755876e+00 -6.296685665291e+00 -5.683005562973e+00 -3.589033326753e+00 -3.244407457283e+00 -2.414937740376e+00 -1.338216376989e+00 1.016730971679e+00 2.762262126702e+00 2.777056608998e+00 4.512958979007e+00 4.799126712477e+00 5.434476891607e+00 6.412048388896e+00 7.524984734221e+00 7.861982478586e+00 9.795901095299e+00 1.044501027699e+01 1.105819999748e+01 1.573894339060e+01 1.795023678210e+01 2.020460538940e+01
3.786555325024e-01 -2.308937850427e+01 -2.187902054577e+01 -2.053189085182e+01 -1.795399556968e+01 -1.495946523348e+01 -1.087411094286e+01 -9.956970468311e+00 -7.966216482141e+00 -7.224605384707e+00 -6.314858325265e+00 -5.688322119466e+00 -3.597957657803e+00 -3.199472463840e+00 -2.417983769210e+00 -1.335050821477e+00 1.042714885275e+00 2.765632095019e+00 2.776114296481e+00 4.531056386250e+00 4.790381508168e+00 5.442545909231e+00 6.442009120417e+00 7.515428274939e+00 7.882489567986e+00 9.800378998354e+00 1.046849092969e+01 1.107984483894e+01 1.572510190659e+01 1.794969051625e+01 2.020310873936e+01
3.908702270993e-01 -2.308950531309e+01 -2.187774886230e+01 -2.054055393208e+01 -1.794491251505e+01 -1.496175423814e+01 -1.088493655479e+01 -9.981523957267e+00 -7.975363934601e+00 -7.250224890512e+00 -6.332341550516e+00 -5.693597877760e+00 -3.607015474993e+00 -3.152228332030e+00 -2.421152143497e+00 -1.331749357480e+00 1.066243388378e+00 2.768970507871e+00 2.774981201369e+00 4.549489846240e+00 4.780906967838e+00 5.450607964153e+00 6.470711481318e+00 7.506534372877e+00 7.903307642019e+00 9.804494009272e+00 1.049322848428e+01 1.110147210293e+01 1.571089848263e+01 1.794912936763e+01 2.020159443228e+01
4.030849216962e-01 -2.308961890392e+01 -2.187647060597e+01 -2.054932491832e+01 -1.793565912879e+01 -1.496413787117e+01 -1.089595603784e+01 -1.000587456281e+01 -7.984436948964e+00 -7.276846483971e+00 -6.349069130126e+00 -5.698822123738e+00 -3.616201292643e+00 -3.102884531801e+00 -2.424443076659e+00 -1.328312200439e+00 1.087593075011e+00 2.772276438484e+00 2.773648473470e+00 4.568236430249e+00 4.770702133369e+00 5.458653309103e+00 6.498158458482e+00 7.498327972264e+00 7.924372143817e+00 9.808238978893e+00 1.051919919002e+01 1.112304689435e+01 1.569634414629e+01 1.794855367370e+01 2.020006518654e+01
4.152996162930e-01 -2.308971802846e+01 -2.187518899215e+01 -2.055818980246e+01 -1.792624648505e+01 -1.496661760380e+01 -1.090715283850e+01 -1.002998793754e+01 -7.993410992810e+00 -7.304380795842e+00 -6.364997013491e+00 -5.703984692304e+00 -3.625510094686e+00 -3.051639199304e+00 -2.427856614976e+00 -1.324739758265e+00 1.106997419573e+00 2.772107316057e+00 2.775549116201e+00 4.587270955652e+00 4.759770373233e+00 5.466674257116e+00 6.524363444381e+00 7.490827908395e+00 7.945617871137e+00 9.811611008638e+00 1.054637065884e+01 1.114453585694e+01 1.568145064420e+01 1.794796378841e+01 2.019852375661e+01
4.275143108899e-01 -2.308980145013e+01 -2.187390733863e+01 -2.056713438059e+01 -1.791668598565e+01 -1.496919484727e+01 -1.091850969427e+01 -1.005383219368e+01 -8.002262026763e+00 -7.332729100021e+00 -6.380100997222e+00 -5.709075956072e+00 -3.634937296555e+00 -2.998678670301e+00 -2.431392634557e+00 -1.321032617833e+00 1.124655490709e+00 2.770348958336e+00 2.778787884057e+00 4.606565979120e+00 4.748119509317e+00 5.474665090954e+00 6.549348682077e+00 7.484046943459e+00 7.966979964262e+00 9.814610923451e+00 1.057470240858e+01 1.116590712965e+01 1.566623048275e+01 1.794736008252e+01 2.019697292856e+01
4.397290054867e-01 -2.308986794732e+01 -2.187262906453e+01 -2.057614427126e+01 -1.790698935551e+01 -1.497187094068e+01 -1.093000865128e+01 -1.007737777976e+01 -8.010966563170e+00 -7.361785722558e+00 -6.394374006433e+00 -5.714086809952e+00 -3.644478705268e+00 -2.944177283892e+00 -2.435050838306e+00 -1.317191531664e+00 1.140738480699e+00 2.768364630748e+00 2.781992164204e+00 4.626091820702e+00 4.735761904764e+00 5.482621932932e+00 6.573143738815e+00 7.477991871668e+00 7.988394842552e+00 9.817242708231e+00 1.060414649206e+01 1.118713029965e+01 1.565069697057e+01 1.794674294377e+01 2.019541551550e+01
4.519437000836e-01 -2.308991631671e+01 -2.187135768871e+01 -2.058520493402e+01 -1.789716863756e+01 -1.497464713816e+01 -1.094163108657e+01 -1.010059735765e+01 -8.019501719204e+00 -7.391440469895e+00 -6.407823205332e+00 -5.719008652185e+00 -3.654130478291e+00 -2.888297381436e+00 -2.438830752822e+00 -1.313217404980e+00 1.155394702237e+00 2.766145543905e+00 2.785161430252e+00 4.645816617793e+00 4.722714506657e+00 5.490542583025e+00 6.595784044918e+00 7.472663691128e+00 8.009801056914e+00 9.819512941720e+00 1.063464817585e+01 1.120817635327e+01 1.563486426308e+01 1.794611277712e+01 2.019385435290e+01
4.641583946804e-01 -2.308994537637e+01 -2.187009682777e+01 -2.059430168844e+01 -1.788723618676e+01 -1.497752459550e+01 -1.095335773484e+01 -1.012346568095e+01 -8.027845264227e+00 -7.421580933378e+00 -6.420467134646e+00 -5.723833362415e+00 -3.663889081720e+00 -2.831189440682e+00 -2.442731725279e+00 -1.309111283256e+00 1.168753483745e+00 2.763682871999e+00 2.788295185634e+00 4.665706407657e+00 4.708998838904e+00 5.498426333627e+00 6.617309527799e+00 7.468057838128e+00 8.031140032746e+00 9.821430254600e+00 1.066614663842e+01 1.122901762568e+01 1.561874740876e+01 1.794547000487e+01 2.019229229392e+01
4.763730892773e-01 -2.308995396890e+01 -2.186885019344e+01 -2.060341973352e+01 -1.787720466345e+01 -1.498050435626e+01 -1.096516871998e+01 -1.014595947573e+01 -8.035975661334e+00 -7.452094562474e+00 -6.432333025861e+00 -5.728553277307e+00 -3.673751248214e+00 -2.772992298662e+00 -2.446752920262e+00 -1.304874340408e+00 1.180928256231e+00 2.760967741399e+00 2.791392947128e+00 4.685725236941e+00 4.694640942429e+00 5.506273769302e+00 6.637763363277e+00 7.464164477817e+00 8.052356686056e+00 9.823004830813e+00 1.069857566359e+01 1.124962775000e+01 1.560236239726e+01 1.794481506682e+01 2.019073220453e+01
4.885877838741e-01 -2.308994096447e+01 -2.186762158938e+01 -2.061254416756e+01 -1.786708702578e+01 -1.498358733732e+01 -1.097704359103e+01 -1.016805732429e+01 -8.043872103042e+00 -7.482870438421e+00 -6.443454392442e+00 -5.733161164219e+00 -3.683713935083e+00 -2.713833428247e+00 -2.450893316618e+00 -1.300507867667e+00 1.192019035703e+00 2.757991225213e+00 2.794454232776e+00 4.679671261653e+00 4.705835296202e+00 5.514086559473e+00 6.657190858650e+00 7.460968843865e+00 8.073399903647e+00 9.824247963813e+00 1.073186431181e+01 1.126998160653e+01 1.558572620914e+01 1.794414842029e+01 2.018917695874e+01
5.008024784710e-01 -2.308990526372e+01 -2.186641490727e+01 -2.062166000860e+01 -1.785689652122e+01 -1.498677431410e+01 -1.098896136270e+01 -1.018973955229e+01 -8.051514541200e+00 -7.513800717007e+00 -6.453868952595e+00 -5.737650193379e+00 -3.693774282862e+00 -2.653829242597e+00 -2.455151704345e+00 -1.296013263239e+00 1.202114446331e+00 2.754744344495e+00 2.797478553465e+00 4.664124478119e+00 4.725997077157e+00 5.521867251256e+00 6.675638474803e+00 7.458451618614e+00 8.094222885849e+00 9.825171673243e+00 1.076593755727e+01 1.129005527265e+01 1.556885686696e+01 1.794347054013e+01 2.018762943359e+01
5.130171730678e-01 -2.308984580060e+01 -2.186523412209e+01 -2.063075221540e+01 -1.784664667718e+01 -1.499006590525e+01 -1.100090056025e+01 -1.021098811987e+01 -8.058883711212e+00 -7.544781739638e+00 -6.463616900711e+00 -5.742013908987e+00 -3.703929574651e+00 -2.593085408991e+00 -2.459526681574e+00 -1.291392022766e+00 1.211293389859e+00 2.751218076785e+00 2.800465407541e+00 4.648039293809e+00 4.746169549948e+00 5.529619068708e+00 6.693152988293e+00 7.456589344548e+00 8.114783356780e+00 9.825788382661e+00 1.080071688315e+01 1.130982597357e+01 1.555177348772e+01 1.794278191871e+01 2.018609250428e+01
5.252318676647e-01 -2.308976154513e+01 -2.186408328658e+01 -2.063980570913e+01 -1.783635129046e+01 -1.499346255720e+01 -1.101283926850e+01 -1.023178651672e+01 -8.065961150771e+00 -7.575714834161e+00 -6.472739516952e+00 -5.746246199619e+00 -3.714177196481e+00 -2.531697159039e+00 -2.464016651718e+00 -1.286645730635e+00 1.219626439350e+00 2.747403372609e+00 2.803414277871e+00 4.631458168192e+00 4.766310357417e+00 5.537345723604e+00 6.709780789276e+00 7.455354857586e+00 8.135043652223e+00 9.826110655442e+00 1.083612083088e+01 1.132927203452e+01 1.553449633605e+01 1.794208306580e+01 2.018456903910e+01
5.374465622615e-01 -2.308965150599e+01 -2.186296652474e+01 -2.064880539565e+01 -1.782602441572e+01 -1.499696452830e+01 -1.102475518488e+01 -1.025211966151e+01 -8.072729213325e+00 -7.606506840875e+00 -6.481278086307e+00 -5.750341268248e+00 -3.724514598885e+00 -2.469749586307e+00 -2.468619820833e+00 -1.281776052135e+00 1.227177016147e+00 2.743291180528e+00 2.806324630866e+00 4.614427014166e+00 4.786376023066e+00 5.545051241682e+00 6.725567307255e+00 7.454717732830e+00 8.154970698859e+00 9.826150983780e+00 1.087206550186e+01 1.134837283442e+01 1.551704687801e+01 1.794137450842e+01 2.018306189444e+01
5.496612568584e-01 -2.308951473303e+01 -2.186188802424e+01 -2.065773618867e+01 -1.781568035264e+01 -1.500057187301e+01 -1.103662567621e+01 -1.027197380557e+01 -8.079171076569e+00 -7.637070406131e+00 -6.489273088476e+00 -5.754293602199e+00 -3.734939259871e+00 -2.473334195293e+00 -2.407317925106e+00 -1.276784726470e+00 1.234002395246e+00 2.738872481249e+00 2.809195916999e+00 4.596994858905e+00 4.806322169168e+00 5.552739807120e+00 6.740556554005e+00 7.454644733796e+00 8.174535900833e+00 9.825921624450e+00 1.090846501140e+01 1.136710876127e+01 1.549944783484e+01 1.794065679062e+01 2.018157390975e+01
5.618759514552e-01 -2.308935031963e+01 -2.186085202789e+01 -2.066658303368e+01 -1.780533363200e+01 -1.500428442602e+01 -1.104842783884e+01 -1.029133644086e+01 -8.085270746273e+00 -7.667324087358e+00 -6.496763616200e+00 -5.758097943259e+00 -3.745448649424e+00 -2.478157579840e+00 -2.344467805962e+00 -1.271673560622e+00 1.240154574377e+00 2.734138331230e+00 2.812027572457e+00 4.579213476053e+00 4.826103741365e+00 5.560415626891e+00 6.754790771475e+00 7.455100256918e+00 8.193714950596e+00 9.825434474598e+00 1.094523189638e+01 1.138546116941e+01 1.548172323617e+01 1.793993047319e+01 2.018010790247e+01
5.740906460521e-01 -2.308915740500e+01 -2.185986282373e+01 -2.067533093272e+01 -1.779499900029e+01 -1.500810178640e+01 -1.106013856210e+01 -1.031019621235e+01 -8.091013055823e+00 -7.697192311202e+00 -6.503786980323e+00 -5.761749258168e+00 -3.756040195677e+00 -2.483087576098e+00 -2.281255484214e+00 -1.266444424044e+00 1.245681034943e+00 2.729079916096e+00 2.814819021573e+00 4.561136995862e+00 4.845675236003e+00 5.568082815641e+00 6.768310171831e+00 7.456046764038e+00 8.212487580892e+00 9.824700980884e+00 1.098227747831e+01 1.140341233870e+01 1.546389847191e+01 1.793919613333e+01 2.017866666301e+01
5.863053406489e-01 -2.308893517624e+01 -2.185892473405e+01 -2.068396497019e+01 -1.778469140308e+01 -1.501202330218e+01 -1.107173459435e+01 -1.032854283446e+01 -8.096383661845e+00 -7.726605222011e+00 -6.510378463182e+00 -5.765242709666e+00 -3.766711252844e+00 -2.488121581633e+00 -2.217728038433e+00 -1.261099244164e+00 1.250625417639e+00 2.723688614039e+00 2.817569679770e+00 4.542821499739e+00 4.864990926544e+00 5.575745300930e+00 6.781152756875e+00 7.457445196735e+00 8.230837273894e+00 9.823732075759e+00 1.101951218462e+01 1.142094543571e+01 1.544600034200e+01 1.793845436423e+01 2.017725294966e+01
5.985200352458e-01 -2.308868287030e+01 -2.185804210305e+01 -2.069247033951e+01 -1.777442596688e+01 -1.501604805519e+01 -1.108319261165e+01 -1.034636701181e+01 -8.101369036339e+00 -7.755498452476e+00 -6.516571186690e+00 -5.768573628224e+00 -3.777459071021e+00 -2.493256789652e+00 -2.153923535146e+00 -1.255640002673e+00 1.255028131791e+00 2.717956069211e+00 2.820278956761e+00 4.524324605330e+00 4.884005085494e+00 5.583406747978e+00 6.793354204660e+00 7.459255367484e+00 8.248750942076e+00 9.822538135306e+00 1.105684583090e+01 1.143804447680e+01 1.542805710300e+01 1.793770577456e+01 2.017586948364e+01
6.107347298427e-01 -2.308839977587e+01 -2.185721928313e+01 -2.070083237087e+01 -1.776421797954e+01 -1.502017484654e+01 -1.109448928834e+01 -1.036366036384e+01 -8.105956455740e+00 -7.783812842608e+00 -6.522396066700e+00 -5.771737484581e+00 -3.788280767927e+00 -2.498490189410e+00 -2.089871155609e+00 -1.250068732575e+00 1.258926914593e+00 2.711874274891e+00 2.822946259812e+00 4.505705047748e+00 4.902672198522e+00 5.591070502558e+00 6.804947812070e+00 7.461436323876e+00 8.266218593617e+00 9.821128953770e+00 1.109418786763e+01 1.145469429339e+01 1.541009851030e+01 1.793695098795e+01 2.017451894408e+01
6.229494244395e-01 -2.308808523499e+01 -2.185646061989e+01 -2.070903655997e+01 -1.775408286907e+01 -1.502440218286e+01 -1.110560136939e+01 -1.038041535343e+01 -8.110133987342e+00 -7.811494127842e+00 -6.527881830350e+00 -5.774729863162e+00 -3.799173302669e+00 -2.503818567413e+00 -2.025591279296e+00 -1.244387515951e+00 1.262357354512e+00 2.705435665987e+00 2.825570996880e+00 4.487022262036e+00 4.920947167748e+00 5.598739550356e+00 6.815964483219e+00 7.463946683241e+00 8.283232993231e+00 9.819513730653e+00 1.113144759505e+01 1.147088049898e+01 1.539215585466e+01 1.793619064237e+01 2.017320396311e+01
6.351641190364e-01 -2.308773864461e+01 -2.185577043575e+01 -2.071706859777e+01 -1.774403618092e+01 -1.502872826342e+01 -1.111650574386e+01 -1.039662521921e+01 -8.113890473515e+00 -7.838492612352e+00 -6.533055077799e+00 -5.777546436438e+00 -3.810133451583e+00 -2.509238509492e+00 -1.961095517229e+00 -1.238598482421e+00 1.265353391732e+00 2.698633220141e+00 2.828152579503e+00 4.468335971323e+00 4.938785501536e+00 5.606416490874e+00 6.826432754800e+00 7.466744936112e+00 8.299789327332e+00 9.817701066917e+00 1.116853435014e+01 1.148658945828e+01 1.537426199136e+01 1.793542538938e+01 2.017192712097e+01
6.473788136332e-01 -2.308735945794e+01 -2.185515301215e+01 -2.072491440124e+01 -1.773409355353e+01 -1.503315096846e+01 -1.112717951928e+01 -1.041228391154e+01 -8.117215514165e+00 -7.864762839583e+00 -6.537940373810e+00 -5.780182940257e+00 -3.821157786231e+00 -2.514746403809e+00 -1.896386686270e+00 -1.232703808251e+00 1.267947807747e+00 2.691460566395e+00 2.830690425299e+00 4.449705784588e+00 4.956143488539e+00 5.614103523917e+00 6.836378850656e+00 7.469789717908e+00 8.315884880594e+00 9.815698967473e+00 1.120535767008e+01 1.150180825816e+01 1.535645136038e+01 1.793465589345e+01 2.017069094118e+01
6.595935082301e-01 -2.308694718566e+01 -2.185461257054e+01 -2.073256014507e+01 -1.772427069228e+01 -1.503766784875e+01 -1.113760009634e+01 -1.042738603197e+01 -8.120099447847e+00 -7.890263268683e+00 -6.542560358046e+00 -5.782635150168e+00 -3.832242653596e+00 -2.520338444868e+00 -1.831458712863e+00 -1.226705716088e+00 1.270172715809e+00 2.683912100076e+00 2.833183960004e+00 4.431190807456e+00 4.972978354181e+00 5.621802446673e+00 6.845826759055e+00 7.473040049010e+00 8.331518729229e+00 9.813514847686e+00 1.124182743683e+01 1.151652468036e+01 1.533875999533e+01 1.793388283105e+01 2.016949788585e+01
6.718082028269e-01 -2.308650139697e+01 -2.185415325206e+01 -2.073999229426e+01 -1.771458334165e+01 -1.504227611674e+01 -1.114774524355e+01 -1.044192677609e+01 -8.122533331960e+00 -7.914955962862e+00 -6.546935865768e+00 -5.784898858740e+00 -3.843384158526e+00 -2.526010638563e+00 -1.766296451174e+00 -1.220606475261e+00 1.272060063898e+00 2.675983102180e+00 2.835632618957e+00 4.412849269024e+00 4.989248398247e+00 5.629514659499e+00 6.854798327160e+00 7.476455544112e+00 8.346691454799e+00 9.811155542071e+00 1.127785400762e+01 1.153072717612e+01 1.532122551926e+01 1.793310688981e+01 2.016835035101e+01
6.840228974238e-01 -2.308602172046e+01 -2.185377909609e+01 -2.074719763744e+01 -1.770504725573e+01 -1.504697263946e+01 -1.115759317142e+01 -1.045590187955e+01 -8.124508922411e+00 -7.938806293620e+00 -6.551086052805e+00 -5.786969853855e+00 -3.854578148480e+00 -2.531758808327e+00 -1.700875395825e+00 -1.214408402634e+00 1.273642162175e+00 2.667669861225e+00 2.838035847964e+00 4.394738167401e+00 5.004913112677e+00 5.637241178673e+00 6.863313368157e+00 7.479996592214e+00 8.361404881031e+00 9.808627313770e+00 1.131334833659e+01 1.154440484236e+01 1.530388712450e+01 1.793232876749e+01 2.016725066207e+01
6.962375920206e-01 -2.308550784484e+01 -2.185349401785e+01 -2.075416332086e+01 -1.769567816689e+01 -1.505175393329e+01 -1.116712260570e+01 -1.046930756725e+01 -8.126018653140e+00 -7.961782663208e+00 -6.555028520451e+00 -5.788843897953e+00 -3.865820200607e+00 -2.537578602391e+00 -1.635161262631e+00 -1.208113863949e+00 1.274952247301e+00 2.658969795221e+00 2.840393103521e+00 4.376912936382e+00 5.019933279137e+00 5.644982654502e+00 6.871389777296e+00 7.483624509067e+00 8.375661835037e+00 9.805935863725e+00 1.134822209268e+01 1.155754739956e+01 1.528678553430e+01 1.793154917101e+01 2.016620106940e+01
7.084522866175e-01 -2.308495951948e+01 -2.185330178505e+01 -2.076087688287e+01 -1.768649175282e+01 -1.505661616095e+01 -1.117631285934e+01 -1.048214050548e+01 -8.127055615866e+00 -7.983856246498e+00 -6.558779437256e+00 -5.790516708203e+00 -3.877105611189e+00 -2.543465502181e+00 -1.569109401036e+00 -1.201725275646e+00 1.276025096556e+00 2.649881571130e+00 2.842703852325e+00 4.359427135542e+00 5.034271046361e+00 5.652739393404e+00 6.879043653806e+00 7.487301664095e+00 8.389465933423e+00 9.803086338709e+00 1.138238777920e+01 1.157014517116e+01 1.526996294326e+01 1.793076881531e+01 2.016520374404e+01
7.206669812143e-01 -2.308437655481e+01 -2.185320599402e+01 -2.076732628854e+01 -1.767750360175e+01 -1.506155513075e+01 -1.118514390264e+01 -1.049439775697e+01 -8.127613540385e+00 -8.005000752612e+00 -6.562353655715e+00 -5.791983937552e+00 -3.888429387471e+00 -2.549414831850e+00 -1.502663987498e+00 -1.195245107085e+00 1.276897705130e+00 2.640405218945e+00 2.844967570072e+00 4.342332165842e+00 5.047889987658e+00 5.660511382739e+00 6.886289426214e+00 7.490991584051e+00 8.402821393062e+00 9.800083337613e+00 1.141575886042e+01 1.158218906451e+01 1.525346293383e+01 1.792998842223e+01 2.016426077349e+01
7.328816758112e-01 -2.308375882256e+01 -2.185321004536e+01 -2.077349996449e+01 -1.766872917611e+01 -1.506656629835e+01 -1.119359643133e+01 -1.050607673867e+01 -8.127686775738e+00 -8.025192205999e+00 -6.565764822599e+00 -5.793241156605e+00 -3.899786241893e+00 -2.555421768937e+00 -1.435756926971e+00 -1.188675883169e+00 1.277610039921e+00 2.630542237409e+00 2.847183739509e+00 4.325677012792e+00 5.060755139306e+00 5.668298317350e+00 6.893139979090e+00 7.494659035690e+00 8.415732865768e+00 9.796930915563e+00 1.144824990050e+01 1.159367055308e+01 1.523733036582e+01 1.792920871926e+01 2.016337415771e+01
7.450963704080e-01 -2.308310625577e+01 -2.185331711950e+01 -2.077938683329e+01 -1.766018377444e+01 -1.507164477119e+01 -1.120165193205e+01 -1.051717518229e+01 -8.127270272547e+00 -8.044408746312e+00 -6.569025482251e+00 -5.794283836306e+00 -3.911170588713e+00 -2.561481356125e+00 -1.368306355127e+00 -1.182020187289e+00 1.278205882344e+00 2.620295688320e+00 2.849351847731e+00 4.309508019018e+00 5.072833020904e+00 5.676099626983e+00 6.899606779584e+00 7.498270089762e+00 8.428205295693e+00 9.793632585567e+00 1.147977671965e+01 1.160458166015e+01 1.522161123642e+01 1.792843043835e+01 2.016254580526e+01
7.573110650049e-01 -2.308241884877e+01 -2.185353015236e+01 -2.078497634741e+01 -1.765188249188e+01 -1.507678531572e+01 -1.120929274510e+01 -1.052769109733e+01 -8.126359566760e+00 -8.062630446101e+00 -6.572147172540e+00 -5.795107331351e+00 -3.922576543010e+00 -2.567588514054e+00 -1.300214578400e+00 -1.175280664576e+00 1.278733770040e+00 2.609670276457e+00 2.851471382700e+00 4.293868687957e+00 5.084091638996e+00 5.683914503842e+00 6.905700002491e+00 7.501792168594e+00 8.440243797988e+00 9.790191317526e+00 1.151025657242e+01 1.161491494372e+01 1.520635250777e+01 1.792765431450e+01 2.016177752955e+01
7.695257596017e-01 -2.308169665684e+01 -2.185385181159e+01 -2.079025852232e+01 -1.764384017911e+01 -1.508198236754e+01 -1.121650212379e+01 -1.053762273670e+01 -8.124950765066e+00 -8.079839145229e+00 -6.575140513474e+00 -5.795706864304e+00 -3.933997922049e+00 -2.573738055140e+00 -1.231365197357e+00 -1.168460025399e+00 1.279248042089e+00 2.598672412320e+00 2.853541828989e+00 4.278799520136e+00 5.094500475486e+00 5.691741929759e+00 6.911428652738e+00 7.505194079412e+00 8.451853557081e+00 9.786609534516e+00 1.153960835219e+01 1.162466348252e+01 1.519160190016e+01 1.792688108451e+01 2.016107104536e+01
7.817404541986e-01 -2.308093979587e+01 -2.185428447359e+01 -2.079522396827e+01 -1.763607140003e+01 -1.508723004447e+01 -1.122326429041e+01 -1.054696856476e+01 -8.123040532176e+00 -8.096018300834e+00 -6.578015288651e+00 -5.796077510359e+00 -3.945428248935e+00 -2.579924698327e+00 -1.161619003340e+00 -1.161561049075e+00 1.279809982386e+00 2.587310255219e+00 2.855562662740e+00 4.264337883203e+00 5.104030462554e+00 5.699580702512e+00 6.916800684461e+00 7.508446035417e+00 8.463039742818e+00 9.782889106350e+00 1.156775282544e+01 1.163382086332e+01 1.517740764885e+01 1.792611148555e+01 2.016042796545e+01
7.939551487955e-01 -2.308014844178e+01 -2.185483020169e+01 -2.079986392060e+01 -1.762859038823e+01 -1.509252216273e+01 -1.122956448831e+01 -1.055572722769e+01 -8.120626080157e+00 -8.111152851619e+00 -6.580780519847e+00 -5.796214182720e+00 -3.956860758518e+00 -2.586143084688e+00 -1.154586587733e+00 -1.090807966141e+00 1.280489039064e+00 2.575593734653e+00 2.857533345809e+00 4.250517916444e+00 5.112653945899e+00 5.707429460958e+00 6.921823115902e+00 7.511519666543e+00 8.473807442641e+00 9.779031340459e+00 1.159461289838e+01 1.164238116911e+01 1.516381822369e+01 1.792534625373e+01 2.015984979741e+01
8.061698433923e-01 -2.307932282980e+01 -2.185549072596e+01 -2.080417026807e+01 -1.762141100243e+01 -1.509785225614e+01 -1.123538902991e+01 -1.056389752621e+01 -8.125229095283e+00 -8.117705159981e+00 -6.583444535130e+00 -5.796111618558e+00 -3.968288405450e+00 -2.592387793777e+00 -1.147539570297e+00 -1.018726137329e+00 1.281364070859e+00 2.563534548458e+00 2.859453319106e+00 4.237370470087e+00 5.120344638216e+00 5.715286708736e+00 6.926502139532e+00 7.514388021575e+00 8.484161607998e+00 9.775036970217e+00 1.162011391756e+01 1.165033896847e+01 1.515088201133e+01 1.792458612269e+01 2.015933794072e+01
8.183845379892e-01 -2.307846325366e+01 -2.185626742480e+01 -2.080813557890e+01 -1.761454668117e+01 -1.510321359831e+01 -1.124072534036e+01 -1.057147839050e+01 -8.138234577969e+00 -8.114276055424e+00 -6.586015030917e+00 -5.795764365522e+00 -3.979703874300e+00 -2.598653360637e+00 -1.140423006529e+00 -9.451153633744e-01 1.282524530176e+00 2.551146136838e+00 2.861321995102e+00 4.224923079093e+00 5.127077564845e+00 5.723150836357e+00 6.930843226853e+00 7.517025563247e+00 8.494107013182e+00 9.770906140864e+00 1.164418400477e+01 1.165768930570e+01 1.513864696104e+01 1.792383182211e+01 2.015889368399e+01
8.305992325860e-01 -2.307757006458e+01 -2.185716130892e+01 -2.081175312418e+01 -1.760801039684e+01 -1.510859922784e+01 -1.124556199674e+01 -1.057846885740e+01 -8.150157994631e+00 -8.110337579419e+00 -6.588499128418e+00 -5.795166768786e+00 -3.991099591592e+00 -2.604934293333e+00 -1.133239991085e+00 -8.696418590975e-01 1.284071433582e+00 2.538443632047e+00 2.863138749479e+00 4.213199970599e+00 5.132829003583e+00 5.731020141545e+00 6.934851227415e+00 7.519408157699e+00 8.503648224878e+00 9.766638393232e+00 1.166442769199e+01 1.166675442495e+01 1.512716019645e+01 1.792308407624e+01 2.015851820241e+01
8.428139271829e-01 -2.307664367021e+01 -2.185817300776e+01 -2.081501689831e+01 -1.760181460942e+01 -1.511400197631e+01 -1.124988876249e+01 -1.058486804967e+01 -8.160989099325e+00 -8.105889072941e+00 -6.590903424895e+00 -5.794312958630e+00 -4.002467739640e+00 -2.611225090903e+00 -1.125993707523e+00 -7.918558079122e-01 1.286117891050e+00 2.525443784207e+00 2.864902911903e+00 4.202222103487e+00 5.137576420586e+00 5.738892847760e+00 6.938530461636e+00 7.521513059570e+00 8.512789580724e+00 9.762232645499e+00 1.167055009735e+01 1.168775998444e+01 1.511646759706e+01 1.792234360244e+01 2.015821255545e+01
8.550286217797e-01 -2.307568453335e+01 -2.185930275882e+01 -2.081792163623e+01 -1.759597122009e+01 -1.511941449895e+01 -1.125369661704e+01 -1.059067515739e+01 -8.170718624490e+00 -8.100930406506e+00 -6.593234040169e+00 -5.793196838554e+00 -4.013800272014e+00 -2.617520261584e+00 -1.118687432228e+00 -7.111173005314e-01 1.288788868663e+00 2.512164864425e+00 2.866613755879e+00 4.192007238030e+00 5.141298404263e+00 5.746767120846e+00 6.941884807063e+00 7.523318893843e+00 8.521535175309e+00 9.757687173267e+00 1.167605294330e+01 1.170713945501e+01 1.510661335480e+01 1.792161110967e+01 2.015797768478e+01
8.672433163766e-01 -2.307469317068e+01 -2.186055040009e+01 -2.082046282709e+01 -1.759049152516e+01 -1.512482930776e+01 -1.125697778044e+01 -1.059588942148e+01 -8.179338208370e+00 -8.095461984281e+00 -6.595496658770e+00 -5.791812073956e+00 -4.025088930445e+00 -2.623814341192e+00 -1.111324538166e+00 -6.264495130485e-01 1.292219759659e+00 2.498626547033e+00 2.868270487647e+00 4.182570032935e+00 5.143974599020e+00 5.754641083776e+00 6.944917777752e+00 7.524805635425e+00 8.529888852087e+00 9.752999588273e+00 1.168093309638e+01 1.172483601740e+01 1.509763951276e+01 1.792088729705e+01 2.015781441237e+01
8.794580109734e-01 -2.307367015128e+01 -2.186191536570e+01 -2.082263672432e+01 -1.758538617047e+01 -1.513023880692e+01 -1.125972573300e+01 -1.060051011916e+01 -8.186840329810e+00 -8.089484750855e+00 -6.597696568105e+00 -5.790152081414e+00 -4.036325262990e+00 -2.630101911511e+00 -1.103908498445e+00 -5.362145684061e-01 1.296553268546e+00 2.484849773314e+00 2.869872234064e+00 4.173922166637e+00 5.145585640599e+00 5.762512829489e+00 6.947632596476e+00 7.525954587323e+00 8.537854199784e+00 9.748166816070e+00 1.168518786228e+01 1.174079771638e+01 1.508958549463e+01 1.792017285237e+01 2.015772343893e+01
8.916727055703e-01 -2.307261609511e+01 -2.186339668507e+01 -2.082444035180e+01 -1.758066510672e+01 -1.513563533005e+01 -1.126193522981e+01 -1.060453655149e+01 -8.193218249725e+00 -8.083000200616e+00 -6.599838693004e+00 -5.788210018609e+00 -4.047500643237e+00 -2.636377618579e+00 -1.096442889589e+00 -4.372721382740e-01 1.301934130835e+00 2.470856599564e+00 2.871418029416e+00 4.166072479322e+00 5.146113094687e+00 5.770380431806e+00 6.950032259540e+00 7.526748358185e+00 8.545434551961e+00 9.743185073100e+00 1.168881498067e+01 1.175497791786e+01 1.508248763485e+01 1.791946845066e+01 2.015770534247e+01
9.038874001671e-01 -2.307153167142e+01 -2.186499298548e+01 -2.082587150616e+01 -1.757633754608e+01 -1.514101117907e+01 -1.126360231014e+01 -1.060796803283e+01 -8.198465958626e+00 -8.076010389718e+00 -6.601927626938e+00 -5.785978775001e+00 -4.058606290318e+00 -2.642636190719e+00 -1.088931394489e+00 -3.220926433404e-01 1.308501376668e+00 2.456670032672e+00 2.872906801068e+00 4.159027131844e+00 5.145539400373e+00 5.778241954431e+00 6.952119593983e+00 7.527170839844e+00 8.552632988468e+00 9.738049843564e+00 1.169181262065e+01 1.176733575726e+01 1.507637872082e+01 1.791877475281e+01 2.015776057719e+01
9.161020947640e-01 -2.307041759699e+01 -2.186670249816e+01 -2.082692875521e+01 -1.757241192036e+01 -1.514635866432e+01 -1.126472430183e+01 -1.061080388224e+01 -8.202578129651e+00 -8.068517950561e+00 -6.603967660227e+00 -5.783450963328e+00 -4.069633289494e+00 -2.648872456203e+00 -1.081377804953e+00 -1.593091783052e-01 1.316378275237e+00 2.442313856604e+00 2.874337353880e+00 4.152789777566e+00 5.143847819905e+00 5.786095458036e+00 6.953897307024e+00 7.527207185460e+00 8.559452337621e+00 9.732755856591e+00 1.169417937677e+01 1.177783656739e+01 1.507128755892e+01 1.791809240415e+01 2.015788947258e+01
9.283167893608e-01 -2.306927463446e+01 -2.186852306779e+01 -2.082761143242e+01 -1.756889584120e+01 -1.515167014550e+01 -1.126529982058e+01 -1.061304341683e+01 -8.205550076618e+00 -8.060526108668e+00 -6.605962805469e+00 -5.780618912077e+00 -4.080572613060e+00 -2.655081360444e+00 -1.073786023807e+00 2.090213476748e-01 1.325660778023e+00 2.427812453239e+00 2.875708353277e+00 4.147361743133e+00 5.141022396124e+00 5.793939005413e+00 6.955368027628e+00 7.526843788744e+00 8.565895177997e+00 9.727297064230e+00 1.169591426560e+01 1.178645227391e+01 1.506723857687e+01 1.791742203316e+01 2.015809223277e+01
9.405314839577e-01 -2.306810359044e+01 -2.187045216537e+01 -2.082791962772e+01 -1.756579606269e+01 -1.515693807292e+01 -1.126532876423e+01 -1.061468594694e+01 -8.207377716675e+00 -8.052038701860e+00 -6.607916820441e+00 -5.777474659083e+00 -4.091415141315e+00 -2.661257982584e+00 -1.066160066464e+00 3.214737519834e-01 1.336406079228e+00 2.413190620983e+00 2.877018306855e+00 4.142742214268e+00 5.137047918812e+00 5.801770664690e+00 6.956534340139e+00 7.526068264715e+00 8.571963838827e+00 9.721666620866e+00 1.169701672287e+01 1.179316174637e+01 1.506425147427e+01 1.791676425018e+01 2.015836893612e+01
9.527461785545e-01 -2.306690531370e+01 -2.187248690408e+01 -2.082785417481e+01 -1.756311844668e+01 -1.516215502889e+01 -1.126481230229e+01 -1.061573077319e+01 -8.208057537194e+00 -8.043060201546e+00 -6.609833228657e+00 -5.774009946428e+00 -4.102151683313e+00 -2.667397551408e+00 -1.058504061918e+00 3.918814735300e-01 1.348623519905e+00 2.398473394361e+00 2.878265544377e+00 4.138928422913e+00 5.131909901130e+00 5.809588510574e+00 6.957398809951e+00 7.524869432365e+00 8.577660398029e+00 9.715856864711e+00 1.169748660108e+01 1.179795109377e+01 1.506234093260e+01 1.791611964617e+01 2.015871953506e+01
9.649608731514e-01 -2.306568069324e+01 -2.187462405814e+01 -2.082741663500e+01 -1.756086793119e+01 -1.516731376838e+01 -1.126375286066e+01 -1.061617718540e+01 -8.207586566589e+00 -8.033595735939e+00 -6.611715337781e+00 -5.770216216899e+00 -4.112772997143e+00 -2.673495460486e+00 -1.050822253089e+00 4.409888735860e-01 1.362270083632e+00 2.383685867577e+00 2.879448196018e+00 4.135915832310e+00 5.125594567187e+00 5.817390623574e+00 6.957964001261e+00 7.523237299577e+00 8.582986676986e+00 9.709859302110e+00 1.169732416764e+01 1.180081389496e+01 1.506151639410e+01 1.791548879153e+01 2.015914385620e+01
9.771755677482e-01 -2.306443065638e+01 -2.187686008414e+01 -2.082660927819e+01 -1.755904850244e+01 -1.517240725894e+01 -1.126215410175e+01 -1.061602446325e+01 -8.205962348824e+00 -8.023651114975e+00 -6.613566256016e+00 -5.766084612230e+00 -4.123269809444e+00 -2.679547282477e+00 -1.043118996461e+00 4.756814537846e-01 1.377251931182e+00 2.368853024630e+00 2.880564168662e+00 4.133698317003e+00 5.118088851739e+00 5.825175087168e+00 6.958232486971e+00 7.521163050614e+00 8.587944231241e+00 9.703664595492e+00 1.169653010342e+01 1.180175135611e+01 1.506178191738e+01 1.791487223505e+01 2.015964160063e+01
9.845908458231e-01 -2.306454888496e+01 -2.187739262488e+01 -2.082564349455e+01 -1.755563497336e+01 -1.517870579554e+01 -1.126569097409e+01 -1.061659310324e+01 -8.207803092434e+00 -8.006700292246e+00 -6.612760451403e+00 -5.772095736099e+00 -4.135047985546e+00 -2.680370674639e+00 -1.021345314039e+00 4.087230897984e-01 1.376433407580e+00 2.381388673022e+00 2.878322352022e+00 4.137412912402e+00 5.118142438295e+00 5.823618916690e+00 6.958874220808e+00 7.516653618686e+00 8.594055406616e+00 9.707601632790e+00 1.169621822393e+01 1.179790150597e+01 1.506159900540e+01 1.791572320122e+01 2.015909133952e+01
9.920061238979e-01 -2.306467457947e+01 -2.187792736583e+01 -2.082464902496e+01 -1.755216691155e+01 -1.518510862197e+01 -1.126926285629e+01 -1.061714908152e+01 -8.209638151922e+00 -7.989414471056e+00 -6.611928881773e+00 -5.777975461481e+00 -4.147116804511e+00 -2.681210176271e+00 -9.993188163612e-01 3.260732606531e-01 1.375759636494e+00 2.393277030512e+00 2.875877228866e+00 4.141583727900e+00 5.118240751616e+00 5.822115427644e+00 6.959505237556e+00 7.511998929130e+00 8.600205242143e+00 9.711680533215e+00 1.169587898583e+01 1.179387217980e+01 1.506145575150e+01 1.791659422993e+01 2.015853076288e+01
9.994214019727e-01 -2.306480674005e+01 -2.187846482435e+01 -2.082362704861e+01 -1.754864768358e+01 -1.519160958247e+01 -1.127286253779e+01 -1.061769162995e+01 -8.211463886590e+00 -7.971813507201e+00 -6.611073937573e+00 -5.783690774278e+00 -4.159484115468e+00 -2.682070342481e+00 -9.770353739210e-01 2.103643038831e-01 1.375225115523e+00 2.404430169469e+00 2.873229819901e+00 4.146223681013e+00 5.118380855299e+00 5.820682118225e+00 6.960124736663e+00 7.507201272446e+00 8.606385200274e+00 9.715894732234e+00 1.169551238665e+01 1.178966834406e+01 1.506135232028e+01 1.791748356594e+01 2.015796103672e+01
1.006836680048e+00 -2.306494434003e+01 -2.187900554590e+01 -2.082257875820e+01 -1.754508076557e+01 -1.519820240631e+01 -1.127648278583e+01 -1.061821996657e+01 -8.213276599987e+00 -7.953917815570e+00 -6.610198062436e+00 -5.789209033453e+00 -4.172158122722e+00 -2.682954976907e+00 -9.544856572034e-01 -1.377893817947e-01 1.374824224207e+00 2.414766120486e+00 2.870382177848e+00 4.151342271847e+00 5.118559390246e+00 5.819336552266e+00 6.960731963088e+00 7.502263138368e+00 8.612586895574e+00 9.720237251011e+00 1.169511841369e+01 1.178529517843e+01 1.506128887171e+01 1.791838941653e+01 2.015738335413e+01
1.014251958122e+00 -2.306508632901e+01 -2.187955010059e+01 -2.082150535891e+01 -1.754146974292e+01 -1.520488070969e+01 -1.128011636015e+01 -1.061873329658e+01 -8.215072547566e+00 -7.935748362463e+00 -6.609303748141e+00 -5.794498043733e+00 -4.185147284305e+00 -2.683867164300e+00 -9.316549735976e-01 -2.884856652446e-01 1.374551432837e+00 2.424209586365e+00 2.867337352185e+00 4.156945174400e+00 5.118772591417e+00 5.818096285400e+00 6.961326207149e+00 7.497187227109e+00 8.618802116175e+00 9.724700691307e+00 1.169469704536e+01 1.178075807933e+01 1.506126556072e+01 1.791930995507e+01 2.015679893303e+01
1.021667236197e+00 -2.306523163604e+01 -2.188009907975e+01 -2.082040806733e+01 -1.753781831000e+01 -1.521163799768e+01 -1.128375602742e+01 -1.061923081332e+01 -8.216847944336e+00 -7.917326655628e+00 -6.608393529479e+00 -5.799526122151e+00 -4.198460211618e+00 -2.684809307920e+00 -9.085230532917e-01 -3.850898924533e-01 1.374401458885e+00 2.432692568777e+00 2.864099348311e+00 4.163033878164e+00 5.119016306890e+00 5.816978787016e+00 6.961906804089e+00 7.491976460843e+00 8.625022843589e+00 9.729277231626e+00 1.169424825259e+01 1.177606266324e+01 1.506128253685e+01 1.792024332447e+01 2.015620901375e+01
1.029082514272e+00 -2.306537917281e+01 -2.188065309234e+01 -2.081928811039e+01 -1.753413026965e+01 -1.521846766616e+01 -1.128739457515e+01 -1.061971169937e+01 -8.218598972496e+00 -7.898674731551e+00 -6.607469979047e+00 -5.804262159668e+00 -4.212105570322e+00 -2.685783170326e+00 -8.850637613112e-01 -4.626368372288e-01 1.374369379428e+00 2.440154893849e+00 2.860673082046e+00 4.169605395462e+00 5.119286018956e+00 5.816001357908e+00 6.962473133396e+00 7.486633995401e+00 8.631241270789e+00 9.733958624736e+00 1.169377200031e+01 1.177121476994e+01 1.506133994384e+01 1.792118764087e+01 2.015561485663e+01
1.036497792347e+00 -2.306552783687e+01 -2.188121276145e+01 -2.081814672427e+01 -1.753040953254e+01 -1.522536300381e+01 -1.129102482517e+01 -1.062017512755e+01 -8.220321789033e+00 -7.879815139475e+00 -6.606535701961e+00 -5.808675679179e+00 -4.226091982520e+00 -2.686789916388e+00 -8.612447078559e-01 -5.294141771883e-01 1.374450707502e+00 2.446544625238e+00 2.857064330378e+00 4.176652048321e+00 5.119576866986e+00 5.815181043514e+00 6.963024617902e+00 7.481163232180e+00 8.637449818482e+00 9.738736196639e+00 1.169326824890e+01 1.176622046532e+01 1.506143791929e+01 1.792214099732e+01 2.015501773953e+01
1.043913070422e+00 -2.306567651488e+01 -2.188177872067e+01 -2.081698515331e+01 -1.752666011636e+01 -1.523231719418e+01 -1.129463964667e+01 -1.062062026203e+01 -8.222012533279e+00 -7.860770921639e+00 -6.605593330500e+00 -5.812736891290e+00 -4.240427930109e+00 -2.687830157525e+00 -8.370267219448e-01 -5.889625886950e-01 1.374641439571e+00 2.451818356384e+00 2.853279679279e+00 4.184161346097e+00 5.119883671785e+00 5.814534542751e+00 6.963560722678e+00 7.475567830243e+00 8.643641149507e+00 9.743600847101e+00 1.169273695578e+01 1.176108604399e+01 1.506157659426e+01 1.792310146748e+01 2.015441895531e+01
1.051328348497e+00 -2.306582408588e+01 -2.188235161051e+01 -2.081580464889e+01 -1.752288614477e+01 -1.523932331784e+01 -1.129823196885e+01 -1.062104625939e+01 -8.223667334394e+00 -7.841565589189e+00 -6.604645518688e+00 -5.816416749284e+00 -4.255121659152e+00 -2.688903996373e+00 -8.123631430070e-01 -6.431736893668e-01 1.374938080334e+00 2.455941377336e+00 2.849326469358e+00 4.192115961658e+00 5.120200961149e+00 5.814078112468e+00 6.964080953760e+00 7.469851718593e+00 8.649808181338e+00 9.748543051827e+00 1.169217807695e+01 1.175581803147e+01 1.506175609292e+01 1.792406710950e+01 2.015381980918e+01
1.058743626571e+00 -2.306596942450e+01 -2.188293207478e+01 -2.081460646831e+01 -1.751909184625e+01 -1.524637435463e+01 -1.130179479311e+01 -1.062145226977e+01 -8.225282318773e+00 -7.822223093209e+00 -6.603694936814e+00 -5.819687004716e+00 -4.270181084991e+00 -2.690011071265e+00 -7.871988698090e-01 -6.931929722511e-01 1.375337650100e+00 2.458887715724e+00 2.845212740090e+00 4.200493809903e+00 5.120522996366e+00 5.813827467664e+00 6.964584856725e+00 7.464019108592e+00 8.655944096642e+00 9.753552866360e+00 1.169159156860e+01 1.175042318585e+01 1.506197653218e+01 1.792503596977e+01 2.015322161616e+01
1.066158904646e+00 -2.306611140425e+01 -2.188352075702e+01 -2.081339187364e+01 -1.751528155259e+01 -1.525346318605e+01 -1.130532120479e+01 -1.062183743794e+01 -8.226853617360e+00 -7.802767790339e+00 -6.602744265902e+00 -5.822520265070e+00 -4.285613697831e+00 -2.691150600021e+00 -7.614690833574e-01 -7.397728751900e-01 1.375837679048e+00 2.460640055764e+00 2.840947173253e+00 4.209268228010e+00 5.120843799371e+00 5.813797677715e+00 6.965072015135e+00 7.458074506505e+00 8.662042351902e+00 9.758619931776e+00 1.169097738872e+01 1.174490849903e+01 1.506223802132e+01 1.792600608688e+01 2.015262569827e+01
1.073574182721e+00 -2.306624890073e+01 -2.188411829698e+01 -2.081216213056e+01 -1.751145969724e+01 -1.526058259786e+01 -1.130880438459e+01 -1.062220090448e+01 -8.228377372861e+00 -7.783224402481e+00 -6.601796192128e+00 -5.824890054896e+00 -4.301426468438e+00 -2.692321422677e+00 -7.834368351322e-01 -7.350975259460e-01 1.376436191811e+00 2.461189543359e+00 2.836539036174e+00 4.218408252541e+00 5.121157180328e+00 5.814003058979e+00 6.965542048880e+00 7.452022726115e+00 8.668096684111e+00 9.763733482254e+00 1.169033549876e+01 1.173928119723e+01 1.506254066164e+01 1.792697549551e+01 2.015203338192e+01
1.080989460796e+00 -2.306638079486e+01 -2.188472532699e+01 -2.081091850722e+01 -1.750763081329e+01 -1.526772528278e+01 -1.131223761949e+01 -1.062254180690e+01 -8.229849746834e+00 -7.763617970109e+00 -6.600853401203e+00 -5.826770881798e+00 -4.317625753607e+00 -2.693522042891e+00 -8.245648881828e-01 -7.079941652382e-01 1.377131685133e+00 2.460535489107e+00 2.831998125318e+00 4.227878984456e+00 5.121456765377e+00 5.814457064296e+00 6.965994612428e+00 7.445868901376e+00 8.674101115568e+00 9.768882354570e+00 1.168966586524e+01 1.173354874084e+01 1.506288454612e+01 1.792794223035e+01 2.015144599510e+01
1.088404738871e+00 -2.306650597602e+01 -2.188534246857e+01 -2.080966227298e+01 -1.750379953127e+01 -1.527488384351e+01 -1.131561431328e+01 -1.062285928082e+01 -8.231266926662e+00 -7.743973798804e+00 -6.599918572713e+00 -5.828138308566e+00 -4.334217200992e+00 -2.694750667829e+00 -8.634422504120e-01 -6.800519879936e-01 1.377923100696e+00 2.458684984031e+00 2.827334710669e+00 4.237642029803e+00 5.121736024336e+00 5.815172170073e+00 6.966429393010e+00 7.439618499037e+00 8.680049956809e+00 9.774054999583e+00 1.168896846141e+01 1.172771882349e+01 1.506326975907e+01 1.792890433006e+01 2.015086486459e+01
1.095820016946e+00 -2.306662334524e+01 -2.188597032896e+01 -2.080839469729e+01 -1.749997057652e+01 -1.528205079594e+01 -1.131892799677e+01 -1.062315246113e+01 -8.232625132380e+00 -7.724317398714e+00 -6.598994374437e+00 -5.828969032697e+00 -4.351205652919e+00 -2.696005246410e+00 -9.002887121318e-01 -6.511425309175e-01 1.378809794744e+00 2.455652445008e+00 2.822559481342e+00 4.247656001268e+00 5.121988298164e+00 5.816159761832e+00 6.966846108754e+00 7.433277331174e+00 8.685937807743e+00 9.779239495759e+00 1.168824326893e+01 1.172179937011e+01 1.506369637580e+01 1.792985984126e+01 2.015029131319e+01
1.103235295020e+00 -2.306673181827e+01 -2.188660949774e+01 -2.080711704841e+01 -1.749614876630e+01 -1.528921857267e+01 -1.132217233750e+01 -1.062342048320e+01 -8.233920623362e+00 -7.704674416741e+00 -6.598083456639e+00 -5.829240974428e+00 -4.368595048715e+00 -2.697283505845e+00 -9.352773452526e-01 -6.211095255422e-01 1.379791505696e+00 2.451459108023e+00 2.817683492742e+00 4.257877064220e+00 5.122206825985e+00 5.817430019267e+00 6.967244506784e+00 7.426851567550e+00 8.691759557043e+00 9.784423564781e+00 1.168749027944e+01 1.171579853410e+01 1.506416446232e+01 1.793080682248e+01 2.014972665688e+01
1.110650573095e+00 -2.306683032865e+01 -2.188726054352e+01 -2.080583059224e+01 -1.749233900652e+01 -1.529637952680e+01 -1.132534114914e+01 -1.062366248403e+01 -8.235149704850e+00 -7.685070561463e+00 -6.597188446354e+00 -5.828933374281e+00 -4.386388325093e+00 -2.698582986432e+00 -9.685469075163e-01 -5.897596309785e-01 1.380868320648e+00 2.446132487534e+00 2.812718115597e+00 4.268259510315e+00 5.122384771537e+00 5.818991802090e+00 6.967624361292e+00 7.420347747701e+00 8.697510379901e+00 9.789594589290e+00 1.168670949627e+01 1.170972469326e+01 1.506467407499e+01 1.793174334808e+01 2.014917220199e+01
1.118065851170e+00 -2.306691783070e+01 -2.188792401075e+01 -2.080453659101e+01 -1.748854628805e+01 -1.530352593617e+01 -1.132842840043e+01 -1.062387760350e+01 -8.236308734329e+00 -7.665531520920e+00 -6.596311941660e+00 -5.828026901031e+00 -4.404587314044e+00 -2.699901074607e+00 -1.000210351745e+00 -5.568484906158e-01 1.382040641387e+00 2.439705819535e+00 2.807674987096e+00 4.278756341986e+00 5.122515248895e+00 5.820852538121e+00 6.967985471610e+00 7.413772792637e+00 8.703185734207e+00 9.794739632801e+00 1.168590093594e+01 1.170358644453e+01 1.506522526025e+01 1.793266751226e+01 2.014862924237e+01
1.125481129245e+00 -2.306699330245e+01 -2.188860041652e+01 -2.080323630205e+01 -1.748477568262e+01 -1.531065000786e+01 -1.133142822381e+01 -1.062406498555e+01 -8.237394127727e+00 -7.646082873641e+00 -6.595456505963e+00 -5.826503770843e+00 -4.423192637627e+00 -2.701235034278e+00 -1.030360833074e+00 -5.220589221000e-01 1.383309150366e+00 2.432217504421e+00 2.802565964332e+00 4.289319852276e+00 5.122591347358e+00 5.823018115274e+00 6.968327660273e+00 7.407134016031e+00 8.708781355275e+00 9.799845461826e+00 1.168506462981e+01 1.169739259733e+01 1.506581805432e+01 1.793357743290e+01 2.014809905655e+01
1.132896407320e+00 -2.306705574853e+01 -2.188929024757e+01 -2.080193097658e+01 -1.748103233838e+01 -1.531774388320e+01 -1.133433492362e+01 -1.062422377940e+01 -8.238402365444e+00 -7.626749993530e+00 -6.594624662292e+00 -5.824347878223e+00 -4.442203598908e+00 -2.702582036468e+00 -1.059076055434e+00 -4.849650999946e-01 1.384674776935e+00 2.423710563774e+00 2.797403080196e+00 4.299902186107e+00 5.122606155412e+00 5.825492779252e+00 6.968650771109e+00 7.400439134734e+00 8.714293249205e+00 9.804898570245e+00 1.168420062561e+01 1.169115216542e+01 1.506645248292e+01 1.793447125551e+01 2.014758290496e+01
1.140311685394e+00 -2.306710420299e+01 -2.188999395727e+01 -2.080062185834e+01 -1.747732147483e+01 -1.532479964317e+01 -1.133714298393e+01 -1.062435314079e+01 -8.239329998201e+00 -7.607557949481e+00 -6.593818887624e+00 -5.821544939300e+00 -4.461618068174e+00 -2.703939187316e+00 -1.086421484305e+00 -4.449699626854e-01 1.386138664027e+00 2.414232122835e+00 2.792198501850e+00 4.310455871147e+00 5.122552783691e+00 5.828279038885e+00 6.968954667334e+00 7.393696278452e+00 8.719717685004e+00 9.809885205956e+00 1.168330898889e+01 1.168487435713e+01 1.506712856103e+01 1.793534715703e+01 2.014708202705e+01
1.147726963469e+00 -2.306713773197e+01 -2.189071196281e+01 -2.079931018237e+01 -1.747364837738e+01 -1.533180931433e+01 -1.133984707597e+01 -1.062445223317e+01 -8.240173652707e+00 -7.588531400852e+00 -6.593041607237e+00 -5.818082647909e+00 -4.481432363292e+00 -2.705303554481e+00 -1.112452766438e+00 -4.011865090301e-01 1.387702135407e+00 2.403832927965e+00 2.786964491828e+00 4.320934308710e+00 5.122424386888e+00 5.831377581160e+00 6.969239229687e+00 7.386913998382e+00 8.725051185562e+00 9.814791399841e+00 1.167856856385e+01 1.168238980451e+01 1.506784629259e+01 1.793620334964e+01 2.014659763858e+01
1.155142241544e+00 -2.306715543643e+01 -2.189144464244e+01 -2.079799717373e+01 -1.747001839143e+01 -1.533876487518e+01 -1.134244206517e+01 -1.062452022893e+01 -8.240930037133e+00 -7.569694490271e+00 -6.592295189117e+00 -5.813950844894e+00 -4.501641122863e+00 -2.706672192009e+00 -1.137217582914e+00 -3.521858875161e-01 1.389366663535e+00 2.392566905939e+00 2.781713371814e+00 4.331292217401e+00 5.122214184582e+00 5.834787197997e+00 6.969504354594e+00 7.380101274569e+00 8.730290517615e+00 9.819602997067e+00 1.167224434666e+01 1.168144317803e+01 1.506860567033e+01 1.793703808448e+01 2.014613092883e+01
1.162557519619e+00 -2.306715645468e+01 -2.189219233279e+01 -2.079668404616e+01 -1.746643691578e+01 -1.534565826319e+01 -1.134492301787e+01 -1.062455631066e+01 -8.241595946402e+00 -7.551070735456e+00 -6.591581938430e+00 -5.809141701128e+00 -4.522237170404e+00 -2.708042163689e+00 -1.160757089608e+00 -2.953661789798e-01 1.391133838095e+00 2.380490769667e+00 2.776457489096e+00 4.341486024441e+00 5.121915480962e+00 5.838504726801e+00 6.969749952376e+00 7.373267521754e+00 8.735432680790e+00 9.824305690750e+00 1.166591142094e+01 1.168046923705e+01 1.506940667550e+01 1.793784965535e+01 2.014568305793e+01
1.169972797694e+00 -2.306713996487e+01 -2.189295532642e+01 -2.079537200084e+01 -1.746290939564e+01 -1.535248138224e+01 -1.134728520759e+01 -1.062455967233e+01 -8.242168267275e+00 -7.532682922050e+00 -6.590904092054e+00 -5.803649914934e+00 -4.543211367353e+00 -2.709410564974e+00 -1.183107052133e+00 -2.248627570475e-01 1.393005335153e+00 2.367663672873e+00 2.771209185666e+00 4.351474201646e+00 5.121521683449e+00 5.842525006740e+00 6.969975945499e+00 7.366422593408e+00 8.740474895852e+00 9.828885058004e+00 1.165957963894e+01 1.167946813247e+01 1.507024927770e+01 1.793863640225e+01 2.014525515412e+01
1.177388075769e+00 -2.306710518744e+01 -2.189373386936e+01 -2.079406222504e+01 -1.745944131497e+01 -1.535922611083e+01 -1.134952412087e+01 -1.062452952052e+01 -8.242643983249e+00 -7.514552999682e+00 -6.590263813214e+00 -5.797472924903e+00 -4.564552452085e+00 -2.710774543487e+00 -1.204298751158e+00 -1.183177982252e-01 1.394982886966e+00 2.354146914572e+00 2.765980769916e+00 4.361217544812e+00 5.121026320234e+00 5.846840852503e+00 6.970182266871e+00 7.359576783643e+00 8.745414592259e+00 9.833326598374e+00 1.165325897017e+01 1.167844003968e+01 1.507113343463e+01 1.793939671494e+01 2.014484831124e+01
1.184803353843e+00 -2.306705138737e+01 -2.189452815882e+01 -2.079275589088e+01 -1.745603818829e+01 -1.536588431072e+01 -1.135163546284e+01 -1.062446507565e+01 -8.243020179250e+00 -7.496701983647e+00 -6.589663186210e+00 -5.790611139684e+00 -4.586246861357e+00 -2.712131318156e+00 -1.224359712754e+00 1.498290201453e-01 1.397068252409e+00 2.340003692729e+00 2.760784490847e+00 4.370679396796e+00 5.120423056737e+00 5.851443047072e+00 6.970368858191e+00 7.352740826668e+00 8.750249395130e+00 9.837615774663e+00 1.164695947941e+01 1.167738515973e+01 1.507205909201e+01 1.794012903629e+01 2.014446358608e+01
1.192218631918e+00 -2.306697787645e+01 -2.189533834109e+01 -2.079145415400e+01 -1.745270555189e+01 -1.537244783637e+01 -1.135361516229e+01 -1.062436557318e+01 -8.243294046124e+00 -7.479149864723e+00 -6.589104211264e+00 -5.783068187092e+00 -4.608278529593e+00 -2.713478197018e+00 -1.243314303793e+00 2.424306706894e-01 1.399263188009e+00 2.325298905341e+00 2.755632514693e+00 4.379825815879e+00 5.119705711054e+00 5.856320354727e+00 6.970535668354e+00 7.345925893392e+00 8.754977111706e+00 9.841738056136e+00 1.164069130260e+01 1.167630372032e+01 1.507302618333e+01 1.794083186567e+01 2.014410199598e+01
1.199633909993e+00 -2.306688401537e+01 -2.189616450946e+01 -2.079015815232e+01 -1.744944895441e+01 -1.537890854494e+01 -1.135545937632e+01 -1.062423026479e+01 -8.243462884933e+00 -7.461915529700e+00 -6.588588799500e+00 -5.774851186072e+00 -4.630628660211e+00 -2.714812593718e+00 -1.261184222069e+00 3.081548468846e-01 1.401569419586e+00 2.310098996272e+00 2.750536903828e+00 4.388625692018e+00 5.118868268408e+00 5.861459555149e+00 6.970682651905e+00 7.339143584785e+00 8.759595717421e+00 9.845678964058e+00 1.163446462014e+01 1.167519597675e+01 1.507403462978e+01 1.794150376209e+01 2.014376451635e+01
1.207049188068e+00 -2.306676921580e+01 -2.189700670233e+01 -2.078886900472e+01 -1.744627394686e+01 -1.538525830697e+01 -1.135716449475e+01 -1.062405841961e+01 -8.243524111044e+00 -7.445016695144e+00 -6.588118768070e+00 -5.765971046611e+00 -4.653275461526e+00 -2.716132042721e+00 -1.277988903459e+00 3.619251674219e-01 1.403988614497e+00 2.294471842402e+00 2.745509597833e+00 4.397050814415e+00 5.117904894668e+00 5.866845499089e+00 6.970809767552e+00 7.332405921569e+00 8.764103341640e+00 9.849424119537e+00 1.162828962797e+01 1.167406221283e+01 1.507508434008e+01 1.794214334730e+01 2.014345207840e+01
1.214464466143e+00 -2.306663294226e+01 -2.189786490147e+01 -2.078758780980e+01 -1.744318607197e+01 -1.539148901770e+01 -1.135872714391e+01 -1.062384932534e+01 -8.243475258013e+00 -7.428469856781e+00 -6.587695835442e+00 -5.756442804800e+00 -4.676193837783e+00 -2.717434213276e+00 -1.293745863072e+00 4.084580912703e-01 1.406522354494e+00 2.278486677998e+00 2.740562396550e+00 4.405075894455e+00 5.116809949007e+00 5.872461185650e+00 6.970916976732e+00 7.325725329766e+00 8.768498253155e+00 9.852959293572e+00 1.162217650624e+01 1.167290274157e+01 1.507617521039e+01 1.794274930877e+01 2.014316556688e+01
1.221879744218e+00 -2.306647471401e+01 -2.189873903034e+01 -2.078631564464e+01 -1.744019085301e+01 -1.539759260915e+01 -1.136014419019e+01 -1.062360228947e+01 -8.243313981268e+00 -7.412290256677e+00 -6.587321616873e+00 -5.746286003017e+00 -4.699355023212e+00 -2.718716922132e+00 -1.308470983433e+00 4.499676678941e-01 1.409172109236e+00 2.262214051568e+00 2.735706944955e+00 4.412678548512e+00 5.115577995731e+00 5.878287860787e+00 6.971004242234e+00 7.319114621652e+00 8.772778845495e+00 9.856270459229e+00 1.161613538566e+01 1.167171790588e+01 1.507730712425e+01 1.794332040247e+01 2.014290581796e+01
1.229295022292e+00 -2.306629410673e+01 -2.189962895266e+01 -2.078505356354e+01 -1.743729378199e+01 -1.540356106272e+01 -1.136141274308e+01 -1.062331664038e+01 -8.243038061592e+00 -7.396491870054e+00 -6.586997620065e+00 -5.735525128744e+00 -4.722726143710e+00 -2.719978145040e+00 -1.322178759795e+00 4.876962641263e-01 1.411939210480e+00 2.245725809725e+00 2.730954719675e+00 4.419839245437e+00 5.114203815386e+00 5.884305136246e+00 6.971071526880e+00 7.312586971633e+00 8.776943622124e+00 9.859343845776e+00 1.161017631167e+01 1.167050807911e+01 1.507847995244e+01 1.794385545562e+01 2.014267361716e+01
1.236710300367e+00 -2.306609075415e+01 -2.190053447097e+01 -2.078380259680e+01 -1.743450030727e+01 -1.540938642253e+01 -1.136253015789e+01 -1.062299172851e+01 -8.242645408399e+00 -7.381087413187e+00 -6.586725241040e+00 -5.724190130061e+00 -4.746269686544e+00 -2.721216027045e+00 -1.334882510511e+00 5.224165068568e-01 1.414824827011e+00 2.229095101734e+00 2.726317016928e+00 4.426541223711e+00 5.112682415185e+00 5.890491127730e+00 6.971118792256e+00 7.306155886562e+00 8.780991181552e+00 9.862165994641e+00 1.160430920651e+01 1.166927366545e+01 1.507969355301e+01 1.794435336913e+01 2.014246969748e+01
1.244125578442e+00 -2.306586434960e+01 -2.190145532550e+01 -2.078256374958e+01 -1.743181582068e+01 -1.541506080937e+01 -1.136349403793e+01 -1.062262692742e+01 -8.242134062812e+00 -7.366088373346e+00 -6.586505760236e+00 -5.712317031547e+00 -4.769942853167e+00 -2.722428891587e+00 -1.346594558723e+00 5.546411112871e-01 1.417829940395e+00 2.212396397299e+00 2.721804941700e+00 4.432770383302e+00 5.111009038832e+00 5.896822610783e+00 6.971145997501e+00 7.299835170038e+00 8.784920202430e+00 9.864723816958e+00 1.159854382947e+01 1.166801510031e+01 1.508094777119e+01 1.794481312008e+01 2.014229473755e+01
1.251540856517e+00 -2.306561464736e+01 -2.190239119303e+01 -2.078133800064e+01 -1.742924564407e+01 -1.542057643520e+01 -1.136430223643e+01 -1.062222163491e+01 -8.241502200538e+00 -7.351505061249e+00 -6.586340338841e+00 -5.699948681304e+00 -4.793696763697e+00 -2.723615248426e+00 -1.357326390337e+00 5.847248347389e-01 1.420955321607e+00 2.195705508796e+00 2.717429397923e+00 4.438515157237e+00 5.109179175836e+00 5.903275192567e+00 6.971153098147e+00 7.293638880270e+00 8.788729428647e+00 9.867004652460e+00 1.159288973542e+01 1.166673285046e+01 1.508224243939e+01 1.794523376385e+01 2.014214935997e+01
1.258956134592e+00 -2.306534146399e+01 -2.190334168599e+01 -2.078012630126e+01 -1.742679501545e+01 -1.542592561826e+01 -1.136495285791e+01 -1.062177527407e+01 -8.240748134546e+00 -7.337346685914e+00 -6.586230015380e+00 -5.687135668267e+00 -4.817475473601e+00 -2.724773800402e+00 -1.367088792298e+00 6.129194470439e-01 1.424201508668e+00 2.179099607393e+00 2.713201079428e+00 4.443766367753e+00 5.107188570361e+00 5.909823497483e+00 6.971140045013e+00 7.287581281101e+00 8.792417654451e+00 9.868996329427e+00 1.158735623198e+01 1.166542741414e+01 1.508357737719e+01 1.794561443624e+01 2.014203412974e+01
1.266371412667e+00 -2.306504467948e+01 -2.190430635165e+01 -2.077892957405e+01 -1.742446907467e+01 -1.543110079863e+01 -1.136544425920e+01 -1.062128729431e+01 -8.239870317543e+00 -7.323621451271e+00 -6.586175702567e+00 -5.673937458732e+00 -4.841214753906e+00 -2.725903449047e+00 -1.375891974367e+00 6.394057439803e-01 1.427568785374e+00 2.162657220472e+00 2.709130461438e+00 4.448517071683e+00 5.105033229712e+00 5.916441364434e+00 6.971106783149e+00 7.281676785910e+00 8.795983709639e+00 9.870687225346e+00 1.158195233567e+01 1.166409932101e+01 1.508495239141e+01 1.794595435529e+01 2.014194955286e+01
1.273786690741e+00 -2.306472423835e+01 -2.190528467150e+01 -2.077774871194e+01 -1.742227284870e+01 -1.543609455429e+01 -1.136577505005e+01 -1.062075717236e+01 -8.238867344261e+00 -7.310336673343e+00 -6.586178184439e+00 -5.660423811539e+00 -4.864840576121e+00 -2.727003299058e+00 -1.383745677058e+00 6.643133508330e-01 1.431057161261e+00 2.146458195352e+00 2.705227792347e+00 4.452762399458e+00 5.102709432503e+00 5.923102053405e+00 6.971053250828e+00 7.275939894157e+00 8.799426444802e+00 9.872066327920e+00 1.157668672741e+01 1.166274913198e+01 1.508636727606e+01 1.794625282301e+01 2.014189607503e+01
1.281201968816e+00 -2.306438015058e+01 -2.190627606073e+01 -2.077658457703e+01 -1.742021123674e+01 -1.544089961755e+01 -1.136594409330e+01 -1.062018441324e+01 -8.237737953543e+00 -7.297498916324e+00 -6.586238113773e+00 -5.646676541094e+00 -4.888267233876e+00 -2.728072661659e+00 -1.390659267855e+00 6.877336013588e-01 1.434666352921e+00 2.130583611701e+00 2.701503085541e+00 4.456499391735e+00 5.100213736615e+00 5.929778458997e+00 6.970979378594e+00 7.270385120497e+00 8.802744716655e+00 9.873123295982e+00 1.157156770769e+01 1.166137743886e+01 1.508782181248e+01 1.794650922687e+01 2.014187408052e+01
1.288617246891e+00 -2.306401249242e+01 -2.190727986792e+01 -2.077543799962e+01 -1.741828899495e+01 -1.544550889182e+01 -1.136595050467e+01 -1.061956855123e+01 -8.236481030236e+00 -7.285114145412e+00 -6.586356009805e+00 -5.632791702727e+00 -4.911395028238e+00 -2.729111056860e+00 -1.396641827496e+00 7.097282947394e-01 1.438395766834e+00 2.115115622355e+00 2.697966110993e+00 4.459726837312e+00 5.097542986967e+00 5.936443328515e+00 6.970885088344e+00 7.265026916507e+00 8.805937373450e+00 9.873848519893e+00 1.156660315207e+01 1.165998486401e+01 1.508931576937e+01 1.794672304118e+01 2.014188389117e+01
1.296032524966e+00 -2.306362140712e+01 -2.190829537480e+01 -2.077430977718e+01 -1.741651072112e+01 -1.544991546856e+01 -1.136579365208e+01 -1.061890915073e+01 -8.235095606901e+00 -7.273187893920e+00 -6.586532256255e+00 -5.618882268797e+00 -4.934107450191e+00 -2.730118214624e+00 -1.401702227797e+00 7.303359122910e-01 1.442244483862e+00 2.100137199927e+00 2.694626386379e+00 4.462445115536e+00 5.094694323222e+00 5.943069482261e+00 6.970770292473e+00 7.259879585263e+00 8.809003240467e+00 9.874233180918e+00 1.156180046728e+01 1.165857205970e+01 1.509084890289e+01 1.794689382812e+01 2.014192576555e+01
1.303447803041e+00 -2.306320710547e+01 -2.190932179623e+01 -2.077320067340e+01 -1.741488083925e+01 -1.545411264445e+01 -1.136547315466e+01 -1.061820580715e+01 -8.233580865323e+00 -7.261725441832e+00 -6.586767099669e+00 -5.605081332680e+00 -4.956267825299e+00 -2.731094074989e+00 -1.405849202221e+00 7.495762355969e-01 1.446211245563e+00 2.085731764899e+00 2.691493167442e+00 4.464656045990e+00 5.091665187439e+00 5.949630033688e+00 6.970634893047e+00 7.254957189209e+00 8.811941105600e+00 9.874269309076e+00 1.155716654864e+01 1.165713970744e+01 1.509242095679e+01 1.794702123881e+01 2.014199989829e+01
1.310863081116e+00 -2.306276986632e+01 -2.191035828033e+01 -2.077211141729e+01 -1.741340358420e+01 -1.545809393857e+01 -1.136498888125e+01 -1.061745814774e+01 -8.231936137843e+00 -7.250732002768e+00 -6.587060648081e+00 -5.591545797291e+00 -4.977715466271e+00 -2.732038787132e+00 -1.409091410244e+00 7.674539529976e-01 1.450294442498e+00 2.071982670638e+00 2.688575437340e+00 4.466362747797e+00 5.088453331784e+00 5.956098607132e+00 6.970478781035e+00 7.250273451962e+00 8.814749705012e+00 9.873949838955e+00 1.155270773915e+01 1.165568851717e+01 1.509403166249e+01 1.794710501394e+01 2.014210641953e+01
1.318278359190e+00 -2.306231003683e+01 -2.191140390872e+01 -2.077104270226e+01 -1.741208298645e+01 -1.546185310956e+01 -1.136434094859e+01 -1.061666583235e+01 -8.230160908501e+00 -7.240212916133e+00 -6.587412869996e+00 -5.578460335800e+00 -4.998261548339e+00 -2.732952707419e+00 -1.411437496378e+00 7.839616341647e-01 1.454492104701e+00 2.058972522608e+00 2.685881894720e+00 4.467569510424e+00 5.085056826322e+00 5.962449550878e+00 6.970301835574e+00 7.245841654973e+00 8.817427708872e+00 9.873268662958e+00 1.154842979094e+01 1.165421922626e+01 1.509568073928e+01 1.794714498438e+01 2.014224539455e+01
1.325693637265e+00 -2.306182803268e+01 -2.191245769694e+01 -2.076999518532e+01 -1.741092285710e+01 -1.546538417255e+01 -1.136352971907e+01 -1.061582855419e+01 -8.228254813996e+00 -7.230173841087e+00 -6.587823593703e+00 -5.566041098304e+00 -5.017685236426e+00 -2.733836396466e+00 -1.412896144587e+00 7.990823242292e-01 1.458801894484e+00 2.046782313852e+00 2.683420940239e+00 4.468281677465e+00 5.081474066967e+00 5.968658143351e+00 6.970103923280e+00 7.241674530187e+00 8.819973707170e+00 9.872220681456e+00 1.154433782953e+01 1.165273259845e+01 1.509736789446e+01 1.794714107151e+01 2.014241682354e+01
1.333108915340e+00 -2.306132433815e+01 -2.191351859509e+01 -2.076896948624e+01 -1.740992677324e+01 -1.546868141595e+01 -1.136255579812e+01 -1.061494604052e+01 -8.226217644467e+00 -7.220620948897e+00 -6.588292506923e+00 -5.554538117489e+00 -5.035731113888e+00 -2.734690615213e+00 -1.413476128750e+00 8.127919236615e-01 1.463221101748e+00 2.035490367359e+00 2.681200661304e+00 4.468505544452e+00 5.077703783648e+00 5.974700790251e+00 6.969884897604e+00 7.237784150118e+00 8.822386195606e+00 9.870801849353e+00 1.154043632140e+01 1.165122942263e+01 1.509909282349e+01 1.794709328735e+01 2.014262064159e+01
1.340524193415e+00 -2.306079950600e+01 -2.191458548853e+01 -2.076796618686e+01 -1.740909806379e+01 -1.547173941771e+01 -1.136142003119e+01 -1.061401805331e+01 -8.224049344094e+00 -7.211561110151e+00 -6.588819156773e+00 -5.544234618219e+00 -5.052109710885e+00 -2.735516320065e+00 -1.413186359702e+00 8.250614581748e-01 1.467746641950e+00 2.025171088777e+00 2.679228814765e+00 4.468248271400e+00 5.073745048720e+00 5.980555210487e+00 6.969644598218e+00 7.234181816990e+00 8.824663561555e+00 9.869009218589e+00 1.153672904543e+01 1.164971051146e+01 1.510085521024e+01 1.794700173453e+01 2.014285671874e+01
1.347939471490e+00 -2.306025415723e+01 -2.191565719879e+01 -2.076698583030e+01 -1.740843979590e+01 -1.547455306118e+01 -1.136012350040e+01 -1.061304438977e+01 -8.221750011522e+00 -7.203002073222e+00 -6.589402950066e+00 -5.535440595533e+00 -5.066503770978e+00 -2.736314657099e+00 -1.412035929368e+00 8.358592935701e-01 1.472375056913e+00 2.015893550009e+00 2.677512807343e+00 4.467517810421e+00 5.069597285691e+00 5.986200608778e+00 6.969382850458e+00 7.230877952825e+00 8.826804070122e+00 9.866840976138e+00 1.153321906850e+01 1.164817669992e+01 1.510265472716e+01 1.794686660599e+01 2.014312486028e+01
1.355354749565e+00 -2.305968898075e+01 -2.191673248473e+01 -2.076602892039e+01 -1.740795476210e+01 -1.547711755030e+01 -1.135866752078e+01 -1.061202488300e+01 -8.219319900111e+00 -7.194952630322e+00 -6.590043153929e+00 -5.528477568581e+00 -5.078583351691e+00 -2.737086955383e+00 -1.410034152390e+00 8.451533082254e-01 1.477102518591e+00 2.007719944765e+00 2.676059673576e+00 4.466322848462e+00 5.065260278293e+00 5.991617832838e+00 6.969099464793e+00 7.227881992517e+00 8.828805850302e+00 9.864296477124e+00 1.152990872580e+01 1.164662884373e+01 1.510449103555e+01 1.794668818457e+01 2.014342480717e+01
1.362770027639e+00 -2.305910473281e+01 -2.191781004372e+01 -2.076509592097e+01 -1.740764546818e+01 -1.547942842407e+01 -1.135705363620e+01 -1.061095940238e+01 -8.216759418010e+00 -7.187422767309e+00 -6.590738896738e+00 -5.523652282378e+00 -5.088031990589e+00 -2.737834719418e+00 -1.407190605668e+00 8.529129989571e-01 1.481924835929e+00 2.000703979180e+00 2.674876051106e+00 4.464672764927e+00 5.060734179944e+00 5.996789513125e+00 6.968794236342e+00 7.225202282112e+00 8.830666881268e+00 9.861376272722e+00 1.152679960601e+01 1.164506781760e+01 1.510636378575e+01 1.794646684232e+01 2.014375623661e+01
1.370185305714e+00 -2.305850223631e+01 -2.191888851308e+01 -2.076418725539e+01 -1.740751412206e+01 -1.548148157014e+01 -1.135528361495e+01 -1.060984785406e+01 -8.214069128062e+00 -7.180423793330e+00 -6.591489169368e+00 -5.521220370609e+00 -5.094582927334e+00 -2.738559620736e+00 -1.403515166152e+00 8.591114648788e-01 1.486837464928e+00 1.994889281222e+00 2.673968153141e+00 4.462577603720e+00 5.056019523625e+00 6.001700183232e+00 6.968466944429e+00 7.222845984505e+00 8.832384978813e+00 9.858082132586e+00 1.152389254166e+01 1.164349451344e+01 1.510827261743e+01 1.794620303966e+01 2.014411876278e+01
1.377600583789e+00 -2.305788238001e+01 -2.191996647173e+01 -2.076330330596e+01 -1.740756262367e+01 -1.548327323749e+01 -1.135335944494e+01 -1.060869018132e+01 -8.211249747534e+00 -7.173968446149e+00 -6.592292826740e+00 -5.521346551896e+00 -5.098058813215e+00 -2.739263488677e+00 -1.399018047241e+00 8.637271909248e-01 1.491835521989e+00 1.990307928092e+00 2.673341737969e+00 4.460048059038e+00 5.051117232212e+00 6.006336379146e+00 6.968117352179e+00 7.220818994832e+00 8.833957782015e+00 9.854417061615e+00 1.152118760481e+01 1.164190983836e+01 1.511021715987e+01 1.794589732435e+01 2.014451193771e+01
1.385015861864e+00 -2.305724611751e+01 -2.192104244195e+01 -2.076244441347e+01 -1.740779255592e+01 -1.548480004798e+01 -1.135128332866e+01 -1.060748636491e+01 -8.208302147685e+00 -7.168070968850e+00 -6.593148589664e+00 -5.524073127000e+00 -5.098403144921e+00 -2.739948300363e+00 -1.393709834108e+00 8.667455407687e-01 1.496913800572e+00 1.986979197174e+00 2.673002075448e+00 4.457095474040e+00 5.046028629283e+00 6.010686715813e+00 6.967745206158e+00 7.219125867685e+00 8.835382740160e+00 9.850385310922e+00 1.151868410806e+01 1.164031471272e+01 1.511219703225e+01 1.794555033022e+01 2.014493525237e+01
1.392431139939e+00 -2.305659446605e+01 -2.192211489133e+01 -2.076161087678e+01 -1.740820517694e+01 -1.548605900681e+01 -1.134905767774e+01 -1.060623642328e+01 -8.205227353157e+00 -7.162747153396e+00 -6.594055046962e+00 -5.529308725583e+00 -5.095691478411e+00 -2.740616169904e+00 -1.387601518265e+00 8.681598703418e-01 1.502066791197e+00 1.984908640534e+00 2.672953910439e+00 4.453731851387e+00 5.040755450409e+00 6.014741939712e+00 6.967350236052e+00 7.217769758109e+00 8.836657100030e+00 9.845992382974e+00 1.151638061096e+01 1.163871006788e+01 1.511421184393e+01 1.794516277580e+01 2.014538813779e+01
1.399846418014e+00 -2.305592850526e+01 -2.192318223496e+01 -2.076080295248e+01 -1.740880141355e+01 -1.548704751166e+01 -1.134668510730e+01 -1.060494041277e+01 -8.202026541204e+00 -7.158014346400e+00 -6.595010657866e+00 -5.536842127894e+00 -5.090117602247e+00 -2.741269336844e+00 -1.380704531707e+00 8.679721887458e-01 1.507288704748e+00 1.984087564099e+00 2.673201423196e+00 4.449969874473e+00 5.035299854955e+00 6.018494956496e+00 6.966932154393e+00 7.216752378078e+00 8.837777893630e+00 9.841245030920e+00 1.151427493156e+01 1.163709684401e+01 1.511626119479e+01 1.794473546268e+01 2.014586996642e+01
1.407261696088e+00 -2.305524937557e+01 -2.192424283774e+01 -2.076002085451e+01 -1.740958185614e+01 -1.548776336062e+01 -1.134416842997e+01 -1.060359842781e+01 -8.198701040750e+00 -7.153891412378e+00 -6.596013754671e+00 -5.546375484214e+00 -5.081960352441e+00 -2.741910153869e+00 -1.373030780954e+00 8.661933213834e-01 1.512573498986e+00 1.984492962050e+00 2.673748186806e+00 4.445822938060e+00 5.029664438373e+00 6.021940833118e+00 6.966490656323e+00 7.216073969793e+00 8.838741926492e+00 9.836151252168e+00 1.151236416306e+01 1.163547598779e+01 1.511834467554e+01 1.794426927375e+01 2.014638005358e+01
1.414676974163e+00 -2.305455827659e+01 -2.192529501692e+01 -2.075926475390e+01 -1.741054675496e+01 -1.548820475864e+01 -1.134151064964e+01 -1.060221060092e+01 -8.195252331287e+00 -7.150398649850e+00 -6.597062545635e+00 -5.557564645145e+00 -5.071543360564e+00 -2.742541073805e+00 -1.364592681355e+00 8.628425663899e-01 1.517914908155e+00 1.986087918476e+00 2.674597121815e+00 4.441305186899e+00 5.023852245006e+00 6.025076774367e+00 6.966025419414e+00 7.215733296711e+00 8.839545766706e+00 9.830720276367e+00 1.151064469518e+01 1.163384844991e+01 1.512046186806e+01 1.794376517126e+01 2.014691765905e+01
1.422092252238e+00 -2.305385646527e+01 -2.192633704482e+01 -2.075853477858e+01 -1.741169601780e+01 -1.548837032259e+01 -1.133871495497e+01 -1.060077710278e+01 -8.191682041595e+00 -7.147557656002e+00 -6.598155118104e+00 -5.570055071669e+00 -5.059199270835e+00 -2.743164635900e+00 -1.355403192019e+00 8.579468739355e-01 1.523306475473e+00 1.988822447847e+00 2.675750448273e+00 4.436431560791e+00 5.017866781358e+00 6.027902074170e+00 6.965536103525e+00 7.215727652787e+00 8.840185734835e+00 9.824962547956e+00 1.150911223989e+01 1.163221518266e+01 1.512261234581e+01 1.794322419469e+01 2.014748198882e+01
1.429507530313e+00 -2.305314525381e+01 -2.192736715176e+01 -2.075783101315e+01 -1.741302920930e+01 -1.548825908493e+01 -1.133578471270e+01 -1.059929814212e+01 -8.187991948303e+00 -7.145391136168e+00 -6.599289441868e+00 -5.583507245799e+00 -5.045244509448e+00 -2.743783451422e+00 -1.345475851788e+00 8.515396121824e-01 1.528741588264e+00 1.992634709707e+00 2.677209635488e+00 4.431217844452e+00 5.011712029834e+00 6.030418042556e+00 6.965022350721e+00 7.216052889867e+00 8.840657894945e+00 9.818889703478e+00 1.150776186116e+01 1.163057713732e+01 1.512479567410e+01 1.794264745850e+01 2.014807219685e+01
1.436922808388e+00 -2.305242600750e+01 -2.192838352912e+01 -2.075715349879e+01 -1.741454555157e+01 -1.548787049577e+01 -1.133272346065e+01 -1.059777396564e+01 -8.184183974282e+00 -7.143922655433e+00 -6.600463372701e+00 -5.597610995361e+00 -5.029965195703e+00 -2.744400188561e+00 -1.334824816698e+00 8.436590081234e-01 1.534213515396e+00 1.997452506518e+00 2.678975349875e+00 4.425680720413e+00 5.005392462882e+00 6.032627909667e+00 6.964483785236e+00 7.216703462727e+00 8.840958046965e+00 9.812514543888e+00 1.150658800822e+01 1.162893526158e+01 1.512701141055e+01 1.794203614968e+01 2.014868738714e+01
1.444338086462e+00 -2.305170014228e+01 -2.192938433272e+01 -2.075650223316e+01 -1.741624392649e+01 -1.548720442360e+01 -1.132953490062e+01 -1.059620485783e+01 -8.180260186863e+00 -7.143176331065e+00 -6.601674656102e+00 -5.612091196131e+00 -5.013611733532e+00 -2.745017556656e+00 -1.323464899434e+00 8.343463629166e-01 1.539715446663e+00 2.003194959873e+00 2.681047401354e+00 4.419837823081e+00 4.998913057505e+00 6.034536708666e+00 6.963920013491e+00 7.217672490731e+00 8.841081720681e+00 9.805851002058e+00 1.150558455184e+01 1.162729049684e+01 1.512925910543e+01 1.794139152521e+01 2.014932661567e+01
1.451753364537e+00 -2.305096912220e+01 -2.193036768623e+01 -2.075587717035e+01 -1.741812287936e+01 -1.548626115445e+01 -1.132622289100e+01 -1.059459114068e+01 -8.176222795890e+00 -7.143176466374e+00 -6.602920931204e+00 -5.626708016095e+00 -4.996398918502e+00 -2.745638289734e+00 -1.311411611313e+00 8.236441390035e-01 1.545240533635e+00 2.009774259909e+00 2.683424688851e+00 4.413707791975e+00 4.992279310059e+00 6.036151139820e+00 6.963330624179e+00 7.218951834691e+00 8.841024171648e+00 9.798914105689e+00 1.150474482315e+01 1.162564377548e+01 1.513153830207e+01 1.794071490933e+01 2.014998889266e+01
1.459168642612e+00 -2.305023445661e+01 -2.193133168496e+01 -2.075527822091e+01 -1.742018062403e+01 -1.548504138967e+01 -1.132279143935e+01 -1.059293317341e+01 -8.172074151597e+00 -7.143947129058e+00 -6.604199734840e+00 -5.641254320534e+00 -4.978508939092e+00 -2.746265129358e+00 -1.298681207441e+00 8.115940019712e-01 1.550781931469e+00 2.017097393598e+00 2.686105145521e+00 4.407310322035e+00 4.985497251264e+00 6.037479418390e+00 6.962715188399e+00 7.220532187109e+00 8.840780379396e+00 9.791719935806e+00 1.150406165442e+01 1.162399601815e+01 1.513384853727e+01 1.794000769071e+01 2.015067318477e+01
1.466583920687e+00 -2.304949769722e+01 -2.193227439968e+01 -2.075470525188e+01 -1.742241504944e+01 -1.548354624226e+01 -1.131924469466e+01 -1.059123135204e+01 -8.167816742313e+00 -7.145511679875e+00 -6.605508505756e+00 -5.655551983669e+00 -4.960095521182e+00 -2.746900806780e+00 -1.285290735711e+00 7.982348769574e-01 1.556332841103e+00 2.025067776260e+00 2.689085684407e+00 4.400666208813e+00 4.978573461309e+00 6.038531109231e+00 6.962073259868e+00 7.222403173714e+00 8.840345048315e+00 9.784285580954e+00 1.150352742126e+01 1.162234813094e+01 1.513618934169e+01 1.793927131948e+01 2.015137841748e+01
1.473999198762e+00 -2.304876043495e+01 -2.193319388073e+01 -2.075415808694e+01 -1.742482372753e+01 -1.548177723191e+01 -1.131558693965e+01 -1.058948610899e+01 -8.163453191990e+00 -7.147892260721e+00 -6.606844588954e+00 -5.669448100802e+00 -4.941288213289e+00 -2.747548024373e+00 -1.271258090448e+00 7.836010509307e-01 1.561886551196e+00 2.033586733079e+00 2.692362145312e+00 4.393797386231e+00 4.971515084923e+00 6.039316951178e+00 6.961404375196e+00 7.224553464008e+00 8.839712611634e+00 9.776629087201e+00 1.150313408581e+01 1.162070100258e+01 1.513856024032e+01 1.793850730418e+01 2.015210347749e+01
1.481414476837e+00 -2.304802429662e+01 -2.193408816231e+01 -2.075363650647e+01 -1.742740392230e+01 -1.547973627875e+01 -1.131182258282e+01 -1.058769791254e+01 -8.158986257550e+00 -7.151109254452e+00 -6.608205240153e+00 -5.682811580612e+00 -4.922196321051e+00 -2.748209436325e+00 -1.256602071540e+00 7.677203213173e-01 1.567436479119e+00 2.042554799891e+00 2.695929243718e+00 4.386726954554e+00 4.964329846270e+00 6.039848674365e+00 6.960708054232e+00 7.226970888407e+00 8.838877238984e+00 9.768769403954e+00 1.150287324035e+01 1.161905550168e+01 1.514096075283e+01 1.793771720852e+01 2.015284721523e+01
1.488829754911e+00 -2.304729094140e+01 -2.193495526694e+01 -2.075314024781e+01 -1.743015260018e+01 -1.547742569588e+01 -1.130795615053e+01 -1.058586726626e+01 -8.154418826050e+00 -7.155180732027e+00 -6.609587630356e+00 -5.695530290896e+00 -4.902912302608e+00 -2.748887628567e+00 -1.241342450058e+00 7.506121597578e-01 1.572976210291e+00 2.051872832536e+00 2.699780522683e+00 4.379479196126e+00 4.957026063470e+00 6.040138813646e+00 6.959983800498e+00 7.229642559578e+00 8.837832848015e+00 9.760726325563e+00 1.150273615084e+01 1.161741247383e+01 1.514339039410e+01 1.793690264815e+01 2.015360844742e+01
1.496245032986e+00 -2.304656205714e+01 -2.193579321010e+01 -2.075266900543e+01 -1.743306644141e+01 -1.547484818083e+01 -1.130399227889e+01 -1.058399470837e+01 -8.149753911656e+00 -7.160121905247e+00 -6.610988850511e+00 -5.707508767945e+00 -4.883514596843e+00 -2.749585097903e+00 -1.225500041433e+00 7.322858271021e-01 1.578499535085e+00 2.061442929878e+00 2.703908308625e+00 4.372079576431e+00 4.949612662548e+00 6.040200521124e+00 6.959231101695e+00 7.232554995605e+00 8.836573120588e+00 9.752520428613e+00 1.150271380004e+01 1.161577273886e+01 1.514584867456e+01 1.793606528726e+01 2.015438595971e+01
1.503660311061e+00 -2.304583935651e+01 -2.193660000504e+01 -2.075222243122e+01 -1.743614185242e+01 -1.547200680594e+01 -1.129993570572e+01 -1.058208081101e+01 -8.144994652437e+00 -7.165944605366e+00 -6.612405916262e+00 -5.718666423399e+00 -4.864069930813e+00 -2.750304230297e+00 -1.209096787403e+00 7.127383398792e-01 1.584000482551e+00 2.071169186877e+00 2.708303672004e+00 4.364554728044e+00 4.942099190555e+00 6.040047380676e+00 6.958449430312e+00 7.235694242798e+00 8.835091524084e+00 9.744173004774e+00 1.150279692978e+01 1.161413708801e+01 1.514833510071e+01 1.793520683511e+01 2.015517850932e+01
1.511075589136e+00 -2.304512457296e+01 -2.193737366784e+01 -2.075180013480e+01 -1.743937497911e+01 -1.546890500793e+01 -1.129579126239e+01 -1.058012617953e+01 -8.140144306948e+00 -7.172656808648e+00 -6.613835772771e+00 -5.728936154236e+00 -4.844635179959e+00 -2.751047278271e+00 -1.192155848069e+00 6.919521447348e-01 1.589473350164e+00 2.080958300910e+00 2.712956393884e+00 4.356932415130e+00 4.934495827591e+00 6.039693227068e+00 6.957638244318e+00 7.239045996120e+00 8.833381338324e+00 9.735705988986e+00 1.150297608206e+01 1.161250628118e+01 1.515084917553e+01 1.793432904250e+01 2.015598482780e+01
1.518490867211e+00 -2.304441945648e+01 -2.193811222251e+01 -2.075140168385e+01 -1.744276172084e+01 -1.546554657656e+01 -1.129156386571e+01 -1.057813145162e+01 -8.135206250627e+00 -7.180262229469e+00 -6.615275299612e+00 -5.738263258322e+00 -4.825258858416e+00 -2.751816337374e+00 -1.174701705534e+00 6.698922975998e-01 1.594912728856e+00 2.090720057688e+00 2.717854939379e+00 4.349241476283e+00 4.926813397402e+00 6.039151971989e+00 6.956796987965e+00 7.242595715478e+00 8.831435688633e+00 9.727141882789e+00 1.150324163862e+01 1.161088104420e+01 1.515339039892e+01 1.793343369820e+01 2.015680362373e+01
1.525906145286e+00 -2.304372576927e+01 -2.193881370634e+01 -2.075102660447e+01 -1.744629774512e+01 -1.546193564266e+01 -1.128725850976e+01 -1.057609729641e+01 -8.130183971979e+00 -7.188759999475e+00 -6.616721315728e+00 -5.746604566630e+00 -4.805982310014e+00 -2.752613321652e+00 -1.156760280745e+00 6.465028549076e-01 1.600313522579e+00 2.100367723439e+00 2.722986438980e+00 4.341511743754e+00 4.919063376194e+00 6.038437439001e+00 6.955925092693e+00 7.246328736378e+00 8.829247585483e+00 9.718503672557e+00 1.150358385879e+01 1.160926206611e+01 1.515595826819e+01 1.793252262522e+01 2.015763358557e+01
1.533321423360e+00 -2.304304528126e+01 -2.193947617536e+01 -2.075067438165e+01 -1.744997850283e+01 -1.545807666552e+01 -1.128288025786e+01 -1.057402441359e+01 -8.125081068554e+00 -7.198144447872e+00 -6.618170584443e+00 -5.753927717029e+00 -4.786840660174e+00 -2.753439938066e+00 -1.138359065309e+00 6.217020411230e-01 1.605670961724e+00 2.109818368322e+00 2.728336678721e+00 4.333773937414e+00 4.911257899264e+00 6.037563209058e+00 6.955021978155e+00 7.250230373751e+00 8.826809971130e+00 9.709814742438e+00 1.150399291550e+01 1.160764999659e+01 1.515855227849e+01 1.793159767717e+01 2.015847338440e+01
1.540736701435e+00 -2.304237976538e+01 -2.194009770994e+01 -2.075034445966e+01 -1.745379924381e+01 -1.545397441991e+01 -1.127843423452e+01 -1.057191353233e+01 -8.119901242702e+00 -7.208404993110e+00 -6.619619818531e+00 -5.760210509990e+00 -4.767863578219e+00 -2.754297659798e+00 -1.119527270181e+00 5.953755165129e-01 1.610980609749e+00 2.118993143148e+00 2.733890100119e+00 4.326059532269e+00 4.903409764994e+00 6.036542477912e+00 6.954087053364e+00 7.254286018009e+00 8.824115773516e+00 9.701098781835e+00 1.150445892907e+01 1.160604544332e+01 1.516117192326e+01 1.793066073448e+01 2.015932167677e+01
1.548151979510e+00 -2.304173099287e+01 -2.194067642050e+01 -2.075003624256e+01 -1.745775503276e+01 -1.544963398259e+01 -1.127392561742e+01 -1.056976541027e+01 -8.114648297115e+00 -7.219526150604e+00 -6.621065685336e+00 -5.765440301773e+00 -4.749075889894e+00 -2.755187698375e+00 -1.100295993287e+00 5.673666470700e-01 1.616238362475e+00 2.127817527898e+00 2.739629810761e+00 4.318400598874e+00 4.895532435723e+00 6.035387926370e+00 6.953119717966e+00 7.258481222692e+00 8.821157967624e+00 9.692379687363e+00 1.150497199894e+01 1.160444896952e+01 1.516381669469e+01 1.792971370060e+01 2.016017710755e+01
1.555567257585e+00 -2.304110072836e+01 -2.194121045332e+01 -2.074974909475e+01 -1.746184076541e+01 -1.544506071868e+01 -1.126935962960e+01 -1.056758083240e+01 -8.109326130133e+00 -7.231487655112e+00 -6.622504811941e+00 -5.769613404849e+00 -4.730498071752e+00 -2.756110974550e+00 -1.080698408225e+00 5.374619017572e-01 1.621440439563e+00 2.136221566685e+00 2.745537606356e+00 4.310829616659e+00 4.887640034948e+00 6.034111604084e+00 6.952119363662e+00 7.262801783303e+00 8.817929644279e+00 9.683681459342e+00 1.150552223305e+01 1.160286109148e+01 1.516648608419e+01 1.792875849819e+01 2.016103831271e+01
1.562982535660e+00 -2.304049072486e+01 -2.194169799649e+01 -2.074948234144e+01 -1.746605118464e+01 -1.544026026780e+01 -1.126474153165e+01 -1.056536060990e+01 -8.103938730824e+00 -7.244264690487e+00 -6.623933790393e+00 -5.772734477748e+00 -4.712146652381e+00 -2.757068087880e+00 -1.060769976305e+00 5.053679917664e-01 1.626583367808e+00 2.144140100038e+00 2.751594004988e+00 4.303379260985e+00 4.879747340293e+00 6.032724827233e+00 6.951085375766e+00 7.267233807168e+00 8.814424086191e+00 9.675028093022e+00 1.150609977500e+01 1.160128227630e+01 1.516917958280e+01 1.792779706531e+01 2.016190392217e+01
1.570397813735e+00 -2.303990271873e+01 -2.194213728583e+01 -2.074923526931e+01 -1.747038089665e+01 -1.543523853017e+01 -1.126007661410e+01 -1.056310557891e+01 -8.098490173816e+00 -7.257828214358e+00 -6.625349182977e+00 -5.774815896971e+00 -4.694034540158e+00 -2.758059284939e+00 -1.040548684191e+00 4.706742252101e-01 1.631663955993e+00 2.151513001726e+00 2.757778294239e+00 4.296082165604e+00 4.871869771602e+00 6.031238090218e+00 6.950017134925e+00 7.271763774324e+00 8.810634850843e+00 9.666443464960e+00 1.150669482883e+01 1.159971293957e+01 1.517189668168e+01 1.792683135154e+01 2.016277256263e+01
1.582612508331e+00 -2.303820007597e+01 -2.194532538051e+01 -2.074375728969e+01 -1.747557529461e+01 -1.543768300150e+01 -1.125041927793e+01 -1.055382342688e+01 -8.079371873591e+00 -7.241664175446e+00 -6.627116500129e+00 -5.768630920280e+00 -4.697631068836e+00 -2.761250904149e+00 -1.051087927713e+00 4.825333232679e-01 1.641348124473e+00 2.138617235958e+00 2.756565875097e+00 4.298050688830e+00 4.846209456235e+00 6.044316887086e+00 6.946587588458e+00 7.261808343411e+00 8.811033028096e+00 9.654057620380e+00 1.148290324358e+01 1.158904965392e+01 1.518591572091e+01 1.792624070276e+01 2.016444706858e+01
1.594827202928e+00 -2.303647766957e+01 -2.194854289066e+01 -2.073803145655e+01 -1.748118069606e+01 -1.543994151329e+01 -1.124036710069e+01 -1.054393540142e+01 -8.059129429076e+00 -7.225486838858e+00 -6.628890762729e+00 -5.761855528343e+00 -4.700725635455e+00 -2.764488887637e+00 -1.063200780803e+00 4.937851660687e-01 1.650674591739e+00 2.125668716166e+00 2.755270609678e+00 4.300496332859e+00 4.819282145608e+00 6.057640941463e+00 6.942925796731e+00 7.251347525797e+00 8.811144107342e+00 9.641036243058e+00 1.145813004421e+01 1.157778856057e+01 1.520050645609e+01 1.792565533944e+01 2.016618420445e+01
1.607041897525e+00 -2.303473687363e+01 -2.195178518057e+01 -2.073206768170e+01 -1.748718212492e+01 -1.544201743339e+01 -1.122993998911e+01 -1.053344163452e+01 -8.037769946606e+00 -7.209326902188e+00 -6.630672287012e+00 -5.754472326634e+00 -4.703303110314e+00 -2.767770785475e+00 -1.076844171338e+00 5.044656083185e-01 1.659628862166e+00 2.112682881896e+00 2.753885658223e+00 4.303412792218e+00 4.791095519049e+00 6.071199954230e+00 6.939030175783e+00 7.240384527668e+00 8.810971358782e+00 9.627335885289e+00 1.143248211466e+01 1.156593917446e+01 1.521562054262e+01 1.792507562215e+01 2.016798153755e+01
1.619256592122e+00 -2.303297908287e+01 -2.195504770101e+01 -2.072587612205e+01 -1.749356379548e+01 -1.544391466635e+01 -1.121915834731e+01 -1.052234253489e+01 -8.015301305084e+00 -7.193215805793e+00 -6.632461116282e+00 -5.746465087045e+00 -4.705347324603e+00 -2.771094240314e+00 -1.091975422813e+00 5.146057238559e-01 1.668195401947e+00 2.099674854629e+00 2.752403540659e+00 4.306792971560e+00 4.761660068467e+00 6.084983582237e+00 6.934898483085e+00 7.228923413903e+00 8.810517244529e+00 9.612912533260e+00 1.140606873586e+01 1.155351159398e+01 1.523121006454e+01 1.792450189545e+01 2.016983654391e+01
1.631471286719e+00 -2.303120571172e+01 -2.195832600004e+01 -2.071946716059e+01 -1.750030918643e+01 -1.544563760727e+01 -1.120804301989e+01 -1.051063882535e+01 -7.991732228101e+00 -7.177185554602e+00 -6.634256975988e+00 -5.737819114992e+00 -4.706840939074e+00 -2.774456997930e+00 -1.108552848570e+00 5.242326425421e-01 1.676357401759e+00 2.086659395468e+00 2.750816070746e+00 4.310629046986e+00 4.730989439484e+00 6.098981368257e+00 6.930527748670e+00 7.216969150552e+00 8.809783221504e+00 9.597722111189e+00 1.137900108628e+01 1.154051651280e+01 1.524722778958e+01 1.792393448777e+01 2.017174661297e+01
1.643685981316e+00 -2.302941819328e+01 -2.196161573234e+01 -2.071285138831e+01 -1.750740111619e+01 -1.544719109391e+01 -1.119661523484e+01 -1.049833158231e+01 -7.967072369795e+00 -7.161268513774e+00 -6.636059218771e+00 -5.728521655135e+00 -4.707765302223e+00 -2.777856918077e+00 -1.126536262404e+00 5.333702133508e-01 1.684096516522e+00 2.073650866678e+00 2.749114286044e+00 4.314912523976e+00 4.699100807252e+00 6.113182660706e+00 6.925914204145e+00 7.204527657089e+00 8.808769511285e+00 9.581721098566e+00 1.135139170634e+01 1.152696523234e+01 1.526362738798e+01 1.792337371128e+01 2.017370905236e+01
1.655900675913e+00 -2.302761797845e+01 -2.196491266701e+01 -2.070603958712e+01 -1.751482181879e+01 -1.544858035793e+01 -1.118489654665e+01 -1.048542227731e+01 -7.941332416937e+00 -7.145497179613e+00 -6.637866757295e+00 -5.718562333677e+00 -4.708100298620e+00 -2.781291985687e+00 -1.145887399765e+00 5.420395364296e-01 1.691392579644e+00 2.060663197070e+00 2.747288374226e+00 4.319634291882e+00 4.666015289728e+00 6.127576521496e+00 6.921053209632e+00 7.191605870190e+00 8.807474829484e+00 9.564867275034e+00 1.132335391857e+01 1.151286967513e+01 1.528036361607e+01 1.792281986189e+01 2.017572109273e+01
1.668115370509e+00 -2.302580653501e+01 -2.196821269404e+01 -2.069904271366e+01 -1.752255301963e+01 -1.544981097572e+01 -1.117290877976e+01 -1.047191282070e+01 -7.914524210374e+00 -7.129903928190e+00 -6.639677982069e+00 -5.707933633509e+00 -4.707824188706e+00 -2.784760322421e+00 -1.166570247318e+00 5.502593949856e-01 1.698223288546e+00 2.047709851183e+00 2.745327596644e+00 4.324784674993e+00 4.631758401147e+00 6.142151619925e+00 6.915939178693e+00 7.178211821263e+00 8.805896065123e+00 9.547120607631e+00 1.129500119691e+01 1.149824239897e+01 1.529739246696e+01 1.792227321926e+01 2.017777989270e+01
1.680330065106e+00 -2.302398534683e+01 -2.197151182928e+01 -2.069187188388e+01 -1.753057601042e+01 -1.545088881959e+01 -1.116067397252e+01 -1.045780560764e+01 -7.886660889693e+00 -7.114520745268e+00 -6.641490660758e+00 -5.696631396613e+00 -4.706913442096e+00 -2.788260198616e+00 -1.188551281284e+00 5.580466096027e-01 1.704563857686e+00 2.034803802201e+00 2.743220210589e+00 4.330353480234e+00 4.596360548211e+00 6.156896109924e+00 6.910565501267e+00 7.164354730540e+00 8.804027897818e+00 9.528444295046e+00 1.126644648060e+01 1.148309661190e+01 1.531467129081e+01 1.792173404690e+01 2.017988254390e+01
1.692544759703e+00 -2.302215591299e+01 -2.197480621827e+01 -2.068453835847e+01 -1.753887172261e+01 -1.545182000974e+01 -1.114821432193e+01 -1.044310356634e+01 -7.857757065969e+00 -7.099378942212e+00 -6.643301814513e+00 -5.684655345937e+00 -4.705342567501e+00 -2.791790045644e+00 -1.211799616904e+00 5.654163317912e-01 1.710386634762e+00 2.021957508524e+00 2.740953392345e+00 4.336330041582e+00 4.559857570974e+00 6.171797487185e+00 6.904924464690e+00 7.150045121315e+00 8.801862337229e+00 9.508805983257e+00 1.123780143153e+01 1.146744618792e+01 1.533215888714e+01 1.792120259231e+01 2.018202607602e+01
1.704759454300e+00 -2.302031974701e+01 -2.197809213887e+01 -2.067705352887e+01 -1.754742079893e+01 -1.545261086761e+01 -1.113555212930e+01 -1.042781020879e+01 -7.827829028745e+00 -7.084508863655e+00 -6.645107565571e+00 -5.672009616639e+00 -4.703083943677e+00 -2.795348468746e+00 -1.236287072356e+00 5.723822894120e-01 1.715660675233e+00 2.009182893881e+00 2.738513164104e+00 4.342703261346e+00 4.522291329626e+00 6.186842421725e+00 6.899007172914e+00 7.135294958903e+00 8.799388165040e+00 9.488179166691e+00 1.120917563830e+01 1.145130568363e+01 1.534981557232e+01 1.792067908715e+01 2.018420746194e+01
1.716974148897e+00 -2.301847837608e+01 -2.198136600273e+01 -2.066942890395e+01 -1.755620366241e+01 -1.545326787092e+01 -1.112270974707e+01 -1.041192968402e+01 -7.796894995079e+00 -7.069939593575e+00 -6.646902948748e+00 -5.658703284037e+00 -4.700107657437e+00 -2.798934260353e+00 -1.261988150798e+00 5.789569936040e-01 1.720351269957e+00 1.996491330894e+00 2.735884328950e+00 4.349461648426e+00 4.483710336975e+00 6.202016560138e+00 6.892803464086e+00 7.120117820204e+00 8.796590254580e+00 9.466544789089e+00 1.118067577500e+01 1.143469035559e+01 1.536760322492e+01 1.792016374750e+01 2.018642362289e+01
1.729188843494e+00 -2.301663334026e+01 -2.198462435592e+01 -2.066167609708e+01 -1.756520058264e+01 -1.545379761083e+01 -1.110970952693e+01 -1.039546683400e+01 -7.764975410733e+00 -7.055698667111e+00 -6.648681677230e+00 -5.644750872991e+00 -4.696381356735e+00 -2.802546413972e+00 -1.288879943879e+00 5.851519146194e-01 1.724419420401e+00 1.983893628000e+00 2.733050419699e+00 4.356593353701e+00 4.444170434528e+00 6.217304290039e+00 6.886301826813e+00 7.104529101477e+00 8.793448736951e+00 9.443893058959e+00 1.115240472847e+01 1.141761617841e+01 1.538548531170e+01 1.791965677416e+01 2.018867143363e+01
1.741403538091e+00 -2.301478619172e+01 -2.198786387852e+01 -2.065380681380e+01 -1.757439173876e+01 -1.545420675155e+01 -1.109657376945e+01 -1.037842725229e+01 -7.732093316534e+00 -7.041811795829e+00 -6.650435850132e+00 -5.630172830699e+00 -4.691870129189e+00 -2.806184138675e+00 -1.316941959319e+00 5.909776323238e-01 1.727821255916e+00 1.971400019631e+00 2.729993669298e+00 4.364086202690e+00 4.403735507225e+00 6.232688456984e+00 6.879489315536e+00 7.088546274245e+00 8.789937975359e+00 9.420225496209e+00 1.112446071304e+01 1.140009986370e+01 1.540342689704e+01 1.791915835291e+01 2.019094772761e+01
1.753618232687e+00 -2.301293849401e+01 -2.199108138353e+01 -2.064583283965e+01 -1.758375727910e+01 -1.545450199251e+01 -1.108332467537e+01 -1.036081734561e+01 -7.698274796920e+00 -7.028302614167e+00 -6.652155585356e+00 -5.614995942273e+00 -4.686536419017e+00 -2.809846874247e+00 -1.346155874023e+00 5.964439658703e-01 1.730507387833e+00 1.959020159586e+00 2.726695012881e+00 4.362478228062e+00 4.371927725586e+00 6.248150021049e+00 6.872351465700e+00 7.072189202277e+00 8.786025301549e+00 9.395557229232e+00 1.109693639692e+01 1.138215887959e+01 1.542139463814e+01 1.791866865496e+01 2.019324930224e+01
1.765832927284e+00 -2.301109182120e+01 -2.199427381505e+01 -2.063776602839e+01 -1.759327737718e+01 -1.545469003332e+01 -1.106998429874e+01 -1.034264439846e+01 -7.663549533063e+00 -7.015192454360e+00 -6.653828555952e+00 -5.599253665919e+00 -4.680339998316e+00 -2.813534307079e+00 -1.376505212932e+00 6.015600861138e-01 1.732422195947e+00 1.946763117537e+00 2.723134134494e+00 4.320480818678e+00 4.380105184775e+00 6.263667636230e+00 6.864872209670e+00 7.055480536727e+00 8.781669461178e+00 9.369919564901e+00 1.106991806820e+01 1.136381147099e+01 1.543935676836e+01 1.791818783726e+01 2.019557292399e+01
1.778047621881e+00 -2.300924775715e+01 -2.199743824583e+01 -2.062961829038e+01 -1.760293228405e+01 -1.545477754164e+01 -1.105657450202e+01 -1.032391664080e+01 -7.627951490215e+00 -7.002500156437e+00 -6.655439400919e+00 -5.582986362411e+00 -4.673238011496e+00 -2.817246386842e+00 -1.407974952424e+00 6.063346136096e-01 1.733503044497e+00 1.934637378637e+00 2.719289574860e+00 4.277835805229e+00 4.388605599889e+00 6.279217130289e+00 6.857033794700e+00 7.038446212008e+00 8.776818711006e+00 9.343362855421e+00 1.104348487076e+01 1.134507668029e+01 1.545728307078e+01 1.791771604303e+01 2.019791533361e+01
1.790262316478e+00 -2.300740789466e+01 -2.200057187434e+01 -2.062140158108e+01 -1.761270237672e+01 -1.545477112399e+01 -1.104311691333e+01 -1.030464331912e+01 -7.591519778875e+00 -6.990241918652e+00 -6.656968971525e+00 -5.566241391979e+00 -4.665185114442e+00 -2.820983344045e+00 -1.440551045837e+00 6.107757044796e-01 1.733679427185e+00 1.922650846223e+00 2.715138920314e+00 4.234646740391e+00 4.397415770432e+00 6.294770855321e+00 6.848816704759e+00 7.021116072394e+00 8.771408515282e+00 9.315959681156e+00 1.101770814046e+01 1.132597436867e+01 1.547514484385e+01 1.791725340213e+01 2.020027325124e+01
1.802477011075e+00 -2.300557383463e+01 -2.200367202140e+01 -2.061312788960e+01 -1.762256820288e+01 -1.545467729953e+01 -1.102963288589e+01 -1.028483477082e+01 -7.554299742881e+00 -6.978431192320e+00 -6.658393360689e+00 -5.549073051120e+00 -4.656133732004e+00 -2.824745708526e+00 -1.474219867595e+00 6.148911260002e-01 1.732872044565e+00 1.910810847633e+00 2.710659096953e+00 4.191028851825e+00 4.406522295943e+00 6.310296869355e+00 6.840199588559e+00 7.003524669340e+00 8.765358811181e+00 9.287808347953e+00 1.099265086983e+01 1.130652523766e+01 1.549291486074e+01 1.791680003158e+01 2.020264338153e+01
1.814691705672e+00 -2.300374718513e+01 -2.200673612643e+01 -2.060480922732e+01 -1.763251052183e+01 -1.545450247668e+01 -1.101614345987e+01 -1.026450250223e+01 -7.516344346092e+00 -6.967078623326e+00 -6.659682644475e+00 -5.531542322677e+00 -4.646034458254e+00 -2.828534328958e+00 -1.508967571722e+00 6.186883234307e-01 1.730991822479e+00 1.899124143181e+00 2.705826797645e+00 4.147109565045e+00 4.415911593624e+00 6.325757896018e+00 6.831159196877e+00 6.985712282825e+00 8.758570870568e+00 9.259036644225e+00 1.096836732482e+01 1.128675085100e+01 1.551056732387e+01 1.791635603609e+01 2.020502241871e+01
1.826906400268e+00 -2.300192956052e+01 -2.200976174345e+01 -2.059645761643e+01 -1.764251034168e+01 -1.545425293267e+01 -1.100266932662e+01 -1.024365927013e+01 -7.477715954473e+00 -6.956192040836e+00 -6.660799239609e+00 -5.513716415417e+00 -4.634836622829e+00 -2.832350393441e+00 -1.544779360394e+00 6.221744793402e-01 1.727938887578e+00 1.887596938363e+00 2.700619072053e+00 4.103028834708e+00 4.425569913314e+00 6.341109991765e+00 6.821670333095e+00 6.967726237582e+00 8.750923904878e+00 9.229805689623e+00 1.094490283033e+01 1.126667365651e+01 1.552807781589e+01 1.791592150855e+01 2.020740705155e+01
1.839121094865e+00 -2.300012258042e+01 -2.201274653682e+01 -2.058808507838e+01 -1.765254895299e+01 -1.545393479582e+01 -1.098923079551e+01 -1.022231916705e+01 -7.438488644268e+00 -6.945776491963e+00 -6.661695747038e+00 -5.495668074822e+00 -4.622489042884e+00 -2.836195451242e+00 -1.581638658662e+00 6.253565664935e-01 1.723601525452e+00 1.876234899407e+00 2.695014110141e+00 4.058939203706e+00 4.435483349595e+00 6.356300827626e+00 6.811705821937e+00 6.949622607702e+00 8.742271780611e+00 9.200313493906e+00 1.092229373322e+01 1.124631700785e+01 1.554542324809e+01 1.791549653058e+01 2.020979396834e+01
1.851335789462e+00 -2.299832786868e+01 -2.201568827693e+01 -2.057970362225e+01 -1.766260795893e+01 -1.545355403038e+01 -1.097584776328e+01 -1.020049771040e+01 -7.398751211417e+00 -6.935834319546e+00 -6.662312107109e+00 -5.477474655649e+00 -4.608940972988e+00 -2.840071435719e+00 -1.619526192979e+00 6.282413952029e-01 1.717855158630e+00 1.865043172274e+00 2.688992246021e+00 4.015005495713e+00 4.445637850788e+00 6.371267464809e+00 6.801236502554e+00 6.931468430723e+00 8.732440578970e+00 9.170797486583e+00 1.090056754229e+01 1.122570518597e+01 1.556258180731e+01 1.791508117308e+01 2.021217986177e+01
1.863550484059e+00 -2.299654705228e+01 -2.201858483564e+01 -2.057132523295e+01 -1.767266930210e+01 -1.545311642394e+01 -1.096253968607e+01 -1.017821193524e+01 -7.358611113059e+00 -6.926365278814e+00 -6.662571836211e+00 -5.459216959193e+00 -4.594143254224e+00 -2.843980688492e+00 -1.658418973664e+00 6.308356559404e-01 1.710561395133e+00 1.854026405273e+00 2.682537199477e+00 3.971404036627e+00 4.456019224503e+00 6.385933472912e+00 6.790231253511e+00 6.913344582976e+00 8.721228266207e+00 9.141534752669e+00 1.087974323562e+01 1.120486341992e+01 1.557953290198e+01 1.791467549677e+01 2.021456143369e+01
1.875765178656e+00 -2.299478176013e+01 -2.202143418184e+01 -2.056296185927e+01 -1.768271528829e+01 -1.545262757712e+01 -1.094932555407e+01 -1.015548049103e+01 -7.318199635182e+00 -6.917366687593e+00 -6.662377051451e+00 -5.440977854132e+00 -4.578049648868e+00 -2.847925984833e+00 -1.698289185280e+00 6.331459579235e-01 1.701567212090e+00 1.843188775449e+00 2.675637554643e+00 3.928321297181e+00 4.466613139343e+00 6.400205213240e+00 6.778657058767e+00 6.895349494255e+00 8.708408371250e+00 9.112838086429e+00 1.085983171807e+01 1.118381790673e+01 1.559625710799e+01 1.791427955281e+01 2.021693539989e+01
1.887979873253e+00 -2.299303362186e+01 -2.202423437689e+01 -2.055462540173e+01 -1.769272860722e+01 -1.545209289542e+01 -1.093622386888e+01 -1.013232374190e+01 -7.277678636062e+00 -6.908833604014e+00 -6.661601934256e+00 -5.422840718478e+00 -4.560618329060e+00 -2.851910560271e+00 -1.739102994128e+00 6.351788643336e-01 1.690704350747e+00 1.832534018923e+00 2.668288446979e+00 3.885951857514e+00 4.477405122298e+00 6.413967106970e+00 6.766479125420e+00 6.877603882660e+00 8.693740016078e+00 9.085045530963e+00 1.084083640489e+01 1.116259583014e+01 1.561273611491e+01 1.791389338330e+01 2.021929849468e+01
1.900194567850e+00 -2.299130426646e+01 -2.202698357018e+01 -2.054632770026e+01 -1.770269235052e+01 -1.545151758307e+01 -1.092325262351e+01 -1.010876387062e+01 -7.237249221022e+00 -6.900759025268e+00 -6.660084277783e+00 -5.404887759900e+00 -4.541813468467e+00 -2.855938138317e+00 -1.780819288739e+00 6.369409247921e-01 1.677789004829e+00 1.822065465384e+00 2.660493389892e+00 3.844495619827e+00 4.488380551281e+00 6.427075772068e+00 6.753661065750e+00 6.860256626384e+00 8.676986325328e+00 9.058501393046e+00 1.082275390348e+01 1.114122537757e+01 1.562895267296e+01 1.791351702190e+01 2.022164747550e+01
1.912409262446e+00 -2.298959532091e+01 -2.202967999476e+01 -2.053808052164e+01 -1.771259002716e+01 -1.545090663873e+01 -1.091042928498e+01 -1.008482498585e+01 -7.197162560992e+00 -6.893134100909e+00 -6.657614905845e+00 -5.387198289943e+00 -4.521606867625e+00 -2.860012959160e+00 -1.823388377276e+00 6.384387057063e-01 1.662621877725e+00 1.811786076887e+00 2.652266122292e+00 3.804154241700e+00 4.499524642205e+00 6.439353132658e+00 6.740165157831e+00 6.843491669423e+00 8.657941394398e+00 9.033528570174e+00 1.080557476303e+01 1.111973575510e+01 1.564489054116e+01 1.791315049435e+01 2.022397912729e+01
1.924623957043e+00 -2.298790840865e+01 -2.203232196305e+01 -2.052989554678e+01 -1.772240557650e+01 -1.545026485280e+01 -1.089777077961e+01 -1.006053323233e+01 -7.157732567002e+00 -6.885948354477e+00 -6.653925251129e+00 -5.369847041452e+00 -4.499979529529e+00 -2.864139809101e+00 -1.866750674852e+00 6.396788190965e-01 1.644988657491e+00 1.801698491169e+00 2.643632303236e+00 3.765126832453e+00 4.510822429922e+00 6.450579141168e+00 6.725952700569e+00 6.827535321596e+00 8.636462349486e+00 9.010395670841e+00 1.078928426208e+01 1.109815719989e+01 1.566053443674e+01 1.791279381907e+01 2.022629026693e+01
1.936838651640e+00 -2.298624514807e+01 -2.203490786274e+01 -2.052178435781e+01 -1.773212337912e+01 -1.544959680623e+01 -1.088529348075e+01 -1.003591690369e+01 -7.119348896071e+00 -6.879189907707e+00 -6.648674616798e+00 -5.352902624721e+00 -4.476923095227e+00 -2.868324050357e+00 -1.910835423386e+00 6.406679505276e-01 1.624660903449e+00 1.791805069613e+00 2.634630829744e+00 3.727605045434e+00 4.522258742307e+00 6.460485846801e+00 6.710984480233e+00 6.812662220110e+00 8.612498846176e+00 8.989286592627e+00 1.077386320605e+01 1.107652098941e+01 1.567586998625e+01 1.791244700771e+01 2.022857774743e+01
1.949053346237e+00 -2.298460715076e+01 -2.203743615286e+01 -2.051375842491e+01 -1.774172826571e+01 -1.544890687066e+01 -1.087301319901e+01 -1.001100655707e+01 -7.082486257416e+00 -6.872845702232e+00 -6.641441151545e+00 -5.336426214146e+00 -4.452441052138e+00 -2.872571650715e+00 -1.955559495959e+00 6.414128867887e-01 1.601397245906e+00 1.782107949975e+00 2.625314523745e+00 3.691767801353e+00 4.533818166718e+00 6.468756405482e+00 6.695221366119e+00 6.799196358250e+00 8.586110569103e+00 8.970282002515e+00 1.075928871004e+01 1.105485944697e+01 1.569088367834e+01 1.791211006566e+01 2.023083846208e+01
1.961268040834e+00 -2.298299601987e+01 -2.203990535997e+01 -2.050582909309e+01 -1.775120552407e+01 -1.544819920971e+01 -1.086094517489e+01 -9.985835128850e+00 -7.047701906145e+00 -6.866901714532e+00 -6.631724649326e+00 -5.320470542761e+00 -4.426549641291e+00 -2.876889212324e+00 -2.000826345698e+00 6.419205439862e-01 1.574944666125e+00 1.772609103954e+00 2.615749941525e+00 3.657775975221e+00 4.545485008039e+00 6.475035021068e+00 6.678625052659e+00 6.787501192156e+00 8.557466413906e+00 8.953359041012e+00 1.074553494687e+01 1.103320594284e+01 1.570556281834e+01 1.791178299263e+01 2.023306934851e+01
1.973482735431e+00 -2.298141334820e+01 -2.204231407464e+01 -2.049800756870e+01 -1.776054090460e+01 -1.544747778130e+01 -1.084910407366e+01 -9.960438050414e+00 -7.015608761084e+00 -6.861343160652e+00 -6.618973734610e+00 -5.305079258080e+00 -4.399278412725e+00 -2.881283998629e+00 -2.046525164826e+00 6.421979967406e-01 1.545039447327e+00 1.763310399587e+00 2.606016118523e+00 3.625767450189e+00 4.557243237525e+00 6.478955161876e+00 6.661158963562e+00 6.777951482382e+00 8.526826033718e+00 8.938408567197e+00 1.073257384457e+01 1.101159489020e+01 1.571989548485e+01 1.791146578315e+01 2.023526739259e+01
1.985697430028e+00 -2.297986071630e+01 -2.204466094811e+01 -2.049030490591e+01 -1.776972062415e+01 -1.544674634083e+01 -1.083750398243e+01 -9.934853362651e+00 -6.986811660762e+00 -6.856154688108e+00 -6.602649915534e+00 -5.290286662256e+00 -4.370670407742e+00 -2.885763958131e+00 -2.092530321491e+00 6.422525091915e-01 1.511407175080e+00 1.754213668370e+00 2.596202178497e+00 3.595852963101e+00 4.569076431671e+00 6.480190108142e+00 6.642789330200e+00 6.770882815249e+00 8.494510837056e+00 8.925262855408e+00 1.072037572277e+01 1.099006173514e+01 1.573387048819e+01 1.791115842708e+01 2.023742963224e+01
1.997912124624e+00 -2.297833969050e+01 -2.204694468915e+01 -2.048273199300e+01 -1.777873136872e+01 -1.544600844514e+01 -1.082615840923e+01 -9.909121827584e+00 -6.961807282954e+00 -6.851320553127e+00 -6.582327974675e+00 -5.276117827249e+00 -4.340781978200e+00 -2.890337743216e+00 -2.138701139438e+00 6.420915685210e-01 1.473760924440e+00 1.745320776888e+00 2.586403896891e+00 3.568113122935e+00 4.580967700433e+00 6.478518457137e+00 6.623486450923e+00 6.766526177863e+00 8.460873486242e+00 8.913724692515e+00 1.070890986131e+01 1.096864293979e+01 1.574747733079e+01 1.791086091013e+01 2.023955316111e+01
2.010126819221e+00 -2.297685182080e+01 -2.204916406120e+01 -2.047529953862e+01 -1.778756029492e+01 -1.544526745703e+01 -1.081508028409e+01 -9.883287035168e+00 -6.940876314212e+00 -6.846824782133e+00 -6.557804104368e+00 -5.262589046087e+00 -4.309682281888e+00 -2.895014721736e+00 -2.184882077968e+00 6.417229216886e-01 1.431796498460e+00 1.736633702589e+00 2.576719483370e+00 3.542596872844e+00 4.592899604197e+00 6.473881307005e+00 6.603226130144e+00 6.764950866107e+00 8.426272513976e+00 8.903591259517e+00 1.069814499847e+01 1.094737595779e+01 1.576070616964e+01 1.791057321429e+01 2.024163513220e+01
2.022341513818e+00 -2.297539863871e+01 -2.205131787972e+01 -2.046801805803e+01 -1.779619503041e+01 -1.544452655037e+01 -1.080428196177e+01 -9.857395502898e+00 -6.924019423772e+00 -6.842651316972e+00 -6.529160223671e+00 -5.249708558608e+00 -4.277452515236e+00 -2.899804978344e+00 -2.230903357186e+00 6.411546160233e-01 1.385183242286e+00 1.728154613155e+00 2.567244995245e+00 3.519321504900e+00 4.604854059128e+00 6.466402417367e+00 6.581991285722e+00 6.766044427826e+00 8.391054665183e+00 8.894670197889e+00 1.068804975929e+01 1.092629920093e+01 1.577354778053e+01 1.791029531837e+01 2.024367276125e+01
2.034556208415e+00 -2.297398165503e+01 -2.205340500978e+01 -2.046089785921e+01 -1.780462367349e+01 -1.544378871557e+01 -1.079377522629e+01 -9.831496765405e+00 -6.910974129716e+00 -6.838784143911e+00 -6.496747378114e+00 -5.237477476484e+00 -4.244184957808e+00 -2.904719301647e+00 -2.276582057231e+00 6.403950442330e-01 1.333548442478e+00 1.719885948717e+00 2.558069871062e+00 3.498274154733e+00 4.616812230736e+00 6.456359777296e+00 6.559773700573e+00 6.769541210476e+00 8.355544484931e+00 8.886788356326e+00 1.067859301649e+01 1.090545199613e+01 1.578599352431e+01 1.791002719835e+01 2.024566333013e+01
2.046770903012e+00 -2.297260235755e+01 -2.205542436391e+01 -2.045394902913e+01 -1.781283479191e+01 -1.544305676534e+01 -1.078357129677e+01 -9.805643450718e+00 -6.901300365809e+00 -6.835207406837e+00 -6.461100400229e+00 -5.225890828590e+00 -4.209981906831e+00 -2.909769152169e+00 -2.321723701743e+00 6.394529942514e-01 1.276452390548e+00 1.711830505900e+00 2.549273057935e+00 3.479414538173e+00 4.628754415869e+00 6.444124843863e+00 6.536575880198e+00 6.775083249654e+00 8.320039282796e+00 8.879795115049e+00 1.066974418881e+01 1.088487453166e+01 1.579803531488e+01 1.790976882792e+01 2.024760419001e+01
2.058985597609e+00 -2.297126220870e+01 -2.205737490013e+01 -2.044718142000e+01 -1.782081742100e+01 -1.544233334080e+01 -1.077368083481e+01 -9.779891339320e+00 -6.894485935154e+00 -6.831905505419e+00 -6.422832628075e+00 -5.214938652472e+00 -4.174954575616e+00 -2.914966604605e+00 -2.366124317561e+00 6.383377041379e-01 1.213349331625e+00 1.703991522424e+00 2.540920100953e+00 3.462678575497e+00 4.640659913799e+00 6.430098788092e+00 6.512412962809e+00 6.782284160733e+00 8.284807478493e+00 8.873562322374e+00 1.066147348202e+01 1.086460779151e+01 1.580966558909e+01 1.790952017878e+01 2.024949276449e+01
2.071200292206e+00 -2.296996264311e+01 -2.205925562030e+01 -2.044060463560e+01 -1.782856106130e+01 -1.544162091759e+01 -1.076411395288e+01 -9.754299401523e+00 -6.890029018435e+00 -6.828863179195e+00 -6.382553494205e+00 -5.204607068646e+00 -4.139222019534e+00 -2.920324256111e+00 -2.409572946876e+00 6.370589219599e-01 1.143525624975e+00 1.696372760652e+00 2.533061397881e+00 3.447982498413e+00 4.652506887636e+00 6.414666367995e+00 6.487314614405e+00 6.790775412464e+00 8.250088783248e+00 8.867982440269e+00 1.065375207895e+01 1.084469347699e+01 1.582087727832e+01 1.790928122114e+01 2.025132655256e+01
2.083414986802e+00 -2.296870506521e+01 -2.206106556858e+01 -2.043422801775e+01 -1.783605567571e+01 -1.544092181219e+01 -1.075488022384e+01 -9.728929808091e+00 -6.887483499332e+00 -6.826065578720e+00 -6.340823199505e+00 -5.194879288877e+00 -4.102910140188e+00 -2.925855090018e+00 -2.451854576992e+00 6.356269702095e-01 1.065997900621e+00 1.688978588147e+00 2.525731641353e+00 3.435227050102e+00 4.664272218033e+00 6.398172053667e+00 6.461326829084e+00 6.800230355339e+00 8.216095223865e+00 8.862965952473e+00 1.064655228476e+01 1.082517391445e+01 1.583166378173e+01 1.790905192399e+01 2.025310313142e+01
2.095629681399e+00 -2.296749084667e+01 -2.206280383019e+01 -2.042806063301e+01 -1.784329168625e+01 -1.544023818817e+01 -1.074598869137e+01 -9.703847908389e+00 -6.886474015339e+00 -6.823498324961e+00 -6.298137537887e+00 -5.185736524931e+00 -4.066150805074e+00 -2.931572281553e+00 -2.492753447520e+00 6.340528138248e-01 9.793339111725e-01 1.681814052943e+00 2.518950315794e+00 3.424301454512e+00 4.675931352066e+00 6.380913115919e+00 6.434513546798e+00 6.810371290129e+00 8.183012465164e+00 8.858438645429e+00 1.063984763381e+01 1.080609194839e+01 1.584201894117e+01 1.790883225554e+01 2.025482015925e+01
2.107844375996e+00 -2.296632132393e+01 -2.206446953035e+01 -2.042211125947e+01 -1.785025997058e+01 -1.543957206253e+01 -1.073744788104e+01 -9.679122169783e+00 -6.886693477242e+00 -6.821147558185e+00 -6.254930100670e+00 -5.177158778643e+00 -4.029081108675e+00 -2.937488928480e+00 -2.532056695478e+00 6.323481302898e-01 8.813062820406e-01 1.674884950888e+00 2.512723014303e+00 3.415086925339e+00 4.687458151181e+00 6.363142302177e+00 6.406957998102e+00 6.820966948740e+00 8.151001186920e+00 8.854339071727e+00 1.063361296386e+01 1.078749081899e+01 1.585193701766e+01 1.790862218350e+01 2.025647537780e+01
2.120059070593e+00 -2.296519779567e+01 -2.206606183341e+01 -2.041638837390e+01 -1.785695185827e+01 -1.543892531183e+01 -1.072926581210e+01 -9.654824071439e+00 -6.887893142240e+00 -6.818999977543e+00 -6.211581747122e+00 -5.169125506159e+00 -3.991842792887e+00 -2.943617685132e+00 -2.569558303869e+00 6.305253795846e-01 7.681291609682e-01 1.668197882047e+00 2.507043299123e+00 3.407459585552e+00 4.698824743395e+00 6.345074512986e+00 6.378763689028e+00 6.831825968670e+00 8.120198445963e+00 8.850616324727e+00 1.062782446329e+01 1.076941402362e+01 1.586141266929e+01 1.790842167543e+01 2.025806661487e+01
2.132273765190e+00 -2.296412152023e+01 -2.206757994213e+01 -2.041090013909e+01 -1.786335912690e+01 -1.543829967831e+01 -1.072145000959e+01 -9.631027945311e+00 -6.889871031559e+00 -6.817042872531e+00 -6.168431523122e+00 -5.161616158477e+00 -3.954581840862e+00 -2.949970272686e+00 -2.605063326458e+00 6.285978709437e-01 6.324102455681e-01 1.661760292924e+00 2.501894839197e+00 3.401292758304e+00 4.710001386302e+00 6.326894277594e+00 6.350054949195e+00 6.842789555866e+00 8.090719040155e+00 8.847228154081e+00 1.062245969608e+01 1.075190516174e+01 1.587044093067e+01 1.790823069903e+01 2.025959178667e+01
2.144488459787e+00 -2.296309371310e+01 -2.206902309719e+01 -2.040565439158e+01 -1.786947399811e+01 -1.543769677581e+01 -1.071400751689e+01 -9.607810756838e+00 -6.892461321063e+00 -6.815264147433e+00 -6.125786376655e+00 -5.154610606807e+00 -3.917448258928e+00 -2.956556831711e+00 -2.638392366720e+00 4.553857845172e-01 6.265798225027e-01 1.655580500992e+00 2.497253602263e+00 3.396458660266e+00 4.720956349010e+00 6.308762554034e+00 6.320976981689e+00 6.853724802319e+00 8.062656921215e+00 8.844139403387e+00 1.061749760898e+01 1.073500776320e+01 1.587901719366e+01 1.790804922241e+01 2.026104890009e+01
2.156703154384e+00 -2.296211554443e+01 -2.207039057680e+01 -2.040065862970e+01 -1.787528913358e+01 -1.543711809550e+01 -1.070694490835e+01 -9.585251817947e+00 -6.895525575639e+00 -6.813652339770e+00 -6.083928784709e+00 -5.148089465138e+00 -3.880596066275e+00 -2.963385074697e+00 -2.669386288129e+00 1.152256907764e-01 6.244864089902e-01 1.649667697958e+00 2.493089938210e+00 3.392829576238e+00 4.731655822731e+00 6.290822352008e+00 6.291695372417e+00 6.864519150285e+00 8.036086701604e+00 8.841320731160e+00 1.061291852477e+01 1.071876509993e+01 1.588713718946e+01 1.790787721437e+01 2.026243605480e+01
2.168917848980e+00 -2.296118813650e+01 -2.207168169648e+01 -2.039592000205e+01 -1.788079763098e+01 -1.543656501144e+01 -1.070026830206e+01 -9.563432425314e+00 -6.898945889092e+00 -6.812196633690e+00 -6.043122227766e+00 -5.142034324288e+00 -3.844183521062e+00 -2.970459186590e+00 -2.697911121102e+00 -4.258502583299e-01 6.223337917396e-01 1.644031928277e+00 2.489370450300e+00 3.390278621314e+00 4.742063871388e+00 6.262395037508e+00 6.273203136500e+00 6.875076033827e+00 8.011065282992e+00 8.838747571315e+00 1.060870412471e+01 1.070321998166e+01 1.589479697201e+01 1.790771464464e+01 2.026375144524e+01
2.181132543577e+00 -2.296031256130e+01 -2.207289580896e+01 -2.039144529635e+01 -1.788599302008e+01 -1.543603878585e+01 -1.069398337251e+01 -9.542435417682e+00 -6.902619689832e+00 -6.810886869165e+00 -6.003614766829e+00 -5.136427912062e+00 -3.808373623940e+00 -2.977778410406e+00 -2.723863104439e+00 -6.127184545220e-01 6.201391245326e-01 1.638684039652e+00 2.486059602085e+00 3.388680208105e+00 4.752142435011e+00 6.233278607446e+00 6.256024147726e+00 6.885311549291e+00 7.987633610618e+00 8.836399291428e+00 1.060483742312e+01 1.068841453655e+01 1.590199290249e+01 1.790756148409e+01 2.026499336257e+01
2.193347238174e+00 -2.295948983815e+01 -2.207403230414e+01 -2.038724092884e+01 -1.789086925877e+01 -1.543554057419e+01 -1.068809536310e+01 -9.522344647405e+00 -6.906455904640e+00 -6.809713547731e+00 -5.965641067486e+00 -5.131254193494e+00 -3.773334954188e+00 -2.985335243915e+00 -2.747173751565e+00 -7.535145941450e-01 6.179205282663e-01 1.633635602829e+00 2.483121046568e+00 3.387910336231e+00 4.761851399872e+00 6.204564264369e+00 6.239396816398e+00 6.895151961904e+00 7.965818535828e+00 8.834258512118e+00 1.060130273639e+01 1.067438997802e+01 1.590872163512e+01 1.790741770497e+01 2.026616019638e+01
2.205561932771e+00 -2.295872093137e+01 -2.207509060928e+01 -2.038331293410e+01 -1.789542072936e+01 -1.543507142991e+01 -1.068260909839e+01 -9.503244363350e+00 -6.910372196283e+00 -6.808667835452e+00 -5.929423216436e+00 -5.126498423900e+00 -3.739242907167e+00 -2.993113164374e+00 -2.767814760690e+00 -8.701462951239e-01 6.156970272817e-01 1.628898798731e+00 2.480518690150e+00 3.387846813407e+00 4.771148749767e+00 6.176483063237e+00 6.223426441562e+00 6.904531866939e+00 7.945634751869e+00 8.832310556663e+00 1.059808564831e+01 1.066118635978e+01 1.591498010396e+01 1.790728328110e+01 2.026725043635e+01
2.217776627368e+00 -2.295800674805e+01 -2.207607018905e+01 -2.037966695544e+01 -1.789964223493e+01 -1.543463230896e+01 -1.067752899593e+01 -9.485218504967e+00 -6.914293040784e+00 -6.807741563700e+00 -5.895170650620e+00 -5.122147165901e+00 -3.706281409375e+00 -3.001083796323e+00 -2.785802491152e+00 -9.706341515126e-01 6.134884405682e-01 1.624486272091e+00 2.478217519027e+00 3.388369504857e+00 4.779990812542e+00 6.149275778387e+00 6.208213269400e+00 6.913392853137e+00 7.927086757477e+00 8.830543005487e+00 1.059517297340e+01 1.064884232128e+01 1.592076551085e+01 1.790715818802e+01 2.026826267383e+01
2.229991321965e+00 -2.295734813590e+01 -2.207697054589e+01 -2.037630823586e+01 -1.790352899585e+01 -1.543422407401e+01 -1.067285907771e+01 -9.468349910681e+00 -6.918148460162e+00 -6.806927228253e+00 -5.863079490483e+00 -5.118188279927e+00 -3.674645179139e+00 -3.009203452100e+00 -2.801201606245e+00 -1.058849653389e+00 6.113152220791e-01 1.620410952066e+00 2.476184222670e+00 3.389360692053e+00 4.788332614362e+00 6.123189325349e+00 6.193853081846e+00 6.921682547258e+00 7.910170799003e+00 8.828945335033e+00 1.059255271948e+01 1.063739482646e+01 1.592607531437e+01 1.790704240320e+01 2.026919560322e+01
2.242206016561e+00 -2.295674588125e+01 -2.207779122022e+01 -2.037324160955e+01 -1.790707664658e+01 -1.543384749830e+01 -1.066860298100e+01 -9.452719447746e+00 -6.921873267571e+00 -6.806217987163e+00 -5.833331541292e+00 -5.114610896127e+00 -3.644542559145e+00 -3.017409023636e+00 -2.814127341686e+00 -1.136901417231e+00 6.091982461911e-01 1.616685841941e+00 2.474387650402e+00 3.390705603693e+00 4.796128351149e+00 6.098472815185e+00 6.180437379812e+00 6.929353945810e+00 7.894876743846e+00 8.827508624584e+00 1.059021405063e+01 1.062687889919e+01 1.593090721980e+01 1.790693590616e+01 2.027004802330e+01
2.254420711158e+00 -2.295620070708e+01 -2.207853179078e+01 -2.037047149409e+01 -1.791028123257e+01 -1.543350326929e+01 -1.066476396856e+01 -9.438405075254e+00 -6.925406712509e+00 -6.805607657764e+00 -5.806093196922e+00 -5.111405374132e+00 -3.616198841237e+00 -3.025613317113e+00 -2.824745713700e+00 -1.205991756073e+00 6.071585369449e-01 1.613323781805e+00 2.472799135083e+00 3.392293161512e+00 4.803331981712e+00 6.075373306890e+00 6.168053228903e+00 6.936364961776e+00 7.881189844324e+00 8.826225317982e+00 1.058814725125e+01 1.061732735908e+01 1.593525916998e+01 1.790683867861e+01 2.027081883841e+01
2.266635405755e+00 -2.295571327126e+01 -2.207919187500e+01 -2.036800188317e+01 -1.791313920745e+01 -1.543319199187e+01 -1.066134493827e+01 -9.425480856830e+00 -6.928692435360e+00 -6.805090713146e+00 -5.781514444176e+00 -5.108563255876e+00 -3.589859787965e+00 -3.033700145400e+00 -2.833270861880e+00 -1.266796496635e+00 6.052169430983e-01 1.610337189935e+00 2.471392714160e+00 3.394016960974e+00 4.809897940365e+00 6.054131334066e+00 6.156782825513e+00 6.942678131002e+00 7.869092360038e+00 8.825089029846e+00 1.058634369202e+01 1.060877056179e+01 1.593912933721e+01 1.790675070458e+01 2.027150705957e+01
2.278850100352e+00 -2.295528416492e+01 -2.207977112932e+01 -2.036583634014e+01 -1.791564743048e+01 -1.543291419136e+01 -1.065834843185e+01 -9.414015944448e+00 -6.931678655090e+00 -6.804662278367e+00 -5.759728119188e+00 -5.106077215531e+00 -3.565794669291e+00 -3.041519886075e+00 -2.839958681956e+00 -1.319660560749e+00 6.033937650414e-01 1.607737790463e+00 2.470145273873e+00 3.395776482358e+00 4.815781958252e+00 6.034976295850e+00 6.146702836997e+00 6.948260435575e+00 7.858565016625e+00 8.824094388096e+00 1.058479579823e+01 1.060123614835e+01 1.594251611594e+01 1.790667197052e+01 2.027211180538e+01
2.291064794949e+00 -2.295491391095e+01 -2.208026924954e+01 -2.036397799205e+01 -1.791780316424e+01 -1.543267031611e+01 -1.065577664296e+01 -9.404073559353e+00 -6.934318523418e+00 -6.804318126636e+00 -5.740849510234e+00 -5.103941009769e+00 -3.544297528648e+00 -3.048886823148e+00 -2.845096019206e+00 -1.364712564216e+00 6.017083440067e-01 1.605536336490e+00 2.469036637976e+00 3.397478501969e+00 4.820941972682e+00 6.018121818628e+00 6.137883570012e+00 6.953083211097e+00 7.849588288259e+00 8.823236906277e+00 1.058349702085e+01 1.059474880795e+01 1.594541811641e+01 1.790660246540e+01 2.027263230298e+01
2.303279489546e+00 -2.295460296263e+01 -2.208068597118e+01 -2.036242952457e+01 -1.791960407256e+01 -1.543246073980e+01 -1.065363142429e+01 -9.395709999859e+00 -6.936570585260e+00 -6.804054675634e+00 -5.724976336799e+00 -5.102149430774e+00 -3.525684606624e+00 -3.055580381216e+00 -2.848985055531e+00 -1.401940975264e+00 6.001786283459e-01 1.603742339097e+00 2.468049618228e+00 3.399038647673e+00 4.825339093341e+00 6.003761212930e+00 6.130388024300e+00 6.957122111997e+00 7.842143499410e+00 8.822512880584e+00 1.058244181076e+01 1.058933005881e+01 1.594783415908e+01 1.790654218081e+01 2.027306788870e+01
2.315494184143e+00 -2.295435170253e+01 -2.208102106974e+01 -2.036119317748e+01 -1.792104821877e+01 -1.543228576340e+01 -1.065191429385e+01 -9.388973708313e+00 -6.938399290077e+00 -6.803868984166e+00 -5.712189069491e+00 -5.100698263863e+00 -3.510285150440e+00 -3.061353063861e+00 -2.851923203021e+00 -1.431250972001e+00 5.988207354653e-01 1.602363813391e+00 2.467170040366e+00 3.400383019862e+00 4.828938584265e+00 5.992063166215e+00 6.124270893557e+00 6.960357114577e+00 7.836213747620e+00 8.821919307563e+00 1.058162559620e+01 1.058499805172e+01 1.594976326997e+01 1.790649111097e+01 2.027341800877e+01
2.327708878739e+00 -2.295416044147e+01 -2.208127436101e+01 -2.036027074102e+01 -1.792213406424e+01 -1.543214561682e+01 -1.065062644031e+01 -9.383904430476e+00 -6.939775503406e+00 -6.803758749221e+00 -5.702551498114e+00 -5.099584251087e+00 -3.498422891504e+00 -3.065947854794e+00 -2.854179801134e+00 -1.452510501037e+00 5.976485307830e-01 1.601407052868e+00 2.466386756276e+00 3.401449781140e+00 4.831710812573e+00 5.983167823852e+00 6.119577578562e+00 6.962772541925e+00 7.831784653315e+00 8.821453819377e+00 1.058104476387e+01 1.058176740025e+01 1.595120467674e+01 1.790644925289e+01 2.027368221981e+01
2.339923573336e+00 -2.295402941776e+01 -2.208144570128e+01 -2.035966355289e+01 -1.792286046718e+01 -1.543204046020e+01 -1.064976872742e+01 -9.380532499476e+00 -6.940676973060e+00 -6.803722303580e+00 -5.696111414548e+00 -5.098805061825e+00 -3.490387296560e+00 -3.069126015402e+00 -2.855972034796e+00 -1.465588407128e+00 5.966732463178e-01 1.600876442725e+00 2.465691650585e+00 3.402190608193e+00 4.833632110342e+00 5.977183413678e+00 6.116343278649e+00 6.964357098368e+00 7.828844944900e+00 8.821114634243e+00 1.057964904153e+01 1.058069664353e+01 1.595215780559e+01 1.790641660632e+01 2.027386018928e+01
2.352138267933e+00 -2.295395879653e+01 -2.208153498754e+01 -2.035937249607e+01 -1.792322668174e+01 -1.543197038490e+01 -1.064934169734e+01 -9.378878273368e+00 -6.941088711062e+00 -6.803758614017e+00 -5.692901259953e+00 -5.098359271089e+00 -3.486397919650e+00 -3.070701986528e+00 -2.857443397276e+00 -1.470384298092e+00 5.959031608920e-01 1.600774321353e+00 2.465079647932e+00 3.402571899982e+00 4.834685496174e+00 5.974183561388e+00 6.114592224436e+00 6.965103904270e+00 7.827386887912e+00 8.820900520243e+00 1.057865013080e+01 1.058057949640e+01 1.595262227901e+01 1.790639317383e+01 2.027395169577e+01
2.364352962530e+00 -2.295394866940e+01 -2.208154215760e+01 -2.035939799732e+01 -1.792323235745e+01 -1.543193541411e+01 -1.064934557314e+01 -9.378951750112e+00 -6.941003260372e+00 -6.803867280157e+00 -5.692938595239e+00 -5.098246346039e+00 -3.486570596502e+00 -3.070576681490e+00 -2.858648275300e+00 -1.466848268303e+00 5.953433612885e-01 1.601100897241e+00 2.464548725471e+00 3.402575648605e+00 4.834861208468e+00 5.974205422926e+00 6.114337106503e+00 6.965010524635e+00 7.827406566045e+00 8.820810771228e+00 1.057877397200e+01 1.058069250730e+01 1.595259791420e+01 1.790637896085e+01 2.027395662922e+01
2.376567657127e+00 -2.295399905415e+01 -2.208146719014e+01 -2.035974002655e+01 -1.792287753893e+01 -1.543193550317e+01 -1.064978026015e+01 -9.380752376743e+00 -6.940420825045e+00 -6.804048534021e+00 -5.696226288487e+00 -5.098466640997e+00 -3.490897120693e+00 -3.068757551066e+00 -2.859545524379e+00 -1.454988499022e+00 5.949955991616e-01 1.601854225857e+00 2.464099933824e+00 3.402199902596e+00 4.834157013228e+00 5.977248726617e+00 6.115578741332e+00 6.964078987510e+00 7.828904019877e+00 8.820845193991e+00 1.058001998620e+01 1.058103578062e+01 1.595208472240e+01 1.790637397564e+01 2.027387499101e+01
2.388782351724e+00 -2.295410989476e+01 -2.208131010477e+01 -2.036039809685e+01 -1.792216266587e+01 -1.543197053952e+01 -1.065064534637e+01 -9.384269061213e+00 -6.939349253094e+00 -6.804303240270e+00 -5.702752367201e+00 -5.099021401129e+00 -3.499246676187e+00 -3.065357155978e+00 -2.860002286198e+00 -1.434865762349e+00 5.948582524541e-01 1.603030248093e+00 2.463737428492e+00 3.401458784614e+00 4.832578264509e+00 5.983275774414e+00 6.118305998223e+00 6.962315790561e+00 7.831883246421e+00 8.821004106272e+00 1.058161034007e+01 1.058238371857e+01 1.595108290886e+01 1.790637822933e+01 2.027370689394e+01
2.400997046321e+00 -2.295428106157e+01 -2.208107096199e+01 -2.036137126538e+01 -1.792108857344e+01 -1.543204034237e+01 -1.065194010183e+01 -9.389480386336e+00 -6.937803872627e+00 -6.804632897145e+00 -5.712489547538e+00 -5.099912774779e+00 -3.511388426260e+00 -3.060570846343e+00 -2.859807262735e+00 -1.406575337794e+00 5.949263931244e-01 1.604622888733e+00 2.463468512615e+00 3.400382062729e+00 4.830137713510e+00 5.992212402772e+00 6.122495990561e+00 6.959731896529e+00 7.836352059558e+00 8.821288345565e+00 1.058241813229e+01 1.058585688373e+01 1.594959287371e+01 1.790639173590e+01 2.027345256212e+01
2.413211740917e+00 -2.295451235162e+01 -2.208074986304e+01 -2.036265813496e+01 -1.791965649281e+01 -1.543214466199e+01 -1.065366347699e+01 -9.396355016332e+00 -6.935807193013e+00 -6.805039638070e+00 -5.725394515837e+00 -5.101143834318e+00 -3.527026201893e+00 -3.054642593769e+00 -2.858690905587e+00 -1.370217980728e+00 5.951919558925e-01 1.606624210368e+00 2.463303690867e+00 3.399014311832e+00 4.826855080779e+00 6.003949854683e+00 6.128114514042e+00 6.956342720607e+00 7.842321808380e+00 8.821699289063e+00 1.058346203419e+01 1.059042744829e+01 1.594761521350e+01 1.790641451214e+01 2.027311233075e+01
2.425426435514e+00 -2.295480348920e+01 -2.208034694983e+01 -2.036425685643e+01 -1.791786805216e+01 -1.543228317865e+01 -1.065581410003e+01 -9.404852278237e+00 -6.933388493354e+00 -6.805526233891e+00 -5.741407088554e+00 -5.102718605187e+00 -3.545833706753e+00 -3.047830538015e+00 -2.856349054925e+00 -1.325861652475e+00 5.956439962326e-01 1.609024615495e+00 2.463256733034e+00 3.397413734377e+00 4.822756422562e+00 6.018347470793e+00 6.135116695400e+00 6.952168115205e+00 7.849806947777e+00 8.822238885501e+00 1.058474586405e+01 1.059607974879e+01 1.594515072359e+01 1.790644657765e+01 2.027268664574e+01
2.437641130111e+00 -2.295515412666e+01 -2.207986240468e+01 -2.036616513179e+01 -1.791572527783e+01 -1.543245550132e+01 -1.065839027332e+01 -9.414922893665e+00 -6.930583329836e+00 -6.806096095667e+00 -5.760449406167e+00 -5.104642102612e+00 -3.567482103058e+00 -3.040380354609e+00 -2.852466614882e+00 -1.273494315357e+00 5.962690206455e-01 1.611813087406e+00 2.463344744394e+00 3.395650733714e+00 4.817873335139e+00 6.035236073655e+00 6.143447799841e+00 6.947232360100e+00 7.858824453629e+00 8.822909700079e+00 1.058627439620e+01 1.060279464213e+01 1.594220040131e+01 1.790648795477e+01 2.027217606333e+01
2.449855824708e+00 -2.295556384526e+01 -2.207929645012e+01 -2.036838021807e+01 -1.791323059590e+01 -1.543266116595e+01 -1.066138996874e+01 -9.426509831385e+00 -6.927433001272e+00 -6.806753277940e+00 -5.782425319218e+00 -5.106920375228e+00 -3.591657275384e+00 -3.032509110954e+00 -2.846738631335e+00 -1.212964902108e+00 5.970513687953e-01 1.614977459011e+00 2.463588238167e+00 3.393806346288e+00 4.812242048730e+00 6.054421897686e+00 6.153044134764e+00 6.941564168758e+00 7.869393074077e+00 8.823714974181e+00 1.058805337929e+01 1.061054968526e+01 1.593876544993e+01 1.790653866854e+01 2.027158124949e+01
2.462070519305e+00 -2.295603215633e+01 -2.207864934860e+01 -2.037089893189e+01 -1.791038683391e+01 -1.543289963343e+01 -1.066481082224e+01 -9.439549248341e+00 -6.923984018380e+00 -6.807502482363e+00 -5.807220099979e+00 -5.109560554515e+00 -3.618068020610e+00 -3.024398323444e+00 -2.838887217943e+00 -1.143903755673e+00 5.979736256098e-01 1.618504698043e+00 2.464011203035e+00 3.391970640467e+00 4.805902464837e+00 6.075690908845e+00 6.163833981950e+00 6.935196724707e+00 7.881532408918e+00 8.824658702167e+00 1.059008955787e+01 1.061931933998e+01 1.593484728341e+01 1.790659874663e+01 2.027090297926e+01
2.474285213902e+00 -2.295655850253e+01 -2.207792140220e+01 -2.037371765480e+01 -1.790719722296e+01 -1.543317028733e+01 -1.066865012732e+01 -9.453971485891e+00 -6.920287627331e+00 -6.808349061553e+00 -5.834700565211e+00 -5.112570908535e+00 -3.646447970288e+00 -3.016193368793e+00 -2.828673785896e+00 -1.065602687378e+00 5.990170418663e-01 1.622381197113e+00 2.464641155685e+00 3.390241180757e+00 4.798897188175e+00 6.098813360809e+00 6.175738489368e+00 6.928167765517e+00 7.895261811437e+00 8.825745728281e+00 1.059239069720e+01 1.062907519875e+01 1.593044753206e+01 1.790666821925e+01 2.027014213600e+01
2.486499908499e+00 -2.295714225929e+01 -2.207711295231e+01 -2.037683233926e+01 -1.790366540004e+01 -1.543347243116e+01 -1.067290482780e+01 -9.469702089224e+00 -6.916399442507e+00 -6.809299022986e+00 -5.864715631961e+00 -5.115960897933e+00 -3.676553962857e+00 -3.008006492709e+00 -2.815906770792e+00 -9.768101155673e-01 6.001619438324e-01 1.626593057855e+00 2.465509164447e+00 3.388721639025e+00 4.791270597677e+00 6.123548445839e+00 6.188672456021e+00 6.920519736301e+00 7.910599111299e+00 8.826981867562e+00 1.059496561091e+01 1.063978622686e+01 1.592556804898e+01 1.790674711906e+01 2.026929971049e+01
2.498714603095e+00 -2.295778273644e+01 -2.207622437932e+01 -2.038023851535e+01 -1.789979541062e+01 -1.543380528543e+01 -1.067757150966e+01 -9.486662820584e+00 -6.912379248297e+00 -6.810359032736e+00 -5.897097258877e+00 -5.119741231508e+00 -3.708162843602e+00 -2.999921401815e+00 -2.800445477186e+00 -8.753323651399e-01 6.013881157928e-01 1.631126359606e+00 2.466649825165e+00 3.387520611865e+00 4.783067991818e+00 6.149648914827e+00 6.202544947000e+00 6.912300040034e+00 7.927559163422e+00 8.828374055775e+00 1.059782419118e+01 1.065141901633e+01 1.592021091741e+01 1.790683548108e+01 2.026837679992e+01
2.510929297692e+00 -2.295847917988e+01 -2.207525610229e+01 -2.038393129810e+01 -1.789559171142e+01 -1.543416798435e+01 -1.068264639216e+01 -9.504772640886e+00 -6.908291036357e+00 -6.811536418791e+00 -5.931661659001e+00 -5.123923917807e+00 -3.741067896187e+00 -2.991998203715e+00 -2.782200833419e+00 -7.571299462934e-01 6.026751432504e-01 1.635967404796e+00 2.468101164205e+00 3.386750678107e+00 4.774334833206e+00 6.176865558937e+00 6.217259679458e+00 6.903561418778e+00 7.946152235885e+00 8.829930534772e+00 1.060097744114e+01 1.066393804712e+01 1.591437845897e+01 1.790693334255e+01 2.026737460682e+01
2.523143992289e+00 -2.295923077352e+01 -2.207420857868e+01 -2.038790539546e+01 -1.789105917351e+01 -1.543455957224e+01 -1.068812531825e+01 -9.523948638846e+00 -6.904203354959e+00 -6.812839173666e+00 -5.968210613073e+00 -5.128522308203e+00 -3.775075530973e+00 -2.984278044946e+00 -2.761133852035e+00 -6.137745196774e-01 6.040027087745e-01 1.641102935077e+00 2.469904436078e+00 3.386527704985e+00 4.765116107180e+00 6.204951462034e+00 6.232715121900e+00 6.894362508315e+00 7.966382259331e+00 8.831661081419e+00 1.060443750867e+01 1.067730595131e+01 1.590807324284e+01 1.790704074282e+01 2.026629443783e+01
2.535358686886e+00 -2.296003664123e+01 -2.207308230406e+01 -2.039215511691e+01 -1.788620308555e+01 -1.543497899962e+01 -1.069400374430e+01 -9.544106891724e+00 -6.900190062715e+00 -6.814275955942e+00 -6.006532667500e+00 -5.133551125693e+00 -3.810002492296e+00 -2.976787166605e+00 -2.737252500760e+00 -4.218292431096e-01 6.053508364591e-01 1.646520314190e+00 2.472103774564e+00 3.386970386936e+00 4.755455800065e+00 6.233665947138e+00 6.248804247815e+00 6.884768619163e+00 7.988244970079e+00 8.833577290466e+00 1.060821772112e+01 1.069148377617e+01 1.590129809591e+01 1.790715772315e+01 2.026513770235e+01
2.547573381483e+00 -2.296089584896e+01 -2.207187781193e+01 -2.039667438263e+01 -1.788102915717e+01 -1.543542511900e+01 -1.070027672928e+01 -9.565163246556e+00 -6.896331602834e+00 -6.815856090336e+00 -6.046403966888e+00 -5.139026472217e+00 -3.845673646862e+00 -2.969540304876e+00 -2.710607560011e+00 1.479546655395e-01 6.067000844464e-01 1.652207675471e+00 2.474745647102e+00 3.388199978185e+00 4.745396495262e+00 6.262778151115e+00 6.265413879634e+00 6.874852809451e+00 8.011725987845e+00 8.835692924533e+00 1.061233261994e+01 1.070643124271e+01 1.589405611390e+01 1.790728432661e+01 2.026390591112e+01
2.554988659558e+00 -2.296057765607e+01 -2.207217773263e+01 -2.039600439722e+01 -1.788281101764e+01 -1.543402139284e+01 -1.069859470651e+01 -9.560700695822e+00 -6.895492318582e+00 -6.819425504365e+00 -6.037943284931e+00 -5.133787652971e+00 -3.838237985111e+00 -2.971004547755e+00 -2.728056218766e+00 3.366836694718e-01 5.923510383440e-01 1.656550605842e+00 2.464613519676e+00 3.386665368391e+00 4.750726124985e+00 6.254333294621e+00 6.254924704968e+00 6.878660813025e+00 8.005065774252e+00 8.833831098366e+00 1.061363719937e+01 1.070472794763e+01 1.589550923725e+01 1.790697704935e+01 2.026432212364e+01
2.562403937632e+00 -2.296038137112e+01 -2.207231944890e+01 -2.039535600513e+01 -1.788472323401e+01 -1.543226630787e+01 -1.069697637335e+01 -9.556293716587e+00 -6.894767781393e+00 -6.824028747137e+00 -6.029501816639e+00 -5.127368126360e+00 -3.831846677044e+00 -2.972648562476e+00 -2.745958823620e+00 4.459119047056e-01 5.760126635584e-01 1.660689188114e+00 2.456032272749e+00 3.385609000351e+00 4.756121052135e+00 6.242794667670e+00 6.246850259630e+00 6.883404037940e+00 7.997965137819e+00 8.832852340699e+00 1.061471299634e+01 1.070306277323e+01 1.589694399259e+01 1.790671546323e+01 2.026469938511e+01
2.569819215707e+00 -2.296030749322e+01 -2.207230271310e+01 -2.039472868078e+01 -1.788676385700e+01 -1.543016240083e+01 -1.069542192398e+01 -9.551943574221e+00 -6.894151895584e+00 -6.829636393500e+00 -6.021100625408e+00 -5.119808909609e+00 -3.826504540914e+00 -2.974463840874e+00 -2.764247685293e+00 5.269339233281e-01 5.575658072720e-01 1.664602838583e+00 2.449143217993e+00 3.385007694842e+00 4.761564007963e+00 6.230862867664e+00 6.238555914922e+00 6.889040296036e+00 7.990451539012e+00 8.832735390186e+00 1.061555907540e+01 1.070143296523e+01 1.589836035658e+01 1.790650008414e+01 2.026503736912e+01
2.577234493782e+00 -2.296035619527e+01 -2.207212764935e+01 -2.039412189807e+01 -1.788893066821e+01 -1.542771271667e+01 -1.069393146781e+01 -9.547651484581e+00 -6.893638640641e+00 -6.836214530754e+00 -6.012760849750e+00 -5.111160524794e+00 -3.822210724673e+00 -2.976438248294e+00 -2.782857244694e+00 5.368474417912e-01 5.909502799655e-01 1.668283670296e+00 2.444066548633e+00 3.384841603155e+00 4.767037048091e+00 6.218598781567e+00 6.230043162966e+00 6.895528234232e+00 7.982554816752e+00 8.833456120384e+00 1.061617459181e+01 1.069983587115e+01 1.589975830777e+01 1.790633134434e+01 2.026533581241e+01
2.584649771857e+00 -2.296052732301e+01 -2.207179475426e+01 -2.039353513134e+01 -1.789122118848e+01 -1.542492080028e+01 -1.069250503141e+01 -9.543418613074e+00 -6.893222100041e+00 -6.843725407353e+00 -6.004503628860e+00 -5.101482540085e+00 -3.818958416463e+00 -2.978556080766e+00 -2.801723882497e+00 5.136367773726e-01 6.426668221268e-01 1.671735927109e+00 2.440896170305e+00 3.385094296546e+00 4.772521762096e+00 6.206058532543e+00 6.221313899200e+00 6.902827941469e+00 7.974306637217e+00 8.834988070600e+00 1.061655879147e+01 1.069826894714e+01 1.590113782654e+01 1.790620959178e+01 2.026559451527e+01
2.592065049932e+00 -2.296082039600e+01 -2.207130489557e+01 -2.039296785614e+01 -1.789363268720e+01 -1.542179068726e+01 -1.069114256053e+01 -9.539246073792e+00 -6.892896486128e+00 -6.852128112842e+00 -5.996350028330e+00 -5.090843148049e+00 -3.816734412255e+00 -2.980798203981e+00 -2.820785758814e+00 4.876333738096e-01 6.845872359486e-01 1.674975186546e+00 2.439695033267e+00 3.385752821439e+00 4.777999494940e+00 6.193292980627e+00 6.212370431902e+00 6.910901301537e+00 7.965739946250e+00 8.837302974390e+00 1.061671101095e+01 1.069672976415e+01 1.590249889513e+01 1.790613508945e+01 2.026581334177e+01
2.599480328007e+00 -2.296123461055e+01 -2.207065930891e+01 -2.039241955008e+01 -1.789616219243e+01 -1.541832689392e+01 -1.068984392217e+01 -9.535134928700e+00 -6.892656161217e+00 -6.861379263083e+00 -5.988320965682e+00 -5.079318806770e+00 -3.815518542671e+00 -2.983142274100e+00 -2.839982686476e+00 4.584209188005e-01 7.182397307690e-01 1.678027369222e+00 2.440491451369e+00 3.386807727840e+00 4.783451574582e+00 6.180347461523e+00 6.203215490064e+00 6.919712139471e+00 7.956888444882e+00 8.840371266401e+00 1.061663067776e+01 1.069521601333e+01 1.590384149751e+01 1.790610801493e+01 2.026599222005e+01
2.606895606081e+00 -2.296176884448e+01 -2.206985959249e+01 -2.039188969356e+01 -1.789880650171e+01 -1.541453440647e+01 -1.068860890661e+01 -9.531086186894e+00 -6.892495655186e+00 -6.871433667802e+00 -5.980437135456e+00 -5.066993966037e+00 -3.815282966424e+00 -2.985563036614e+00 -2.859256038960e+00 4.254035660487e-01 7.446528834945e-01 1.680927592883e+00 2.443276856958e+00 3.388253075726e+00 4.788859539915e+00 6.167261717702e+00 6.193852229467e+00 6.929226210124e+00 7.947786103320e+00 8.844162552353e+00 1.061631731085e+01 1.069372551071e+01 1.590516561944e+01 1.790612846003e+01 2.026613114240e+01
2.614310884156e+00 -2.296242166379e+01 -2.206890770006e+01 -2.039137777057e+01 -1.790156219355e+01 -1.541041866961e+01 -1.068743722949e+01 -9.527100803906e+00 -6.892409679800e+00 -6.882244961437e+00 -5.972718933548e+00 -5.053960895436e+00 -3.815991344202e+00 -2.988032695335e+00 -2.878548692104e+00 3.876848172363e-01 7.645748839069e-01 1.683718909563e+00 2.448005315770e+00 3.390086421557e+00 4.794205363144e+00 6.154069979018e+00 6.184284236827e+00 6.939411073851e+00 7.938466724361e+00 8.848646031371e+00 1.061577052113e+01 1.069225620116e+01 1.590647124835e+01 1.790619643064e+01 2.026623016528e+01
2.621726162231e+00 -2.296319133101e+01 -2.206780593195e+01 -2.039088326932e+01 -1.790442563949e+01 -1.540598557442e+01 -1.068632853389e+01 -9.523179681075e+00 -6.893766182739e+00 -6.892393140032e+00 -5.965186380610e+00 -5.040319624177e+00 -3.817597914111e+00 -2.990521339473e+00 -2.897804997513e+00 3.438102587160e-01 7.785856415798e-01 1.686450964744e+00 2.454594927483e+00 3.392308784510e+00 4.799471660976e+00 6.140801155545e+00 6.174515531878e+00 6.950235898030e+00 7.928963562846e+00 8.853790864180e+00 1.061499001239e+01 1.069080616168e+01 1.590775837332e+01 1.790631184664e+01 2.026628940930e+01
2.629141440306e+00 -2.296407581512e+01 -2.206655692456e+01 -2.039040568298e+01 -1.790739301658e+01 -1.540124144585e+01 -1.068528239237e+01 -9.519323664961e+00 -6.905950293094e+00 -6.892441142658e+00 -5.957859044339e+00 -5.026177993752e+00 -3.820046498139e+00 -2.992997412980e+00 -2.916970784679e+00 2.911235282858e-01 7.871574911868e-01 1.689178617423e+00 2.462931005057e+00 3.394924589616e+00 4.804641889476e+00 6.127479111559e+00 6.164550567330e+00 6.961671216145e+00 7.919309003996e+00 8.859566484441e+00 1.061397558227e+01 1.068937360391e+01 1.590902698505e+01 1.790647454197e+01 2.026630905904e+01
2.636556718381e+00 -2.296507280304e+01 -2.206516363824e+01 -2.038994451024e+01 -1.791046032032e+01 -1.539619302973e+01 -1.068429830902e+01 -9.515533546820e+00 -6.918750627779e+00 -6.892549002396e+00 -5.950755960584e+00 -5.011651813987e+00 -3.823269478473e+00 -2.995428207240e+00 -2.935993388347e+00 2.236388966068e-01 7.906886180009e-01 1.691960559253e+00 2.472870711017e+00 3.397941582678e+00 4.809700518128e+00 6.114122995650e+00 6.154394226606e+00 6.973688669291e+00 7.909534300304e+00 8.865942853646e+00 1.061272712343e+01 1.068795687604e+01 1.591027707581e+01 1.790668426487e+01 2.026628936286e+01
2.643971996456e+00 -2.296617971238e+01 -2.206362934383e+01 -2.038949925598e+01 -1.791362337778e+01 -1.539084747939e+01 -1.068337572151e+01 -9.511810062125e+00 -6.932121278044e+00 -6.892712245837e+00 -5.943895553305e+00 -4.996865100302e+00 -3.827186793327e+00 -2.997780356185e+00 -2.954821697386e+00 1.186117756089e-01 7.895209361160e-01 1.694857969167e+00 2.484248678373e+00 3.401370709776e+00 4.814633179483e+00 6.100747607299e+00 6.144051819341e+00 6.986260748749e+00 7.899669364259e+00 8.872890662366e+00 1.061124462502e+01 1.068655446403e+01 1.591150863935e+01 1.790694067825e+01 2.026623063254e+01
2.651387274530e+00 -2.296739370536e+01 -2.206195760794e+01 -2.038906943181e+01 -1.791687786104e+01 -1.538521234207e+01 -1.068251400308e+01 -9.508153890137e+00 -6.946017404977e+00 -6.892926613421e+00 -5.937295553504e+00 -4.981950354426e+00 -3.831705014416e+00 -3.000020312228e+00 -2.973406221360e+00 -1.516524555361e-01 7.839486732325e-01 1.697933236888e+00 2.496883084828e+00 3.405225952286e+00 4.819426791707e+00 6.087363784709e+00 6.133529074625e+00 6.999360553042e+00 7.889742612532e+00 8.880381482268e+00 1.060952817423e+01 1.068516499212e+01 1.591272167092e+01 1.790724336016e+01 2.026613324290e+01
2.658802552605e+00 -2.296871170377e+01 -2.206015227724e+01 -2.038865455660e+01 -1.792021930064e+01 -1.537929554514e+01 -1.068171246453e+01 -9.504565653529e+00 -6.960395488410e+00 -6.893188059695e+00 -5.930972917376e+00 -4.967048832039e+00 -3.836716583003e+00 -3.002114782243e+00 -2.991699171039e+00 -2.471750331108e-01 7.742211917864e-01 1.701248784382e+00 2.510581681285e+00 3.409524106942e+00 4.824069652394e+00 6.073978802257e+00 6.122832132012e+00 7.012961568539e+00 7.879780856214e+00 8.888387874326e+00 1.060757795816e+01 1.068378722279e+01 1.591391616714e+01 1.790759180441e+01 2.026599763129e+01
2.666217830680e+00 -2.297013040468e+01 -2.205821746180e+01 -2.038825415698e+01 -1.792364309918e+01 -1.537310538209e+01 -1.068097035618e+01 -9.501045918059e+00 -6.975213515785e+00 -6.893492752051e+00 -5.924943744061e+00 -4.952310718363e+00 -3.842099298679e+00 -3.009654549291e+00 -3.004031105129e+00 -3.164247329271e-01 7.605420335340e-01 1.704866008860e+00 2.525147376938e+00 3.414284499643e+00 4.828551502956e+00 6.060596768700e+00 6.111967530357e+00 7.027037479253e+00 7.869809231249e+00 8.896883459064e+00 1.060539426588e+01 1.068242005610e+01 1.591509212600e+01 1.790798542139e+01 2.026582429701e+01
2.673633108755e+00 -2.297164629691e+01 -2.205615751777e+01 -2.038786776783e+01 -1.792714454476e+01 -1.536665049854e+01 -1.068028686972e+01 -9.497595192287e+00 -6.990431116910e+00 -6.893837068172e+00 -5.919223193478e+00 -4.937895107082e+00 -3.847716174675e+00 -3.027228248958e+00 -3.005737556178e+00 -3.741429250506e-01 7.430651604628e-01 1.708844364524e+00 2.540383119334e+00 3.419528621750e+00 4.832863563934e+00 6.047219019389e+00 6.100942194559e+00 7.041562008789e+00 7.859851163126e+00 8.905842954742e+00 1.060297749071e+01 1.068106252840e+01 1.591624954680e+01 1.790842353896e+01 2.026561380063e+01
2.681048386830e+00 -2.297325567783e+01 -2.205397702956e+01 -2.038749493271e+01 -1.793071882443e+01 -1.535993987820e+01 -1.067966114014e+01 -9.494213927354e+00 -7.006009651090e+00 -6.894217592326e+00 -5.913825404878e+00 -4.923969650734e+00 -3.853415794160e+00 -3.044378154642e+00 -3.007203568039e+00 -4.249275446137e-01 7.218885704675e-01 1.713240593394e+00 2.556095945580e+00 3.425279678835e+00 4.836998542402e+00 6.033844497383e+00 6.089763420336e+00 7.056508795367e+00 7.849928360136e+00 8.915242189092e+00 1.060032813284e+01 1.067971381052e+01 1.591738843007e+01 1.790890540346e+01 2.026536676324e+01
2.688463664905e+00 -2.297495467057e+01 -2.205168079156e+01 -2.038713520424e+01 -1.793436103735e+01 -1.535298282885e+01 -1.067909224754e+01 -9.490902516803e+00 -7.021912253178e+00 -6.894631110710e+00 -5.908763416842e+00 -4.910709725501e+00 -3.859033320407e+00 -3.061064245553e+00 -3.008399863314e+00 -4.709098847195e-01 6.970446934577e-01 1.718108108644e+00 2.572100196135e+00 3.431562044548e+00 4.840950613390e+00 6.020470119596e+00 6.078438857172e+00 7.071851299301e+00 7.840060829934e+00 8.925058089778e+00 1.059744680208e+01 1.067837320542e+01 1.591850877754e+01 1.790943018096e+01 2.026508386557e+01
2.695878942979e+00 -2.297673924132e+01 -2.204927378980e+01 -2.038678814451e+01 -1.793806620780e+01 -1.534578896845e+01 -1.067857921886e+01 -9.487661296459e+00 -7.038103844966e+00 -6.895074605966e+00 -5.904049089583e+00 -4.898296936579e+00 -3.864392324067e+00 -3.077248696882e+00 -3.009298499006e+00 -5.132733119709e-01 6.684860074698e-01 1.723496527395e+00 2.588219963343e+00 3.438400616684e+00 4.844715377904e+00 6.007091125082e+00 6.066976489626e+00 7.087562741219e+00 7.830266914684e+00 8.935268658191e+00 1.059433422110e+01 1.067704014534e+01 1.591961059207e+01 1.790999695851e+01 2.026476584710e+01
2.703294221054e+00 -2.297860521666e+01 -2.204676118346e+01 -2.038645332541e+01 -1.794182929787e+01 -1.533836821128e+01 -1.067812102963e+01 -9.484490544362e+00 -7.054551117889e+00 -6.895545251003e+00 -5.899693030500e+00 -4.886916791638e+00 -3.869307583716e+00 -3.092895977423e+00 -3.009872827959e+00 -5.527493550179e-01 6.360627930076e-01 1.729451344254e+00 2.604290891258e+00 3.445820078860e+00 4.848289800496e+00 5.993701403366e+00 6.055384617197e+00 7.103616068529e+00 7.820563340641e+00 8.945852930543e+00 1.059099122881e+01 1.067571418842e+01 1.592069387759e+01 1.791060474563e+01 2.026441350495e+01
2.710709499129e+00 -2.298054830066e+01 -2.204414828655e+01 -2.038613032893e+01 -1.794564521976e+01 -1.533073075428e+01 -1.067771660567e+01 -9.481390480762e+00 -7.071222492520e+00 -6.896040402247e+00 -5.895704523995e+00 -4.876755401413e+00 -3.873588979751e+00 -3.107972941448e+00 -3.010097386534e+00 -5.898243739890e-01 5.994871029376e-01 1.736013732356e+00 2.620161456680e+00 3.453844079249e+00 4.851672129694e+00 5.980293801389e+00 6.043671832981e+00 7.119983947134e+00 7.810965278632e+00 8.956790929676e+00 1.058741878422e+01 1.067439501495e+01 1.592175863906e+01 1.791125247591e+01 2.026402769284e+01
2.718124777204e+00 -2.298256409182e+01 -2.204144054976e+01 -2.038581874746e+01 -1.794950884778e+01 -1.532288706357e+01 -1.067736482463e+01 -9.478361268170e+00 -7.088088059738e+00 -6.896557592419e+00 -5.892091466641e+00 -4.867995140428e+00 -3.877046524364e+00 -3.122448913082e+00 -3.009947720978e+00 -6.248396632386e-01 5.582710173007e-01 1.743220455401e+00 2.635693851966e+00 3.462494347178e+00 4.854861804680e+00 5.966860408197e+00 6.031847001360e+00 7.136638775085e+00 7.801486412434e+00 8.968063610367e+00 1.058361797056e+01 1.067308242317e+01 1.592280488239e+01 1.791193900868e+01 2.026360931982e+01
2.725540055279e+00 -2.298464809948e+01 -2.203864354269e+01 -2.038551818404e+01 -1.795341502984e+01 -1.531484786109e+01 -1.067706451763e+01 -9.475403011472e+00 -7.105119507847e+00 -6.897094522923e+00 -5.888860308797e+00 -4.860809324790e+00 -3.879496444407e+00 -3.136295761680e+00 -3.009400167160e+00 -6.580452426938e-01 5.116130267535e-01 1.751103872222e+00 2.650764567146e+00 3.471789778254e+00 4.857859351640e+00 5.953392816983e+00 6.019919235001e+00 7.153552714767e+00 7.792139012547e+00 8.979652800427e+00 1.057958999993e+01 1.067177632464e+01 1.592383261439e+01 1.791266313088e+01 2.026315934902e+01
2.732955333354e+00 -2.298679575986e+01 -2.203576293648e+01 -2.038522825257e+01 -1.795735859858e+01 -1.530662411144e+01 -1.067681447073e+01 -9.472515758119e+00 -7.122290039308e+00 -6.897649055932e+00 -5.886016003762e+00 -4.855356133514e+00 -3.880768063622e+00 -3.149487966923e+00 -3.008431599562e+00 -6.896310403659e-01 4.581680024222e-01 1.759692014717e+00 2.665264739949e+00 3.481745527728e+00 4.860666273038e+00 5.939882364564e+00 6.007897871438e+00 7.170697740195e+00 7.782934013358e+00 8.991541139401e+00 1.057533621829e+01 1.067047673930e+01 1.592484184273e+01 1.791342355906e+01 2.026267879620e+01
2.740370611428e+00 -2.298900245145e+01 -2.203280448704e+01 -2.038494857802e+01 -1.796133438194e+01 -1.529822700895e+01 -1.067661342639e+01 -9.469699498378e+00 -7.139574280217e+00 -6.898219206234e+00 -5.883561965535e+00 -4.851772192426e+00 -3.880711038342e+00 -3.162002672613e+00 -3.007019165950e+00 -7.197460331904e-01 3.955127242981e-01 1.769008720284e+00 2.679100313803e+00 3.492372158673e+00 4.863284932897e+00 5.926320348699e+00 5.995792449527e+00 7.188045696134e+00 7.773881092020e+00 9.003712016285e+00 1.057085811099e+01 1.066918379022e+01 1.592583257587e+01 1.791421894141e+01 2.026216872831e+01
2.747785889503e+00 -2.299126350979e+01 -2.202977401880e+01 -2.038467879659e+01 -1.796533721328e+01 -1.528966796491e+01 -1.067646008489e+01 -9.466954165661e+00 -7.156948185130e+00 -6.898803132898e+00 -5.881500036157e+00 -4.850166412469e+00 -3.879202328923e+00 -3.173819728331e+00 -3.005140024090e+00 -7.485105234662e-01 3.186003637761e-01 1.779073801109e+00 2.692192020243e+00 3.503674894612e+00 4.865718440815e+00 5.912698224052e+00 5.983612686062e+00 7.205568365948e+00 7.764988747746e+00 9.016149507330e+00 1.056615730886e+01 1.066789769801e+01 1.592680482298e+01 1.791504786008e+01 2.026163026194e+01
2.755201167578e+00 -2.299357424150e+01 -2.202667740915e+01 -2.038441855584e+01 -1.796936194096e+01 -1.528095859490e+01 -1.067635310567e+01 -9.464279636937e+00 -7.174388939402e+00 -6.899399130824e+00 -5.879830463521e+00 -4.850614771751e+00 -3.876152193030e+00 -3.184921718378e+00 -3.002771096548e+00 -7.760242833380e-01 2.129249337181e-01 1.789903234386e+00 2.704475186052e+00 3.515653024396e+00 4.867970537151e+00 5.899007777802e+00 5.971368452866e+00 7.223237545330e+00 7.756264380489e+00 9.028838314715e+00 1.056123559480e+01 1.066661877499e+01 1.592775859392e+01 1.791590883344e+01 2.026106456160e+01
2.762616445653e+00 -2.299592993768e+01 -2.202352057358e+01 -2.038416751482e+01 -1.797340343744e+01 -1.527211070640e+01 -1.067629110866e+01 -9.461675733224e+00 -7.191874860791e+00 -6.900005622198e+00 -5.878551890380e+00 -4.853156703690e+00 -3.871508515434e+00 -3.195293977623e+00 -2.999888859203e+00 -8.023720996259e-01 -1.091436643771e-01 1.801509359737e+00 2.715899358100e+00 3.528299499762e+00 4.870045481398e+00 5.885241286204e+00 5.959069754625e+00 7.241025119371e+00 7.747714368213e+00 9.041763706630e+00 1.055609491117e+01 1.066534741918e+01 1.592869389918e+01 1.791680031860e+01 2.026047283805e+01
2.770031723728e+00 -2.299832588638e+01 -2.202030945153e+01 -2.038392534414e+01 -1.797745660780e+01 -1.526313628642e+01 -1.067627267553e+01 -9.459142220167e+00 -7.209385301773e+00 -6.900621147925e+00 -5.877661355131e+00 -4.857793582521e+00 -3.865258961521e+00 -3.204924594128e+00 -2.996469178784e+00 -8.276276229823e-01 -2.647655061308e-01 1.813901072365e+00 2.726427739774e+00 3.541600753541e+00 4.871947945439e+00 5.871391653511e+00 5.946726707764e+00 7.258903140730e+00 7.739344142129e+00 9.054911459125e+00 1.055073736771e+01 1.066408410806e+01 1.592961074979e+01 1.791772071399e+01 2.025985634640e+01
2.777447001803e+00 -2.300075738440e+01 -2.201704999300e+01 -2.038369172605e+01 -1.798151639779e+01 -1.525404748927e+01 -1.067629635097e+01 -9.456678808714e+00 -7.226900553697e+00 -6.901244359049e+00 -5.877154304745e+00 -4.864489508919e+00 -3.857430731610e+00 -3.213804398637e+00 -2.992487214532e+00 -8.518560781633e-01 -3.593160519601e-01 1.827084002823e+00 2.736036440427e+00 3.555536750220e+00 4.873682912950e+00 5.857452534839e+00 5.934349520642e+00 7.276843906998e+00 7.731158259471e+00 9.068267799906e+00 1.054516525043e+01 1.066282939216e+01 1.593050915731e+01 1.791866836203e+01 2.025921638422e+01
2.784862279877e+00 -2.300321974825e+01 -2.201374814596e+01 -2.038346635444e+01 -1.798557780129e+01 -1.524485662442e+01 -1.067636064383e+01 -9.454285155888e+00 -7.244401753704e+00 -6.901874008208e+00 -5.877024620009e+00 -4.873174261675e+00 -3.848088031148e+00 -3.221926941250e+00 -2.987917399024e+00 -8.751161912504e-01 -4.345481293897e-01 1.841060676462e+00 2.744713550896e+00 3.570081262617e+00 4.875255585940e+00 5.843418444593e+00 5.921948475306e+00 7.294820035664e+00 7.723160473455e+00 9.081819354165e+00 1.053938103132e+01 1.066158388861e+01 1.593138913375e+01 1.791964155196e+01 2.025855428954e+01
2.792277557952e+00 -2.300570832429e+01 -2.201040984441e+01 -2.038324893488e+01 -1.798963586735e+01 -1.523557614437e+01 -1.067646402838e+01 -9.451960865657e+00 -7.261870795103e+00 -6.902508941153e+00 -5.877264653012e+00 -4.883747983410e+00 -3.837327670952e+00 -3.229288455820e+00 -2.982733513020e+00 -8.974615685319e-01 -4.991859991092e-01 1.855830647658e+00 2.752458070819e+00 3.585202351288e+00 4.876671299049e+00 5.829284852114e+00 5.909533911068e+00 7.312804535398e+00 7.715353800228e+00 9.095553092384e+00 1.053338737899e+01 1.066034827452e+01 1.593225069154e+01 1.792063852276e+01 2.025787143876e+01
2.799692836027e+00 -2.300821849813e+01 -2.200704099735e+01 -2.038303918458e+01 -1.799368570657e+01 -1.522621863251e+01 -1.067660494541e+01 -9.449705489918e+00 -7.279290241794e+00 -6.903148088354e+00 -5.877865276596e+00 -4.896086980001e+00 -3.825273401339e+00 -3.235887812840e+00 -2.976908868771e+00 -9.189416860615e-01 -5.568653105428e-01 1.871390605694e+00 2.759278724552e+00 3.600863009221e+00 4.877935442000e+00 5.815048266205e+00 5.897116210106e+00 7.330770872652e+00 7.707740582630e+00 9.109456280022e+00 1.052718717048e+01 1.065912328039e+01 1.593309384343e+01 1.792165746616e+01 2.025716924444e+01
2.807108114102e+00 -2.301074570324e+01 -2.200364747834e+01 -2.038283683236e+01 -1.799772249719e+01 -1.521679679098e+01 -1.067678180343e+01 -9.447518529586e+00 -7.296643247132e+00 -6.903790456723e+00 -5.878815945242e+00 -4.910049964303e+00 -3.812069635001e+00 -3.241726461787e+00 -2.970416615048e+00 -9.396026000524e-01 -6.095141993158e-01 1.887734450734e+00 2.765192709853e+00 3.617021925086e+00 4.879053390353e+00 5.800706310112e+00 5.884705785292e+00 7.348693032851e+00 7.700322550709e+00 9.123516428877e+00 1.052078350429e+01 1.065790968349e+01 1.593391860252e+01 1.792269652978e+01 2.025644915311e+01
2.814523392177e+00 -2.301328542876e+01 -2.200023511586e+01 -2.038264161860e+01 -1.800174149046e+01 -1.520732342838e+01 -1.067699297983e+01 -9.445399435800e+00 -7.313913477601e+00 -6.904435121487e+00 -5.880104766676e+00 -4.925484149309e+00 -3.797875141908e+00 -3.246808364051e+00 -2.963230174852e+00 -9.594874558120e-01 -6.583011312116e-01 1.904853339652e+00 2.770224426144e+00 3.633634314516e+00 4.880030444525e+00 5.786257788504e+00 5.872313070411e+00 7.366545575662e+00 7.693100878949e+00 9.137721249918e+00 1.051417971474e+01 1.065670830122e+01 1.593472498212e+01 1.792375382034e+01 2.025571264284e+01
2.821938670251e+00 -2.301583322668e+01 -2.199680968437e+01 -2.038245329514e+01 -1.800573801578e+01 -1.519781144742e+01 -1.067723682205e+01 -9.443347611254e+00 -7.331085041508e+00 -6.905081218220e+00 -5.881718583259e+00 -4.942230748682e+00 -3.782857151206e+00 -3.251139917772e+00 -2.955323822829e+00 -9.786368507971e-01 -7.039979000734e-01 1.922735702577e+00 2.774404227093e+00 3.650652770432e+00 4.880871776919e+00 5.771702747822e+00 5.859948512913e+00 7.384303684048e+00 7.686076240226e+00 9.152058607281e+00 1.050737938784e+01 1.065551998460e+01 1.593551299580e+01 1.792482740697e+01 2.025496122091e+01
2.829353948326e+00 -2.301838471825e+01 -2.199337689598e+01 -2.038227162517e+01 -1.800970748519e+01 -1.518827383232e+01 -1.067751164878e+01 -9.441362411643e+00 -7.348142422927e+00 -6.905727935085e+00 -5.883643062080e+00 -4.960129620975e+00 -3.767186123181e+00 -3.254729876007e+00 -2.946673403389e+00 -9.970890919629e-01 -7.471460264541e-01 1.941367231956e+00 2.777767236258e+00 3.668028089178e+00 4.881582386893e+00 5.757042531316e+00 5.847622569292e+00 7.401943206986e+00 7.679248856523e+00 9.166516473134e+00 1.050038637896e+01 1.065434561183e+01 1.593628265726e+01 1.792591532461e+01 2.025419642128e+01
2.836769226401e+00 -2.302093559977e+01 -2.198994239277e+01 -2.038209638311e+01 -1.801364539760e+01 -1.517872363610e+01 -1.067781575120e+01 -9.439443147242e+00 -7.365070420995e+00 -6.906374505286e+00 -5.885862792511e+00 -4.979022956171e+00 -3.751031300800e+00 -3.257589259750e+00 -2.937257182187e+00 -1.014880376630e+00 -7.881427393030e-01 1.960730846706e+00 2.780352255952e+00 3.685710037898e+00 4.882167063238e+00 5.742279829866e+00 5.835345703180e+00 7.419440695864e+00 7.672618546480e+00 9.181082883047e+00 1.049320483231e+01 1.065318608198e+01 1.593703398032e+01 1.792701557753e+01 2.025341980203e+01
2.844184504476e+00 -2.302348164778e+01 -2.198651173980e+01 -2.038192735448e+01 -1.801754734243e+01 -1.516917396746e+01 -1.067814739429e+01 -9.437589084611e+00 -7.381854094671e+00 -6.907020199775e+00 -5.888361389910e+00 -4.998758026025e+00 -3.734557038434e+00 -3.259731267395e+00 -2.927056812979e+00 -1.032044918208e+00 -8.272894118066e-01 1.980806634658e+00 2.782200789804e+00 3.703648038507e+00 4.882630353838e+00 5.727418729563e+00 5.823128386172e+00 7.436773434707e+00 7.666184769853e+00 9.195745891490e+00 1.048583920262e+01 1.065204230883e+01 1.593776697891e+01 1.792812614284e+01 2.025263294272e+01
2.851599782551e+00 -2.302601872361e+01 -2.198309041854e+01 -2.038176433568e+01 -1.802140900308e+01 -1.515963797753e+01 -1.067850481813e+01 -9.435799448433e+00 -7.398478713030e+00 -6.907664320239e+00 -5.891121604047e+00 -5.019189097441e+00 -3.717919840397e+00 -3.261171182238e+00 -2.916058389454e+00 -1.048615032365e+00 -8.648206954678e-01 2.001571777035e+00 2.783356189940e+00 3.721791753424e+00 4.882976542161e+00 5.712464756838e+00 5.810981101389e+00 7.453919464450e+00 7.659946668992e+00 9.210493527044e+00 1.047829427926e+01 1.065091521495e+01 1.593848166697e+01 1.792924497416e+01 2.025183744166e+01
2.859015060626e+00 -2.302854277743e+01 -2.197968382094e+01 -2.038160713386e+01 -1.802522615979e+01 -1.515012884611e+01 -1.067888623940e+01 -9.434073423488e+00 -7.414929711112e+00 -6.908306192382e+00 -5.894125430847e+00 -5.040178645932e+00 -3.701266017477e+00 -3.261926279583e+00 -2.904253538551e+00 -1.064621194977e+00 -9.009229727772e-01 2.023000459131e+00 2.783862931315e+00 3.740091567079e+00 4.883209630284e+00 5.697424921710e+00 5.798914349735e+00 7.470857601580e+00 7.653903107429e+00 9.225313746880e+00 1.047057521300e+01 1.064980572593e+01 1.593917805845e+01 1.793037000533e+01 2.025103491322e+01
2.866430338700e+00 -2.303104985174e+01 -2.197629724395e+01 -2.038145556668e+01 -1.802899469238e+01 -1.514065976766e+01 -1.067928985282e+01 -9.432410156755e+00 -7.431192651345e+00 -6.908945159555e+00 -5.897354226013e+00 -5.061598014909e+00 -3.684729873472e+00 -3.262015734984e+00 -2.891640499606e+00 -1.080092080091e+00 -9.357465434494e-01 2.045063771687e+00 2.783766008964e+00 3.758498964270e+00 4.883333328228e+00 5.682307759540e+00 5.786938658752e+00 7.487567451485e+00 7.648052705712e+00 9.240194390029e+00 1.046268754590e+01 1.064871476499e+01 1.593985616727e+01 1.793149915418e+01 2.025022698491e+01
2.873845616775e+00 -2.303353608451e+01 -2.197293588453e+01 -2.038130946212e+01 -1.803271058249e+01 -1.513124393675e+01 -1.067971383285e+01 -9.430808759653e+00 -7.447253190531e+00 -6.909580576740e+00 -5.900788819158e+00 -5.083327656794e+00 -3.668432352954e+00 -3.261460535012e+00 -2.878225124541e+00 -1.095054583782e+00 -9.694139553891e-01 2.067729607727e+00 2.783110449136e+00 3.776966811726e+00 4.883351049437e+00 5.667123371445e+00 5.775064593941e+00 7.504029416904e+00 7.642393874594e+00 9.255123128915e+00 1.045463724454e+01 1.064764324769e+01 1.594051600727e+01 1.793263032633e+01 2.024941529454e+01
2.881260894850e+00 -2.303599771170e+01 -2.196960483506e+01 -2.038116865820e+01 -1.803636991561e+01 -1.512189453321e+01 -1.068015633540e+01 -9.429268310419e+00 -7.463097052354e+00 -6.910211804931e+00 -5.904409627122e+00 -5.105257073007e+00 -3.652480104818e+00 -3.260283391832e+00 -2.864021730323e+00 -1.109533838084e+00 -1.002025868248e+00 2.090962559755e+00 2.781940922162e+00 3.795449552672e+00 4.883265912367e+00 5.651883463284e+00 5.763302772381e+00 7.520224701891e+00 7.636924845712e+00 9.270087418602e+00 1.044643073720e+01 1.064659207718e+01 1.594115759218e+01 1.793376141910e+01 2.024860148727e+01
2.888676172925e+00 -2.303843106959e+01 -2.196630907919e+01 -2.038103300276e+01 -1.803996888282e+01 -1.511262470664e+01 -1.068061549972e+01 -9.427787856612e+00 -7.478710005366e+00 -6.910838205941e+00 -5.908196765264e+00 -5.127284547719e+00 -3.636964935826e+00 -3.258508662680e+00 -2.849053737835e+00 -1.123553217901e+00 -1.033665284266e+00 2.114723822284e+00 2.780301443466e+00 3.813903326054e+00 4.883080748252e+00 5.636601382869e+00 5.751663878400e+00 7.536135311694e+00 7.631643699873e+00 9.285074443156e+00 1.043807495528e+01 1.064556213954e+01 1.594178093562e+01 1.793489032542e+01 2.024778721263e+01
2.896091451000e+00 -2.304083259656e+01 -2.196305348796e+01 -2.038090235318e+01 -1.804350378222e+01 -1.510344756055e+01 -1.068108945043e+01 -9.426366417754e+00 -7.494077846355e+00 -6.911459137663e+00 -5.912130155627e+00 -5.149316748979e+00 -3.621963639454e+00 -3.256162275142e+00 -2.833354041925e+00 -1.137134342883e+00 -1.064400667479e+00 2.138971104600e+00 2.778235148791e+00 3.832286022722e+00 4.882798115252e+00 5.621292154785e+00 5.740158681020e+00 7.551744048979e+00 7.626548393085e+00 9.300071058462e+00 1.042957737960e+01 1.064455429965e+01 1.594238605101e+01 1.793601493778e+01 2.024697412147e+01
2.903506729075e+00 -2.304319883468e+01 -2.195984281640e+01 -2.038077657611e+01 -1.804697102015e+01 -1.509437613589e+01 -1.068157629973e+01 -9.425002988090e+00 -7.509186389011e+00 -6.912073949812e+00 -5.916189631009e+00 -5.171268252081e+00 -3.607538186715e+00 -3.253271658897e+00 -2.816965075250e+00 -1.150297075609e+00 -1.094288287263e+00 2.163658558532e+00 2.775784130314e+00 3.850557290626e+00 4.882420319336e+00 5.605972511902e+00 5.728798052848e+00 7.567034506780e+00 7.621636780457e+00 9.315063730791e+00 1.042094609221e+01 1.064356939738e+01 1.594297295161e+01 1.793713315220e+01 2.024616386290e+01
2.910922007149e+00 -2.304552643095e+01 -2.195668170026e+01 -2.038065554716e+01 -1.805036711220e+01 -1.508542339412e+01 -1.068207414980e+01 -9.423696539483e+00 -7.524021457744e+00 -6.912681980185e+00 -5.920355034103e+00 -5.193061024691e+00 -3.593736258176e+00 -3.249865684327e+00 -2.799938551681e+00 -1.163059516923e+00 -1.123374009005e+00 2.188736725690e+00 2.772989321480e+00 3.868678500229e+00 4.881949442391e+00 5.590660922344e+00 5.717592990001e+00 7.581991058591e+00 7.616906638091e+00 9.330038470386e+00 1.041218983426e+01 1.064260824407e+01 1.594354165044e+01 1.793824287232e+01 2.024535808121e+01
2.918337285224e+00 -2.304781213825e+01 -2.195357465321e+01 -2.038053915060e+01 -1.805368868399e+01 -1.507660219969e+01 -1.068258109533e+01 -9.422446024418e+00 -7.538568886518e+00 -6.913282551451e+00 -5.924606311027e+00 -5.214623901199e+00 -3.580592083421e+00 -3.245974608130e+00 -2.782334900491e+00 -1.175437999031e+00 -1.151694683465e+00 2.214152508276e+00 2.769890419828e+00 3.886612680147e+00 4.881387378193e+00 5.575377610354e+00 5.706554632620e+00 7.596598845948e+00 7.612355683097e+00 9.344980759221e+00 1.040331807065e+01 1.064167161960e+01 1.594409216027e+01 1.793934201330e+01 2.024455841271e+01
2.925752563299e+00 -2.305005281609e+01 -2.195052606413e+01 -2.038042727908e+01 -1.805693247178e+01 -1.506792530203e+01 -1.068309522631e+01 -9.421250379117e+00 -7.552814522516e+00 -6.913874968515e+00 -5.928923598712e+00 -5.235892064655e+00 -3.568127539422e+00 -3.241630025757e+00 -2.764222426678e+00 -1.187447076736e+00 -1.179279240246e+00 2.239849167076e+00 2.766525838651e+00 3.904324431772e+00 4.880735877012e+00 5.560144569142e+00 5.695694285453e+00 7.607981591842e+00 7.610843763860e+00 9.359875472103e+00 1.039434106230e+01 1.064076026964e+01 1.594462449363e+01 1.794042850597e+01 2.024376648260e+01
2.933167841374e+00 -2.305224543115e+01 -2.194754019469e+01 -2.038031983325e+01 -1.806009532289e+01 -1.505940531698e+01 -1.068361463103e+01 -9.420108526767e+00 -7.566744234432e+00 -6.914458516458e+00 -5.933287305741e+00 -5.256806547947e+00 -3.556353446563e+00 -3.236864830170e+00 -2.745676252346e+00 -1.206149560351e+00 -1.199099517170e+00 2.265766349693e+00 2.762932679908e+00 3.921779830231e+00 4.879996599729e+00 5.544985563461e+00 5.685023437913e+00 7.603782016562e+00 7.624712444412e+00 9.374706790199e+00 1.038526994687e+01 1.063987490351e+01 1.594513866274e+01 1.794150030081e+01 2.024298390179e+01
2.940583119449e+00 -2.305438705761e+01 -2.194462117722e+01 -2.038021672146e+01 -1.806317419599e+01 -1.505105470771e+01 -1.068413739923e+01 -9.419019380837e+00 -7.580343925160e+00 -6.915032459086e+00 -5.937678186391e+00 -5.277313761095e+00 -3.545270993277e+00 -3.231713176095e+00 -2.726777106632e+00 -1.232321182175e+00 -1.210406288362e+00 2.291840151451e+00 2.759146722231e+00 3.938946317899e+00 4.879171182402e+00 5.529926119307e+00 5.674553782977e+00 7.599754600435e+00 7.638192238848e+00 9.389458106056e+00 1.037611682867e+01 1.063901619234e+01 1.594563467953e+01 1.794255537194e+01 2.024221226376e+01
2.947998397524e+00 -2.305647487732e+01 -2.194177301262e+01 -2.038011785944e+01 -1.806616616126e+01 -1.504288576517e+01 -1.068466162559e+01 -9.417981848481e+00 -7.593599548628e+00 -6.915596038097e+00 -5.942077407737e+00 -5.297365048223e+00 -3.534873218676e+00 -3.226210448552e+00 -2.707610036358e+00 -1.257803881172e+00 -1.221376547096e+00 2.318003210787e+00 2.755202419178e+00 3.955792595493e+00 4.878261312240e+00 5.514993497836e+00 5.664297234199e+00 7.595896991248e+00 7.651271198405e+00 9.404111919190e+00 1.036689487867e+01 1.063818476764e+01 1.594611255558e+01 1.794359172120e+01 2.024145314138e+01
2.955413675598e+00 -2.305850617985e+01 -2.193899956854e+01 -2.038002316993e+01 -1.806906840040e+01 -1.503491058808e+01 -1.068518541335e+01 -9.416994834027e+00 -7.606497130496e+00 -6.916148472870e+00 -5.946466609802e+00 -5.316916275517e+00 -3.525146487325e+00 -3.220393234083e+00 -2.688263106681e+00 -1.282602153600e+00 -1.232017626647e+00 2.344184840330e+00 2.751132904005e+00 3.972288514902e+00 4.877268815851e+00 5.500216650347e+00 5.654265940063e+00 7.592206853730e+00 7.663938054161e+00 9.418649721337e+00 1.035761844557e+01 1.063738122035e+01 1.594657230217e+01 1.794460738207e+01 2.024070808375e+01
2.962828953673e+00 -2.306047836239e+01 -2.193630457772e+01 -2.037993258232e+01 -1.807187820654e+01 -1.502714106248e+01 -1.068570687814e+01 -9.416057242521e+00 -7.619022792414e+00 -6.916688960888e+00 -5.950827958839e+00 -5.335927450012e+00 -3.516071899997e+00 -3.214299292684e+00 -2.668826152157e+00 -1.306715627811e+00 -1.242335025231e+00 2.370311194306e+00 2.746969998170e+00 3.988404977066e+00 4.876195760434e+00 5.485626150983e+00 5.644472294836e+00 7.588681880684e+00 7.676182196131e+00 9.433051870588e+00 1.034830317841e+01 1.063660610023e+01 1.594701393019e+01 1.794560042363e+01 2.023997861304e+01
2.970244231748e+00 -2.306238892954e+01 -2.193369163642e+01 -2.037984603237e+01 -1.807459298411e+01 -1.501958884094e+01 -1.068622415217e+01 -9.415167983330e+00 -7.631162779528e+00 -6.917216678798e+00 -5.955144193906e+00 -5.354362368158e+00 -3.507626597139e+00 -3.207967528056e+00 -2.649389625836e+00 -1.330139421633e+00 -1.252332396220e+00 2.396305472489e+00 2.742744221548e+00 4.004113837583e+00 4.875044568231e+00 5.471254103820e+00 5.634928945043e+00 7.585319802989e+00 7.687993651817e+00 9.447297453777e+00 1.033896616152e+01 1.063585991564e+01 1.594743745019e+01 1.794656895447e+01 2.023926622140e+01
2.977659509823e+00 -2.306423549308e+01 -2.193116420302e+01 -2.037976346176e+01 -1.807721024854e+01 -1.501226532142e+01 -1.068673538845e+01 -9.414325973782e+00 -7.642903490869e+00 -6.917730784078e+00 -5.959398667005e+00 -5.372188292576e+00 -3.499784925746e+00 -3.201437953329e+00 -2.630043579534e+00 -1.352864460872e+00 -1.262011541562e+00 2.422088160534e+00 2.738484802986e+00 4.019387822208e+00 4.873818144004e+00 5.457134021112e+00 5.625648790615e+00 7.582118398579e+00 7.699363064424e+00 9.461364136852e+00 1.032962606187e+01 1.063514313374e+01 1.594784287231e+01 1.794751112649e+01 2.023857236784e+01
2.985074787898e+00 -2.306601577155e+01 -2.192872559669e+01 -2.037968481784e+01 -1.807972762596e+01 -1.500518162590e+01 -1.068723876538e+01 -9.413530142840e+00 -7.654231512302e+00 -6.918230417323e+00 -5.963575377064e+00 -5.389375655166e+00 -3.492519453735e+00 -3.194751649031e+00 -2.610876794126e+00 -1.374877771478e+00 -1.271372410142e+00 2.447577306424e+00 2.734219690280e+00 4.034200453966e+00 4.872520014526e+00 5.443300669893e+00 5.616644979774e+00 7.579075500466e+00 7.710281670900e+00 9.475228003412e+00 1.032030328867e+01 1.063445618099e+01 1.594823020633e+01 1.794842513876e+01 2.023789847522e+01
2.992490065973e+00 -2.306772758989e+01 -2.192637899625e+01 -2.037961005322e+01 -1.808214285283e+01 -1.499834857885e+01 -1.068773249139e+01 -9.412779434773e+00 -7.665133651638e+00 -6.918714705107e+00 -5.967658998155e+00 -5.405897784665e+00 -3.485801827421e+00 -3.187950709638e+00 -2.591976065943e+00 -1.396162756053e+00 -1.280413103279e+00 2.472688832652e+00 2.729975559052e+00 4.048525993281e+00 4.871154478031e+00 5.429789884783e+00 5.607930896687e+00 7.576189003913e+00 7.720741279973e+00 9.488863382326e+00 1.031102016427e+01 1.063379944401e+01 1.594859946161e+01 1.794930924114e+01 2.023724592720e+01
2.999905344047e+00 -2.306936887895e+01 -2.192412743899e+01 -2.037953912542e+01 -1.808445377548e+01 -1.499177668553e+01 -1.068821480989e+01 -9.412072812843e+00 -7.675596975546e+00 -6.919182763410e+00 -5.971634902328e+00 -5.421730656721e+00 -3.479603476805e+00 -3.181078174693e+00 -2.573425644921e+00 -1.416699464097e+00 -1.289129889929e+00 2.497336883930e+00 2.725777820284e+00 4.062339392228e+00 4.869726760269e+00 5.416638345830e+00 5.599520140954e+00 7.573456872802e+00 7.730734250330e+00 9.502242666404e+00 1.030180110423e+01 1.063317327071e+01 1.594895064713e+01 1.795016173798e+01 2.023661606531e+01
3.007320622122e+00 -2.307093767500e+01 -2.192197381974e+01 -2.037947199657e+01 -1.808665834970e+01 -1.498547611035e+01 -1.068868400424e+01 -9.411409262953e+00 -7.685608847871e+00 -6.919633701548e+00 -5.975489177493e+00 -5.436852664720e+00 -3.473896179731e+00 -3.174177940164e+00 -2.555306812253e+00 -1.436464864379e+00 -1.297517234624e+00 2.521434210384e+00 2.721650626443e+00 4.075616263756e+00 4.868243172216e+00 5.403883321625e+00 5.591426498046e+00 7.570877145297e+00 7.740253469061e+00 9.515336125509e+00 1.029267280329e+01 1.063257797179e+01 1.594928377142e+01 1.795098099160e+01 2.023601018611e+01
3.014735900197e+00 -2.307243211923e+01 -2.191992088988e+01 -2.037940863305e+01 -1.808875464020e+01 -1.497945665527e+01 -1.068913840295e+01 -9.410787797272e+00 -7.695156968988e+00 -6.920066626593e+00 -5.979208640809e+00 -5.451244409669e+00 -3.468652500001e+00 -3.167294645497e+00 -2.537697579916e+00 -1.455433127013e+00 -1.305567841550e+00 2.544892586453e+00 2.717616876284e+00 4.088332866531e+00 4.866711262728e+00 5.391562379566e+00 5.583663899906e+00 7.568447938851e+00 7.749292330509e+00 9.528111719475e+00 1.028366442180e+01 1.063201382238e+01 1.594959884262e+01 1.795176542575e+01 2.023542953831e+01
3.022151178272e+00 -2.307385045715e+01 -2.191797125651e+01 -2.037934900517e+01 -1.809074082012e+01 -1.497372773836e+01 -1.068957638490e+01 -9.410207457809e+00 -7.704229415785e+00 -6.920480648201e+00 -5.982780848020e+00 -5.464888507629e+00 -3.463846116378e+00 -3.160473531801e+00 -2.520672491236e+00 -1.473575922108e+00 -1.313272718509e+00 2.567623265947e+00 2.713698218504e+00 4.100466105775e+00 4.865139957537e+00 5.379713067186e+00 5.576246375064e+00 7.566167454616e+00 7.757844715613e+00 9.540534918758e+00 1.027480776449e+01 1.063148106399e+01 1.594989586843e+01 1.795251352895e+01 2.023487532011e+01
3.029566456347e+00 -2.307519103814e+01 -2.191612738163e+01 -2.037929308682e+01 -1.809261517054e+01 -1.496829837267e+01 -1.068999638470e+01 -9.409667319904e+00 -7.712814681913e+00 -6.920874883812e+00 -5.986194099223e+00 -5.477769413317e+00 -3.459452059804e+00 -3.153760266673e+00 -2.504302500194e+00 -1.490862741110e+00 -1.320621264737e+00 2.589537473817e+00 2.709915054442e+00 4.111993550248e+00 4.863539674134e+00 5.368372570619e+00 5.569187987803e+00 7.564033981332e+00 7.765904971863e+00 9.552568544022e+00 1.026613744061e+01 1.063097990656e+01 1.595017485613e+01 1.795322385766e+01 2.023434867652e+01
3.036981734422e+00 -2.307645231480e+01 -2.191439158146e+01 -2.037924085522e+01 -1.809437607988e+01 -1.496317714549e+01 -1.069039689798e+01 -9.409166495651e+00 -7.720901717918e+00 -6.921248464150e+00 -5.989437441501e+00 -5.489873258680e+00 -3.455446875354e+00 -3.147200731621e+00 -2.488654907196e+00 -1.507261246098e+00 -1.327601386568e+00 2.610546935133e+00 2.706286540049e+00 4.122893465247e+00 4.861922400568e+00 5.357577358498e+00 5.562502766157e+00 7.562045898726e+00 7.773467893943e+00 9.564172639898e+00 1.025769098999e+01 1.063051053074e+01 1.595043581256e+01 1.795389503939e+01 2.023385069686e+01
3.044397012496e+00 -2.307763284250e+01 -2.191276602571e+01 -2.037919229056e+01 -1.809602204346e+01 -1.495837219807e+01 -1.069077648677e+01 -9.408704137201e+00 -7.728479970897e+00 -6.921600538946e+00 -5.992500668899e+00 -5.501187705340e+00 -3.451808724073e+00 -3.140840768695e+00 -2.473793330028e+00 -1.522737651221e+00 -1.334199644765e+00 2.630564441344e+00 2.702830587362e+00 4.133144861167e+00 4.860301725181e+00 5.347362821575e+00 5.556204618813e+00 7.560201680486e+00 7.780528705166e+00 9.575304402906e+00 1.024950895504e+01 1.063007309022e+01 1.595067874412e+01 1.795452577562e+01 2.023338241228e+01
3.051812290571e+00 -2.307873127879e+01 -2.191125273702e+01 -2.037914737575e+01 -1.809755166291e+01 -1.495389120597e+01 -1.069113378476e+01 -9.408279439960e+00 -7.735539423327e+00 -6.921930282818e+00 -5.995374320159e+00 -5.511701809997e+00 -3.448517437985e+00 -3.134725884007e+00 -2.459777690650e+00 -1.537257139146e+00 -1.340401436801e+00 2.649504453189e+00 2.699563865637e+00 4.142727556828e+00 4.858692804177e+00 5.337762919903e+00 5.550307241347e+00 7.558499896847e+00 7.787083039757e+00 9.585918188724e+00 1.024163487354e+01 1.062966771417e+01 1.595090365679e+01 1.795511484461e+01 2.023294479352e+01
3.059227568646e+00 -2.307974638292e+01 -2.190985359035e+01 -2.037910609612e+01 -1.809896364575e+01 -1.494974136017e+01 -1.069146750249e+01 -9.407891645640e+00 -7.742070630729e+00 -6.922236901236e+00 -5.998049674650e+00 -5.521405901937e+00 -3.445554539715e+00 -3.128900907291e+00 -2.446664200989e+00 -1.550784313678e+00 -1.346191216482e+00 2.667283738408e+00 2.696501802346e+00 4.151622256383e+00 4.857112254980e+00 5.328809850185e+00 5.544824012617e+00 7.556939216832e+00 7.793126926066e+00 9.595965629249e+00 1.023411516168e+01 1.062929450971e+01 1.595111055609e+01 1.795566110403e+01 2.023253874862e+01
3.066642846721e+00 -2.308067701536e+01 -2.190857031251e+01 -2.037906843920e+01 -1.810025680481e+01 -1.494592934896e+01 -1.069177643238e+01 -9.407540045163e+00 -7.748064757862e+00 -6.922519636464e+00 -6.000518746890e+00 -5.530291471952e+00 -3.442903236260e+00 -3.123409608478e+00 -2.434505333967e+00 -1.563283687725e+00 -1.351552751948e+00 2.683822040779e+00 2.693658584118e+00 4.159810638226e+00 4.855577965784e+00 5.320533745762e+00 5.539767882540e+00 7.555518410183e+00 7.798656770775e+00 9.605395894297e+00 1.022699885258e+01 1.062895356435e+01 1.595129944711e+01 1.795616349347e+01 2.023216512094e+01
3.074058124796e+00 -2.308152213729e+01 -2.190740448165e+01 -2.037903439443e+01 -1.810143005784e+01 -1.494246134082e+01 -1.069205945361e+01 -9.407223981391e+00 -7.753513613134e+00 -6.922777773434e+00 -6.002774280042e+00 -5.538351072035e+00 -3.440548394763e+00 -3.118294274549e+00 -2.423349769543e+00 -1.574720203376e+00 -1.356469421317e+00 2.691047157742e+00 2.699042774934e+00 4.167275453861e+00 4.854108815667e+00 5.312962420295e+00 5.535151252966e+00 7.554236349030e+00 7.803669344157e+00 9.614156135091e+00 1.022033715297e+01 1.062864494846e+01 1.595147033450e+01 1.795662103669e+01 2.023182468720e+01
3.081473402871e+00 -2.308228081022e+01 -2.190635752688e+01 -2.037900395299e+01 -1.810248242707e+01 -1.493934296836e+01 -1.069231553671e+01 -9.406942851685e+00 -7.758409680961e+00 -6.923010645437e+00 -6.004809738738e+00 -5.545578225322e+00 -3.438476506588e+00 -3.113595252488e+00 -2.413242309388e+00 -1.585059778222e+00 -1.360924542941e+00 2.688679231261e+00 2.712873738998e+00 4.174000634307e+00 4.852724305031e+00 5.306121163753e+00 5.530985853780e+00 7.553092009300e+00 7.808161766434e+00 9.622192145148e+00 1.021418278261e+01 1.062836871757e+01 1.595162322246e+01 1.795703284384e+01 2.023151815568e+01
3.088888680945e+00 -2.308295219557e+01 -2.190543072786e+01 -2.037897710755e+01 -1.810341303877e+01 -1.493657931340e+01 -1.069254374794e+01 -9.406696110252e+00 -7.762746151824e+00 -6.923217639570e+00 -6.006619301562e+00 -5.551967345819e+00 -3.436675644727e+00 -3.109350466891e+00 -2.404223757938e+00 -1.594269869234e+00 -1.364901734668e+00 2.686565275173e+00 2.725247834468e+00 4.179971401216e+00 4.851444102738e+00 5.300032595710e+00 5.527282616760e+00 7.552084471927e+00 7.812131495296e+00 9.629449266752e+00 1.020858906804e+01 1.062812491468e+01 1.595175811475e+01 1.795739811336e+01 2.023124616462e+01
3.096303959020e+00 -2.308353555428e+01 -2.190462521449e+01 -2.037895385208e+01 -1.810422112291e+01 -1.493417489339e+01 -1.069274325329e+01 -9.406483270291e+00 -7.766516949782e+00 -6.923398201849e+00 -6.008197853498e+00 -5.557513667515e+00 -3.435135418450e+00 -3.105594923607e+00 -2.396330771695e+00 -1.602320042677e+00 -1.368385293660e+00 2.684714523731e+00 2.736103780111e+00 4.185174379539e+00 4.850287523503e+00 5.294716576665e+00 5.524051550134e+00 7.551212923866e+00 7.815576314610e+00 9.635873555945e+00 1.020360877791e+01 1.062791357231e+01 1.595187501470e+01 1.795771613374e+01 2.023100928072e+01
3.103719237095e+00 -2.308403024655e+01 -2.190394196660e+01 -2.037893418173e+01 -1.810490601284e+01 -1.493213364908e+01 -1.069291332217e+01 -9.406303905918e+00 -7.769716757245e+00 -6.923551841920e+00 -6.009540978602e+00 -5.562213182549e+00 -3.433846928207e+00 -3.102360213290e+00 -2.389595682649e+00 -1.609182535995e+00 -1.371360585549e+00 2.683134976296e+00 2.745386804271e+00 4.189597708351e+00 4.849272956309e+00 5.290190173509e+00 5.521301616975e+00 7.550476658933e+00 7.818494324370e+00 9.641413194594e+00 1.019929271111e+01 1.062773471446e+01 1.595197392518e+01 1.795798628514e+01 2.023080799782e+01
3.111134515170e+00 -2.308443573147e+01 -2.190338181369e+01 -2.037891809262e+01 -1.810546714495e+01 -1.493045893376e+01 -1.069305333063e+01 -9.406157653852e+00 -7.772341036810e+00 -6.923678137293e+00 -6.010644953166e+00 -5.566062588156e+00 -3.432802723105e+00 -3.099674030856e+00 -2.384046305180e+00 -1.614832795517e+00 -1.373814429180e+00 2.681833398700e+00 2.753049298090e+00 4.193231146314e+00 4.848417270919e+00 5.286467670898e+00 5.519040620791e+00 7.549875078506e+00 7.820883931918e+00 9.646020105244e+00 1.019568808220e+01 1.062758835835e+01 1.595205484861e+01 1.795820804070e+01 2.023064273578e+01
3.118549793245e+00 -2.308475156682e+01 -2.190294543475e+01 -2.037890558177e+01 -1.810590405848e+01 -1.492915350394e+01 -1.069316276419e+01 -9.406044214858e+00 -7.774386050010e+00 -6.923776737044e+00 -6.011506739558e+00 -5.569059242140e+00 -3.431996762654e+00 -3.097559728126e+00 -2.379705738542e+00 -1.619249972511e+00 -1.375735461406e+00 2.680815324547e+00 2.759051411031e+00 4.196066168251e+00 4.847735234266e+00 5.283560616730e+00 5.517275101639e+00 7.549407692084e+00 7.822743844460e+00 9.649651686116e+00 1.019283678666e+01 1.062747451591e+01 1.595211778700e+01 1.795838096778e+01 2.023051383945e+01
3.125965071319e+00 -2.308497740889e+01 -2.190263335806e+01 -2.037889664696e+01 -1.810621639526e+01 -1.492821951166e+01 -1.069324122024e+01 -9.405963354949e+00 -7.775848872841e+00 -6.923847364918e+00 -6.012123980938e+00 -5.571201126697e+00 -3.431424384066e+00 -3.096035917266e+00 -2.376592178669e+00 -1.622417359815e+00 -1.377114465438e+00 2.680085056388e+00 2.763361570018e+00 4.198096049506e+00 4.847238970805e+00 5.281477887624e+00 5.516010245986e+00 7.549074117728e+00 7.824073062909e+00 9.652272546076e+00 1.019077366605e+01 1.062739319510e+01 1.595216274188e+01 1.795850472885e+01 2.023042157791e+01
3.133380349394e+00 -2.308511301226e+01 -2.190244596104e+01 -2.037889128667e+01 -1.810640389957e+01 -1.492765849846e+01 -1.069328840982e+01 -9.405914906316e+00 -7.776727407949e+00 -6.923889821797e+00 -6.012494996997e+00 -5.572486820430e+00 -3.431082276006e+00 -3.095116141813e+00 -2.374718753375e+00 -1.624322752140e+00 -1.377944646639e+00 2.679645666715e+00 2.765956904553e+00 4.199315935042e+00 4.846937500410e+00 5.280225759575e+00 5.515249813223e+00 7.548874082395e+00 7.824870877085e+00 9.653856091412e+00 1.018952492142e+01 1.062734440084e+01 1.595218971437e+01 1.795857908230e+01 2.023036614379e+01
3.140795627469e+00 -2.308515822974e+01 -2.190238347020e+01 -2.037888950000e+01 -1.810646641805e+01 -1.492747139100e+01 -1.069330415903e+01 -9.405898768005e+00 -7.777020393396e+00 -6.923903987485e+00 -6.012618780824e+00 -5.572915478445e+00 -3.430968459445e+00 -3.094808629992e+00 -2.374093393916e+00 -1.624958715203e+00 -1.378221841261e+00 2.679498998710e+00 2.766823562492e+00 4.199722890751e+00 4.846836383953e+00 5.279807969950e+00 5.514996081280e+00 7.548807422169e+00 7.825136862259e+00 9.654385807082e+00 1.018910683217e+01 1.062732813580e+01 1.595219870513e+01 1.795860388292e+01 2.023034765288e+01
