0.000000000000000000e+00 -1.317053420144156592e-02 -1.109897351204407884e-02 -4.953930065000277848e-07 1.462347617074733293e-07 3.171734885444897993e-07 1.272882910255592175e-03 2.794607013082619051e+00 2.794645143076431193e+00 4.436924668029841534e+00 4.437006543554690374e+00 8.015066383080521106e+00 8.016046899356318534e+00 8.186020413326170697e+00 8.186477308412168696e+00 8.386178317911861413e+00 8.386270586987453868e+00 1.036608211175316363e+01 1.036614642014958143e+01 1.083098859031078476e+01 1.083108598045879489e+01 1.247306284262505116e+01 1.247349218489568834e+01 1.302205914790129349e+01 1.302254396919474821e+01 1.552593441190870571e+01 1.552620699474864630e+01 2.020794054367788561e+01 2.020921524042304540e+01 2.465758694550596886e+01 2.465942441250587081e+01
1.519769838211115992e-03 -2.317715661484235148e-02 -2.275895525728816385e-02 7.364821432180521099e-02 7.557342036201955549e-02 1.178852157617695379e-01 1.209590290373387805e-01 2.794960501971905931e+00 2.795001612737835206e+00 4.437363431089483612e+00 4.437445901040299567e+00 8.014343706420113733e+00 8.015321848493412560e+00 8.185743033607877805e+00 8.186197425810311401e+00 8.386763151042378794e+00 8.386856893610906027e+00 1.036614234285109504e+01 1.036620758248577623e+01 1.083095836474206131e+01 1.083105665547320662e+01 1.247322028982582154e+01 1.247364880927305819e+01 1.302234847960535014e+01 1.302283275541466878e+01 1.552570390548577350e+01 1.552597585935571445e+01 2.020761064662582740e+01 2.020888214204467559e+01 2.465762111126782941e+01 2.465945403477758546e+01
3.039539676422231985e-03 -4.563913836100875338e-02 -4.540267844010216491e-02 1.494020951445179102e-01 1.512660333956861169e-01 2.373816989609136285e-01 2.404335878184515329e-01 2.796021853747981289e+00 2.796070680049985047e+00 4.438679837942267170e+00 4.438764024719582757e+00 8.012195651876712787e+00 8.013166679893133804e+00 8.184896462586813470e+00 8.185343469458508991e+00 8.388515460434978976e+00 8.388613334953095801e+00 1.036632304934286708e+01 1.036639094329143518e+01 1.083086783365809147e+01 1.083096871015648865e+01 1.247369156440237070e+01 1.247411761577097167e+01 1.302321598824995164e+01 1.302369861081709779e+01 1.552501227270707851e+01 1.552528234427303211e+01 2.020662135566014683e+01 2.020788328060885775e+01 2.465772347975293499e+01 2.465954281881186461e+01
4.559309514633348194e-03 -6.820325929955826927e-02 -6.801870400456702659e-02 2.248145743448317357e-01 2.266493077949105484e-01 3.566732562360007686e-01 3.596875227005864040e-01 2.797793009657153718e+00 2.797852106296716101e+00 4.440874230057922922e+00 4.440961071937997495e+00 8.008679441656612497e+00 8.009638642256117436e+00 8.183440796465966116e+00 8.183875891712773409e+00 8.391427924483094714e+00 8.391531836110543097e+00 1.036662424396219784e+01 1.036669615138863243e+01 1.083071741943629540e+01 1.083082225193572867e+01 1.247447348106643794e+01 1.247489542057452105e+01 1.302466020276767722e+01 1.302514001523067932e+01 1.552385917591667841e+01 1.552412612566090289e+01 2.020497387155803182e+01 2.020621995697147710e+01 2.465789366545795858e+01 2.465969051657427613e+01
6.079079352844464837e-03 -9.072935434156141621e-02 -9.056616176150077135e-02 3.000617905085459225e-01 3.018653967542274108e-01 4.756938519230365370e-01 4.786558061550830745e-01 2.800276308043324391e+00 2.800346635797009043e+00 4.443947141971918313e+00 4.444037313166520065e+00 8.003882251072104381e+00 8.004824957958765808e+00 8.181319643635198702e+00 8.181738849103954436e+00 8.395486254236232071e+00 8.395597133574854709e+00 1.036704588077847511e+01 1.036712269041445467e+01 1.083050778793197289e+01 1.083061751121542393e+01 1.247556078333309415e+01 1.247597697063467770e+01 1.302667863280921345e+01 1.302715440058371321e+01 1.552224406193591122e+01 1.552250667336007517e+01 2.020267019629072891e+01 2.020389433841628346e+01 2.465813102886091457e+01 2.465989671569971264e+01
7.598849191055581480e-03 -1.131697203455133416e-01 -1.130168124600255952e-01 3.751496039875753530e-01 3.769161306615162466e-01 5.943570010088677913e-01 5.972524947639609172e-01 2.803474648071374364e+00 2.803556215654936068e+00 4.447899259701246777e+00 4.447993133689380763e+00 7.997911359532151820e+00 7.998832978585366682e+00 8.178471746029975620e+00 8.178871759863051594e+00 8.400667269204074472e+00 8.400785072675832410e+00 1.036758780415776471e+01 1.036766993211651311e+01 1.083023981663755819e+01 1.083035489261141571e+01 1.247694622096030592e+01 1.247735502252534268e+01 1.302926771197395617e+01 1.302973809997382659e+01 1.552016617644214413e+01 1.552042326525329763e+01 2.019971313400168711e+01 2.020090945742899180e+01 2.465843468086361767e+01 2.466016084102678008e+01
9.118619029266696388e-03 -1.354919316579596134e-01 -1.353444749221997812e-01 4.500567118748372009e-01 4.517794020296000412e-01 7.125714775268495726e-01 7.153869864984446769e-01 2.807391914366034857e+00 2.807484141461272120e+00 4.452731374842588075e+00 4.452829022913945778e+00 7.990884047860776107e+00 7.991780088545055172e+00 8.174841938659300311e+00 8.175220187467637345e+00 8.406937907961580692e+00 8.407061756659949481e+00 1.036824972173904769e+01 1.036833716574112785e+01 1.082991457778150490e+01 1.083003501805466229e+01 1.247862065625871431e+01 1.247902045063289656e+01 1.303242272047917005e+01 1.303288627788348464e+01 1.551762458411203482e+01 1.551787500737341396e+01 2.019610629230421495e+01 2.019726920995673680e+01 2.465880348894580720e+01 2.466048215673835386e+01
1.063838886747781390e-02 -1.576678532624334883e-01 -1.575235984013899637e-01 5.247541175539067737e-01 5.264261468994516635e-01 8.302432589234001181e-01 8.329659955401224058e-01 2.812033462377858672e+00 2.812135367263143504e+00 4.458444336332930469e+00 4.458545548591380303e+00 7.982918971488006221e+00 7.983785085701947892e+00 8.170389110980858405e+00 8.170743729998454441e+00 8.414255766709873186e+00 8.414384153758353690e+00 1.036903119656954253e+01 1.036912360765122010e+01 1.082953333830712062e+01 1.082965875892871566e+01 1.248057319717370639e+01 1.248096238247837597e+01 1.303613768935806583e+01 1.303659284309924615e+01 1.551461819454160995e+01 1.551486085975982654e+01 2.019185408382844926e+01 2.019297835312930545e+01 2.465923608496577657e+01 2.466085976909972288e+01
1.215815870568892967e-02 -1.796709109868098453e-01 -1.795288825767306085e-01 5.992098970352262022e-01 6.008246356008322131e-01 9.472755722361855257e-01 9.498935966307621159e-01 2.817406698845019264e+00 2.817517001906913343e+00 4.465038998491974276e+00 4.465143316395885797e+00 7.974129831727058360e+00 7.974961860278360959e+00 8.165090342421656544e+00 8.165420102437565220e+00 8.422571153452238946e+00 8.422702173366625189e+00 1.036993164821944191e+01 1.037002840052921293e+01 1.082909757232754266e+01 1.082922726056333929e+01 1.248279135446103538e+01 1.248316835836722305e+01 1.304040528879727390e+01 1.304085034637410168e+01 1.551114579395695259e+01 1.551137966806450663e+01 2.018696172792627408e+01 2.018804250240933840e+01 2.465973087452609036e+01 2.466129262978505921e+01
1.367792854390004545e-02 -2.014751879320176298e-01 -2.013351262361263438e-01 6.733907667617323733e-01 6.749419112201585635e-01 1.063568386599214932e+00 1.066070709630241753e+00 2.823521821472365190e+00 2.823639009635188657e+00 4.472516162816750018e+00 4.472622916268858440e+00 7.964621389673772534e+00 7.965415415559649936e+00 8.158941654614682903e+00 8.159245861778192221e+00 8.431830161382249500e+00 8.431961729044109788e+00 1.037095035584483504e+01 1.037105060833080827e+01 1.082860898085543866e+01 1.082874196306553749e+01 1.248526121972474456e+01 1.248562451198887757e+01 1.304521670369273778e+01 1.304564986535242355e+01 1.550720608273049628e+01 1.550743020090844837e+01 2.018143525242565772e+01 2.018246812813250557e+01 2.466028604780542466e+01 2.466177953977952697e+01
1.519769838211116296e-02 -2.230550597702976867e-01 -2.229171464980247708e-01 7.472627058019590818e-01 7.487443680113500255e-01 1.179017572529682534e+00 1.181394248416168358e+00 2.830392789345681503e+00 2.830515161886641984e+00 4.480876511183360833e+00 4.480984856577871156e+00 7.954487419111092805e+00 7.955239825968974721e+00 8.151956469990894405e+00 8.152234862880309407e+00 8.441978072647469133e+00 8.442108109452181708e+00 1.037208645983717759e+01 1.037218920951211842e+01 1.082806951503105886e+01 1.082820462095651770e+01 1.248796766057778029e+01 1.248831576806592381e+01 1.305056149990660685e+01 1.305098087973208365e+01 1.550279771871628753e+01 1.550301119298707597e+01 2.017528149530619075e+01 2.017626255138925728e+01 2.466089959174261637e+01 2.466231915384305751e+01
1.671746822032227700e-02 -2.443850193537215054e-01 -2.442497239606474801e-01 8.207912396072726269e-01 8.221980178211693024e-01 1.293513718257876421e+00 1.295755925222065397e+00 2.838038615419056665e+00 2.838164320540262686e+00 4.490120528665713096e+00 4.490229486438593653e+00 7.943810049759215453e+00 7.944517583334947730e+00 8.144162928760872333e+00 8.144415589502196795e+00 8.452962489011143887e+00 8.453089063763812305e+00 1.037333896079436890e+01 1.037344308904730639e+01 1.082748140056039965e+01 1.082761732255953291e+01 1.249089452874645723e+01 1.249122605270657438e+01 1.305642748503388084e+01 1.305683114003980094e+01 1.549791936641498147e+01 1.549812139392057375e+01 2.016850810615122569e+01 2.016943393919191152e+01 2.466156930344450160e+01 2.466290998551992431e+01
1.823723805853339278e-02 -2.654395752708980649e-01 -2.653075573783101326e-01 8.939415863043043142e-01 8.952686285354451989e-01 1.406940503202908088e+00 1.409040610809220384e+00 2.846485108644749573e+00 2.846612175164170644e+00 4.500248414655606766e+00 4.500356905968868837e+00 7.932659993030298118e+00 7.933319823267803272e+00 8.135600943713576783e+00 8.135828230920200355e+00 8.464735818437798542e+00 8.464857240043741626e+00 1.037470671546029699e+01 1.037481102899221241e+01 1.082684716203090680e+01 1.082698250914305227e+01 1.249402487659173744e+01 1.249433851176839205e+01 1.306280056771930909e+01 1.306318653371535454e+01 1.549256975197292086e+01 1.549275962283976327e+01 2.016112354721473565e+01 2.016199129886145869e+01 2.466229280467524632e+01 2.466355041267636494e+01
1.975700789674451202e-02 -2.861931805754660552e-01 -2.860652205970236062e-01 9.666787425372879161e-01 9.679218058308648454e-01 1.519172454475907097e+00 1.521124076539801306e+00 2.855767250779513766e+00 2.855893616977738247e+00 4.511259981274569952e+00 4.511366863889422874e+00 7.921097259551372893e+00 7.921707040854228055e+00 8.126319512499982523e+00 8.126522016529014181e+00 8.477256989306052759e+00 8.477371855457052519e+00 1.037618842962866772e+01 1.037629169720027811e+01 1.082616964627469791e+01 1.082630299338318913e+01 1.249734117728958260e+01 1.249763573232253400e+01 1.306966461968451299e+01 1.307003095241030621e+01 1.548674772401051847e+01 1.548692482869113185e+01 2.015313709392640007e+01 2.015394447156035085e+01 2.466306755727389088e+01 2.466423868354878124e+01
2.127677773495562780e-02 -3.066201731701354016e-01 -3.064971180379839066e-01 1.038967541785818183e+00 1.040123049022570356e+00 1.630071818097115433e+00 1.631869850259333177e+00 2.865932481146661992e+00 2.866056021767232398e+00 4.523154538255736767e+00 4.523258641726518370e+00 7.909172103396487685e+00 7.909730030659677169e+00 8.116374506860795535e+00 8.116553023418553892e+00 8.490492438342041481e+00 8.490599648496111485e+00 1.037778264814864571e+01 1.037788363389127611e+01 1.082545204419149876e+01 1.082558197656894450e+01 1.250082554382008304e+01 1.250109996223760689e+01 1.307700134461656027e+01 1.307734616448654386e+01 1.548045232026090723e+01 1.548061615623377918e+01 2.014455883464338015e+01 2.014530412488818101e+01 2.466389087933320567e+01 2.466497292328323354e+01
2.279654757316674010e-02 -3.266947193045738884e-01 -3.265774365960065762e-01 1.110772700425827431e+00 1.111837795517427008e+00 1.739484139534079432e+00 1.741124780979570019e+00 2.877045297309685612e+00 2.877163849463240552e+00 4.535930763616585537e+00 4.536030923862814923e+00 7.896926032293074549e+00 7.897430890387247437e+00 8.105826964242545785e+00 8.105982480350579777e+00 8.504416507902014644e+00 8.504515250304789831e+00 1.037948774225584536e+01 1.037958523594606675e+01 1.082469791056463038e+01 1.082482306398685346e+01 1.250445994197617061e+01 1.250471332299511040e+01 1.308479015792010181e+01 1.308511169663538354e+01 1.547368283998042315e+01 1.547383301768700292e+01 2.013539966944427562e+01 2.013608174444976129e+01 2.466475996196431097e+01 2.466575114095167720e+01
2.431631741137785935e-02 -3.463907559535308045e-01 -3.462800925503806693e-01 1.182058858919349920e+00 1.183031461203060353e+00 1.847231942339211175e+00 1.848712701906531031e+00 2.889193784127761511e+00 2.889305173410247285e+00 4.549586559594410495e+00 4.549681652795742437e+00 7.884392798954908521e+00 7.884844003434766435e+00 8.094741807861987937e+00 8.094875493716351400e+00 8.519011411583148785e+00 8.519101133771835421e+00 1.038130189453289809e+01 1.038139473898697851e+01 1.082391118147628006e+01 1.082403027800621409e+01 1.250822639282527682e+01 1.250845801111069733e+01 1.309300808104216607e+01 1.309330472832666459e+01 1.546643892206611248e+01 1.546657516996845594e+01 2.012567130774814572e+01 2.012628962429864998e+01 2.466567188645558417e+01 2.466657123703255294e+01
2.583608724958897512e-02 -3.656819298815565666e-01 -3.655786723881038758e-01 1.252790621581654662e+00 1.253669480732041652e+00 1.953105586571614483e+00 1.954425275110885263e+00 2.902498989395394524e+00 2.902601059431919595e+00 4.564118893515571429e+00 4.564207869194691014e+00 7.871599339320963118e+00 7.871996966225826675e+00 8.083186885616687078e+00 8.083300086107611193e+00 8.534266912038679820e+00 8.534347283028331788e+00 1.038322308189001220e+01 1.038331019747980655e+01 1.082309618898304393e+01 1.082320806850191630e+01 1.251210716043754800e+01 1.251231648396111851e+01 1.310162965364629173e+01 1.310190000244680242e+01 1.545872062877811359e+01 1.545884279743796519e+01 2.011538626452755452e+01 2.011594085615526240e+01 2.466662364162048959e+01 2.466743101135928740e+01
2.735585708780008743e-02 -3.845415323024829468e-01 -3.844463664727638674e-01 1.322932596015895523e+00 1.323717350057507680e+00 2.056849947796272282e+00 2.058008662071733053e+00 2.917128502705324866e+00 2.917219156057255347e+00 4.579523623537052224e+00 4.579605536713057923e+00 7.858566654900268844e+00 7.858911457659458755e+00 8.071232217538446108e+00 8.071326437628414396e+00 8.550179824003105722e+00 8.550250694728010359e+00 1.038524905704380075e+01 1.038532946325020845e+01 1.082225767275685868e+01 1.082236132038337395e+01 1.251608492121746607e+01 1.251627162638727953e+01 1.311062686635530206e+01 1.311086975501735452e+01 1.545052853491685241e+01 1.545063660003496508e+01 2.010455785486984226e+01 2.010504931730159939e+01 2.466761214109715183e+01 2.466832817156205948e+01
2.887562692601120667e-02 -4.029424287893222933e-01 -4.028558942671889298e-01 1.392449431448181896e+00 1.393140673022532416e+00 2.158144986082847439e+00 2.159144096830606152e+00 2.933316160178121468e+00 2.933393429866693047e+00 4.595795309538928564e+00 4.595869352044884337e+00 7.845310654234517678e+00 7.845604065973190266e+00 8.058949356176034584e+00 8.059026234812991518e+00 8.566753422805971852e+00 8.566814789673118824e+00 1.038737732905694422e+01 1.038745016294222090e+01 1.082140078842092734e+01 1.082149535814407315e+01 1.252014291181835048e+01 1.252030689513340711e+01 1.311996911612004268e+01 1.312018366633884980e+01 1.544186382223450771e+01 1.544195788666695002e+01 2.009320018661596663e+01 2.009362965706829485e+01 2.466863424030978535e+01 2.466926034208659146e+01
3.039539676422232245e-02 -4.208569848269225755e-01 -4.207794192866349814e-01 1.461305853047032199e+00 1.461905214211032922e+00 2.256577735772780979e+00 2.257419907775479739e+00 2.951390323756232448e+00 2.951452522808912793e+00 4.612927009824963953e+00 4.612992541485914977e+00 7.831842976748584206e+00 7.832087096898760592e+00 8.046410783566939173e+00 8.046472051631122113e+00 8.583996810638989672e+00 8.584048785396658943e+00 1.038960514357555809e+01 1.038966967505817429e+01 1.082053111229296150e+01 1.082061594752394384e+01 1.252426505334507034e+01 1.252440643895006289e+01 1.312962318551643826e+01 1.312980883533714227e+01 1.543272837875630898e+01 1.543280867368691567e+01 2.008132815076069733e+01 2.008169728186940262e+01 2.466968675267990108e+01 2.467022507399363107e+01
3.191516660243343823e-02 -4.382569883274056166e-01 -4.381884510366175212e-01 1.529466685925747971e+00 1.529976962205952917e+00 2.351603428781535943e+00 2.352292731066469411e+00 2.971812969013504446e+00 2.971859043432541370e+00 4.630910064585728847e+00 4.630966646420543675e+00 7.818171823445392299e+00 7.818369388911604823e+00 8.033689287444392590e+00 8.033736707410836786e+00 8.601924271494102214e+00 8.601967059145801286e+00 1.039192946346009450e+01 1.039198510730695979e+01 1.081965464213401873e+01 1.081972929463211663e+01 1.252843605032145646e+01 1.252855519299539822e+01 1.313955324640173394e+01 1.313970977841360543e+01 1.542312490250914259e+01 1.542319178832322280e+01 2.006895740919548743e+01 2.006926833884306305e+01 2.467076646439026177e+01 2.467121985603400347e+01
3.343493644064455400e-02 -4.551135713176592823e-01 -4.550537301679726254e-01 1.596896856066334580e+00 1.597322212472698899e+00 2.442496492880311454e+00 2.443038710443484973e+00 2.995228683413490245e+00 2.995259154608507668e+00 4.649733866925577885e+00 4.649781302099173175e+00 7.804302814156032220e+00 7.804457158437644537e+00 8.020857276123605217e+00 8.020892567273699925e+00 8.620554630619970737e+00 8.620588516024609405e+00 1.039434695054508317e+01 1.039439327505743194e+01 1.081877779316693733e+01 1.081884204333331567e+01 1.253264146367138743e+01 1.253273894696883062e+01 1.314972088719214582e+01 1.314984845397993318e+01 1.541305700878286444e+01 1.541311097710817890e+01 2.005610437911082400e+01 2.005635969842286315e+01 2.467187014625967834e+01 2.467224212824551088e+01
3.495470627885566978e-02 -4.713971314753698238e-01 -4.713450943633589740e-01 1.663561342218612626e+00 1.663907690841924802e+00 2.528303263090238229e+00 2.528706589837056651e+00 3.022511321076859048e+00 3.022530966522015472e+00 4.669385620559500794e+00 4.669424017892585432e+00 7.790239880072704182e+00 7.790354892147273169e+00 8.007986003957721977e+00 8.008010774711683766e+00 8.639910624153774421e+00 8.639935967831092967e+00 1.039685394926889295e+01 1.039689068175598941e+01 1.081790738775627325e+01 1.081796127267038088e+01 1.253686775769279471e+01 1.253694438716508053e+01 1.316008516075551782e+01 1.316018431498348562e+01 1.540252933905716937e+01 1.540257102011835322e+01 2.004278621261576987e+01 2.004298893693581718e+01 2.467299455910915285e+01 2.467328930150407729e+01
3.647447611706678555e-02 -4.870772401377373440e-01 -4.870313361683916153e-01 1.729425028471691439e+00 1.729700761378978990e+00 2.607836000455538539e+00 2.608112293889433886e+00 3.054770928280472031e+00 3.054789929082978528e+00 4.689850076998208550e+00 4.689879975947250479e+00 7.775986178685432293e+00 7.776066300936298248e+00 7.995144673995838502e+00 7.995160447650240698e+00 8.660018276905002921e+00 8.660035524084312542e+00 1.039944647282990786e+01 1.039947350228428213e+01 1.081705063491456542e+01 1.081709449839588544e+01 1.254110232164564387e+01 1.254115911331961364e+01 1.317060264259644775e+01 1.317067439811756735e+01 1.539154766622033499e+01 1.539157785507364373e+01 2.002902076759049876e+01 2.002917432288015931e+01 2.467413644159833552e+01 2.467435879387381448e+01
3.799424595527790133e-02 -5.021224772355805666e-01 -5.020801096701293931e-01 1.794452392847295519e+00 1.794669775081534135e+00 2.679791560117058768e+00 2.679958056626350782e+00 3.093242788666315857e+00 3.093262968415475989e+00 4.711109229567141732e+00 4.711131883354700456e+00 7.761544958275118589e+00 7.761595380984378956e+00 7.982399240233816862e+00 7.982408049930138638e+00 8.680906270885992981e+00 8.680916005821863735e+00 1.040212019195135085e+01 1.040213757080582013e+01 1.081621509033446493e+01 1.081624968820269217e+01 1.254533346703617269e+01 1.254537163176262560e+01 1.318122745118393091e+01 1.318127349558351114e+01 1.538011897384817317e+01 1.538013873187814973e+01 2.001482655537389377e+01 2.001493482097275489e+01 2.467529243855318555e+01 2.467544812557438760e+01
3.951401579348901710e-02 -5.165000962398558215e-01 -5.164579796866557437e-01 1.858607184866212458e+00 1.858784396387334059e+00 2.743083253654087006e+00 2.743164306670809793e+00 3.138950846258002247e+00 3.138962349593483303e+00 4.733141960565548700e+00 4.733159896884775897e+00 7.746919999563484538e+00 7.746947896323504779e+00 7.969810179361424218e+00 7.969817736895516980e+00 8.702605073399874769e+00 8.702608603925106934e+00 1.040487041984240513e+01 1.040487838111271834e+01 1.081540857795950394e+01 1.081543530996263591e+01 1.254955040137194899e+01 1.254957132756147864e+01 1.319191085601428171e+01 1.319193478118331697e+01 1.536825137213621595e+01 1.536826253298527867e+01 2.000022259319200302e+01 2.000029018578410955e+01 2.467645875416190648e+01 2.467655528803903309e+01
4.103378563170013288e-02 -5.301756059403369692e-01 -5.301305226136356907e-01 1.921853353006103049e+00 1.922014634492121399e+00 2.797315267055475729e+00 2.797349239394105069e+00 3.192213870192165626e+00 3.192226601312521339e+00 4.755924031810264907e+00 4.755941248320339376e+00 7.732114444421879895e+00 7.732134388251678203e+00 7.957434479630787649e+00 7.957447524433913344e+00 8.725143719420307420e+00 8.725148877649459678e+00 1.040769073399777511e+01 1.040769246037311291e+01 1.081463907450034156e+01 1.081466041190767413e+01 1.255374316013399216e+01 1.255374843794444217e+01 1.320259733608326691e+01 1.320261402542021578e+01 1.535595313952412333e+01 1.535596096808637867e+01 1.998522758058874160e+01 1.998526172545969715e+01 2.467762895047722793e+01 2.467768096649650644e+01
4.255355546991124865e-02 -5.431126082768785723e-01 -5.430621346976048924e-01 1.984158472003050289e+00 1.984327315293150207e+00 2.843066309082008747e+00 2.843109310097760467e+00 3.252376248558330740e+00 3.252426695400583601e+00 4.779428947770662184e+00 4.779449062226850842e+00 7.717137191349814351e+00 7.717165429693880085e+00 7.945326420600586026e+00 7.945346822342915338e+00 8.748557377931092560e+00 8.748567955552722708e+00 1.041057019623167257e+01 1.041058015634699352e+01 1.081391480902762403e+01 1.081393448297581728e+01 1.255789379739703193e+01 1.255790273093052001e+01 1.321323164557758467e+01 1.321326284044896049e+01 1.534323468967462389e+01 1.534324684050123189e+01 1.996985387419056224e+01 1.996987826100253471e+01 2.467878638816528536e+01 2.467883611902423979e+01
4.407332530812235749e-02 -5.552728730634413079e-01 -5.552155606340855032e-01 2.045494505021617559e+00 2.045685142491038278e+00 2.881721769761201646e+00 2.881780608031772495e+00 3.318042303448387020e+00 3.318139336784689863e+00 4.803627713775238561e+00 4.803652367035079251e+00 7.702008461484504132e+00 7.702047415409365883e+00 7.933532155956480203e+00 7.933560437027777468e+00 8.772881527670266522e+00 8.772897107718909737e+00 1.041351052405369515e+01 1.041352848632955563e+01 1.081324498639773246e+01 1.081326668493213994e+01 1.256199925422670560e+01 1.256202047445992065e+01 1.322376957314804713e+01 1.322381826676557459e+01 1.533011229973171474e+01 1.533013054582592538e+01 1.995411937551767778e+01 1.995416416626358114e+01 2.467993184164369325e+01 2.468001437983663138e+01
4.559309514633347327e-02 -5.666162999849342352e-01 -5.665514842694590048e-01 2.105833593432280715e+00 2.106050636509295249e+00 2.914915976055338032e+00 2.914982224998039051e+00 3.387546424866466399e+00 3.387692351392790346e+00 4.828487694820770670e+00 4.828517118827335253e+00 7.686747989390470437e+00 7.686795342082334948e+00 7.922090464482804073e+00 7.922126780976721072e+00 8.798149280989711940e+00 8.798169148033926135e+00 1.041650599556843737e+01 1.041653126689312359e+01 1.081263991237475608e+01 1.081266567879153939e+01 1.256605694138297302e+01 1.256608866376775246e+01 1.323415819748310085e+01 1.323422289803482599e+01 1.531660225364655759e+01 1.531662614490587515e+01 1.993805933204726344e+01 1.993812748835509652e+01 2.468107844341540158e+01 2.468119713193160791e+01
4.711286498454458904e-02 -5.771006912373844999e-01 -5.770282481666567653e-01 2.165145814853857598e+00 2.165387990072429325e+00 2.944127660973872018e+00 2.944195562706700464e+00 3.459376094033359994e+00 3.459568026377524586e+00 4.853972534127771965e+00 4.854006304043827491e+00 7.671377784818155909e+00 7.671430569688642898e+00 7.911032902379356635e+00 7.911077127706345635e+00 8.824392579875841136e+00 8.824415943421742625e+00 1.041955041624939149e+01 1.041958219720086731e+01 1.081211008862857703e+01 1.081214047779655907e+01 1.257005957901690252e+01 1.257009996825149578e+01 1.324434138468915556e+01 1.324441979874738351e+01 1.530272187568827569e+01 1.530275053119854434e+01 1.992169874727453660e+01 1.992178745272896379e+01 2.468222698574498608e+01 2.468237822089687938e+01
4.863263482275570482e-02 -5.866814303099523453e-01 -5.866015940585551647e-01 2.223399374707624165e+00 2.223662353393338620e+00 2.970523988956472738e+00 2.970590633892786769e+00 3.532337021301517499e+00 3.532568765321777882e+00 4.880042438789725878e+00 4.880079838059971031e+00 7.655923806128217102e+00 7.655979201100516995e+00 7.900383796926889524e+00 7.900435502484090655e+00 8.851641628352110658e+00 8.851667670403474020e+00 1.042263731472736943e+01 1.042267472973136222e+01 1.081166591246755360e+01 1.081170069259950139e+01 1.257400023828359892e+01 1.257404745637378696e+01 1.325426159089215439e+01 1.325435115273671549e+01 1.528849035803626677e+01 1.528852278309011581e+01 1.990506056703295457e+01 1.990516618572140572e+01 2.468337552646119804e+01 2.468355436306318040e+01
5.015240466096682059e-02 -5.953111161671659213e-01 -5.952243590716200794e-01 2.280560917609912863e+00 2.280838840690428526e+00 2.994964982781575191e+00 2.995029157266097641e+00 3.605550101585631939e+00 3.605813697076269086e+00 4.906654463444546366e+00 4.906694650083029963e+00 7.640416053863440027e+00 7.640471592423335956e+00 7.890160415032540620e+00 7.890218860698366754e+00 8.879924242246481469e+00 8.879952146154446169e+00 1.042575998863000564e+01 1.042580210819671827e+01 1.081131778994929604e+01 1.081135636062848526e+01 1.257787222390755311e+01 1.257792446245252371e+01 1.326386029071892558e+01 1.326395832468915970e+01 1.527392895098852854e+01 1.527396412635075151e+01 1.988816775604167120e+01 1.988828654073985547e+01 2.468452166985581897e+01 2.468472287702677903e+01
5.167217449917793637e-02 -6.029391534858923318e-01 -6.028461067715905619e-01 2.336595453540936784e+00 2.336881743020189361e+00 3.018068091120181595e+00 3.018129374412126698e+00 3.678387494484449682e+00 3.678674252234054087e+00 4.933762835201987329e+00 4.933804927450934130e+00 7.624888252889744145e+00 7.624941885088302840e+00 7.880373326933374223e+00 7.880437478899719572e+00 8.909265192800678079e+00 8.909294169073394443e+00 1.042891155555340710e+01 1.042895741821590150e+01 1.081107621533118390e+01 1.081111780746717344e+01 1.258166894281669279e+01 1.258172445247206461e+01 1.327307828065792883e+01 1.327318208982687686e+01 1.525906104653032003e+01 1.525909796896508475e+01 1.987104349979193785e+01 1.987117179320883764e+01 2.468566293578797044e+01 2.468588132544511993e+01
5.319194433738905214e-02 -6.095112835413675212e-01 -6.094126822974844648e-01 2.391465999186201064e+00 2.391753832220944620e+00 3.040276589971359300e+00 3.040334810469590643e+00 3.750404727384849757e+00 3.750705883118556017e+00 4.961319361186229848e+00 4.961362486939512095e+00 7.609377337672708741e+00 7.609427431797862518e+00 7.871026932941283860e+00 7.871095507079335363e+00 8.939685558054042858e+00 8.939714869327683999e+00 1.043208501273885069e+01 1.043213364762045359e+01 1.081095179034095466e+01 1.081099556778985971e+01 1.258538376576026963e+01 1.258544088357972512e+01 1.328185598049023852e+01 1.328196291410662688e+01 1.524391222394552869e+01 1.524394993194209746e+01 1.985371120364799324e+01 1.985384553271849839e+01 2.468679685266363677e+01 2.468702743147055756e+01
5.471171417560016098e-02 -6.149690354363385181e-01 -6.148656779291770125e-01 2.445133032504890114e+00 2.445415653817065493e+00 3.061913975975737223e+00 3.061968944462191811e+00 3.821286743535384112e+00 3.821593868788824011e+00 4.989273932388222477e+00 4.989317258749792927e+00 7.593922821400151513e+00 7.593968135044547374e+00 7.862120106748532677e+00 7.862191630748583293e+00 8.971202091583119653e+00 8.971231076478019872e+00 1.043527330596842617e+01 1.043532375612189611e+01 1.081095521613364241e+01 1.081100033430905505e+01 1.258900988273945387e+01 1.258906705734100662e+01 1.329013375568805344e+01 1.329024126881734347e+01 1.522851026595204793e+01 1.522854785931200716e+01 1.983619445273577497e+01 1.983633158921366046e+01 2.468792099127863793e+01 2.468815905288670720e+01
5.623148401381127676e-02 -6.192490732045641266e-01 -6.191417890434370852e-01 2.497553816338741406e+00 2.497824768109716764e+00 3.083223046248118937e+00 3.083274474300594648e+00 3.890809216959433936e+00 3.891114483220542208e+00 5.017575122517435204e+00 5.017617872277636337e+00 7.578566105439955791e+00 7.578605739785819750e+00 7.853646906738067202e+00 7.853719793296691343e+00 9.003826617997555459e+00 9.003854712964653118e+00 1.043846940773992849e+01 1.043852075430699777e+01 1.081109727519981689e+01 1.081114291917226566e+01 1.259254015232752977e+01 1.259259596691710748e+01 1.329785226910411922e+01 1.329795797909111421e+01 1.521288514401734027e+01 1.521292179990197546e+01 1.981851695981736228e+01 1.981865396653026679e+01 2.468903298142988589e+01 2.468927417211440911e+01
5.775125385202239253e-02 -6.222824080464776086e-01 -6.221720322428416772e-01 2.548681635679156621e+00 2.548934941511232122e+00 3.104392946868832048e+00 3.104440478563895933e+00 3.958811842863243502e+00 3.959108195441164213e+00 5.046170870741842229e+00 5.046212329555358700e+00 7.563349774253095070e+00 7.563383120798894410e+00 7.845597311519859396e+00 7.845669935352756141e+00 9.037565464648574576e+00 9.037592222727479196e+00 1.044166640459720163e+01 1.044171779189418636e+01 1.081138881082399372e+01 1.081143422237111373e+01 1.259596694451576049e+01 1.259602013813655397e+01 1.330495286726010029e+01 1.330505460963090592e+01 1.519706896928414963e+01 1.519710395550888116e+01 1.980070250773629681e+01 1.980083677729099634e+01 2.469013052213588466e+01 2.469037089133467688e+01
5.927102369023350831e-02 -6.239934355034318925e-01 -6.238807868466097473e-01 2.598465006031017488e+00 2.598695326586301313e+00 3.125577715888904429e+00 3.125621025369253125e+00 4.025180041886069482e+00 4.025461314643897559e+00 5.075009229125716281e+00 5.075048746666913857e+00 7.548316909856699120e+00 7.548343597191258247e+00 7.837957944517540909e+00 7.838028717115883559e+00 9.072418938715115289e+00 9.072444043999860597e+00 1.044485759336823705e+01 1.044490825510533760e+01 1.081184070800598640e+01 1.081188520595004121e+01 1.259928197628204849e+01 1.259933146428246431e+01 1.331137800556155426e+01 1.331147389233335865e+01 1.518109590500194450e+01 1.518112859074817678e+01 1.978277488849671428e+01 1.978290417778674382e+01 2.469121138887652478e+01 2.469144742942124893e+01
6.079079352844462408e-02 -6.242987435816251818e-01 -6.241846064904074121e-01 2.646846941323631519e+00 2.647049710425275038e+00 3.146908996899543620e+00 3.146947925144138125e+00 4.089832334276769288e+00 4.090093322234347184e+00 5.104039148394782899e+00 5.104076137288751980e+00 7.533510448035292129e+00 7.533530297137295051e+00 7.830712762444012043e+00 7.830780199880206460e+00 9.108380858066254859e+00 9.108404134413072839e+00 1.044803658598976348e+01 1.044808587291525193e+01 1.081246387852585222e+01 1.081250687465008831e+01 1.260247613852630799e+01 1.260252103443461813e+01 1.331707171590752203e+01 1.331716020124867761e+01 1.516500203643252220e+01 1.516503190033946247e+01 1.976475783973419453e+01 1.976488030285924324e+01 2.469227343906120709e+01 2.469250211958949492e+01
6.231056336665573986e-02 -6.231056177673318652e-01 -6.229907271552005410e-01 2.693764416917596716e+00 2.693935962513116955e+00 3.168504707390783270e+00 3.168539419939917057e+00 4.152711492759118883e+00 4.152947992290447310e+00 5.133211269427717660e+00 5.133245206869001542e+00 7.518972583188101133e+00 7.518985591177697714e+00 7.823843692127894656e+00 7.823906472628579856e+00 9.145438143020783173e+00 9.145459554995277074e+00 1.045119742261711693e+01 1.045124483182223152e+01 1.081326925253843996e+01 1.081331026459648470e+01 1.260553931214366585e+01 1.260557895561034059e+01 1.332198011877791188e+01 1.332206008101048234e+01 1.514882519465182042e+01 1.514885183021725368e+01 1.974667497884328071e+01 1.974678920137453630e+01 2.469331461616578949e+01 2.469353340744663683e+01
6.383033320486684870e-02 -6.203101394081659281e-01 -6.201951682680341138e-01 2.739148223320937880e+00 2.739285875480920840e+00 3.190474756505105258e+00 3.190505884811281501e+00 4.213778229505971140e+00 4.213987052588999305e+00 5.162478682794197304e+00 5.162509121773963372e+00 7.504744168321725084e+00 7.504750656167850309e+00 7.817331208275763998e+00 7.817388217577478926e+00 9.183570474263804684e+00 9.183590117566581057e+00 1.045433469292870932e+01 1.045437989858342043e+01 1.081426777917164195e+01 1.081430644228231763e+01 1.260846016932598523e+01 1.260849417024697061e+01 1.332605197970054611e+01 1.332612283564550815e+01 1.513260473146820040e+01 1.513262784976304154e+01 1.972854973480618312e+01 1.972865477316925720e+01 2.469433295267510431e+01 2.469453984943938707e+01
6.535010304307796447e-02 -6.157947298743760012e-01 -6.156802793254549933e-01 2.782923469464933852e+00 2.783025657999665725e+00 3.212924425995812516e+00 3.212953091601221445e+00 4.273006614579755613e+00 4.273185582984966757e+00 5.191797614651398440e+00 5.191824216152383542e+00 7.490862929504753076e+00 7.490866346841059453e+00 7.811154850904042490e+00 7.811205214514926887e+00 9.222750019497816254e+00 9.222768097767511719e+00 1.045744366609365628e+01 1.045748654997008131e+01 1.081547043887469428e+01 1.081550651659027551e+01 1.261122595267904778e+01 1.261125427380370390e+01 1.332923930796258105e+01 1.332930118450074275e+01 1.511638124381212478e+01 1.511640067372030494e+01 1.971040527784275653e+01 1.971050070833675960e+01 2.469532657185362012e+01 2.469552011181599838e+01
6.686987288128908025e-02 -6.094249255671836396e-01 -6.093115170499868727e-01 2.825011035032630513e+00 2.825077393203101916e+00 3.235955688166492372e+00 3.235983255624890642e+00 4.330380711983561781e+00 4.330528639675056191e+00 5.221127993496487818e+00 5.221150602061910284e+00 7.477363637564418575e+00 7.477372220446080853e+00 7.805293685347922228e+00 7.805336787731593340e+00 9.262941227508218134e+00 9.262958014067889323e+00 1.046052043094202233e+01 1.046056110792090088e+01 1.081688827067963032e+01 1.081692166695132684e+01 1.261382221911862445e+01 1.261384534277016378e+01 1.333149800041942967e+01 1.333155198394038443e+01 1.510019624737890531e+01 1.510021193406706352e+01 1.969226444792721153e+01 1.969235042884413289e+01 2.469629368838228345e+01 2.469647297020286558e+01
6.838964271950019602e-02 -6.010450631834780566e-01 -6.009331323485942455e-01 2.865330191991625863e+00 2.865361841984769509e+00 3.259666451033101264e+00 3.259694010605758585e+00 4.385892102364746137e+00 4.386008783308829706e+00 5.250433847128697096e+00 5.250452657733898576e+00 7.464284525560617389e+00 7.464299409782098493e+00 7.799726710227009363e+00 7.799762201619319768e+00 9.304100683281470552e+00 9.304116471715337511e+00 1.046356204931139011e+01 1.046360087773025072e+01 1.081853241817094080e+01 1.081856319086704588e+01 1.261623254440226560e+01 1.261625177458012814e+01 1.333278856968829906e+01 1.333283697300838355e+01 1.508409180078996137e+01 1.508410380449500821e+01 1.967414968648693119e+01 1.967422702923702360e+01 2.469723260811540655e+01 2.469739730968425917e+01
6.990941255771131180e-02 -5.904723838921351886e-01 -5.903622754921353799e-01 2.903798219519255763e+00 2.903807143985779327e+00 3.284147631363489861e+00 3.284175528766777763e+00 4.439538067598344462e+00 4.439624317770515027e+00 5.279683483014572687e+00 5.279699374757373498e+00 7.451658067240058969e+00 7.451679211726187191e+00 7.794433219894172815e+00 7.794461012037713132e+00 9.346177013278923695e+00 9.346192068258153185e+00 1.046656672615661599e+01 1.046660428737246562e+01 1.082041419898551737e+01 1.082044257372060159e+01 1.261843830457646831e+01 1.261845602091547924e+01 1.333307708024001670e+01 1.333312341206873697e+01 1.506811008199275292e+01 1.506811858418825700e+01 1.965608298350413818e+01 1.965615320530316623e+01 2.469814172780599648e+01 2.469829212467028867e+01
7.142918239592242757e-02 -5.774887794992371592e-01 -5.773807422165498915e-01 2.940327888938271794e+00 2.940362394249618205e+00 3.309478315342706978e+00 3.309506009818373062e+00 4.491320232254184752e+00 4.491378171660432628e+00 5.308849515910480932e+00 5.308864449637819227e+00 7.439513139050354162e+00 7.439540351387510242e+00 7.789393128015466239e+00 7.789413380829324218e+00 9.389110828454755975e+00 9.389125351705541078e+00 1.046953399736654333e+01 1.046957103027056846e+01 1.082254520421749433e+01 1.082257158291810129e+01 1.262041882751713651e+01 1.262043791983011509e+01 1.333233634859562677e+01 1.333238454490214941e+01 1.505229291146805792e+01 1.505229825971026081e+01 1.963808586284350000e+01 1.963815114896716096e+01 2.469901953694675356e+01 2.469915651653819566e+01
7.294895223413354335e-02 -5.618289067965552830e-01 -5.617230863178465095e-01 2.974888617275322389e+00 2.974949328225849676e+00 3.335719770787170191e+00 3.335745978831553327e+00 4.541243181552337305e+00 4.541277715363014167e+00 5.337909074000577903e+00 5.337925758403688548e+00 7.427875226027410349e+00 7.427908245960645139e+00 7.784587257757209500e+00 7.784600361333827045e+00 9.432834693614044141e+00 9.432848814228899315e+00 1.047246492979211752e+01 1.047250222242377404e+01 1.082493743555792776e+01 1.082496238754039553e+01 1.262215146153574530e+01 1.262217407978241290e+01 1.333054700604509613e+01 1.333060026589003044e+01 1.503668115149899087e+01 1.503668413429249817e+01 1.962017942115634384e+01 1.962024239514758506e+01 2.469986462608641986e+01 2.469998968480634005e+01
7.446872207234465912e-02 -5.431624906287864096e-01 -5.430589181730441917e-01 3.007449411316036159e+00 3.007532084851857412e+00 3.362909403424254595e+00 3.362932375530610418e+00 4.589311545172176210e+00 4.589336882559127417e+00 5.366843859852851395e+00 5.366864533109969138e+00 7.416766207035008662e+00 7.416804719571523208e+00 7.779997595448536529e+00 7.780004170044350076e+00 9.477273110861140992e+00 9.477286898044514629e+00 1.047536232467171757e+01 1.047540059103294219e+01 1.082760348679646256e+01 1.082762770638774974e+01 1.262361084972517133e+01 1.262363802925690237e+01 1.332769808998585503e+01 1.332775829892127462e+01 1.502131387202454960e+01 1.502131665757218926e+01 1.960238437863243277e+01 1.960244766335482680e+01 2.470067570830462245e+01 2.470079090526824217e+01
7.598849191055577490e-02 -5.210668917509476694e-01 -5.209654631196688479e-01 3.038003151113005895e+00 3.038102929487903836e+00 3.391055965652636672e+00 3.391073816114157591e+00 4.635534816294311966e+00 4.635571204237430187e+00 5.395639195650930198e+00 5.395665134620885262e+00 7.406204120732986063e+00 7.406247757245462360e+00 7.775607201089735021e+00 7.775608761429794846e+00 9.522342499843574615e+00 9.522355988121796955e+00 1.047823092472773077e+01 1.047827070648358294e+01 1.083055676946226420e+01 1.083058099452541967e+01 1.262476826410249053e+01 1.262480028371840923e+01 1.332378757933051006e+01 1.332385543743242273e+01 1.500622918547829698e+01 1.500623358140400221e+01 1.958472104376878775e+01 1.958478679285952850e+01 2.470145165927202058e+01 2.470155948975516225e+01
7.750826174876689068e-02 -4.949824224716382060e-01 -4.948828581425634421e-01 3.066570878915968468e+00 3.066682776970910407e+00 3.420137253730242577e+00 3.420148373702446065e+00 4.679936170918798766e+00 4.679989369641950780e+00 5.424282872640643127e+00 5.424314656043903504e+00 7.396202932614145631e+00 7.396251270036757752e+00 7.771397852170623288e+00 7.771402638096423843e+00 9.567951150780007907e+00 9.567964366055798919e+00 1.048107764159435007e+01 1.048111925807051392e+01 1.083381177454492139e+01 1.083383668647827847e+01 1.262559131184390715e+01 1.262562802837961051e+01 1.331882315889014556e+01 1.331889851717863138e+01 1.499146353051677671e+01 1.499146969329090062e+01 1.956720916480601602e+01 1.956727879971373696e+01 2.470219157023493395e+01 2.470229473326689984e+01
7.902803158697800645e-02 -4.641348501632239776e-01 -4.640366162122444016e-01 3.093200949049384807e+00 3.093320187127473808e+00 3.450100530671195820e+00 3.450105178067628398e+00 4.722538715986352109e+00 4.722607757223370228e+00 5.452764235265793680e+00 5.452802010625330986e+00 7.386772304346536089e+00 7.386824865388689432e+00 7.767360235733176133e+00 7.767369088146181433e+00 9.613999120685958744e+00 9.614012097896216247e+00 1.048391182843232627e+01 1.048395537190211257e+01 1.083738436665045057e+01 1.083741050974554554e+01 1.262604370743441784e+01 1.262608474070500364e+01 1.331282307142997290e+01 1.331290521069044885e+01 1.497704994500130127e+01 1.497705762047144518e+01 1.954986776124941983e+01 1.954994196305398901e+01 2.470289478851067244e+01 2.470299587394745444e+01
8.054780142518912223e-02 -4.273894978451211468e-01 -4.272916388051616887e-01 3.117964909745285063e+00 3.118087167813087923e+00 3.480863269767960677e+00 3.480872083302583686e+00 4.763367281768187134e+00 4.763449680007528109e+00 5.481073245889533929e+00 5.481116869104927680e+00 7.377917365482667300e+00 7.377973620954697331e+00 7.763484223488442026e+00 7.763496319742663410e+00 9.660378038831648695e+00 9.660390825739092691e+00 1.048674562029373014e+01 1.048679097958745388e+01 1.084129212253645669e+01 1.084131986621464172e+01 1.262608502967969315e+01 1.262612986091912326e+01 1.330581690918964810e+01 1.330590472979591610e+01 1.496301810471339699e+01 1.496302696168491053e+01 1.953271501674504407e+01 1.953279386016276575e+01 2.470356091329950488e+01 2.470366209814052283e+01
8.206757126340023800e-02 -3.829437953595305477e-01 -3.828445399816927663e-01 3.140951078222113058e+00 3.141072661996625826e+00 3.512331981843388018e+00 3.512349840269266110e+00 4.802451040494472245e+00 4.802543913156103628e+00 5.509199501041941893e+00 5.509248606487672895e+00 7.369638488591128578e+00 7.369697862235264019e+00 7.759761105630932576e+00 7.759775619885764364e+00 9.706970783228404898e+00 9.706983429429794086e+00 1.048959436232129327e+01 1.048964125857948915e+01 1.084555473231349509e+01 1.084558427146300197e+01 1.262567049212500514e+01 1.262571852165762998e+01 1.329784627902939498e+01 1.329793842984823016e+01 1.494939410109596523e+01 1.494940380483346765e+01 1.951576823343458855e+01 1.951585135079672639e+01 2.470418974161523451e+01 2.470429259574608594e+01
8.358734110161135378e-02 -3.275621054718954039e-01 -3.274577471679624430e-01 3.162257172900375224e+00 3.162375090812655554e+00 3.544401147169950139e+00 3.544428045858069254e+00 4.839824442770399138e+00 4.839924858045334233e+00 5.537131278156164349e+00 5.537185320372422836e+00 7.361931070375523412e+00 7.361992946237535307e+00 7.756184550038506487e+00 7.756200770852187176e+00 9.753650985749729330e+00 9.753663521027101879e+00 1.049247714908362639e+01 1.049252517378408278e+01 1.085019447290473771e+01 1.085022584812978863e+01 1.262475076682327746e+01 1.262480135233948353e+01 1.328896530059292580e+01 1.328906027249645483e+01 1.493620018828715601e+01 1.493621042765333407e+01 1.949904381747149884e+01 1.949913054160236214e+01 2.470478119584148047e+01 2.470488663437089016e+01
8.510711093982246955e-02 -2.540581090435382605e-01 -2.539385260840229530e-01 3.181983321220732464e+00 3.182095285854608324e+00 3.576958731171969053e+00 3.576993760043090553e+00 4.875527763102226686e+00 4.875632903395904272e+00 5.564854693510467243e+00 5.564912979081832134e+00 7.354785323142999154e+00 7.354849055302993932e+00 7.752750794589816863e+00 7.752768213769898331e+00 9.800282320400441449e+00 9.800294730352977268e+00 1.049541750587520461e+01 1.049546615661904170e+01 1.085523675268649768e+01 1.085526987563774703e+01 1.262327190479664729e+01 1.262332438966248382e+01 1.327924089418739406e+01 1.327933709356283920e+01 1.492345460054139039e+01 1.492346510156291117e+01 1.948255727551396532e+01 1.948264675117203382e+01 2.470533526883232867e+01 2.470544361633303510e+01
8.662688077803358533e-02 -1.353912407967306775e-01 -1.351944601766317255e-01 3.200226361048853274e+00 3.200330737314674323e+00 3.609893762488477265e+00 3.609935483904351816e+00 4.909607423916450664e+00 4.909714683708593874e+00 5.592353038426077561e+00 5.592414755823740258e+00 7.348186083068378949e+00 7.348251007403225898e+00 7.749458813496135967e+00 7.749477212122223513e+00 9.846717528362992411e+00 9.846729735670363581e+00 1.049844425178405771e+01 1.049849296428351586e+01 1.086071072006581062e+01 1.086074539682524076e+01 1.262117540416952899e+01 1.262122913996499562e+01 1.326875280649080935e+01 1.326884861707893393e+01 1.491117145977281133e+01 1.491118199250242427e+01 1.946632321497558848e+01 1.946641448318122158e+01 2.470585199889533357e+01 2.470596310614144286e+01
8.814665061624468723e-02 1.771980491509226874e-01 1.773275710277613382e-01 3.217075839326861697e+00 3.217171562523827966e+00 3.643100521460171937e+00 3.643147154229382956e+00 4.942116091223405228e+00 4.942223140926837566e+00 5.619606343498323220e+00 5.619670593862274188e+00 7.342112644098059526e+00 7.342178091640695570e+00 7.746310476194405936e+00 7.746329986170635173e+00 9.892797135691967725e+00 9.892808992346015629e+00 1.050159259253663535e+01 1.050164076848017380e+01 1.086664992347483327e+01 1.086668587429462107e+01 1.261839848699419342e+01 1.261845285211136414e+01 1.325759331365708782e+01 1.325768715103093953e+01 1.489936077810615522e+01 1.489937115868768380e+01 1.945035534688781098e+01 1.945044740882547529e+01 2.470633146739100638e+01 2.470644483565129690e+01
8.966642045445580300e-02 2.910091211672414802e-01 2.910758502396641467e-01 3.232611684461842660e+00 3.232698167130592992e+00 3.676480988501519942e+00 3.676530564729492578e+00 4.973112521291768395e+00 4.973217347737933558e+00 5.646591200079724260e+00 5.646657029666990013e+00 7.336538629060182615e+00 7.336603940434431870e+00 7.743310702511144505e+00 7.743331799287120454e+00 9.938347827783740485e+00 9.938359119566346322e+00 1.050490549558560005e+01 1.050495252641735178e+01 1.087309300139621548e+01 1.087312987742176418e+01 1.261487465544271203e+01 1.261492907041469458e+01 1.324586653485467380e+01 1.324595689564234213e+01 1.488802855384753165e+01 1.488803864259788767e+01 1.943466649197165808e+01 1.943475835788158435e+01 2.470677380745332741e+01 2.470688869830846102e+01
9.118619029266691878e-02 3.762472991996180793e-01 3.762899711460254704e-01 3.246903274971103315e+00 3.246980315340312728e+00 3.709945914333344863e+00 3.709996418127754492e+00 5.002661152007025436e+00 5.002762080316350612e+00 5.673280845667087569e+00 5.673347279553971667e+00 7.331431912552516472e+00 7.331496452885543746e+00 7.740467597063288352e+00 7.740490992484395427e+00 9.983180467085070120e+00 9.983190928789952068e+00 1.050843539434383445e+01 1.050848068101836219e+01 1.088008436599949036e+01 1.088012176423818289e+01 1.261053460400774284e+01 1.261058854360501691e+01 1.323368728699082908e+01 1.323377279370006754e+01 1.487717695445704180e+01 1.487718665067251855e+01 1.941926859065474176e+01 1.941935931742689192e+01 2.470717921596675382e+01 2.470729474024475536e+01
9.270596013087803455e-02 4.494953983196200431e-01 4.495241796177372184e-01 3.260009535204445363e+00 3.260077234402794844e+00 3.743414891313573634e+00 3.743464376493159218e+00 5.030831452164176376e+00 5.030927152080074016e+00 5.699645497624413970e+00 5.699711573665930509e+00 7.326754613344611755e+00 7.326817786988880421e+00 7.737792517626125743e+00 7.737818985824987728e+00 1.002708779300809994e+01 1.002709713195474528e+01 1.051224623975632966e+01 1.051228920848831017e+01 1.088767482092464434e+01 1.088771229865667500e+01 1.260530756244850181e+01 1.260536056421396189e+01 1.322117941677869268e+01 1.322125885833575865e+01 1.486680457615247164e+01 1.486681381055251627e+01 1.940417271750454375e+01 1.940426143737084175e+01 2.470754796507339535e+01 2.470766315183182371e+01
9.422572996908915033e-02 5.158933263087359666e-01 5.159130869280366127e-01 3.271979704711422965e+00 3.272038395761224017e+00 3.776815781038845632e+00 3.776862466150032294e+00 5.057697060153055979e+00 5.057786539515477742e+00 5.725652900373416010e+00 5.725717702174251578e+00 7.322463177124695299e+00 7.322524441460174671e+00 7.735300037704013754e+00 7.735330254062507294e+00 1.006984195388366565e+01 1.006984987944921528e+01 1.051641583997382767e+01 1.051645595404105826e+01 1.089592202098584295e+01 1.089595911053299382e+01 1.259912312946723212e+01 1.259917479819989516e+01 1.320847356387234228e+01 1.320854593152830425e+01 1.485690676676082589e+01 1.485691549275041190e+01 1.938938910025660789e+01 1.938947504210344519e+01 2.470788041193593543e+01 2.470799426083344130e+01
9.574549980730026610e-02 5.778022560944443553e-01 5.778162408288370910e-01 3.282854494683313806e+00 3.282904683716767025e+00 3.810083784317402245e+00 3.810126125502413696e+00 5.083334757263890502e+00 5.083417345237696949e+00 5.751269036892860065e+00 5.751331724540477808e+00 7.318508573069252066e+00 7.318567450616867198e+00 7.733007799250602332e+00 7.733042243042867803e+00 1.011119223698169733e+01 1.011119849441381291e+01 1.052103825693261108e+01 1.052107502483316992e+01 1.090489063810812276e+01 1.090492686255205967e+01 1.259191362462413544e+01 1.259196363239250438e+01 1.319570434309401108e+01 1.319576886113131309e+01 1.484747599650260419e+01 1.484748418159115602e+01 1.937492714338547017e+01 1.937500964766717004e+01 2.470817700654744797e+01 2.470828852721922431e+01
9.726526964551138188e-02 6.365173433331513531e-01 6.365283781480213232e-01 3.292667423644867863e+00 3.292709742468810763e+00 3.843160359675250604e+00 3.843197103882975529e+00 5.107823328741949886e+00 5.107898651357470676e+00 5.776458947255865617e+00 5.776518784756957459e+00 7.314836629377103883e+00 7.314892717459608562e+00 7.730936262340545539e+00 7.730975179127865360e+00 1.015086375500549565e+01 1.015086816277667481e+01 1.052622568953205118e+01 1.052625867041170515e+01 1.091465204503325381e+01 1.091468693514142174e+01 1.258361693275609206e+01 1.258366501438134755e+01 1.318300698768141110e+01 1.318306313847508626e+01 1.483850226058843980e+01 1.483850987921788622e+01 1.936079545599519136e+01 1.936087398390949232e+01 2.470843829771838784e+01 2.470854653935347400e+01
9.878503948372249766e-02 6.928255377031055096e-01 6.928361546192293163e-01 3.301446194637206677e+00 3.301481363309559658e+00 3.875992125293407753e+00 3.876022348726996025e+00 5.131242367582388830e+00 5.131310317961558454e+00 5.801187595104217998e+00 5.801243973806311516e+00 7.311388532894440573e+00 7.311441510167962399e+00 7.729108341611294009e+00 7.729151740490881828e+00 1.018855849661582980e+01 1.018856099352616162e+01 1.053210867708510889e+01 1.053213748559870844e+01 1.092528327268757415e+01 1.092531638494699919e+01 1.257417974244127556e+01 1.257422568704938470e+01 1.317051356765385428e+01 1.317056111142125019e+01 1.482997349774550777e+01 1.482998052641412379e+01 1.934700188368312013e+01 1.934707602109168789e+01 2.470866493741031888e+01 2.470876901122727176e+01
1.003048093219336134e-01 7.472371390195798879e-01 7.472489578814165423e-01 3.309214030212215718e+00 3.309242828329194808e+00 3.908529822667052400e+00 3.908552965550959879e+00 5.153671072695892974e+00 5.153731777979324136e+00 5.825420726587502429e+00 5.825473184307165653e+00 7.308101515450747598e+00 7.308151144848352487e+00 7.727548907923883270e+00 7.727596574667487062e+00 1.022396101737341390e+01 1.022396186724131972e+01 1.053883256410598968e+01 1.053885687909684599e+01 1.093686495372812573e+01 1.093689588899051124e+01 1.256356099589656949e+01 1.256360463598773336e+01 1.315834897974148632e+01 1.315838797150558470e+01 1.482187600988083709e+01 1.482188242489297636e+01 1.933355354394000258e+01 1.933362300043041060e+01 2.470885768352434297e+01 2.470895678045978272e+01
1.018245791601447292e-01 8.000969600571662399e-01 8.001106398237251005e-01 3.315990919604684617e+00 3.316014165236818911e+00 3.940727371791711064e+00 3.940743306939834323e+00 5.175187085931187703e+00 5.175240872369971434e+00 5.849125673952628723e+00 5.849173909999666243e+00 7.304909743717738380e+00 7.304955871748681773e+00 7.726284136772677336e+00 7.726335653951440285e+00 1.025675152948450375e+01 1.025675297347194004e+01 1.054654718908123101e+01 1.054656677406326182e+01 1.094947796080116831e+01 1.094950638263037312e+01 1.255173528791413240e+01 1.255177648817196712e+01 1.314662698172661592e+01 1.314665779350213271e+01 1.481419486979728717e+01 1.481420064740061981e+01 1.932045686458113209e+01 1.932052146804438664e+01 2.470901740116412526e+01 2.470911080688271255e+01
1.033443489983558450e-01 8.516436719847608749e-01 8.516593683937068171e-01 3.321794757458874869e+00 3.321813292740732670e+00 3.972540952853467644e+00 3.972550291546622869e+00 5.195865403175387698e+00 5.195912760097402661e+00 5.872272066010549629e+00 5.872315952678772710e+00 7.301745419671269666e+00 7.301787972643889013e+00 7.725340695821812709e+00 7.725395467028379315e+00 1.028663380430204377e+01 1.028663659269554564e+01 1.055538652931879184e+01 1.055540127904357739e+01 1.096319852236145387e+01 1.096322417385573189e+01 1.253869589748721047e+01 1.253873454588598513e+01 1.313544659184806918e+01 1.313546996164585678e+01 1.480691430598925606e+01 1.480691942424996910e+01 1.930771762464936003e+01 1.930777731177596834e+01 2.470914506229435403e+01 2.470923217162577146e+01
1.048641188365669608e-01 9.020442783405744347e-01 9.020619525069325517e-01 3.326642369237675645e+00 3.326657050700920326e+00 4.003927554326035754e+00 4.003933518745543374e+00 5.215777384896639113e+00 5.215818927327568133e+00 5.894832418625564507e+00 5.894872009788981515e+00 7.298540084908175629e+00 7.298579063481827944e+00 7.724744778419322166e+00 7.724802056169018272e+00 1.031337117052858865e+01 1.031337498104534411e+01 1.056543724787274385e+01 1.056544729477336020e+01 1.097809179298899807e+01 1.097811451085863510e+01 1.252445712877426764e+01 1.252449313215124249e+01 1.312488917034938929e+01 1.312490632970264315e+01 1.480001805587976627e+01 1.480002249747389520e+01 1.929534099718811291e+01 1.929539580036622937e+01 2.470924174359034353e+01 2.470932207675082282e+01
1.063838886747780765e-01 9.514152565480898938e-01 9.514348020359918445e-01 3.330550428540613783e+00 3.330562116595194855e+00 4.034845016882054658e+00 4.034854137953700182e+00 5.234989882187567112e+00 5.235026310967281660e+00 5.916782589045839202e+00 5.916818125799855110e+00 7.295226104715230697e+00 7.295261579140288610e+00 7.724521006916124755e+00 7.724579924474348047e+00 1.033683121970208596e+01 1.033683565845810648e+01 1.057670132137212882e+01 1.057670734973997995e+01 1.099420418966213120e+01 1.099422391503197893e+01 1.250905569036028631e+01 1.250908897547797594e+01 1.311501645622970180e+01 1.311502939653531463e+01 1.479348968126315356e+01 1.479349343641532499e+01 1.928333159324503399e+01 1.928338162447963455e+01 2.470930862210006040e+01 2.470938184566896112e+01
1.079036585129891784e-01 9.998360879113556976e-01 9.998573750972992169e-01 3.333536278321715951e+00 3.333545812138700715e+00 4.065255892632333001e+00 4.065270132938853642e+00 5.253564486232646935e+00 5.253596544007872460e+00 5.938102087660337425e+00 5.938133998706046413e+00 7.291738288441414362e+00 7.291770397688195793e+00 7.724691248003560773e+00 7.724750855303186725e+00 1.035702363885335586e+01 1.035702835793567722e+01 1.058906645304154814e+01 1.058907078787194500e+01 1.101155524486821236e+01 1.101157203200556367e+01 1.249255094973564795e+01 1.249258146927786051e+01 1.310586993053850158e+01 1.310588145928410597e+01 1.478731284203924190e+01 1.478731591106607723e+01 1.927169350643936951e+01 1.927173893910459057e+01 2.470934696808682673e+01 2.470941292484136653e+01
1.094234283512002942e-01 1.047358240351107916e+00 1.047381128870655154e+00 3.335618668516000529e+00 3.335626807378272218e+00 4.095122057838474383e+00 4.095141059362859437e+00 5.271556902320035043e+00 5.271585324729616495e+00 5.958774249167062997e+00 5.958803139159548401e+00 7.288015583942757836e+00 7.288044542223624411e+00 7.725273399955050024e+00 7.725332703428972714e+00 1.037411138067274941e+01 1.037411613895245210e+01 1.060230328911162623e+01 1.060230923374206924e+01 1.103013015173512912e+01 1.103014417872515551e+01 1.247502404222292149e+01 1.247505178366216860e+01 1.309747186263045649e+01 1.309748443086067837e+01 1.478147152641525608e+01 1.478147392173158181e+01 1.926043035741356846e+01 1.926047140688777759e+01 2.470935813412765825e+01 2.470941688757321231e+01
1.109431981894114100e-01 1.094011313698264320e+00 1.094035653213785153e+00 3.336818408272737901e+00 3.336825744967739649e+00 4.124404697217338267e+00 4.124427593326654318e+00 5.289016444139059026e+00 5.289041908674751546e+00 5.978786271028333488e+00 5.978812884797754634e+00 7.284002769026370672e+00 7.284028882184672149e+00 7.726280225611465546e+00 7.726338231412226421e+00 1.038838611589630645e+01 1.038839079931877052e+01 1.061609683089696254e+01 1.061610508457576074e+01 1.104987439549317685e+01 1.104988598356569973e+01 1.245657595734154377e+01 1.245660095165054848e+01 1.308982675731822098e+01 1.308984135342355692e+01 1.477595023738522606e+01 1.477595198569894386e+01 1.924954533750451802e+01 1.924958224198152834e+01 2.470934353957416363e+01 2.470939544070021299e+01
1.124629680276225258e-01 1.139807345369570069e+00 1.139832972759588170e+00 3.337158917649810874e+00 3.337165820130302940e+00 4.153064890412013099e+00 4.153090637219936987e+00 5.305985640760701116e+00 5.306008720452206617e+00 5.998129127810334360e+00 5.998154279195423655e+00 7.279652055595878579e+00 7.279675745954286015e+00 7.727718311963652553e+00 7.727774071836786440e+00 1.040021701813085464e+01 1.040022162968044483e+01 1.063009726930017962e+01 1.063010726126487704e+01 1.107069170337743280e+01 1.107070134807729112e+01 1.243732483784578413e+01 1.243734716483083780e+01 1.308292288062347275e+01 1.308293944924073315e+01 1.477073413564201410e+01 1.477073528427652249e+01 1.923904125102926344e+01 1.923907425397744220e+01 2.470930465135938903e+01 2.470935043311196466e+01
1.139827378658336415e-01 1.184743883717218393e+00 1.184770620066207814e+00 3.336666692686435898e+00 3.336673321315701379e+00 4.181063636662988969e+00 4.181091125368122441e+00 5.322499948416170135e+00 5.322521080294952078e+00 6.016797364443714713e+00 6.016821835172111221e+00 7.274924525510304996e+00 7.274946354880410304e+00 7.729587234724680123e+00 7.729639893896063541e+00 1.040999423403352786e+01 1.040999887362479726e+01 1.064397479649505307e+01 1.064398568810620382e+01 1.109244596514339776e+01 1.109245435457871309e+01 1.241740278575377410e+01 1.241742257334603394e+01 1.307673495892483118e+01 1.307675300925678741e+01 1.476580913181213184e+01 1.476580978315975834e+01 1.922892055569144176e+01 1.922894989145629907e+01 2.470924297014883919e+01 2.470928385706550756e+01
1.155025077040447573e-01 1.228806212507564721e+00 1.228833861294053476e+00 3.335371728311277817e+00 3.335378104036777369e+00 4.208361851111138030e+00 4.208389976383079656e+00 5.338587561764978950e+00 5.338607037392149479e+00 6.034788767905459039e+00 6.034813208258809070e+00 7.269791330617184855e+00 7.269811997910802681e+00 7.731878993380848719e+00 7.731927840362595283e+00 1.041808535912853095e+01 1.041809020514196504e+01 1.065745787489865037e+01 1.065746883530472999e+01 1.111496693998227947e+01 1.111497487759598890e+01 1.239695247108854304e+01 1.239696988711458658e+01 1.307122732582817015e+01 1.307124623175273115e+01 1.476116188399097950e+01 1.476116237763802452e+01 1.921918540076794457e+01 1.921921128461170269e+01 2.470916004959782342e+01 2.470919781450750463e+01
1.170222775422558731e-01 1.271968976759209946e+00 1.271997323726359985e+00 3.333307918606522868e+00 3.333313992876059118e+00 4.234920395738820176e+00 4.234948111275677718e+00 5.354269322248953245e+00 5.354287300242425829e+00 6.052103927306004216e+00 6.052128796631238927e+00 7.264234605738494110e+00 7.264254890906541640e+00 7.734577760032060212e+00 7.734622279352592500e+00 1.042481143384963360e+01 1.042481672203828502e+01 1.067034899325470754e+01 1.067035931741844479e+01 1.113805872277415965e+01 1.113806691371431512e+01 1.237612379375605798e+01 1.237613903042212371e+01 1.306635693358820660e+01 1.306637606615486646e+01 1.475677998429235416e+01 1.475678078745851529e+01 1.920983766289598904e+01 1.920986028633780762e+01 2.470905758491580784e+01 2.470909441221023428e+01
1.185420473804669889e-01 1.314197378415147055e+00 1.314226193157794098e+00 3.330513426624490680e+00 3.330519131044313408e+00 4.260700147981601127e+00 4.260726517893822063e+00 5.369558721840911986e+00 5.369575255568721062e+00 6.068745708411459994e+00 6.068771267847756334e+00 7.258248054210578282e+00 7.258268707300475242e+00 7.737659957210114570e+00 7.737699887568613377e+00 1.043043938527631909e+01 1.043044537838757435e+01 1.068252267864692051e+01 1.068253185641636804e+01 1.116150941431460453e+01 1.116151828694764525e+01 1.235507077661878483e+01 1.235508403007284883e+01 1.306207605523695037e+01 1.306209484728134917e+01 1.475265215819640297e+01 1.475265338661099435e+01 1.920087897939291111e+01 1.920089851116166813e+01 2.470893753470995691e+01 2.470897562178718943e+01
1.200618172186781046e-01 1.355448059011391981e+00 1.355477098086258714e+00 3.327031016599719226e+00 3.327036292642351789e+00 4.285662101214657405e+00 4.285686352392748866e+00 5.384461999374162922e+00 5.384477070839976953e+00 6.084718669973669058e+00 6.084745011141518667e+00 7.251837183301233836e+00 7.251858805554243226e+00 7.741094650898079799e+00 7.741130051847797233e+00 1.043518451179631867e+01 1.043519146517913931e+01 1.069391364741835204e+01 1.069392141970545218e+01 1.118510057575574734e+01 1.118511028157574927e+01 1.233394878882554124e+01 1.233396023833430810e+01 1.305833458999303964e+01 1.305835257245799319e+01 1.474876789919800935e+01 1.474876955466567274e+01 1.919231077904946403e+01 1.919232737150263191e+01 2.470880213486204013e+01 2.470884324589881942e+01
1.215815870568892204e-01 1.395669753893314935e+00 1.395698765150481080e+00 3.322908347463657375e+00 3.322913162284943933e+00 4.309767489089812997e+00 4.309789071805267824e+00 5.398978325755569685e+00 5.398991878676190126e+00 6.100028438418491739e+00 6.100055524820302999e+00 7.245019211465405284e+00 7.245042184231550664e+00 7.744844221720161848e+00 7.744875546776952113e+00 1.043921748598740429e+01 1.043922561983598385e+01 1.070450170180177629e+01 1.070450813269867396e+01 1.120861551786115662e+01 1.120862602501397554e+01 1.231291212848067929e+01 1.231292192117006756e+01 1.305508193480183188e+01 1.305509876084202325e+01 1.474511751521900571e+01 1.474511958208373485e+01 1.918413431018647586e+01 1.918414811100856454e+01 2.470865376818161607e+01 2.470869902700346543e+01
1.231013568951003362e-01 1.434803781840998660e+00 1.434832509632372854e+00 3.318198227275321877e+00 3.318202580545708713e+00 4.332977924277189530e+00 4.332996594198867513e+00 5.413100074674786377e+00 5.413112043066464985e+00 6.114681050183834010e+00 6.114708756276670876e+00 7.237822713218462489e+00 7.237847187502229218e+00 7.748865267174167570e+00 7.748893417935452277e+00 1.044267244787264204e+01 1.044268192986955412e+01 1.071429738766980400e+01 1.071430295102231867e+01 1.123184588118144234e+01 1.123185706429650921e+01 1.229211194134452967e+01 1.229212018834239650e+01 1.305226842968933099e+01 1.305228389394155286e+01 1.474169213187312089e+01 1.474169459278542504e+01 1.917635066534646171e+01 1.917636183525504023e+01 2.470849482939869546e+01 2.470854475921375837e+01
1.246211267333114520e-01 1.472784421184143655e+00 1.472812612099673846e+00 3.312958825368284455e+00 3.312962749743125546e+00 4.355255542817751291e+00 4.355271483189299353e+00 5.426813176361786617e+00 5.426823507686714620e+00 6.128682271346280963e+00 6.128710413594725459e+00 7.230287072521011993e+00 7.230312996265067405e+00 7.753109691016580207e+00 7.753135976797097761e+00 1.044565451275489032e+01 1.044566544857528712e+01 1.072333028163658675e+01 1.072333579310307350e+01 1.125459638253454919e+01 1.125460808655178191e+01 1.227169441942438510e+01 1.227170120811108234e+01 1.304984641646115762e+01 1.304986047236856272e+01 1.473848365311750896e+01 1.473848649112167486e+01 1.916896080096533339e+01 1.916896954124297281e+01 2.470832766683530579e+01 2.470838232207434615e+01
1.261408965715225816e-01 1.509539216148692020e+00 1.509566624947030311e+00 3.307253834709420026e+00 3.307257390726956903e+00 4.376563163005249280e+00 4.376577136793140532e+00 5.440097552615934973e+00 5.440106226327159789e+00 6.142036907871297302e+00 6.142065267340361956e+00 7.222461798058019689e+00 7.222488956559153017e+00 7.757525918973480650e+00 7.757551828020231355e+00 1.044824608628667484e+01 1.044825851477261835e+01 1.073164031925326078e+01 1.073164652171322864e+01 1.127668793746233966e+01 1.127670002010825989e+01 1.225179920765270936e+01 1.225180463540918652e+01 1.304777096854325258e+01 1.304778374118775552e+01 1.473548471124590264e+01 1.473548790815594067e+01 1.916196554781154759e+01 1.916197214980530816e+01 2.470815457327352505e+01 2.470821366392340579e+01
1.276606664097336696e-01 1.544989253721815059e+00 1.545015649149699577e+00 3.301152571617532505e+00 3.301155837056340747e+00 4.396864533768855665e+00 4.396877895522766977e+00 5.452927631176724965e+00 5.452934674919092117e+00 6.154748123960479766e+00 6.154776461942946142e+00 7.214405738744156693e+00 7.214433795524898940e+00 7.762060105537674559e+00 7.762086936938923820e+00 1.045051191480115449e+01 1.045052580610223281e+01 1.073927156125015259e+01 1.073927880378927746e+01 1.129795952606946230e+01 1.129797188360317151e+01 1.223255794450901668e+01 1.223256218672041307e+01 1.304600035752326903e+01 1.304601213972413376e+01 1.473268861296121557e+01 1.473269214648840020e+01 1.915536560433383784e+01 1.915537054879848000e+01 2.470797778856867666e+01 2.470804077249519537e+01
1.291804362479447854e-01 1.579049450657947329e+00 1.579074620885555724e+00 3.294729993570203685e+00 3.294733048436366829e+00 4.416124734948887465e+00 4.416138998257933324e+00 5.465272936196811315e+00 5.465278444119216594e+00 6.166816790073070820e+00 6.166844858579663580e+00 7.206186225931652700e+00 7.206214760163184962e+00 7.766657187713360777e+00 7.766685776589456580e+00 1.045250301850081875e+01 1.045251827458498894e+01 1.074626794269962282e+01 1.074627623675193355e+01 1.131826918744311605e+01 1.131828176463963409e+01 1.221409287668208776e+01 1.221409630824267900e+01 1.304449631991739444e+01 1.304450752911875355e+01 1.473008928472169465e+01 1.473009312547221583e+01 1.914916153118100439e+01 1.914916562894256202e+01 2.470779949939410614e+01 2.470786564760510018e+01
1.307002060861559012e-01 1.611628891526918350e+00 1.611652648961406697e+00 3.288066609088165393e+00 3.288069520155640912e+00 4.434310443258230094e+00 4.434326664176350796e+00 5.477098748844375642e+00 5.477102911132812224e+00 6.178240886456897840e+00 6.178268435173508877e+00 7.197878155549154222e+00 7.197906695681938416e+00 7.771261797418915762e+00 7.771292465033988073e+00 1.045425971576834101e+01 1.045427617314729396e+01 1.075267074146628232e+01 1.075267990600324275e+01 1.133749446514660164e+01 1.133750724922177788e+01 1.219651556899270872e+01 1.219651885106697620e+01 1.304322417085686681e+01 1.304323525441423293e+01 1.472768121964337062e+01 1.472768532865385360e+01 1.914335390157205552e+01 1.914335815786520101e+01 2.470762183400678680e+01 2.470769027827600439e+01
1.322199759243670170e-01 1.642631261089910977e+00 1.642653446364482850e+00 3.281248248340466134e+00 3.281251058610250126e+00 4.451389882626048511e+00 4.451408475361712469e+00 5.488366830402778618e+00 5.488369987041352260e+00 6.189014992395068582e+00 6.189041773367155663e+00 7.189563009034073637e+00 7.189591063104995072e+00 7.775819114608426119e+00 7.775851760803950796e+00 1.045581393875910869e+01 1.045583137335511559e+01 1.075851722272078881e+01 1.075852698077064140e+01 1.135553252785198453e+01 1.135554552795084859e+01 1.217992582272319879e+01 1.217992963983620847e+01 1.304215278609031969e+01 1.304216410638339596e+01 1.472545942770984162e+01 1.472546375489721449e+01 1.913794351673006133e+01 1.913794858346428995e+01 2.470744685327879253e+01 2.470751662332535759e+01
1.337397457625781327e-01 1.671955416849000065e+00 1.671975901817372989e+00 3.274365659652003213e+00 3.274368385627556499e+00 4.467332813130037827e+00 4.467353700505317882e+00 5.499036223815012114e+00 5.499038907412947097e+00 6.199129895433212134e+00 6.199155666413340704e+00 7.181327798805805074e+00 7.181354881760952047e+00 7.780275663867463720e+00 7.780309887969250049e+00 1.045719100865036566e+01 1.045720914268482105e+01 1.076384002533768580e+01 1.076385006042426085e+01 1.137230008374166168e+01 1.137231330150179254e+01 1.216441055043210540e+01 1.216441526245247928e+01 1.304125447326248199e+01 1.304126623169390697e+01 1.472341939057630888e+01 1.472342387425179133e+01 1.913293120104632195e+01 1.913293725233831566e+01 2.470727653947571767e+01 2.470734659420938684e+01
1.352595156007892485e-01 1.699496149187244898e+00 1.699514838782531623e+00 3.267513894108766248e+00 3.267516529560950289e+00 4.482110662653390420e+00 4.482133451524293655e+00 5.509064201957332152e+00 5.509066976248684355e+00 6.208572357813237907e+00 6.208596884930628335e+00 7.173263914209624836e+00 7.173289572257883329e+00 7.784580018535955936e+00 7.784615220668042568e+00 1.045841100347848673e+01 1.045842951418483402e+01 1.076866702325892255e+01 1.076867701497599228e+01 1.138773311175422975e+01 1.138774651142353456e+01 1.215004258690149186e+01 1.215004825663428711e+01 1.304050477731783175e+01 1.304051700072220754e+01 1.472155702182182146e+01 1.472156158925626102e+01 1.912831763785689887e+01 1.912832458289005189e+01 2.470711278388342791e+01 2.470718203930863410e+01
1.367792854390003643e-01 1.725145175668148623e+00 1.725162008510668477e+00 3.260791438375099549e+00 3.260793961186685852e+00 4.495696685268925741e+00 4.495720786370271504e+00 5.518407217155316680e+00 5.518410381678468646e+00 6.217325078125202964e+00 6.217348138299857219e+00 7.165465838732597348e+00 7.165489670443331960e+00 7.788683395320293634e+00 7.788718852388622160e+00 1.045948981999621985e+01 1.045950834988612499e+01 1.077302148509850888e+01 1.077303113351868369e+01 1.140178635645902716e+01 1.140179984258540813e+01 1.213687991974661884e+01 1.213688643714005622e+01 1.303988226341913403e+01 1.303989483087461387e+01 1.471986863310787896e+01 1.471987320203367666e+01 1.912410340708663981e+01 1.912411103239724142e+01 2.470695737403341496e+01 2.470702472919748516e+01
1.382990552772114801e-01 1.748792411109408640e+00 1.748807358769423947e+00 3.254299057958510488e+00 3.254301437200940228e+00 4.508066098130449006e+00 4.508090804769310012e+00 5.527021661797253849e+00 5.527025241566297709e+00 6.225366883518941741e+00 6.225388266840075069e+00 7.158029709805745711e+00 7.158051383415251046e+00 7.792540142342417653e+00 7.792575064743146207e+00 1.046044000544791430e+01 1.046045817379792275e+01 1.077692241277466501e+01 1.077693145578604828e+01 1.141443248209719030e+01 1.141444588924971981e+01 1.212496541287370100e+01 1.212497256594727624e+01 1.303936829595070179e+01 1.303938097782347150e+01 1.471835090635464383e+01 1.471835538723489911e+01 1.912028902484094672e+01 1.912029705856578587e+01 2.470681198103906340e+01 2.470687634267626720e+01
1.398188251154225958e-01 1.770327544207820569e+00 1.770340609050613967e+00 3.248138322351608931e+00 3.248140524142531849e+00 4.519196194572318248e+00 4.519220738833652717e+00 5.534864703981640766e+00 5.534868579211973838e+00 6.232673180383423883e+00 6.232692692500282128e+00 7.151051699338005108e+00 7.151070965521260092e+00 7.796108132006560609e+00 7.796141707332161275e+00 1.046127141537343164e+01 1.046128883055276226e+01 1.078038498004355006e+01 1.078039320522127120e+01 1.142566076047227597e+01 1.142567385534807478e+01 1.211432707866101843e+01 1.211433459140858204e+01 1.303894681816730383e+01 1.303895931324039381e+01 1.471700087175218208e+01 1.471700517062441449e+01 1.911687495863225195e+01 1.911688310250345424e+01 2.470667814740911794e+01 2.470673845349021036e+01
1.413385949536337116e-01 1.789641933213955038e+00 1.789653144781525151e+00 3.242409800955603938e+00 3.242411792670798931e+00 4.529066437898315201e+00 4.529090034661146014e+00 5.541895199976623942e+00 5.541899189075014220e+00 6.239216678138984840e+00 6.239234142578915510e+00 7.144626206638989174e+00 7.144642905826296797e+00 7.799349072226969604e+00 7.799380500243739966e+00 1.046199173857419318e+01 1.046200801080214049e+01 1.078342101890087079e+01 1.078342827043757879e+01 1.143547518201583912e+01 1.143548767565165392e+01 1.210497901416651523e+01 1.210498657235212683e+01 1.303860413589339373e+01 1.303861610299872353e+01 1.471581589118773081e+01 1.471581991288476665e+01 1.911386163147545503e+01 1.911386958052129614e+01 2.470655727561058512e+01 2.470661251774307487e+01
1.428583647918448274e-01 1.806630806603891193e+00 1.806640216531757881e+00 3.237210944719400185e+00 3.237212697631470348e+00 4.537658539285126302e+00 4.537680422851662065e+00 5.548074568304897092e+00 5.548078468761117321e+00 6.244968381249806022e+00 6.244983641494518345e+00 7.138843875400277206e+00 7.138857938586299134e+00 7.802228749338806502e+00 7.802257270799683120e+00 1.046260691917365548e+01 1.046262167327799197e+01 1.078603951921972737e+01 1.078604569995428974e+01 1.144389193108472469e+01 1.144390349798184481e+01 1.209692306636700465e+01 1.209693033926446759e+01 1.303832870993021231e+01 1.303833979443468039e+01 1.471479364648752863e+01 1.471479729804388370e+01 1.911124942158050999e+01 1.911125687867585654e+01 2.470645061759386252e+01 2.470649986206390381e+01
1.443781346300559432e-01 1.821195720390922146e+00 1.821203395936512370e+00 3.232633702275988785e+00 3.232635192875593422e+00 4.544956522115930042e+00 4.544975977523568744e+00 5.553367597142800705e+00 5.553371207850093860e+00 6.249898819356427104e+00 6.249911740484986211e+00 7.133789471852200137e+00 7.133800913814730471e+00 7.804717214904336231e+00 7.804742135646679735e+00 1.046312149738210984e+01 1.046313438512743232e+01 1.078824711757943433e+01 1.078825218596140800e+01 1.145093624983278602e+01 1.145094655090706048e+01 1.209015120303246427e+01 1.209015786349124610e+01 1.303811096200630004e+01 1.303812081817749835e+01 1.471393213174611958e+01 1.471393532580985841e+01 1.910903866025818587e+01 1.910904534805962740e+01 2.470635926544751726e+01 2.470640167261127829e+01
1.458979044682670312e-01 1.833247184147719810e+00 1.833253200537390715e+00 3.228761958535142806e+00 3.228763168841197295e+00 4.550946774493884739e+00 4.550963164308732267e+00 5.557743174131224428e+00 5.557746309670699603e+00 6.253979456575700979e+00 6.253989926326340765e+00 7.129539689793289448e+00 7.129548593847620630e+00 7.806788927162342517e+00 7.806809638272312668e+00 1.046353888441380242e+01 1.046354959598147083e+01 1.079004855731816015e+01 1.079005251914436414e+01 1.145663881613286250e+01 1.145664752284996091e+01 1.208464846368547008e+01 1.208465420679068991e+01 1.303794309856706235e+01 1.303795140855899959e+01 1.471322964894384455e+01 1.471323230702913065e+01 1.910722962917147427e+01 1.910723530030100648e+01 2.470628414331842038e+01 2.470631898501568102e+01
1.474176743064781470e-01 1.842707327745004120e+00 1.842711759742540867e+00 3.225668923447626124e+00 3.225669840619139528e+00 4.555618091398003777e+00 4.555630878215673363e+00 5.561174926642578065e+00 5.561177427483114499e+00 6.257184192115562205e+00 6.257192121318700728e+00 7.126160976204161557e+00 7.126167470326901565e+00 7.808422856276303392e+00 7.808438850713858237e+00 1.046386158245978315e+01 1.046386985668802971e+01 1.079144710515265082e+01 1.079145000018413647e+01 1.146103186037500343e+01 1.146103867791079267e+01 1.208039626678985989e+01 1.208040082664741455e+01 1.303781895601365370e+01 1.303782544582107583e+01 1.471268480603326978e+01 1.471268686146713733e+01 1.910582255752376213e+01 1.910582700322868988e+01 2.470622600070243635e+01 2.470625267536358649e+01
1.489374441446892627e-01 1.849512447079327160e+00 1.849515360426360777e+00 3.223414632193045914e+00 3.223415247747633217e+00 4.558961707749149994e+00 4.558970472386553396e+00 5.563641761078861769e+00 5.563643501163337390e+00 6.259490840300522052e+00 6.259496162766242655e+00 7.123707493769243726e+00 7.123711719494412620e+00 7.809602560936721005e+00 7.809613446796603853e+00 1.046409135728187501e+01 1.046409699031571527e+01 1.079244491151425933e+01 1.079244679582601485e+01 1.146414532271839448e+01 1.146415001042127102e+01 1.207737577407719343e+01 1.207737893808169716e+01 1.303773387036922315e+01 1.303773832281687817e+01 1.471229651670449812e+01 1.471229791714165458e+01 1.910481761955018598e+01 1.910482067682233875e+01 2.470618540718667688e+01 2.470620345232772053e+01
1.504572139829003785e-01 1.853615247464377669e+00 1.853616691085886448e+00 3.222043737575464473e+00 3.222044046499833225e+00 4.560971323467928329e+00 4.560975778744954745e+00 5.565128291735891075e+00 5.565129183997827411e+00 6.260882464303189288e+00 6.260885136367311254e+00 7.122219348717254483e+00 7.122221426821486290e+00 7.810316242325910707e+00 7.810321752792760641e+00 1.046422936855628905e+01 1.046423222061011238e+01 1.079304330298963954e+01 1.079304422929973128e+01 1.146600338998361579e+01 1.146600577781494756e+01 1.207557097648074240e+01 1.207557259649083292e+01 1.303768457378530243e+01 1.303768683846320009e+01 1.471206400111311474e+01 1.471206471051521447e+01 1.910421493256158598e+01 1.910421648961567698e+01 2.470616274869961160e+01 2.470617185054095089e+01
1.519769838211114943e-01 1.854986604816656337e+00 1.854986604816668994e+00 3.221583774027103608e+00 3.221583774027114710e+00 4.561643121399356460e+00 4.561643121399368006e+00 5.565625152132820830e+00 5.565625152132829712e+00 6.261348438955075757e+00 6.261348438955091744e+00 7.121721209945486741e+00 7.121721209945502729e+00 7.810556779990936782e+00 7.810556779990944776e+00 1.046427626132367017e+01 1.046427626132368083e+01 1.079324299674319043e+01 1.079324299674319931e+01 1.146662174158126568e+01 1.146662174158127101e+01 1.207497117637796258e+01 1.207497117637796613e+01 1.303766911976714660e+01 1.303766911976715726e+01 1.471198678696732109e+01 1.471198678696733531e+01 1.910401455571417628e+01 1.910401455571418694e+01 2.470615822530347927e+01 2.470615822530351124e+01
1.519769838211114943e-01 1.854986604816656337e+00 1.854986604816668994e+00 3.221583774027103608e+00 3.221583774027114710e+00 4.561643121399356460e+00 4.561643121399368006e+00 5.565625152132820830e+00 5.565625152132829712e+00 6.261348438955075757e+00 6.261348438955091744e+00 7.121721209945486741e+00 7.121721209945502729e+00 7.810556779990936782e+00 7.810556779990944776e+00 1.046427626132367017e+01 1.046427626132368083e+01 1.079324299674319043e+01 1.079324299674319931e+01 1.146662174158126568e+01 1.146662174158127101e+01 1.207497117637796258e+01 1.207497117637796613e+01 1.303766911976714660e+01 1.303766911976715726e+01 1.471198678696732109e+01 1.471198678696733531e+01 1.910401455571417628e+01 1.910401455571418694e+01 2.470615822530347927e+01 2.470615822530351124e+01
1.529002596955323368e-01 1.854999988580131820e+00 1.855002814506605535e+00 3.221576321645199137e+00 3.221577176142650600e+00 4.561670088420331837e+00 4.561670369288757243e+00 5.565848623435488030e+00 5.565851299874061908e+00 6.261189749928213644e+00 6.261190274715332293e+00 7.121745741309626787e+00 7.121748558802899254e+00 7.810492689984518400e+00 7.810502504290957937e+00 1.046431562552878880e+01 1.046431575849419637e+01 1.079326323189185999e+01 1.079326486624554526e+01 1.146659755548618520e+01 1.146660161608181383e+01 1.207493798981381516e+01 1.207494104242640454e+01 1.303768981912342895e+01 1.303769199340766427e+01 1.471198721466100423e+01 1.471198913682845522e+01 1.910400056651191747e+01 1.910400951661177160e+01 2.470614395085253889e+01 2.470615316533053374e+01
1.538235355699531792e-01 1.855042921313508231e+00 1.855048551925000844e+00 3.221554859737475685e+00 3.221556561267294949e+00 4.561751126757612518e+00 4.561751683250120593e+00 5.566521449260370069e+00 5.566526778337450132e+00 6.260714343241584601e+00 6.260715414298251957e+00 7.121822089642895648e+00 7.121827695209065112e+00 7.810310575493303986e+00 7.810330104731585621e+00 1.046443370047951760e+01 1.046443402077052198e+01 1.079332554800845045e+01 1.079332880660415128e+01 1.146652913725524847e+01 1.146653722293399369e+01 1.207484158550763631e+01 1.207484765891442535e+01 1.303775397303935968e+01 1.303775829800789765e+01 1.471199043639399306e+01 1.471199426418655598e+01 1.910396760062159771e+01 1.910398541965454555e+01 2.470611039251280516e+01 2.470612874106497259e+01
1.547468114443740217e-01 1.855115248630121672e+00 1.855123641512859356e+00 3.221519502820252789e+00 3.221522036512431075e+00 4.561885801536709195e+00 4.561886623296502741e+00 5.567642810736324499e+00 5.567650745100205967e+00 6.259922649861069388e+00 6.259924307325502646e+00 7.121950035717452110e+00 7.121958370889687195e+00 7.810011359013632415e+00 7.810040405610079617e+00 1.046463010277380867e+01 1.046463069222380859e+01 1.079342986380568092e+01 1.079343472635839696e+01 1.146641668950556614e+01 1.146642872955261616e+01 1.207468223931474327e+01 1.207469127028679168e+01 1.303786120310948959e+01 1.303786763188559839e+01 1.471199648496297385e+01 1.471200218543212124e+01 1.910391573133200538e+01 1.910394225772142462e+01 2.470605762113223847e+01 2.470608494363337115e+01
1.556700873187948642e-01 1.855216707220709971e+00 1.855227798930102034e+00 3.221470438527104019e+00 3.221473782226660809e+00 4.562073390173797982e+00 4.562074461992239982e+00 5.569211330371183877e+00 5.569221799611812962e+00 6.258815400904825132e+00 6.258817698687107800e+00 7.122129204557258397e+00 7.122140182564602462e+00 7.809596540124545960e+00 7.809634810641390423e+00 1.046490421513236768e+01 1.046490516246723956e+01 1.079357603994973402e+01 1.079358247588407593e+01 1.146626053758435404e+01 1.146627642670001990e+01 1.207446039864603726e+01 1.207447229335278038e+01 1.303801087279794224e+01 1.303801933586877659e+01 1.471200540927037181e+01 1.471201293333260374e+01 1.910384505318161885e+01 1.910388004644758198e+01 2.470598572749560162e+01 2.470602178545847494e+01
1.565933631932157066e-01 1.855346926496610926e+00 1.855360632777351082e+00 3.221407926538069511e+00 3.221412050984326036e+00 4.562312888312335168e+00 4.562314190512154255e+00 5.571225065003829968e+00 5.571237976383667245e+00 6.257393634445807429e+00 6.257396634396094726e+00 7.122359065949954271e+00 7.122372572817249115e+00 7.809068188923660614e+00 7.809115297521567634e+00 1.046525518409302613e+01 1.046525657575346457e+01 1.079376387830450490e+01 1.079377184659431776e+01 1.146606112895830520e+01 1.146608072817678980e+01 1.207417668008052303e+01 1.207419131528657097e+01 1.303820209059571233e+01 1.303821249675941907e+01 1.471201727402682380e+01 1.471202655686783167e+01 1.910375568151178527e+01 1.910379882451289291e+01 2.470589482192911390e+01 2.470593930052974940e+01
1.575166390676365491e-01 1.855505430877609774e+00 1.855521646971319605e+00 3.221332297106364262e+00 3.221337166170548993e+00 4.562603018036027969e+00 4.562604526968060625e+00 5.573681495956840592e+00 5.573696735368645072e+00 6.255658704480438814e+00 6.255662470573030376e+00 7.122638935253232439e+00 7.122654831242413387e+00 7.808428937128575775e+00 7.808484410109506335e+00 1.046568192224187577e+01 1.046568383817980141e+01 1.079399312086822604e+01 1.079400256985030104e+01 1.146581903241898104e+01 1.146584217031971598e+01 1.207383186614293713e+01 1.207384909077311974e+01 1.303843371447375077e+01 1.303844595207672974e+01 1.471203215936399999e+01 1.471204312097262168e+01 1.910364775199895249e+01 1.910369865388788568e+01 2.470578503388833980e+01 2.470583754464085047e+01
1.584399149420573916e-01 1.855691642699348609e+00 1.855710243750917865e+00 3.221243949196165968e+00 3.221249520176210357e+00 4.562942238235913273e+00 4.562943926877814249e+00 5.576577516348258712e+00 5.576594949485660813e+00 6.253612292376226733e+00 6.253616885495130617e+00 7.122967974508488176e+00 7.122986095880072810e+00 7.807681966892700665e+00 7.807745248261192650e+00 1.046618311336128748e+01 1.046618562454993473e+01 1.079426344841276375e+01 1.079427431559642336e+01 1.146553493710117522e+01 1.146556141130122164e+01 1.207342690128114349e+01 1.207344653832844195e+01 1.303870435759865032e+01 1.303871829604171140e+01 1.471205016035955637e+01 1.471206270618731260e+01 1.910352142016976629e+01 1.910357962003438104e+01 2.470565651153206232e+01 2.470571659559130495e+01
1.593631908164782340e-01 1.855904885709796615e+00 1.855925727285145710e+00 3.221143348248009186e+00 3.221149572219018875e+00 4.563328756978088485e+00 4.563330595621244434e+00 5.579909415493867542e+00 5.579928889217375065e+00 6.251256421143373210e+00 6.251261894703540989e+00 7.123345193876990500e+00 7.123365354945685901e+00 7.806830997394698990e+00 7.806901455361963116e+00 1.046675721934543724e+01 1.046676038595041547e+01 1.079457447883996757e+01 1.079458669073748744e+01 1.146520965130996395e+01 1.146523923022340163e+01 1.207296288708609033e+01 1.207298473583166043e+01 1.303901239526807210e+01 1.303902788675587132e+01 1.471207138647608659e+01 1.471208540821714017e+01 1.910337686090219833e+01 1.910344183205726765e+01 2.470550942128469885e+01 2.470557655335005620e+01
1.602864666908990765e-01 1.856144389118604243e+00 1.856167307847458314e+00 3.221031023592123343e+00 3.221037845810554856e+00 4.563760545691708970e+00 4.563762502700788204e+00 5.583672860292933748e+00 5.583694204171019138e+00 6.248593472862983056e+00 6.248599869283681940e+00 7.123769453416600506e+00 7.123791448870537835e+00 7.805880269270784488e+00 7.805957203613424156e+00 1.046740248846313470e+01 1.046740635835347888e+01 1.079492576527356107e+01 1.079493923727852867e+01 1.146484410115096964e+01 1.146487652599871154e+01 1.207244107680396183e+01 1.207246491531383015e+01 1.303935597301439309e+01 1.303937285451856631e+01 1.471209596091645899e+01 1.471211133740188970e+01 1.910321426791630017e+01 1.910328542280487696e+01 2.470534394739016193e+01 2.470541754017865799e+01
1.612097425653199190e-01 1.856409292158934576e+00 1.856434106516348770e+00 3.220907565532278305e+00 3.220914925891707359e+00 4.564235354973070535e+00 4.564237397601355717e+00 5.587862873436629130e+00 5.587885901438664149e+00 6.245626209609254964e+00 6.245633557560466009e+00 7.124239465219457834e+00 7.124263072668417962e+00 7.804834526967829866e+00 7.804917177141680540e+00 1.046811696479223208e+01 1.046812157229485507e+01 1.079531679391006271e+01 1.079533143025144781e+01 1.146443932895694928e+01 1.146447431600826761e+01 1.207186286919636586e+01 1.207188845705548630e+01 1.303973301581698507e+01 1.303975111122021424e+01 1.471212401989819796e+01 1.471214061809753382e+01 1.910303385325770265e+01 1.910311054891520754e+01 2.470516029145904824e+01 2.470523970071141662e+01
1.621330184397407614e-01 1.856698649116852451e+00 1.856725160356525794e+00 3.220773622125503888e+00 3.220781455661234194e+00 4.564750731783129289e+00 4.564752827025974291e+00 5.592473808206378294e+00 5.592498320521711364e+00 6.242357798247184064e+00 6.242366110567442838e+00 7.124753795933386868e+00 7.124778778647818278e+00 7.803698999103546363e+00 7.803786553003380533e+00 1.046889849871783440e+01 1.046890386359140201e+01 1.079574698165634317e+01 1.079576267545554735e+01 1.146399649150287736e+01 1.146403373452790930e+01 1.207122980180966998e+01 1.207125688305073652e+01 1.304014123835619188e+01 1.304016036074173179e+01 1.471215571184995419e+01 1.471217338797215923e+01 1.910283584677665303e+01 1.910291739080555828e+01 2.470495867201218232e+01 2.470504320199108506e+01
1.630562943141616039e-01 1.857011434779816339e+00 1.857039428030760053e+00 3.220629895685040101e+00 3.220638133124594127e+00 4.565304037800809844e+00 4.565306153269154343e+00 5.597499319533356221e+00 5.597525104488569880e+00 6.238791839571243614e+00 6.238801111764678886e+00 7.125310869691801940e+00 7.125336979491286193e+00 7.802479376926815036e+00 7.802570980174484916e+00 1.046974475840254826e+01 1.046975088503214657e+01 1.079621567358637080e+01 1.079623230704276970e+01 1.146351685800027020e+01 1.146355603091101294e+01 1.207054354371846472e+01 1.207057184990076770e+01 1.304057815623628436e+01 1.304059811028570515e+01 1.471219119653310514e+01 1.471220979721832478e+01 1.910262049560575193e+01 1.910270615260369098e+01 2.470473932402214245e+01 2.470482823345753332e+01
1.639795701885824464e-01 1.857346550253406781e+00 1.857375795789426132e+00 3.220477139035440306e+00 3.220485707391432140e+00 4.565892468686191918e+00 4.565894573482048635e+00 5.602932330866297050e+00 5.602959166910821409e+00 6.234932402371341276e+00 6.234942611609859853e+00 7.125908971478917664e+00 7.125935951726257045e+00 7.801181790977517849e+00 7.801276556614674007e+00 1.047065324213806647e+01 1.047066011896085058e+01 1.079672214025429788e+01 1.079673958498191766e+01 1.146300180786071188e+01 1.146304256751658990e+01 1.206980588781143915e+01 1.206983514120353540e+01 1.304104109809893863e+01 1.304106168255959375e+01 1.471223064409227277e+01 1.471225000768497537e+01 1.910238806363861741e+01 1.910247706201865370e+01 2.470450249845553614e+01 2.470459500688849985e+01
1.649028460630032888e-01 1.857702829093303754e+00 1.857733083781841099e+00 3.220316151550201234e+00 3.220324974751613833e+00 4.566513074002718220e+00 4.566515139578534388e+00 5.608764996233773559e+00 5.608792653962445307e+00 6.230784063169486409e+00 6.230795167742542162e+00 7.126546250958534223e+00 7.126573839613775441e+00 7.799812786049941771e+00 7.799909804507000999e+00 1.047162129148498622e+01 1.047162889065925739e+01 1.079726557490562833e+01 1.079728369243986030e+01 1.146245282821734968e+01 1.146249481737017639e+01 1.206901874268977792e+01 1.206904865950922456e+01 1.304152721854538299e+01 1.304154822872880004e+01 1.471227423403860612e+01 1.471229419193215726e+01 1.910213883101195620e+01 1.910223037014995384e+01 2.470424846181717271e+01 2.470434375629000812e+01
1.658261219374241313e-01 1.858079043697715926e+00 1.858110052631257503e+00 3.220147775002900392e+00 3.220156774560467561e+00 4.567162777549280683e+00 4.567164778532600167e+00 5.614988656681600077e+00 5.615016900861792948e+00 6.226351952570971626e+00 6.226363891737357825e+00 7.127220726795928663e+00 7.127248659483483628e+00 7.798379294568031916e+00 7.798477643778301882e+00 1.047264610510322846e+01 1.047265438243294611e+01 1.079784509063272679e+01 1.079786373312131431e+01 1.146187151119227110e+01 1.146191436154456689e+01 1.206818412424894049e+01 1.206821441791276150e+01 1.304203351178140480e+01 1.304205474205408066e+01 1.471232215416984523e+01 1.471234253221184041e+01 1.910187309359312025e+01 1.910196635123405784e+01 2.470397749569884382e+01 2.470407473773628126e+01
1.667493978118449738e-01 1.858473911905361931e+00 1.858505410214817966e+00 3.219972889263449822e+00 3.219981984964211730e+00 4.567838397859236288e+00 4.567840312822086801e+00 5.621593790004271618e+00 5.621622381574433724e+00 6.221641809426527558e+00 6.221654503629817867e+00 7.127930291503154159e+00 7.127958304544843138e+00 7.796888608483373062e+00 7.796987364010726118e+00 1.047372475317194862e+01 1.047373364829637232e+01 1.079845971752540912e+01 1.079847872861289382e+01 1.146125955089686244e+01 1.146130288624683402e+01 1.206730414701467069e+01 1.206733453135534440e+01 1.304255682589835530e+01 1.304257807212750286e+01 1.471237459943172432e+01 1.471239521937908634e+01 1.910159116247478650e+01 1.910168530232762407e+01 2.470368989633355739e+01 2.470378822915726857e+01
1.676726736862658163e-01 1.858886103744071594e+00 1.858917818589332027e+00 3.219792407870724293e+00 3.219801518496475001e+00 4.568536668634972209e+00 4.568538480782058819e+00 5.628569952355555017e+00 5.628598650361774425e+00 6.216660044322360079e+00 6.216673395735141661e+00 7.128672716838416079e+00 7.128700550205696373e+00 7.795348349808925548e+00 7.795446594858607803e+00 1.047485419229466785e+01 1.047486362914974123e+01 1.079910839987134352e+01 1.079912761578050961e+01 1.146061874015168414e+01 1.146066217959778655e+01 1.206638101530277929e+01 1.206641120770649067e+01 1.304309387770134521e+01 1.304311493961983182e+01 1.471243177072555319e+01 1.471245245173780880e+01 1.910129336347831952e+01 1.910138754292711738e+01 2.470338597415715753e+01 2.470348453007362721e+01
1.685959495606866587e-01 1.859314248275659276e+00 1.859345901004267221e+00 3.219607273512961498e+00 3.219616317576757591e+00 4.569254258904199339e+00 4.569255956642304994e+00 5.635905709899558858e+00 5.635934273337132261e+00 6.211413814322884086e+00 6.211427707685486688e+00 7.129445659789626966e+00 7.129473059929635426e+00 7.793766439902344523e+00 7.793863275087860032e+00 1.047603128078265478e+01 1.047604116833674759e+01 1.079978999346494639e+01 1.079980924427306377e+01 1.145995096691174631e+01 1.145999412808969353e+01 1.206541701427004654e+01 1.206544673869671058e+01 1.304364126799662849e+01 1.304366195145366092e+01 1.471249387366673922e+01 1.471251443382571722e+01 1.910098003666706035e+01 1.910107341452524921e+01 2.470306605337840011e+01 2.470316396127851988e+01
1.695192254351075012e-01 1.859756940483578758e+00 1.859788248944082012e+00 3.219418453446052375e+00 3.219427349940576999e+00 4.569987792706687202e+00 4.569989370035417053e+00 5.643588558123130206e+00 5.643616747650662013e+00 6.205911111411947623e+00 6.205925415130360001e+00 7.130246669171521390e+00 7.130273391663826565e+00 7.792151067613149351e+00 7.792245620357318714e+00 1.047725279420811084e+01 1.047726302747025073e+01 1.080050326308683495e+01 1.080052237418867378e+01 1.145925821038277270e+01 1.145930071270807815e+01 1.206441450092093248e+01 1.206444349076863887e+01 1.304419549725028560e+01 1.304421561631728643e+01 1.471256111729970151e+01 1.471258137514356079e+01 1.910065153587029485e+01 1.910074328010459510e+01 2.470273047155864532e+01 2.470282686446612885e+01
1.704425013095283437e-01 1.860212748153059259e+00 1.860243429145321592e+00 3.219226934879260149e+00 3.219235604030323827e+00 4.570733868147754286e+00 4.570735324775281327e+00 5.651604825740610849e+00 5.651632405235571532e+00 6.200160867747378290e+00 6.200175435212628372e+00 7.131073192863516041e+00 7.131099004867769153e+00 7.790510656407359846e+00 7.790602089862668223e+00 1.047851544111795796e+01 1.047852590241183535e+01 1.080124688021895274e+01 1.080126567396281700e+01 1.145854253681385515e+01 1.145858400470331873e+01 1.206337589513065467e+01 1.206340389591118445e+01 1.304475298153248453e+01 1.304477236043685195e+01 1.471263371277460408e+01 1.471265348883394353e+01 1.910030822821861562e+01 1.910039752356950515e+01 2.470237957920192429e+01 2.470247360180701790e+01
1.713657771839491861e-01 1.860680218694609867e+00 1.860709990535281966e+00 3.219033720356175188e+00 3.219042084374394097e+00 4.571489075683467185e+00 4.571490416723032801e+00 5.659939559239023588e+00 5.659966297165404114e+00 6.194173081703871375e+00 6.194187752792450041e+00 7.131922585713055263e+00 7.131947268171856535e+00 7.788853830582353588e+00 7.788941351964504101e+00 1.047981587879904986e+01 1.047982643929079494e+01 1.080201942106264390e+01 1.080203771854025874e+01 1.145780609495206726e+01 1.145784616099829378e+01 1.206230367074131848e+01 1.206233044253747622e+01 1.304531006866375797e+01 1.304532854352700433e+01 1.471271187199175401e+01 1.471273099031555986e+01 1.909995049369087639e+01 1.910003654911780657e+01 2.470201373935620737e+01 2.470210455547082518e+01
1.722890530583700286e-01 1.861157885864709316e+00 1.861186471042321600e+00 3.218839823157338298e+00 3.218847806980609683e+00 4.572250015521095001e+00 4.572251250587003213e+00 5.668576382978989692e+00 5.668602053540052310e+00 6.187958969789035812e+00 6.187973572500885311e+00 7.132792118125066416e+00 7.132815467691690614e+00 7.787189380683356532e+00 7.787272248922273654e+00 1.048115072898666966e+01 1.048116125044919933e+01 1.080281936492888839e+01 1.080283698789496150e+01 1.145705111114465602e+01 1.145708941921861879e+01 1.206120034678252217e+01 1.206122566646278571e+01 1.304586305448273365e+01 1.304588047484346625e+01 1.471279580621952121e+01 1.471281409587865951e+01 1.909957872467276019e+01 1.909966078055403216e+01 2.470163332722618676e+01 2.470172012709704745e+01
1.732123289327908711e-01 1.861644276342302229e+00 1.861671404233044891e+00 3.218646262749349063e+00 3.218653794768559173e+00 4.573013314010556662e+00 4.573014455562129044e+00 5.677497328310662894e+00 5.677521712363037487e+00 6.181531150950177356e+00 6.181545503138305975e+00 7.133678985353486546e+00 7.133700816020208890e+00 7.785526228231659296e+00 7.785603760855975608e+00 1.048251659341022979e+01 1.048252693020162418e+01 1.080364509307069021e+01 1.080366186596345379e+01 1.145627988407532527e+01 1.145631609233282688e+01 1.206006847886309785e+01 1.206009214203369062e+01 1.304640819915818284e+01 1.304642442926463097e+01 1.471288572469195799e+01 1.471290302124806892e+01 1.909919332552675186e+01 1.909927066054653721e+01 2.470123872979802826e+01 2.470132073721508092e+01
1.741356048072117135e-01 1.862137916121237247e+00 1.862163325733686703e+00 3.218454060302826214e+00 3.218461073063014322e+00 4.573775638859234327e+00 4.573776699809148027e+00 5.686682623292213634e+00 5.686705509001589220e+00 6.174903871638678154e+00 6.174917782782507025e+00 7.134580317504622293e+00 7.134600461914486935e+00 7.783873389873055437e+00 7.783944969057128738e+00 1.048391006907267808e+01 1.048392007030089168e+01 1.080449488802759994e+01 1.080451064005781170e+01 1.145549477912168257e+01 1.145552856289098287e+01 1.205891065077463331e+01 1.205893247345416164e+01 1.304694174347257096e+01 1.304695666333380899e+01 1.471298183319260033e+01 1.471299798012046089e+01 1.909879471217287517e+01 1.909886664983105575e+01 2.470083034547591794e+01 2.470090682461474074e+01
1.750588806816325560e-01 1.862637336683972578e+00 1.862660779398671584e+00 3.218264234300113102e+00 3.218270665169252087e+00 4.574533712957508769e+00 4.574534703868899932e+00 5.696110432194829265e+00 5.696131615419044003e+00 6.168093282380185727e+00 6.168106555354428977e+00 7.135493190254655005e+00 7.135511500687424125e+00 7.782239941054010401e+00 7.782305018770540705e+00 1.048532776316395143e+01 1.048533727500547741e+01 1.080536693355140798e+01 1.080538150082420756e+01 1.145469822232229085e+01 1.145472927685119480e+01 1.205772946634208154e+01 1.205774928634872900e+01 1.304745992500797236e+01 1.304747343119731084e+01 1.471308433263078186e+01 1.471309918268241645e+01 1.909838331167940595e+01 1.909844922636377973e+01 2.470040858373043591e+01 2.470047884566915286e+01
1.759821565560533985e-01 1.863141080925914572e+00 1.863162323194055503e+00 3.218077796250987888e+00 3.218083588048689769e+00 4.575284326640878696e+00 4.575285253118885009e+00 5.705756530908379531e+00 5.705775815301223908e+00 6.161117779648465742e+00 6.161130212441088716e+00 7.136414636275079104e+00 7.136430985306605912e+00 7.780634979332343271e+00 7.780693081568443858e+00 1.048676630751347005e+01 1.048677517564918560e+01 1.080625931517996818e+01 1.080627254281171190e+01 1.145389269394336829e+01 1.145392073698570456e+01 1.205652754155081929e+01 1.205654521959680459e+01 1.304795899417024430e+01 1.304797100037882984e+01 1.471319341761726562e+01 1.471320683411660468e+01 1.909795956186257371e+01 1.909801888442724049e+01 2.469997386475843371e+01 2.470003727361200063e+01
1.769054324304742409e-01 1.863647708803606307e+00 1.863666534768023686e+00 3.217895746533043333e+00 3.217900848111389323e+00 4.576024348374942541e+00 4.576025209264893867e+00 5.715593900476373612e+00 5.715611097316195988e+00 6.153998430706296041e+00 6.154009818044314351e+00 7.137341657349717927e+00 7.137355938192963656e+00 7.779067587429111974e+00 7.779118317438951991e+00 1.048822237249169476e+01 1.048823044461951781e+01 1.080717002152302797e+01 1.080718176571385314e+01 1.145308072163691904e+01 1.145310549585963500e+01 1.205530749697378390e+01 1.205532291746654039e+01 1.304843522999161287e+01 1.304844566733443045e+01 1.471330927504573616e+01 1.471332113310287859e+01 1.909752391089400092e+01 1.909757613369283291e+01 2.469952661915359471e+01 2.469958259777126841e+01
1.778287083048950834e-01 1.864155802684123842e+00 1.864172016685363698e+00 3.217719070370347101e+00 3.217723437139675013e+00 4.576750734033023349e+00 4.576751520720081068e+00 5.725592216157420644e+00 5.725607143920515618e+00 6.146759503889151155e+00 6.146769638742096475e+00 7.138271237155978888e+00 7.138283363701000361e+00 7.777546796129237272e+00 7.777589836711792159e+00 1.048969268027750168e+01 1.048969980865848761e+01 1.080809694631936146e+01 1.080810707634175216e+01 1.145226487318469744e+01 1.145228614837839665e+01 1.205407195051667912e+01 1.205408502207036037e+01 1.304888495565664641e+01 1.304889377273743634e+01 1.471343208268718250e+01 1.471344227032206931e+01 1.909707681691439518e+01 1.909712149824381910e+01 2.469906728758750347e+01 2.469911532276249488e+01
1.787519841793159259e-01 1.864663972377918810e+00 1.864677401308509896e+00 3.217548733963040419e+00 3.217552328355537394e+00 4.577460534997634056e+00 4.577461231702422140e+00 5.735717203581991441e+00 5.735729687304861102e+00 6.139429132616281315e+00 6.139437807566554994e+00 7.139200354670327542e+00 7.139210261249528955e+00 7.776081547139968464e+00 7.776116661945766673e+00 1.049117401741447964e+01 1.049118006140705184e+01 1.080903789131914650e+01 1.080904629138336226e+01 1.145144774882500727e+01 1.145146532390226923e+01 1.205282351049389433e+01 1.205283416615885272e+01 1.304930455370128151e+01 1.304931171644668808e+01 1.471356200780390466e+01 1.471357042696961237e+01 1.909661874765196288e+01 1.909665551556322782e+01 2.469859632049967857e+01 2.469863596764395552e+01
1.796752600537367683e-01 1.865170859840642237e+00 1.865181355311580136e+00 3.217385680777182344e+00 3.217388472641904418e+00 4.578150905246227254e+00 4.578151489986327149e+00 5.745929826918303007e+00 5.745939697429987447e+00 6.132040148047075867e+00 6.132047156549832678e+00 7.140125998144845276e+00 7.140133639058078963e+00 7.774680656018932545e+00 7.774707689904539087e+00 1.049266324658736238e+01 1.049266807512310606e+01 1.080999057003844221e+01 1.080999714099710474e+01 1.145063197316276238e+01 1.145064567793015975e+01 1.205156476904229379e+01 1.205157296626377672e+01 1.304969048083901306e+01 1.304969597211599996e+01 1.471369920578997004e+01 1.471370577328670848e+01 1.909615018004371123e+01 1.909617873549100864e+01 2.469811417779596852e+01 2.469814506503724161e+01
1.805985359281576108e-01 1.865675143534646807e+00 1.865682583819766815e+00 3.217230828003434517e+00 3.217232794926958128e+00 4.578819107487774431e+00 4.578819553368437489e+00 5.756185267152123863e+00 5.756192360315450784e+00 6.124631122083485479e+00 6.124636259693267526e+00 7.141045179587419689e+00 7.141050528428774413e+00 7.773352775287426297e+00 7.773371653750511534e+00 1.049415731755762593e+01 1.049416081151215252e+01 1.081095261242485606e+01 1.081095727328142964e+01 1.144982018666693691e+01 1.144982988335816820e+01 1.205029829587554246e+01 1.205030401619581504e+01 1.305003928237297828e+01 1.305004310140684609e+01 1.471384381884503689e+01 1.471384846711654149e+01 1.909567159985800089e+01 1.909569171915536501e+01 2.469762132855388259e+01 2.469764316021650785e+01
1.815218118025784533e-01 1.866175542443411883e+00 1.866179834169450658e+00 3.217085063190031846e+00 3.217086190737607154e+00 4.579462518374721292e+00 4.579462794974545226e+00 5.766431643334430035e+00 5.766435799524255224e+00 6.117247667634852171e+00 6.117250733363266413e+00 7.141954949663355201e+00 7.141957998497128202e+00 7.772106357848940661e+00 7.772117085589783869e+00 1.049565327720628716e+01 1.049565533161952224e+01 1.081192157046400126e+01 1.081192425965320858e+01 1.144901503676378596e+01 1.144902062132290155e+01 1.204902663237678517e+01 1.204902988089767035e+01 1.305034760615666833e+01 1.305034976776995315e+01 1.471399597468821341e+01 1.471399865249316008e+01 1.909518350131613929e+01 1.909519503788290606e+01 2.469711825073360956e+01 2.469713081017016520e+01
1.824450876769992957e-01 1.866670819737239473e+00 1.866671899290218928e+00 3.216949241054926745e+00 3.216949522927979199e+00 4.580078632821987128e+00 4.580078707547261985e+00 5.776608429698804059e+00 5.776609493880709323e+00 6.109944042966883870e+00 6.109944841070250376e+00 7.142852412921381067e+00 7.142853171358288122e+00 7.770949620838798921e+00 7.770952279505651816e+00 1.049714827864087496e+01 1.049714880474310519e+01 1.081289492474632752e+01 1.081289560115873805e+01 1.144821916853893207e+01 1.144822057164413565e+01 1.204775228602362702e+01 1.204775309064840449e+01 1.305061221607030575e+01 1.305061274976532637e+01 1.471415578531865442e+01 1.471415645827055130e+01 1.909468638671134144e+01 1.909468927209285738e+01 2.469660543089293725e+01 2.469660858263851111e+01
1.833683635514201382e-01 1.867157620712443400e+00 1.867159786090528240e+00 3.216823618586470257e+00 3.216824180479700868e+00 4.580664906844027939e+00 4.580665067489960052e+00 5.786642357324432773e+00 5.786644534351715663e+00 6.102783436788020488e+00 6.102785094091970564e+00 7.143733237457768226e+00 7.143734743232059259e+00 7.769885255222408027e+00 7.769890510036716158e+00 1.049863851633621081e+01 1.049863958933306662e+01 1.081386873573038088e+01 1.081387009200252436e+01 1.144743240288680397e+01 1.144743521506680395e+01 1.204647613561081343e+01 1.204647772513554926e+01 1.305082895389349140e+01 1.305083000498356505e+01 1.471432199679930797e+01 1.471432334582934764e+01 1.909417501018032937e+01 1.909418076602293013e+01 2.469607705513161378e+01 2.469608336390482606e+01
1.842916394258409807e-01 1.867635891208594412e+00 1.867641302655119739e+00 3.216709266123438660e+00 3.216710661686357664e+00 4.581219134262754622e+00 4.581219563510950721e+00 5.796450486232255450e+00 5.796456044589931800e+00 6.095844241624726045e+00 6.095848529731988208e+00 7.144595471118649677e+00 7.144599199312460236e+00 7.768923722546014154e+00 7.768936664980873097e+00 1.050012187488032644e+01 1.050012459826294631e+01 1.081484104639039323e+01 1.081484443360351300e+01 1.144665876206754263e+01 1.144666578739127516e+01 1.204520146070984410e+01 1.204520537393064750e+01 1.305099542691355730e+01 1.305099800717871261e+01 1.471449536265815006e+01 1.471449873328031188e+01 1.909365284739375923e+01 1.909366715652383917e+01 2.469553681393153965e+01 2.469555255267565030e+01
1.852149153002618232e-01 1.868105657079535575e+00 1.868114283696660882e+00 3.216607212541411798e+00 3.216609423597613926e+00 4.581739258804397252e+00 4.581739988552818055e+00 5.805934668974965795e+00 5.805943733264596673e+00 6.089220359298476382e+00 6.089227433954633284e+00 7.145437246060754255e+00 7.145443140197595078e+00 7.768075046732982436e+00 7.768095384928960456e+00 1.050159641771854702e+01 1.050160082205570156e+01 1.081580987039145114e+01 1.081581526500857748e+01 1.144590226403771993e+01 1.144591346418784461e+01 1.204393146082691857e+01 1.204393760787602474e+01 1.305110936762678087e+01 1.305111341021176585e+01 1.471467663144752080e+01 1.471468200563741924e+01 1.909312338471177384e+01 1.909314608237949074e+01 2.469498845308302748e+01 2.469501350786241645e+01
1.861381911746826656e-01 1.868565920099023225e+00 1.868577698902686768e+00 3.216518160887174460e+00 3.216521161378984583e+00 4.582223278476826422e+00 4.582224338319792700e+00 5.814977927155607240e+00 5.814990595294691644e+00 6.083022761194883721e+00 6.083032746909036170e+00 7.146256050752458400e+00 7.146264040507205095e+00 7.767346214942584481e+00 7.767373595817606002e+00 1.050305981585010784e+01 1.050306591010563828e+01 1.081677250927012857e+01 1.081677986613159348e+01 1.144516548058068750e+01 1.144518078114377424e+01 1.204266847629216919e+01 1.204267674931362286e+01 1.305116813810644416e+01 1.305117356619204472e+01 1.471486585865188701e+01 1.471487320078235150e+01 1.909258722772463202e+01 1.909261807423641244e+01 2.469443257337705333e+01 2.469446674758692595e+01
1.870614670491035081e-01 1.869015739133500942e+00 1.869030575374706737e+00 3.216442767885787202e+00 3.216446524161419518e+00 4.582669321241430005e+00 4.582670737592348331e+00 5.823443659720547672e+00 5.823459985395682104e+00 6.077382169831170522e+00 6.077395142348527735e+00 7.147049503422826966e+00 7.147059505346448738e+00 7.766743803931406731e+00 7.766777818377831544e+00 1.050450987769703559e+01 1.050451764869231219e+01 1.081772623977635739e+01 1.081773549258189426e+01 1.144445092926822127e+01 1.144447022009966730e+01 1.204141478865444448e+01 1.204142506334166285e+01 1.305116927435691743e+01 1.305117600246301102e+01 1.471506307857754159e+01 1.471507233559935912e+01 1.909204498552503537e+01 1.909208366879847318e+01 2.469386978133187327e+01 2.469391279714534093e+01
1.879847429235243506e-01 1.869454231454596327e+00 1.869471999316642208e+00 3.216381641754515908e+00 3.216386112941394870e+00 4.583075645600424686e+00 4.583077440905827693e+00 5.831175411395946639e+00 5.831195379027863446e+00 6.072449318622558323e+00 6.072465280372754570e+00 7.147815366552033645e+00 7.147827284671256720e+00 7.766273949151067058e+00 7.766314137568184783e+00 1.050594455186264398e+01 1.050595396410179383e+01 1.081866832562840486e+01 1.081867938772289151e+01 1.144376106212788713e+01 1.144378419800267643e+01 1.204017261670732353e+01 1.204018475393047716e+01 1.305111049638681031e+01 1.305111843167010299e+01 1.471526830337200664e+01 1.471527940514381427e+01 1.909149726961368998e+01 1.909154340838967912e+01 2.469330068817557589e+01 2.469335218871067283e+01
1.889080187979451930e-01 1.869880573764554077e+00 1.869901117434646043e+00 3.216335340194965475e+00 3.216340478655333790e+00 4.583440640919027587e+00 4.583442832963761759e+00 5.837999815696954364e+00 5.838023308766040032e+00 6.068392035660716388e+00 6.068410885032611723e+00 7.148551560651354109e+00 7.148565286944021935e+00 7.765942315410883978e+00 7.765988173490194768e+00 1.050736192891093523e+01 1.050737292477507800e+01 1.081959603002894177e+01 1.081960879547773580e+01 1.144309825418017645e+01 1.144312505572873562e+01 1.203894411274796994e+01 1.203895796025054565e+01 1.305098971768224914e+01 1.305099876120280378e+01 1.471548152213081373e+01 1.471549438189706294e+01 1.909094469282389994e+01 1.909099784050163962e+01 2.469272590883495511e+01 2.469278546102671967e+01
1.898312946723660355e-01 1.870294002955034562e+00 1.870317138063530615e+00 3.216304368560825466e+00 3.216310120424757724e+00 4.583762827571837839e+00 4.583765428876571235e+00 5.843734586249028418e+00 5.843761353841714801e+00 6.065387273675195701e+00 6.065408772955169781e+00 7.149256177141740665e+00 7.149271591903121781e+00 7.765754069265854653e+00 7.765805053951371661e+00 1.050876024220350580e+01 1.050877274251311455e+01 1.082050662886476999e+01 1.082052097379865430e+01 1.144246479191122923e+01 1.144249504683799401e+01 1.203773135904535430e+01 1.203774675319035126e+01 1.305080505406780311e+01 1.305081510200059647e+01 1.471570270009734394e+01 1.471571721511211273e+01 1.909038786827019862e+01 1.909044751732484002e+01 2.469214606093492037e+01 2.469221315909132741e+01
1.907545705467868780e-01 1.870693816620845551e+00 1.870719332036164362e+00 3.216289178198616039e+00 3.216295483968313107e+00 4.584040856996497659e+00 4.584043874309410072e+00 5.848202960746323953e+00 5.848232592779678107e+00 6.063606676188404876e+00 6.063630428566010977e+00 7.149927490142323094e+00 7.149944462271492718e+00 7.765713853287103952e+00 7.765769388839130372e+00 1.051013786783792092e+01 1.051015177277522916e+01 1.082139742449967912e+01 1.082141320870410084e+01 1.144186286175416178e+01 1.144189632633470310e+01 1.203653636449382169e+01 1.203655313204144051e+01 1.305055483194334265e+01 1.305056577671357765e+01 1.471593177796037111e+01 1.471594783025359376e+01 1.908982740832496461e+01 1.908989299526234618e+01 2.469156176381261858e+01 2.469163583382707472e+01
1.916778464212077204e-01 1.871079373350735153e+00 1.871107033312769508e+00 3.216290164958155451e+00 3.216296960176461273e+00 4.584273511731444373e+00 4.584276945616291066e+00 5.851254059729907198e+00 5.851285985402801870e+00 6.063196213531304224e+00 6.063221663634123182e+00 7.150563966987060205e+00 7.150582354234214399e+00 7.765825762366081797e+00 7.765885246464482528e+00 1.051149332373749523e+01 1.051150851411391152e+01 1.082226576005774454e+01 1.082228282877623649e+01 1.144129453865790502e+01 1.144133093950887137e+01 1.203536106142868256e+01 1.203537902132870840e+01 1.305023759588576837e+01 1.305024932721000752e+01 1.471616867125399075e+01 1.471618612853544583e+01 1.908926392362758406e+01 1.908933483442564594e+01 2.469097363755063412e+01 2.469105404173750884e+01
1.926011222956285629e-01 1.871450092816389743e+00 1.871479639386344651e+00 3.216307667870224929e+00 3.216314883845167838e+00 4.584459705506493066e+00 4.584463550029144407e+00 5.852785245328788299e+00 5.852818766452973165e+00 6.064253806419363180e+00 6.064280275911012374e+00 7.151164277299687733e+00 7.151183926524271151e+00 7.766093322195503745e+00 7.766156132026626580e+00 1.051282526794773098e+01 1.051284160679460200e+01 1.082310903408352942e+01 1.082312722000125227e+01 1.144076177482937595e+01 1.144080081094330659e+01 1.203420730258106808e+01 1.203422626776473514e+01 1.304985211560529379e+01 1.304986452142422593e+01 1.471641326986373777e+01 1.471643198655892171e+01 1.908869802212934630e+01 1.908877359811150853e+01 2.469038230203332773e+01 2.469046834454758610e+01
1.935243981700494054e-01 1.871805455681000652e+00 1.871836611480827361e+00 3.216341967988054495e+00 3.216349532564529934e+00 4.584598483447315687e+00 4.584602725962399816e+00 5.852759489545373839e+00 5.852793847451890130e+00 6.066811940415859361e+00 6.066838697204814501e+00 7.151727300474037818e+00 7.151748047968779609e+00 7.766519470059224162e+00 7.766584968339094175e+00 1.051413249619851875e+01 1.051414983065340181e+01 1.082392471545539259e+01 1.082394384082575911e+01 1.144026638873923751e+01 1.144030773377453691e+01 1.203307685815064865e+01 1.203309663730822976e+01 1.304939739224583306e+01 1.304941035953891948e+01 1.471666543764225743e+01 1.471668525605314848e+01 1.908813030817823986e+01 1.908820985226014599e+01 2.468978837602971765e+01 2.468987930882586213e+01
1.944476740444702478e-01 1.872145003348288039e+00 1.872177474558468724e+00 3.216393287390265421e+00 3.216401125759118962e+00 4.584689022445865625e+00 4.584693643484677672e+00 5.851210903606989255e+00 5.851245361249073795e+00 6.070832136785833555e+00 6.070858479299393373e+00 7.152252131427726312e+00 7.152273803364810334e+00 7.767106538049951325e+00 7.767174078944523608e+00 1.051541393879462838e+01 1.051543210224972213e+01 1.082471035842007723e+01 1.082473023729524186e+01 1.143981005448655885e+01 1.143985335930057801e+01 1.203197141297653872e+01 1.203199181230830206e+01 1.304887266401967416e+01 1.304888607949658130e+01 1.471692501213735227e+01 1.471694576371979224e+01 1.908756138164594773e+01 1.908764416489407978e+01 2.468919247630732627e+01 2.468928750558803742e+01
1.953709499188910903e-01 1.872468337570879493e+00 1.872501817151192016e+00 3.216461788342257044e+00 3.216469823876549672e+00 4.584730631740088214e+00 4.584735605000131109e+00 5.848236129810617356e+00 5.848270042484969622e+00 6.076213586460009530e+00 6.076238916233570819e+00 7.152738084522405337e+00 7.152760497575061827e+00 7.767856238818138692e+00 7.767925173728905008e+00 1.051666865689869645e+01 1.051668747137322768e+01 1.082546361760989662e+01 1.082548405813484749e+01 1.143939429162073651e+01 1.143943918703173601e+01 1.203089256378890326e+01 1.203091338871845828e+01 1.304827741116621453e+01 1.304829116183504745e+01 1.471719180443436592e+01 1.471721331118279963e+01 1.908699183710064418e+01 1.908707710553866832e+01 2.468859521677936186e+01 2.468869350987930389e+01
1.962942257933119328e-01 1.872775119936250121e+00 1.872809291030640644e+00 3.216547572614362416e+00 3.216555727722040459e+00 4.584722753736844680e+00 4.584728046172615201e+00 5.843975474773879242e+00 5.844008330442024501e+00 6.082812060577403201e+00 6.082835923980947967e+00 7.153184695571916052e+00 7.153207657757772786e+00 7.768769653938256248e+00 7.768839337127872113e+00 1.051789583827223673e+01 1.051791511696665182e+01 1.082618226289896413e+01 1.082620306962889423e+01 1.143902045552119162e+01 1.143906655528245864e+01 1.202984181652587559e+01 1.202986287336612747e+01 1.304761136022493950e+01 1.304762533384234047e+01 1.471746559911463237e+01 1.471748767504378819e+01 1.908642226302722733e+01 1.908650924462416043e+01 2.468799720768934591e+01 2.468809790033533602e+01
1.972175016677327752e-01 1.873065071247131064e+00 1.873099610730560638e+00 3.216650680954518560e+00 3.216658877936525052e+00 4.584664965102550838e+00 4.584670537116330102e+00 5.838591039025025964e+00 5.838622465413716434e+00 6.090461826411443624e+00 6.090483922561258368e+00 7.153591721890624200e+00 7.153615033672836354e+00 7.769847224959430143e+00 7.769917018997073654e+00 1.051909479254027424e+01 1.051911434252687094e+01 1.082686419395227340e+01 1.082688517015384200e+01 1.143868972843600673e+01 1.143873663240307081e+01 1.202882058370400209e+01 1.202884168126690767e+01 1.304687448761245072e+01 1.304688857302564564e+01 1.471774615433059452e+01 1.471776860704266277e+01 1.908585324109729342e+01 1.908594115287051451e+01 2.468739905483522534e+01 2.468750125872022849e+01
1.981407775421536177e-01 1.873337970810594610e+00 1.873372552933228574e+00 3.216771092714330038e+00 3.216779254617055717e+00 4.584556978136307137e+00 4.584562783866791058e+00 5.832248079995588697e+00 5.832277828129990738e+00 6.098994319071037395e+00 6.099014483491013827e+00 7.153959140365873104e+00 7.153982596035345587e+00 7.771088747187983259e+00 7.771158028197477918e+00 1.052026494604446150e+01 1.052028457104696990e+01 1.082750745432052497e+01 1.082752840421951568e+01 1.143840311127969223e+01 1.143845040874892049e+01 1.202783018183263763e+01 1.202785113297493425e+01 1.304606702249328620e+01 1.304608110988881897e+01 1.471803320199797938e+01 1.471805583432295705e+01 1.908528534549047251e+01 1.908537340065603516e+01 2.468680135883579396e+01 2.468690416944088284e+01
1.990640534165744602e-01 1.873593655649115064e+00 1.873627955731164363e+00 3.216908725627618093e+00 3.216916777078672407e+00 4.584398642430695503e+00 4.584404630136486247e+00 5.825102476630186210e+00 5.825130393801111417e+00 6.108250697342028523e+00 6.108268874334102705e+00 7.154287143571862906e+00 7.154310532919322618e+00 7.772493366229047851e+00 7.772561528924554430e+00 1.052140583634813886e+01 1.052142533956144632e+01 1.082811024493539520e+01 1.082813097587599316e+01 1.143816141628778560e+01 1.143820868948224323e+01 1.202687182886714901e+01 1.202689245196479284e+01 1.304518944893460208e+01 1.304520343001248683e+01 1.471832644810443824e+01 1.471834905980036545e+01 1.908471914226792876e+01 1.908480655737103504e+01 2.468620471444149800e+01 2.468630721903707581e+01
1.999873292909953026e-01 1.873832019644520619e+00 1.873865717773703254e+00 3.217063435741056132e+00 3.217071303757479406e+00 4.584189946815418359e+00 4.584196059349456398e+00 5.817294174951091357e+00 5.817320177038611817e+00 6.118088407339543622e+00 6.118104620989389453e+00 7.154576133974017260e+00 7.154599244245550160e+00 7.774059577294400114e+00 7.774126039788516351e+00 1.052251710645466076e+01 1.052253629335565677e+01 1.082867093686332538e+01 1.082869126134785098e+01 1.143796526062146590e+01 1.143801208829736105e+01 1.202594664169880367e+01 1.202596676204345094e+01 1.304424250733425161e+01 1.304425627542954658e+01 1.471862557313365549e+01 1.471864796263276887e+01 1.908415518879904837e+01 1.908424119075825942e+01 2.468560970989131320e+01 2.468571099564710636e+01
2.009106051654161451e-01 1.874053012623107417e+00 1.874085797306013434e+00 3.217235017497150906e+00 3.217242632255752355e+00 4.583931021569306985e+00 4.583937196939409375e+00 5.808945045099966897e+00 5.808969093434307673e+00 6.128383328124969331e+00 6.128397657162835799e+00 7.154826716304405032e+00 7.154849334419160378e+00 7.775785227264223387e+00 7.775849435631966067e+00 1.052359849879784903e+01 1.052361717989887957e+01 1.082918808318203929e+01 1.082920782076403832e+01 1.143781506100935452e+01 1.143786102215397982e+01 1.202505563368343466e+01 1.202507508479471099e+01 1.304322719511218587e+01 1.304324064528811533e+01 1.471893023260303579e+01 1.471895219878906680e+01 1.908359403324138981e+01 1.908367786624189577e+01 2.468501692631719635e+01 2.468511608844858785e+01
2.018338810398369876e-01 1.874256639389567436e+00 1.874288211108135149e+00 3.217423203970392276e+00 3.217430499530255616e+00 4.583622140876126849e+00 4.583628312886014911e+00 5.800159396381766364e+00 5.800181480682345736e+00 6.139029256345676977e+00 6.139041814462586899e+00 7.155039688217519789e+00 7.155061603212296006e+00 7.777667519472703184e+00 7.777728952052354039e+00 1.052464984905991763e+01 1.052466784255801713e+01 1.082966042985183641e+01 1.082967940886014802e+01 1.143771102950564611e+01 1.143775570709563816e+01 1.202419971221526040e+01 1.202421833706267940e+01 1.304214476665500655e+01 1.304215779579285162e+01 1.471924005771273336e+01 1.471926140171413877e+01 1.908303621407399930e+01 1.908311714624732502e+01 2.468442693719679681e+01 2.468452308707464127e+01
2.027571569142578300e-01 1.874442958712904339e+00 1.874473033337931804e+00 3.217627667257831892e+00 3.217634582225977979e+00 4.583263725490207996e+00 4.583269824454470509e+00 5.791025795312752855e+00 5.791045922272227919e+00 6.149936086821774062e+00 6.149947008071999122e+00 7.155216029362075680e+00 7.155237035015371561e+00 7.779703021170473853e+00 7.779761192578812157e+00 1.052567107986940265e+01 1.052568821414678979e+01 1.083008692546370888e+01 1.083010498454010850e+01 1.143765317043422769e+01 1.143769615522077032e+01 1.202337967635614824e+01 1.202339732848484566e+01 1.304099673250365043e+01 1.304100923941427403e+01 1.471955465610288805e+01 1.471957518308623136e+01 1.908248225968335987e+01 1.908255958951373188e+01 2.468384030785545491e+01 2.468393258100603660e+01
2.036804327886786725e-01 1.874612082268289681e+00 1.874640394283274558e+00 3.217848019025980388e+00 3.217854497157798477e+00 4.582856345567742018e+00 4.582862299093354075e+00 5.781619328477061615e+00 5.781637514812905110e+00 6.161027547979577967e+00 6.161036976149401490e+00 7.155356889027053136e+00 7.155376786605007311e+00 7.781887673602805755e+00 7.781942138438664891e+00 1.052666219442747852e+01 1.052667831036202628e+01 1.083046672975786606e+01 1.083048371919603881e+01 1.143764127857713397e+01 1.143768217286317856e+01 1.202259621453537619e+01 1.202261275908983151e+01 1.303978485777411933e+01 1.303979674335460359e+01 1.471987361271572681e+01 1.471989313366321284e+01 1.908193268800126674e+01 1.908200575040221381e+01 2.468325759501718508e+01 2.468334515893960557e+01
2.046037086630995150e-01 1.874764173533770117e+00 1.874790479024456946e+00 3.218083811216418511e+00 3.218089801943666117e+00 4.582400723610589921e+00 4.582406457436834835e+00 5.772003844085853430e+00 5.772020112800450242e+00 6.172238958282717292e+00 6.172247039016787618e+00 7.155463572539203732e+00 7.155482173598494811e+00 7.784216804629896735e+00 7.784267160836272126e+00 1.052762327010758092e+01 1.052763822315586673e+01 1.083079922081975255e+01 1.083081500369854488e+01 1.143767493865314755e+01 1.143771336002621197e+01 1.202184990233900486e+01 1.202186521697905874e+01 1.303851115980153175e+01 1.303852232725757254e+01 1.472019649075810221e+01 1.472021482421298799e+01 1.908138800619330766e+01 1.908145617820190765e+01 2.468267934640477890e+01 2.468276140813420838e+01
2.055269845375203575e-01 1.874899446641635770e+00 1.874923526009422359e+00 3.218334536913113109e+00 3.218339995793281449e+00 4.581897737459767583e+00 4.581903176347591256e+00 5.762233959150006690e+00 5.762248337929495534e+00 6.183515216520568458e+00 6.183522091194707748e+00 7.155537526603950482e+00 7.155554655781839024e+00 7.786685143805753384e+00 7.786731035657616928e+00 1.052855445206935947e+01 1.052856811408950399e+01 1.083108400087476220e+01 1.083109845398369764e+01 1.143775352611862317e+01 1.143778911110189433e+01 1.202114120041272649e+01 1.202115517611627205e+01 1.303717790499756113e+01 1.303718826014871901e+01 1.472052283276016915e+01 1.472053980652379046e+01 1.908084871039633157e+01 1.908091141643685162e+01 2.468210610038808284e+01 2.468218191373508930e+01
2.064502604119411999e-01 1.875018165179732188e+00 1.875039825540522065e+00 3.218599631374558179e+00 3.218604520456574747e+00 4.581348423267169068e+00 4.581353491928243926e+00 5.752356762249105415e+00 5.752369283184879833e+00 6.194809095665212872e+00 6.194814896292328399e+00 7.155580323791924435e+00 7.155595821511609778e+00 7.789286839824268505e+00 7.789327960507103299e+00 1.052945594692432962e+01 1.052946820771086145e+01 1.083132090061879538e+01 1.083133391517854704e+01 1.143787620930779703e+01 1.143790861689166327e+01 1.202047045250595758e+01 1.202048299425297984e+01 1.303578760491149779e+01 1.303579705659167232e+01 1.472085216172483157e+01 1.472086761448909442e+01 1.908031528550312217e+01 1.908037200217653862e+01 2.468153838567967284e+01 2.468160725807835476e+01
2.073735362863620424e-01 1.875120640939328398e+00 1.875139718173476577e+00 3.218878473234501936e+00 3.218882761337138909e+00 4.580753978365408763e+00 4.580758602420538672e+00 5.742413213770320546e+00 5.742423913818750059e+00 6.206079838120881043e+00 6.206084682903538763e+00 7.155593646379514894e+00 7.155607371399593575e+00 7.792015480235472857e+00 7.792051573978642232e+00 1.053032801648680028e+01 1.053033878499537224e+01 1.083150998203751136e+01 1.083152146422236406e+01 1.143804195291455983e+01 1.143807086793069772e+01 1.201983788368970352e+01 1.201984891102249442e+01 1.303434301148531915e+01 1.303435147204586464e+01 1.472118398236256276e+01 1.472119776526201029e+01 1.907978820499192452e+01 1.907983846535292471e+01 2.468097672107624874e+01 2.468103801997710178e+01
2.082968121607828849e-01 1.875207232601454166e+00 1.875223593025051150e+00 3.219170385875142149e+00 3.219174048775685915e+00 4.580115763948082730e+00 4.580119870903870627e+00 5.732439276446242182e+00 5.732448198225950087e+00 6.217292019267778080e+00 6.217296008736516555e+00 7.155579269753794769e+00 7.155591101493661732e+00 7.794864113331175126e+00 7.794894977060887520e+00 1.053117097164041205e+01 1.053118017688605867e+01 1.083165153968391081e+01 1.083166141095695778e+01 1.143824952280199092e+01 1.143827465910273666e+01 1.201924359878421633e+01 1.201925304623913782e+01 1.303284711149313857e+01 1.303285449741056468e+01 1.472151778240561093e+01 1.472152976047359196e+01 1.907926793079856509e+01 1.907931132808690933e+01 2.468042161524417111e+01 2.468047477399122869e+01
2.092200880352037273e-01 1.875278344355341131e+00 1.875291885988314089e+00 3.219474638977022352e+00 3.219477659509222267e+00 4.579435307465459459e+00 4.579438827697644321e+00 5.722466818516970477e+00 5.722474011178976028e+00 6.228414636762661161e+00 6.228417850719171867e+00 7.155539045590129099e+00 7.155548886168397793e+00 7.797825272096705618e+00 7.797850756575728681e+00 1.053198516634716775e+01 1.053199275796593248e+01 1.083174610040030572e+01 1.083175429767532094e+01 1.143849749211039324e+01 1.143851859551707228e+01 1.201868758103633539e+01 1.201869539844308221e+01 1.303130312015556491e+01 1.303130935274036162e+01 1.472185303399530376e+01 1.472186308750938366e+01 1.907875491322825567e+01 1.907879110402718581e+01 2.467987356654693443e+01 2.467991808968328016e+01
2.101433639096245698e-01 1.875334424439738745e+00 1.875345077851829689e+00 3.219790450249598646e+00 3.219792818311225435e+00 4.578714304634462273e+00 4.578717172365800891e+00 5.712524331143785439e+00 5.712529851146669557e+00 6.239420383847350315e+00 6.239422879492133589e+00 7.155474885005403074e+00 7.155482660935569506e+00 7.800891000124480001e+00 7.800911010549780755e+00 1.053277099182305854e+01 1.053277694029304357e+01 1.083179442148672500e+01 1.083180089713295580e+01 1.143878424861900456e+01 1.143880109960462832e+01 1.201816969109011879e+01 1.201817584373516645e+01 1.302971447391995419e+01 1.302971948011784953e+01 1.472218919513584900e+01 1.472219722083835158e+01 1.907824959090449113e+01 1.907827829770443273e+01 2.467933306291179463e+01 2.467936853086217752e+01
2.110666397840454123e-01 1.875375963597588624e+00 1.875383692319233075e+00 3.220116987346932635e+00 3.220118699818647734e+00 4.577954620957009446e+00 4.577956775217217888e+00 5.702637496843411036e+00 5.702641408533148493e+00 6.250285069897372203e+00 6.250286881492287172e+00 7.155388741881004044e+00 7.155394405377229816e+00 7.804052879384491881e+00 7.804067375419865726e+00 1.053352887090140655e+01 1.053353316742557233e+01 1.083179748733362580e+01 1.083180220904152335e+01 1.143910800330220212e+01 1.143912041937605473e+01 1.201768966629658131e+01 1.201769413494856487e+01 1.302808482239783849e+01 1.302808853567008462e+01 1.472252571120779230e+01 1.472253162338827792e+01 1.907775239075171925e+01 1.907777340390355292e+01 2.467880058173339464e+01 2.467882665481840831e+01
2.119899156584662547e-01 1.875403493434892876e+00 1.875408293926462910e+00 3.220453369972178237e+00 3.220454430550809821e+00 4.577158292636807957e+00 4.577159678191816461e+00 5.692829639699888311e+00 5.692832015640203025e+00 6.260987157574506412e+00 6.260988297770921918e+00 7.155282596538858009e+00 7.155286126394535096e+00 7.807302059746849210e+00 7.807311054974904074e+00 1.053425925260289198e+01 1.053426190866216139e+01 1.083175650455126870e+01 1.083175945507797699e+01 1.143946680000724925e+01 1.143947463777158013e+01 1.201724712041150767e+01 1.201724990120740344e+01 1.302641801945177313e+01 1.302642038071677533e+01 1.472286201653413862e+01 1.472286574796165759e+01 1.907726372800888015e+01 1.907727690705693036e+01 2.467827658981063976e+01 2.467829301155255450e+01
2.129131915328870972e-01 1.875417584672820936e+00 1.875419485852046098e+00 3.220798672174772115e+00 3.220799091125207791e+00 4.576327526782402622e+00 4.576328095020016917e+00 5.683122082314041812e+00 5.683123003344835666e+00 6.271507391810667187e+00 6.271507854465164122e+00 7.155158439940037418e+00 7.155159841952396071e+00 7.810629290151139159e+00 7.810632850937725635e+00 1.053496260692881847e+01 1.053496365351993802e+01 1.083167289564162417e+01 1.083167407245529290e+01 1.143985852616810739e+01 1.143986168302033235e+01 1.201684154373152857e+01 1.201684264792384660e+01 1.302471811342468122e+01 1.302471907203987911e+01 1.472319753599194492e+01 1.472319903868619129e+01 1.907678400627030513e+01 1.907678928066102131e+01 2.467776154331403049e+01 2.467776814300085420e+01
2.138364674073079397e-01 1.875417907617926039e+00 1.875418845283727931e+00 3.221151718674649000e+00 3.221151924843416836e+00 4.575464410543227167e+00 4.575464700784126926e+00 5.673533984420622289e+00 5.673534429397866674e+00 6.281828264943731810e+00 6.281828500894466316e+00 7.155017565485763953e+00 7.155018258560698285e+00 7.814023195090938678e+00 7.814024951316957512e+00 1.053563890647069279e+01 1.053563941989228780e+01 1.083154770611239037e+01 1.083154829127111363e+01 1.144027933991660895e+01 1.144028092445919498e+01 1.201647175728662198e+01 1.201647230371979980e+01 1.302298885126685768e+01 1.302298933650671131e+01 1.472353093249372336e+01 1.472353168666193035e+01 1.907631098671921421e+01 1.907631361755099064e+01 2.467725258226048268e+01 2.467725588777955892e+01
2.147597432817287821e-01 1.875404232677857275e+00 1.875407918501544868e+00 3.221511309469355488e+00 3.221512118397501734e+00 4.574571179084122363e+00 4.574572360753499822e+00 5.664083079241584606e+00 5.664084793738067169e+00 6.291933987927327721e+00 6.291934954056287665e+00 7.154861291117193822e+00 7.154864020083862464e+00 7.817472182850498719e+00 7.817479089888738741e+00 1.053628818195356409e+01 1.053629018880046075e+01 1.083138219959101178e+01 1.083138452121301398e+01 1.144072526191142458e+01 1.144073160528341937e+01 1.201613648929439648e+01 1.201613864617320715e+01 1.302123413336195412e+01 1.302123609323587594e+01 1.472386086062208221e+01 1.472386387950903774e+01 1.907584247521272047e+01 1.907585294237250295e+01 2.467674685281817304e+01 2.467676005812582929e+01
2.156830191561496246e-01 1.875379165890800337e+00 1.875385480697443707e+00 3.221876821746723074e+00 3.221878205678585516e+00 4.573651121759272797e+00 4.573653218917300478e+00 5.654787096238127475e+00 5.654789976888667802e+00 6.301811029341630288e+00 6.301812763253587413e+00 7.154692979817845355e+00 7.154697660028239703e+00 7.820969608189017208e+00 7.820981453906042269e+00 1.053691199968048764e+01 1.053691541779928187e+01 1.083117958467598640e+01 1.083118360403791236e+01 1.144119698391106255e+01 1.144120805998187329e+01 1.201583598338661574e+01 1.201583969698175203e+01 1.301945949422431070e+01 1.301946294813235383e+01 1.472418825013381571e+01 1.472419352108633994e+01 1.907538418360207899e+01 1.907540234986654681e+01 2.467625146778537371e+01 2.467627447869029211e+01
2.166062950305704671e-01 1.875343440877973666e+00 1.875352239112771047e+00 3.222247178750375252e+00 3.222249105042855444e+00 4.572707122632480470e+00 4.572710149864015250e+00 5.645661676809385021e+00 5.645665614290800605e+00 6.311446778379989908e+00 6.311449319495333832e+00 7.154514546626447036e+00 7.154521069418182222e+00 7.824504999808048034e+00 7.824521529487542537e+00 1.053751088024897875e+01 1.053751561369109169e+01 1.083094206988254626e+01 1.083094773563801638e+01 1.144169193566856535e+01 1.144170767464666483e+01 1.201556926072309572e+01 1.201557446452977018e+01 1.301766965739416904e+01 1.301767461246806690e+01 1.472451252544643374e+01 1.472452001525518384e+01 1.907493653636083764e+01 1.907496219789262071e+01 2.467576692914326486e+01 2.467579956328071589e+01
2.175295709049913095e-01 1.875297817263150701e+00 1.875308929443096018e+00 3.222621271978872937e+00 3.222623703654209582e+00 4.571742223615151701e+00 4.571746185548284380e+00 5.636721412307410972e+00 5.636726292431076146e+00 6.320829870357619562e+00 6.320833256141509260e+00 7.154327849022132924e+00 7.154336083580818517e+00 7.828067658454347821e+00 7.828088578613219717e+00 1.053808534107472816e+01 1.053809128203409173e+01 1.083067202788014249e+01 1.083067927667748975e+01 1.144220745565149677e+01 1.144222774441537993e+01 1.201533522716072078e+01 1.201534184278534489e+01 1.301586947987438592e+01 1.301587593017834976e+01 1.472483310986852523e+01 1.472484276491412025e+01 1.907449994454335140e+01 1.907453283316678849e+01 2.467529372700147761e+01 2.467533571523810565e+01
2.184528467794121520e-01 1.875243077796894919e+00 1.875256313267928521e+00 3.222997964643030233e+00 3.223000860976252380e+00 4.570759618030509230e+00 4.570764508969068274e+00 5.627979939078010752e+00 5.627985644021344491e+00 6.329950070563851838e+00 6.329954333272702627e+00 7.154134676528701497e+00 7.154144472139052802e+00 7.831646695269988356e+00 7.831671677884622262e+00 1.053863589265484713e+01 1.053864292353166121e+01 1.083037198194670836e+01 1.083038073906554288e+01 1.144274080526748882e+01 1.144276548812398531e+01 1.201513267697195708e+01 1.201514061512096809e+01 1.301406393707836706e+01 1.301407186292571794e+01 1.472514942713674557e+01 1.472516117372975053e+01 1.907407480538778444e+01 1.907411459139812493e+01 2.467483233887357130e+01 2.467488332750669144e+01
2.193761226538329945e-01 1.875180025366087522e+00 1.875195175322494245e+00 3.223376095328609470e+00 3.223379412459851157e+00 4.569762642771402206e+00 4.569768446450114041e+00 5.619450016271992254e+00 5.619456425912502162e+00 6.338798174577426003e+00 6.338803338527360332e+00 7.153936741609407512e+00 7.153947930251661091e+00 7.835231071059730823e+00 7.835259758137731900e+00 1.053916303517062047e+01 1.053917103071850470e+01 1.083004459155039712e+01 1.083005477155229102e+01 1.144328918332971412e+01 1.144331806319538281e+01 1.201496029734461679e+01 1.201496945890310286e+01 1.301225810692216811e+01 1.301226747433178410e+01 1.472546090294855503e+01 1.472547464786243587e+01 1.907366150195563748e+01 1.907370779742998934e+01 2.467438322897319836e+01 2.467444278270752989e+01
2.202993985282538369e-01 1.875109479892726805e+00 1.875126320610660091e+00 3.223754481860113152e+00 3.223758173421532813e+00 4.568754768996198479e+00 4.568761458465757208e+00 5.611143590147739779e+00 5.611150583463603958e+00 6.347365921492073682e+00 6.347372000822427474e+00 7.153735671893492132e+00 7.153748071134968356e+00 7.838809636351868448e+00 7.838841644776924689e+00 1.053966725543673100e+01 1.053967608494945551e+01 1.082969263715803798e+01 1.082970414454951325e+01 1.144384974064690397e+01 1.144388258064351582e+01 1.201481667369612616e+01 1.201482695088239083e+01 1.301045715308449502e+01 1.301046791339880926e+01 1.472576696648592609e+01 1.472578259768014597e+01 1.907326040280874579e+01 1.907331276538330656e+01 2.467394684753375955e+01 2.467401445321110742e+01
2.212226744026746794e-01 1.875032275126152559e+00 1.875050571359085705e+00 3.224131925358740158e+00 3.224135943105968405e+00 4.567739591325049808e+00 4.567747128972734494e+00 5.603071847809083295e+00 5.603079304311070707e+00 6.355645917271193213e+00 6.355652914166779688e+00 7.153533003757902797e+00 7.153546419884075469e+00 7.842371172121512579e+00 7.842406098692801919e+00 1.054014902420186317e+01 1.054015855369561017e+01 1.082931900437050388e+01 1.082933173427921858e+01 1.144441959462611003e+01 1.144445612007660884e+01 1.201470029582783994e+01 1.201471157340873042e+01 1.300866630746546981e+01 1.300867839714900676e+01 1.472606705192551324e+01 1.472608443945391699e+01 1.907287186172413840e+01 1.907292979879887795e+01 2.467352363015567107e+01 2.467359870120591836e+01
2.221459502770955219e-01 1.874949255335708553e+00 1.874968763816340367e+00 3.224507214485520024e+00 3.224511508923581626e+00 4.566720815517599341e+00 4.566729153227236715e+00 5.595245262710549561e+00 5.595253063871766130e+00 6.363631566058909783e+00 6.363639469397242898e+00 7.153330177270598611e+00 7.153344408595857296e+00 7.845904431036818671e+00 7.845941857619822990e+00 1.054060879380342186e+01 1.054061888815137848e+01 1.082892666748558241e+01 1.082894050635307615e+01 1.144499584378206514e+01 1.144503574458882866e+01 1.201460956493611398e+01 1.201462172148679386e+01 1.300689085188289518e+01 1.300690419251714758e+01 1.472636059993099877e+01 1.472637959702873367e+01 1.907249621744713153e+01 1.907255919077629613e+01 2.467311399718373721e+01 2.467319587875875442e+01
2.230692261515163644e-01 1.874861271911340888e+00 1.874881744901672809e+00 3.224879129858841509e+00 3.224883650852901518e+00 4.565702244634676887e+00 4.565711324087845746e+00 5.587673633778546645e+00 5.587681664430620643e+00 6.371317007757116180e+00 6.371325792153166745e+00 7.153128532485486524e+00 7.153143372780869313e+00 7.849398179081327420e+00 7.849437677784147915e+00 1.054104699617690066e+01 1.054105752115450478e+01 1.082851867258869838e+01 1.082853349888500638e+01 1.144557558205365311e+01 1.144561851543670450e+01 1.201454280148686315e+01 1.201455571067804406e+01 1.300513609905308421e+01 1.300515059754005698e+01 1.472664705912368888e+01 1.472666750346394871e+01 1.907213379348278792e+01 1.907220122410707575e+01 2.467271835311801453e+01 2.467280632786335204e+01
2.239925020259372068e-01 1.874769179882161740e+00 1.874790368711774180e+00 3.225246448632161034e+00 3.225251145993897950e+00 4.564687763708646706e+00 4.564697516826870860e+00 5.580366119611639419e+00 5.580374269278703281e+00 6.378697060560877041e+00 6.378706685788656294e+00 7.152929307063120135e+00 7.152944549036716282e+00 7.852841237398043184e+00 7.852882375686339067e+00 1.054146404121766878e+01 1.054147486541954315e+01 1.082809812027083751e+01 1.082811380523786760e+01 1.144615591283556277e+01 1.144620150640450085e+01 1.201449825394915472e+01 1.201451178584421697e+01 1.300340737291178606e+01 1.300342292189464644e+01 1.472692588752733300e+01 1.472694760263737557e+01 1.907178489792547182e+01 1.907185617139986533e+01 2.467233708606123344e+01 2.467243038047446646e+01
2.249157779003580493e-01 1.874673834364679381e+00 1.874695492896150117e+00 3.225607949216629855e+00 3.225612773257685362e+00 4.563681322970890797e+00 4.563691672496464236e+00 5.573331268914392567e+00 5.573339433059054215e+00 6.385767167449924564e+00 6.385777578225142470e+00 7.152733635176503846e+00 7.152749073941913949e+00 7.856222524193900547e+00 7.856264869858668121e+00 1.054186031549065738e+01 1.054187131208365358e+01 1.082766814807225764e+01 1.082768455650369965e+01 1.144673396264230369e+01 1.144678181777201331e+01 1.201447410837131180e+01 1.201448813071580446e+01 1.300170998834090241e+01 1.300172646684622713e+01 1.472719655398388738e+01 1.472721935080797095e+01 1.907144982332581051e+01 1.907152429519549131e+01 2.467197056720496562e+01 2.467206835852382341e+01
2.258390537747788918e-01 1.874576086953450238e+00 1.874597974913644993e+00 3.225962416129456667e+00 3.225967318174232545e+00 4.562686919708969668e+00 4.562697779919788310e+00 5.566577048069789591e+00 5.566585129228613482e+00 6.392523345877350494e+00 6.392534471988223999e+00 7.152542547647056104e+00 7.152557984116135081e+00 7.859531096537550887e+00 7.859574222432769375e+00 1.054223618128031958e+01 1.054224722956137761e+01 1.082723191274905439e+01 1.082724890381487626e+01 1.144730689433060000e+01 1.144735658980763482e+01 1.201446849876978362e+01 1.201448287825609640e+01 1.300004923037542603e+01 1.300006650467725677e+01 1.472745853953682804e+01 1.472748221813203529e+01 1.907112884659469643e+01 1.907120584807041297e+01 2.467161915035746134e+01 2.467172057391561069e+01
2.267623296491997342e-01 1.874476782069413261e+00 1.874498668186053374e+00 3.226308644947336823e+00 3.226313577798364474e+00 4.561708578850248941e+00 4.561719856401873940e+00 5.560110866552514075e+00 5.560118775341857500e+00 6.398962140091806639e+00 6.398973896865547850e+00 7.152356973242666172e+00 7.152372217380786878e+00 7.862756191878649936e+00 7.862799680350717857e+00 1.054259197597035325e+01 1.054260296270298625e+01 1.082679257245843552e+01 1.082681000058168586e+01 1.144787191981631125e+01 1.144792301572002202e+01 1.201447951828798999e+01 1.201449412177866272e+01 1.299843033297590367e+01 1.299844825767763545e+01 1.472771133877894023e+01 1.472773569012835182e+01 1.907082222894294077e+01 1.907090107272666302e+01 2.467128317151516015e+01 2.467138732849898020e+01
2.276856055236205767e-01 1.874376753282218644e+00 1.874398418166741465e+00 3.226645447341560669e+00 3.226650365691607458e+00 4.560750332393257445e+00 4.560761927279196826e+00 5.553939600719417058e+00 5.553947256695901835e+00 6.405080575685587085e+00 6.405092864776824158e+00 7.152177741057387905e+00 7.152192614942484816e+00 7.865887269112909586e+00 7.865930716050368865e+00 1.054292801173952476e+01 1.054293883224833728e+01 1.082635326895737826e+01 1.082637098474999426e+01 1.144842631223185236e+01 1.144847835401184888e+01 1.201450523106753110e+01 1.201451992676187075e+01 1.299685845746088830e+01 1.299687687678664361e+01 1.472795446116175810e+01 1.472797926908795318e+01 1.907053021585564423e+01 1.907061020206716861e+01 2.467096294847963378e+01 2.467106891401533986e+01
2.286088813980414192e-01 1.874276819624313584e+00 1.874298058344205486e+00 3.226971656168512226e+00 3.226976516954926044e+00 4.559816197830594220e+00 4.559828004449812511e+00 5.548069616376986701e+00 5.548076948740104264e+00 6.410876116086257959e+00 6.410888826570795729e+00 7.152005583881494211e+00 7.152019924511941795e+00 7.868914049015327095e+00 7.868957067455887966e+00 1.054324457555688177e+01 1.054325513456577035e+01 1.082591710990782552e+01 1.082593496117048204e+01 1.144896741748012303e+01 1.144901994018972680e+01 1.201454368476061241e+01 1.201455834329082784e+01 1.299533867070466187e+01 1.299535741998765204e+01 1.472818743226403271e+01 1.472821247542474943e+01 1.907025303709978914e+01 1.907033345925512435e+01 2.467065878052185468e+01 2.467076561201887941e+01
2.295321572724622616e-01 1.874177781916348762e+00 1.874198406203499534e+00 3.227286130588230773e+00 3.227290893286130835e+00 4.558910155729868130e+00 4.558922064048521072e+00 5.542506790412989659e+00 5.542513738540491453e+00 6.416346620809597390e+00 6.416359630563173155e+00 7.151841142460286349e+00 7.151854804261356335e+00 7.871826553862910636e+00 7.871868777104848114e+00 1.054354192945618784e+01 1.054355214166246668e+01 1.082548715138072382e+01 1.082550498416957829e+01 1.144949266515074804e+01 1.144954519779455460e+01 1.201459292359800912e+01 1.201460741904289087e+01 1.299387592321442142e+01 1.299389483056568118e+01 1.472840979501678049e+01 1.472843484896343469e+01 1.906999090676342945e+01 1.907007105775650757e+01 2.467037094809485609e+01 2.467047769376885569e+01
2.304554331468831041e-01 1.874080419123905106e+00 1.874100259169632077e+00 3.227587761180238601e+00 3.227592388032651360e+00 4.558036126658603138e+00 4.558048023451281239e+00 5.537256531686088223e+00 5.537263045495379288e+00 6.421490305371203355e+00 6.421503482708414978e+00 7.151684970531716701e+00 7.151697827515318018e+00 7.874615146068943972e+00 7.874656230245678401e+00 1.054382031106636042e+01 1.054383010144980659e+01 1.082506638064992721e+01 1.082508404041044869e+01 1.144999957877399588e+01 1.145005164872650028e+01 1.201465100191353130e+01 1.201466521272001131e+01 1.299247502721071079e+01 1.299249391534774034e+01 1.472862111088257997e+01 1.472864595016154432e+01 1.906974402332473417e+01 1.906982320136486564e+01 2.467009971259582812e+01 2.467020542009270656e+01
2.313787090213039466e-01 1.873985484766667042e+00 1.874004390559216748e+00 3.227875475025236973e+00 3.227879931209533204e+00 4.557197947657265935e+00 4.557209717811531391e+00 5.532323801290595533e+00 5.532329841421470995e+00 6.426305702817676213e+00 6.426318908361585258e+00 7.151537540525800374e+00 7.151549488063531079e+00 7.877270565652843004e+00 7.877310191742658674e+00 1.054407993437157565e+01 1.054408923824433941e+01 1.082465769936609767e+01 1.082467503213114313e+01 1.145048578539652517e+01 1.145053692284823299e+01 1.201471599801253021e+01 1.201472980781784550e+01 1.299114063484310577e+01 1.299115932305439181e+01 1.472882096098702576e+01 1.472884536126286292e+01 1.906951256974908659e+01 1.906959008420806256e+01 2.466984531617808685e+01 2.466994904121926879e+01
2.323019848957247890e-01 1.873893703401874111e+00 1.873911545568636594e+00 3.228148240718908824e+00 3.228152494450532650e+00 4.556399348479575728e+00 4.556410876346270733e+00 5.527713132250119621e+00 5.527718670065496553e+00 6.430791626886997570e+00 6.430804715635349389e+00 7.151399249802898872e+00 7.151410205977477119e+00 7.879783966372992943e+00 7.879821841630317181e+00 1.054432099067182449e+01 1.054432975348175283e+01 1.082426390719943221e+01 1.082428076084537061e+01 1.145094902447147334e+01 1.145099876685858398e+01 1.201478602826077058e+01 1.201479932661072425e+01 1.298987721668073014e+01 1.298989552289893545e+01 1.472900894720042153e+01 1.472903268737993443e+01 1.906929671361206502e+01 1.906937189073619621e+01 2.466960798161349189e+01 2.466970879658228455e+01
2.332252607701456315e-01 1.873805767203387651e+00 1.873822437327892221e+00 3.228405073283602711e+00 3.228409095859382294e+00 4.555643927831269480e+00 4.555655098602104935e+00 5.523428648642758176e+00 5.523433666044251567e+00 6.434947136846149718e+00 6.434959960395813638e+00 7.151270427304644350e+00 7.151280333809162393e+00 7.882146950354816717e+00 7.882182809164960169e+00 1.054454364971199354e+01 1.054455182661848767e+01 1.082388768603913753e+01 1.082390391159062837e+01 1.145138715606280932e+01 1.145143505243694015e+01 1.201485926125880965e+01 1.201487194422035820e+01 1.298868904062320162e+01 1.298870678357702602e+01 1.472918469316770640e+01 1.472920755750338984e+01 1.906909660724626576e+01 1.906916879569070034e+01 2.466938791220474769e+01 2.466948491459388393e+01
2.341485366445664740e-01 1.873722332657724809e+00 1.873737743051388849e+00 3.228645038941836187e+00 3.228648804726846233e+00 4.554935129847382136e+00 4.554945830940662077e+00 5.519474084119615931e+00 5.519478573173632441e+00 6.438771504082048125e+00 6.438783912969626044e+00 7.151151340489215080e+00 7.151160163046157869e+00 7.884351601052175695e+00 7.884385205227753879e+00 1.054474806094539652e+01 1.054475561619273805e+01 1.082353158483588196e+01 1.082354703780639937e+01 1.145179816837047149e+01 1.145184378366544209e+01 1.201493393195893944e+01 1.201494590262817042e+01 1.298758015138242072e+01 1.298759715279496163e+01 1.472934784528487207e+01 1.472936962543641037e+01 1.906891238790989718e+01 1.906898096405453913e+01 2.466918529174745345e+01 2.466927761238919103e+01
2.350718125189873164e-01 1.873644017396836947e+00 1.873658100317883157e+00 3.228867259716388105e+00 3.228870746079605336e+00 4.554276221052981022e+00 4.554286343487929933e+00 5.515852799746601143e+00 5.515856762113829248e+00 6.442264180542246699e+00 6.442276026655784804e+00 7.151042202423579575e+00 7.151049930695155155e+00 7.886390514387398021e+00 7.886421652941461247e+00 1.054493435489581721e+01 1.054494126101428364e+01 1.082319800517180397e+01 1.082321254692403123e+01 1.145218018458843012e+01 1.145222310374229124e+01 1.201500835557450131e+01 1.201501952448385246e+01 1.298655435068899955e+01 1.298657043748868922e+01 1.472949807362035557e+01 1.472951857065318393e+01 1.906874417797468269e+01 1.906880855098347283e+01 2.466900028454075766e+01 2.466908709554259360e+01
2.359950883934081589e-01 1.873571397186357457e+00 1.873584103514013943e+00 3.229070917820629827e+00 3.229074105026120911e+00 4.553670268054100134e+00 4.553679707794260345e+00 5.512567801076195373e+00 5.512571247232238569e+00 6.445424769135246201e+00 6.445435908149921289e+00 7.150943178908644171e+00 7.150949825863874842e+00 7.888256827923662229e+00 7.888285316371085543e+00 1.054510264458109603e+01 1.054510888145054182e+01 1.082288918764049512e+01 1.082290268674789324e+01 1.145253146911229614e+01 1.145257130100422849e+01 1.201508094112730163e+01 1.201509122655840223e+01 1.298561517837756796e+01 1.298563018488679965e+01 1.472963507277956730e+01 1.472965409907986079e+01 1.906859208513096959e+01 1.906865170171863966e+01 2.466883303544576833e+01 2.466891355775761596e+01
2.369183642678290014e-01 1.873505003084424914e+00 1.873516300476320451e+00 3.229255259804043376e+00 3.229258130865659826e+00 4.553120116202816092e+00 4.553128775449248877e+00 5.509621754339299571e+00 5.509624702567101018e+00 6.448252996208011290e+00 6.448263289997546721e+00 7.150854395520683582e+00 7.150859996208992264e+00 7.889944247932662691e+00 7.889969927187497234e+00 1.054525302696020717e+01 1.054525858077443878e+01 1.082260719911653091e+01 1.082261953270512755e+01 1.145285043311674222e+01 1.145288681428036526e+01 1.201515020447686233e+01 1.201515953268773096e+01 1.298476589450514140e+01 1.298477966457121369e+01 1.472975856271111361e+01 1.472977594379749888e+01 1.906845620260772378e+01 1.906851055148088037e+01 2.466868366998961193e+01 2.466875718053148248e+01
2.378416401422498438e-01 1.873445318784247693e+00 1.873455189369531482e+00 3.229419600418424352e+00 3.229422140926994089e+00 4.552628369474571279e+00 4.552636157890255220e+00 5.507017001637621867e+00 5.507019476763162835e+00 6.450748686221015937e+00 6.450758005196553846e+00 7.150775944464493605e+00 7.150780554113690179e+00 7.891447074230913294e+00 7.891469809181881345e+00 1.054538558436657958e+01 1.054539044653914637e+01 1.082235392099060789e+01 1.082236497603840064e+01 1.145313563952524305e+01 1.145316823760207825e+01 1.201521478067605031e+01 1.201522308605323097e+01 1.298400946265303801e+01 1.298402185168643719e+01 1.472986828945325577e+01 1.472988386566639818e+01 1.906833660940516850e+01 1.906838522534726010e+01 2.466855229451366682e+01 2.466861813279703952e+01
2.387649160166706863e-01 1.873392778149042259e+00 1.873401215838655487e+00 3.229563326172001148e+00 3.229565524104915930e+00 4.552197371785670299e+00 4.552204207633342214e+00 5.504755575011258451e+00 5.504757606845609885e+00 6.452911738739921965e+00 6.452919964068999370e+00 7.150707891152590534e+00 7.150711582451232395e+00 7.892760222669548575e+00 7.892779900528185344e+00 1.054550038589061067e+01 1.054550455194398317e+01 1.082213103844246227e+01 1.082214071301291014e+01 1.145338580739636747e+01 1.145341432429579775e+01 1.201527343550123561e+01 1.201528066064898681e+01 1.298334853455772020e+01 1.298335941144362060e+01 1.472996402581900277e+01 1.472997765387144220e+01 1.906823337053763723e+01 1.906827583811022109e+01 2.466843899636380399e+01 2.466849657054440925e+01
2.396881918910915288e-01 1.873347762945372752e+00 1.873354770474025432e+00 3.229685898540692879e+00 3.229687744064283272e+00 4.551829189965704181e+00 4.551835001142679360e+00 5.502839209253423292e+00 5.502840830701645203e+00 6.454742107857910582e+00 6.454749133518379089e+00 7.150650280450789431e+00 7.150653139779604039e+00 7.893879245174516335e+00 7.893895773699485474e+00 1.054559748867639790e+01 1.054560095715649481e+01 1.082194003081857048e+01 1.082194823520437410e+01 1.145359981575074038e+01 1.145362399048568669e+01 1.201532507601180200e+01 1.201533117179125476e+01 1.298278543620818581e+01 1.298279468505887202e+01 1.473004557201857878e+01 1.473005712638862441e+01 1.906814653728469011e+01 1.906818249412036792e+01 2.466834384411947667e+01 2.466839263642466307e+01
2.406114677655123713e-01 1.873310600778316903e+00 1.873316186626452495e+00 3.229786856808088302e+00 3.229788342083303121e+00 4.551525598582554011e+00 4.551530323537440914e+00 5.501269353339983681e+00 5.501270598152181890e+00 6.456239784155094696e+00 6.456245518781855708e+00 7.150603142558151326e+00 7.150605264802039507e+00 7.894800347247351802e+00 7.894813652953422078e+00 1.054567693909993054e+01 1.054567971055661957e+01 1.082178216317590902e+01 1.082178882093004724e+01 1.145377670686268523e+01 1.145379631803344544e+01 1.201536876000282383e+01 1.201537368553438689e+01 1.298232215553758628e+01 1.298232967725567377e+01 1.473011275621764327e+01 1.473012213037266527e+01 1.906807614744817769e+01 1.906810528711354991e+01 2.466826688785959476e+01 2.466830645933910660e+01
2.415347436399332137e-01 1.873281563231209645e+00 1.873285738605761752e+00 3.229865820508893481e+00 3.229866939510586565e+00 4.551288066797863685e+00 4.551291655315854001e+00 5.500047180333071495e+00 5.500048080522042859e+00 6.457404779291122665e+00 6.457409147777561920e+00 7.150566498492861633e+00 7.150567979945290809e+00 7.895520402850296549e+00 7.895530429310321452e+00 1.054573877379922742e+01 1.054574084987088689e+01 1.082165847904652978e+01 1.082166352787883667e+01 1.145391568903864687e+01 1.145393055694071371e+01 1.201540370422718063e+01 1.201540742686910690e+01 1.298196033182435016e+01 1.298196604544982158e+01 1.473016543503005771e+01 1.473017254246631857e+01 1.906802222561310955e+01 1.906804430002309303e+01 2.466820815946159939e+01 2.466823815401705033e+01
2.424580195143540562e-01 1.873260864216238053e+00 1.873263640289637211e+00 3.229922491454012334e+00 3.229923239813284663e+00 4.551117747408364167e+00 4.551120161253646934e+00 5.499173595603976672e+00 5.499174178655008127e+00 6.458237113314709177e+00 6.458240058135757522e+00 7.150540365062308723e+00 7.150541294023512684e+00 7.896036966613955599e+00 7.896043672956492898e+00 1.054578302053090866e+01 1.054578440316720211e+01 1.082156979447054646e+01 1.082157318699043813e+01 1.145401613890253856e+01 1.145402612723794888e+01 1.201542929127765014e+01 1.201543178659268030e+01 1.298170124690412663e+01 1.298170509072159540e+01 1.473020349394377959e+01 1.473020826903180946e+01 1.906798478341033487e+01 1.906799960477834333e+01 2.466816767293071777e+01 2.466818782058577497e+01
2.433812953887748987e-01 1.873248658546572631e+00 1.873250044157389604e+00 3.229956655318862335e+00 3.229957030196891399e+00 4.551015468202843195e+00 4.551016681608795800e+00 5.498649243211012561e+00 5.498649529359410870e+00 6.458736804760055961e+00 6.458738286989346378e+00 7.150524758893189059e+00 7.150525204282780045e+00 7.896348283319981398e+00 7.896351643013858279e+00 1.054580969883221897e+01 1.054581038968413154e+01 1.082151669333658006e+01 1.082151839762538970e+01 1.145407760320468071e+01 1.145408262038028013e+01 1.201544507503648163e+01 1.201544632675701862e+01 1.298154581827731491e+01 1.298154775066409705e+01 1.473022684767843593e+01 1.473022924630501862e+01 1.906796381977918031e+01 1.906797126209065496e+01 2.466814542475563954e+01 2.466815554413603095e+01
2.443045712631957411e-01 1.873245040750670221e+00 1.873245040750685542e+00 3.229968182780945885e+00 3.229968182780956543e+00 4.550981725738203032e+00 4.550981725738208361e+00 5.498474510286604833e+00 5.498474510286610162e+00 6.458903863584976257e+00 6.458903863585000238e+00 7.150519698623019949e+00 7.150519698623031495e+00 7.896453294625978003e+00 7.896453294625981556e+00 1.054581882047255270e+01 1.054581882047256158e+01 1.082149952406071236e+01 1.082149952406071769e+01 1.145409980016797213e+01 1.145409980016797924e+01 1.201545078461888316e+01 1.201545078461889204e+01 1.298149459417969531e+01 1.298149459417970064e+01 1.473023544047338440e+01 1.473023544047340039e+01 1.906795932122793857e+01 1.906795932122794568e+01 2.466814139428711528e+01 2.466814139428718988e+01
2.443045712631957411e-01 1.873245040750670221e+00 1.873245040750685542e+00 3.229968182780945885e+00 3.229968182780956543e+00 4.550981725738203032e+00 4.550981725738208361e+00 5.498474510286604833e+00 5.498474510286610162e+00 6.458903863584976257e+00 6.458903863585000238e+00 7.150519698623019949e+00 7.150519698623031495e+00 7.896453294625978003e+00 7.896453294625981556e+00 1.054581882047255270e+01 1.054581882047256158e+01 1.082149952406071236e+01 1.082149952406071769e+01 1.145409980016797213e+01 1.145409980016797924e+01 1.201545078461888316e+01 1.201545078461889204e+01 1.298149459417969531e+01 1.298149459417970064e+01 1.473023544047338440e+01 1.473023544047340039e+01 1.906795932122793857e+01 1.906795932122794568e+01 2.466814139428711528e+01 2.466814139428718988e+01
2.458243411014068569e-01 1.872870831911837231e+00 1.872871260470595711e+00 3.229650861890182689e+00 3.229651379267858946e+00 4.550203554177594256e+00 4.550207212727780615e+00 5.498324127903059910e+00 5.498327173444518046e+00 6.458176121685479387e+00 6.458177123209077664e+00 7.151267982587259375e+00 7.151272164694954192e+00 7.896310711694809470e+00 7.896313659989131040e+00 1.054572983766429850e+01 1.054573114830545499e+01 1.082133407936978919e+01 1.082133509648186376e+01 1.145325573698342048e+01 1.145325914645429854e+01 1.201603526290256241e+01 1.201603670519467038e+01 1.298198221223539051e+01 1.298198466269935025e+01 1.473032377864134190e+01 1.473032548840577860e+01 1.906817409267460306e+01 1.906818288029894859e+01 2.466796816700255945e+01 2.466797056402067412e+01
2.473441109396179727e-01 1.871749059919560754e+00 1.871749873216173699e+00 3.228698932635649665e+00 3.228699979414270338e+00 4.547876018682829091e+00 4.547883366450344411e+00 5.497876657129473266e+00 5.497882746917699848e+00 6.456007445662231170e+00 6.456009416397266776e+00 7.153502958284343904e+00 7.153511322871493938e+00 7.895886815987338103e+00 7.895892694169676318e+00 1.054546107052609116e+01 1.054546366158467663e+01 1.082084174676091237e+01 1.082084374378490743e+01 1.145073191798022449e+01 1.145073869585745818e+01 1.201778566595163156e+01 1.201778856030509601e+01 1.298344523669321937e+01 1.298345015406753156e+01 1.473059046983904707e+01 1.473059385808176280e+01 1.906882714649326971e+01 1.906884456267233219e+01 2.466745098200238928e+01 2.466745571520579006e+01
2.488638807778290885e-01 1.869880963716960665e+00 1.869882081903794013e+00 3.227110952676654598e+00 3.227112551984050892e+00 4.544009082872318750e+00 4.544020174240937848e+00 5.497133982221979132e+00 5.497143112420872058e+00 6.452437561645746555e+00 6.452440436965702020e+00 7.157183359896698072e+00 7.157195903907997092e+00 7.895184299044773368e+00 7.895193070496968168e+00 1.054500310433895294e+01 1.054500691733110784e+01 1.082003139702884376e+01 1.082003430165645419e+01 1.144654311834638349e+01 1.144655318153027856e+01 1.202068861460380944e+01 1.202069297897552147e+01 1.298587693484155103e+01 1.298588434541023240e+01 1.473103538471591811e+01 1.473104038947204586e+01 1.906991817838123993e+01 1.906994390835336262e+01 2.466659007755905364e+01 2.466659702657972630e+01
2.503836506160402320e-01 1.867268615796294107e+00 1.867269941790486776e+00 3.224884512943906767e+00 3.224886697224549348e+00 4.538619260529287658e+00 4.538634160559652742e+00 5.496099218368664552e+00 5.496111380172190586e+00 6.447529852645191184e+00 6.447533535884835132e+00 7.162243298248069934e+00 7.162260008113544352e+00 7.894207626136456213e+00 7.894219236391439409e+00 1.054434025482123971e+01 1.054434520679205178e+01 1.081891765375669401e+01 1.081892136270262128e+01 1.144071372683741927e+01 1.144072694853380412e+01 1.202472192533952011e+01 1.202472778288713862e+01 1.298926638169028003e+01 1.298927630973777347e+01 1.473165830176724356e+01 1.473166483159784690e+01 1.907144662888342879e+01 1.907148020887789741e+01 2.466538583049471001e+01 2.466539481798360711e+01
2.519034204542513478e-01 1.863914955339137203e+00 1.863916412747670615e+00 3.222016223555423942e+00 3.222019032009267647e+00 4.531729462824491961e+00 4.531748229633191904e+00 5.494776672650777627e+00 5.494791848802198508e+00 6.441367576221652236e+00 6.441371939811280534e+00 7.168596143623862105e+00 7.168616985800362329e+00 7.892963014810029598e+00 7.892977392034486783e+00 1.054345060544032719e+01 1.054345659428822302e+01 1.081752066907892207e+01 1.081752505414022991e+01 1.143327741662905517e+01 1.143329362450959508e+01 1.202985478437647338e+01 1.202986215937857750e+01 1.299359886974947464e+01 1.299361132279638120e+01 1.473245891465596991e+01 1.473246685042928661e+01 1.907341168616779825e+01 1.907345251325143565e+01 2.466383875682346982e+01 2.466384955218157771e+01
2.534231902924624635e-01 1.859823831908325120e+00 1.859825432061065875e+00 3.218501694244852995e+00 3.218505169629890528e+00 4.523368792103837244e+00 4.523391456487420470e+00 5.493171786904406773e+00 5.493189947356695413e+00 6.434049335289627081e+00 6.434054223691551222e+00 7.176139188553282366e+00 7.176164098851105955e+00 7.891458405252897101e+00 7.891475460784270979e+00 1.054230608163379834e+01 1.054231299250373688e+01 1.081586580481993920e+01 1.081587072068120392e+01 1.142427669720125749e+01 1.142429567202166396e+01 1.203604800266284158e+01 1.203605691572775704e+01 1.299885643875879637e+01 1.299887139242477652e+01 1.473343684307614510e+01 1.473344604029440141e+01 1.907581229049916871e+01 1.907585963538031848e+01 2.466194951293339344e+01 2.466196183710673040e+01
2.549429601306735793e-01 1.855000075549996907e+00 1.855001988889215747e+00 3.214335509701344407e+00 3.214339694671629832e+00 4.513572290894616756e+00 4.513598835031202405e+00 5.491291060575758110e+00 5.491312157549783635e+00 6.425684338435002196e+00 6.425689574352198008e+00 7.184758548630671982e+00 7.184787421533362917e+00 7.889703422740864447e+00 7.889723051604997650e+00 1.054087258322299014e+01 1.054088029530181814e+01 1.081398321216904890e+01 1.081398850567253866e+01 1.141376236259236343e+01 1.141378383792421225e+01 1.204325435799774802e+01 1.204326482094211670e+01 1.300501848835353869e+01 1.300503587307976616e+01 1.473459164761616336e+01 1.473460193924633899e+01 1.907864714029509656e+01 1.907870016282224057e+01 2.465971889731105549e+01 2.465973242851271152e+01
2.564627299688846951e-01 1.849449626729308571e+00 1.849452163196168453e+00 3.209511200408843301e+00 3.209516133587341447e+00 4.502380656227774836e+00 4.502410993089819513e+00 5.489141951525455809e+00 5.489165914284765968e+00 6.416387907147057312e+00 6.416393303397682324e+00 7.194333837503076090e+00 7.194366516583547977e+00 7.887709332437248477e+00 7.887731413773990674e+00 1.053911020143773136e+01 1.053911859428319531e+01 1.081190729982744614e+01 1.081191282027851130e+01 1.140179285719108648e+01 1.140181652083677122e+01 1.205141902699105394e+01 1.205143103771444935e+01 1.301206243237283466e+01 1.301208212360117145e+01 1.473592284916731820e+01 1.473593404892364767e+01 1.908191469960630826e+01 1.908197246665312363e+01 2.465714785280216503e+01 2.465716223301471999e+01
2.579824998070958109e-01 1.843179675923325656e+00 1.843183174909246658e+00 3.204021209813355586e+00 3.204026921820537055e+00 4.489839930038909799e+00 4.489873884867952469e+00 5.486732752844999617e+00 5.486759482567180157e+00 6.406277549272138216e+00 6.406282930495248884e+00 7.204742289474228123e+00 7.204778559801353843e+00 7.885488986735985861e+00 7.885513384070784504e+00 1.053697355047988005e+01 1.053698250886953680e+01 1.080967607775455974e+01 1.080968168759520331e+01 1.138843358491492275e+01 1.138845908241354188e+01 1.206048010505660706e+01 1.206049364265752288e+01 1.301996435247150607e+01 1.301998616518274154e+01 1.473742995348143481e+01 1.473744185949694341e+01 1.908561320682455431e+01 1.908567471222265866e+01 2.465423746938693483e+01 2.465425231151367669e+01
2.595022696453069266e-01 1.836198746035474505e+00 1.836203505133120029e+00 3.197856858948480152e+00 3.197863368621556290e+00 4.476001176277804028e+00 4.476038471193466428e+00 5.484072444106456778e+00 5.484101809290164553e+00 6.395469766587162042e+00 6.395475007984192217e+00 7.215862154019265340e+00 7.215901737191635412e+00 7.883056765210462835e+00 7.883083326528959489e+00 1.053441224417789712e+01 1.053442166047629236e+01 1.080733036260248348e+01 1.080733594741401582e+01 1.137375619001756810e+01 1.137378313044835032e+01 1.207036920845185612e+01 1.207038422875060490e+01 1.302869961062428139e+01 1.302872329853934019e+01 1.473911248150428044e+01 1.473912488031865387e+01 1.908974068438258698e+01 1.908980487055204378e+01 2.465098898742475697e+01 2.465100388301740253e+01
2.610220394835180424e-01 1.828516771676818253e+00 1.828523029913045272e+00 3.191008310022232841e+00 3.191015621069053676e+00 4.460920154470455756e+00 4.460960397051367821e+00 5.481170516060474895e+00 5.481202348963605253e+00 6.384077635015876773e+00 6.384082727431222182e+00 7.227575316813976691e+00 7.227617868994875572e+00 7.880428507035141195e+00 7.880457064643214160e+00 1.053137154453281887e+01 1.053138131786629650e+01 1.080491283334816011e+01 1.080491830961961597e+01 1.135783783728312102e+01 1.135786580136734791e+01 1.208101214949565616e+01 1.208102858107173994e+01 1.303824338448021791e+01 1.303826864378230255e+01 1.474097000609541297e+01 1.474098267687758934e+01 1.909429494917462478e+01 1.909436073011787371e+01 2.464740380127554076e+01 2.464741832891605000e+01
2.625418093217291582e-01 1.820145200479080572e+00 1.820153135569792413e+00 3.183464530920472324e+00 3.183472629254036956e+00 4.444656997921056174e+00 4.444699674408890466e+00 5.478036768596909134e+00 5.478070863253127420e+00 6.372209111944028059e+00 6.372214248471497200e+00 7.239769194871895408e+00 7.239814307959216322e+00 7.877621435493795232e+00 7.877651805674628527e+00 1.052779319945520342e+01 1.052780323163180931e+01 1.080246693310337669e+01 1.080247225165301650e+01 1.134076051609179636e+01 1.134078906641067697e+01 1.209232967486665267e+01 1.209234741569102312e+01 1.304857109566791351e+01 1.304859757280424226e+01 1.474300219568698189e+01 1.474301491460386515e+01 1.909927362338935097e+01 1.909933990876712429e+01 2.464348346309787985e+01 2.464349719787126602e+01
2.640615791599402740e-01 1.811097100224630774e+00 1.811106825798942666e+00 3.175213263113851436e+00 3.175222115113200960e+00 4.427275902628558413e+00 4.427320376255960532e+00 5.474681082743249938e+00 5.474717195150074822e+00 6.359965994937931910e+00 6.359971615162650416e+00 7.252338007106433615e+00 7.252385212966284023e+00 7.874654073884634897e+00 7.874686056394100575e+00 1.052361647106183185e+01 1.052362666012496639e+01 1.080003562643882908e+01 1.080004076927076362e+01 1.132261038744582748e+01 1.132263908044611256e+01 1.210423825709007950e+01 1.210425717183441741e+01 1.305965870838930698e+01 1.305968601132882512e+01 1.474520886532950215e+01 1.474522140996890229e+01 1.910467414540665132e+01 1.910473986552236525e+01 2.463922968634885891e+01 2.463924221175294349e+01
2.655813489981513897e-01 1.801387261959900066e+00 1.801398824256939424e+00 3.166240996067928748e+00 3.166250548007935706e+00 4.408844830457286257e+00 4.408890345275910505e+00 5.471113168545714167e+00 5.471151019655195569e+00 6.347443422621428688e+00 6.347450118358452187e+00 7.265183543048026493e+00 7.265232320575629288e+00 7.871546151793165080e+00 7.871579529262445973e+00 1.051877933423469003e+01 1.051878956757347616e+01 1.079766004019692183e+01 1.079766500975135202e+01 1.130347718651206534e+01 1.130350558586837195e+01 1.211665093037899332e+01 1.211667084850554055e+01 1.307148288338526498e+01 1.307151059561175543e+01 1.474759003542213875e+01 1.474760218918109800e+01 1.911049378036057433e+01 1.911055791207321164e+01 2.463464434767505296e+01 2.463465527388710896e+01
2.671011188363625055e-01 1.791032295105968508e+00 1.791045670563804260e+00 3.156532951933086029e+00 3.156543130824278176e+00 4.389435227291694552e+00 4.389480917781554581e+00 5.467342291799862863e+00 5.467381573969319675e+00 6.334729715260502658e+00 6.334738060050021602e+00 7.278215551685066842e+00 7.278265336329969415e+00 7.868318500349642974e+00 7.868353037687177753e+00 1.051321980035681136e+01 1.051322995012862371e+01 1.079537803735350998e+01 1.079538284005981019e+01 1.128345368664079196e+01 1.128348137748020008e+01 1.212947816320814276e+01 1.212949887797148918e+01 1.308402098016949289e+01 1.308404867665318783e+01 1.475014599822454997e+01 1.475015755458925071e+01 1.911672962989895197e+01 1.911679122381829643e+01 2.462972948294626008e+01 2.462973848381599851e+01
2.686208886745736213e-01 1.780050711798810248e+00 1.780065806609672174e+00 3.146073085013492587e+00 3.146083801094852639e+00 4.369121753973556288e+00 4.369166660682963332e+00 5.463376983713635227e+00 5.463417371279640555e+00 6.321906400800878956e+00 6.321916856856709011e+00 7.291351859008170067e+00 7.291402054310236913e+00 7.864992934746325659e+00 7.865028378648585949e+00 1.050687729783030200e+01 1.050688722194953328e+01 1.079322279408950891e+01 1.079322742367477161e+01 1.126263522515380089e+01 1.126266182861456855e+01 1.214262876075089359e+01 1.214265002926467751e+01 1.309725090801746816e+01 1.309727817241642178e+01 1.475287739199525028e+01 1.475288815867744141e+01 1.912337864055663772e+01 1.912343685044475805e+01 2.462448726109856523e+01 2.462449417485318293e+01
2.701406585127847371e-01 1.768462997882523258e+00 1.768479650166457917e+00 3.134844101243368097e+00 3.134855252376731016e+00 4.347982024906468013e+00 4.348025116499334430e+00 5.459224738642704189e+00 5.459265903243986529e+00 6.309048411843763304e+00 6.309061320029608844e+00 7.304518304066875523e+00 7.304568294691655694e+00 7.861592121998033811e+00 7.861628200689555257e+00 1.049969402501329618e+01 1.049970357732776627e+01 1.079122146424901629e+01 1.079122589175082503e+01 1.124111928734457067e+01 1.124114447492116753e+01 1.215601079018980535e+01 1.215603233471744105e+01 1.311115083339034726e+01 1.311117727577660830e+01 1.475578528229067210e+01 1.475579508527491868e+01 1.913043760996662712e+01 1.913049172624478800e+01 2.461891987154382022e+01 2.461892503862394577e+01
2.716604283509958528e-01 1.756291668105292914e+00 1.756309653090750489e+00 3.122827503582264796e+00 3.122838981799506808e+00 4.326096346410194471e+00 4.326136549039798496e+00 5.454891705994302953e+00 5.454933337134995064e+00 6.296224417776969950e+00 6.296240011489881994e+00 7.317648563857054533e+00 7.317697729591558620e+00 7.858139431731157920e+00 7.858175855058954440e+00 1.049161618811103125e+01 1.049162524212095171e+01 1.078939401579046908e+01 1.078939819156365409e+01 1.121900514392517323e+01 1.121902865102479829e+01 1.216953252075804492e+01 1.216955403137273883e+01 1.312569875816107867e+01 1.312572403264143084e+01 1.475887124957003138e+01 1.475887993733595849e+01 1.913790318981441985e+01 1.913795268071688582e+01 2.461302930954917656e+01 2.461303435213344670e+01
2.731801981892069686e-01 1.743561303256426109e+00 1.743580341724632277e+00 3.110003669811802762e+00 3.110015370241559385e+00 4.303547444145654488e+00 4.303583680764156760e+00 5.450382383227956318e+00 5.450424214229759201e+00 6.283497225333001701e+00 6.283515643034358611e+00 7.330683919659560566e+00 7.330731649830295460e+00 7.854658767737547009e+00 7.854695227744151076e+00 1.048259504957611377e+01 1.048260354133351591e+01 1.078775230503929627e+01 1.078775617546333976e+01 1.119639353948754845e+01 1.119641517755663429e+01 1.218310336826219853e+01 1.218312450699036376e+01 1.314087198909217591e+01 1.314089581079173996e+01 1.476213748172077445e+01 1.476214493043543818e+01 1.914577188399347207e+01 1.914581645048655290e+01 2.460681806907760460e+01 2.460682529781656669e+01
2.746999680274180844e-01 1.730298567221416395e+00 1.730318337450991173e+00 3.096351969594566267e+00 3.096363801882561440e+00 4.280420165544789768e+00 4.280451412990251114e+00 5.445699317591687461e+00 5.445741156327241761e+00 6.270924201515113872e+00 6.270945495442669326e+00 7.343573002555468854e+00 7.343618710360161117e+00 7.851174378191796421e+00 7.851210550285279588e+00 1.047258774190217068e+01 1.047259573683431100e+01 1.078629941625263378e+01 1.078630295709664999e+01 1.117338643654929164e+01 1.117340610297497783e+01 1.219663483106049640e+01 1.219665523758351888e+01 1.315664652436151094e+01 1.315666868533913281e+01 1.476558686922399133e+01 1.476559299120536650e+01 1.915404004019669770e+01 1.915407969385139353e+01 2.460028967916860765e+01 2.460030044043341846e+01
2.762197378656292002e-01 1.716532202191751066e+00 1.716552355742281044e+00 3.081850927756263570e+00 3.081862829766609302e+00 4.256801135921485901e+00 4.256826525592003030e+00 5.440842824834825286e+00 5.440884587160992325e+00 6.258557693588386428e+00 6.258581837031674588e+00 7.356271543847241468e+00 7.356314680152924446e+00 7.847710642873849451e+00 7.847746187702788312e+00 1.046155784631302588e+01 1.046156561905979210e+01 1.078502924284607900e+01 1.078503251013871633e+01 1.115008683297268988e+01 1.115010451766602273e+01 1.221004140145788419e+01 1.221006070042207625e+01 1.317299638736911938e+01 1.317301677106863700e+01 1.476922309853076776e+01 1.476922786120363540e+01 1.916270383508944875e+01 1.916273900740160840e+01 2.459344772443270344e+01 2.459346272017969781e+01
2.777395077038403159e-01 1.702293000529536249e+00 1.702313182464696428e+00 3.066478440485572499e+00 3.066490393321099184e+00 4.232778319466729222e+00 4.232797380262650400e+00 5.435810733594038879e+00 5.435852474943170698e+00 6.246445432154809296e+00 6.246472327404693381e+00 7.368742146642310864e+00 7.368782212905093942e+00 7.844291836533483497e+00 7.844326402659817177e+00 1.044947578919863673e+01 1.044948385758242893e+01 1.078392623589635591e+01 1.078392941807636518e+01 1.112659869214947683e+01 1.112661447925498059e+01 1.222324143373802308e+01 1.222325924375741657e+01 1.318989294138433088e+01 1.318991153502644664e+01 1.477305073204726327e+01 1.477305421293919885e+01 1.917175926351422888e+01 1.917179093392325839e+01 2.458629580397852266e+01 2.458631550763443485e+01
2.792592775420514317e-01 1.687613752034700099e+00 1.687633626651229735e+00 3.050212050373468209e+00 3.050224092380530383e+00 4.208440308240529504e+00 4.208453781438194596e+00 5.430598164206649869e+00 5.430640101560416433e+00 6.234630909897212803e+00 6.234660398119933333e+00 7.380954087344361092e+00 7.380990647473985256e+00 7.840941868742850929e+00 7.840975096185312410e+00 1.043631912511953708e+01 1.043632815531507951e+01 1.078296519998093217e+01 1.078296860859740391e+01 1.110302705834207160e+01 1.110304112109700370e+01 1.223615794807978752e+01 1.223617389272775924e+01 1.320730422062122855e+01 1.320732112416482984e+01 1.477707524221415092e+01 1.477707780470897347e+01 1.918120216846661918e+01 1.918123192457063553e+01 2.457883768057049068e+01 2.457886246868833524e+01
2.807790473802625475e-01 1.672529165620455283e+00 1.672548449402863957e+00 3.033029284635653244e+00 3.033041520223113796e+00 4.183875083630417713e+00 4.183887231695001319e+00 5.425197349734116159e+00 5.425239863685927588e+00 6.223153732815559280e+00 6.223185606449525231e+00 7.392883149669269294e+00 7.392915840952522188e+00 7.837684002253435089e+00 7.837715526947754974e+00 1.042207271244449451e+01 1.042208333844993184e+01 1.078211092272525207e+01 1.078211487965694637e+01 1.107947847806392438e+01 1.107949106528575633e+01 1.224871934874520818e+01 1.224873307057015737e+01 1.322519431387203248e+01 1.322520974238033808e+01 1.478130305113737286e+01 1.478130561592724845e+01 1.919102835653841410e+01 1.919105821041031135e+01 2.457107733298203200e+01 2.457110752642727292e+01
2.822988172184736633e-01 1.657075764818743080e+00 1.657094268848404051e+00 3.014908057905432592e+00 3.014920655845559683e+00 4.159171189313918049e+00 4.159188630147120591e+00 5.419597504226039142e+00 5.419641112075016309e+00 6.212049943600384871e+00 6.212083961428246148e+00 7.404511488535518104e+00 7.404540032295315655e+00 7.834540554016514946e+00 7.834570013205498284e+00 1.040672879261095218e+01 1.040674149901009393e+01 1.078131729837033781e+01 1.078132202161958375e+01 1.105606191795424564e+01 1.105607333374931578e+01 1.226086003502505761e+01 1.226087121618844833e+01 1.324352283542705244e+01 1.324353710904503068e+01 1.478574199977865433e+01 1.478574553107880263e+01 1.920123373035992387e+01 1.920126565167831956e+01 2.456301897673915136e+01 2.456305485471611405e+01
2.838185870566847790e-01 1.641291757627958647e+00 1.641309440665072561e+00 2.995827136155972958e+00 2.995840313644286823e+00 4.134419288244713719e+00 4.134445437280395375e+00 5.413784739006072932e+00 5.413830037360931158e+00 6.201352318657443519e+00 6.201388223372127584e+00 7.415827516304153377e+00 7.415851730210834880e+00 7.831532585600133878e+00 7.831559624128418662e+00 1.039028707408799868e+01 1.039030217728154426e+01 1.078052560783522651e+01 1.078053117940851635e+01 1.103289046795446104e+01 1.103290105348145467e+01 1.227252088225080051e+01 1.227252928577740221e+01 1.326224451345444422e+01 1.326225802836077605e+01 1.479040143719564959e+01 1.479040637299136485e+01 1.921181425997333747e+01 1.921184974277183954e+01 2.455466707623552836e+01 2.455470888043917199e+01
2.853383568948958948e-01 1.625216884144859986e+00 1.625233911366701367e+00 2.975766652287163971e+00 2.975780646322733869e+00 4.109708150123743131e+00 4.109744265929167639e+00 5.407742024435052031e+00 5.407789611454290934e+00 6.191090641528679939e+00 6.191128179311024660e+00 7.426825798766793163e+00 7.426845615852074367e+00 7.828679592633650763e+00 7.828703870085472971e+00 1.037275488290315906e+01 1.037277255389846964e+01 1.077966156285022770e+01 1.077966794038398923e+01 1.101008425458713980e+01 1.101009438880343794e+01 1.228364955222179233e+01 1.228365515286092524e+01 1.328130891709104588e+01 1.328132209716347134e+01 1.479529185425007753e+01 1.479529835133215698e+01 1.922276581552133123e+01 1.922280575062151087e+01 2.454602635411824352e+01 2.454607428843622330e+01
2.868581267331070106e-01 1.608892250902035803e+00 1.608909036682556248e+00 2.954708658881563643e+00 2.954723692421830084e+00 4.085123719805042519e+00 4.085170265601800743e+00 5.401449194996665426e+00 5.401499590506039894e+00 6.181291956266723453e+00 6.181330897562575366e+00 7.437506941574446806e+00 7.437522450035146448e+00 7.825999205938963144e+00 7.826020404544395070e+00 1.035414735611375647e+01 1.035416764734071471e+01 1.077863052521186127e+01 1.077863755843376481e+01 1.098777516164100199e+01 1.098778529519772285e+01 1.229420045305657894e+01 1.229420407168711549e+01 1.330066033302376383e+01 1.330067357610164258e+01 1.480042493148437543e+01 1.480043304624585865e+01 1.923408404089732215e+01 1.923412880691178017e+01 2.453710179961666427e+01 2.453715602739660540e+01
2.883778965713181264e-01 1.592360163153657249e+00 1.592377355603185718e+00 2.932637700894552779e+00 2.932653952758095706e+00 4.060748785305281494e+00 4.060805811107895735e+00 5.394882998916120442e+00 5.394936579216930816e+00 6.171980804851973090e+00 6.172020965133906856e+00 7.447877434705524102e+00 7.447888981273714570e+00 7.823506919880557575e+00 7.823524753195360226e+00 1.033448762527922682e+01 1.033451049277224065e+01 1.077731017624549104e+01 1.077731762296211038e+01 1.096611411195967811e+01 1.096612482245217279e+01 1.230413450221446681e+01 1.230413904794461644e+01 1.332023779793418150e+01 1.332025143883702256e+01 1.480581358545084036e+01 1.480582333200197809e+01 1.924576431113723274e+01 1.924581391155933474e+01 2.452789867633181942e+01 2.452795931612958213e+01
2.898976664095292421e-01 1.575663949986655377e+00 1.575682327579965847e+00 2.909541388977058052e+00 2.909558972803252708e+00 4.036662261682959496e+00 4.036729520242642977e+00 5.388017195768666667e+00 5.388074151319417027e+00 6.163179453054747903e+00 6.163220711867792190e+00 7.457949394623259565e+00 7.457957873735244547e+00 7.821215865768813558e+00 7.821230088558771776e+00 1.031380693193967168e+01 1.031383225371560641e+01 1.077554001719330934e+01 1.077554756821309745e+01 1.094528158943277063e+01 1.094529360896742354e+01 1.231342111895379254e+01 1.231342870127694944e+01 1.333997529503782253e+01 1.333998959704588572e+01 1.481147193687302632e+01 1.481148330629447685e+01 1.925780172367781873e+01 1.925785589759478000e+01 2.451842252964045699e+01 2.451848964998934477e+01
2.914174362477403579e-01 1.558847749473205813e+00 1.558868068563662002e+00 2.885410950892228765e+00 2.885429903617441116e+00 4.012938373076753606e+00 4.013015368891182710e+00 5.380822704315326277e+00 5.380883019839441062e+00 6.154908109231027602e+00 6.154950425317598395e+00 7.467740220788975591e+00 7.467747594037319026e+00 7.819136649068111566e+00 7.819147070801824029e+00 1.029214461864171959e+01 1.029217221101315793e+01 1.077310799228765781e+01 1.077311532441148323e+01 1.092550115662821852e+01 1.092551532329254904e+01 1.232203695019693335e+01 1.232204813842852609e+01 1.335980211987405220e+01 1.335981728788553369e+01 1.481741522418961665e+01 1.481742819099169495e+01 1.927019109088880455e+01 1.927024939038573947e+01 2.450867919374264403e+01 2.450875280735632700e+01
2.929372060859514737e-01 1.541956233428332546e+00 1.541979109751080657e+00 2.860241734966608718e+00 2.860262012644056107e+00 3.989645836499847498e+00 3.989731857230353729e+00 5.373267799628933084e+00 5.373331251913202600e+00 6.147185140326709707e+00 6.147228560290472821e+00 7.477272810514229207e+00 7.477281567779425764e+00 7.817277264753807131e+00 7.817283781113125940e+00 1.026954794873682708e+01 1.026957758146666322e+01 1.076973765977638564e+01 1.076974454699307948e+01 1.090705255647671024e+01 1.090706969192649112e+01 1.232996462873090415e+01 1.232997957090550400e+01 1.337964340921674733e+01 1.337965960945315835e+01 1.482365966692137960e+01 1.482367419014875765e+01 1.928292692584337331e+01 1.928298876965437003e+01 2.449867479833794448e+01 2.449875485611969239e+01
2.944569759241625895e-01 1.525034296487591146e+00 1.525060158293971790e+00 2.834033637858884180e+00 2.834055116384057715e+00 3.966847094863700462e+00 3.966941239365592065e+00 5.365318355891990798e+00 5.365384524183733461e+00 6.140027288759728030e+00 6.140071946874801512e+00 7.486575677166772635e+00 7.486587217736928146e+00 7.815643036376987318e+00 7.815645841471035027e+00 1.024607172590068238e+01 1.024610313634637215e+01 1.076508688202761022e+01 1.076509337557784818e+01 1.089027345269598968e+01 1.089029419099351870e+01 1.233719279684349956e+01 1.233721148405895818e+01 1.339942081608205626e+01 1.339943819061206831e+01 1.483022227723571795e+01 1.483023829877906152e+01 1.929600342180052763e+01 1.929606813430291723e+01 2.448841577490016519e+01 2.448850216011658887e+01
2.959767457623737053e-01 1.508126741100155543e+00 1.508155832890849091e+00 2.806791430239338414e+00 2.806813909305218235e+00 3.944597632919230268e+00 3.944698840241914972e+00 5.356938130004929022e+00 5.357006415291992063e+00 6.133449892813340298e+00 6.133496000529941483e+00 7.495681541482990262e+00 7.495696275661120289e+00 7.814235337440369022e+00 7.814237997825972393e+00 1.022177770679199682e+01 1.022181061276400449e+01 1.075878033651037491e+01 1.075878686687948438e+01 1.087552759723104501e+01 1.087555217872328228e+01 1.234371573531780442e+01 1.234373806168814625e+01 1.341905330828047660e+01 1.341907197964607690e+01 1.483712061755170275e+01 1.483713805885972725e+01 1.930941442718956580e+01 1.930948126880781146e+01 2.447790886252001030e+01 2.447800138548392113e+01
2.974965156005848210e-01 1.491277966029838753e+00 1.491310371737644580e+00 2.778524958172098103e+00 2.778548167580896067e+00 3.922945402894402633e+00 3.923052483279204417e+00 5.348089081060444450e+00 5.348158732046998765e+00 6.127467111816507384e+00 6.127514937303909726e+00 7.504626405682921053e+00 7.504644326562230461e+00 7.813054969750989898e+00 7.813061321959042793e+00 1.019673382308115528e+01 1.019676793399834303e+01 1.075049830461318834e+01 1.075050540877442984e+01 1.086311699987965262e+01 1.086314509587902144e+01 1.234953286255750626e+01 1.234955864626532751e+01 1.343845806622817740e+01 1.343847813294955351e+01 1.484437250322972268e+01 1.484439126121553976e+01 1.932315341754057769e+01 1.932322161034770147e+01 2.446716111328680299e+01 2.446725950687175910e+01
2.990162854387959368e-01 1.474531653974665346e+00 1.474567322841650929e+00 2.749249204538913638e+00 2.749272812518750886e+00 3.901930379656908698e+00 3.902042047257402668e+00 5.338731721301260613e+00 5.338801866014311948e+00 6.122092155963919424e+00 6.122141996197963287e+00 7.513448870907313726e+00 7.513469801423060090e+00 7.812102980980372813e+00 7.812113273170410821e+00 1.017101324820094810e+01 1.017104827418504343e+01 1.074010216023538611e+01 1.074011010454399262e+01 1.085315731456906008e+01 1.085318803782787178e+01 1.235464819322766417e+01 1.235467718832387973e+01 1.345755145555417442e+01 1.345757298219002251e+01 1.485199565141386024e+01 1.485201559422591266e+01 1.933721346534488461e+01 1.933728221634370570e+01 2.445617989718584084e+01 2.445628381346136138e+01
3.005360552770070526e-01 1.457930455537890690e+00 1.457969225601875252e+00 2.718984203043974812e+00 2.719007826477865208e+00 3.881584257157636664e+00 3.881699163663703711e+00 5.328825495056205952e+00 5.328895177757097201e+00 6.117337519379959510e+00 6.117389668940600878e+00 7.522189207609922157e+00 7.522212892540604656e+00 7.811377704880666961e+00 7.811391853854905420e+00 1.014469335684518470e+01 1.014472901558957219e+01 1.072770846311497372e+01 1.072771733266724858e+01 1.084550438055698152e+01 1.084553655420623564e+01 1.235906978711801507e+01 1.235910169306684736e+01 1.347625005039173551e+01 1.347627305654404140e+01 1.486000727968258417e+01 1.486002824294859970e+01 1.935158720850655456e+01 1.935165573245782866e+01 2.444497290649135834e+01 2.444508191472326786e+01
3.020558251152181684e-01 1.441515670438603625e+00 1.441557289365039018e+00 2.687754806385273199e+00 2.687778022960368940e+00 3.861930289075912182e+00 3.862047057226108304e+00 5.318329183164085094e+00 5.318397406821373963e+00 6.113215213967697181e+00 6.113269935104448827e+00 7.530888206934108098e+00 7.530914352338566431e+00 7.810877032476650328e+00 7.810894864683755046e+00 1.011785463037941923e+01 1.011789065189801917e+01 1.071363854623558254e+01 1.071364852799819367e+01 1.083980552425150812e+01 1.083983803037767757e+01 1.236280920729592481e+01 1.236284367821877517e+01 1.349447168365395733e+01 1.349449613560335237e+01 1.486842366116165159e+01 1.486844544524453227e+01 1.936626681783697634e+01 1.936633436134334119e+01 2.443354815963825999e+01 2.443366174584511796e+01
3.035755949534292841e-01 1.425326928835068729e+00 1.425371073031094005e+00 2.655590319167749236e+00 2.655612681492974136e+00 3.842983267777341894e+00 3.843100523739307217e+00 5.307201331412206180e+00 5.307267106690990666e+00 6.109737000481589853e+00 6.109794498051559053e+00 7.539585842817192685e+00 7.539614135760745128e+00 7.810599451393688497e+00 7.810620736887407212e+00 1.009057955943708151e+01 1.009061568909931772e+01 1.069828883178123213e+01 1.069830023950993336e+01 1.083563045094862254e+01 1.083566243134976759e+01 1.236588100157533709e+01 1.236591765570342538e+01 1.351213650080829787e+01 1.351216230818779884e+01 1.487725964599655981e+01 1.487728201470677014e+01 1.938124396389497051e+01 1.938130983261936890e+01 2.442191400455753580e+01 2.442203157275447012e+01
3.050953647916403999e-01 1.409401876350508731e+00 1.409448169257705219e+00 2.622524014183277519e+00 2.622545065998429958e+00 3.824749627776211636e+00 3.824866031491574780e+00 5.295400702380882230e+00 5.295463105233372048e+00 6.106914611923113689e+00 6.106975015121878236e+00 7.548319748568612653e+00 7.548349867979320393e+00 7.810545174229460486e+00 7.810569641306328137e+00 1.006295158770785569e+01 1.006298758825469264e+01 1.068202239946628929e+01 1.068203550175832639e+01 1.083258080393760459e+01 1.083261168464530222e+01 1.236830221752365233e+01 1.236834064687308654e+01 1.352916799366864886e+01 1.352919501236972089e+01 1.488652816234864495e+01 1.488655084344108026e+01 1.939650978335788167e+01 1.939657337467952658e+01 2.441007912146121228e+01 2.441019999665899221e+01
3.066151346298515157e-01 1.393775866505488015e+00 1.393823896650410843e+00 2.588592557028248198e+00 2.588611851880265213e+00 3.807227653602901718e+00 3.807341926393255971e+00 5.282886750613298155e+00 5.282944992499089665e+00 6.104759962856262767e+00 6.104823314047931326e+00 7.557123499002432077e+00 7.557155121687719301e+00 7.810717458140876701e+00 7.810744804145077325e+00 1.003505413047554207e+01 1.003508978395694839e+01 1.066512293727473626e+01 1.066513784025997502e+01 1.083033707190582717e+01 1.083036650757791186e+01 1.237009195790541227e+01 1.237013173799770627e+01 1.354549399070495319e+01 1.354552203234988283e+01 1.489623971309439554e+01 1.489626240074898256e+01 1.941205484504425982e+01 1.941211568902199147e+01 2.439805252506112510e+01 2.439817595802432137e+01
3.081349044680626315e-01 1.378481664080952740e+00 1.378531003153488310e+00 2.553835368101301739e+00 2.553852491625303589e+00 3.790407767802423056e+00 3.790518716794260889e+00 5.269620121103818278e+00 5.269673638965079121e+00 6.103285336900277080e+00 6.103351586802302720e+00 7.566024679551470733e+00 7.566057483150951057e+00 7.811124146363351173e+00 7.811154046733585155e+00 1.000696968999305980e+01 1.000700480074454291e+01 1.064779313206473965e+01 1.064780977712505283e+01 1.082866087381786535e+01 1.082868868631575232e+01 1.237127098056530983e+01 1.237131167994374970e+01 1.356104758061017534e+01 1.356107642841571526e+01 1.490640188685594225e+01 1.490642424621315421e+01 1.942786911581918829e+01 1.942792692767696394e+01 2.438584356620453519e+01 2.438596873991019010e+01
3.096546743062737472e-01 1.363549162535770076e+00 1.363599383515422314e+00 2.518293952328172214e+00 2.518308551513952054e+00 3.774272872916733412e+00 3.774379412156680935e+00 5.255563171065216643e+00 5.255611747837081182e+00 6.102503543841272915e+00 6.102572551895799613e+00 7.575042715172314978e+00 7.575076379113683700e+00 7.811779465049224491e+00 7.811811580448106085e+00 9.978779079025180465e+00 9.978813478890195654e+00 1.063017032935858097e+01 1.063018854544598746e+01 1.082737986899718052e+01 1.082740600386942198e+01 1.237186134432334761e+01 1.237190253359815628e+01 1.357576794665392406e+01 1.357579737719721713e+01 1.491701890354541860e+01 1.491704057725497989e+01 1.944394192726668535e+01 1.944399667364696072e+01 2.437346193290689911e+01 2.437358797058659476e+01
3.111744441444848630e-01 1.349005117973821832e+00 1.349055813116390334e+00 2.482011224453263498e+00 2.482023054320181998e+00 3.758798721617544913e+00 3.758899890122945120e+00 5.240680517073497136e+00 5.240724442423876361e+00 6.102428037745021960e+00 6.102499576520427738e+00 7.584186427203157166e+00 7.584220632679614660e+00 7.812706112427035166e+00 7.812740093372404715e+00 9.950560754975434463e+00 9.950594311952105642e+00 1.061234419902475601e+01 1.061236376428335682e+01 1.082637056147427401e+01 1.082639506074232649e+01 1.237188610051221183e+01 1.237192736068137400e+01 1.358960109096929436e+01 1.358963090103370952e+01 1.492809121497457170e+01 1.492811183163789934e+01 1.946026194596694836e+01 1.946031392230102952e+01 2.436091765075783755e+01 2.436104362535376566e+01
3.126942139826959788e-01 1.334872901269630319e+00 1.334923699570348621e+00 2.445030847175116318e+00 2.445039869664359156e+00 3.743954291308750904e+00 3.744049268765124783e+00 5.224939621412450386e+00 5.224979876404234780e+00 6.103072988214550243e+00 6.103146750893674977e+00 7.593451292993547597e+00 7.593485723357829897e+00 7.813937670079525333e+00 7.813973158666847496e+00 9.922390260479001967e+00 9.922422891752356477e+00 1.059437117573377307e+01 1.059439187449608433e+01 1.082554422475931766e+01 1.082556720825950869e+01 1.237136902831532126e+01 1.237140995814373134e+01 1.360250043059608416e+01 1.360253046766550433e+01 1.493961518004702782e+01 1.493963436442555981e+01 1.947681715427878046e+01 1.947686705757161718e+01 2.434822108267316665e+01 2.434834602749414501e+01
3.142139838209070946e-01 1.321172268775778091e+00 1.321222852306462858e+00 2.407396567453000902e+00 2.407403219328862587e+00 3.729702143006237591e+00 3.729790264453777482e+00 5.208311461500848338e+00 5.208349822341812541e+00 6.104453298455688959e+00 6.104528908711837509e+00 7.602816414565744196e+00 7.602850758340895077e+00 7.815521333975103069e+00 7.815557962868779462e+00 9.894339762267350125e+00 9.894371452017537649e+00 1.057628499242804132e+01 1.057630666581244228e+01 1.082483663455637846e+01 1.082485828288057128e+01 1.237033441102117060e+01 1.237037463331489029e+01 1.361442725097295714e+01 1.361445744477361863e+01 1.495158283151257628e+01 1.495160021651286186e+01 1.949359485306728601e+01 1.949364381222159892e+01 2.433538292796005109e+01 2.433550584828911312e+01
3.157337536591182103e-01 1.307919150508457751e+00 1.307969268761728587e+00 2.369151560501992382e+00 2.369157333011100430e+00 3.715998748571259114e+00 3.716079520349159449e+00 5.190771335666056530e+00 5.190810181253801225e+00 6.106584565948395493e+00 6.106661589702662596e+00 7.612241280964643586e+00 7.612275241000036274e+00 7.817520883444552204e+00 7.817558273354243248e+00 9.866477678277259855e+00 9.866508499418856104e+00 1.055810401873568338e+01 1.055812660773816880e+01 1.082420091057272060e+01 1.082422144519284757e+01 1.236880684963485422e+01 1.236884601631879654e+01 1.362535100755462558e+01 1.362538139813654148e+01 1.496398174723255359e+01 1.496399698817669233e+01 1.951058169398809383e+01 1.951063120522653449e+01 2.432241422065692404e+01 2.432253410603933830e+01
3.172535234973293261e-01 1.295125452787958986e+00 1.295174933845429921e+00 2.330338469183995009e+00 2.330345603961946122e+00 3.702794774885580509e+00 3.702867895546334331e+00 5.172299728513229056e+00 5.172341482365234278e+00 6.109482984077061474e+00 6.109560942746151468e+00 7.621662566167185737e+00 7.621695880336370799e+00 7.820019647766362603e+00 7.820057406156158741e+00 9.838868382978985139e+00 9.838898519691372968e+00 1.053983629102580544e+01 1.053985986766199900e+01 1.082360259623691334e+01 1.082362225562955693e+01 1.236681110991464294e+01 1.236684890591216934e+01 1.363524947188180292e+01 1.363528022743839863e+01 1.497679503339114504e+01 1.497680782663002930e+01 1.952776372616875733e+01 1.952781547202579659e+01 2.430932632710398877e+01 2.430944216403653968e+01
3.187732933355404419e-01 1.282798869920457108e+00 1.282847626938752761e+00 2.290999800589347046e+00 2.291009612867432210e+00 3.690035317877961685e+00 3.690100710045808530e+00 5.152883017762366791e+00 5.152929579624147216e+00 6.113165185825901737e+00 6.113243570717163955e+00 7.630991475355681786e+00 7.631023956076729675e+00 7.823122957890327633e+00 7.823160683590525188e+00 9.811571982070812936e+00 9.811601746583180628e+00 1.052148295383075904e+01 1.052150773261296912e+01 1.082301627147451661e+01 1.082303528561311090e+01 1.236437199876265325e+01 1.236440814478712902e+01 1.364410872385220408e+01 1.364414014028064059e+01 1.499000141948321385e+01 1.499001153270554809e+01 1.954512641799451700e+01 1.954518202745960664e+01 2.429613094269123863e+01 2.429624172744382449e+01
3.202930631737515577e-01 1.270942696541243810e+00 1.270990727840150436e+00 2.251176926619559371e+00 2.251189798014594068e+00 3.677660083263438739e+00 3.677717945627364315e+00 5.132514015370796656e+00 5.132566536682551472e+00 6.117648033364270432e+00 6.117726320875680024e+00 7.640112548220530542e+00 7.640144147737481184e+00 7.826959175023694648e+00 7.826996475178920498e+00 9.784644148889434234e+00 9.784673982828495653e+00 1.050304062596482524e+01 1.050306694857717460e+01 1.082242319736526071e+01 1.082244176563770921e+01 1.236151426593354508e+01 1.236154852044039920e+01 1.365192299619111971e+01 1.365195547278072574e+01 1.500357545061052100e+01 1.500358279414555440e+01 1.956265463195410703e+01 1.956271548388090054e+01 2.428284008772049063e+01 2.428294483905619572e+01
3.218128330119626734e-01 1.259555628539074323e+00 1.259603009694096221e+00 2.210909794874044376e+00 2.210925687394898365e+00 3.665603515050668726e+00 3.665654406499841755e+00 5.111192540388647565e+00 5.111251483677638596e+00 6.122948359813544350e+00 6.123026027075499478e+00 7.648885273464448353e+00 7.648916173291971710e+00 7.831677946016118774e+00 7.831714471913808318e+00 9.758136014676045633e+00 9.758166465856271898e+00 1.048450303804547801e+01 1.048453133102619539e+01 1.082180965446926635e+01 1.082182793240893126e+01 1.235826252717848028e+01 1.235829468790301711e+01 1.365869438034152772e+01 1.365872837318138799e+01 1.501748771249866365e+01 1.501749259172514428e+01 1.958033257600073185e+01 1.958039970134541718e+01 2.426946610230115908e+01 2.426956387393394365e+01
3.233326028501737892e-01 1.248631535881015386e+00 1.248678402911111318e+00 2.170237198879103158e+00 2.170255865805660100e+00 3.653794880438175241e+00 3.653839843159441880e+00 5.088926082124840988e+00 5.088991364525575989e+00 6.129082671521760339e+00 6.129159212097288645e+00 7.657150107214828694e+00 7.657180804236301874e+00 7.837444106688312040e+00 7.837479610619211279e+00 9.732094103003934293e+00 9.732125776198186529e+00 1.046586217106100669e+01 1.046589288667918538e+01 1.082116575141616721e+01 1.082118384940090827e+01 1.235464120516631681e+01 1.235467111090734527e+01 1.366443240692182037e+01 1.366446837049872620e+01 1.503170492136007219e+01 1.503170891792245278e+01 1.959814376714447803e+01 1.959821783443010546e+01 2.425602164016803997e+01 2.425611153293678512e+01
3.248523726883849050e-01 1.238159184972872362e+00 1.238205709078940231e+00 2.129197121665387105e+00 2.129218188840638959e+00 3.642158338747561785e+00 3.642199030312458952e+00 5.065730490032191113e+00 5.065801612286497502e+00 6.136066820647977593e+00 6.136141759906082349e+00 7.664740037701151643e+00 7.664771359441546750e+00 7.844426114388917348e+00 7.844460517559073587e+00 9.706560297997256725e+00 9.706593790383108100e+00 1.044710905023987380e+01 1.044714260662690464e+01 1.082048455669522546e+01 1.082050255051679244e+01 1.235067448477884078e+01 1.235070201841885584e+01 1.366915351977944937e+01 1.366919185145099114e+01 1.504619095695733044e+01 1.504619669416708128e+01 1.961607102017104154e+01 1.961615236295477871e+01 2.424251966124541724e+01 2.424260083525699017e+01
3.263721425265960208e-01 1.228121881244310654e+00 1.228168237340690361e+00 2.087827209850780630e+00 2.087850220709015492e+00 3.630613054417115571e+00 3.630651763470571058e+00 5.041630634826082868e+00 5.041706778680267398e+00 6.143915658711712524e+00 6.143988568517642967e+00 7.671497213227757683e+00 7.671530189789031340e+00 7.852779501291914599e+00 7.852812944032135256e+00 9.681571839796674794e+00 9.681607678923286997e+00 1.042823430155691256e+01 1.042827103504478536e+01 1.081976145594426342e+01 1.081977940664108218e+01 1.234638627962322843e+01 1.234641137386534204e+01 1.367288046861070328e+01 1.367292146719112367e+01 1.506090850530574166e+01 1.506091717998351598e+01 1.963409645592676611e+01 1.963418511223717644e+01 2.422897342262903564e+01 2.422904511020870189e+01
3.278919123648071365e-01 1.218496994104167008e+00 1.218543326943676286e+00 2.046165434480153422e+00 2.046189887312969802e+00 3.619073399576774541e+00 3.619112759560366488e+00 5.016661011838400519e+00 5.016741113587589673e+00 6.152642681996074003e+00 6.152713194427059662e+00 7.677291525080592649e+00 7.677327136907834415e+00 7.862628412785705123e+00 7.862661246445473040e+00 9.657161347302301024e+00 9.657199945447992206e+00 1.040922854672325570e+01 1.040926868124174476e+01 1.081899366891940417e+01 1.081901164797167780e+01 1.234180020681595558e+01 1.234182285484770780e+01 1.367564164775829560e+01 1.367568548997799205e+01 1.507581812262666077e+01 1.507583002050404808e+01 1.965220152076137339e+01 1.965229727126094161e+01 2.421539646724944106e+01 2.421545798894581125e+01
3.294116822030182523e-01 1.209255315557799859e+00 1.209301707847465268e+00 2.004250981957527600e+00 2.004276369275339587e+00 3.607449147166846615e+00 3.607491598225571749e+00 4.990866266837166165e+00 4.990949076603584444e+00 6.162259679361755893e+00 6.162327499253112073e+00 7.682035869991697297e+00 7.682074805882074031e+00 7.874050434516947305e+00 7.874083133634194986e+00 9.633356871975800928e+00 9.633398500663961528e+00 1.039008268912430566e+01 1.039012632098500433e+01 1.081817988137080455e+01 1.081819799660185488e+01 1.233693956729387509e+01 1.233695984156436509e+01 1.367747040729450880e+01 1.367751713991282791e+01 1.509087874924387940e+01 1.509089386284912138e+01 1.967036701203882032e+01 1.967046941371663848e+01 2.420180260822751706e+01 2.420185339804047686e+01
3.309314520412293681e-01 1.200360189360269558e+00 1.200406635613154860e+00 1.962125426369218939e+00 1.962151280637441486e+00 3.595645512318813797e+00 3.595692891448094564e+00 4.964301624056679962e+00 4.964385757501832863e+00 6.172776392234693432e+00 6.172841308471462618e+00 7.685693116662354996e+00 7.685735660068284680e+00 7.887069660509437696e+00 7.887102686741687130e+00 9.610181985574723029e+00 9.610226766486524852e+00 1.037078812597453314e+01 1.037083521990768631e+01 1.081731996120207739e+01 1.081733837785832897e+01 1.233182732935289927e+01 1.233184541235642229e+01 1.367840435874444438e+01 1.367845390179752663e+01 1.510604849737496025e+01 1.510606668005442899e+01 1.968857310757814005e+01 1.968868152382815495e+01 2.418820590237844570e+01 2.418824556141916560e+01
3.324512218794404839e-01 1.191766327902890277e+00 1.191812716290824747e+00 1.919834253075112240e+00 1.919860200497117475e+00 3.583563156763832414e+00 3.583616620921741713e+00 4.937033192504981294e+00 4.937117179047880278e+00 6.184200195396869049e+00 6.184262090953772883e+00 7.688273019423885302e+00 7.688319068483956187e+00 7.901659791662608789e+00 7.901693479263192543e+00 9.587655902030945754e+00 9.587703808551909290e+00 1.035133691027638214e+01 1.035138730290801945e+01 1.081641473757331795e+01 1.081643368845595887e+01 1.232648611479149814e+01 1.232650234368616360e+01 1.367848469371935494e+01 1.367853685072799763e+01 1.512128523597860408e+01 1.512130624718860616e+01 1.970679939834004912e+01 1.970691302733115791e+01 2.417462058555981486e+01 2.417464903792069464e+01
3.339709917176515996e-01 1.183418207264576472e+00 1.183464310283268039e+00 1.877428831044899882e+00 1.877454651515894968e+00 3.571098362106167823e+00 3.571158501495592219e+00 4.909138121896014617e+00 4.909220451835979659e+00 6.196535805874975544e+00 6.196594666608955748e+00 7.689821423615081031e+00 7.689870583236173118e+00 7.917754960101439643e+00 7.917789470720905776e+00 9.565793631890194604e+00 9.565844496866748869e+00 1.033172187866576408e+01 1.033177528683482471e+01 1.081546582704893389e+01 1.081548560682279003e+01 1.232093819223212527e+01 1.232095310720396064e+01 1.367775552998364930e+01 1.367781000221768828e+01 1.513654709561282097e+01 1.513657062075459692e+01 1.972502492418537301e+01 1.972514282737315838e+01 2.416106081790816873e+01 2.416107894640353848e+01
3.354907615558627154e-01 1.175247895431030809e+00 1.175293369589215597e+00 1.834968969066376854e+00 1.834994652923439551e+00 3.558143422707919168e+00 3.558210394701391444e+00 4.880704574444322041e+00 4.880783746496654807e+00 6.209785025813951975e+00 6.209840947835280289e+00 7.690406383292089920e+00 7.690458071024232289e+00 7.935263679682501348e+00 7.935299020931913638e+00 9.544606167089895621e+00 9.544659694391851801e+00 1.031193675640018270e+01 1.031199278879810244e+01 1.081447549367424621e+01 1.081449643688162254e+01 1.231520549092306460e+01 1.231521984832519045e+01 1.367626329603233870e+01 1.367631969912698153e+01 1.515179291591949706e+01 1.515181857948007327e+01 1.974322821262851946e+01 1.974334934492996041e+01 2.414753944068507607e+01 2.414755217666144560e+01
3.370105313940738312e-01 1.167172123932073147e+00 1.167216519557903398e+00 1.792526238440270259e+00 1.792552017864644354e+00 3.544587245957863786e+00 3.544660869591005348e+00 4.851831473759505187e+00 4.851906044247733973e+00 6.223946523845993894e+00 6.223999718826481953e+00 7.690105371666589029e+00 7.690158906540660588e+00 7.954081739401936524e+00 7.954117813026494233e+00 9.524100693691497810e+00 9.524156472680566310e+00 1.029197624752389117e+01 1.029203441883469772e+01 1.081344653204078199e+01 1.081346898043854665e+01 1.230930964329487587e+01 1.230932433621827471e+01 1.367405616202587559e+01 1.367411404408074560e+01 1.516698263610224906e+01 1.516701001340591759e+01 1.976138732046000257e+01 1.976151056331214662e+01 2.413406851762567840e+01 2.413408681324657579e+01
3.385303012322849470e-01 1.159088361182083915e+00 1.159131146603543217e+00 1.750188295669131033e+00 1.750214617458937694e+00 3.530316176471131495e+00 3.530395987484456377e+00 4.822627987943336692e+00 4.822696623335336774e+00 6.239015658169028811e+00 6.239066455129231414e+00 7.688995803410642260e+00 7.689050469175777280e+00 7.974101804156945583e+00 7.974138454721656721e+00 9.504280830022864279e+00 9.504338352881960716e+00 1.027183611601340729e+01 1.027189586310351999e+01 1.081238216574323552e+01 1.081240643422431802e+01 1.230327202290381550e+01 1.230328791715617776e+01 1.367118352195855380e+01 1.367124238276225157e+01 1.518207762676876982e+01 1.518210625619641974e+01 1.977947987802503249e+01 1.977960407636402707e+01 2.412066602993946418e+01 2.412069540305202864e+01
3.400500710704960627e-01 1.150869596068205380e+00 1.150910207733882640e+00 1.708064476502510365e+00 1.708091893010012852e+00 3.515215085580160270e+00 3.515300365945342342e+00 4.793212701775517282e+00 4.793274237950794436e+00 6.254984343281201120e+00 6.255033184371304067e+00 7.687149210490183293e+00 7.687204296108029133e+00 7.995219365476764928e+00 7.995256416414951772e+00 9.485146887397332804e+00 9.485205569699568073e+00 1.025151326213394398e+01 1.025157396201110593e+01 1.081128595764080202e+01 1.081131230663770104e+01 1.229711372692562854e+01 1.229713152102222296e+01 1.366769552932120213e+01 1.366775484065012591e+01 1.519704096289294704e+01 1.519707035941437390e+01 1.979748313585712438e+01 1.979760713999577249e+01 2.410734945071854085e+01 2.410739134091245717e+01
3.415698409087071785e-01 1.142357519673094846e+00 1.142395465591437675e+00 1.666292934056177844e+00 1.666321930381683636e+00 3.499168772711614750e+00 3.499258567681137411e+00 4.763712433699198279e+00 4.763765949948016498e+00 6.271840960907884011e+00 6.271888387996885861e+00 7.684628373157297077e+00 7.684683196950969020e+00 8.017335731772961438e+00 8.017373007041312505e+00 9.466696150195360815e+00 9.466755355315369158e+00 1.023100579713497815e+01 1.023106678646318279e+01 1.081016173097640731e+01 1.081019034876549867e+01 1.229085552041126128e+01 1.229087570304327492e+01 1.366364268634136536e+01 1.366370191347770380e+01 1.521183763939604461e+01 1.521186731000410042e+01 1.981537401329676484e+01 1.981549672672299778e+01 2.409413484959776142e+01 2.409418972240319690e+01
3.430896107469182943e-01 1.133353866531329857e+00 1.133388942002393707e+00 1.625049513875303164e+00 1.625080327947268533e+00 3.482063718160897992e+00 3.482156851050329127e+00 4.734260657595025457e+00 4.734305585567933683e+00 6.289570313909646160e+00 6.289616943376119984e+00 7.681486433404631775e+00 7.681540356882304188e+00 8.040359027875190634e+00 8.040396362210890047e+00 9.448923171691509637e+00 9.448982239843008557e+00 1.021031311866309998e+01 1.021037371464837840e+01 1.080901350093301794e+01 1.080904449530755507e+01 1.228451779382484155e+01 1.228454066880833295e+01 1.365907548517799341e+01 1.365913410993525900e+01 1.522643473230682254e+01 1.522646419401455020e+01 1.983312914869553012e+01 1.983324958289077955e+01 2.408103809701462694e+01 2.408110609452685580e+01
3.446093805851294101e-01 1.123609991072969994e+00 1.123642706946573533e+00 1.584558261626896947e+00 1.584590747750175277e+00 3.463790210483565168e+00 3.463885303641399904e+00 4.704995494868766670e+00 4.705031815339189905e+00 6.308153619957402647e+00 6.308200105711792460e+00 7.677767152382890536e+00 7.677819588126424399e+00 8.064204042493319236e+00 8.064241284120791775e+00 9.431820081641696163e+00 9.431878364554874494e+00 1.018943598879439527e+01 1.018949551128411635e+01 1.080784541567869894e+01 1.080787881272421203e+01 1.227812054453478829e+01 1.227814627173831141e+01 1.365404409820684783e+01 1.365410164385911962e+01 1.524080150949674994e+01 1.524083031086165185e+01 1.985072495086992106e+01 1.985084228818257301e+01 2.406807508716785193e+01 2.406815618523694411e+01
3.461291504233405258e-01 1.112815625105044948e+00 1.112847878122817269e+00 1.545102656960698706e+00 1.545136210873792493e+00 3.444244846251726777e+00 3.444340356353519539e+00 4.676057245029197063e+00 4.676085902130732386e+00 6.327568540161463417e+00 6.327615529077254664e+00 7.673505726938682159e+00 7.673556143337296298e+00 8.088791509677243141e+00 8.088828518693800262e+00 9.415376901365174689e+00 9.415433803916309685e+00 1.016837661633342726e+01 1.016843441102505530e+01 1.080666170552808758e+01 1.080669745321265651e+01 1.227168336815547356e+01 1.227171199716821270e+01 1.364859811372961396e+01 1.364865417228218725e+01 1.525490949560473553e+01 1.525493724327148826e+01 1.986813765173425850e+01 1.986825131674743972e+01 2.405526176626660728e+01 2.405535582526759697e+01
3.476489202615516416e-01 1.100589679177883751e+00 1.100625168671733656e+00 1.507034966235302420e+00 1.507068515045911550e+00 3.423333365305491149e+00 3.423427642381597025e+00 4.647585481923076856e+00 4.647609170902023301e+00 6.347789237517097227e+00 6.347837324785938762e+00 7.668729810310601636e+00 7.668777734729871121e+00 8.114047180597921738e+00 8.114083825378877179e+00 9.399581861934978022e+00 9.399636892297788648e+00 1.014713874495441992e+01 1.014719420770828684e+01 1.080546663884866909e+01 1.080550461376802751e+01 1.226522544988315744e+01 1.226525694314588222e+01 1.364278631304152611e+01 1.364284057515062543e+01 1.526873249605955074e+01 1.526875888850516105e+01 1.988534336070282649e+01 1.988545309862544030e+01 2.404261412193159586e+01 2.404272090648123239e+01
3.491686900997627574e-01 1.086478763527943814e+00 1.086522244172759333e+00 1.470778221989370804e+00 1.470810293653636691e+00 3.400973742473710093e+00 3.401065125620581053e+00 4.619716274676385126e+00 4.619739803716402804e+00 6.368786461021415768e+00 6.368836153046876447e+00 7.663460546225786096e+00 7.663505567445690225e+00 8.139900877538082113e+00 8.139937030746274615e+00 9.384421721290220120e+00 9.384474550963370021e+00 1.012572774885174631e+01 1.012578035125939557e+01 1.080426448358913838e+01 1.080430449982682717e+01 1.225876555302208537e+01 1.225879980115333545e+01 1.363665648479485348e+01 1.363670877210865484e+01 1.528224658532762170e+01 1.528227145643071871e+01 1.990231812275138878e+01 1.990242407887005527e+01 2.403014816168242973e+01 2.403026734888573301e+01
3.506884599379738732e-01 1.069971691825192028e+00 1.070027613001111932e+00 1.436811804106648216e+00 1.436840706590319927e+00 3.377099410939653712e+00 3.377186380974541713e+00 4.592580310971164259e+00 4.592608432588856537e+00 6.390527652433213746e+00 6.390579341663005231e+00 7.657713528317427354e+00 7.657755298647939135e+00 8.166285618940111846e+00 8.166321154163499685e+00 9.369882076953720329e+00 9.369932610190687683e+00 1.010415073781489426e+01 1.010420005438487401e+01 1.080305947360005270e+01 1.080310129307063249e+01 1.225232200479169897e+01 1.225235883718253938e+01 1.363025527301696194e+01 1.363030557135705401e+01 1.529543006531161176e+01 1.529545343896741905e+01 1.991903798395529535e+01 1.991914076986685700e+01 2.401787988714902511e+01 2.401801106978173550e+01
3.522082297761849889e-01 1.050539986046044483e+00 1.050611767875273328e+00 1.405630226871973365e+00 1.405654358606598153e+00 3.351662449527139209e+00 3.351743871741993175e+00 4.566299750749701403e+00 4.566335032072635691e+00 6.412977072652592980e+00 6.413031024578229378e+00 7.651499655060677085e+00 7.651537892349169034e+00 8.193136845648817612e+00 8.193171635283679421e+00 9.355947673144671128e+00 9.355996119577353554e+00 1.008241667407130748e+01 1.008246241159251255e+01 1.080185577915853479e+01 1.080189912300947874e+01 1.224591268016318857e+01 1.224595187302902843e+01 1.362362805597457971e+01 1.362367654508718751e+01 1.530826340250887085e+01 1.530828555219535936e+01 1.993547906978259121e+01 1.993557979092082277e+01 2.400582526599275113e+01 2.400596795316597820e+01
3.537279996143961047e-01 1.027708909216907163e+00 1.027798715095286530e+00 1.377671281731662312e+00 1.377689543547859552e+00 3.324636536945299703e+00 3.324712042304363457e+00 4.540984023429863292e+00 4.541027283996277752e+00 6.436095943559493548e+00 6.436152293365950960e+00 7.644825880596490819e+00 7.644860370318856013e+00 8.220391747815131822e+00 8.220425662513743958e+00 9.342602704597346985e+00 9.342649636529852586e+00 1.006053650393337406e+01 1.006057853352231213e+01 1.080065748128270720e+01 1.080070204200507078e+01 1.223955498447289258e+01 1.223959626772355236e+01 1.361681885406330927e+01 1.361686592553584241e+01 1.532072915781639821e+01 1.532075064639930417e+01 1.995161767932392394e+01 1.995171789132201567e+01 2.399400020225670715e+01 2.399415381879672537e+01
3.552477694526072205e-01 1.001144535749360465e+00 1.001253163773774713e+00 1.353228111737649453e+00 1.353240331591305079e+00 3.296019483594120114e+00 3.296090020496939665e+00 4.516727114469631488e+00 4.516778269229668297e+00 6.459842599711038247e+00 6.459901355374078058e+00 7.637695875668795154e+00 7.637726473441118102e+00 8.247988677494658916e+00 8.248021587272482691e+00 9.329831121839401220e+00 9.329877481079721591e+00 1.003852330845764662e+01 1.003856169982445934e+01 1.079946854953908897e+01 1.079951400343608725e+01 1.223326583544497836e+01 1.223330889916373465e+01 1.360987026515332055e+01 1.360991651610043363e+01 1.533281192440541041e+01 1.533283357691816740e+01 1.996743038961097838e+01 1.996753196217679971e+01 2.398242050546290827e+01 2.398258439074156101e+01
3.567675392908183363e-01 9.707208431058834686e-01 9.708477663103900479e-01 1.332380894195751120e+00 1.332388268844181933e+00 3.265835244846113206e+00 3.265903664978080823e+00 4.493605844003430327e+00 4.493664348656387197e+00 6.484172643208849784e+00 6.484233692474457023e+00 7.630110617940774276e+00 7.630137253178998158e+00 8.275866626269291260e+00 8.275898403197860631e+00 9.317616936568718700e+00 9.317663951985577953e+00 1.001639247937932353e+01 1.001642753348844472e+01 1.079829282312437932e+01 1.079833884274784417e+01 1.222706164515136429e+01 1.222710614611086655e+01 1.360282342386149956e+01 1.360286961461581789e+01 1.534449827000646316e+01 1.534452104684541141e+01 1.998289415159201710e+01 1.998299905492316242e+01 2.397110185863701304e+01 2.397127526537980202e+01
3.582873091290294520e-01 9.365304797209266230e-01 9.366741153944908582e-01 1.314984313330707755e+00 1.314989885713464979e+00 3.234135487875325676e+00 3.234206610635281365e+00 4.471678791391680008e+00 4.471743856308627585e+00 6.509039094362790934e+00 6.509102214045467072e+00 7.622068931565342709e+00 7.622091613896973428e+00 8.303964745817699722e+00 8.303995268101918015e+00 9.305944506837933616e+00 9.305993518793489017e+00 9.994161929839474823e+00 9.994194198295726750e+00 1.079713399505293303e+01 1.079718026116150575e+01 1.222095830235475589e+01 1.222100387077124850e+01 1.359571797675693539e+01 1.359576495106515814e+01 1.535577664806367792e+01 1.535580146360093501e+01 1.999798635693234417e+01 1.999809642690164324e+01 2.396005978539464465e+01 2.396024187889242540e+01
3.598070789672405678e-01 8.988332657545436977e-01 8.989914011598484356e-01 1.300718012245597910e+00 1.300724474871584491e+00 3.201000649610396209e+00 3.201080226571121568e+00 4.450985955538426353e+00 4.451056661563714378e+00 6.534392530224772955e+00 6.534457397076687712e+00 7.613567994393084071e+00 7.613586826410726260e+00 8.332221889805037307e+00 8.332251046944511685e+00 9.294798768889577900e+00 9.294851018256306219e+00 9.971852352563242761e+00 9.971882620246683260e+00 1.079599559931164166e+01 1.079604181184437017e+01 1.221497115561353830e+01 1.221501740219934717e+01 1.358859206219847948e+01 1.358864064598921928e+01 1.536663725467863095e+01 1.536666483806016537e+01 2.001268487082965564e+01 2.001280161838472438e+01 2.394930961621246723e+01 2.394949947429784132e+01
3.613268488054516836e-01 8.579715869045745347e-01 8.581418055577471060e-01 1.289167943321358756e+00 1.289175387952991247e+00 3.166539884311327491e+00 3.166633087779024081e+00 4.431549188549216645e+00 4.431624558063346875e+00 6.560181202342381113e+00 6.560247405224822970e+00 7.604603828541728561e+00 7.604619033100646242e+00 8.360576156467875109e+00 8.360603855115883221e+00 9.284165402221685071e+00 9.284221864708205985e+00 9.949487535585451070e+00 9.949516738967719931e+00 1.079488100085766789e+01 1.079492688836302072e+01 1.220911499746670970e+01 1.220916152075228034e+01 1.358148228677282887e+01 1.358153319322865116e+01 1.537707185973786395e+01 1.537710270263867329e+01 2.002696804596374136e+01 2.002709254558862995e+01 2.393886645400990787e+01 2.393906306810385587e+01
3.628466186436627994e-01 8.142898605876326412e-01 8.144698664281938560e-01 1.279900227955556247e+00 1.279907896081187602e+00 3.130889694080552399e+00 3.131000308899126505e+00 4.413373343248574443e+00 4.413452386768319080e+00 6.586351123947909336e+00 6.586418177234620863e+00 7.595171786334294239e+00 7.595183766661796732e+00 8.388964412217273292e+00 8.388990582259738815e+00 9.274030947587823093e+00 9.274092251881990379e+00 9.927094731824684715e+00 9.927123811715251378e+00 1.079379338833332724e+01 1.079383871525948280e+01 1.220340404995839734e+01 1.220345044380013810e+01 1.357442369901413137e+01 1.357447746250648457e+01 1.538707364948461631e+01 1.538710801511801129e+01 2.004081473710771633e+01 2.004094758983513813e+01 2.392874513917610813e+01 2.392894741665289260e+01
3.643663884818739152e-01 7.680778205300387018e-01 7.682656525375817225e-01 1.272511357427933643e+00 1.272518684393744604e+00 3.094211925209764846e+00 3.094342311160665826e+00 4.396448004977138169e+00 4.396529751766869332e+00 6.612846115036176364e+00 6.612913473199267145e+00 7.585267042499348022e+00 7.585276505332094743e+00 8.417321777225289736e+00 8.417346377486758513e+00 9.264382903421521931e+00 9.264449318988390303e+00 9.904705067368340110e+00 9.904734806957895543e+00 1.079273576935478118e+01 1.079278034061241165e+01 1.219785195170349290e+01 1.219789781286068120e+01 1.356744976694084137e+01 1.356750671202961378e+01 1.539663708880780746e+01 1.539667504331752390e+01 2.005420432629575700e+01 2.005434567271160518e+01 2.391896021418664731e+01 2.391916698224308391e+01
3.658861583200850309e-01 7.195371359385995813e-01 7.197313209682951740e-01 1.266651544222438419e+00 1.266658538240319709e+00 3.056691579801497749e+00 3.056842892813745216e+00 4.380749637273647856e+00 4.380833154388966477e+00 6.639607791128717018e+00 6.639674864391079012e+00 7.574885140490123625e+00 7.574893252489220963e+00 8.445581054273306520e+00 8.445604077102050411e+00 9.255209809416074407e+00 9.255281271894538975e+00 9.882353991280309558e+00 9.882384909404148488e+00 1.079171096819497144e+01 1.079175463047530314e+01 1.219247174663841982e+01 1.219251668228425345e+01 1.356059236468337659e+01 1.356065260301756226e+01 1.540575779577732973e+01 1.540579924086910957e+01 2.006711675833627950e+01 2.006726631722703402e+01 2.390952588796383083e+01 2.390973589911295250e+01
3.674059281582961467e-01 6.687606386019178117e-01 6.689603411524981391e-01 1.262029531682859584e+00 1.262036862945602023e+00 3.018534488917995695e+00 3.018706889842234009e+00 4.366243958119062185e+00 4.366328360956718058e+00 6.666575477597865174e+00 6.666641648440304380e+00 7.564022765520267200e+00 7.564031008912703413e+00 8.473672082245945703e+00 8.473693556040540642e+00 9.246501313664627020e+00 9.246577464019575032e+00 9.860081802201527523e+00 9.860114128271465717e+00 1.079072162562644799e+01 1.079076426512612308e+01 1.218727587454451644e+01 1.218731950956849097e+01 1.355388176902328823e+01 1.355394521293107601e+01 1.541443242213654052e+01 1.541447712265242664e+01 2.007953258238825711e+01 2.007968969907427947e+01 2.390045600014365945e+01 2.390066793938504475e+01
3.689256979965072625e-01 6.157110840994802770e-01 6.159163079292792053e-01 1.258408024094743061e+00 1.258416640578045698e+00 2.979964884761083344e+00 2.980157688191078957e+00 4.352888374345527112e+00 4.352972831267059917e+00 6.693686025678723617e+00 6.693750665898866359e+00 7.552678694652698255e+00 7.552688237605817534e+00 8.501520995809721981e+00 8.501540984374965859e+00 9.238248218498409159e+00 9.238328444560558239e+00 9.837934290980983931e+00 9.837967997971173162e+00 1.078977020062123948e+01 1.078981173711438224e+01 1.218227616337743946e+01 1.218231814733568363e+01 1.354734666371085083e+01 1.354741304748724495e+01 1.542265853755643690e+01 1.542270614390781347e+01 2.009143299557845097e+01 2.009159669188504438e+01 2.389176398541821200e+01 2.389197647907070277e+01
3.704454678347183783e-01 5.601850675915067690e-01 5.603969719526364912e-01 1.255595476844311831e+00 1.255606067420871996e+00 2.941222954334045347e+00 2.941434734307781795e+00 4.340634329833688021e+00 4.340718063075232891e+00 6.720873497908232075e+00 6.720935985859450845e+00 7.540854454634288828e+00 7.540865855802343809e+00 8.529049373445397819e+00 8.529067971040342755e+00 9.230442503521517850e+00 9.230525980400212660e+00 9.815963518841945401e+00 9.815998379457482770e+00 1.078885897353752021e+01 1.078889935114065324e+01 1.217748382338582402e+01 1.217752383696019614e+01 1.354101414883507459e+01 1.354108305245523347e+01 1.543043451760157936e+01 1.543048458451605498e+01 2.010279988615037539e+01 2.010296890888147914e+01 2.388346283812909832e+01 2.388367446424855345e+01
3.719652376729294940e-01 5.017406253979531661e-01 5.019620665924751091e-01 1.253437293421359788e+00 1.253450149107711908e+00 2.902562442835087797e+00 2.902791116026018692e+00 4.329429460312216982e+00 4.329511744976693777e+00 6.748068678476360382e+00 6.748128416075971359e+00 7.528555064360569204e+00 7.528568465788424646e+00 8.556173257794776887e+00 8.556190579087600057e+00 9.223077327845814466e+00 9.223163057129989184e+00 9.794228736267678315e+00 9.794264380633068257e+00 1.078799005038003500e+01 1.078802922582784340e+01 1.217290944295715605e+01 1.217294720379167394e+01 1.353490975309700062e+01 1.353498062592370133e+01 1.543775943599883327e+01 1.543781143896920582e+01 2.011361587490683434e+01 2.011378874208448053e+01 2.387556507728942989e+01 2.387577437753770582e+01
3.734850075111406098e-01 4.395424455729456947e-01 4.397790201608034466e-01 1.251808115610911987e+00 1.251823227351940737e+00 2.864248333726941098e+00 2.864491233744532295e+00 4.319219486629439331e+00 4.319299649067146696e+00 6.775198346028304286e+00 6.775254775118223272e+00 7.515790239102886794e+00 7.515805570802700508e+00 8.582802036359840514e+00 8.582818201463268792e+00 9.216147016313076534e+00 9.216233865030341477e+00 9.772797442641834920e+00 9.772833409353308909e+00 1.078716536772983581e+01 1.078720329741877570e+01 1.216856298608948173e+01 1.216859825388212712e+01 1.352905744757829254e+01 1.352912963122876810e+01 1.544463296183645262e+01 1.544468631224794564e+01 2.012386435445690580e+01 2.012403939951103382e+01 2.386808271221547173e+01 2.386828820499798098e+01
3.750047773493517256e-01 3.719963649125189731e-01 3.722588319537685209e-01 1.250605611538267325e+00 1.250622772409678118e+00 2.826554588981743166e+00 2.826808539527126296e+00 4.309949813823467757e+00 4.310027230204366511e+00 6.802184220098140166e+00 6.802236837768525390e+00 7.502575960751611817e+00 7.502593047101520973e+00 8.608837178764556342e+00 8.608852295076212968e+00 9.209647036912105733e+00 9.209733777298838575e+00 9.751746580421006172e+00 9.751782359613308415e+00 1.078638669801234684e+01 1.078642332534767689e+01 1.216445379135555349e+01 1.216448637209372663e+01 1.352347966014069591e+01 1.352355241039540346e+01 1.545105526219203007e+01 1.545110932172397789e+01 2.013352952614283353e+01 2.013370494044545111e+01 2.386102720894895057e+01 2.386122740359892447e+01
3.765245471875628414e-01 2.957094731233102514e-01 2.960212166421108404e-01 1.249745609606553343e+00 1.249764481835901497e+00 2.789761896875883718e+00 2.790023287886652881e+00 4.301566831966677107e+00 4.301640927401737535e+00 6.828941453562225483e+00 6.828989826109655326e+00 7.488936464939778936e+00 7.488955073671934137e+00 8.634170841753389780e+00 8.634184985946220081e+00 9.203573978996052674e+00 9.203659329895803154e+00 9.731163843344290854e+00 9.731198912564085646e+00 1.078565565489997624e+01 1.078569089949714233e+01 1.216059057220089912e+01 1.216062032143811500e+01 1.351819728992249203e+01 1.351826979779627358e+01 1.545702691054316702e+01 1.545708100516439210e+01 2.014259643467183380e+01 2.014277030873201468e+01 2.385440945765061471e+01 2.385460286940883634e+01
3.780443170257739571e-01 2.012023100850006130e-01 2.016374088922617269e-01 1.249158348323710088e+00 1.249178506835863178e+00 2.754155349246648399e+00 2.754420218097715534e+00 4.294018935451648922e+00 4.294089183679751898e+00 6.855376486467179120e+00 6.855420261753780053e+00 7.474906833214157942e+00 7.474926697418600163e+00 8.658684378431440010e+00 8.658697582726489372e+00 9.197925544287707922e+00 9.198008214671965277e+00 9.711149052421172101e+00 9.711182906233290169e+00 1.078497369878755663e+01 1.078500744880598994e+01 1.215698141840072211e+01 1.215700824347883113e+01 1.351322972158636304e+01 1.351330113370137376e+01 1.546254880119345465e+01 1.546260223488482666e+01 2.015105100052489462e+01 2.015122136399942221e+01 2.384823974114396350e+01 2.384842490666336801e+01
3.795640868639850729e-01 -4.951862851069060295e-02 -4.779969345690071592e-02 1.248785614464306581e+00 1.248806577653813976e+00 2.720021956593724699e+00 2.720286075213341537e+00 4.287257290467118231e+00 4.287323213906377717e+00 6.881383993355676409e+00 6.881422911465321590e+00 7.460536464798586564e+00 7.460557291452963646e+00 8.682246828157690999e+00 8.682259074350200834e+00 9.192700564588875523e+00 9.192779299317109576e+00 9.691815513011086125e+00 9.691847686786474014e+00 1.078434214238800415e+01 1.078437425078540102e+01 1.215363379849104497e+01 1.215365765961399447e+01 1.350859483908211978e+01 1.350866427741969389e+01 1.546762206985295762e+01 1.546767413807073943e+01 2.015888005021656681e+01 2.015904491072987170e+01 2.384252770478518357e+01 2.384270319788031145e+01
3.810838567021961887e-01 -2.033354146657506967e-01 -2.029421597329089111e-01 1.248578568452399340e+00 1.248599821933403797e+00 2.687647908403463237e+00 2.687906876381298105e+00 4.281236387103620977e+00 4.281297556965474982e+00 6.906842537152209971e+00 6.906876439404450174e+00 7.445893816928697007e+00 7.445915287637995483e+00 8.704713522481551280e+00 8.704724745371400729e+00 9.187899060504300053e+00 9.187972687951333484e+00 9.673291207832084737e+00 9.673321295619276228e+00 1.078376215653993953e+01 1.078379244146274019e+01 1.215055456298962788e+01 1.215057547304735408e+01 1.350430903875609445e+01 1.350437561978462320e+01 1.547224802044210001e+01 1.547229802326058845e+01 2.016607134446650562e+01 2.016622872510270170e+01 2.383728232783121115e+01 2.383744677519157662e+01
3.826036265404073045e-01 -2.760703379115229672e-01 -2.757950604539381456e-01 1.248496092443648564e+00 1.248517108660970321e+00 2.657315497978411045e+00 2.657564841142074918e+00 4.275914414393772844e+00 4.275970450552676105e+00 6.931608379971355482e+00 6.931637216546255864e+00 7.431072963093342310e+00 7.431094729538502364e+00 8.725925024485560400e+00 8.725935124343438432e+00 9.183522352357419649e+00 9.183589832827220079e+00 9.655719602153258307e+00 9.655747268119663218e+00 1.078323477629682081e+01 1.078326302530670766e+01 1.214774994822949949e+01 1.214776797124879870e+01 1.350038724168555682e+01 1.350045009478947300e+01 1.547642805813660871e+01 1.547647531296335188e+01 2.017261360432557993e+01 2.017276157956059279e+01 2.383251189647232238e+01 2.383266399306641503e+01
3.841233963786184202e-01 -3.272675881041212653e-01 -3.270491188073395006e-01 1.248503532484926071e+00 1.248523787641634630e+00 2.629299656081661052e+00 2.629534929471454507e+00 4.271253495166443592e+00 4.271304065539543338e+00 6.955506701367669464e+00 6.955530537986336803e+00 7.416202717457388793e+00 7.416224392754179995e+00 8.745706724575953217e+00 8.745715586836951161e+00 9.179573224732202164e+00 9.179633697512121771e+00 9.639259741257749425e+00 9.639284724033556628e+00 1.078276090730243730e+01 1.078278688476819092e+01 1.214522558064550850e+01 1.214524082870000221e+01 1.349684290515152618e+01 1.349690119023102852e+01 1.548016362863353912e+01 1.548020748236542765e+01 2.017849653528215370e+01 2.017863326506280330e+01 2.382822397869012576e+01 2.382836250260013600e+01
3.856431662168295360e-01 -3.661641982261468198e-01 -3.659835722664149249e-01 1.248571736735692550e+00 1.248590725772796617e+00 2.603864075558294466e+00 2.604080969181989946e+00 4.267219814187719784e+00 4.267264633480048808e+00 6.978319295012761714e+00 6.978338319213476915e+00 7.401459252988200177e+00 7.401480399694331247e+00 8.763869536976336860e+00 8.763877056600847482e+00 9.176056125922510631e+00 9.176108951284208004e+00 9.624085218808509978e+00 9.624107328334211786e+00 1.078234133238292891e+01 1.078236478916727492e+01 1.214298648138081838e+01 1.214299910971366003e+01 1.349368803319026888e+01 1.349374095726347988e+01 1.548345616359281607e+01 1.548349600407004623e+01 2.018371084935978743e+01 2.018383461100335552e+01 2.382442540109282092e+01 2.382454922753954563e+01
3.871629360550406518e-01 -3.964949335110440898e-01 -3.963443468993963492e-01 1.248676316226439376e+00 1.248693566209919670e+00 2.581256958400902857e+00 2.581451403593189031e+00 4.263783668678500227e+00 4.263822496465393463e+00 6.999767859258180458e+00 6.999782386543523138e+00 7.387083096311858554e+00 7.387103212000664776e+00 8.780212252155513042e+00 8.780218359683724216e+00 9.172977350235441918e+00 9.173022140627161036e+00 9.610381516746672403e+00 9.610400624076817166e+00 1.078197671822452364e+01 1.078199740274208551e+01 1.214103707111517672e+01 1.214104727110566806e+01 1.349093318618533743e+01 1.349098001880271980e+01 1.548630703219130922e+01 1.548634229880458513e+01 2.018824828520485326e+01 2.018835750278173791e+01 2.382112222787196743e+01 2.382123034221177704e+01
3.886827058932517676e-01 -4.202196616848049571e-01 -4.200956666789436578e-01 1.248797073702343052e+00 1.248812155759641440e+00 2.561706474375319509e+00 2.561874748047583861e+00 4.260919465638507653e+00 4.260952103870250696e+00 7.019492830938751204e+00 7.019503309813046599e+00 7.373400548512883290e+00 7.373419051130560398e+00 8.794526148334528060e+00 8.794530834236038430e+00 9.170345106875805286e+00 9.170381739218772310e+00 9.598341213281424089e+00 9.598357235238861307e+00 1.078166762197020923e+01 1.078168529173905199e+01 1.213938117505275471e+01 1.213938916449490257e+01 1.348858748947794339e+01 1.348862757675061275e+01 1.548871749871663006e+01 1.548874769202814861e+01 2.019210162615318893e+01 2.019219489702171444e+01 2.381831974201363522e+01 2.381841125151484917e+01
3.902024757314628833e-01 -4.385097550738007999e-01 -4.384109076590321785e-01 1.248917560842891294e+00 1.248930100664625398e+00 2.545416080992384256e+00 2.545554904591589285e+00 4.258605685917149053e+00 4.258631976026372001e+00 7.037030634330677437e+00 7.037037645760007898e+00 7.360846658630285866e+00 7.360862877519761760e+00 8.806602366942533067e+00 8.806605700303295592e+00 9.168169337597385393e+00 9.168197936826768313e+00 9.588156694766491128e+00 9.588169576979760578e+00 1.078141449755613301e+01 1.078142893046671880e+01 1.213802202801771202e+01 1.213802803802758490e+01 1.348665864098557421e+01 1.348669141803230431e+01 1.549068868612367744e+01 1.549071337637241896e+01 2.019526471625764685e+01 2.019534083444001737e+01 2.381602242888524401e+01 2.381609657311742367e+01
3.917222455696739991e-01 -4.521144402595951295e-01 -4.520402626816366065e-01 1.249024735546264031e+00 1.249034422394068145e+00 2.532559910743873655e+00 2.532666540415038803e+00 4.256824830893607192e+00 4.256844650754728399e+00 7.051799454517315269e+00 7.051803694108280673e+00 7.349979639317410829e+00 7.349992825456247658e+00 8.816242215691753259e+00 8.816244352504581272e+00 9.166461135875909605e+00 9.166482020485144488e+00 9.580010356848918107e+00 9.580020059636071394e+00 1.078121770161382997e+01 1.078122870626213015e+01 1.213696227952954665e+01 1.213696653743537546e+01 1.348515291782617531e+01 1.348517791945641875e+01 1.549222154547738128e+01 1.549224037985290714e+01 2.019773247425252904e+01 2.019779045037099152e+01 2.381423396230624689e+01 2.381429012200248607e+01
3.932420154078851149e-01 -4.615237828575481371e-01 -4.614742336558109170e-01 1.249108699776402043e+00 1.249115293895381340e+00 2.523278474019583939e+00 2.523350778359582325e+00 4.255563364069487875e+00 4.255576625094799503e+00 7.063116555748177205e+00 7.063118776901453622e+00 7.341463703020243869e+00 7.341473082412293572e+00 8.823269921390052062e+00 8.823271095726401114e+00 9.165231682258351498e+00 9.165245268586659222e+00 9.574062858399488007e+00 9.574069349142988017e+00 1.078107749877969468e+01 1.078108492333656621e+01 1.213620399846228892e+01 1.213620670663899404e+01 1.348407518194922794e+01 1.348409205141937228e+01 1.549331683120935743e+01 1.549332953979445726e+01 2.019950090542760890e+01 2.019953998295736142e+01 2.381295719319592763e+01 2.381299489747431153e+01
3.947617852460962307e-01 -4.670490382788754502e-01 -4.670242201307165386e-01 1.249162505184301830e+00 1.249165843502044959e+00 2.517674945859635027e+00 2.517711467822753235e+00 4.254811656839229350e+00 4.254818301496258393e+00 7.070281411286309492e+00 7.070282303859083406e+00 7.335986053308282351e+00 7.335990947520215855e+00 8.827546482895305857e+00 8.827546966516408133e+00 9.164490766356426121e+00 9.164497442447506970e+00 9.570440707113000656e+00 9.570443959940181600e+00 1.078099406627344692e+01 1.078099780548152253e+01 1.213574867637731636e+01 1.213574998865988874e+01 1.348342888477582058e+01 1.348343738048183482e+01 1.549397508212368457e+01 1.549398148242426387e+01 2.020056711138242989e+01 2.020058677902101607e+01 2.381219414087476594e+01 2.381221307272998544e+01
3.962815550843073464e-01 -4.688638694376129901e-01 -4.688638694375490967e-01 1.249182018669322769e+00 1.249182018669328320e+00 2.515812294609208077e+00 2.515812294609267585e+00 4.254563945139287817e+00 4.254563945139307357e+00 7.072741213432473195e+00 7.072741213432489182e+00 7.334091470558039561e+00 7.334091470558043113e+00 8.828982440102919327e+00 8.828982440102926432e+00 9.164245181266414519e+00 9.164245181266421625e+00 9.569225075995419161e+00 9.569225075995422714e+00 1.078096749762893403e+01 1.078096749762893580e+01 1.213559722812767916e+01 1.213559722812768449e+01 1.348321607084777618e+01 1.348321607084778151e+01 1.549419660809624588e+01 1.549419660809625476e+01 2.020092929763010048e+01 2.020092929763011114e+01 2.381194598707918786e+01 2.381194598707922339e+01
3.962815550843073464e-01 -4.688638694376129901e-01 -4.688638694375490967e-01 1.249182018669322769e+00 1.249182018669328320e+00 2.515812294609208077e+00 2.515812294609267585e+00 4.254563945139287817e+00 4.254563945139307357e+00 7.072741213432473195e+00 7.072741213432489182e+00 7.334091470558039561e+00 7.334091470558043113e+00 8.828982440102919327e+00 8.828982440102926432e+00 9.164245181266414519e+00 9.164245181266421625e+00 9.569225075995419161e+00 9.569225075995422714e+00 1.078096749762893403e+01 1.078096749762893580e+01 1.213559722812767916e+01 1.213559722812768449e+01 1.348321607084777618e+01 1.348321607084778151e+01 1.549419660809624588e+01 1.549419660809625476e+01 2.020092929763010048e+01 2.020092929763011114e+01 2.381194598707918786e+01 2.381194598707922339e+01
3.972048309587282167e-01 -4.687508227281985684e-01 -4.687485726918277362e-01 1.249574738513261396e+00 1.249576328381552193e+00 2.515429793966979410e+00 2.515489882660575827e+00 4.254425017418616228e+00 4.254438922171225101e+00 7.072880405183693320e+00 7.072899410706168233e+00 7.333352127559024325e+00 7.333362860306547049e+00 8.828900447492602055e+00 8.828902648315771984e+00 9.163163936971193024e+00 9.163170376009158957e+00 9.570224919623766979e+00 9.570238163845386836e+00 1.078094040612891469e+01 1.078094210754349014e+01 1.213565588111661775e+01 1.213565964324231139e+01 1.348316256395666990e+01 1.348316495618762367e+01 1.549420396070619610e+01 1.549420540783780353e+01 2.020092906902975116e+01 2.020093330092337069e+01 2.381216891267097324e+01 2.381217809592520140e+01
3.981281068331490869e-01 -4.684103356044731492e-01 -4.684048731889713379e-01 1.250753179981040297e+00 1.250757297495399545e+00 2.514342841107937598e+00 2.514462529370973254e+00 4.254022017828287261e+00 4.254049711402935863e+00 7.073315873106799323e+00 7.073353706737437463e+00 7.331145499263961085e+00 7.331166897241347513e+00 8.828656679406870822e+00 8.828661075141774006e+00 9.159962690398200991e+00 9.159975304408428443e+00 9.573202987982710965e+00 9.573229135379438759e+00 1.078086101795824625e+01 1.078086441634219561e+01 1.213583556168136823e+01 1.213584300653450043e+01 1.348300428412014718e+01 1.348300915573381076e+01 1.549422745674077362e+01 1.549423035026340578e+01 2.020093259246050721e+01 2.020094109268805127e+01 2.381284658520376141e+01 2.381286495918363144e+01
3.990513827075699571e-01 -4.678438990550309318e-01 -4.678337995272784378e-01 1.252714654103409986e+00 1.252722589709804213e+00 2.512552325629043626e+00 2.512730638754034462e+00 4.253354465531165474e+00 4.253395716977083296e+00 7.074043994256919099e+00 7.074100301478802422e+00 7.327473646025768339e+00 7.327505577428224726e+00 8.828251156622240359e+00 8.828257735108056892e+00 9.154744122931122163e+00 9.154762424609669935e+00 9.578059956557190446e+00 9.578098367922494916e+00 1.078072988211039807e+01 1.078073496830433697e+01 1.213613606865749972e+01 1.213614703930274707e+01 1.348274087067827409e+01 1.348274838513434837e+01 1.549426706889309990e+01 1.549427140693788907e+01 2.020093983828434858e+01 2.020095267598001954e+01 2.381397815179702349e+01 2.381400572826525419e+01
3.999746585819908273e-01 -4.670536391573870127e-01 -4.670373864551756737e-01 1.255454977187913990e+00 1.255468043174186921e+00 2.510059562705265535e+00 2.510295047458570572e+00 4.252421516848055028e+00 4.252475982007195121e+00 7.075058294257476454e+00 7.075132543909691485e+00 7.322340416197684831e+00 7.322382691702205015e+00 8.827683911175155274e+00 8.827692653341477680e+00 9.147663699920340008e+00 9.147687046766796115e+00 9.584645652163148455e+00 9.584695462106383346e+00 1.078054790748252501e+01 1.078055466709375310e+01 1.213655704156496995e+01 1.213657130720906174e+01 1.348237176061859088e+01 1.348238213868815905e+01 1.549432275172014073e+01 1.549432853053743742e+01 2.020095077167563957e+01 2.020096804154893277e+01 2.381556219731587731e+01 2.381559898617249260e+01
4.008979344564116976e-01 -4.660423931273750542e-01 -4.660185420870247563e-01 1.258968384420120934e+00 1.258987801541470386e+00 2.506866288228360329e+00 2.507157023374928073e+00 4.251221960231533537e+00 4.251289184438310720e+00 7.076348802792850279e+00 7.076440287305486798e+00 7.315752181088668316e+00 7.315804564859769599e+00 8.826954985202094761e+00 8.826965864116797178e+00 9.138911312808339460e+00 9.138938982580164350e+00 9.592777315617475153e+00 9.592837513484136380e+00 1.078031635588497394e+01 1.078032476855386435e+01 1.213709796341727021e+01 1.213711522482081229e+01 1.348189619534999117e+01 1.348190969196168787e+01 1.549439444190518955e+01 1.549440165479091114e+01 2.020096535414113248e+01 2.020098716665640737e+01 2.381759674839416263e+01 2.381764274893784261e+01
4.018212103308325678e-01 -4.648137141927976557e-01 -4.647809655459482214e-01 1.263247529526732027e+00 1.263274376395445930e+00 2.502974652767838037e+00 2.503318262990892329e+00 4.249754209363715951e+00 4.249833631008431922e+00 7.077900966866105925e+00 7.078008801597373889e+00 7.307719046616383274e+00 7.307781272832251318e+00 8.826064429133532840e+00 8.826077408801717539e+00 9.128692955456537916e+00 9.128724212113269232e+00 9.602257814921474122e+00 9.602327317279195640e+00 1.078003683233024468e+01 1.078004687083110902e+01 1.213775816497714999e+01 1.213777806147396454e+01 1.348131322746046301e+01 1.348133010804015797e+01 1.549448205852997162e+01 1.549449069449107697e+01 2.020098354468649404e+01 2.020101001437887689e+01 2.382007927827188709e+01 2.382013446840626258e+01
4.027444862052534380e-01 -4.633718386143961254e-01 -4.633290835819409703e-01 1.268283515009122953e+00 1.268318696089060671e+00 2.498387214401122769e+00 2.498780887520869243e+00 4.248016294327428888e+00 4.248107249252831785e+00 7.079693864032472028e+00 7.079816984533847446e+00 7.298256796998209950e+00 7.298328594143108639e+00 8.825012299123658366e+00 8.825027333090673665e+00 9.117215649546194456e+00 9.117249790688086719e+00 9.612890588573836936e+00 9.612968293761737115e+00 1.077971127273593943e+01 1.077972290196958838e+01 1.213853683039384457e+01 1.213855894835631943e+01 1.348062172801542324e+01 1.348064224672318190e+01 1.549458550334997575e+01 1.549459554558072583e+01 2.020100530061109723e+01 2.020103653340851935e+01 2.382300671238795786e+01 2.382307103639042012e+01
4.036677620796742527e-01 -4.617216357385400816e-01 -4.616679875657065946e-01 1.274065935515807491e+00 1.274110157810234067e+00 2.493106930469767946e+00 2.493547437842704717e+00 4.246005850783131308e+00 4.246107577476613493e+00 7.081697239690507573e+00 7.081834394842627667e+00 7.287390043162042197e+00 7.287471169993629871e+00 8.823798653549470572e+00 8.823815683367982388e+00 9.104676935773474256e+00 9.104713320358619910e+00 9.624489997592849733e+00 9.624574820628447824e+00 1.077934192921251899e+01 1.077935510515086470e+01 1.213943300413454196e+01 1.213945688669096690e+01 1.347982039495114392e+01 1.347984477594061481e+01 1.549470466106868649e+01 1.549471608531523259e+01 2.020103057796649182e+01 2.020106665831022497e+01 2.382637543469574837e+01 2.382644879020006812e+01
4.045910379540951229e-01 -4.598685485493363423e-01 -4.598033660241174214e-01 1.280582930163115529e+00 1.280636686262005330e+00 2.487137148327333236e+00 2.487620868286238185e+00 4.243720107067261438e+00 4.243831752604695140e+00 7.083866468246493575e+00 7.084016205564411806e+00 7.275157471953680677e+00 7.275247771998668789e+00 8.822423548348600875e+00 8.822442501973458917e+00 9.091258744907710465e+00 9.091296804813373100e+00 9.636887271141334921e+00 9.636978162140637849e+00 1.077893135313860284e+01 1.077894602177955186e+01 1.214044559910242072e+01 1.214047075688520927e+01 1.347890776289974646e+01 1.347893618485206169e+01 1.549483939960897949e+01 1.549485217250042268e+01 2.020105933174657764e+01 2.020110031016094609e+01 2.383018129468555202e+01 2.383026351951530586e+01
4.055143138285159932e-01 -4.578185279473284686e-01 -4.577414323752921343e-01 1.287821242435130520e+00 1.287884799329825913e+00 2.480481595152183694e+00 2.481004539326399527e+00 4.241155869109999976e+00 4.241276495801214352e+00 7.086133673502481578e+00 7.086294309717634299e+00 7.261620955744728434e+00 7.261720442398195807e+00 8.820887030876944479e+00 8.820907821052449194e+00 9.077124694219925516e+00 9.077163934828298864e+00 9.649933003039379287e+00 9.650028954046666385e+00 1.077848237625356020e+01 1.077849847263783722e+01 1.214157340581648725e+01 1.214159932849841894e+01 1.347788221455083324e+01 1.347791479829565198e+01 1.549498957038243852e+01 1.549500364780267603e+01 2.020109151588605201e+01 2.020113739748536474e+01 2.383441961511671536e+01 2.383451047455560712e+01
4.064375897029368634e-01 -4.555779628078334142e-01 -4.554888488621706144e-01 1.295766286865174699e+00 1.295839680317091736e+00 2.473144366905834612e+00 2.473702209242357064e+00 4.238309503052054339e+00 4.238438095732635524e+00 7.088391411956393995e+00 7.088560975596836400e+00 7.246882112986601676e+00 7.246991106120674431e+00 8.819189131842795959e+00 8.819211654545179968e+00 9.062419690056271904e+00 9.062459684625654432e+00 9.663497323865295030e+00 9.663597368719832659e+00 1.077799809001806075e+01 1.077801553734964379e+01 1.214281510251350227e+01 1.214284127087366372e+01 1.347674199349632040e+01 1.347677879238564458e+01 1.549515500855743255e+01 1.549517033412518430e+01 2.020112708313912009e+01 2.020117781740781027e+01 2.383908520046744073e+01 2.383918437547761826e+01
4.073608655773577336e-01 -4.531536075126514906e-01 -4.530526480938275591e-01 1.304402221776620463e+00 1.304485256045200714e+00 2.465129916524900544e+00 2.465718024812964870e+00 4.235176915421451582e+00 4.235312389330578853e+00 7.090461350216908265e+00 7.090637470077567173e+00 7.231113883892386518e+00 7.231233231008262763e+00 8.817329854696378533e+00 8.817353987690474071e+00 9.047270880200203536e+00 9.047311261527031689e+00 9.677468711941450863e+00 9.677571922700721530e+00 1.077748182350824102e+01 1.077750053240815298e+01 1.214416926602143931e+01 1.214419516427350842e+01 1.347548521842098168e+01 1.347552621112220805e+01 1.549533553332940627e+01 1.549535203704478015e+01 2.020116598489560999e+01 2.020122145695223637e+01 2.384417234611528968e+01 2.384427942292822422e+01
4.082841414517786038e-01 -4.505525085084252090e-01 -4.504401537218654661e-01 1.313712027303948648e+00 1.313804279955725907e+00 2.456443041440070196e+00 2.457056511125674358e+00 4.231753530711379163e+00 4.231894739891504997e+00 7.092031961367034398e+00 7.092211650900341446e+00 7.214623102571166235e+00 7.214754518531178107e+00 8.815309161594765186e+00 8.815334763158372056e+00 9.031789266802913829e+00 9.031829718353485248e+00 9.691752140039588070e+00 9.691857622275858120e+00 1.077693712011755878e+01 1.077695698802800983e+01 1.214563438324537792e+01 1.214565951135833721e+01 1.347410989846553342e+01 1.347415498389511690e+01 1.549553094819545507e+01 1.549554854530143544e+01 2.020120817097677346e+01 2.020126819443842336e+01 2.384967484825818573e+01 2.384978930967366040e+01
4.092074173261994741e-01 -4.477819313324674089e-01 -4.476589017575591245e-01 1.323677587827218005e+00 1.323778419243181403e+00 2.447088870521904713e+00 2.447722560583992291e+00 4.228034266179531819e+00 4.228180012330274629e+00 7.092534721875608739e+00 7.092713981739378504e+00 7.197974641196283940e+00 7.198121103154551115e+00 8.813126954678599745e+00 8.813153862541641459e+00 9.016071540858163758e+00 9.016111788489993728e+00 9.706267004763443396e+00 9.706373893075848969e+00 1.077636771334301713e+01 1.077638862408678300e+01 1.214720886310216308e+01 1.214723274884799586e+01 1.347261394957942393e+01 1.347266294376094642e+01 1.549574104123640339e+01 1.549575963133352730e+01 2.020125358943699467e+01 2.020131790093486757e+01 2.385558601458128791e+01 2.385570723322561193e+01
4.101306932006203443e-01 -4.448492894290051458e-01 -4.447165639518992353e-01 1.334279777862692917e+00 1.334388344964193562e+00 2.437072850558062331e+00 2.437721421205023553e+00 4.224013503668610170e+00 4.224162545384676726e+00 7.090927861331397963e+00 7.091101103225064151e+00 7.182208293056993043e+00 7.182373897251357775e+00 8.810783050819589235e+00 8.810811081358174590e+00 9.000201889196667082e+00 9.000241693874281523e+00 9.720945095837848271e+00 9.721052550244072776e+00 1.077577750192878092e+01 1.077579932541826224e+01 1.214889104873853576e+01 1.214891325921259302e+01 1.347099521168227021e+01 1.347104784636393582e+01 1.549596558540865132e+01 1.549598505185145214e+01 2.020130218638766806e+01 2.020137044174096985e+01 2.386189867566838885e+01 2.386202590938665224e+01
4.110539690750412145e-01 -4.417620759334627278e-01 -4.416208745200898012e-01 1.345498550373141811e+00 1.345613824007678483e+00 2.426400732373132918e+00 2.427058684306905523e+00 4.219685058226062324e+00 4.219836120547208580e+00 7.085514140431897978e+00 7.085674172363910728e+00 7.169022172944394811e+00 7.169209604840901306e+00 8.808277147109638605e+00 8.808306094827887733e+00 8.984253652723420913e+00 8.984292804219167650e+00 9.735728735217746177e+00 9.735835938665616140e+00 1.077517052463162273e+01 1.077519311671398050e+01 1.215067922986762028e+01 1.215069938224659829e+01 1.346925146645862448e+01 1.346930738936105421e+01 1.549620433884784987e+01 1.549622454844277009e+01 2.020135390585080870e+01 2.020142567787825172e+01 2.386860519714885243e+01 2.386873758663954348e+01
4.119772449494620847e-01 -4.385277994460026196e-01 -4.383795613309021122e-01 1.357313026397420908e+00 1.357433811770705434e+00 2.415078556706274693e+00 2.415740271691671381e+00 4.215042143278724396e+00 4.215193927478765090e+00 7.074456448574808043e+00 7.074597373184178473e+00 7.160257145446142779e+00 7.160462689823965832e+00 8.805608772970751730e+00 8.805638410296454666e+00 8.968290793433634889e+00 8.968329104814747765e+00 9.750569137933286612e+00 9.750675294932106496e+00 1.077455093485879800e+01 1.077457413727878155e+01 1.215257165506120707e+01 1.215258942639311357e+01 1.346738045561818709e+01 1.346743923220559758e+01 1.549645704518572664e+01 1.549647784820217034e+01 2.020140868964423930e+01 2.020148346757476787e+01 2.387569749256446627e+01 2.387583406130796604e+01
4.129005208238828994e-01 -4.351539246275910044e-01 -4.350002824811301516e-01 1.369701584858573185e+00 1.369826544369231236e+00 2.403112639969890107e+00 2.403772422438804401e+00 4.210077332097018399e+00 4.210228525638700425e+00 7.057252868962197390e+00 7.057374799381165076e+00 7.156418142543409466e+00 7.156632580255924303e+00 8.802777222530172807e+00 8.802807299943848918e+00 8.952369173219389964e+00 8.952406475885009485e+00 9.765425002644809283e+00 9.765529338895563072e+00 1.077392297541183019e+01 1.077394661587238112e+01 1.215456654383488910e+01 1.215458167970393433e+01 1.346537989946134317e+01 1.346544101614027866e+01 1.549672343388103180e+01 1.549674466438026776e+01 2.020146647729785272e+01 2.020154366773059706e+01 2.388316703693408982e+01 2.388330669341891976e+01
4.138237966983037697e-01 -4.316478182709880262e-01 -4.314905689781668996e-01 1.382641951389630641e+00 1.382769629216745066e+00 2.390509560019821400e+00 2.391161679433737586e+00 4.204782515261374698e+00 4.204931801844560724e+00 7.034995134220246804e+00 7.035102797390750951e+00 7.156416029159983871e+00 7.156631431735495319e+00 8.799781457229832071e+00 8.799811703741658775e+00 8.936537672723568804e+00 8.936573811810580636e+00 9.780261317495165585e+00 9.780363080350284122e+00 1.077329095354855326e+01 1.077331484585124777e+01 1.215666209835014477e+01 1.215667442035600665e+01 1.346324751559796162e+01 1.346331038425148741e+01 1.549700322056525259e+01 1.549702469704570795e+01 2.020152720599836726e+01 2.020160613535350791e+01 2.389100488098843655e+01 2.389114642319882975e+01
4.147470725727246399e-01 -4.280167013036546564e-01 -4.278577740389606920e-01 1.396111285018569959e+00 1.396240132828493019e+00 2.377276142078121435e+00 2.377914875767735303e+00 4.199148853824126171e+00 4.199294923456132977e+00 7.009040569830870204e+00 7.009138460956580552e+00 7.158900018046733926e+00 7.159111655144261732e+00 8.796619962423168460e+00 8.796650086409037783e+00 8.920839193430992964e+00 8.920874023511933260e+00 9.795048357209012124e+00 9.795146816785003097e+00 1.077265921655283520e+01 1.077268316080539989e+01 1.215885651448752824e+01 1.215886592674071309e+01 1.346098103767612209e+01 1.346104500143966831e+01 1.549729610740277863e+01 1.549731763375502958e+01 2.020159081055919259e+01 2.020167072895425164e+01 2.389920166604285967e+01 2.389934378813773108e+01
4.156703484471455101e-01 -4.242676070008094547e-01 -4.241090293161716152e-01 1.410086261576540601e+00 1.410214664750351954e+00 2.363419444964675264e+00 2.364039121162450297e+00 4.193166727842069896e+00 4.193308286861196166e+00 6.980312218550496439e+00 6.980402939445902177e+00 7.162957761672929635e+00 7.163162722622611334e+00 8.793290530879190214e+00 8.793320221288430716e+00 8.905311598606262535e+00 8.905344979724000964e+00 9.809760844810371694e+00 9.809855295590571345e+00 1.077203212797667220e+01 1.077205591086282688e+01 1.216114799166954619e+01 1.216115448754445971e+01 1.345857823398623232e+01 1.345864257416659271e+01 1.549760178346561901e+01 1.549762315022571713e+01 2.020165722341203818e+01 2.020173730989188599e+01 2.390774763947216286e+01 2.390788894055670610e+01
4.165936243215663803e-01 -4.204073455075992283e-01 -4.202512081624968365e-01 1.424543152727866913e+00 1.424669456561578729e+00 2.348946747813186686e+00 2.349541788593167979e+00 4.186825679941331479e+00 4.186961460927440370e+00 6.949344938896635071e+00 6.949429623269986145e+00 7.168068187409679659e+00 7.168264328148544529e+00 8.789789926593465808e+00 8.789818854551159077e+00 8.889988666155007380e+00 8.890020460356538479e+00 9.824377252357907153e+00 9.824467015146554516e+00 1.077141404469384156e+01 1.077143743981054946e+01 1.216353473796544904e+01 1.216353841511371137e+01 1.345603692581600441e+01 1.345610086984847165e+01 1.549791992512205852e+01 1.549794091100792315e+01 2.020172637461721976e+01 2.020180574365918602e+01 2.391663267074866539e+01 2.391677166561565926e+01
4.175169001959872506e-01 -4.164424746192954552e-01 -4.162908958745422106e-01 1.439457899564887899e+00 1.439580434957377308e+00 2.333865537478024610e+00 2.334430501317120488e+00 4.180114353566747987e+00 4.180243125076455790e+00 6.916448968182912438e+00 6.916527916150215560e+00 7.173937639178154413e+00 7.174123140489509609e+00 8.786113345827972765e+00 8.786141166686421755e+00 8.874901159306499920e+00 8.874931227940496825e+00 9.838879217738373484e+00 9.838963641854336473e+00 1.077080929487884298e+01 1.077083206315742103e+01 1.216601491068070651e+01 1.216601612175565350e+01 1.345335500544197416e+01 1.345341773577332845e+01 1.549825019643844648e+01 1.549827057015053811e+01 2.020179819188959769e+01 2.020187590109853204e+01 2.392584626800226744e+01 2.392598139969913618e+01
4.184401760704081208e-01 -4.123792766257156628e-01 -4.122343666991477029e-01 1.454806179752875073e+00 1.454923287966751078e+00 2.318183496880923844e+00 2.318713120556972651e+00 4.173020425567661285e+00 4.173141001635895186e+00 6.881815834787517794e+00 6.881888919763365031e+00 7.180394028954616203e+00 7.180567238034694100e+00 8.782253521380392058e+00 8.782279877356643283e+00 8.860078187801972760e+00 8.860106389931621251e+00 9.853251057723635853e+00 9.853329523348961061e+00 1.077022215700017149e+01 1.077024404723889894e+01 1.216858548717018351e+01 1.216858726411733294e+01 1.345053045365392563e+01 1.345059111743191060e+01 1.549859224959357640e+01 1.549861177185811201e+01 2.020187260063769941e+01 2.020194765953865712e+01 2.393537759505963081e+01 2.393550724911909455e+01
4.193634519448289910e-01 -4.082237409196245448e-01 -4.080875672612297445e-01 1.470563467237199218e+00 1.470673523394242732e+00 2.301908494609417044e+00 2.302397734153488251e+00 4.165530532780906015e+00 4.165641782135337756e+00 6.845574347268410520e+00 6.845641237268846879e+00 7.187330957462676473e+00 7.187490336902609300e+00 8.778199172293099650e+00 8.778223696039100687e+00 8.845549172025183537e+00 8.845575364386711215e+00 9.867479360625953433e+00 9.867551281249197004e+00 1.076965683989313050e+01 1.076967758943971631e+01 1.217124561732079080e+01 1.217124940410638700e+01 1.344756135672011332e+01 1.344761907616343599e+01 1.549894572530452841e+01 1.549896415113484949e+01 2.020194952401367416e+01 2.020202090384282911e+01 2.394521548891802354e+01 2.394533800907477072e+01
4.202867278192498612e-01 -4.039815519705278746e-01 -4.038561059623192451e-01 1.486705083525286186e+00 1.486806518576244684e+00 2.285048576175583879e+00 2.285492646598722200e+00 4.157630192296371874e+00 4.157731047236671529e+00 6.807819499971730970e+00 6.807879774449348886e+00 7.194678893921753193e+00 7.194823010343911029e+00 8.773932197273841993e+00 8.773954517268778730e+00 8.831347022745877240e+00 8.831371061744670570e+00 9.881552644725983825e+00 9.881617469641705398e+00 1.076911746395596126e+01 1.076913679958686920e+01 1.217399458572562132e+01 1.217400005826652176e+01 1.344444592271251437e+01 1.344449980602973049e+01 1.549931025326324985e+01 1.549932733441276334e+01 2.020202888297261623e+01 2.020209552736006131e+01 2.395534847760807651e+01 2.395546218281063133e+01
4.212100036936707315e-01 -3.996580822061766014e-01 -3.995452478283131881e-01 1.503206239501679198e+00 1.503297560489290863e+00 2.267611957483955276e+00 2.268006371001719756e+00 4.149303715133600967e+00 4.149393180033023931e+00 6.768627791060700893e+00 6.768681003624497095e+00 7.202389916570058226e+00 7.202517443960156918e+00 8.769422345202469771e+00 8.769442095301325679e+00 8.817513810680274844e+00 8.817535556803491659e+00 9.895461071104387329e+00 9.895518287948265268e+00 1.076860804349280976e+01 1.076862568254257901e+01 1.217683091265946516e+01 1.217683760645535429e+01 1.344118249712322566e+01 1.344123164984457475e+01 1.549968545258274055e+01 1.549970094016098088e+01 2.020211059633932038e+01 2.020217143277058014e+01 2.396576479840002705e+01 2.396586800091556313e+01
4.221332795680916017e-01 -3.952583892927294396e-01 -3.951599142285543986e-01 1.520042066597808050e+00 1.520121875110948206e+00 2.249607021277445718e+00 2.249947623758318471e+00 4.140534113126845384e+00 4.140611272519833186e+00 6.728065669274105431e+00 6.728111382596182466e+00 7.210429305909039854e+00 7.210539034214035858e+00 8.764616632643337013e+00 8.764633471975836088e+00 8.804111660440842257e+00 8.804130984246674174e+00 9.909196201575587892e+00 9.909245338888705845e+00 1.076813247020997366e+01 1.076814812200641569e+01 1.217975313924814706e+01 1.217976051441250007e+01 1.343776957771472702e+01 1.343781311429789582e+01 1.550007093225209509e+01 1.550008457947381224e+01 2.020219458088138964e+01 2.020224853281836275e+01 2.397645241630601021e+01 2.397654344070725685e+01
4.230565554425124719e-01 -3.907872172868022687e-01 -3.907046868615559609e-01 1.537187635865973290e+00 1.537254644662556569e+00 2.231042317667785380e+00 2.231325323033124697e+00 4.131302998919235137e+00 4.131367025144706773e+00 6.686194389526062487e+00 6.686232195702721093e+00 7.218770718343130000e+00 7.218861563612823495e+00 8.759417849566833780e+00 8.759431508305386416e+00 8.791244530322483541e+00 8.791261312368133574e+00 9.922750794130065444e+00 9.922791423956390133e+00 1.076769449785655652e+01 1.076770786551656123e+01 1.218275985466241096e+01 1.218276731238593413e+01 1.343420582855831746e+01 1.343424288412759182e+01 1.550046629159928102e+01 1.550047785663534938e+01 2.020228075138754775e+01 2.020232675092366748e+01 2.398739904283203828e+01 2.398747624564794378e+01
4.239798313169333421e-01 -3.862490011207065921e-01 -3.861838153936630325e-01 1.554617963021344806e+00 1.554671010880571691e+00 2.211926570392930724e+00 2.212148592695213356e+00 4.121590479111311822e+00 4.121640639487631042e+00 6.643072917669977429e+00 6.643102450784260427e+00 7.227393306108440107e+00 7.227464320640112128e+00 8.753643543530614579e+00 8.753653920758885931e+00 8.779099499469062096e+00 8.779113587224502524e+00 9.936118629688957427e+00 9.936150370216484617e+00 1.076729772798822182e+01 1.076730851062402827e+01 1.218584970025205472e+01 1.218585659491564144e+01 1.343049009322667509e+01 1.343051983530493132e+01 1.550087112076089646e+01 1.550088036965884086e+01 2.020236902075015806e+01 2.020240602167001143e+01 2.399859215493226472e+01 2.399865394473960123e+01
4.249031071913542124e-01 -3.816478738963162143e-01 -3.816012281466540368e-01 1.572307996673421027e+00 1.572346061630814029e+00 2.192268691311632711e+00 2.192426774212341556e+00 4.111375040811382497e+00 4.111410704324869769e+00 6.598759735270377291e+00 6.598780679666489846e+00 7.236279937609476853e+00 7.236330319425300139e+00 8.746975025647298452e+00 8.746982292227405864e+00 8.767998092668486620e+00 8.768009106605850533e+00 9.949294365108466209e+00 9.949316883367464115e+00 1.076694559682261598e+01 1.076695349219943409e+01 1.218902137067803260e+01 1.218902702174614916e+01 1.342662140711708751e+01 1.342664304721165891e+01 1.550128500115793706e+01 1.550129171079929336e+01 2.020245930005129509e+01 2.020248629116069594e+01 2.401001901411895290e+01 2.401006387184890301e+01
4.258263830657750826e-01 -3.769876764811043168e-01 -3.769605452534648959e-01 1.590232585527947107e+00 1.590254796758819644e+00 2.172077807085473378e+00 2.172169450441038041e+00 4.100633432104861420e+00 4.100654075599206472e+00 6.553314003358213569e+00 6.553326099501019186e+00 7.245416063159109576e+00 7.245445164507792413e+00 8.739022510791158993e+00 8.739026853861517452e+00 8.758331621470595962e+00 8.758338638096326179e+00 9.962273408288769616e+00 9.962286422919795825e+00 1.076664136314714071e+01 1.076664607082078007e+01 1.219227361379817509e+01 1.219227731815234428e+01 1.342259900889277091e+01 1.342261181379914348e+01 1.550170750597684410e+01 1.550171146703828029e+01 2.020255149865171518e+01 2.020256751724132016e+01 2.402166668568110452e+01 2.402169318491420569e+01
4.267496589401959528e-01 -3.722719689347737115e-01 -3.722650937363111701e-01 1.608366417841646134e+00 1.608372066612465900e+00 2.151363304461593184e+00 2.151386487700414296e+00 4.089340537319124280e+00 4.089345751177938304e+00 6.506796342255390719e+00 6.506799391195161597e+00 7.254788972105684408e+00 7.254796306836058584e+00 8.729697764284972905e+00 8.729698919676128099e+00 8.750188546679211754e+00 8.750190422817848201e+00 9.975051811982398320e+00 9.975055096082929396e+00 1.076638809723470480e+01 1.076638932218253331e+01 1.219560522964135174e+01 1.219560627439224731e+01 1.341842235103951886e+01 1.341842565373136509e+01 1.550213820065479098e+01 1.550213922053997706e+01 2.020264552428175264e+01 2.020264966958543695e+01 2.403352205796601027e+01 2.403352888499006923e+01
4.276729348146168230e-01 -3.675179240044111895e-01 -3.675040433283802144e-01 1.626672472314725892e+00 1.626683921975153435e+00 2.130088106856582009e+00 2.130134904928230100e+00 4.077458741745248361e+00 4.077469248426952575e+00 6.459263243424224754e+00 6.459269376421990394e+00 7.264372544268804965e+00 7.264387294543956486e+00 8.719411093234013421e+00 8.719413506466493047e+00 8.743150801172577147e+00 8.743154655558029731e+00 9.987619567545291233e+00 9.987626183493881982e+00 1.076618612746039183e+01 1.076618867071927532e+01 1.219901274423384940e+01 1.219901506857805451e+01 1.341408431952423008e+01 1.341409110954439754e+01 1.550257454907842281e+01 1.550257664336891317e+01 2.020273272964267619e+01 2.020274128313428363e+01 2.404555783508655153e+01 2.404557186167757621e+01
4.285962106890376933e-01 -3.627218273172229668e-01 -3.626869375657466033e-01 1.645130208859849619e+00 1.645159108730790631e+00 2.108285002126629948e+00 2.108402787528982802e+00 4.064963939773882373e+00 4.064990334531224825e+00 6.410782750698554189e+00 6.410798133055771508e+00 7.274163679038255559e+00 7.274200660035893051e+00 8.708673467687001235e+00 8.708679669141101698e+00 8.736707735335510705e+00 8.736717463959616126e+00 9.999976982811714876e+00 9.999993607944574592e+00 1.076603916456375742e+01 1.076604574738225573e+01 1.220249564255970043e+01 1.220250202874292889e+01 1.340958780570400144e+01 1.340960519271219731e+01 1.550301702643534441e+01 1.550302238552813705e+01 2.020281669044879180e+01 2.020283867995881621e+01 2.405776677876367842e+01 2.405780268914662656e+01
4.295194865634585080e-01 -3.578793538094726667e-01 -3.578234498577965161e-01 1.663718816742826068e+00 1.663765320488783006e+00 2.085988541691253140e+00 2.086177794050157353e+00 4.051829989279958077e+00 4.051872312134511489e+00 6.361425719158228631e+00 6.361450348266052046e+00 7.284160278423273738e+00 7.284219459570763888e+00 8.697814346051439216e+00 8.697824463998282241e+00 8.730529969636860343e+00 8.730545615606338572e+00 1.001212490314892278e+01 1.001215158316483844e+01 1.076595090020762235e+01 1.076596177480094951e+01 1.220605394207044903e+01 1.220606505274840003e+01 1.340493635601626288e+01 1.340496474914288427e+01 1.550346622276933850e+01 1.550347497226753823e+01 2.020290155629892581e+01 2.020293761815629097e+01 2.407014235844475536e+01 2.407020101352952324e+01
4.304427624378793782e-01 -3.529928307277785948e-01 -3.529161535478867462e-01 1.682410776734162283e+00 1.682474820409892713e+00 2.063211115434680831e+00 2.063471782092048734e+00 4.038023160013095136e+00 4.038081319848358497e+00 6.311262912715857709e+00 6.311296713531279856e+00 7.294353504753272155e+00 7.294434676873916779e+00 8.687005243494214213e+00 8.687019362811865264e+00 8.724442317818370540e+00 8.724463928468193075e+00 1.002406125050338837e+01 1.002409796459130575e+01 1.076592358273793693e+01 1.076593897681278378e+01 1.220968666911605638e+01 1.220970312372231525e+01 1.340013046972618938e+01 1.340017017490157158e+01 1.550392170495670818e+01 1.550393394294419025e+01 2.020298734228707360e+01 2.020303799987478044e+01 2.408267113341371868e+01 2.408275320789113394e+01
4.313660383123002484e-01 -3.480643805793390833e-01 -3.479674120313781538e-01 1.701176815355575966e+00 1.701258086469531694e+00 2.039966762679821688e+00 2.040298259146577919e+00 4.023507230906048449e+00 4.023581002371986237e+00 6.260368258804745345e+00 6.260411081752339513e+00 7.304734992877109256e+00 7.304837767189528819e+00 8.676332848930330854e+00 8.676351018452086450e+00 8.718353917018493604e+00 8.718381542841409981e+00 1.003578426100928489e+01 1.003583091880087075e+01 1.076595923564936541e+01 1.076597934675279333e+01 1.221339289868566702e+01 1.221341526069787697e+01 1.339517090705737701e+01 1.339522211991826062e+01 1.550438303690488340e+01 1.550439883163404708e+01 2.020307407371466368e+01 2.020313972610494702e+01 2.409533959746611842e+01 2.409544556413115757e+01
4.322893141867211186e-01 -3.430959389411308291e-01 -3.429793935511101233e-01 1.719984632562953752e+00 1.720082515548772895e+00 2.016272370372357514e+00 2.016673588297532849e+00 4.008243389033149917e+00 4.008332409999753487e+00 6.208819024016802857e+00 6.208870643220317120e+00 7.315296760676916143e+00 7.315420569109309490e+00 8.665841592532304460e+00 8.665863822964512408e+00 8.712215800578684721e+00 8.712249477247519636e+00 1.004729244591075066e+01 1.004734888452023078e+01 1.076605965174061375e+01 1.076608464142686827e+01 1.221717174858804889e+01 1.221720051338071578e+01 1.339005869382459046e+01 1.339012149366184268e+01 1.550484977983963653e+01 1.550486916762926981e+01 2.020316178537406060e+01 2.020324269677582762e+01 2.410813419618514075e+01 2.410826431171222950e+01
4.332125900611419889e-01 -3.380892717265074898e-01 -3.379540856963702544e-01 1.738796364431060892e+00 1.738909834780014263e+00 1.992150135722703830e+00 1.992619458715536807e+00 3.992190152035923312e+00 3.992293921630222453e+00 6.156695963479774214e+00 6.156756075370466874e+00 7.326031142929351425e+00 7.326175239741964162e+00 8.655554338034873396e+00 8.655580599180506596e+00 8.706000317398325805e+00 8.706040050409495024e+00 1.005858455889132053e+01 1.005865054011780657e+01 1.076622638786104247e+01 1.076625637578970718e+01 1.222102237285411697e+01 1.222105795631436465e+01 1.338479512532047089e+01 1.338486947013705830e+01 1.550532149256755687e+01 1.550534447593546616e+01 2.020325052071256877e+01 2.020334681085001804e+01 2.412104134381742426e+01 2.412119563615107509e+01
4.341358659355628591e-01 -3.330459917484597798e-01 -3.328933094640575407e-01 1.757562947609901727e+00 1.757690343030710256e+00 1.967633149961249606e+00 1.968168471031278122e+00 3.975303323983081061e+00 3.975421201264504489e+00 6.104083442866012454e+00 6.104151665230380885e+00 7.336930741874938100e+00 7.337094206576197486e+00 8.645482366766191973e+00 8.645512585457217014e+00 8.699691244339122775e+00 8.699736997835564978e+00 1.006965956894061520e+01 1.006973477672105410e+01 1.076646076021163445e+01 1.076649581830327485e+01 1.222494395439162140e+01 1.222498668246147346e+01 1.337938176952261848e+01 1.337946749225899801e+01 1.550579773171548759e+01 1.550582427776835281e+01 2.020334033088432335e+01 2.020345196641828167e+01 2.413404743972623834e+01 2.413422569723444155e+01
4.350591418099836738e-01 -3.279675744529940706e-01 -3.277987327742473700e-01 1.776209710132206299e+00 1.776348161183256780e+00 1.942779868752589456e+00 1.943378564240925144e+00 3.957535996950176660e+00 3.957667200306036914e+00 6.051069527833446315e+00 6.051145399374773248e+00 7.347988389875044213e+00 7.348170131408973127e+00 8.635630404756003742e+00 8.635664463569401761e+00 8.693278843213946061e+00 8.693330531845111508e+00 1.008051663800228326e+01 1.008060067621456746e+01 1.076676384017431332e+01 1.076680398695979868e+01 1.222893569692045190e+01 1.222898579621450743e+01 1.337382046969127991e+01 1.337391727566320299e+01 1.550627805194881326e+01 1.550630809104930208e+01 2.020343127369877578e+01 2.020355806079364669e+01 2.414713888440227763e+01 2.414734064692368420e+01
4.359824176844045440e-01 -3.228553727355195635e-01 -3.226718833623201665e-01 1.794591595969259323e+00 1.794735284166987022e+00 1.917719492206848120e+00 1.918378055102966773e+00 3.938838613206426587e+00 3.938982220582919247e+00 5.997746032136062944e+00 5.997829012635963686e+00 7.359197120892717159e+00 7.359395883067144872e+00 8.625999293875478813e+00 8.626037030555181673e+00 8.686757262359032339e+00 8.686814745152570794e+00 1.009115510273999305e+01 1.009124749346456085e+01 1.076713645065477110e+01 1.076718164596117511e+01 1.223299681621424106e+01 1.223305440584523573e+01 1.336811334643197036e+01 1.336822081201345647e+01 1.550676200617081868e+01 1.550679543089945511e+01 2.020352341247455641e+01 2.020366499060426690e+01 2.416030209501536419e+01 2.416052664691354934e+01
4.369056935588254142e-01 -3.177106307801484952e-01 -3.175141609945213994e-01 1.812306397857983420e+00 1.812439101004521991e+00 1.892842821285992461e+00 1.893553675236803180e+00 3.919159105733564186e+00 3.919314055858778456e+00 5.944208512454868476e+00 5.944297983632645277e+00 7.370550148460209172e+00 7.370764516577240855e+00 8.616587487472209261e+00 8.616628694990273729e+00 8.680123103102058479e+00 8.680186178708019895e+00 1.010157445983645275e+01 1.010167464219091471e+01 1.076757916293571427e+01 1.076762930305522836e+01 1.223712653067156886e+01 1.223719161539871436e+01 1.336226279930087379e+01 1.336238037187274408e+01 1.550724914570512958e+01 1.550728581013162355e+01 2.020361681480929406e+01 2.020377265188526650e+01 2.417352352049237751e+01 2.417376988581191100e+01
4.378289694332462845e-01 -3.125344968860627182e-01 -3.123268489718020735e-01 1.827435430928688875e+00 1.827475506179230269e+00 1.870103269123232659e+00 1.870815362558776007e+00 3.898443137770973177e+00 3.898608232573869348e+00 5.890556195173452636e+00 5.890651462355322110e+00 7.382040848437818603e+00 7.382269257080049663e+00 8.607391927516967911e+00 8.607436354722358018e+00 8.673374594953980221e+00 8.673442997898147766e+00 1.011177435430488813e+01 1.011188168396896003e+01 1.076809229404933355e+01 1.076814720753738541e+01 1.224132405123656753e+01 1.224139651603295320e+01 1.335627150803286867e+01 1.335639850720499489e+01 1.550773902046430308e+01 1.550777873974019982e+01 2.020371155127655882e+01 2.020388094016946212e+01 2.418678965611044873e+01 2.418705659591020307e+01
4.387522453076671547e-01 -3.073280352690017647e-01 -3.071111249092524087e-01 1.826870750488931217e+00 1.827338064166326381e+00 1.862415499051205625e+00 1.862820758804433430e+00 3.876634465024209053e+00 3.876808373506517746e+00 5.836891817964452223e+00 5.836992112690498224e+00 7.393662745320042973e+00 7.393903487238045358e+00 8.598408578831243432e+00 8.598455931639939820e+00 8.666511104854063063e+00 8.666584502602729501e+00 1.012175457034739345e+01 1.012186831989462199e+01 1.076867590468894775e+01 1.076873534893407403e+01 1.224558857068574369e+01 1.224566817680184450e+01 1.335014243347482754e+01 1.335027805357824704e+01 1.550823117910634075e+01 1.550827372938796245e+01 2.020380769406139265e+01 2.020398975057659285e+01 2.420008705759530088e+01 2.420037306951465794e+01
4.396755211820880249e-01 -3.020922368428121119e-01 -3.018680707887600456e-01 1.805329093445613875e+00 1.806058096328942097e+00 1.875131712134667339e+00 1.875424327611876496e+00 3.853675446869746057e+00 3.853856710743215341e+00 5.783321367378151834e+00 5.783425851091627656e+00 7.405409501165642006e+00 7.405660737204648569e+00 8.589632763251028535e+00 8.589682706330727058e+00 8.659532838525722198e+00 8.659610829260044440e+00 1.013151502434117823e+01 1.013163438448919429e+01 1.076932979769070009e+01 1.076939345639116219e+01 1.224991925229408984e+01 1.225000563487473393e+01 1.334387881830830835e+01 1.334402213214161215e+01 1.550872516918236421e+01 1.550877028788991829e+01 2.020390531554712155e+01 2.020409897790118947e+01 2.421340235471919300e+01 2.421370567481261560e+01
4.405987970565088951e-01 -2.968280289999414845e-01 -2.965986822958115998e-01 1.779176523628999140e+00 1.779984665874212224e+00 1.891916890774214544e+00 1.892196813103766750e+00 3.829507735043360839e+00 3.829694776498742570e+00 5.729953692951735178e+00 5.730061461931109434e+00 7.417274906458913186e+00 7.417534676455209919e+00 8.581059371014561066e+00 8.581111529915363079e+00 8.652440657552661563e+00 8.652522768606910830e+00 1.014105575957388616e+01 1.014117984145629237e+01 1.077005351712572967e+01 1.077012099879676299e+01 1.225431521788997280e+01 1.225440788518237945e+01 1.333748418764675314e+01 1.333763415144991349e+01 1.550922053727796168e+01 1.550926792369366503e+01 2.020400448686633865e+01 2.020420851669908657e+01 2.422672226439217269e+01 2.422704087124731487e+01
4.415220729309297654e-01 -2.915362844226547234e-01 -2.913038774614160054e-01 1.751790672696316609e+00 1.752641332019393428e+00 1.909337429727649083e+00 1.909616822888445364e+00 3.804073169576402957e+00 3.804264301596813613e+00 5.676899979091691861e+00 5.677010070796295160e+00 7.429252872376616246e+00 7.429519106947193308e+00 8.572682992741640362e+00 8.572736956422522425e+00 8.645235969667959708e+00 8.645321656620204465e+00 1.015037694238489152e+01 1.015050478093522379e+01 1.077084634805159347e+01 1.077091718567246836e+01 1.225877553530463437e+01 1.225887386947549551e+01 1.333096234959362469e+01 1.333111780921160872e+01 1.550971682915077388e+01 1.550976614535576736e+01 2.020410527642918552e+01 2.020431826137222941e+01 2.424003360324640610e+01 2.424036522438051833e+01
4.424453488053506356e-01 -2.862178289636954642e-01 -2.859845046333830410e-01 1.723739811701777036e+00 1.724617370076334311e+00 1.926789645698019360e+00 1.927071085156496943e+00 3.777314911782332363e+00 3.777508351443904733e+00 5.624273058570527617e+00 5.624384459571055039e+00 7.441337424057546279e+00 7.441607957199984469e+00 8.564497997010663610e+00 8.564553320711519646e+00 8.637920668062003315e+00 8.638009314488728663e+00 1.015947885940081008e+01 1.015960941792248207e+01 1.077170731697834150e+01 1.077178096887032588e+01 1.226329920521842887e+01 1.226340246477862195e+01 1.332431739584815134e+01 1.332447709403649405e+01 1.551021358986736765e+01 1.551026446201416498e+01 2.020420774844274092e+01 2.020442810625209873e+01 2.425332329971118384e+01 2.425366542022058169e+01
4.433686246797715058e-01 -2.808734486451222034e-01 -2.806413498113731197e-01 1.695191667005918834e+00 1.696085296231939488e+00 1.944071574992814799e+00 1.944355183673206477e+00 3.749178842583594573e+00 3.749372727790660775e+00 5.572186556365757326e+00 5.572298212014418439e+00 7.453522694561409700e+00 7.453795276974992667e+00 8.556498568122151482e+00 8.556554776533520368e+00 8.630497105875356567e+00 8.630588023799308672e+00 1.016836191558265234e+01 1.016849409155890527e+01 1.077263519310931805e+01 1.077271104511437905e+01 1.226788514740221281e+01 1.226799247121904024e+01 1.331755370244597536e+01 1.331771628726090206e+01 1.551071036394182201e+01 1.551076238385596717e+01 2.020431196143533370e+01 2.020453794568180328e+01 2.426657840558133472e+01 2.426692827899874061e+01
4.442919005541923760e-01 -2.755038958242557179e-01 -2.752751433777349543e-01 1.666216407622715057e+00 1.667116725051744686e+00 1.961075711685060119e+00 1.961360620274632538e+00 3.719615251229479114e+00 3.719807661297938939e+00 5.520753860085016562e+00 5.520864686039944402e+00 7.465802919269588500e+00 7.466075232303124309e+00 8.548678712404436553e+00 8.548735303091998361e+00 8.622968098215421762e+00 8.623060529292951415e+00 1.017702663282893205e+01 1.017715926500343748e+01 1.077362849041923809e+01 1.077370585942538916e+01 1.227253218634877108e+01 1.227264259920759137e+01 1.331067593072133981e+01 1.331083996492828447e+01 1.551120669547870712e+01 1.551125942258041057e+01 2.020441796679919122e+01 2.020464767409643869e+01 2.427978610708171203e+01 2.428014076837716928e+01
4.452151764286132463e-01 -2.701098945834528031e-01 -2.698865662629769124e-01 1.636851311508008777e+00 1.637749405484410170e+00 1.977722836011811314e+00 1.978007648319315859e+00 3.688580834562614985e+00 3.688769814980938033e+00 5.470086923478575613e+00 5.470195819126918657e+00 7.478172430529131276e+00 7.478442100656191194e+00 8.541032237429680762e+00 8.541088684479316129e+00 8.615336947961138137e+00 8.615430065475067067e+00 1.018547364890444662e+01 1.018560552563751465e+01 1.077468547063209670e+01 1.077476360946500833e+01 1.227723903628559299e+01 1.227735145594563626e+01 1.330368902857789770e+01 1.330385300000405913e+01 1.551170212832317752e+01 1.551175509185685186e+01 2.020452580736564130e+01 2.020475718610242666e+01 2.429293373543271528e+01 2.429329001607503713e+01
4.461384523030341165e-01 -2.646921453985109363e-01 -2.644762555814144100e-01 1.607120064138972682e+00 1.608007153092208874e+00 1.993941547085448684e+00 1.994224525176540475e+00 3.656041020890780757e+00 3.656224612439469279e+00 5.420294922295010309e+00 5.420400786015266092e+00 7.490625652376237120e+00 7.490890266094331729e+00 8.533552705721952236e+00 8.533608463584616999e+00 8.607607494343591625e+00 8.607700406093572454e+00 1.019370371648955675e+01 1.019383358536685336e+01 1.077580414715925095e+01 1.077588225083168538e+01 1.228200428555739165e+01 1.228211753123050087e+01 1.329659823215376235e+01 1.329676056490315439e+01 1.551219620622034157e+01 1.551224890777723253e+01 2.020463551602595942e+01 2.020486637655534423e+01 2.430600877692338457e+01 2.430636332190137594e+01
4.470617281774549867e-01 -2.592513291429187072e-01 -2.590448097758079049e-01 1.577039884497503541e+00 1.577907192056331009e+00 2.009659873159812982e+00 2.009939018949718381e+00 3.621972626111772620e+00 3.622148898294781372e+00 5.371482796268599813e+00 5.371584542336086621e+00 7.503157095200114313e+00 7.503414214246917346e+00 8.526233362363102586e+00 8.526287869898228067e+00 8.599784185404224957e+00 8.599875937623162159e+00 1.020171770216859919e+01 1.020184428081006267e+01 1.077698229005275898e+01 1.077705950333421825e+01 1.228682638036361574e+01 1.228693918252982975e+01 1.328940906796628951e+01 1.328956813440913365e+01 1.551268847298648090e+01 1.551274038930296584e+01 2.020474711441155335e+01 2.020497514063705324e+01 2.431899888249911257e+01 2.431934816918511544e+01
4.479850040518758569e-01 -2.537881104853794145e-01 -2.535927933081508767e-01 1.546624573802733549e+00 1.547463291251629958e+00 2.024800728365893754e+00 2.025073818719355323e+00 3.586366844378465313e+00 3.586533932796701407e+00 5.323749726086709266e+00 5.323846302863635138e+00 7.515761350224953397e+00 7.516008527001996065e+00 8.519067033984077497e+00 8.519119718728020985e+00 8.591872177289463508e+00 8.591961759767258400e+00 1.020951658520031735e+01 1.020963857318702495e+01 1.077821743202177451e+01 1.077829285826105554e+01 1.229170360783380822e+01 1.229181461929421104e+01 1.328212735561974611e+01 1.328228148906243433e+01 1.551317847269410244e+01 1.551322905870586233e+01 2.020486061164545788e+01 2.020508337393134823e+01 2.433189187687356281e+01 2.433223223559583204e+01
4.489082799262967272e-01 -2.483031407328099571e-01 -2.481207409295103916e-01 1.515885969067253036e+00 1.516687257924986820e+00 2.039278648638518376e+00 2.039543245651374015e+00 3.549232572916131367e+00 3.549388719768980849e+00 5.277187608022980925e+00 5.277278016900964985e+00 7.528433083697453121e+00 7.528667876789794988e+00 8.512045994750737421e+00 8.512096277475194483e+00 8.583877465156854569e+00 8.583963817829541654e+00 1.021710145593677410e+01 1.021721754774381807e+01 1.077950687554976916e+01 1.077957958665378158e+01 1.229663407842179623e+01 1.229674188647682165e+01 1.327475921115781610e+01 1.327490671909469988e+01 1.551366574987275193e+01 1.551371444200270844e+01 2.020497600317820996e+01 2.020519097249911766e+01 2.434467576717431925e+01 2.434500340335056023e+01
4.498315558007175419e-01 -2.427970601784769644e-01 -2.426291615661703704e-01 1.484834696315896929e+00 1.485589711255916656e+00 2.052996830445748433e+00 2.053250275990215812e+00 3.510600072112537440e+00 3.510743668408092599e+00 5.231879599468768127e+00 5.231962913868130727e+00 7.541167030671330984e+00 7.541387020350610371e+00 8.505161792990973524e+00 8.505209092667765702e+00 8.575807052368386252e+00 8.575889073742054336e+00 1.022447351378083802e+01 1.022458241257556288e+01 1.078084770113813740e+01 1.078091674858195859e+01 1.230161570759838341e+01 1.230171884722902043e+01 1.326731105113986153e+01 1.326745022898401949e+01 1.551414984972761779e+01 1.551419606938359941e+01 2.020509326971927067e+01 2.020529783295298643e+01 2.435733875113298197e+01 2.435764976880395949e+01
4.507548316751384121e-01 -2.372704999992564234e-01 -2.371185418510549925e-01 1.453480587669581325e+00 1.454180510556983164e+00 2.065844019895297201e+00 2.066083418439911501e+00 3.470524968284029121e+00 3.470654595504335749e+00 5.187898813783739627e+00 5.187974197386083119e+00 7.553957988279223379e+00 7.554160791877164272e+00 8.498405030033874041e+00 8.498448769388579294e+00 8.567669166658411939e+00 8.567745724597687129e+00 1.023163406459568137e+01 1.023173449673389968e+01 1.078223677668793989e+01 1.078230120340455223e+01 1.230664619682204730e+01 1.230674316474209640e+01 1.325978959751662956e+01 1.325991874270327564e+01 1.551463031837715612e+01 1.551467347563330712e+01 2.020521237627479394e+01 2.020540385253135440e+01 2.436986922483226436e+01 2.437015965142256491e+01
4.516781075495592823e-01 -2.317240837586688196e-01 -2.315893493330094532e-01 1.421832925226370614e+00 1.422469005546568077e+00 2.077690995080783587e+00 2.077913186660032885e+00 3.429092616038570629e+00 3.429207083836969705e+00 5.145307241067117232e+00 5.145373964390935306e+00 7.566800808376185294e+00 7.566984095416133371e+00 8.491765080761789264e+00 8.491804692676460320e+00 8.559473533968720460e+00 8.559543479606949390e+00 1.023858451750259491e+01 1.023867524753113933e+01 1.078367076801561808e+01 1.078372962098973531e+01 1.231172301376796874e+01 1.231181228320756027e+01 1.325220188337637772e+01 1.325231930972988259e+01 1.551510670311139961e+01 1.551514620054584803e+01 2.020533327130171131e+01 2.020550892917222541e+01 2.438225579002143917e+01 2.438252160214422659e+01
4.526013834239801525e-01 -2.261584285577553644e-01 -2.260420353896154255e-01 1.389900590380787726e+00 1.390464189418605834e+00 2.088386471835468772e+00 2.088587996322743834e+00 3.386422844482060768e+00 3.386521219350682177e+00 5.104154961829255654e+00 5.104212416272562614e+00 7.579690389427612196e+00 7.579851896402939104e+00 8.485229743699088445e+00 8.485264678799833149e+00 8.551231722259890589e+00 8.551293908102707064e+00 1.024532638102579263e+01 1.024540622697905157e+01 1.078514615048202074e+01 1.078519849385165408e+01 1.231684337179807542e+01 1.231692340787215123e+01 1.324455525962678237e+01 1.324465931188001733e+01 1.551557855267181729e+01 1.551561378933172719e+01 2.020545588598745113e+01 2.020561296158721021e+01 2.439448726101429799e+01 2.439472441112799572e+01
4.535246592984010228e-01 -2.205741458780622055e-01 -2.204770378697339661e-01 1.357692158984164843e+00 1.358174796144324015e+00 2.097752325306426524e+00 2.097929379377936776e+00 3.342675104868304103e+00 3.342756722502607136e+00 5.064479703489666029e+00 5.064527412067407752e+00 7.592621667498231197e+00 7.592759212188492590e+00 8.478784808061538669e+00 8.478814543859567010e+00 8.542957567967144783e+00 8.543010871678289320e+00 1.025186125856416020e+01 1.025192910732548235e+01 1.078665922169663105e+01 1.078670415014908990e+01 1.232200420865918744e+01 1.232207348416945969e+01 1.323685740267006317e+01 1.323694647102316324e+01 1.551604541755382982e+01 1.551607579301784767e+01 2.020558013366312622e+01 2.020571584933569653e+01 2.440655267118246385e+01 2.440675711490024469e+01
4.544479351728218930e-01 -2.149718421603378504e-01 -2.148947834903038312e-01 1.325215964217236975e+00 1.325609364418853131e+00 2.105578103043559857e+00 2.105726492414669693e+00 3.298053995361489577e+00 3.298118446799796377e+00 5.026306766772593804e+00 5.026344390964609943e+00 7.605589606175366946e+00 7.605701101393894881e+00 8.472413527842922676e+00 8.472437579691240117e+00 8.534667695136057830e+00 8.534711051008136096e+00 1.025819084319021357e+01 1.025824566567686702e+01 1.078820611524140638e+01 1.078824276747781141e+01 1.232720216440289640e+01 1.232725917591774056e+01 1.322911632311895858e+01 1.322918885772322461e+01 1.551650685033231625e+01 1.551653176883961827e+01 2.020570590935712119e+01 2.020581749289945606e+01 2.441844127905851281e+01 2.441860900290568637e+01
4.553712110472427632e-01 -2.093521191548207983e-01 -2.092956900084368965e-01 1.292480139550997720e+00 1.292776280927772747e+00 2.111614951739951174e+00 2.111730043671617096e+00 3.252815026918459473e+00 3.252862106279011289e+00 4.989649323087912869e+00 4.989676665465326622e+00 7.618589185230858263e+00 7.618672651900926240e+00 8.466096001974726448e+00 8.466113935648802880e+00 8.526382128480232581e+00 8.526414569137173771e+00 1.026431691179511496e+01 1.026435777771836122e+01 1.078978281534176809e+01 1.078981038737627962e+01 1.233243355853057466e+01 1.233247684258440025e+01 1.322134037558888409e+01 1.322139490084051516e+01 1.551696240601084220e+01 1.551698128062534821e+01 2.020583308949501955e+01 2.020591779375783403e+01 2.443014257406317924e+01 2.443026962347381215e+01
4.562944869216636334e-01 -2.037155740782732594e-01 -2.036801681877245807e-01 1.259492649071911829e+00 1.259683810382944191e+00 2.115569339883781819e+00 2.115646024989212837e+00 3.207270263040908898e+00 3.207299865135262440e+00 4.954509058120573961e+00 4.954526060703749124e+00 7.631615387786917282e+00 7.631668967247801305e+00 8.459808480308220524e+00 8.459819924813851699e+00 8.518124981369632920e+00 8.518145692620135989e+00 1.027024131861556988e+01 1.027026741056532622e+01 1.079138517239604056e+01 1.079140293045305121e+01 1.233769436637992456e+01 1.233772251563149425e+01 1.321353826958478805e+01 1.321357339811209819e+01 1.551741164239441062e+01 1.551742389917245468e+01 2.020596153175076992e+01 2.020601665446420014e+01 2.444164628187077781e+01 2.444172878921266445e+01
4.572177627960845037e-01 -1.980627996126712309e-01 -1.980486235784656435e-01 1.226261309588089210e+00 1.226340116849669037e+00 2.117097391439774601e+00 2.117130069778920376e+00 3.161793054186705199e+00 3.161805017958453146e+00 4.920877114297535826e+00 4.920883852880607812e+00 7.644663185703368669e+00 7.644685151152295965e+00 8.453522655613015857e+00 8.453527312187169684e+00 8.509925160377662223e+00 8.509933551877335134e+00 1.027596598819330964e+01 1.027597661480035107e+01 1.079300891926022210e+01 1.079301621203486405e+01 1.234298019478766051e+01 1.234299187397542497e+01 1.320571908148171580e+01 1.320573352770845688e+01 1.551785412048579005e+01 1.551785920261542806e+01 2.020609107505166691e+01 2.020611397872281856e+01 2.445294236942840271e+01 2.445297658184477285e+01
4.581410386705053739e-01 -1.924014581254500922e-01 -1.923943837726476147e-01 1.192753279197805050e+00 1.192793807281265828e+00 2.115783913688424889e+00 2.115801299632430243e+00 3.116814359101478527e+00 3.116820444860928241e+00 4.888731943011046077e+00 4.888735268088781893e+00 7.657716289823028433e+00 7.657727522841787149e+00 8.447202709327907399e+00 8.447205070996851362e+00 8.501812753365273423e+00 8.501816960756254815e+00 1.028148751576756403e+01 1.028149290783036385e+01 1.079464595822653550e+01 1.079464968817212700e+01 1.234828021861726022e+01 1.234828625708570726e+01 1.319788486073781542e+01 1.319789226757182377e+01 1.551828677678538426e+01 1.551828940490501374e+01 2.020620967146771818e+01 2.020622153974058222e+01 2.446400335650031366e+01 2.446402104964268887e+01
4.590643145449262441e-01 -1.867390716236386750e-01 -1.867109096705190097e-01 1.158931302490514126e+00 1.159097710671800341e+00 2.111156291127865625e+00 2.111230146529358365e+00 3.072826000567831173e+00 3.072850978378451892e+00 4.858044192705600395e+00 4.858057268678710017e+00 7.670757431642723390e+00 7.670803295784683229e+00 8.440807298932350378e+00 8.440816873756272543e+00 8.493823654491391650e+00 8.493840328373815751e+00 1.028680230421134389e+01 1.028682411961352194e+01 1.079628782226826722e+01 1.079630302818874554e+01 1.235358244653026105e+01 1.235360734751832190e+01 1.319003737463739157e+01 1.319006767811903735e+01 1.551870621556095209e+01 1.551871706433140830e+01 2.020630363894242976e+01 2.020635272789511916e+01 2.447479974548579307e+01 2.447487278574989844e+01
4.599875904193471143e-01 -1.810618630259013262e-01 -1.810129552012374465e-01 1.124882126502746438e+00 1.125180481054548931e+00 2.102751459745669127e+00 2.102888317754443737e+00 3.030389539414081401e+00 3.030434765302872258e+00 4.828787846717021104e+00 4.828810262634356754e+00 7.683803563709186157e+00 7.683885331489505255e+00 8.434297229498163517e+00 8.434314263084544905e+00 8.486011953683471276e+00 8.486040449273287933e+00 1.029192322635904411e+01 1.029196171208918109e+01 1.079793740107260369e+01 1.079796442300279402e+01 1.235889302392878975e+01 1.235893781520528378e+01 1.318220146735053966e+01 1.318225557232289802e+01 1.551911712121029119e+01 1.551913667196719793e+01 2.020639578878147091e+01 2.020648442380385035e+01 2.448535666154661428e+01 2.448548829538323801e+01
4.609108662937679846e-01 -1.753702316268284100e-01 -1.753010926728551799e-01 1.090613632168305092e+00 1.091049481177144953e+00 2.090048885119737854e+00 2.090255054476537477e+00 2.990085110151006198e+00 2.990152345530102895e+00 4.800924971634701777e+00 4.800956233922899052e+00 7.696849584595065075e+00 7.696968361232273459e+00 8.427625098472061538e+00 8.427650046579028498e+00 8.478427173332999445e+00 8.478466257159022135e+00 1.029685257355614247e+01 1.029690781167442815e+01 1.079959025182186849e+01 1.079962930899926654e+01 1.236420595908893283e+01 1.236427153782293153e+01 1.317438797213899271e+01 1.317446663404451712e+01 1.551951910472426910e+01 1.551954780602178197e+01 2.020648603009349742e+01 2.020661639459790848e+01 2.449566530064432968e+01 2.449585855435245207e+01
4.618341421681887993e-01 -1.696645781283176169e-01 -1.695758884005926226e-01 1.056133646497373180e+00 1.056711982679166439e+00 2.072536552986042668e+00 2.072817641271804234e+00 2.952488874464854529e+00 2.952579946798239430e+00 4.774413849770258622e+00 4.774453398360080314e+00 7.709890272528450161e+00 7.710046990036619974e+00 8.420742868164207806e+00 8.420776616736938891e+00 8.471119702838814547e+00 8.471167537784664248e+00 1.030159267156901670e+01 1.030166457389321444e+01 1.080124190850853516e+01 1.080129309341102228e+01 1.236951477494866225e+01 1.236960189523317943e+01 1.316660817281966622e+01 1.316671198808893273e+01 1.551991178614049716e+01 1.551995005021534091e+01 2.020657427354617397e+01 2.020674839103474341e+01 2.450571714427034564e+01 2.450597480015012053e+01
4.627574180426096695e-01 -1.639453055959237404e-01 -1.638379022797183671e-01 1.021449946342490644e+00 1.022175172648783992e+00 2.049757009385322792e+00 2.050117384095194062e+00 2.918125820095203604e+00 2.918242109106144344e+00 4.749210279986209926e+00 4.749257504330958390e+00 7.722920247992342446e+00 7.723115660579951580e+00 8.413606194498743918e+00 8.413650259145068588e+00 8.464136456766421901e+00 8.464190685514882517e+00 1.030614586967311652e+01 1.030623417452631685e+01 1.080288789830394514e+01 1.080295117243287351e+01 1.237481248178404769e+01 1.237492174336032669e+01 1.315887381914171250e+01 1.315900321676592100e+01 1.552029479485803698e+01 1.552034299430000885e+01 2.020666043145265789e+01 2.020688014842969693e+01 2.451550396131884568e+01 2.451582853519865779e+01
4.636806939170305397e-01 -1.582128203236117803e-01 -1.580876873570713492e-01 9.865702612736668708e-01 9.874461595372354683e-01 2.021359640217414100e+00 2.021801948134981597e+00 2.887416314691182873e+00 2.887558216459061189e+00 4.725268751057511984e+00 4.725323005493621942e+00 7.735933929478202131e+00 7.736168610305909077e+00 8.406179473458626816e+00 8.406236046011128948e+00 8.457515881447793760e+00 8.457573822806354613e+00 1.031051452964474535e+01 1.031061880076176784e+01 1.080452375764651052e+01 1.080459894915746411e+01 1.238009155034140640e+01 1.238022338870054817e+01 1.315119714193360778e+01 1.315135237636700616e+01 1.552066776994278463e+01 1.552072623459729783e+01 2.020674441786009368e+01 2.020701138773010896e+01 2.452501780954296962e+01 2.452541152985202189e+01
4.646039697914514099e-01 -1.524675326143730414e-01 -1.523257894135607027e-01 9.515022757490264604e-01 9.525319785975645548e-01 1.987147079661683469e+00 1.987671968884248352e+00 2.860628516805725052e+00 2.860795072943747019e+00 4.702543466526950766e+00 4.702604084561739839e+00 7.748925480788271258e+00 7.749199820132010252e+00 8.398440224618738625e+00 8.398511989907481379e+00 8.451283686183352017e+00 8.451342615428444560e+00 1.031470101477189338e+01 1.031482064242845453e+01 1.080614504794766972e+01 1.080623185120233565e+01 1.238534388590387536e+01 1.238549856394882198e+01 1.314359086754688555e+01 1.314377201309500975e+01 1.552103036042334416e+01 1.552109937454960509e+01 2.020682614863951443e+01 2.020714181672489218e+01 2.453425103661935580e+01 2.453471582516591809e+01
4.655272456658722802e-01 -1.467098574858915205e-01 -1.465527465669530793e-01 9.162536307093036569e-01 9.174395969561820463e-01 1.947101950571128448e+00 1.947708094503589393e+00 2.837850500300610257e+00 2.838039324241973471e+00 4.680989211797985661e+00 4.681055519042612190e+00 7.761888747837891067e+00 7.762202952698554981e+00 8.390381323594384710e+00 8.390471115502005972e+00 8.445450735956256949e+00 8.445508181034679041e+00 1.031870767899438768e+01 1.031884188338957209e+01 1.080774737082265347e+01 1.080784534790617002e+01 1.239056080388581549e+01 1.239073840534518567e+01 1.313606823100373511e+01 1.313627517786480148e+01 1.552138222557730352e+01 1.552146202528392926e+01 2.020690554157772212e+01 2.020727113138202924e+01 2.454319628084630978e+01 2.454373373544929393e+01
4.664505215402931504e-01 -1.409402153200361718e-01 -1.407690889103523635e-01 8.808319246849418693e-01 8.821759183864292808e-01 1.901385185532743938e+00 1.902069603447759105e+00 2.818990955914206786e+00 2.819198467761202309e+00 4.660562063768423968e+00 4.660633389355004041e+00 7.774817182327472764e+00 7.775171277523837077e+00 8.382010383807651621e+00 8.382120838383340100e+00 8.440013765517084821e+00 8.440067746996676945e+00 1.032253685627627604e+01 1.032268469316568371e+01 1.080932638276328106e+01 1.080943496698289685e+01 1.239573300768219433e+01 1.239593343247717350e+01 1.312864298711897426e+01 1.312887543925877942e+01 1.552172303520764629e+01 1.552181380618545425e+01 2.020698251647036869e+01 2.020739901730457433e+01 2.455184647150271360e+01 2.455245785061082486e+01
4.673737974147140206e-01 -1.351590324666774867e-01 -1.349753381925228590e-01 8.452447144731588535e-01 8.467477878223432786e-01 1.850307157913609668e+00 1.851065721940857056e+00 2.803807344093331544e+00 2.804029208867645284e+00 4.641219950438220998e+00 4.641295636862203366e+00 7.787703748887867761e+00 7.788097579665717696e+00 8.373346802410184253e+00 8.373480124885244180e+00 8.434958405302396045e+00 8.435007585096791161e+00 1.032619085030410844e+01 1.032635121884869100e+01 1.081087780918087660e+01 1.081099631053487187e+01 1.240085056965074806e+01 1.240107353142773761e+01 1.312132941871206882e+01 1.312158689376665421e+01 1.552205246990958898e+01 1.552215434547898099e+01 2.020705699521651866e+01 2.020752515129547078e+01 2.456019482889397310e+01 2.456088103831212877e+01
4.682970732891348908e-01 -1.293667418145518500e-01 -1.291720075476822105e-01 8.094995154130355530e-01 8.111619956224677130e-01 1.794281921668637425e+00 1.795109897265501964e+00 2.791951234187420638e+00 2.792182849396340760e+00 4.622923072734120176e+00 4.623002484143683866e+00 7.800540811286233556e+00 7.800974047473790307e+00 8.364417771053609840e+00 8.364575640172885684e+00 8.430263244073335827e+00 8.430306999069749452e+00 1.032967192459413575e+01 1.032984357735924519e+01 1.081239745775892125e+01 1.081252507034005994e+01 1.240590291627272634e+01 1.240614794232624796e+01 1.311414234085454389e+01 1.311442417226916035e+01 1.552237022132720767e+01 1.552248328081538631e+01 2.020712890191443378e+01 2.020764920302017487e+01 2.456823486411245838e+01 2.456899644594003718e+01
4.692203491635557611e-01 -1.235637833585684769e-01 -1.233596012841822881e-01 7.736038012643390305e-01 7.754252815729153481e-01 1.733778043226810839e+00 1.734670540767959457e+00 2.783017302447020391e+00 2.783254209352197250e+00 4.605634203590358133e+00 4.605716732604173913e+00 7.813319991924493557e+00 7.813792133662250450e+00 8.355254529596958690e+00 8.355438101866980105e+00 8.425903670933669432e+00 8.425942138505124746e+00 1.033298229307919947e+01 1.033316384809062427e+01 1.081388123106659549e+01 1.081401704234309413e+01 1.241087881872000409e+01 1.241114525254180734e+01 1.310709709991481553e+01 1.310740244154059120e+01 1.552267599240026641e+01 1.552280025986098266e+01 2.020719816295799731e+01 2.020777083675491781e+01 2.457596037854052184e+01 2.457679750241006289e+01
4.701436250379766313e-01 -1.177506047841526127e-01 -1.175386147390253266e-01 7.375650036648822017e-01 7.395443385910691614e-01 1.669276578412620005e+00 1.670228860121470538e+00 2.776585353529712918e+00 2.776823512953760620e+00 4.589318880506561449e+00 4.589403953681243209e+00 7.826031997044328392e+00 7.826542382115963647e+00 8.345889600741870140e+00 8.346099564272659421e+00 8.421854780528551743e+00 8.421888907418374259e+00 1.033612411123379182e+01 1.033631406597316627e+01 1.081532513839582066e+01 1.081546814029584880e+01 1.241576639024753703e+01 1.241605339694668686e+01 1.310020956597227659e+01 1.310053739935168693e+01 1.552296949760086697e+01 1.552310494088700743e+01 2.020726470713401213e+01 2.020788971320851246e+01 2.458336546312288817e+01 2.458427791981118915e+01
4.710669009123975015e-01 -1.119276621038464287e-01 -1.117095342053116974e-01 7.013905111083783561e-01 7.035258160635499136e-01 1.601241133140736128e+00 1.602248778314229183e+00 2.772250352030273035e+00 2.772486284837615500e+00 4.573945507793268916e+00 4.574032589885661970e+00 7.838666397603049063e+00 7.839214210392538185e+00 8.336355172140169856e+00 8.336591812551798597e+00 8.418093224550343479e+00 8.418124758546349895e+00 1.033909946778203270e+01 1.033929621498430684e+01 1.081672530679512612e+01 1.081687440850916815e+01 1.242055309202225288e+01 1.242085966686464715e+01 1.309349611698383242e+01 1.309384526155947803e+01 1.552325046316004276e+01 1.552339699335673195e+01 2.020732846571950603e+01 2.020800549140381719e+01 2.459044449743718630e+01 2.459143169490405612e+01
4.719901767868183717e-01 -1.060954203984809247e-01 -1.058728369412849230e-01 6.650876673384646942e-01 6.673763227142642807e-01 1.530100118340803173e+00 1.531159080725308153e+00 2.769640307500944587e+00 2.769871131483778726e+00 4.559485383889422927e+00 4.559573981068859361e+00 7.851211352469665172e+00 7.851795634566484772e+00 8.326682453702151321e+00 8.326945712003434252e+00 8.414598252366589648e+00 8.414629484352650124e+00 1.034191037701967630e+01 1.034211222212138104e+01 1.081807799128324277e+01 1.081823203369389930e+01 1.242522574918114664e+01 1.242555072949138584e+01 1.308697361291257089e+01 1.308734273938691750e+01 1.552351862728396270e+01 1.552367609850733565e+01 2.020738937257920043e+01 2.020811783060566569e+01 2.459719214858918335e+01 2.459825311048142993e+01
4.729134526612392420e-01 -1.002543547247575217e-01 -1.000289912721238350e-01 6.286637689884221336e-01 6.311024288460623799e-01 1.456238709675338860e+00 1.457345307004961565e+00 2.768424482525762009e+00 2.768647884168243145e+00 4.545912667820414477e+00 4.546002329986111867e+00 7.863653256094110588e+00 7.864272918560773817e+00 8.316901737051514587e+00 8.317191252147592806e+00 8.411352161737314148e+00 8.411385352824424899e+00 1.034455877176728045e+01 1.034476395184774944e+01 1.081937958423362289e+01 1.081953735588596466e+01 1.242977057906646365e+01 1.243011265971516544e+01 1.308065935788619072e+01 1.308104700493755956e+01 1.552377374036010238e+01 1.552394194992425192e+01 2.020744736426220811e+01 2.020822639228019568e+01 2.460360336996074437e+01 2.460473673660183280e+01
4.738367285356600567e-01 -9.440495129841121325e-02 -9.417845680424648258e-02 5.921260621900761301e-01 5.947106677166270616e-01 1.379997370597875861e+00 1.381148239263336519e+00 2.768315060340834410e+00 2.768529233333206108e+00 4.533204297309060493e+00 4.533294619659419489e+00 7.875976286700992368e+00 7.876630123999916577e+00 8.307042920418661325e+00 8.307358055764728633e+00 8.408340197136096705e+00 8.408377065003067585e+00 1.034704649695672352e+01 1.034725320101785329e+01 1.082062662392723595e+01 1.082078687846700404e+01 1.243417323369337346e+01 1.243453098635234610e+01 1.307457104836513473e+01 1.307497564288071068e+01 1.552401556515285108e+01 1.552419425410488429e+01 2.020750238009792454e+01 2.020833084207142250e+01 2.460967339983687907e+01 2.461087743170479669e+01
4.747600044100809269e-01 -8.854770909267013768e-02 -8.832168477646799853e-02 5.554817377196585859e-01 5.582075356926868848e-01 1.301674217874979167e+00 1.302866255075693536e+00 2.769064993254657381e+00 2.769268565318264486e+00 4.521339869438173231e+00 4.521430493424731800e+00 7.888161822808505086e+00 7.888848528348838762e+00 8.297136345226306275e+00 8.297476201887000968e+00 8.405550101766801063e+00 8.405591697328182121e+00 1.034937530383793813e+01 1.034958169428487196e+01 1.082181580227471329e+01 1.082197727730924264e+01 1.243841885854021712e+01 1.243879075481790686e+01 1.306872670529426905e+01 1.306914658620621061e+01 1.552424387698895814e+01 1.552443273100947785e+01 2.020755436229064372e+01 2.020843085178017873e+01 2.461539775993866996e+01 2.461667034361725470e+01
4.756832802845017971e-01 -8.268314209196676867e-02 -8.245911859190457882e-02 5.187379239740876891e-01 5.215994906205650983e-01 1.221529273382958580e+00 1.222759579868629265e+00 2.770463988739289007e+00 2.770655949266873641e+00 4.510301493216568147e+00 4.510392106996714112e+00 7.900187684813579914e+00 7.900905868007437327e+00 8.287213872746267640e+00 8.287577291698710269e+00 8.402971668083401013e+00 8.403018513225424257e+00 1.035154684477506137e+01 1.035175107999640076e+01 1.082294397170967315e+01 1.082310540909117336e+01 1.244249216968285943e+01 1.244287660814375762e+01 1.306314458831812075e+01 1.306357803401468942e+01 1.552445846393247031e+01 1.552465711459628572e+01 2.020760325601222007e+01 2.020852610132998706e+01 2.462077225388699731e+01 2.462211091045831779e+01
4.766065561589226673e-01 -7.681178256231245560e-02 -7.659119460658284084e-02 4.819016766214295200e-01 4.848929475238474285e-01 1.139789364123829696e+00 1.141055194221917368e+00 2.772333870592499139e+00 2.772513505280928214e+00 4.500073621995292150e+00 4.500163960475560998e+00 7.912027143835725695e+00 7.912775348419028631e+00 8.277310195649473457e+00 8.277695751908368038e+00 8.400596397185866593e+00 8.400648659915308514e+00 1.035356266857969665e+01 1.035376292659127095e+01 1.082400815125197724e+01 1.082416831884922104e+01 1.244637755109018507e+01 1.244677288800366632e+01 1.305784309039259838e+01 1.305828834951331352e+01 1.552465912694912120e+01 1.552486715333845702e+01 2.020764900949230736e+01 2.020861628070523608e+01 2.462579296562298126e+01 2.462719486145157433e+01
4.775298320333435376e-01 -7.093418595272540927e-02 -7.071834330204469776e-02 4.449799629679663249e-01 4.480942701658559568e-01 1.056652969692911448e+00 1.057951691557388330e+00 2.774524013871424000e+00 2.774690848724750136e+00 4.490642872455869572e+00 4.490732716993152351e+00 7.923647621546630937e+00 7.924424344676196164e+00 8.267464430599016367e+00 8.267870421398706426e+00 8.398417227396366869e+00 8.398474850957528659e+00 1.035542421630079168e+01 1.035561871952799606e+01 1.082500553173254332e+01 1.082516324685107456e+01 1.245005917352387925e+01 1.245046375696990637e+01 1.305284061155775532e+01 1.305329593676064448e+01 1.552484568006045507e+01 1.552506261072055160e+01 2.020769157410600769e+01 2.020870109184680885e+01 2.463045625780801728e+01 2.463191821765079936e+01
4.784531079077644078e-01 -6.505093845938990371e-02 -6.484099107859643552e-02 4.079796376100554567e-01 4.112097559842545214e-01 9.722946694576286575e-01 9.736237367337157167e-01 2.776907198163992341e+00 2.777060953282861178e+00 4.481997835859011126e+00 4.482087013659881158e+00 7.935008982889744544e+00 7.935812694099286801e+00 8.257722078641036134e+00 8.258146507930273827e+00 8.396428302535905885e+00 8.396491087086271676e+00 1.035713281734830638e+01 1.035731985880815742e+01 1.082593348016012591e+01 1.082608763489788650e+01 1.245352113591294874e+01 1.245393334258555740e+01 1.304815541127444867e+01 1.304861909527890163e+01 1.552501795048730138e+01 1.552524326571189839e+01 2.020773090445800335e+01 2.020878025049029247e+01 2.463475877022732163e+01 2.463627729258701038e+01
4.793763837821852780e-01 -5.916266912516860571e-02 -5.895956309567963738e-02 3.709074031134904081e-01 3.742456099865211772e-01 8.868690523536246761e-01 8.882259882491756464e-01 2.779376011994730611e+00 2.779516564801038925e+00 4.474128886392847448e+00 4.474217269623392390e+00 7.946061301660322762e+00 7.946890460025513470e+00 8.248137471773890894e+00 8.248578034055020325e+00 8.394624773075067381e+00 8.394692425403107450e+00 1.035868968576076909e+01 1.035886765721862446e+01 1.082678954319656661e+01 1.082693913218373005e+01 1.245674762928059565e+01 1.245716590297257476e+01 1.304380543958746053e+01 1.304427585244841481e+01 1.552517577878263388e+01 1.552540891321463867e+01 2.020776695846289783e+01 2.020885348793290603e+01 2.463869741821815751e+01 2.464026869284239396e+01
4.802996596566061482e-01 -5.327006998658613546e-02 -5.307448799149772078e-02 3.337697437251411214e-01 3.372078994205449654e-01 8.005140663559970893e-01 8.018964624079857328e-01 2.781839825112560671e+00 2.781967182659434989e+00 4.467027990776827551e+00 4.467115495367106170e+00 7.956741966520432641e+00 7.957595033179236665e+00 8.238776840713178728e+00 8.239230909320035323e+00 8.393002628533654530e+00 8.393074792497444037e+00 1.036009591631169435e+01 1.036026333952718126e+01 1.082757144969653318e+01 1.082771560085637752e+01 1.245972312228159673e+01 1.246014601261197363e+01 1.303980814845484204e+01 1.304028377462393884e+01 1.552531901895413213e+01 1.552555936448461082e+01 2.020779969742135762e+01 2.020892055271523446e+01 2.464226939114386994e+01 2.464388931855737042e+01
4.812229355310270185e-01 -4.737393132931346645e-02 -4.718620611856495090e-02 2.965728077241503446e-01 3.001024731879982643e-01 7.133538374771298818e-01 7.147593729142214247e-01 2.784222288269853074e+00 2.784336568868078565e+00 4.460688522732152883e+00 4.460775106832864267e+00 7.966972015718686961e+00 7.967847457021314916e+00 8.229722119213446874e+00 8.230186748294872956e+00 8.391558558716454286e+00 8.391634834331078707e+00 1.036135247994283759e+01 1.036150804307064277e+01 1.082827711227494483e+01 1.082841512141792784e+01 1.246243256617719197e+01 1.246285876566151529e+01 1.303618028584683408e+01 1.303665975915218311e+01 1.552544753857587168e+01 1.552569444752251115e+01 2.020782908609133344e+01 2.020898121220474764e+01 2.464547215093263688e+01 2.464713636387574169e+01
4.821462114054478887e-01 -4.147520737252849421e-02 -4.129518474436816994e-02 2.593221851210124052e-01 2.629348125217152998e-01 6.255010007110430870e-01 6.269274970571072636e-01 2.786459296743279968e+00 2.786560722363683240e+00 4.455105085496271933e+00 4.455190747523131378e+00 7.976651693649756680e+00 7.977547967564397879e+00 8.221075494504747283e+00 8.221547451384989103e+00 8.390289840359585583e+00 8.390369796159809823e+00 1.036246021762679348e+01 1.036260282055971338e+01 1.082890462792590114e+01 1.082903599804365058e+01 1.246486161567278117e+01 1.246528999278254801e+01 1.303293767660218272e+01 1.303341981088012780e+01 1.552556121888953200e+01 1.552581400743387086e+01 2.020785509275406255e+01 2.020903525406868084e+01 2.464830343069945684e+01 2.465000731733323391e+01
4.830694872798687589e-01 -3.557514870824805830e-02 -3.540194780926490120e-02 2.220224533677033207e-01 2.257097372960143455e-01 5.370585620378302005e-01 5.385041102383121281e-01 2.788497348457087632e+00 2.788586251656607562e+00 4.450273345205627784e+00 4.450358121391836619e+00 7.985655510018074388e+00 7.986571025329129547e+00 8.212964423542050696e+00 8.213440279652644449e+00 8.389194245477872514e+00 8.389277426829810480e+00 1.036341983103092090e+01 1.036354864665673148e+01 1.082945227790177256e+01 1.082957676370920019e+01 1.246699686054430600e+01 1.246742648603501635e+01 1.303009499543565219e+01 1.303057880825175374e+01 1.552565995489509554e+01 1.552591790675604422e+01 2.020787768927457151e+01 2.020908248762503234e+01 2.465076123346729986e+01 2.465249996219335671e+01
4.839927631542896291e-01 -2.967559833918818890e-02 -2.950713853438179449e-02 1.846761499456125999e-01 1.884307795415752773e-01 4.481212234647667381e-01 4.495844871284572775e-01 2.790292230657589911e+00 2.790369084127000132e+00 4.446189877670706281e+00 4.446273839044542875e+00 7.993827713097779508e+00 7.994760749003464895e+00 8.205546201495288017e+00 8.206022524225231152e+00 8.388269967932911797e+00 8.388355902858741331e+00 1.036423186699030374e+01 1.036434643125004307e+01 1.082991852750089024e+01 1.083003618457228256e+01 1.246882606148680317e+01 1.246925622510349285e+01 1.302766553878443290e+01 1.302815026558662304e+01 1.552574365543068069e+01 1.552600602575034827e+01 2.020789685115573775e+01 2.020912274506048689e+01 2.465284383100270915e+01 2.465461237673465789e+01
4.849160390287104438e-01 -2.377975088875070378e-02 -2.361166490766996792e-02 1.472811071754390466e-01 1.510986913567150258e-01 3.587758122052610021e-01 3.602568398584371501e-01 2.791807975038066658e+00 2.791873460264921114e+00 4.442852030796898610e+00 4.442935279512389535e+00 8.000980240621213824e+00 8.001928817784090597e+00 8.199010016915108778e+00 8.199483712002209046e+00 8.387515565203297996e+00 8.387603768652638792e+00 1.036489669049373497e+01 1.036499704465686733e+01 1.083030202727933933e+01 1.083041326218137534e+01 1.247033838226850300e+01 1.247076859709320473e+01 1.302566100321257458e+01 1.302614609947716140e+01 1.552581224324198672e+01 1.552607826265841418e+01 2.020791255758625127e+01 2.020915588250644035e+01 2.465454976277911925e+01 2.465634293449282310e+01
4.858393149031313141e-01 -1.789451355539781185e-02 -1.771709777005640515e-02 1.098220226148055867e-01 1.137073003065500465e-01 2.690992503887350562e-01 2.706021285271218990e-01 2.793016027053638162e+00 2.793071173584320555e+00 4.440257804642840256e+00 4.440340469619760810e+00 8.006896846346958085e+00 8.007858556841968678e+00 8.193572803256076398e+00 8.194041630827268108e+00 8.386929912864154346e+00 8.387019890002346045e+00 1.036541443849021782e+01 1.036550136238915876e+01 1.083060161855518722e+01 1.083070723072236419e+01 1.247152460922869821e+01 1.247195460153711011e+01 1.302409127871271899e+01 1.302457640826787255e+01 1.552586565504088512e+01 1.552613453392101306e+01 2.020792479148167686e+01 2.020918178096413342e+01 2.465587783507965725e+01 2.465769030446065102e+01
4.867625907775521843e-01 -1.204045931990017741e-02 -1.182716244017271816e-02 7.223375132329817871e-02 7.622905893225728757e-02 1.791453996241067770e-01 1.806902962538488033e-01 2.793894583452126934e+00 2.793941026650438975e+00 4.438405750841471153e+00 4.438487982715571434e+00 8.011348373038529758e+00 8.012320212691944832e+00 8.189463952727360052e+00 8.189927134821788357e+00 8.386512169790456994e+00 8.386603418661055187e+00 1.036578495249741572e+01 1.036586033144995156e+01 1.083081634736044130e+01 1.083091754521776906e+01 1.247237734858932612e+01 1.247280703219856157e+01 1.302296426533603046e+01 1.302344927411394160e+01 1.552590384155348069e+01 1.552617477435869553e+01 2.020793353951835769e+01 2.020920034707169322e+01 2.465682712024918999e+01 2.465865345124804975e+01
4.876858666519730545e-01 -6.331893394730806965e-03 -5.958859981888209138e-03 3.409373341910484911e-02 3.854264489759887113e-02 8.883172602792430150e-02 9.056000019263074630e-02 2.794428088896766305e+00 2.794468453475205116e+00 4.437294892829100057e+00 4.437376858271215418e+00 8.014122745614102428e+00 8.015101038401963862e+00 8.186895395661963448e+00 8.187354036168452254e+00 8.386261752556999127e+00 8.386353766349129657e+00 1.036600773566174638e+01 1.036607501246742302e+01 1.083094549030456122e+01 1.083104385727350660e+01 1.247289119212947917e+01 1.247332062779656425e+01 1.302228572108205462e+01 1.302277059699770945e+01 1.552592676755743817e+01 1.552619893731313816e+01 2.020793879216023115e+01 2.020921151370726321e+01 2.465739695610411175e+01 2.465923163520464456e+01
4.886091425263939247e-01 -1.317053420144156592e-02 -1.109897351204407884e-02 -4.953930065000277848e-07 1.462347617074733293e-07 3.171734885444897993e-07 1.272882910255592175e-03 2.794607013082619051e+00 2.794645143076431193e+00 4.436924668029841534e+00 4.437006543554690374e+00 8.015066383080521106e+00 8.016046899356318534e+00 8.186020413326170697e+00 8.186477308412168696e+00 8.386178317911861413e+00 8.386270586987453868e+00 1.036608211175316363e+01 1.036614642014958143e+01 1.083098859031078476e+01 1.083108598045879489e+01 1.247306284262505116e+01 1.247349218489568834e+01 1.302205914790129349e+01 1.302254396919474821e+01 1.552593441190870571e+01 1.552620699474864630e+01 2.020794054367788561e+01 2.020921524042304540e+01 2.465758694550596886e+01 2.465942441250587081e+01
