0.000000000000000000e+00 -2.201232018225346421e-02 -8.571310013039255826e-03 -4.058012706889821582e-03 -6.696488160858441211e-05 -4.491746695633340637e-05 -4.463538545275136710e-06 3.068776965851169436e+00 3.069178986570971102e+00 4.285675194524345422e+00 4.285720468586693421e+00 7.091755830752076939e+00 7.092111699397775304e+00 8.496447777218239850e+00 8.496563987508192639e+00 8.865978513707769793e+00 8.875627325021635983e+00 1.039893350418667595e+01 1.039939946126328252e+01 1.106184010620134650e+01 1.106279859175603697e+01 1.176356891617611211e+01 1.176447723335327922e+01 1.280762026495496819e+01 1.280845233437416475e+01 1.524000262138090456e+01 1.524229500032125451e+01 1.779142846819002344e+01 1.779144932568561899e+01 2.291103826811364286e+01 2.291209017636315082e+01
1.519769838211115992e-03 -1.290153538754856485e-02 -5.985817158676650859e-03 5.936972488745521220e-02 6.107552821957206585e-02 9.411305962272481507e-02 9.987745982896759078e-02 3.068987683045646619e+00 3.069387269950725639e+00 4.286043280048136950e+00 4.286087999612029797e+00 7.091827123243889197e+00 7.092181491516403646e+00 8.496726840179173124e+00 8.496847817365539512e+00 8.865688491787796721e+00 8.875291213959703995e+00 1.039884828458913546e+01 1.039931186599351065e+01 1.106183728222408469e+01 1.106279275858184263e+01 1.176367144509652540e+01 1.176457503178719222e+01 1.280766690946127007e+01 1.280849546001351236e+01 1.523988613120534552e+01 1.524216840897170933e+01 1.779127003887875702e+01 1.779129090078829734e+01 2.291113127872345601e+01 2.291217873239700609e+01
3.039539676422231985e-03 -1.854741629877381878e-02 -8.972082243047605626e-03 1.213286512705570447e-01 1.221396664734692855e-01 1.922584730443958612e-01 1.975748515403193961e-01 3.069619820515467001e+00 3.070012169694147364e+00 4.287147467484984986e+00 4.287190551586657961e+00 7.092040469731553110e+00 7.092390349650825598e+00 8.497563976042144418e+00 8.497699001099848104e+00 8.864819178488193785e+00 8.874284540404859811e+00 1.039859318032545410e+01 1.039904969172238758e+01 1.106182846225802940e+01 1.106277491815358438e+01 1.176397919383305002e+01 1.176486870469088153e+01 1.280780644474292984e+01 1.280862449975810691e+01 1.523953650535557891e+01 1.524178866919623232e+01 1.779079450003506579e+01 1.779081537213100717e+01 2.291141013063132448e+01 2.291244429922374337e+01
4.559309514633348194e-03 -2.412719001815279152e-02 -1.387989577054817882e-02 1.826707729287116166e-01 1.831750550965461910e-01 2.899157493859693679e-01 2.950511259647106699e-01 3.070673340898471437e+00 3.071053837564768241e+00 4.288987550456843323e+00 4.289028001827770886e+00 7.092394281750181051e+00 7.092736724940682080e+00 8.498958940637255211e+00 8.499116614480248799e+00 8.863372887726557181e+00 8.872612317354922951e+00 1.039816985076194200e+01 1.039861476697163134e+01 1.106181260696458502e+01 1.106274405495875612e+01 1.176449264727505373e+01 1.176535907989802610e+01 1.280803767715849872e+01 1.280883844179848552e+01 1.523895328335092891e+01 1.524115588459104487e+01 1.779000110040114890e+01 1.779002197976054234e+01 2.291187428605224952e+01 2.291288657319014277e+01
6.079079352844464837e-03 -2.932918181542887651e-02 -1.879642444465335835e-02 2.438157832253056156e-01 2.441689769357417439e-01 3.873141479657654096e-01 3.922777617143101692e-01 3.072148198596360125e+00 3.072512536486335932e+00 4.291563188206585444e+00 4.291600148093669631e+00 7.092885926836716592e+00 7.093218055078812867e+00 8.500911092927655233e+00 8.501099038796747109e+00 8.861353667175020377e+00 8.870283016957053235e+00 1.039758104745280853e+01 1.039801011905043993e+01 1.106178800004732388e+01 1.106269850026678370e+01 1.176521261005669494e+01 1.176604752065804504e+01 1.280835862086160226e+01 1.280913559884366038e+01 1.523813571589204408e+01 1.524027023041675477e+01 1.778888859283487633e+01 1.778890946349959279e+01 2.291252285522998733e+01 2.291350504877917160e+01
7.598849191055581480e-03 -3.392743213566400823e-02 -2.318610041764406632e-02 3.048330521227390344e-01 3.051075041518526709e-01 4.844363340495069226e-01 4.892053427300351864e-01 3.074044365053916206e+00 3.074388656037104983e+00 4.294873909569320247e+00 4.294906712574335650e+00 7.093511750928986892e+00 7.093830792253021045e+00 8.503419117263517180e+00 8.503643747028609923e+00 8.858767594810155188e+00 8.867308758786295542e+00 1.039683059310028668e+01 1.039723994400388563e+01 1.106175227232427360e+01 1.106263596704553720e+01 1.176614020108023162e+01 1.176693590127514888e+01 1.280876650309636844e+01 1.280951360678549023e+01 1.523708279167298585e+01 1.523913195753677918e+01 1.778745524189140426e+01 1.778747607235997918e+01 2.291335460610070740e+01 2.291429901946802872e+01
9.118619029266696388e-03 -3.769163923646482589e-02 -2.671402006697821616e-02 3.657357843584067014e-01 3.659748154306012302e-01 5.812296316850977806e-01 5.857755272327060947e-01 3.076361864713455851e+00 3.076682735187976636e+00 4.298919116475276248e+00 4.298947349149691455e+00 7.094267109543943128e+00 7.094570440836863945e+00 8.506480646463980833e+00 8.506746943461470423e+00 8.855623215367732115e+00 8.863705600104321292e+00 1.039592335219317221e+01 1.039630956511409643e+01 1.106170243571129319e+01 1.106255359736993604e+01 1.176727684545457109e+01 1.176802657369093907e+01 1.280925777153523093e+01 1.280996942298186880e+01 1.523579327404962314e+01 1.523774139800462102e+01 1.778569883467541146e+01 1.778571957737358034e+01 2.291436797749675236e+01 2.291526757892979660e+01
1.063838886747781390e-02 -4.035139783218851667e-02 -2.902820777135753025e-02 4.265232932975802083e-01 4.267523611898479396e-01 6.776318984071810769e-01 6.819267246788368597e-01 3.079100822258111325e+00 3.079395493357501401e+00 4.303698083988532375e+00 4.303721656519678973e+00 7.095146407463848170e+00 7.095431603553501887e+00 8.510091733611835352e+00 8.510403051869646518e+00 8.851932141996012859e+00 8.859493958672876701e+00 1.039486519343047988e+01 1.039522538051823908e+01 1.106163492727422692e+01 1.106244802098557756e+01 1.176862426348806956e+01 1.176932232567302172e+01 1.280982810358734802e+01 1.281049932430890337e+01 1.523426574672424394e+01 1.523609897236715760e+01 1.778361669509218501e+01 1.778363728760566431e+01 2.291556109557657805e+01 2.291640962257936209e+01
1.215815870568892967e-02 -4.155375975098250102e-02 -2.964992801985456838e-02 4.871897109560938688e-01 4.874204732386243633e-01 7.735774392275326372e-01 7.775959961543047472e-01 3.082261522006275900e+00 3.082527871205606118e+00 4.309209952733952242e+00 4.309229200841119933e+00 7.096143146471399987e+00 7.096408034665222964e+00 8.514246122788412308e+00 8.514604016085737470e+00 8.847709862026892580e+00 8.854699213714548378e+00 1.039366294408331903e+01 1.039399480065410231e+01 1.106154566339996848e+01 1.106231542347685171e+01 1.177018445631737187e+01 1.177082633142722656e+01 1.281047241759074495e+01 1.281109890517113037e+01 1.523249866740531644e+01 1.523420519876116153e+01 1.778120570156127656e+01 1.778122606914718773e+01 2.291693179309034534e+01 2.291772384946305507e+01
1.367792854390004545e-02 -4.078017408288146795e-02 -2.777141163577726696e-02 5.477253795198926412e-01 5.479604037335776834e-01 8.689988649975359802e-01 8.727197446369749922e-01 3.085844480630968611e+00 3.086081082976882328e+00 4.315453718157032270e+00 4.315469542789513113e+00 7.097249980431558747e+00 7.097492698686839852e+00 8.518934258172729201e+00 8.519338346520340721e+00 8.842976805486840064e+00 8.849352551678412837e+00 1.039232433650582266e+01 1.039262617638117270e+01 1.106143010395549275e+01 1.106215162236602723e+01 1.177195968772805656e+01 1.177254209558165243e+01 1.281118488579085479e+01 1.281176307569552719e+01 1.523049042822864863e+01 1.523206070388578048e+01 1.777846230817974771e+01 1.777848236693163031e+01 2.291847763102702373e+01 2.291920876449183453e+01
1.519769838211116296e-02 -3.712790594181308163e-02 -2.147559334729293168e-02 6.081178258452418772e-01 6.083547207534696355e-01 9.638278019589540113e-01 9.672339632910958995e-01 3.089850534768680212e+00 3.090056682649883424e+00 4.322428276115648949e+00 4.322442208772213412e+00 7.098458776715030005e+00 7.098677833192092557e+00 8.524141943065769667e+00 8.524589814875499272e+00 8.837759763728497475e+00 8.843492153617491525e+00 1.039085794707357913e+01 1.039112871874816157e+01 1.106128332606098574e+01 1.106195214942417238e+01 1.177395246172995158e+01 1.177447339159274975e+01 1.281195894900156773e+01 1.281248606036768933e+01 1.522823942158406574e+01 1.522966623593335811e+01 1.777538256924589533e+01 1.777540222926697311e+01 2.292019592213371482e+01 2.292086268101514435e+01
1.671746822032227700e-02 -2.844707066002837362e-02 1.069924973285251053e-02 6.683528318540296054e-01 6.685868626939448500e-01 1.057995195118666354e+00 1.061074295752395313e+00 3.094280945580222930e+00 3.094456646674220934e+00 4.330132646986661449e+00 4.330146483195324691e+00 7.099760682576254922e+00 7.099955014508588569e+00 8.529848517265037344e+00 8.530335656727460858e+00 8.832093787535422180e+00 8.837164864470349102e+00 1.038927312790723789e+01 1.038951241148815008e+01 1.106110010682192524e+01 1.106171233749274485e+01 1.177616549549401270e+01 1.177662419569607444e+01 1.281278733284568894e+01 1.281326139740002468e+01 1.522574410988219284e+01 1.522702267955735600e+01 1.777196216699105591e+01 1.777198133501038058e+01 2.292208375576039714e+01 2.292268372373414564e+01
1.823723805853339278e-02 1.064436148003779226e-02 3.200613411119888202e-02 7.284151596600610956e-01 7.286407308761292390e-01 1.151431439057585049e+00 1.154176002627422593e+00 3.099137522959121593e+00 3.099283476713340146e+00 4.338566179722719518e+00 4.338581219278566437e+00 7.101146194559778024e+00 7.101315225558029631e+00 8.536024359540620665e+00 8.536544080002988366e+00 8.826024754734467237e+00 8.830428546972610704e+00 1.038757993182400341e+01 1.038778791741588492e+01 1.106087501406578433e+01 1.106142741017585607e+01 1.177860168733519686e+01 1.177899861756405997e+01 1.281366206547706277e+01 1.281408193914854188e+01 1.522300309771642191e+01 1.522413107295352575e+01 1.776819644231530404e+01 1.776821502333762481e+01 2.292413802345409835e+01 2.292466983195036079e+01
1.975700789674451202e-02 3.823598766497156298e-02 4.839312578426720884e-02 7.882889459363190410e-01 7.885004745096436674e-01 1.244066419758310449e+00 1.246473871970616765e+00 3.104422772890012006e+00 3.104540326595194522e+00 4.347728339306532241e+00 4.347745063738365445e+00 7.102605228094430956e+00 7.102748926014617936e+00 8.542627435785819401e+00 8.543170790119679836e+00 8.819612882963747680e+00 8.823355410580223435e+00 1.038578903104843043e+01 1.038596647998379829e+01 1.106060250383631072e+01 1.106109257285302583e+01 1.178126407953560140e+01 1.178160082884018323e+01 1.281457449669968796e+01 1.281493985392049595e+01 1.522001520481610015e+01 1.522099262714163181e+01 1.776408042828376566e+01 1.776409832607290440e+01 2.292635544471514564e+01 2.292681876314933120e+01
2.127677773495562780e-02 5.756282956923087363e-02 6.437828933925554553e-02 8.479578993652937546e-01 8.481504065036226114e-01 1.335829498718220876e+00 1.337902088826723679e+00 3.110140072484542273e+00 3.110231158657221329e+00 4.357618439970692314e+00 4.357636731565025734e+00 7.104127182562045562e+00 7.104246126905819025e+00 8.549598498660422763e+00 8.550154126237689667e+00 8.812937577698900071e+00 8.816036722302424522e+00 1.038391163029139896e+01 1.038405982132959693e+01 1.106027702312948868e+01 1.106070310356599684e+01 1.178415581593827177e+01 1.178443499069469347e+01 1.281551531841740754e+01 1.281582662953917584e+01 1.521677953811716577e+01 1.521760874758749615e+01 1.775960888611636079e+01 1.775962600254749546e+01 2.292873259232230154e+01 2.292912809692436227e+01
2.279654757316674010e-02 7.581376477966400573e-02 8.070774776055432420e-02 9.074053844310344674e-01 9.075750006039091655e-01 1.426649449489026944e+00 1.428394068447683463e+00 3.116293878518418214e+00 3.116360935925612363e+00 4.368235608880324250e+00 4.368255044606815574e+00 7.105700992803179794e+00 7.105796476255285654e+00 8.556854409304474274e+00 8.557408267514414746e+00 8.806104140650116818e+00 8.808589442090177357e+00 1.038195937484587716e+01 1.038208003824535908e+01 1.105989311612528070e+01 1.106025444244245648e+01 1.178728009439681834e+01 1.178750518149306714e+01 1.281647458636924419e+01 1.281673307905797188e+01 1.521329556111609982e+01 1.521398105848494353e+01 1.775477634339403110e+01 1.775479257694145474e+01 2.293126591663132530e+01 2.293159523926764010e+01
2.431631741137785935e-02 9.406120422272365444e-02 9.764233593362878216e-02 9.666144141179575655e-01 9.667589640467916245e-01 1.516454346735108372e+00 1.517882251975958274e+00 3.122889976892368580e+00 3.122935858204707316e+00 4.379578826134868486e+00 4.379598886328795793e+00 7.107315148026278173e+00 7.107389372579143938e+00 8.564278943398925037e+00 8.564813865811480298e+00 8.799252971459894823e+00 8.801165428388568301e+00 1.037994425427115353e+01 1.038003949769026590e+01 1.105944553198948199e+01 1.105974227842931512e+01 1.179064011432930315e+01 1.179081532558988066e+01 1.281744174312086137e+01 1.281764934905403486e+01 1.520956315815905846e+01 1.521011143057672221e+01 1.774957713421684247e+01 1.774959237803509282e+01 2.293395176821925929e+01 2.293421742731984736e+01
2.583608724958897512e-02 1.126850593955255192e-01 1.152944186710203045e-01 1.025567521323154763e+00 1.025687424577547135e+00 1.605171401938368714e+00 1.606297859365702685e+00 3.129935782190384597e+00 3.129963652505123761e+00 4.391646950275662320e+00 4.391667161590765645e+00 7.108957643489191902e+00 7.109014138914046654e+00 8.571710515259796992e+00 8.572205557830125500e+00 8.792571822500320877e+00 8.793963764775202918e+00 1.037787850179076976e+01 1.037795073400666546e+01 1.105892933219645435e+01 1.105916263221573104e+01 1.179423901977876987e+01 1.179436912416942462e+01 1.281840564225585233e+01 1.281856493101638961e+01 1.520558268951998393e+01 1.520600201527130757e+01 1.774400544107592381e+01 1.774401958125264400e+01 2.293678641808435614e+01 2.293699173487695830e+01
2.735585708780008743e-02 1.318553842865218817e-01 1.337153612310303663e-01 1.084246477819525101e+00 1.084346267506116623e+00 1.692726735062085819e+00 1.693570591048942475e+00 3.137440696034671461e+00 3.137453933893312286e+00 4.404438724724457188e+00 4.404458763867354243e+00 7.110615880412281875e+00 7.110660240278098954e+00 8.578926898857394789e+00 8.579356530641321754e+00 8.786311014161734434e+00 8.787246045029789343e+00 1.037577448772913336e+01 1.037582635186559976e+01 1.105833999526051947e+01 1.105851193433237789e+01 1.179807983848191455e+01 1.179816998898900948e+01 1.281935457347987217e+01 1.281946867663743284e+01 1.520135502587165632e+01 1.520165529516104819e+01 1.773805533823659175e+01 1.773806825283233835e+01 2.293976607387537925e+01 2.293991507974672217e+01
2.887562692601120667e-02 1.516551612043502695e-01 1.529273365410804830e-01 1.142632267616860320e+00 1.142722218183777505e+00 1.779045065457751651e+00 1.779628267881548043e+00 3.145416417730832137e+00 3.145418774538319973e+00 4.417952775307295354e+00 4.417972537432795832e+00 7.112277009697315577e+00 7.112317047692438443e+00 8.585629068215602899e+00 8.585962556200815499e+00 8.780799436651296475e+00 8.781352250463941189e+00 1.037364459736483902e+01 1.037367894695498016e+01 1.105767351675764409e+01 1.105778709752430622e+01 1.180216541726166923e+01 1.180222098006741582e+01 1.282027628688507903e+01 1.282034881935007498e+01 1.519688151314748481e+01 1.519707419877850541e+01 1.773172083645457420e+01 1.773173239592147610e+01 2.294288688671642262e+01 2.294298423802344900e+01
3.039539676422232245e-02 1.721230450872987816e-01 1.729383260721008009e-01 1.200706835800490868e+00 1.200801149723863759e+00 1.864049288911725943e+00 1.864396406438592058e+00 3.153872335916253267e+00 3.153878391529872705e+00 4.432187607679164643e+00 4.432207223230486548e+00 7.113929407868567978e+00 7.113972459408804738e+00 8.591430828418271659e+00 8.591633077887861347e+00 8.776454299029548878e+00 8.776710002803467248e+00 1.037150103845530147e+01 1.037152110156121942e+01 1.105692650251783959e+01 1.105698558266234599e+01 1.180649835120258651e+01 1.180652475118110267e+01 1.282115800017147933e+01 1.282119301897397179e+01 1.519216350782219571e+01 1.519226263853358994e+01 1.772499592882835984e+01 1.772500599840716973e+01 2.294614491105000553e+01 2.294619590256891684e+01
3.191516660243343823e-02 1.932671109456182701e-01 1.937542130256777462e-01 1.258455486216353503e+00 1.258565742660430198e+00 1.947659745882170279e+00 1.947797878362058199e+00 3.162833698327251142e+00 3.162844305328624372e+00 4.447141606474452225e+00 4.447161384039906018e+00 7.115562873001074706e+00 7.115612791001949766e+00 8.595861517829067822e+00 8.595911746401707632e+00 8.773766535314665660e+00 8.773825603613355284e+00 1.036935520388101395e+01 1.036936583199097051e+01 1.105609624992550799e+01 1.105610546062912292e+01 1.181108070183223546e+01 1.181108370918800432e+01 1.282198514905088516e+01 1.282198966997879452e+01 1.518719510409841966e+01 1.518723284946382535e+01 1.771787463743961766e+01 1.771788308243686672e+01 2.294953504936053434e+01 2.294954775363105171e+01
3.343493644064455400e-02 2.150588172208300342e-01 2.153978602696097200e-01 1.315865307556565611e+00 1.315997116521643973e+00 2.029747686415015462e+00 2.029798090352012530e+00 3.172325139622945045e+00 3.172337449181152902e+00 4.462813022391420859e+00 4.462833320140525473e+00 7.117166888115168177e+00 7.117224586626145211e+00 8.598280208830436422e+00 8.598467285793796933e+00 8.773196475399553051e+00 8.773282943751224749e+00 1.036721666837713229e+01 1.036722741122819080e+01 1.105514544140710598e+01 1.105518084375872334e+01 1.181589869778155943e+01 1.181591519483013641e+01 1.282272067992889397e+01 1.282274867507547889e+01 1.518194690001333669e+01 1.518202168105495886e+01 1.771035105982279845e+01 1.771035775619056807e+01 2.295303050499264330e+01 2.295305901826534267e+01
3.495470627885566978e-02 2.374758105624246718e-01 2.378734886647988489e-01 1.372922835683196396e+00 1.373077224644487560e+00 2.110168952289563027e+00 2.110369593651676645e+00 3.182374592048739625e+00 3.182386277307678757e+00 4.479199922599649497e+00 4.479220997552913808e+00 7.118730140066706014e+00 7.118795163520672098e+00 8.598377357933900456e+00 8.598790518314302744e+00 8.775294955658576868e+00 8.775423328371095621e+00 1.036509905262449394e+01 1.036511533586429756e+01 1.105410496665373543e+01 1.105417916827737201e+01 1.182097174606068002e+01 1.182100235784167808e+01 1.282337710852582191e+01 1.282342946135420547e+01 1.517646345139293018e+01 1.517659319262796913e+01 1.770241941146369768e+01 1.770242427130532548e+01 2.295664771748343114e+01 2.295670554410950004e+01
3.647447611706678555e-02 2.605727266968850819e-01 2.611001069241450367e-01 1.429613838059370368e+00 1.429789125286914819e+00 2.188964267172103462e+00 2.189289649499941426e+00 3.193016329038014245e+00 3.193026206100790354e+00 4.496300095338615854e+00 4.496321995640741420e+00 7.120240858281793095e+00 7.120312325839693202e+00 8.595975049641506160e+00 8.596615207885486498e+00 8.780352987139302456e+00 8.780474295985321476e+00 1.036301631730963635e+01 1.036303787693344880e+01 1.105298418594722243e+01 1.105309101375177505e+01 1.182630298087574694e+01 1.182634350020193992e+01 1.282394261298668070e+01 1.282401497136760504e+01 1.517076338756200649e+01 1.517093857795117096e+01 1.769407404227746383e+01 1.769407710760092201e+01 2.296039205426422569e+01 2.296047411371013780e+01
3.799424595527790133e-02 2.843738734136356805e-01 2.850214558487463301e-01 1.485923703216483149e+00 1.486116644881609217e+00 2.266037281179618557e+00 2.266459513336866127e+00 3.204292044945701523e+00 3.204301577031138493e+00 4.514110925447051059e+00 4.514133455324464528e+00 7.121687078667872761e+00 7.121764143174595496e+00 8.591104503061631092e+00 8.591946703517534090e+00 8.788377960631692076e+00 8.788466803258293325e+00 1.036097953617375289e+01 1.036100516779133507e+01 1.105178401437204805e+01 1.105191707855183658e+01 1.183189226223915469e+01 1.183193897581328535e+01 1.282440237133287297e+01 1.282449042032147979e+01 1.516485310344997117e+01 1.516506250413880608e+01 1.768530927076143300e+01 1.768531124101061280e+01 2.296425967184766748e+01 2.296436058642729705e+01
3.951401579348901710e-02 3.088701073138733211e-01 3.096108332014584907e-01 1.541837703177974417e+00 1.542044164203522971e+00 2.341281861903943273e+00 2.341773858233346939e+00 3.216253426623994827e+00 3.216266773442268967e+00 4.532629260418755024e+00 4.532652006827008861e+00 7.123056783973481743e+00 7.123138843437716972e+00 8.583993497168549425e+00 8.584994480297027053e+00 8.799178305872660033e+00 8.799230106738907153e+00 1.035899871949878381e+01 1.035902725965656046e+01 1.105050613949685356e+01 1.105065899796889362e+01 1.183773876187581564e+01 1.183778850937297022e+01 1.282474117611474362e+01 1.282484078758843893e+01 1.515873864364725598e+01 1.515897124910044802e+01 1.767611935080390140e+01 1.767612227933518554e+01 2.296824642305444186e+01 2.296836099157946620e+01
4.103378563170013288e-02 3.340429862228003199e-01 3.348480803556118102e-01 1.597341127515963466e+00 1.597556527439170315e+00 2.414581387965289760e+00 2.415117522691665464e+00 3.228966275859891599e+00 3.228986490557507860e+00 4.551851272319515473e+00 4.551873670880584477e+00 7.124337988663856258e+00 7.124424753183244086e+00 8.574969639909198804e+00 8.576077685916677851e+00 8.812460221540234784e+00 8.812485694367353517e+00 1.035708316232400605e+01 1.035711367248882731e+01 1.104915302750133499e+01 1.104931934968335483e+01 1.184384093990646392e+01 1.184389113095081036e+01 1.282494352591263187e+01 1.282505084402408180e+01 1.515242644263387639e+01 1.515267197323983517e+01 1.766650003797870738e+01 1.766650499859061796e+01 2.297234802101638707e+01 2.297247136238293308e+01
4.255355546991124865e-02 3.598711427321450995e-01 3.607139902196023762e-01 1.652419354137896645e+00 1.652639007745168920e+00 2.485806524994834898e+00 2.486363123328410030e+00 3.242511456593279107e+00 3.242539862840860820e+00 4.571772311358916596e+00 4.571793737859712436e+00 7.125518799299300099e+00 7.125610255685997707e+00 8.564372932931698656e+00 8.565536036241807594e+00 8.827913726235570024e+00 8.827937224584712084e+00 1.035524148317123760e+01 1.035527327729289127e+01 1.104772791965346812e+01 1.104790164478951198e+01 1.185019651682511999e+01 1.185024512145253794e+01 1.282499370111694148e+01 1.282510520882811811e+01 1.514592345276802909e+01 1.514617259381610026e+01 1.765644739187188961e+01 1.765645464300551382e+01 2.297656006294338837e+01 2.297668770804975580e+01
4.407332530812235749e-02 3.863319756531152227e-01 3.871891607665731150e-01 1.707057891115626447e+00 1.707277293716967126e+00 2.554812726656065625e+00 2.555368482397035290e+00 3.256986970302137685e+00 3.257023949902676740e+00 4.592386745401264569e+00 4.592406632074920836e+00 7.126587457050184149e+00 7.126683761580355991e+00 8.552506862157148504e+00 8.553677676849309464e+00 8.845276016457223278e+00 8.845307643746274096e+00 1.035348162403727557e+01 1.035351424085621908e+01 1.104623481939456298e+01 1.104641030465886331e+01 1.185680244641359238e+01 1.185684796272676600e+01 1.282487584501648747e+01 1.282498841613080920e+01 1.513923718672180208e+01 1.513948173534094899e+01 1.764595759379102802e+01 1.764596720891892545e+01 2.298087803895209191e+01 2.298100599914727127e+01
4.559309514633347327e-02 4.134022499602330036e-01 4.142537781190988033e-01 1.761242404402655337e+00 1.761457480732896652e+00 2.621437760661290195e+00 2.621974093430752273e+00 3.272510932961006258e+00 3.272556279875355578e+00 4.613687780645593151e+00 4.613705769040508997e+00 7.127532360428006974e+00 7.127633695510005474e+00 8.539622656459988193e+00 8.540760816423397017e+00 8.864334095584267104e+00 8.864370074003385724e+00 1.035181084949111252e+01 1.035184399675498135e+01 1.104467847012699089e+01 1.104485062448728527e+01 1.186365488939806845e+01 1.186369629161262473e+01 1.282457405285638252e+01 1.282468498988222727e+01 1.513237573717326256e+01 1.513260869330651737e+01 1.763502725698420548e+01 1.763503923505634319e+01 2.298529733756667071e+01 2.298542215505210251e+01
4.711286498454458904e-02 4.410583697633008171e-01 4.418876123186577520e-01 1.814958737870246530e+00 1.815166059635001661e+00 2.685499813376703404e+00 2.686001170687080553e+00 3.289223856324767770e+00 3.289276942007041793e+00 4.635667262955724510e+00 4.635683411043664215e+00 7.128342067635673907e+00 7.128448500978120883e+00 8.525921416169433442e+00 8.526994297475397389e+00 8.884916661144721672e+00 8.884952621880241708e+00 1.035023575130932194e+01 1.035026923778294261e+01 1.104306432377274838e+01 1.104322872476238260e+01 1.187074918696621495e+01 1.187078585762347771e+01 1.282407246973608217e+01 1.282417952743257850e+01 1.512534778607849617e+01 1.512556339904620017e+01 1.762365351944849934e+01 1.762366780870970828e+01 2.298981324995547482e+01 2.298993203190020296e+01
4.863263482275570482e-02 4.692765253702936290e-01 4.700700563328254478e-01 1.868192928993958501e+00 1.868389898391314308e+00 2.746797173646605916e+00 2.747251282152822771e+00 3.307289282601451497e+00 3.307349170836341834e+00 4.658315487839947977e+00 4.658330499775718003e+00 7.129005283324289621e+00 7.129116660236962666e+00 8.511562692995719104e+00 8.512545393719690878e+00 8.906891182488562819e+00 8.906924309378915439e+00 1.034876226013554756e+01 1.034879592983862473e+01 1.104139850007191548e+01 1.104155149230868460e+01 1.187807983292693947e+01 1.187811148402109040e+01 1.282335539790237888e+01 1.282345679252274806e+01 1.511816260651750632e+01 1.511835638287175776e+01 1.761183410045175535e+01 1.761185060630533172e+01 2.299442097333471935e+01 2.299453141108334719e+01
5.015240466096682059e-02 4.980327801729264592e-01 4.987801643354481396e-01 1.920931223089612061e+00 1.921116212886919028e+00 2.805111100800101731e+00 2.805509167928272429e+00 3.326891214252549300e+00 3.326956763221735613e+00 4.681621124470163764e+00 4.681636369448352042e+00 7.129510838252237193e+00 7.129626722353582302e+00 8.496673807778517329e+00 8.497548772430844721e+00 8.930155515091051655e+00 8.930184561597595660e+00 1.034739566618606332e+01 1.034742934672894599e+01 1.103968773633209999e+01 1.103982651309994623e+01 1.188564044293742050e+01 1.188566703212894282e+01 1.282240741392210559e+01 1.282250181848119119e+01 1.511083005773417831e+01 1.511099873500264934e+01 1.759956734978437609e+01 1.759958593895535373e+01 2.299911561350586453e+01 2.299921598880415630e+01
5.167217449917793637e-02 5.273031233444811505e-01 5.279966787876746448e-01 1.973160090144378431e+00 1.973332521886418167e+00 2.860214080569573269e+00 2.860550937604361632e+00 3.348226145012649368e+00 3.348296112628798671e+00 4.705571292529127980e+00 4.705588312442595900e+00 7.129847670002206428e+00 7.129967332907121147e+00 8.481357803487782121e+00 8.482114305523612785e+00 8.954629887298253266e+00 8.954654838669087624e+00 1.034614065246219283e+01 1.034617412390312907e+01 1.103793932679053569e+01 1.103806199980057556e+01 1.189342371878765547e+01 1.189344536892174808e+01 1.282121349621261608e+01 1.282130002243492406e+01 1.510336057311410762e+01 1.510350206467355250e+01 1.758685229423922536e+01 1.758687279811007897e+01 2.300389218621667098e+01 2.300398136746682098e+01
5.319194433738905214e-02 5.570635005262124517e-01 5.576980456084240645e-01 2.024866249780308713e+00 2.025026579727081888e+00 2.911885807900903345e+00 2.912159966052820792e+00 3.371487351595295667e+00 3.371560528934279599e+00 4.730151463699714398e+00 4.730171338350360521e+00 7.130004810015909911e+00 7.130127261622189572e+00 8.465699603330358869e+00 8.466333206968997160e+00 8.980250469167591731e+00 8.980272159350011663e+00 1.034500134436437868e+01 1.034503432874199191e+01 1.103616104974140377e+01 1.103626671817916538e+01 1.190142140504762480e+01 1.190143833837974796e+01 1.281975916342325306e+01 1.281983733132808112e+01 1.509576513999911818e+01 1.509587845864607658e+01 1.757368868219015212e+01 1.757371090006540015e+01 2.300874561668748797e+01 2.300882305000354933e+01
5.471171417560016098e-02 5.872898291367090184e-01 5.878624195224826376e-01 2.076036708504704453e+00 2.076186281642668163e+00 2.959938096809659580e+00 2.960151663860236315e+00 3.396840240382519305e+00 3.396915657920588583e+00 4.755345091711580707e+00 4.755368236626919654e+00 7.129971379224127936e+00 7.130095427149375276e+00 8.449770544165678743e+00 8.450282661848119048e+00 9.006964474640980711e+00 9.006984233406218010e+00 1.034398137878230628e+01 1.034401354596011657e+01 1.103436107928124699e+01 1.103444991795935870e+01 1.190962423314348229e+01 1.190963673911743115e+01 1.281803062418673633e+01 1.281810032051735604e+01 1.508805526781106643e+01 1.508814044277275279e+01 1.756007702638289913e+01 1.756010072884339124e+01 2.301367073610096980e+01 2.301373643874110897e+01
5.623148401381127676e-02 6.179580024380506575e-01 6.184676622809897051e-01 2.126658803528523212e+00 2.126799546396438867e+00 3.004246723366833738e+00 3.004405121128315592e+00 3.424390741676861083e+00 3.424467987326000440e+00 4.781133328326037102e+00 4.781159600490307859e+00 7.129736592707068610e+00 7.129860919943148190e+00 8.433631571458606757e+00 8.434029321344898023e+00 9.034726494101734673e+00 9.034745848306876326e+00 1.034308399447155402e+01 1.034311497814536551e+01 1.103254787970920425e+01 1.103262127256550684e+01 1.191802183605309118e+01 1.191803032246200544e+01 1.281601493878252818e+01 1.281607636569207465e+01 1.508024292971093949e+01 1.508030096151994748e+01 1.754601864484846274e+01 1.754604357718169183e+01 2.301866227321294645e+01 2.301871684101122995e+01
5.775125385202239253e-02 6.490438852179091223e-01 6.494913363308093546e-01 2.176720227432028754e+00 2.176854200739928302e+00 3.044783321197688242e+00 3.044894789408389979e+00 3.454153651175526640e+00 3.454233240151462603e+00 4.807494903081165560e+00 4.807523749372170307e+00 7.129289773071138647e+00 7.129413024801833032e+00 8.417335283349782316e+00 8.417632107948575637e+00 9.063495748497590654e+00 9.063516189239479104e+00 1.034231214462202608e+01 1.034234156268518134e+01 1.103073009895369161e+01 1.103079081391877381e+01 1.192660254703989331e+01 1.192660789472782312e+01 1.281370019325326481e+01 1.281375380887140025e+01 1.507234038385212394e+01 1.507237346954264368e+01 1.753151569978336255e+01 1.753154158544852947e+01 2.302371483987707990e+01 2.302375948301337516e+01
5.927102369023350831e-02 6.805233032308941610e-01 6.809106961771876909e-01 2.226208993213247833e+00 2.226337904724938088e+00 3.081636539001757935e+00 3.081711523249247797e+00 3.486031749858335971e+00 3.486115278865486111e+00 4.834406076997274759e+00 4.834436654027983060e+00 7.128620372094112589e+00 7.128741244602287530e+00 8.400926852491860330e+00 8.401144808510860429e+00 9.093234019469170093e+00 9.093256832442977000e+00 1.034166863224807287e+01 1.034169610707957077e+01 1.102891655250215841e+01 1.102896877332935865e+01 1.193535294437659289e+01 1.193535765870663568e+01 1.281107568645254169e+01 1.281112213929956312e+01 1.506435873206108766e+01 1.506437327767455514e+01 1.751657123422030082e+01 1.751659777833877030e+01 2.302882291811717508e+01 2.302885952453993923e+01
6.079079352844462408e-02 7.123720280789741510e-01 7.127026793050136311e-01 2.275113316124737661e+00 2.275238139714722330e+00 3.115012825360967241e+00 3.115063344479324314e+00 3.519815373193729613e+00 3.519905109500107265e+00 4.861840637828399814e+00 4.861871909181624929e+00 7.127718000289982037e+00 7.127835326465195465e+00 8.384444660371192626e+00 8.384617997796057765e+00 9.123904072285839106e+00 9.123930216820873795e+00 1.034115626926462816e+01 1.034118144507574755e+01 1.102711647598478528e+01 1.102716515281905352e+01 1.194425894903665153e+01 1.194426598417881991e+01 1.280813213033230724e+01 1.280817219023450271e+01 1.505630253055775469e+01 1.505632283897860546e+01 1.750118920631456021e+01 1.750121609923137811e+01 2.303398089171740182e+01 2.303401203177140033e+01
6.231056336665573986e-02 7.445657588731938725e-01 7.448438981653575652e-01 2.323421433058595831e+00 2.323542236184581888e+00 3.145215084077347623e+00 3.145253248256024481e+00 3.555204451383164432e+00 3.555302393570368924e+00 4.889769938929950932e+00 4.889800761210093327e+00 7.126572464202781454e+00 7.126685291196522165e+00 8.367925868817168933e+00 8.368095339826730594e+00 9.155468430898229926e+00 9.155498459715033732e+00 1.034077806066185090e+01 1.034080061643337878e+01 1.102533987688053863e+01 1.102538919882345425e+01 1.195330638044118565e+01 1.195331669896710203e+01 1.280486186349750533e+01 1.280489635290381045e+01 1.504819225698869545e+01 1.504822917092864110e+01 1.748537452108205770e+01 1.748540144210124581e+01 2.303918320892422500e+01 2.303921182165634463e+01
6.383033320486684870e-02 7.770801017340790429e-01 7.773106344154768754e-01 2.371121407243741430e+00 2.371237390908671472e+00 3.172606830439908432e+00 3.172640966378752481e+00 3.591845483394170202e+00 3.591952455833334223e+00 4.918162987532435082e+00 4.918192190831179644e+00 7.125173811429575288e+00 7.125281466400807062e+00 8.351414683108655979e+00 8.351606705715779455e+00 9.187888402014641187e+00 9.187922421747552804e+00 1.034053741592070175e+01 1.034055707363625842e+01 1.102359727543454682e+01 1.102364949051134246e+01 1.196247908231981505e+01 1.196249278493141865e+01 1.280125907780601757e+01 1.280128880913273726e+01 1.504004783721153515e+01 1.504010021073669101e+01 1.746913305944855566e+01 1.746915968088991988e+01 2.304442461003441522e+01 2.304445324414212593e+01
6.535010304307796447e-02 8.098905479349934877e-01 8.100788363272668491e-01 2.418200951726931613e+00 2.418310636823461035e+00 3.197571294386166496e+00 3.197603794518008247e+00 3.629371207317514170e+00 3.629486475021299174e+00 4.946986584810955989e+00 4.947013049597068779e+00 7.123512383613937793e+00 7.123614523128230402e+00 8.334955219072929467e+00 8.335176331890558288e+00 9.221123276763414367e+00 9.221160948098647836e+00 1.034043839065273040e+01 1.034045491965839325e+01 1.102189899690401198e+01 1.102195448281778134e+01 1.197175909096841018e+01 1.197177600296923217e+01 1.279732005792979521e+01 1.279734578395692424e+01 1.503188395295264534e+01 1.503194938328714336e+01 1.745247170449645324e+01 1.745249769624485126e+01 2.304970006968600060e+01 2.304973025241275408e+01
6.686987288128908025e-02 8.429724512968589378e-01 8.431241199955278320e-01 2.464647274769489194e+00 2.464748758489404334e+00 3.220476381614215011e+00 3.220506253160530186e+00 3.667432868994820350e+00 3.667554283255451963e+00 4.976205515663392198e+00 4.976228248487553074e+00 7.121578877918389061e+00 7.121675515338411699e+00 8.318584474109691485e+00 8.318830614951112423e+00 9.255129658029863648e+00 9.255170231043608808e+00 1.034048596224364758e+01 1.034049918222228825e+01 1.102025479742665937e+01 1.102031272397930195e+01 1.198112674363002661e+01 1.198114654560610859e+01 1.279304343469258676e+01 1.279306581851428959e+01 1.502371477748854822e+01 1.502379073525958475e+01 1.743539836482874605e+01 1.743542339954417741e+01 2.305500448285090087e+01 2.305503673204403725e+01
6.838964271950019602e-02 8.763010054862075959e-01 8.764217745177638186e-01 2.510446931999820386e+00 2.510538163525218636e+00 3.241653886849968025e+00 3.241679341127733593e+00 3.705720644508291972e+00 3.705845080429967631e+00 5.005782779799997861e+00 5.005800998168565386e+00 7.119364417547926038e+00 7.119455921065912740e+00 8.302333896189860951e+00 8.302597117178226682e+00 9.289860872858827889e+00 9.289903251691711716e+00 1.034068634313921287e+01 1.034069613285932654e+01 1.101867382683602159e+01 1.101873274618136023e+01 1.199056058488049636e+01 1.199058285569162052e+01 1.278843045448745563e+01 1.278845006179526500e+01 1.501555434274167133e+01 1.501563843294577083e+01 1.741792199500149252e+01 1.741794575413176105e+01 2.306033250033832616e+01 2.306036668311476490e+01
6.990941255771131180e-02 9.098512226715265161e-01 9.099467701217357485e-01 2.555585665511151294e+00 2.555664724057800985e+00 3.261390810427363007e+00 3.261410342384343242e+00 3.743972807348024290e+00 3.744096682060911174e+00 5.035679839100544619e+00 5.035693112447150455e+00 7.116860631202688303e+00 7.116947684521298001e+00 8.286231438148794481e+00 8.286502943810342359e+00 9.325266436310306162e+00 9.325309267173683025e+00 1.034104732772194524e+01 1.034105367024035615e+01 1.101716466104425862e+01 1.101722289846987302e+01 1.200003721692417180e+01 1.200006146197011248e+01 1.278348526809910091e+01 1.278350257840581605e+01 1.500741654196389341e+01 1.500750662065558849e+01 1.740005261300472128e+01 1.740007479370237675e+01 2.306567855288641766e+01 2.306571421599222660e+01
7.142918239592242757e-02 9.435979177419239194e-01 9.436737651445666897e-01 2.600048206425899622e+00 2.600113604765632580e+00 3.279928501494858040e+00 3.279941206214474825e+00 3.781976733484517350e+00 3.782096490819885748e+00 5.065856776110777560e+00 5.065865462605366965e+00 7.114059739180279784e+00 7.114143260168699356e+00 8.270302550696948529e+00 8.270574073424116435e+00 9.361291537057125467e+00 9.361333314226916613e+00 1.034157857723692153e+01 1.034158188308266269e+01 1.101573531360841152e+01 1.101579121390859939e+01 1.200953112139093193e+01 1.200955680118189228e+01 1.277821524158983912e+01 1.277823066948798392e+01 1.499931508631624055e+01 1.499940932264438231e+01 1.738180131478969059e+01 1.738182163780323108e+01 2.307103692040320553e+01 2.307107350398115031e+01
7.294895223413354335e-02 9.775157077082075041e-01 9.775771020481794915e-01 2.643817995909885532e+00 2.643869114335109405e+00 3.297466278290970276e+00 3.297472035188269146e+00 3.819565132130482876e+00 3.819677650662084201e+00 5.096272031612254061e+00 5.096278894367491041e+00 7.110954640365781287e+00 7.111035662957414516e+00 8.254570655172887683e+00 8.254835125629046644e+00 9.397876516179474393e+00 9.397915702544196392e+00 1.034229122839314030e+01 1.034229443213673960e+01 1.101439322638097096e+01 1.101444531249404157e+01 1.201901445799268942e+01 1.201904101959474502e+01 1.277263128934343683e+01 1.277264520542432180e+01 1.499126345189362830e+01 1.499136035342122142e+01 1.736318028583568207e+01 1.736319850446675872e+01 2.307640178813287690e+01 2.307643875077004836e+01
7.446872207234465912e-02 1.011579037420366811e+00 1.011630780900857340e+00 2.686876696917752660e+00 2.686914698413381153e+00 3.314165292830012266e+00 3.314168688851915512e+00 3.856610112572636417e+00 3.856713032993458246e+00 5.126883706742249913e+00 5.126893600134065032e+00 7.107538991843491694e+00 7.107618531056943745e+00 8.239057402385258300e+00 8.239309278357783484e+00 9.434956308927278101e+00 9.434991472648615485e+00 1.034320064315644316e+01 1.034320696535608697e+01 1.101314525113640919e+01 1.101319232915543367e+01 1.202845684167717089e+01 1.202848375222607125e+01 1.276674822582049451e+01 1.276676097081048233e+01 1.498327482424050672e+01 1.498337323095130813e+01 1.734420280969429484e+01 1.734421872008693555e+01 2.308176728662732202e+01 2.308180417547979957e+01
7.598849191055577490e-02 1.045762217689915285e+00 1.045808423591362502e+00 2.729203284678182406e+00 2.729233274882358007e+00 3.330157309615762617e+00 3.330166570044107655e+00 3.893016728311734287e+00 3.893108714409927451e+00 5.157652195336119405e+00 5.157667158711205069e+00 7.103807274858713328e+00 7.103886205143203902e+00 8.223782833303708628e+00 8.224018233062357908e+00 9.472459813217209756e+00 9.472489795786382061e+00 1.034432742349361867e+01 1.034433748172352985e+01 1.101199762971989138e+01 1.101203886031624357e+01 1.203782510001582295e+01 1.203785188045138987e+01 1.276058512938899092e+01 1.276059702283923514e+01 1.497536204187911224e+01 1.497546109291804761e+01 1.732488327326502642e+01 1.732489672687771787e+01 2.308712752179899397e+01 2.308716400870099150e+01
7.750826174876689068e-02 1.080039413684019456e+00 1.080083290107917815e+00 2.770774249258551425e+00 2.770806365455424469e+00 3.345556070749327038e+00 3.345571208738419955e+00 3.928716873630283768e+00 3.928797821671601742e+00 5.188537530892770810e+00 5.188557837148846552e+00 7.099754847608415353e+00 7.099833821264448730e+00 8.208765486270399592e+00 8.208982194097293572e+00 9.510309132437079427e+00 9.510333304085524020e+00 1.034569572373158586e+01 1.034570965881832016e+01 1.101095597575037921e+01 1.101099092681043423e+01 1.204708301406059512e+01 1.204710927095736572e+01 1.275416571011051303e+01 1.275417706200866341e+01 1.496753753880525117e+01 1.496763661787348632e+01 1.730523716798182576e+01 1.730524808886202592e+01 2.309247659954844423e+01 2.309251249468163891e+01
7.902803158697800645e-02 1.114384550260679729e+00 1.114428379293854521e+00 2.811567199606712197e+00 2.811609720335792595e+00 3.360452969899175635e+00 3.360473206174915628e+00 3.963663925414729672e+00 3.963735103106697188e+00 5.219499599035470894e+00 5.219524985090317593e+00 7.095377991625219316e+00 7.095457407807740147e+00 8.194022470043599071e+00 8.194219851821078038e+00 9.548418600360163211e+00 9.548437372510100829e+00 1.034733511071119594e+01 1.034735295042154313e+01 1.101002525759420614e+01 1.101005395407380583e+01 1.205619104843939837e+01 1.205621650186417249e+01 1.274751867431484875e+01 1.274752980781096490e+01 1.495981328550997880e+01 1.495991195355859027e+01 1.728528108418798936e+01 1.728528949927466485e+01 2.309780864725150806e+01 2.309784389703415997e+01
8.054780142518912223e-02 1.148771216076076129e+00 1.148816531254629014e+00 2.851558726142773725e+00 2.851614564567478638e+00 3.374924987847853330e+00 3.374949428245863636e+00 3.997828277687803578e+00 3.997892272006194236e+00 5.250498868529194674e+00 5.250528852995814511e+00 7.090673959164143447e+00 7.090753976286350735e+00 8.179569512668116715e+00 8.179748366854141750e+00 9.586693524486992857e+00 9.586709339932911078e+00 1.034928189233678708e+01 1.034930359741777472e+01 1.100920978052024424e+01 1.100923277216024232e+01 1.206510608012014707e+01 1.206513058571849228e+01 1.274067808049117367e+01 1.274068936298062127e+01 1.495220072844938386e+01 1.495229865432266259e+01 1.726503268921312895e+01 1.726503879904970162e+01 2.310311783308368305e+01 2.310315250664456599e+01
8.206757126340023800e-02 1.183172647313766035e+00 1.183220449541699582e+00 2.890720888661483912e+00 2.890790086196898034e+00 3.389038836403224675e+00 3.389066611869241630e+00 4.031193789025568464e+00 4.031254021149398348e+00 5.281496731916486276e+00 5.281530731319748817e+00 7.085641024768924545e+00 7.085721599819352789e+00 8.165420993147398221e+00 8.165583355009225386e+00 9.625029434835246533e+00 9.625046804400740896e+00 1.035158053279489110e+01 1.035160600045971080e+01 1.100851317398514162e+01 1.100853162994494028e+01 1.207378114027118521e+01 1.207380470424996943e+01 1.273368367847636051e+01 1.273369554244814594e+01 1.494471072883193941e+01 1.494480762858693801e+01 1.724451066134246702e+01 1.724451503440750955e+01 2.310839838349800601e+01 2.310843265114809952e+01
8.358734110161135378e-02 1.217561766897626407e+00 1.217612666225859952e+00 2.929021093604673887e+00 2.929102393253061543e+00 3.402854274251195577e+00 3.402884633677035087e+00 4.063754955800574109e+00 4.063814704207191042e+00 5.312455731720564955e+00 5.312493126793228271e+00 7.080278539533332527e+00 7.080359477843764182e+00 8.151589962768523989e+00 8.151738871895965133e+00 9.663312158468436053e+00 9.663334603047930571e+00 1.035428530480909615e+01 1.035431436322325460e+01 1.100793844107135122e+01 1.100795416668685789e+01 1.208216519024008484e+01 1.208218797651099763e+01 1.272658121143701671e+01 1.272659414257491051e+01 1.493735350272755191e+01 1.493744909607078242e+01 1.722373462504697983e+01 1.722373850838294018e+01 2.311364459889536249e+01 2.311367870563094584e+01
8.510711093982246955e-02 1.251911223476279034e+00 1.251965504587912115e+00 2.966421921612110157e+00 2.966513379208573831e+00 3.416426938751040421e+00 3.416459322907427598e+00 4.095514410303970898e+00 4.095575867068349751e+00 5.343339730739917748e+00 5.343379913281851579e+00 7.074586984233152798e+00 7.074667988047369072e+00 8.138088163287649834e+00 8.138227395380887685e+00 9.701415210379602527e+00 9.701443946258656581e+00 1.035746220729253153e+01 1.035749460856936466e+01 1.100748818961642250e+01 1.100750322154052796e+01 1.209020296109427939e+01 1.209022529031781978e+01 1.271942264005858370e+01 1.271943712993269671e+01 1.493013856530471983e+01 1.493023255355780421e+01 1.720272557054327933e+01 1.720273034343680152e+01 2.311885086750649521e+01 2.311888510427071708e+01
8.662688077803358533e-02 1.286193408013714956e+00 1.286251060677359170e+00 3.002880574171416850e+00 3.002979847018479642e+00 3.429810804209669328e+00 3.429844899684635795e+00 4.126480606825190911e+00 4.126544560029974384e+00 5.374114038130811899e+00 5.374156445088956957e+00 7.068568017346142263e+00 7.068648726884696920e+00 8.124926046381233391e+00 8.125059806505980475e+00 9.739196684807795990e+00 9.739231550319647823e+00 1.036119113254547131e+01 1.036122654688207767e+01 1.100716486378895631e+01 1.100718066238777482e+01 1.209783489643009702e+01 1.209785723654916367e+01 1.271226623578399995e+01 1.271228272193595998e+01 1.492307468212826471e+01 1.492316674765965878e+01 1.718150604284907601e+01 1.718151227018261196e+01 2.312401167762115861e+01 2.312404635254258878e+01
8.814665061624468723e-02 1.320380451977252623e+00 1.320441198929348303e+00 3.038348177232384373e+00 3.038452705185839875e+00 3.443060335243452119e+00 3.443096099512173769e+00 4.156665936550023588e+00 4.156732010409807998e+00 5.404745495376083397e+00 5.404789631234866221e+00 7.062224514822529109e+00 7.062304539522354929e+00 8.112112790564356857e+00 8.112245377304329708e+00 9.776497230180691389e+00 9.776537348497909008e+00 1.036556819840544286e+01 1.036560621052139375e+01 1.100697055457359852e+01 1.100698765573185156e+01 1.210499724960517121e+01 1.210502019640487070e+01 1.270517649081264189e+01 1.270519530919911944e+01 1.491616982994153062e+01 1.491625965330906034e+01 1.716009952999707622e+01 1.716010721273966055e+01 2.312912162841619335e+01 2.312915703953869695e+01
8.966642045445580300e-02 1.354444216385965349e+00 1.354507551885898664e+00 3.072769069341426462e+00 3.072876213086011887e+00 3.456232358084082357e+00 3.456270004896260684e+00 4.186085354353519250e+00 4.186152422157695341e+00 5.435202525242320171e+00 5.435247972674694950e+00 7.055560599479902884e+00 7.055639539490505818e+00 8.099656304859724543e+00 8.099791780466098601e+00 9.813138103351342068e+00 9.813182189759990237e+00 1.037070803979784728e+01 1.037074814815981405e+01 1.100690674278444980e+01 1.100692502442067422e+01 1.211162239731883616e+01 1.211164664253286638e+01 1.269822379122403966e+01 1.269824514972924057e+01 1.490943116852637118e+01 1.490951845727023439e+01 1.713853040647160952e+01 1.713853931478420733e+01 2.313417543962996703e+01 2.313421184999191738e+01
9.118619029266691878e-02 1.388356277634113622e+00 1.388421517557329121e+00 3.106080190228382332e+00 3.106187347232459928e+00 3.469387612473159521e+00 3.469427552984543084e+00 4.214755373519444959e+00 4.214821923154868699e+00 5.465455146991414104e+00 5.465501566013744927e+00 7.048581658766251756e+00 7.048659117997949863e+00 8.087563215096073677e+00 8.087705128745527716e+00 9.848919545856679392e+00 9.848966084525674347e+00 1.037674565560628359e+01 1.037678727455190320e+01 1.100697431655783021e+01 1.100699335194172157e+01 1.211763943877970995e+01 1.211766572428426336e+01 1.269148378945992128e+01 1.269150775903752582e+01 1.490286502441833250e+01 1.490294954646680559e+01 1.711682401896031180e+01 1.711683381929494630e+01 2.313916796019841016e+01 2.313920557576363635e+01
9.270596013087803455e-02 1.422087912345195271e+00 1.422154251785854084e+00 3.138210730185060360e+00 3.138315435032830614e+00 3.482591870686115865e+00 3.482634619987754032e+00 4.242693291946578071e+00 4.242757696565197634e+00 5.495474961355474974e+00 5.495522078128786347e+00 7.041294350332763408e+00 7.041369942816284144e+00 8.075838844813326034e+00 8.075990035353262542e+00 9.883620247175080920e+00 9.883667624366006876e+00 1.038383711190880376e+01 1.038387957669960926e+01 1.100717370060540645e+01 1.100719299716450905e+01 1.212297515088800814e+01 1.212300421102449199e+01 1.268503640535939070e+01 1.268506292297178994e+01 1.489647688662902425e+01 1.489655850123008207e+01 1.709500670421068591e+01 1.709501701222921000e+01 2.314409417581552475e+01 2.314413312674644985e+01
9.422572996908915033e-02 1.455610081577635162e+00 1.455676655086472815e+00 3.169082273687667595e+00 3.169182285015255118e+00 3.495916422834248305e+00 3.495962494655360242e+00 4.269916579259895428e+00 4.269977285920092847e+00 5.525235108912586846e+00 5.525282696456365272e+00 7.033706595432278164e+00 7.033779946792328097e+00 8.064487208191332357e+00 8.064649680511578822e+00 9.916998998749022576e+00 9.917045618947961216e+00 1.039215802486949514e+01 1.039220060002666557e+01 1.100750498665129307e+01 1.100752413191944612e+01 1.212755536186457661e+01 1.212758785934033234e+01 1.267896439133133235e+01 1.267899327032883505e+01 1.489027141407412280e+01 1.489035009369247042e+01 1.707310577875289326e+01 1.707311619032096317e+01 2.314894921531439920e+01 2.314898954123247066e+01
9.574549980730026610e-02 1.488893414070236565e+00 1.488959354266905510e+00 3.198609755534181698e+00 3.198703130300979414e+00 3.509437639226903105e+00 3.509487452570129395e+00 4.296442388525458789e+00 4.296498044923855453e+00 5.554710205533562650e+00 5.554758059625412692e+00 7.025827560650902193e+00 7.025898306341841426e+00 8.053511022793747642e+00 8.053685878276835908e+00 9.948799986598393374e+00 9.948844377324851607e+00 1.040189838225971819e+01 1.040194027440918667e+01 1.100796805984266769e+01 1.100798680933091589e+01 1.213130678342348645e+01 1.213134324522256691e+01 1.267335142113484459e+01 1.267338236609458413e+01 1.488425245398129704e+01 1.488432829164609927e+01 1.705114951886402608e+01 1.705115963449433991e+01 2.315372835581065303e+01 2.315376999578632677e+01
9.726526964551138188e-02 1.521908188194136313e+00 1.521972679353925662e+00 3.226703614343841231e+00 3.226788769378603483e+00 3.523235253173229165e+00 3.523289063706577462e+00 4.322287168588151651e+00 4.322336703256596913e+00 5.583876258552553651e+00 5.583924172644863404e+00 7.017667628916307798e+00 7.017735410661915196e+00 8.042911739795330917e+00 8.043099147107936275e+00 9.978763269580927187e+00 9.978804172553502383e+00 1.041325215646062219e+01 1.041329253431574386e+01 1.100856273521982587e+01 1.100858105271905885e+01 1.213415929937017523e+01 1.213420005838640314e+01 1.266827970542270521e+01 1.266831232920240069e+01 1.487842306999391440e+01 1.487849626842865192e+01 1.702916713566062867e+01 1.702917658377871746e+01 2.315842702664851060e+01 2.315846981458861720e+01
9.878503948372249766e-02 1.554624312466919012e+00 1.554686636377614839e+00 3.253273521380768418e+00 3.253349281067726473e+00 3.537389010189106564e+00 3.537446867001634576e+00 4.347466358104656869e+00 4.347509024826771373e+00 5.612710567234526771e+00 5.612758310121248151e+00 7.009238361121158611e+00 7.009302822832120583e+00 8.032689586992308506e+00 8.032888789251980910e+00 1.000664142449833882e+01 1.000667786713472296e+01 1.042640072489990644e+01 1.042643875047176927e+01 1.100928891560767653e+01 1.100930695918080282e+01 1.213604864526727489e+01 1.213609379272819133e+01 1.266382720076268420e+01 1.266386104214688935e+01 1.487278557795149325e+01 1.487285641984238538e+01 1.700718874610647546e+01 1.700719720861067330e+01 2.316304081227985634e+01 2.316308447814960658e+01
1.003048093219336134e-01 1.587011304715653326e+00 1.587070876555664922e+00 3.278233903428137808e+00 3.278299530722517563e+00 3.551973481630277263e+00 3.552035204645349165e+00 4.371994145503137474e+00 4.372029540118856694e+00 5.641191610900930797e+00 5.641238910142298835e+00 7.000552450065290699e+00 7.000613234419354569e+00 8.022843621956209148e+00 8.023052981186893362e+00 1.003222169624480209e+01 1.003225303650981282e+01 1.044149075521097458e+01 1.044152563071957829e+01 1.101014677439916056e+01 1.101016482190318690e+01 1.213691933573818815e+01 1.213696868932669304e+01 1.266006455685221432e+01 1.266009909806260758e+01 1.486734158663331939e+01 1.486741038954643912e+01 1.698524533855807306e+01 1.698525258445980768e+01 2.316756545425148062e+01 2.316760963126532502e+01
1.018245791601447292e-01 1.619038270190385820e+00 1.619094662434204857e+00 3.301511095514636285e+00 3.301566301599352826e+00 3.567051217190486678e+00 3.567116392002982916e+00 4.395883281556914213e+00 4.395911338698812898e+00 5.669298927660541665e+00 5.669345460675217829e+00 6.991623668760089672e+00 6.991680415628208856e+00 8.013371794670479886e+00 8.013588874639509640e+00 1.005535033149487312e+01 1.005537627165533721e+01 1.045860987040406442e+01 1.045864090321599882e+01 1.101113695624622579e+01 1.101115528838616342e+01 1.213672761703794123e+01 1.213678070925168129e+01 1.265705202587036560e+01 1.265708671034836286e+01 1.486209204057813871e+01 1.486215910431665499e+01 1.696336872827459175e+01 1.696337466980265773e+01 2.317199685247686958e+01 2.317204109010014790e+01
1.033443489983558450e-01 1.650673879088301099e+00 1.650726831618873902e+00 3.323051360731709813e+00 3.323096287769181867e+00 3.582665005033656147e+00 3.582732995670876885e+00 4.419144932744246468e+00 4.419165912157109410e+00 5.697012986067105267e+00 5.697058379673493711e+00 6.982466815448113095e+00 6.982519163434950826e+00 8.004271019591197245e+00 8.004492706418163905e+00 1.007595317073645624e+01 1.007597374263511192e+01 1.047776601057661239e+01 1.047779269340905373e+01 1.101226078860763735e+01 1.101227957527447110e+01 1.213544416303624907e+01 1.213550025311790037e+01 1.265483661819072836e+01 1.265487087006466993e+01 1.485703726285184523e+01 1.485710281963407553e+01 1.694159149363219186e+01 1.694159629703689163e+01 2.317633106593693526e+01 2.317637484831841022e+01
1.048641188365669608e-01 1.681886343994946520e+00 1.681935758926581315e+00 3.342828371542472699e+00 3.342863544772271212e+00 3.598830648715119374e+00 3.598900630583699911e+00 4.441788561835900317e+00 4.441803044255530963e+00 5.724315051249326380e+00 5.724358889557992214e+00 6.973097657941843330e+00 6.973145250522469141e+00 7.995537256704973395e+00 7.995759915068859414e+00 1.009404594865342375e+01 1.009406148447000184e+01 1.049887702847335369e+01 1.049889912626828625e+01 1.101352051515702613e+01 1.101353974690612070e+01 1.213305621466991369e+01 1.213311432527882872e+01 1.265344980786641216e+01 1.265348305489263936e+01 1.485217699716922013e+01 1.485224117440355940e+01 1.691994690686467351e+01 1.691995116173737301e+01 2.318056431290026254e+01 2.318060708224423649e+01
1.063838886747780765e-01 1.712643397604221684e+00 1.712689318186297660e+00 3.360848398613854204e+00 3.360874649353648103e+00 3.615532016842624596e+00 3.615603030053161415e+00 4.463821804607647437e+00 4.463830766562950636e+00 5.751187046223123822e+00 5.751228886286993358e+00 6.963532880004244419e+00 6.963575378262872206e+00 7.987165600343031358e+00 7.987385262686995446e+00 1.010973042927385634e+01 1.010974154744794262e+01 1.052177437314782615e+01 1.052179200525923441e+01 1.101491957919562914e+01 1.101493905326440448e+01 1.212956890153075484e+01 1.212962787856912428e+01 1.265290605375854227e+01 1.265293775497280038e+01 1.484751045027813987e+01 1.484757325202726541e+01 1.689846901146836444e+01 1.689847365723065664e+01 2.318469297067742829e+01 2.318473415510376157e+01
1.079036585129891784e-01 1.742912270696992616e+00 1.742954845559701704e+00 3.377151734376346415e+00 3.377170103166148074e+00 3.632719839000090101e+00 3.632790857459457623e+00 4.485250215921082528e+00 4.485255496831998201e+00 5.777611408269415882e+00 5.777650802814347841e+00 6.953790032295440682e+00 6.953827137656888979e+00 7.979150373423885334e+00 7.979362960921902115e+00 1.012317751138580668e+01 1.012318517044592525e+01 1.054621969875657506e+01 1.054623340371947116e+01 1.101646298516737410e+01 1.101648233030942770e+01 1.212500557977405080e+01 1.212506417108438939e+01 1.265320230734267071e+01 1.265323198528482784e+01 1.484303633614559992e+01 1.484309764440194357e+01 1.687719280725536208e+01 1.687719859252430865e+01 2.318871357481463846e+01 2.318875262050754671e+01
1.094234283512002942e-01 1.772659669860728204e+00 1.772699107021535658e+00 3.391809831307881495e+00 3.391821468202750545e+00 3.650314767139617000e+00 3.650384774588770309e+00 4.506077080133302104e+00 4.506082158384761449e+00 5.803570939463195799e+00 5.803607466352377564e+00 6.943887489391640244e+00 6.943918983543096779e+00 7.971485223293765188e+00 7.971686801458969462e+00 1.013460285320974030e+01 1.013460849506892281e+01 1.057192885636866109e+01 1.057193960137852962e+01 1.101815775997241609e+01 1.101817648103215141e+01 1.211940715461080131e+01 1.211946410134722463e+01 1.265431854421711222e+01 1.265434581988596108e+01 1.483875292307518556e+01 1.483881251584220706e+01 1.685615404213416113e+01 1.685616129344743896e+01 2.319262281746796717e+01 2.319265922548684600e+01
1.109431981894114100e-01 1.801851754215924029e+00 1.801888273138136265e+00 3.404918863909598414e+00 3.404924956392619162e+00 3.668213986977747698e+00 3.668282050681466622e+00 4.526305269315334279e+00 4.526312292473913423e+00 5.829048649642046165e+00 5.829081948546576797e+00 6.933844411049271628e+00 6.933870231037976062e+00 7.964163212963479843e+00 7.964350293494349309e+00 1.014424211259358088e+01 1.014424741903986416e+01 1.059859644083854313e+01 1.059860544560229911e+01 1.102001353561433916e+01 1.102003106636946406e+01 1.211283049615497731e+01 1.211288463004899008e+01 1.265621921532572713e+01 1.265624384253434620e+01 1.483465808393830265e+01 1.483471566494732485e+01 1.683538896410497898e+01 1.683539773238842940e+01 2.319641754445430593e+01 2.319645091363367229e+01
1.124629680276225258e-01 1.830454110996033501e+00 1.830487903995908994e+00 3.416591240936455165e+00 3.416593197518512426e+00 3.686299751362520194e+00 3.686365087916325223e+00 4.545936211816614225e+00 4.545945098272309970e+00 5.854027589252833508e+00 5.854057407490830478e+00 6.923680695965491516e+00 6.923701093341822599e+00 7.957176897654499648e+00 7.957346814581312877e+00 1.015233086197656753e+01 1.015233672812215104e+01 1.062591574793279214e+01 1.062592401787671292e+01 1.102204328000079059e+01 1.102205904143469972e+01 1.210534617009825276e+01 1.210539651078175361e+01 1.265885540049001179e+01 1.265887729520065008e+01 1.483074934883586060e+01 1.483080458340212715e+01 1.681493426277984327e+01 1.681494445615251365e+01 2.320009475016369294e+01 2.320012482919504748e+01
1.139827378658336415e-01 1.858431731306840362e+00 1.858462945953166745e+00 3.426945657699965953e+00 3.426948256539341653e+00 3.704448000986516831e+00 3.704510034211175196e+00 4.564968637273964625e+00 4.564978732892541302e+00 5.878490668655498297e+00 5.878516920432732995e+00 6.913416895244767879e+00 6.913432801281952145e+00 7.950518371472425017e+00 7.950669786403440575e+00 1.015909029300738808e+01 1.015909664961161241e+01 1.065359172405773158e+01 1.065359968864281015e+01 1.102426420747900337e+01 1.102427767812217851e+01 1.209703576594959351e+01 1.209708161463922416e+01 1.266216738525249497e+01 1.266218664421494466e+01 1.482702395903444348e+01 1.482707651131635629e+01 1.679482702778959080e+01 1.679483848339748775e+01 2.320365156943814000e+01 2.320367832304232891e+01
1.155025077040447573e-01 1.885748989076570403e+00 1.885777740510857337e+00 3.436104609328741066e+00 3.436109768356832461e+00 3.722535674255718963e+00 3.722594088809830559e+00 4.583399188614585285e+00 4.583409780291132662e+00 5.902420460266253777e+00 5.902443305381825489e+00 6.903074111123843615e+00 6.903087786751886945e+00 7.944179271216078142e+00 7.944312885016023174e+00 1.016471931589198263e+01 1.016472563289891085e+01 1.068134713793081758e+01 1.068135483978324096e+01 1.102669889705401829e+01 1.102670972253291026e+01 1.208798910977910701e+01 1.208803013772523727e+01 1.266608737862624956e+01 1.266610427907146708e+01 1.482347892092984765e+01 1.482352848896712061e+01 1.677510468341774796e+01 1.677511721115202548e+01 2.320708526713114139e+01 2.320710895981692445e+01
1.170222775422558731e-01 1.912369627179367315e+00 1.912396044931766070e+00 3.444185860823127499e+00 3.444193054320513259e+00 3.740446024584661799e+00 3.740500817793439126e+00 4.601222662799385965e+00 4.601233127250472954e+00 5.925798983634250838e+00 5.925818925424820804e+00 6.892674448919365204e+00 6.892689369839013480e+00 7.938150778247119455e+00 7.938270241435725794e+00 1.016939191075508830e+01 1.016939749221152844e+01 1.070892377151997543e+01 1.070893139861631838e+01 1.102937661596781638e+01 1.102938485133448587e+01 1.207830160733677793e+01 1.207833793596568661e+01 1.267054213280204067e+01 1.267055710116959055e+01 1.482011105893383807e+01 1.482015740485522848e+01 1.675580490703112702e+01 1.675581832175009822e+01 2.321039323384889741e+01 2.321041451776147824e+01
1.185420473804669889e-01 1.938256755230433281e+00 1.938281064016293298e+00 3.451298238231993221e+00 3.451306946083820382e+00 3.758071901701082407e+00 3.758123428133642197e+00 4.618432122448950850e+00 4.618442004435017623e+00 5.948607489617468325e+00 5.948625452976803452e+00 6.882242027163442799e+00 6.882260952343240312e+00 7.932423866569179971e+00 7.932536381557225624e+00 1.017325754820062578e+01 1.017326166708591018e+01 1.073608043263979894e+01 1.073608879866563726e+01 1.103233478828710901e+01 1.103234149239903239e+01 1.206807189965725868e+01 1.206810415580145168e+01 1.267545529291058237e+01 1.267546883198316898e+01 1.481691706642341799e+01 1.481696003994564848e+01 1.673696553663589270e+01 1.673697968386373347e+01 2.321357301456484024e+01 2.321359295455080485e+01
1.200618172186781046e-01 1.963372866161577246e+00 1.963395490097697094e+00 3.457541294118977593e+00 3.457551086951278219e+00 3.775317340372562835e+00 3.775366328556895024e+00 4.635018994917028401e+00 4.635028076001235675e+00 5.970826283616696095e+00 5.970843547184316868e+00 6.871802541365280348e+00 6.871826729602839912e+00 7.926990209568733015e+00 7.927105490446980873e+00 1.017644320277897485e+01 1.017644525717762782e+01 1.076258934364122055e+01 1.076259976732272428e+01 1.103562095359996498e+01 1.103562852554826890e+01 1.205739994851123065e+01 1.205742924229474333e+01 1.268074937130429447e+01 1.268076195481686064e+01 1.481389355415605102e+01 1.481393310790937257e+01 1.671862446973177541e+01 1.671863924462306272e+01 2.321662239706855146e+01 2.321664231216590224e+01
1.215815870568892204e-01 1.987679886914219374e+00 1.987701540309346315e+00 3.463005039182593947e+00 3.463015570402432797e+00 3.792097935951058929e+00 3.792145441344765722e+00 4.650973183609278472e+00 4.650981552666196173e+00 5.992434576716096473e+00 5.992452449019124217e+00 6.861382754848332155e+00 6.861412553855357643e+00 7.921843243274193647e+00 7.921970501076873283e+00 1.017905510247370238e+01 1.017905674719411202e+01 1.078823179588750136e+01 1.078824543674880942e+01 1.103929559924117321e+01 1.103930603182705639e+01 1.204638560125148850e+01 1.204641334077806647e+01 1.268634729980088238e+01 1.268635927718752932e+01 1.481103709579150163e+01 1.481107329115704196e+01 1.670081955430378429e+01 1.670083491135290998e+01 2.321953950124448696e+01 2.321956061982309194e+01
1.231013568951003362e-01 2.011139285801178733e+00 2.011160973102792404e+00 3.467770384575941556e+00 3.467781372648568894e+00 3.808340450486095818e+00 3.808387715286106534e+00 4.666283217789493065e+00 4.666291301158806526e+00 6.013410211111458459e+00 6.013429641930506442e+00 6.851010790019417485e+00 6.851046081189847925e+00 7.916977962283814563e+00 7.917123429712581206e+00 1.018118281566922079e+01 1.018118765003780979e+01 1.081279378272266634e+01 1.081281127159865640e+01 1.104343294612012016e+01 1.104344697389863761e+01 1.203512758086439760e+01 1.203515511292082785e+01 1.269217357568103743e+01 1.269218513536940662e+01 1.480834427031933487e+01 1.480837727250292879e+01 1.668358847193779226e+01 1.668360442256667042e+01 2.322232274823478804e+01 2.322234591592069464e+01
1.246211267333114520e-01 2.033712233069087105e+00 2.033735092047677995e+00 3.471909978344129399e+00 3.471921189483235803e+00 3.823981976595054899e+00 3.824030214778902259e+00 4.680936472138598425e+00 4.680944917275994044e+00 6.033729201309375512e+00 6.033750632651106116e+00 6.840716516342141951e+00 6.840756909060278446e+00 7.912389909695844992e+00 7.912556495455635996e+00 1.018290419727550322e+01 1.018291292720811470e+01 1.083606333093035623e+01 1.083608473901508340e+01 1.104811991296759643e+01 1.104813755778371842e+01 1.202372275635549492e+01 1.202375101651551148e+01 1.269815506964248542e+01 1.269816626934770554e+01 1.480581170117592293e+01 1.480584176250743056e+01 1.666696861212557934e+01 1.666698520909501369e+01 2.322497074331843692e+01 2.322499635519478645e+01
1.261408965715225816e-01 2.055359752320009559e+00 2.055384803694667362e+00 3.475489194447391572e+00 3.475500428544090692e+00 3.838968873636303680e+00 3.839019057512749633e+00 4.694919401805881520e+00 4.694928814533036565e+00 6.053365251877148800e+00 6.053388690700776564e+00 6.830531909094690768e+00 6.830576829994806864e+00 7.908074682870040562e+00 7.908262701422390073e+00 1.018428407231768595e+01 1.018429703647994344e+01 1.085783151910021616e+01 1.085785639469861508e+01 1.105345262627795400e+01 1.105347352324970345e+01 1.201226561895642675e+01 1.201229499666265887e+01 1.270422157638030036e+01 1.270423241084658450e+01 1.480343609153605300e+01 1.480346352302778001e+01 1.665099693611513487e+01 1.665101424730672619e+01 2.322748219728084962e+01 2.322751027635201027e+01
1.276606664097336696e-01 2.076042817848406052e+00 2.076070778567723263e+00 3.478567121590658395e+00 3.478578202258296947e+00 3.853255628441471181e+00 3.853308353432378652e+00 4.708217683207092108e+00 4.708228435093728237e+00 6.072289327592998553e+00 6.072314475324795957e+00 6.820491415484805309e+00 6.820540159150731085e+00 7.904027946992330023e+00 7.904235885383678273e+00 1.018537742419795933e+01 1.018539476639171504e+01 1.087789940933565624e+01 1.087792682829230628e+01 1.105952735246319563e+01 1.105955090042825439e+01 1.200084800307674726e+01 1.200087841318795157e+01 1.271030617338684543e+01 1.271031664573440167e+01 1.480121425469048901e+01 1.480123938823881602e+01 1.663570982890251315e+01 1.663572790656409950e+01 2.322985590673804879e+01 2.322988620977332275e+01
1.291804362479447854e-01 2.095722445855837890e+00 2.095753670878474306e+00 3.481197465597469343e+00 3.481208234282306080e+00 3.866803755330894266e+00 3.866859202253466687e+00 4.720816315691235943e+00 4.720828524038397589e+00 6.090469238143700892e+00 6.090495600363183826e+00 6.810632342391710559e+00 6.810684107428317979e+00 7.900245561320468290e+00 7.900470635264311703e+00 1.018623114942012187e+01 1.018625282457320047e+01 1.089609288114048091e+01 1.089612154120653464e+01 1.106642375790005950e+01 1.106644925374301458e+01 1.198955904524113514e+01 1.198959007814236344e+01 1.271634544058954042e+01 1.271635561423153504e+01 1.479914313795689651e+01 1.479916628499198517e+01 1.662114293938322973e+01 1.662116179210019240e+01 2.323209075706358107e+01 2.323212286171946417e+01
1.307002060861559012e-01 2.114359837023612521e+00 2.114394342171002084e+00 3.483429323489815488e+00 3.483439637064824179e+00 3.879580801556998804e+00 3.879638767444288927e+00 4.732699779881047952e+00 4.732713366652404829e+00 6.107869215065658608e+00 6.107896183785209487e+00 6.800995260540509513e+00 6.801049179391874588e+00 7.896723673207506344e+00 7.896962215153526365e+00 1.018688542950474485e+01 1.018691120310053400e+01 1.091228503119965509e+01 1.091231341927337262e+01 1.107418086692233672e+01 1.107420766941029022e+01 1.197848529753343172e+01 1.197851636274685028e+01 1.272227958615071586e+01 1.272228960157145217e+01 1.479721983894005533e+01 1.479724125412600166e+01 1.660733101045169491e+01 1.660735058325077773e+01 2.323418572669949356e+01 2.323421909635873916e+01
1.322199759243670170e-01 2.131916575405048864e+00 2.131954085417394840e+00 3.485307814857355080e+00 3.485317545840783016e+00 3.891559477288538016e+00 3.891619438062368097e+00 4.743852241610788667e+00 4.743866994716767316e+00 6.124449493401676214e+00 6.124476410387458714e+00 6.791624406676724846e+00 6.791679571839026153e+00 7.893458768427088046e+00 7.893706514503249672e+00 1.018737483806899213e+01 1.018740429067295317e+01 1.092642085624900794e+01 1.092644748381103348e+01 1.108277103246566675e+01 1.108279872002111688e+01 1.196771090804239890e+01 1.196774134653099075e+01 1.272805251346737165e+01 1.272806256177873863e+01 1.479544161452684747e+01 1.479546147286343860e+01 1.659430770183968207e+01 1.659432786650452130e+01 2.323613988807128905e+01 2.323617392052215180e+01
1.337397457625781327e-01 2.148354867797510614e+00 2.148394865303959289e+00 3.486874571878169071e+00 3.486883610334515549e+00 3.902716903785129254e+00 3.902778085336803038e+00 4.754257769142831158e+00 4.754273388576046422e+00 6.140165930411533246e+00 6.140192138484161788e+00 6.782568052396478642e+00 6.782623539498131571e+00 7.890447691086241555e+00 7.890700008856317282e+00 1.018772923086745053e+01 1.018776176971791791e+01 1.093853385216558038e+01 1.093855750440541108e+01 1.109208232309313047e+01 1.109211074848734491e+01 1.195731780187295001e+01 1.195734696771459227e+01 1.273361184951201430e+01 1.273362211268074873e+01 1.479380588494650972e+01 1.479382427654643095e+01 1.658210540849453807e+01 1.658212596338043809e+01 2.323795240560098563e+01 2.323798647083955871e+01
1.352595156007892485e-01 2.163637812754644063e+00 2.163679583481319391e+00 3.488168097784226429e+00 3.488176354012863634e+00 3.913033966075202930e+00 3.913095413275032186e+00 4.763900550745909790e+00 4.763916682059287311e+00 6.154969708779894688e+00 6.154994594574052513e+00 6.773878793410958998e+00 6.773933680900971588e+00 7.887687644361600192e+00 7.887939722888854810e+00 1.018797445824900372e+01 1.018800933608156001e+01 1.094874443542331299e+01 1.094876435033441098e+01 1.110191941343427935e+01 1.110194858425935571e+01 1.194738580888848567e+01 1.194741312610473649e+01 1.273890894523730566e+01 1.273891953262736187e+01 1.479231023606036288e+01 1.479232717717126100e+01 1.657075507687059712e+01 1.657077575411481973e+01 2.323962253199651684e+01 2.323965600225144357e+01
1.367792854390003643e-01 2.177729694028374574e+00 2.177772369590462276e+00 3.489224007669357253e+00 3.489231414910370699e+00 3.922494756451287312e+00 3.922555396566489883e+00 4.772765108749670304e+00 4.772781368154943138e+00 6.168807187994384655e+00 6.168830217288718387e+00 6.765613695888042400e+00 6.765667081037065600e+00 7.885176179036843536e+00 7.885423191157501677e+00 1.018813293340956605e+01 1.018816927400238015e+01 1.095723842111601343e+01 1.095725434137530385e+01 1.111202466464660432e+01 1.111205451455731463e+01 1.193799268901129906e+01 1.193801768853899681e+01 1.274389886222878587e+01 1.274390977182362050e+01 1.479095242224794404e+01 1.479096787699039695e+01 1.656028602119813797e+01 1.656030649897389750e+01 2.324114960368637384e+01 2.324118187721626327e+01
1.382990552772114801e-01 2.190596294678504474e+00 2.190638894792910296e+00 3.490075167278728685e+00 3.490081683821448788e+00 3.931086096728509283e+00 3.931144796389001606e+00 4.780836507820295900e+00 4.780852501721966519e+00 6.181619984978802940e+00 6.181640730408546780e+00 6.757834218372932966e+00 6.757885229639128966e+00 7.882911174060742709e+00 7.883148414993522479e+00 1.018822408420653680e+01 1.018826091371756526e+01 1.096423435458809692e+01 1.096424646008087933e+01 1.112211052834947367e+01 1.112214073949544435e+01 1.192921400849985858e+01 1.192923634886720130e+01 1.274854036404297553e+01 1.274855147577298098e+01 1.478973037074284136e+01 1.478974427696179639e+01 1.655072574175542499e+01 1.655074565952298116e+01 2.324253303592971065e+01 2.324256355529356455e+01
1.398188251154225958e-01 2.202205227342147964e+00 2.202246702436197801e+00 3.490751745971127029e+00 3.490757356206253270e+00 3.938797128925738633e+00 3.938852744490517477e+00 4.788100555151692639e+00 4.788115895717426795e+00 6.193345380638564102e+00 6.193363541000051598e+00 6.750605811778513932e+00 6.750653618137308243e+00 7.880890811837419463e+00 7.881113815727621486e+00 1.018826471130544142e+01 1.018830099416620527e+01 1.096995232788781394e+01 1.096996110448053408e+01 1.113189066892404533e+01 1.113192063618884653e+01 1.192112282504055720e+01 1.192114229936952796e+01 1.275279592424248598e+01 1.275280701626394553e+01 1.478864218714896062e+01 1.478865448091842438e+01 1.654209974730515498e+01 1.654211872245327442e+01 2.324377231789934228e+01 2.324380058302695673e+01
1.413385949536337116e-01 2.212526274731277276e+00 2.212565549022151412e+00 3.491281200066265189e+00 3.491285914153637204e+00 3.945618965612953666e+00 3.945670386889882142e+00 4.794543990137071887e+00 4.794558307823629129e+00 6.203917157148669759e+00 6.203932567325585623e+00 6.743997091554914114e+00 6.744040909966660280e+00 7.879113550163469704e+00 7.879318185383399786e+00 1.018826927115351921e+01 1.018830394905643821e+01 1.097459247495521950e+01 1.097459857683856654e+01 1.114110168353000141e+01 1.114113058920619004e+01 1.191378914841797432e+01 1.191380567988358230e+01 1.275663175306853603e+01 1.275664252919010622e+01 1.478768616148929027e+01 1.478769679667104242e+01 1.653443138403385149e+01 1.653444902870156596e+01 2.324486700789167770e+01 2.324489258420275206e+01
1.428583647918448274e-01 2.221531732939990178e+00 2.221567747391580028e+00 3.491688202584408263e+00 3.491692054499037301e+00 3.951544392619754209e+00 3.951590579922989122e+00 4.800154661103504417e+00 4.800167614713048536e+00 6.213266963586109526e+00 6.213279594189599742e+00 6.738078483367047511e+00 6.738117585969798817e+00 7.877578092309684976e+00 7.877760636477572298e+00 1.018825009870215226e+01 1.018828213106545277e+01 1.097832448881575296e+01 1.097832862313160263e+01 1.114951411449283469e+01 1.114954104104966959e+01 1.190727915902061262e+01 1.190729278662483459e+01 1.276001783920763089e+01 1.276002795963178649e+01 1.478686077423384582e+01 1.478686973510907521e+01 1.652774167346960610e+01 1.652775761065596427e+01 2.324581672873038229e+01 2.324583925065222800e+01
1.443781346300559432e-01 2.229196748848006226e+00 2.229228502974800907e+00 3.491994535049644188e+00 3.491997578810281944e+00 3.956567618111681561e+00 3.956607632756727444e+00 4.804921686829720429e+00 4.804932971502675620e+00 6.221326275445127507e+00 6.221336221404688338e+00 6.732920275846753455e+00 6.732953998521936434e+00 7.876283356527212121e+00 7.876440552777299153e+00 1.018821758185124438e+01 1.018824598606795639e+01 1.098128533843462940e+01 1.098128816580608635e+01 1.115693556598321301e+01 1.115695959892291533e+01 1.190165418962535426e+01 1.190166504591279484e+01 1.276292800176385178e+01 1.276293711314305135e+01 1.478616470197227351e+01 1.478617200808540488e+01 1.652204916191455197e+01 1.652206304023633621e+01 2.324662116337660578e+01 2.324664033381442252e+01
1.458979044682670312e-01 2.235499641949968197e+00 2.235526233187589362e+00 3.492218956529019813e+00 3.492221260422131657e+00 3.960684063203724570e+00 3.960717091736016382e+00 4.808835600780584585e+00 4.808844954245615533e+00 6.228028948661471276e+00 6.228036406075444731e+00 6.728590079233806698e+00 6.728617832764597573e+00 7.875228446152514827e+00 7.875357542879755535e+00 1.018818029716256035e+01 1.018820418693934649e+01 1.098358152736076931e+01 1.098358355476906034e+01 1.116320953282324879e+01 1.116322983698509042e+01 1.189696950624191629e+01 1.189697778834840847e+01 1.276533994760296054e+01 1.276534771051392880e+01 1.478559682253698426e+01 1.478560252566680155e+01 1.651736978390541921e+01 1.651738129056870363e+01 2.324728005073332682e+01 2.324729563729545134e+01
1.474176743064781470e-01 2.240422200436454236e+00 2.240442859698061451e+00 3.492377064300018930e+00 3.492378702958965242e+00 3.963890190294584670e+00 3.963915562966404682e+00 4.811888476246803492e+00 4.811895683597131601e+00 6.233314269356954540e+00 6.233319499885817905e+00 6.725149788494998226e+00 6.725171072614869239e+00 7.874412621441607030e+00 7.874511398341387469e+00 1.018814511438745996e+01 1.018816373455349478e+01 1.098529308035534768e+01 1.098529457817581978e+01 1.116821264382792833e+01 1.116822851352379686e+01 1.189327295832186948e+01 1.189327889366951396e+01 1.276723532949951512e+01 1.276724144235674530e+01 1.478515621937184932e+01 1.478516039327813125e+01 1.651371674210588836e+01 1.651372561382599713e+01 2.324779318162805097e+01 2.324780501064729421e+01
1.489374441446892627e-01 2.243949941392807013e+00 2.243964063455032409e+00 3.492481159333266305e+00 3.492482203792480089e+00 3.966183366182375103e+00 3.966200570370848055e+00 4.814074030855818087e+00 4.814078928080852471e+00 6.237130277154777858e+00 6.237133559696449225e+00 6.722652272865014211e+00 6.722666692258978394e+00 7.873835274252956040e+00 7.873902057829638146e+00 1.018811727568595593e+01 1.018813003199783118e+01 1.098647760340202773e+01 1.098647863521145851e+01 1.117185183621650779e+01 1.117186272522021007e+01 1.189060360167685815e+01 1.189060741013440570e+01 1.276859980084411816e+01 1.276860401965037894e+01 1.478484218478053158e+01 1.478484490936632234e+01 1.651110040584351424e+01 1.651110643758088870e+01 2.324816039498005793e+01 2.324816834454638936e+01
1.504572139829003785e-01 2.246072325627524346e+00 2.246079493120936910e+00 3.492540128024728130e+00 3.492540634591336790e+00 3.967561757779120679e+00 3.967570447123511368e+00 4.815387709206538247e+00 4.815390185668172229e+00 6.239437018934659740e+00 6.239438591164728543e+00 6.721138133603358433e+00 6.721145413741836272e+00 7.873495906693245061e+00 7.873529578426705200e+00 1.018810045400338460e+01 1.018810693668195633e+01 1.098717370393779369e+01 1.098717423798374782e+01 1.117406210373344244e+01 1.117406764160751287e+01 1.188899042139567186e+01 1.188899227731029207e+01 1.276942306312302300e+01 1.276942521663403873e+01 1.478465422147018415e+01 1.478465556437094897e+01 1.650952823023545335e+01 1.650953128170973017e+01 2.324838157420491314e+01 2.324838556748204610e+01
1.519769838211114943e-01 2.246782918897315184e+00 2.246782918897360926e+00 3.492559349385353507e+00 3.492559349385368161e+00 3.968024258894267131e+00 3.968024258894278677e+00 4.815826742667979055e+00 4.815826742667991489e+00 6.240209310835249212e+00 6.240209310835271417e+00 6.720632948276115570e+00 6.720632948276120899e+00 7.873394114819365797e+00 7.873394114819433298e+00 1.018809679385373457e+01 1.018809679385375944e+01 1.098740351764381096e+01 1.098740351764381806e+01 1.117480497123023397e+01 1.117480497123025351e+01 1.188845128939447271e+01 1.188845128939447804e+01 1.276969890300381216e+01 1.276969890300382282e+01 1.478459204177095465e+01 1.478459204177095465e+01 1.650900469750747845e+01 1.650900469750748911e+01 2.324845664396976730e+01 2.324845664396977796e+01
1.519769838211114943e-01 2.246782918897315184e+00 2.246782918897360926e+00 3.492559349385353507e+00 3.492559349385368161e+00 3.968024258894267131e+00 3.968024258894278677e+00 4.815826742667979055e+00 4.815826742667991489e+00 6.240209310835249212e+00 6.240209310835271417e+00 6.720632948276115570e+00 6.720632948276120899e+00 7.873394114819365797e+00 7.873394114819433298e+00 1.018809679385373457e+01 1.018809679385375944e+01 1.098740351764381096e+01 1.098740351764381806e+01 1.117480497123023397e+01 1.117480497123025351e+01 1.188845128939447271e+01 1.188845128939447804e+01 1.276969890300381216e+01 1.276969890300382282e+01 1.478459204177095465e+01 1.478459204177095465e+01 1.650900469750747845e+01 1.650900469750748911e+01 2.324845664396976730e+01 2.324845664396977796e+01
1.529002596955323368e-01 2.246840730129051611e+00 2.246842039085124920e+00 3.492569687857840055e+00 3.492573236592337427e+00 3.968213785854505904e+00 3.968214336443936396e+00 4.815799955815894151e+00 4.815805037781975884e+00 6.240200707918162060e+00 6.240202064282660110e+00 6.720610101987412044e+00 6.720611884475790276e+00 7.873269190384990068e+00 7.873272310382903427e+00 1.018821297431526496e+01 1.018821703524678490e+01 1.098736728982758670e+01 1.098737020510709428e+01 1.117475176873940867e+01 1.117475469479398775e+01 1.188847522361393594e+01 1.188847536872256150e+01 1.276971441381945027e+01 1.276971999857358853e+01 1.478458862680184360e+01 1.478458994214495625e+01 1.650900001467401168e+01 1.650900194260463039e+01 2.324844296889717654e+01 2.324844386606700652e+01
1.538235355699531792e-01 2.247015220702492044e+00 2.247017831426228796e+00 3.492604191479594888e+00 3.492611223299787682e+00 3.968782496838239915e+00 3.968783642108510090e+00 4.815724737073070472e+00 4.815734829243848658e+00 6.240176297998605293e+00 6.240178978413985611e+00 6.720543433781265286e+00 6.720546977419772361e+00 7.872898106029374787e+00 7.872904294554379234e+00 1.018856520331831383e+01 1.018857325869849539e+01 1.098726152988348836e+01 1.098726731197252526e+01 1.117459537767199862e+01 1.117460117661937957e+01 1.188854705089256925e+01 1.188854733764301486e+01 1.276976651137706931e+01 1.276977758822546249e+01 1.478457971836556517e+01 1.478458233308203340e+01 1.650898791621518313e+01 1.650899174009685311e+01 2.324840286241687082e+01 2.324840464205994905e+01
1.547468114443740217e-01 2.247305629918566972e+00 2.247309526907471877e+00 3.492662613657278037e+00 3.492672998771201520e+00 3.969729178064444142e+00 3.969730995690501363e+00 4.815601194440437105e+00 4.815616154080337274e+00 6.240136175476393987e+00 6.240140116226965183e+00 6.720433187376120721e+00 6.720438449393156155e+00 7.872282513723228625e+00 7.872291668814575871e+00 1.018915229544648682e+01 1.018916421350997226e+01 1.098708621480007253e+01 1.098709476757997017e+01 1.117433661352170482e+01 1.117434518022470336e+01 1.188866640712281963e+01 1.188866682870812497e+01 1.276985504351181788e+01 1.276987142878722636e+01 1.478456536382086739e+01 1.478456924598594924e+01 1.650896843618096099e+01 1.650897409262081794e+01 2.324833637439811795e+01 2.324833900737387538e+01
1.556700873187948642e-01 2.247710695384604662e+00 2.247715852738326081e+00 3.492744525162420288e+00 3.492758072600689268e+00 3.971051820308302727e+00 3.971054405449868874e+00 4.815429485521355524e+00 4.815449100493401247e+00 6.240080485544933886e+00 6.240085593312718615e+00 6.720279763543199891e+00 6.720286679574349442e+00 7.871425139256045256e+00 7.871437110398229464e+00 1.018997225738935342e+01 1.018998784346076825e+01 1.098684129351189576e+01 1.098685247484624128e+01 1.117397681094554862e+01 1.117398799062974923e+01 1.188883268716826791e+01 1.188883323368881406e+01 1.276997972548100968e+01 1.277000114778135398e+01 1.478454563660001497e+01 1.478455073837522527e+01 1.650894162022215284e+01 1.650894901553578009e+01 2.324824358285512105e+01 2.324824702607964610e+01
1.565933631932157066e-01 2.248228663990132326e+00 2.248235042673049744e+00 3.492849320251088407e+00 3.492865782203939506e+00 3.972747610925812189e+00 3.972751059972139842e+00 4.815209820201632240e+00 4.815233811322268132e+00 6.240009422622089907e+00 6.240015577128824376e+00 6.720083722535011184e+00 6.720092206457883854e+00 7.870329767329926618e+00 7.870344358289841580e+00 1.019102229530451531e+01 1.019104129528755109e+01 1.098652669250257397e+01 1.098654031665461694e+01 1.117351781423161583e+01 1.117353140590727634e+01 1.188904504918628113e+01 1.188904570800675309e+01 1.277014014043828105e+01 1.277016624545489343e+01 1.478452063594455268e+01 1.478452689366763373e+01 1.650890752522350979e+01 1.650891653709089368e+01 2.324812459377226759e+01 2.324812879095799190e+01
1.575166390676365491e-01 2.248857306741682383e+00 2.248864851581021895e+00 3.492976225313313865e+00 3.492995302709791527e+00 3.974812921594781390e+00 3.974817318652116960e+00 4.814942464563840119e+00 4.814970488733878895e+00 6.239923228376811792e+00 6.239930285800088683e+00 6.719845787379121305e+00 6.719855731223547401e+00 7.869001221089544806e+00 7.869018193579747411e+00 1.019229882523915975e+01 1.019232093014145768e+01 1.098614232385765277e+01 1.098615816465955852e+01 1.117296196425510146e+01 1.117297772512396925e+01 1.188930242062594367e+01 1.188930317682530635e+01 1.277033574044802755e+01 1.277036609725502991e+01 1.478449048652936426e+01 1.478449782088418196e+01 1.650886621891431716e+01 1.650887669853851136e+01 2.324797954091283714e+01 2.324798442353401029e+01
1.584399149420573916e-01 2.249593937242843733e+00 2.249602574076583927e+00 3.493124309824720441e+00 3.493145658990256308e+00 3.977243293297687554e+00 3.977248700012164129e+00 4.814627746039369605e+00 4.814659400141977130e+00 6.239822189381952988e+00 6.239829986457011479e+00 6.719566847965247725e+00 6.719578121995016140e+00 7.867445336275332046e+00 7.867464414346668988e+00 1.019379748647836159e+01 1.019382233786888570e+01 1.098568809580151751e+01 1.098570589052940250e+01 1.117231208197403802e+01 1.117232973269482876e+01 1.188960350582178371e+01 1.188960434271564459e+01 1.277056584804585704e+01 1.277059995672779280e+01 1.478445533797235889e+01 1.478446365427625686e+01 1.650881777946271001e+01 1.650882955419046283e+01 2.324780858561145180e+01 2.324781407407803258e+01
1.593631908164782340e-01 2.250435433581960520e+00 2.250445066941721972e+00 3.493292499317772748e+00 3.493315739517818042e+00 3.980033419499653391e+00 3.980039867817386057e+00 4.814266059801616926e+00 4.814300885354201753e+00 6.239706634428813459e+00 6.239714993128534282e+00 6.719247965839310055e+00 6.719260418908121757e+00 7.865668930230357070e+00 7.865689805280165814e+00 1.019551315765145816e+01 1.019554035392807911e+01 1.098516392575212386e+01 1.098518337964979352e+01 1.117157144852850692e+01 1.117159067919207871e+01 1.188994679508380692e+01 1.188994769479502089e+01 1.277082965834811823e+01 1.277086695881754963e+01 1.478441536422803715e+01 1.478442455287741808e+01 1.650876229506045334e+01 1.650877517141519135e+01 2.324761191655107595e+01 2.324761792157000784e+01
1.602864666908990765e-01 2.251378263363096988e+00 2.251388775008956067e+00 3.493479590044159533e+00 3.493504311700580622e+00 3.983177128126426769e+00 3.983184615442324272e+00 4.813857876402198421e+00 4.813895364943853394e+00 6.239576931542089255e+00 6.239585664211222849e+00 6.718890379604295582e+00 6.718903839886357865e+00 7.863679766030964302e+00 7.863702102300116792e+00 1.019743997539655211e+01 1.019746907872670683e+01 1.098456975592132245e+01 1.098459054730462725e+01 1.117074378202191909e+01 1.117076425866980394e+01 1.189033057516633107e+01 1.189033151921744214e+01 1.277112624170911737e+01 1.277116612354365266e+01 1.478437076286543750e+01 1.478438069998049365e+01 1.650869986350385688e+01 1.650871363057411045e+01 2.324738974952378712e+01 2.324739617362335409e+01
1.612097425653199190e-01 2.252418511587575445e+00 2.252429760120161273e+00 3.493684264968194508e+00 3.493710038321983458e+00 3.986667362864151798e+00 3.986675849138012762e+00 4.813403750649947632e+00 4.813443349839756635e+00 6.239433484737637592e+00 6.239442399543118078e+00 6.718495510813236038e+00 6.718509786998073885e+00 7.861486512046599984e+00 7.861509952470545848e+00 1.019957135535759285e+01 1.019960189914458581e+01 1.098390557147510549e+01 1.098392735733840553e+01 1.116983321108165050e+01 1.116985458259019914e+01 1.189075294098288360e+01 1.189075391088268852e+01 1.277145454692134052e+01 1.277149636003109912e+01 1.478432175423247230e+01 1.478433230253882336e+01 1.650863059177718384e+01 1.650864502489688945e+01 2.324714232717516182e+01 2.324714906636505063e+01
1.621330184397407614e-01 2.253551911061411506e+00 2.253563732738085967e+00 3.493905110711303941e+00 3.493931494700310392e+00 3.990496164333536822e+00 3.990505570897020515e+00 4.812904331728040219e+00 4.812945452121900836e+00 6.239276730567700824e+00 6.239285637115608907e+00 6.718064970225388954e+00 6.718079853248302591e+00 7.859098697264659705e+00 7.859122869540577483e+00 1.020190001526906265e+01 1.020193151199079651e+01 1.098317142124603407e+01 1.098319384328207704e+01 1.116884424531877329e+01 1.116886615046608355e+01 1.189121180842239056e+01 1.189121278621870736e+01 1.277181340494982997e+01 1.277185647087199172e+01 1.478426858051054005e+01 1.478427959048947926e+01 1.650855459564369809e+01 1.650856946029583483e+01 2.324686991873108255e+01 2.324687686426869959e+01
1.630562943141616039e-01 2.254773874976820913e+00 2.254786085762634951e+00 3.494140635062471745e+00 3.494167186186017737e+00 3.994654651738128948e+00 3.994664861612059692e+00 4.812360374538949159e+00 4.812402397003682886e+00 6.239107134500128105e+00 6.239115849461793317e+00 6.717600564281448250e+00 6.717615829636868874e+00 7.856526662741832645e+00 7.856551185475881383e+00 1.020441799987078113e+01 1.020444994913673220e+01 1.098236744095919981e+01 1.098239013189417612e+01 1.116778174283471259e+01 1.116780381736892203e+01 1.189170492811244983e+01 1.189170589688411184e+01 1.277220153318808471e+01 1.277224515679525574e+01 1.478421150466482281e+01 1.478422281599521249e+01 1.650847199924944775e+01 1.650848705512066061e+01 2.324657281970580414e+01 2.324657985993731657e+01
1.639795701885824464e-01 2.256079531288554652e+00 2.256091930087535946e+00 3.494389284676225227e+00 3.494415565629067633e+00 3.999133005617641956e+00 3.999143865207033244e+00 4.811772752258623775e+00 4.811815035971973131e+00 6.238925187179272136e+00 6.238933539764007108e+00 6.717104301638362251e+00 6.717119712294902456e+00 7.853781509564425889e+00 7.853805998369867147e+00 1.020711670739019183e+01 1.020714860406578950e+01 1.098149387889156259e+01 1.098151646902834599e+01 1.116665087495579378e+01 1.116667275849100172e+01 1.189222989997025515e+01 1.189223084423323407e+01 1.277261754021902540e+01 1.277266102162261596e+01 1.478415080929709546e+01 1.478416225260135697e+01 1.650838293474385665e+01 1.650839793985549520e+01 2.324625135158927236e+01 2.324625837383280214e+01
1.649028460630032888e-01 2.257463758487879169e+00 2.257476131428068911e+00 3.494649462598892420e+00 3.494675050474143063e+00 4.003920452346076964e+00 4.003931774395152132e+00 4.811142470069945887e+00 4.811184361043959079e+00 6.238731400616804201e+00 6.238739237727219944e+00 6.716578399588629900e+00 6.716593709493738018e+00 7.850875043715942248e+00 7.850899117144273909e+00 1.020998691733147190e+01 1.021001825958640552e+01 1.098055112383329224e+01 1.098057324768795517e+01 1.116545708841611528e+01 1.116547843099568382e+01 1.189278418837800722e+01 1.189278509438364395e+01 1.277305993106100601e+01 1.277310257749000399e+01 1.478408679540886972e+01 1.478409819430355121e+01 1.650828754192074754e+01 1.650830225676081398e+01 2.324590586151235172e+01 2.324591275395004075e+01
1.658261219374241313e-01 2.258921222363362791e+00 2.258933347952021720e+00 3.494919545293214025e+00 3.494944039176850481e+00 4.009005251004189141e+00 4.009016818689136841e+00 4.810470680031945001e+00 4.810511520084997272e+00 6.238526304360473063e+00 6.238533495267780005e+00 6.716025290173607942e+00 6.716040248303993820e+00 7.847819718261666466e+00 7.847843003463918166e+00 1.021301881932089550e+01 1.021304911646859992e+01 1.097953973515800996e+01 1.097956103806812855e+01 1.116420606525424297e+01 1.116422653343988891e+01 1.189336513782065019e+01 1.189336599372827408e+01 1.277352711287503695e+01 1.277356825031418097e+01 1.478401978108370685e+01 1.478403095452235760e+01 1.650818596788250048e+01 1.650820015946377595e+01 2.324553672188766029e+01 2.324554337543329297e+01
1.667493978118449738e-01 2.260446413332384719e+00 2.260458068256135267e+00 3.495197898868775521e+00 3.495220926675433937e+00 4.014374683230985674e+00 4.014386255253306501e+00 4.809758697022603613e+00 4.809797833112679832e+00 6.238310441688638797e+00 6.238316882069275593e+00 6.715447625785176733e+00 6.715461980668338882e+00 7.844628573267052651e+00 7.844650711300547918e+00 1.021620204277473043e+01 1.021623082278368244e+01 1.097846047473831099e+01 1.097848061931645702e+01 1.116290368073975259e+01 1.116292296310768606e+01 1.189396998882559586e+01 1.189397078473770542e+01 1.277401740110667916e+01 1.277405638548599498e+01 1.478395010009794319e+01 1.478396086498132789e+01 1.650807836672894169e+01 1.650809181250058444e+01 2.324514433002389069e+01 2.324515064013344912e+01
1.676726736862658163e-01 2.262033683929856043e+00 2.262044649246750971e+00 3.495482894269692498e+00 3.495504118699548357e+00 4.020015046623462318e+00 4.020026363147923831e+00 4.809008015671632386e+00 4.809044809490079508e+00 6.238084365877867299e+00 6.238089981057862943e+00 6.714848284036259329e+00 6.714861788639954199e+00 7.841315173869624289e+00 7.841335824585542902e+00 1.021952568718037568e+01 1.021955250375315138e+01 1.097731434036394660e+01 1.097733301266667105e+01 1.116155595969962100e+01 1.116157377165089670e+01 1.189459589404937212e+01 1.189459662190542844e+01 1.277452902603250706e+01 1.277456525377213126e+01 1.478387810046957540e+01 1.478388827448588572e+01 1.650796489927209976e+01 1.650797739081547633e+01 2.324472910771174128e+01 2.324473497610538431e+01
1.685959495606866587e-01 2.263677286049394777e+00 2.263687353506624422e+00 3.495772921218744500e+00 3.495792044747076055e+00 4.025911652212434078e+00 4.025922441474510727e+00 4.808220328172216007e+00 4.808254165884001452e+00 6.237848636591365015e+00 6.237853383848068312e+00 6.714230371667903263e+00 6.714242788529404038e+00 7.837893546923526245e+00 7.837912393391455623e+00 1.022297835281237255e+01 1.022300279194453232e+01 1.097610260023584416e+01 1.097611951551768072e+01 1.116016903167151142e+01 1.116018511949130776e+01 1.189523993436275084e+01 1.189524058769803361e+01 1.277506013967902554e+01 1.277509305740906242e+01 1.478380414295488698e+01 1.478381354760138322e+01 1.650784573277659462e+01 1.650785707922092271e+01 2.324429150077932249e+01 2.324429683704510907e+01
1.695192254351075012e-01 2.265371407548362637e+00 2.265380385758056558e+00 3.496066400766801419e+00 3.496083169609882191e+00 4.032048826498154881e+00 4.032058811889376315e+00 4.807397542828850234e+00 4.807427844832298014e+00 6.237603816438942239e+00 6.237607686205288715e+00 6.713597227250324373e+00 6.713608333697120401e+00 7.834378116631728339e+00 7.834394869077890178e+00 1.022654817174219488e+01 1.022656985768947280e+01 1.097482682802178644e+01 1.097484173594587276e+01 1.115874908536685872e+01 1.115876322949532984e+01 1.189589913479425931e+01 1.189589970838309441e+01 1.277560882307930079e+01 1.277563793637327016e+01 1.478372859950269813e+01 1.478373706323033687e+01 1.650772104072489199e+01 1.650773107182406818e+01 2.324383197861492434e+01 2.324383670166690052e+01
1.704425013095283437e-01 2.267110207850695502e+00 2.267117928066917809e+00 3.496361796345440975e+00 3.496376003377528630e+00 4.038409918485755590e+00 4.038418825913181465e+00 4.806541803160236270e+00 4.806568033726876799e+00 6.237350467767812212e+00 6.237353483558801592e+00 6.712952422427259869e+00 6.712962015726115617e+00 7.830783639573657418e+00 7.830798038828246099e+00 1.023022283904332852e+01 1.023024143964113541e+01 1.097348893787270718e+01 1.097350162705502186e+01 1.115730232297930513e+01 1.115731434048362480e+01 1.189657048020240460e+01 1.189657096961956917e+01 1.277617309383082755e+01 1.277619797481310115e+01 1.478365185167536744e+01 1.478365921308997599e+01 1.650759100260529522e+01 1.650759957142437528e+01 2.324335103365597988e+01 2.324335507302198423e+01
1.713657771839491861e-01 2.268887852208384626e+00 2.268894173469487185e+00 3.496657623268486947e+00 3.496669109893950633e+00 4.044977312120970225e+00 4.044984877430344739e+00 4.805655507331937137e+00 4.805677183975809896e+00 6.237089149766337215e+00 6.237091366572090401e+00 6.712299761448477398e+00 6.712307663711516881e+00 7.827125139526105890e+00 7.827136959991145559e+00 1.023398964414059620e+01 1.023400487543404935e+01 1.097209121871657800e+01 1.097210152048972809e+01 1.115583491491997492e+01 1.115584466118155582e+01 1.189725093055919558e+01 1.189725133170728100e+01 1.277675091391697215e+01 1.277677120762839458e+01 1.478357428904572757e+01 1.478358040009323737e+01 1.650745580372050370e+01 1.650746278888800944e+01 2.324284918084207874e+01 2.324285247776002805e+01
1.722890530583700286e-01 2.270698544315204348e+00 2.270703357745100348e+00 3.496952456671031495e+00 3.496961113681914757e+00 4.051732444492666119e+00 4.051738420744359637e+00 4.804741327642694237e+00 4.804758030058835949e+00 6.236820416018017177e+00 6.236821916716566605e+00 6.711643278734609197e+00 6.711649341409488656e+00 7.823417842462516703e+00 7.823426894623850103e+00 1.023783550230411876e+01 1.023784713245896150e+01 1.097063636707332357e+01 1.097064415836899443e+01 1.115435295559531781e+01 1.115436032524735666e+01 1.189793743574263196e+01 1.189793774440282093e+01 1.277734019775289021e+01 1.277735562718435958e+01 1.478349630757828415e+01 1.478350103663782988e+01 1.650731563501275190e+01 1.650732094250352233e+01 2.324232695703157958e+01 2.324232946533641098e+01
1.732123289327908711e-01 2.272536557002212909e+00 2.272539789101575280e+00 3.497244937914183005e+00 3.497250705386760750e+00 4.058655830143680809e+00 4.058659994536405691e+00 4.803802229730341544e+00 4.803813608134437807e+00 6.236544812768398671e+00 6.236545701662707941e+00 6.710987234222402620e+00 6.710991341999414495e+00 7.819677112100293037e+00 7.819683244614900275e+00 1.024174698634242375e+01 1.024175483881693971e+01 1.096912751757436766e+01 1.096913272284058927e+01 1.115286242086354029e+01 1.115286734803065194e+01 1.189862694975281876e+01 1.189862716121825770e+01 1.277793882041668994e+01 1.277794919014699637e+01 1.478341830800253121e+01 1.478342154280977638e+01 1.650717069290195482e+01 1.650717425732443644e+01 2.324178492038068100e+01 2.324178660716814449e+01
1.741356048072117135e-01 2.274396260783651869e+00 2.274397875583960005e+00 3.497533779516791785e+00 3.497536645819455003e+00 4.065727091814832050e+00 4.065729252064628874e+00 4.802841491098936544e+00 4.802847273794896843e+00 6.236262878413436184e+00 6.236263270049590801e+00 6.710336106247484445e+00 6.710338180229327598e+00 7.815918386348001512e+00 7.815921487740514095e+00 1.024571035860489943e+01 1.024571431457010817e+01 1.096756827032756121e+01 1.096757086241834500e+01 1.115136912780710965e+01 1.115137158571072540e+01 1.189931644428502722e+01 1.189931655312715542e+01 1.277854462602609154e+01 1.277854982442722331e+01 1.478334069418563423e+01 1.478334234450960771e+01 1.650702117913205313e+01 1.650702296450309703e+01 2.324122364968465604e+01 2.324122449574232263e+01
1.750588806816325560e-01 2.276272150063017641e+00 2.276272150063022970e+00 3.497817768702727204e+00 3.497817768702731644e+00 4.072924997942116931e+00 4.072924997942153347e+00 4.801862718497567961e+00 4.801862718497597271e+00 6.235975144951471094e+00 6.235975144951510174e+00 6.709694581736771468e+00 6.709694581736772356e+00 7.812157114983525830e+00 7.812157114983575568e+00 1.024971160346057175e+01 1.024971160346059307e+01 1.096596271424633784e+01 1.096596271424634672e+01 1.114987869743985627e+01 1.114987869743986515e+01 1.190000292161060891e+01 1.190000292161061601e+01 1.277915543622114924e+01 1.277915543622116168e+01 1.478326387151096100e+01 1.478326387151096633e+01 1.650686730062031060e+01 1.650686730062031771e+01 2.324064374368148833e+01 2.324064374368150965e+01
1.759821565560533985e-01 2.278157292703224535e+00 2.278158866851605513e+00 3.498092982241272519e+00 3.498095769673909228e+00 4.080225231841460243e+00 4.080227507231472650e+00 4.800863984127753170e+00 4.800869863605106147e+00 6.235681816362796503e+00 6.235682141129970546e+00 6.709065469365051548e+00 6.709067543503656417e+00 7.808405569416033920e+00 7.808408698871296849e+00 1.025373250532167191e+01 1.025373646047503406e+01 1.096431292143894254e+01 1.096431544546364911e+01 1.114839411107082157e+01 1.114839652092548938e+01 1.190068331098611232e+01 1.190068342673194479e+01 1.277976391713359128e+01 1.277976905871413038e+01 1.478318655546263827e+01 1.478318824526811781e+01 1.650670750701529599e+01 1.650670926930466109e+01 2.324004498277079733e+01 2.324004582031831490e+01
1.769054324304742409e-01 2.280048150853728028e+00 2.280051221894832114e+00 3.498361269647762839e+00 3.498366724734048194e+00 4.087607199491128718e+00 4.087611820648857197e+00 4.799855475071174382e+00 4.799867236393941639e+00 6.235383738083847938e+00 6.235384391946094951e+00 6.708455946328660602e+00 6.708460054467000333e+00 7.804682186916189757e+00 7.804688430999669357e+00 1.025776260945656659e+01 1.025777045856009906e+01 1.096262664467449710e+01 1.096263157997750781e+01 1.114692299297907674e+01 1.114692772982020763e+01 1.190135481997467082e+01 1.190135505878897071e+01 1.278037315137165386e+01 1.278038329586840582e+01 1.478311082784681041e+01 1.478311421905968892e+01 1.650654382911915263e+01 1.650654730198300868e+01 2.323942886295219878e+01 2.323943051598163834e+01
1.778287083048950834e-01 2.281939756345157555e+00 2.281944213143420441e+00 3.498621688763029258e+00 3.498629654398477395e+00 4.095047451354549395e+00 4.095054441186043448e+00 4.798841967096973526e+00 4.798859515464262593e+00 6.235081337919258004e+00 6.235082405622163648e+00 6.707871276121533555e+00 6.707877338649752552e+00 7.801002138959613141e+00 7.801011439592342889e+00 1.026178732930630488e+01 1.026179895141905085e+01 1.096090956727380039e+01 1.096091675972712132e+01 1.114547022240171437e+01 1.114547717076657918e+01 1.190201461247598402e+01 1.190201498170332250e+01 1.278098102299453309e+01 1.278099595326932203e+01 1.478303711790701058e+01 1.478304219322906654e+01 1.650637651579600629e+01 1.650638162013961008e+01 2.323879605129146242e+01 2.323879848469297116e+01
1.787519841793159259e-01 2.283827340214183099e+00 2.283833041548567699e+00 3.498873370909055147e+00 3.498883656629069083e+00 4.102521909408472389e+00 4.102531241786395277e+00 4.797828612274153137e+00 4.797851754558007720e+00 6.234775034198199783e+00 6.234776655066876394e+00 6.707316859107391060e+00 6.707324758854936952e+00 7.797380377690987352e+00 7.797392633514006910e+00 1.026579193876980867e+01 1.026580715465117599e+01 1.095916789307011818e+01 1.095917715137406212e+01 1.114404037060852382e+01 1.114404938496153719e+01 1.190265992753589153e+01 1.190266043405223328e+01 1.278158542320506008e+01 1.278160484825138710e+01 1.478296585056022394e+01 1.478297256331280884e+01 1.650620581869409520e+01 1.650621244975243940e+01 2.323814723092393919e+01 2.323815039727162457e+01
1.796752600537367683e-01 2.285706344910872545e+00 2.285713124198467838e+00 3.499115519111355876e+00 3.499127905334374233e+00 4.110005942463887507e+00 4.110017541841333610e+00 4.796820939074745382e+00 4.796849384386606907e+00 6.234465240413188170e+00 6.234467572035622851e+00 6.706798205782434685e+00 6.706807790965503280e+00 7.793831583448780798e+00 7.793846650157544076e+00 1.026976161057156212e+01 1.026978018491208466e+01 1.095740833647462686e+01 1.095741943716148370e+01 1.114263768510182828e+01 1.114264859260361540e+01 1.190328808850373399e+01 1.190328873817047928e+01 1.278218425766734789e+01 1.278220781834726871e+01 1.478289744430860786e+01 1.478290571852102886e+01 1.650603199160990897e+01 1.650604002107688828e+01 2.323748309998499195e+01 2.323748694046693331e+01
1.805985359281576108e-01 2.287572434075282324e+00 2.287580104850791329e+00 3.499347405820482759e+00 3.499361648270645997e+00 4.117474450491422466e+00 4.117488192687531523e+00 4.795824846756855386e+00 4.795858208841489834e+00 6.234152359802509480e+00 6.234155552162388148e+00 6.706320906756682021e+00 6.706331994870379454e+00 7.790370114880648345e+00 7.790387805962994960e+00 1.027368145709418101e+01 1.027370310154643995e+01 1.095563810425528573e+01 1.095565079734164016e+01 1.114126607891456899e+01 1.114127868239740771e+01 1.190389651138813321e+01 1.190389730848488270e+01 1.278277545383438785e+01 1.278280272962619257e+01 1.478283230916609803e+01 1.478284204024805604e+01 1.650585528986735540e+01 1.650586456840079919e+01 2.323680437053148751e+01 2.323680881606284743e+01
1.815218118025784533e-01 2.289421499996112885e+00 2.289429861948779621e+00 3.499568370254535044e+00 3.499584204473626059e+00 4.124901958417439118e+00 4.124917672541283054e+00 4.794846593079340913e+00 4.794884394609231215e+00 6.233836780220484819e+00 6.233840960504717366e+00 6.705890599560103915e+00 6.705902982080496955e+00 7.787009961751719445e+00 7.787030049679927401e+00 1.027753657410160137e+01 1.027756095111617185e+01 1.095386486867605846e+01 1.095387888379521613e+01 1.113992912494772547e+01 1.113994320606387767e+01 1.190448271242820866e+01 1.190448365909247563e+01 1.278335696826760959e+01 1.278338748489035126e+01 1.478277084461590007e+01 1.478278190061569397e+01 1.650567596971390572e+01 1.650568632976674976e+01 2.323611176746015516e+01 2.323611673995752724e+01
1.824450876769992957e-01 2.291249668886879753e+00 2.291258514238798227e+00 3.499777815473140041e+00 3.499794961341115229e+00 4.132262719839956411e+00 4.132280191292077909e+00 4.793892774384583610e+00 4.793934453192355782e+00 6.233518871880562529e+00 6.233524134990146237e+00 6.705512932443099317e+00 6.705526380166017653e+00 7.783764700512557866e+00 7.783786918445162684e+00 1.028131208776977701e+01 1.028133881523542037e+01 1.095209673178378473e+01 1.095211178461233281e+01 1.113863005516418703e+01 1.113864537767965501e+01 1.190504431490421133e+01 1.190504541060045618e+01 1.278392679392973541e+01 1.278396003169997286e+01 1.478271343761417889e+01 1.478272566105065167e+01 1.650549428773504701e+01 1.650550554665786862e+01 2.323540602742897221e+01 2.323541144122164326e+01
1.833683635514201382e-01 2.293053304133120029e+00 2.293062424132588983e+00 3.499975205282705559e+00 3.499993371476707971e+00 4.139530831064165639e+00 4.139549805531660631e+00 4.792970297105401123e+00 4.793015214350733189e+00 6.233198986887220627e+00 6.233205388809200720e+00 6.705193525405808153e+00 6.705207794217236561e+00 7.780647452657941443e+00 7.780671496707070922e+00 1.028499320541383710e+01 1.028502186209207814e+01 1.095034218077822175e+01 1.095035797956019152e+01 1.113737176434221787e+01 1.113738807755242277e+01 1.190557905521627902e+01 1.190558029625212377e+01 1.278448296743084533e+01 1.278451837019929904e+01 1.478266046065531469e+01 1.478267367089778617e+01 1.650531050028839175e+01 1.650532246364452504e+01 2.323468789778717536e+01 2.323469366113874912e+01
1.842916394258409807e-01 2.294829007679083599e+00 2.294838198979626931e+00 3.500160061060022976e+00 3.500178949392720451e+00 4.146680355766418913e+00 4.146700544107659425e+00 4.792086339817942964e+00 4.792133790039114771e+00 6.232877459627339967e+00 6.232885012633055055e+00 6.704937928756489640e+00 6.704952765605995957e+00 7.777670845873180916e+00 7.777696377987743936e+00 1.028856527024895939e+01 1.028859540198029876e+01 1.094861003455644699e+01 1.094862628652580838e+01 1.113615681799307744e+01 1.113617386023888400e+01 1.190608478826446870e+01 1.190608616736874126e+01 1.278502357620602936e+01 1.278506056071703334e+01 1.478261226991318900e+01 1.478262626607033603e+01 1.650512486295814440e+01 1.650513732798981081e+01 2.323395813551909939e+01 2.323396415223133005e+01
1.852149153002618232e-01 2.296573619732205529e+00 2.296582690431888008e+00 3.500331958569165902e+00 3.500351268158573781e+00 4.153685460452712697e+00 4.153706544351751795e+00 4.791248305083732006e+00 4.791297528032782971e+00 6.232554607605401031e+00 6.232563277008902780e+00 6.704751579564389274e+00 6.704766728400511688e+00 7.774846977930355507e+00 7.774873629434576827e+00 1.029201382044588442e+01 1.029204494708800688e+01 1.094690938168301209e+01 1.094692579919049535e+01 1.113498746396751571e+01 1.113500496622986091e+01 1.190655949216646903e+01 1.190656099814199642e+01 1.278554676560194814e+01 1.278558473111649540e+01 1.478256920347212144e+01 1.478258376773840510e+01 1.650493763003076353e+01 1.650495038921273760e+01 2.323321750620693038e+01 2.323322367727660520e+01
1.861381911746826656e-01 2.298284216971197669e+00 2.298292992096157672e+00 3.500490524834808603e+00 3.500509956068456940e+00 4.160520560672155810e+00 4.160542198930352598e+00 4.790463760511458169e+00 4.790513954616741010e+00 6.232230732554491226e+00 6.232240435026231040e+00 6.704639756434293218e+00 6.704654963861296224e+00 7.772187383265092286e+00 7.772214759076041091e+00 1.029532465263745600e+01 1.029535627567530476e+01 1.094524951020268411e+01 1.094526581636644558e+01 1.113386564721714045e+01 1.113388333676683040e+01 1.190700127235179373e+01 1.190700288981484078e+01 1.278605074584826440e+01 1.278608908387210263e+01 1.478253157966010889e+01 1.478254648105701641e+01 1.650474905399217818e+01 1.650476189860921039e+01 2.323246678301649126e+01 2.323247300831572204e+01
1.870614670491035081e-01 2.299958109446893939e+00 2.299966435676972232e+00 3.500635435123592654e+00 3.500654693390094163e+00 4.167160477671238539e+00 4.167182312994012428e+00 4.789740368730933895e+00 4.789790705973084428e+00 6.231906121748790106e+00 6.231916725244234456e+00 6.704607533088686289e+00 6.704622553519005379e+00 7.769703002134149550e+00 7.769730685661794034e+00 1.029848388990029484e+01 1.029851550064408805e+01 1.094363982988327066e+01 1.094365576360390158e+01 1.113279302714047780e+01 1.113281063121669057e+01 1.190740836507389133e+01 1.190741007429165244e+01 1.278653379888858055e+01 1.278657190284989653e+01 1.478249969549559140e+01 1.478251469393508621e+01 1.650455938504678244e+01 1.650457210873134528e+01 2.323170674571003147e+01 2.323171292566019019e+01
1.879847429235243506e-01 2.301592836366769035e+00 2.301600585817153100e+00 3.500766410074855894e+00 3.500785209245161678e+00 4.173580604824120854e+00 4.173602270953673532e+00 4.789085806312249005e+00 4.789135448240621429e+00 6.231581049475283685e+00 6.231592374827926051e+00 6.704659731295375735e+00 6.704674331402590504e+00 7.767404152227063818e+00 7.767431710937144018e+00 1.030147805407456474e+01 1.030150914233585979e+01 1.094208978765127505e+01 1.094210510785955570e+01 1.113177099692877725e+01 1.113178824641608244e+01 1.190777914038264917e+01 1.190778091721972665e+01 1.278699428504423707e+01 1.278703155977092543e+01 1.478247382525767151e+01 1.478248867584701287e+01 1.650436887065856695e+01 1.650438127282733447e+01 2.323093817968900865e+01 2.323094421689946643e+01
1.889080187979451930e-01 2.303186160952144679e+00 2.303193233840740373e+00 3.500883213012422335e+00 3.500901278660822680e+00 4.179757082749391728e+00 4.179778211789001219e+00 4.788507672083571087e+00 4.788555786642680445e+00 6.231255778633905784e+00 6.231267602821863427e+00 6.704800873723811172e+00 6.704814836046717019e+00 7.765300502581398590e+00 7.765327494176066381e+00 1.030429414209923422e+01 1.030432420520787140e+01 1.094060877716307623e+01 1.094062326620244363e+01 1.113080070433177404e+01 1.113081733740158974e+01 1.190811210460116776e+01 1.190811392058513718e+01 1.278743064948359454e+01 1.278746652033750664e+01 1.478245421918818003e+01 1.478246867668881315e+01 1.650417775511423457e+01 1.650418964424447310e+01 2.323016187506933861e+01 2.323016767591296627e+01
1.898312946723660355e-01 2.304736064555314545e+00 2.304742390598647717e+00 3.500985647460871153e+00 3.501002719822569276e+00 4.185666981530620667e+00 4.185687211302538735e+00 4.788013385793555621e+00 4.788059164575201976e+00 6.230930562438521392e+00 6.230942623480481224e+00 6.705035137349415919e+00 6.705048262957848948e+00 7.763401049631873718e+00 7.763427028777129202e+00 1.030691970583210448e+01 1.030694825783005264e+01 1.093920604363742122e+01 1.093921950972083046e+01 1.112988307328646620e+01 1.112989883896507592e+01 1.190840590235104557e+01 1.190840772486596499e+01 1.278784142846806127e+01 1.278787535000305020e+01 1.478244110233215203e+01 1.478245492568116148e+01 1.650398627910856320e+01 1.650399747579928089e+01 2.322937862579080459e+01 2.322938410189005864e+01
1.907545705467868780e-01 2.306240740218949981e+00 2.306246278606546518e+00 3.501073554882348837e+00 3.501089391549276009e+00 4.191288487911330130e+00 4.191307469188537915e+00 4.787610078615077924e+00 4.787652754105321762e+00 6.230605646191457403e+00 6.230617649569492933e+00 6.705366308052378876e+00 6.705378418256279893e+00 7.761714095209244491e+00 7.761738620712822723e+00 1.030934293460234485e+01 1.030936951542553714e+01 1.093789058525680957e+01 1.093790286397821099e+01 1.112901882588827895e+01 1.112903348751043175e+01 1.190865931817022982e+01 1.190866111078495138e+01 1.278822525534527088e+01 1.278825671936672137e+01 1.478243467352202423e+01 1.478244763032219744e+01 1.650379467935168165e+01 1.650380501911931930e+01 2.322858922876181254e+01 2.322859429836123368e+01
1.916778464212077204e-01 2.307698585853804829e+00 2.307703323653030658e+00 3.501146812643965767e+00 3.501161191004017237e+00 4.196601094760317174e+00 4.196618498212675519e+00 4.787304477570563321e+00 4.787343339924748697e+00 6.230281269103493003e+00 6.230292895551277965e+00 6.705797737073637244e+00 6.705808674233755262e+00 7.760247226295760470e+00 7.760269868615526256e+00 1.031155273951604201e+01 1.031157692395405689e+01 1.093667105262179717e+01 1.093668200754393816e+01 1.112820850423113050e+01 1.112822184273585968e+01 1.190887127776721854e+01 1.190887300070274613e+01 1.278858086625963253e+01 1.278860940917549982e+01 1.478243510450875142e+01 1.478244697539342134e+01 1.650360318819846839e+01 1.650361252396227130e+01 2.322779448303945671e+01 2.322779907224284912e+01
1.926011222956285629e-01 2.309108197198091794e+00 2.309112146045515512e+00 3.501205332220467703e+00 3.501218051647301710e+00 4.201585789533893944e+00 4.201601312232611463e+00 4.787102786542193122e+00 4.787137199399585263e+00 6.229957666130155225e+00 6.229968580569157588e+00 6.706332299996857316e+00 6.706341927571163986e+00 7.759007296341867921e+00 7.759027645284147567e+00 1.031353883831436313e+01 1.031356024452234088e+01 1.093555564790430701e+01 1.093556517028540398e+01 1.112745249169651629e+01 1.112746430872052095e+01 1.190904084895366921e+01 1.190904245969044872e+01 1.278890710554924404e+01 1.278893231491599458e+01 1.478244253924168383e+01 1.478245312202244399e+01 1.650341203329978157e+01 1.650342023751838738e+01 2.322699518904485316e+01 2.322699923289840740e+01
1.935243981700494054e-01 2.310468360695553169e+00 2.310471551661030354e+00 3.501249057633077921e+00 3.501259941434086365e+00 4.206225237940304673e+00 4.206238609272181073e+00 4.787010567070171696e+00 4.787039981916016984e+00 6.229635069793261870e+00 6.229644931149375786e+00 6.706972358920020305e+00 6.706980560945457803e+00 7.758000407951790578e+00 7.758018080402212746e+00 1.031529183938276439e+01 1.031531013671164665e+01 1.093455202548482141e+01 1.093456003324521753e+01 1.112675103332881932e+01 1.112676115405246158e+01 1.190916724229663970e+01 1.190916869631867669e+01 1.278920293079851511e+01 1.278922445097978411e+01 1.478245709329726765e+01 1.478246620680709000e+01 1.650322143727549218e+01 1.650322840370316868e+01 2.322619214781241226e+01 2.322619559121792321e+01
1.944476740444702478e-01 2.311778046374483253e+00 2.311780522995326326e+00 3.501277964121612740e+00 3.501286861250800353e+00 4.210503958588875051e+00 4.210514945444469248e+00 4.787032622588990982e+00 4.787056591188797228e+00 6.229313711955823507e+00 6.229322183547219005e+00 6.707719728464291542e+00 6.707726408719727473e+00 7.757231896756820788e+00 7.757246544273840527e+00 1.031680332334230066e+01 1.031681823925404196e+01 1.093366719596235548e+01 1.093367363202652598e+01 1.112610425499099165e+01 1.112611253069276884e+01 1.190924981152840623e+01 1.190925106319667215e+01 1.278946741751534510e+01 1.278948495438599409e+01 1.478247885345532531e+01 1.478248634100565795e+01 1.650303161740935209e+01 1.650303726244768754e+01 2.322538616027160430e+01 2.322538895871756992e+01
1.953709499188910903e-01 2.313036400711746765e+00 2.313038210469939404e+00 3.501292057045039208e+00 3.501298843585626486e+00 4.214408484132178501e+00 4.214416895251041240e+00 4.787172890056644370e+00 4.787191074527104462e+00 6.228993825516776717e+00 6.229000585672731738e+00 6.708575646239128609e+00 6.708580727353629314e+00 7.756706316311788640e+00 7.756717632405751850e+00 1.031806592053479577e+01 1.031807724637966395e+01 1.093290743548413424e+01 1.093291226566186936e+01 1.112551218105044448e+01 1.112551849132765369e+01 1.190928805375011734e+01 1.190928905729292531e+01 1.278969976340221493e+01 1.278971308804600859e+01 1.478250787742008932e+01 1.478251360979883877e+01 1.650284278536530280e+01 1.650284704899385702e+01 2.322457802655882730e+01 2.322458014666055703e+01
1.962942257933119328e-01 2.314242739332629029e+00 2.314243924358305282e+00 3.501291371003243391e+00 3.501295951422105812e+00 4.217927504332362076e+00 4.217933193713728102e+00 4.787434343045791074e+00 4.787446523189949232e+00 6.228675645991534005e+00 6.228680398543471775e+00 6.709540748341546568e+00 6.709544171097100218e+00 7.756427423874158400e+00 7.756435150792635902e+00 1.031907338265596152e+01 1.031908097811003522e+01 1.093227820234269743e+01 1.093228141293366384e+01 1.112497475039537242e+01 1.112497900501148962e+01 1.190928160946146974e+01 1.190928232006454834e+01 1.278989929219078370e+01 1.278990824355554423e+01 1.478254419368202832e+01 1.478254807162898921e+01 1.650265514692532776e+01 1.650265799320276372e+01 2.322376854535682611e+01 2.322376996520020143e+01
1.972175016677327752e-01 2.315396539303031354e+00 2.315397127751321005e+00 3.501275969171603997e+00 3.501278277344075818e+00 4.221051986640460107e+00 4.221054855958800367e+00 4.787818910254078908e+00 4.787824987873355198e+00 6.228359412943919260e+00 6.228361897225130228e+00 6.710615050410863702e+00 6.710616773439797456e+00 7.756398166955143836e+00 7.756402101798549609e+00 1.031982064680403788e+01 1.031982444279635480e+01 1.093178406272348901e+01 1.093178565803983027e+01 1.112449183062801872e+01 1.112449397095098824e+01 1.190923026244538896e+01 1.190923063741959353e+01 1.279006545701058961e+01 1.279006994350045723e+01 1.478258780151535312e+01 1.478258975762300764e+01 1.650246890174870629e+01 1.650247031888381244e+01 2.322295851325855054e+01 2.322295922254592426e+01
1.981407775421536177e-01 2.316497430860382956e+00 2.316497430860399387e+00 3.501245942838998371e+00 3.501245942839010805e+00 4.223775270291540096e+00 4.223775270291585393e+00 4.788327413030848412e+00 4.788327413030888380e+00 6.228045371235614525e+00 6.228045371235648275e+00 6.711797934687334433e+00 6.711797934687342426e+00 7.756620670567488496e+00 7.756620670567545339e+00 1.032030389030353668e+01 1.032030389030356332e+01 1.093142862735017218e+01 1.093142862735018106e+01 1.112406323032095834e+01 1.112406323032096900e+01 1.190913393953236543e+01 1.190913393953237254e+01 1.279019784326342801e+01 1.279019784326344400e+01 1.478263867110523755e+01 1.478263867110523933e+01 1.650228424315238840e+01 1.650228424315242037e+01 2.322214872415211318e+01 2.322214872415213094e+01
1.990640534165744602e-01 2.317544586573236032e+00 2.317545188778471932e+00 3.501199097785689496e+00 3.501201411139070352e+00 4.226090261470668352e+00 4.226093130588742142e+00 4.788953593137057041e+00 4.788959524911662768e+00 6.227731124403972807e+00 6.227733772060671136e+00 6.713086415927288719e+00 6.713088143432959676e+00 7.757092211941945870e+00 7.757096225135199141e+00 1.032051685442021061e+01 1.032052057483499397e+01 1.093121293877768352e+01 1.093121450056696986e+01 1.112368657603656708e+01 1.112368870925614139e+01 1.190899230052786528e+01 1.190899271026462003e+01 1.279029173231993077e+01 1.279029617097650551e+01 1.478269478720696206e+01 1.478269674379805032e+01 1.650209997582364352e+01 1.650210135791252242e+01 2.322133927192990654e+01 2.322133996862332239e+01
1.999873292909953026e-01 2.318538486726715142e+00 2.318539723977450340e+00 3.501137920112077584e+00 3.501142520963818505e+00 4.227998121790797370e+00 4.228003810949725327e+00 4.789702153183490019e+00 4.789713755323936617e+00 6.227419474190674542e+00 6.227424873734237920e+00 6.714480339536633480e+00 6.714483778965185223e+00 7.757817237915969777e+00 7.757825275073616744e+00 1.032046218332740573e+01 1.032046947864782815e+01 1.093114016499836438e+01 1.093114324312134578e+01 1.112336376043505837e+01 1.112336798659402781e+01 1.190880593804713783e+01 1.190880678647513236e+01 1.279035153501304478e+01 1.279036029660916363e+01 1.478275805257903741e+01 1.478276193246719750e+01 1.650191771884922076e+01 1.650192042608660614e+01 2.322053166348101882e+01 2.322053303337175478e+01
2.009106051654161451e-01 2.319479158414130548e+00 2.319481076107729134e+00 3.501062615608987016e+00 3.501069447048578809e+00 4.229499608659635257e+00 4.229508021373193039e+00 4.790570554696733652e+00 4.790587458628039919e+00 6.227110750492046876e+00 6.227118942209031616e+00 6.715977196271912142e+00 6.715982310433061819e+00 7.758795405701370385e+00 7.758807408096268787e+00 1.032014005727381800e+01 1.032015071594521594e+01 1.093121081140488293e+01 1.093121534957558794e+01 1.112309450084323892e+01 1.112310074694288708e+01 1.190857521270129382e+01 1.190857652179183468e+01 1.279037731079863249e+01 1.279039021429057499e+01 1.478282838521420217e+01 1.478283412198705982e+01 1.650173766580400425e+01 1.650174162085669849e+01 2.321972669135376321e+01 2.321972870063752481e+01
2.018338810398369876e-01 2.320366759920656552e+00 2.320369407527612449e+00 3.500973417885982819e+00 3.500982392216502426e+00 4.230597908541166241e+00 4.230608903176092284e+00 4.791555127456171626e+00 4.791576868553149460e+00 6.226805293964822852e+00 6.226816251295974602e+00 6.717573858873674197e+00 6.717580587332894204e+00 7.760025506535178863e+00 7.760041345350780162e+00 1.031955199296668546e+01 1.031956574289024431e+01 1.093142430928807229e+01 1.093143024089594562e+01 1.112287848302506532e+01 1.112288664431587826e+01 1.190830062741721385e+01 1.190830241107123300e+01 1.279036925395343083e+01 1.279038605646764637e+01 1.478290567438522451e+01 1.478291316980718406e+01 1.650156000142811408e+01 1.650156510839267199e+01 2.321892514231935323e+01 2.321892774763416156e+01
2.027571569142578300e-01 2.321201576300422786e+00 2.321204998646285489e+00 3.500870588455483379e+00 3.500881587770161119e+00 4.231298568347924949e+00 4.231311961074471384e+00 4.792651125948116153e+00 4.792677156962633411e+00 6.226503453920219755e+00 6.226517082571632500e+00 6.719266602010557143e+00 6.719274859623983964e+00 7.761505455408357790e+00 7.761524932535169619e+00 1.031870083457511633e+01 1.031871735007325697e+01 1.093177902432668525e+01 1.093178627236109435e+01 1.112271536251904713e+01 1.112272530397850367e+01 1.190798282667378594e+01 1.190798508976053860e+01 1.279032769274123993e+01 1.279034809394601524e+01 1.478298978070465886e+01 1.478299890661885385e+01 1.650138490122968093e+01 1.650139104773588627e+01 2.321812779666823801e+01 2.321813094598497429e+01
2.036804327886786725e-01 2.321984014851213196e+00 2.321988244334836526e+00 3.500754416932310598e+00 3.500767294017513187e+00 4.231609396515781718e+00 4.231624964842188419e+00 4.793852808509328156e+00 4.793882514821481422e+00 6.226205585847477408e+00 6.226221724960761428e+00 6.721051128285070675e+00 6.721060804169599834e+00 7.763232281943125201e+00 7.763255132190983510e+00 1.031759073163534346e+01 1.031760964167815864e+01 1.093227228005126861e+01 1.093228075651801134e+01 1.112260476388800967e+01 1.112261632220140228e+01 1.190762259562279013e+01 1.190762533318135930e+01 1.279025308803414518e+01 1.279027673530982234e+01 1.478308053631141483e+01 1.478309113710645128e+01 1.650121253115258924e+01 1.650121959070283495e+01 2.321733542752483714e+01 2.321733906115939305e+01
2.046037086630995150e-01 2.322714600748968738e+00 2.322719651076226466e+00 3.500625221335459614e+00 3.500639800918080358e+00 4.231540337002035024e+00 4.231557823798533846e+00 4.795153536166668395e+00 4.795186252318249132e+00 6.225912048634982376e+00 6.225930473989076397e+00 6.722922599923577991e+00 6.722933557099405988e+00 7.765202122690576303e+00 7.765228017412415973e+00 1.031622710452064418e+01 1.031624800196729907e+01 1.093290039555453497e+01 1.093291000051378070e+01 1.112254627791585371e+01 1.112255926394507277e+01 1.190722085908428518e+01 1.190722405572228126e+01 1.279014603138823070e+01 1.279017252570981356e+01 1.478317774518859906e+01 1.478318964077621445e+01 1.650104304731224758e+01 1.650105088180839630e+01 2.321654880017982592e+01 2.321655285190663420e+01
2.055269845375203575e-01 2.323393972998760049e+00 2.323399834609901848e+00 3.500483348479453749e+00 3.500499428834336957e+00 4.231103320249556710e+00 4.231122438184456769e+00 4.796545887438309563e+00 4.796580914381195271e+00 6.225623201563292852e+00 6.225643630709009280e+00 6.724875675679688136e+00 6.724887751572827810e+00 7.767410215158984776e+00 7.767438767248651565e+00 1.031461659847418844e+01 1.031463905005010062e+01 1.093365873636796159e+01 1.093366935676717944e+01 1.112253945679835532e+01 1.112255365851524225e+01 1.190677868040191711e+01 1.190678230992216946e+01 1.279000724257584665e+01 1.279003614501313990e+01 1.478328118361611310e+01 1.478329417285537417e+01 1.650087659580188770e+01 1.650088505820866658e+01 2.321576867143849654e+01 2.321577306968440979e+01
2.064502604119411999e-01 2.324022880750078457e+00 2.324029517914601328e+00 3.500329174442457170e+00 3.500346529371991977e+00 4.230312095708931963e+00 4.230332532038866056e+00 4.798021784867878559e+00 4.798058407362174371e+00 6.225339401147227392e+00 6.225361500308638441e+00 6.726904552393615511e+00 6.726917560321219014e+00 7.769850893915434042e+00 7.769881664108607922e+00 1.031276702748015595e+01 1.031279058418968830e+01 1.093454177712863284e+01 1.093455328563118378e+01 1.112258380738925112e+01 1.112259899324137002e+01 1.190629726013906264e+01 1.190630128541996235e+01 1.278983756657907200e+01 1.278986840531235103e+01 1.478339060076087641e+01 1.478340446525551322e+01 1.650071331257056784e+01 1.650072224966304901e+01 2.321499578898440674e+01 2.321500045808076251e+01
2.073735362863620424e-01 2.324602179955918224e+00 2.324609529426660881e+00 3.500163105097713334e+00 3.500181486290891097e+00 4.229182050791337133e+00 4.229203472465567160e+00 4.799572628836189736e+00 4.799610132461162415e+00 6.225060997905178084e+00 6.225084390422063407e+00 6.729003010574574617e+00 6.729016742263245199e+00 7.772517589127002857e+00 7.772550093501806145e+00 1.031068730945728440e+01 1.031071151712296441e+01 1.093554317443207502e+01 1.093555542845014195e+01 1.112267878257999421e+01 1.112269470524750403e+01 1.190577793459275924e+01 1.190578230774185009e+01 1.278963797005218694e+01 1.278967024779578843e+01 1.478350571940555724e+01 1.478352022759387907e+01 1.650055332337303327e+01 1.650056257851539954e+01 2.321423089075698698e+01 2.321423575222773295e+01
2.082968121607828849e-01 2.325132830318697774e+00 2.325140801411744729e+00 3.499985576694514045e+00 3.500004716466812660e+00 4.227730021141346661e+00 4.227752080192209938e+00 4.801189434227746133e+00 4.801227121518534702e+00 6.224788333131755280e+00 6.224812609166997746e+00 6.731164463309351476e+00 6.731178692424085064e+00 7.775402827923476146e+00 7.775436546465998688e+00 1.030838739439030327e+01 1.030841180401334967e+01 1.093665584811158098e+01 1.093666868924116109e+01 1.112282377091209895e+01 1.112284017140528647e+01 1.190522217409828087e+01 1.190522683689150085e+01 1.278940953726375440e+01 1.278944273898578565e+01 1.478362623681656451e+01 1.478364114826791997e+01 1.650039674379059207e+01 1.650040615969406232e+01 2.321347470434246318e+01 2.321347967820604197e+01
2.092200880352037273e-01 2.325615892452840949e+00 2.325624368412587906e+00 3.499797056473283430e+00 3.499816670881740421e+00 4.225974096900142918e+00 4.225996436095571518e+00 4.802862965794174599e+00 4.802900171084015568e+00 6.224521735746177065e+00 6.224546462942728731e+00 6.733382007751933962e+00 6.733396494345858407e+00 7.778498238968251322e+00 7.778532625039327186e+00 1.030587818706794856e+01 1.030590236472018084e+01 1.093787206910244869e+01 1.093788532313060280e+01 1.112301808454698460e+01 1.112303469658449551e+01 1.190463158109347752e+01 1.190463646570438172e+01 1.278915346553218413e+01 1.278918706635617042e+01 1.478375182574977131e+01 1.478376689557826573e+01 1.650024367932139668e+01 1.650025310073092299e+01 2.321272794637744497e+01 2.321273295244086299e+01
2.101433639096245698e-01 2.326052525188568421e+00 2.326061365692451144e+00 3.499598043298557393e+00 3.499617835618384021e+00 4.223933429218055480e+00 4.223955687946392423e+00 4.804583868507501521e+00 4.804619971133047507e+00 6.224261519282761945e+00 6.224286254027966869e+00 6.735648478416790041e+00 6.735662974154129401e+00 7.781794560619792023e+00 7.781829051133270170e+00 1.030317146607555578e+01 1.030319500205847483e+01 1.093918355203509662e+01 1.093919702964947405e+01 1.112326094574848057e+01 1.112327750034704898e+01 1.190400788790858400e+01 1.190401291792334426e+01 1.278887106017169195e+01 1.278890453334502197e+01 1.478388213559154174e+01 1.478389711889636438e+01 1.650009422553693383e+01 1.650010350179893237e+01 2.321199132196454684e+01 2.321199628108872304e+01
2.110666397840454123e-01 2.326443982940678890e+00 2.326453027590032363e+00 3.499389068291229865e+00 3.499408732831835067e+00 4.221628040724555220e+00 4.221649861067322540e+00 4.806342789780546632e+00 4.806377225391286423e+00 6.224007979083000741e+00 6.224032278024147935e+00 6.737956501484391403e+00 6.737970755443490667e+00 7.785281653050615702e+00 7.785315679151011636e+00 1.030027980060345172e+01 1.030030231764447635e+01 1.094058155074635330e+01 1.094059504902857149e+01 1.112355147206957717e+01 1.112356770226719327e+01 1.190335295424401352e+01 1.190335804594905511e+01 1.278856372896908056e+01 1.278859655378379045e+01 1.478401679363110865e+01 1.478403144987362516e+01 1.649994846830142947e+01 1.649995745576855199e+01 2.321126552410012778e+01 2.321127035941691119e+01
2.119899156584662547e-01 2.326791613067222375e+00 2.326800685700261884e+00 3.499170695439926870e+00 3.499189921668819814e+00 4.219078643027919462e+00 4.219099675954500306e+00 4.808130491091903380e+00 4.808162760888740728e+00 6.223761389740132266e+00 6.223784821194096040e+00 6.740298549330923983e+00 6.740312314162338225e+00 7.788948514665541722e+00 7.788981512675036356e+00 1.029721646649186084e+01 1.029723762678822929e+01 1.094205695499135977e+01 1.094207025972369074e+01 1.112388866047604274e+01 1.112390430610212277e+01 1.190266876429621945e+01 1.190267382821640574e+01 1.278823297621429766e+01 1.278826464576801136e+01 1.478415540645882942e+01 1.478416950368936256e+01 1.649980648404972428e+01 1.649981504828307166e+01 2.321055123311382218e+01 2.321055587117663066e+01
2.129131915328870972e-01 2.327096853143890698e+00 2.327105766795037223e+00 3.498943522168513454e+00 3.498961999102222720e+00 4.216306463649291736e+00 4.216326375242125835e+00 4.809937947237600930e+00 4.809967625046164486e+00 6.223522002838278944e+00 6.223544157749628880e+00 6.742666994515952084e+00 6.742680032712815574e+00 7.792783303125975891e+00 7.792814725517938967e+00 1.029399536275221649e+01 1.029401487371816160e+01 1.094360038676749269e+01 1.094361327553047936e+01 1.112427137068501004e+01 1.112428618308401163e+01 1.190195742348917562e+01 1.190196236614571568e+01 1.278788039631155549e+01 1.278791042499997133e+01 1.478429756148364582e+01 1.478431088033562801e+01 1.649966834011817340e+01 1.649967635785256448e+01 2.320984911612061552e+01 2.320985348797222159e+01
2.138364674073079397e-01 2.327361228082507782e+00 2.327369790401794702e+00 3.498708179834532306e+00 3.498725600646055867e+00 4.213333084138825235e+00 4.213351561731907502e+00 4.811756432093821090e+00 4.811783169251764747e+00 6.223290045019113315e+00 6.223310547143897864e+00 6.745054162499683592e+00 6.745066252533522544e+00 7.796773361243134026e+00 7.796802687392087705e+00 1.029063092959777492e+01 1.029064854821756825e+01 1.094520229481370066e+01 1.094521454080378220e+01 1.112469830804531945e+01 1.112471205465457125e+01 1.190122115476808062e+01 1.190122588061736231e+01 1.278750766700024499e+01 1.278753559763763725e+01 1.478444282856132119e+01 1.478445516593703246e+01 1.649953409512342262e+01 1.649954145596711541e+01 2.320915982648559961e+01 2.320916386862880998e+01
2.147597432817287821e-01 2.327586347024050095e+00 2.327594365962146306e+00 3.498465334130984150e+00 3.498481400913930450e+00 4.210180290513108936e+00 4.210197048603975922e+00 4.813577590382099203e+00 4.813601118484691632e+00 6.223065716399672098e+00 6.223084231424975243e+00 6.747452382414953043e+00 6.747463324498527371e+00 7.800905247951767763e+00 7.800931994408867531e+00 1.028713806879755488e+01 1.028715360453443317e+01 1.094685304601213538e+01 1.094686442246587177e+01 1.112516800633603431e+01 1.112518047501482954e+01 1.190046229441018610e+01 1.190046670791748973e+01 1.278711654221756078e+01 1.278714195268808496e+01 1.478459076172440056e+01 1.478460193410464996e+01 1.649940379938241009e+01 1.649941040722896091e+01 2.320848400330245553e+01 2.320848765856127471e+01
2.156830191561496246e-01 2.327773899939748592e+00 2.327781189500483183e+00 3.498215685360686500e+00 3.498230113981312339e+00 4.206869936613434113e+00 4.206884722392422837e+00 4.815393495455245976e+00 4.815413627058316770e+00 6.222849189356374211e+00 6.222865432706996991e+00 6.749854035285437703e+00 6.749863656543805490e+00 7.805164774517577619e+00 7.805188504566253904e+00 1.028353206694873023e+01 1.028354538320538047e+01 1.094854301258463458e+01 1.094855329766117791e+01 1.112567881090816968e+01 1.112568981391408052e+01 1.189968328730835090e+01 1.189968729510448497e+01 1.278670884463775792e+01 1.278673135398768146e+01 1.478474090100274374e+01 1.478475074732247307e+01 1.649927749536770705e+01 1.649928326950410096e+01 2.320782227088653471e+01 2.320782548914795029e+01
2.166062950305704671e-01 2.327925653878156975e+00 2.327932039741048786e+00 3.497959968550756304e+00 3.497972493511086522e+00 4.203423820531016375e+00 4.203436418863341295e+00 4.817196693556145881e+00 4.817213320980017421e+00 6.222640607681880986e+00 6.222654350813137114e+00 6.752251599158615392e+00 6.752259758018128721e+00 7.809537046068820487e+00 7.809557378327660615e+00 1.027982852205416719e+01 1.027983953622321600e+01 1.095026265413731537e+01 1.095027163608470211e+01 1.112622886263876687e+01 1.112623824014902496e+01 1.189888668168296704e+01 1.189889019474736465e+01 1.278628645792465512e+01 1.278630573181415464e+01 1.478489277432349525e+01 1.478490115836594931e+01 1.649915521819117359e+01 1.649916009409315620e+01 2.320717523828396267e+01 2.320717797711253993e+01
2.175295709049913095e-01 2.328043448800881876e+00 2.328048773622726664e+00 3.497698953372090802e+00 3.497709332600125620e+00 4.199863573880017853e+00 4.199873811577690574e+00 4.818980235339128448e+00 4.818993327751279310e+00 6.222440086114127133e+00 6.222451161141990816e+00 6.754637690707206765e+00 6.754644280347934071e+00 7.814006508476113666e+00 7.814023124335379045e+00 1.027604327360255354e+01 1.027605195578383679e+01 1.095200259375750562e+01 1.095201007617168720e+01 1.112681608320341908e+01 1.112682370628454542e+01 1.189807512317989691e+01 1.189807805899099691e+01 1.278585131873638936e+01 1.278586707417879964e+01 1.478504589947761616e+01 1.478505271175137281e+01 1.649903699610962704e+01 1.649904092592186089e+01 2.320654349879765377e+01 2.320654572391767800e+01
2.184528467794121520e-01 2.328129192954923266e+00 2.328133321171515835e+00 3.497433443827541399e+00 3.497441463304756581e+00 4.196210563422155815e+00 4.196218312653719806e+00 4.820737695687390634e+00 4.820747294666293037e+00 6.222247710230239370e+00 6.222256012804668224e+00 6.757005102943246300e+00 6.757010053700720498e+00 7.818557000536267232e+00 7.818569650240307922e+00 1.027219233618261640e+01 1.027219870667733659e+01 1.095375368750730516e+01 1.095375949448590980e+01 1.112743816219896154e+01 1.112744393513698604e+01 1.189725134831451925e+01 1.189725363290727067e+01 1.278540540852243801e+01 1.278541741784895081e+01 1.478519978613986474e+01 1.478520494521521833e+01 1.649892285104578704e+01 1.649892580375090745e+01 2.320592762953237198e+01 2.320592931517440505e+01
2.193761226538329945e-01 2.328184857737183755e+00 2.328187679703627389e+00 3.497164277670840260e+00 3.497169755803152924e+00 4.192485804349399992e+00 4.192490985055973063e+00 4.822463183018228072e+00 4.822469396816799758e+00 6.222063536692410857e+00 6.222069027074932812e+00 6.759346838781671529e+00 6.759350119427018022e+00 7.823171811347791049e+00 7.823180318567926506e+00 1.026829183652573896e+01 1.026829596224509800e+01 1.095550708678680785e+01 1.095551106778224515e+01 1.112809254665931924e+01 1.112809640857612692e+01 1.189641817722578843e+01 1.189641974709731365e+01 1.278495074515480034e+01 1.278495883915319631e+01 1.478535393792845376e+01 1.478535739122205506e+01 1.649881279911826226e+01 1.649881476040529904e+01 2.320532819095951993e+01 2.320532932007058946e+01
2.202993985282538369e-01 2.328212472013354351e+00 2.328213907344525158e+00 3.496892325518375699e+00 3.496895117154344312e+00 4.188709884404372197e+00 4.188712465618691816e+00 4.824151339352678036e+00 4.824154336088285255e+00 6.221887593828091312e+00 6.221890296188751002e+00 6.761656140283128558e+00 6.761657758154415276e+00 7.827833742698550701e+00 7.827838007478695737e+00 1.026435795376248272e+01 1.026435994370973681e+01 1.095725429316000721e+01 1.095725632734807853e+01 1.112877643350133461e+01 1.112877835919961456e+01 1.189557850570899156e+01 1.189557930951646547e+01 1.278448937443514133e+01 1.278449344462238813e+01 1.478550785449039573e+01 1.478550957849954450e+01 1.649870685117440416e+01 1.649870782302268424e+01 2.320474572650397249e+01 2.320474629082270113e+01
2.212226744026746794e-01 2.328214115862656808e+00 2.328214115862686562e+00 3.496618489616177605e+00 3.496618489616187819e+00 4.184902897948930445e+00 4.184902897948959755e+00 4.825797332449754506e+00 4.825797332449804244e+00 6.221719882522994460e+00 6.221719882523032652e+00 6.763926513495658988e+00 6.763926513495661652e+00 7.832525176221752261e+00 7.832525176221807328e+00 1.026040686259912782e+01 1.026040686259913848e+01 1.095898720534994375e+01 1.095898720534995086e+01 1.112948676541093107e+01 1.112948676541095061e+01 1.189473529650203076e+01 1.189473529650205208e+01 1.278402336152068131e+01 1.278402336152068308e+01 1.478566103359845663e+01 1.478566103359846196e+01 1.649860501332060281e+01 1.649860501332061347e+01 2.320418076215378989e+01 2.320418076215382186e+01
2.221459502770955219e-01 2.328190462829675234e+00 2.328191913728526963e+00 3.496340848488325825e+00 3.496343702226068828e+00 4.181081874336706861e+00 4.181084389069154028e+00 4.827394108809405004e+00 4.827396841280886974e+00 6.221557818176075116e+00 6.221560377402762576e+00 6.766150211415157933e+00 6.766151748900036900e+00 7.837223935023723165e+00 7.837228145015979308e+00 1.025645286592781069e+01 1.025645467906859487e+01 1.096069607302953131e+01 1.096069815822056270e+01 1.113021835038749074e+01 1.113022023063243893e+01 1.189389074299273119e+01 1.189389156980727513e+01 1.278355072832069617e+01 1.278355478231105202e+01 1.478581128247505028e+01 1.478581297324561383e+01 1.649850634788162651e+01 1.649850728744461392e+01 2.320363325080146666e+01 2.320363380609484594e+01
2.230692261515163644e-01 2.328145143131537864e+00 2.328148026965519701e+00 3.496063199451248327e+00 3.496068923597161149e+00 4.177268385814151053e+00 4.177273302817040346e+00 4.828940870643796401e+00 4.828946036059682534e+00 6.221404104965287729e+00 6.221409028276307041e+00 6.768322975372472072e+00 6.768325937542008397e+00 7.841916119099987981e+00 7.841924409368082216e+00 1.025251398376634349e+01 1.025251740848334236e+01 1.096237577070889380e+01 1.096237995367302887e+01 1.113096958535775727e+01 1.113097326705410239e+01 1.189304873193914780e+01 1.189305039303952682e+01 1.278307768517646714e+01 1.278308571483790068e+01 1.478595985209286390e+01 1.478596317372363167e+01 1.649841183845600057e+01 1.649841367172553674e+01 2.320310425505793717e+01 2.320310534837064509e+01
2.239925020259372068e-01 2.328080379868579186e+00 2.328084645783774942e+00 3.495786575378958982e+00 3.495795139493193204e+00 4.173480779543195851e+00 4.173487943726402527e+00 4.830434281520195050e+00 4.830441553957650846e+00 6.221258714848802107e+00 6.221265761813407735e+00 6.770439237426275625e+00 6.770443483005029073e+00 7.846583366427485551e+00 7.846595536168736729e+00 1.024860607882036945e+01 1.024861089521454893e+01 1.096401962968075594e+01 1.096402588349653762e+01 1.113173669751845374e+01 1.113174207089357992e+01 1.189221238291575489e+01 1.189221486980082076e+01 1.278260636444702847e+01 1.278261823069794545e+01 1.478610627203998718e+01 1.478611113967256152e+01 1.649832149228026523e+01 1.649832416112725753e+01 2.320259425434557699e+01 2.320259586056955214e+01
2.249157779003580493e-01 2.327998414692251661e+00 2.328003980601999867e+00 3.495512032610476272e+00 3.495523358250562485e+00 4.169736722762833914e+00 4.169745940793275985e+00 4.831871435527350656e+00 4.831880471534760524e+00 6.221121590771605092e+00 6.221130483427130820e+00 6.772493745537413012e+00 6.772499109437934983e+00 7.851207198869983195e+00 7.851222981563134695e+00 1.024474479765077284e+01 1.024475077393653955e+01 1.096562148617532984e+01 1.096562974432743154e+01 1.113251568281401838e+01 1.113252261017866296e+01 1.189138483995673923e+01 1.189138812809309798e+01 1.278213888132187748e+01 1.278215438656883407e+01 1.478625007615757703e+01 1.478625638208902338e+01 1.649823531241093022e+01 1.649823874787218259e+01 2.320210370882927720e+01 2.320210579553925712e+01
2.258390537747788918e-01 2.327901497639509376e+00 2.327908252833031710e+00 3.495240646674081741e+00 3.495254607348626585e+00 4.166053172586365427e+00 4.166064218173755940e+00 4.833249827519885855e+00 4.833260274805466494e+00 6.220992647927489294e+00 6.221003079331937968e+00 6.774481567354476930e+00 6.774487865903361161e+00 7.855769106206770935e+00 7.855788176341882867e+00 1.024094552319447438e+01 1.024095242200804279e+01 1.096717568771062190e+01 1.096718584498611193e+01 1.113330232367852624e+01 1.113331064309762652e+01 1.189056925865083691e+01 1.189057330779238519e+01 1.278167732459778350e+01 1.278169621584527960e+01 1.478639080417435103e+01 1.478639842028189300e+01 1.649815329807114495e+01 1.649815742189229795e+01 2.320163305906739382e+01 2.320163558712943086e+01
2.267623296491997342e-01 2.327791876533484849e+00 2.327799685135893970e+00 3.494973507468375651e+00 3.494989929480931679e+00 4.162446351000122391e+00 4.162458970917533918e+00 4.834567321969162279e+00 4.834578827749868246e+00 6.220871775421921157e+00 6.220883418748224258e+00 6.776398090799949259e+00 6.776405127353656077e+00 7.860250632576993191e+00 7.860272613542694131e+00 1.023722332828582715e+01 1.023723091270595020e+01 1.096867709224519949e+01 1.096868900657524293e+01 1.113409221170664232e+01 1.113410174116307516e+01 1.188976879254363439e+01 1.188977354742114478e+01 1.278122374765388791e+01 1.278124572043082274e+01 1.478652800334133666e+01 1.478653678376515579e+01 1.649807544500883694e+01 1.649808017125569393e+01 2.320118272570228157e+01 2.320118564996268162e+01
2.276856055236205767e-01 2.327671786028919332e+00 2.327680491180818656e+00 3.494711713915193751e+00 3.494730378125088244e+00 4.158931724474860481e+00 4.158945645120983414e+00 4.835822121103555027e+00 4.835834339970849882e+00 6.220758838313095396e+00 6.220771356224059190e+00 6.778239021799523201e+00 6.778246592571885110e+00 7.864633464818309605e+00 7.864657937706035717e+00 1.023359292993059988e+01 1.023360096908222872e+01 1.097012106065878001e+01 1.097013455583283204e+01 1.113488077508364960e+01 1.113489131700035628e+01 1.188898657890904964e+01 1.188899197026897170e+01 1.278078015966967307e+01 1.278080486271840677e+01 1.478666123006065369e+01 1.478667101407909179e+01 1.649800174586390966e+01 1.649800698256709452e+01 2.320075310919081346e+01 2.320075637923364553e+01
2.286088813980414192e-01 2.327543436387236042e+00 2.327552864984373304e+00 3.494456368110862243e+00 3.494477012618276923e+00 4.155523987656693841e+00 4.155538921945868047e+00 4.837012732918163138e+00 4.837025334095246265e+00 6.220653680002391717e+00 6.220666734045779300e+00 6.780000379512624242e+00 6.780008279436947838e+00 7.868899522148752546e+00 7.868926035205627834e+00 1.023006864414438866e+01 1.023007691827666754e+01 1.097150344318219162e+01 1.097151831233507835e+01 1.113566331046987479e+01 1.113567465644231191e+01 1.188822572396574628e+01 1.188823166992681735e+01 1.278034851712693865e+01 1.278037555779002865e+01 1.478679005150103443e+01 1.478680066653186742e+01 1.649793219054197735e+01 1.649793784134132935e+01 2.320034458957480084e+01 2.320034815053573851e+01
2.295321572724622616e-01 2.327409002072098332e+00 2.327418969882759203e+00 3.494208569014848553e+00 3.494230892756317264e+00 4.152237050654080441e+00 4.152252705006667099e+00 4.838137939537860532e+00 4.838150613421585255e+00 6.220556124939093046e+00 6.220569384709546235e+00 6.781678489428971446e+00 6.781686517883873222e+00 7.873031046613998107e+00 7.873059125057277896e+00 1.022666434123186008e+01 1.022667264618399763e+01 1.097282056048115351e+01 1.097283657023284142e+01 1.113643501890922671e+01 1.113644695449230682e+01 1.188748928762731438e+01 1.188749569531412043e+01 1.277993071563409622e+01 1.277995966586349930e+01 1.478691404719280023e+01 1.478692531185537717e+01 1.649786676659223161e+01 1.649787273234989016e+01 2.319995752629051111e+01 2.319996131971456066e+01
2.304554331468831041e-01 2.327270610260294692e+00 2.327280927221929474e+00 3.493969405726871091e+00 3.493993072945330791e+00 4.149084029481215019e+00 4.149100110681311904e+00 4.839196766331587796e+00 4.839209230230488323e+00 6.220465981599110350e+00 6.220479133427072149e+00 6.783269974695259386e+00 6.783277940934471673e+00 7.877010693699744159e+00 7.877039849597313292e+00 1.022339340145190256e+01 1.022340155244300774e+01 1.097406918016367072e+01 1.097408607527763991e+01 1.113719104522003001e+01 1.113720335461258237e+01 1.188678026788870135e+01 1.188678703529375724e+01 1.277952858210710829e+01 1.277955898501096144e+01 1.478703281059435426e+01 1.478704453777039518e+01 1.649780545958610389e+01 1.649781163994040512e+01 2.319959225801636293e+01 2.319959622274701871e+01
2.313787090213039466e-01 2.327130329365189709e+00 2.327140804852013467e+00 3.493739950415926110e+00 3.493764595946730722e+00 4.146077239254934987e+00 4.146093460944874742e+00 4.840188452098777461e+00 4.840200455096659304e+00 6.220383045692620350e+00 6.220395800639403561e+00 6.784771746028962269e+00 6.784779474170290037e+00 7.880821622489592393e+00 7.880851364414001026e+00 1.022026867108181847e+01 1.022027650578296054e+01 1.097524648952685311e+01 1.097526399794594631e+01 1.113792652023417595e+01 1.113793899070961579e+01 1.188610158496320324e+01 1.188610860298347482e+01 1.277914386733835883e+01 1.277917524417189554e+01 1.478714595062172243e+01 1.478715795045726189e+01 1.649774825349398455e+01 1.649775454832995436e+01 2.319924910255665651e+01 2.319925317564414868e+01
2.323019848957247890e-01 2.326990157671324777e+00 2.327000605523038779e+00 3.493521250976118875e+00 3.493546486268034545e+00 4.143228189773618730e+00 4.143244278365743050e+00 4.841112420581772824e+00 4.841123747473631944e+00 6.220307103552014105e+00 6.220319204514007438e+00 6.786180990563368987e+00 6.786188324010164585e+00 7.884447584733454306e+00 7.884477426911960407e+00 1.021730241896150027e+01 1.021730979982917198e+01 1.097635006538322422e+01 1.097636790350119185e+01 1.113863660518033072e+01 1.113864903112449767e+01 1.188545606529635634e+01 1.188546321988692078e+01 1.277877823898035992e+01 1.277881009647970778e+01 1.478725309313299086e+01 1.478726517593002754e+01 1.649769513105656671e+01 1.649770144187321819e+01 2.319892835675963383e+01 2.319893247437618200e+01
2.332252607701456315e-01 2.326852012177457851e+00 2.326862255285627512e+00 3.493314323495285922e+00 3.493339743263814245e+00 4.140547583131762188e+00 4.140563282937400835e+00 4.841968253500876784e+00 4.841978727764183255e+00 6.220237935648054162e+00 6.220249163401080139e+00 6.787495159951289381e+00 6.787501965140442906e+00 7.887873012180048882e+00 7.887902482890322808e+00 1.021450629366248464e+01 1.021451310953139213e+01 1.097737784180946186e+01 1.097739571984167561e+01 1.113931653746079320e+01 1.113932872389666429e+01 1.188484642559291515e+01 1.188485359997959456e+01 1.277843327496803383e+01 1.277846511291936160e+01 1.478735388235887349e+01 1.478736586131266328e+01 1.649764607414750728e+01 1.649765230530665860e+01 2.319863029646694486e+01 2.319863439481736478e+01
2.341485366445664740e-01 2.326717717743357117e+00 2.326727592007470147e+00 3.493120144631304491e+00 3.493145334021749981e+00 4.138045313045195961e+00 4.138060390449263437e+00 4.842755665259977249e+00 4.842765151039102101e+00 6.220175320180668876e+00 6.220185498226681986e+00 6.788711958034391536e+00 6.788718127427070925e+00 7.891083101520315779e+00 7.891111750520397372e+00 1.021189128148634317e+01 1.021189744843515967e+01 1.097832807664249444e+01 1.097834570396934595e+01 1.113996167704933171e+01 1.113997344255285071e+01 1.188427525700194742e+01 1.188428233389637256e+01 1.277811045739913531e+01 1.277814177633049297e+01 1.478744798227118373e+01 1.478745967601733824e+01 1.649760106412433913e+01 1.649760712397038631e+01 2.319835517649161361e+01 2.319835919270808944e+01
2.350718125189873164e-01 2.326588996631462347e+00 2.326598354121576673e+00 3.492939643999047217e+00 3.492964186119017267e+00 4.135730465578905779e+00 4.135744712125841716e+00 4.843474479430692980e+00 4.843482882524694944e+00 6.220119036688834591e+00 6.220128034800811001e+00 6.789829328362555039e+00 6.789834782617051090e+00 7.894063896286819038e+00 7.894091301118020709e+00 1.020946766554985885e+01 1.020947312706503851e+01 1.097919931751180300e+01 1.097921640788194964e+01 1.114056755273765908e+01 1.114057873167852897e+01 1.188374500961174007e+01 1.188375187337621419e+01 1.277781116688899132e+01 1.277784147576881502e+01 1.478753507788101196e+01 1.478754631282538767e+01 1.649756008216403202e+01 1.649756588400915192e+01 2.319810323062152690e+01 2.319810710363193351e+01
2.359950883934081589e-01 2.326467458528636456e+00 2.326476169726608756e+00 3.492773696676654271e+00 3.492797180343068408e+00 4.133611320984106108e+00 4.133624555287592983e+00 4.844124607091938373e+00 4.844131874943624183e+00 6.220068869624294727e+00 6.220076606020371379e+00 6.790845441823612383e+00 6.790850131113205457e+00 7.896802365058507966e+00 7.896828136118899444e+00 1.020724498626022303e+01 1.020724971272851000e+01 1.097999036814477947e+01 1.098000664464151832e+01 1.114112990747924847e+01 1.114114035155422222e+01 1.188325797741124568e+01 1.188326451612664947e+01 1.277753667741214016e+01 1.277756550123659984e+01 1.478761487645899031e+01 1.478762548887232420e+01 1.649752310958060519e+01 1.649752857255416316e+01 2.319787467164449879e+01 2.319787834300436913e+01
2.369183642678290014e-01 2.326354591125710414e+00 2.326362546162688005e+00 3.492623115942978806e+00 3.492645143477728364e+00 4.131695356364065042e+00 4.131707424808960027e+00 4.844706027077735122e+00 4.844712147762461285e+00 6.220024611833966155e+00 6.220031053947855604e+00 6.791758684618894648e+00 6.791762589080711621e+00 7.899286475331519952e+00 7.899310259683582913e+00 1.020523200352139881e+01 1.020523599107844603e+01 1.098070025561859353e+01 1.098071545530984316e+01 1.114164474211669109e+01 1.114165432117951404e+01 1.188281628387675681e+01 1.188282239127415529e+01 1.277728815163988507e+01 1.277731503879137520e+01 1.478768710867056946e+01 1.478769694653857769e+01 1.649749012812154092e+01 1.649749517788704622e+01 2.319766969139204349e+01 2.319767310607088007e+01
2.378416401422498438e-01 2.326251751323643369e+00 2.326258860188326061e+00 3.492488646359302784e+00 3.492508841260799191e+00 4.129989248900540311e+00 4.130000025170244449e+00 4.845218768173356949e+00 4.845223768370336082e+00 6.219986067897542270e+00 6.219991231748053906e+00 6.792567646795146352e+00 6.792570776118336262e+00 7.901505262435101429e+00 7.901526746380195476e+00 1.020343666104320768e+01 1.020343992978801317e+01 1.098132819916093972e+01 1.098134207737047952e+01 1.114210835683046597e+01 1.114211695906063682e+01 1.188242186834289527e+01 1.188242744556799302e+01 1.277706663678019083e+01 1.277709116604134643e+01 1.478775152962003148e+01 1.478776045424779007e+01 1.649746112024073952e+01 1.649746568958730819e+01 2.319748846079736282e+01 2.319749156791087330e+01
2.387649160166706863e-01 2.326160157125042094e+00 2.326166348884523227e+00 3.492370957306256241e+00 3.492388971622132576e+00 4.128498879385506193e+00 4.128508262920150607e+00 4.845662893298977814e+00 4.845666835180386656e+00 6.219953057268931218e+00 6.219957005466280719e+00 6.793271111518721206e+00 6.793273503701358962e+00 7.903448892899660905e+00 7.903467803420023863e+00 1.020186605314953532e+01 1.020186864469139465e+01 1.098187358102637567e+01 1.098188591518024637e+01 1.114251738970832051e+01 1.114252492119820204e+01 1.188207647331375938e+01 1.188208143050203880e+01 1.277687306092272657e+01 1.277689484803436315e+01 1.478780791979787956e+01 1.478781580717448740e+01 1.649743606934587348e+01 1.649744009866431327e+01 2.319733112996462054e+01 2.319733388344515390e+01
2.396881918910915288e-01 2.326080880258844630e+00 2.326086101409780227e+00 3.492270637082804718e+00 3.492286158311536326e+00 4.127229335818565659e+00 4.127237249385490081e+00 4.846038485743715540e+00 4.846041462598860150e+00 6.219925417173673310e+00 6.219928255633026204e+00 6.793868045254364496e+00 6.793869764577616266e+00 7.905108721720178977e+00 7.905124826951279715e+00 1.020052639450705989e+01 1.020052836872074664e+01 1.098233591989971458e+01 1.098234651291609154e+01 1.114286885190217724e+01 1.114287523577655037e+01 1.188178163286485578e+01 1.188178589051389977e+01 1.277670822989001209e+01 1.277672693354746514e+01 1.478785608592741774e+01 1.478786282786267670e+01 1.649741496001846031e+01 1.649741839767438378e+01 2.319719782824552112e+01 2.319720018744384049e+01
2.406114677655123713e-01 2.326014839577992266e+00 2.326019051725139786e+00 3.492188187666533050e+00 3.492200945023647307e+00 4.126184916849410023e+00 4.126191303481638428e+00 4.846345637580578902e+00 4.846347767722114952e+00 6.219903005219009628e+00 6.219904878680356575e+00 6.794357588988313879e+00 6.794358723272954315e+00 7.906477343004743474e+00 7.906490451951474263e+00 1.019942299322875456e+01 1.019942442391553072e+01 1.098271484720428326e+01 1.098272353040721150e+01 1.114316015891165712e+01 1.114316533412233845e+01 1.188153866227768951e+01 1.188154215241067746e+01 1.277657282459286670e+01 1.277658815178324225e+01 1.478789586170714720e+01 1.478790136675621447e+01 1.649739777820540709e+01 1.649740058082321781e+01 2.319708866432004513e+01 2.319709059453241196e+01
2.415347436399332137e-01 2.325962795263240679e+00 2.325965972397103343e+00 3.492124020224983916e+00 3.492133790121934478e+00 4.125369134870169319e+00 4.125373954492109974e+00 4.846584440541493066e+00 4.846585858463104302e+00 6.219885701681851842e+00 6.219886788152826362e+00 6.794739050616055209e+00 6.794739707836361831e+00 7.907548633553642681e+00 7.907558595297766502e+00 1.019856022785229754e+01 1.019856119669124617e+01 1.098301008662438782e+01 1.098301672217135128e+01 1.114338915760595405e+01 1.114339307756379327e+01 1.188134864903802068e+01 1.188135131615864282e+01 1.277646739888666438e+01 1.277647910947941945e+01 1.478792710844717639e+01 1.478793130264156375e+01 1.649738451138160045e+01 1.649738664405350619e+01 2.319700372627805862e+01 2.319700519919338788e+01
2.424580195143540562e-01 2.325925343865975048e+00 2.325927469568286110e+00 3.492078451455459476e+00 3.492085062056616618e+00 4.124784718594582067e+00 4.124787944695953890e+00 4.846754979850158129e+00 4.846755822585033791e+00 6.219873411472395475e+00 6.219873915670532050e+00 6.795011898608441570e+00 6.795012202918414346e+00 7.908317788979105423e+00 7.908324491638298426e+00 1.019794152870176340e+01 1.019794211648170368e+01 1.098322143708842802e+01 1.098322591990836372e+01 1.114355414866873595e+01 1.114355677988268489e+01 1.188121244531439480e+01 1.188121424715780172e+01 1.277639237792317140e+01 1.277640028843811315e+01 1.478794971559859484e+01 1.478795254300244011e+01 1.649737514868333577e+01 1.649737658511721605e+01 2.319694308169900054e+01 2.319694407576185213e+01
2.433812953887748987e-01 2.325902914229125429e+00 2.325903979159984925e+00 3.492051700816469761e+00 3.492055035560916565e+00 4.124433615000916653e+00 4.124435231728114104e+00 4.846857331389774259e+00 4.846857717239987373e+00 6.219866066082320621e+00 6.219866211297135017e+00 6.795175757212475354e+00 6.795175844092627315e+00 7.908781352047998148e+00 7.908784721735706569e+00 1.019756936385778623e+01 1.019756963806777961e+01 1.098334875940311406e+01 1.098335101864585717e+01 1.114365390422143598e+01 1.114365522510745166e+01 1.188113066201733581e+01 1.188113157010402254e+01 1.277634805699170073e+01 1.277635204348166909e+01 1.478796360117615727e+01 1.478796502428551207e+01 1.649736968101297307e+01 1.649737040363133289e+01 2.319690677772732101e+01 2.319690727841312139e+01
2.443045712631957411e-01 2.325895764337113203e+00 2.325895764337135407e+00 3.492043888698038057e+00 3.492043888698048715e+00 4.124316990561212037e+00 4.124316990561236906e+00 4.846891560597399007e+00 4.846891560597433646e+00 6.219863634400409680e+00 6.219863634400443431e+00 6.795230408366781383e+00 6.795230408366782271e+00 7.908937233007561574e+00 7.908937233007615752e+00 1.019744522888330884e+01 1.019744522888332661e+01 1.098339196667928164e+01 1.098339196667928697e+01 1.114368768044789704e+01 1.114368768044791125e+01 1.188110366452049682e+01 1.188110366452050215e+01 1.277633460084206973e+01 1.277633460084207684e+01 1.478796871207529939e+01 1.478796871207530472e+01 1.649736810111597052e+01 1.649736810111599183e+01 2.319689484114112332e+01 2.319689484114113398e+01
2.443045712631957411e-01 2.325895764337113203e+00 2.325895764337135407e+00 3.492043888698038057e+00 3.492043888698048715e+00 4.124316990561212037e+00 4.124316990561236906e+00 4.846891560597399007e+00 4.846891560597433646e+00 6.219863634400409680e+00 6.219863634400443431e+00 6.795230408366781383e+00 6.795230408366782271e+00 7.908937233007561574e+00 7.908937233007615752e+00 1.019744522888330884e+01 1.019744522888332661e+01 1.098339196667928164e+01 1.098339196667928697e+01 1.114368768044789704e+01 1.114368768044791125e+01 1.188110366452049682e+01 1.188110366452050215e+01 1.277633460084206973e+01 1.277633460084207684e+01 1.478796871207529939e+01 1.478796871207530472e+01 1.649736810111597052e+01 1.649736810111599183e+01 2.319689484114112332e+01 2.319689484114113398e+01
2.458243411014068569e-01 2.325704992912255076e+00 2.325710123798208517e+00 3.491634772855497726e+00 3.491636222591290029e+00 4.123956504700089454e+00 4.123961416912284683e+00 4.846574920425484656e+00 4.846575821760528591e+00 6.219619308230830868e+00 6.219622221207627533e+00 6.795375336797752297e+00 6.795377859237117235e+00 7.908490717381743806e+00 7.908512504462187565e+00 1.019759557672630201e+01 1.019759662106157094e+01 1.098299999680250139e+01 1.098300426369132055e+01 1.114323862676916477e+01 1.114323943180434107e+01 1.188147591806695758e+01 1.188147607476023104e+01 1.277637547739179880e+01 1.277638205521941650e+01 1.478798301883946920e+01 1.478798459354400130e+01 1.649792619490299117e+01 1.649792791476823339e+01 2.319676530079545174e+01 2.319677114051831168e+01
2.473441109396179727e-01 2.325137208258753585e+00 2.325147358720145885e+00 3.490409716964197440e+00 3.490412667982585759e+00 4.122880404952958600e+00 4.122890025638321632e+00 4.845626476660599202e+00 4.845628435879389073e+00 6.218889654713711579e+00 6.218895347334352230e+00 6.795812690866590344e+00 6.795817687276610286e+00 7.907176358314474740e+00 7.907219811232078399e+00 1.019804439974011245e+01 1.019804649240512440e+01 1.098182663225398947e+01 1.098183515335698424e+01 1.114189918511660693e+01 1.114190083302968759e+01 1.188258995346435931e+01 1.188259017089168701e+01 1.277650398459723746e+01 1.277651704052440884e+01 1.478802783293202161e+01 1.478803104960313952e+01 1.649960068918401745e+01 1.649960407105555049e+01 2.319638257305066631e+01 2.319639413049619492e+01
2.488638807778290885e-01 2.324190499540185417e+00 2.324205449177151106e+00 3.488371287371296425e+00 3.488375828940614376e+00 4.121089831229052258e+00 4.121103766522331568e+00 4.844048142651270261e+00 4.844051415783012793e+00 6.217675771504382887e+00 6.217683988509157267e+00 6.796542555951782916e+00 6.796549927564401017e+00 7.905004206614245632e+00 7.905069061516806883e+00 1.019878192205151635e+01 1.019878507182729699e+01 1.097986679076949557e+01 1.097987953639330350e+01 1.113968996341394302e+01 1.113969252631531148e+01 1.188443707639253333e+01 1.188443721300795808e+01 1.277671794668343885e+01 1.277673728066263159e+01 1.478810418144182037e+01 1.478810916504452777e+01 1.650238701196609625e+01 1.650239194339991755e+01 2.319574669516429921e+01 2.319576372965295619e+01
2.503836506160402320e-01 2.322861661397021660e+00 2.322881085140546364e+00 3.485523726564208946e+00 3.485529962188939290e+00 4.118586651779080121e+00 4.118604344204907619e+00 4.841843181965819198e+00 4.841848054548142599e+00 6.215979438320792028e+00 6.215989824845346234e+00 6.797565038925902137e+00 6.797574633551727530e+00 7.901990850941715827e+00 7.902076662039137389e+00 1.019979190082982967e+01 1.019979612265627544e+01 1.097711232467313280e+01 1.097712923959470110e+01 1.113664473509436981e+01 1.113664831295472446e+01 1.188700275422548813e+01 1.188700314921998569e+01 1.277701378488162476e+01 1.277703909575099317e+01 1.478821379635478550e+01 1.478822071277367733e+01 1.650627754957530513e+01 1.650628386998134189e+01 2.319485768710685747e+01 2.319487984582952578e+01
2.519034204542513478e-01 2.321146219818318368e+00 2.321169694504485737e+00 3.481872867541741190e+00 3.481880887637200495e+00 4.115373524140503392e+00 4.115394290675739697e+00 4.839016209352843489e+00 4.839022942545593509e+00 6.213803114902979985e+00 6.213815248757924792e+00 6.798880238094223039e+00 6.798891846739721245e+00 7.898159225815978068e+00 7.898265314241424306e+00 1.020105169727932548e+01 1.020105701379754848e+01 1.097355254883747655e+01 1.097357354003225360e+01 1.113280954134540579e+01 1.113281425365038757e+01 1.189026739093958263e+01 1.189026851042170918e+01 1.277738663456547918e+01 1.277741751975767670e+01 1.478835910534300702e+01 1.478836814072132100e+01 1.651126168654002058e+01 1.651126919657018988e+01 2.319371555113230698e+01 2.319374237874781031e+01
2.534231902924624635e-01 2.319038468893964478e+00 2.319065481922841787e+00 3.477426012836792424e+00 3.477435868422347642e+00 4.111453982050470302e+00 4.111477061850675518e+00 4.835573192790354469e+00 4.835581987620208189e+00 6.211149940471593744e+00 6.211163372941972405e+00 6.800488200599357214e+00 6.800501555270136222e+00 7.893538344980693289e+00 7.893663743650147779e+00 1.020253237070041941e+01 1.020253881339534452e+01 1.096917505021049166e+01 1.096919997155142212e+01 1.112824140419173524e+01 1.112824738011459402e+01 1.189420669601480007e+01 1.189420890658012020e+01 1.277783050219154148e+01 1.277786645884972394e+01 1.478854321670371519e+01 1.478855455581381761e+01 1.651732586170915340e+01 1.651733433527067163e+01 2.319232027197853085e+01 2.319235122299322427e+01
2.549429601306735793e-01 2.316531518512785048e+00 2.316561478495746673e+00 3.472191781218889162e+00 3.472203461523345247e+00 4.106832546857927646e+00 4.106857156416337418e+00 4.831521459118525819e+00 4.831532433056142217e+00 6.208023734659079196e+00 6.208038037721005153e+00 6.802388867361539582e+00 6.802403641854200878e+00 7.888162967837818229e+00 7.888306370541034340e+00 1.020419879080801628e+01 1.020420640010057056e+01 1.096396683004398831e+01 1.096399546514982681e+01 1.112300663433058823e+01 1.112301400135655527e+01 1.189879202630939226e+01 1.189879568564671608e+01 1.277833845581375627e+01 1.277837888426291535e+01 1.478876989904177464e+01 1.478878370453279700e+01 1.652445364019443375e+01 1.652446283864706089e+01 2.319067181779274733e+01 2.319070627137952556e+01
2.564627299688846951e-01 2.313617353065357207e+00 2.313649602334650002e+00 3.466179925442695708e+00 3.466193340703756398e+00 4.101514861415152424e+00 4.101540254774190153e+00 4.826869700713934286e+00 4.826882872381524692e+00 6.204429000149845663e+00 6.204443816700660363e+00 6.804582005664264521e+00 6.804597821518057366e+00 7.882073208785225660e+00 7.882232931088000605e+00 1.020600976316688424e+01 1.020601858684444885e+01 1.095791581382499302e+01 1.095794785878817912e+01 1.111717873496187892e+01 1.111718760579200627e+01 1.190399097896668756e+01 1.190399641475801751e+01 1.277890284189503234e+01 1.277894705230929162e+01 1.478904355622338329e+01 1.478905994969058391e+01 1.653262580061174347e+01 1.653263548855520071e+01 2.318877014188369046e+01 2.318880741873009654e+01
2.579824998070958109e-01 2.310286901190223396e+00 2.310320730010334778e+00 3.459401124519142279e+00 3.459416094375284967e+00 4.095507843912345791e+00 4.095533375535899800e+00 4.821627980006388370e+00 4.821643260223754446e+00 6.200370927951591504e+00 6.200386018928488951e+00 6.807067129441385589e+00 6.807083569764185604e+00 7.875314100832455644e+00 7.875488058961016336e+00 1.020791816307836797e+01 1.020792825263070647e+01 1.095101272435346296e+01 1.095104777265065366e+01 1.111083593932724334e+01 1.111084639735807045e+01 1.190976793814680335e+01 1.190977542311461690e+01 1.277951552048324046e+01 1.277956274335417852e+01 1.478936919792171523e+01 1.478938824328131574e+01 1.654182043700925320e+01 1.654183039882878248e+01 2.318661518540536903e+01 2.318665456612425402e+01
2.595022696453069266e-01 2.306530116561523069e+00 2.306564778842774999e+00 3.451866754157027373e+00 3.451883001681609109e+00 4.088819858748601099e+00 4.088845046484667733e+00 4.815807728910274754e+00 4.815824917819148787e+00 6.195855407211808163e+00 6.195870684780761195e+00 6.809843407114846592e+00 6.809860041999595381e+00 7.867935125772963723e+00 7.868120837845682836e+00 1.020987107471205668e+01 1.020988247943303051e+01 1.094325325035033813e+01 1.094329078266987842e+01 1.110405847628614318e+01 1.110407056079658261e+01 1.191608460174765582e+01 1.191609433210766866e+01 1.278016811055742075e+01 1.278021751124621552e+01 1.478975240590971474e+01 1.478977409545579036e+01 1.655201307482987971e+01 1.655202313075948695e+01 2.318420688107607930e+01 2.318424762566890607e+01
2.610220394835180424e-01 2.302336069656231832e+00 2.302370799926453326e+00 3.443588639307010091e+00 3.443605790639700182e+00 4.081460901549979425e+00 4.081485485954710946e+00 4.809421740448874161e+00 4.809440531425014598e+00 6.190889041569088036e+00 6.190904572795063565e+00 6.812909556420786217e+00 6.812925985523127892e+00 7.859989723491373148e+00 7.860184335567748093e+00 1.021180993489566191e+01 1.021182269395239572e+01 1.093464036489763025e+01 1.093467974668835829e+01 1.109692572760702234e+01 1.109693942056763127e+01 1.192290047275566423e+01 1.192291255224930424e+01 1.278085223745728882e+01 1.278090293475306360e+01 1.479019929617902562e+01 1.479022353976606929e+01 1.656317680026686290e+01 1.656318682005876042e+01 2.318154515803039573e+01 2.318158652586409474e+01
2.625418093217291582e-01 2.297693050352492161e+00 2.297727081693048401e+00 3.434578793096923377e+00 3.434596382607745024e+00 4.073442796147065614e+00 4.073466788870403477e+00 4.802484149926000256e+00 4.802504141867064646e+00 6.185479170575418628e+00 6.185495138245653557e+00 6.816263725210605529e+00 6.816279645842134194e+00 7.851534792755302306e+00 7.851735130405304908e+00 1.021367068490833319e+01 1.021368481788772442e+01 1.092518657364031753e+01 1.092522706269583921e+01 1.108951350492380250e+01 1.108952872165691694e+01 1.193017330442207502e+01 1.193018773514485353e+01 1.278155977473965699e+01 1.278161086299551563e+01 1.479071647695252878e+01 1.479074309485385896e+01 1.657528240238155348e+01 1.657529231375642453e+01 2.317862994789186359e+01 2.317867121763577387e+01
2.640615791599402740e-01 2.292588681101037196e+00 2.292621263701170697e+00 3.424849146840231562e+00 3.424866627745428715e+00 4.064779402315248369e+00 4.064803109596838659e+00 4.795010402968976848e+00 4.795031123768468184e+00 6.179633887506448708e+00 6.179650511646503475e+00 6.819903358072029853e+00 6.819918668272168638e+00 7.842630195166944596e+00 7.842832839765507380e+00 1.021538393897827213e+01 1.021539943563742092e+01 1.091491582746204436e+01 1.091495659273734553e+01 1.108189170864424611e+01 1.108190829417962142e+01 1.193785949442090022e+01 1.193787617506723819e+01 1.278228307349663062e+01 1.278233364761567614e+01 1.479131100268083010e+01 1.479133972275338316e+01 1.658829852716431930e+01 1.658830831547659912e+01 2.317546119214003042e+01 2.317550168111007380e+01
2.655813489981513897e-01 2.287010040269538358e+00 2.287040460204441850e+00 3.414411276192719225e+00 3.414428036548965650e+00 4.055486831544989457e+00 4.055510834079377069e+00 4.787017207583296852e+00 4.787038153704616938e+00 6.173362041694993252e+00 6.173379488745717403e+00 6.823825055959579444e+00 6.823839988501872789e+00 7.833338272912463651e+00 7.833539660727454113e+00 1.021687518500715619e+01 1.021689199506512225e+01 1.090386484063371419e+01 1.090390499190210782e+01 1.107412261338673076e+01 1.107414034535377390e+01 1.194591442821135452e+01 1.194593315982470649e+01 1.278301517305076551e+01 1.278306435538156194e+01 1.479199032414248194e+01 1.479202078396677500e+01 1.660219184200665055e+01 1.660220153806924159e+01 2.317203885082783543e+01 2.317207793319955300e+01
2.671011188363625055e-01 2.280943795088643977e+00 2.280971392898519134e+00 3.403276128880007079e+00 3.403291513056383444e+00 4.045583659714454328e+00 4.045608740820754612e+00 4.778522466945132940e+00 4.778543167682031800e+00 6.166673222089459117e+00 6.166691535221986875e+00 6.828024457406735692e+00 6.828039684553674604e+00 7.823723389609642531e+00 7.823919931066769529e+00 1.021806504125897419e+01 1.021808306509682218e+01 1.089208362016913512e+01 1.089212224643574167e+01 1.106625994790482537e+01 1.106627854553152979e+01 1.195429277559969172e+01 1.195431327441969671e+01 1.278374998793770345e+01 1.278379695604122190e+01 1.479276223479229557e+01 1.479279398946727042e+01 1.661692720773593379e+01 1.661693686374679757e+01 2.316836291268461068e+01 2.316840003606365173e+01
2.686208886745736213e-01 2.274376343408480938e+00 2.274400532093762362e+00 3.391453759527655265e+00 3.391467096120432512e+00 4.035091114736157891e+00 4.035118159616035705e+00 4.769545189312881739e+00 4.769565309635517281e+00 6.159577730555341191e+00 6.159596797690570114e+00 6.832496179484225607e+00 6.832512753191674726e+00 7.813851501952445489e+00 7.814039718363274822e+00 1.021886960207097594e+01 1.021888868320032984e+01 1.087963511982817977e+01 1.087967133306739420e+01 1.105834881761323629e+01 1.105836795532368555e+01 1.196294874694079446e+01 1.196297066347729299e+01 1.278448246712335035e+01 1.278452648142236825e+01 1.479363481350958232e+01 1.479366734980206211e+01 1.663246785428256302e+01 1.663247751284710318e+01 2.316443340661948724e+01 2.316446810649186361e+01
2.701406585127847371e-01 2.267293963167065218e+00 2.267314245461875100e+00 3.378953076078113682e+00 3.378963717150544888e+00 4.024033221318175535e+00 4.024063131409505445e+00 4.760105373722997690e+00 4.760124871487617426e+00 6.152086555252709310e+00 6.152106111012598078e+00 6.837233774550083076e+00 6.837252856273343227e+00 7.803789767977105107e+00 7.803966443761536809e+00 1.021920091542235376e+01 1.021922083558424532e+01 1.086659404971669396e+01 1.086662702982488860e+01 1.105042638854149573e+01 1.105044571210809856e+01 1.197183631668545090e+01 1.197185925972045872e+01 1.278520872241090522e+01 1.278524915297379039e+01 1.479461636388089474e+01 1.479464912151540190e+01 1.664877555662150854e+01 1.664878522170007358e+01 2.316025041461925937e+01 2.316028232623723682e+01
2.716604283509958528e-01 2.259682967875895621e+00 2.259698953666317678e+00 3.365781593827250173e+00 3.365788992135802626e+00 4.012436904340175303e+00 4.012470551798972274e+00 4.750223884636565863e+00 4.750243212088737899e+00 6.144211348491276148e+00 6.144230998007657263e+00 6.842229583006620430e+00 6.842252158846733323e+00 7.793606195552813531e+00 7.793768546061739855e+00 1.021896764422394632e+01 1.021898812202974405e+01 1.085304496407611197e+01 1.085307400100969666e+01 1.104252314970024607e+01 1.104254229300926049e+01 1.198090942230775724e+01 1.198093298611758328e+01 1.278592612390238159e+01 1.278596247613365477e+01 1.479571535009687899e+01 1.479574775120494934e+01 1.666581080986611951e+01 1.666582042780790474e+01 2.315581408602199787e+01 2.315584295329673381e+01
2.731801981892069686e-01 2.251529864438944095e+00 2.251541293730899618e+00 3.351945106189663903e+00 3.351949153574007134e+00 4.000332060322619121e+00 4.000370271381235909e+00 4.739922365540500948e+00 4.739942606883539078e+00 6.135964408701870987e+00 6.135983662572703778e+00 6.847474495765769831e+00 6.847501247967482385e+00 7.783369331963751137e+00 7.783515191291249913e+00 1.021807596950946184e+01 1.021809666367738956e+01 1.083907979397888077e+01 1.083910432374123900e+01 1.103466452003995713e+01 1.103468312112170580e+01 1.199012214629811623e+01 1.199014593897471315e+01 1.278663336110917115e+01 1.278666530110185917e+01 1.479694032944306592e+01 1.479697181767163272e+01 1.668353300422234398e+01 1.668354245872927777e+01 2.315112465314678758e+01 2.315115033408689982e+01
2.746999680274180844e-01 2.242821496874156217e+00 2.242828303309567062e+00 3.337446433847675920e+00 3.337449976094989612e+00 3.987751595137671412e+00 3.987795136381945493e+00 4.729223241091798258e+00 4.729245981956596623e+00 6.127358664990085302e+00 6.127376978479466274e+00 6.852957731116696927e+00 6.852989031105147788e+00 7.773147992016003371e+00 7.773276032956695225e+00 1.021643079447750857e+01 1.021645131302493859e+01 1.082479498845739663e+01 1.082481462072866130e+01 1.102687256885414335e+01 1.102689028465907661e+01 1.199942888812168817e+01 1.199945255842812486e+01 1.278733046874462964e+01 1.278735785085928356e+01 1.479829988124509654e+01 1.479832997279914331e+01 1.670190060036349067e+01 1.670190972125726603e+01 2.314618244828853122e+01 2.314620491638728694e+01
2.762197378656292002e-01 2.233544968792196439e+00 2.233547829325526646e+00 3.322287240988253121e+00 3.322294722890905661e+00 3.974731413966970717e+00 3.974780964541321904e+00 4.718149708281114130e+00 4.718176636572679605e+00 6.118407663238618177e+00 6.118424475671050189e+00 6.858666652021199184e+00 6.858702592835994594e+00 7.763011018571416066e+00 7.763121028216323438e+00 1.021393729993356381e+01 1.021395721731784079e+01 1.081028839519333573e+01 1.081030293219630067e+01 1.101916765966966771e+01 1.101918417995041111e+01 1.200878453199744555e+01 1.200880779171926349e+01 1.278801881626593229e+01 1.278804171871949080e+01 1.479980253217102515e+01 1.479983088182285123e+01 1.672087130426513468e+01 1.672087988909221679e+01 2.314098792215899536e+01 2.314100726280178932e+01
2.777395077038403159e-01 2.223686175642997309e+00 2.223690325932800249e+00 3.306469783214640135e+00 3.306482264033528295e+00 3.961310346756338863e+00 3.961366454057805964e+00 4.706725560771942263e+00 4.706758115885333105e+00 6.109125553332527048e+00 6.109140325268256788e+00 6.864586603545511423e+00 6.864627036310731789e+00 7.753027071401183967e+00 7.753120309614167205e+00 1.021050288019450569e+01 1.021052176572694314e+01 1.079565597444787350e+01 1.079566542589451927e+01 1.101156988549150917e+01 1.101158494709612867e+01 1.201814461514266164e+01 1.201816725349942061e+01 1.278870106019820163e+01 1.278871983899096776e+01 1.480145667870876025e+01 1.480148316281069754e+01 1.674040223875876521e+01 1.674041008912170625e+01 2.313554166398693823e+01 2.313555806430974826e+01
2.792592775420514317e-01 2.213235302815098837e+00 2.213243681395629991e+00 3.289993100816472449e+00 3.290010867765324587e+00 3.947529995572947925e+00 3.947593021245597189e+00 4.694974922821725016e+00 4.695014164298171089e+00 6.099527077302044020e+00 6.099539324224600101e+00 6.870700759235385036e+00 6.870745328717438483e+00 7.743264473421056060e+00 7.743344075109805047e+00 1.020603945077905372e+01 1.020605691450006880e+01 1.078098840490347676e+01 1.078099304359675692e+01 1.100410021879655176e+01 1.100411362302769192e+01 1.202746549974097690e+01 1.202748738641870574e+01 1.278938106178488177e+01 1.278939643188536834e+01 1.480327051137484062e+01 1.480329532152395089e+01 1.676045010698562265e+01 1.676045708865640194e+01 2.312984442362965609e+01 2.312985815329659189e+01
2.807790473802625475e-01 2.202183848247170950e+00 2.202196510722563172e+00 3.272854124415986110e+00 3.272877210649131285e+00 3.933434494576148133e+00 3.933504560445611808e+00 4.682922027586086777e+00 4.682968632389952646e+00 6.089627557698037208e+00 6.089636880949187869e+00 6.876989977392265807e+00 6.877038160014625312e+00 7.733791260574828463e+00 7.733862338053588914e+00 1.020046606452741855e+01 1.020048183263299713e+01 1.076636709139680192e+01 1.076636875370984825e+01 1.099678134185944600e+01 1.099679298012988404e+01 1.203670455025187458e+01 1.203672562459576767e+01 1.279006379527874238e+01 1.279007690195149394e+01 1.480525195429544283e+01 1.480527566883587021e+01 1.678097134088282161e+01 1.678097748821352297e+01 2.312389713593875840e+01 2.312390851552368787e+01
2.822988172184736633e-01 2.190523194710705557e+00 2.190539884327951103e+00 3.255048026875436484e+00 3.255076282541218280e+00 3.919070177038163294e+00 3.919147119583279437e+00 4.670591048797042788e+00 4.670645336663996616e+00 6.079442881917413111e+00 6.079449006673335099e+00 6.883432673430679216e+00 6.883483821567546457e+00 7.724675650232478930e+00 7.724744306145305828e+00 1.019371170600341436e+01 1.019372574712606827e+01 1.075186024613271663e+01 1.075186499571699095e+01 1.098963814882624668e+01 1.098964804691249775e+01 1.204582031580324397e+01 1.204584056228178035e+01 1.279075532157086847e+01 1.279076762073461104e+01 1.480740864152068070e+01 1.480743220026393914e+01 1.680192223880198554e+01 1.680192791368285654e+01 2.311770094664494835e+01 2.311771030144333494e+01
2.838185870566847790e-01 2.178245926308138625e+00 2.178266293681109911e+00 3.236568448435484413e+00 3.236601564884440840e+00 3.904485147110128729e+00 3.904568486618078094e+00 4.658005956484149834e+00 4.658067909929317629e+00 6.068989437324972869e+00 6.068992358028708622e+00 6.890004716744202895e+00 6.890058111974975752e+00 7.715986547542998508e+00 7.716057749746219940e+00 1.018571807408802243e+01 1.018573079294271722e+01 1.073752625323411891e+01 1.073753447117684701e+01 1.098269792447437254e+01 1.098270632167258753e+01 1.205477271566510034e+01 1.205479212977697223e+01 1.279146281513789241e+01 1.279147561180815984e+01 1.480974792647383431e+01 1.480977244223173983e+01 1.682325916375247843e+01 1.682326513455295114e+01 2.311125723664494203e+01 2.311126483962130962e+01
2.853383568948958948e-01 2.165346039909411324e+00 2.165369698946356891e+00 3.217407773522727332e+00 3.217445303588339023e+00 3.889728757391313962e+00 3.889817685429331373e+00 4.645190385008147516e+00 4.645259662420482272e+00 6.058283146239843653e+00 6.058285181877351988e+00 6.896679362135399671e+00 6.896734278848982491e+00 7.707793181469483557e+00 7.707869243566680240e+00 1.017644215874945068e+01 1.017645457052603852e+01 1.072340395828829429e+01 1.072341509953458960e+01 1.097599022301052152e+01 1.097599768363422612e+01 1.206352322491517093e+01 1.206354177770993630e+01 1.279219437552121974e+01 1.279220841377989437e+01 1.481227686028301882e+01 1.481230333043161806e+01 1.684493886909194771e+01 1.684494603978800242e+01 2.310456763917720124e+01 2.310457365740864333e+01
2.868581267331070106e-01 2.151819071806603922e+00 2.151845634432100418e+00 3.197557473338105360e+00 3.197598855066524859e+00 3.874850997204767555e+00 3.874944383907243495e+00 4.632167513954362548e+00 4.632243461067753643e+00 6.047340852822093993e+00 6.047345910238186129e+00 6.903427227559202350e+00 6.903483006699468127e+00 7.700164255090499843e+00 7.700244869080175469e+00 1.016585845719781922e+01 1.016587203177286369e+01 1.070951303563190748e+01 1.070952648291585341e+01 1.096954652437558764e+01 1.096955395856718063e+01 1.207203505781139263e+01 1.207205266871151572e+01 1.279295863923339382e+01 1.279297411285789643e+01 1.481500208653935324e+01 1.481503117395763169e+01 1.686691868890409651e+01 1.686692773278153368e+01 2.309763404561381606e+01 2.309763851275584656e+01
2.883778965713181264e-01 2.137662202302581527e+00 2.137691305752424054e+00 3.177008509849223117e+00 3.177053094509524556e+00 3.859901800851770037e+00 3.859998221779783467e+00 4.618959965744544149e+00 4.619041630307618718e+00 6.036182509373076321e+00 6.036190957437684190e+00 6.910216331823871627e+00 6.910272461898394170e+00 7.693167496357490087e+00 7.693250460177198491e+00 1.015396046111642292e+01 1.015397657770550133e+01 1.069585379937838887e+01 1.069586895273111082e+01 1.096339972752432423e+01 1.096340812385263952e+01 1.208027334744817338e+01 1.208028987294367695e+01 1.279376449501158497e+01 1.279378125017880308e+01 1.481792969802940263e+01 1.481796166096170708e+01 1.688915652351640517e+01 1.688916781385213639e+01 2.309045859681849677e+01 2.309046143984013355e+01
2.898976664095292421e-01 2.122874343640609229e+00 2.122905670562350355e+00 3.155751790328249040e+00 3.155798873541293847e+00 3.844930289778727417e+00 3.845028070673691012e+00 4.605589723906146737e+00 4.605675876776262001e+00 6.024827063916541547e+00 6.024838817016078707e+00 6.917012207907720089e+00 6.917068405535789388e+00 7.686869531231138808e+00 7.686951436675627747e+00 1.014076093000180911e+01 1.014078051514079881e+01 1.068240780342621044e+01 1.068242412620527304e+01 1.095758329906567141e+01 1.095759339767382912e+01 1.208820532062654785e+01 1.208822056226331476e+01 1.279462090513565187e+01 1.279463860990371948e+01 1.482106511980273034e+01 1.482109984284635651e+01 1.691161089410655549e+01 1.691162457550151643e+01 2.308304357545804919e+01 2.308304489274896909e+01
2.914174362477403579e-01 2.107456211350253739e+00 2.107489500822531170e+00 3.133778656961187181e+00 3.133827510903400615e+00 3.829983967142443380e+00 3.830081243717537998e+00 4.592078075246932123e+00 4.592167239746625107e+00 6.013293809349701036e+00 6.013308697261416924e+00 6.923778109152513238e+00 6.923834383708506124e+00 7.681335764434644275e+00 7.681412506535825635e+00 1.012629108587288229e+01 1.012631462333897225e+01 1.066913958785642969e+01 1.066915663668044623e+01 1.095213006678362078e+01 1.095214231448497699e+01 1.209580046570720668e+01 1.209581419784898060e+01 1.279553673979469153e+01 1.279555499034123400e+01 1.482441302753629664e+01 1.482445008946113418e+01 1.693424106449800703e+01 1.693425711174445780e+01 2.307539059630006406e+01 2.307539258983660702e+01
2.929372060859514737e-01 2.091410378085570176e+00 2.091445426383344852e+00 3.111081392343595819e+00 3.111131296560656345e+00 3.815107887223942118e+00 3.815202676228671930e+00 4.578445578358738999e+00 4.578536068660967295e+00 6.001602527758088890e+00 6.001620360714888136e+00 6.930475325077664728e+00 6.930532003322727341e+00 7.676630153360156861e+00 7.676697319354977012e+00 1.011059902372772079e+01 1.011062667517695424e+01 1.065599945173364205e+01 1.065601689094735249e+01 1.094707095943775244e+01 1.094708561266157432e+01 1.210303068868507559e+01 1.210304270779609404e+01 1.279652060258682056e+01 1.279653898964204295e+01 1.482797728446727170e+01 1.482801603349503772e+01 1.695700716004626685e+01 1.695702541124999385e+01 2.306750287785321873e+01 2.306750727507161258e+01
2.944569759241625895e-01 2.074741308719413091e+00 2.074777960870477056e+00 3.087653719060235336e+00 3.087703987342338419e+00 3.800343825030909173e+00 3.800434102243697154e+00 4.564712060042934283e+00 4.564802028502217723e+00 5.989773494680362909e+00 5.989794101596410236e+00 6.937063617698599138e+00 6.937121302228227648e+00 7.672814852513966777e+00 7.672868067192781361e+00 1.009374745451536093e+01 1.009377915824044791e+01 1.064292699074744419e+01 1.064294458969811430e+01 1.094243378917699339e+01 1.094245100104621926e+01 1.210987044887744624e+01 1.210988065450247397e+01 1.279758065398632816e+01 1.279759880904216374e+01 1.483176088532094283e+01 1.483180051710911940e+01 1.697987027036987939e+01 1.697989044739617626e+01 2.305938435148630816e+01 2.305939163994804630e+01
2.959767457623737053e-01 2.057455375523531416e+00 2.057493511660970942e+00 3.063491270360632068e+00 3.063541271389154996e+00 3.785729472818195607e+00 3.785813253460780459e+00 4.550896640424032746e+00 4.550984133065868242e+00 5.977827473085967291e+00 5.977850729946856845e+00 6.943501775986788083e+00 6.943561226724355606e+00 7.669949684581914617e+00 7.669985059444369035e+00 1.007581097262777092e+01 1.007584651153314681e+01 1.062985505028516720e+01 1.062987266335252023e+01 1.093824210118413731e+01 1.093826196915328630e+01 1.211629686083704982e+01 1.211630539629581449e+01 1.279872444148909594e+01 1.279874207466056291e+01 1.483576590320767075e+01 1.483580554628568748e+01 1.700279253821381076e+01 1.700281426300431420e+01 2.305103875020472515e+01 2.305104926352994354e+01
2.974965156005848210e-01 2.039560852832940530e+00 2.039600376005041849e+00 3.038592009457883325e+00 3.038641179555147787e+00 3.771297689843228884e+00 3.771373107314155870e+00 4.537017786694034882e+00 4.537100805476608656e+00 5.965785705298122465e+00 5.965811552672748874e+00 6.949748270647197579e+00 6.949810231564625518e+00 7.668090829721327495e+00 7.668106876775637737e+00 1.005687311389210592e+01 1.005691216476085437e+01 1.061671371741113035e+01 1.061673125033215115e+01 1.093451417043628382e+01 1.093453675772853551e+01 1.212228976114977108e+01 1.212229723599603659e+01 1.279995874323121718e+01 1.279997568033552291e+01 1.483999343842577545e+01 1.484003225535596471e+01 1.702573723684335505e+01 1.702576004758804729e+01 2.304247012856514587e+01 2.304248411893870241e+01
2.990162854387959368e-01 2.021067891664250382e+00 2.021108725021392161e+00 3.012956577290046400e+00 3.013004424591794184e+00 3.757075829279462820e+00 3.757141209407037330e+00 4.523093394602031303e+00 4.523169964562378631e+00 5.953669902961683746e+00 5.953698349709322990e+00 6.955761984900029837e+00 6.955827006466271278e+00 7.667280586321602698e+00 7.667299265651002393e+00 1.003702345865318435e+01 1.003706563045575528e+01 1.060343400846568152e+01 1.060345137850598007e+01 1.093126223566437893e+01 1.093128757747098412e+01 1.212783184710498041e+01 1.212783944154226390e+01 1.280128943106790018e+01 1.280130565395879216e+01 1.484444356854839953e+01 1.484448088364208473e+01 1.704866883733367189e+01 1.704869220614227743e+01 2.303368291216298758e+01 2.303370054768868869e+01
3.005360552770070526e-01 2.001988476118276239e+00 2.002030576563181175e+00 2.986588552579396261e+00 2.986634653259208516e+00 3.743085161597215382e+00 3.743139092926485390e+00 4.509140895962874040e+00 4.509209134970356914e+00 5.941502233316645842e+00 5.941533345296675428e+00 6.961503001130923352e+00 6.961571308054146812e+00 7.667568423229438324e+00 7.667612589741902518e+00 1.001635497830785226e+01 1.001639984281931817e+01 1.058995098911842447e+01 1.058996808868041484e+01 1.092849203891285192e+01 1.092852013983899973e+01 1.213290900892998181e+01 1.213291801036429440e+01 1.280272136035564401e+01 1.280273704726115014e+01 1.484911530005176239e+01 1.484915076515338939e+01 1.707155306657417881e+01 1.707157641918013269e+01 2.302468191090778049e+01 2.302470326754171026e+01
3.020558251152181684e-01 1.982336364788711114e+00 1.982379757034736789e+00 2.959494613369030969e+00 2.959538602076490221e+00 3.729340405411015080e+00 3.729381816170288744e+00 4.495177389580482519e+00 4.495235578200217574e+00 5.929305299277503494e+00 5.929339175112098737e+00 6.966933424605056047e+00 6.967004852600976683e+00 7.669009094380268898e+00 7.669082126457469784e+00 9.994961752325108861e+00 9.995008868202214458e+00 1.057620616891649057e+01 1.057622284061443274e+01 1.092620270481432598e+01 1.092623353169919120e+01 1.213751039137724774e+01 1.213752163679456153e+01 1.280425829666195803e+01 1.280427384436722882e+01 1.485400652833054203e+01 1.485404032553973153e+01 1.709435695656395637e+01 1.709437969408354974e+01 2.301547232714442615e+01 2.301549738275765122e+01
3.035755949534292841e-01 1.962127021768230950e+00 1.962171851178405424e+00 2.931684595382833436e+00 2.931726153696757819e+00 3.715849353827505475e+00 3.715877650984804603e+00 4.481219791988891643e+00 4.481266441103643139e+00 5.917102110904257195e+00 5.917138849952164215e+00 6.972018214971896555e+00 6.972092214754394668e+00 7.671643190333329976e+00 7.671745914617628337e+00 9.972937114251909207e+00 9.972986045097032459e+00 1.056214911935116518e+01 1.056216514626345493e+01 1.092438695533273219e+01 1.092442042837162042e+01 1.214162810111885271e+01 1.214164196325764955e+01 1.280590288840832791e+01 1.280591888365369613e+01 1.485911403413222587e+01 1.485914705914006895e+01 1.711704888544186787e+01 1.711707040805893953e+01 2.300605976177314105e+01 2.300608839356900148e+01
3.050953647916403999e-01 1.941377543172988274e+00 1.941424137646632131e+00 2.903171448864207971e+00 2.903210297288977504e+00 3.702612434799867902e+00 3.702628092926110170e+00 4.467285002919081371e+00 4.467318918226232505e+00 5.904916046708185817e+00 5.904955715889660617e+00 6.976725981120740272e+00 6.976801677157396853e+00 7.675504211472066629e+00 7.675636165182983639e+00 9.950372229881830677e+00 9.950422556908511851e+00 1.054773835482167144e+01 1.054775346510836975e+01 1.092303162027294938e+01 1.092306760456542669e+01 1.214525705729029248e+01 1.214527361747598810e+01 1.280765667824432263e+01 1.280767380139804779e+01 1.486443356934088023e+01 1.486446743386107450e+01 1.713959861054696177e+01 1.713961834320959454e+01 2.299645021893991981e+01 2.299648220433179091e+01
3.066151346298515157e-01 1.920106585748840855e+00 1.920155507475172829e+00 2.873971101218914637e+00 2.874007002363756058e+00 3.689620413592388459e+00 3.689629983875571728e+00 4.453390075139584070e+00 4.453410427896183243e+00 5.892770804368230309e+00 5.892813409838746352e+00 6.981029685689632558e+00 6.981105978472257334e+00 7.680618449580132179e+00 7.680778052365043962e+00 9.927355072718130558e+00 9.927406402986111544e+00 1.053294157948191412e+01 1.053295546178911124e+01 1.092211837724282653e+01 1.092215667621856312e+01 1.214839492837850443e+01 1.214841409460619737e+01 1.280952012601655099e+01 1.280953902326314164e+01 1.486996003050624893e+01 1.486999672592837562e+01 1.716197729347792134e+01 1.716199471461603920e+01 2.298665010946471909e+01 2.298668513024561122e+01
3.081349044680626315e-01 1.898334302217358216e+00 1.898386364248091818e+00 2.844102236990532884e+00 2.844135020965688376e+00 3.676855704500655353e+00 3.676874270381061738e+00 4.439552289217661318e+00 4.439558889272305464e+00 5.880690341252806874e+00 5.880735808837848744e+00 6.984907205938975849e+00 6.984982911804194394e+00 7.687004506917402225e+00 7.687189155820765230e+00 9.903969740449303671e+00 9.904021712017049950e+00 1.051773543758440432e+01 1.051774776290744562e+01 1.092162464048935888e+01 1.092166499209747066e+01 1.215104203583012499e+01 1.215106360854398559e+01 1.281149262878594008e+01 1.281151381472937523e+01 1.487568756996152430e+01 1.487572893486106196e+01 1.718415751615953013e+01 1.718417219330924439e+01 2.297666625309951627e+01 2.297670390264382334e+01
3.096546743062737472e-01 1.876082281959643661e+00 1.876138510414911753e+00 2.813586008763834911e+00 2.813615638029030475e+00 3.664303755790186745e+00 3.664334918491159776e+00 4.425781836332058461e+00 4.425790383144464712e+00 5.868698805411775687e+00 5.868746971336602947e+00 6.988341706687452692e+00 6.988415733989692846e+00 7.694672953731302556e+00 7.694879136025892130e+00 9.880296048090141170e+00 9.880348333715696540e+00 1.050210491389011835e+01 1.050211536006046487e+01 1.092152451652323819e+01 1.092156659264444585e+01 1.215320121606889181e+01 1.215322492762996021e+01 1.281357255396550343e+01 1.281359636881383146e+01 1.488160953925736685e+01 1.488165688387981511e+01 1.720611328359212422e+01 1.720612492937088334e+01 2.296650587969374513e+01 2.296654567289298043e+01
3.111744441444848630e-01 1.853373488085386045e+00 1.853435031242016695e+00 2.782445693157342248e+00 2.782472393003417643e+00 3.651939425995015753e+00 3.651983048952297306e+00 4.412099556226449337e+00 4.412121733504581478e+00 5.856820457592652573e+00 5.856871069183243961e+00 6.991321796901045715e+00 6.991393359048370115e+00 7.703626192292991171e+00 7.703849629659847764e+00 9.856409334603920769e+00 9.856461645750309586e+00 1.048604252037669049e+01 1.048605079625556336e+01 1.092178975343228053e+01 1.092183316270046234e+01 1.215487765213806171e+01 1.215490319241964556e+01 1.281575730232271582e+01 1.281578390692807901e+01 1.488771838391071078e+01 1.488777238642764011e+01 1.722781999567492761e+01 1.722782859368023978e+01 2.295617662933889136e+01 2.295621801496182002e+01
3.126942139826959788e-01 1.830232180205181969e+00 1.830300188972229902e+00 2.750706312511190355e+00 2.750730790298562489e+00 3.639729728973912781e+00 3.639784897426976862e+00 4.398531223670770096e+00 4.398566498928285107e+00 5.845079584632388858e+00 5.845132309556715811e+00 6.993841463939559411e+00 6.993910323074497448e+00 7.713858544775920478e+00 7.714094366784145507e+00 9.832380426413854124e+00 9.832432519257510606e+00 1.046954738324443390e+01 1.046955325062213937e+01 1.092239062647144188e+01 1.092243492055628984e+01 1.215607868405475855e+01 1.215610571678872809e+01 1.281804339924297942e+01 1.281807278571293551e+01 1.489400560727781375e+01 1.489406636041095489e+01 1.724925432269679959e+01 1.724926050461178306e+01 2.294568655155357106e+01 2.294572892673881981e+01
3.142139838209070946e-01 1.806683819328892326e+00 1.806759331937946689e+00 2.718394280287943054e+00 2.718417976971221339e+00 3.627635575115645938e+00 3.627700956650714570e+00 4.385097718431831382e+00 4.385145019749080220e+00 5.833500404469876166e+00 5.833554846584124931e+00 6.995899809551067605e+00 6.995966516554587677e+00 7.725356557645396194e+00 7.725599497962735818e+00 9.808275710299932726e+00 9.808327395179754049e+00 1.045262431680142790e+01 1.045262760902521393e+01 1.092329672086268033e+01 1.092334140423863964e+01 1.215681360493089080e+01 1.215684177659593956e+01 1.282042660404460221e+01 1.282045861046440827e+01 1.490046179854769015e+01 1.490052889432761418e+01 1.727039402123212497e+01 1.727039980381896811e+01 2.293504410354902845e+01 2.293508683019683758e+01
3.157337536591182103e-01 1.782754960083672735e+00 1.782838813827918978e+00 2.685537192353097513e+00 2.685562298207599508e+00 3.615612434015379240e+00 3.615686363152811555e+00 4.371820839060015729e+00 4.371878740768346816e+00 5.822106963058343077e+00 5.822162682775640974e+00 6.997500646256240131e+00 6.997566680986392562e+00 7.738099496069003713e+00 7.738344103640991456e+00 9.784157277792804308e+00 9.784208433027009377e+00 1.043528293815817243e+01 1.043528358646331888e+01 1.092447759041236388e+01 1.092452213369843861e+01 1.215709344892688115e+01 1.215712239144012763e+01 1.282290202818136216e+01 1.282293635444843360e+01 1.490707668852105172e+01 1.490714930054196152e+01 1.729121878303531545e+01 1.729122658934890566e+01 2.292425814757915248e+01 2.292430057053044834e+01
3.172535234973293261e-01 1.758473137969095879e+00 1.758565914980513067e+00 2.652163763312996636e+00 2.652192759091902996e+00 3.603610963914532395e+00 3.603691475271797895e+00 4.358723375753356777e+00 4.358790174123635452e+00 5.810923023600370385e+00 5.810979560720264558e+00 6.998652023519934318e+00 6.998719683063738373e+00 7.752059987564482668e+00 7.752300845632403181e+00 9.760083112181771270e+00 9.760133702314027104e+00 1.041753488318042820e+01 1.041753691322394459e+01 1.092590328539841238e+01 1.092594714249876908e+01 1.215693077652108478e+01 1.215696010538126437e+01 1.282546425586759931e+01 1.282550048096949169e+01 1.491383921471851792e+01 1.491391617286411275e+01 1.731171062345769940e+01 1.731172150036107027e+01 2.291333794731857765e+01 2.291337941443264015e+01
3.187732933355404419e-01 1.733866756221145167e+00 1.733968759920930358e+00 2.618303612553370296e+00 2.618338709969341149e+00 3.591577697692336812e+00 3.591662548243510944e+00 4.345829067040568816e+00 4.345902858379726119e+00 5.799971948732042470e+00 5.800028845754003903e+00 6.999365691131320233e+00 6.999437657423546177e+00 7.767204765589552196e+00 7.767436713631298062e+00 9.736107297116356918e+00 9.736157394267220155e+00 1.039939858520159177e+01 1.039940315836225082e+01 1.092754475421564564e+01 1.092758738375354177e+01 1.215633946210149752e+01 1.215636877220821255e+01 1.282810746242632938e+01 1.282814506403293997e+01 1.492073759068255612e+01 1.492081745207360477e+01 1.733185271520188309e+01 1.733186684838192448e+01 2.290229316311533836e+01 2.290233304775239631e+01
3.202930631737515577e-01 1.708964972895963941e+00 1.709076228541074327e+00 2.583986864932537486e+00 2.584029806589180467e+00 3.579455797563080299e+00 3.579542491897821144e+00 4.333162485151989429e+00 4.333241252131471377e+00 5.789276576508397554e+00 5.789333400565640275e+00 6.999656425269591864e+00 6.999735194491963242e+00 7.783495461150079286e+00 7.783713818939253848e+00 9.712280232304181027e+00 9.712330037277871142e+00 1.038089444728887045e+01 1.038090136789046802e+01 1.092937413043262929e+01 1.092941502241783702e+01 1.215533448840892738e+01 1.215536335013129765e+01 1.283082552671168486e+01 1.283086390350912787e+01 1.492775937873218872e+01 1.492784049846085814e+01 1.735162936572695713e+01 1.735164659747875859e+01 2.289113384579624011e+01 2.289117157290909788e+01
3.218128330119626734e-01 1.683797586550799252e+00 1.683917859817746665e+00 2.549243852229854834e+00 2.549295969603739831e+00 3.567185879917284197e+00 3.567271707202721132e+00 4.320748847874846810e+00 4.320830551575046030e+00 5.778859091262148695e+00 5.778915452956217003e+00 6.999541207231772866e+00 6.999628678279198546e+00 7.800889392697984981e+00 7.801090192748900698e+00 9.688648846880035137e+00 9.688698704228547953e+00 1.036204446634770626e+01 1.036205345000917788e+01 1.093136492071406174e+01 1.093140363011042737e+01 1.215393175182812691e+01 1.215395970982663343e+01 1.283361213474318596e+01 1.283365063130396777e+01 1.493489156619750879e+01 1.493497216955170082e+01 1.737102616294613355e+01 1.737104616935215162e+01 2.287987042841696805e+01 2.287990550669222145e+01
3.233326028501737892e-01 1.658394918186992584e+00 1.658523746999075899e+00 2.514104978241370247e+00 2.514167286390876388e+00 3.554706908183519420e+00 3.554788998830702873e+00 4.308613754554287745e+00 4.308696427700398957e+00 5.768740890601940841e+00 5.768796458222218426e+00 6.999038386750463303e+00 6.999135721904351293e+00 7.819340309506043418e+00 7.819520556614050655e+00 9.665256804414784852e+00 9.665307203794050395e+00 1.034287245505477237e+01 1.034288314188765767e+01 1.093349211029135759e+01 1.093352830020359612e+01 1.215214788188955275e+01 1.215217445872871060e+01 1.283646087241094769e+01 1.283649880584619218e+01 1.494212064499617654e+01 1.494219890123780381e+01 1.739002999816867501e+01 1.739005236498229934e+01 2.286851371487352225e+01 2.286854577951067213e+01
3.248523726883849050e-01 1.632787687042895675e+00 1.632924422662743957e+00 2.478600674196744791e+00 2.478673930385120627e+00 3.541957147659153371e+00 3.542032559448878626e+00 4.296782847388921134e+00 4.296864683348707636e+00 5.758942449970562372e+00 5.758996957888758317e+00 6.998166958678418759e+00 6.998274632213300706e+00 7.838799048686938775e+00 7.838957047330887384e+00 9.642144695017570655e+00 9.642196251760466907e+00 1.032340371261764211e+01 1.032341568283588273e+01 1.093573220228871890e+01 1.093576570055471997e+01 1.215000007757787692e+01 1.215002478350604243e+01 1.283936530581025437e+01 1.283940199306134922e+01 1.494943269412820896e+01 1.494950679074713840e+01 1.740862904836069092e+01 1.740865332128800702e+01 2.285707486366658259e+01 2.285710373774038828e+01
3.263721425265960208e-01 1.607006877841565373e+00 1.607150731511711284e+00 2.442761406585302719e+00 2.442846134556072357e+00 3.528875169267547740e+00 3.528941020447274202e+00 4.285281403913923981e+00 4.285360835524373080e+00 5.749483186285699432e+00 5.749536436772396009e+00 6.996945987453188742e+00 6.997063908497721307e+00 7.859214070404092922e+00 7.859349894723828278e+00 9.619350209911569749e+00 9.619403622367958206e+00 1.030366476019155186e+01 1.030367755290459719e+01 1.093806320661347797e+01 1.093809407897125752e+01 1.214750596212167721e+01 1.214752831188733673e+01 1.284231904842405925e+01 1.284235383283617438e+01 1.495681346443767801e+01 1.495688168007903229e+01 1.742681274558093563e+01 1.742683847542423337e+01 2.284556536515134795e+01 2.284559115073827940e+01
3.278919123648071365e-01 1.581083597037930222e+00 1.581233688416603611e+00 2.406617729610794676e+00 2.406714223258211494e+00 3.515400872610557670e+00 3.515454570459599193e+00 4.274133872025891456e+00 4.274209634067074326e+00 5.740381322237379180e+00 5.740433180588162543e+00 6.995394164672055659e+00 6.995521810136803964e+00 7.880531855247602913e+00 7.880648050526002812e+00 9.596908293713200422e+00 9.596964282544472979e+00 1.028368312959000086e+01 1.028369626443855900e+01 1.094046459569994845e+01 1.094049323095028292e+01 1.214468345678031547e+01 1.214470299459260794e+01 1.284531581496322694e+01 1.284534809073864103e+01 1.496424846483229665e+01 1.496430923868121354e+01 1.744457174119775544e+01 1.744459852954751611e+01 2.283399701536452397e+01 2.283402021929308390e+01
3.294116822030182523e-01 1.555048915459085856e+00 1.555204319056798123e+00 2.370200381306197812e+00 2.370308698338654096e+00 3.501476437962084187e+00 3.501516192843805442e+00 4.263363364576015613e+00 4.263434533697513906e+00 5.731653752834025006e+00 5.731704136500699320e+00 6.993529481622917210e+00 6.993666015310592954e+00 7.902697264464222826e+00 7.902799665769295601e+00 9.574851271208048686e+00 9.574910512166463050e+00 1.026348719451114988e+01 1.026350019604403840e+01 1.094291725091824929e+01 1.094294442839490067e+01 1.214155067235285479e+01 1.214156700852010751e+01 1.284834946216803253e+01 1.284837869542623956e+01 1.497172304905254592e+01 1.497177504427634176e+01 1.746189786783093822e+01 1.746192541349768135e+01 2.282238190950443979e+01 2.282240356226581568e+01
3.309314520412293681e-01 1.528933694534816645e+00 1.529093480540633765e+00 2.333540422245399704e+00 2.333660374606059129e+00 3.487046791306161353e+00 3.487073388302217136e+00 4.252991135772979270e+00 4.253057142024576187e+00 5.723315915810362142e+00 5.723364779107122047e+00 6.991369003753280964e+00 6.991513375507289574e+00 7.925654290652453859e+00 7.925751999180123519e+00 9.553208948754170038e+00 9.553272011338032499e+00 1.024310603473091064e+01 1.024311846024180284e+01 1.094540342901788144e+01 1.094543029826114378e+01 1.213812581291796810e+01 1.213813868537244289e+01 1.285141401724116683e+01 1.285143976274776279e+01 1.497922250202648975e+01 1.497926466086344455e+01 1.747878410120588200e+01 1.747881224356383356e+01 2.281073250774874595e+01 2.281075412853429185e+01
3.324512218794404839e-01 1.502768393121240331e+00 1.502931659572025902e+00 2.296669414939989107e+00 2.296800560237445499e+00 3.472058429892386666e+00 3.472081476854124826e+00 4.243036065539839363e+00 4.243096670799314296e+00 5.715381667576844293e+00 5.715428984279119717e+00 6.988928735948029214e+00 6.989079760270344721e+00 7.949347474524296686e+00 7.949450499128241532e+00 9.532008693487574291e+00 9.532075993374656164e+00 1.022256932473632496e+01 1.022258079815981091e+01 1.094790675362142274e+01 1.094793466064409593e+01 1.213442707130431231e+01 1.213443648395558405e+01 1.285450369476920507e+01 1.285452560806791134e+01 1.498673212482673200e+01 1.498676371303286814e+01 1.749522452433806663e+01 1.749525327524055385e+01 2.279906176913478788e+01 2.279908503829558342e+01
3.339709917176515996e-01 1.476582851791713669e+00 1.476748746056034900e+00 2.259619641509742038e+00 2.259761278184708289e+00 3.456464791684063620e+00 3.456500232332340161e+00 4.233514179622835272e+00 4.233569421061313065e+00 5.707863166520294129e+00 5.707908913061070955e+00 6.986223567123042599e+00 6.986379982067751016e+00 7.973722588047924553e+00 7.973838481488671803e+00 9.511275494448160117e+00 9.511347261658789520e+00 1.020190723864920734e+01 1.020191749715663221e+01 1.095041217750177687e+01 1.095044239180444912e+01 1.213047243873894310e+01 1.213047908070123349e+01 1.285761290282701097e+01 1.285763074899455560e+01 1.499423731724938058e+01 1.499425795585158028e+01 1.751121429617085568e+01 1.751124384815046042e+01 2.278738318834792409e+01 2.278740951864460129e+01
3.354907615558627154e-01 1.450406051490032766e+00 1.450573780474676777e+00 2.222424357038490061e+00 2.222575525008632980e+00 3.440233711377886916e+00 3.440288242846713640e+00 4.224438231965639723e+00 4.224488334400498424e+00 5.700770765626147707e+00 5.700814907453128022e+00 6.983267281997247444e+00 6.983427789661205587e+00 7.998725663837382704e+00 7.998858347929296286e+00 9.491032008850542212e+00 9.491108269646968409e+00 1.018115036296508080e+01 1.018115933018088093e+01 1.095290586649168496e+01 1.095293936976971416e+01 1.212627943659933472e+01 1.212628556695907811e+01 1.286073623772206709e+01 1.286074990221370307e+01 1.500172365693744148e+01 1.500173333981979162e+01 1.752674962441670559e+01 1.752678032366303285e+01 2.277571066542034117e+01 2.277574100318850725e+01
3.370105313940738312e-01 1.424265843711294499e+00 1.424434673891290970e+00 2.185118076004811005e+00 2.185277563826252933e+00 3.423338459469862816e+00 3.423413441853119465e+00 4.215817371817899506e+00 4.215862641549120937e+00 5.694112916501627097e+00 5.694155399488862734e+00 6.980072627780249839e+00 6.980235918362802217e+00 8.024302094222543147e+00 8.024452645204632972e+00 9.471298595389509245e+00 9.471379164729844646e+00 1.016032961201717910e+01 1.016033751450346045e+01 1.095537504764451597e+01 1.095541246612851616e+01 1.212186607548349215e+01 1.212187444397758362e+01 1.286386846050378274e+01 1.286387798457948328e+01 1.500917605543406630e+01 1.500917698910671305e+01 1.754182773781504423e+01 1.754186002026424873e+01 2.276405837218661077e+01 2.276409323161550802e+01
3.385303012322849470e-01 1.398188650013814982e+00 1.398357900047420888e+00 2.147736889155079432e+00 2.147903248187242653e+00 3.405758717016305059e+00 3.405853408664200721e+00 4.207656912734395682e+00 4.207697634526931019e+00 5.687896086845381838e+00 5.687936834648234630e+00 6.976651424003502022e+00 6.976816186304497514e+00 8.050396530272607265e+00 8.050564257464721152e+00 9.452093335621889025e+00 9.452177817512298574e+00 1.013947617186295425e+01 1.013948365851424249e+01 1.095780788748894174e+01 1.095784952261620937e+01 1.211725135950307042e+01 1.211726309362492415e+01 1.286700440671028822e+01 1.286701017022757476e+01 1.501657265118221574e+01 1.501658343182998223e+01 1.755644684996677540e+01 1.755648115477752569e+01 2.275244069896942634e+01 2.275248026552868907e+01
3.400500710704960627e-01 1.372199129775511395e+00 1.372368159738036830e+00 2.110318808033392113e+00 2.110490373645212525e+00 3.387482307355082600e+00 3.387594583528419800e+00 4.199958215943997430e+00 4.199994578559453018e+00 5.682124693187143194e+00 5.682163610385005725e+00 6.973014704687748200e+00 6.973179626884062898e+00 8.076953047343234715e+00 8.077136284771963659e+00 9.433432044207320288e+00 9.433519838330648000e+00 1.011862155711630962e+01 1.011862960794263699e+01 1.096019341284013748e+01 1.096023930305265459e+01 1.211245391040382380e+01 1.211246914616047299e+01 1.287013851335184178e+01 1.287014232280680837e+01 1.502390995740403312e+01 1.502392956343076413e+01 1.757060610988331462e+01 1.757064279455734024e+01 2.274087224144205166e+01 2.274091646040740855e+01
3.415698409087071785e-01 1.346319816766151867e+00 1.346488018591154301e+00 2.072904133964747153e+00 2.073079053474855549e+00 3.368505747957880825e+00 3.368632318377527302e+00 4.192718696510410403e+00 4.192750766549183439e+00 5.676801050334505661e+00 5.676838030386661238e+00 6.969172883289358467e+00 6.969336648644572918e+00 8.103915280411692734e+00 8.104111921464523860e+00 9.415328268869034289e+00 9.415418582744068843e+00 1.009779771610236310e+01 1.009780725318784889e+01 1.096252145815292423e+01 1.096257143856093208e+01 1.210749199112879282e+01 1.210751046142240739e+01 1.287326500545516872e+01 1.287327076336914722e+01 1.503117523976894887e+01 1.503120236743605886e+01 1.758430554157614978e+01 1.758434481859092102e+01 2.272936779153892317e+01 2.272941642967007780e+01
3.430896107469182943e-01 1.320570727357323948e+00 1.320737520724213576e+00 2.035535847464384318e+00 2.035712114300500808e+00 3.348834418158843196e+00 3.348970970607709763e+00 4.185931954550282441e+00 4.185959706725675744e+00 5.671925338488351898e+00 5.671960275071259439e+00 6.965135932229943982e+00 6.965297214865394437e+00 8.131226499912393990e+00 8.131434377664868762e+00 9.397793281129727561e+00 9.397885147579364329e+00 1.007703692613221769e+01 1.007704855392546328e+01 1.096478262716564345e+01 1.096483637936577971e+01 1.210238371407195501e+01 1.210240493431916953e+01 1.287638039957323421e+01 1.287638971909181862e+01 1.503835617555768067e+01 1.503838934132419602e+01 1.759754597934422193e+01 1.759758788111972905e+01 2.271794232238620737e+01 2.271799501075984651e+01
3.446093805851294101e-01 1.294968946066784810e+00 1.295133782746349160e+00 1.998260012653201745e+00 1.998435506219773616e+00 3.328482514745961574e+00 3.328623888694096866e+00 4.179588022907571698e+00 4.179611427927666156e+00 5.667495588502813320e+00 5.667528388698223729e+00 6.960913570136523454e+00 6.961071036050173966e+00 8.158829654566520873e+00 8.159046828726127742e+00 9.380836059084966649e+00 9.380928358998637862e+00 1.005637161269441648e+01 1.005638564581646399e+01 1.096696826438574490e+01 1.096702535798603684e+01 1.209714710735985932e+01 1.209717044764049376e+01 1.287948081004407008e+01 1.287949396930421564e+01 1.504544088351592990e+01 1.504547853795025958e+01 1.761032900415459324e+01 1.761037337266298408e+01 2.270661096703455684e+01 2.270666723341419413e+01
3.461291504233405258e-01 1.269528197690900084e+00 1.269690575488817252e+00 1.961126189104591244e+00 1.961298720188743516e+00 3.307472842670836410e+00 3.307613277824849263e+00 4.173673707042861558e+00 4.173692888661351574e+00 5.663507685329135732e+00 5.663538283295536324e+00 6.956515451080903745e+00 6.956667769311550842e+00 8.186667404345481458e+00 8.186892378312204954e+00 9.364463263679567717e+00 9.364554754041803264e+00 1.003583427895603464e+01 1.003585084199015931e+01 1.096907043553261651e+01 1.096913036452256662e+01 1.209180013984847690e+01 1.209182486812385982e+01 1.288256186118863589e+01 1.288257888755068592e+01 1.505241793264762684e+01 1.505245861415823860e+01 1.762265688307132550e+01 1.762270337677775700e+01 2.269538899240205865e+01 2.269544828871950770e+01
3.476489202615516416e-01 1.244258419629522328e+00 1.244417904920849027e+00 1.924187840405145788e+00 1.924355202850972280e+00 3.285836460578829499e+00 3.285969971623280639e+00 4.168172975688627879e+00 4.168188483682203405e+00 5.659955389324101027e+00 5.659983759376574497e+00 6.951951351012226610e+00 6.952097219426097041e+00 8.214682158248319155e+00 8.214914027128637386e+00 9.348679210166480402e+00 9.348768557178772198e+00 1.001545748825880899e+01 1.001547658592720502e+01 1.097108191693376611e+01 1.097114413340655226e+01 1.208636073469105909e+01 1.208638605284934009e+01 1.288561911325758835e+01 1.288563997346229684e+01 1.505927633800688703e+01 1.505931887861846619e+01 1.763453251142302491e+01 1.763458062316766828e+01 2.268429176957418036e+01 2.268435349787353417e+01
3.491686900997627574e-01 1.219165353305045940e+00 1.219321609138632301e+00 1.887502724310707425e+00 1.887662755555251870e+00 3.263612174491346440e+00 3.263733167802518764e+00 4.163067381756476948e+00 4.163080616202796236e+00 5.656830374835569941e+00 5.656856543144763272e+00 6.947231347165149451e+00 6.947369537130332340e+00 8.242816125007593087e+00 8.243054644052971724e+00 9.333485836678311998e+00 9.333571653593812911e+00 9.995273849250946085e+00 9.995295405481291695e+00 1.097299619382998870e+01 1.097306014061620161e+01 1.208084677783864613e+01 1.208087185686329512e+01 1.288864812002317173e+01 1.288867275779846899e+01 1.506600554712056272e+01 1.506604933557098569e+01 1.764595935678843119e+01 1.764600843837427746e+01 2.267333474122506587e+01 2.267339828003472135e+01
3.506884599379738732e-01 1.194250179970359538e+00 1.194402995223199815e+00 1.851133243388364047e+00 1.851283900060259668e+00 3.240845802462855030e+00 3.240950256694028031e+00 4.158336723797987133e+00 4.158350073043600936e+00 5.654122285312559448e+00 5.654146339569531499e+00 6.942365986469427597e+00 6.942495411104028236e+00 8.271011378873302178e+00 8.271256940802159008e+00 9.318882672151067581e+00 9.318963561223744918e+00 9.975315996609602109e+00 9.975339874365072745e+00 1.097480746730971823e+01 1.097487261023863780e+01 1.207527612227724845e+01 1.207530013884200848e+01 1.289164443063261345e+01 1.289167276899104309e+01 1.507259543670823909e+01 1.507264070531989830e+01 1.765694140408669810e+01 1.765699069509242847e+01 2.266253338669375594e+01 2.266259811893568354e+01
3.522082297761849889e-01 1.169509233757205946e+00 1.169658548162089140e+00 1.815146727013558614e+00 1.815286188703284287e+00 3.217588962688306076e+00 3.217677038389962885e+00 4.153960135357017691e+00 4.153975967058367580e+00 5.651818804140373409e+00 5.651840900364878628e+00 6.937366438922882850e+00 6.937486251047904062e+00 8.299209936485420158e+00 8.299463456028808750e+00 9.304866806227769516e+00 9.304941404001306537e+00 9.955616569001325189e+00 9.955642578474991566e+00 1.097651066937534203e+01 1.097657652911515846e+01 1.206966658709526463e+01 1.206968876368511800e+01 1.289460358299250942e+01 1.289463551458620039e+01 1.507903636618253707e+01 1.507908437569391857e+01 1.766748310140889799e+01 1.766753176080786858e+01 2.265190318516156509e+01 2.265196852809669537e+01
3.537279996143961047e-01 1.144933833422164371e+00 1.145079753728324823e+00 1.779615604914448035e+00 1.779742432496676630e+00 3.193897345074809380e+00 3.193978410057871198e+00 4.149916559006107342e+00 4.149936248706954878e+00 5.649905740465108295e+00 5.649926105529481823e+00 6.932244631774201693e+00 6.932354360098718082e+00 8.327353835935472404e+00 8.327616558368134747e+00 9.291432864240704248e+00 9.291499889346521712e+00 9.936208185198744047e+00 9.936236084751120856e+00 1.097810148548621534e+01 1.097816766810579026e+01 1.206403594914819166e+01 1.206405560263405441e+01 1.289752109655904455e+01 1.289755647011841155e+01 1.508531932469007586e+01 1.508537224857622228e+01 1.767758930647594084e+01 1.767763644621680186e+01 2.264145957739559378e+01 2.264152501452270982e+01
3.552477694526072205e-01 1.120510283524067008e+00 1.120653087664199354e+00 1.744617418512740104e+00 1.744730818184008880e+00 3.169831947501284386e+00 3.169926075218559625e+00 4.146184640998130888e+00 4.146208718255175896e+00 5.648367129340680748e+00 5.648386056831270707e+00 6.927013361261829871e+00 6.927113094520027659e+00 8.355385208181516532e+00 8.355658477620103497e+00 9.278572990898721784e+00 9.278631293777852562e+00 9.917123418009879288e+00 9.917152910984059488e+00 1.097957638381047651e+01 1.097964260824825544e+01 1.205840192204801475e+01 1.205841853493697258e+01 1.290039246649472204e+01 1.290043107363699804e+01 1.509143609801141572e+01 1.509149655619204822e+01 1.768726523371373105e+01 1.768730995378568238e+01 2.263121792663572052e+01 2.263128304071729602e+01
3.567675392908183363e-01 1.096220104940960338e+00 1.096360233607568624e+00 1.710234601359876816e+00 1.710334884266574429e+00 3.145464962898814498e+00 3.145591612516383417e+00 4.142743013841234223e+00 4.142771548064706266e+00 5.647185345294188252e+00 5.647203181750202639e+00 6.921686384019282379e+00 6.921777003755813951e+00 8.383246335201999244e+00 8.383531367652022226e+00 9.266276846727029337e+00 9.266325461785651640e+00 9.898394764860659834e+00 9.898425495130190654e+00 1.098093265029832111e+01 1.098099876981563838e+01 1.205278210776865677e+01 1.205279546490854159e+01 1.290321315997248952e+01 1.290325472508774496e+01 1.509737930287277941e+01 1.509744980072712295e+01 1.769651640190500430e+01 1.769655782684127487e+01 2.262119347940264902e+01 2.262125798470163218e+01
3.582873091290294520e-01 1.072040562402211350e+00 1.072178600082676736e+00 1.676553966454451539e+00 1.676643306995988070e+00 3.120877152189823978e+00 3.121048083395943973e+00 4.139570717948440226e+00 4.139603549647389968e+00 5.646341227461915580e+00 5.646358347331545957e+00 6.916278507664710418e+00 6.916361926997489640e+00 8.410879696046391629e+00 8.411177396234386094e+00 9.254531620882424647e+00 9.254569825613456757e+00 9.880054613343277836e+00 9.880086162467616617e+00 1.098216842845767083e+01 1.098223444210474042e+01 1.204719388227898946e+01 1.204720439250542796e+01 1.290597861508191535e+01 1.290602278991066498e+01 1.510314227537168108e+01 1.510322483179232478e+01 1.770534858215982865e+01 1.770538589979698330e+01 2.261140132726194807e+01 2.261146509751597478e+01
3.598070789672405678e-01 1.047945560982821434e+00 1.048082209980079949e+00 1.643665961295092348e+00 1.643749319660440689e+00 3.096152789672975469e+00 3.096374098160854516e+00 4.136647539595625034e+00 4.136684402156062923e+00 5.645814213004024751e+00 5.645830984934383068e+00 6.910805731750355285e+00 6.910884991219116813e+00 8.438228006559972627e+00 8.438538850447868001e+00 9.243322058671152419e+00 9.243349461391680677e+00 9.862135199634629146e+00 9.862167088529142589e+00 1.098328276221233679e+01 1.098334881187734524e+01 1.204165422408778241e+01 1.204166352845440713e+01 1.290868424261998193e+01 1.290873060624492119e+01 1.510871893573628277e+01 1.510881494079660570e+01 1.771376774531105269e+01 1.771380025075018594e+01 2.260185637077040610e+01 2.260191945752684362e+01
3.613268488054516836e-01 1.023906981231171631e+00 1.024043031273452975e+00 1.611664060347431926e+00 1.611749288849687378e+00 3.071379125926877673e+00 3.071653394265447368e+00 4.133954260709540307e+00 4.133994847416242457e+00 5.645582475070290762e+00 5.645599227464273007e+00 6.905285486886728386e+00 6.905364459476703409e+00 8.465234258311648219e+00 8.465558244104741448e+00 9.232630461155276080e+00 9.232647240974285907e+00 9.844668557305034540e+00 9.844700255348154627e+00 1.098427563933246809e+01 1.098434198886490876e+01 1.203618006162585985e+01 1.203619087831016188e+01 1.291132543090115270e+01 1.291137349516733757e+01 1.511410369967335932e+01 1.511421390328995784e+01 1.772178000596419523e+01 1.772180715955114394e+01 2.259257328667577625e+01 2.259263592104309737e+01
3.628466186436627994e-01 9.998965098685316244e-01 1.000032802400397935e+00 1.580644363374786421e+00 1.580740302067484615e+00 3.046646521923932038e+00 3.046973766385792981e+00 4.131472839163794042e+00 4.131516838649026191e+00 5.645623063611603598e+00 5.645640058890299962e+00 6.899736881210465356e+00 6.899819517431536653e+00 8.491841758042292909e+00 8.492178414761337280e+00 9.222436162492625655e+00 9.222444594009157726e+00 9.827686453629999264e+00 9.827717398287319384e+00 1.098514803175639365e+01 1.098521502754269719e+01 1.203078902867475186e+01 1.203080340690192607e+01 1.291389755358331470e+01 1.291394677343846809e+01 1.511929142858621766e+01 1.511941597831823181e+01 1.772939155426712432e+01 1.772941308059436949e+01 2.258356649856207810e+01 2.258362906963736094e+01
3.643663884818739152e-01 9.758879959172325202e-01 9.760253777185126101e-01 1.550704093065422118e+00 1.550818051389542429e+00 3.022048252198633822e+00 3.022426339466855350e+00 4.129186531361745516e+00 4.129233640643300340e+00 5.645912050458223419e+00 5.645929472998372667e+00 6.894180722197566169e+00 6.894270227797141715e+00 8.517994163351561454e+00 8.518342599644501689e+00 9.212713422265439434e+00 9.212723967069010200e+00 9.811220310063694328e+00 9.811249940733548058e+00 1.098590192817458799e+01 1.098596994500596580e+01 1.202549878583811527e+01 1.202551762618519504e+01 1.291639598038790204e+01 1.291644576828244517e+01 1.512427739604734711e+01 1.512441588870597009e+01 1.773660854459938463e+01 1.773662466142994631e+01 2.257485014942322366e+01 2.257491315627964923e+01
3.658861583200850309e-01 9.518603185909493281e-01 9.519995771747460367e-01 1.521938601997820495e+00 1.522075464584737636e+00 2.997680127416444851e+00 2.998105020663634601e+00 4.127079965003343176e+00 4.127129885377259555e+00 5.646424681249286870e+00 5.646442637466894787e+00 6.888639276325063676e+00 6.888737688544166460e+00 8.543635505162423982e+00 8.543994480230221455e+00 9.203440806600115209e+00 9.203459934448300572e+00 9.795301103027799883e+00 9.795328914393117259e+00 1.098654035421441044e+01 1.098660973457339551e+01 1.202032647657945041e+01 1.202035003930053314e+01 1.291881609049844748e+01 1.291886583377483078e+01 1.512905725836526649e+01 1.512920879567965216e+01 1.774343685391935210e+01 1.774344889473273312e+01 2.256643807285622927e+01 2.256650205416970323e+01
3.674059281582961467e-01 9.278006952593998991e-01 9.279424714465073221e-01 1.494438293940874907e+00 1.494600847240977082e+00 2.973640039340837760e+00 2.974106011956346052e+00 4.125139168602355966e+00 4.125191589642648538e+00 5.647135535445693577e+00 5.647154060995066338e+00 6.883135985076901164e+00 6.883244175412322363e+00 8.568710183133907421e+00 8.569078183800714399e+00 9.194596605007074430e+00 9.194624446755994995e+00 9.779959240743338000e+00 9.779984863856451938e+00 1.098706737670951661e+01 1.098713837347533762e+01 1.201528877331872813e+01 1.201531698694476802e+01 1.292115328835152610e+01 1.292120236845549464e+01 1.513362702548056404e+01 1.513379027277485100e+01 1.774988187500577652e+01 1.774989323864430446e+01 2.255834375923699398e+01 2.255840921246103292e+01
3.689256979965072625e-01 9.037082927346160588e-01 9.038529740834980730e-01 1.468285937130113350e+00 1.468475344457031095e+00 2.950027463622529655e+00 2.950527332453210860e+00 4.123351564066943808e+00 4.123406141794418112e+00 5.648018693875026308e+00 5.648037763256624544e+00 6.877695267603893825e+00 6.877813138245681301e+00 8.593162916232676807e+00 8.593538227417790054e+00 9.186155505036898816e+00 9.186191033083034085e+00 9.765224412528342057e+00 9.765247734672978908e+00 1.098748809025782514e+01 1.098756082129422396e+01 1.201040191112164379e+01 1.201043450034138793e+01 1.292340302148467579e+01 1.292345083382209836e+01 1.513798303190403161e+01 1.513815628039525052e+01 1.775594973573865332e+01 1.775596431456780877e+01 2.255058031528611906e+01 2.255064762098864861e+01
3.704454678347183783e-01 8.795979452809795651e-01 8.797455542396729333e-01 1.443554190888655775e+00 1.443770292967955893e+00 2.926942930059977854e+00 2.927468325839331253e+00 4.121705928802588126e+00 4.121762264244451579e+00 5.649047912511451663e+00 5.649067448394879065e+00 6.872342378611864255e+00 6.872469083260802414e+00 8.616938626652725475e+00 8.617319385912592722e+00 9.178091385455926954e+00 9.178133138642223798e+00 9.751125413764990313e+00 9.751146739599093394e+00 1.098780858555385542e+01 1.098788300476157964e+01 1.200568166337017750e+01 1.200571820840533555e+01 1.292556080007298469e+01 1.292560677339605846e+01 1.514212190841645800e+01 1.514230314127118682e+01 1.776164774510656486e+01 1.776166738192485894e+01 2.254316041867624776e+01 2.254322978282579726e+01
3.719652376729294940e-01 8.555037418860454990e-01 8.556538394909803946e-01 1.420303396511968241e+00 1.420544871783971264e+00 2.904487461323102426e+00 2.905029138653948184e+00 4.120192333938525131e+00 4.120249957343246727e+00 5.650196801339132158e+00 5.650216682740158092e+00 6.867103265714283644e+00 6.867237398626312661e+00 8.639982231001052781e+00 8.640366461150390975e+00 9.170378311006873062e+00 9.170424561653446105e+00 9.737689975569850276e+00 9.737710175126276013e+00 1.098803589931375768e+01 1.098811178462502447e+01 1.200114329494425824e+01 1.200118326565241134e+01 1.292762221776671794e+01 1.292766583208786813e+01 1.514604055536879024e+01 1.514622751681301871e+01 1.776698278198671943e+01 1.776700787399598980e+01 2.253609627141000615e+01 2.253616769136217002e+01
3.734850075111406098e-01 8.314822339826852815e-01 8.316338603025416054e-01 1.398579842163127473e+00 1.398844302806369733e+00 2.882761978670683956e+00 2.883310159912858328e+00 4.118802065153230885e+00 4.118860429288753622e+00 5.651439007543197057e+00 5.651459077035840828e+00 6.862004401163141587e+00 6.862144151055626473e+00 8.662238308338086057e+00 8.662623925404901115e+00 9.162991459393813543e+00 9.163040308771249087e+00 9.724944664844985098e+00 9.724965128128955527e+00 1.098817794529255742e+01 1.098825490130891680e+01 1.199680150812449142e+01 1.199684428774541622e+01 1.292958297343412077e+01 1.292962377562292531e+01 1.514973611828412281e+01 1.514992638435106365e+01 1.777196115695604917e+01 1.777199146472355196e+01 2.252939955551758899e+01 2.252947280871669022e+01
3.750047773493517256e-01 8.076150361503144914e-01 8.077667028044017705e-01 1.378414706974109505e+00 1.378698781947718999e+00 2.861866673162958730e+00 2.862411415730582220e+00 4.117527532081686203e+00 4.117586015899733276e+00 5.652748402546518669e+00 5.652768473056442033e+00 6.857072583573549984e+00 6.857215861477801155e+00 8.683650610906207490e+00 8.684035407784227445e+00 9.155908216664792931e+00 9.155957683661005930e+00 9.712914846920284617e+00 9.712937091293083469e+00 1.098824342554830302e+01 1.098832089739688733e+01 1.199267038694962295e+01 1.199271529099226186e+01 1.293143889341475017e+01 1.293147650982209917e+01 1.515320596626879635e+01 1.515339701529640948e+01 1.777658882974485621e+01 1.777662378397434750e+01 2.252308139306514434e+01 2.252315604379039371e+01
3.765245471875628414e-01 7.840106399022365169e-01 7.841603809035162520e-01 1.359823815861995522e+00 1.360123248329547119e+00 2.841900341952044773e+00 2.842431915299585832e+00 4.116362171500185241e+00 4.116420093528703639e+00 5.654099272478156024e+00 5.654119134167403082e+00 6.852334712590942623e+00 6.852479261632195673e+00 8.704161381422622412e+00 8.704542990412402759e+00 9.149109490305372461e+00 9.149157606791323616e+00 9.701624519123901891e+00 9.701649695843510557e+00 1.098824172114613695e+01 1.098831901616005879e+01 1.198876334260025089e+01 1.198880963514313613e+01 1.293318595389849968e+01 1.293322009956208873e+01 1.515644767354850586e+01 1.515663695429741686e+01 1.778087147094716869e+01 1.778091029272901480e+01 2.251715231093557890e+01 2.251722772972485487e+01
3.780443170257739571e-01 7.608053189003917138e-01 7.609507971177881247e-01 1.342808237277232974e+00 1.343118007725886631e+00 2.822959690918783959e+00 2.823468947285693531e+00 4.115300348554474574e+00 4.115356987987174975e+00 5.655466511545404806e+00 5.655485939078951141e+00 6.847817541208440772e+00 6.847961032823801197e+00 8.723710442798248366e+00 8.724086282569084361e+00 9.142581263164011318e+00 9.142626179469672820e+00 9.691095965979927840e+00 9.691124633733174676e+00 1.098818276198326593e+01 1.098825907636021171e+01 1.198509306124317320e+01 1.198513996976859275e+01 1.293482030306302022e+01 1.293485078726840065e+01 1.515945900426608262e+01 1.515964399949315222e+01 1.778481446148791534e+01 1.778485622475115235e+01 2.251162221000898711e+01 2.251169760129846864e+01
3.795640868639850729e-01 7.381630520065739498e-01 7.383017117709657073e-01 1.327355655830010805e+00 1.327670132128577540e+00 2.805138606998109463e+00 2.805617328532953536e+00 4.114337259372297773e+00 4.114391882023246794e+00 5.656825817534619105e+00 5.656844577750690384e+00 6.843547410690113075e+00 6.843687528987627111e+00 8.742234035699706141e+00 8.742601249904689453e+00 9.136316394740878977e+00 9.136356496271035965e+00 9.681349442691113083e+00 9.681381590659425385e+00 1.098807687623473406e+01 1.098815132446216936e+01 1.198167145527637878e+01 1.198171818473027450e+01 1.293633828262756680e+01 1.293636501081720169e+01 1.516223790051551745e+01 1.516241618398359492e+01 1.778842287485615614e+01 1.778846654975813379e+01 2.250650033814946127e+01 2.250657477294389963e+01
3.810838567021961887e-01 7.162744093539001877e-01 7.164036617095487225e-01 1.313442370508542067e+00 1.313755480276105558e+00 2.788527405873112652e+00 2.788968609931510301e+00 4.113468837566571779e+00 4.113520723572656301e+00 5.658153888323589342e+00 5.658171748086647135e+00 6.839549973083848045e+00 6.839684487321303408e+00 8.759663402441583813e+00 8.760018798313552679e+00 9.130316649558135822e+00 9.130350686171192720e+00 9.672402980129056971e+00 9.672438127955683029e+00 1.098793462091875561e+01 1.098800626628720778e+01 1.197850961863522201e+01 1.197855536521953468e+01 1.293773644851294158e+01 1.293775942073941465e+01 1.516478247343965258e+01 1.516495175864770850e+01 1.779170145528994595e+01 1.779174594491610861e+01 2.250179526648936701e+01 2.250186771792236229e+01
3.826036265404073045e-01 6.953543264748219821e-01 6.954717518262641951e-01 1.301035720400767648e+00 1.301341138233121031e+00 2.773212063228174262e+00 2.773610247312841892e+00 4.112691666425559944e+00 4.112740136689636117e+00 5.659428617885620127e+00 5.659445351723504380e+00 6.835849906392918562e+00 6.835976730737238327e+00 8.775923161492908520e+00 8.776263157559174743e+00 9.124594883541906398e+00 9.124622118131947346e+00 9.664272279963231682e+00 9.664309576206575159e+00 1.098776659614505391e+01 1.098783448106925853e+01 1.197561778661653875e+01 1.197566175169347247e+01 1.293901159033700132e+01 1.293903089663156436e+01 1.516709099709060737e+01 1.516724917644846826e+01 1.779465459601998845e+01 1.779469877054180316e+01 2.249751486865754302e+01 2.249758424897578735e+01
3.841233963786184202e-01 6.756386381878363157e-01 6.757421906364489139e-01 1.290096727259535170e+00 1.290388068659316323e+00 2.759273440330643812e+00 2.759624748173813202e+00 4.112002897995675532e+00 4.112047336761703420e+00 5.660629289832928457e+00 5.660644686868161912e+00 6.832470627619404269e+00 6.832587867210017762e+00 8.790929598326391314e+00 8.791250191498113153e+00 9.119177233309889274e+00 9.119197631805731064e+00 9.656970679065858931e+00 9.657008989141242949e+00 1.098758324665800856e+01 1.098764642181887297e+01 1.197300530050109124e+01 1.197304670485018541e+01 1.294016074952147832e+01 1.294017656267885563e+01 1.516916190464431580e+01 1.516930707836793069e+01 1.779728631900597335e+01 1.779732904855207920e+01 2.249366630272401579e+01 2.249373150060008442e+01
3.856431662168295360e-01 6.573791807804619802e-01 6.574673781825405294e-01 1.280582762615265935e+00 1.280853777049756337e+00 2.746786517215308976e+00 2.747088807756381090e+00 4.111400179779350239e+00 4.111440051341389790e+00 5.661736766120236908e+00 5.661750635807714538e+00 6.829434009043550802e+00 6.829539991747405558e+00 8.804589130253926754e+00 8.804885894653283529e+00 9.114105015515708175e+00 9.114119533778445970e+00 9.650509184858993450e+00 9.650547175517811382e+00 1.098739465525661352e+01 1.098745220680521939e+01 1.197068057709049249e+01 1.197071867559159841e+01 1.294118123584337532e+01 1.294119380218602267e+01 1.517099378647804819e+01 1.517112428111282263e+01 1.779960025671167401e+01 1.779964044307778792e+01 2.249025599570913414e+01 2.249031591296457222e+01
3.871629360550406518e-01 6.408372372719990384e-01 6.409093199960038678e-01 1.272450085510158813e+00 1.272694842161518736e+00 2.735819648937169113e+00 2.736072450438505221e+00 4.110881589378322154e+00 4.110916447696173925e+00 5.662733668141328280e+00 5.662745844419357688e+00 6.826760103212457409e+00 6.826853397183712424e+00 8.816797394368895979e+00 8.817065527673241476e+00 9.109435929820140387e+00 9.109446840612026364e+00 9.644896585813228285e+00 9.644932811494262737e+00 1.098721033350616239e+01 1.098726140776434157e+01 1.196865108311975234e+01 1.196868517974669999e+01 1.294207064233730442e+01 1.294208027098012259e+01 1.517258538956986413e+01 1.517269976672059428e+01 1.780159963613068541e+01 1.780163624298350911e+01 2.248728963053889984e+01 2.248734321743559761e+01
3.886827058932517676e-01 6.262751450985096779e-01 6.263311837343654709e-01 1.265656143139175072e+00 1.265869204112108681e+00 2.726433861780475976e+00 2.726638194624136702e+00 4.110445577105587667e+00 4.110475067985942310e+00 5.663604547143128443e+00 5.663614890780229949e+00 6.824466882144677449e+00 6.824546300257889442e+00 8.827439643195139851e+00 8.827674080154125136e+00 9.105244400178028386e+00 9.105254552717914507e+00 9.640139634513815281e+00 9.640172626755768803e+00 1.098703901579706432e+01 1.098708284106187705e+01 1.196692331436518408e+01 1.196695277718672124e+01 1.294282685856792448e+01 1.294283390947781776e+01 1.517393561766395926e+01 1.517403267416901791e+01 1.780328726513328164e+01 1.780331934617137435e+01 2.248477213533698915e+01 2.248481842363083061e+01
3.902024757314628833e-01 6.139460546604930125e-01 6.139869812676582717e-01 1.260161570752547089e+00 1.260338147498309302e+00 2.718682206103320453e+00 2.718840261870366870e+00 4.110090916366986313e+00 4.110114772814214668e+00 5.664336040687458329e+00 5.664344439840072631e+00 6.822569996192849651e+00 6.822634589462101218e+00 8.836393338317444446e+00 8.836588952341630332e+00 9.101619849062917211e+00 9.101630391760345162e+00 9.636243291522371024e+00 9.636271649364898551e+00 1.098688846320026258e+01 1.098692436841513143e+01 1.196550277914567673e+01 1.196552705486695878e+01 1.294344808250180101e+01 1.294345295303353005e+01 1.517504353167569242e+01 1.517512229304906768e+01 1.780466552113779599e+01 1.780469224561218766e+01 2.248270767493996658e+01 2.248274580792326205e+01
3.917222455696739991e-01 6.040821441692009186e-01 6.041096700848865853e-01 1.255931862888838957e+00 1.256067952334740445e+00 2.712609179242696289e+00 2.712723854955594760e+00 4.109816661485598210e+00 4.109834693743877665e+00 5.664917011845123973e+00 5.664923381095967159e+00 6.821082557833793913e+00 6.821131600897359704e+00 8.843533839581260381e+00 8.843685745980925716e+00 9.098660021155803079e+00 9.098670123205948812e+00 9.633211009453832574e+00 9.633233486666272327e+00 1.098676528367176175e+01 1.098679271385974232e+01 1.196439398582113967e+01 1.196441261328239847e+01 1.294393283168983899e+01 1.294393593973541812e+01 1.517590834988243209e+01 1.517596805929339077e+01 1.780573634207440037e+01 1.780575701708221814e+01 2.248109964451457543e+01 2.248112890332100022e+01
3.932420154078851149e-01 5.968820351312482675e-01 5.968983957829998577e-01 1.252938712897130547e+00 1.253031210305286303e+00 2.708250224169710840e+00 2.708324536181311970e+00 4.109622112621420520e+00 4.109634195195655870e+00 5.665338667935202466e+00 5.665342946310267358e+00 6.820014955369765985e+00 6.820047927830498402e+00 8.848743642775591667e+00 8.848847594451950016e+00 9.096460965220622086e+00 9.096469011989483988e+00 9.631045029856688089e+00 9.631060613767461476e+00 1.098667477494048050e+01 1.098669330339817130e+01 1.196360043383258187e+01 1.196361305582751733e+01 1.294427995560258182e+01 1.294428171371176717e+01 1.517652944756371802e+01 1.517656955286528664e+01 1.780650121959036625e+01 1.780651530860755472e+01 2.247995066514882012e+01 2.247997049066505681e+01
3.947617852460962307e-01 5.924986104008092003e-01 5.925060527426500023e-01 1.251161032037785725e+00 1.251207818076097045e+00 2.705631298291624631e+00 2.705667745369074950e+00 4.109506787531758576e+00 4.109512845936567516e+00 5.665594655934182988e+00 5.665596804546992438e+00 6.819374701119137683e+00 6.819391268813400409e+00 8.851924526410108740e+00 8.851977353221693434e+00 9.095104990303079617e+00 9.095109461415196606e+00 9.629746661853838319e+00 9.629754638371011310e+00 1.098662079586114615e+01 1.098663013317859694e+01 1.196312460780744402e+01 1.196313098059969171e+01 1.294448865271299809e+01 1.294448942028115290e+01 1.517690635590601467e+01 1.517692649720949660e+01 1.780696119443471659e+01 1.780696833163412052e+01 2.247926258128615018e+01 2.247927259110960563e+01
3.962815550843073464e-01 5.910287098828012065e-01 5.910287098829591912e-01 1.250585665031637372e+00 1.250585665031652249e+00 2.704768499372623314e+00 2.704768499372642854e+00 4.109470400114716426e+00 4.109470400114738631e+00 5.665681132169179790e+00 5.665681132169188672e+00 6.819166318136897331e+00 6.819166318136906213e+00 8.853010397309727608e+00 8.853010397309782675e+00 9.094647971965372335e+00 9.094647971965391875e+00 9.629316511872531237e+00 9.629316511872561435e+00 1.098660567113980058e+01 1.098660567113981301e+01 1.196296797427534031e+01 1.196296797427534209e+01 1.294455849261061431e+01 1.294455849261062497e+01 1.517703876015983155e+01 1.517703876015983511e+01 1.780711685395458943e+01 1.780711685395459298e+01 2.247903645987452137e+01 2.247903645987454269e+01
3.962815550843073464e-01 5.910287098828012065e-01 5.910287098829591912e-01 1.250585665031637372e+00 1.250585665031652249e+00 2.704768499372623314e+00 2.704768499372642854e+00 4.109470400114716426e+00 4.109470400114738631e+00 5.665681132169179790e+00 5.665681132169188672e+00 6.819166318136897331e+00 6.819166318136906213e+00 8.853010397309727608e+00 8.853010397309782675e+00 9.094647971965372335e+00 9.094647971965391875e+00 9.629316511872531237e+00 9.629316511872561435e+00 1.098660567113980058e+01 1.098660567113981301e+01 1.196296797427534031e+01 1.196296797427534209e+01 1.294455849261061431e+01 1.294455849261062497e+01 1.517703876015983155e+01 1.517703876015983511e+01 1.780711685395458943e+01 1.780711685395459298e+01 2.247903645987452137e+01 2.247903645987454269e+01
3.972048309587282167e-01 5.905612042870158618e-01 5.905660681968744052e-01 1.251209312627387771e+00 1.251291043004587600e+00 2.704361748298204748e+00 2.704421551690959102e+00 4.109290276847564982e+00 4.109308723568496191e+00 5.665152485207347155e+00 5.665165040071865832e+00 6.819224658036224795e+00 6.819279254947491431e+00 8.853008584100667377e+00 8.853023683134566113e+00 9.094264433201258768e+00 9.094266412958887713e+00 9.629720061550122168e+00 9.629724451097725790e+00 1.098660864635161971e+01 1.098661286621552691e+01 1.196303582658232045e+01 1.196303750500981522e+01 1.294445186772638401e+01 1.294445340575702730e+01 1.517705511041864597e+01 1.517705586730545164e+01 1.780711228287487913e+01 1.780711358346932016e+01 2.247914822038489291e+01 2.247915150287022357e+01
3.981281068331490869e-01 5.891674112037995625e-01 5.891817450850109772e-01 1.253156541460997087e+00 1.253317872807658828e+00 2.703201874368348356e+00 2.703320849867143938e+00 4.108768127944474102e+00 4.108804734761337230e+00 5.663579916417612381e+00 5.663604852194277228e+00 6.819454550522538128e+00 6.819562862878105314e+00 8.853017886981229267e+00 8.853048721202451787e+00 9.093119868668573247e+00 9.093123830747041225e+00 9.630931099349099966e+00 9.630939835261539628e+00 1.098662176824649883e+01 1.098663028742593895e+01 1.196324073313928338e+01 1.196324404624375681e+01 1.294413366725985526e+01 1.294413699411030727e+01 1.517710418009540341e+01 1.517710711323654138e+01 1.780709988028277735e+01 1.780710246955488429e+01 2.247948662798425801e+01 2.247949323045397207e+01
3.990513827075699571e-01 5.868649096374133345e-01 5.868945031068175666e-01 1.256409154546054285e+00 1.256645933770256018e+00 2.701289974792229653e+00 2.701466854883376900e+00 4.107902985797377227e+00 4.107957183706390403e+00 5.660965704483428063e+00 5.661002674987242855e+00 6.819855935381163192e+00 6.820016214829304424e+00 8.853037931273876282e+00 8.853085656785934177e+00 9.091226319076863405e+00 9.091232266383620697e+00 9.632937758457195798e+00 9.632950753717617332e+00 1.098664505271834280e+01 1.098665801552776422e+01 1.196358166398234246e+01 1.196358652580703819e+01 1.294360458968056804e+01 1.294361012808847278e+01 1.517718590695182534e+01 1.517719239094301287e+01 1.780707966452756352e+01 1.780708351841300541e+01 2.248005125509378033e+01 2.248006124489014823e+01
3.999746585819908273e-01 5.836829191833634578e-01 5.837336486141517788e-01 1.260937072296008932e+00 1.261243323213158352e+00 2.698627665150781230e+00 2.698860537027937045e+00 4.106693134744204166e+00 4.106764080800786587e+00 5.657313594072606477e+00 5.657362084333287022e+00 6.820428411858598494e+00 6.820638072086266490e+00 8.853068366866098771e+00 8.853134461928700460e+00 9.088603276281832066e+00 9.088611207881754694e+00 9.635720823131668666e+00 9.635737945672785187e+00 1.098667856092199102e+01 1.098669615019325008e+01 1.196405689001658068e+01 1.196406317545036835e+01 1.294286590534678716e+01 1.294287415076238013e+01 1.517730020672268409e+01 1.517731150449028910e+01 1.780705166233713754e+01 1.780705674418824813e+01 2.248084140722614066e+01 2.248085486743758565e+01
4.008979344564116976e-01 5.796604800218971842e-01 5.797380326342689294e-01 1.266699707307306300e+00 1.267067906432550295e+00 2.695217072446244533e+00 2.695503366382002941e+00 4.105136102089391947e+00 4.105222691929926171e+00 5.652628803928966938e+00 5.652688135380239842e+00 6.821171236227601575e+00 6.821426895746800056e+00 8.853108888042859448e+00 8.853194921906133885e+00 9.085276877675038776e+00 9.085286783090849028e+00 9.639254532434787137e+00 9.639275603522348135e+00 1.098672240268098932e+01 1.098674480621842520e+01 1.196466398694377453e+01 1.196467153620719515e+01 1.294191944496266267e+01 1.294193088730284735e+01 1.517744696168812446e+01 1.517746418323049440e+01 1.780701590886174301e+01 1.780702216885570977e+01 2.248185612689144008e+01 2.248187313786661079e+01
4.018212103308325678e-01 5.748446660972512667e-01 5.749543320772095845e-01 1.273647695900097077e+00 1.274069098443700865e+00 2.691060823974777971e+00 2.691397301313541490e+00 4.103228646467104390e+00 4.103329530753868859e+00 5.646918038473740076e+00 5.646987375902880579e+00 6.822083321416275936e+00 6.822380859505384976e+00 8.853159234637628217e+00 8.853266642654199714e+00 9.081278888532763105e+00 9.081290741113582143e+00 9.643507594572993114e+00 9.643532387017822671e+00 1.098677673742802696e+01 1.098680411204988161e+01 1.196539984107521271e+01 1.196540846553016557e+01 1.294076758516529502e+01 1.294078265641807413e+01 1.517762602072134825e+01 1.517765008557515394e+01 1.780697244767036480e+01 1.780697982212991093e+01 2.248309419699682365e+01 2.248311481580526916e+01
4.027444862052534380e-01 5.692886694119643209e-01 5.694351121155334372e-01 1.281724817598703270e+00 1.282189807296472139e+00 2.686162031999712152e+00 2.686544775405093954e+00 4.100966743615743759e+00 4.101080348193846703e+00 5.640189502849196401e+00 5.640267863125424164e+00 6.823163238723132018e+00 6.823497863596349688e+00 8.853219183037460027e+00 8.853349070396019371e+00 9.076645560296579873e+00 9.076659310275418946e+00 9.648444323925652100e+00 9.648472560396921693e+00 1.098684177311689147e+01 1.098687421019431198e+01 1.196626065702174557e+01 1.196627014615638274e+01 1.293941323768608420e+01 1.293943227729389633e+01 1.517783719944210219e+01 1.517786880362571722e+01 1.780692133069368666e+01 1.780692974140204399e+01 2.248455414382067730e+01 2.248457838379438911e+01
4.036677620796742527e-01 5.630498701132664596e-01 5.632368778498240136e-01 1.290869939950344714e+00 1.291368378489100133e+00 2.680524274352618086e+00 2.680948683191915816e+00 4.098345569652650511e+00 4.098470119159541625e+00 5.632452921317215200e+00 5.632539183913412018e+00 6.824409221610941323e+00 6.824775549684873432e+00 8.853288534068983751e+00 8.853441516135010403e+00 9.071416452019043675e+00 9.071432019847234685e+00 9.654025813667201916e+00 9.654057165400439899e+00 1.098691776375029683e+01 1.098695525887104374e+01 1.196724196725004141e+01 1.196725209665023826e+01 1.293785984150986224e+01 1.293788307255558045e+01 1.517808028041192259e+01 1.517811986863236484e+01 1.780686261811064242e+01 1.780687197171006630e+01 2.248623423976976099e+01 2.248626205178596393e+01
4.045910379540951229e-01 5.561880181706195803e-01 5.564182556827104165e-01 1.301018853128419472e+00 1.301540409462629500e+00 2.674151571238276848e+00 2.674612365026854288e+00 4.095359481964433002e+00 4.095493026587153196e+00 5.623719558901779436e+00 5.623812478214846422e+00 6.825819171542580222e+00 6.826211316482535096e+00 8.853367101523712535e+00 8.853543180875321994e+00 9.065633291071236499e+00 9.065650561536198637e+00 9.660211068091731690e+00 9.660245154282240065e+00 1.098700500610815567e+01 1.098704743432674746e+01 1.196833864349239285e+01 1.196834918356629629e+01 1.293611135643097754e+01 1.293613886877923846e+01 1.517835501336674042e+01 1.517840275717699150e+01 1.780679637817845773e+01 1.780680656574220322e+01 2.248813250615508608e+01 2.248816376278682228e+01
4.055143138285159932e-01 5.487636203001965418e-01 5.490383986178686282e-01 1.312105897352323414e+00 1.312640342866543630e+00 2.667048358656719742e+00 2.667539591324935788e+00 4.092001997863298435e+00 4.092142442896672172e+00 5.614002246139692787e+00 5.614100465600500911e+00 6.827390665793592106e+00 6.827802335856556049e+00 8.853454702558902767e+00 8.853653179867796652e+00 9.059338931516254689e+00 9.059357749043513763e+00 9.666958036500302498e+00 9.666994424647972650e+00 1.098710383609303065e+01 1.098715093339899163e+01 1.196954491000164822e+01 1.196955563516895005e+01 1.293417225694436468e+01 1.293420399552376487e+01 1.517866111548567964e+01 1.517871689795640577e+01 1.780672268701061611e+01 1.780673358387329586e+01 2.249024671617942062e+01 2.249028119938004266e+01
4.064375897029368634e-01 5.408365868814585253e-01 5.411556667339311177e-01 1.324065327070430564e+00 1.324602788196798331e+00 2.659219458974745098e+00 2.659734546381867570e+00 4.088265771206412325e+00 4.088410909026965356e+00 5.603315406768899720e+00 5.603417474713199731e+00 6.829120967149004073e+00 6.829545569198308463e+00 8.853551149888980731e+00 8.853770565402470538e+00 9.052576448435596390e+00 9.052596613865254938e+00 9.674224510683600897e+00 9.674262718112393244e+00 1.098721462494483525e+01 1.098726597607876521e+01 1.197085435865324499e+01 1.197086505663719436e+01 1.293204752590313333e+01 1.293208328334092805e+01 1.517899827169628679e+01 1.517906167902995840e+01 1.780664162830763075e+01 1.780665309422863984e+01 2.249257439826655869e+01 2.249261179091315199e+01
4.073608655773577336e-01 5.324651581702289915e-01 5.328265975909804997e-01 1.336832392174872597e+00 1.337363556964250133e+00 2.650670049273561979e+00 2.651201811909234873e+00 4.084142567233675969e+00 4.084290111269630152e+00 5.591675088144905992e+00 5.591779475392060661e+00 6.831007035367452573e+00 6.831437783818242515e+00 8.853656245172997430e+00 8.853894348058156893e+00 9.045388387386749329e+00 9.045409656410670962e+00 9.681968867197882744e+00 9.682008363917503857e+00 1.098733777545945500e+01 1.098739280793754602e+01 1.197225996591699726e+01 1.197227044666970031e+01 1.292974264764203873e+01 1.292978206093208371e+01 1.517936613501599119e+01 1.517943645538569797e+01 1.780655329304933687e+01 1.780656517277015283e+01 2.249511283980263343e+01 2.249515272119475284e+01
4.082841414517786038e-01 5.237051016242235679e-01 5.241051541286761983e-01 1.350344144404937108e+00 1.350860423303988034e+00 2.641405628167779351e+00 2.641946350389608789e+00 4.079623235954686677e+00 4.079770856202070917e+00 5.579098994122536403e+00 5.579204113179939917e+00 6.833045540272742358e+00 6.833475569139716654e+00 8.853769772869574339e+00 8.854023516293592522e+00 9.037816172321523567e+00 9.037838255674900623e+00 9.690150651552144723e+00 9.690190864565810358e+00 1.098747371827803931e+01 1.098753170235081278e+01 1.197375411175475790e+01 1.197376421538410618e+01 1.292726360039094224e+01 1.292730615147196893e+01 1.517976432692993605e+01 1.517984055667298904e+01 1.780645777915755090e+01 1.780646990339707614e+01 2.249785909131609074e+01 2.249790093657972179e+01
4.092074173261994741e-01 5.146091538810435573e-01 5.150422201821884816e-01 1.364539995516478088e+00 1.365033639168633739e+00 2.631431981828219691e+00 2.631973488322778110e+00 4.074697684508316264e+00 4.074843044117206325e+00 5.565606520074891428e+00 5.565710745853155395e+00 6.835232876313972028e+00 6.835655352475123792e+00 8.853891493808770718e+00 8.854157054072025801e+00 9.029899663719422875e+00 9.029922229140618484e+00 9.698731013096185904e+00 9.698771332191951089e+00 1.098762290827964350e+01 1.098768296248091225e+01 1.197532860054717219e+01 1.197533820337599941e+01 1.292461684785399179e+01 1.292466186804008998e+01 1.518019243780497085e+01 1.518027329494574396e+01 1.780635519113939935e+01 1.780636737805324898e+01 2.250080997109502690e+01 2.250085315434791156e+01
4.101306932006203443e-01 5.052266711116925046e-01 5.056853048707953269e-01 1.379362063646007108e+00 1.379826242056170882e+00 2.620755149956021324e+00 2.621288899417158813e+00 4.069354849034566790e+00 4.069495641467540281e+00 5.551218789638963536e+00 5.551320481527006301e+00 6.837565178419569456e+00 6.837973414183298182e+00 8.854021137680323505e+00 8.854293955943855821e+00 9.021676851432792077e+00 9.021699527337263547e+00 9.707673006802819415e+00 9.707712791800789276e+00 1.098778582109694035e+01 1.098784692299338772e+01 1.197697468419988631e+01 1.197698370177834626e+01 1.292180932984931907e+01 1.292185600805540346e+01 1.518065002734004842e+01 1.518073397226057075e+01 1.780624563972137864e+01 1.780625769683251036e+01 2.250396207022462747e+01 2.250400587129446350e+01
4.110539690750412145e-01 4.956034482785428574e-01 4.960784147367356400e-01 1.394755347452455219e+00 1.395184195568576646e+00 2.609381392439487968e+00 2.609898587765665745e+00 4.063582666737160842e+00 4.063716652984480149e+00 5.535958692673331960e+00 5.536056217783865030e+00 6.840038338958303932e+00 6.840425902027003069e+00 8.854158393493415602e+00 8.854433238684686458e+00 9.013183663233309773e+00 9.013206043990194871e+00 9.716941781867264538e+00 9.716980371234319236e+00 1.098796294977018562e+01 1.098802395148177169e+01 1.197868308758537914e+01 1.197869147318480110e+01 1.291884845190408981e+01 1.291889584657725010e+01 1.518113662505221129e+01 1.518122188797594774e+01 1.780612924148411125e+01 1.780614096807363467e+01 2.250731175801965023e+01 2.250735537245723350e+01
4.119772449494620847e-01 4.857816692140102810e-01 4.862620545035033492e-01 1.410667766200054407e+00 1.411056401111659531e+00 2.597317157392952769e+00 2.597808871042869061e+00 4.057368048984931086e+00 4.057493094307273118e+00 5.519850923786143504e+00 5.519942681142010699e+00 6.842648025612359852e+00 6.843008844573892802e+00 8.854302896757738850e+00 8.854573948149935703e+00 9.004453869477520911e+00 9.004475522130306331e+00 9.726504677977441560e+00 9.726541398666904925e+00 1.098815480155477253e+01 1.098821444957395066e+01 1.198044403635404720e+01 1.198045177345509238e+01 1.291574207369335348e+01 1.291578912831224102e+01 1.518165173079860431e+01 1.518173634560562668e+01 1.780600611850765702e+01 1.780601730843717689e+01 2.251085518782368666e+01 2.251089773991062160e+01
4.129005208238828994e-01 4.757999535059062035e-01 4.762733217853701295e-01 1.427050099825829754e+00 1.427394614571185327e+00 2.584569051220317437e+00 2.585026363756752321e+00 4.050696856500177745e+00 4.050810966159993143e+00 5.502922020637503131e+00 5.503006466027911436e+00 6.845389699963043029e+00 6.845718163512226617e+00 8.854454211579923850e+00 8.854715159368026889e+00 8.995519065863428310e+00 8.995539538100073784e+00 9.736331249138515886e+00 9.736365427466109779e+00 1.098836189489785120e+01 1.098841885369056293e+01 1.198224728680283135e+01 1.198225437480239464e+01 1.291249849619824097e+01 1.291254405814483874e+01 1.518219481533389903e+01 1.518227665908733215e+01 1.780587639803550104e+01 1.780588684295637236e+01 2.251458830314701842e+01 2.251462886155871956e+01
4.138237966983037697e-01 4.656934714969049871e-01 4.661460666238408379e-01 1.443855857673886245e+00 1.444153296243297246e+00 2.571143811277917912e+00 2.571557960591710490e+00 4.043553877917260841e+00 4.043655231353801227e+00 5.485200401034762585e+00 5.485276072228584709e+00 6.848258636589549475e+00 6.848549684784186020e+00 8.854611804897226435e+00 8.854855966877691387e+00 8.986408719324405325e+00 8.986427548479968053e+00 9.746393232843317378e+00 9.746424206173033511e+00 1.098858475659892164e+01 1.098863763542446748e+01 1.198408215697128476e+01 1.198408859111909663e+01 1.290912644744572191e+01 1.290916928999143565e+01 1.518276532090226638e+01 1.518284215833915951e+01 1.780574021216519753e+01 1.780574970505563925e+01 2.251850684411390091e+01 2.251854443986260179e+01
4.147470725727246399e-01 4.554941042726745049e-01 4.559110923955810857e-01 1.461041098969253493e+00 1.461289416601716518e+00 2.557048281628250930e+00 2.557410819881274389e+00 4.035922813267681875e+00 4.036009796168087860e+00 5.466716397622183088e+00 5.466781939583883698e+00 6.851249942484137101e+00 6.851499148472868228e+00 8.854775008363857225e+00 8.854995460597907098e+00 8.977150266415110380e+00 8.977166989288921428e+00 9.756664479767817255e+00 9.756691608752545264e+00 1.098882391916795953e+01 1.098887130151065783e+01 1.198593755782290060e+01 1.198594330685016018e+01 1.290563506667604976e+01 1.290567391375982353e+01 1.518336266186406824e+01 1.518343219399130639e+01 1.780559769757260113e+01 1.780560603653147567e+01 2.252260635419303725e+01 2.252264000044249670e+01
4.156703484471455101e-01 4.452306307320987866e-01 4.455963798805618326e-01 1.478564222850198284e+00 1.478762235212767173e+00 2.542289392284828864e+00 2.542592347252282448e+00 4.027786264259657578e+00 4.027857497979522527e+00 5.447502288715067031e+00 5.447556478428131399e+00 6.854358576593598151e+00 6.854562217414321701e+00 8.854942960345404401e+00 8.855132679483421754e+00 8.967769259289859463e+00 8.967783422595585918e+00 9.767120856453020750e+00 9.767143537554565214e+00 1.098907991839210219e+01 1.098912039335795932e+01 1.198780202379145976e+01 1.198780701034110052e+01 1.290203388676968466e+01 1.290206744018178142e+01 1.518398622535615594e+01 1.518404614119589802e+01 1.780544899527383507e+01 1.780545598748965119e+01 2.252688218718390800e+01 2.252691090049859213e+01
4.165936243215663803e-01 4.349289283724168675e-01 4.352273208064588172e-01 1.496385741181117224e+00 1.496533065533155238e+00 2.526874142249972532e+00 2.527110179484169716e+00 4.019125733570303893e+00 4.019180101361449431e+00 5.427592323544389252e+00 5.427634094007729004e+00 6.857579369306375128e+00 6.857734484541346376e+00 8.855114514788978042e+00 8.855266529606826253e+00 8.958289562548779728e+00 8.958300733927201165e+00 9.777740130870993696e+00 9.777757808872200584e+00 1.098935329111875703e+01 1.098938548611742227e+01 1.198966374311102889e+01 1.198966783148642712e+01 1.289833281475031868e+01 1.289835978327285737e+01 1.518463537198463875e+01 1.518468340243607351e+01 1.780529425043034664e+01 1.780529971623649388e+01 2.253132951443449983e+01 2.253135233700218976e+01
4.175169001959872506e-01 4.246121782024649960e-01 4.248269509374511532e-01 1.514468043540318831e+00 1.514565034534872900e+00 2.510809586548344186e+00 2.510972168631264267e+00 4.009921635756456659e+00 4.009958305267892875e+00 5.407022739863211136e+00 5.407051202789719291e+00 6.860907041716870047e+00 6.861011479001321689e+00 8.855288092694575397e+00 8.855395642443564697e+00 8.948733617371512850e+00 8.948741397173652246e+00 9.788501848502541236e+00 9.788514028720207705e+00 1.098964457325917721e+01 1.098966718726726555e+01 1.199151058935520453e+01 1.199151358253205935e+01 1.289454211016937712e+01 1.289456124016536975e+01 1.518530943655018461e+01 1.518534340927654291e+01 1.780513361219876955e+01 1.780513738912050670e+01 2.253594333226584467e+01 2.253595935461541799e+01
4.184401760704081208e-01 4.143010672008867190e-01 4.144161757513308841e-01 1.532775160697351202e+00 1.532822843065767549e+00 2.494102827353864349e+00 2.494186366454202997e+00 4.000153322808069234e+00 4.000171764338761093e+00 5.385831771527505474e+00 5.385846238241056128e+00 6.864336224511846218e+00 6.864388671123104579e+00 8.855461429310045318e+00 8.855518126956670955e+00 8.939122813475334439e+00 8.939126848201521369e+00 9.799387204631608839e+00 9.799393464542180965e+00 1.098995429801254886e+01 1.098996613470027128e+01 1.199333015570955929e+01 1.199333180081347372e+01 1.289067236116708415e+01 1.289068246805475049e+01 1.518600772880364147e+01 1.518602562301676251e+01 1.780496723362721312e+01 1.780496918032311982e+01 2.254071846957946335e+01 2.254072685330499581e+01
4.193634519448289910e-01 4.040139840556300488e-01 4.040139840557446238e-01 1.551272530487017631e+00 1.551272530487022294e+00 2.476761009211029485e+00 2.476761009211046805e+00 3.989799127809126933e+00 3.989799127809158907e+00 5.364059643311919423e+00 5.364059643311962944e+00 6.867861476340207716e+00 6.867861476340217486e+00 8.855631120918305399e+00 8.855631120918362242e+00 8.929478059200617324e+00 8.929478059200642193e+00 9.810378916990524445e+00 9.810378916990543985e+00 1.099028299430675482e+01 1.099028299430676370e+01 1.199510979286595358e+01 1.199510979286595358e+01 1.288673445800112738e+01 1.288673445800113271e+01 1.518672953423163818e+01 1.518672953423164174e+01 1.780479527159830511e+01 1.780479527159830511e+01 2.254564959562550186e+01 2.254564959562550897e+01
4.202867278192498612e-01 3.936376466294058130e-01 3.937672056606290605e-01 1.569881245321820051e+00 1.569926768142596796e+00 2.458704502858843899e+00 2.458791318255221903e+00 3.978818099960132582e+00 3.978836430618646780e+00 5.341733846512795481e+00 5.341748549869977936e+00 6.871425258204880038e+00 6.871477301543715832e+00 8.855729934300603290e+00 8.855791759373053296e+00 8.919816522677932014e+00 8.919820753966543947e+00 9.821454594681352290e+00 9.821461101642039893e+00 1.099061845705416829e+01 1.099063118544816220e+01 1.199683468002444542e+01 1.199683665075180272e+01 1.288272850533508418e+01 1.288273956383367391e+01 1.518745466120539866e+01 1.518747411487047572e+01 1.780461585196120566e+01 1.780461788681705926e+01 2.255072221365507090e+01 2.255073122790890494e+01
4.212100036936707315e-01 3.833028982509128491e-01 3.835750730996798086e-01 1.588617022288410396e+00 1.588705441758676562e+00 2.440025408718827116e+00 2.440200985248155430e+00 3.967205526493241319e+00 3.967241749919814264e+00 5.318913218157896416e+00 5.318942615420826137e+00 6.875075330651276850e+00 6.875178167143229047e+00 8.855806289541776621e+00 8.855934144683574871e+00 8.910166152551365570e+00 8.910174656641645541e+00 9.832605993864504512e+00 9.832619154016763119e+00 1.099097323557233175e+01 1.099099938796862297e+01 1.199849344595005718e+01 1.199849772397946346e+01 1.287867617643359885e+01 1.287869908257548879e+01 1.518820054728697322e+01 1.518824071014697807e+01 1.780443111732770589e+01 1.780443524384152809e+01 2.255593921557647974e+01 2.255595774021251998e+01
4.221332795680916017e-01 3.730241023933874578e-01 3.734501567380024700e-01 1.607448565074705904e+00 1.607576852510679055e+00 2.420732429665776397e+00 2.420997292170411264e+00 3.954937511617782953e+00 3.954990866381709491e+00 5.295644003086449558e+00 5.295687830470499513e+00 6.878806959686102118e+00 6.878958518993631088e+00 8.855844340243969270e+00 8.856041207398007487e+00 8.900557467700156877e+00 8.900569968768847318e+00 9.843819784221688352e+00 9.843839636292580408e+00 1.099134806026290789e+01 1.099138811065547294e+01 1.200007298652798937e+01 1.200007990086627885e+01 1.287458927165742928e+01 1.287462462360072912e+01 1.518896675721644662e+01 1.518902853774480910e+01 1.780424127010775948e+01 1.780424751115243609e+01 2.256129499190507559e+01 2.256132337071618466e+01
4.230565554425124719e-01 3.628143985075877875e-01 3.634034106268314579e-01 1.626345033450492306e+00 1.626509818473264035e+00 2.400834396909642621e+00 2.401187582046407254e+00 3.941989570976641932e+00 3.942058981998354028e+00 5.271974226002309472e+00 5.272031961687513757e+00 6.882615364697667992e+00 6.882812797036779173e+00 8.855810445075700699e+00 8.856077419188466138e+00 8.891038268436288305e+00 8.891053665717640442e+00 9.855083701467233226e+00 9.855110171759998039e+00 1.099174367495981386e+01 1.099179785374652418e+01 1.200156016246029544e+01 1.200157001594909900e+01 1.287047978427957773e+01 1.287052796317185077e+01 1.518975287249272554e+01 1.518983679449462798e+01 1.780404651875571531e+01 1.780405486125680170e+01 2.256678382137415184e+01 2.256682223019188172e+01
4.239798313169333421e-01 3.526858322503678145e-01 3.534443168059794860e-01 1.645275832730768606e+00 1.645473460276088318e+00 2.380340257457153719e+00 2.380779271635482530e+00 3.928336825761562068e+00 3.928420920877686573e+00 5.247953565538845844e+00 5.248024430998160739e+00 6.886495719583940911e+00 6.886735449599985515e+00 8.855622097328771147e+00 8.855956131514439278e+00 8.881706254335965056e+00 8.881720786535407086e+00 9.866386447037926999e+00 9.866419346425875148e+00 1.099216083217673656e+01 1.099222910827005961e+01 1.200294185474288255e+01 1.200295490597883941e+01 1.286635985528441140e+01 1.286642100244996989e+01 1.519055848587173507e+01 1.519066465728627513e+01 1.780384707728270044e+01 1.780385747082020487e+01 2.257239987649624879e+01 2.257244831025528953e+01
4.249031071913542124e-01 3.426494693083393384e-01 3.435810203023454967e-01 1.664210403139845917e+00 1.664436986350371850e+00 2.359259062367511373e+00 2.359779866598352704e+00 3.913954243437240965e+00 3.914051376798280746e+00 5.223633193307362532e+00 5.223716160092674698e+00 6.890443153901520290e+00 6.890720946702619365e+00 8.855031394525594735e+00 8.855414484429454447e+00 8.872826776628160772e+00 8.872838462961931683e+00 9.877717594885554675e+00 9.877756617832451624e+00 1.099260028798632227e+01 1.099268235550760053e+01 1.200420502310474191e+01 1.200422146939409807e+01 1.286224172398074650e+01 1.286231572201374185e+01 1.519138319510208923e+01 1.519151128400134532e+01 1.780364316473586328e+01 1.780365552082057690e+01 2.257813722882719532e+01 2.257819549165538575e+01
4.258263830657750826e-01 3.327154936411838015e-01 3.338204557134930028e-01 1.683118006221022256e+00 1.683369475095203072e+00 2.337599955968499010e+00 2.338196978762878242e+00 3.898816930353683929e+00 3.898925212685091957e+00 5.199065574574566639e+00 5.199159376891586248e+00 6.894452754235156355e+00 6.894763792349528408e+00 8.853140463352200840e+00 8.853486269902402839e+00 8.865288766081297567e+00 8.865401847557722093e+00 9.889067505201010633e+00 9.889112230881830001e+00 1.099306279658384611e+01 1.099315806655557282e+01 1.200533676739505395e+01 1.200535672923911434e+01 1.285813767445157829e+01 1.285822413287173660e+01 1.519222659602060688e+01 1.519237581446430951e+01 1.780343500465093243e+01 1.780344919671676251e+01 2.258398985396648584e+01 2.258405755258394620e+01
4.267496589401959528e-01 3.228932910805454304e-01 3.241684662845206177e-01 1.701967505050227425e+00 1.702239650884489919e+00 2.315372166279831223e+00 2.316038345169504353e+00 3.882900481133844117e+00 3.883017816733041361e+00 5.174304227892815078e+00 5.174407381166602704e+00 6.898519565977720980e+00 6.898858535803283232e+00 8.847981051817765064e+00 8.848154646101351162e+00 8.861077801528269404e+00 8.861428868272891890e+00 9.900427244779498537e+00 9.900477140335334880e+00 1.099354910459556756e+01 1.099365670196048050e+01 1.200632439181869238e+01 1.200634789942184710e+01 1.285405997795510125e+01 1.285415822402636188e+01 1.519308827514299587e+01 1.519325737141006449e+01 1.780322282448452142e+01 1.780323868862376457e+01 2.258995163633356640e+01 2.259002817698783616e+01
4.276729348146168230e-01 3.131915192769915146e-01 3.146299163438674995e-01 1.720727134580537276e+00 1.721015650383292073e+00 2.292584997034062155e+00 2.293311848710167133e+00 3.866181389031534632e+00 3.866305519182827055e+00 5.149403442012649101e+00 5.149514267481761998e+00 6.902638595696390489e+00 6.902999781840173377e+00 8.840055437183393039e+00 8.840132565878297655e+00 8.859701982135392839e+00 8.860213135571955334e+00 9.911788513664941291e+00 9.911842939585225665e+00 1.099405994519876906e+01 1.099417871140153302e+01 1.200715547183396659e+01 1.200718245411347951e+01 1.285002083149932162e+01 1.285012990673499722e+01 1.519396780189605600e+01 1.519415506146622974e+01 1.780300685503293323e+01 1.780302419148627990e+01 2.259601637376512429e+01 2.259610096286751713e+01
4.285962106890376933e-01 3.036181650075445715e-01 3.052087978820474667e-01 1.739364257910984923e+00 1.739664775086223969e+00 2.269247821935599596e+00 2.270025540429442046e+00 3.848637520442110826e+00 3.848766072707935137e+00 5.124417949773793168e+00 5.124534604952598826e+00 6.906804814241535695e+00 6.907182200006256600e+00 8.831231561351813752e+00 8.831277726667416061e+00 8.859301808594075567e+00 8.859904079142598476e+00 9.923143577674821358e+00 9.923201795259373625e+00 1.099459603212583403e+01 1.099472453339364364e+01 1.200781792343235210e+01 1.200784819997708297e+01 1.284603229293172078e+01 1.284615095571280996e+01 1.519486472064534688e+01 1.519506797614813109e+01 1.780278732984563206e+01 1.780280590524282047e+01 2.260217778198291327e+01 2.260226943054662030e+01
4.295194865634585080e-01 2.941805898633044203e-01 2.959083319614486118e-01 1.757845103519090069e+00 1.758153225215183912e+00 2.245370082247993615e+00 2.246187664026902286e+00 3.830248655405597002e+00 3.830379197998928120e+00 5.099402560393081707e+00 5.099523075012537987e+00 6.911013160730561822e+00 6.911400532899127036e+00 8.822164531268654741e+00 8.822201599056597843e+00 8.859230698413599114e+00 8.859895995373127775e+00 9.934485206393880219e+00 9.934546387207490170e+00 1.099515805362901233e+01 1.099529459498330120e+01 1.200830007441884106e+01 1.200833335078769615e+01 1.284210621301479271e+01 1.284223294763080325e+01 1.519577854267753025e+01 1.519599519286469302e+01 1.780256448464012564e+01 1.780258403497140307e+01 2.260842949898377441e+01 2.260852703089727100e+01
4.304427624378793782e-01 2.848855653319108394e-01 2.867310655343400794e-01 1.776134477325494565e+00 1.776445808920681602e+00 2.220961289651339321e+00 2.221806683989960618e+00 3.810997094302003507e+00 3.811127194466647161e+00 5.074411753617366294e+00 5.074534070401492514e+00 6.915258547511437648e+00 6.915649603509520738e+00 8.813045801358803999e+00 8.813080846620502840e+00 8.859305487850145155e+00 8.860017024645820527e+00 9.945806616228898278e+00 9.945869853422678375e+00 1.099574666648550902e+01 1.099588931140971226e+01 1.200859073720243941e+01 1.200862660387215186e+01 1.283825416509395723e+01 1.283838719737900647e+01 1.519670873829824309e+01 1.519693577593295508e+01 1.780233855672617693e+01 1.780235879100884233e+01 2.261476508940653218e+01 2.261486715350758914e+01
4.313660383123002484e-01 2.757392982725251906e-01 2.776789641299884925e-01 1.794195441430435300e+00 1.794505618683058135e+00 2.196031037989996104e+00 2.196891320526591418e+00 3.790868329063038722e+00 3.790995614095319599e+00 5.049499241503959013e+00 5.049621260874421758e+00 6.919535866180383188e+00 6.919924321663979860e+00 8.803947039130081365e+00 8.803981988998064168e+00 8.859461668430565595e+00 8.860205458564420766e+00 9.957101418131371062e+00 9.957165739468639032e+00 1.099636249012342404e+01 1.099650908570304786e+01 1.200867928249449612e+01 1.200871721766111477e+01 1.283448737310209076e+01 1.283462469268539508e+01 1.519765472920635752e+01 1.519788877759991230e+01 1.780210978444668157e+01 1.780213038903573164e+01 2.262117804893012263e+01 2.262128313477786179e+01
4.322893141867211186e-01 2.667474477816806355e-01 2.687535007701123413e-01 1.811988947481611101e+00 1.812293662911022896e+00 2.170589031042233330e+00 2.171450598075848060e+00 3.769851775221874757e+00 3.769973994472643586e+00 5.024717506012288837e+00 5.024837133552815693e+00 6.923839994694469091e+00 6.924219689614358408e+00 8.794901772693059172e+00 8.794936819547455542e+00 8.859671831183106860e+00 8.860434295088360557e+00 9.968363569616427000e+00 9.968427952007099080e+00 1.099700610094895303e+01 1.099715430819193962e+01 1.200855571320063753e+01 1.200859508951348431e+01 1.283081663877797496e+01 1.283095602779990507e+01 1.519861588130065755e+01 1.519885323906925123e+01 1.780187840664308041e+01 1.780189905012043283e+01 2.262766180875775035e+01 2.262776826593340473e+01
4.332125900611419889e-01 2.579151344277662572e-01 2.599557413606750078e-01 1.829473404372144119e+00 1.829768432457379745e+00 2.144645141315183690e+00 2.145493922208537629e+00 3.747941559136095169e+00 3.748056645050990010e+00 5.000117322961935784e+00 5.000232518237841539e+00 6.928165805586824710e+00 6.928530806825014210e+00 8.785928715928523758e+00 8.785963467429130702e+00 8.859922675324488850e+00 8.860689900374715933e+00 9.979587330731567008e+00 9.979650716048354298e+00 1.099767802695248342e+01 1.099782535589188548e+01 1.200821073768624281e+01 1.200825083285143435e+01 1.282725226909953520e+01 1.282739133706678203e+01 1.519959149806929055e+01 1.519982819153161735e+01 1.780164466215074626e+01 1.780166500071419122e+01 2.263420974023954457e+01 2.263431580094235329e+01
4.341358659355628591e-01 2.492469428370590601e-01 2.512864267224648729e-01 1.846604140363029778e+00 1.846885362142043352e+00 2.118209534072474920e+00 2.119031219241354069e+00 3.725137352912970101e+00 3.725243478918476736e+00 4.975747285032275258e+00 4.975856110170632896e+00 6.932508175256693050e+00 6.932852874010346333e+00 8.777039848569245351e+00 8.777073710101197079e+00 8.860207065411746186e+00 8.860964611150762948e+00 9.990767223655746321e+00 9.990828535578515357e+00 1.099837874266733984e+01 1.099852259174656055e+01 1.200763584150078600e+01 1.200767585253971070e+01 1.282380400503743090e+01 1.282394022930850674e+01 1.520058081470296685e+01 1.520081265719687558e+01 1.780140878933235271e+01 1.780142847259322636e+01 2.264081515968402414e+01 2.264091896432776707e+01
4.350591418099836738e-01 2.407469186142721373e-01 2.427460513458723212e-01 1.863332667168372314e+00 1.863596094738272368e+00 2.091292942911685326e+00 2.092073225669337955e+00 3.701445248107565700e+00 3.701540880943710476e+00 4.951653338119444747e+00 4.951754004434622658e+00 6.936861994273350263e+00 6.937181196477711254e+00 8.768243667171635281e+00 8.768275980521835322e+00 8.860520816352288165e+00 8.861253738983467798e+00 1.000189799563703730e+01 1.000195615724894793e+01 1.099910866454846214e+01 1.099924636369368969e+01 1.200682335657073985e+01 1.200686241736393356e+01 1.282048095281560762e+01 1.282061172402758409e+01 1.520158299306041094e+01 1.520180565032628550e+01 1.780117102565347054e+01 1.780118970274173407e+01 2.264747133340428320e+01 2.264757095886407257e+01
4.359824176844045440e-01 2.324185605849755643e-01 2.343349388859699844e-01 1.879605490576908622e+00 1.879847291539142429e+00 2.063907345565064055e+00 2.064632178583851285e+00 3.676878658280678724e+00 3.676962602226211629e+00 4.927878346310024860e+00 4.927969257227458932e+00 6.941222178599829817e+00 6.941511186830748414e+00 8.759546664203535116e+00 8.759576765996609282e+00 8.860861223571426137e+00 8.861554205949653706e+00 1.001297458500383541e+01 1.001302853684473249e+01 1.099986814683027170e+01 1.099999700352708665e+01 1.200576652681778889e+01 1.200580372841453602e+01 1.281729151891359386e+01 1.281741419048947250e+01 1.520259711760170518e+01 1.520280617826352554e+01 1.780093160730637081e+01 1.780094893317323113e+01 2.265417148304094397e+01 2.265426497314889787e+01
4.369056935588254142e-01 2.242648093543701260e-01 2.260533143660719835e-01 1.895361600170446303e+00 1.895578119386312155e+00 2.036067899659636637e+00 2.036723774221070205e+00 3.651459240047698174e+00 3.651530670376161858e+00 4.904461700797249968e+00 4.904541489399237619e+00 6.945583681612588656e+00 6.945838367088277288e+00 8.750954072811868656e+00 8.750981324416494900e+00 8.861226323439439057e+00 8.861863864197989216e+00 1.002399209001046998e+01 1.002404080828001476e+01 1.100065747791272663e+01 1.100077482552629782e+01 1.200445956913701906e+01 1.200449398217403818e+01 1.281424335005593562e+01 1.281435529077695890e+01 1.520362219238876023e+01 1.520381324246334387e+01 1.780069076888535307e+01 1.780070641068704163e+01 2.266090879119771273e+01 2.266099418904181562e+01
4.378289694332462845e-01 2.162880331946568924e-01 2.179013730246382174e-01 1.910524729204653660e+00 1.910712484846390113e+00 2.007800042478088631e+00 2.008374320047243700e+00 3.625217822244877652e+00 3.625276305170688218e+00 4.881438987144819386e+00 4.881506546841245964e+00 6.949941506765815902e+00 6.950158370272531805e+00 8.742470275142713021e+00 8.742494081405046913e+00 8.861614491534799853e+00 8.862181131266282819e+00 1.003494574030234254e+01 1.003498825489761792e+01 1.100147687731306689e+01 1.100158012482521563e+01 1.200289772868097238e+01 1.200292842713833075e+01 1.281134327940267958e+01 1.281144192789880520e+01 1.520465713923435835e+01 1.520482583951626943e+01 1.780044874311750291e+01 1.780046238655956259e+01 2.266767640741886325e+01 2.266775178896227771e+01
4.387522453076671547e-01 2.084900122796075062e-01 2.098793457177462740e-01 1.924961968785788846e+00 1.925117327288972335e+00 1.979180318212884426e+00 1.979661615705362143e+00 3.598195333038340049e+00 3.598240829323620105e+00 4.858841723377676836e+00 4.858896230486617895e+00 6.954290720725893493e+00 6.954466941518891332e+00 8.734099043232900428e+00 8.734118866206150855e+00 8.862024210881001451e+00 8.862504782924014890e+00 1.004583087080865589e+01 1.004586628287907502e+01 1.100232649320652634e+01 1.100241317549043352e+01 1.200107732744423217e+01 1.200110341288150728e+01 1.280859728007742859e+01 1.280868019998901630e+01 1.520570079706261879e+01 1.520584296216850007e+01 1.780020576065061277e+01 1.780021711617017388e+01 2.267446745453210966e+01 2.267453096304016924e+01
4.396755211820880249e-01 2.008719222933506576e-01 2.019875607809246409e-01 1.937648440193659338e+00 1.937745136059779716e+00 1.951193154278304753e+00 1.951549472828085996e+00 3.570443714739059082e+00 3.570476563982567964e+00 4.836697178541100151e+00 4.836738105933354959e+00 6.958626466782273923e+00 6.958759938756782226e+00 8.725843690603836578e+00 8.725859060534824962e+00 8.862453932275084156e+00 8.862833829748534953e+00 1.005664289789140398e+01 1.005667039659760853e+01 1.100320640056481736e+01 1.100327422828031487e+01 1.199899580522963483e+01 1.199901643059769363e+01 1.280601042704753922e+01 1.280607536154809267e+01 1.520675192252382857e+01 1.520686360033608153e+01 1.779996204989939912e+01 1.779997085856322059e+01 2.268127503537175116e+01 2.268132491611278923e+01
4.405987970565088951e-01 1.934343184435522722e-01 1.942265022620772996e-01 1.919407655712480398e+00 1.919644771391003424e+00 1.952894255863764306e+00 1.952971504478451248e+00 3.542026815056456890e+00 3.542047697433458264e+00 4.815028277816020719e+00 4.815055399207264664e+00 6.962943978327027494e+00 6.963033333008808334e+00 8.717707173297190693e+00 8.717717697680603450e+00 8.862901988085299720e+00 8.863167440627895743e+00 1.006737729759914224e+01 1.006739617577262358e+01 1.100411659988434110e+01 1.100416350805514654e+01 1.199665175220106050e+01 1.199666614432071654e+01 1.280358686820630965e+01 1.280363179255453510e+01 1.520780919188578117e+01 1.520788674211239311e+01 1.779971783695069831e+01 1.779972387594972361e+01 2.268809223988962032e+01 2.268812687456255617e+01
4.415220729309297654e-01 1.861771209013712292e-01 1.865968644518805619e-01 1.889664108116330787e+00 1.889790555378712877e+00 1.964808636210846560e+00 1.964849684277150788e+00 3.513021240547745894e+00 3.513031112455021088e+00 4.793853596292504626e+00 4.793866981224305768e+00 6.967238592186236090e+00 6.967283208352129442e+00 8.709692160726966392e+00 8.709697531680326676e+00 8.863366539265586042e+00 8.863504893766707582e+00 1.007802958589140552e+01 1.007803925430761893e+01 1.100505701647879064e+01 1.100508121080886959e+01 1.199404493238453462e+01 1.199405241222729757e+01 1.280132980530428277e+01 1.280135297611632161e+01 1.520887120420295346e+01 1.520891137476827026e+01 1.779947334552605653e+01 1.779947643315241024e+01 2.269491215265333395e+01 2.269493009299077357e+01
4.424453488053506356e-01 1.790996026643721650e-01 1.790996026644490202e-01 1.859280780446374237e+00 1.859280780446386894e+00 1.975993581595345772e+00 1.975993581595373527e+00 3.483517151831491354e+00 3.483517151831499348e+00 4.773187439418263622e+00 4.773187439418317801e+00 6.971505761582588612e+00 6.971505761582592164e+00 8.701801087619983832e+00 8.701801087619998043e+00 8.863845544440115631e+00 8.863845544440167146e+00 1.008859530071605626e+01 1.008859530071606869e+01 1.100602750029272237e+01 1.100602750029273835e+01 1.199117629766435478e+01 1.199117629766436188e+01 1.279924148514544591e+01 1.279924148514544946e+01 1.520993648574444457e+01 1.520993648574444812e+01 1.779922879699998717e+01 1.779922879699999427e+01 2.270172786072378912e+01 2.270172786072379978e+01
4.433686246797715058e-01 1.717359802501809973e-01 1.722003807977004475e-01 1.828315870997718529e+00 1.828448235124191301e+00 1.986113493412357878e+00 1.986156508592309411e+00 3.453610291818932865e+00 3.453618969153890994e+00 4.753027231112702644e+00 4.753040004295241872e+00 6.975697301618891899e+00 6.975741068510412646e+00 8.694030699511371196e+00 8.694036193560966908e+00 8.864188803289893670e+00 8.864336744645079591e+00 1.009906000006038163e+01 1.009906998583668170e+01 1.100700250420151960e+01 1.100702782617405262e+01 1.198804006979580983e+01 1.198804799202589066e+01 1.279729897832934604e+01 1.279732320121195777e+01 1.521096106363523681e+01 1.521100349564019893e+01 1.779898123567692991e+01 1.779898441047051705e+01 2.270851350814709946e+01 2.270853246189439645e+01
4.442919005541923760e-01 1.645076118664415554e-01 1.654774119451495329e-01 1.796937656044359954e+00 1.797205273141774473e+00 1.995063330010943270e+00 1.995150519187556037e+00 3.423429679369930589e+00 3.423445939294181173e+00 4.733392909846713792e+00 4.733417612700048238e+00 6.979854248680581463e+00 6.979940235311443253e+00 8.686388539651675345e+00 8.686399554060189487e+00 8.864534121447835702e+00 8.864837659868349817e+00 1.010942903734864018e+01 1.010944917632059159e+01 1.100800630989362006e+01 1.100805769452511562e+01 1.198464719402702094e+01 1.198466334601276273e+01 1.279552620545214481e+01 1.279557530562130907e+01 1.521198409916370053e+01 1.521207063268651893e+01 1.779873401803712341e+01 1.779874040287837644e+01 2.271528041286538979e+01 2.271531907326834698e+01
4.452151764286132463e-01 1.574165030622127481e-01 1.589279929060790908e-01 1.765166575229009771e+00 1.765569960940121419e+00 2.002706777810025152e+00 2.002838670943119403e+00 3.393109470557686080e+00 3.393132489072043345e+00 4.714287413250369596e+00 4.714323004183230026e+00 6.983973133270068523e+00 6.984099135251692125e+00 8.678876641924189173e+00 8.678893105584801759e+00 8.864880980193131421e+00 8.865345594949177510e+00 1.011969808235093993e+01 1.011972838561051802e+01 1.100903895961694445e+01 1.100911673223409615e+01 1.198100231262423243e+01 1.198102686158458674e+01 1.279392302189475750e+01 1.279399723106326370e+01 1.521300458614753737e+01 1.521313624323225966e+01 1.779848741288925140e+01 1.779849698916905609e+01 2.272202200568576558e+01 2.272208084014177132e+01
4.461384523030341165e-01 1.504650862684342727e-01 1.525487669449451800e-01 1.733017469955029588e+00 1.733554879514262570e+00 2.008901463355840633e+00 2.009077952345391438e+00 3.362798884030492985e+00 3.362828257851945057e+00 4.695710399350245368e+00 4.695755675989172317e+00 6.988050594985590891e+00 6.988213801916749013e+00 8.671496920640199946e+00 8.671518666125123787e+00 8.865228883683487382e+00 8.865857653199681110e+00 1.012986277581375560e+01 1.012990309411412682e+01 1.101010044521445330e+01 1.101020449377154620e+01 1.197711121618743313e+01 1.197714418777072432e+01 1.279248841192658936e+01 1.279258752212270522e+01 1.521402152245556394e+01 1.521419863005011486e+01 1.779824168826362651e+01 1.779825438249220326e+01 2.272873177642234666e+01 2.272881094515346589e+01
4.470617281774549867e-01 1.436562533139003062e-01 1.463357363460306149e-01 1.700503154680326645e+00 1.701170609916890619e+00 2.013495435328715999e+00 2.013715724761692361e+00 3.332661850493721989e+00 3.332697668641584343e+00 4.677658617412813413e+00 4.677712255868579305e+00 6.992083381188810343e+00 6.992280437264037474e+00 8.664251185999191307e+00 8.664277952339849875e+00 8.865577353809422689e+00 8.866370756568692002e+00 1.013991871706467940e+01 1.013996873925586151e+01 1.101119070228508434e+01 1.101132046232160633e+01 1.197298080684918098e+01 1.197302208771032817e+01 1.279122052020268718e+01 1.279134387517951943e+01 1.521503391095474278e+01 1.521525606208181536e+01 1.779799711067015622e+01 1.779801279443114481e+01 2.273540327952122198e+01 2.273550261765625180e+01
4.479850040518758569e-01 1.369933845891165292e-01 1.402842815225237849e-01 1.667635521108861374e+00 1.668426834839421113e+00 2.016326635182625893e+00 2.016589181722329815e+00 3.302876092866885216e+00 3.302918877210362147e+00 4.660126299543387418e+00 4.660186894058115037e+00 6.996068345547640455e+00 6.996295418195427551e+00 8.657141156916328129e+00 8.657172593995168697e+00 8.865925926536320389e+00 8.866881671423755051e+00 1.014986145301256570e+01 1.014992070694491844e+01 1.101230960377885282e+01 1.101246405080415691e+01 1.196861905424483652e+01 1.196866839783858261e+01 1.279011669070672319e+01 1.279026318589657230e+01 1.521604076044702758e+01 1.521630678493121458e+01 1.779775394435784008e+01 1.779777243525535013e+01 2.274203013950476304e+01 2.274214914325804315e+01
4.489082799262967272e-01 1.304803749633907939e-01 1.343891867534448004e-01 1.634425944010678533e+00 1.635332763820063873e+00 2.017223829153186987e+00 2.017526280529269300e+00 3.273631423502153748e+00 3.273681934857579634e+00 4.643105560123414577e+00 4.643171661644870163e+00 7.000002446472074702e+00 7.000255301541542075e+00 8.650168471753380217e+00 8.650204146201364352e+00 8.866274149301450080e+00 8.867387039166468199e+00 1.015968646855876578e+01 1.015975432442155224e+01 1.101345695300880934e+01 1.101363460263358540e+01 1.196403494542576063e+01 1.196409198012229957e+01 1.278917351223837073e+01 1.278934160316755886e+01 1.521704108659657351e+01 1.521734903196866462e+01 1.779751245058544029e+01 1.779753351418694152e+01 2.274860605623537424e+01 2.274874387347673022e+01
4.498315558007175419e-01 1.241216564946997780e-01 1.286446723401141468e-01 1.600885443548776710e+00 1.601897321907094884e+00 2.016008763000479043e+00 2.016347905025704268e+00 3.245127030886834074e+00 3.245186000606778087e+00 4.626586791608635174e+00 4.626656944030946406e+00 7.003882745458314574e+00 7.004156827379463657e+00 8.643334697350018914e+00 8.643374099813922129e+00 8.866621579165631317e+00 8.867883410965481161e+00 1.016938917844351842e+01 1.016946485445153314e+01 1.101463247606775653e+01 1.101483139205264017e+01 1.195923842995855679e+01 1.195930266836028366e+01 1.278838686943961278e+01 1.278857458830398564e+01 1.521803391284646523e+01 1.521838103589874969e+01 1.779727288691447740e+01 1.779729623967343954e+01 2.275512480999828213e+01 2.275528023544770306e+01
4.507548316751384121e-01 1.179222178509388569e-01 1.230444326665728200e-01 1.567024749972943054e+00 1.568129242714827454e+00 2.012499573506526307e+00 2.012871294291321167e+00 3.217567576557811115e+00 3.217635445954351248e+00 4.610559047026884016e+00 4.610631820067811582e+00 7.007706405354087842e+00 7.007996920637316052e+00 8.636641336655381807e+00 8.636683890272726316e+00 8.866967781507637980e+00 8.868367285919347864e+00 1.017896492055791846e+01 1.017904749084532767e+01 1.101583581364361031e+01 1.101605362387611287e+01 1.195424036146706470e+01 1.195431120964600424e+01 1.278775199828779030e+01 1.278795697819244559e+01 1.521901827132502838e+01 1.521940104063696886e+01 1.779703550653388433e+01 1.779706081965723641e+01 2.276158026640487719e+01 2.276175174162062831e+01
4.516781075495592823e-01 1.118876201394330139e-01 1.175816792775102870e-01 1.532854325389761296e+00 1.534037118509894215e+00 2.006515499109835954e+00 2.006914780857777192e+00 3.191158026226045941e+00 3.191234750267383458e+00 4.595010401511760989e+00 4.595084419446886947e+00 7.011470688556067365e+00 7.011772690971922017e+00 8.630089835194292291e+00 8.630134905091701114e+00 8.867312329109845237e+00 8.868835151966065311e+00 1.018840895075579311e+01 1.018849735528463718e+01 1.101706651223561195e+01 1.101730043248062607e+01 1.194905243683020402e+01 1.194912920214293983e+01 1.278726354495647044e+01 1.278748305115182937e+01 1.521999320374155751e+01 1.522040731333556352e+01 1.779680055762595003e+01 1.779682746183279818e+01 2.276796638111677851e+01 2.276815199937853862e+01
4.526013834239801525e-01 1.060240085048075459e-01 1.122491876926374338e-01 1.498384365759032111e+00 1.499629429370573863e+00 1.997882819676820354e+00 1.998303768810939074e+00 3.166097286105758801e+00 3.166182221660500229e+00 4.579928287221669336e+00 4.580002252948793817e+00 7.015172955148896605e+00 7.015481430938685037e+00 8.623681586553534117e+00 8.623728490166881144e+00 8.867654801526137831e+00 8.869283528849070564e+00 1.019771643920086035e+01 1.019780949544404791e+01 1.101832401478245238e+01 1.101857087988225992e+01 1.194368713415206606e+01 1.194376903034845583e+01 1.278691562695438755e+01 1.278714659425852673e+01 1.522095776227081032e+01 1.522139815639567217e+01 1.779656828278233505e+01 1.779659637388247972e+01 2.277427720439245462e+01 2.277447472051155586e+01
4.535246592984010228e-01 1.003381183268851756e-01 1.070393462261998996e-01 1.463624793926990186e+00 1.464914561505036739e+00 1.986441764675835442e+00 1.986877689570659244e+00 3.142570909650232558e+00 3.142662787777831479e+00 4.565299797886131827e+00 4.565372512036852015e+00 7.018810660993586303e+00 7.019120612504559098e+00 8.617417937038799991e+00 8.617465955041119230e+00 8.867994784652115214e+00 8.869709012436844731e+00 1.020688246828321866e+01 1.020697888440006196e+01 1.101960765072508686e+01 1.101986395275599762e+01 1.193815765047913935e+01 1.193824379902023480e+01 1.278670189549495895e+01 1.278694097098202853e+01 1.522191101042614214e+01 1.522237191930327782e+01 1.779633891847805316e+01 1.779636776368202433e+01 2.278050688545825153e+01 2.278071373047723114e+01
4.544479351728218930e-01 9.483727408424255656e-02 1.019442045377396688e-01 1.428585249197361406e+00 1.429900819686023450e+00 1.972053898000680761e+00 1.972497439607332259e+00 3.120743368970766873e+00 3.120840343465548283e+00 4.551111960902701092e+00 4.551182335943504853e+00 7.022381355772336242e+00 7.022687881985914871e+00 8.611300189625238133e+00 8.611348577241114910e+00 8.868331870440226083e+00 8.870108319682868725e+00 1.021590203213461301e+01 1.021600042132314456e+01 1.102091662553980811e+01 1.102117855826830173e+01 1.193247784006693379e+01 1.193256726690830227e+01 1.278661559811822990e+01 1.278685918807590305e+01 1.522285202392089154e+01 1.522332701012857292e+01 1.779611269461044643e+01 1.779614183946732098e+01 2.278664967670578889e+01 2.278686297737953836e+01
4.553712110472427632e-01 8.952937786943475362e-02 9.695551905332693010e-02 1.393275076454991268e+00 1.394596436378146231e+00 1.954609273355852661e+00 1.955052587490866634e+00 3.100750599895616855e+00 3.100850360864565225e+00 4.537351976322583802e+00 4.537419045789006233e+00 7.025882680996268448e+00 7.026181053521818320e+00 8.605329607304204487e+00 8.605377605787266404e+00 8.868665656717631407e+00 8.870478333504893342e+00 1.022477003776443105e+01 1.022486893345132586e+01 1.102225000979252378e+01 1.102251351861876927e+01 1.192666215381200523e+01 1.192675378137317566e+01 1.278664964067941767e+01 1.278689396079387741e+01 1.522377989151717514e+01 1.522426190653261457e+01 1.779588983410877034e+01 1.779591880995427644e+01 2.279269993771823266e+01 2.279291654060061845e+01
4.562944869216636334e-01 8.442288302579706305e-02 9.206479158999969492e-02 1.357703316607353550e+00 1.359009578960147513e+00 1.934032528698665265e+00 1.934467510667515988e+00 3.082693656424349893e+00 3.082793593236760277e+00 4.524007423190119503e+00 4.524070346371986240e+00 7.029312367981687792e+00 7.029598101218823558e+00 8.599507415911403996e+00 8.599554263964414247e+00 8.868995747076626301e+00 8.870816146861702833e+00 1.023348130782796694e+01 1.023357917934523797e+01 1.102360672778243611e+01 1.102386756421770109e+01 1.192072558028212370e+01 1.192081821486955739e+01 1.278679664792402626e+01 1.278703777563769428e+01 1.522469371586184828e+01 1.522517516613277344e+01 1.779567055261860986e+01 1.779569888440448366e+01 2.279865213912778898e+01 2.279886863902115479e+01
4.572177627960845037e-01 7.952674638966610032e-02 8.726329652694368721e-02 1.321878699434872795e+00 1.323148355834885104e+00 1.910287116888407910e+00 1.910705651303078456e+00 3.066634281759415881e+00 3.066731674404916674e+00 4.511066434547518433e+00 4.511124497089023855e+00 7.032668235800989542e+00 7.032937150126763903e+00 8.593834806508063195e+00 8.593879751433016523e+00 8.869321750816610006e+00 8.871119105313230335e+00 1.024203058502470398e+01 1.024212585342512405e+01 1.102498554586289536e+01 1.102523932546489682e+01 1.191468358861605914e+01 1.191477590413452425e+01 1.278704902198694882e+01 1.278728294998889226e+01 1.522559261430852295e+01 1.522606543608695340e+01 1.779545505826495599e+01 1.779548227263085280e+01 2.280450086630820294e+01 2.280471363877016344e+01
4.581410386705053739e-01 7.485035007339241320e-02 8.254209045035976189e-02 1.285809639542940586e+00 1.287020821883826160e+00 1.883377079414610966e+00 1.883771292798184671e+00 3.052592991164970737e+00 3.052685205172759542e+00 4.498517843001502037e+00 4.498570453996254770e+00 7.035948189214142445e+00 7.036196466224099666e+00 8.588312937375230049e+00 8.588355245753028555e+00 8.869643282923165728e+00 8.871384847366018178e+00 1.025041253810834263e+01 1.025050359178933590e+01 1.102638506054881340e+01 1.102662732314010086e+01 1.190855207343395250e+01 1.190864259273832104e+01 1.278739899827245985e+01 1.278762168812100697e+01 1.522647571972554914e+01 1.522693146176871792e+01 1.779524355149458970e+01 1.779526918493725418e+01 2.281024082290473487e+01 2.281044606044747169e+01
4.590643145449262441e-01 7.040338066358152458e-02 7.789199613079782203e-02 1.249504235857854528e+00 1.250634983534938183e+00 1.853346127640416841e+00 1.853708620422439557e+00 3.040549900280278717e+00 3.040634560013671273e+00 4.486351299110779678e+00 4.486397985358539842e+00 7.039150216587245268e+00 7.039374445607003317e+00 8.582942935671631801e+00 8.582981903387354450e+00 8.869959964075103898e+00 8.871611341932098327e+00 1.025862176947124382e+01 1.025870697931135922e+01 1.102780368654394749e+01 1.102802995746784376e+01 1.190234730180432443e+01 1.190243437744302213e+01 1.278783869829086761e+01 1.278804613322861883e+01 1.522734218128811534e+01 1.522777209441704116e+01 1.779503622499847282e+01 1.779505983198842145e+01 2.281586683420494666e+01 2.281606058576824836e+01
4.599875904193471143e-01 6.619565041633319880e-02 7.330354955114959381e-02 1.212970274932984038e+00 1.213998803601771703e+00 1.820274212116434587e+00 1.820598250309272803e+00 3.030448111869896710e+00 3.030523230966946979e+00 4.474557365029655287e+00 4.474597763176391574e+00 7.042272387805333267e+00 7.042469603087837093e+00 8.577725898797169179e+00 8.577760860246920416e+00 8.870271420674306739e+00 8.871796922265712482e+00 1.026665282424558079e+01 1.026673055800804057e+01 1.102923964484701180e+01 1.102944549597814117e+01 1.189608586224872155e+01 1.189616765858262859e+01 1.278836017914135503e+01 1.278854841524044872e+01 1.522819116525479721e+01 1.522858629766107974e+01 1.779483326371315144e+01 1.779485442460778799e+01 2.282137385035471766e+01 2.282155206358536503e+01
4.609108662937679846e-01 6.223684201157424212e-02 6.876689367981310419e-02 1.176215238193392576e+00 1.177120205980905832e+00 1.784272123103470165e+00 1.784551777162398434e+00 3.022199107998843282e+00 3.022263163105698869e+00 4.463127585873779779e+00 4.463161433178605364e+00 7.045312852187111119e+00 7.045480560415728455e+00 8.572662895497213498e+00 8.572693231835387451e+00 8.870577284896357995e+00 8.871940315788013010e+00 1.027450020084129534e+01 1.027456883666480358e+01 1.103069095112329556e+01 1.103087206034904888e+01 1.188978461572002665e+01 1.188985909444589772e+01 1.278895547943541899e+01 1.278912069430157850e+01 1.522902185572648825e+01 1.522937315283437698e+01 1.779463484489769698e+01 1.779465317350126341e+01 2.282675694942242828e+01 2.282691551525036644e+01
4.618341421681887993e-01 5.853615685276424008e-02 6.427159441744791091e-02 1.139246313137542765e+00 1.140007080254893168e+00 1.745474885217113581e+00 1.745705112161846984e+00 3.015689373556828201e+00 3.015741316383086623e+00 4.452054541196089232e+00 4.452081665655830633e+00 7.048269836410498534e+00 7.048406034335128467e+00 8.567754966736890410e+00 8.567780113048089063e+00 8.870877194762028850e+00 8.872040669265263801e+00 1.028215836281912487e+01 1.028221630169448986e+01 1.103215540455726007e+01 1.103230761248612879e+01 1.188346064845101679e+01 1.188352555942661937e+01 1.278961666154989629e+01 1.278975519991402621e+01 1.522983345538734312e+01 1.523013186301164978e+01 1.779444113828274965e+01 1.779445628890772824e+01 2.283201134031527246e+01 2.283214613928186765e+01
4.627574180426096695e-01 5.510184850274021939e-02 5.980634004929910597e-02 1.102070408410355196e+00 1.102667286214761067e+00 1.704034752070200609e+00 1.704211424642039896e+00 3.010787434964154130e+00 3.010826646126040007e+00 4.441331878808937539e+00 4.441352189321268185e+00 7.051141642458513381e+00 7.051244824696813573e+00 8.563003126369183704e+00 8.563022577675944547e+00 8.871170794231309387e+00 8.872097568870078277e+00 1.028962175197512963e+01 1.028966742919373090e+01 1.103363057743164255e+01 1.103374994016629884e+01 1.187713122652857223e+01 1.187718410552118264e+01 1.279033585018050267e+01 1.279044426581247862e+01 1.523062518622668726e+01 1.523086175571885903e+01 1.779425230628584487e+01 1.779426398017768562e+01 2.283713236555231418e+01 2.283723931531783080e+01
4.636806939170305397e-01 5.194063003594056455e-02 5.535846045682019795e-02 1.064694172571374997e+00 1.065108658297384103e+00 1.660114497640071463e+00 1.660234389582972980e+00 3.007350609291672860e+00 3.007376804217637645e+00 4.430954332985542088e+00 4.430967810145840957e+00 7.053926645595949729e+00 7.053995802830306694e+00 8.558408361616983484e+00 8.558421677662526150e+00 8.871457733322875683e+00 8.872111054727511714e+00 1.029688480249398452e+01 1.029691669814534727e+01 1.103511380570917133e+01 1.103519664264713107e+01 1.187081375199707978e+01 1.187085192660551414e+01 1.279110526723721364e+01 1.279118036072524944e+01 1.523139629024044339e+01 1.523156228428543280e+01 1.779406850428672371e+01 1.779407645528342030e+01 2.284211550389741063e+01 2.284219060733493123e+01
4.646039697914514099e-01 4.905695949634691216e-02 5.091315578137589615e-02 1.027124016292325637e+00 1.027339009914483681e+00 1.613881501271747121e+00 1.613942240293942287e+00 3.005230961455948702e+00 3.005244063596738346e+00 4.420917728844993455e+00 4.420924416852278327e+00 7.056623292388355395e+00 7.056657900377675041e+00 8.553971633385049955e+00 8.553978442158559403e+00 8.871737668262221987e+00 8.872081629626491051e+00 1.030394195601137319e+01 1.030395860469570479e+01 1.103660218092321799e+01 1.103664511671495418e+01 1.186452572023564578e+01 1.186454632481624394e+01 1.279191726317944422e+01 1.279195611522720455e+01 1.523214603011159696e+01 1.523223302782743538e+01 1.779388988095505653e+01 1.779389392026556749e+01 2.284695637285691205e+01 2.284699576612752736e+01
4.655272456658722802e-01 4.645223291995711351e-02 4.645223292125454095e-02 9.893661376284665909e-01 9.893661376284893505e-01 1.565502900391102736e+00 1.565502900391201102e+00 3.004280192256638227e+00 3.004280192256667092e+00 4.411218974485985100e+00 4.411218974486035727e+00 7.059230098774832207e+00 7.059230098774835760e+00 8.549693876415533467e+00 8.549693876415556559e+00 8.872010261662417463e+00 8.872010261662477859e+00 1.031078767741351143e+01 1.031078767741352031e+01 1.103809254371327064e+01 1.103809254371328485e+01 1.185828467828915755e+01 1.185828467828916111e+01 1.279276434493437087e+01 1.279276434493437087e+01 1.523287368986809831e+01 1.523287368986810719e+01 1.779371657862196798e+01 1.779371657862197154e+01 2.285165073104562339e+01 2.285165073104564115e+01
4.664505215402931504e-01 4.195195679438009501e-02 4.412394816399021341e-02 9.511978251190587041e-01 9.514265499334030318e-01 1.515080272725252808e+00 1.515141890163421934e+00 3.004340198045680754e+00 3.004353376717514568e+00 4.401849507222658886e+00 4.401856042195130492e+00 7.061711419551010671e+00 7.061745648207546466e+00 8.545568960556808591e+00 8.545575999298426595e+00 8.871898380665166783e+00 8.872275182740628097e+00 1.031739849341117576e+01 1.031741647119428684e+01 1.103953587815358262e+01 1.103958147936878120e+01 1.185208440946687780e+01 1.185210818377133002e+01 1.279359807031996255e+01 1.279363920057605775e+01 1.523348409562188621e+01 1.523357857551788719e+01 1.779354463064665381e+01 1.779354873368668777e+01 2.285615163100091252e+01 2.285619448042598734e+01
4.673737974147140206e-01 3.737918762380010307e-02 4.206493894731946903e-02 9.128418468496297677e-01 9.133111118958747721e-01 1.462831621209315980e+00 1.462955108360710854e+00 3.005285005941265464e+00 3.005311614995102243e+00 4.392815071339687627e+00 4.392827939828167771e+00 7.064100915596589481e+00 7.064168589870226000e+00 8.541604648261136745e+00 8.541618884346291907e+00 8.871747868359431521e+00 8.872532107573558591e+00 1.032378569518206035e+01 1.032382289818791854e+01 1.104097183855950348e+01 1.104106531576968209e+01 1.184596295317091830e+01 1.184601376390465255e+01 1.279445053344933569e+01 1.279453472096683164e+01 1.523406418798478335e+01 1.523426001565933419e+01 1.779337827272690831e+01 1.779338647704810938e+01 2.286049478475578312e+01 2.286058366842335587e+01
4.682970732891348908e-01 3.268387153211551460e-02 4.026280489718069011e-02 8.743059713173579883e-01 8.750255591069124872e-01 1.408905898276245017e+00 1.409090960553680993e+00 3.006983211024579994e+00 3.007023743381550318e+00 4.384115719076577378e+00 4.384134673252891190e+00 7.066397663527859585e+00 7.066497636988269271e+00 8.537801865390916234e+00 8.537823387342170278e+00 8.871561042299058286e+00 8.872780719395189308e+00 1.032994400797914913e+01 1.033000159249862193e+01 1.104239690122851236e+01 1.104254012413280783e+01 1.183993772363658437e+01 1.184001887422305010e+01 1.279531521193997357e+01 1.279544401857815394e+01 1.523461402229171746e+01 1.523491736206684877e+01 1.779321769660852581e+01 1.779322993455221535e+01 2.286467670052078560e+01 2.286481448992289955e+01
4.692203491635557611e-01 2.778272374282659760e-02 3.869966512360239336e-02 8.355979637196565557e-01 8.365755364834184249e-01 1.353442836205281719e+00 1.353688705933237202e+00 3.009312083250306635e+00 3.009367289742475027e+00 4.375752453943224651e+00 4.375777200554503921e+00 7.068600757252789357e+00 7.068731565242583947e+00 8.534161508593863132e+00 8.534190337168340079e+00 8.871340633708689083e+00 8.873020708937113810e+00 1.033586825753352478e+01 1.033594727845673233e+01 1.104380729760831592e+01 1.104400172298802119e+01 1.183402607972950449e+01 1.183414085644215952e+01 1.279618583045197333e+01 1.279636044371625125e+01 1.523513375991715257e+01 1.523554999025073542e+01 1.779306308863913344e+01 1.779307922744526849e+01 2.286869407489100325e+01 2.286888328915108914e+01
4.701436250379766313e-01 2.251733781938272325e-02 3.735232873418829758e-02 7.967255878053095541e-01 7.979666307996267083e-01 1.296572619993590081e+00 1.296878123030153374e+00 3.012158000097790556e+00 3.012228859662980707e+00 4.367727177911485015e+00 4.367757378548215108e+00 7.070709302815706643e+00 7.070869211298262513e+00 8.530684443903618686e+00 8.530720535323318643e+00 8.871089759461698421e+00 8.873251774813958548e+00 1.034155338788715817e+01 1.034165478744326805e+01 1.104519901597368481e+01 1.104544568581560426e+01 1.182824528760006544e+01 1.182839689500166358e+01 1.279705637000776797e+01 1.279727759837991208e+01 1.523562366080922459e+01 1.523615729999036006e+01 1.779291462899971776e+01 1.779293447282291751e+01 2.287254379116029668e+01 2.287278656144608746e+01
4.710669009123975015e-01 1.651157751005432814e-02 3.619290705361233318e-02 7.576966065755641466e-01 7.592044024913505718e-01 1.238415978595205580e+00 1.238779593269623946e+00 3.015416465235996046e+00 3.015504119952750361e+00 4.360042630840348821e+00 4.360077902019464879e+00 7.072722414571551042e+00 7.072909471458011410e+00 8.527371505362097537e+00 8.527414755334980612e+00 8.870811888510351295e+00 8.873473623952449429e+00 1.034699447909633108e+01 1.034711907444055257e+01 1.104656780804988081e+01 1.104686735277367760e+01 1.182261248008691013e+01 1.182280397180556264e+01 1.279792107542706958e+01 1.279818934797541452e+01 1.523608407506118745e+01 1.523673871584037798e+01 1.779277249093561508e+01 1.779279578406715601e+01 2.287622291705874744e+01 2.287652095492113702e+01
4.719901767868183717e-01 8.225278450094826790e-03 3.518980650161825791e-02 7.185187813599244189e-01 7.202944158117359219e-01 1.179084559243664510e+00 1.179504467791296918e+00 3.018991845989050571e+00 3.019097516285278004e+00 4.352702322441836635e+00 4.352742236027138389e+00 7.074639212712816594e+00 7.074851300448725233e+00 8.524223493682756114e+00 8.524273742077292937e+00 8.870510803171564262e+00 8.873685972063757532e+00 1.035218676455120423e+01 1.035233523418394697e+01 1.104790920115810060e+01 1.104826184692904256e+01 1.181714461225533341e+01 1.181737881872995999e+01 1.279877446114632100e+01 1.279908983110672338e+01 1.523651543363477678e+01 1.523729368760951530e+01 1.779263683999636569e+01 1.779266327126217462e+01 2.287972870196385244e+01 2.288008327202406278e+01
4.729134526612392420e-01 -1.043680238203385964e-02 3.430896601272253460e-02 6.791998685575713068e-01 6.812422662918402594e-01 1.118681478989895117e+00 1.119155612082250784e+00 3.022796935587333422e+00 3.022921830099986273e+00 4.345710457091253254e+00 4.345754541562808271e+00 7.076458822143829153e+00 7.076693710347003119e+00 8.521241174971438070e+00 8.521298210999212586e+00 8.870190555750324890e+00 8.873888544156425695e+00 1.035712564765567834e+01 1.035729851680760660e+01 1.104921851635478802e+01 1.104962409537324675e+01 1.181185841255203073e+01 1.181213786753324690e+01 1.279961131567251087e+01 1.279997346765060051e+01 1.523691823835923209e+01 1.523782169081144389e+01 1.779250783329424834e+01 1.779253704158320915e+01 2.288305857364283113e+01 2.288347047099746945e+01
4.738367285356600567e-01 -1.606728909833119237e-02 3.351516333780792806e-02 6.397476129847956550e-01 6.420536042984195113e-01 1.057301974476482886e+00 1.057828049659292224e+00 3.026752420882669714e+00 3.026897651610660933e+00 4.339071851818449232e+00 4.339119594859154105e+00 7.078180372670084708e+00 7.078435769646977960e+00 8.518425279518218929e+00 8.518488847274589659e+00 8.869855421056010769e+00 8.874081075086504455e+00 1.036180671762097916e+01 1.036200434289452055e+01 1.105049089290057829e+01 1.105094885555413242e+01 1.180677032917796865e+01 1.180709719689202686e+01 1.280042670489934054e+01 1.280083496531489118e+01 1.523729305133769429e+01 1.523832222708787754e+01 1.779238561878887026e+01 1.779241719965287061e+01 2.288621013458590170e+01 2.288667966724208469e+01
4.747600044100809269e-01 -1.952222050748634100e-02 3.277321988697258492e-02 6.001697362012072823e-01 6.027341532322023632e-01 9.950340935427628430e-01 9.956096484942363878e-01 3.030786313960910583e+00 3.030952822874110719e+00 4.332791847886520387e+00 4.332842700686766690e+00 7.079803000443921412e+00 7.080076602470573910e+00 8.515776500671012883e+00 8.515846304882737527e+00 8.869509845431885253e+00 8.874263310140564798e+00 1.036622576414671926e+01 1.036644831785713983e+01 1.105172131922774170e+01 1.105223074707737219e+01 1.180189647142472431e+01 1.180227247639366972e+01 1.280121597449130988e+01 1.280166932486651632e+01 1.523764048389740466e+01 1.523879482460356094e+01 1.779227033460377783e+01 1.779230384786312058e+01 2.288918115799600983e+01 2.288970813458717046e+01
4.756832802845017971e-01 -2.188459509052651658e-02 3.204897458144530947e-02 5.604739172450429185e-01 5.632897205033973176e-01 9.319593901143785608e-01 9.325818116853040740e-01 3.034833387715851316e+00 3.035021887365456195e+00 4.326876216467044678e+00 4.326929600067177972e+00 7.081325850583358061e+00 7.081615387916694537e+00 8.513295493798974434e+00 8.513371205630225091e+00 8.869158392973606198e+00 8.874435005646258645e+00 1.037037879079409564e+01 1.037062624558874013e+01 1.105290467038188140e+01 1.105346428912921297e+01 1.179725254589010497e+01 1.179767890744567183e+01 1.280197475151782704e+01 1.280247184420268702e+01 1.523796118522431797e+01 1.523923903841355454e+01 1.779216210837704182e+01 1.779219708666350996e+01 2.289196958350288114e+01 2.289255330647142728e+01
4.766065561589226673e-01 -2.351186005811452609e-02 3.130995290499668376e-02 5.206677616015492616e-01 5.237261987393182494e-01 8.681535972998110084e-01 8.688201473578768264e-01 3.038834641138475234e+00 3.039045569512700773e+00 4.321331059052798018e+00 4.321386372957682909e+00 7.082748080858634054e+00 7.083051359541779668e+00 8.510982875351247756e+00 8.511064138125220779e+00 8.868805689657992986e+00 8.874595929603701805e+00 1.037426202689663590e+01 1.037453414133821106e+01 1.105403575170072017e+01 1.105464394353724167e+01 1.179285378768186021e+01 1.179333116120711900e+01 1.280269894549691756e+01 1.280323812142633244e+01 1.523825583082389912e+01 1.523965445080299475e+01 1.779206105664385262e+01 1.779209701482184514e+01 2.289457351267065022e+01 2.289521277703671842e+01
4.775298320333435376e-01 -2.457643558524611610e-02 3.052570723166819766e-02 4.807587513781348409e-01 4.840495534897703567e-01 8.036872633419218648e-01 8.043951025820073042e-01 3.042736809479209104e+00 3.042970298174925148e+00 4.316162703407499635e+00 4.316219336626319958e+00 7.084068866321239000e+00 7.084383804959895947e+00 8.508839222014158210e+00 8.508925656716654018e+00 8.868456366139280789e+00 8.874745862331128166e+00 1.037787193790136264e+01 1.037816824377086711e+01 1.105510934826800984e+01 1.105576416331957468e+01 1.178871488693309288e+01 1.178924331380774682e+01 1.280338474898577594e+01 1.280396405707389462e+01 1.523852511094952078e+01 1.524004067159960130e+01 1.779196728424156504e+01 1.779200372966948862e+01 2.289699120437072821e+01 2.289768430213807093e+01
4.784531079077644078e-01 -2.517665350662883980e-02 2.966783486816020055e-02 4.407541643944229981e-01 4.442657915683867476e-01 7.386263417099313555e-01 7.393725529128220009e-01 3.046491926926075067e+00 3.046747781272205913e+00 4.311377596028795445e+00 4.311434940621902356e+00 7.085287404733866090e+00 7.085612065546304628e+00 8.506865069967540549e+00 8.506956280411062110e+00 8.868114999993357728e+00 8.874884597116873053e+00 1.038120523408641560e+01 1.038152502618709150e+01 1.105612027945380049e+01 1.105681944637503733e+01 1.178484991118433989e+01 1.178542877929062271e+01 1.280402863783417011e+01 1.280464585563121815e+01 1.523876971913845146e+01 1.524039733845982525e+01 1.779188088371840948e+01 1.779191732735358755e+01 2.289922107009109808e+01 2.289996580027225903e+01
4.793763837821852780e-01 -2.537372001731555762e-02 2.870968542303496338e-02 4.006609396722335403e-01 4.043809002242689798e-01 6.730327306707856172e-01 6.738143435932839598e-01 3.050056944304383677e+00 3.050334634033347481e+00 4.306982192292603706e+00 4.307039659447057467e+00 7.086402922646075631e+00 7.086735536224542109e+00 8.505060914239031433e+00 8.505156491781123762e+00 8.867786058202888455e+00 8.875011940869343974e+00 1.038425887765620281e+01 1.038460120687869015e+01 1.105706345763405274e+01 1.105780439374262691e+01 1.178127222442666167e+01 1.178190024088830867e+01 1.280462737119751004e+01 1.280528002646188135e+01 1.523899034099070704e+01 1.524072411712868735e+01 1.779180193471282578e+01 1.779183790313315683e+01 2.290126166925324469e+01 2.290205535342770204e+01
4.802996596566061482e-01 -2.520711386811396240e-02 2.762574656991743927e-02 3.604854458763756542e-01 3.644007397971150697e-01 6.069647593033102861e-01 6.077787809023849075e-01 3.053393400918471556e+00 3.053692060109638895e+00 4.302982845644089060e+00 4.303039884242550350e+00 7.087414681950165551e+00 7.087753665313732299e+00 8.503427208153023997e+00 8.503526735880253540e+00 8.867473840677579489e+00 8.875127714756969155e+00 1.038703008826900387e+01 1.038739375860984993e+01 1.105793394998219448e+01 1.105871377161517444e+01 1.177799440384113794e+01 1.177866958141504838e+01 1.280517799138785584e+01 1.280586338426064685e+01 1.523918764332228193e+01 1.524102070167476164e+01 1.779173050324839167e+01 1.779176555177542696e+01 2.290311170460629953e+01 2.290395120785789729e+01
4.812229355310270185e-01 -2.470167794273323350e-02 2.639064096828433112e-02 3.202330634418819599e-01 3.243308573910514414e-01 5.404776155504115165e-01 5.413210726439865450e-01 3.056467147524242645e+00 3.056785582711892157e+00 4.299385697402103190e+00 4.299441814972070119e+00 7.088321986744426262e+00 7.088665954411449199e+00 8.501964362869285807e+00 8.502067419178468199e+00 8.867182425591717987e+00 8.875231754828874386e+00 1.038951634710237748e+01 1.038989991721640038e+01 1.105872704205354751e+01 1.105954257604239999e+01 1.177502815549841841e+01 1.177574781371830781e+01 1.280567782362518514e+01 1.280639304913425036e+01 1.523936226381636239e+01 1.524128681470047297e+01 1.779166664086146454e+01 1.779170036813956912e+01 2.290477001776590171e+01 2.290565177478046621e+01
4.821462114054478887e-01 -2.387069199177345447e-02 2.497755506361823419e-02 2.799073828008861731e-01 2.841761572589711071e-01 4.736237051571837164e-01 4.744937147214358109e-01 3.059248116168875153e+00 3.059584821658083875e+00 4.296196568950342076e+00 4.296251354727258054e+00 7.089124190325761354e+00 7.089471958287420605e+00 8.500672747004715646e+00 8.500778908534943668e+00 8.866915617299522268e+00 8.875323912608124033e+00 1.039171539960582891e+01 1.039211718932375561e+01 1.105943830174820341e+01 1.106028609901795612e+01 1.177238423048753013e+01 1.177314501227526300e+01 1.280612447573709289e+01 1.280686644640193350e+01 1.523951480128969038e+01 1.524152220752901954e+01 1.779161038344006585e+01 1.779164244807032702e+01 2.290623558496239909e+01 2.290715563100384244e+01
4.830694872798687589e-01 -2.271633862663700529e-02 2.335568967196169354e-02 2.395085390888490040e-01 2.439402921796325896e-01 4.064529104873678689e-01 4.073468138574712905e-01 3.061710131996061790e+00 3.062063311543067101e+00 4.293420858310721400e+00 4.293474007814356952e+00 7.089820702131126140e+00 7.090171284766699777e+00 8.499552686330300588e+00 8.499661530222994088e+00 8.866676897554418346e+00 8.875404055648974833e+00 1.039362525712513374e+01 1.039404335918901090e+01 1.106006364214558424e+01 1.106093999443068476e+01 1.177007234311154882e+01 1.177087024713366858e+01 1.280651583784240621e+01 1.280728130619792005e+01 1.523964580668159030e+01 1.524172666036839452e+01 1.779156174962103520e+01 1.779159188975709327e+01 2.290750751305906263e+01 2.290846151948326437e+01
4.839927631542896291e-01 -2.122756819639096820e-02 2.148579265971004709e-02 1.990293743264779924e-01 2.036244681458328210e-01 3.390126588947597330e-01 3.399283178253569848e-01 3.063830761908006295e+00 3.064198355994481648e+00 4.291063443357917784e+00 4.291114783190427495e+00 7.090410994446159521e+00 7.090763594586775298e+00 8.498604463534869424e+00 8.498715569023330474e+00 8.866469380713846604e+00 8.875472068049880647e+00 1.039524419760836160e+01 1.039567649467856825e+01 1.106059938166133172e+01 1.106150034219311351e+01 1.176810109290454065e+01 1.176893152147196808e+01 1.280685008204437381e+01 1.280763566294946898e+01 1.523975577486446475e+01 1.524189998245378064e+01 1.779152073861516925e+01 1.779154879569067660e+01 2.290858503589698714e+01 2.290956834980775270e+01
4.849160390287104438e-01 -1.937386452834262765e-02 1.931143940774449064e-02 1.584452527552527856e-01 1.632249061673468338e-01 2.713475074710069435e-01 2.722840716706981246e-01 3.065591195071735608e+00 3.065970913041417667e+00 4.289128594244711934e+00 4.289178104550136261e+00 7.090894608700220481e+00 7.091248601221420422e+00 8.497828318045797857e+00 8.497941267400602072e+00 8.866295773557148152e+00 8.875527850915052142e+00 1.039657076561644189e+01 1.039701495239557794e+01 1.106104229998512345e+01 1.106196370875535351e+01 1.176647789227999752e+01 1.176733571408542822e+01 1.280712566215007975e+01 1.280792785479455276e+01 1.523984513736369983e+01 1.524204201216882026e+01 1.779148732756188522e+01 1.779151327511643288e+01 2.290946751101792955e+01 2.291047519861947990e+01
4.858393149031313141e-01 -1.708994357022830882e-02 1.673935300910222440e-02 1.176809405058690111e-01 1.227269453273188010e-01 2.034970905386245810e-01 2.044574527945979825e-01 3.066976150576423699e+00 3.067365506915997297e+00 4.287619897908704125e+00 4.287667727975124521e+00 7.091271161171660786e+00 7.091626070675322246e+00 8.497224445897884948e+00 8.497338824778246646e+00 8.866158340279653771e+00 8.875571322757361159e+00 1.039760377186366824e+01 1.039805738197506635e+01 1.106138968832161851e+01 1.106232720218801013e+01 1.176520890160421828e+01 1.176608852808529804e+01 1.280734131342692450e+01 1.280815652299511065e+01 1.523991425606461192e+01 1.524215261714685532e+01 1.779146146933125650e+01 1.779148544606916715e+01 2.291015441681058462e+01 2.291118130996631663e+01
4.867625907775521843e-01 -1.423408901842901537e-02 1.358440602200569267e-02 7.646121376126870095e-02 8.209025593453274372e-02 1.354861740109195856e-01 1.364877701661014742e-01 3.067973808030322935e+00 3.068370162072651119e+00 4.286540197543034836e+00 4.286586667803876871e+00 7.091540347934005339e+00 7.091895821262943933e+00 8.496792999640572219e+00 8.496908396924466089e+00 8.866058873154791797e+00 8.875602419836827295e+00 1.039834229250237030e+01 1.039880272956496476e+01 1.106163939257127460e+01 1.106258852008026139e+01 1.176429897339301434e+01 1.176519444702355699e+01 1.280749605240153599e+01 1.280832061139271261e+01 1.523996341797221454e+01 1.524223169435255620e+01 1.779144309365131704e+01 1.779146543410995207e+01 2.291064535012028003e+01 2.291168609558915747e+01
4.876858666519730545e-01 -1.043835230200000977e-02 9.344117342122780501e-03 3.294837801807381367e-02 4.121587475131215789e-02 6.724470552728151196e-02 6.840509248326197278e-02 3.068575757494028444e+00 3.068976355808806122e+00 4.285891549078054474e+00 4.285937131827975755e+00 7.091701948888917251e+00 7.092057723394827207e+00 8.496534088275639718e+00 8.496650095461571794e+00 8.865998669276327959e+00 8.875621096429357593e+00 1.039878566834522999e+01 1.039925024051128410e+01 1.106178984825539580e+01 1.106274598865608816e+01 1.176375160715747015e+01 1.176465669952805548e+01 1.280758917670359942e+01 1.280841936594517527e+01 1.523999283107869118e+01 1.524227917014481548e+01 1.779143211726384521e+01 1.779145336206545025e+01 2.291094002435503540e+01 2.291198913514455526e+01
4.886091425263939247e-01 -2.201232018225346421e-02 -8.571310013039255826e-03 -4.058012706889821582e-03 -6.696488160858441211e-05 -4.491746695633340637e-05 -4.463538545275136710e-06 3.068776965851169436e+00 3.069178986570971102e+00 4.285675194524345422e+00 4.285720468586693421e+00 7.091755830752076939e+00 7.092111699397775304e+00 8.496447777218239850e+00 8.496563987508192639e+00 8.865978513707769793e+00 8.875627325021635983e+00 1.039893350418667595e+01 1.039939946126328252e+01 1.106184010620134650e+01 1.106279859175603697e+01 1.176356891617611211e+01 1.176447723335327922e+01 1.280762026495496819e+01 1.280845233437416475e+01 1.524000262138090456e+01 1.524229500032125451e+01 1.779142846819002344e+01 1.779144932568561899e+01 2.291103826811364286e+01 2.291209017636315082e+01
