b000,b001,b002,b003,b004,b005,b006,b007,b008,b009,b010,b011,b012,b013,b014,b015,b016,b017,b018,b019,b020,b021,b022,b023,b024,b025,b026,b027,b028,b029,b030,b031,b032,b033,b034,b035,b036,b037,b038,b039,b040,b041,b042,b043,b044,b045,b046,b047,b048,b049,b050,b051,b052,b053,b054,b055,b056,b057,b058,b059,b060,b061,b062,b063,b064,b065,b066,b067,b068,b069,b070,b071,b072,b073,b074,b075,b076,b077,b078,b079,b080,b081,b082,b083,b084,b085,b086,b087,b088,b089,b090,b091,b092,b093,b094,b095,b096,b097,b098,b099,b100,b101,b102,b103,b104,b105,b106,b107,b108,b109,b110,b111,b112,b113,b114,b115,b116,b117,b118,b119,b120,b121,b122,b123,b124,b125,b126,b127,b128,b129,b130,b131,b132,b133,b134,b135,b136,b137,b138,b139,b140,b141,b142,b143
2.182825865690368801e+02,2.095270740638338509e+02,1.168773749675751077e+02,-3.276165316332091493e+01,1.536508759903151144e+01,-3.016535537471334578e+02,-6.543227949611411987e+02,1.064203349872563535e+02,-1.930696144833919448e+01,-5.735189084660589742e+01,1.352349395932546940e+02,2.052602199147717101e+02,4.440979795183937995e+01,-4.363930143648542526e+01,1.468447413095245224e+02,-1.294433409546164171e+02,1.701146328597992579e+02,-2.627960057734491670e+02,6.339713309077257009e+01,3.775674306268479086e+01,3.178872404385356845e+02,9.541214900879526795e+01,-1.078265895116978186e+02,-1.787304383404523378e+02,-1.926213052853430554e+02,-7.142516481306927290e+01,9.599643337692532441e+01,2.576278399346131209e+01,-2.738433247546890925e+01,2.088607371084967212e+02,-1.976552937311284950e+02,-3.113108476689120607e+01,-5.659182847327039099e+02,1.065317891118693296e+02,1.249897265270698909e+01,9.388241453013829840e+00,6.998122194491099890e+01,-1.081670812642973800e+02,2.281305743569781441e+02,-2.680296342656169895e+00,-1.009373387751533784e+02,-1.471797195674978127e+02,-1.322466668540699857e+02,-3.707663233848366247e+01,-2.000406512645863586e+02,-2.518802412880179418e+02,-1.309370427967362502e+02,1.260158001948285573e+02,8.715666354484019962e+01,2.243011354298226934e+02,-1.101003527989661279e+00,5.219288713304369942e+00,-1.389445609890706805e+02,1.379857964557537287e+02,-2.364675617960015757e+02,-2.617764260618897509e+01,-4.503611022524889762e+00,-1.037282816464333592e+02,-1.005773375579766480e+02,3.235537022847744879e+02,-3.263111267766358026e+01,7.762162369090165726e+01,2.256726818545067204e+02,-2.348352052009530553e+02,-1.257197707879445403e+01,2.654961210156732818e+02,2.986478409009173447e+02,-8.108023269389049403e+01,3.605948234435215340e+02,2.391626879289023577e+01,1.182412837046855003e+02,-3.227964356601138718e+01,-1.774430937891332576e+02,-1.496967826701744997e+01,-8.710327672143178290e+01,-3.204048598202253970e+02,-6.266917560833478262e+01,1.253607470170093308e+02,-6.277747519257808335e+02,4.597522570450884132e+02,1.846457585444290714e+02,-2.855415253990843212e+02,1.114833548074203122e+02,1.690975760659836737e+02,1.422559641503636101e+02,2.029909942076250502e+02,8.563637533563013449e+01,8.540193098930951976e+01,-1.374882327464846128e+02,8.235787839160433776e+00,2.945312959756077476e+01,-1.671878674992439073e+02,-7.688503765845071314e+01,5.381299713355022050e+02,-4.734440225838164906e+01,9.853995305180866637e+00,-1.631727754330874518e+02,6.024768771500858975e+02,-4.862531173929185258e+01,2.868951063892694009e+01,-1.154340772912239288e+02,1.315646813883258233e+02,8.918663660003753080e+01,-4.808852622422768945e+02,-2.042344895907122577e+02,-6.510779031661971317e+01,1.646724372742610285e+02,-5.980323511965772241e+02,-1.346030535206078405e+01,6.229258044212843970e+01,-2.307015336432078811e+01,1.655679015152209672e+02,-4.770057384305097798e+02,-2.250593266052627541e+02,1.843086490479515476e+02,-1.728774488062325361e+02,-2.900255320373748873e+02,-1.738634525236994222e+01,4.315641759522202392e+02,2.819363720956876591e+02,-1.340866866027531330e+02,-7.460043736314818261e+02,4.810222126630073944e+02,3.049142165955116184e+02,6.927161026625925899e+01,-2.507256836648639187e-01,2.632161881781063926e+02,-9.353286813991292092e+01,5.027631725628018557e+02,-2.538283814991080476e+02,2.117387111350381872e+02,-1.581082304050840470e+01,-2.495798785559250632e+01,-1.489252885036754890e+02,6.161796725190517776e+01,-3.878167624411111092e+02,-3.896450843503750150e+01,3.440677967322354220e+02,-1.700776836648028620e+02,1.581147696558526832e+02,1.986065088984102829e+02,-3.519909734343605123e+01,5.540536867042944777e+02,1.455592321371637254e+01
6.195157314980598784e+01,7.002087521446517826e+01,5.944566242438325787e+01,-1.047757128396442994e+01,2.504281814947811924e+01,-1.813552307487217945e+02,-2.219584293462089590e+02,7.513185170844243999e+01,-1.676889867478782037e+01,-4.896765551427584739e+01,6.286932273085013634e+01,6.436649098987804507e+01,-3.994952248981557830e+01,-2.557505221781207183e+01,3.050306596963710604e+01,-5.508239836742487228e+01,5.866697358797202355e+01,-1.248530978848251891e+02,4.655602962781158283e+01,1.468824755915068181e+01,1.305286218368188145e+02,3.512222370811787187e+01,-4.960995711241614003e+01,-8.696772128916843769e+01,-6.865010751478385487e+01,-2.663113864275848641e+01,6.121939747590627690e+01,1.201183785430114881e+01,-9.006981649701657489e+00,6.476200047019915473e+01,-9.809660913176156782e+01,7.999641686084729031e+00,-2.498761555106503636e+02,7.596238856485024371e+01,-1.085410840340111882e+01,2.495558472721838328e+01,4.865907222513914121e+01,4.724491781638150201e+00,1.030026569704243684e+02,5.270175926386349019e+00,-3.400204499899635380e+01,-7.105998600702002932e+01,-8.737407448934173715e+01,-4.487876387600834960e+00,-1.052298129618636722e+02,-1.396504392148152931e+02,-6.642048903295588502e+01,5.715980923355448340e+01,5.061772601850537967e+01,1.182349213645422452e+02,2.774531112002733835e-01,1.299536641083794386e+01,-2.997273979114179809e+01,4.876789155097608131e+01,-9.465463553280719111e+01,-2.132807113588551218e+01,1.121361861923897418e+00,-5.151367886357959236e+01,-5.176859671517993178e+01,1.381981067120829039e+02,-1.267345513328957018e+01,3.970011531069877719e+01,1.212894296186548218e+02,-1.097314615884448159e+02,-3.783233608280678339e+00,6.376223960938767021e+01,8.713899592213164169e+01,-4.701583459144080734e+01,1.730127625786064414e+02,4.704773716972507458e+00,4.934644887714480177e+01,-1.761805227923011330e+01,-9.209967243410660842e+01,1.411646109596179599e+01,-7.135964210125936624e+00,-1.201308618018720153e+02,1.407800485724758666e+01,4.449684546263210905e+01,-2.228509439183489462e+02,1.831248365166673011e+02,8.132580712127723643e+01,-1.056841580847260644e+02,2.275294532236391376e+01,7.309782416888135970e+01,2.204359816682865514e+01,9.528545955488588959e+01,4.364625626159545391e+01,4.711379314562397269e+01,-6.137473962735601418e+01,1.640082251596444607e+01,7.003981966423499017e+00,-6.417342911342839784e+01,-2.647305723707289360e+01,2.443085696076836939e+02,-3.946385813205228033e+01,2.337191754166737567e+01,-4.734899754121068582e+01,2.736270713165812367e+02,-1.043240054022087193e+01,7.020642672237652704e+00,-5.993542554758989382e+01,5.598084855402726134e+01,3.915217164900641222e+01,-2.139172996897357848e+02,-1.000102679334991365e+02,-3.666174316835293467e+01,6.928733333709151054e+01,-2.622768723792421497e+02,-1.522808275256352761e+00,2.584235849961751796e+01,2.249540566568811073e+00,7.670102900698600479e+01,-2.176988857344074688e+02,-1.163546189554342618e+02,6.146396958193675175e+01,-7.324488854117858239e+01,-1.324502343717584267e+02,-8.102255080524106701e-01,1.652135513747841173e+02,1.018743765932476180e+02,-2.452973153922290095e+01,-3.268162606511323247e+02,1.841473200980277056e+02,1.447121695811877942e+02,4.976647615331881980e+01,1.389825527790907955e+01,1.433723724629142282e+02,-4.150878158714116495e+01,2.349618665330553995e+02,-6.393401885187626732e+01,7.986066139887419979e+01,-5.532332264063562377e+01,-3.470245014680038764e+01,-6.483107109112241062e+01,2.562455588590032463e+01,-1.681323338166611450e+02,-2.100217715271606611e+00,1.354455201273646310e+02,-3.876620239761653863e+01,7.087103309218068148e+01,1.149749105934690618e+02,-1.741668897708341746e+01,2.353752290376060046e+02,6.433574352963775311e+01
2.095483630847778755e+01,1.767043343274896472e+01,3.263309134875267148e+01,-1.430913328817162800e+01,2.134297391760698304e+01,-1.226628680396442803e+02,-1.016748582065416571e+02,6.715695324820094925e+01,-1.492146374058069469e+01,-3.740542708893563173e+01,3.698470809009370441e+01,2.760273318260341924e+01,-5.720681408410381152e+01,-2.004615343738380062e+01,2.349448051624675404e+00,-3.139448927190133531e+01,2.671051449375479336e+01,-7.653623059631026138e+01,3.921415316163364650e+01,1.642274124779138589e+01,7.169573639774412754e+01,1.647282501095833140e+01,-2.669575734017389834e+01,-5.819360424103189189e+01,-3.236570985932628020e+01,-1.400656502277506377e+01,4.591452826662502673e+01,6.889005214708689095e+00,-4.506740964462565557e+00,1.908814651089065251e+01,-6.128435889896909572e+01,1.187962887173652859e+01,-1.422568750479200048e+02,5.110017446590337187e+01,-1.600735189037136763e+01,2.459387476990601229e+01,3.889222168097384724e+01,2.494537021789690812e+01,6.270022131314286895e+01,7.622687315352811410e+00,-1.532550549096687931e+01,-4.428929255526800546e+01,-6.528131045577657687e+01,3.794019550870800117e+00,-7.011425197298733281e+01,-9.219194135441725280e+01,-3.729298726374970130e+01,3.424003016030142987e+01,3.698570803236751203e+01,7.587002395239896657e+01,2.906301454569089060e-01,2.237315744727548505e+01,1.098011337066203552e+01,2.377244085181072109e+01,-4.797176280013007954e+01,-1.500848616549495240e+01,1.370024155441021207e+01,-2.656357703555313066e+01,-3.163757121570477437e+01,8.012786145822683181e+01,-1.171598905020774772e+01,2.543179916368558224e+01,7.535646694816375657e+01,-6.465181009938007151e+01,-3.036191703128615416e+00,1.267009392140195256e+00,2.876103805698274485e+01,-3.172304030096029237e+01,1.087068997902062080e+02,-6.277267279684891399e+00,3.355823002324437709e+01,-1.235487259085862810e+01,-6.427391503820305729e+01,1.934375801417083807e+01,8.484642493442022371e+00,-6.650603108410770403e+01,3.414368865407504927e+01,2.140440888419519894e+01,-1.080683311001192095e+02,9.812010910890889193e+01,5.608758312648596700e+01,-5.322085874775364545e+01,4.169007356021740662e+00,4.197176731372725556e+01,-4.526094267720797149e+00,6.714655973802945255e+01,4.335787524760050360e+01,3.564454422358898711e+01,-3.707395853825072862e+01,1.064925798089587694e+01,1.835955331452225892e+00,-3.186768960742180568e+01,-1.140428869405570822e+01,1.461187898077437524e+02,-3.121342472522806943e+01,2.908861160064413198e+01,-2.073774738512753402e+01,1.653725970350304522e+02,9.101946299006802299e-01,-2.497886752403639221e+00,-4.328888438071345490e+01,3.704743352691279057e+01,2.379830376397636016e+01,-1.253304242372603170e+02,-6.437258980535402486e+01,-2.392767545987906885e+01,4.445221618409892272e+01,-1.525292344668606006e+02,-1.650186251620580968e+00,1.501343505055902483e+01,6.691690490627792087e+00,4.799287507978343825e+01,-1.325073202854370322e+02,-9.141558144973456024e+01,2.224930812624845089e+01,-4.070449364520873559e+01,-7.671202002214224080e+01,2.072570102651560386e+00,8.840487173803145993e+01,4.980612205500781897e+01,1.337992336489911338e+01,-1.877352104733905662e+02,9.446814589739523171e+01,8.729339834058352210e+01,3.838006195359817241e+01,7.224421645791630375e+00,9.622238612396364488e+01,-2.386213970278832619e+01,1.411230237097499582e+02,-1.095107248996885119e+01,4.667063960691094593e+01,-5.483647543549616898e+01,-3.242264745365378076e+01,-3.398771666754338838e+01,1.322175368016697483e+01,-9.804430351569479285e+01,5.915017516608386039e+00,6.990302868028744854e+01,-6.215198933708462548e+00,4.655059880248670368e+01,8.039361984037714137e+01,-1.019514020374772123e+01,1.344761233500581739e+02,5.892173990240869585e+01
5.788521918826456059e+00,-5.793311453280213463e+00,1.724736418669022697e+01,-1.800158216626790164e+01,1.722733633519402119e+01,-8.693591917914828571e+01,-5.344838903828825494e+01,6.262284035312072206e+01,-1.268807317315422978e+01,-2.896423487641042271e+01,2.330955142917972722e+01,1.440296855689371824e+01,-5.790937630478706666e+01,-1.690637323928055480e+01,-7.419121942447215901e+00,-2.007104123324801037e+01,1.383874192742674225e+01,-5.371043715673657459e+01,3.368294134813813656e+01,2.008434104352463123e+01,4.499431408096459961e+01,7.877169798609561013e+00,-1.434661608992562876e+01,-4.325732099475200698e+01,-1.706103469082536606e+01,-9.564896712155835701e+00,3.561670074080286952e+01,3.478388663650779478e+00,-2.820806694919854252e+00,3.017977410661877968e+00,-4.182508083986130032e+01,1.068712338929441508e+01,-8.894989140889366297e+01,3.312835278944090334e+01,-1.650273890515280328e+01,2.259305466792359240e+01,3.234843060811183335e+01,2.781932961473771826e+01,4.354594557549246758e+01,8.301066429379003964e+00,-7.590226627196802411e+00,-3.061594285130608384e+01,-5.095604830661425666e+01,6.325431567410142009e+00,-5.082847762851190510e+01,-6.497434882941780643e+01,-2.171065027198086028e+01,2.431822458012678467e+01,2.896678605250731664e+01,5.242028491748627772e+01,3.782204690188173402e-01,2.825379423626282360e+01,2.777762274854076807e+01,1.315082657316516546e+01,-2.641830825864424881e+01,-1.017673357285451097e+01,1.932224689377892801e+01,-1.326764355328591272e+01,-2.119229573434237324e+01,5.376592966821688435e+01,-1.321785257434185645e+01,1.791391115552998059e+01,4.879230566769456345e+01,-4.146539299059819683e+01,-3.160983239549835844e+00,-2.336526871460822363e+01,7.493720825832234311e+00,-2.341724976178971218e+01,7.709575393974697022e+01,-1.277451272328387333e+01,2.633981584637085760e+01,-9.652542390101615410e+00,-5.118826007265769107e+01,2.029715960193962587e+01,1.155164099117049226e+01,-4.478600770173023449e+01,4.048467137977667107e+01,1.272304650185318486e+01,-6.169297464927603869e+01,6.043609368568836260e+01,4.618339177471202817e+01,-3.089845246073826956e+01,-8.647279573972497246e-01,2.787718300630084656e+01,-1.267497288349447260e+01,5.854710094309756130e+01,4.567446380691102803e+01,3.018337590608462762e+01,-2.506932153046122380e+01,5.318566197292217801e+00,4.716013810179613408e-01,-1.701139803754053048e+01,-5.054352905539655438e+00,9.885097709214645079e+01,-2.333558357075063583e+01,3.033060583132245469e+01,-1.283157310433026055e+01,1.137528019415270677e+02,5.559789322022873570e+00,-7.976017402235129339e+00,-3.464354365703957939e+01,2.901436564882414970e+01,1.716548675494242104e+01,-8.291375807243754537e+01,-4.679559247303298264e+01,-1.521912170341149917e+01,3.403989232213471894e+01,-1.003494560643089386e+02,-4.820545444400559099e+00,1.026135767886396977e+01,6.991465005625123297e+00,3.474348293823504008e+01,-9.189501087660403300e+01,-8.176871550551531698e+01,6.499797084109368406e+00,-2.494984535442554119e+01,-4.859778302628345159e+01,2.635166884203481441e+00,5.550130236985239662e+01,2.724519103203311587e+01,2.638993963782936802e+01,-1.210031209537877288e+02,5.444102123070926780e+01,5.836187110446996229e+01,3.129210701251560423e+01,1.303739634122238478e-01,7.061575181339246399e+01,-1.535976019494098921e+01,9.438660699960402667e+01,7.632345322772033036e+00,3.405598498725967715e+01,-4.838153749071985033e+01,-2.919692933993732709e+01,-1.664507557750557609e+01,8.320533309851704473e+00,-6.569044921442947782e+01,6.581337963032948934e+00,4.003175516307178583e+01,4.845778783638273524e+00,3.580913687514126309e+01,5.983520116187713000e+01,-6.313722121780334540e+00,8.804172280135084350e+01,4.600426800176818887e+01
-7.777878197931700210e-01,-1.499873506287101854e+01,9.205444361398159359e+00,-1.947566718683062703e+01,1.404825588916423484e+01,-6.319733960106310633e+01,-3.010867963055358132e+01,5.716728386586112975e+01,-1.027418133446266779e+01,-2.315986097038953773e+01,1.495443249644024419e+01,8.665683682526747589e+00,-5.292540144317318607e+01,-1.458679266074305403e+01,-1.140406831335236149e+01,-1.347400679560482928e+01,7.771110320204794419e+00,-4.124034276443639158e+01,2.815543604036103886e+01,2.136225251072856679e+01,3.051010614864852144e+01,3.112612163370286567e+00,-7.651413583823242881e+00,-3.401754828138506781e+01,-9.288811187564794736e+00,-7.918976146560413376e+00,2.788308411061002090e+01,1.622844957361312623e+00,-2.006721969847559350e+00,-2.537998761291225591e+00,-2.993453457646838345e+01,8.899998277086950793e+00,-5.803513915130318424e+01,2.122794842646473157e+01,-1.517332403906542915e+01,1.994786166113358306e+01,2.745128794734424460e+01,2.645697511492077680e+01,3.265922366079867345e+01,8.022703165061052744e+00,-3.640394386939431293e+00,-2.278300397537122279e+01,-4.081685193704091574e+01,6.940566349601078322e+00,-3.846627720702863940e+01,-4.703813682262759954e+01,-1.339961726550894205e+01,1.925122504100919585e+01,2.346315016793000652e+01,3.775396435425507491e+01,6.855060457059138912e-01,2.973564221897880344e+01,3.306169868462648509e+01,7.416582195485279527e+00,-1.494793157151559981e+01,-7.154307201185271303e+00,2.050716412210411832e+01,-5.484128720698609349e+00,-1.515486175468693375e+01,3.925138147011047351e+01,-1.402594279954030476e+01,1.325790729848575467e+01,3.296288074638213317e+01,-2.767869599673097625e+01,-3.299023610610355206e+00,-3.191226209136140568e+01,-7.015507992366548651e-01,-1.842674578609913638e+01,5.868843378801834376e+01,-1.585358042085922037e+01,2.091792912630357293e+01,-7.726969504429162861e+00,-4.353643541674476580e+01,2.000781723023670011e+01,1.083312763898385178e+01,-3.380207573891814832e+01,4.013050760350269286e+01,9.066123431170460378e+00,-3.941056146992772824e+01,4.053231500327827064e+01,3.989790996459364436e+01,-1.955128545556653563e+01,-2.146932731594041854e+00,2.039113244475838727e+01,-1.543633851306375959e+01,5.438789609666665115e+01,4.422343104196081498e+01,2.685516539755364107e+01,-1.813819613829651445e+01,2.256264094854067537e+00,2.075610811182810878e-01,-8.773099368730832737e+00,-1.897985012912727143e+00,7.195931148595286686e+01,-1.719158560144920855e+01,2.958324849158839953e+01,-1.020086136572421864e+01,8.467575236061401256e+01,7.758224861854207788e+00,-1.045528964503072977e+01,-2.859151602461515651e+01,2.387037824797528884e+01,1.373639206747286678e+01,-5.906758410100286483e+01,-3.648358649119060715e+01,-9.400587443740512583e+00,2.779400912886882580e+01,-7.096592293988965139e+01,-7.480746817593483478e+00,7.716863736261043272e+00,6.261822359339198840e+00,2.744373104887476345e+01,-6.891104784394170224e+01,-7.433978930617607261e+01,1.210157831552432617e+00,-1.589925260422722886e+01,-3.214180274764160572e+01,3.336750678488094923e+00,3.837421666826983113e+01,1.675779025055234328e+01,2.776417607651308472e+01,-8.322922597298418168e+01,3.305616256066517167e+01,4.208524332562860337e+01,2.664578821264563047e+01,-3.668249624611267912e+00,5.466717422734903664e+01,-1.039534203747358809e+01,6.718942325120333692e+01,1.363610046450030211e+01,2.681795392929908672e+01,-4.163131727768463008e+01,-2.630379626478556787e+01,-6.267091884324341500e+00,6.365793880333698418e+00,-4.784889294551252448e+01,5.131349887407050225e+00,2.393992725956749013e+01,9.013475885867634929e+00,2.956443808166875442e+01,4.644934415722136833e+01,-3.481852111063213240e+00,6.267672753081974690e+01,3.448920776245608977e+01
-3.923081891254818654e+00,-1.712591935391219167e+01,5.580782767498913444e+00,-1.945943185302026279e+01,1.171901641149739248e+01,-4.661933516572547376e+01,-1.714495567603256276e+01,5.042731274240546213e+01,-7.863546992875438235e+00,-1.914088429648392164e+01,9.484962739875406612e+00,5.677517011333311103e+00,-4.615358639752717806e+01,-1.269190317128533252e+01,-1.311325360445297150e+01,-9.085872553572457377e+00,4.639307861273323397e+00,-3.342593498461557289e+01,2.254810026045553428e+01,2.048330200854040584e+01,2.168094647404074493e+01,2.534472920773627180e-01,-4.188932178093228487e+00,-2.780093422426241645e+01,-4.811322055356768601e+00,-7.233163664561144124e+00,2.179551972990087449e+01,7.197424870843232014e-01,-1.610169779645598709e+00,-4.257767736003231107e+00,-2.200952003131489931e+01,7.318759296235703538e+00,-3.847273144881134499e+01,1.363044745363465360e+01,-1.326730750363649669e+01,1.707244834110550613e+01,2.361605382975887579e+01,2.412048404861207374e+01,2.571129525161842011e+01,7.174828508331773769e+00,-1.332225992689117788e+00,-1.778426129738501515e+01,-3.327839250671975435e+01,6.812678304809516305e+00,-2.990757527330467980e+01,-3.420321533616171905e+01,-9.022476977983901136e+00,1.610180182339245647e+01,1.940734232629257860e+01,2.785366784090348347e+01,1.143979713413401100e+00,2.790088200830254195e+01,3.274760668166597810e+01,3.724855228345146596e+00,-8.308716666555838515e+00,-5.468729828709091301e+00,1.943802957181223334e+01,-7.201628087510485443e-01,-1.138709826919165380e+01,3.004782381239764177e+01,-1.391600421816011668e+01,1.002339910393148159e+01,2.342273171531865827e+01,-1.883712522928144040e+01,-3.365274889141069536e+00,-3.281746282039195961e+01,-3.407091596503324382e+00,-1.523983213535112213e+01,4.668235827498888568e+01,-1.665973750695315658e+01,1.647025334993983137e+01,-6.104088579858511387e+00,-3.830951680437134854e+01,1.916662039545541774e+01,8.743221993153305505e+00,-2.732676485028895641e+01,3.648699088476109154e+01,7.292071835020253801e+00,-2.722792663155845005e+01,2.869278727120267547e+01,3.438808132899091419e+01,-1.297607779946807049e+01,-2.161081004844120912e+00,1.592123267724588231e+01,-1.623936677377558624e+01,5.058747098483625848e+01,3.955681260070554117e+01,2.447300983844587918e+01,-1.374754497377670859e+01,1.012967800546257680e+00,1.980036941036908971e-01,-3.614756219746369403e+00,-7.565525910506654128e-02,5.490056400473747544e+01,-1.282138202880170397e+01,2.781251903610797882e+01,-9.146565772004946027e+00,6.644230849218004664e+01,8.880513923745887439e+00,-1.094367933637168022e+01,-2.372082201007128432e+01,1.973446493182774475e+01,1.169830448084384145e+01,-4.434113378580430265e+01,-2.965085521887721853e+01,-5.643092155606681537e+00,2.302257549634006040e+01,-5.258102495641945495e+01,-8.842047353022790546e+00,6.192059299617451273e+00,5.333126962417489736e+00,2.286209028181303538e+01,-5.432953052907001990e+01,-6.642033519274538378e+01,8.338886845527617719e-01,-1.016545444451670832e+01,-2.158669791850021369e+01,4.556883614163870000e+00,2.829672765139215684e+01,1.214954438617508181e+01,2.395915419507504041e+01,-5.955920955011988838e+01,2.034889302601904859e+01,3.206847302702118441e+01,2.334734616293498988e+01,-4.671203908109368363e+00,4.381043158610055599e+01,-7.030041880033873980e+00,4.974645391369168834e+01,1.438050688190202919e+01,2.115576169078656932e+01,-3.568555931461003183e+01,-2.382741249432823594e+01,-2.200989009372749938e-01,5.587155026144947634e+00,-3.676665423211792216e+01,3.338353107363680738e+00,1.436957805789917586e+01,1.048882363936093043e+01,2.510015437871768995e+01,3.725760195616864934e+01,-9.045082489877727117e-01,4.720843584042756902e+01,2.566452419394990869e+01
-5.439540603348966386e+00,-1.624054691633792658e+01,4.156925700602368323e+00,-1.875787400685101147e+01,1.002232699029094221e+01,-3.491329516738635164e+01,-9.307793776183331147e+00,4.347952464932808425e+01,-5.617435047544887539e+00,-1.630378867716396485e+01,5.966714570622384528e+00,3.928674472142176910e+00,-3.955838037726900325e+01,-1.108054101475674713e+01,-1.376203105419294914e+01,-6.074033453891955148e+00,2.905884805928923953e+00,-2.800911912406661131e+01,1.748940708661543297e+01,1.867775353045482944e+01,1.587239775730044400e+01,-1.561060460229159119e+00,-2.420926307656010579e+00,-2.337175576953830713e+01,-2.042004890038678688e+00,-6.845878229327855280e+00,1.701325357826726048e+01,2.295417769964602783e-01,-1.504673795336859854e+00,-4.511371540824382187e+00,-1.653037460219379540e+01,6.046874355596486339e+00,-2.579727080838970821e+01,8.831752483898148043e+00,-1.148087149643712124e+01,1.443232672080548440e+01,2.061444344284837626e+01,2.171541574774660788e+01,2.103492050971413363e+01,6.096335035798423618e+00,7.178490814285609645e-02,-1.432333367435860083e+01,-2.751661310110655378e+01,6.456341764970556341e+00,-2.391641465057985272e+01,-2.494582843603646793e+01,-6.729756343640606708e+00,1.386374203255873105e+01,1.633038073752262065e+01,2.095633282253137963e+01,1.608304062670734780e+00,2.443011626983058449e+01,3.013615229695408004e+01,1.138303480448094263e+00,-4.350121452335880434e+00,-4.671290370587583674e+00,1.737818574369367397e+01,2.070709229567405441e+00,-8.973334018331268425e+00,2.375099411858920817e+01,-1.328649125452391999e+01,7.716042908200400063e+00,1.758825844474292666e+01,-1.304377685833057932e+01,-3.479971652062715748e+00,-3.051597738252903724e+01,-3.732334411845131594e+00,-1.309092002842578850e+01,3.832132691413860215e+01,-1.633901968285960393e+01,1.310165704316383284e+01,-4.754189243542167098e+00,-3.449322374072752240e+01,1.807351052728164831e+01,6.331940118141753615e+00,-2.322046343675727798e+01,3.186182137314478879e+01,6.312941686260240992e+00,-1.998910795911718452e+01,2.119879853089579314e+01,2.933530721455580803e+01,-8.855617334176697497e+00,-1.782503844327545162e+00,1.297254837548843831e+01,-1.623161047223148401e+01,4.684699906539515268e+01,3.369514353323890532e+01,2.263012547972680721e+01,-1.075127067923328994e+01,8.555805015410115066e-01,1.785758979796696622e-01,-1.287645370665329025e-01,1.122374254550210892e+00,4.342414681371791119e+01,-9.802781909233384994e+00,2.563372580021224678e+01,-8.530641338313381894e+00,5.438036331884904939e+01,9.553080761108581953e+00,-1.036550536710032588e+01,-1.972950153046265243e+01,1.624737709427476062e+01,1.041111146365970619e+01,-3.481955079127992292e+01,-2.476524056029874998e+01,-3.187132022076057059e+00,1.910767088140174152e+01,-4.048898519595752532e+01,-9.201055447868967008e+00,5.188436269120558109e+00,4.454976175042368425e+00,1.974065409301833185e+01,-4.452348495089756852e+01,-5.850567993099875252e+01,2.368385504433135225e+00,-6.411232453124964259e+00,-1.457958266659354152e+01,6.002792996384441082e+00,2.193742721360702319e+01,1.015086961710409419e+01,1.854536408835891947e+01,-4.401768051934326564e+01,1.242119938685002190e+01,2.539157101560546081e+01,2.087112188270645063e+01,-4.259131059565690158e+00,3.608079288068358892e+01,-4.612234449547651494e+00,3.802383702157591472e+01,1.301775493144239526e+01,1.640932084187985751e+01,-3.073784436855293123e+01,-2.172410223693294284e+01,3.101955747997966917e+00,5.230531890097577019e+00,-2.938290142188945353e+01,1.795270624553917616e+00,8.386503676991736711e+00,1.078004619413362164e+01,2.165405455107694621e+01,3.065620738982343596e+01,1.473236708327324784e+00,3.719969470253878541e+01,1.921837657395552412e+01
-6.182063721917910648e+00,-1.429702725587800138e+01,3.635167517925896874e+00,-1.781799981701390578e+01,8.769455637594170128e+00,-2.649226137819474758e+01,-4.182150986845005747e+00,3.703751751138371162e+01,-3.636968792350497637e+00,-1.425489647073984045e+01,3.702702681165312981e+00,2.835271303591074599e+00,-3.380916096994526043e+01,-9.701332527126428573e+00,-1.388389694858356727e+01,-3.993724432920860323e+00,1.892790065072023964e+00,-2.400906957006734288e+01,1.318303540525680972e+01,1.676460204357307404e+01,1.183732120299526969e+01,-2.729141011627920221e+00,-1.479048794030433100e+00,-1.998303841108898027e+01,-2.161491017616873345e-01,-6.501502019969263912e+00,1.319910429706594712e+01,-1.704549068567606795e-01,-1.534991913413782605e+00,-4.235117547314961151e+00,-1.258919933538566127e+01,5.063134426220493367e+00,-1.739691145703271857e+01,5.694466365094331017e+00,-1.001801343536881639e+01,1.220939525436226702e+01,1.820492398314367222e+01,1.953608519468338756e+01,1.772850879995743867e+01,4.992746914698884098e+00,9.472267206585032184e-01,-1.173565965707309999e+01,-2.300865380983151809e+01,6.017239318501140133e+00,-1.962195359801440020e+01,-1.819239395345858767e+01,-5.518947455155026383e+00,1.218207892568332795e+01,1.395044500193360726e+01,1.597762236174380845e+01,2.046009111754024445e+00,2.052133822082342718e+01,2.694157230776376366e+01,-7.974271130145300646e-01,-1.922162303701475672e+00,-4.389985139637038181e+00,1.506774270133802673e+01,3.716469053580758519e+00,-7.327345125061244246e+00,1.912491821810067094e+01,-1.245976676682191275e+01,6.014209778073615453e+00,1.385150048002974721e+01,-9.160983349052290947e+00,-3.623778103857239863e+00,-2.721444027468637117e+01,-3.124325376802588927e+00,-1.157073455432826847e+01,3.214914916749539486e+01,-1.558095123633032841e+01,1.064825276001567289e+01,-3.633392897309403846e+00,-3.154670411743620306e+01,1.685016467825894892e+01,4.068683783939773591e+00,-2.045724957196197025e+01,2.742057529470294952e+01,5.611530387874879011e+00,-1.527340010995252229e+01,1.616080589930758649e+01,2.488534421920607542e+01,-6.032223586686768613e+00,-1.302837790271148322e+00,1.088601506080567560e+01,-1.588973750908824378e+01,4.343185524225486915e+01,2.800792677495157434e+01,2.115507280022895742e+01,-8.535508667015115236e+00,1.206764398207622602e+00,6.775537584823698722e-02,2.381982049581024441e+00,2.038757987382290082e+00,3.530127927610548966e+01,-7.674451612544575418e+00,2.338098881755966474e+01,-8.016647923235849404e+00,4.596966673877304999e+01,9.984718112358633491e+00,-9.381266688347057681e+00,-1.645503338962002360e+01,1.331674468704831327e+01,9.542157877145932332e+00,-2.843336207453507569e+01,-2.104765795398939332e+01,-1.490306036006272539e+00,1.582013241087071620e+01,-3.215540277550474002e+01,-8.952129019092064155e+00,4.496338559293356241e+00,3.698157887745894712e+00,1.745827917325783218e+01,-3.752935103548489337e+01,-5.119423180617528857e+01,4.302573596187018623e+00,-3.853561753990277339e+00,-9.792026044757804470e+00,7.462617559627274133e+00,1.771084916563757616e+01,9.206418689940543132e+00,1.321847612921839143e+01,-3.338613895784796171e+01,7.257744980194459572e+00,2.061684718425114937e+01,1.889471090002998110e+01,-3.356364726238964202e+00,3.034170149681540352e+01,-2.784214100317798923e+00,2.983000613106933940e+01,1.099948265870649067e+01,1.248867973342134263e+01,-2.666555140748005925e+01,-1.994310055646739599e+01,4.915285481579620530e+00,5.007915338961229423e+00,-2.416387395040661090e+01,6.074538172657293345e-01,4.464796410366215440e+00,1.053352578539693951e+01,1.884392334423838022e+01,2.569583314113052452e+01,3.504330106659172550e+00,3.037629441552323328e+01,1.448601715888147545e+01
-6.473448959663097746e+00,-1.216623888716413582e+01,3.390925440296332027e+00,-1.683324557072181449e+01,7.820645212377923983e+00,-2.033564835837848150e+01,-6.452179153156745173e-01,3.146358608317618177e+01,-1.951762523295233365e+00,-1.271491968517145210e+01,2.334530527817230805e+00,2.154092291126747938e+00,-2.903457754766441212e+01,-8.483338196397552267e+00,-1.372549214865468059e+01,-2.570202610935286458e+00,1.284056361343113295e+00,-2.094362412349901703e+01,9.677530030661070981e+00,1.510803988290101429e+01,8.843656683331815316e+00,-3.497782950192636520e+00,-8.890884746262948113e-01,-1.722773129290598249e+01,1.037909542058143231e+00,-6.116090042288206519e+00,1.014652136886758704e+01,-5.688036421970239509e-01,-1.637805927932011407e+00,-3.789570769356926494e+00,-9.674184219019986486e+00,4.278882443964622695e+00,-1.183639627975802711e+01,3.575888580946088080e+00,-8.899004119134206192e+00,1.040847829737641383e+01,1.627974542283890003e+01,1.759436736214018282e+01,1.531198016003776630e+01,3.983987885907876780e+00,1.459323878527513330e+00,-9.719792239122801547e+00,-1.936624886235912513e+01,5.566994523090835756e+00,-1.653801048616443836e+01,-1.327937556367877292e+01,-4.850072158292089597e+00,1.089486405598411700e+01,1.204812773395848069e+01,1.228198364070452797e+01,2.407170776191862593e+00,1.680751185623353550e+01,2.385478859237953131e+01,-2.297380921358272765e+00,-4.377968736195239075e-01,-4.389784070222040313e+00,1.283569428933426693e+01,4.638967537400495722e+00,-6.207540568970149053e+00,1.557509316954349821e+01,-1.161825849234090846e+01,4.757660836578240016e+00,1.133501766423152901e+01,-6.557143364002183006e+00,-3.835622894683559103e+00,-2.393351516205805751e+01,-2.227583377302149170e+00,-1.045352289983103411e+01,2.734836991391927796e+01,-1.475909470780758248e+01,8.861542812799275026e+00,-2.703431097621378232e+00,-2.919575039593521382e+01,1.556500729390559812e+01,2.131533201386379250e+00,-1.852450394324946359e+01,2.356802628266611777e+01,5.033334307708279276e+00,-1.198513159855018273e+01,1.263503868937323560e+01,2.108985564539260338e+01,-3.925842493120160093e+00,-8.457599938436928255e-01,9.273705877919198315e+00,-1.540392445955708745e+01,4.053746123405505841e+01,2.307897158171538265e+01,1.998894897084772992e+01,-6.777798941740977412e+00,1.763678751065387962e+00,-1.413430126682317933e-01,4.276993905902088500e+00,2.830804871714589055e+00,2.932339201221294545e+01,-6.110622555746342499e+00,2.131904459529744145e+01,-7.500484149525240340e+00,3.987073882581998419e+01,1.033176456334856397e+01,-8.309287771331220540e+00,-1.378555857362121273e+01,1.086715375347253776e+01,8.958866769213809533e+00,-2.405083210125562587e+01,-1.804480144843781275e+01,-2.575650304705264237e-01,1.305047354286532446e+01,-2.624163012633358250e+01,-8.412677414830184830e+00,3.994997245603598479e+00,3.078326082191869872e+00,1.568696023606291767e+01,-3.233296938071826787e+01,-4.485441011614698681e+01,6.034117361263422907e+00,-2.104202115790247518e+00,-6.441497895558369713e+00,8.813412604518282123e+00,1.477855588018711330e+01,8.566525890723177383e+00,8.601486641428008895e+00,-2.592216432927866521e+01,3.829999095249685848e+00,1.704530099353629069e+01,1.722923385766766557e+01,-2.473598720091986447e+00,2.593883754495642435e+01,-1.358090248391113475e+00,2.393457401923513927e+01,8.939667902914141706e+00,9.326415173848696227e+00,-2.328025704529099826e+01,-1.839537205497682493e+01,5.890780071121068495e+00,4.806746835932488082e+00,-2.027988694384925594e+01,-2.691763827517820729e-01,1.802318100997341688e+00,1.003243531435982128e+01,1.647743805687138163e+01,2.181187659135202139e+01,5.163394351322505571e+00,2.551012715775165773e+01,1.095405460700490785e+01
-6.513445182588680105e+00,-1.020486901530255075e+01,3.218955882298825344e+00,-1.587894468846718432e+01,7.100889254747901447e+00,-1.579568066036638285e+01,1.888592174939283552e+00,2.675529165237856688e+01,-5.457119069070195394e-01,-1.154398941732312167e+01,1.550144892118911599e+00,1.728660989419214644e+00,-2.517006781125226667e+01,-7.408417651147743754e+00,-1.343167070052856182e+01,-1.631374431335292030e+00,9.464687490877994325e-01,-1.852381946288491221e+01,6.844304207915218541e+00,1.381827151780231233e+01,6.575715853097124253e+00,-3.954703648045985176e+00,-4.657831315488909496e-01,-1.490958506214379398e+01,1.935975535374374834e+00,-5.661633809344053248e+00,7.685460907614512394e+00,-9.606764034812034225e-01,-1.728711562438813854e+00,-3.332355023411118999e+00,-7.483003373737474817e+00,3.658830221347374234e+00,-8.184236041539632467e+00,2.079314852982296014e+00,-8.088004343171817823e+00,8.989601116747682141e+00,1.472132036910850239e+01,1.589817038001699245e+01,1.349185218522956298e+01,3.114350187335186870e+00,1.719913310441434362e+00,-8.096341821372526226e+00,-1.639093322406343489e+01,5.106326533658126721e+00,-1.430686575350816625e+01,-9.668953615288994996e+00,-4.454518051743295182e+00,9.921730624622496109e+00,1.053132172746703077e+01,9.494213111153879225e+00,2.712213931414688695e+00,1.354182925008091942e+01,2.111160198252091291e+01,-3.502697176834989712e+00,4.523181042007360375e-01,-4.537993535196471306e+00,1.079594055845607770e+01,5.139647558630991320e+00,-5.407246566279984457e+00,1.274371118183569429e+01,-1.084335337004979571e+01,3.813373245417995161e+00,9.540004150675475358e+00,-4.812702663263443981e+00,-4.090990011636908008e+00,-2.102902057042784278e+01,-1.295418648705320752e+00,-9.597595188880353234e+00,2.346700812846232509e+01,-1.403110372307906673e+01,7.531346702135783389e+00,-1.916036283640995208e+00,-2.727536995757569116e+01,1.426045547059447927e+01,5.364777235535894695e-01,-1.714334253615194825e+01,2.044769811870502707e+01,4.482845181054768702e+00,-9.536265086387491152e+00,1.010114912660509034e+01,1.794542305881028454e+01,-2.242397094318363315e+00,-4.370863834403309056e-01,7.986481874051928109e+00,-1.486237123909178770e+01,3.819569788517822673e+01,1.905895441588613082e+01,1.906885317810056435e+01,-5.351204525213569596e+00,2.341559844265174384e+00,-4.155014461436259410e-01,5.748150503443159920e+00,3.544147480107234571e+00,2.479871680112944787e+01,-4.928798129412545137e+00,1.953621639185496051e+01,-6.998999324900465169e+00,3.533420670455295465e+01,1.062976659438717775e+01,-7.249288693805533867e+00,-1.163206810706122596e+01,8.863166925020289355e+00,8.552118682846897357e+00,-2.101210721576262586e+01,-1.556328301641382694e+01,6.556179522303113849e-01,1.074043569257667308e+01,-2.196257528469678277e+01,-7.756566405571267531e+00,3.630721757275939154e+00,2.584499383583155563e+00,1.427017803299729692e+01,-2.833481344272457392e+01,-3.951125880402172896e+01,7.372538236779083043e+00,-8.894819765942045819e-01,-4.072484047301731636e+00,1.000707513305887630e+01,1.270477414960951279e+01,7.995409817513849049e+00,4.849448091553245632e+00,-2.061136873389141044e+01,1.549658179365511756e+00,1.432319886786800822e+01,1.577381922400791403e+01,-1.767235947980091870e+00,2.248826219802027993e+01,-2.217010612848688555e-01,1.963532153939997116e+01,7.115850215175409055e+00,6.826841168835859008e+00,-2.045741772088513954e+01,-1.704766512106602505e+01,6.439288217151966087e+00,4.594472846130873478e+00,-1.732422277486106665e+01,-9.022486331358832157e-01,-5.381869122883564671e-02,9.464536274621929479e+00,1.444875688401300984e+01,1.870660178236073179e+01,6.439273317171898547e+00,2.192739119701919392e+01,8.263834463652845130e+00
-6.388150030867633333e+00,-8.478503797163712719e+00,3.038941327980163365e+00,-1.497462841538409783e+01,6.537566589270761952e+00,-1.239136792249121122e+01,3.765564118756381973e+00,2.281280781488238318e+01,6.250654093483056783e-01,-1.062443766607233009e+01,1.156992988190033600e+00,1.470308678006343683e+00,-2.202506043462367558e+01,-6.450579987348099564e+00,-1.307728234499867348e+01,-1.015320797863415336e+00,7.920418061835583501e-01,-1.656079929201252909e+01,4.544964380405394522e+00,1.283260990018560577e+01,4.774192374252787197e+00,-4.220129227530456717e+00,-1.246553219258217382e-01,-1.291088114586904112e+01,2.606487000690611566e+00,-5.152936295160398750e+00,5.690139942727070022e+00,-1.333901768631239104e+00,-1.802611696173394229e+00,-2.935115139160454412e+00,-5.800993717756324664e+00,3.129882913552347823e+00,-5.808777157348465892e+00,1.004793567507096919e+00,-7.484517614038385780e+00,7.848033569402406151e+00,1.346025404565934025e+01,1.440377871761721096e+01,1.209106088648662869e+01,2.377859005996076913e+00,1.806005842010894646e+00,-6.762744966072618880e+00,-1.390657165966463893e+01,4.642200780396931847e+00,-1.267507333075569775e+01,-6.985151769381952036e+00,-4.199784791639433301e+00,9.193823682062474134e+00,9.283088854359908382e+00,7.332226304268026240e+00,2.945206267937260591e+00,1.078905071444254027e+01,1.873123866835832985e+01,-4.483613340040941253e+00,9.596550366710694391e-01,-4.732868864707725720e+00,8.979959827194596400e+00,5.388272440070063674e+00,-4.821608529648099051e+00,1.041902381512602638e+01,-1.015092447215076454e+01,3.105739879319502350e+00,8.207010938060046001e+00,-3.647673668019528748e+00,-4.384082412454177735e+00,-1.856722834498667041e+01,-4.218409892775000225e-01,-8.918824424614118840e+00,2.020448433314708581e+01,-1.340388742345247053e+01,6.475865164628365811e+00,-1.230285629719061191e+00,-2.566096937323954208e+01,1.296522953065347750e+01,-7.415507913192798117e-01,-1.613358553723604416e+01,1.793118249937080222e+01,3.956499410120554394e+00,-7.618729586934000153e+00,8.227725483033841769e+00,1.534661557818079203e+01,-7.913278096903479941e-01,-7.598433708621499250e-02,6.922361438001606970e+00,-1.430329514587536544e+01,3.630297602346757913e+01,1.584754793612872525e+01,1.836477778817005913e+01,-4.149767015314630214e+00,2.873678407090983100e+00,-7.264510797039740453e-01,6.938632841562073494e+00,4.206430247331878647e+00,2.128764762219151407e+01,-4.005264658758355800e+00,1.805471418129229377e+01,-6.513719941128106150e+00,3.186479832275956880e+01,1.091093588585194851e+01,-6.259838842657015512e+00,-9.897182147682032749e+00,7.234806511000880569e+00,8.266658693738627051e+00,-1.887451795972512869e+01,-1.344128039589952373e+01,1.334715500061110394e+00,8.792331994851794619e+00,-1.881078772432517354e+01,-7.071757806829063853e+00,3.359535629770867171e+00,2.205626426030793397e+00,1.311122278762892535e+01,-2.517264144668582304e+01,-3.503646723897765725e+01,8.324770696496642586e+00,-4.676399121158913985e-02,-2.358954272383647854e+00,1.108075538620908418e+01,1.120359187276327972e+01,7.422977713012217649e+00,1.883818797760522967e+00,-1.675864457949752762e+01,2.603048907913985133e-02,1.222265531371698621e+01,1.447598912598648013e+01,-1.271767766752786910e+00,1.972570369297250181e+01,7.210369492638250000e-01,1.643260222646670954e+01,5.576374102588325776e+00,4.850755659735843217e+00,-1.806236287330471058e+01,-1.586627098162904659e+01,6.740540372773651256e+00,4.368379839362744654e+00,-1.499103574938174432e+01,-1.348374778802745144e+00,-1.401245545856744101e+00,8.902429306681876042e+00,1.268146710394497134e+01,1.617239318380610058e+01,7.409866623671088171e+00,1.918440230224487664e+01,6.192885436433248181e+00
-6.144457028752933425e+00,-7.015293325909613742e+00,2.851168241719230778e+00,-1.411870153677980610e+01,6.087183849277073122e+00,-9.808771496099915055e+00,5.162383527869124578e+00,1.949998551740178243e+01,1.604797178073230413e+00,-9.881612020650685224e+00,1.037899378472303624e+00,1.302349774760606316e+00,-1.946603790315577953e+01,-5.594344489753977356e+00,-1.269216108728917902e+01,-6.176508635209305709e-01,7.516829322666893631e-01,-1.490912875035694007e+01,2.667278216933971713e+00,1.211312023315024788e+01,3.293791674818628223e+00,-4.370458840045198912e+00,1.660862311900075383e-01,-1.117080293528367108e+01,3.100284669118121172e+00,-4.603053097156273310e+00,4.076392829672592200e+00,-1.676301841013958738e+00,-1.852736916206997542e+00,-2.621559052162275805e+00,-4.485785389594120431e+00,2.666024728706953173e+00,-4.307243609449269428e+00,2.094649536923683386e-01,-7.037960019953937163e+00,6.929278108422217919e+00,1.243743780166355428e+01,1.306993913196899015e+01,1.099355136463804783e+01,1.768906016665504399e+00,1.777360611483749686e+00,-5.662082471303823361e+00,-1.179540133186112882e+01,4.205160105962746364e+00,-1.148510184855680549e+01,-4.965938372250928268e+00,-3.995319363158523096e+00,8.657439188738866420e+00,8.220350935619883614e+00,5.639121418584117862e+00,3.100211477730662857e+00,8.505904101077666368e+00,1.666307523041146865e+01,-5.273159840981233693e+00,1.226617865328926804e+00,-4.942267502278891556e+00,7.360410572542051888e+00,5.465193014029913421e+00,-4.397912019529117700e+00,8.473922174491331560e+00,-9.542741081122070312e+00,2.590676619767386946e+00,7.196845809640357139e+00,-2.878042206627178246e+00,-4.709159496751956553e+00,-1.653189250113285880e+01,3.661892304808895271e-01,-8.351693778629659448e+00,1.739452428857636690e+01,-1.288992740960633299e+01,5.593936322245482096e+00,-6.164601472079911382e-01,-2.428318901279448383e+01,1.170839313224695566e+01,-1.755792832869178310e+00,-1.539160592713427711e+01,1.594505546615906688e+01,3.432193216169674876e+00,-6.057158061747616173e+00,6.811242941983769228e+00,1.322341000771584518e+01,4.958828526071048515e-01,2.243200901402766512e-01,5.993461467889146910e+00,-1.376158997863002753e+01,3.480156356211109170e+01,1.331769471350311740e+01,1.785166053860993784e+01,-3.130908772719958932e+00,3.333953087128490811e+00,-1.065272007464042048e+00,7.928705184532198302e+00,4.846031624001395421e+00,1.849211585899503518e+01,-3.273376336447926249e+00,1.686798932188720812e+01,-6.071851831278025635e+00,2.914458385805686547e+01,1.119725584475096269e+01,-5.340154238657067509e+00,-8.518134689839737206e+00,5.920685143268914707e+00,8.103643901787961568e+00,-1.735218503510233745e+01,-1.160326219026788053e+01,1.814338849434589784e+00,7.160987075465166107e+00,-1.644211096626400703e+01,-6.400805235551506378e+00,3.139244156989175583e+00,1.912153457361822184e+00,1.213098113815848755e+01,-2.258705839539475591e+01,-3.130666460042390753e+01,8.960890093202223738e+00,5.320034705155878285e-01,-1.102093955658384417e+00,1.203453899306953900e+01,1.007606117857909211e+01,6.845893641513061567e+00,-4.171148957225223053e-01,-1.391042402490856666e+01,-9.833566246533624877e-01,1.059783095564591804e+01,1.331382628094347176e+01,-9.559658583600668669e-01,1.747224605401100206e+01,1.513611747243390981e+00,1.400398225035559463e+01,4.320812966447055814e+00,3.293632641649625992e+00,-1.600762793543486495e+01,-1.481506468495604878e+01,6.901652288452675421e+00,4.122507989556542185e+00,-1.309108948973800501e+01,-1.654616974483628322e+00,-2.417258780187180989e+00,8.367162968253630595e+00,1.113050414667620913e+01,1.408366256867443767e+01,8.138560583956092387e+00,1.701280204519401451e+01,4.588425723977004544e+00
-5.828902885095319064e+00,-5.777313560513289481e+00,2.684637669464663645e+00,-1.331430384343142137e+01,5.728988329478569952e+00,-7.854016964070016371e+00,6.228000353459364646e+00,1.667369423355281910e+01,2.431992719218950327e+00,-9.273958797816396427e+00,1.046771391880492175e+00,1.198228196405658252e+00,-1.735519215160827855e+01,-4.829169560980448139e+00,-1.227814452392522426e+01,-3.811567048426880433e-01,8.434889285813511606e-01,-1.347286090461050634e+01,1.084584375153817559e+00,1.158714037509454187e+01,2.076175767043072717e+00,-4.390169262215826151e+00,3.810364408276214476e-01,-9.658286549549771394e+00,3.483719930294483902e+00,-4.012134740364936114e+00,2.753658805107629171e+00,-1.955737059254297527e+00,-1.859816302921418529e+00,-2.399848277518664919e+00,-3.434495934419789620e+00,2.251940694939482235e+00,-3.351426588021270803e+00,-3.701186128367146000e-01,-6.704969632024500470e+00,6.176345770769280819e+00,1.159701429174104703e+01,1.188065210277121686e+01,1.010806214222185595e+01,1.263644250436253946e+00,1.667400370079701766e+00,-4.714529366529243148e+00,-1.000081265452395840e+01,3.746250389319138563e+00,-1.056482682739370915e+01,-3.409501182696840438e+00,-3.827732189734156076e+00,8.268705110894172705e+00,7.315206515132693710e+00,4.303389945917813542e+00,3.212654087608024067e+00,6.625925465325043895e+00,1.485523633437357915e+01,-5.937566291513301842e+00,1.334268951315146445e+00,-5.137487079741244855e+00,5.928811732420418146e+00,5.464036959474282362e+00,-4.047353317182742494e+00,6.773449986941689538e+00,-8.997177218408412003e+00,2.201674068851322996e+00,6.412549927136920402e+00,-2.379438551681740677e+00,-5.044303985807076174e+00,-1.483646355365442915e+01,1.092502099614538258e+00,-7.876423835706452437e+00,1.489746995746690850e+01,-1.244574363016445950e+01,4.833908823175071312e+00,-5.148861566994085426e-02,-2.307850880523593062e+01,1.045877153697609785e+01,-2.572543046947949552e+00,-1.482060961612498495e+01,1.439763569975695745e+01,2.886800327907668162e+00,-4.726253039126689259e+00,5.702391578158760410e+00,1.149849839456923561e+01,1.688560160738437954e+00,4.757781399730127703e-01,5.195958824187396630e+00,-1.323807491960417337e+01,3.352536350087178363e+01,1.133527866082970448e+01,1.748625547924232748e+01,-2.286105146909884311e+00,3.695491709653876633e+00,-1.401379866595407364e+00,8.745625008813650680e+00,5.445670248351063947e+00,1.621308118915694507e+01,-2.682713893982104025e+00,1.592688908939889991e+01,-5.699939644769387748e+00,2.696650203163740400e+01,1.145975115423931356e+01,-4.479069169409902074e+00,-7.429374117464287330e+00,4.876684295235264699e+00,8.000599161978765750e+00,-1.628480397432088722e+01,-1.000417602738094125e+01,2.135997932392269760e+00,5.798652368289918257e+00,-1.463598928447819070e+01,-5.773279959927426930e+00,2.975470993000029818e+00,1.697304373409599165e+00,1.129363144014871345e+01,-2.041114395854215502e+01,-2.812608490840096565e+01,9.338099448925724744e+00,9.335003218783786139e-01,-1.396254968868291257e-01,1.290018924544335732e+01,9.222228179245805180e+00,6.320563373080695158e+00,-2.160776829444628788e+00,-1.176217325155102955e+01,-1.604145808787796668e+00,9.336429734933604507e+00,1.224925865268154368e+01,-7.611931899806163582e-01,1.558634560654846091e+01,2.196571074500093257e+00,1.214024907871408487e+01,3.324036229913598817e+00,2.048187508438681359e+00,-1.420947690413332332e+01,-1.384656636101810356e+01,6.955155774939438373e+00,3.866410982106326610e+00,-1.151390812118999030e+01,-1.858608664691554280e+00,-3.194405056805779353e+00,7.878521497443927935e+00,9.711937294773743901e+00,1.236626191477880532e+01,8.656214942045023619e+00,1.525132417119182904e+01,3.345068153038840197e+00
-5.438450581648644366e+00,-4.720115149164168855e+00,2.517753100117021248e+00,-1.254695356004850559e+01,5.429687216444481379e+00,-6.376078493281246651e+00,7.016781675601503565e+00,1.425823266364340824e+01,3.152920267898148055e+00,-8.751162628905149177e+00,1.160846090795020658e+00,1.152357995886767572e+00,-1.558544912440721220e+01,-4.148349535499405327e+00,-1.186394475109536373e+01,-2.395177965293768807e-01,1.012015486840672551e+00,-1.219580239165804514e+01,-2.657270797689323949e-01,1.119709286101178414e+01,1.021423014604614821e+00,-4.372921182441011467e+00,5.524755708494071271e-01,-8.346937960038125937e+00,3.771181964497376526e+00,-3.405155242813953542e+00,1.705955819168898824e+00,-2.199935956082517130e+00,-1.858203566012269103e+00,-2.260217876725610697e+00,-2.590347327992081006e+00,1.833234636214026381e+00,-2.794812644347397068e+00,-7.938503688301595806e-01,-6.455410785453696398e+00,5.547684075188724862e+00,1.090960165921941005e+01,1.079905277716219203e+01,9.384370375190677294e+00,8.466580687807797601e-01,1.508908103234530174e+00,-3.910742708107778132e+00,-8.438889510783589287e+00,3.291792728473285301e+00,-9.855741012467335693e+00,-2.217337052673233888e+00,-3.685724600578783150e+00,8.007996550806458558e+00,6.494434251886297638e+00,3.224624588160273753e+00,3.255752536652416484e+00,5.100161437418537780e+00,1.326920758281306512e+01,-6.469967643221917086e+00,1.329398316343284314e+00,-5.304686374097144608e+00,4.630002410936310042e+00,5.410990281108702504e+00,-3.773197920484181900e+00,5.287246029542757242e+00,-8.517238508283540455e+00,1.930024745902199967e+00,5.815806813910870510e+00,-2.067334890137333403e+00,-5.384025686544960720e+00,-1.344324920685188118e+01,1.766546229368083809e+00,-7.457851702200731125e+00,1.264073277648035720e+01,-1.205896566928715785e+01,4.126886510859138824e+00,4.465949433915301081e-01,-2.203068534315899285e+01,9.248300920490160948e+00,-3.222007296428977430e+00,-1.437320016409136691e+01,1.317744960267590315e+01,2.354502077181965358e+00,-3.581562803407286832e+00,4.818460275190382447e+00,1.011194799960613899e+01,2.819857258055886717e+00,6.965822663562231121e-01,4.482264894366855046e+00,-1.273282292078828526e+01,3.244070276504733386e+01,9.808018534636133268e+00,1.726157732638916897e+01,-1.567672896332958477e+00,3.976540480056798277e+00,-1.740449090651898789e+00,9.445155432140412088e+00,6.021752191641023266e+00,1.432859166839958931e+01,-2.203467489978443439e+00,1.521406290948954165e+01,-5.413905137226940667e+00,2.518038189045905639e+01,1.172737259584109992e+01,-3.673256166874257378e+00,-6.589292458043548351e+00,4.054771370232044703e+00,7.970864232698349205e+00,-1.551699740888546941e+01,-8.588998159173293345e+00,2.311315819030861363e+00,4.654306765452501438e+00,-1.324611360383347503e+01,-5.180975948528332431e+00,2.834511744540460398e+00,1.550619284588376612e+00,1.056402858393111721e+01,-1.854468687927469972e+01,-2.542052745758342880e+01,9.526870561575062624e+00,1.197357541112581636e+00,6.061994136062391902e-01,1.367610261663719129e+01,8.549220692058682403e+00,5.823004961162737025e+00,-3.470779617386316573e+00,-1.011946618453647950e+01,-1.975687089390457452e+00,8.350057094631537780e+00,1.127708888283042299e+01,-6.917567537358366714e-01,1.400072190099745129e+01,2.777600791818066739e+00,1.067699688738766817e+01,2.528073158575583346e+00,1.063926941538066773e+00,-1.261229950450532655e+01,-1.295610066668262483e+01,6.918360612118448216e+00,3.606998742942129521e+00,-1.015131909222072615e+01,-1.978704858777436071e+00,-3.828245640432738739e+00,7.442191246872741139e+00,8.426243186463716839e+00,1.093882284745815703e+01,9.035707672949394365e+00,1.375230283054630043e+01,2.389773625878456542e+00
-5.001190209881957394e+00,-3.816850913342535456e+00,2.390367940903841415e+00,-1.180780375104363955e+01,5.173092275691946185e+00,-5.253669178677901286e+00,7.579795200311670200e+00,1.214348684145994284e+01,3.764744127693692377e+00,-8.295716235684633233e+00,1.295425856360028050e+00,1.108535576827893943e+00,-1.407461352731810322e+01,-3.548262079093204235e+00,-1.142217405473723701e+01,-1.628267834248289248e-01,1.252742284655967708e+00,-1.100194621614534896e+01,-1.447723920738737569e+00,1.089860215702605295e+01,1.338726730795061215e-01,-4.306067212656214949e+00,6.679378752007618658e-01,-7.198224472865717871e+00,3.971026131418884830e+00,-2.786752188933745877e+00,8.690516103711618534e-01,-2.382540863444556400e+00,-1.829888564488926228e+00,-2.201245433730036005e+00,-1.891356956555294566e+00,1.403365325336134006e+00,-2.439867687650529859e+00,-1.086298223576585009e+00,-6.241173975672857033e+00,5.006722552322512954e+00,1.032762069056239085e+01,9.807421064438424096e+00,8.765393166759775312e+00,5.011290506414206591e-01,1.328826845319560190e+00,-3.205399370771314427e+00,-7.083166000970078535e+00,2.835722556945784234e+00,-9.270851922309862658e+00,-1.278987908759703140e+00,-3.537801620106473255e+00,7.815887137682249630e+00,5.738898940325158904e+00,2.363573834851816269e+00,3.248411298781756607e+00,3.859308220943172163e+00,1.183082189374095705e+01,-6.906767492690343069e+00,1.266177368735458941e+00,-5.411779331186008513e+00,3.446884434622655924e+00,5.314863189515135034e+00,-3.517120906642060341e+00,3.942456551043053814e+00,-8.078525081525542717e+00,1.734918423195527470e+00,5.353152910280010168e+00,-1.877924578322111238e+00,-5.725406084374707660e+00,-1.227643760497475967e+01,2.401960912944766768e+00,-7.083963706877044686e+00,1.057465417774378480e+01,-1.167037561954373004e+01,3.466609221220660952e+00,9.301272319334010774e-01,-2.105040420958901493e+01,8.066962470695976606e+00,-3.731683622120302690e+00,-1.400550334810217556e+01,1.221463253261863358e+01,1.793727329977242935e+00,-2.570274297423705612e+00,4.083976933797343278e+00,8.978557843145397399e+00,3.881934086894437641e+00,8.984015572056374133e-01,3.846063301015369973e+00,-1.223574491295380717e+01,3.143635686354401670e+01,8.625954969998879562e+00,1.714911713685762606e+01,-9.655236479539787142e-01,4.174396894401788849e+00,-2.074869643914807327e+00,1.003820475523093769e+01,6.567653308730868389e+00,1.271760735989518665e+01,-1.819255155763912946e+00,1.469391816882875190e+01,-5.191017658216953379e+00,2.366530416998779174e+01,1.197735323562152132e+01,-2.904459903435672619e+00,-5.952305648647102210e+00,3.409545618006217360e+00,7.997300484233281992e+00,-1.496013258873087359e+01,-7.354168410549412727e+00,2.352779312289721592e+00,3.689627393263335442e+00,-1.212951076699238584e+01,-4.628403798902056998e+00,2.712351381685069729e+00,1.449403629138112493e+00,9.913917552110010689e+00,-1.687395098311311514e+01,-2.304479074980175923e+01,9.544830762608023988e+00,1.375967957471974756e+00,1.227116086908740078e+00,1.440847861502679272e+01,7.996176242083151031e+00,5.385090057974958988e+00,-4.394991809042291031e+00,-8.802661256104309828e+00,-2.155543628746042550e+00,7.580720849764176705e+00,1.038879643606645864e+01,-6.886774691683290595e-01,1.263657043545950742e+01,3.304488036439115373e+00,9.495904175212739773e+00,1.918517764326956421e+00,2.631456977059498104e-01,-1.116764453571122928e+01,-1.211744337162651242e+01,6.815666538893844439e+00,3.323525480177967673e+00,-8.956760028857431166e+00,-2.024508391739448410e+00,-4.342009524735631842e+00,7.032918558281604504e+00,7.224991749061079105e+00,9.749506498888441897e+00,9.275182238772853083e+00,1.245090811576200096e+01,1.679061527984077262e+00
-4.528834003484657700e+00,-3.039515231645313342e+00,2.290796404508787631e+00,-1.108189016039476016e+01,4.945985626494304732e+00,-4.419148168337017957e+00,7.939662720452868250e+00,1.028230901231329852e+01,4.285116525307977042e+00,-7.879316497818539489e+00,1.417329348048323112e+00,1.070729387449201209e+00,-1.275913381552748760e+01,-3.022630612814901419e+00,-1.094615157684197726e+01,-1.280090763973942281e-01,1.544131525906653479e+00,-9.863399220533086265e+00,-2.493035846926160204e+00,1.065871827391112348e+01,-6.092084897065768168e-01,-4.209781715946364855e+00,7.355561892366537791e-01,-6.205860022351566307e+00,4.082771226861526159e+00,-2.170464105483053352e+00,2.291708877199010175e-01,-2.504838032323239538e+00,-1.784973443811576299e+00,-2.202358164604540036e+00,-1.302357964919247379e+00,9.426462203974121934e-01,-2.187665596249836142e+00,-1.260607691194267410e+00,-6.055415785761941727e+00,4.531748411241943941e+00,9.813213846711372312e+00,8.898886628658910780e+00,8.215439587214612871e+00,2.143425318171860439e-01,1.144242611875508686e+00,-2.575636910243980449e+00,-5.898801705954241470e+00,2.380127215428359477e+00,-8.760471949418032978e+00,-5.577892653255555055e-01,-3.385693403659279621e+00,7.660066695945907611e+00,5.028191593904448808e+00,1.686101126689126595e+00,3.195975210821927703e+00,2.856245349239113995e+00,1.050942257015038450e+01,-7.256197353908493852e+00,1.169793307434272123e+00,-5.454565216564874142e+00,2.354883565013801583e+00,5.181722225505747126e+00,-3.254496122082202181e+00,2.711247988304979373e+00,-7.671636044278285382e+00,1.600292365923192239e+00,4.998195922861239815e+00,-1.774151514968671073e+00,-6.055049400271463433e+00,-1.129232456066364776e+01,3.002194336052320445e+00,-6.752493291372473116e+00,8.673466834714146145e+00,-1.126300091866984765e+01,2.833243349009536782e+00,1.381193406594172224e+00,-2.011060513834949504e+01,6.924436216833206537e+00,-4.121401919431020744e+00,-1.368338520892080901e+01,1.145048887918141745e+01,1.205258536617171528e+00,-1.674492396224480650e+00,3.449286496895711096e+00,8.057873287385731942e+00,4.873405185843740384e+00,1.089807820224666823e+00,3.271673946294854307e+00,-1.174094792311905699e+01,3.041384842082986850e+01,7.734041377767191250e+00,1.713332122305849836e+01,-4.699628921421468153e-01,4.297281804211551481e+00,-2.400813903641998426e+00,1.053090618148234903e+01,7.080045760266225230e+00,1.131104686738611065e+01,-1.522874568853926025e+00,1.434024132361226833e+01,-5.039233676205674861e+00,2.233960698328161598e+01,1.219879238665014753e+01,-2.174602021510296357e+00,-5.494686998296876013e+00,2.907160440816393798e+00,8.070434344346272937e+00,-1.454762242777788295e+01,-6.285785628485460741e+00,2.271523012092722560e+00,2.887226791817807836e+00,-1.120418715784291130e+01,-4.108103239906104598e+00,2.605482749612061610e+00,1.383225984046768664e+00,9.325292704281093137e+00,-1.533706393420200165e+01,-2.091690436932967856e+01,9.415761123844273328e+00,1.493001679498888734e+00,1.770757442427373984e+00,1.508907168434085833e+01,7.520063194563582520e+00,5.005793306472883231e+00,-4.983747584909446360e+00,-7.709911009354523337e+00,-2.191556338107599533e+00,6.983391648483615377e+00,9.577616701589356296e+00,-7.553488974426594282e-01,1.145124550326804425e+01,3.773144117526049168e+00,8.518030994143208190e+00,1.465412497476969778e+00,-3.809714922181287600e-01,-9.838267627132431414e+00,-1.131391911395443728e+01,6.642482020089629735e+00,3.010417512400079154e+00,-7.881390186228172112e+00,-2.007523502923283854e+00,-4.756382003741151721e+00,6.628282258288480833e+00,6.098213299381066044e+00,8.753986464498929365e+00,9.387371086036521817e+00,1.129295689566131955e+01,1.172094512013471368e+00
-4.028185352148198284e+00,-2.337045919117374915e+00,2.205019767236195971e+00,-1.035633167677194777e+01,4.725406170995657185e+00,-3.806742850876865703e+00,8.126961517701548843e+00,8.624798506585007019e+00,4.734558278063804693e+00,-7.471566774498157315e+00,1.503259554643879170e+00,1.034286972123097392e+00,-1.157951682705906649e+01,-2.553635156073273293e+00,-1.043145831299606030e+01,-1.256284296137086809e-01,1.865213473704113500e+00,-8.740743658236008073e+00,-3.433363854180925046e+00,1.044865997706454586e+01,-1.216502005441188139e+00,-4.093649654513720648e+00,7.637092332560699859e-01,-5.353538977543276900e+00,4.110662258858043927e+00,-1.555908630447021324e+00,-2.366638329021277798e-01,-2.562481903105274128e+00,-1.739804446499561230e+00,-2.256435427499424051e+00,-7.980818538410994201e-01,4.320061075414143303e-01,-1.976553804857212882e+00,-1.328717268345745328e+00,-5.865342349567080227e+00,4.094137371478195675e+00,9.340268750116619501e+00,8.051607255361748372e+00,7.704384524856944694e+00,-4.146946376583371396e-02,9.681716599741765350e-01,-1.996532660566605832e+00,-4.858532778666779350e+00,1.933095306176989325e+00,-8.291380102975498545e+00,-7.774563305562382648e-03,-3.226968424360491916e+00,7.505077029952333056e+00,4.353684865323418585e+00,1.148765916800625231e+00,3.095488856824225365e+00,2.045966335817722914e+00,9.257314664871346466e+00,-7.535008854026903791e+00,1.060793082478366900e+00,-5.413662336815476372e+00,1.333590646016143966e+00,5.008682955945189086e+00,-2.968579615220140244e+00,1.564693498459026166e+00,-7.283739749703445732e+00,1.511933672541212914e+00,4.713811224986822701e+00,-1.726535662925684944e+00,-6.381709749596510051e+00,-1.043419584954836310e+01,3.574474032194728590e+00,-6.452036487881234628e+00,6.904733663972119295e+00,-1.080211120528521818e+01,2.200714107928689156e+00,1.797570976860121128e+00,-1.916103759854013688e+01,5.816958060435984734e+00,-4.403609907923994093e+00,-1.337366127093895507e+01,1.081757738495972632e+01,5.854566704063305371e-01,-8.815514564836437472e-01,2.878532186738484100e+00,7.281472075924663834e+00,5.781421578676731343e+00,1.277502631579678694e+00,2.740885704923070598e+00,-1.123371130725693234e+01,2.925517378951803593e+01,7.069762386631301077e+00,1.719848430907792292e+01,-5.819538712838791955e-02,4.361575415591801175e+00,-2.726919638590537431e+00,1.093048805702936832e+01,7.554185206892981341e+00,1.004747029691958105e+01,-1.306197043482389297e+00,1.413051987245930796e+01,-4.951856075719314632e+00,2.112285338244522492e+01,1.239056462182448648e+01,-1.477011976832244722e+00,-5.183666649683826400e+00,2.506982360285584299e+00,8.184217876781374912e+00,-1.422846359733799204e+01,-5.365490556746502548e+00,2.086661414623331101e+00,2.215208863086727042e+00,-1.039942601753647011e+01,-3.606291337589084378e+00,2.508341437229512749e+00,1.349040202071296157e+00,8.778250584134102752e+00,-1.386744456716630225e+01,-1.894151233163123393e+01,9.151575776711183607e+00,1.571221403675614248e+00,2.267411420949227985e+00,1.573431026797152299e+01,7.093915174398139456e+00,4.672500532932795991e+00,-5.277415108238756147e+00,-6.762072308219616801e+00,-2.111676873520232700e+00,6.509412469741681306e+00,8.836665739409436782e+00,-9.002461701473054578e-01,1.040359079590799496e+01,4.187467793091372847e+00,7.679586800199302843e+00,1.143727292328769796e+00,-8.988136021952545240e-01,-8.594699729197561311e+00,-1.053018892184089239e+01,6.392522317123956910e+00,2.659536212721742121e+00,-6.895775086935776343e+00,-1.917178279873454461e+00,-5.083116530500471519e+00,6.211605549072293009e+00,5.027908290449482287e+00,7.887844453535164391e+00,9.371817199213170468e+00,1.023166712645188703e+01,8.281637971547376464e-01
-3.515626973962577395e+00,-1.662633273615046647e+00,2.136927227451878242e+00,-9.623455220011411626e+00,4.503152494869662625e+00,-3.370148605376398265e+00,8.148585688548555694e+00,7.154890905081648711e+00,5.081143874102156843e+00,-7.043216452146800144e+00,1.532895606036650094e+00,9.882901325018633720e-01,-1.048409035913002363e+01,-2.135830350843478165e+00,-9.864942765888274678e+00,-1.425400460351893273e-01,2.206384724269380371e+00,-7.616728429965613500e+00,-4.271790126459186432e+00,1.021354549468985695e+01,-1.664543308956544454e+00,-3.946859834939325573e+00,7.465061791993496954e-01,-4.635665460739449628e+00,4.056248186310248194e+00,-9.661033794860222068e-01,-5.472514254990765714e-01,-2.556081889493388104e+00,-1.695102582724899554e+00,-2.355588508365329403e+00,-3.576303613522471281e-01,-1.428898029365370803e-01,-1.747579625504783074e+00,-1.279577120608380358e+00,-5.614872075273724228e+00,3.651940612169050304e+00,8.855684805480768418e+00,7.265095493208537647e+00,7.187561614664501164e+00,-2.901292579203267330e-01,8.106884862208758591e-01,-1.451318492928191262e+00,-3.940963750310623404e+00,1.483845346340793014e+00,-7.824664534249409442e+00,3.977627444895396880e-01,-3.063598492879401114e+00,7.291931425694865965e+00,3.718306309275950738e+00,7.442561244840089074e-01,2.959821015547546175e+00,1.403207470637085175e+00,8.057838388294133125e+00,-7.760936652343025877e+00,9.409328768016309574e-01,-5.230624315268780578e+00,3.812803163537118456e-01,4.796802052629200119e+00,-2.625053768076281102e+00,4.813907409461792852e-01,-6.901712248110389858e+00,1.457470328227351786e+00,4.484236045892510347e+00,-1.720507062618875649e+00,-6.705868691287367511e+00,-9.668831671522323035e+00,4.088258699303869648e+00,-6.173913844013386942e+00,5.259774139103814861e+00,-1.021029102254733623e+01,1.567282462769691520e+00,2.187053324142574695e+00,-1.810746535060180307e+01,4.745703837748498799e+00,-4.578301153408024682e+00,-1.303911630111922193e+01,1.023619888192471628e+01,-6.669307214679243145e-02,-1.851055297092312202e-01,2.350776735821154872e+00,6.604219270625319105e+00,6.579808835555498447e+00,1.469590313936906423e+00,2.266474377254995343e+00,-1.070758142587290251e+01,2.781871994414694882e+01,6.573104573881964896e+00,1.733115426424184236e+01,2.713595695548542408e-01,4.378768689373491618e+00,-3.054680509733303850e+00,1.123142742156628415e+01,7.979762953478028109e+00,8.882247028234223407e+00,-1.163742380069502147e+00,1.405723696342096396e+01,-4.905671470400938539e+00,1.995823007310264785e+01,1.252562501260134198e+01,-8.223939577663937905e-01,-4.996506488037594451e+00,2.163610634985340120e+00,8.318294134173585874e+00,-1.395226678790668728e+01,-4.588752190123763341e+00,1.813300316397545187e+00,1.663025197052554915e+00,-9.663372654815638896e+00,-3.117162253690753282e+00,2.430766532208598729e+00,1.332515876815618228e+00,8.264171354685839077e+00,-1.241073403608040415e+01,-1.706239262415925140e+01,8.759029576797454197e+00,1.627579281207815143e+00,2.739354236479316640e+00,1.637388573915208312e+01,6.699089963404327719e+00,4.385417407761298847e+00,-5.272543986730142684e+00,-5.923561018287220925e+00,-1.933945077790980349e+00,6.134150465380692197e+00,8.156189772656524895e+00,-1.108368344365712188e+00,9.469369227498994235e+00,4.573711173001210994e+00,6.949468403263144189e+00,9.496952890517988966e-01,-1.303969125338303447e+00,-7.407698135480468515e+00,-9.754930448234613749e+00,6.058970782767415741e+00,2.264135200883520493e+00,-5.991577055610968650e+00,-1.753066097000808288e+00,-5.318441678027363118e+00,5.764583796311278263e+00,4.012145315444598737e+00,7.117825514153237165e+00,9.212662697917235022e+00,9.251495725617939314e+00,6.326475061906208230e-01
-2.998185041575005094e+00,-9.964358818149464669e-01,2.045166015873983056e+00,-8.861750276559961392e+00,4.259135593510753104e+00,-3.054054835781538024e+00,8.025496687188958589e+00,5.846747487227443862e+00,5.343278365423603127e+00,-6.562830268192053396e+00,1.498188056308341842e+00,9.240575557992576350e-01,-9.453081202125321880e+00,-1.745374532563867653e+00,-9.249597999370948287e+00,-1.815336165470602392e-01,2.525106024714610875e+00,-6.465334666903578054e+00,-5.010978673728610389e+00,9.965619228073103741e+00,-1.955282078603773455e+00,-3.782848689356797856e+00,7.257443695482637125e-01,-4.053526764336750965e+00,3.909269138092145823e+00,-4.050512765069632093e-01,-7.043304598447102105e-01,-2.455379502942136583e+00,-1.664264882651976585e+00,-2.481775250003661615e+00,3.465372576838410268e-02,-7.739386355565818221e-01,-1.473181094914560063e+00,-1.129934462832697939e+00,-5.298881465159270832e+00,3.203097994920316882e+00,8.338078968802916435e+00,6.532083633931362598e+00,6.659936249415578935e+00,-5.467456344486136821e-01,6.813925465793637670e-01,-9.194536861816575701e-01,-3.130550592516770259e+00,1.066103409684259873e+00,-7.363974229166615260e+00,6.687148264254859642e-01,-2.872579905541044365e+00,6.979714429382505081e+00,3.140273744965872194e+00,4.457418334100398116e-01,2.786742905460686259e+00,8.844508585580268534e-01,6.861752794420969970e+00,-7.939433814999157235e+00,8.348936670968916118e-01,-4.851365148330179622e+00,-4.964493693254314333e-01,4.513224951257243767e+00,-2.210154860680943578e+00,-5.382112080444740876e-01,-6.521993021368459154e+00,1.433734388458605569e+00,4.239541953192296653e+00,-1.737994308155769829e+00,-7.038055365607811531e+00,-8.939210266684206374e+00,4.535234694236329744e+00,-5.916239210667585624e+00,3.741811384190750989e+00,-9.438793668019039629e+00,9.144084916965994347e-01,2.525325031447991364e+00,-1.688832143657766238e+01,3.733958277593652397e+00,-4.651533178274859459e+00,-1.267519836126250610e+01,9.676191518152638338e+00,-7.521082428202525705e-01,4.081724863492826039e-01,1.852186532044805434e+00,5.947092618587234369e+00,7.232712120080354801e+00,1.638279745177899205e+00,1.822512241268372968e+00,-1.017978306565310476e+01,2.593210613709830525e+01,6.225259006851918464e+00,1.751370179275789596e+01,5.443563085555344072e-01,4.364740560074144682e+00,-3.387897425211866320e+00,1.143568597420126842e+01,8.352934013321318574e+00,7.787348011176526086e+00,-1.101268353176424908e+00,1.412019868473480599e+01,-4.894033058531721991e+00,1.880296374428607109e+01,1.259782006481016126e+01,-2.064418324924592318e-01,-4.906679432620071779e+00,1.840019265274577709e+00,8.476857271495326529e+00,-1.368907948649835937e+01,-3.952879175480268792e+00,1.478320718342261308e+00,1.217589027942294733e+00,-8.947265807268186322e+00,-2.627586224509354640e+00,2.367025262965322785e+00,1.336813373964025775e+00,7.772423649374229804e+00,-1.093054017212637419e+01,-1.520919819887247115e+01,8.209154082386303841e+00,1.676575100780718586e+00,3.193183966540767749e+00,1.699624593220482183e+01,6.309385796025164694e+00,4.108592216264170816e+00,-4.963627582226036949e+00,-5.150361766976903510e+00,-1.674923658721080066e+00,5.842480395036821150e+00,7.542710221989217700e+00,-1.437646499276619139e+00,8.628758914830669369e+00,4.897978483086525614e+00,6.298833175500242021e+00,8.783316831247617307e-01,-1.597804100684252493e+00,-6.274796202597094030e+00,-8.989417582018013775e+00,5.650733300435597961e+00,1.807382971213208789e+00,-5.166221924923315889e+00,-1.497067685124795711e+00,-5.456153771635871230e+00,5.257918836094830795e+00,3.069263736675426291e+00,6.366833811799481602e+00,8.866168921778680101e+00,8.329111747862139481e+00,5.217396523024120381e-01
-2.478543290535532684e+00,-2.726864005079860376e-01,1.908239741392289579e+00,-8.072919460860495278e+00,3.990869624592772613e+00,-2.809887404461233196e+00,7.772906386084372343e+00,4.715775642371250242e+00,5.474369024024451136e+00,-5.980802338481337799e+00,1.410040113940354445e+00,8.438999408968235194e-01,-8.443616866568399715e+00,-1.363002956150648703e+00,-8.586120026768650604e+00,-2.382040172516168841e-01,2.812239684956041152e+00,-5.288515651263415052e+00,-5.638089999555480958e+00,9.652838223065945300e+00,-2.077864899246404384e+00,-3.587954386431337905e+00,7.089060982084115503e-01,-3.620134445844926052e+00,3.677424320565426008e+00,1.152725900299014228e-01,-7.049532012706158923e-01,-2.261774926833423294e+00,-1.649304217860950050e+00,-2.626854165922777540e+00,3.816720389055179297e-01,-1.453445054543999859e+00,-1.160770425560821328e+00,-8.797299006762608897e-01,-4.839693681411974424e+00,2.686689559838762342e+00,7.749420730988409112e+00,5.841995014386487384e+00,6.109549563070959977e+00,-8.371933145143160004e-01,5.869497826326526280e-01,-3.999883290161778682e-01,-2.401439453787985290e+00,6.832795498187820282e-01,-6.898403851149112143e+00,8.222488512183712128e-01,-2.657078716728125567e+00,6.509131950369043906e+00,2.634017909766724230e+00,2.352771730063283329e-01,2.583883852014428051e+00,4.776022774190479270e-01,5.667835553618052025e+00,-8.086158464564249471e+00,7.335175839565888367e-01,-4.067947618113934460e+00,-1.288164808075431322e+00,4.167293646574548482e+00,-1.701323909826392367e+00,-1.509575597768487931e+00,-6.140616495104120887e+00,1.460340811429546859e+00,3.956745425912411296e+00,-1.772942365057228020e+00,-7.401941230875960898e+00,-8.212357565155544492e+00,4.864084033389751482e+00,-5.652596592562757039e+00,2.331204073112526309e+00,-8.250531970954703809e+00,2.287185689947592859e-01,2.799207102313330253e+00,-1.531562827978550168e+01,2.768523324798171981e+00,-4.624053935795996217e+00,-1.227217501129652533e+01,9.044064756235068003e+00,-1.448351092551115382e+00,8.927828504871812010e-01,1.380444831340073009e+00,5.260550856030924649e+00,7.709960806631850794e+00,1.729506075965647316e+00,1.408514211436574737e+00,-9.729752654063526407e+00,2.341268212516504121e+01,5.991533130244174998e+00,1.772741839083978377e+01,7.689843865361080111e-01,4.348961656223059080e+00,-3.729480448110665591e+00,1.154147811762586073e+01,8.660359096862178419e+00,6.735681976627424739e+00,-1.108590033036582767e+00,1.432984209790824615e+01,-4.911683386564373421e+00,1.761426096201300595e+01,1.259418878379216622e+01,3.653109743692867228e-01,-4.882256064011176733e+00,1.463754757216458868e+00,8.645621154944354458e+00,-1.338631274124879766e+01,-3.444564158515024843e+00,1.126305333934469299e+00,8.709425106495156665e-01,-8.221544839593917686e+00,-2.129383471572966258e+00,2.326633807693936795e+00,1.360236083010883057e+00,7.298162012894772843e+00,-9.390753102326581114e+00,-1.335996186815580522e+01,7.507501215192313282e+00,1.729762873721553795e+00,3.622661477157078203e+00,1.764054000194161986e+01,5.897402606666573455e+00,3.808595058490951590e+00,-4.323024793749993044e+00,-4.441048048281957428e+00,-1.350577769196681821e+00,5.610844330975162109e+00,6.989737387894689569e+00,-1.894745243664265999e+00,7.859379824577103157e+00,5.178325908555142298e+00,5.748150226352489511e+00,9.323032192994670231e-01,-1.782853730080090626e+00,-5.182206723760909739e+00,-8.222669607627159039e+00,5.158387227476736392e+00,1.293874871288330786e+00,-4.428333140584589600e+00,-1.138298257007497760e+00,-5.497243010446265288e+00,4.683832638447213981e+00,2.222489777200772565e+00,5.576819261624277324e+00,8.296699020506418165e+00,7.434659880043462010e+00,4.645774988606058420e-01
-1.967285097957995887e+00,5.425475193743927171e-01,1.696498323096944372e+00,-7.237875722486959873e+00,3.706370583200532920e+00,-2.612372395477978948e+00,7.424219388838340095e+00,3.776292840693972863e+00,5.426964391031217971e+00,-5.247380178240178772e+00,1.282572120607715860e+00,7.606367620029423904e-01,-7.462065711851930239e+00,-9.692700134798558631e-01,-7.880018049860741947e+00,-3.162982169036636648e-01,3.039961661744089216e+00,-4.116727768327666404e+00,-6.142974545000321918e+00,9.291834823205116223e+00,-2.031232175596342060e+00,-3.329086153041252771e+00,7.218047221122914081e-01,-3.363995572298480674e+00,3.377687575112963358e+00,5.754890178698381931e-01,-5.039447424207808002e-01,-1.973848050832041290e+00,-1.630024543782019553e+00,-2.756599955156449511e+00,6.834302770434930174e-01,-2.150542940911559953e+00,-8.209095476744749931e-01,-5.408192069791815104e-01,-4.179299572652369399e+00,2.110955729560751060e+00,7.054274664690783680e+00,5.188121692195768908e+00,5.549938510069440056e+00,-1.146508277257474173e+00,5.298037263772190641e-01,1.094518833867543783e-01,-1.739179797648295001e+00,3.359934953654293288e-01,-6.427775156811286195e+00,8.493006644186373855e-01,-2.440248379156033653e+00,5.849424007572418205e+00,2.240625933021926919e+00,9.660675016808073501e-02,2.379051443276908095e+00,1.578678989296835589e-01,4.474466133839518633e+00,-8.256721939574742208e+00,6.303820764351861783e-01,-2.435667645426606853e+00,-1.999528912435913020e+00,3.775211516860395911e+00,-1.063884331203520439e+00,-2.434833717070883807e+00,-5.751782432633802067e+00,1.547897296752817731e+00,3.602238918523359423e+00,-1.813495350370818437e+00,-7.843648324077422629e+00,-7.474507739663760475e+00,5.037817621203172891e+00,-5.348294116137806142e+00,1.027521726820290748e+00,-6.125163351033464210e+00,-4.892443169028324323e-01,2.965242264339372991e+00,-1.311889899542078552e+01,1.844159648055228029e+00,-4.503447608574909999e+00,-1.184311871386734971e+01,8.337990634632479470e+00,-2.120630669079233144e+00,1.261447197991159896e+00,9.389512744183367010e-01,4.498473194175205414e+00,7.962285797392774533e+00,1.653741472601350848e+00,1.029074282697866494e+00,-9.522270980739500956e+00,2.009132828462906772e+01,5.898604579969967787e+00,1.793793891447943523e+01,9.589341566323282828e-01,4.329852411655631172e+00,-4.050271392874588372e+00,1.153625383638372881e+01,8.866287748307609462e+00,5.697623910637346967e+00,-1.186754120109724031e+00,1.467035023354669221e+01,-5.006583476825539059e+00,1.638622163122012765e+01,1.249577744255225298e+01,8.886664194097971814e-01,-4.895892739242095892e+00,9.978061606286561247e-01,8.799819451407277171e+00,-1.300127839686076392e+01,-3.058314604968289885e+00,8.266636126217398184e-01,6.283822166778847418e-01,-7.465924584790449181e+00,-1.619722326718084027e+00,2.324221726574302593e+00,1.399751395344470906e+00,6.843909962632724664e+00,-7.791023148601114556e+00,-1.150438910670792403e+01,6.645531292385550515e+00,1.795466656579939091e+00,4.016811119029670252e+00,1.828955812199016862e+01,5.429456900966264321e+00,3.412970462301998076e+00,-3.349530766339760657e+00,-3.809297341865048203e+00,-9.702844541018453839e-01,5.422274044406989901e+00,6.473880722012991029e+00,-2.501181456221658994e+00,7.138947252612082295e+00,5.383301672712825336e+00,5.347016151687960850e+00,1.114615936719242084e+00,-1.858395158146155302e+00,-4.133495187712191488e+00,-7.428797067771525597e+00,4.599556512725075486e+00,7.367071977740683453e-01,-3.792979313730382884e+00,-6.684899611522691076e-01,-5.452142958406485107e+00,4.045518349483964826e+00,1.514768413751423681e+00,4.691037491620097200e+00,7.438528100019802913e+00,6.573403913514793473e+00,4.155069574895142726e-01
-1.481516922478198994e+00,1.459250353858505544e+00,1.387693351147964771e+00,-6.366687846714208732e+00,3.452316043164373571e+00,-2.422609269404734533e+00,7.006087631040410990e+00,3.044357254711686611e+00,5.072607916805192296e+00,-4.333364505997902683e+00,1.144542423350561222e+00,6.754651908479445410e-01,-6.519216766391220830e+00,-5.559582833993708118e-01,-7.150881291506836490e+00,-4.097729255900390832e-01,3.164363755055425997e+00,-3.005147077251104193e+00,-6.540832044622541197e+00,8.899363804334901928e+00,-1.873938167526765675e+00,-2.996842121638636947e+00,7.734978893367515651e-01,-3.331179858677749905e+00,3.028726194442562303e+00,9.426765470908162747e-01,7.612656740405099320e-02,-1.604059160216280366e+00,-1.542794197016226443e+00,-2.843244482116107363e+00,9.286918737300594584e-01,-2.822885859447779033e+00,-4.776763515245570080e-01,-1.591382457507890535e-01,-3.118141374689331169e+00,1.482892224484910759e+00,6.244294001908326841e+00,4.569122174625816157e+00,5.084407277136617331e+00,-1.416446986504013461e+00,5.194163353649834391e-01,5.866225119681465205e-01,-1.141970126319851175e+00,3.732484353869797156e-02,-5.959632377788684821e+00,7.526469949935692405e-01,-2.273339567217036894e+00,4.977761404390589561e+00,1.964821154172969653e+00,1.329827770142100185e-02,2.223299185930541100e+00,-1.121478277339476581e-01,3.310292853978068273e+00,-8.567340260621964632e+00,5.201138147465642625e-01,1.414037647094583905e+00,-2.636031344377347985e+00,3.374136938532457552e+00,-2.896405637543568723e-01,-3.279681457842370307e+00,-5.356773880442210256e+00,1.738537768954409035e+00,3.167674402745955575e+00,-1.845318860438793784e+00,-8.466068700761281818e+00,-6.738774297300794913e+00,4.997290609592238475e+00,-4.959913296460820575e+00,-1.334467153066487555e-01,-1.472961316255213760e+00,-1.229500833822221528e+00,2.943492516805604975e+00,-9.510024980430449304e+00,9.549814371849985051e-01,-4.296287721879197719e+00,-1.148730058972037682e+01,7.578927834671894459e+00,-2.700930125679103178e+00,1.471191798181155974e+00,5.279465003557199942e-01,3.660961479703294774e+00,7.933456703678775312e+00,1.264056756778754176e+00,6.913907336429176986e-01,-9.931421667316341129e+00,1.590088879677390210e+01,6.060174803521077180e+00,1.812403323410021727e+01,1.120560414817513895e+00,4.308756172694271136e+00,-4.305735029750335841e+00,1.140947260126640295e+01,8.941554984834812814e+00,4.655991574625482521e+00,-1.320045621283031823e+00,1.513876288491291255e+01,-5.319523968118129886e+00,1.513843767083081460e+01,1.230390350859008564e+01,1.360858558738177848e+00,-4.952480511321671663e+00,3.385820385220730810e-01,8.918523647682372157e+00,-1.248736910797360800e+01,-2.780669955176081398e+00,6.342185169733021155e-01,5.221553457829676281e-01,-6.670893087407130828e+00,-1.109817497631480077e+00,2.370577354415126958e+00,1.447527970379535400e+00,6.415480728780985409e+00,-6.183205006635922985e+00,-9.715207151081720838e+00,5.647824250418389980e+00,1.877330658796425134e+00,4.348260411340349130e+00,1.888936146603468913e+01,4.859108501130756430e+00,2.869154126764452695e+00,-2.078341674809265349e+00,-3.270622712724946091e+00,-5.801598109538466108e-01,5.264423512639575087e+00,5.988550572588402510e+00,-3.243882001244142277e+00,6.457345532829563695e+00,5.476635861170693786e+00,5.191713211410960760e+00,1.409736130601359383e+00,-1.842207490055630448e+00,-3.149655389275400452e+00,-6.592701256287177181e+00,4.021079496697965716e+00,1.357978772630328845e-01,-3.272298369744132795e+00,-6.051680050577581960e-02,-5.341743027412553246e+00,3.348440348949923706e+00,1.029028589196771426e+00,3.692642086274951829e+00,6.207454028292006321e+00,5.771024633373531110e+00,3.767484003077739008e-01
-1.070889692481403310e+00,2.561996458383522857e+00,1.002300696663825263e+00,-5.426290571379647432e+00,3.329426622452897444e+00,-2.239016831678482422e+00,6.546171108955228135e+00,2.473975113178056962e+00,4.392392357489605992e+00,-3.312858984967218756e+00,1.010007534710878119e+00,5.311646434190979704e-01,-5.679283665049762675e+00,-1.397244533915089626e-01,-6.391984565978487076e+00,-5.217752711880017102e-01,3.119822562065159399e+00,-1.914741211239506358e+00,-6.915086529230484835e+00,8.530828727862761696e+00,-1.721598951270509437e+00,-2.577220044509642705e+00,8.752043504271644903e-01,-3.713191596804451322e+00,2.643572862305854532e+00,1.176443181719842856e+00,1.506192536616318689e+00,-1.084880305064097827e+00,-1.214769706591846132e+00,-2.915502251210562168e+00,1.114420761335637167e+00,-3.442565477666813756e+00,-1.199328035594318109e-01,2.217958822012781606e-01,-1.318443999718756032e+00,7.974831636236748844e-01,5.306674194364219055e+00,3.991244166194267251e+00,4.903162985643464644e+00,-1.626551451676152782e+00,5.611630573907491204e-01,1.059062604439918287e+00,-6.472380172576448487e-01,-2.155106133968627269e-01,-5.480997440398391873e+00,5.125533791129243122e-01,-2.285289079445971705e+00,3.806084656702475755e+00,1.785321143427498036e+00,-2.753434480416316887e-03,2.214190346580510393e+00,-4.480394900071870690e-01,2.153799759380185197e+00,-9.265339644841832367e+00,4.209425207690276061e-01,1.031285808578822483e+01,-3.143336209283280169e+00,2.974323646248820285e+00,6.403569686051380216e-01,-3.986039482354704511e+00,-4.930699335890444956e+00,2.066663498748478656e+00,2.612740442616258818e+00,-1.848130105322394412e+00,-9.463571745447794115e+00,-5.986485287212279793e+00,4.617017309734954722e+00,-4.456957565237626540e+00,-1.063750466851395071e+00,8.934784485233379314e+00,-2.038486124717730608e+00,2.425879969698289340e+00,-2.846815333137567183e+00,8.232872704826910137e-02,-3.918654609531392108e+00,-1.139003669885004300e+01,6.898403372785507415e+00,-3.132373449252516817e+00,1.465766310839795583e+00,1.244407356181937985e-01,2.692413589178281441e+00,7.553401117352732896e+00,4.526433515545720265e-01,4.181408525016423461e-01,-1.152076342448490109e+01,1.046097123305484367e+01,6.976142408743386980e+00,1.844615282535286127e+01,1.057587262026920660e+00,4.164898238823467658e+00,-4.420696388985625447e+00,1.117444843876157456e+01,8.845514528728379844e+00,3.578856045809297726e+00,-1.546096266797683194e+00,1.588913408358621204e+01,-6.281771132945118019e+00,1.393213450158018851e+01,1.203188817033456992e+01,1.819835714059024223e+00,-5.181907076796998801e+00,-6.315263552337789799e-01,8.987767834532057520e+00,-1.181781334820901286e+01,-2.590473552473577801e+00,5.086501022682928808e-01,8.165966181872384988e-01,-5.822162070546175627e+00,-5.824073620461376333e-01,2.464563150641471356e+00,1.477582668230789320e+00,6.003719370323565840e+00,-4.664823917703349032e+00,-8.107495722197528565e+00,4.396960953916690507e+00,1.979983197075090295e+00,4.601218362368484804e+00,1.868320868157162806e+01,4.167061147737989302e+00,2.285723954959125503e+00,-4.757348558713017650e-01,-2.812267732071359383e+00,-2.390471845193153921e-01,5.204715875546211734e+00,5.505264219773479795e+00,-4.246847994595908560e+00,5.791255809099694396e+00,5.059095947215274336e+00,5.385670753162458801e+00,1.845694102311192797e+00,-1.580403541556380853e+00,-2.252919669968749261e+00,-5.691787575773398444e+00,3.430184045073811916e+00,-6.764878799500877449e-01,-2.857132852286196290e+00,8.615675270991025592e-01,-5.200146690699235741e+00,2.572873732228285526e+00,8.380260198876641198e-01,2.521155482868016939e+00,4.196411148945593084e+00,5.127685860459632039e+00,3.442436457793928151e-01
-8.380228355403090967e-01,3.629739614265581782e+00,8.657319250885804340e-01,-4.700099801965862412e+00,3.462692151830493614e+00,-1.965251883658293952e+00,6.078094416214699258e+00,1.752511589080110399e+00,6.106366719473887983e+00,-2.459256661052326542e+00,8.840209681147523924e-01,-6.957884302644945507e-02,-4.832096118795911721e+00,2.165261048402036259e-01,-5.597720394050517356e+00,-6.738703972142727761e-01,2.807215696403561722e+00,-4.894453367605346994e-01,-7.286582301653993454e+00,8.058681611311969917e+00,-1.734318401616587124e+00,-2.134794652841505158e+00,1.107954891324823610e+00,-4.074969955458070281e+00,2.202035750201267295e+00,1.236529958908696880e+00,1.613335710850088311e+00,6.649059196305717734e-02,-1.513998798285310476e+00,-3.012611648195002712e+00,1.242815171291995036e+00,-4.040078232560652793e+00,2.805052561957390722e-01,2.978609520296743307e-01,-1.884333019331052128e+00,5.265417650393178217e-03,4.286148756556594108e+00,3.485948236182995874e+00,5.216941566931986962e+00,-2.879542931757121949e+00,6.517664407110661529e-01,1.577307257888460601e+00,-3.431342557719554431e-01,-4.030194289156419085e-01,-4.987508534206813060e+00,4.998683755904664849e-01,-2.097616703502866553e+00,2.818474723965870510e+00,1.599442232615147175e+00,1.015026760671999817e-01,2.459287711849015068e+00,-5.778708481894376803e-01,1.177976295771200554e+00,-1.062785190283350900e+01,4.046854252219325154e-01,5.628218051848485892e+00,-2.481284180047254928e+00,2.766852093188063577e+00,1.675415264986932939e+00,-4.423724256888373674e+00,-4.602633835255490524e+00,2.504409136059895236e+00,1.757719200548659710e+00,-1.814366088961004042e+00,-1.100460170034874530e+01,-4.330968193483416329e+00,4.355359022203116659e+00,-3.902011882074280180e+00,-1.597214835770333963e+00,3.208803629512596789e+00,-2.923999580159111655e+00,1.807250137179271077e+00,-4.262948770342423366e+00,-7.238256920692489604e-01,-3.464323319326418016e+00,-1.176522519370253583e+01,5.809375952047080460e+00,-3.355870933642219889e+00,1.168840017534122921e+00,-2.988913390970797668e-01,1.575170235688570175e+00,6.801702213523136642e+00,-6.237521016937837004e-01,2.274987895481266342e-01,-1.465425901838996836e+01,4.888780089873079326e+00,7.922489811037010554e+00,1.948661616287556697e+01,5.376320509363755051e-02,3.898286548574422472e+00,-4.345061949981333882e+00,1.087982076520136232e+01,8.582079751729470019e+00,2.492845417717361123e+00,-1.841121874093059496e+00,1.685016873220725131e+01,-6.819398319671986286e+00,1.286337659428428815e+01,1.171733687433851223e+01,2.446069514539316536e+00,-5.546134252375241935e+00,-5.736809470890101847e-01,8.997886166881885472e+00,-1.097898153577444802e+01,-2.460998254568886434e+00,3.242611369916402753e-01,1.940544911131305783e+00,-4.920125198948277934e+00,1.081376899992259055e-02,2.586978325437953252e+00,1.441725763285792938e+00,5.601713730505785804e+00,-3.378897349885566115e+00,-6.521940714878135203e+00,2.662536545916764474e+00,2.100072591838512359e+00,4.754631259869956494e+00,1.603106790850106833e+01,3.481059045159663690e+00,3.388830555217472007e+00,1.498443289030449321e+00,-2.384422823063829355e+00,-6.754356271805828094e-02,5.257272630440083638e+00,5.017937888738968510e+00,-5.294859465785103581e+00,5.138855868752815859e+00,3.418025985967599212e+00,5.870754858834399847e+00,2.376615137533039324e+00,-9.088059112494908942e-02,-1.494378970047216981e+00,-4.796667738258875602e+00,2.680189417653030315e+00,-1.787963215451208399e+00,-2.525219389343090093e+00,1.657288804457319298e+00,-5.065102588687937946e+00,1.682424733621878055e+00,9.622458937660243183e-01,1.252718432788036074e+00,2.096369241486752522e+00,4.775148029496667057e+00,-6.892014767173508805e-01
-8.650224368825055743e-01,3.235157920118951758e+00,9.997439606934186429e-01,-4.543651218592449581e+00,3.850654540091060341e+00,-1.825558656057752138e+00,5.633766699670259115e+00,1.241589687556934107e+00,8.004230368802204509e+00,-2.129714861359119027e+00,7.683274761372800299e-01,-2.863817968474351439e-01,-3.826684147449307627e+00,4.751280443210310622e-01,-4.787275100798681571e+00,-6.545513282751924677e-01,2.223054482531315212e+00,2.011573961456080417e-01,-7.205390118503341768e+00,7.451085907634825922e+00,-1.912380573024461849e+00,-1.820616624183206467e+00,1.191255994640017413e+00,-3.080745700172880852e+00,1.655944043417047373e+00,1.144296389566674010e+00,-5.726281969838744601e-01,4.096657756878965273e-01,-2.984252096858319270e+00,-2.551475305212043576e+00,1.337101855426830355e+00,-4.699344473365144381e+00,7.267862990693307879e-01,1.690826044116687799e-01,-3.943507898171342063e+00,-3.152947546805476842e-01,3.246290179281488442e+00,3.087139740583103809e+00,5.942743395990881083e+00,-4.266872824702103273e+00,7.713749133038598771e-01,1.522431752580240882e+00,-2.846205818815095157e-01,-5.032526987538745722e-01,-4.508366790522623901e+00,6.476932389830953873e-01,-1.507626895171581660e+00,2.456453670470921224e+00,1.332629842957248734e+00,3.746434110547225416e-01,2.912990671190044623e+00,-1.949717502039192141e-01,9.376487522276607534e-01,-1.256564857729070361e+01,5.601041508125934598e-01,-1.199161670434614457e+01,-2.246617908129874497e+00,2.803470139387489013e+00,2.676601330776498422e+00,-4.499429880707991991e+00,-4.806126615294612492e+00,2.916232202855953304e+00,1.553269822059841543e+00,-1.795718135445287800e+00,-1.294224658237227388e+01,-3.125480992863066021e+00,4.806031889121214817e+00,-3.464116472117163781e+00,-1.660480023417484574e+00,-1.740615978027977206e+01,-3.064093027014735959e+00,2.993247314347093457e+00,-1.376988260500926842e+01,-1.330613979202285080e+00,-3.759807418918263533e+00,-1.252370979690442709e+01,4.425476594084073234e+00,-3.410682909340086333e+00,6.010400804592479496e-01,-7.284703831140306729e-01,1.503463389144072515e+00,5.776590793954518688e+00,-1.425364471288603330e+00,9.337193866890292071e-02,-1.866070781588282657e+01,5.564183643525370648e+00,6.139017164308882890e+00,1.981873007122337782e+01,3.264670567784878907e-03,4.330650074846940534e+00,-4.185073151824152404e+00,1.061686967350703803e+01,8.283262780478549914e+00,1.515092056550393584e+00,-1.769890646410628543e+00,1.594405343195479574e+01,-5.640730602568894803e+00,1.196220070920291612e+01,1.143264281564091434e+01,2.849312292962300930e+00,-5.257958323860810523e+00,1.701609175425294329e-01,8.996495924483756568e+00,-1.000071735962251118e+01,-2.364086188554225920e+00,5.201045428623846112e-01,1.942729666241434838e+00,-4.004653222944181579e+00,4.002783173167490105e-01,2.685976192089260195e+00,1.327094390016155812e+00,5.228814824301748487e+00,-2.356447486604843711e+00,-4.953810754407138361e+00,2.583208972317942553e+00,2.224601223620965573e+00,4.819598293028533931e+00,1.857671816197268910e+01,3.085325635091387131e+00,4.161067720326792951e+00,1.976758149516945728e+00,-1.944143403510295798e+00,-1.187891463606125519e-01,4.613409072875723993e+00,4.580546046440415964e+00,-4.522965173058024035e+00,4.525419363965111685e+00,4.338971832723722777e+00,6.313292073233512269e+00,2.230831788913848701e+00,3.254333823629017020e-01,-9.080155060403267697e-01,-4.099789706977580828e+00,2.607784854916841866e+00,-2.031613455766193344e+00,-2.265358314874212464e+00,9.174050335846727355e-01,-4.917424687336938049e+00,6.594750648132536863e-01,1.260515070182699926e+00,1.000166110589859159e+00,3.183250615089170843e+00,4.710415171421380442e+00,-1.538574141957522512e+00
-1.091792986052942727e+00,2.545386843200332816e+00,1.206746495409903863e+00,-4.300908272703280133e+00,4.253382654388691009e+00,-1.898521819209389339e+00,5.236648484228039635e+00,8.925906555779992146e-01,8.178279685964007228e+00,-2.334337400938615303e+00,7.149250465986283221e-01,-3.107214560607189924e-01,-3.067363880696661660e+00,7.208490150104607253e-01,-4.072171762959199803e+00,-5.595169525858665338e-01,1.490114852786676769e+00,6.344384931978495068e-01,-7.048868274624799923e+00,6.923370709765757525e+00,-2.019353935555445290e+00,-1.817720792019749343e+00,1.175572690939234555e+00,-2.157121662613230573e+00,9.990544233554805587e-01,1.014827697547820762e+00,-1.306067695088022784e+00,3.592678089702445732e-01,-4.361226837075040663e+00,-2.029783919493235000e+00,1.429873446911559043e+00,-5.424350729509854752e+00,1.097916082875952881e+00,1.708239705846965606e-01,-3.514022067188033116e+00,-4.057285081912294089e-01,2.276170350501271145e+00,2.806568125300435756e+00,6.611499477261904012e+00,-5.176200785543939809e+00,8.821253988272053093e-01,1.286049911235192189e+00,-3.907834437538781902e-01,-4.803015903888621096e-01,-4.155837129504700300e+00,5.530235018401697955e-01,-1.242729224706279112e+00,1.784871313268681758e+00,1.032244159737276901e+00,7.542823287417532718e-01,3.307647552571994165e+00,-5.293236147187185825e-02,7.401085259170303576e-01,-1.439771964808992877e+01,9.070053767033443570e-01,-1.605610417019394021e+01,-2.578521894248273494e+00,2.615108064799193333e+00,3.437353562990392408e+00,-4.284723664980743862e+00,-5.344300411488192459e+00,3.152938472862469421e+00,1.556876531909056949e+00,-1.891168407384390182e+00,-1.468846725788658603e+01,-2.495253906440993319e+00,4.918122903400298007e+00,-3.268771526267674865e+00,-1.454724959493498559e+00,-2.227069067034007688e+01,-3.074639915561927062e+00,4.387718225289181539e+00,-1.555474668785479864e+01,-1.581443715291013019e+00,-4.077005374024077256e+00,-1.316162411816734945e+01,3.504499102733550586e+00,-3.413384387057456504e+00,-7.422914206205888377e-02,-1.032875432803852966e+00,1.595040392126030104e+00,4.705683183099392153e+00,-1.498768476564850349e+00,-9.843972474260986871e-02,-2.188953572904905087e+01,7.435312303076120344e+00,4.709316697928842110e+00,2.001388236157224298e+01,1.340773957186385257e-01,4.961641726116472029e+00,-4.213949350519976100e+00,1.043439678629626499e+01,8.198214951971978692e+00,8.200788525490472214e-01,-1.679133609216513223e+00,1.484411827567777564e+01,-5.167692568392283192e+00,1.111242454966199489e+01,1.130156213507739871e+01,3.173270160194212153e+00,-5.172109214773181307e+00,1.589092449822656627e-01,9.041076471494738698e+00,-8.955423827054312724e+00,-2.272943063170121736e+00,6.319529684906026734e-01,2.063077960863897165e+00,-3.158130244221830196e+00,7.371282461994472790e-01,2.706563910286967634e+00,1.227992739976256242e+00,4.972336736238162302e+00,-1.446169312180380917e+00,-3.663279786105210434e+00,2.954627093546065453e+00,2.317089748030522145e+00,4.797484944885608726e+00,2.465870695485095965e+01,3.167446962854716830e+00,4.212118627981556784e+00,1.967228343700684334e+00,-1.529852594064940785e+00,-2.795501416851809973e-01,3.892854647485312736e+00,4.284722761812900238e+00,-3.522948579997398966e+00,3.999634886923231214e+00,6.701605261078121600e+00,6.321344540573312187e+00,2.049736642556945654e+00,1.054290803767684581e-01,-4.685859818377871022e-01,-3.792130478983754216e+00,2.753387088649827508e+00,-2.465300615373386517e+00,-2.108025924338948975e+00,3.525224588174153961e-01,-4.667656798514556726e+00,-3.824755661889587266e-01,1.527683488288913649e+00,9.803939510122559042e-01,4.199457530041362574e+00,4.667439361418575849e+00,-1.590504749685884622e+00
-1.361659649890614832e+00,2.070679555644146408e+00,1.539646044626498123e+00,-3.854493314748040689e+00,4.463063046813286583e+00,-2.189104645240566693e+00,4.898979914430197091e+00,5.929495859377444944e-01,7.989653564494389570e+00,-2.683279575908211090e+00,7.974763828381403741e-01,-4.499264343970068580e-01,-2.594872531841376784e+00,1.080900569644025033e+00,-3.556295743525882180e+00,-4.729985380219430269e-01,7.642017954320925455e-01,1.170884851007039984e+00,-6.853288235785170990e+00,6.468957967461465230e+00,-1.892796937426250325e+00,-2.134568310115755096e+00,1.217918438265491510e+00,-1.447638615170058429e+00,3.107572045692572615e-01,9.461107913808799452e-01,-1.798236609858482771e+00,5.784196202161968614e-01,-6.130869863013288068e+00,-1.671527615154160484e+00,1.543519906992386836e+00,-6.104560196781145365e+00,1.276798603835892720e+00,2.234660727951885140e-01,-2.248622109468927377e+00,-4.703116630291348521e-01,1.406414365910674480e+00,2.629666956708821779e+00,6.906282484747011452e+00,-6.178979247266896735e+00,9.530097631176337458e-01,9.990468705672611582e-01,-4.978423945311922783e-01,-3.400325399994570397e-01,-4.008633887850910682e+00,3.919102835255900419e-01,-1.166042733103207496e+00,1.214240057966623709e+00,7.975341429758379119e-01,1.104441376526036134e+00,3.480208374786018855e+00,5.884046696906691798e-02,5.327133778634932648e-01,-1.559809393167527602e+01,1.343763091633240814e+00,-1.636122738040132418e+01,-2.761953609983574420e+00,2.432300819991527252e+00,3.865173784633093135e+00,-3.968965482325995886e+00,-6.281479024407502720e+00,3.222262444948321480e+00,1.480387097855953904e+00,-2.132850256837765190e+00,-1.584591582261075082e+01,-1.853559166329219465e+00,4.790073813718730200e+00,-3.232107648418176105e+00,-1.278019994597447528e+00,-2.271920292088906379e+01,-3.296054416613452887e+00,6.381555408300143561e+00,-1.546999140224555980e+01,-1.489202675668677145e+00,-4.369129013185646393e+00,-1.335990165959619347e+01,2.738258385784200222e+00,-3.419901736956651117e+00,-6.987760747093121338e-01,-1.086726092696583379e+00,1.491932087653202066e+00,3.753108067000786363e+00,-1.045662528919797829e+00,-4.154954429483804779e-01,-2.353583122412115713e+01,8.706034650325342739e+00,3.819369888575660621e+00,2.049810795406093789e+01,-2.860451210817931966e-01,5.891485174977140638e+00,-4.564536380888662315e+00,1.026252014588469841e+01,8.474818957283490661e+00,4.515363681123498729e-01,-1.602510642332042323e+00,1.415945139972166977e+01,-5.005958210855755652e+00,1.022634148134027043e+01,1.144321320763799577e+01,3.595563223324869995e+00,-5.204419782775288716e+00,2.064794350393587274e-01,9.127497203494716160e+00,-7.959189046458906347e+00,-2.153180052481775686e+00,6.848179916383219101e-01,2.758303758835822794e+00,-2.444484335984735246e+00,1.083931239165718985e+00,2.624630993973972259e+00,1.259518234896703337e+00,4.908879760737895559e+00,-5.521278031380524309e-01,-2.414018807127151334e+00,2.958262718035893801e+00,2.333935480581338595e+00,4.685771263101349504e+00,3.449582526990043618e+01,3.573082111950300011e+00,4.366754540072557589e+00,2.251321955791334872e+00,-1.220830257390607132e+00,-3.788991784168476151e-01,3.232483556683328985e+00,4.151259420324932670e+00,-2.711313598249783130e+00,3.555552161759653274e+00,1.056634799709257599e+01,5.916432290155000828e+00,2.208775083110452009e+00,9.319344453104191905e-02,-1.112012389516707778e-01,-3.834815271838349915e+00,2.718168129271904210e+00,-3.156984191780681570e+00,-2.075640136866791607e+00,1.531581246902807836e-02,-4.288936129105674233e+00,-1.271146718576619650e+00,1.701622837015052347e+00,8.383944775060572230e-01,4.573309626643402126e+00,4.447128992267320058e+00,-1.584454303033996148e+00
-1.602602681251175776e+00,1.809764456638701891e+00,1.745477969628606907e+00,-3.259783737981248652e+00,4.508046421652284863e+00,-2.546497525260960515e+00,4.593940723590488773e+00,4.034233647433720371e-01,7.592194350469358533e+00,-2.914175041094973828e+00,1.028935968921459665e+00,-9.408216155307442818e-01,-2.343587013112410578e+00,1.578560024090041702e+00,-3.222518110197178487e+00,-4.325872983714216247e-01,7.204393898735172996e-02,1.891966146159274942e+00,-6.538131450945209977e+00,6.189335199926810027e+00,-1.572595114011901885e+00,-2.640894719604796936e+00,1.417053306054339323e+00,-1.053894368697783079e+00,-3.539468288940312846e-01,9.398158267203164939e-01,-1.970065882584242756e+00,1.026864047482531017e+00,-7.368786798504485702e+00,-1.440405995060370925e+00,1.701537836746592314e+00,-6.651363832461644421e+00,1.261272742817173054e+00,3.743174832219264281e-01,-1.277930456795975278e+00,-5.534376756870766911e-01,5.932221178144831963e-01,2.511238249689011326e+00,6.908469685753094502e+00,-6.750291487374687982e+00,9.698165473885373977e-01,7.412121680139774904e-01,-5.365235748141694572e-01,-1.152361760854690997e-01,-4.039239654086351550e+00,-1.669432717185748150e-02,-1.228590957974415643e+00,8.413204009922846671e-01,6.257574079753054352e-01,1.367391452268758245e+00,3.486929873700182370e+00,2.052157574807307872e-01,2.794184152996287418e-01,-1.619695748893715859e+01,1.791752026967502687e+00,-1.527316629262230840e+01,-2.865465017547643711e+00,2.230057569313107280e+00,4.031335873955385729e+00,-3.658575570068277827e+00,-7.004069297288721963e+00,3.234551956434648545e+00,1.437804118916020890e+00,-2.472826457756569951e+00,-1.649307299489614564e+01,-1.384580670726768936e+00,4.452208445827132266e+00,-3.200159813270249565e+00,-1.223490144712845673e+00,-2.145773177498952577e+01,-3.721008786166434046e+00,7.832051155642251850e+00,-1.456325129028467735e+01,-1.193433816815261173e+00,-4.482101374653960413e+00,-1.319211556616182257e+01,2.055845364496271976e+00,-3.404951094528778199e+00,-1.249487891692876662e+00,-8.871381406720315610e-01,1.207367984295669272e+00,2.917062959939176636e+00,-5.008854820731265534e-01,-8.317733353784610983e-01,-2.409169202316989455e+01,9.088830766535512140e+00,3.576317263063997220e+00,2.111026273021304078e+01,-1.329575629681521320e+00,6.497861543628459913e+00,-5.175207970269286584e+00,1.005168521249350100e+01,9.108369910700929495e+00,3.080703038688195061e-01,-1.501440345335403048e+00,1.401715605438707080e+01,-5.146574099874841046e+00,9.296001562456380540e+00,1.189840666453560658e+01,4.146508511073470515e+00,-5.306016148134943933e+00,2.955022482786562321e-01,9.200909882524831218e+00,-7.017966560209750959e+00,-1.980771193994063539e+00,7.084914683341557717e-01,3.883729564990595406e+00,-1.836143499148090275e+00,1.320929386847196962e+00,2.434914817218271299e+00,1.428663935859906253e+00,5.025301976884567701e+00,3.119974446464099938e-01,-1.184830923664706770e+00,2.413423932051687704e+00,2.261094149872189263e+00,4.482309388684001306e+00,4.269027596974575545e+01,4.071923480949976693e+00,4.425521462716863752e+00,2.862435057863612187e+00,-1.027574360623596306e+00,-3.610049865609383790e-01,2.648452714758956716e+00,4.102157618844583631e+00,-2.272533311034532044e+00,3.129662975000677694e+00,1.375775205161642312e+01,5.345660623537481726e+00,2.645637574080633048e+00,5.182125016949593599e-01,2.110906018519966842e-01,-4.053690412478468730e+00,2.536304060576913599e+00,-3.708669297932286835e+00,-2.135875478018148144e+00,-7.199983686160177365e-02,-3.840078708688955622e+00,-1.931137166259131899e+00,1.851318994775891458e+00,3.499706175610810543e-01,4.268475830132322457e+00,4.099937213960821225e+00,-1.626046308287718345e+00
-1.805331498528417900e+00,1.050379832780913070e+00,1.473695817995140933e+00,-2.983010343325846581e+00,4.484887585842654012e+00,-2.424179023792602194e+00,4.319425238299707814e+00,3.726960606149773980e-01,7.498470157290576310e+00,-2.978507832037962988e+00,1.343518456011340678e+00,-1.578059839281860111e+00,-1.974817591982632514e+00,2.169263032375636335e+00,-3.031558074582900275e+00,-3.935028674521028336e-01,-5.879207573382903007e-01,2.643156157714949828e+00,-6.147182612985917061e+00,6.203481681409708237e+00,-1.173339438268507173e+00,-3.234894771550209214e+00,1.652089247361171687e+00,-5.619267579869173801e-01,-9.887906994581889819e-01,9.715169134815924146e-01,-1.403657829814947355e+00,1.175239608185835838e+00,-6.782449875171802312e+00,-9.942362314943913315e-01,1.902158560804472653e+00,-7.062231687308012873e+00,1.097731433156717173e+00,6.501349687227486740e-01,-1.713539924865721042e+00,-3.477867129797691526e-01,-2.137238432504895425e-01,2.444658364290415609e+00,6.819772741847554443e+00,-6.412239964661751834e+00,9.502442406929239027e-01,7.030444389644719960e-01,-5.142841585738597843e-01,1.857301238021091261e-01,-4.162212727160847336e+00,-7.157456694482232651e-01,-1.211035311025916217e+00,2.851248493229505687e-01,4.804052651005893959e-01,1.556412383331864380e+00,3.448421838106380477e+00,1.576468523048416837e-01,-5.982883255369841891e-02,-1.643714493137379407e+01,2.227291908649928320e+00,-1.480464074272394015e+01,-3.028818080837712312e+00,1.698934236840083933e+00,4.030894262646601334e+00,-3.384480677033253393e+00,-6.599387059276421219e+00,3.278029552198784558e+00,1.536883225150832866e+00,-2.841015042604841945e+00,-1.685494062767648060e+01,-1.305687553777763243e+00,4.375761475930534772e+00,-3.113626954172186601e+00,-1.246584786184409488e+00,-2.109259136689925995e+01,-3.823668379351561786e+00,6.747064448663206981e+00,-1.343977363889987053e+01,-8.079490365506717398e-01,-4.382213336515176749e+00,-1.289550431019929100e+01,1.471773708229872746e+00,-3.330958071296788781e+00,-1.745755570580536986e+00,-4.967278587236521048e-01,8.859780286839467056e-01,2.191947292635072930e+00,-8.878006803622717769e-02,-1.285033510622036523e+00,-2.423983647969746613e+01,1.077143146923939199e+01,2.910405156213296429e+00,2.050380870801472000e+01,-1.527149984144980044e+00,5.879148150159359432e+00,-5.930225996637883412e+00,9.749312615388884495e+00,1.000300329839418367e+01,3.375552569418998061e-01,-1.276693504247094157e+00,1.384171886087193926e+01,-4.962275170452930873e+00,8.400545013150361839e+00,1.263045363213844752e+01,4.546928325519479230e+00,-5.638995066472022977e+00,2.141829234717851360e-02,9.226904591052402793e+00,-6.180717001906270269e+00,-1.746410863108923905e+00,4.726641224751952364e-01,4.353596857165523915e+00,-1.313791097569916744e+00,1.249756026024492872e+00,2.124175472614227900e+00,1.712495392924230142e+00,5.273010406360271851e+00,1.045466354982389268e+00,-2.403545079163285636e-02,2.174565327678511739e+00,2.105593675969434031e+00,4.199710893881690055e+00,3.891627399680533728e+01,4.559672962096199988e+00,4.170987126444913429e+00,2.723572479029007010e+00,-8.940297322914853018e-01,-2.585880445174857378e-01,2.135726873883223575e+00,4.093409630622989681e+00,-2.131869832083638450e+00,2.690930886974521208e+00,1.219585033897477722e+01,4.804395114775773301e+00,2.495975180096464907e+00,8.002237437636066097e-01,5.039251305122727231e-01,-4.336776438183259863e+00,2.464819224544053000e+00,-3.759781957680351283e+00,-2.246655460075678512e+00,6.571710367686615928e-02,-3.394810859956121085e+00,-2.404806197665049883e+00,2.009102011484285022e+00,-2.209118998323317817e-01,4.571561343404271227e+00,3.769127248430586441e+00,-1.604677810734622900e+00
-1.986187524053731668e+00,-1.583777013428777636e-02,1.102950786839789643e+00,-2.742389561756986005e+00,4.459015256991203380e+00,-2.015419258101303068e+00,4.063086435817648834e+00,3.866609835208927315e-01,7.673077425247553762e+00,-2.911292537720724383e+00,1.686449280813598017e+00,-1.966318354508316713e+00,-1.357045574035962154e+00,2.792948772244245426e+00,-2.941309601203349722e+00,-3.094665844807700239e-01,-1.212146329370116682e+00,3.268483057866862218e+00,-5.837021716817761607e+00,6.266822084098549794e+00,-7.559342325842850485e-01,-3.836352138697785019e+00,1.652732236001850818e+00,3.888174866133162766e-01,-1.603585502332191215e+00,1.003384191000918690e+00,-7.740174050274859496e-01,1.138778850987398172e+00,-5.861157175718191503e+00,-2.956662555150526561e-01,2.125760875736529165e+00,-7.362662585284672545e+00,8.141927836814266684e-01,9.293697127478581788e-01,-2.455653759065908215e+00,2.647972034334280522e-01,-1.060127399843751039e+00,2.416402968104329751e+00,6.755895387407148789e+00,-6.001317732288141471e+00,9.087102150133534728e-01,7.467910124850511977e-01,-4.164765405804366494e-01,5.529532224657978112e-01,-4.301901349726053425e+00,-1.394594444841504854e+00,-1.132509895314008697e+00,-4.492237589134595588e-01,3.336718137404490747e-01,1.694603719345473714e+00,3.440216253986833284e+00,7.134962950067436083e-03,-4.970592329314806879e-01,-1.647868765371056909e+01,2.636077273528815823e+00,-1.541175845787555332e+01,-2.932951873686463706e+00,1.084493804852632470e+00,3.956233927568178821e+00,-3.171216103217965543e+00,-5.888071267533382169e+00,3.387507706148635833e+00,1.604453165431464878e+00,-3.181280408618658573e+00,-1.705939375383132273e+01,-1.311903082328554015e+00,4.686282096502523586e+00,-2.943712408801872016e+00,-1.314081272990180960e+00,-2.202622771255987644e+01,-3.628010898712427323e+00,5.130515808854294590e+00,-1.274102501342034088e+01,-4.098297395943710786e-01,-4.338538738348454160e+00,-1.260741534908028960e+01,8.638665092722919159e-01,-3.157751862615795879e+00,-2.187452733633735491e+00,1.023605067075106234e-02,3.980804265383908191e-01,1.575099190546052963e+00,1.540633812404745839e-01,-1.715673897835705120e+00,-2.433802862598562200e+01,1.350047279254232002e+01,1.171935110133417890e+00,1.720298216318867546e+01,-3.536885933878341493e-01,4.994851291147856642e+00,-6.741315707011650282e+00,9.340472449805911737e+00,1.102977189538189506e+01,5.138716112055936591e-01,-9.401640790166103656e-01,1.336549013925994345e+01,-3.884871013220893676e+00,7.590029143584561488e+00,1.353684397434692066e+01,4.533637652120807715e+00,-6.034687357841014510e+00,-3.988570002697463535e-01,9.203260930133573936e+00,-5.459103276685909556e+00,-1.463881447839470162e+00,1.692088388524325138e-03,3.860688082115043773e+00,-8.687271104013385425e-01,1.022320474580710403e+00,1.702106678664747186e+00,2.052441053055987119e+00,5.591390499242227641e+00,1.611589304586723115e+00,1.522726110514365239e+00,2.145939134007960103e+00,1.891255945918485892e+00,3.857422676806170792e+00,3.147914939682587843e+01,5.027624397727583627e+00,3.832123274512573285e+00,2.034206692342984901e+00,-7.757999889870499377e-01,-1.299669685688543685e-01,1.602947274270392741e+00,4.088369893081261530e+00,-1.936817570426372592e+00,2.239134464600180507e+00,9.349111658844535100e+00,4.357580550343078230e+00,1.942624214739704147e+00,6.789310598485915893e-01,7.589401237949138235e-01,-4.624869282680486471e+00,2.329226992180277733e+00,-3.776721415711732810e+00,-2.370792064676848110e+00,2.814629047413032548e-01,-3.023396917710898357e+00,-2.731488492439546611e+00,2.162209927856678426e+00,-6.689040961260906970e-01,5.614377869514993513e+00,3.558540657531002793e+00,-1.709356182856042405e+00
