# x_Ainv held_b1_THz held_b2_THz held_b3_THz held_b4_THz held_b5_THz held_b6_THz held_b7_THz held_b8_THz held_b9_THz held_b10_THz held_b11_THz held_b12_THz held_b13_THz held_b14_THz held_b15_THz held_b16_THz held_b17_THz held_b18_THz held_b19_THz held_b20_THz held_b21_THz held_b22_THz held_b23_THz held_b24_THz held_b25_THz held_b26_THz held_b27_THz held_b28_THz held_b29_THz held_b30_THz
0.000000000000e+00 -1.420578611535e+01 -8.627318608122e+00 -7.227017347374e+00 -6.855987989798e+00 -4.951404961188e+00 -4.391958090215e+00 -2.503501910571e+00 -1.618748856654e+00 -1.398209972509e+00 1.850769826183e-01 7.464414860443e-01 1.311416184920e+00 3.285704983216e+00 3.516170972275e+00 5.390441124446e+00 5.495160215627e+00 7.200145870540e+00 7.745233486435e+00 8.253380151464e+00 9.690095051825e+00 1.038829251979e+01 1.236896206241e+01 1.337561309441e+01 1.412865111001e+01 1.533015873397e+01 1.547132279564e+01 1.745116219343e+01 1.861227188279e+01 2.252912565078e+01 2.369603624927e+01
1.221469459685e-02 -1.420584825314e+01 -8.627617156452e+00 -7.226767582925e+00 -6.858161816566e+00 -4.950876188217e+00 -4.392931058230e+00 -2.526793016269e+00 -1.733960507875e+00 -1.274671788919e+00 1.020911105768e-01 7.688070733409e-01 1.354073100236e+00 3.291946112563e+00 3.520922654125e+00 5.391339307474e+00 5.495370524475e+00 7.201345501680e+00 7.745387181850e+00 8.253822985543e+00 9.690008215909e+00 1.038824909763e+01 1.236907468874e+01 1.337546405050e+01 1.412788542417e+01 1.532994252993e+01 1.547154187625e+01 1.745065051200e+01 1.861261788598e+01 2.252918304133e+01 2.369603859533e+01
2.442938919371e-02 -1.420603452994e+01 -8.628512342213e+00 -7.226020034634e+00 -6.864670171737e+00 -4.949290177906e+00 -4.395845918433e+00 -2.592437531724e+00 -1.907989144748e+00 -1.079508099348e+00 -2.235426307405e-01 8.360981281300e-01 1.465906268751e+00 3.310566698556e+00 3.535038649318e+00 5.394025562645e+00 5.496002480181e+00 7.204932325441e+00 7.745849663464e+00 8.255153133746e+00 9.689747580161e+00 1.038811776002e+01 1.236941260337e+01 1.337501719887e+01 1.412559012279e+01 1.532929409172e+01 1.547219842747e+01 1.744911577658e+01 1.861365477203e+01 2.252935518990e+01 2.369604562835e+01
3.664408379056e-02 -1.420634453606e+01 -8.630002788706e+00 -7.224779921841e+00 -6.875473811073e+00 -4.946647920146e+00 -4.400693351969e+00 -2.690465252162e+00 -2.080569750318e+00 -8.843330266123e-01 -3.596739064515e-01 9.456229280500e-01 1.616656346599e+00 3.341251157469e+00 3.558122714762e+00 5.398475584248e+00 5.497059189072e+00 7.210870322143e+00 7.746625118580e+00 8.257375515320e+00 9.689312761404e+00 1.038789530530e+01 1.236997591205e+01 1.337427338076e+01 1.412177045417e+01 1.532821394125e+01 1.547329038952e+01 1.744655891418e+01 1.861537917820e+01 2.252964202709e+01 2.369605733288e+01
4.885877838741e-02 -1.420677758868e+01 -8.632086204650e+00 -7.223055890805e+00 -6.890507775574e+00 -4.942951282013e+00 -4.407467468592e+00 -2.810119018110e+00 -2.246068180021e+00 -7.078060605406e-01 -4.666038109581e-01 1.084907252465e+00 1.783139139572e+00 3.383455163074e+00 3.589577804267e+00 5.404650739469e+00 5.498545892240e+00 7.219100089546e+00 7.747720529850e+00 8.260498265325e+00 9.688703123759e+00 1.038757643627e+01 1.237076478688e+01 1.337323400184e+01 1.411643509925e+01 1.532670294877e+01 1.547481436921e+01 1.744298147131e+01 1.861778552577e+01 2.253004343667e+01 2.369607368322e+01
6.107347298427e-02 -1.420733273184e+01 -8.634759388797e+00 -7.220859936137e+00 -6.909682098434e+00 -4.938203346695e+00 -4.416181304032e+00 -2.942775677769e+00 -2.403753401834e+00 -5.568468667744e-01 -5.523853842728e-01 1.233760802809e+00 1.952217534874e+00 3.436395064551e+00 3.628681906620e+00 5.412500737087e+00 5.500470065391e+00 7.229539786425e+00 7.749145680419e+00 8.264532633960e+00 9.687917782784e+00 1.038715381814e+01 1.237177946020e+01 1.337190103753e+01 1.410959607487e+01 1.532476233351e+01 1.547676569745e+01 1.743838561629e+01 1.862086605837e+01 2.253055925468e+01 2.369609464352e+01
7.328816758112e-02 -1.420800873649e+01 -8.638018235971e+00 -7.218207291605e+00 -6.932882853844e+00 -4.932408915643e+00 -4.426890996454e+00 -3.082415227860e+00 -2.553793706172e+00 -6.346257155110e-01 -4.031967284086e-01 1.376433642195e+00 2.117312809633e+00 3.499058520032e+00 3.674664476756e+00 5.421967089599e+00 5.502841566983e+00 7.242086446842e+00 7.750913159959e+00 8.269492835403e+00 9.686955611277e+00 1.038661815897e+01 1.237302021587e+01 1.337027704053e+01 1.410126860340e+01 1.532239366454e+01 1.547913850593e+01 1.743277414234e+01 1.862461089471e+01 2.253118926822e+01 2.369612016788e+01
8.550286217797e-02 -1.420880410038e+01 -8.641857744168e+00 -7.215116291126e+00 -6.959973584299e+00 -4.925575205443e+00 -4.439732173802e+00 -3.225019578636e+00 -2.696570959418e+00 -7.014748231859e-01 -2.191126033657e-01 1.506209204389e+00 2.275369642572e+00 3.570245370365e+00 3.726768342811e+00 5.432987135230e+00 5.505672843781e+00 7.256617653853e+00 7.753038370385e+00 8.275395836277e+00 9.685815246776e+00 1.038595831181e+01 1.237448737791e+01 1.336836515058e+01 1.409147095318e+01 1.531959886190e+01 1.548192581925e+01 1.742615047174e+01 1.862900809484e+01 2.253193321396e+01 2.369615020049e+01
9.771755677482e-02 -1.420971704810e+01 -8.646272022305e+00 -7.211608200982e+00 -6.990797127598e+00 -4.917712786151e+00 -4.454974807856e+00 -3.367829000763e+00 -2.832502998221e+00 -7.578714402128e-01 2.316363310861e-01 1.622051368924e+00 2.425100429394e+00 3.648635602476e+00 3.784288998687e+00 5.445498369817e+00 5.508979206730e+00 7.272993553152e+00 7.755539529621e+00 8.282261071520e+00 9.684495100765e+00 1.038516139756e+01 1.237618129655e+01 1.336616910651e+01 1.408022425544e+01 1.531638019799e+01 1.548511965856e+01 1.741851866085e+01 1.863404373879e+01 2.253279077615e+01 2.369618467584e+01
1.099322513717e-01 -1.421074553097e+01 -8.651254298169e+00 -7.207707024569e+00 -7.025177838552e+00 -4.908836829212e+00 -4.473106897784e+00 -3.508738697359e+00 -2.961988327257e+00 -8.038885754163e-01 3.882925967058e-01 1.725233029017e+00 2.566081687733e+00 3.732870454603e+00 3.846590086069e+00 5.459442848172e+00 5.512779194875e+00 7.291059177259e+00 7.758437671360e+00 8.290110073776e+00 9.682993369618e+00 1.038421294759e+01 1.237810233128e+01 1.336369326053e+01 1.406755230306e+01 1.531274029924e+01 1.548871115236e+01 1.740988340611e+01 1.863970201649e+01 2.253376158452e+01 2.369622351892e+01
1.221469459685e-01 -1.421188722691e+01 -8.656796926191e+00 -7.203439281263e+00 -7.062924168299e+00 -4.898968763847e+00 -4.494961868780e+00 -3.645834801718e+00 -3.085387907120e+00 -8.394534284406e-01 4.979498918234e-01 1.817692742048e+00 2.698312220845e+00 3.821629027054e+00 3.913098809579e+00 5.474771445516e+00 5.517095051239e+00 7.310647040427e+00 7.761756638242e+00 8.298966001693e+00 9.681308047300e+00 1.038309706475e+01 1.238025083119e+01 1.336094259506e+01 1.405348133743e+01 1.530868214794e+01 1.549269065027e+01 1.740025005103e+01 1.864596532738e+01 2.253484521167e+01 2.369626664543e+01
1.343616405654e-01 -1.421313954030e+01 -8.662891394688e+00 -7.198833761248e+00 -7.103831531897e+00 -4.888138486148e+00 -4.521902651478e+00 -3.777005359210e+00 -3.203019430491e+00 -8.644318464083e-01 5.897740364760e-01 1.901388708392e+00 2.822005401200e+00 3.913686839222e+00 3.983287770889e+00 5.491447814164e+00 5.521953342768e+00 7.331579954713e+00 7.765523065306e+00 8.308853053104e+00 9.679436939861e+00 1.038179660139e+01 1.238262711199e+01 1.335792274196e+01 1.403803982880e+01 1.530420908450e+01 1.549704783589e+01 1.738962459419e+01 1.865281438834e+01 2.253604117026e+01 2.369631396208e+01
1.465763351622e-01 -1.421449960170e+01 -8.669528332330e+00 -7.193921258486e+00 -7.147685368218e+00 -4.876387332867e+00 -4.556040487956e+00 -3.899599699794e+00 -3.315155626502e+00 -8.786335893530e-01 6.722742318637e-01 1.978072256163e+00 2.937495807944e+00 4.007950703070e+00 4.056650689742e+00 5.509451919074e+00 5.527385767078e+00 7.353674009620e+00 7.769766349970e+00 8.319795751656e+00 9.677377681731e+00 1.038029335292e+01 1.238523142984e+01 1.335464000436e+01 1.402125825546e+01 1.529932480985e+01 1.550177183532e+01 1.737801369827e+01 1.866022834839e+01 2.253734890987e+01 2.369636536688e+01
1.587910297591e-01 -1.421596426755e+01 -8.676697513712e+00 -7.194264279358e+00 -7.188734284320e+00 -4.863772134376e+00 -4.600332058634e+00 -4.010259227664e+00 -3.422023201066e+00 -8.817776480788e-01 7.491591000109e-01 2.049226768944e+00 3.045198398936e+00 4.103471412401e+00 4.132679082535e+00 5.528783077492e+00 5.533430202772e+00 7.376741651789e+00 7.774518604087e+00 8.331818100273e+00 9.675127753872e+00 1.037856826528e+01 1.238806395178e+01 1.335110138125e+01 1.400316888634e+01 1.529403338816e+01 1.550685131866e+01 1.736542470013e+01 1.866818490857e+01 2.253876781359e+01 2.369642074943e+01
1.710057243559e-01 -1.421753011976e+01 -8.684387864020e+00 -7.243343131930e+00 -7.183306764540e+00 -4.850370817304e+00 -4.658128352879e+00 -4.105325524444e+00 -3.523800721751e+00 -8.734294398896e-01 8.223486406287e-01 2.116071493011e+00 3.145588341579e+00 4.199439671528e+00 4.210845368661e+00 5.540132078110e+00 5.549462452584e+00 7.400594797272e+00 7.779814582923e+00 8.344942602553e+00 9.672684503769e+00 1.037660165467e+01 1.239112472227e+01 1.334731459486e+01 1.398380557082e+01 1.528833924987e+01 1.551227459256e+01 1.735186562205e+01 1.867666044554e+01 2.254029719431e+01 2.369647999129e+01
1.832204189528e-01 -1.421919346521e+01 -8.692587462946e+00 -7.294696009513e+00 -7.177673723112e+00 -4.836290265129e+00 -4.731758252418e+00 -4.182230527747e+00 -3.620614242528e+00 -8.529041244203e-01 8.929429244175e-01 2.179589592284e+00 3.239185806417e+00 4.290595332147e+00 4.295171495396e+00 5.547546155587e+00 5.571534949122e+00 7.425047906455e+00 7.785691585086e+00 8.359189163724e+00 9.670045167315e+00 1.037437343779e+01 1.239441362595e+01 1.334328812102e+01 1.396320353891e+01 1.528224719493e+01 1.551802968232e+01 1.733734518410e+01 1.868563013729e+01 2.254193629081e+01 2.369654296631e+01
1.954351135496e-01 -1.422095033514e+01 -8.701283548116e+00 -7.348098922121e+00 -7.171870956074e+00 -4.821677503314e+00 -4.820914441300e+00 -4.241094044029e+00 -3.712529404937e+00 -8.191105956034e-01 9.616173759410e-01 2.240563183039e+00 3.326539446471e+00 4.371350005175e+00 4.390088268302e+00 5.555738857147e+00 5.595070423311e+00 7.449920949887e+00 7.792189316718e+00 8.374573895910e+00 9.667206892576e+00 1.037186337106e+01 1.239793034610e+01 1.333903122265e+01 1.394139921396e+01 1.527576239638e+01 1.552410440324e+01 1.732187281766e+01 1.869506808969e+01 2.254368426354e+01 2.369660954105e+01
2.076498081465e-01 -1.422279648442e+01 -8.710462518437e+00 -7.403332201551e+00 -7.165934699466e+00 -4.922689679277e+00 -4.806735797982e+00 -4.284676472184e+00 -3.799538358154e+00 -7.702721601400e-01 1.028808632319e+00 2.299607850401e+00 3.408207791443e+00 4.452514744069e+00 4.483694987056e+00 5.564791284122e+00 5.620164043232e+00 7.475042191863e+00 7.799349712470e+00 8.391107867242e+00 9.664166765462e+00 1.036905129700e+01 1.240167431864e+01 1.333455398659e+01 1.391843003960e+01 1.526889040422e+01 1.553048642094e+01 1.730545868028e+01 1.870494746258e+01 2.254554019024e+01 2.369667957512e+01
2.198645027434e-01 -1.422472739075e+01 -8.720109937868e+00 -7.460182537203e+00 -7.159901295421e+00 -5.033243652226e+00 -4.791747957717e+00 -4.316704206416e+00 -3.881539195447e+00 -7.033558165037e-01 1.094810704477e+00 2.357203580298e+00 3.484740461965e+00 4.533492230029e+00 4.575558679928e+00 5.574803110030e+00 5.646935521116e+00 7.500250717734e+00 7.807216705187e+00 8.408795849176e+00 9.660921837283e+00 1.036591739629e+01 1.240564468124e+01 1.332986736379e+01 1.389433432173e+01 1.526163714952e+01 1.553716330133e+01 1.728811367175e+01 1.871524059416e+01 2.254750306139e+01 2.369675292164e+01
2.320791973402e-01 -1.422673825375e+01 -8.730210540192e+00 -7.518444632248e+00 -7.153806860767e+00 -5.149227195027e+00 -4.777109868293e+00 -4.340439622486e+00 -3.958304887572e+00 -6.126839500454e-01 1.159828317057e+00 2.413721148819e+00 3.556661676032e+00 4.613696454935e+00 4.665287877968e+00 5.585897524665e+00 5.675526794582e+00 7.525398631540e+00 7.815835935720e+00 8.427635128941e+00 9.657469154210e+00 1.036244244403e+01 1.240984021745e+01 1.332498321324e+01 1.386915108599e+01 1.525400894887e+01 1.554412255109e+01 1.726984945155e+01 1.872591912271e+01 2.254957177545e+01 2.369682942763e+01
2.442938919371e-01 -1.422882399389e+01 -8.740748235433e+00 -7.577922482313e+00 -7.147686962627e+00 -5.268208931660e+00 -4.763377407003e+00 -4.358249879854e+00 -4.029438585447e+00 -4.854924537489e-01 1.224008111621e+00 2.469444004002e+00 3.624457817738e+00 4.692565974652e+00 4.752513370647e+00 5.598227343649e+00 5.706097591856e+00 7.550352854423e+00 7.825254394165e+00 8.447614461860e+00 9.653805788593e+00 1.035860806875e+01 1.241425929517e+01 1.331991434965e+01 1.384291995054e+01 1.524601250902e+01 1.555135164972e+01 1.725067845780e+01 1.873695410478e+01 2.255174513393e+01 2.369690893445e+01
2.565085865339e-01 -1.423097925148e+01 -8.751706118576e+00 -7.638430296658e+00 -7.141576305555e+00 -5.388549734536e+00 -4.751327228381e+00 -4.371728737895e+00 -4.094314821248e+00 -2.758785470025e-01 1.287457680170e+00 2.524586102534e+00 3.688569709636e+00 4.769576113965e+00 4.836870293399e+00 5.611982185640e+00 5.738818238938e+00 7.574996463109e+00 7.835519984037e+00 8.468713238764e+00 9.649928872144e+00 1.035439701318e+01 1.241889979946e+01 1.331467459515e+01 1.381568101393e+01 1.523765493193e+01 1.555883807445e+01 1.723061392758e+01 1.874831612907e+01 2.255402183649e+01 2.369699127827e+01
2.687232811308e-01 -1.423319838543e+01 -8.763066481222e+00 -7.699793094573e+00 -7.135508434639e+00 -5.509165152748e+00 -4.742020975211e+00 -4.381931013348e+00 -4.152017073957e+00 3.208093293440e-01 1.350257569752e+00 2.579306303304e+00 3.749389264838e+00 4.844250788781e+00 4.917981918140e+00 5.627396106678e+00 5.773859156002e+00 7.599229522933e+00 7.846681001708e+00 8.490900935374e+00 9.645835630925e+00 1.034979339559e+01 1.242375905913e+01 1.330927883510e+01 1.378747475713e+01 1.522894371999e+01 1.556656931950e+01 1.720966991890e+01 1.875997542536e+01 2.255640047581e+01 2.369707629045e+01
2.809379757276e-01 -1.423547547212e+01 -8.774810826806e+00 -7.761847017593e+00 -7.129515458808e+00 -5.629332569959e+00 -4.736833295352e+00 -4.389562789255e+00 -4.201311336502e+00 5.485154966875e-01 1.412469058488e+00 2.633719919000e+00 3.807259637106e+00 4.916174848492e+00 4.995446508548e+00 5.644754023536e+00 5.811376871036e+00 7.622969391792e+00 7.858785524994e+00 8.514136893019e+00 9.641523422124e+00 1.034478297104e+01 1.242883376687e+01 1.330374307818e+01 1.375834195917e+01 1.521988678146e+01 1.557453291084e+01 1.718786133430e+01 1.877190196822e+01 2.255887953251e+01 2.369716379807e+01
2.931526703245e-01 -1.423780430417e+01 -8.786919889905e+00 -7.824439401637e+00 -7.123627798230e+00 -5.748561794986e+00 -4.737353111092e+00 -4.395108591828e+00 -4.240746252962e+00 7.191769809969e-01 1.474139298821e+00 2.687907964958e+00 3.862477818879e+00 4.985007283939e+00 5.068830483927e+00 5.664393374062e+00 5.851497141435e+00 7.646150498623e+00 7.871880707185e+00 8.538370454981e+00 9.636989772560e+00 1.033935339193e+01 1.243411989262e+01 1.329808452072e+01 1.372832362525e+01 1.521049243631e+01 1.558271641780e+01 1.716520394614e+01 1.878406557496e+01 2.256145737005e+01 2.369725362433e+01
3.053673649213e-01 -1.424017838928e+01 -8.799373660080e+00 -7.887428653390e+00 -7.117873959219e+00 -5.866513224463e+00 -4.745043942760e+00 -4.398911339630e+00 -4.268994036798e+00 8.668459838732e-01 1.535304772825e+00 2.741924562439e+00 3.915298724800e+00 5.050494490381e+00 5.137673893338e+00 5.686694732384e+00 5.894296867155e+00 7.668723629782e+00 7.886011976245e+00 8.563541453229e+00 9.632232418865e+00 1.033349446753e+01 1.243961259000e+01 1.329232161542e+01 1.369746092654e+01 1.520076942207e+01 1.559110746257e+01 1.714171442378e+01 1.879643599769e+01 2.256413222964e+01 2.369734558901e+01
3.175820595182e-01 -1.424259094917e+01 -8.812151410614e+00 -7.950683972857e+00 -7.112280339481e+00 -5.982946674470e+00 -4.760691841278e+00 -4.401221923904e+00 -4.285403625997e+00 1.001474247360e+00 1.595993637702e+00 2.795802871256e+00 3.965940002702e+00 5.112481468357e+00 5.201516766254e+00 5.712052569929e+00 5.939787598912e+00 7.690654785270e+00 7.901222143464e+00 8.589581010705e+00 9.627249349295e+00 1.032719842246e+01 1.244530609558e+01 1.328647414413e+01 1.366579515055e+01 1.519072690004e+01 1.559969372868e+01 1.711741036257e+01 1.880898300950e+01 2.256690222531e+01 2.369743950895e+01
3.297967541150e-01 -1.424503491858e+01 -8.825231732336e+00 -8.014084960164e+00 -7.106871065861e+00 -6.097689100268e+00 -4.783990397214e+00 -4.402230162637e+00 -4.290416616277e+00 1.127503885808e+00 1.656227325719e+00 2.849559853004e+00 4.014587037984e+00 5.170918032579e+00 5.259953958367e+00 5.740818337935e+00 5.987904047358e+00 7.711923689987e+00 7.917550431392e+00 8.616412598880e+00 9.622038847102e+00 1.032046015428e+01 1.245119362110e+01 1.328056329449e+01 1.363336766123e+01 1.518037446159e+01 1.560846296907e+01 1.709231031497e+01 1.882167648455e+01 2.256976533900e+01 2.369753519847e+01
3.420114487119e-01 -1.424750294451e+01 -8.838592572628e+00 -8.077521139846e+00 -7.101667865989e+00 -6.210613868380e+00 -4.813657081380e+00 -4.402084429492e+00 -4.285451724569e+00 1.247329758209e+00 1.716021634123e+00 2.903200103784e+00 4.061397810849e+00 5.225857373761e+00 5.312716383295e+00 5.773217807367e+00 6.038500541871e+00 7.732522060164e+00 7.935031437405e+00 8.643953272656e+00 9.616599535414e+00 1.031327749055e+01 1.245726723886e+01 1.327461173993e+01 1.360021986796e+01 1.516972213456e+01 1.561740301452e+01 1.706643382369e+01 1.883448647228e+01 2.257271941589e+01 2.369763246981e+01
3.542261433087e-01 -1.424998738573e+01 -8.852211279579e+00 -8.140891430781e+00 -7.096689974457e+00 -6.321627162655e+00 -4.847976443366e+00 -4.400904344060e+00 -4.272362262453e+00 1.362395179062e+00 1.775387461186e+00 2.956718944182e+00 4.106507412218e+00 5.277445826799e+00 5.359756553834e+00 5.809264595180e+00 6.091356741953e+00 7.752451730034e+00 7.953694056317e+00 8.672114996706e+00 9.610930423562e+00 1.030565144605e+01 1.246351776058e+01 1.326864372214e+01 1.356639320254e+01 1.515878038983e+01 1.562650178280e+01 1.703980145711e+01 1.884738326589e+01 2.257576215993e+01 2.369773113360e+01
3.664408379056e-01 -1.425248031253e+01 -8.866064651071e+00 -8.204103584931e+00 -7.091954073389e+00 -6.430658870918e+00 -4.885313908845e+00 -4.398789147544e+00 -4.252922883914e+00 1.473637128167e+00 1.834331294334e+00 3.010104913288e+00 4.150032124897e+00 5.325904903362e+00 5.401298484667e+00 5.848709697833e+00 6.146191606538e+00 7.771722739000e+00 7.973560392595e+00 8.700805979094e+00 9.605030954820e+00 1.029758648089e+01 1.246993461092e+01 1.326268513472e+01 1.353192910341e+01 1.514756014782e+01 1.563574728887e+01 1.701243484706e+01 1.886033746511e+01 2.257889112964e+01 2.369783099926e+01
3.786555325024e-01 -1.425497350694e+01 -8.880128988532e+00 -8.267073613405e+00 -7.087474266473e+00 -6.537656342083e+00 -4.924358504501e+00 -4.395823347398e+00 -4.228587283148e+00 1.581697072376e+00 1.892855524113e+00 3.063341780948e+00 4.192073040722e+00 5.371508563849e+00 5.437819115667e+00 5.891059761163e+00 6.202682651941e+00 7.790351466749e+00 7.994644699245e+00 8.729931937871e+00 9.598901055498e+00 1.028909076045e+01 1.247650569661e+01 1.325676360651e+01 1.349686900655e+01 1.513607278505e+01 1.564512765626e+01 1.698435672896e+01 1.887332003371e+01 2.258210373423e+01 2.369793187542e+01
3.908702270993e-01 -1.425745846340e+01 -8.894380154904e+00 -8.329725214213e+00 -7.083262084884e+00 -6.642580020628e+00 -4.964150536601e+00 -4.392080600202e+00 -4.200460820510e+00 1.687031846950e+00 1.950958636669e+00 3.116410166841e+00 4.232719222080e+00 5.414559517283e+00 5.469965023623e+00 5.935660219494e+00 6.260486683396e+00 7.808358885688e+00 8.016952385536e+00 8.759397241789e+00 9.592541185395e+00 1.028017641803e+01 1.248321727353e+01 1.325090858185e+01 1.346125434241e+01 1.512433014056e+01 1.565463112959e+01 1.695559098469e+01 1.888630235185e+01 2.258539723008e+01 2.369803357034e+01
4.030849216962e-01 -1.425992639002e+01 -8.908793636326e+00 -8.391989212520e+00 -7.079326522883e+00 -6.745400334242e+00 -5.004019548429e+00 -4.387626435952e+00 -4.169362755353e+00 1.789976634795e+00 2.008635323550e+00 3.169288834871e+00 4.272050436319e+00 5.455367884787e+00 5.498443670688e+00 5.981803967427e+00 6.319258622472e+00 7.825768979788e+00 8.040479138490e+00 8.789105884266e+00 9.585952389590e+00 1.027085982112e+01 1.249005381418e+01 1.324515139490e+01 1.342512653824e+01 1.511234452216e+01 1.566424608830e+01 1.692616268806e+01 1.889925626356e+01 2.258876871764e+01 2.369813589230e+01
4.152996162930e-01 -1.426236821044e+01 -8.923344606924e+00 -8.453803021200e+00 -7.075674100398e+00 -6.846095434551e+00 -5.043508069306e+00 -4.382520205535e+00 -4.135902576879e+00 1.890782903740e+00 2.065876538421e+00 3.221955715767e+00 4.310139500719e+00 5.494234303980e+00 5.523931948820e+00 6.028822727774e+00 6.378666305591e+00 7.842607359117e+00 8.065210202798e+00 8.818962267761e+00 9.579136351636e+00 1.026116184182e+01 1.249699787944e+01 1.323952533354e+01 1.338852702547e+01 1.510012871246e+01 1.567396106123e+01 1.689609815312e+01 1.891215411972e+01 2.259221513884e+01 2.369823864997e+01
4.275143108899e-01 -1.426477456654e+01 -8.938007996061e+00 -8.515110127033e+00 -7.072308949509e+00 -6.944649529474e+00 -5.082308229698e+00 -4.376816497154e+00 -4.100543362518e+00 1.989642339885e+00 2.122669524076e+00 3.274388698590e+00 4.347054278506e+00 5.531438155877e+00 5.547022163067e+00 6.076140907829e+00 6.438400524896e+00 7.858900081923e+00 8.091119859919e+00 8.848871791824e+00 9.572095448220e+00 1.025110813167e+01 1.250402999945e+01 1.323406568757e+01 1.335149725169e+01 1.508769597452e+01 1.568376474194e+01 1.686542498546e+01 1.892496881675e+01 2.259573327497e+01 2.369834165281e+01
4.397290054867e-01 -1.426713582191e+01 -8.952758557318e+00 -8.575859605923e+00 -7.069232921496e+00 -7.041051633065e+00 -5.120215494225e+00 -4.370566182464e+00 -4.063647916329e+00 2.086702513842e+00 2.178997828941e+00 3.326566222626e+00 4.382859365925e+00 5.567230540211e+00 5.568202698843e+00 6.123294647832e+00 6.498180641269e+00 7.874672682329e+00 8.118171139499e+00 8.878741251191e+00 9.564832805428e+00 1.024072940014e+01 1.251112856997e+01 1.322880977431e+01 1.331407869681e+01 1.507506005710e+01 1.569364600440e+01 1.683417213651e+01 1.893767383132e+01 2.259931974517e+01 2.369844471140e+01
4.519437000836e-01 -1.426944206633e+01 -8.967570938514e+00 -8.636005668958e+00 -7.135294614782e+00 -7.066445710973e+00 -5.157096582309e+00 -4.363817199314e+00 -4.025510622473e+00 2.182077442991e+00 2.234841329303e+00 3.378467694066e+00 4.417617508408e+00 5.587860901673e+00 5.601831064629e+00 6.169928498060e+00 6.557756663710e+00 7.889949391795e+00 8.146315785187e+00 8.908479060135e+00 9.557352356839e+00 1.023006169517e+01 1.251826977191e+01 1.322379693312e+01 1.327631289309e+01 1.506223519929e+01 1.570359391883e+01 1.680236996109e+01 1.895024325134e+01 2.260297100555e+01 2.369854763777e+01
4.641583946804e-01 -1.427168312131e+01 -8.982419752007e+00 -8.695507239939e+00 -7.227374466738e+00 -7.063944993613e+00 -5.192867617159e+00 -4.356615143250e+00 -3.986378978511e+00 2.275854880572e+00 2.290176271263e+00 3.430073746822e+00 4.451390781399e+00 5.606296381565e+00 5.635427369208e+00 6.215781494474e+00 6.616908837159e+00 7.904752536411e+00 8.175494483243e+00 8.937995326111e+00 9.549658903740e+00 1.021914668239e+01 1.252542752370e+01 1.321906847888e+01 1.323824144870e+01 1.504923613456e+01 1.571359776724e+01 1.677005027812e+01 1.896265180359e+01 2.260668334891e+01 2.369865024577e+01
4.763730892773e-01 -1.427384854671e+01 -8.997279644582e+00 -8.754327564139e+00 -7.317289731881e+00 -7.061726574042e+00 -5.227479263074e+00 -4.349003717249e+00 -3.946468054789e+00 2.344975344572e+00 2.368101435431e+00 3.481366363190e+00 4.484241568916e+00 5.623737180367e+00 5.668176415942e+00 6.260670194173e+00 6.675445676086e+00 7.919102089097e+00 8.205637347315e+00 8.967201800267e+00 9.541758177895e+00 1.020803191730e+01 1.253257347762e+01 1.319990607464e+01 1.321466760245e+01 1.503607809395e+01 1.572364705837e+01 1.673724643476e+01 1.897487487805e+01 2.261045290528e+01 2.369875235132e+01
4.885877838741e-01 -1.427592764874e+01 -9.012125366244e+00 -8.812433847359e+00 -7.405041052490e+00 -7.059784540642e+00 -5.260906546921e+00 -4.341025074175e+00 -3.905970191314e+00 2.399207798687e+00 2.458866211533e+00 3.532328867884e+00 4.516233370528e+00 5.640355040527e+00 5.700206785592e+00 6.304472448361e+00 6.733201171338e+00 7.933015355439e+00 8.236664637857e+00 8.996011735405e+00 9.533656907445e+00 1.019677110164e+01 1.253967707284e+01 1.316134861450e+01 1.321063920481e+01 1.502277680834e+01 1.573373154174e+01 1.670399337385e+01 1.898688854943e+01 2.261427564312e+01 2.369885377273e+01
5.008024784710e-01 -1.427790948916e+01 -9.026931837272e+00 -8.869796923929e+00 -7.490630809725e+00 -7.058111424261e+00 -5.293141810867e+00 -4.332720076376e+00 -3.865061493323e+00 2.452839609466e+00 2.548183410876e+00 3.582945807810e+00 4.547431465098e+00 5.656278377373e+00 5.731621446860e+00 6.347113341034e+00 6.790031677542e+00 7.946506773236e+00 8.268487681347e+00 9.024339684441e+00 9.525362886717e+00 1.018542431105e+01 1.254670565899e+01 1.312261107709e+01 1.320702965046e+01 1.500934850977e+01 1.574384122041e+01 1.667032770473e+01 1.899866959584e+01 2.261814737137e+01 2.369895433099e+01
5.130171730678e-01 -1.427978289608e+01 -9.041674212973e+00 -8.926390951976e+00 -7.574062832834e+00 -7.056698358064e+00 -5.324189770147e+00 -4.324128490051e+00 -3.823906161234e+00 2.505833702712e+00 2.636074193580e+00 3.633202729715e+00 4.577903457151e+00 5.671602742491e+00 5.762500650272e+00 6.388553546768e+00 6.845812802921e+00 7.959587808498e+00 8.301009944105e+00 9.052101275017e+00 9.516885050969e+00 1.017405817558e+01 1.255362470444e+01 1.308373567142e+01 1.320388642539e+01 1.499580993152e+01 1.575396636221e+01 1.663628777749e+01 1.901019551507e+01 2.262206374227e+01 2.369905384999e+01
5.252318676647e-01 -1.428153647616e+01 -9.056327945611e+00 -8.982193134082e+00 -7.655342162211e+00 -7.055535236150e+00 -5.354064000153e+00 -4.315289127359e+00 -3.782659341256e+00 2.558150238211e+00 2.722547995134e+00 3.683085868441e+00 4.607719728866e+00 5.686399049269e+00 5.792904738939e+00 6.428779883967e+00 6.900436485422e+00 7.972266933956e+00 8.334128208863e+00 9.079212999383e+00 9.508233557393e+00 1.016274598788e+01 1.256039810241e+01 1.304476484382e+01 1.320125768578e+01 1.498217830695e+01 1.576409750920e+01 1.660191376039e+01 1.902144453850e+01 2.262602025503e+01 2.369915215679e+01
5.374465622615e-01 -1.428315862851e+01 -9.070868843086e+00 -9.037183461371e+00 -7.734474854532e+00 -7.054610868820e+00 -5.382784405925e+00 -4.306239946040e+00 -3.741468955220e+00 2.609746955022e+00 2.807603441113e+00 3.732581759597e+00 4.636953817226e+00 5.700719965265e+00 5.822876764017e+00 6.467797708182e+00 6.953808344991e+00 7.984549679879e+00 8.367733799728e+00 9.105592063323e+00 9.499419874139e+00 1.015156770570e+01 1.256698858579e+01 1.300574131697e+01 1.319919168630e+01 1.496847136700e+01 1.577422548498e+01 1.656724772029e+01 1.903239564284e+01 2.263001226045e+01 2.369924908184e+01
5.496612568584e-01 -1.428463756026e+01 -9.091344479017e+00 -9.085273123992e+00 -7.811467821063e+00 -7.053913132798e+00 -5.410375375789e+00 -4.297018114058e+00 -3.700476820393e+00 2.660579575522e+00 2.891228961486e+00 3.781676791983e+00 4.665682731557e+00 5.714604860943e+00 5.852444854081e+00 6.505624802924e+00 7.005845342165e+00 7.996438750856e+00 8.401713802504e+00 9.131156343883e+00 9.490456879573e+00 1.014060980566e+01 1.257335825650e+01 1.296670813033e+01 1.319773608165e+01 1.495470733623e+01 1.578434139988e+01 1.653233370597e+01 1.904302855994e+01 2.263403496628e+01 2.369934445916e+01
5.618759514552e-01 -1.428596130384e+01 -9.144661071191e+00 -9.099517468786e+00 -7.886328692409e+00 -7.053429114980e+00 -5.436864417944e+00 -4.287660045225e+00 -3.659819273621e+00 2.710602262380e+00 2.973403182591e+00 3.830356716804e+00 4.693987221290e+00 5.728083639275e+00 5.881624324479e+00 6.542286484614e+00 7.056473737902e+00 8.007934206035e+00 8.435952231888e+00 9.155824512425e+00 9.481358974640e+00 1.012996493515e+01 1.257946922851e+01 1.292770868175e+01 1.319693710212e+01 1.494090492747e+01 1.579443665366e+01 1.649721783375e+01 1.905332378474e+01 2.263808344362e+01 2.369943812659e+01
5.740906460521e-01 -1.428711773613e+01 -9.197120263496e+00 -9.113579066839e+00 -7.959065704548e+00 -7.053145248653e+00 -5.462281142562e+00 -4.278201410627e+00 -3.619627450680e+00 2.759768119230e+00 3.054095160449e+00 3.878606132342e+00 4.721951997128e+00 5.741179698954e+00 5.910419533425e+00 6.577811701687e+00 7.105627330523e+00 8.019033704021e+00 8.470331103867e+00 9.179516386124e+00 9.472142211974e+00 1.011973129945e+01 1.258528437405e+01 1.288878676969e+01 1.319683861351e+01 1.492708333488e+01 1.580450293578e+01 1.646194837487e+01 1.906326258155e+01 2.264215263408e+01 2.369952992590e+01
5.863053406489e-01 -1.428809459946e+01 -9.248711041035e+00 -9.127435659271e+00 -8.029687602202e+00 -7.053047441378e+00 -5.486656494388e+00 -4.268677129882e+00 -3.580027329261e+00 2.808029722696e+00 3.133264511750e+00 3.926407964197e+00 4.749665900673e+00 5.753912221524e+00 5.938825502200e+00 6.612229960594e+00 7.153245936765e+00 8.029732817126e+00 8.504731379616e+00 9.202153575245e+00 9.462824446322e+00 1.011001171404e+01 1.259076815129e+01 1.284998663562e+01 1.319748108327e+01 1.491326222578e+01 1.581453222300e+01 1.642657584399e+01 1.907282698871e+01 2.264623735792e+01 2.369961970299e+01
5.985200352458e-01 -1.428887952449e+01 -9.299424180352e+00 -9.141065577471e+00 -8.098203556481e+00 -7.053121194039e+00 -5.510022169301e+00 -4.259121345672e+00 -3.541139615037e+00 2.855339670783e+00 3.210861496881e+00 3.973742962108e+00 4.777222007847e+00 5.766297923438e+00 5.966829321297e+00 6.645568950651e+00 7.199274080997e+00 8.040025422850e+00 8.539033755304e+00 9.223660492415e+00 9.453425512044e+00 1.010091225088e+01 1.259588747975e+01 1.281135300603e+01 1.319890048719e+01 1.489946173109e+01 1.582451677442e+01 1.639115308773e+01 1.908199982189e+01 2.265033232299e+01 2.369970730805e+01
6.107347298427e-01 -1.428946005502e+01 -9.349252093589e+00 -9.154447777339e+00 -8.164623094441e+00 -7.053351710762e+00 -5.532410167634e+00 -4.249567384542e+00 -3.503079530075e+00 2.901651130768e+00 3.286827111617e+00 4.020589234698e+00 4.804717640152e+00 5.778352377261e+00 5.994411365574e+00 6.677852766906e+00 7.243659857163e+00 8.049904183155e+00 8.573119279698e+00 9.243965779297e+00 9.443967434743e+00 1.009254041592e+01 1.260061261804e+01 1.277293113335e+01 1.320112720264e+01 1.488570243480e+01 1.583444912386e+01 1.635573537195e+01 1.909076467599e+01 2.265443213463e+01 2.369979259562e+01
6.229494244395e-01 -1.428982367477e+01 -9.398188683317e+00 -9.167561869293e+00 -8.228956038718e+00 -7.053723999623e+00 -5.553852450380e+00 -4.240047706656e+00 -3.465956548252e+00 2.946918368709e+00 3.361093249741e+00 4.066921842967e+00 4.832254245107e+00 5.790090979507e+00 6.021546340789e+00 6.709100648535e+00 7.286353930300e+00 8.059361124104e+00 8.606869787619e+00 9.263004180855e+00 9.434474685646e+00 1.008500281916e+01 1.260491799016e+01 1.273476683506e+01 1.320418494333e+01 1.487200536272e+01 1.584432206965e+01 1.632038046630e+01 1.909910592587e+01 2.265853130625e+01 2.369987542482e+01
6.351641190364e-01 -1.428995783599e+01 -9.446229206649e+00 -9.180388144161e+00 -8.291212455790e+00 -7.054222964244e+00 -5.574380673677e+00 -4.230593846896e+00 -3.429874111533e+00 2.991097242874e+00 3.433583006741e+00 4.112712472024e+00 4.859937093664e+00 5.801529623691e+00 6.048204182537e+00 6.739326162322e+00 7.327308647932e+00 8.068388329285e+00 8.640168141955e+00 9.280718853353e+00 9.424974488957e+00 1.007840234140e+01 1.260878290262e+01 1.269690653009e+01 1.320808979509e+01 1.485839197094e+01 1.585412866195e+01 1.628514872392e+01 1.910700872594e+01 2.266262427080e+01 2.369995565932e+01
6.473788136332e-01 -1.428984999018e+01 -9.493370147347e+00 -9.192907595115e+00 -8.351402611736e+00 -7.054833486496e+00 -5.594025983435e+00 -4.221236349531e+00 -3.394929352666e+00 3.034145644570e+00 3.504211203434e+00 4.157929198288e+00 4.887874729239e+00 5.812685123728e+00 6.074350826850e+00 6.768536769037e+00 7.366477235907e+00 8.076978759752e+00 8.672898280200e+00 9.297064027681e+00 9.415497193902e+00 1.007283486655e+01 1.261219209704e+01 1.265939727163e+01 1.321284941006e+01 1.484488413460e+01 1.586386218756e+01 1.625010315392e+01 1.911445900873e+01 2.266670539301e+01 2.370003316757e+01
6.595935082301e-01 -1.428948762052e+01 -9.539609094795e+00 -9.205101935844e+00 -8.409536934586e+00 -7.055540500662e+00 -5.612818856642e+00 -4.212004698429e+00 -3.361212843241e+00 3.076023872227e+00 3.572885215708e+00 4.202536366402e+00 4.916178092086e+00 5.823575423405e+00 6.099948870050e+00 6.796733716407e+00 7.403813058768e+00 8.085127210099e+00 8.704945063685e+00 9.312007867840e+00 9.406076724190e+00 1.006838573083e+01 1.261513609265e+01 1.262228677503e+01 1.321846240769e+01 1.483150413758e+01 1.587351615253e+01 1.621530948367e+01 1.912144348260e+01 2.267076898220e+01 2.370010782275e+01
6.718082028269e-01 -1.428885827632e+01 -9.584944628829e+00 -9.216953615191e+00 -8.465625982511e+00 -7.056329059475e+00 -5.630788979181e+00 -4.202927244696e+00 -3.328808380782e+00 3.116694927776e+00 3.639506199360e+00 4.246494586403e+00 4.944959237116e+00 5.834219620832e+00 6.124958133838e+00 6.823912207178e+00 7.439268931977e+00 8.092831403874e+00 8.736193929909e+00 9.325535276764e+00 9.396751117280e+00 1.006512612985e+01 1.258562343977e+01 1.261761128884e+01 1.322491801604e+01 1.481827466408e+01 1.588308426256e+01 1.618083620728e+01 1.912794962864e+01 2.267480930588e+01 2.370017950294e+01
6.840228974238e-01 -1.428794960919e+01 -9.629376209561e+00 -9.228445828501e+00 -8.519680417244e+00 -7.057184392531e+00 -5.647965152407e+00 -4.194031133399e+00 -3.297792824156e+00 3.156124728279e+00 3.703970793186e+00 4.289760857585e+00 4.974329566913e+00 5.844637831783e+00 6.149336150238e+00 6.850061794996e+00 7.472796483260e+00 8.100093220758e+00 8.766530352137e+00 9.337650327247e+00 9.387563162910e+00 1.006310980241e+01 1.254945636389e+01 1.261961981797e+01 1.323219596742e+01 1.480521879283e+01 1.589256040147e+01 1.614675461614e+01 1.913396569680e+01 2.267882060380e+01 2.370024809113e+01
6.962375920206e-01 -1.428674941101e+01 -9.672904071487e+00 -9.239562525951e+00 -8.571710982190e+00 -7.058091957606e+00 -5.664375222521e+00 -4.185342230945e+00 -3.268235983029e+00 3.194282230010e+00 3.766173364123e+00 4.332288821142e+00 5.004397519310e+00 5.854850912073e+00 6.173038579830e+00 6.875166964995e+00 7.504345574094e+00 8.106920031373e+00 8.795839118383e+00 9.348377959415e+00 9.378561142382e+00 1.006237035084e+01 1.251383534936e+01 1.262116916055e+01 1.324026664156e+01 1.479235999519e+01 1.590193860790e+01 1.611313880646e+01 1.913948070150e+01 2.268279710264e+01 2.370031347524e+01
7.084522866175e-01 -1.428524565362e+01 -9.715529121264e+00 -9.250288418135e+00 -8.621728484748e+00 -7.059037485426e+00 -5.680046028062e+00 -4.176885054485e+00 -3.240200564189e+00 3.231139466429e+00 3.826008820876e+00 4.374029139331e+00 5.035265685021e+00 5.864880056167e+00 6.196019575757e+00 6.899207860080e+00 7.533863810961e+00 8.113326092451e+00 8.824003458041e+00 9.357764610303e+00 9.369799653396e+00 1.006291953980e+01 1.247881089667e+01 1.262227155414e+01 1.324909143124e+01 1.477972213786e+01 1.591121305044e+01 1.608006565828e+01 1.914448441669e+01 2.268673303102e+01 2.370037554824e+01
7.206669812143e-01 -1.428342653003e+01 -9.757252838718e+00 -9.260608979184e+00 -8.669743782393e+00 -7.060007018466e+00 -5.695003361841e+00 -4.168682704614e+00 -3.213742175181e+00 3.266671505446e+00 3.883375964233e+00 4.414929994776e+00 5.067027388055e+00 5.874746286994e+00 6.218232105228e+00 6.922161118084e+00 7.561296200153e+00 8.119333924662e+00 8.850904074823e+00 9.361340473898e+00 9.365877536185e+00 1.006474682767e+01 1.244443418660e+01 1.262294324280e+01 1.325862329094e+01 1.476732949158e+01 1.592037800139e+01 1.604761477939e+01 1.914896737056e+01 2.269062263492e+01 2.370043420809e+01
7.328816758112e-01 -1.428128049725e+01 -9.798077180742e+00 -9.270510447719e+00 -8.715767772084e+00 -7.060986944338e+00 -5.709271944378e+00 -4.160756802459e+00 -3.188909383888e+00 3.300856334739e+00 3.938181264556e+00 4.454937699703e+00 5.099762838704e+00 5.884469850326e+00 6.239628239715e+00 6.944000789052e+00 7.586585028940e+00 8.124975558882e+00 8.876418197761e+00 9.353253364261e+00 9.372802744579e+00 1.006782023720e+01 1.241075704718e+01 1.262320362215e+01 1.326880742190e+01 1.475520674617e+01 1.592942780946e+01 1.601586840705e+01 1.915292083992e+01 2.269446019342e+01 2.370048935782e+01
7.450963704080e-01 -1.427879632049e+01 -9.838004487849e+00 -9.279979825901e+00 -8.759811382580e+00 -7.061964024325e+00 -5.722875406467e+00 -4.153127432117e+00 -3.165743831264e+00 3.333674686463e+00 3.990342867351e+00 4.493997401526e+00 5.133535057967e+00 5.894069526076e+00 6.260159424681e+00 6.964699305943e+00 7.609670087120e+00 8.130293497350e+00 8.900418847931e+00 9.345616620079e+00 9.378641639804e+00 1.007208849315e+01 1.237783190345e+01 1.262307433739e+01 1.327958204596e+01 1.474337903264e+01 1.593835687156e+01 1.598491125972e+01 1.915633684440e+01 2.269824003456e+01 2.370054090551e+01
7.573110650049e-01 -1.427596311864e+01 -9.877037393294e+00 -9.289004876869e+00 -8.801885569239e+00 -7.062925417587e+00 -5.735836278932e+00 -4.145813089252e+00 -3.144280393412e+00 3.365109814357e+00 4.039794541364e+00 4.532053868184e+00 5.168385858360e+00 5.903561868604e+00 6.279776739513e+00 6.984228485764e+00 7.630489369718e+00 8.135341201507e+00 8.922774645989e+00 9.338517059405e+00 9.383506660712e+00 1.007748418882e+01 1.234571170772e+01 1.262257838733e+01 1.329087922623e+01 1.473187195202e+01 1.594715960401e+01 1.595483033057e+01 1.915920814056e+01 2.270195655135e+01 2.370058876434e+01
7.695257596017e-01 -1.427277041098e+01 -9.915178734707e+00 -9.297574120829e+00 -8.842001310869e+00 -7.063858701570e+00 -5.748175987988e+00 -4.138830636535e+00 -3.124547388453e+00 3.395147237067e+00 4.086489221374e+00 4.569052334092e+00 5.204332228107e+00 5.912960388445e+00 6.298431158373e+00 7.002560541661e+00 7.648980412822e+00 8.140182900430e+00 8.943350652467e+00 9.332048960440e+00 9.387516311916e+00 1.008392762698e+01 1.231444984775e+01 1.262173927938e+01 1.330262570150e+01 1.472071160999e+01 1.592571461433e+01 1.595583041329e+01 1.916152821607e+01 2.270560421778e+01 2.370063285251e+01
7.817404541986e-01 -1.426920816496e+01 -9.952431468313e+00 -9.305676830041e+00 -8.880169608227e+00 -7.064751889093e+00 -5.759914854887e+00 -4.132195266434e+00 -3.106566823193e+00 3.423774461402e+00 4.130401781566e+00 4.604939385231e+00 5.241363481642e+00 5.922274689016e+00 6.316073822866e+00 7.019669089593e+00 7.665082394531e+00 8.144892529441e+00 8.962010907921e+00 9.326311289715e+00 9.390790037312e+00 1.009133093762e+01 1.228410003035e+01 1.262058026942e+01 1.331474371381e+01 1.470992465497e+01 1.589765475916e+01 1.596436366676e+01 1.916329128389e+01 2.270917760481e+01 2.370067309335e+01
7.939551487955e-01 -1.426526684489e+01 -9.988798585850e+00 -9.313303022968e+00 -8.916401483739e+00 -7.065593442562e+00 -5.771072098736e+00 -4.125920471768e+00 -3.090354674320e+00 3.450980698476e+00 4.171530720687e+00 4.639663860010e+00 5.279439493801e+00 5.931509573459e+00 6.332656337795e+00 7.035530135973e+00 7.678739065017e+00 8.149551675351e+00 8.978623435496e+00 9.321402464673e+00 9.393443356800e+00 1.009960210372e+01 1.225471613790e+01 1.261912370952e+01 1.332715181995e+01 1.469953831622e+01 1.587074263614e+01 1.597275366343e+01 1.916449227683e+01 2.271267139611e+01 2.370070941520e+01
8.061698433923e-01 -1.426093746147e+01 -1.002428303433e+01 -9.320443457797e+00 -8.950707982062e+00 -7.066372285768e+00 -5.781665841560e+00 -4.120018024293e+00 -3.075921198741e+00 3.476756584324e+00 4.209898548008e+00 4.673177740846e+00 5.318490226717e+00 5.940664138964e+00 6.348131101817e+00 7.050123034987e+00 7.689902443547e+00 8.154246533924e+00 8.993068317702e+00 9.317412044644e+00 9.395583602790e+00 1.010864860727e+01 1.222635205530e+01 1.261739051576e+01 1.333976568904e+01 1.468958043634e+01 1.584507081988e+01 1.598099460505e+01 1.916512684223e+01 2.271608040366e+01 2.370074175145e+01
8.183845379892e-01 -1.425621162192e+01 -1.005888763885e+01 -9.327089625559e+00 -8.983100171107e+00 -7.067077813634e+00 -5.791713114824e+00 -4.114497961450e+00 -3.063271267680e+00 3.501093914882e+00 4.245550812681e+00 4.705437010275e+00 5.358416604206e+00 5.949730878162e+00 6.362451685567e+00 7.063431406298e+00 7.698537043291e+00 8.159064069249e+00 9.005248848334e+00 9.314409354548e+00 9.397306480349e+00 1.011838051291e+01 1.219906146549e+01 1.261539975970e+01 1.335249889664e+01 1.468007949086e+01 1.582073197618e+01 1.598908056792e+01 1.916519133721e+01 2.271939958294e+01 2.370077004056e+01
8.305992325860e-01 -1.425108158071e+01 -1.009261502863e+01 -9.333233743038e+00 -9.013589143200e+00 -7.067699900301e+00 -5.801229866726e+00 -4.109368581322e+00 -3.052404719242e+00 3.523985403272e+00 4.278553886840e+00 4.736402444783e+00 5.399092619596e+00 5.958694809432e+00 6.375573270759e+00 7.075444005340e+00 7.704624192064e+00 8.164087768468e+00 9.015104577835e+00 9.312430227693e+00 9.398693560265e+00 1.012871290995e+01 1.217289761157e+01 1.261316838043e+01 1.336526373155e+01 1.467106458553e+01 1.579781815510e+01 1.599700547536e+01 1.916468282433e+01 2.272262404775e+01 2.370079422594e+01
8.428139271829e-01 -1.424554029055e+01 -1.012546756654e+01 -9.338868745666e+00 -9.042186016080e+00 -7.068228905898e+00 -5.810230969700e+00 -4.104636445736e+00 -3.043316724268e+00 3.545424465369e+00 4.308991758034e+00 4.766040319894e+00 5.440368416042e+00 5.967532659689e+00 6.387453165079e+00 7.086155539610e+00 7.708165870509e+00 8.169393546064e+00 9.022623576442e+00 9.311464547391e+00 9.399810716374e+00 1.013956771679e+01 1.214791302466e+01 1.261071100930e+01 1.337797203432e+01 1.466256541973e+01 1.577641999189e+01 1.600476307136e+01 1.916359906777e+01 2.272574908452e+01 2.370081425602e+01
8.550286217797e-01 -1.423958145367e+01 -1.015744728220e+01 -9.343988280553e+00 -9.068901933502e+00 -7.068655682299e+00 -5.818730227611e+00 -4.100306391334e+00 -3.035998160510e+00 3.565405037701e+00 4.336962180019e+00 4.794323001474e+00 5.482073982648e+00 5.976212124203e+00 6.398051409405e+00 7.095567425019e+00 7.709187458102e+00 8.175046398978e+00 9.027850232411e+00 9.311448273466e+00 9.400707446034e+00 1.015087490830e+01 1.212415921717e+01 1.260803989662e+01 1.339053608558e+01 1.465461220357e+01 1.575662582208e+01 1.601234689535e+01 1.916193853027e+01 2.272877016605e+01 2.370083008419e+01
8.672433163766e-01 -1.423319957307e+01 -1.018855580889e+01 -9.348586699820e+00 -9.093748065254e+00 -7.068971578167e+00 -5.826740382221e+00 -4.096381548382e+00 -3.030435990380e+00 3.583921430012e+00 4.362572558986e+00 4.821229401027e+00 5.524023078087e+00 5.984691227976e+00 6.407331496249e+00 7.103688476603e+00 7.707738903443e+00 8.181098303839e+00 9.030885378002e+00 9.312263163593e+00 9.401416966567e+00 1.016257325668e+01 1.210168634232e+01 1.260516492827e+01 1.340286955931e+01 1.464723551514e+01 1.573852072269e+01 1.601975025859e+01 1.915970037066e+01 2.273168296460e+01 2.370084166876e+01
8.794580109734e-01 -1.422639000369e+01 -1.021879432447e+01 -9.352659054354e+00 -9.116735606479e+00 -7.069168443562e+00 -5.834273118553e+00 -4.092863367016e+00 -3.026613637756e+00 3.600968213264e+00 4.385935919972e+00 4.846745277062e+00 5.566017020969e+00 5.992917812109e+00 6.415261221697e+00 7.110535527475e+00 7.703894102042e+00 8.187587595746e+00 9.031877787339e+00 9.313745147054e+00 9.401956957055e+00 1.017461068522e+01 1.208054282183e+01 1.260209371947e+01 1.341488854959e+01 1.464046608548e+01 1.572218549639e+01 1.602696622202e+01 1.915688444220e+01 2.273448336431e+01 2.370084897296e+01
8.916727055703e-01 -1.421914900325e+01 -1.024816349622e+01 -9.356201088117e+00 -9.137875776222e+00 -7.069238634363e+00 -5.841339068807e+00 -4.089751650528e+00 -3.024511359617e+00 3.616540142588e+00 4.407167223352e+00 4.870863370345e+00 5.607848054100e+00 6.000829166498e+00 6.421813697900e+00 7.116133968813e+00 7.697748593646e+00 8.194539751555e+00 9.031009086621e+00 9.315699311281e+00 9.402330808702e+00 1.018694432871e+01 1.206077494561e+01 1.259883177354e+01 1.342651267108e+01 1.463433450131e+01 1.570769562122e+01 1.603398757613e+01 1.915349129176e+01 2.273716747279e+01 2.370085196489e+01
9.038874001671e-01 -1.421147378252e+01 -1.027666342989e+01 -9.359209233107e+00 -9.157179815227e+00 -7.069175016726e+00 -5.847947814570e+00 -4.087044595298e+00 -3.024106608603e+00 3.630632113681e+00 4.426380207555e+00 4.893583367781e+00 5.649302074196e+00 6.008351827471e+00 6.426968559983e+00 7.120518201790e+00 7.689415976316e+00 8.201969224368e+00 9.028476125802e+00 9.317917451840e+00 9.402529252515e+00 1.019954038100e+01 1.204242644829e+01 1.259538269375e+01 1.343766622279e+01 1.462887081981e+01 1.569512019316e+01 1.604080682264e+01 1.914952215972e+01 2.273973163197e+01 2.370085061752e+01
9.161020947640e-01 -1.420336255504e+01 -1.030429362288e+01 -9.361680605054e+00 -9.174658983030e+00 -7.068970971821e+00 -5.854107887046e+00 -4.084738836905e+00 -3.025374382905e+00 3.643239150350e+00 4.443684842159e+00 4.914911697326e+00 5.690160597898e+00 6.015401556168e+00 6.430713410892e+00 7.123731989472e+00 7.679023593692e+00 8.209881822059e+00 9.024474889023e+00 9.320194107462e+00 9.402532245883e+00 1.021237379318e+01 1.202553806987e+01 1.259174843757e+01 1.344827939305e+01 1.462410409648e+01 1.568452089314e+01 1.604741615850e+01 1.914497898090e+01 2.274217242796e+01 2.370084490861e+01
9.283167893608e-01 -1.419481458578e+01 -1.033105292156e+01 -9.363612999935e+00 -9.190324554462e+00 -7.068620401039e+00 -5.859826765103e+00 -4.082829501923e+00 -3.028287560248e+00 3.654356420365e+00 4.459185399593e+00 4.934861164103e+00 5.730201894268e+00 6.021883511064e+00 6.433045560853e+00 7.125828692966e+00 7.666708061051e+00 8.218277115224e+00 9.019188501030e+00 9.322338520795e+00 9.402311016327e+00 1.022542786923e+01 1.201014710899e+01 1.258792960322e+01 1.345828947164e+01 1.462006183504e+01 1.567595101241e+01 1.605380746209e+01 1.913986438620e+01 2.274448670010e+01 2.370083482076e+01
9.405314839577e-01 -1.418583023870e+01 -1.035693948281e+01 -9.365004891351e+00 -9.204187815729e+00 -7.068117731862e+00 -5.865110870948e+00 -4.081310264901e+00 -3.032817213128e+00 3.663979276443e+00 4.472979099847e+00 4.953450445124e+00 5.769201246811e+00 6.027692626768e+00 6.433974135506e+00 7.126871371409e+00 7.652611087475e+00 8.227150467073e+00 9.012780006876e+00 9.324181844802e+00 9.401830178831e+00 1.023869379106e+01 1.199628697939e+01 1.258392573942e+01 1.346764202379e+01 1.461676937773e+01 1.566945457102e+01 1.605997228191e+01 1.913418170522e+01 2.274667154900e+01 2.370082034129e+01
9.527461785545e-01 -1.417641102301e+01 -1.038195073973e+01 -9.365855428823e+00 -9.216260060278e+00 -7.067457924585e+00 -5.869965563267e+00 -4.080173409992e+00 -3.038932902837e+00 3.672103318956e+00 4.485155251085e+00 4.970703465973e+00 5.806930314925e+00 6.032714211298e+00 6.433522647809e+00 7.126932720102e+00 7.636875886842e+00 8.236494438840e+00 9.005389271018e+00 9.325580245225e+00 9.401049861033e+00 1.025217009259e+01 1.198398678123e+01 1.257973566985e+01 1.347629197203e+01 1.461424926341e+01 1.566506556292e+01 1.606590182785e+01 1.912793496971e+01 2.274872434361e+01 2.370080146231e+01
9.649608731514e-01 -1.416655963765e+01 -1.040608337143e+01 -9.366164437029e+00 -9.226552584650e+00 -7.066636480063e+00 -5.874395127707e+00 -4.079409896712e+00 -3.046602950209e+00 3.678724476956e+00 4.495794795919e+00 4.986648687055e+00 5.843155552631e+00 6.036824775569e+00 6.431732150750e+00 7.126094815783e+00 7.619644306691e+00 8.246299482964e+00 8.997132792130e+00 9.326415099076e+00 9.399927787135e+00 1.026586209359e+01 1.197327090029e+01 1.257535782473e+01 1.348420452696e+01 1.461252058859e+01 1.566280735741e+01 1.607158696512e+01 1.912112891774e+01 2.275064272729e+01 2.370077818062e+01
9.771755677482e-01 -1.415628001390e+01 -1.042933327709e+01 -9.365932415991e+00 -9.235076684618e+00 -7.065649448634e+00 -5.878402764582e+00 -4.079009429272e+00 -3.055794681446e+00 3.683839104126e+00 4.504970173254e+00 5.001318329133e+00 5.877635625393e+00 6.039893111092e+00 6.428665102038e+00 7.124448633504e+00 7.601054676270e+00 8.256553957975e+00 8.988105246351e+00 9.326591472550e+00 9.398421285945e+00 1.027978129732e+01 1.196415864839e+01 1.257079057210e+01 1.349135590794e+01 1.461159841149e+01 1.566269228142e+01 1.607701821100e+01 1.911376899882e+01 2.275242462283e+01 2.370075049772e+01
9.845908458231e-01 -1.417194288049e+01 -1.039361799810e+01 -9.365569943514e+00 -9.226531453037e+00 -7.063433600312e+00 -5.874587626938e+00 -4.073726644154e+00 -3.052204646017e+00 3.676959132965e+00 4.509982651072e+00 4.982442630523e+00 5.843452337349e+00 6.033486064153e+00 6.425972669554e+00 7.128007953107e+00 7.591981572538e+00 8.246693368632e+00 9.000525110835e+00 9.327977758644e+00 9.411537684431e+00 1.027569783312e+01 1.196366667148e+01 1.256224101800e+01 1.349629339019e+01 1.461100234688e+01 1.566317030579e+01 1.606644581686e+01 1.912729945376e+01 2.274937526545e+01 2.370065863795e+01
9.920061238979e-01 -1.418769134090e+01 -1.035753594962e+01 -9.365178528796e+00 -9.217172008445e+00 -7.061201151637e+00 -5.870576245744e+00 -4.068012821920e+00 -3.048574353984e+00 3.669613868801e+00 4.514494859008e+00 4.963195844626e+00 5.807863271742e+00 6.027028235925e+00 6.423011463014e+00 7.131538104834e+00 7.582811484547e+00 8.237161023153e+00 9.013085782643e+00 9.329407220283e+00 9.424488169130e+00 1.027150507410e+01 1.196328132035e+01 1.255359348515e+01 1.350118835562e+01 1.461043219716e+01 1.566374523485e+01 1.605573483725e+01 1.914102090144e+01 2.274624094378e+01 2.370056495983e+01
9.994214019727e-01 -1.420348835683e+01 -1.032121655328e+01 -9.364758597863e+00 -9.206936066006e+00 -7.058957451108e+00 -5.866370440086e+00 -4.061833660169e+00 -3.044915640733e+00 3.661793552857e+00 4.518384268030e+00 4.943631933833e+00 5.770958244618e+00 6.020537580425e+00 6.419778729226e+00 7.135026432412e+00 7.573561041396e+00 8.227960898560e+00 9.025746497095e+00 9.330891641308e+00 9.437256942925e+00 1.026721843325e+01 1.196299814839e+01 1.254485862027e+01 1.350603641158e+01 1.460988832072e+01 1.566441567564e+01 1.604490974462e+01 1.915490466720e+01 2.274302688895e+01 2.370046959066e+01
1.006836680048e+00 -1.421929850294e+01 -1.028479415858e+01 -9.364310590265e+00 -9.195756982782e+00 -7.056707748778e+00 -5.861972583597e+00 -4.055152770047e+00 -3.041240840610e+00 3.653489208531e+00 4.521506530839e+00 4.923806034293e+00 5.732849435496e+00 6.014030455213e+00 6.416272121472e+00 7.138461197971e+00 7.564246953014e+00 8.219094065396e+00 9.038464630669e+00 9.332444759972e+00 9.449829467608e+00 1.026285348611e+01 1.196281260698e+01 1.253604704481e+01 1.351083346233e+01 1.460937106598e+01 1.566518019249e+01 1.603399458586e+01 1.916892228335e+01 2.273973852419e+01 2.370037265983e+01
1.014251958122e+00 -1.423508796435e+01 -1.024840767155e+01 -9.363834959327e+00 -9.183564272526e+00 -7.054457171163e+00 -5.857385643997e+00 -4.047931570083e+00 -3.037562781408e+00 3.644692887240e+00 4.523691076738e+00 4.903774171250e+00 5.693675850440e+00 6.007521675751e+00 6.412489639382e+00 7.141831579828e+00 7.554885848885e+00 8.210559029775e+00 9.051195473153e+00 9.334082547512e+00 9.462192342928e+00 1.025842591980e+01 1.196272006494e+01 1.252716936433e+01 1.351557569592e+01 1.460888077149e+01 1.566603731001e+01 1.602301293231e+01 1.918304553733e+01 2.273638146099e+01 2.370027429867e+01
1.021667236197e+00 -1.425082452108e+01 -1.021219987745e+01 -9.363332172337e+00 -9.170284446929e+00 -7.052210697167e+00 -5.852613221101e+00 -4.040129175758e+00 -3.033894776526e+00 3.635397941134e+00 4.524735978358e+00 4.883592947270e+00 5.653608473509e+00 6.001024588051e+00 6.408429593329e+00 7.145127657898e+00 7.545494125998e+00 8.202352068349e+00 9.063891975520e+00 9.335823505908e+00 9.474333202222e+00 1.025395148222e+01 1.196271582706e+01 1.251823617723e+01 1.352025957110e+01 1.460841776604e+01 1.566698551605e+01 1.601198783617e+01 1.919724651419e+01 2.273296149465e+01 2.370017464026e+01
1.029082514272e+00 -1.426647752181e+01 -1.017631638544e+01 -9.362802710703e+00 -9.155842252952e+00 -7.049973135238e+00 -5.847659582930e+00 -4.031702285839e+00 -3.030250614368e+00 3.625599321605e+00 4.524402169279e+00 4.863319205962e+00 5.612856035276e+00 5.994551154704e+00 6.404090589375e+00 7.148340389197e+00 7.536087809399e+00 8.194467551913e+00 9.076504487927e+00 9.337688970711e+00 9.486240622759e+00 1.024944593180e+01 1.196279515184e+01 1.250925808279e+01 1.352488180431e+01 1.460798236884e+01 1.566802326480e+01 1.600094179319e+01 1.921149763376e+01 2.272948459934e+01 2.370007381925e+01
1.036497792347e+00 -1.428201784901e+01 -1.014090413166e+01 -9.362247070043e+00 -9.140162366926e+00 -7.047749101937e+00 -5.842529699564e+00 -4.022605066950e+00 -3.026644544548e+00 3.615293901301e+00 4.522407283570e+00 4.843009674481e+00 5.571671135154e+00 5.988112049951e+00 6.399471531277e+00 7.151461575656e+00 7.526682427815e+00 8.186898253794e+00 9.088980513031e+00 9.339703394087e+00 9.497904049117e+00 1.024492498774e+01 1.196295326826e+01 1.250024568838e+01 1.352943935672e+01 1.460757488975e+01 1.566914897988e+01 1.598989671107e+01 1.922577168315e+01 2.272595692241e+01 2.369997197171e+01
1.043913070422e+00 -1.429741787738e+01 -1.010610939949e+01 -9.361665760222e+00 -9.123171584095e+00 -7.045543002147e+00 -5.837229274335e+00 -4.012789038307e+00 -3.023091260416e+00 3.604480816094e+00 4.518419712687e+00 4.822720588944e+00 5.530356129750e+00 5.981716760035e+00 6.394571636560e+00 7.154483826201e+00 7.517292905876e+00 8.179635639870e+00 9.101264515185e+00 9.341894567880e+00 9.509313728105e+00 1.024040428096e+01 1.196318539140e+01 1.249120961564e+01 1.353392942162e+01 1.460719562955e+01 1.567036105740e+01 1.597887388310e+01 1.924004184487e+01 2.272238477806e+01 2.369986923491e+01
1.051328348497e+00 -1.431265142727e+01 -1.007207535400e+01 -9.361059305330e+00 -9.104801504102e+00 -7.043359011055e+00 -5.831764772012e+00 -4.002202959169e+00 -3.019605877377e+00 3.593161821979e+00 4.512053970551e+00 4.802507307833e+00 5.489267704057e+00 5.975373685679e+00 6.389390464121e+00 7.157400514788e+00 7.507933473582e+00 8.172670137787e+00 9.113297846465e+00 9.344293726115e+00 9.520460653912e+00 1.023589930577e+01 1.196348673723e+01 1.248216050562e+01 1.353834941195e+01 1.460684488024e+01 1.567165786912e+01 1.596789396679e+01 1.925428172137e+01 2.271877464035e+01 2.369976574713e+01
1.058743626571e+00 -1.432769371431e+01 -1.003893914212e+01 -9.360428243595e+00 -9.084991657894e+00 -7.041201058103e+00 -5.826143443588e+00 -3.990792722294e+00 -3.016203906456e+00 3.581341660389e+00 4.502869121608e+00 4.782423919431e+00 5.448818378289e+00 5.969090244094e+00 6.383927951216e+00 7.160205735856e+00 7.498617592912e+00 8.165991383746e+00 9.125018875004e+00 9.346935441853e+00 9.531336522317e+00 1.023142537253e+01 1.196385253610e+01 1.247310902270e+01 1.354269694816e+01 1.460652292539e+01 1.567303776558e+01 1.595697696681e+01 1.926846535620e+01 2.271513313535e+01 2.369966164751e+01
1.066158904646e+00 -1.434252129668e+01 -1.000682867877e+01 -9.359773127231e+00 -9.063692953191e+00 -7.039072813009e+00 -5.820373347307e+00 -3.978501257614e+00 -3.012901222554e+00 3.569028423960e+00 4.490372744529e+00 4.762522850368e+00 5.409472485417e+00 5.962872968493e+00 6.378184458043e+00 7.162894258387e+00 7.489357900814e+00 8.159588445983e+00 9.136363426309e+00 9.349857208118e+00 9.541933692900e+00 1.022699756119e+01 1.196427804528e+01 1.246406585729e+01 1.354696984642e+01 1.460623004050e+01 1.567449907923e+01 1.594614222201e+01 1.928256725240e+01 2.271146703250e+01 2.369955707583e+01
1.073574182721e+00 -1.435711202083e+01 -9.975859311207e+00 -9.359094522222e+00 -9.040871242841e+00 -7.036977673989e+00 -5.814463365582e+00 -3.965268451474e+00 -3.009714026783e+00 3.556233913419e+00 4.474033349693e+00 4.742854483202e+00 5.371733709280e+00 5.956727603541e+00 6.372160818433e+00 7.165461479586e+00 7.480166167359e+00 8.153450024752e+00 9.147265665910e+00 9.353098574944e+00 9.552245158304e+00 1.022263067604e+01 1.196475856040e+01 1.245504172709e+01 1.355116610715e+01 1.460596649349e+01 1.567604012759e+01 1.593540839611e+01 1.929656238858e+01 2.270778323520e+01 2.369945217234e+01
1.080989460796e+00 -1.437144496659e+01 -9.946130617012e+00 -9.358393008030e+00 -9.016510757418e+00 -7.034918758252e+00 -5.808423217446e+00 -3.951031088192e+00 -3.006658802324e+00 3.542973975179e+00 4.453303749265e+00 4.723466791699e+00 5.336121693069e+00 5.950659195604e+00 6.365858395389e+00 7.167903378979e+00 7.471053267536e+00 8.147564629227e+00 9.157659547983e+00 9.356699718281e+00 9.562264519663e+00 1.021833920166e+01 1.196528942587e+01 1.244604737704e+01 1.355528390385e+01 1.460573254505e+01 1.567765921635e+01 1.592479347162e+01 1.931042623296e+01 2.270408877041e+01 2.369934707755e+01
1.088404738871e+00 -1.438550039236e+01 -9.917723626180e+00 -9.357669177244e+00 -8.990617107496e+00 -7.032898894830e+00 -5.802263466221e+00 -3.935722822392e+00 -3.003752263216e+00 3.529268808478e+00 4.427655896743e+00 4.704405002811e+00 5.303137210885e+00 5.944672177063e+00 6.359279140469e+00 7.170216473559e+00 7.462029164954e+00 8.141920732208e+00 9.167480910758e+00 9.360699360354e+00 9.571985967379e+00 1.021413726035e+01 1.196586604421e+01 1.243709357759e+01 1.355932157238e+01 1.460552844920e+01 1.567935464253e+01 1.591431474662e+01 1.932413475600e+01 2.270039077739e+01 2.369924193206e+01
1.095820016946e+00 -1.439925968078e+01 -9.890698751428e+00 -9.356923635148e+00 -8.963219567285e+00 -7.030920619755e+00 -5.795995522068e+00 -3.919274192723e+00 -3.001011295553e+00 3.515143230561e+00 4.396623926762e+00 4.685711294374e+00 5.273219182675e+00 5.938770444198e+00 6.352425656128e+00 7.172397774483e+00 7.453102905721e+00 8.136506903882e+00 9.176670198143e+00 9.365132062378e+00 9.581404266430e+00 1.021003857106e+01 1.196648388452e+01 1.242819112160e+01 1.356327760051e+01 1.460535445372e+01 1.568112469750e+01 1.590398883419e+01 1.933766444172e+01 2.269669649551e+01 2.369913687636e+01
1.103235295020e+00 -1.441270528563e+01 -9.865094654326e+00 -9.356156999230e+00 -8.934372407016e+00 -7.028986173604e+00 -5.789631639132e+00 -3.901612690177e+00 -2.998452890602e+00 3.500626888683e+00 4.359847559346e+00 4.667424537040e+00 5.246701381666e+00 5.932957428467e+00 6.345301260338e+00 7.174444745668e+00 7.444282620765e+00 8.131311926171e+00 9.185175625721e+00 9.370025071868e+00 9.590514745462e+00 1.020605641038e+01 1.196713848996e+01 1.241935081945e+01 1.356715061791e+01 1.460521080073e+01 1.568296767012e+01 1.589383166410e+01 1.935099229822e+01 2.269301325106e+01 2.369903205063e+01
1.110650573095e+00 -1.442582068000e+01 -9.840928174670e+00 -9.355369898611e+00 -8.904155141180e+00 -7.027097501365e+00 -5.783184907000e+00 -3.882662897527e+00 -2.996094069448e+00 3.485754408398e+00 4.317105190044e+00 4.649580088004e+00 5.223779529339e+00 5.927236161150e+00 6.337910052904e+00 7.176355264567e+00 7.435575535039e+00 8.126324889341e+00 9.192956416804e+00 9.375395099174e+00 9.599313288854e+00 1.020220357551e+01 1.196782548445e+01 1.241058349251e+01 1.357093938642e+01 1.460509772716e+01 1.568488184975e+01 1.588385848642e+01 1.936409586760e+01 2.268934844308e+01 2.369892759457e+01
1.118065851170e+00 -1.443859030612e+01 -9.818195324317e+00 -9.354562973412e+00 -8.872671685216e+00 -7.025256254565e+00 -5.776669236204e+00 -3.862346720436e+00 -2.993951798867e+00 3.470565468999e+00 4.268327468700e+00 4.632209642584e+00 5.204497996122e+00 5.921609331507e+00 6.330256983001e+00 7.178127585280e+00 7.426987982183e+00 8.121535272606e+00 9.199985578610e+00 9.381245553492e+00 9.607796330987e+00 1.019849234987e+01 1.196854057849e+01 1.240189996497e+01 1.357464279074e+01 1.460501546538e+01 1.568686552921e+01 1.587408387698e+01 1.937695323556e+01 2.268570952822e+01 2.369882364718e+01
1.125481129245e+00 -1.445099952717e+01 -9.796873221172e+00 -9.353736874049e+00 -8.840048538158e+00 -7.023463795599e+00 -5.770099337536e+00 -3.840583735974e+00 -2.992042898306e+00 3.455104798722e+00 4.213588214817e+00 4.615341147882e+00 5.188759286908e+00 5.916079338696e+00 6.322347917581e+00 7.179760304123e+00 7.418525423436e+00 8.116933010516e+00 9.206251656943e+00 9.387564800283e+00 9.615960851906e+00 1.019493447158e+01 1.196927957431e+01 1.239331105373e+01 1.357825982941e+01 1.460496424368e+01 1.568891700777e+01 1.586452174420e+01 1.938954304099e+01 2.268210400457e+01 2.369872034661e+01
1.132896407320e+00 -1.446303458096e+01 -9.776922739982e+00 -9.352892260464e+00 -8.806432207157e+00 -7.021721204128e+00 -5.763490694967e+00 -3.817291690664e+00 -2.990383937981e+00 3.439422084536e+00 4.153077055395e+00 4.598998780529e+00 5.176351961028e+00 5.910648337784e+00 6.314189710354e+00 7.181252327683e+00 7.410192469797e+00 8.112508546814e+00 9.211759057433e+00 9.394325852291e+00 9.623804373536e+00 1.019154110532e+01 1.197003837042e+01 1.238482755666e+01 1.358178960616e+01 1.460494428687e+01 1.569103459405e+01 1.585518533726e+01 1.940184448556e+01 2.267853939455e+01 2.369861782994e+01
1.140311685394e+00 -1.447468253577e+01 -9.758291601767e+00 -9.352029801287e+00 -8.771986144051e+00 -7.020029285439e+00 -5.756859531973e+00 -3.792387188447e+00 -2.988991128364e+00 3.423571793788e+00 4.087063049872e+00 4.583202988212e+00 5.166987769135e+00 5.905318280239e+00 6.305790271119e+00 7.182602843380e+00 7.401992906611e+00 8.108252877397e+00 9.216526828462e+00 9.401487599298e+00 9.631324955619e+00 1.018832281812e+01 1.197081296549e+01 1.237646023895e+01 1.358523132159e+01 1.460495581687e+01 1.569321660884e+01 1.584608725531e+01 1.941383734373e+01 2.267502322677e+01 2.369851623299e+01
1.147726963469e+00 -1.448593124836e+01 -9.740917617539e+00 -9.351150172944e+00 -8.736887469942e+00 -7.018388580621e+00 -5.750222771121e+00 -3.765786619378e+00 -2.987880201558e+00 3.407612907480e+00 4.015858856132e+00 4.567970592326e+00 5.160338515936e+00 5.900090949291e+00 6.297158635296e+00 7.183811292490e+00 7.393929719977e+00 8.104157583888e+00 9.220586154275e+00 9.408997328307e+00 9.638521190504e+00 1.018528955947e+01 1.197159946177e+01 1.236821981766e+01 1.358858426512e+01 1.460499905324e+01 1.569546138791e+01 1.583723945762e+01 1.942550197304e+01 2.267156301702e+01 2.369841569018e+01
1.155142241544e+00 -1.449676932412e+01 -9.724731836876e+00 -9.350254058696e+00 -8.701323728560e+00 -7.016799378394e+00 -5.743597986797e+00 -3.737407393377e+00 -2.987066285338e+00 3.391608567442e+00 3.939791902505e+00 4.553314946938e+00 5.156066268359e+00 5.894967990602e+00 6.288305033517e+00 7.184877345578e+00 7.386005124485e+00 8.100214859200e+00 9.223977066793e+00 9.416794025847e+00 9.645392195950e+00 1.018245064655e+01 1.197239406813e+01 1.236011694447e+01 1.359184780735e+01 1.460507421376e+01 1.569776728471e+01 1.582865327440e+01 1.943681932504e+01 2.266816624829e+01 2.369831633428e+01
1.162557519619e+00 -1.450718607941e+01 -9.709661412695e+00 -9.349342147630e+00 -8.665489848450e+00 -7.015261728422e+00 -5.737003350988e+00 -3.707169560720e+00 -2.986563770970e+00 3.375625641916e+00 3.859185120277e+00 4.539246147437e+00 5.153844468842e+00 5.889950938650e+00 6.279240961174e+00 7.185800880263e+00 7.378220591951e+00 8.096417526325e+00 9.226744964516e+00 9.424811874141e+00 9.651937605102e+00 1.017981475487e+01 1.197319310262e+01 1.235216218663e+01 1.359502139266e+01 1.460518151498e+01 1.570013267307e+01 1.582033941822e+01 1.944777095674e+01 2.266484034999e+01 2.369821829628e+01
1.169972797694e+00 -1.451717150605e+01 -9.695632063519e+00 -9.348415133586e+00 -8.629585424408e+00 -7.013775455946e+00 -5.730457572088e+00 -3.674997923512e+00 -2.986386176250e+00 3.359734216026e+00 3.774346904671e+00 4.525771280816e+00 5.153370440500e+00 5.885041239225e+00 6.269979247786e+00 7.186581961225e+00 7.370576880926e+00 8.092759051456e+00 9.228937434034e+00 9.432983445749e+00 9.658157552894e+00 1.017738991495e+01 1.197399299487e+01 1.234436600620e+01 1.359810453205e+01 1.460532117279e+01 1.570255594973e+01 1.581230799588e+01 1.945833904277e+01 2.266159267636e+01 2.369812170519e+01
1.177388075769e+00 -1.452671623793e+01 -9.682570079915e+00 -9.347473714047e+00 -8.593812363951e+00 -7.012340177531e+00 -5.723979826743e+00 -3.640824771597e+00 -2.986546005525e+00 3.344007015196e+00 3.685568612140e+00 4.512894708644e+00 5.154371186787e+00 5.880240268428e+00 6.260534126027e+00 7.187220822355e+00 7.363074066798e+00 8.089233552395e+00 9.230601680354e+00 9.441242290560e+00 9.664052658161e+00 1.017518351558e+01 1.197479028820e+01 1.233673873757e+01 1.360109679644e+01 1.460549340289e+01 1.570503553689e+01 1.580456852063e+01 1.946850638815e+01 2.265843048417e+01 2.369802668786e+01
1.184803353843e+00 -1.453581151969e+01 -9.670403874157e+00 -9.346518588974e+00 -8.558372893439e+00 -7.010955317771e+00 -5.717589684804e+00 -3.604593414108e+00 -2.987054608863e+00 3.328518770765e+00 3.593127716534e+00 4.500618373414e+00 5.156604649582e+00 5.875549348533e+00 6.250921300130e+00 7.187717850949e+00 7.355711572407e+00 8.085835803090e+00 9.231782675133e+00 9.449524806101e+00 9.669624000932e+00 1.017320231370e+01 1.197558164159e+01 1.232929056340e+01 1.360399781005e+01 1.460569842136e+01 1.570756988459e+01 1.579712992453e+01 1.947825644178e+01 2.265536090984e+01 2.369793336882e+01
1.192218631918e+00 -1.454444917742e+01 -9.659065108492e+00 -9.345550459603e+00 -8.523467883851e+00 -7.009620126745e+00 -5.711307027528e+00 -3.566262726196e+00 -2.987922042810e+00 3.313345537872e+00 3.497295183521e+00 4.488942119059e+00 5.159858256635e+00 5.870969761017e+00 6.241158013281e+00 7.188073573841e+00 7.348488199092e+00 8.082561235002e+00 9.232521984270e+00 9.457771429699e+00 9.674873094467e+00 1.017145245145e+01 1.197636383158e+01 1.232203148910e+01 1.360680724420e+01 1.460593644513e+01 1.571015747311e+01 1.579000057101e+01 1.948757331048e+01 2.265239094602e+01 2.369784187010e+01
1.199633909993e+00 -1.455262159129e+01 -9.648489458293e+00 -9.344570027204e+00 -8.489295437530e+00 -7.008333698058e+00 -5.705151959247e+00 -3.525812991334e+00 -2.989156935497e+00 3.298563976170e+00 3.398346271466e+00 4.477864016974e+00 5.163946080700e+00 5.866502757096e+00 6.231263113374e+00 7.188288645376e+00 7.341402158121e+00 8.079405935914e+00 9.232857155254e+00 9.465927272116e+00 9.679801851839e+00 1.016993948009e+01 1.197713375414e+01 1.231497131587e+01 1.360952481133e+01 1.460620769240e+01 1.571279681518e+01 1.578318826738e+01 1.949644177374e+01 2.264952741777e+01 2.369775231105e+01
1.207049188068e+00 -1.456032167011e+01 -9.638617074909e+00 -9.343577991805e+00 -8.456049671459e+00 -7.007094987283e+00 -5.699144712788e+00 -3.483253393868e+00 -2.990766359120e+00 3.284250604169e+00 3.296574621328e+00 4.467380689764e+00 5.168705465170e+00 5.862149565993e+00 6.221257116224e+00 7.188363837117e+00 7.334451102472e+00 8.076366646669e+00 9.232821519166e+00 9.473942337653e+00 9.684412547062e+00 1.016866839076e+01 1.197788842655e+01 1.230811961265e+01 1.361215025925e+01 1.460651238313e+01 1.571548645816e+01 1.577670027737e+01 1.950484729879e+01 2.264677695856e+01 2.369766480820e+01
1.214464466143e+00 -1.456754282766e+01 -9.629392812731e+00 -9.342575050898e+00 -8.423919636106e+00 -7.005902830649e+00 -5.693305549026e+00 -3.438631602255e+00 -2.992755712938e+00 3.192310093649e+00 3.270481038046e+00 4.457487626047e+00 5.173993618080e+00 5.857911401214e+00 6.211162264992e+00 7.188300029210e+00 7.327632158917e+00 8.073440756264e+00 9.232444271827e+00 9.481771466191e+00 9.688707771004e+00 1.016764365154e+01 1.197862498935e+01 1.230148568692e+01 1.361468336569e+01 1.460685073941e+01 1.571822498612e+01 1.577054333343e+01 1.951277605624e+01 2.264414598603e+01 2.369757947508e+01
1.221879744218e+00 -1.457427896083e+01 -9.620766279368e+00 -9.341561898109e+00 -8.393088318094e+00 -7.004755963799e+00 -5.687654651071e+00 -3.392045972398e+00 -2.995128620062e+00 3.085941349322e+00 3.257329225682e+00 4.448179480892e+00 5.179684439046e+00 5.853789465014e+00 6.201002584063e+00 7.188098203291e+00 7.320941960372e+00 8.070626295613e+00 9.231750724166e+00 9.489374106912e+00 9.692690382600e+00 1.016686925030e+01 1.197934070850e+01 1.229507855478e+01 1.361712393310e+01 1.460722298583e+01 1.572101102181e+01 1.576472364896e+01 1.952021493591e+01 2.264164067792e+01 2.369749642210e+01
1.229295022292e+00 -1.458052442937e+01 -9.612691759453e+00 -9.340539221856e+00 -8.363731687101e+00 -7.003653040486e+00 -5.682212013647e+00 -3.343660970897e+00 -2.997886841230e+00 2.977944661052e+00 3.244866686529e+00 4.439450357739e+00 5.185665696965e+00 5.849784951251e+00 6.190803925082e+00 7.187759436885e+00 7.314376678466e+00 8.067921930257e+00 9.230762640973e+00 9.496714004418e+00 9.696363456106e+00 1.016634874212e+01 1.198003297768e+01 1.228890691043e+01 1.361947178364e+01 1.460762934981e+01 1.572384322856e+01 1.575924693018e+01 1.952715156286e+01 2.263926694811e+01 2.369741575633e+01
1.236710300367e+00 -1.458627403740e+01 -9.605128053523e+00 -9.339507704001e+00 -8.336017760268e+00 -7.002592651062e+00 -5.676997328371e+00 -3.293726423016e+00 -3.001030208634e+00 2.868920850347e+00 3.233161767671e+00 4.431294068865e+00 5.191836592363e+00 5.845899046778e+00 6.180594002150e+00 7.187284899192e+00 7.307932056257e+00 8.065326952217e+00 9.229498613068e+00 9.503758851989e+00 9.699730225381e+00 1.016608530043e+01 1.198069932076e+01 1.228297909519e+01 1.362172675452e+01 1.460807006185e+01 1.572672031201e+01 1.575411838778e+01 1.953357431337e+01 2.263703042314e+01 2.369733758142e+01
1.244125578442e+00 -1.459152301630e+01 -9.598038264650e+00 -9.338468018482e+00 -8.310105669807e+00 -7.001573340628e+00 -5.672029865739e+00 -3.242601037417e+00 -3.004556582561e+00 2.759642432743e+00 3.222278926206e+00 4.423704372596e+00 5.198105694390e+00 5.842132931501e+00 6.170402412401e+00 7.186675848220e+00 7.301603441068e+00 8.062841271130e+00 9.227974428226e+00 9.510479946452e+00 9.702794026395e+00 1.016608177033e+01 1.198133739466e+01 1.227730306665e+01 1.362388869342e+01 1.460854535580e+01 1.572964102187e+01 1.574934274816e+01 1.953947233091e+01 2.263493641917e+01 2.369726199741e+01
1.251540856517e+00 -1.459626700928e+01 -9.591389557837e+00 -9.337420829956e+00 -8.286144730340e+00 -7.000593626740e+00 -5.667328354724e+00 -3.190780183919e+00 -3.008461833194e+00 2.651112686880e+00 3.212278047700e+00 4.416675186411e+00 5.204389222583e+00 5.838487777214e+00 6.160260637302e+00 7.185933629177e+00 7.295385817368e+00 8.060465404790e+00 9.226203420847e+00 9.516851864385e+00 9.705558239317e+00 1.016634072263e+01 1.198194499242e+01 1.227188636789e+01 1.362595745434e+01 1.460905546906e+01 1.573260415341e+01 1.574492426433e+01 1.954483554163e+01 2.263298991982e+01 2.369718910063e+01
1.258956134592e+00 -1.460050205730e+01 -9.585152910714e+00 -9.336366792434e+00 -8.264273511491e+00 -6.999652016566e+00 -5.662910861021e+00 -3.138926832079e+00 -3.012739849352e+00 2.544636765934e+00 3.203213810066e+00 4.410200775875e+00 5.210609637332e+00 5.834964745291e+00 6.150202019085e+00 7.185059674090e+00 7.289273839642e+00 8.058200469135e+00 9.224196790279e+00 9.522852169521e+00 9.708026231627e+00 1.016686450700e+01 1.198252004667e+01 1.226673609730e+01 1.362793289350e+01 1.460960064266e+01 1.573560854900e+01 1.574086672627e+01 1.954965466949e+01 2.263119555482e+01 2.369711898353e+01
1.266371412667e+00 -1.460422458640e+01 -9.579302868959e+00 -9.335306547932e+00 -8.244618928104e+00 -6.998747023390e+00 -5.658794665068e+00 -3.087902519496e+00 -3.017382575320e+00 2.441900972236e+00 3.195135101643e+00 4.404275919949e+00 5.216694503940e+00 5.831564983313e+00 6.140261705785e+00 7.184055502589e+00 7.283261865235e+00 8.056048167735e+00 9.221963884027e+00 9.528461154800e+00 9.710201303755e+00 1.016765530268e+01 1.198306063347e+01 1.226185887926e+01 1.362981486557e+01 1.461018112139e+01 1.573717347097e+01 1.573865309941e+01 1.955392125072e+01 2.262955757987e+01 2.369705173459e+01
1.273786690741e+00 -1.460743139645e+01 -9.573817315866e+00 -9.334240725134e+00 -8.227295365090e+00 -6.997877182404e+00 -5.654996141054e+00 -3.038791819714e+00 -3.022380076132e+00 2.345048258026e+00 3.188084501527e+00 4.398896053637e+00 5.222575599528e+00 5.828289620657e+00 6.130476557537e+00 7.182922723830e+00 7.277343987112e+00 8.054010780767e+00 9.219512445879e+00 9.533661618768e+00 9.712086638719e+00 1.016871516492e+01 1.198356497653e+01 1.225726083598e+01 1.363160322013e+01 1.461079715380e+01 1.573384739185e+01 1.574173674513e+01 1.955762764745e+01 2.262807985777e+01 2.369698743815e+01
1.281201968816e+00 -1.461011965109e+01 -9.568677262549e+00 -9.333169938073e+00 -8.212403856533e+00 -6.997041065688e+00 -5.651530638234e+00 -3.027720630896e+00 -2.992908964535e+00 2.256724429831e+00 3.182097829340e+00 4.394057389221e+00 5.228188237521e+00 5.825139763095e+00 6.120885006124e+00 7.181663039501e+00 7.271514066545e+00 8.052091153456e+00 9.216848831095e+00 9.538438673851e+00 9.713685257120e+00 1.017004606593e+01 1.198403145191e+01 1.225294756087e+01 1.363329779832e+01 1.461144899218e+01 1.573089094767e+01 1.574485847749e+01 1.956076706032e+01 2.262676584097e+01 2.369692617435e+01
1.288617246891e+00 -1.461228686907e+01 -9.563866663106e+00 -9.332094784838e+00 -8.200031339356e+00 -6.996237296350e+00 -5.648412365886e+00 -3.033390852885e+00 -2.951770090453e+00 2.180051449735e+00 3.177203770494e+00 4.389757017409e+00 5.233470789830e+00 5.822116486405e+00 6.111526859531e+00 7.180278247905e+00 7.265765765718e+00 8.050292683957e+00 9.213978191842e+00 9.542779583029e+00 9.714999978694e+00 1.017164992878e+01 1.198445859316e+01 1.224892409372e+01 1.363489842970e+01 1.461213689245e+01 1.572830617097e+01 1.574801733968e+01 1.956333354001e+01 2.262561855585e+01 2.369686801897e+01
1.296032524966e+00 -1.461393091678e+01 -9.559372257649e+00 -9.331015846305e+00 -8.190250000921e+00 -6.995464561738e+00 -5.645654283339e+00 -3.039375834329e+00 -2.917012263510e+00 2.118469785211e+00 3.173423581785e+00 4.385992989734e+00 5.238364391355e+00 5.819220828993e+00 6.102443043561e+00 7.178770249084e+00 7.260092580301e+00 8.048619310595e+00 9.210904636431e+00 9.546673621073e+00 9.716033391426e+00 1.017352865324e+01 1.198484509695e+01 1.224519489803e+01 1.363640492941e+01 1.461286111399e+01 1.572609467578e+01 1.575121242771e+01 1.956532199744e+01 2.262464058875e+01 2.369681304336e+01
1.303447803041e+00 -1.461505000195e+01 -9.555183445135e+00 -9.329933684908e+00 -8.183116737634e+00 -6.994721625710e+00 -5.643267996464e+00 -3.045659313067e+00 -2.890246791212e+00 2.075400582565e+00 3.170770880743e+00 4.382764383421e+00 5.242812814677e+00 5.816453783525e+00 6.093675273641e+00 7.177141050973e+00 7.254487872031e+00 8.047075498418e+00 9.207631365879e+00 9.550111956508e+00 9.716787828927e+00 1.017568413271e+01 1.198518982926e+01 1.224176384086e+01 1.363781709546e+01 1.461362191944e+01 1.572425766492e+01 1.575444289121e+01 1.956672821253e+01 2.262383407391e+01 2.369676131431e+01
1.310863081116e+00 -1.461564266859e+01 -9.551292187412e+00 -9.328848843443e+00 -8.178672738299e+00 -6.994007339903e+00 -5.641263662024e+00 -3.052223857554e+00 -2.872854916626e+00 2.053735490505e+00 3.169251520632e+00 4.380071349717e+00 5.246762504453e+00 5.813816287516e+00 6.085265652040e+00 7.175392776554e+00 7.248944901394e+00 8.045666224949e+00 9.204160791139e+00 9.553087550714e+00 9.717265356510e+00 1.017811826165e+01 1.198549183199e+01 1.223863417527e+01 1.363913470630e+01 1.461441957437e+01 1.572279593647e+01 1.575770793414e+01 1.956754884146e+01 2.262320068352e+01 2.369671289398e+01
1.318278359190e+00 -1.461570779313e+01 -9.547692945687e+00 -9.327761843919e+00 -8.176943201912e+00 -6.993320653980e+00 -5.639649901257e+00 -3.059051066159e+00 -2.865766530708e+00 2.055268145844e+00 3.168863551496e+00 4.377915146418e+00 5.250162761037e+00 5.811309212856e+00 6.077256188975e+00 7.173527672028e+00 7.243456860506e+00 8.044396965077e+00 9.200494634006e+00 9.555595070927e+00 9.717467766088e+00 1.018083293332e+01 1.198575033025e+01 1.223580852586e+01 1.364035751862e+01 1.461525434692e+01 1.572170988981e+01 1.576100681541e+01 1.956778142220e+01 2.262274161990e+01 2.369666783980e+01
1.325693637265e+00 -1.461524458161e+01 -9.544382650642e+00 -9.326673186447e+00 -8.177937195074e+00 -6.992660624823e+00 -5.638433723922e+00 -3.066121776328e+00 -2.869289776508e+00 2.080276532492e+00 3.169597266100e+00 4.376298155009e+00 5.252966061095e+00 5.808933354215e+00 6.069688250589e+00 7.171548115966e+00 7.238016906340e+00 8.043273674954e+00 9.196634014377e+00 9.557630814226e+00 9.717396579705e+00 1.018383002786e+01 1.198596474019e+01 1.223328887745e+01 1.364148526532e+01 1.461612650739e+01 1.572099953088e+01 1.576433884932e+01 1.956742437842e+01 2.262245760989e+01 2.369662620441e+01
1.333108915340e+00 -1.461425256815e+01 -9.541360707623e+00 -9.325583348191e+00 -8.181647649514e+00 -6.992026424658e+00 -5.637620464010e+00 -3.073416278920e+00 -2.883056028976e+00 2.127449933691e+00 3.171435328220e+00 4.375223882464e+00 5.255128499739e+00 5.806689416265e+00 6.062601942501e+00 7.169456629458e+00 7.232618194442e+00 8.042302774824e+00 9.192579526222e+00 9.559192640014e+00 9.717053061221e+00 1.018711139112e+01 1.198613467733e+01 1.223107656713e+01 1.364251765373e+01 1.461703632766e+01 1.572066447681e+01 1.576770340597e+01 1.956647702151e+01 2.262234890160e+01 2.369658803558e+01
1.340524193415e+00 -1.461273161444e+01 -9.538629038732e+00 -9.324492782359e+00 -8.188051495494e+00 -6.991417348076e+00 -5.637213728094e+00 -3.080914533017e+00 -2.906102111352e+00 2.194198321119e+00 3.174352979475e+00 4.374696947386e+00 5.256610334281e+00 5.804577999646e+00 6.056035444240e+00 7.167255887239e+00 7.227253913334e+00 8.041491130647e+00 9.188331304296e+00 9.560279908796e+00 9.716438235425e+00 1.019067880484e+01 1.198625996564e+01 1.222917227985e+01 1.364345436407e+01 1.461798408068e+01 1.572070395994e+01 1.577109991152e+01 1.956493955084e+01 2.262241526343e+01 2.369655337611e+01
1.347939471490e+00 -1.461068191048e+01 -9.536192164093e+00 -9.323401917262e+00 -8.197109922318e+00 -6.990832817965e+00 -5.637215357201e+00 -3.088596376578e+00 -2.937054531116e+00 2.277195602170e+00 3.178318319851e+00 4.374723049804e+00 5.257376604841e+00 5.802599585601e+00 6.050024316864e+00 7.164948729798e+00 7.221917319811e+00 8.040846034428e+00 9.183889083386e+00 9.560893425408e+00 9.715552913621e+00 1.019453394900e+01 1.198634064714e+01 1.222757604756e+01 1.364429504808e+01 1.461897003978e+01 1.572111683103e+01 1.577452784834e+01 1.956281305221e+01 2.262265598550e+01 2.369652226382e+01
1.355354749565e+00 -1.460810397639e+01 -9.534057325176e+00 -9.322311155426e+00 -8.208768752882e+00 -6.990272390309e+00 -5.637625402815e+00 -3.096441728648e+00 -2.974347411959e+00 2.372934938682e+00 3.183292656300e+00 4.375308923564e+00 5.257397802487e+00 5.800754519188e+00 6.044600812683e+00 7.162538176452e+00 7.216601775358e+00 8.040375183125e+00 9.179252251612e+00 9.561035385116e+00 9.714397724567e+00 1.019867835751e+01 1.198637699216e+01 1.222628725209e+01 1.364503932795e+01 1.461999447790e+01 1.572190156196e+01 1.577798675505e+01 1.956009949437e+01 2.262306988332e+01 2.369649473147e+01
1.362770027639e+00 -1.460499866543e+01 -9.532234653675e+00 -9.321220872766e+00 -8.222958915225e+00 -6.989735757863e+00 -5.638442117470e+00 -3.104430779200e+00 -3.016412252909e+00 2.478138715990e+00 3.189230913231e+00 4.376462269942e+00 5.256650552636e+00 5.799042990981e+00 6.039793221185e+00 7.160027439392e+00 7.211300783944e+00 8.040086656034e+00 9.174419899130e+00 9.560709321253e+00 9.712973149543e+00 1.020311336812e+01 1.198636951028e+01 1.222530463160e+01 1.364568679536e+01 1.462105766685e+01 1.572305624757e+01 1.578147622643e+01 1.955680172392e+01 2.262365530386e+01 2.369647080671e+01
1.370185305714e+00 -1.460136716818e+01 -9.530737390144e+00 -9.320131417825e+00 -8.239596990551e+00 -6.989222752694e+00 -5.639661960124e+00 -3.112544163264e+00 -3.061807912366e+00 2.589979326111e+00 3.196082098483e+00 4.378191670840e+00 5.255118281118e+00 5.797465017152e+00 6.035625288188e+00 7.157419938669e+00 7.206008031477e+00 8.039988890532e+00 9.169390863407e+00 9.559920053285e+00 9.711279560269e+00 1.020784006806e+01 1.198631896190e+01 1.222462629062e+01 1.364623701088e+01 1.462215987636e+01 1.572457860688e+01 1.578499591330e+01 1.955292345839e+01 2.262441013371e+01 2.369645051208e+01
1.377600583789e+00 -1.459721101792e+01 -9.529582157206e+00 -9.319043111080e+00 -8.258585814186e+00 -6.988733347575e+00 -5.641279616261e+00 -3.120763116592e+00 -3.109288824869e+00 2.706145905646e+00 3.203789818301e+00 4.380506479730e+00 5.252791833753e+00 5.796020417845e+00 6.032115744827e+00 7.154719318114e+00 7.200717427208e+00 8.040090656073e+00 9.164163772085e+00 9.558673634387e+00 9.709317258374e+00 1.021285923634e+01 1.198622637048e+01 1.222424971368e+01 1.364668950342e+01 1.462330137317e+01 1.572646598365e+01 1.578854552221e+01 1.954846927769e+01 2.262533180948e+01 2.369643386493e+01
1.385015861864e+00 -1.459253209723e+01 -9.528789292743e+00 -9.317956244312e+00 -8.279815103625e+00 -6.988267656231e+00 -5.643288032467e+00 -3.157825739670e+00 -3.129069610795e+00 2.824816872448e+00 3.212292834988e+00 4.383416688455e+00 5.249670028350e+00 5.794708793721e+00 6.029277978984e+00 7.151929462149e+00 7.195423147416e+00 8.040401026324e+00 9.158737084336e+00 9.556977297780e+00 9.707086515210e+00 1.021817128416e+01 1.198609303545e+01 1.222417178217e+01 1.364704377009e+01 1.462448241998e+01 1.572871534613e+01 1.579212481503e+01 1.954344461408e+01 2.262641733020e+01 2.369642087741e+01
1.392431139939e+00 -1.458733264587e+01 -9.528383248756e+00 -9.316871080043e+00 -8.303162086291e+00 -6.987825932433e+00 -5.645678464950e+00 -3.206596884011e+00 -3.137446466567e+00 2.944589271284e+00 3.221525661162e+00 4.386932768047e+00 5.245760130957e+00 5.793529500586e+00 6.027119874042e+00 7.149054513466e+00 7.190119681710e+00 8.040929349354e+00 9.153109131514e+00 9.554839401226e+00 9.704587610858e+00 1.022377619419e+01 1.198592054587e+01 1.222438879445e+01 1.364729927611e+01 1.462570327438e+01 1.573132328619e+01 1.579573360848e+01 1.953785574072e+01 2.262766327161e+01 2.369641155647e+01
1.399846418014e+00 -1.458161526992e+01 -9.528393061547e+00 -9.315787851046e+00 -8.328492099189e+00 -6.987408567941e+00 -5.648440541285e+00 -3.254964287044e+00 -3.145877444299e+00 3.064397325332e+00 3.231419184845e+00 4.391065481981e+00 5.241078266148e+00 5.792481621996e+00 6.025643829208e+00 7.146098891498e+00 7.184801882329e+00 8.041685215744e+00 9.147278157791e+00 9.552269369196e+00 9.701820871323e+00 1.022967346006e+01 1.198571079464e+01 1.222489648891e+01 1.364745545504e+01 1.462696418764e+01 1.573428601778e+01 1.579937177351e+01 1.953170975889e+01 2.262906580224e+01 2.369640590385e+01
1.407261696088e+00 -1.457538295228e+01 -9.528852898021e+00 -9.314706759918e+00 -8.355659133532e+00 -6.987016089288e+00 -5.651562334456e+00 -3.302445038943e+00 -3.154347312036e+00 3.183436626830e+00 3.241901319858e+00 4.395825670733e+00 5.235649793699e+00 5.791563939739e+00 6.024846963236e+00 7.143067311623e+00 7.179465016835e+00 8.042678424549e+00 9.141242361415e+00 9.549277632371e+00 9.698786703089e+00 1.023586202657e+01 1.198546599347e+01 1.222569006961e+01 1.364751170921e+01 1.462826540353e+01 1.573759937455e+01 1.580303923464e+01 1.952501458419e+01 2.263062070102e+01 2.369640391606e+01
1.414676974163e+00 -1.456863906452e+01 -9.529802681031e+00 -9.313627978723e+00 -8.384506300095e+00 -6.986649153421e+00 -5.655030448091e+00 -3.348682986422e+00 -3.162841891299e+00 3.252897676173e+00 3.301100203807e+00 4.401224007179e+00 5.229509711292e+00 5.790774902124e+00 6.024721490805e+00 7.139964804997e+00 7.174104824632e+00 8.043918946997e+00 9.134999937125e+00 9.545875564207e+00 9.695485624341e+00 1.024234023149e+01 1.198518868852e+01 1.222676423446e+01 1.364746741033e+01 1.462960715701e+01 1.574125880697e+01 1.580673596909e+01 1.951777893173e+01 2.263232337648e+01 2.369640558438e+01
1.422092252238e+00 -1.456138738024e+01 -9.531288792968e+00 -9.312551648706e+00 -8.414866196128e+00 -6.986308542185e+00 -5.658830111654e+00 -3.393423448279e+00 -3.171348081833e+00 3.264332244808e+00 3.416927313668e+00 4.407270723336e+00 5.222703175497e+00 5.790112590000e+00 6.025255249589e+00 7.136796738902e+00 7.168717577785e+00 8.045416887828e+00 9.128549120201e+00 9.542075414419e+00 9.691918292374e+00 1.024910574937e+01 1.198488177665e+01 1.222811320537e+01 1.364732190036e+01 1.463098967288e+01 1.574525937864e+01 1.581046200589e+01 1.951001230052e+01 2.263416888703e+01 2.369641089491e+01
1.429507530313e+00 -1.455363208983e+01 -9.533364850504e+00 -9.311477880068e+00 -8.446561162852e+00 -6.985995155681e+00 -5.662945284234e+00 -3.436491815381e+00 -3.179853866746e+00 3.276128091608e+00 3.530563452215e+00 4.413975310093e+00 5.215286273671e+00 5.789574680472e+00 6.026432347575e+00 7.133568837447e+00 7.163300146645e+00 8.047182444190e+00 9.121888232536e+00 9.537890239304e+00 9.688085526864e+00 1.025615553784e+01 1.198454852225e+01 1.222973076027e+01 1.364707449257e+01 1.463241316440e+01 1.574959576197e+01 1.581421742492e+01 1.950172495727e+01 2.263615196245e+01 2.369641982855e+01
1.436922808388e+00 -1.454537781685e+01 -9.536092533311e+00 -9.310406751811e+00 -8.479403435029e+00 -6.985710004492e+00 -5.667358765502e+00 -3.477776008332e+00 -3.188348299847e+00 3.288208053775e+00 3.641729305302e+00 4.421346193022e+00 5.207327232522e+00 5.789158408280e+00 6.028233895151e+00 7.130287202436e+00 7.157850070852e+00 8.049225861984e+00 9.115015731073e+00 9.533333828930e+00 9.683988328858e+00 1.026348578644e+01 1.198419257473e+01 1.223161026649e+01 1.364672447280e+01 1.463387783181e+01 1.575426223326e+01 1.581800235574e+01 1.949292791975e+01 2.263826702619e+01 2.369643236104e+01
1.444338086462e+00 -1.453662963602e+01 -9.539542434245e+00 -9.309338311645e+00 -8.513195202081e+00 -6.985454200804e+00 -5.672052312369e+00 -3.517212373092e+00 -3.196821477258e+00 3.300495432268e+00 3.750196326789e+00 4.429390388947e+00 5.198908324066e+00 5.788860524888e+00 6.030638785162e+00 7.126958334168e+00 7.152365636316e+00 8.051557389571e+00 9.107930258813e+00 9.528420631294e+00 9.679627895475e+00 1.027109186832e+01 1.198381798647e+01 1.223374471530e+01 1.364627110097e+01 1.463538386089e+01 1.575925266703e+01 1.582181697642e+01 1.948363293983e+01 2.264050821848e+01 2.369644846301e+01
1.451753364537e+00 -1.452739309288e+01 -9.543794876220e+00 -9.308272575954e+00 -8.547728625376e+00 -6.985228948449e+00 -5.677006759866e+00 -3.554774471856e+00 -3.205264495482e+00 3.312914672309e+00 3.855766820364e+00 4.438113149614e+00 5.190128841887e+00 5.788677255324e+00 6.033624486022e+00 7.123589151887e+00 7.146845958870e+00 8.054187228741e+00 9.100630698588e+00 9.523165673625e+00 9.675005630452e+00 1.027896829463e+01 1.198342923121e+01 1.223612675718e+01 1.364571361271e+01 1.463693142136e+01 1.576456052988e+01 1.582566151223e+01 1.947385248653e+01 2.264286941981e+01 2.369646810001e+01
1.459168642612e+00 -1.451767422530e+01 -9.548940610193e+00 -9.307209529832e+00 -8.582785889988e+00 -6.985035531885e+00 -5.682202144787e+00 -3.590464234940e+00 -3.213669398242e+00 3.325392023279e+00 3.958256590164e+00 4.447517600552e+00 5.181109694706e+00 5.788604252917e+00 6.037167817310e+00 7.120187013535e+00 7.141291075317e+00 8.057125482854e+00 9.093116229633e+00 9.517584481121e+00 9.670123150758e+00 1.028710867164e+01 1.198303122292e+01 1.223874873756e+01 1.364505122133e+01 1.463852066543e+01 1.577017887367e+01 1.582953623427e+01 1.946359972897e+01 2.264534427492e+01 2.369649123253e+01
1.466583920687e+00 -1.450747958673e+01 -9.555081268332e+00 -9.306149127161e+00 -8.618139412396e+00 -6.984875304173e+00 -5.687617830695e+00 -3.624305002499e+00 -3.222029114345e+00 3.337856168348e+00 4.057478278119e+00 4.457604384701e+00 5.172000438841e+00 5.788636552116e+00 6.041245683039e+00 7.116759734407e+00 7.135702042687e+00 8.060382102057e+00 9.085386386931e+00 9.511692993450e+00 9.664982289618e+00 1.029550566052e+01 1.198262933477e+01 1.224160273268e+01 1.364428311984e+01 1.464015172611e+01 1.577610032816e+01 1.583344145797e+01 1.945288851962e+01 2.264792621684e+01 2.369651781611e+01
1.473999198762e+00 -1.449681627155e+01 -9.562329397620e+00 -9.305091290761e+00 -8.653552377056e+00 -6.984749673980e+00 -5.693232632967e+00 -3.656336063270e+00 -3.230337388818e+00 3.350238813474e+00 4.153223341500e+00 4.468371321666e+00 5.162990002470e+00 5.788768519676e+00 6.045835743854e+00 7.113315604223e+00 7.130081046581e+00 8.063966825491e+00 9.077441123187e+00 9.505507479484e+00 9.659585096288e+00 1.030415093965e+01 1.198222941835e+01 1.224468058532e+01 1.364340848325e+01 1.464182471568e+01 1.578231709317e+01 1.583737754153e+01 1.944173337791e+01 2.265060849102e+01 2.369654780136e+01
1.481414476837e+00 -1.448569194228e+01 -9.570807846216e+00 -9.304035912576e+00 -8.688779829986e+00 -6.984660091674e+00 -5.699024942643e+00 -3.686608373069e+00 -3.238588709390e+00 3.362475225037e+00 4.245240171545e+00 4.479813094233e+00 5.154323013418e+00 5.788993804588e+00 6.050917014965e+00 7.109863402059e+00 7.124431519503e+00 8.067889120415e+00 9.069280873193e+00 9.499044450784e+00 9.653933833031e+00 1.031303516932e+01 1.198183782282e+01 1.224797394004e+01 1.364242647103e+01 1.464353972410e+01 1.578882093020e+01 1.584134488425e+01 1.943014947416e+01 2.265338417930e+01 2.369658113405e+01
1.488829754911e+00 -1.447411485905e+01 -9.580648228962e+00 -9.302982853919e+00 -8.723570605502e+00 -6.984608034574e+00 -5.704972847954e+00 -3.715181201345e+00 -3.246778230287e+00 3.374504705497e+00 4.333205078475e+00 4.491920973981e+00 5.146324572910e+00 5.789305287241e+00 6.056470380848e+00 7.106412408477e+00 7.118758270183e+00 8.072158118171e+00 9.060906620208e+00 9.492320574457e+00 9.648030969699e+00 1.032214795885e+01 1.198146141380e+01 1.225147427778e+01 1.364133622980e+01 1.464529681734e+01 1.579560315370e+01 1.584534392483e+01 1.941815261424e+01 2.265624622354e+01 2.369661775517e+01
1.496245032986e+00 -1.446209391120e+01 -9.591988178400e+00 -9.301931945762e+00 -8.757670383807e+00 -6.984594991441e+00 -5.711054252542e+00 -3.742119508039e+00 -3.254901695077e+00 3.386270997223e+00 4.416681934593e+00 4.504682597306e+00 5.139437366617e+00 5.789695028466e+00 6.062479020255e+00 7.102972414115e+00 7.113067624821e+00 8.076782546966e+00 9.052319963883e+00 9.485352586074e+00 9.641879176365e+00 1.033147783618e+01 1.198110759184e+01 1.225517294947e+01 1.364013689608e+01 1.464709603587e+01 1.580265462190e+01 1.584937513951e+01 1.940575922471e+01 2.265918744892e+01 2.369665760105e+01
1.503660311061e+00 -1.444963865125e+01 -9.604967122058e+00 -9.300882989063e+00 -8.790826144063e+00 -6.984622446294e+00 -5.717246989480e+00 -3.767491896040e+00 -3.262955360140e+00 3.397722606014e+00 4.495066121021e+00 4.518081801927e+00 5.134275236427e+00 5.790154219218e+00 6.068928735533e+00 7.099553723872e+00 7.107367581203e+00 8.081770661456e+00 9.043523189176e+00 9.478157203446e+00 9.635481314438e+00 1.034101221982e+01 1.198078431013e+01 1.225906120864e+01 1.363882759937e+01 1.464893739303e+01 1.580996572736e+01 1.585343904019e+01 1.939298633882e+01 2.266220058670e+01 2.369670060338e+01
1.511075589136e+00 -1.443675933112e+01 -9.619720447963e+00 -9.299835755137e+00 -8.822792157166e+00 -6.984691861660e+00 -5.723528930360e+00 -3.791369018301e+00 -3.270935920074e+00 3.408813037905e+00 4.532098531963e+00 4.567512444191e+00 5.131693380452e+00 5.790673131863e+00 6.075808178498e+00 7.096167155743e+00 7.101667976478e+00 8.087130169166e+00 9.034519335556e+00 9.470751042079e+00 9.628840426649e+00 1.035073739362e+01 1.198050009114e+01 1.226313024257e+01 1.363740746529e+01 1.465082087350e+01 1.581752638726e+01 1.585753617246e+01 1.937985158312e+01 2.266527829628e+01 2.369674668938e+01
1.518490867211e+00 -1.442346694101e+01 -9.636372152810e+00 -9.298789986064e+00 -8.853337430608e+00 -6.984804661379e+00 -5.729878088822e+00 -3.813822344928e+00 -3.278840436170e+00 3.419500945448e+00 4.546708817041e+00 4.632864156226e+00 5.132857930721e+00 5.791241074210e+00 6.083108961183e+00 7.092824033205e+00 7.095980669146e+00 8.092868153862e+00 9.025312265755e+00 9.463150533207e+00 9.621959726285e+00 1.036063848436e+01 1.198026404179e+01 1.226737120215e+01 1.363587561889e+01 1.465274643179e+01 1.582532603357e+01 1.586166711356e+01 1.936637316493e+01 2.266841318663e+01 2.369679578185e+01
1.525906145286e+00 -1.440977325064e+01 -9.655026405435e+00 -9.297745395123e+00 -8.882254179775e+00 -6.984962213089e+00 -5.736272718013e+00 -3.834923215817e+00 -3.286666268862e+00 3.429750182638e+00 4.561884827870e+00 4.689647872825e+00 5.139250038180e+00 5.791846347616e+00 6.090825633686e+00 7.089536170012e+00 7.090319735418e+00 8.098990996026e+00 9.015906733240e+00 9.455371845332e+00 9.614842586034e+00 1.037069944280e+01 1.198008586687e+01 1.227177523006e+01 1.363423118813e+01 1.465471399079e+01 1.583335360314e+01 1.586583247025e+01 1.935256986052e+01 2.267159783686e+01 2.369684779931e+01
1.533321423360e+00 -1.439569085316e+01 -9.675758844510e+00 -9.296701667263e+00 -8.909366513812e+00 -6.985165810539e+00 -5.742691401603e+00 -3.854742120191e+00 -3.294411014852e+00 3.439529770838e+00 4.577595007398e+00 4.736275443746e+00 5.152463366016e+00 5.792476210745e+00 6.098955503363e+00 7.084701679436e+00 7.086315846083e+00 8.105504290725e+00 9.006308447536e+00 9.447430810196e+00 9.607492526721e+00 1.038090302852e+01 1.197997587991e+01 1.227633348735e+01 1.363247330753e+01 1.465672344035e+01 1.584159752777e+01 1.587003287664e+01 1.933846100406e+01 2.267482481597e+01 2.369690265610e+01
1.540736701435e+00 -1.438123321172e+01 -9.698608747092e+00 -9.295658459593e+00 -8.934538206281e+00 -6.985416655891e+00 -5.749113138064e+00 -3.873348156502e+00 -3.302072449424e+00 3.448813781156e+00 4.593804273395e+00 4.771582792976e+00 5.173664958290e+00 5.793116850732e+00 6.107498260195e+00 7.079145655923e+00 7.083175773136e+00 8.112412763246e+00 8.996524136500e+00 9.439342854121e+00 9.599913206244e+00 1.039123079918e+01 1.197994501128e+01 1.228103717827e+01 1.363060112194e+01 1.465877463593e+01 1.585004572458e+01 1.587426899195e+01 1.932406647725e+01 2.267808670171e+01 2.369696026250e+01
1.548151979510e+00 -1.436641470859e+01 -9.723573308295e+00 -9.294615401902e+00 -8.957678316878e+00 -6.985715842177e+00 -5.755517418003e+00 -3.890808635711e+00 -3.309648474310e+00 3.457581141515e+00 4.610474285334e+00 4.795507880416e+00 5.202917340226e+00 5.793753363783e+00 6.116455363368e+00 7.073673702401e+00 7.080129048624e+00 8.119720183000e+00 8.986561604662e+00 9.431122935570e+00 9.592108408938e+00 1.040166310506e+01 1.198000481269e+01 1.228587757326e+01 1.362861379038e+01 1.466086739738e+01 1.585868558651e+01 1.587854149820e+01 1.930940669949e+01 2.268137609842e+01 2.369702052485e+01
1.555567257585e+00 -1.435125069697e+01 -9.750605055965e+00 -9.293572097190e+00 -8.978743646446e+00 -6.986064336086e+00 -5.761884294467e+00 -3.907188798354e+00 -3.317137071283e+00 3.465815378943e+00 4.627563765882e+00 4.809296115470e+00 5.238973547858e+00 5.794369747402e+00 6.125829135570e+00 7.068310976228e+00 7.077189096495e+00 8.127429276373e+00 8.976429786767e+00 9.422785489774e+00 9.584082035595e+00 1.041217908950e+01 1.198016745743e+01 1.229084603024e+01 1.362651049012e+01 1.466300150771e+01 1.586750397335e+01 1.588285109787e+01 1.929450261863e+01 2.268468565400e+01 2.369708334569e+01
1.562982535660e+00 -1.433575755542e+01 -9.779612896395e+00 -9.292528122224e+00 -8.997737534868e+00 -6.986462961287e+00 -5.768194446141e+00 -3.922551621663e+00 -3.324536261561e+00 3.473504309223e+00 4.645028865438e+00 4.814970240591e+00 5.279808110985e+00 5.794948906686e+00 6.135621507199e+00 7.063085989035e+00 7.074369593318e+00 8.135541639318e+00 8.966138795723e+00 9.414344381103e+00 9.575838094336e+00 1.042275669632e+01 1.198044573567e+01 1.229593401394e+01 1.362429042079e+01 1.466517671204e+01 1.587648720338e+01 1.588719851149e+01 1.927937570202e+01 2.268800807582e+01 2.369714862390e+01
1.570397813735e+00 -1.431995274467e+01 -9.810466595501e+00 -9.291483028105e+00 -9.014705202539e+00 -6.986912382454e+00 -5.774429233483e+00 -3.936957697659e+00 -3.331844070963e+00 3.480639686925e+00 4.662823556998e+00 4.814594390011e+00 5.323354330819e+00 5.795472677229e+00 6.145832356639e+00 7.058030827671e+00 7.071684378333e+00 8.144057650682e+00 8.955699964207e+00 9.405812863797e+00 9.567380692514e+00 1.043337268518e+01 1.198085304394e+01 1.230113311353e+01 1.362195280864e+01 1.466739271659e+01 1.588562104571e+01 1.589158447518e+01 1.926404792782e+01 2.269133614566e+01 2.369721625483e+01
1.582612508331e+00 -1.430442678705e+01 -9.814832716431e+00 -9.283309729430e+00 -9.014021211563e+00 -6.985211571915e+00 -5.771460575141e+00 -3.949432505151e+00 -3.361558140604e+00 3.471949769377e+00 4.662590900566e+00 4.818633372516e+00 5.338228718909e+00 5.777224028632e+00 6.139488885391e+00 7.032603632248e+00 7.059461858496e+00 8.143014204581e+00 8.926188988912e+00 9.403818918855e+00 9.559141111039e+00 1.044589393350e+01 1.199850891405e+01 1.229978294900e+01 1.361712471855e+01 1.467789152119e+01 1.588783259799e+01 1.591866376530e+01 1.924727034174e+01 2.269203410426e+01 2.369713140297e+01
1.594827202928e+00 -1.428845406005e+01 -9.819514730094e+00 -9.274681985545e+00 -9.010864833819e+00 -6.983492624555e+00 -5.767930953098e+00 -3.961553209184e+00 -3.392072483888e+00 3.461653507917e+00 4.661513289872e+00 4.818589947876e+00 5.350973955211e+00 5.757406314919e+00 6.134854998151e+00 7.006358063768e+00 7.047485365494e+00 8.141513069633e+00 8.895536467907e+00 9.401381583930e+00 9.550837461423e+00 1.045882022185e+01 1.201740385119e+01 1.229855942767e+01 1.361218850116e+01 1.468885684496e+01 1.588979973089e+01 1.594687579139e+01 1.922992395627e+01 2.269264650557e+01 2.369704324876e+01
1.607041897525e+00 -1.427205064011e+01 -9.824530436243e+00 -9.265612592302e+00 -9.005225829200e+00 -6.981758836309e+00 -5.763830780396e+00 -3.973293618113e+00 -3.423340629457e+00 3.449749905695e+00 4.659539819094e+00 4.814871420572e+00 5.360980438093e+00 5.736037502100e+00 6.132114423062e+00 6.979324801721e+00 7.035874571783e+00 8.139497305463e+00 8.863740070862e+00 9.398507132092e+00 9.542562737904e+00 1.047221203402e+01 1.203744983803e+01 1.229747101149e+01 1.360720716100e+01 1.470025055595e+01 1.589150851238e+01 1.597612762049e+01 1.921202635462e+01 2.269317419834e+01 2.369695188056e+01
1.619256592122e+00 -1.425523353956e+01 -9.829883205406e+00 -9.256115165834e+00 -8.997108890747e+00 -6.980013725235e+00 -5.759149944907e+00 -3.984628691023e+00 -3.455316474392e+00 3.436240916033e+00 4.656612663986e+00 4.807815404979e+00 5.367793364558e+00 5.713152379821e+00 6.131366108705e+00 6.951539923339e+00 7.024739275856e+00 8.136901754330e+00 8.830799651390e+00 9.395202729081e+00 9.534417833249e+00 1.048612412014e+01 1.205855961077e+01 1.229652603956e+01 1.360223823636e+01 1.471203593320e+01 1.589294489365e+01 1.600632764971e+01 1.919359599530e+01 2.269361821960e+01 2.369685739164e+01
1.631471286719e+00 -1.423802068752e+01 -9.835562858205e+00 -9.246204152384e+00 -8.986532837526e+00 -6.978261011090e+00 -5.753877869724e+00 -3.995534468138e+00 -3.487954067182e+00 3.421131335706e+00 4.652666879735e+00 4.797688691748e+00 5.371130610232e+00 5.688804145202e+00 6.132607232925e+00 6.923045296763e+00 7.014177471240e+00 8.133653691570e+00 8.796718158481e+00 9.391475998603e+00 9.526510506686e+00 1.050060504282e+01 1.208064732830e+01 1.229573256739e+01 1.359733361771e+01 1.472417770462e+01 1.589409475630e+01 1.603738604039e+01 1.917465222062e+01 2.269397978834e+01 2.369675988012e+01
1.643685981316e+00 -1.422043090793e+01 -9.841547140402e+00 -9.235894836414e+00 -8.973529220427e+00 -6.976504593452e+00 -5.748003588361e+00 -4.005987998463e+00 -3.521207367300e+00 3.404428693212e+00 4.647630222077e+00 4.784693718549e+00 5.370881944188e+00 5.663065649866e+00 6.135727065155e+00 6.893889145489e+00 7.004273708753e+00 8.129673739862e+00 8.761502409834e+00 9.387334732767e+00 9.518954119278e+00 1.051569686644e+01 1.210362911369e+01 1.229509821539e+01 1.359253950294e+01 1.473664203738e+01 1.589494396213e+01 1.606921506781e+01 1.915521526385e+01 2.269426029872e+01 2.369665944895e+01
1.655900675913e+00 -1.420248389463e+01 -9.847803622270e+00 -9.225203346611e+00 -8.958140512647e+00 -6.974748528452e+00 -5.741515837388e+00 -4.015967263552e+00 -3.555029981717e+00 3.386143134511e+00 4.641423036127e+00 4.768978350286e+00 5.367091868284e+00 5.636030205107e+00 6.140513565744e+00 6.864126902573e+00 6.995097804769e+00 8.124877068445e+00 8.725163769376e+00 9.382786710007e+00 9.511866124229e+00 1.053143497475e+01 1.212742347653e+01 1.229463002936e+01 1.358789646385e+01 1.474939649570e+01 1.589547840569e+01 1.610172939421e+01 1.913530625469e+01 2.269446131297e+01 2.369655620585e+01
1.668115370509e+00 -1.418420018347e+01 -9.854291829928e+00 -9.214146659360e+00 -8.940418077569e+00 -6.972997004186e+00 -5.734403169592e+00 -4.025451096260e+00 -3.589374878183e+00 3.366287307917e+00 4.633958278557e+00 4.750646417289e+00 5.359930281473e+00 5.607811845150e+00 6.146670910599e+00 6.833822512814e+00 6.986703920931e+00 8.119174888541e+00 8.687718763870e+00 9.377839592541e+00 9.505366309559e+00 1.054784800105e+01 1.215195162749e+01 1.229433435509e+01 1.358343960062e+01 1.476240997815e+01 1.589568406990e+01 1.613484627350e+01 1.911494722277e+01 2.269458455382e+01 2.369645026329e+01
1.680330065106e+00 -1.416560112136e+01 -9.860965425557e+00 -9.202742599229e+00 -8.920420097561e+00 -6.971254314912e+00 -5.726654091297e+00 -4.034419093288e+00 -3.624194074608e+00 3.344876249046e+00 4.625141763022e+00 4.729767738786e+00 5.349656854605e+00 5.578544953003e+00 6.153843109691e+00 6.803050396238e+00 6.979130010575e+00 8.112476240833e+00 8.649189669060e+00 9.372500882339e+00 9.499574805490e+00 1.056495785455e+01 1.217713769793e+01 1.229421672878e+01 1.357919876350e+01 1.477565264377e+01 1.589554708466e+01 1.616848569632e+01 1.909416109878e+01 2.269463189678e+01 2.369634173842e+01
1.692544759703e+00 -1.414670883215e+01 -9.867774285056e+00 -9.191009836001e+00 -8.898209615601e+00 -6.969524834115e+00 -5.718257228217e+00 -4.042851520258e+00 -3.659438303198e+00 3.321927266069e+00 4.614872743918e+00 4.706387118560e+00 5.336585229931e+00 5.548383155868e+00 6.161637824845e+00 6.771898360906e+00 6.972397597871e+00 8.104690050395e+00 8.609605093470e+00 9.366777919556e+00 9.494609888290e+00 1.058277982798e+01 1.220290887795e+01 1.229428178438e+01 1.357519882382e+01 1.478909583397e+01 1.589505378900e+01 1.620257048394e+01 1.907297171287e+01 2.269460536205e+01 2.369623075303e+01
1.704759454300e+00 -1.412754617949e+01 -9.874666365001e+00 -9.178967877752e+00 -8.873852798423e+00 -6.967812986595e+00 -5.709201524989e+00 -4.050729207998e+00 -3.695056647326e+00 3.297459824998e+00 4.603044975664e+00 4.680532179928e+00 5.321051758228e+00 5.517497398250e+00 6.169645417387e+00 6.740471849680e+00 6.966511830386e+00 8.095727400010e+00 8.569000587142e+00 9.360677911137e+00 9.490585635116e+00 1.060132277209e+01 1.222919548574e+01 1.229453317863e+01 1.357145997924e+01 1.480271199517e+01 1.589419079672e+01 1.623702633896e+01 1.905140379006e+01 2.269450710635e+01 2.369611743348e+01
1.716974148897e+00 -1.410813672648e+01 -9.881589295772e+00 -9.166637059495e+00 -8.847417484883e+00 -6.966123219677e+00 -5.699476484574e+00 -4.058033438666e+00 -3.730996148131e+00 3.271495434372e+00 4.589548396720e+00 4.652220060886e+00 5.303391264751e+00 5.486073105345e+00 6.177450214993e+00 6.708900016256e+00 6.961461726854e+00 8.085503947089e+00 8.527419302960e+00 9.354207980085e+00 9.487609507945e+00 1.062058932505e+01 1.225593098073e+01 1.229497353380e+01 1.356799808060e+01 1.481647460518e+01 1.589294506593e+01 1.627178186026e+01 1.902948294212e+01 2.269433941454e+01 2.369600191061e+01
1.729188843494e+00 -1.408850469218e+01 -9.888491677210e+00 -9.154038526848e+00 -8.818972043861e+00 -6.964459973730e+00 -5.689072454919e+00 -4.064745820246e+00 -3.767201376804e+00 3.244057528547e+00 4.574271580055e+00 4.621463029346e+00 5.283920284471e+00 5.454306365482e+00 6.184632911866e+00 6.677344214915e+00 6.957220530321e+00 8.073942385717e+00 8.484912739493e+00 9.347375228079e+00 9.485779965792e+00 1.064057618575e+01 1.228305193130e+01 1.229560439818e+01 1.356482497003e+01 1.483035810547e+01 1.589130397266e+01 1.630676852885e+01 1.900723565568e+01 2.269410469110e+01 2.369588431970e+01
1.741403538091e+00 -1.406867490508e+01 -9.895324083270e+00 -9.141194214257e+00 -8.788584535911e+00 -6.962827652137e+00 -5.677980971751e+00 -4.070848147917e+00 -3.803613967084e+00 3.215171348799e+00 4.557105053148e+00 4.588273072796e+00 5.262926884017e+00 5.422399100291e+00 6.190764386809e+00 6.646009449434e+00 6.953746072265e+00 8.060974837875e+00 8.441541596247e+00 9.340186805846e+00 9.485184218954e+00 1.066127442182e+01 1.229642622337e+01 1.231049794702e+01 1.356194882233e+01 1.484433783999e+01 1.588925538882e+01 1.634192067045e+01 1.898468927616e+01 2.269380545158e+01 2.369576480038e+01
1.753618232687e+00 -1.404867275341e+01 -9.902039802111e+00 -9.128126817261e+00 -8.756322152991e+00 -6.961230590926e+00 -5.666195168177e+00 -4.076322250679e+00 -3.840172100837e+00 3.184863821565e+00 4.537945510278e+00 4.552665504996e+00 5.240665634094e+00 5.390553266535e+00 6.195392223535e+00 6.615158895266e+00 6.950981054706e+00 8.046545050354e+00 8.397376774661e+00 9.332649987052e+00 9.485896243583e+00 1.068266980435e+01 1.229743835778e+01 1.233821158377e+01 1.355937448289e+01 1.485839000104e+01 1.588678776483e+01 1.637717539997e+01 1.896187198710e+01 2.269344431405e+01 2.369564349651e+01
1.765832927284e+00 -1.402852413265e+01 -9.908595348843e+00 -9.114859758325e+00 -8.722250899859e+00 -6.959673028241e+00 -5.653710263899e+00 -4.081149821624e+00 -3.876809937455e+00 3.153163433439e+00 4.514661632451e+00 4.516700813602e+00 5.217356273505e+00 5.358964250559e+00 6.198022628827e+00 6.585130223694e+00 6.948853163132e+00 8.030610278948e+00 8.352500560705e+00 9.324772242584e+00 9.487975166889e+00 1.070474316229e+01 1.229863905494e+01 1.236613822889e+01 1.355710379724e+01 1.487249158178e+01 1.588389021694e+01 1.641247255228e+01 1.893881278463e+01 2.269302399045e+01 2.369552055606e+01
1.778047621881e+00 -1.400825539002e+01 -9.914950791928e+00 -9.101417145838e+00 -8.686435476978e+00 -6.958159073880e+00 -5.640524149466e+00 -4.085312230121e+00 -3.913456975270e+00 3.120100102844e+00 4.474290539284e+00 4.493295515693e+00 5.193184838751e+00 5.327813768389e+00 6.198103487902e+00 6.556349167239e+00 6.947274932006e+00 8.013142759757e+00 8.307008026767e+00 9.316561312998e+00 9.491464112338e+00 1.072747075043e+01 1.230002549530e+01 1.239422597216e+01 1.355513592866e+01 1.488662033502e+01 1.588055261970e+01 1.644775460282e+01 1.891554144673e+01 2.269254727807e+01 2.369539613106e+01
1.790262316478e+00 -1.398789326639e+01 -9.921069933103e+00 -9.087823725857e+00 -8.648939325969e+00 -6.956692679122e+00 -5.626638084033e+00 -4.088790314218e+00 -3.950037330104e+00 3.085705048701e+00 4.431590076350e+00 4.467676461861e+00 5.168306328241e+00 5.297262746750e+00 6.195020044590e+00 6.529329697873e+00 6.946143296069e+00 7.994130697110e+00 8.261008690556e+00 9.308025277594e+00 9.496389562284e+00 1.075082462549e+01 1.230159382006e+01 1.242242546762e+01 1.355346766085e+01 1.490075473763e+01 1.587676570355e+01 1.648296658132e+01 1.889208849693e+01 2.269201705103e+01 2.369527037742e+01
1.802477011075e+00 -1.396746483562e+01 -9.926920376714e+00 -9.074104826310e+00 -8.609824802598e+00 -6.955277607072e+00 -5.612057528662e+00 -4.091564151510e+00 -3.986468912406e+00 3.050010656778e+00 4.386607170493e+00 4.439817890391e+00 5.142848231322e+00 5.267444789038e+00 6.188121780575e+00 6.504642813901e+00 6.945338775430e+00 7.973578734787e+00 8.214628464760e+00 9.299172619196e+00 9.502761256592e+00 1.077477302524e+01 1.230333917537e+01 1.245068978978e+01 1.355209368406e+01 1.491487395975e+01 1.587252115776e+01 1.651805598097e+01 1.886848516227e+01 2.269143625184e+01 2.369514345480e+01
1.814691705672e+00 -1.394699744163e+01 -9.932473519015e+00 -9.060286293418e+00 -8.569153447692e+00 -6.953917403786e+00 -5.596793141242e+00 -4.093612806799e+00 -4.022662480283e+00 3.013050344712e+00 4.339397593724e+00 4.409725395221e+00 5.116914451717e+00 5.238460874318e+00 6.176799041941e+00 6.482835735755e+00 6.944724263010e+00 7.951507916426e+00 8.168011919759e+00 9.290012284152e+00 9.510572605475e+00 1.079928074636e+01 1.230525576533e+01 1.247897428758e+01 1.355100686335e+01 1.492895783831e+01 1.586781173868e+01 1.655297266519e+01 1.884476332534e+01 2.269080788316e+01 2.369501552649e+01
1.826906400268e+00 -1.392651863338e+01 -9.937704482258e+00 -9.046394420198e+00 -8.526986332014e+00 -6.952615370399e+00 -5.580861963433e+00 -4.094914054941e+00 -4.058520541180e+00 2.974858426986e+00 4.290025343650e+00 4.377438188090e+00 5.090589297829e+00 5.210375857470e+00 6.160605185453e+00 6.464305933147e+00 6.944143414644e+00 7.927955176766e+00 8.121324857178e+00 9.280553737422e+00 9.519801558543e+00 1.082430951660e+01 1.230733691213e+01 1.250723643814e+01 1.355019848850e+01 1.494298685394e+01 1.586263138332e+01 1.658766877358e+01 1.882095547016e+01 2.269013499952e+01 2.369488675920e+01
1.839121094865e+00 -1.390605609812e+01 -9.942592013022e+00 -9.032455867042e+00 -8.483384456478e+00 -6.951374536534e+00 -5.564288834351e+00 -4.095444077447e+00 -4.093936070400e+00 2.935469981244e+00 4.238561783338e+00 4.343029301018e+00 5.063941314448e+00 5.183217129775e+00 6.139373577781e+00 6.449180746505e+00 6.943418693253e+00 7.902972433104e+00 8.074757145870e+00 9.270807012916e+00 9.530411844517e+00 1.084981835776e+01 1.230957512185e+01 1.253543570224e+01 1.354965850520e+01 1.495694211090e+01 1.585697532818e+01 1.662209862840e+01 1.879709462191e+01 2.268942069938e+01 2.369475732292e+01
1.851335789462e+00 -1.388563759321e+01 -9.947118359496e+00 -9.018497574489e+00 -8.438409193738e+00 -6.950197635219e+00 -5.547108069222e+00 -4.128791010847e+00 -4.095177131671e+00 2.894920717387e+00 4.185084672453e+00 4.306603664789e+00 5.037026805940e+00 5.156975501451e+00 6.113253599969e+00 6.437278486730e+00 6.942349201519e+00 7.876625363297e+00 8.028525691897e+00 9.260782759436e+00 9.542354479899e+00 1.087576393585e+01 1.231196215444e+01 1.256353338268e+01 1.354937572797e+01 1.497080531928e+01 1.585084023291e+01 1.665621864245e+01 1.877321428059e+01 2.268866811718e+01 2.369462739074e+01
1.863550484059e+00 -1.386529087691e+01 -9.951269138361e+00 -9.004546668455e+00 -8.392122761010e+00 -6.949087079574e+00 -5.529365442619e+00 -4.162954516643e+00 -4.094085191800e+00 2.853246850691e+00 4.129677196117e+00 4.268294310135e+00 5.009892959203e+00 5.131608055919e+00 6.082636662944e+00 6.428180009847e+00 6.940708568180e+00 7.848991962312e+00 7.982877284508e+00 9.250492282732e+00 9.555569440563e+00 1.090210089556e+01 1.231448909645e+01 1.259149248657e+01 1.354933803490e+01 1.498455877927e+01 1.584422430866e+01 1.668998722924e+01 1.874934834854e+01 2.268788041570e+01 2.369449713861e+01
1.875765178656e+00 -1.384504363843e+01 -9.955033198751e+00 -8.990630358361e+00 -8.344588716989e+00 -6.948044941492e+00 -5.511120512757e+00 -4.196280906057e+00 -4.092137561417e+00 2.810484979936e+00 4.072427068537e+00 4.228257184254e+00 4.982580520431e+00 5.107042480342e+00 6.048023073675e+00 6.421359911182e+00 6.938243348293e+00 7.820160965100e+00 7.938090864470e+00 9.239947584248e+00 9.569987396337e+00 1.092878217636e+01 1.231714643537e+01 1.261927759195e+01 1.354953254515e+01 1.499818536679e+01 1.583712745044e+01 1.672336471592e+01 1.872553105228e+01 2.268706077849e+01 2.369436674515e+01
1.887979873253e+00 -1.382492342778e+01 -9.958402488150e+00 -8.976775828770e+00 -8.295872477933e+00 -6.947072932557e+00 -5.492449311720e+00 -4.228607300478e+00 -4.089300458138e+00 2.766671970996e+00 4.013425759534e+00 4.186665201268e+00 4.955126015033e+00 5.083182253485e+00 6.009904352342e+00 6.416302714265e+00 6.934672666837e+00 7.790230212077e+00 7.894478490423e+00 9.229161397247e+00 9.585531422519e+00 1.095575930798e+01 1.231992413448e+01 1.264685471921e+01 1.354994577981e+01 1.501166852053e+01 1.582955137283e+01 1.675631325936e+01 1.870179685873e+01 2.268621240261e+01 2.369423639143e+01
1.900194567850e+00 -1.380495758593e+01 -9.961371923169e+00 -8.963010125315e+00 -8.246041849424e+00 -6.946172387399e+00 -5.473447400086e+00 -4.259750952239e+00 -4.085536571845e+00 2.721844845719e+00 3.952767867009e+00 4.143702139600e+00 4.927563525978e+00 5.059912081031e+00 5.968696963962e+00 6.412568063063e+00 6.929690161798e+00 7.759305017905e+00 7.852383949364e+00 9.218147220953e+00 9.602118620604e+00 1.098298268365e+01 1.232281170710e+01 1.267419120757e+01 1.355056380698e+01 1.502499222982e+01 1.582149974827e+01 1.678879676570e+01 1.867818038651e+01 2.268533849147e+01 2.369410626068e+01
1.912409262446e+00 -1.378517317547e+01 -9.963939266647e+00 -8.949360035901e+00 -8.195167571182e+00 -6.945344249678e+00 -5.454233233730e+00 -4.289506314659e+00 -4.080804599340e+00 2.676040675054e+00 3.890550638637e+00 4.099556890836e+00 4.899926063125e+00 5.037103081622e+00 5.924721917953e+00 6.409810435485e+00 6.922969595513e+00 7.727496587664e+00 7.812177641070e+00 9.206919353404e+00 9.619661600372e+00 1.101040180960e+01 1.232579828967e+01 1.270125559640e+01 1.355137237212e+01 1.503814102336e+01 1.581297834679e+01 1.682078081348e+01 1.865471631267e+01 2.268444224794e+01 2.369397653810e+01
1.924623957043e+00 -1.376559691267e+01 -9.966105011470e+00 -8.935851968342e+00 -8.143323872507e+00 -6.944589060895e+00 -5.434951702270e+00 -4.317641995890e+00 -4.075058759926e+00 2.629296474424e+00 3.826873632145e+00 4.054418402572e+00 4.872246565923e+00 5.014617394533e+00 5.878210443771e+00 6.407773142206e+00 6.914175637266e+00 7.694920509093e+00 7.774246227610e+00 9.195492923629e+00 9.638069794414e+00 1.103796553007e+01 1.232887271267e+01 1.272801751161e+01 1.355235701448e+01 1.505109995858e+01 1.580399517592e+01 1.685223258040e+01 1.863143927571e+01 2.268352686764e+01 2.369384741051e+01
1.936838651640e+00 -1.374625510113e+01 -9.967872270690e+00 -8.922511825770e+00 -8.090589035602e+00 -6.943906952160e+00 -5.415777556231e+00 -4.343897880679e+00 -4.068248298604e+00 2.581649098213e+00 3.761838494764e+00 4.008471490512e+00 4.844558585411e+00 4.992312053516e+00 5.829319715666e+00 6.406272611646e+00 6.902981005849e+00 7.661695337164e+00 7.738975848272e+00 9.183883923738e+00 9.657250592550e+00 1.106562222746e+01 1.233202356914e+01 1.275444755678e+01 1.355350317074e+01 1.506385461143e+01 1.579456061940e+01 1.688312077386e+01 1.860838377550e+01 2.268259553245e+01 2.369371906613e+01
1.949053346237e+00 -1.372717356764e+01 -9.969246673039e+00 -8.909364881312e+00 -8.037045963197e+00 -6.943297639060e+00 -5.396918227597e+00 -4.367982916938e+00 -4.060316986259e+00 2.533135129037e+00 3.695548837786e+00 3.961893556029e+00 4.816896690157e+00 4.970042117545e+00 5.778150008252e+00 6.405181555675e+00 6.889090093668e+00 7.627941278279e+00 7.706728761710e+00 9.172109241427e+00 9.677110296605e+00 1.109331999744e+01 1.233523927998e+01 1.278051720908e+01 1.355479626673e+01 1.507639106668e+01 1.578468757298e+01 1.691341556503e+01 1.858558407118e+01 2.268165140424e+01 2.369359169423e+01
1.961268040834e+00 -1.370837760083e+01 -9.970236262535e+00 -8.896435653674e+00 -7.982782745520e+00 -6.942760419730e+00 -5.378615260997e+00 -4.389574352049e+00 -4.051202629574e+00 2.483790756216e+00 3.628110180496e+00 3.914852149241e+00 4.789296635638e+00 4.947663152821e+00 5.724759867064e+00 6.404414411620e+00 6.872267256173e+00 7.593778976092e+00 7.677815209041e+00 9.160186693312e+00 9.697554905525e+00 1.112100679964e+01 1.233850815612e+01 1.280619871961e+01 1.355622179814e+01 1.508869590851e+01 1.577439157529e+01 1.694308852662e+01 1.856307407793e+01 2.268069761884e+01 2.369346548486e+01
1.973482735431e+00 -1.368989189293e+01 -9.970851400677e+00 -8.883747785395e+00 -7.927893219807e+00 -6.942294176207e+00 -5.361143236553e+00 -4.408319541070e+00 -4.040836607552e+00 2.433651636647e+00 3.559629937952e+00 3.867503264490e+00 4.761795328418e+00 4.925033221338e+00 5.669178499368e+00 6.403915840085e+00 6.852365538366e+00 7.559328398855e+00 7.652464697692e+00 9.148135059388e+00 9.718490746989e+00 1.114863058479e+01 1.234181845693e+01 1.283146501823e+01 1.355776540126e+01 1.510075621148e+01 1.576369093181e+01 1.697211257404e+01 1.854088726377e+01 2.267973728012e+01 2.369334062845e+01
1.985697430028e+00 -1.367174048531e+01 -9.971104669607e+00 -8.871323925599e+00 -7.872477513160e+00 -6.941897379112e+00 -5.344804770461e+00 -4.423841745290e+00 -4.029143456524e+00 2.382752730136e+00 3.490217428274e+00 3.819990236376e+00 4.734430605503e+00 4.902014557248e+00 5.611415635023e+00 6.403652021306e+00 6.829349794127e+00 7.524707828394e+00 7.630802716457e+00 9.135974118791e+00 9.739824975143e+00 1.117613939928e+01 1.234515844494e+01 1.285628962268e+01 1.355941291458e+01 1.511255953175e+01 1.575260682955e+01 1.700046190999e+01 1.851905654742e+01 2.267877345444e+01 2.369321731556e+01
1.997912124624e+00 -1.365394671808e+01 -9.971010774564e+00 -8.859185619132e+00 -7.816642556711e+00 -6.941568095696e+00 -5.329920112041e+00 -4.435751408731e+00 -4.016040531525e+00 2.331128100363e+00 3.419983876751e+00 3.772443109489e+00 4.707240834845e+00 4.878475113611e+00 5.551469407929e+00 6.403604203905e+00 6.803308263759e+00 7.490032952680e+00 7.612838778387e+00 9.123724686879e+00 9.761465955348e+00 1.120348146910e+01 1.234851643681e+01 1.288064655203e+01 1.356115043196e+01 1.512409389856e+01 1.574116343980e+01 1.702811197228e+01 1.849761419855e+01 2.267780916515e+01 2.369309573644e+01
2.010126819221e+00 -1.363653318421e+01 -9.970586443982e+00 -8.847353203960e+00 -7.760502555773e+00 -6.941304001230e+00 -5.316810296322e+00 -4.443663962160e+00 -4.001437779034e+00 2.278810672048e+00 3.349042395575e+00 3.724978373536e+00 4.680264323557e+00 4.854290147732e+00 5.489332822033e+00 6.403763965161e+00 6.774449298355e+00 7.455416066430e+00 7.598469062920e+00 9.111408653464e+00 9.783323556571e+00 1.123060526479e+01 1.235188085036e+01 1.290451024451e+01 1.356296434834e+01 1.513534780608e+01 1.572938800632e+01 1.705503938477e+01 1.847659174154e+01 2.267684738742e+01 2.369297608073e+01
2.022341513818e+00 -1.361952168857e+01 -9.969850325628e+00 -8.835845718672e+00 -7.704179396983e+00 -6.941102393722e+00 -5.305774030328e+00 -4.447223987867e+00 -3.985237664411e+00 2.225831934894e+00 3.277507919365e+00 3.677698980539e+00 4.653538492338e+00 4.829343989362e+00 5.424999301101e+00 6.404129736219e+00 6.743084117629e+00 7.420965386596e+00 7.587492731920e+00 9.099049021846e+00 9.805309370686e+00 1.125745954982e+01 1.235524024789e+01 1.292785547991e+01 1.356484139866e+01 1.514631020537e+01 1.571731091598e+01 1.708122191124e+01 1.845601986386e+01 2.267589104319e+01 2.369285853705e+01
2.034556208415e+00 -1.360293321210e+01 -9.968822877298e+00 -8.824680821821e+00 -7.647802969662e+00 -6.940960211883e+00 -5.297060505653e+00 -4.446133567421e+00 -3.967335306960e+00 2.172221585656e+00 3.205497077624e+00 3.630694587451e+00 4.627098731282e+00 4.803532105940e+00 5.358467765489e+00 6.404704249420e+00 6.709600214132e+00 7.386784491406e+00 7.579637273843e+00 9.086669948036e+00 9.827336876021e+00 1.128399341489e+01 1.235858337578e+01 1.295065730689e+01 1.356676869061e+01 1.515697049677e+01 1.570496574870e+01 1.710663841218e+01 1.843592833034e+01 2.267494299635e+01 2.369274329261e+01
2.046770903012e+00 -1.358678788142e+01 -9.967526250687e+00 -8.813874724705e+00 -7.591511374826e+00 -6.940874056275e+00 -5.290842603352e+00 -4.440180365157e+00 -3.947618886548e+00 2.118007101701e+00 3.133127986012e+00 3.584041993554e+00 4.600976780271e+00 4.776763543758e+00 5.289747670899e+00 6.405492652618e+00 6.674431575690e+00 7.352971892359e+00 7.574586682994e+00 9.074296779293e+00 9.849321560195e+00 1.131015630092e+01 1.236189920048e+01 1.297289097566e+01 1.356873373195e+01 1.516731852243e+01 1.569238930359e+01 1.713126880414e+01 1.841634590426e+01 2.267400604815e+01 2.369263053283e+01
2.058985597609e+00 -1.357110494401e+01 -9.965984167221e+00 -8.803442139013e+00 -7.535450991989e+00 -6.940840213504e+00 -5.287196363074e+00 -4.429259598770e+00 -3.925970398051e+00 2.063213243220e+00 3.060519939168e+00 3.537805766538e+00 4.575198350552e+00 4.748963783289e+00 5.218864514368e+00 6.406501102693e+00 6.638031061173e+00 7.319620748264e+00 7.572007135808e+00 9.061956090790e+00 9.871181014928e+00 1.133589801388e+01 1.236517694112e+01 1.299453187684e+01 1.357072445292e+01 1.517734455925e+01 1.567962159781e+01 1.715509402182e+01 1.839730027629e+01 2.267308293273e+01 2.369252044093e+01
2.071200292206e+00 -1.355590274908e+01 -9.964221784805e+00 -8.793396240503e+00 -7.479776371460e+00 -6.940854683326e+00 -5.286091961321e+00 -4.413384680542e+00 -3.902266843748e+00 2.007861487734e+00 2.987792989078e+00 3.492039074231e+00 4.549779468577e+00 4.720078000347e+00 5.145866513087e+00 6.407735699852e+00 6.600848078970e+00 7.286818728903e+00 7.571567036888e+00 9.049675718861e+00 9.892835013244e+00 1.136116873454e+01 1.236840609883e+01 1.301555548710e+01 1.357272922440e+01 1.518703931196e+01 1.566670583486e+01 1.717809598241e+01 1.837881800198e+01 2.267217631287e+01 2.369241319754e+01
2.083414986802e+00 -1.354119873411e+01 -9.962265554633e+00 -8.783748649636e+00 -7.424649919005e+00 -6.940913208496e+00 -5.287398543856e+00 -4.392684218108e+00 -3.876381969083e+00 1.951969410868e+00 2.915067395601e+00 3.446784760940e+00 4.524720561572e+00 4.690074672470e+00 5.070833605145e+00 6.409201659961e+00 6.563312484765e+00 7.254648033609e+00 7.572950571310e+00 9.037484788884e+00 9.914205577305e+00 1.138591902660e+01 1.237157648298e+01 1.303593732304e+01 1.357473687218e+01 1.519639390664e+01 1.565368833877e+01 1.720025755237e+01 1.836092444853e+01 2.267128877598e+01 2.369230898026e+01
2.095629681399e+00 -1.352700941706e+01 -9.960143067433e+00 -8.774509429772e+00 -7.370241341100e+00 -6.941011307146e+00 -5.290901273346e+00 -4.367387053336e+00 -3.848188664231e+00 1.895550043458e+00 2.842462941011e+00 3.402076728410e+00 4.499996348909e+00 4.658949413049e+00 4.993890871622e+00 6.410902647534e+00 6.525824107306e+00 7.223185567175e+00 7.575865441956e+00 9.025413735407e+00 9.935217043230e+00 1.141009984664e+01 1.237467823460e+01 1.305565290432e+01 1.357673668790e+01 1.520539988440e+01 1.564061845084e+01 1.722156251632e+01 1.834364375128e+01 2.267042283016e+01 2.369220796325e+01
2.107844375996e+00 -1.351335039413e+01 -9.957882888737e+00 -8.765687103230e+00 -7.316726823359e+00 -6.941144307499e+00 -5.296325822274e+00 -4.337800154481e+00 -3.817562172947e+00 1.838611259308e+00 2.770098110307e+00 3.357941701375e+00 4.475537507668e+00 4.626728857541e+00 4.915230579439e+00 6.412840210232e+00 6.488746652927e+00 7.192503272453e+00 7.580046162700e+00 9.013494311665e+00 9.955796127520e+00 1.143366255947e+01 1.237770184704e+01 1.307467772783e+01 1.357871843710e+01 1.521404919548e+01 1.562754838564e+01 1.724199554803e+01 1.832699878021e+01 2.266958090052e+01 2.369211031682e+01
2.120059070593e+00 -1.350023634269e+01 -9.955514383041e+00 -8.757288685142e+00 -7.264287922794e+00 -6.941307384628e+00 -5.303364572458e+00 -4.304285150082e+00 -3.784384271816e+00 1.781155283940e+00 2.698089156954e+00 3.314401475025e+00 4.451195189714e+00 4.593474371179e+00 4.835151945757e+00 6.415013268839e+00 6.452404691591e+00 7.162668616086e+00 7.585254354725e+00 9.001759585091e+00 9.975871998263e+00 1.145655896206e+01 1.238063818424e+01 1.309298725449e+01 1.358067236469e+01 1.522233419354e+01 1.561453304312e+01 1.726154218339e+01 1.831101111642e+01 2.266876532566e+01 2.369201620701e+01
2.132273765190e+00 -1.348768102939e+01 -9.953067526952e+00 -8.749319734723e+00 -7.213110166721e+00 -6.941495599026e+00 -5.311699889320e+00 -4.267238188877e+00 -3.748548608436e+00 1.723178467070e+00 2.626549104754e+00 3.271475754026e+00 4.426667327820e+00 4.559285301922e+00 4.754139877092e+00 6.417082681262e+00 6.417417626424e+00 7.133745221208e+00 7.591277256813e+00 8.990243914954e+00 9.995376353027e+00 1.147874131977e+01 1.238347849667e+01 1.311055691082e+01 1.358258919830e+01 1.523024763033e+01 1.560162977402e+01 1.728018879516e+01 1.829570103863e+01 2.266797835430e+01 2.369192579517e+01
2.144488459787e+00 -1.347569732285e+01 -9.950572711750e+00 -8.741784423211e+00 -7.163381367545e+00 -6.941703936651e+00 -5.321021947865e+00 -4.227075699882e+00 -3.709967417409e+00 1.664671536502e+00 2.555586788358e+00 3.229185695116e+00 4.401334184276e+00 4.524301472561e+00 4.673035430183e+00 6.383025316153e+00 6.420045467987e+00 7.105793638609e+00 7.597925333292e+00 8.978982907745e+00 1.001424350432e+01 1.150016241755e+01 1.238621443521e+01 1.312736210704e+01 1.358446014972e+01 1.523778265064e+01 1.558889809618e+01 1.729792256961e+01 1.828108751926e+01 2.266722214209e+01 2.369183923755e+01
2.156703154384e+00 -1.346429721063e+01 -9.948060536029e+00 -8.734685617404e+00 -7.115289682711e+00 -6.941927350149e+00 -5.331040575784e+00 -4.184226630451e+00 -3.668579870083e+00 1.605620655989e+00 2.485306119004e+00 3.187558251274e+00 4.373872252466e+00 4.488704597978e+00 4.593429084366e+00 6.350438767537e+00 6.422884828581e+00 7.078872245576e+00 7.605029563159e+00 8.968013345507e+00 1.003241047264e+01 1.152077562910e+01 1.238883806319e+01 1.314337827414e+01 1.358627691483e+01 1.524493278752e+01 1.557639935988e+01 1.731473148475e+01 1.826718822956e+01 2.266649874857e+01 2.369175668487e+01
2.168917848980e+00 -1.345349182000e+01 -9.945561589429e+00 -8.728024977424e+00 -7.069021471631e+00 -6.942160800908e+00 -5.341491861106e+00 -4.139130439418e+00 -3.624362358438e+00 1.546009753087e+00 2.415805894234e+00 3.146631375734e+00 4.341402812457e+00 4.452718332399e+00 4.518520702740e+00 6.319492581295e+00 6.425919014681e+00 7.053038258693e+00 7.612438762990e+00 8.957373081988e+00 1.004981708650e+01 1.154053500625e+01 1.239134186666e+01 1.315858092161e+01 1.358803167228e+01 1.525169195783e+01 1.556419636118e+01 1.733060429015e+01 1.825401955326e+01 2.266581013435e+01 2.369167828197e+01
2.181132543577e+00 -1.344329144198e+01 -9.943106228746e+00 -8.721803067044e+00 -7.024759024221e+00 -6.942399301566e+00 -5.352140806593e+00 -4.092239552211e+00 -3.577341064049e+00 1.485824773373e+00 2.347180671627e+00 3.106460068616e+00 4.298528408095e+00 4.416606700414e+00 4.454093032418e+00 6.290322105976e+00 6.429125971884e+00 7.028348842368e+00 7.620017136527e+00 8.947100901373e+00 1.006640608819e+01 1.155939539015e+01 1.239371876318e+01 1.317294571779e+01 1.358971708104e+01 1.525805445807e+01 1.555235290302e+01 1.734553048834e+01 1.824159660769e+01 2.266515815833e+01 2.369160416737e+01
2.193347238174e+00 -1.343370555816e+01 -9.940724348014e+00 -8.716019474665e+00 -6.982678256091e+00 -6.942637958626e+00 -5.362781333436e+00 -4.044024904071e+00 -3.527607212235e+00 1.425060760551e+00 2.279523521059e+00 3.067123127813e+00 4.240137736534e+00 4.380670745739e+00 4.405718245874e+00 6.263031369297e+00 6.432477603342e+00 7.004862287236e+00 7.627642141676e+00 8.937236334472e+00 1.008212324381e+01 1.157731254550e+01 1.239596210923e+01 1.318644859419e+01 1.359132627720e+01 1.526401496052e+01 1.554093330512e+01 1.735950031760e+01 1.822993327176e+01 2.266454457526e+01 2.369153447289e+01
2.205561932771e+00 -1.342474286960e+01 -9.938445144449e+00 -8.710672942843e+00 -6.942946480309e+00 -6.942872014760e+00 -5.373234706639e+00 -3.994983331471e+00 -3.475335439814e+00 1.363732956039e+00 2.212931878271e+00 3.028730293909e+00 4.168215518000e+00 4.345243342310e+00 4.371960725505e+00 6.237696324433e+00 6.435939059542e+00 6.982639219986e+00 7.635202704465e+00 8.927819427718e+00 1.009691745572e+01 1.159424331801e+01 1.239806570643e+01 1.319906587454e+01 1.359285287017e+01 1.526956850958e+01 1.553000186503e+01 1.737250473615e+01 1.821904221935e+01 2.266397103325e+01 2.369146932332e+01
2.217776627368e+00 -1.341641132737e+01 -9.936296882403e+00 -8.705761504084e+00 -6.943096890428e+00 -6.905720371830e+00 -5.383347159105e+00 -3.945645722641e+00 -3.420805670098e+00 1.301893438068e+00 2.147518243842e+00 2.991429261107e+00 4.089020509126e+00 4.310682249071e+00 4.347212335628e+00 6.214368372187e+00 6.439468043457e+00 6.961743786326e+00 7.642597775249e+00 8.918890461235e+00 1.011074087550e+01 1.161014581449e+01 1.240002380669e+01 1.321077442864e+01 1.359429093837e+01 1.527471051852e+01 1.551962227436e+01 1.738453540764e+01 1.820893495741e+01 2.266343907162e+01 2.369140883603e+01
2.229991321965e+00 -1.340871816394e+01 -9.934306657736e+00 -8.701282620516e+00 -6.943308224406e+00 -6.871144235947e+00 -5.392987225944e+00 -3.896584897693e+00 -3.364428709485e+00 1.239655127555e+00 2.083428045868e+00 2.955411783810e+00 4.007208189962e+00 4.277361643978e+00 4.327582519455e+00 6.193078047549e+00 6.443014207654e+00 6.942244719472e+00 7.649735204718e+00 8.910489613680e+00 1.012354901537e+01 1.162497960425e+01 1.240183111645e+01 1.322155185003e+01 1.359563502472e+01 1.527943676639e+01 1.550985699584e+01 1.739558468793e+01 1.819962186742e+01 2.266295011879e+01 2.369135312066e+01
2.242206016561e+00 -1.340166992499e+01 -9.932500165218e+00 -8.697233324987e+00 -6.943501912818e+00 -6.839348675363e+00 -5.402043097744e+00 -3.848422116472e+00 -3.306775313673e+00 1.177225163208e+00 2.020867420995e+00 2.920917884499e+00 3.925554924993e+00 4.245662528557e+00 4.311184557681e+00 6.173838749059e+00 6.446518762805e+00 6.924216166710e+00 7.656530908946e+00 8.902656573560e+00 1.013530085621e+01 1.163870593919e+01 1.240348280007e+01 1.323137665537e+01 1.359688013194e+01 1.528374339525e+01 1.550076660889e+01 1.740564561305e+01 1.819111224901e+01 2.266250549039e+01 2.369130227878e+01
2.254420711158e+00 -1.339527250089e+01 -9.930901471743e+00 -8.693610361123e+00 -6.943674146296e+00 -6.810449722432e+00 -5.410420161528e+00 -3.801830913963e+00 -3.248607492337e+00 1.114949467801e+00 1.960143533943e+00 2.888237027706e+00 3.845964877059e+00 4.215962529361e+00 4.297133977006e+00 6.156650390827e+00 6.449914468421e+00 6.907738097815e+00 7.662908289441e+00 8.895430099304e+00 1.014595895012e+01 1.165128798943e+01 1.240497448257e+01 1.324022850213e+01 1.359802171790e+01 1.528762690760e+01 1.549240913351e+01 1.741471188836e+01 1.818341436490e+01 2.266210638747e+01 2.369125640359e+01
2.266635405755e+00 -1.338953115740e+01 -9.929532798246e+00 -8.690410319880e+00 -6.943821444865e+00 -6.784548466286e+00 -5.418038808590e+00 -3.757536686563e+00 -3.190909019159e+00 1.053369371129e+00 1.901718543234e+00 2.857705144192e+00 3.770020965805e+00 4.188625709465e+00 4.284994246920e+00 6.141502869665e+00 6.453126228939e+00 6.892896068989e+00 7.668797873161e+00 8.888847533522e+00 1.015548951610e+01 1.166269109024e+01 1.240630225179e+01 1.324808841979e+01 1.359905569106e+01 1.529108416419e+01 1.548483934382e+01 1.742277787877e+01 1.817653548568e+01 2.266175389488e+01 2.369121557967e+01
2.278850100352e+00 -1.338445056490e+01 -9.928414313283e+00 -8.687629770248e+00 -6.943940690213e+00 -6.761731162999e+00 -5.424832534996e+00 -3.716310197423e+00 -3.134909168731e+00 9.932886724646e-01 1.846274204990e+00 2.829696637549e+00 3.699208662030e+00 4.163993016419e+00 4.274536935347e+00 6.128379260360e+00 6.456072554713e+00 6.879780081349e+00 7.674137137315e+00 8.882944280416e+00 1.016386252694e+01 1.167288299525e+01 1.240746266000e+01 1.325493904863e+01 1.359997840609e+01 1.529411238189e+01 1.547810808493e+01 1.742983860010e+01 1.817048193373e+01 2.266144897988e+01 2.369117988270e+01
2.291064794949e+00 -1.338003482572e+01 -9.927563941199e+00 -8.685265381829e+00 -6.944029154984e+00 -6.742069775427e+00 -5.430746331111e+00 -3.678953100847e+00 -3.082089533471e+00 9.358442823606e-01 1.794776064718e+00 2.804611012641e+00 3.634988432430e+00 4.142373918212e+00 4.265636851786e+00 6.117258676587e+00 6.458668139276e+00 6.868482282525e+00 7.678870483827e+00 8.877753259021e+00 1.017105178631e+01 1.168183413044e+01 1.240845272517e+01 1.326076487870e+01 1.360078665986e+01 1.529670913200e+01 1.547226160782e+01 1.743588971147e+01 1.816525912512e+01 2.266119249077e+01 2.369114937926e+01
2.303279489546e+00 -1.337628749902e+01 -9.926997187745e+00 -8.683314037208e+00 -6.944084528784e+00 -6.725622852979e+00 -5.435735342186e+00 -3.646273934642e+00 -3.034159099023e+00 8.825639179085e-01 1.748513981320e+00 2.782854494826e+00 3.578793799468e+00 4.124039620311e+00 4.258223248165e+00 6.108118759347e+00 6.460827713883e+00 6.859093351243e+00 7.682949328423e+00 8.873304348561e+00 1.017703499480e+01 1.168951784288e+01 1.240926993181e+01 1.326555248094e+01 1.360147768776e+01 1.529887233861e+01 1.546734093829e+01 1.744092750873e+01 1.816087160867e+01 2.266098515578e+01 2.369112412657e+01
2.315494184143e+00 -1.337321162285e+01 -9.926726985840e+00 -8.681772932196e+00 -6.944104940623e+00 -6.712436634192e+00 -5.439763776635e+00 -3.619054041333e+00 -2.992979928833e+00 8.353791873892e-01 1.709082652119e+00 2.764817845747e+00 3.531987720981e+00 4.109218041122e+00 4.252255528406e+00 6.100937776027e+00 6.462471135122e+00 6.851697610640e+00 7.686332269607e+00 8.869623845326e+00 1.018179380404e+01 1.169591063795e+01 1.240991223159e+01 1.326929072168e+01 1.360204916050e+01 1.530060027735e+01 1.546338129623e+01 1.744494891883e+01 1.815732310142e+01 2.266082758206e+01 2.369110417241e+01
2.327708878739e+00 -1.337080973293e+01 -9.926763563937e+00 -8.680639662266e+00 -6.944088977524e+00 -6.702546239636e+00 -5.442804038392e+00 -3.598004693624e+00 -2.960429336575e+00 7.965450300191e-01 1.678261536804e+00 2.750852350289e+00 3.495795480409e+00 4.098090493804e+00 4.247710422338e+00 6.095696329483e+00 6.463529340915e+00 6.846367236789e+00 7.688985303624e+00 8.866733952594e+00 1.018531385828e+01 1.170099239885e+01 1.241037804369e+01 1.327197095187e+01 1.360249918135e+01 1.530189157426e+01 1.546041158141e+01 1.744795149523e+01 1.815461651968e+01 2.266072025485e+01 2.369108955487e+01
2.339923573336e+00 -1.336908387782e+01 -9.927114339160e+00 -8.679912293728e+00 -6.944035699108e+00 -6.695976820250e+00 -5.444836062166e+00 -3.583719161057e+00 -2.938199552776e+00 7.684116370244e-01 1.657773293426e+00 2.741246464470e+00 3.471228575116e+00 4.090789827772e+00 4.244574899938e+00 6.092378687202e+00 6.463950438653e+00 6.843156300603e+00 7.690882053343e+00 8.864652326021e+00 1.018758482292e+01 1.170474658247e+01 1.241066625501e+01 1.327358716264e+01 1.360282628401e+01 1.530274520493e+01 1.545845394077e+01 1.744993341421e+01 1.815275400527e+01 2.266066353681e+01 2.369108030231e+01
2.352138267933e+00 -1.336803563027e+01 -9.927783837009e+00 -8.679589418469e+00 -6.943944647973e+00 -6.692744536518e+00 -5.445846834162e+00 -3.576625957023e+00 -2.927563492531e+00 7.530323618208e-01 1.648952854073e+00 2.736205741091e+00 3.459012907782e+00 4.087399663730e+00 4.242842164348e+00 6.090973745786e+00 6.463704904167e+00 6.842095666135e+00 7.692003982051e+00 8.863391696127e+00 1.018860039989e+01 1.170716038619e+01 1.241077622018e+01 1.327413610007e+01 1.360302943101e+01 1.530316049383e+01 1.545752343055e+01 1.745089347220e+01 1.815173694632e+01 2.266065766743e+01 2.369107643322e+01
2.364352962530e+00 -1.336766609444e+01 -9.928773639008e+00 -8.679670191370e+00 -6.943815855748e+00 -6.692857265252e+00 -5.445830085224e+00 -3.576951042894e+00 -2.929164930033e+00 7.516911115026e-01 1.652427989079e+00 2.735838350474e+00 3.459532741164e+00 4.087954332283e+00 4.242509432255e+00 6.091475646571e+00 6.462788838029e+00 6.843189800239e+00 7.692340567789e+00 8.862959587005e+00 1.018835832957e+01 1.170822488102e+01 1.241070776147e+01 1.327361733331e+01 1.360310801270e+01 1.530313711392e+01 1.545762778368e+01 1.745083108390e+01 1.815156599232e+01 2.266070276274e+01 2.369107795621e+01
2.376567657127e+00 -1.336797590885e+01 -9.930082359223e+00 -8.680154349787e+00 -6.943649844750e+00 -6.696314960769e+00 -5.444786147819e+00 -3.584696334440e+00 -2.942901888765e+00 7.645459548390e-01 1.667945404651e+00 2.740147850461e+00 3.472798875999e+00 4.092439195724e+00 4.243576873625e+00 6.093884055168e+00 6.461224541386e+00 6.846416232416e+00 7.691889419889e+00 8.863358146145e+00 1.018686037960e+01 1.170793510732e+01 1.241046116853e+01 1.327203327264e+01 1.360306184689e+01 1.530267508638e+01 1.545876729018e+01 1.744974628150e+01 1.815224106313e+01 2.266079881500e+01 2.369108486995e+01
2.388782351724e+00 -1.336896524512e+01 -9.931705650059e+00 -8.681042214810e+00 -6.943447625202e+00 -6.703109633200e+00 -5.442721972926e+00 -3.599639085641e+00 -2.967946934644e+00 7.905848869855e-01 1.694427940182e+00 2.749033964068e+00 3.498445932684e+00 4.100791172772e+00 4.246047444479e+00 6.098204112350e+00 6.459058270422e+00 6.851727806263e+00 7.690656326748e+00 8.864584094681e+00 1.018411232060e+01 1.170629013068e+01 1.241003719815e+01 1.326938913580e+01 1.360289117915e+01 1.530177478068e+01 1.546093479409e+01 1.744763971469e+01 1.815376135187e+01 2.266094569270e+01 2.369109716317e+01
2.400997046321e+00 -1.337063380222e+01 -9.933636237284e+00 -8.682334674295e+00 -6.943210688051e+00 -6.713224945549e+00 -5.439651307386e+00 -3.621352318127e+00 -3.002896137002e+00 8.279196501616e-01 1.730237129975e+00 2.762301148365e+00 3.535759778518e+00 4.112899460418e+00 4.249927593358e+00 6.104446057332e+00 6.456355683025e+00 6.859057208972e+00 7.688655232072e+00 8.866628800842e+00 1.018012388929e+01 1.170329305668e+01 1.240943707378e+01 1.326569286388e+01 1.360259668370e+01 1.530043691473e+01 1.546411580693e+01 1.744451265165e+01 1.815612532146e+01 2.266114314061e+01 2.369111481473e+01
2.413211740917e+00 -1.337298079651e+01 -9.935863983672e+00 -8.684033148003e+00 -6.942940993439e+00 -6.726635469898e+00 -5.435595036943e+00 -3.649241986937e+00 -3.045991942200e+00 8.742487944828e-01 1.773522577293e+00 2.779673827001e+00 3.583731827116e+00 4.128606614644e+00 4.255229066562e+00 6.112624518229e+00 6.453195945209e+00 6.868322810788e+00 7.685908145252e+00 8.869478472579e+00 1.017490873949e+01 1.169895100442e+01 1.240866248498e+01 1.326095499005e+01 1.360217946489e+01 1.529866255536e+01 1.546828873380e+01 1.744036698094e+01 1.815933069514e+01 2.266139078003e+01 2.369113779364e+01
2.425426435514e+00 -1.337600494759e+01 -9.938375980226e+00 -8.686139535428e+00 -6.942640954959e+00 -6.743305678854e+00 -5.430581704780e+00 -3.682593632743e+00 -3.095351283582e+00 9.272789048803e-01 1.822527944966e+00 2.800816431865e+00 3.641132206390e+00 4.147710273920e+00 4.261972393280e+00 6.122757459729e+00 6.449665575940e+00 6.879434734740e+00 7.682444999717e+00 8.873114459005e+00 1.016848438153e+01 1.169327504036e+01 1.240771558678e+01 1.325518846683e+01 1.360164105940e+01 1.529645311895e+01 1.547342520438e+01 1.743520521433e+01 1.816337444089e+01 2.266168810920e+01 2.369116605921e+01
2.437641130111e+00 -1.337970446011e+01 -9.941156663462e+00 -8.688656147244e+00 -6.942313419844e+00 -6.763188777966e+00 -5.424648220046e+00 -3.720620661433e+00 -3.149148742213e+00 9.849916189417e-01 1.875780023952e+00 2.825355952551e+00 3.706589605620e+00 4.169965857809e+00 4.270193295725e+00 6.134864775798e+00 6.445852910513e+00 6.892300275028e+00 7.678303480355e+00 8.877513644815e+00 1.016087211097e+01 1.168628007472e+01 1.240659899883e+01 1.324840845900e+01 1.360098343890e+01 1.529381037234e+01 1.547949049833e+01 1.742903049059e+01 1.816825275020e+01 2.266203450384e+01 2.369119956111e+01
2.449855824708e+00 -1.338407700189e+01 -9.944187956828e+00 -8.691585621535e+00 -6.941961645311e+00 -6.786225505525e+00 -5.417840775282e+00 -3.762507822269e+00 -3.205735262550e+00 1.045754955909e+00 1.932155817958e+00 2.852904586283e+00 3.778663094778e+00 4.195090534617e+00 4.279954686410e+00 6.148966516806e+00 6.441843704781e+00 6.906828139974e+00 7.673528847131e+00 8.882648918008e+00 1.015209692739e+01 1.167798472429e+01 1.240531580431e+01 1.324063211090e+01 1.360020901329e+01 1.529073643388e+01 1.548644405171e+01 1.742184658023e+01 1.817396101153e+01 2.266242921785e+01 2.369123823960e+01
2.462070519305e+00 -1.338911967857e+01 -9.947449434007e+00 -8.694930826250e+00 -6.941589271299e+00 -6.812343035618e+00 -5.410215995542e+00 -3.807445943479e+00 -3.263697068824e+00 1.108328834563e+00 1.990862941547e+00 2.883080322501e+00 3.855889873546e+00 4.222768632879e+00 4.291370231944e+00 6.165080746631e+00 6.437718045522e+00 6.922931352257e+00 7.668173786593e+00 8.888489688985e+00 1.014218744420e+01 1.166841114593e+01 1.240386954867e+01 1.323187829704e+01 1.359932063448e+01 1.528723377481e+01 1.549424002969e+01 1.741365789120e+01 1.818049377892e+01 2.266287138422e+01 2.369128202564e+01
2.474285213902e+00 -1.339482900525e+01 -9.950918501559e+00 -8.698694749550e+00 -6.941200289889e+00 -6.841454116897e+00 -5.401842344410e+00 -3.854656496958e+00 -3.321870629032e+00 1.171816525081e+00 2.051376502228e+00 2.915523824419e+00 3.936788645146e+00 4.252658495936e+00 4.304653909312e+00 6.183221036565e+00 6.433548473500e+00 6.940528897921e+00 7.662298326149e+00 8.895002438651e+00 1.013117579075e+01 1.165758484613e+01 1.240226423805e+01 1.322216736538e+01 1.359832160054e+01 1.528330522078e+01 1.550282794948e+01 1.740446947559e+01 1.818784473649e+01 2.266336001600e+01 2.369133084115e+01
2.486499908499e+00 -1.340120087551e+01 -9.954570598125e+00 -8.702880379951e+00 -6.940799011725e+00 -6.873456562978e+00 -5.392801811542e+00 -3.903406452064e+00 -3.379330652711e+00 1.235597432263e+00 2.113365304552e+00 2.949910664390e+00 4.019779577860e+00 4.284400583949e+00 4.320233326990e+00 6.203393619177e+00 6.429399089097e+00 6.959546352536e+00 7.655969847983e+00 8.902151274288e+00 1.011909750793e+01 1.164553447198e+01 1.240050433725e+01 1.321152088197e+01 1.359721566029e+01 1.527895395369e+01 1.551215333757e+01 1.739428703737e+01 1.819600665938e+01 2.266389400749e+01 2.369138459923e+01
2.498714603095e+00 -1.340823052830e+01 -9.958379407325e+00 -8.707490578311e+00 -6.940390029776e+00 -6.908233182039e+00 -5.383191900205e+00 -3.953014954662e+00 -3.435364471109e+00 1.299260459727e+00 2.176625782618e+00 2.985958684007e+00 4.102916941872e+00 4.317626453581e+00 4.339032983546e+00 6.225594245524e+00 6.425325372530e+00 6.979915751310e+00 7.649263240661e+00 8.909898474300e+00 1.010599143861e+01 1.163229158966e+01 1.239859476736e+01 1.319996138479e+01 1.359600701810e+01 1.527418351371e+01 1.552215840548e+01 1.738311694123e+01 1.820497137215e+01 2.266447213563e+01 2.369144320440e+01
2.510929297692e+00 -1.341591251330e+01 -9.962317081359e+00 -8.712527943887e+00 -6.945652195822e+00 -6.939978180810e+00 -5.373127917202e+00 -4.002853757498e+00 -3.489441561648e+00 1.362546407927e+00 2.241030731263e+00 3.023430852917e+00 4.183148464261e+00 4.351968125091e+00 4.363217505548e+00 6.249804811265e+00 6.421374473093e+00 7.001574948372e+00 7.642261227118e+00 8.918205006181e+00 1.009189961459e+01 1.161789045590e+01 1.239654090277e+01 1.318751215350e+01 1.359470033903e+01 1.526899780159e+01 1.553278272970e+01 1.737096622236e+01 1.821472970541e+01 2.266509306141e+01 2.369150655292e+01
2.523143992289e+00 -1.342424065522e+01 -9.966354472369e+00 -8.717994676782e+00 -6.985568156232e+00 -6.939568504970e+00 -5.362745534883e+00 -4.052343279646e+00 -3.541183202854e+00 1.425301860566e+00 2.306493251112e+00 3.062134410493e+00 4.254743425661e+00 4.387067297182e+00 4.397757254501e+00 6.275989838111e+00 6.417585770969e+00 7.024466662549e+00 7.635054908126e+00 8.927031005697e+00 1.007686714156e+01 1.160236778812e+01 1.239434856760e+01 1.317419700018e+01 1.359330075393e+01 1.526340108120e+01 1.554396392247e+01 1.735784259755e+01 1.822527145174e+01 2.266575533159e+01 2.369157453306e+01
2.535358686886e+00 -1.343320801784e+01 -9.970461368651e+00 -8.723892439179e+00 -7.027823326016e+00 -6.939166203827e+00 -5.352203535810e+00 -4.100945924090e+00 -3.590334689231e+00 1.487444112255e+00 2.372943371577e+00 3.101917270144e+00 4.309879219060e+00 4.422583892186e+00 4.449830402051e+00 6.304092912838e+00 6.413991568865e+00 7.048537354897e+00 7.627744560426e+00 8.936336208982e+00 1.006094208397e+01 1.158576253818e+01 1.239202403137e+01 1.316004008498e+01 1.359181386466e+01 1.525739798234e+01 1.555563828229e+01 1.734375447731e+01 1.823658532198e+01 2.266645738048e+01 2.369164702546e+01
2.547573381483e+00 -1.344280686821e+01 -9.974606732953e+00 -8.730222217781e+00 -7.072249453476e+00 -6.938776597343e+00 -5.341686551775e+00 -4.148158008239e+00 -3.636741017373e+00 1.548935519260e+00 2.440314077583e+00 3.142662675423e+00 4.348190633426e+00 4.458203494533e+00 4.519260071486e+00 6.334033193154e+00 6.410617817978e+00 7.073736037991e+00 7.620440727859e+00 8.946080332742e+00 1.004417535152e+01 1.156811567411e+01 1.238957400380e+01 1.314506575884e+01 1.359024574909e+01 1.525099350384e+01 1.556774141450e+01 1.732871097930e+01 1.824865890298e+01 2.266719753193e+01 2.369172390341e+01
2.554988659558e+00 -1.343328108778e+01 -9.992190660261e+00 -8.730056437345e+00 -7.062352705536e+00 -6.936661132203e+00 -5.344108205191e+00 -4.142013096465e+00 -3.633825059846e+00 1.534458918987e+00 2.440582843161e+00 3.128128179751e+00 4.343201171810e+00 4.452421116655e+00 4.500294434216e+00 6.335440505708e+00 6.399916443645e+00 7.082074099895e+00 7.628829464813e+00 8.935677752683e+00 1.004436487377e+01 1.159041722286e+01 1.238895462637e+01 1.314076659361e+01 1.359209196294e+01 1.525227282518e+01 1.556700250150e+01 1.733146936767e+01 1.824180161155e+01 2.266790615595e+01 2.369174056161e+01
2.562403937632e+00 -1.342483474518e+01 -1.000702799198e+01 -8.729860487208e+00 -7.052459544352e+00 -6.934824829545e+00 -5.346051502064e+00 -4.135429016086e+00 -3.630974539107e+00 1.519502916279e+00 2.441525758618e+00 3.113054886780e+00 4.337518619401e+00 4.446515947793e+00 4.481504368828e+00 6.335877986325e+00 6.389016898174e+00 7.090351759527e+00 7.637568764243e+00 8.925963761643e+00 1.004433148972e+01 1.160977114631e+01 1.238835284625e+01 1.313799967501e+01 1.359372203952e+01 1.525356039767e+01 1.556618042753e+01 1.733419850849e+01 1.823544437513e+01 2.266850086372e+01 2.369176034855e+01
2.569819215707e+00 -1.341750929340e+01 -1.001907283252e+01 -8.729631767258e+00 -7.042569205258e+00 -6.933275615950e+00 -5.347514425971e+00 -4.128392711817e+00 -3.628177818631e+00 1.504054825912e+00 2.443121541174e+00 3.097460953495e+00 4.330937314415e+00 4.440474066346e+00 4.463095366460e+00 6.335348126176e+00 6.377929785759e+00 7.098570147406e+00 7.646606941068e+00 8.916978402073e+00 1.004407478343e+01 1.162605011557e+01 1.238776810940e+01 1.313686894341e+01 1.359513517381e+01 1.525485612302e+01 1.556527623074e+01 1.733689867803e+01 1.822959605987e+01 2.266898052171e+01 2.369178321745e+01
2.577234493782e+00 -1.341134082975e+01 -1.002828478303e+01 -8.729367795630e+00 -7.032680883469e+00 -6.932020427461e+00 -5.348496213523e+00 -4.120891145023e+00 -3.625422537113e+00 1.488100908914e+00 2.445346892930e+00 3.081363971700e+00 4.323186699006e+00 4.434282198937e+00 4.445337244079e+00 6.333858007794e+00 6.366665176883e+00 7.106730166851e+00 7.655888253578e+00 8.908761644981e+00 1.004359263143e+01 1.163914813455e+01 1.238719987283e+01 1.313746066045e+01 1.359633083530e+01 1.525615985720e+01 1.556429125725e+01 1.733957013394e+01 1.822426442217e+01 2.266934418062e+01 2.369180911800e+01
2.584649771857e+00 -1.340635950777e+01 -1.003462951498e+01 -8.729066212304e+00 -7.022793733771e+00 -6.931065166455e+00 -5.348997389202e+00 -4.112911286995e+00 -3.622695660333e+00 1.471626284722e+00 2.448176628681e+00 3.064781008852e+00 4.313936177397e+00 4.427927645169e+00 4.428559363602e+00 6.331418960309e+00 6.355232666805e+00 7.114832436148e+00 7.665353580428e+00 8.901353089582e+00 1.004288123557e+01 1.164898459744e+01 1.238664760498e+01 1.313983929690e+01 1.359730876819e+01 1.525747141050e+01 1.556322715403e+01 1.734221311471e+01 1.821945608402e+01 2.266959107556e+01 2.369183799641e+01
2.592065049932e+00 -1.340258902914e+01 -1.003807926666e+01 -8.728724782463e+00 -7.012906867894e+00 -6.930414666777e+00 -5.349019791099e+00 -4.104440113306e+00 -3.619983533557e+00 1.454614834398e+00 2.451583795685e+00 3.047728651181e+00 4.302834294161e+00 4.413111531491e+00 4.421398203756e+00 6.328046177714e+00 6.343641418950e+00 7.122877246490e+00 7.674941184602e+00 8.894791608402e+00 1.004193512800e+01 1.165550759347e+01 1.238611078602e+01 1.314404420472e+01 1.359806899136e+01 1.525879054795e+01 1.556208585980e+01 1.734482783915e+01 1.821517651245e+01 2.266972062595e+01 2.369186979548e+01
2.599480328007e+00 -1.340004623497e+01 -1.003861324317e+01 -8.728341399638e+00 -7.003019349540e+00 -6.930072667744e+00 -5.348566586801e+00 -4.095464599359e+00 -3.617271934079e+00 1.437049093104e+00 2.455539783353e+00 3.030223047459e+00 4.289592991555e+00 4.399279820798e+00 4.414682101071e+00 6.323758315958e+00 6.331900195986e+00 7.130864532476e+00 7.684587549779e+00 8.889114936925e+00 1.004074714955e+01 1.165869609760e+01 1.238558890802e+01 1.315008743363e+01 1.359861179832e+01 1.526011698972e+01 1.556086959425e+01 1.734741450597e+01 1.821143000309e+01 2.266973243553e+01 2.369190445471e+01
2.606895606081e+00 -1.339874081282e+01 -1.003621790371e+01 -8.727914088636e+00 -6.993130187028e+00 -6.930041797411e+00 -5.347642278891e+00 -4.085971717244e+00 -3.614546123523e+00 1.418910129634e+00 2.460014420773e+00 3.012279951982e+00 4.274086475978e+00 4.387187786544e+00 4.407767923021e+00 6.318577083457e+00 6.320017380897e+00 7.138793852526e+00 7.694228273134e+00 8.884359209450e+00 1.003930840224e+01 1.165856079373e+01 1.238508147518e+01 1.315795294448e+01 1.359893775702e+01 1.526145041178e+01 1.555958084551e+01 1.734997329337e+01 1.820821966821e+01 2.266962629224e+01 2.369194191039e+01
2.614310884156e+00 -1.339867513113e+01 -1.003088712421e+01 -8.727441008281e+00 -6.983238323434e+00 -6.930323565354e+00 -5.346252699726e+00 -4.075948433982e+00 -3.611790899591e+00 1.400177410316e+00 2.464976059892e+00 2.993914765544e+00 4.256394070611e+00 4.376753698461e+00 4.400644550936e+00 6.308000989980e+00 6.312526837807e+00 7.146664377039e+00 7.703798997168e+00 8.880558446132e+00 1.003760817584e+01 1.165514343700e+01 1.238458800392e+01 1.316759731282e+01 1.359904770954e+01 1.526279044669e+01 1.555822235595e+01 1.735250435872e+01 1.820554742892e+01 2.266940216794e+01 2.369198209566e+01
2.621726162231e+00 -1.339984420804e+01 -1.002262222866e+01 -8.726920453968e+00 -6.973342624101e+00 -6.930918364994e+00 -5.344404995344e+00 -4.065381711243e+00 -3.608990646932e+00 1.380828643942e+00 2.470391642130e+00 2.975142573361e+00 4.236751008826e+00 4.367739837705e+00 4.393301102026e+00 6.295858679343e+00 6.305634199146e+00 7.154474882477e+00 7.713236361576e+00 8.877743999968e+00 1.003563384831e+01 1.164851483968e+01 1.238410802295e+01 1.317895183833e+01 1.359894277164e+01 1.526413668455e+01 1.555679710651e+01 1.735500783820e+01 1.820341401203e+01 2.266906021826e+01 2.369202494064e+01
2.629141440306e+00 -1.340223581556e+01 -1.001143188818e+01 -8.726350860054e+00 -6.963441861315e+00 -6.931825485306e+00 -5.342107598596e+00 -4.054258506592e+00 -3.606129386883e+00 1.360839603598e+00 2.476226746088e+00 2.955978179063e+00 4.215453112809e+00 4.359847914526e+00 4.385726874847e+00 6.283597746216e+00 6.297927688219e+00 7.162223749933e+00 7.722478954395e+00 8.875943976699e+00 1.003337075895e+01 1.163877172619e+01 1.238364107332e+01 1.319192581539e+01 1.359862433218e+01 1.526548867407e+01 1.555530829960e+01 1.735748384664e+01 1.820181895106e+01 2.266860078220e+01 2.369207037251e+01
2.636556718381e+00 -1.340583071453e+01 -9.997331892524e+00 -8.725730802082e+00 -6.953534695920e+00 -6.933043131553e+00 -5.339370191784e+00 -4.042565776309e+00 -3.603190825865e+00 1.340183920262e+00 2.482445613930e+00 2.936436134025e+00 4.192781195901e+00 4.352794769960e+00 4.377911300098e+00 6.271225126164e+00 6.289437394748e+00 7.169908966928e+00 7.731468239877e+00 8.875182644782e+00 1.003080205330e+01 1.162603281404e+01 1.238318670842e+01 1.320641060930e+01 1.359809405253e+01 1.526684592378e+01 1.555375934075e+01 1.735993247726e+01 1.820076059179e+01 2.266802438182e+01 2.369211831560e+01
2.643971996456e+00 -1.341060301041e+01 -9.980344804458e+00 -8.725058998861e+00 -6.943619655579e+00 -6.934568454519e+00 -5.336203659304e+00 -4.030290479780e+00 -3.600158402236e+00 1.318832841724e+00 2.489011153806e+00 2.916530761421e+00 4.168967384238e+00 4.346346167871e+00 4.369843896997e+00 6.258747387095e+00 6.280194679463e+00 7.177528131474e+00 7.740149438938e+00 8.875479856404e+00 1.002790849800e+01 1.161043452257e+01 1.238274449399e+01 1.322228413769e+01 1.359735386567e+01 1.526820790340e+01 1.555215381924e+01 1.736235380156e+01 1.820023610196e+01 2.266733172172e+01 2.369216869152e+01
2.651387274530e+00 -1.341652061514e+01 -9.960499511704e+00 -8.724334314403e+00 -6.936397587558e+00 -6.933695109320e+00 -5.332620030968e+00 -4.017419585489e+00 -3.597015331479e+00 1.296754948697e+00 2.495884915540e+00 2.896276174492e+00 4.144191003219e+00 4.340321033985e+00 4.361514235454e+00 6.246170720809e+00 6.270231911190e+00 7.185078457564e+00 7.748472337004e+00 8.876850503428e+00 1.002466826396e+01 1.159212669250e+01 1.238231400804e+01 1.323941537620e+01 1.359640597534e+01 1.526957404535e+01 1.555049548771e+01 1.736474786921e+01 1.820024148516e+01 2.266652368857e+01 2.369222141926e+01
2.658802552605e+00 -1.342354579711e+01 -9.937830695243e+00 -8.723555759729e+00 -6.938525690631e+00 -6.923759237960e+00 -5.328632416834e+00 -4.003940078540e+00 -3.593744649612e+00 1.273915817788e+00 2.503027036459e+00 2.875686288620e+00 4.118586974474e+00 4.334583198810e+00 4.352911904174e+00 6.233500932692e+00 6.259582238777e+00 7.192556781416e+00 7.756391994181e+00 8.879304033692e+00 1.002105667569e+01 1.157126863138e+01 1.238189484081e+01 1.325766857531e+01 1.359525285499e+01 1.527094374627e+01 1.554878824116e+01 1.736711470802e+01 1.820077159865e+01 2.266560135051e+01 2.369227641528e+01
2.666217830680e+00 -1.343163579847e+01 -9.912378234902e+00 -8.722722494544e+00 -6.940947000408e+00 -6.913809999895e+00 -5.324254934517e+00 -3.989838969670e+00 -3.590329254756e+00 1.250277618097e+00 2.510396153935e+00 2.854774826869e+00 4.092256734172e+00 4.329030636605e+00 4.344026484849e+00 6.220743430085e+00 6.248279396349e+00 7.199959567920e+00 7.763869334158e+00 8.882844052797e+00 1.001704592510e+01 1.154802570653e+01 1.238148659474e+01 1.327690696871e+01 1.359389724661e+01 1.527231636876e+01 1.554703609535e+01 1.736945432397e+01 1.820182017507e+01 2.266456595651e+01 2.369233359365e+01
2.673633108755e+00 -1.344074349833e+01 -9.884186574435e+00 -8.721833828797e+00 -6.943654885447e+00 -6.903845091656e+00 -5.319502630048e+00 -3.975103305673e+00 -3.586751946839e+00 1.225798624331e+00 2.517949280762e+00 2.833555318725e+00 4.065277811022e+00 4.323586065540e+00 4.334847532548e+00 6.207903209729e+00 6.236357539498e+00 7.207282916820e+00 7.770871591500e+00 8.887468034133e+00 1.001260474800e+01 1.152256660950e+01 1.238108888434e+01 1.329699585133e+01 1.359234215943e+01 1.527369124318e+01 1.554524316488e+01 1.737176670123e+01 1.820337984764e+01 2.266341893555e+01 2.369239286614e+01
2.681048386830e+00 -1.345081810042e+01 -9.853304068205e+00 -8.720889224121e+00 -6.946641905396e+00 -6.893861902537e+00 -5.314391393415e+00 -3.959720181090e+00 -3.582995465429e+00 1.200432624060e+00 2.525641638948e+00 2.812041091821e+00 4.037711219536e+00 4.318189757601e+00 4.325364562453e+00 6.194984844661e+00 6.223851109389e+00 7.214522568253e+00 7.777372602050e+00 8.893167155459e+00 1.000769806246e+01 1.149506133065e+01 1.238070133615e+01 1.331780498941e+01 1.359059086856e+01 1.527506766948e+01 1.554341364114e+01 1.737405180233e+01 1.820544217877e+01 2.266216189588e+01 2.369245414236e+01
2.688463664905e+00 -1.346180582511e+01 -9.819782330415e+00 -8.719888295158e+00 -6.949899873190e+00 -6.883857462447e+00 -5.308937869982e+00 -3.943676751046e+00 -3.579042525737e+00 1.174128189653e+00 2.533426446894e+00 2.790245256480e+00 4.009606901705e+00 4.312794329788e+00 4.315567043060e+00 6.181992470862e+00 6.210794721403e+00 7.221673907321e+00 7.783352927745e+00 8.899926274026e+00 1.000228656905e+01 1.146567981711e+01 1.238032358864e+01 1.333921038981e+01 1.358864691338e+01 1.527644491919e+01 1.554155177029e+01 1.737630956827e+01 1.820799769187e+01 2.266079662399e+01 2.369251732984e+01
2.695878942979e+00 -1.347365058783e+01 -9.783675605907e+00 -8.718830810771e+00 -6.953419919191e+00 -6.873828381989e+00 -5.303159368971e+00 -3.926960245056e+00 -3.574875852836e+00 1.146827775440e+00 2.541254654251e+00 2.768180682972e+00 3.981007692346e+00 4.305444396023e+00 4.307361046858e+00 6.168929773915e+00 6.197223074834e+00 7.228731967417e+00 7.788799814869e+00 8.907724044640e+00 9.996326315018e+00 1.143459124445e+01 1.237995529214e+01 1.336109549654e+01 1.358651409591e+01 1.527782223740e+01 1.553966183151e+01 1.737853991879e+01 1.821103590583e+01 2.265932508363e+01 2.369258233421e+01
2.703294221054e+00 -1.348629464863e+01 -9.745040179002e+00 -8.717716695148e+00 -6.957192556304e+00 -6.863770783586e+00 -5.297073770189e+00 -3.909557981587e+00 -3.570478214194e+00 1.118466586792e+00 2.549074617971e+00 2.745859971377e+00 3.951952244810e+00 4.294986002802e+00 4.301857205080e+00 6.155799975914e+00 6.183170880181e+00 7.235691432090e+00 7.793706992872e+00 8.916533176894e+00 9.989768227035e+00 1.140196380863e+01 1.237959610875e+01 1.338335190402e+01 1.358419647899e+01 1.527919884482e+01 1.553774811558e+01 1.738074275259e+01 1.821454537228e+01 2.265774941460e+01 2.369264905927e+01
2.710709499129e+00 -1.349967922071e+01 -9.703933834033e+00 -8.716546028788e+00 -6.961207745134e+00 -6.853680222243e+00 -5.290699430141e+00 -3.891457383172e+00 -3.565832450613e+00 1.088971147830e+00 2.556831712322e+00 2.723295414034e+00 3.922477252457e+00 4.284181218341e+00 4.296254268579e+00 6.142605822854e+00 6.168672800717e+00 7.242546635220e+00 7.798074328595e+00 8.926320819916e+00 9.982557621125e+00 1.136796493498e+01 1.237924571229e+01 1.340587968210e+01 1.358169838431e+01 1.528057393990e+01 1.553581490415e+01 1.738291794768e+01 1.821851371509e+01 2.265607193151e+01 2.369271740713e+01
2.718124777204e+00 -1.351374502895e+01 -9.660415378396e+00 -8.715319049371e+00 -6.965454958352e+00 -6.843551594245e+00 -5.284055088614e+00 -3.872645991829e+00 -3.560921505682e+00 1.058257465505e+00 2.564467864978e+00 2.700498950518e+00 3.892619206964e+00 4.273019391982e+00 4.290526524715e+00 6.129349572695e+00 6.153763405266e+00 7.249291559345e+00 7.801907357274e+00 8.937049056181e+00 9.974633703866e+00 1.133276180032e+01 1.237890378822e+01 1.342858740338e+01 1.357902439032e+01 1.528194670094e+01 1.553386644964e+01 1.738506536172e+01 1.822292767185e+01 2.265429512230e+01 2.369278727833e+01
2.725540055279e+00 -1.352843281232e+01 -9.614544236266e+00 -8.714036152508e+00 -6.969923243533e+00 -6.833379031795e+00 -5.277159776733e+00 -3.853111484528e+00 -3.555728453908e+00 1.026228644662e+00 2.571921010860e+00 2.677482115193e+00 3.862415862693e+00 4.261489895895e+00 4.284650097245e+00 6.116032984346e+00 6.138477129397e+00 7.255919831978e+00 7.805216716508e+00 8.948675480846e+00 9.965929086396e+00 1.129652206740e+01 1.237857003361e+01 1.345139195287e+01 1.357617932991e+01 1.528331628822e+01 1.553190695604e+01 1.738718483244e+01 1.822777313721e+01 2.265242164669e+01 2.369285857199e+01
2.732955333354e+00 -1.354368376696e+01 -9.566380118793e+00 -8.712697892366e+00 -6.974601283817e+00 -6.823155781140e+00 -5.270032727414e+00 -3.832841688442e+00 -3.550236527640e+00 9.927717432442e-01 2.579124455412e+00 2.654255977318e+00 3.831907525166e+00 4.249582161286e+00 4.278602206989e+00 6.102657307783e+00 6.122848242559e+00 7.262424719752e+00 7.808017512010e+00 8.961153840123e+00 9.956369342451e+00 1.125941473431e+01 1.237824415708e+01 1.347421818697e+01 1.357316828800e+01 1.528468184618e+01 1.552994056071e+01 1.738927617809e+01 1.823303520769e+01 2.265045433441e+01 2.369293118591e+01
2.740370611428e+00 -1.355943992908e+01 -9.515982774763e+00 -8.711304982160e+00 -6.979477455864e+00 -6.812874061277e+00 -5.262693289023e+00 -3.811824595721e+00 -3.544429142948e+00 9.577535546918e-01 2.586006139906e+00 2.630831073779e+00 3.801138245887e+00 4.237285722691e+00 4.272360604622e+00 6.089223275586e+00 6.106910818980e+00 7.268799120280e+00 7.810328644430e+00 8.974434701404e+00 9.945872653904e+00 1.122161100246e+01 1.237792587876e+01 1.349699849538e+01 1.356999659889e+01 1.528604250557e+01 1.552797131723e+01 1.739133919793e+01 1.823869822764e+01 2.264839618331e+01 2.369300501670e+01
2.747785889503e+00 -1.357564449882e+01 -9.463411824344e+00 -8.709858294500e+00 -6.984539884686e+00 -6.802524899697e+00 -5.255160842970e+00 -3.790048377517e+00 -3.538289924638e+00 9.210148409221e-01 2.592487803597e+00 2.607217334471e+00 3.770156979766e+00 4.224590270650e+00 4.265903123797e+00 6.075731096189e+00 6.090698710501e+00 7.275035551606e+00 7.812172124991e+00 8.988466129137e+00 9.934349601950e+00 1.118328506460e+01 1.237761493032e+01 1.351967230739e+01 1.356666984340e+01 1.528739738554e+01 1.552600317950e+01 1.739337367279e+01 1.824474583631e+01 2.264625035719e+01 2.369307995993e+01
2.755201167578e+00 -1.359224210759e+01 -9.408726677837e+00 -8.708358861586e+00 -6.989776495033e+00 -6.792097940903e+00 -5.247454725845e+00 -3.767501397016e+00 -3.531802730543e+00 8.823622680604e-01 2.583424000392e+00 2.598484041965e+00 3.739018740877e+00 4.211485713096e+00 4.259207318742e+00 6.062180449201e+00 6.074245519780e+00 7.281126139127e+00 7.813572404492e+00 9.003194343317e+00 9.921703178633e+00 1.114461470832e+01 1.237731105495e+01 1.354218557336e+01 1.356319384582e+01 1.528874559580e+01 1.552403998702e+01 1.739537936564e+01 1.825116101552e+01 2.264402018347e+01 2.369315591024e+01
2.762616445653e+00 -1.360917903267e+01 -9.351986541175e+00 -8.706807875247e+00 -6.995175059107e+00 -6.781581222482e+00 -5.239594156591e+00 -3.744172221244e+00 -3.524951675282e+00 8.415568305581e-01 2.559459534472e+00 2.603901268020e+00 3.707785773595e+00 4.197962245762e+00 4.252250161352e+00 6.048570483244e+00 6.057584572610e+00 7.287062599915e+00 7.814555736033e+00 9.018564341464e+00 9.907829110334e+00 1.110578162238e+01 1.237701400737e+01 1.355957467058e+01 1.356449024342e+01 1.529008623869e+01 1.552208545151e+01 1.739735602219e+01 1.825792613791e+01 2.264170915067e+01 2.369323276146e+01
2.770031723728e+00 -1.362640336370e+01 -9.293250510367e+00 -8.705206686790e+00 -7.000723240483e+00 -6.770960912422e+00 -5.231598169123e+00 -3.720049631447e+00 -3.517721153649e+00 7.982967108722e-01 2.535331525170e+00 2.608636596130e+00 3.676528735964e+00 4.184010431900e+00 4.245007780251e+00 6.034899816804e+00 6.040748888356e+00 7.292836224350e+00 7.815149586932e+00 9.034520469565e+00 9.892616599514e+00 1.106697128520e+01 1.237672355387e+01 1.355581861870e+01 1.358654375860e+01 1.529141841120e+01 1.552014314493e+01 1.739930337161e+01 1.826502301543e+01 2.263932090556e+01 2.369331040678e+01
2.777447001803e+00 -1.364386512571e+01 -9.232577758120e+00 -8.703556806666e+00 -7.006408634189e+00 -6.760220999914e+00 -5.223485550674e+00 -3.695122631865e+00 -3.510095863813e+00 7.521909349440e-01 2.511046582830e+00 2.612576686972e+00 3.645327867608e+00 4.169621291610e+00 4.237455229584e+00 6.021166542722e+00 6.023771147754e+00 7.298437855029e+00 7.815382110509e+00 9.051006932117e+00 9.875949599093e+00 1.102837231242e+01 1.237643947238e+01 1.355193222389e+01 1.360830856445e+01 1.529274120699e+01 1.551821648874e+01 1.740122112716e+01 1.827243294796e+01 2.263685925012e+01 2.369338873883e+01
2.784862279877e+00 -1.366151636408e+01 -9.170027817537e+00 -8.701859903925e+00 -7.012218802959e+00 -6.749342930202e+00 -5.215274786080e+00 -3.669380456803e+00 -3.502060830506e+00 7.027169870375e-01 2.486610228737e+00 2.615596620114e+00 3.614274082546e+00 4.154786401021e+00 4.229566279090e+00 6.006683657562e+00 6.007368237065e+00 7.303857862942e+00 7.815281683811e+00 9.067968235811e+00 9.857708729615e+00 1.099017514824e+01 1.237616155248e+01 1.354792224839e+01 1.362975165293e+01 1.529405371832e+01 1.551630874471e+01 1.740310898692e+01 1.828013677179e+01 2.263432813817e+01 2.369346764986e+01
2.792277557952e+00 -1.367931119622e+01 -9.105660970053e+00 -8.700117805442e+00 -7.018141309765e+00 -6.738305171851e+00 -5.206984008092e+00 -3.642812575905e+00 -3.493601428360e+00 6.491485953273e-01 2.462026776764e+00 2.617558899331e+00 3.583469885662e+00 4.139498001524e+00 4.221313219923e+00 5.989518311754e+00 5.993501973254e+00 7.309086120953e+00 7.814876513444e+00 9.085349565189e+00 9.837773925832e+00 1.095257001183e+01 1.237588959558e+01 1.354379567841e+01 1.365084413581e+01 1.529535503792e+01 1.551442300698e+01 1.740496663463e+01 1.828811490782e+01 2.263173167174e+01 2.369354703181e+01
2.799692836027e+00 -1.369720583487e+01 -9.039538747729e+00 -8.698332494898e+00 -7.024163746744e+00 -6.727082702191e+00 -5.198630953741e+00 -3.615408697643e+00 -3.484703405573e+00 5.904232397952e-01 2.437299207439e+00 2.618312745780e+00 3.553029958992e+00 4.123749119232e+00 4.212666682971e+00 5.972306549146e+00 5.979564342493e+00 7.314111974713e+00 7.814194308440e+00 9.103097091719e+00 9.816027850177e+00 1.091574406091e+01 1.237562341490e+01 1.353955971924e+01 1.367156085064e+01 1.529664426082e+01 1.551256219555e+01 1.740679374037e+01 1.829634740938e+01 2.262907409713e+01 2.369362677652e+01
2.807108114102e+00 -1.371515858762e+01 -8.971724563710e+00 -8.696506111491e+00 -7.030273760721e+00 -6.715646393445e+00 -5.190232926691e+00 -3.587158771071e+00 -3.475352908058e+00 5.248735763243e-01 2.412429034159e+00 2.617693893783e+00 3.523081202173e+00 4.107533694752e+00 4.203595468518e+00 5.955079307547e+00 5.965551481734e+00 7.318924211190e+00 7.813262016728e+00 9.121158220027e+00 9.792360032349e+00 1.087987781427e+01 1.237536283568e+01 1.353522178991e+01 1.369187999900e+01 1.529792048609e+01 1.551072905108e+01 1.740858996146e+01 1.830481400949e+01 2.262635980055e+01 2.369370677577e+01
2.814523392177e+00 -1.373312983666e+01 -8.902284489194e+00 -8.694640948359e+00 -7.036459075516e+00 -6.703962278032e+00 -5.181806765446e+00 -3.558052985988e+00 -3.465536504243e+00 4.495994435978e-01 2.387416161187e+00 2.615525165828e+00 3.493761947417e+00 4.090846723301e+00 4.194066388010e+00 5.937866974663e+00 5.951459110609e+00 7.323511025159e+00 7.812105620022e+00 9.139481776666e+00 9.766671589905e+00 1.084514097982e+01 1.237510769525e+01 1.353078951740e+01 1.371178281589e+01 1.529918281849e+01 1.550892613103e+01 1.741035494328e+01 1.831349416738e+01 2.262359330354e+01 2.369378692147e+01
2.821938670251e+00 -1.375108200268e+01 -8.831288200664e+00 -8.692739450689e+00 -7.042707511301e+00 -6.691990666710e+00 -5.173368817203e+00 -3.528081771733e+00 -3.455241210637e+00 3.586268251836e-01 2.362258732961e+00 2.611618152021e+00 3.465220018539e+00 4.073684405107e+00 4.184044120821e+00 5.920699336180e+00 5.937282578992e+00 7.327859984148e+00 7.810749981036e+00 9.158018147711e+00 9.738880266883e+00 1.081168795301e+01 1.237485784316e+01 1.352627073038e+01 1.373125326844e+01 1.530043037010e+01 1.550715580703e+01 1.741208832013e+01 1.832236711433e+01 2.262077925794e+01 2.369386710577e+01
2.829353948326e+00 -1.376897949597e+01 -8.758810127664e+00 -8.690804213479e+00 -7.049007001236e+00 -6.679685087384e+00 -5.164934917113e+00 -3.497235794930e+00 -3.444454518310e+00 2.344949710366e-01 2.336952974115e+00 2.605776328277e+00 3.437609292091e+00 4.056044305977e+00 4.173491091265e+00 5.903605521566e+00 5.923016927095e+00 7.331957992523e+00 7.809218736359e+00 9.176719371921e+00 9.708925418854e+00 1.077965335863e+01 1.237461314135e+01 1.352167345241e+01 1.375027778206e+01 1.530166226179e+01 1.550542026344e+01 1.741378971611e+01 1.833141189857e+01 2.261792244045e+01 2.369394722118e+01
2.836769226401e+00 -1.378678865792e+01 -8.688837978945e+00 -8.684930838904e+00 -7.055345605652e+00 -6.666991005541e+00 -5.156520372635e+00 -3.465505956607e+00 -3.433164420372e+00 -1.365936986592e-01 2.311493019497e+00 2.597799881101e+00 3.411084482173e+00 4.037925527783e+00 4.162367374000e+00 5.886613948261e+00 5.908656960251e+00 7.335791255722e+00 7.807534228391e+00 9.195539196202e+00 9.676772503018e+00 1.074914807860e+01 1.237437346427e+01 1.351700589457e+01 1.376884499175e+01 1.530287762466e+01 1.550372149717e+01 1.741545874607e+01 1.834060742928e+01 2.261502774685e+01 2.369402716071e+01
2.844184504476e+00 -1.380447769513e+01 -8.686843633523e+00 -8.609738713097e+00 -7.061711524060e+00 -6.653844279410e+00 -5.148139952636e+00 -3.432883389220e+00 -3.421359440501e+00 -3.037141900841e-01 2.285870733349e+00 2.587492328348e+00 3.385794045560e+00 4.019328888555e+00 4.150630639570e+00 5.869752265057e+00 5.894197340797e+00 7.339345245944e+00 7.805717469898e+00 9.214433099832e+00 9.642416628851e+00 1.072025621057e+01 1.237413869904e+01 1.351227644744e+01 1.378694551645e+01 1.530407560139e+01 1.550206131844e+01 1.741709501650e+01 1.834993251958e+01 2.261210018575e+01 2.369410681796e+01
2.851599782551e+00 -1.382201660850e+01 -8.684824204456e+00 -8.533331950216e+00 -7.068093105238e+00 -6.640169294408e+00 -5.139807880881e+00 -3.409028662543e+00 -3.399359454251e+00 -4.070390492869e-01 2.260075516676e+00 2.574668716652e+00 3.361871408094e+00 4.000257111738e+00 4.138236156399e+00 5.853047295522e+00 5.879632699676e+00 7.342604671090e+00 7.803788135306e+00 9.233358293411e+00 9.605884803333e+00 1.069303332244e+01 1.237390874560e+01 1.350749367252e+01 1.380457175436e+01 1.530525534747e+01 1.550044135271e+01 1.741869812646e+01 1.835936592849e+01 2.260914487197e+01 2.369418608730e+01
2.859015060626e+00 -1.383937711893e+01 -8.682782855929e+00 -8.455820988144e+00 -7.074478855671e+00 -6.625876712979e+00 -5.131537833502e+00 -3.396161761105e+00 -3.364925741206e+00 -4.887593659742e-01 2.234094101776e+00 2.559164765707e+00 3.339425118414e+00 3.980715024068e+00 4.125136871461e+00 5.836524982415e+00 5.864957770624e+00 7.345553449294e+00 7.801764573353e+00 9.252273697913e+00 9.567236657514e+00 1.066750621409e+01 1.237368351683e+01 1.350266629284e+01 1.382171769723e+01 1.530641603242e+01 1.549886304347e+01 1.742026766860e+01 1.836888640180e+01 2.260616701937e+01 2.369426486395e+01
2.866430338700e+00 -1.385653259113e+01 -8.680722884724e+00 -8.377331397338e+00 -7.080857446580e+00 -6.610860769175e+00 -5.123342940042e+00 -3.382749032988e+00 -3.329574068977e+00 -5.583609731805e-01 2.207910332780e+00 2.540845912952e+00 3.318528944802e+00 3.960709761389e+00 4.111283599461e+00 5.820210334074e+00 5.850167549880e+00 7.348174692083e+00 7.799663836433e+00 9.271139908562e+00 9.526563637744e+00 1.064367419900e+01 1.237346293870e+01 1.349780318291e+01 1.383837876171e+01 1.530755684082e+01 1.549732765600e+01 1.742180323003e+01 1.837847271189e+01 2.260317193329e+01 2.369434304410e+01
2.873845616775e+00 -1.387345795692e+01 -8.678647715363e+00 -8.298007329171e+00 -7.087217719816e+00 -6.594996035282e+00 -5.115235787654e+00 -3.368781429149e+00 -3.293296490784e+00 -6.198646225410e-01 2.181504931060e+00 2.519614943392e+00 3.299213190973e+00 3.940250981578e+00 4.096625360120e+00 5.804127373755e+00 5.835257484456e+00 7.350450700054e+00 7.797501722559e+00 9.289919147599e+00 9.483986839946e+00 1.062151172184e+01 1.237324695040e+01 1.349291335783e+01 1.385455163618e+01 1.530867697336e+01 1.549583628190e+01 1.742330439336e+01 1.838810369635e+01 2.260016500253e+01 2.369442052505e+01
2.881260894850e+00 -1.389012963874e+01 -8.676560894722e+00 -8.218015586573e+00 -7.093548692814e+00 -6.578133595959e+00 -5.107228428043e+00 -3.354250586717e+00 -3.256085304115e+00 -6.754160458918e-01 2.154855244362e+00 2.495416923100e+00 3.281458461674e+00 3.919351083588e+00 4.081109915748e+00 5.788299092920e+00 5.820223691830e+00 7.352362976023e+00 7.795292826527e+00 9.308575209396e+00 9.439653814944e+00 1.060097197548e+01 1.237303550440e+01 1.348800596161e+01 1.387023414147e+01 1.530977564771e+01 1.549438984441e+01 1.742477073767e+01 1.839775829561e+01 2.259715169081e+01 2.369449720531e+01
2.888676172925e+00 -1.390652547440e+01 -8.674466086070e+00 -8.137550359446e+00 -7.099839562852e+00 -6.560096592844e+00 -5.099332386733e+00 -3.339148860321e+00 -3.217933067415e+00 -7.263160122203e-01 2.127934978620e+00 2.468240557246e+00 3.265192692596e+00 3.898025431396e+00 4.064684577141e+00 5.772747409387e+00 5.805063213641e+00 7.353892261765e+00 7.793050597423e+00 9.327073400764e+00 9.393734748838e+00 1.058199110274e+01 1.237282856653e+01 1.348309025464e+01 1.388542510400e+01 1.531085209939e+01 1.549298910438e+01 1.742620183946e+01 1.840741558937e+01 2.259413752773e+01 2.369457298474e+01
2.896091451000e+00 -1.392262464358e+01 -8.672367062530e+00 -8.056838607294e+00 -7.106079710815e+00 -6.540675164127e+00 -5.091558674270e+00 -3.323469351656e+00 -3.178832625612e+00 -7.734203674418e-01 2.100713911594e+00 2.438115776468e+00 3.250291558752e+00 3.876292581406e+00 4.047297365666e+00 5.757493131231e+00 5.789774305377e+00 7.355018605970e+00 7.790787400133e+00 9.345380478816e+00 9.346418419852e+00 1.056449256717e+01 1.237262611607e+01 1.347817560021e+01 1.390012424018e+01 1.531190558253e+01 1.549163466687e+01 1.742759727365e+01 1.841705483196e+01 2.259112809934e+01 2.369464776461e+01
2.903506729075e+00 -1.393840759651e+01 -8.670267699907e+00 -7.976145955641e+00 -7.112258704636e+00 -6.519620921370e+00 -5.083917798973e+00 -3.307205935754e+00 -3.138777147093e+00 -8.173253586073e-01 2.073157587776e+00 2.405108096654e+00 3.236581613202e+00 3.854174511513e+00 4.028898643418e+00 5.742555927172e+00 5.774356763092e+00 7.355721472572e+00 7.788514578988e+00 9.297908267416e+00 9.363464588268e+00 1.054839133948e+01 1.237242814567e+01 1.347327145019e+01 1.391433205099e+01 1.531293537052e+01 1.549032698832e+01 1.742895661456e+01 1.842665548668e+01 2.258812903812e+01 2.369472144778e+01
2.910922007149e+00 -1.395385598528e+01 -8.668171968896e+00 -7.895782771004e+00 -7.118366302613e+00 -6.496641309920e+00 -5.076419780883e+00 -3.290353281821e+00 -3.097760175281e+00 -8.584642553406e-01 2.045226994453e+00 2.369310847356e+00 3.223844933636e+00 3.831696849695e+00 4.009443351267e+00 5.727954304131e+00 5.758812286862e+00 7.355979900401e+00 7.786242522040e+00 9.248418807521e+00 9.381295199669e+00 1.053359764434e+01 1.237223466138e+01 1.346838732965e+01 1.392804972554e+01 1.531394075665e+01 1.548906638412e+01 1.743027943690e+01 1.843619725898e+01 2.258514601249e+01 2.369479393876e+01
2.918337285224e+00 -1.396895259788e+01 -8.666083926622e+00 -7.816109756757e+00 -7.124392456731e+00 -6.471394524489e+00 -5.069074166567e+00 -3.272906865681e+00 -3.055775698776e+00 -8.971622224860e-01 2.016878219451e+00 2.330836571783e+00 3.211823821090e+00 3.808889099471e+00 3.988894024628e+00 5.713705592425e+00 5.743144878836e+00 7.355772726878e+00 7.783980724831e+00 9.198172517852e+00 9.398843049719e+00 1.052002011867e+01 1.237204568251e+01 1.346353282063e+01 1.394127905300e+01 1.531492105461e+01 1.548785303667e+01 1.743156531672e+01 1.844566012872e+01 2.258218471593e+01 2.369486514382e+01
2.925752563299e+00 -1.398368129533e+01 -8.664007707507e+00 -7.737541943691e+00 -7.130327316151e+00 -6.443486123555e+00 -5.061890044488e+00 -3.254862969794e+00 -3.012818245024e+00 -9.336695789542e-01 1.988062091960e+00 2.289808770584e+00 3.200224203589e+00 3.785784859004e+00 3.967224784258e+00 5.699825938978e+00 5.727361271360e+00 7.355078890137e+00 7.781737852760e+00 9.147397217871e+00 9.416080084546e+00 1.050756832766e+01 1.237186124151e+01 1.345871754483e+01 1.395402234183e+01 1.531587559899e+01 1.548668700376e+01 1.743281383238e+01 1.845502438136e+01 2.257925085555e+01 2.369493497113e+01
2.933167841374e+00 -1.399802695178e+01 -8.661947513461e+00 -7.660549349981e+00 -7.136161230972e+00 -6.412469089654e+00 -5.054876060655e+00 -3.236218665392e+00 -2.968883003748e+00 -9.681830181555e-01 1.958723808984e+00 2.246354815797e+00 3.188716734475e+00 3.762422029952e+00 3.944426514240e+00 5.686330308712e+00 5.711471377717e+00 7.353877825289e+00 7.779521801422e+00 9.096323894211e+00 9.432979406585e+00 1.049615465600e+01 1.237168138374e+01 1.345395114534e+01 1.396628234584e+01 1.531680374565e+01 1.548556822717e+01 1.743402456554e+01 1.846427063819e+01 2.257635014021e+01 2.369500333081e+01
2.940583119449e+00 -1.401197539783e+01 -8.659907603375e+00 -7.585651971586e+00 -7.141884756384e+00 -6.377849701920e+00 -5.048040434317e+00 -3.216971769404e+00 -2.923965988151e+00 -1.000859722296e+00 1.928802551497e+00 2.200600457561e+00 3.176935002585e+00 3.738843011316e+00 3.920513422422e+00 5.673232494154e+00 5.695488754543e+00 7.352149971104e+00 7.777339754443e+00 9.045184873645e+00 9.449515225495e+00 1.048569563850e+01 1.237150616719e+01 1.344924326744e+01 1.397806219621e+01 1.531770487211e+01 1.548449654164e+01 1.743519710204e+01 1.847337988563e+01 2.257348826827e+01 2.369507013508e+01
2.947998397524e+00 -1.402551336681e+01 -8.657892281925e+00 -7.513406426079e+00 -7.147488657293e+00 -6.339101932201e+00 -5.041390973484e+00 -3.197120766439e+00 -2.878064244140e+00 -1.031827078471e+00 1.898231096444e+00 2.152666003263e+00 3.164470704081e+00 3.715094872642e+00 3.895531095915e+00 5.660545133082e+00 5.679431061127e+00 7.349877402798e+00 7.775198238513e+00 8.994212222294e+00 9.465662813403e+00 1.047611281722e+01 1.237133566212e+01 1.344460353835e+01 1.398936533924e+01 1.531857837777e+01 1.548347168380e+01 1.743633103290e+01 1.848233350363e+01 2.257067091492e+01 2.369513529832e+01
2.955413675598e+00 -1.403862844432e+01 -8.655905887692e+00 -7.444382009366e+00 -7.152963913500e+00 -6.295692648571e+00 -5.034935090102e+00 -3.176664682937e+00 -2.831176120868e+00 -1.061189563011e+00 1.866935433367e+00 2.102664020704e+00 3.150866063842e+00 3.691229499898e+00 3.869565961762e+00 5.648279733930e+00 5.663320496727e+00 7.347044604199e+00 7.773103175421e+00 8.943636245902e+00 9.481398464641e+00 1.046733321918e+01 1.237116995059e+01 1.344004154606e+01 1.400019547892e+01 1.531942368420e+01 1.548249330144e+01 1.743742595518e+01 1.849111329312e+01 2.256790371904e+01 2.369519873717e+01
2.962828953673e+00 -1.405130902062e+01 -8.653952780611e+00 -7.379125708672e+00 -7.158301725479e+00 -6.247118137435e+00 -5.028679814725e+00 -3.155602896664e+00 -2.783301619992e+00 -1.089033740700e+00 1.834834398094e+00 2.050698303282e+00 3.135604313350e+00 3.667303706274e+00 3.842755664724e+00 5.636446708469e+00 5.647184193146e+00 7.343639387603e+00 7.771059931008e+00 8.893683977082e+00 9.496699460010e+00 1.045928954357e+01 1.237100912598e+01 1.343556681727e+01 1.401055652433e+01 1.532024023526e+01 1.548156096263e+01 1.743848147291e+01 1.849970150265e+01 2.256519226987e+01 2.369526037064e+01
2.970244231748e+00 -1.406354424603e+01 -8.652037328764e+00 -7.318119062461e+00 -7.163493520811e+00 -6.192949122563e+00 -5.022631810574e+00 -3.133934859768e+00 -2.734442846525e+00 -1.115431972537e+00 1.801839340801e+00 1.996863807334e+00 3.118099742016e+00 3.643379299081e+00 3.815299199162e+00 5.625055411197e+00 5.631054536502e+00 7.339653961559e+00 7.769073360993e+00 8.844577557334e+00 9.511544035559e+00 1.045192013680e+01 1.237085329230e+01 1.343118879441e+01 1.402045254101e+01 1.532102749731e+01 1.548067416500e+01 1.743949719799e+01 1.850808085420e+01 2.256254209327e+01 2.369532012018e+01
2.977659509823e+00 -1.407532398920e+01 -8.650163894560e+00 -7.261733896367e+00 -7.168530961270e+00 -6.132877339333e+00 -5.016797386868e+00 -3.111659707612e+00 -2.684604591664e+00 -1.140445216493e+00 1.767853852549e+00 1.941247294066e+00 3.097689805785e+00 3.619523092900e+00 3.787464649410e+00 5.614114184743e+00 5.614969390046e+00 7.335086134809e+00 7.767147853730e+00 8.796532451488e+00 9.525911355770e+00 1.044516882018e+01 1.237070256354e+01 1.342691681195e+01 1.402988770644e+01 1.532178495924e+01 1.547983234489e+01 1.744047275097e+01 1.851623456811e+01 2.255995863774e+01 2.369537790977e+01
2.985074787898e+00 -1.408663879799e+01 -8.648336820323e+00 -7.210196890038e+00 -7.173405950610e+00 -6.066753819872e+00 -5.011182511382e+00 -3.088775718656e+00 -2.633795088185e+00 -1.164125177285e+00 1.732773584012e+00 1.883928450923e+00 3.073632888635e+00 3.595806858359e+00 3.759591245399e+00 5.598972189559e+00 5.603630410499e+00 7.329940628684e+00 7.765287369943e+00 8.749755468055e+00 9.539781491001e+00 1.043898462167e+01 1.237055706279e+01 1.342276007186e+01 1.403886626881e+01 1.532251213255e+01 1.547903488644e+01 1.744140776199e+01 1.852414638724e+01 2.255744726021e+01 2.369543366602e+01
2.992490065973e+00 -1.409747986310e+01 -8.646560413349e+00 -7.178110642995e+00 -7.163572326209e+00 -5.994609677593e+00 -5.005792822174e+00 -3.065279583163e+00 -2.582026993075e+00 -1.186515979983e+00 1.696486204051e+00 1.824981308206e+00 3.045116097551e+00 3.572307195382e+00 3.732081621419e+00 5.583111885015e+00 5.593610563658e+00 7.324230450638e+00 7.763495479552e+00 8.704442598867e+00 9.553135398996e+00 1.043332145099e+01 1.237041692136e+01 1.341872761850e+01 1.404739250926e+01 1.532320855139e+01 1.547828113059e+01 1.744230187152e+01 1.853180060033e+01 2.255501321175e+01 2.369548731820e+01
2.999905344047e+00 -1.410783898415e+01 -8.644838930492e+00 -7.182637452095e+00 -7.121767533067e+00 -5.916655056244e+00 -5.000633638442e+00 -3.041165431640e+00 -2.529318671512e+00 -1.207655489463e+00 1.658871566340e+00 1.764475791525e+00 3.011277008911e+00 3.549105319749e+00 3.705380613252e+00 5.567442707130e+00 5.584060271768e+00 7.317978259636e+00 7.761775395708e+00 8.660776733369e+00 9.565954910231e+00 1.042813774705e+01 1.237028227779e+01 1.341482831292e+01 1.405547070702e+01 1.532387377252e+01 1.547757038387e+01 1.744315473116e+01 1.853918206451e+01 2.255266162308e+01 2.369553879838e+01
3.007320622122e+00 -1.411770853814e+01 -8.643176562327e+00 -7.186979060775e+00 -7.084558531602e+00 -5.833258952249e+00 -4.995709970535e+00 -3.016423570060e+00 -2.475695883276e+00 -1.227576362730e+00 1.619802183303e+00 1.702479247412e+00 2.971240533217e+00 3.526286752383e+00 3.679939698351e+00 5.552023745414e+00 5.574984375933e+00 7.311217632312e+00 7.760130006156e+00 8.618925343735e+00 9.578222716841e+00 1.042339611817e+01 1.237015327667e+01 1.341107080678e+01 1.406310510735e+01 1.532450737529e+01 1.547690192698e+01 1.744396600444e+01 1.854627622711e+01 2.255039749011e+01 2.369558804146e+01
3.014735900197e+00 -1.412708145026e+01 -8.641577416999e+00 -7.191128431341e+00 -7.051627872498e+00 -5.744918198526e+00 -4.991026529084e+00 -2.991038872995e+00 -2.421194010360e+00 -1.246306897322e+00 1.579144154143e+00 1.639057734052e+00 2.924166894291e+00 3.503940902141e+00 3.656171426043e+00 5.536918335105e+00 5.566386993761e+00 7.303994120629e+00 7.758561902084e+00 8.579038272451e+00 9.589922364858e+00 1.041906298938e+01 1.237003006756e+01 1.340746351592e+01 1.407029989209e+01 1.532510896159e+01 1.547627502319e+01 1.744473536750e+01 1.855306914659e+01 2.254822565943e+01 2.369563498524e+01
3.022151178272e+00 -1.413595116678e+01 -8.640045503819e+00 -7.195078816268e+00 -7.022605040303e+00 -5.652225563260e+00 -4.986587733304e+00 -2.964988806927e+00 -2.365861017056e+00 -1.263871722734e+00 1.536758767479e+00 1.574276759710e+00 2.869301122321e+00 3.482160535119e+00 3.634403936583e+00 5.522193263155e+00 5.558271583238e+00 7.296365981635e+00 7.757073404572e+00 8.541245779107e+00 9.601038249460e+00 1.041510826570e+01 1.236991280360e+01 1.340401459374e+01 1.407705915260e+01 1.532567815577e+01 1.547568892641e+01 1.744546250984e+01 1.855954751265e+01 2.254615081400e+01 2.369567957051e+01
3.029566456347e+00 -1.414431163009e+01 -8.638584716719e+00 -7.198823769335e+00 -6.997101870420e+00 -5.555844907926e+00 -4.982397718478e+00 -2.938241110928e+00 -2.309761407134e+00 -1.280292370391e+00 1.492505114610e+00 1.508200939751e+00 2.806012281717e+00 3.461041126634e+00 3.614848136263e+00 5.507917817056e+00 5.550641006683e+00 7.288404462047e+00 7.755666588805e+00 8.505657012536e+00 9.611555612930e+00 1.041150501718e+01 1.236980164024e+01 1.340073190464e+01 1.408338686492e+01 1.532621460454e+01 1.547514288901e+01 1.744614713496e+01 1.856569866558e+01 2.254417745893e+01 2.369572174112e+01
3.036981734422e+00 -1.415215725568e+01 -8.637198817674e+00 -7.202357157065e+00 -6.974739116704e+00 -5.456497702421e+00 -4.978460342668e+00 -2.910751280209e+00 -2.252981544478e+00 -1.295587749790e+00 1.440891661410e+00 1.446244231590e+00 2.733814732251e+00 3.440680096129e+00 3.597586531123e+00 5.494162713174e+00 5.543497594066e+00 7.280193538064e+00 7.754343306162e+00 8.472359064231e+00 9.621460545013e+00 1.040822918856e+01 1.236969673382e+01 1.339762299753e+01 1.408928686708e+01 1.532671797686e+01 1.547463616926e+01 1.744678896100e+01 1.857151061470e+01 2.254230990752e+01 2.369576144397e+01
3.044397012496e+00 -1.415948291098e+01 -8.635891420193e+00 -7.205673170376e+00 -6.955163615882e+00 -5.354961892666e+00 -4.974779192695e+00 -2.882460230135e+00 -2.195636842959e+00 -1.309774552888e+00 1.372401174520e+00 1.397845576543e+00 2.652372750889e+00 3.421175930032e+00 3.582584580111e+00 5.480998951685e+00 5.536843204981e+00 7.271829044664e+00 7.753105204330e+00 8.441416727553e+00 9.630739985355e+00 1.040525933476e+01 1.236959824008e+01 1.339469507972e+01 1.409476283823e+01 1.532718796386e+01 1.547416803851e+01 1.744738772137e+01 1.857697205595e+01 2.254055226764e+01 2.369579862917e+01
3.051812290571e+00 -1.416628389598e+01 -8.634665973020e+00 -7.208766336323e+00 -6.938057486907e+00 -5.252082041214e+00 -4.971357589427e+00 -2.853292947366e+00 -2.137881517833e+00 -1.322867604889e+00 1.302760359446e+00 1.347197104672e+00 2.561499083145e+00 3.402627202928e+00 3.569717710007e+00 5.468496651622e+00 5.530679288660e+00 7.263417176259e+00 7.751953745549e+00 8.412873036861e+00 9.639381727685e+00 1.040257638209e+01 1.236950631268e+01 1.339195499125e+01 1.409981827979e+01 1.532762427865e+01 1.547373778787e+01 1.744794316532e+01 1.858207238855e+01 2.253890842851e+01 2.369583325001e+01
3.059227568646e+00 -1.417255592560e+01 -8.633525744159e+00 -7.211631529811e+00 -6.923141522024e+00 -5.148788686377e+00 -4.968198592435e+00 -2.823159689787e+00 -2.079921828798e+00 -1.334880176599e+00 1.231955413247e+00 1.294220920295e+00 2.461163722834e+00 3.385131512823e+00 3.558804006976e+00 5.456723920911e+00 5.525006941491e+00 7.255072395907e+00 7.750890223114e+00 8.386750597182e+00 9.647374425451e+00 1.040016341452e+01 1.236942110169e+01 1.338940917992e+01 1.410445649819e+01 1.532802665629e+01 1.547334473466e+01 1.744845505845e+01 1.858680173080e+01 2.253738204792e+01 2.369586526304e+01
3.066642846721e+00 -1.417829511360e+01 -8.632473805359e+00 -7.214263985158e+00 -6.910174836827e+00 -5.046124392634e+00 -4.965305004070e+00 -2.791962560260e+00 -2.022034020165e+00 -1.345824270217e+00 1.159885301603e+00 1.238897594586e+00 2.351531918773e+00 3.368784351377e+00 3.549634302902e+00 5.445745812275e+00 5.519826961563e+00 7.246914844992e+00 7.749915776237e+00 8.363053647683e+00 9.654707598554e+00 1.039800548370e+01 1.236934275208e+01 1.338706367723e+01 1.410868058929e+01 1.532839485357e+01 1.547298822829e+01 1.744892318324e+01 1.859115093481e+01 2.253597654008e+01 2.369589462813e+01
3.074058124796e+00 -1.418349795805e+01 -8.631513017196e+00 -7.216659307367e+00 -6.898952407930e+00 -4.962679372990e+00 -4.945273350951e+00 -2.759612262746e+00 -1.964588412997e+00 -1.355710884471e+00 1.086286379357e+00 1.181303897214e+00 2.233053711383e+00 3.353677934260e+00 3.541995293970e+00 5.435623406847e+00 5.515139899838e+00 7.239067390265e+00 7.749031403367e+00 8.341770740892e+00 9.661371640902e+00 1.039608944112e+01 1.236927140222e+01 1.338492407529e+01 1.411249342434e+01 1.532872864893e+01 1.547266765583e+01 1.744934733950e+01 1.859511160034e+01 2.253469506402e+01 2.369592130850e+01
3.081473402871e+00 -1.418816132838e+01 -8.630646014890e+00 -7.218813482982e+00 -6.889301632000e+00 -4.960323997216e+00 -4.847590133830e+00 -2.726062673928e+00 -1.908081147724e+00 -1.364550250803e+00 1.010602958569e+00 1.121671002207e+00 2.106634652425e+00 3.339900019820e+00 3.535684856809e+00 5.426413054677e+00 5.510946107632e+00 7.231652473089e+00 7.748237974063e+00 8.322877873572e+00 9.667357828460e+00 1.039440379107e+01 1.236920718240e+01 1.338299550508e+01 1.411589763742e+01 1.532902784235e+01 1.547238244709e+01 1.744972734480e+01 1.859867608749e+01 2.253354051277e+01 2.369594527073e+01
3.088888680945e+00 -1.419228245369e+01 -8.629875194978e+00 -7.220722890398e+00 -6.881078623119e+00 -4.958240926732e+00 -4.754621067738e+00 -2.691374198738e+00 -1.853174486691e+00 -1.372351997103e+00 9.317762185719e-01 1.060472952671e+00 1.973927883649e+00 3.327532745652e+00 3.530520759192e+00 5.418165786462e+00 5.507245780110e+00 7.224788932649e+00 7.747536239489e+00 8.306341879856e+00 9.672658327516e+00 1.039293856256e+01 1.236915021348e+01 1.338128261603e+01 1.411889561422e+01 1.532929225521e+01 1.547213207927e+01 1.745006303487e+01 1.860183752840e+01 2.253251550332e+01 2.369596648485e+01
3.096303959020e+00 -1.419585891254e+01 -8.629202702993e+00 -7.222384309486e+00 -6.874164662138e+00 -4.956431965706e+00 -4.668108847929e+00 -2.655819074078e+00 -1.800744479329e+00 -1.379125113412e+00 8.479360845149e-01 9.985569047635e-01 1.837786922765e+00 3.316651512429e+00 3.526344633758e+00 5.410926895902e+00 5.504038995603e+00 7.218588961355e+00 7.746926841625e+00 8.292123894128e+00 9.677266202889e+00 1.039168519897e+01 1.236910060551e+01 1.337978955729e+01 1.412148948227e+01 1.532952173018e+01 1.547191608114e+01 1.745035426392e+01 1.860458983779e+01 2.253162236738e+01 2.369598492432e+01
3.103719237095e+00 -1.419888862404e+01 -8.628630422255e+00 -7.223794930421e+00 -6.868463011338e+00 -4.954898674333e+00 -4.589968456626e+00 -2.620038159814e+00 -1.751929609978e+00 -1.384877423071e+00 7.560697672541e-01 9.373229078726e-01 1.702854050289e+00 3.307323942327e+00 3.523022965930e+00 5.404735678630e+00 5.501325750566e+00 7.213155320974e+00 7.746410321235e+00 8.280182707182e+00 9.681175425817e+00 1.039063646384e+01 1.236905845656e+01 1.337851996070e+01 1.412368110229e+01 1.532971613112e+01 1.547173403671e+01 1.745060090499e+01 1.860692772238e+01 2.253086314310e+01 2.369600056609e+01
3.111134515170e+00 -1.420136984015e+01 -8.628159963900e+00 -7.224952361588e+00 -6.863896185253e+00 -4.953642370377e+00 -4.522222175603e+00 -2.585239221828e+00 -1.708163769775e+00 -1.389613985694e+00 6.520352724085e-01 8.789405623010e-01 1.576018574232e+00 3.299608936135e+00 3.520446434006e+00 5.399625303108e+00 5.499105990055e+00 7.208578909229e+00 7.745987124667e+00 8.270477868629e+00 9.684380881303e+00 1.038978636171e+01 1.236902385159e+01 1.337747692578e+01 1.412547206094e+01 1.532987534300e+01 1.547158558852e+01 1.745080285017e+01 1.860884668913e+01 2.253023956778e+01 2.369601339063e+01
3.118549793245e+00 -1.420330113932e+01 -8.627792658251e+00 -7.225854636471e+00 -6.860403699532e+00 -4.952664130411e+00 -4.466886203532e+00 -2.553375870582e+00 -1.671160882564e+00 -1.393333695766e+00 5.318697931744e-01 8.265326339689e-01 1.466041798504e+00 3.293555848885e+00 3.518528507618e+00 5.395622782057e+00 5.497379633630e+00 7.204936726254e+00 7.745657609524e+00 8.262972424233e+00 9.686878374697e+00 1.038913007299e+01 1.236899686150e+01 1.337666300667e+01 1.412686366463e+01 1.532999927182e+01 1.547147044031e+01 1.745096001087e+01 1.861034305223e+01 2.252975307158e+01 2.369602338192e+01
3.125965071319e+00 -1.420468142123e+01 -8.627529547621e+00 -7.226500219415e+00 -6.857940284904e+00 -4.951964790792e+00 -4.425812772260e+00 -2.527158040357e+00 -1.642802801666e+00 -1.396024302434e+00 3.958869153511e-01 7.841465193464e-01 1.381673217639e+00 3.289203799284e+00 3.517203868045e+00 5.392749010020e+00 5.496146596614e+00 7.202290255074e+00 7.745422049248e+00 8.257635212303e+00 9.688664637343e+00 1.038866390177e+01 1.236897754228e+01 1.337608020135e+01 1.412785693456e+01 1.533008784454e+01 1.547138835935e+01 1.745107231800e+01 1.861141393889e+01 2.252940477232e+01 2.369603052747e+01
3.133380349394e+00 -1.420550990281e+01 -8.627371380635e+00 -7.226888010206e+00 -6.856474539356e+00 -4.951544948408e+00 -4.400507761168e+00 -2.509672277128e+00 -1.624887053993e+00 -1.397659949965e+00 2.589073849277e-01 7.562289967613e-01 1.329157228062e+00 3.286581123896e+00 3.516426977128e+00 5.391018833534e+00 5.495406806664e+00 7.200684244689e+00 7.745280636655e+00 8.254442673577e+00 9.689737331128e+00 1.038838523607e+01 1.236896593442e+01 1.337572994312e+01 1.412845260289e+01 1.533014100901e+01 1.547133917813e+01 1.745113972209e+01 1.861205729389e+01 2.252919547138e+01 2.369603481838e+01
3.140795627469e+00 -1.420578611535e+01 -8.627318608122e+00 -7.227017347374e+00 -6.855987989798e+00 -4.951404961188e+00 -4.391958090215e+00 -2.503501910571e+00 -1.618748856654e+00 -1.398209972509e+00 1.850769826183e-01 7.464414860443e-01 1.311416184920e+00 3.285704983216e+00 3.516170972275e+00 5.390441124446e+00 5.495160215627e+00 7.200145870540e+00 7.745233486435e+00 8.253380151464e+00 9.690095051825e+00 1.038829251979e+01 1.236896206241e+01 1.337561309441e+01 1.412865111001e+01 1.533015873397e+01 1.547132279564e+01 1.745116219343e+01 1.861227188279e+01 2.252912565078e+01 2.369603624927e+01
