0.000000000000000000e+00 -2.201232179833790756e-02 -8.571264067915427068e-03 -4.058078462916112246e-03 -3.720662167733334669e-05 -2.495208260009101699e-05 -2.575219309129575271e-06 3.068776965843324600e+00 3.069177581120340115e+00 4.285673147940520344e+00 4.285720468919719472e+00 7.091755830753768031e+00 7.092111672539552103e+00 8.496447777187944084e+00 8.496566646143689283e+00 8.865978425379614336e+00 8.875627325021424596e+00 1.039893325981858396e+01 1.039939946113430125e+01 1.106183810601466355e+01 1.106279859187038817e+01 1.176356896569742538e+01 1.176447723340603879e+01 1.280762026484169169e+01 1.280845389947334212e+01 1.524000256977138434e+01 1.524229500032234697e+01 1.779142849004149340e+01 1.779144932568504345e+01 2.291103808926609631e+01 2.291209017634762191e+01
1.519769838211115992e-03 -1.272556043223426608e-02 -6.303335564991460055e-03 5.933579251605887450e-02 6.110682654753570725e-02 9.426037959688908507e-02 9.975039684521218308e-02 3.068987674933802534e+00 3.069384825988700882e+00 4.286041362295539336e+00 4.286087986163789942e+00 7.091827045173475064e+00 7.092180503081596754e+00 8.496726878253788584e+00 8.496850141016164315e+00 8.865714225345955768e+00 8.875290619928625446e+00 1.039884929064817776e+01 1.039931183514649504e+01 1.106183787678619268e+01 1.106279269376577190e+01 1.176367391871644585e+01 1.176457498815703318e+01 1.280766695761569096e+01 1.280849478102604877e+01 1.523989218164968840e+01 1.524216827850769285e+01 1.779127013936623669e+01 1.779129087046851510e+01 2.291113392167919116e+01 2.291217866950823279e+01
3.039539676422231985e-03 -1.826793536462095052e-02 -9.403723750106405058e-03 1.212819837846591531e-01 1.221953230187841216e-01 1.924338172146305426e-01 1.974198406181063570e-01 3.069619773666693696e+00 3.070006669090823426e+00 4.287145928793916205e+00 4.287190507963617669e+00 7.092040156492603664e+00 7.092386519150919000e+00 8.497564294302195620e+00 8.497700338155460997e+00 8.864921003006418943e+00 8.874282223062921915e+00 1.039859787201248054e+01 1.039904957750323611e+01 1.106183674263938599e+01 1.106277465321742959e+01 1.176398880809979453e+01 1.176486854447831831e+01 1.280780663389348639e+01 1.280861719446505909e+01 1.523956056902892442e+01 1.524178816351079924e+01 1.779079483375356219e+01 1.779081525144022535e+01 2.291142110765495588e+01 2.291244405378287397e+01
4.559309514633348194e-03 -2.373714053448954669e-02 -1.435400979345687403e-02 1.826106125290211935e-01 1.832531522543908720e-01 2.901256022335489404e-01 2.948642290953522593e-01 3.070673182957696756e+00 3.071043435373383534e+00 4.288986619538829537e+00 4.289027943595723258e+00 7.092393573179156974e+00 7.092728298314440849e+00 8.498960268329858181e+00 8.499116364256195766e+00 8.863597018229205204e+00 8.872607318930819886e+00 1.039818047006732549e+01 1.039861454213825986e+01 1.106183337150357282e+01 1.106274344009992916e+01 1.176451373125418165e+01 1.176535877182646672e+01 1.280803808886605744e+01 1.280882044084543203e+01 1.523900640679808483e+01 1.524115480613734519e+01 1.779000181401899283e+01 1.779002171040968960e+01 2.291189872150337692e+01 2.291288604328419964e+01
6.079079352844464837e-03 -2.880539115310893142e-02 -1.934596425721999552e-02 2.437471083927154614e-01 2.442640638982348789e-01 3.875670764132186918e-01 3.920491745829079999e-01 3.072147792728438631e+00 3.072495664972994867e+00 4.291563060538280183e+00 4.291600138956254362e+00 7.092884657061885534e+00 7.093203483735464054e+00 8.500914931194078150e+00 8.501096678073801982e+00 8.861739791585815595e+00 8.870274649750250262e+00 1.039759952660778097e+01 1.039800979567779393e+01 1.106182556776566273e+01 1.106269736568821571e+01 1.176524887143979825e+01 1.176604709708322716e+01 1.280835931890352164e+01 1.280910333790627575e+01 1.523822755111932281e+01 1.524026845604989511e+01 1.778888982014870379e+01 1.778890899015093296e+01 2.291256524706315290e+01 2.291350416067497164e+01
7.598849191055581480e-03 -3.323844336349122269e-02 -2.384930165649724182e-02 3.047641549154993523e-01 3.052113660442477561e-01 4.847391253680861656e-01 4.889259274350213902e-01 3.074043494365994889e+00 3.074364112348949796e+00 4.294874739830627064e+00 4.294906872903845318e+00 7.093509745179226833e+00 7.093808804198884488e+00 8.503427958736981651e+00 8.503638854611191178e+00 8.859346732175412242e+00 8.867296681244059897e+00 1.039685845558926403e+01 1.039723958309603979e+01 1.106181030942661891e+01 1.106263412338852348e+01 1.176619452738708027e+01 1.176693547220110325e+01 1.280876752804090835e+01 1.280946419498218880e+01 1.523722113355101548e+01 1.523912945960862508e+01 1.778745709936724140e+01 1.778747534384400097e+01 2.291341861649243583e+01 2.291429773597838349e+01
9.118619029266696388e-03 -3.679812451785339361e-02 -2.753214277655681441e-02 3.656760863850284093e-01 3.660783046987768352e-01 5.815865942284508261e-01 5.854381712400358317e-01 3.076360225946693117e+00 3.076649747610289420e+00 4.298921017523758437e+00 4.298947853573488409e+00 7.094264180804830566e+00 7.094540100665376769e+00 8.506498108867923236e+00 8.506739224486072004e+00 8.856416012356891798e+00 8.863689863694137472e+00 1.039596163675994767e+01 1.039630928071181337e+01 1.106178380076583068e+01 1.106255084295026236e+01 1.176735115136156828e+01 1.176802633076587057e+01 1.280925913687802264e+01 1.280990077970856333e+01 1.523598368716380946e+01 1.523773825754397393e+01 1.778570141764204493e+01 1.778571854794718021e+01 2.291445626224635390e+01 2.291526590510001782e+01
1.063838886747781390e-02 -3.920223220346093218e-02 -3.005284809603791726e-02 4.264803550091396112e-01 4.268482462802065669e-01 6.780446058427898048e-01 6.815269719504829515e-01 3.079098030116714124e+00 3.079353762474981160e+00 4.303701136352594325e+00 4.303722716098179468e+00 7.095142353843938210e+00 7.095392358135060640e+00 8.510122595863427009e+00 8.510392360919734500e+00 8.852947691190301782e+00 8.859475020910904774e+00 1.039491440505778286e+01 1.039522533755450695e+01 1.106174154083305794e+01 1.106244415573366169e+01 1.176871939253665467e+01 1.176932253517402494e+01 1.280982979372307007e+01 1.281041027823408029e+01 1.523451129931241255e+01 1.523609538309702138e+01 1.778362007474238382e+01 1.778363591824066248e+01 2.291567518004583803e+01 2.291640760823685241e+01
1.215815870568892967e-02 -4.007542337552103678e-02 -3.095987338363472355e-02 4.871678072911853064e-01 4.875047683906273965e-01 7.740446612552277506e-01 7.771324163158682685e-01 3.082257124650679803e+00 3.082477583865174786e+00 4.309214231926704386e+00 4.309231022545699119e+00 7.096137750566567703e+00 7.096359741570717361e+00 8.514296259840476111e+00 8.514590377718457503e+00 8.848945098031204992e+00 8.854677915121241583e+00 1.039372303424205590e+01 1.039399520635034513e+01 1.106167840778483225e+01 1.106231026838952403e+01 1.177030014199113772e+01 1.177082731639574753e+01 1.281047438777498115e+01 1.281098925098740970e+01 1.523279978464129414e+01 1.523420146136313846e+01 1.778120992291124480e+01 1.778122432880309134e+01 2.291707200019324731e+01 2.291772158837665074e+01
1.367792854390004545e-02 -3.884868752402966668e-02 -2.952392604216657473e-02 5.477261184382609116e-01 5.480316675923930791e-01 8.695166398398919139e-01 8.721941172769851480e-01 3.085837985954576368e+00 3.086022898637376333e+00 4.315459348769091541e+00 4.315472257838448122e+00 7.097243012289109920e+00 7.097435634751799505e+00 8.519010477548109250e+00 8.519321972091201900e+00 8.844416505267494344e+00 8.849330057005385441e+00 1.039239471317360852e+01 1.039262726555178418e+01 1.106158875859197188e+01 1.106214504233406082e+01 1.177209457534064008e+01 1.177254420842947980e+01 1.281118706411409924e+01 1.281163358627532389e+01 1.523084487112417129e+01 1.523205721062253204e+01 1.777846738911556912e+01 1.777848023372887454e+01 2.291864306426834119e+01 2.291920639010994165e+01
1.519769838211116296e-02 -3.447511853560249889e-02 -2.416593546302410814e-02 6.081411977047825879e-01 6.084129282690348139e-01 9.643896339675003260e-01 9.666512924944673513e-01 3.089841446169377726e+00 3.089991693387931893e+00 4.322435496204092509e+00 4.322445787312592991e+00 7.098450002181029284e+00 7.098612681173738004e+00 8.524251731563550649e+00 8.524571114799393001e+00 8.839377147835465465e+00 8.843469860243480696e+00 1.039093751323761694e+01 1.039113073394840647e+01 1.106146654300999899e+01 1.106194407663280543e+01 1.177410418896357314e+01 1.177447697955028971e+01 1.281196124025910521e+01 1.281233845411161809e+01 1.522864239150222154e+01 1.522966344643105430e+01 1.777538850074065380e+01 1.777539969146032917e+01 2.292038450405357963e+01 2.292086035897949614e+01
1.671746822032227700e-02 -2.410996561857979559e-02 -5.574272418714922885e-03 6.683978590918459028e-01 6.686326822463268815e-01 1.058592363019021487e+00 1.060442661058565328e+00 3.094268805089232632e+00 3.094386313684433620e+00 4.330141794718629811e+00 4.330150724799015194e+00 7.099749878909367595e+00 7.099882826421668902e+00 8.529999709617925419e+00 8.530315247483931884e+00 8.833851691268737483e+00 8.837144283229307007e+00 1.038936034561097621e+01 1.038951557944965565e+01 1.106130542999196997e+01 1.106170279228632936e+01 1.177633082599653491e+01 1.177662956231447922e+01 1.281278962404872601e+01 1.281309826268524787e+01 1.522618847241845685e+01 1.522702108917779817e+01 1.777196891449115057e+01 1.777197839166971605e+01 2.292229231949935198e+01 2.292268164158069510e+01
1.823723805853339278e-02 1.948471814680029571e-02 2.927187654163730321e-02 7.284801876291718825e-01 7.286751710047361108e-01 1.152053397943330726e+00 1.153506255701794103e+00 3.099121958862687709e+00 3.099209547499525819e+00 4.338577576245841172e+00 4.338585847038999077e+00 7.101133175400063280e+00 7.101237361786233215e+00 8.536224740482360573e+00 8.536522785325896479e+00 8.827877315391383206e+00 8.830411162713891926e+00 1.038767290740190852e+01 1.038779242362067023e+01 1.106109894400474580e+01 1.106141651636613510e+01 1.177877668874148576e+01 1.177900598402777987e+01 1.281366423262412191e+01 1.281390661978045920e+01 1.522347971384959742e+01 1.522413117569610641e+01 1.776820394818051696e+01 1.776821168468669043e+01 2.292436245264862649e+01 2.292466818660042804e+01
1.975700789674451202e-02 4.201776898343275585e-02 4.641424303587954325e-02 7.883717688109416200e-01 7.885247131926755859e-01 1.244701276962752790e+00 1.245779194366046783e+00 3.104403548428135373e+00 3.104464738118409173e+00 4.347742204670976385e+00 4.347749787115230191e+00 7.102589880636581476e+00 7.102666969202680036e+00 8.542884281188690920e+00 8.543149635863906965e+00 8.821507674053881587e+00 8.823342531390986565e+00 1.038588561610836969e+01 1.038597244348400039e+01 1.106084060805791225e+01 1.106108056491627600e+01 1.178144433481748443e+01 1.178161029903826673e+01 1.281457641232051614e+01 1.281475630126862164e+01 1.522051335209520673e+01 1.522099487534811857e+01 1.776408861502833858e+01 1.776409461350253594e+01 2.292659085469000857e+01 2.292681774694355212e+01
2.127677773495562780e-02 6.042404289899855341e-02 6.276942053236632402e-02 8.480558539515626881e-01 8.481656773009934591e-01 1.336464541180483412e+00 1.337197432600873537e+00 3.110117131881912744e+00 3.110155932428979142e+00 4.357634866958730591e+00 4.357641255168637429e+00 7.104109522166511148e+00 7.104161767851350895e+00 8.549918047415244970e+00 8.550134328200982736e+00 8.814818117259312302e+00 8.816029327588523756e+00 1.038400953232633661e+01 1.038406727198078805e+01 1.106052408972946743e+01 1.106069032395715546e+01 1.178433665525944107e+01 1.178444652381361557e+01 1.281551685932608642e+01 1.281563922851664294e+01 1.521728740056218498e+01 1.521761351080170321e+01 1.775961766006551201e+01 1.775962194839958386e+01 2.292897354368532703e+01 2.292912788304746385e+01
2.279654757316674010e-02 7.819504978373009729e-02 7.934989645581785878e-02 9.075154947260678506e-01 9.075824590534058434e-01 1.427271698494009255e+00 1.427695506948289061e+00 3.116267386533894346e+00 3.116288071365178602e+00 4.368254553458113421e+00 4.368259066186135797e+00 7.105681246853115418e+00 7.105711362938835762e+00 8.557241231483024180e+00 8.557391210562272477e+00 8.807912713532257243e+00 8.808588040845654277e+00 1.038205627115828555e+01 1.038208889832857551e+01 1.106014334612322791e+01 1.106024132826178530e+01 1.178745683375700892e+01 1.178751857534074254e+01 1.281647564103167980e+01 1.281654645621687649e+01 1.521380076382500057e+01 1.521398858349332350e+01 1.775478559826897396e+01 1.775478822422808278e+01 2.293150665100003138e+01 2.293159596742675532e+01
2.431631741137785935e-02 9.610759098284964164e-02 9.648307772035938368e-02 9.667336617781072672e-01 9.667594634617180382e-01 1.517051115134754546e+00 1.517206272243448506e+00 3.122860348331392366e+00 3.122867230465582455e+00 4.379600108950162607e+00 4.379602091301042499e+00 7.107293897381120829e+00 7.107304897290150691e+00 8.564735127175255869e+00 8.564801070038940978e+00 8.800933740594460986e+00 8.801169940510609635e+00 1.038003790329130993e+01 1.038004956933353640e+01 1.105969276354944597e+01 1.105972933779488976e+01 1.179080828727425967e+01 1.179083021298510658e+01 1.281744221807434592e+01 1.281746817175606878e+01 1.521005332187853476e+01 1.521012180353602794e+01 1.774958675413027009e+01 1.774958778028495132e+01 2.293418645503039954e+01 2.293421919042849666e+01
2.583608724958897512e-02 1.143053926070345810e-01 1.144603073179284586e-01 1.025681091832071123e+00 1.025693352965540095e+00 1.605660629936852546e+00 1.605730829303747109e+00 3.129900920138612097e+00 3.129903698694510794e+00 4.391669213300781749e+00 4.391670271415407001e+00 7.108931106441433556e+00 7.108936082070519191e+00 8.572198621136715602e+00 8.572234533564344616e+00 8.793973440892241200e+00 8.794074264997936652e+00 1.037796169253198997e+01 1.037796684720373896e+01 1.105915041180360880e+01 1.105916728779826208e+01 1.179438498359639986e+01 1.179439458932071183e+01 1.281839370682676815e+01 1.281840546716939677e+01 1.520601512360319774e+01 1.520604598305021327e+01 1.774401480263164288e+01 1.774401530249219050e+01 2.293699456711636486e+01 2.293700940144003297e+01
2.735585708780008743e-02 1.328779693992572786e-01 1.333926280868840131e-01 1.084331734174770689e+00 1.084377691931380783e+00 1.692987239052881066e+00 1.693238278042567879e+00 3.137398457422186038e+00 3.137407111693788941e+00 4.404459291379015262e+00 4.404463690839156342e+00 7.110578377954115403e+00 7.110596235641583718e+00 8.579357022208601080e+00 8.579511955051090766e+00 8.787259443229345379e+00 8.787593792189854369e+00 1.037583774186598262e+01 1.037585575438985330e+01 1.105850098052977515e+01 1.105856254117366966e+01 1.179818616937779296e+01 1.179821937809001753e+01 1.281931156156164242e+01 1.281935370492554505e+01 1.520167077610662965e+01 1.520178070560937300e+01 1.773806336855130539e+01 1.773806531064898095e+01 2.293991894513885654e+01 2.293997210975395262e+01
2.887562692601120667e-02 1.522262209862831062e-01 1.529752593170376207e-01 1.142695767451960442e+00 1.142770015197986044e+00 1.779112195735851110e+00 1.779499925433606800e+00 3.145371423919895992e+00 3.145382678012305089e+00 4.417971127166890000e+00 4.417978933089832694e+00 7.112234815647166641e+00 7.112262668726614834e+00 8.585971794967026227e+00 8.586260748613856464e+00 8.781367277875439470e+00 8.781834840515955420e+00 1.037369016645669362e+01 1.037371738984552394e+01 1.105777791439509627e+01 1.105787492295866770e+01 1.180223673786466954e+01 1.180228625248114405e+01 1.282020944105857296e+01 1.282027471294163945e+01 1.519709131280871972e+01 1.519726048962060716e+01 1.773172749272450588e+01 1.773173078184284535e+01 2.294298901338517993e+01 2.294307136678891723e+01
3.039539676422232245e-02 1.723565141102380849e-01 1.732443931039308327e-01 1.200757559950345499e+00 1.200853944955974972e+00 1.863958661260362915e+00 1.864440776835766478e+00 3.153834228303756593e+00 3.153845426370810223e+00 4.432203426682010061e+00 4.432214471071800332e+00 7.113888309199152715e+00 7.113923604307107240e+00 8.591651516156426638e+00 8.592084371235696239e+00 8.776723875552466581e+00 8.777233296207665347e+00 1.037153130293497050e+01 1.037156451032084270e+01 1.105697859031727859e+01 1.105710169066086657e+01 1.180653929329018759e+01 1.180659865961332322e+01 1.282107430377970303e+01 1.282115576458665451e+01 1.519227964586726287e+01 1.519248934194455281e+01 1.772500117465194691e+01 1.772500570035678180e+01 2.294620131118547590e+01 2.294630410798066222e+01
3.191516660243343823e-02 1.932642149791255204e-01 1.942170252606959802e-01 1.258501481843188108e+00 1.258613444667141534e+00 1.947446411793731569e+00 1.947983759786308999e+00 3.162804796328961832e+00 3.162813968157871081e+00 4.447154755281055749e+00 4.447168662749359846e+00 7.115526608696082889e+00 7.115567200285802585e+00 8.595930486230352940e+00 8.596507125285496542e+00 8.773830960218418795e+00 8.774307166521955637e+00 1.036937329171843913e+01 1.036940974302057406e+01 1.105610095457814168e+01 1.105624102020228783e+01 1.181109602864973596e+01 1.181115977781015758e+01 1.282189242096637649e+01 1.282198365396130946e+01 1.518723908921954191e+01 1.518747221842714268e+01 1.771787844689622915e+01 1.771788407836924151e+01 2.294955223778049458e+01 2.294966738818435914e+01
3.343493644064455400e-02 2.149379748364296794e-01 2.158986330311145618e-01 1.315911921754279623e+00 1.316032855226301201e+00 2.029491276108504216e+00 2.030048947280583160e+00 3.172305416305587489e+00 3.172311297231053651e+00 4.462823483866241503e+00 4.462839714434185368e+00 7.117137401619239689e+00 7.117181559664023105e+00 8.598323172765168110e+00 8.599027566067638517e+00 8.773210462745877791e+00 8.773602585920142971e+00 1.036722799757638214e+01 1.036726546753739875e+01 1.105514358141759779e+01 1.105529204411956279e+01 1.181590867789569543e+01 1.181597239913798703e+01 1.282264944593009659e+01 1.282274472762592410e+01 1.518197339917117894e+01 1.518221494817658623e+01 1.771035342383366284e+01 1.771036000461030824e+01 2.295303806176730888e+01 2.295315834394318699e+01
3.495470627885566978e-02 2.373621905857668801e-01 2.382873431732314973e-01 1.372973308871255238e+00 1.373096910477004551e+00 2.110004420138113179e+00 2.110552593540787392e+00 3.182363764693387775e+00 3.182365792366314228e+00 4.479207725060430079e+00 4.479225627357802608e+00 7.118708386360066420e+00 7.118754733420140646e+00 8.598425454873677154e+00 8.599222177118205579e+00 8.775303125587504027e+00 8.775589492140586145e+00 1.036510693476553158e+01 1.036514370386263018e+01 1.105410572630152544e+01 1.105425486777513377e+01 1.182097846787710083e+01 1.182103881544415458e+01 1.282333049186821761e+01 1.282342491974897669e+01 1.517648681306408953e+01 1.517672414536806436e+01 1.770242035075840548e+01 1.770242769469559008e+01 2.295665493022671200e+01 2.295677414952769979e+01
3.647447611706678555e-02 2.605185025384352260e-01 2.613763304018946743e-01 1.429670139934055451e+00 1.429790732177676160e+00 2.188891430535648830e+00 2.189405946797519764e+00 3.193012314773273630e+00 3.193014303186918479e+00 4.496305258223252999e+00 4.496324125677163330e+00 7.120227333036370787e+00 7.120274724767138075e+00 8.596025087369685735e+00 8.596862709725602514e+00 8.780357875194294337e+00 8.780543600901152601e+00 1.036302119692826373e+01 1.036305600936677962e+01 1.105298737263778364e+01 1.105313056449132247e+01 1.182630606985525823e+01 1.182636071147191892e+01 1.282392021672366056e+01 1.282400979138192021e+01 1.517078408495923192e+01 1.517100711422576254e+01 1.769407365330458859e+01 1.769408154286264434e+01 2.296039887725073214e+01 2.296051196922890369e+01
3.799424595527790133e-02 2.843867481166045819e-01 2.851552587882313916e-01 1.485987010248431162e+00 1.486099805844768085e+00 2.266051145014570167e+00 2.266513799750243585e+00 3.204294101917485538e+00 3.204299437246926896e+00 4.514113442188804726e+00 4.514132564551078808e+00 7.121682122249289648e+00 7.121729503927676674e+00 8.591151760889710332e+00 8.591973400487125545e+00 8.788381578926571791e+00 8.788488494024010222e+00 1.036098139182288236e+01 1.036101338766939151e+01 1.105178927061582783e+01 1.105192115134990516e+01 1.183189155064320808e+01 1.183193906806914697e+01 1.282440291356709139e+01 1.282448457459571323e+01 1.516487051737261282e+01 1.516507175270897001e+01 1.768530798721671715e+01 1.768531617473198381e+01 2.296426583162104862e+01 2.296436890844196554e+01
3.951401579348901710e-02 3.089455897082885594e-01 3.096111777986129132e-01 1.541908647781849551e+00 1.542009940096697784e+00 2.341374178884349178e+00 2.341772739867439057e+00 3.216264063691041120e+00 3.216271917061139352e+00 4.532629114529378000e+00 4.532647817759216657e+00 7.123060757595092163e+00 7.123107037774626171e+00 8.584033221442107120e+00 8.584788595854803361e+00 8.799182708892635318e+00 8.799237327455131208e+00 1.035899758090243949e+01 1.035902621223352504e+01 1.105051296683932271e+01 1.105062954810015619e+01 1.183773432360023214e+01 1.183777407780568858e+01 1.282476260503205445e+01 1.282483422222287928e+01 1.515875198824673298e+01 1.515892646000013855e+01 1.767611828850192879e+01 1.767612650066850222e+01 2.296825162343313309e+01 2.296834196600046951e+01
4.103378563170013288e-02 3.341729372002884002e-01 3.347290958865825616e-01 1.597419949402283823e+00 1.597507213030047835e+00 2.414741111814379781e+00 2.415069075488217365e+00 3.228987357296718486e+00 3.228996661826520231e+00 4.551848476017639200e+00 4.551866145500675032e+00 7.124351356022063264e+00 7.124395330839488949e+00 8.574997787227975010e+00 8.575650865959572045e+00 8.812468562285717510e+00 8.812494109603692394e+00 1.035707922397993386e+01 1.035710416711550685e+01 1.104916082351872753e+01 1.104925952214557938e+01 1.184383309983528676e+01 1.184386507452660808e+01 1.282498314047711396e+01 1.282504346393705674e+01 1.515243497251261573e+01 1.515258005219291704e+01 1.766649982395283303e+01 1.766650776931458111e+01 2.297235198951929291e+01 2.297242799002654223e+01
4.255355546991124865e-02 3.600462352594509530e-01 3.604923591362595436e-01 1.652506018401252330e+00 1.652577909701333114e+00 2.486020339036107973e+00 2.486276452373305190e+00 3.242543797163292218e+00 3.242553427783351871e+00 4.571766958875416620e+00 4.571783044425302478e+00 7.125542126106990004e+00 7.125582468666602942e+00 8.564386523452480304e+00 8.564917488356918795e+00 8.827933058397324118e+00 8.827946406521405720e+00 1.035523512994490325e+01 1.035525620635399946e+01 1.104773602619378359e+01 1.104781562290018293e+01 1.185018584002028774e+01 1.185021047754341161e+01 1.282504829477969466e+01 1.282509686937379811e+01 1.514592655779845209e+01 1.514604168966041442e+01 1.765644824196098028e+01 1.765645562088859322e+01 2.297656257759253151e+01 2.297662363926356122e+01
4.407332530812235749e-02 3.865426580469619178e-01 3.868829111665688658e-01 1.707152202451418965e+00 1.707208455030887695e+00 2.555065678101830162e+00 2.555253260149824790e+00 3.257030650892591250e+00 3.257039572101690705e+00 4.592379077613823135e+00 4.592393083348004446e+00 7.126621344834724425e+00 7.126656654435757687e+00 8.552504096936653255e+00 8.552907614217133414e+00 8.845306876476701774e+00 8.845316390689916375e+00 1.035347341571772439e+01 1.035349053201030856e+01 1.104624257926458064e+01 1.104630310889844225e+01 1.185678970719856018e+01 1.185680775033150525e+01 1.282494186797334734e+01 1.282497891895830122e+01 1.513923445405988844e+01 1.513932081849958955e+01 1.764595962346511016e+01 1.764596613987648510e+01 2.298087894910701934e+01 2.298092535147141291e+01
4.559309514633347327e-02 4.136392385200908239e-01 4.138814813070230136e-01 1.761344130642214401e+00 1.761385346832313958e+00 2.621713988624545966e+00 2.621840091796914685e+00 3.272565408822836197e+00 3.272572795992475747e+00 4.613678262202806302e+00 4.613689729030698849e+00 7.127577340023452557e+00 7.127606233637616917e+00 8.539602927325415038e+00 8.539884961699153010e+00 8.864371818320945451e+00 8.864378899944671986e+00 1.035180147687614394e+01 1.035181458935252685e+01 1.104468528902218338e+01 1.104472787089392227e+01 1.186364102095259732e+01 1.186365337274513543e+01 1.282464778530471072e+01 1.282467408306550105e+01 1.513236699714836675e+01 1.513242712726256833e+01 1.763503053280907196e+01 1.763503590678270783e+01 2.298529658091192474e+01 2.298532932001872808e+01
4.711286498454458904e-02 4.413129503391456931e-01 4.414677305473773683e-01 1.815067746153206318e+00 1.815095095248406398e+00 2.685783351234643401e+00 2.685857805337075632e+00 3.289287984759685646e+00 3.289293303396430890e+00 4.635656675282605832e+00 4.635665166497169309e+00 7.128398481508767759e+00 7.128419705957266927e+00 8.525885274563963279e+00 8.526059719674586646e+00 8.884956528052704527e+00 8.884961059515605442e+00 1.035022597391794541e+01 1.035023507686882205e+01 1.104306973439319250e+01 1.104309635377430432e+01 1.187073521336903958e+01 1.187074282481951570e+01 1.282415019768572151e+01 1.282416691011114196e+01 1.512533314658637273e+01 1.512537051895725959e+01 1.762365806822581149e+01 1.762366204864386532e+01 2.298981086585337863e+01 2.298983147931774695e+01
4.863263482275570482e-02 4.695407548417394605e-01 4.696203737402627199e-01 1.868309326029878203e+00 1.868324179160178122e+00 2.747072802543599312e+00 2.747107185088958126e+00 3.307361346468454588e+00 3.307364369681741412e+00 4.658305017966926087e+00 4.658310117663358341e+00 7.129073181535873438e+00 7.129085726420398395e+00 8.511511801002678013e+00 8.511597426451528392e+00 8.906929254973661614e+00 8.906931482748687401e+00 1.034875283750397834e+01 1.034875796915011037e+01 1.104140222628335088e+01 1.104141547942387191e+01 1.187806678750266265e+01 1.187807057915248343e+01 1.282343358291219637e+01 1.282344212417952001e+01 1.511814247805324740e+01 1.511816109712293077e+01 1.761183991162531015e+01 1.761184228804740215e+01 2.299441711256159238e+01 2.299442749925014340e+01
5.015240466096682059e-02 4.982996220532243670e-01 4.983172892997714265e-01 1.921055471968862172e+00 1.921059036616207916e+00 2.805365224328041585e+00 2.805371800371043722e+00 3.326968972651622281e+00 3.326969712834437765e+00 4.681612331643873581e+00 4.681613661325489062e+00 7.129589903624404812e+00 7.129593099143370694e+00 8.496610879359542068e+00 8.496628724458208382e+00 8.930189037337305180e+00 8.930189501153071419e+00 1.034738729454806538e+01 1.034738855192591522e+01 1.103968975730932378e+01 1.103969257160200712e+01 1.188562927943332781e+01 1.188563009773134738e+01 1.282248284836331109e+01 1.282248473286765211e+01 1.511080517115508925e+01 1.511080916385503770e+01 1.759957437734140839e+01 1.759957499043190765e+01 2.299911054473676231e+01 2.299911278823906358e+01
5.167217449917793637e-02 5.275356227582055357e-01 5.275665324490088626e-01 1.973286107061493988e+00 1.973293054065595298e+00 2.860426252048086315e+00 2.860435576159075399e+00 3.348305469965280334e+00 3.348306937895242807e+00 4.705563057611762190e+00 4.705565805051025841e+00 7.129930767308471751e+00 7.129937178843787748e+00 8.481257759777831140e+00 8.481286547768611683e+00 8.954656641005165341e+00 8.954657416780413826e+00 1.034613146992995425e+01 1.034613391545104477e+01 1.103793528236326260e+01 1.103793994497751285e+01 1.189341382827485916e+01 1.189341522518349592e+01 1.282128014620934842e+01 1.282128343612573751e+01 1.510332522751126660e+01 1.510333199246116109e+01 1.758685920947810288e+01 1.758686045949034238e+01 2.300388250416409264e+01 2.300388630032608006e+01
5.319194433738905214e-02 5.572518872041221094e-01 5.573184646837978651e-01 2.024991923939920113e+00 2.025009107385943530e+00 2.912052123900749301e+00 2.912066787198564821e+00 3.371564472250732525e+00 3.371568282976008302e+00 4.730143581134103492e+00 4.730150596337551860e+00 7.130087802799862651e+00 7.130103628434100393e+00 8.465568770071049798e+00 8.465624700794503354e+00 8.980270098568757575e+00 8.980271792768013128e+00 1.034499078920801018e+01 1.034499668174676934e+01 1.103615151771531266e+01 1.103616097283948072e+01 1.190141319523683983e+01 1.190141613318698788e+01 1.281981430785809550e+01 1.281982143156101728e+01 1.509572001984994216e+01 1.509573427119929079e+01 1.757369473042981767e+01 1.757369787761090763e+01 2.300873157191021434e+01 2.300873943105177233e+01
5.471171417560016098e-02 5.874420613584051543e-01 5.875323734602249104e-01 2.076163220474953164e+00 2.076190715724966385e+00 2.960062788218090546e+00 2.960074506415278695e+00 3.396911686159837629e+00 3.396918437366093002e+00 4.755338368782757286e+00 4.755349679144412534e+00 7.130053398559346611e+00 7.130077991764252943e+00 8.449631032508902351e+00 8.449697731259087519e+00 9.006977839313369927e+00 9.006980396193013050e+00 1.034397007581055483e+01 1.034397907311450027e+01 1.103434936079591289e+01 1.103436153315129253e+01 1.190961858177751864e+01 1.190962246147825354e+01 1.281807384004826211e+01 1.281808367634068979e+01 1.508800452881619414e+01 1.508802385815923230e+01 1.756008211120941453e+01 1.756008712028952701e+01 2.301365470605228225e+01 2.301366490276832621e+01
5.623148401381127676e-02 6.180816845714458552e-01 6.181851609517824420e-01 2.126786995741571040e+00 2.126824931442444999e+00 3.004334364744185581e+00 3.004339405580787048e+00 3.424452846078399837e+00 3.424463659776300961e+00 4.781128289607030624e+00 4.781143720542599951e+00 7.129816866256150298e+00 7.129849158667545872e+00 8.433502461296161101e+00 8.433568016373332199e+00 9.034734937444079961e+00 9.034738571384092864e+00 1.034307249273115126e+01 1.034308417295359028e+01 1.103253700698513207e+01 1.103255075798831975e+01 1.191801930063430781e+01 1.191802359691709512e+01 1.281604620377695625e+01 1.281605788733857487e+01 1.508019006302871645e+01 1.508021304833919807e+01 1.754602272121487516e+01 1.754602948652119210e+01 2.301864643719289205e+01 2.301865759691047941e+01
5.775125385202239253e-02 6.491459471473038922e-01 6.492536446114065551e-01 2.176850514910301015e+00 2.176898752487369304e+00 3.044832306873744621e+00 3.044843877334856508e+00 3.454203047758829914e+00 3.454219397713790940e+00 4.807491844978396323e+00 4.807510997365317174e+00 7.129367641337934103e+00 7.129406205240982786e+00 8.417232071717917208e+00 8.417290668036415013e+00 9.063500859495118078e+00 9.063506012762816866e+00 1.034230091673186358e+01 1.034231479226794015e+01 1.103072277947653568e+01 1.103073807122796879e+01 1.192660355270061423e+01 1.192660783278481951e+01 1.281371987429702131e+01 1.281373278433391150e+01 1.507228835933421429e+01 1.507231445259444058e+01 1.753151877770551081e+01 1.753152712461337259e+01 2.302370114141658775e+01 2.302371231222817016e+01
5.927102369023350831e-02 6.806097739836471927e-01 6.807145237058603859e-01 2.226341254971393013e+00 2.226399139498369983e+00 3.081650913320407081e+00 3.081674447218819335e+00 3.486065926753406430e+00 3.486089314551153340e+00 4.834405107079798647e+00 4.834427356135087450e+00 7.128695296957642036e+00 7.128738432267302194e+00 8.400861727403066581e+00 8.400915632685689971e+00 9.093237454411907450e+00 9.093244677079214355e+00 1.034165807654319558e+01 1.034167361230290538e+01 1.102891530233847384e+01 1.102893288491546286e+01 1.193535837145146949e+01 1.193536234177777189e+01 1.281108452896124739e+01 1.281109823265280845e+01 1.506431169653740376e+01 1.506434085204293893e+01 1.751657337970333828e+01 1.751658306850049840e+01 2.302881307564113911e+01 2.302882376265109698e+01
6.079079352844462408e-02 7.124478994572899238e-01 7.125443464858338682e-01 2.275246820080107035e+00 2.275313042453585677e+00 3.115001163145968199e+00 3.115035334873494044e+00 3.519833008742679681e+00 3.519864558035014745e+00 4.861841702769141627e+00 4.861866220333512345e+00 7.127789567672599524e+00 7.127835405535158486e+00 8.384429203397855801e+00 8.384487477528690391e+00 9.123907425302927976e+00 9.123917211125244009e+00 1.034114671394546292e+01 1.034116334714554419e+01 1.102712365215049140e+01 1.102714431915312687e+01 1.194426955199181783e+01 1.194427314090064307e+01 1.280813124165535832e+01 1.280814540970532711e+01 1.505627292637281123e+01 1.505630512145443767e+01 1.750119053935842217e+01 1.750120127139370041e+01 2.303397642780754495e+01 2.303398656100337050e+01
6.231056336665573986e-02 7.446349317015222846e-01 7.447194794974941745e-01 2.323554842701495371e+00 2.323627413945668518e+00 3.145186900512206396e+00 3.145228753411851486e+00 3.555205417905432430e+00 3.555245467582733632e+00 4.889772848174386510e+00 4.889798647122640674e+00 7.126640383218074248e+00 7.126686997498378418e+00 8.367972667772802353e+00 8.368043024070203728e+00 9.155473130255749936e+00 9.155485767829089738e+00 1.034076976948211701e+01 1.034078692833521806e+01 1.102535721368076160e+01 1.102538122004332344e+01 1.195332158476520590e+01 1.195332502370147232e+01 1.280485267962992957e+01 1.280486700272398792e+01 1.504818538280171758e+01 1.504822025842098121e+01 1.748537521075073542e+01 1.748538663673863880e+01 2.303918538875753796e+01 2.303919518049860216e+01
6.383033320486684870e-02 7.771454048300062700e-01 7.772160801304742739e-01 2.371252875923751446e+00 2.371329196818098506e+00 3.172569942941930954e+00 3.172615880972965652e+00 3.591830673875286539e+00 3.591878486380883029e+00 4.918167437148525778e+00 4.918193433807078740e+00 7.125237912097894366e+00 7.125283429919282874e+00 8.351529809556852868e+00 8.351613787329135619e+00 9.187895627682721056e+00 9.187911092660087320e+00 1.034053059505382599e+01 1.034054771445622123e+01 1.102362540106322086e+01 1.102365231410057156e+01 1.196249766056372366e+01 1.196250138895696224e+01 1.280124330533994481e+01 1.280125743801779414e+01 1.504006273225473578e+01 1.504009945428466288e+01 1.746913331613006193e+01 1.746914504648998800e+01 2.304443421801161307e+01 2.304444392075062709e+01
6.535010304307796447e-02 8.099538182679295595e-01 8.100100730783748038e-01 2.418328276195757187e+00 2.418405280021036052e+00 3.197530320754405242e+00 3.197576754452708503e+00 3.629342366357551697e+00 3.629396041647152238e+00 4.946992184117793734e+00 4.947017272404356625e+00 7.123572614241522771e+00 7.123615317367238298e+00 8.335135284079951745e+00 8.335229681545431646e+00 9.221133901921973575e+00 9.221151796046694216e+00 1.034043319643174819e+01 1.034044972972803045e+01 1.102193747269678070e+01 1.102196627077751856e+01 1.197177968088637634e+01 1.197178402784201090e+01 1.279729959215931956e+01 1.279731313548346705e+01 1.503191883693448538e+01 1.503195613411369358e+01 1.745247176962867641e+01 1.745248338673145128e+01 2.304971724530747323e+01 2.304972693561488839e+01
6.686987288128908025e-02 8.430346631441788530e-01 8.430771308183709900e-01 2.464768073493096789e+00 2.464842418927880807e+00 3.220433782413525403e+00 3.220477548938333268e+00 3.667392453429753285e+00 3.667449064502346090e+00 4.976211819089807697e+00 4.976234948782276568e+00 7.121635301571200394e+00 7.121673711663937922e+00 8.318820775982253224e+00 8.318919786837648545e+00 9.255144215429238486e+00 9.255163753664792381e+00 1.034048250985392237e+01 1.034049793680282647e+01 1.102030243355474504e+01 1.102033167938831504e+01 1.198114806924479581e+01 1.198115307046448841e+01 1.279302026313331986e+01 1.279303278136615063e+01 1.502376765039325157e+01 1.502380394676220732e+01 1.743539849851423185e+01 1.743540957067365582e+01 2.305502881225418932e+01 2.305503831792996294e+01
6.838964271950019602e-02 8.763624369912117462e-01 8.763926572412150673e-01 2.510558825298725427e+00 2.510627117141922771e+00 3.241611168365219786e+00 3.241649761106999428e+00 3.705671666529321673e+00 3.705727566570955922e+00 5.005789329869837267e+00 5.005809581056823276e+00 7.119417205020953432e+00 7.119450147555676622e+00 8.302615622919757854e+00 8.302712303444918618e+00 9.289879545148140849e+00 9.289899589525481005e+00 1.034068471838652137e+01 1.034069855037060570e+01 1.101872897029728726e+01 1.101875699521844965e+01 1.199058152224982088e+01 1.199058694990057994e+01 1.278840655772169299e+01 1.278841761585319858e+01 1.501562313475693777e+01 1.501565671674238445e+01 1.741792246208216000e+01 1.741793255905392357e+01 2.306036322192331056e+01 2.306037217302802844e+01
6.990941255771131180e-02 9.099116506559806750e-01 9.099317711996476321e-01 2.555686450556398093e+00 2.555745467205253529e+00 3.261349057136098573e+00 3.261380714427169369e+00 3.743918638305816504e+00 3.743969860980576936e+00 5.035686244085173513e+00 5.035702890438966683e+00 7.116910046356706765e+00 7.116936690023403678e+00 8.286547222927142187e+00 8.286634523512493189e+00 9.325289068778770840e+00 9.325308204087292552e+00 1.034104761569035880e+01 1.034105939982133471e+01 1.101722539713694005e+01 1.101725047734616680e+01 1.200005682060573697e+01 1.200006226120378372e+01 1.278346252720925591e+01 1.278347173553259530e+01 1.500749918754213574e+01 1.500752837186264266e+01 1.740005366831009326e+01 1.740006237794405664e+01 2.306571472568972681e+01 2.306572265165970848e+01
7.142918239592242757e-02 9.436568375740441716e-01 9.436692807838690245e-01 2.600136039458347259e+00 2.600182947946672485e+00 3.279888569085037453e+00 3.279912269752840004e+00 3.781920881859101247e+00 3.781963559258699092e+00 5.065862941640941308e+00 5.065875496566431657e+00 7.114106113059063041e+00 7.114125983691142352e+00 8.270641276184642621e+00 8.270712811424422384e+00 9.361317671175147126e+00 9.361334314117270239e+00 1.034158102727234940e+01 1.034159035121809112e+01 1.101579960775888978e+01 1.101582012370669617e+01 1.200954864451593984e+01 1.200955356933629936e+01 1.277819535705445375e+01 1.277820241203942331e+01 1.499940957166829492e+01 1.499943285564128281e+01 1.738180318840882421e+01 1.738181013395115215e+01 2.307107753279198192e+01 2.307108395706078952e+01
7.294895223413354335e-02 9.775725845587402985e-01 9.775796303696830947e-01 2.643891634484309083e+00 2.643924176496659673e+00 3.297428937570945795e+00 3.297444339326494944e+00 3.819511024353998252e+00 3.819541764822950825e+00 5.096278986883159057e+00 5.096287228618730403e+00 7.110998334537472765e+00 7.111011304748632078e+00 8.254921935366764885e+00 8.254972552745281078e+00 9.397905442868351500e+00 9.397917973509002820e+00 1.034229730223710852e+01 1.034230380130722438e+01 1.101445903296964701e+01 1.101447360494633187e+01 1.201902936494027685e+01 1.201903319424394745e+01 1.277261571335191981e+01 1.277262042779911155e+01 1.499136784628892194e+01 1.499138403007576770e+01 1.736318316939784978e+01 1.736318802677578077e+01 2.307644582680716638e+01 2.307645034237877013e+01
7.446872207234465912e-02 1.011633576120396949e+00 1.011636829790014458e+00 2.686935977531709430e+00 2.686952613162864711e+00 3.314133248323104741e+00 3.314140592856581691e+00 3.856560906558073487e+00 3.856577094876055156e+00 5.126893469116249769e+00 5.126897443215403527e+00 7.107580358030411105e+00 7.107586615659967855e+00 8.239411900602179983e+00 8.239438064796901884e+00 9.434987142478240330e+00 9.434994045105183247e+00 1.034321189198192137e+01 1.034321525934056396e+01 1.101321060434445975e+01 1.101321819840742222e+01 1.202846881026296266e+01 1.202847097492961126e+01 1.276673810977987600e+01 1.276674042850982360e+01 1.498338729798475200e+01 1.498339557286581680e+01 1.734420684481456121e+01 1.734420935908149985e+01 2.308181378268047013e+01 2.308181610539654471e+01
7.598849191055577490e-02 1.045814509697216677e+00 1.045814509697346351e+00 2.729250217327102046e+00 2.729250217327158445e+00 3.330134722839360517e+00 3.330134722839376060e+00 3.892975184540668376e+00 3.892975184540718114e+00 5.157665340226849970e+00 5.157665340226959216e+00 7.103846622690904944e+00 7.103846622690943136e+00 8.224132476600079400e+00 8.224132476600086505e+00 9.472491593055945458e+00 9.472491593055970327e+00 1.034434403615714260e+01 1.034434403615716747e+01 1.101206072404373160e+01 1.101206072404375824e+01 1.203783401243128459e+01 1.203783401243128992e+01 1.276058129027171795e+01 1.276058129027174104e+01 1.497548087266088501e+01 1.497548087266094008e+01 1.732488854362379271e+01 1.732488854362384600e+01 2.308717558277644955e+01 2.308717558277648152e+01
7.750826174876689068e-02 1.080086197798982184e+00 1.080089788553136199e+00 2.770797052272188310e+00 2.770813570668312131e+00 3.345536411037800750e+00 3.345542692825563158e+00 3.928668551844114898e+00 3.928685298316934915e+00 5.188550268144968669e+00 5.188553738945747007e+00 7.099786835969403853e+00 7.099792430540859733e+00 8.209077590578830907e+00 8.209103601863807498e+00 9.510333163678270196e+00 9.510340979638991499e+00 1.034571406417516215e+01 1.034571758041907508e+01 1.101100748447110433e+01 1.101101524086287320e+01 1.204708639436121942e+01 1.204708893757088006e+01 1.275416649704637351e+01 1.275416862090596126e+01 1.496765292567555150e+01 1.496766110881140044e+01 1.730524110759539980e+01 1.730524369734266799e+01 2.309252314473042489e+01 2.309252543179558970e+01
7.902803158697800645e-02 1.114425496415899497e+00 1.114433313221902644e+00 2.811570836451397160e+00 2.811602930556831748e+00 3.360436636998034743e+00 3.360447909259534960e+00 3.963611201821009900e+00 3.963644175271374248e+00 5.219512011503018023e+00 5.219518292615713762e+00 7.095403631421077328e+00 7.095414013182913315e+00 8.194293739110770858e+00 8.194343856654750624e+00 9.548433920622715121e+00 9.548450012062312808e+00 1.034735487633009754e+01 1.034736195471133868e+01 1.101006421158077586e+01 1.101007943256987076e+01 1.205618890706944057e+01 1.205619420793832752e+01 1.274752452120209689e+01 1.274752848196078858e+01 1.495992423680248962e+01 1.495994007294482664e+01 1.728528369416272525e+01 1.728528884533285037e+01 2.309785319079801980e+01 2.309785757061938583e+01
8.054780142518912223e-02 1.148806004716370177e+00 1.148818529274652001e+00 2.851546438382143833e+00 2.851592414172667844e+00 3.374912247842739799e+00 3.374927106768745411e+00 3.997774067399714415e+00 3.997821758407264614e+00 5.250511053926873117e+00 5.250519389068102782e+00 7.090694313526270776e+00 7.090708593369977386e+00 8.179799648038471815e+00 8.179870454910558308e+00 9.586700598244789262e+00 9.586724914279047383e+00 1.034930277575520563e+01 1.034931334428307714e+01 1.100923602218093933e+01 1.100925799466032728e+01 1.206509874562007312e+01 1.206510682527919087e+01 1.274068919599088900e+01 1.274069464753884162e+01 1.495230672805682204e+01 1.495232929801909982e+01 1.726503406119592654e+01 1.726504163814846393e+01 2.310316014738361545e+01 2.310316628912313774e+01
8.206757126340023800e-02 1.183201184099264669e+00 1.183218533793734650e+00 2.890695312504113268e+00 2.890752844331874627e+00 3.389029843119919949e+00 3.389046878071179325e+00 4.031141246920040722e+00 4.031201314046287898e+00 5.281508811652628310e+00 5.281518413160682712e+00 7.085657177463210665e+00 7.085674440735052926e+00 8.165612317503740059e+00 8.165699224645351251e+00 9.625030237024443380e+00 9.625062200770958754e+00 1.035160222953106413e+01 1.035161608685677237e+01 1.100852738500217853e+01 1.100855503578859995e+01 1.207376923702432236e+01 1.207377991034536890e+01 1.273370006359635198e+01 1.273370663542009318e+01 1.494481165678242007e+01 1.494483972574766995e+01 1.724451107722551058e+01 1.724452083876490605e+01 2.310843846763417986e+01 2.310844593796110047e+01
8.358734110161135378e-02 1.217584268045837526e+00 1.217606139755169847e+00 2.928984874737664779e+00 2.929051160252569730e+00 3.402849079756555373e+00 3.402866964438286068e+00 4.063706942078070483e+00 4.063776419681992103e+00 5.312467833689226815e+00 5.312477944532157714e+00 7.080291568877680852e+00 7.080310921170117844e+00 8.151746928303481354e+00 8.151844581029873638e+00 9.663308669659905092e+00 9.663347205088447467e+00 1.035430751614623546e+01 1.035432432537072245e+01 1.100794210113649108e+01 1.100797408029453806e+01 1.208214959888689322e+01 1.208216247965709655e+01 1.272660267559668412e+01 1.272661000367105366e+01 1.493744954555932658e+01 1.493748165362684333e+01 1.722373471469606443e+01 1.722374632146752305e+01 2.311368263409975654e+01 2.311369093932256646e+01
8.510711093982246955e-02 1.251928209119189228e+00 1.251953905803139699e+00 2.966377820303682800e+00 2.966449758259481762e+00 3.416425508729491689e+00 3.416443074809204727e+00 4.095472986300056739e+00 4.095548520820349481e+00 5.343351966156753896e+00 5.343361915024975595e+00 7.074597939292456061e+00 7.074618539494832881e+00 8.138216779594333872e+00 8.138319496152101706e+00 9.701408741368661381e+00 9.701452340452087597e+00 1.035748464212609932e+01 1.035750393129612412e+01 1.100748329960870997e+01 1.100751807841396612e+01 1.209018476396625985e+01 1.209019928867992988e+01 1.271944881410016848e+01 1.271945656294685456e+01 1.493023012519915049e+01 1.493026468750008995e+01 1.720272604061769783e+01 1.720273906814331966e+01 2.311888716443417380e+01 2.311889579667414907e+01
8.662688077803358533e-02 1.286205645921431051e+00 1.286234148408404776e+00 3.002831394482965433e+00 3.002905772251003746e+00 3.429813038072758058e+00 3.429829329322161779e+00 4.126446859237570486e+00 4.126524953033841037e+00 5.374126479642030496e+00 5.374135725902971394e+00 7.068577895088597352e+00 7.068598975162581510e+00 8.125033261344874802e+00 8.125135469283417677e+00 9.739188281869875397e+00 9.739235106564306577e+00 1.036121350970160471e+01 1.036123467979184198e+01 1.100715344934592821e+01 1.100718942492598096e+01 1.209781531103843655e+01 1.209783078031410142e+01 1.271229659153039471e+01 1.271230446447767015e+01 1.492316229163441044e+01 1.492319770041722826e+01 1.718150720474572424e+01 1.718152116170977450e+01 2.312404662018945700e+01 2.312405510351903004e+01
8.814665061624468723e-02 1.320388881263847347e+00 1.320418944621936541e+00 3.038296642092532807e+00 3.038370319926121610e+00 3.443066085829985745e+00 3.443080392094425957e+00 4.156640096200848511e+00 4.156717340016093054e+00 5.404758159664877937e+00 5.404766326332098636e+00 7.062234238089936333e+00 7.062255110793135060e+00 8.112205862570800008e+00 8.112302501254145426e+00 9.776487913574376520e+00 9.776535924351772877e+00 1.036559025035766268e+01 1.036561259088363407e+01 1.100695438835698781e+01 1.100698998713935595e+01 1.210497755334912995e+01 1.210499318841502436e+01 1.270521037577185908e+01 1.270521811379712496e+01 1.491625407693323702e+01 1.491628879846663480e+01 1.716010142543516181e+01 1.716011577642403907e+01 2.312915561858261171e+01 2.312916355119264722e+01
8.966642045445580300e-02 1.354449867598894297e+00 1.354480128568277708e+00 3.072717687145545717e+00 3.072787767427207939e+00 3.456241443905720967e+00 3.456253315420841243e+00 4.186067016049658918e+00 4.186140294245331184e+00 5.435215361648027432e+00 5.435222255419997595e+00 7.055570996082535906e+00 7.055591053292847192e+00 8.099742214208186297e+00 8.099829076244859039e+00 9.813128900858174575e+00 9.813176001403933313e+00 1.037072951846643853e+01 1.037075223030197613e+01 1.100688737051287092e+01 1.100692114325815751e+01 1.211160384658967004e+01 1.211161885672817107e+01 1.269826047680117043e+01 1.269826785017655268e+01 1.490951263413527350e+01 1.490954529415814278e+01 1.713853297332325454e+01 1.713854716485018415e+01 2.313420884704264324e+01 2.313421593560757117e+01
9.118619029266691878e-02 1.388360197558211162e+00 1.388389282824712190e+00 3.106031134691972007e+00 3.106095106356142832e+00 3.469399817848639156e+00 3.469409061556512519e+00 4.214743704803042945e+00 4.214810361374486725e+00 5.465468033620631161e+00 5.465473649909110776e+00 7.048593442087788041e+00 7.048612147242935499e+00 8.087648163576655946e+00 8.087722153906193867e+00 9.848911443317932779e+00 9.848955629679402080e+00 1.037676634064626491e+01 1.037678856527065285e+01 1.100695312997314446e+01 1.100698383229426014e+01 1.211762318648415260e+01 1.211763684188325563e+01 1.269152252371172018e+01 1.269152932326553262e+01 1.490294423513303812e+01 1.490297368781313203e+01 1.711682715298510615e+01 1.711684064131636163e+01 2.313920108053475744e+01 2.313920716251833909e+01
9.270596013087803455e-02 1.422091098018648525e+00 1.422117725148868139e+00 3.138165745823289221e+00 3.138221596604826580e+00 3.482606935679922522e+00 3.482613596210421658e+00 4.242687204117454591e+00 4.242745161758671557e+00 5.495487713415247555e+00 5.495492217230501630e+00 7.041308101817546294e+00 7.041324980153238045e+00 8.075927875847026982e+00 8.075987174236409771e+00 9.883614110260529273e+00 9.883653612190908433e+00 1.038385682138148347e+01 1.038387767578871035e+01 1.100715196308836319e+01 1.100717861683505916e+01 1.212296216827016693e+01 1.212297387150380779e+01 1.268507646059774885e+01 1.268508249508015240e+01 1.489655428043849561e+01 1.489657965728069300e+01 1.709501028268123335e+01 1.709502256176043744e+01 2.314412720234131982e+01 2.314413225007042385e+01
9.422572996908915033e-02 1.455613426287009515e+00 1.455636490841855535e+00 3.169042614257627122e+00 3.169088906053456167e+00 3.495934031020099475e+00 3.495938360014138713e+00 4.269914863702503283e+00 4.269962692504623902e+00 5.525247511432620051e+00 5.525251169998622203e+00 7.033722749380777017e+00 7.033737379172426252e+00 8.064583956811972598e+00 8.064628077078154433e+00 9.916995490939335411e+00 9.917028893373077025e+00 1.039217662728832003e+01 1.039219524421246277e+01 1.100748382756483501e+01 1.100750576014943150e+01 1.212754637202018948e+01 1.212755572047939800e+01 1.267900509990510294e+01 1.267901020253780686e+01 1.489034731938942535e+01 1.489036805614592218e+01 1.707310967227802578e+01 1.707312029994253066e+01 2.314898222994803945e+01 2.314898632634621123e+01
9.574549980730026610e-02 1.488897667061761521e+00 1.488916311057737252e+00 3.198576159213841308e+00 3.198612064347045258e+00 3.509457410947530942e+00 3.509459830221992149e+00 4.296443824870996409e+00 4.296480761293573813e+00 5.554722079654275113e+00 5.554725128691474723e+00 7.025846391884001285e+00 7.025858398981663200e+00 8.053617590603897369e+00 8.053647337466019351e+00 9.948799498880788406e+00 9.948825832385491452e+00 1.040191580762972379e+01 1.040193138142456597e+01 1.100794845885450357e+01 1.100796531936466671e+01 1.213130221388266250e+01 1.213130904495630702e+01 1.267339219667945471e+01 1.267339623914925362e+01 1.488432707917310083e+01 1.488434292043459095e+01 1.705115359936286623e+01 1.705116222007663396e+01 2.315376134609171288e+01 2.315376462117279388e+01
9.726526964551138188e-02 1.521913928916270198e+00 1.521927587473132615e+00 3.226676316485554974e+00 3.226701614793624273e+00 3.523256742640993089e+00 3.523257814492250617e+00 4.322290609039954212e+00 4.322316529325537893e+00 5.583887530931415988e+00 5.583890035822700604e+00 7.017689244021650730e+00 7.017698300907905917e+00 8.043028685824872070e+00 8.043046017382348367e+00 9.978765874095360644e+00 9.978784664941342086e+00 1.041326840231598538e+01 1.041328024122571350e+01 1.100854550417032307e+01 1.100855725681728714e+01 1.213415926006992507e+01 1.213416367047404520e+01 1.266832005033523245e+01 1.266832295853610191e+01 1.487849650097187038e+01 1.487850748364902387e+01 1.702917128350939535e+01 1.702917764600591966e+01 2.315845992503514239e+01 2.315846246145021681e+01
9.878503948372249766e-02 1.554631939185388001e+00 1.554640363858826202e+00 3.253252303003680623e+00 3.253267341389291634e+00 3.537411689740491916e+00 3.537412125524440398e+00 4.347470790376092076e+00 4.347486145390680790e+00 5.612721289248104206e+00 5.612723107843494041e+00 7.009262694087128764e+00 7.009268523736540857e+00 8.032816023868182498e+00 8.032823833744144437e+00 1.000664686247125168e+01 1.000665813612662447e+01 1.042641585228968815e+01 1.042642343694331686e+01 1.100927467527090187e+01 1.100928157223134818e+01 1.213605293781333394e+01 1.213605526672229473e+01 1.266386670309782581e+01 1.266386846731971438e+01 1.487285778156235239e+01 1.487286419980199348e+01 1.700719285856418850e+01 1.700719682709456748e+01 2.316307353425194648e+01 2.316307528918972025e+01
1.003048093219336134e-01 1.587021036341496050e+00 1.587024295228171455e+00 3.278218170914047214e+00 3.278223788537927064e+00 3.551996930842589606e+00 3.551997194980014871e+00 4.371998736153835274e+00 4.372004456604502209e+00 5.641201929140883919e+00 5.641202772872627058e+00 7.000579263104381944e+00 7.000581647209588532e+00 8.022977404354982411e+00 8.022979241302302000e+00 1.003222940744683633e+01 1.003223364449081068e+01 1.044150487056042031e+01 1.044150791522522148e+01 1.101013592225493376e+01 1.101013845917963074e+01 1.213692750330889325e+01 1.213692825995554614e+01 1.266010288111649729e+01 1.266010355451054892e+01 1.486741241880901043e+01 1.486741477395072231e+01 1.698524934274155029e+01 1.698525090104000768e+01 2.316759791070643004e+01 2.316759870253230247e+01
1.018245791601447292e-01 1.619048615357886911e+00 1.619050159204864947e+00 3.301497408179248527e+00 3.301499983996828647e+00 3.567075163117288561e+00 3.567075374770253937e+00 4.395884784009931323e+00 4.395887401951823925e+00 5.669308561353823883e+00 5.669309042592587389e+00 6.991651349684553374e+00 6.991652559036444892e+00 8.013509517102299640e+00 8.013509795012732084e+00 1.005535757715457379e+01 1.005535952640735253e+01 1.045862160106802996e+01 1.045862309363085352e+01 1.101112849042218578e+01 1.101112963211543949e+01 1.213673874438688571e+01 1.213673905865521618e+01 1.265708858504139300e+01 1.265708890220956562e+01 1.486216019958392742e+01 1.486216125966702784e+01 1.696337185380225421e+01 1.696337260621712062e+01 2.317202849236275242e+01 2.317202893868401148e+01
1.033443489983558450e-01 1.650682103583777316e+00 1.650687832640733710e+00 3.323034571136691984e+00 3.323043850488997641e+00 3.582688697582649962e+00 3.582689862408187764e+00 4.419138753275117182e+00 4.419148171708909167e+00 5.697020970048222388e+00 5.697023117380420665e+00 6.982492361858059660e+00 6.982497228306462134e+00 8.004409335198351627e+00 8.004410991959627353e+00 1.007595590982354139e+01 1.007596293781648455e+01 1.047777273259935171e+01 1.047777843749738125e+01 1.101225283828977020e+01 1.101225685779509433e+01 1.213545710951980361e+01 1.213545833507716765e+01 1.265487064602206679e+01 1.265487183300550456e+01 1.485710080208855466e+01 1.485710454951667714e+01 1.694159247681341540e+01 1.694159533582284638e+01 2.317636065837594117e+01 2.317636264502534615e+01
1.048641188365669608e-01 1.681893051859885579e+00 1.681902149734161744e+00 3.342809037969860952e+00 3.342823404060498493e+00 3.598853591497863214e+00 3.598856128492397222e+00 4.441776172277415391e+00 4.441790735005964663e+00 5.724321318109860890e+00 5.724325411363378358e+00 6.973120418821518562e+00 6.973128907161302514e+00 7.995671775294443506e+00 7.995678842281059850e+00 1.009404451914550549e+01 1.009405538143142245e+01 1.049887942925840356e+01 1.049888870303831112e+01 1.101351353840250447e+01 1.101351958605105530e+01 1.213307025299113207e+01 1.213307277109725391e+01 1.265348125302725713e+01 1.265348319611992700e+01 1.485223628744863156e+01 1.485224198185760436e+01 1.691994632155432043e+01 1.691995099635391853e+01 2.318059141064647122e+01 2.318059520556892039e+01
1.063838886747780765e-01 1.712649233140110194e+00 1.712660750791552111e+00 3.360827137767269601e+00 3.360844978268765271e+00 3.615553728697924907e+00 3.615557949468087173e+00 4.463804948608938616e+00 4.463822995832443574e+00 5.751191600076608346e+00 5.751197819864680483e+00 6.963552213041941386e+00 6.963564175694916258e+00 7.987292147582351731e+00 7.987307643224328402e+00 1.010972533370112814e+01 1.010973875880360495e+01 1.052177335618616283e+01 1.052178528711793781e+01 1.101491380781205187e+01 1.101492105568720170e+01 1.212958315224834394e+01 1.212958758849055130e+01 1.265293488358876672e+01 1.265293749074163721e+01 1.484756579534469978e+01 1.484757274752814382e+01 1.689846765148563179e+01 1.689847378792144283e+01 2.318471716542081396e+01 2.318472295409427986e+01
1.079036585129891784e-01 1.742917872191807493e+00 1.742930799877158377e+00 3.377129185361215313e+00 3.377149004339539573e+00 3.632739873300891986e+00 3.632745965293217694e+00 4.485231041071861213e+00 4.485251008604871359e+00 5.777614335554704716e+00 5.777622737054810997e+00 6.953805351178180771e+00 6.953820517595937112e+00 7.979265126193892499e+00 7.979291223263736299e+00 1.012316946785851535e+01 1.012318424521544280e+01 1.054621632599177516e+01 1.054622982834720801e+01 1.101645843226892296e+01 1.101646614174201488e+01 1.212501922444066338e+01 1.212502610507344869e+01 1.265322850488702677e+01 1.265323169834757522e+01 1.484308795601441844e+01 1.484309558259151096e+01 1.687719139118861378e+01 1.687719859870936290e+01 2.318873453880079083e+01 2.318874239024517792e+01
1.094234283512002942e-01 1.772665619995280384e+00 1.772678959949554933e+00 3.391786620199628732e+00 3.391807118846908331e+00 3.650332734746458030e+00 3.650340757661393098e+00 4.506058440137453935e+00 4.506078938395952527e+00 5.803572414435563154e+00 5.803582911852545934e+00 6.943898317976050727e+00 6.943916288881168519e+00 7.971585012938032122e+00 7.971622882059724802e+00 1.013459287565746969e+01 1.013460791931544236e+01 1.057192428027788367e+01 1.057193821828022351e+01 1.101815424193653570e+01 1.101816182601161564e+01 1.211941954726892945e+01 1.211942914964098783e+01 1.265434212358320920e+01 1.265434581505954803e+01 1.483880095068471583e+01 1.483880881374756910e+01 1.685615307243089589e+01 1.685616095243644352e+01 2.319264033921275114e+01 2.319265018581667093e+01
1.109431981894114100e-01 1.801858532915583178e+00 1.801871367997399220e+00 3.404895582251694197e+00 3.404915703413805783e+00 3.668229584321104131e+00 3.668239472822027558e+00 4.526289173164045998e+00 4.526309043247721320e+00 5.829048936228806710e+00 5.829061297786778617e+00 6.933850450829540435e+00 6.933870699020635797e+00 7.964245800580516566e+00 7.964295519642392129e+00 1.014423137926613094e+01 1.014424577163505781e+01 1.059859176865090014e+01 1.059860509056958655e+01 1.102001070093799662e+01 1.102001777931576498e+01 1.211284121947800507e+01 1.211285352075751298e+01 1.265624024565568462e+01 1.265624431019555018e+01 1.483470257595031683e+01 1.483471039971825611e+01 1.683538877672706491e+01 1.683539694977514856e+01 2.319643155893027142e+01 2.319644318951046458e+01
1.124629680276225258e-01 1.830462057865173797e+00 1.830473611889666063e+00 3.416568550558646056e+00 3.416587489589678839e+00 3.686312793166347745e+00 3.686324360417206236e+00 4.545923330941776364e+00 4.545941677131279945e+00 5.854027041788421926e+00 5.854040895278469492e+00 6.923681928938814067e+00 6.923703807972808377e+00 7.957241223833563026e+00 7.957301766947204591e+00 1.015232017746557247e+01 1.015233319962594827e+01 1.062591178456142771e+01 1.062592364998630856e+01 1.102204064486900492e+01 1.102204708420898172e+01 1.210535506119197358e+01 1.210536973577854702e+01 1.265887402727248379e+01 1.265887829142132404e+01 1.483079031216987254e+01 1.483079796749691504e+01 1.681493507382397468e+01 1.681494320294641653e+01 2.320010536497049713e+01 2.320011843028014908e+01
1.139827378658336415e-01 1.858441024702959909e+00 1.858450710951000007e+00 3.426925875576660285e+00 3.426943065512833897e+00 3.704458456092738050e+00 3.704471395100522368e+00 4.564959112856475265e+00 4.564975312605993096e+00 5.878489735312290243e+00 5.878504583974618392e+00 6.913413781306366523e+00 6.913436542743864877e+00 7.950564805679801061e+00 7.950634110849847502e+00 1.015907996601171526e+01 1.015909111993012282e+01 1.065358878462082615e+01 1.065359867600101929e+01 1.102426121293722616e+01 1.102426712507480211e+01 1.209704292037842244e+01 1.209705937289499822e+01 1.266218384108472250e+01 1.266218809116358024e+01 1.482706139280855062e+01 1.482706884561049421e+01 1.679482895540997234e+01 1.679483676272027282e+01 2.320365908980584280e+01 2.320367311930139920e+01
1.155025077040447573e-01 1.885759647103833148e+00 1.885767102577872167e+00 3.436088600543034222e+00 3.436103681605547688e+00 3.722543701873019195e+00 3.722557585459359775e+00 4.583392888638072371e+00 4.583406582555931585e+00 5.902419694067343237e+00 5.902434942081907998e+00 6.903067918060336261e+00 6.903090737176154512e+00 7.944209902544777435e+00 7.944285011186133616e+00 1.016470937498334948e+01 1.016471840094182255e+01 1.068134514312261096e+01 1.068135296109064925e+01 1.102669502538935831e+01 1.102670067262982379e+01 1.208799487086120905e+01 1.208801229684026346e+01 1.266610197855999154e+01 1.266610598570457746e+01 1.482351286610110996e+01 1.482352010219639560e+01 1.677510776317514285e+01 1.677511503714395502e+01 2.320709022238253638e+01 2.320710465054481375e+01
1.170222775422558731e-01 1.912381532910569337e+00 1.912386637707569337e+00 3.444173252452225942e+00 3.444186034966216781e+00 3.740452006605716306e+00 3.740466290089072832e+00 4.601219275263301434e+00 4.601230340562055154e+00 5.925799062883301715e+00 5.925814049109797921e+00 6.892667189742712530e+00 6.892689198752171897e+00 7.938169751199120938e+00 7.938247007860754323e+00 1.016938221746658755e+01 1.016938910869182422e+01 1.070892252306192560e+01 1.070892864969582270e+01 1.102937161264239663e+01 1.102937721977147412e+01 1.207830654694941863e+01 1.207832401233908293e+01 1.267055524992998095e+01 1.267055880412126001e+01 1.482014163994783829e+01 1.482014859623702208e+01 1.675580911007096674e+01 1.675581570160074918e+01 2.321039639991876058e+01 2.321041059992155198e+01
1.185420473804669889e-01 1.938269703192019078e+00 1.938272589982191763e+00 3.451288647795315967e+00 3.451299075171892827e+00 3.758076463661474076e+00 3.758090495345235205e+00 4.618431228097549024e+00 4.618439739523343412e+00 5.948609230115745383e+00 5.948623268067090741e+00 6.882235479210110363e+00 6.882255806244525154e+00 7.932437519620112454e+00 7.932512816567281355e+00 1.017324783503381624e+01 1.017325284865997581e+01 1.073607993650694326e+01 1.073608512835328455e+01 1.103232903726851255e+01 1.103233463437496198e+01 1.206807678952171692e+01 1.206809331920839767e+01 1.267546731141712968e+01 1.267547025606073596e+01 1.481694451102659293e+01 1.481695104029454946e+01 1.673697079314205638e+01 1.673697660035076851e+01 2.321357540086948390e+01 2.321358872298582554e+01
1.200618172186781046e-01 1.963386596109528259e+00 1.963387706786299258e+00 3.457534374667061261e+00 3.457542490424796000e+00 3.775321348299280455e+00 3.775334391505877019e+00 4.635020145770085698e+00 4.635026328088036607e+00 5.970830581564558592e+00 5.970843003010873673e+00 6.871797830617618175e+00 6.871815641997756963e+00 7.927006363227833141e+00 7.927075412044034763e+00 1.017643314091438356e+01 1.017643677965077664e+01 1.076259001253204417e+01 1.076259490750499204e+01 1.103561565324071481e+01 1.103562104748847261e+01 1.205740570178389426e+01 1.205742036746712564e+01 1.268076062429360462e+01 1.268076288377424454e+01 1.481391818877904143e+01 1.481392406347731594e+01 1.671863069575072558e+01 1.671863564042428507e+01 2.321662513932648508e+01 2.321663695121671722e+01
1.215815870568892204e-01 1.987693771122930331e+00 1.987694591067800998e+00 3.463000476887188928e+00 3.463006397488486154e+00 3.792102451274765862e+00 3.792113718981150683e+00 4.650975988552247031e+00 4.650980164318003318e+00 5.992442228828428696e+00 5.992452427990199837e+00 6.861380619521506574e+00 6.861395162408154391e+00 7.921869486982247466e+00 7.921928098189567002e+00 1.017904543440570109e+01 1.017904828313094612e+01 1.078823435039810974e+01 1.078823900578470329e+01 1.103929184823320142e+01 1.103929668503782047e+01 1.204639314581937093e+01 1.204640514469813084e+01 1.268635801659086049e+01 1.268635960939915464e+01 1.481105932296484973e+01 1.481106426539884424e+01 1.670082667690627432e+01 1.670083067910207575e+01 2.321954366097652667e+01 2.321955338694518645e+01
1.231013568951003362e-01 2.011153182460936772e+00 2.011154549563343163e+00 3.467767890745429238e+00 3.467771784483049569e+00 3.808346630507065900e+00 3.808355330849183762e+00 4.666287410095225852e+00 4.666289945855456978e+00 6.013421708901338647e+00 6.013429183964674074e+00 6.851011767347463532e+00 6.851022409651283063e+00 7.917020212856655803e+00 7.917064564746926436e+00 1.018117537423255570e+01 1.018117772884912497e+01 1.081279901306680458e+01 1.081280298899662107e+01 1.104343126459933266e+01 1.104343511222040242e+01 1.203513766135928087e+01 1.203514637889428762e+01 1.269218386881967930e+01 1.269218489455947818e+01 1.480836453612059245e+01 1.480836825931893230e+01 1.668359644644467821e+01 1.668359940553436616e+01 2.322232914058776743e+01 2.322233629703941560e+01
1.246211267333114520e-01 2.033726820731801777e+00 2.033728113097812429e+00 3.471909281188983787e+00 3.471911352412773599e+00 3.823990933150130722e+00 3.823996321952205957e+00 4.680941902103407770e+00 4.680943155878409812e+00 6.033744652638243444e+00 6.033749041353108744e+00 6.840721002178038468e+00 6.840727266715776800e+00 7.912452051268095587e+00 7.912478930624735618e+00 1.018289957270939361e+01 1.018290125512207389e+01 1.083607190688380584e+01 1.083607456349530729e+01 1.104812046847880858e+01 1.104812289808619319e+01 1.202373575710704046e+01 1.202374080930541922e+01 1.269816497747565442e+01 1.269816555573278904e+01 1.480583045840126388e+01 1.480583270659676387e+01 1.666697742687043515e+01 1.666697921541293326e+01 2.322497988084605680e+01 2.322498410550519310e+01
1.261408965715225816e-01 2.055375752755634888e+00 2.055376203300982585e+00 3.475490032277866792e+00 3.475490509766974156e+00 3.838981531983283180e+00 3.838982967291403536e+00 4.694925950523526126e+00 4.694926224709425000e+00 6.053384421270268767e+00 6.053385527692321411e+00 6.830540165817037490e+00 6.830541756105589002e+00 7.908158774228160048e+00 7.908165774250612401e+00 1.018428279139528136e+01 1.018428331122448327e+01 1.085784384737538311e+01 1.085784458650317674e+01 1.105345536496031222e+01 1.105345601772904907e+01 1.201228150952471907e+01 1.201228276249968374e+01 1.270423114762128947e+01 1.270423130786693022e+01 1.480345376219179343e+01 1.480345434477338706e+01 1.665100660443679104e+01 1.665100707636279509e+01 2.322749431223511962e+01 2.322749538519867940e+01
1.276606664097336696e-01 2.076059683582217374e+00 2.076060825895581274e+00 3.478568366338586237e+00 3.478569238195189595e+00 3.853269621679262791e+00 3.853272628377779618e+00 4.708224708120829050e+00 4.708225200096743279e+00 6.072309522735816145e+00 6.072311712736135014e+00 6.820500379850219730e+00 6.820503564098483018e+00 7.904120151634414171e+00 7.904134487339976367e+00 1.018537869210131674e+01 1.018537993469814573e+01 1.087791395635839287e+01 1.087791552038239651e+01 1.105953069783240394e+01 1.105953206524132604e+01 1.200086396638343444e+01 1.200086639958947288e+01 1.271031514683584085e+01 1.271031553098543831e+01 1.480123001074833944e+01 1.480123119483312699e+01 1.663571938204889022e+01 1.663572037227875455e+01 2.322986884887609094e+01 2.322987099354974205e+01
1.291804362479447854e-01 2.095739468169732778e+00 2.095742866665482040e+00 3.481198639648894755e+00 3.481200608095642135e+00 3.866817666403170595e+00 3.866825407186444963e+00 4.720823482994544129e+00 4.720824623879732229e+00 6.090488827572497321e+00 6.090494143617050327e+00 6.810640494325912009e+00 6.810648353063853300e+00 7.900337603053801949e+00 7.900373697368338277e+00 1.018623417715181034e+01 1.018623775850751478e+01 1.089610842980646588e+01 1.089611236113671566e+01 1.106642666209366865e+01 1.106643016759793952e+01 1.198957353674105519e+01 1.198957932006576499e+01 1.271635361566216460e+01 1.271635478058174762e+01 1.479915665990440665e+01 1.479915960853864831e+01 1.662115179455613401e+01 1.662115436746635666e+01 2.323210333982536113e+01 2.323210861256583470e+01
1.307002060861559012e-01 2.114376696016700308e+00 2.114382869579992885e+00 3.483430432102442964e+00 3.483433242644296879e+00 3.879594544964514835e+00 3.879607084696238051e+00 4.732706955314621489e+00 4.732708699356635407e+00 6.107887720439401313e+00 6.107895818382269582e+00 6.801002707358477117e+00 6.801014947476414108e+00 7.896814149456843346e+00 7.896871371984517829e+00 1.018688987695816373e+01 1.018689626394775694e+01 1.091230102550118275e+01 1.091230703199127561e+01 1.107418308372969840e+01 1.107418875613290687e+01 1.197849807531652289e+01 1.197850669063608642e+01 1.272228693310939285e+01 1.272228914092386098e+01 1.479723138177142516e+01 1.479723598696405595e+01 1.660733907617873228e+01 1.660734330290506122e+01 2.323419782233134967e+01 2.323420598636480960e+01
1.322199759243670170e-01 2.131932934719894313e+00 2.131942212711521734e+00 3.485308864580817456e+00 3.485312267593752455e+00 3.891572903434245223e+00 3.891590063914417641e+00 4.743859269043291249e+00 4.743861598542046920e+00 6.124466520335515085e+00 6.124476905985736686e+00 6.791631276641142634e+00 6.791647429686162418e+00 7.893546279803388188e+00 7.893622988452169587e+00 1.018738033054419745e+01 1.018738982151326411e+01 1.092643671904629876e+01 1.092644420695659413e+01 1.108277252459165574e+01 1.108278037134163796e+01 1.196772182312256483e+01 1.196773262332316712e+01 1.272805903132103111e+01 1.272806250444238785e+01 1.479545141274444475e+01 1.479545746809731455e+01 1.659431491268024317e+01 1.659432079471710964e+01 2.323615137222058280e+01 2.323616206082529700e+01
1.337397457625781327e-01 2.148370411969225291e+00 2.148382902516965398e+00 3.486875568035701090e+00 3.486879325583214229e+00 3.902729836195221402e+00 3.902751196503036368e+00 4.754264508662217281e+00 4.754267394657161638e+00 6.140181190756274887e+00 6.140193255053198129e+00 6.782574477203690222e+00 6.782593925662373735e+00 7.890530930642538188e+00 7.890624568473302070e+00 1.018773538963900016e+01 1.018774807512036595e+01 1.093854904801169425e+01 1.093855725698889181e+01 1.109208325451364630e+01 1.109209330660960546e+01 1.195732681625558769e+01 1.195733908471995477e+01 1.273361755834896414e+01 1.273362243604216637e+01 1.479381414635881065e+01 1.479382136327036257e+01 1.658211173046244014e+01 1.658211918597104173e+01 2.323796316771449355e+01 2.323797590885297382e+01
1.352595156007892485e-01 2.163652273538290149e+00 2.163667847073089678e+00 3.488169043076445597e+00 3.488172935822346332e+00 3.913046230504954703e+00 3.913071143308855859e+00 4.763906897769007998e+00 4.763910277857570819e+00 6.154983030049955950e+00 6.154996093159321724e+00 6.773884891311474199e+00 6.773906900877096682e+00 7.887765459245651201e+00 7.887872697121831145e+00 1.018798092584054338e+01 1.018799666741910315e+01 1.094875852222528678e+01 1.094876669436886907e+01 1.110192006514191121e+01 1.110193234323458000e+01 1.194739299374699293e+01 1.194740600432252187e+01 1.273891387034223577e+01 1.273892018173611795e+01 1.479231714161809919e+01 1.479232517221563370e+01 1.657076051021758545e+01 1.657076936804555700e+01 2.323963248079122934e+01 2.323964672701422884e+01
1.367792854390003643e-01 2.177742866099133590e+00 2.177761155272768256e+00 3.489224901611680529e+00 3.489228735474227072e+00 3.922506200364217932e+00 3.922533822604644449e+00 4.772770997701874407e+00 4.772774770541821532e+00 6.168818511661607218e+00 6.168831872627581703e+00 6.765619557152370511e+00 6.765643312041202506e+00 7.885247611595732842e+00 7.885364524714052692e+00 1.018813939307936955e+01 1.018815782018593730e+01 1.095725107634090101e+01 1.095725859702940497e+01 1.111202531656723380e+01 1.111203972957001085e+01 1.193799820847311288e+01 1.193801128028334979e+01 1.274390302523352858e+01 1.274391067615688122e+01 1.479095812984709646e+01 1.479096659421119142e+01 1.656029059972488326e+01 1.656030060131764614e+01 2.324115866921752627e+01 2.324117383036603357e+01
1.382990552772114801e-01 2.190608041947267992e+00 2.190628458079924457e+00 3.490076006278275855e+00 3.490079618332622591e+00 3.931096599620097276e+00 3.931125934849359016e+00 4.780841905996526364e+00 4.780845936706306532e+00 6.181629355397697090e+00 6.181642343403727757e+00 6.757839894475969444e+00 6.757864532923917089e+00 7.882975486478884797e+00 7.883097751527560426e+00 1.018823027310890161e+01 1.018825079733747785e+01 1.096424537611696337e+01 1.096425184637094574e+01 1.112211137258759486e+01 1.112212762265348864e+01 1.192921809416160350e+01 1.192923063641688231e+01 1.274854378493525431e+01 1.274855255749454841e+01 1.478973502049882782e+01 1.478974353548032461e+01 1.655072952852163937e+01 1.655074033718204163e+01 2.324254116936282699e+01 2.324255664542334898e+01
1.398188251154225958e-01 2.202215481323564816e+00 2.202237246458997877e+00 3.490752523881066605e+00 3.490755786985647813e+00 3.938806604850138893e+00 3.938836553744800462e+00 4.788105451597505891e+00 4.788109582615667215e+00 6.193352926627464505e+00 6.193364949651612328e+00 6.750611309216265177e+00 6.750635956800161708e+00 7.880947496850394529e+00 7.881070596403987771e+00 1.018827042711296471e+01 1.018829227286082606e+01 1.096996162154899324e+01 1.096996686124128928e+01 1.113189178409340130e+01 1.113190933529040016e+01 1.192112574590430896e+01 1.192113728909061088e+01 1.275279862961126653e+01 1.275280819347308459e+01 1.478864590628400855e+01 1.478865411312689560e+01 1.654210282722969794e+01 1.654211404364894733e+01 2.324377948985270237e+01 2.324379470137258252e+01
1.413385949536337116e-01 2.212535026530535909e+00 2.212557219120753427e+00 3.491281909035516051e+00 3.491284734711259663e+00 3.945627359663868461e+00 3.945656774868059546e+00 4.794548383106299383e+00 4.794552446760018682e+00 6.203923068531649321e+00 6.203933655265638336e+00 6.744002370612951047e+00 6.744026169930138259e+00 7.879162329572367618e+00 7.879281751359715535e+00 1.018827437237139044e+01 1.018829662162714556e+01 1.097460004112123322e+01 1.097460404795968891e+01 1.114110305342755503e+01 1.114112116657599572e+01 1.191379118043935570e+01 1.191380139181027786e+01 1.275663378482811616e+01 1.275664371865567936e+01 1.478768906791956894e+01 1.478769665599048366e+01 1.653443385431541657e+01 1.653444503692836065e+01 2.324487320605258844e+01 2.324488761980865092e+01
1.428583647918448274e-01 2.221539020574245349e+00 2.221560631856501988e+00 3.491688833978551454e+00 3.491691173169122919e+00 3.951551673250893959e+00 3.951579414773588095e+00 4.800158546582932395e+00 4.800162377034908445e+00 6.213271465179049713e+00 6.213280296501954680e+00 6.738083461470202096e+00 6.738105597787265921e+00 7.877618904564922531e+00 7.877730325286030677e+00 1.018825449936285210e+01 1.018827614753118560e+01 1.097833041187873704e+01 1.097833330405835994e+01 1.114951566138593364e+01 1.114953346753095431e+01 1.190728055777767658e+01 1.190728924080072915e+01 1.276001926033120881e+01 1.276002908122155688e+01 1.478686297871217548e+01 1.478686970289023783e+01 1.652774363300197535e+01 1.652775432150372126e+01 2.324582195530253159e+01 2.324583510344211135e+01
1.443781346300559432e-01 2.229202641743635915e+00 2.229222639084901036e+00 3.491995080192968448e+00 3.491996921620311944e+00 3.956573767136490893e+00 3.956598754964666398e+00 4.804925049786620939e+00 4.804928493032142534e+00 6.221329600973540153e+00 6.221336527924282045e+00 6.732924834432229666e+00 6.732944557887112325e+00 7.876316334402251762e+00 7.876415780552603607e+00 1.018822124168033483e+01 1.018824126056388657e+01 1.098128977112060944e+01 1.098129173244557499e+01 1.115693717980598088e+01 1.115695376506151781e+01 1.190165516869904572e+01 1.190166224784548454e+01 1.276292889778781436e+01 1.276293809606769969e+01 1.478616630910155649e+01 1.478617199880110888e+01 1.652205070093061323e+01 1.652206044121996698e+01 2.324662543274924431e+01 2.324663692437377804e+01
1.458979044682670312e-01 2.235504224501144943e+00 2.235521617434452768e+00 3.492219407060628278e+00 3.492220772880693325e+00 3.960689065119658459e+00 3.960710326423700245e+00 4.808838410088214665e+00 4.808841331403718833e+00 6.228031316951543772e+00 6.228036362723109676e+00 6.728594072545154958e+00 6.728610718032047799e+00 7.875253885434882584e+00 7.875337866753151950e+00 1.018818320861012694e+01 1.018820061215297024e+01 1.098358465666978923e+01 1.098358589299810184e+01 1.116321109008480761e+01 1.116322557516473779e+01 1.189697022277088401e+01 1.189697571660782671e+01 1.276534042398981406e+01 1.276534850043849900e+01 1.478559793116209420e+01 1.478560248959240297e+01 1.651737097498636331e+01 1.651737934385786843e+01 2.324728338755590329e+01 2.324729291265644449e+01
1.474176743064781470e-01 2.240425556437242616e+00 2.240439460852867715e+00 3.492377412136029591e+00 3.492378350396801778e+00 3.963894022272168804e+00 3.963910731433384793e+00 4.811890683626468324e+00 4.811892972428672088e+00 6.233315865176690451e+00 6.233319208375165843e+00 6.725153052446585455e+00 6.725166058203257968e+00 7.874430941643054460e+00 7.874496555899662020e+00 1.018814728809898362e+01 1.018816119628373151e+01 1.098529509129699377e+01 1.098529580062008826e+01 1.116821401652905088e+01 1.116822562336388458e+01 1.189327350601012689e+01 1.189327749279162205e+01 1.276723550561510656e+01 1.276724200811654164e+01 1.478515692285332150e+01 1.478516031611018278e+01 1.651371763347562194e+01 1.651372426153995221e+01 2.324779561922802884e+01 2.324780294592670771e+01
1.489374441446892627e-01 2.243952140951305907e+00 2.243961836966559265e+00 3.492481396661671234e+00 3.492481969667240449e+00 3.966185989694617220e+00 3.966197500224641015e+00 4.814075573639203576e+00 4.814077146127574203e+00 6.237131240483493322e+00 6.237133173911756145e+00 6.722654632280968379e+00 6.722663557445467397e+00 7.873846972610015982e+00 7.873891983062714317e+00 1.018811872602866053e+01 1.018812842243267802e+01 1.098647868626379598e+01 1.098647904099467176e+01 1.117185289319446184e+01 1.117186099637558172e+01 1.189060401059071381e+01 1.189060659133977893e+01 1.276859980162092612e+01 1.276860435839903118e+01 1.478484257146047653e+01 1.478484480866395323e+01 1.651110101756683690e+01 1.651110560910700187e+01 2.324816197381148442e+01 2.324816694086846525e+01
1.504572139829003785e-01 2.246073415840041942e+00 2.246078395262340432e+00 3.492540248239125678e+00 3.492540515933746814e+00 3.967563112479447263e+00 3.967568980587794503e+00 4.815388516288103382e+00 4.815389316501681449e+00 6.239437451285534841e+00 6.239438302599691788e+00 6.721139406694796037e+00 6.721143947016185116e+00 7.873501507215366679e+00 7.873524395803053189e+00 1.018810118616896609e+01 1.018810616512021916e+01 1.098717409296722636e+01 1.098717422909362718e+01 1.117406270719448358e+01 1.117406687060466908e+01 1.188899066354343148e+01 1.188899192791902237e+01 1.276942300960944010e+01 1.276942535654172239e+01 1.478465437520972259e+01 1.478465548335362989e+01 1.650952855359888005e+01 1.650953090233372578e+01 2.324838233982280400e+01 2.324838484712348219e+01
1.519769838211114943e-01 2.246782919131296019e+00 2.246782919131367962e+00 3.492559349337403862e+00 3.492559349337433616e+00 3.968024259036551094e+00 3.968024259036571078e+00 4.815826742715130671e+00 4.815826742715219488e+00 6.240209310702067746e+00 6.240209310702105050e+00 6.720632948061311396e+00 6.720632948061321166e+00 7.873394114823779155e+00 7.873394114823819123e+00 1.018809679383824118e+01 1.018809679383824829e+01 1.098740351771564860e+01 1.098740351771568236e+01 1.117480497115118254e+01 1.117480497115122695e+01 1.188845128941128060e+01 1.188845128941128770e+01 1.276969890300351373e+01 1.276969890300352617e+01 1.478459204181384123e+01 1.478459204181389097e+01 1.650900469751735500e+01 1.650900469751738697e+01 2.324845664398446843e+01 2.324845664398448974e+01
1.519769838211114943e-01 2.246782919131296019e+00 2.246782919131367962e+00 3.492559349337403862e+00 3.492559349337433616e+00 3.968024259036551094e+00 3.968024259036571078e+00 4.815826742715130671e+00 4.815826742715219488e+00 6.240209310702067746e+00 6.240209310702105050e+00 6.720632948061311396e+00 6.720632948061321166e+00 7.873394114823779155e+00 7.873394114823819123e+00 1.018809679383824118e+01 1.018809679383824829e+01 1.098740351771564860e+01 1.098740351771568236e+01 1.117480497115118254e+01 1.117480497115122695e+01 1.188845128941128060e+01 1.188845128941128770e+01 1.276969890300351373e+01 1.276969890300352617e+01 1.478459204181384123e+01 1.478459204181389097e+01 1.650900469751735500e+01 1.650900469751738697e+01 2.324845664398446843e+01 2.324845664398448974e+01
1.529002596955323368e-01 2.246840321018273468e+00 2.246842460103349204e+00 3.492570079606847511e+00 3.492572837633183713e+00 3.968210621517616499e+00 3.968217507580693137e+00 4.815800061505160379e+00 4.815804949774854293e+00 6.240200042232326716e+00 6.240202740908368462e+00 6.720610648145732391e+00 6.720611358070460284e+00 7.873258015181515468e+00 7.873283459530007633e+00 1.018821414099357092e+01 1.018821587588797151e+01 1.098736868639609021e+01 1.098736880728904097e+01 1.117475255423713598e+01 1.117475390359360077e+01 1.188847502083926777e+01 1.188847557995792847e+01 1.276971617358605293e+01 1.276971822681635516e+01 1.478458851835572219e+01 1.478459004922207320e+01 1.650899982084494866e+01 1.650900213910610148e+01 2.324844168910055586e+01 2.324844514249922511e+01
1.538235355699531792e-01 2.247014449478197839e+00 2.247018650804169848e+00 3.492604988404011124e+00 3.492610396887986024e+00 3.968776318702096351e+00 3.968789849151248550e+00 4.815725018689867021e+00 4.815734619139064421e+00 6.240175011410171280e+00 6.240180313827864644e+00 6.720544521475559030e+00 6.720545963652736710e+00 7.872876158492275955e+00 7.872926139224366793e+00 1.018856753754759126e+01 1.018857095523269685e+01 1.098726428687604262e+01 1.098726454869391311e+01 1.117459693789982822e+01 1.117459959350379073e+01 1.188854666348091271e+01 1.188854776051728557e+01 1.276977000913188043e+01 1.276977404082786194e+01 1.478457952010049681e+01 1.478458252537623352e+01 1.650898755654933225e+01 1.650899211085471308e+01 2.324840035196347188e+01 2.324840713841693685e+01
1.547468114443740217e-01 2.247304579487043874e+00 2.247310692090360718e+00 3.492663847126879606e+00 3.492671695683749356e+00 3.969720274063177179e+00 3.969739973721411630e+00 4.815601773154609688e+00 4.815615740046411908e+00 6.240134348973401579e+00 6.240142068511288720e+00 6.720434785599703531e+00 6.720436994653624652e+00 7.872250611152598054e+00 7.872323345095035840e+00 1.018915579297504514e+01 1.018916079031233402e+01 1.098709026541181899e+01 1.098709069950620432e+01 1.117433893185158311e+01 1.117434280859835205e+01 1.188866586421435656e+01 1.188866745764808996e+01 1.276986024549300680e+01 1.276986610895989394e+01 1.478456511321691913e+01 1.478456948218307332e+01 1.650896796329288918e+01 1.650897459212841412e+01 2.324833273254571608e+01 2.324834261545860770e+01
1.556700873187948642e-01 2.247709482061230446e+00 2.247717286229595324e+00 3.492746240677554237e+00 3.492756225368791156e+00 3.971040601575255735e+00 3.971065777886713111e+00 4.815430528709276459e+00 4.815448359313489135e+00 6.240078237616165424e+00 6.240088102363331224e+00 6.720281817857738815e+00 6.720284824340470919e+00 7.871384483529354270e+00 7.871477376612722843e+00 1.018997691007574780e+01 1.018998333503199483e+01 1.098684654567649588e+01 1.098684718398619431e+01 1.117397986461818249e+01 1.117398483762027794e+01 1.188883202953857143e+01 1.188883405925183290e+01 1.276998658342944282e+01 1.276999406559756167e+01 1.478454538762988335e+01 1.478455095960526400e+01 1.650894110940650705e+01 1.650894957769670768e+01 2.324823895474046154e+01 2.324825158931593450e+01
1.565933631932157066e-01 2.248227433118770602e+00 2.248236648248703062e+00 3.492851572508202551e+00 3.492863309142371531e+00 3.972734593322798435e+00 3.972764359953716351e+00 4.815211534038758678e+00 4.815232587036011758e+00 6.240006908407566222e+00 6.240018570518681251e+00 6.720086159698738904e+00 6.720089972335260065e+00 7.870281900841579414e+00 7.870391641611666600e+00 1.019102809201541859e+01 1.019103574687817826e+01 1.098653303373260393e+01 1.098653390044768052e+01 1.117352157417455771e+01 1.117352748204650048e+01 1.188904432917518328e+01 1.188904671893489784e+01 1.277014858898120409e+01 1.277015741845952235e+01 1.478452045587457775e+01 1.478452702644389483e+01 1.650890707138040625e+01 1.650891707883626935e+01 2.324811916458021699e+01 2.324813410956281245e+01
1.575166390676365491e-01 2.248856226364302380e+00 2.248866521066268387e+00 3.492979072540050911e+00 3.492992113341351512e+00 3.974798704444699293e+00 3.974832011671994625e+00 4.814945084138729570e+00 4.814968603106335010e+00 6.239920636626790085e+00 6.239933684348085485e+00 6.719848520348583598e+00 6.719853110759284043e+00 7.868947970114043677e+00 7.869070649018877539e+00 1.019230575228321989e+01 1.019231439795563077e+01 1.098614962528491645e+01 1.098615073132358688e+01 1.117296639508497691e+01 1.117297304425675719e+01 1.188930170127575003e+01 1.188930436186148043e+01 1.277034569460990099e+01 1.277035555191631389e+01 1.478449045199940315e+01 1.478449778091463607e+01 1.650886593243292921e+01 1.650887712421510756e+01 2.324797352866384159e+01 2.324799026138795455e+01
1.584399149420573916e-01 2.249593190099559603e+00 2.249604194230943932e+00 3.493127807762374637e+00 3.493141660576203567e+00 3.977228535954470789e+00 3.977264206928947221e+00 4.814631523349316211e+00 4.814656664473128345e+00 6.239819737166694580e+00 6.239833709157012187e+00 6.719569780560429528e+00 6.719575072528693127e+00 7.867388743837942400e+00 7.867519993928635991e+00 1.019380552745688107e+01 1.019381488883262143e+01 1.098569621580947242e+01 1.098569755536220249e+01 1.117231714217556338e+01 1.117232431217425237e+01 1.188960285920340709e+01 1.188960569203784345e+01 1.277057720111468875e+01 1.277058773067626340e+01 1.478445553054588935e+01 1.478446335097823017e+01 1.650881778120955090e+01 1.650882976052790241e+01 2.324780223283484659e+01 2.324782016708162757e+01
1.593631908164782340e-01 2.250435207816678940e+00 2.250446526044618700e+00 3.493296695236692173e+00 3.493310844330668186e+00 3.980018816065764131e+00 3.980055587828284835e+00 4.814271250086843423e+00 4.814297113086228208e+00 6.239704559675280926e+00 6.239718961163332800e+00 6.719250996930570707e+00 6.719256860917953489e+00 7.865611180937689184e+00 7.865746334846306809e+00 1.019552229264031418e+01 1.019553206505108456e+01 1.098517271347252944e+01 1.098517426206383618e+01 1.117157709078020922e+01 1.117158454039922155e+01 1.188994629984033935e+01 1.188994920095846375e+01 1.277084228031108282e+01 1.277085310375973393e+01 1.478441586562646570e+01 1.478442389439232230e+01 1.650876271065859058e+01 1.650877505286029745e+01 2.324760548114528902e+01 2.324762398721650314e+01
1.602864666908990765e-01 2.251378742386326071e+00 2.251389968810343145e+00 3.493484517161990599e+00 3.493498444623734489e+00 3.983163380720458058e+00 3.983199948660072653e+00 4.813864723357529130e+00 4.813890384488878738e+00 6.239575483614131279e+00 6.239589803859488804e+00 6.718893406924203227e+00 6.718899659784215217e+00 7.863623105590623830e+00 7.863757363065289496e+00 1.019745017941619558e+01 1.019746003612856633e+01 1.098457905469533635e+01 1.098458076850987197e+01 1.117074995361978473e+01 1.117075742787231363e+01 1.189033031335462809e+01 1.189033317753532870e+01 1.277113997844484494e+01 1.277115070868646463e+01 1.478437165011169085e+01 1.478437959845882865e+01 1.650870081712433191e+01 1.650871308476997967e+01 2.324738349512825408e+01 2.324740192146960283e+01
1.612097425653199190e-01 2.252419863603152717e+00 2.252430596905967697e+00 3.493689937601235584e+00 3.493703144333175192e+00 3.986655154058928563e+00 3.986690218340134262e+00 4.813412471115499081e+00 4.813437017038013188e+00 6.239432913413089032e+00 6.239446643877575305e+00 6.718498434538432207e+00 6.718504844016488065e+00 7.861433164381353755e+00 7.861561764288900633e+00 1.019958259613707341e+01 1.019959219685055984e+01 1.098391522227553985e+01 1.098391703865103430e+01 1.116983985439845384e+01 1.116984709212506743e+01 1.189075299434112409e+01 1.189075571922151831e+01 1.277146922029854714e+01 1.277147947580807319e+01 1.478432309493067720e+01 1.478433067945066526e+01 1.650863219968944051e+01 1.650864395808138596e+01 2.324713651339035891e+01 2.324715420904246344e+01
1.621330184397407614e-01 2.253554278800904864e+00 2.253564137350051677e+00 3.493911520431329798e+00 3.493923545794735741e+00 3.990486129588154185e+00 3.990518441950428485e+00 4.812915100502205057e+00 4.812937661751183427e+00 6.239277273891578268e+00 6.239289926483471582e+00 6.718067696428340341e+00 6.718073989843315275e+00 7.859050782198365503e+00 7.859169172760492650e+00 1.020191225036440130e+01 1.020192125062692945e+01 1.098318126600494260e+01 1.098318310504848050e+01 1.116885129823164391e+01 1.116885804020239981e+01 1.189121225423276584e+01 1.189121474423080116e+01 1.277182881393563463e+01 1.277183823272795316e+01 1.478427042847943085e+01 1.478427738171133576e+01 1.650855695978927784e+01 1.650856779240063332e+01 2.324686479152502372e+01 2.324688112864859235e+01
1.630562943141616039e-01 2.254777366196671018e+00 2.254786002495094088e+00 3.494147748058803682e+00 3.494158187320188791e+00 3.994647352794090001e+00 3.994675762049637147e+00 4.812373309974747215e+00 4.812393092794665428e+00 6.239109006098333410e+00 6.239120130827728872e+00 6.717603008284190658e+00 6.717608884655504653e+00 7.856486117200543795e+00 7.856590118315204485e+00 1.020443117325484117e+01 1.020443923466492109e+01 1.098237732571976366e+01 1.098237909300458703e+01 1.116778913905679005e+01 1.116779513637596466e+01 1.189170583486076538e+01 1.189170800474516376e+01 1.277221745601629976e+01 1.277222570876269891e+01 1.478421389612390158e+01 1.478421997643123476e+01 1.650847520110999511e+01 1.650848472436609882e+01 2.324656860233502442e+01 2.324658299804964656e+01
1.639795701885824464e-01 2.256084210572990578e+00 2.256091324458415315e+00 3.494397040442445590e+00 3.494405559315680421e+00 3.999128905909048015e+00 3.999152400444432320e+00 4.811787903297335411e+00 4.811804218639665010e+00 6.238928563694084772e+00 6.238937765077436026e+00 6.717106391235089902e+00 6.717111536013258721e+00 7.853750015099668857e+00 7.853835966910366118e+00 1.020713074568727308e+01 1.020713754669538176e+01 1.098150365669329709e+01 1.098150524696735708e+01 1.116665854422043758e+01 1.116666356680904748e+01 1.189223132302531560e+01 1.189223310099233188e+01 1.277263373761229204e+01 1.277264053941338240e+01 1.478415375977756163e+01 1.478415876011512609e+01 1.650838702977055661e+01 1.650839490665788389e+01 2.324624823634305315e+01 2.324626017313663695e+01
1.649028460630032888e-01 2.257469640858260629e+00 2.257474990881626287e+00 3.494657773980603732e+00 3.494664119728866147e+00 4.003919895489191916e+00 4.003937641120081992e+00 4.811159805333914186e+00 4.811172093922200688e+00 6.238736409967090779e+00 6.238743361545119548e+00 6.716580078050236935e+00 6.716584179526140730e+00 7.850853962924595919e+00 7.850918855323635093e+00 1.021000172592214561e+01 1.021000697297978199e+01 1.098056065723963393e+01 1.098056195903790311e+01 1.116546495648330328e+01 1.116546880138271369e+01 1.189278616592379301e+01 1.189278749606661734e+01 1.277307615044340672e+01 1.277308127082949163e+01 1.478409029752746662e+01 1.478409405276523891e+01 1.650829255477809454e+01 1.650829850679714639e+01 2.324590400255825529e+01 2.324591304656636837e+01
1.658261219374241313e-01 2.258928269122858268e+00 2.258931681597895480e+00 3.494928299853373055e+00 3.494932308603920568e+00 4.009008443382612086e+00 4.009019815023646238e+00 4.810490079540767461e+00 4.810497932045024072e+00 6.238533015530850712e+00 6.238537471918060184e+00 6.716026518906338616e+00 6.716029285323966924e+00 7.847810042357818539e+00 7.847851620824497942e+00 1.021303427858676116e+01 1.021303771732475951e+01 1.097954889834286973e+01 1.097954979935026110e+01 1.116421405373662168e+01 1.116421655294938908e+01 1.189336768727058313e+01 1.189336853135739780e+01 1.277354309345705374e+01 1.277354636426320766e+01 1.478402380327818122e+01 1.478402619581329347e+01 1.650819188873367693e+01 1.650819570577119322e+01 2.324553622945879638e+01 2.324554204597866658e+01
1.667493978118449738e-01 2.260454530474912183e+00 2.260455905782310815e+00 3.495206961456453598e+00 3.495208561577162421e+00 4.014381681583035544e+00 4.014386287378126639e+00 4.809779947016208368e+00 4.809783118556335779e+00 6.238318856709706317e+00 6.238320662675989503e+00 6.715448386488931831e+00 6.715449562876163903e+00 7.844630882667170901e+00 7.844647726720404890e+00 1.021621800478533970e+01 1.021621943083919604e+01 1.097846915506207921e+01 1.097846954802720276e+01 1.116291170677770950e+01 1.116291273434227804e+01 1.189397310393311535e+01 1.189397344244266463e+01 1.277403287967494094e+01 1.277403420052659477e+01 1.478395458638038207e+01 1.478395554984264848e+01 1.650808514875596344e+01 1.650808669652565541e+01 2.324514526614225929e+01 2.324514763183370647e+01
1.676726736862658163e-01 2.262042039163050244e+00 2.262042723315258463e+00 3.495491322197274542e+00 3.495492110619340398e+00 4.020023448181441417e+00 4.020025751371605338e+00 4.809029225328757207e+00 4.809030806921055223e+00 6.238093510766842265e+00 6.238094414573130742e+00 6.714847963962607302e+00 6.714848580194998640e+00 7.841321184752136908e+00 7.841329613198447568e+00 1.021954124218714632e+01 1.021954197314166102e+01 1.097732222834512328e+01 1.097732243938908603e+01 1.116156341353567605e+01 1.116156393554807380e+01 1.189459937529898959e+01 1.189459954290218668e+01 1.277454308447716791e+01 1.277454374323547448e+01 1.478388249214772010e+01 1.478388297120980255e+01 1.650797168236683632e+01 1.650797245757954101e+01 2.324473029492220633e+01 2.324473148359039598e+01
1.685959495606866587e-01 2.263684360883317925e+00 2.263687049401748030e+00 3.495779053003450709e+00 3.495782122364162525e+00 4.025916706514298227e+00 4.025925807057755712e+00 4.808238025541855087e+00 4.808244258038001817e+00 6.237856599590786644e+00 6.237860174536884905e+00 6.714227683647775891e+00 6.714230229206578748e+00 7.837886475359229443e+00 7.837919815348959318e+00 1.022299178811898557e+01 1.022299475159488402e+01 1.097610914066762966e+01 1.097611003415668840e+01 1.116017476741979664e+01 1.116017686429090183e+01 1.189524340267574942e+01 1.189524405841178734e+01 1.277507124956929729e+01 1.277507384656837885e+01 1.478380741418163247e+01 1.478380929666267640e+01 1.650785087531982853e+01 1.650785394477785317e+01 2.324429055361302332e+01 2.324429527599013312e+01
1.695192254351075012e-01 2.265377089621467110e+00 2.265381653177101384e+00 3.496070245338323890e+00 3.496075408027900178e+00 4.032050489246436165e+00 4.032066024544943339e+00 4.807411509441923414e+00 4.807422121191197384e+00 6.237610515322425719e+00 6.237616626410996012e+00 6.713592159158086936e+00 6.713596694209750027e+00 7.834358466856023995e+00 7.834415473910769201e+00 1.022655924410194572e+01 1.022656443978556062e+01 1.097483189663304337e+01 1.097483352751132557e+01 1.115875303472080482e+01 1.115875667613487465e+01 1.189590254047996432e+01 1.189590364902463193e+01 1.277561686251805995e+01 1.277562128764757432e+01 1.478373071894541546e+01 1.478373391553675908e+01 1.650772449448689017e+01 1.650772974805346749e+01 2.324382895091240542e+01 2.324383706205069089e+01
1.704425013095283437e-01 2.267114418602253600e+00 2.267120659834888752e+00 3.496363427909329857e+00 3.496370426636890461e+00 4.038408244694547733e+00 4.038429614874382345e+00 4.806551900812435996e+00 4.806566462199233669e+00 6.237355843581670278e+00 6.237364264743906261e+00 6.712945066606050837e+00 6.712951567540459408e+00 7.830752334549297089e+00 7.830830927654217177e+00 1.023023135492016955e+01 1.023023870189049944e+01 1.097349245300936538e+01 1.097349484738019498e+01 1.115730446865848258e+01 1.115730956765397508e+01 1.189657376401975775e+01 1.189657527450463981e+01 1.277617802812894254e+01 1.277618410727944998e+01 1.478365281837111667e+01 1.478365719377013399e+01 1.650759276444938095e+01 1.650760001453483028e+01 2.324334605141654464e+01 2.324335728625580089e+01
1.713657771839491861e-01 2.268890549163169901e+00 2.268898211634194251e+00 3.496657174142934199e+00 3.496665694486002174e+00 4.044972451749138997e+00 4.044998842845289211e+00 4.805661674037468245e+00 4.805679614985031378e+00 6.237093166445005110e+00 6.237103589290915906e+00 6.712290315542206898e+00 6.712298671549262075e+00 7.827083480792154546e+00 7.827180819019824654e+00 1.023399546517147662e+01 1.023400479979143007e+01 1.097209314456377527e+01 1.097209629528158459e+01 1.115583528998640794e+01 1.115584170398647501e+01 1.189725402395855625e+01 1.189725587230607040e+01 1.277675279435076838e+01 1.277676029639570388e+01 1.478357413074912330e+01 1.478357950951586552e+01 1.650745591375367738e+01 1.650746490201694527e+01 2.324284243824374840e+01 2.324285641999157548e+01
1.722890530583700286e-01 2.270699722575983515e+00 2.270708502024665787e+00 3.496950108397633095e+00 3.496959792931905397e+00 4.051724634953338899e+00 4.051755050776359113e+00 4.804743571577839489e+00 4.804764204415771012e+00 6.236823059773015210e+00 6.236835105425547532e+00 6.711632041343857935e+00 6.711642054989864548e+00 7.823367456905149453e+00 7.823480042797430478e+00 1.023783854965256523e+01 1.023784962649499697e+01 1.097063671523673456e+01 1.097064057875316401e+01 1.115435164109787713e+01 1.115435917511740627e+01 1.189794026183993836e+01 1.189794237352180772e+01 1.277733915760953742e+01 1.277734780333150333e+01 1.478349507824515463e+01 1.478350125203633425e+01 1.650731417351708430e+01 1.650732458008394943e+01 2.324231871003436467e+01 2.324233496249382114e+01
1.732123289327908711e-01 2.272536249863885249e+00 2.272545807207612789e+00 3.497240911117364792e+00 3.497251374460096596e+00 4.058645385986403120e+00 4.058678687464566615e+00 4.803800621605897270e+00 4.803823168393937415e+00 6.236546090816680099e+00 6.236559324315377850e+00 6.710974595467125603e+00 6.710985987251921969e+00 7.819619887808808123e+00 7.819743693696340259e+00 1.024174724369349576e+01 1.024175973975993337e+01 1.096912634686611732e+01 1.096913084161016982e+01 1.115285954190098039e+01 1.115286795393470953e+01 1.189862942505341259e+01 1.189863171814898024e+01 1.277793506847874028e+01 1.277794454108129685e+01 1.478341608454626588e+01 1.478342282040840061e+01 1.650716777618459830e+01 1.650717923105468898e+01 2.324177547810472788e+01 2.324179344156310023e+01
1.741356048072117135e-01 2.274394539398022275e+00 2.274404514834275304e+00 3.497528323014782003e+00 3.497539167125577109e+00 4.065714391979719622e+00 4.065749342413812251e+00 4.802836155460059153e+00 4.802859778668090662e+00 6.236262816055430314e+00 6.236276762699866083e+00 6.710322533595661554e+00 6.710334950275794519e+00 7.815856400103119661e+00 7.815987012746592022e+00 1.024570787357508728e+01 1.024572139593235143e+01 1.096756568467759863e+01 1.096757069119766115e+01 1.115136484816511242e+01 1.115137385665889802e+01 1.189931848112461488e+01 1.189932086954887147e+01 1.277853843773594988e+01 1.277854839453435787e+01 1.478333757266714521e+01 1.478334462203762101e+01 1.650701695446161565e+01 1.650702905069822179e+01 2.324121336383735326e+01 2.324123241400295825e+01
1.750588806816325560e-01 2.276269122102221321e+00 2.276279149624987674e+00 3.497811148376485768e+00 3.497821977498948520e+00 4.072910471073506677e+00 4.072945785447512179e+00 4.801853824485633027e+00 4.801877659778117646e+00 6.235973779215106205e+00 6.235987942136482332e+00 6.709680601715463766e+00 6.709693628006138333e+00 7.812092554205058548e+00 7.812225332518679011e+00 1.024970648723545530e+01 1.024972058404088671e+01 1.096595885874653575e+01 1.096596422177201369e+01 1.114987321301531509e+01 1.114988250621656007e+01 1.190000443122959695e+01 1.190000682799948173e+01 1.277914714284726472e+01 1.277915722770037554e+01 1.478325996293939504e+01 1.478326707098720760e+01 1.650686194044094179e+01 1.650687424867362196e+01 2.324063299638137181e+01 2.324065246574417642e+01
1.759821565560533985e-01 2.278154674140905112e+00 2.278164395780100548e+00 3.498088257579491600e+00 3.498098692271033983e+00 4.080211615610497056e+00 4.080246011884312018e+00 4.800857615725442784e+00 4.800880805496294812e+00 6.235679509413322386e+00 6.235693387620824701e+00 6.709053720132660104e+00 6.709066893260512643e+00 7.808343781017430096e+00 7.808474021204174775e+00 1.025372888554339035e+01 1.025374306026002813e+01 1.096431050064488844e+01 1.096431603313902947e+01 1.114839005219975299e+01 1.114839929908056426e+01 1.190068432285047351e+01 1.190068664326211056e+01 1.277975903491009113e+01 1.277976889094119350e+01 1.478318367119712384e+01 1.478319058613471526e+01 1.650670296493531808e+01 1.650671504865816530e+01 2.324003501072676414e+01 2.324005421162718932e+01
1.769054324304742409e-01 2.280046037010702520e+00 2.280055116140993210e+00 3.498358588902708455e+00 3.498368278681966537e+00 4.087595043355515045e+00 4.087627293540062823e+00 4.799851865814712681e+00 4.799873592072115613e+00 6.235380519384613685e+00 6.235393625535041728e+00 6.708446965431945408e+00 6.708459791909391789e+00 7.804625323457512032e+00 7.804748425660897659e+00 1.025776065448231300e+01 1.025777438291025412e+01 1.096262575451545906e+01 1.096263124369164998e+01 1.114692051367940628e+01 1.114692937603352618e+01 1.190135526150929302e+01 1.190135742610762293e+01 1.278037194607152571e+01 1.278038122822783329e+01 1.478310910716231241e+01 1.478311558917524593e+01 1.650654025702007033e+01 1.650655168813955243e+01 2.323942004620304402e+01 2.323943829482517032e+01
1.778287083048950834e-01 2.281938235001117921e+00 2.281946368143612069e+00 3.498621149708248446e+00 3.498629783945002014e+00 4.095037257129154895e+00 4.095066235917864894e+00 4.798841272323279838e+00 4.798860787538388628e+00 6.235077303747843303e+00 6.235089180933197639e+00 6.707865550351588269e+00 6.707877524283593296e+00 7.800952183026430120e+00 7.801063813590688234e+00 1.026178719864759437e+01 1.026179994822661712e+01 1.096091028186395278e+01 1.096091549702958545e+01 1.114546945198952166e+01 1.114547759722872122e+01 1.190201442153736799e+01 1.190201635877275521e+01 1.278098369742504126e+01 1.278099208444289303e+01 1.478303667302498603e+01 1.478304250249636453e+01 1.650637404378264605e+01 1.650638441785940813e+01 2.323878874543711603e+01 2.323880538590035982e+01
1.787519841793159259e-01 2.283826490031741319e+00 2.283833416683492601e+00 3.498875017058529213e+00 3.498882333832994629e+00 4.102514113244213334e+00 4.102538842053561119e+00 4.797830901678174165e+00 4.797847556289127624e+00 6.234770337293221942e+00 6.234780574228115491e+00 6.707314801529560278e+00 6.707325423744691761e+00 7.797339071455020587e+00 7.797435315082673846e+00 1.026579377650839398e+01 1.026580502718970322e+01 1.095917025942649481e+01 1.095917496140653213e+01 1.114404140770391471e+01 1.114404852182623351e+01 1.190265905585756379e+01 1.190266070434104684e+01 1.278159210737153195e+01 1.278159931274563199e+01 1.478296676220420736e+01 1.478297174695320138e+01 1.650620455026975009e+01 1.650621350090934314e+01 2.323814175378901581e+01 2.323815618149825113e+01
1.796752600537367683e-01 2.285706233914156282e+00 2.285711744078861241e+00 3.499119337825254750e+00 3.499125130587140919e+00 4.110000899134370833e+00 4.110020583588462451e+00 4.796826192697253077e+00 4.796839458101425535e+00 6.234460073286204995e+00 6.234468317398345505e+00 6.706800135059642010e+00 6.706808932373219179e+00 7.793800367324105416e+00 7.793877863817717966e+00 1.026976553792023950e+01 1.026977480377220431e+01 1.095741236955319842e+01 1.095741632133625210e+01 1.114264059220017877e+01 1.114264639237572929e+01 1.190328650477771255e+01 1.190328781506656597e+01 1.278219500041461387e+01 1.278220078201298193e+01 1.478289975826955605e+01 1.478290373957613824e+01 1.650603199961568635e+01 1.650603921149290088e+01 2.323747971926535527e+01 2.323749140269409708e+01
1.805985359281576108e-01 2.287573118122665061e+00 2.287577057370452582e+00 3.499353328337787339e+00 3.499357450295203176e+00 4.117472420558794255e+00 4.117486479734150606e+00 4.795832954676352955e+00 4.795842440745651913e+00 6.234146941809222575e+00 6.234152909880822158e+00 6.706327029789428629e+00 6.706333573749464705e+00 7.790350077430536757e+00 7.790406138287182536e+00 1.027368756439319242e+01 1.027369441500622749e+01 1.095564378264572980e+01 1.095564676079539801e+01 1.114127087778332026e+01 1.114127512400531117e+01 1.190389420381171171e+01 1.190389513967953938e+01 1.278279021634247847e+01 1.278279438436228155e+01 1.478283603399680146e+01 1.478283889124438133e+01 1.650585661333035148e+01 1.650586183338044677e+01 2.323680329289288338e+01 2.323681179301824073e+01
1.815218118025784533e-01 2.289423021192535934e+00 2.289425293237194570e+00 3.499576273611461730e+00 3.499578639871474106e+00 4.124903098750037245e+00 4.124911184865718283e+00 4.794857358907218092e+00 4.794862825318777055e+00 6.233831348188859423e+00 6.233834834351764442e+00 6.705900998298182536e+00 6.705904922823802572e+00 7.787001802559291974e+00 7.787034503429319798e+00 1.027754491261945446e+01 1.027754899331690375e+01 1.095387213129528448e+01 1.095387393758592509e+01 1.113993579308374393e+01 1.113993829836336502e+01 1.190447969056319977e+01 1.190448022973258979e+01 1.278337561973297021e+01 1.278337804275367873e+01 1.478277595052809446e+01 1.478277760435906707e+01 1.650567861171975181e+01 1.650568165809524501e+01 2.323611312951614494e+01 2.323611811619588963e+01
1.824450876769992957e-01 2.291252053893471974e+00 2.291252620827181286e+00 3.499787526190957898e+00 3.499788113753966812e+00 4.132267077835503066e+00 4.132269085515505758e+00 4.793905922470528047e+00 4.793907283448517909e+00 6.233513671583557958e+00 6.233514552620222027e+00 6.705527555513227433e+00 6.705528572899111417e+00 7.783768707229048012e+00 7.783776953126670506e+00 1.028132266174129228e+01 1.028132371159251512e+01 1.095210547588535377e+01 1.095210594856123976e+01 1.113863852350966432e+01 1.113863916215158589e+01 1.190504061072135933e+01 1.190504074506167953e+01 1.278394910970241760e+01 1.278394971865981944e+01 1.478271985660520649e+01 1.478272027054826232e+01 1.650549821440824161e+01 1.650549898287979644e+01 2.323540988896630211e+01 2.323541115364651333e+01
1.833683635514201382e-01 2.293055442810800759e+00 2.293056562353083638e+00 3.499985350417434748e+00 3.499986504641070972e+00 4.139534407528848270e+00 4.139538342798741333e+00 4.792982805561206483e+00 4.792985483159589499e+00 6.233192501865363333e+00 6.233194263833718551e+00 6.705210099780417821e+00 6.705212184960847921e+00 7.780647054035544130e+00 7.780663492905978806e+00 1.028500383146469943e+01 1.028500596479178952e+01 1.095035128557560178e+01 1.095035226154927344e+01 1.113738062998798384e+01 1.113738191641081343e+01 1.190557445844853390e+01 1.190557472323204635e+01 1.278450741978070582e+01 1.278450862980557190e+01 1.478266726843354739e+01 1.478266808784461084e+01 1.650531410850006964e+01 1.650531564092834813e+01 2.323469170179601306e+01 2.323469423753356722e+01
1.842916394258409807e-01 2.294830394951406394e+00 2.294833129327210397e+00 3.500169888784815608e+00 3.500172691716318951e+00 4.146681334071166347e+00 4.146690848144327646e+00 4.792096659490455046e+00 4.792103164456865017e+00 6.232869091437070352e+00 6.232873448698422081e+00 6.704955023188395202e+00 6.704960302700796682e+00 7.777657891233735299e+00 7.777698374130666004e+00 1.028857475524996623e+01 1.028858010466540840e+01 1.094861878218396178e+01 1.094862126650545520e+01 1.113616529125146393e+01 1.113616849050427149e+01 1.190607925957973556e+01 1.190607990471749034e+01 1.278504920777138842e+01 1.278505217798217508e+01 1.478261896148439547e+01 1.478262096602528786e+01 1.650512733695179790e+01 1.650513111134201338e+01 2.323396056926081954e+01 2.323396684966197867e+01
1.852149153002618232e-01 2.296574344466134399e+00 2.296578573832664727e+00 3.500341324604801407e+00 3.500345632241900429e+00 4.153684135030644597e+00 4.153698657280198603e+00 4.791256338836280548e+00 4.791266329620209596e+00 6.232544700412243621e+00 6.232551521618240997e+00 6.704768765586424983e+00 6.704777219060256144e+00 7.774822016171627048e+00 7.774885056974373043e+00 1.029202208195160928e+01 1.029203055487119478e+01 1.094691755129862898e+01 1.094692154193417899e+01 1.113499542048861457e+01 1.113500044902959196e+01 1.190655315840196771e+01 1.190655415322538069e+01 1.278557320594049784e+01 1.278557781643653435e+01 1.478257569598208043e+01 1.478257879836397848e+01 1.650493896913697256e+01 1.650494484685649255e+01 2.323321857396799928e+01 2.323322840977604287e+01
1.861381911746826656e-01 2.298284387413185303e+00 2.298289949370589280e+00 3.500499306850824333e+00 3.500504930741229703e+00 4.160517308131244540e+00 4.160536092424517385e+00 4.790469500673426140e+00 4.790482524149927812e+00 6.232219676058148750e+00 6.232228750147823071e+00 6.704656608638329018e+00 6.704668098361628026e+00 7.772151397396779515e+00 7.772234719235644462e+00 1.029533166763454410e+01 1.029534304518731069e+01 1.094525691419768165e+01 1.094526234370894358e+01 1.113387299090963189e+01 1.113387969603999217e+01 1.190699428797316806e+01 1.190699559139289754e+01 1.278607760686975681e+01 1.278608368133081719e+01 1.478253779910998844e+01 1.478254187675750764e+01 1.650474930258030426e+01 1.650475707039815632e+01 2.323246654027773772e+01 2.323247961414151064e+01
1.870614670491035081e-01 2.299957845300588666e+00 2.299964540976047633e+00 3.500643534186271388e+00 3.500650248849093149e+00 4.167155731748326986e+00 4.167177894572592578e+00 4.789743892459417118e+00 4.789759406210815307e+00 6.231894333303448441e+00 6.231905375192040353e+00 6.704623647595457925e+00 6.704637916923330110e+00 7.769657374490968493e+00 7.769757991803125208e+00 1.029848969036339312e+01 1.029850363217287956e+01 1.094364632147831884e+01 1.094365305645570885e+01 1.113279969046529594e+01 1.113280785520154303e+01 1.190740090690577979e+01 1.190740246911320455e+01 1.278656067989749090e+01 1.278656799216951612e+01 1.478250557718278735e+01 1.478251047697839304e+01 1.650455862925405981e+01 1.650456800710935212e+01 2.323170529617560831e+01 2.323172117265983871e+01
1.879847429235243506e-01 2.301592261066883527e+00 2.301599861328486707e+00 3.500773751533336142e+00 3.500781302553510610e+00 4.173574829001346131e+00 4.173599392719966161e+00 4.789087268310927570e+00 4.789104664981183035e+00 6.231568955262082987e+00 6.231581613152713750e+00 6.704674744007655285e+00 6.704691419700624877e+00 7.767350615613214160e+00 7.767464940645374405e+00 1.030148271973485485e+01 1.030149877430346628e+01 1.094209526675379074e+01 1.094210311058482077e+01 1.113177693997983653e+01 1.113178629046102230e+01 1.190777140149063840e+01 1.190777316579091583e+01 1.278702077840517681e+01 1.278702906075414347e+01 1.478247931402156645e+01 1.478248485781583277e+01 1.650436723357563196e+01 1.650437788473564282e+01 2.323093567059992637e+01 2.323095381049641261e+01
1.889080187979451930e-01 2.303185394542304198e+00 2.303193646147426499e+00 3.500889746777431810e+00 3.500897859313821137e+00 4.179750742185661672e+00 4.179776681129114380e+00 4.788507295200867375e+00 4.788525927391591885e+00 6.231243794799918412e+00 6.231257659048744735e+00 6.704814477259042782e+00 6.704833076019088622e+00 7.765241078983069478e+00 7.765365048939797177e+00 1.030429779084070674e+01 1.030431541128421813e+01 1.094061319410305977e+01 1.094062189312441724e+01 1.113080591281431353e+01 1.113081612795401476e+01 1.190810428757998629e+01 1.190810619226994582e+01 1.278745634684284838e+01 1.278746529959093792e+01 1.478245926947897715e+01 1.478246526016144458e+01 1.650417539063636596e+01 1.650418693387522140e+01 2.323015849096644914e+01 2.323017826944741415e+01
1.898312946723660355e-01 2.304735217464907393e+00 2.304743849076587470e+00 3.500991347636039031e+00 3.500999735105696065e+00 4.185660516011458832e+00 4.185686802958933583e+00 4.788011450072739095e+00 4.788030654292598776e+00 6.230919077083543201e+00 6.230933690612134868e+00 6.705047095542505886e+00 6.705067034933299475e+00 7.763337978567943054e+00 7.763467198919437706e+00 1.030692248227234664e+01 1.030694104686629231e+01 1.093920940049433987e+01 1.093921865337897614e+01 1.112988755554931686e+01 1.112989827855443714e+01 1.190839821229502249e+01 1.190840019251105097e+01 1.278786592742971706e+01 1.278787522964332091e+01 1.478244567811469778e+01 1.478245190604476456e+01 1.650398336471082672e+01 1.650399538806622601e+01 2.322937458094637009e+01 2.322939530895833116e+01
1.907545705467868780e-01 2.306239908102838854e+00 2.306248636229033089e+00 3.501078418719909990e+00 3.501086791446535784e+00 4.191282287461135070e+00 4.191307938061153315e+00 4.787606909360391683e+00 4.787626027730411238e+00 6.230595003007520560e+00 6.230609873289500555e+00 6.705376466998636431e+00 6.705397080813374266e+00 7.761649754157174286e+00 7.761779653093237030e+00 1.030934499752803468e+01 1.030936383425564173e+01 1.093789293461115086e+01 1.093790240463941110e+01 1.112902260920261988e+01 1.112903346051160725e+01 1.190865195560960110e+01 1.190865394508865727e+01 1.278824816646764440e+01 1.278825748733182976e+01 1.478243874802021551e+01 1.478244499762918984e+01 1.650379140808594869e+01 1.650380348369405326e+01 2.322858475854662075e+01 2.322860570671941005e+01
1.916778464212077204e-01 2.307697845521735402e+00 2.307706380524709999e+00 3.501150858814183309e+00 3.501158932455118666e+00 4.196595479389152672e+00 4.196619592211370708e+00 4.787300432923536242e+00 4.787318831680557274e+00 6.230271753362742970e+00 6.230286365999491593e+00 6.705806031847607152e+00 6.705826589819719352e+00 7.760184045918522067e+00 7.760310034581764604e+00 1.031155424892091688e+01 1.031157266297029373e+01 1.093667249370489536e+01 1.093668182337510864e+01 1.112821163053272322e+01 1.112822222167661224e+01 1.190886443184679777e+01 1.190886636456590963e+01 1.278860182020963521e+01 1.278861083069967108e+01 1.478243865979071714e+01 1.478244471618265976e+01 1.650359976023675657e+01 1.650361145970630616e+01 2.322778983453147461e+01 2.322781025877756989e+01
1.926011222956285629e-01 2.309107603537472464e+00 2.309115655907124864e+00 3.501208598408093398e+00 3.501216101999123698e+00 4.201580994313250272e+00 4.201602784517945111e+00 4.787098244937116220e+00 4.787115329244164386e+00 6.229949493584150844e+00 6.229963327419369534e+00 6.706338756427506098e+00 6.706358487969697357e+00 7.758947673440699688e+00 7.759065306401292439e+00 1.031353994282219055e+01 1.031355724578457433e+01 1.093555632027137747e+01 1.093556514753492692e+01 1.112745501302137718e+01 1.112746496088271542e+01 1.190903469111117374e+01 1.190903650279482484e+01 1.278892576023097938e+01 1.278893414467956546e+01 1.478244556564296630e+01 1.478245122104058140e+01 1.650340864736313051e+01 1.650341955713053466e+01 2.322699061121431896e+01 2.322700977912272791e+01
1.935243981700494054e-01 2.310467944401286999e+00 2.310475231478485991e+00 3.501251597502317736e+00 3.501258280980835469e+00 4.206221404232495686e+00 4.206240229278593645e+00 4.787005914776450766e+00 4.787021139891503019e+00 6.229628378899668029e+00 6.229640922506312073e+00 6.706977090110489037e+00 6.706995211526326273e+00 7.757946619172638947e+00 7.758051749622334015e+00 1.031529266482537288e+01 1.031530820421148498e+01 1.093455210048947635e+01 1.093456007576160616e+01 1.112675300717381077e+01 1.112676194811081842e+01 1.190916192066736201e+01 1.190916355017456318e+01 1.278921897825787468e+01 1.278922644541727927e+01 1.478245958867890586e+01 1.478246464857906695e+01 1.650321828228804577e+01 1.650322801839639908e+01 2.322618788163619286e+01 2.322620509872491468e+01
1.944476740444702478e-01 2.311777812278794642e+00 2.311784065552303868e+00 3.501279843723531293e+00 3.501285484807700410e+00 4.210501131816232423e+00 4.210516508181173734e+00 4.787028241385337779e+00 4.787041120777558056e+00 6.229308559693121694e+00 6.229319328910150055e+00 6.707722926092166027e+00 6.707738670448410545e+00 7.757186016079733015e+00 7.757274940422154152e+00 1.031680396320148141e+01 1.031681715083076512e+01 1.093366686645527963e+01 1.093367366946842267e+01 1.112610573982179218e+01 1.112611334313707800e+01 1.190924544626470905e+01 1.190924683688514207e+01 1.278948059041685781e+01 1.278948688362910957e+01 1.478248082229753102e+01 1.478248511121711495e+01 1.650302886470455022e+01 1.650303708647122747e+01 2.322538242913515916e+01 2.322539706401991921e+01
1.953709499188910903e-01 2.313036326595867553e+00 2.313041299590145261e+00 3.501293350774345559e+00 3.501297761087982963e+00 4.214406617994748139e+00 4.214418228515953935e+00 4.787169144958476785e+00 4.787179256393339521e+00 6.228990186889960867e+00 6.228998742909600317e+00 6.708577567033425559e+00 6.708590215631613951e+00 7.756670139251188090e+00 7.756739726140215119e+00 1.031806642884907887e+01 1.031807676668497642e+01 1.093290690428379186e+01 1.093291225982382464e+01 1.112551323216087340e+01 1.112551921242405051e+01 1.190928473340045102e+01 1.190928583409850106e+01 1.278970984087678175e+01 1.278971474699236133e+01 1.478250932975918097e+01 1.478251269646418109e+01 1.650284058174592516e+01 1.650284700382501413e+01 2.322457502729791301e+01 2.322458653486204838e+01
1.962942257933119328e-01 2.314242775334873325e+00 2.314246251971995516e+00 3.501292157244412007e+00 3.501295187585006463e+00 4.217926470903234915e+00 4.217934163026900052e+00 4.787431569966106082e+00 4.787438560807251164e+00 6.228673417175556004e+00 6.228679384507485040e+00 6.709541696474719430e+00 6.709550610640620860e+00 7.756402401115902734e+00 7.756450200531014971e+00 1.031907376984360880e+01 1.031908087194975998e+01 1.093227767012165685e+01 1.093228136172474585e+01 1.112497541629605102e+01 1.112497954407549727e+01 1.190927938850809653e+01 1.190928015515296323e+01 1.278990610486474822e+01 1.278990946159038700e+01 1.478254514390924967e+01 1.478254746602837244e+01 1.650265360884203503e+01 1.650265801124746190e+01 2.322376644027163906e+01 2.322377438198276778e+01
1.972175016677327752e-01 2.315396608367948694e+00 2.315398411545622537e+00 3.501276325803385436e+00 3.501277870455631547e+00 4.221051591326022034e+00 4.221055367209630482e+00 4.787817403545755468e+00 4.787820996472226476e+00 6.228358417861524998e+00 6.228361501353915308e+00 6.710615356840881951e+00 6.710620008583721763e+00 7.756385349857510825e+00 7.756409678486131831e+00 1.031982087867150710e+01 1.031982448814614983e+01 1.093178371601134913e+01 1.093178559680038298e+01 1.112449215011037928e+01 1.112449426072890901e+01 1.190922916005451171e+01 1.190922955666330552e+01 1.279006889104567968e+01 1.279007059245443223e+01 1.478258826706932538e+01 1.478258945499764643e+01 1.650246811081390419e+01 1.650247034654497469e+01 2.322295742340204328e+01 2.322296148401405347e+01
1.981407775421536177e-01 2.316497430912385358e+00 2.316497430912453304e+00 3.501245942790121468e+00 3.501245942790137899e+00 4.223775270280271776e+00 4.223775270280341942e+00 4.788327413036052249e+00 4.788327413036184588e+00 6.228045371225824134e+00 6.228045371225878313e+00 6.711797934712007141e+00 6.711797934712025793e+00 7.756620670567268228e+00 7.756620670567279774e+00 1.032030389030506434e+01 1.032030389030507322e+01 1.093142862736718257e+01 1.093142862736721987e+01 1.112406323030646149e+01 1.112406323030649702e+01 1.190913393952707011e+01 1.190913393952707544e+01 1.279019784326432507e+01 1.279019784326433040e+01 1.478263867110399232e+01 1.478263867110404206e+01 1.650228424315168851e+01 1.650228424315172049e+01 2.322214872415230502e+01 2.322214872415231923e+01
1.990640534165744602e-01 2.317543119428507215e+00 2.317544997185084110e+00 3.501199563462356057e+00 3.501201118203125073e+00 4.226089736687298704e+00 4.226093255165283225e+00 4.788957508833679988e+00 4.788961205898018214e+00 6.227731302874575547e+00 6.227734478168747145e+00 6.713083275238242109e+00 6.713088153859594343e+00 7.757084857751534557e+00 7.757109188636631458e+00 1.032051664771597643e+01 1.032052022943793901e+01 1.093121310304923277e+01 1.093121497356744420e+01 1.112368627458510417e+01 1.112368840350222854e+01 1.190899334978002422e+01 1.190899376229105400e+01 1.279029105528598542e+01 1.279029274165538688e+01 1.478269509407922833e+01 1.478269629767084758e+01 1.650209992869144671e+01 1.650210215341413900e+01 2.322133698655363787e+01 2.322134108324704371e+01
1.999873292909953026e-01 2.318535435931587507e+00 2.318539204321350855e+00 3.501138916291334890e+00 3.501141986086948155e+00 4.227997095888667900e+00 4.228003781951609419e+00 4.789709816817184773e+00 4.789717214457405170e+00 6.227419635150198474e+00 6.227425961047612368e+00 6.714474272764683782e+00 6.714484076343649299e+00 7.757803066839461081e+00 7.757850874872687541e+00 1.032046165218386946e+01 1.032046864545497122e+01 1.093114062148928767e+01 1.093114427284331391e+01 1.112336317557958765e+01 1.112336737528911534e+01 1.190880797924967105e+01 1.190880880829589472e+01 1.279035020563734726e+01 1.279035350313456476e+01 1.478275867510902586e+01 1.478276105865766787e+01 1.650191762353098568e+01 1.650192198268484134e+01 2.322052715256248945e+01 2.322053523597741531e+01
2.009106051654161451e-01 2.319474481237664865e+00 2.319480086610207437e+00 3.501064209507645408e+00 3.501068705297210482e+00 4.229498139125038136e+00 4.229507572137221061e+00 4.790581715665521934e+00 4.790592706852544680e+00 6.227110734418956461e+00 6.227120065582429476e+00 6.715968528589795206e+00 6.715983111748135670e+00 7.758775247013899090e+00 7.758844851819875821e+00 1.032013913306827924e+01 1.032014923404344486e+01 1.093121170421543553e+01 1.093121697226793110e+01 1.112309367976008545e+01 1.112309981718477836e+01 1.190857816595679886e+01 1.190857940260788617e+01 1.279037540498304359e+01 1.279038018128834509e+01 1.478282933639276209e+01 1.478283283680783455e+01 1.650173753936618581e+01 1.650174386702004270e+01 2.321972009688419192e+01 2.321973191359757038e+01
2.018338810398369876e-01 2.320360490486559346e+00 2.320367810081918059e+00 3.500975675511781127e+00 3.500981460614142726e+00 4.230596083016691544e+00 4.230607794561732860e+00 4.791569465763910074e+00 4.791583824350844623e+00 6.226804990394283479e+00 6.226817061755666849e+00 6.717563012030944414e+00 6.717582034406919256e+00 7.760000448063911982e+00 7.760089400791598813e+00 1.031955065876633704e+01 1.031956344474908427e+01 1.093142578830968503e+01 1.093143244323315066e+01 1.112287750014644594e+01 1.112288537143131606e+01 1.190830439421904963e+01 1.190830601574475267e+01 1.279036689476276401e+01 1.279037296568435345e+01 1.478290697081587268e+01 1.478291148652795073e+01 1.650155987788263090e+01 1.650156793882399597e+01 2.321891668381437768e+01 2.321893184473777794e+01
2.027571569142578300e-01 2.321193825445940995e+00 2.321202667469748349e+00 3.500873570905849608e+00 3.500880464161863603e+00 4.231296500937159699e+00 4.231309993547562875e+00 4.792668268730961856e+00 4.792685643930186146e+00 6.226502810599749083e+00 6.226517243667847090e+00 6.719254076760170058e+00 6.719277008254715078e+00 7.761476800800931386e+00 7.761581969155037619e+00 1.031869912470643413e+01 1.031871407421686015e+01 1.093178123407322566e+01 1.093178899237231683e+01 1.112271431633950414e+01 1.112272365360884763e+01 1.190798729441881498e+01 1.190798926378606382e+01 1.279032504405810577e+01 1.279033218062692079e+01 1.478299144174411772e+01 1.478299683486700644e+01 1.650138482953079233e+01 1.650139432809288564e+01 2.321811776363881208e+01 2.321813575675921015e+01
2.036804327886786725e-01 2.321974966907870641e+00 2.321985073553662460e+00 3.500758176775814690e+00 3.500765957078842749e+00 4.231607224195490069e+00 4.231621986106629763e+00 4.793872348242577353e+00 4.793892263809312659e+00 6.226204613763221651e+00 6.226220928349509798e+00 6.721037484005760732e+00 6.721063618735453105e+00 7.763201500196299065e+00 7.763319177472711274e+00 1.031758872831662899e+01 1.031760524530758438e+01 1.093227534841897253e+01 1.093228388746389257e+01 1.112260377256266786e+01 1.112261425304995832e+01 1.190762764240731109e+01 1.190762990823156109e+01 1.279025034619776058e+01 1.279025828338365400e+01 1.478308258294978828e+01 1.478308868264854681e+01 1.650121257245300299e+01 1.650122316347476215e+01 2.321732416931152088e+01 2.321734437697578812e+01
2.046037086630995150e-01 2.322704507327688184e+00 2.322715560880415975e+00 3.500629799197665815e+00 3.500638211374096809e+00 4.231538216039205658e+00 4.231553732011191116e+00 4.795175049116347843e+00 4.795196908572587624e+00 6.225910822501669273e+00 6.225928453570301890e+00 6.722908432328726036e+00 6.722936911025123585e+00 7.765170791757515900e+00 7.765296826181674383e+00 1.031622493179974143e+01 1.031624237271999256e+01 1.093290442327391254e+01 1.093291339745743507e+01 1.112254547379864000e+01 1.112255673105697262e+01 1.190722635852802824e+01 1.190722885557852173e+01 1.279014341519140174e+01 1.279015186190904707e+01 1.478318019868245159e+01 1.478318680573174682e+01 1.650104327159537831e+01 1.650105457310197821e+01 2.321653671351026560e+01 2.321655843367284788e+01
2.055269845375203575e-01 2.323383143861212474e+00 2.323394775843055537e+00 3.500488769938876921e+00 3.500497531895573111e+00 4.231101422319023975e+00 4.231117181291828011e+00 4.796568951019341220e+00 4.796592049745621367e+00 6.225621855691018780e+00 6.225640174724484055e+00 6.724861593545350402e+00 6.724891433684150321e+00 7.767379961637731256e+00 7.767509901586214127e+00 1.031461441386418976e+01 1.031463211614781095e+01 1.093366378786467052e+01 1.093367284541873552e+01 1.112253898011592668e+01 1.112255061694104796e+01 1.190678450625369500e+01 1.190678715658890319e+01 1.279000498206939618e+01 1.279001363209038189e+01 1.478328406389803007e+01 1.478329095637155532e+01 1.650087707803201553e+01 1.650088868516253982e+01 2.321575618615586123e+01 2.321577865685874187e+01
2.064502604119411999e-01 2.324011671951213387e+00 2.324023475092080737e+00 3.500335447324625981e+00 3.500344258331127278e+00 4.230310603294091365e+00 4.230326104152830169e+00 4.798045992777783653e+00 4.798069537188918154e+00 6.225338120923388452e+00 6.225356460906444234e+00 6.726891154238803239e+00 6.726921286751108120e+00 7.769823330938013584e+00 7.769952581048284124e+00 1.031276501181029559e+01 1.031278232234009273e+01 1.093454787341055656e+01 1.093455667291038047e+01 1.112258379928951690e+01 1.112259540192089169e+01 1.190630329044079261e+01 1.190630600521702398e+01 1.278983589118816155e+01 1.278984443453897946e+01 1.478339392466137880e+01 1.478340086464420366e+01 1.650071412852276609e+01 1.650072562818913724e+01 2.321498335246476685e+01 2.321500577869403870e+01
2.073735362863620424e-01 2.324590979598840423e+00 2.324602522240776459e+00 3.500170217238024684e+00 3.500178767160006199e+00 4.229181151464609378e+00 4.229195908389558056e+00 4.799597603113817001e+00 4.799620736500720852e+00 6.225060007435913256e+00 6.225077690319317014e+00 6.728990862189101030e+00 6.729020173228219548e+00 7.772494254616320930e+00 7.772618237379337991e+00 1.031068565554580729e+01 1.031070195769396669e+01 1.093555028847563904e+01 1.093555851411786506e+01 1.112267937783080463e+01 1.112269053094133398e+01 1.190578405521427641e+01 1.190578673717026703e+01 1.278963709654202852e+01 1.278964523094784056e+01 1.478350949873720843e+01 1.478351623990175412e+01 1.650055454531823429e+01 1.650056553105626023e+01 2.321421895158660220e+01 2.321424053355460515e+01
2.082968121607828849e-01 2.325122042430716629e+00 2.325132884818629453e+00 3.499993494222844337e+00 3.500001473472793112e+00 4.227729900470305502e+00 4.227743449202708170e+00 4.801214833704771756e+00 4.801236667737427410e+00 6.224787879852628159e+00 6.224804245181596585e+00 6.731154076954547705e+00 6.731181452888983507e+00 7.775385125361463423e+00 7.775499442563564401e+00 1.030838629519644556e+01 1.030840103318054979e+01 1.093666390304340119e+01 1.093667127790281945e+01 1.112282509055405022e+01 1.112283539249781406e+01 1.190522828150048618e+01 1.190523082807627553e+01 1.278940965810110875e+01 1.278941710003360122e+01 1.478363047638383243e+01 1.478363677221973127e+01 1.650039843621801694e+01 1.650040852268877956e+01 2.321346369585603142e+01 2.321348365769710043e+01
2.092200880352037273e-01 2.325605919637661945e+00 2.325615631418664453e+00 3.499805722658180684e+00 3.499812832582037458e+00 4.225974929975556904e+00 4.225986835903927208e+00 4.802888490731956672e+00 4.802908141131620567e+00 6.224522073017975110e+00 6.224536506311046935e+00 6.733373823762362598e+00 6.733398197358174464e+00 7.778487382726636312e+00 7.778587971071727836e+00 1.030587782398979257e+01 1.030589052348404167e+01 1.093788093927751781e+01 1.093788723591281453e+01 1.112302022882199815e+01 1.112302930658417566e+01 1.190463758422977314e+01 1.190463989123298383e+01 1.278915473817344939e+01 1.278916123307774910e+01 1.478375652136155871e+01 1.478376213380328430e+01 1.650024589487989246e+01 1.650025473149715438e+01 2.321271827066695081e+01 2.321273588850984737e+01
2.101433639096245698e-01 2.326043750820637968e+00 2.326051928977886263e+00 3.499607377974385258e+00 3.499613341351941020e+00 4.223935371093132218e+00 4.223945239476492475e+00 4.804609261517176044e+00 4.804625886052114936e+00 6.224262888122525261e+00 6.224274847570994140e+00 6.735642849813023858e+00 6.735663245469289961e+00 7.781791527745727244e+00 7.781874803151545450e+00 1.030317199803047146e+01 1.030318228222396648e+01 1.093919306691593896e+01 1.093919811489373473e+01 1.112326398763132751e+01 1.112327151091719735e+01 1.190401370922990409e+01 1.190401567491952761e+01 1.278887359776873112e+01 1.278887892907915180e+01 1.478388727216447762e+01 1.478389198032177632e+01 1.650009700136981294e+01 1.650010428456625178e+01 2.321198333495395616e+01 2.321199796334722976e+01
2.110666397840454123e-01 2.326436753732985974e+00 2.326443040124030137e+00 3.499398967880457345e+00 3.499403539185682810e+00 4.221631216322679236e+00 4.221638704359087058e+00 4.806367833390390309e+00 4.806380670145903089e+00 6.224010590234341223e+00 6.224019630362119138e+00 6.737953682073746897e+00 6.737969257989429472e+00 7.785287143179982827e+00 7.785350128600661002e+00 1.030028135446196913e+01 1.030028895503929931e+01 1.094059150130417457e+01 1.094059519142563275e+01 1.112355545172119164e+01 1.112356114563356613e+01 1.190335852982847520e+01 1.190336005924876162e+01 1.278856759292188272e+01 1.278857158952729201e+01 1.478402234347966981e+01 1.478402595214750193e+01 1.649995182293466911e+01 1.649995730663436788e+01 2.321125952224381095e+01 2.321127061796117985e+01
2.119899156584662547e-01 2.326786222859569264e+00 2.326790320516951560e+00 3.499181033573186994e+00 3.499184008620410236e+00 4.219083137265680072e+00 4.219087967206976764e+00 4.808155002539431955e+00 4.808163406360189462e+00 6.223765407259230997e+00 6.223771198332735288e+00 6.740298685630390807e+00 6.740308770908471914e+00 7.788962919463342516e+00 7.789003351635850336e+00 1.029721912934008721e+01 1.029722389215456246e+01 1.094206710219366485e+01 1.094206938742255097e+01 1.112389358091413705e+01 1.112389723670216846e+01 1.190267404317669531e+01 1.190267505254427327e+01 1.278823817091855020e+01 1.278824071280364727e+01 1.478416132787262427e+01 1.478416367548201649e+01 1.649981041497257905e+01 1.649981391890756655e+01 2.321054744221893529e+01 2.321055458455862208e+01
2.129131915328870972e-01 2.327093528725043381e+00 2.327095216109635878e+00 3.498954150897893633e+00 3.498955375493542963e+00 4.216312312603636592e+00 4.216314284785063649e+00 4.809961771215893300e+00 4.809965246307486453e+00 6.223527530266568242e+00 6.223529872464591328e+00 6.742670121684659179e+00 6.742674246611713329e+00 7.792806686335004507e+00 7.792823097562799006e+00 1.029399917633977957e+01 1.029400106183763874e+01 1.094361047159734213e+01 1.094361136488682362e+01 1.112427719492893274e+01 1.112427867834643536e+01 1.190196236629804893e+01 1.190196278722618040e+01 1.278788686635165739e+01 1.278788788821707456e+01 1.478430379769105407e+01 1.478430476336194843e+01 1.649967282216958608e+01 1.649967423776111275e+01 2.320984768271583931e+01 2.320985058952820879e+01
2.138364674073079397e-01 2.327359260252358730e+00 2.327360117778074056e+00 3.498718308659024334e+00 3.498718931430382373e+00 4.213339272578570771e+00 4.213340268058962224e+00 4.811777659158687825e+00 4.811779432270434143e+00 6.223295946669496814e+00 6.223297115039462035e+00 6.745058122385503729e+00 6.745060204322395947e+00 7.796797222019884011e+00 7.796805450069332899e+00 1.029063496591404991e+01 1.029063588719631639e+01 1.094521161857515779e+01 1.094521204919070101e+01 1.112470421482679406e+01 1.112470495793829173e+01 1.190122551519186089e+01 1.190122573185532140e+01 1.278751478967893895e+01 1.278751529693014355e+01 1.478444881654589160e+01 1.478444930717297012e+01 1.649953837338353324e+01 1.649953907976612655e+01 2.320915935089342952e+01 2.320916081206593518e+01
2.147597432817287821e-01 2.327584070562493945e+00 2.327587512657565583e+00 3.498473519246289243e+00 3.498476023447463668e+00 4.210184755185912842e+00 4.210188729354451986e+00 4.813592495892089929e+00 4.813599640534743429e+00 6.223069684006667934e+00 6.223074284643526966e+00 6.747452855835393670e+00 6.747461155237108876e+00 7.800912823612696556e+00 7.800945436138407629e+00 1.028714055824013585e+01 1.028714411455714384e+01 1.094686056540570362e+01 1.094686220395786691e+01 1.112517242198956069e+01 1.112517536318047817e+01 1.190046560267843745e+01 1.190046648361738413e+01 1.278712316902394797e+01 1.278712515895736779e+01 1.478459542429308549e+01 1.478459739473784573e+01 1.649940642842105021e+01 1.649940921491312196e+01 2.320848157556023494e+01 2.320848738167340741e+01
2.156830191561496246e-01 2.327771345485205146e+00 2.327777312614988325e+00 3.498221759470093062e+00 3.498226112752036876e+00 4.206872629095167682e+00 4.206879488581576787e+00 4.815402039268970036e+00 4.815414471037296806e+00 6.222851313603231738e+00 6.222859132761406897e+00 6.749850966921944639e+00 6.749865255668837882e+00 7.805156260770769627e+00 7.805212137073368694e+00 1.028353316677308094e+01 1.028353909770499541e+01 1.094854862960204223e+01 1.094855132099426953e+01 1.112568168904379995e+01 1.112568671797043329e+01 1.189968552459446549e+01 1.189968707159482975e+01 1.278671484898459454e+01 1.278671822239853739e+01 1.478474416505392774e+01 1.478474758543338652e+01 1.649927849667970747e+01 1.649928324807529378e+01 2.320781795643678436e+01 2.320782792871635536e+01
2.166062950305704671e-01 2.327922860472579458e+00 2.327931193843242763e+00 3.497963821011732755e+00 3.497969923315119800e+00 4.203424738048564535e+00 4.203434283895744805e+00 4.817199040335200522e+00 4.817216464423511368e+00 6.222641028331394430e+00 6.222651727511360420e+00 6.752245076433049498e+00 6.752264894907728632e+00 7.809513173641740025e+00 7.809590365229160724e+00 1.027982841962306004e+01 1.027983639141467442e+01 1.095026632272610811e+01 1.095026988258102030e+01 1.112623020107807115e+01 1.112623712949192090e+01 1.189888785830845030e+01 1.189889004680128615e+01 1.278629171582912605e+01 1.278629632546270933e+01 1.478489460710010128e+01 1.478489939350432181e+01 1.649915466193947466e+01 1.649916119443816243e+01 2.320716916950973641e+01 2.320718297885358439e+01
2.175295709049913095e-01 2.328040463715993713e+00 2.328050909451769623e+00 3.497700533004149293e+00 3.497708217694182942e+00 4.199862760873485534e+00 4.199874692082093297e+00 4.818976742565510563e+00 4.818998660248743349e+00 6.222438983268145485e+00 6.222452115460158417e+00 6.754627940812045317e+00 6.754652614812941103e+00 7.813968511789757265e+00 7.814064310104434696e+00 1.027604217524221042e+01 1.027605179803282986e+01 1.095200431789349516e+01 1.095200854283273273e+01 1.112681592287123600e+01 1.112682449178458377e+01 1.189807527688189204e+01 1.189807805558652909e+01 1.278585571167752555e+01 1.278586136863725464e+01 1.478504630912887841e+01 1.478505232504473099e+01 1.649903499693026987e+01 1.649904306527643882e+01 2.320653587096496295e+01 2.320655304881922021e+01
2.184528467794121520e-01 2.328126071371834804e+00 2.328138288826715030e+00 3.497432759662078006e+00 3.497441797183134415e+00 4.196208111403164409e+00 4.196222033269749296e+00 4.820728894974949164e+00 4.820754619025280796e+00 6.222245294936623594e+00 6.222260325550635685e+00 6.756992483343729816e+00 6.757021149905540369e+00 7.818506568385113376e+00 7.818617599826004572e+00 1.027219045670487674e+01 1.027220130272607079e+01 1.095375351759086691e+01 1.095375819538667450e+01 1.112743658458157725e+01 1.112744647436595535e+01 1.189725054173449870e+01 1.189725383347821008e+01 1.278540882651340915e+01 1.278541530812751503e+01 1.478519882088104964e+01 1.478520588069170572e+01 1.649891956251286729e+01 1.649892886924331492e+01 2.320591869444127653e+01 2.320593864879243640e+01
2.193761226538329945e-01 2.328181662232809757e+00 2.328195236129420032e+00 3.497161397604866107e+00 3.497171501645921055e+00 4.192481849921503745e+00 4.192497286903543063e+00 4.822449755636584179e+00 4.822478434045090800e+00 6.222060041304683153e+00 6.222076372692688651e+00 6.759331821765917070e+00 6.759363462707246306e+00 7.823111021461699899e+00 7.823233366375159648e+00 1.026828938986872508e+01 1.026830101172940424e+01 1.095550511462831444e+01 1.095551003374525223e+01 1.112808966991225290e+01 1.112810051294579772e+01 1.189641649472920726e+01 1.189642019846284704e+01 1.278495308991607260e+01 1.278496014867445396e+01 1.478535168381432463e+01 1.478535955831558013e+01 1.649880840710005003e+01 1.649881861354447921e+01 2.320531824850320746e+01 2.320534028443852392e+01
2.202993985282538369e-01 2.328209271805366409e+00 2.328223727709981539e+00 3.496887372921931636e+00 3.496898208981520373e+00 4.188704605437224338e+00 4.188721017994064155e+00 4.824134087076265232e+00 4.824164734075356620e+00 6.221883262495237155e+00 6.221900260808682859e+00 6.761639292421929071e+00 6.761672774110625284e+00 7.827764982681336470e+00 7.827894314112427310e+00 1.026435514507942948e+01 1.026436709334468667e+01 1.095725064586258313e+01 1.095725560400780729e+01 1.112877240734512618e+01 1.112878380269525280e+01 1.189557604966534043e+01 1.189558004363408372e+01 1.278449056254175709e+01 1.278449793574429627e+01 1.478550443187478614e+01 1.478551285566163287e+01 1.649870156634323948e+01 1.649871230496469465e+01 2.320473511441291592e+01 2.320475845853039232e+01
2.212226744026746794e-01 2.328210985768870867e+00 2.328225808250043549e+00 3.496611638031192015e+00 3.496622834166548621e+00 4.184896508013825844e+00 4.184913312643073091e+00 4.825777144983443456e+00 4.825808678050207412e+00 6.221714962146427830e+00 6.221731985178376334e+00 6.763908471101275133e+00 6.763942588678900414e+00 7.832451053882789616e+00 7.832582791146990076e+00 1.026040388199318620e+01 1.026041572138511881e+01 1.095898203842380880e+01 1.095898684983379745e+01 1.112948176500666086e+01 1.112949329452420599e+01 1.189473218316908287e+01 1.189473632913704293e+01 1.278402332739014291e+01 1.278403074710819354e+01 1.478565659240687502e+01 1.478566527289895483e+01 1.649859906310112478e+01 1.649860995072198477e+01 2.320416984427241047e+01 2.320419367207613348e+01
2.221459502770955219e-01 2.328188932803841205e+00 2.328203585493898942e+00 3.496335168376663027e+00 3.496346327819723765e+00 4.181077130343965109e+00 4.181093721866007584e+00 4.827374661594864946e+00 4.827405942867871502e+00 6.221555109346398993e+00 6.221571533989089353e+00 6.766133190733037317e+00 6.766166714880541555e+00 7.837151391513777376e+00 7.837280863096791172e+00 1.025645169703988557e+01 1.025646302073441163e+01 1.096069164827367715e+01 1.096069614957332305e+01 1.113021444967622919e+01 1.113022569479406521e+01 1.189388792497245362e+01 1.189389207334313348e+01 1.278355348089776911e+01 1.278356068385327582e+01 1.478580768723788097e+01 1.478581631503482363e+01 1.649850090769528776e+01 1.649851155913015077e+01 2.320362295959590426e+01 2.320364642489739282e+01
2.230692261515163644e-01 2.328145276792675578e+00 2.328159223481091722e+00 3.496058959005162947e+00 3.496069674233318825e+00 4.177265437750030230e+00 4.177281212791782217e+00 4.828922824991554563e+00 4.828952705361708730e+00 6.221403641058292244e+00 6.221418889060743140e+00 6.768307556103021483e+00 6.768339280364573440e+00 7.841847778852384820e+00 7.841970388794365476e+00 1.025251457303268587e+01 1.025252501468433408e+01 1.096237229101864052e+01 1.096237634558595886e+01 1.113096691036953167e+01 1.113097746884913875e+01 1.189304634757485601e+01 1.189305034319923138e+01 1.278308312390591794e+01 1.278308986088951649e+01 1.478595723396702688e+01 1.478596549415793326e+01 1.649840709844829689e+01 1.649841714005840387e+01 2.320309495035773750e+01 2.320311721562481111e+01
2.239925020259372068e-01 2.328082208410348297e+00 2.328094934251168979e+00 3.495784021052994461e+00 3.495793888819915818e+00 4.173479745809214769e+00 4.173494126400551174e+00 4.830418255411019324e+00 4.830445619453309192e+00 6.221260464946041679e+00 6.221274025778257055e+00 6.770425955763238690e+00 6.770454742472913345e+00 7.846521705725883145e+00 7.846633097509627675e+00 1.024860833044307462e+01 1.024861757372813642e+01 1.096401726500132234e+01 1.096402076585104446e+01 1.113173534682840327e+01 1.113174484868753389e+01 1.189221055528551396e+01 1.189221424370918712e+01 1.278261435255638645e+01 1.278262039703836983e+01 1.478610474748034420e+01 1.478611233147916160e+01 1.649831762248978606e+01 1.649832670518425815e+01 2.320258627454573741e+01 2.320260654109911869e+01
2.249157779003580493e-01 2.328001936137833905e+00 2.328012968052010745e+00 3.495511378162437399e+00 3.495520014928084063e+00 4.169737684832941049e+00 4.169750141051276060e+00 4.831857979527251601e+00 4.831881789425771068e+00 6.221125462509291992e+00 6.221136912321444612e+00 6.772483071295003931e+00 6.772507894266298401e+00 7.851154455237870700e+00 7.851250667283693474e+00 1.024474857989940446e+01 1.024475636551585289e+01 1.096562036679562269e+01 1.096562323805413541e+01 1.113251572312618798e+01 1.113252384501208780e+01 1.189138367265048934e+01 1.189138690652307595e+01 1.278214924917258344e+01 1.278215440480685672e+01 1.478624974170302409e+01 1.478625635914630543e+01 1.649823245680706307e+01 1.649824026804352783e+01 2.320209735823193498e+01 2.320211489518932524e+01
2.258390537747788918e-01 2.327906676745657766e+00 2.327915602142573981e+00 3.495242062835785202e+00 3.495249119989594977e+00 4.166056170471795994e+00 4.166066241145051308e+00 4.833239403499568709e+00 4.833258740179576129e+00 6.220998492437227689e+00 6.221007508332494496e+00 6.774473884076549268e+00 6.774493866407228282e+00 7.855727196824791037e+00 7.855804803994675289e+00 1.024095067552697103e+01 1.024095680571761591e+01 1.096717589933626869e+01 1.096717809641873842e+01 1.113330378646027263e+01 1.113331026380666522e+01 1.189056883227538641e+01 1.189057147763099387e+01 1.278168987318722927e+01 1.278169397996552092e+01 1.478639173159011300e+01 1.478639712181757915e+01 1.649815156950872108e+01 1.649815784388828632e+01 2.320162859615529527e+01 2.320164276706251272e+01
2.267623296491997342e-01 2.327798645308162939e+00 2.327805128336095208e+00 3.494977112722386536e+00 3.494982290972514338e+00 4.162451379763173698e+00 4.162458690360507418e+00 4.834560285444712058e+00 4.834574385257700335e+00 6.220879394094879444e+00 6.220885763199802021e+00 6.776393679696328221e+00 6.776408125297648688e+00 7.860221084787060164e+00 7.860277320805876933e+00 1.023722966882272978e+01 1.023723400958921914e+01 1.096867867301847888e+01 1.096868018163953629e+01 1.113409509105584227e+01 1.113409972747482612e+01 1.188976916206312495e+01 1.188977110418136185e+01 1.278123825218003340e+01 1.278124119105863166e+01 1.478653023534474720e+01 1.478653417798735958e+01 1.649807492126355868e+01 1.649807944937078119e+01 2.320118035279209323e+01 2.320119063895993250e+01
2.276856055236205767e-01 2.327680044821973215e+00 2.327683839479418815e+00 3.494717566822341581e+00 3.494720629129755007e+00 4.158938731987186443e+00 4.158943008980672040e+00 4.835818707850151554e+00 4.835826993353451897e+00 6.220767991061475044e+00 6.220771614163459695e+00 6.778238050144941518e+00 6.778246467909666784e+00 7.864617361284707897e+00 7.864650217677181310e+00 1.023360026284276181e+01 1.023360274408794091e+01 1.097012400020497047e+01 1.097012483436229147e+01 1.113488502695485316e+01 1.113488770046178722e+01 1.188898777189675471e+01 1.188898892046929845e+01 1.278079637308943539e+01 1.278079806897997273e+01 1.478666477684194547e+01 1.478666710106752369e+01 1.649800246687167160e+01 1.649800510207676751e+01 2.320075296387259911e+01 2.320075898355404220e+01
2.286088813980414192e-01 2.327553055512161073e+00 2.327554015103640683e+00 3.494464461580215620e+00 3.494465244050217745e+00 4.155532873742574296e+00 4.155533954901237337e+00 4.837013050323072605e+00 4.837015153944272505e+00 6.220664094648034492e+00 6.220664984460063884e+00 6.780002893914211626e+00 6.780005013774173861e+00 7.868897462656734731e+00 7.868905760649465009e+00 1.023007676657053544e+01 1.023007738044434056e+01 1.097150768367196960e+01 1.097150788274324107e+01 1.113566885331920275e+01 1.113566951916088676e+01 1.188822773980856695e+01 1.188822803316609189e+01 1.278036617366166361e+01 1.278036659674769915e+01 1.478679488822490384e+01 1.478679548023652579e+01 1.649793415692134957e+01 1.649793481993688005e+01 2.320034673828577354e+01 2.320034826097640135e+01
2.295321572724622616e-01 2.327417906510721224e+00 2.327419823918636776e+00 3.494217247040586560e+00 3.494218826834547986e+00 4.152245507969936966e+00 4.152247667699893618e+00 4.838137742630684635e+00 4.838141962962565046e+00 6.220565781723281340e+00 6.220567507330548196e+00 6.781680194606686918e+00 6.781684414131857075e+00 7.873026560638569649e+00 7.873043127822789700e+00 1.022667184715492539e+01 1.022667304942318367e+01 1.097282562470417311e+01 1.097282599960992400e+01 1.113644042578767568e+01 1.113644173574435925e+01 1.188749150588684778e+01 1.188749209769012793e+01 1.277994869960644486e+01 1.277994953419769431e+01 1.478691892107753425e+01 1.478692011263112605e+01 1.649786862054839531e+01 1.649786993948372071e+01 2.319995891561951140e+01 2.319996196029964253e+01
2.304554331468831041e-01 2.327277721577901470e+00 2.327282451860936519e+00 3.493977743887647147e+00 3.493981681584222621e+00 4.149090857352083717e+00 4.149096184530453257e+00 4.839193886698947900e+00 4.839204340551644279e+00 6.220473896841627770e+00 6.220478026044677478e+00 6.783268742051221878e+00 6.783279114864517290e+00 7.876995651497463946e+00 7.877036507456834258e+00 1.022339958342091037e+01 1.022340249593785266e+01 1.097407480557219195e+01 1.097407567586436095e+01 1.113719560579355949e+01 1.113719878696594279e+01 1.188678234321689509e+01 1.188678381661134154e+01 1.277954623557526936e+01 1.277954826965467383e+01 1.478703704603441160e+01 1.478704000699728027e+01 1.649780652044211493e+01 1.649780976179692260e+01 2.319959137282422290e+01 2.319959889201266279e+01
2.313787090213039466e-01 2.327135609566516106e+00 2.327142985384019536e+00 3.493747827074672685e+00 3.493754029532229577e+00 4.146082391650963039e+00 4.146090697548000747e+00 4.840182931370571318e+00 4.840199297692687530e+00 6.220389203447619586e+00 6.220395445298386505e+00 6.784767674014799965e+00 6.784783795731310185e+00 7.880796567122171581e+00 7.880860272588275706e+00 1.022027349311760247e+01 1.022027796075662387e+01 1.097525259185304769e+01 1.097525386615655840e+01 1.113793022829114854e+01 1.113793511025237848e+01 1.188610347434012660e+01 1.188610579183169413e+01 1.277916098654593746e+01 1.277916412215245856e+01 1.478714949472139395e+01 1.478715414488572044e+01 1.649774853433043731e+01 1.649775357189300351e+01 2.319924603556853526e+01 2.319925777594209393e+01
2.323019848957247890e-01 2.326993646214036371e+00 2.327003403788060698e+00 3.493528567548250585e+00 3.493536854370290712e+00 4.143231691533837413e+00 4.143242679635084080e+00 4.841104407149792621e+00 4.841126144953098454e+00 6.220311558174551614e+00 6.220319560069535569e+00 6.786174280046638252e+00 6.786195544982441596e+00 7.884413417387166945e+00 7.884497721285737448e+00 1.021730589943668299e+01 1.021731172409409361e+01 1.097635654192809440e+01 1.097635812105980513e+01 1.113863948887853184e+01 1.113864584471483710e+01 1.188545773643056869e+01 1.188546082760123568e+01 1.277879465001850967e+01 1.277879875392867248e+01 1.478725592412686218e+01 1.478726211927136092e+01 1.649769467437251791e+01 1.649770132012394441e+01 2.319892328127424719e+01 2.319893883765018572e+01
2.332252607701456315e-01 2.326853819368834841e+00 2.326865608843579736e+00 3.493321006154501251e+00 3.493331114776156099e+00 4.140549524626214506e+00 4.140562802057469405e+00 4.841957998630967985e+00 4.841984366046925281e+00 6.220240801770474448e+00 6.220250168466360030e+00 6.787486106190815605e+00 6.787511731213078825e+00 7.887830962698759052e+00 7.887932882112455246e+00 1.021450850039778402e+01 1.021451544792490651e+01 1.097738457448665095e+01 1.097738635652570238e+01 1.113931865418323852e+01 1.113932621173337445e+01 1.188484785798400267e+01 1.188485162186370125e+01 1.277844883154158673e+01 1.277845374077759466e+01 1.478735600875521428e+01 1.478736354522652618e+01 1.649764494949104332e+01 1.649765296054738783e+01 2.319862345884256527e+01 2.319864228830569886e+01
2.341485366445664740e-01 2.326718015399378281e+00 2.326731414289802125e+00 3.493126144883195838e+00 3.493137739106717987e+00 4.138045842442481970e+00 4.138060934799866253e+00 4.842743515081061823e+00 4.842773596051722862e+00 6.220176761106301910e+00 6.220187074139986727e+00 6.788700939709886306e+00 6.788729993899942805e+00 7.891034686950152199e+00 7.891150613107284606e+00 1.021189232547498271e+01 1.021190013316891765e+01 1.097833493550558259e+01 1.097833682075534334e+01 1.113996310739931594e+01 1.113997156169451408e+01 1.188427644227701307e+01 1.188428075098774528e+01 1.277812503790288901e+01 1.277813056599853780e+01 1.478744944075177514e+01 1.478745806244237215e+01 1.649759936477285649e+01 1.649760845213805993e+01 2.319834688602258055e+01 2.319836832708118379e+01
2.350718125189873164e-01 2.326588006572066103e+00 2.326602535706413288e+00 3.492944938074820982e+00 3.492957619786269952e+00 4.135729779119216687e+00 4.135746148082389162e+00 4.843460863067185151e+00 4.843493600646000097e+00 6.220119252058233350e+00 6.220130088449762340e+00 6.789816794041147574e+00 6.789848232964784458e+00 7.894010868648762447e+00 7.894136695139004622e+00 1.020946769362599582e+01 1.020947607817955038e+01 1.097920616456809384e+01 1.097920806019434536e+01 1.114056839406435095e+01 1.114057742025842579e+01 1.188374595114725807e+01 1.188375065466451019e+01 1.277782467109419073e+01 1.277783061486981886e+01 1.478753593005489364e+01 1.478754533752950096e+01 1.649755792098157059e+01 1.649756775979706092e+01 2.319809384720266010e+01 2.319811714329014407e+01
2.359950883934081589e-01 2.326465439551554937e+00 2.326480580841079338e+00 3.492778283757889568e+00 3.492791607407969234e+00 4.133609651714111877e+00 4.133626714743420472e+00 4.844110021354731010e+00 4.844144256349548705e+00 6.220068083186840013e+00 6.220079032394492558e+00 6.790831894309467209e+00 6.790864597585213325e+00 7.896746649965685094e+00 7.896877918599511936e+00 1.020724417304523435e+01 1.020725283885743018e+01 1.097999706127552955e+01 1.097999888539951741e+01 1.114113026731620515e+01 1.114113953341925978e+01 1.188325868929069884e+01 1.188326362112035284e+01 1.277754902305368923e+01 1.277755516965426530e+01 1.478761520461639911e+01 1.478762506604647342e+01 1.649752061420654314e+01 1.649753085513836837e+01 2.319786459170011028e+01 2.319788891817838916e+01
2.369183642678290014e-01 2.326351825133164297e+00 2.326367040464278446e+00 3.492627015289789139e+00 3.492640504587486650e+00 4.131692961827576838e+00 4.131710113198543866e+00 4.844691018258404647e+00 4.844725531754997760e+00 6.220023060078598398e+00 6.220033738336331552e+00 6.791744663681535066e+00 6.791777474486620392e+00 7.899230103429066396e+00 7.899362162539198984e+00 1.020523054298516996e+01 1.020523919071854380e+01 1.098070665245383815e+01 1.098070833748071173e+01 1.114164473188104765e+01 1.114165391068482514e+01 1.188281678926876239e+01 1.188282177280117224e+01 1.277729927116921438e+01 1.277730540513237401e+01 1.478768701072641534e+01 1.478769697421342322e+01 1.649748743566702558e+01 1.649749771703903889e+01 2.319765933260550739e+01 2.319768382629509773e+01
2.378416401422498438e-01 2.326248529274184573e+00 2.326263279811850104e+00 3.492491893475816234e+00 3.492505059630562680e+00 4.129986398299522854e+00 4.130003030709668010e+00 4.845203911585770129e+00 4.845237469751961790e+00 6.219983990162555543e+00 6.219994051557962145e+00 6.792553710807117895e+00 6.792585475958684782e+00 7.901450295949108416e+00 7.901578465500219473e+00 1.020343475800166289e+01 1.020344309324489096e+01 1.098133416079399183e+01 1.098133565576535986e+01 1.114210808607350067e+01 1.114211686577586491e+01 1.188242219741200323e+01 1.188242705269012944e+01 1.277707647450949224e+01 1.277708238465034718e+01 1.478775111347212956e+01 1.478776082027821026e+01 1.649745837168443074e+01 1.649746833194688733e+01 2.319747824621768828e+01 2.319750203638490405e+01
2.387649160166706863e-01 2.326156765450572816e+00 2.326170530663849600e+00 3.492373599334696710e+00 3.492385960098303155e+00 4.128495840731809530e+00 4.128511366722939613e+00 4.845648771271322985e+00 4.845680170763785100e+00 6.219950687769229880e+00 6.219959831708536946e+00 6.793257818555117566e+00 6.793287427845612569e+00 7.903397349822647300e+00 7.903517087464461355e+00 1.020186391497875711e+01 1.020187165683832475e+01 1.098187897549892966e+01 1.098188024726836431e+01 1.114251696113452716e+01 1.114252505432439300e+01 1.188207666079608948e+01 1.188208121142187323e+01 1.277688157073647446e+01 1.277688705666173163e+01 1.478780729735117205e+01 1.478781639551377225e+01 1.649743340383034962e+01 1.649744269394725649e+01 2.319732147208337025e+01 2.319734371175906773e+01
2.396881918910915288e-01 2.326077588330237145e+00 2.326089884096731453e+00 3.492272727666666299e+00 3.492283826374555034e+00 4.127226363587335634e+00 4.127240236058635325e+00 4.846025664758061957e+00 4.846053777037744759e+00 6.219922979163558630e+00 6.219930954205547202e+00 6.793855934215308423e+00 6.793882357759459367e+00 7.905062500323281505e+00 7.905169562498485014e+00 1.020052422327559860e+01 1.020053111268557089e+01 1.098234062544240430e+01 1.098234165847657273e+01 1.114286835729115666e+01 1.114287550812824890e+01 1.188178171545246364e+01 1.188178579535504653e+01 1.277671537364281562e+01 1.277672025173511727e+01 1.478785536705141546e+01 1.478786352483806787e+01 1.649741250925092473e+01 1.649742080459696680e+01 2.319718911363375113e+01 2.319720901012364322e+01
2.406114677655123713e-01 2.326011888726205790e+00 2.326022283935971657e+00 3.492189781562422102e+00 3.492199205358951453e+00 4.126182240623637476e+00 4.126193971763417068e+00 4.846334645145402575e+00 4.846358458053812157e+00 6.219900707265857420e+00 6.219907311665918037e+00 6.794347161302003002e+00 6.794369483761453665e+00 7.906438149438552720e+00 7.906528741841046148e+00 1.019942097831456174e+01 1.019942678582528828e+01 1.098271875527945518e+01 1.098271954988081411e+01 1.114315967599315016e+01 1.114316566559120147e+01 1.188153867595933377e+01 1.188154213575908535e+01 1.277657857125272045e+01 1.277658267999558461e+01 1.478789514839800212e+01 1.478790206705990862e+01 1.649739566116265621e+01 1.649740267254038173e+01 2.319708123938806921e+01 2.319709808286247110e+01
2.415347436399332137e-01 2.325960389771567716e+00 2.325968520927323979e+00 3.492125167966373844e+00 3.492132564422626650e+00 4.125366949428401320e+00 4.125376127461962916e+00 4.846575742084694660e+00 4.846594397139422306e+00 6.219883735779815126e+00 6.219888815432277340e+00 6.794730753062665940e+00 6.794748203746421744e+00 7.907517915273293951e+00 7.907588827336304860e+00 1.019855853889635000e+01 1.019856307168757326e+01 1.098301310487466864e+01 1.098301367362246417e+01 1.114338874786274047e+01 1.114339339803922080e+01 1.188134862653995150e+01 1.188135133926283338e+01 1.277647172442289758e+01 1.277647492896471526e+01 1.478792648945821497e+01 1.478793191476678004e+01 1.649738282950859869e+01 1.649738831292838981e+01 2.319699788467410784e+01 2.319701107379346894e+01
2.424580195143540562e-01 2.325923644245849964e+00 2.325929227639762509e+00 3.492079194380134588e+00 3.492084285773950025e+00 4.124783175841502114e+00 4.124789479075588794e+00 4.846748955370559386e+00 4.846761779400324599e+00 6.219871952483060795e+00 6.219875397233896486e+00 6.795006107763028602e+00 6.795018085750932357e+00 7.908296676598848052e+00 7.908345395262525557e+00 1.019794030848601807e+01 1.019794341635100743e+01 1.098322349229604455e+01 1.098322385460646089e+01 1.114355385598249804e+01 1.114355703165310807e+01 1.188121241377406712e+01 1.188121427969961275e+01 1.277639526588297691e+01 1.277639746176403079e+01 1.478794926178392544e+01 1.478795299388150930e+01 1.649737398175816949e+01 1.649737774666582624e+01 2.319693905379709875e+01 2.319694811743697116e+01
2.433812953887748987e-01 2.325902032976857825e+00 2.325904874110497733e+00 3.492052066759965268e+00 3.492054661385152414e+00 4.124432818068270556e+00 4.124436025805852779e+00 4.846854251145309433e+00 4.846860781096502535e+00 6.219865271506945348e+00 6.219867010970613563e+00 6.795172765790088221e+00 6.795178859387475789e+00 7.908770611995201705e+00 7.908795410738960641e+00 1.019756872066682618e+01 1.019757030073441406e+01 1.098334980038887032e+01 1.098334997554040449e+01 1.114365375423990123e+01 1.114365536479570018e+01 1.188113064100670790e+01 1.188113159146873521e+01 1.277634949966041411e+01 1.277635061564876473e+01 1.478796336176164594e+01 1.478796526292512503e+01 1.649736908382901035e+01 1.649737099951736496e+01 2.319690472257244807e+01 2.319690933685350842e+01
2.443045712631957411e-01 2.325895764243330444e+00 2.325895764243394392e+00 3.492043888628238335e+00 3.492043888628249881e+00 4.124316990314891740e+00 4.124316990314961906e+00 4.846891560607714311e+00 4.846891560607832439e+00 6.219863634535086838e+00 6.219863634535137464e+00 6.795230408584761683e+00 6.795230408584774118e+00 7.908937233008962231e+00 7.908937233008996870e+00 1.019744522890735894e+01 1.019744522890736071e+01 1.098339196659338768e+01 1.098339196659341077e+01 1.114368768054111136e+01 1.114368768054116821e+01 1.188110366451487643e+01 1.188110366451487998e+01 1.277633460084372885e+01 1.277633460084373951e+01 1.478796871203094909e+01 1.478796871203099883e+01 1.649736810110450236e+01 1.649736810110453433e+01 2.319689484112559086e+01 2.319689484112561928e+01
2.443045712631957411e-01 2.325895764243330444e+00 2.325895764243394392e+00 3.492043888628238335e+00 3.492043888628249881e+00 4.124316990314891740e+00 4.124316990314961906e+00 4.846891560607714311e+00 4.846891560607832439e+00 6.219863634535086838e+00 6.219863634535137464e+00 6.795230408584761683e+00 6.795230408584774118e+00 7.908937233008962231e+00 7.908937233008996870e+00 1.019744522890735894e+01 1.019744522890736071e+01 1.098339196659338768e+01 1.098339196659341077e+01 1.114368768054111136e+01 1.114368768054116821e+01 1.188110366451487643e+01 1.188110366451487998e+01 1.277633460084372885e+01 1.277633460084373951e+01 1.478796871203094909e+01 1.478796871203099883e+01 1.649736810110450236e+01 1.649736810110453433e+01 2.319689484112559086e+01 2.319689484112561928e+01
2.458243411014068569e-01 2.325705804975555679e+00 2.325709390194600878e+00 3.491634760643926860e+00 3.491636281177982415e+00 4.123957489641773222e+00 4.123960515649099712e+00 4.846575001576076680e+00 4.846575744042041833e+00 6.219619875664484709e+00 6.219621800177161042e+00 6.795375548675278488e+00 6.795377234918048792e+00 7.908494184488927381e+00 7.908509238358102600e+00 1.019759566424572306e+01 1.019759640384722843e+01 1.098300067102882238e+01 1.098300313334061684e+01 1.114323879640284254e+01 1.114323954519951876e+01 1.188147600195194897e+01 1.188147625790830553e+01 1.277637689603986537e+01 1.277638060067858561e+01 1.478798346522485829e+01 1.478798427719713438e+01 1.649792649999508853e+01 1.649792776529739413e+01 2.319676625543801052e+01 2.319677021761432201e+01
2.473441109396179727e-01 2.325138923998263607e+00 2.325145948356344139e+00 3.490409749093474456e+00 3.490412810776370112e+00 4.122882354963360640e+00 4.122888411821329591e+00 4.845626482561357307e+00 4.845628438402727944e+00 6.218890928774092330e+00 6.218894632304211356e+00 6.795812709586452449e+00 6.795816029252031321e+00 7.907183589024054271e+00 7.907213433727258156e+00 1.019804446612627125e+01 1.019804591203598143e+01 1.098182755336410388e+01 1.098183245140179487e+01 1.114189981901537863e+01 1.114190131437683107e+01 1.188259036208860486e+01 1.188259081689920649e+01 1.277650679998450300e+01 1.277651407875658940e+01 1.478802885595592187e+01 1.478803055692868718e+01 1.649960145476489259e+01 1.649960392390080344e+01 2.319638453893851349e+01 2.319639229541947856e+01
2.488638807778290885e-01 2.324193212315257551e+00 2.324203390230456634e+00 3.488371419976003640e+00 3.488376050101887227e+00 4.121092631864521572e+00 4.121101722385612121e+00 4.844047902302976105e+00 4.844051656202931433e+00 6.217677857362921223e+00 6.217683065900386552e+00 6.796541996124733309e+00 6.796546842726990612e+00 7.905015644595081881e+00 7.905059721396485273e+00 1.019878188400250707e+01 1.019878397194119124e+01 1.097986760226892500e+01 1.097987487688105013e+01 1.113969135149429945e+01 1.113969358585273284e+01 1.188443801480659978e+01 1.188443859752793585e+01 1.277672214665063422e+01 1.277673274134510883e+01 1.478810592935611723e+01 1.478810864620681720e+01 1.650238838796431295e+01 1.650239194321185110e+01 2.319574975462307265e+01 2.319576097798506709e+01
2.503836506160402320e-01 2.322865453847092088e+00 2.322878373115347728e+00 3.485524006923392815e+00 3.485530215878198668e+00 4.118590113982312673e+00 4.118602223894010095e+00 4.841842569205363489e+00 4.841848623387420503e+00 6.215982380923327000e+00 6.215988724344411409e+00 6.797563545658285022e+00 6.797569757999856854e+00 7.902007132223048735e+00 7.902064530535346520e+00 1.019979170383584233e+01 1.019979434305222021e+01 1.097711277934256380e+01 1.097712232760741102e+01 1.113664714494802865e+01 1.113665010057678195e+01 1.188700458993078612e+01 1.188700532144653899e+01 1.277701936177631836e+01 1.277703289252628238e+01 1.478821645389325568e+01 1.478822032346266901e+01 1.650627967423400833e+01 1.650628415150616135e+01 2.319486194579924287e+01 2.319487616526562235e+01
2.519034204542513478e-01 2.321151150388392814e+00 2.321166290820422695e+00 3.481873328108029408e+00 3.481881082495005941e+00 4.115377413273710872e+00 4.115392486665914618e+00 4.839015152530644848e+00 4.839023849702988933e+00 6.213806877228775782e+00 6.213813934125494320e+00 6.798877497775812628e+00 6.798884859858545404e+00 7.898181207413189853e+00 7.898250600927114284e+00 1.020105131823239653e+01 1.020105439798648206e+01 1.097355253953106136e+01 1.097356419982218512e+01 1.113281319977279260e+01 1.113281684405193417e+01 1.189027042250052979e+01 1.189027150362225349e+01 1.277739357934740383e+01 1.277740955468369499e+01 1.478836290598274417e+01 1.478836803657363141e+01 1.651126467946456344e+01 1.651126988179996147e+01 2.319372113211796815e+01 2.319373775678016614e+01
2.534231902924624635e-01 2.319044558192566718e+00 2.319061315211582208e+00 3.477426667991514453e+00 3.477435866375378382e+00 4.111458054877380697e+00 4.111475960562798626e+00 4.835571677733081941e+00 4.835583159981515777e+00 6.211154389115269403e+00 6.211161739766821732e+00 6.800483951392805260e+00 6.800492194697687509e+00 7.893567107730217636e+00 7.893646701101553198e+00 1.020253181947406418e+01 1.020253521704955624e+01 1.096917462968451673e+01 1.096918816521180418e+01 1.112824647847846826e+01 1.112825076026876481e+01 1.189421108729660403e+01 1.189421278707343888e+01 1.277783879814810497e+01 1.277785662986183191e+01 1.478854844625459641e+01 1.478855488649292660e+01 1.651732981678313905e+01 1.651733552987349185e+01 2.319232730631778239e+01 2.319234565415051463e+01
2.549429601306735793e-01 2.316538736362957263e+00 2.316556448539291324e+00 3.472192626499012835e+00 3.472203081873423081e+00 4.106836593734041863e+00 4.106857085750591274e+00 4.831519531958256231e+00 4.831533716944967694e+00 6.208028635535542961e+00 6.208035917279365101e+00 6.802382909421795354e+00 6.802391718931877662e+00 7.888199786837916783e+00 7.888287289677915481e+00 1.020419811063755056e+01 1.020420170014825700e+01 1.096396621670825233e+01 1.096398130038561725e+01 1.112301321505736063e+01 1.112301806178825458e+01 1.189879791294927536e+01 1.189880043399254994e+01 1.277834807210550494e+01 1.277836709548309280e+01 1.478877689060253608e+01 1.478878460634398095e+01 1.652445861922674908e+01 1.652446462698156182e+01 2.319068043209102825e+01 2.319069976322849413e+01
2.564627299688846951e-01 2.313625607194139899e+00 2.313643586496516136e+00 3.466180938724864102e+00 3.466192369921716754e+00 4.101518749782600892e+00 4.101541427906635562e+00 4.826867469780703246e+00 4.826884041410496984e+00 6.204434027092230686e+00 6.204440983768229501e+00 6.804574211294970532e+00 6.804583236299446725e+00 7.882119488632750581e+00 7.882212129096960673e+00 1.020600902977770907e+01 1.020601269064353289e+01 1.095791538102318974e+01 1.095793158501264664e+01 1.111718682304430672e+01 1.111719213708259169e+01 1.190399847381917020e+01 1.190400191245439210e+01 1.277891372715392571e+01 1.277893322664693265e+01 1.478905267720408112e+01 1.478906153590350669e+01 1.653263182877804383e+01 1.653263792661819664e+01 2.318878044347972534e+01 2.318879999599715092e+01
2.579824998070958109e-01 2.310296028539639668e+00 2.310313591925036825e+00 3.459402268522663970e+00 3.459414301356944499e+00 4.095511558709290512e+00 4.095535836246170902e+00 4.821625615575045209e+00 4.821644028966006523e+00 6.200375687557924564e+00 6.200382199406281991e+00 6.807057453775545497e+00 6.807066323915889505e+00 7.875371277088914823e+00 7.875465861458213368e+00 1.020791748273994948e+01 1.020792110627283122e+01 1.095101297202283774e+01 1.095102976550104579e+01 1.111084544012659059e+01 1.111085109317292741e+01 1.190977712370654373e+01 1.190978145661828336e+01 1.277952759673043914e+01 1.277954683645046252e+01 1.478938082993228953e+01 1.478939059224446240e+01 1.654182750117511347e+01 1.654183350469678615e+01 2.318662724618053161e+01 2.318664627249672350e+01
2.595022696453069266e-01 2.306539878186110837e+00 2.306556379036533766e+00 3.451867979587389446e+00 3.451880157562017715e+00 4.088823535542604581e+00 4.088848621447371379e+00 4.815805460076268751e+00 4.815824960763501750e+00 6.195859483772178322e+00 6.195865557177101302e+00 6.809831900605622934e+00 6.809840246890566995e+00 7.868004538187506114e+00 7.868097556732638331e+00 1.020987058165913552e+01 1.020987407388714097e+01 1.094325475976325990e+01 1.094327151813175547e+01 1.110406920267348774e+01 1.110407502848206640e+01 1.191609552238174707e+01 1.191610060109336011e+01 1.278018126777563523e+01 1.278019952548265437e+01 1.478976691852000869e+01 1.478977723736680261e+01 1.655202112551991434e+01 1.655202687260750238e+01 2.318422072108127097e+01 2.318423852307131483e+01
2.610220394835180424e-01 2.302346150084491949e+00 2.302361007936064574e+00 3.443589887987227982e+00 3.443601691689256228e+00 4.081464848532023737e+00 4.081489749347313456e+00 4.809419848973159439e+00 4.809439505764340872e+00 6.190892060926696416e+00 6.190897761401171984e+00 6.812896381610261898e+00 6.812903861337590961e+00 7.860072470045748716e+00 7.860160243982276640e+00 1.021180978865575284e+01 1.021181306767975983e+01 1.093464373956427416e+01 1.093465976726985289e+01 1.109693741199182071e+01 1.109694319981923805e+01 1.192291312658633018e+01 1.192291868207552774e+01 1.278086632922529553e+01 1.278088293182984891e+01 1.479021701595065963e+01 1.479022744344577056e+01 1.656318575718681174e+01 1.656319110283517659e+01 2.318156073027182984e+01 2.318157669125485398e+01
2.625418093217291582e-01 2.297703062129843321e+00 2.297715789132716235e+00 3.434580000535972122e+00 3.434590874296909568e+00 4.073447500586206083e+00 4.073471045294708937e+00 4.802482961575805120e+00 4.802501711799331829e+00 6.185480865400221795e+00 6.185486211287456904e+00 6.816249181914121102e+00 6.816255505698899597e+00 7.851631576327272377e+00 7.851710436236949420e+00 1.021367106774387956e+01 1.021367405502384607e+01 1.092519237201048732e+01 1.092520693928881670e+01 1.108952581817019123e+01 1.108953131067593212e+01 1.193018763464992738e+01 1.193019329369469972e+01 1.278157461539504425e+01 1.278158897352556345e+01 1.479073765363287229e+01 1.479074765608760345e+01 1.657529216198777178e+01 1.657529696705866940e+01 2.317864712567142860e+01 2.317866073761398837e+01
2.640615791599402740e-01 2.292598174996536287e+00 2.292608397598978609e+00 3.424850243875254385e+00 3.424859627781069449e+00 4.064785515082864897e+00 4.064806403255762923e+00 4.795010277849207192e+00 4.795026983023440437e+00 6.179634134427647751e+00 6.179639009119621385e+00 6.819887921937833219e+00 6.819892880457258499e+00 7.842741176395257696e+00 7.842807659297423406e+00 1.021538505280814668e+01 1.021538765992538167e+01 1.091492449520370300e+01 1.091493688660940364e+01 1.108190428230786218e+01 1.108190918119738555e+01 1.193787538076099075e+01 1.193788069342586411e+01 1.278229843732296800e+01 1.278231007629120874e+01 1.479133577492444473e+01 1.479134475575287055e+01 1.658830896927159415e+01 1.658831308663461712e+01 2.317547976029998580e+01 2.317549064484056842e+01
2.655813489981513897e-01 2.287018521329245324e+00 2.287025995801545974e+00 3.414412189631280459e+00 3.414419554553253189e+00 4.055495122166364652e+00 4.055511993110043178e+00 4.787018532439830665e+00 4.787032041712889985e+00 6.173360859114170651e+00 6.173364986025029033e+00 6.823809428841986602e+00 6.823812916547984386e+00 7.833462943623572095e+00 7.833513993974785983e+00 1.021687724622208115e+01 1.021687936102584970e+01 1.090387665129297190e+01 1.090388622134141094e+01 1.107413506130912850e+01 1.107413904198114452e+01 1.194593167971838810e+01 1.194593615578186352e+01 1.278303079598041592e+01 1.278303938054428279e+01 1.479201868751221660e+01 1.479202601730334266e+01 1.660220283190762913e+01 1.660220609481603660e+01 2.317205850209953510e+01 2.317206642434080521e+01
2.671011188363625055e-01 2.280950744369468985e+00 2.280955364978175748e+00 3.403276781504799064e+00 3.403281664513404969e+00 4.045594940778602044e+00 4.045606458987256460e+00 4.778525654733882355e+00 4.778534872849611759e+00 6.166670745873248372e+00 6.166673720302704886e+00 6.828009600094728349e+00 6.828011633072653019e+00 7.823860480940120432e+00 7.823893640199942823e+00 1.021806827156784969e+01 1.021806974863432771e+01 1.089209863243682896e+01 1.089210486173618264e+01 1.106627188392798367e+01 1.106627461781251043e+01 1.195431112647018601e+01 1.195431427750371789e+01 1.278376557222146737e+01 1.278377092289199979e+01 1.479279401503932689e+01 1.479279906745337136e+01 1.661693859186638633e+01 1.661694080905105153e+01 2.316838325009041455e+01 2.316838812450385987e+01
2.686208886745736213e-01 2.274381244869143170e+00 2.274383043786080805e+00 3.391454070632963447e+00 3.391456107998773728e+00 4.035106150672183034e+00 4.035111100964130060e+00 4.769550694463502438e+00 4.769554650546588448e+00 6.159574187982766347e+00 6.159575537255884470e+00 6.832483259879195359e+00 6.832483985269707460e+00 7.813998940164180951e+00 7.814012510122961608e+00 1.021887421433638110e+01 1.021887487351235002e+01 1.087965315742733630e+01 1.087965570190729281e+01 1.105835986769185553e+01 1.105836104900268424e+01 1.196296785691160558e+01 1.196296924008281515e+01 1.278449768935518982e+01 1.278449978858899350e+01 1.479366964821754493e+01 1.479367183976987654e+01 1.663247945084754775e+01 1.663248041077251926e+01 2.316445395253349204e+01 2.316445584075499653e+01
2.701406585127847371e-01 2.267295473305102949e+00 2.267296334915857692e+00 3.378951921034906825e+00 3.378952966013572645e+00 4.024050031965076712e+00 4.024052647572704977e+00 4.760111646063418078e+00 4.760113732898957117e+00 6.152081494621422841e+00 6.152082244340279615e+00 6.837223704094491872e+00 6.837224009152997439e+00 7.803937855842531413e+00 7.803944689128863743e+00 1.021920672926835216e+01 1.021920709494006374e+01 1.086661343305896565e+01 1.086661470658293283e+01 1.105043557021265244e+01 1.105043619732463434e+01 1.197185503687109964e+01 1.197185577740460438e+01 1.278522223263884428e+01 1.278522324523618536e+01 1.479465252677376697e+01 1.479465369548521636e+01 1.664878662974122037e+01 1.664878714561685769e+01 2.316026972741275003e+01 2.316027062667221870e+01
2.716604283509958528e-01 2.259679147253392806e+00 2.259682397072364957e+00 3.365776790342565050e+00 3.365781007184851514e+00 4.012450301310932943e+00 4.012461173544749293e+00 4.750227117917333430e+00 4.750235780211252035e+00 6.144203359769207395e+00 6.144206620862156853e+00 6.842223129199139109e+00 6.842224070352329157e+00 7.793737935821950735e+00 7.793765028052430210e+00 1.021897391937893573e+01 1.021897552729384273e+01 1.085306263699443718e+01 1.085306763384751605e+01 1.104252876573192488e+01 1.104253138321249317e+01 1.198092567250953877e+01 1.198092877054609318e+01 1.278593576830608747e+01 1.278593961173626425e+01 1.479574952865520032e+01 1.479575443308658578e+01 1.666581993027249453e+01 1.666582212737610647e+01 2.315583001128096896e+01 2.315583337955246179e+01
2.731801981892069686e-01 2.251520766179580857e+00 2.251526047019802412e+00 3.351936846116438495e+00 3.351944166678191728e+00 4.000341976070988181e+00 4.000361413551554612e+00 4.739923185378842163e+00 4.739938660136604476e+00 6.135953582410625273e+00 6.135959652735286873e+00 6.847473037573092114e+00 6.847474128030042628e+00 7.783481722403927883e+00 7.783527954223693257e+00 1.021808256668358439e+01 1.021808562204683746e+01 1.083909531798788883e+01 1.083910371964442731e+01 1.103466616945505230e+01 1.103467086705048317e+01 1.199013534219174204e+01 1.199014088412832812e+01 1.278663922274381370e+01 1.278664550035138525e+01 1.479697139813170814e+01 1.479698025427416219e+01 1.668353969720190122e+01 1.668354374397015505e+01 2.315113700682198328e+01 2.315114242937028877e+01
2.746999680274180844e-01 2.242807394353335759e+00 2.242814297678474400e+00 3.337436491018336504e+00 3.337446689960045898e+00 3.987758171236933435e+00 3.987786048281182438e+00 4.729222687417969695e+00 4.729244883599409199e+00 6.127345264973813599e+00 6.127354287503900210e+00 6.852962470530128414e+00 6.852963167240742060e+00 7.773238651158912660e+00 7.773301971859901904e+00 1.021643752437984176e+01 1.021644219393233044e+01 1.082480803709412953e+01 1.082481932588308737e+01 1.102686997987989592e+01 1.102687674375992621e+01 1.199943859761416576e+01 1.199944650926136092e+01 1.278733276022223286e+01 1.278734099349540898e+01 1.479832678105052146e+01 1.479833961718636282e+01 1.670190441990357400e+01 1.670191042335476439e+01 2.314619113268136630e+01 2.314619812678134636e+01
2.762197378656292002e-01 2.233526618121130181e+00 2.233534722538244921e+00 3.322278274034904388e+00 3.322290980594229559e+00 3.974735019817743797e+00 3.974770752670788276e+00 4.718149029900658320e+00 4.718177513432528336e+00 6.118392132297933550e+00 6.118404069525921862e+00 6.858678308116190614e+00 6.858678566264630128e+00 7.763078411102393162e+00 7.763155942019482225e+00 1.021394393935912071e+01 1.021395032420398685e+01 1.081029878171131742e+01 1.081031228353778495e+01 1.101916070080332410e+01 1.101916940936350287e+01 1.200879050553598226e+01 1.200880055247420941e+01 1.278801787407459223e+01 1.278802754172585843e+01 1.479982435246434314e+01 1.479984099084494886e+01 1.672087187297603350e+01 1.672087985660266085e+01 2.314099292927257778e+01 2.314100097562159775e+01
2.777395077038403159e-01 2.223666704669827077e+00 2.223675615627960678e+00 3.306462817734806325e+00 3.306477538109236392e+00 3.961311574325586449e+00 3.961354129336244423e+00 4.706726024489010562e+00 4.706760022753614159e+00 6.109108502189575240e+00 6.109123126340608501e+00 6.864604661066481484e+00 6.864606380634893590e+00 7.753070773095779522e+00 7.753158965721199003e+00 1.021050919745357355e+01 1.021051730782098588e+01 1.079566366804130162e+01 1.079567860855137695e+01 1.101155857555352746e+01 1.101156900204327016e+01 1.201814680381637501e+01 1.201815860543000269e+01 1.278869734898528776e+01 1.278870792773813747e+01 1.480147274808554414e+01 1.480149279866211565e+01 1.674039929240536395e+01 1.674040917874934564e+01 2.313554307708625402e+01 2.313555165253884738e+01
2.792592775420514317e-01 2.213216760439407071e+00 2.213226145194604921e+00 3.289988806910259189e+00 3.290004955458870395e+00 3.947529631878042178e+00 3.947577566462001197e+00 4.694977723239274425e+00 4.695016149898852298e+00 6.099509258305364057e+00 6.099526157325613873e+00 6.870725150948469029e+00 6.870728756650594349e+00 7.743285451995327584e+00 7.743380291927382864e+00 1.020604524300184046e+01 1.020605497787443383e+01 1.078099355661540315e+01 1.078100912492197949e+01 1.100408473795426900e+01 1.100409655928119790e+01 1.202746405870274948e+01 1.202747711477897674e+01 1.278937519566015091e+01 1.278938619846501190e+01 1.480328049123939849e+01 1.480330335885594906e+01 1.676044354618129617e+01 1.676045514589405272e+01 2.312984241536577912e+01 2.312985102511391133e+01
2.807790473802625475e-01 2.202166888625914254e+00 2.202176497977489600e+00 3.272853045489468204e+00 3.272869981924848570e+00 3.933433476377547588e+00 3.933485010770095158e+00 4.682928253288979548e+00 4.682969753069397889e+00 6.089609826657404135e+00 6.089628424822127961e+00 6.877020398008606428e+00 6.877026165724291928e+00 7.733791996326366380e+00 7.733889240767966911e+00 1.020047121182154193e+01 1.020048234630748141e+01 1.076637067240368673e+01 1.076638608578450729e+01 1.099676204596020312e+01 1.099677485690573775e+01 1.203669982605909183e+01 1.203671355368291174e+01 1.279005656025444360e+01 1.279006756707086367e+01 1.480525591567956489e+01 1.480528082125134581e+01 1.678096129851453355e+01 1.678097430712362836e+01 2.312389196079154985e+01 2.312390016815353988e+01
2.822988172184736633e-01 2.190508344601734603e+00 2.190518011657143216e+00 3.255050586858900807e+00 3.255067655743959953e+00 3.919069533038661124e+00 3.919122648091465155e+00 4.670601656255344736e+00 4.670644668004864108e+00 6.079426156764519362e+00 6.079445747712862946e+00 6.883468588100177143e+00 6.883476601426853136e+00 7.724659697436677241e+00 7.724755131283462362e+00 1.019371625146962401e+01 1.019372843449898802e+01 1.075186535978306601e+01 1.075187992268736181e+01 1.098961559115460496e+01 1.098962892316503037e+01 1.204581281816913041e+01 1.204582659568818848e+01 1.279074761113656500e+01 1.279075828714052676e+01 1.480740708488525925e+01 1.480743310009311209e+01 1.680190916699011794e+01 1.680192316999693247e+01 2.311769292584479984e+01 2.311770037795534449e+01
2.838185870566847790e-01 2.178233685699498601e+00 2.178243295583600858e+00 3.236574940268871270e+00 3.236591508593361421e+00 3.904485932984765206e+00 3.904538486879424841e+00 4.658021737016776243e+00 4.658064572060744091e+00 6.068974708108733296e+00 6.068994497259447840e+00 6.890045379580620910e+00 6.890055494227143917e+00 7.715957508243041829e+00 7.716047202024322260e+00 1.018572233578840880e+01 1.018573509998516968e+01 1.073753315600768055e+01 1.073754630729831305e+01 1.098267289158546944e+01 1.098268623519038911e+01 1.205476307673050940e+01 1.205477629089438629e+01 1.279145540547476223e+01 1.279146550214428757e+01 1.480974170871299123e+01 1.480976780271503479e+01 1.682324387218381290e+01 1.682325835851042584e+01 2.311124673659021056e+01 2.311125318445358090e+01
2.853383568948958948e-01 2.165336908228278290e+00 2.165346343668559825e+00 3.217418352796485248e+00 3.217433841333419586e+00 3.889731988750894764e+00 3.889781843734639644e+00 4.645211926411578318e+00 4.645252858034362831e+00 6.058272442132446756e+00 6.058291594848077999e+00 6.896723845183690749e+00 6.896735667607465814e+00 7.707753959883122619e+00 7.707834512058894028e+00 1.017644682787116395e+01 1.017645961226025264e+01 1.072341241404546963e+01 1.072342375765495603e+01 1.097596378173649256e+01 1.097597661146489934e+01 1.206351215167112834e+01 1.206352424373428178e+01 1.279218773754169547e+01 1.279219707455857957e+01 1.481226705851177172e+01 1.481229215418588296e+01 1.684492237945048743e+01 1.684493676265719841e+01 2.310455504977021235e+01 2.310456036120076106e+01
2.868581267331070106e-01 2.151813563570470933e+00 2.151822644602473300e+00 3.197572162472016810e+00 3.197586067158432410e+00 3.874857585258590476e+00 3.874902734553002936e+00 4.632195162068017069e+00 4.632232520963634137e+00 6.047336819560040766e+00 6.047354511155858425e+00 6.903474461168336518e+00 6.903487344671816572e+00 7.700117062926186584e+00 7.700185809350138300e+00 1.016586452459820578e+01 1.016587670921781772e+01 1.070952272352569068e+01 1.070953203950950261e+01 1.096952001707651192e+01 1.096953181751267792e+01 1.207202328446932782e+01 1.207203379112211472e+01 1.279295296965836215e+01 1.279296140073533650e+01 1.481498988201338030e+01 1.481501291837667189e+01 1.686690203275560762e+01 1.686691567889115007e+01 2.309761976948514217e+01 2.309762393296307081e+01
2.883778965713181264e-01 2.137660849886427794e+00 2.137669290182532933e+00 3.177027213806505213e+00 3.177039114694272470e+00 3.859912495032217006e+00 3.859951180045120722e+00 4.618993791091035916e+00 4.619026060920969456e+00 6.036185802379915089e+00 6.036201266134752608e+00 6.910265156153098332e+00 6.910278216567770748e+00 7.693114178453397400e+00 7.693169353153011869e+00 1.015396894077803402e+01 1.015397989050996763e+01 1.069586434876914360e+01 1.069587158387108694e+01 1.096337461590442430e+01 1.096338490730905590e+01 1.208026159375441111e+01 1.208027017921262569e+01 1.279375984632578955e+01 1.279376721875924972e+01 1.481791631946637011e+01 1.481793631624602270e+01 1.688914068055347428e+01 1.688915294101009579e+01 2.309044306473156993e+01 2.309044617990928216e+01
2.898976664095292421e-01 2.122877682654803699e+00 2.122885076188949949e+00 3.155774322402171705e+00 3.155783879832069871e+00 3.844945630860983954e+00 3.844976439768818643e+00 4.605629497696181573e+00 4.605655404550580201e+00 6.024837859411973362e+00 6.024850429117249107e+00 6.917061432823063960e+00 6.917073584655651253e+00 7.686811843554438362e+00 7.686852677211461149e+00 1.014077266506807362e+01 1.014078177842327300e+01 1.068241881937220761e+01 1.068242405841094111e+01 1.095756097074640500e+01 1.095756933253820442e+01 1.208819426012312093e+01 1.208820073652647231e+01 1.279461729375216272e+01 1.279462341565065664e+01 1.482105182258196407e+01 1.482106794250016790e+01 1.691159679381232550e+01 1.691160704116928315e+01 2.308302739106784784e+01 2.308302963555386000e+01
2.914174362477403579e-01 2.107464749594495590e+00 2.107470588326572081e+00 3.133804771058643190e+00 3.133811711445252168e+00 3.830004253438627160e+00 3.830026194016675767e+00 4.592123258130210495e+00 4.592141847758380635e+00 6.013311974037125474e+00 6.013321118275831267e+00 6.923826575686680584e+00 6.923836588186412122e+00 7.681275535974778634e+00 7.681302281289226208e+00 1.012630673207950593e+01 1.012631348965708611e+01 1.066915068202148120e+01 1.066915410359336214e+01 1.095211177600547714e+01 1.095211786642955332e+01 1.209579070636466902e+01 1.209579504073419898e+01 1.279553421058978557e+01 1.279553883739539444e+01 1.482440107789654604e+01 1.482441268212869190e+01 1.693422957634721371e+01 1.693423724092607685e+01 2.307537551945613430e+01 2.307537707597890630e+01
2.929372060859514737e-01 2.091424553221952642e+00 2.091428268485700848e+00 3.111110816432002935e+00 3.111114912831092205e+00 3.815133155322937064e+00 3.815145697391200130e+00 4.578495324382842568e+00 4.578506021565821094e+00 6.001627652402703461e+00 6.001632998617067116e+00 6.930521956856087407e+00 6.930528527935888583e+00 7.676569364312602950e+00 7.676583240115620654e+00 1.011061908142247390e+01 1.011062308856994996e+01 1.065601027744034113e+01 1.065601210000837717e+01 1.094705783640314145e+01 1.094706140696090912e+01 1.210302276868370086e+01 1.210302507596070676e+01 1.279651925875079499e+01 1.279652210283630787e+01 1.482796793612345354e+01 1.482797462862032134e+01 1.695699906764474463e+01 1.695700367238800865e+01 2.306749056020600008e+01 2.306749151308542523e+01
2.944569759241625895e-01 2.074761441514035631e+00 2.074762459852427021e+00 3.087686183507297955e+00 3.087687237982701394e+00 3.800373845420228047e+00 3.800376931158687910e+00 4.564765237310541401e+00 4.564767882685200284e+00 5.989804930256020121e+00 5.989806277658369815e+00 6.937107449022264838e+00 6.937109293395794296e+00 7.672755674101741974e+00 7.672758721101889279e+00 1.009377228580309982e+01 1.009377330470861267e+01 1.064293727620742835e+01 1.064293770426717423e+01 1.094242683852056963e+01 1.094242774221736525e+01 1.210986485409879165e+01 1.210986537710050115e+01 1.279758066344758483e+01 1.279758142257906606e+01 1.483175534896795966e+01 1.483175700590104462e+01 1.697986623835615561e+01 1.697986742968745943e+01 2.305937595197046619e+01 2.305937622264516662e+01
2.959767457623737053e-01 2.057479431066241649e+00 2.057481626018095699e+00 3.063524359994320712e+00 3.063526525311629722e+00 3.785757783050540670e+00 3.785763759728576705e+00 4.550946729864556950e+00 4.550951868893209351e+00 5.977861697919178319e+00 5.977864376507548094e+00 6.943537896416590804e+00 6.943541950053038647e+00 7.669889404381252440e+00 7.669894567753252623e+00 1.007583877046968901e+01 1.007584080258813586e+01 1.062986380523882346e+01 1.062986462132899135e+01 1.093824037381885539e+01 1.093824218067464216e+01 1.211629315735531875e+01 1.211629407902405475e+01 1.279872442605971727e+01 1.279872602969454931e+01 1.483576209618913744e+01 1.483576531471885041e+01 1.700279065112926702e+01 1.700279307859974764e+01 2.305103479787945631e+01 2.305103542578263998e+01
2.974965156005848210e-01 2.039587380114659343e+00 2.039593186840363614e+00 3.038624288624913738e+00 3.038629827340263212e+00 3.771321282786449736e+00 3.771335523994665095e+00 4.537061246480796228e+00 4.537073492456234369e+00 5.965820525354631698e+00 5.965827091686488615e+00 6.949773107477827949e+00 6.949784016774595230e+00 7.668032798225871360e+00 7.668043350590984630e+00 1.005690305722817968e+01 1.005690802533217898e+01 1.061672052462697557e+01 1.061672250188662403e+01 1.093451749768698278e+01 1.093452195962169249e+01 1.212228841505987198e+01 1.212229038416237259e+01 1.279995800172398113e+01 1.279996218039213218e+01 1.483999117600709994e+01 1.483999883371414974e+01 1.702573659245105375e+01 1.702574267915967710e+01 2.304247118257041649e+01 2.304247299077373157e+01
2.990162854387959368e-01 2.021096418836318076e+00 2.021106064376862577e+00 3.012987715938327149e+00 3.012996739570206195e+00 3.757094919166840352e+00 3.757116292156108095e+00 4.523129569224435542e+00 4.523147878835938940e+00 5.953704532866155752e+00 5.953714699620540785e+00 6.955774182175604281e+00 6.955792596618231016e+00 7.667242435980660353e+00 7.667255939551727018e+00 1.003705576377699060e+01 1.003706338724020952e+01 1.060343891540879646e+01 1.060344202083101273e+01 1.093127123164820169e+01 1.093127820285031149e+01 1.212783401588061238e+01 1.212783662128818740e+01 1.280128815584095570e+01 1.280129501975826756e+01 1.484444446251951355e+01 1.484445587452140813e+01 1.704866969169778201e+01 1.704867930560356015e+01 2.303368967926963151e+01 2.303369294653181143e+01
3.005360552770070526e-01 2.002018539165128619e+00 2.002032038020935101e+00 2.986618273243856869e+00 2.986630823127327528e+00 3.743100060323441447e+00 3.743127181063689246e+00 4.509169382008903604e+00 4.509192415659769360e+00 5.941535978035815013e+00 5.941549330934811302e+00 6.961501655623478335e+00 6.961527835448376500e+00 7.667566955813494900e+00 7.667582275966465133e+00 1.001638985400200355e+01 1.001639971189546152e+01 1.058995408907170699e+01 1.058995830230610480e+01 1.092850715603979417e+01 1.092851641209311531e+01 1.213291574667502637e+01 1.213291860829975732e+01 1.280271989501284224e+01 1.280272942504793043e+01 1.484912107216991650e+01 1.484913535138769092e+01 1.707155562624127398e+01 1.707156846527429650e+01 2.302469495183744286e+01 2.302469990322014226e+01
3.020558251152181684e-01 1.982367562631444535e+00 1.982384692322669784e+00 2.959522688793533085e+00 2.959538703382099012e+00 3.729351493087463609e+00 3.729382817323189769e+00 4.495198033443047692e+00 4.495224246159526871e+00 5.929337574250673093e+00 5.929353597302792878e+00 6.966918172294231049e+00 6.966951929049655767e+00 7.669049314923723770e+00 7.669067554062819703e+00 9.994999369950873458e+00 9.995010936274642432e+00 1.057620761031222401e+01 1.057621288415428928e+01 1.092622419969928771e+01 1.092623545023265486e+01 1.213752233771281119e+01 1.213752515004545174e+01 1.280425713643838037e+01 1.280426916872609056e+01 1.485401899326972597e+01 1.485403511321842629e+01 1.709436136247483873e+01 1.709437696705163390e+01 2.301549203045851399e+01 2.301549880145122273e+01
3.035755949534292841e-01 1.962159075068101499e+00 1.962179371231565383e+00 2.931710842814733819e+00 2.931730126421706384e+00 3.715857091088779818e+00 3.715891006639380656e+00 4.481232675318728376e+00 4.481260423236206769e+00 5.917132454412709741e+00 5.917150555766204079e+00 6.971989309841301719e+00 6.972029975915254418e+00 7.671726760165332948e+00 7.671750724751961847e+00 9.972977578148375599e+00 9.972990263272867750e+00 1.056214910956488673e+01 1.056215534143318635e+01 1.092441486547416218e+01 1.092442776592716136e+01 1.214164545087834668e+01 1.214164802353043271e+01 1.280590264874093265e+01 1.280591687229725295e+01 1.485913507375399156e+01 1.485915194405907513e+01 1.711705519868464265e+01 1.711707297373306602e+01 2.300608631940342619e+01 2.300609493155129925e+01
3.050953647916403999e-01 1.941410348868752189e+00 1.941433121170137666e+00 2.903195723381457150e+00 2.903217921312752470e+00 3.702617614891662079e+00 3.702652530349715310e+00 4.467290418582486211e+00 4.467318073840760739e+00 5.904944126480177857e+00 5.904963662834920690e+00 6.976684349316101930e+00 6.976730781904907808e+00 7.675630838607995443e+00 7.675663085211488657e+00 9.950415551686818461e+00 9.950428746085904663e+00 1.054773715603597317e+01 1.054774417507940676e+01 1.092306575385856071e+01 1.092307991511638221e+01 1.214527963468509952e+01 1.214528192529521000e+01 1.280765802479957038e+01 1.280767399184275135e+01 1.486446502476715104e+01 1.486448157480568888e+01 1.713960680154891847e+01 1.713962604685846358e+01 2.299648360649126388e+01 2.299649395291608656e+01
3.066151346298515157e-01 1.920140255445208277e+00 1.920164623790290515e+00 2.873993292574684499e+00 2.874017875892265650e+00 3.689626641933796858e+00 3.689661068461741689e+00 4.453388502182830777e+00 4.453414568117648464e+00 5.892796420173020522e+00 5.892816718441367563e+00 6.980976942525930262e+00 6.981027564746087322e+00 7.680786381622850989e+00 7.680828118262804871e+00 9.927401152520340943e+00 9.927414269033105754e+00 1.053293949682567998e+01 1.053294706552291871e+01 1.092215831677052407e+01 1.092217331221668175e+01 1.214842225687691624e+01 1.214842437143334486e+01 1.280952368658227591e+01 1.280954083407427646e+01 1.487000344007086916e+01 1.487001870570739825e+01 1.716198723664742332e+01 1.716200718380217438e+01 2.298669007346404669e+01 2.298670191365815896e+01
3.081349044680626315e-01 1.898369170683353424e+00 1.898394119365991672e+00 2.844122276929205384e+00 2.844148538425575357e+00 3.676870619864226697e+00 3.676903243931171072e+00 4.439544469024912843e+00 4.439567687169209798e+00 5.880713424317828952e+00 5.880733800114683163e+00 6.984845631128515642e+00 6.984898509484698259e+00 7.687210587562042008e+00 7.687261546389124511e+00 9.904018356953137925e+00 9.904030868167225776e+00 1.051773280123153853e+01 1.051774062810787314e+01 1.092166975943233531e+01 1.092168512982011030e+01 1.215107342908607357e+01 1.215107553968582721e+01 1.281149892053683104e+01 1.281151660050123908e+01 1.487574383041577697e+01 1.487575703924689208e+01 1.718416899328581593e+01 1.718418884698410665e+01 2.297671230673385168e+01 2.297672527027322431e+01
3.096546743062737472e-01 1.876118876171398941e+00 1.876143321871408309e+00 2.813603899150457277e+00 2.813630960859714314e+00 3.664329034458602141e+00 3.664358779450194170e+00 4.425776342043843847e+00 4.425795782739294637e+00 5.868719414519843802e+00 5.868739187926652612e+00 6.988274181618030489e+00 6.988327135218300512e+00 7.694912657208202056e+00 7.694971216756640864e+00 9.880346859275382698e+00 9.880358327055462908e+00 1.050210205755865900e+01 1.050210981726944048e+01 1.092157400718384785e+01 1.092158926443953426e+01 1.215323588667047439e+01 1.215323809690706014e+01 1.281358194073159673e+01 1.281359945624237184e+01 1.488167867077152451e+01 1.488168932345608120e+01 1.720612600385592827e+01 1.720614498510514068e+01 2.296655730806043039e+01 2.296657090676651691e+01
3.111744441444848630e-01 1.853412458756730219e+00 1.853435326869970368e+00 2.782461569527844070e+00 2.782488401321688620e+00 3.651974682779481451e+00 3.652000755766232398e+00 4.412102792155577546e+00 4.412117921609039151e+00 5.856838771130257193e+00 5.856857280831362367e+00 6.991251714724895372e+00 6.991302448002437941e+00 7.703893740638577903e+00 7.703957099770374128e+00 9.856461889740444349e+00 9.856471984330566372e+00 1.048603975895976248e+01 1.048604711621156405e+01 1.092184266348819932e+01 1.092185729497910884e+01 1.215491477835840861e+01 1.215491706586792731e+01 1.281576997574441812e+01 1.281578661917484219e+01 1.488779945611236855e+01 1.488780740723752594e+01 1.722783365787397969e+01 1.722785104639311626e+01 2.295623250473156318e+01 2.295624615252888390e+01
3.126942139826959788e-01 1.830274210580063787e+00 1.830294513380150034e+00 2.750720555521206645e+00 2.750746003949224860e+00 3.639774043567389317e+00 3.639795959419602767e+00 4.398543288557209330e+00 4.398554007141678213e+00 5.845095887804943047e+00 5.845112504990502167e+00 6.993772625025933998e+00 6.993818872847533896e+00 7.714147102949933554e+00 7.714211499363768709e+00 9.832434189764617471e+00 9.832442696233906432e+00 1.046954499223928359e+01 1.046955162636728431e+01 1.092244590149375227e+01 1.092245937635250108e+01 1.215611742920660632e+01 1.215611967816904126e+01 1.281805937436067211e+01 1.281807446456533484e+01 1.489409675917442577e+01 1.489410231099084214e+01 1.724926881076806140e+01 1.724928398394672158e+01 2.294574575880238854e+01 2.294575879818752995e+01
3.142139838209070946e-01 1.806729531159398938e+00 1.806746440867543546e+00 2.718407646909381192e+00 2.718430473285808446e+00 3.627687739551443968e+00 3.627705307666735379e+00 4.385118220274379475e+00 4.385124870600447089e+00 5.833515071284275599e+00 5.833529214587287903e+00 6.995836304215242940e+00 6.995875976611610092e+00 7.725658487929416118e+00 7.725719465060522317e+00 9.808330096349280325e+00 9.808336906534359301e+00 1.045262251598618874e+01 1.045262814340011914e+01 1.092335325018956205e+01 1.092336502900614548e+01 1.215685312365407000e+01 1.215685517785326475e+01 1.282044572452742415e+01 1.282045864008971314e+01 1.490056031108739809e+01 1.490056428796165733e+01 1.727040978743068678e+01 1.727042225338209391e+01 2.293510537493611423e+01 2.293511710866001252e+01
3.157337536591182103e-01 1.782804832383225069e+00 1.782817742420386375e+00 2.685550831978454234e+00 2.685569758630668158e+00 3.615671088914634179e+00 3.615684339972202732e+00 4.371848973939998828e+00 4.371852327846579733e+00 5.822120433312705678e+00 5.822131585540243570e+00 6.997446696927571708e+00 6.997478010561134276e+00 7.738406653927664358e+00 7.738459368563371576e+00 9.784211697127298990e+00 9.784216786073585581e+00 1.043528188709678162e+01 1.043528627927902264e+01 1.092453425408356438e+01 1.092454380274993220e+01 1.215713289594107671e+01 1.215713460027178883e+01 1.282292397976046061e+01 1.282293418621044268e+01 1.490717928776424017e+01 1.490718268953942349e+01 1.729123638051595435e+01 1.729124580311247072e+01 2.292432010638867013e+01 2.292432983269721802e+01
3.172535234973293261e-01 1.758527446471127798e+00 1.758536014981924689e+00 2.652178997815925587e+00 2.652192761266416898e+00 3.603674741248651170e+00 3.603683772132546093e+00 4.358757932322647299e+00 4.358759217270594455e+00 5.810935775822335003e+00 5.810943502487205592e+00 6.998611729166754003e+00 6.998633314095072500e+00 7.752364042862989635e+00 7.752403597655866285e+00 9.760137025715970083e+00 9.760140413820387550e+00 1.041753667100187641e+01 1.041753966632499839e+01 1.092595900030217670e+01 1.092596580814265650e+01 1.215696932033448086e+01 1.215697054541040067e+01 1.282548858732387487e+01 1.282549565720360185e+01 1.491394267916804317e+01 1.491394575347020357e+01 1.731172984344667753e+01 1.731173605771688173e+01 2.291339915870386079e+01 2.291340620830580477e+01
3.187732933355404419e-01 1.733925536124226507e+00 1.733929707226690597e+00 2.618321665163410916e+00 2.618329074745668006e+00 3.591645381014863414e+00 3.591650125813213634e+00 4.345868537688318156e+00 4.345869256041802409e+00 5.799984470607013165e+00 5.799988439450525668e+00 6.999342655133983904e+00 6.999353628214401546e+00 7.767497535159425759e+00 7.767519316370911753e+00 9.736160273613931437e+00 9.736161980178172470e+00 1.039940375223266322e+01 1.039940526057717030e+01 1.092759851811869964e+01 1.092760211978050755e+01 1.215637630423530702e+01 1.215637695351003522e+01 1.282813361297510291e+01 1.282813723864832767e+01 1.492083897948790572e+01 1.492084107320685149e+01 1.733187287810683586e+01 1.733187589497262593e+01 2.290235219073271722e+01 2.290235596358242276e+01
3.202930631737515577e-01 1.709028005277402285e+00 1.709028005277448914e+00 2.584008765697806798e+00 2.584008765697873411e+00 3.579526465448204853e+00 3.579526465448270134e+00 4.333206058992255194e+00 4.333206058992333354e+00 5.789289334725100211e+00 5.789289334725191694e+00 6.999653368509477502e+00 6.999653368509499707e+00 7.783769241744896483e+00 7.783769241744914247e+00 9.712332000369880092e+00 9.712332000369899632e+00 1.038090274854665829e+01 1.038090274854670270e+01 1.092942506315259443e+01 1.092942506315262108e+01 1.215536888843287855e+01 1.215536888843288743e+01 1.283085285783889695e+01 1.283085285783892182e+01 1.492785597160712108e+01 1.492785597160714772e+01 1.735164961722814070e+01 1.735164961722817623e+01 2.289118931266530055e+01 2.289118931266535029e+01
3.218128330119626734e-01 1.683860715967562482e+00 1.683864408136703128e+00 2.549262200142373924e+00 2.549270467228483827e+00 3.567253263281285225e+00 3.567258975998464088e+00 4.320794211122874984e+00 4.320796159031506711e+00 5.778868460734682522e+00 5.778872502819004886e+00 6.999548903482499362e+00 6.999559719868081231e+00 7.801112393355642105e+00 7.801137288043391571e+00 9.688697529257060737e+00 9.688699330048603287e+00 1.036205405281691050e+01 1.036205552310305045e+01 1.093140840077104947e+01 1.093141230238893336e+01 1.215396233474391074e+01 1.215396305672937238e+01 1.283363628428649328e+01 1.283363996396351681e+01 1.493497751035294918e+01 1.493498087157792042e+01 1.737104291787216681e+01 1.737104560153467503e+01 2.287991694669902643e+01 2.287992108085621368e+01
3.233326028501737892e-01 1.658458146780430242e+00 1.658464853591272492e+00 2.514119918200383719e+00 2.514137050213302693e+00 3.554769364806509735e+00 3.554782209255090475e+00 4.308659247270222536e+00 4.308664400842654452e+00 5.768747289850196580e+00 5.768755297468064924e+00 6.999057876353900198e+00 6.999078874342324674e+00 7.819504780918815179e+00 7.819556552584507436e+00 9.665302368605813044e+00 9.665306129784321243e+00 1.034288292704673395e+01 1.034288578419348248e+01 1.093352743480953571e+01 1.093353541753068825e+01 1.215217401488162352e+01 1.215217555504504787e+01 1.283648121819125087e+01 1.283648850622069126e+01 1.494219250308899483e+01 1.494220046279946423e+01 1.739004284370507136e+01 1.739004775178461060e+01 2.286855001990713632e+01 2.286855848933679880e+01
3.248523726883849050e-01 1.632850980967823329e+00 1.632859901658482382e+00 2.478612558442342628e+00 2.478638837256192051e+00 3.542013003091339485e+00 3.542034652479415069e+00 4.296826917612844632e+00 4.296836315185018407e+00 5.758946357432218832e+00 5.758958098638503387e+00 6.998198598809839410e+00 6.998228734504395199e+00 7.838900005890089062e+00 7.838979332645457099e+00 9.642187257139683609e+00 9.642193172310099314e+00 1.032341462869753634e+01 1.032341875983714807e+01 1.093575904327032156e+01 1.093577114381404591e+01 1.215002123067127826e+01 1.215002372046590295e+01 1.283938136545748065e+01 1.283939206932800303e+01 1.494948756204878748e+01 1.494950118851149234e+01 1.740863775403369118e+01 1.740864433593883120e+01 2.285710013106413285e+01 2.285711295802979137e+01
3.263721425265960208e-01 1.607070145754584845e+00 1.607080448331727140e+00 2.442770831892957073e+00 2.442806175849772110e+00 3.528922836715797651e+00 3.528954955182718844e+00 4.285322719230763688e+00 4.285337058937773058e+00 5.749485123612815940e+00 5.749500213276324878e+00 6.996989535003518057e+00 6.997027444185799361e+00 7.859249763793116905e+00 7.859355919612855956e+00 9.619390036599835270e+00 9.619398285307765306e+00 1.030367565727406287e+01 1.030368093431104981e+01 1.093808166541487203e+01 1.093809775996998646e+01 1.214752172818537623e+01 1.214752532422897247e+01 1.284233049848528729e+01 1.284234430978622044e+01 1.495684915148153138e+01 1.495686922838417487e+01 1.742681727728669117e+01 1.742682493178929093e+01 2.284557930083674648e+01 2.284559631780510713e+01
3.278919123648071365e-01 1.581146671199872289e+00 1.581157594868045857e+00 2.406625544884137380e+00 2.406669473546338089e+00 3.515439009801576642e+00 3.515482974683207917e+00 4.274171407852973559e+00 4.274190971222246560e+00 5.740381835562751611e+00 5.740399746128788117e+00 6.995448884737702322e+00 6.995492980693316376e+00 7.880504243715461321e+00 7.880635076256329974e+00 9.596945792194540914e+00 9.596956487880433428e+00 1.028369354625561449e+01 1.028369983477560190e+01 1.094047525035456836e+01 1.094049504303116471e+01 1.214469358088056872e+01 1.214469843514177505e+01 1.284532250260467734e+01 1.284533900334755430e+01 1.496426363769025336e+01 1.496429056918739597e+01 1.744457226587856269e+01 1.744458038549744927e+01 2.283399994562103430e+01 2.283402079263639806e+01
3.294116822030182523e-01 1.555111537881043837e+00 1.555122496547381328e+00 2.370207669433207709e+00 2.370259283933591643e+00 3.501504229127474943e+00 3.501560865871079287e+00 4.263396467463584472e+00 4.263421081985646843e+00 5.731653392174536066e+00 5.731673472966281935e+00 6.993594266879262555e+00 6.993642836271866337e+00 7.902612429369719749e+00 7.902764416057445729e+00 9.574886969379024393e+00 9.574900112598079716e+00 1.026349669767873607e+01 1.026350385804262721e+01 1.094292118066255171e+01 1.094294419952332298e+01 1.214155508698608621e+01 1.214156130751036677e+01 1.284835140861881619e+01 1.284837007920805263e+01 1.497171733303052932e+01 1.497175107262078697e+01 1.746189474992451096e+01 1.746190276662975549e+01 2.282237484862254462e+01 2.282239897922416105e+01
3.309314520412293681e-01 1.528995514498521446e+00 1.529006182879291353e+00 2.333548459538544950e+00 2.333606441209681304e+00 3.487064840283931932e+00 3.487134187162911569e+00 4.253019556363545561e+00 4.253048597737109304e+00 5.723315213224002385e+00 5.723336717501825710e+00 6.991442498010032480e+00 6.991493784958436208e+00 7.925522311996108904e+00 7.925690690782079884e+00 9.553243469770150043e+00 9.553258911752676497e+00 1.024311424934485792e+01 1.024312212967618940e+01 1.094540218086115502e+01 1.094542778247663684e+01 1.213812468048381810e+01 1.213813229313893061e+01 1.285141141247560448e+01 1.285143164244219527e+01 1.497919653386372119e+01 1.497923654127828463e+01 1.747877789020140682e+01 1.747878532045691813e+01 2.281071712900657289e+01 2.281074382453617488e+01
3.324512218794404839e-01 1.502828992076907788e+00 1.502839335837826473e+00 2.296679611644683927e+00 2.296742240743337327e+00 3.472071875461084201e+00 3.472152994137350124e+00 4.243059956745699246e+00 4.243092389598974279e+00 5.715381115143030044e+00 5.715403233449931619e+00 6.989009457108224410e+00 6.989061728085388836e+00 7.949181029195983683e+00 7.949359996610048995e+00 9.532042728550413457e+00 9.532060147496860480e+00 1.022257596598285900e+01 1.022258438944529679e+01 1.094790221878566960e+01 1.094792960177131391e+01 1.213442085648852320e+01 1.213442977458547212e+01 1.285449688355807929e+01 1.285451798630587383e+01 1.498668755354674431e+01 1.498673278303658130e+01 1.749521593042503298e+01 1.749522241854338134e+01 2.279904020998151637e+01 2.279906860177469952e+01
3.339709917176515996e-01 1.476641819382837229e+00 1.476652015270745633e+00 2.259633467456730660e+00 2.259698662723322649e+00 3.456482041260813265e+00 3.456572889756335254e+00 4.233534058266145372e+00 4.233568510984945910e+00 5.707863195537014711e+00 5.707885093307107027e+00 6.986310024507505823e+00 6.986361610306783376e+00 7.973534945747026370e+00 7.973717911546843062e+00 9.511309775178851567e+00 9.511328666357464101e+00 1.020191214751014108e+01 1.020192089828806736e+01 1.095040640617951766e+01 1.095043463365132475e+01 1.213046211131857177e+01 1.213047211669094771e+01 1.285760236343485019e+01 1.285762359598760440e+01 1.499417675205764588e+01 1.499422567388661243e+01 1.751120414853900442e+01 1.751120950892842387e+01 2.278735778666641565e+01 2.278738688530530609e+01
3.354907615558627154e-01 1.450463112835005619e+00 1.450473352833424157e+00 2.222443257204793632e+00 2.222508635793539522e+00 3.440258614566186424e+00 3.440355998096265466e+00 4.224454906532008280e+00 4.224489772794082221e+00 5.700771728506671465e+00 5.700792585548511759e+00 6.983358082278220635e+00 6.983407397673687456e+00 7.998529692880132380e+00 7.998709577853066577e+00 9.491067278946740515e+00 9.491086958983064648e+00 1.018115354960673713e+01 1.018116236246698136e+01 1.095290090344913381e+01 1.095292893381126653e+01 1.212626689666472402e+01 1.212627763379659918e+01 1.286072255711318846e+01 1.286074314525718520e+01 1.500165056408059172e+01 1.500170121908140430e+01 1.752673880749966173e+01 1.752674306627896073e+01 2.277568379453719061e+01 2.277571252507224386e+01
3.370105313940738312e-01 1.424320983299366850e+00 1.424331267932865464e+00 2.185143381312093069e+00 2.185206337391183418e+00 3.423372217227150127e+00 3.423471828818070772e+00 4.215831844926480443e+00 4.215865402238523352e+00 5.694115072684399870e+00 5.694134121997416642e+00 6.980166563312172556e+00 6.980212109456677361e+00 8.024110181745143677e+00 8.024279743177547886e+00 9.471335580827446421e+00 9.471355206057591403e+00 1.016033131368410736e+01 1.016033987090772506e+01 1.095537283228738090e+01 1.095539955727116954e+01 1.212185358673520597e+01 1.212186457027745945e+01 1.286385231887750535e+01 1.286387148730302066e+01 1.500909552739156894e+01 1.500914561236625744e+01 1.754181711530938514e+01 1.754182053297158461e+01 2.276403237914715305e+01 2.276405962097967262e+01
3.385303012322849470e-01 1.398242170705055631e+00 1.398252212326755783e+00 2.147769728137616685e+00 2.147827527292644589e+00 3.405801445729266241e+00 3.405898002795110457e+00 4.207670272868850425e+00 4.207700807150831501e+00 5.687899593672211651e+00 5.687916157117444804e+00 6.976747537569596425e+00 6.976787895657242444e+00 8.050220605188297185e+00 8.050372773282456151e+00 9.452132713063500447e+00 9.452151311263573774e+00 1.013947690463302820e+01 1.013948484218460067e+01 1.095781019883806273e+01 1.095783448727471665e+01 1.211724045703548569e+01 1.211725109205817219e+01 1.286698663468880000e+01 1.286700364090301285e+01 1.501649831323140383e+01 1.501654529296245677e+01 1.755643723148469348e+01 1.755644021445555580e+01 2.275241786768263097e+01 2.275244249763782989e+01
3.400500710704960627e-01 1.372251640976102749e+00 1.372260888721094529e+00 2.110360024982258942e+00 2.110409910559307267e+00 3.387533339587425196e+00 3.387620815290520948e+00 4.199971535926401600e+00 4.199997461127256138e+00 5.682129602277584901e+00 5.682143120889156407e+00 6.973112325889543328e+00 6.973146152211660009e+00 8.076804439799571966e+00 8.076932647962335565e+00 9.433474407951718987e+00 9.433490922114224020e+00 1.011862205544222704e+01 1.011862897830281405e+01 1.096020182919570729e+01 1.096022257464804461e+01 1.211244567335731581e+01 1.211245528678293937e+01 1.287012060289557702e+01 1.287013477295611530e+01 1.502384576005299799e+01 1.502388699989194443e+01 1.757059831184045606e+01 1.757060113737459872e+01 2.274085474275193874e+01 2.274087567976403434e+01
3.415698409087071785e-01 1.346372180560887255e+00 1.346379910879843989e+00 2.072954218784150537e+00 2.072993525569267081e+00 3.368563681160258838e+00 3.368635621242278333e+00 4.192732953973343335e+00 4.192752916801261165e+00 5.676807309599221973e+00 5.676817366758767136e+00 6.969271634065459686e+00 6.969297665783773077e+00 8.103804457704399056e+00 8.103902950183636378e+00 9.415374097311199009e+00 9.415387439446421425e+00 1.009779871808859575e+01 1.009780422317974846e+01 1.096253731828991107e+01 1.096255348840822386e+01 1.210748728950203201e+01 1.210749517035858069e+01 1.287324941470562756e+01 1.287326017831743385e+01 1.503112491161045838e+01 1.503115782315805582e+01 1.758430042497711909e+01 1.758430303724375321e+01 2.272935761862360948e+01 2.272937386839622320e+01
3.430896107469182943e-01 1.320623986949458262e+00 1.320629413507035999e+00 2.035594881792931243e+00 2.035621152007541568e+00 3.348897128915678145e+00 3.348947036662357934e+00 4.185947983885774271e+00 4.185960945813900658e+00 5.671932799631644428e+00 5.671939135890720962e+00 6.965235702053577782e+00 6.965252779994402843e+00 8.131162754967169448e+00 8.131226856751617049e+00 9.397842904148429710e+00 9.397852016402355346e+00 1.007703902021481746e+01 1.007704272438286708e+01 1.096480699257233660e+01 1.096481767788689154e+01 1.210238325221017419e+01 1.210238869769561454e+01 1.287636833552992144e+01 1.287637525782160886e+01 1.503832305985304174e+01 1.503834525124399413e+01 1.759754437859744058e+01 1.759754643757218773e+01 2.271794121993924165e+01 2.271795191793139779e+01
3.446093805851294101e-01 1.295024249348091461e+00 1.295026629404371521e+00 1.998327635885187803e+00 1.998338732420887442e+00 3.328547194843401336e+00 3.328568959817365780e+00 4.179606504182721949e+00 4.179611795653134010e+00 5.667504019657545911e+00 5.667506538628988011e+00 6.961014464788730649e+00 6.961021575206244982e+00 8.158820800900148384e+00 8.158847137047919418e+00 9.380889628076173992e+00 9.380893547839665558e+00 1.005637522714220822e+01 1.005637679717469446e+01 1.096700188639026052e+01 1.096700634621205950e+01 1.209715141170646824e+01 1.209715377562895355e+01 1.287947268797358547e+01 1.287947549534112390e+01 1.504542779253317875e+01 1.504543721436049530e+01 1.761033163386171552e+01 1.761033264209590143e+01 2.270662036273526851e+01 2.270662481385221554e+01
3.461291504233405258e-01 1.269585448746207268e+00 1.269586722845321702e+00 1.961195799046429933e+00 1.961201586925549689e+00 3.307524424701755894e+00 3.307536083794134107e+00 4.173692546391268188e+00 4.173695201555434053e+00 5.663515553695506632e+00 5.663516788302810134e+00 6.956614054689084448e+00 6.956617721933844756e+00 8.186706164643505090e+00 8.186719510153853463e+00 9.364518651304221564e+00 9.364520726106441373e+00 1.003583889025223641e+01 1.003583970874571740e+01 1.096911143465280780e+01 1.096911373148175528e+01 1.209180827619338316e+01 1.209180953620226084e+01 1.288255643469678269e+01 1.288255783694086887e+01 1.505242212287122072e+01 1.505242704487442040e+01 1.762266367536222589e+01 1.762266427229302934e+01 2.269540765086509992e+01 2.269540993742959856e+01
3.476489202615516416e-01 1.244315975672604990e+00 1.244321307396441423e+00 1.924245894898747533e+00 1.924269757531435809e+00 3.285845306508851760e+00 3.285894417394415790e+00 4.168187545139392824e+00 4.168198034064878321e+00 5.659960045250512550e+00 5.659964820763833337e+00 6.952040331038693566e+00 6.952055314059176538e+00 8.214745944922563936e+00 8.214799337298451576e+00 9.348731640981625901e+00 9.348740290535468844e+00 1.001546155278083816e+01 1.001546491064374678e+01 1.097112561706258838e+01 1.097113495865425392e+01 1.208637004864626263e+01 1.208637532863919439e+01 1.288561365720923568e+01 1.288561917706144833e+01 1.505928890035190726e+01 1.505930915411253146e+01 1.763454222352041612e+01 1.763454496304787256e+01 2.268431561105136396e+01 2.268432489326907842e+01
3.491686900997627574e-01 1.219224101686936512e+00 1.219233649233858907e+00 1.887546974342728445e+00 1.887589502604951841e+00 3.263571903824990628e+00 3.263660867566076984e+00 4.163078893115928381e+00 4.163096743256753385e+00 5.656831797538913520e+00 5.656839770403066403e+00 6.947310807888663398e+00 6.947337302475124154e+00 8.242908160286708252e+00 8.243000391761077239e+00 9.333534496415742510e+00 9.333550025784150606e+00 9.995277402438267345e+00 9.995283329023886054e+00 1.097304230344536613e+01 1.097305871040192216e+01 1.208085692885802587e+01 1.208086644392143683e+01 1.288864276064508729e+01 1.288865212244549419e+01 1.506602701079797235e+01 1.506606291525905839e+01 1.764597158079214978e+01 1.764597692469755685e+01 2.267336394154100176e+01 2.267338022360256389e+01
3.506884599379738732e-01 1.194311122067954312e+00 1.194324788660341197e+00 1.851161763414070238e+00 1.851222886919293709e+00 3.240752424938084797e+00 3.240881724653345231e+00 4.158346959601441739e+00 4.158371387489031790e+00 5.654120566475645759e+00 5.654131285664245610e+00 6.942436353019821205e+00 6.942474149494164415e+00 8.271134233065108532e+00 8.271262569504889584e+00 9.318926828248152106e+00 9.318949226267989161e+00 9.975319094219560867e+00 9.975327488239930318e+00 1.097485565150618747e+01 1.097487886297214565e+01 1.207528674492163923e+01 1.207530050488379381e+01 1.289163934026298186e+01 1.289165209863835848e+01 1.507262647958415691e+01 1.507267763607507405e+01 1.765695559818389171e+01 1.765696388456820642e+01 2.266256793116447099e+01 2.266259095124850020e+01
3.522082297761849889e-01 1.169573429890020888e+00 1.169590885487842513e+00 1.815158053896335222e+00 1.815236997843912681e+00 3.217442406085706530e+00 3.217610423096727956e+00 4.153970898446145199e+00 4.154000871020392616e+00 5.651814147206857264e+00 5.651827081096040928e+00 6.937428459805193626e+00 6.937476895459323778e+00 8.299365404951144498e+00 8.299525696742103165e+00 9.304905843797374843e+00 9.304934757668741341e+00 9.955619289710956110e+00 9.955629920081886297e+00 1.097656058492388631e+01 1.097659005619886230e+01 1.206967731805811539e+01 1.206969511529222494e+01 1.289459897259889409e+01 1.289461453656987189e+01 1.507907790789460734e+01 1.507914318900852280e+01 1.766749863226515771e+01 1.766751003745124393e+01 2.265194288552655522e+01 2.265197211316925774e+01
3.537279996143961047e-01 1.145002331867807754e+00 1.145023061789933072e+00 1.779608897727920080e+00 1.779704159087399429e+00 3.193704088017080167e+00 3.193907044041730980e+00 4.149929145739713832e+00 4.149963447294632957e+00 5.649898456443450456e+00 5.649913021199288288e+00 6.932299394504481960e+00 6.932357328542397390e+00 8.327542830625391801e+00 8.327729680256011235e+00 9.291466315967726430e+00 9.291501044390237496e+00 9.936210626423774173e+00 9.936223143350069620e+00 1.097815281699145906e+01 1.097818772927469233e+01 1.206404645811146281e+01 1.206406786828002886e+01 1.289751720254445289e+01 1.289753486827276774e+01 1.508537248048083335e+01 1.508545005776299064e+01 1.767760549311418572e+01 1.767762000428070479e+01 2.264150409998081059e+01 2.264153874365141306e+01
3.552477694526072205e-01 1.120584040481929611e+00 1.120607410843117213e+00 1.744592660122536110e+00 1.744702003546473978e+00 3.169605774368418061e+00 3.169837809844158638e+00 4.146199881195428816e+00 4.146237179705645204e+00 5.648357628210771253e+00 5.648373215825607474e+00 6.927062327279587706e+00 6.927128143110083514e+00 8.355607682206594333e+00 8.355814658528251115e+00 9.278600559765692424e+00 9.278640066532247488e+00 9.917125686583670330e+00 9.917139642065835758e+00 1.097962887820019873e+01 1.097966816052668193e+01 1.205841195313133341e+01 1.205843634879389725e+01 1.290038953416509315e+01 1.290040852416741224e+01 1.509150196675866695e+01 1.509158937623357843e+01 1.768728139118483611e+01 1.768729879081358902e+01 2.263126683006376894e+01 2.263130585522371518e+01
3.567675392908183363e-01 1.096299906456628559e+00 1.096325230513400584e+00 1.710192881758076044e+00 1.710313355841147631e+00 3.145221191536712979e+00 3.145474580711162815e+00 4.142761440219810076e+00 4.142800348294753299e+00 5.647174121598808938e+00 5.647190125946286443e+00 6.921731445009311479e+00 6.921803082380210803e+00 8.383501260282493206e+00 8.383721147759461090e+00 9.266298421620728476e+00 9.266341370440041914e+00 9.898396964498818562e+00 9.898411840339267798e+00 1.098098614628815106e+01 1.098102850918417062e+01 1.205279155273341907e+01 1.205281812885766435e+01 1.290321142558020107e+01 1.290323093176580471e+01 1.509745871541940154e+01 1.509755295776769479e+01 1.769653188318566350e+01 1.769655174612819692e+01 2.262124625906791309e+01 2.262128841661946765e+01
3.582873091290294520e-01 1.072126962432033537e+00 1.072153547934651563e+00 1.676497894090831275e+00 1.676625869358016940e+00 3.120628865416542830e+00 3.120894359174553934e+00 4.139592668097492378e+00 4.139631795760034372e+00 5.646328839128219812e+00 5.646344678764306124e+00 6.916322044098849098e+00 6.916397061137202762e+00 8.411165106482954457e+00 8.411390176937606711e+00 9.254547287774304465e+00 9.254592097815312002e+00 9.880056831284385055e+00 9.880072071606374351e+00 1.098222287722414947e+01 1.098226685707554928e+01 1.204720294510715028e+01 1.204723075475310878e+01 1.290597828808720671e+01 1.290599751572178988e+01 1.510323564289603837e+01 1.510333331307237081e+01 1.770536281726014849e+01 1.770538452069065372e+01 2.261145746258797473e+01 2.261150132720829120e+01
3.598070789672405678e-01 1.048038849474050238e+00 1.048066008571114649e+00 1.643600129616459515e+00 1.643731360795501084e+00 3.095911525884210480e+00 3.096178804073674407e+00 4.136673211901890745e+00 4.136711210440901176e+00 5.645801254457686547e+00 5.645816391336784257e+00 6.910850601559835660e+00 6.910926264448331580e+00 8.438541111822422280e+00 8.438763406226117425e+00 9.243332119234031197e+00 9.243377039536346373e+00 9.862137495303016976e+00 9.862152539676307228e+00 1.098333823554698618e+01 1.098338224815649689e+01 1.204166372770937521e+01 1.204169172555598344e+01 1.290868548956261108e+01 1.290870369923444727e+01 1.510882621618525157e+01 1.510892365557354466e+01 1.771378027788506060e+01 1.771380302375248306e+01 2.260191537005226436e+01 2.260195938747502353e+01
3.613268488054516836e-01 1.024007189831584119e+00 1.024034203622002037e+00 1.611595073758282037e+00 1.611724790149989150e+00 3.071155545522881170e+00 3.071413752436289890e+00 4.133983749437914135e+00 4.134019347342405837e+00 5.645569548332953325e+00 5.645583502086569005e+00 6.905334822714629617e+00 6.905408218625317396e+00 8.465571614290931635e+00 8.465783222970186372e+00 9.232635522206335210e+00 9.232678721757439533e+00 9.844670956194425671e+00 9.844685268847918280e+00 1.098433232241955793e+01 1.098437472375180946e+01 1.203619137184280596e+01 1.203621846283499330e+01 1.291132836202238821e+01 1.291134490688602021e+01 1.511422443067193733e+01 1.511431789360750777e+01 1.772179053098832924e+01 1.772181337990011940e+01 2.259263472344197510e+01 2.259267726530799081e+01
3.628466186436627994e-01 1.000003450812341876e+00 1.000029499674587985e+00 1.580579820366461608e+00 1.580702848960301887e+00 3.046450414945861329e+00 3.046688745176845181e+00 4.131506157605531193e+00 4.131538190711572689e+00 5.645610751896129820e+00 5.645623109782430760e+00 6.899793663979304270e+00 6.899861831115197575e+00 8.492199478327002282e+00 8.492392809399367692e+00 9.222437864535050878e+00 9.222477533555803575e+00 9.827688949806217877e+00 9.827702040347007895e+00 1.098520619968572731e+01 1.098524535138380998e+01 1.203080318147171823e+01 1.203082827170310942e+01 1.291390221307904440e+01 1.291391656905353713e+01 1.511942478373026510e+01 1.511951060945644798e+01 1.772939996983566147e+01 1.772942188466115354e+01 2.258363003358958565e+01 2.258366945806265491e+01
3.643663884818739152e-01 9.760013167022161262e-01 9.760254067062894556e-01 1.550651221399801161e+00 1.550762147165394733e+00 3.021888253296967974e+00 3.022096550882051424e+00 4.129223624971791295e+00 4.129251063247857623e+00 5.645900896712895189e+00 5.645911319733809108e+00 6.894247329320696061e+00 6.894307396581702108e+00 8.518368147752811481e+00 8.518536175477866124e+00 9.212717450487950543e+00 9.212751907371206528e+00 9.811222880707589411e+00 9.811234312610334740e+00 1.098596190813418438e+01 1.098599624506423744e+01 1.202551624677636610e+01 1.202553829378301664e+01 1.291640234090199968e+01 1.291641412806834133e+01 1.512442224497509358e+01 1.512449702588677347e+01 1.773661506225242590e+01 1.773663495917315558e+01 2.257491553462290312e+01 2.257495025058283389e+01
3.658861583200850309e-01 9.519795487703653913e-01 9.520004719140363614e-01 1.521903664259622646e+00 1.521997030181685640e+00 2.997563349156748380e+00 2.997732681065610194e+00 4.127120715015069941e+00 4.127142687889002737e+00 5.646415171110735542e+00 5.646423397059194826e+00 6.888717239176394891e+00 6.888766567146830333e+00 8.544021662371436676e+00 8.544158149172776717e+00 9.203450768239161306e+00 9.203478565723330007e+00 9.795303738324786735e+00 9.795313123583490267e+00 1.098660247808241230e+01 1.098663057494675677e+01 1.202034739309163491e+01 1.202036545298903469e+01 1.291882405217786101e+01 1.291883304630414386e+01 1.512921222410871813e+01 1.512927296147334388e+01 1.774344229973389275e+01 1.774345910402883320e+01 2.256650513727000273e+01 2.256653366957745988e+01
3.674059281582961467e-01 9.279252660001844344e-01 9.279416227448533672e-01 1.494426565101909743e+00 1.494497110677767138e+00 2.973571724215992695e+00 2.973694890053432349e+00 4.125183387464413265e+00 4.125199208473304680e+00 5.647128082624577772e+00 5.647133926933856962e+00 6.883225970881197142e+00 6.883262285585841411e+00 8.569104626589172824e+00 8.569204314549415002e+00 9.194612826559561469e+00 9.194632850151196024e+00 9.779961992296215101e+00 9.779968974165676343e+00 1.098713193030680735e+01 1.098715256428356390e+01 1.201531312601425938e+01 1.201532639531818347e+01 1.292116268248515887e+01 1.292116881635202397e+01 1.513379053734536939e+01 1.513383477655370868e+01 1.774988814895549183e+01 1.774990085251780414e+01 2.255841238185258391e+01 2.255843343495625319e+01
3.689256979965072625e-01 9.038375219247658521e-01 9.038478147116746353e-01 1.468301726323615108e+00 1.468344657557721700e+00 2.950010709756468508e+00 2.950082653008739175e+00 4.123398985451500742e+00 4.123408175628297201e+00 5.648013626494043926e+00 5.648016981702762784e+00 6.877797169966346047e+00 6.877818681182531257e+00 8.593562116020491359e+00 8.593620885482804894e+00 9.186177599486201828e+00 9.186189150920913704e+00 9.765227462867574815e+00 9.765231692952882625e+00 1.098755526527724768e+01 1.098756747171189652e+01 1.201042957359127072e+01 1.201043742406445958e+01 1.292341361844666103e+01 1.292341697338937401e+01 1.513815337339909384e+01 1.513817931211883661e+01 1.775595900613102884e+01 1.775596672358675576e+01 2.255065039186160902e+01 2.255066290890936642e+01
3.704454678347183783e-01 8.797309943521786080e-01 8.797337807340749327e-01 1.443600759738956629e+00 1.443612036931798182e+00 2.926978524269359561e+00 2.926996616419516695e+00 4.121756195928097277e+00 4.121758504110411891e+00 5.649045460221572057e+00 5.649046294662642076e+00 6.872455432092150041e+00 6.872460928921658052e+00 8.617339504993202226e+00 8.617354499387644751e+00 9.178118599984360415e+00 9.178121458664440624e+00 9.751129163633093455e+00 9.751130283083437433e+00 1.098787843862884372e+01 1.098788155703027591e+01 1.200571242661559523e+01 1.200571443201446087e+01 1.292557232100540965e+01 1.292557310977516671e+01 1.514229725999021881e+01 1.514230382428205601e+01 1.776166115458074657e+01 1.776166317492522850e+01 2.254323182902656342e+01 2.254323504366709940e+01
3.719652376729294940e-01 8.556336398722463876e-01 8.556395598186163909e-01 1.420359432742352102e+00 1.420382809537997781e+00 2.904538016562814295e+00 2.904573839526812140e+00 4.120240407592935306e+00 4.120244990128139939e+00 5.650195440185614260e+00 5.650197084166867612e+00 6.867215073682912951e+00 6.867226155842359958e+00 8.640351911326225931e+00 8.640382194234208058e+00 9.170404061537778873e+00 9.170409605656162810e+00 9.737692752127625084e+00 9.737695116966463615e+00 1.098810202882583198e+01 1.098810832084608435e+01 1.200117283224242115e+01 1.200117687814275591e+01 1.292763289181091402e+01 1.292763434918696852e+01 1.514620591715331521e+01 1.514621903176279183e+01 1.776699655665310829e+01 1.776700072577163780e+01 2.253616232898401606e+01 2.253616885075460274e+01
3.734850075111406098e-01 8.316041132994442808e-01 8.316195072389857001e-01 1.398633075738708875e+00 1.398692808202264048e+00 2.882808062953733597e+00 2.882895322181182607e+00 4.118845316592580019e+00 4.118856549933023636e+00 5.651438019689232206e+00 5.651442028011330443e+00 6.862107822063086005e+00 6.862135367148003873e+00 8.662559564458609529e+00 8.662635214012963658e+00 9.163012413384898025e+00 9.163025561073238734e+00 9.724945926140588170e+00 9.724952146565028599e+00 1.098823697259963694e+01 1.098825263927361817e+01 1.199682748910217356e+01 1.199683756339570273e+01 1.292959207850281622e+01 1.292959538375726325e+01 1.514988347697041071e+01 1.514991580041423980e+01 1.777197306613201988e+01 1.777198366398343765e+01 2.252945674045193059e+01 2.252947307072923167e+01
3.750047773493517256e-01 8.077271179273632917e-01 8.077521614169572706e-01 1.378464172134824084e+00 1.378560457858047261e+00 2.861907285519670108e+00 2.862041138574544785e+00 4.117565784837315057e+00 4.117583184985635469e+00 5.652747852763326364e+00 5.652754042682011537e+00 6.857166305347946356e+00 6.857209516714275921e+00 8.683923008680539013e+00 8.684042674226832403e+00 9.155924199183047563e+00 9.155943681765224440e+00 9.712915250238397746e+00 9.712925655519621060e+00 1.098829525842301003e+01 1.098831990083229471e+01 1.199269265091987968e+01 1.199270850123128085e+01 1.293144654205573829e+01 1.293145125026041242e+01 1.515333461019914729e+01 1.515338492772226608e+01 1.777659870444348300e+01 1.777661569464025959e+01 2.252312968975516583e+01 2.252315552332803961e+01
3.765245471875628414e-01 7.841115577258642722e-01 7.841457316193102267e-01 1.359868650718964789e+00 1.360000053012676124e+00 2.841934846158793437e+00 2.842108411948701896e+00 4.116395388903590913e+00 4.116418244414347782e+00 5.654099172548837871e+00 5.654107296996490284e+00 6.852417817944263412e+00 6.852475252487648660e+00 8.704386136637873861e+00 8.704547030498121174e+00 9.149120622695843252e+00 9.149144783291248473e+00 9.701624580917782126e+00 9.701639401338859159e+00 1.098828642765464636e+01 1.098831929423113252e+01 1.198878188573924675e+01 1.198880303829358063e+01 1.293319228972998580e+01 1.293319794101477349e+01 1.515655758802089359e+01 1.515662400201943072e+01 1.778087923507345280e+01 1.778090229623855478e+01 2.251719197793468297e+01 2.251722663234838961e+01
3.780443170257739571e-01 7.608941936859511257e-01 7.609362576185588756e-01 1.342847752772056591e+00 1.343011162617040233e+00 2.822987817394603915e+00 2.823192623666622048e+00 4.115328625392311146e+00 4.115356026153848212e+00 5.655466824228113865e+00 5.655476577907486480e+00 6.847889536232331764e+00 6.847959169906483901e+00 8.723890207233855776e+00 8.724088136474524191e+00 9.142587935915820196e+00 9.142614853371265227e+00 9.691095979305705654e+00 9.691115281328015030e+00 1.098822055886331484e+01 1.098826057104266596e+01 1.198510802127423602e+01 1.198513379686843017e+01 1.293482548660778875e+01 1.293483163575407779e+01 1.515955079919423731e+01 1.515963081851583460e+01 1.778482014531261157e+01 1.778484867569908445e+01 2.251165375263057200e+01 2.251169618433426223e+01
3.795640868639850729e-01 7.382395237863135229e-01 7.382875739431515871e-01 1.327389392750607078e+00 1.327580090690839265e+00 2.805160432975263518e+00 2.805386953356727275e+00 4.114360809284820952e+00 4.114391686130915105e+00 5.656826465231151957e+00 5.656837492824839941e+00 6.843608223287321657e+00 6.843687543407841467e+00 8.742372634918655905e+00 8.742602060938656550e+00 9.136319217231374523e+00 9.136346872597107094e+00 9.681349518405751198e+00 9.681373142990738145e+00 1.098810811382957553e+01 1.098815390575172479e+01 1.198168309000166509e+01 1.198171262728245345e+01 1.293634247875260712e+01 1.293634872071320707e+01 1.516231271273853132e+01 1.516240336371302355e+01 1.778842661083003662e+01 1.778845974688216458e+01 2.250652447012610580e+01 2.250657330658404831e+01
3.810838567021961887e-01 7.163386242590737973e-01 7.163902326938033083e-01 1.313470139209934828e+00 1.313681955678493773e+00 2.788543317422417900e+00 2.788781556977149023e+00 4.113487976443961358e+00 4.113521149033769753e+00 5.658154765489937787e+00 5.658166672106677453e+00 6.839599925231521382e+00 6.839686043389216152e+00 8.759765544510608848e+00 8.760019670231921296e+00 9.130316379643682367e+00 9.130342864410415871e+00 9.672403120101485285e+00 9.672430634726554288e+00 1.098795976532980845e+01 1.098800973578468643e+01 1.197851828008933062e+01 1.197855056546349672e+01 1.293773981620677738e+01 1.293774580606778990e+01 1.516484185127320750e+01 1.516493980398977470e+01 1.779170346380474399e+01 1.779174011193327587e+01 2.250181286283158144e+01 2.250186644970572303e+01
3.826036265404073045e-01 6.954068830751678476e-01 6.954593060588135645e-01 1.301057618513141279e+00 1.301283182766039381e+00 2.773222703626847974e+00 2.773462786516883050e+00 4.112706792528980415e+00 4.112741021996619395e+00 5.659429605791987505e+00 5.659441969472805312e+00 6.835889665118036973e+00 6.835979443513946485e+00 8.775994135406399721e+00 8.776265021433674818e+00 9.124592342848318438e+00 9.124616109166352018e+00 9.664272438499882156e+00 9.664303111596515450e+00 1.098778620930951533e+01 1.098783858354524590e+01 1.197562389261843485e+01 1.197565779601445612e+01 1.293901427526579262e+01 1.293901974173616765e+01 1.516713677520054482e+01 1.516723847827806004e+01 1.779465516491092103e+01 1.779469404507535302e+01 2.249752691262951387e+01 2.249758337438168709e+01
3.841233963786184202e-01 6.756805019309786164e-01 6.757309370136987958e-01 1.290113132433956755e+00 1.290344193961548092e+00 2.759279649498819431e+00 2.759512360202121872e+00 4.112014469906723590e+00 4.112048512287556079e+00 5.660630272008497776e+00 5.660642657823311552e+00 6.832501140221774349e+00 6.832591323864437349e+00 8.790974978888895564e+00 8.791253692964668076e+00 9.119173222316113936e+00 9.119193376321863553e+00 9.656970804784778650e+00 9.657003608705597486e+00 1.098759796499108354e+01 1.098765086357397358e+01 1.197300930532742669e+01 1.197304362086771334e+01 1.294016287948960020e+01 1.294016763163144468e+01 1.516919607728426911e+01 1.516929789458782096e+01 1.779728577935241063e+01 1.779732547843585166e+01 2.249367383026855549e+01 2.249373114182684574e+01
3.856431662168295360e-01 6.574115779969663675e-01 6.574574438167717361e-01 1.280594299647216827e+00 1.280822101962382886e+00 2.746789266238344851e+00 2.747006497431707661e+00 4.111408693492984767e+00 4.111441349955694768e+00 5.661737642722400210e+00 5.661749617759553210e+00 6.829456428447560512e+00 6.829543775944958206e+00 8.804614502843785218e+00 8.804891311784976082e+00 9.114100273126705787e+00 9.114116885446913230e+00 9.650509244947148346e+00 9.650542890397009188e+00 1.098740516738119410e+01 1.098745667904477052e+01 1.197068294288529344e+01 1.197071643330955659e+01 1.294118291896575457e+01 1.294118684650742068e+01 1.517101838659599444e+01 1.517111672998368022e+01 1.779959895703509787e+01 1.779963798949226117e+01 2.249026004075293272e+01 2.249031610727907449e+01
3.871629360550406518e-01 6.408615409530504792e-01 6.409007500647023736e-01 1.272457569531967314e+00 1.272673254376341268e+00 2.735819971751460411e+00 2.736015038010275457e+00 4.110887555878568023e+00 4.110917716338833294e+00 5.662734367579747463e+00 5.662745516008702573e+00 6.826775709288572358e+00 6.826857115870812009e+00 8.816808108850732850e+00 8.817072728893917244e+00 9.109431222179022569e+00 9.109445436986156608e+00 9.644896575660265370e+00 9.644929576992293363e+00 1.098721735748115691e+01 1.098726561283095116e+01 1.196865225349809414e+01 1.196868369691693701e+01 1.294207196742188515e+01 1.294207503556571837e+01 1.517260238031711772e+01 1.517269383346804723e+01 1.780159791685761306e+01 1.780163478973877389e+01 2.248729117444150560e+01 2.248734391576198988e+01
3.886827058932517676e-01 6.262927633718919918e-01 6.263239562152199680e-01 1.265660502687124600e+00 1.265855522457884019e+00 2.726432782779540709e+00 2.726600570408038049e+00 4.110449501614014345e+00 4.110476179314034084e+00 5.663605033558522628e+00 5.663614970947418392e+00 6.824477004414615244e+00 6.824549612209349192e+00 8.827440602038866047e+00 8.827682530574668007e+00 9.105240486160530722e+00 9.105253832257698576e+00 9.640139575629950386e+00 9.640170342764177391e+00 1.098704327619024212e+01 1.098708651922969004e+01 1.196692369146810186e+01 1.196695192875642988e+01 1.294282789689640190e+01 1.294283013698107787e+01 1.517394680152871622e+01 1.517402823108410104e+01 1.780328543499684812e+01 1.780331871421841683e+01 2.248477206335859790e+01 2.248481949931091606e+01
3.902024757314628833e-01 6.139583292326454833e-01 6.139810366312180578e-01 1.260163756229609966e+00 1.260330273303034154e+00 2.718680658101344960e+00 2.718817598603012087e+00 4.110093280175194153e+00 4.110115636147850360e+00 5.664336316314538600e+00 5.664344702500065942e+00 6.822575942573695151e+00 6.822637234827515940e+00 8.836388820840070935e+00 8.836597775317912351e+00 9.101617008375889384e+00 9.101630073265486232e+00 9.636243220846388624e+00 9.636270170174114469e+00 1.098689066835654593e+01 1.098692732304018094e+01 1.196550270516503112e+01 1.196552668607384007e+01 1.294344888981340169e+01 1.294345038745057330e+01 1.517505048092180608e+01 1.517511913242497812e+01 1.780466383696911237e+01 1.780469221162611149e+01 2.248270674203855535e+01 2.248274707485782997e+01
3.917222455696739991e-01 6.040902591466090765e-01 6.041049602456333156e-01 1.255932747189473675e+00 1.256064000438854800e+00 2.712607902601033238e+00 2.712711781228818619e+00 4.109817906937930587e+00 4.109835264729117199e+00 5.664917113840082230e+00 5.664923663844170676e+00 6.821085553075174168e+00 6.821133430728072433e+00 8.843527363532105667e+00 8.843693843529708332e+00 9.098658145560365895e+00 9.098670144212336552e+00 9.633210963523614723e+00 9.633232637439261836e+00 1.098676610360753614e+01 1.098679483297324211e+01 1.196439372974056958e+01 1.196441255566208461e+01 1.294393344847393124e+01 1.294393433077506117e+01 1.517591236032422053e+01 1.517596593762711699e+01 1.780573499316480834e+01 1.780575733476490541e+01 2.248109845208929158e+01 2.248113014203042326e+01
3.932420154078851149e-01 5.968869280732301830e-01 5.968949622428249002e-01 1.252938991710989658e+00 1.253029612694156025e+00 2.708249638688322136e+00 2.708319279331949936e+00 4.109622631469909138e+00 4.109634483811558603e+00 5.665338659866899995e+00 5.665343152583246500e+00 6.820016091701842420e+00 6.820048932225675209e+00 8.848737867227844944e+00 8.848853823818570774e+00 9.096459882484458248e+00 9.096469248276836339e+00 9.631045027539620662e+00 9.631060210606248617e+00 1.098667482043390820e+01 1.098669457627523194e+01 1.196360018382863721e+01 1.196361314513552720e+01 1.294428040221912468e+01 1.294428082528600576e+01 1.517653151606620199e+01 1.517656824384907921e+01 1.780650031748901796e+01 1.780651573122763764e+01 2.247994964957249664e+01 2.247997148022897917e+01
3.947617852460962307e-01 5.925008909549237535e-01 5.925041270777064994e-01 1.251161131603693466e+00 1.251207395567321523e+00 2.705631349393541552e+00 2.705666247982557948e+00 4.109506912603018591e+00 4.109512922644585231e+00 5.665594614759076997e+00 5.665596899338116721e+00 6.819374902463704480e+00 6.819391601951231507e+00 8.851921205320582686e+00 8.851980746377190457e+00 9.095104537688222024e+00 9.095109699478868492e+00 9.629746689197110854e+00 9.629754508710618666e+00 1.098662059947677072e+01 1.098663066095116214e+01 1.196312446943239394e+01 1.196313107545361909e+01 1.294448891342114294e+01 1.294448904905588016e+01 1.517690718047404452e+01 1.517692585020561502e+01 1.780696076869276823e+01 1.780696863427182919e+01 2.247926201426561121e+01 2.247927314449775693e+01
3.962815550843073464e-01 5.910287087768435477e-01 5.910287087775846215e-01 1.250585664876685321e+00 1.250585664876713521e+00 2.704768499383388036e+00 2.704768499383599867e+00 4.109470400043380600e+00 4.109470400043442773e+00 5.665681132057733826e+00 5.665681132057871494e+00 6.819166318133147442e+00 6.819166318133241589e+00 8.853010397311173563e+00 8.853010397311178892e+00 9.094647972028798932e+00 9.094647972028823801e+00 9.629316512049317822e+00 9.629316512049406640e+00 1.098660567108029262e+01 1.098660567108030683e+01 1.196296797421162772e+01 1.196296797421165081e+01 1.294455849264682001e+01 1.294455849264684666e+01 1.517703876015821152e+01 1.517703876015823816e+01 1.780711685395500155e+01 1.780711685395503707e+01 2.247903645989376997e+01 2.247903645989380195e+01
3.962815550843073464e-01 5.910287087768435477e-01 5.910287087775846215e-01 1.250585664876685321e+00 1.250585664876713521e+00 2.704768499383388036e+00 2.704768499383599867e+00 4.109470400043380600e+00 4.109470400043442773e+00 5.665681132057733826e+00 5.665681132057871494e+00 6.819166318133147442e+00 6.819166318133241589e+00 8.853010397311173563e+00 8.853010397311178892e+00 9.094647972028798932e+00 9.094647972028823801e+00 9.629316512049317822e+00 9.629316512049406640e+00 1.098660567108029262e+01 1.098660567108030683e+01 1.196296797421162772e+01 1.196296797421165081e+01 1.294455849264682001e+01 1.294455849264684666e+01 1.517703876015821152e+01 1.517703876015823816e+01 1.780711685395500155e+01 1.780711685395503707e+01 2.247903645989376997e+01 2.247903645989380195e+01
3.972048309587282167e-01 5.905591266806853312e-01 5.905687989105210534e-01 1.251208048943707851e+00 1.251291987876042899e+00 2.704350360453100954e+00 2.704433267241057592e+00 4.109290632961743128e+00 4.109308332220191318e+00 5.665152674326839666e+00 5.665164850628600313e+00 6.819225111537714490e+00 6.819278714421958654e+00 8.853010986731550958e+00 8.853021292520713459e+00 9.094264492241929787e+00 9.094266399382400223e+00 9.629719082087937920e+00 9.629725424870651196e+00 1.098660838542342866e+01 1.098661312713056049e+01 1.196303609078856489e+01 1.196303724284278935e+01 1.294445106644447208e+01 1.294445419650709361e+01 1.517705350580698820e+01 1.517705743964239318e+01 1.780711269412490694e+01 1.780711317431689977e+01 2.247914855768783937e+01 2.247915115843223788e+01
3.981281068331490869e-01 5.891643285125232055e-01 5.891873428257403678e-01 1.253154624689885033e+00 1.253318587570934062e+00 2.703180489075538429e+00 2.703343617686499556e+00 4.108768965541533369e+00 4.108803747117677041e+00 5.663580417622925189e+00 5.663604360232237234e+00 6.819455873281206948e+00 6.819561167086230391e+00 8.853022546993559061e+00 8.853044021665404273e+00 9.093120061746500227e+00 9.093123815963075174e+00 9.630929225972254315e+00 9.630941689646860482e+00 1.098662128390353310e+01 1.098663075551973733e+01 1.196324126207106708e+01 1.196324352001186853e+01 1.294413216475871309e+01 1.294413846357616116e+01 1.517710152864558815e+01 1.517710960927530905e+01 1.780710070226546193e+01 1.780710165594239314e+01 2.247948730140087292e+01 2.247949251636917367e+01
3.990513827075699571e-01 5.868615188010900541e-01 5.869031762772833893e-01 1.256408114247906438e+00 1.256644532219190147e+00 2.701261075057136640e+00 2.701499128099443592e+00 4.107904573078370092e+00 4.107955224025033658e+00 5.660966767603018646e+00 5.661001669193992392e+00 6.819858995051600203e+00 6.820012224555718205e+00 8.853044571340440427e+00 8.853078605774582499e+00 9.091226745791034958e+00 9.091232229117460761e+00 9.632935168845150997e+00 9.632953317693814910e+00 1.098664440693510613e+01 1.098665856405630059e+01 1.196358245022928912e+01 1.196358572430173162e+01 1.294360257837428563e+01 1.294361209922989708e+01 1.517718264051563715e+01 1.517719521105059854e+01 1.780708089446739706e+01 1.780708230723574204e+01 2.248005226197835782e+01 2.248006010232917617e+01
3.999746585819908273e-01 5.836797692484649858e-01 5.837452857911799020e-01 1.260939265469028792e+00 1.261237410205113596e+00 2.698594809326024802e+00 2.698900021048615816e+00 4.106695858466382631e+00 4.106760611019678819e+00 5.657315593500992001e+00 5.657360274409883871e+00 6.820434454573875094e+00 6.820630156237530883e+00 8.853076649231493178e+00 8.853124671228798093e+00 9.088604054198556881e+00 9.088611094813659363e+00 9.635717782196881132e+00 9.635740982378424135e+00 1.098667783125371855e+01 1.098669656016710405e+01 1.196405791230660576e+01 1.196406207413310696e+01 1.294286364912690068e+01 1.294287641836411318e+01 1.517729664023270253e+01 1.517731404448234755e+01 1.780705329583184238e+01 1.780705514386212229e+01 2.248084273998652094e+01 2.248085318701766155e+01
4.008979344564116976e-01 5.796582532066234528e-01 5.797518018679933549e-01 1.266708154031829014e+00 1.267054814802281548e+00 2.695184826105273324e+00 2.695547175899039694e+00 4.105140437679367871e+00 4.105217029366936998e+00 5.652632229447798196e+00 5.652685174340731145e+00 6.821181794816424393e+00 6.821412993105225198e+00 8.853118471670693879e+00 8.853181481282113907e+00 9.085278135099789765e+00 9.085286512781150847e+00 9.639251382739651319e+00 9.639278824843579230e+00 1.098672167655458942e+01 1.098674474973021198e+01 1.196466520483064500e+01 1.196467009437447793e+01 1.294191727094525746e+01 1.294193323913581750e+01 1.517744332167006149e+01 1.517746577101310912e+01 1.780701794062939669e+01 1.780702018850397295e+01 2.248185777217292269e+01 2.248187074445143097e+01
4.018212103308325678e-01 5.748443474264793851e-01 5.749684486110980819e-01 1.273665858647976323e+00 1.274046137089129394e+00 2.691034638961625980e+00 2.691442130973098923e+00 4.103235124097599495e+00 4.103320874810784780e+00 5.646923479212541785e+00 5.646982884453602303e+00 6.822100110094871717e+00 6.822358568123099154e+00 8.853169800991791405e+00 8.853248015461945286e+00 9.081280757335342457e+00 9.081290209773619893e+00 9.643504742244266126e+00 9.643535469640211133e+00 1.098677610860411846e+01 1.098680314120386825e+01 1.196540119085831577e+01 1.196540662482551198e+01 1.294076588507734726e+01 1.294078488060469212e+01 1.517762247036302625e+01 1.517764993408546204e+01 1.780697487222142783e+01 1.780697747082296090e+01 2.248309613612872226e+01 2.248311145783091192e+01
4.027444862052534380e-01 5.692916608794403865e-01 5.694467223400080380e-01 1.281756344981117124e+00 1.282154498190582137e+00 2.686148072813407506e+00 2.686587076940246899e+00 4.100975911864683354e+00 4.101067815382082316e+00 5.640197624576193114e+00 5.640261455022238302e+00 6.823188039499010316e+00 6.823464554972927587e+00 8.853230439762466375e+00 8.853323059885710222e+00 9.076648169348239037e+00 9.076658398850213416e+00 9.648442220688394855e+00 9.648475162464924537e+00 1.098684133924389528e+01 1.098687175423378726e+01 1.196626204944370109e+01 1.196626783041263309e+01 1.293941247091028046e+01 1.293943416302336757e+01 1.517783385677118169e+01 1.517786598597241721e+01 1.780692414275096169e+01 1.780692702762693003e+01 2.248455635356948434e+01 2.248457372918311847e+01
4.036677620796742527e-01 5.630580677040426529e-01 5.632420389828550755e-01 1.290918397108868465e+00 1.291318664166838381e+00 2.680529194348682420e+00 2.680984842285663916e+00 4.098357958414482027e+00 4.098452785383178920e+00 5.632464437544073554e+00 5.632530491214343904e+00 6.824443767799992955e+00 6.824728503603087582e+00 8.853300209239089114e+00 8.853405295257251950e+00 9.071419921568130817e+00 9.071430601862413567e+00 9.654024935818572573e+00 9.654058943056686104e+00 1.098691762414954454e+01 1.098695063139351547e+01 1.196724328748021193e+01 1.196724921293723476e+01 1.293786053397164082e+01 1.293788440937717432e+01 1.517807723032334799e+01 1.517811331631164151e+01 1.780686581264024682e+01 1.780686890320660609e+01 2.248623669295432492e+01 2.248625569162670601e+01
4.045910379540951229e-01 5.562038488620806298e-01 5.564120070983600286e-01 1.301087459750622566e+00 1.301474817729683320e+00 2.674182243590533581e+00 2.674638871827559772e+00 4.095375566268866230e+00 4.095469975259837803e+00 5.623735196583422358e+00 5.623801175402546981e+00 6.825865033734516807e+00 6.826147871239794718e+00 8.853378936504354257e+00 8.853493380201138407e+00 9.065637728126691997e+00 9.065648511222377692e+00 9.660211893363619851e+00 9.660245777513706500e+00 1.098700525923429083e+01 1.098703985162333119e+01 1.196833975382437565e+01 1.196834562423393500e+01 1.293611409237550625e+01 1.293613944711548669e+01 1.517835231530198037e+01 1.517839128023892847e+01 1.780679994995218962e+01 1.780680314979072421e+01 2.248813517203425860e+01 2.248815522318295024e+01
4.055143138285159932e-01 5.487900306133782768e-01 5.490149230309444572e-01 1.312197291145878797e+00 1.312558101056988002e+00 2.667111569504149404e+00 2.667553199305746414e+00 4.092022164180569632e+00 4.092112817148805703e+00 5.614022707036342652e+00 5.614086291635700832e+00 6.827449145315456214e+00 6.827720047678621285e+00 8.853466447106301374e+00 8.853586029615442499e+00 9.059344426086585855e+00 9.059354949352172781e+00 9.666961019826160850e+00 9.666993592017197656e+00 1.098710457640398452e+01 1.098713954407398674e+01 1.196954565555414796e+01 1.196955128063266116e+01 1.293417766258281176e+01 1.293420360941598446e+01 1.517865880836036396e+01 1.517869922520557857e+01 1.780672662967776887e+01 1.780672982806104798e+01 2.249024956069368031e+01 2.249026996124881705e+01
4.064375897029368634e-01 5.408769754678783848e-01 5.411085367281408542e-01 1.324181366311051544e+00 1.324503884485919381e+00 2.659321572563543956e+00 2.659732415075869216e+00 4.088290287683621571e+00 4.088373965990888870e+00 5.603341325805809348e+00 5.603400252197723752e+00 6.829193001597962720e+00 6.829442373910675101e+00 8.853562560559574024e+00 8.853682087012085589e+00 9.052583070321654546e+00 9.052592964091115135e+00 9.674230059900507328e+00 9.674260170077133125e+00 1.098721593914970462e+01 1.098724990127123924e+01 1.197085457614899973e+01 1.197085977868036366e+01 1.293205624506115470e+01 1.293208173559691332e+01 1.517899637719840555e+01 1.517903651580905766e+01 1.780664593300969756e+01 1.780664900767206404e+01 2.249257738425609787e+01 2.249259731702642284e+01
4.073608655773577336e-01 5.325232484630156859e-01 5.327490988939150851e-01 1.336974006409095583e+00 1.337248750542252562e+00 2.650816657059575032e+00 2.651181629914490578e+00 4.084171559121781314e+00 4.084245276226122101e+00 5.591706990335924665e+00 5.591759126154999038e+00 6.831093120138573838e+00 6.831312153417846922e+00 8.853667086923920237e+00 8.853780588903038762e+00 9.045396183170391069e+00 9.045405079213555410e+00 9.681977319693565676e+00 9.682003894532650534e+00 1.098733973828053223e+01 1.098737119071091151e+01 1.197225949530145073e+01 1.197226411216089836e+01 1.292975531026256419e+01 1.292977917043494607e+01 1.517936465999104634e+01 1.517940255592465348e+01 1.780655794665586100e+01 1.780656076772611840e+01 2.249511592730396004e+01 2.249513448933481996e+01
4.082841414517786038e-01 5.237847550387358941e-01 5.239906729268134500e-01 1.350511238087814814e+00 1.350731208445722586e+00 2.641601195640647326e+00 2.641906435890209348e+00 4.079656667257715696e+00 4.079717774241739647e+00 5.579137251811934206e+00 5.579180669754722821e+00 6.833145669232671082e+00 6.833326655789373483e+00 8.853779823257731607e+00 8.853880818755879289e+00 9.037825162223233733e+00 9.037832703336654561e+00 9.690162252817879462e+00 9.690184331417050601e+00 1.098747638797394721e+01 1.098750376416000663e+01 1.197375280999684932e+01 1.197375669054549796e+01 1.292728078524195112e+01 1.292730176220261384e+01 1.517976326528851416e+01 1.517979680737952108e+01 1.780646276223669133e+01 1.780646519716264109e+01 2.249786223799950236e+01 2.249787847732467583e+01
4.092074173261994741e-01 5.147141285915841635e-01 5.148846782017211243e-01 1.364731405630395189e+00 1.364892170411629913e+00 2.631679508135665646e+00 2.631912865191261108e+00 4.074735346625230292e+00 4.074781626923840605e+00 5.565651312381697302e+00 5.565684358475564864e+00 6.835346503903026338e+00 6.835483112651243864e+00 8.853900549041489043e+00 8.853982347865855473e+00 9.029909838097081476e+00 9.029915688902820037e+00 9.698745898075692651e+00 9.698762664438056902e+00 1.098762632224070757e+01 1.098764806408513017e+01 1.197532635645718457e+01 1.197532935907777585e+01 1.292463904116906726e+01 1.292465585925245897e+01 1.518019177220748617e+01 1.518021880443343541e+01 1.780636047580226489e+01 1.780636239502881679e+01 2.250081313286730378e+01 2.250082609169653836e+01
4.101306932006203443e-01 5.053603355790010632e-01 5.054796231024507591e-01 1.379575569307079252e+00 1.379675228942444987e+00 2.621055856128738260e+00 2.621207347725498238e+00 4.069396356878569598e+00 4.069426106871722126e+00 5.551270066051086083e+00 5.551291420450010783e+00 6.837691204541310519e+00 6.837778706247001459e+00 8.854029019747699181e+00 8.854085060552911557e+00 9.021688166832930733e+00 9.021692025654756364e+00 9.707691184836487963e+00 9.707701996210705175e+00 1.098778999184928828e+01 1.098780462676911363e+01 1.197697143257939523e+01 1.197697342070760307e+01 1.292183688192075408e+01 1.292184830497470216e+01 1.518064973080037028e+01 1.518066816342979486e+01 1.780625118749457414e+01 1.780625247060671867e+01 2.250396520199149464e+01 2.250397396410202333e+01
4.110539690750412145e-01 4.957684622557628762e-01 4.958209846457948267e-01 1.394987727193881755e+00 1.395026775899511629e+00 2.609734454073931342e+00 2.609796668242067685e+00 4.063627462521208322e+00 4.063639555071225651e+00 5.536016142729442535e+00 5.536024870871584014e+00 6.840175117077039069e+00 6.840210551349758639e+00 8.854164957642106870e+00 8.854189161275963116e+00 9.013196038057479598e+00 9.013197649518831511e+00 9.716963125920887734e+00 9.716967536107304682e+00 1.098796786172003870e+01 1.098797408182145752e+01 1.197867882063806988e+01 1.197867966000366202e+01 1.291888153386187277e+01 1.291888643095000866e+01 1.518113666253178273e+01 1.518114458713846027e+01 1.780613500137285499e+01 1.780613554338124871e+01 2.250731481458223726e+01 2.250731855449393848e+01
4.119772449494620847e-01 4.859511943127937661e-01 4.859796477737585163e-01 1.410896001569272862e+00 1.410914896957155884e+00 2.597687923652871156e+00 2.597719496972839881e+00 4.057409342086585546e+00 4.057415413561720641e+00 5.519909546863186023e+00 5.519913954693284275e+00 6.842775671503024348e+00 6.842793393560219428e+00 8.854295161442593098e+00 8.854308038618997401e+00 9.004466347256427028e+00 9.004467179463455651e+00 9.726526695526928279e+00 9.726528918713425398e+00 1.098815714793936493e+01 1.098816040877242806e+01 1.198043836900612824e+01 1.198043881025570556e+01 1.291577804811847763e+01 1.291578063683331123e+01 1.518164786351421291e+01 1.518165206081829055e+01 1.780601174283954435e+01 1.780601202540881900e+01 2.251085615628776182e+01 2.251085812487103510e+01
4.129005208238828994e-01 4.759096949722727010e-01 4.760311316837364526e-01 1.427234807026713792e+00 1.427307090553653346e+00 2.584888481175374064e+00 2.585015203843371800e+00 4.050721829126119999e+00 4.050745927854848993e+00 5.502972142117601884e+00 5.502989744501012304e+00 6.845470970870127125e+00 6.845541032094453193e+00 8.854403843744796276e+00 8.854457873335475071e+00 8.995529738825400301e+00 8.995533139687756474e+00 9.736349110432673370e+00 9.736357974236456769e+00 1.098835462493474857e+01 1.098836812018719300e+01 1.198223937479313506e+01 1.198224122190578100e+01 1.291253143578887830e+01 1.291254223626222952e+01 1.518217785882162119e+01 1.518219539160280540e+01 1.780588120810201502e+01 1.780588237165121157e+01 2.251458289929825796e+01 2.251459107829871087e+01
4.138237966983037697e-01 4.657330401018169308e-01 4.659563883896034042e-01 1.443997657227110265e+00 1.444117209915666722e+00 2.571405937861750868e+00 2.571625875411692519e+00 4.043562330659051796e+00 4.043603676138109115e+00 5.485241240420398512e+00 5.485271633123905310e+00 6.848293203202248769e+00 6.848412915139390655e+00 8.854516201554638144e+00 8.854613979948766200e+00 8.986417322501473848e+00 8.986423334698246279e+00 9.746406608932918658e+00 9.746421891806509308e+00 1.098856738220308848e+01 1.098859149202774610e+01 1.198407206841481454e+01 1.198407543141276221e+01 1.290915532831894552e+01 1.290917477619715825e+01 1.518273450531907542e+01 1.518276609394654919e+01 1.780574408739100178e+01 1.780574615654865411e+01 2.251849475052257077e+01 2.251850941796542216e+01
4.147470725727246399e-01 4.554550129758775934e-01 4.557853258693038700e-01 1.461141396337961584e+00 1.461300886474659055e+00 2.557248082036856385e+00 2.557555963717420333e+00 4.035915080613598604e+00 4.035972271075114470e+00 5.466747346932592677e+00 5.466789666764192646e+00 6.851238939605551970e+00 6.851403845313913443e+00 8.854633349921179786e+00 8.854775744068454912e+00 8.977156572160220449e+00 8.977165147063718820e+00 9.756673139093120284e+00 9.756694394267173109e+00 1.098879634396698357e+01 1.098883102815072199e+01 1.198592543485436224e+01 1.198593039599196786e+01 1.290565889930938859e+01 1.290568709295459726e+01 1.518331778393424969e+01 1.518336358062780711e+01 1.780560053735256787e+01 1.780560350141361425e+01 2.252258751294633754e+01 2.252260869131626819e+01
4.156703484471455101e-01 4.451067495015437192e-01 4.455445303623241649e-01 1.478625041407608975e+00 1.478816282447501518e+00 2.542422857119190471e+00 2.542810150657040857e+00 4.027763204566414679e+00 4.027834261962570217e+00 5.447522915839587476e+00 5.447575860505902590e+00 6.854304536884917809e+00 6.854508577964063321e+00 8.854756402365142165e+00 8.854942358484240827e+00 8.967773081920570988e+00 8.967784073185454119e+00 9.767124669467209586e+00 9.767151236063494224e+00 1.098904247177510385e+01 1.098908723932624376e+01 1.198778808379695704e+01 1.198779468233582257e+01 1.290205174316615810e+01 1.290208840894519504e+01 1.518392770259168856e+01 1.518398723874173939e+01 1.780545072225148218e+01 1.780545453300090131e+01 2.252685682264913680e+01 2.252688425703901132e+01
4.165936243215663803e-01 4.347168536920451021e-01 4.352575424658575165e-01 1.496409565811698483e+00 1.496623867478736880e+00 2.526938328263212963e+00 2.527393431957993819e+00 4.019088700739085418e+00 4.019171137149824879e+00 5.427602372670460085e+00 5.427664236597212977e+00 6.857486108263115554e+00 6.857721849910503487e+00 8.854886302679531696e+00 8.855112729546853245e+00 8.958290761614279063e+00 8.958303921719345198e+00 9.777739072294235001e+00 9.777770093855730593e+00 1.098930674486796022e+01 1.098936064248260358e+01 1.198964828116743675e+01 1.198965649715494841e+01 1.289834385390136440e+01 1.289838832613593667e+01 1.518456427105816964e+01 1.518463643029889454e+01 1.780529481306617257e+01 1.780529938416855984e+01 2.253129814457584956e+01 2.253133129215367347e+01
4.175169001959872506e-01 4.243114992451679779e-01 4.249451530626013329e-01 1.514457680100028458e+00 1.514686180614055466e+00 2.510802652217627440e+00 2.511311202687467770e+00 4.009872433043807582e+00 4.009963336652708321e+00 5.407022129260949050e+00 5.407090854798619617e+00 6.860779498215255678e+00 6.861038403951360998e+00 8.855023590582126403e+00 8.855285326032380055e+00 8.948732099866647971e+00 8.948747079583837305e+00 9.788495997051423814e+00 9.788530447103397591e+00 1.098959013913198035e+01 1.098965175999055077e+01 1.199149398157773483e+01 1.199150372048128688e+01 1.289454560105963665e+01 1.289459681850234674e+01 1.518522747334491108e+01 1.518531049282335488e+01 1.780513298651595377e+01 1.780513819458501601e+01 2.253590676741731968e+01 2.253594479927709315e+01
4.184401760704081208e-01 4.139145143564710860e-01 4.146257097626577792e-01 1.532733614853796889e+00 1.532967584666746763e+00 2.494024050749866550e+00 2.494569340186465478e+00 4.000094139859601938e+00 4.000190277909976722e+00 5.385820588974753242e+00 5.385893831852683000e+00 6.864180263018265116e+00 6.864453008860216698e+00 8.855168058163624067e+00 8.855457923696699041e+00 8.939118536101217316e+00 8.939134886215128972e+00 9.799376740144483122e+00 9.799413454138637292e+00 1.098989360544478089e+01 1.098996111890624405e+01 1.199331286196773938e+01 1.199332394196396478e+01 1.289066770267307227e+01 1.289072422273675400e+01 1.518591723883685773e+01 1.518600873995200295e+01 1.780496542405392191e+01 1.780497111144052269e+01 2.254067779809976457e+01 2.254071961404511981e+01
4.193634519448289910e-01 4.035474498175025682e-01 4.043154262000913657e-01 1.551202907866607639e+00 1.551434017755436878e+00 2.476610787938819502e+00 2.477174280292634201e+00 3.989732462663645229e+00 3.989830398122805377e+00 5.364038139434470054e+00 5.364113346762461987e+00 6.867683658402038205e+00 6.867960474783564528e+00 8.855318205689050259e+00 8.855627149422907962e+00 8.929471033618815667e+00 8.929488207032914460e+00 9.810364114953467052e+00 9.810401827696443533e+00 1.099021804826629456e+01 1.099028925010178348e+01 1.199509235682544350e+01 1.199510450034244791e+01 1.288672119516611936e+01 1.288678122641175072e+01 1.518663341340649708e+01 1.518673046203906374e+01 1.780479231086369296e+01 1.780479829012244863e+01 2.254560615642190768e+01 2.254565041267855108e+01
4.202867278192498612e-01 3.932296326674321052e-01 3.940286876666318494e-01 1.569832196259765222e+00 1.570052745023208907e+00 2.458571151581951941e+00 2.459133082875519793e+00 3.978764999068667763e+00 3.978861217114522564e+00 5.341717129649091511e+00 5.341791628213927723e+00 6.871284635407230112e+00 6.871555664098746519e+00 8.855470291076251499e+00 8.855787613037946926e+00 8.919811062894872578e+00 8.919828412799949646e+00 9.821442325208039392e+00 9.821479712646931759e+00 1.099056430534685624e+01 1.099063668722501319e+01 1.199681969543791915e+01 1.199683252625120922e+01 1.288271740014980615e+01 1.288277885275568657e+01 1.518737573180408162e+01 1.518747492677042210e+01 1.780461383489715743e+01 1.780461989481258200e+01 2.255068657039391766e+01 2.255073171967978851e+01
4.212100036936707315e-01 3.829782093129491249e-01 3.837783473772894971e-01 1.588589012931803213e+00 1.588792112200517304e+00 2.439913438900433107e+00 2.440453483051389316e+00 3.967168385211125692e+00 3.967259425133948358e+00 5.318901828090484507e+00 5.318972920174217300e+00 6.874977845217110861e+00 6.875233497938173954e+00 8.855616473004655376e+00 8.855930116752855241e+00 8.910162503153660651e+00 8.910179267083560006e+00 9.832596843698512501e+00 9.832632567740590801e+00 1.099093312940518530e+01 1.099100396544682745e+01 1.199848194166481541e+01 1.199849498848390006e+01 1.287866788806436702e+01 1.287872844118427373e+01 1.518814379259847236e+01 1.518824137979275868e+01 1.780443018598947447e+01 1.780443609896729740e+01 2.255591357282302667e+01 2.255595791564660502e+01
4.221332795680916017e-01 3.728081831288806436e-01 3.735760082169340968e-01 1.607441585898533587e+00 1.607621301626112498e+00 2.420645946659224279e+00 2.421143924959966665e+00 3.954918412761085911e+00 3.955001000466856098e+00 5.295638357990501532e+00 5.295703421470084216e+00 6.878757653353825496e+00 6.878988958717123126e+00 8.855740699325458820e+00 8.856037572951038328e+00 8.900555829706652489e+00 8.900571073430349145e+00 9.843814297592665241e+00 9.843847052483127413e+00 1.099132517257520369e+01 1.099139161997296910e+01 1.200006603674450467e+01 1.200007874381401507e+01 1.287458443864991509e+01 1.287464162275280621e+01 1.518893703687214192e+01 1.518902904536314757e+01 1.780424155508513806e+01 1.780424708564563829e+01 2.256128149965936913e+01 2.256132324519034071e+01
4.230565554425124719e-01 3.627324521877907104e-01 3.634322852442974372e-01 1.626358638523757394e+00 1.626510090519565077e+00 2.400776965747773328e+00 2.401213575649372878e+00 3.941990186054384893e+00 3.942061362086981102e+00 5.271974605944780734e+00 5.272031195041551932e+00 6.882618163225111552e+00 6.882817089112120534e+00 8.855808174684757006e+00 8.856074405844392317e+00 8.891038807598217630e+00 8.891051254557472916e+00 9.855082361078293829e+00 9.855110919756606691e+00 1.099174097433162522e+01 1.099180018431603578e+01 1.200155884563856468e+01 1.200157059042781782e+01 1.287047899824799302e+01 1.287053028975047653e+01 1.518975473175116342e+01 1.518983712702400268e+01 1.780404813360600613e+01 1.780405304765729468e+01 2.256678449056343894e+01 2.256682182494771283e+01
4.239798313169333421e-01 3.527618529816307080e-01 3.533570446018144406e-01 1.645309188278132106e+00 1.645428610619457110e+00 2.380314780197996694e+00 2.380672317406398619e+00 3.928358324933278745e+00 3.928415562824115970e+00 5.247960099855408345e+00 5.248006042614440148e+00 6.886553248599965649e+00 6.886712988028586224e+00 8.855733043694332451e+00 8.855953869101163889e+00 8.881709225343888292e+00 8.881716763952566041e+00 9.866389655649408397e+00 9.866412914456756056e+00 1.099218095348484070e+01 1.099223018834341481e+01 1.200294720739100818e+01 1.200295732497468393e+01 1.286636363396422489e+01 1.286640655875496542e+01 1.519059595968240117e+01 1.519066480830844235e+01 1.780385011298500331e+01 1.780385418750790549e+01 2.257241649207695744e+01 2.257244765167067513e+01
4.249031071913542124e-01 3.429052158271558848e-01 3.433596148551704141e-01 1.664262341429575631e+00 1.664347107710415052e+00 2.359267670555344587e+00 2.359530717758225649e+00 3.913997218781332776e+00 3.914038528608622780e+00 5.223645852378155041e+00 5.223679340797835913e+00 6.890556594194004347e+00 6.890671804161986103e+00 8.855254649367108044e+00 8.855412914203309782e+00 8.872836875191772776e+00 8.872841131560448957e+00 9.877725658064626657e+00 9.877742678186043790e+00 1.099264540468763407e+01 1.099268215613439104e+01 1.200421798991992262e+01 1.200422580317945531e+01 1.286225048475230359e+01 1.286228272660025063e+01 1.519145961416007573e+01 1.519151125348050968e+01 1.780364768438571943e+01 1.780365071713034908e+01 2.257817126369161542e+01 2.257819461038399922e+01
4.258263830657750826e-01 3.331694371384483211e-01 3.334489672116149883e-01 1.683187080897587951e+00 1.683235699008055919e+00 2.337643921476757036e+00 2.337799977332205792e+00 3.898881336902122019e+00 3.898905349218944050e+00 5.199084166409676300e+00 5.199103835138966900e+00 6.894621743181630791e+00 6.894688727800997619e+00 8.853410664197324920e+00 8.853485247982270323e+00 8.865384010418843275e+00 8.865407979473548750e+00 9.889080615804761720e+00 9.889090659900571012e+00 1.099313449972594547e+01 1.099315660369492242e+01 1.200535814956750436e+01 1.200536300389235578e+01 1.285815170951767428e+01 1.285817121888726078e+01 1.519234440235934791e+01 1.519237560831329859e+01 1.780344103861690996e+01 1.780344285739606036e+01 2.258404238699804267e+01 2.258405648259504162e+01
4.267496589401959528e-01 3.235595729467934389e-01 3.236338615738666435e-01 1.702052044336018088e+00 1.702064125813814055e+00 2.315451833426657391e+00 2.315491856773149060e+00 3.882985599772473595e+00 3.882991625560378246e+00 5.174328399804956291e+00 5.174333389504839786e+00 6.898742150134975937e+00 6.898758981539389268e+00 8.848145916544567058e+00 8.848154705475552717e+00 8.861418590598287182e+00 8.861435749589338329e+00 9.900445469718700764e+00 9.900448032329778769e+00 1.099364829367996066e+01 1.099365403659133555e+01 1.200635479560792795e+01 1.200635609637575918e+01 1.285407943238186768e+01 1.285408453087877056e+01 1.519324885486726195e+01 1.519325700090764286e+01 1.780323036624751865e+01 1.780323083741431134e+01 2.259002327798106080e+01 2.259002695454150711e+01
4.276729348146168230e-01 3.139229559797868663e-01 3.140789569845852669e-01 1.720801498244287631e+00 1.720825289278435477e+00 2.292618584969425832e+00 2.292699738405235887e+00 3.866273877804908388e+00 3.866285814769627294e+00 5.149422689353363225e+00 5.149432687504979178e+00 6.902877810559269633e+00 6.902911237637884945e+00 8.840132314472613828e+00 8.840139917881900899e+00 8.860220562054461624e+00 8.860267015069652530e+00 9.911806613954775358e+00 9.911811783457837421e+00 1.099417494757181224e+01 1.099418673584562534e+01 1.200719251054464110e+01 1.200719525975181412e+01 1.285003516086805497e+01 1.285004568530131230e+01 1.519415454255294939e+01 1.519417134241891354e+01 1.780301489363387546e+01 1.780301585791636754e+01 2.259609962546294071e+01 2.259610720240407034e+01
4.285962106890376933e-01 3.043248776819413304e-01 3.047293454058609408e-01 1.739416028129652902e+00 1.739474041808998228e+00 2.269192751946517372e+00 2.269396019827316646e+00 3.848730017688815508e+00 3.848759178703114348e+00 5.124426899017505477e+00 5.124451620597990420e+00 6.907040473121274005e+00 6.907122454646098753e+00 8.831274665476749774e+00 8.831285343066825888e+00 8.859912591002535365e+00 8.860041092365232629e+00 9.923158796325465048e+00 9.923171679243891319e+00 1.099471981424870926e+01 1.099474968510953410e+01 1.200786000978923873e+01 1.200786717049217600e+01 1.284603553638421758e+01 1.284606234829370486e+01 1.519506732863013454e+01 1.519511009926055323e+01 1.780279526877090035e+01 1.780279770482281876e+01 2.260226801587853274e+01 2.260228729409730875e+01
4.295194865634585080e-01 2.948482549190133417e-01 2.955110888254797175e-01 1.757874745257866911e+00 1.757964424584332219e+00 2.245227191015264800e+00 2.245549137077840651e+00 3.830339886904062130e+00 3.830384847894124256e+00 5.099401275054510130e+00 5.099439883546247110e+00 6.911242231850581064e+00 6.911369334572615486e+00 8.822194064262903979e+00 8.822206109049419709e+00 8.859905783870489770e+00 8.860120295968833659e+00 9.934497476510786740e+00 9.934517779486673916e+00 1.099528909691359502e+01 1.099533692927819217e+01 1.200834676591600036e+01 1.200835853191610525e+01 1.284209793389223719e+01 1.284214108759475437e+01 1.519599443955597629e+01 1.519606325248390988e+01 1.780257221059630268e+01 1.780257609937802243e+01 2.260852557585627665e+01 2.260855657584645328e+01
4.304427624378793782e-01 2.855017093401441830e-01 2.864233309258680249e-01 1.776143190821669382e+00 1.776261158912258997e+00 2.220734856283166803e+00 2.221167656107000177e+00 3.811085861852377743e+00 3.811144574676882169e+00 5.074400739953984107e+00 5.074451852845759170e+00 6.915478346342841753e+00 6.915645551072636010e+00 8.813068467007385109e+00 8.813082072930926714e+00 8.860028061120640785e+00 8.860327147046378471e+00 9.945815994497928969e+00 9.945843153756806387e+00 1.099588323655147626e+01 1.099594820768508185e+01 1.200864143564720621e+01 1.200865780636583402e+01 1.283823439294936719e+01 1.283829329214530901e+01 1.519693494176724791e+01 1.519702885641715362e+01 1.780234597062001711e+01 1.780235123598589908e+01 2.261486569325516527e+01 2.261490798246203582e+01
4.313660383123002484e-01 2.762938100256661644e-01 2.774642314386072117e-01 1.794185079764028190e+00 1.794327233535661037e+00 2.195728703866817622e+00 2.196260289142847544e+00 3.790953523131078029e+00 3.791023407138925716e+00 5.049479422964774145e+00 5.049541162678943707e+00 6.919744067534880472e+00 6.919944969586333983e+00 8.803965197674754606e+00 8.803980625450012809e+00 8.860217585601313672e+00 8.860595856645099744e+00 9.957108075381174928e+00 9.957141270620954998e+00 1.099650265311022856e+01 1.099658323624127299e+01 1.200873323802203174e+01 1.200875400008214910e+01 1.283445662607991444e+01 1.283453000889286422e+01 1.519788788874110175e+01 1.519800493092765947e+01 1.780211680271811758e+01 1.780212331191980724e+01 2.262128170192422516e+01 2.262133438551262543e+01
4.322893141867211186e-01 2.672329911328426011e-01 2.686312099737883097e-01 1.811961919695960210e+00 1.812123528745778422e+00 2.170221589096012149e+00 2.170835950237874457e+00 3.769932386090447007e+00 3.770010446796240977e+00 5.024690177345079611e+00 5.024760245546389115e+00 6.924034634194335958e+00 6.924261692864761564e+00 8.794916369887911145e+00 8.794933609595219082e+00 8.860447267607256094e+00 8.860895706084534140e+00 9.968367776203383102e+00 9.968405953858940904e+00 1.099714774406809603e+01 1.099724173396718818e+01 1.200861203194600968e+01 1.200863675071601300e+01 1.283077592591578586e+01 1.283086187748185480e+01 1.519885232204857139e+01 1.519898950230265733e+01 1.780188496174799795e+01 1.780189252825111268e+01 2.262776688984020979e+01 2.262782861912032928e+01
4.332125900611419889e-01 2.583274363298100340e-01 2.599212059696824895e-01 1.829432565592000515e+00 1.829608375860682479e+00 2.144226200260099802e+00 2.144903841551266677e+00 3.748016686793949503e+00 3.748099656885000908e+00 5.000084085775038822e+00 5.000159858256322032e+00 6.928345271784505321e+00 6.928590098947204012e+00 8.785940236899564937e+00 8.785959016058601634e+00 8.860703409681192966e+00 8.861209582205248125e+00 9.979589437329568824e+00 9.979631342600429278e+00 1.099781888332367252e+01 1.099792344994620663e+01 1.200826839304242277e+01 1.200829641536261505e+01 1.282720307140089133e+01 1.282729906499709216e+01 1.519982727243605147e+01 1.519998064522984826e+01 1.780165070220213508e+01 1.780165909078572284e+01 2.263431450716705839e+01 2.263438350615625794e+01
4.341358659355628591e-01 2.495849343661366848e-01 2.513309490489754605e-01 1.846552669389047718e+00 1.846737011764114422e+00 2.117755069188063555e+00 2.118473605232147783e+00 3.725206215883071437e+00 3.725290712219651024e+00 4.975709967773034315e+00 4.975788605806184428e+00 6.932671193858187308e+00 6.932924870364154835e+00 8.777048637076026338e+00 8.777068486140915837e+00 8.860978303596469985e+00 8.861526652533902038e+00 9.990767638241814907e+00 9.990811854943276060e+00 1.099851642041368471e+01 1.099862818958441757e+01 1.200769368887516642e+01 1.200772415757380607e+01 1.282374823506399331e+01 1.282385120151529811e+01 1.520081176093032838e+01 1.520097652431263491e+01 1.780141427694658773e+01 1.780142321095870628e+01 2.264091777422051521e+01 2.264099188413537078e+01
4.350591418099836738e-01 2.410127113341939131e-01 2.428572333272017714e-01 1.863273929749175828e+00 1.863460833804815753e+00 2.090820752428092621e+00 2.091555629883377510e+00 3.701507191370452698e+00 3.701589880300389268e+00 4.951613904485865802e+00 4.951692477380066570e+00 6.937007606032386420e+00 6.937261013696037537e+00 8.768250039471363166e+00 8.768270352395582279e+00 8.861267233049989756e+00 8.861839487147568306e+00 1.000189715764495979e+01 1.000194215464283154e+01 1.099924068004181343e+01 1.099935583904452940e+01 1.200688015153877508e+01 1.200691203165190757e+01 1.282042089350547975e+01 1.282052731730038886e+01 1.520180479996079193e+01 1.520197543352290204e+01 1.780117593609094584e+01 1.780118510664001263e+01 2.264756988932132842e+01 2.264764663009624002e+01
4.359824176844045440e-01 2.326172463459170170e-01 2.344971887341794070e-01 1.879542880011116912e+00 1.879726191717181916e+00 2.063436443831875522e+00 2.064161768943312492e+00 3.676933160379091348e+00 3.677010922670747917e+00 4.927838796962127788e+00 4.927914409694039044e+00 6.941349712496964308e+00 6.941593869006676520e+00 8.759550949947074727e+00 8.759571034382316768e+00 8.861567108885658683e+00 8.862142817615540125e+00 1.001297293776483954e+01 1.001301712049233394e+01 1.099999196187933315e+01 1.100010638674960539e+01 1.200582094655615784e+01 1.200585306243702810e+01 1.281722974331195886e+01 1.281733578254942785e+01 1.520280539449384349e+01 1.520297583202712666e+01 1.780093592602858266e+01 1.780094500280279135e+01 2.265426403652221765e+01 2.265434068376593757e+01
4.369056935588254142e-01 2.244040784563161584e-01 2.262485422014892389e-01 1.895298323696741560e+00 1.895471818845129164e+00 2.035617909773278278e+00 2.036307360974853431e+00 3.651505919363211561e+00 3.651576005467391806e+00 4.904423973791889324e+00 4.904493893061338206e+00 6.945692724917720717e+00 6.945919109074926823e+00 8.750956626281075401e+00 8.750975746837172053e+00 8.861875788332012505e+00 8.862432970866247928e+00 1.002399005270485155e+01 1.002403181804768018e+01 1.100077054057622661e+01 1.100087994092367083e+01 1.200451023698995634e+01 1.200454131878019126e+01 1.281418262459245838e+01 1.281428425064689591e+01 1.520381254317335795e+01 1.520397637491240062e+01 1.780069448868296433e+01 1.780070313201313681e+01 2.266099339319439920e+01 2.266106706834929696e+01
4.378289694332462845e-01 2.163776136200099565e-01 2.181098615946776564e-01 1.910463399270963425e+00 1.910620840496474404e+00 2.007390786659089432e+00 2.008018586487078316e+00 3.625256442302327020e+00 3.625316608554656206e+00 4.881404862713115023e+00 4.881466634703973462e+00 6.950031873512266145e+00 6.950232728751927880e+00 8.742471472691223155e+00 8.742488889946889330e+00 8.862191709710311116e+00 8.862707601758595288e+00 1.003494368070285780e+01 1.003498147338402191e+01 1.100157666590003025e+01 1.100167674224909220e+01 1.200294324166695326e+01 1.200297197895571344e+01 1.281128645421967072e+01 1.281137960591407499e+01 1.520482523946175490e+01 1.520497593749034060e+01 1.780045186098476862e+01 1.780045973470278753e+01 2.266775113746103898e+01 2.266781890834725743e+01
4.387522453076671547e-01 2.085409412037084464e-01 2.100807755103614727e-01 1.924903008431962048e+00 1.925037600546346317e+00 1.978832869565601671e+00 1.979374553322163832e+00 3.598225806504921298e+00 3.598274423308120529e+00 4.858812738462590985e+00 4.858864291985198314e+00 6.954362420004949641e+00 6.954531025155503698e+00 8.734099273627192517e+00 8.734114280033962174e+00 8.862513684220109766e+00 8.862965560410232868e+00 1.004582908010229580e+01 1.004586144860841479e+01 1.100241056290058239e+01 1.100249717087292467e+01 1.200111628643913164e+01 1.200114138640984329e+01 1.280854717065431814e+01 1.280862791683949631e+01 1.520584247277616541e+01 1.520597363206123021e+01 1.780020827459749455e+01 1.780021505919635416e+01 2.267453045546651680e+01 2.267458944389780839e+01
4.396755211820880249e-01 2.008956700109265081e-01 2.021621624617281898e-01 1.937560076681367427e+00 1.937629397700636247e+00 1.950970648192642987e+00 1.951371295277198881e+00 3.570466105516585387e+00 3.570502229479345591e+00 4.836674555911643303e+00 4.836714285458821649e+00 6.958679672110291925e+00 6.958810569765372378e+00 8.725843341602098846e+00 8.725855294394786910e+00 8.862840770966901260e+00 8.863206816091707907e+00 1.005664156881793936e+01 1.005666721888868231e+01 1.100327243198277571e+01 1.100334174718071978e+01 1.199902684746376202e+01 1.199904709446716922e+01 1.280596969193699763e+01 1.280603439574416313e+01 1.520686322961542913e+01 1.520696881627295127e+01 1.779996395589928682e+01 1.779996936147382058e+01 2.268132454847188129e+01 2.268137204124152717e+01
4.405987970565088951e-01 1.934417937942292942e-01 1.943563034699906655e-01 1.919199649526035723e+00 1.919481831839653818e+00 1.952874833454193659e+00 1.952945246023406023e+00 3.542041337512621180e+00 3.542064740899073083e+00 4.815012873619660461e+00 4.815039698122101086e+00 6.962978999149626702e+00 6.963068173784944470e+00 8.717706616451792456e+00 8.717714967128333825e+00 8.863172198445798955e+00 8.863432397570511156e+00 1.006737650704282316e+01 1.006739435079669143e+01 1.100416244875620642e+01 1.100421112596981565e+01 1.199667358558094499e+01 1.199668789891395271e+01 1.280355788805809958e+01 1.280360336576733360e+01 1.520788649467297304e+01 1.520796109249774197e+01 1.779971912621653729e+01 1.779972290465828522e+01 2.268812663976896360e+01 2.268816019904056347e+01
4.415220729309297654e-01 1.861775958016619603e-01 1.866669926491606735e-01 1.889557991209376064e+00 1.889709225696918571e+00 1.964796900663214663e+00 1.964835552249360795e+00 3.513028254523854255e+00 3.513039407067106268e+00 4.793845868671851917e+00 4.793859263289514949e+00 6.967255848378067107e+00 6.967300848380570955e+00 8.709691735793981593e+00 8.709696055485535382e+00 8.863507313121274933e+00 8.863644328270673611e+00 1.007802928290899835e+01 1.007803848180133421e+01 1.100508076352274145e+01 1.100510608388918676e+01 1.199405637099944144e+01 1.199406385773397865e+01 1.280131456847999694e+01 1.280133823595616072e+01 1.520891125193253934e+01 1.520895029796790254e+01 1.779947400229736232e+01 1.779947595823294293e+01 2.269492998140642470e+01 2.269494755041694845e+01
4.424453488053506356e-01 1.790996008985821231e-01 1.790996008993969435e-01 1.859280780444717562e+00 1.859280780445003334e+00 1.975993581788291431e+00 1.975993581788404674e+00 3.483517151786016619e+00 3.483517151786139632e+00 4.773187439414449784e+00 4.773187439414628308e+00 6.971505761583350669e+00 6.971505761583427052e+00 8.701801087649037925e+00 8.701801087649078781e+00 8.863845544439442392e+00 8.863845544439442392e+00 1.008859530078341216e+01 1.008859530078344946e+01 1.100602750025873533e+01 1.100602750025876730e+01 1.199117629766920956e+01 1.199117629766924686e+01 1.279924148510483484e+01 1.279924148510485615e+01 1.520993648574411239e+01 1.520993648574414614e+01 1.779922879699992677e+01 1.779922879699995519e+01 2.270172786072451387e+01 2.270172786072454940e+01
4.433686246797715058e-01 1.716610883367566398e-01 1.722025822840454190e-01 1.828398472932659446e+00 1.828556576209006801e+00 1.986127720328861423e+00 1.986169101147233995e+00 3.453603019683845865e+00 3.453612566173290155e+00 4.753034566309993991e+00 4.753047388807352114e+00 6.975680193740543267e+00 6.975724391518979495e+00 8.694032398331399847e+00 8.694036851543922140e+00 8.864039790272377317e+00 8.864186380177248026e+00 1.009906052948103294e+01 1.009906997185447786e+01 1.100697633163020051e+01 1.100700275495028713e+01 1.198802780769350562e+01 1.198803568691940846e+01 1.279731465482233332e+01 1.279733935048224680e+01 1.521091989692522795e+01 1.521096118187713309e+01 1.779898169980738487e+01 1.779898372016372576e+01 2.270849502121460972e+01 2.270851360669455943e+01
4.442919005541923760e-01 1.643599615193828689e-01 1.654796277239760915e-01 1.797103955537634024e+00 1.797420505406190250e+00 1.995091301308998144e+00 1.995175203355419313e+00 3.423416685649118829e+00 3.423433836853186474e+00 4.733407093870668270e+00 4.733431677891475786e+00 6.979821493424924306e+00 6.979907517744969425e+00 8.686392156099724815e+00 8.686401031863946187e+00 8.864231487675201748e+00 8.864529348535564068e+00 1.010942990480883275e+01 1.010944870664577344e+01 1.100795358069324870e+01 1.100800659314582397e+01 1.198462221989596443e+01 1.198463808016621712e+01 1.279555835211539438e+01 1.279560787055731019e+01 1.521190092483714373e+01 1.521198432855049099e+01 1.779873494807959489e+01 1.779873897962218976e+01 2.271524303890424790e+01 2.271528059606280436e+01
4.452151764286132463e-01 1.572061718759271698e-01 1.589222677304129028e-01 1.765417145986517999e+00 1.765886538810268247e+00 2.002747815300426115e+00 2.002873928224683464e+00 3.393092760378268569e+00 3.393115458928816608e+00 4.714307871812459361e+00 4.714342736532047162e+00 6.983927035656884996e+00 6.984051061475570421e+00 8.678882384917567805e+00 8.678895485750469874e+00 8.864425580981622588e+00 8.864874004807163033e+00 1.011969916202838604e+01 1.011972690908420169e+01 1.100896026035669095e+01 1.100903904660303034e+01 1.198096457865073283e+01 1.198098822074377168e+01 1.279397226156473799e+01 1.279404579079735882e+01 1.521288007224344341e+01 1.521300491743861194e+01 1.779848882419472744e+01 1.779849478230904580e+01 2.272196602309186275e+01 2.272202225929837027e+01
4.461384523030341165e-01 1.502109520949738708e-01 1.525206652609017166e-01 1.733352252413606687e+00 1.733963129632460909e+00 2.008954860082110994e+00 2.009121365858032249e+00 3.362780798394295889e+00 3.362807131070523425e+00 4.695736487261251035e+00 4.695779817250048005e+00 6.987994184161131273e+00 6.988151099065401439e+00 8.671504981552409674e+00 8.671521946970354833e+00 8.864627358947402058e+00 8.865219921284198890e+00 1.012986401877730813e+01 1.012989997174995871e+01 1.100999735403226865e+01 1.101010010892233204e+01 1.197706109927270290e+01 1.197709202516997351e+01 1.279255516695401340e+01 1.279265095412837283e+01 1.521385790289327389e+01 1.521402194465302493e+01 1.779824360976215303e+01 1.779825133540622772e+01 2.272865816909128966e+01 2.272873208634660003e+01
4.470617281774549867e-01 1.433865875963734327e-01 1.462638636000763159e-01 1.700921399681065482e+00 1.701656918880679825e+00 2.013560563069122011e+00 2.013764070890098346e+00 3.332644886994041933e+00 3.332673360352466752e+00 4.677689636279546370e+00 4.677739377602404325e+00 6.992020259179556163e+00 6.992203873808770176e+00 8.664261729978832705e+00 8.664282046650789937e+00 8.864842257915929835e+00 8.865566679568646080e+00 1.013992015999392748e+01 1.013996327194920255e+01 1.101106577331453984e+01 1.101118973008212265e+01 1.197291911761121064e+01 1.197295654442714685e+01 1.279130498199426924e+01 1.279142036877931510e+01 1.521483498895423381e+01 1.521503441170074211e+01 1.779799958385427061e+01 1.779800884747679390e+01 2.273531373986278581e+01 2.273540363219055749e+01
4.479850040518758569e-01 1.367461207740270357e-01 1.401400862686218440e-01 1.668135746703184097e+00 1.668974010650434936e+00 2.016403025938553029e+00 2.016638539951100206e+00 3.302862672756204709e+00 3.302892442880155155e+00 4.660161515560568901e+00 4.660215477108943460e+00 6.996002512099590120e+00 6.996205805776504860e+00 8.657154313573530047e+00 8.657177331438409951e+00 8.865075651297834369e+00 8.865913864752068108e+00 1.014986322379958139e+01 1.014991216827547582e+01 1.101216631437100624e+01 1.101230780981531687e+01 1.196854703219541349e+01 1.196858991610109868e+01 1.279021878957852465e+01 1.279035028388816464e+01 1.521581185605667308e+01 1.521604132641998142e+01 1.779775702125246184e+01 1.779776752952728813e+01 2.274192704630434392e+01 2.274203052222286203e+01
4.489082799262967272e-01 1.303029866147542293e-01 1.341370803352068541e-01 1.635005892165603658e+00 1.635920547553343152e+00 2.017311236678388298e+00 2.017572176486719826e+00 3.273623667641886392e+00 3.273654601579317980e+00 4.643144221409017725e+00 4.643200175987912459e+00 6.999938107843298951e+00 7.000153499468487972e+00 8.650184325675191133e+00 8.650209279430150389e+00 8.865332631469806657e+00 8.866261061116331277e+00 1.015968878842257617e+01 1.015974199736425376e+01 1.101329961443087591e+01 1.101345418979681945e+01 1.196395424061162593e+01 1.196400130847678689e+01 1.278929288881210802e+01 1.278943627057765120e+01 1.521678892779906889e+01 1.521704170389468302e+01 1.779751619076600733e+01 1.779752759594513023e+01 2.274849242702995511e+01 2.274860645743223486e+01
4.498315558007175419e-01 1.240705798781687880e-01 1.282424926382631503e-01 1.601542031822581480e+00 1.602503028980444499e+00 2.016107202179015623e+00 2.016385491778817762e+00 3.245126644227975365e+00 3.245159081594894079e+00 4.626628144587730418e+00 4.626683924742529541e+00 7.003824115612887979e+00 7.004043749119409412e+00 8.643353278925536287e+00 8.643379314088470267e+00 8.865617790886814120e+00 8.866607849117039919e+00 1.016939236026564330e+01 1.016944807059541311e+01 1.101446610978057983e+01 1.101462864464303593e+01 1.195915107176194425e+01 1.195920085792387688e+01 1.278852284890073676e+01 1.278867330616237830e+01 1.521776647162529450e+01 1.521803456734973103e+01 1.779727735367972841e+01 1.779728926525954336e+01 2.275500422849436077e+01 2.275512521940871835e+01
4.507548316751384121e-01 1.180617564920722201e-01 1.224442672728554699e-01 1.567754016470651601e+00 1.568728511411304982e+00 2.012609332567737663e+00 2.012895571363050973e+00 3.217575869544613720e+00 3.217610119952766912e+00 4.610602351439481161e+00 4.610655935722475007e+00 7.007657508214448328e+00 7.007873541555476926e+00 8.636662613693191659e+00 8.636688816270565283e+00 8.865935009622941010e+00 8.866953803476514295e+00 1.017896936323306356e+01 1.017902567056063567e+01 1.101566599663913593e+01 1.101583087175868236e+01 1.195414871553494507e+01 1.195419960111015811e+01 1.278790356884629098e+01 1.278805585920031263e+01 1.521874454798069642e+01 1.521901894902783248e+01 1.779704076238292743e+01 1.779705276068190045e+01 2.276145678632910574e+01 2.276158067517067707e+01
4.516781075495592823e-01 1.122882755699053242e-01 1.167310524161694341e-01 1.533651367037822011e+00 1.534604740854178528e+00 2.006637119180072926e+00 2.006920845419486454e+00 3.191175973638514574e+00 3.191211818052445359e+00 4.595054943701501138e+00 4.595104529966172358e+00 7.011435169803659662e+00 7.011640056562828072e+00 8.630113705793878154e+00 8.630139134452001315e+00 8.866287256706787190e+00 8.867298492248860242e+00 1.018841512944228178e+01 1.018847004718343641e+01 1.101689919619511038e+01 1.101706048010094108e+01 1.194895915123187002e+01 1.194900940374176024e+01 1.278742934180386293e+01 1.278757797324111678e+01 1.521972296458868534e+01 1.521999389105044465e+01 1.779680665922580474e+01 1.779681831038964290e+01 2.276784440873306181e+01 2.276796678181940692e+01
4.526013834239801525e-01 1.067601936851095973e-01 1.110926051614237742e-01 1.499243271146993406e+00 1.500140237233224205e+00 1.998017037365057869e+00 1.998287088145778823e+00 3.166125517458723060e+00 3.166161960658067986e+00 4.579973391445624209e+00 4.580017454742133509e+00 7.015153911527853836e+00 7.015340664789782466e+00 8.623707873651547118e+00 8.623731593201302559e+00 8.866676412497087156e+00 8.867641476735643735e+00 1.019772489145048056e+01 1.019777641345818786e+01 1.101816532494263967e+01 1.101831697796627019e+01 1.194359507586085734e+01 1.194364288762743698e+01 1.278709392289443159e+01 1.278723334733902917e+01 1.522070123756000548e+01 1.522095844626396399e+01 1.779657527564055641e+01 1.779658614752680990e+01 2.277416136270579372e+01 2.277427759102369009e+01
4.535246592984010228e-01 1.014852298151202037e-01 1.055201844703434061e-01 1.464538572963845597e+00 1.465344339326931644e+00 1.986589416200877256e+00 1.986834378502197351e+00 3.142609624440298344e+00 3.142644928070167154e+00 4.565344835471236706e+00 4.565382169128328727e+00 7.018810494197976091e+00 7.018972923266164621e+00 8.617446384988610930e+00 8.617467499954159393e+00 8.867103118959912322e+00 8.867982312137097978e+00 1.020689377612670334e+01 1.020693994085570111e+01 1.101946367125962567e+01 1.101959975993855423e+01 1.193806983317465864e+01 1.193811335788200090e+01 1.278689059924590232e+01 1.278701541167353639e+01 1.522167856086087312e+01 1.522191167907216425e+01 1.779634683155675745e+01 1.779635650990734064e+01 2.278040186383443455e+01 2.278050725333888238e+01
4.544479351728218930e-01 9.646812747416882994e-02 1.000069246223142250e-01 1.429545762693789523e+00 1.430227214607106889e+00 1.972215787638204487e+00 1.972424522166710492e+00 3.120792228414884129e+00 3.120824129423115156e+00 4.551156357156891374e+00 4.551186096613809795e+00 7.022401656824901472e+00 7.022534568680567801e+00 8.611330463089766241e+00 8.611348150142047686e+00 8.867566664068084137e+00 8.868320548822383742e+00 1.021591680029754023e+01 1.021595575452510651e+01 1.102079317893610799e+01 1.102090809317008713e+01 1.193239734411743491e+01 1.193243473200057991e+01 1.278681226104986912e+01 1.278691739693942964e+01 1.522265378542937952e+01 1.522285266625693190e+01 1.779612153512935890e+01 1.779612963941841031e+01 2.278656007024018493e+01 2.278665002236438752e+01
4.553712110472427632e-01 9.171004903880049242e-02 9.454818440400021562e-02 1.394272969479500190e+00 1.394799836842889773e+00 1.954786014173160114e+00 1.954948220093252864e+00 3.100808643280548171e+00 3.100834662379093665e+00 4.537395215185172859e+00 4.537416845034746515e+00 7.025924149612054137e+00 7.026023508610117041e+00 8.605361292646945159e+00 8.605374830742244185e+00 8.868064905665217879e+00 8.868655734099716526e+00 1.022478886828739064e+01 1.022481892849851626e+01 1.102215243809169465e+01 1.102224110319563088e+01 1.192659203919597743e+01 1.192662147233888348e+01 1.278685147246767251e+01 1.278693239651022751e+01 1.522362540894470939e+01 1.522378049778704856e+01 1.779589958278818074e+01 1.779590578113524302e+01 2.279263008116232569e+01 2.279270025874128081e+01
4.562944869216636334e-01 8.720804494490133618e-02 8.914187084903738012e-02 1.358727960041522964e+00 1.359073934001894690e+00 1.934224368630058200e+00 1.934331145777480110e+00 3.082759270878999036e+00 3.082777042650431287e+00 4.524049049678505519e+00 4.524062395163212180e+00 7.029374769820149638e+00 7.029437810944742182e+00 8.599540025166849233e+00 8.599548822335524534e+00 8.868594239042300487e+00 8.868987414362969446e+00 1.023350477146576409e+01 1.023352448117349489e+01 1.102353968363089010e+01 1.102359775950561449e+01 1.192066879321725636e+01 1.192068852322442574e+01 1.278700054129562069e+01 1.278705342073023310e+01 1.522459157693616660e+01 1.522469427761596350e+01 1.779568115960573493e+01 1.779568518217030260e+01 2.279860594051585920e+01 2.279865243399404662e+01
4.572177627960845037e-01 8.295464509133614051e-02 8.378874041518748206e-02 1.322918144536203267e+00 1.323061909128015579e+00 1.910493766867320753e+00 1.910538126468075859e+00 3.066705238459518146e+00 3.066712811247738646e+00 4.511106055120660763e+00 4.511111259964069475e+00 7.032750398820024174e+00 7.032775691789504791e+00 8.593867783903087698e+00 8.593871399778493014e+00 8.869149611196396776e+00 8.869315137489573786e+00 1.024205918990304376e+01 1.024206737140288936e+01 1.102495280108606934e+01 1.102497686112597108e+01 1.191464286283721741e+01 1.191465125351987631e+01 1.278725158639799631e+01 1.278727344303216995e+01 1.522555009557269479e+01 1.522559312446884583e+01 1.779546643997107225e+01 1.779546809029352872e+01 2.280448164559897251e+01 2.280450113421798974e+01
4.581410386705053739e-01 7.849268516413114571e-02 7.893761931551136757e-02 1.286776737184940345e+00 1.286850590472133460e+00 1.883574839173394855e+00 1.883597561350696559e+00 3.052662613093613864e+00 3.052666548317299444e+00 4.498552616960393991e+00 4.498555124018906781e+00 7.036035502159895927e+00 7.036048038626525170e+00 8.588343831619113189e+00 8.588345668263757560e+00 8.869638455365407737e+00 8.869724583314418709e+00 1.025044249555873321e+01 1.025044669622477933e+01 1.102637702246850360e+01 1.102638933940390409e+01 1.190852540499742496e+01 1.190852982742180011e+01 1.278758543789807689e+01 1.278759660203460236e+01 1.522647617261807795e+01 1.522649845610989061e+01 1.779525475236958343e+01 1.779525558854538048e+01 2.281024106361483916e+01 2.281025116096144600e+01
4.590643145449262441e-01 7.326101700137921391e-02 7.513994629106338086e-02 1.250231841208904404e+00 1.250532045021412131e+00 1.853486795398170184e+00 1.853578658003706359e+00 3.040606983012598796e+00 3.040622962107676575e+00 4.486376416340297268e+00 4.486385963614214489e+00 7.039215713807912778e+00 7.039264846263253439e+00 8.582967378402846848e+00 8.582974757640409180e+00 8.869956926416104892e+00 8.870311441492781057e+00 1.025864468595220380e+01 1.025866176174234212e+01 1.102779665972653156e+01 1.102784652995626047e+01 1.190232704641311301e+01 1.190234553379140614e+01 1.278798241096856891e+01 1.278802751834100881e+01 1.522734257264729507e+01 1.522743387060404174e+01 1.779504541266787143e+01 1.779504876146623715e+01 2.281586704787788022e+01 2.281590843727423845e+01
4.599875904193471143e-01 6.810476936470045983e-02 7.154001471682960855e-02 1.213440951434260562e+00 1.213968965612151507e+00 1.820355807928484726e+00 1.820516132187682823e+00 3.030489660670376395e+00 3.030517423972479474e+00 4.474573467447704012e+00 4.474589188117020555e+00 7.042314904529296982e+00 7.042398164439642727e+00 8.577743290034289814e+00 8.577756114607428373e+00 8.870270118032337336e+00 8.870901354114828052e+00 1.026666871098332301e+01 1.026669876492604949e+01 1.102923397809630224e+01 1.102932131081633926e+01 1.189607253274803078e+01 1.189610604546471784e+01 1.278845742185141710e+01 1.278853625735942856e+01 1.522819149220253188e+01 1.522835331813769777e+01 1.779484031110692044e+01 1.779484610775724462e+01 2.282137403742882498e+01 2.282144743487416960e+01
4.609108662937679846e-01 6.303904320508282866e-02 6.811205819358986946e-02 1.176417951331175216e+00 1.177167558287718352e+00 1.784294495542545045e+00 1.784519880797278191e+00 3.022222894801319892e+00 3.022261464369675910e+00 4.463135506166681310e+00 4.463156388966803334e+00 7.045331743302406302e+00 7.045445547218576188e+00 8.572672802369979195e+00 8.572690787447623251e+00 8.870577608788046575e+00 8.871484572713123740e+00 1.027450927735974773e+01 1.027455200227372423e+01 1.103068696010361371e+01 1.103081035514688857e+01 1.188977846874708355e+01 1.188982759699495340e+01 1.278900360037945028e+01 1.278911478416178227e+01 1.522902211672990447e+01 1.522925360045444343e+01 1.779463968149970299e+01 1.779464777089293293e+01 2.282675711050762857e+01 2.282686215149574238e+01
4.618341421681887993e-01 5.808343237799996894e-02 6.482679847242954485e-02 1.139176714723814987e+00 1.140133822966410859e+00 1.745439598265593917e+00 1.745724067294198489e+00 3.015693977468576481e+00 3.015741809880327029e+00 4.452055245479421330e+00 4.452080185528730638e+00 7.048264975600639026e+00 7.048404779607590598e+00 8.567757133225857302e+00 8.567779811973228021e+00 8.870878990366021455e+00 8.872050671598323390e+00 1.028216103466579412e+01 1.028221570161400855e+01 1.103215335530924968e+01 1.103231010241358234e+01 1.188346167566539080e+01 1.188352655388727719e+01 1.278961415721734696e+01 1.278975515275023689e+01 1.522983365019824653e+01 1.523013140557879375e+01 1.779444374986595889e+01 1.779445389046052384e+01 2.283201147611701387e+01 2.283214665355602335e+01
4.627574180426096695e-01 5.326257128918491374e-02 6.165224491878831814e-02 1.101730938334666510e+00 1.102873604431134469e+00 1.703944914073873607e+00 1.704280160765607954e+00 3.010772205192185691e+00 3.010827386107449932e+00 4.441326411185487544e+00 4.441354258478837025e+00 7.051113409199252224e+00 7.051273890301496650e+00 8.562997477983588013e+00 8.563024212626860532e+00 8.871173869122474187e+00 8.872588820093746165e+00 1.028961858248135464e+01 1.028968403786567443e+01 1.103363067165421540e+01 1.103381679106999513e+01 1.187713916002659253e+01 1.187721937839588193e+01 1.279028238981572763e+01 1.279044954656021105e+01 1.523062531580535683e+01 1.523098337771390653e+01 1.779425273287593967e+01 1.779426460385504782e+01 2.283713247682399228e+01 2.283729511022788472e+01
4.636806939170305397e-01 4.860685047680356891e-02 5.855457528695642150e-02 1.064093974251977937e+00 1.065392647653893077e+00 1.659974554147565673e+00 1.660350262850260217e+00 3.007315571326797610e+00 3.007376014831402600e+00 4.430943764445827604e+00 4.430973367918983108e+00 7.053875900769323692e+00 7.054051157128210292e+00 8.558395004975889009e+00 8.558425002865533315e+00 8.871461867243580102e+00 8.873088079931518379e+00 1.029687648015127088e+01 1.029695115125018390e+01 1.103511616868901690e+01 1.103532649136992028e+01 1.187082808319355820e+01 1.187092260124094167e+01 1.279100168476197119e+01 1.279119031352359492e+01 1.523139635666665548e+01 1.523180619147319526e+01 1.779406683648554832e+01 1.779408004794146692e+01 2.284211559141933634e+01 2.284230182942765808e+01
4.646039697914514099e-01 4.415333231168933753e-02 5.549900690259192831e-02 1.026278666909703041e+00 1.027696655891137567e+00 1.613697010554890010e+00 1.614101218431311047e+00 3.005176692067309752e+00 3.005240310352526922e+00 4.420903112486643138e+00 4.420933358028209526e+00 7.056551343513737251e+00 7.056735105082476700e+00 8.553950850822584329e+00 8.553983184850851629e+00 8.871742623467330446e+00 8.873537719288572490e+00 1.030392925919494296e+01 1.030401116792161886e+01 1.103660685290970100e+01 1.103683513704810970e+01 1.186454573062590079e+01 1.186465279898438396e+01 1.279176551758320102e+01 1.279196999577374605e+01 1.523214603648450449e+01 1.523259662832036909e+01 1.779388625481437813e+01 1.779390036061505498e+01 2.284695643743912896e+01 2.284716129476358049e+01
4.655272456658722802e-01 3.994684250068893105e-02 5.245055769227110337e-02 9.882971992298559272e-01 9.897913499138508708e-01 1.565280305711737041e+00 1.565699784567032848e+00 3.004207689398107117e+00 3.004272505559669071e+00 4.411201308482397110e+00 4.411231149809641039e+00 7.059138656058897787e+00 7.059324497162524636e+00 8.549666115873968408e+00 8.549699748486601081e+00 8.872015793366749392e+00 8.873927534117793670e+00 1.031077143823060993e+01 1.031085822293176868e+01 1.103809947539894232e+01 1.103833855477115833e+01 1.185830947982262096e+01 1.185842657648508869e+01 1.279256745102368242e+01 1.279278135418586437e+01 1.523287364019691204e+01 1.523335165297453919e+01 1.779371116930758134e+01 1.779372568219186590e+01 2.285165077354920626e+01 2.285186820243342254e+01
4.664505215402931504e-01 3.604105811581497648e-02 4.937458878717505134e-02 9.501609525601240058e-01 9.516825267319408699e-01 1.514888297934867234e+00 1.515308938122648552e+00 3.004263947106925237e+00 3.004328135083000895e+00 4.401836241356755330e+00 4.401864723250033862e+00 7.061636772770406800e+00 7.061818318534675676e+00 8.545541859902460402e+00 8.545575669864371449e+00 8.872281049212144666e+00 8.874248166895872814e+00 1.031739754017766941e+01 1.031748648538661328e+01 1.103959053194541262e+01 1.103983249048916626e+01 1.185213676610167610e+01 1.185226055354519126e+01 1.279340113275133106e+01 1.279361738804479920e+01 1.523357847460449932e+01 1.523406848748716769e+01 1.779354174821241941e+01 1.779355615656587375e+01 2.285619450179740397e+01 2.285641749704064551e+01
4.673737974147140206e-01 3.249906248786883778e-02 4.623700492948321084e-02 9.118803849271251982e-01 9.133761162373806863e-01 1.462678077212179240e+00 1.463085261908289025e+00 3.005206794911487123e+00 3.005268645338877942e+00 4.392806816003003156e+00 4.392833089973098737e+00 7.064044635614227019e+00 7.064215754827933402e+00 8.541579098162621619e+00 8.541611909193001395e+00 8.872538079449165949e+00 8.874491412692195880e+00 1.032380211140215920e+01 1.032389018557246096e+01 1.104107626579043533e+01 1.104131263210357261e+01 1.184604504553189663e+01 1.184617135457549786e+01 1.279426029335474801e+01 1.279447135021697157e+01 1.523425986897421502e+01 1.523474468071903942e+01 1.779337814638550697e+01 1.779339193207407277e+01 2.286058366973590239e+01 2.286080440530363589e+01
4.682970732891348908e-01 2.939217895538476580e-02 4.300394706744613271e-02 8.734649318905324256e-01 8.748782343159913211e-01 1.408798303357694737e+00 1.409177265956782721e+00 3.006905257648298857e+00 3.006963084971680633e+00 4.384112924245651577e+00 4.384136257246223245e+00 7.066361187641009067e+00 7.066516165595718491e+00 8.537778797918438300e+00 8.537809408300935488e+00 8.872786587848249695e+00 8.874650502582102973e+00 1.032997974239088990e+01 1.033006364373468244e+01 1.104255267313112476e+01 1.104277462819149846e+01 1.184005175449787650e+01 1.184017559986551049e+01 1.279513874537801854e+01 1.279533675827117278e+01 1.523491717561918080e+01 1.523537817104106828e+01 1.779322050543460776e+01 1.779323316202094674e+01 2.286481447241863307e+01 2.286502446667579846e+01
4.692203491635557611e-01 2.679498507894701245e-02 3.964070725798998079e-02 8.349229338758981100e-01 8.361952311293932016e-01 1.353388305106819622e+00 1.353724465567633484e+00 3.009237042158504405e+00 3.009289062519133306e+00 4.375755406747907195e+00 4.375775183993763306e+00 7.068585368129629565e+00 7.068719054164158244e+00 8.534141875514531961e+00 8.534169087809994281e+00 8.873026292394795789e+00 8.874720354883878670e+00 1.033592508948613187e+01 1.033600130008474061e+01 1.104401551149676841e+01 1.104421410287084626e+01 1.183417426553897123e+01 1.183428989685120314e+01 1.279603038401334025e+01 1.279620740204470586e+01 1.523554977045378145e+01 1.523596734024886246e+01 1.779306895418454104e+01 1.779308000482415508e+01 2.286888325427747759e+01 2.286907355996435953e+01
4.701436250379766313e-01 2.477396907663648867e-02 3.610934456585804947e-02 7.962615932644633299e-01 7.973337334341228377e-01 1.296577758648807421e+00 1.296857036455534518e+00 3.012088939238896756e+00 3.012133155041827326e+00 4.367736006020082939e+00 4.367751729283898321e+00 7.070716109389637793e+00 7.070824035211708214e+00 8.530669194045986004e+00 8.530691844085300346e+00 8.873256924000500590e+00 8.874697785486628021e+00 1.034163289718696177e+01 1.034169774549653908e+01 1.104546031111350501e+01 1.104562666723013287e+01 1.182842983925609914e+01 1.182853082963847768e+01 1.279692918993790407e+01 1.279707734818638443e+01 1.523615705352328575e+01 1.523651105691492802e+01 1.779292360944560158e+01 1.779293262375885831e+01 2.287278651088208292e+01 2.287294792513779385e+01
4.710669009123975015e-01 2.336919828326623760e-02 3.236385686266664979e-02 7.574869636856216282e-01 7.583006799388141150e-01 1.238486783453058404e+00 1.238695885778648309e+00 3.015356804641904365e+00 3.015390927236819341e+00 4.360057310696279664e+00 4.360068593592470343e+00 7.072752335191640150e+00 7.072830801489613073e+00 8.527361561659619227e+00 8.527378546067305720e+00 8.873478225123303531e+00 8.874581669634499903e+00 1.034709802052478622e+01 1.034714775223931404e+01 1.104688238938269151e+01 1.104700792805583554e+01 1.182283557222524273e+01 1.182291494497088813e+01 1.279782923464575362e+01 1.279794094222505230e+01 1.523673844950771361e+01 1.523700870769793347e+01 1.779278457704980454e+01 1.779279118629171208e+01 2.287652089058864746e+01 2.287664417963935648e+01
4.719901767868183717e-01 2.257421376431338611e-02 2.834006287953788963e-02 7.186039728888335976e-01 7.191033487780867928e-01 1.179226321144164702e+00 1.179353005111919872e+00 3.018945259798418324e+00 3.018966688749452398e+00 4.352722691314977688e+00 4.352729253019293587e+00 7.074692960769906058e+00 7.074739091096763133e+00 8.524219730499822845e+00 8.524230032090498455e+00 8.873689948385187876e+00 8.874373048907758132e+00 1.035231544704982198e+01 1.035234630399499700e+01 1.104827686862395453e+01 1.104835349484498508e+01 1.181740834099189996e+01 1.181745873282945603e+01 1.279872468849353595e+01 1.279879280871273828e+01 1.523729340820008460e+01 1.523746021547532692e+01 1.779265195311295855e+01 1.779265586301469781e+01 2.288008319608189822e+01 2.288015932867356739e+01
4.729134526612392420e-01 2.232563562470595009e-02 2.393192227756991280e-02 6.796164792495690277e-01 6.797493761431993020e-01 1.118898692487212854e+00 1.118932000395275184e+00 3.022767224898055716e+00 3.022773087131019665e+00 4.345736227946525254e+00 4.345737886550205431e+00 7.076536894321847626e+00 7.076548656666784787e+00 8.521244396293431222e+00 8.521247106788036874e+00 8.873891855275687135e+00 8.874075178751773763e+00 1.035728031801432536e+01 1.035728862433116859e+01 1.104963869727098746e+01 1.104965898626713994e+01 1.181216474234902414e+01 1.181217859992965380e+01 1.279960983155430299e+01 1.279962784997560199e+01 1.523782140495835868e+01 1.523786604355224483e+01 1.779252582547166384e+01 1.779252682620425574e+01 2.288347038581600046e+01 2.288349076910177615e+01
4.738367285356600567e-01 1.892379923841564990e-02 2.251145652482561613e-02 6.402467649022454133e-01 6.405273604066052950e-01 1.057528720452458604e+00 1.057598254262229087e+00 3.026730608924780963e+00 3.026743368489777097e+00 4.339099296439032472e+00 4.339102630141431938e+00 7.078259237714572549e+00 7.078283039913968011e+00 8.518430538172694355e+00 8.518436198551203375e+00 8.873693513695261714e+00 8.874083715021701124e+00 1.036197020276157588e+01 1.036198794840430537e+01 1.105092003732208283e+01 1.105096267475420824e+01 1.180709083453642627e+01 1.180712103021913784e+01 1.280044124397445771e+01 1.280047906725881290e+01 1.523822718561592282e+01 1.523832194113205318e+01 1.779240424804865128e+01 1.779240627524002605e+01 2.288663628676394524e+01 2.288667957535922071e+01
4.747600044100809269e-01 1.270506074975722918e-02 2.299417747780358942e-02 6.006038815737192449e-01 6.013386307482981863e-01 9.952319280183787864e-01 9.954121001736110363e-01 3.030767041712364662e+00 3.030801532405149157e+00 4.332818821835405565e+00 4.332827149806136369e+00 7.079870537229112415e+00 7.079930301691900851e+00 8.515781054973500019e+00 8.515795721348599301e+00 8.873235629313311890e+00 8.874265303695480611e+00 1.036638681753187541e+01 1.036643384554622216e+01 1.105213230841646954e+01 1.105224348034963100e+01 1.180221156125762150e+01 1.180229304957128100e+01 1.280122844173089725e+01 1.280132693870043603e+01 1.523854514153171635e+01 1.523879454446324111e+01 1.779228829860166172e+01 1.779229337842913239e+01 2.288959404723232538e+01 2.288970803864690140e+01
4.756832802845017971e-01 -3.893799770041624520e-03 2.363543952677835819e-02 5.608294391144238444e-01 5.620515824451670639e-01 9.321239749253804607e-01 9.324207676074832696e-01 3.034816934451708192e+00 3.034876170542742724e+00 4.326902245917423784e+00 4.326915487741114674e+00 7.081382203395444108e+00 7.081477589280175344e+00 8.513299344294429361e+00 8.513323494635955058e+00 8.872711081958495782e+00 8.874436403617638192e+00 1.037053455432765681e+01 1.037061372609377763e+01 1.105329149745429440e+01 1.105347570630634024e+01 1.179755668479736741e+01 1.179769616790292552e+01 1.280198516471818593e+01 1.280214814738985929e+01 1.523882187950380818e+01 1.523923876946232525e+01 1.779217914353175800e+01 1.779218720757077676e+01 2.289236258019336390e+01 2.289255320914741887e+01
4.766065561589226673e-01 -1.302150108108235914e-02 2.431205018503428822e-02 5.209324614013760568e-01 5.226669424526915186e-01 8.682814564628659193e-01 8.686989253421510959e-01 3.038821081166202198e+00 3.038907825100884530e+00 4.321355696991927786e+00 4.321373694688876554e+00 7.082793817092364996e+00 7.082923824246877054e+00 8.510986049646053431e+00 8.511019996016809586e+00 8.872131209243221406e+00 8.874596803097068332e+00 1.037440982021608527e+01 1.037452353127612881e+01 1.105439335581052340e+01 1.105465389556905365e+01 1.179314182205178874e+01 1.179334520490724891e+01 1.280270740254918671e+01 1.280293757416878542e+01 1.523905978553455220e+01 1.523965419775941221e+01 1.779207694174617416e+01 1.779208783329056232e+01 2.289494075784076088e+01 2.289521268094560469e+01
4.775298320333435376e-01 -1.731885141952414428e-02 2.492201157261357547e-02 4.809222224353287278e-01 4.831850351673426802e-01 8.037758295937421638e-01 8.043160269298057496e-01 3.042726043525617818e+00 3.042842653373063477e+00 4.316185544287778342e+00 4.316208067843509966e+00 7.084104885549642461e+00 7.084267947494140572e+00 8.508841769384959619e+00 8.508885652924076837e+00 8.871508876137564670e+00 8.874746296531499823e+00 1.037800935230061228e+01 1.037815944035927629e+01 1.105543370875425069e+01 1.105577258437075550e+01 1.178898222239992144e+01 1.178925436102408852e+01 1.280339141121980617e+01 1.280369030192743907e+01 1.523926160149552089e+01 1.524004043843123490e+01 1.779198184297358054e+01 1.779199532577906240e+01 2.289732776783707635e+01 2.289768420974662178e+01
4.784531079077644078e-01 -2.012059793083136733e-02 2.538402968188349651e-02 4.408081481100544208e-01 4.436059368414760340e-01 7.386739863222080427e-01 7.393369210894932264e-01 3.046483720752521940e+00 3.046632011093899806e+00 4.311398289464397848e+00 4.311425043874959506e+00 7.085314842272905089e+00 7.085508927420183234e+00 8.506867055579199643e+00 8.506920845117305063e+00 8.870858173286302772e+00 8.874884684873164176e+00 1.038133022078407741e+01 1.038151788233414230e+01 1.105640848053327119e+01 1.105682634986632173e+01 1.178509267657168280e+01 1.178543714563929790e+01 1.280403371208957708e+01 1.280440163971962519e+01 1.523943035346165864e+01 1.524039712830428428e+01 1.779189398539030975e+01 1.779190975611473746e+01 2.289952308156347272e+01 2.289996571380414281e+01
4.793763837821852780e-01 -2.198267708023535910e-02 2.563416705559634287e-02 4.005996584399979521e-01 4.039296024410253816e-01 6.730387775935425809e-01 6.738224147051699031e-01 3.050050970220860691e+00 3.050232093566811020e+00 4.307000455163299435e+00 4.307031089629045795e+00 7.086423053064416777e+00 7.086645768680234880e+00 8.505062413300413127e+00 8.505125907419035514e+00 8.870194075689688873e+00 8.875011776445921541e+00 1.038436982638630468e+01 1.038459554589567446e+01 1.105731372395764289e+01 1.105780986279933309e+01 1.178148741504428898e+01 1.178190630575114639e+01 1.280463109170279701e+01 1.280506714782898392e+01 1.523956927224433322e+01 1.524072393223479160e+01 1.779181349337376972e+01 1.779183119739823482e+01 2.290152641851597082e+01 2.290205527477549552e+01
4.802996596566061482e-01 -2.312314349139294942e-02 2.562178584867442002e-02 3.603059079610769211e-01 3.641559362023554236e-01 6.069294848395456743e-01 6.078297862782895411e-01 3.053389278672960394e+00 3.053603632691435088e+00 4.302998472216336800e+00 4.303032591780631577e+00 7.087428827696267142e+00 7.087677521354679655e+00 8.503428300326351774e+00 8.503501132605785884e+00 8.869532071180989519e+00 8.875127388081809343e+00 1.038712589233599282e+01 1.038738938781773236e+01 1.105814565395816906e+01 1.105871794493670279e+01 1.177817999750303990e+01 1.177867375596022548e+01 1.280518060247907641e+01 1.280568266331231975e+01 1.523968170828101520e+01 1.524102054336511891e+01 1.779174047546365500e+01 1.779175972565959896e+01 2.290333770782146772e+01 2.290395113850510711e+01
4.812229355310270185e-01 -2.364971856252471444e-02 2.530559210502945564e-02 3.199353381734149071e-01 3.242847586587858100e-01 5.404022352194383094e-01 5.414132479852248325e-01 3.056464481774350705e+00 3.056711646044145692e+00 4.299398567373347468e+00 4.299435746846829609e+00 7.088331436538890529e+00 7.088603290314358318e+00 8.501965127220973528e+00 8.502046774368796633e+00 8.868887769130456178e+00 8.875231346528956067e+00 1.038959645143338584e+01 1.038989663985748457e+01 1.105890068427618544e+01 1.105954563067511565e+01 1.177518319547831283e+01 1.177575051066404477e+01 1.280567956423231379e+01 1.280624432552775893e+01 1.523977104319742537e+01 1.524128668335788284e+01 1.779167502261424261e+01 1.779169542049665509e+01 2.290495704793539389e+01 2.290565171573929959e+01
4.821462114054478887e-01 -2.362021124285856172e-02 2.464978878132230433e-02 2.794948525946082674e-01 2.843155831124007382e-01 4.735103505841420923e-01 4.746243520383372494e-01 3.059246528413048338e+00 3.059525233004035893e+00 4.296206653598556358e+00 4.296246453097969820e+00 7.089130131222743714e+00 7.089422244557804120e+00 8.500673257744239208e+00 8.500763050261799236e+00 8.868276500477042745e+00 8.875323490068725008e+00 1.039177982894410057e+01 1.039211481434252704e+01 1.105957546618751586e+01 1.106028823184007237e+01 1.177250887080224828e+01 1.177314661934398821e+01 1.280612556641696287e+01 1.280674860114925906e+01 1.523984060044213074e+01 1.524152210260730200e+01 1.779161720683390158e+01 1.779163836538205246e+01 2.290638466563688525e+01 2.290715558277227970e+01
4.830694872798687589e-01 -2.306369284400503275e-02 2.361982833909396715e-02 2.389881566913259758e-01 2.442470215455096183e-01 4.063046022809601587e-01 4.075123291575726281e-01 3.061709285470468611e+00 3.062017412328423838e+00 4.293428225096780793e+00 4.293470206033455305e+00 7.089824168225071332e+00 7.090133626287687285e+00 8.499553009530202985e+00 8.499650144557001852e+00 8.867712920518776798e+00 8.875403670270028300e+00 1.039367462231506956e+01 1.039404170860365895e+01 1.106016692799002499e+01 1.106094140429155281e+01 1.177016785298541457e+01 1.177087110582282392e+01 1.280651647095021950e+01 1.280719230817172161e+01 1.523989355741042040e+01 1.524172658042811968e+01 1.779156708034977896e+01 1.779158864753152614e+01 2.290762087546259451e+01 2.290846148202465571e+01
4.839927631542896291e-01 -2.198723348325131929e-02 2.217662518234684785e-02 1.984120165259428414e-01 2.040754025586816456e-01 3.388332903499123305e-01 3.401243249731836227e-01 3.063830378554973866e+00 3.064164995408472869e+00 4.291068259250259587e+00 4.291111999208335526e+00 7.090412834133319464e+00 7.090736759494326691e+00 8.498604654961134486e+00 8.498708210936493757e+00 8.867210625868176876e+00 8.875471753800802333e+00 1.039527967888579596e+01 1.039567540841817994e+01 1.106067231389593530e+01 1.106150121456188273e+01 1.176816981896034875e+01 1.176893191234239033e+01 1.280685041542161429e+01 1.280757263842498794e+01 1.523993286142155590e+01 1.524189992522236814e+01 1.779152467551553940e+01 1.779154635713355503e+01 2.290866604071084467e+01 2.290956832255486475e+01
4.849160390287104438e-01 -2.037366502142230404e-02 2.026661994262036331e-02 1.577464628225979382e-01 1.637915108477291937e-01 2.711418829163271815e-01 2.725054346908227232e-01 3.065591064258097465e+00 3.065948489565781809e+00 4.289131127559641321e+00 4.289176232299399594e+00 7.090895471252957272e+00 7.091231057827703133e+00 8.497828422157754247e+00 8.497937374953700385e+00 8.866781796608348643e+00 8.875527624214058164e+00 1.039659407288793602e+01 1.039701429062408167e+01 1.106108922096534997e+01 1.106196420442687156e+01 1.176652317884678389e+01 1.176733584926606824e+01 1.280712581647877535e+01 1.280788717813917543e+01 1.523996115179580535e+01 1.524204197462387533e+01 1.779149000581392670e+01 1.779151158560445012e+01 2.290952053710540781e+01 2.291047518050313769e+01
4.858393149031313141e-01 -1.816746737184724708e-02 1.780048405277218429e-02 1.169230848409884838e-01 1.233721880987896508e-01 2.032711776207074550e-01 2.046982106422274295e-01 3.066976129777888804e+00 3.067352026110677254e+00 4.287620517481217419e+00 4.287666628379256828e+00 7.091271502201967003e+00 7.091616031561395417e+00 8.497224496002623084e+00 8.497337736208702808e+00 8.866436873979566258e+00 8.875571183626572491e+00 1.039761708307219301e+01 1.039805702505386975e+01 1.106141563278437978e+01 1.106232745109456417e+01 1.176523497143548269e+01 1.176608855114636043e+01 1.280734137316856192e+01 1.280813392613795720e+01 1.523998069010171186e+01 1.524215259562067892e+01 1.779146306844380732e+01 1.779148442238138017e+01 2.291018472013613660e+01 2.291118129946854509e+01
4.867625907775521843e-01 -1.523075472069850347e-02 1.459459048304710335e-02 7.568093614580163886e-02 8.275547827179471905e-02 1.352483467025789032e-01 1.367403609797220032e-01 3.067973816191605696e+00 3.068363308422104918e+00 4.286539366742255552e+00 4.286586162410998213e+00 7.091540452178002774e+00 7.091891293485839576e+00 8.496793019114093681e+00 8.496909370189751343e+00 8.866184282910927195e+00 8.875602354212697165e+00 1.039834817227177410e+01 1.039880257592212587e+01 1.106164994871768670e+01 1.106258862062472836e+01 1.176431077294942718e+01 1.176519443981740309e+01 1.280749607001851942e+01 1.280831130928076078e+01 1.523999330041490374e+01 1.524223168465505118e+01 1.779144384898626186e+01 1.779146494976191306e+01 2.291065889698989722e+01 2.291168609081750063e+01
4.876858666519730545e-01 -1.117774309672740773e-02 1.013225279690477612e-02 3.220188802844371756e-02 4.175796351414013535e-02 6.701380532315884264e-02 6.865373280517524102e-02 3.068575762206026791e+00 3.068973575986056801e+00 4.285889811329663068e+00 4.285937002952353581e+00 7.091701967693472497e+00 7.092056563603831520e+00 8.496534092694620455e+00 8.496652329743263010e+00 8.866030207420495302e+00 8.875621079444591999e+00 1.039878697010243691e+01 1.039925020278084666e+01 1.106179100773538693e+01 1.106274601229076104e+01 1.176375462231781377e+01 1.176465669507609491e+01 1.280758917966217503e+01 1.280841819482900590e+01 1.524000032115689329e+01 1.524227916770147040e+01 1.779143232821512655e+01 1.779145323571692572e+01 2.291094330385972100e+01 2.291198913392523551e+01
4.886091425263939247e-01 -2.201232179833790756e-02 -8.571264067915427068e-03 -4.058078462916112246e-03 -3.720662167733334669e-05 -2.495208260009101699e-05 -2.575219309129575271e-06 3.068776965843324600e+00 3.069177581120340115e+00 4.285673147940520344e+00 4.285720468919719472e+00 7.091755830753768031e+00 7.092111672539552103e+00 8.496447777187944084e+00 8.496566646143689283e+00 8.865978425379614336e+00 8.875627325021424596e+00 1.039893325981858396e+01 1.039939946113430125e+01 1.106183810601466355e+01 1.106279859187038817e+01 1.176356896569742538e+01 1.176447723340603879e+01 1.280762026484169169e+01 1.280845389947334212e+01 1.524000256977138434e+01 1.524229500032234697e+01 1.779142849004149340e+01 1.779144932568504345e+01 2.291103808926609631e+01 2.291209017634762191e+01
