0.000000000000000000e+00 -1.569503660805618775e-02 -8.055889565250155815e-03 -4.284149221035728899e-03 -3.379331529985346976e-07 1.867364342064977897e-07 3.187721425115691248e-07 3.113054343353824027e+00 3.113226091813507956e+00 4.288729538424144394e+00 4.288868210682006854e+00 7.566229188145085160e+00 7.566624088829076555e+00 8.496680187536773232e+00 8.496689990500501111e+00 9.587709835858285956e+00 9.595116763618433353e+00 1.054206344433341513e+01 1.054224761606514704e+01 1.111391960089035713e+01 1.111471811552115341e+01 1.226972067793198029e+01 1.227123817798991823e+01 1.315081962176399699e+01 1.315149960783606353e+01 1.538486839275116935e+01 1.538503772597589503e+01 1.855771087948470210e+01 1.855848766122203486e+01 2.350150746984207473e+01 2.350332052734145449e+01
1.519769838211115992e-03 -1.344970602850193916e-02 -7.922930667459731485e-03 5.859088398038877349e-02 6.123378597476394902e-02 9.791925906256471190e-02 1.053309143906723255e-01 3.113312090647146757e+00 3.113483122862365615e+00 4.289229453835150530e+00 4.289367730554289437e+00 7.566193008742998494e+00 7.566587760298526533e+00 8.497041142317442564e+00 8.497051472831849139e+00 9.587294858878879111e+00 9.594691287915257050e+00 1.054193424599571394e+01 1.054211826120806705e+01 1.111406266189182368e+01 1.111486072529334201e+01 1.226975122987679789e+01 1.227126596038708506e+01 1.315094639770660478e+01 1.315162565423566399e+01 1.538466756288050874e+01 1.538483672736064811e+01 1.855753397936934945e+01 1.855830984470474831e+01 2.350158317911202133e+01 2.350339416477950394e+01
3.039539676422231985e-03 -2.049114168065694144e-02 -1.347779085254273250e-02 1.193607447859406506e-01 1.218441614883156443e-01 1.999644823965092411e-01 2.072196739363181273e-01 3.114085783830766729e+00 3.114254682151928133e+00 4.290728747142014576e+00 4.290865846725226973e+00 7.566084359428792538e+00 7.566478639017628183e+00 8.498124160094164381e+00 8.498136541482038453e+00 9.586050915170559961e+00 9.593415913662900252e+00 1.054154778933829739e+01 1.054173132331534291e+01 1.111449090447644572e+01 1.111528760548367423e+01 1.226984283818550914e+01 1.227134928438636408e+01 1.315132616376473251e+01 1.315200323143819183e+01 1.538406523476794341e+01 1.538423389137333430e+01 1.855700310119554786e+01 1.855777622167763496e+01 2.350181019956714934e+01 2.350361497878015271e+01
4.559309514633348194e-03 -2.765539656789437958e-02 -2.020403609848206092e-02 1.798690711478081461e-01 1.823058698190511695e-01 3.017297899419196794e-01 3.089136064217349875e-01 3.115376781680375018e+00 3.115542173078799326e+00 4.293226062364379203e+00 4.293361231708678005e+00 7.565902907257162191e+00 7.566296320341518999e+00 8.499930037536243432e+00 8.499946724276790988e+00 9.583980961233203644e+00 9.591293793768047138e+00 1.054090747159339259e+01 1.054109016580843949e+01 1.111520152160140462e+01 1.111599592340524012e+01 1.226999536375208599e+01 1.227148808356010434e+01 1.315195723312537801e+01 1.315263065204689852e+01 1.538306189486268316e+01 1.538322969959593323e+01 1.855611771295130907e+01 1.855688627316332173e+01 2.350218820947294773e+01 2.350398267469529046e+01
6.079079352844464837e-03 -3.457749760446567067e-02 -2.687844085019892512e-02 2.402808051647747634e-01 2.426829485273089837e-01 4.032588639832695998e-01 4.103683406803466660e-01 3.117187365349969319e+00 3.117347951521808103e+00 4.296719148780311137e+00 4.296851682448454390e+00 7.565648098660483711e+00 7.566040137776146146e+00 8.502460626712016634e+00 8.502484040555124523e+00 9.581089907401883821e+00 9.588330164327020455e+00 1.054001889598615271e+01 1.054020033946641988e+01 1.111618988175223777e+01 1.111698100635196340e+01 1.227020858619405352e+01 1.227168225758916620e+01 1.315283678945056955e+01 1.315350509906740939e+01 1.538165836041016554e+01 1.538182496134635890e+01 1.855487693284847950e+01 1.855563913902217976e+01 2.350271667370050821e+01 2.350449676241589003e+01
7.598849191055581480e-03 -4.104352409042145294e-02 -3.312453168333542169e-02 3.006135842762527322e-01 3.029798753432569325e-01 5.044988212951215800e-01 5.115201939468736470e-01 3.119520764263519652e+00 3.119675352315217864e+00 4.301204874511625142e+00 4.301334134154223499e+00 7.565319161715627239e+00 7.565709174311567864e+00 8.505718752161456564e+00 8.505751079407335880e+00 9.577384592566360766e+00 9.584532316969641030e+00 1.053888978561111323e+01 1.053906950162422795e+01 1.111744959756910767e+01 1.111823641242736471e+01 1.227048222066312633e+01 1.227193168749600716e+01 1.315396087950747095e+01 1.315462261900036545e+01 1.537985578917514040e+01 1.538002082367393797e+01 1.855327953665150176e+01 1.855403362516741694e+01 2.350339484535729895e+01 2.350515655781644142e+01
9.118619029266696388e-03 -4.686777325299153196e-02 -3.870395104820621712e-02 3.608624474266692861e-01 3.631885238786825565e-01 6.053830458041434825e-01 6.123001785046906509e-01 3.122381194592597886e+00 3.122528728626425387e+00 4.306679244993437905e+00 4.306804679082932630e+00 7.564915109749876798e+00 7.565302277308426859e+00 8.509708043698287483e+00 8.509751159170621193e+00 9.572873749693153300e+00 9.579909561055529821e+00 1.053752986691552351e+01 1.053770730615740270e+01 1.111897261862697484e+01 1.111975402618296016e+01 1.227081594063255565e+01 1.227223625626918668e+01 1.315532440305772965e+01 1.315597811235442549e+01 1.537765569300872492e+01 1.537781878529931845e+01 1.855132396789978344e+01 1.855206821362866521e+01 2.350422176804599417e+01 2.350596118475254670e+01
1.063838886747781390e-02 -5.185846719431789348e-02 -4.339340268093633962e-02 4.210162761556485167e-01 4.232968314400886722e-01 7.058409704209164248e-01 7.126372435103016656e-01 3.125773912626810702e+00 3.125913506603131609e+00 4.313137425815879666e+00 4.313258589677723798e+00 7.564434746567536116e+00 7.564818076151233583e+00 8.514432889338868549e+00 8.514488362621401407e+00 9.567567963025455313e+00 9.574473176599992641e+00 1.053595072645599018e+01 1.053612526721417453e+01 1.112074934534219572e+01 1.112152417584670516e+01 1.227120940594580212e+01 1.227259587420752673e+01 1.315692110020894035e+01 1.315756532176004612e+01 1.537505995521243740e+01 1.537522071444356797e+01 1.854900835098552037e+01 1.854974107542623685e+01 2.350519627872803952e+01 2.350690957758809319e+01
1.215815870568892967e-02 -5.579822496909701834e-02 -4.694222225211242688e-02 4.810617174025360598e-01 4.832912043725819395e-01 8.058002260251858617e-01 8.124591643759102588e-01 3.129705286132304476e+00 3.129836258389979253e+00 4.320573769336283121e+00 4.320690345302541147e+00 7.563876673502791803e+00 7.564255001869551798e+00 8.519898428197675955e+00 8.519967526491644350e+00 9.561479618034278261e+00 9.568236359008343683e+00 1.053416564516256315e+01 1.053433660028065866e+01 1.112276876046599661e+01 1.112353576839523228e+01 1.227166229525021990e+01 1.227301050816089578e+01 1.315874353648350414e+01 1.315937681791191061e+01 1.537207085163530174e+01 1.537222887047279407e+01 1.854633050703824182e+01 1.854705008620778273e+01 2.350631701116196837e+01 2.350800048422180311e+01
1.367792854390004545e-02 -5.842249511173503579e-02 -4.903643380945008762e-02 5.409844545423494466e-01 5.431573708050222438e-01 9.051872286961278880e-01 9.116927837804909007e-01 3.134182887727229083e+00 3.134304797366115114e+00 4.328981844421337932e+00 4.329093661623886646e+00 7.563239298387006926e+00 7.563611307995489419e+00 8.526110542192416375e+00 8.526194224539153765e+00 9.554622845362580108e+00 9.561214156870926573e+00 1.053218941465993375e+01 1.053235604462065922e+01 1.112501857432546082e+01 1.112577643842968556e+01 1.227217434180839994e+01 1.227348021372112008e+01 1.316078308590867607e+01 1.316140398361319974e+01 1.536869107542220547e+01 1.536884592926498705e+01 1.854328797255606887e+01 1.854399284458796515e+01 2.350758239988155296e+01 2.350923246957789203e+01
1.519769838211116296e-02 -5.938478034278197454e-02 -4.924080500361231044e-02 6.007697088790744377e-01 6.028807383561999300e-01 1.003927309107371046e+00 1.010264021143431501e+00 3.139215615482223054e+00 3.139328300172678166e+00 4.338354468698930155e+00 4.338461521481753458e+00 7.562520846390726525e+00 7.562885092041242707e+00 8.533075839823993647e+00 8.533174748554992917e+00 9.547013460144997410e+00 9.553423404219600457e+00 1.053003814028177132e+01 1.053019967139593938e+01 1.112748537988586506e+01 1.112823270675061593e+01 1.227274537158196033e+01 1.227400516932446095e+01 1.316302991247665055e+01 1.316363699623734895e+01 1.536492376530934578e+01 1.536507501218275351e+01 1.853987802071290503e+01 1.854056669312122096e+01 2.350899068467343866e+01 2.351060391952050210e+01
1.671746822032227700e-02 -5.818777511276870124e-02 -4.686974551672735273e-02 6.604024685518554705e-01 6.624465649986166493e-01 1.101944663628254606e+00 1.108097774027921645e+00 3.144813847544101648e+00 3.144917460676505794e+00 4.348683742779647865e+00 4.348786205866279175e+00 7.561719372589919885e+00 7.562074317118020694e+00 8.540801631424153939e+00 8.540916085104328204e+00 9.538668898206088542e+00 9.544882648776289003e+00 1.052772903530596338e+01 1.052788468184403747e+01 1.113015481381598271e+01 1.113089014466901006e+01 1.227337534241917538e+01 1.227458571116712882e+01 1.316547295036512111e+01 1.316606480896384568e+01 1.536077253733878756e+01 1.536091971851110927e+01 1.853609768525986823e+01 1.853676874182689716e+01 2.351053991551032141e+01 2.351211304514800204e+01
1.823723805853339278e-02 -5.401849194806716131e-02 -4.060291362836243589e-02 7.198676066335948365e-01 7.218400504752452429e-01 1.199162211693356017e+00 1.205117751262906545e+00 3.150989639787261876e+00 3.151084681314638924e+00 4.359961086003050212e+00 4.360059323416459520e+00 7.560832776026868984e+00 7.561176833358154603e+00 8.549295895195434980e+00 8.549425885362596844e+00 9.529608150751856854e+00 9.535612077848204748e+00 1.052528021067862518e+01 1.052542919978764679e+01 1.113301172000851302e+01 1.113373354040068008e+01 1.227406438314969606e+01 1.227522236780886189e+01 1.316809988334731507e+01 1.316867513118324950e+01 1.535624151983468977e+01 1.535638416119002159e+01 1.853194378692786870e+01 1.853259589417500308e+01 2.351222795789141173e+01 2.351375788741935935e+01
1.975700789674451202e-02 -4.522529130912342904e-02 -2.651440508125720366e-02 7.791499495609122139e-01 7.810463909763633028e-01 1.295501385524170379e+00 1.301246248740042910e+00 3.157756978356307087e+00 3.157844307308034448e+00 4.372177273255354990e+00 4.372271836803898637e+00 7.559858814992299614e+00 7.560190398936661893e+00 8.558567232694223037e+00 8.558712425523935963e+00 9.519851699291026037e+00 9.525633443659950572e+00 1.052271046412120725e+01 1.052285206250409999e+01 1.113604031240218717e+01 1.113674706432549755e+01 1.227481283139576362e+01 1.227591589334530653e+01 1.317089712385707756e+01 1.317145440850486082e+01 1.535133539145082793e+01 1.535147300563920503e+01 1.852741296222795242e+01 1.852804487543058087e+01 2.351405249854016688e+01 2.351553632206333333e+01
2.127677773495562780e-02 -2.618713929657716724e-02 2.685855766499952585e-02 8.382343217610636055e-01 8.400508159016426557e-01 1.390881856913769532e+00 1.396403866840778774e+00 3.165132101695145472e+00 3.165212909849218992e+00 4.385322472081208289e+00 4.385414084664980727e+00 7.558795123241143443e+00 7.559112700614608826e+00 8.568624811830176213e+00 8.568784555199929542e+00 9.509421452678301634e+00 9.514969990084159335e+00 1.052003907206722744e+01 1.052017261363807599e+01 1.113922433442608373e+01 1.113991443040311502e+01 1.227562126894607886e+01 1.227666729806496271e+01 1.317384979221060703e+01 1.317438780283887745e+01 1.534605942206015072e+01 1.534619151143514415e+01 1.852250169453450468e+01 1.852311226324380655e+01 2.351601105140686698e+01 2.351744606471935128e+01
2.279654757316674010e-02 3.530547598268771875e-02 5.205554306002004028e-02 8.971055784402950373e-01 8.988386157411067945e-01 1.485221196196056859e+00 1.490509162243217611e+00 3.173133906728984321e+00 3.173209628100067015e+00 4.399386278476008272e+00 4.399475798597694443e+00 7.557639226859344639e+00 7.557941373845276090e+00 8.579478294942500582e+00 8.579651630987433109e+00 9.498340688395533249e+00 9.503646382972794626e+00 1.051728558738256503e+01 1.051741050143685641e+01 1.114254721289909433e+01 1.114321905157917669e+01 1.227649055360427433e+01 1.227747787556903170e+01 1.317694169652244263e+01 1.317745917306450210e+01 1.534041951621226474e+01 1.534054557655819728e+01 1.851720634732583193e+01 1.851779452036229046e+01 2.351810096392297211e+01 2.351948467625917871e+01
2.431631741137785935e-02 6.197110158581563971e-02 7.314801605831548759e-02 9.557486324789785659e-01 9.573951657383151792e-01 1.578434453085068245e+00 1.583478222793781143e+00 3.181784447917640257e+00 3.181856589962567039e+00 4.414357748495393530e+00 4.414446116040610768e+00 7.556388561512248359e+00 7.556674022596547857e+00 8.591137748977617505e+00 8.591323431991623849e+00 9.486634000523219257e+00 9.491688646644616867e+00 1.051446964531367456e+01 1.051458548516457903e+01 1.114599220473141372e+01 1.114664418755216779e+01 1.227742184651263457e+01 1.227834922541714668e+01 1.318015531389183970e+01 1.318065105683823646e+01 1.533442225883217525e+01 1.533454178387975553e+01 1.851152319944625191e+01 1.851208802933228625e+01 2.352031942345388060e+01 2.352164956823862241e+01
2.583608724958897512e-02 8.478068179806476368e-02 9.346196436417306130e-02 1.014148478556551325e+00 1.015705947911849094e+00 1.670433645295742897e+00 1.675224150984537586e+00 3.191109528089743019e+00 3.191179445713715257e+00 4.430225421842868272e+00 4.430313590914182420e+00 7.555040489818833471e+00 7.555308239145559490e+00 8.603613534150843734e+00 8.603810053529624469e+00 9.474327257367713528e+00 9.479124109613982441e+00 1.051161077960277446e+01 1.051171725213783503e+01 1.114954253526000372e+01 1.115017308377093386e+01 1.227841663405996364e+01 1.227928327046559431e+01 1.318347177347738253e+01 1.318394465414331584e+01 1.532807496277315629e+01 1.532818744950704115e+01 1.850544848224293659e+01 1.850598912904478510e+01 2.352266346389785667e+01 2.352393800843107385e+01
2.735585708780008743e-02 1.066882705116037472e-01 1.138276117929546694e-01 1.072290216205306956e+00 1.073756572956980682e+00 1.761127137998719894e+00 1.765656439063052252e+00 3.201139379499427839e+00 3.201208052997236653e+00 4.446977333917548236e+00 4.447066203708450516e+00 7.553592318616302315e+00 7.553841624180581249e+00 8.616916166630430141e+00 8.617121774447255689e+00 9.461447572489531055e+00 9.465981363441301255e+00 1.050872825023745349e+01 1.050882524742880442e+01 1.115318152748599090e+01 1.115378910097693677e+01 1.227947674360461150e+01 1.228028226818197055e+01 1.318687084212436744e+01 1.318731981323377589e+01 1.532138571776441793e+01 1.532149067254563057e+01 1.849897841842084745e+01 1.849949415297303545e+01 2.352512997238018500e+01 2.352634712639699188e+01
2.887562692601120667e-02 1.285293643496822347e-01 1.345753839125826690e-01 1.130159072712243251e+00 1.131532802996407128e+00 1.850418895318700629e+00 1.854680217203173997e+00 3.211909452052939873e+00 3.211977335674307543e+00 4.464601014766756748e+00 4.464691370896561651e+00 7.552041315939484356e+00 7.552271807556567573e+00 8.631056149602786220e+00 8.631268892340031584e+00 9.448023294060178046e+00 9.452290239780477776e+00 1.050584088392405313e+01 1.050592851786576887e+01 1.115689272185347569e+01 1.115747583497914874e+01 1.228060435237534698e+01 1.228134881534711553e+01 1.319033091326257612e+01 1.319075501968611519e+01 1.531436344020830020e+01 1.531446038578116919e+01 1.849210926244938236e+01 1.849259946893854334e+01 2.352771569599361001e+01 2.352887391904716807e+01
3.039539676422232245e-02 1.506540221182150197e-01 1.558618708997959734e-01 1.187740426312524411e+00 1.189020575857910211e+00 1.938207585010080392e+00 1.942195356317829136e+00 3.223461346834517460e+00 3.223528317076340244e+00 4.483083475943974605e+00 4.483175951201698872e+00 7.550384727740064861e+00 7.550596469890082929e+00 8.646043765357351418e+00 8.646261519282122165e+00 9.434084019265966958e+00 9.438081812499754975e+00 1.050296692824995937e+01 1.050304557137810590e+01 1.116065998651208346e+01 1.116121722665089955e+01 1.228180198904859211e+01 1.228248584568686574e+01 1.319382899985240343e+01 1.319422738933963757e+01 1.530701792317344534e+01 1.530710640672803535e+01 1.848483734234459419e+01 1.848530152023341699e+01 2.353041724853990146e+01 2.353151525616341999e+01
3.191516660243343823e-02 1.732344276166335739e-01 1.777666360338485407e-01 1.245019829780029452e+00 1.246206031417088633e+00 2.024385520667124183e+00 2.028095410579250135e+00 3.235843932033758197e+00 3.235909321896710988e+00 4.502411187777758173e+00 4.502506244986886230e+00 7.548619794942755590e+00 7.548813364609467946e+00 8.661888818440933946e+00 8.662109328111618822e+00 9.419660643204077033e+00 9.423388434485218568e+00 1.050012392102039271e+01 1.050019425159412201e+01 1.116446761823684675e+01 1.116499766236488966e+01 1.228307252763751656e+01 1.228369662010984875e+01 1.319734073222470983e+01 1.319771266598361059e+01 1.529935988578343675e+01 1.529943948846083401e+01 1.847715910264241757e+01 1.847759686791840039e+01 2.353323111722930605e+01 2.353426788584503626e+01
3.343493644064455400e-02 1.963614347829397699e-01 2.003298186579784423e-01 1.301983034227405245e+00 1.303075540511541286e+00 2.108837435017488549e+00 2.112266394224467270e+00 3.249114654835984162e+00 3.249177345180263909e+00 4.522570049367115708e+00 4.522667983529850666e+00 7.546743772820870610e+00 7.546920338654904192e+00 8.678600315942501808e+00 8.678821235370788756e+00 9.404785455907136438e+00 9.408243822928790578e+00 1.049732857817214615e+01 1.049739162515253810e+01 1.116830043434463171e+01 1.116880206524277597e+01 1.228441917346107104e+01 1.228498470935820386e+01 1.320084036173539666e+01 1.320118522473783607e+01 1.529140102097154141e+01 1.529147136967730525e+01 1.846907114836989194e+01 1.846948223410833023e+01 2.353615366929926367e+01 2.353712843985741188e+01
3.495470627885566978e-02 2.200833409110055094e-01 2.235693193716815075e-01 1.358616012619507041e+00 1.359615736993860624e+00 2.191439097318510498e+00 2.194585407088204043e+00 3.263341029862476983e+00 3.263399579857013677e+00 4.543545352451809016e+00 4.543646306477796770e+00 7.544753957438787850e+00 7.544915347185892074e+00 8.696186064691600492e+00 8.696405000775712324e+00 9.389492307667294924e+00 9.392683213432821532e+00 1.049459670758095342e+01 1.049465387482426415e+01 1.117214385605103821e+01 1.117261597769489256e+01 1.228584544108736765e+01 1.228635396900476451e+01 1.320430077123652168e+01 1.320461808217352129e+01 1.528315404014276346e+01 1.528321482365947226e+01 1.846057028981370607e+01 1.846095454604902386e+01 2.353918115851600135e+01 2.354009343886682970e+01
3.647447611706678555e-02 2.444240294861446949e-01 2.474895804741158445e-01 1.414904982131636846e+00 1.415813553653024082e+00 2.272055824218616404e+00 2.274919160095307813e+00 3.278602241969886144e+00 3.278655063204224618e+00 4.565321739234309284e+00 4.565425727284362800e+00 7.542647727892432208e+00 7.542796453563320291e+00 8.714652155076221263e+00 8.714866713094886919e+00 9.373816873204781075e+00 9.376743613625484031e+00 1.049194315946609279e+01 1.049199618777594800e+01 1.117598398376497393e+01 1.117642563577440029e+01 1.228735512426139742e+01 1.228780850684994341e+01 1.320769349344877419e+01 1.320798291433574256e+01 1.527463271228401531e+01 1.527468370657486751e+01 1.845165358787889787e+01 1.845201098078343094e+01 2.354230973152568751e+01 2.354315929755592407e+01
3.799424595527790133e-02 2.693924094857539919e-01 2.720864562456050129e-01 1.470836424020643518e+00 1.471656263007982357e+00 2.350540996019757856e+00 2.353122514940472865e+00 3.294990732821323043e+00 3.295036344671195661e+00 4.587883153787994495e+00 4.587990087390559246e+00 7.540422614874468188e+00 7.540561803946157937e+00 8.734002284665184135e+00 8.734210115936940966e+00 9.357797062059043824e+00 9.360464203790304083e+00 1.048938181625905841e+01 1.048943263583126573e+01 1.117980766482808441e+01 1.118021803587790153e+01 1.228895225792887835e+01 1.228935264288368145e+01 1.321098873839825494e+01 1.321125008396319167e+01 1.526585189219129468e+01 1.526589300819676609e+01 1.844231839982456833e+01 1.844264901019926839e+01 2.354553543402228755e+01 2.354632232962596206e+01
3.951401579348901710e-02 2.949877282456597194e-01 2.973500911076898956e-01 1.526397099141945324e+00 1.527131524325926470e+00 2.426734790892914440e+00 2.429037253002900076e+00 3.312613521845209963e+00 3.312650994013451200e+00 4.611212786824177456e+00 4.611322500375562683e+00 7.538076396675814195e+00 7.538209575105983440e+00 8.754236847103872066e+00 8.754435699491798673e+00 9.341473650585333743e+00 9.343886959973792372e+00 1.048692559607210484e+01 1.048697607305976476e+01 1.118360255418132887e+01 1.118398099430151049e+01 1.229064107255143412e+01 1.229099086208436553e+01 1.321415543113756641e+01 1.321438867836488384e+01 1.525682752246624219e+01 1.525685891789849435e+01 1.843256242515866106e+01 1.843286644624575032e+01 2.354885421669679602e+01 2.354957875270764589e+01
4.103378563170013288e-02 3.212027493706044456e-01 3.232667083736951441e-01 1.581574056850909349e+00 1.582227438424699706e+00 2.500463499940014600e+00 2.502491438505065613e+00 3.331592816783930822e+00 3.331622662872691265e+00 4.635293014046903970e+00 4.635405287537261110e+00 7.535607196845754530e+00 7.535737920791556910e+00 8.775351664015088815e+00 8.775539437045022595e+00 9.324891258867600285e+00 9.327057622879655341e+00 1.048458642268258068e+01 1.048463809703769201e+01 1.118735716838832950e+01 1.118770320011696739e+01 1.229242594096458241e+01 1.229272776043099213e+01 1.321716126097356891e+01 1.321736655963583118e+01 1.524757655286743230e+01 1.524759895960674605e+01 1.842238375147008256e+01 1.842266148610339016e+01 2.355226194092453440e+01 2.355292469322341375e+01
4.255355546991124865e-02 3.480257477014356837e-01 3.498197681425379568e-01 1.636354635564861271e+00 1.636932611094411572e+00 2.571539990078921090e+00 2.573299943493980280e+00 3.352065368846946836e+00 3.352091105502407409e+00 4.660105328885092213e+00 4.660219906573924042e+00 7.533013534048748738e+00 7.533144965500616408e+00 8.797336152921969799e+00 8.797510961435815346e+00 9.308099880521764291e+00 9.310027220355328481e+00 1.048237515041995493e+01 1.048242908449345023e+01 1.119106093337052954e+01 1.119137426177828409e+01 1.229431131804454225e+01 1.229456798462239675e+01 1.321997274329293681e+01 1.322015042924510198e+01 1.523811657141791898e+01 1.523813239835552658e+01 1.841178089997368517e+01 1.841203275708855003e+01 2.355575438412946099e+01 2.355635619127582459e+01
4.407332530812235749e-02 3.754418111895045373e-01 3.769907420940055154e-01 1.690726457024216645e+00 1.691236222015178869e+00 2.639766119714933357e+00 2.641266937045743113e+00 3.374181045846612381e+00 3.374209072159327416e+00 4.685630270949628695e+00 4.685746875322036153e+00 7.530294295563557228e+00 7.530428873459976025e+00 8.820170568677861311e+00 8.820330823432835032e+00 9.291157328272635851e+00 9.292854505840727697e+00 1.048030148776815373e+01 1.048035825650730679e+01 1.119470422611273008e+01 1.119498474781627451e+01 1.229630167338306457e+01 1.229651616616171239e+01 1.322255529460448109e+01 1.322270590970539317e+01 1.522846535650859678e+01 1.522848070604254644e+01 1.840075287054241571e+01 1.840097936107362742e+01 2.355932724472544493e+01 2.355986920568549436e+01
4.559309514633347327e-02 4.034337170684195728e-01 4.047596461719601413e-01 1.744677428617964488e+00 1.745128083529795981e+00 2.704938113372869601e+00 2.706191337895232696e+00 3.398099905874766069e+00 3.398134780489807216e+00 4.711847352083834650e+00 4.711965692869383382e+00 7.527448662783078781e+00 7.527587963575777863e+00 8.843821659209252672e+00 8.843966182684487976e+00 9.274133252890932155e+00 9.275609969101067165e+00 1.047837396146862154e+01 1.047843373038343984e+01 1.119827841047380090e+01 1.119852622194581571e+01 1.229840141692338662e+01 1.229857685077307217e+01 1.322487332001333016e+01 1.322499764761370855e+01 1.521864354718830725e+01 1.521866488587280841e+01 1.838929918600025104e+01 1.838950091820394661e+01 2.356297614646103256e+01 2.356345961938961509e+01
4.711286498454458904e-02 4.319825354329600575e-01 4.331054152150111691e-01 1.798195796667785284e+00 1.798598644908345090e+00 2.766855913587178861e+00 2.767876239831045027e+00 3.423981854495992572e+00 3.424023846614726807e+00 4.738734982354442238e+00 4.738854760775598862e+00 7.524476043183438101e+00 7.524620814907833299e+00 8.868235486029369952e+00 8.868363704223027000e+00 9.257115978205405327e+00 9.258382659000748305e+00 1.047659992504696902e+01 1.047666255313835393e+01 1.120177586705959882e+01 1.120199127293378538e+01 1.230061481679408075e+01 1.230075442485909853e+01 1.322689030809824828e+01 1.322698944672729127e+01 1.520867503709170343e+01 1.520870504660485700e+01 1.837741993545013841e+01 1.837759760969496270e+01 2.356669664184412127e+01 2.356712324557160798e+01
4.863263482275570482e-02 4.610680510966874701e-01 4.620061721327368698e-01 1.851270332267874519e+00 1.851638858852669989e+00 2.825337112594561884e+00 2.826142915811300949e+00 3.451971200926639671e+00 3.452017143429451096e+00 4.766270398764604010e+00 4.766391307544251887e+00 7.521376037858622965e+00 7.521526332532938675e+00 8.893324931157378543e+00 8.893437233909004647e+00 9.240224611263666787e+00 9.241292270517268648e+00 1.047498559670576235e+01 1.047505073053106806e+01 1.120519001680692739e+01 1.120537353973914563e+01 1.230294590642407293e+01 1.230305304284347123e+01 1.322856891421130854e+01 1.322864445376250764e+01 1.519858394026991633e+01 1.519862337486699211e+01 1.836511581641222079e+01 1.836527021949820693e+01 2.357048421401432137e+01 2.357085583520905203e+01
5.015240466096682059e-02 4.906690584293681434e-01 4.914394269217085554e-01 1.903890714188567035e+00 1.904239843903958285e+00 2.880234977836126475e+00 2.880848973878170849e+00 3.482178744432197881e+00 3.482222858646910169e+00 4.794429599852228385e+00 4.794551319848072701e+00 7.518148440639862429e+00 7.518303776719958975e+00 8.918946739773028654e+00 8.919045208239811728e+00 9.223631536511271989e+00 9.224511588872257306e+00 1.047353611398313333e+01 1.047360326314896817e+01 1.120851533725462623e+01 1.120866773298151742e+01 1.230539837071153997e+01 1.230547656649366850e+01 1.322987096321265099e+01 1.322992546960035298e+01 1.518839484200486822e+01 1.518844378905768266e+01 1.835238817554700219e+01 1.835252017463322005e+01 2.357433427577067064e+01 2.357465308739731569e+01
5.167217449917793637e-02 5.207635600818004695e-01 5.213822329288935187e-01 1.956047985373207121e+00 1.956392464239802953e+00 2.931458293094555856e+00 2.931908597109171843e+00 3.514661863837796218e+00 3.514696616098774928e+00 4.823187289643135145e+00 4.823309484259692859e+00 7.514793252975579207e+00 7.514952770205765020e+00 8.944856942966795899e+00 8.944946751609208491e+00 9.207606416648959069e+00 9.208310377173114958e+00 1.047225559931685090e+01 1.047232419441253448e+01 1.121174736865971511e+01 1.121186965550614012e+01 1.230797537158280264e+01 1.230802855664513018e+01 1.323075714900370592e+01 1.323079561212179733e+01 1.517813317681570773e+01 1.517819142940157207e+01 1.833923904773279290e+01 1.833934958399982662e+01 2.357824216296169340e+01 2.357851066531075901e+01
5.319194433738905214e-02 5.513288789324126693e-01 5.518113299806378658e-01 2.007734718354035497e+00 2.008087189413986895e+00 2.978988766185808323e+00 2.979311044073564840e+00 3.549405390369996471e+00 3.549424943141868294e+00 4.852516834627595976e+00 4.852639143338580929e+00 7.511310701976120718e+00 7.511473295200216782e+00 8.970619930789659691e+00 8.970711324874754311e+00 9.192606672011425673e+00 9.193145607941580977e+00 1.047114723469242747e+01 1.047121667146284985e+01 1.121488270113603924e+01 1.121497623071218186e+01 1.231067913622398713e+01 1.231071249464050155e+01 1.323118652954405938e+01 1.323121923534506372e+01 1.516782526843148737e+01 1.516789244649456769e+01 1.832567119324297167e+01 1.832576127552312784e+01 2.358220311584064532e+01 2.358242422427280260e+01
5.471171417560016098e-02 5.823416566224606239e-01 5.827033277914115406e-01 2.058944687500003035e+00 2.059314433904190000e+00 3.022891330438321589e+00 3.023132120162883574e+00 3.586299460202487577e+00 3.586325841060254760e+00 4.882390237478378303e+00 4.882512269836412955e+00 7.507701255071483004e+00 7.507865685813450263e+00 8.995417620041989082e+00 8.995526951442162300e+00 9.179468732407382703e+00 9.179852279766700818e+00 1.047021334514188950e+01 1.047028301850305176e+01 1.121791890974151151e+01 1.121798557150923870e+01 1.231350978858045764e+01 1.231353275326593177e+01 1.323111967351049856e+01 1.323115925169665452e+01 1.515749825925202465e+01 1.515757385842142924e+01 1.831168813268159923e+01 1.831175883158761053e+01 2.358621223285671320e+01 2.358638946754017240e+01
5.623148401381127676e-02 6.137776093768474439e-01 6.140350778778589369e-01 2.109672332036257369e+00 2.110065090233253837e+00 3.063317460111727453e+00 3.063530602719371387e+00 3.625162615739966565e+00 3.625226078118373163e+00 4.912778131086043665e+00 4.912899462485535551e+00 7.503965628753993755e+00 7.504130617720526253e+00 9.017671245472033803e+00 9.017820253830125310e+00 9.169786865470024750e+00 9.170022258529412440e+00 1.046945549133601538e+01 1.046952482194733314e+01 1.122085427983071604e+01 1.122089724735037386e+01 1.231646661825550382e+01 1.231649312315004963e+01 1.323052176400164726e+01 1.323057455448853936e+01 1.514717999383496760e+01 1.514726341019366096e+01 1.829729417899346089e+01 1.829734662307980742e+01 2.359026435804979727e+01 2.359040226871015378e+01
5.775125385202239253e-02 6.456105589253849919e-01 6.457847298964441984e-01 2.159912386857096411e+00 2.160330876315766702e+00 3.100502212906159905e+00 3.100727156008908914e+00 3.665757672680364898e+00 3.665869432223709534e+00 4.943649796115569650e+00 4.943769966320372689e+00 7.500104790797619714e+00 7.500269095137289455e+00 9.034571116862167628e+00 9.034783330938299883e+00 9.166382174729564625e+00 9.166478181478927567e+00 1.046887457165027513e+01 1.046894302692667011e+01 1.122368650739715434e+01 1.122371356438658907e+01 1.231955405956152205e+01 1.231959062162011520e+01 1.322935788754674213e+01 1.322942531414789613e+01 1.513689887250952815e+01 1.513698941857506775e+01 1.828249446417410695e+01 1.828252984407122028e+01 2.359435381543077881e+01 2.359445894744330730e+01
5.927102369023350831e-02 6.778097717630907626e-01 6.779344493768327817e-01 2.209659757235478583e+00 2.210104418609451393e+00 3.134738220038374212e+00 3.134988224457361472e+00 3.707791866499337452e+00 3.707958655818280214e+00 4.974973204669002058e+00 4.975091719756428610e+00 7.496119956098772796e+00 7.496282434630489711e+00 9.042742552460438787e+00 9.043028145800722228e+00 9.172612542621495280e+00 9.172642771723712229e+00 1.046847093418978503e+01 1.046853804501655816e+01 1.122641145971116927e+01 1.122644077323628942e+01 1.232277506304527215e+01 1.232282190102052333e+01 1.322759251026424465e+01 1.322767414733930913e+01 1.512668368008751685e+01 1.512678059757470628e+01 1.826729494546079025e+01 1.826731456204348447e+01 2.359847394889101224e+01 2.359855674002931636e+01
6.079079352844462408e-02 7.103423655162981465e-01 7.104680458565046930e-01 2.258909524061956109e+00 2.259379182167189803e+00 3.166339645587624041e+00 3.166612434828281586e+00 3.750948233118196473e+00 3.751173653466207014e+00 5.006715091775816084e+00 5.006831429736034345e+00 7.492012576557502967e+00 7.492172245231528471e+00 9.041355280268911443e+00 9.041703861716650081e+00 9.189293100838687778e+00 9.189391252929514309e+00 1.046824449943231450e+01 1.046830987340545605e+01 1.122903388015228643e+01 1.122907832032603181e+01 1.232612923329346089e+01 1.232618488151129021e+01 1.322519079242391804e+01 1.322528550775947487e+01 1.511656339209520716e+01 1.511666586371119791e+01 1.825170209368551610e+01 1.825170808068426709e+01 2.360261745523255783e+01 2.360269347726874400e+01
6.231056336665573986e-02 7.431914037565744424e-01 7.433528960967171750e-01 2.307656975561813706e+00 2.308149349454659660e+00 3.195619157056736714e+00 3.195907155923406240e+00 3.794909345875753459e+00 3.795194059959456467e+00 5.038841055359247534e+00 5.038954675179958542e+00 7.487784325555111309e+00 7.487940404416088214e+00 9.033028053133341118e+00 9.033429893423727819e+00 9.213886370897464317e+00 9.214023208710324653e+00 1.046819489442080275e+01 1.046825822610738932e+01 1.123156217069842455e+01 1.123162400927327198e+01 1.232961435863612820e+01 1.232967698096394749e+01 1.322211934622274399e+01 1.322222569277963267e+01 1.510656696066399007e+01 1.510667412188444025e+01 1.823571601838474976e+01 1.823572586039846399e+01 2.360677954085199559e+01 2.360686443919628630e+01
6.383033320486684870e-02 7.763450127749061958e-01 7.765508336102305842e-01 2.355897618905075319e+00 2.356409692443457438e+00 3.222872680303281001e+00 3.223167558257579390e+00 3.839375244990804958e+00 3.839717270753827183e+00 5.071315684102128074e+00 5.071426037811381349e+00 7.483437077725275444e+00 7.483589029604099885e+00 9.020742348322382753e+00 9.021194679650291093e+00 9.243396099451677728e+00 9.243555983250800523e+00 1.046832159982259469e+01 1.046838267825587643e+01 1.123400192609965842e+01 1.123408039831051930e+01 1.233322676338998214e+01 1.233329450886182599e+01 1.321834676199655867e+01 1.321846313860513433e+01 1.509672308264438456e+01 1.509683403384200950e+01 1.821935020374380798e+01 1.821937182222661633e+01 2.361095877557269773e+01 2.361106151319822644e+01
6.535010304307796447e-02 8.097833078741858426e-01 8.100312207068373072e-01 2.403627159899903720e+00 2.404155447841158200e+00 3.248369136725251849e+00 3.248663449993401287e+00 3.884074938121931275e+00 3.884470078817292116e+00 5.104102711342006771e+00 5.104209258209700728e+00 7.478972884896751161e+00 7.479120444881621310e+00 9.006344223636535418e+00 9.006845055704088665e+00 9.275962021710853378e+00 9.276138435107434077e+00 1.046862411168331164e+01 1.046868282502692260e+01 1.123635857661710702e+01 1.123645207700503157e+01 1.233696128949492277e+01 1.233703241411145690e+01 1.321384408537067756e+01 1.321396881827618586e+01 1.508705995318667625e+01 1.508717377219608480e+01 1.820261869982162395e+01 1.820265119052614011e+01 2.361515334126896093e+01 2.361527695791898296e+01
6.686987288128908025e-02 8.434824198906902826e-01 8.437669153428307700e-01 2.450841451585185293e+00 2.451382192817795236e+00 3.272345150077427878e+00 3.272632821932508485e+00 3.928772071504050167e+00 3.929214408280821136e+00 5.137165191854192514e+00 5.137267413783191294e+00 7.474393949276251448e+00 7.474537142674996915e+00 8.990814710158128165e+00 8.991360310865495364e+00 9.310588215787278799e+00 9.310777910138682500e+00 1.046910212035560761e+01 1.046915845736633877e+01 1.123863817831823475e+01 1.123874478353100592e+01 1.234081118679992528e+01 1.234088410336631192e+01 1.320858529514731217e+01 1.320871668858981174e+01 1.507760500878883647e+01 1.507772076383197479e+01 1.818553222691160087e+01 1.818557441639577021e+01 2.361935994474675837e+01 2.361950450351637798e+01
6.838964271950019602e-02 8.774170572344384134e-01 8.777316998598966302e-01 2.497536415159256951e+00 2.498085716061532846e+00 3.295003826188284357e+00 3.295280177074062955e+00 3.973266184750735341e+00 3.973748566000385285e+00 5.170465697231718671e+00 5.170563114304440155e+00 7.469702595033940185e+00 7.469841740218666537e+00 8.974681225943575313e+00 8.975266294902869646e+00 9.346728457594576156e+00 9.346929166350555818e+00 1.046975570989107673e+01 1.046980975749684717e+01 1.124084753515390389e+01 1.124096517863155675e+01 1.234476796836369594e+01 1.234484126833082307e+01 1.320254779492185726e+01 1.320268416810563217e+01 1.506838466455428716e+01 1.506850142735410003e+01 1.816810234388641021e+01 1.816815303086297462e+01 2.362357447634959584e+01 2.362373870681044608e+01
6.990941255771131180e-02 9.115612676332753850e-01 9.118995092760728838e-01 2.543707936164318006e+00 2.544261879544275295e+00 3.316516270531584265e+00 3.316777885711865714e+00 4.017391091369968414e+00 4.017905578555314605e+00 5.203966524629491275e+00 5.204058709807059202e+00 7.464901239269628341e+00 7.465036931029201739e+00 8.958245306254363882e+00 8.958863638851617850e+00 9.384057384324187012e+00 9.384267069952757723e+00 1.047058558216086332e+01 1.047063751823352362e+01 1.124299418809266982e+01 1.124312074146636853e+01 1.234882124232045442e+01 1.234889370417537613e+01 1.319571292101038296e+01 1.319585263841809031e+01 1.505942405105782456e+01 1.505954090990647032e+01 1.815034155711331465e+01 1.815039955115080872e+01 2.362779247586674813e+01 2.362797449974491926e+01
7.142918239592242757e-02 9.458886760212547040e-01 9.462441840887270139e-01 2.589351737731490299e+00 2.589906467417103286e+00 3.337024638112494834e+00 3.337269192493959924e+00 4.061011672302050179e+00 4.061549923979341337e+00 5.237629912978889024e+00 5.237716505061881911e+00 7.459992362687486889e+00 7.460125432414259627e+00 8.941692071633466909e+00 8.942337100262530925e+00 9.422360726837998968e+00 9.422577355436464686e+00 1.047159331113754277e+01 1.047164339154449486e+01 1.124508636799317429e+01 1.124521969123236964e+01 1.235295852094913727e+01 1.235302911082534116e+01 1.318806646606928545e+01 1.318820796413813135e+01 1.505074675672823581e+01 1.505086282923870122e+01 1.813226333601071261e+01 1.813232747388953570e+01 2.363200933694125538e+01 2.363220699994901963e+01
7.294895223413354335e-02 9.803725699497533030e-01 9.807393772170197588e-01 2.634463231661875682e+00 2.635015019246008450e+00 3.356645836854555753e+00 3.356871926003203832e+00 4.104019998889438803e+00 4.104573588958738029e+00 5.271418260444072246e+00 5.271498974576340757e+00 7.454978479204974029e+00 7.455109931292976277e+00 8.925143217373317839e+00 8.925808375005125583e+00 9.461482211410272569e+00 9.461703704310377105e+00 1.047278163418266139e+01 1.047283017365754354e+01 1.124713293411755544e+01 1.124727091330129269e+01 1.235716500399984064e+01 1.235723287107042268e+01 1.317959921693532443e+01 1.317974102848002538e+01 1.504237458196775634e+01 1.504248902721898062e+01 1.811388211660444369e+01 1.811395127388284365e+01 2.363622039699473376e+01 2.363643143634936195e+01
7.446872207234465912e-02 1.014985934728704686e+00 1.015358513532110596e+00 2.679037347242471778e+00 2.679582645203482549e+00 3.375475328645876516e+00 3.375682324101015652e+00 4.146331362591670455e+00 4.146892036505696488e+00 5.305294336899994079e+00 5.305368972109504533e+00 7.449862102633379557e+00 7.449993031813370692e+00 8.908683834489561804e+00 8.909362787852561638e+00 9.501296640853661657e+00 9.501520886118473896e+00 1.047415478898845187e+01 1.047420213638750397e+01 1.124914330470311619e+01 1.124928388415892577e+01 1.236142333164026574e+01 1.236148779964093336e+01 1.317030750535885453e+01 1.317044828240741339e+01 1.503432731129687916e+01 1.503443934108047131e+01 1.809521330006926121e+01 1.809528640144450762e+01 2.364042098188568275e+01 2.364064312056857986e+01
7.598849191055577490e-02 1.049701470265204106e+00 1.050074770357530607e+00 2.723068336876627082e+00 2.723603820857549263e+00 3.393590720669907412e+00 3.393778654159136376e+00 4.187880533976246156e+00 4.188440409913016360e+00 5.339221485550320168e+00 5.339289929053369299e+00 7.444645708368345716e+00 7.444777208551661474e+00 8.892376703763940071e+00 8.893063501356950340e+00 9.541695461127854827e+00 9.541920344887339311e+00 1.047571890728691457e+01 1.047576541722276744e+01 1.125112738197040585e+01 1.125126859349589026e+01 1.236571330127334889e+01 1.236577385698642928e+01 1.316019377100851706e+01 1.316033230639133755e+01 1.502662250961098778e+01 1.502673139850126205e+01 1.807627324748791153e+01 1.807634927710275008e+01 2.364460643195650036e+01 2.364483743739468480e+01
7.750826174876689068e-02 1.084491600936359879e+00 1.084861067680586322e+00 2.766549556722588399e+00 2.767072158857352804e+00 3.411055006576853899e+00 3.411224481993491153e+00 4.228618403997325359e+00 4.229170126782300976e+00 5.373163808430945210e+00 5.373226036661024274e+00 7.439331689337691067e+00 7.439464767844878423e+00 8.876270297793295683e+00 8.876959462820039448e+00 9.582578554835931683e+00 9.582801998221556872e+00 1.047748247990570292e+01 1.047752848402423353e+01 1.125309547266598820e+01 1.125323546307178368e+01 1.237001154161489147e+01 1.237006782091592783e+01 1.314926713720016593e+01 1.314940238508002146e+01 1.501927534814748277e+01 1.501938044214488421e+01 1.805707927114340805e+01 1.805715728341625237e+01 2.364877211992705597e+01 2.364900984378575899e+01
7.902803158697800645e-02 1.119328482890224796e+00 1.119690063522784218e+00 2.809473219456588122e+00 2.809980154084279924e+00 3.427919418856756995e+00 3.428071548093434284e+00 4.268509057916586968e+00 4.269045913064216435e+00 5.407086331397026768e+00 5.407142407944479423e+00 7.433922307830712839e+00 7.434057817485481223e+00 8.860403463186171891e+00 8.861090049865831375e+00 9.623849268189966111e+00 9.624069264616034403e+00 1.047945691245491773e+01 1.047950269405747115e+01 1.125505820474135277e+01 1.125519526242608670e+01 1.237429113678010673e+01 1.237434290874589138e+01 1.313754400108414799e+01 1.313767509651905740e+01 1.501229846500025999e+01 1.501239918853980626e+01 1.803764962245513104e+01 1.803772875387446106e+01 2.365291346499216729e+01 2.365315587196469238e+01
8.054780142518912223e-02 1.154184010527408599e+00 1.154534152363559718e+00 2.851830114879668976e+00 2.852318897661489938e+00 3.444225910889701758e+00 3.444362266944426487e+00 4.307527275483323592e+00 4.308043269870617031e+00 5.440955145193242082e+00 5.441005216048639070e+00 7.428419646884468541e+00 7.428558242986862403e+00 8.844808268709233090e+00 8.845487893145538294e+00 9.665411159782715700e+00 9.665625810590341871e+00 1.048165719686323705e+01 1.048170297184703337e+01 1.125702644051272294e+01 1.125715902167956628e+01 1.237852119283226493e+01 1.237856834236758985e+01 1.312504864130243476e+01 1.312517491881021137e+01 1.500570186400841877e+01 1.500579772517774302e+01 1.801800347662278057e+01 1.801808295892569944e+01 2.365702594504875478e+01 2.365727113457426967e+01
8.206757126340023800e-02 1.189029822794601454e+00 1.189365465471108552e+00 2.893609292228995766e+00 2.894077753496326899e+00 3.460009316638323895e+00 3.460131892721542535e+00 4.345656423102894017e+00 4.346146337878420418e+00 5.474737520273396996e+00 5.474781806955935970e+00 7.422825565478248677e+00 7.422967688062740876e+00 8.829511797253244865e+00 8.830180649734270304e+00 9.707165660597258494e+00 9.707373208330864145e+00 1.048410273093345957e+01 1.048414863645711215e+01 1.125901118645480103e+01 1.125913794173105664e+01 1.238266633955020346e+01 1.238270884898272861e+01 1.311181384708126352e+01 1.311193485793085323e+01 1.499949285464070670e+01 1.499958344851366476e+01 1.799816091404664675e+01 1.799824008919115315e+01 2.366110510794486288e+01 2.366135133088879883e+01
8.358734110161135378e-02 1.223837309400351847e+00 1.224155872395860323e+00 2.934797695564177911e+00 2.935243988627833645e+00 3.475299249521082601e+00 3.475410405354086851e+00 4.382886692688986230e+00 4.383346113238468789e+00 5.508401994089065390e+00 5.508440785417227481e+00 7.417141660910974821e+00 7.417287537826245725e+00 8.814537306595676469e+00 8.815192149663714005e+00 9.749010179625681616e+00 9.749209038742197464e+00 1.048681832579338824e+01 1.048686441643131495e+01 1.126102349959113802e+01 1.126114330216949710e+01 1.238668616149167789e+01 1.238672409160158594e+01 1.309788157287490584e+01 1.309799710035136222e+01 1.499367603415837813e+01 1.499376104421730105e+01 1.797814289863419290e+01 1.797822123589640242e+01 2.366514658217083067e+01 2.366539225353764309e+01
8.510711093982246955e-02 1.258577616806315413e+00 1.258876983057614085e+00 2.975379740275883034e+00 2.975802345382531300e+00 3.490121805663626731e+00 3.490224174983342476e+00 4.419213640008901045e+00 4.419638967220917536e+00 5.541918430536067142e+00 5.541952073976886162e+00 7.411369240297864813e+00 7.411518904620049142e+00 8.799905000282796763e+00 8.800543155416951535e+00 9.790836364679538661e+00 9.791025149765131275e+00 1.048983544918413280e+01 1.048988169927162950e+01 1.126307439023192281e+01 1.126318636721009625e+01 1.239053455541292159e+01 1.239056802641139043e+01 1.308330362129978219e+01 1.308341369234944729e+01 1.498825331194663413e+01 1.498833250963516228e+01 1.795797125319428744e+01 1.795804836847451114e+01 2.366914608718687063e+01 2.366938979541587784e+01
8.662688077803358533e-02 1.293221653718475972e+00 1.293500149947356848e+00 3.015336814359222739e+00 3.015734538969234269e+00 3.504501131620374021e+00 3.504597468916703651e+00 4.454636977951050625e+00 4.455025424703303649e+00 5.575258052079608007e+00 5.575286945814295514e+00 7.405509301951546774e+00 7.405662617502310141e+00 8.785632550519824946e+00 8.786251875386136945e+00 9.832528319747668277e+00 9.832705871510896145e+00 1.049319375987210279e+01 1.049324007049527729e+01 1.126517472059423319e+01 1.126527828991025082e+01 1.239415901669556597e+01 1.239418818976973924e+01 1.306814235312970673e+01 1.306824724352088118e+01 1.498322397453611110e+01 1.498329721705227868e+01 1.793766863228325548e+01 1.793774430913865103e+01 2.367309944346538586e+01 2.367333995656554535e+01
8.814665061624468723e-02 1.327740095744488036e+00 1.327996470020800457e+00 3.054646682332287533e+00 3.055018658401562170e+00 3.518460904629931552e+00 3.518553877390249607e+00 4.489159584618097831e+00 4.489509161418730798e+00 5.608393445743634409e+00 5.608418032821719024e+00 7.399562526809511098e+00 7.399719216939360855e+00 8.771735459157488535e+00 8.772334316862233194e+00 9.873960632125056591e+00 9.874126041610940874e+00 1.049694299227275174e+01 1.049698920180869699e+01 1.126733509872006955e+01 1.126743001472515004e+01 1.239749986696081585e+01 1.239752492723475008e+01 1.305247141501952690e+01 1.305257164361133171e+01 1.497858478857006581e+01 1.497865201507248756e+01 1.791725849312078367e+01 1.791733270397237732e+01 2.367700258226558319e+01 2.367723885086872926e+01
8.966642045445580300e-02 1.362103388869331910e+00 1.362336785915976511e+00 3.093282762288687593e+00 3.093628441259591355e+00 3.532025766676887724e+00 3.532117744022027939e+00 4.522786691020325378e+00 4.523096185286179072e+00 5.641298544666283554e+00 5.641319310827165978e+00 7.393529279919539121e+00 7.393688956307916449e+00 8.758227310521592202e+00 8.758804532019526690e+00 9.914996100850670402e+00 9.915148732485999261e+00 1.050114524446233766e+01 1.050119114251996422e+01 1.126956576739854832e+01 1.126965217781287265e+01 1.240048945025625393e+01 1.240051059257277544e+01 1.303637646126555971e+01 1.303647276782401754e+01 1.497433013787535394e+01 1.497439136433191464e+01 1.789676506550655333e+01 1.789683798977323903e+01 2.368085155512169138e+01 2.368108271242568463e+01
9.118619029266691878e-02 1.396281751413063654e+00 1.396491686190593384e+00 3.131213237398375870e+00 3.131532383643151007e+00 3.545222769192385215e+00 3.545315678347648269e+00 4.555525217586057884e+00 4.555794172598170988e+00 5.673948587421905110e+00 5.673966064015178112e+00 7.387409622068070725e+00 7.387571811618044215e+00 8.745119950535086062e+00 8.745674791221349054e+00 9.955483105140899625e+00 9.955622619336786272e+00 1.050587769507976965e+01 1.050592304103880181e+01 1.127187648927337627e+01 1.127195500262646988e+01 1.240305134810965804e+01 1.240306876847999007e+01 1.301995582271105079e+01 1.302004912425783623e+01 1.497045218991975801e+01 1.497050750287698229e+01 1.787621332187635659e+01 1.787628535567045418e+01 2.368464254300490168e+01 2.368486790151408883e+01
9.270596013087803455e-02 1.430245174162093846e+00 1.430431504359592321e+00 3.168399952445069889e+00 3.168692635966897431e+00 3.558082917020378932e+00 3.558178207503220669e+00 4.587383232077095307e+00 4.587611935408928865e+00 5.706320058183247390e+00 5.706334830028737315e+00 7.381203331762953290e+00 7.381367500608184251e+00 8.732423614765409070e+00 8.732955706274571739e+00 9.995252634674303138e+00 9.995379010654321661e+00 1.051123570349474967e+01 1.051128025265859200e+01 1.127427643328495499e+01 1.127434818393165905e+01 1.240509969605686891e+01 1.240511359576476202e+01 1.300332104142988676e+01 1.300341236581394710e+01 1.496694108631416498e+01 1.496699063590671486e+01 1.785562894838903247e+01 1.785570069877826072e+01 2.368837186510056370e+01 2.368859091004417294e+01
9.422572996908915033e-02 1.463963418389992333e+00 1.464126316632870406e+00 3.204797034899326214e+00 3.205063624194242067e+00 3.570642918355920070e+00 3.570741619661559341e+00 4.618369502763132850e+00 4.618559003015930919e+00 5.738390612742400698e+00 5.738403325293199408e+00 7.374909937877135668e+00 7.375075512119718901e+00 8.720147020625525158e+00 8.720656318945286145e+00 1.003411516173504481e+01 1.003422872073306138e+01 1.051733609719182461e+01 1.051737963996190928e+01 1.127677407422033262e+01 1.127684074631291899e+01 1.240653872524936752e+01 1.240654934802411447e+01 1.298659714307926016e+01 1.298668754540381443e+01 1.496378515166167134e+01 1.496382914421776533e+01 1.783503831681489871e+01 1.783511057425090129e+01 2.369203598712498149e+01 2.369224836644609766e+01
9.574549980730026610e-02 1.497406011472317777e+00 1.497545938435965507e+00 3.240349171926556249e+00 3.240590328055806602e+00 3.582947239561541153e+00 3.583050068631171481e+00 4.648493117175704903e+00 4.648645310689098586e+00 5.770138998050687640e+00 5.770150347216583597e+00 7.368528763304177609e+00 7.368695146458517975e+00 8.708297434225325873e+00 8.708784165379716669e+00 1.007185782241856487e+01 1.007195924977705381e+01 1.052432016864027808e+01 1.052436259074716496e+01 1.127937711893895134e+01 1.127944086097825505e+01 1.240726269258829362e+01 1.240727046312560411e+01 1.296992246181187625e+01 1.297001293672225586e+01 1.496097111495599741e+01 1.496100980559162075e+01 1.781446845506679466e+01 1.781454214201948361e+01 2.369563152908565584e+01 2.369583703995229129e+01
9.726526964551138188e-02 1.530542239674711924e+00 1.530659920119301187e+00 3.274989477464957055e+00 3.275206150568297225e+00 3.595050541580261161e+00 3.595158019767740409e+00 4.677763120670300090e+00 4.677881010644938442e+00 5.801544970177072713e+00 5.801555652242431194e+00 7.362058979975543593e+00 7.362225567292655093e+00 8.696880719297739759e+00 8.697345324035014258e+00 1.010824284972261289e+01 1.010833321060440149e+01 1.053235543373837757e+01 1.053239680631709518e+01 1.128209245043645481e+01 1.128215562663596572e+01 1.240715638691540512e+01 1.240716234472007251e+01 1.295344777181752605e+01 1.295353917778299291e+01 1.495848433786643561e+01 1.495851802350884796e+01 1.779394701259020550e+01 1.779402311409393533e+01 2.369915527236430108e+01 2.369935384426948843e+01
9.878503948372249766e-02 1.563341137228184463e+00 1.563437542941594982e+00 3.308636913698419058e+00 3.308830343286271347e+00 3.607020535721972010e+00 3.607133091065708452e+00 4.706188083103127973e+00 4.706276471098167491e+00 5.832589199003327174e+00 5.832599824738334604e+00 7.355499675559484807e+00 7.355665865510631285e+00 8.685901373607515907e+00 8.686344452702728702e+00 1.014300888480788743e+01 1.014308962087111432e+01 1.054163452875259388e+01 1.054167522934816326e+01 1.128492603536999184e+01 1.128499086535924611e+01 1.240609672439944333e+01 1.240610303104840817e+01 1.293733442801261191e+01 1.293742743605629109e+01 1.495630904457615706e+01 1.495633805793228177e+01 1.777350221718661416e+01 1.777358170593121045e+01 2.370260416597543340e+01 2.370279584067133527e+01
1.003048093219336134e-01 1.595771469299755552e+00 1.595847818152632769e+00 3.341193321190829124e+00 3.341365041210616837e+00 3.618941206638333075e+00 3.619059249752121232e+00 4.733775468912797102e+00 4.733842566443770217e+00 5.863253137598638531e+00 5.863264161418765497e+00 7.348849932117286876e+00 7.349015135365778661e+00 8.675362556921607293e+00 8.675784818826651090e+00 1.017587754905806818e+01 1.017595043305605884e+01 1.055236887968240289e+01 1.055240971696440688e+01 1.128788273827375654e+01 1.128795098644063977e+01 1.240395652816059702e+01 1.240396528696392942e+01 1.292175120010380596e+01 1.292184627122476037e+01 1.495442854831861190e+01 1.495445325343216858e+01 1.775316282253925948e+01 1.775324659265026028e+01 2.370597533182914418e+01 2.370616024057768456e+01
1.018245791601447292e-01 1.627801701365819476e+00 1.627859497340127692e+00 3.372540318278729909e+00 3.372692166147730042e+00 3.630916146745249762e+00 3.631040113670688019e+00 4.760531445824466523e+00 4.760590605305166534e+00 5.893518861437446965e+00 5.893530568080692866e+00 7.342108916947220010e+00 7.342272563156034160e+00 8.665266113745254017e+00 8.665668326342329308e+00 1.020656801094434485e+01 1.020663503060445798e+01 1.056477443661754734e+01 1.056481670045601184e+01 1.129096605981998636e+01 1.129103889694345852e+01 1.240060892545395710e+01 1.240062123033332853e+01 1.290686953692185135e+01 1.290696692462817907e+01 1.495282547033209042e+01 1.495284626058639255e+01 1.773295804882604543e+01 1.773304686773160554e+01 2.370926606881350196e+01 2.370944440771345896e+01
1.033443489983558450e-01 1.659399928274726710e+00 1.659441121678048914e+00 3.402536736966741859e+00 3.402670860345496262e+00 3.643071342682024039e+00 3.643201697893801771e+00 4.786463681548991822e+00 4.786529332137727799e+00 5.923368905904226267e+00 5.923381441448153595e+00 7.335275985808776156e+00 7.335437528632091642e+00 8.655612593452543635e+00 8.655995541551206429e+00 1.023482129281912023e+01 1.023488445289410897e+01 1.057904772948341332e+01 1.057909306499219504e+01 1.129417786502300736e+01 1.129425588916008749e+01 1.239593281792864055e+01 1.239594924164584810e+01 1.289285716573549223e+01 1.289295693591223291e+01 1.495148194759420690e+01 1.495149924732027991e+01 1.771291752005858910e+01 1.771301200055476244e+01 2.371247385551810893e+01 2.371264585994705598e+01
1.048641188365669608e-01 1.690533658355336311e+00 1.690561215889875069e+00 3.431017952740819776e+00 3.431136795657015792e+00 3.655556067017668553e+00 3.655693258385710465e+00 4.811582939106893164e+00 4.811663179505563548e+00 5.952786112893547532e+00 5.952799525883079035e+00 7.328350798696529722e+00 7.328509719291975699e+00 8.646401270057173960e+00 8.646765720001855726e+00 1.026043273998952188e+01 1.026049382206308813e+01 1.059533375072648553e+01 1.059538384630789132e+01 1.129751813412182848e+01 1.129760146869197257e+01 1.238982062775085780e+01 1.238984153388200404e+01 1.287987024120548085e+01 1.287997230102167201e+01 1.495037982645418495e+01 1.495039409751830561e+01 1.769307120087144014e+01 1.769317179001698648e+01 2.371559635145536404e+01 2.371576227088972644e+01
1.063838886747780765e-01 1.721169193749390258e+00 1.721188887169326387e+00 3.457799406104645534e+00 3.457905636882548261e+00 3.668539588588850098e+00 3.668683948531842987e+00 4.835899092170332203e+00 4.835996139707424923e+00 5.981753478577690686e+00 5.981767752830497997e+00 7.321333448328748439e+00 7.321489257707363585e+00 8.637630163597460609e+00 8.637976835932105857e+00 1.028328570071978909e+01 1.028334606813550955e+01 1.061369251516352996e+01 1.061374874666925194e+01 1.130098472594682768e+01 1.130107313054955753e+01 1.238218690279211742e+01 1.238221252466104083e+01 1.286804468444573679e+01 1.286814881355121543e+01 1.494950084048578276e+01 1.494951259443842417e+01 1.767344933376226024e+01 1.767355631317136755e+01 2.371863139670028175e+01 2.371879147128904108e+01
1.079036585129891784e-01 1.751272141749329991e+00 1.751293295935995475e+00 3.482687386204672997e+00 3.482783717767381937e+00 3.682200632740625590e+00 3.682352232317258167e+00 4.859419773312663615e+00 4.859533034937633111e+00 6.010253994216277817e+00 6.010269070507054501e+00 7.314224601531170933e+00 7.314376842035560600e+00 8.629296064890453977e+00 8.629625615501716140e+00 1.030337504479282096e+01 1.030343556543786576e+01 1.063407566378097791e+01 1.063413885931880998e+01 1.130457313453785773e+01 1.130466610099834135e+01 1.237297660195801896e+01 1.237300704721422662e+01 1.285748778568498096e+01 1.285759366511860691e+01 1.494882677354117817e+01 1.494883658512874192e+01 1.765408237650897760e+01 1.765419586907729155e+01 2.372157700995712659e+01 2.372173145017960394e+01
1.094234283512002942e-01 1.780811262262052885e+00 1.780839795198133402e+00 3.505499631127100724e+00 3.505588517361865275e+00 3.696707008389685356e+00 3.696865497320733329e+00 4.882151067198817529e+00 4.882278767752689319e+00 6.038270476659116426e+00 6.038286266088750409e+00 7.307025653730661929e+00 7.307173899899863656e+00 8.621394565201358162e+00 8.621707574796978690e+00 1.032081026762502063e+01 1.032087135794947663e+01 1.065632345290038252e+01 1.065639383021946252e+01 1.130827622813050581e+01 1.130837305650449309e+01 1.236217177985460225e+01 1.236220701727626192e+01 1.284827140426582304e+01 1.284837864060089352e+01 1.494833961401287503e+01 1.494834811822580356e+01 1.763500093898015209e+01 1.763512091854641639e+01 2.372443138515535921e+01 2.372458035567797552e+01
1.109431981894114100e-01 1.809755640455898540e+00 1.809792751572996350e+00 3.526094940387055843e+00 3.526178233317324384e+00 3.712186141103459569e+00 3.712350637288054589e+00 4.904097964175243796e+00 4.904237831668904590e+00 6.065785387603994216e+00 6.065801779864323784e+00 7.299738896820284317e+00 7.299882755863580819e+00 8.613920092152588026e+00 8.614217063400911201e+00 1.033579596768545450e+01 1.033585770679656690e+01 1.068018441171276756e+01 1.068026164548270351e+01 1.131208396809002359e+01 1.131218382549750068e+01 1.234979544522930794e+01 1.234983529409218583e+01 1.284042801122506816e+01 1.284053615528091896e+01 1.494802170729349022e+01 1.494802954759014213e+01 1.761623571855886539e+01 1.761636202045339772e+01 2.372719288675819271e+01 2.372733649524670341e+01
1.124629680276225258e-01 1.838072521444525931e+00 1.838117713420114319e+00 3.544404653358034007e+00 3.544483397560448168e+00 3.728693609926589492e+00 3.728862707259519738e+00 4.925264538896097832e+00 4.925414113794458260e+00 6.092780641197103719e+00 6.092797510028776564e+00 7.292367700706972045e+00 7.292506812769795843e+00 8.606865952952329479e+00 8.607147314177920450e+00 1.034859740218716517e+01 1.034865965848453762e+01 1.070534997304621072e+01 1.070543332504609957e+01 1.131598311062903939e+01 1.131608507725970725e+01 1.233591184888983605e+01 1.233595597887330619e+01 1.283395032619627152e+01 1.283405888700032094e+01 1.494785589204467868e+01 1.494786361651385320e+01 1.759781743359734563e+01 1.759794976508107212e+01 2.372986004401616000e+01 2.372999833522044710e+01
1.139827378658336415e-01 1.865728234318217993e+00 1.865780501263902158e+00 3.560453394144589723e+00 3.560527882552311674e+00 3.746192337021243546e+00 3.746364252373581394e+00 4.945654023567652047e+00 4.945810817504529666e+00 6.119237399489288798e+00 6.119254606739445101e+00 7.284916708887752890e+00 7.285050747252499015e+00 8.600224385758979295e+00 8.600490499800709898e+00 1.035950348221007999e+01 1.035956601690581458e+01 1.073149169076981124e+01 1.073158014977414787e+01 1.131995689773734881e+01 1.132006000370088472e+01 1.232062321546331596e+01 1.232067115886201947e+01 1.282879453829559679e+01 1.282890299373906196e+01 1.494782558395742633e+01 1.494783355989974893e+01 1.757977675452826105e+01 1.757991470476754969e+01 2.373243154441037106e+01 2.373256449939578872e+01
1.155025077040447573e-01 1.892688622988673908e+00 1.892746805675100452e+00 3.574358381746840507e+00 3.574428422121880722e+00 3.764553257454643642e+00 3.764726058215827731e+00 4.965268845907222506e+00 4.965430433513290609e+00 6.145135855148776471e+00 6.145153254217951222e+00 7.277392048395969759e+00 7.277520719720564024e+00 8.593986619725177079e+00 8.594237796431903220e+00 1.036879699234955865e+01 1.036885952830213675e+01 1.075829122469837174e+01 1.075838362656039138e+01 1.132398474712178427e+01 1.132408800278881422e+01 1.230406368141005302e+01 1.230411485560047424e+01 1.282488635089715778e+01 1.282499415665722786e+01 1.494791481252276100e+01 1.494792322055380218e+01 1.756214423241877753e+01 1.756228728198208699e+01 2.373490622650474435e+01 2.373503376652732655e+01
1.170222775422558731e-01 1.918919182967141479e+00 1.918982096245088309e+00 3.586307110666293152e+00 3.586372337003016941e+00 3.783577740786962185e+00 3.783749553107199848e+00 4.984110656629894720e+00 4.984274733663358603e+00 6.170455000853781513e+00 6.170472439937998210e+00 7.269801554378758190e+00 7.269924599037878465e+00 8.588142943994824918e+00 8.588379454848210415e+00 1.037673587564457378e+01 1.037679813505386761e+01 1.078545922153134740e+01 1.078555434016732484e+01 1.132804195479431897e+01 1.132814437640852745e+01 1.228639166579761088e+01 1.228644540195849011e+01 1.282212862429903133e+01 1.282223522226227530e+01 1.494810825537187426e+01 1.494811713712631196e+01 1.754495022486362998e+01 1.754509775487932188e+01 2.373728307238095425e+01 2.373740506663776983e+01
1.185420473804669889e-01 1.944385129967475700e+00 1.944451618588081798e+00 3.596524117441487256e+00 3.596584213260439977e+00 3.803031014638869944e+00 3.803200145233049057e+00 5.002180355692461333e+00 5.002344777854260904e+00 6.195172385003433035e+00 6.195189710311233000e+00 7.262155009362930791e+00 7.262272201922269410e+00 8.582682785668678704e+00 8.582904879153305799e+00 1.038354460612374197e+01 1.038360632634564418e+01 1.081274404452421223e+01 1.081284065619929358e+01 1.133209942851402730e+01 1.133220006022631843e+01 1.226778196349538952e+01 1.226783753729220372e+01 1.282040932487101870e+01 1.282051415176507980e+01 1.494839128276987772e+01 1.494840059351510675e+01 1.752822481918875042e+01 1.752837612035200365e+01 2.373956119977566104e+01 2.373967747612037016e+01
1.200618172186781046e-01 1.969051457775668590e+00 1.969120424778258327e+00 3.605240005216471477e+00 3.605294804890460281e+00 3.822673334422963087e+00 3.822838303370795998e+00 5.019478121083086997e+00 5.019640930334850815e+00 6.219263853839508194e+00 6.219280912834884489e+00 7.254464396872935872e+00 7.254575546696703903e+00 8.577594796515468190e+00 8.577802713064709650e+00 1.038941260129202782e+01 1.038947353789338202e+01 1.083993337793775957e+01 1.084003030536695356e+01 1.133612347564568168e+01 1.133622140868398986e+01 1.224841858300094444e+01 1.224847524379955566e+01 1.281960875407001765e+01 1.281971125053447658e+01 1.494874999892681089e+01 1.494875964565512128e+01 1.751199775299561168e+01 1.751215203460747816e+01 2.374173985399153608e+01 2.374185021167610898e+01
1.215815870568892204e-01 1.992883001483822580e+00 1.992953423929276546e+00 3.612670369329515019e+00 3.612719870600316963e+00 3.842281201265871804e+00 3.842440722269063968e+00 5.036003441910989586e+00 5.036162883838369630e+00 6.242703280828926005e+00 6.242719925480075815e+00 7.246744168397352581e+00 7.246849120364127650e+00 8.572866947988906361e+00 8.573060933583301235e+00 1.039449661092080568e+01 1.039455653468160534e+01 1.086685174814145327e+01 1.086694789074374334e+01 1.134007567512807491e+01 1.134017006451525944e+01 1.222848892875037130e+01 1.222854592525351869e+01 1.281960545002234753e+01 1.281970507003674697e+01 1.494917127157697756e+01 1.494918113692827610e+01 1.749629833212851793e+01 1.749645473132054363e+01 2.374381839961916185e+01 2.374392262317794788e+01
1.231013568951003362e-01 2.015844511941172090e+00 2.015915449746559229e+00 3.619005434910291807e+00 3.619049769063846789e+00 3.861657807781550655e+00 3.861810753713942113e+00 5.051755156712279593e+00 5.051909690962973265e+00 6.265462285305913426e+00 6.265478375282009793e+00 7.239011521652642500e+00 7.239110156934478901e+00 8.568486633917805406e+00 8.568666951668831189e+00 1.039892484763670844e+01 1.039898353963447519e+01 1.089335617165748005e+01 1.089345052661776592e+01 1.134391287009387028e+01 1.134400294911863227e+01 1.220817951993416983e+01 1.220823612139634129e+01 1.282028055865097826e+01 1.282037677908444451e+01 1.494964274898911860e+01 1.494965270573455740e+01 1.748115534619924816e+01 1.748131293745822390e+01 2.374579631208749575e+01 2.374589418558716503e+01
1.246211267333114520e-01 2.037900744247340690e+00 2.037971344690791664e+00 3.624407512319447910e+00 3.624446904203418640e+00 3.880635619051503671e+00 3.880780994624087210e+00 5.066731497485053914e+00 5.066879802571719438e+00 6.287509944030337472e+00 6.287525349769442329e+00 7.231286686534486918e+00 7.231378923378890988e+00 8.564440780066579606e+00 8.564607719359056404e+00 1.040280151629571570e+01 1.040285876326665182e+01 1.091933124557644952e+01 1.091942292263272662e+01 1.134758732518907642e+01 1.134767241769534785e+01 1.218767314200185226e+01 1.218772865509409797e+01 1.282152076295257359e+01 1.282161309294804674e+01 1.495015286618853345e+01 1.495016278610660443e+01 1.746659698186087795e+01 1.746675478692766958e+01 2.374767316905539261e+01 2.374776449006546386e+01
1.261408965715225816e-01 2.059016561983978200e+00 2.059086061187860306e+00 3.629012818538535079e+00 3.629047551478773226e+00 3.899074554960102912e+00 3.899211483321682437e+00 5.080930139718657479e+00 5.081071113095434910e+00 6.308812501625564728e+00 6.308827107187497951e+00 7.223593212926467722e+00 7.223679007369128158e+00 8.560715959615945891e+00 8.560869842592321532e+00 1.040621105987375117e+01 1.040626665080976565e+01 1.094468433155417841e+01 1.094477256311869873e+01 1.135104710076011081e+01 1.135112663123527632e+01 1.216714716435968135e+01 1.216720094627596360e+01 1.282322001680152113e+01 1.282330800670282933e+01 1.495069084240745738e+01 1.495070060192620254e+01 1.745265073408532430e+01 1.745280773226266646e+01 2.374944864165999903e+01 2.374953323443258668e+01
1.276606664097336696e-01 2.079157058290997284e+00 2.079224780444522303e+00 3.632935107331537239e+00 3.632965497134077015e+00 3.916858339043091330e+00 3.916986060948752346e+00 5.094348258483520908e+00 5.094481012594111569e+00 6.329333088970725107e+00 6.329346794584751912e+00 7.215958251487960773e+00 7.216037597915074819e+00 8.557298513488984071e+00 8.557439698830734187e+00 1.040922184594165856e+01 1.040927557018065031e+01 1.096934107472205788e+01 1.096942522209230120e+01 1.135423670480630420e+01 1.135431020621252785e+01 1.214677270268118470e+01 1.214682417127751890e+01 1.282528037935953868e+01 1.282536362889743664e+01 1.495124667150186681e+01 1.495125615545912723e+01 1.743934331576764762e+01 1.743949845463624726e+01 2.375112248564842332e+01 2.375120021311942509e+01
1.291804362479447854e-01 2.098287694441986595e+00 2.098353049266950432e+00 3.636269629338011455e+00 3.636296006691215776e+00 3.933890495323750347e+00 3.934008376748381774e+00 5.106982590457230131e+00 5.107106445323860378e+00 6.349031462691874239e+00 6.349044186907985221e+00 7.208412814511756750e+00 7.208485745982599724e+00 8.554174674345468077e+00 8.554303558438883570e+00 1.041188923606333105e+01 1.041194088277148566e+01 1.099324127635185988e+01 1.099332083225747780e+01 1.135709809301119932e+01 1.135716521231463005e+01 1.212671431668180766e+01 1.212676295842900664e+01 1.282761222846312243e+01 1.282769039392421817e+01 1.495181110679338055e+01 1.495182021105943448e+01 1.742670056605408391e+01 1.742685277256441978e+01 2.375269453243017992e+01 2.375276530676134357e+01
1.307002060861559012e-01 2.116374456120839298e+00 2.116436934953941584e+00 3.639096726556103167e+00 3.639119425726368373e+00 3.950090688700737207e+00 3.950198232762489603e+00 5.118829501568749052e+00 5.118943974399546626e+00 6.367863784033556129e+00 6.367875465387105471e+00 7.200991998812551032e+00 7.201058587043653425e+00 8.551330692987955118e+00 8.551447708655647517e+00 1.041425808245173279e+01 1.041430744123925756e+01 1.101633503095044553e+01 1.101640961839500044e+01 1.135957209745637897e+01 1.135963259886424837e+01 1.210712997942443714e+01 1.210717535582843851e+01 1.283013408203230554e+01 1.283020688213981053e+01 1.495237564158473020e+01 1.495238427494567190e+01 1.741474735786762906e+01 1.741489554974677745e+01 2.375416468010091364e+01 2.375422847157058825e+01
1.322199759243670170e-01 2.133384027100061697e+00 2.133443197893140297e+00 3.641484818911429056e+00 3.641504170679004559e+00 3.965391650609649155e+00 3.965488510581911097e+00 5.129885059743615194e+00 5.129989851958470126e+00 6.385782461602829585e+00 6.385793059705972219e+00 7.193735146374854672e+00 7.193795501274825810e+00 8.548752965866453835e+00 8.548858578905861094e+00 1.041636473418296482e+01 1.041641159654821713e+01 1.103857899038357360e+01 1.103864835758262153e+01 1.136160037618467200e+01 1.136165414219540892e+01 1.208817110983785348e+01 1.208821286279999008e+01 1.283277219954262094e+01 1.283283941978296028e+01 1.495293248643953987e+01 1.495294057194305637e+01 1.740350750518354062e+01 1.740365060257232699e+01 2.375553288449735945e+01 2.375558972861910334e+01
1.337397457625781327e-01 2.149283979449102322e+00 2.149339480944718606e+00 3.643492763448294536e+00 3.643509090721275268e+00 3.979736709279622531e+00 3.979822700464547225e+00 5.140145112034340436e+00 5.140240094033987184e+00 6.402736089566911204e+00 6.402745585546943730e+00 7.186685911349899314e+00 7.186740179976283116e+00 8.546428162334217760e+00 8.546522866136115226e+00 1.041823864136227229e+01 1.041828280267062645e+01 1.105993259469581247e+01 1.105999660582195965e+01 1.136312798935974477e+01 1.136317501985900869e+01 1.206998251537166134e+01 1.207002037175813314e+01 1.283546008371762071e+01 1.283552157885371869e+01 1.495347454419012578e+01 1.495348202004277560e+01 1.739300367068437936e+01 1.739314060789989824e+01 2.375679915035320633e+01 2.375684915315643764e+01
1.352595156007892485e-01 2.164042978762186209e+00 2.164094514072982811e+00 3.645171658101141077e+00 3.645185273152399485e+00 3.993077853362319907e+00 3.993152962396362859e+00 5.149605365228922871e+00 5.149690559153226488e+00 6.418669520327380695e+00 6.418677916543566120e+00 7.179892194475272049e+00 7.179940559260363564e+00 8.544343350294468564e+00 8.544427658824329086e+00 1.041990363774069017e+01 1.041994489948343450e+01 1.108035409016347828e+01 1.108041271154556462e+01 1.136410672462874771e+01 1.136414713441333291e+01 1.205270214375528148e+01 1.205273591923551280e+01 1.283813796083619074e+01 1.283819365535924995e+01 1.495399538353039759e+01 1.495400220357022114e+01 1.738325727449703351e+01 1.738338701179911538e+01 2.375796352263158084e+01 2.375800686408002704e+01
1.367792854390003643e-01 2.177631002196834142e+00 2.177678331995405170e+00 3.646566187877221310e+00 3.646577390543526143e+00 4.005374232860170913e+00 4.005438623589951064e+00 5.158261468852822773e+00 5.158337029492655823e+00 6.433524117473078618e+00 6.433531436460245168e+00 7.173405899118662887e+00 7.173448575179590669e+00 8.542486118885458168e+00 8.542560558305556384e+00 1.042137896957537002e+01 1.042141714170375799e+01 1.109979612723597597e+01 1.109984940860824487e+01 1.136449931607396380e+01 1.136453333134118893e+01 1.203646059280079506e+01 1.203649019480539373e+01 1.284075228699716931e+01 1.284080217328619788e+01 1.495448921195515979e+01 1.495449534568533956e+01 1.737428840478079550e+01 1.737440994000849059e+01 2.375902607811530842e+01 2.375906301366697093e+01
1.382990552772114801e-01 2.190019566382274796e+00 2.190062501891445912e+00 3.647715608465368131e+00 3.647724684917903470e+00 4.016591005135446757e+00 4.016645020583253789e+00 5.166109099323405118e+00 5.166175293271007440e+00 6.447238239279016625e+00 6.447244521889537339e+00 7.167282458576385906e+00 7.167319689888388190e+00 8.540844696876927600e+00 8.540909796075276006e+00 1.042268012534026589e+01 1.042271502852124421e+01 1.111820068933511152e+01 1.111824873971070105e+01 1.136428472827387104e+01 1.136431268274849593e+01 1.202138037678132498e+01 1.202140580622745780e+01 1.284325530592170317e+01 1.284329943990832312e+01 1.495495084872164782e+01 1.495495628086884032e+01 1.736611573099030181e+01 1.736622811092565399e+01 2.375998691734218937e+01 2.376001777766740375e+01
1.398188251154225958e-01 2.201181961521743613e+00 2.201220357481796341e+00 3.648654449233793784e+00 3.648661671094874936e+00 4.026698447829948790e+00 4.026742608011042002e+00 5.173144043883844745e+00 5.173201226941769981e+00 6.459748002812604639e+00 6.459753305557939917e+00 7.161580084350163133e+00 7.161612138528212768e+00 8.539408065493226729e+00 8.539464345774584686e+00 1.042381950902887056e+01 1.042385097671689387e+01 1.113549305545829249e+01 1.113553601328002784e+01 1.136346470257674390e+01 1.136348703398671667e+01 1.200757499678659457e+01 1.200759634802517262e+01 1.284560466937214507e+01 1.284564316355546509e+01 1.495537569842937309e+01 1.495538042797800848e+01 1.735875642068072011e+01 1.735885875199208073e+01 2.376084615697962477e+01 2.376087134584389560e+01
1.413385949536337116e-01 2.211093487316837081e+00 2.211127235094663579e+00 3.649413002638193237e+00 3.649418626298689183e+00 4.035671276381432193e+00 4.035706271866755124e+00 5.179362282838291698e+00 5.179410875679550053e+00 6.470988370899802611e+00 6.470992762527746578e+00 7.156358692819052791e+00 7.156385854237538702e+00 8.538166064434648206e+00 8.538214028626979868e+00 1.042480698981279907e+01 1.042483487007389975e+01 1.115157448279869001e+01 1.115161248036209329e+01 1.136207175446684836e+01 1.136208900179804004e+01 1.199514790663610242e+01 1.199516536488434149e+01 1.284776312208172477e+01 1.284779613581755342e+01 1.495575972574054724e+01 1.495576376439036892e+01 1.735222606074773566e+01 1.735231752036369102e+01 2.376160392275049915e+01 2.376162391301686938e+01
1.428583647918448274e-01 2.219731685733568494e+00 2.219760706729217770e+00 3.650017653520237104e+00 3.650021919510876955e+00 4.043488118174153989e+00 4.043514799295636841e+00 5.184760068530026800e+00 5.184800530644699812e+00 6.480894585759936710e+00 6.480898143141919476e+00 7.151678486052292172e+00 7.151701047061657768e+00 8.537109489937087403e+00 8.537149611180549158e+00 1.042565035273985785e+01 1.042567450979838029e+01 1.116631342144333416e+01 1.116634654452572484e+01 1.136017866705396884e+01 1.136019146774872368e+01 1.198419149767923919e+01 1.198420533297494295e+01 1.284969824762395518e+01 1.284972597474294176e+01 1.495609943169271361e+01 1.495610280169275619e+01 1.734653858400264781e+01 1.734661842877001092e+01 2.376226034306260004e+01 2.376227567062504420e+01
1.443781346300559432e-01 2.227076565160526656e+00 2.227100804657376809e+00 3.650491090576125419e+00 3.650494222745772177e+00 4.050131107266866870e+00 4.050150468624296174e+00 5.189333999448454193e+00 5.189366801567926402e+00 6.489403941846922486e+00 6.489406745290297707e+00 7.147598193665434252e+00 7.147616443776999340e+00 8.536230183791293058e+00 8.536262894309729177e+00 1.042635566876378128e+01 1.042637598426861167e+01 1.117953561406891261e+01 1.117956385988214230e+01 1.135790898529871207e+01 1.135791806753108091e+01 1.197478623548840559e+01 1.197479679183503265e+01 1.285138226870259004e+01 1.285140492271467139e+01 1.495639183198479394e+01 1.495639456332054706e+01 1.734170620197006585e+01 1.734177377745541193e+01 2.376281554359630732e+01 2.376282679869512293e+01
1.458979044682670312e-01 2.233110810230275245e+00 2.233130231826076173e+00 3.650852433380109563e+00 3.650854637388308621e+00 4.055585573247376452e+00 4.055598732291727515e+00 5.193081087819975572e+00 5.193106683319064665e+00 6.496457846366673117e+00 6.496459974511897606e+00 7.144173026578777730e+00 7.144187239726941030e+00 8.535521112335478833e+00 8.535546792540715799e+00 1.042692759742844189e+01 1.042694397145429797e+01 1.119101494161321853e+01 1.119103818270646755e+01 1.135544653598942588e+01 1.135545269067223728e+01 1.196700006137640671e+01 1.196700773904842841e+01 1.285279189405564360e+01 1.285280969148863761e+01 1.495663443754614974e+01 1.495663656450964396e+01 1.733773934475954803e+01 1.733779409306294284e+01 2.376326964337184577e+01 2.376327745783557077e+01
1.474176743064781470e-01 2.237819971531334495e+00 2.237834552276589672e+00 3.651117301359124045e+00 3.651118761539642765e+00 4.059839805927356160e+00 4.059847971456913562e+00 5.195998819046782735e+00 5.196017615299679093e+00 6.502004062827135833e+00 6.502005587349070304e+00 7.141452446550127675e+00 7.141462866931554743e+00 8.534976434542480561e+00 8.534995402880555915e+00 1.042736963172215070e+01 1.042738198353300660e+01 1.120047013068981201e+01 1.120048810020765551e+01 1.135303880043053049e+01 1.135304280024826085e+01 1.196088812088787989e+01 1.196089334864595877e+01 1.285390820396297507e+01 1.285392134675469933e+01 1.495682523762302552e+01 1.495682679489257794e+01 1.733464660880584773e+01 1.733468807526804767e+01 2.376362275350198061e+01 2.376362778016934385e+01
1.489374441446892627e-01 2.241192629659961355e+00 2.241202356017205410e+00 3.651297845504370532e+00 3.651298718573673163e+00 4.062884886536926921e+00 4.062889302959987070e+00 5.198085201434953007e+00 5.198097532688817246e+00 6.505998979232131774e+00 6.505999959652845277e+00 7.139477909035590208e+00 7.139484736541152010e+00 8.534591558445812964e+00 8.534604062444667960e+00 1.042768429174438261e+01 1.042769256035142078e+01 1.120757746456686910e+01 1.120758978690045105e+01 1.135098400038712718e+01 1.135098644523165845e+01 1.195649280890638089e+01 1.195649600155901915e+01 1.285471656685464836e+01 1.285472522512029236e+01 1.495696268554190667e+01 1.495696370404448494e+01 1.733243471319242346e+01 1.733246255189176566e+01 2.376387498139672161e+01 2.376387785654292273e+01
1.504572139829003785e-01 2.243220528565465166e+00 2.243225393286743419e+00 3.651402758631042467e+00 3.651403162719477624e+00 4.064714590965812668e+00 4.064716412659548972e+00 5.199338804847170259e+00 5.199344908723957381e+00 6.508409700663826847e+00 6.508410179703288279e+00 7.138280778825248696e+00 7.138284155602961256e+00 8.534363185289565834e+00 8.534369394287296018e+00 1.042787327169253508e+01 1.042787741623886255e+01 1.121201261098909541e+01 1.121201889856363110e+01 1.134958881388187280e+01 1.134959000293504516e+01 1.195384404473399442e+01 1.195384554293503676e+01 1.285520658050775822e+01 1.285521087733103940e+01 1.495704568725012962e+01 1.495704619025169002e+01 1.733110846517274695e+01 1.733112244312587436e+01 2.376402644505813910e+01 2.376402771546165127e+01
1.519769838211114943e-01 2.243898673922212428e+00 2.243898673922228859e+00 3.651437274723797088e+00 3.651437274723809079e+00 4.065325383033016493e+00 4.065325383033023599e+00 5.199758787263133897e+00 5.199758787263138338e+00 6.509215749878547008e+00 6.509215749878555002e+00 7.137880634204633701e+00 7.137880634204645247e+00 8.534289340943079338e+00 8.534289340943091773e+00 1.042793754311468568e+01 1.042793754311469101e+01 1.121352501325956119e+01 1.121352501325956297e+01 1.134909340061381933e+01 1.134909340061382643e+01 1.195295963228450020e+01 1.195295963228450553e+01 1.285537203264861894e+01 1.285537203264862605e+01 1.495707359271017722e+01 1.495707359271018255e+01 1.733067073538541436e+01 1.733067073538544989e+01 2.376407729564212090e+01 2.376407729564214222e+01
1.519769838211114943e-01 2.243898673922212428e+00 2.243898673922228859e+00 3.651437274723797088e+00 3.651437274723809079e+00 4.065325383033016493e+00 4.065325383033023599e+00 5.199758787263133897e+00 5.199758787263138338e+00 6.509215749878547008e+00 6.509215749878555002e+00 7.137880634204633701e+00 7.137880634204645247e+00 8.534289340943079338e+00 8.534289340943091773e+00 1.042793754311468568e+01 1.042793754311469101e+01 1.121352501325956119e+01 1.121352501325956297e+01 1.134909340061381933e+01 1.134909340061382643e+01 1.195295963228450020e+01 1.195295963228450553e+01 1.285537203264861894e+01 1.285537203264862605e+01 1.495707359271017722e+01 1.495707359271018255e+01 1.733067073538541436e+01 1.733067073538544989e+01 2.376407729564212090e+01 2.376407729564214222e+01
1.529002596955323368e-01 2.244018114912438744e+00 2.244019978968612605e+00 3.651419416448862254e+00 3.651419479679742786e+00 4.065593347680220404e+00 4.065596449333365392e+00 5.199782507278211341e+00 5.199791730123768829e+00 6.509226275251758231e+00 6.509228418245037062e+00 7.137697137627328381e+00 7.137701853366403171e+00 8.534224252068453254e+00 8.534228623697355687e+00 1.042802175007420296e+01 1.042802664640537458e+01 1.121350929850147615e+01 1.121351420844850288e+01 1.134903108769490210e+01 1.134903613238992826e+01 1.195299187357951354e+01 1.195299338688145596e+01 1.285541186768623412e+01 1.285541320505423180e+01 1.495707042521022601e+01 1.495707048668321271e+01 1.733066157591372658e+01 1.733066447229992235e+01 2.376405547978654198e+01 2.376405645286269319e+01
1.538235355699531792e-01 2.244377724285430808e+00 2.244381447966611987e+00 3.651366046607557259e+00 3.651366297246678716e+00 4.066399504670990872e+00 4.066405684411235733e+00 5.199862974413375305e+00 5.199881378333906845e+00 6.509259982991355997e+00 6.509264252688765851e+00 7.137151799279708442e+00 7.137161265080420591e+00 8.534033744714754732e+00 8.534042471154355880e+00 1.042827893554450469e+01 1.042828870324015789e+01 1.121346706363662094e+01 1.121347686238188679e+01 1.134884947523163490e+01 1.134885954066420233e+01 1.195308990099674773e+01 1.195309291534747587e+01 1.285553261443238426e+01 1.285553528749844077e+01 1.495706100061365440e+01 1.495706112546055699e+01 1.733063701081721319e+01 1.733064279220866410e+01 2.376399102934805541e+01 2.376399297203830940e+01
1.547468114443740217e-01 2.244975770162933149e+00 2.244981344570267101e+00 3.651277773190257037e+00 3.651278332158182760e+00 4.067741318620202051e+00 4.067750529759591060e+00 5.200000399105891624e+00 5.200027900680982640e+00 6.509316822272994685e+00 6.509323186277264028e+00 7.136245962654143682e+00 7.136260245590316131e+00 8.533718961700213157e+00 8.533732009350506686e+00 1.042870808117692327e+01 1.042872267046366019e+01 1.121339828605135303e+01 1.121341293132724104e+01 1.134854938227217858e+01 1.134856442058337400e+01 1.195325307481857102e+01 1.195325756585876853e+01 1.285573398423948710e+01 1.285573798961693726e+01 1.495704537012352553e+01 1.495704556199003044e+01 1.733059707946931383e+01 1.733060572314833792e+01 2.376388401298953923e+01 2.376388691837933820e+01
1.556700873187948642e-01 2.245809382860297188e+00 2.245816794555448581e+00 3.651155592797648897e+00 3.651156575106765612e+00 4.069614569595535691e+00 4.069626743196948837e+00 5.200195116520735183e+00 5.200231590922864910e+00 6.509396701751074765e+00 6.509405111920119502e+00 7.134981884145558340e+00 7.135001081001420609e+00 8.533281791243275904e+00 8.533299109795844828e+00 1.042930748765709126e+01 1.042932682427359836e+01 1.121330292153416508e+01 1.121332235001527167e+01 1.134813216002493519e+01 1.134815209956780002e+01 1.195348033102806973e+01 1.195348626258406632e+01 1.285601549618010786e+01 1.285602082867308305e+01 1.495702361957659043e+01 1.495702388357268298e+01 1.733054184360055672e+01 1.733055331560099077e+01 2.376373454389982243e+01 2.376373840164120566e+01
1.565933631932157066e-01 2.246874581948031580e+00 2.246883812848625706e+00 3.651000865803737394e+00 3.651002378422929961e+00 4.072013373030245020e+00 4.072028419178280956e+00 5.200447584116604460e+00 5.200492865478183901e+00 6.509499487818303010e+00 6.509509880813404870e+00 7.133362740811930003e+00 7.133386973760457828e+00 8.532724850844433107e+00 8.532746373394207495e+00 1.043007478407946742e+01 1.043009876975177264e+01 1.121318090509770471e+01 1.121320503249520328e+01 1.134759968314025969e+01 1.134762442865305410e+01 1.195377019066197199e+01 1.195377751517794707e+01 1.285637647809010531e+01 1.285638313055743609e+01 1.495699586914602008e+01 1.495699621149132419e+01 1.733047138717345703e+01 1.733048564241265765e+01 2.376354277965566908e+01 2.376354757599592560e+01
1.575166390676365491e-01 2.248166313529146532e+00 2.248177340775035837e+00 3.650815283478719753e+00 3.650817423414730367e+00 4.074930206433639235e+00 4.074948015859697570e+00 5.200758378195569520e+00 5.200812260104024531e+00 6.509625002170312591e+00 6.509637300193039877e+00 7.131392640688596352e+00 7.131422051938858253e+00 8.532051465069269369e+00 8.532077108266499010e+00 1.043100694092745329e+01 1.043103545399715593e+01 1.121303215216766880e+01 1.121306087336035873e+01 1.134695433767868522e+01 1.134698377052190033e+01 1.195412077270503204e+01 1.195412943180924792e+01 1.285681606802718768e+01 1.285682403120582862e+01 1.495696227288615177e+01 1.495696270053138655e+01 1.733038581621653407e+01 1.733040279867055844e+01 2.376330892203078093e+01 2.376331463985066250e+01
1.584399149420573916e-01 2.249678497147830747e+00 2.249691292942924914e+00 3.650600828386816321e+00 3.650603681027183356e+00 4.078355941784991501e+00 4.078376387790953572e+00 5.201128189370012755e+00 5.201190425495575198e+00 6.509773018641303644e+00 6.509787130364276031e+00 7.129076635474205226e+00 7.129111381167825279e+00 8.531265637564894533e+00 8.531295301809816323e+00 1.043210028648836918e+01 1.043213318268922052e+01 1.121285656017083276e+01 1.121288974937755789e+01 1.134619900592059416e+01 1.134623298438272165e+01 1.195452981030452122e+01 1.195453973550109694e+01 1.285733321615298586e+01 1.285734247844500899e+01 1.495692301812694147e+01 1.495692353838943589e+01 1.733028525861761793e+01 1.733030490153899805e+01 2.376303321675205638e+01 2.376303983561350464e+01
1.593631908164782340e-01 2.251404081600748786e+00 2.251418613036065164e+00 3.650359729775468409e+00 3.650363367527528435e+00 4.082279882367081392e+00 4.082302822982638801e+00 5.201557816862211858e+00 5.201628121724477083e+00 6.509943259267570781e+00 6.509959080965450617e+00 7.126420735375963211e+00 7.126460979013458541e+00 8.530372017724317857e+00 8.530405587407477341e+00 1.043335052649121586e+01 1.043338763986834117e+01 1.121265401056379574e+01 1.121269152156294346e+01 1.134533704820526445e+01 1.134537540788376297e+01 1.195499467003219785e+01 1.195500578350834076e+01 1.285792668704807618e+01 1.285793723427605961e+01 1.495687832472745349e+01 1.495687894496267489e+01 1.733016986387656644e+01 1.733019209005384909e+01 2.376271595320360319e+01 2.376272344940703718e+01
1.602864666908990765e-01 2.253335108794519925e+00 2.253351337658982434e+00 3.650094415778944779e+00 3.650098897027884259e+00 4.086689802778152192e+00 4.086715083080117772e+00 5.202048161534070125e+00 5.202126211414269896e+00 6.510135389527690997e+00 6.510152806415889337e+00 7.123431925871032355e+00 7.123477831526015436e+00 8.529375862486034521e+00 8.529413206277578041e+00 1.043475276671994756e+01 1.043479391068492745e+01 1.121242437135231285e+01 1.121246603775570172e+01 1.134437228201295156e+01 1.134441483627787761e+01 1.195551237387756238e+01 1.195552458941448926e+01 1.285859506247154371e+01 1.285860687760803245e+01 1.495682844419699364e+01 1.495682917151471081e+01 1.733003980281783640e+01 1.733006452487587978e+01 2.376235746407875737e+01 2.376236581072989651e+01
1.612097425653199190e-01 2.255462784683567534e+00 2.255480667269630590e+00 3.649807464249673838e+00 3.649812832647150174e+00 4.091571990951213600e+00 4.091599445469190854e+00 5.202600217527126425e+00 5.202685651534421751e+00 6.510349012700404003e+00 6.510367900489896442e+00 7.120118186108027380e+00 7.120169911649339767e+00 8.528282993818786295e+00 8.528323965010523366e+00 1.043630153832562080e+01 1.043634650683970833e+01 1.121216750015963726e+01 1.121221313574915790e+01 1.134330895852099985e+01 1.134335549907013529e+01 1.195607962362254995e+01 1.195609284759696322e+01 1.285933674457719711e+01 1.285934980745444101e+01 1.495677365869041431e+01 1.495677449971560691e+01 1.732989526726317564e+01 1.732992238800312990e+01 2.376195812498080784e+01 2.376196729206695579e+01
1.621330184397407614e-01 2.257777556234625838e+00 2.257797043146440696e+00 3.649501553918831132e+00 3.649507838002438831e+00 4.096911291193138460e+00 4.096940746324676752e+00 5.203215062376879807e+00 5.203307483677717116e+00 6.510583663275044231e+00 6.510603889952273349e+00 7.116488508637336174e+00 7.116546199134708317e+00 8.527099752492189211e+00 8.527144189396212326e+00 1.043799082553874769e+01 1.043803939441542994e+01 1.121188324790935731e+01 1.121193264704634096e+01 1.134215173687394262e+01 1.134220203438928820e+01 1.195669282722313298e+01 1.195670695968505548e+01 1.286014995960001350e+01 1.286016424660670410e+01 1.495671427988225055e+01 1.495671524055668655e+01 1.732973646966460635e+01 1.732976588244225269e+01 2.376151835397295997e+01 2.376152830844881336e+01
1.630562943141616039e-01 2.260269193297977708e+00 2.260290229269949602e+00 3.649179417393189961e+00 3.649186630527410546e+00 4.102691147510920899e+00 4.102722423871074220e+00 5.203893845450728861e+00 5.203992822671485108e+00 6.510838799344719874e+00 6.510860227185365723e+00 7.112552920123460076e+00 7.112616701567764821e+00 8.525832948771910225e+00 8.525880675179854151e+00 1.043981409546809225e+01 1.043986602378550010e+01 1.121157146319433018e+01 1.121162440131286253e+01 1.134090565640832970e+01 1.134095946132493538e+01 1.195734812680912817e+01 1.195736306262097948e+01 1.286103276202574364e+01 1.286104824579784278e+01 1.495665064772319397e+01 1.495665173314232987e+01 1.732956364269851690e+01 1.732959523183957629e+01 2.376103861107840842e+01 2.376104931696126599e+01
1.639795701885824464e-01 2.262926874223505358e+00 2.262949397957334075e+00 3.648843797244443188e+00 3.648851937864712180e+00 4.108893646793922549e+00 4.108926561428464908e+00 5.204637774546217344e+00 5.204742843360032900e+00 6.511113793910246805e+00 6.511136281734372311e+00 7.108322502655609831e+00 7.108392476085048983e+00 8.524489810703446580e+00 8.524540636410350203e+00 1.044176432966468759e+01 1.044181936127739263e+01 1.121123199740786447e+01 1.121128823160472088e+01 1.133957610706658770e+01 1.133963315046567821e+01 1.195804142790881208e+01 1.195805705793006624e+01 1.286198303925693942e+01 1.286199968836990060e+01 1.495658312908244447e+01 1.495658434336239573e+01 1.732937703882077685e+01 1.732941068007161434e+01 2.376051939773086730e+01 2.376053081620521823e+01
1.649028460630032888e-01 2.265739274039660245e+00 2.265763218067800899e+00 3.648497406163453416e+00 3.648506458298364841e+00 4.115499561741506440e+00 4.115533930140086838e+00 5.205448100476572471e+00 5.205558765386003373e+00 6.511407925023481980e+00 6.511431330696430209e+00 7.103809415236859159e+00 7.103885651327590089e+00 8.523077930660434731e+00 8.523131652057017504e+00 1.044383405712947877e+01 1.044389192226859642e+01 1.121086471071512136e+01 1.121092398045020033e+01 1.133816879822133572e+01 1.133822879286045016e+01 1.195876842950919361e+01 1.195878464181053502e+01 1.286299851678753647e+01 1.286301629545728176e+01 1.495651211627892074e+01 1.495651346244918223e+01 1.732917692978399415e+01 1.732921249079602788e+01 2.375996125617701793e+01 2.375997334570847386e+01
1.658261219374241313e-01 2.268694654019249413e+00 2.268719944602382910e+00 3.648142891861691162e+00 3.648152825902724494e+00 4.122488393740989743e+00 4.122524031596237926e+00 5.206326099464665624e+00 5.206441835792309902e+00 6.511720364703968755e+00 6.511744547881379575e+00 7.099026914995802962e+00 7.099109449150385664e+00 8.521605210832634114e+00 8.521661611569490091e+00 1.044601538844951172e+01 1.044607580539936720e+01 1.121046947894209822e+01 1.121053150686439359e+01 1.133668972611461712e+01 1.133675236760810634e+01 1.195952465457553160e+01 1.195954133566639044e+01 1.286407676389636379e+01 1.286409563169636527e+01 1.495643802550538659e+01 1.495643950542381262e+01 1.732896360611709596e+01 1.732900094696303839e+01 2.375936476883125081e+01 2.375937748528964732e+01
1.667493978118449738e-01 2.271780951480771638e+00 2.271807508546558552e+00 3.647782807122361248e+00 3.647793580807240588e+00 4.129838416190722228e+00 4.129875140861165583e+00 5.207273053165343946e+00 5.207393309264806369e+00 6.512050166573093435e+00 6.512074991677920366e+00 7.093989377628273196e+00 7.094078205577212692e+00 8.520079808315200509e+00 8.520138660041970624e+00 1.044830005076067003e+01 1.044836272759975770e+01 1.121004620145465580e+01 1.121011069436961094e+01 1.133514514009677931e+01 1.133521010826022390e+01 1.196030548067335886e+01 1.196032251672679969e+01 1.286521519986842144e+01 1.286523511146997123e+01 1.495636129514924129e+01 1.495636290943671121e+01 1.732873737656801794e+01 1.732877635028808072e+01 2.375873055758403041e+01 2.375874385437567327e+01
1.676726736862658163e-01 2.274985868722706250e+00 2.275013605852287402e+00 3.647419585152808175e+00 3.647431144726053454e+00 4.137526719010703680e+00 4.137564350659559409e+00 5.208290226141514268e+00 5.208414425841049855e+00 6.512396252167476973e+00 6.512421591570200619e+00 7.088712316538761549e+00 7.088807390458588209e+00 8.518510080436039189e+00 8.518571143618052233e+00 1.045067942325347765e+01 1.045074405964701469e+01 1.120959481009056091e+01 1.120966146008518471e+01 1.133354150782968084e+01 1.133360846820168533e+01 1.196110617036193169e+01 1.196112344842126340e+01 1.286641110074973149e+01 1.286643200569230849e+01 1.495628238401491572e+01 1.495628413200777551e+01 1.732849856751037976e+01 1.732853902068628571e+01 2.375805928306479586e+01 2.375807311127365296e+01
1.685959495606866587e-01 2.278296960053642017e+00 2.278325784521618491e+00 3.647055520174617538e+00 3.647067801688380406e+00 4.145529255279069680e+00 4.145567617676729100e+00 5.209378840632004959e+00 5.209506385922741067e+00 6.512757395919742898e+00 6.512783133267290303e+00 7.083212400110208584e+00 7.083313625254434420e+00 8.516904530922637662e+00 8.516967555736718154e+00 1.045314457296218258e+01 1.045321086199320604e+01 1.120911527919241379e+01 1.120918376493442814e+01 1.133188547960094716e+01 1.133195408515513236e+01 1.196192190105832864e+01 1.196193931021030998e+01 1.286766160663868774e+01 1.286768344913672557e+01 1.495620176945275226e+01 1.495620364917161460e+01 1.732824752231472232e+01 1.732828929566938569e+01 2.375735164386076903e+01 2.375736595239843396e+01
1.695192254351075012e-01 2.281701715964142618e+00 2.281731528836961509e+00 3.646692753015734922e+00 3.646705683734326797e+00 4.153820891069337939e+00 4.153859812064521151e+00 5.210540048471801633e+00 5.210670322451559144e+00 6.513132208831583725e+00 6.513158242433277678e+00 7.077507466484963317e+00 7.077614698321055720e+00 8.515271757464851987e+00 8.515336484775199111e+00 1.045568629060479893e+01 1.045575392063058828e+01 1.120860763676731509e+01 1.120867762499402787e+01 1.133018385188256261e+01 1.133025374494116910e+01 1.196274779410492251e+01 1.196276522660518893e+01 1.286896372951320089e+01 1.286898644830517746e+01 1.495611994540023737e+01 1.495612195353411344e+01 1.732798460068558555e+01 1.732802752970614080e+01 2.375660837569237671e+01 2.375662311145670103e+01
1.704425013095283437e-01 2.285187643582538453e+00 2.285218339878929417e+00 3.646333261339234522e+00 3.646346761211764154e+00 4.162375459640949238e+00 4.162414771323007301e+00 5.211774900058453674e+00 5.211907270140763160e+00 6.513519120913695559e+00 6.513545367042037348e+00 7.071616535186318053e+00 7.071729577031401703e+00 8.513620401177719899e+00 8.513686563591743806e+00 1.045829512627240376e+01 1.045836378279286016e+01 1.120807197676956868e+01 1.120814312398056956e+01 1.132844353025970108e+01 1.132851434461812801e+01 1.196357894280875556e+01 1.196359629514592271e+01 1.287031436158890862e+01 1.287033788983396221e+01 1.495603742034148986e+01 1.495603955224644288e+01 1.732771017796510549e+01 1.732775409354698937e+01 2.375583025054740105e+01 2.375584535858941138e+01
1.713657771839491861e-01 2.288742342664265905e+00 2.288773811580521400e+00 3.645978854055252238e+00 3.645992837223051897e+00 4.171165821153516085e+00 4.171205359745545849e+00 5.213084310304932245e+00 5.213218131700685376e+00 6.513916362530093096e+00 6.513942758429875468e+00 7.065559814847338416e+00 7.065678415996960560e+00 8.511959098409546343e+00 8.512026421412427268e+00 1.046096142479892244e+01 1.046103079232356947e+01 1.120750847246491766e+01 1.120758042683029743e+01 1.132667149185737010e+01 1.132674285512592149e+01 1.196441043925783454e+01 1.196442761314364134e+01 1.287171028419919949e+01 1.287173454942585060e+01 1.495595471519170339e+01 1.495595696490335769e+01 1.732742464440452324e+01 1.732746937351401328e+01 2.375501807577411739e+01 2.375503349947308607e+01
1.722890530583700286e-01 2.292353576479689625e+00 2.292385701681277421e+00 3.645631169409937034e+00 3.645645545717662195e+00 4.180163929038595683e+00 4.180203534576703461e+00 5.214469021580659280e+00 5.214603641057129479e+00 6.514321944861416469e+00 6.514348451188006983e+00 7.059358706238557879e+00 7.059482560586164190e+00 8.510296435276792693e+00 8.510364638442492691e+00 1.046367536067600312e+01 1.046374512457634687e+01 1.120691739078803373e+01 1.120698979428023634e+01 1.132487474740378097e+01 1.132494628356864297e+01 1.196523739975577705e+01 1.196525430302972737e+01 1.287314817718355897e+01 1.287317310129422943e+01 1.495587236111366636e+01 1.495587472137305163e+01 1.732712840440457924e+01 1.732717377075736209e+01 2.375417269313598823e+01 2.375418837438228081e+01
1.732123289327908711e-01 2.296009337084904622e+00 2.296041997064791396e+00 3.645291676224629462e+00 3.645306352706739084e+00 4.189340904074708938e+00 4.189380419941931777e+00 5.215929563719608808e+00 5.216064323637637834e+00 6.514733639790724951e+00 6.514760242129446155e+00 7.053035799696469432e+00 7.053164544845753170e+00 8.508640905241126262e+00 8.508709703516172951e+00 1.046642697241216524e+01 1.046649682074643550e+01 1.120629910754964520e+01 1.120637159830227958e+01 1.132306030309155176e+01 1.132313163529179967e+01 1.196605498875196538e+01 1.196607153618980135e+01 1.287462462876525926e+01 1.287465012809958864e+01 1.495579089727361932e+01 1.495579335956577083e+01 1.732682187572660126e+01 1.732686770047967073e+01 2.375329497782831467e+01 2.375331085721365909e+01
1.741356048072117135e-01 2.299697904582150620e+00 2.299730973085130525e+00 3.644961677761636487e+00 3.644976560078757810e+00 4.198667117078565880e+00 4.198706389471400513e+00 5.217466211270556542e+00 5.217600453896238832e+00 6.515148959614664115e+00 6.515175668690434740e+00 7.046614865949301532e+00 7.046748082827125614e+00 8.507000869975383850e+00 8.507069975030645992e+00 1.046920619626813576e+01 1.046927582156567915e+01 1.120565412328647703e+01 1.120572633817734243e+01 1.132123512243089891e+01 1.132130587594179438e+01 1.196685844117804365e+01 1.196687455519446708e+01 1.287613614589500521e+01 1.287616213135402887e+01 1.495571086854473819e+01 1.495571342314959473e+01 1.732650548867510665e+01 1.732655159112938037e+01 2.375238583745917964e+01 2.375240185447403007e+01
1.750588806816325560e-01 2.303407900096645644e+00 2.303441246607633719e+00 3.644642317715059754e+00 3.644657311517853326e+00 4.208112280951254114e+00 4.208151158361785882e+00 5.219078938277865731e+00 5.219212010359128406e+00 6.515565137088449532e+00 6.515591987289377052e+00 7.040120839213076742e+00 7.040258052197120087e+00 8.505384523697649968e+00 8.505453645342011981e+00 1.047200289933220674e+01 1.047207200032529606e+01 1.120498307947708483e+01 1.120505465692544433e+01 1.131940608833231110e+01 1.131947589373748109e+01 1.196764308313312064e+01 1.196765869436999452e+01 1.287767916503158361e+01 1.287770554226394815e+01 1.495563282316622278e+01 1.495563545922117754e+01 1.732617968525412877e+01 1.732622588356500160e+01 2.375144621099567033e+01 2.375146230423312588e+01
1.759821565560533985e-01 2.307128332313877372e+00 2.307161822607442847e+00 3.644334587860980079e+00 3.644349600061894900e+00 4.217645552609716297e+00 4.217683885406115607e+00 5.220767371014641611e+00 5.220898628606434499e+00 6.515979106428068768e+00 6.516006152368338356e+00 7.033579791291250771e+00 7.033720468873676523e+00 8.503799861085864720e+00 8.503868708734394488e+00 1.047480691192872726e+01 1.047487519521999033e+01 1.120428677477301882e+01 1.120435735773274288e+01 1.131757996570674862e+01 1.131764846223318699e+01 1.196840435088927990e+01 1.196841939868133053e+01 1.287925006332593370e+01 1.287927673297650344e+01 1.495555731036698965e+01 1.495556001594059481e+01 1.732584491829860340e+01 1.732589103019173393e+01 2.375047706767736244e+01 2.375049317504328528e+01
1.769054324304742409e-01 2.310848637531919714e+00 2.310882134278993139e+00 3.644039336944679075e+00 3.644054276880817511e+00 4.227235645093641914e+00 4.227273285276443637e+00 5.222530739239647168e+00 5.222659552753225576e+00 6.516387486023452524e+00 6.516414797073017517e+00 7.027018895255610076e+00 7.027162451271782295e+00 8.502254648821180538e+00 8.502322933009315520e+00 1.047760805937905815e+01 1.047767524103339376e+01 1.120356618082008815e+01 1.120363541994098888e+01 1.131576336492793544e+01 1.131583020390843330e+01 1.196913780821467199e+01 1.196915224092522934e+01 1.288084517016991093e+01 1.288087202819018096e+01 1.495548487796302695e+01 1.495548764013914500e+01 1.732550165058282587e+01 1.732554749407229622e+01 2.374947940589859741e+01 2.374949546482726603e+01
1.778287083048950834e-01 2.314558713286126945e+00 2.314592076713298585e+00 3.643757280431029422e+00 3.643772060904067800e+00 4.236850949872811078e+00 4.236887751073880715e+00 5.224367826715668350e+00 5.224493586158535763e+00 6.516786563778230956e+00 6.516814216766764645e+00 7.020466377121269197e+00 7.020612172580476873e+00 8.500756400748629815e+00 8.500823834682725177e+00 1.048039619315681037e+01 1.048046200020729479e+01 1.120282245717381642e+01 1.120289001409384788e+01 1.131396270655710623e+01 1.131402755497493118e+01 1.196983916203473974e+01 1.196985293725440336e+01 1.288246077906640963e+01 1.288248771708527940e+01 1.495541606993769967e+01 1.495541887490941768e+01 1.732515035390784774e+01 1.732519574801393247e+01 2.374845425206116190e+01 2.374847019973602258e+01
1.787519841793159259e-01 2.318248945696738783e+00 2.318282034292572735e+00 3.643489010793925509e+00 3.643503548975603579e+00 4.246459669093556322e+00 4.246495486869777736e+00 5.226276921903376227e+00 5.226399042265973627e+00 6.517172286199264697e+00 6.517200356795577854e+00 7.013951453761039012e+00 7.014098799324062661e+00 8.499312356587394035e+00 8.499378657720969343e+00 1.048316122149770457e+01 1.048322539335572756e+01 1.120205696475161616e+01 1.120212251547286719e+01 1.131218418778303558e+01 1.131224673184415863e+01 1.197050427647195470e+01 1.197051736107313147e+01 1.288409315977310143e+01 1.288412006552584010e+01 1.495535142401514328e+01 1.495535425718766653e+01 1.732479150816993041e+01 1.732483627363362544e+01 2.374740265939932726e+01 2.374741843297807620e+01
1.796752600537367683e-01 2.321910230772290529e+00 2.321942902034634049e+00 3.643235008069192205e+00 3.643249226263096663e+00 4.256029957201744374e+00 4.256064649657136378e+00 5.228255769927915075e+00 5.228373696662232284e+00 6.517540252613318152e+00 6.517568806102197243e+00 7.007504255148321981e+00 7.007652414303740862e+00 8.497929464073452621e+00 8.497994355697656488e+00 1.048589313953795710e+01 1.048595542929867364e+01 1.120127127721746874e+01 1.120133451550963244e+01 1.131043375107108773e+01 1.131049369974052787e+01 1.197112918532103443e+01 1.197114155536113067e+01 1.288573857066802297e+01 1.288576532848031242e+01 1.495529146923637143e+01 1.495529431533805997e+01 1.732442560041249280e+01 1.732446956040399400e+01 2.374632570677866639e+01 2.374634124362213328e+01
1.805985359281576108e-01 2.325533989972071058e+00 2.325566101189713741e+00 3.642995650440985056e+00 3.643009476693921389e+00 4.265530071070215534e+00 4.265563499819685411e+00 5.230301527095749137e+00 5.230414741618960583e+00 6.517885716165797483e+00 6.517914798421706735e+00 7.001155728890367413e+00 7.001303921887060078e+00 8.496614364372458539e+00 8.496677577208421539e+00 1.048858205906397956e+01 1.048864223469895052e+01 1.120046718966912458e+01 1.120052783043644951e+01 1.130871705554050166e+01 1.130877414397208902e+01 1.197171010303076244e+01 1.197172174349649154e+01 1.288739327128145362e+01 1.288741976260488009e+01 1.495523672354873668e+01 1.495523956674937871e+01 1.732405312386344320e+01 1.732409610468177164e+01 2.374522449747102470e+01 2.374523973537503352e+01
1.815218118025784533e-01 2.329112180389387277e+00 2.329143589451224017e+00 3.642771224674573372e+00 3.642784593232768486e+00 4.274928527447913851e+00 4.274960558914472131e+00 5.232410719408377098e+00 5.232518744552548284e+00 6.518203593508827609e+00 6.518233222883113243e+00 6.994937524939754070e+00 6.995084933535986593e+00 8.495373380562863730e+00 8.495434654343187120e+00 1.049121823795964303e+01 1.049127608338949358e+01 1.119964672399866679e+01 1.119970450654027871e+01 1.130703945159155666e+01 1.130709344437527619e+01 1.197224343427417814e+01 1.197225433865914290e+01 1.288905353493563410e+01 1.288907963893016095e+01 1.495518769141904514e+01 1.495519051545438316e+01 1.732367457696082980e+01 1.732371640872179697e+01 2.374410015790675033e+01 2.374411503533625378e+01
1.824450876769992957e-01 2.332637299964152255e+00 2.332667866188616212e+00 3.642561936245669596e+00 3.642574787853380069e+00 4.284194266247006944e+00 4.284224773263201946e+00 5.234579206665493700e+00 5.234681611981931937e+00 6.518488485256060727e+00 6.518518645893164987e+00 6.988881858382392842e+00 6.989027631470998259e+00 8.494212508957337704e+00 8.494271593983386381e+00 1.049379210943560992e+01 1.049384742547642979e+01 1.119881213032897449e+01 1.119886682141905254e+01 1.130540595928111003e+01 1.130545665342998163e+01 1.197272578219707206e+01 1.197273595190489459e+01 1.289071566143091552e+01 1.289074125558941653e+01 1.495514486148101696e+01 1.495514764978252131e+01 1.732329046236909065e+01 1.732333097967889302e+01 2.374295383640673052e+01 2.374296829273136566e+01
1.833683635514201382e-01 2.336102388166882537e+00 2.336131973144316643e+00 3.642367919049929181e+00 3.642380201090254843e+00 4.293296817901582685e+00 4.293325681566412477e+00 5.236802153859978937e+00 5.236898560675016689e+00 6.518734709318271925e+00 6.518765346172184394e+00 6.983021348331476474e+00 6.983164608494221604e+00 8.493137413004959058e+00 8.493194071666547273e+00 1.049629431111812039e+01 1.049634691629626992e+01 1.119796588399429282e+01 1.119801728070824431e+01 1.130382125089140821e+01 1.130386847849076304e+01 1.197315395544032945e+01 1.197316339900661930e+01 1.289237598971507381e+01 1.289240095052449497e+01 1.495510870422782368e+01 1.495511144005659965e+01 1.732290128598879164e+01 1.732294032860048461e+01 2.374178670189552420e+01 2.374180067762580748e+01
1.842916394258409807e-01 2.339501022620201098e+00 2.339529491060864164e+00 3.642189244604789433e+00 3.642200911084833681e+00 4.302206472780086166e+00 4.302233584505819941e+00 5.239074011626658312e+00 5.239164097734700931e+00 6.518936349101306149e+00 6.518967364704800538e+00 6.977388831249563772e+00 6.977528682280707883e+00 8.492153419497373790e+00 8.492207427741254477e+00 1.049871571406216120e+01 1.049876544529314515e+01 1.119711067763315704e+01 1.119715860984862488e+01 1.130228963805398301e+01 1.130233326850059505e+01 1.197352497403438498e+01 1.197353370616360202e+01 1.289403091047097050e+01 1.289405511410419969e+01 1.495507966976042269e+01 1.495508233634414985e+01 1.732250755596243508e+01 1.732254496941271071e+01 2.374059994259794593e+01 2.374061337962115914e+01
1.852149153002618232e-01 2.342827312135236983e+00 2.342854532715631155e+00 3.642025930680044432e+00 3.642036942065164151e+00 4.310894450425990065e+00 4.310919714095593491e+00 5.241388507503702776e+00 5.241472011373715212e+00 6.519087318221270522e+00 6.519118571105551041e+00 6.972017147517637348e+00 6.972152682934861012e+00 8.491265516788503831e+00 8.491316665522232299e+00 1.050104745173678467e+01 1.050109416486484015e+01 1.119624940809455538e+01 1.119629374060207461e+01 1.130081506367892707e+01 1.130085500544552346e+01 1.197383607426458241e+01 1.197384411468345711e+01 1.289567687855669398e+01 1.289570020158902253e+01 1.495505818560248912e+01 1.495506076627418501e+01 1.732210978167935522e+01 1.732214541790296636e+01 2.373939476472059340e+01 2.373940760653545823e+01
1.861381911746826656e-01 2.346075886644310771e+00 2.346101732844622756e+00 3.641877949313643725e+00 3.641888272218409384e+00 4.319333066247325270e+00 4.319356400393631112e+00 5.243738649684853925e+00 5.243815374048774736e+00 6.519181442849580677e+00 6.519212747425739529e+00 6.966938900806582069e+00 6.967069213336174904e+00 8.490478354729360078e+00 8.490526451147371034e+00 1.050328094900824993e+01 1.050332451920423971e+01 1.119538515801783873e+01 1.119542579218497380e+01 1.129940109880481103e+01 1.129943730067685514e+01 1.197408471260455443e+01 1.197409208474299902e+01 1.289731042523228233e+01 1.289733274537597119e+01 1.495504465459253574e+01 1.495504713292997856e+01 1.732170847278283077e+01 1.732174219070223486e+01 2.373817239112048938e+01 2.373818458306974222e+01
1.870614670491035081e-01 2.349241884503650457e+00 2.349266235429372518e+00 3.641745234185470803e+00 3.641754840932147630e+00 4.327495893190074661e+00 4.327517233102387451e+00 5.246116744774669272e+00 5.246186559460618959e+00 6.519212562026648783e+00 6.519243689706978095e+00 6.962186190809016573e+00 6.962310382790611207e+00 8.489796246016652503e+00 8.489841114835799729e+00 1.050540795112085846e+01 1.050544827313709995e+01 1.119452117212750331e+01 1.119455804707133773e+01 1.129805094433299573e+01 1.129808339607856382e+01 1.197426856881100043e+01 1.197427529833543147e+01 1.289892817010724002e+01 1.289894936695764649e+01 1.495503945286363567e+01 1.495504181282819545e+01 1.732130413818200765e+01 1.732133580426979691e+01 2.373693405996271721e+01 2.373694554946243329e+01
1.879847429235243506e-01 2.352320937628322728e+00 2.352343678809335259e+00 3.641627687335211139e+00 3.641636555394146768e+00 4.335357915918952365e+00 4.335377215581868171e+00 5.248514430798720376e+00 5.248577274668690507e+00 6.519174645272550528e+00 6.519205326607602657e+00 6.957790321160748803e+00 6.957907515765471729e+00 8.489223168655328777e+00 8.489264653247703407e+00 1.050742055264615260e+01 1.050745754092780615e+01 1.119366082847472832e+01 1.119369392171013899e+01 1.129676743745103629e+01 1.129679616990044266e+01 1.197438554826827151e+01 1.197439166151065493e+01 1.290052683274398859e+01 1.290054678853062953e+01 1.495504292792117162e+01 1.495504515399482059e+01 1.732089728507219561e+01 1.732092677388403601e+01 2.373568102336867724e+01 2.373569176013356241e+01
1.889080187979451930e-01 2.355309154900142588e+00 2.355330179060658224e+00 3.641525185220423122e+00 3.641533296550599097e+00 4.342895675100350239e+00 4.342912908873075573e+00 5.250922726366806792e+00 5.250978608217515387e+00 6.519061925595524443e+00 6.519091853214779242e+00 6.953781485894340975e+00 6.953890838990712808e+00 8.488762769240937089e+00 8.488800732652496350e+00 1.050931122633931736e+01 1.050934481499292517e+01 1.119280760504880590e+01 1.119283693259283829e+01 1.129555306239312706e+01 1.129557814692135764e+01 1.197443378366652667e+01 1.197443930601342110e+01 1.290210324385390450e+01 1.290212184418978225e+01 1.495505539682840634e+01 1.495505747414766873e+01 1.732048841796654415e+01 1.732051561264236739e+01 2.373441454605715251e+01 2.373442448232060897e+01
1.898312946723660355e-01 2.358203104265165440e+00 2.358222312058494197e+00 3.641437584119306514e+00 3.641444924431254115e+00 4.350087399537254207e+00 4.350102563489447682e+00 5.253332096442688837e+00 5.253381094729116185e+00 6.518869044609433949e+00 6.518897876768862787e+00 6.950188439454776379e+00 6.950289151892413031e+00 8.488418366776732782e+00 8.488452692621040185e+00 1.051107285180892248e+01 1.051110299442971474e+01 1.119196504236235334e+01 1.119199065828674122e+01 1.129440996504074413e+01 1.129443151246190702e+01 1.197441163609246395e+01 1.197441659041860085e+01 1.290365435602482336e+01 1.290367149064753782e+01 1.495507714450938508e+01 1.495507905899501822e+01 1.732007803774206778e+01 1.732010283047354093e+01 2.373313590397997430e+01 2.373314499470795980e+01
1.907545705467868780e-01 2.360999793908387101e+00 2.361017094610540656e+00 3.641364724888239035e+00 3.641371282855669467e+00 4.356913124142681504e+00 4.356926236974440592e+00 5.255732534651686549e+00 5.255774795894520679e+00 6.518591205017077783e+00 6.518618569573302324e+00 6.947038157057745522e+00 6.947129487074828802e+00 8.488192956752966367e+00 8.488223549970305370e+00 1.051269874387232584e+01 1.051272541323294796e+01 1.119113670277401162e+01 1.119115869820766029e+01 1.129333997074396478e+01 1.129335812964131414e+01 1.197431769560983028e+01 1.197432210085460902e+01 1.290517725392091286e+01 1.290519281741915592e+01 1.495510842217857572e+01 1.495511016065971965e+01 1.731966664070348827e+01 1.731968893316574309e+01 2.373184638295400006e+01 2.373185458605166431e+01
1.916778464212077204e-01 2.363696652860647340e+00 2.363711965017323280e+00 3.641306437089173009e+00 3.641312203538957348e+00 4.363354792049811692e+00 4.363365895538358075e+00 5.258113661474698830e+00 5.258149397214515020e+00 6.518224324337117181e+00 6.518249822986174280e+00 6.944355493829823978e+00 6.944436769232996909e+00 8.488089215230086637e+00 8.488116002703140595e+00 1.051418268043725490e+01 1.051420586804155732e+01 1.119032612744341115e+01 1.119034462903269400e+01 1.129234460464817502e+01 1.129235955917514822e+01 1.197415078140640610e+01 1.197415465139382285e+01 1.290666916389954366e+01 1.290668305641882618e+01 1.495514944590549256e+01 1.495515099623717958e+01 1.731925471766812308e+01 1.731927442141397933e+01 2.373054727729137525e+01 2.373055455380135825e+01
1.926011222956285629e-01 2.366291511359434274e+00 2.366304763381065879e+00 3.641262542504981159e+00 3.641267509618132614e+00 4.369396339530156936e+00 4.369405498463198256e+00 5.260464837061072707e+00 5.260494319221734827e+00 6.517765182619045916e+00 6.517788395261339573e+00 6.942162852551385654e+00 6.942233482273366008e+00 8.488109502685196261e+00 8.488132433703663438e+00 1.051551892971964719e+01 1.051553864522623449e+01 1.118953679190894412e+01 1.118955195974495709e+01 1.129142511374988089e+01 1.129143708094548160e+01 1.197390994158557653e+01 1.197391328417474554e+01 1.290812746299270408e+01 1.290813959091449092e+01 1.495520039532250678e+01 1.495520174649536216e+01 1.731884275307465160e+01 1.731885978988971075e+01 2.372923988842990184e+01 2.372924620272132046e+01
1.935243981700494054e-01 2.368782581249214036e+00 2.368793711949250813e+00 3.641232858063617073e+00 3.641237018621017452e+00 4.375023762811044215e+00 4.375031064386188717e+00 5.262775286771432803e+00 5.262798841291560059e+00 6.517211556185349863e+00 6.517232045309752309e+00 6.940479870730904999e+00 6.940539355349138795e+00 8.488255867399367105e+00 8.488274913966881385e+00 1.051670227658157053e+01 1.051671854710288834e+01 1.118877206133646318e+01 1.118878408635326949e+01 1.129058248987841395e+01 1.129059171654331095e+01 1.197359445268122968e+01 1.197359726930613455e+01 1.290954968720458318e+01 1.290955996379325121e+01 1.495526141248321750e+01 1.495526255472428190e+01 1.731843122411935809e+01 1.731844552633641143e+01 2.372792552356514761e+01 2.372793084351220116e+01
1.944476740444702478e-01 2.371168436671804436e+00 2.371177395743568894e+00 3.641217198193856586e+00 3.641220544900403144e+00 4.380225166328902020e+00 4.380230719018517682e+00 5.265034236971287918e+00 5.265052235555088167e+00 6.516562329326618830e+00 6.516579644346280453e+00 6.939323137996369795e+00 6.939371078801327641e+00 8.488530048183898558e+00 8.488545205161948104e+00 1.051772804775143300e+01 1.051774091703528669e+01 1.118803514650584141e+01 1.118804424734038783e+01 1.128981749280894320e+01 1.128982425198493011e+01 1.197320381897217700e+01 1.197320610459083134e+01 1.291093353908124364e+01 1.291094188509380203e+01 1.495533260087785976e+01 1.495533352574153341e+01 1.731802059992255494e+01 1.731803211069402693e+01 2.372660549428617571e+01 2.372660979143533311e+01
1.953709499188910903e-01 2.373447995261221521e+00 2.373454743689231705e+00 3.641215376636733669e+00 3.641217901554968162e+00 4.384990792404686921e+00 4.384994724305659730e+00 5.267231058069264726e+00 5.267243907898522259e+00 6.515817576465832595e+00 6.515831257983667690e+00 6.938705954271987331e+00 6.938742060509775378e+00 8.488933476265469125e+00 8.488944761350163404e+00 1.051859213567315265e+01 1.051860166317460354e+01 1.118732906158449225e+01 1.118733548086439100e+01 1.128913067275362359e+01 1.128913525983545263e+01 1.197273777166622999e+01 1.197273951509906098e+01 1.291227689451274685e+01 1.291228323876647543e+01 1.495541402461174663e+01 1.495541472505991898e+01 1.731761134072858965e+01 1.731762001425585851e+01 2.372528111521655703e+01 2.372528436494140180e+01
1.962942257933119328e-01 2.375620500023369885e+00 2.375625010425042927e+00 3.641227207737865346e+00 3.641228901857737288e+00 4.389313032759921462e+00 4.389315489466738995e+00 5.269355411362465880e+00 5.269363542607838902e+00 6.514978608633942514e+00 6.514988192661650857e+00 6.938638137875367207e+00 6.938662231856241647e+00 8.489467276172355525e+00 8.489474729701200317e+00 1.051929102072226030e+01 1.051929728057510260e+01 1.118665658468717083e+01 1.118666058467274915e+01 1.128852239154941550e+01 1.128852512002729469e+01 1.197219626801280512e+01 1.197219745261624446e+01 1.291357780873273420e+01 1.291358208862656021e+01 1.495550570775167998e+01 1.495550617822219586e+01 1.731720389714199371e+01 1.731720969886056238e+01 2.372395370266231041e+01 2.372395588430499913e+01
1.972175016677327752e-01 2.377685502046226418e+00 2.377687758940577378e+00 3.641252507246746095e+00 3.641253360211469392e+00 4.393186422685770864e+00 4.393187564742354390e+00 5.271397395940314645e+00 5.271401246931524120e+00 6.514047980090002632e+00 6.514053002283589855e+00 6.939125890585713385e+00 6.939137910443512247e+00 8.490132265488000485e+00 8.490135950075186955e+00 1.051982179152618180e+01 1.051982487142427303e+01 1.118602022214570368e+01 1.118602207959060735e+01 1.128799284196254504e+01 1.128799403872780971e+01 1.197157949038920144e+01 1.197158009498886955e+01 1.291483452148575140e+01 1.291483668347146363e+01 1.495560763384445302e+01 1.495560787030721528e+01 1.731679870940284616e+01 1.731680161612261770e+01 2.372262457326835516e+01 2.372262567026682589e+01
1.981407775421536177e-01 2.379642844154952197e+00 2.379642844154965964e+00 3.641291092649019845e+00 3.641291092649022509e+00 4.396607619015513002e+00 4.396607619015518331e+00 5.273347691718970331e+00 5.273347691718976549e+00 6.513029453404650226e+00 6.513029453404658220e+00 6.940171724063063152e+00 6.940171724063067593e+00 8.490928953362850251e+00 8.490928953362852027e+00 1.052018216313274834e+01 1.052018216313275190e+01 1.118542217731829602e+01 1.118542217731830313e+01 1.128754206466914667e+01 1.128754206466915022e+01 1.197088784539119644e+01 1.197088784539120709e+01 1.291604546133755349e+01 1.291604546133755882e+01 1.495571974561067741e+01 1.495571974561068629e+01 1.731639620670401669e+01 1.731639620670402735e+01 2.372129504268514566e+01 2.372129504268515987e+01
1.990640534165744602e-01 2.381490397521009772e+00 2.381492645595210789e+00 3.641341916895906472e+00 3.641342783057925470e+00 4.399574402735817458e+00 4.399575363319610410e+00 5.275194244377506614e+00 5.275197694634125689e+00 6.511922450022625597e+00 6.511927924052300476e+00 6.941762597409773861e+00 6.941774448996406832e+00 8.491853958501643262e+00 8.491857537700882474e+00 1.052036752404476516e+01 1.052037049278654912e+01 1.118486275312212364e+01 1.118486432466274927e+01 1.128716910235554138e+01 1.128716996268593498e+01 1.197012133153349467e+01 1.197012196294496533e+01 1.291720705287755777e+01 1.291720924910883639e+01 1.495584170750308672e+01 1.495584194481623719e+01 1.731599389962995872e+01 1.731599680655277496e+01 2.371996531919817741e+01 2.371996642424700852e+01
1.999873292909953026e-01 2.383230812710021684e+00 2.383235287799376323e+00 3.641405652011692418e+00 3.641407398690439834e+00 4.402088697764950709e+00 4.402090431934473358e+00 5.276933090690689276e+00 5.276939640099449491e+00 6.510737921671930550e+00 6.510749308228310106e+00 6.943905800003517648e+00 6.943929225323183019e+00 8.492910868112405254e+00 8.492917900964076949e+00 1.052037997655269308e+01 1.052038579309546229e+01 1.118434532383476565e+01 1.118434818968587408e+01 1.128687492136445236e+01 1.128687631344771880e+01 1.196928140482841130e+01 1.196928269544556045e+01 1.291832028384499331e+01 1.291832470041831549e+01 1.495597361846596129e+01 1.495597409232249042e+01 1.731559511165088594e+01 1.731560091417908254e+01 2.371863781389858872e+01 2.371864002766342949e+01
2.009106051654161451e-01 2.384864732405511667e+00 2.384871401263904733e+00 3.641482117627060866e+00 3.641484759953120598e+00 4.404153255868278549e+00 4.404155574547081287e+00 5.278557342542079311e+00 5.278566711042789628e+00 6.509482680825533940e+00 6.509500399931096304e+00 6.946593050994589014e+00 6.946627669094328716e+00 8.494099262729040589e+00 8.494109604565736049e+00 1.052021920742911121e+01 1.052022774239973124e+01 1.118387103141525607e+01 1.118387493525277065e+01 1.128665916004822023e+01 1.128666077986265037e+01 1.196836913952657433e+01 1.196837111691838906e+01 1.291938417667733852e+01 1.291939082732644728e+01 1.495611530030706504e+01 1.495611600831566079e+01 1.731520024665372759e+01 1.731520892199301898e+01 2.371731383602200083e+01 2.371731715772502014e+01
2.018338810398369876e-01 2.386393036210117113e+00 2.386401853541349816e+00 3.641571132793905985e+00 3.641574686161606511e+00 4.405772727606835915e+00 4.405775443092274202e+00 5.280061129217505922e+00 5.280073127199731431e+00 6.508164257332492930e+00 6.508188705085657944e+00 6.949812674256295786e+00 6.949858009308480966e+00 8.495418393622292896e+00 8.495431881852312017e+00 1.051988557522596857e+01 1.051989669219208245e+01 1.118344063220926010e+01 1.118344535454855126e+01 1.128652131845779216e+01 1.128652292537799084e+01 1.196738583182438376e+01 1.196738852219171712e+01 1.292039795117495338e+01 1.292040683907618970e+01 1.495626653455385657e+01 1.495626747271465717e+01 1.731480969512405821e+01 1.731482120909300448e+01 2.371599468865064608e+01 2.371599911302525854e+01
2.027571569142578300e-01 2.387816829646391970e+00 2.387827738327175542e+00 3.641672514466560706e+00 3.641676993916812322e+00 4.406953583341683967e+00 4.406956512683770200e+00 5.281439670553755406e+00 5.281454212980656315e+00 6.506790718613468805e+00 6.506822261485176284e+00 6.953549795573796821e+00 6.953605286473203861e+00 8.496867174248979637e+00 8.496883629703569696e+00 1.051938011463027678e+01 1.051939367147734750e+01 1.118305449213520930e+01 1.118305987060256257e+01 1.128646072587776139e+01 1.128646224772759155e+01 1.196633299893879787e+01 1.196633642606228598e+01 1.292136102427815381e+01 1.292137214193283334e+01 1.495642706302359315e+01 1.495642822575551101e+01 1.731442383366143289e+01 1.731443814082690125e+01 2.371468166743369821e+01 2.371468718469953174e+01
2.036804327886786725e-01 2.389137434212571964e+00 2.389150365602201287e+00 3.641786075634311448e+00 3.641791495160614733e+00 4.407704027959667314e+00 4.407706996207590322e+00 5.282689330564835473e+00 5.282706442265444835e+00 6.505370484558989475e+00 6.505409453546202592e+00 6.957786572892897148e+00 6.957851583835460652e+00 8.498444170389307217e+00 8.498463398812125646e+00 1.051870453770940372e+01 1.051872038800399167e+01 1.118271258853886430e+01 1.118271854147677224e+01 1.128647649538961950e+01 1.128647821919618721e+01 1.196521237813521132e+01 1.196521656242975062e+01 1.292227300894984410e+01 1.292228633812977456e+01 1.495659658856754959e+01 1.495659796874978120e+01 1.731404302454954092e+01 1.731406006840729006e+01 2.371337605932530934e+01 2.371338265518226862e+01
2.046037086630995150e-01 2.390356378434825402e+00 2.390371252771312793e+00 3.641911623126482311e+00 3.641917994933347114e+00 4.408033910773721864e+00 4.408036754073053842e+00 5.283807650242404286e+00 5.283827459905117152e+00 6.503912145581384863e+00 6.503958830368407718e+00 6.962502450464984172e+00 6.962576282123559501e+00 8.500147589067307052e+00 8.500169382735846213e+00 1.051786123202260725e+01 1.051787922634355610e+01 1.118241452048560269e+01 1.118242106891705667e+01 1.128656765194006262e+01 1.128657014735169284e+01 1.196402592568558099e+01 1.196403088336981746e+01 1.292313371217645468e+01 1.292314922393249432e+01 1.495677477598584026e+01 1.495677636501327967e+01 1.731366761538270893e+01 1.731368732858246062e+01 2.371207914134205552e+01 2.371208679698399635e+01
2.055269845375203575e-01 2.391475389841471788e+00 2.391492116723489492e+00 3.642048955113593056e+00 3.642056288855745283e+00 4.407954631844738458e+00 4.407957200472473858e+00 5.284793358267998897e+00 5.284816081172357904e+00 6.502424291197081985e+00 6.502478934499626995e+00 6.967674428205733683e+00 6.967756329147049676e+00 8.501975266383357877e+00 8.501999405850499514e+00 1.051685325561926554e+01 1.051687324283824054e+01 1.118215952977125127e+01 1.118216680749526937e+01 1.128673326435509239e+01 1.128673702639153831e+01 1.196277581572597448e+01 1.196278155811013377e+01 1.292394313210443535e+01 1.292396078683760230e+01 1.495696125310831093e+01 1.495696304096047413e+01 1.731329793874985867e+01 1.731332024336385444e+01 2.371079217934055805e+01 2.371080087148874327e+01
2.064502604119411999e-01 2.392496387769100341e+00 2.392514866722286193e+00 3.642197858330272542e+00 3.642206160359056533e+00 4.407479045670490869e+00 4.407481207416879876e+00 5.285646358888777208e+00 5.285672271326779637e+00 6.500915355043128230e+00 6.500978147316925693e+00 6.973277338515685209e+00 6.973366516547661931e+00 8.503924654422593932e+00 8.503950910364821425e+00 1.051568432898438843e+01 1.051570615747724347e+01 1.118194653237159208e+01 1.118195477359543943e+01 1.128697228573424205e+01 1.128697767539762431e+01 1.196146443897449885e+01 1.196147097186665142e+01 1.292470145433474471e+01 1.292472120192893748e+01 1.495715561203615707e+01 1.495715758735903300e+01 1.731293431197708799e+01 1.731295911981108304e+01 2.370951642681653482e+01 2.370952612777319501e+01
2.073735362863620424e-01 2.393421476898607736e+00 2.393441598024165007e+00 3.642358105047912797e+00 3.642367377688586760e+00 4.406621362493117644e+00 4.406623008117505513e+00 5.286367697418887346e+00 5.286397107554656749e+00 6.499393480557130509e+00 6.499464555242818520e+00 6.979284124013177326e+00 6.979379757206372048e+00 8.505992807438667924e+00 8.506020942595919010e+00 1.051435882402816269e+01 1.051438234279904904e+01 1.118177415437784994e+01 1.118178365906144478e+01 1.128728348409193671e+01 1.128729078248384532e+01 1.196009440126333168e+01 1.196010172449238063e+01 1.292540904740168095e+01 1.292543082741664762e+01 1.495735741053800361e+01 1.495735956073814776e+01 1.731257703692937966e+01 1.731260424987474877e+01 2.370825312372650018e+01 2.370826380144852052e+01
2.082968121607828849e-01 2.394252941406405988e+00 2.394274586109067737e+00 3.642529449827933696e+00 3.642539690708082478e+00 4.405397043967625770e+00 4.405398104416408778e+00 5.286959505342030852e+00 5.286992725146150818e+00 6.497866409854709424e+00 6.497945839307838867e+00 6.985666110939837026e+00 6.985767358124520321e+00 8.508176367548925256e+00 8.508206138739497604e+00 1.051288175024700955e+01 1.051290680994801008e+01 1.118164076469471269e+01 1.118165185591779220e+01 1.128766544165038255e+01 1.128767487738627473e+01 1.195866852183157114e+01 1.195867662888413996e+01 1.292606645746720240e+01 1.292609019939004966e+01 1.495756617359344887e+01 1.495756848494353264e+01 1.731222639987182177e+01 1.731225591029736322e+01 2.370700349533281326e+01 2.370701511352563173e+01
2.092200880352037273e-01 2.394993239608299351e+00 2.395016281400069502e+00 3.642711626089091492e+00 3.642722827535133323e+00 4.403822653043525825e+00 4.403823219519629184e+00 5.287424928143539482e+00 5.287462249505066048e+00 6.496341396768826826e+00 6.496429188991657888e+00 6.992393274277598714e+00 6.992499284873924914e+00 8.510471550213477343e+00 8.510502710405900118e+00 1.051125873820659606e+01 1.051128519203707157e+01 1.118154450297860159e+01 1.118155749223286399e+01 1.128811654868282233e+01 1.128812830763268238e+01 1.195718983131880719e+01 1.195719870908680704e+01 1.292667440226536257e+01 1.292670002581848898e+01 1.495778139507621418e+01 1.495778385283108669e+01 1.731188267139051362e+01 1.731191436257226002e+01 2.370576875107327908e+01 2.370578126930476159e+01
2.101433639096245698e-01 2.395644998964610473e+00 2.395669304339794525e+00 3.642904342526003258e+00 3.642916491041286786e+00 4.401915580059275968e+00 4.401916374844534019e+00 5.287768039473655257e+00 5.287809715746567107e+00 6.494825143673799595e+00 6.494921239928990175e+00 6.999434491769737754e+00 6.999544414859007802e+00 8.512874129807032730e+00 8.512906430229419286e+00 1.050949602051316489e+01 1.050952372498488252e+01 1.118148330709806437e+01 1.118149847328927216e+01 1.128863499140597071e+01 1.128864921988540360e+01 1.195566156939339741e+01 1.195567119802882949e+01 1.292723376433552751e+01 1.292726117983858813e+01 1.495800253956855563e+01 1.495800512809075222e+01 1.731154610637286240e+01 1.731157985296021096e+01 2.370455008345589221e+01 2.370456345729016689e+01
2.110666397840454123e-01 2.396211011310043215e+00 2.396236440686252411e+00 3.643107279419394828e+00 3.643120355254256815e+00 4.399694610421799545e+00 4.399696126182586653e+00 5.287993745185382011e+00 5.288039978068531433e+00 6.493323760657745858e+00 6.493428034006973881e+00 7.006757785008776551e+00 7.006870777596668987e+00 8.515379425627756405e+00 8.515412617893826308e+00 1.050760041044760129e+01 1.050762922600420701e+01 1.118145494358357972e+01 1.118147252298182259e+01 1.128921873791658825e+01 1.128923554358687475e+01 1.195408718194352282e+01 1.195409753481707149e+01 1.292774558358609482e+01 1.292777469236927246e+01 1.495822904429765998e+01 1.495823174719128268e+01 1.731121694404672340e+01 1.731125261256284986e+01 2.370334866697985987e+01 2.370336284813059891e+01
2.119899156584662547e-01 2.396694228167366880e+00 2.396720636886341183e+00 3.643320084882637033e+00 3.643334061703893401e+00 4.397179479857490136e+00 4.397181813582368370e+00 5.288107680508832509e+00 5.288158611484091054e+00 6.491842744848309366e+00 6.491954999624361733e+00 7.014330546521859944e+00 7.014445780978973310e+00 8.517982288720846284e+00 8.518016126950685774e+00 1.050557927843623141e+01 1.050560906991865906e+01 1.118145704123393891e+01 1.118147722365054619e+01 1.128986552407086208e+01 1.128988497613723752e+01 1.195247031775388891e+01 1.195248136151387186e+01 1.292821104923363151e+01 1.292824174409917504e+01 1.495846032118464741e+01 1.495846312143634016e+01 1.731089540807760230e+01 1.731093285745216903e+01 2.370216565708318157e+01 2.370218059358602147e+01
2.129131915328870972e-01 2.397097756002140478e+00 2.397124995383449697e+00 3.643542371093764221e+00 3.643557215758444379e+00 4.394390533318076386e+00 4.394393709134755355e+00 5.288116103315569916e+00 5.288171808700735887e+00 6.490386977221570319e+00 6.490506949412510274e+00 7.022119752354265998e+00 7.022236423045270293e+00 8.520677089925719372e+00 8.520711332838354579e+00 1.050344052652511984e+01 1.050347116347819920e+01 1.118148712638759434e+01 1.118151005424706135e+01 1.129057284032800723e+01 1.129059496968375953e+01 1.195081482458613742e+01 1.195082651931420870e+01 1.292863149116496047e+01 1.292866365689378405e+01 1.495869575899584447e+01 1.495869863912158593e+01 1.731058170672271146e+01 1.731062078885465283e+01 2.370100218911780487e+01 2.370101782552134040e+01
2.138364674073079397e-01 2.397424851275060664e+00 2.397452769714822018e+00 3.643773710566094781e+00 3.643789383002050908e+00 4.391348768461455165e+00 4.391352781928414828e+00 5.288025786142362072e+00 5.288086274905304585e+00 6.488960733998358599e+00 6.489088092498226601e+00 7.030092160048005745e+00 7.030209489179038762e+00 8.523457709582823227e+00 8.523492122536991289e+00 1.050119256101057630e+01 1.050122391783006215e+01 1.118154265828019511e+01 1.118156842689695551e+01 1.129133792026082794e+01 1.129136271986615725e+01 1.194912474457711049e+01 1.194913704403711385e+01 1.292900837077210063e+01 1.292904188467193904e+01 1.495893472558609005e+01 1.495893766778243084e+01 1.731027603304045570e+01 1.731031659338845330e+01 2.369985937735281922e+01 2.369987565492748871e+01
2.147597432817287821e-01 2.397678915150775136e+00 2.397707359256716853e+00 3.644013632516389656e+00 3.644030085710101563e+00 4.388075758442254504e+00 4.388080585594862804e+00 5.287843909366485740e+00 5.287909123019744584e+00 6.487567709709798791e+00 6.487702058372134317e+00 7.038214492166901870e+00 7.038331734892580904e+00 8.526317529358871994e+00 8.526351886317913298e+00 1.049884426335917809e+01 1.049887621928298564e+01 1.118162106328801109e+01 1.118164972166106175e+01 1.129215773129026879e+01 1.129218515692167557e+01 1.194740430886543336e+01 1.194741716084143590e+01 1.292934327131165162e+01 1.292937800380312119e+01 1.495917657022316227e+01 1.495917955652149800e+01 1.730997856515362443e+01 1.731002044335193801e+01 2.369873831400623132e+01 2.369875517097039364e+01
2.156830191561496246e-01 2.397863487724816611e+00 2.397892303478318166e+00 3.644261619393311946e+00 3.644278799483680498e+00 4.384593560742760410e+00 4.384599161864295880e+00 5.287577957630985814e+00 5.287647771693667842e+00 6.486211049144320562e+00 6.486351929562355068e+00 7.046453605666828324e+00 7.046570054504610603e+00 8.529249426665952427e+00 8.529283512062596273e+00 1.049640495952708541e+01 1.049643739847918944e+01 1.118171976720041982e+01 1.118175131911102937e+01 1.129302896810669310e+01 1.129305893953818085e+01 1.194565793135476106e+01 1.194567127807392914e+01 1.292963788784226331e+01 1.292967370307902009e+01 1.495942062598233768e+01 1.495942363840475942e+01 1.730968946656424379e+01 1.730973249706130090e+01 2.369764006830565251e+01 2.369765744006795316e+01
2.166062950305704671e-01 2.397982241637058198e+00 2.398011275571953593e+00 3.644517103634726141e+00 3.644534950109662663e+00 4.380924625068615796e+00 4.380930947281456156e+00 5.287235621300233390e+00 5.287309847947061492e+00 6.484893385625682960e+00 6.485040280555715242e+00 7.054776647482008833e+00 7.054891636084004602e+00 8.532245772159715358e+00 8.532279382636772880e+00 1.049388438776250077e+01 1.049391719806266465e+01 1.118183622490232310e+01 1.118187063028436334e+01 1.129394804915729367e+01 1.129398045179237009e+01 1.194389020152041780e+01 1.194390398015591437e+01 1.292989401679448314e+01 1.292993077331348672e+01 1.495966621219999837e+01 1.495966923291526918e+01 1.730940888651769072e+01 1.730945289923484154e+01 2.369656568557852694e+01 2.369658350499560839e+01
2.175295709049913095e-01 2.398038974947267032e+00 2.398068075334559790e+00 3.644779464726433105e+00 3.644797910717779477e+00 4.377091702032588572e+00 4.377098681567397342e+00 5.286824704388743079e+00 5.286903096002153468e+00 6.483616883373051643e+00 6.483769220714372672e+00 7.063151196723247871e+00 7.063264103054954113e+00 8.535298430803194947e+00 8.535331376806805537e+00 1.049129266494811397e+01 1.049132573890516795e+01 1.118196794701709962e+01 1.118200512362368038e+01 1.129491111649612023e+01 1.129494580344226051e+01 1.194210587616576547e+01 1.194212001941414059e+01 1.293011354522852763e+01 1.293015109662644946e+01 1.495991263697508522e+01 1.495991564845325428e+01 1.730913696041359984e+01 1.730918178142130870e+01 2.369551618637195745e+01 2.369553438402046552e+01
2.184528467794121520e-01 2.398037603158342801e+00 2.398066621185399594e+00 3.645048026639303718e+00 3.645066999310098144e+00 4.373117753073184844e+00 4.373125317430307746e+00 5.286353040064192044e+00 5.286435293471634544e+00 6.482383282027038618e+00 6.482540439272108657e+00 7.071545393882872510e+00 7.071655642855779078e+00 8.538398766975094034e+00 8.538430874178175145e+00 1.048864025151413415e+01 1.048867348492470875e+01 1.118211252319851212e+01 1.118215234859117047e+01 1.129591403920831816e+01 1.129595083376543485e+01 1.194030987003642785e+01 1.194032430676319123e+01 1.293029843983563332e+01 1.293033663546720291e+01 1.496015919970705887e+01 1.496016218487124583e+01 1.730887381026071026e+01 1.730891926246951229e+01 2.369449256560277917e+01 2.369451107006450030e+01
2.193761226538329945e-01 2.397982150285330682e+00 2.398010941217431302e+00 3.645322055725598975e+00 3.645341476742522957e+00 4.369025861838177427e+00 4.369033931884930055e+00 5.285828414490292282e+00 5.285914175714435004e+00 6.481193941762220412e+00 6.481355250833537696e+00 7.079928057430270982e+00 7.080035123031580113e+00 8.541537654083008135e+00 8.541568764618054033e+00 1.048593791492850613e+01 1.048597120650646097e+01 1.118226764188291789e+01 1.118230995575450137e+01 1.129695242053415249e+01 1.129699111905331677e+01 1.193850724520259021e+01 1.193852190114875000e+01 1.293045073573901682e+01 1.293048942143324709e+01 1.496040519365941357e+01 1.496040813603332786e+01 1.730861954517245493e+01 1.730866544903579296e+01 2.369349579173762166e+01 2.369351452989648266e+01
2.202993985282538369e-01 2.397876738881499659e+00 2.397905163193376765e+00 3.645600759157288095e+00 3.645620545239894650e+00 4.364839147220550331e+00 4.364847639215112984e+00 5.285258499462004878e+00 5.285347368843194005e+00 6.480049887729855129e+00 6.480214640124520642e+00 7.088268788171320445e+00 7.088372195129784004e+00 8.544705489112661922e+00 8.544735462595015818e+00 1.048319669175038804e+01 1.048322994251483919e+01 1.118243110642608329e+01 1.118247571325006540e+01 1.129802160873440720e+01 1.129806198379104387e+01 1.193670319912508582e+01 1.193671799766641151e+01 1.293057252514991795e+01 1.293061154394002976e+01 1.496064990853757770e+01 1.496065279238735890e+01 1.730837426190017680e+01 1.730842043612630121e+01 2.369252680600353500e+01 2.369254570335323962e+01
2.212226744026746794e-01 2.397725578950314240e+00 2.397753503414687515e+00 3.645883283991331769e+00 3.645903347528705929e+00 4.360580678227115037e+00 4.360589505742793470e+00 5.284650794002124563e+00 5.284742331575478680e+00 6.478951852870056705e+00 6.479119305038667065e+00 7.096538061741231473e+00 7.096637386763860356e+00 8.547892212502988585e+00 8.547920926828025401e+00 1.048042784821779883e+01 1.048046096086899226e+01 1.118260084765292994e+01 1.118264751963528347e+01 1.129911671165916687e+01 1.129915851547593597e+01 1.193490305132752738e+01 1.193491791427715754e+01 1.293066594593384799e+01 1.293070513879678352e+01 1.496089263307055184e+01 1.496089544353958267e+01 1.730813804540027334e+01 1.730818430767036631e+01 2.369158652162904843e+01 2.369160550258981957e+01
2.221459502770955219e-01 2.397532955688544298e+00 2.397560254408555913e+00 3.646168716946104560e+00 3.646188966670639520e+00 4.356273390858142136e+00 4.356282466578003110e+00 5.284012574841578491e+00 5.284106305868710329e+00 6.477900318394869572e+00 6.478069697287651252e+00 7.104707309606583365e+00 7.104802182216904072e+00 8.551087333683415892e+00 8.551114685583998565e+00 1.047764283933068086e+01 1.047767571764326000e+01 1.118277493294066538e+01 1.118282341323719642e+01 1.130023261490926956e+01 1.130027558295769197e+01 1.193311222860602072e+01 1.193312707704981435e+01 1.293073317014099466e+01 1.293077237674246582e+01 1.496113265758560651e+01 1.496113538082100725e+01 1.730791096943179497e+01 1.730795713712140227e+01 2.369067582311580367e+01 2.369069481135884558e+01
2.230692261515163644e-01 2.397303216026954509e+00 2.397329771399096199e+00 3.646456084971920308e+00 3.646476426679086558e+00 4.351940007170898461e+00 4.351949244524516480e+00 5.283350855499690191e+00 5.283446276069541980e+00 6.476895551468367707e+00 6.477066060187912200e+00 7.112748988969195274e+00 7.112839091974211492e+00 8.554279962543903437e+00 8.554305867897628701e+00 1.047485326638839886e+01 1.047488581465063717e+01 1.118295157203425561e+01 1.118300157818709017e+01 1.130136400341641867e+01 1.130140785812297466e+01 1.193133624872025678e+01 1.193135100387307190e+01 1.293077639255361966e+01 1.293081545199472515e+01 1.496136927656594473e+01 1.496137189983554094e+01 1.730769309718034776e+01 1.730773898808127598e+01 2.368979556554080190e+01 2.368981448431895842e+01
2.239925020259372068e-01 2.397040753955083314e+00 2.397066457549072993e+00 3.646744356693516487e+00 3.646764693995970585e+00 4.347602956690906240e+00 4.347612271309223786e+00 5.282672353514947794e+00 5.282768936140406879e+00 6.475937639797428425e+00 6.476108463303661189e+00 7.120636641991252347e+00 7.120721711601234460e+00 8.557458847030634530e+00 8.557483240910064737e+00 1.047207083294567553e+01 1.047210295547098902e+01 1.118312911985666958e+01 1.118318034739808908e+01 1.130250538621471890e+01 1.130254984069633650e+01 1.192958070252427127e+01 1.192959528659402935e+01 1.293079781930184069e+01 1.293083657086335414e+01 1.496160179118130529e+01 1.496160430297991262e+01 1.730748448190473709e+01 1.730752991494451010e+01 2.368894657388909408e+01 2.368896534637207552e+01
2.249157779003580493e-01 2.396749994640334780e+00 2.396774747982448162e+00 3.647032444797113637e+00 3.647052679901003902e+00 4.343284300319480984e+00 4.343293611289269940e+00 5.281983465251298249e+00 5.282080664399247283e+00 6.475026522998694745e+00 6.475196833817823183e+00 7.128344944796562999e+00 7.128424770419396594e+00 8.560612416971029148e+00 8.560635253434034198e+00 1.046930729916389780e+01 1.046933889989779587e+01 1.118330607662324105e+01 1.118335820279247095e+01 1.130365112413379691e+01 1.130369588588944296e+01 1.192785123451319151e+01 1.192786557155838523e+01 1.293079965659717878e+01 1.293083794047782220e+01 1.496182951178210807e+01 1.496183190192613743e+01 1.730728516760177982e+01 1.730732996355782305e+01 2.368812964241704577e+01 2.368814819202964017e+01
2.258390537747788918e-01 2.396435377374483089e+00 2.396459092620669029e+00 3.647319209423976361e+00 3.647339243914988760e+00 4.339005656868500260e+00 4.339014887773982032e+00 5.281290247616317046e+00 5.281387505118583015e+00 6.474162020726970113e+00 6.474330984621691876e+00 7.135849746744011846e+00 7.135924170474087447e+00 8.563728834132472656e+00 8.563750085753916608e+00 1.046657443455610093e+01 1.046660541679750800e+01 1.118348108560064347e+01 1.118353377311966668e+01 1.130479546011177483e+01 1.130484023460081033e+01 1.192615352178318311e+01 1.192616753854825085e+01 1.293078409963159281e+01 1.293082175767665909e+01 1.496205176034802342e+01 1.496205402005744745e+01 1.730709518968541616e+01 1.730713917189118689e+01 2.368734553404581078e+01 2.368736378480738836e+01
2.267623296491997342e-01 2.396101337404698217e+00 2.396123937890048960e+00 3.647603462621092696e+00 3.647623198248040932e+00 4.334788132332314525e+00 4.334797212077744710e+00 5.280598405971947074e+00 5.280695156273693236e+00 6.473343857641143728e+00 6.473510639204450356e+00 7.143128100515164114e+00 7.143197016335527394e+00 8.566796048410722619e+00 8.566815705561161565e+00 1.046388396915250851e+01 1.046391423540374532e+01 1.118365292886661777e+01 1.118370582972349148e+01 1.130593255180371770e+01 1.130597704584752172e+01 1.192449325142599825e+01 1.192450687813794197e+01 1.293075332168721836e+01 1.293079019810416064e+01 1.496226787288238036e+01 1.496226999484921727e+01 1.730691457567572655e+01 1.730695757071597285e+01 2.368659497978516271e+01 2.368661285664880367e+01
2.276856055236205767e-01 2.395752286731684944e+00 2.395773707382741868e+00 3.647883973883798259e+00 3.647903313327478969e+00 4.330652251985611656e+00 4.330661115398803496e+00 5.279913287492147056e+00 5.280008962702332553e+00 6.472571685350349213e+00 6.472735453489900870e+00 7.150158283605017040e+00 7.150221636320696739e+00 8.569801859928837473e+00 8.569819929810204684e+00 1.046124754315021477e+01 1.046127699510472198e+01 1.118382052142894878e+01 1.118387328062118868e+01 1.130705650614639524e+01 1.130710043109729845e+01 1.192287609640688473e+01 1.192288926751567857e+01 1.293070946349997286e+01 1.293074540555775975e+01 1.496247720174415363e+01 1.496247918018679357e+01 1.730674334589353336e+01 1.730678518428604562e+01 2.368587867818721548e+01 2.368589610737676310e+01
2.286088813980414192e-01 2.395392593980587126e+00 2.395412781577219263e+00 3.648159476806521528e+00 3.648178324422405083e+00 4.326617895375177270e+00 4.326626483597923567e+00 5.279239879218795117e+00 5.279333913934729061e+00 6.471845101528987954e+00 6.472005034812895019e+00 7.156919811851690127e+00 7.156977595771758516e+00 8.572733986707014253e+00 8.572750492159663338e+00 1.045867665515376110e+01 1.045870519382546071e+01 1.118398290405248297e+01 1.118403516324830171e+01 1.130816141553198406e+01 1.130820449016215612e+01 1.192130769000463353e+01 1.192132034484932568e+01 1.293065462291753676e+01 1.293068948162667553e+01 1.496267911791002803e+01 1.496268094861269837e+01 1.730658151415639168e+01 1.730662203101750762e+01 2.368519729482998670e+01 2.368521420417330248e+01
2.295321572724622616e-01 2.395026563474688341e+00 2.395045476748307145e+00 3.648428676836378948e+00 3.648446939360275199e+00 4.322704234255039246e+00 4.322712494931844063e+00 5.278582810084309074e+00 5.278674645969063661e+00 6.471163666418424221e+00 6.471318958256859766e+00 7.163393445685435346e+00 7.163445703071159798e+00 8.575580137441447093e+00 8.575595115541140956e+00 1.045618260916223541e+01 1.045621013515533804e+01 1.118413923512414065e+01 1.118419063620514287e+01 1.130924139523884975e+01 1.130928334831153848e+01 1.191979359892541090e+01 1.191980568230767368e+01 1.293059084488970178e+01 1.293062447566018314e+01 1.496287301315906149e+01 1.496287469349596755e+01 1.730642908847129391e+01 1.730646812416266656e+01 2.368455146183063320e+01 2.368456778108736316e+01
2.304554331468831041e-01 2.394658413664120467e+00 2.394676023219241223e+00 3.648690260099698435e+00 3.648707847306885910e+00 4.318929673499215305e+00 4.318937560780709894e+00 5.277946356201222322e+00 5.278035446298255273e+00 6.470526916948950102e+00 6.470676780589003307e+00 7.169561189817378555e+00 7.169608009113873415e+00 8.578328088807900542e+00 8.578341589275206402e+00 1.045377646051217013e+01 1.045380287442542588e+01 1.118428878185989284e+01 1.118433897031509083e+01 1.131029062176648381e+01 1.131033119426207634e+01 1.191833929523704327e+01 1.191835075788412368e+01 1.293052011182662930e+01 1.293055237510114353e+01 1.496305830217366051e+01 1.496305983111725979e+01 1.730628607172035771e+01 1.730632347247449943e+01 2.368394177738779405e+01 2.368395743856995850e+01
2.313787090213039466e-01 2.394292255082926424e+00 2.394308543129448186e+00 3.648942903244794866e+00 3.648959728554313831e+00 4.315311795015232654e+00 4.315319269396928448e+00 5.277334448761918040e+00 5.277420261536487800e+00 6.469934378721177382e+00 6.470078052034954119e+00 7.175406287123045068e+00 7.175447800991860525e+00 8.580965766587224763e+00 8.580977850035313992e+00 1.045146896104187206e+01 1.045149416399705444e+01 1.118443091112719578e+01 1.118447953927407745e+01 1.131130337172077915e+01 1.131134231870085749e+01 1.191695012730628989e+01 1.191696092620624015e+01 1.293044433435758123e+01 1.293047509621764846e+01 1.496323442455029706e+01 1.496323580266329856e+01 1.730615246233476157e+01 1.730618808085691995e+01 2.368336880535334998e+01 2.368338374303707639e+01
2.323019848957247890e-01 2.393932068025472315e+00 2.393947027909510972e+00 3.649185284214952585e+00 3.649201265232557390e+00 4.311867304675061519e+00 4.311874332695448508e+00 5.276750683941496156e+00 5.276832707042720116e+00 6.469385576083195311e+00 6.469522326131435186e+00 7.180913207502992002e+00 7.180949590673169958e+00 8.583481329797471915e+00 8.583492065847304175e+00 1.044927050380064593e+01 1.044929439808125160e+01 1.118456508012288353e+01 1.118461181013719141e+01 1.131227406089584164e+01 1.131231115299892842e+01 1.191563128995870358e+01 1.191564138855246568e+01 1.293036534252039793e+01 1.293039447526320096e+01 1.496340084671465398e+01 1.496340207612523088e+01 1.730602825495300934e+01 1.730606195099716516e+01 2.368283307483251576e+01 2.368284722645929463e+01
2.332252607701456315e-01 2.393581680151226188e+00 2.393595315673552992e+00 3.649416093836794328e+00 3.649431152831861258e+00 4.308611982278679697e+00 4.308618536103207219e+00 5.276198334252065081e+00 5.276276077992935853e+00 6.468880040532027920e+00 6.469009167887430856e+00 7.186067632522268767e+00 7.186099099477287311e+00 8.585863256914995745e+00 8.585872722209096253e+00 1.044719106768342698e+01 1.044721355746665203e+01 1.118469082711267504e+01 1.118473533385368590e+01 1.131319728319730267e+01 1.131323230777055677e+01 1.191438779411678972e+01 1.191439716233417201e+01 1.293028487740915189e+01 1.293031226009316725e+01 1.496355706373574357e+01 1.496355814809528972e+01 1.730591344105956964e+01 1.730594508197628301e+01 2.368233507981289776e+01 2.368234838597879488e+01
2.341485366445664740e-01 2.393244744237061461e+00 2.393257068749862437e+00 3.649634048077734949e+00 3.649648112391574717e+00 4.305560634568193379e+00 4.305566691487000774e+00 5.275680360852201822e+00 5.275753361407965691e+00 6.468417317655225318e+00 6.468538160471331011e+00 7.190856436640482130e+00 7.190883239158398332e+00 8.588100433176796500e+00 8.588108709324446366e+00 1.044524016242526798e+01 1.044526115458786819e+01 1.118480776240488161e+01 1.118484973602764043e+01 1.131406784905054685e+01 1.131410061093172281e+01 1.191322443620673965e+01 1.191323305033711222e+01 1.293020458330495792e+01 1.293023010226257696e+01 1.496370260103470784e+01 1.496370354545718229e+01 1.730580800959974397e+01 1.730583747085390911e+01 2.368187527882130183e+01 2.368188768355255291e+01
2.350718125189873164e-01 2.392924716307994082e+00 2.392935751584099435e+00 3.649837900798666102e+00 3.649850903183815998e+00 4.302727051317652318e+00 4.302732593185252696e+00 5.275199426372292777e+00 5.275267248699711864e+00 6.467996972813738310e+00 6.468108910626687802e+00 7.195267665845284988e+00 7.195290090408895445e+00 8.590182237882297400e+00 8.590189409369548557e+00 1.044342677443957967e+01 1.044344617941662712e+01 1.118491555969979778e+01 1.118495470804960945e+01 1.131488082293504682e+01 1.131491114490862415e+01 1.191214576765547939e+01 1.191215361004891093e+01 1.293012600031233461e+01 1.293014954962798768e+01 1.496383701598418270e+01 1.496383782696538844e+01 1.730571194756728204e+01 1.730573911322371217e+01 2.368145409460882789e+01 2.368146554562240524e+01
2.359950883934081589e-01 2.392624834380535415e+00 2.392634609254236544e+00 3.650026456800090635e+00 3.650038335692324054e+00 4.300123964533251630e+00 4.300128977177481993e+00 5.274757907870103679e+00 5.274820148352000970e+00 6.467618595750507460e+00 6.467721053002328802e+00 7.199290514492158621e+00 7.199308879585538001e+00 8.592098630557075012e+00 8.592104782654780948e+00 1.044175931402567592e+01 1.044177704670004836e+01 1.118501394792690284e+01 1.118504999871463390e+01 1.131563155968422052e+01 1.131565928264421395e+01 1.191115606482692080e+01 1.191116312342779437e+01 1.293005055752126076e+01 1.293007203947365191e+01 1.496395989939491500e+01 1.496396058470883084e+01 1.730562524056094631e+01 1.730565000373611184e+01 2.368107191386327770e+01 2.368108236281100076e+01
2.369183642678290014e-01 2.392348098054970507e+00 2.392356646841630852e+00 3.650198584937578428e+00 3.650209284664549969e+00 4.297763010810967010e+00 4.297767483436523150e+00 5.274357909583081039e+00 5.274414198403638565e+00 6.467281804291981295e+00 6.467374253565152387e+00 7.202915301134753534e+00 7.202929954441632532e+00 8.593840234805639966e+00 8.593845451507805322e+00 1.044024556450374064e+01 1.044026154510397220e+01 1.118510270365713311e+01 1.118513540641636617e+01 1.131631573918989275e+01 1.131634072204957953e+01 1.191025929976767372e+01 1.191026556749061349e+01 1.292997956671267445e+01 1.292999889217994003e+01 1.496407087688728410e+01 1.496407144545460355e+01 1.730554787330679289e+01 1.730557013658491528e+01 2.368072908694905365e+01 2.368073848964392880e+01
2.378416401422498438e-01 2.392097249187702168e+00 2.392104609901072987e+00 3.650353231063288462e+00 3.650362701995570447e+00 4.295654696910633952e+00 4.295658621519692133e+00 5.274001275191139371e+00 5.274051278448291136e+00 6.466986247292159540e+00 6.467068212246338987e+00 7.206133444099764418e+00 7.206144759618331008e+00 8.595398418668063201e+00 8.595402780691449252e+00 1.043889263385662858e+01 1.043890678884069345e+01 1.118518164415490013e+01 1.118521077198379921e+01 1.131692939915231833e+01 1.131695151854728110e+01 1.190945911214668129e+01 1.190946458611356817e+01 1.292991421662311957e+01 1.292993130544993896e+01 1.496416961014648628e+01 1.496417007186670922e+01 1.730547983014303881e+01 1.730549950595508335e+01 2.368042592767399768e+01 2.368043424429759369e+01
2.387649160166706863e-01 2.391874753868169279e+00 2.391880966269970710e+00 3.650489430538781832e+00 3.650497629190701865e+00 4.293808368617551885e+00 4.293811739466265820e+00 5.273689599347841650e+00 5.273733020909419089e+00 6.466731606951499067e+00 6.466802664954260926e+00 7.208937437521907299e+00 7.208945812609503179e+00 8.596765370306178156e+00 8.596768953180768946e+00 1.043770690946617208e+01 1.043771917236960967e+01 1.118525062111649504e+01 1.118527597220850112e+01 1.131746896552323811e+01 1.131748811535877053e+01 1.190875878277946320e+01 1.190876346344631287e+01 1.292985556778207012e+01 1.292987034910784061e+01 1.496425579806161643e+01 1.496425616359406341e+01 1.730542109546436080e+01 1.730543810642848968e+01 2.368016271308302834e+01 2.368016990837274349e+01
2.396881918910915288e-01 2.391682785910611120e+00 2.391687889447152493e+00 3.650606320058493726e+00 3.650613209147375748e+00 4.292232182971963184e+00 4.292234996077664455e+00 5.273424238277326204e+00 5.273460821387675246e+00 6.466517600626382922e+00 6.466577385070772621e+00 7.211320828505545677e+00 7.211326680865466798e+00 8.597934167880977085e+00 8.597937040160504196e+00 1.043669401652581641e+01 1.043670432875369336e+01 1.118530951512635063e+01 1.118533091409460312e+01 1.131793128030009576e+01 1.131794737119677130e+01 1.190816120912491982e+01 1.190816509933748435e+01 1.292980454793374001e+01 1.292981696048111573e+01 1.496432917775120686e+01 1.496432945822059857e+01 1.730537165412331291e+01 1.730538593334556197e+01 2.367993968327821008e+01 2.367994572669345388e+01
2.406114677655123713e-01 2.391523212056379410e+00 2.391527243759800303e+00 3.650703148526766473e+00 3.650708696999913183e+00 4.290933083953425431e+00 4.290935336663189048e+00 5.273206319269490017e+00 5.273235847912959962e+00 6.466343982228544895e+00 6.466392184531186693e+00 7.213278196023048316e+00 7.213281960644500224e+00 8.598898842542848087e+00 8.598901064165595187e+00 1.043585878069040085e+01 1.043586709223419007e+01 1.118535823085118963e+01 1.118537552985172923e+01 1.131831362634730453e+01 1.131832658503901179e+01 1.190766888312993288e+01 1.190767198715627195e+01 1.292976194805337720e+01 1.292977194037655941e+01 1.496438952547991619e+01 1.496438973206872092e+01 1.730533149178615915e+01 1.730534298312020880e+01 2.367975704126511616e+01 2.367976190713144291e+01
2.415347436399332137e-01 2.391397579062659595e+00 2.391400571517534601e+00 3.650779286741975938e+00 3.650783469780926715e+00 4.289916781708874360e+00 4.289918472336353261e+00 5.273036748937522056e+00 5.273059048964809037e+00 6.466210543298712032e+00 6.466246914573128279e+00 7.214805132094696205e+00 7.214807258155623515e+00 8.599654433541090270e+00 8.599656054373809866e+00 1.043520519548794567e+01 1.043521146555040957e+01 1.118539669298322892e+01 1.118540977264206759e+01 1.131861374894444161e+01 1.131862351768153374e+01 1.190728387177509084e+01 1.190728619437056857e+01 1.292972841896630420e+01 1.292973594965862638e+01 1.496443665747069396e+01 1.496443680084807859e+01 1.730530059524103947e+01 1.730530925350618432e+01 2.367961495282525064e+01 2.367961862045571664e+01
2.424580195143540562e-01 2.391307102834590914e+00 2.391309082329060587e+00 3.650834235661852389e+00 3.650837034672955728e+00 4.289187735410958879e+00 4.289188862945178649e+00 5.272916220129299170e+00 5.272931160151817842e+00 6.466117113824140006e+00 6.466141466224742729e+00 7.215898225723496928e+00 7.215899173464881855e+00 8.600197034566708254e+00 8.600198093168405222e+00 1.043473639496730421e+01 1.043474059248072727e+01 1.118542484293762307e+01 1.118543361308626594e+01 1.131882987379269601e+01 1.131883640979876304e+01 1.190700780064316611e+01 1.190700934620689289e+01 1.292970446857654743e+01 1.292970950643697847e+01 1.496447043060815396e+01 1.496447052015161461e+01 1.730527895265701588e+01 1.730528474381348047e+01 2.367951354641415307e+01 2.367951600020718672e+01
2.433812953887748987e-01 2.391252659737047370e+00 2.391253644725950256e+00 3.650867633051592787e+00 3.650869035651054695e+00 4.288749139825644541e+00 4.288749703713107486e+00 5.272845217408733909e+00 5.272852709465435161e+00 6.466063562855792313e+00 6.466075770589038818e+00 7.216555049980389214e+00 7.216555287559472731e+00 8.600523830572518236e+00 8.600524353217663176e+00 1.043445463199050671e+01 1.043445673601622481e+01 1.118544263630558611e+01 1.118544703652896999e+01 1.131896072124949804e+01 1.131896399627392746e+01 1.190684184079088759e+01 1.190684261267128363e+01 1.292969045971067565e+01 1.292969298386891275e+01 1.496449074299962412e+01 1.496449078582938874e+01 1.730526655379168233e+01 1.730526945507267556e+01 2.367945291308529931e+01 2.367945414259859405e+01
2.443045712631957411e-01 2.391234780201955790e+00 2.391234780201978882e+00 3.650879258352577761e+00 3.650879258352585754e+00 4.288602915656015924e+00 4.288602915656020365e+00 5.272824021044779208e+00 5.272824021044782761e+00 6.466049798967775430e+00 6.466049798967779871e+00 7.216774152717154500e+00 7.216774152717158053e+00 8.600633124463712420e+00 8.600633124463724855e+00 1.043436126250161067e+01 1.043436126250161955e+01 1.118545004106238316e+01 1.118545004106238494e+01 1.131900551660613274e+01 1.131900551660613985e+01 1.190678669915556043e+01 1.190678669915556398e+01 1.292968660858066698e+01 1.292968660858067231e+01 1.496449753431647522e+01 1.496449753431648411e+01 1.730526339014718573e+01 1.730526339014718928e+01 2.367943310643930488e+01 2.367943310643930488e+01
2.443045712631957411e-01 2.391234780201955790e+00 2.391234780201978882e+00 3.650879258352577761e+00 3.650879258352585754e+00 4.288602915656015924e+00 4.288602915656020365e+00 5.272824021044779208e+00 5.272824021044782761e+00 6.466049798967775430e+00 6.466049798967779871e+00 7.216774152717154500e+00 7.216774152717158053e+00 8.600633124463712420e+00 8.600633124463724855e+00 1.043436126250161067e+01 1.043436126250161955e+01 1.118545004106238316e+01 1.118545004106238494e+01 1.131900551660613274e+01 1.131900551660613985e+01 1.190678669915556043e+01 1.190678669915556398e+01 1.292968660858066698e+01 1.292968660858067231e+01 1.496449753431647522e+01 1.496449753431648411e+01 1.730526339014718573e+01 1.730526339014718928e+01 2.367943310643930488e+01 2.367943310643930488e+01
2.458243411014068569e-01 2.391035889908907475e+00 2.391036160409008904e+00 3.650512463346763159e+00 3.650513879001927808e+00 4.288147484618737515e+00 4.288163944077396650e+00 5.272421633807060637e+00 5.272424726346799595e+00 6.465664948688082170e+00 6.465667681908266573e+00 7.216978079472642804e+00 7.216983543298019832e+00 8.600275602498451022e+00 8.600276516149227390e+00 1.043448360312016554e+01 1.043448801464332831e+01 1.118412033558134056e+01 1.118412587189721918e+01 1.131919433927109431e+01 1.131919980113135793e+01 1.190773884326203635e+01 1.190774282423177688e+01 1.292975486102658422e+01 1.292975812460248441e+01 1.496445391868354768e+01 1.496445397794227183e+01 1.730575311891155366e+01 1.730576600817914468e+01 2.367928856120033032e+01 2.367928953833050087e+01
2.473441109396179727e-01 2.390438850963114259e+00 2.390439417049925019e+00 3.649413514252513036e+00 3.649416347109948777e+00 4.286799274859522946e+00 4.286832140696787974e+00 5.271218075486904908e+00 5.271224197837645953e+00 6.464515743984541984e+00 6.464521548865519662e+00 7.217593651635705321e+00 7.217604650884749340e+00 8.599206892920363998e+00 8.599208612614836156e+00 1.043485121477618449e+01 1.043486001149026343e+01 1.118020777653906173e+01 1.118021860290483716e+01 1.131970948850785774e+01 1.131972024774945140e+01 1.191058595843366064e+01 1.191059386299754053e+01 1.292996346528155449e+01 1.292996999707014538e+01 1.496432331792176562e+01 1.496432354912769469e+01 1.730723401372528869e+01 1.730725972467632801e+01 2.367885581065840128e+01 2.367885799192186269e+01
2.488638807778290885e-01 2.389441776556775476e+00 2.389442687074797789e+00 3.647582473054475471e+00 3.647586725502303562e+00 4.284563096289852879e+00 4.284612262093007828e+00 5.269214823998600750e+00 5.269223851502246703e+00 6.462610341504793077e+00 6.462619813015092696e+00 7.218615978343525086e+00 7.218632646411556664e+00 8.597435654939971528e+00 8.597438012657070416e+00 1.043545260381974238e+01 1.043546573382884191e+01 1.117390493297325804e+01 1.117392063112476741e+01 1.132040006102503327e+01 1.132041584632140818e+01 1.191528869073378161e+01 1.191530040626369846e+01 1.293031419575779672e+01 1.293032400191272835e+01 1.496410646164619251e+01 1.496410698163638564e+01 1.730970247042104404e+01 1.730974086779467314e+01 2.367813484245671773e+01 2.367813860952749039e+01
2.503836506160402320e-01 2.388041541501302767e+00 2.388042866878041348e+00 3.645019441638745139e+00 3.645025115522423587e+00 4.281446918652396683e+00 4.281512224164454317e+00 5.266414349076866230e+00 5.266426096701126269e+00 6.459962275872176640e+00 6.459976152839253416e+00 7.220037095998657506e+00 7.220059610177383291e+00 8.594976112685419167e+00 8.594979007252383951e+00 1.043626859792130013e+01 1.043628598526384010e+01 1.116547833074097085e+01 1.116549841097321583e+01 1.132106692905672496e+01 1.132108743539088813e+01 1.192178336173341968e+01 1.192179872441849220e+01 1.293081007321515941e+01 1.293082315553192707e+01 1.496380457449085100e+01 1.496380550319746483e+01 1.731315247824717218e+01 1.731320335894300300e+01 2.367712572751164757e+01 2.367713153908897183e+01
2.519034204542513478e-01 2.386233798142824991e+00 2.386235627922395963e+00 3.641724558526622246e+00 3.641731653144860026e+00 4.277461828237817620e+00 4.277543058575506763e+00 5.262820152805168128e+00 5.262834377371029326e+00 6.456590161228279889e+00 6.456609228454885496e+00 7.221846197729464123e+00 7.221874756078220159e+00 8.591847817029464096e+00 8.591851453411193162e+00 1.043727233165605561e+01 1.043729387845543322e+01 1.115521925904813649e+01 1.115524323912585736e+01 1.132150937638500565e+01 1.132153431412567635e+01 1.192998465031275401e+01 1.193000345084001523e+01 1.293145545339224256e+01 1.293147180133923335e+01 1.496341938517186421e+01 1.496342084625908164e+01 1.731757564777195313e+01 1.731763874066027142e+01 2.367582860739792494e+01 2.367583695017787804e+01
2.534231902924624635e-01 2.384012998525803173e+00 2.384015438906375906e+00 3.637697994160263182e+00 3.637706503728042051e+00 4.272621968148543559e+00 4.272718852736431927e+00 5.258436824405944954e+00 5.258453227372016592e+00 6.452517290912211045e+00 6.452542310120006341e+00 7.224029931964823348e+00 7.224064728199476093e+00 8.588075419049308934e+00 8.588080506261825064e+00 1.043842921999006634e+01 1.043845480914736079e+01 1.114340988755802364e+01 1.114343733355371668e+01 1.132155580494177727e+01 1.132158491522132238e+01 1.193978895086565295e+01 1.193981094125505393e+01 1.293225614553089997e+01 1.293227572702928363e+01 1.496295314032197332e+01 1.496295526133646980e+01 1.732296124967939477e+01 1.732303621544627958e+01 2.367424368509862020e+01 2.367425504797680702e+01
2.549429601306735793e-01 2.381372423031173469e+00 2.381375594432452836e+00 3.632939944743426075e+00 3.632949855441392817e+00 4.266944462969691543e+00 4.267056674179111830e+00 5.253270107217883123e+00 5.253288337885608783e+00 6.447771163383139381e+00 6.447802828838254285e+00 7.226572752846069037e+00 7.226613952151996756e+00 8.583688524198322511e+00 8.583696154773930331e+00 1.043969691491852281e+01 1.043972641320666028e+01 1.113030698212983616e+01 1.113033751904551671e+01 1.132107652645046691e+01 1.132110957403674689e+01 1.195107808508496561e+01 1.195110298616208055e+01 1.293321955604566753e+01 1.293324230789677109e+01 1.496240862176588138e+01 1.496241153372896449e+01 1.732929626421384839e+01 1.732938269531791065e+01 2.367237122196685206e+01 2.367238608238023545e+01
2.564627299688846951e-01 2.378304215668619381e+00 2.378308250238831523e+00 3.627450624637567511e+00 3.627461911401772099e+00 4.260449328885883347e+00 4.260576480375324770e+00 5.247326975263162829e+00 5.247346634262367360e+00 6.442382957289132683e+00 6.442421868623704029e+00 7.229457303611102503e+00 7.229505021526702713e+00 8.578721394872118822e+00 8.578732810608213910e+00 1.044102524176471114e+01 1.044105850315746764e+01 1.111613786616382171e+01 1.111617117215626394e+01 1.131998431138866579e+01 1.132002106906852568e+01 1.196372304464800784e+01 1.196375055365185958e+01 1.293435485127273132e+01 1.293438067008064962e+01 1.496178916685253135e+01 1.496179300328022954e+01 1.733656544096301744e+01 1.733666286179138538e+01 2.367021153856813953e+01 2.367023035453092206e+01
2.579824998070958109e-01 2.374799426174498684e+00 2.374804465152562383e+00 3.621230257304739908e+00 3.621242880549920162e+00 4.253159370416091711e+00 4.253301015184534073e+00 5.240615716344286135e+00 5.240636359274610356e+00 6.436386976504404167e+00 6.436433623074995225e+00 7.232664814035407730e+00 7.232719099685144037e+00 8.573212485470934396e+00 8.573228984933857433e+00 1.044235611508393724e+01 1.044239298413009109e+01 1.110110266915669186e+01 1.110113846359217860e+01 1.131822893371873562e+01 1.131826916684440398e+01 1.197758748727349065e+01 1.197761728518086066e+01 1.293567313185458367e+01 1.293570186617086648e+01 1.496109869139536031e+01 1.496110358677268337e+01 1.734475136860124778e+01 1.734485923591827117e+01 2.366776501763607143e+01 2.366778822254077497e+01
2.595022696453069266e-01 2.370848059076784420e+00 2.370854249979391426e+00 3.614279064779257311e+00 3.614292967294070902e+00 4.245100065017433977e+00 4.245255693205152170e+00 5.233146018218242546e+00 5.233167159367393850e+00 6.429820084801574964e+00 6.429874838028982076e+00 7.236175494345749470e+00 7.236236318540015588e+00 8.567203980590480938e+00 8.567226902363541896e+00 1.044362344044634128e+01 1.044366375547773451e+01 1.108537892640274158e+01 1.108541695717165609e+01 1.131578984624334616e+01 1.131583330077283911e+01 1.199253078519873661e+01 1.199256254347809758e+01 1.293718760984052629e+01 1.293721905410598616e+01 1.496034171470457430e+01 1.496034780247119755e+01 1.735383455414657661e+01 1.735395225792992591e+01 2.366503210829373316e+01 2.366506010722091702e+01
2.610220394835180424e-01 2.366439129922684348e+00 2.366446623580950259e+00 3.606597255639136357e+00 3.606612359947149571e+00 4.236299436829583875e+00 4.236468473332449136e+00 5.224929054085410307e+00 5.224950170235206137e+00 6.422721148007479286e+00 6.422784259491983505e+00 7.239968910443440819e+00 7.240036158597638050e+00 8.560741347182396765e+00 8.560772060896438163e+00 1.044475301841809589e+01 1.044479661435964957e+01 1.106912652925032958e+01 1.106916656162921342e+01 1.131266908623322287e+01 1.131271548065100241e+01 1.200841051445955188e+01 1.200844390111576665e+01 1.293891377797866937e+01 1.293894766868614710e+01 1.495952338613095201e+01 1.495953079625798310e+01 1.736379351121647474e+01 1.736392037597166293e+01 2.366201333116984173e+01 2.366204649816684835e+01
2.625418093217291582e-01 2.361560728904532169e+00 2.361569676417159869e+00 3.598185011442714742e+00 3.598201217993395318e+00 4.226787920787787201e+00 4.226969722791439565e+00 5.215977563403751738e+00 5.215998097909074538e+00 6.415130498837354089e+00 6.415202102778915894e+00 7.244024328405677338e+00 7.244097797867813604e+00 8.553872882727096894e+00 8.553912774715429990e+00 1.044566248167475919e+01 1.044570919220581118e+01 1.105249219629159718e+01 1.105253400408921927e+01 1.130888524149522567e+01 1.130893426192155538e+01 1.202508435774275064e+01 1.202511904264872022e+01 1.294086955891545543e+01 1.294090557328764923e+01 1.495864951247976826e+01 1.495865836873192301e+01 1.737460485670036192e+01 1.737474014333697880e+01 2.365870928424209652e+01 2.365874796033611105e+01
2.640615791599402740e-01 2.356200092154908887e+00 2.356210641853949461e+00 3.589042471599587891e+00 3.589059658247237827e+00 4.216598218221561112e+00 4.216792072809983694e+00 5.206305923871916264e+00 5.206325291563785207e+00 6.407089436456354647e+00 6.407169555295212149e+00 7.248321019676735588e+00 7.248400420855258375e+00 8.546649261126118446e+00 8.546699715528491836e+00 1.044626131605014407e+01 1.044631097485546434e+01 1.103561319242378325e+01 1.103565655150328695e+01 1.130446866513516291e+01 1.130451996279448679e+01 1.204241146085489511e+01 1.204244712046915389e+01 1.294307542010094991e+01 1.294311317748092982e+01 1.495772658559497259e+01 1.495773700258106942e+01 1.738624341520108274e+01 1.738638632354244962e+01 2.365512064932529057e+01 2.365516514116814761e+01
2.655813489981513897e-01 2.350343681008260965e+00 2.350355975554921262e+00 3.579169716663846756e+00 3.579187740021870567e+00 4.205765144876503214e+00 4.205970266924072831e+00 5.195930210214784850e+00 5.195947804574120532e+00 6.398639769573692071e+00 6.398728321980665434e+00 7.252838521761603374e+00 7.252923482366617769e+00 8.539123083468121322e+00 8.539185460719373566e+00 1.044645104155633497e+01 1.044650348241405702e+01 1.101862023120420986e+01 1.101866491521849234e+01 1.129945785121767621e+01 1.129951104163278508e+01 1.206025332790659377e+01 1.206028964953981131e+01 1.294555443815578499e+01 1.294559350425127775e+01 1.495676180935876509e+01 1.495677388947745001e+01 1.739868233053684676e+01 1.739883200252057804e+01 2.365124819915653021e+01 2.365129877825632931e+01
2.671011188363625055e-01 2.343977269538547237e+00 2.343991443282118059e+00 3.568566750078785876e+00 3.568585449517901242e+00 4.194325472047238712e+00 4.194541002661453355e+00 5.184868234717514568e+00 5.184883441409609439e+00 6.389823408832710605e+00 6.389920219315065708e+00 7.257556852319348550e+00 7.257646924029818258e+00 8.531348440514708642e+00 8.531424054585972527e+00 1.044612565881558375e+01 1.044618071432002893e+01 1.100163953993768828e+01 1.100168531797865157e+01 1.129389678961497090e+01 1.129395145314215121e+01 1.207847436396639473e+01 1.207851104978837320e+01 1.294833229438967059e+01 1.294837218850247673e+01 1.495576312530043950e+01 1.495577695568893439e+01 1.741189318353724147e+01 1.741204870714792108e+01 2.364709280504521871e+01 2.364714970756404000e+01
2.686208886745736213e-01 2.337086040678600707e+00 2.337102217424553263e+00 3.557233478474955302e+00 3.557252683783727054e+00 4.182317761192597239e+00 4.182542767033101683e+00 5.173139561219340266e+00 5.173151791835941538e+00 6.380682011606712223e+00 6.380786821100647543e+00 7.262456677149331519e+00 7.262551344065180992e+00 8.523380492473771497e+00 8.523470587774680141e+00 1.044517249636587941e+01 1.044522999520731688e+01 1.098479404589784991e+01 1.098484068163482874e+01 1.128783310596177891e+01 1.128788878948587993e+01 1.209694218048031900e+01 1.209697895146126356e+01 1.295143718126741916e+01 1.295147738668909199e+01 1.495473923596101962e+01 1.495475488555340426e+01 1.742584611531703587e+01 1.742600652927509941e+01 2.364265544506102046e+01 2.364271887216599666e+01
2.701406585127847371e-01 2.329654691199406269e+00 2.329672982541846515e+00 3.545169690740488377e+00 3.545189234786962018e+00 4.169782192024454659e+00 4.170015665878151978e+00 5.160765465708386124e+00 5.160774273375935195e+00 6.371256680130288785e+00 6.371369157044545872e+00 7.267519434588189498e+00 7.267618122897933297e+00 8.515275070296175031e+00 8.515380798888578795e+00 1.044347361771376015e+01 1.044353338067384307e+01 1.096820360669297933e+01 1.096825085844634629e+01 1.128131681248992990e+01 1.128137303224261778e+01 1.211552777351688093e+01 1.211556437348307291e+01 1.295489959821814097e+01 1.295493957610711711e+01 1.495369962511714235e+01 1.495371714191613499e+01 1.744050995516878899e+01 1.744067425438239383e+01 2.363793721273520987e+01 2.363800733149032141e+01
2.716604283509958528e-01 2.321667545774427577e+00 2.321688050153535521e+00 3.532375036284598036e+00 3.532394774344471244e+00 4.156760383628167688e+00 4.157001246665445571e+00 5.147768681097412369e+00 5.147774339714635161e+00 6.361587712197806610e+00 6.361707463461951484e+00 7.272727420283355393e+00 7.272829508660969111e+00 8.507088301491998905e+00 8.507210701129297448e+00 1.044090795189807785e+01 1.044096978710291346e+01 1.095198418740718438e+01 1.095203180851143898e+01 1.127439952485744534e+01 1.127445577042255387e+01 1.213410567259743544e+01 1.213414187256108612e+01 1.295875201474684779e+01 1.295879122206873113e+01 1.495265457393017883e+01 1.495267398259278835e+01 1.745585235218125320e+01 1.745601949395165775e+01 2.363293932625103366e+01 2.363301627103199465e+01
2.731801981892069686e-01 2.313108680268593176e+00 2.313131482912243353e+00 3.518849003294524547e+00 3.518868840790678298e+00 4.143295207700192329e+00 4.143542313868383786e+00 5.134172481970929347e+00 5.134178295926828284e+00 6.351714402401832160e+00 6.351840984158504178e+00 7.278063837226331323e+00 7.278168667557310734e+00 8.498876262346531263e+00 8.499016235780922912e+00 1.043735428144122679e+01 1.043741797995336285e+01 1.093624590401748975e+01 1.093629364284875827e+01 1.126713402893931892e+01 1.126718976858893306e+01 1.215255414180991167e+01 1.215258974471161757e+01 1.296302837995273372e+01 1.296306629254967469e+01 1.495161517205416501e+01 1.495163647188757672e+01 1.747183990966743394e+01 1.747200882062377048e+01 2.362766313809779817e+01 2.362774701250511100e+01
2.746999680274180844e-01 2.303962054269473203e+00 2.303987228167953649e+00 3.504590898556927847e+00 3.504610828095220398e+00 4.129430592498549046e+00 4.129682735520704639e+00 5.120002717925071778e+00 5.120013110173661453e+00 6.341674890995110836e+00 6.341807818657021478e+00 7.283512816393847622e+00 7.283619704515319704e+00 8.490694657442377391e+00 8.490852953404102621e+00 1.043269513967862672e+01 1.043276047315676180e+01 1.092108992539023227e+01 1.092113752464724818e+01 1.125957410589585095e+01 1.125962879348491619e+01 1.217075549687208635e+01 1.217079034285251993e+01 1.296776346101601796e+01 1.296779960371002893e+01 1.495059332271024211e+01 1.495061648616977301e+01 1.748843832147299082e+01 1.748860790520053854e+01 2.362211014516190488e+01 2.362220102439758307e+01
2.762197378656292002e-01 2.294211652716937166e+00 2.294239260755703391e+00 3.489599831896822213e+00 3.489619977321145150e+00 4.115211315624926591e+00 4.115467239059925397e+00 5.105288584231330695e+00 5.105305433154129879e+00 6.331506056860867204e+00 6.331644814328914350e+00 7.289059413447326108e+00 7.289167659669155697e+00 8.482598526569216091e+00 8.482775722801934037e+00 1.042682152525225625e+01 1.042688824802962699e+01 1.090660436516616372e+01 1.090665156043956685e+01 1.125177454240384556e+01 1.125182762616795884e+01 1.218859658240493538e+01 1.218863055469188517e+01 1.297299199974968076e+01 1.297302598674478347e+01 1.494960174071757564e+01 1.494962671249393438e+01 1.750561250923427181e+01 1.750578165455206303e+01 2.361628199922675364e+01 2.361637993288958981e+01
2.777395077038403159e-01 2.283841636284706933e+00 2.283871734618769800e+00 3.473874710485636008e+00 3.473895368787159210e+00 4.100682783332413983e+00 4.100941194112027510e+00 5.090059784613641725e+00 5.090084172376836413e+00 6.321243450693239119e+00 6.321387498600104848e+00 7.294689586771384349e+00 7.294798486024634876e+00 8.474641978433195888e+00 8.474838467159193200e+00 1.041963814343933592e+01 1.041970600173768702e+01 1.089285949125281761e+01 1.089290600953291666e+01 1.124379126567095710e+01 1.124384219946228392e+01 1.220596943280483160e+01 1.220600246424052493e+01 1.297874768664776113e+01 1.297877927735653181e+01 1.494865394246107648e+01 1.494868063923952484e+01 1.752332675966469822e+01 1.752349434950513896e+01 2.361018051785101335e+01 2.361028553309356326e+01
2.792592775420514317e-01 2.272836499924403952e+00 2.272869142614029059e+00 3.457414249585556654e+00 3.457435912595690830e+00 4.085890793728679249e+00 4.086150379514128517e+00 5.074346942463457744e+00 5.074379768645525424e+00 6.310921264259075514e+00 6.311070047161865482e+00 7.300390161770977215e+00 7.300499013308872520e+00 8.466877950057144275e+00 8.467093926240956137e+00 1.041106866996081060e+01 1.041113742077215143e+01 1.087990279606155752e+01 1.087994835542760619e+01 1.123568155022016768e+01 1.123572980804765109e+01 1.222277211756053461e+01 1.222280419765895587e+01 1.298506196679907632e+01 1.298509114341634785e+01 1.494776422677884753e+01 1.494779253774851746e+01 1.754154486096804177e+01 1.754170978181447893e+01 2.360380769559299452e+01 2.360391980057116967e+01
2.807790473802625475e-01 2.261181238702364649e+00 2.261216483540070765e+00 3.440217002895407106e+00 3.440240339053141305e+00 4.070881281076161429e+00 4.071140731665851220e+00 5.058181671707729699e+00 5.058223769076526821e+00 6.300572331484668887e+00 6.300725283980328051e+00 7.306148785862564665e+00 7.306256902519939977e+00 8.459357990383525205e+00 8.459593443159526771e+00 1.040106037080768786e+01 1.040112981196131159e+01 1.086775463679998133e+01 1.086779894883724573e+01 1.122750424612248743e+01 1.122754934146091266e+01 1.223890974786537100e+01 1.223894093001491790e+01 1.299196271315148188e+01 1.299198978157305362e+01 1.494694764576787982e+01 1.494697743395550482e+01 1.756023023750710621e+01 1.756039138935786070e+01 2.359716571554575282e+01 2.359728490307974980e+01
2.822988172184736633e-01 2.248861519748575066e+00 2.248899435091090027e+00 3.422281406742928134e+00 3.422307199646383413e+00 4.055700038437934474e+00 4.055958071302883994e+00 5.041596425705397344e+00 5.041648585501013358e+00 6.290228157052765390e+00 6.290384708830535132e+00 7.311953878040578836e+00 7.312060595144752817e+00 8.452132066342075589e+00 8.452386773968820322e+00 1.038958737940288657e+01 1.038965739032278179e+01 1.085640519346747901e+01 1.085644796977478599e+01 1.121931997722699847e+01 1.121936148966403657e+01 1.225429559699572657e+01 1.225432600494065305e+01 1.299947283271632159e+01 1.299949852400979111e+01 1.494621996453905233e+01 1.494625106903809275e+01 1.757934608189306402e+01 1.757950238874623849e+01 2.359025696114569826e+01 2.359038321249896697e+01
2.838185870566847790e-01 2.235863858803051052e+00 2.235904531083711344e+00 3.403605827665439065e+00 3.403634893808237916e+00 4.040392416237808426e+00 4.040647806050695401e+00 5.024624298269562139e+00 5.024687272886576572e+00 6.279918968183649142e+00 6.280078548060961552e+00 7.317794576316108746e+00 7.317899260440120734e+00 8.445248389508231313e+00 8.445521918208239498e+00 1.037665208003810413e+01 1.037672266971136992e+01 1.084581335173032635e+01 1.084585431524368992e+01 1.121119125408899109e+01 1.121122886792199225e+01 1.226885226426703213e+01 1.226888209630945781e+01 1.300760890596915154e+01 1.300763440161736639e+01 1.494559760900683010e+01 1.494562984817041240e+01 1.759885548370402830e+01 1.759900590460377501e+01 2.358308402821328187e+01 2.358321731688542755e+01
2.853383568948958948e-01 2.222175799500524462e+00 2.222219340951641087e+00 3.384188611367551669e+00 3.384221727683049519e+00 4.025002994943807977e+00 4.025254606684367076e+00 5.007298808192182094e+00 5.007373306378952726e+00 6.269673785298447655e+00 6.269835824310936445e+00 7.323660685737648279e+00 7.323762743601972325e+00 8.438753261441668485e+00 8.439044968478594200e+00 1.036228435878079246e+01 1.036235571381015674e+01 1.083590781219605503e+01 1.083594671326809333e+01 1.120318244130204555e+01 1.120321600428382247e+01 1.228251279442764954e+01 1.228254232308280258e+01 1.301637996062559210e+01 1.301640674101066431e+01 1.494509760087760597e+01 1.494513077654132438e+01 1.761872155408426011e+01 1.761886509484857655e+01 2.357564973718142554e+01 2.357579003260210015e+01
2.868581267331070106e-01 2.207786093191357324e+00 2.207832649176505679e+00 3.364028142304863245e+00 3.364065998765923826e+00 4.009575231076706991e+00 4.009822055913406125e+00 4.989653678015772087e+00 4.989740357127859127e+00 6.259520507316882032e+00 6.259684440950948670e+00 7.329542629131893250e+00 7.329641517100708548e+00 8.432690935841035795e+00 8.432999977175516193e+00 1.034653887200726707e+01 1.034661139413305797e+01 1.082659034235175533e+01 1.082662697902527249e+01 1.119535951547466190e+01 1.119538913092727483e+01 1.229522165446082660e+01 1.229525121906771545e+01 1.302578641260179637e+01 1.302581595802703340e+01 1.494473747911115069e+01 1.494477138190888610e+01 1.763890754551443152e+01 1.763904327139985995e+01 2.356795714546312936e+01 2.356810441646762300e+01
2.883778965713181264e-01 2.192684876773459024e+00 2.192734632049782473e+00 3.343122923631752119e+00 3.343166098204453984e+00 3.994151077091445678e+00 3.994392269719750477e+00 4.971722614180733579e+00 4.971822071248235275e+00 6.249486007425252510e+00 6.249651277094752544e+00 7.335431402157363223e+00 7.335526636948015877e+00 8.427103495765624785e+00 8.427428838615130147e+00 1.032949082337788838e+01 1.032956514420346039e+01 1.081774074439265121e+01 1.081777498640167323e+01 1.118778955417952581e+01 1.118781572010705538e+01 1.230693547088169026e+01 1.230696546156922899e+01 1.303581918667660666e+01 1.303585272575233134e+01 1.494453520727597429e+01 1.494456962310555426e+01 1.765937696606409091e+01 1.765950401585708107e+01 2.356000955990514001e+01 2.356016377786993488e+01
2.898976664095292421e-01 2.176863845726897395e+00 2.176917028964924228e+00 3.321471680477817046e+00 3.321520627254854752e+00 3.978770577344192372e+00 3.979005492762515139e+00 4.953539094825150535e+00 4.953651857299128380e+00 6.239596235263761059e+00 6.239762289141809859e+00 7.341318533751946873e+00 7.341409705187756707e+00 8.422030744342656305e+00 8.422371184947259337e+00 1.031123093044666206e+01 1.031130789363931655e+01 1.080922290972654132e+01 1.080925472641430751e+01 1.118053992290785459e+01 1.118056369860216748e+01 1.231762344446343427e+01 1.231765427810400659e+01 1.304645913487205711e+01 1.304649755966389257e+01 1.494450906640902232e+01 1.494454378408965844e+01 1.768009368742011134e+01 1.768021128986162083e+01 2.355181054926977779e+01 2.355197169078835628e+01
2.914174362477403579e-01 2.160316419329218807e+00 2.160373305336738881e+00 3.299073484145215396e+00 3.299128527327620741e+00 3.963471444259944576e+00 3.963699671056192919e+00 4.935136171125271254e+00 4.935262687822925542e+00 6.229876321627253688e+00 6.230042614951583957e+00 7.347196052587492865e+00 7.347282839469530202e+00 8.417510107585549406e+00 8.417864294448637708e+00 1.029186026871409787e+01 1.029194087797615786e+01 1.080089129999726971e+01 1.080092079297657470e+01 1.117367719196554887e+01 1.117370025282932744e+01 1.232726738559243707e+01 1.232729947706459583e+01 1.305767689096637874e+01 1.305772078850922391e+01 1.494467753322954806e+01 1.494471235335944748e+01 1.770102204588505401e+01 1.770112954010175343e+01 2.354336395668146054e+01 2.354353200566831106e+01
2.929372060859514737e-01 2.143037894916461461e+00 2.143098804244941036e+00 3.275927892661798513e+00 3.275989222606560336e+00 3.948288620810529004e+00 3.948510006942012485e+00 4.916546287655843450e+00 4.916686920261186700e+00 6.220350681950104210e+00 6.220516676926669319e+00 7.353056459737345563e+00 7.353138650152616584e+00 8.413576548181973536e+00 8.413943011007589234e+00 1.027148554236735123e+01 1.027157088453619593e+01 1.079259729670524415e+01 1.079262473722802973e+01 1.116726583789642291e+01 1.116729018493547620e+01 1.233586134907088017e+01 1.233589508267468560e+01 1.306943319575195694e+01 1.306948291285808317e+01 1.494505914385328005e+01 1.494509388880616640e+01 1.772212693526637395e+01 1.772222379834560613e+01 2.353467391196933534e+01 2.353484886109332308e+01
2.944569759241625895e-01 2.125025588075088567e+00 2.125090883996163527e+00 3.252035102400995470e+00 3.252102772400331965e+00 3.933253837295018318e+00 3.933468503232735447e+00 4.897801126701486041e+00 4.897956142081393516e+00 6.211043115054840413e+00 6.211208280489975309e+00 7.358892707462292293e+00 7.358970224959156425e+00 8.410262489356812310e+00 8.410639673837421171e+00 1.025021512409770885e+01 1.025030628469179206e+01 1.078419502347612813e+01 1.078422088943970003e+01 1.116136662105043520e+01 1.116139403970719535e+01 1.234341088635898842e+01 1.234344659163445357e+01 1.308167965124909138e+01 1.308173535306835156e+01 1.494567234351272234e+01 1.494570686837854367e+01 1.774337388993704678e+01 1.774345977767485394e+01 2.352574484383188036e+01 2.352592669519977520e+01
2.959767457623737053e-01 2.106278955829719912e+00 2.106349038988973632e+00 3.227396104997755533e+00 3.227470028646201250e+00 3.918395171911224217e+00 3.918603505273397403e+00 4.878931480741517390e+00 4.879101044266196396e+00 6.201976893884197928e+00 6.202140704680709327e+00 7.364698183924899055e+00 7.364771120652921610e+00 8.407597748165319018e+00 8.407984056674186135e+00 1.022815600359782984e+01 1.022825399205705210e+01 1.077554639917701707e+01 1.077557139533609565e+01 1.115603456386912029e+01 1.115606630023381385e+01 1.234993196896771295e+01 1.234996990310636988e+01 1.309435983303078643e+01 1.309442154709881301e+01 1.494653532321761880e+01 1.494656952725734911e+01 1.776472915494121096e+01 1.776480396764411651e+01 2.351658149174419776e+01 2.351677025678033317e+01
2.974965156005848210e-01 2.086799700231499077e+00 2.086875001540571262e+00 3.202012843354378635e+00 3.202092792791061182e+00 3.903736625433040341e+00 3.903939251509305208e+00 4.859967156466860061e+00 4.860151326464682953e+00 6.193174845205512646e+00 6.193336781861968454e+00 7.370466703935539599e+00 7.370535360383655643e+00 8.405609477815328745e+00 8.406003315909668316e+00 1.020541162848118333e+01 1.020551732333001560e+01 1.076652528712839363e+01 1.076655032084041252e+01 1.115131686553022838e+01 1.115135364305360000e+01 1.235544966314807880e+01 1.235549000012248300e+01 1.310741067361193224e+01 1.310747832147526815e+01 1.494766584478216487e+01 1.494769968258998105e+01 1.778615973717887755e+01 1.778622373406681945e+01 2.350718891752419992e+01 2.350738461602212581e+01
2.990162854387959368e-01 2.066591850239278827e+00 2.066672822695283518e+00 3.175888360302057567e+00 3.175973965688411393e+00 3.889297720275709747e+00 3.889495444919388145e+00 4.840936912690893656e+00 4.841135636115609486e+00 6.184659415573717567e+00 6.184818963828570659e+00 7.376192506748667554e+00 7.376257433979080957e+00 8.404322118848186918e+00 8.404721947267590920e+00 1.018208052501403316e+01 1.018219464067353641e+01 1.075702065743328539e+01 1.075704675309909497e+01 1.114725111896738419e+01 1.114729328112758289e+01 1.235999665008685433e+01 1.236003947548528181e+01 1.312076401951190441e+01 1.312083743945773406e+01 1.494908105618073790e+01 1.494911454721871635e+01 1.780763342752551992e+01 1.780768743343768890e+01 2.349757251647057998e+01 2.349777517482588607e+01
3.005360552770070526e-01 2.045661820377111972e+00 2.045748930478762162e+00 3.149026933626715152e+00 3.149117684152161978e+00 3.875093133432352843e+00 3.875286859103117099e+00 4.821868433410940291e+00 4.822081542754474093e+00 6.176452721161617809e+00 6.176609371922787695e+00 7.381870263424252343e+00 7.381932296632253809e+00 8.403757359221438961e+00 8.404161750735429592e+00 1.015825554273863318e+01 1.015837861417207755e+01 1.074693870260353989e+01 1.074696688059701621e+01 1.114386399206387956e+01 1.114391163221282532e+01 1.236361168727303905e+01 1.236365699761988068e+01 1.313434826346938245e+01 1.313442722712194133e+01 1.495079729971349458e+01 1.495083053428464837e+01 1.782911878748056722e+01 1.782916454838337827e+01 2.348773802798340782e+01 2.348794767665130578e+01
3.020558251152181684e-01 2.024018445303537916e+00 2.024112164587254181e+00 3.121434191761502053e+00 3.121529438360760800e+00 3.861132371679532049e+00 3.861322993373283108e+00 4.802788336094453214e+00 4.803015547540991470e+00 6.168576579413430849e+00 6.168729829109245166e+00 7.387495097140955203e+00 7.387555360331525378e+00 8.403934103528726496e+00 8.404341803502495267e+00 1.013402356214277589e+01 1.013415594178738033e+01 1.073620389180548784e+01 1.073623506766628921e+01 1.114117047973428143e+01 1.114122353321376480e+01 1.236633809749378976e+01 1.236638580311516478e+01 1.314808996197418267e+01 1.314817418663031034e+01 1.495282991586658561e+01 1.495286305517120518e+01 1.785058515730595730e+01 1.785062578727756133e+01 2.347769154557629534e+01 2.347790821583122778e+01
3.035755949534292841e-01 2.001672990089233384e+00 2.001773787084539791e+00 3.093117205485634624e+00 3.093216165344367496e+00 3.847419496766165459e+00 3.847607790293944507e+00 4.783722214031716824e+00 4.783963126820256484e+00 6.161052520846942215e+00 6.161201872324291173e+00 7.393062616963552713e+00 7.393122475147230865e+00 8.404868451761247528e+00 8.405278440621028579e+00 1.010946552222346639e+01 1.010960738433188411e+01 1.072475902772364087e+01 1.072479396322913736e+01 1.113917380291869286e+01 1.113923211034701666e+01 1.236822235534726033e+01 1.236827228621493546e+01 1.316191536432624964e+01 1.316200452228261675e+01 1.495519304592551002e+01 1.495522631403381197e+01 1.787200292997387763e+01 1.787204290389859906e+01 2.346743952619112861e+01 2.346766324629609812e+01
3.050953647916403999e-01 1.978639136629747997e+00 1.978747469288857808e+00 3.064084552375018422e+00 3.064186315211184120e+00 3.833952908400782178e+00 3.834139426520294602e+00 4.764694710345715123e+00 4.764948807289312249e+00 6.153901779721150156e+00 6.154046743800861030e+00 7.398568956614615111e+00 7.398629906434099901e+00 8.406573688150245971e+00 8.406985243003861186e+00 1.008465665221304342e+01 1.008480800120608833e+01 1.071256444112123241e+01 1.071260373706274649e+01 1.113786595666350188e+01 1.113792930826108218e+01 1.236931282097801166e+01 1.236936473525394042e+01 1.317575179921255746e+01 1.317584552495461026e+01 1.495789943632945551e+01 1.495793310311208835e+01 1.789334417405345690e+01 1.789338815428678586e+01 2.345698879872710663e+01 2.345721958964545450e+01
3.066151346298515157e-01 1.954932947184264691e+00 1.955049255626257976e+00 3.034346352399147850e+00 3.034449888442458221e+00 3.820725193375211770e+00 3.820910184184851399e+00 4.745729620006534866e+00 4.745996269107875420e+00 6.147145262699136303e+00 6.147285360476516303e+00 7.404010800824814886e+00 7.404074323082243225e+00 8.409060280709063306e+00 8.409473032225214695e+00 1.005966682036731896e+01 1.005982750117315838e+01 1.069959650370929083e+01 1.069964061030108127e+01 1.113722882372166367e+01 1.113729699055808808e+01 1.236965865036102841e+01 1.236971224554429583e+01 1.318952888487987352e+01 1.318962678076830919e+01 1.496096024763876997e+01 1.496099460387955560e+01 1.791458277639146246e+01 1.791463422031223729e+01 2.344634657169950742e+01 2.344658444250035600e+01
3.081349044680626315e-01 1.930572806503538352e+00 1.930697505760186061e+00 3.003914274804506235e+00 3.004018444356784112e+00 3.807723049197481391e+00 3.807906406660390264e+00 4.726850014990720439e+00 4.727128472095016853e+00 6.140803495068945850e+00 6.140938261019535105e+00 7.409385385952598213e+00 7.409452808026539827e+00 8.412335892068863785e+00 8.412749871455179829e+00 1.003456093805256266e+01 1.003473064738352427e+01 1.068584566939232872e+01 1.068589489863683717e+01 1.113723570360193271e+01 1.113730845891877408e+01 1.236930889340072248e+01 1.236936382008428659e+01 1.320317954684577089e+01 1.320328118778339999e+01 1.496438487118794036e+01 1.496442019943171431e+01 1.793569389981677986e+01 1.793575480515764653e+01 2.343552043994781542e+01 2.343576538306675161e+01
3.096546743062737472e-01 1.905579344365909034e+00 1.905712816741345517e+00 2.972801518112341945e+00 2.972905082559873957e+00 3.794927289454566033e+00 3.795108540324146684e+00 4.708078386581837194e+00 4.708367799018653876e+00 6.134896544537443042e+00 6.135025530455057385e+00 7.414690478649126781e+00 7.414762885413179738e+00 8.416405401999739411e+00 8.416821071822784717e+00 1.000939937772813160e+01 1.000957767584125868e+01 1.067131426419937945e+01 1.067136879895519819e+01 1.113785307472250707e+01 1.113793020723355021e+01 1.236831177680667615e+01 1.236836765512390635e+01 1.321664084131161943e+01 1.321674577876333245e+01 1.496818075719425423e+01 1.496821730310995946e+01 1.795665366617397041e+01 1.795672499090260033e+01 2.342451839031666339e+01 2.342477037683583418e+01
3.111744441444848630e-01 1.879975340568840414e+00 1.880117927228495578e+00 2.941022766556507406e+00 2.941124400724902443e+00 3.782312935850273838e+00 3.782491263148821226e+00 4.689436797759038100e+00 4.689736208942968609e+00 6.129443923082156687e+00 6.129566702839821524e+00 7.419924347666473352e+00 7.420002547835584217e+00 8.421270941541502353e+00 8.421689203675608582e+00 9.984238378738258035e+00 9.984424701548169523e+00 1.065601422880761717e+01 1.065607412865042747e+01 1.113904241057336364e+01 1.113912373122668065e+01 1.236671415861404277e+01 1.236677059751749930e+01 1.322985459259195373e+01 1.322996235824320621e+01 1.497235325897850444e+01 1.497239120745931018e+01 1.797743918097584981e+01 1.797752124245949901e+01 2.341334880623911729e+01 2.341360778134569998e+01
3.126942139826959788e-01 1.853785614511592073e+00 1.853937605990127580e+00 2.908594127485948366e+00 2.908692433292214385e+00 3.769849399091913966e+00 3.770023701094856516e+00 4.670947037699847648e+00 4.671255392683419494e+00 6.124464467829667136e+00 6.124580642916232165e+00 7.425085739880119995e+00 7.425170271453413129e+00 8.426931937886454449e+00 8.427354112659189767e+00 9.959130425781530960e+00 9.959324097348675409e+00 1.063996497799655394e+01 1.064003018345934137e+01 1.114076190116701603e+01 1.114084724477089239e+01 1.236456113507496823e+01 1.236461775463895130e+01 1.324276785924020139e+01 1.324287796850608778e+01 1.497690549843445851e+01 1.497694495678371673e+01 1.799802862091763700e+01 1.799812133719817808e+01 2.340202047115556283e+01 2.340228634992600121e+01
3.142139838209070946e-01 1.827036901456692508e+00 1.827198526903590192e+00 2.875533055088685508e+00 2.875626576587094085e+00 3.757500748133146384e+00 3.757669733836809023e+00 4.652630769677213785e+00 4.652946921675464864e+00 6.119976202422114042e+00 6.120085408171068053e+00 7.430173862133695017e+00 7.430265016660491106e+00 8.433385168131531273e+00 8.433812941234423377e+00 9.934124592428561940e+00 9.934324837907128725e+00 1.062319148995682205e+01 1.062326182659124996e+01 1.114296797573960873e+01 1.114305719882876922e+01 1.236189577779903281e+01 1.236195223473498395e+01 1.325533324681815195e+01 1.325544520235246893e+01 1.498183825761160826e+01 1.498187924611564981e+01 1.801840129077769959e+01 1.801850431434272792e+01 2.339054257070691278e+01 2.339081523434716559e+01
3.157337536591182103e-01 1.799757717380677580e+00 1.799929132527007258e+00 2.841858266211719997e+00 2.841945506435670232e+00 3.745226064905351926e+00 3.745388392083336182e+00 4.634509663112547528e+00 4.634832381044068583e+00 6.115996180828278561e+00 6.116098093224159093e+00 7.435188365486061102e+00 7.435286217374611262e+00 8.440624819007565449e+00 8.441060156953858140e+00 9.909266846981495291e+00 9.909472806126258249e+00 1.060572268692498987e+01 1.060579787007339014e+01 1.114561656939121548e+01 1.114570954562462290e+01 1.235875897866127637e+01 1.235881499509052261e+01 1.326750908625563241e+01 1.326762238155585827e+01 1.498714990038896033e+01 1.498719234922211641e+01 1.803853765023740152e+01 1.803865044424089348e+01 2.337892469364521375e+01 2.337920398629654173e+01
3.172535234973293261e-01 1.771978214030597742e+00 1.772159488040833120e+00 2.807589654000053780e+00 2.807669094705338875e+00 3.732979879442329452e+00 3.733134349624928738e+00 4.616605500325590583e+00 4.616933477436020006e+00 6.112540316042874622e+00 6.112634658969963830e+00 7.440129328232679029e+00 7.440233762576919041e+00 8.448642549107583832e+00 8.449087589147966426e+00 9.884600321046258742e+00 9.884811062373483281e+00 1.058759012535911914e+01 1.058766976603433640e+01 1.114866411649720668e+01 1.114876073071298279e+01 1.235518938136123346e+01 1.235524477643558505e+01 1.327925949626694901e+01 1.327937361942655414e+01 1.499283632707370018e+01 1.499288007799752265e+01 1.805841932189962407e+01 1.805854120687267894e+01 2.336717683140874513e+01 2.336746255760585100e+01
3.187732933355404419e-01 1.743730025417066898e+00 1.743921126964799617e+00 2.772748204372293745e+00 2.772818331581648810e+00 3.720712678384611838e+00 3.720858513858317007e+00 4.598940248677079623e+00 4.599272112325372142e+00 6.109623196584966998e+00 6.109709749379554466e+00 7.444997235566590987e+00 7.445107972531721963e+00 8.457427550332347721e+00 8.457884475292205551e+00 9.860165542990284138e+00 9.860380078679575888e+00 1.056882698257732933e+01 1.056891059452583015e+01 1.115206828310515874e+01 1.115216842493667393e+01 1.235122338097041705e+01 1.235127810391652048e+01 1.329055434698618754e+01 1.329066878460972490e+01 1.499889096361025942e+01 1.499893577504060360e+01 1.807802908774144868e+01 1.807815927301913206e+01 2.335530937631351378e+01 2.335560129915785765e+01
3.202930631737515577e-01 1.715046106513933744e+00 1.715246889574067346e+00 2.737355918217949213e+00 2.737415261720474113e+00 3.708371480511685636e+00 3.708508716316982756e+00 4.581536089419802948e+00 4.581870412112525770e+00 6.107257894137356757e+00 6.107336499330525470e+00 7.449792955082256363e+00 7.449909571010556064e+00 8.466966606294757725e+00 8.467437517208153963e+00 9.836000639403314594e+00 9.836217941023233990e+00 1.054946730760798346e+01 1.054955431546104982e+01 1.115578846863503593e+01 1.115589202635256250e+01 1.234689517583029428e+01 1.234694933716264842e+01 1.330136914033516504e+01 1.330148338160383759e+01 1.500530478600881068e+01 1.500535034037938686e+01 1.809735087784581609e+01 1.809748848490569983e+01 2.334333311831644764e+01 2.334363095840424407e+01
3.218128330119626734e-01 1.685960564427587904e+00 1.686170754397379179e+00 2.701435735034428909e+00 2.701482948431841891e+00 3.695900484917436835e+00 3.696030490644940159e+00 4.564415395746062032e+00 4.564750707499410254e+00 6.105455766044388888e+00 6.105526337256607761e+00 7.454517708106905616e+00 7.454639654223963241e+00 8.477244146899339583e+00 8.477730945782440131e+00 9.812141508067615092e+00 9.812360523211848928e+00 1.052954549494959835e+01 1.052963524329831557e+01 1.115978611574113621e+01 1.115989297075869047e+01 1.234223685925263680e+01 1.234229075429191980e+01 1.331168482096223471e+01 1.331179836181757636e+01 1.501206637958153678e+01 1.501211229230215594e+01 1.811636975347221323e+01 1.811651383491610900e+01 2.333125924031052989e+01 2.333156267543256845e+01
3.233326028501737892e-01 1.656508481764501495e+00 1.656727662605335771e+00 2.665011420661449026e+00 2.665045511758781682e+00 3.683241838755084263e+00 3.683367881166513147e+00 4.547600654317489166e+00 4.547935456410697519e+00 6.104226256679176288e+00 6.104288786789149768e+00 7.459173037201294321e+00 7.459299656895471031e+00 8.488242299641811428e+00 8.488746591666558317e+00 9.788621965979327655e+00 9.788841635914549144e+00 1.050909593819785393e+01 1.050918770141529812e+01 1.116402486877981559e+01 1.116413489107742407e+01 1.233727854095954157e+01 1.233733265732324824e+01 1.332148753006202568e+01 1.332159987746241825e+01 1.501916203159256646e+01 1.501920786119447548e+01 1.813507188566087791e+01 1.813522144183383134e+01 2.331909931191651353e+01 2.331940797752626438e+01
3.248523726883849050e-01 1.626725731388389162e+00 1.626953334518794536e+00 2.628107158824971812e+00 2.628128507831052119e+00 3.670336635676056947e+00 3.670464156985085324e+00 4.531114327029028388e+00 4.531447107188223633e+00 6.103576701866588294e+00 6.103631271901516442e+00 7.463760770289410651e+00 7.463891315816338690e+00 8.499940938902790677e+00 8.500463958898890837e+00 9.765473875785163571e+00 9.765693154236601004e+00 1.048815282333846888e+01 1.048824581598556449e+01 1.116847061854562284e+01 1.116858366311210737e+01 1.233204848930572517e+01 1.233210348992733429e+01 1.333076831307911547e+01 1.333087898927773196e+01 1.502657585499511050e+01 1.502662111427054725e+01 1.815344453014010284e+01 1.815359852448091615e+01 2.330686528174045336e+01 2.330717877216827105e+01
3.263721425265960208e-01 1.596648781234788039e+00 1.596884076906375904e+00 2.590745273473578081e+00 2.590761228195157972e+00 3.657126204755752674e+00 3.657262352748579470e+00 4.514978652877561061e+00 4.515307901898631293e+00 6.103512140543401188e+00 6.103558930392333437e+00 7.468282981874538429e+00 7.468416631188580013e+00 8.512317734561646532e+00 8.512860298636464762e+00 9.742727253695878886e+00 9.742945126930901978e+00 1.046675002673408628e+01 1.046684341440618304e+01 1.117309146589089508e+01 1.117320737019032784e+01 1.232657328484204307e+01 1.232662996285199952e+01 1.333952279121538353e+01 1.333963133800783218e+01 1.503428994007646224e+01 1.503433410819048532e+01 1.817147599909128175e+01 1.817163337282611124e+01 2.329456946807222195e+01 2.329488733844697990e+01
3.278919123648071365e-01 1.566314487360366492e+00 1.566556579220089729e+00 2.552948182369385588e+00 2.552974823038509200e+00 3.643553437222662783e+00 3.643705863582892501e+00 4.499215393486203141e+00 4.499539623273232536e+00 6.104035137534798316e+00 6.104074440942527602e+00 7.472741951739868327e+00 7.472877826047600536e+00 8.525348200872841176e+00 8.525910680943063369e+00 9.720410361568605495e+00 9.720625869978569256e+00 1.044492108890688797e+01 1.044501399939654895e+01 1.117785763101237073e+01 1.117797621341283509e+01 1.232087797509001170e+01 1.232093718630507695e+01 1.334775080576369888e+01 1.334785678865925540e+01 1.504228453009211108e+01 1.504232706582685175e+01 1.818915563021013782e+01 1.818931531673402446e+01 2.328222454800564734e+01 2.328254631683061859e+01
3.294116822030182523e-01 1.535759872960822392e+00 1.536007696453383753e+00 2.514748195016383914e+00 2.514792638443927419e+00 3.629563764875498588e+00 3.629739448370365107e+00 4.483845529889389780e+00 4.484163292855638083e+00 6.105145620481780888e+00 6.105177869674132118e+00 7.477140121448583088e+00 7.477277304039748884e+00 8.539005746063862645e+00 8.539588063502042914e+00 9.698549785449658955e+00 9.698762046866834297e+00 1.042269924117870872e+01 1.042279077584372615e+01 1.118274132949393440e+01 1.118286238856128989e+01 1.231498622198455628e+01 1.231504880963022153e+01 1.335545604352639693e+01 1.335555905580703495e+01 1.505053821636574796e+01 1.505057857293222767e+01 1.820647375343503782e+01 1.820663469257574718e+01 2.326984354496695317e+01 2.327016869728452164e+01
3.309314520412293681e-01 1.505021890710295462e+00 1.505274215915664016e+00 2.476176544731232276e+00 2.476241380098953115e+00 3.615105849715633646e+00 3.615310543068148696e+00 4.468888922322007851e+00 4.469198832076690664e+00 6.106840732127271743e+00 6.106866543552073701e+00 7.481480048867645394e+00 7.481617605813322136e+00 8.553261722771376085e+00 8.553863356949038987e+00 9.677170502459826906e+00 9.677378737462506209e+00 1.040011746756461264e+01 1.040020671279831532e+01 1.118771663112595327e+01 1.118783994566999063e+01 1.230892043797991597e+01 1.230898716616549038e+01 1.336264565088853296e+01 1.336274531753523398e+01 1.505902814784778698e+01 1.505906579021413627e+01 1.822342165566990957e+01 1.822358280794375318e+01 2.325743981464567867e+01 2.325776780571491642e+01
3.324512218794404839e-01 1.474137165472559463e+00 1.474392604914071425e+00 2.437263957600332986e+00 2.437350802115075155e+00 3.600132308821825777e+00 3.600370515103166635e+00 4.454363948595073452e+00 4.454664701823269901e+00 6.109114696408679102e+00 6.109134960048766771e+00 7.485764360852695809e+00 7.485901364270169722e+00 8.568085479320362907e+00 8.568705487149276934e+00 9.656295937502806126e+00 9.656499496925682990e+00 1.037720858881585428e+01 1.037729462752113641e+01 1.119275931327383056e+01 1.119288464303182806e+01 1.230270191158775717e+01 1.230277341802624136e+01 1.336932984345677511e+01 1.336942582494179099e+01 1.506773024968684460e+01 1.506776467643769912e+01 1.823999154379929166e+01 1.824015190472211145e+01 2.324502702932844400e+01 2.324535728873110330e+01
3.339709917176515996e-01 1.443141714227369921e+00 1.443398736137025518e+00 2.398042277846859971e+00 2.398152402142454953e+00 3.584600565739972211e+00 3.584875718030744007e+00 4.440287139743678502e+00 4.440577539176353561e+00 6.111958700840350645e+00 6.111974737514946021e+00 7.489995704156132028e+00 7.490131258923286239e+00 8.583444411947628083e+00 8.584081455185296861e+00 9.635948010897100957e+00 9.636146405621129674e+00 1.035400535914865827e+01 1.035408728211979934e+01 1.119784671716097080e+01 1.119797380400927445e+01 1.229635092506030070e+01 1.229642769485309906e+01 1.337552151750989893e+01 1.337561351347687832e+01 1.507661944475222526e+01 1.507665021885768297e+01 1.825617650626972477e+01 1.825633512076332465e+01 2.323261916064400978e+01 2.323295109672756809e+01
3.354907615558627154e-01 1.412070639967974106e+00 1.412327587469141665e+00 2.358544900464200733e+00 2.358679372026118770e+00 3.568473734376652828e+00 3.568788388763068031e+00 4.426672833557980802e+00 4.426951811920697644e+00 6.115360853369920413e+00 6.115374553820516645e+00 7.494176694567716623e+00 7.494309969615774669e+00 8.599304018310615305e+00 8.599956396132752090e+00 9.616147177687663472e+00 9.616340110447060496e+00 1.033054056904924245e+01 1.033061748616964159e+01 1.120295761278581992e+01 1.120308618237899623e+01 1.228988686600553493e+01 1.228996922242534851e+01 1.338123586881794758e+01 1.338132362169858780e+01 1.508566987067389675e+01 1.508569666907439633e+01 1.827197047349226722e+01 1.827212645041694117e+01 2.322023046073535113e+01 2.322056346529651094e+01
3.370105313940738312e-01 1.380957796387838998e+00 1.381212913061786951e+00 2.318807045213086226e+00 2.318966769421627827e+00 3.551721442491769576e+00 3.552077429566559807e+00 4.413532866989916315e+00 4.413799511800346131e+00 6.119306384254714182e+00 6.119319907083466958e+00 7.498309864282760806e+00 7.498440129866733805e+00 8.615627952939979295e+00 8.616293637946345285e+00 9.596912459099909753e+00 9.597099857392439759e+00 1.030684714972889182e+01 1.030691820090257771e+01 1.120807207619371937e+01 1.120820183994134389e+01 1.228332833298433968e+01 1.228341643946967565e+01 1.338649002366774710e+01 1.338657332231372266e+01 1.509485508147933075e+01 1.509487778661476298e+01 1.828736817730639075e+01 1.828752070414677533e+01 2.320787544188268470e+01 2.320820889499144002e+01
3.385303012322849470e-01 1.349835420426812371e+00 1.350086882786842635e+00 2.278866024865481066e+00 2.279051756334600221e+00 3.534320544325895597e+00 3.534719079174351464e+00 4.400876327046502112e+00 4.401129906086892696e+00 6.123777924882591428e+00 6.123792869382883808e+00 7.502397607553534797e+00 7.502524280087732755e+00 8.632378085644923260e+00 8.633054762000488935e+00 9.578261466357892218e+00 9.578443514441842055e+00 1.028295827643741056e+01 1.028302264219575157e+01 1.121317138134578428e+01 1.121330203864680364e+01 1.227669323408389701e+01 1.227678710255552197e+01 1.339130268618973041e+01 1.339138136963121184e+01 1.510414821577700195e+01 1.510416710062871459e+01 1.830236510973314168e+01 1.830251346745815511e+01 2.319556885460866624e+01 2.319590212947102259e+01
3.400500710704960627e-01 1.318733730244830760e+00 1.318979687769389786e+00 2.238761533541396176e+00 2.238973876722982315e+00 3.516255697374460976e+00 3.516697460049692303e+00 4.388709376632911052e+00 4.388949363824975691e+00 6.128755321846183435e+00 6.128772376321440341e+00 7.506442124889335155e+00 7.506564820785825098e+00 8.649514564242316794e+00 8.650199667060395115e+00 9.560210416865270844e+00 9.560387583198080463e+00 1.025890746904041961e+01 1.025896438082327222e+01 1.121823790775358454e+01 1.121836914841714972e+01 1.226999887726421079e+01 1.227009837953448113e+01 1.339569380532751630e+01 1.339576776680295644e+01 1.511352211728689987e+01 1.511353819736021187e+01 1.831695748124131740e+01 1.831710105933748167e+01 2.318332566430595421e+01 2.318365813206377979e+01
3.415698409087071785e-01 1.287680487004471797e+00 1.287919110608121809e+00 2.198535959959910357e+00 2.198775365112476177e+00 3.497519790656674399e+00 3.498004987744200101e+00 4.377035167131339222e+00 4.377261268341153588e+00 6.134215412312227222e+00 6.134234625879212643e+00 7.510445366565100755e+00 7.510563965493163963e+00 8.666995883347020424e+00 8.667686638713771430e+00 9.542774142424256922e+00 9.542947196896784945e+00 1.023472868910424793e+01 1.023477743936546069e+01 1.122325506427886310e+01 1.122338657106805471e+01 1.226326205152506432e+01 1.226336693199814043e+01 1.339968426404806401e+01 1.339975345547878760e+01 1.512294951970510404e+01 1.512296491608262805e+01 1.833114217875417751e+01 1.833128049037517826e+01 2.317116102643376152e+01 2.317149206080182466e+01
3.430896107469182943e-01 1.256700520066299953e+00 1.256930060250636583e+00 2.158234725054081427e+00 2.158501481805090716e+00 3.478114219665744411e+00 3.478642633824928776e+00 4.365853843764980979e+00 4.366066021689198884e+00 6.140132128178001025e+00 6.140153216882234588e+00 7.514408977176169735e+00 7.514523692338235250e+00 8.684778961334606251e+00 8.685472426581497984e+00 9.525966088505917639e+00 9.526136102077741086e+00 1.021045643322047525e+01 1.021049638595586373e+01 1.122820722895115253e+01 1.122833868019215053e+01 1.225649909828652184e+01 1.225660898708329505e+01 1.340329559267784632e+01 1.340336002977361751e+01 1.513240363233125407e+01 1.513242111299000925e+01 1.834491672364514869e+01 1.834504942069808209e+01 2.315909026033910223e+01 2.315941924198365243e+01
3.446093805851294101e-01 1.225815216950236985e+00 1.226034073414028036e+00 2.117906640901187743e+00 2.118200870266965463e+00 3.458049009968436227e+00 3.458620041269317102e+00 4.355162643635184239e+00 4.355361140254871977e+00 6.146476714938576613e+00 6.146499237393397763e+00 7.518334244556793777e+00 7.518445691767794870e+00 8.702819227976808847e+00 8.703512331952207859e+00 9.509798302279479643e+00 9.509966621361877870e+00 1.018612582216217355e+01 1.018615642608571115e+01 1.123307970426646740e+01 1.123321077647072741e+01 1.224972597266305563e+01 1.224984039882336617e+01 1.340654970759482012e+01 1.340660947574724382e+01 1.514185866579885698e+01 1.514188045083983347e+01 1.835827923001354023e+01 1.835840611776799847e+01 2.314712882176504039e+01 2.314745514233420209e+01
3.461291504233405258e-01 1.195041981852645652e+00 1.195248787050968708e+00 2.077604285754314439e+00 2.077925930949132916e+00 3.437342797709853848e+00 3.437955498569015500e+00 4.344956080430392831e+00 4.345141434426717630e+00 6.153217957146805972e+00 6.153241405934381625e+00 7.522222058137103318e+00 7.522331306360841019e+00 8.721070725660068135e+00 8.721760308852063659e+00 9.494281405039584953e+00 9.494449595691673238e+00 1.016177268256107880e+01 1.016179349720317227e+01 1.123785868714810299e+01 1.123798905759903732e+01 1.224295829451459561e+01 1.224307669917666530e+01 1.340946867593400249e+01 1.340952393693183176e+01 1.515128955499150543e+01 1.515131695554082292e+01 1.837122836360564904e+01 1.837134941400523402e+01 2.313529227411554601e+01 2.313561533984032792e+01
3.476489202615516416e-01 1.164393669861609748e+00 1.164587389749325963e+00 2.037384387407919384e+00 2.037733203565087248e+00 3.416022680712386794e+00 3.416675785083576500e+00 4.335226204803409367e+00 4.335399259717812370e+00 6.160322408645875214e+00 6.160346260899880022e+00 7.526072881978123519e+00 7.526181458703049110e+00 8.739486227531678253e+00 8.740169081964738851e+00 9.479424542311456037e+00 9.479594305580929969e+00 1.013743358720377152e+01 1.013744440182361295e+01 1.124253125253740748e+01 1.124266060179659021e+01 1.223621138929833485e+01 1.223633313884987395e+01 1.341207450650863287e+01 1.341212550580078045e+01 1.516067175232650044e+01 1.516070546581370593e+01 1.838376330184864571e+01 1.838387866406822369e+01 2.312359625855390632e+01 2.312391549334915908e+01
3.491686900997627574e-01 1.133878008670103466e+00 1.134058064063321769e+00 1.997308203875256760e+00 1.997683746744028044e+00 3.394123957954204407e+00 3.394815904896246739e+00 4.325962925673645820e+00 4.326124822608786502e+00 6.167754635001415409e+00 6.167778383262485953e+00 7.529886743290862938e+00 7.529996567908214367e+00 8.758017376370590412e+00 8.758690285247199725e+00 9.465235303438118919e+00 9.465408371267708176e+00 1.011314465472661084e+01 1.011314818037610230e+01 1.124708534941074056e+01 1.124721336370157765e+01 1.222950031885155120e+01 1.222962471806493845e+01 1.341438896683846593e+01 1.341443604043772808e+01 1.516998134828020461e+01 1.517002171926013965e+01 1.839588369557199954e+01 1.839599370148928159e+01 2.311205646301786842e+01 2.311237131102562969e+01
3.506884599379738732e-01 1.103497026267341585e+00 1.103663436190562397e+00 1.957441886214995597e+00 1.957843499924143416e+00 3.371689777655390241e+00 3.372418729274309523e+00 4.317154375224488305e+00 4.317306522251472600e+00 6.175477469912080686e+00 6.175500642553802599e+00 7.533663227553780040e+00 7.533776465232357999e+00 8.776614848431853133e+00 8.777274625521350515e+00 9.451719602986740298e+00 9.451897630132830130e+00 1.008893806079393585e+01 1.008894977370367663e+01 1.125150980786830068e+01 1.125163618129826304e+01 1.222283990232772943e+01 1.222296620747593821e+01 1.341643342601605582e+01 1.341647700503761165e+01 1.517919522051627368e+01 1.517924237444788993e+01 1.840758963302905116e+01 1.840769479430527156e+01 2.310068859024072196e+01 2.310099851777356150e+01
3.522082297761849889e-01 1.073246513100845068e+00 1.073400053032918633e+00 1.917856803220907569e+00 1.918283607289722026e+00 3.348770714903144707e+00 3.349534568790783595e+00 4.308787298738407934e+00 4.308931309526088604e+00 6.183452283817182149e+00 6.183474459180550831e+00 7.537401463525982948e+00 7.537520327182899216e+00 8.795228546927342350e+00 8.795872075719419314e+00 9.438881518720252828e+00 9.439065986612606096e+00 1.006485993031990311e+01 1.006488230743784484e+01 1.125579435579853893e+01 1.125591879238424653e+01 1.221624472760190017e+01 1.221637215952456934e+01 1.341822872304061143e+01 1.341826933234232833e+01 1.518829113731537106e+01 1.518834504489499970e+01 1.841888160666146135e+01 1.841898259946899330e+01 2.308950832487380112e+01 2.308981282173312977e+01
3.537279996143961047e-01 1.043115562165981558e+00 1.043257907883247126e+00 1.878629801596596982e+00 1.879080677519077369e+00 3.325424298848096871e+00 3.326220695398598881e+00 4.300847449214801443e+00 4.300985047895337310e+00 6.191639261341977729e+00 6.191660077492919356e+00 7.541100086324169283e+00 7.541226639758734862e+00 8.813807830115008457e+00 8.814432102752917331e+00 9.426723083598439246e+00 9.426915226876788623e+00 1.004095219190879185e+01 1.004098541836303760e+01 1.125992964347926417e+01 1.126005185894249472e+01 1.220972915356139410e+01 1.220985691062246659e+01 1.341979505991743693e+01 1.341983330596223567e+01 1.519724782612860103e+01 1.519730833618489108e+01 1.842976048250801924e+01 1.842985811634544646e+01 2.307853129981132412e+01 2.307882987997444246e+01
3.552477694526072205e-01 1.013086249259357752e+00 1.013220035539244002e+00 1.839843368380889910e+00 1.840316946305664114e+00 3.301714507305602453e+00 3.302540832596760456e+00 4.293319966273866584e+00 4.293452865102684868e+00 6.199997683616607524e+00 6.200016844667625371e+00 7.544757182827337871e+00 7.544893191421339296e+00 8.832301779071773495e+00 8.832903935056698685e+00 9.415244030760762328e+00 9.415444789613948373e+00 1.001725699092386357e+01 1.001730102680488166e+01 1.126390727433064143e+01 1.126402699763779758e+01 1.220330730381011541e+01 1.220343457466428738e+01 1.342115191779088690e+01 1.342118846121847398e+01 1.520604501878898063e+01 1.520611187707382506e+01 1.844022747121892536e+01 1.844032264051729086e+01 2.306777306182338094e+01 2.306806526351338249e+01
3.567675392908183363e-01 9.831335255772256643e-01 9.832622072864416474e-01 1.801585655251561002e+00 1.802080301522134498e+00 3.277711243489905613e+00 3.278564628706190920e+00 4.286189720704732586e+00 4.286319488691868962e+00 6.208486211369824481e+00 6.208503490880393549e+00 7.548370235397279693e+00 7.548517080683880387e+00 8.850659509970766337e+00 8.851236874578138014e+00 9.404441490643703716e+00 9.404651485859412574e+00 9.993817768261665790e+00 9.993872447088296695e+00 1.126771983988599679e+01 1.126783681450888075e+01 1.219699305243799436e+01 1.219711902850464469e+01 1.342231799249432633e+01 1.342235350480022760e+01 1.521466347953328757e+01 1.521473634105764816e+01 1.845028409863590468e+01 1.845037772010258337e+01 2.305724903660846792e+01 2.305753442178174950e+01
3.582873091290294520e-01 9.532253694155158330e-01 9.533528007587488418e-01 1.763950317790258016e+00 1.764464124383765320e+00 3.253489806011319985e+00 3.254367124618157359e+00 4.279441611703090231e+00 4.279569559232073495e+00 6.217063164815722409e+00 6.217078406608467667e+00 7.551936078228369986e+00 7.552094725835273081e+00 8.868830534863885617e+00 8.869380657127212686e+00 9.394309639579372373e+00 9.394529164218180739e+00 9.970679395128222211e+00 9.970744442932227614e+00 1.127136095689692397e+01 1.127147494177887310e+01 1.219080000263932995e+01 1.219092389016991085e+01 1.342331114421647165e+01 1.342334625509565349e+01 1.522308501928453239e+01 1.522316345769079327e+01 1.845993217357057148e+01 1.846002511709671268e+01 2.304697449338115334e+01 2.304725264668794438e+01
3.598070789672405678e-01 9.233231866013956735e-01 9.234529928645871522e-01 1.727036118206409343e+00 1.727566895387580903e+00 3.229130359554329921e+00 3.230028223585829306e+00 4.273060812373504547e+00 4.273187913284480999e+00 6.225686796622396990e+00 6.225699913291144583e+00 7.555450872064872314e+00 7.555621872789359372e+00 8.886765173314246979e+00 8.887285863304642319e+00 9.384839300873949242e+00 9.385068322359819248e+00 9.947888271604458765e+00 9.947963314358553077e+00 1.127482530434708607e+01 1.127493607456578140e+01 1.218474145910145090e+01 1.218486249071932548e+01 1.342414835654323646e+01 1.342418360446181325e+01 1.523129249849941580e+01 1.523137601413259112e+01 1.846917375135943473e+01 1.846926677528572469e+01 2.303696450911543181e+01 2.303723503640806669e+01
3.613268488054516836e-01 8.933824466215840587e-01 8.935174359573857528e-01 1.690946239283926733e+00 1.691491513028529514e+00 3.204717410131824096e+00 3.205632167018644729e+00 4.267032966588025999e+00 4.267159826825922764e+00 6.234315554620677879e+00 6.234326523999875747e+00 7.558910096578879134e+00 7.559093603332098787e+00 8.904415014399855721e+00 8.904904379353283161e+00 9.376017503389967089e+00 9.376255671269875691e+00 9.925492413558936633e+00 9.925576982043997631e+00 1.127810865802318929e+01 1.127821600514938716e+01 1.217883039522152444e+01 1.217894784081138759e+01 1.342484570342274175e+01 1.342488150145130987e+01 1.523926982037869848e+01 1.523935784787150460e+01 1.847801109370378114e+01 1.847810479432919450e+01 2.302723393256869500e+01 2.302749645904977172e+01
3.628466186436627994e-01 8.633536410951651030e-01 8.634954759392542423e-01 1.655787262752965061e+00 1.656344278630883293e+00 3.180339285698284613e+00 3.181267017041624623e+00 4.261344343555665937e+00 4.261471211910365042e+00 6.242908331345899065e+00 6.242917191227029150e+00 7.562308557666274744e+00 7.562504347852708086e+00 8.921733424252574096e+00 8.922189902868977285e+00 9.367827009468717492e+00 9.368073665996607957e+00 9.903541524132725371e+00 9.903635058165123795e+00 1.128120792019386442e+01 1.128131165235405398e+01 1.217307941633766610e+01 1.217319259316461455e+01 1.342541832590432982e+01 1.342545494780414650e+01 1.524700191597882082e+01 1.524709383175070698e+01 1.848644662703364716e+01 1.848654140786425160e+01 2.301779734821527867e+01 2.301805151633200097e+01
3.643663884818739152e-01 8.331837253338225668e-01 8.333328795124232968e-01 1.621667779335097093e+00 1.622233514498893525e+00 3.156087620333817068e+00 3.157024143936135729e+00 4.255981955832011110e+00 4.256108764232189756e+00 6.251424697980634271e+00 6.251431539383760949e+00 7.565640407354190522e+00 7.565847905928871242e+00 8.938676088049298585e+00 8.939098482013699609e+00 9.360245833832333773e+00 9.360500026252852379e+00 9.882087039806929596e+00 9.882188892223034316e+00 1.128412114189070437e+01 1.128422108355061226e+01 1.216750072027215168e+01 1.216760900221758668e+01 1.342588042096812551e+01 1.342591800468627206e+01 1.525447472259966197e+01 1.525456985245578068e+01 1.849448290212041357e+01 1.849457896297948167e+01 2.300866904022284842e+01 2.300891450742394539e+01
3.658861583200850309e-01 8.028181550590072213e-01 8.029740502902195098e-01 1.588696622302035344e+00 1.589267806928035487e+00 3.132056838244629660e+00 3.132997714552291146e+00 4.250933644665462197e+00 4.251060064219750245e+00 6.259825120761140838e+00 6.259830080089494153e+00 7.568899174977988586e+00 7.569117476836318303e+00 8.955201566972316840e+00 8.955589068444409051e+00 9.353246788001653655e+00 9.353507282734529582e+00 9.861182136298911161e+00 9.861291576632728706e+00 1.128684753528514761e+01 1.128694352677979929e+01 1.216210605657049904e+01 1.216220888238280828e+01 1.342624524283027476e+01 1.342628380475572669e+01 1.526167515669626518e+01 1.526177278359686618e+01 1.850212255690406238e+01 1.850221989915191756e+01 2.299986295660846025e+01 2.300009939308533902e+01
3.674059281582961467e-01 7.722035374973648114e-01 7.723647513334255255e-01 1.556980752092551601e+00 1.557553901014538944e+00 3.108343632473195672e+00 3.109284176386420739e+00 4.246188135534977981e+00 4.246313637399620866e+00 6.268071158409322940e+00 6.268074408826664445e+00 7.572077808975378410e+00 7.572305700981049270e+00 8.971271840054425795e+00 8.971624053574032587e+00 9.346797100628352339e+00 9.347062400472635701e+00 9.840881674378952226e+00 9.840997891983439771e+00 1.128938747372420082e+01 1.128947937056849504e+01 1.215690668587134837e+01 1.215700356634330248e+01 1.342652511511473890e+01 1.342656456882023797e+01 1.526859108245019492e+01 1.526869045445617701e+01 1.850936828328561390e+01 1.850946672594077924e+01 2.299139267371425888e+01 2.299161976024797838e+01
3.689256979965072625e-01 7.412908566304378111e-01 7.414553426215052534e-01 1.526622864534872281e+00 1.527194318899307346e+00 3.085046432447795972e+00 3.085981731223986557e+00 4.241735066767972739e+00 4.241858980876668461e+00 6.276125639640604881e+00 6.276127382012816724e+00 7.575168728952244912e+00 7.575404712521880413e+00 8.986852788326553210e+00 8.987169745340597871e+00 9.340858182328354076e+00 9.341126548350988656e+00 9.821242060139260488e+00 9.821364166416836738e+00 1.129174247714106549e+01 1.129183014916168126e+01 1.215191334085043984e+01 1.215200386485183870e+01 1.342673145147559488e+01 1.342677162685668257e+01 1.527521127702999593e+01 1.527531161539353199e+01 1.851622279769715007e+01 1.851632199965809988e+01 2.298327136114583524e+01 2.298348878717556332e+01
3.704454678347183783e-01 7.100392033263570601e-01 7.102045015454764298e-01 1.497718844579297492e+00 1.498284822221989332e+00 3.062264854287279459e+00 3.063189792017971147e+00 4.237564994652112560e+00 4.237686562629487952e+00 6.283952820265115591e+00 6.283953274001141232e+00 7.578163887710054780e+00 7.578406202962857385e+00 9.001914565083380282e+00 9.002196729185895308e+00 9.335385622653163296e+00 9.335655102607651301e+00 9.802320988879451136e+00 9.802448018268027141e+00 1.129391518080389289e+01 1.129399851113849707e+01 1.214713619013994617e+01 1.214722002945262780e+01 1.342687478239874466e+01 1.342691544322320141e+01 1.528152539346941552e+01 1.528162590081744021e+01 1.852268881483595919e+01 1.852278829964851425e+01 2.297551174731761492e+01 2.297571920933502199e+01
3.719652376729294940e-01 6.784199265072740070e-01 6.785833588582300679e-01 1.470355233049723820e+00 1.470911885128461050e+00 3.040099128065558709e+00 3.041008416955004900e+00 4.233669378917837456e+00 4.233787799653994988e+00 6.291517913924803196e+00 6.291518519861982739e+00 7.581054842805625249e+00 7.581301495141729241e+00 9.016431782717848620e+00 9.016680043787951959e+00 9.330329524191222745e+00 9.330597989100908762e+00 9.784177037793000409e+00 9.784307947209898160e+00 1.129590928571537667e+01 1.129598816972797515e+01 1.214258480652888572e+01 1.214266171945111417e+01 1.342696478638537805e+01 1.342700564562525223e+01 1.528752392199366739e+01 1.528762379054052900e+01 1.852876902391378522e+01 1.852886820483713493e+01 2.296812608575128678e+01 2.296832328610868146e+01
3.734850075111406098e-01 6.464211253100859977e-01 6.465799739554421999e-01 1.444606905674262531e+00 1.445150376141603576e+00 3.018649496989930903e+00 3.019537715412605294e+00 4.230040552637435169e+00 4.230155020203729244e+00 6.298788802802637754e+00 6.298790238300367328e+00 7.583832837021361684e+00 7.584081626756951522e+00 9.030383435258078961e+00 9.030599091054126504e+00 9.325635290722264159e+00 9.325900480611151622e+00 9.766869071963917293e+00 9.767002738569530607e+00 1.129772948942979838e+01 1.129780383359134710e+01 1.213826814059725301e+01 1.213833797430514672e+01 1.342701032415800633e+01 1.342705105715846337e+01 1.529319815053216836e+01 1.529329657025222922e+01 1.853446606691251475e+01 1.853456427105339799e+01 2.296112612227242877e+01 2.296131276847204816e+01
3.750047773493517256e-01 6.140524389043074960e-01 6.142041055280302864e-01 1.420535171892475246e+00 1.421061655916297628e+00 2.998015584619759810e+00 2.998877221690543937e+00 4.226671680457788405e+00 4.226781414622353239e+00 6.305735211408459939e+00 6.305737253011840515e+00 7.586488886903263840e+00 7.586737442328618464e+00 9.043752468478757578e+00 9.043937192942665959e+00 9.321244988181236479e+00 9.321504566816248172e+00 9.750455433473055322e+00 9.750590650912679180e+00 1.129938139661025964e+01 1.129945111739112562e+01 1.213419450073030426e+01 1.213425719240439449e+01 1.342701947483766212e+01 1.342705973063521085e+01 1.529854012506812744e+01 1.529863629175753026e+01 1.853978251850954706e+01 1.853987900945825373e+01 2.295452306324963843e+01 2.295469886775749302e+01
3.765245471875628414e-01 5.813501745397757769e-01 5.814923169694727889e-01 1.398186479568696905e+00 1.398692277184889754e+00 2.978295727813778271e+00 2.979125233972492737e+00 4.223556708744175658e+00 4.223660978577204794e+00 6.312328260120677825e+00 6.312330697831297854e+00 7.589013878301954286e+00 7.589259692267741997e+00 9.056524908016880815e+00 9.056680706550071847e+00 9.317099384003142859e+00 9.317351000962403873e+00 9.734992897823955715e+00 9.735128371563824601e+00 1.130087140929569323e+01 1.130093643211164078e+01 1.213037154020335429e+01 1.213042711694807174e+01 1.342699957323922710e+01 1.342703898438620413e+01 1.530354261039473940e+01 1.530363573355262474e+01 1.854472086747487580e+01 1.854481486625694231e+01 2.294832754501748795e+01 2.294849222561972013e+01
3.780443170257739571e-01 5.483829550539427444e-01 5.485135975009179932e-01 1.377591860956752123e+00 1.378073423081838556e+00 2.959586275008583733e+00 2.960378117903294637e+00 4.220690310757952091e+00 4.220788451881827719e+00 6.318540981848747684e+00 6.318543624880519793e+00 7.591398667643381337e+00 7.591639137532291137e+00 9.068688461398403788e+00 9.068817614609901767e+00 9.313140738216006298e+00 9.313382094762870267e+00 9.720535408327299010e+00 9.720669751310502704e+00 1.130220659757047130e+01 1.130226685581637192e+01 1.212680625173206117e+01 1.212685482933406256e+01 1.342695724756183751e+01 1.342699543876961776e+01 1.530819905177239448e+01 1.530828836223486888e+01 1.854928349943380894e+01 1.854937420378062640e+01 2.294254960462065185e+01 2.294270288531416213e+01
3.795640868639850729e-01 5.152582679832998780e-01 5.153758820638161264e-01 1.358767182427307763e+00 1.359221147696606069e+00 2.941980851657467699e+00 2.942729576411907910e+00 4.218067829491804588e+00 4.218159255533504570e+00 6.324348369586576979e+00 6.324351050953178621e+00 7.593634187471376862e+00 7.593866658181852358e+00 9.080230522698325757e+00 9.080335521449125480e+00 9.309316366758549677e+00 9.309545280154260638e+00 9.707132638782571377e+00 9.707264369325095288e+00 1.130339455210180155e+01 1.130344998629867526e+01 1.212350496956037205e+01 1.212354675014753269e+01 1.342689845684462036e+01 1.342693505268789167e+01 1.531250353791295282e+01 1.531258829517718745e+01 1.855347268094324775e+01 1.855355928296142665e+01 2.293719865201117258e+01 2.293734026439535967e+01
3.810838567021961887e-01 4.821305561599968370e-01 4.822341116173680664e-01 1.341714178581973060e+00 1.342137400987341689e+00 2.925569597135845967e+00 2.926269889908659216e+00 4.215685220295590341e+00 4.215769429091705156e+00 6.329727410230082008e+00 6.329729990116852001e+00 7.595711554650084629e+00 7.595933364010602595e+00 9.091135529491298328e+00 9.091219005270355424e+00 9.305582925478688594e+00 9.305797384903666369e+00 9.694828485443283128e+00 9.694956029923503138e+00 1.130444322080457908e+01 1.130449377787563847e+01 1.212047337882300901e+01 1.212050864749934043e+01 1.342682852763101842e+01 1.342686315948674647e+01 1.531645076565606800e+01 1.531653026483698099e+01 1.855729054485776430e+01 1.855737224719328893e+01 2.293228344382438166e+01 2.293241312893778172e+01
3.826036265404073045e-01 4.492117880974669242e-01 4.493007741876096639e-01 1.326422175393507930e+00 1.326811744009754435e+00 2.910438380068541608e+00 2.911085133659784052e+00 4.213538994967392703e+00 4.213615570080436967e+00 6.334657106435428453e+00 6.334659474352057451e+00 7.597622179495990835e+00 7.597830705345932856e+00 9.101381654874460381e+00 9.101446310415752805e+00 9.301911275819321645e+00 9.302109482466613954e+00 9.683659643101131920e+00 9.683781346348087737e+00 1.130536073267138875e+01 1.130540636535319265e+01 1.211771653158949036e+01 1.211774565213125321e+01 1.342675218934833303e+01 1.342678450168529380e+01 1.532003600664646825e+01 1.532010958501397013e+01 1.856073907697440717e+01 1.856081510755585029e+01 2.292781205885106033e+01 2.292792956937718074e+01
3.841233963786184202e-01 4.167857341549814909e-01 4.168601544021507954e-01 1.312870349543258985e+00 1.313223602468169382e+00 2.896668001743397891e+00 2.897256381881223586e+00 4.211626168579266860e+00 4.211694776716718103e+00 6.339118488370280247e+00 6.339120564120069190e+00 7.599357874030491899e+00 7.599550582051676884e+00 9.110936875819870551e+00 9.110985421141023721e+00 9.298291690937563914e+00 9.298472075577272733e+00 9.673654463444558260e+00 9.673768609556875120e+00 1.130615521252963873e+01 1.130619587891559519e+01 1.211523886868808830e+01 1.211526227839354597e+01 1.342667360796522580e+01 1.342670326405516867e+01 1.532325507627293426e+01 1.532332211932342680e+01 1.856382010394904825e+01 1.856388972937198645e+01 2.292379187531512486e+01 2.292389697806601134e+01
3.856431662168295360e-01 3.852272994011522456e-01 3.852876433660353261e-01 1.301030339243438361e+00 1.301344874111076466e+00 2.884333399906225281e+00 2.884858910758530293e+00 4.209944209958730532e+00 4.210004594943887568e+00 6.343094617239932731e+00 6.343096350774190206e+00 7.600910957506144427e+00 7.601085448772068709e+00 9.119754574391038204e+00 9.119789672701287486e+00 9.294739030120835466e+00 9.294900243956114139e+00 9.664832309070829908e+00 9.664937154524363194e+00 1.130683459111701872e+01 1.130687025432299109e+01 1.211304424613924446e+01 1.211306244992788095e+01 1.342659641754209154e+01 1.342662310463031794e+01 1.532610430508588806e+01 1.532616425210746414e+01 1.856653528247806406e+01 1.856659782006945036e+01 2.292022955005680984e+01 2.292032202863183699e+01
3.871629360550406518e-01 3.550278183192472903e-01 3.550750137172449250e-01 1.290869016029485339e+00 1.291142699143676298e+00 2.873502867615869150e+00 2.873961415022694865e+00 4.208490996459921973e+00 4.208542970480518619e+00 6.346570582453473719e+00 6.346571952704799457e+00 7.602274357364873225e+00 7.602428414496876563e+00 9.127769060823370140e+00 9.127793286241182358e+00 9.291297305502492776e+00 9.291438184841183556e+00 9.657203587774320752e+00 9.657297407107693132e+00 1.130740641536152502e+01 1.130743704329782950e+01 1.211113596481274435e+01 1.211114952867001371e+01 1.342652374933688719e+01 1.342654718328644137e+01 1.532858051287345091e+01 1.532863286196994501e+01 1.856888608973696364e+01 1.856894091831804516e+01 2.291713099971086365e+01 2.291721065722200024e+01
3.886827058932517676e-01 3.268252332128725457e-01 3.268605796836614452e-01 1.282351242409324410e+00 1.282582217869092878e+00 2.864237303788490063e+00 2.864625254705439605e+00 4.207264773431382388e+00 4.207308206377832427e+00 6.349533494235284792e+00 6.349534507040272224e+00 7.603441703833037302e+00 7.603573334617606427e+00 9.134891847294733580e+00 9.134907650442286808e+00 9.288042705064675886e+00 9.288162217521186648e+00 9.650770572357547650e+00 9.650851714707824769e+00 1.130787766407825501e+01 1.130790322930890746e+01 1.210951680177429779e+01 1.210952634563387242e+01 1.342645825817405481e+01 1.342647818758181444e+01 1.533068098554290515e+01 1.533072529808723417e+01 1.857087381506642032e+01 1.857092038441705029e+01 2.291450138395977021e+01 2.291456804571292949e+01
3.902024757314628833e-01 3.014326472310990823e-01 3.014577285226772152e-01 1.275442469082869845e+00 1.275629168465096885e+00 2.856589513385707324e+00 2.856903750069825776e+00 4.206264118617835557e+00 4.206298926402468830e+00 6.351972473386360285e+00 6.351973158614389270e+00 7.604407416445385870e+00 7.604514893776642026e+00 9.141010224205890822e+00 9.141019889257400166e+00 9.285083536299211460e+00 9.285180725697067317e+00 9.645528989871595016e+00 9.645595942616051133e+00 1.130825457442300674e+01 1.130827505409176581e+01 1.210818904171574495e+01 1.210819523185976543e+01 1.342640214582509017e+01 1.342641835559820507e+01 1.533240345492623824e+01 1.533243935941849934e+01 1.857249955289463728e+01 1.857253739191091313e+01 2.291234509093063920e+01 2.291239860695587183e+01
3.917222455696739991e-01 2.798472843504971053e-01 2.798638475922999302e-01 1.270111059630650185e+00 1.270252212062956687e+00 2.850603575726275096e+00 2.850841543285634661e+00 4.205487911618850383e+00 4.205514044421888364e+00 6.353878639765728309e+00 6.353879047756834986e+00 7.605166780914815128e+00 7.605248677981720995e+00 9.145990596294314656e+00 9.145996149241407025e+00 9.282554793727673115e+00 9.282628750301853415e+00 9.641470225256389526e+00 9.641521679496449337e+00 1.130854248435374743e+01 1.130855786015692743e+01 1.210715450687961336e+01 1.210715804789955463e+01 1.342635718118869370e+01 1.342636949556434622e+01 1.533374608160487718e+01 1.533377327691528258e+01 1.857376419688413804e+01 1.857379292041468943e+01 2.291066572479412500e+01 2.291070597212453208e+01
3.932420154078851149e-01 2.632046809921834152e-01 2.632144604609170657e-01 1.266330263623537400e+00 1.266424905557238967e+00 2.846314298988285252e+00 2.846474045054651292e+00 4.204935308460841625e+00 4.204952739858293320e+00 6.355245100927333191e+00 6.355245298241106511e+00 7.605716014924189139e+00 7.605771234661620639e+00 9.149689504836507226e+00 9.149692516629748695e+00 9.280604707281217003e+00 9.280654592103177336e+00 9.638583860985082907e+00 9.638618772934483658e+00 1.130874569603667013e+01 1.130875595422455682e+01 1.210641458405375914e+01 1.210641621021447634e+01 1.342632471709419484e+01 1.342633300208408897e+01 1.533470744082741533e+01 1.533472569880825098e+01 1.857466843529095968e+01 1.857468774963443536e+01 2.290946609561244429e+01 2.290949298022261971e+01
3.947617852460962307e-01 2.526335814255299406e-01 2.526380397495582297e-01 1.264079786940367267e+00 1.264127270673997439e+00 2.843746777540692605e+00 2.843826983008573173e+00 4.204605721316053035e+00 4.204614439189673369e+00 6.356066942500214090e+00 6.356067006153631738e+00 7.606052321606489031e+00 7.606080119569964104e+00 9.151973875638429234e+00 9.151975237233386906e+00 9.279372026891497427e+00 9.279397162733259208e+00 9.636860197051994703e+00 9.636877839640851207e+00 1.130886736459829045e+01 1.130887249599001265e+01 1.210597024829225532e+01 1.210597071209829245e+01 1.342630570358663356e+01 1.342630986882829625e+01 1.533528651157708289e+01 1.533529567903167568e+01 1.857521274752501128e+01 1.857522245457124654e+01 2.290874821147342288e+01 2.290876166980240214e+01
3.962815550843073464e-01 2.490011982524068801e-01 2.490011982525152656e-01 1.263346928991919471e+00 1.263346928991956997e+00 2.842916066306892198e+00 2.842916066306928169e+00 4.204498803410110952e+00 4.204498803410127827e+00 6.356341225939972972e+00 6.356341225939972972e+00 7.606173929695769331e+00 7.606173929695779989e+00 9.152747550750994776e+00 9.152747550751005434e+00 9.278957245662619258e+00 9.278957245662633468e+00 9.636292382275327029e+00 9.636292382275335910e+00 1.130890941588633680e+01 1.130890941588634213e+01 1.210582211010540554e+01 1.210582211010540910e+01 1.342630069758391897e+01 1.342630069758392430e+01 1.533548266882996636e+01 1.533548266882997879e+01 1.857539740190094335e+01 1.857539740190095756e+01 2.290851327293594508e+01 2.290851327293596285e+01
3.962815550843073464e-01 2.490011982524068801e-01 2.490011982525152656e-01 1.263346928991919471e+00 1.263346928991956997e+00 2.842916066306892198e+00 2.842916066306928169e+00 4.204498803410110952e+00 4.204498803410127827e+00 6.356341225939972972e+00 6.356341225939972972e+00 7.606173929695769331e+00 7.606173929695779989e+00 9.152747550750994776e+00 9.152747550751005434e+00 9.278957245662619258e+00 9.278957245662633468e+00 9.636292382275327029e+00 9.636292382275335910e+00 1.130890941588633680e+01 1.130890941588634213e+01 1.210582211010540554e+01 1.210582211010540910e+01 1.342630069758391897e+01 1.342630069758392430e+01 1.533548266882996636e+01 1.533548266882997879e+01 1.857539740190094335e+01 1.857539740190095756e+01 2.290851327293594508e+01 2.290851327293596285e+01
3.972048309587282167e-01 2.486339104555463086e-01 2.486522127937649818e-01 1.263856646294291286e+00 1.263931292307072463e+00 2.842460477743178782e+00 2.842609793609364832e+00 4.204351803877630189e+00 4.204371162886833879e+00 6.355637993261852969e+00 6.355663310432644764e+00 7.606131827178511884e+00 7.606196774098523683e+00 9.152262936303001695e+00 9.152269095181292613e+00 9.279009051788284168e+00 9.279030065907809544e+00 9.636823794158788203e+00 9.636843160546264997e+00 1.130889761204783639e+01 1.130889960753760271e+01 1.210589435184225060e+01 1.210589486053523345e+01 1.342620921752866003e+01 1.342621942879857677e+01 1.533549339692363311e+01 1.533549642006734537e+01 1.857539068658435255e+01 1.857539517702968368e+01 2.290866468548322743e+01 2.290867641930914544e+01
3.981281068331490869e-01 2.475457467940361533e-01 2.475951512258077192e-01 1.265458123874125151e+00 1.265606463747415811e+00 2.841243438908307439e+00 2.841541604185428671e+00 4.203929957832864162e+00 4.203968605469146524e+00 6.353554345346346999e+00 6.353604866453796518e+00 7.606070640272402095e+00 7.606200211381143994e+00 9.150821299996215075e+00 9.150833514214699704e+00 9.279187055025314379e+00 9.279229563867202657e+00 9.638429605161524805e+00 9.638468152271199685e+00 1.130886404505509546e+01 1.130886822383662071e+01 1.210611137776665736e+01 1.210611244720517554e+01 1.342594512343701751e+01 1.342596554017702459e+01 1.533552859659590162e+01 1.533553463419909058e+01 1.857537503178319227e+01 1.857538402129125998e+01 2.290913045932417091e+01 2.290915394041753927e+01
3.990513827075699571e-01 2.457394634257020483e-01 2.458378775802902150e-01 1.268143501560666575e+00 1.268363658287087858e+00 2.839265715510943977e+00 2.839711798182224189e+00 4.203232574147202527e+00 4.203290369865766429e+00 6.350092369283986571e+00 6.350167868471935151e+00 7.605990566249944962e+00 7.606184118206293476e+00 9.148440479819571536e+00 9.148458556204506209e+00 9.279496140750399746e+00 9.279561074282710820e+00 9.641086770109176030e+00 9.641144135878843002e+00 1.130880846629455405e+01 1.130881517150974069e+01 1.210647262136174973e+01 1.210647434646034526e+01 1.342550881389703932e+01 1.342553942403463907e+01 1.533558823591716980e+01 1.533559727061010669e+01 1.857535044844573946e+01 1.857536395379460714e+01 2.290991001586451148e+01 2.290994527014379756e+01
3.999746585819908273e-01 2.432227899473722033e-01 2.433898237496112671e-01 1.271899562407212247e+00 1.272188787121740328e+00 2.836528426453525764e+00 2.837121030728681159e+00 4.202258473101750269e+00 4.202335206632662690e+00 6.345255511346139521e+00 6.345355651356306304e+00 7.605891824545981450e+00 7.606148397622523483e+00 9.145149494139642954e+00 9.145173174016802520e+00 9.279943647818765129e+00 9.280032327451072760e+00 9.644758462101171048e+00 9.644834125241358080e+00 1.130873053833465924e+01 1.130874021986699773e+01 1.210697716199779350e+01 1.210697966711834184e+01 1.342490095072754386e+01 1.342494173498391419e+01 1.533567225881498253e+01 1.533568426454035460e+01 1.857531695796379978e+01 1.857533500319395259e+01 2.291100239709512465e+01 2.291104946105605222e+01
4.008979344564116976e-01 2.400066411764822105e-01 2.402629890802625290e-01 1.276708034814258763e+00 1.277062782463680657e+00 2.833033041595633073e+00 2.833770310594322606e+00 4.201005979905729326e+00 4.201101371907065563e+00 6.339048585532936819e+00 6.339172919523905492e+00 7.605774655183538790e+00 7.606092979553846334e+00 9.140987498846278925e+00 9.141016486416186027e+00 9.280538194446057432e+00 9.280652256322561300e+00 9.649396289970837870e+00 9.649489592661424808e+00 1.130862983553317491e+01 1.130864300271321099e+01 1.210762372833442235e+01 1.210762715474162121e+01 1.342412245789275893e+01 1.342417338841195829e+01 1.533578058513068676e+01 1.533579552714151184e+01 1.857527459234180967e+01 1.857529720744604873e+01 2.291240626783475065e+01 2.291246518577278124e+01
4.018212103308325678e-01 2.361042597889331796e-01 2.364717289987485205e-01 1.282545996172367087e+00 1.282962019702321488e+00 2.828781378815153236e+00 2.829660998147368822e+00 4.199472915614912871e+00 4.199586618537629157e+00 6.331477785552873883e+00 6.331625759504959206e+00 7.605639317038876079e+00 7.606017821071558771e+00 9.136002317604756229e+00 9.136036306297347309e+00 9.281288480588612444e+00 9.281429789367553695e+00 9.654942964639106506e+00 9.655053137948113928e+00 1.130850584092621602e+01 1.130852302494983874e+01 1.210841070210282133e+01 1.210841519852767867e+01 1.342317451988161281e+01 1.342323555845694472e+01 1.533591311069792162e+01 1.533593094555673275e+01 1.857522339433038994e+01 1.857525061357358709e+01 2.291411991864384845e+01 2.291419073908037873e+01
4.027444862052534380e-01 2.315304786078817567e-01 2.320321704075823388e-01 1.289386355705959053e+00 1.289858813881201272e+00 2.823775600381233097e+00 2.824794802626509949e+00 4.197656585398712892e+00 4.197788184558381985e+00 6.322550700132731905e+00 6.322721655820989106e+00 7.605486085980191824e+00 7.605922906464875233e+00 9.130248620983980601e+00 9.130287313117557702e+00 9.282202302549219297e+00 9.282372864232693033e+00 9.661335102546184217e+00 9.661461291921865424e+00 1.130835794325385457e+01 1.130837966997953004e+01 1.210933612335051102e+01 1.210934183966258537e+01 1.342205857955051407e+01 1.342212967549169989e+01 1.533606970744301989e+01 1.533609038302387795e+01 1.857516341751971822e+01 1.857519527743980703e+01 2.291614126938963736e+01 2.291622404080341013e+01
4.036677620796742527e-01 2.263009125637509000e-01 2.269614661312578385e-01 1.297198391569639897e+00 1.297721965242390585e+00 2.818018208656765111e+00 2.819173778744145320e+00 4.195553764090950821e+00 4.195702778940314737e+00 6.312276331540739527e+00 6.312469510053755783e+00 7.605315252919194080e+00 7.605808247132765487e+00 9.123785899982978620e+00 9.123829017605975977e+00 9.283285903674062922e+00 9.283487783871706256e+00 9.668505896539953071e+00 9.668647185307090552e+00 1.130818543560893374e+01 1.130821220638457802e+01 1.211039769748440165e+01 1.211040478071197235e+01 1.342077633543017612e+01 1.342085742312278995e+01 1.533625022350694422e+01 1.533627367900227867e+01 1.857509472638969683e+01 1.857513126353779498e+01 2.291846787344299585e+01 2.291856263942249328e+01
4.045910379540951229e-01 2.204310428155810409e-01 2.212769358496006478e-01 1.305948316788390295e+00 1.306517328537185829e+00 2.811512041151900565e+00 2.812800322642521778e+00 4.193160678946106223e+00 4.193326564541621337e+00 6.300665117199695686e+00 6.300879662976978324e+00 7.605127121817271352e+00 7.605673881322931429e+00 9.116676415759581431e+00 9.116723703031015091e+00 9.284543671819035282e+00 9.284778923112115834e+00 9.676387461752819164e+00 9.676542891312147177e+00 1.130798751577019345e+01 1.130801979376941269e+01 1.211159280404566729e+01 1.211160139600673347e+01 1.341932973849868027e+01 1.341942073471328989e+01 1.533645448338871375e+01 1.533648064932316579e+01 1.857501739631531379e+01 1.857505864479616875e+01 2.292109692248779851e+01 2.292120371642941379e+01
4.055143138285159932e-01 2.139351733901080632e-01 2.149951009211747421e-01 1.315599850109623326e+00 1.316208382616842698e+00 2.804260264953714721e+00 2.805677167227522695e+00 4.190472989511548896e+00 4.190655138166174964e+00 6.287728954270270343e+00 6.287963919626489151e+00 7.604922007689185470e+00 7.605519873746501069e+00 9.108983297635433019e+00 9.109034516774709545e+00 9.285978117824759792e+00 9.286248717478564174e+00 9.684912750456707187e+00 9.685081336629519200e+00 1.130776328785122686e+01 1.130780148808029573e+01 1.211291850704624551e+01 1.211292874306787937e+01 1.341772098842495531e+01 1.341782178943759085e+01 1.533668228811011502e+01 1.533671108636386116e+01 1.857493151352734273e+01 1.857497750240182555e+01 2.292402525192365559e+01 2.292414409140367582e+01
4.064375897029368634e-01 2.068252277915767767e-01 2.081305984965609035e-01 1.326114770806473775e+00 1.326756780034974659e+00 2.796266370560339887e+00 2.797807376907818000e+00 4.187485764515876063e+00 4.187683507629894386e+00 6.273481227099088287e+00 6.273735577198927160e+00 7.604700234646272428e+00 7.605346315097547105e+00 9.100768915943239890e+00 9.100823839434379892e+00 9.287590038911442747e+00 9.287897836513934635e+00 9.694017005951035770e+00 9.694197751496298920e+00 1.130751176489884990e+01 1.130755624670912418e+01 1.211437156670496940e+01 1.211438357509093500e+01 1.341595252928851778e+01 1.341606300787644024e+01 1.533693341540157284e+01 1.533696475924575253e+01 1.857483717502948295e+01 1.857488792563878022e+01 2.292724934684312288e+01 2.292738022779018792e+01
4.073608655773577336e-01 1.991093247600714822e-01 2.006949355411751790e-01 1.337453440411815020e+00 1.338122860473723197e+00 2.787534165151117183e+00 2.789194341769995589e+00 4.184193455666260775e+00 4.184406065727459989e+00 6.257936837449689982e+00 6.258209455692830936e+00 7.604462134019034814e+00 7.605153321506067599e+00 9.092093596174505521e+00 9.092151997735292923e+00 9.289378775724607351e+00 9.289725449462411078e+00 9.703638780945510689e+00 9.703830684656189476e+00 1.130723187217480330e+01 1.130728293358396819e+01 1.211594845244846930e+01 1.211596235446826419e+01 1.341402704478314689e+01 1.341414704716049222e+01 1.533720761990900883e+01 1.533724141405602381e+01 1.857473448847445141e+01 1.857479001174160516e+01 2.293076534856403015e+01 2.293090823935316536e+01
4.082841414517786038e-01 1.907900258458321285e-01 1.926950080845157287e-01 1.349575278733308403e+00 1.350266116220337542e+00 2.778067765327127958e+00 2.779841771222836488e+00 4.180589868242929441e+00 4.180816560987302921e+00 6.241112237467585366e+00 6.241401931239545675e+00 7.604208042595097083e+00 7.604941033950961327e+00 9.083014685430812918e+00 9.083076331621800392e+00 9.291342494310249833e+00 9.291729514344059027e+00 9.713720578815948414e+00 9.713922641790286860e+00 1.130692245094421189e+01 1.130698032435735989e+01 1.211764535706224244e+01 1.211766126729502346e+01 1.341194745291335977e+01 1.341207679567039968e+01 1.533750463342178705e+01 1.533754077409324346e+01 1.857462357200182623e+01 1.857468386576105956e+01 2.293456906169764409e+01 2.293472389727821081e+01
4.092074173261994741e-01 1.818620707919164914e-01 1.841312562878154591e-01 1.362439185834632971e+00 1.363145602220462660e+00 2.767871589358807505e+00 2.769753687145901644e+00 4.176668128378985045e+00 4.176908065103208223e+00 6.223025465369736331e+00 6.223330972111439152e+00 7.603938301003742239e+00 7.604709617656539855e+00 9.073585942159994033e+00 9.073650585754704068e+00 9.293478450343288344e+00 9.293907047862450810e+00 9.724209190017715443e+00 9.724420419746179434e+00 1.130658226265469324e+01 1.130664711174283532e+01 1.211945821188803407e+01 1.211947623878288915e+01 1.340971690019440032e+01 1.340985536730191541e+01 1.533782416512137381e+01 1.533786254013650030e+01 1.857450455404119438e+01 1.857456960043911565e+01 2.293865596173195698e+01 2.293882263789127407e+01
4.101306932006203443e-01 1.723092843124602869e-01 1.749952355843011897e-01 1.376003905617731338e+00 1.376720287091555361e+00 2.756950348980041987e+00 2.758934416580012261e+00 4.172420646918966192e+00 4.172672936936211663e+00 6.203696183893550931e+00 6.204016177439911850e+00 7.603653252272683183e+00 7.604459261492507061e+00 9.063857197874497729e+00 9.063924573459981815e+00 9.295783214615205736e+00 9.296254355426498250e+00 9.735055796431995034e+00 9.735275209294806942e+00 1.130620999342658628e+01 1.130628191101362745e+01 1.212138270296706111e+01 1.212140294949210073e+01 1.340733875536745323e+01 1.340748609530445989e+01 1.533816590185092288e+01 1.533820639073818626e+01 1.857437757308409587e+01 1.857444733609072784e+01 2.294302120310861426e+01 2.294319957096066531e+01
4.110539690750412145e-01 1.621000954337366295e-01 1.652662254551365006e-01 1.390228329976590960e+00 1.390949344689936140e+00 2.745309040769454700e+00 2.747388583998224831e+00 4.167839079762006627e+00 4.168102782993405420e+00 6.183145721585575849e+00 6.183478818722337955e+00 7.603353240576416816e+00 7.604190177392874617e+00 9.053874232030922897e+00 9.053944053846539219e+00 9.298252853609662694e+00 9.298767215415335130e+00 9.746215908996303412e+00 9.746442531674485821e+00 1.130580425879706219e+01 1.130588326565711377e+01 1.212341428802890597e+01 1.212343685228569967e+01 1.340481660264283903e+01 1.340497252570182241e+01 1.533852950840563345e+01 1.533857198254013987e+01 1.857424277742837404e+01 1.857431720048942836e+01 2.294765962777066548e+01 2.294784948854706386e+01
4.119772449494620847e-01 1.511806366187075368e-01 1.549062003265599952e-01 1.405071745112473902e+00 1.405792388305587615e+00 2.732952937162286045e+00 2.735121103198281833e+00 4.162914284617354355e+00 4.163188414312245733e+00 6.161397117054046468e+00 6.161741884241755507e+00 7.603038610189576829e+00 7.603902599805278051e+00 9.043678803624764839e+00 9.043750765376953993e+00 9.300883067527401238e+00 9.301441020307535723e+00 9.757649192953442352e+00 9.757882063150166374e+00 1.130536360867488277e+01 1.130544965316830286e+01 1.212554821422320472e+01 1.212557318990603150e+01 1.340215423448499976e+01 1.340231841030412063e+01 1.533891462784372628e+01 1.533895895061284698e+01 1.857410032489832830e+01 1.857417932875431177e+01 2.295256577415702637e+01 2.295276687436482987e+01
4.129005208238828994e-01 1.394633907072244106e-01 1.438518909737097895e-01 1.420494023489693669e+00 1.421209651313208866e+00 2.719887577136250290e+00 2.722137168857313050e+00 4.157636274133776233e+00 4.157919799713390319e+00 6.138475166346731626e+00 6.138830126561775735e+00 7.602709704652095724e+00 7.603596785177384909e+00 9.033308790738118432e+00 9.033382567008082731e+00 9.303669292068082797e+00 9.304270881181620823e+00 9.769319223330745317e+00 9.769557390098407623e+00 1.130488653247102171e+01 1.130497949096029942e+01 1.212777953648837403e+01 1.212780701307393194e+01 1.339935564395410061e+01 1.339952769932081189e+01 1.533932088181823339e+01 1.533936690881762210e+01 1.857395038254391650e+01 1.857403386323610306e+01 2.295773388661744008e+01 2.295794591361669035e+01
4.138237966983037697e-01 1.268070471052785420e-01 1.320013693667725363e-01 1.436455766131723211e+00 1.437162119204943300e+00 2.706118756617184040e+00 2.708442247791693624e+00 4.151994165413121607e+00 4.152286015434054178e+00 6.114406473641530226e+00 6.114770113286495778e+00 7.602366866147626467e+00 7.603273011483512533e+00 9.022798398887726279e+00 9.022873647725889512e+00 9.306606771374386966e+00 9.307251703134204135e+00 9.781193202479611770e+00 9.781435726361202398e+00 1.130437146437725460e+01 1.130447114236868877e+01 1.213010313644774207e+01 1.213013319901186549e+01 1.339642501661930396e+01 1.339660453358449566e+01 1.533974787092938108e+01 1.533979545019128565e+01 1.857379312632176749e+01 1.857388095340043677e+01 2.296315792522146992e+01 2.296338050326443891e+01
4.147470725727246399e-01 1.129772510010315784e-01 1.191894840748956019e-01 1.452918400605178961e+00 1.453611618476794876e+00 2.691652518650589077e+00 2.694042069965104425e+00 4.145976125986770455e+00 4.146275191222661860e+00 6.089219505447674763e+00 6.089590281286896278e+00 7.602010435091217211e+00 7.602931577790831064e+00 9.012178408474975200e+00 9.012254774807825441e+00 9.309690609122124982e+00 9.310378238693465036e+00 9.793241662410597570e+00 9.793487615534424151e+00 1.130381678876938878e+01 1.130392292272738786e+01 1.213251374172128649e+01 1.213254647029623534e+01 1.339336672205993395e+01 1.339355323639649598e+01 1.534019517509755914e+01 1.534024414735303310e+01 1.857362874076055093e+01 1.857372075570662062e+01 2.296883157593257252e+01 2.296906426269679713e+01
4.156703484471455101e-01 9.755981648729110389e-02 1.051380136508192342e-01 1.469844240229897014e+00 1.470520867947842314e+00 2.676495143385653641e+00 2.678942619288161353e+00 4.139569316425156131e+00 4.139874453067896809e+00 6.062944648502984535e+00 6.063320994583906831e+00 7.601640749917565998e+00 7.602572803861415096e+00 9.001476439887417413e+00 9.001553559418123740e+00 9.312915803668440518e+00 9.313645125199485619e+00 9.805438167432342311e+00 9.805686633646692130e+00 1.130322084571622732e+01 1.130333310549548642e+01 1.213500594553875622e+01 1.213504141394688496e+01 1.339018530497114412e+01 1.339037830500548765e+01 1.534066235395694910e+01 1.534071255293314273e+01 1.857345741861303878e+01 1.857355343348084986e+01 2.297474826111797341e+01 2.297499054475651903e+01
4.165936243215663803e-01 7.972893345451870228e-02 8.933889817802723177e-02 1.487196509904384678e+00 1.487853497882391185e+00 2.660653137919455347e+00 2.663150124253941708e+00 4.132759829873379864e+00 4.133069862858128829e+00 6.035614271511639650e+00 6.035994606039054133e+00 7.601258147057654568e+00 7.602197029784386828e+00 8.990717221471465237e+00 8.990794724817398276e+00 9.316277271942265514e+00 9.317046910871349397e+00 9.817759027116068182e+00 9.818009102212529982e+00 1.130258193657897792e+01 1.130269992841744475e+01 1.213757422654026286e+01 1.213761250066637842e+01 1.338688547589121391e+01 1.338708440173123648e+01 1.534114894726959122e+01 1.534120020002297835e+01 1.857327936049682293e+01 1.857337915678277795e+01 2.298090115036358227e+01 2.298115244708829863e+01
4.175169001959872506e-01 5.738372298200670324e-02 7.071163879878379632e-02 1.504939343546405128e+00 1.505574041852176359e+00 2.644133226049466323e+00 2.646671048454108721e+00 4.125532628964063697e+00 4.125846355426186385e+00 6.007262790789722473e+00 6.007645522927095527e+00 7.600862961088165726e+00 7.601804615630273432e+00 8.979922850706582693e+00 8.980000367574527687e+00 9.319769865623102945e+00 9.320578073126938534e+00 9.830183025596980428e+00 9.830433817645014116e+00 1.130189832968962271e+01 1.130202159970266784e+01 1.214021296865165311e+01 1.214025410414504869e+01 1.338347210156835843e+01 1.338367634474628787e+01 1.534165447535983162e+01 1.534170660264581620e+01 1.857309477452535873e+01 1.857319810226478651e+01 2.298728317156318468e+01 2.298754282377005609e+01
4.184401760704081208e-01 1.836898468511693333e-02 4.604450344165018916e-02 1.523037757610675058e+00 1.523647905710955541e+00 2.626942337982951514e+00 2.629512081020747960e+00 4.117871480763151126e+00 4.118187673639453372e+00 5.977926739764540365e+00 5.978310276345268903e+00 7.600455525036233340e+00 7.601395941119045041e+00 8.969113042661728485e+00 8.969190205911500513e+00 9.323388382202265845e+00 9.324233031759279200e+00 9.842691170393063516e+00 9.842941800191363555e+00 1.130116826609963354e+01 1.130129630421343201e+01 1.214291648092555853e+01 1.214296052035101070e+01 1.337995019498548466e+01 1.338015909852939167e+01 1.534217843956917626e+01 1.534223125624807871e+01 1.857290387593099723e+01 1.857301045302358133e+01 2.299388702224957726e+01 2.299415429718981585e+01
4.193634519448289910e-01 -5.000425884942039101e-02 -2.550028918060071037e-02 1.541457604524689051e+00 1.542041317417490065e+00 2.609087600053146883e+00 2.611680127040334920e+00 4.109758890663115949e+00 4.110076302454613639e+00 5.947644842099215623e+00 5.948027594239906790e+00 7.600036170820135162e+00 7.600971405292361815e+00 8.958305362467507749e+00 8.958381811955437257e+00 9.327127572770759656e+00 9.328006158816915416e+00 9.855266461991469384e+00 9.855516063631249324e+00 1.130038996539403051e+01 1.130052220965442444e+01 1.214567901724401366e+01 1.214572598672718584e+01 1.337632490506194571e+01 1.337653776400511418e+01 1.534272032273127628e+01 1.534277363821028040e+01 1.857270688668119618e+01 1.857281639844373800e+01 2.300070518113638940e+01 2.300097927013195331e+01
4.202867278192498612e-01 -7.220043113341328977e-02 -5.748052290074196630e-02 1.560165509230854841e+00 1.560721260783502817e+00 2.590576324493732763e+00 2.593182297987913554e+00 4.101176036462706342e+00 4.101493403181614816e+00 5.916458087976403490e+00 5.916838477594634327e+00 7.599605229806088325e+00 7.600531426180933359e+00 8.947515440345538806e+00 8.947590826471987668e+00 9.330982147812516558e+00 9.331891786466213645e+00 9.867893684188739911e+00 9.868141405718160897e+00 1.129956163156851900e+01 1.129969747276042646e+01 1.214849479578538194e+01 1.214854470121976071e+01 1.337260150605225562e+01 1.337281756838529390e+01 1.534327958966689920e+01 1.534333320837715853e+01 1.857250403508914616e+01 1.857261613403301226e+01 2.300772991983814819e+01 2.300800993803629879e+01
4.212100036936707315e-01 -8.828195649161091341e-02 -7.639089895471953828e-02 1.579128791371618101e+00 1.579655395573237531e+00 2.571415999325577406e+00 2.574025902232124796e+00 4.092102704274867442e+00 4.092418749604413541e+00 5.884409812764204162e+00 5.884786279013754395e+00 7.599163033460725636e+00 7.600076440458029658e+00 8.936757168922579098e+00 8.936831155833166562e+00 9.334946781866619858e+00 9.335884213695861078e+00 9.880559214384076583e+00 9.880804218560598429e+00 1.129868145897014209e+01 1.129882024548217423e+01 1.215135801816566996e+01 1.215141084106443614e+01 1.336878538666227634e+01 1.336900385472870312e+01 1.534385568769872599e+01 1.534390940960632754e+01 1.857229555542034660e+01 1.857240986124995175e+01 2.301495331473676842e+01 2.301523830139492688e+01
4.221332795680916017e-01 -1.011822724891082437e-01 -9.077786654781147546e-02 1.598315375027047791e+00 1.598811965757073184e+00 2.551614278414326975e+00 2.554218435666442133e+00 4.082517228398741871e+00 4.082830668100785765e+00 5.851545776892495887e+00 5.851916782540288686e+00 7.598709914079349481e+00 7.599606903071170372e+00 8.926042883296689823e+00 8.926115151706779827e+00 9.339016117625146052e+00 9.339977712425310941e+00 9.893250852571616960e+00 9.893492317688451720e+00 1.129774763830471329e+01 1.129788868117387324e+01 1.215426288817294953e+01 1.215431858125960574e+01 1.336488203890470494e+01 1.336510207123685845e+01 1.534444804718574140e+01 1.534450166833490847e+01 1.857208168749530586e+01 1.857219778732285675e+01 2.302236725896371894e+01 2.302265617825276323e+01
4.230565554425124719e-01 -1.119892281367326214e-01 -1.025474684305959644e-01 1.617693687318085605e+00 1.618159697134000208e+00 2.531178971763611507e+00 2.533767572528334178e+00 4.072396437889743481e+00 4.072705984501736154e+00 5.817914245277362895e+00 5.818278283057276568e+00 7.598246205570397649e+00 7.599123286844745806e+00 8.915383524753501376e+00 8.915453774380734941e+00 9.343184769824866009e+00 9.344166533369437033e+00 9.905957667550799428e+00 9.906194788324409473e+00 1.129675836271628597e+01 1.129690094078869222e+01 1.215720363002149185e+01 1.215726211265764789e+01 1.336089704671618605e+01 1.336111776030443288e+01 1.534505608207678762e+01 1.534510939516325578e+01 1.857186267629024456e+01 1.857198012506151485e+01 2.302996347446610415e+01 2.303025521677785292e+01
4.239798313169333421e-01 -1.212528754672395209e-01 -1.125144573177535162e-01 1.637232546627718666e+00 1.637667684984366323e+00 2.510118036120377649e+00 2.512681156480026434e+00 4.061715613279098136e+00 4.062019981148480952e+00 5.783566064037586330e+00 5.783921663026919902e+00 7.597772244277931186e+00 7.598626082047880814e+00 8.904788789251837144e+00 8.904856740853444919e+00 9.347447329147389183e+00 9.348444911867543894e+00 9.918669858796258509e+00 9.918901847303342123e+00 1.129571183394622125e+01 1.129585519909131186e+01 1.216017450606086570e+01 1.216023565960922070e+01 1.335683607436001630e+01 1.335705654734463366e+01 1.534567919048312135e+01 1.534573198545527717e+01 1.857163877153610443e+01 1.857175709266092767e+01 2.303773352412733999e+01 2.303802690786968199e+01
4.249031071913542124e-01 -1.292989935871252383e-01 -1.211195764133807667e-01 1.656901040661238556e+00 1.657305271892388188e+00 2.488439565984877255e+00 2.490967192040787204e+00 4.050448457739788566e+00 4.050746368449913426e+00 5.748554731540681750e+00 5.748900463614839751e+00 7.597288369824748422e+00 7.598115795922718796e+00 8.894267261883815223e+00 8.894332658904277267e+00 9.351798366245381189e+00 9.352807073787474224e+00 9.931378632445236221e+00 9.931604719099462741e+00 1.129460626858107908e+01 1.129474965089916161e+01 1.216316983388248119e+01 1.216323349709877988e+01 1.335270485463944112e+01 1.335292412941099371e+01 1.534631675526952677e+01 1.534636881995457003e+01 1.857141022731684643e+01 1.857152891349776525e+01 2.304566882391291571e+01 2.304596259777434142e+01
4.258263830657750826e-01 -1.363406297091300512e-01 -1.286348538360172766e-01 1.676668394054068756e+00 1.677041915373044256e+00 2.466151785145743514e+00 2.468633836488880462e+00 4.038567087979267001e+00 4.038857276226095472e+00 5.712936459996231342e+00 5.713270946425190289e+00 7.596794925960382194e+00 7.597592952169851088e+00 8.883826538513723392e+00 8.883889148355532228e+00 9.356232435948232506e+00 9.357247241551313266e+00 9.944076089934144491e+00 9.944295524494728866e+00 1.129343990439998180e+01 1.129358251736568697e+01 1.216618400277352485e+01 1.216624996731408537e+01 1.334850917694763517e+01 1.334872626363824999e+01 1.534696814466347625e+01 1.534701926541552197e+01 1.857117730166815051e+01 1.857129581591988199e+01 2.305376065501286220e+01 2.305405350067626813e+01
4.267496589401959528e-01 -1.425270529446257817e-01 -1.352433093959388433e-01 1.696503824727828125e+00 1.696847044437798990e+00 2.443263038903879192e+00 2.445689392394938100e+00 4.026042051260228405e+00 4.026323271242058688e+00 5.676770222884529815e+00 5.677092141140551718e+00 7.596292261399649526e+00 7.597058090388826734e+00 8.873473335750047042e+00 8.873532950685348197e+00 9.360744081659316151e+00 9.361759640287782958e+00 9.956755127919898030e+00 9.956967180525975181e+00 1.129221100683359147e+01 1.129235205232110673e+01 1.216921148947428399e+01 1.216927949559707223e+01 1.334425487518257469e+01 1.334446875552716172e+01 1.534763271288187525e+01 1.534768267524869145e+01 1.857094025617682931e+01 1.857105803302888347e+01 2.306200017595431362e+01 2.306229071123888730e+01
4.276729348146168230e-01 -1.479683407552495611e-01 -1.410758887026166419e-01 1.716376387668834269e+00 1.716689903713058740e+00 2.419781787219037916e+00 2.422142301019094557e+00 4.012842376200424610e+00 4.013113408583525832e+00 5.640117782485770448e+00 5.640425873333897222e+00 7.595780730638844069e+00 7.596511765472843791e+00 8.863213590326841640e+00 8.863270028071733364e+00 9.365327839931595122e+00 9.366338504091382688e+00 9.969409348239892665e+00 9.969613310466222345e+00 1.129091787554739668e+01 1.129105654868711284e+01 1.217224687320084797e+01 1.217231660572840113e+01 1.333994781555575315e+01 1.334015744709898321e+01 1.534830980077500584e+01 1.534835839017982906e+01 1.857069935558223506e+01 1.857081580245639429e+01 2.307037843465793969e+01 2.307066521706628137e+01
4.285962106890376933e-01 -1.527489592313971134e-01 -1.462307240190896251e-01 1.736254804228589688e+00 1.736539383154637406e+00 2.395716599131187508e+00 2.398001136922907062e+00 3.998935666357792407e+00 3.999195325876973239e+00 5.603043690688896739e+00 5.603336765629617133e+00 7.595260694738424689e+00 7.595954546957918829e+00 8.853052548881422013e+00 8.853105652857466978e+00 9.369978245193440358e+00 9.370978082353463634e+00 9.982032976785985667e+00 9.982228162716875630e+00 1.128955885116308089e+01 1.128969434498331026e+01 1.217528484990034165e+01 1.217535593450350184e+01 1.333559388432608550e+01 1.333579820494786183e+01 1.534899873648683233e+01 1.534904573892144519e+01 1.857045486738003248e+01 1.857056936613419040e+01 2.307888638041358220e+01 2.307916791106055143e+01
4.295194865634585080e-01 -1.569358171431935456e-01 -1.507840735047469016e-01 1.756107274373255978e+00 1.756363830731824338e+00 2.371076149005852507e+00 2.373274604344844274e+00 3.984288247023651142e+00 3.984535390767619312e+00 5.565615255161405095e+00 5.565892204286339684e+00 7.594732522062139779e+00 7.595387018327618200e+00 8.842994849023334325e+00 8.843044488332708397e+00 9.374689834589014836e+00 9.375672646123323517e+00 9.994620790285106082e+00 9.994806537604658203e+00 1.128813232213191320e+01 1.128826383194373406e+01 1.217832024571000993e+01 1.217839224556235322e+01 1.333119897549165600e+01 1.333139690822060786e+01 1.534969883613116970e+01 1.534974403885638417e+01 1.857020706142931132e+01 1.857031897005859378e+01 2.308751487575243999e+01 2.308778960365096111e+01
4.304427624378793782e-01 -1.605833148353847384e-01 -1.547969506281773044e-01 1.775901268459553428e+00 1.776130844605424253e+00 2.345869215502479399e+00 2.347971536238784740e+00 3.968865377057168242e+00 3.969098913472025369e+00 5.527902461930678690e+00 5.528162262235867708e+00 7.594196588964572392e+00 7.594809776275685209e+00 8.833044592501043013e+00 8.833090661642938102e+00 9.379457152894609351e+00 9.380416494454737020e+00 1.000716805009004950e+01 1.000734372118756710e+01 1.128663673177435811e+01 1.128676345926232649e+01 1.218134802959642826e+01 1.218142044244114253e+01 1.332676897847362163e+01 1.332695943655543402e+01 1.535040940448300262e+01 1.535045259673248275e+01 1.856995620956368143e+01 1.857006486404947054e+01 2.309625470819318593e+01 2.309652103487163899e+01
4.313660383123002484e-01 -1.637366535202620099e-01 -1.583193527138750667e-01 1.795603293941224754e+00 1.795807040149094647e+00 2.320104684792810179e+00 2.322100897504089989e+00 3.952631538898858210e+00 3.952850437517532178e+00 5.489977844567998311e+00 5.490219568743989420e+00 7.593653280419764506e+00 7.594223429929087388e+00 8.823205411190608416e+00 8.823247829546936316e+00 9.384274757472208961e+00 9.385203960693722536e+00 1.001967044218434211e+01 1.001983542527445792e+01 1.128507058550021469e+01 1.128519174248648405e+01 1.218436332515395293e+01 1.218443558081770028e+01 1.332230976582885518e+01 1.332249165801330548e+01 1.535112973568414141e+01 1.535117070936744277e+01 1.856970258520690820e+01 1.856980730150412029e+01 2.310509660184248659e+01 2.310535288626745754e+01
4.322893141867211186e-01 -1.664340854886202092e-01 -1.613930725195352467e-01 1.815178630621417488e+00 1.815357785371285004e+00 2.293791560748233760e+00 2.295671795129513804e+00 3.935550820968190866e+00 3.935754122837301860e+00 5.451916289623598644e+00 5.452139115304897921e+00 7.593102990585401280e+00 7.593628600035067677e+00 8.813480526556242367e+00 8.813519237674771745e+00 9.389137223223773532e+00 9.390029418665923444e+00 1.003212402269659442e+01 1.003227773295403402e+01 1.128343245822322771e+01 1.128354727007775793e+01 1.218736142154555679e+01 1.218743287992766433e+01 1.331782718102916974e+01 1.331799941703716428e+01 1.535185911396254177e+01 1.535189766436324454e+01 1.856944646299413293e+01 1.856954653914663211e+01 2.311403122883031358e+01 2.311427579260801224e+01
4.332125900611419889e-01 -1.687084921694403938e-01 -1.640536333060741425e-01 1.834591025040696488e+00 1.834746895264256494e+00 2.266938987175170617e+00 2.268693500335901003e+00 3.917587407314190528e+00 3.917774236041393632e+00 5.413794767905467431e+00 5.413997987313627469e+00 7.592546123297960747e+00 7.593025918115974271e+00 8.803872803166120420e+00 8.803907773868678177e+00 9.394039147512380339e+00 9.394887288725250585e+00 1.004452516830022013e+01 1.004466704900926466e+01 1.128172100198385763e+01 1.128182871065847337e+01 1.219033778357178477e+01 1.219040773313187387e+01 1.331332702634702159e+01 1.331348852247655934e+01 1.535259681436429702e+01 1.535263274082910812e+01 1.856918811839875971e+01 1.856928283677265412e+01 2.312304922056293677e+01 2.312328035339208299e+01
4.341358659355628591e-01 -1.705885204272499789e-01 -1.663316601409552398e-01 1.853802328880787442e+00 1.853936269893761590e+00 2.239556292144809113e+00 2.241175492773859190e+00 3.898706189453389204e+00 3.898875762737178619e+00 5.375691981828534693e+00 5.375875011682228255e+00 7.591983092495357077e+00 7.592416025596023132e+00 8.794384796788644820e+00 8.794416016131194169e+00 9.398975155019972050e+00 9.399772043629461393e+00 1.005687053094617767e+01 1.005700005466493252e+01 1.127993495379328870e+01 1.128003482046285022e+01 1.219328806085657035e+01 1.219335571761935810e+01 1.330881505088913741e+01 1.330896473571683636e+01 1.535334210349751416e+01 1.535337521011222428e+01 1.856892782736629499e+01 1.856901645699045389e+01 2.313214117877775422e+01 2.313235714412627431e+01
4.350591418099836738e-01 -1.720994197328455932e-01 -1.682538764351476368e-01 1.872772054229307148e+00 1.872885449012175574e+00 2.211653075670137802e+00 2.213127548044410364e+00 3.878873514587902971e+00 3.879025156018327980e+00 5.337687920594533786e+00 5.337850312088012750e+00 7.591414322564561168e+00 7.591799572904342597e+00 8.785018797542702984e+00 8.785046275653003889e+00 9.403939902515178417e+00 9.404678214212712106e+00 1.006915699643865203e+01 1.006927366617805575e+01 1.127807314371135661e+01 1.127816445101058740e+01 1.219620809614107770e+01 1.219627260323341211e+01 1.330429693882101816e+01 1.330443375895397828e+01 1.535409424028703285e+01 1.535412433653534414e+01 1.856866586595516111e+01 1.856874766495820950e+01 2.314129768638520090e+01 2.314149672736291663e+01
4.359824176844045440e-01 -1.732636714917484555e-01 -1.698438442117781999e-01 1.891456790065813687e+00 1.891551027527621942e+00 2.183239389546679288e+00 2.184559917376455829e+00 3.858058082644503894e+00 3.858191233480008808e+00 5.299863317592771850e+00 5.300004766163282532e+00 7.590840248612597208e+00 7.591177218558754269e+00 8.775776868530837049e+00 8.775800635348106837e+00 9.408928083508362405e+00 9.409600394829322312e+00 1.008138164641857237e+01 1.008148499683579224e+01 1.127613450317010368e+01 1.127621655702032477e+01 1.219909393267890074e+01 1.219915436041113033e+01 1.329977829782670540e+01 1.329990122365782135e+01 1.535485247673921805e+01 1.535487937814058412e+01 1.856840250998547148e+01 1.856847672811811023e+01 2.315050931808485402e+01 2.315068966348405866e+01
4.369056935588254142e-01 -1.741014706618189689e-01 -1.711225247829455121e-01 1.909809347744972019e+00 1.909885799723380906e+00 2.154326133733209581e+00 2.155483723825668552e+00 3.836232001649632295e+00 3.836346232185857907e+00 5.262299008283407353e+00 5.262419362803920642e+00 7.590261316660209978e+00 7.590549628234881219e+00 8.766660880344765872e+00 8.766680984284080935e+00 9.413934432774537342e+00 9.414533248547087396e+00 1.009354172336723643e+01 1.009363132197269586e+01 1.127411807355407980e+01 1.127419020457956300e+01 1.220194182072834010e+01 1.220199716722946626e+01 1.329526464784930084e+01 1.329537267926791344e+01 1.535561605871564694e+01 1.535563958743838953e+01 1.856813803469589885e+01 1.856820391592744812e+01 2.315976665074411756e+01 2.315992652121993345e+01
4.378289694332462845e-01 -1.746311002731174289e-01 -1.721087108289488243e-01 1.927777263465762836e+00 1.927837260966764887e+00 2.124926032243625418e+00 2.125911937714402011e+00 3.813372006771988509e+00 3.813467026830003270e+00 5.225075191982782918e+00 5.225174462935953557e+00 7.589677983757899149e+00 7.589917473824775662e+00 8.757672541798179111e+00 8.757689048360894901e+00 9.418953730728144791e+00 9.419471512072366437e+00 1.010563459828379429e+01 1.010571004666061157e+01 1.127202301504775761e+01 1.127208457958722043e+01 1.220474822313912888e+01 1.220479741555312359e+01 1.329076141015865886e+01 1.329085358216752866e+01 1.535638422671456738e+01 1.535640421216076312e+01 1.856787271440972376e+01 1.856792949958747485e+01 2.316906027352926500e+01 2.316919788789162382e+01
4.387522453076671547e-01 -1.748692269025410306e-01 -1.728193646245007042e-01 1.945299368849206401e+00 1.945344182082286766e+00 2.095056466640590642e+00 2.095862207428988988e+00 3.789460842955969522e+00 3.789536510938163794e+00 5.188270607310817795e+00 5.188348973433274836e+00 7.589090718024936955e+00 7.589281432489479506e+00 8.748813427211462823e+00 8.748826417561001989e+00 9.423980807636764823e+00 9.424410000392917652e+00 1.011765774072616964e+01 1.011771867576023176e+01 1.126984861575943242e+01 1.126989899648377502e+01 1.220750982003319152e+01 1.220755171628171709e+01 1.328627389679312643e+01 1.328634928498227907e+01 1.535715621665943331e+01 1.535717249601828271e+01 1.856760682220989622e+01 1.856765375176978949e+01 2.317838079778007199e+01 2.317849437936924062e+01
4.396755211820880249e-01 -1.748311368561779322e-01 -1.732698865825452184e-01 1.962294440427015729e+00 1.962325295450376261e+00 2.064750140304153714e+00 2.065367501437721298e+00 3.764488804619488871e+00 3.764545134521803060e+00 5.151961638282732459e+00 5.152019451127258343e+00 7.588499998612440400e+00 7.588642185709582044e+00 8.740085000545704474e+00 8.740094570066322177e+00 9.429010547663651209e+00 9.429343611127720237e+00 1.012960869093629235e+01 1.012965478605452141e+01 1.126759430113046712e+01 1.126763290728356637e+01 1.221022351258067040e+01 1.221025690369576289e+01 1.328180730042269708e+01 1.328186502625072585e+01 1.535793126069296832e+01 1.535794367945956473e+01 1.856734062962401310e+01 1.856737694634114533e+01 2.318771886662034731e+01 2.318780664973817451e+01
4.405987970565088951e-01 -1.745309272281412027e-01 -1.734743312694209394e-01 1.978595648312079014e+00 1.978614166607281621e+00 2.034119795110705731e+00 2.034540523828094472e+00 3.738455418728506174e+00 3.738492584467766555e+00 5.116221375607436173e+00 5.116259161466081729e+00 7.587906315591863127e+00 7.588000418337468744e+00 8.731488636659461733e+00 8.731494893513824351e+00 9.434037892731344854e+00 9.434267328576019906e+00 1.014148503379773203e+01 1.014151600021161848e+01 1.126525964363765553e+01 1.126528591092264975e+01 1.221288642587454554e+01 1.221291003890287286e+01 1.327736668468054226e+01 1.327740592051455515e+01 1.535870858797597016e+01 1.535871700043275112e+01 1.856707440631942774e+01 1.856709935808676448e+01 2.319706516429818066e+01 2.319712540066749540e+01
4.415220729309297654e-01 -1.739816621490858362e-01 -1.734455832531347774e-01 1.992279440079752550e+00 1.992314506440929112e+00 2.005028507737663723e+00 2.005217463382996890e+00 3.711371250126278998e+00 3.711389586550257746e+00 5.081118664958236941e+00 5.081137123632371022e+00 7.587310169770982604e+00 7.587356817654971053e+00 8.723025639939967490e+00 8.723028703639460701e+00 9.439057846201114543e+00 9.439176227460880142e+00 1.015328437439730003e+01 1.015329996234786947e+01 1.126284437279599437e+01 1.126285776293493157e+01 1.221549591090898446e+01 1.221550841238737917e+01 1.327295697500924376e+01 1.327297694887563395e+01 1.535948742548955614e+01 1.535949169514793411e+01 1.856680841980896801e+01 1.856682126243270758e+01 2.320641042525107167e+01 2.320644139047591992e+01
4.424453488053506356e-01 -1.731955018536547042e-01 -1.731955018533700708e-01 1.969859770071759497e+00 1.969859770071798577e+00 2.010895933213373787e+00 2.010895933213386222e+00 3.683259800723416078e+00 3.683259800723420962e+00 5.046717179913987827e+00 5.046717179913997597e+00 7.586712072439516064e+00 7.586712072439526722e+00 8.714697260540797075e+00 8.714697260540800627e+00 9.444065476364645662e+00 9.444065476364661649e+00 1.016500431498324275e+01 1.016500431498324808e+01 1.126034838546836880e+01 1.126034838546837058e+01 1.221804954566859358e+01 1.221804954566859713e+01 1.326858295006731581e+01 1.326858295006731936e+01 1.536026699883990077e+01 1.536026699883991675e+01 1.856654293516743337e+01 1.856654293516744758e+01 2.321574544289158126e+01 2.321574544289159547e+01
4.433686246797715058e-01 -1.727350415234828185e-01 -1.721838102741646837e-01 1.937796990180468804e+00 1.938011354329033376e+00 2.024954636893202764e+00 2.024969318887977376e+00 3.654141774546398658e+00 3.654159467304303632e+00 5.013057130906144465e+00 5.013074560997972995e+00 7.586066872041854481e+00 7.586112545047049238e+00 8.706501782770700970e+00 8.706504708440185425e+00 9.448930340856398047e+00 9.449055919746461640e+00 1.017662667719879366e+01 1.017664243313071282e+01 1.125775787765192071e+01 1.125777175648784834e+01 1.222053119207490290e+01 1.222054513533817577e+01 1.326422861208564541e+01 1.326424923373954279e+01 1.536104214653011546e+01 1.536104653306396273e+01 1.856626465216320909e+01 1.856627821475939299e+01 2.322502845550387818e+01 2.322506107811137710e+01
4.442919005541923760e-01 -1.720743529305575059e-01 -1.709572454953442455e-01 1.905040945945970510e+00 1.905479024099369312e+00 2.038392297224497440e+00 2.038418577354905725e+00 3.624090913053336749e+00 3.624125516128292368e+00 4.980207978870351049e+00 4.980241662942819225e+00 7.585421905477792492e+00 7.585512118815939786e+00 8.698443459458202298e+00 8.698449165517601500e+00 9.453766186312964948e+00 9.454024384216772603e+00 1.018816462382273080e+01 1.018819626094145825e+01 1.125508652632304241e+01 1.125511474959781211e+01 1.222295133664290923e+01 1.222298071164468070e+01 1.325991846442519773e+01 1.325996028779293567e+01 1.536181637378737186e+01 1.536182525343549088e+01 1.856598668909745697e+01 1.856601451797831359e+01 2.323428140790550600e+01 2.323434826750110460e+01
4.452151764286132463e-01 -1.712228685940673512e-01 -1.695258363812398583e-01 1.871798655651409238e+00 1.872466987103102110e+00 2.050904975543414110e+00 2.050942511864930484e+00 3.593181416286261420e+00 3.593232025380684647e+00 4.948213318742939570e+00 4.948261949446277619e+00 7.584777860536321192e+00 7.584911334292367968e+00 8.690523460637471942e+00 8.690531795831292428e+00 9.458568480437502757e+00 9.458966151916103016e+00 1.019961566548581722e+01 1.019966326511938703e+01 1.125233481712426098e+01 1.125237782871438519e+01 1.222530819515307599e+01 1.222535453134573658e+01 1.325565687096184497e+01 1.325572040521728034e+01 1.536258891748626176e+01 1.536260238626983288e+01 1.856570932117468686e+01 1.856575210099748929e+01 2.324349536952546913e+01 2.324359803128631441e+01
4.461384523030341165e-01 -1.701893760504004094e-01 -1.678990479509379352e-01 1.838114983560008575e+00 1.839019383061039736e+00 2.062338401469484328e+00 2.062387447702315413e+00 3.561508126362010529e+00 3.561573737161677577e+00 4.917108909760750990e+00 4.917171068149491120e+00 7.584135422905995405e+00 7.584310740838605014e+00 8.682742945952286462e+00 8.682753754265405632e+00 9.463332795480503989e+00 9.463876581993870829e+00 1.021097722940014663e+01 1.021104082777659450e+01 1.124950344597570329e+01 1.124956166951462322e+01 1.222760021231589711e+01 1.222766507388200452e+01 1.325144802352239992e+01 1.325153370428617450e+01 1.536335901656253533e+01 1.536337715972652873e+01 1.856543282284909324e+01 1.856549121653270262e+01 2.325266150715317437e+01 2.325280148097871802e+01
4.470617281774549867e-01 -1.689820808535878460e-01 -1.660858375110974561e-01 1.804010651120008246e+00 1.805156420909719950e+00 2.072548468505130970e+00 2.072609635249532456e+00 3.529188211686730359e+00 3.529267746423919494e+00 4.886922450868751433e+00 4.886996628784765484e+00 7.583495275321191720e+00 7.583710896069955965e+00 8.675103071889910922e+00 8.675116193702175238e+00 9.468054810170057678e+00 9.468751113164369571e+00 1.022224664072760092e+01 1.022232622783689138e+01 1.124659333092929003e+01 1.124666717135344740e+01 1.222982605912499032e+01 1.222991103821334491e+01 1.324729593617774093e+01 1.324740412337068030e+01 1.536412591276475936e+01 1.536414880460852928e+01 1.856515746754841345e+01 1.856523211361697889e+01 2.326177109215596062e+01 2.326194982674436318e+01
4.479850040518758569e-01 -1.676086612252407904e-01 -1.640947031316774274e-01 1.769499826843651924e+00 1.770891794827029742e+00 2.081382218606898427e+00 2.081456398302350852e+00 3.496362593336471036e+00 3.496454931637148267e+00 4.857673570907108385e+00 4.857758195316803196e+00 7.582858096729479414e+00 7.583112365239749408e+00 8.667604997687083923e+00 8.667620270862929743e+00 9.472730311358978028e+00 9.473585266084104006e+00 1.023342110441561381e+01 1.023351662291516462e+01 1.124360562440754663e+01 1.124369546951052889e+01 1.223198462939637565e+01 1.223209133886203404e+01 1.324320444029234700e+01 1.324333541653347446e+01 1.536488885140139971e+01 1.536491655515697730e+01 1.856488352739926739e+01 1.856497503738734878e+01 2.327081550739247007e+01 2.327103438449025674e+01
4.489082799262967272e-01 -1.660763157881175733e-01 -1.619337257283536835e-01 1.734594292740728516e+00 1.736236816640158942e+00 2.088672428421554539e+00 2.088760743165983147e+00 3.463196984106643672e+00 3.463300997361853817e+00 4.829374031345811780e+00 4.829467489736661179e+00 7.582224561481045733e+00 7.582515720575948137e+00 8.660249890039070308e+00 8.660267150950080151e+00 9.477355195397768384e+00 9.478374645555533107e+00 1.024449768738909938e+01 1.024460903156213654e+01 1.124054172582797406e+01 1.124064794776720611e+01 1.223407503551628928e+01 1.223420510118966398e+01 1.323917718035918867e+01 1.323933114992699878e+01 1.536564708208256924e+01 1.536567964984029366e+01 1.856461127295438018e+01 1.856472022888387841e+01 2.327978625382543854e+01 2.328004658267212790e+01
4.498315558007175419e-01 -1.643918055261806010e-01 -1.596106057599040728e-01 1.699304786933840905e+00 1.701201749392003082e+00 2.094235389617292942e+00 2.094339138970999770e+00 3.429882361812357505e+00 3.429996949842643250e+00 4.802028126503923744e+00 4.802128792413570935e+00 7.581595338540856766e+00 7.581921540573069329e+00 8.653038926732723013e+00 8.653058011212035439e+00 9.481925469242941773e+00 9.483114942562361094e+00 1.025547330099841048e+01 1.025560031577509967e+01 1.123740329461051601e+01 1.123752625131130323e+01 1.223609660342289551e+01 1.223625165593771413e+01 1.323521761064384350e+01 1.323539469901353804e+01 1.536639985945586773e+01 1.536643733213677621e+01 1.856434097292203234e+01 1.856446792486079289e+01 2.328867495683808286e+01 2.328897796882650795e+01
4.507548316751384121e-01 -1.625614908977671969e-01 -1.571326953630574896e-01 1.663641527433786349e+00 1.665796328566871987e+00 2.097870145724306301e+00 2.097990750054604892e+00 3.396634635821065729e+00 3.396758763901607914e+00 4.775633255142704314e+00 4.775739512940752718e+00 7.580971090723905625e+00 7.581330409243093094e+00 8.645973299314793081e+00 8.645994043543119290e+00 9.486437251311318875e+00 9.487801936142478354e+00 1.026634468363423380e+01 1.026648716368627667e+01 1.123419226356138090e+01 1.123433229996441796e+01 1.223804886685049098e+01 1.223823053306518993e+01 1.323132899265682738e+01 1.323152924662018215e+01 1.536714644393526541e+01 1.536718885130923162e+01 1.856407289389801818e+01 1.856421835760983541e+01 2.329747337225889936e+01 2.329782021583090312e+01
4.516781075495592823e-01 -1.605913648399227289e-01 -1.545070265811936128e-01 1.627614445174309754e+00 1.630029994715116670e+00 2.099359002741843394e+00 2.099497941248369415e+00 3.363693196506889027e+00 3.363825929852295005e+00 4.750180629123737397e+00 4.750290897283456992e+00 7.580352473953587022e+00 7.580742915329087062e+00 8.639054214897727846e+00 8.639076456221484790e+00 9.490886772091291945e+00 9.492431495104611372e+00 1.027710838343229049e+01 1.027726607235259948e+01 1.123091085262188038e+01 1.123106830172300441e+01 1.223993156086820733e+01 1.224014145492047945e+01 1.322751439346751390e+01 1.322773778183545801e+01 1.536788610242267694e+01 1.536793346317104714e+01 1.856380730010060276e+01 1.856397175479574102e+01 2.330617339210033379e+01 2.330656512789644452e+01
4.526013834239801525e-01 -1.584870822771903831e-01 -1.517403362332033212e-01 1.591233298098356563e+00 1.593912007961256094e+00 2.098469550915535109e+00 2.098628294090295388e+00 3.331317978250539547e+00 3.331458509914297483e+00 4.725656080078620924e+00 4.725768832347410964e+00 7.579740136543023254e+00 7.580159651485391947e+00 8.632282897196899896e+00 8.632306474879623437e+00 9.495270374522659651e+00 9.496999579595305718e+00 1.028776074100326454e+01 1.028793333058307979e+01 1.122756158296407847e+01 1.122773676659874020e+01 1.224174461474874498e+01 1.224198432878796439e+01 1.322377668486708480e+01 1.322402309974868295e+01 1.536861810902134451e+01 1.536867043084245488e+01 1.856354445310852697e+01 1.856372833930369737e+01 2.331476705001724881e+01 2.331520464629790368e+01
4.535246592984010228e-01 -1.562539866288659152e-01 -1.488390878620280688e-01 1.554507731171496099e+00 1.557451508806776408e+00 2.094958561808227149e+00 2.095138498515399572e+00 3.299784647589401043e+00 3.299932314751982787e+00 4.702040923834313269e+00 4.702154707918415610e+00 7.579134718498953482e+00 7.579581213428219222e+00 8.625660586885404157e+00 8.625685342794119137e+00 9.499584514157039195e+00 9.501502242522883890e+00 1.029829787213741099e+01 1.029848500175433834e+01 1.122414729140756684e+01 1.122434052073729660e+01 1.224348814420588560e+01 1.224375923885344797e+01 1.322011854338199655e+01 1.322038780202684727e+01 1.536934174574034095e+01 1.536939902549605286e+01 1.856328461160269327e+01 1.856348832909873536e+01 2.332324652649180763e+01 2.332373085484646680e+01
4.544479351728218930e-01 -1.538971337254003702e-01 -1.458094911280436168e-01 1.517447309728692684e+00 1.520657552445885186e+00 2.088578096250489402e+00 2.088780456748914105e+00 3.269377591266113381e+00 3.269531874710312813e+00 4.679312844309253094e+00 4.679426297910719512e+00 7.578536850847410911e+00 7.579008199060501383e+00 8.619188541345545573e+00 8.619214320574183574e+00 9.503825759111245830e+00 9.505935630845348427e+00 1.030871565044913751e+01 1.030891690658064164e+01 1.122067114512132413e+01 1.122088272078536875e+01 1.224516244304286339e+01 1.224546643763543585e+01 1.321654245113295723e+01 1.321683429831751511e+01 1.537005630318958538e+01 1.537011852709071391e+01 1.856302803111154276e+01 1.856325193709685450e+01 2.333160415375138541e+01 2.333213598511065001e+01
4.553712110472427632e-01 -1.514213134722264820e-01 -1.426575189426335377e-01 1.480061538793325804e+00 1.483539129148570446e+00 2.079083976624655161e+00 2.079309754865657833e+00 3.240380570087788570e+00 3.240541073107424896e+00 4.657446763041902749e+00 4.657558627309948740e+00 7.577947154980376965e+00 7.578441207574989846e+00 8.612868033889208519e+00 8.612894685321455412e+00 9.507990789826132882e+00 9.510295986729094153e+00 1.031900968994456136e+01 1.031922460582277168e+01 1.121713665656268510e+01 1.121736686846461772e+01 1.224676797425709829e+01 1.224710633693270445e+01 1.321305069752825467e+01 1.321336480846020223e+01 1.537076108126487917e+01 1.537082822509314006e+01 1.856277496376064917e+01 1.856301937104765543e+01 2.333983242042687323e+01 2.334041242139166172e+01
4.562944869216636334e-01 -1.488310695383052717e-01 -1.393889225837256773e-01 1.442359874622692884e+00 1.446105176923380808e+00 2.066246427616277970e+00 2.066496308679451221e+00 3.213065252801800664e+00 3.213231659403951390e+00 4.636415666573125982e+00 4.636524797250451968e+00 7.577366242022296916e+00 7.577880838539568842e+00 8.606700352513442454e+00 8.606727729327666054e+00 9.512076398643651842e+00 9.514579648585423044e+00 1.032917532751615397e+01 1.032940338294126015e+01 1.121354769859012634e+01 1.121379682529663313e+01 1.224830536064944297e+01 1.224867949834088598e+01 1.320964538177391212e+01 1.320998136548263524e+01 1.537145538982197657e+01 1.537152741918584731e+01 1.856252565802657628e+01 1.856279083342824521e+01 2.334792397595903424e+01 2.334855270545948258e+01
4.572177627960845037e-01 -1.461307173057626863e-01 -1.360092449884930665e-01 1.404351731760309141e+00 1.408364589717612025e+00 2.049862198233381338e+00 2.050136499002533697e+00 3.187678330955721950e+00 3.187850348613887164e+00 4.616191370706227204e+00 4.616296747467247386e+00 7.576794712215027872e+00 7.577327690968743035e+00 8.600686798251704346e+00 8.600714758370724411e+00 9.516079489215014675e+00 9.518783051991954736e+00 1.033920760539228034e+01 1.033944822672365227e+01 1.120990851966807966e+01 1.121017682740496468e+01 1.224977537498910962e+01 1.225018662339341624e+01 1.320632841617679176e+01 1.320668581935223251e+01 1.537213854933943757e+01 1.537221541996117580e+01 1.856228035849554914e+01 1.856256652134820229e+01 2.335587163476032657e+01 2.335654954105591585e+01
4.581410386705053739e-01 -1.433243602671012973e-01 -1.325238323710777322e-01 1.366046487400104814e+00 1.370326222946674610e+00 2.029766942895527393e+00 2.030065574932693906e+00 3.164428446046489540e+00 3.164605743743484467e+00 4.596745207454255855e+00 4.596845942161182919e+00 7.576233154319834462e+00 7.576782362385484859e+00 8.594828683176054085e+00 8.594857089664559524e+00 9.519997075752758775e+00 9.522902730505672153e+00 1.034910125359767719e+01 1.034935381394372556e+01 1.120622375905955970e+01 1.120651150029805088e+01 1.225117892978762590e+01 1.225162854338378970e+01 1.320310153021087984e+01 1.320347984144778586e+01 1.537280989156951172e+01 1.537289154960039639e+01 1.856203930562689308e+01 1.856234662646524569e+01 2.336366838014064484e+01 2.336439579817165679e+01
4.590643145449262441e-01 -1.404159050291545197e-01 -1.289378442762059429e-01 1.327453484095767910e+00 1.331998897377350000e+00 2.005846233834066794e+00 2.006168695920830025e+00 3.143474562784920767e+00 3.143656718126520921e+00 4.578048626676094912e+00 4.578143971550387548e+00 7.575682145034606130e+00 7.576245447877514749e+00 8.589127328100715886e+00 8.589156049513233526e+00 9.523826282139577160e+00 9.526935316374592233e+00 1.035885067251356162e+01 1.035911449214381186e+01 1.120249846187497766e+01 1.120280587350960033e+01 1.225251706673724428e+01 1.225300620892766190e+01 1.319996627531124567e+01 1.320036492971110142e+01 1.537346876017656783e+01 1.537355514253729716e+01 1.856180273552164195e+01 1.856213133491115741e+01 2.337130736800467190e+01 2.337208451710400681e+01
4.599875904193471143e-01 -1.374090750514186665e-01 -1.252562621412052768e-01 1.288582031427543795e+00 1.293391401971383914e+00 1.978043496867555984e+00 1.978388900611623757e+00 3.124917501121484253e+00 3.125103968965200263e+00 4.560073709628075456e+00 4.560163066695395173e+00 7.575142248424493907e+00 7.575717539152352131e+00 8.583584060033077279e+00 8.583612970715250867e+00 9.527564340906694795e+00 9.530877541154710642e+00 1.036844991566380969e+01 1.036872426266949709e+01 1.119873809381326524e+01 1.119906539494035869e+01 1.225379094587076345e+01 1.225432067932399605e+01 1.319692403035478101e+01 1.319734241443357980e+01 1.537411451136238405e+01 1.537420554610546830e+01 1.856157087969660680e+01 1.856192082722795433e+01 2.337878193032958407e+01 2.337960891230234850e+01
4.609108662937679846e-01 -1.343074232179601035e-01 -1.214838963951601764e-01 1.249441406997628956e+00 1.254512496056267690e+00 1.946363528349949634e+00 1.946730654477154321e+00 3.108795973063396723e+00 3.108986082443528254e+00 4.542793595734088363e+00 4.542876529412847475e+00 7.574614015363744457e+00 7.575199223595333820e+00 8.578200209413989086e+00 8.578229189759944973e+00 9.531208592094506216e+00 9.534726236238885377e+00 1.037789267289796413e+01 1.037817676413063950e+01 1.119494855539249833e+01 1.119529594470606426e+01 1.225500183450062153e+01 1.225557311177475661e+01 1.319397600778193969e+01 1.319441346462852138e+01 1.537474651447803176e+01 1.537484212116893723e+01 1.856134396486385896e+01 1.856171527831337897e+01 2.338608557843105018e+01 2.338696237600833783e+01
4.618341421681887993e-01 -1.311143433187885454e-01 -1.176253920789437635e-01 1.210040856983595647e+00 1.215370911049470148e+00 1.910871016412755585e+00 1.911258393691175117e+00 3.095087703117660904e+00 3.095280681498162600e+00 4.526182826789026947e+00 4.526259082215458918e+00 7.574097982986629063e+00 7.574691083335231667e+00 8.572977107185586476e+00 8.573006043854054070e+00 9.534756482007919587e+00 9.538478333304038159e+00 1.038717225419202528e+01 1.038746525651358965e+01 1.119113619542207871e+01 1.119150384825057998e+01 1.225615109599598540e+01 1.225676475052249081e+01 1.319112326030934668e+01 1.319157909493638670e+01 1.537536415262146683e+01 1.537546424273526036e+01 1.856112221271618168e+01 1.856151485737589368e+01 2.339321200602605799e+01 2.339413848169784416e+01
4.627574180426096695e-01 -1.278330804911993746e-01 -1.136852329152972241e-01 1.170389596391672393e+00 1.175975351875576669e+00 1.871684429809282069e+00 1.872090424911683648e+00 3.083715267595712017e+00 3.083910284787621414e+00 4.510217614687689114e+00 4.510287145275354348e+00 7.573594674144803029e+00 7.574193694321862402e+00 8.567916081721378418e+00 8.567944867813155341e+00 9.538205561878692507e+00 9.542130864682910385e+00 1.039628157434597178e+01 1.039658260622799801e+01 1.118730782341584096e+01 1.118769588842994445e+01 1.225724017845601921e+01 1.225789691596382447e+01 1.318836668817921876e+01 1.318884017300696421e+01 1.537596682322081598e+01 1.537607130055100590e+01 1.856090583971829489e+01 1.856131972789817652e+01 2.340015509210114431e+01 2.340113098733191777e+01
4.636806939170305397e-01 -1.244667406518907005e-01 -1.096677436978992226e-01 1.130496809096626087e+00 1.136334498161495565e+00 1.828966446238589505e+00 1.829389352320871964e+00 3.074555475221417922e+00 3.074751695930610929e+00 4.494876039959563307e+00 4.494939048372549095e+00 7.573104596868607707e+00 7.573707625420553313e+00 8.563018455650285077e+00 8.563046990849558782e+00 9.541553486447069687e+00 9.545680963666629992e+00 1.040521313892224242e+01 1.040552127243774372e+01 1.118347072058483782e+01 1.118387931621174403e+01 1.225827060333749863e+01 1.225897099379594479e+01 1.318570704688860928e+01 1.318619742730042255e+01 1.537655393860242903e+01 1.537666269967875010e+01 1.856069505690428656e+01 1.856113004760901930e+01 2.340690890359410403e+01 2.340793383842365571e+01
4.646039697914514099e-01 -1.210182989172164936e-01 -1.055770907668467373e-01 1.090371647716344317e+00 1.096457005257022610e+00 1.782912530336024259e+00 1.783350644456364931e+00 3.067450669550785491e+00 3.067647303900529199e+00 4.480138189652898006e+00 4.480195185252983769e+00 7.572628243829318428e+00 7.573233437528175571e+00 8.558285542603234930e+00 8.558313733285284997e+00 9.544798012474331017e+00 9.549125864743722047e+00 1.041395903184221972e+01 1.041427329509902933e+01 1.117963264898057218e+01 1.118006185956558518e+01 1.225924395409338885e+01 1.225998842425059365e+01 1.318314495533859443e+01 1.318365145524699145e+01 1.537712492654357455e+01 1.537723786105551582e+01 1.856049006968132531e+01 1.856094596846308420e+01 2.341346769789755555e+01 2.341454117092790810e+01
4.655272456658722802e-01 -1.174906069850292084e-01 -1.014172802362896947e-01 1.050023233343730267e+00 1.056351505103544364e+00 1.733739271599929133e+00 1.734190955080580521e+00 3.062220331719769373e+00 3.062416676078565381e+00 4.465986245990920089e+00 4.466038114604818254e+00 7.572166091799512166e+00 7.572771682715965902e+00 8.553718643908556629e+00 8.553746403216386796e+00 9.547936997197993492e+00 9.552462903781433923e+00 1.042251090513807732e+01 1.042283028521015176e+01 1.117580185828322037e+01 1.117625173004344497e+01 1.226016186487740711e+01 1.226095069146771444e+01 1.318068090434188733e+01 1.318120273170435297e+01 1.537767923080928334e+01 1.537779622203219354e+01 1.856029107763967900e+01 1.856076763662780493e+01 2.341982592519271122e+01 2.342094731396100116e+01
4.664505215402931504e-01 -1.138863994167748361e-01 -9.719215346456513971e-02 1.009460655134974738e+00 1.016026606951297762e+00 1.681673754333962378e+00 1.682137474284810530e+00 3.058671700282085570e+00 3.058867164605883815e+00 4.452404543441537577e+00 4.452452604574888007e+00 7.571718601108171853e+00 7.572322903404059780e+00 8.549319045259812455e+00 8.549346293152378706e+00 9.550968396740998401e+00 9.555689518154826700e+00 1.043085997144395449e+01 1.043118341786502512e+01 1.117198708964703258e+01 1.117245762646612306e+01 1.226102600936785514e+01 1.226185931305802157e+01 1.317831526542603449e+01 1.317885161765110347e+01 1.537821631167275704e+01 1.537833723689355558e+01 1.856009827436940895e+01 1.856059519247728318e+01 2.342597823062126139e+01 2.342714679235711728e+01
4.673737974147140206e-01 -1.102082987076214021e-01 -9.290537902491471933e-02 9.686929697348354296e-01 9.754908979088783294e-01 1.626944738456933770e+00 1.627419091860267342e+00 3.056608619630365009e+00 3.056802740918216355e+00 4.439379617827125202e+00 4.439425610241309883e+00 7.571286215087391192e+00 7.571887631573162025e+00 8.545088013377515779e+00 8.545114676652479702e+00 9.553890264485731976e+00 9.558803246828759370e+00 1.043899699990186214e+01 1.043932342879533337e+01 1.116819757592693207e+01 1.116868873504309256e+01 1.226183808976062117e+01 1.226271582989976494e+01 1.317604829986873405e+01 1.317659836905488824e+01 1.537873564641920332e+01 1.537886037735873757e+01 1.855991184728356558e+01 1.856042877059232055e+01 2.343191945630339390e+01 2.343313432906794347e+01
4.682970732891348908e-01 -1.064588189894821735e-01 -8.856044009938333905e-02 9.277292004974337924e-01 9.347529432888278533e-01 1.569775951811753334e+00 1.570259675402310595e+00 3.055838308871372089e+00 3.056030752573321241e+00 4.426900257880095779e+00 4.426946184932317507e+00 7.570869359507321761e+00 7.571466388018612825e+00 8.541026792684206725e+00 8.541052804978470192e+00 9.556700749423622909e+00 9.561801730397890609e+00 1.044691231625107086e+01 1.044724061518102509e+01 1.116444303752007094e+01 1.116495472516291798e+01 1.226259982597888332e+01 1.226352179621170180e+01 1.317388016790198435e+01 1.317444314585468845e+01 1.537923672983260381e+01 1.537936513306199160e+01 1.855973197744813064e+01 1.856026849976614912e+01 2.343764464320975804e+01 2.343890484741238822e+01
4.692203491635557611e-01 -1.026403681164725634e-01 -8.416061568614671695e-02 8.865783364365064090e-01 8.938212866920484112e-01 1.510381433234660786e+00 1.510873403022195971e+00 3.056176106533621706e+00 3.056366658802850189e+00 4.414957523207695189e+00 4.415005370921607053e+00 7.570468441996001552e+00 7.571059681651991724e+00 8.537136602010445330e+00 8.537161903782376271e+00 9.559398094490740405e+00 9.564682711089609768e+00 1.045459580796179289e+01 1.045492484160264901e+01 1.116073367296684182e+01 1.116126574000202964e+01 1.226331294514340975e+01 1.226427876993974664e+01 1.317181093802216729e+01 1.317238602099781986e+01 1.537971907466502230e+01 1.537985101201335425e+01 1.855955883941883755e+01 1.856011450301547683e+01 2.344314903289482999e+01 2.344445347318247030e+01
4.701436250379766313e-01 -9.875524780193366270e-02 -7.970895324323747089e-02 8.452493308052213550e-01 8.527044497449214333e-01 1.448962650044678169e+00 1.449461874102976111e+00 3.057448463847478592e+00 3.057637017697260262e+00 4.403544670491410074e+00 4.403596135436870007e+00 7.570083851441295586e+00 7.570668008855354181e+00 8.533418631347434058e+00 8.533443169845414289e+00 9.561980634899116538e+00 9.567444032734259807e+00 1.046203693535819745e+01 1.046236555209541486e+01 1.115708014337309884e+01 1.115763238101705213e+01 1.226397917134354287e+01 1.226498830349061997e+01 1.316984059634465787e+01 1.317042698947410884e+01 1.538018221208829495e+01 1.538031754103938376e+01 1.855939260108482358e+01 1.855996689759611584e+01 2.344842806909931454e+01 2.344977553661186320e+01
4.710669009123975015e-01 -9.480565130813654873e-02 -7.520822912973192109e-02 8.037510991591564347e-01 8.114109313642541288e-01 1.385707024099151363e+00 1.386212631593903399e+00 3.059494550147844105e+00 3.059681088230532531e+00 4.392656994823489036e+00 4.392713351269812883e+00 7.569715957372401327e+00 7.570291852892356843e+00 8.529874038660663516e+00 8.529897767883687365e+00 9.564446796473635715e+00 9.570083640707226280e+00 1.046922474974671502e+01 1.046955178933842134e+01 1.115349354964606476e+01 1.115406568531701481e+01 1.226460021574535375e+01 1.226565193484135818e+01 1.316796905594295097e+01 1.316856597729189993e+01 1.538062569212749686e+01 1.538076426620352422e+01 1.855923342351910676e+01 1.855982579502257224e+01 2.345347739922845065e+01 2.345486657421282928e+01
4.719901767868183717e-01 -9.079365799739436138e-02 -7.066089121507049264e-02 7.620925166855404553e-01 7.699492063667178199e-01 1.320787497796459098e+00 1.321298726453624450e+00 3.062166837593632618e+00 3.062351413765007635e+00 4.382291652931344039e+00 4.382353760074252591e+00 7.569365109319639018e+00 7.569931683379558685e+00 8.526503946777024723e+00 8.526526827434501854e+00 9.566795094003468947e+00 9.572599581846887418e+00 1.047614791961314040e+01 1.047647222206320805e+01 1.114998540148932982e+01 1.115057709486511683e+01 1.226517776706913487e+01 1.226627117904889630e+01 1.316619616611453125e+01 1.316680285034309605e+01 1.538104908407632898e+01 1.538119075320650886e+01 1.855908146083620380e+01 1.855969130109135179e+01 2.345829287571338639e+01 2.345972233048757971e+01
4.729134526612392420e-01 -8.672122373951816898e-02 -6.606897469515493615e-02 7.202824144804192974e-01 7.283277231571622101e-01 1.254362816583374007e+00 1.254879000093831909e+00 3.065330987794497641e+00 3.065513709048759861e+00 4.372447507252958054e+00 4.372515883128633263e+00 7.569031636153114029e+00 7.569587955819567782e+00 8.523309440356735323e+00 8.523331439836541179e+00 9.569024129617170971e+00 9.574990004352569528e+00 1.048279476596590598e+01 1.048311518178387125e+01 1.114656757708804058e+01 1.114717841644572616e+01 1.226571348246454285e+01 1.226684752017969338e+01 1.316452172151821642e+01 1.316513742310726620e+01 1.538145197689360266e+01 1.538159658776618244e+01 1.855893686005671128e+01 1.855956351590720033e+01 2.346287055726218540e+01 2.346433875951955272e+01
4.738367285356600567e-01 -8.259016571225305525e-02 -6.143397642596047648e-02 6.783295742868182820e-01 6.865549000931869816e-01 1.186578268509270950e+00 1.187098824805612463e+00 3.068865299298725535e+00 3.069046309147920759e+00 4.363124984747213553e+00 4.363199888598776610e+00 7.568715845403329645e+00 7.569261111194588665e+00 8.520291562959926068e+00 8.520312655315985140e+00 9.571132591189545735e+00 9.577253157665953864e+00 1.048915330787170319e+01 1.048946870992486602e+01 1.114325227244597194e+01 1.114388177136334868e+01 1.226620897880744465e+01 1.226738240367482469e+01 1.316294547113044011e+01 1.316356946714804543e+01 1.538183397958109211e+01 1.538198137597732185e+01 1.855879976097879336e+01 1.855944253391169596e+01 2.346720671000687020e+01 2.346871202644995691e+01
4.747600044100809269e-01 -7.840213944002959179e-02 -5.675666289693053618e-02 6.362427209490501001e-01 6.446391199185234067e-01 1.117566686176736157e+00 1.118091107124329353e+00 3.072659910270184369e+00 3.072839374225003528e+00 4.354325934095164996e+00 4.354407434031689839e+00 7.568418022571454351e+00 7.568951575615034066e+00 8.517451314216339497e+00 8.517471480190168975e+00 9.573119250788593604e+00 9.579387392339649310e+00 1.049521131913856919e+01 1.049552061633789179e+01 1.114005193942486294e+01 1.114069953392900736e+01 1.226666582443866638e+01 1.226787722916192003e+01 1.316146712697090493e+01 1.316209871935811471e+01 1.538219472154211687e+01 1.538234474465107660e+01 1.855867029605688145e+01 1.855932844391391967e+01 2.347129780855269132e+01 2.347283850884470624e+01
4.756832802845017971e-01 -7.415860481579557295e-02 -5.203676794608319556e-02 5.940305114009321041e-01 6.025887213126595032e-01 1.047449573024801461e+00 1.047977415830509518e+00 3.076615894135797724e+00 3.076793987620519921e+00 4.346053472376419258e+00 4.346141495136718547e+00 7.568138430442695075e+00 7.568659760011278159e+00 8.514789647105406090e+00 8.514808874199598421e+00 9.574982963169992090e+00 9.581391159896158527e+00 1.050095639693894256e+01 1.050125855004390019e+01 1.113697921169696947e+01 1.113764425794956381e+01 1.226708553136074720e+01 1.226833334372119566e+01 1.316008637255151470e+01 1.316072488991276579e+01 1.538253385292086683e+01 1.538268634163430271e+01 1.855854859028726622e+01 1.855922132912231959e+01 2.347514053693544156e+01 2.347671479795676674e+01
4.766065561589226673e-01 -6.986077611078435334e-02 -4.727249906219244818e-02 5.517015182672521112e-01 5.604119860315351920e-01 9.763382610795111605e-01 9.768691416231098934e-01 3.080644340689766114e+00 3.080821239479340168e+00 4.338311819027831362e+00 4.338406185219654709e+00 7.567877308425546623e+00 7.568386059848287495e+00 8.512307465352733971e+00 8.512325747978795931e+00 9.576722664326347001e+00 9.583263012680237836e+00 1.050637604291769378e+01 1.050667008279600445e+01 1.113404681806637520e+01 1.113472859067947773e+01 1.226746954790556110e+01 1.226875203560955718e+01 1.315880287100540436e+01 1.315944766989497161e+01 1.538285104492211097e+01 1.538300583610871541e+01 1.855843476110094414e+01 1.855912126717770150e+01 2.347873178949231843e+01 2.348033769988827757e+01
4.775298320333435376e-01 -6.550954808358523673e-02 -4.245969344959528435e-02 5.092642048530411358e-01 5.181171191185282021e-01 9.043350412073222211e-01 9.048686295424487325e-01 3.084665480988305841e+00 3.084841354076927722e+00 4.331106117931375898e+00 4.331206566887023435e+00 7.567634871950991382e+00 7.568130854830505960e+00 8.510005620947779903e+00 8.510022960675852843e+00 9.578337370098104486e+00 9.585001603707720363e+00 1.051145775699052010e+01 1.051174280572410602e+01 1.113126748295321100e+01 1.113196517403115138e+01 1.226781925188162425e+01 1.226913452844296870e+01 1.315761627285672297e+01 1.315826673855882056e+01 1.538314599011118844e+01 1.538330291887005252e+01 1.855832891826331377e+01 1.855902833018645026e+01 2.348206867165163558e+01 2.348370423665703655e+01
4.784531079077644078e-01 -6.110538539988490808e-02 -3.759029059620979524e-02 4.667268858991590608e-01 4.757122178713451000e-01 8.315342310580257079e-01 8.320702495450640335e-01 3.088607889775606186e+00 3.088782894461780337e+00 4.324442249549528938e+00 4.324548457090563680e+00 7.567411311981543598e+00 7.567894508549185772e+00 8.507884911786941728e+00 8.507901317730095059e+00 9.579826174852371423e+00 9.586605686513287594e+00 1.051618914360360257e+01 1.051646443888339277e+01 1.112865381427250178e+01 1.112936653327529335e+01 1.226813594420773335e+01 1.226948197583508815e+01 1.315652622339487365e+01 1.315718177020104029e+01 1.538341840269411342e+01 1.538357730258734435e+01 1.855823116378101290e+01 1.855894258475371572e+01 2.348514850064641024e+01 2.348681164717145009e+01
4.793763837821852780e-01 -5.664815390625769359e-02 -3.264935781591546404e-02 4.240976638823956146e-01 4.332052218829284818e-01 7.580231621948236853e-01 7.585613872258291090e-01 3.092407782131954441e+00 3.092582061026844187e+00 4.318326635452707229e+00 4.318438226869737662e+00 7.567206794698652317e+00 7.567677368005578664e+00 8.505946079445619645e+00 8.505961568816074347e+00 9.581188250235593173e+00 9.588074114999741937e+00 1.052055802970593135e+01 1.052082295298412618e+01 1.112621817947290559e+01 1.112694495399277450e+01 1.226842084303571490e+01 1.226979545648682191e+01 1.315553236962041872e+01 1.315619244061384485e+01 1.538366801877744017e+01 1.538382872204221208e+01 1.855814159181572620e+01 1.855886409201607989e+01 2.348796880615616445e+01 2.348965738811764226e+01
4.802996596566061482e-01 -5.213685638947541945e-02 -2.760870562707365417e-02 3.813843213158506495e-01 3.906038298257050734e-01 6.838830780526368169e-01 6.844233473835563686e-01 3.096008409628749014e+00 3.096182089254662539e+00 4.312766037899248950e+00 4.312882597689960740e+00 7.567021461457583698e+00 7.567479762922418196e+00 8.504189807084056696e+00 8.504204405960111401e+00 9.582422844005689555e+00 9.589405843291103793e+00 1.052455259310378111e+01 1.052480670192759682e+01 1.112397257111917348e+01 1.112471234865356173e+01 1.226867507836385052e+01 1.227007596972039671e+01 1.315463436673323550e+01 1.315529843309544411e+01 1.538389459660803382e+01 1.538405693434862975e+01 1.855806028860512669e+01 1.855879290767338219e+01 2.349052733088150902e+01 2.349223913476231829e+01
4.812229355310270185e-01 -4.756920468876123936e-02 -2.241116978540561716e-02 3.385941293858065748e-01 3.479153547387568435e-01 6.091899393102543359e-01 6.097321693239664553e-01 3.099359553928303868e+00 3.099532744565509645e+00 4.307767357472258141e+00 4.307888436858164027e+00 7.566855429118525045e+00 7.567302004736831123e+00 8.502616717494486664e+00 8.502630461831339304e+00 9.583529278948695662e+00 9.590599925591593689e+00 1.052816149926893274e+01 1.052840456401720104e+01 1.112192846408078317e+01 1.112268011487184616e+01 1.226889968713954282e+01 1.227032443144920038e+01 1.315383188413639459e+01 1.315449944399725091e+01 1.538409791679233685e+01 1.538426171915292962e+01 1.855798733239054954e+01 1.855872908201896010e+01 2.349282203105542521e+01 2.349455478167492828e+01
4.821462114054478887e-01 -4.294089715230151039e-02 -1.692277042957092414e-02 2.957334864126560658e-01 3.051464583945331932e-01 5.340151325723574427e-01 5.345593552212201116e-01 3.102417111263283900e+00 3.102589907719593754e+00 4.303337432151549180e+00 4.303462555050765914e+00 7.566708790874681512e+00 7.567144385155261332e+00 8.501227371304155511e+00 8.501240308201383655e+00 9.584506951884455006e+00 9.591655516052332686e+00 1.053137404412630218e+01 1.053160608885499450e+01 1.112009666709293754e+01 1.112085898808442330e+01 1.226909560884896067e+01 1.227054167057396583e+01 1.315312461093255436e+01 1.315379518778984647e+01 1.538427778249517885e+01 1.538444287881443096e+01 1.855792279335193840e+01 1.855867265996847593e+01 2.349485107689471519e+01 2.349660244337172088e+01
4.830694872798687589e-01 -3.824433238613450525e-02 -1.071592771807870249e-02 2.528071797208736871e-01 2.623026291912322061e-01 4.584260678922476573e-01 4.589725111105105171e-01 3.105142758689182436e+00 3.105315241700082662e+00 4.299482841559127522e+00 4.299611509470068427e+00 7.566581617694066786e+00 7.567007174155595983e+00 8.500022265361391050e+00 8.500034454552992003e+00 9.585355332765685077e+00 9.592571868647565836e+00 1.053418029994527139e+01 1.053440164597823880e+01 1.111848717213606008e+01 1.111925889207337725e+01 1.226926368158970249e+01 1.227072842579512013e+01 1.315251226089244518e+01 1.315318540163213967e+01 1.538443401961797186e+01 1.538460023856668180e+01 1.855786673354949556e+01 1.855862368108644489e+01 2.349661285299506730e+01 2.349838045488471394e+01
4.839927631542896291e-01 -3.346615981747114166e-02 3.501603245488407214e-03 2.098167185371306864e-01 2.193870613363602673e-01 3.824866147254682991e-01 3.830358911804631061e-01 3.107503691801804191e+00 3.107675929815072013e+00 4.296209720409930988e+00 4.296341416517011957e+00 7.566473960458852233e+00 7.566890617353491777e+00 8.499001831352188674e+00 8.499013346796724377e+00 9.586073963874186532e+00 9.593348337061895492e+00 1.053657126129242450e+01 1.053678257026209231e+01 1.111710900567863725e+01 1.111788879134733143e+01 1.226940463862201192e+01 1.227088534283080712e+01 1.315199457687761786e+01 1.315266984943053608e+01 1.538456647695609902e+01 1.538473364665937737e+01 1.855781920687233111e+01 1.855858217961045042e+01 2.349810595867266727e+01 2.349988737225799795e+01
4.849160390287104438e-01 -2.858218249273197092e-02 9.740433075900601506e-03 1.667560144188549587e-01 1.763979487664018575e-01 3.062571996160684540e-01 3.068108098381833182e-01 3.109472423340186253e+00 3.109644474490294463e+00 4.293523585378670404e+00 4.293657778097000666e+00 7.566385852814986990e+00 7.566794932721884415e+00 8.498166434720847207e+00 8.498177366028066615e+00 9.586662459117414770e+00 9.593984374589831887e+00 1.053853898809176926e+01 1.053874129811689109e+01 1.111597008628297978e+01 1.111675654984550476e+01 1.226951910539339785e+01 1.227101297203028984e+01 1.315157133470245832e+01 1.315224832537709609e+01 1.538467502633554673e+01 1.538484297448118809e+01 1.855778025899402195e+01 1.855854818447276244e+01 2.349932920825498073e+01 2.350112197297342931e+01
4.858393149031313141e-01 -2.354537063578367867e-02 1.153677419136599387e-02 1.235977148820390781e-01 1.333207813783103823e-01 2.297938488979133498e-01 2.303558119501515622e-01 3.111026632477275289e+00 3.111198546608478388e+00 4.291429179615130707e+00 4.291565325729439273e+00 7.566317314629588786e+00 7.566720306766987925e+00 8.497516373988418081e+00 8.497526827235867941e+00 9.587120503428417706e+00 9.594479534048865332e+00 1.054007674300230413e+01 1.054027148784527412e+01 1.111507709332250116e+01 1.111586880067510386e+01 1.226960759703179349e+01 1.227111176637318657e+01 1.315124234642251544e+01 1.315192065695749513e+01 1.538475956272863954e+01 1.538492811666350235e+01 1.855774992733503126e+01 1.855852171931901395e+01 2.350028163132292036e+01 2.350208325630768869e+01
4.867625907775521843e-01 -1.825206794921633083e-02 1.127475238447898931e-02 8.023329996904898787e-02 9.010015639504431739e-02 1.531422302639615096e-01 1.537263332647713365e-01 3.112149055463493408e+00 3.112320876112084633e+00 4.289930338974611956e+00 4.290067886486483850e+00 7.566268355806186285e+00 7.566666890411840818e+00 8.497051880551280689e+00 8.497061977884024842e+00 9.587447852271568038e+00 9.594833467707038821e+00 1.054117912003787616e+01 1.054136811781852501e+01 1.111443535155284401e+01 1.111523083158504654e+01 1.226967051630206385e+01 1.227118207984552356e+01 1.315100746303883561e+01 1.315168670742154333e+01 1.538482000434880703e+01 1.538498899116519603e+01 1.855772824103198460e+01 1.855850280252376550e+01 2.350096247290629137e+01 2.350277044362216827e+01
4.876858666519730545e-01 -1.241298181227190080e-02 8.792404755523229240e-03 3.594615929810690558e-02 4.647880487178680103e-02 7.628669131991809571e-02 7.697546641768773790e-02 3.112827409515669608e+00 3.112999175807746433e+00 4.289029883662494491e+00 4.289168274433198924e+00 7.566238980058765939e+00 7.566634794987042056e+00 8.496773118962137161e+00 8.496782996367295837e+00 9.587644331255969377e+00 9.595045927225738680e+00 1.054184215986878392e+01 1.054202755820396753e+01 1.111404873598197973e+01 1.111484649058404628e+01 1.226970815202170328e+01 1.227122416618509959e+01 1.315086657660980585e+01 1.315154637771040136e+01 1.538485629272436839e+01 1.538502553933849271e+01 1.855771522091382764e+01 1.855849144720281174e+01 2.350137119363428084e+01 2.350318297858719063e+01
4.886091425263939247e-01 -1.569503660805618775e-02 -8.055889565250155815e-03 -4.284149221035728899e-03 -3.379331529985346976e-07 1.867364342064977897e-07 3.187721425115691248e-07 3.113054343353824027e+00 3.113226091813507956e+00 4.288729538424144394e+00 4.288868210682006854e+00 7.566229188145085160e+00 7.566624088829076555e+00 8.496680187536773232e+00 8.496689990500501111e+00 9.587709835858285956e+00 9.595116763618433353e+00 1.054206344433341513e+01 1.054224761606514704e+01 1.111391960089035713e+01 1.111471811552115341e+01 1.226972067793198029e+01 1.227123817798991823e+01 1.315081962176399699e+01 1.315149960783606353e+01 1.538486839275116935e+01 1.538503772597589503e+01 1.855771087948470210e+01 1.855848766122203486e+01 2.350150746984207473e+01 2.350332052734145449e+01
