  10   80
1 1
     0.217109111758500    -0.006277456744227    -0.061165436896976
    -0.006277456744227     0.224357694440721    -0.035313881457567
    -0.061165436896976    -0.035313881457567     0.178392903504108
1 2
     0.000482126516512     0.000663132567274    -0.000964932681406
     0.000663132567274     0.000316983370910     0.001515606954062
    -0.000964932681406     0.001515606954062    -0.003075321445132
1 3
     0.000932558806647     0.000403075363313     0.000830087783667
     0.000403075363313    -0.000133448919225    -0.001593459692070
     0.000830087783667    -0.001593459692070    -0.003075321445133
1 4
     0.000528660473612     0.004758845214902    -0.001203308913773
     0.004758845214902    -0.004966380658099    -0.000694730725285
    -0.001203308913773    -0.000694730725285     0.002457581272493
1 5
    -0.002869172178255    -0.002403137447727     0.005236132728782
    -0.002403137447727    -0.000094268073567     0.003023082640476
     0.005236132728782     0.003023082640476    -0.007587869008378
1 6
    -0.005195913425944     0.000319863457608     0.000421239997165
     0.000319863457608     0.001674436022097    -0.000596413787597
     0.000421239997165    -0.000596413787597     0.001194152828121
1 7
     0.000233858540118    -0.002815016848637    -0.000305889492645
    -0.002815016848637    -0.003755335943965     0.000663011432433
    -0.000305889492645     0.000663011432433     0.001194152828121
1 8
    -0.001074116635854     0.000320350070106     0.001408245920933
     0.000320350070106    -0.001444025034277     0.000813051161536
     0.001408245920933     0.000813051161536    -0.002095873265460
1 9
     0.005184841189097     0.003445958223476    -0.004587436324877
     0.008865539031476    -0.004960188377753     0.018690521621252
    -0.009152208034848     0.012433878402039    -0.017140437121748
1 10
    -0.007754965676746    -0.004024842753779    -0.015344158581158
     0.001394738054221     0.007979618488089     0.001709105457881
    -0.018480184696426    -0.005372424415038    -0.017140437121752
1 11
     0.000073839343332     0.001620996185994     0.000259738797573
     0.000682806348421    -0.002487629056166    -0.002112215770389
    -0.000679231758351    -0.000495352438245     0.000094130230239
1 12
    -0.002479175019725     0.004154980391131     0.002564909375707
     0.003431183987281    -0.006956392776066    -0.003867410083578
     0.004725808824232    -0.008892144574237    -0.004751175094085
1 13
    -0.009121993871476     0.000319747138893     0.010063727507529
    -0.000404049264954    -0.000313573924316     0.000353401791904
     0.004631730067084    -0.000287571635977    -0.004751175094085
1 14
    -0.002844837716345    -0.000064102800089     0.000089371916171
    -0.001002292637660     0.000431048003510     0.000835908176911
     0.001959101914217     0.000831167488149     0.000094130230240
1 15
    -0.000143013056402    -0.001934333178762    -0.001511727176522
    -0.002289398136864    -0.002099657601594    -0.001319804627225
    -0.001126531424404     0.000385341828258     0.000950043293896
1 16
     0.000218432843750    -0.001725652291012    -0.000896981524614
    -0.002080717249114    -0.002461103501746     0.000782933917566
     0.000387120746948     0.001969096452071     0.000950043293896
1 17
    -0.020377117689007    -0.017135359969503    -0.005589162124579
    -0.008187059212336     0.000124767402416     0.000559401072538
     0.003142550594818     0.005077267303343     0.006336218762680
1 18
     0.000031968973991    -0.000738611561008     0.001774614803039
    -0.000484020457018     0.000441039616075     0.001860941022528
     0.000613170267093     0.000127652319003    -0.003793833458040
1 19
    -0.001047454222502     0.001024033146071     0.003054252581806
    -0.001276562743199    -0.001193252253383     0.000520050588515
     0.001076749269995    -0.002905085619675    -0.004162835094778
1 20
    -0.003195603159293     0.000241156121659    -0.000087651149117
    -0.002638017279556    -0.004579431594014    -0.001597901566003
     0.001339997774347     0.000874858904807     0.001262298222656
1 21
     0.000702756168194     0.000828245155919     0.000976078505511
     0.000743394124509     0.001610142529818     0.001333921903660
    -0.000667171002479    -0.001512269733690    -0.003596947053844
1 22
    -0.038547941529071     0.026495340640640     0.001521007564312
     0.028663530529835    -0.006701952410597    -0.001185322754559
     0.001787023399295    -0.000724569812765     0.013103461068718
1 23
     0.005964225277936    -0.001927178516720    -0.002825767169089
     0.007021122240440    -0.026216575564522    -0.005260162299462
    -0.003279036602009     0.004560655849480     0.006336218762679
1 24
     0.000868187149100    -0.000255820772507     0.000196034982439
    -0.000001229668518    -0.000395178559034    -0.000594847187650
    -0.000724314798935    -0.002467332012627    -0.003793833458041
1 25
    -0.015965633018817     0.019682331831363    -0.005968317763906
     0.010734031074196    -0.004286717267773     0.000182894996119
     0.002310125522567    -0.005120056922022     0.006336218762679
1 26
     0.002063835710630    -0.000042425515706     0.001643249507990
     0.000042425515705     0.000249062987382     0.000178347830030
    -0.001643249507990     0.000178347830031    -0.003596947053844
1 27
    -0.000190643237991     0.000610086340495    -0.000417135284655
     0.000355495236505     0.000663651828058     0.000467194868646
    -0.002498929601974     0.000606390990099    -0.003793833458040
1 28
     0.009221042148639     0.001084094944595    -0.000266015834976
    -0.001084094944599    -0.054470936088291     0.001909892567317
     0.000266015834977     0.001909892567310     0.013103461068719
1 29
    -0.001266151268823    -0.001150297944635     0.001977503311810
     0.001150297944634    -0.000974555207062     0.002385035031159
    -0.001977503311810     0.002385035031160    -0.004162835094777
1 30
    -0.015965633018819    -0.010734031074200    -0.002310125522568
    -0.019682331831359    -0.004286717267774    -0.005120056922022
     0.005968317763902     0.000182894996117     0.006336218762678
1 31
    -0.005271345811376    -0.001439586700608    -0.001427648923464
     0.001439586700607    -0.002503688941931     0.000723042661195
     0.001427648923464     0.000723042661195     0.001262298222656
1 32
    -0.000190643237991    -0.000355495236506     0.002498929601973
    -0.000610086340496     0.000663651828058     0.000606390990099
     0.000417135284655     0.000467194868647    -0.003793833458040
1 33
     0.002907103704665    -0.004761010573257    -0.006191950546311
    -0.010180591381256    -0.002682450893321    -0.014142983859919
    -0.013892748371553    -0.013318097206213    -0.017140437121757
1 34
    -0.002552182802487     0.003473335050312    -0.002066820691378
     0.004197131454159    -0.006883384993302     0.004154981719554
    -0.005337918683296     0.008538742782330    -0.004751175094083
1 35
     0.002907103704667     0.010180591381256     0.013892748371551
     0.004761010573255    -0.002682450893320    -0.013318097206212
     0.006191950546309    -0.014142983859918    -0.017140437121755
1 36
    -0.000849686196239     0.001216004067296    -0.001699363116645
     0.002154193904867    -0.001564103516595     0.001281048282240
    -0.000768603674522    -0.000340555738667     0.000094130230240
1 37
    -0.000849686196239    -0.002154193904868     0.000768603674522
    -0.001216004067296    -0.001564103516595    -0.000340555738667
     0.001699363116644     0.001281048282240     0.000094130230240
1 38
    -0.003439425774344     0.000031148408699     0.000229549899789
     0.000386213366801     0.001196755116346    -0.001168275745824
     0.001898847923470    -0.000649291824847     0.000950043293896
1 39
    -0.002552182802488    -0.004197131454161     0.005337918683297
    -0.003473335050312    -0.006883384993303     0.008538742782329
     0.002066820691377     0.004154981719554    -0.004751175094082
1 40
    -0.003439425774344    -0.000386213366801    -0.001898847923470
    -0.000031148408700     0.001196755116346    -0.000649291824847
    -0.000229549899790    -0.001168275745824     0.000950043293895
1 41
    -0.000351995289383     0.000559662489431    -0.001968622628442
     0.000559662489431     0.001338991646744    -0.000002212174483
    -0.001968622628442    -0.000002212174483     0.000695670007271
1 42
     0.002543317345318    -0.013847321532392     0.018479192330807
    -0.013847321532392    -0.001565596465122     0.018324056336484
     0.018479192330807     0.018324056336484    -0.030715211896491
1 43
    -0.000961466461441     0.002540727515910     0.000629947324903
     0.002540727515910    -0.002837609237075     0.000210988913701
     0.000629947324903     0.000210988913701    -0.000069917100776
1 44
    -0.000049014664314    -0.001455926356253     0.000426836299572
    -0.001455926356253    -0.003065486071250    -0.000658094461487
     0.000426836299572    -0.000658094461487     0.000282899387947
1 45
    -0.003572237430070     0.000578207255971    -0.000356508371951
     0.000578207255971     0.000457736694506     0.000698698309430
    -0.000356508371951     0.000698698309430     0.000282899387947
1 46
    -0.012530500233931    -0.005144448895298     0.025108694453174
    -0.005144448895298     0.013508221114129     0.006841421831661
     0.025108694453174     0.006841421831661    -0.030715211896493
1 47
    -0.000168238970293     0.002082757410367     0.000497695421633
     0.002082757410367    -0.003630836728223     0.000440055929561
     0.000497695421633     0.000440055929561    -0.000069917100776
1 48
     0.001400926846106    -0.000452387577362    -0.000986227113521
    -0.000452387577362    -0.000413930488744    -0.001703771119453
    -0.000986227113521    -0.001703771119453     0.000695670007271
1 49
     0.002233613421720    -0.000699816287386     0.000677424616000
    -0.004908646695367     0.000322888756881    -0.002547350168018
     0.004560233488953    -0.000006991092892     0.004362887675377
1 50
    -0.019655657789920     0.000458925090252     0.003025801098410
    -0.000126257797633    -0.024283180710664    -0.002535374822499
    -0.002880411777766     0.004204313296730    -0.020690215935671
1 51
    -0.003664151971451    -0.006425831910408     0.004172931884416
    -0.008493019448166     0.007634420497578    -0.002737935971533
     0.005706155101713    -0.003668932303622    -0.004587351141551
1 52
    -0.008480393285919     0.002293937928865     0.000226112451598
     0.003723693942232    -0.001715285058000     0.004118152268651
     0.003205393008913     0.006510198936091     0.008239502515512
1 53
     0.007149508299907     0.000731363098650     0.004953805386485
     0.001086521460370    -0.000806199416126     0.001330408197852
    -0.001299840829927    -0.000008070706844    -0.003103004802328
1 54
     0.001532861376527     0.005727151089821    -0.003785980184638
     0.003000762762137     0.003919372510075    -0.003312783538121
    -0.004532819501943    -0.008984939530437     0.006290154406595
1 55
     0.005277179145209    -0.004346994353897    -0.003590163496251
     0.000302798876910     0.000408915964500    -0.000560051611041
    -0.002600808317705     0.001725715549055     0.003240659843940
1 56
     0.004147335839265     0.003814188806965    -0.001436902345440
     0.006438889271974     0.004945011561120    -0.000501329936230
    -0.003458190315696    -0.001869675761017    -0.001363570661411
1 57
    -0.000800851079482    -0.000710091817907     0.003679480707104
    -0.002139847831275    -0.009394827264436    -0.001863257007131
     0.007240694166802    -0.000479147693215     0.008239502515511
1 58
    -0.022982250817269     0.001794351582191    -0.000682798455194
     0.002379534470076    -0.020956587683315     0.003888108029272
     0.002200836231555    -0.004596666421270    -0.020690215935672
1 59
    -0.001650274755583    -0.009655732000862    -0.000284656163077
    -0.007588544463104     0.005620543281709     0.004982833005935
    -0.000324311028846     0.006776141427831    -0.004587351141549
1 60
    -0.001627965786533    -0.002679162899985    -0.001867357649838
     0.001529667507996     0.004184467965134     0.001860342010614
     0.002274062280432     0.003952773595068     0.004362887675378
1 61
     0.009185305672330     0.003530216032684    -0.001152615633173
     0.000905515567676    -0.000092958271945    -0.000993728965793
    -0.003348281863730    -0.002060042784005    -0.001363570661411
1 62
     0.007102042285606    -0.000214605334886    -0.004761944793571
     0.002511782992799    -0.001649808399006    -0.001622363249062
    -0.010047595635797     0.000566932925766     0.006290154406595
1 63
    -0.000125206250793     0.003421867539557    -0.002280100670717
    -0.001227925691250     0.005811301360502    -0.002829146985972
     0.000194109346335    -0.003115223848034     0.003240659843939
1 64
     0.001969894617512     0.004076972814198     0.003629069989985
     0.003721814452479     0.004373414266268     0.003624917211175
    -0.000656909852117    -0.001121659826170    -0.003103004802328
1 65
    -0.065397557312718     0.006209278235377     0.017282565685979
     0.007219608444650    -0.021413911391810    -0.002837471743763
     0.026040071702155    -0.002424512600973    -0.027199432934341
1 66
     0.000036804900015     0.000334910337455     0.000268942748918
    -0.000181638698887    -0.000282083970881    -0.001691645534858
     0.000596948862143    -0.001006890456414     0.002961441368214
1 67
     0.000088302344938    -0.000117731807771    -0.000271976444287
     0.001621884552953     0.003309274166414     0.002910276195036
     0.002577649853340     0.004690052942364     0.005339227615802
1 68
    -0.000008350702450    -0.002465019947074     0.000126752617289
    -0.003942874902978     0.010374809539497    -0.003862937335748
    -0.001118935415579    -0.001559707155522    -0.003340774002200
1 69
    -0.003586638436818     0.002859808566691    -0.006103167143698
     0.002483480751126    -0.002469817025340    -0.007236304908099
    -0.001054182015177    -0.004421544432485     0.011352208469806
1 70
     0.013330242084874     0.001421630662184     0.005746912072406
    -0.000218580438084    -0.011152269663125     0.000959145758659
     0.002465401241462     0.001621927528250    -0.006292959310017
1 71
     0.000488236024750     0.002388627158244     0.001487712796398
     0.004712580878833     0.007945941453030     0.004047694687299
    -0.000850525164418    -0.001896257041273    -0.002759959109820
1 72
     0.001539283168330     0.000108617605702    -0.001827313408558
    -0.002332872373840     0.000375140921594     0.001460976109614
    -0.001962294359988     0.000569698812966     0.003659672601141
1 73
    -0.000435310233710     0.000664060564757    -0.009318407451792
     0.001040388380321    -0.005621145228448    -0.001667345335937
    -0.004356260810081     0.001297823810885     0.011352208469806
1 74
     0.009156428374794    -0.000292002307852     0.004249262824162
    -0.002615956028441    -0.000722250897014    -0.000735450268433
    -0.002067469352058     0.000211552121693    -0.002759959109820
1 75
    -0.004510705698075     0.010081895567000     0.003704100629134
     0.011722106667268     0.006688678119824     0.004497398968690
     0.002637331063294     0.001324136341503    -0.006292959310017
1 76
    -0.000296954083569    -0.001272720302160     0.000351585720969
     0.001168769677382     0.002211378173494    -0.002312987887294
    -0.000487773535459    -0.001984246171935     0.003659672601141
1 77
    -0.026594944367313    -0.015183090584639     0.006183960230368
    -0.016193420793914    -0.060216524337219     0.016385876798510
     0.010920346346838     0.023763619910919    -0.027199432934337
1 78
     0.003155348455296    -0.000148875344480     0.002384384894787
    -0.001888491705203     0.000242228056057    -0.001690676607502
     0.005350529919851    -0.000112716216128     0.005339227615801
1 79
    -0.000135993186817    -0.000081873676939    -0.001330536632926
     0.000434675359402    -0.000109285884049     0.001078734020156
    -0.000573518283011     0.001020418107583     0.002961441368214
1 80
     0.005004319616548    -0.006836941461010    -0.003282025557342
    -0.005359086505107     0.005362139220499     0.002041239654444
    -0.001910213726938    -0.000189172917323    -0.003340774002199
9 1
     0.005184841189097     0.008865539031476    -0.009152208034848
     0.003445958223476    -0.004960188377753     0.012433878402039
    -0.004587436324877     0.018690521621252    -0.017140437121748
9 2
    -0.007754965676746     0.001394738054221    -0.018480184696426
    -0.004024842753779     0.007979618488089    -0.005372424415038
    -0.015344158581158     0.001709105457881    -0.017140437121752
9 3
     0.000073839343332     0.000682806348421    -0.000679231758351
     0.001620996185994    -0.002487629056166    -0.000495352438245
     0.000259738797573    -0.002112215770389     0.000094130230239
9 4
    -0.002479175019725     0.003431183987281     0.004725808824232
     0.004154980391131    -0.006956392776066    -0.008892144574237
     0.002564909375707    -0.003867410083578    -0.004751175094085
9 5
    -0.009121993871476    -0.000404049264954     0.004631730067084
     0.000319747138893    -0.000313573924316    -0.000287571635977
     0.010063727507529     0.000353401791904    -0.004751175094085
9 6
    -0.002844837716345    -0.001002292637660     0.001959101914217
    -0.000064102800089     0.000431048003510     0.000831167488149
     0.000089371916171     0.000835908176911     0.000094130230240
9 7
    -0.000143013056402    -0.002289398136864    -0.001126531424404
    -0.001934333178762    -0.002099657601594     0.000385341828258
    -0.001511727176522    -0.001319804627225     0.000950043293896
9 8
     0.000218432843750    -0.002080717249114     0.000387120746948
    -0.001725652291012    -0.002461103501746     0.001969096452071
    -0.000896981524614     0.000782933917566     0.000950043293896
9 9
     0.227981985781881    -0.000000000000035    -0.000000000000030
    -0.000000000000035     0.213484820417344     0.070627762915176
    -0.000000000000030     0.070627762915176     0.178392903504138
9 10
    -0.000216020492026     0.000260057203961    -0.001795020465073
     0.000260057203961     0.001015130379447     0.000077852738008
    -0.001795020465073     0.000077852738008    -0.003075321445132
9 11
     0.001293183978778     0.000000000000001     0.000000000000001
     0.000000000000001    -0.004256624230599    -0.006046165280951
     0.000000000000001    -0.006046165280951    -0.007587869008381
9 12
    -0.000320161219945     0.003134880306245     0.000727129489810
     0.003134880306245    -0.003201316183903    -0.000066597644837
     0.000727129489810    -0.000066597644837     0.001194152828121
9 13
    -0.000216020492026    -0.000260057203960     0.001795020465074
    -0.000260057203960     0.001015130379447     0.000077852738008
     0.001795020465074     0.000077852738008    -0.003075321445133
9 14
    -0.007713901223956     0.000000000000001     0.000000000000001
     0.000000000000001     0.003276181039466     0.001389461450570
     0.000000000000001     0.001389461450570     0.002457581272493
9 15
    -0.000320161219943    -0.003134880306244    -0.000727129489809
    -0.003134880306244    -0.003201316183902    -0.000066597644836
    -0.000727129489809    -0.000066597644836     0.001194152828121
9 16
    -0.001628979233488     0.000000000000001     0.000000000000001
     0.000000000000001    -0.000889162436644    -0.001626102323072
     0.000000000000001    -0.001626102323072    -0.002095873265460
9 17
     0.000431562979320    -0.001012050066793     0.000982395514920
    -0.001012050066793     0.000555433378041     0.001705983293937
     0.000982395514920     0.001705983293937     0.000695670007272
9 18
    -0.004568908116040    -0.000457970105542    -0.000132251903269
    -0.000457970105542     0.000769832417523    -0.000651044843262
    -0.000132251903269    -0.000651044843262    -0.000069917100776
9 19
    -0.001050499008962    -0.002034133612224     0.000783344671524
    -0.002034133612224    -0.002064001726601    -0.000040603847944
     0.000783344671524    -0.000040603847944     0.000282899387947
9 20
    -0.004568908116040     0.000457970105544     0.000132251903270
     0.000457970105544     0.000769832417523    -0.000651044843262
     0.000132251903270    -0.000651044843262    -0.000069917100776
9 21
     0.011453764208912     0.008702872637097     0.006629502122372
     0.008702872637097    -0.010476043328714    -0.025165478168141
     0.006629502122372    -0.025165478168141    -0.030715211896504
9 22
    -0.001050499008962     0.002034133612225    -0.000783344671523
     0.002034133612225    -0.002064001726602    -0.000040603847944
    -0.000783344671523    -0.000040603847944     0.000282899387947
9 23
     0.011453764208916    -0.008702872637093    -0.006629502122365
    -0.008702872637093    -0.010476043328711    -0.025165478168139
    -0.006629502122365    -0.025165478168139    -0.030715211896502
9 24
     0.000431562979320     0.001012050066793    -0.000982395514920
     0.001012050066793     0.000555433378041     0.001705983293937
    -0.000982395514920     0.001705983293937     0.000695670007272
9 25
    -0.007754965676748    -0.001394738054219     0.018480184696428
     0.004024842753780     0.007979618488088    -0.005372424415039
     0.015344158581160     0.001709105457879    -0.017140437121753
9 26
    -0.002844837716345     0.001002292637661    -0.001959101914217
     0.000064102800089     0.000431048003511     0.000831167488148
    -0.000089371916171     0.000835908176911     0.000094130230240
9 27
    -0.002479175019725    -0.003431183987282    -0.004725808824233
    -0.004154980391128    -0.006956392776065    -0.008892144574236
    -0.002564909375706    -0.003867410083579    -0.004751175094086
9 28
     0.000218432843749     0.002080717249114    -0.000387120746948
     0.001725652291013    -0.002461103501746     0.001969096452071
     0.000896981524614     0.000782933917565     0.000950043293896
9 29
     0.005184841189097    -0.008865539031477     0.009152208034849
    -0.003445958223476    -0.004960188377750     0.012433878402037
     0.004587436324876     0.018690521621250    -0.017140437121747
9 30
    -0.009121993871478     0.000404049264956    -0.004631730067084
    -0.000319747138894    -0.000313573924316    -0.000287571635978
    -0.010063727507529     0.000353401791905    -0.004751175094084
9 31
     0.000073839343332    -0.000682806348422     0.000679231758351
    -0.001620996185993    -0.002487629056165    -0.000495352438245
    -0.000259738797572    -0.002112215770389     0.000094130230239
9 32
    -0.000143013056403     0.002289398136865     0.001126531424404
     0.001934333178763    -0.002099657601594     0.000385341828257
     0.001511727176523    -0.001319804627225     0.000950043293896
9 33
     0.005964225277937    -0.007021122240443     0.003279036602010
     0.001927178516724    -0.026216575564520     0.004560655849479
     0.002825767169090    -0.005260162299466     0.006336218762679
9 34
    -0.001047454222503     0.001276562743199    -0.001076749269996
    -0.001024033146071    -0.001193252253382    -0.002905085619676
    -0.003054252581806     0.000520050588515    -0.004162835094778
9 35
     0.000702756168194    -0.000743394124509     0.000667171002478
    -0.000828245155919     0.001610142529818    -0.001512269733690
    -0.000976078505511     0.001333921903660    -0.003596947053844
9 36
    -0.020377117689010     0.008187059212340    -0.003142550594815
     0.017135359969499     0.000124767402415     0.005077267303340
     0.005589162124579     0.000559401072538     0.006336218762680
9 37
     0.000868187149100     0.000001229668518     0.000724314798935
     0.000255820772508    -0.000395178559033    -0.002467332012627
    -0.000196034982438    -0.000594847187650    -0.003793833458041
9 38
    -0.003195603159294     0.002638017279556    -0.001339997774347
    -0.000241156121659    -0.004579431594013     0.000874858904807
     0.000087651149117    -0.001597901566004     0.001262298222656
9 39
    -0.038547941529074    -0.028663530529833    -0.001787023399290
    -0.026495340640639    -0.006701952410594    -0.000724569812761
    -0.001521007564319    -0.001185322754562     0.013103461068718
9 40
     0.000031968973990     0.000484020457019    -0.000613170267093
     0.000738611561008     0.000441039616076     0.000127652319002
    -0.001774614803038     0.001860941022528    -0.003793833458040
9 41
    -0.020377117689007    -0.008187059212336     0.003142550594818
    -0.017135359969503     0.000124767402416     0.005077267303343
    -0.005589162124579     0.000559401072538     0.006336218762680
9 42
     0.000031968973991    -0.000484020457018     0.000613170267093
    -0.000738611561008     0.000441039616075     0.000127652319003
     0.001774614803039     0.001860941022528    -0.003793833458040
9 43
    -0.001047454222502    -0.001276562743199     0.001076749269995
     0.001024033146071    -0.001193252253383    -0.002905085619675
     0.003054252581806     0.000520050588515    -0.004162835094778
9 44
    -0.003195603159293    -0.002638017279556     0.001339997774347
     0.000241156121659    -0.004579431594014     0.000874858904807
    -0.000087651149117    -0.001597901566003     0.001262298222656
9 45
     0.000702756168194     0.000743394124509    -0.000667171002479
     0.000828245155919     0.001610142529818    -0.001512269733690
     0.000976078505511     0.001333921903660    -0.003596947053844
9 46
    -0.038547941529071     0.028663530529835     0.001787023399295
     0.026495340640640    -0.006701952410597    -0.000724569812765
     0.001521007564312    -0.001185322754559     0.013103461068718
9 47
     0.005964225277936     0.007021122240440    -0.003279036602009
    -0.001927178516720    -0.026216575564522     0.004560655849480
    -0.002825767169089    -0.005260162299462     0.006336218762679
9 48
     0.000868187149100    -0.000001229668518    -0.000724314798935
    -0.000255820772507    -0.000395178559034    -0.002467332012627
     0.000196034982439    -0.000594847187650    -0.003793833458041
9 49
    -0.005062734522710     0.001631256278588     0.003215240308095
     0.002007584094151    -0.000993720939449     0.008903650244033
     0.003302078794904     0.003123720621597     0.011352208469807
9 50
    -0.005552577754175    -0.011120581555216     0.002042811443270
    -0.009480370454951     0.007730550175924    -0.005456544727346
    -0.000171929821831    -0.002946063869752    -0.006292959310018
9 51
    -0.038224701376769     0.022907864133928     0.011098605455616
     0.021897533924660    -0.048586767327762    -0.013548405054757
     0.015119725355323    -0.021339107309951    -0.027199432934346
9 52
    -0.000268730319497    -0.000358039540118     0.001599479381844
     0.000158509496223     0.000023451248630     0.000612911514702
     0.001170467145154    -0.000013527651169     0.002961441368214
9 53
     0.003006601817127     0.006166560046979    -0.002761550027764
     0.003842606326391     0.005427575660653    -0.003312244418864
     0.001216944187639     0.001684704919581    -0.002759959109820
9 54
     0.001629307050127    -0.002280897061451    -0.002178899129527
     0.000160592918091     0.000285117039798     0.000852011777680
    -0.001474520824529     0.001414547358969     0.003659672601141
9 55
     0.001852713966796     0.002640568077794    -0.002656361339073
     0.000900951717071     0.001544862544557    -0.001219599587535
    -0.002772880066511    -0.004577336726235     0.005339227615801
9 56
     0.010553719341474     0.002155139080080     0.003408778174631
     0.003632994035985    -0.000187260504426     0.001821697681305
     0.000791278311359     0.001748880072847    -0.003340774002199
9 57
    -0.038224701376764    -0.022907864133922    -0.011098605455611
    -0.021897533924651    -0.048586767327759    -0.013548405054754
    -0.015119725355316    -0.021339107309949    -0.027199432934344
9 58
     0.001852713966796    -0.002640568077793     0.002656361339073
    -0.000900951717071     0.001544862544557    -0.001219599587534
     0.002772880066511    -0.004577336726235     0.005339227615800
9 59
    -0.005062734522710    -0.001631256278586    -0.003215240308094
    -0.002007584094152    -0.000993720939449     0.008903650244033
    -0.003302078794905     0.003123720621598     0.011352208469808
9 60
     0.003006601817127    -0.006166560046979     0.002761550027764
    -0.003842606326391     0.005427575660653    -0.003312244418863
    -0.001216944187639     0.001684704919581    -0.002759959109820
9 61
    -0.000268730319497     0.000358039540119    -0.001599479381844
    -0.000158509496223     0.000023451248630     0.000612911514702
    -0.001170467145154    -0.000013527651169     0.002961441368214
9 62
     0.010553719341474    -0.002155139080081    -0.003408778174632
    -0.003632994035985    -0.000187260504426     0.001821697681306
    -0.000791278311358     0.001748880072847    -0.003340774002199
9 63
    -0.005552577754176     0.011120581555217    -0.002042811443269
     0.009480370454951     0.007730550175923    -0.005456544727347
     0.000171929821833    -0.002946063869752    -0.006292959310018
9 64
     0.001629307050126     0.002280897061451     0.002178899129527
    -0.000160592918091     0.000285117039798     0.000852011777680
     0.001474520824528     0.001414547358969     0.003659672601141
9 65
    -0.006012273150477     0.005148663766823    -0.003453368255504
     0.003718907753457    -0.004183405193442    -0.002254895261523
    -0.004035301157890    -0.006031051242876     0.008239502515510
9 66
     0.011269829516226     0.000129118783817     0.004457588047492
     0.002196306321576    -0.007299560990097    -0.002244897034400
     0.006030466130561    -0.003107209124208    -0.004587351141551
9 67
     0.000305879588983     0.004221023471793    -0.000284286712266
     0.001596323006785     0.008786467811400     0.001495058902025
    -0.000109908451967     0.003929718545023    -0.001363570661410
9 68
     0.003377169770149    -0.000794172047244    -0.001310062825534
    -0.005443965278052     0.002308925339561     0.003389198597014
    -0.002794917664041     0.001389508298979     0.003240659843940
9 69
    -0.023270349143689    -0.002213200823765     0.003708599553606
    -0.001628017935880    -0.020668489356896    -0.001352733206775
    -0.005081248009319     0.000392353124538    -0.020690215935671
9 70
     0.003229105632716    -0.004333898999372     0.002544782265837
    -0.000125068591392    -0.000672603454114     0.000687008157403
     0.002286171208522    -0.003945782502176     0.004362887675376
9 71
    -0.000456552832232     0.001852173933181     0.000975964608933
     0.004578562260865     0.005908786718831     0.004935146787182
     0.005514776133854     0.008418006604670     0.006290154406597
9 72
     0.000395560408253    -0.002812872172968     0.001324735396500
    -0.003168030534689     0.005947748475527    -0.004955325409025
    -0.000642930977809     0.001129730533015    -0.003103004802329
9 73
     0.003229105632715     0.004333898999372    -0.002544782265837
     0.000125068591392    -0.000672603454114     0.000687008157403
    -0.002286171208521    -0.003945782502176     0.004362887675377
9 74
     0.011269829516226    -0.000129118783818    -0.004457588047493
    -0.002196306321574    -0.007299560990097    -0.002244897034400
    -0.006030466130560    -0.003107209124207    -0.004587351141550
9 75
     0.000395560408253     0.002812872172969    -0.001324735396500
     0.003168030534689     0.005947748475527    -0.004955325409025
     0.000642930977810     0.001129730533015    -0.003103004802329
9 76
     0.003377169770149     0.000794172047244     0.001310062825534
     0.005443965278051     0.002308925339560     0.003389198597013
     0.002794917664041     0.001389508298979     0.003240659843940
9 77
    -0.023270349143689     0.002213200823768    -0.003708599553603
     0.001628017935883    -0.020668489356896    -0.001352733206775
     0.005081248009322     0.000392353124537    -0.020690215935672
9 78
    -0.006012273150476    -0.005148663766822     0.003453368255505
    -0.003718907753455    -0.004183405193441    -0.002254895261523
     0.004035301157890    -0.006031051242877     0.008239502515510
9 79
    -0.000456552832232    -0.001852173933180    -0.000975964608932
    -0.004578562260866     0.005908786718831     0.004935146787183
    -0.005514776133855     0.008418006604671     0.006290154406598
9 80
     0.000305879588984    -0.004221023471793     0.000284286712266
    -0.001596323006786     0.008786467811401     0.001495058902025
     0.000109908451967     0.003929718545023    -0.001363570661410
17 1
    -0.020377117689007    -0.008187059212336     0.003142550594818
    -0.017135359969503     0.000124767402416     0.005077267303343
    -0.005589162124579     0.000559401072538     0.006336218762680
17 2
     0.000031968973991    -0.000484020457018     0.000613170267093
    -0.000738611561008     0.000441039616075     0.000127652319003
     0.001774614803039     0.001860941022528    -0.003793833458040
17 3
    -0.001047454222502    -0.001276562743199     0.001076749269995
     0.001024033146071    -0.001193252253383    -0.002905085619675
     0.003054252581806     0.000520050588515    -0.004162835094778
17 4
    -0.003195603159293    -0.002638017279556     0.001339997774347
     0.000241156121659    -0.004579431594014     0.000874858904807
    -0.000087651149117    -0.001597901566003     0.001262298222656
17 5
     0.000702756168194     0.000743394124509    -0.000667171002479
     0.000828245155919     0.001610142529818    -0.001512269733690
     0.000976078505511     0.001333921903660    -0.003596947053844
17 6
    -0.038547941529071     0.028663530529835     0.001787023399295
     0.026495340640640    -0.006701952410597    -0.000724569812765
     0.001521007564312    -0.001185322754559     0.013103461068718
17 7
     0.005964225277936     0.007021122240440    -0.003279036602009
    -0.001927178516720    -0.026216575564522     0.004560655849480
    -0.002825767169089    -0.005260162299462     0.006336218762679
17 8
     0.000868187149100    -0.000001229668518    -0.000724314798935
    -0.000255820772507    -0.000395178559034    -0.002467332012627
     0.000196034982439    -0.000594847187650    -0.003793833458041
17 9
     0.000431562979320    -0.001012050066793     0.000982395514920
    -0.001012050066793     0.000555433378041     0.001705983293937
     0.000982395514920     0.001705983293937     0.000695670007272
17 10
    -0.004568908116040    -0.000457970105542    -0.000132251903269
    -0.000457970105542     0.000769832417523    -0.000651044843262
    -0.000132251903269    -0.000651044843262    -0.000069917100776
17 11
    -0.001050499008962    -0.002034133612224     0.000783344671524
    -0.002034133612224    -0.002064001726601    -0.000040603847944
     0.000783344671524    -0.000040603847944     0.000282899387947
17 12
    -0.004568908116040     0.000457970105544     0.000132251903270
     0.000457970105544     0.000769832417523    -0.000651044843262
     0.000132251903270    -0.000651044843262    -0.000069917100776
17 13
     0.011453764208912     0.008702872637097     0.006629502122372
     0.008702872637097    -0.010476043328714    -0.025165478168141
     0.006629502122372    -0.025165478168141    -0.030715211896504
17 14
    -0.001050499008962     0.002034133612225    -0.000783344671523
     0.002034133612225    -0.002064001726602    -0.000040603847944
    -0.000783344671523    -0.000040603847944     0.000282899387947
17 15
     0.011453764208916    -0.008702872637093    -0.006629502122365
    -0.008702872637093    -0.010476043328711    -0.025165478168139
    -0.006629502122365    -0.025165478168139    -0.030715211896502
17 16
     0.000431562979320     0.001012050066793    -0.000982395514920
     0.001012050066793     0.000555433378041     0.001705983293937
    -0.000982395514920     0.001705983293937     0.000695670007272
17 17
     0.227981985781881    -0.000000000000035    -0.000000000000030
    -0.000000000000035     0.213484820417344     0.070627762915176
    -0.000000000000030     0.070627762915176     0.178392903504138
17 18
    -0.000216020492026     0.000260057203961    -0.001795020465073
     0.000260057203961     0.001015130379447     0.000077852738008
    -0.001795020465073     0.000077852738008    -0.003075321445132
17 19
     0.001293183978778     0.000000000000001     0.000000000000001
     0.000000000000001    -0.004256624230599    -0.006046165280951
     0.000000000000001    -0.006046165280951    -0.007587869008381
17 20
    -0.000320161219945     0.003134880306245     0.000727129489810
     0.003134880306245    -0.003201316183903    -0.000066597644837
     0.000727129489810    -0.000066597644837     0.001194152828121
17 21
    -0.000216020492026    -0.000260057203960     0.001795020465074
    -0.000260057203960     0.001015130379447     0.000077852738008
     0.001795020465074     0.000077852738008    -0.003075321445133
17 22
    -0.007713901223956     0.000000000000001     0.000000000000001
     0.000000000000001     0.003276181039466     0.001389461450570
     0.000000000000001     0.001389461450570     0.002457581272493
17 23
    -0.000320161219943    -0.003134880306244    -0.000727129489809
    -0.003134880306244    -0.003201316183902    -0.000066597644836
    -0.000727129489809    -0.000066597644836     0.001194152828121
17 24
    -0.001628979233488     0.000000000000001     0.000000000000001
     0.000000000000001    -0.000889162436644    -0.001626102323072
     0.000000000000001    -0.001626102323072    -0.002095873265460
17 25
     0.005964225277937    -0.007021122240443     0.003279036602010
     0.001927178516724    -0.026216575564520     0.004560655849479
     0.002825767169090    -0.005260162299466     0.006336218762679
17 26
    -0.001047454222503     0.001276562743199    -0.001076749269996
    -0.001024033146071    -0.001193252253382    -0.002905085619676
    -0.003054252581806     0.000520050588515    -0.004162835094778
17 27
     0.000702756168194    -0.000743394124509     0.000667171002478
    -0.000828245155919     0.001610142529818    -0.001512269733690
    -0.000976078505511     0.001333921903660    -0.003596947053844
17 28
    -0.020377117689010     0.008187059212340    -0.003142550594815
     0.017135359969499     0.000124767402415     0.005077267303340
     0.005589162124579     0.000559401072538     0.006336218762680
17 29
     0.000868187149100     0.000001229668518     0.000724314798935
     0.000255820772508    -0.000395178559033    -0.002467332012627
    -0.000196034982438    -0.000594847187650    -0.003793833458041
17 30
    -0.003195603159294     0.002638017279556    -0.001339997774347
    -0.000241156121659    -0.004579431594013     0.000874858904807
     0.000087651149117    -0.001597901566004     0.001262298222656
17 31
    -0.038547941529074    -0.028663530529833    -0.001787023399290
    -0.026495340640639    -0.006701952410594    -0.000724569812761
    -0.001521007564319    -0.001185322754562     0.013103461068718
17 32
     0.000031968973990     0.000484020457019    -0.000613170267093
     0.000738611561008     0.000441039616076     0.000127652319002
    -0.001774614803038     0.001860941022528    -0.003793833458040
17 33
    -0.007754965676748    -0.001394738054219     0.018480184696428
     0.004024842753780     0.007979618488088    -0.005372424415039
     0.015344158581160     0.001709105457879    -0.017140437121753
17 34
    -0.002844837716345     0.001002292637661    -0.001959101914217
     0.000064102800089     0.000431048003511     0.000831167488148
    -0.000089371916171     0.000835908176911     0.000094130230240
17 35
    -0.002479175019725    -0.003431183987282    -0.004725808824233
    -0.004154980391128    -0.006956392776065    -0.008892144574236
    -0.002564909375706    -0.003867410083579    -0.004751175094086
17 36
     0.000218432843749     0.002080717249114    -0.000387120746948
     0.001725652291013    -0.002461103501746     0.001969096452071
     0.000896981524614     0.000782933917565     0.000950043293896
17 37
     0.005184841189097    -0.008865539031477     0.009152208034849
    -0.003445958223476    -0.004960188377750     0.012433878402037
     0.004587436324876     0.018690521621250    -0.017140437121747
17 38
    -0.009121993871478     0.000404049264956    -0.004631730067084
    -0.000319747138894    -0.000313573924316    -0.000287571635978
    -0.010063727507529     0.000353401791905    -0.004751175094084
17 39
     0.000073839343332    -0.000682806348422     0.000679231758351
    -0.001620996185993    -0.002487629056165    -0.000495352438245
    -0.000259738797572    -0.002112215770389     0.000094130230239
17 40
    -0.000143013056403     0.002289398136865     0.001126531424404
     0.001934333178763    -0.002099657601594     0.000385341828257
     0.001511727176523    -0.001319804627225     0.000950043293896
17 41
     0.005184841189097     0.008865539031476    -0.009152208034848
     0.003445958223476    -0.004960188377753     0.012433878402039
    -0.004587436324877     0.018690521621252    -0.017140437121748
17 42
    -0.007754965676746     0.001394738054221    -0.018480184696426
    -0.004024842753779     0.007979618488089    -0.005372424415038
    -0.015344158581158     0.001709105457881    -0.017140437121752
17 43
     0.000073839343332     0.000682806348421    -0.000679231758351
     0.001620996185994    -0.002487629056166    -0.000495352438245
     0.000259738797573    -0.002112215770389     0.000094130230239
17 44
    -0.002479175019725     0.003431183987281     0.004725808824232
     0.004154980391131    -0.006956392776066    -0.008892144574237
     0.002564909375707    -0.003867410083578    -0.004751175094085
17 45
    -0.009121993871476    -0.000404049264954     0.004631730067084
     0.000319747138893    -0.000313573924316    -0.000287571635977
     0.010063727507529     0.000353401791904    -0.004751175094085
17 46
    -0.002844837716345    -0.001002292637660     0.001959101914217
    -0.000064102800089     0.000431048003510     0.000831167488149
     0.000089371916171     0.000835908176911     0.000094130230240
17 47
    -0.000143013056402    -0.002289398136864    -0.001126531424404
    -0.001934333178762    -0.002099657601594     0.000385341828258
    -0.001511727176522    -0.001319804627225     0.000950043293896
17 48
     0.000218432843750    -0.002080717249114     0.000387120746948
    -0.001725652291012    -0.002461103501746     0.001969096452071
    -0.000896981524614     0.000782933917566     0.000950043293896
17 49
     0.003229105632715     0.004333898999372    -0.002544782265837
     0.000125068591392    -0.000672603454114     0.000687008157403
    -0.002286171208521    -0.003945782502176     0.004362887675377
17 50
     0.011269829516226    -0.000129118783818    -0.004457588047493
    -0.002196306321574    -0.007299560990097    -0.002244897034400
    -0.006030466130560    -0.003107209124207    -0.004587351141550
17 51
     0.000395560408253     0.002812872172969    -0.001324735396500
     0.003168030534689     0.005947748475527    -0.004955325409025
     0.000642930977810     0.001129730533015    -0.003103004802329
17 52
     0.003377169770149     0.000794172047244     0.001310062825534
     0.005443965278051     0.002308925339560     0.003389198597013
     0.002794917664041     0.001389508298979     0.003240659843940
17 53
    -0.023270349143689     0.002213200823768    -0.003708599553603
     0.001628017935883    -0.020668489356896    -0.001352733206775
     0.005081248009322     0.000392353124537    -0.020690215935672
17 54
    -0.006012273150476    -0.005148663766822     0.003453368255505
    -0.003718907753455    -0.004183405193441    -0.002254895261523
     0.004035301157890    -0.006031051242877     0.008239502515510
17 55
    -0.000456552832232    -0.001852173933180    -0.000975964608932
    -0.004578562260866     0.005908786718831     0.004935146787183
    -0.005514776133855     0.008418006604671     0.006290154406598
17 56
     0.000305879588984    -0.004221023471793     0.000284286712266
    -0.001596323006786     0.008786467811401     0.001495058902025
     0.000109908451967     0.003929718545023    -0.001363570661410
17 57
    -0.006012273150477     0.005148663766823    -0.003453368255504
     0.003718907753457    -0.004183405193442    -0.002254895261523
    -0.004035301157890    -0.006031051242876     0.008239502515510
17 58
     0.011269829516226     0.000129118783817     0.004457588047492
     0.002196306321576    -0.007299560990097    -0.002244897034400
     0.006030466130561    -0.003107209124208    -0.004587351141551
17 59
     0.000305879588983     0.004221023471793    -0.000284286712266
     0.001596323006785     0.008786467811400     0.001495058902025
    -0.000109908451967     0.003929718545023    -0.001363570661410
17 60
     0.003377169770149    -0.000794172047244    -0.001310062825534
    -0.005443965278052     0.002308925339561     0.003389198597014
    -0.002794917664041     0.001389508298979     0.003240659843940
17 61
    -0.023270349143689    -0.002213200823765     0.003708599553606
    -0.001628017935880    -0.020668489356896    -0.001352733206775
    -0.005081248009319     0.000392353124538    -0.020690215935671
17 62
     0.003229105632716    -0.004333898999372     0.002544782265837
    -0.000125068591392    -0.000672603454114     0.000687008157403
     0.002286171208522    -0.003945782502176     0.004362887675376
17 63
    -0.000456552832232     0.001852173933181     0.000975964608933
     0.004578562260865     0.005908786718831     0.004935146787182
     0.005514776133854     0.008418006604670     0.006290154406597
17 64
     0.000395560408253    -0.002812872172968     0.001324735396500
    -0.003168030534689     0.005947748475527    -0.004955325409025
    -0.000642930977809     0.001129730533015    -0.003103004802329
17 65
    -0.038224701376764    -0.022907864133922    -0.011098605455611
    -0.021897533924651    -0.048586767327759    -0.013548405054754
    -0.015119725355316    -0.021339107309949    -0.027199432934344
17 66
     0.001852713966796    -0.002640568077793     0.002656361339073
    -0.000900951717071     0.001544862544557    -0.001219599587534
     0.002772880066511    -0.004577336726235     0.005339227615800
17 67
    -0.005062734522710    -0.001631256278586    -0.003215240308094
    -0.002007584094152    -0.000993720939449     0.008903650244033
    -0.003302078794905     0.003123720621598     0.011352208469808
17 68
     0.003006601817127    -0.006166560046979     0.002761550027764
    -0.003842606326391     0.005427575660653    -0.003312244418863
    -0.001216944187639     0.001684704919581    -0.002759959109820
17 69
    -0.000268730319497     0.000358039540119    -0.001599479381844
    -0.000158509496223     0.000023451248630     0.000612911514702
    -0.001170467145154    -0.000013527651169     0.002961441368214
17 70
     0.010553719341474    -0.002155139080081    -0.003408778174632
    -0.003632994035985    -0.000187260504426     0.001821697681306
    -0.000791278311358     0.001748880072847    -0.003340774002199
17 71
    -0.005552577754176     0.011120581555217    -0.002042811443269
     0.009480370454951     0.007730550175923    -0.005456544727347
     0.000171929821833    -0.002946063869752    -0.006292959310018
17 72
     0.001629307050126     0.002280897061451     0.002178899129527
    -0.000160592918091     0.000285117039798     0.000852011777680
     0.001474520824528     0.001414547358969     0.003659672601141
17 73
    -0.005062734522710     0.001631256278588     0.003215240308095
     0.002007584094151    -0.000993720939449     0.008903650244033
     0.003302078794904     0.003123720621597     0.011352208469807
17 74
    -0.005552577754175    -0.011120581555216     0.002042811443270
    -0.009480370454951     0.007730550175924    -0.005456544727346
    -0.000171929821831    -0.002946063869752    -0.006292959310018
17 75
    -0.038224701376769     0.022907864133928     0.011098605455616
     0.021897533924660    -0.048586767327762    -0.013548405054757
     0.015119725355323    -0.021339107309951    -0.027199432934346
17 76
    -0.000268730319497    -0.000358039540118     0.001599479381844
     0.000158509496223     0.000023451248630     0.000612911514702
     0.001170467145154    -0.000013527651169     0.002961441368214
17 77
     0.003006601817127     0.006166560046979    -0.002761550027764
     0.003842606326391     0.005427575660653    -0.003312244418864
     0.001216944187639     0.001684704919581    -0.002759959109820
17 78
     0.001629307050127    -0.002280897061451    -0.002178899129527
     0.000160592918091     0.000285117039798     0.000852011777680
    -0.001474520824529     0.001414547358969     0.003659672601141
17 79
     0.001852713966796     0.002640568077794    -0.002656361339073
     0.000900951717071     0.001544862544557    -0.001219599587535
    -0.002772880066511    -0.004577336726235     0.005339227615801
17 80
     0.010553719341474     0.002155139080080     0.003408778174631
     0.003632994035985    -0.000187260504426     0.001821697681305
     0.000791278311359     0.001748880072847    -0.003340774002199
25 1
    -0.015965633018817     0.010734031074196     0.002310125522567
     0.019682331831363    -0.004286717267773    -0.005120056922022
    -0.005968317763906     0.000182894996119     0.006336218762679
25 2
     0.002063835710630     0.000042425515705    -0.001643249507990
    -0.000042425515706     0.000249062987382     0.000178347830031
     0.001643249507990     0.000178347830030    -0.003596947053844
25 3
    -0.000190643237991     0.000355495236505    -0.002498929601974
     0.000610086340495     0.000663651828058     0.000606390990099
    -0.000417135284655     0.000467194868646    -0.003793833458040
25 4
     0.009221042148639    -0.001084094944599     0.000266015834977
     0.001084094944595    -0.054470936088291     0.001909892567310
    -0.000266015834976     0.001909892567317     0.013103461068719
25 5
    -0.001266151268823     0.001150297944634    -0.001977503311810
    -0.001150297944635    -0.000974555207062     0.002385035031160
     0.001977503311810     0.002385035031159    -0.004162835094777
25 6
    -0.015965633018819    -0.019682331831359     0.005968317763902
    -0.010734031074200    -0.004286717267774     0.000182894996117
    -0.002310125522568    -0.005120056922022     0.006336218762678
25 7
    -0.005271345811376     0.001439586700607     0.001427648923464
    -0.001439586700608    -0.002503688941931     0.000723042661195
    -0.001427648923464     0.000723042661195     0.001262298222656
25 8
    -0.000190643237991    -0.000610086340496     0.000417135284655
    -0.000355495236506     0.000663651828058     0.000467194868647
     0.002498929601973     0.000606390990099    -0.003793833458040
25 9
    -0.007754965676748     0.004024842753780     0.015344158581160
    -0.001394738054219     0.007979618488088     0.001709105457879
     0.018480184696428    -0.005372424415039    -0.017140437121753
25 10
    -0.002844837716345     0.000064102800089    -0.000089371916171
     0.001002292637661     0.000431048003511     0.000835908176911
    -0.001959101914217     0.000831167488148     0.000094130230240
25 11
    -0.002479175019725    -0.004154980391128    -0.002564909375706
    -0.003431183987282    -0.006956392776065    -0.003867410083579
    -0.004725808824233    -0.008892144574236    -0.004751175094086
25 12
     0.000218432843749     0.001725652291013     0.000896981524614
     0.002080717249114    -0.002461103501746     0.000782933917565
    -0.000387120746948     0.001969096452071     0.000950043293896
25 13
     0.005184841189097    -0.003445958223476     0.004587436324876
    -0.008865539031477    -0.004960188377750     0.018690521621250
     0.009152208034849     0.012433878402037    -0.017140437121747
25 14
    -0.009121993871478    -0.000319747138894    -0.010063727507529
     0.000404049264956    -0.000313573924316     0.000353401791905
    -0.004631730067084    -0.000287571635978    -0.004751175094084
25 15
     0.000073839343332    -0.001620996185993    -0.000259738797572
    -0.000682806348422    -0.002487629056165    -0.002112215770389
     0.000679231758351    -0.000495352438245     0.000094130230239
25 16
    -0.000143013056403     0.001934333178763     0.001511727176523
     0.002289398136865    -0.002099657601594    -0.001319804627225
     0.001126531424404     0.000385341828257     0.000950043293896
25 17
     0.005964225277937     0.001927178516724     0.002825767169090
    -0.007021122240443    -0.026216575564520    -0.005260162299466
     0.003279036602010     0.004560655849479     0.006336218762679
25 18
    -0.001047454222503    -0.001024033146071    -0.003054252581806
     0.001276562743199    -0.001193252253382     0.000520050588515
    -0.001076749269996    -0.002905085619676    -0.004162835094778
25 19
     0.000702756168194    -0.000828245155919    -0.000976078505511
    -0.000743394124509     0.001610142529818     0.001333921903660
     0.000667171002478    -0.001512269733690    -0.003596947053844
25 20
    -0.020377117689010     0.017135359969499     0.005589162124579
     0.008187059212340     0.000124767402415     0.000559401072538
    -0.003142550594815     0.005077267303340     0.006336218762680
25 21
     0.000868187149100     0.000255820772508    -0.000196034982438
     0.000001229668518    -0.000395178559033    -0.000594847187650
     0.000724314798935    -0.002467332012627    -0.003793833458041
25 22
    -0.003195603159294    -0.000241156121659     0.000087651149117
     0.002638017279556    -0.004579431594013    -0.001597901566004
    -0.001339997774347     0.000874858904807     0.001262298222656
25 23
    -0.038547941529074    -0.026495340640639    -0.001521007564319
    -0.028663530529833    -0.006701952410594    -0.001185322754562
    -0.001787023399290    -0.000724569812761     0.013103461068718
25 24
     0.000031968973990     0.000738611561008    -0.001774614803038
     0.000484020457019     0.000441039616076     0.001860941022528
    -0.000613170267093     0.000127652319002    -0.003793833458040
25 25
     0.217109111758562     0.006277456744263     0.061165436897006
     0.006277456744263     0.224357694440660    -0.035313881457515
     0.061165436897006    -0.035313881457515     0.178392903504108
25 26
    -0.002869172178257     0.002403137447725    -0.005236132728784
     0.002403137447725    -0.000094268073566     0.003023082640474
    -0.005236132728784     0.003023082640474    -0.007587869008378
25 27
     0.000932558806646    -0.000403075363313    -0.000830087783668
    -0.000403075363313    -0.000133448919224    -0.001593459692071
    -0.000830087783668    -0.001593459692071    -0.003075321445133
25 28
     0.000233858540118     0.002815016848636     0.000305889492645
     0.002815016848636    -0.003755335943963     0.000663011432432
     0.000305889492645     0.000663011432432     0.001194152828121
25 29
     0.000482126516511    -0.000663132567274     0.000964932681405
    -0.000663132567274     0.000316983370911     0.001515606954061
     0.000964932681405     0.001515606954061    -0.003075321445132
25 30
    -0.005195913425946    -0.000319863457608    -0.000421239997165
    -0.000319863457608     0.001674436022098    -0.000596413787597
    -0.000421239997165    -0.000596413787597     0.001194152828121
25 31
     0.000528660473611    -0.004758845214902     0.001203308913772
    -0.004758845214902    -0.004966380658098    -0.000694730725286
     0.001203308913772    -0.000694730725286     0.002457581272493
25 32
    -0.001074116635856    -0.000320350070107    -0.001408245920934
    -0.000320350070107    -0.001444025034276     0.000813051161535
    -0.001408245920934     0.000813051161535    -0.002095873265460
25 33
     0.001400926846105     0.000452387577361     0.000986227113521
     0.000452387577361    -0.000413930488744    -0.001703771119454
     0.000986227113521    -0.001703771119454     0.000695670007271
25 34
    -0.000049014664314     0.001455926356252    -0.000426836299572
     0.001455926356252    -0.003065486071248    -0.000658094461487
    -0.000426836299572    -0.000658094461487     0.000282899387947
25 35
    -0.012530500233938     0.005144448895295    -0.025108694453179
     0.005144448895295     0.013508221114129     0.006841421831657
    -0.025108694453179     0.006841421831657    -0.030715211896494
25 36
     0.002543317345317     0.013847321532391    -0.018479192330809
     0.013847321532391    -0.001565596465115     0.018324056336477
    -0.018479192330809     0.018324056336477    -0.030715211896489
25 37
    -0.000168238970295    -0.002082757410368    -0.000497695421634
    -0.002082757410368    -0.003630836728221     0.000440055929560
    -0.000497695421634     0.000440055929560    -0.000069917100776
25 38
    -0.000961466461443    -0.002540727515911    -0.000629947324903
    -0.002540727515911    -0.002837609237073     0.000210988913700
    -0.000629947324903     0.000210988913700    -0.000069917100776
25 39
    -0.003572237430072    -0.000578207255972     0.000356508371951
    -0.000578207255972     0.000457736694507     0.000698698309430
     0.000356508371951     0.000698698309430     0.000282899387947
25 40
    -0.000351995289384    -0.000559662489431     0.001968622628442
    -0.000559662489431     0.001338991646745    -0.000002212174484
     0.001968622628442    -0.000002212174484     0.000695670007271
25 41
     0.002907103704665    -0.010180591381256    -0.013892748371553
    -0.004761010573257    -0.002682450893321    -0.013318097206213
    -0.006191950546311    -0.014142983859919    -0.017140437121757
25 42
    -0.002552182802487     0.004197131454159    -0.005337918683296
     0.003473335050312    -0.006883384993302     0.008538742782330
    -0.002066820691378     0.004154981719554    -0.004751175094083
25 43
     0.002907103704667     0.004761010573255     0.006191950546309
     0.010180591381256    -0.002682450893320    -0.014142983859918
     0.013892748371551    -0.013318097206212    -0.017140437121755
25 44
    -0.000849686196239     0.002154193904867    -0.000768603674522
     0.001216004067296    -0.001564103516595    -0.000340555738667
    -0.001699363116645     0.001281048282240     0.000094130230240
25 45
    -0.000849686196239    -0.001216004067296     0.001699363116644
    -0.002154193904868    -0.001564103516595     0.001281048282240
     0.000768603674522    -0.000340555738667     0.000094130230240
25 46
    -0.003439425774344     0.000386213366801     0.001898847923470
     0.000031148408699     0.001196755116346    -0.000649291824847
     0.000229549899789    -0.001168275745824     0.000950043293896
25 47
    -0.002552182802488    -0.003473335050312     0.002066820691377
    -0.004197131454161    -0.006883384993303     0.004154981719554
     0.005337918683297     0.008538742782329    -0.004751175094082
25 48
    -0.003439425774344    -0.000031148408700    -0.000229549899790
    -0.000386213366801     0.001196755116346    -0.001168275745824
    -0.001898847923470    -0.000649291824847     0.000950043293895
25 49
    -0.001627965786534     0.002679162899984     0.001867357649838
    -0.001529667507996     0.004184467965134     0.001860342010614
    -0.002274062280432     0.003952773595068     0.004362887675378
25 50
     0.001969894617512    -0.004076972814198    -0.003629069989986
    -0.003721814452479     0.004373414266268     0.003624917211175
     0.000656909852117    -0.001121659826170    -0.003103004802328
25 51
    -0.022982250817273    -0.001794351582193     0.000682798455192
    -0.002379534470078    -0.020956587683312     0.003888108029269
    -0.002200836231557    -0.004596666421272    -0.020690215935672
25 52
     0.007102042285607     0.000214605334887     0.004761944793571
    -0.002511782992800    -0.001649808399005    -0.001622363249062
     0.010047595635799     0.000566932925766     0.006290154406596
25 53
    -0.001650274755583     0.009655732000860     0.000284656163078
     0.007588544463105     0.005620543281710     0.004982833005935
     0.000324311028846     0.006776141427829    -0.004587351141548
25 54
    -0.000125206250793    -0.003421867539557     0.002280100670717
     0.001227925691250     0.005811301360502    -0.002829146985972
    -0.000194109346335    -0.003115223848033     0.003240659843939
25 55
    -0.000800851079483     0.000710091817906    -0.003679480707104
     0.002139847831274    -0.009394827264434    -0.001863257007132
    -0.007240694166803    -0.000479147693215     0.008239502515511
25 56
     0.009185305672331    -0.003530216032683     0.001152615633173
    -0.000905515567677    -0.000092958271944    -0.000993728965793
     0.003348281863730    -0.002060042784005    -0.001363570661411
25 57
    -0.008480393285920    -0.002293937928865    -0.000226112451599
    -0.003723693942233    -0.001715285057999     0.004118152268651
    -0.003205393008912     0.006510198936091     0.008239502515513
25 58
     0.004147335839265    -0.003814188806965     0.001436902345440
    -0.006438889271975     0.004945011561119    -0.000501329936230
     0.003458190315696    -0.001869675761017    -0.001363570661411
25 59
    -0.019655657789924    -0.000458925090254    -0.003025801098412
     0.000126257797631    -0.024283180710661    -0.002535374822501
     0.002880411777765     0.004204313296727    -0.020690215935671
25 60
     0.001532861376526    -0.005727151089820     0.003785980184638
    -0.003000762762138     0.003919372510074    -0.003312783538121
     0.004532819501943    -0.008984939530435     0.006290154406594
25 61
    -0.003664151971452     0.006425831910406    -0.004172931884415
     0.008493019448167     0.007634420497578    -0.002737935971532
    -0.005706155101715    -0.003668932303623    -0.004587351141551
25 62
     0.005277179145210     0.004346994353897     0.003590163496252
    -0.000302798876910     0.000408915964500    -0.000560051611041
     0.002600808317706     0.001725715549055     0.003240659843940
25 63
     0.002233613421720     0.000699816287386    -0.000677424616000
     0.004908646695368     0.000322888756881    -0.002547350168018
    -0.004560233488954    -0.000006991092892     0.004362887675377
25 64
     0.007149508299907    -0.000731363098650    -0.004953805386485
    -0.001086521460371    -0.000806199416125     0.001330408197851
     0.001299840829926    -0.000008070706845    -0.003103004802328
25 65
    -0.026594944367316     0.015183090584634    -0.006183960230369
     0.016193420793912    -0.060216524337208     0.016385876798505
    -0.010920346346840     0.023763619910912    -0.027199432934335
25 66
    -0.000435310233710    -0.000664060564757     0.009318407451792
    -0.001040388380322    -0.005621145228448    -0.001667345335938
     0.004356260810082     0.001297823810886     0.011352208469807
25 67
    -0.000135993186817     0.000081873676939     0.001330536632926
    -0.000434675359403    -0.000109285884049     0.001078734020155
     0.000573518283011     0.001020418107583     0.002961441368214
25 68
    -0.004510705698077    -0.010081895566999    -0.003704100629136
    -0.011722106667269     0.006688678119823     0.004497398968690
    -0.002637331063295     0.001324136341502    -0.006292959310017
25 69
     0.003155348455296     0.000148875344479    -0.002384384894786
     0.001888491705203     0.000242228056057    -0.001690676607502
    -0.005350529919851    -0.000112716216128     0.005339227615801
25 70
     0.009156428374794     0.000292002307852    -0.004249262824162
     0.002615956028441    -0.000722250897013    -0.000735450268433
     0.002067469352058     0.000211552121692    -0.002759959109820
25 71
     0.005004319616549     0.006836941461010     0.003282025557343
     0.005359086505108     0.005362139220499     0.002041239654445
     0.001910213726937    -0.000189172917324    -0.003340774002199
25 72
    -0.000296954083570     0.001272720302159    -0.000351585720969
    -0.001168769677382     0.002211378173494    -0.002312987887294
     0.000487773535459    -0.001984246171935     0.003659672601140
25 73
    -0.003586638436818    -0.002859808566690     0.006103167143697
    -0.002483480751127    -0.002469817025340    -0.007236304908100
     0.001054182015177    -0.004421544432483     0.011352208469805
25 74
    -0.065397557312728    -0.006209278235383    -0.017282565685984
    -0.007219608444653    -0.021413911391808    -0.002837471743766
    -0.026040071702161    -0.002424512600977    -0.027199432934342
25 75
     0.000488236024750    -0.002388627158244    -0.001487712796398
    -0.004712580878833     0.007945941453029     0.004047694687300
     0.000850525164418    -0.001896257041273    -0.002759959109820
25 76
     0.000088302344938     0.000117731807771     0.000271976444287
    -0.001621884552953     0.003309274166414     0.002910276195036
    -0.002577649853340     0.004690052942363     0.005339227615802
25 77
     0.013330242084875    -0.001421630662184    -0.005746912072405
     0.000218580438083    -0.011152269663123     0.000959145758658
    -0.002465401241463     0.001621927528249    -0.006292959310017
25 78
     0.000036804900014    -0.000334910337455    -0.000268942748918
     0.000181638698887    -0.000282083970880    -0.001691645534858
    -0.000596948862143    -0.001006890456414     0.002961441368214
25 79
     0.001539283168330    -0.000108617605702     0.001827313408558
     0.002332872373840     0.000375140921595     0.001460976109614
     0.001962294359988     0.000569698812966     0.003659672601141
25 80
    -0.000008350702450     0.002465019947074    -0.000126752617289
     0.003942874902979     0.010374809539496    -0.003862937335747
     0.001118935415579    -0.001559707155523    -0.003340774002200
33 1
     0.002907103704665    -0.010180591381256    -0.013892748371553
    -0.004761010573257    -0.002682450893321    -0.013318097206213
    -0.006191950546311    -0.014142983859919    -0.017140437121757
33 2
    -0.002552182802487     0.004197131454159    -0.005337918683296
     0.003473335050312    -0.006883384993302     0.008538742782330
    -0.002066820691378     0.004154981719554    -0.004751175094083
33 3
     0.002907103704667     0.004761010573255     0.006191950546309
     0.010180591381256    -0.002682450893320    -0.014142983859918
     0.013892748371551    -0.013318097206212    -0.017140437121755
33 4
    -0.000849686196239     0.002154193904867    -0.000768603674522
     0.001216004067296    -0.001564103516595    -0.000340555738667
    -0.001699363116645     0.001281048282240     0.000094130230240
33 5
    -0.000849686196239    -0.001216004067296     0.001699363116644
    -0.002154193904868    -0.001564103516595     0.001281048282240
     0.000768603674522    -0.000340555738667     0.000094130230240
33 6
    -0.003439425774344     0.000386213366801     0.001898847923470
     0.000031148408699     0.001196755116346    -0.000649291824847
     0.000229549899789    -0.001168275745824     0.000950043293896
33 7
    -0.002552182802488    -0.003473335050312     0.002066820691377
    -0.004197131454161    -0.006883384993303     0.004154981719554
     0.005337918683297     0.008538742782329    -0.004751175094082
33 8
    -0.003439425774344    -0.000031148408700    -0.000229549899790
    -0.000386213366801     0.001196755116346    -0.001168275745824
    -0.001898847923470    -0.000649291824847     0.000950043293895
33 9
     0.005964225277937     0.001927178516724     0.002825767169090
    -0.007021122240443    -0.026216575564520    -0.005260162299466
     0.003279036602010     0.004560655849479     0.006336218762679
33 10
    -0.001047454222503    -0.001024033146071    -0.003054252581806
     0.001276562743199    -0.001193252253382     0.000520050588515
    -0.001076749269996    -0.002905085619676    -0.004162835094778
33 11
     0.000702756168194    -0.000828245155919    -0.000976078505511
    -0.000743394124509     0.001610142529818     0.001333921903660
     0.000667171002478    -0.001512269733690    -0.003596947053844
33 12
    -0.020377117689010     0.017135359969499     0.005589162124579
     0.008187059212340     0.000124767402415     0.000559401072538
    -0.003142550594815     0.005077267303340     0.006336218762680
33 13
     0.000868187149100     0.000255820772508    -0.000196034982438
     0.000001229668518    -0.000395178559033    -0.000594847187650
     0.000724314798935    -0.002467332012627    -0.003793833458041
33 14
    -0.003195603159294    -0.000241156121659     0.000087651149117
     0.002638017279556    -0.004579431594013    -0.001597901566004
    -0.001339997774347     0.000874858904807     0.001262298222656
33 15
    -0.038547941529074    -0.026495340640639    -0.001521007564319
    -0.028663530529833    -0.006701952410594    -0.001185322754562
    -0.001787023399290    -0.000724569812761     0.013103461068718
33 16
     0.000031968973990     0.000738611561008    -0.001774614803038
     0.000484020457019     0.000441039616076     0.001860941022528
    -0.000613170267093     0.000127652319002    -0.003793833458040
33 17
    -0.007754965676748     0.004024842753780     0.015344158581160
    -0.001394738054219     0.007979618488088     0.001709105457879
     0.018480184696428    -0.005372424415039    -0.017140437121753
33 18
    -0.002844837716345     0.000064102800089    -0.000089371916171
     0.001002292637661     0.000431048003511     0.000835908176911
    -0.001959101914217     0.000831167488148     0.000094130230240
33 19
    -0.002479175019725    -0.004154980391128    -0.002564909375706
    -0.003431183987282    -0.006956392776065    -0.003867410083579
    -0.004725808824233    -0.008892144574236    -0.004751175094086
33 20
     0.000218432843749     0.001725652291013     0.000896981524614
     0.002080717249114    -0.002461103501746     0.000782933917565
    -0.000387120746948     0.001969096452071     0.000950043293896
33 21
     0.005184841189097    -0.003445958223476     0.004587436324876
    -0.008865539031477    -0.004960188377750     0.018690521621250
     0.009152208034849     0.012433878402037    -0.017140437121747
33 22
    -0.009121993871478    -0.000319747138894    -0.010063727507529
     0.000404049264956    -0.000313573924316     0.000353401791905
    -0.004631730067084    -0.000287571635978    -0.004751175094084
33 23
     0.000073839343332    -0.001620996185993    -0.000259738797572
    -0.000682806348422    -0.002487629056165    -0.002112215770389
     0.000679231758351    -0.000495352438245     0.000094130230239
33 24
    -0.000143013056403     0.001934333178763     0.001511727176523
     0.002289398136865    -0.002099657601594    -0.001319804627225
     0.001126531424404     0.000385341828257     0.000950043293896
33 25
     0.001400926846105     0.000452387577361     0.000986227113521
     0.000452387577361    -0.000413930488744    -0.001703771119454
     0.000986227113521    -0.001703771119454     0.000695670007271
33 26
    -0.000049014664314     0.001455926356252    -0.000426836299572
     0.001455926356252    -0.003065486071248    -0.000658094461487
    -0.000426836299572    -0.000658094461487     0.000282899387947
33 27
    -0.012530500233938     0.005144448895295    -0.025108694453179
     0.005144448895295     0.013508221114129     0.006841421831657
    -0.025108694453179     0.006841421831657    -0.030715211896494
33 28
     0.002543317345317     0.013847321532391    -0.018479192330809
     0.013847321532391    -0.001565596465115     0.018324056336477
    -0.018479192330809     0.018324056336477    -0.030715211896489
33 29
    -0.000168238970295    -0.002082757410368    -0.000497695421634
    -0.002082757410368    -0.003630836728221     0.000440055929560
    -0.000497695421634     0.000440055929560    -0.000069917100776
33 30
    -0.000961466461443    -0.002540727515911    -0.000629947324903
    -0.002540727515911    -0.002837609237073     0.000210988913700
    -0.000629947324903     0.000210988913700    -0.000069917100776
33 31
    -0.003572237430072    -0.000578207255972     0.000356508371951
    -0.000578207255972     0.000457736694507     0.000698698309430
     0.000356508371951     0.000698698309430     0.000282899387947
33 32
    -0.000351995289384    -0.000559662489431     0.001968622628442
    -0.000559662489431     0.001338991646745    -0.000002212174484
     0.001968622628442    -0.000002212174484     0.000695670007271
33 33
     0.217109111758562     0.006277456744263     0.061165436897006
     0.006277456744263     0.224357694440660    -0.035313881457515
     0.061165436897006    -0.035313881457515     0.178392903504108
33 34
    -0.002869172178257     0.002403137447725    -0.005236132728784
     0.002403137447725    -0.000094268073566     0.003023082640474
    -0.005236132728784     0.003023082640474    -0.007587869008378
33 35
     0.000932558806646    -0.000403075363313    -0.000830087783668
    -0.000403075363313    -0.000133448919224    -0.001593459692071
    -0.000830087783668    -0.001593459692071    -0.003075321445133
33 36
     0.000233858540118     0.002815016848636     0.000305889492645
     0.002815016848636    -0.003755335943963     0.000663011432432
     0.000305889492645     0.000663011432432     0.001194152828121
33 37
     0.000482126516511    -0.000663132567274     0.000964932681405
    -0.000663132567274     0.000316983370911     0.001515606954061
     0.000964932681405     0.001515606954061    -0.003075321445132
33 38
    -0.005195913425946    -0.000319863457608    -0.000421239997165
    -0.000319863457608     0.001674436022098    -0.000596413787597
    -0.000421239997165    -0.000596413787597     0.001194152828121
33 39
     0.000528660473611    -0.004758845214902     0.001203308913772
    -0.004758845214902    -0.004966380658098    -0.000694730725286
     0.001203308913772    -0.000694730725286     0.002457581272493
33 40
    -0.001074116635856    -0.000320350070107    -0.001408245920934
    -0.000320350070107    -0.001444025034276     0.000813051161535
    -0.001408245920934     0.000813051161535    -0.002095873265460
33 41
    -0.015965633018817     0.010734031074196     0.002310125522567
     0.019682331831363    -0.004286717267773    -0.005120056922022
    -0.005968317763906     0.000182894996119     0.006336218762679
33 42
     0.002063835710630     0.000042425515705    -0.001643249507990
    -0.000042425515706     0.000249062987382     0.000178347830031
     0.001643249507990     0.000178347830030    -0.003596947053844
33 43
    -0.000190643237991     0.000355495236505    -0.002498929601974
     0.000610086340495     0.000663651828058     0.000606390990099
    -0.000417135284655     0.000467194868646    -0.003793833458040
33 44
     0.009221042148639    -0.001084094944599     0.000266015834977
     0.001084094944595    -0.054470936088291     0.001909892567310
    -0.000266015834976     0.001909892567317     0.013103461068719
33 45
    -0.001266151268823     0.001150297944634    -0.001977503311810
    -0.001150297944635    -0.000974555207062     0.002385035031160
     0.001977503311810     0.002385035031159    -0.004162835094777
33 46
    -0.015965633018819    -0.019682331831359     0.005968317763902
    -0.010734031074200    -0.004286717267774     0.000182894996117
    -0.002310125522568    -0.005120056922022     0.006336218762678
33 47
    -0.005271345811376     0.001439586700607     0.001427648923464
    -0.001439586700608    -0.002503688941931     0.000723042661195
    -0.001427648923464     0.000723042661195     0.001262298222656
33 48
    -0.000190643237991    -0.000610086340496     0.000417135284655
    -0.000355495236506     0.000663651828058     0.000467194868647
     0.002498929601973     0.000606390990099    -0.003793833458040
33 49
    -0.003586638436818    -0.002859808566690     0.006103167143697
    -0.002483480751127    -0.002469817025340    -0.007236304908100
     0.001054182015177    -0.004421544432483     0.011352208469805
33 50
    -0.065397557312728    -0.006209278235383    -0.017282565685984
    -0.007219608444653    -0.021413911391808    -0.002837471743766
    -0.026040071702161    -0.002424512600977    -0.027199432934342
33 51
     0.000488236024750    -0.002388627158244    -0.001487712796398
    -0.004712580878833     0.007945941453029     0.004047694687300
     0.000850525164418    -0.001896257041273    -0.002759959109820
33 52
     0.000088302344938     0.000117731807771     0.000271976444287
    -0.001621884552953     0.003309274166414     0.002910276195036
    -0.002577649853340     0.004690052942363     0.005339227615802
33 53
     0.013330242084875    -0.001421630662184    -0.005746912072405
     0.000218580438083    -0.011152269663123     0.000959145758658
    -0.002465401241463     0.001621927528249    -0.006292959310017
33 54
     0.000036804900014    -0.000334910337455    -0.000268942748918
     0.000181638698887    -0.000282083970880    -0.001691645534858
    -0.000596948862143    -0.001006890456414     0.002961441368214
33 55
     0.001539283168330    -0.000108617605702     0.001827313408558
     0.002332872373840     0.000375140921595     0.001460976109614
     0.001962294359988     0.000569698812966     0.003659672601141
33 56
    -0.000008350702450     0.002465019947074    -0.000126752617289
     0.003942874902979     0.010374809539496    -0.003862937335747
     0.001118935415579    -0.001559707155523    -0.003340774002200
33 57
    -0.026594944367316     0.015183090584634    -0.006183960230369
     0.016193420793912    -0.060216524337208     0.016385876798505
    -0.010920346346840     0.023763619910912    -0.027199432934335
33 58
    -0.000435310233710    -0.000664060564757     0.009318407451792
    -0.001040388380322    -0.005621145228448    -0.001667345335938
     0.004356260810082     0.001297823810886     0.011352208469807
33 59
    -0.000135993186817     0.000081873676939     0.001330536632926
    -0.000434675359403    -0.000109285884049     0.001078734020155
     0.000573518283011     0.001020418107583     0.002961441368214
33 60
    -0.004510705698077    -0.010081895566999    -0.003704100629136
    -0.011722106667269     0.006688678119823     0.004497398968690
    -0.002637331063295     0.001324136341502    -0.006292959310017
33 61
     0.003155348455296     0.000148875344479    -0.002384384894786
     0.001888491705203     0.000242228056057    -0.001690676607502
    -0.005350529919851    -0.000112716216128     0.005339227615801
33 62
     0.009156428374794     0.000292002307852    -0.004249262824162
     0.002615956028441    -0.000722250897013    -0.000735450268433
     0.002067469352058     0.000211552121692    -0.002759959109820
33 63
     0.005004319616549     0.006836941461010     0.003282025557343
     0.005359086505108     0.005362139220499     0.002041239654445
     0.001910213726937    -0.000189172917324    -0.003340774002199
33 64
    -0.000296954083570     0.001272720302159    -0.000351585720969
    -0.001168769677382     0.002211378173494    -0.002312987887294
     0.000487773535459    -0.001984246171935     0.003659672601140
33 65
    -0.008480393285920    -0.002293937928865    -0.000226112451599
    -0.003723693942233    -0.001715285057999     0.004118152268651
    -0.003205393008912     0.006510198936091     0.008239502515513
33 66
     0.004147335839265    -0.003814188806965     0.001436902345440
    -0.006438889271975     0.004945011561119    -0.000501329936230
     0.003458190315696    -0.001869675761017    -0.001363570661411
33 67
    -0.019655657789924    -0.000458925090254    -0.003025801098412
     0.000126257797631    -0.024283180710661    -0.002535374822501
     0.002880411777765     0.004204313296727    -0.020690215935671
33 68
     0.001532861376526    -0.005727151089820     0.003785980184638
    -0.003000762762138     0.003919372510074    -0.003312783538121
     0.004532819501943    -0.008984939530435     0.006290154406594
33 69
    -0.003664151971452     0.006425831910406    -0.004172931884415
     0.008493019448167     0.007634420497578    -0.002737935971532
    -0.005706155101715    -0.003668932303623    -0.004587351141551
33 70
     0.005277179145210     0.004346994353897     0.003590163496252
    -0.000302798876910     0.000408915964500    -0.000560051611041
     0.002600808317706     0.001725715549055     0.003240659843940
33 71
     0.002233613421720     0.000699816287386    -0.000677424616000
     0.004908646695368     0.000322888756881    -0.002547350168018
    -0.004560233488954    -0.000006991092892     0.004362887675377
33 72
     0.007149508299907    -0.000731363098650    -0.004953805386485
    -0.001086521460371    -0.000806199416125     0.001330408197851
     0.001299840829926    -0.000008070706845    -0.003103004802328
33 73
    -0.001627965786534     0.002679162899984     0.001867357649838
    -0.001529667507996     0.004184467965134     0.001860342010614
    -0.002274062280432     0.003952773595068     0.004362887675378
33 74
     0.001969894617512    -0.004076972814198    -0.003629069989986
    -0.003721814452479     0.004373414266268     0.003624917211175
     0.000656909852117    -0.001121659826170    -0.003103004802328
33 75
    -0.022982250817273    -0.001794351582193     0.000682798455192
    -0.002379534470078    -0.020956587683312     0.003888108029269
    -0.002200836231557    -0.004596666421272    -0.020690215935672
33 76
     0.007102042285607     0.000214605334887     0.004761944793571
    -0.002511782992800    -0.001649808399005    -0.001622363249062
     0.010047595635799     0.000566932925766     0.006290154406596
33 77
    -0.001650274755583     0.009655732000860     0.000284656163078
     0.007588544463105     0.005620543281710     0.004982833005935
     0.000324311028846     0.006776141427829    -0.004587351141548
33 78
    -0.000125206250793    -0.003421867539557     0.002280100670717
     0.001227925691250     0.005811301360502    -0.002829146985972
    -0.000194109346335    -0.003115223848033     0.003240659843939
33 79
    -0.000800851079483     0.000710091817906    -0.003679480707104
     0.002139847831274    -0.009394827264434    -0.001863257007132
    -0.007240694166803    -0.000479147693215     0.008239502515511
33 80
     0.009185305672331    -0.003530216032683     0.001152615633173
    -0.000905515567677    -0.000092958271944    -0.000993728965793
     0.003348281863730    -0.002060042784005    -0.001363570661411
41 1
    -0.000351995289383     0.000559662489431    -0.001968622628442
     0.000559662489431     0.001338991646744    -0.000002212174483
    -0.001968622628442    -0.000002212174483     0.000695670007271
41 2
     0.002543317345318    -0.013847321532392     0.018479192330807
    -0.013847321532392    -0.001565596465122     0.018324056336484
     0.018479192330807     0.018324056336484    -0.030715211896491
41 3
    -0.000961466461441     0.002540727515910     0.000629947324903
     0.002540727515910    -0.002837609237075     0.000210988913701
     0.000629947324903     0.000210988913701    -0.000069917100776
41 4
    -0.000049014664314    -0.001455926356253     0.000426836299572
    -0.001455926356253    -0.003065486071250    -0.000658094461487
     0.000426836299572    -0.000658094461487     0.000282899387947
41 5
    -0.003572237430070     0.000578207255971    -0.000356508371951
     0.000578207255971     0.000457736694506     0.000698698309430
    -0.000356508371951     0.000698698309430     0.000282899387947
41 6
    -0.012530500233931    -0.005144448895298     0.025108694453174
    -0.005144448895298     0.013508221114129     0.006841421831661
     0.025108694453174     0.006841421831661    -0.030715211896493
41 7
    -0.000168238970293     0.002082757410367     0.000497695421633
     0.002082757410367    -0.003630836728223     0.000440055929561
     0.000497695421633     0.000440055929561    -0.000069917100776
41 8
     0.001400926846106    -0.000452387577362    -0.000986227113521
    -0.000452387577362    -0.000413930488744    -0.001703771119453
    -0.000986227113521    -0.001703771119453     0.000695670007271
41 9
    -0.020377117689007    -0.017135359969503    -0.005589162124579
    -0.008187059212336     0.000124767402416     0.000559401072538
     0.003142550594818     0.005077267303343     0.006336218762680
41 10
     0.000031968973991    -0.000738611561008     0.001774614803039
    -0.000484020457018     0.000441039616075     0.001860941022528
     0.000613170267093     0.000127652319003    -0.003793833458040
41 11
    -0.001047454222502     0.001024033146071     0.003054252581806
    -0.001276562743199    -0.001193252253383     0.000520050588515
     0.001076749269995    -0.002905085619675    -0.004162835094778
41 12
    -0.003195603159293     0.000241156121659    -0.000087651149117
    -0.002638017279556    -0.004579431594014    -0.001597901566003
     0.001339997774347     0.000874858904807     0.001262298222656
41 13
     0.000702756168194     0.000828245155919     0.000976078505511
     0.000743394124509     0.001610142529818     0.001333921903660
    -0.000667171002479    -0.001512269733690    -0.003596947053844
41 14
    -0.038547941529071     0.026495340640640     0.001521007564312
     0.028663530529835    -0.006701952410597    -0.001185322754559
     0.001787023399295    -0.000724569812765     0.013103461068718
41 15
     0.005964225277936    -0.001927178516720    -0.002825767169089
     0.007021122240440    -0.026216575564522    -0.005260162299462
    -0.003279036602009     0.004560655849480     0.006336218762679
41 16
     0.000868187149100    -0.000255820772507     0.000196034982439
    -0.000001229668518    -0.000395178559034    -0.000594847187650
    -0.000724314798935    -0.002467332012627    -0.003793833458041
41 17
     0.005184841189097     0.003445958223476    -0.004587436324877
     0.008865539031476    -0.004960188377753     0.018690521621252
    -0.009152208034848     0.012433878402039    -0.017140437121748
41 18
    -0.007754965676746    -0.004024842753779    -0.015344158581158
     0.001394738054221     0.007979618488089     0.001709105457881
    -0.018480184696426    -0.005372424415038    -0.017140437121752
41 19
     0.000073839343332     0.001620996185994     0.000259738797573
     0.000682806348421    -0.002487629056166    -0.002112215770389
    -0.000679231758351    -0.000495352438245     0.000094130230239
41 20
    -0.002479175019725     0.004154980391131     0.002564909375707
     0.003431183987281    -0.006956392776066    -0.003867410083578
     0.004725808824232    -0.008892144574237    -0.004751175094085
41 21
    -0.009121993871476     0.000319747138893     0.010063727507529
    -0.000404049264954    -0.000313573924316     0.000353401791904
     0.004631730067084    -0.000287571635977    -0.004751175094085
41 22
    -0.002844837716345    -0.000064102800089     0.000089371916171
    -0.001002292637660     0.000431048003510     0.000835908176911
     0.001959101914217     0.000831167488149     0.000094130230240
41 23
    -0.000143013056402    -0.001934333178762    -0.001511727176522
    -0.002289398136864    -0.002099657601594    -0.001319804627225
    -0.001126531424404     0.000385341828258     0.000950043293896
41 24
     0.000218432843750    -0.001725652291012    -0.000896981524614
    -0.002080717249114    -0.002461103501746     0.000782933917566
     0.000387120746948     0.001969096452071     0.000950043293896
41 25
     0.002907103704665    -0.004761010573257    -0.006191950546311
    -0.010180591381256    -0.002682450893321    -0.014142983859919
    -0.013892748371553    -0.013318097206213    -0.017140437121757
41 26
    -0.002552182802487     0.003473335050312    -0.002066820691378
     0.004197131454159    -0.006883384993302     0.004154981719554
    -0.005337918683296     0.008538742782330    -0.004751175094083
41 27
     0.002907103704667     0.010180591381256     0.013892748371551
     0.004761010573255    -0.002682450893320    -0.013318097206212
     0.006191950546309    -0.014142983859918    -0.017140437121755
41 28
    -0.000849686196239     0.001216004067296    -0.001699363116645
     0.002154193904867    -0.001564103516595     0.001281048282240
    -0.000768603674522    -0.000340555738667     0.000094130230240
41 29
    -0.000849686196239    -0.002154193904868     0.000768603674522
    -0.001216004067296    -0.001564103516595    -0.000340555738667
     0.001699363116644     0.001281048282240     0.000094130230240
41 30
    -0.003439425774344     0.000031148408699     0.000229549899789
     0.000386213366801     0.001196755116346    -0.001168275745824
     0.001898847923470    -0.000649291824847     0.000950043293896
41 31
    -0.002552182802488    -0.004197131454161     0.005337918683297
    -0.003473335050312    -0.006883384993303     0.008538742782329
     0.002066820691377     0.004154981719554    -0.004751175094082
41 32
    -0.003439425774344    -0.000386213366801    -0.001898847923470
    -0.000031148408700     0.001196755116346    -0.000649291824847
    -0.000229549899790    -0.001168275745824     0.000950043293895
41 33
    -0.015965633018817     0.019682331831363    -0.005968317763906
     0.010734031074196    -0.004286717267773     0.000182894996119
     0.002310125522567    -0.005120056922022     0.006336218762679
41 34
     0.002063835710630    -0.000042425515706     0.001643249507990
     0.000042425515705     0.000249062987382     0.000178347830030
    -0.001643249507990     0.000178347830031    -0.003596947053844
41 35
    -0.000190643237991     0.000610086340495    -0.000417135284655
     0.000355495236505     0.000663651828058     0.000467194868646
    -0.002498929601974     0.000606390990099    -0.003793833458040
41 36
     0.009221042148639     0.001084094944595    -0.000266015834976
    -0.001084094944599    -0.054470936088291     0.001909892567317
     0.000266015834977     0.001909892567310     0.013103461068719
41 37
    -0.001266151268823    -0.001150297944635     0.001977503311810
     0.001150297944634    -0.000974555207062     0.002385035031159
    -0.001977503311810     0.002385035031160    -0.004162835094777
41 38
    -0.015965633018819    -0.010734031074200    -0.002310125522568
    -0.019682331831359    -0.004286717267774    -0.005120056922022
     0.005968317763902     0.000182894996117     0.006336218762678
41 39
    -0.005271345811376    -0.001439586700608    -0.001427648923464
     0.001439586700607    -0.002503688941931     0.000723042661195
     0.001427648923464     0.000723042661195     0.001262298222656
41 40
    -0.000190643237991    -0.000355495236506     0.002498929601973
    -0.000610086340496     0.000663651828058     0.000606390990099
     0.000417135284655     0.000467194868647    -0.003793833458040
41 41
     0.217109111758500    -0.006277456744227    -0.061165436896976
    -0.006277456744227     0.224357694440722    -0.035313881457567
    -0.061165436896976    -0.035313881457567     0.178392903504108
41 42
     0.000482126516512     0.000663132567274    -0.000964932681406
     0.000663132567274     0.000316983370910     0.001515606954062
    -0.000964932681406     0.001515606954062    -0.003075321445132
41 43
     0.000932558806647     0.000403075363313     0.000830087783667
     0.000403075363313    -0.000133448919225    -0.001593459692070
     0.000830087783667    -0.001593459692070    -0.003075321445133
41 44
     0.000528660473612     0.004758845214902    -0.001203308913773
     0.004758845214902    -0.004966380658099    -0.000694730725285
    -0.001203308913773    -0.000694730725285     0.002457581272493
41 45
    -0.002869172178255    -0.002403137447727     0.005236132728782
    -0.002403137447727    -0.000094268073567     0.003023082640476
     0.005236132728782     0.003023082640476    -0.007587869008378
41 46
    -0.005195913425944     0.000319863457608     0.000421239997165
     0.000319863457608     0.001674436022097    -0.000596413787597
     0.000421239997165    -0.000596413787597     0.001194152828121
41 47
     0.000233858540118    -0.002815016848637    -0.000305889492645
    -0.002815016848637    -0.003755335943965     0.000663011432433
    -0.000305889492645     0.000663011432433     0.001194152828121
41 48
    -0.001074116635854     0.000320350070106     0.001408245920933
     0.000320350070106    -0.001444025034277     0.000813051161536
     0.001408245920933     0.000813051161536    -0.002095873265460
41 49
    -0.000435310233710     0.000664060564757    -0.009318407451792
     0.001040388380321    -0.005621145228448    -0.001667345335937
    -0.004356260810081     0.001297823810885     0.011352208469806
41 50
     0.009156428374794    -0.000292002307852     0.004249262824162
    -0.002615956028441    -0.000722250897014    -0.000735450268433
    -0.002067469352058     0.000211552121693    -0.002759959109820
41 51
    -0.004510705698075     0.010081895567000     0.003704100629134
     0.011722106667268     0.006688678119824     0.004497398968690
     0.002637331063294     0.001324136341503    -0.006292959310017
41 52
    -0.000296954083569    -0.001272720302160     0.000351585720969
     0.001168769677382     0.002211378173494    -0.002312987887294
    -0.000487773535459    -0.001984246171935     0.003659672601141
41 53
    -0.026594944367313    -0.015183090584639     0.006183960230368
    -0.016193420793914    -0.060216524337219     0.016385876798510
     0.010920346346838     0.023763619910919    -0.027199432934337
41 54
     0.003155348455296    -0.000148875344480     0.002384384894787
    -0.001888491705203     0.000242228056057    -0.001690676607502
     0.005350529919851    -0.000112716216128     0.005339227615801
41 55
    -0.000135993186817    -0.000081873676939    -0.001330536632926
     0.000434675359402    -0.000109285884049     0.001078734020156
    -0.000573518283011     0.001020418107583     0.002961441368214
41 56
     0.005004319616548    -0.006836941461010    -0.003282025557342
    -0.005359086505107     0.005362139220499     0.002041239654444
    -0.001910213726938    -0.000189172917323    -0.003340774002199
41 57
    -0.065397557312718     0.006209278235377     0.017282565685979
     0.007219608444650    -0.021413911391810    -0.002837471743763
     0.026040071702155    -0.002424512600973    -0.027199432934341
41 58
     0.000036804900015     0.000334910337455     0.000268942748918
    -0.000181638698887    -0.000282083970881    -0.001691645534858
     0.000596948862143    -0.001006890456414     0.002961441368214
41 59
     0.000088302344938    -0.000117731807771    -0.000271976444287
     0.001621884552953     0.003309274166414     0.002910276195036
     0.002577649853340     0.004690052942364     0.005339227615802
41 60
    -0.000008350702450    -0.002465019947074     0.000126752617289
    -0.003942874902978     0.010374809539497    -0.003862937335748
    -0.001118935415579    -0.001559707155522    -0.003340774002200
41 61
    -0.003586638436818     0.002859808566691    -0.006103167143698
     0.002483480751126    -0.002469817025340    -0.007236304908099
    -0.001054182015177    -0.004421544432485     0.011352208469806
41 62
     0.013330242084874     0.001421630662184     0.005746912072406
    -0.000218580438084    -0.011152269663125     0.000959145758659
     0.002465401241462     0.001621927528250    -0.006292959310017
41 63
     0.000488236024750     0.002388627158244     0.001487712796398
     0.004712580878833     0.007945941453030     0.004047694687299
    -0.000850525164418    -0.001896257041273    -0.002759959109820
41 64
     0.001539283168330     0.000108617605702    -0.001827313408558
    -0.002332872373840     0.000375140921594     0.001460976109614
    -0.001962294359988     0.000569698812966     0.003659672601141
41 65
    -0.000800851079482    -0.000710091817907     0.003679480707104
    -0.002139847831275    -0.009394827264436    -0.001863257007131
     0.007240694166802    -0.000479147693215     0.008239502515511
41 66
    -0.022982250817269     0.001794351582191    -0.000682798455194
     0.002379534470076    -0.020956587683315     0.003888108029272
     0.002200836231555    -0.004596666421270    -0.020690215935672
41 67
    -0.001650274755583    -0.009655732000862    -0.000284656163077
    -0.007588544463104     0.005620543281709     0.004982833005935
    -0.000324311028846     0.006776141427831    -0.004587351141549
41 68
    -0.001627965786533    -0.002679162899985    -0.001867357649838
     0.001529667507996     0.004184467965134     0.001860342010614
     0.002274062280432     0.003952773595068     0.004362887675378
41 69
     0.009185305672330     0.003530216032684    -0.001152615633173
     0.000905515567676    -0.000092958271945    -0.000993728965793
    -0.003348281863730    -0.002060042784005    -0.001363570661411
41 70
     0.007102042285606    -0.000214605334886    -0.004761944793571
     0.002511782992799    -0.001649808399006    -0.001622363249062
    -0.010047595635797     0.000566932925766     0.006290154406595
41 71
    -0.000125206250793     0.003421867539557    -0.002280100670717
    -0.001227925691250     0.005811301360502    -0.002829146985972
     0.000194109346335    -0.003115223848034     0.003240659843939
41 72
     0.001969894617512     0.004076972814198     0.003629069989985
     0.003721814452479     0.004373414266268     0.003624917211175
    -0.000656909852117    -0.001121659826170    -0.003103004802328
41 73
     0.002233613421720    -0.000699816287386     0.000677424616000
    -0.004908646695367     0.000322888756881    -0.002547350168018
     0.004560233488953    -0.000006991092892     0.004362887675377
41 74
    -0.019655657789920     0.000458925090252     0.003025801098410
    -0.000126257797633    -0.024283180710664    -0.002535374822499
    -0.002880411777766     0.004204313296730    -0.020690215935671
41 75
    -0.003664151971451    -0.006425831910408     0.004172931884416
    -0.008493019448166     0.007634420497578    -0.002737935971533
     0.005706155101713    -0.003668932303622    -0.004587351141551
41 76
    -0.008480393285919     0.002293937928865     0.000226112451598
     0.003723693942232    -0.001715285058000     0.004118152268651
     0.003205393008913     0.006510198936091     0.008239502515512
41 77
     0.007149508299907     0.000731363098650     0.004953805386485
     0.001086521460370    -0.000806199416126     0.001330408197852
    -0.001299840829927    -0.000008070706844    -0.003103004802328
41 78
     0.001532861376527     0.005727151089821    -0.003785980184638
     0.003000762762137     0.003919372510075    -0.003312783538121
    -0.004532819501943    -0.008984939530437     0.006290154406595
41 79
     0.005277179145209    -0.004346994353897    -0.003590163496251
     0.000302798876910     0.000408915964500    -0.000560051611041
    -0.002600808317705     0.001725715549055     0.003240659843940
41 80
     0.004147335839265     0.003814188806965    -0.001436902345440
     0.006438889271974     0.004945011561120    -0.000501329936230
    -0.003458190315696    -0.001869675761017    -0.001363570661411
49 1
     0.002233613421720    -0.004908646695367     0.004560233488953
    -0.000699816287386     0.000322888756881    -0.000006991092892
     0.000677424616000    -0.002547350168018     0.004362887675377
49 2
    -0.019655657789920    -0.000126257797633    -0.002880411777766
     0.000458925090252    -0.024283180710664     0.004204313296730
     0.003025801098410    -0.002535374822499    -0.020690215935671
49 3
    -0.003664151971451    -0.008493019448166     0.005706155101713
    -0.006425831910408     0.007634420497578    -0.003668932303622
     0.004172931884416    -0.002737935971533    -0.004587351141551
49 4
    -0.008480393285919     0.003723693942232     0.003205393008913
     0.002293937928865    -0.001715285058000     0.006510198936091
     0.000226112451598     0.004118152268651     0.008239502515512
49 5
     0.007149508299907     0.001086521460370    -0.001299840829927
     0.000731363098650    -0.000806199416126    -0.000008070706844
     0.004953805386485     0.001330408197852    -0.003103004802328
49 6
     0.001532861376527     0.003000762762137    -0.004532819501943
     0.005727151089821     0.003919372510075    -0.008984939530437
    -0.003785980184638    -0.003312783538121     0.006290154406595
49 7
     0.005277179145209     0.000302798876910    -0.002600808317705
    -0.004346994353897     0.000408915964500     0.001725715549055
    -0.003590163496251    -0.000560051611041     0.003240659843940
49 8
     0.004147335839265     0.006438889271974    -0.003458190315696
     0.003814188806965     0.004945011561120    -0.001869675761017
    -0.001436902345440    -0.000501329936230    -0.001363570661411
49 9
    -0.005062734522710     0.002007584094151     0.003302078794904
     0.001631256278588    -0.000993720939449     0.003123720621597
     0.003215240308095     0.008903650244033     0.011352208469807
49 10
    -0.005552577754175    -0.009480370454951    -0.000171929821831
    -0.011120581555216     0.007730550175924    -0.002946063869752
     0.002042811443270    -0.005456544727346    -0.006292959310018
49 11
    -0.038224701376769     0.021897533924660     0.015119725355323
     0.022907864133928    -0.048586767327762    -0.021339107309951
     0.011098605455616    -0.013548405054757    -0.027199432934346
49 12
    -0.000268730319497     0.000158509496223     0.001170467145154
    -0.000358039540118     0.000023451248630    -0.000013527651169
     0.001599479381844     0.000612911514702     0.002961441368214
49 13
     0.003006601817127     0.003842606326391     0.001216944187639
     0.006166560046979     0.005427575660653     0.001684704919581
    -0.002761550027764    -0.003312244418864    -0.002759959109820
49 14
     0.001629307050127     0.000160592918091    -0.001474520824529
    -0.002280897061451     0.000285117039798     0.001414547358969
    -0.002178899129527     0.000852011777680     0.003659672601141
49 15
     0.001852713966796     0.000900951717071    -0.002772880066511
     0.002640568077794     0.001544862544557    -0.004577336726235
    -0.002656361339073    -0.001219599587535     0.005339227615801
49 16
     0.010553719341474     0.003632994035985     0.000791278311359
     0.002155139080080    -0.000187260504426     0.001748880072847
     0.003408778174631     0.001821697681305    -0.003340774002199
49 17
     0.003229105632715     0.000125068591392    -0.002286171208521
     0.004333898999372    -0.000672603454114    -0.003945782502176
    -0.002544782265837     0.000687008157403     0.004362887675377
49 18
     0.011269829516226    -0.002196306321574    -0.006030466130560
    -0.000129118783818    -0.007299560990097    -0.003107209124207
    -0.004457588047493    -0.002244897034400    -0.004587351141550
49 19
     0.000395560408253     0.003168030534689     0.000642930977810
     0.002812872172969     0.005947748475527     0.001129730533015
    -0.001324735396500    -0.004955325409025    -0.003103004802329
49 20
     0.003377169770149     0.005443965278051     0.002794917664041
     0.000794172047244     0.002308925339560     0.001389508298979
     0.001310062825534     0.003389198597013     0.003240659843940
49 21
    -0.023270349143689     0.001628017935883     0.005081248009322
     0.002213200823768    -0.020668489356896     0.000392353124537
    -0.003708599553603    -0.001352733206775    -0.020690215935672
49 22
    -0.006012273150476    -0.003718907753455     0.004035301157890
    -0.005148663766822    -0.004183405193441    -0.006031051242877
     0.003453368255505    -0.002254895261523     0.008239502515510
49 23
    -0.000456552832232    -0.004578562260866    -0.005514776133855
    -0.001852173933180     0.005908786718831     0.008418006604671
    -0.000975964608932     0.004935146787183     0.006290154406598
49 24
     0.000305879588984    -0.001596323006786     0.000109908451967
    -0.004221023471793     0.008786467811401     0.003929718545023
     0.000284286712266     0.001495058902025    -0.001363570661410
49 25
    -0.001627965786534    -0.001529667507996    -0.002274062280432
     0.002679162899984     0.004184467965134     0.003952773595068
     0.001867357649838     0.001860342010614     0.004362887675378
49 26
     0.001969894617512    -0.003721814452479     0.000656909852117
    -0.004076972814198     0.004373414266268    -0.001121659826170
    -0.003629069989986     0.003624917211175    -0.003103004802328
49 27
    -0.022982250817273    -0.002379534470078    -0.002200836231557
    -0.001794351582193    -0.020956587683312    -0.004596666421272
     0.000682798455192     0.003888108029269    -0.020690215935672
49 28
     0.007102042285607    -0.002511782992800     0.010047595635799
     0.000214605334887    -0.001649808399005     0.000566932925766
     0.004761944793571    -0.001622363249062     0.006290154406596
49 29
    -0.001650274755583     0.007588544463105     0.000324311028846
     0.009655732000860     0.005620543281710     0.006776141427829
     0.000284656163078     0.004982833005935    -0.004587351141548
49 30
    -0.000125206250793     0.001227925691250    -0.000194109346335
    -0.003421867539557     0.005811301360502    -0.003115223848033
     0.002280100670717    -0.002829146985972     0.003240659843939
49 31
    -0.000800851079483     0.002139847831274    -0.007240694166803
     0.000710091817906    -0.009394827264434    -0.000479147693215
    -0.003679480707104    -0.001863257007132     0.008239502515511
49 32
     0.009185305672331    -0.000905515567677     0.003348281863730
    -0.003530216032683    -0.000092958271944    -0.002060042784005
     0.001152615633173    -0.000993728965793    -0.001363570661411
49 33
    -0.003586638436818    -0.002483480751127     0.001054182015177
    -0.002859808566690    -0.002469817025340    -0.004421544432483
     0.006103167143697    -0.007236304908100     0.011352208469805
49 34
    -0.065397557312728    -0.007219608444653    -0.026040071702161
    -0.006209278235383    -0.021413911391808    -0.002424512600977
    -0.017282565685984    -0.002837471743766    -0.027199432934342
49 35
     0.000488236024750    -0.004712580878833     0.000850525164418
    -0.002388627158244     0.007945941453029    -0.001896257041273
    -0.001487712796398     0.004047694687300    -0.002759959109820
49 36
     0.000088302344938    -0.001621884552953    -0.002577649853340
     0.000117731807771     0.003309274166414     0.004690052942363
     0.000271976444287     0.002910276195036     0.005339227615802
49 37
     0.013330242084875     0.000218580438083    -0.002465401241463
    -0.001421630662184    -0.011152269663123     0.001621927528249
    -0.005746912072405     0.000959145758658    -0.006292959310017
49 38
     0.000036804900014     0.000181638698887    -0.000596948862143
    -0.000334910337455    -0.000282083970880    -0.001006890456414
    -0.000268942748918    -0.001691645534858     0.002961441368214
49 39
     0.001539283168330     0.002332872373840     0.001962294359988
    -0.000108617605702     0.000375140921595     0.000569698812966
     0.001827313408558     0.001460976109614     0.003659672601141
49 40
    -0.000008350702450     0.003942874902979     0.001118935415579
     0.002465019947074     0.010374809539496    -0.001559707155523
    -0.000126752617289    -0.003862937335747    -0.003340774002200
49 41
    -0.000435310233710     0.001040388380321    -0.004356260810081
     0.000664060564757    -0.005621145228448     0.001297823810885
    -0.009318407451792    -0.001667345335937     0.011352208469806
49 42
     0.009156428374794    -0.002615956028441    -0.002067469352058
    -0.000292002307852    -0.000722250897014     0.000211552121693
     0.004249262824162    -0.000735450268433    -0.002759959109820
49 43
    -0.004510705698075     0.011722106667268     0.002637331063294
     0.010081895567000     0.006688678119824     0.001324136341503
     0.003704100629134     0.004497398968690    -0.006292959310017
49 44
    -0.000296954083569     0.001168769677382    -0.000487773535459
    -0.001272720302160     0.002211378173494    -0.001984246171935
     0.000351585720969    -0.002312987887294     0.003659672601141
49 45
    -0.026594944367313    -0.016193420793914     0.010920346346838
    -0.015183090584639    -0.060216524337219     0.023763619910919
     0.006183960230368     0.016385876798510    -0.027199432934337
49 46
     0.003155348455296    -0.001888491705203     0.005350529919851
    -0.000148875344480     0.000242228056057    -0.000112716216128
     0.002384384894787    -0.001690676607502     0.005339227615801
49 47
    -0.000135993186817     0.000434675359402    -0.000573518283011
    -0.000081873676939    -0.000109285884049     0.001020418107583
    -0.001330536632926     0.001078734020156     0.002961441368214
49 48
     0.005004319616548    -0.005359086505107    -0.001910213726938
    -0.006836941461010     0.005362139220499    -0.000189172917323
    -0.003282025557342     0.002041239654444    -0.003340774002199
49 49
     0.260962870935245    -0.000000000000000    -0.000000000000000
    -0.000000000000000     0.260962870935245     0.000000000000003
    -0.000000000000000     0.000000000000003     0.222813730406108
49 50
     0.001828977050632     0.003472914144526    -0.006991314535003
     0.003472914144526     0.000369572048403     0.001865267225843
    -0.006991314535003     0.001865267225843    -0.010000741683826
49 51
     0.003742055173282    -0.002368397975433     0.001880288465075
    -0.002368397975433    -0.001543506074247    -0.006987289606081
     0.001880288465075    -0.006987289606081    -0.010000741683828
49 52
    -0.003787504634120     0.008811251632324     0.000141058733757
     0.008811251632324    -0.011727643097442    -0.000172733764250
     0.000141058733757    -0.000172733764250     0.007675908182683
49 53
    -0.002273208575361    -0.001104516169094     0.005111026069928
    -0.001104516169094     0.004471757674395     0.005122022380240
     0.005111026069928     0.005122022380240    -0.010000741683826
49 54
    -0.017373376234341    -0.000967445006761    -0.000220121194809
    -0.000967445006761     0.001858228502779    -0.000035793564734
    -0.000220121194809    -0.000035793564734     0.007675908182683
49 55
    -0.002111840728881    -0.007843806625563     0.000079062461052
    -0.007843806625563    -0.013403307002681     0.000208527328981
     0.000079062461052     0.000208527328981     0.007675908182683
49 56
    -0.003562097544308    -0.000000000000000     0.000000000000000
    -0.000000000000000    -0.003562097544308     0.000000000000000
     0.000000000000000     0.000000000000000    -0.005109372836115
49 57
     0.038882509328973     0.000165214901874     0.000000000000000
    -0.000165214901874     0.038882509328972     0.000000000000009
    -0.000000000000000     0.000000000000009    -0.087484864972490
49 58
    -0.022903920485585     0.040046353493667    -0.027742054563421
     0.012246065045564     0.007287121434612     0.004884269035899
    -0.018100928345716     0.021583189487152    -0.011784462435996
49 59
     0.022382642394715     0.013900144224051     0.009641126217708
    -0.013900144224051    -0.037999441445682    -0.026467458523050
    -0.009641126217708    -0.026467458523050    -0.011784462436001
49 60
    -0.000865197948388     0.003172263463135    -0.001945073324614
     0.004226343539749    -0.005136785693132    -0.000194144636572
    -0.001140670849587    -0.001587410593053    -0.001861092581620
49 61
    -0.022903920485585    -0.012246065045564     0.018100928345716
    -0.040046353493667     0.007287121434612     0.021583189487152
     0.027742054563421     0.004884269035899    -0.011784462435996
49 62
    -0.007272579565503    -0.000527040038307     0.000804402475027
     0.000527040038307     0.001270595923982     0.001781555229626
    -0.000804402475027     0.001781555229626    -0.001861092581619
49 63
    -0.000865197948388    -0.004226343539749     0.001140670849587
    -0.003172263463135    -0.005136785693132    -0.001587410593053
     0.001945073324614    -0.000194144636572    -0.001861092581620
49 64
    -0.006105746135338    -0.001849151015114    -0.000000000000000
     0.001849151015114    -0.006105746135339    -0.000000000000000
     0.000000000000000    -0.000000000000000    -0.000842711225779
49 65
    -0.004066586345175     0.002803229513395     0.000000000000000
    -0.002803229513395    -0.004066586345176     0.000000000000000
    -0.000000000000000     0.000000000000000    -0.001805824742198
49 66
    -0.012351145522096     0.006764805391442     0.013173525621831
     0.021865509547027     0.002121915961489    -0.011465946621111
     0.022013902462802    -0.005138374903482    -0.010663147486385
49 67
     0.010900940618125    -0.008440911354751     0.003343038241404
     0.006659792800834    -0.021130170178736     0.017141581156466
    -0.006556988030815     0.021633786220959    -0.010663147486381
49 68
    -0.012351145522096    -0.021865509547027    -0.022013902462802
    -0.006764805391442     0.002121915961489    -0.005138374903482
    -0.013173525621831    -0.011465946621111    -0.010663147486385
49 69
    -0.013893639436940    -0.020974950270068    -0.016516563863236
    -0.005874246114484     0.003664409876334    -0.005675634535353
    -0.015456914431986    -0.016495411317475    -0.010663147486386
49 70
     0.010900940618125    -0.006659792800834     0.006556988030815
     0.008440911354751    -0.021130170178736     0.021633786220959
    -0.003343038241404     0.017141581156466    -0.010663147486381
49 71
    -0.013893639436940     0.005874246114484     0.015456914431986
     0.020974950270068     0.003664409876334    -0.016495411317475
     0.016516563863236    -0.005675634535353    -0.010663147486386
49 72
    -0.004066586345175     0.002803229513395     0.000000000000000
    -0.002803229513395    -0.004066586345176     0.000000000000000
    -0.000000000000000     0.000000000000000    -0.001805824742198
49 73
    -0.003094729594760    -0.000000000000000     0.000000000000000
    -0.000000000000000    -0.003094729594760    -0.000000000000001
     0.000000000000000    -0.000000000000001     0.007345989730803
49 74
     0.001113504981161    -0.003304148824816     0.001689463091570
    -0.003304148824816    -0.004119521119396    -0.001020691279059
     0.001689463091570    -0.001020691279059    -0.008061088873331
49 75
    -0.005672741414431    -0.000613892358466     0.000039213031301
    -0.000613892358466     0.002666725276196     0.001973463595587
     0.000039213031301     0.001973463595587    -0.008061088873330
49 76
    -0.042630222849951    -0.039097087415104     0.020129562482663
    -0.039097087415104    -0.001391704813552    -0.001306888824305
     0.020129562482663    -0.001306888824305     0.030096187089412
49 77
     0.000050212225919     0.003918041183283    -0.001728676122871
     0.003918041183283    -0.003056228364154    -0.000952772316526
    -0.001728676122871    -0.000952772316526    -0.008061088873331
49 78
     0.022157736592808     0.001691741590580    -0.011196580163101
     0.001691741590580    -0.066179664256309    -0.016779268064910
    -0.011196580163101    -0.016779268064910     0.030096187089410
49 79
    -0.045560405238111     0.037405345824524    -0.008932982319562
     0.037405345824524     0.001538477574605     0.018086156889204
    -0.008932982319562     0.018086156889204     0.030096187089415
49 80
     0.006467574211002    -0.000000000000000    -0.000000000000000
    -0.000000000000000     0.006467574211001     0.000000000000002
    -0.000000000000000     0.000000000000002    -0.015651825588933
57 1
    -0.000800851079482    -0.002139847831275     0.007240694166802
    -0.000710091817907    -0.009394827264436    -0.000479147693215
     0.003679480707104    -0.001863257007131     0.008239502515511
57 2
    -0.022982250817269     0.002379534470076     0.002200836231555
     0.001794351582191    -0.020956587683315    -0.004596666421270
    -0.000682798455194     0.003888108029272    -0.020690215935672
57 3
    -0.001650274755583    -0.007588544463104    -0.000324311028846
    -0.009655732000862     0.005620543281709     0.006776141427831
    -0.000284656163077     0.004982833005935    -0.004587351141549
57 4
    -0.001627965786533     0.001529667507996     0.002274062280432
    -0.002679162899985     0.004184467965134     0.003952773595068
    -0.001867357649838     0.001860342010614     0.004362887675378
57 5
     0.009185305672330     0.000905515567676    -0.003348281863730
     0.003530216032684    -0.000092958271945    -0.002060042784005
    -0.001152615633173    -0.000993728965793    -0.001363570661411
57 6
     0.007102042285606     0.002511782992799    -0.010047595635797
    -0.000214605334886    -0.001649808399006     0.000566932925766
    -0.004761944793571    -0.001622363249062     0.006290154406595
57 7
    -0.000125206250793    -0.001227925691250     0.000194109346335
     0.003421867539557     0.005811301360502    -0.003115223848034
    -0.002280100670717    -0.002829146985972     0.003240659843939
57 8
     0.001969894617512     0.003721814452479    -0.000656909852117
     0.004076972814198     0.004373414266268    -0.001121659826170
     0.003629069989985     0.003624917211175    -0.003103004802328
57 9
    -0.038224701376764    -0.021897533924651    -0.015119725355316
    -0.022907864133922    -0.048586767327759    -0.021339107309949
    -0.011098605455611    -0.013548405054754    -0.027199432934344
57 10
     0.001852713966796    -0.000900951717071     0.002772880066511
    -0.002640568077793     0.001544862544557    -0.004577336726235
     0.002656361339073    -0.001219599587534     0.005339227615800
57 11
    -0.005062734522710    -0.002007584094152    -0.003302078794905
    -0.001631256278586    -0.000993720939449     0.003123720621598
    -0.003215240308094     0.008903650244033     0.011352208469808
57 12
     0.003006601817127    -0.003842606326391    -0.001216944187639
    -0.006166560046979     0.005427575660653     0.001684704919581
     0.002761550027764    -0.003312244418863    -0.002759959109820
57 13
    -0.000268730319497    -0.000158509496223    -0.001170467145154
     0.000358039540119     0.000023451248630    -0.000013527651169
    -0.001599479381844     0.000612911514702     0.002961441368214
57 14
     0.010553719341474    -0.003632994035985    -0.000791278311358
    -0.002155139080081    -0.000187260504426     0.001748880072847
    -0.003408778174632     0.001821697681306    -0.003340774002199
57 15
    -0.005552577754176     0.009480370454951     0.000171929821833
     0.011120581555217     0.007730550175923    -0.002946063869752
    -0.002042811443269    -0.005456544727347    -0.006292959310018
57 16
     0.001629307050126    -0.000160592918091     0.001474520824528
     0.002280897061451     0.000285117039798     0.001414547358969
     0.002178899129527     0.000852011777680     0.003659672601141
57 17
    -0.006012273150477     0.003718907753457    -0.004035301157890
     0.005148663766823    -0.004183405193442    -0.006031051242876
    -0.003453368255504    -0.002254895261523     0.008239502515510
57 18
     0.011269829516226     0.002196306321576     0.006030466130561
     0.000129118783817    -0.007299560990097    -0.003107209124208
     0.004457588047492    -0.002244897034400    -0.004587351141551
57 19
     0.000305879588983     0.001596323006785    -0.000109908451967
     0.004221023471793     0.008786467811400     0.003929718545023
    -0.000284286712266     0.001495058902025    -0.001363570661410
57 20
     0.003377169770149    -0.005443965278052    -0.002794917664041
    -0.000794172047244     0.002308925339561     0.001389508298979
    -0.001310062825534     0.003389198597014     0.003240659843940
57 21
    -0.023270349143689    -0.001628017935880    -0.005081248009319
    -0.002213200823765    -0.020668489356896     0.000392353124538
     0.003708599553606    -0.001352733206775    -0.020690215935671
57 22
     0.003229105632716    -0.000125068591392     0.002286171208522
    -0.004333898999372    -0.000672603454114    -0.003945782502176
     0.002544782265837     0.000687008157403     0.004362887675376
57 23
    -0.000456552832232     0.004578562260865     0.005514776133854
     0.001852173933181     0.005908786718831     0.008418006604670
     0.000975964608933     0.004935146787182     0.006290154406597
57 24
     0.000395560408253    -0.003168030534689    -0.000642930977809
    -0.002812872172968     0.005947748475527     0.001129730533015
     0.001324735396500    -0.004955325409025    -0.003103004802329
57 25
    -0.008480393285920    -0.003723693942233    -0.003205393008912
    -0.002293937928865    -0.001715285057999     0.006510198936091
    -0.000226112451599     0.004118152268651     0.008239502515513
57 26
     0.004147335839265    -0.006438889271975     0.003458190315696
    -0.003814188806965     0.004945011561119    -0.001869675761017
     0.001436902345440    -0.000501329936230    -0.001363570661411
57 27
    -0.019655657789924     0.000126257797631     0.002880411777765
    -0.000458925090254    -0.024283180710661     0.004204313296727
    -0.003025801098412    -0.002535374822501    -0.020690215935671
57 28
     0.001532861376526    -0.003000762762138     0.004532819501943
    -0.005727151089820     0.003919372510074    -0.008984939530435
     0.003785980184638    -0.003312783538121     0.006290154406594
57 29
    -0.003664151971452     0.008493019448167    -0.005706155101715
     0.006425831910406     0.007634420497578    -0.003668932303623
    -0.004172931884415    -0.002737935971532    -0.004587351141551
57 30
     0.005277179145210    -0.000302798876910     0.002600808317706
     0.004346994353897     0.000408915964500     0.001725715549055
     0.003590163496252    -0.000560051611041     0.003240659843940
57 31
     0.002233613421720     0.004908646695368    -0.004560233488954
     0.000699816287386     0.000322888756881    -0.000006991092892
    -0.000677424616000    -0.002547350168018     0.004362887675377
57 32
     0.007149508299907    -0.001086521460371     0.001299840829926
    -0.000731363098650    -0.000806199416125    -0.000008070706845
    -0.004953805386485     0.001330408197851    -0.003103004802328
57 33
    -0.026594944367316     0.016193420793912    -0.010920346346840
     0.015183090584634    -0.060216524337208     0.023763619910912
    -0.006183960230369     0.016385876798505    -0.027199432934335
57 34
    -0.000435310233710    -0.001040388380322     0.004356260810082
    -0.000664060564757    -0.005621145228448     0.001297823810886
     0.009318407451792    -0.001667345335938     0.011352208469807
57 35
    -0.000135993186817    -0.000434675359403     0.000573518283011
     0.000081873676939    -0.000109285884049     0.001020418107583
     0.001330536632926     0.001078734020155     0.002961441368214
57 36
    -0.004510705698077    -0.011722106667269    -0.002637331063295
    -0.010081895566999     0.006688678119823     0.001324136341502
    -0.003704100629136     0.004497398968690    -0.006292959310017
57 37
     0.003155348455296     0.001888491705203    -0.005350529919851
     0.000148875344479     0.000242228056057    -0.000112716216128
    -0.002384384894786    -0.001690676607502     0.005339227615801
57 38
     0.009156428374794     0.002615956028441     0.002067469352058
     0.000292002307852    -0.000722250897013     0.000211552121692
    -0.004249262824162    -0.000735450268433    -0.002759959109820
57 39
     0.005004319616549     0.005359086505108     0.001910213726937
     0.006836941461010     0.005362139220499    -0.000189172917324
     0.003282025557343     0.002041239654445    -0.003340774002199
57 40
    -0.000296954083570    -0.001168769677382     0.000487773535459
     0.001272720302159     0.002211378173494    -0.001984246171935
    -0.000351585720969    -0.002312987887294     0.003659672601140
57 41
    -0.065397557312718     0.007219608444650     0.026040071702155
     0.006209278235377    -0.021413911391810    -0.002424512600973
     0.017282565685979    -0.002837471743763    -0.027199432934341
57 42
     0.000036804900015    -0.000181638698887     0.000596948862143
     0.000334910337455    -0.000282083970881    -0.001006890456414
     0.000268942748918    -0.001691645534858     0.002961441368214
57 43
     0.000088302344938     0.001621884552953     0.002577649853340
    -0.000117731807771     0.003309274166414     0.004690052942364
    -0.000271976444287     0.002910276195036     0.005339227615802
57 44
    -0.000008350702450    -0.003942874902978    -0.001118935415579
    -0.002465019947074     0.010374809539497    -0.001559707155522
     0.000126752617289    -0.003862937335748    -0.003340774002200
57 45
    -0.003586638436818     0.002483480751126    -0.001054182015177
     0.002859808566691    -0.002469817025340    -0.004421544432485
    -0.006103167143698    -0.007236304908099     0.011352208469806
57 46
     0.013330242084874    -0.000218580438084     0.002465401241462
     0.001421630662184    -0.011152269663125     0.001621927528250
     0.005746912072406     0.000959145758659    -0.006292959310017
57 47
     0.000488236024750     0.004712580878833    -0.000850525164418
     0.002388627158244     0.007945941453030    -0.001896257041273
     0.001487712796398     0.004047694687299    -0.002759959109820
57 48
     0.001539283168330    -0.002332872373840    -0.001962294359988
     0.000108617605702     0.000375140921594     0.000569698812966
    -0.001827313408558     0.001460976109614     0.003659672601141
57 49
     0.038882509328973    -0.000165214901874    -0.000000000000000
     0.000165214901874     0.038882509328972     0.000000000000009
     0.000000000000000     0.000000000000009    -0.087484864972490
57 50
    -0.022903920485585     0.012246065045564    -0.018100928345716
     0.040046353493667     0.007287121434612     0.021583189487152
    -0.027742054563421     0.004884269035899    -0.011784462435996
57 51
     0.022382642394715    -0.013900144224051    -0.009641126217708
     0.013900144224051    -0.037999441445682    -0.026467458523050
     0.009641126217708    -0.026467458523050    -0.011784462436001
57 52
    -0.000865197948388     0.004226343539749    -0.001140670849587
     0.003172263463135    -0.005136785693132    -0.001587410593053
    -0.001945073324614    -0.000194144636572    -0.001861092581620
57 53
    -0.022903920485585    -0.040046353493667     0.027742054563421
    -0.012246065045564     0.007287121434612     0.004884269035899
     0.018100928345716     0.021583189487152    -0.011784462435996
57 54
    -0.007272579565503     0.000527040038307    -0.000804402475027
    -0.000527040038307     0.001270595923982     0.001781555229626
     0.000804402475027     0.001781555229626    -0.001861092581619
57 55
    -0.000865197948388    -0.003172263463135     0.001945073324614
    -0.004226343539749    -0.005136785693132    -0.000194144636572
     0.001140670849587    -0.001587410593053    -0.001861092581620
57 56
    -0.006105746135338     0.001849151015114     0.000000000000000
    -0.001849151015114    -0.006105746135339    -0.000000000000000
    -0.000000000000000    -0.000000000000000    -0.000842711225779
57 57
     0.260962870935245    -0.000000000000000     0.000000000000000
    -0.000000000000000     0.260962870935244     0.000000000000003
     0.000000000000000     0.000000000000003     0.222813730406108
57 58
    -0.002273208575361     0.001104516169094    -0.005111026069928
     0.001104516169094     0.004471757674395     0.005122022380240
    -0.005111026069928     0.005122022380240    -0.010000741683826
57 59
     0.003742055173282     0.002368397975433    -0.001880288465075
     0.002368397975433    -0.001543506074247    -0.006987289606081
    -0.001880288465075    -0.006987289606081    -0.010000741683828
57 60
    -0.002111840728881     0.007843806625563    -0.000079062461052
     0.007843806625563    -0.013403307002681     0.000208527328981
    -0.000079062461052     0.000208527328981     0.007675908182683
57 61
     0.001828977050631    -0.003472914144526     0.006991314535003
    -0.003472914144526     0.000369572048403     0.001865267225843
     0.006991314535003     0.001865267225843    -0.010000741683826
57 62
    -0.017373376234341     0.000967445006761     0.000220121194809
     0.000967445006761     0.001858228502779    -0.000035793564734
     0.000220121194809    -0.000035793564734     0.007675908182683
57 63
    -0.003787504634120    -0.008811251632324    -0.000141058733757
    -0.008811251632324    -0.011727643097442    -0.000172733764250
    -0.000141058733757    -0.000172733764250     0.007675908182683
57 64
    -0.003562097544308     0.000000000000000    -0.000000000000000
     0.000000000000000    -0.003562097544308     0.000000000000000
    -0.000000000000000     0.000000000000000    -0.005109372836115
57 65
     0.006467574211002     0.000000000000000     0.000000000000000
     0.000000000000000     0.006467574211001     0.000000000000002
     0.000000000000000     0.000000000000002    -0.015651825588933
57 66
    -0.042630222849951     0.039097087415104    -0.020129562482663
     0.039097087415104    -0.001391704813553    -0.001306888824305
    -0.020129562482663    -0.001306888824305     0.030096187089412
57 67
     0.022157736592808    -0.001691741590580     0.011196580163101
    -0.001691741590580    -0.066179664256309    -0.016779268064910
     0.011196580163101    -0.016779268064910     0.030096187089409
57 68
     0.001113504981161     0.003304148824816    -0.001689463091570
     0.003304148824816    -0.004119521119396    -0.001020691279059
    -0.001689463091570    -0.001020691279059    -0.008061088873331
57 69
    -0.045560405238112    -0.037405345824524     0.008932982319562
    -0.037405345824524     0.001538477574605     0.018086156889204
     0.008932982319562     0.018086156889204     0.030096187089414
57 70
    -0.005672741414432     0.000613892358466    -0.000039213031301
     0.000613892358466     0.002666725276196     0.001973463595587
    -0.000039213031301     0.001973463595587    -0.008061088873331
57 71
     0.000050212225919    -0.003918041183283     0.001728676122871
    -0.003918041183283    -0.003056228364154    -0.000952772316526
     0.001728676122871    -0.000952772316526    -0.008061088873331
57 72
    -0.003094729594760     0.000000000000000    -0.000000000000000
     0.000000000000000    -0.003094729594761    -0.000000000000001
    -0.000000000000000    -0.000000000000001     0.007345989730803
57 73
    -0.004066586345175    -0.002803229513395    -0.000000000000000
     0.002803229513395    -0.004066586345176     0.000000000000000
     0.000000000000000     0.000000000000000    -0.001805824742198
57 74
    -0.012351145522096     0.021865509547027     0.022013902462802
     0.006764805391442     0.002121915961489    -0.005138374903482
     0.013173525621831    -0.011465946621111    -0.010663147486385
57 75
     0.010900940618125     0.006659792800834    -0.006556988030815
    -0.008440911354751    -0.021130170178736     0.021633786220959
     0.003343038241404     0.017141581156466    -0.010663147486381
57 76
    -0.012351145522096    -0.006764805391442    -0.013173525621831
    -0.021865509547027     0.002121915961489    -0.011465946621111
    -0.022013902462802    -0.005138374903482    -0.010663147486385
57 77
    -0.013893639436940    -0.005874246114484    -0.015456914431986
    -0.020974950270068     0.003664409876334    -0.016495411317475
    -0.016516563863236    -0.005675634535353    -0.010663147486386
57 78
     0.010900940618125     0.008440911354751    -0.003343038241404
    -0.006659792800834    -0.021130170178736     0.017141581156466
     0.006556988030815     0.021633786220959    -0.010663147486381
57 79
    -0.013893639436940     0.020974950270068     0.016516563863236
     0.005874246114484     0.003664409876334    -0.005675634535353
     0.015456914431986    -0.016495411317475    -0.010663147486386
57 80
    -0.004066586345175    -0.002803229513395    -0.000000000000000
     0.002803229513395    -0.004066586345176     0.000000000000000
     0.000000000000000     0.000000000000000    -0.001805824742198
65 1
    -0.065397557312718     0.007219608444650     0.026040071702155
     0.006209278235377    -0.021413911391810    -0.002424512600973
     0.017282565685979    -0.002837471743763    -0.027199432934341
65 2
     0.000036804900015    -0.000181638698887     0.000596948862143
     0.000334910337455    -0.000282083970881    -0.001006890456414
     0.000268942748918    -0.001691645534858     0.002961441368214
65 3
     0.000088302344938     0.001621884552953     0.002577649853340
    -0.000117731807771     0.003309274166414     0.004690052942364
    -0.000271976444287     0.002910276195036     0.005339227615802
65 4
    -0.000008350702450    -0.003942874902978    -0.001118935415579
    -0.002465019947074     0.010374809539497    -0.001559707155522
     0.000126752617289    -0.003862937335748    -0.003340774002200
65 5
    -0.003586638436818     0.002483480751126    -0.001054182015177
     0.002859808566691    -0.002469817025340    -0.004421544432485
    -0.006103167143698    -0.007236304908099     0.011352208469806
65 6
     0.013330242084874    -0.000218580438084     0.002465401241462
     0.001421630662184    -0.011152269663125     0.001621927528250
     0.005746912072406     0.000959145758659    -0.006292959310017
65 7
     0.000488236024750     0.004712580878833    -0.000850525164418
     0.002388627158244     0.007945941453030    -0.001896257041273
     0.001487712796398     0.004047694687299    -0.002759959109820
65 8
     0.001539283168330    -0.002332872373840    -0.001962294359988
     0.000108617605702     0.000375140921594     0.000569698812966
    -0.001827313408558     0.001460976109614     0.003659672601141
65 9
    -0.006012273150477     0.003718907753457    -0.004035301157890
     0.005148663766823    -0.004183405193442    -0.006031051242876
    -0.003453368255504    -0.002254895261523     0.008239502515510
65 10
     0.011269829516226     0.002196306321576     0.006030466130561
     0.000129118783817    -0.007299560990097    -0.003107209124208
     0.004457588047492    -0.002244897034400    -0.004587351141551
65 11
     0.000305879588983     0.001596323006785    -0.000109908451967
     0.004221023471793     0.008786467811400     0.003929718545023
    -0.000284286712266     0.001495058902025    -0.001363570661410
65 12
     0.003377169770149    -0.005443965278052    -0.002794917664041
    -0.000794172047244     0.002308925339561     0.001389508298979
    -0.001310062825534     0.003389198597014     0.003240659843940
65 13
    -0.023270349143689    -0.001628017935880    -0.005081248009319
    -0.002213200823765    -0.020668489356896     0.000392353124538
     0.003708599553606    -0.001352733206775    -0.020690215935671
65 14
     0.003229105632716    -0.000125068591392     0.002286171208522
    -0.004333898999372    -0.000672603454114    -0.003945782502176
     0.002544782265837     0.000687008157403     0.004362887675376
65 15
    -0.000456552832232     0.004578562260865     0.005514776133854
     0.001852173933181     0.005908786718831     0.008418006604670
     0.000975964608933     0.004935146787182     0.006290154406597
65 16
     0.000395560408253    -0.003168030534689    -0.000642930977809
    -0.002812872172968     0.005947748475527     0.001129730533015
     0.001324735396500    -0.004955325409025    -0.003103004802329
65 17
    -0.038224701376764    -0.021897533924651    -0.015119725355316
    -0.022907864133922    -0.048586767327759    -0.021339107309949
    -0.011098605455611    -0.013548405054754    -0.027199432934344
65 18
     0.001852713966796    -0.000900951717071     0.002772880066511
    -0.002640568077793     0.001544862544557    -0.004577336726235
     0.002656361339073    -0.001219599587534     0.005339227615800
65 19
    -0.005062734522710    -0.002007584094152    -0.003302078794905
    -0.001631256278586    -0.000993720939449     0.003123720621598
    -0.003215240308094     0.008903650244033     0.011352208469808
65 20
     0.003006601817127    -0.003842606326391    -0.001216944187639
    -0.006166560046979     0.005427575660653     0.001684704919581
     0.002761550027764    -0.003312244418863    -0.002759959109820
65 21
    -0.000268730319497    -0.000158509496223    -0.001170467145154
     0.000358039540119     0.000023451248630    -0.000013527651169
    -0.001599479381844     0.000612911514702     0.002961441368214
65 22
     0.010553719341474    -0.003632994035985    -0.000791278311358
    -0.002155139080081    -0.000187260504426     0.001748880072847
    -0.003408778174632     0.001821697681306    -0.003340774002199
65 23
    -0.005552577754176     0.009480370454951     0.000171929821833
     0.011120581555217     0.007730550175923    -0.002946063869752
    -0.002042811443269    -0.005456544727347    -0.006292959310018
65 24
     0.001629307050126    -0.000160592918091     0.001474520824528
     0.002280897061451     0.000285117039798     0.001414547358969
     0.002178899129527     0.000852011777680     0.003659672601141
65 25
    -0.026594944367316     0.016193420793912    -0.010920346346840
     0.015183090584634    -0.060216524337208     0.023763619910912
    -0.006183960230369     0.016385876798505    -0.027199432934335
65 26
    -0.000435310233710    -0.001040388380322     0.004356260810082
    -0.000664060564757    -0.005621145228448     0.001297823810886
     0.009318407451792    -0.001667345335938     0.011352208469807
65 27
    -0.000135993186817    -0.000434675359403     0.000573518283011
     0.000081873676939    -0.000109285884049     0.001020418107583
     0.001330536632926     0.001078734020155     0.002961441368214
65 28
    -0.004510705698077    -0.011722106667269    -0.002637331063295
    -0.010081895566999     0.006688678119823     0.001324136341502
    -0.003704100629136     0.004497398968690    -0.006292959310017
65 29
     0.003155348455296     0.001888491705203    -0.005350529919851
     0.000148875344479     0.000242228056057    -0.000112716216128
    -0.002384384894786    -0.001690676607502     0.005339227615801
65 30
     0.009156428374794     0.002615956028441     0.002067469352058
     0.000292002307852    -0.000722250897013     0.000211552121692
    -0.004249262824162    -0.000735450268433    -0.002759959109820
65 31
     0.005004319616549     0.005359086505108     0.001910213726937
     0.006836941461010     0.005362139220499    -0.000189172917324
     0.003282025557343     0.002041239654445    -0.003340774002199
65 32
    -0.000296954083570    -0.001168769677382     0.000487773535459
     0.001272720302159     0.002211378173494    -0.001984246171935
    -0.000351585720969    -0.002312987887294     0.003659672601140
65 33
    -0.008480393285920    -0.003723693942233    -0.003205393008912
    -0.002293937928865    -0.001715285057999     0.006510198936091
    -0.000226112451599     0.004118152268651     0.008239502515513
65 34
     0.004147335839265    -0.006438889271975     0.003458190315696
    -0.003814188806965     0.004945011561119    -0.001869675761017
     0.001436902345440    -0.000501329936230    -0.001363570661411
65 35
    -0.019655657789924     0.000126257797631     0.002880411777765
    -0.000458925090254    -0.024283180710661     0.004204313296727
    -0.003025801098412    -0.002535374822501    -0.020690215935671
65 36
     0.001532861376526    -0.003000762762138     0.004532819501943
    -0.005727151089820     0.003919372510074    -0.008984939530435
     0.003785980184638    -0.003312783538121     0.006290154406594
65 37
    -0.003664151971452     0.008493019448167    -0.005706155101715
     0.006425831910406     0.007634420497578    -0.003668932303623
    -0.004172931884415    -0.002737935971532    -0.004587351141551
65 38
     0.005277179145210    -0.000302798876910     0.002600808317706
     0.004346994353897     0.000408915964500     0.001725715549055
     0.003590163496252    -0.000560051611041     0.003240659843940
65 39
     0.002233613421720     0.004908646695368    -0.004560233488954
     0.000699816287386     0.000322888756881    -0.000006991092892
    -0.000677424616000    -0.002547350168018     0.004362887675377
65 40
     0.007149508299907    -0.001086521460371     0.001299840829926
    -0.000731363098650    -0.000806199416125    -0.000008070706845
    -0.004953805386485     0.001330408197851    -0.003103004802328
65 41
    -0.000800851079482    -0.002139847831275     0.007240694166802
    -0.000710091817907    -0.009394827264436    -0.000479147693215
     0.003679480707104    -0.001863257007131     0.008239502515511
65 42
    -0.022982250817269     0.002379534470076     0.002200836231555
     0.001794351582191    -0.020956587683315    -0.004596666421270
    -0.000682798455194     0.003888108029272    -0.020690215935672
65 43
    -0.001650274755583    -0.007588544463104    -0.000324311028846
    -0.009655732000862     0.005620543281709     0.006776141427831
    -0.000284656163077     0.004982833005935    -0.004587351141549
65 44
    -0.001627965786533     0.001529667507996     0.002274062280432
    -0.002679162899985     0.004184467965134     0.003952773595068
    -0.001867357649838     0.001860342010614     0.004362887675378
65 45
     0.009185305672330     0.000905515567676    -0.003348281863730
     0.003530216032684    -0.000092958271945    -0.002060042784005
    -0.001152615633173    -0.000993728965793    -0.001363570661411
65 46
     0.007102042285606     0.002511782992799    -0.010047595635797
    -0.000214605334886    -0.001649808399006     0.000566932925766
    -0.004761944793571    -0.001622363249062     0.006290154406595
65 47
    -0.000125206250793    -0.001227925691250     0.000194109346335
     0.003421867539557     0.005811301360502    -0.003115223848034
    -0.002280100670717    -0.002829146985972     0.003240659843939
65 48
     0.001969894617512     0.003721814452479    -0.000656909852117
     0.004076972814198     0.004373414266268    -0.001121659826170
     0.003629069989985     0.003624917211175    -0.003103004802328
65 49
    -0.004066586345175    -0.002803229513395    -0.000000000000000
     0.002803229513395    -0.004066586345176     0.000000000000000
     0.000000000000000     0.000000000000000    -0.001805824742198
65 50
    -0.012351145522096     0.021865509547027     0.022013902462802
     0.006764805391442     0.002121915961489    -0.005138374903482
     0.013173525621831    -0.011465946621111    -0.010663147486385
65 51
     0.010900940618125     0.006659792800834    -0.006556988030815
    -0.008440911354751    -0.021130170178736     0.021633786220959
     0.003343038241404     0.017141581156466    -0.010663147486381
65 52
    -0.012351145522096    -0.006764805391442    -0.013173525621831
    -0.021865509547027     0.002121915961489    -0.011465946621111
    -0.022013902462802    -0.005138374903482    -0.010663147486385
65 53
    -0.013893639436940    -0.005874246114484    -0.015456914431986
    -0.020974950270068     0.003664409876334    -0.016495411317475
    -0.016516563863236    -0.005675634535353    -0.010663147486386
65 54
     0.010900940618125     0.008440911354751    -0.003343038241404
    -0.006659792800834    -0.021130170178736     0.017141581156466
     0.006556988030815     0.021633786220959    -0.010663147486381
65 55
    -0.013893639436940     0.020974950270068     0.016516563863236
     0.005874246114484     0.003664409876334    -0.005675634535353
     0.015456914431986    -0.016495411317475    -0.010663147486386
65 56
    -0.004066586345175    -0.002803229513395    -0.000000000000000
     0.002803229513395    -0.004066586345176     0.000000000000000
     0.000000000000000     0.000000000000000    -0.001805824742198
65 57
     0.006467574211002     0.000000000000000     0.000000000000000
     0.000000000000000     0.006467574211001     0.000000000000002
     0.000000000000000     0.000000000000002    -0.015651825588933
65 58
    -0.042630222849951     0.039097087415104    -0.020129562482663
     0.039097087415104    -0.001391704813553    -0.001306888824305
    -0.020129562482663    -0.001306888824305     0.030096187089412
65 59
     0.022157736592808    -0.001691741590580     0.011196580163101
    -0.001691741590580    -0.066179664256309    -0.016779268064910
     0.011196580163101    -0.016779268064910     0.030096187089409
65 60
     0.001113504981161     0.003304148824816    -0.001689463091570
     0.003304148824816    -0.004119521119396    -0.001020691279059
    -0.001689463091570    -0.001020691279059    -0.008061088873331
65 61
    -0.045560405238112    -0.037405345824524     0.008932982319562
    -0.037405345824524     0.001538477574605     0.018086156889204
     0.008932982319562     0.018086156889204     0.030096187089414
65 62
    -0.005672741414432     0.000613892358466    -0.000039213031301
     0.000613892358466     0.002666725276196     0.001973463595587
    -0.000039213031301     0.001973463595587    -0.008061088873331
65 63
     0.000050212225919    -0.003918041183283     0.001728676122871
    -0.003918041183283    -0.003056228364154    -0.000952772316526
     0.001728676122871    -0.000952772316526    -0.008061088873331
65 64
    -0.003094729594760     0.000000000000000    -0.000000000000000
     0.000000000000000    -0.003094729594761    -0.000000000000001
    -0.000000000000000    -0.000000000000001     0.007345989730803
65 65
     0.260962870935245    -0.000000000000000     0.000000000000000
    -0.000000000000000     0.260962870935244     0.000000000000003
     0.000000000000000     0.000000000000003     0.222813730406108
65 66
    -0.002273208575361     0.001104516169094    -0.005111026069928
     0.001104516169094     0.004471757674395     0.005122022380240
    -0.005111026069928     0.005122022380240    -0.010000741683826
65 67
     0.003742055173282     0.002368397975433    -0.001880288465075
     0.002368397975433    -0.001543506074247    -0.006987289606081
    -0.001880288465075    -0.006987289606081    -0.010000741683828
65 68
    -0.002111840728881     0.007843806625563    -0.000079062461052
     0.007843806625563    -0.013403307002681     0.000208527328981
    -0.000079062461052     0.000208527328981     0.007675908182683
65 69
     0.001828977050631    -0.003472914144526     0.006991314535003
    -0.003472914144526     0.000369572048403     0.001865267225843
     0.006991314535003     0.001865267225843    -0.010000741683826
65 70
    -0.017373376234341     0.000967445006761     0.000220121194809
     0.000967445006761     0.001858228502779    -0.000035793564734
     0.000220121194809    -0.000035793564734     0.007675908182683
65 71
    -0.003787504634120    -0.008811251632324    -0.000141058733757
    -0.008811251632324    -0.011727643097442    -0.000172733764250
    -0.000141058733757    -0.000172733764250     0.007675908182683
65 72
    -0.003562097544308     0.000000000000000    -0.000000000000000
     0.000000000000000    -0.003562097544308     0.000000000000000
    -0.000000000000000     0.000000000000000    -0.005109372836115
65 73
     0.038882509328973    -0.000165214901874    -0.000000000000000
     0.000165214901874     0.038882509328972     0.000000000000009
     0.000000000000000     0.000000000000009    -0.087484864972490
65 74
    -0.022903920485585     0.012246065045564    -0.018100928345716
     0.040046353493667     0.007287121434612     0.021583189487152
    -0.027742054563421     0.004884269035899    -0.011784462435996
65 75
     0.022382642394715    -0.013900144224051    -0.009641126217708
     0.013900144224051    -0.037999441445682    -0.026467458523050
     0.009641126217708    -0.026467458523050    -0.011784462436001
65 76
    -0.000865197948388     0.004226343539749    -0.001140670849587
     0.003172263463135    -0.005136785693132    -0.001587410593053
    -0.001945073324614    -0.000194144636572    -0.001861092581620
65 77
    -0.022903920485585    -0.040046353493667     0.027742054563421
    -0.012246065045564     0.007287121434612     0.004884269035899
     0.018100928345716     0.021583189487152    -0.011784462435996
65 78
    -0.007272579565503     0.000527040038307    -0.000804402475027
    -0.000527040038307     0.001270595923982     0.001781555229626
     0.000804402475027     0.001781555229626    -0.001861092581619
65 79
    -0.000865197948388    -0.003172263463135     0.001945073324614
    -0.004226343539749    -0.005136785693132    -0.000194144636572
     0.001140670849587    -0.001587410593053    -0.001861092581620
65 80
    -0.006105746135338     0.001849151015114     0.000000000000000
    -0.001849151015114    -0.006105746135339    -0.000000000000000
    -0.000000000000000    -0.000000000000000    -0.000842711225779
73 1
    -0.000435310233710     0.001040388380321    -0.004356260810081
     0.000664060564757    -0.005621145228448     0.001297823810885
    -0.009318407451792    -0.001667345335937     0.011352208469806
73 2
     0.009156428374794    -0.002615956028441    -0.002067469352058
    -0.000292002307852    -0.000722250897014     0.000211552121693
     0.004249262824162    -0.000735450268433    -0.002759959109820
73 3
    -0.004510705698075     0.011722106667268     0.002637331063294
     0.010081895567000     0.006688678119824     0.001324136341503
     0.003704100629134     0.004497398968690    -0.006292959310017
73 4
    -0.000296954083569     0.001168769677382    -0.000487773535459
    -0.001272720302160     0.002211378173494    -0.001984246171935
     0.000351585720969    -0.002312987887294     0.003659672601141
73 5
    -0.026594944367313    -0.016193420793914     0.010920346346838
    -0.015183090584639    -0.060216524337219     0.023763619910919
     0.006183960230368     0.016385876798510    -0.027199432934337
73 6
     0.003155348455296    -0.001888491705203     0.005350529919851
    -0.000148875344480     0.000242228056057    -0.000112716216128
     0.002384384894787    -0.001690676607502     0.005339227615801
73 7
    -0.000135993186817     0.000434675359402    -0.000573518283011
    -0.000081873676939    -0.000109285884049     0.001020418107583
    -0.001330536632926     0.001078734020156     0.002961441368214
73 8
     0.005004319616548    -0.005359086505107    -0.001910213726938
    -0.006836941461010     0.005362139220499    -0.000189172917323
    -0.003282025557342     0.002041239654444    -0.003340774002199
73 9
     0.003229105632715     0.000125068591392    -0.002286171208521
     0.004333898999372    -0.000672603454114    -0.003945782502176
    -0.002544782265837     0.000687008157403     0.004362887675377
73 10
     0.011269829516226    -0.002196306321574    -0.006030466130560
    -0.000129118783818    -0.007299560990097    -0.003107209124207
    -0.004457588047493    -0.002244897034400    -0.004587351141550
73 11
     0.000395560408253     0.003168030534689     0.000642930977810
     0.002812872172969     0.005947748475527     0.001129730533015
    -0.001324735396500    -0.004955325409025    -0.003103004802329
73 12
     0.003377169770149     0.005443965278051     0.002794917664041
     0.000794172047244     0.002308925339560     0.001389508298979
     0.001310062825534     0.003389198597013     0.003240659843940
73 13
    -0.023270349143689     0.001628017935883     0.005081248009322
     0.002213200823768    -0.020668489356896     0.000392353124537
    -0.003708599553603    -0.001352733206775    -0.020690215935672
73 14
    -0.006012273150476    -0.003718907753455     0.004035301157890
    -0.005148663766822    -0.004183405193441    -0.006031051242877
     0.003453368255505    -0.002254895261523     0.008239502515510
73 15
    -0.000456552832232    -0.004578562260866    -0.005514776133855
    -0.001852173933180     0.005908786718831     0.008418006604671
    -0.000975964608932     0.004935146787183     0.006290154406598
73 16
     0.000305879588984    -0.001596323006786     0.000109908451967
    -0.004221023471793     0.008786467811401     0.003929718545023
     0.000284286712266     0.001495058902025    -0.001363570661410
73 17
    -0.005062734522710     0.002007584094151     0.003302078794904
     0.001631256278588    -0.000993720939449     0.003123720621597
     0.003215240308095     0.008903650244033     0.011352208469807
73 18
    -0.005552577754175    -0.009480370454951    -0.000171929821831
    -0.011120581555216     0.007730550175924    -0.002946063869752
     0.002042811443270    -0.005456544727346    -0.006292959310018
73 19
    -0.038224701376769     0.021897533924660     0.015119725355323
     0.022907864133928    -0.048586767327762    -0.021339107309951
     0.011098605455616    -0.013548405054757    -0.027199432934346
73 20
    -0.000268730319497     0.000158509496223     0.001170467145154
    -0.000358039540118     0.000023451248630    -0.000013527651169
     0.001599479381844     0.000612911514702     0.002961441368214
73 21
     0.003006601817127     0.003842606326391     0.001216944187639
     0.006166560046979     0.005427575660653     0.001684704919581
    -0.002761550027764    -0.003312244418864    -0.002759959109820
73 22
     0.001629307050127     0.000160592918091    -0.001474520824529
    -0.002280897061451     0.000285117039798     0.001414547358969
    -0.002178899129527     0.000852011777680     0.003659672601141
73 23
     0.001852713966796     0.000900951717071    -0.002772880066511
     0.002640568077794     0.001544862544557    -0.004577336726235
    -0.002656361339073    -0.001219599587535     0.005339227615801
73 24
     0.010553719341474     0.003632994035985     0.000791278311359
     0.002155139080080    -0.000187260504426     0.001748880072847
     0.003408778174631     0.001821697681305    -0.003340774002199
73 25
    -0.003586638436818    -0.002483480751127     0.001054182015177
    -0.002859808566690    -0.002469817025340    -0.004421544432483
     0.006103167143697    -0.007236304908100     0.011352208469805
73 26
    -0.065397557312728    -0.007219608444653    -0.026040071702161
    -0.006209278235383    -0.021413911391808    -0.002424512600977
    -0.017282565685984    -0.002837471743766    -0.027199432934342
73 27
     0.000488236024750    -0.004712580878833     0.000850525164418
    -0.002388627158244     0.007945941453029    -0.001896257041273
    -0.001487712796398     0.004047694687300    -0.002759959109820
73 28
     0.000088302344938    -0.001621884552953    -0.002577649853340
     0.000117731807771     0.003309274166414     0.004690052942363
     0.000271976444287     0.002910276195036     0.005339227615802
73 29
     0.013330242084875     0.000218580438083    -0.002465401241463
    -0.001421630662184    -0.011152269663123     0.001621927528249
    -0.005746912072405     0.000959145758658    -0.006292959310017
73 30
     0.000036804900014     0.000181638698887    -0.000596948862143
    -0.000334910337455    -0.000282083970880    -0.001006890456414
    -0.000268942748918    -0.001691645534858     0.002961441368214
73 31
     0.001539283168330     0.002332872373840     0.001962294359988
    -0.000108617605702     0.000375140921595     0.000569698812966
     0.001827313408558     0.001460976109614     0.003659672601141
73 32
    -0.000008350702450     0.003942874902979     0.001118935415579
     0.002465019947074     0.010374809539496    -0.001559707155523
    -0.000126752617289    -0.003862937335747    -0.003340774002200
73 33
    -0.001627965786534    -0.001529667507996    -0.002274062280432
     0.002679162899984     0.004184467965134     0.003952773595068
     0.001867357649838     0.001860342010614     0.004362887675378
73 34
     0.001969894617512    -0.003721814452479     0.000656909852117
    -0.004076972814198     0.004373414266268    -0.001121659826170
    -0.003629069989986     0.003624917211175    -0.003103004802328
73 35
    -0.022982250817273    -0.002379534470078    -0.002200836231557
    -0.001794351582193    -0.020956587683312    -0.004596666421272
     0.000682798455192     0.003888108029269    -0.020690215935672
73 36
     0.007102042285607    -0.002511782992800     0.010047595635799
     0.000214605334887    -0.001649808399005     0.000566932925766
     0.004761944793571    -0.001622363249062     0.006290154406596
73 37
    -0.001650274755583     0.007588544463105     0.000324311028846
     0.009655732000860     0.005620543281710     0.006776141427829
     0.000284656163078     0.004982833005935    -0.004587351141548
73 38
    -0.000125206250793     0.001227925691250    -0.000194109346335
    -0.003421867539557     0.005811301360502    -0.003115223848033
     0.002280100670717    -0.002829146985972     0.003240659843939
73 39
    -0.000800851079483     0.002139847831274    -0.007240694166803
     0.000710091817906    -0.009394827264434    -0.000479147693215
    -0.003679480707104    -0.001863257007132     0.008239502515511
73 40
     0.009185305672331    -0.000905515567677     0.003348281863730
    -0.003530216032683    -0.000092958271944    -0.002060042784005
     0.001152615633173    -0.000993728965793    -0.001363570661411
73 41
     0.002233613421720    -0.004908646695367     0.004560233488953
    -0.000699816287386     0.000322888756881    -0.000006991092892
     0.000677424616000    -0.002547350168018     0.004362887675377
73 42
    -0.019655657789920    -0.000126257797633    -0.002880411777766
     0.000458925090252    -0.024283180710664     0.004204313296730
     0.003025801098410    -0.002535374822499    -0.020690215935671
73 43
    -0.003664151971451    -0.008493019448166     0.005706155101713
    -0.006425831910408     0.007634420497578    -0.003668932303622
     0.004172931884416    -0.002737935971533    -0.004587351141551
73 44
    -0.008480393285919     0.003723693942232     0.003205393008913
     0.002293937928865    -0.001715285058000     0.006510198936091
     0.000226112451598     0.004118152268651     0.008239502515512
73 45
     0.007149508299907     0.001086521460370    -0.001299840829927
     0.000731363098650    -0.000806199416126    -0.000008070706844
     0.004953805386485     0.001330408197852    -0.003103004802328
73 46
     0.001532861376527     0.003000762762137    -0.004532819501943
     0.005727151089821     0.003919372510075    -0.008984939530437
    -0.003785980184638    -0.003312783538121     0.006290154406595
73 47
     0.005277179145209     0.000302798876910    -0.002600808317705
    -0.004346994353897     0.000408915964500     0.001725715549055
    -0.003590163496251    -0.000560051611041     0.003240659843940
73 48
     0.004147335839265     0.006438889271974    -0.003458190315696
     0.003814188806965     0.004945011561120    -0.001869675761017
    -0.001436902345440    -0.000501329936230    -0.001363570661411
73 49
    -0.003094729594760    -0.000000000000000     0.000000000000000
    -0.000000000000000    -0.003094729594760    -0.000000000000001
     0.000000000000000    -0.000000000000001     0.007345989730803
73 50
     0.001113504981161    -0.003304148824816     0.001689463091570
    -0.003304148824816    -0.004119521119396    -0.001020691279059
     0.001689463091570    -0.001020691279059    -0.008061088873331
73 51
    -0.005672741414431    -0.000613892358466     0.000039213031301
    -0.000613892358466     0.002666725276196     0.001973463595587
     0.000039213031301     0.001973463595587    -0.008061088873330
73 52
    -0.042630222849951    -0.039097087415104     0.020129562482663
    -0.039097087415104    -0.001391704813552    -0.001306888824305
     0.020129562482663    -0.001306888824305     0.030096187089412
73 53
     0.000050212225919     0.003918041183283    -0.001728676122871
     0.003918041183283    -0.003056228364154    -0.000952772316526
    -0.001728676122871    -0.000952772316526    -0.008061088873331
73 54
     0.022157736592808     0.001691741590580    -0.011196580163101
     0.001691741590580    -0.066179664256309    -0.016779268064910
    -0.011196580163101    -0.016779268064910     0.030096187089410
73 55
    -0.045560405238111     0.037405345824524    -0.008932982319562
     0.037405345824524     0.001538477574605     0.018086156889204
    -0.008932982319562     0.018086156889204     0.030096187089415
73 56
     0.006467574211002    -0.000000000000000    -0.000000000000000
    -0.000000000000000     0.006467574211001     0.000000000000002
    -0.000000000000000     0.000000000000002    -0.015651825588933
73 57
    -0.004066586345175     0.002803229513395     0.000000000000000
    -0.002803229513395    -0.004066586345176     0.000000000000000
    -0.000000000000000     0.000000000000000    -0.001805824742198
73 58
    -0.012351145522096     0.006764805391442     0.013173525621831
     0.021865509547027     0.002121915961489    -0.011465946621111
     0.022013902462802    -0.005138374903482    -0.010663147486385
73 59
     0.010900940618125    -0.008440911354751     0.003343038241404
     0.006659792800834    -0.021130170178736     0.017141581156466
    -0.006556988030815     0.021633786220959    -0.010663147486381
73 60
    -0.012351145522096    -0.021865509547027    -0.022013902462802
    -0.006764805391442     0.002121915961489    -0.005138374903482
    -0.013173525621831    -0.011465946621111    -0.010663147486385
73 61
    -0.013893639436940    -0.020974950270068    -0.016516563863236
    -0.005874246114484     0.003664409876334    -0.005675634535353
    -0.015456914431986    -0.016495411317475    -0.010663147486386
73 62
     0.010900940618125    -0.006659792800834     0.006556988030815
     0.008440911354751    -0.021130170178736     0.021633786220959
    -0.003343038241404     0.017141581156466    -0.010663147486381
73 63
    -0.013893639436940     0.005874246114484     0.015456914431986
     0.020974950270068     0.003664409876334    -0.016495411317475
     0.016516563863236    -0.005675634535353    -0.010663147486386
73 64
    -0.004066586345175     0.002803229513395     0.000000000000000
    -0.002803229513395    -0.004066586345176     0.000000000000000
    -0.000000000000000     0.000000000000000    -0.001805824742198
73 65
     0.038882509328973     0.000165214901874     0.000000000000000
    -0.000165214901874     0.038882509328972     0.000000000000009
    -0.000000000000000     0.000000000000009    -0.087484864972490
73 66
    -0.022903920485585     0.040046353493667    -0.027742054563421
     0.012246065045564     0.007287121434612     0.004884269035899
    -0.018100928345716     0.021583189487152    -0.011784462435996
73 67
     0.022382642394715     0.013900144224051     0.009641126217708
    -0.013900144224051    -0.037999441445682    -0.026467458523050
    -0.009641126217708    -0.026467458523050    -0.011784462436001
73 68
    -0.000865197948388     0.003172263463135    -0.001945073324614
     0.004226343539749    -0.005136785693132    -0.000194144636572
    -0.001140670849587    -0.001587410593053    -0.001861092581620
73 69
    -0.022903920485585    -0.012246065045564     0.018100928345716
    -0.040046353493667     0.007287121434612     0.021583189487152
     0.027742054563421     0.004884269035899    -0.011784462435996
73 70
    -0.007272579565503    -0.000527040038307     0.000804402475027
     0.000527040038307     0.001270595923982     0.001781555229626
    -0.000804402475027     0.001781555229626    -0.001861092581619
73 71
    -0.000865197948388    -0.004226343539749     0.001140670849587
    -0.003172263463135    -0.005136785693132    -0.001587410593053
     0.001945073324614    -0.000194144636572    -0.001861092581620
73 72
    -0.006105746135338    -0.001849151015114    -0.000000000000000
     0.001849151015114    -0.006105746135339    -0.000000000000000
     0.000000000000000    -0.000000000000000    -0.000842711225779
73 73
     0.260962870935245     0.000000000000000     0.000000000000000
     0.000000000000000     0.260962870935245     0.000000000000003
     0.000000000000000     0.000000000000003     0.222813730406108
73 74
     0.001828977050632     0.003472914144526    -0.006991314535003
     0.003472914144526     0.000369572048403     0.001865267225843
    -0.006991314535003     0.001865267225843    -0.010000741683826
73 75
     0.003742055173282    -0.002368397975433     0.001880288465075
    -0.002368397975433    -0.001543506074247    -0.006987289606081
     0.001880288465075    -0.006987289606081    -0.010000741683828
73 76
    -0.003787504634120     0.008811251632324     0.000141058733757
     0.008811251632324    -0.011727643097442    -0.000172733764250
     0.000141058733757    -0.000172733764250     0.007675908182683
73 77
    -0.002273208575361    -0.001104516169094     0.005111026069928
    -0.001104516169094     0.004471757674395     0.005122022380240
     0.005111026069928     0.005122022380240    -0.010000741683826
73 78
    -0.017373376234341    -0.000967445006761    -0.000220121194809
    -0.000967445006761     0.001858228502779    -0.000035793564734
    -0.000220121194809    -0.000035793564734     0.007675908182683
73 79
    -0.002111840728881    -0.007843806625563     0.000079062461052
    -0.007843806625563    -0.013403307002681     0.000208527328981
     0.000079062461052     0.000208527328981     0.007675908182683
73 80
    -0.003562097544308    -0.000000000000000     0.000000000000000
    -0.000000000000000    -0.003562097544308     0.000000000000000
     0.000000000000000     0.000000000000000    -0.005109372836115