segment,q_index,combined_path_distance,mode,original_cm-1,symmetry_fixed_cm-1,delta_cm-1
1,0,0.00000000,1,-9.635800,-9.637200,-0.001400
1,0,0.00000000,2,-9.627100,-9.628100,-0.001000
1,0,0.00000000,3,-1.358400,-1.359700,-0.001300
1,0,0.00000000,4,283.195100,283.227400,0.032300
1,0,0.00000000,5,355.099900,354.983300,-0.116600
1,0,0.00000000,6,355.326800,354.983300,-0.343500
1,0,0.00000000,7,360.187100,360.249300,0.062200
1,0,0.00000000,8,361.750500,361.741300,-0.009200
1,0,0.00000000,9,375.052500,374.860400,-0.192100
1,0,0.00000000,10,390.566500,390.599700,0.033200
1,0,0.00000000,11,401.251200,401.251000,-0.000200
1,0,0.00000000,12,401.387900,401.251000,-0.136900
1,0,0.00000000,13,415.772600,415.871200,0.098600
1,0,0.00000000,14,425.130600,425.117500,-0.013100
1,0,0.00000000,15,425.191600,425.117600,-0.074000
1,0,0.00000000,16,457.234000,457.346200,0.112200
1,0,0.00000000,17,510.275200,509.964800,-0.310400
1,0,0.00000000,18,538.805800,538.988300,0.182500
1,0,0.00000000,19,552.686500,552.635600,-0.050900
1,0,0.00000000,20,552.763000,552.635600,-0.127400
1,0,0.00000000,21,552.888400,552.808900,-0.079500
1,0,0.00000000,22,567.704900,567.733800,0.028900
1,0,0.00000000,23,598.025300,597.759600,-0.265700
1,0,0.00000000,24,603.805500,603.630400,-0.175100
1,0,0.00000000,25,605.754700,605.662700,-0.092000
1,0,0.00000000,26,661.508600,661.235500,-0.273100
1,0,0.00000000,27,715.003500,715.005200,0.001700
1,0,0.00000000,28,715.490900,715.005200,-0.485700
1,0,0.00000000,29,719.258600,718.999900,-0.258700
1,0,0.00000000,30,859.497200,859.459900,-0.037300
1,1,0.02171600,1,-4.476600,-4.569100,-0.092500
1,1,0.02171600,2,6.529000,6.489600,-0.039400
1,1,0.02171600,3,12.149000,12.115900,-0.033100
1,1,0.02171600,4,283.093500,283.125600,0.032100
1,1,0.02171600,5,354.782400,354.535100,-0.247300
1,1,0.02171600,6,355.124300,354.920000,-0.204300
1,1,0.02171600,7,359.758900,359.816600,0.057700
1,1,0.02171600,8,361.815000,361.804900,-0.010100
1,1,0.02171600,9,374.931800,374.738500,-0.193300
1,1,0.02171600,10,390.901400,390.933000,0.031600
1,1,0.02171600,11,401.111300,401.017100,-0.094200
1,1,0.02171600,12,401.483800,401.433900,-0.049900
1,1,0.02171600,13,416.450700,416.553200,0.102500
1,1,0.02171600,14,425.039900,424.991100,-0.048800
1,1,0.02171600,15,425.335700,425.298300,-0.037400
1,1,0.02171600,16,457.331600,457.438900,0.107300
1,1,0.02171600,17,510.064000,509.757400,-0.306600
1,1,0.02171600,18,538.801000,538.972900,0.171900
1,1,0.02171600,19,552.312900,552.209300,-0.103600
1,1,0.02171600,20,552.622200,552.502300,-0.119900
1,1,0.02171600,21,553.207000,553.172300,-0.034700
1,1,0.02171600,22,567.568000,567.596400,0.028400
1,1,0.02171600,23,596.777000,596.511900,-0.265100
1,1,0.02171600,24,603.890900,603.717500,-0.173400
1,1,0.02171600,25,606.974700,606.882400,-0.092300
1,1,0.02171600,26,661.502000,661.235500,-0.266500
1,1,0.02171600,27,715.041400,715.011400,-0.030000
1,1,0.02171600,28,715.505300,715.040700,-0.464600
1,1,0.02171600,29,719.276600,719.015000,-0.261600
1,1,0.02171600,30,859.416800,859.379500,-0.037300
1,2,0.04343200,1,14.077600,13.961600,-0.116000
1,2,0.04343200,2,15.082200,14.980000,-0.102200
1,2,0.04343200,3,28.562700,28.525400,-0.037300
1,2,0.04343200,4,282.787400,282.819200,0.031800
1,2,0.04343200,5,353.552200,353.296500,-0.255700
1,2,0.04343200,6,354.875300,354.707000,-0.168300
1,2,0.04343200,7,358.549700,358.587900,0.038200
1,2,0.04343200,8,361.931000,361.919400,-0.011600
1,2,0.04343200,9,374.618900,374.423300,-0.195600
1,2,0.04343200,10,391.781900,391.810200,0.028300
1,2,0.04343200,11,400.556400,400.440800,-0.115600
1,2,0.04343200,12,402.054600,402.007200,-0.047400
1,2,0.04343200,13,418.318700,418.431200,0.112500
1,2,0.04343200,14,424.684200,424.633000,-0.051200
1,2,0.04343200,15,425.868600,425.835400,-0.033200
1,2,0.04343200,16,457.620300,457.713100,0.092800
1,2,0.04343200,17,509.441900,509.145600,-0.296300
1,2,0.04343200,18,538.765500,538.905900,0.140400
1,2,0.04343200,19,551.758300,551.612800,-0.145500
1,2,0.04343200,20,552.235800,552.123500,-0.112300
1,2,0.04343200,21,553.578100,553.576900,-0.001200
1,2,0.04343200,22,567.156800,567.183600,0.026800
1,2,0.04343200,23,594.167800,593.892800,-0.275000
1,2,0.04343200,24,604.140800,603.970800,-0.170000
1,2,0.04343200,25,609.500100,609.420800,-0.079300
1,2,0.04343200,26,661.479900,661.232800,-0.247100
1,2,0.04343200,27,715.152900,715.030000,-0.122900
1,2,0.04343200,28,715.552200,715.148600,-0.403600
1,2,0.04343200,29,719.331800,719.061500,-0.270300
1,2,0.04343200,30,859.175500,859.138200,-0.037300
1,3,0.06514800,1,22.947000,22.791200,-0.155800
1,3,0.06514800,2,23.692200,23.539000,-0.153200
1,3,0.06514800,3,43.999400,43.947800,-0.051600
1,3,0.06514800,4,282.277300,282.308300,0.031000
1,3,0.06514800,5,351.713500,351.472800,-0.240700
1,3,0.06514800,6,354.299800,354.197200,-0.102600
1,3,0.06514800,7,356.869800,356.833900,-0.035900
1,3,0.06514800,8,361.973000,361.959300,-0.013700
1,3,0.06514800,9,374.211800,374.016200,-0.195600
1,3,0.06514800,10,392.905600,392.931600,0.026000
1,3,0.06514800,11,399.879800,399.745100,-0.134700
1,3,0.06514800,12,403.090500,403.036000,-0.054500
1,3,0.06514800,13,421.043500,421.168300,0.124800
1,3,0.06514800,14,424.158900,424.105900,-0.053000
1,3,0.06514800,15,426.744200,426.714100,-0.030100
1,3,0.06514800,16,458.089800,458.159600,0.069800
1,3,0.06514800,17,508.440500,508.159400,-0.281100
1,3,0.06514800,18,538.637200,538.726900,0.089700
1,3,0.06514800,19,551.071700,550.886600,-0.185100
1,3,0.06514800,20,551.660400,551.561400,-0.099000
1,3,0.06514800,21,553.949600,553.973800,0.024200
1,3,0.06514800,22,566.470900,566.494800,0.023900
1,3,0.06514800,23,591.184700,590.893500,-0.291200
1,3,0.06514800,24,604.532300,604.366700,-0.165600
1,3,0.06514800,25,612.353600,612.297000,-0.056600
1,3,0.06514800,26,661.434900,661.219600,-0.215300
1,3,0.06514800,27,715.322900,715.061000,-0.261900
1,3,0.06514800,28,715.650900,715.334000,-0.316900
1,3,0.06514800,29,719.428400,719.144200,-0.284200
1,3,0.06514800,30,858.773500,858.736000,-0.037500
1,4,0.08686500,1,30.725100,30.518000,-0.207100
1,4,0.08686500,2,32.686500,32.491500,-0.195000
1,4,0.08686500,3,59.154300,59.086600,-0.067700
1,4,0.08686500,4,281.562900,281.592600,0.029700
1,4,0.08686500,5,349.465300,349.242200,-0.223100
1,4,0.08686500,6,352.698000,352.742400,0.044400
1,4,0.08686500,7,355.564400,355.365800,-0.198600
1,4,0.08686500,8,361.872900,361.853800,-0.019100
1,4,0.08686500,9,373.780700,373.590600,-0.190100
1,4,0.08686500,10,393.937100,393.963100,0.026000
1,4,0.08686500,11,399.230600,399.077100,-0.153500
1,4,0.08686500,12,404.647600,404.583100,-0.064500
1,4,0.08686500,13,423.565000,423.508000,-0.057000
1,4,0.08686500,14,424.330800,424.467200,0.136400
1,4,0.08686500,15,427.939200,427.912400,-0.026800
1,4,0.08686500,16,458.728100,458.767500,0.039400
1,4,0.08686500,17,507.106200,506.842600,-0.263600
1,4,0.08686500,18,538.319200,538.342600,0.023400
1,4,0.08686500,19,550.227800,550.004800,-0.223000
1,4,0.08686500,20,550.992600,550.913000,-0.079600
1,4,0.08686500,21,554.334000,554.375300,0.041300
1,4,0.08686500,22,565.510900,565.530000,0.019100
1,4,0.08686500,23,588.132900,587.825700,-0.307200
1,4,0.08686500,24,605.030900,604.870700,-0.160200
1,4,0.08686500,25,615.245700,615.215700,-0.030000
1,4,0.08686500,26,661.355300,661.183100,-0.172200
1,4,0.08686500,27,715.498000,715.103900,-0.394100
1,4,0.08686500,28,715.861200,715.603600,-0.257600
1,4,0.08686500,29,719.573900,719.271300,-0.302600
1,4,0.08686500,30,858.210800,858.173000,-0.037800
1,5,0.10858100,1,38.465000,38.208700,-0.256300
1,5,0.10858100,2,41.451100,41.214100,-0.237000
1,5,0.10858100,3,74.160200,74.075000,-0.085200
1,5,0.10858100,4,280.646200,280.673600,0.027400
1,5,0.10858100,5,346.940900,346.735000,-0.205900
1,5,0.10858100,6,349.945600,350.041600,0.096000
1,5,0.10858100,7,354.922000,354.651300,-0.270700
1,5,0.10858100,8,361.613100,361.584000,-0.029100
1,5,0.10858100,9,373.344300,373.166300,-0.178000
1,5,0.10858100,10,394.641800,394.669400,0.027600
1,5,0.10858100,11,398.667400,398.496600,-0.170800
1,5,0.10858100,12,406.705400,406.631100,-0.074300
1,5,0.10858100,13,423.029100,422.963900,-0.065200
1,5,0.10858100,14,427.965600,428.112000,0.146400
1,5,0.10858100,15,429.426800,429.403100,-0.023700
1,5,0.10858100,16,459.527600,459.530200,0.002600
1,5,0.10858100,17,505.493800,505.247900,-0.245900
1,5,0.10858100,18,537.696100,537.643900,-0.052200
1,5,0.10858100,19,549.205400,548.946300,-0.259100
1,5,0.10858100,20,550.349500,550.292500,-0.057000
1,5,0.10858100,21,554.736700,554.785800,0.049100
1,5,0.10858100,22,564.280300,564.292400,0.012100
1,5,0.10858100,23,585.133900,584.814900,-0.319000
1,5,0.10858100,24,605.595900,605.441600,-0.154300
1,5,0.10858100,25,618.075000,618.072800,-0.002200
1,5,0.10858100,26,661.224100,661.105100,-0.119000
1,5,0.10858100,27,715.637100,715.158700,-0.478400
1,5,0.10858100,28,716.229200,715.963300,-0.265900
1,5,0.10858100,29,719.780900,719.457100,-0.323800
1,5,0.10858100,30,857.487700,857.449500,-0.038200
1,6,0.13029700,1,46.180900,45.877800,-0.303100
1,6,0.13029700,2,50.090500,49.812600,-0.277900
1,6,0.13029700,3,89.051000,88.947100,-0.103900
1,6,0.13029700,4,279.532900,279.557000,0.024100
1,6,0.13029700,5,344.234300,344.043700,-0.190600
1,6,0.13029700,6,346.666500,346.771200,0.104700
1,6,0.13029700,7,354.465200,354.161700,-0.303500
1,6,0.13029700,8,361.196200,361.153900,-0.042300
1,6,0.13029700,9,372.881000,372.720000,-0.161000
1,6,0.13029700,10,394.933300,394.962900,0.029600
1,6,0.13029700,11,398.203000,398.017100,-0.185900
1,6,0.13029700,12,409.134100,409.051900,-0.082200
1,6,0.13029700,13,422.686100,422.609200,-0.076900
1,6,0.13029700,14,431.173700,431.151100,-0.022600
1,6,0.13029700,15,431.797100,431.951400,0.154300
1,6,0.13029700,16,460.488800,460.449300,-0.039500
1,6,0.13029700,17,503.662100,503.432400,-0.229700
1,6,0.13029700,18,536.667900,536.540200,-0.127700
1,6,0.13029700,19,547.992000,547.697800,-0.294200
1,6,0.13029700,20,549.833900,549.796300,-0.037600
1,6,0.13029700,21,555.154000,555.200600,0.046600
1,6,0.13029700,22,562.787700,562.790200,0.002500
1,6,0.13029700,23,582.260300,581.936500,-0.323800
1,6,0.13029700,24,606.185800,606.037600,-0.148200
1,6,0.13029700,25,620.792100,620.817900,0.025800
1,6,0.13029700,26,661.020400,660.962400,-0.058000
1,6,0.13029700,27,715.765600,715.225000,-0.540600
1,6,0.13029700,28,716.728200,716.412400,-0.315800
1,6,0.13029700,29,720.072300,719.726500,-0.345800
1,6,0.13029700,30,856.604300,856.565600,-0.038700
1,7,0.15201300,1,53.876200,53.528800,-0.347400
1,7,0.15201300,2,58.643000,58.325800,-0.317200
1,7,0.15201300,3,103.832700,103.708700,-0.124000
1,7,0.15201300,4,278.233300,278.252800,0.019500
1,7,0.15201300,5,341.409900,341.232200,-0.177700
1,7,0.15201300,6,343.131000,343.237700,0.106700
1,7,0.15201300,7,354.043100,353.710800,-0.332300
1,7,0.15201300,8,360.626000,360.571000,-0.055000
1,7,0.15201300,9,372.345900,372.203100,-0.142800
1,7,0.15201300,10,394.830100,394.861200,0.031100
1,7,0.15201300,11,397.832100,397.633700,-0.198400
1,7,0.15201300,12,411.749500,411.661000,-0.088500
1,7,0.15201300,13,422.659100,422.568700,-0.090400
1,7,0.15201300,14,433.155400,433.133200,-0.022200
1,7,0.15201300,15,435.697700,435.856300,0.158600
1,7,0.15201300,16,461.621700,461.535300,-0.086400
1,7,0.15201300,17,501.672600,501.456600,-0.216000
1,7,0.15201300,18,535.187600,534.994000,-0.193600
1,7,0.15201300,19,546.585600,546.257500,-0.328100
1,7,0.15201300,20,549.492600,549.464700,-0.027900
1,7,0.15201300,21,555.572900,555.605200,0.032300
1,7,0.15201300,22,561.050300,561.040000,-0.010300
1,7,0.15201300,23,579.567100,579.248400,-0.318700
1,7,0.15201300,24,606.762100,606.619900,-0.142200
1,7,0.15201300,25,623.366700,623.420000,0.053300
1,7,0.15201300,26,660.719600,660.728200,0.008600
1,7,0.15201300,27,715.901700,715.302300,-0.599400
1,7,0.15201300,28,717.322100,716.933800,-0.388300
1,7,0.15201300,29,720.488800,720.123000,-0.365800
1,7,0.15201300,30,855.561100,855.521600,-0.039500
1,8,0.17372900,1,61.551200,61.162500,-0.388700
1,8,0.17372900,2,67.124100,66.769800,-0.354300
1,8,0.17372900,3,118.500700,118.355000,-0.145700
1,8,0.17372900,4,276.763500,276.777000,0.013500
1,8,0.17372900,5,338.509300,338.342300,-0.167000
1,8,0.17372900,6,339.457900,339.564300,0.106400
1,8,0.17372900,7,353.628300,353.267100,-0.361200
1,8,0.17372900,8,359.897800,359.834300,-0.063500
1,8,0.17372900,9,371.685500,371.556800,-0.128700
1,8,0.17372900,10,394.411400,394.443300,0.031900
1,8,0.17372900,11,397.544100,397.335500,-0.208600
1,8,0.17372900,12,414.370400,414.274400,-0.096000
1,8,0.17372900,13,423.037700,422.936000,-0.101700
1,8,0.17372900,14,435.334900,435.311200,-0.023700
1,8,0.17372900,15,439.571300,439.730600,0.159300
1,8,0.17372900,16,462.944800,462.807400,-0.137400
1,8,0.17372900,17,499.589200,499.384100,-0.205100
1,8,0.17372900,18,533.273300,533.027300,-0.246000
1,8,0.17372900,19,544.997700,544.636800,-0.360900
1,8,0.17372900,20,549.295900,549.266700,-0.029200
1,8,0.17372900,21,555.970400,555.974500,0.004100
1,8,0.17372900,22,559.101800,559.074000,-0.027800
1,8,0.17372900,23,577.101200,576.800300,-0.300900
1,8,0.17372900,24,607.292500,607.156000,-0.136500
1,8,0.17372900,25,625.777200,625.857200,0.080000
1,8,0.17372900,26,660.295100,660.373000,0.077900
1,8,0.17372900,27,716.050500,715.390400,-0.660100
1,8,0.17372900,28,717.958800,717.483400,-0.475400
1,8,0.17372900,29,721.099700,720.717100,-0.382600
1,8,0.17372900,30,854.358500,854.318100,-0.040400
1,9,0.19544500,1,69.205100,68.778400,-0.426700
1,9,0.19544500,2,75.539900,75.150800,-0.389100
1,9,0.19544500,3,133.044800,132.875800,-0.169000
1,9,0.19544500,4,275.146400,275.152400,0.006000
1,9,0.19544500,5,335.548800,335.397800,-0.151000
1,9,0.19544500,6,335.721400,335.818800,0.097400
1,9,0.19544500,7,353.220300,352.830100,-0.390200
1,9,0.19544500,8,358.990000,358.926600,-0.063400
1,9,0.19544500,9,370.853300,370.728500,-0.124800
1,9,0.19544500,10,393.797400,393.830100,0.032700
1,9,0.19544500,11,397.326700,397.110200,-0.216500
1,9,0.19544500,12,416.839600,416.728700,-0.110900
1,9,0.19544500,13,423.865600,423.761800,-0.103800
1,9,0.19544500,14,437.681400,437.654200,-0.027200
1,9,0.19544500,15,443.322400,443.478500,0.156100
1,9,0.19544500,16,464.480300,464.288600,-0.191700
1,9,0.19544500,17,497.481500,497.285000,-0.196500
1,9,0.19544500,18,530.983400,530.697500,-0.285900
1,9,0.19544500,19,543.254800,542.862700,-0.392100
1,9,0.19544500,20,549.139000,549.102900,-0.036100
1,9,0.19544500,21,556.311100,556.271200,-0.039900
1,9,0.19544500,22,557.015500,556.961900,-0.053600
1,9,0.19544500,23,574.905800,574.638500,-0.267300
1,9,0.19544500,24,607.753100,607.621900,-0.131200
1,9,0.19544500,25,628.007000,628.112700,0.105700
1,9,0.19544500,26,659.720500,659.867200,0.146700
1,9,0.19544500,27,716.213100,715.488600,-0.724500
1,9,0.19544500,28,718.565400,717.998400,-0.567000
1,9,0.19544500,29,721.996200,721.595500,-0.400700
1,9,0.19544500,30,852.997300,852.955500,-0.041800
1,10,0.21716100,1,76.836700,76.375400,-0.461300
1,10,0.21716100,2,83.892000,83.470800,-0.421200
1,10,0.21716100,3,147.452700,147.258400,-0.194300
1,10,0.21716100,4,273.410900,273.408000,-0.002900
1,10,0.21716100,5,331.930800,332.039800,0.109000
1,10,0.21716100,6,332.567600,332.408100,-0.159500
1,10,0.21716100,7,352.826000,352.407300,-0.418700
1,10,0.21716100,8,357.859600,357.808500,-0.051100
1,10,0.21716100,9,369.829600,369.692300,-0.137300
1,10,0.21716100,10,393.129500,393.164600,0.035100
1,10,0.21716100,11,397.167700,396.945200,-0.222500
1,10,0.21716100,12,419.036400,418.896700,-0.139700
1,10,0.21716100,13,425.136600,425.046500,-0.090100
1,10,0.21716100,14,440.163300,440.130400,-0.032900
1,10,0.21716100,15,446.853400,447.001800,0.148400
1,10,0.21716100,16,466.246900,465.999000,-0.247900
1,10,0.21716100,17,495.428300,495.238500,-0.189800
1,10,0.21716100,18,528.385300,528.069000,-0.316300
1,10,0.21716100,19,541.398900,540.978000,-0.420900
1,10,0.21716100,20,548.806000,548.768700,-0.037300
1,10,0.21716100,21,554.966200,554.873900,-0.092300
1,10,0.21716100,22,556.549400,556.444300,-0.105100
1,10,0.21716100,23,573.025100,572.809300,-0.215800
1,10,0.21716100,24,608.128800,608.002700,-0.126100
1,10,0.21716100,25,630.042600,630.172900,0.130300
1,10,0.21716100,26,658.971300,659.183300,0.212000
1,10,0.21716100,27,716.389500,715.596700,-0.792800
1,10,0.21716100,28,719.088400,718.435000,-0.653400
1,10,0.21716100,29,723.246300,722.820300,-0.426000
1,10,0.21716100,30,851.478200,851.434700,-0.043500
1,11,0.23887800,1,84.443700,83.951500,-0.492200
1,11,0.23887800,2,92.178000,91.727400,-0.450600
1,11,0.23887800,3,161.706400,161.484900,-0.221500
1,11,0.23887800,4,271.591400,271.578300,-0.013100
1,11,0.23887800,5,328.144100,328.248500,0.104400
1,11,0.23887800,6,329.526500,329.370900,-0.155600
1,11,0.23887800,7,352.453700,352.007700,-0.446000
1,11,0.23887800,8,356.441700,356.416700,-0.025000
1,11,0.23887800,9,368.642200,368.472300,-0.169900
1,11,0.23887800,10,392.539500,392.580000,0.040500
1,11,0.23887800,11,397.054200,396.827500,-0.226700
1,11,0.23887800,12,420.900100,420.718700,-0.181400
1,11,0.23887800,13,426.789200,426.726700,-0.062500
1,11,0.23887800,14,442.749300,442.708600,-0.040700
1,11,0.23887800,15,450.056000,450.191400,0.135400
1,11,0.23887800,16,468.250800,467.946800,-0.304000
1,11,0.23887800,17,493.521100,493.337300,-0.183800
1,11,0.23887800,18,525.539300,525.198700,-0.340600
1,11,0.23887800,19,539.485700,539.039000,-0.446700
1,11,0.23887800,20,547.866800,547.843700,-0.023100
1,11,0.23887800,21,553.361400,553.208000,-0.153400
1,11,0.23887800,22,556.619500,556.431900,-0.187600
1,11,0.23887800,23,571.506900,571.360400,-0.146500
1,11,0.23887800,24,608.413800,608.292800,-0.121000
1,11,0.23887800,25,631.872900,632.026900,0.154000
1,11,0.23887800,26,658.027000,658.298400,0.271400
1,11,0.23887800,27,716.578900,715.714300,-0.864600
1,11,0.23887800,28,719.523600,718.790400,-0.733200
1,11,0.23887800,29,724.862000,724.405600,-0.456400
1,11,0.23887800,30,849.802200,849.756700,-0.045500
1,12,0.26059400,1,92.024400,91.505000,-0.519400
1,12,0.26059400,2,100.395400,99.918500,-0.476900
1,12,0.26059400,3,175.788400,175.537300,-0.251100
1,12,0.26059400,4,269.725500,269.701300,-0.024200
1,12,0.26059400,5,324.356000,324.454800,0.098800
1,12,0.26059400,6,326.428200,326.273600,-0.154600
1,12,0.26059400,7,352.111800,351.640300,-0.471500
1,12,0.26059400,8,354.660100,354.672800,0.012700
1,12,0.26059400,9,367.372000,367.150300,-0.221700
1,12,0.26059400,10,392.120500,392.170300,0.049800
1,12,0.26059400,11,396.973400,396.744000,-0.229400
1,12,0.26059400,12,422.430700,422.204900,-0.225800
1,12,0.26059400,13,428.723900,428.690900,-0.033000
1,12,0.26059400,14,445.408700,445.358200,-0.050500
1,12,0.26059400,15,452.806300,452.922400,0.116100
1,12,0.26059400,16,470.478000,470.120200,-0.357800
1,12,0.26059400,17,491.865300,491.688500,-0.176800
1,12,0.26059400,18,522.494400,522.133600,-0.360800
1,12,0.26059400,19,537.580800,537.112100,-0.468700
1,12,0.26059400,20,545.929900,545.916800,-0.013100
1,12,0.26059400,21,552.580400,552.367800,-0.212600
1,12,0.26059400,22,556.457400,556.174000,-0.283400
1,12,0.26059400,23,570.398400,570.332600,-0.065800
1,12,0.26059400,24,608.610800,608.494800,-0.116000
1,12,0.26059400,25,633.489200,633.665700,0.176500
1,12,0.26059400,26,656.873100,657.195900,0.322800
1,12,0.26059400,27,716.780300,715.841000,-0.939300
1,12,0.26059400,28,719.892700,719.082800,-0.809900
1,12,0.26059400,29,726.821800,726.335900,-0.485900
1,12,0.26059400,30,847.970800,847.922700,-0.048100
1,13,0.28231000,1,99.576100,99.033500,-0.542600
1,13,0.28231000,2,108.540700,108.040600,-0.500100
1,13,0.28231000,3,189.676300,189.393200,-0.283100
1,13,0.28231000,4,267.851500,267.815400,-0.036100
1,13,0.28231000,5,320.571400,320.662100,0.090700
1,13,0.28231000,6,323.250800,323.095200,-0.155600
1,13,0.28231000,7,351.805300,351.312800,-0.492500
1,13,0.28231000,8,352.460100,352.512100,0.052000
1,13,0.28231000,9,366.126100,365.841500,-0.284600
1,13,0.28231000,10,391.917500,391.980200,0.062700
1,13,0.28231000,11,396.911600,396.680500,-0.231100
1,13,0.28231000,12,423.647600,423.384600,-0.263000
1,13,0.28231000,13,430.854400,430.841700,-0.012700
1,13,0.28231000,14,448.110400,448.048400,-0.062000
1,13,0.28231000,15,454.969500,455.058800,0.089300
1,13,0.28231000,16,472.888400,472.481900,-0.406500
1,13,0.28231000,17,490.572300,490.404600,-0.167700
1,13,0.28231000,18,519.292000,518.913500,-0.378500
1,13,0.28231000,19,535.755300,535.268700,-0.486600
1,13,0.28231000,20,543.208900,543.192300,-0.016600
1,13,0.28231000,21,552.414600,552.156000,-0.258600
1,13,0.28231000,22,556.015600,555.636100,-0.379500
1,13,0.28231000,23,569.728800,569.742200,0.013400
1,13,0.28231000,24,608.729900,608.619300,-0.110600
1,13,0.28231000,25,634.884400,635.082400,0.198000
1,13,0.28231000,26,655.501500,655.866700,0.365200
1,13,0.28231000,27,716.992600,715.976400,-1.016200
1,13,0.28231000,28,720.215400,719.329000,-0.886400
1,13,0.28231000,29,729.098400,728.588300,-0.510100
1,13,0.28231000,30,845.985500,845.934200,-0.051300
1,14,0.30402600,1,107.096300,106.534500,-0.561800
1,14,0.30402600,2,116.609600,116.089400,-0.520200
1,14,0.30402600,3,203.343700,203.025800,-0.317900
1,14,0.30402600,4,266.005300,265.956700,-0.048600
1,14,0.30402600,5,316.792900,316.873000,0.080100
1,14,0.30402600,6,319.966300,319.808600,-0.157700
1,14,0.30402600,7,349.827200,349.922300,0.095100
1,14,0.30402600,8,351.552100,351.031600,-0.520500
1,14,0.30402600,9,364.992600,364.644600,-0.348000
1,14,0.30402600,10,391.936000,392.013900,0.077900
1,14,0.30402600,11,396.854300,396.622600,-0.231700
1,14,0.30402600,12,424.564900,424.275100,-0.289800
1,14,0.30402600,13,433.134000,433.128000,-0.006000
1,14,0.30402600,14,450.822100,450.747300,-0.074800
1,14,0.30402600,15,456.423300,456.478000,0.054700
1,14,0.30402600,16,475.416200,474.968500,-0.447700
1,14,0.30402600,17,489.730500,489.574100,-0.156400
1,14,0.30402600,18,515.971700,515.577700,-0.394000
1,14,0.30402600,19,534.080900,533.580300,-0.500600
1,14,0.30402600,20,540.059000,540.036600,-0.022400
1,14,0.30402600,21,552.527900,552.227100,-0.300800
1,14,0.30402600,22,555.292000,554.829700,-0.462300
1,14,0.30402600,23,569.488000,569.565000,0.077000
1,14,0.30402600,24,608.787700,608.682500,-0.105200
1,14,0.30402600,25,636.052900,636.271600,0.218700
1,14,0.30402600,26,653.910700,654.308900,0.398200
1,14,0.30402600,27,717.214800,716.120400,-1.094400
1,14,0.30402600,28,720.502900,719.539200,-0.963700
1,14,0.30402600,29,731.665500,731.138700,-0.526800
1,14,0.30402600,30,843.848100,843.793000,-0.055100
1,15,0.32574200,1,114.581700,114.004600,-0.577100
1,15,0.32574200,2,124.597400,124.060500,-0.536900
1,15,0.32574200,3,216.754200,216.398500,-0.355700
1,15,0.32574200,4,264.216400,264.155000,-0.061400
1,15,0.32574200,5,313.025600,313.092100,0.066500
1,15,0.32574200,6,316.544500,316.384000,-0.160500
1,15,0.32574200,7,346.842700,346.962200,0.119500
1,15,0.32574200,8,351.341200,350.801100,-0.540100
1,15,0.32574200,9,364.011200,363.607300,-0.403900
1,15,0.32574200,10,392.157500,392.251400,0.093900
1,15,0.32574200,11,396.786700,396.555000,-0.231700
1,15,0.32574200,12,425.200800,424.893600,-0.307200
1,15,0.32574200,13,435.541200,435.529100,-0.012100
1,15,0.32574200,14,453.500700,453.414300,-0.086400
1,15,0.32574200,15,457.108300,457.120500,0.012200
1,15,0.32574200,16,477.974800,477.495500,-0.479300
1,15,0.32574200,17,489.352900,489.206700,-0.146200
1,15,0.32574200,18,512.584000,512.177800,-0.406200
1,15,0.32574200,19,532.623500,532.112600,-0.510900
1,15,0.32574200,20,536.670100,536.644600,-0.025500
1,15,0.32574200,21,552.762900,552.419700,-0.343200
1,15,0.32574200,22,554.335300,553.810400,-0.524900
1,15,0.32574200,23,569.625600,569.743400,0.117800
1,15,0.32574200,24,608.805000,608.705100,-0.099900
1,15,0.32574200,25,636.991300,637.229600,0.238300
1,15,0.32574200,26,652.105300,652.527800,0.422500
1,15,0.32574200,27,717.445700,716.272800,-1.172900
1,15,0.32574200,28,720.760500,719.718600,-1.041900
1,15,0.32574200,29,734.497400,733.961800,-0.535600
1,15,0.32574200,30,841.561000,841.501400,-0.059600
1,16,0.34745800,1,122.028500,121.440200,-0.588300
1,16,0.34745800,2,132.499500,131.949200,-0.550300
1,16,0.34745800,3,229.859600,229.462500,-0.397100
1,16,0.34745800,4,262.504600,262.429900,-0.074700
1,16,0.34745800,5,309.281100,309.331200,0.050100
1,16,0.34745800,6,312.959300,312.796100,-0.163200
1,16,0.34745800,7,343.612700,343.744700,0.132000
1,16,0.34745800,8,351.183600,350.624800,-0.558800
1,16,0.34745800,9,363.180100,362.730100,-0.450000
1,16,0.34745800,10,392.555400,392.664700,0.109300
1,16,0.34745800,11,396.693400,396.461900,-0.231500
1,16,0.34745800,12,425.589000,425.270900,-0.318100
1,16,0.34745800,13,438.060000,438.032500,-0.027500
1,16,0.34745800,14,455.940200,455.872600,-0.067600
1,16,0.34745800,15,457.218100,457.155000,-0.063100
1,16,0.34745800,16,480.465900,479.966300,-0.499600
1,16,0.34745800,17,489.314000,489.169600,-0.144400
1,16,0.34745800,18,509.214600,508.803600,-0.411000
1,16,0.34745800,19,531.436000,530.918100,-0.517900
1,16,0.34745800,20,533.150900,533.125600,-0.025300
1,16,0.34745800,21,553.056000,552.657500,-0.398500
1,16,0.34745800,22,553.227300,552.670900,-0.556400
1,16,0.34745800,23,570.073800,570.210700,0.136900
1,16,0.34745800,24,608.805300,608.710300,-0.095000
1,16,0.34745800,25,637.697700,637.954900,0.257200
1,16,0.34745800,26,650.095500,650.534400,0.438900
1,16,0.34745800,27,717.684200,716.433400,-1.250800
1,16,0.34745800,28,720.989800,719.869300,-1.120500
1,16,0.34745800,29,737.567800,737.030900,-0.536900
1,16,0.34745800,30,839.126800,839.061800,-0.065000
1,17,0.36917400,1,129.432500,128.836900,-0.595600
1,17,0.36917400,2,140.311400,139.751000,-0.560400
1,17,0.36917400,3,242.584600,242.141600,-0.443000
1,17,0.36917400,4,260.874500,260.786200,-0.088300
1,17,0.36917400,5,305.582100,305.613400,0.031300
1,17,0.36917400,6,309.201400,309.036300,-0.165100
1,17,0.36917400,7,340.271700,340.405600,0.133900
1,17,0.36917400,8,351.080900,350.504300,-0.576600
1,17,0.36917400,9,362.477600,361.990300,-0.487300
1,17,0.36917400,10,393.102700,393.225900,0.123200
1,17,0.36917400,11,396.558500,396.327300,-0.231200
1,17,0.36917400,12,425.778700,425.453800,-0.324900
1,17,0.36917400,13,440.672800,440.623500,-0.049300
1,17,0.36917400,14,456.002600,455.960600,-0.042000
1,17,0.36917400,15,458.967100,458.823800,-0.143300
1,17,0.36917400,16,482.791100,482.283500,-0.507600
1,17,0.36917400,17,489.300200,489.135800,-0.164400
1,17,0.36917400,18,506.037000,505.639300,-0.397700
1,17,0.36917400,19,529.585500,529.565000,-0.020500
1,17,0.36917400,20,530.548100,530.024900,-0.523200
1,17,0.36917400,21,552.057900,551.458000,-0.599900
1,17,0.36917400,22,553.383000,552.954000,-0.429000
1,17,0.36917400,23,570.772700,570.912100,0.139400
1,17,0.36917400,24,608.812700,608.721500,-0.091200
1,17,0.36917400,25,638.172000,638.447200,0.275200
1,17,0.36917400,26,647.896300,648.345500,0.449200
1,17,0.36917400,27,717.929000,716.602000,-1.327000
1,17,0.36917400,28,721.190900,719.992000,-1.198900
1,17,0.36917400,29,740.850000,740.318200,-0.531800
1,17,0.36917400,30,836.548300,836.477200,-0.071100
1,18,0.39089100,1,136.788700,136.189700,-0.599000
1,18,0.39089100,2,148.028500,147.461500,-0.567000
1,18,0.39089100,3,254.794800,254.300600,-0.494200
1,18,0.39089100,4,259.311300,259.208700,-0.102600
1,18,0.39089100,5,301.967300,301.978000,0.010700
1,18,0.39089100,6,305.307400,305.142600,-0.164800
1,18,0.39089100,7,336.958600,337.086300,0.127700
1,18,0.39089100,8,351.034100,350.440400,-0.593700
1,18,0.39089100,9,361.879000,361.361500,-0.517500
1,18,0.39089100,10,393.777200,393.912200,0.135000
1,18,0.39089100,11,396.366300,396.134800,-0.231500
1,18,0.39089100,12,425.829100,425.500500,-0.328600
1,18,0.39089100,13,443.358500,443.283900,-0.074600
1,18,0.39089100,14,454.751400,454.677100,-0.074300
1,18,0.39089100,15,461.412400,461.251500,-0.160900
1,18,0.39089100,16,484.866200,484.363200,-0.503000
1,18,0.39089100,17,488.776200,488.552200,-0.224000
1,18,0.39089100,18,503.390800,503.041400,-0.349400
1,18,0.39089100,19,526.061500,526.046400,-0.015100
1,18,0.39089100,20,529.946800,529.423300,-0.523500
1,18,0.39089100,21,550.927800,550.303400,-0.624400
1,18,0.39089100,22,553.727500,553.256200,-0.471300
1,18,0.39089100,23,571.681700,571.811600,0.129900
1,18,0.39089100,24,608.848800,608.759300,-0.089500
1,18,0.39089100,25,638.416300,638.708900,0.292600
1,18,0.39089100,26,645.528000,645.983100,0.455100
1,18,0.39089100,27,718.179000,716.778400,-1.400600
1,18,0.39089100,28,721.363100,720.086700,-1.276400
1,18,0.39089100,29,744.316900,743.795800,-0.521100
1,18,0.39089100,30,833.829200,833.751100,-0.078100
1,19,0.41260700,1,144.091300,143.492700,-0.598600
1,19,0.41260700,2,155.646700,155.076500,-0.570200
1,19,0.41260700,3,257.774500,257.656600,-0.117900
1,19,0.41260700,4,266.198000,265.646500,-0.551500
1,19,0.41260700,5,298.496300,298.485100,-0.011200
1,19,0.41260700,6,301.445500,301.284400,-0.161100
1,19,0.41260700,7,333.823900,333.938700,0.114800
1,19,0.41260700,8,351.043000,350.432600,-0.610400
1,19,0.41260700,9,361.364400,360.822500,-0.541900
1,19,0.41260700,10,394.563000,394.707700,0.144700
1,19,0.41260700,11,396.101300,395.868500,-0.232800
1,19,0.41260700,12,425.803600,425.473900,-0.329700
1,19,0.41260700,13,446.094800,445.992900,-0.101900
1,19,0.41260700,14,453.084300,452.987200,-0.097100
1,19,0.41260700,15,463.773200,463.591100,-0.182100
1,19,0.41260700,16,486.634300,486.147700,-0.486600
1,19,0.41260700,17,487.102200,486.780600,-0.321600
1,19,0.41260700,18,501.715300,501.449900,-0.265400
1,19,0.41260700,19,522.667800,522.658500,-0.009300
1,19,0.41260700,20,529.570200,529.050600,-0.519600
1,19,0.41260700,21,549.941400,549.294200,-0.647200
1,19,0.41260700,22,554.082200,553.569800,-0.512400
1,19,0.41260700,23,572.780500,572.893000,0.112500
1,19,0.41260700,24,608.929900,608.838700,-0.091200
1,19,0.41260700,25,638.434700,638.743900,0.309200
1,19,0.41260700,26,643.016600,643.475700,0.459100
1,19,0.41260700,27,718.432900,716.962400,-1.470500
1,19,0.41260700,28,721.505500,720.153300,-1.352200
1,19,0.41260700,29,747.942300,747.436300,-0.506000
1,19,0.41260700,30,830.973100,830.886900,-0.086200
1,20,0.43432300,1,151.333400,150.738800,-0.594600
1,20,0.43432300,2,163.162300,162.592400,-0.569900
1,20,0.43432300,3,256.193000,256.058000,-0.135000
1,20,0.43432300,4,275.955200,275.351100,-0.604100
1,20,0.43432300,5,295.255100,295.221800,-0.033300
1,20,0.43432300,6,298.257900,298.096300,-0.161600
1,20,0.43432300,7,331.072500,331.166200,0.093700
1,20,0.43432300,8,351.106700,350.479600,-0.627100
1,20,0.43432300,9,360.921500,360.360700,-0.560800
1,20,0.43432300,10,395.447900,395.512400,0.064500
1,20,0.43432300,11,395.752400,395.604400,-0.148000
1,20,0.43432300,12,425.765600,425.437300,-0.328300
1,20,0.43432300,13,448.857400,448.727600,-0.129800
1,20,0.43432300,14,451.155200,451.043000,-0.112200
1,20,0.43432300,15,465.981000,465.775400,-0.205600
1,20,0.43432300,16,484.020100,483.605100,-0.415000
1,20,0.43432300,17,488.075200,487.615100,-0.460100
1,20,0.43432300,18,501.092200,500.908000,-0.184200
1,20,0.43432300,19,519.505500,519.499500,-0.006000
1,20,0.43432300,20,529.295800,528.786700,-0.509100
1,20,0.43432300,21,549.211800,548.540400,-0.671400
1,20,0.43432300,22,554.440000,553.887900,-0.552100
1,20,0.43432300,23,574.065200,574.154400,0.089200
1,20,0.43432300,24,609.062100,608.964200,-0.097900
1,20,0.43432300,25,638.233800,638.559100,0.325300
1,20,0.43432300,26,640.396200,640.859800,0.463600
1,20,0.43432300,27,718.689400,717.153500,-1.535900
1,20,0.43432300,28,721.617500,720.191700,-1.425800
1,20,0.43432300,29,751.700800,751.213300,-0.487500
1,20,0.43432300,30,827.984200,827.889000,-0.095200
1,21,0.45603900,1,158.507000,157.919900,-0.587100
1,21,0.45603900,2,170.572000,170.005700,-0.566300
1,21,0.45603900,3,254.463300,254.308800,-0.154500
1,21,0.45603900,4,281.371100,280.807000,-0.564100
1,21,0.45603900,5,292.355700,292.301000,-0.054700
1,21,0.45603900,6,298.050200,297.806300,-0.243900
1,21,0.45603900,7,329.083600,329.138200,0.054600
1,21,0.45603900,8,351.222900,350.578900,-0.644000
1,21,0.45603900,9,360.548600,359.974800,-0.573800
1,21,0.45603900,10,395.285900,395.050400,-0.235500
1,21,0.45603900,11,396.452000,396.604500,0.152500
1,21,0.45603900,12,425.774700,425.450300,-0.324400
1,21,0.45603900,13,449.055400,448.936800,-0.118600
1,21,0.45603900,14,451.623000,451.464200,-0.158800
1,21,0.45603900,15,467.986000,467.754300,-0.231700
1,21,0.45603900,16,479.814500,479.338000,-0.476500
1,21,0.45603900,17,489.206600,488.780800,-0.425800
1,21,0.45603900,18,501.093500,500.965100,-0.128400
1,21,0.45603900,19,516.690900,516.682100,-0.008800
1,21,0.45603900,20,528.962300,528.471200,-0.491100
1,21,0.45603900,21,548.845000,548.146700,-0.698300
1,21,0.45603900,22,554.792100,554.202800,-0.589300
1,21,0.45603900,23,575.544200,575.605900,0.061700
1,21,0.45603900,24,609.235500,609.123600,-0.111900
1,21,0.45603900,25,637.712700,638.163700,0.451000
1,21,0.45603900,26,637.822700,638.184500,0.361800
1,21,0.45603900,27,718.946900,717.351200,-1.595700
1,21,0.45603900,28,721.698700,720.202000,-1.496700
1,21,0.45603900,29,755.568400,755.102100,-0.466300
1,21,0.45603900,30,824.867700,824.762300,-0.105400
1,22,0.47775500,1,165.603100,165.026900,-0.576200
1,22,0.47775500,2,177.873000,177.313600,-0.559400
1,22,0.47775500,3,252.457800,252.280700,-0.177100
1,22,0.47775500,4,280.237400,279.798800,-0.438600
1,22,0.47775500,5,289.931200,289.857100,-0.074100
1,22,0.47775500,6,302.172100,301.803800,-0.368300
1,22,0.47775500,7,328.680800,328.644600,-0.036200
1,22,0.47775500,8,351.388700,350.727500,-0.661200
1,22,0.47775500,9,360.259700,359.680800,-0.578900
1,22,0.47775500,10,394.708200,394.465900,-0.242300
1,22,0.47775500,11,397.566600,397.722300,0.155700
1,22,0.47775500,12,425.884800,425.566500,-0.318300
1,22,0.47775500,13,446.846100,446.727300,-0.118800
1,22,0.47775500,14,454.363800,454.177500,-0.186300
1,22,0.47775500,15,469.692300,469.422300,-0.270000
1,22,0.47775500,16,474.896500,474.396100,-0.500400
1,22,0.47775500,17,490.076000,489.689500,-0.386500
1,22,0.47775500,18,501.231900,501.142400,-0.089500
1,22,0.47775500,19,514.363000,514.341800,-0.021200
1,22,0.47775500,20,528.417700,527.951200,-0.466500
1,22,0.47775500,21,548.903600,548.178200,-0.725400
1,22,0.47775500,22,555.127500,554.504000,-0.623500
1,22,0.47775500,23,577.233600,577.264400,0.030800
1,22,0.47775500,24,609.415300,609.279700,-0.135600
1,22,0.47775500,25,635.032200,635.518500,0.486300
1,22,0.47775500,26,637.213400,637.570000,0.356600
1,22,0.47775500,27,719.203800,717.554600,-1.649200
1,22,0.47775500,28,721.748800,720.184800,-1.564000
1,22,0.47775500,29,759.522700,759.079300,-0.443400
1,22,0.47775500,30,821.628500,821.511900,-0.116600
1,23,0.49947100,1,172.609800,172.047700,-0.562100
1,23,0.49947100,2,185.061800,184.512700,-0.549100
1,23,0.49947100,3,250.046900,249.843500,-0.203400
1,23,0.49947100,4,276.000100,275.614500,-0.385600
1,23,0.49947100,5,288.111200,288.020400,-0.090800
1,23,0.49947100,6,305.801500,305.465700,-0.335800
1,23,0.49947100,7,331.163700,330.942000,-0.221700
1,23,0.49947100,8,351.599900,350.921000,-0.678900
1,23,0.49947100,9,360.099200,359.526500,-0.572700
1,23,0.49947100,10,393.991300,393.740100,-0.251200
1,23,0.49947100,11,398.832400,398.988900,0.156500
1,23,0.49947100,12,426.141400,425.830600,-0.310800
1,23,0.49947100,13,444.557600,444.446200,-0.111400
1,23,0.49947100,14,457.053800,456.840800,-0.213000
1,23,0.49947100,15,468.855200,468.317300,-0.537900
1,23,0.49947100,16,471.702300,471.425200,-0.277100
1,23,0.49947100,17,490.747500,490.403100,-0.344400
1,23,0.49947100,18,501.164900,501.107500,-0.057400
1,23,0.49947100,19,512.678900,512.634100,-0.044800
1,23,0.49947100,20,527.573400,527.135000,-0.438400
1,23,0.49947100,21,549.372100,548.622700,-0.749400
1,23,0.49947100,22,555.432600,554.778300,-0.654300
1,23,0.49947100,23,579.151900,579.149000,-0.002900
1,23,0.49947100,24,609.529100,609.358700,-0.170400
1,23,0.49947100,25,632.450900,632.960900,0.510000
1,23,0.49947100,26,636.421500,636.793500,0.372000
1,23,0.49947100,27,719.458300,717.762800,-1.695500
1,23,0.49947100,28,721.768500,720.141000,-1.627500
1,23,0.49947100,29,763.542900,763.123700,-0.419200
1,23,0.49947100,30,818.272600,818.143400,-0.129200
1,24,0.52118700,1,179.514000,178.969200,-0.544800
1,24,0.52118700,2,192.133300,191.597900,-0.535400
1,24,0.52118700,3,247.133300,246.899800,-0.233500
1,24,0.52118700,4,270.760200,270.387500,-0.372700
1,24,0.52118700,5,286.989400,286.885000,-0.104400
1,24,0.52118700,6,306.552400,306.310500,-0.241900
1,24,0.52118700,7,336.654500,336.210400,-0.444100
1,24,0.52118700,8,351.850900,351.153900,-0.697000
1,24,0.52118700,9,360.181900,359.634400,-0.547500
1,24,0.52118700,10,393.113000,392.849600,-0.263400
1,24,0.52118700,11,400.301700,400.457600,0.155900
1,24,0.52118700,12,426.580700,426.277600,-0.303100
1,24,0.52118700,13,442.193900,442.098200,-0.095700
1,24,0.52118700,14,459.664000,459.425800,-0.238200
1,24,0.52118700,15,463.152900,462.592400,-0.560500
1,24,0.52118700,16,472.673900,472.387700,-0.286200
1,24,0.52118700,17,491.289100,490.987700,-0.301400
1,24,0.52118700,18,500.706200,500.675100,-0.031100
1,24,0.52118700,19,511.752800,511.676800,-0.076000
1,24,0.52118700,20,526.423200,526.013900,-0.409300
1,24,0.52118700,21,550.155900,549.388900,-0.767000
1,24,0.52118700,22,555.691000,555.009600,-0.681400
1,24,0.52118700,23,581.313400,581.274900,-0.038500
1,24,0.52118700,24,609.452700,609.237200,-0.215500
1,24,0.52118700,25,630.110700,630.653000,0.542300
1,24,0.52118700,26,635.466100,635.854000,0.387900
1,24,0.52118700,27,719.708100,717.974500,-1.733600
1,24,0.52118700,28,721.758500,720.071700,-1.686800
1,24,0.52118700,29,767.609900,767.215500,-0.394400
1,24,0.52118700,30,814.805800,814.662900,-0.142900
1,25,0.54290400,1,186.299600,185.775000,-0.524600
1,25,0.54290400,2,199.076900,198.558900,-0.518000
1,25,0.54290400,3,243.683600,243.416200,-0.267400
1,25,0.54290400,4,265.074700,264.698400,-0.376300
1,25,0.54290400,5,286.598000,286.482900,-0.115100
1,25,0.54290400,6,305.343000,305.160800,-0.182200
1,25,0.54290400,7,343.302700,342.662300,-0.640400
1,25,0.54290400,8,352.135100,351.419500,-0.715600
1,25,0.54290400,9,360.815400,360.323900,-0.491500
1,25,0.54290400,10,392.042600,391.762900,-0.279700
1,25,0.54290400,11,402.057700,402.211000,0.153300
1,25,0.54290400,12,427.229200,426.932500,-0.296700
1,25,0.54290400,13,439.720100,439.649500,-0.070600
1,25,0.54290400,14,457.031600,456.468800,-0.562800
1,25,0.54290400,15,462.164600,461.902600,-0.262000
1,25,0.54290400,16,473.488600,473.183100,-0.305500
1,25,0.54290400,17,491.764700,491.505700,-0.259000
1,25,0.54290400,18,499.865700,499.849900,-0.015800
1,25,0.54290400,19,511.557600,511.450400,-0.107200
1,25,0.54290400,20,525.019100,524.638600,-0.380500
1,25,0.54290400,21,551.121000,550.343600,-0.777400
1,25,0.54290400,22,555.884800,555.180200,-0.704600
1,25,0.54290400,23,583.722300,583.647000,-0.075300
1,25,0.54290400,24,609.006900,608.743700,-0.263200
1,25,0.54290400,25,628.202100,628.778800,0.576700
1,25,0.54290400,26,634.371100,634.775400,0.404300
1,25,0.54290400,27,719.950800,718.188300,-1.762500
1,25,0.54290400,28,721.720400,719.978300,-1.742100
1,25,0.54290400,29,771.706000,771.336700,-0.369300
1,25,0.54290400,30,811.235200,811.077400,-0.157800
1,26,0.56462000,1,192.946000,192.444600,-0.501400
1,26,0.56462000,2,205.864400,205.368500,-0.495900
1,26,0.56462000,3,239.742000,239.436500,-0.305500
1,26,0.56462000,4,259.134600,258.746400,-0.388200
1,26,0.56462000,5,286.903100,286.779900,-0.123200
1,26,0.56462000,6,303.250800,303.096000,-0.154800
1,26,0.56462000,7,348.979700,348.173900,-0.805800
1,26,0.56462000,8,352.443800,351.708700,-0.735100
1,26,0.56462000,9,362.761000,362.346100,-0.414900
1,26,0.56462000,10,390.734200,390.433300,-0.300900
1,26,0.56462000,11,404.220300,404.367700,0.147400
1,26,0.56462000,12,428.105200,427.811700,-0.293500
1,26,0.56462000,13,437.026600,436.991300,-0.035300
1,26,0.56462000,14,450.901100,450.340500,-0.560600
1,26,0.56462000,15,464.522000,464.238900,-0.283100
1,26,0.56462000,16,473.938200,473.617300,-0.320900
1,26,0.56462000,17,492.228600,492.010500,-0.218100
1,26,0.56462000,18,498.799400,498.786200,-0.013200
1,26,0.56462000,19,511.939100,511.804200,-0.134900
1,26,0.56462000,20,523.435000,523.082900,-0.352100
1,26,0.56462000,21,552.138200,551.356700,-0.781500
1,26,0.56462000,22,555.995200,555.271200,-0.724000
1,26,0.56462000,23,586.366600,586.254300,-0.112300
1,26,0.56462000,24,608.000800,607.702000,-0.298800
1,26,0.56462000,25,626.921900,627.521000,0.599100
1,26,0.56462000,26,633.165500,633.587300,0.421800
1,26,0.56462000,27,720.183200,718.402300,-1.780900
1,26,0.56462000,28,721.656400,719.862700,-1.793700
1,26,0.56462000,29,775.815000,775.470600,-0.344400
1,26,0.56462000,30,807.567900,807.393900,-0.174000
1,27,0.58633600,1,199.424500,198.949600,-0.474900
1,27,0.58633600,2,212.402500,211.937100,-0.465400
1,27,0.58633600,3,235.457300,235.106400,-0.350900
1,27,0.58633600,4,253.034400,252.629200,-0.405200
1,27,0.58633600,5,287.826000,287.696700,-0.129300
1,27,0.58633600,6,300.799800,300.656200,-0.143600
1,27,0.58633600,7,352.164300,351.295800,-0.868500
1,27,0.58633600,8,352.769300,352.010100,-0.759200
1,27,0.58633600,9,366.791600,366.392800,-0.398800
1,27,0.58633600,10,389.118400,388.790600,-0.327800
1,27,0.58633600,11,406.945400,407.079800,0.134400
1,27,0.58633600,12,429.222400,428.926700,-0.295700
1,27,0.58633600,13,433.857800,433.860900,0.003100
1,27,0.58633600,14,445.171300,444.623700,-0.547600
1,27,0.58633600,15,466.702100,466.400600,-0.301500
1,27,0.58633600,16,473.990400,473.658500,-0.331900
1,27,0.58633600,17,492.725200,492.545900,-0.179300
1,27,0.58633600,18,497.671100,497.650000,-0.021100
1,27,0.58633600,19,512.735900,512.575500,-0.160400
1,27,0.58633600,20,521.745400,521.421500,-0.323900
1,27,0.58633600,21,553.108300,552.327700,-0.780600
1,27,0.58633600,22,556.003600,555.263400,-0.740200
1,27,0.58633600,23,589.215400,589.067100,-0.148300
1,27,0.58633600,24,606.334400,606.024200,-0.310200
1,27,0.58633600,25,626.372500,626.971300,0.598800
1,27,0.58633600,26,631.885400,632.326300,0.440900
1,27,0.58633600,27,720.400900,718.614700,-1.786200
1,27,0.58633600,28,721.570500,719.726800,-1.843700
1,27,0.58633600,29,779.922000,779.602100,-0.319900
1,27,0.58633600,30,803.811800,803.620300,-0.191500
1,28,0.60805200,1,205.692200,205.247100,-0.445100
1,28,0.60805200,2,218.260800,217.849700,-0.411100
1,28,0.60805200,3,231.332400,230.913600,-0.418800
1,28,0.60805200,4,246.842100,246.415900,-0.426200
1,28,0.60805200,5,289.267300,289.133900,-0.133400
1,28,0.60805200,6,298.236700,298.097100,-0.139600
1,28,0.60805200,7,353.067200,352.307200,-0.760000
1,28,0.60805200,8,353.359700,352.486200,-0.873500
1,28,0.60805200,9,371.994600,371.564600,-0.430000
1,28,0.60805200,10,387.091000,386.730800,-0.360200
1,28,0.60805200,11,410.393600,410.504200,0.110600
1,28,0.60805200,12,429.823900,429.846600,0.022700
1,28,0.60805200,13,430.597800,430.291200,-0.306600
1,28,0.60805200,14,440.408900,439.907100,-0.501800
1,28,0.60805200,15,468.668000,468.351400,-0.316600
1,28,0.60805200,16,473.641500,473.303100,-0.338400
1,28,0.60805200,17,493.289000,493.145700,-0.143300
1,28,0.60805200,18,496.584500,496.548200,-0.036300
1,28,0.60805200,19,513.836700,513.650800,-0.185900
1,28,0.60805200,20,520.017000,519.721400,-0.295600
1,28,0.60805200,21,553.966800,553.190800,-0.776000
1,28,0.60805200,22,555.892600,555.138500,-0.754100
1,28,0.60805200,23,592.218400,592.035700,-0.182700
1,28,0.60805200,24,604.066600,603.767300,-0.299300
1,28,0.60805200,25,626.495900,627.074700,0.578800
1,28,0.60805200,26,630.575800,631.037700,0.461900
1,28,0.60805200,27,720.595900,718.823300,-1.772600
1,28,0.60805200,28,721.470000,719.572800,-1.897200
1,28,0.60805200,29,784.012900,783.716900,-0.296000
1,28,0.60805200,30,799.975100,799.765000,-0.210100
1,29,0.62976800,1,211.665200,211.255000,-0.410200
1,29,0.62976800,2,220.690600,220.357700,-0.332900
1,29,0.62976800,3,230.185400,229.675800,-0.509600
1,29,0.62976800,4,240.642800,240.191100,-0.451700
1,29,0.62976800,5,291.124900,290.988800,-0.136100
1,29,0.62976800,6,295.702400,295.564100,-0.138300
1,29,0.62976800,7,353.356200,352.574800,-0.781400
1,29,0.62976800,8,353.652000,352.806500,-0.845500
1,29,0.62976800,9,376.986200,376.545100,-0.441100
1,29,0.62976800,10,384.505400,384.109000,-0.396400
1,29,0.62976800,11,414.648900,414.725300,0.076400
1,29,0.62976800,12,424.879000,424.902600,0.023600
1,29,0.62976800,13,432.261500,431.933800,-0.327700
1,29,0.62976800,14,436.887300,436.458900,-0.428400
1,29,0.62976800,15,470.381700,470.054200,-0.327500
1,29,0.62976800,16,472.905800,472.565200,-0.340600
1,29,0.62976800,17,493.944900,493.834300,-0.110600
1,29,0.62976800,18,495.590700,495.533800,-0.056900
1,29,0.62976800,19,515.168600,514.956400,-0.212200
1,29,0.62976800,20,518.309400,518.041900,-0.267500
1,29,0.62976800,21,554.677200,553.910600,-0.766600
1,29,0.62976800,22,555.648200,554.879800,-0.768400
1,29,0.62976800,23,595.306600,595.091400,-0.215200
1,29,0.62976800,24,601.361100,601.085100,-0.276000
1,29,0.62976800,25,627.129800,627.680700,0.550900
1,29,0.62976800,26,629.294600,629.779400,0.484800
1,29,0.62976800,27,720.749400,719.025800,-1.723600
1,29,0.62976800,28,721.373200,719.403100,-1.970100
1,29,0.62976800,29,788.075200,787.802200,-0.273000
1,29,0.62976800,30,796.067000,795.837000,-0.230000
1,30,0.65148400,1,217.019300,216.733300,-0.286000
1,30,0.65148400,2,217.184500,216.733300,-0.451200
1,30,0.65148400,3,234.626200,234.179600,-0.446600
1,30,0.65148400,4,234.701400,234.179600,-0.521800
1,30,0.65148400,5,293.283400,293.163400,-0.120000
1,30,0.65148400,6,293.318500,293.163400,-0.155100
1,30,0.65148400,7,353.530500,352.769800,-0.760700
1,30,0.65148400,8,353.633500,352.769800,-0.863700
1,30,0.65148400,9,381.071900,380.755100,-0.316800
1,30,0.65148400,10,381.291500,380.755100,-0.536400
1,30,0.65148400,11,419.558200,419.646100,0.087900
1,30,0.65148400,12,419.650700,419.646100,-0.004600
1,30,0.65148400,13,434.275900,433.928200,-0.347700
1,30,0.65148400,14,434.314000,433.928200,-0.385800
1,30,0.65148400,15,471.749900,471.471000,-0.278900
1,30,0.65148400,16,471.864700,471.471000,-0.393700
1,30,0.65148400,17,494.694400,494.627900,-0.066500
1,30,0.65148400,18,494.725000,494.627900,-0.097100
1,30,0.65148400,19,516.662600,516.436800,-0.225800
1,30,0.65148400,20,516.690000,516.436800,-0.253200
1,30,0.65148400,21,555.152100,554.473500,-0.678600
1,30,0.65148400,22,555.331300,554.473500,-0.857800
1,30,0.65148400,23,598.332000,598.145500,-0.186500
1,30,0.65148400,24,598.452600,598.145500,-0.307100
1,30,0.65148400,25,628.019800,628.626800,0.607000
1,30,0.65148400,26,628.200700,628.626800,0.426100
1,30,0.65148400,27,720.814800,719.219900,-1.594900
1,30,0.65148400,28,721.326700,719.219900,-2.106800
1,30,0.65148400,29,792.073800,791.846000,-0.227800
1,30,0.65148400,30,792.120000,791.846000,-0.274000
1,31,0.66827100,1,216.991200,216.705800,-0.285400
1,31,0.66827100,2,217.155600,216.705800,-0.449800
1,31,0.66827100,3,234.700600,234.255500,-0.445100
1,31,0.66827100,4,234.777500,234.255500,-0.522000
1,31,0.66827100,5,293.292300,293.172400,-0.119900
1,31,0.66827100,6,293.327300,293.172400,-0.154900
1,31,0.66827100,7,353.454300,352.694100,-0.760200
1,31,0.66827100,8,353.556700,352.694100,-0.862600
1,31,0.66827100,9,381.091800,380.774600,-0.317200
1,31,0.66827100,10,381.311200,380.774700,-0.536500
1,31,0.66827100,11,419.615900,419.700700,0.084800
1,31,0.66827100,12,419.708800,419.700700,-0.008100
1,31,0.66827100,13,434.281500,433.934200,-0.347300
1,31,0.66827100,14,434.320400,433.934200,-0.386200
1,31,0.66827100,15,471.560400,471.284000,-0.276400
1,31,0.66827100,16,471.673300,471.284100,-0.389200
1,31,0.66827100,17,494.772300,494.701300,-0.071000
1,31,0.66827100,18,494.802500,494.701300,-0.101200
1,31,0.66827100,19,516.721800,516.497200,-0.224600
1,31,0.66827100,20,516.749500,516.497200,-0.252300
1,31,0.66827100,21,555.034800,554.357800,-0.677000
1,31,0.66827100,22,555.211700,554.357800,-0.853900
1,31,0.66827100,23,598.438800,598.251100,-0.187700
1,31,0.66827100,24,598.556700,598.251100,-0.305600
1,31,0.66827100,25,628.076200,628.680800,0.604600
1,31,0.66827100,26,628.258500,628.680800,0.422300
1,31,0.66827100,27,720.794700,719.201600,-1.593100
1,31,0.66827100,28,721.305500,719.201600,-2.103900
1,31,0.66827100,29,792.046500,791.817700,-0.228800
1,31,0.66827100,30,792.092800,791.817700,-0.275100
1,32,0.68505900,1,216.911000,216.627700,-0.283300
1,32,0.68505900,2,217.073200,216.627700,-0.445500
1,32,0.68505900,3,234.920200,234.479800,-0.440400
1,32,0.68505900,4,235.002300,234.479800,-0.522500
1,32,0.68505900,5,293.318700,293.198900,-0.119800
1,32,0.68505900,6,293.353500,293.198900,-0.154600
1,32,0.68505900,7,353.229200,352.470300,-0.758900
1,32,0.68505900,8,353.330100,352.470300,-0.859800
1,32,0.68505900,9,381.149100,380.830800,-0.318300
1,32,0.68505900,10,381.368000,380.830800,-0.537200
1,32,0.68505900,11,419.782100,419.857500,0.075400
1,32,0.68505900,12,419.875900,419.857500,-0.018400
1,32,0.68505900,13,434.302500,433.956300,-0.346200
1,32,0.68505900,14,434.343600,433.956300,-0.387300
1,32,0.68505900,15,471.008500,470.738900,-0.269600
1,32,0.68505900,16,471.115800,470.739000,-0.376800
1,32,0.68505900,17,494.993400,494.910300,-0.083100
1,32,0.68505900,18,495.023600,494.910300,-0.113300
1,32,0.68505900,19,516.894900,516.673700,-0.221200
1,32,0.68505900,20,516.923300,516.673700,-0.249600
1,32,0.68505900,21,554.691600,554.019400,-0.672200
1,32,0.68505900,22,554.862100,554.019400,-0.842700
1,32,0.68505900,23,598.752100,598.561200,-0.190900
1,32,0.68505900,24,598.862100,598.561200,-0.300900
1,32,0.68505900,25,628.245100,628.842400,0.597300
1,32,0.68505900,26,628.431300,628.842400,0.411100
1,32,0.68505900,27,720.735200,719.147600,-1.587600
1,32,0.68505900,28,721.242900,719.147700,-2.095200
1,32,0.68505900,29,791.963900,791.732600,-0.231300
1,32,0.68505900,30,792.011000,791.732600,-0.278400
1,33,0.70184600,1,216.791000,216.511200,-0.279800
1,33,0.70184600,2,216.949800,216.511200,-0.438600
1,33,0.70184600,3,235.276000,234.842700,-0.433300
1,33,0.70184600,4,235.365800,234.842700,-0.523100
1,33,0.70184600,5,293.361000,293.241400,-0.119600
1,33,0.70184600,6,293.395300,293.241400,-0.153900
1,33,0.70184600,7,352.865600,352.108800,-0.756800
1,33,0.70184600,8,352.964100,352.108800,-0.855300
1,33,0.70184600,9,381.237000,380.916800,-0.320200
1,33,0.70184600,10,381.455100,380.916800,-0.538300
1,33,0.70184600,11,420.034500,420.094900,0.060400
1,33,0.70184600,12,420.130300,420.094900,-0.035400
1,33,0.70184600,13,434.351900,434.007500,-0.344400
1,33,0.70184600,14,434.396700,434.007500,-0.389200
1,33,0.70184600,15,470.138600,469.878600,-0.260000
1,33,0.70184600,16,470.237400,469.878600,-0.358800
1,33,0.70184600,17,495.324200,495.225800,-0.098400
1,33,0.70184600,18,495.358700,495.225800,-0.132900
1,33,0.70184600,19,517.168100,516.951700,-0.216400
1,33,0.70184600,20,517.197200,516.951700,-0.245500
1,33,0.70184600,21,554.147400,553.483300,-0.664100
1,33,0.70184600,22,554.308100,553.483300,-0.824800
1,33,0.70184600,23,599.252100,599.056500,-0.195600
1,33,0.70184600,24,599.349900,599.056500,-0.293400
1,33,0.70184600,25,628.525500,629.110600,0.585100
1,33,0.70184600,26,628.718000,629.110600,0.392600
1,33,0.70184600,27,720.639900,719.061400,-1.578500
1,33,0.70184600,28,721.142300,719.061400,-2.080900
1,33,0.70184600,29,791.825000,791.589300,-0.235700
1,33,0.70184600,30,791.873100,791.589300,-0.283800
1,34,0.71863300,1,216.649100,216.374600,-0.274500
1,34,0.71863300,2,216.804000,216.374600,-0.429400
1,34,0.71863300,3,235.753900,235.329600,-0.424300
1,34,0.71863300,4,235.853100,235.329600,-0.523500
1,34,0.71863300,5,293.416400,293.297100,-0.119300
1,34,0.71863300,6,293.450200,293.297100,-0.153100
1,34,0.71863300,7,352.379000,351.625100,-0.753900
1,34,0.71863300,8,352.474500,351.625100,-0.849400
1,34,0.71863300,9,381.345800,381.022800,-0.323000
1,34,0.71863300,10,381.562400,381.022800,-0.539600
1,34,0.71863300,11,420.334700,420.375000,0.040300
1,34,0.71863300,12,420.433600,420.375000,-0.058600
1,34,0.71863300,13,434.453300,434.111500,-0.341800
1,34,0.71863300,14,434.503100,434.111500,-0.391600
1,34,0.71863300,15,469.011800,468.762000,-0.249800
1,34,0.71863300,16,469.099700,468.762000,-0.337700
1,34,0.71863300,17,495.724000,495.610600,-0.113400
1,34,0.71863300,18,495.769000,495.610600,-0.158400
1,34,0.71863300,19,517.518400,517.307400,-0.211000
1,34,0.71863300,20,517.547900,517.307400,-0.240500
1,34,0.71863300,21,553.440200,552.787500,-0.652700
1,34,0.71863300,22,553.589500,552.787500,-0.802000
1,34,0.71863300,23,599.909300,599.708900,-0.200400
1,34,0.71863300,24,599.991800,599.708900,-0.282900
1,34,0.71863300,25,628.915400,629.483300,0.567900
1,34,0.71863300,26,629.115900,629.483300,0.367400
1,34,0.71863300,27,720.514000,718.948300,-1.565700
1,34,0.71863300,28,721.009200,718.948300,-2.060900
1,34,0.71863300,29,791.627600,791.386000,-0.241600
1,34,0.71863300,30,791.677200,791.386000,-0.291200
1,35,0.73542000,1,216.506900,216.239700,-0.267200
1,35,0.73542000,2,216.657900,216.239700,-0.418200
1,35,0.73542000,3,236.339500,235.925500,-0.414000
1,35,0.73542000,4,236.448800,235.925500,-0.523300
1,35,0.73542000,5,293.482000,293.363200,-0.118800
1,35,0.73542000,6,293.515200,293.363200,-0.152000
1,35,0.73542000,7,351.789300,351.039100,-0.750200
1,35,0.73542000,8,351.881400,351.039100,-0.842300
1,35,0.73542000,9,381.464300,381.137500,-0.326800
1,35,0.73542000,10,381.678800,381.137500,-0.541300
1,35,0.73542000,11,420.626800,420.642700,0.015900
1,35,0.73542000,12,420.729600,420.642700,-0.086900
1,35,0.73542000,13,434.643900,434.304900,-0.339000
1,35,0.73542000,14,434.699400,434.305000,-0.394400
1,35,0.73542000,15,467.694700,467.454400,-0.240300
1,35,0.73542000,16,467.770300,467.454400,-0.315900
1,35,0.73542000,17,496.156000,496.029600,-0.126400
1,35,0.73542000,18,496.216200,496.029600,-0.186600
1,35,0.73542000,19,517.915000,517.709200,-0.205800
1,35,0.73542000,20,517.944700,517.709200,-0.235500
1,35,0.73542000,21,552.617400,551.979800,-0.637600
1,35,0.73542000,22,552.755400,551.979800,-0.775600
1,35,0.73542000,23,600.689700,600.485400,-0.204300
1,35,0.73542000,24,600.755000,600.485400,-0.269600
1,35,0.73542000,25,629.411700,629.957400,0.545700
1,35,0.73542000,26,629.621500,629.957400,0.335900
1,35,0.73542000,27,720.365000,718.815500,-1.549500
1,35,0.73542000,28,720.851100,718.815500,-2.035600
1,35,0.73542000,29,791.369300,791.120300,-0.249000
1,35,0.73542000,30,791.420700,791.120300,-0.300400
1,36,0.75220700,1,216.387000,216.129000,-0.258000
1,36,0.75220700,2,216.534500,216.129000,-0.405500
1,36,0.75220700,3,237.016900,236.614000,-0.402900
1,36,0.75220700,4,237.136600,236.614000,-0.522600
1,36,0.75220700,5,293.553200,293.435000,-0.118200
1,36,0.75220700,6,293.585800,293.435000,-0.150800
1,36,0.75220700,7,351.117900,350.372000,-0.745900
1,36,0.75220700,8,351.206600,350.372000,-0.834600
1,36,0.75220700,9,381.581000,381.249400,-0.331600
1,36,0.75220700,10,381.792600,381.249400,-0.543200
1,36,0.75220700,11,420.838200,420.826200,-0.012000
1,36,0.75220700,12,420.945100,420.826200,-0.118900
1,36,0.75220700,13,434.972500,434.636100,-0.336400
1,36,0.75220700,14,435.033500,434.636100,-0.397400
1,36,0.75220700,15,466.250600,466.017900,-0.232700
1,36,0.75220700,16,466.313000,466.017900,-0.295100
1,36,0.75220700,17,496.591500,496.454700,-0.136800
1,36,0.75220700,18,496.669800,496.454700,-0.215100
1,36,0.75220700,19,518.319300,518.117900,-0.201400
1,36,0.75220700,20,518.349700,518.117900,-0.231800
1,36,0.75220700,21,551.731500,551.113200,-0.618300
1,36,0.75220700,22,551.860400,551.113200,-0.747200
1,36,0.75220700,23,601.558000,601.351600,-0.206400
1,36,0.75220700,24,601.605800,601.351600,-0.254200
1,36,0.75220700,25,630.009500,630.528200,0.518700
1,36,0.75220700,26,630.229100,630.528200,0.299100
1,36,0.75220700,27,720.202000,718.671900,-1.530100
1,36,0.75220700,28,720.677000,718.671900,-2.005100
1,36,0.75220700,29,791.046800,790.789000,-0.257800
1,36,0.75220700,30,791.100400,790.789000,-0.311400
1,37,0.76899400,1,216.311400,216.064600,-0.246800
1,37,0.76899400,2,216.456200,216.064600,-0.391600
1,37,0.76899400,3,237.772200,237.380900,-0.391300
1,37,0.76899400,4,237.902200,237.380900,-0.521300
1,37,0.76899400,5,293.625200,293.507800,-0.117400
1,37,0.76899400,6,293.657200,293.507800,-0.149400
1,37,0.76899400,7,350.387000,349.646200,-0.740800
1,37,0.76899400,8,350.472600,349.646200,-0.826400
1,37,0.76899400,9,381.686100,381.348700,-0.337400
1,37,0.76899400,10,381.893700,381.348700,-0.545000
1,37,0.76899400,11,420.887400,420.845000,-0.042400
1,37,0.76899400,12,420.996900,420.845000,-0.151900
1,37,0.76899400,13,435.494800,435.159000,-0.335800
1,37,0.76899400,14,435.559800,435.159000,-0.400800
1,37,0.76899400,15,464.736300,464.508700,-0.227600
1,37,0.76899400,16,464.785300,464.508700,-0.276600
1,37,0.76899400,17,497.011800,496.867200,-0.144600
1,37,0.76899400,18,497.109300,496.867200,-0.242100
1,37,0.76899400,19,518.688200,518.490400,-0.197800
1,37,0.76899400,20,518.720800,518.490400,-0.230400
1,37,0.76899400,21,550.837000,550.242900,-0.594100
1,37,0.76899400,22,550.961500,550.242900,-0.718600
1,37,0.76899400,23,602.480900,602.275600,-0.205300
1,37,0.76899400,24,602.513300,602.275600,-0.237700
1,37,0.76899400,25,630.702000,631.188900,0.486900
1,37,0.76899400,26,630.931400,631.188900,0.257500
1,37,0.76899400,27,720.035400,718.528000,-1.507400
1,37,0.76899400,28,720.497600,718.528000,-1.969600
1,37,0.76899400,29,790.656700,790.389000,-0.267700
1,37,0.76899400,30,790.712700,790.389000,-0.323700
1,38,0.78578200,1,216.300400,216.066600,-0.233800
1,38,0.78578200,2,216.443600,216.066600,-0.377000
1,38,0.78578200,3,238.594200,238.214700,-0.379500
1,38,0.78578200,4,238.734000,238.214700,-0.519300
1,38,0.78578200,5,293.692500,293.576100,-0.116400
1,38,0.78578200,6,293.724000,293.576100,-0.147900
1,38,0.78578200,7,349.618100,348.883100,-0.735000
1,38,0.78578200,8,349.701000,348.883100,-0.817900
1,38,0.78578200,9,381.771400,381.427300,-0.344100
1,38,0.78578200,10,381.974200,381.427300,-0.546900
1,38,0.78578200,11,420.698200,420.624700,-0.073500
1,38,0.78578200,12,420.807400,420.624700,-0.182700
1,38,0.78578200,13,436.259400,435.920400,-0.339000
1,38,0.78578200,14,436.326000,435.920400,-0.405600
1,38,0.78578200,15,463.199600,462.975200,-0.224400
1,38,0.78578200,16,463.237000,462.975200,-0.261800
1,38,0.78578200,17,497.406400,497.256600,-0.149800
1,38,0.78578200,18,497.523000,497.256600,-0.266400
1,38,0.78578200,19,518.977300,518.782100,-0.195200
1,38,0.78578200,20,519.013800,518.782100,-0.231700
1,38,0.78578200,21,549.987900,549.423000,-0.564900
1,38,0.78578200,22,550.113800,549.423000,-0.690800
1,38,0.78578200,23,603.428700,603.229200,-0.199500
1,38,0.78578200,24,603.451600,603.229200,-0.222400
1,38,0.78578200,25,631.480100,631.931100,0.451000
1,38,0.78578200,26,631.718800,631.931100,0.212300
1,38,0.78578200,27,719.876600,718.394900,-1.481700
1,38,0.78578200,28,720.324600,718.394900,-1.929700
1,38,0.78578200,29,790.195300,789.916700,-0.278600
1,38,0.78578200,30,790.254100,789.916700,-0.337400
1,39,0.80256900,1,216.371800,216.152400,-0.219400
1,39,0.80256900,2,216.514400,216.152400,-0.362000
1,39,0.80256900,3,239.474500,239.106900,-0.367600
1,39,0.80256900,4,239.623700,239.106900,-0.516800
1,39,0.80256900,5,293.749300,293.634100,-0.115200
1,39,0.80256900,6,293.780600,293.634100,-0.146500
1,39,0.80256900,7,348.831200,348.103100,-0.728100
1,39,0.80256900,8,348.912300,348.103100,-0.809200
1,39,0.80256900,9,381.831600,381.479900,-0.351700
1,39,0.80256900,10,382.028500,381.479900,-0.548600
1,39,0.80256900,11,420.216200,420.112600,-0.103600
1,39,0.80256900,12,420.321600,420.112600,-0.209000
1,39,0.80256900,13,437.292600,436.944900,-0.347700
1,39,0.80256900,14,437.358200,436.944900,-0.413300
1,39,0.80256900,15,461.678500,461.457300,-0.221200
1,39,0.80256900,16,461.710200,461.457300,-0.252900
1,39,0.80256900,17,497.771100,497.618100,-0.153000
1,39,0.80256900,18,497.906100,497.618200,-0.287900
1,39,0.80256900,19,519.144500,518.950800,-0.193700
1,39,0.80256900,20,519.186600,518.950800,-0.235800
1,39,0.80256900,21,549.234500,548.703300,-0.531200
1,39,0.80256900,22,549.367500,548.703300,-0.664200
1,39,0.80256900,23,604.376300,604.189200,-0.187100
1,39,0.80256900,24,604.400600,604.189200,-0.211400
1,39,0.80256900,25,632.332600,632.744000,0.411400
1,39,0.80256900,26,632.579400,632.744000,0.164600
1,39,0.80256900,27,719.738000,718.284800,-1.453200
1,39,0.80256900,28,720.170200,718.284800,-1.885400
1,39,0.80256900,29,789.659100,789.368800,-0.290300
1,39,0.80256900,30,789.720900,789.368800,-0.352100
1,40,0.81935600,1,216.540400,216.336600,-0.203800
1,40,0.81935600,2,216.683400,216.336600,-0.346800
1,40,0.81935600,3,240.407800,240.051900,-0.355900
1,40,0.81935600,4,240.565500,240.051900,-0.513600
1,40,0.81935600,5,293.789900,293.675900,-0.114000
1,40,0.81935600,6,293.821300,293.675900,-0.145400
1,40,0.81935600,7,348.044700,347.324200,-0.720500
1,40,0.81935600,8,348.124600,347.324200,-0.800400
1,40,0.81935600,9,381.863400,381.503600,-0.359800
1,40,0.81935600,10,382.053300,381.503600,-0.549700
1,40,0.81935600,11,419.417100,419.286200,-0.130900
1,40,0.81935600,12,419.515300,419.286200,-0.229100
1,40,0.81935600,13,438.591000,438.228600,-0.362400
1,40,0.81935600,14,438.654100,438.228600,-0.425500
1,40,0.81935600,15,460.202400,459.986800,-0.215600
1,40,0.81935600,16,460.238500,459.986800,-0.251700
1,40,0.81935600,17,498.106000,497.951000,-0.155000
1,40,0.81935600,18,498.257600,497.951000,-0.306600
1,40,0.81935600,19,519.154700,518.961400,-0.193300
1,40,0.81935600,20,519.203300,518.961400,-0.241900
1,40,0.81935600,21,548.620200,548.125500,-0.494700
1,40,0.81935600,22,548.764300,548.125500,-0.638800
1,40,0.81935600,23,605.308300,605.137700,-0.170600
1,40,0.81935600,24,605.340700,605.137700,-0.203000
1,40,0.81935600,25,633.246300,633.615100,0.368800
1,40,0.81935600,26,633.499800,633.615100,0.115300
1,40,0.81935600,27,719.631900,718.209700,-1.422200
1,40,0.81935600,28,720.047000,718.209700,-1.837300
1,40,0.81935600,29,789.044800,788.742100,-0.302700
1,40,0.81935600,30,789.109800,788.742200,-0.367600
1,41,0.83614300,1,216.817700,216.630000,-0.187700
1,41,0.83614300,2,216.961900,216.630000,-0.331900
1,41,0.83614300,3,241.391300,241.047100,-0.344200
1,41,0.83614300,4,241.556900,241.047100,-0.509800
1,41,0.83614300,5,293.808600,293.695700,-0.112900
1,41,0.83614300,6,293.840300,293.695700,-0.144600
1,41,0.83614300,7,347.274200,346.562300,-0.711900
1,41,0.83614300,8,347.353600,346.562300,-0.791300
1,41,0.83614300,9,381.865900,381.497800,-0.368100
1,41,0.83614300,10,382.047700,381.497800,-0.549900
1,41,0.83614300,11,418.303800,418.149000,-0.154800
1,41,0.83614300,12,418.392300,418.149000,-0.243300
1,41,0.83614300,13,440.126000,439.743500,-0.382500
1,41,0.83614300,14,440.186600,439.743500,-0.443100
1,41,0.83614300,15,458.796400,458.588200,-0.208200
1,41,0.83614300,16,458.844800,458.588200,-0.256600
1,41,0.83614300,17,498.412800,498.256100,-0.156700
1,41,0.83614300,18,498.578800,498.256100,-0.322700
1,41,0.83614300,19,518.984500,518.790600,-0.193900
1,41,0.83614300,20,519.039200,518.790600,-0.248600
1,41,0.83614300,21,548.177000,547.719800,-0.457200
1,41,0.83614300,22,548.333900,547.719800,-0.614100
1,41,0.83614300,23,606.214900,606.061200,-0.153700
1,41,0.83614300,24,606.256100,606.061200,-0.194900
1,41,0.83614300,25,634.206300,634.530400,0.324100
1,41,0.83614300,26,634.465000,634.530400,0.065400
1,41,0.83614300,27,719.570500,718.181700,-1.388800
1,41,0.83614300,28,719.967500,718.181700,-1.785800
1,41,0.83614300,29,788.349500,788.034000,-0.315500
1,41,0.83614300,30,788.417800,788.034000,-0.383800
1,42,0.85293000,1,217.211900,217.040500,-0.171400
1,42,0.85293000,2,217.357900,217.040500,-0.317400
1,42,0.85293000,3,242.425300,242.092700,-0.332600
1,42,0.85293000,4,242.598000,242.092700,-0.505300
1,42,0.85293000,5,293.800100,293.688200,-0.111900
1,42,0.85293000,6,293.832600,293.688200,-0.144400
1,42,0.85293000,7,346.533200,345.831000,-0.702200
1,42,0.85293000,8,346.612800,345.831000,-0.781800
1,42,0.85293000,9,381.840000,381.463700,-0.376300
1,42,0.85293000,10,382.012700,381.463800,-0.548900
1,42,0.85293000,11,416.896700,416.721500,-0.175200
1,42,0.85293000,12,416.974300,416.721500,-0.252800
1,42,0.85293000,13,441.852400,441.445300,-0.407100
1,42,0.85293000,14,441.912400,441.445300,-0.467100
1,42,0.85293000,15,457.482200,457.282000,-0.200200
1,42,0.85293000,16,457.545800,457.282000,-0.263800
1,42,0.85293000,17,498.693800,498.534700,-0.159100
1,42,0.85293000,18,498.871300,498.534700,-0.336600
1,42,0.85293000,19,518.625000,518.430200,-0.194800
1,42,0.85293000,20,518.685100,518.430300,-0.254800
1,42,0.85293000,21,547.923100,547.502300,-0.420800
1,42,0.85293000,22,548.092600,547.502300,-0.590300
1,42,0.85293000,23,607.088100,606.949900,-0.138200
1,42,0.85293000,24,607.136600,606.949900,-0.186700
1,42,0.85293000,25,635.197200,635.475200,0.278000
1,42,0.85293000,26,635.459200,635.475200,0.016000
1,42,0.85293000,27,719.565300,718.211800,-1.353500
1,42,0.85293000,28,719.943200,718.211800,-1.731400
1,42,0.85293000,29,787.570900,787.242400,-0.328500
1,42,0.85293000,30,787.642900,787.242400,-0.400500
1,43,0.86971800,1,217.727500,217.572100,-0.155400
1,43,0.86971800,2,217.875900,217.572100,-0.303800
1,43,0.86971800,3,243.512800,243.191800,-0.321000
1,43,0.86971800,4,243.691800,243.191800,-0.500000
1,43,0.86971800,5,293.759900,293.648800,-0.111100
1,43,0.86971800,6,293.793600,293.648800,-0.144800
1,43,0.86971800,7,345.832300,345.140700,-0.691600
1,43,0.86971800,8,345.912600,345.140800,-0.771800
1,43,0.86971800,9,381.788500,381.404700,-0.383800
1,43,0.86971800,10,381.951200,381.404700,-0.546500
1,43,0.86971800,11,415.226000,415.033200,-0.192800
1,43,0.86971800,12,415.292000,415.033200,-0.258800
1,43,0.86971800,13,443.711800,443.275900,-0.435900
1,43,0.86971800,14,443.774100,443.275900,-0.498200
1,43,0.86971800,15,456.282100,456.091100,-0.191000
1,43,0.86971800,16,456.361000,456.091100,-0.269900
1,43,0.86971800,17,498.950500,498.787500,-0.163000
1,43,0.86971800,18,499.136000,498.787500,-0.348500
1,43,0.86971800,19,518.083800,517.888500,-0.195300
1,43,0.86971800,20,518.148000,517.888500,-0.259500
1,43,0.86971800,21,547.862000,547.474800,-0.387200
1,43,0.86971800,22,548.042400,547.474800,-0.567600
1,43,0.86971800,23,607.922200,607.797400,-0.124800
1,43,0.86971800,24,607.976000,607.797400,-0.178600
1,43,0.86971800,25,636.203200,636.434500,0.231300
1,43,0.86971800,26,636.467000,636.434500,-0.032500
1,43,0.86971800,27,719.626400,718.309900,-1.316500
1,43,0.86971800,28,719.984600,718.309900,-1.674700
1,43,0.86971800,29,786.707800,786.366000,-0.341800
1,43,0.86971800,30,786.783600,786.366000,-0.417600
1,44,0.88650500,1,218.365200,218.224900,-0.140300
1,44,0.88650500,2,218.516200,218.224900,-0.291300
1,44,0.88650500,3,244.659200,244.349900,-0.309300
1,44,0.88650500,4,244.843800,244.349900,-0.493900
1,44,0.88650500,5,293.684700,293.573700,-0.111000
1,44,0.88650500,6,293.720000,293.573700,-0.146300
1,44,0.88650500,7,345.179200,344.499600,-0.679600
1,44,0.88650500,8,345.260600,344.499600,-0.761000
1,44,0.88650500,9,381.715200,381.324900,-0.390300
1,44,0.88650500,10,381.867100,381.324900,-0.542200
1,44,0.88650500,11,413.325700,413.117600,-0.208100
1,44,0.88650500,12,413.380500,413.117600,-0.262900
1,44,0.88650500,13,445.621600,445.151800,-0.469800
1,44,0.88650500,14,445.689800,445.151800,-0.538000
1,44,0.88650500,15,455.237200,455.058600,-0.178600
1,44,0.88650500,16,455.329400,455.058600,-0.270800
1,44,0.88650500,17,499.182300,499.012600,-0.169700
1,44,0.88650500,18,499.371800,499.012600,-0.359200
1,44,0.88650500,19,517.383300,517.188600,-0.194700
1,44,0.88650500,20,517.450600,517.188600,-0.262000
1,44,0.88650500,21,547.984400,547.627000,-0.357400
1,44,0.88650500,22,548.173500,547.627000,-0.546500
1,44,0.88650500,23,608.712800,608.598900,-0.113900
1,44,0.88650500,24,608.770000,608.598900,-0.171100
1,44,0.88650500,25,637.209300,637.394200,0.184900
1,44,0.88650500,26,637.473600,637.394200,-0.079400
1,44,0.88650500,27,719.762300,718.484100,-1.278200
1,44,0.88650500,28,720.100200,718.484100,-1.616100
1,44,0.88650500,29,785.759700,785.404700,-0.355000
1,44,0.88650500,30,785.839500,785.404700,-0.434800
1,45,0.90329200,1,219.121100,218.994700,-0.126400
1,45,0.90329200,2,219.274800,218.994700,-0.280100
1,45,0.90329200,3,245.870400,245.573000,-0.297400
1,45,0.90329200,4,246.059800,245.573100,-0.486700
1,45,0.90329200,5,293.571900,293.460200,-0.111700
1,45,0.90329200,6,293.609000,293.460200,-0.148800
1,45,0.90329200,7,344.578500,343.912000,-0.666500
1,45,0.90329200,8,344.661100,343.912000,-0.749100
1,45,0.90329200,9,381.625000,381.229700,-0.395300
1,45,0.90329200,10,381.765500,381.229700,-0.535800
1,45,0.90329200,11,411.231200,411.009300,-0.221900
1,45,0.90329200,12,411.275900,411.009300,-0.266600
1,45,0.90329200,13,447.427300,446.918100,-0.509200
1,45,0.90329200,14,447.505200,446.918100,-0.587100
1,45,0.90329200,15,454.458900,454.296100,-0.162800
1,45,0.90329200,16,454.558500,454.296100,-0.262400
1,45,0.90329200,17,499.384900,499.205200,-0.179700
1,45,0.90329200,18,499.574000,499.205200,-0.368800
1,45,0.90329200,19,516.558100,516.365500,-0.192600
1,45,0.90329200,20,516.628000,516.365500,-0.262500
1,45,0.90329200,21,548.273000,547.941000,-0.332000
1,45,0.90329200,22,548.468200,547.941000,-0.527200
1,45,0.90329200,23,609.456300,609.350700,-0.105600
1,45,0.90329200,24,609.515500,609.350700,-0.164800
1,45,0.90329200,25,638.201800,638.341300,0.139500
1,45,0.90329200,26,638.465300,638.341300,-0.124000
1,45,0.90329200,27,719.979100,718.739900,-1.239200
1,45,0.90329200,28,720.296400,718.739900,-1.556500
1,45,0.90329200,29,784.727500,784.359500,-0.368000
1,45,0.90329200,30,784.811600,784.359500,-0.452100
1,46,0.92007900,1,219.987800,219.873700,-0.114100
1,46,0.92007900,2,220.144200,219.873700,-0.270500
1,46,0.92007900,3,247.156000,246.870800,-0.285200
1,46,0.92007900,4,247.349200,246.870800,-0.478400
1,46,0.92007900,5,293.420900,293.307400,-0.113500
1,46,0.92007900,6,293.460100,293.307400,-0.152700
1,46,0.92007900,7,344.031700,343.379700,-0.652000
1,46,0.92007900,8,344.115500,343.379700,-0.735800
1,46,0.92007900,9,381.524100,381.125500,-0.398600
1,46,0.92007900,10,381.652600,381.125500,-0.527100
1,46,0.92007900,11,408.978000,408.743400,-0.234600
1,46,0.92007900,12,409.014700,408.743400,-0.271300
1,46,0.92007900,13,448.772600,448.237100,-0.535500
1,46,0.92007900,14,448.865300,448.237100,-0.628200
1,46,0.92007900,15,454.261800,454.098600,-0.163200
1,46,0.92007900,16,454.355700,454.098600,-0.257100
1,46,0.92007900,17,499.550200,499.356200,-0.194000
1,46,0.92007900,18,499.733800,499.356200,-0.377600
1,46,0.92007900,19,515.651700,515.462600,-0.189100
1,46,0.92007900,20,515.724200,515.462600,-0.261600
1,46,0.92007900,21,548.706600,548.396100,-0.310500
1,46,0.92007900,22,548.906000,548.396100,-0.509900
1,46,0.92007900,23,610.149500,610.049800,-0.099700
1,46,0.92007900,24,610.209800,610.049800,-0.160000
1,46,0.92007900,25,639.169000,639.264800,0.095800
1,46,0.92007900,26,639.431000,639.264800,-0.166200
1,46,0.92007900,27,720.280100,719.080200,-1.199900
1,46,0.92007900,28,720.576700,719.080300,-1.496400
1,46,0.92007900,29,783.613600,783.232800,-0.380800
1,46,0.92007900,30,783.702200,783.232800,-0.469400
1,47,0.93686600,1,220.953800,220.850100,-0.103700
1,47,0.93686600,2,221.112600,220.850100,-0.262500
1,47,0.93686600,3,248.526000,248.253400,-0.272600
1,47,0.93686600,4,248.722300,248.253400,-0.468900
1,47,0.93686600,5,293.232500,293.115900,-0.116600
1,47,0.93686600,6,293.274000,293.115900,-0.158100
1,47,0.93686600,7,343.537400,342.901400,-0.636000
1,47,0.93686600,8,343.622000,342.901400,-0.720600
1,47,0.93686600,9,381.419100,381.019500,-0.399600
1,47,0.93686600,10,381.535400,381.019500,-0.515900
1,47,0.93686600,11,406.601200,406.354600,-0.246600
1,47,0.93686600,12,406.632700,406.354600,-0.278100
1,47,0.93686600,13,449.162000,448.657000,-0.505000
1,47,0.93686600,14,449.274600,448.657000,-0.617600
1,47,0.93686600,15,455.093800,454.875100,-0.218700
1,47,0.93686600,16,455.175800,454.875100,-0.300700
1,47,0.93686600,17,499.664300,499.451400,-0.212900
1,47,0.93686600,18,499.837100,499.451400,-0.385700
1,47,0.93686600,19,514.714100,514.529100,-0.185000
1,47,0.93686600,20,514.789600,514.529200,-0.260400
1,47,0.93686600,21,549.264700,548.972000,-0.292700
1,47,0.93686600,22,549.466500,548.972000,-0.494500
1,47,0.93686600,23,610.788600,610.693100,-0.095500
1,47,0.93686600,24,610.850500,610.693100,-0.157400
1,47,0.93686600,25,640.101600,640.155700,0.054100
1,47,0.93686600,26,640.361400,640.155700,-0.205700
1,47,0.93686600,27,720.665400,719.504600,-1.160800
1,47,0.93686600,28,720.941400,719.504600,-1.436800
1,47,0.93686600,29,782.422000,782.028800,-0.393200
1,47,0.93686600,30,782.515300,782.028800,-0.486500
1,48,0.95365300,1,222.003500,221.908100,-0.095400
1,48,0.95365300,2,222.164400,221.908100,-0.256300
1,48,0.95365300,3,249.991500,249.732100,-0.259400
1,48,0.95365300,4,250.190000,249.732100,-0.457900
1,48,0.95365300,5,293.009600,292.888200,-0.121400
1,48,0.95365300,6,293.053400,292.888200,-0.165200
1,48,0.95365300,7,343.090600,342.472300,-0.618300
1,48,0.95365300,8,343.175600,342.472300,-0.703300
1,48,0.95365300,9,381.317500,380.919400,-0.398100
1,48,0.95365300,10,381.421600,380.919400,-0.502200
1,48,0.95365300,11,404.134900,403.876400,-0.258500
1,48,0.95365300,12,404.164800,403.876400,-0.288400
1,48,0.95365300,13,448.726400,448.268000,-0.458400
1,48,0.95365300,14,448.854200,448.268000,-0.586200
1,48,0.95365300,15,456.775300,456.493600,-0.281700
1,48,0.95365300,16,456.859800,456.493600,-0.366200
1,48,0.95365300,17,499.707700,499.471200,-0.236500
1,48,0.95365300,18,499.864100,499.471200,-0.392900
1,48,0.95365300,19,513.800000,513.618900,-0.181100
1,48,0.95365300,20,513.879500,513.618900,-0.260600
1,48,0.95365300,21,549.929700,549.651700,-0.278000
1,48,0.95365300,22,550.132400,549.651700,-0.480700
1,48,0.95365300,23,611.369700,611.276900,-0.092800
1,48,0.95365300,24,611.434500,611.276900,-0.157600
1,48,0.95365300,25,640.992600,641.007900,0.015300
1,48,0.95365300,26,641.250100,641.007900,-0.242200
1,48,0.95365300,27,721.131400,720.009000,-1.122400
1,48,0.95365300,28,721.387000,720.009000,-1.378000
1,48,0.95365300,29,781.158600,780.753500,-0.405100
1,48,0.95365300,30,781.256900,780.753500,-0.503400
1,49,0.97044100,1,223.117900,223.028500,-0.089400
1,49,0.97044100,2,223.280400,223.028500,-0.251900
1,49,0.97044100,3,251.563800,251.317800,-0.246000
1,49,0.97044100,4,251.763400,251.317800,-0.445600
1,49,0.97044100,5,292.756800,292.628800,-0.128000
1,49,0.97044100,6,292.803100,292.628900,-0.174200
1,49,0.97044100,7,342.683500,342.084800,-0.598700
1,49,0.97044100,8,342.768400,342.084800,-0.683600
1,49,0.97044100,9,381.227000,380.833500,-0.393500
1,49,0.97044100,10,381.319800,380.833500,-0.486300
1,49,0.97044100,11,401.612900,401.341900,-0.271000
1,49,0.97044100,12,401.644100,401.341900,-0.302200
1,49,0.97044100,13,447.921500,447.488100,-0.433400
1,49,0.97044100,14,448.056800,447.488100,-0.568700
1,49,0.97044100,15,458.813200,458.494900,-0.318300
1,49,0.97044100,16,458.906900,458.494900,-0.412000
1,49,0.97044100,17,499.656400,499.392400,-0.264000
1,49,0.97044100,18,499.791000,499.392400,-0.398600
1,49,0.97044100,19,512.966700,512.787900,-0.178800
1,49,0.97044100,20,513.052200,512.787900,-0.264300
1,49,0.97044100,21,550.687800,550.422100,-0.265700
1,49,0.97044100,22,550.890400,550.422100,-0.468300
1,49,0.97044100,23,611.888100,611.797100,-0.091000
1,49,0.97044100,24,611.958000,611.797100,-0.160900
1,49,0.97044100,25,641.838000,641.817500,-0.020500
1,49,0.97044100,26,642.093200,641.817500,-0.275700
1,49,0.97044100,27,721.670500,720.585200,-1.085300
1,49,0.97044100,28,721.906300,720.585200,-1.321100
1,49,0.97044100,29,779.831700,779.415200,-0.416500
1,49,0.97044100,30,779.935400,779.415300,-0.520100
1,50,0.98722800,1,224.274900,224.189400,-0.085500
1,50,0.98722800,2,224.438300,224.189400,-0.248900
1,50,0.98722800,3,253.252700,253.020500,-0.232200
1,50,0.98722800,4,253.452300,253.020500,-0.431800
1,50,0.98722800,5,292.480900,292.344600,-0.136300
1,50,0.98722800,6,292.530000,292.344600,-0.185400
1,50,0.98722800,7,342.305300,341.728300,-0.577000
1,50,0.98722800,8,342.389500,341.728300,-0.661200
1,50,0.98722800,9,381.156000,380.770300,-0.385700
1,50,0.98722800,10,381.238900,380.770300,-0.468600
1,50,0.98722800,11,399.068900,398.783400,-0.285500
1,50,0.98722800,12,399.102700,398.783400,-0.319300
1,50,0.98722800,13,446.960300,446.536200,-0.424100
1,50,0.98722800,14,447.097700,446.536200,-0.561500
1,50,0.98722800,15,460.953400,460.618500,-0.334900
1,50,0.98722800,16,461.057400,460.618500,-0.438900
1,50,0.98722800,17,499.486800,499.192800,-0.294000
1,50,0.98722800,18,499.595700,499.192800,-0.402900
1,50,0.98722800,19,512.270200,512.090300,-0.179900
1,50,0.98722800,20,512.364300,512.090300,-0.274000
1,50,0.98722800,21,551.529700,551.274500,-0.255200
1,50,0.98722800,22,551.731500,551.274500,-0.457000
1,50,0.98722800,23,612.338600,612.249000,-0.089600
1,50,0.98722800,24,612.416400,612.249000,-0.167400
1,50,0.98722800,25,642.636000,642.583100,-0.052900
1,50,0.98722800,26,642.889100,642.583100,-0.306000
1,50,0.98722800,27,722.270800,721.220800,-1.050000
1,50,0.98722800,28,722.487400,721.220800,-1.266600
1,50,0.98722800,29,778.452200,778.025100,-0.427100
1,50,0.98722800,30,778.561600,778.025200,-0.536400
1,51,1.00401500,1,225.450600,225.366900,-0.083700
1,51,1.00401500,2,225.614100,225.366900,-0.247200
1,51,1.00401500,3,255.065900,254.847500,-0.218400
1,51,1.00401500,4,255.264200,254.847500,-0.416700
1,51,1.00401500,5,292.191300,292.044700,-0.146600
1,51,1.00401500,6,292.243600,292.044700,-0.198900
1,51,1.00401500,7,341.943000,341.390100,-0.552900
1,51,1.00401500,8,342.025800,341.390100,-0.635700
1,51,1.00401500,9,381.112200,380.738600,-0.373600
1,51,1.00401500,10,381.187900,380.738600,-0.449300
1,51,1.00401500,11,396.536200,396.232800,-0.303400
1,51,1.00401500,12,396.572500,396.232800,-0.339700
1,51,1.00401500,13,445.915100,445.492400,-0.422700
1,51,1.00401500,14,446.050700,445.492400,-0.558300
1,51,1.00401500,15,463.079100,462.741200,-0.337900
1,51,1.00401500,16,463.193100,462.741200,-0.451900
1,51,1.00401500,17,499.184700,498.860500,-0.324200
1,51,1.00401500,18,499.267600,498.860500,-0.407100
1,51,1.00401500,19,511.757300,511.571400,-0.185900
1,51,1.00401500,20,511.862500,511.571400,-0.291100
1,51,1.00401500,21,552.449900,552.203800,-0.246100
1,51,1.00401500,22,552.650400,552.203900,-0.446500
1,51,1.00401500,23,612.716000,612.627500,-0.088500
1,51,1.00401500,24,612.804300,612.627500,-0.176800
1,51,1.00401500,25,643.387100,643.305400,-0.081700
1,51,1.00401500,26,643.638300,643.305400,-0.332900
1,51,1.00401500,27,722.916000,721.899000,-1.017000
1,51,1.00401500,28,723.114100,721.899000,-1.215100
1,51,1.00401500,29,777.034200,776.597300,-0.436900
1,51,1.00401500,30,777.149700,776.597300,-0.552400
1,52,1.02080200,1,226.619400,226.535800,-0.083600
1,52,1.02080200,2,226.782200,226.535800,-0.246400
1,52,1.02080200,3,257.006300,256.801200,-0.205100
1,52,1.02080200,4,257.201600,256.801200,-0.400400
1,52,1.02080200,5,291.899800,291.741100,-0.158700
1,52,1.02080200,6,291.955900,291.741100,-0.214800
1,52,1.02080200,7,341.581700,341.055500,-0.526200
1,52,1.02080200,8,341.662500,341.055500,-0.607000
1,52,1.02080200,9,381.102500,380.745700,-0.356800
1,52,1.02080200,10,381.175000,380.745700,-0.429300
1,52,1.02080200,11,394.048100,393.722200,-0.325900
1,52,1.02080200,12,394.085500,393.722200,-0.363300
1,52,1.02080200,13,444.812500,444.387400,-0.425100
1,52,1.02080200,14,444.942700,444.387400,-0.555300
1,52,1.02080200,15,465.116000,464.785900,-0.330100
1,52,1.02080200,16,465.239600,464.785900,-0.453700
1,52,1.02080200,17,498.756800,498.404900,-0.351900
1,52,1.02080200,18,498.819100,498.404900,-0.414200
1,52,1.02080200,19,511.456700,511.258100,-0.198600
1,52,1.02080200,20,511.574100,511.258100,-0.316000
1,52,1.02080200,21,553.446000,553.208100,-0.237900
1,52,1.02080200,22,553.645000,553.208100,-0.436900
1,52,1.02080200,23,613.014600,612.926600,-0.088000
1,52,1.02080200,24,613.115600,612.926700,-0.188900
1,52,1.02080200,25,644.093400,643.986500,-0.106900
1,52,1.02080200,26,644.343000,643.986500,-0.356500
1,52,1.02080200,27,723.584500,722.597700,-0.986800
1,52,1.02080200,28,723.765000,722.597700,-1.167300
1,52,1.02080200,29,775.595300,775.149500,-0.445800
1,52,1.02080200,30,775.717200,775.149500,-0.567700
1,53,1.03758900,1,227.756500,227.671400,-0.085100
1,53,1.03758900,2,227.917600,227.671400,-0.246200
1,53,1.03758900,3,259.070000,258.877400,-0.192600
1,53,1.03758900,4,259.260700,258.877400,-0.383300
1,53,1.03758900,5,291.621300,291.449000,-0.172300
1,53,1.03758900,6,291.682600,291.449000,-0.233600
1,53,1.03758900,7,341.206100,340.709500,-0.496600
1,53,1.03758900,8,341.284300,340.709500,-0.574800
1,53,1.03758900,9,381.131100,380.797000,-0.334100
1,53,1.03758900,10,381.205800,380.797000,-0.408800
1,53,1.03758900,11,391.639800,391.285800,-0.354000
1,53,1.03758900,12,391.676400,391.285800,-0.390600
1,53,1.03758900,13,443.663600,443.235000,-0.428600
1,53,1.03758900,14,443.785700,443.235000,-0.550700
1,53,1.03758900,15,467.000600,466.687500,-0.313100
1,53,1.03758900,16,467.133100,466.687500,-0.445600
1,53,1.03758900,17,498.237900,497.863300,-0.374600
1,53,1.03758900,18,498.292400,497.863300,-0.429100
1,53,1.03758900,19,511.373600,511.155400,-0.218200
1,53,1.03758900,20,511.502900,511.155400,-0.347500
1,53,1.03758900,21,554.518300,554.287700,-0.230600
1,53,1.03758900,22,554.715600,554.287700,-0.427900
1,53,1.03758900,23,613.228700,613.140700,-0.088000
1,53,1.03758900,24,613.344100,613.140800,-0.203300
1,53,1.03758900,25,644.758700,644.630100,-0.128600
1,53,1.03758900,26,645.006800,644.630100,-0.376700
1,53,1.03758900,27,724.249900,723.290400,-0.959500
1,53,1.03758900,28,724.414000,723.290400,-1.123600
1,53,1.03758900,29,774.157300,773.703600,-0.453700
1,53,1.03758900,30,774.286000,773.703600,-0.582400
1,54,1.05437600,1,228.838200,228.750500,-0.087700
1,54,1.05437600,2,228.996500,228.750500,-0.246000
1,54,1.05437600,3,261.243900,261.062400,-0.181500
1,54,1.05437600,4,261.427800,261.062400,-0.365400
1,54,1.05437600,5,291.375700,291.188700,-0.187000
1,54,1.05437600,6,291.443900,291.188700,-0.255200
1,54,1.05437600,7,340.802000,340.337600,-0.464400
1,54,1.05437600,8,340.877100,340.337600,-0.539500
1,54,1.05437600,9,381.195200,380.891100,-0.304100
1,54,1.05437600,10,381.278200,380.891100,-0.387100
1,54,1.05437600,11,389.351300,388.962800,-0.388500
1,54,1.05437600,12,389.386500,388.962800,-0.423700
1,54,1.05437600,13,442.474800,442.043100,-0.431700
1,54,1.05437600,14,442.586400,442.043100,-0.543300
1,54,1.05437600,15,468.668600,468.380900,-0.287700
1,54,1.05437600,16,468.809100,468.381000,-0.428100
1,54,1.05437600,17,497.692500,497.299400,-0.393100
1,54,1.05437600,18,497.753600,497.299400,-0.454200
1,54,1.05437600,19,511.493500,511.249600,-0.243900
1,54,1.05437600,20,511.633000,511.249600,-0.383400
1,54,1.05437600,21,555.668500,555.444700,-0.223800
1,54,1.05437600,22,555.864200,555.444700,-0.419500
1,54,1.05437600,23,613.352600,613.263900,-0.088700
1,54,1.05437600,24,613.483400,613.263900,-0.219500
1,54,1.05437600,25,645.387400,645.240500,-0.146900
1,54,1.05437600,26,645.634000,645.240500,-0.393500
1,54,1.05437600,27,724.880600,723.944900,-0.935700
1,54,1.05437600,28,725.029300,723.944900,-1.084400
1,54,1.05437600,29,772.746900,772.286300,-0.460600
1,54,1.05437600,30,772.882600,772.286300,-0.596300
1,55,1.07116400,1,229.842700,229.751500,-0.091200
1,55,1.07116400,2,229.997300,229.751500,-0.245800
1,55,1.07116400,3,263.502100,263.329500,-0.172600
1,55,1.07116400,4,263.676700,263.329600,-0.347100
1,55,1.07116400,5,291.187700,290.985500,-0.202200
1,55,1.07116400,6,291.265300,290.985500,-0.279800
1,55,1.07116400,7,340.358000,339.928400,-0.429600
1,55,1.07116400,8,340.429500,339.928400,-0.501100
1,55,1.07116400,9,381.271200,381.007200,-0.264000
1,55,1.07116400,10,381.370800,381.007300,-0.363500
1,55,1.07116400,11,387.236000,386.809600,-0.426400
1,55,1.07116400,12,387.278600,386.809600,-0.469000
1,55,1.07116400,13,441.251000,440.817600,-0.433400
1,55,1.07116400,14,441.350300,440.817700,-0.532600
1,55,1.07116400,15,470.052500,469.797700,-0.254800
1,55,1.07116400,16,470.200100,469.797700,-0.402400
1,55,1.07116400,17,497.205300,496.793700,-0.411600
1,55,1.07116400,18,497.280700,496.793700,-0.487000
1,55,1.07116400,19,511.790600,511.516700,-0.273900
1,55,1.07116400,20,511.938500,511.516700,-0.421800
1,55,1.07116400,21,556.899600,556.681900,-0.217700
1,55,1.07116400,22,557.093800,556.681900,-0.411900
1,55,1.07116400,23,613.380600,613.290400,-0.090200
1,55,1.07116400,24,613.527300,613.290400,-0.236900
1,55,1.07116400,25,645.984300,645.822200,-0.162100
1,55,1.07116400,26,646.229200,645.822200,-0.407000
1,55,1.07116400,27,725.439600,724.524100,-0.915500
1,55,1.07116400,28,725.574400,724.524100,-1.050300
1,55,1.07116400,29,771.395300,770.929100,-0.466200
1,55,1.07116400,30,771.538200,770.929100,-0.609100
1,56,1.08795100,1,230.750700,230.655500,-0.095200
1,56,1.08795100,2,230.900600,230.655500,-0.245100
1,56,1.08795100,3,265.802800,265.636400,-0.166400
1,56,1.08795100,4,265.965200,265.636400,-0.328800
1,56,1.08795100,5,291.089900,290.872900,-0.217000
1,56,1.08795100,6,291.180300,290.872900,-0.307400
1,56,1.08795100,7,339.868600,339.475600,-0.393000
1,56,1.08795100,8,339.935900,339.475600,-0.460300
1,56,1.08795100,9,381.268700,381.058800,-0.209900
1,56,1.08795100,10,381.399800,381.058800,-0.341000
1,56,1.08795100,11,385.402300,384.944800,-0.457500
1,56,1.08795100,12,385.482100,384.944800,-0.537300
1,56,1.08795100,13,439.997800,439.565000,-0.432800
1,56,1.08795100,14,440.083800,439.565000,-0.518800
1,56,1.08795100,15,471.086800,470.869600,-0.217200
1,56,1.08795100,16,471.240300,470.869600,-0.370700
1,56,1.08795100,17,496.862000,496.430000,-0.432000
1,56,1.08795100,18,496.954900,496.430000,-0.524900
1,56,1.08795100,19,512.237500,511.930900,-0.306600
1,56,1.08795100,20,512.392300,511.930900,-0.461400
1,56,1.08795100,21,558.214600,558.002300,-0.212300
1,56,1.08795100,22,558.407700,558.002400,-0.405300
1,56,1.08795100,23,613.307500,613.214900,-0.092600
1,56,1.08795100,24,613.470200,613.214900,-0.255300
1,56,1.08795100,25,646.554200,646.379700,-0.174500
1,56,1.08795100,26,646.797100,646.379700,-0.417400
1,56,1.08795100,27,725.885600,724.986600,-0.899000
1,56,1.08795100,28,726.008000,724.986600,-1.021400
1,56,1.08795100,29,770.138800,769.668200,-0.470600
1,56,1.08795100,30,770.288800,769.668200,-0.620600
1,57,1.10473800,1,231.545900,231.446200,-0.099700
1,57,1.10473800,2,231.690300,231.446200,-0.244100
1,57,1.10473800,3,268.084600,267.920700,-0.163900
1,57,1.10473800,4,268.231300,267.920700,-0.310600
1,57,1.10473800,5,291.124800,290.894400,-0.230400
1,57,1.10473800,6,291.231900,290.894400,-0.337500
1,57,1.10473800,7,339.336600,338.981300,-0.355300
1,57,1.10473800,8,339.398900,338.981300,-0.417600
1,57,1.10473800,9,380.921500,380.744000,-0.177500
1,57,1.10473800,10,381.094500,380.744000,-0.350500
1,57,1.10473800,11,384.146600,383.696700,-0.449900
1,57,1.10473800,12,384.289800,383.696700,-0.593100
1,57,1.10473800,13,438.721500,438.292500,-0.429000
1,57,1.10473800,14,438.794700,438.292500,-0.502200
1,57,1.10473800,15,471.718800,471.540300,-0.178500
1,57,1.10473800,16,471.877100,471.540300,-0.336800
1,57,1.10473800,17,496.731200,496.279000,-0.452200
1,57,1.10473800,18,496.843200,496.279000,-0.564200
1,57,1.10473800,19,512.809800,512.469500,-0.340300
1,57,1.10473800,20,512.970500,512.469500,-0.501000
1,57,1.10473800,21,559.616500,559.409000,-0.207500
1,57,1.10473800,22,559.808900,559.409000,-0.399900
1,57,1.10473800,23,613.128500,613.032500,-0.096000
1,57,1.10473800,24,613.306800,613.032500,-0.274300
1,57,1.10473800,25,647.101700,646.917300,-0.184400
1,57,1.10473800,26,647.341900,646.917300,-0.424600
1,57,1.10473800,27,726.173700,725.287500,-0.886200
1,57,1.10473800,28,726.285600,725.287500,-0.998100
1,57,1.10473800,29,769.017200,768.543300,-0.473900
1,57,1.10473800,30,769.174000,768.543300,-0.630700
1,58,1.12152500,1,232.214600,232.109600,-0.105000
1,58,1.12152500,2,232.352700,232.109600,-0.243100
1,58,1.12152500,3,270.264000,270.098300,-0.165700
1,58,1.12152500,4,270.391700,270.098300,-0.293400
1,58,1.12152500,5,291.345500,291.104500,-0.241000
1,58,1.12152500,6,291.473600,291.104500,-0.369100
1,58,1.12152500,7,338.776600,338.458800,-0.317800
1,58,1.12152500,8,338.833300,338.458800,-0.374500
1,58,1.12152500,9,379.977400,379.733000,-0.244400
1,58,1.12152500,10,380.145200,379.733000,-0.412200
1,58,1.12152500,11,383.802200,383.414700,-0.387500
1,58,1.12152500,12,383.967800,383.414700,-0.553100
1,58,1.12152500,13,437.430300,437.009300,-0.421000
1,58,1.12152500,14,437.492800,437.009400,-0.483400
1,58,1.12152500,15,471.924100,471.780700,-0.143400
1,58,1.12152500,16,472.086300,471.780700,-0.305600
1,58,1.12152500,17,496.849400,496.380400,-0.469000
1,58,1.12152500,18,496.981200,496.380400,-0.600800
1,58,1.12152500,19,513.488600,513.114800,-0.373800
1,58,1.12152500,20,513.654300,513.114800,-0.539500
1,58,1.12152500,21,561.107700,560.904000,-0.203700
1,58,1.12152500,22,561.300000,560.904000,-0.396000
1,58,1.12152500,23,612.839200,612.738900,-0.100300
1,58,1.12152500,24,613.032500,612.738900,-0.293600
1,58,1.12152500,25,647.630800,647.438500,-0.192300
1,58,1.12152500,26,647.867600,647.438500,-0.429100
1,58,1.12152500,27,726.258900,725.381700,-0.877200
1,58,1.12152500,28,726.362300,725.381700,-0.980600
1,58,1.12152500,29,768.071300,767.595300,-0.476000
1,58,1.12152500,30,768.234300,767.595300,-0.639000
1,59,1.13831200,1,232.745100,232.634100,-0.111000
1,59,1.13831200,2,232.876300,232.634100,-0.242200
1,59,1.13831200,3,272.238700,272.066000,-0.172700
1,59,1.13831200,4,272.344800,272.066000,-0.278800
1,59,1.13831200,5,291.811200,291.563900,-0.247300
1,59,1.13831200,6,291.963900,291.563900,-0.400000
1,59,1.13831200,7,338.218500,337.936800,-0.281700
1,59,1.13831200,8,338.269100,337.936800,-0.332300
1,59,1.13831200,9,378.724200,378.400500,-0.323700
1,59,1.13831200,10,378.862300,378.400500,-0.461800
1,59,1.13831200,11,384.073500,383.735200,-0.338300
1,59,1.13831200,12,384.234400,383.735200,-0.499200
1,59,1.13831200,13,436.134200,435.727000,-0.407200
1,59,1.13831200,14,436.191100,435.727000,-0.464100
1,59,1.13831200,15,471.716000,471.600200,-0.115800
1,59,1.13831200,16,471.881200,471.600200,-0.281000
1,59,1.13831200,17,497.211900,496.732300,-0.479600
1,59,1.13831200,18,497.363100,496.732400,-0.630700
1,59,1.13831200,19,514.259400,513.853600,-0.405800
1,59,1.13831200,20,514.429000,513.853600,-0.575400
1,59,1.13831200,21,562.689500,562.488500,-0.201000
1,59,1.13831200,22,562.882300,562.488500,-0.393800
1,59,1.13831200,23,612.435800,612.330200,-0.105600
1,59,1.13831200,24,612.643200,612.330200,-0.313000
1,59,1.13831200,25,648.144700,647.946300,-0.198400
1,59,1.13831200,26,648.377300,647.946300,-0.431000
1,59,1.13831200,27,726.099500,725.227700,-0.871800
1,59,1.13831200,28,726.196300,725.227700,-0.968600
1,59,1.13831200,29,767.339600,766.862500,-0.477100
1,59,1.13831200,30,767.507700,766.862500,-0.645200
1,60,1.15509900,1,233.128400,233.009800,-0.118600
1,60,1.15509900,2,233.252200,233.009900,-0.242300
1,60,1.15509900,3,273.900700,273.716400,-0.184300
1,60,1.15509900,4,273.985900,273.716400,-0.269500
1,60,1.15509900,5,292.571700,292.322900,-0.248800
1,60,1.15509900,6,292.750300,292.322900,-0.427400
1,60,1.15509900,7,337.709400,337.461500,-0.247900
1,60,1.15509900,8,337.754300,337.461500,-0.292800
1,60,1.15509900,9,377.471200,377.092800,-0.378400
1,60,1.15509900,10,377.585400,377.092800,-0.492600
1,60,1.15509900,11,384.622600,384.313400,-0.309200
1,60,1.15509900,12,384.779800,384.313400,-0.466400
1,60,1.15509900,13,434.846600,434.459800,-0.386800
1,60,1.15509900,14,434.904900,434.459800,-0.445100
1,60,1.15509900,15,471.142100,471.044500,-0.097600
1,60,1.15509900,16,471.309400,471.044500,-0.264900
1,60,1.15509900,17,497.777900,497.294400,-0.483500
1,60,1.15509900,18,497.946700,497.294400,-0.652300
1,60,1.15509900,19,515.111200,514.675600,-0.435600
1,60,1.15509900,20,515.283200,514.675600,-0.607600
1,60,1.15509900,21,564.361800,564.162200,-0.199600
1,60,1.15509900,22,564.555900,564.162200,-0.393700
1,60,1.15509900,23,611.915200,611.803100,-0.112100
1,60,1.15509900,24,612.135600,611.803100,-0.332500
1,60,1.15509900,25,648.646200,648.443000,-0.203200
1,60,1.15509900,26,648.873700,648.443000,-0.430700
1,60,1.15509900,27,725.662100,724.792200,-0.869900
1,60,1.15509900,28,725.754300,724.792200,-0.962100
1,60,1.15509900,29,766.853000,766.375500,-0.477500
1,60,1.15509900,30,767.024800,766.375500,-0.649300
2,0,1.15509900,1,233.053000,233.009800,-0.043200
2,0,1.15509900,2,233.252200,233.009800,-0.242400
2,0,1.15509900,3,273.939000,273.716400,-0.222600
2,0,1.15509900,4,274.003400,273.716400,-0.287000
2,0,1.15509900,5,292.561200,292.322900,-0.238300
2,0,1.15509900,6,292.612900,292.322900,-0.290000
2,0,1.15509900,7,337.651900,337.461500,-0.190400
2,0,1.15509900,8,337.793900,337.461500,-0.332400
2,0,1.15509900,9,377.407800,377.092800,-0.315000
2,0,1.15509900,10,377.578700,377.092800,-0.485900
2,0,1.15509900,11,384.726200,384.313400,-0.412800
2,0,1.15509900,12,384.800300,384.313400,-0.486900
2,0,1.15509900,13,434.817000,434.459800,-0.357200
2,0,1.15509900,14,434.918400,434.459800,-0.458600
2,0,1.15509900,15,471.052700,471.044500,-0.008200
2,0,1.15509900,16,471.130900,471.044500,-0.086400
2,0,1.15509900,17,497.840800,497.294400,-0.546400
2,0,1.15509900,18,497.889200,497.294400,-0.594800
2,0,1.15509900,19,515.124200,514.675600,-0.448600
2,0,1.15509900,20,515.239600,514.675600,-0.564000
2,0,1.15509900,21,564.414700,564.162200,-0.252500
2,0,1.15509900,22,564.554400,564.162200,-0.392200
2,0,1.15509900,23,611.940900,611.803100,-0.137800
2,0,1.15509900,24,612.053200,611.803100,-0.250100
2,0,1.15509900,25,648.767600,648.443000,-0.324600
2,0,1.15509900,26,648.897900,648.443000,-0.454900
2,0,1.15509900,27,725.688600,724.792200,-0.896400
2,0,1.15509900,28,725.860100,724.792200,-1.067900
2,0,1.15509900,29,766.893500,766.375500,-0.518000
2,0,1.15509900,30,767.086900,766.375500,-0.711400
2,1,1.17415400,1,233.309700,233.246600,-0.063100
2,1,1.17415400,2,233.490500,233.246600,-0.243900
2,1,1.17415400,3,275.311400,275.102100,-0.209300
2,1,1.17415400,4,275.383400,275.102100,-0.281300
2,1,1.17415400,5,293.823400,293.558000,-0.265400
2,1,1.17415400,6,293.870800,293.558000,-0.312800
2,1,1.17415400,7,337.226200,337.063100,-0.163100
2,1,1.17415400,8,337.361300,337.063100,-0.298200
2,1,1.17415400,9,376.102500,375.768300,-0.334200
2,1,1.17415400,10,376.292800,375.768300,-0.524500
2,1,1.17415400,11,385.540100,385.141700,-0.398400
2,1,1.17415400,12,385.608300,385.141700,-0.466600
2,1,1.17415400,13,433.400300,433.062000,-0.338300
2,1,1.17415400,14,433.501700,433.062000,-0.439700
2,1,1.17415400,15,470.054900,470.044600,-0.010300
2,1,1.17415400,16,470.135100,470.044600,-0.090500
2,1,1.17415400,17,498.629800,498.107900,-0.521900
2,1,1.17415400,18,498.685800,498.107900,-0.577900
2,1,1.17415400,19,516.187100,515.698800,-0.488300
2,1,1.17415400,20,516.300600,515.698800,-0.601800
2,1,1.17415400,21,566.419500,566.167900,-0.251600
2,1,1.17415400,22,566.559400,566.167900,-0.391500
2,1,1.17415400,23,611.210900,611.058400,-0.152500
2,1,1.17415400,24,611.323100,611.058400,-0.264700
2,1,1.17415400,25,649.320600,648.995800,-0.324800
2,1,1.17415400,26,649.466000,648.995800,-0.470200
2,1,1.17415400,27,724.834000,723.932400,-0.901600
2,1,1.17415400,28,724.984700,723.932400,-1.052300
2,1,1.17415400,29,766.662600,766.143800,-0.518800
2,1,1.17415400,30,766.850500,766.143800,-0.706700
2,2,1.19320900,1,233.361000,233.273200,-0.087800
2,2,1.19320900,2,233.521000,233.273200,-0.247800
2,2,1.19320900,3,276.131000,275.931100,-0.199900
2,2,1.19320900,4,276.210100,275.931100,-0.279000
2,2,1.19320900,5,295.387000,295.100300,-0.286700
2,2,1.19320900,6,295.433300,295.100300,-0.333000
2,2,1.19320900,7,337.075700,336.936600,-0.139100
2,2,1.19320900,8,337.205200,336.936600,-0.268600
2,2,1.19320900,9,374.998000,374.651500,-0.346500
2,2,1.19320900,10,375.202300,374.651500,-0.550800
2,2,1.19320900,11,386.480400,386.089600,-0.390800
2,2,1.19320900,12,386.544700,386.089600,-0.455100
2,2,1.19320900,13,432.053700,431.737800,-0.315900
2,2,1.19320900,14,432.153500,431.737800,-0.415700
2,2,1.19320900,15,468.773000,468.752600,-0.020400
2,2,1.19320900,16,468.851400,468.752600,-0.098800
2,2,1.19320900,17,499.510500,499.015900,-0.494600
2,2,1.19320900,18,499.575500,499.015900,-0.559600
2,2,1.19320900,19,517.326100,516.805100,-0.521000
2,2,1.19320900,20,517.438000,516.805100,-0.632900
2,2,1.19320900,21,568.533800,568.280300,-0.253500
2,2,1.19320900,22,568.673200,568.280300,-0.392900
2,2,1.19320900,23,610.323100,610.155100,-0.168000
2,2,1.19320900,24,610.435000,610.155100,-0.279900
2,2,1.19320900,25,649.862100,649.538300,-0.323800
2,2,1.19320900,26,650.020800,649.538300,-0.482500
2,2,1.19320900,27,723.592500,722.680400,-0.912100
2,2,1.19320900,28,723.722500,722.680400,-1.042100
2,2,1.19320900,29,766.775100,766.256800,-0.518300
2,2,1.19320900,30,766.956300,766.256800,-0.699500
2,3,1.21226400,1,233.202700,233.084900,-0.117800
2,3,1.21226400,2,233.340100,233.084900,-0.255200
2,3,1.21226400,3,276.435700,276.241300,-0.194400
2,3,1.21226400,4,276.520200,276.241300,-0.278900
2,3,1.21226400,5,297.062000,296.760100,-0.301900
2,3,1.21226400,6,297.109100,296.760100,-0.349000
2,3,1.21226400,7,337.349500,337.229000,-0.120500
2,3,1.21226400,8,337.474100,337.229000,-0.245100
2,3,1.21226400,9,374.102400,373.749300,-0.353100
2,3,1.21226400,10,374.315900,373.749300,-0.566600
2,3,1.21226400,11,387.501100,387.111900,-0.389200
2,3,1.21226400,12,387.561300,387.111900,-0.449400
2,3,1.21226400,13,430.815800,430.525100,-0.290700
2,3,1.21226400,14,430.911400,430.525100,-0.386300
2,3,1.21226400,15,467.296900,467.261400,-0.035500
2,3,1.21226400,16,467.370300,467.261400,-0.108900
2,3,1.21226400,17,500.408000,499.938400,-0.469600
2,3,1.21226400,18,500.481000,499.938400,-0.542600
2,3,1.21226400,19,518.524200,517.979000,-0.545200
2,3,1.21226400,20,518.634300,517.979000,-0.655300
2,3,1.21226400,21,570.747900,570.490000,-0.257900
2,3,1.21226400,22,570.886300,570.490000,-0.396300
2,3,1.21226400,23,609.276300,609.091800,-0.184500
2,3,1.21226400,24,609.387800,609.091800,-0.296000
2,3,1.21226400,25,650.394000,650.072100,-0.321900
2,3,1.21226400,26,650.564200,650.072100,-0.492100
2,3,1.21226400,27,721.984100,721.057500,-0.926600
2,3,1.21226400,28,722.094300,721.057500,-1.036800
2,3,1.21226400,29,767.211900,766.695600,-0.516300
2,3,1.21226400,30,767.386000,766.695600,-0.690400
2,4,1.23132000,1,232.833900,232.680800,-0.153100
2,4,1.23132000,2,232.947700,232.680800,-0.266900
2,4,1.23132000,3,276.292800,276.101200,-0.191600
2,4,1.23132000,4,276.380100,276.101200,-0.278900
2,4,1.23132000,5,298.631300,298.319200,-0.312100
2,4,1.23132000,6,298.679600,298.319200,-0.360400
2,4,1.23132000,7,338.192800,338.084000,-0.108800
2,4,1.23132000,8,338.312400,338.084000,-0.228400
2,4,1.23132000,9,373.412400,373.058000,-0.354400
2,4,1.23132000,10,373.631100,373.058000,-0.573100
2,4,1.23132000,11,388.558500,388.165300,-0.393200
2,4,1.23132000,12,388.613000,388.165300,-0.447700
2,4,1.23132000,13,429.731300,429.468000,-0.263300
2,4,1.23132000,14,429.819600,429.468000,-0.351600
2,4,1.23132000,15,465.699300,465.646400,-0.052900
2,4,1.23132000,16,465.765300,465.646400,-0.118900
2,4,1.23132000,17,501.268600,500.818800,-0.449800
2,4,1.23132000,18,501.347600,500.818800,-0.528800
2,4,1.23132000,19,519.761000,519.200900,-0.560100
2,4,1.23132000,20,519.869200,519.200900,-0.668300
2,4,1.23132000,21,573.047400,572.782700,-0.264700
2,4,1.23132000,22,573.184300,572.782700,-0.401600
2,4,1.23132000,23,608.071900,607.869600,-0.202300
2,4,1.23132000,24,608.182900,607.869600,-0.313300
2,4,1.23132000,25,650.917900,650.598400,-0.319500
2,4,1.23132000,26,651.097800,650.598400,-0.499400
2,4,1.23132000,27,720.047900,719.103900,-0.944000
2,4,1.23132000,28,720.140200,719.103900,-1.036300
2,4,1.23132000,29,767.936600,767.423400,-0.513200
2,4,1.23132000,30,768.103500,767.423400,-0.680100
2,5,1.25037500,1,232.257300,232.063500,-0.193800
2,5,1.25037500,2,232.347600,232.063500,-0.284100
2,5,1.25037500,3,275.755900,275.565700,-0.190200
2,5,1.25037500,4,275.843500,275.565700,-0.277800
2,5,1.25037500,5,299.926600,299.608900,-0.317700
2,5,1.25037500,6,299.975800,299.608900,-0.366900
2,5,1.25037500,7,339.707400,339.602100,-0.105300
2,5,1.25037500,8,339.821500,339.602100,-0.219400
2,5,1.25037500,9,372.922500,372.571700,-0.350800
2,5,1.25037500,10,373.142600,372.571700,-0.570900
2,5,1.25037500,11,389.606700,389.205400,-0.401300
2,5,1.25037500,12,389.654300,389.205400,-0.448900
2,5,1.25037500,13,428.849500,428.615000,-0.234500
2,5,1.25037500,14,428.927500,428.615000,-0.312500
2,5,1.25037500,15,464.037200,463.966100,-0.071100
2,5,1.25037500,16,464.094100,463.966100,-0.128000
2,5,1.25037500,17,502.059100,501.622900,-0.436200
2,5,1.25037500,18,502.142100,501.622900,-0.519200
2,5,1.25037500,19,521.012600,520.446900,-0.565700
2,5,1.25037500,20,521.118300,520.446900,-0.671400
2,5,1.25037500,21,575.410900,575.137600,-0.273300
2,5,1.25037500,22,575.546000,575.137600,-0.408400
2,5,1.25037500,23,606.715300,606.493300,-0.222000
2,5,1.25037500,24,606.825800,606.493300,-0.332500
2,5,1.25037500,25,651.435500,651.118400,-0.317100
2,5,1.25037500,26,651.623100,651.118400,-0.504700
2,5,1.25037500,27,717.834400,716.870900,-0.963500
2,5,1.25037500,28,717.910900,716.870900,-1.040000
2,5,1.25037500,29,768.903400,768.394700,-0.508700
2,5,1.25037500,30,769.063500,768.394700,-0.668800
2,6,1.26943000,1,231.481900,231.242200,-0.239700
2,6,1.26943000,2,231.549500,231.242200,-0.307300
2,6,1.26943000,3,274.853300,274.663500,-0.189800
2,6,1.26943000,4,274.938900,274.663500,-0.275400
2,6,1.26943000,5,300.875500,300.556600,-0.318900
2,6,1.26943000,6,300.926100,300.556600,-0.369500
2,6,1.26943000,7,341.914700,341.804800,-0.109900
2,6,1.26943000,8,342.022900,341.804800,-0.218100
2,6,1.26943000,9,372.630300,372.287600,-0.342700
2,6,1.26943000,10,372.848000,372.287600,-0.560400
2,6,1.26943000,11,390.601000,390.189100,-0.411900
2,6,1.26943000,12,390.640700,390.189100,-0.451600
2,6,1.26943000,13,428.220400,428.015300,-0.205100
2,6,1.26943000,14,428.285700,428.015300,-0.270400
2,6,1.26943000,15,462.356700,462.268100,-0.088600
2,6,1.26943000,16,462.403700,462.268100,-0.135600
2,6,1.26943000,17,502.763000,502.334100,-0.428900
2,6,1.26943000,18,502.848000,502.334100,-0.513900
2,6,1.26943000,19,522.252500,521.689900,-0.562600
2,6,1.26943000,20,522.355500,521.689900,-0.665600
2,6,1.26943000,21,577.806400,577.524000,-0.282400
2,6,1.26943000,22,577.939300,577.524000,-0.415300
2,6,1.26943000,23,605.220600,604.976000,-0.244600
2,6,1.26943000,24,605.331100,604.976000,-0.355100
2,6,1.26943000,25,651.948600,651.633700,-0.314900
2,6,1.26943000,26,652.142400,651.633800,-0.508600
2,6,1.26943000,27,715.397400,714.413200,-0.984200
2,6,1.26943000,28,715.460300,714.413200,-1.047100
2,6,1.26943000,29,770.065000,769.561900,-0.503100
2,6,1.26943000,30,770.218900,769.561900,-0.657000
2,7,1.28848500,1,230.518600,230.228500,-0.290100
2,7,1.28848500,2,230.565500,230.228500,-0.337000
2,7,1.28848500,3,273.593200,273.402700,-0.190500
2,7,1.28848500,4,273.675100,273.402700,-0.272400
2,7,1.28848500,5,301.502700,301.186100,-0.316600
2,7,1.28848500,6,301.555000,301.186100,-0.368900
2,7,1.28848500,7,344.743700,344.621600,-0.122100
2,7,1.28848500,8,344.846200,344.621600,-0.224600
2,7,1.28848500,9,372.539100,372.209200,-0.329900
2,7,1.28848500,10,372.751000,372.209200,-0.541800
2,7,1.28848500,11,391.503100,391.081000,-0.422100
2,7,1.28848500,12,391.536200,391.081000,-0.455200
2,7,1.28848500,13,427.886900,427.711200,-0.175700
2,7,1.28848500,14,427.939500,427.711200,-0.228300
2,7,1.28848500,15,460.696400,460.592200,-0.104200
2,7,1.28848500,16,460.734000,460.592200,-0.141800
2,7,1.28848500,17,503.375200,502.948200,-0.427000
2,7,1.28848500,18,503.460800,502.948200,-0.512600
2,7,1.28848500,19,523.453200,522.901300,-0.551900
2,7,1.28848500,20,523.553100,522.901300,-0.651800
2,7,1.28848500,21,580.182600,579.893000,-0.289600
2,7,1.28848500,22,580.313200,579.893000,-0.420200
2,7,1.28848500,23,603.619100,603.346700,-0.272400
2,7,1.28848500,24,603.730100,603.346700,-0.383400
2,7,1.28848500,25,652.459400,652.146100,-0.313300
2,7,1.28848500,26,652.657700,652.146100,-0.511600
2,7,1.28848500,27,712.789100,711.783800,-1.005300
2,7,1.28848500,28,712.840600,711.783800,-1.056800
2,7,1.28848500,29,771.376600,770.880300,-0.496300
2,7,1.28848500,30,771.525200,770.880300,-0.644900
2,8,1.30754000,1,229.382700,229.038800,-0.343900
2,8,1.30754000,2,229.412700,229.038800,-0.373900
2,8,1.30754000,3,271.976900,271.784000,-0.192900
2,8,1.30754000,4,272.054400,271.784000,-0.270400
2,8,1.30754000,5,301.894000,301.582300,-0.311700
2,8,1.30754000,6,301.947800,301.582300,-0.365500
2,8,1.30754000,7,348.049700,347.907700,-0.142000
2,8,1.30754000,8,348.146800,347.907700,-0.239100
2,8,1.30754000,9,372.663000,372.351000,-0.312000
2,8,1.30754000,10,372.865400,372.351000,-0.514400
2,8,1.30754000,11,392.291700,391.863800,-0.427900
2,8,1.30754000,12,392.322200,391.863800,-0.458400
2,8,1.30754000,13,427.875100,427.729300,-0.145800
2,8,1.30754000,14,427.919600,427.729300,-0.190300
2,8,1.30754000,15,459.093300,458.976800,-0.116500
2,8,1.30754000,16,459.123300,458.976800,-0.146500
2,8,1.30754000,17,503.898400,503.469100,-0.429300
2,8,1.30754000,18,503.983200,503.469100,-0.514100
2,8,1.30754000,19,524.587400,524.052400,-0.535000
2,8,1.30754000,20,524.683900,524.052400,-0.631500
2,8,1.30754000,21,582.450300,582.159800,-0.290500
2,8,1.30754000,22,582.578100,582.159800,-0.418300
2,8,1.30754000,23,601.979000,601.668700,-0.310300
2,8,1.30754000,24,602.090900,601.668700,-0.422200
2,8,1.30754000,25,652.970300,652.657900,-0.312400
2,8,1.30754000,26,653.172000,652.657900,-0.514100
2,8,1.30754000,27,710.057700,709.031300,-1.026400
2,8,1.30754000,28,710.099800,709.031300,-1.068500
2,8,1.30754000,29,772.798900,772.310500,-0.488400
2,8,1.30754000,30,772.942700,772.310500,-0.632200
2,9,1.32659500,1,228.091400,227.693300,-0.398100
2,9,1.32659500,2,228.112800,227.693300,-0.419500
2,9,1.32659500,3,270.009500,269.812100,-0.197400
2,9,1.32659500,4,270.083300,269.812100,-0.271200
2,9,1.32659500,5,302.150600,301.845900,-0.304700
2,9,1.32659500,6,302.205300,301.845900,-0.359400
2,9,1.32659500,7,351.639900,351.469300,-0.170600
2,9,1.32659500,8,351.732500,351.469300,-0.263200
2,9,1.32659500,9,373.031400,372.743100,-0.288300
2,9,1.32659500,10,373.219900,372.743100,-0.476800
2,9,1.32659500,11,392.975500,392.549200,-0.426300
2,9,1.32659500,12,393.008300,392.549200,-0.459100
2,9,1.32659500,13,428.184600,428.069800,-0.114800
2,9,1.32659500,14,428.231000,428.069800,-0.161200
2,9,1.32659500,15,457.587700,457.463700,-0.124000
2,9,1.32659500,16,457.613700,457.463700,-0.150000
2,9,1.32659500,17,504.339600,503.904700,-0.434900
2,9,1.32659500,18,504.422800,503.904700,-0.518100
2,9,1.32659500,19,525.629600,525.116300,-0.513300
2,9,1.32659500,20,525.722400,525.116300,-0.606100
2,9,1.32659500,21,584.439100,584.161800,-0.277300
2,9,1.32659500,22,584.562000,584.161800,-0.400200
2,9,1.32659500,23,600.450600,600.083000,-0.367600
2,9,1.32659500,24,600.561700,600.083000,-0.478700
2,9,1.32659500,25,653.484300,653.171500,-0.312800
2,9,1.32659500,26,653.688200,653.171500,-0.516700
2,9,1.32659500,27,707.246100,706.199200,-1.046900
2,9,1.32659500,28,707.280300,706.199200,-1.081100
2,9,1.32659500,29,774.298200,773.818600,-0.479600
2,9,1.32659500,30,774.437800,773.818600,-0.619200
2,10,1.34565000,1,226.664800,226.214600,-0.450200
2,10,1.34565000,2,226.690000,226.214600,-0.475400
2,10,1.34565000,3,267.706400,267.501900,-0.204500
2,10,1.34565000,4,267.778600,267.501900,-0.276700
2,10,1.34565000,5,302.357300,302.061400,-0.295900
2,10,1.34565000,6,302.412000,302.061400,-0.350600
2,10,1.34565000,7,355.288400,355.078600,-0.209800
2,10,1.34565000,8,355.378100,355.078600,-0.299500
2,10,1.34565000,9,373.693200,373.435200,-0.258000
2,10,1.34565000,10,373.862700,373.435200,-0.427500
2,10,1.34565000,11,393.605000,393.188900,-0.416100
2,10,1.34565000,12,393.642100,393.188900,-0.453200
2,10,1.34565000,13,428.782500,428.697900,-0.084600
2,10,1.34565000,14,428.840000,428.697900,-0.142100
2,10,1.34565000,15,456.229900,456.103700,-0.126200
2,10,1.34565000,16,456.255800,456.103700,-0.152100
2,10,1.34565000,17,504.708000,504.265300,-0.442700
2,10,1.34565000,18,504.788800,504.265300,-0.523500
2,10,1.34565000,19,526.556100,526.068200,-0.487900
2,10,1.34565000,20,526.645000,526.068200,-0.576800
2,10,1.34565000,21,585.820200,585.577500,-0.242700
2,10,1.34565000,22,585.930200,585.577500,-0.352700
2,10,1.34565000,23,599.346500,598.888600,-0.457900
2,10,1.34565000,24,599.449300,598.888600,-0.560700
2,10,1.34565000,25,654.004300,653.689800,-0.314500
2,10,1.34565000,26,654.209500,653.689800,-0.519700
2,10,1.34565000,27,704.391300,703.325400,-1.065900
2,10,1.34565000,28,704.419300,703.325400,-1.093900
2,10,1.34565000,29,775.846000,775.376300,-0.469700
2,10,1.34565000,30,775.981900,775.376300,-0.605600
2,11,1.36470600,1,225.130900,224.627900,-0.503000
2,11,1.36470600,2,225.165300,224.627900,-0.537400
2,11,1.36470600,3,265.095000,264.880600,-0.214400
2,11,1.36470600,4,265.168500,264.880600,-0.287900
2,11,1.36470600,5,302.570400,302.284700,-0.285700
2,11,1.36470600,6,302.624400,302.284700,-0.339700
2,11,1.36470600,7,358.742100,358.482800,-0.259300
2,11,1.36470600,8,358.832900,358.482800,-0.350100
2,11,1.36470600,9,374.711100,374.488500,-0.222600
2,11,1.36470600,10,374.855600,374.488500,-0.367100
2,11,1.36470600,11,394.280600,393.884100,-0.396500
2,11,1.36470600,12,394.320500,393.884100,-0.436400
2,11,1.36470600,13,429.598800,429.540600,-0.058200
2,11,1.36470600,14,429.671300,429.540600,-0.130700
2,11,1.36470600,15,455.087200,454.963700,-0.123500
2,11,1.36470600,16,455.115100,454.963700,-0.151400
2,11,1.36470600,17,505.013700,504.561700,-0.452000
2,11,1.36470600,18,505.091700,504.561700,-0.530000
2,11,1.36470600,19,527.346000,526.885900,-0.460100
2,11,1.36470600,20,527.430800,526.885900,-0.544900
2,11,1.36470600,21,586.105600,585.907500,-0.198100
2,11,1.36470600,22,586.188000,585.907500,-0.280500
2,11,1.36470600,23,599.140900,598.563900,-0.577000
2,11,1.36470600,24,599.219700,598.563900,-0.655800
2,11,1.36470600,25,654.533400,654.215700,-0.317700
2,11,1.36470600,26,654.739200,654.215700,-0.523500
2,11,1.36470600,27,701.525700,700.443100,-1.082600
2,11,1.36470600,28,701.548700,700.443100,-1.105600
2,11,1.36470600,29,777.418700,776.959800,-0.458900
2,11,1.36470600,30,777.551300,776.959800,-0.591500
2,12,1.38376100,1,223.518000,222.960000,-0.558000
2,12,1.38376100,2,223.561700,222.960000,-0.601700
2,12,1.38376100,3,262.212700,261.984800,-0.227900
2,12,1.38376100,4,262.290200,261.984800,-0.305400
2,12,1.38376100,5,302.819300,302.545100,-0.274200
2,12,1.38376100,6,302.871800,302.545100,-0.326700
2,12,1.38376100,7,361.752900,361.439000,-0.313900
2,12,1.38376100,8,361.850600,361.439000,-0.411600
2,12,1.38376100,9,376.118300,375.929300,-0.189000
2,12,1.38376100,10,376.233600,375.929300,-0.304300
2,12,1.38376100,11,395.157100,394.791100,-0.366000
2,12,1.38376100,12,395.196500,394.791100,-0.405400
2,12,1.38376100,13,430.525300,430.488400,-0.036900
2,12,1.38376100,14,430.613300,430.488400,-0.124900
2,12,1.38376100,15,454.249300,454.132400,-0.116900
2,12,1.38376100,16,454.278700,454.132400,-0.146300
2,12,1.38376100,17,505.266900,504.804800,-0.462100
2,12,1.38376100,18,505.341800,504.804800,-0.537000
2,12,1.38376100,19,527.981200,527.550400,-0.430800
2,12,1.38376100,20,528.061700,527.550400,-0.511300
2,12,1.38376100,21,585.034500,584.860100,-0.174400
2,12,1.38376100,22,585.085800,584.860100,-0.225700
2,12,1.38376100,23,600.064700,599.380500,-0.684200
2,12,1.38376100,24,600.112900,599.380500,-0.732400
2,12,1.38376100,25,655.074400,654.751800,-0.322600
2,12,1.38376100,26,655.280300,654.751800,-0.528500
2,12,1.38376100,27,698.676700,697.580400,-1.096300
2,12,1.38376100,28,698.696100,697.580400,-1.115700
2,12,1.38376100,29,778.996500,778.549400,-0.447100
2,12,1.38376100,30,779.125900,778.549400,-0.576500
2,13,1.40281600,1,221.854000,221.238700,-0.615300
2,13,1.40281600,2,221.905300,221.238700,-0.666600
2,13,1.40281600,3,259.102900,258.857700,-0.245200
2,13,1.40281600,4,259.186300,258.857700,-0.328600
2,13,1.40281600,5,303.113500,302.851400,-0.262100
2,13,1.40281600,6,303.163800,302.851400,-0.312400
2,13,1.40281600,7,364.164800,363.802500,-0.362300
2,13,1.40281600,8,364.272300,363.802500,-0.469800
2,13,1.40281600,9,377.825600,377.656800,-0.168800
2,13,1.40281600,10,377.914500,377.656800,-0.257700
2,13,1.40281600,11,396.435600,396.112000,-0.323600
2,13,1.40281600,12,396.471800,396.112000,-0.359800
2,13,1.40281600,13,431.428000,431.408100,-0.019900
2,13,1.40281600,14,431.530000,431.408100,-0.121900
2,13,1.40281600,15,453.826100,453.718200,-0.107900
2,13,1.40281600,16,453.854600,453.718200,-0.136400
2,13,1.40281600,17,505.477000,505.004400,-0.472600
2,13,1.40281600,18,505.548900,505.004400,-0.544500
2,13,1.40281600,19,528.446200,528.045400,-0.400800
2,13,1.40281600,20,528.522300,528.045400,-0.476900
2,13,1.40281600,21,582.865600,582.696600,-0.169000
2,13,1.40281600,22,582.903200,582.696600,-0.206600
2,13,1.40281600,23,601.822300,601.059300,-0.763000
2,13,1.40281600,24,601.851500,601.059300,-0.792200
2,13,1.40281600,25,655.629600,655.300300,-0.329300
2,13,1.40281600,26,655.835100,655.300300,-0.534800
2,13,1.40281600,27,695.867200,694.761400,-1.105800
2,13,1.40281600,28,695.884400,694.761400,-1.123000
2,13,1.40281600,29,780.562700,780.128400,-0.434300
2,13,1.40281600,30,780.689200,780.128400,-0.560800
2,14,1.42187100,1,220.166000,219.491900,-0.674100
2,14,1.42187100,2,220.223200,219.491900,-0.731300
2,14,1.42187100,3,255.811500,255.544400,-0.267100
2,14,1.42187100,4,255.901400,255.544400,-0.357000
2,14,1.42187100,5,303.449300,303.199700,-0.249600
2,14,1.42187100,6,303.497000,303.199700,-0.297300
2,14,1.42187100,7,365.990800,365.594000,-0.396800
2,14,1.42187100,8,366.104700,365.594100,-0.510600
2,14,1.42187100,9,379.578400,379.412200,-0.166200
2,14,1.42187100,10,379.654200,379.412200,-0.242000
2,14,1.42187100,11,398.313700,398.042100,-0.271600
2,14,1.42187100,12,398.347400,398.042100,-0.305300
2,14,1.42187100,13,432.177200,432.172900,-0.004300
2,14,1.42187100,14,432.290900,432.172900,-0.118000
2,14,1.42187100,15,453.930200,453.832600,-0.097600
2,14,1.42187100,16,453.954800,453.832600,-0.122200
2,14,1.42187100,17,505.653100,505.169900,-0.483200
2,14,1.42187100,18,505.721700,505.169900,-0.551800
2,14,1.42187100,19,528.728200,528.357500,-0.370700
2,14,1.42187100,20,528.799800,528.357500,-0.442300
2,14,1.42187100,21,579.976200,579.809900,-0.166300
2,14,1.42187100,22,580.016600,579.809900,-0.206700
2,14,1.42187100,23,604.020300,603.192400,-0.827900
2,14,1.42187100,24,604.045400,603.192400,-0.853000
2,14,1.42187100,25,656.200600,655.862800,-0.337800
2,14,1.42187100,26,656.405100,655.862800,-0.542300
2,14,1.42187100,27,693.116300,692.006000,-1.110300
2,14,1.42187100,28,693.132500,692.006000,-1.126500
2,14,1.42187100,29,782.103100,781.682400,-0.420700
2,14,1.42187100,30,782.226600,781.682400,-0.544200
2,15,1.44092600,1,218.481500,217.748300,-0.733200
2,15,1.44092600,2,218.542700,217.748300,-0.794400
2,15,1.44092600,3,252.384600,252.090700,-0.293900
2,15,1.44092600,4,252.480700,252.090700,-0.390000
2,15,1.44092600,5,303.817000,303.579700,-0.237300
2,15,1.44092600,6,303.861500,303.579700,-0.281800
2,15,1.44092600,7,367.365900,366.947200,-0.418700
2,15,1.44092600,8,367.479100,366.947200,-0.531900
2,15,1.44092600,9,381.100600,380.929100,-0.171500
2,15,1.44092600,10,381.179800,380.929100,-0.250700
2,15,1.44092600,11,400.875400,400.655100,-0.220300
2,15,1.44092600,12,400.909400,400.655100,-0.254300
2,15,1.44092600,13,432.701300,432.715400,0.014100
2,15,1.44092600,14,432.823500,432.715400,-0.108100
2,15,1.44092600,15,454.638800,454.551000,-0.087800
2,15,1.44092600,16,454.657500,454.551000,-0.106500
2,15,1.44092600,17,505.803000,505.309400,-0.493600
2,15,1.44092600,18,505.868700,505.309400,-0.559300
2,15,1.44092600,19,528.817200,528.475700,-0.341500
2,15,1.44092600,20,528.884200,528.475700,-0.408500
2,15,1.44092600,21,576.602500,576.438800,-0.163700
2,15,1.44092600,22,576.649400,576.438800,-0.210600
2,15,1.44092600,23,606.421400,605.529100,-0.892300
2,15,1.44092600,24,606.450000,605.529100,-0.920900
2,15,1.44092600,25,656.787700,656.439800,-0.347900
2,15,1.44092600,26,656.991000,656.439800,-0.551200
2,15,1.44092600,27,690.439600,689.330800,-1.108800
2,15,1.44092600,28,690.456100,689.330800,-1.125300
2,15,1.44092600,29,783.605400,783.199000,-0.406400
2,15,1.44092600,30,783.725800,783.199000,-0.526800
2,16,1.45998100,1,216.827500,216.035800,-0.791700
2,16,1.45998100,2,216.891200,216.035800,-0.855400
2,16,1.45998100,3,248.866600,248.541000,-0.325600
2,16,1.45998100,4,248.967900,248.541000,-0.426900
2,16,1.45998100,5,304.204200,303.978600,-0.225600
2,16,1.45998100,6,304.245100,303.978600,-0.266500
2,16,1.45998100,7,368.435600,368.002500,-0.433100
2,16,1.45998100,8,368.541700,368.002500,-0.539200
2,16,1.45998100,9,382.284000,382.109800,-0.174200
2,16,1.45998100,10,382.374400,382.109800,-0.264600
2,16,1.45998100,11,403.994400,403.808800,-0.185600
2,16,1.45998100,12,404.027400,403.808800,-0.218600
2,16,1.45998100,13,433.044700,433.085600,0.040900
2,16,1.45998100,14,433.171800,433.085600,-0.086200
2,16,1.45998100,15,455.955700,455.876200,-0.079500
2,16,1.45998100,16,455.968700,455.876200,-0.092500
2,16,1.45998100,17,505.934200,505.430600,-0.503600
2,16,1.45998100,18,505.997000,505.430600,-0.566400
2,16,1.45998100,19,528.705600,528.392200,-0.313400
2,16,1.45998100,20,528.768000,528.392200,-0.375800
2,16,1.45998100,21,572.866000,572.705600,-0.160400
2,16,1.45998100,22,572.918500,572.705600,-0.212900
2,16,1.45998100,23,608.901700,607.939500,-0.962200
2,16,1.45998100,24,608.935600,607.939500,-0.996100
2,16,1.45998100,25,657.390300,657.030600,-0.359700
2,16,1.45998100,26,657.591600,657.030600,-0.561000
2,16,1.45998100,27,687.849700,686.749100,-1.100600
2,16,1.45998100,28,687.867200,686.749100,-1.118100
2,16,1.45998100,29,785.059000,784.667500,-0.391500
2,16,1.45998100,30,785.176000,784.667500,-0.508500
2,17,1.47903600,1,215.230900,214.382200,-0.848700
2,17,1.47903600,2,215.295300,214.382200,-0.913100
2,17,1.47903600,3,245.300200,244.937800,-0.362400
2,17,1.47903600,4,245.405200,244.937800,-0.467400
2,17,1.47903600,5,304.598300,304.383400,-0.214900
2,17,1.47903600,6,304.635400,304.383400,-0.252000
2,17,1.47903600,7,369.302100,368.858300,-0.443800
2,17,1.47903600,8,369.396200,368.858300,-0.537900
2,17,1.47903600,9,383.191300,383.021700,-0.169600
2,17,1.47903600,10,383.293400,383.021700,-0.271700
2,17,1.47903600,11,407.344100,407.167000,-0.177100
2,17,1.47903600,12,407.370700,407.167000,-0.203700
2,17,1.47903600,13,433.400700,433.481200,0.080500
2,17,1.47903600,14,433.528400,433.481200,-0.047200
2,17,1.47903600,15,457.809000,457.736500,-0.072500
2,17,1.47903600,16,457.819100,457.736500,-0.082600
2,17,1.47903600,17,506.053100,505.540100,-0.513000
2,17,1.47903600,18,506.113400,505.540100,-0.573300
2,17,1.47903600,19,528.388600,528.101400,-0.287200
2,17,1.47903600,20,528.446400,528.101400,-0.345000
2,17,1.47903600,21,568.834200,568.677900,-0.156300
2,17,1.47903600,22,568.891000,568.677900,-0.213100
2,17,1.47903600,23,611.391200,610.351800,-1.039400
2,17,1.47903600,24,611.430800,610.351800,-1.079000
2,17,1.47903600,25,658.006200,657.633400,-0.372800
2,17,1.47903600,26,658.204900,657.633400,-0.571500
2,17,1.47903600,27,685.356600,684.271500,-1.085100
2,17,1.47903600,28,685.375400,684.271500,-1.103900
2,17,1.47903600,29,786.454200,786.078100,-0.376100
2,17,1.47903600,30,786.567500,786.078100,-0.489400
2,18,1.49809200,1,213.717400,212.814500,-0.902900
2,18,1.49809200,2,213.781400,212.814500,-0.966900
2,18,1.49809200,3,241.726100,241.322100,-0.404000
2,18,1.49809200,4,241.833000,241.322100,-0.510900
2,18,1.49809200,5,304.988000,304.782900,-0.205100
2,18,1.49809200,6,305.021100,304.782900,-0.238200
2,18,1.49809200,7,370.024200,369.571500,-0.452700
2,18,1.49809200,8,370.102900,369.571500,-0.531400
2,18,1.49809200,9,383.948900,383.790800,-0.158100
2,18,1.49809200,10,384.061500,383.790800,-0.270700
2,18,1.49809200,11,410.466700,410.273100,-0.193600
2,18,1.49809200,12,410.484400,410.273100,-0.211300
2,18,1.49809200,13,434.109900,434.243900,0.134000
2,18,1.49809200,14,434.232700,434.243900,0.011200
2,18,1.49809200,15,460.086500,460.020200,-0.066300
2,18,1.49809200,16,460.097000,460.020200,-0.076800
2,18,1.49809200,17,506.165800,505.644100,-0.521700
2,18,1.49809200,18,506.223800,505.644100,-0.579700
2,18,1.49809200,19,527.863900,527.600700,-0.263200
2,18,1.49809200,20,527.917000,527.600700,-0.316300
2,18,1.49809200,21,564.551900,564.400200,-0.151700
2,18,1.49809200,22,564.611800,564.400200,-0.211600
2,18,1.49809200,23,613.845900,612.721900,-1.124000
2,18,1.49809200,24,613.891200,612.721900,-1.169300
2,18,1.49809200,25,658.631700,658.244600,-0.387100
2,18,1.49809200,26,658.827000,658.244600,-0.582400
2,18,1.49809200,27,682.968200,681.906700,-1.061500
2,18,1.49809200,28,682.988600,681.906700,-1.081900
2,18,1.49809200,29,787.782500,787.421900,-0.360600
2,18,1.49809200,30,787.891600,787.421900,-0.469700
2,19,1.51714700,1,212.312200,211.358800,-0.953400
2,19,1.51714700,2,212.374600,211.358800,-1.015800
2,19,1.51714700,3,238.182100,237.732100,-0.450000
2,19,1.51714700,4,238.289300,237.732100,-0.557200
2,19,1.51714700,5,305.363800,305.167200,-0.196600
2,19,1.51714700,6,305.393000,305.167200,-0.225800
2,19,1.51714700,7,370.631900,370.171800,-0.460100
2,19,1.51714700,8,370.693600,370.171800,-0.521800
2,19,1.51714700,9,384.672700,384.530200,-0.142500
2,19,1.51714700,10,384.794400,384.530200,-0.264200
2,19,1.51714700,11,412.851200,412.636900,-0.214300
2,19,1.51714700,12,412.879300,412.636900,-0.242400
2,19,1.51714700,13,435.597400,435.791400,0.194000
2,19,1.51714700,14,435.710200,435.791400,0.081200
2,19,1.51714700,15,462.672900,462.611300,-0.061600
2,19,1.51714700,16,462.684400,462.611300,-0.073100
2,19,1.51714700,17,506.277900,505.748500,-0.529400
2,19,1.51714700,18,506.334200,505.748500,-0.585700
2,19,1.51714700,19,527.132100,526.890200,-0.241900
2,19,1.51714700,20,527.180400,526.890200,-0.290200
2,19,1.51714700,21,560.054400,559.907700,-0.146700
2,19,1.51714700,22,560.116700,559.907700,-0.209000
2,19,1.51714700,23,616.234700,615.018700,-1.216000
2,19,1.51714700,24,616.285600,615.018700,-1.266900
2,19,1.51714700,25,659.261700,658.859700,-0.402000
2,19,1.51714700,26,659.452500,658.859700,-0.592800
2,19,1.51714700,27,680.691200,679.661500,-1.029700
2,19,1.51714700,28,680.713000,679.661500,-1.051500
2,19,1.51714700,29,789.036000,788.690900,-0.345100
2,19,1.51714700,30,789.140300,788.690900,-0.449400
2,20,1.53620200,1,211.039800,210.040700,-0.999100
2,20,1.53620200,2,211.099600,210.040700,-1.058900
2,20,1.53620200,3,234.705600,234.205500,-0.500100
2,20,1.53620200,4,234.811400,234.205500,-0.605900
2,20,1.53620200,5,305.718300,305.529100,-0.189200
2,20,1.53620200,6,305.743600,305.529100,-0.214500
2,20,1.53620200,7,371.140600,370.675100,-0.465500
2,20,1.53620200,8,371.184700,370.675100,-0.509600
2,20,1.53620200,9,385.447000,385.321200,-0.125800
2,20,1.53620200,10,385.576400,385.321200,-0.255200
2,20,1.53620200,11,414.149000,413.925600,-0.223400
2,20,1.53620200,12,414.201600,413.925600,-0.276000
2,20,1.53620200,13,438.169100,438.414700,0.245600
2,20,1.53620200,14,438.269700,438.414700,0.145000
2,20,1.53620200,15,465.465500,465.407400,-0.058100
2,20,1.53620200,16,465.477000,465.407400,-0.069600
2,20,1.53620200,17,506.395400,505.859400,-0.536000
2,20,1.53620200,18,506.450400,505.859400,-0.591000
2,20,1.53620200,19,526.196400,525.972700,-0.223700
2,20,1.53620200,20,526.240100,525.972700,-0.267400
2,20,1.53620200,21,555.375200,555.233000,-0.142200
2,20,1.53620200,22,555.439200,555.233000,-0.206200
2,20,1.53620200,23,618.533700,617.218600,-1.315100
2,20,1.53620200,24,618.589500,617.218600,-1.370900
2,20,1.53620200,25,659.889800,659.472600,-0.417200
2,20,1.53620200,26,660.075000,659.472600,-0.602400
2,20,1.53620200,27,678.531500,677.542100,-0.989400
2,20,1.53620200,28,678.554400,677.542100,-1.012300
2,20,1.53620200,29,790.207600,789.877500,-0.330100
2,20,1.53620200,30,790.306400,789.877500,-0.428900
2,21,1.55525700,1,209.923200,208.884100,-1.039100
2,21,1.55525700,2,209.979500,208.884100,-1.095400
2,21,1.55525700,3,231.330700,230.777100,-0.553600
2,21,1.55525700,4,231.433300,230.777100,-0.656200
2,21,1.55525700,5,306.045900,305.863000,-0.182900
2,21,1.55525700,6,306.067600,305.863000,-0.204600
2,21,1.55525700,7,371.559700,371.091200,-0.468500
2,21,1.55525700,8,371.586900,371.091200,-0.495700
2,21,1.55525700,9,386.325000,386.215000,-0.110000
2,21,1.55525700,10,386.460700,386.215000,-0.245700
2,21,1.55525700,11,414.369200,414.150700,-0.218500
2,21,1.55525700,12,414.443500,414.150700,-0.292800
2,21,1.55525700,13,441.795100,442.075300,0.280200
2,21,1.55525700,14,441.884700,442.075300,0.190600
2,21,1.55525700,15,468.376000,468.321100,-0.054900
2,21,1.55525700,16,468.386300,468.321100,-0.065200
2,21,1.55525700,17,506.524800,505.983500,-0.541300
2,21,1.55525700,18,506.579000,505.983500,-0.595500
2,21,1.55525700,19,525.063600,524.854400,-0.209200
2,21,1.55525700,20,525.102500,524.854400,-0.248100
2,21,1.55525700,21,550.548600,550.410000,-0.138600
2,21,1.55525700,22,550.613900,550.410000,-0.203900
2,21,1.55525700,23,620.721900,619.301100,-1.420800
2,21,1.55525700,24,620.782100,619.301100,-1.481000
2,21,1.55525700,25,660.508600,660.076500,-0.432100
2,21,1.55525700,26,660.686900,660.076500,-0.610400
2,21,1.55525700,27,676.495200,675.554400,-0.940800
2,21,1.55525700,28,676.518700,675.554400,-0.964300
2,21,1.55525700,29,791.290300,790.974700,-0.315600
2,21,1.55525700,30,791.383100,790.974700,-0.408400
2,22,1.57431200,1,208.984400,207.911700,-1.072700
2,22,1.57431200,2,209.036600,207.911700,-1.124900
2,22,1.57431200,3,228.089700,227.479900,-0.609800
2,22,1.57431200,4,228.187700,227.479900,-0.707800
2,22,1.57431200,5,306.342900,306.165200,-0.177700
2,22,1.57431200,6,306.361200,306.165200,-0.196000
2,22,1.57431200,7,371.897800,371.428800,-0.469000
2,22,1.57431200,8,371.909600,371.428800,-0.480800
2,22,1.57431200,9,387.336100,387.239200,-0.096900
2,22,1.57431200,10,387.476300,387.239200,-0.237100
2,22,1.57431200,11,413.772300,413.567800,-0.204500
2,22,1.57431200,12,413.861400,413.567800,-0.293600
2,22,1.57431200,13,446.195500,446.497400,0.301900
2,22,1.57431200,14,446.275700,446.497400,0.221700
2,22,1.57431200,15,471.326600,471.275400,-0.051200
2,22,1.57431200,16,471.334100,471.275400,-0.058700
2,22,1.57431200,17,506.674100,506.129200,-0.544900
2,22,1.57431200,18,506.728400,506.129200,-0.599200
2,22,1.57431200,19,523.743300,523.544800,-0.198500
2,22,1.57431200,20,523.777700,523.544800,-0.232900
2,22,1.57431200,21,545.613300,545.476700,-0.136600
2,22,1.57431200,22,545.679900,545.476700,-0.203200
2,22,1.57431200,23,622.779700,621.248000,-1.531700
2,22,1.57431200,24,622.843700,621.248000,-1.595700
2,22,1.57431200,25,661.110300,660.664000,-0.446300
2,22,1.57431200,26,661.280200,660.664000,-0.616200
2,22,1.57431200,27,674.589100,673.704600,-0.884500
2,22,1.57431200,28,674.612700,673.704600,-0.908100
2,22,1.57431200,29,792.278100,791.976000,-0.302100
2,22,1.57431200,30,792.364300,791.976000,-0.388300
2,23,1.59336700,1,208.244000,207.144900,-1.099100
2,23,1.59336700,2,208.291500,207.144900,-1.146600
2,23,1.59336700,3,225.012700,224.344500,-0.668200
2,23,1.59336700,4,225.104600,224.344500,-0.760100
2,23,1.59336700,5,306.606600,306.433200,-0.173400
2,23,1.59336700,6,306.621900,306.433200,-0.188700
2,23,1.59336700,7,372.162800,371.697400,-0.465400
2,23,1.59336700,8,372.164400,371.697400,-0.467000
2,23,1.59336700,9,388.491700,388.404600,-0.087100
2,23,1.59336700,10,388.634400,388.404600,-0.229800
2,23,1.59336700,11,412.636000,412.448400,-0.187600
2,23,1.59336700,12,412.734400,412.448400,-0.286000
2,23,1.59336700,13,451.071100,451.388400,0.317300
2,23,1.59336700,14,451.143000,451.388400,0.245400
2,23,1.59336700,15,474.241600,474.196200,-0.045400
2,23,1.59336700,16,474.245400,474.196200,-0.049200
2,23,1.59336700,17,506.854300,506.307600,-0.546700
2,23,1.59336700,18,506.909500,506.307600,-0.601900
2,23,1.59336700,19,522.249800,522.057200,-0.192600
2,23,1.59336700,20,522.279700,522.057200,-0.222500
2,23,1.59336700,21,540.616000,540.479000,-0.137000
2,23,1.59336700,22,540.684000,540.479000,-0.205000
2,23,1.59336700,23,624.687300,623.040800,-1.646500
2,23,1.59336700,24,624.754200,623.040800,-1.713400
2,23,1.59336700,25,661.687100,661.228200,-0.458900
2,23,1.59336700,26,661.847100,661.228200,-0.618900
2,23,1.59336700,27,672.821800,671.999500,-0.822300
2,23,1.59336700,28,672.844600,671.999500,-0.845100
2,23,1.59336700,29,793.165200,792.875200,-0.290000
2,23,1.59336700,30,793.244000,792.875200,-0.368800
2,24,1.61242200,1,207.721000,206.603300,-1.117700
2,24,1.61242200,2,207.763500,206.603300,-1.160200
2,24,1.61242200,3,222.126800,221.399400,-0.727400
2,24,1.61242200,4,222.211700,221.399400,-0.812300
2,24,1.61242200,5,306.835900,306.665900,-0.170000
2,24,1.61242200,6,306.848500,306.665900,-0.182600
2,24,1.61242200,7,372.357600,371.906800,-0.450800
2,24,1.61242200,8,372.370100,371.906800,-0.463300
2,24,1.61242200,9,389.791100,389.710500,-0.080600
2,24,1.61242200,10,389.934500,389.710500,-0.224000
2,24,1.61242200,11,411.159000,410.988400,-0.170600
2,24,1.61242200,12,411.263300,410.988400,-0.274900
2,24,1.61242200,13,456.196700,456.526900,0.330200
2,24,1.61242200,14,456.260700,456.526900,0.266200
2,24,1.61242200,15,477.038100,477.004200,-0.033900
2,24,1.61242200,16,477.041000,477.004200,-0.036800
2,24,1.61242200,17,507.081200,506.534700,-0.546500
2,24,1.61242200,18,507.138200,506.534700,-0.603500
2,24,1.61242200,19,520.601800,520.409400,-0.192400
2,24,1.61242200,20,520.627800,520.409400,-0.218400
2,24,1.61242200,21,535.617100,535.476700,-0.140400
2,24,1.61242200,22,535.687000,535.476700,-0.210300
2,24,1.61242200,23,626.423400,624.660700,-1.762700
2,24,1.61242200,24,626.492300,624.660700,-1.831600
2,24,1.61242200,25,662.232600,661.763200,-0.469400
2,24,1.61242200,26,662.381200,661.763200,-0.618000
2,24,1.61242200,27,671.203500,670.447100,-0.756400
2,24,1.61242200,28,671.224400,670.447100,-0.777300
2,24,1.61242200,29,793.946300,793.666900,-0.279400
2,24,1.61242200,30,794.017300,793.666900,-0.350400
2,25,1.63147800,1,207.433200,206.305300,-1.127900
2,25,1.63147800,2,207.470700,206.305300,-1.165400
2,25,1.63147800,3,219.457000,218.670100,-0.786900
2,25,1.63147800,4,219.533900,218.670100,-0.863800
2,25,1.63147800,5,307.029900,306.862700,-0.167200
2,25,1.63147800,6,307.040400,306.862700,-0.177700
2,25,1.63147800,7,372.504200,372.066900,-0.437300
2,25,1.63147800,8,372.525500,372.066900,-0.458600
2,25,1.63147800,9,391.226100,391.148800,-0.077300
2,25,1.63147800,10,391.368500,391.148800,-0.219700
2,25,1.63147800,11,409.468400,409.313500,-0.154900
2,25,1.63147800,12,409.576600,409.313500,-0.263100
2,25,1.63147800,13,461.407200,461.749500,0.342300
2,25,1.63147800,14,461.463600,461.749500,0.285900
2,25,1.63147800,15,479.615800,479.603300,-0.012500
2,25,1.63147800,16,479.624100,479.603300,-0.020800
2,25,1.63147800,17,507.378100,506.833600,-0.544500
2,25,1.63147800,18,507.438200,506.833600,-0.604600
2,25,1.63147800,19,518.825100,518.624900,-0.200200
2,25,1.63147800,20,518.847900,518.624900,-0.223000
2,25,1.63147800,21,530.700400,530.553500,-0.146900
2,25,1.63147800,22,530.772700,530.553500,-0.219200
2,25,1.63147800,23,627.964300,626.087600,-1.876700
2,25,1.63147800,24,628.034500,626.087600,-1.946900
2,25,1.63147800,25,662.742700,662.265600,-0.477100
2,25,1.63147800,26,662.878000,662.265600,-0.612400
2,25,1.63147800,27,669.746000,669.055700,-0.690300
2,25,1.63147800,28,669.763500,669.055700,-0.707800
2,25,1.63147800,29,794.616500,794.346000,-0.270500
2,25,1.63147800,30,794.679200,794.346000,-0.333200
2,26,1.65053300,1,207.394600,206.265200,-1.129400
2,26,1.65053300,2,207.427500,206.265200,-1.162300
2,26,1.65053300,3,217.023700,216.178400,-0.845300
2,26,1.65053300,4,217.092000,216.178400,-0.913600
2,26,1.65053300,5,307.188300,307.023200,-0.165100
2,26,1.65053300,6,307.197000,307.023200,-0.173800
2,26,1.65053300,7,372.611800,372.186200,-0.425600
2,26,1.65053300,8,372.639800,372.186200,-0.453600
2,26,1.65053300,9,392.784100,392.707200,-0.076900
2,26,1.65053300,10,392.924100,392.707200,-0.216900
2,26,1.65053300,11,407.645500,407.505000,-0.140500
2,26,1.65053300,12,407.756800,407.505000,-0.251800
2,26,1.65053300,13,466.561800,466.915600,0.353800
2,26,1.65053300,14,466.610500,466.915600,0.305100
2,26,1.65053300,15,481.845700,481.866100,0.020400
2,26,1.65053300,16,481.860400,481.866100,0.005700
2,26,1.65053300,17,507.779400,507.236900,-0.542500
2,26,1.65053300,18,507.843400,507.236900,-0.606500
2,26,1.65053300,19,516.956300,516.735300,-0.221000
2,26,1.65053300,20,516.976700,516.735300,-0.241400
2,26,1.65053300,21,525.988000,525.834500,-0.153500
2,26,1.65053300,22,526.063200,525.834500,-0.228700
2,26,1.65053300,23,629.283400,627.299700,-1.983700
2,26,1.65053300,24,629.354300,627.299700,-2.054600
2,26,1.65053300,25,663.217400,662.736000,-0.481400
2,26,1.65053300,26,663.337900,662.736000,-0.601900
2,26,1.65053300,27,668.461600,667.832500,-0.629100
2,26,1.65053300,28,668.473600,667.832500,-0.641100
2,26,1.65053300,29,795.171600,794.908000,-0.263600
2,26,1.65053300,30,795.226000,794.908000,-0.318000
2,27,1.66958800,1,207.618500,206.496600,-1.121900
2,27,1.66958800,2,207.648100,206.496600,-1.151500
2,27,1.66958800,3,214.844800,213.943200,-0.901600
2,27,1.66958800,4,214.904200,213.943200,-0.961000
2,27,1.66958800,5,307.311400,307.147800,-0.163600
2,27,1.66958800,6,307.318700,307.147800,-0.170900
2,27,1.66958800,7,372.688100,372.271900,-0.416200
2,27,1.66958800,8,372.721000,372.271900,-0.449100
2,27,1.66958800,9,394.449900,394.371100,-0.078800
2,27,1.66958800,10,394.586700,394.371100,-0.215600
2,27,1.66958800,11,405.745300,405.617700,-0.127600
2,27,1.66958800,12,405.859500,405.617700,-0.241800
2,27,1.66958800,13,471.509200,471.872300,0.363100
2,27,1.66958800,14,471.550200,471.872300,0.322100
2,27,1.66958800,15,483.542900,483.612900,0.070000
2,27,1.66958800,16,483.563700,483.612900,0.049200
2,27,1.66958800,17,508.332300,507.787500,-0.544800
2,27,1.66958800,18,508.400800,507.787500,-0.613300
2,27,1.66958800,19,515.056500,514.791500,-0.265000
2,27,1.66958800,20,515.075100,514.791500,-0.283600
2,27,1.66958800,21,521.661300,521.510800,-0.150500
2,27,1.66958800,22,521.739400,521.510800,-0.228600
2,27,1.66958800,23,630.352300,628.274600,-2.077700
2,27,1.66958800,24,630.423400,628.274600,-2.148800
2,27,1.66958800,25,663.663700,663.181500,-0.482200
2,27,1.66958800,26,663.767500,663.181500,-0.586000
2,27,1.66958800,27,667.359600,666.781600,-0.578000
2,27,1.66958800,28,667.364500,666.781600,-0.582900
2,27,1.66958800,29,795.608100,795.349200,-0.258900
2,27,1.66958800,30,795.654300,795.349200,-0.305100
2,28,1.68864300,1,208.115200,207.010200,-1.105000
2,28,1.68864300,2,208.143800,207.010200,-1.133600
2,28,1.68864300,3,212.934100,211.979800,-0.954300
2,28,1.68864300,4,212.984800,211.979800,-1.005000
2,28,1.68864300,5,307.398900,307.236400,-0.162500
2,28,1.68864300,6,307.405200,307.236400,-0.168800
2,28,1.68864300,7,372.738600,372.329400,-0.409200
2,28,1.68864300,8,372.774800,372.329400,-0.445400
2,28,1.68864300,9,396.207900,396.125100,-0.082800
2,28,1.68864300,10,396.340700,396.125100,-0.215600
2,28,1.68864300,11,403.807200,403.691100,-0.116100
2,28,1.68864300,12,403.924500,403.691100,-0.233400
2,28,1.68864300,13,476.051200,476.416600,0.365400
2,28,1.68864300,14,476.084900,476.416600,0.331700
2,28,1.68864300,15,484.450800,484.591600,0.140800
2,28,1.68864300,16,484.476100,484.591600,0.115500
2,28,1.68864300,17,509.089200,508.525800,-0.563400
2,28,1.68864300,18,509.161800,508.525800,-0.636000
2,28,1.68864300,19,513.254000,512.906600,-0.347400
2,28,1.68864300,20,513.271000,512.906600,-0.364400
2,28,1.68864300,21,517.968100,517.855500,-0.112600
2,28,1.68864300,22,518.047300,517.855500,-0.191800
2,28,1.68864300,23,631.142500,628.990400,-2.152100
2,28,1.68864300,24,631.213400,628.990400,-2.223000
2,28,1.68864300,25,664.098200,663.617900,-0.480300
2,28,1.68864300,26,664.183900,663.617900,-0.566000
2,28,1.68864300,27,666.435300,665.900000,-0.535300
2,28,1.68864300,28,666.445100,665.900000,-0.545100
2,28,1.68864300,29,795.922500,795.666600,-0.255900
2,28,1.68864300,30,795.961500,795.666600,-0.294900
2,29,1.70769800,1,208.891900,207.813100,-1.078800
2,29,1.70769800,2,208.922600,207.813100,-1.109500
2,29,1.70769800,3,211.301900,210.299500,-1.002400
2,29,1.70769800,4,211.344400,210.299500,-1.044900
2,29,1.70769800,5,307.451400,307.289500,-0.161900
2,29,1.70769800,6,307.457100,307.289500,-0.167600
2,29,1.70769800,7,372.767400,372.362400,-0.405000
2,29,1.70769800,8,372.805500,372.362400,-0.443100
2,29,1.70769800,9,398.040800,397.952500,-0.088300
2,29,1.70769800,10,398.169500,397.952500,-0.217000
2,29,1.70769800,11,401.861700,401.755500,-0.106200
2,29,1.70769800,12,401.982400,401.755500,-0.226900
2,29,1.70769800,13,479.910300,480.260600,0.350300
2,29,1.70769800,14,479.938400,480.260600,0.322200
2,29,1.70769800,15,484.261600,484.488400,0.226800
2,29,1.70769800,16,484.288300,484.488400,0.200100
2,29,1.70769800,17,510.055700,509.437500,-0.618200
2,29,1.70769800,18,510.128700,509.437500,-0.691200
2,29,1.70769800,19,511.820500,511.345200,-0.475300
2,29,1.70769800,20,511.840800,511.345200,-0.495600
2,29,1.70769800,21,515.200000,515.203100,0.003100
2,29,1.70769800,22,515.275600,515.203100,-0.072500
2,29,1.70769800,23,631.628500,629.428500,-2.200000
2,29,1.70769800,24,631.699300,629.428500,-2.270800
2,29,1.70769800,25,664.548700,664.071100,-0.477600
2,29,1.70769800,26,664.615900,664.071100,-0.544800
2,29,1.70769800,27,665.680300,665.173900,-0.506400
2,29,1.70769800,28,665.704000,665.173900,-0.530100
2,29,1.70769800,29,796.112400,795.857900,-0.254500
2,29,1.70769800,30,796.146200,795.857900,-0.288300
2,30,1.72675300,1,209.941800,208.909900,-1.031900
2,30,1.72675300,2,209.947900,208.909900,-1.038000
2,30,1.72675300,3,209.995100,208.909900,-1.085200
2,30,1.72675300,4,210.002900,208.909900,-1.093000
2,30,1.72675300,5,307.469000,307.307300,-0.161700
2,30,1.72675300,6,307.474500,307.307300,-0.167200
2,30,1.72675300,7,372.776900,372.373200,-0.403700
2,30,1.72675300,8,372.815500,372.373200,-0.442300
2,30,1.72675300,9,399.903600,399.835600,-0.068000
2,30,1.72675300,10,399.924700,399.835600,-0.089100
2,30,1.72675300,11,400.069900,399.835600,-0.234300
2,30,1.72675300,12,400.079500,399.835600,-0.243900
2,30,1.72675300,13,482.731200,483.045100,0.313900
2,30,1.72675300,14,482.741000,483.045100,0.304100
2,30,1.72675300,15,482.757300,483.045100,0.287800
2,30,1.72675300,16,482.785900,483.045100,0.259200
2,30,1.72675300,17,510.958400,510.338800,-0.619600
2,30,1.72675300,18,510.981300,510.338800,-0.642500
2,30,1.72675300,19,510.997900,510.338800,-0.659100
2,30,1.72675300,20,511.047900,510.338800,-0.709100
2,30,1.72675300,21,513.970600,514.114300,0.143700
2,30,1.72675300,22,514.039100,514.114300,0.075200
2,30,1.72675300,23,631.792600,629.576100,-2.216500
2,30,1.72675300,24,631.863400,629.576100,-2.287300
2,30,1.72675300,25,664.994900,664.576500,-0.418400
2,30,1.72675300,26,665.070700,664.576500,-0.494200
2,30,1.72675300,27,665.123000,664.576500,-0.546500
2,30,1.72675300,28,665.152500,664.576500,-0.576000
2,30,1.72675300,29,796.176000,795.921800,-0.254200
2,30,1.72675300,30,796.207800,795.921800,-0.286000
2,31,1.74650900,1,204.174300,203.108300,-1.066000
2,31,1.74650900,2,204.210000,203.108300,-1.101700
2,31,1.74650900,3,215.673600,214.651200,-1.022400
2,31,1.74650900,4,215.702800,214.651300,-1.051500
2,31,1.74650900,5,306.169900,306.041900,-0.128000
2,31,1.74650900,6,308.402900,308.186000,-0.216900
2,31,1.74650900,7,366.007000,365.622200,-0.384800
2,31,1.74650900,8,379.792200,379.349600,-0.442600
2,31,1.74650900,9,398.590600,398.489000,-0.101600
2,31,1.74650900,10,398.647300,398.489000,-0.158300
2,31,1.74650900,11,401.232200,401.060000,-0.172200
2,31,1.74650900,12,401.262400,401.060000,-0.202400
2,31,1.74650900,13,481.636000,481.832600,0.196600
2,31,1.74650900,14,481.663100,481.832600,0.169500
2,31,1.74650900,15,483.384200,483.795400,0.411200
2,31,1.74650900,16,483.411700,483.795400,0.383700
2,31,1.74650900,17,510.299900,509.574800,-0.725100
2,31,1.74650900,18,510.341200,509.574800,-0.766400
2,31,1.74650900,19,511.402500,511.526500,0.124000
2,31,1.74650900,20,512.083900,511.534200,-0.549700
2,31,1.74650900,21,512.117600,511.534200,-0.583400
2,31,1.74650900,22,516.718800,516.814800,0.096000
2,31,1.74650900,23,631.103200,628.838300,-2.264900
2,31,1.74650900,24,632.506100,630.278200,-2.227900
2,31,1.74650900,25,661.853200,661.390300,-0.462900
2,31,1.74650900,26,661.950900,661.390300,-0.560600
2,31,1.74650900,27,668.163200,667.714200,-0.449000
2,31,1.74650900,28,668.273700,667.714200,-0.559500
2,31,1.74650900,29,793.916800,793.629700,-0.287100
2,31,1.74650900,30,798.400900,798.148000,-0.252900
2,32,1.76626500,1,198.326500,197.243800,-1.082700
2,32,1.76626500,2,198.365500,197.243900,-1.121600
2,32,1.76626500,3,221.334700,220.339200,-0.995500
2,32,1.76626500,4,221.361000,220.339200,-1.021800
2,32,1.76626500,5,304.670200,304.567500,-0.102700
2,32,1.76626500,6,308.691700,308.400700,-0.291000
2,32,1.76626500,7,359.686700,359.364600,-0.322100
2,32,1.76626500,8,386.833600,386.385300,-0.448300
2,32,1.76626500,9,397.101500,397.033400,-0.068100
2,32,1.76626500,10,397.174500,397.033400,-0.141100
2,32,1.76626500,11,402.350600,402.151400,-0.199200
2,32,1.76626500,12,402.376000,402.151400,-0.224600
2,32,1.76626500,13,480.141400,480.240600,0.099200
2,32,1.76626500,14,480.169000,480.240600,0.071600
2,32,1.76626500,15,483.522500,484.021400,0.498900
2,32,1.76626500,16,483.549600,484.021400,0.471800
2,32,1.76626500,17,508.926500,509.058900,0.132400
2,32,1.76626500,18,510.111900,509.320700,-0.791200
2,32,1.76626500,19,510.160300,509.320700,-0.839600
2,32,1.76626500,20,513.525200,513.060700,-0.464500
2,32,1.76626500,21,513.556000,513.060700,-0.495300
2,32,1.76626500,22,519.537300,519.618400,0.081100
2,32,1.76626500,23,630.331100,628.063200,-2.267900
2,32,1.76626500,24,633.139100,630.947300,-2.191800
2,32,1.76626500,25,658.634500,658.167100,-0.467400
2,32,1.76626500,26,658.725900,658.167100,-0.558800
2,32,1.76626500,27,671.232000,670.793200,-0.438800
2,32,1.76626500,28,671.350100,670.793200,-0.556900
2,32,1.76626500,29,791.575800,791.272100,-0.303700
2,32,1.76626500,30,800.543700,800.308400,-0.235300
2,33,1.78602100,1,192.405300,191.309800,-1.095500
2,33,1.78602100,2,192.447500,191.309800,-1.137700
2,33,1.78602100,3,226.944600,225.979200,-0.965400
2,33,1.78602100,4,226.968500,225.979200,-0.989300
2,33,1.78602100,5,303.080300,302.995700,-0.084600
2,33,1.78602100,6,307.938300,307.548800,-0.389500
2,33,1.78602100,7,354.223300,353.991000,-0.232300
2,33,1.78602100,8,393.819500,393.379400,-0.440100
2,33,1.78602100,9,395.518600,395.484800,-0.033800
2,33,1.78602100,10,395.612200,395.484800,-0.127400
2,33,1.78602100,11,403.323500,403.101700,-0.221800
2,33,1.78602100,12,403.353100,403.101700,-0.251400
2,33,1.78602100,13,478.327100,478.346200,0.019100
2,33,1.78602100,14,478.356300,478.346200,-0.010100
2,33,1.78602100,15,483.157100,483.711700,0.554600
2,33,1.78602100,16,483.183300,483.711700,0.528400
2,33,1.78602100,17,506.577400,506.717400,0.140000
2,33,1.78602100,18,510.424500,509.599200,-0.825300
2,33,1.78602100,19,510.480500,509.599200,-0.881300
2,33,1.78602100,20,515.214600,514.823200,-0.391400
2,33,1.78602100,21,515.244300,514.823200,-0.421100
2,33,1.78602100,22,522.449100,522.513800,0.064700
2,33,1.78602100,23,629.509300,627.250200,-2.259100
2,33,1.78602100,24,633.732900,631.587300,-2.145600
2,33,1.78602100,25,655.389200,654.919100,-0.470100
2,33,1.78602100,26,655.474400,654.919100,-0.555300
2,33,1.78602100,27,674.230900,673.804000,-0.426900
2,33,1.78602100,28,674.357400,673.804000,-0.553400
2,33,1.78602100,29,789.168600,788.849000,-0.319600
2,33,1.78602100,30,802.620300,802.402400,-0.217900
2,34,1.80577800,1,186.405600,185.301100,-1.104500
2,34,1.80577800,2,186.450800,185.301200,-1.149600
2,34,1.80577800,3,232.508400,231.576200,-0.932200
2,34,1.80577800,4,232.530700,231.576200,-0.954500
2,34,1.80577800,5,301.469000,301.397400,-0.071600
2,34,1.80577800,6,305.668300,305.165500,-0.502800
2,34,1.80577800,7,350.079800,349.954900,-0.124900
2,34,1.80577800,8,393.860100,393.860700,0.000600
2,34,1.80577800,9,393.963000,393.860700,-0.102300
2,34,1.80577800,10,400.707400,400.271500,-0.435900
2,34,1.80577800,11,404.146400,403.905300,-0.241100
2,34,1.80577800,12,404.186300,403.905300,-0.281000
2,34,1.80577800,13,476.254100,476.211700,-0.042400
2,34,1.80577800,14,476.286000,476.211700,-0.074300
2,34,1.80577800,15,482.340300,482.915600,0.575300
2,34,1.80577800,16,482.364900,482.915600,0.550700
2,34,1.80577800,17,504.360600,504.506200,0.145600
2,34,1.80577800,18,511.192200,510.366900,-0.825300
2,34,1.80577800,19,511.257000,510.366900,-0.890100
2,34,1.80577800,20,517.074300,516.743900,-0.330400
2,34,1.80577800,21,517.104100,516.743900,-0.360200
2,34,1.80577800,22,525.439600,525.486600,0.047000
2,34,1.80577800,23,628.638200,626.399200,-2.239000
2,34,1.80577800,24,634.292500,632.203000,-2.089500
2,34,1.80577800,25,652.130600,651.659700,-0.470900
2,34,1.80577800,26,652.209600,651.659700,-0.549900
2,34,1.80577800,27,677.151400,676.738100,-0.413300
2,34,1.80577800,28,677.287300,676.738100,-0.549200
2,34,1.80577800,29,786.695400,786.360700,-0.334700
2,34,1.80577800,30,804.630100,804.429700,-0.200400
2,35,1.82553400,1,180.322500,179.212900,-1.109600
2,35,1.82553400,2,180.370400,179.212900,-1.157500
2,35,1.82553400,3,238.030700,237.134600,-0.896100
2,35,1.82553400,4,238.052300,237.134600,-0.917700
2,35,1.82553400,5,299.878500,299.816800,-0.061700
2,35,1.82553400,6,301.544500,300.937700,-0.606800
2,35,1.82553400,7,347.582100,347.557900,-0.024200
2,35,1.82553400,8,392.147100,392.181000,0.033900
2,35,1.82553400,9,392.266300,392.181000,-0.085300
2,35,1.82553400,10,404.816600,404.558400,-0.258200
2,35,1.82553400,11,404.863500,404.558400,-0.305100
2,35,1.82553400,12,407.449900,407.025600,-0.424300
2,35,1.82553400,13,473.971000,473.884200,-0.086800
2,35,1.82553400,14,474.006500,473.884200,-0.122300
2,35,1.82553400,15,481.153300,481.721200,0.567900
2,35,1.82553400,16,481.175800,481.721200,0.545400
2,35,1.82553400,17,502.278800,502.427600,0.148800
2,35,1.82553400,18,512.332600,511.534500,-0.798100
2,35,1.82553400,19,512.407300,511.534500,-0.872800
2,35,1.82553400,20,519.042900,518.762500,-0.280400
2,35,1.82553400,21,519.073600,518.762500,-0.311100
2,35,1.82553400,22,528.493000,528.521100,0.028100
2,35,1.82553400,23,627.718500,625.511100,-2.207400
2,35,1.82553400,24,634.824600,632.800400,-2.024200
2,35,1.82553400,25,648.872800,648.402600,-0.470200
2,35,1.82553400,26,648.945200,648.402600,-0.542600
2,35,1.82553400,27,679.985800,679.588000,-0.397800
2,35,1.82553400,28,680.132300,679.588000,-0.544300
2,35,1.82553400,29,784.155900,783.807100,-0.348800
2,35,1.82553400,30,806.572800,806.389500,-0.183300
2,36,1.84529000,1,174.151200,173.040800,-1.110400
2,36,1.84529000,2,174.201600,173.040800,-1.160800
2,36,1.84529000,3,243.515900,242.658700,-0.857200
2,36,1.84529000,4,243.537800,242.658700,-0.879100
2,36,1.84529000,5,295.587700,294.908700,-0.679000
2,36,1.84529000,6,298.339500,298.283900,-0.055600
2,36,1.84529000,7,346.696600,346.745500,0.048900
2,36,1.84529000,8,390.401600,390.467400,0.065800
2,36,1.84529000,9,390.535500,390.467400,-0.068100
2,36,1.84529000,10,405.334000,405.059500,-0.274500
2,36,1.84529000,11,405.393000,405.059500,-0.333500
2,36,1.84529000,12,414.025000,413.621500,-0.403500
2,36,1.84529000,13,471.517300,471.400400,-0.116900
2,36,1.84529000,14,471.556900,471.400400,-0.156500
2,36,1.84529000,15,479.679300,480.221300,0.542000
2,36,1.84529000,16,479.699800,480.221300,0.521500
2,36,1.84529000,17,500.333600,500.483300,0.149700
2,36,1.84529000,18,513.753700,513.000800,-0.752900
2,36,1.84529000,19,513.839300,513.000800,-0.838500
2,36,1.84529000,20,521.074300,520.835100,-0.239200
2,36,1.84529000,21,521.106600,520.835100,-0.271500
2,36,1.84529000,22,531.590600,531.599000,0.008400
2,36,1.84529000,23,626.752300,624.587700,-2.164600
2,36,1.84529000,24,635.337200,633.387100,-1.950100
2,36,1.84529000,25,645.630800,645.162900,-0.467900
2,36,1.84529000,26,645.696100,645.162900,-0.533200
2,36,1.84529000,27,682.727800,682.347000,-0.380800
2,36,1.84529000,28,682.886100,682.347000,-0.539100
2,36,1.84529000,29,781.550600,781.188700,-0.361900
2,36,1.84529000,30,808.447500,808.281200,-0.166300
2,37,1.86504600,1,167.887900,166.780900,-1.107000
2,37,1.86504600,2,167.940400,166.780900,-1.159500
2,37,1.86504600,3,248.967800,248.152100,-0.815700
2,37,1.86504600,4,248.991000,248.152100,-0.838900
2,37,1.86504600,5,288.120600,287.400300,-0.720300
2,37,1.86504600,6,296.867200,296.817600,-0.049600
2,37,1.86504600,7,347.092000,347.184500,0.092500
2,37,1.86504600,8,388.646900,388.742600,0.095700
2,37,1.86504600,9,388.794200,388.742600,-0.051600
2,37,1.86504600,10,405.698200,405.408500,-0.289700
2,37,1.86504600,11,405.767300,405.408500,-0.358800
2,37,1.86504600,12,420.430300,420.048400,-0.381900
2,37,1.86504600,13,468.925700,468.790300,-0.135400
2,37,1.86504600,14,468.969400,468.790300,-0.179100
2,37,1.86504600,15,477.986000,478.492400,0.506400
2,37,1.86504600,16,478.005000,478.492400,0.487400
2,37,1.86504600,17,498.525300,498.673100,0.147800
2,37,1.86504600,18,515.372000,514.674500,-0.697500
2,37,1.86504600,19,515.469700,514.674500,-0.795200
2,37,1.86504600,20,523.134000,522.928800,-0.205200
2,37,1.86504600,21,523.168200,522.928800,-0.239400
2,37,1.86504600,22,534.711900,534.699700,-0.012200
2,37,1.86504600,23,625.742300,623.631400,-2.110900
2,37,1.86504600,24,635.840000,633.971900,-1.868100
2,37,1.86504600,25,642.420000,641.955900,-0.464100
2,37,1.86504600,26,642.477900,641.955900,-0.522000
2,37,1.86504600,27,685.371800,685.009400,-0.362400
2,37,1.86504600,28,685.543100,685.009400,-0.533700
2,37,1.86504600,29,778.879600,778.506100,-0.373500
2,37,1.86504600,30,810.253700,810.103800,-0.149900
2,38,1.88480200,1,161.529000,160.429600,-1.099400
2,38,1.88480200,2,161.583200,160.429600,-1.153600
2,38,1.88480200,3,254.389300,253.617400,-0.771900
2,38,1.88480200,4,254.414500,253.617400,-0.797100
2,38,1.88480200,5,279.516400,278.778500,-0.737900
2,38,1.88480200,6,295.474500,295.429500,-0.045000
2,38,1.88480200,7,348.382300,348.497500,0.115200
2,38,1.88480200,8,386.907300,387.030100,0.122800
2,38,1.88480200,9,387.066200,387.030100,-0.036100
2,38,1.88480200,10,405.910200,405.606800,-0.303400
2,38,1.88480200,11,405.988400,405.606800,-0.381600
2,38,1.88480200,12,426.660500,426.301400,-0.359100
2,38,1.88480200,13,466.225000,466.080100,-0.144900
2,38,1.88480200,14,466.272400,466.080100,-0.192300
2,38,1.88480200,15,476.121600,476.588300,0.466700
2,38,1.88480200,16,476.140000,476.588300,0.448300
2,38,1.88480200,17,496.853100,496.996300,0.143200
2,38,1.88480200,18,517.118200,516.481100,-0.637100
2,38,1.88480200,19,517.228800,516.481100,-0.747700
2,38,1.88480200,20,525.196100,525.019200,-0.176900
2,38,1.88480200,21,525.232600,525.019200,-0.213400
2,38,1.88480200,22,537.834000,537.800600,-0.033400
2,38,1.88480200,23,624.692000,622.645300,-2.046700
2,38,1.88480200,24,636.343800,634.565200,-1.778600
2,38,1.88480200,25,639.256700,638.797700,-0.459000
2,38,1.88480200,26,639.306700,638.797700,-0.509000
2,38,1.88480200,27,687.912800,687.570100,-0.342700
2,38,1.88480200,28,688.098500,687.570100,-0.528400
2,38,1.88480200,29,776.143700,775.760000,-0.383700
2,38,1.88480200,30,811.990300,811.856500,-0.133800
2,39,1.90455800,1,155.071600,153.984300,-1.087300
2,39,1.90455800,2,155.127200,153.984300,-1.142900
2,39,1.90455800,3,259.782500,259.056400,-0.726100
2,39,1.90455800,4,259.809900,259.056400,-0.753500
2,39,1.90455800,5,270.068300,269.327200,-0.741100
2,39,1.90455800,6,294.167500,294.126500,-0.041000
2,39,1.90455800,7,350.264100,350.389800,0.125700
2,39,1.90455800,8,385.207400,385.354000,0.146600
2,39,1.90455800,9,385.376100,385.354000,-0.022100
2,39,1.90455800,10,405.971900,405.656300,-0.315600
2,39,1.90455800,11,406.058100,405.656300,-0.401800
2,39,1.90455800,12,432.715100,432.379600,-0.335500
2,39,1.90455800,13,463.441200,463.293700,-0.147500
2,39,1.90455800,14,463.491800,463.293700,-0.198100
2,39,1.90455800,15,474.116300,474.543100,0.426800
2,39,1.90455800,16,474.135500,474.543100,0.407600
2,39,1.90455800,17,495.315400,495.451000,0.135600
2,39,1.90455800,18,518.937000,518.362300,-0.574700
2,39,1.90455800,19,519.061000,518.362300,-0.698700
2,39,1.90455800,20,527.241300,527.088200,-0.153100
2,39,1.90455800,21,527.280200,527.088200,-0.192000
2,39,1.90455800,22,540.932000,540.877000,-0.055000
2,39,1.90455800,23,623.605800,621.633300,-1.972500
2,39,1.90455800,24,636.156400,635.178700,-0.977700
2,39,1.90455800,25,636.198000,635.704400,-0.493600
2,39,1.90455800,26,636.863100,635.704400,-1.158700
2,39,1.90455800,27,690.347000,690.025000,-0.322000
2,39,1.90455800,28,690.548200,690.025100,-0.523100
2,39,1.90455800,29,773.344100,772.951900,-0.392200
2,39,1.90455800,30,813.656400,813.538200,-0.118200
2,40,1.92431400,1,148.513400,147.442600,-1.070800
2,40,1.92431400,2,148.570000,147.442600,-1.127400
2,40,1.92431400,3,259.968800,259.237500,-0.731300
2,40,1.92431400,4,265.148700,264.469800,-0.678900
2,40,1.92431400,5,265.181400,264.469800,-0.711600
2,40,1.92431400,6,292.949400,292.912000,-0.037400
2,40,1.92431400,7,352.530100,352.659500,0.129400
2,40,1.92431400,8,383.571800,383.738000,0.166200
2,40,1.92431400,9,383.748000,383.738000,-0.010000
2,40,1.92431400,10,405.885300,405.559400,-0.325900
2,40,1.92431400,11,405.978400,405.559400,-0.419000
2,40,1.92431400,12,438.595700,438.283600,-0.312100
2,40,1.92431400,13,460.599100,460.454300,-0.144800
2,40,1.92431400,14,460.652000,460.454300,-0.197700
2,40,1.92431400,15,471.987800,472.376000,0.388200
2,40,1.92431400,16,472.009100,472.376000,0.366900
2,40,1.92431400,17,493.909400,494.034500,0.125100
2,40,1.92431400,18,520.783500,520.271600,-0.511900
2,40,1.92431400,19,520.921400,520.271600,-0.649800
2,40,1.92431400,20,529.255300,529.122200,-0.133100
2,40,1.92431400,21,529.296500,529.122200,-0.174300
2,40,1.92431400,22,543.979200,543.902500,-0.076700
2,40,1.92431400,23,622.488700,620.599700,-1.889000
2,40,1.92431400,24,633.137400,632.692600,-0.444800
2,40,1.92431400,25,633.170200,632.692600,-0.477600
2,40,1.92431400,26,637.408400,635.825800,-1.582600
2,40,1.92431400,27,692.671100,692.370700,-0.300400
2,40,1.92431400,28,692.888800,692.370700,-0.518100
2,40,1.92431400,29,770.482500,770.083600,-0.398900
2,40,1.92431400,30,815.251000,815.147900,-0.103100
2,41,1.94407000,1,141.852900,140.802900,-1.050000
2,41,1.94407000,2,141.910000,140.802900,-1.107100
2,41,1.94407000,3,249.353600,248.633900,-0.719700
2,41,1.94407000,4,270.487000,269.857000,-0.630000
2,41,1.94407000,5,270.521500,269.857100,-0.664400
2,41,1.94407000,6,291.820200,291.786200,-0.034000
2,41,1.94407000,7,355.042300,355.171400,0.129100
2,41,1.94407000,8,382.024100,382.205100,0.181000
2,41,1.94407000,9,382.205700,382.205100,-0.000600
2,41,1.94407000,10,405.652800,405.318800,-0.334000
2,41,1.94407000,11,405.751600,405.318800,-0.432800
2,41,1.94407000,12,444.304600,444.015500,-0.289100
2,41,1.94407000,13,457.722500,457.584700,-0.137800
2,41,1.94407000,14,457.776900,457.584700,-0.192200
2,41,1.94407000,15,469.744700,470.096600,0.351900
2,41,1.94407000,16,469.769400,470.096600,0.327200
2,41,1.94407000,17,492.631900,492.743300,0.111400
2,41,1.94407000,18,522.621400,522.171600,-0.449800
2,41,1.94407000,19,522.773100,522.171600,-0.601500
2,41,1.94407000,20,531.227100,531.111100,-0.116000
2,41,1.94407000,21,531.270800,531.111100,-0.159700
2,41,1.94407000,22,546.947100,546.849000,-0.098100
2,41,1.94407000,23,621.346600,619.549700,-1.796900
2,41,1.94407000,24,630.214600,629.778200,-0.436400
2,41,1.94407000,25,630.238200,629.778200,-0.460000
2,41,1.94407000,26,637.998500,636.521200,-1.477300
2,41,1.94407000,27,694.882500,694.604200,-0.278300
2,41,1.94407000,28,695.117700,694.604200,-0.513500
2,41,1.94407000,29,767.561400,767.157500,-0.403900
2,41,1.94407000,30,816.773000,816.684300,-0.088700
2,42,1.96382600,1,135.089100,134.064400,-1.024700
2,42,1.96382600,2,135.146300,134.064400,-1.081900
2,42,1.96382600,3,238.301400,237.599300,-0.702100
2,42,1.96382600,4,275.796300,275.216300,-0.580000
2,42,1.96382600,5,275.833500,275.216300,-0.617200
2,42,1.96382600,6,290.779800,290.749200,-0.030600
2,42,1.96382600,7,357.706100,357.832800,0.126700
2,42,1.96382600,8,380.587700,380.777700,0.190000
2,42,1.96382600,9,380.772100,380.777700,0.005600
2,42,1.96382600,10,405.276300,404.937100,-0.339200
2,42,1.96382600,11,405.379900,404.937100,-0.442800
2,42,1.96382600,12,449.843200,449.576700,-0.266500
2,42,1.96382600,13,454.835200,454.707700,-0.127500
2,42,1.96382600,14,454.891000,454.707700,-0.183300
2,42,1.96382600,15,467.390600,467.708600,0.318000
2,42,1.96382600,16,467.419600,467.708600,0.289000
2,42,1.96382600,17,491.478600,491.573400,0.094800
2,42,1.96382600,18,524.420200,524.031500,-0.388700
2,42,1.96382600,19,524.585400,524.031500,-0.553900
2,42,1.96382600,20,533.148800,533.047100,-0.101700
2,42,1.96382600,21,533.194700,533.047100,-0.147600
2,42,1.96382600,22,549.807000,549.688100,-0.118900
2,42,1.96382600,23,620.185800,618.488700,-1.697100
2,42,1.96382600,24,627.404100,626.977100,-0.427000
2,42,1.96382600,25,627.418100,626.977100,-0.441000
2,42,1.96382600,26,638.649500,637.280400,-1.369100
2,42,1.96382600,27,696.979200,696.723500,-0.255700
2,42,1.96382600,28,697.232600,696.723500,-0.509100
2,42,1.96382600,29,764.584100,764.177300,-0.406800
2,42,1.96382600,30,818.221300,818.146500,-0.074800
2,43,1.98358200,1,128.221800,127.226700,-0.995100
2,43,1.98358200,2,128.278800,127.226700,-1.052100
2,43,1.98358200,3,226.871900,226.191200,-0.680700
2,43,1.98358200,4,281.073400,280.544300,-0.529100
2,43,1.98358200,5,281.113300,280.544400,-0.568900
2,43,1.98358200,6,289.825200,289.798100,-0.027100
2,43,1.98358200,7,360.453900,360.576500,0.122600
2,43,1.98358200,8,379.283300,379.475700,0.192400
2,43,1.98358200,9,379.467900,379.475700,0.007800
2,43,1.98358200,10,404.758000,404.416900,-0.341100
2,43,1.98358200,11,404.865400,404.416900,-0.448500
2,43,1.98358200,12,451.960900,451.846600,-0.114300
2,43,1.98358200,13,452.011100,451.846600,-0.164500
2,43,1.98358200,14,455.219800,454.968200,-0.251600
2,43,1.98358200,15,464.926000,465.212200,0.286200
2,43,1.98358200,16,464.960100,465.212200,0.252100
2,43,1.98358200,17,490.445000,490.520000,0.075000
2,43,1.98358200,18,526.154400,525.825200,-0.329200
2,43,1.98358200,19,526.332500,525.825200,-0.507300
2,43,1.98358200,20,535.014000,534.924200,-0.089800
2,43,1.98358200,21,535.062000,534.924200,-0.137800
2,43,1.98358200,22,552.528900,552.390500,-0.138400
2,43,1.98358200,23,619.013400,617.423000,-1.590400
2,43,1.98358200,24,624.721100,624.304200,-0.416900
2,43,1.98358200,25,624.725200,624.304200,-0.421000
2,43,1.98358200,26,639.378900,638.119700,-1.259200
2,43,1.98358200,27,698.959800,698.726700,-0.233100
2,43,1.98358200,28,699.232100,698.726700,-0.505400
2,43,1.98358200,29,761.554900,761.147200,-0.407700
2,43,1.98358200,30,819.594900,819.533400,-0.061500
2,44,2.00333800,1,121.251500,120.290200,-0.961300
2,44,2.00333800,2,121.307800,120.290200,-1.017600
2,44,2.00333800,3,215.107600,214.451600,-0.656000
2,44,2.00333800,4,286.313400,285.836300,-0.477100
2,44,2.00333800,5,286.356100,285.836300,-0.519800
2,44,2.00333800,6,288.953400,288.929700,-0.023700
2,44,2.00333800,7,363.234200,363.351800,0.117600
2,44,2.00333800,8,378.129100,378.316500,0.187400
2,44,2.00333800,9,378.311200,378.316500,0.005300
2,44,2.00333800,10,404.100100,403.761500,-0.338600
2,44,2.00333800,11,404.210400,403.761500,-0.448900
2,44,2.00333800,12,449.124700,449.025800,-0.098900
2,44,2.00333800,13,449.175400,449.025800,-0.149600
2,44,2.00333800,14,460.415600,460.189500,-0.226100
2,44,2.00333800,15,462.351500,462.606400,0.254900
2,44,2.00333800,16,462.393500,462.606400,0.212900
2,44,2.00333800,17,489.525500,489.577800,0.052300
2,44,2.00333800,18,527.802700,527.531100,-0.271600
2,44,2.00333800,19,527.992800,527.531100,-0.461700
2,44,2.00333800,20,536.817400,536.737400,-0.080000
2,44,2.00333800,21,536.867300,536.737400,-0.129900
2,44,2.00333800,22,555.083700,554.927600,-0.156100
2,44,2.00333800,23,617.837100,616.359100,-1.478000
2,44,2.00333800,24,622.173100,621.773000,-0.400100
2,44,2.00333800,25,622.179400,621.773000,-0.406400
2,44,2.00333800,26,640.204200,639.055000,-1.149200
2,44,2.00333800,27,700.823400,700.612900,-0.210500
2,44,2.00333800,28,701.114800,700.612900,-0.501900
2,44,2.00333800,29,758.479700,758.073000,-0.406700
2,44,2.00333800,30,820.892900,820.844000,-0.048900
2,45,2.02309400,1,114.179300,113.255800,-0.923500
2,45,2.02309400,2,114.234400,113.255800,-0.978600
2,45,2.02309400,3,203.041600,202.413200,-0.628400
2,45,2.02309400,4,288.159000,288.140300,-0.018700
2,45,2.02309400,5,291.511500,291.085700,-0.425800
2,45,2.02309400,6,291.556100,291.085800,-0.470300
2,45,2.02309400,7,366.006200,366.118000,0.111800
2,45,2.02309400,8,377.139400,377.313600,0.174200
2,45,2.02309400,9,377.316200,377.313600,-0.002600
2,45,2.02309400,10,403.306100,402.975300,-0.330800
2,45,2.02309400,11,403.418600,402.975300,-0.443300
2,45,2.02309400,12,446.351800,446.270000,-0.081800
2,45,2.02309400,13,446.400500,446.270000,-0.130500
2,45,2.02309400,14,459.659600,459.890200,0.230600
2,45,2.02309400,15,459.703300,459.890200,0.186900
2,45,2.02309400,16,465.460300,465.238300,-0.222000
2,45,2.02309400,17,488.714300,488.741200,0.026900
2,45,2.02309400,18,529.347900,529.131700,-0.216200
2,45,2.02309400,19,529.548800,529.131700,-0.417100
2,45,2.02309400,20,538.554200,538.481900,-0.072300
2,45,2.02309400,21,538.605700,538.481900,-0.123800
2,45,2.02309400,22,557.443800,557.272700,-0.171100
2,45,2.02309400,23,616.664800,615.304000,-1.360800
2,45,2.02309400,24,619.774300,619.395700,-0.378600
2,45,2.02309400,25,619.791400,619.395700,-0.395700
2,45,2.02309400,26,641.141500,640.100900,-1.040600
2,45,2.02309400,27,702.569400,702.381100,-0.188300
2,45,2.02309400,28,702.880200,702.381100,-0.499100
2,45,2.02309400,29,755.365400,754.961900,-0.403500
2,45,2.02309400,30,822.114200,822.077300,-0.036900
2,46,2.04285000,1,107.006800,106.125200,-0.881600
2,46,2.04285000,2,107.060400,106.125200,-0.935200
2,46,2.04285000,3,190.700800,190.102500,-0.598300
2,46,2.04285000,4,287.440400,287.425600,-0.014800
2,46,2.04285000,5,296.657900,296.284600,-0.373300
2,46,2.04285000,6,296.704900,296.284600,-0.420300
2,46,2.04285000,7,368.735800,368.841200,0.105400
2,46,2.04285000,8,376.323000,376.474900,0.151900
2,46,2.04285000,9,376.492000,376.474900,-0.017100
2,46,2.04285000,10,402.382100,402.065700,-0.316400
2,46,2.04285000,11,402.496200,402.065700,-0.430500
2,46,2.04285000,12,443.668400,443.604800,-0.063600
2,46,2.04285000,13,443.714500,443.604800,-0.109700
2,46,2.04285000,14,456.859600,457.063300,0.203700
2,46,2.04285000,15,456.909400,457.063400,0.154000
2,46,2.04285000,16,470.319100,470.110000,-0.209100
2,46,2.04285000,17,488.005100,488.003900,-0.001200
2,46,2.04285000,18,530.776900,530.613300,-0.163600
2,46,2.04285000,19,530.987200,530.613400,-0.373800
2,46,2.04285000,20,540.219400,540.153200,-0.066200
2,46,2.04285000,21,540.272300,540.153200,-0.119100
2,46,2.04285000,22,559.584400,559.401700,-0.182700
2,46,2.04285000,23,615.505100,614.265100,-1.240000
2,46,2.04285000,24,617.539000,617.182500,-0.356500
2,46,2.04285000,25,617.567600,617.182500,-0.385100
2,46,2.04285000,26,642.205000,641.269800,-0.935200
2,46,2.04285000,27,704.197800,704.031200,-0.166600
2,46,2.04285000,28,704.527900,704.031200,-0.496700
2,46,2.04285000,29,752.221300,751.822800,-0.398500
2,46,2.04285000,30,823.258300,823.232700,-0.025600
2,47,2.06260600,1,99.736200,98.900200,-0.836000
2,47,2.06260600,2,99.787900,98.900200,-0.887700
2,47,2.06260600,3,178.108400,177.542700,-0.565700
2,47,2.06260600,4,286.791900,286.781400,-0.010500
2,47,2.06260600,5,301.744200,301.423000,-0.321200
2,47,2.06260600,6,301.793200,301.423000,-0.370200
2,47,2.06260600,7,371.393600,371.492200,0.098600
2,47,2.06260600,8,375.680700,375.800800,0.120100
2,47,2.06260600,9,375.839300,375.800800,-0.038500
2,47,2.06260600,10,401.339500,401.045400,-0.294100
2,47,2.06260600,11,401.454800,401.045400,-0.409400
2,47,2.06260600,12,441.100700,441.055800,-0.044900
2,47,2.06260600,13,441.143900,441.055800,-0.088100
2,47,2.06260600,14,453.948700,454.127200,0.178500
2,47,2.06260600,15,454.004200,454.127200,0.123000
2,47,2.06260600,16,474.998200,474.797500,-0.200700
2,47,2.06260600,17,487.390800,487.359500,-0.031300
2,47,2.06260600,18,532.080300,531.966300,-0.114000
2,47,2.06260600,19,532.298600,531.966300,-0.332300
2,47,2.06260600,20,541.807500,541.746000,-0.061500
2,47,2.06260600,21,541.861800,541.746000,-0.115800
2,47,2.06260600,22,561.484600,561.294700,-0.189900
2,47,2.06260600,23,614.365700,613.250000,-1.115700
2,47,2.06260600,24,615.475300,615.141200,-0.334100
2,47,2.06260600,25,615.517000,615.141200,-0.375800
2,47,2.06260600,26,643.404400,642.570000,-0.834400
2,47,2.06260600,27,705.708700,705.563000,-0.145700
2,47,2.06260600,28,706.057900,705.563100,-0.494800
2,47,2.06260600,29,749.058300,748.666900,-0.391400
2,47,2.06260600,30,824.324200,824.309300,-0.014900
2,48,2.08236200,1,92.370300,91.583400,-0.786900
2,48,2.08236200,2,92.419600,91.583400,-0.836200
2,48,2.08236200,3,165.285200,164.754300,-0.530900
2,48,2.08236200,4,286.209600,286.203600,-0.006000
2,48,2.08236200,5,306.759700,306.489900,-0.269800
2,48,2.08236200,6,306.810800,306.489900,-0.320900
2,48,2.08236200,7,373.953600,374.045300,0.091700
2,48,2.08236200,8,375.202500,375.280800,0.078300
2,48,2.08236200,9,375.348500,375.280800,-0.067700
2,48,2.08236200,10,400.199400,399.937000,-0.262400
2,48,2.08236200,11,400.315800,399.937000,-0.378800
2,48,2.08236200,12,438.673600,438.647200,-0.026400
2,48,2.08236200,13,438.714100,438.647200,-0.066900
2,48,2.08236200,14,450.931600,451.086000,0.154400
2,48,2.08236200,15,450.992800,451.086000,0.093200
2,48,2.08236200,16,479.486900,479.290800,-0.196100
2,48,2.08236200,17,486.864600,486.801300,-0.063300
2,48,2.08236200,18,533.253300,533.185500,-0.067800
2,48,2.08236200,19,533.478200,533.185500,-0.292700
2,48,2.08236200,20,543.312600,543.254700,-0.057900
2,48,2.08236200,21,543.368400,543.254700,-0.113700
2,48,2.08236200,22,563.130300,562.938200,-0.192100
2,48,2.08236200,23,613.247600,612.266700,-0.980900
2,48,2.08236200,24,613.589200,613.277300,-0.311900
2,48,2.08236200,25,613.653700,613.277300,-0.376400
2,48,2.08236200,26,644.744500,644.004400,-0.740100
2,48,2.08236200,27,707.102500,706.977000,-0.125500
2,48,2.08236200,28,707.470400,706.977000,-0.493400
2,48,2.08236200,29,745.890600,745.507900,-0.382700
2,48,2.08236200,30,825.311700,825.306700,-0.005000
2,49,2.10211800,1,84.911800,84.177300,-0.734500
2,49,2.10211800,2,84.958500,84.177300,-0.781200
2,49,2.10211800,3,152.250600,151.756500,-0.494100
2,49,2.10211800,4,285.689300,285.688000,-0.001300
2,49,2.10211800,5,311.692100,311.472600,-0.219500
2,49,2.10211800,6,311.745600,311.472600,-0.273000
2,49,2.10211800,7,374.861400,374.888200,0.026800
2,49,2.10211800,8,374.992700,374.888200,-0.104500
2,49,2.10211800,9,376.393400,376.477500,0.084100
2,49,2.10211800,10,398.997800,398.777500,-0.220300
2,49,2.10211800,11,399.115600,398.777500,-0.338100
2,49,2.10211800,12,436.409600,436.401000,-0.008600
2,49,2.10211800,13,436.448200,436.401000,-0.047200
2,49,2.10211800,14,447.815200,447.946100,0.130900
2,49,2.10211800,15,447.881800,447.946100,0.064300
2,49,2.10211800,16,483.772100,483.576900,-0.195200
2,49,2.10211800,17,486.418900,486.322400,-0.096500
2,49,2.10211800,18,534.294400,534.269000,-0.025400
2,49,2.10211800,19,534.524400,534.269000,-0.255400
2,49,2.10211800,20,544.728300,544.673000,-0.055300
2,49,2.10211800,21,544.785500,544.673000,-0.112500
2,49,2.10211800,22,564.513300,564.324800,-0.188500
2,49,2.10211800,23,611.879600,611.323300,-0.556300
2,49,2.10211800,24,611.914400,611.593400,-0.321000
2,49,2.10211800,25,612.229900,611.593400,-0.636500
2,49,2.10211800,26,646.222700,645.569100,-0.653600
2,49,2.10211800,27,708.380000,708.273400,-0.106600
2,49,2.10211800,28,708.765800,708.273400,-0.492400
2,49,2.10211800,29,742.735000,742.362700,-0.372300
2,49,2.10211800,30,826.220200,826.224500,0.004300
2,50,2.12187400,1,77.363600,76.684600,-0.679000
2,50,2.12187400,2,77.407300,76.684600,-0.722700
2,50,2.12187400,3,139.022800,138.567500,-0.455300
2,50,2.12187400,4,285.227300,285.230700,0.003400
2,50,2.12187400,5,316.528700,316.357400,-0.171300
2,50,2.12187400,6,316.584700,316.357400,-0.227300
2,50,2.12187400,7,374.607500,374.574600,-0.032900
2,50,2.12187400,8,374.723600,374.574600,-0.149000
2,50,2.12187400,9,378.690900,378.768000,0.077100
2,50,2.12187400,10,397.793600,397.626000,-0.167600
2,50,2.12187400,11,397.913400,397.626000,-0.287400
2,50,2.12187400,12,434.326700,434.334800,0.008100
2,50,2.12187400,13,434.364400,434.334800,-0.029600
2,50,2.12187400,14,444.610200,444.718000,0.107800
2,50,2.12187400,15,444.682100,444.718000,0.035900
2,50,2.12187400,16,486.046000,485.915600,-0.130400
2,50,2.12187400,17,487.837300,487.639200,-0.198100
2,50,2.12187400,18,535.205600,535.218500,0.012900
2,50,2.12187400,19,535.439300,535.218500,-0.220800
2,50,2.12187400,20,546.047600,545.994200,-0.053400
2,50,2.12187400,21,546.106500,545.994200,-0.112300
2,50,2.12187400,22,565.634200,565.455100,-0.179100
2,50,2.12187400,23,610.354400,610.089500,-0.264900
2,50,2.12187400,24,610.413400,610.089500,-0.323900
2,50,2.12187400,25,611.200700,610.427700,-0.773000
2,50,2.12187400,26,647.828100,647.252300,-0.575800
2,50,2.12187400,27,709.541900,709.453100,-0.088800
2,50,2.12187400,28,709.944800,709.453100,-0.491700
2,50,2.12187400,29,739.612500,739.252000,-0.360500
2,50,2.12187400,30,827.049600,827.062400,0.012800
2,51,2.14163000,1,69.728100,69.107500,-0.620600
2,51,2.14163000,2,69.768500,69.107500,-0.661000
2,51,2.14163000,3,125.619700,125.204900,-0.414800
2,51,2.14163000,4,284.820100,284.828000,0.007900
2,51,2.14163000,5,321.256100,321.130000,-0.126100
2,51,2.14163000,6,321.315200,321.130000,-0.185200
2,51,2.14163000,7,374.360000,374.262800,-0.097200
2,51,2.14163000,8,374.461500,374.262800,-0.198700
2,51,2.14163000,9,380.827800,380.897800,0.070000
2,51,2.14163000,10,396.676400,396.569800,-0.106600
2,51,2.14163000,11,396.798500,396.569800,-0.228700
2,51,2.14163000,12,432.436300,432.460500,0.024200
2,51,2.14163000,13,432.474400,432.460500,-0.013900
2,51,2.14163000,14,441.332600,441.417300,0.084700
2,51,2.14163000,15,441.409700,441.417300,0.007600
2,51,2.14163000,16,485.738400,485.574000,-0.164400
2,51,2.14163000,17,491.662100,491.457600,-0.204500
2,51,2.14163000,18,535.991600,536.038900,0.047300
2,51,2.14163000,19,536.228000,536.038900,-0.189100
2,51,2.14163000,20,547.263700,547.211600,-0.052100
2,51,2.14163000,21,547.324500,547.211700,-0.112800
2,51,2.14163000,22,566.501700,566.337900,-0.163800
2,51,2.14163000,23,609.005700,608.763000,-0.242700
2,51,2.14163000,24,609.078100,608.763000,-0.315100
2,51,2.14163000,25,610.244900,609.588000,-0.656900
2,51,2.14163000,26,649.540400,649.032600,-0.507800
2,51,2.14163000,27,710.589000,710.516800,-0.072200
2,51,2.14163000,28,711.008000,710.516800,-0.491200
2,51,2.14163000,29,736.548900,736.201200,-0.347700
2,51,2.14163000,30,827.799500,827.820100,0.020600
2,52,2.16138600,1,62.006900,61.446900,-0.560000
2,52,2.16138600,2,62.043600,61.447000,-0.596600
2,52,2.16138600,3,112.058800,111.686100,-0.372700
2,52,2.16138600,4,284.464200,284.476600,0.012400
2,52,2.16138600,5,325.861200,325.776000,-0.085200
2,52,2.16138600,6,325.924200,325.776000,-0.148200
2,52,2.16138600,7,374.003500,373.844400,-0.159100
2,52,2.16138600,8,374.092900,373.844400,-0.248500
2,52,2.16138600,9,382.786900,382.850100,0.063200
2,52,2.16138600,10,395.769400,395.726600,-0.042800
2,52,2.16138600,11,395.893900,395.726600,-0.167300
2,52,2.16138600,12,430.740400,430.781100,0.040700
2,52,2.16138600,13,430.780400,430.781100,0.000700
2,52,2.16138600,14,438.006600,438.067300,0.060700
2,52,2.16138600,15,438.089200,438.067300,-0.021900
2,52,2.16138600,16,485.488200,485.290600,-0.197600
2,52,2.16138600,17,495.222400,495.008300,-0.214100
2,52,2.16138600,18,536.659500,536.736900,0.077400
2,52,2.16138600,19,536.897600,536.736900,-0.160700
2,52,2.16138600,20,548.370100,548.318900,-0.051200
2,52,2.16138600,21,548.433000,548.318900,-0.114100
2,52,2.16138600,22,567.133300,566.990100,-0.143200
2,52,2.16138600,23,607.829900,607.608800,-0.221100
2,52,2.16138600,24,607.913900,607.608800,-0.305100
2,52,2.16138600,25,609.360800,608.811800,-0.549000
2,52,2.16138600,26,651.328800,650.879400,-0.449400
2,52,2.16138600,27,711.522500,711.465200,-0.057300
2,52,2.16138600,28,711.956300,711.465200,-0.491100
2,52,2.16138600,29,733.575600,733.241700,-0.333900
2,52,2.16138600,30,828.470000,828.497600,0.027600
2,53,2.18114200,1,54.199100,53.702000,-0.497100
2,53,2.18114200,2,54.232000,53.702000,-0.530000
2,53,2.18114200,3,98.357900,98.028600,-0.329300
2,53,2.18114200,4,284.156900,284.173500,0.016600
2,53,2.18114200,5,330.331900,330.281800,-0.050100
2,53,2.18114200,6,330.399600,330.281800,-0.117800
2,53,2.18114200,7,373.398600,373.190400,-0.208200
2,53,2.18114200,8,373.479500,373.190400,-0.289100
2,53,2.18114200,9,384.552900,384.609800,0.056900
2,53,2.18114200,10,395.217800,395.231500,0.013700
2,53,2.18114200,11,395.343300,395.231500,-0.111800
2,53,2.18114200,12,429.224200,429.285300,0.061100
2,53,2.18114200,13,429.267700,429.285300,0.017600
2,53,2.18114200,14,434.673700,434.706900,0.033200
2,53,2.18114200,15,434.762500,434.706900,-0.055600
2,53,2.18114200,16,485.288200,485.058800,-0.229400
2,53,2.18114200,17,498.490100,498.263400,-0.226700
2,53,2.18114200,18,537.217900,537.321400,0.103500
2,53,2.18114200,19,537.456800,537.321400,-0.135400
2,53,2.18114200,20,549.360500,549.309800,-0.050700
2,53,2.18114200,21,549.425700,549.309800,-0.115900
2,53,2.18114200,22,567.554400,567.436200,-0.118200
2,53,2.18114200,23,606.820600,606.620100,-0.200500
2,53,2.18114200,24,606.915200,606.620100,-0.295100
2,53,2.18114200,25,608.556300,608.106800,-0.449500
2,53,2.18114200,26,653.152100,652.751300,-0.400800
2,53,2.18114200,27,712.343200,712.299500,-0.043700
2,53,2.18114200,28,712.790400,712.299500,-0.490900
2,53,2.18114200,29,730.731200,730.411400,-0.319800
2,53,2.18114200,30,829.061100,829.095000,0.033900
2,54,2.20089900,1,46.299000,45.866500,-0.432500
2,54,2.20089900,2,46.327800,45.866500,-0.461300
2,54,2.20089900,3,84.533400,84.248800,-0.284600
2,54,2.20089900,4,283.895600,283.916100,0.020500
2,54,2.20089900,5,334.657000,334.634300,-0.022700
2,54,2.20089900,6,334.730300,334.634300,-0.096000
2,54,2.20089900,7,372.415900,372.181700,-0.234200
2,54,2.20089900,8,372.491100,372.181700,-0.309400
2,54,2.20089900,9,386.111600,386.162500,0.050900
2,54,2.20089900,10,395.150700,395.202700,0.052000
2,54,2.20089900,11,395.274500,395.202700,-0.071800
2,54,2.20089900,12,427.822600,427.918000,0.095400
2,54,2.20089900,13,427.872500,427.918000,0.045500
2,54,2.20089900,14,431.427800,431.422200,-0.005600
2,54,2.20089900,15,431.524800,431.422200,-0.102600
2,54,2.20089900,16,485.131300,484.872200,-0.259100
2,54,2.20089900,17,501.433100,501.191700,-0.241400
2,54,2.20089900,18,537.676000,537.801700,0.125700
2,54,2.20089900,19,537.915300,537.801700,-0.113600
2,54,2.20089900,20,550.229600,550.179100,-0.050500
2,54,2.20089900,21,550.297200,550.179100,-0.118100
2,54,2.20089900,22,567.797700,567.707300,-0.090400
2,54,2.20089900,23,605.969900,605.788600,-0.181300
2,54,2.20089900,24,606.074300,605.788600,-0.285700
2,54,2.20089900,25,607.839700,607.479900,-0.359800
2,54,2.20089900,26,654.958200,654.596700,-0.361500
2,54,2.20089900,27,713.052200,713.020300,-0.031900
2,54,2.20089900,28,713.511200,713.020300,-0.490900
2,54,2.20089900,29,728.062400,727.756600,-0.305800
2,54,2.20089900,30,829.572800,829.612300,0.039500
2,55,2.22065500,1,38.291000,37.924200,-0.366800
2,55,2.22065500,2,38.315600,37.924200,-0.391400
2,55,2.22065500,3,70.602800,70.364000,-0.238800
2,55,2.22065500,4,283.678200,283.702100,0.023900
2,55,2.22065500,5,338.826000,338.821300,-0.004700
2,55,2.22065500,6,338.906200,338.821300,-0.084900
2,55,2.22065500,7,370.982200,370.749500,-0.232700
2,55,2.22065500,8,371.051900,370.749500,-0.302400
2,55,2.22065500,9,387.451100,387.496900,0.045800
2,55,2.22065500,10,395.629300,395.695900,0.066600
2,55,2.22065500,11,395.749000,395.695900,-0.053100
2,55,2.22065500,12,426.239700,426.391400,0.151700
2,55,2.22065500,13,426.300800,426.391400,0.090600
2,55,2.22065500,14,428.606700,428.542000,-0.064700
2,55,2.22065500,15,428.708000,428.542000,-0.166000
2,55,2.22065500,16,485.010800,484.725100,-0.285700
2,55,2.22065500,17,504.016100,503.758800,-0.257300
2,55,2.22065500,18,538.043600,538.187600,0.144000
2,55,2.22065500,19,538.282700,538.187600,-0.095100
2,55,2.22065500,20,550.972600,550.922200,-0.050400
2,55,2.22065500,21,551.042500,550.922200,-0.120300
2,55,2.22065500,22,567.900900,567.839500,-0.061400
2,55,2.22065500,23,605.269300,605.105300,-0.164000
2,55,2.22065500,24,605.382500,605.105300,-0.277200
2,55,2.22065500,25,607.218600,606.937500,-0.281100
2,55,2.22065500,26,656.684200,656.353300,-0.330900
2,55,2.22065500,27,713.650400,713.628600,-0.021800
2,55,2.22065500,28,714.119300,713.628600,-0.490700
2,55,2.22065500,29,725.624800,725.332400,-0.292400
2,55,2.22065500,30,830.005400,830.049600,0.044200
2,56,2.24041100,1,30.134700,29.833900,-0.300800
2,56,2.24041100,2,30.154900,29.833900,-0.321000
2,56,2.24041100,3,56.583100,56.391000,-0.192100
2,56,2.24041100,4,283.502700,283.529500,0.026800
2,56,2.24041100,5,342.827300,342.829500,0.002200
2,56,2.24041100,6,342.916300,342.829500,-0.086800
2,56,2.24041100,7,369.101000,368.894800,-0.206200
2,56,2.24041100,8,369.164100,368.894800,-0.269300
2,56,2.24041100,9,388.561200,388.602600,0.041400
2,56,2.24041100,10,396.615800,396.676700,0.060900
2,56,2.24041100,11,396.731100,396.676700,-0.054400
2,56,2.24041100,12,423.828900,423.960000,0.131100
2,56,2.24041100,13,423.898100,423.960000,0.061900
2,56,2.24041100,14,426.931600,426.872400,-0.059200
2,56,2.24041100,15,427.009500,426.872400,-0.137100
2,56,2.24041100,16,484.920900,484.612200,-0.308700
2,56,2.24041100,17,506.201600,505.928200,-0.273400
2,56,2.24041100,18,538.329800,538.488500,0.158700
2,56,2.24041100,19,538.568600,538.488500,-0.080100
2,56,2.24041100,20,551.585600,551.535200,-0.050400
2,56,2.24041100,21,551.657700,551.535200,-0.122500
2,56,2.24041100,22,567.905500,567.872200,-0.033300
2,56,2.24041100,23,604.710400,604.561200,-0.149200
2,56,2.24041100,24,604.831100,604.561200,-0.269900
2,56,2.24041100,25,606.700200,606.485500,-0.214700
2,56,2.24041100,26,658.257800,657.949900,-0.307900
2,56,2.24041100,27,714.138600,714.125100,-0.013500
2,56,2.24041100,28,714.615300,714.125100,-0.490200
2,56,2.24041100,29,723.482900,723.202500,-0.280400
2,56,2.24041100,30,830.359100,830.407100,0.048000
2,57,2.26016700,1,21.716200,21.479500,-0.236700
2,57,2.26016700,2,21.732100,21.479500,-0.252600
2,57,2.26016700,3,42.490900,42.346100,-0.144800
2,57,2.26016700,4,283.367800,283.396900,0.029100
2,57,2.26016700,5,346.642200,346.638200,-0.004000
2,57,2.26016700,6,346.743200,346.638200,-0.105000
2,57,2.26016700,7,366.838000,366.676500,-0.161500
2,57,2.26016700,8,366.892500,366.676500,-0.216000
2,57,2.26016700,9,389.433500,389.471400,0.037900
2,57,2.26016700,10,397.975100,398.018300,0.043200
2,57,2.26016700,11,398.089300,398.018300,-0.071000
2,57,2.26016700,12,421.007000,421.108300,0.101300
2,57,2.26016700,13,421.088100,421.108300,0.020200
2,57,2.26016700,14,426.061000,426.028300,-0.032700
2,57,2.26016700,15,426.126400,426.028300,-0.098100
2,57,2.26016700,16,484.856500,484.529300,-0.327200
2,57,2.26016700,17,507.951800,507.663800,-0.288000
2,57,2.26016700,18,538.543000,538.712800,0.169800
2,57,2.26016700,19,538.781300,538.712800,-0.068500
2,57,2.26016700,20,552.065600,552.015000,-0.050600
2,57,2.26016700,21,552.139500,552.015000,-0.124500
2,57,2.26016700,22,567.853200,567.844900,-0.008300
2,57,2.26016700,23,604.285100,604.148100,-0.137000
2,57,2.26016700,24,604.412000,604.148100,-0.263900
2,57,2.26016700,25,606.290300,606.128600,-0.161700
2,57,2.26016700,26,659.600400,659.308800,-0.291600
2,57,2.26016700,27,714.517500,714.510600,-0.006900
2,57,2.26016700,28,714.999900,714.510600,-0.489300
2,57,2.26016700,29,721.708000,721.437400,-0.270600
2,57,2.26016700,30,830.633900,830.684900,0.051000
2,58,2.27992300,1,12.589000,12.405900,-0.183100
2,58,2.27992300,2,12.601300,12.405900,-0.195400
2,58,2.27992300,3,28.340700,28.243800,-0.096900
2,58,2.27992300,4,283.272100,283.303000,0.030900
2,58,2.27992300,5,350.223700,350.198100,-0.025600
2,58,2.27992300,6,350.344400,350.198100,-0.146300
2,58,2.27992300,7,364.302800,364.200500,-0.102300
2,58,2.27992300,8,364.347800,364.200500,-0.147300
2,58,2.27992300,9,390.061400,390.096600,0.035200
2,58,2.27992300,10,399.472500,399.495300,0.022800
2,58,2.27992300,11,399.592000,399.495300,-0.096700
2,58,2.27992300,12,418.418100,418.514300,0.096200
2,58,2.27992300,13,418.512200,418.514300,0.002100
2,58,2.27992300,14,425.529500,425.509400,-0.020100
2,58,2.27992300,15,425.591500,425.509400,-0.082100
2,58,2.27992300,16,484.813600,484.472700,-0.340900
2,58,2.27992300,17,509.231800,508.931900,-0.299900
2,58,2.27992300,18,538.690000,538.867700,0.177700
2,58,2.27992300,19,538.927900,538.867700,-0.060200
2,58,2.27992300,20,552.410000,552.359300,-0.050700
2,58,2.27992300,21,552.485400,552.359300,-0.126100
2,58,2.27992300,22,567.783000,567.794400,0.011400
2,58,2.27992300,23,603.986600,603.858500,-0.128100
2,58,2.27992300,24,604.118000,603.858500,-0.259500
2,58,2.27992300,25,605.994000,605.870700,-0.123300
2,58,2.27992300,26,660.632900,660.351900,-0.281000
2,58,2.27992300,27,714.787700,714.785500,-0.002200
2,58,2.27992300,28,715.273400,714.785500,-0.487900
2,58,2.27992300,29,720.372600,720.109000,-0.263600
2,58,2.27992300,30,830.830000,830.883200,0.053200
2,59,2.29967900,1,-5.469300,-5.574800,-0.105500
2,59,2.29967900,2,-5.462300,-5.574800,-0.112500
2,59,2.29967900,3,14.134900,14.086100,-0.048800
2,59,2.29967900,4,283.215000,283.247000,0.032000
2,59,2.29967900,5,353.394300,353.326200,-0.068100
2,59,2.29967900,6,353.556400,353.326200,-0.230200
2,59,2.29967900,7,361.713200,361.700700,-0.012500
2,59,2.29967900,8,361.767600,361.700700,-0.066900
2,59,2.29967900,9,390.440000,390.473700,0.033700
2,59,2.29967900,10,400.733800,400.740100,0.006300
2,59,2.29967900,11,400.864000,400.740100,-0.123900
2,59,2.29967900,12,416.498100,416.602800,0.104700
2,59,2.29967900,13,416.606300,416.602800,-0.003500
2,59,2.29967900,14,425.228700,425.214100,-0.014600
2,59,2.29967900,15,425.289900,425.214100,-0.075800
2,59,2.29967900,16,484.789100,484.439800,-0.349300
2,59,2.29967900,17,510.012700,509.705000,-0.307700
2,59,2.29967900,18,538.776000,538.958400,0.182400
2,59,2.29967900,19,539.013600,538.958400,-0.055200
2,59,2.29967900,20,552.617400,552.566500,-0.050900
2,59,2.29967900,21,552.693600,552.566500,-0.127100
2,59,2.29967900,22,567.726700,567.750800,0.024100
2,59,2.29967900,23,603.809700,603.687100,-0.122600
2,59,2.29967900,24,603.943900,603.687100,-0.256800
2,59,2.29967900,25,605.814700,605.714900,-0.099800
2,59,2.29967900,26,661.285300,661.010300,-0.275000
2,59,2.29967900,27,714.949600,714.950300,0.000700
2,59,2.29967900,28,715.436700,714.950300,-0.486400
2,59,2.29967900,29,719.541300,719.281400,-0.259900
2,59,2.29967900,30,830.947600,831.002100,0.054500
2,60,2.31943500,1,-9.636200,-9.637200,-0.001000
2,60,2.31943500,2,-9.635800,-9.637200,-0.001400
2,60,2.31943500,3,-1.335900,-1.337100,-0.001200
2,60,2.31943500,4,283.195100,283.227400,0.032300
2,60,2.31943500,5,355.099900,354.983300,-0.116600
2,60,2.31943500,6,355.326800,354.983300,-0.343500
2,60,2.31943500,7,360.146300,360.249300,0.103000
2,60,2.31943500,8,360.254500,360.249300,-0.005200
2,60,2.31943500,9,390.566500,390.599700,0.033200
2,60,2.31943500,10,401.251200,401.251000,-0.000200
2,60,2.31943500,11,401.387900,401.251000,-0.136900
2,60,2.31943500,12,415.759800,415.871200,0.111400
2,60,2.31943500,13,415.875400,415.871200,-0.004200
2,60,2.31943500,14,425.130600,425.117500,-0.013100
2,60,2.31943500,15,425.191600,425.117600,-0.074000
2,60,2.31943500,16,484.781100,484.429000,-0.352100
2,60,2.31943500,17,510.275200,509.964800,-0.310400
2,60,2.31943500,18,538.804400,538.988300,0.183900
2,60,2.31943500,19,539.041900,538.988300,-0.053600
2,60,2.31943500,20,552.686500,552.635600,-0.050900
2,60,2.31943500,21,552.763000,552.635600,-0.127400
2,60,2.31943500,22,567.705300,567.733800,0.028500
2,60,2.31943500,23,603.751200,603.630400,-0.120800
2,60,2.31943500,24,603.886300,603.630400,-0.255900
2,60,2.31943500,25,605.754700,605.662700,-0.092000
2,60,2.31943500,26,661.508700,661.235500,-0.273200
2,60,2.31943500,27,715.003500,715.005200,0.001700
2,60,2.31943500,28,715.490900,715.005200,-0.485700
2,60,2.31943500,29,719.258600,718.999900,-0.258700
2,60,2.31943500,30,830.986800,831.041700,0.054900
2,61,2.34575000,1,4.428200,4.396000,-0.032200
2,61,2.34575000,2,9.301100,9.217800,-0.083300
2,61,2.34575000,3,15.027000,14.991700,-0.035300
2,61,2.34575000,4,283.027500,283.059600,0.032100
2,61,2.34575000,5,354.862900,354.716800,-0.146100
2,61,2.34575000,6,355.254000,354.938200,-0.315800
2,61,2.34575000,7,359.920800,360.022700,0.101900
2,61,2.34575000,8,362.282300,362.275900,-0.006400
2,61,2.34575000,9,368.523500,368.304900,-0.218600
2,61,2.34575000,10,391.089700,391.121300,0.031600
2,61,2.34575000,11,401.293600,401.179800,-0.113800
2,61,2.34575000,12,401.840700,401.796800,-0.043900
2,61,2.34575000,13,416.278400,416.392800,0.114400
2,61,2.34575000,14,425.099600,425.027100,-0.072500
2,61,2.34575000,15,425.279300,425.263700,-0.015600
2,61,2.34575000,16,456.265600,456.320200,0.054600
2,61,2.34575000,17,509.982400,509.676900,-0.305500
2,61,2.34575000,18,538.891700,539.017500,0.125800
2,61,2.34575000,19,552.243200,552.127000,-0.116200
2,61,2.34575000,20,552.303000,552.200400,-0.102600
2,61,2.34575000,21,554.297000,554.271300,-0.025700
2,61,2.34575000,22,567.478300,567.508300,0.030000
2,61,2.34575000,23,595.616800,595.466500,-0.150300
2,61,2.34575000,24,603.979400,603.744300,-0.235100
2,61,2.34575000,25,607.503300,607.438900,-0.064400
2,61,2.34575000,26,661.538500,661.276100,-0.262400
2,61,2.34575000,27,715.040800,715.012500,-0.028300
2,61,2.34575000,28,715.540800,715.066400,-0.474400
2,61,2.34575000,29,719.235600,718.973400,-0.262200
2,61,2.34575000,30,861.933800,861.881100,-0.052700
2,62,2.37206400,1,17.028500,16.953700,-0.074800
2,62,2.37206400,2,20.445700,20.332000,-0.113700
2,62,2.37206400,3,34.348900,34.287800,-0.061100
2,62,2.37206400,4,282.527000,282.558600,0.031600
2,62,2.37206400,5,354.093900,353.934900,-0.159000
2,62,2.37206400,6,355.002600,354.704800,-0.297800
2,62,2.37206400,7,359.248600,359.347400,0.098800
2,62,2.37206400,8,359.816400,359.817600,0.001200
2,62,2.37206400,9,368.353500,368.137600,-0.215900
2,62,2.37206400,10,392.225800,392.256400,0.030600
2,62,2.37206400,11,401.208800,401.055900,-0.152900
2,62,2.37206400,12,403.575300,403.514300,-0.061000
2,62,2.37206400,13,417.705100,417.835800,0.130700
2,62,2.37206400,14,424.836600,424.765900,-0.070700
2,62,2.37206400,15,425.738500,425.719100,-0.019400
2,62,2.37206400,16,456.559100,456.611600,0.052500
2,62,2.37206400,17,509.131000,508.838600,-0.292400
2,62,2.37206400,18,539.001600,539.085900,0.084300
2,62,2.37206400,19,551.023000,550.920500,-0.102500
2,62,2.37206400,20,551.613400,551.445200,-0.168200
2,62,2.37206400,21,555.401600,555.428900,0.027300
2,62,2.37206400,22,566.795800,566.828100,0.032300
2,62,2.37206400,23,592.066800,591.870200,-0.196600
2,62,2.37206400,24,604.310400,604.085300,-0.225100
2,62,2.37206400,25,610.878300,610.857400,-0.020900
2,62,2.37206400,26,661.623100,661.392200,-0.230900
2,62,2.37206400,27,715.136300,715.033100,-0.103200
2,62,2.37206400,28,715.709900,715.255100,-0.454800
2,62,2.37206400,29,719.168600,718.896300,-0.272300
2,62,2.37206400,30,861.582400,861.530200,-0.052200
2,63,2.39837900,1,26.193300,26.050800,-0.142500
2,63,2.39837900,2,31.959800,31.826600,-0.133200
2,63,2.39837900,3,52.588300,52.498000,-0.090300
2,63,2.39837900,4,281.700800,281.731300,0.030500
2,63,2.39837900,5,352.820100,352.673100,-0.147000
2,63,2.39837900,6,353.769100,353.561100,-0.208000
2,63,2.39837900,7,357.261900,357.187400,-0.074500
2,63,2.39837900,8,358.177400,358.256700,0.079300
2,63,2.39837900,9,368.068300,367.856500,-0.211800
2,63,2.39837900,10,393.266200,393.298300,0.032100
2,63,2.39837900,11,401.248400,401.048600,-0.199800
2,63,2.39837900,12,406.515500,406.422900,-0.092600
2,63,2.39837900,13,419.772000,419.917000,0.145000
2,63,2.39837900,14,424.443100,424.380600,-0.062500
2,63,2.39837900,15,426.560400,426.534400,-0.026000
2,63,2.39837900,16,457.060100,457.109200,0.049100
2,63,2.39837900,17,507.792900,507.518400,-0.274500
2,63,2.39837900,18,539.121500,539.144500,0.023000
2,63,2.39837900,19,548.987100,548.868900,-0.118200
2,63,2.39837900,20,551.045100,550.844900,-0.200200
2,63,2.39837900,21,556.728000,556.802400,0.074400
2,63,2.39837900,22,565.649900,565.684900,0.035000
2,63,2.39837900,23,588.077500,587.836700,-0.240800
2,63,2.39837900,24,604.860100,604.651100,-0.209000
2,63,2.39837900,25,614.525900,614.546300,0.020400
2,63,2.39837900,26,661.747700,661.567300,-0.180400
2,63,2.39837900,27,715.254500,715.062800,-0.191700
2,63,2.39837900,28,716.042200,715.586000,-0.456200
2,63,2.39837900,29,719.064000,718.775000,-0.289000
2,63,2.39837900,30,860.997200,860.945800,-0.051400
2,64,2.42469400,1,35.117600,34.919500,-0.198100
2,64,2.42469400,2,43.208400,43.045700,-0.162700
2,64,2.42469400,3,70.542700,70.421800,-0.120900
2,64,2.42469400,4,280.563600,280.592300,0.028700
2,64,2.42469400,5,350.238200,350.172500,-0.065700
2,64,2.42469400,6,351.072300,350.955000,-0.117300
2,64,2.42469400,7,356.381900,356.182700,-0.199200
2,64,2.42469400,8,356.809900,356.840500,0.030600
2,64,2.42469400,9,367.662900,367.455600,-0.207300
2,64,2.42469400,10,393.914400,393.948800,0.034400
2,64,2.42469400,11,401.515100,401.264100,-0.251000
2,64,2.42469400,12,410.346600,410.214900,-0.131700
2,64,2.42469400,13,422.013100,422.116600,0.103500
2,64,2.42469400,14,424.175300,424.177200,0.001900
2,64,2.42469400,15,427.831400,427.797400,-0.034000
2,64,2.42469400,16,457.788900,457.832600,0.043700
2,64,2.42469400,17,506.065600,505.809900,-0.255700
2,64,2.42469400,18,539.183700,539.134000,-0.049700
2,64,2.42469400,19,546.292200,546.154600,-0.137600
2,64,2.42469400,20,550.553100,550.331600,-0.221500
2,64,2.42469400,21,558.244400,558.355100,0.110700
2,64,2.42469400,22,564.032000,564.068600,0.036600
2,64,2.42469400,23,583.937900,583.657500,-0.280400
2,64,2.42469400,24,605.625000,605.438100,-0.186900
2,64,2.42469400,25,618.094100,618.151500,0.057400
2,64,2.42469400,26,661.888300,661.774300,-0.114000
2,64,2.42469400,27,715.372100,715.093900,-0.278200
2,64,2.42469400,28,716.572200,716.081900,-0.490300
2,64,2.42469400,29,718.933700,718.621600,-0.312100
2,64,2.42469400,30,860.178700,860.128300,-0.050400
2,65,2.45100900,1,43.969500,43.722100,-0.247400
2,65,2.45100900,2,54.279300,54.085000,-0.194300
2,65,2.45100900,3,88.332300,88.179600,-0.152700
2,65,2.45100900,4,279.135800,279.161700,0.025900
2,65,2.45100900,5,345.660200,345.638400,-0.021800
2,65,2.45100900,6,348.845500,348.785000,-0.060500
2,65,2.45100900,7,355.265300,355.236700,-0.028600
2,65,2.45100900,8,356.222100,355.973100,-0.249000
2,65,2.45100900,9,367.131600,366.926400,-0.205200
2,65,2.45100900,10,394.180700,394.217100,0.036400
2,65,2.45100900,11,402.005200,401.702100,-0.303100
2,65,2.45100900,12,414.574400,414.396200,-0.178200
2,65,2.45100900,13,422.591500,422.546800,-0.044700
2,65,2.45100900,14,425.737500,425.909300,0.171800
2,65,2.45100900,15,429.684900,429.643900,-0.041000
2,65,2.45100900,16,458.777500,458.813000,0.035500
2,65,2.45100900,17,504.052300,503.814100,-0.238200
2,65,2.45100900,18,539.128900,539.002800,-0.126100
2,65,2.45100900,19,543.067400,542.908100,-0.159300
2,65,2.45100900,20,550.125000,549.892200,-0.232800
2,65,2.45100900,21,559.920600,560.053500,0.132900
2,65,2.45100900,22,561.935600,561.970500,0.034900
2,65,2.45100900,23,579.718300,579.405000,-0.313300
2,65,2.45100900,24,606.600600,606.441300,-0.159300
2,65,2.45100900,25,621.444300,621.534000,0.089700
2,65,2.45100900,26,662.012100,661.976400,-0.035700
2,65,2.45100900,27,715.479400,715.115100,-0.364300
2,65,2.45100900,28,717.321000,716.772000,-0.549000
2,65,2.45100900,29,718.796500,718.454100,-0.342400
2,65,2.45100900,30,859.127900,859.078500,-0.049400
2,66,2.47732300,1,52.775600,52.483800,-0.291800
2,66,2.47732300,2,65.208000,64.982000,-0.226000
2,66,2.47732300,3,105.980800,105.794900,-0.185900
2,66,2.47732300,4,277.444700,277.466500,0.021800
2,66,2.47732300,5,340.739100,340.736200,-0.002900
2,66,2.47732300,6,346.169200,346.170800,0.001600
2,66,2.47732300,7,353.692100,353.583700,-0.108400
2,66,2.47732300,8,356.192600,355.929000,-0.263600
2,66,2.47732300,9,366.471000,366.263800,-0.207200
2,66,2.47732300,10,394.122000,394.159900,0.037900
2,66,2.47732300,11,402.628800,402.273200,-0.355600
2,66,2.47732300,12,418.696600,418.463700,-0.232900
2,66,2.47732300,13,421.997000,421.946000,-0.051000
2,66,2.47732300,14,428.588000,428.786100,0.198100
2,66,2.47732300,15,432.310300,432.265900,-0.044400
2,66,2.47732300,16,460.071200,460.094100,0.022900
2,66,2.47732300,17,501.850900,501.627600,-0.223300
2,66,2.47732300,18,538.906600,538.715600,-0.191000
2,66,2.47732300,19,539.458000,539.267800,-0.190200
2,66,2.47732300,20,549.746700,549.510900,-0.235800
2,66,2.47732300,21,559.357800,559.385900,0.028100
2,66,2.47732300,22,561.714800,561.854300,0.139500
2,66,2.47732300,23,575.437700,575.100100,-0.337600
2,66,2.47732300,24,607.780800,607.654200,-0.126600
2,66,2.47732300,25,624.498100,624.615000,0.116900
2,66,2.47732300,26,662.079500,662.128600,0.049100
2,66,2.47732300,27,715.562800,715.110600,-0.452200
2,66,2.47732300,28,718.299600,717.687700,-0.611900
2,66,2.47732300,29,718.687700,718.296500,-0.391200
2,66,2.47732300,30,857.845900,857.797500,-0.048400
2,67,2.50363800,1,61.541000,61.210000,-0.331000
2,67,2.50363800,2,76.003100,75.746000,-0.257100
2,67,2.50363800,3,123.484700,123.263900,-0.220800
2,67,2.50363800,4,275.524300,275.540800,0.016500
2,67,2.50363800,5,335.663800,335.670600,0.006800
2,67,2.50363800,6,343.092900,343.148900,0.056000
2,67,2.50363800,7,352.155800,351.975600,-0.180200
2,67,2.50363800,8,356.202200,355.930700,-0.271500
2,67,2.50363800,9,365.682100,365.466800,-0.215300
2,67,2.50363800,10,393.778800,393.817300,0.038500
2,67,2.50363800,11,403.232800,402.825600,-0.407200
2,67,2.50363800,12,421.337300,421.297700,-0.039600
2,67,2.50363800,13,422.271800,421.979700,-0.292100
2,67,2.50363800,14,431.643000,431.846700,0.203700
2,67,2.50363800,15,435.889000,435.843400,-0.045600
2,67,2.50363800,16,461.727700,461.731100,0.003400
2,67,2.50363800,17,499.547900,499.337000,-0.210900
2,67,2.50363800,18,535.562600,535.369200,-0.193400
2,67,2.50363800,19,538.529500,538.253900,-0.275600
2,67,2.50363800,20,549.404600,549.171300,-0.233300
2,67,2.50363800,21,556.304000,556.317800,0.013800
2,67,2.50363800,22,563.575300,563.706500,0.131200
2,67,2.50363800,23,571.104400,570.752900,-0.351500
2,67,2.50363800,24,609.157300,609.067200,-0.090100
2,67,2.50363800,25,627.207400,627.346700,0.139300
2,67,2.50363800,26,662.046200,662.181100,0.134900
2,67,2.50363800,27,715.602600,715.062700,-0.539900
2,67,2.50363800,28,718.591000,718.177100,-0.413900
2,67,2.50363800,29,719.575800,718.858300,-0.717500
2,67,2.50363800,30,856.334300,856.286600,-0.047700
2,68,2.52995300,1,70.263800,69.900000,-0.363800
2,68,2.52995300,2,86.662100,86.375300,-0.286800
2,68,2.52995300,3,140.825200,140.567700,-0.257500
2,68,2.52995300,4,273.415600,273.425100,0.009500
2,68,2.52995300,5,330.513900,330.525800,0.011900
2,68,2.52995300,6,339.684100,339.779800,0.095700
2,68,2.52995300,7,350.692600,350.456200,-0.236400
2,68,2.52995300,8,356.225000,355.949900,-0.275100
2,68,2.52995300,9,364.769700,364.539400,-0.230300
2,68,2.52995300,10,393.184500,393.221700,0.037200
2,68,2.52995300,11,403.621800,403.168300,-0.453500
2,68,2.52995300,12,420.849600,420.821800,-0.027800
2,68,2.52995300,13,425.065900,424.717400,-0.348500
2,68,2.52995300,14,434.754900,434.956400,0.201500
2,68,2.52995300,15,440.411200,440.362800,-0.048400
2,68,2.52995300,16,463.810200,463.784000,-0.026200
2,68,2.52995300,17,497.217200,497.016600,-0.200600
2,68,2.52995300,18,531.545600,531.338400,-0.207200
2,68,2.52995300,19,537.949000,537.612400,-0.336600
2,68,2.52995300,20,549.085000,548.856800,-0.228200
2,68,2.52995300,21,552.793000,552.784200,-0.008800
2,68,2.52995300,22,565.448000,565.558300,0.110300
2,68,2.52995300,23,566.726800,566.372300,-0.354500
2,68,2.52995300,24,610.717900,610.666600,-0.051300
2,68,2.52995300,25,629.547500,629.704300,0.156800
2,68,2.52995300,26,661.867300,662.083400,0.216100
2,68,2.52995300,27,715.580100,714.957600,-0.622500
2,68,2.52995300,28,718.600600,718.122700,-0.477900
2,68,2.52995300,29,721.099800,720.305000,-0.794800
2,68,2.52995300,30,854.594800,854.547400,-0.047400
2,69,2.55626800,1,78.943000,78.550100,-0.392900
2,69,2.55626800,2,97.178300,96.863200,-0.315100
2,69,2.55626800,3,157.977100,157.680800,-0.296300
2,69,2.55626800,4,271.165100,271.166100,0.001000
2,69,2.55626800,5,325.335300,325.349500,0.014200
2,69,2.55626800,6,336.007000,336.127200,0.120200
2,69,2.55626800,7,349.313800,349.038400,-0.275400
2,69,2.55626800,8,356.258700,355.983000,-0.275700
2,69,2.55626800,9,363.742300,363.488100,-0.254200
2,69,2.55626800,10,392.373300,392.406300,0.033000
2,69,2.55626800,11,403.596800,403.109900,-0.486900
2,69,2.55626800,12,420.706100,420.680900,-0.025200
2,69,2.55626800,13,427.087400,426.688000,-0.399400
2,69,2.55626800,14,437.873300,438.066100,0.192800
2,69,2.55626800,15,445.626900,445.575000,-0.051900
2,69,2.55626800,16,466.375000,466.305800,-0.069200
2,69,2.55626800,17,494.920000,494.728400,-0.191600
2,69,2.55626800,18,527.500600,527.288000,-0.212600
2,69,2.55626800,19,537.182300,536.792900,-0.389400
2,69,2.55626800,20,548.771800,548.552200,-0.219600
2,69,2.55626800,21,548.872500,548.829500,-0.043000
2,69,2.55626800,22,562.311600,561.964300,-0.347300
2,69,2.55626800,23,567.282700,567.361600,0.078900
2,69,2.55626800,24,612.444100,612.432100,-0.012000
2,69,2.55626800,25,631.513800,631.683800,0.170000
2,69,2.55626800,26,661.502700,661.790500,0.287800
2,69,2.55626800,27,715.489800,714.793600,-0.696200
2,69,2.55626800,28,718.704400,718.150400,-0.554000
2,69,2.55626800,29,722.905300,722.036700,-0.868600
2,69,2.55626800,30,852.629700,852.581900,-0.047800
2,70,2.58258200,1,87.573500,87.158300,-0.415200
2,70,2.58258200,2,107.543200,107.201500,-0.341700
2,70,2.58258200,3,174.905100,174.568100,-0.337000
2,70,2.58258200,4,268.824400,268.815300,-0.009100
2,70,2.58258200,5,320.161800,320.176400,0.014600
2,70,2.58258200,6,332.111800,332.243400,0.131600
2,70,2.58258200,7,348.018300,347.720500,-0.297800
2,70,2.58258200,8,356.313100,356.040200,-0.272900
2,70,2.58258200,9,362.609800,362.322400,-0.287400
2,70,2.58258200,10,391.382200,391.407300,0.025100
2,70,2.58258200,11,403.026600,402.526000,-0.500600
2,70,2.58258200,12,421.016700,420.977700,-0.039000
2,70,2.58258200,13,428.414000,427.968100,-0.445900
2,70,2.58258200,14,440.968600,441.146700,0.178100
2,70,2.58258200,15,451.220900,451.168300,-0.052600
2,70,2.58258200,16,469.454200,469.327300,-0.126900
2,70,2.58258200,17,492.706300,492.523300,-0.183000
2,70,2.58258200,18,523.522000,523.313700,-0.208300
2,70,2.58258200,19,536.233200,535.800200,-0.433000
2,70,2.58258200,20,544.612200,544.536700,-0.075500
2,70,2.58258200,21,548.464100,548.244500,-0.219600
2,70,2.58258200,22,557.861900,557.528300,-0.333600
2,70,2.58258200,23,569.036600,569.078000,0.041400
2,70,2.58258200,24,614.309300,614.334500,0.025200
2,70,2.58258200,25,633.118300,633.297700,0.179400
2,70,2.58258200,26,660.921100,661.268000,0.346900
2,70,2.58258200,27,715.345600,714.584200,-0.761400
2,70,2.58258200,28,718.905400,718.264000,-0.641400
2,70,2.58258200,29,724.978900,724.046700,-0.932200
2,70,2.58258200,30,850.441800,850.392600,-0.049200
2,71,2.60889700,1,96.150300,95.718700,-0.431600
2,71,2.60889700,2,117.747600,117.381300,-0.366300
2,71,2.60889700,3,191.561400,191.181600,-0.379800
2,71,2.60889700,4,266.448200,266.427700,-0.020500
2,71,2.60889700,5,315.025700,315.039400,0.013700
2,71,2.60889700,6,328.036800,328.169200,0.132400
2,71,2.60889700,7,346.797100,346.492100,-0.305000
2,71,2.60889700,8,356.408700,356.141800,-0.266900
2,71,2.60889700,9,361.384900,361.053500,-0.331400
2,71,2.60889700,10,390.246800,390.260200,0.013400
2,71,2.60889700,11,401.909000,401.413400,-0.495600
2,71,2.60889700,12,421.778800,421.710700,-0.068100
2,71,2.60889700,13,429.091400,428.602500,-0.488900
2,71,2.60889700,14,444.017600,444.175300,0.157700
2,71,2.60889700,15,456.917600,456.867200,-0.050400
2,71,2.60889700,16,473.043900,472.846500,-0.197400
2,71,2.60889700,17,490.618100,490.443600,-0.174500
2,71,2.60889700,18,519.684500,519.492000,-0.192500
2,71,2.60889700,19,535.106200,534.638600,-0.467600
2,71,2.60889700,20,540.154800,540.041000,-0.113800
2,71,2.60889700,21,548.141400,547.922900,-0.218500
2,71,2.60889700,22,553.374900,553.056800,-0.318100
2,71,2.60889700,23,570.680700,570.681400,0.000700
2,71,2.60889700,24,616.277300,616.335100,0.057800
2,71,2.60889700,25,634.386400,634.571500,0.185100
2,71,2.60889700,26,660.104700,660.496300,0.391600
2,71,2.60889700,27,715.174200,714.354000,-0.820200
2,71,2.60889700,28,719.193100,718.458500,-0.734600
2,71,2.60889700,29,727.295700,726.312400,-0.983300
2,71,2.60889700,30,848.033900,847.982300,-0.051600
2,72,2.63521200,1,104.667700,104.225600,-0.442100
2,72,2.63521200,2,127.782600,127.393800,-0.388800
2,72,2.63521200,3,207.877500,207.453200,-0.424300
2,72,2.63521200,4,264.092700,264.059500,-0.033200
2,72,2.63521200,5,309.967000,309.978300,0.011300
2,72,2.63521200,6,323.810100,323.934600,0.124500
2,72,2.63521200,7,345.630800,345.333100,-0.297700
2,72,2.63521200,8,356.577700,356.320400,-0.257300
2,72,2.63521200,9,360.084200,359.697100,-0.387100
2,72,2.63521200,10,389.000500,388.998000,-0.002500
2,72,2.63521200,11,400.353300,399.874900,-0.478400
2,72,2.63521200,12,422.896400,422.790700,-0.105700
2,72,2.63521200,13,429.141000,428.611400,-0.529600
2,72,2.63521200,14,446.993100,447.125300,0.132200
2,72,2.63521200,15,462.463400,462.413700,-0.049700
2,72,2.63521200,16,477.095100,476.821500,-0.273600
2,72,2.63521200,17,488.693900,488.528100,-0.165800
2,72,2.63521200,18,516.041200,515.876600,-0.164600
2,72,2.63521200,19,533.804000,533.309600,-0.494400
2,72,2.63521200,20,535.692400,535.542000,-0.150400
2,72,2.63521200,21,547.799500,547.579400,-0.220100
2,72,2.63521200,22,548.846900,548.541200,-0.305700
2,72,2.63521200,23,572.199200,572.159500,-0.039700
2,72,2.63521200,24,618.302000,618.385200,0.083200
2,72,2.63521200,25,635.352000,635.539600,0.187600
2,72,2.63521200,26,659.049800,659.472400,0.422600
2,72,2.63521200,27,715.005200,714.130500,-0.874700
2,72,2.63521200,28,719.555400,718.727400,-0.828000
2,72,2.63521200,29,729.819400,728.798300,-1.021100
2,72,2.63521200,30,845.409800,845.354300,-0.055500
2,73,2.66152700,1,113.119300,112.672600,-0.446700
2,73,2.66152700,2,137.639800,137.230500,-0.409300
2,73,2.66152700,3,223.748000,223.278100,-0.469900
2,73,2.66152700,4,261.813900,261.767000,-0.046900
2,73,2.66152700,5,305.048400,305.055200,0.006800
2,73,2.66152700,6,319.456000,319.565300,0.109300
2,73,2.66152700,7,344.486700,344.209800,-0.276900
2,73,2.66152700,8,356.867500,356.623900,-0.243600
2,73,2.66152700,9,358.731800,358.276700,-0.455100
2,73,2.66152700,10,387.673100,387.650400,-0.022700
2,73,2.66152700,11,398.514700,398.059400,-0.455300
2,73,2.66152700,12,424.243800,424.098800,-0.145000
2,73,2.66152700,13,428.582900,428.013900,-0.569000
2,73,2.66152700,14,449.857800,449.959600,0.101800
2,73,2.66152700,15,467.585800,467.525600,-0.060200
2,73,2.66152700,16,481.496100,481.153600,-0.342500
2,73,2.66152700,17,486.976200,486.819400,-0.156800
2,73,2.66152700,18,512.635900,512.510300,-0.125600
2,73,2.66152700,19,531.503200,531.322400,-0.180800
2,73,2.66152700,20,532.326400,531.812100,-0.514300
2,73,2.66152700,21,544.280300,543.980300,-0.300000
2,73,2.66152700,22,547.433500,547.207900,-0.225600
2,73,2.66152700,23,573.590600,573.513300,-0.077300
2,73,2.66152700,24,620.329000,620.428500,0.099500
2,73,2.66152700,25,636.054100,636.240900,0.186800
2,73,2.66152700,26,657.767900,658.209300,0.441400
2,73,2.66152700,27,714.864000,713.938400,-0.925600
2,73,2.66152700,28,719.984300,719.067100,-0.917200
2,73,2.66152700,29,732.506000,731.460200,-1.045800
2,73,2.66152700,30,842.573600,842.512300,-0.061300
2,74,2.68784100,1,121.498100,121.052400,-0.445700
2,74,2.68784100,2,147.311100,146.883800,-0.427300
2,74,2.68784100,3,238.987900,238.474700,-0.513200
2,74,2.68784100,4,259.665800,259.604300,-0.061500
2,74,2.68784100,5,300.390200,300.387400,-0.002800
2,74,2.68784100,6,314.998300,315.086500,0.088200
2,74,2.68784100,7,343.313000,343.068900,-0.244100
2,74,2.68784100,8,357.312700,356.831100,-0.481600
2,74,2.68784100,9,357.399800,357.122300,-0.277500
2,74,2.68784100,10,386.290700,386.243900,-0.046800
2,74,2.68784100,11,396.546000,396.116000,-0.430000
2,74,2.68784100,12,425.707800,425.525700,-0.182100
2,74,2.68784100,13,427.445700,426.838100,-0.607600
2,74,2.68784100,14,452.555500,452.622500,0.067000
2,74,2.68784100,15,471.960400,471.869300,-0.091100
2,74,2.68784100,16,485.519700,485.373300,-0.146400
2,74,2.68784100,17,486.012600,485.622900,-0.389700
2,74,2.68784100,18,509.568600,509.488000,-0.080600
2,74,2.68784100,19,527.952000,527.753200,-0.198800
2,74,2.68784100,20,530.670500,530.141800,-0.528700
2,74,2.68784100,21,539.700000,539.391500,-0.308500
2,74,2.68784100,22,547.037400,546.803900,-0.233500
2,74,2.68784100,23,574.864800,574.754500,-0.110300
2,74,2.68784100,24,622.299000,622.404100,0.105100
2,74,2.68784100,25,636.534000,636.716900,0.182900
2,74,2.68784100,26,656.283800,656.733900,0.450100
2,74,2.68784100,27,714.769300,713.796300,-0.973000
2,74,2.68784100,28,720.477700,719.479100,-0.998600
2,74,2.68784100,29,735.308200,734.249500,-1.058700
2,74,2.68784100,30,839.529800,839.460900,-0.068900
2,75,2.71415600,1,129.795800,129.356600,-0.439200
2,75,2.71415600,2,156.790500,156.347500,-0.443000
2,75,2.71415600,3,253.209000,252.666100,-0.542900
2,75,2.71415600,4,257.698800,257.621400,-0.077400
2,75,2.71415600,5,296.283500,296.255200,-0.028300
2,75,2.71415600,6,310.464000,310.526300,0.062300
2,75,2.71415600,7,342.036100,341.833000,-0.203100
2,75,2.71415600,8,356.037900,355.422000,-0.615900
2,75,2.71415600,9,358.123200,357.917800,-0.205400
2,75,2.71415600,10,384.877800,384.803300,-0.074500
2,75,2.71415600,11,394.580100,394.175600,-0.404500
2,75,2.71415600,12,425.768600,425.123500,-0.645100
2,75,2.71415600,13,427.197900,426.982600,-0.215300
2,75,2.71415600,14,455.005300,455.033600,0.028300
2,75,2.71415600,15,475.168200,475.027100,-0.141100
2,75,2.71415600,16,484.406500,484.268900,-0.137600
2,75,2.71415600,17,490.144700,489.743400,-0.401300
2,75,2.71415600,18,507.200600,507.159600,-0.041000
2,75,2.71415600,19,525.430700,525.240100,-0.190600
2,75,2.71415600,20,528.831100,528.292400,-0.538700
2,75,2.71415600,21,535.183700,534.838900,-0.344800
2,75,2.71415600,22,546.608100,546.364300,-0.243800
2,75,2.71415600,23,576.041000,575.903500,-0.137500
2,75,2.71415600,24,624.151800,624.250900,0.099100
2,75,2.71415600,25,636.833400,637.009200,0.175800
2,75,2.71415600,26,654.634300,655.085400,0.451100
2,75,2.71415600,27,714.732000,713.715000,-1.017000
2,75,2.71415600,28,721.038900,719.970000,-1.068900
2,75,2.71415600,29,738.179400,737.118300,-1.061100
2,75,2.71415600,30,836.283600,836.204600,-0.079000
2,76,2.74047100,1,138.003200,137.575500,-0.427700
2,76,2.74047100,2,166.070700,165.614300,-0.456400
2,76,2.74047100,3,255.953900,255.861700,-0.092200
2,76,2.74047100,4,265.371400,264.855100,-0.516300
2,76,2.74047100,5,293.621000,293.506700,-0.114300
2,76,2.74047100,6,305.886500,305.919300,0.032800
2,76,2.74047100,7,340.563300,340.401700,-0.161600
2,76,2.74047100,8,354.834400,354.136000,-0.698400
2,76,2.74047100,9,359.338000,359.161200,-0.176800
2,76,2.74047100,10,383.462000,383.355700,-0.106300
2,76,2.74047100,11,392.726000,392.345400,-0.380600
2,76,2.74047100,12,423.601300,422.920400,-0.680900
2,76,2.74047100,13,428.640600,428.396700,-0.243900
2,76,2.74047100,14,457.099400,457.086800,-0.012600
2,76,2.74047100,15,476.646100,476.453500,-0.192600
2,76,2.74047100,16,483.741800,483.612700,-0.129100
2,76,2.74047100,17,493.023300,492.651200,-0.372100
2,76,2.74047100,18,506.403900,506.375500,-0.028400
2,76,2.74047100,19,524.103100,523.988500,-0.114600
2,76,2.74047100,20,526.802000,526.256500,-0.545500
2,76,2.74047100,21,531.029600,530.575000,-0.454600
2,76,2.74047100,22,546.142300,545.885900,-0.256400
2,76,2.74047100,23,577.143300,576.984900,-0.158400
2,76,2.74047100,24,625.831000,625.912400,0.081400
2,76,2.74047100,25,636.993300,637.158700,0.165400
2,76,2.74047100,26,652.866500,653.313000,0.446500
2,76,2.74047100,27,714.753800,713.696500,-1.057300
2,76,2.74047100,28,721.675500,720.550000,-1.125500
2,76,2.74047100,29,741.076100,740.021600,-1.054500
2,76,2.74047100,30,832.840900,832.749200,-0.091700
2,77,2.76678600,1,146.106700,145.695300,-0.411400
2,77,2.76678600,2,175.145100,174.677900,-0.467200
2,77,2.76678600,3,254.469500,254.360000,-0.109500
2,77,2.76678600,4,272.600800,272.280900,-0.319900
2,77,2.76678600,5,295.040100,294.672100,-0.368000
2,77,2.76678600,6,301.307900,301.309000,0.001100
2,77,2.76678600,7,338.799800,338.670100,-0.129700
2,77,2.76678600,8,353.837200,353.071000,-0.766200
2,77,2.76678600,9,361.210300,361.066700,-0.143600
2,77,2.76678600,10,382.085100,381.942200,-0.142900
2,77,2.76678600,11,391.066700,390.707000,-0.359700
2,77,2.76678600,12,421.002200,420.288300,-0.713900
2,77,2.76678600,13,429.971500,429.703700,-0.267800
2,77,2.76678600,14,458.721800,458.668900,-0.052900
2,77,2.76678600,15,475.852900,475.631800,-0.221100
2,77,2.76678600,16,483.649100,483.525300,-0.123800
2,77,2.76678600,17,494.204700,493.880200,-0.324500
2,77,2.76678600,18,507.706200,507.666900,-0.039300
2,77,2.76678600,19,522.810000,522.853700,0.043700
2,77,2.76678600,20,524.579500,524.026800,-0.552700
2,77,2.76678600,21,528.737600,528.082500,-0.655100
2,77,2.76678600,22,545.636500,545.366200,-0.270300
2,77,2.76678600,23,578.198100,578.025300,-0.172800
2,77,2.76678600,24,627.288600,627.341200,0.052600
2,77,2.76678600,25,637.053200,637.205300,0.152100
2,77,2.76678600,26,651.037500,651.474800,0.437300
2,77,2.76678600,27,714.827500,713.733500,-1.094000
2,77,2.76678600,28,722.398000,721.231300,-1.166700
2,77,2.76678600,29,743.959700,742.919900,-1.039800
2,77,2.76678600,30,829.208000,829.100800,-0.107200
2,78,2.79310000,1,154.092900,153.702000,-0.390900
2,78,2.79310000,2,184.009400,183.533900,-0.475500
2,78,2.79310000,3,253.266000,253.137800,-0.128200
2,78,2.79310000,4,273.093500,272.979000,-0.114500
2,78,2.79310000,5,296.781000,296.751500,-0.029500
2,78,2.79310000,6,302.010300,301.384300,-0.626000
2,78,2.79310000,7,336.678200,336.562900,-0.115300
2,78,2.79310000,8,353.114500,352.304300,-0.810200
2,78,2.79310000,9,364.005100,363.898200,-0.106900
2,78,2.79310000,10,380.843900,380.656000,-0.187900
2,78,2.79310000,11,389.658800,389.315400,-0.343400
2,78,2.79310000,12,418.036800,417.293600,-0.743200
2,78,2.79310000,13,431.128700,430.841300,-0.287400
2,78,2.79310000,14,459.794600,459.706200,-0.088400
2,78,2.79310000,15,472.819400,472.596000,-0.223400
2,78,2.79310000,16,484.222500,484.096600,-0.125900
2,78,2.79310000,17,494.523600,494.219800,-0.303800
2,78,2.79310000,18,509.982100,509.946600,-0.035500
2,78,2.79310000,19,519.613900,519.581700,-0.032200
2,78,2.79310000,20,522.155600,521.598300,-0.557300
2,78,2.79310000,21,530.385200,529.755600,-0.629600
2,78,2.79310000,22,545.087600,544.802100,-0.285500
2,78,2.79310000,23,579.231300,579.049700,-0.181600
2,78,2.79310000,24,628.488500,628.502500,0.014000
2,78,2.79310000,25,637.051100,637.187200,0.136100
2,78,2.79310000,26,649.212700,649.637100,0.424400
2,78,2.79310000,27,714.938000,713.811000,-1.127000
2,78,2.79310000,28,723.216000,722.024600,-1.191400
2,78,2.79310000,29,746.797200,745.779300,-1.017900
2,78,2.79310000,30,825.391800,825.265900,-0.125900
2,79,2.81941500,1,161.943500,161.576900,-0.366600
2,79,2.81941500,2,192.658800,192.177700,-0.481100
2,79,2.81941500,3,252.348200,252.198800,-0.149400
2,79,2.81941500,4,270.409000,270.372700,-0.036300
2,79,2.81941500,5,292.380400,292.320100,-0.060300
2,79,2.81941500,6,310.547400,309.809800,-0.737600
2,79,2.81941500,7,334.181200,334.062800,-0.118400
2,79,2.81941500,8,352.694600,351.865600,-0.829000
2,79,2.81941500,9,367.834700,367.768300,-0.066400
2,79,2.81941500,10,380.065400,379.814400,-0.251000
2,79,2.81941500,11,388.533100,388.200500,-0.332600
2,79,2.81941500,12,414.775600,414.007100,-0.768500
2,79,2.81941500,13,432.048800,431.745800,-0.303000
2,79,2.81941500,14,460.334400,460.219500,-0.114900
2,79,2.81941500,15,468.206800,467.991600,-0.215200
2,79,2.81941500,16,485.471700,485.333600,-0.138100
2,79,2.81941500,17,494.501900,494.202700,-0.299200
2,79,2.81941500,18,511.633200,511.642300,0.009100
2,79,2.81941500,19,516.359500,516.208400,-0.151100
2,79,2.81941500,20,519.529400,518.969300,-0.560100
2,79,2.81941500,21,534.413400,533.823400,-0.590000
2,79,2.81941500,22,544.491600,544.190700,-0.300900
2,79,2.81941500,23,580.265700,580.080700,-0.185000
2,79,2.81941500,24,629.408900,629.376500,-0.032400
2,79,2.81941500,25,637.022900,637.140400,0.117500
2,79,2.81941500,26,647.465500,647.873000,0.407500
2,79,2.81941500,27,715.065100,713.909500,-1.155600
2,79,2.81941500,28,724.135400,722.935400,-1.200000
2,79,2.81941500,29,749.561700,748.572100,-0.989600
2,79,2.81941500,30,821.400800,821.253000,-0.147800
2,80,2.84573000,1,169.635100,169.296000,-0.339100
2,80,2.84573000,2,201.088800,200.605100,-0.483700
2,80,2.84573000,3,251.695900,251.521400,-0.174500
2,80,2.84573000,4,266.874300,266.869500,-0.004800
2,80,2.84573000,5,288.201100,288.114300,-0.086800
2,80,2.84573000,6,317.978800,317.205600,-0.773200
2,80,2.84573000,7,331.340300,331.207100,-0.133200
2,80,2.84573000,8,352.564400,351.736700,-0.827700
2,80,2.84573000,9,371.608900,371.572200,-0.036700
2,80,2.84573000,10,381.196700,380.868400,-0.328300
2,80,2.84573000,11,387.698100,387.370000,-0.328100
2,80,2.84573000,12,411.296100,410.506000,-0.790100
2,80,2.84573000,13,432.666200,432.351000,-0.315200
2,80,2.84573000,14,460.464700,460.333400,-0.131300
2,80,2.84573000,15,462.705300,462.498800,-0.206500
2,80,2.84573000,16,487.308900,487.148000,-0.160900
2,80,2.84573000,17,494.005000,493.709200,-0.295800
2,80,2.84573000,18,510.162300,510.181200,0.018900
2,80,2.84573000,19,516.102300,515.883900,-0.218400
2,80,2.84573000,20,516.707000,516.143700,-0.563300
2,80,2.84573000,21,539.579100,539.021200,-0.557900
2,80,2.84573000,22,543.844400,543.528500,-0.315900
2,80,2.84573000,23,581.320200,581.136300,-0.183900
2,80,2.84573000,24,630.043800,629.959300,-0.084500
2,80,2.84573000,25,637.001900,637.098600,0.096700
2,80,2.84573000,26,645.875300,646.261000,0.385700
2,80,2.84573000,27,715.187500,714.008900,-1.178600
2,80,2.84573000,28,725.153900,723.959800,-1.194100
2,80,2.84573000,29,752.231500,751.276200,-0.955300
2,80,2.84573000,30,817.243600,817.070200,-0.173400
2,81,2.87204500,1,177.136400,176.827500,-0.308900
2,81,2.87204500,2,209.295300,208.812100,-0.483200
2,81,2.87204500,3,251.253600,251.048700,-0.204900
2,81,2.87204500,4,263.192200,263.204300,0.012100
2,81,2.87204500,5,284.374600,284.267600,-0.107000
2,81,2.87204500,6,323.574900,322.811400,-0.763500
2,81,2.87204500,7,328.216900,328.063800,-0.153100
2,81,2.87204500,8,352.686100,351.872700,-0.813400
2,81,2.87204500,9,372.637800,372.543800,-0.094000
2,81,2.87204500,10,386.923200,386.583400,-0.339800
2,81,2.87204500,11,387.146600,386.814800,-0.331800
2,81,2.87204500,12,407.704600,406.895300,-0.809300
2,81,2.87204500,13,432.918600,432.594200,-0.324400
2,81,2.87204500,14,456.773800,456.574500,-0.199300
2,81,2.87204500,15,460.364100,460.224900,-0.139200
2,81,2.87204500,16,489.592600,489.400300,-0.192300
2,81,2.87204500,17,492.678000,492.388500,-0.289500
2,81,2.87204500,18,507.418000,507.412600,-0.005400
2,81,2.87204500,19,513.699200,513.131800,-0.567400
2,81,2.87204500,20,517.372900,517.126300,-0.246600
2,81,2.87204500,21,543.141300,542.811600,-0.329700
2,81,2.87204500,22,545.279300,544.756500,-0.522800
2,81,2.87204500,23,582.408900,582.229700,-0.179200
2,81,2.87204500,24,630.402200,630.262600,-0.139600
2,81,2.87204500,25,637.017900,637.091900,0.074000
2,81,2.87204500,26,644.525300,644.883100,0.357800
2,81,2.87204500,27,715.286400,714.091800,-1.194600
2,81,2.87204500,28,726.258700,725.081900,-1.176800
2,81,2.87204500,29,754.790100,753.874700,-0.915400
2,81,2.87204500,30,812.929900,812.727100,-0.202800
2,82,2.89835900,1,184.404600,184.128000,-0.276600
2,82,2.89835900,2,217.274700,216.795400,-0.479300
2,82,2.89835900,3,250.921900,250.679400,-0.242500
2,82,2.89835900,4,259.616200,259.639700,0.023500
2,82,2.89835900,5,281.078300,280.959500,-0.118800
2,82,2.89835900,6,324.880200,324.709000,-0.171200
2,82,2.89835900,7,327.446400,326.714600,-0.731800
2,82,2.89835900,8,353.012500,352.221200,-0.791300
2,82,2.89835900,9,371.784400,371.633500,-0.150900
2,82,2.89835900,10,386.848700,386.513300,-0.335400
2,82,2.89835900,11,395.693300,395.320100,-0.373200
2,82,2.89835900,12,404.401900,403.581000,-0.820900
2,82,2.89835900,13,432.757500,432.426600,-0.330900
2,82,2.89835900,14,450.698400,450.504300,-0.194100
2,82,2.89835900,15,460.199700,460.059200,-0.140500
2,82,2.89835900,16,490.209500,489.935200,-0.274300
2,82,2.89835900,17,492.181600,491.950100,-0.231500
2,82,2.89835900,18,505.483500,505.469100,-0.014400
2,82,2.89835900,19,510.525800,509.952900,-0.572900
2,82,2.89835900,20,518.365700,518.076500,-0.289200
2,82,2.89835900,21,542.378300,542.036300,-0.342000
2,82,2.89835900,22,551.156100,550.674500,-0.481600
2,82,2.89835900,23,583.540800,583.369000,-0.171800
2,82,2.89835900,24,630.506800,630.311300,-0.195500
2,82,2.89835900,25,637.095300,637.145600,0.050300
2,82,2.89835900,26,643.498900,643.820600,0.321700
2,82,2.89835900,27,715.348300,714.146500,-1.201800
2,82,2.89835900,28,727.425600,726.274500,-1.151100
2,82,2.89835900,29,757.225300,756.355000,-0.870300
2,82,2.89835900,30,808.470800,808.234800,-0.236000
2,83,2.92467400,1,191.378600,191.135600,-0.243000
2,83,2.92467400,2,225.023400,224.552400,-0.471000
2,83,2.92467400,3,250.559600,250.272200,-0.287400
2,83,2.92467400,4,256.272100,256.304300,0.032200
2,83,2.92467400,5,278.538100,278.416400,-0.121700
2,83,2.92467400,6,321.403400,321.214300,-0.189100
2,83,2.92467400,7,329.998700,329.307900,-0.690800
2,83,2.92467400,8,353.496000,352.731000,-0.765000
2,83,2.92467400,9,370.358200,370.172300,-0.185900
2,83,2.92467400,10,386.781400,386.435800,-0.345600
2,83,2.92467400,11,398.895700,398.168900,-0.726800
2,83,2.92467400,12,408.195300,407.668800,-0.526500
2,83,2.92467400,13,432.161600,431.826900,-0.334700
2,83,2.92467400,14,444.673200,444.482300,-0.190900
2,83,2.92467400,15,460.086400,459.948400,-0.138000
2,83,2.92467400,16,486.693800,486.438800,-0.255000
2,83,2.92467400,17,494.949700,494.677900,-0.271800
2,83,2.92467400,18,504.554500,504.534900,-0.019600
2,83,2.92467400,19,507.220400,506.639800,-0.580600
2,83,2.92467400,20,518.758800,518.425700,-0.333100
2,83,2.92467400,21,541.550600,541.198900,-0.351700
2,83,2.92467400,22,556.980000,556.545800,-0.434200
2,83,2.92467400,23,584.719800,584.557700,-0.162100
2,83,2.92467400,24,630.391700,630.141700,-0.250000
2,83,2.92467400,25,637.250800,637.277700,0.026900
2,83,2.92467400,26,642.875200,643.150400,0.275200
2,83,2.92467400,27,715.365700,714.166700,-1.199000
2,83,2.92467400,28,728.621000,727.500800,-1.120200
2,83,2.92467400,29,759.528600,758.708200,-0.820400
2,83,2.92467400,30,803.878900,803.605600,-0.273300
2,84,2.95098900,1,197.969100,197.759500,-0.209600
2,84,2.95098900,2,232.538300,232.080900,-0.457400
2,84,2.95098900,3,250.027300,249.690800,-0.336500
2,84,2.95098900,4,253.238600,253.277400,0.038800
2,84,2.95098900,5,276.993300,276.874300,-0.119000
2,84,2.95098900,6,317.848300,317.645000,-0.203300
2,84,2.95098900,7,331.634900,330.982900,-0.652000
2,84,2.95098900,8,354.091500,353.355100,-0.736400
2,84,2.95098900,9,368.689000,368.481000,-0.208000
2,84,2.95098900,10,386.904900,386.547000,-0.357900
2,84,2.95098900,11,395.497100,394.709400,-0.787700
2,84,2.95098900,12,419.320000,418.795800,-0.524200
2,84,2.95098900,13,431.146200,430.810500,-0.335700
2,84,2.95098900,14,438.859400,438.668400,-0.191000
2,84,2.95098900,15,460.072600,459.938900,-0.133700
2,84,2.95098900,16,482.533800,482.301900,-0.231900
2,84,2.95098900,17,497.776500,497.465000,-0.311500
2,84,2.95098900,18,503.854900,503.261900,-0.593000
2,84,2.95098900,19,504.327900,504.305200,-0.022700
2,84,2.95098900,20,518.440100,518.067800,-0.372300
2,84,2.95098900,21,540.654700,540.296600,-0.358100
2,84,2.95098900,22,562.589100,562.208600,-0.380500
2,84,2.95098900,23,585.945700,585.794400,-0.151300
2,84,2.95098900,24,630.099200,629.798200,-0.301000
2,84,2.95098900,25,637.489500,637.495800,0.006300
2,84,2.95098900,26,642.724600,642.940400,0.215800
2,84,2.95098900,27,715.337100,714.151600,-1.185500
2,84,2.95098900,28,729.804800,728.718200,-1.086600
2,84,2.95098900,29,761.694500,760.928300,-0.766200
2,84,2.95098900,30,799.168400,798.853700,-0.314700
2,85,2.97730400,1,204.039800,203.861400,-0.178400
2,85,2.97730400,2,239.808200,239.375200,-0.433000
2,85,2.97730400,3,249.297200,248.910800,-0.386400
2,85,2.97730400,4,250.571600,250.615400,0.043800
2,85,2.97730400,5,276.609400,276.492000,-0.117400
2,85,2.97730400,6,314.274200,314.059900,-0.214300
2,85,2.97730400,7,332.643600,332.025600,-0.618000
2,85,2.97730400,8,354.756600,354.050100,-0.706500
2,85,2.97730400,9,366.856900,366.635700,-0.221200
2,85,2.97730400,10,387.177300,386.806800,-0.370500
2,85,2.97730400,11,391.766600,390.967400,-0.799200
2,85,2.97730400,12,429.751100,429.426200,-0.324900
2,85,2.97730400,13,430.512900,430.014600,-0.498300
2,85,2.97730400,14,433.927300,433.654600,-0.272700
2,85,2.97730400,15,460.145600,460.015800,-0.129800
2,85,2.97730400,16,478.123000,477.920400,-0.202600
2,85,2.97730400,17,499.600100,499.151400,-0.448700
2,85,2.97730400,18,501.474900,500.963900,-0.511000
2,85,2.97730400,19,504.505900,504.479900,-0.026000
2,85,2.97730400,20,517.366000,516.961400,-0.404600
2,85,2.97730400,21,539.688500,539.328000,-0.360500
2,85,2.97730400,22,567.861300,567.539700,-0.321600
2,85,2.97730400,23,587.213600,587.073900,-0.139700
2,85,2.97730400,24,629.677900,629.330400,-0.347500
2,85,2.97730400,25,637.802600,637.793000,-0.009600
2,85,2.97730400,26,643.102800,643.245800,0.143000
2,85,2.97730400,27,715.266200,714.104500,-1.161700
2,85,2.97730400,28,730.934100,729.881800,-1.052300
2,85,2.97730400,29,763.719400,763.011400,-0.708000
2,85,2.97730400,30,794.355900,793.995600,-0.360300
2,86,3.00361800,1,209.384100,209.230500,-0.153600
2,86,3.00361800,2,246.591900,246.266200,-0.325700
2,86,3.00361800,3,248.310600,248.285100,-0.025500
2,86,3.00361800,4,248.787200,248.359400,-0.427800
2,86,3.00361800,5,277.390400,277.266900,-0.123500
2,86,3.00361800,6,310.739500,310.517300,-0.222200
2,86,3.00361800,7,333.210900,332.621400,-0.589500
2,86,3.00361800,8,355.451200,354.775100,-0.676100
2,86,3.00361800,9,364.876600,364.650000,-0.226600
2,86,3.00361800,10,387.543700,387.170400,-0.373300
2,86,3.00361800,11,388.096600,387.286500,-0.810100
2,86,3.00361800,12,427.821400,427.666500,-0.154900
2,86,3.00361800,13,428.112600,427.746000,-0.366600
2,86,3.00361800,14,443.072000,442.443400,-0.628600
2,86,3.00361800,15,460.247700,460.119100,-0.128600
2,86,3.00361800,16,473.849800,473.690800,-0.159000
2,86,3.00361800,17,496.643000,496.075700,-0.567300
2,86,3.00361800,18,503.867800,503.420500,-0.447300
2,86,3.00361800,19,504.911900,504.875100,-0.036800
2,86,3.00361800,20,515.543700,515.116200,-0.427500
2,86,3.00361800,21,538.652300,538.294200,-0.358100
2,86,3.00361800,22,572.703400,572.444100,-0.259300
2,86,3.00361800,23,588.515000,588.386900,-0.128100
2,86,3.00361800,24,629.178900,628.790900,-0.388000
2,86,3.00361800,25,638.169900,638.148300,-0.021600
2,86,3.00361800,26,644.041700,644.101700,0.060000
2,86,3.00361800,27,715.160600,714.032600,-1.128000
2,86,3.00361800,28,731.966300,730.947900,-1.018400
2,86,3.00361800,29,765.601600,764.955200,-0.646400
2,86,3.00361800,30,789.461000,789.050400,-0.410600
2,87,3.02993300,1,213.707400,213.565400,-0.142000
2,87,3.02993300,2,246.488700,246.538100,0.049400
2,87,3.02993300,3,247.800800,247.449900,-0.350900
2,87,3.02993300,4,253.980800,253.524100,-0.456700
2,87,3.02993300,5,279.180600,279.040600,-0.140000
2,87,3.02993300,6,307.308000,307.081900,-0.226100
2,87,3.02993300,7,333.450800,332.884200,-0.566600
2,87,3.02993300,8,356.137400,355.491400,-0.646000
2,87,3.02993300,9,362.742200,362.517200,-0.225000
2,87,3.02993300,10,384.567000,383.773800,-0.793200
2,87,3.02993300,11,387.982100,387.586500,-0.395600
2,87,3.02993300,12,423.180300,422.990300,-0.190000
2,87,3.02993300,13,426.179500,425.851200,-0.328300
2,87,3.02993300,14,453.463100,452.772200,-0.690900
2,87,3.02993300,15,460.293500,460.161100,-0.132400
2,87,3.02993300,16,470.698100,470.600500,-0.097600
2,87,3.02993300,17,493.302800,492.722400,-0.580400
2,87,3.02993300,18,505.432000,505.371900,-0.060100
2,87,3.02993300,19,506.679500,506.185800,-0.493700
2,87,3.02993300,20,513.038000,512.603200,-0.434800
2,87,3.02993300,21,537.550700,537.200100,-0.350600
2,87,3.02993300,22,577.049400,576.852900,-0.196500
2,87,3.02993300,23,589.837800,589.720800,-0.117000
2,87,3.02993300,24,628.654300,628.232300,-0.422000
2,87,3.02993300,25,638.564300,638.530600,-0.033700
2,87,3.02993300,26,645.539000,645.514600,-0.024400
2,87,3.02993300,27,715.031700,713.946000,-1.085700
2,87,3.02993300,28,732.862300,731.876400,-0.985900
2,87,3.02993300,29,767.339600,766.758200,-0.581400
2,87,3.02993300,30,784.507300,784.041400,-0.465900
2,88,3.05624800,1,216.674900,216.524500,-0.150400
2,88,3.05624800,2,245.119800,245.167300,0.047500
2,88,3.05624800,3,248.152800,247.812700,-0.340100
2,88,3.05624800,4,260.652300,260.235600,-0.416700
2,88,3.05624800,5,281.731800,281.564700,-0.167100
2,88,3.05624800,6,304.064500,303.840300,-0.224200
2,88,3.05624800,7,333.431800,332.882300,-0.549500
2,88,3.05624800,8,356.779100,356.162800,-0.616300
2,88,3.05624800,9,360.445000,360.227500,-0.217500
2,88,3.05624800,10,381.290100,380.507200,-0.782900
2,88,3.05624800,11,388.396300,387.994900,-0.401400
2,88,3.05624800,12,418.975700,418.777000,-0.198700
2,88,3.05624800,13,424.143200,423.823400,-0.319800
2,88,3.05624800,14,458.160300,457.601600,-0.558700
2,88,3.05624800,15,460.185100,460.041400,-0.143700
2,88,3.05624800,16,473.061100,472.852800,-0.208300
2,88,3.05624800,17,490.113200,489.530200,-0.583000
2,88,3.05624800,18,505.938700,505.776100,-0.162600
2,88,3.05624800,19,509.418300,508.879600,-0.538700
2,88,3.05624800,20,510.054400,509.672700,-0.381700
2,88,3.05624800,21,536.393200,536.056000,-0.337200
2,88,3.05624800,22,580.862300,580.725400,-0.136900
2,88,3.05624800,23,591.166600,591.059500,-0.107100
2,88,3.05624800,24,628.153900,627.705000,-0.448900
2,88,3.05624800,25,638.952600,638.902700,-0.049900
2,88,3.05624800,26,647.556500,647.455300,-0.101200
2,88,3.05624800,27,714.893700,713.857200,-1.036500
2,88,3.05624800,28,733.587700,732.632500,-0.955200
2,88,3.05624800,29,768.929700,768.417600,-0.512100
2,88,3.05624800,30,779.525600,778.997500,-0.528100
2,89,3.08256300,1,218.105800,217.928500,-0.177300
2,89,3.08256300,2,244.206300,244.248700,0.042400
2,89,3.08256300,3,249.538800,249.245400,-0.293400
2,89,3.08256300,4,267.233000,266.844200,-0.388800
2,89,3.08256300,5,284.731400,284.524900,-0.206500
2,89,3.08256300,6,301.157500,300.946500,-0.211000
2,89,3.08256300,7,333.196800,332.658400,-0.538400
2,89,3.08256300,8,357.342800,356.755400,-0.587400
2,89,3.08256300,9,357.988600,357.783300,-0.205300
2,89,3.08256300,10,378.308000,377.544900,-0.763100
2,89,3.08256300,11,388.727100,388.323400,-0.403700
2,89,3.08256300,12,415.324000,415.114000,-0.210000
2,89,3.08256300,13,422.052600,421.741200,-0.311400
2,89,3.08256300,14,455.887100,455.523400,-0.363700
2,89,3.08256300,15,459.828500,459.664100,-0.164400
2,89,3.08256300,16,481.956300,481.611600,-0.344700
2,89,3.08256300,17,487.199900,486.621200,-0.578700
2,89,3.08256300,18,505.240000,504.688100,-0.551900
2,89,3.08256300,19,508.001500,507.942500,-0.059000
2,89,3.08256300,20,512.041800,511.445900,-0.595900
2,89,3.08256300,21,535.197700,534.879900,-0.317800
2,89,3.08256300,22,584.134400,584.050400,-0.084000
2,89,3.08256300,23,592.483000,592.383900,-0.099100
2,89,3.08256300,24,627.722900,627.254600,-0.468300
2,89,3.08256300,25,639.294700,639.222100,-0.072600
2,89,3.08256300,26,650.024000,649.860900,-0.163100
2,89,3.08256300,27,714.763100,713.780900,-0.982200
2,89,3.08256300,28,734.114800,733.188600,-0.926200
2,89,3.08256300,29,770.340800,769.913300,-0.427500
2,89,3.08256300,30,774.579600,773.970300,-0.609300
2,90,3.10887700,1,218.166900,217.957600,-0.209300
2,90,3.10887700,2,243.735900,243.769100,0.033200
2,90,3.10887700,3,251.889200,251.652100,-0.237100
2,90,3.10887700,4,273.720600,273.355700,-0.364900
2,90,3.10887700,5,287.683000,287.415900,-0.267100
2,90,3.10887700,6,298.951400,298.777500,-0.173900
2,90,3.10887700,7,332.776200,332.242800,-0.533400
2,90,3.10887700,8,355.401300,355.212000,-0.189300
2,90,3.10887700,9,357.798700,357.239000,-0.559700
2,90,3.10887700,10,375.647600,374.915300,-0.732300
2,90,3.10887700,11,388.886300,388.484000,-0.402300
2,90,3.10887700,12,412.271900,412.047400,-0.224500
2,90,3.10887700,13,419.984600,419.681000,-0.303600
2,90,3.10887700,14,451.995300,451.719300,-0.276000
2,90,3.10887700,15,459.158300,458.962600,-0.195700
2,90,3.10887700,16,484.652300,484.088200,-0.564100
2,90,3.10887700,17,491.092500,490.794500,-0.298000
2,90,3.10887700,18,502.383300,501.736700,-0.646600
2,90,3.10887700,19,508.833800,508.726500,-0.107300
2,90,3.10887700,20,514.490400,513.842100,-0.648300
2,90,3.10887700,21,533.992400,533.699800,-0.292600
2,90,3.10887700,22,586.882800,586.842600,-0.040200
2,90,3.10887700,23,593.766600,593.672900,-0.093700
2,90,3.10887700,24,627.399000,626.919200,-0.479800
2,90,3.10887700,25,639.545000,639.442400,-0.102600
2,90,3.10887700,26,652.847000,652.641600,-0.205400
2,90,3.10887700,27,714.658600,713.733700,-0.924900
2,90,3.10887700,28,734.423600,733.524700,-0.898900
2,90,3.10887700,29,769.372900,768.803300,-0.569600
2,90,3.10887700,30,771.908100,771.440000,-0.468100
3,0,3.10887700,1,218.332000,217.957600,-0.374400
3,0,3.10887700,2,243.524100,243.769100,0.245000
3,0,3.10887700,3,251.866900,251.652100,-0.214800
3,0,3.10887700,4,273.795100,273.355700,-0.439400
3,0,3.10887700,5,287.608300,287.415900,-0.192400
3,0,3.10887700,6,298.998100,298.777500,-0.220600
3,0,3.10887700,7,332.649600,332.242800,-0.406800
3,0,3.10887700,8,355.395200,355.212000,-0.183200
3,0,3.10887700,9,357.667000,357.239000,-0.428000
3,0,3.10887700,10,375.641700,374.915300,-0.726400
3,0,3.10887700,11,389.048200,388.484000,-0.564200
3,0,3.10887700,12,412.351100,412.047400,-0.303700
3,0,3.10887700,13,420.063000,419.681000,-0.382000
3,0,3.10887700,14,452.044400,451.719300,-0.325100
3,0,3.10887700,15,459.221600,458.962600,-0.259000
3,0,3.10887700,16,484.556300,484.088200,-0.468100
3,0,3.10887700,17,491.185600,490.794500,-0.391100
3,0,3.10887700,18,502.229900,501.736700,-0.493200
3,0,3.10887700,19,508.988200,508.726500,-0.261700
3,0,3.10887700,20,514.359900,513.842100,-0.517800
3,0,3.10887700,21,534.118300,533.699800,-0.418500
3,0,3.10887700,22,586.758700,586.842600,0.083900
3,0,3.10887700,23,593.805800,593.673000,-0.132800
3,0,3.10887700,24,627.237900,626.919200,-0.318700
3,0,3.10887700,25,639.740600,639.442400,-0.298200
3,0,3.10887700,26,653.075500,652.641600,-0.433900
3,0,3.10887700,27,714.922700,713.733700,-1.189000
3,0,3.10887700,28,734.567500,733.524700,-1.042800
3,0,3.10887700,29,769.464700,768.803300,-0.661400
3,0,3.10887700,30,771.832500,771.440000,-0.392500
3,1,3.11840500,1,218.090700,217.711000,-0.379700
3,1,3.11840500,2,243.464100,243.698600,0.234500
3,1,3.11840500,3,252.886500,252.687800,-0.198700
3,1,3.11840500,4,276.120400,275.691100,-0.429300
3,1,3.11840500,5,288.475000,288.258800,-0.216200
3,1,3.11840500,6,298.544000,298.340400,-0.203600
3,1,3.11840500,7,332.458300,332.050100,-0.408200
3,1,3.11840500,8,354.436300,354.259900,-0.176400
3,1,3.11840500,9,357.799000,357.382000,-0.417000
3,1,3.11840500,10,374.760000,374.045000,-0.715000
3,1,3.11840500,11,389.045200,388.480800,-0.564400
3,1,3.11840500,12,411.404200,411.090700,-0.313500
3,1,3.11840500,13,419.344300,418.955300,-0.389000
3,1,3.11840500,14,450.571900,450.256200,-0.315700
3,1,3.11840500,15,458.897000,458.624900,-0.272100
3,1,3.11840500,16,483.733000,483.274600,-0.458400
3,1,3.11840500,17,493.389600,493.033700,-0.355900
3,1,3.11840500,18,501.749500,501.298500,-0.451000
3,1,3.11840500,19,509.755000,509.404000,-0.351000
3,1,3.11840500,20,515.199600,514.659300,-0.540300
3,1,3.11840500,21,533.684300,533.279300,-0.405000
3,1,3.11840500,22,587.635600,587.728300,0.092700
3,1,3.11840500,23,594.254300,594.126600,-0.127700
3,1,3.11840500,24,627.150700,626.832000,-0.318700
3,1,3.11840500,25,639.806900,639.488400,-0.318500
3,1,3.11840500,26,654.168200,653.720200,-0.448000
3,1,3.11840500,27,714.900000,713.727100,-1.172900
3,1,3.11840500,28,734.621100,733.589700,-1.031400
3,1,3.11840500,29,767.744800,767.035600,-0.709200
3,1,3.11840500,30,772.221500,771.871200,-0.350300
3,2,3.12793200,1,217.746600,217.363100,-0.383500
3,2,3.12793200,2,243.457100,243.680100,0.223000
3,2,3.12793200,3,253.959900,253.775600,-0.184300
3,2,3.12793200,4,278.433200,278.013800,-0.419400
3,2,3.12793200,5,289.119900,288.878000,-0.241900
3,2,3.12793200,6,298.383700,298.200100,-0.183600
3,2,3.12793200,7,332.247300,331.837000,-0.410300
3,2,3.12793200,8,353.471000,353.301900,-0.169100
3,2,3.12793200,9,357.912300,357.506100,-0.406200
3,2,3.12793200,10,373.917800,373.216200,-0.701600
3,2,3.12793200,11,389.000900,388.436500,-0.564400
3,2,3.12793200,12,410.541000,410.217600,-0.323400
3,2,3.12793200,13,418.642300,418.246200,-0.396100
3,2,3.12793200,14,449.092900,448.785700,-0.307200
3,2,3.12793200,15,458.530400,458.245400,-0.285000
3,2,3.12793200,16,482.965900,482.516800,-0.449100
3,2,3.12793200,17,494.133200,493.763700,-0.369500
3,2,3.12793200,18,502.276300,501.951900,-0.324400
3,2,3.12793200,19,510.909100,510.433800,-0.475300
3,2,3.12793200,20,516.009100,515.446000,-0.563100
3,2,3.12793200,21,533.256500,532.866200,-0.390300
3,2,3.12793200,22,588.450400,588.550100,0.099700
3,2,3.12793200,23,594.694300,594.571600,-0.122700
3,2,3.12793200,24,627.083000,626.764500,-0.318500
3,2,3.12793200,25,639.851700,639.512800,-0.338900
3,2,3.12793200,26,655.287800,654.828500,-0.459300
3,2,3.12793200,27,714.883900,713.727500,-1.156400
3,2,3.12793200,28,734.643900,733.623900,-1.020000
3,2,3.12793200,29,765.995500,765.255000,-0.740500
3,2,3.12793200,30,772.634200,772.309300,-0.324900
3,3,3.13746000,1,217.320300,216.934000,-0.386300
3,3,3.13746000,2,243.501400,243.711500,0.210100
3,3,3.13746000,3,255.066100,254.894400,-0.171700
3,3,3.13746000,4,280.731200,280.321300,-0.409900
3,3,3.13746000,5,289.477900,289.212900,-0.265000
3,3,3.13746000,6,298.582500,298.417300,-0.165200
3,3,3.13746000,7,332.018000,331.605000,-0.413000
3,3,3.13746000,8,352.503400,352.341900,-0.161500
3,3,3.13746000,9,358.006000,357.610500,-0.395500
3,3,3.13746000,10,373.113200,372.427200,-0.686000
3,3,3.13746000,11,388.909600,388.345300,-0.564300
3,3,3.13746000,12,409.762400,409.429100,-0.333300
3,3,3.13746000,13,417.960700,417.557200,-0.403500
3,3,3.13746000,14,447.619100,447.319700,-0.299400
3,3,3.13746000,15,458.125100,457.827700,-0.297400
3,3,3.13746000,16,482.254100,481.813700,-0.440400
3,3,3.13746000,17,493.537200,493.131300,-0.405900
3,3,3.13746000,18,503.508700,503.348600,-0.160100
3,3,3.13746000,19,512.623500,512.010100,-0.613400
3,3,3.13746000,20,516.785900,516.199600,-0.586300
3,3,3.13746000,21,532.837900,532.463400,-0.374500
3,3,3.13746000,22,589.205400,589.310400,0.105000
3,3,3.13746000,23,595.124900,595.006900,-0.118000
3,3,3.13746000,24,627.035600,626.717500,-0.318100
3,3,3.13746000,25,639.872900,639.513600,-0.359300
3,3,3.13746000,26,656.428800,655.960800,-0.468000
3,3,3.13746000,27,714.875700,713.735700,-1.140000
3,3,3.13746000,28,734.636200,733.627500,-1.008700
3,3,3.13746000,29,764.250000,763.481600,-0.768400
3,3,3.13746000,30,773.040300,772.736500,-0.303800
3,4,3.14698700,1,216.829700,216.441900,-0.387800
3,4,3.14698700,2,243.594300,243.790300,0.196000
3,4,3.14698700,3,256.185800,256.024900,-0.160900
3,4,3.14698700,4,283.009900,282.608800,-0.401100
3,4,3.14698700,5,289.543000,289.262600,-0.280400
3,4,3.14698700,6,299.148800,298.996000,-0.152800
3,4,3.14698700,7,331.772000,331.355600,-0.416400
3,4,3.14698700,8,351.537400,351.383900,-0.153500
3,4,3.14698700,9,358.078900,357.694000,-0.384900
3,4,3.14698700,10,372.344100,371.675800,-0.668300
3,4,3.14698700,11,388.765700,388.201600,-0.564100
3,4,3.14698700,12,409.069000,408.725800,-0.343200
3,4,3.14698700,13,417.303100,416.891900,-0.411200
3,4,3.14698700,14,446.158700,445.866400,-0.292300
3,4,3.14698700,15,457.685900,457.376900,-0.309000
3,4,3.14698700,16,481.595300,481.162700,-0.432600
3,4,3.14698700,17,492.271100,491.839600,-0.431500
3,4,3.14698700,18,504.703500,504.663200,-0.040300
3,4,3.14698700,19,514.967300,514.250800,-0.716500
3,4,3.14698700,20,517.527700,516.917500,-0.610200
3,4,3.14698700,21,532.431900,532.074200,-0.357700
3,4,3.14698700,22,589.902300,590.010900,0.108600
3,4,3.14698700,23,595.545100,595.431600,-0.113500
3,4,3.14698700,24,627.008800,626.691300,-0.317500
3,4,3.14698700,25,639.868300,639.488700,-0.379600
3,4,3.14698700,26,657.585700,657.111600,-0.474100
3,4,3.14698700,27,714.876000,713.752600,-1.123400
3,4,3.14698700,28,734.597900,733.600500,-0.997400
3,4,3.14698700,29,762.517100,761.722200,-0.794900
3,4,3.14698700,30,773.433400,773.149000,-0.284400
3,5,3.15651500,1,216.290600,215.902300,-0.388300
3,5,3.15651500,2,243.733000,243.913700,0.180700
3,5,3.15651500,3,257.301500,257.149400,-0.152100
3,5,3.15651500,4,285.257600,284.863300,-0.394300
3,5,3.15651500,5,289.381500,289.096100,-0.285400
3,5,3.15651500,6,300.026400,299.878500,-0.147900
3,5,3.15651500,7,331.510700,331.090400,-0.420300
3,5,3.15651500,8,350.577400,350.432300,-0.145100
3,5,3.15651500,9,358.130400,357.756000,-0.374400
3,5,3.15651500,10,371.608500,370.959800,-0.648700
3,5,3.15651500,11,388.563400,387.999600,-0.563800
3,5,3.15651500,12,408.461200,408.108400,-0.352800
3,5,3.15651500,13,416.672900,416.253800,-0.419100
3,5,3.15651500,14,444.717800,444.432200,-0.285600
3,5,3.15651500,15,457.218900,456.899500,-0.319400
3,5,3.15651500,16,480.986400,480.560500,-0.425900
3,5,3.15651500,17,490.712100,490.263900,-0.448200
3,5,3.15651500,18,505.604000,505.621200,0.017200
3,5,3.15651500,19,517.802800,517.053600,-0.749200
3,5,3.15651500,20,518.246900,517.596500,-0.650400
3,5,3.15651500,21,532.042500,531.702400,-0.340100
3,5,3.15651500,22,590.543000,590.653700,0.110700
3,5,3.15651500,23,595.954000,595.844600,-0.109400
3,5,3.15651500,24,627.002800,626.686200,-0.316600
3,5,3.15651500,25,639.836000,639.436100,-0.399900
3,5,3.15651500,26,658.753000,658.275300,-0.477700
3,5,3.15651500,27,714.886000,713.779000,-1.107000
3,5,3.15651500,28,734.529300,733.543200,-0.986100
3,5,3.15651500,29,760.801700,759.980700,-0.821000
3,5,3.15651500,30,773.811600,773.545400,-0.266200
3,6,3.16604200,1,215.716500,215.328500,-0.388000
3,6,3.16604200,2,243.914700,244.079000,0.164300
3,6,3.16604200,3,258.397100,258.251800,-0.145300
3,6,3.16604200,4,287.411000,287.015100,-0.395900
3,6,3.16604200,5,289.136500,288.861400,-0.275100
3,6,3.16604200,6,301.134400,300.985600,-0.148800
3,6,3.16604200,7,331.235900,330.811200,-0.424700
3,6,3.16604200,8,349.627500,349.491000,-0.136500
3,6,3.16604200,9,358.159600,357.795700,-0.363900
3,6,3.16604200,10,370.903500,370.276400,-0.627100
3,6,3.16604200,11,388.297300,387.733800,-0.563500
3,6,3.16604200,12,407.938800,407.576700,-0.362100
3,6,3.16604200,13,416.073500,415.646100,-0.427400
3,6,3.16604200,14,443.300900,443.021400,-0.279500
3,6,3.16604200,15,456.731100,456.402500,-0.328600
3,6,3.16604200,16,480.423100,480.002400,-0.420700
3,6,3.16604200,17,489.008300,488.547600,-0.460700
3,6,3.16604200,18,506.255700,506.291100,0.035400
3,6,3.16604200,19,518.879800,518.233000,-0.646800
3,6,3.16604200,20,520.996500,520.206400,-0.790100
3,6,3.16604200,21,531.673900,531.351900,-0.322000
3,6,3.16604200,22,591.129300,591.240400,0.111100
3,6,3.16604200,23,596.350600,596.245000,-0.105600
3,6,3.16604200,24,627.017500,626.702000,-0.315500
3,6,3.16604200,25,639.774200,639.354200,-0.420000
3,6,3.16604200,26,659.925400,659.446400,-0.479000
3,6,3.16604200,27,714.906400,713.815500,-1.090900
3,6,3.16604200,28,734.430700,733.456000,-0.974700
3,6,3.16604200,29,759.107600,758.260600,-0.847000
3,6,3.16604200,30,774.174100,773.925200,-0.248900
3,7,3.17557000,1,215.118900,214.731900,-0.387000
3,7,3.17557000,2,244.136000,244.282800,0.146800
3,7,3.17557000,3,259.458200,259.317900,-0.140300
3,7,3.17557000,4,288.393400,288.050100,-0.343300
3,7,3.17557000,5,289.952100,289.638400,-0.313700
3,7,3.17557000,6,302.404200,302.250700,-0.153500
3,7,3.17557000,7,330.949500,330.519800,-0.429700
3,7,3.17557000,8,348.691900,348.564200,-0.127700
3,7,3.17557000,9,358.165900,357.812400,-0.353500
3,7,3.17557000,10,370.227300,369.623400,-0.603900
3,7,3.17557000,11,387.962400,387.399100,-0.563300
3,7,3.17557000,12,407.501600,407.130700,-0.370900
3,7,3.17557000,13,415.507600,415.071700,-0.435900
3,7,3.17557000,14,441.912000,441.638100,-0.273900
3,7,3.17557000,15,456.230100,455.893900,-0.336200
3,7,3.17557000,16,479.900700,479.483800,-0.416900
3,7,3.17557000,17,487.223000,486.751500,-0.471500
3,7,3.17557000,18,506.744500,506.780400,0.035900
3,7,3.17557000,19,519.493800,518.823400,-0.670400
3,7,3.17557000,20,524.328300,523.541400,-0.786900
3,7,3.17557000,21,531.331200,531.027400,-0.303800
3,7,3.17557000,22,591.662600,591.772600,0.110000
3,7,3.17557000,23,596.734200,596.632000,-0.102200
3,7,3.17557000,24,627.052500,626.738300,-0.314200
3,7,3.17557000,25,639.681300,639.241400,-0.439900
3,7,3.17557000,26,661.097600,660.619600,-0.478000
3,7,3.17557000,27,714.938100,713.863000,-1.075100
3,7,3.17557000,28,734.302900,733.339500,-0.963400
3,7,3.17557000,29,757.438300,756.565400,-0.872900
3,7,3.17557000,30,774.520400,774.288300,-0.232100
3,8,3.18509800,1,214.507300,214.122000,-0.385300
3,8,3.18509800,2,244.393500,244.521600,0.128100
3,8,3.18509800,3,260.472000,260.334500,-0.137500
3,8,3.18509800,4,288.058700,287.747500,-0.311200
3,8,3.18509800,5,292.019600,291.691600,-0.328000
3,8,3.18509800,6,303.790000,303.629300,-0.160700
3,8,3.18509800,7,330.653400,330.218400,-0.435000
3,8,3.18509800,8,347.774300,347.655900,-0.118400
3,8,3.18509800,9,358.148600,357.805500,-0.343100
3,8,3.18509800,10,369.577700,368.998400,-0.579300
3,8,3.18509800,11,387.554300,386.991000,-0.563300
3,8,3.18509800,12,407.148900,406.770000,-0.378900
3,8,3.18509800,13,414.977700,414.533000,-0.444700
3,8,3.18509800,14,440.554200,440.285400,-0.268800
3,8,3.18509800,15,455.723900,455.381800,-0.342100
3,8,3.18509800,16,479.414100,478.999400,-0.414700
3,8,3.18509800,17,485.388500,484.907100,-0.481400
3,8,3.18509800,18,507.130100,507.159700,0.029600
3,8,3.18509800,19,520.054600,519.363700,-0.690900
3,8,3.18509800,20,527.737300,526.958500,-0.778800
3,8,3.18509800,21,531.019800,530.733800,-0.286000
3,8,3.18509800,22,592.144300,592.251600,0.107300
3,8,3.18509800,23,597.104000,597.005000,-0.099000
3,8,3.18509800,24,627.107000,626.794400,-0.312600
3,8,3.18509800,25,639.556100,639.096500,-0.459600
3,8,3.18509800,26,662.264400,661.789600,-0.474800
3,8,3.18509800,27,714.981900,713.922100,-1.059800
3,8,3.18509800,28,734.146600,733.194700,-0.951900
3,8,3.18509800,29,755.797200,754.898400,-0.898800
3,8,3.18509800,30,774.850600,774.634400,-0.216200
3,9,3.19462500,1,213.889900,213.506900,-0.383000
3,9,3.19462500,2,244.683500,244.791900,0.108400
3,9,3.19462500,3,261.426700,261.289900,-0.136800
3,9,3.19462500,4,287.646100,287.347200,-0.298900
3,9,3.19462500,5,294.125500,293.806600,-0.318900
3,9,3.19462500,6,305.265400,305.095500,-0.169900
3,9,3.19462500,7,330.349600,329.909100,-0.440500
3,9,3.19462500,8,346.878700,346.769700,-0.109000
3,9,3.19462500,9,358.107100,357.774400,-0.332700
3,9,3.19462500,10,368.952700,368.399400,-0.553300
3,9,3.19462500,11,387.069500,386.505900,-0.563600
3,9,3.19462500,12,406.879700,406.493800,-0.385900
3,9,3.19462500,13,414.485700,414.031900,-0.453800
3,9,3.19462500,14,439.230300,438.965700,-0.264600
3,9,3.19462500,15,455.220500,454.874100,-0.346400
3,9,3.19462500,16,478.958100,478.544200,-0.413900
3,9,3.19462500,17,483.525000,483.033700,-0.491300
3,9,3.19462500,18,507.448000,507.468700,0.020700
3,9,3.19462500,19,520.558700,519.849700,-0.709000
3,9,3.19462500,20,530.744800,530.400400,-0.344400
3,9,3.19462500,21,531.169500,530.476200,-0.693300
3,9,3.19462500,22,592.575300,592.678500,0.103200
3,9,3.19462500,23,597.459300,597.363000,-0.096300
3,9,3.19462500,24,627.180100,626.869300,-0.310800
3,9,3.19462500,25,639.397600,638.918600,-0.479000
3,9,3.19462500,26,663.420800,662.951200,-0.469600
3,9,3.19462500,27,715.038400,713.993400,-1.045000
3,9,3.19462500,28,733.962900,733.022600,-0.940300
3,9,3.19462500,29,754.187600,753.263000,-0.924600
3,9,3.19462500,30,775.164600,774.963800,-0.200800
3,10,3.20415300,1,213.273600,212.893200,-0.380400
3,10,3.20415300,2,245.002000,245.089800,0.087800
3,10,3.20415300,3,262.311900,262.173700,-0.138200
3,10,3.20415300,4,287.253500,286.965000,-0.288500
3,10,3.20415300,5,296.184500,295.880000,-0.304500
3,10,3.20415300,6,306.816800,306.635900,-0.180900
3,10,3.20415300,7,330.040400,329.594100,-0.446300
3,10,3.20415300,8,346.008500,345.909100,-0.099400
3,10,3.20415300,9,358.040900,357.718400,-0.322500
3,10,3.20415300,10,368.350900,367.824600,-0.526300
3,10,3.20415300,11,386.505700,385.941400,-0.564300
3,10,3.20415300,12,406.692500,406.300700,-0.391800
3,10,3.20415300,13,414.032800,413.569700,-0.463100
3,10,3.20415300,14,437.942700,437.681500,-0.261200
3,10,3.20415300,15,454.727500,454.378600,-0.348900
3,10,3.20415300,16,478.527800,478.113100,-0.414700
3,10,3.20415300,17,481.646400,481.145100,-0.501300
3,10,3.20415300,18,507.719000,507.730200,0.011200
3,10,3.20415300,19,521.001400,520.277500,-0.723900
3,10,3.20415300,20,530.514300,530.259400,-0.254900
3,10,3.20415300,21,534.589800,533.833100,-0.756700
3,10,3.20415300,22,592.956400,593.054000,0.097600
3,10,3.20415300,23,597.799600,597.705700,-0.093900
3,10,3.20415300,24,627.270500,626.961800,-0.308700
3,10,3.20415300,25,639.205100,638.706900,-0.498200
3,10,3.20415300,26,664.562000,664.099400,-0.462600
3,10,3.20415300,27,715.108300,714.077300,-1.031000
3,10,3.20415300,28,733.753100,732.824300,-0.928800
3,10,3.20415300,29,752.613300,751.662800,-0.950500
3,10,3.20415300,30,775.462500,775.276400,-0.186100
3,11,3.21368000,1,212.664200,212.286800,-0.377400
3,11,3.21368000,2,245.345500,245.411900,0.066400
3,11,3.21368000,3,263.118600,262.976900,-0.141700
3,11,3.21368000,4,286.907500,286.629600,-0.277900
3,11,3.21368000,5,298.173500,297.886400,-0.287100
3,11,3.21368000,6,308.439300,308.245900,-0.193400
3,11,3.21368000,7,329.728000,329.275700,-0.452300
3,11,3.21368000,8,345.166900,345.077300,-0.089600
3,11,3.21368000,9,357.949200,357.637000,-0.312200
3,11,3.21368000,10,367.771000,367.272600,-0.498400
3,11,3.21368000,11,385.861600,385.296200,-0.565400
3,11,3.21368000,12,406.585300,406.189100,-0.396200
3,11,3.21368000,13,413.619500,413.146800,-0.472700
3,11,3.21368000,14,436.693400,436.434600,-0.258800
3,11,3.21368000,15,454.252000,453.902300,-0.349700
3,11,3.21368000,16,478.118800,477.701700,-0.417100
3,11,3.21368000,17,479.764200,479.252500,-0.511700
3,11,3.21368000,18,507.955700,507.957400,0.001700
3,11,3.21368000,19,521.378600,520.643800,-0.734800
3,11,3.21368000,20,530.331700,530.087900,-0.243800
3,11,3.21368000,21,537.979000,537.234900,-0.744100
3,11,3.21368000,22,593.287800,593.378400,0.090600
3,11,3.21368000,23,598.124400,598.032600,-0.091800
3,11,3.21368000,24,627.376800,627.070400,-0.306400
3,11,3.21368000,25,638.978500,638.461500,-0.517000
3,11,3.21368000,26,665.683300,665.229400,-0.453900
3,11,3.21368000,27,715.191900,714.174100,-1.017800
3,11,3.21368000,28,733.518600,732.601500,-0.917100
3,11,3.21368000,29,751.077800,750.101400,-0.976400
3,11,3.21368000,30,775.744500,775.572400,-0.172100
3,12,3.22320800,1,212.066600,211.692500,-0.374100
3,12,3.22320800,2,245.708500,245.752800,0.044300
3,12,3.22320800,3,263.839700,263.692500,-0.147200
3,12,3.22320800,4,286.622300,286.355900,-0.266400
3,12,3.22320800,5,300.075400,299.807900,-0.267500
3,12,3.22320800,6,310.132700,309.925600,-0.207100
3,12,3.22320800,7,329.414700,328.956400,-0.458300
3,12,3.22320800,8,344.356800,344.277200,-0.079600
3,12,3.22320800,9,357.831300,357.529300,-0.302000
3,12,3.22320800,10,367.212100,366.742100,-0.470000
3,12,3.22320800,11,385.137800,384.570700,-0.567100
3,12,3.22320800,12,406.555800,406.156700,-0.399100
3,12,3.22320800,13,413.245300,412.763100,-0.482200
3,12,3.22320800,14,435.484200,435.226600,-0.257600
3,12,3.22320800,15,453.800300,453.451600,-0.348700
3,12,3.22320800,16,477.726200,477.306100,-0.420100
3,12,3.22320800,17,477.888900,477.365800,-0.523100
3,12,3.22320800,18,508.166000,508.158500,-0.007500
3,12,3.22320800,19,521.687000,520.946400,-0.740600
3,12,3.22320800,20,530.201900,529.964700,-0.237200
3,12,3.22320800,21,541.321400,540.590900,-0.730500
3,12,3.22320800,22,593.569600,593.651700,0.082100
3,12,3.22320800,23,598.433200,598.343000,-0.090200
3,12,3.22320800,24,627.497300,627.193300,-0.304000
3,12,3.22320800,25,638.717900,638.182500,-0.535400
3,12,3.22320800,26,666.780100,666.336500,-0.443600
3,12,3.22320800,27,715.289500,714.284100,-1.005400
3,12,3.22320800,28,733.261000,732.355700,-0.905300
3,12,3.22320800,29,749.585000,748.582800,-1.002200
3,12,3.22320800,30,776.010500,775.851900,-0.158600
3,13,3.23273500,1,211.485000,211.114300,-0.370700
3,13,3.23273500,2,246.087100,246.108700,0.021600
3,13,3.23273500,3,264.470200,264.315600,-0.154600
3,13,3.23273500,4,286.406400,286.152500,-0.253900
3,13,3.23273500,5,301.876100,301.629300,-0.246800
3,13,3.23273500,6,311.898700,311.676900,-0.221800
3,13,3.23273500,7,329.102800,328.638600,-0.464200
3,13,3.23273500,8,343.580900,343.511300,-0.069600
3,13,3.23273500,9,357.686000,357.394300,-0.291700
3,13,3.23273500,10,366.673700,366.232400,-0.441300
3,13,3.23273500,11,384.336100,383.766600,-0.569500
3,13,3.23273500,12,406.601000,406.201000,-0.400000
3,13,3.23273500,13,412.909400,412.417500,-0.491900
3,13,3.23273500,14,434.316800,434.059000,-0.257800
3,13,3.23273500,15,453.377900,453.031600,-0.346300
3,13,3.23273500,16,476.027700,475.494300,-0.533400
3,13,3.23273500,17,477.348800,476.923000,-0.425800
3,13,3.23273500,18,508.354900,508.338700,-0.016200
3,13,3.23273500,19,521.925500,521.185000,-0.740500
3,13,3.23273500,20,530.127100,529.891300,-0.235800
3,13,3.23273500,21,544.606100,543.890100,-0.716000
3,13,3.23273500,22,593.801200,593.873400,0.072200
3,13,3.23273500,23,598.725700,598.636900,-0.088800
3,13,3.23273500,24,627.629900,627.328600,-0.301300
3,13,3.23273500,25,638.424300,637.870800,-0.553500
3,13,3.23273500,26,667.848100,667.416100,-0.432000
3,13,3.23273500,27,715.401300,714.407300,-0.994000
3,13,3.23273500,28,732.982300,732.089000,-0.893300
3,13,3.23273500,29,748.138700,747.110800,-1.027900
3,13,3.23273500,30,776.260800,776.114900,-0.145900
3,14,3.24226300,1,210.923000,210.555800,-0.367200
3,14,3.24226300,2,246.476900,246.475500,-0.001400
3,14,3.24226300,3,265.007600,264.844200,-0.163400
3,14,3.24226300,4,286.264100,286.023400,-0.240700
3,14,3.24226300,5,303.564400,303.338900,-0.225500
3,14,3.24226300,6,313.737400,313.501200,-0.236200
3,14,3.24226300,7,328.794600,328.324600,-0.470000
3,14,3.24226300,8,342.841400,342.781900,-0.059500
3,14,3.24226300,9,357.512200,357.230600,-0.281600
3,14,3.24226300,10,366.155800,365.743300,-0.412500
3,14,3.24226300,11,383.460300,382.887500,-0.572800
3,14,3.24226300,12,406.717500,406.318700,-0.398800
3,14,3.24226300,13,412.610100,412.108600,-0.501500
3,14,3.24226300,14,433.192500,432.933000,-0.259500
3,14,3.24226300,15,452.989000,452.646700,-0.342300
3,14,3.24226300,16,474.191900,473.646800,-0.545100
3,14,3.24226300,17,476.981900,476.550100,-0.431800
3,14,3.24226300,18,508.526100,508.501500,-0.024600
3,14,3.24226300,19,522.095800,521.361400,-0.734400
3,14,3.24226300,20,530.106500,529.866700,-0.239800
3,14,3.24226300,21,547.823900,547.123500,-0.700400
3,14,3.24226300,22,593.981800,594.042400,0.060600
3,14,3.24226300,23,599.001700,598.913800,-0.087900
3,14,3.24226300,24,627.772600,627.474200,-0.298400
3,14,3.24226300,25,638.098900,637.527900,-0.571000
3,14,3.24226300,26,668.883300,668.464100,-0.419200
3,14,3.24226300,27,715.527100,714.543400,-0.983700
3,14,3.24226300,28,732.684800,731.803500,-0.881300
3,14,3.24226300,29,746.743000,745.689600,-1.053400
3,14,3.24226300,30,776.495500,776.361700,-0.133800
3,15,3.25179100,1,210.383700,210.020000,-0.363700
3,15,3.25179100,2,246.873300,246.848500,-0.024800
3,15,3.25179100,3,265.452400,265.278900,-0.173500
3,15,3.25179100,4,286.195200,285.968300,-0.226900
3,15,3.25179100,5,305.133400,304.928700,-0.204700
3,15,3.25179100,6,315.646500,315.396800,-0.249700
3,15,3.25179100,7,328.492500,328.016800,-0.475700
3,15,3.25179100,8,342.140400,342.090900,-0.049500
3,15,3.25179100,9,357.307800,357.036500,-0.271300
3,15,3.25179100,10,365.658600,365.274600,-0.384000
3,15,3.25179100,11,382.515700,381.938800,-0.576900
3,15,3.25179100,12,406.901300,406.505900,-0.395400
3,15,3.25179100,13,412.345300,411.834200,-0.511100
3,15,3.25179100,14,432.112500,431.849600,-0.262900
3,15,3.25179100,15,452.636800,452.299900,-0.336900
3,15,3.25179100,16,472.389400,471.832500,-0.556900
3,15,3.25179100,17,476.624400,476.185600,-0.438800
3,15,3.25179100,18,508.681600,508.649200,-0.032400
3,15,3.25179100,19,522.202700,521.480000,-0.722700
3,15,3.25179100,20,530.136500,529.887400,-0.249100
3,15,3.25179100,21,550.967100,550.283600,-0.683500
3,15,3.25179100,22,594.109800,594.157200,0.047400
3,15,3.25179100,23,599.261000,599.173800,-0.087200
3,15,3.25179100,24,627.923200,627.627700,-0.295500
3,15,3.25179100,25,637.744000,637.156000,-0.588000
3,15,3.25179100,26,669.881000,669.475700,-0.405300
3,15,3.25179100,27,715.666600,714.692000,-0.974600
3,15,3.25179100,28,732.370900,731.501600,-0.869300
3,15,3.25179100,29,745.402000,744.323200,-1.078800
3,15,3.25179100,30,776.714800,776.592400,-0.122400
3,16,3.26131800,1,209.869700,209.509600,-0.360100
3,16,3.26131800,2,247.271500,247.223400,-0.048100
3,16,3.26131800,3,265.808000,265.623700,-0.184300
3,16,3.26131800,4,286.196500,285.983500,-0.213000
3,16,3.26131800,5,306.581000,306.395700,-0.185300
3,16,3.26131800,6,317.619500,317.358000,-0.261500
3,16,3.26131800,7,328.198700,327.717500,-0.481200
3,16,3.26131800,8,341.479600,341.440100,-0.039500
3,16,3.26131800,9,357.070600,356.809500,-0.261100
3,16,3.26131800,10,365.182700,364.826800,-0.355900
3,16,3.26131800,11,381.509700,380.927700,-0.582000
3,16,3.26131800,12,407.147600,406.758400,-0.389200
3,16,3.26131800,13,412.112500,411.592100,-0.520400
3,16,3.26131800,14,431.077900,430.809500,-0.268400
3,16,3.26131800,15,452.323500,451.993100,-0.330400
3,16,3.26131800,16,470.629500,470.060500,-0.569000
3,16,3.26131800,17,476.275200,475.828500,-0.446700
3,16,3.26131800,18,508.823400,508.783500,-0.039900
3,16,3.26131800,19,522.253600,521.547200,-0.706400
3,16,3.26131800,20,530.210400,529.947800,-0.262600
3,16,3.26131800,21,554.028900,553.363600,-0.665300
3,16,3.26131800,22,594.183400,594.215900,0.032500
3,16,3.26131800,23,599.503500,599.416600,-0.086900
3,16,3.26131800,24,628.079200,627.786700,-0.292500
3,16,3.26131800,25,637.362300,636.758100,-0.604200
3,16,3.26131800,26,670.837500,670.447000,-0.390500
3,16,3.26131800,27,715.818900,714.852300,-0.966600
3,16,3.26131800,28,732.043300,731.186300,-0.857000
3,16,3.26131800,29,744.119700,743.016100,-1.103600
3,16,3.26131800,30,776.918800,776.807200,-0.111600
3,17,3.27084600,1,209.383200,209.026700,-0.356500
3,17,3.27084600,2,247.667100,247.595800,-0.071300
3,17,3.27084600,3,266.080700,265.885200,-0.195500
3,17,3.27084600,4,286.261500,286.062100,-0.199400
3,17,3.27084600,5,307.908400,307.740600,-0.167800
3,17,3.27084600,6,319.646700,319.375700,-0.271000
3,17,3.27084600,7,327.915300,327.429000,-0.486300
3,17,3.27084600,8,340.860600,340.830700,-0.029900
3,17,3.27084600,9,356.797100,356.546300,-0.250800
3,17,3.27084600,10,364.729000,364.400600,-0.328400
3,17,3.27084600,11,380.451400,379.863300,-0.588100
3,17,3.27084600,12,407.451200,407.071000,-0.380200
3,17,3.27084600,13,411.909100,411.379600,-0.529500
3,17,3.27084600,14,430.089600,429.813400,-0.276200
3,17,3.27084600,15,452.050000,451.727100,-0.322900
3,17,3.27084600,16,468.921400,468.340300,-0.581100
3,17,3.27084600,17,475.934200,475.479000,-0.455200
3,17,3.27084600,18,508.952500,508.905700,-0.046800
3,17,3.27084600,19,522.257700,521.570900,-0.686800
3,17,3.27084600,20,530.320000,530.040900,-0.279100
3,17,3.27084600,21,557.002500,556.357100,-0.645400
3,17,3.27084600,22,594.200100,594.215900,0.015800
3,17,3.27084600,23,599.729000,599.642300,-0.086700
3,17,3.27084600,24,628.238200,627.948900,-0.289300
3,17,3.27084600,25,636.957800,636.337900,-0.619900
3,17,3.27084600,26,671.748900,671.373800,-0.375100
3,17,3.27084600,27,715.983100,715.023300,-0.959800
3,17,3.27084600,28,731.705300,730.860600,-0.844700
3,17,3.27084600,29,742.900600,741.772500,-1.128100
3,17,3.27084600,30,777.107800,777.006100,-0.101700
3,18,3.28037300,1,208.926300,208.573200,-0.353100
3,18,3.28037300,2,248.055400,247.961200,-0.094200
3,18,3.28037300,3,266.279000,266.072400,-0.206600
3,18,3.28037300,4,286.380900,286.194600,-0.186300
3,18,3.28037300,5,309.119500,308.967200,-0.152300
3,18,3.28037300,6,321.716500,321.438300,-0.278200
3,18,3.28037300,7,327.644500,327.153400,-0.491100
3,18,3.28037300,8,340.284400,340.264000,-0.020400
3,18,3.28037300,9,356.483100,356.242600,-0.240500
3,18,3.28037300,10,364.298900,363.997000,-0.301900
3,18,3.28037300,11,379.352200,378.756800,-0.595400
3,18,3.28037300,12,407.805900,407.437800,-0.368100
3,18,3.28037300,13,411.732300,411.194000,-0.538300
3,18,3.28037300,14,429.148400,428.861800,-0.286600
3,18,3.28037300,15,451.816000,451.501400,-0.314600
3,18,3.28037300,16,467.275000,466.681700,-0.593300
3,18,3.28037300,17,475.601800,475.137600,-0.464200
3,18,3.28037300,18,509.070000,509.016700,-0.053300
3,18,3.28037300,19,522.225000,521.559500,-0.665500
3,18,3.28037300,20,530.455900,530.158600,-0.297300
3,18,3.28037300,21,559.881600,559.257800,-0.623800
3,18,3.28037300,22,594.156900,594.154100,-0.002800
3,18,3.28037300,23,599.937600,599.850700,-0.086900
3,18,3.28037300,24,628.397800,628.111700,-0.286100
3,18,3.28037300,25,636.534900,635.900200,-0.634700
3,18,3.28037300,26,672.611400,672.252300,-0.359100
3,18,3.28037300,27,716.157800,715.203400,-0.954400
3,18,3.28037300,28,731.360100,730.527800,-0.832300
3,18,3.28037300,29,741.749000,740.596900,-1.152100
3,18,3.28037300,30,777.281900,777.189500,-0.092400
3,19,3.28990100,1,208.500700,208.150900,-0.349800
3,19,3.28990100,2,248.431900,248.315500,-0.116400
3,19,3.28990100,3,266.412800,266.195700,-0.217100
3,19,3.28990100,4,286.544000,286.370000,-0.174000
3,19,3.28990100,5,310.219000,310.080100,-0.138900
3,19,3.28990100,6,323.815800,323.532900,-0.282900
3,19,3.28990100,7,327.388100,326.892600,-0.495500
3,19,3.28990100,8,339.752300,339.741000,-0.011300
3,19,3.28990100,9,356.122900,355.892500,-0.230400
3,19,3.28990100,10,363.893700,363.617100,-0.276600
3,19,3.28990100,11,378.225500,377.621900,-0.603600
3,19,3.28990100,12,408.204900,407.852300,-0.352600
3,19,3.28990100,13,411.579500,411.032700,-0.546800
3,19,3.28990100,14,428.255200,427.955400,-0.299800
3,19,3.28990100,15,451.620400,451.314800,-0.305600
3,19,3.28990100,16,465.700200,465.095000,-0.605200
3,19,3.28990100,17,475.279400,474.805900,-0.473500
3,19,3.28990100,18,509.176500,509.117100,-0.059400
3,19,3.28990100,19,522.165200,521.521700,-0.643500
3,19,3.28990100,20,530.609100,530.293000,-0.316100
3,19,3.28990100,21,562.659700,562.059400,-0.600300
3,19,3.28990100,22,594.050500,594.026800,-0.023700
3,19,3.28990100,23,600.129300,600.042100,-0.087200
3,19,3.28990100,24,628.555500,628.272500,-0.283000
3,19,3.28990100,25,636.099300,635.450600,-0.648700
3,19,3.28990100,26,673.421400,673.078400,-0.343000
3,19,3.28990100,27,716.341100,715.390800,-0.950300
3,19,3.28990100,28,731.011800,730.191900,-0.819900
3,19,3.28990100,29,740.669000,739.493800,-1.175200
3,19,3.28990100,30,777.441300,777.357400,-0.083900
3,20,3.29942800,1,208.107800,207.761100,-0.346700
3,20,3.29942800,2,248.792400,248.654600,-0.137800
3,20,3.29942800,3,266.493100,266.266100,-0.227000
3,20,3.29942800,4,286.739100,286.576300,-0.162800
3,20,3.29942800,5,311.211600,311.084200,-0.127400
3,20,3.29942800,6,325.931600,325.646300,-0.285300
3,20,3.29942800,7,327.148200,326.648500,-0.499700
3,20,3.29942800,8,339.264900,339.262300,-0.002600
3,20,3.29942800,9,355.709100,355.488800,-0.220300
3,20,3.29942800,10,363.515100,363.262500,-0.252600
3,20,3.29942800,11,377.087300,376.474700,-0.612600
3,20,3.29942800,12,408.640300,408.306600,-0.333700
3,20,3.29942800,13,411.448200,410.893200,-0.555000
3,20,3.29942800,14,427.411000,427.094900,-0.316100
3,20,3.29942800,15,451.461100,451.164900,-0.296200
3,20,3.29942800,16,464.207700,463.590900,-0.616800
3,20,3.29942800,17,474.968900,474.485800,-0.483100
3,20,3.29942800,18,509.272400,509.207500,-0.064900
3,20,3.29942800,19,522.087300,521.465300,-0.622000
3,20,3.29942800,20,530.771200,530.436800,-0.334400
3,20,3.29942800,21,565.330100,564.755400,-0.574700
3,20,3.29942800,22,593.877000,593.830200,-0.046800
3,20,3.29942800,23,600.304000,600.216400,-0.087600
3,20,3.29942800,24,628.708900,628.429000,-0.279900
3,20,3.29942800,25,635.657600,634.996000,-0.661600
3,20,3.29942800,26,674.175300,673.848400,-0.326900
3,20,3.29942800,27,716.530500,715.583100,-0.947400
3,20,3.29942800,28,730.664600,729.857000,-0.807600
3,20,3.29942800,29,739.664900,738.467600,-1.197300
3,20,3.29942800,30,777.586100,777.510100,-0.076000
3,21,3.30895600,1,207.748800,207.405000,-0.343800
3,21,3.30895600,2,249.132500,248.974400,-0.158100
3,21,3.30895600,3,266.530700,266.294800,-0.235900
3,21,3.30895600,4,286.954200,286.801400,-0.152800
3,21,3.30895600,5,312.101600,311.984000,-0.117600
3,21,3.30895600,6,326.925700,326.422700,-0.503000
3,21,3.30895600,7,328.051600,327.765300,-0.286300
3,21,3.30895600,8,338.823000,338.828600,0.005600
3,21,3.30895600,9,355.232900,355.022200,-0.210700
3,21,3.30895600,10,363.164800,362.934600,-0.230200
3,21,3.30895600,11,375.956200,375.333800,-0.622400
3,21,3.30895600,12,409.103000,408.792000,-0.311000
3,21,3.30895600,13,411.336100,410.773400,-0.562700
3,21,3.30895600,14,426.617100,426.281400,-0.335700
3,21,3.30895600,15,451.335100,451.048400,-0.286700
3,21,3.30895600,16,462.808400,462.180500,-0.627900
3,21,3.30895600,17,474.672700,474.180200,-0.492500
3,21,3.30895600,18,509.358300,509.288300,-0.070000
3,21,3.30895600,19,521.998800,521.397200,-0.601600
3,21,3.30895600,20,530.934900,530.583300,-0.351600
3,21,3.30895600,21,567.885500,567.338700,-0.546800
3,21,3.30895600,22,593.632500,593.559900,-0.072600
3,21,3.30895600,23,600.461800,600.373600,-0.088200
3,21,3.30895600,24,628.855600,628.578700,-0.276900
3,21,3.30895600,25,635.217200,634.543700,-0.673500
3,21,3.30895600,26,674.869700,674.558500,-0.311200
3,21,3.30895600,27,716.723300,715.777500,-0.945800
3,21,3.30895600,28,730.323100,729.527800,-0.795300
3,21,3.30895600,29,738.741000,737.522500,-1.218500
3,21,3.30895600,30,777.716500,777.647700,-0.068800
3,22,3.31848400,1,207.425000,207.084000,-0.341000
3,22,3.31848400,2,249.448400,249.271400,-0.177000
3,22,3.31848400,3,266.536100,266.292400,-0.243700
3,22,3.31848400,4,287.178200,287.034100,-0.144100
3,22,3.31848400,5,312.892300,312.783100,-0.109200
3,22,3.31848400,6,326.723200,326.216800,-0.506400
3,22,3.31848400,7,330.162100,329.877000,-0.285100
3,22,3.31848400,8,338.426900,338.440200,0.013300
3,22,3.31848400,9,354.683700,354.482000,-0.201700
3,22,3.31848400,10,362.844800,362.635300,-0.209500
3,22,3.31848400,11,374.853300,374.220600,-0.632700
3,22,3.31848400,12,409.582600,409.298200,-0.284400
3,22,3.31848400,13,411.241400,410.671100,-0.570300
3,22,3.31848400,14,425.875600,425.516800,-0.358800
3,22,3.31848400,15,451.238800,450.961700,-0.277100
3,22,3.31848400,16,461.513500,460.875100,-0.638400
3,22,3.31848400,17,474.394000,473.892200,-0.501800
3,22,3.31848400,18,509.434500,509.359900,-0.074600
3,22,3.31848400,19,521.906200,521.323400,-0.582800
3,22,3.31848400,20,531.094200,530.726800,-0.367400
3,22,3.31848400,21,570.318100,569.801800,-0.516300
3,22,3.31848400,22,593.313200,593.212000,-0.101200
3,22,3.31848400,23,600.602900,600.514100,-0.088800
3,22,3.31848400,24,628.993500,628.719400,-0.274100
3,22,3.31848400,25,634.786600,634.102300,-0.684300
3,22,3.31848400,26,675.501400,675.205400,-0.296000
3,22,3.31848400,27,716.915800,715.970500,-0.945300
3,22,3.31848400,28,729.992700,729.209400,-0.783300
3,22,3.31848400,29,737.901400,736.663200,-1.238200
3,22,3.31848400,30,777.832800,777.770300,-0.062500
3,23,3.32801100,1,207.137300,206.798700,-0.338600
3,23,3.32801100,2,249.736500,249.542100,-0.194400
3,23,3.32801100,3,266.518900,266.268300,-0.250600
3,23,3.32801100,4,287.400400,287.263800,-0.136600
3,23,3.32801100,5,313.586300,313.484100,-0.102200
3,23,3.32801100,6,326.541400,326.032100,-0.509300
3,23,3.32801100,7,332.250900,331.968200,-0.282700
3,23,3.32801100,8,338.077100,338.097300,0.020200
3,23,3.32801100,9,354.049900,353.856300,-0.193600
3,23,3.32801100,10,362.557000,362.366000,-0.191000
3,23,3.32801100,11,373.801800,373.158900,-0.642900
3,23,3.32801100,12,410.066800,409.813500,-0.253300
3,23,3.32801100,13,411.162800,410.584600,-0.578200
3,23,3.32801100,14,425.189400,424.804000,-0.385400
3,23,3.32801100,15,451.168300,450.900300,-0.268000
3,23,3.32801100,16,460.334600,459.686500,-0.648100
3,23,3.32801100,17,474.136100,473.625500,-0.510600
3,23,3.32801100,18,509.501300,509.422500,-0.078800
3,23,3.32801100,19,521.814700,521.248900,-0.565800
3,23,3.32801100,20,531.244200,530.862800,-0.381400
3,23,3.32801100,21,572.619100,572.136100,-0.483000
3,23,3.32801100,22,592.915900,592.782900,-0.133000
3,23,3.32801100,23,600.727200,600.637700,-0.089500
3,23,3.32801100,24,629.120400,628.848900,-0.271500
3,23,3.32801100,25,634.374800,633.681000,-0.693800
3,23,3.32801100,26,676.067200,675.785400,-0.281800
3,23,3.32801100,27,717.104000,716.158100,-0.945900
3,23,3.32801100,28,729.678900,728.907300,-0.771600
3,23,3.32801100,29,737.150000,735.893500,-1.256500
3,23,3.32801100,30,777.935000,777.878100,-0.056900
3,24,3.33753900,1,206.886500,206.550000,-0.336500
3,24,3.33753900,2,249.993400,249.783300,-0.210100
3,24,3.33753900,3,266.487600,266.231200,-0.256400
3,24,3.33753900,4,287.611800,287.481500,-0.130300
3,24,3.33753900,5,314.185500,314.089100,-0.096400
3,24,3.33753900,6,326.381600,325.869800,-0.511800
3,24,3.33753900,7,334.304100,334.024900,-0.279200
3,24,3.33753900,8,337.773800,337.800200,0.026400
3,24,3.33753900,9,353.320300,353.133300,-0.187000
3,24,3.33753900,10,362.303100,362.128700,-0.174400
3,24,3.33753900,11,372.826600,372.173900,-0.652700
3,24,3.33753900,12,410.539400,410.323700,-0.215700
3,24,3.33753900,13,411.101300,410.512500,-0.588800
3,24,3.33753900,14,424.563000,424.147900,-0.415100
3,24,3.33753900,15,451.119200,450.859800,-0.259400
3,24,3.33753900,16,459.283100,458.626300,-0.656800
3,24,3.33753900,17,473.902600,473.383700,-0.518900
3,24,3.33753900,18,509.558800,509.476400,-0.082400
3,24,3.33753900,19,521.728600,521.177500,-0.551100
3,24,3.33753900,20,531.380800,530.987200,-0.393600
3,24,3.33753900,21,574.777600,574.331300,-0.446300
3,24,3.33753900,22,592.439400,592.271000,-0.168400
3,24,3.33753900,23,600.834800,600.744700,-0.090100
3,24,3.33753900,24,629.234500,628.965400,-0.269100
3,24,3.33753900,25,633.991300,633.289300,-0.702000
3,24,3.33753900,26,676.564200,676.295600,-0.268600
3,24,3.33753900,27,717.283200,716.335900,-0.947300
3,24,3.33753900,28,729.387900,728.627400,-0.760500
3,24,3.33753900,29,736.490400,735.217500,-1.272900
3,24,3.33753900,30,778.023200,777.971200,-0.052000
3,25,3.34706600,1,206.673100,206.338600,-0.334500
3,25,3.34706600,2,250.216000,249.992400,-0.223600
3,25,3.34706600,3,266.449300,266.188100,-0.261200
3,25,3.34706600,4,287.803800,287.678600,-0.125200
3,25,3.34706600,5,314.691100,314.599600,-0.091500
3,25,3.34706600,6,326.244700,325.730800,-0.513900
3,25,3.34706600,7,336.305500,336.030700,-0.274800
3,25,3.34706600,8,337.517200,337.548800,0.031600
3,25,3.34706600,9,352.485800,352.303700,-0.182100
3,25,3.34706600,10,362.084900,361.924700,-0.160200
3,25,3.34706600,11,371.952700,371.291400,-0.661300
3,25,3.34706600,12,410.941100,410.453300,-0.487800
3,25,3.34706600,13,411.099400,410.812600,-0.286800
3,25,3.34706600,14,424.002800,423.555400,-0.447400
3,25,3.34706600,15,451.087000,450.835500,-0.251500
3,25,3.34706600,16,458.370100,457.705800,-0.664300
3,25,3.34706600,17,473.697200,473.170900,-0.526300
3,25,3.34706600,18,509.607100,509.521800,-0.085300
3,25,3.34706600,19,521.651000,521.112400,-0.538600
3,25,3.34706600,20,531.501000,531.097000,-0.404000
3,25,3.34706600,21,576.779100,576.373300,-0.405800
3,25,3.34706600,22,591.886100,591.678100,-0.208000
3,25,3.34706600,23,600.925700,600.835000,-0.090700
3,25,3.34706600,24,629.334000,629.067000,-0.267000
3,25,3.34706600,25,633.645800,632.936900,-0.708900
3,25,3.34706600,26,676.989700,676.732800,-0.256900
3,25,3.34706600,27,717.448100,716.498800,-0.949300
3,25,3.34706600,28,729.126100,728.375800,-0.750300
3,25,3.34706600,29,735.925900,734.638600,-1.287300
3,25,3.34706600,30,778.097700,778.049800,-0.047900
3,26,3.35659400,1,206.497800,206.164800,-0.333000
3,26,3.35659400,2,250.401900,250.166800,-0.235100
3,26,3.35659400,3,266.410000,266.145000,-0.265000
3,26,3.35659400,4,287.969900,287.848800,-0.121100
3,26,3.35659400,5,315.104000,315.016400,-0.087600
3,26,3.35659400,6,326.131600,325.616000,-0.515600
3,26,3.35659400,7,337.306800,337.343300,0.036500
3,26,3.35659400,8,338.235200,337.964600,-0.270600
3,26,3.35659400,9,351.543800,351.364900,-0.178900
3,26,3.35659400,10,361.904000,361.755700,-0.148300
3,26,3.35659400,11,371.203800,370.535300,-0.668500
3,26,3.35659400,12,410.978700,410.406300,-0.572400
3,26,3.35659400,13,411.431300,411.260700,-0.170600
3,26,3.35659400,14,423.517900,423.037200,-0.480700
3,26,3.35659400,15,451.067600,450.822800,-0.244800
3,26,3.35659400,16,457.606300,456.935700,-0.670600
3,26,3.35659400,17,473.523300,472.990600,-0.532700
3,26,3.35659400,18,509.646700,509.558800,-0.087900
3,26,3.35659400,19,521.584500,521.056300,-0.528200
3,26,3.35659400,20,531.602200,531.189900,-0.412300
3,26,3.35659400,21,578.602400,578.241800,-0.360600
3,26,3.35659400,22,591.265800,591.013300,-0.252500
3,26,3.35659400,23,601.000100,600.908800,-0.091300
3,26,3.35659400,24,629.417600,629.152300,-0.265300
3,26,3.35659400,25,633.347700,632.633100,-0.714600
3,26,3.35659400,26,677.341300,677.094400,-0.246900
3,26,3.35659400,27,717.593400,716.641800,-0.951600
3,26,3.35659400,28,728.900100,728.158900,-0.741200
3,26,3.35659400,29,735.459700,734.160300,-1.299400
3,26,3.35659400,30,778.158500,778.114000,-0.044500
3,27,3.36612100,1,206.361100,206.029200,-0.331900
3,27,3.36612100,2,250.548700,250.304600,-0.244100
3,27,3.36612100,3,266.374700,266.106700,-0.268000
3,27,3.36612100,4,288.104600,287.986600,-0.118000
3,27,3.36612100,5,315.424700,315.340200,-0.084500
3,27,3.36612100,6,326.042900,325.526000,-0.516900
3,27,3.36612100,7,337.143600,337.183500,0.039900
3,27,3.36612100,8,340.061400,339.794700,-0.266700
3,27,3.36612100,9,350.505500,350.328600,-0.176900
3,27,3.36612100,10,361.761800,361.622800,-0.139000
3,27,3.36612100,11,370.600300,369.926400,-0.673900
3,27,3.36612100,12,410.952200,410.370400,-0.581800
3,27,3.36612100,13,411.776900,411.646200,-0.130700
3,27,3.36612100,14,423.119400,422.606700,-0.512700
3,27,3.36612100,15,451.057000,450.817800,-0.239200
3,27,3.36612100,16,457.001200,456.325500,-0.675700
3,27,3.36612100,17,473.384300,472.846400,-0.537900
3,27,3.36612100,18,509.677300,509.587400,-0.089900
3,27,3.36612100,19,521.531000,521.010800,-0.520200
3,27,3.36612100,20,531.682800,531.263900,-0.418900
3,27,3.36612100,21,580.212200,579.902400,-0.309800
3,27,3.36612100,22,590.603600,590.300900,-0.302700
3,27,3.36612100,23,601.057800,600.966100,-0.091700
3,27,3.36612100,24,629.483800,629.219900,-0.263900
3,27,3.36612100,25,633.105600,632.386700,-0.718900
3,27,3.36612100,26,677.617000,677.378200,-0.238800
3,27,3.36612100,27,717.713700,716.759600,-0.954100
3,27,3.36612100,28,728.716100,727.982500,-0.733600
3,27,3.36612100,29,735.094300,733.785200,-1.309100
3,27,3.36612100,30,778.205700,778.163800,-0.041900
3,28,3.37564900,1,206.263000,205.932100,-0.330900
3,28,3.37564900,2,250.654800,250.404200,-0.250600
3,28,3.37564900,3,266.346800,266.076700,-0.270100
3,28,3.37564900,4,288.203700,288.087900,-0.115800
3,28,3.37564900,5,315.653700,315.571200,-0.082500
3,28,3.37564900,6,325.979200,325.461300,-0.517900
3,28,3.37564900,7,337.026900,337.069400,0.042500
3,28,3.37564900,8,341.724500,341.459200,-0.265300
3,28,3.37564900,9,349.415500,349.241200,-0.174300
3,28,3.37564900,10,361.659300,361.527100,-0.132200
3,28,3.37564900,11,370.158400,369.480700,-0.677700
3,28,3.37564900,12,410.931100,410.345200,-0.585900
3,28,3.37564900,13,412.045900,411.945600,-0.100300
3,28,3.37564900,14,422.820600,422.280700,-0.539900
3,28,3.37564900,15,451.051900,450.816800,-0.235100
3,28,3.37564900,16,456.562600,455.883200,-0.679400
3,28,3.37564900,17,473.282900,472.741100,-0.541800
3,28,3.37564900,18,509.699000,509.607800,-0.091200
3,28,3.37564900,19,521.491900,520.977300,-0.514600
3,28,3.37564900,20,531.741100,531.317600,-0.423500
3,28,3.37564900,21,581.542900,581.289100,-0.253800
3,28,3.37564900,22,589.956400,589.598000,-0.358400
3,28,3.37564900,23,601.099000,601.006900,-0.092100
3,28,3.37564900,24,629.531900,629.269000,-0.262900
3,28,3.37564900,25,632.926700,632.204800,-0.721900
3,28,3.37564900,26,677.815200,677.582300,-0.232900
3,28,3.37564900,27,717.803700,716.847700,-0.956000
3,28,3.37564900,28,728.580000,727.852100,-0.727900
3,28,3.37564900,29,734.831700,733.515600,-1.316100
3,28,3.37564900,30,778.239300,778.199300,-0.040000
3,29,3.38517700,1,206.204200,205.873800,-0.330400
3,29,3.38517700,2,250.719000,250.464400,-0.254600
3,29,3.38517700,3,266.329100,266.057800,-0.271300
3,29,3.38517700,4,288.264400,288.149800,-0.114600
3,29,3.38517700,5,315.791000,315.709800,-0.081200
3,29,3.38517700,6,325.940800,325.422400,-0.518400
3,29,3.38517700,7,336.956900,337.000900,0.044000
3,29,3.38517700,8,343.069500,342.800400,-0.269100
3,29,3.38517700,9,348.418400,348.250200,-0.168200
3,29,3.38517700,10,361.597500,361.469400,-0.128100
3,29,3.38517700,11,369.889000,369.209300,-0.679700
3,29,3.38517700,12,410.918200,410.330200,-0.588000
3,29,3.38517700,13,412.216600,412.136400,-0.080200
3,29,3.38517700,14,422.634700,422.076200,-0.558500
3,29,3.38517700,15,451.049900,450.817300,-0.232600
3,29,3.38517700,16,456.297000,455.615400,-0.681600
3,29,3.38517700,17,473.221100,472.677000,-0.544100
3,29,3.38517700,18,509.712100,509.620000,-0.092100
3,29,3.38517700,19,521.468000,520.956900,-0.511100
3,29,3.38517700,20,531.776500,531.350300,-0.426200
3,29,3.38517700,21,582.472000,582.271600,-0.200400
3,29,3.38517700,22,589.440300,589.028600,-0.411700
3,29,3.38517700,23,601.123700,601.031500,-0.092200
3,29,3.38517700,24,629.561000,629.298700,-0.262300
3,29,3.38517700,25,632.817100,632.093300,-0.723800
3,29,3.38517700,26,677.934600,677.705300,-0.229300
3,29,3.38517700,27,717.859600,716.902200,-0.957400
3,29,3.38517700,28,728.496200,727.772000,-0.724200
3,29,3.38517700,29,734.673600,733.353100,-1.320500
3,29,3.38517700,30,778.259400,778.220600,-0.038800
3,30,3.39470400,1,206.184500,205.854300,-0.330200
3,30,3.39470400,2,250.740500,250.484500,-0.256000
3,30,3.39470400,3,266.323000,266.051300,-0.271700
3,30,3.39470400,4,288.284800,288.170700,-0.114100
3,30,3.39470400,5,315.836700,315.756000,-0.080700
3,30,3.39470400,6,325.928000,325.409400,-0.518600
3,30,3.39470400,7,336.933600,336.978100,0.044500
3,30,3.39470400,8,343.661700,343.387100,-0.274600
3,30,3.39470400,9,347.942800,347.780900,-0.161900
3,30,3.39470400,10,361.576900,361.450100,-0.126800
3,30,3.39470400,11,369.798500,369.118100,-0.680400
3,30,3.39470400,12,410.913800,410.325300,-0.588500
3,30,3.39470400,13,412.275100,412.202100,-0.073000
3,30,3.39470400,14,422.571500,422.006300,-0.565200
3,30,3.39470400,15,451.049400,450.817700,-0.231700
3,30,3.39470400,16,456.208000,455.525700,-0.682300
3,30,3.39470400,17,473.200400,472.655500,-0.544900
3,30,3.39470400,18,509.716400,509.624100,-0.092300
3,30,3.39470400,19,521.460000,520.950100,-0.509900
3,30,3.39470400,20,531.788400,531.361200,-0.427200
3,30,3.39470400,21,582.817300,582.642000,-0.175300
3,30,3.39470400,22,589.233100,588.796300,-0.436800
3,30,3.39470400,23,601.132000,601.039700,-0.092300
3,30,3.39470400,24,629.570800,629.308700,-0.262100
3,30,3.39470400,25,632.780200,632.055800,-0.724400
3,30,3.39470400,26,677.974400,677.746400,-0.228000
3,30,3.39470400,27,717.878500,716.920700,-0.957800
3,30,3.39470400,28,728.468000,727.745000,-0.723000
3,30,3.39470400,29,734.620800,733.298900,-1.321900
3,30,3.39470400,30,778.266200,778.227700,-0.038500
3,31,3.40251000,1,206.209700,205.879400,-0.330300
3,31,3.40251000,2,250.749100,250.493100,-0.256000
3,31,3.40251000,3,266.292000,266.020400,-0.271600
3,31,3.40251000,4,288.298400,288.184200,-0.114200
3,31,3.40251000,5,315.794500,315.714000,-0.080500
3,31,3.40251000,6,325.914700,325.397400,-0.517300
3,31,3.40251000,7,336.950500,336.994400,0.043900
3,31,3.40251000,8,343.640200,343.362700,-0.277500
3,31,3.40251000,9,347.962400,347.800400,-0.162000
3,31,3.40251000,10,361.627600,361.499500,-0.128100
3,31,3.40251000,11,369.823100,369.145900,-0.677200
3,31,3.40251000,12,410.913100,410.325800,-0.587300
3,31,3.40251000,13,412.237100,412.163800,-0.073300
3,31,3.40251000,14,422.578400,422.012700,-0.565700
3,31,3.40251000,15,451.071200,450.837900,-0.233300
3,31,3.40251000,16,456.221400,455.540700,-0.680700
3,31,3.40251000,17,473.191800,472.646800,-0.545000
3,31,3.40251000,18,509.666900,509.573900,-0.093000
3,31,3.40251000,19,521.517500,521.007600,-0.509900
3,31,3.40251000,20,531.801700,531.374600,-0.427100
3,31,3.40251000,21,582.806900,582.631800,-0.175100
3,31,3.40251000,22,589.239500,588.802600,-0.436900
3,31,3.40251000,23,601.125100,601.032500,-0.092600
3,31,3.40251000,24,629.166200,628.854500,-0.311700
3,31,3.40251000,25,633.181200,632.506800,-0.674400
3,31,3.40251000,26,677.945000,677.717000,-0.228000
3,31,3.40251000,27,717.811600,716.851700,-0.959900
3,31,3.40251000,28,728.469000,727.745700,-0.723300
3,31,3.40251000,29,734.695900,733.376200,-1.319700
3,31,3.40251000,30,778.262100,778.223300,-0.038800
3,32,3.41031600,1,206.285200,205.954400,-0.330800
3,32,3.41031600,2,250.775100,250.519000,-0.256100
3,32,3.41031600,3,266.199200,265.927700,-0.271500
3,32,3.41031600,4,288.338900,288.224600,-0.114300
3,32,3.41031600,5,315.668100,315.588500,-0.079600
3,32,3.41031600,6,325.873800,325.360100,-0.513700
3,32,3.41031600,7,337.001100,337.043000,0.041900
3,32,3.41031600,8,343.579000,343.293000,-0.286000
3,32,3.41031600,9,348.021200,347.859000,-0.162200
3,32,3.41031600,10,361.776800,361.644500,-0.132300
3,32,3.41031600,11,369.897000,369.229400,-0.667600
3,32,3.41031600,12,410.910800,410.327200,-0.583600
3,32,3.41031600,13,412.124200,412.050000,-0.074200
3,32,3.41031600,14,422.598900,422.031900,-0.567000
3,32,3.41031600,15,451.134400,450.896400,-0.238000
3,32,3.41031600,16,456.263100,455.587200,-0.675900
3,32,3.41031600,17,473.166000,472.620500,-0.545500
3,32,3.41031600,18,509.519100,509.424200,-0.094900
3,32,3.41031600,19,521.689700,521.179900,-0.509800
3,32,3.41031600,20,531.841200,531.414100,-0.427100
3,32,3.41031600,21,582.775800,582.601100,-0.174700
3,32,3.41031600,22,589.258900,588.821300,-0.437600
3,32,3.41031600,23,601.104400,601.011100,-0.093300
3,32,3.41031600,24,628.272100,627.905700,-0.366400
3,32,3.41031600,25,634.064800,633.445900,-0.618900
3,32,3.41031600,26,677.856800,677.629100,-0.227700
3,32,3.41031600,27,717.614300,716.648800,-0.965500
3,32,3.41031600,28,728.472000,727.747800,-0.724200
3,32,3.41031600,29,734.917700,733.604400,-1.313300
3,32,3.41031600,30,778.249800,778.210300,-0.039500
3,33,3.41812200,1,206.410800,206.079400,-0.331400
3,33,3.41812200,2,250.818500,250.562100,-0.256400
3,33,3.41812200,3,266.045200,265.774000,-0.271200
3,33,3.41812200,4,288.406500,288.292000,-0.114500
3,33,3.41812200,5,315.458200,315.380100,-0.078100
3,33,3.41812200,6,325.801900,325.294200,-0.507700
3,33,3.41812200,7,337.084800,337.123500,0.038700
3,33,3.41812200,8,343.487600,343.187700,-0.299900
3,33,3.41812200,9,348.119200,347.956600,-0.162600
3,33,3.41812200,10,362.016800,361.876900,-0.139900
3,33,3.41812200,11,370.021100,369.369800,-0.651300
3,33,3.41812200,12,410.906800,410.329600,-0.577200
3,33,3.41812200,13,411.940100,411.864300,-0.075800
3,33,3.41812200,14,422.632900,422.063600,-0.569300
3,33,3.41812200,15,451.233100,450.986700,-0.246400
3,33,3.41812200,16,456.337400,455.670000,-0.667400
3,33,3.41812200,17,473.122700,472.576400,-0.546300
3,33,3.41812200,18,509.275200,509.177400,-0.097800
3,33,3.41812200,19,521.975800,521.466000,-0.509800
3,33,3.41812200,20,531.905000,531.478000,-0.427000
3,33,3.41812200,21,582.723900,582.549900,-0.174000
3,33,3.41812200,22,589.291100,588.852500,-0.438600
3,33,3.41812200,23,601.070000,600.975500,-0.094500
3,33,3.41812200,24,627.205700,626.809600,-0.396100
3,33,3.41812200,25,635.113500,634.525700,-0.587800
3,33,3.41812200,26,677.710200,677.483000,-0.227200
3,33,3.41812200,27,717.296800,716.322500,-0.974300
3,33,3.41812200,28,728.476700,727.751100,-0.725600
3,33,3.41812200,29,735.276500,733.973000,-1.303500
3,33,3.41812200,30,778.229400,778.188600,-0.040800
3,34,3.42592800,1,206.585300,206.253000,-0.332300
3,34,3.42592800,2,250.879300,250.622500,-0.256800
3,34,3.42592800,3,265.831200,265.560300,-0.270900
3,34,3.42592800,4,288.500600,288.385800,-0.114800
3,34,3.42592800,5,315.166300,315.090000,-0.076300
3,34,3.42592800,6,325.692600,325.193100,-0.499500
3,34,3.42592800,7,337.200800,337.235100,0.034300
3,34,3.42592800,8,343.380200,343.062000,-0.318200
3,34,3.42592800,9,348.255900,348.092800,-0.163100
3,34,3.42592800,10,362.335100,362.183300,-0.151800
3,34,3.42592800,11,370.196400,369.568200,-0.628200
3,34,3.42592800,12,410.900600,410.332700,-0.567900
3,34,3.42592800,13,411.690700,411.612400,-0.078300
3,34,3.42592800,14,422.679900,422.107500,-0.572400
3,34,3.42592800,15,451.357200,451.098100,-0.259100
3,34,3.42592800,16,456.451300,455.796500,-0.654800
3,34,3.42592800,17,473.061700,472.514300,-0.547400
3,34,3.42592800,18,508.938900,508.836900,-0.102000
3,34,3.42592800,19,522.373900,521.864400,-0.509500
3,34,3.42592800,20,531.990300,531.563200,-0.427100
3,34,3.42592800,21,582.651000,582.477900,-0.173100
3,34,3.42592800,22,589.336000,588.896000,-0.440000
3,34,3.42592800,23,601.021900,600.925700,-0.096200
3,34,3.42592800,24,626.074400,625.662300,-0.412100
3,34,3.42592800,25,636.219700,635.649700,-0.570000
3,34,3.42592800,26,677.505800,677.279300,-0.226500
3,34,3.42592800,27,716.873200,715.888200,-0.985000
3,34,3.42592800,28,728.482800,727.755200,-0.727600
3,34,3.42592800,29,735.757900,734.466600,-1.291300
3,34,3.42592800,30,778.200900,778.158300,-0.042600
3,35,3.43373400,1,206.808300,206.474800,-0.333500
3,35,3.43373400,2,250.957600,250.700400,-0.257200
3,35,3.43373400,3,265.558700,265.288100,-0.270600
3,35,3.43373400,4,288.621100,288.505900,-0.115200
3,35,3.43373400,5,314.793800,314.719700,-0.074100
3,35,3.43373400,6,325.539000,325.049500,-0.489500
3,35,3.43373400,7,337.348100,337.377100,0.029000
3,35,3.43373400,8,343.274500,342.934200,-0.340300
3,35,3.43373400,9,348.431200,348.267400,-0.163800
3,35,3.43373400,10,362.717000,362.548400,-0.168600
3,35,3.43373400,11,370.424200,369.826200,-0.598000
3,35,3.43373400,12,410.890200,410.336400,-0.553800
3,35,3.43373400,13,411.385600,411.301900,-0.083700
3,35,3.43373400,14,422.739100,422.163000,-0.576100
3,35,3.43373400,15,451.494100,451.217700,-0.276400
3,35,3.43373400,16,456.613600,455.976100,-0.637500
3,35,3.43373400,17,472.982400,472.433800,-0.548600
3,35,3.43373400,18,508.514600,508.407600,-0.107000
3,35,3.43373400,19,522.882100,522.372900,-0.509200
3,35,3.43373400,20,532.093600,531.666200,-0.427400
3,35,3.43373400,21,582.557000,582.385200,-0.171800
3,35,3.43373400,22,589.393300,588.951500,-0.441800
3,35,3.43373400,23,600.960300,600.862000,-0.098300
3,35,3.43373400,24,624.914300,624.493400,-0.420900
3,35,3.43373400,25,637.346700,636.788000,-0.558700
3,35,3.43373400,26,677.244300,677.018700,-0.225600
3,35,3.43373400,27,716.360000,715.363100,-0.996900
3,35,3.43373400,28,728.489800,727.759600,-0.730200
3,35,3.43373400,29,736.346000,735.068500,-1.277500
3,35,3.43373400,30,778.164200,778.119300,-0.044900
3,36,3.44154000,1,207.078500,206.743600,-0.334900
3,36,3.44154000,2,251.053500,250.795800,-0.257700
3,36,3.44154000,3,265.229600,264.959500,-0.270100
3,36,3.44154000,4,288.767300,288.651800,-0.115500
3,36,3.44154000,5,314.342800,314.271100,-0.071700
3,36,3.44154000,6,325.332700,324.854700,-0.478000
3,36,3.44154000,7,337.525400,337.548200,0.022800
3,36,3.44154000,8,343.189700,342.824600,-0.365100
3,36,3.44154000,9,348.644600,348.480000,-0.164600
3,36,3.44154000,10,363.146300,362.955300,-0.191000
3,36,3.44154000,11,370.705600,370.144800,-0.560800
3,36,3.44154000,12,410.858600,410.340400,-0.518200
3,36,3.44154000,13,411.050700,410.942100,-0.108600
3,36,3.44154000,14,422.809900,422.229400,-0.580500
3,36,3.44154000,15,451.630000,451.331700,-0.298300
3,36,3.44154000,16,456.834300,456.218300,-0.616000
3,36,3.44154000,17,472.884300,472.334100,-0.550200
3,36,3.44154000,18,508.007900,507.895000,-0.112900
3,36,3.44154000,19,523.497700,522.989000,-0.508700
3,36,3.44154000,20,532.210700,531.782800,-0.427900
3,36,3.44154000,21,582.441500,582.271300,-0.170200
3,36,3.44154000,22,589.462800,589.018900,-0.443900
3,36,3.44154000,23,600.885500,600.784700,-0.100800
3,36,3.44154000,24,623.740600,623.314900,-0.425700
3,36,3.44154000,25,638.479100,637.928300,-0.550800
3,36,3.44154000,26,676.927000,676.702400,-0.224600
3,36,3.44154000,27,715.773300,714.764100,-1.009200
3,36,3.44154000,28,728.497000,727.763800,-0.733200
3,36,3.44154000,29,737.025000,735.762300,-1.262700
3,36,3.44154000,30,778.119400,778.071800,-0.047600
3,37,3.44934600,1,207.394500,207.057900,-0.336600
3,37,3.44934600,2,251.167100,250.908800,-0.258300
3,37,3.44934600,3,264.846000,264.576400,-0.269600
3,37,3.44934600,4,288.939200,288.822900,-0.116300
3,37,3.44934600,5,313.815500,313.746300,-0.069200
3,37,3.44934600,6,325.065400,324.599600,-0.465800
3,37,3.44934600,7,337.731200,337.747300,0.016100
3,37,3.44934600,8,343.144200,342.752600,-0.391600
3,37,3.44934600,9,348.895900,348.730100,-0.165800
3,37,3.44934600,10,363.607000,363.387900,-0.219100
3,37,3.44934600,11,371.041000,370.524100,-0.516900
3,37,3.44934600,12,410.597500,410.344500,-0.253000
3,37,3.44934600,13,410.904800,410.543500,-0.361300
3,37,3.44934600,14,422.891300,422.306000,-0.585300
3,37,3.44934600,15,451.751600,451.427500,-0.324100
3,37,3.44934600,16,457.121700,456.530900,-0.590800
3,37,3.44934600,17,472.766700,472.214600,-0.552100
3,37,3.44934600,18,507.424800,507.305300,-0.119500
3,37,3.44934600,19,524.217600,523.709400,-0.508200
3,37,3.44934600,20,532.337400,531.908400,-0.429000
3,37,3.44934600,21,582.304500,582.135900,-0.168600
3,37,3.44934600,22,589.544200,589.097700,-0.446500
3,37,3.44934600,23,600.797700,600.693700,-0.104000
3,37,3.44934600,24,622.560800,622.132800,-0.428000
3,37,3.44934600,25,639.608600,639.063700,-0.544900
3,37,3.44934600,26,676.554900,676.331400,-0.223500
3,37,3.44934600,27,715.127900,714.106300,-1.021600
3,37,3.44934600,28,728.503800,727.767000,-0.736800
3,37,3.44934600,29,737.780700,736.532900,-1.247800
3,37,3.44934600,30,778.066500,778.015600,-0.050900
3,38,3.45715200,1,207.754600,207.416100,-0.338500
3,38,3.45715200,2,251.298600,251.039500,-0.259100
3,38,3.45715200,3,264.410500,264.141400,-0.269100
3,38,3.45715200,4,289.135900,289.018900,-0.117000
3,38,3.45715200,5,313.214400,313.147600,-0.066800
3,38,3.45715200,6,324.729500,324.276300,-0.453200
3,38,3.45715200,7,337.964300,337.973000,0.008700
3,38,3.45715200,8,343.155000,342.736200,-0.418800
3,38,3.45715200,9,349.184400,349.017300,-0.167100
3,38,3.45715200,10,364.084400,363.832000,-0.252400
3,38,3.45715200,11,371.429800,370.962200,-0.467600
3,38,3.45715200,12,410.183300,410.117900,-0.065400
3,38,3.45715200,13,410.882600,410.348400,-0.534200
3,38,3.45715200,14,422.982200,422.391600,-0.590600
3,38,3.45715200,15,451.848300,451.496200,-0.352100
3,38,3.45715200,16,457.482000,456.918200,-0.563800
3,38,3.45715200,17,472.628600,472.074600,-0.554000
3,38,3.45715200,18,506.771700,506.645000,-0.126700
3,38,3.45715200,19,525.038100,524.530700,-0.507400
3,38,3.45715200,20,532.469400,532.038800,-0.430600
3,38,3.45715200,21,582.145500,581.979000,-0.166500
3,38,3.45715200,22,589.637000,589.187700,-0.449300
3,38,3.45715200,23,600.697000,600.589500,-0.107500
3,38,3.45715200,24,621.379300,620.950500,-0.428800
3,38,3.45715200,25,640.730200,640.190200,-0.540000
3,38,3.45715200,26,676.129500,675.907300,-0.222200
3,38,3.45715200,27,714.436900,713.403300,-1.033600
3,38,3.45715200,28,728.509300,727.768300,-0.741000
3,38,3.45715200,29,738.600500,737.367700,-1.232800
3,38,3.45715200,30,778.005600,777.950900,-0.054700
3,39,3.46495800,1,208.157000,207.816400,-0.340600
3,39,3.46495800,2,251.448200,251.188300,-0.259900
3,39,3.46495800,3,263.926000,263.657400,-0.268600
3,39,3.46495800,4,289.356800,289.238900,-0.117900
3,39,3.46495800,5,312.542000,312.477400,-0.064600
3,39,3.46495800,6,324.319000,323.877900,-0.441100
3,39,3.46495800,7,338.223000,338.224200,0.001200
3,39,3.46495800,8,343.235800,342.790400,-0.445400
3,39,3.46495800,9,349.509800,349.341200,-0.168600
3,39,3.46495800,10,364.565700,364.276000,-0.289700
3,39,3.46495800,11,371.869700,371.455300,-0.414400
3,39,3.46495800,12,409.745700,409.677900,-0.067800
3,39,3.46495800,13,410.866800,410.351700,-0.515100
3,39,3.46495800,14,423.081200,422.485200,-0.596000
3,39,3.46495800,15,451.914000,451.533600,-0.380400
3,39,3.46495800,16,457.916900,457.380000,-0.536900
3,39,3.46495800,17,472.469200,471.913100,-0.556100
3,39,3.46495800,18,506.054900,505.920500,-0.134400
3,39,3.46495800,19,525.955300,525.448900,-0.506400
3,39,3.46495800,20,532.602500,532.169700,-0.432800
3,39,3.46495800,21,581.964100,581.799900,-0.164200
3,39,3.46495800,22,589.740900,589.288300,-0.452600
3,39,3.46495800,23,600.584000,600.472400,-0.111600
3,39,3.46495800,24,620.199000,619.770600,-0.428400
3,39,3.46495800,25,641.840200,641.304600,-0.535600
3,39,3.46495800,26,675.652300,675.431600,-0.220700
3,39,3.46495800,27,713.711400,712.666100,-1.045300
3,39,3.46495800,28,728.512700,727.767100,-0.745600
3,39,3.46495800,29,739.474000,738.256200,-1.217800
3,39,3.46495800,30,777.936600,777.877700,-0.058900
3,40,3.47276400,1,208.599500,208.256400,-0.343100
3,40,3.47276400,2,251.615900,251.355100,-0.260800
3,40,3.47276400,3,263.395600,263.127300,-0.268300
3,40,3.47276400,4,289.600900,289.482100,-0.118800
3,40,3.47276400,5,311.801000,311.738200,-0.062800
3,40,3.47276400,6,323.830500,323.400500,-0.430000
3,40,3.47276400,7,338.506000,338.499400,-0.006600
3,40,3.47276400,8,343.396800,342.926100,-0.470700
3,40,3.47276400,9,349.871500,349.701200,-0.170300
3,40,3.47276400,10,365.041100,364.711700,-0.329400
3,40,3.47276400,11,372.356100,371.996500,-0.359600
3,40,3.47276400,12,409.304400,409.236600,-0.067800
3,40,3.47276400,13,410.850600,410.354000,-0.496600
3,40,3.47276400,14,423.187000,422.585500,-0.601500
3,40,3.47276400,15,451.947000,451.539600,-0.407400
3,40,3.47276400,16,458.424100,457.912200,-0.511900
3,40,3.47276400,17,472.287200,471.728900,-0.558300
3,40,3.47276400,18,505.281100,505.138600,-0.142500
3,40,3.47276400,19,526.965100,526.459900,-0.505200
3,40,3.47276400,20,532.732900,532.297300,-0.435600
3,40,3.47276400,21,581.759800,581.598300,-0.161500
3,40,3.47276400,22,589.855200,589.399100,-0.456100
3,40,3.47276400,23,600.458800,600.342900,-0.115900
3,40,3.47276400,24,619.022000,618.594700,-0.427300
3,40,3.47276400,25,642.935600,642.404100,-0.531500
3,40,3.47276400,26,675.125200,674.906100,-0.219100
3,40,3.47276400,27,712.960600,711.904200,-1.056400
3,40,3.47276400,28,728.513000,727.762300,-0.750700
3,40,3.47276400,29,740.392800,739.189700,-1.203100
3,40,3.47276400,30,777.859700,777.796100,-0.063600
3,41,3.48057000,1,209.079600,208.733900,-0.345700
3,41,3.48057000,2,251.802000,251.540300,-0.261700
3,41,3.48057000,3,262.822400,262.554600,-0.267800
3,41,3.48057000,4,289.867200,289.747300,-0.119900
3,41,3.48057000,5,310.994000,310.932700,-0.061300
3,41,3.48057000,6,323.263100,322.842400,-0.420700
3,41,3.48057000,7,338.811900,338.797500,-0.014400
3,41,3.48057000,8,343.644100,343.150300,-0.493800
3,41,3.48057000,9,350.269000,350.096700,-0.172300
3,41,3.48057000,10,365.503200,365.133800,-0.369400
3,41,3.48057000,11,372.881900,372.576600,-0.305300
3,41,3.48057000,12,408.873800,408.808000,-0.065800
3,41,3.48057000,13,410.832700,410.354900,-0.477800
3,41,3.48057000,14,423.298000,422.691000,-0.607000
3,41,3.48057000,15,451.949200,451.517300,-0.431900
3,41,3.48057000,16,458.997900,458.508100,-0.489800
3,41,3.48057000,17,472.081400,471.520900,-0.560500
3,41,3.48057000,18,504.456500,504.305500,-0.151000
3,41,3.48057000,19,528.062800,527.559200,-0.503600
3,41,3.48057000,20,532.857300,532.418100,-0.439200
3,41,3.48057000,21,581.532300,581.373600,-0.158700
3,41,3.48057000,22,589.979200,589.519300,-0.459900
3,41,3.48057000,23,600.322000,600.201200,-0.120800
3,41,3.48057000,24,617.849900,617.424200,-0.425700
3,41,3.48057000,25,644.013700,643.486500,-0.527200
3,41,3.48057000,26,674.549900,674.332400,-0.217500
3,41,3.48057000,27,712.192400,711.125300,-1.067100
3,41,3.48057000,28,728.509300,727.753000,-0.756300
3,41,3.48057000,29,741.350000,740.161300,-1.188700
3,41,3.48057000,30,777.774800,777.706000,-0.068800
3,42,3.48837700,1,209.594400,209.245900,-0.348500
3,42,3.48837700,2,252.006600,251.743800,-0.262800
3,42,3.48837700,3,262.210200,261.942600,-0.267600
3,42,3.48837700,4,290.154500,290.033500,-0.121000
3,42,3.48837700,5,310.123800,310.063600,-0.060200
3,42,3.48837700,6,322.618200,322.205100,-0.413100
3,42,3.48837700,7,339.139400,339.117200,-0.022200
3,42,3.48837700,8,343.980300,343.465900,-0.514400
3,42,3.48837700,9,350.701800,350.527300,-0.174500
3,42,3.48837700,10,365.947800,365.539500,-0.408300
3,42,3.48837700,11,373.437800,373.184000,-0.253800
3,42,3.48837700,12,408.468200,408.406000,-0.062200
3,42,3.48837700,13,410.812600,410.354100,-0.458500
3,42,3.48837700,14,423.412300,422.800200,-0.612100
3,42,3.48837700,15,451.924900,451.471400,-0.453500
3,42,3.48837700,16,459.631100,459.159800,-0.471300
3,42,3.48837700,17,471.850600,471.287800,-0.562800
3,42,3.48837700,18,503.587700,503.427800,-0.159900
3,42,3.48837700,19,529.243800,528.742100,-0.501700
3,42,3.48837700,20,532.972900,532.529300,-0.443600
3,42,3.48837700,21,581.280900,581.125400,-0.155500
3,42,3.48837700,22,590.112300,589.648200,-0.464100
3,42,3.48837700,23,600.173900,600.047900,-0.126000
3,42,3.48837700,24,616.684200,616.260300,-0.423900
3,42,3.48837700,25,645.072000,644.549200,-0.522800
3,42,3.48837700,26,673.928500,673.712700,-0.215800
3,42,3.48837700,27,711.413300,710.335900,-1.077400
3,42,3.48837700,28,728.500500,727.738200,-0.762300
3,42,3.48837700,29,742.339800,741.165500,-1.174300
3,42,3.48837700,30,777.681900,777.607500,-0.074400
3,43,3.49618300,1,210.141100,209.789500,-0.351600
3,43,3.49618300,2,252.229900,251.966000,-0.263900
3,43,3.49618300,3,261.562400,261.295000,-0.267400
3,43,3.49618300,4,290.461400,290.338900,-0.122500
3,43,3.49618300,5,309.193400,309.133900,-0.059500
3,43,3.49618300,6,321.899600,321.491900,-0.407700
3,43,3.49618300,7,339.487100,339.457300,-0.029800
3,43,3.49618300,8,344.404600,343.872600,-0.532000
3,43,3.49618300,9,351.169400,350.992500,-0.176900
3,43,3.49618300,10,366.372500,365.927800,-0.444700
3,43,3.49618300,11,374.012300,373.805500,-0.206800
3,43,3.49618300,12,408.101800,408.045100,-0.056700
3,43,3.49618300,13,410.789800,410.351000,-0.438800
3,43,3.49618300,14,423.528200,422.911300,-0.616900
3,43,3.49618300,15,451.879500,451.407100,-0.472400
3,43,3.49618300,16,460.315500,459.859400,-0.456100
3,43,3.49618300,17,471.593000,471.028100,-0.564900
3,43,3.49618300,18,502.680700,502.511500,-0.169200
3,43,3.49618300,19,530.503000,530.003900,-0.499100
3,43,3.49618300,20,533.077300,532.628300,-0.449000
3,43,3.49618300,21,581.005100,580.852900,-0.152200
3,43,3.49618300,22,590.253600,589.785100,-0.468500
3,43,3.49618300,23,600.015100,599.883300,-0.131800
3,43,3.49618300,24,615.525800,615.104100,-0.421700
3,43,3.49618300,25,646.108100,645.590200,-0.517900
3,43,3.49618300,26,673.263000,673.048900,-0.214100
3,43,3.49618300,27,710.629100,709.541500,-1.087600
3,43,3.49618300,28,728.485600,727.717000,-0.768600
3,43,3.49618300,29,743.357900,742.197800,-1.160100
3,43,3.49618300,30,777.581100,777.500700,-0.080400
3,44,3.50398900,1,210.716100,210.361200,-0.354900
3,44,3.50398900,2,252.472000,252.207000,-0.265000
3,44,3.50398900,3,260.883100,260.615800,-0.267300
3,44,3.50398900,4,290.785900,290.661900,-0.124000
3,44,3.50398900,5,308.206100,308.146700,-0.059400
3,44,3.50398900,6,321.112300,320.708100,-0.404200
3,44,3.50398900,7,339.853800,339.816600,-0.037200
3,44,3.50398900,8,344.914300,344.367700,-0.546600
3,44,3.50398900,9,351.671300,351.491800,-0.179500
3,44,3.50398900,10,366.776600,366.298900,-0.477700
3,44,3.50398900,11,374.593200,374.427800,-0.165400
3,44,3.50398900,12,407.789000,407.739900,-0.049100
3,44,3.50398900,13,410.764200,410.345200,-0.419000
3,44,3.50398900,14,423.643700,423.022400,-0.621300
3,44,3.50398900,15,451.818400,451.330000,-0.488400
3,44,3.50398900,16,461.043700,460.599400,-0.444300
3,44,3.50398900,17,471.307300,470.740500,-0.566800
3,44,3.50398900,18,501.741500,501.562800,-0.178700
3,44,3.50398900,19,531.834700,531.339800,-0.494900
3,44,3.50398900,20,533.169800,532.713400,-0.456400
3,44,3.50398900,21,580.704200,580.555700,-0.148500
3,44,3.50398900,22,590.402100,589.929100,-0.473000
3,44,3.50398900,23,599.846000,599.708200,-0.137800
3,44,3.50398900,24,614.376100,613.956500,-0.419600
3,44,3.50398900,25,647.119600,646.607100,-0.512500
3,44,3.50398900,26,672.555600,672.343300,-0.212300
3,44,3.50398900,27,709.844500,708.747000,-1.097500
3,44,3.50398900,28,728.463800,727.688300,-0.775500
3,44,3.50398900,29,744.400600,743.254600,-1.146000
3,44,3.50398900,30,777.472400,777.385600,-0.086800
3,45,3.51179500,1,211.315700,210.957400,-0.358300
3,45,3.51179500,2,252.733200,252.467000,-0.266200
3,45,3.51179500,3,260.176400,259.909000,-0.267400
3,45,3.51179500,4,291.125600,290.999900,-0.125700
3,45,3.51179500,5,307.165400,307.105600,-0.059800
3,45,3.51179500,6,320.262400,319.859900,-0.402500
3,45,3.51179500,7,340.238500,340.193900,-0.044600
3,45,3.51179500,8,345.505100,344.946700,-0.558400
3,45,3.51179500,9,352.207100,352.024700,-0.182400
3,45,3.51179500,10,367.160000,366.653300,-0.506700
3,45,3.51179500,11,375.167300,375.037000,-0.130300
3,45,3.51179500,12,407.543800,407.504400,-0.039400
3,45,3.51179500,13,410.735200,410.336200,-0.399000
3,45,3.51179500,14,423.756500,423.131500,-0.625000
3,45,3.51179500,15,451.747200,451.244800,-0.502400
3,45,3.51179500,16,461.808600,461.373300,-0.435300
3,45,3.51179500,17,470.991900,470.423400,-0.568500
3,45,3.51179500,18,500.776100,500.587500,-0.188600
3,45,3.51179500,19,533.167400,532.744900,-0.422500
3,45,3.51179500,20,533.315200,532.783000,-0.532200
3,45,3.51179500,21,580.377500,580.232900,-0.144600
3,45,3.51179500,22,590.556800,590.079100,-0.477700
3,45,3.51179500,23,599.667100,599.522900,-0.144200
3,45,3.51179500,24,613.236000,612.818500,-0.417500
3,45,3.51179500,25,648.104200,647.597500,-0.506700
3,45,3.51179500,26,671.808500,671.597900,-0.210600
3,45,3.51179500,27,709.064000,707.956600,-1.107400
3,45,3.51179500,28,728.433900,727.651300,-0.782600
3,45,3.51179500,29,745.464900,744.333000,-1.131900
3,45,3.51179500,30,777.356000,777.262300,-0.093700
3,46,3.51960100,1,211.935900,211.573800,-0.362100
3,46,3.51960100,2,253.013400,252.746000,-0.267400
3,46,3.51960100,3,259.446600,259.178900,-0.267700
3,46,3.51960100,4,291.477200,291.349600,-0.127600
3,46,3.51960100,5,306.075900,306.015100,-0.060800
3,46,3.51960100,6,319.356000,318.953700,-0.402300
3,46,3.51960100,7,340.639800,340.588300,-0.051500
3,46,3.51960100,8,346.171500,345.604000,-0.567500
3,46,3.51960100,9,352.776000,352.590700,-0.185300
3,46,3.51960100,10,367.523100,366.991300,-0.531800
3,46,3.51960100,11,375.721900,375.619800,-0.102100
3,46,3.51960100,12,407.379700,407.352500,-0.027200
3,46,3.51960100,13,410.702500,410.323500,-0.379000
3,46,3.51960100,14,423.864400,423.236400,-0.628000
3,46,3.51960100,15,451.670500,451.156200,-0.514300
3,46,3.51960100,16,462.604300,462.175400,-0.428900
3,46,3.51960100,17,470.645000,470.075200,-0.569800
3,46,3.51960100,18,499.790300,499.591300,-0.199000
3,46,3.51960100,19,533.297200,532.836100,-0.461100
3,46,3.51960100,20,534.711700,534.214300,-0.497400
3,46,3.51960100,21,580.024400,579.883900,-0.140500
3,46,3.51960100,22,590.716400,590.233900,-0.482500
3,46,3.51960100,23,599.479000,599.328100,-0.150900
3,46,3.51960100,24,612.106400,611.690800,-0.415600
3,46,3.51960100,25,649.059300,648.559100,-0.500200
3,46,3.51960100,26,671.023900,670.815100,-0.208800
3,46,3.51960100,27,708.291500,707.174200,-1.117300
3,46,3.51960100,28,728.395200,727.605100,-0.790100
3,46,3.51960100,29,746.548400,745.430600,-1.117800
3,46,3.51960100,30,777.231700,777.130800,-0.100900
3,47,3.52740700,1,212.571900,212.205900,-0.366000
3,47,3.52740700,2,253.312900,253.044300,-0.268600
3,47,3.52740700,3,258.698100,258.430100,-0.268000
3,47,3.52740700,4,291.835900,291.706300,-0.129600
3,47,3.52740700,5,304.943300,304.881000,-0.062300
3,47,3.52740700,6,318.399500,317.996100,-0.403400
3,47,3.52740700,7,341.056700,340.998400,-0.058300
3,47,3.52740700,8,346.907900,346.333700,-0.574200
3,47,3.52740700,9,353.377700,353.189100,-0.188600
3,47,3.52740700,10,367.866000,367.312800,-0.553200
3,47,3.52740700,11,376.245100,376.164700,-0.080400
3,47,3.52740700,12,407.309300,407.296800,-0.012500
3,47,3.52740700,13,410.665600,410.306300,-0.359300
3,47,3.52740700,14,423.964900,423.334700,-0.630200
3,47,3.52740700,15,451.592900,451.068100,-0.524800
3,47,3.52740700,16,463.425300,463.000900,-0.424400
3,47,3.52740700,17,470.265000,469.694400,-0.570600
3,47,3.52740700,18,498.789400,498.579600,-0.209800
3,47,3.52740700,19,533.342500,532.872200,-0.470300
3,47,3.52740700,20,536.235100,535.743000,-0.492100
3,47,3.52740700,21,579.644000,579.507900,-0.136100
3,47,3.52740700,22,590.879500,590.392400,-0.487100
3,47,3.52740700,23,599.282300,599.124300,-0.158000
3,47,3.52740700,24,610.988300,610.574300,-0.414000
3,47,3.52740700,25,649.982400,649.489500,-0.492900
3,47,3.52740700,26,670.204300,669.997200,-0.207100
3,47,3.52740700,27,707.530700,706.403300,-1.127400
3,47,3.52740700,28,728.346600,727.548700,-0.797900
3,47,3.52740700,29,747.649000,746.545500,-1.103500
3,47,3.52740700,30,777.099500,776.991100,-0.108400
3,48,3.53521300,1,213.218900,212.848700,-0.370200
3,48,3.53521300,2,253.631800,253.361900,-0.269900
3,48,3.53521300,3,257.936300,257.667800,-0.268500
3,48,3.53521300,4,292.194500,292.062700,-0.131800
3,48,3.53521300,5,303.775800,303.711200,-0.064600
3,48,3.53521300,6,317.398900,316.993300,-0.405600
3,48,3.53521300,7,341.488100,341.423300,-0.064800
3,48,3.53521300,8,347.708500,347.129900,-0.578600
3,48,3.53521300,9,354.011500,353.819500,-0.192000
3,48,3.53521300,10,368.188700,367.617500,-0.571200
3,48,3.53521300,11,376.727300,376.662200,-0.065100
3,48,3.53521300,12,407.343800,407.348300,0.004500
3,48,3.53521300,13,410.624300,410.284500,-0.339800
3,48,3.53521300,14,424.055600,423.424200,-0.631400
3,48,3.53521300,15,451.518500,450.984300,-0.534200
3,48,3.53521300,16,464.267500,463.845700,-0.421800
3,48,3.53521300,17,469.850500,469.279600,-0.570900
3,48,3.53521300,18,497.779200,497.558200,-0.221000
3,48,3.53521300,19,533.369700,532.890900,-0.478800
3,48,3.53521300,20,537.814200,537.326400,-0.487800
3,48,3.53521300,21,579.235700,579.104100,-0.131600
3,48,3.53521300,22,591.044800,590.553100,-0.491700
3,48,3.53521300,23,599.077500,598.912200,-0.165300
3,48,3.53521300,24,609.882700,609.469900,-0.412800
3,48,3.53521300,25,650.871000,650.386100,-0.484900
3,48,3.53521300,26,669.351900,669.146400,-0.205500
3,48,3.53521300,27,706.784800,705.647200,-1.137600
3,48,3.53521300,28,728.287600,727.481500,-0.806100
3,48,3.53521300,29,748.765100,747.675900,-1.089200
3,48,3.53521300,30,776.959600,776.843300,-0.116300
3,49,3.54301900,1,213.871400,213.496700,-0.374700
3,49,3.54301900,2,253.970100,253.698900,-0.271200
3,49,3.54301900,3,257.166400,256.897200,-0.269200
3,49,3.54301900,4,292.541400,292.407400,-0.134000
3,49,3.54301900,5,302.585800,302.518500,-0.067300
3,49,3.54301900,6,316.359600,315.951200,-0.408400
3,49,3.54301900,7,341.932900,341.861900,-0.071000
3,49,3.54301900,8,348.567800,347.986800,-0.581000
3,49,3.54301900,9,354.676800,354.481300,-0.195500
3,49,3.54301900,10,368.490300,367.904200,-0.586100
3,49,3.54301900,11,377.161100,377.105400,-0.055700
3,49,3.54301900,12,407.492300,407.516100,0.023800
3,49,3.54301900,13,410.578000,410.257100,-0.320900
3,49,3.54301900,14,424.133800,423.502200,-0.631600
3,49,3.54301900,15,451.450700,450.908200,-0.542500
3,49,3.54301900,16,465.127100,464.706400,-0.420700
3,49,3.54301900,17,469.400100,468.829500,-0.570600
3,49,3.54301900,18,496.764900,496.532200,-0.232700
3,49,3.54301900,19,533.379900,532.892500,-0.487400
3,49,3.54301900,20,539.443300,538.959900,-0.483400
3,49,3.54301900,21,578.798700,578.671700,-0.127000
3,49,3.54301900,22,591.210500,590.714500,-0.496000
3,49,3.54301900,23,598.865200,598.692400,-0.172800
3,49,3.54301900,24,608.790800,608.378500,-0.412300
3,49,3.54301900,25,651.722500,651.246400,-0.476100
3,49,3.54301900,26,668.469100,668.265200,-0.203900
3,49,3.54301900,27,706.057300,704.909300,-1.148000
3,49,3.54301900,28,728.217200,727.402800,-0.814400
3,49,3.54301900,29,749.895300,748.820600,-1.074700
3,49,3.54301900,30,776.811900,776.687300,-0.124600
3,50,3.55082500,1,214.522900,214.143600,-0.379300
3,50,3.55082500,2,254.327900,254.055400,-0.272500
3,50,3.55082500,3,256.394000,256.124200,-0.269800
3,50,3.55082500,4,292.855900,292.719800,-0.136100
3,50,3.55082500,5,301.394700,301.323600,-0.071100
3,50,3.55082500,6,315.286600,314.874900,-0.411700
3,50,3.55082500,7,342.389900,342.313000,-0.076900
3,50,3.55082500,8,349.480500,348.898700,-0.581800
3,50,3.55082500,9,355.373000,355.173800,-0.199200
3,50,3.55082500,10,368.769500,368.171200,-0.598300
3,50,3.55082500,11,377.541700,377.490100,-0.051600
3,50,3.55082500,12,407.761300,407.806300,0.045000
3,50,3.55082500,13,410.526200,410.223600,-0.302600
3,50,3.55082500,14,424.196700,423.565900,-0.630800
3,50,3.55082500,15,451.392800,450.842800,-0.550000
3,50,3.55082500,16,466.000800,465.580200,-0.420600
3,50,3.55082500,17,468.912700,468.343100,-0.569600
3,50,3.55082500,18,495.751500,495.506600,-0.244900
3,50,3.55082500,19,533.373700,532.877400,-0.496300
3,50,3.55082500,20,541.117300,540.638600,-0.478700
3,50,3.55082500,21,578.332000,578.209900,-0.122100
3,50,3.55082500,22,591.374600,590.874700,-0.499900
3,50,3.55082500,23,598.646100,598.465500,-0.180600
3,50,3.55082500,24,607.713700,607.301100,-0.412600
3,50,3.55082500,25,652.534200,652.067600,-0.466600
3,50,3.55082500,26,667.558400,667.356000,-0.202400
3,50,3.55082500,27,705.351200,704.192400,-1.158800
3,50,3.55082500,28,728.135000,727.311800,-0.823200
3,50,3.55082500,29,751.038400,749.978300,-1.060100
3,50,3.55082500,30,776.656500,776.523400,-0.133100
3,51,3.55863100,1,215.166800,214.782600,-0.384200
3,51,3.55863100,2,254.705100,254.431300,-0.273800
3,51,3.55863100,3,255.625700,255.355000,-0.270700
3,51,3.55863100,4,293.100200,292.962600,-0.137600
3,51,3.55863100,5,300.240800,300.164600,-0.076200
3,51,3.55863100,6,314.184600,313.769300,-0.415300
3,51,3.55863100,7,342.858100,342.775400,-0.082700
3,51,3.55863100,8,350.441400,349.860400,-0.581000
3,51,3.55863100,9,356.099300,355.896300,-0.203000
3,51,3.55863100,10,369.024400,368.416300,-0.608100
3,51,3.55863100,11,377.868100,377.816200,-0.051900
3,51,3.55863100,12,408.154600,408.222400,0.067800
3,51,3.55863100,13,410.468200,410.183300,-0.284900
3,51,3.55863100,14,424.241400,423.612700,-0.628700
3,51,3.55863100,15,451.347900,450.791000,-0.556900
3,51,3.55863100,16,466.885900,466.464500,-0.421400
3,51,3.55863100,17,468.387700,467.819700,-0.568000
3,51,3.55863100,18,494.743800,494.486100,-0.257700
3,51,3.55863100,19,533.351800,532.846200,-0.505600
3,51,3.55863100,20,542.831800,542.358100,-0.473700
3,51,3.55863100,21,577.834900,577.717800,-0.117100
3,51,3.55863100,22,591.534900,591.031900,-0.503000
3,51,3.55863100,23,598.420600,598.232100,-0.188500
3,51,3.55863100,24,606.652800,606.238900,-0.413900
3,51,3.55863100,25,653.303400,652.847300,-0.456100
3,51,3.55863100,26,666.622100,666.421000,-0.201100
3,51,3.55863100,27,704.669600,703.499700,-1.169900
3,51,3.55863100,28,728.040200,727.208100,-0.832100
3,51,3.55863100,29,752.193500,751.148100,-1.045400
3,51,3.55863100,30,776.493300,776.351300,-0.142000
3,52,3.56643700,1,215.795500,215.406000,-0.389500
3,52,3.56643700,2,254.868200,254.596700,-0.271500
3,52,3.56643700,3,255.101700,254.826700,-0.275000
3,52,3.56643700,4,293.203000,293.065700,-0.137300
3,52,3.56643700,5,299.196200,299.112500,-0.083700
3,52,3.56643700,6,313.057500,312.638500,-0.419000
3,52,3.56643700,7,343.336200,343.248000,-0.088200
3,52,3.56643700,8,351.445800,350.867100,-0.578700
3,52,3.56643700,9,356.854900,356.647900,-0.207000
3,52,3.56643700,10,369.252700,368.636800,-0.615900
3,52,3.56643700,11,378.142300,378.086400,-0.055900
3,52,3.56643700,12,408.672900,408.764400,0.091500
3,52,3.56643700,13,410.403500,410.135300,-0.268200
3,52,3.56643700,14,424.264900,423.639500,-0.625400
3,52,3.56643700,15,451.318700,450.755400,-0.563300
3,52,3.56643700,16,467.757700,467.258900,-0.498800
3,52,3.56643700,17,467.847200,467.357400,-0.489800
3,52,3.56643700,18,493.746200,493.475200,-0.271000
3,52,3.56643700,19,533.315100,532.799900,-0.515200
3,52,3.56643700,20,544.582300,544.114100,-0.468200
3,52,3.56643700,21,577.306700,577.194600,-0.112100
3,52,3.56643700,22,591.688800,591.183700,-0.505100
3,52,3.56643700,23,598.189400,597.992900,-0.196500
3,52,3.56643700,24,605.609700,605.193100,-0.416600
3,52,3.56643700,25,654.027300,653.582500,-0.444800
3,52,3.56643700,26,665.662700,665.462700,-0.200000
3,52,3.56643700,27,704.015700,702.834200,-1.181500
3,52,3.56643700,28,727.932300,727.091100,-0.841200
3,52,3.56643700,29,753.359500,752.329100,-1.030400
3,52,3.56643700,30,776.322300,776.171200,-0.151100
3,53,3.57424300,1,216.400600,216.005600,-0.395000
3,53,3.57424300,2,254.129400,253.857000,-0.272400
3,53,3.57424300,3,255.517500,255.241500,-0.276000
3,53,3.57424300,4,293.044200,292.910300,-0.133900
3,53,3.57424300,5,298.381800,298.286500,-0.095300
3,53,3.57424300,6,311.909100,311.486300,-0.422800
3,53,3.57424300,7,343.823100,343.729600,-0.093500
3,53,3.57424300,8,352.489200,351.914000,-0.575200
3,53,3.57424300,9,357.639000,357.427900,-0.211100
3,53,3.57424300,10,369.451700,368.829700,-0.622000
3,53,3.57424300,11,378.369700,378.306900,-0.062800
3,53,3.57424300,12,409.314000,409.429700,0.115700
3,53,3.57424300,13,410.331400,410.078800,-0.252600
3,53,3.57424300,14,424.264300,423.643400,-0.620900
3,53,3.57424300,15,451.307700,450.738400,-0.569300
3,53,3.57424300,16,467.219900,466.661100,-0.558800
3,53,3.57424300,17,468.685800,468.257200,-0.428600
3,53,3.57424300,18,492.762700,492.477800,-0.284900
3,53,3.57424300,19,533.264800,532.739700,-0.525100
3,53,3.57424300,20,546.364500,545.902200,-0.462300
3,53,3.57424300,21,576.746400,576.639500,-0.106900
3,53,3.57424300,22,591.833300,591.327400,-0.505900
3,53,3.57424300,23,597.953100,597.748300,-0.204800
3,53,3.57424300,24,604.586300,604.165500,-0.420800
3,53,3.57424300,25,654.703200,654.270500,-0.432700
3,53,3.57424300,26,664.682500,664.483600,-0.198900
3,53,3.57424300,27,703.392300,702.199000,-1.193300
3,53,3.57424300,28,727.811100,726.960600,-0.850500
3,53,3.57424300,29,754.535800,753.520600,-1.015200
3,53,3.57424300,30,776.143600,775.983000,-0.160600
3,54,3.58204900,1,216.972800,216.572000,-0.400800
3,54,3.58204900,2,253.417700,253.144500,-0.273200
3,54,3.58204900,3,255.952600,255.675500,-0.277100
3,54,3.58204900,4,292.496000,292.368300,-0.127700
3,54,3.58204900,5,297.925600,297.815300,-0.110300
3,54,3.58204900,6,310.742600,310.316200,-0.426400
3,54,3.58204900,7,344.317600,344.219000,-0.098600
3,54,3.58204900,8,353.567100,352.996600,-0.570500
3,54,3.58204900,9,358.450500,358.235100,-0.215400
3,54,3.58204900,10,369.618800,368.992200,-0.626600
3,54,3.58204900,11,378.558000,378.486200,-0.071800
3,54,3.58204900,12,410.070800,410.012900,-0.057900
3,54,3.58204900,13,410.253700,410.213400,-0.040300
3,54,3.58204900,14,424.236400,423.621400,-0.615000
3,54,3.58204900,15,451.317300,450.742400,-0.574900
3,54,3.58204900,16,466.581400,466.027100,-0.554300
3,54,3.58204900,17,469.594000,469.162400,-0.431600
3,54,3.58204900,18,491.796900,491.497500,-0.299400
3,54,3.58204900,19,533.202000,532.666900,-0.535100
3,54,3.58204900,20,548.174300,547.718300,-0.456000
3,54,3.58204900,21,576.153300,576.051600,-0.101700
3,54,3.58204900,22,591.964800,591.459900,-0.504900
3,54,3.58204900,23,597.712000,597.499100,-0.212900
3,54,3.58204900,24,603.585400,603.157900,-0.427500
3,54,3.58204900,25,655.328500,654.908700,-0.419800
3,54,3.58204900,26,663.684000,663.485900,-0.198100
3,54,3.58204900,27,702.802300,701.596800,-1.205500
3,54,3.58204900,28,727.676000,726.816100,-0.859900
3,54,3.58204900,29,755.721600,754.721800,-0.999800
3,54,3.58204900,30,775.957000,775.786800,-0.170200
3,55,3.58985500,1,217.502100,217.095100,-0.407000
3,55,3.58985500,2,252.742300,252.468300,-0.274000
3,55,3.58985500,3,256.406500,256.128600,-0.277900
3,55,3.58985500,4,291.544800,291.421900,-0.122900
3,55,3.58985500,5,297.842000,297.717300,-0.124700
3,55,3.58985500,6,309.561100,309.131100,-0.430000
3,55,3.58985500,7,344.818400,344.714800,-0.103600
3,55,3.58985500,8,354.675000,354.110200,-0.564800
3,55,3.58985500,9,359.288400,359.068700,-0.219700
3,55,3.58985500,10,369.751500,369.121700,-0.629800
3,55,3.58985500,11,378.716700,378.634500,-0.082200
3,55,3.58985500,12,410.158900,409.936500,-0.222400
3,55,3.58985500,13,410.947400,411.108400,0.161000
3,55,3.58985500,14,424.178200,423.570500,-0.607700
3,55,3.58985500,15,451.349700,450.769500,-0.580200
3,55,3.58985500,16,465.906800,465.358500,-0.548300
3,55,3.58985500,17,470.507300,470.071900,-0.435400
3,55,3.58985500,18,490.851800,490.537400,-0.314400
3,55,3.58985500,19,533.128400,532.582900,-0.545500
3,55,3.58985500,20,550.007600,549.558300,-0.449300
3,55,3.58985500,21,575.526600,575.430200,-0.096400
3,55,3.58985500,22,592.078600,591.577500,-0.501100
3,55,3.58985500,23,597.466800,597.245700,-0.221100
3,55,3.58985500,24,602.610200,602.173200,-0.437000
3,55,3.58985500,25,655.900600,655.494500,-0.406100
3,55,3.58985500,26,662.669600,662.472000,-0.197600
3,55,3.58985500,27,702.248600,701.030600,-1.218000
3,55,3.58985500,28,727.527100,726.657400,-0.869700
3,55,3.58985500,29,756.916400,755.932200,-0.984200
3,55,3.58985500,30,775.762500,775.582500,-0.180000
3,56,3.59766100,1,217.977600,217.564000,-0.413600
3,56,3.59766100,2,252.113200,251.838500,-0.274700
3,56,3.59766100,3,256.879000,256.600400,-0.278600
3,56,3.59766100,4,290.295900,290.173900,-0.122000
3,56,3.59766100,5,298.026200,297.890000,-0.136200
3,56,3.59766100,6,308.367200,307.933900,-0.433300
3,56,3.59766100,7,345.324100,345.215600,-0.108500
3,56,3.59766100,8,355.808200,355.250000,-0.558200
3,56,3.59766100,9,360.151500,359.927300,-0.224200
3,56,3.59766100,10,369.848400,369.216200,-0.632200
3,56,3.59766100,11,378.856100,378.762800,-0.093300
3,56,3.59766100,12,410.058600,409.848200,-0.210400
3,56,3.59766100,13,411.923100,412.106500,0.183400
3,56,3.59766100,14,424.086700,423.487900,-0.598800
3,56,3.59766100,15,451.406900,450.821600,-0.585300
3,56,3.59766100,16,465.198700,464.657600,-0.541100
3,56,3.59766100,17,471.424300,470.984500,-0.439800
3,56,3.59766100,18,489.929600,489.599900,-0.329700
3,56,3.59766100,19,533.045300,532.489300,-0.556000
3,56,3.59766100,20,551.860500,551.418500,-0.442000
3,56,3.59766100,21,574.865800,574.774600,-0.091200
3,56,3.59766100,22,592.169200,591.675100,-0.494100
3,56,3.59766100,23,597.217900,596.988700,-0.229200
3,56,3.59766100,24,601.665200,601.214800,-0.450400
3,56,3.59766100,25,656.417000,656.025100,-0.391900
3,56,3.59766100,26,661.641600,661.444400,-0.197200
3,56,3.59766100,27,701.733800,700.503100,-1.230700
3,56,3.59766100,28,727.363900,726.484500,-0.879400
3,56,3.59766100,29,758.119600,757.151200,-0.968400
3,56,3.59766100,30,775.560100,775.370000,-0.190100
3,57,3.60546700,1,218.387600,217.967100,-0.420500
3,57,3.60546700,2,251.541000,251.265700,-0.275300
3,57,3.60546700,3,257.369700,257.090700,-0.279000
3,57,3.60546700,4,288.857200,288.732800,-0.124400
3,57,3.60546700,5,298.370900,298.225700,-0.145200
3,57,3.60546700,6,307.163400,306.727200,-0.436200
3,57,3.60546700,7,345.833400,345.720300,-0.113100
3,57,3.60546700,8,356.961500,356.410900,-0.550600
3,57,3.60546700,9,361.038400,360.809600,-0.228800
3,57,3.60546700,10,369.909200,369.275300,-0.633900
3,57,3.60546700,11,378.986600,378.881800,-0.104800
3,57,3.60546700,12,409.946300,409.747000,-0.199300
3,57,3.60546700,13,412.995000,413.198900,0.203900
3,57,3.60546700,14,423.959000,423.370700,-0.588300
3,57,3.60546700,15,451.490800,450.900900,-0.589900
3,57,3.60546700,16,464.460200,463.927500,-0.532700
3,57,3.60546700,17,472.343900,471.899400,-0.444500
3,57,3.60546700,18,489.032400,488.686700,-0.345700
3,57,3.60546700,19,532.954400,532.387900,-0.566500
3,57,3.60546700,20,553.729100,553.294900,-0.434200
3,57,3.60546700,21,574.170000,574.084000,-0.086000
3,57,3.60546700,22,592.229000,591.746800,-0.482200
3,57,3.60546700,23,596.965700,596.728500,-0.237200
3,57,3.60546700,24,600.756600,600.287800,-0.468800
3,57,3.60546700,25,656.875400,656.498400,-0.377000
3,57,3.60546700,26,660.602400,660.405300,-0.197100
3,57,3.60546700,27,701.260400,700.016800,-1.243600
3,57,3.60546700,28,727.186600,726.297300,-0.889300
3,57,3.60546700,29,759.330700,758.378300,-0.952400
3,57,3.60546700,30,775.349700,775.149500,-0.200200
3,58,3.61327300,1,218.720300,218.292500,-0.427800
3,58,3.61327300,2,251.036600,250.761000,-0.275600
3,58,3.61327300,3,257.877800,257.598800,-0.279000
3,58,3.61327300,4,287.294900,287.165700,-0.129200
3,58,3.61327300,5,298.810500,298.657700,-0.152800
3,58,3.61327300,6,305.952000,305.513100,-0.438900
3,58,3.61327300,7,346.344900,346.227200,-0.117700
3,58,3.61327300,8,358.128700,357.586700,-0.542000
3,58,3.61327300,9,361.947800,361.714200,-0.233600
3,58,3.61327300,10,369.935800,369.300600,-0.635200
3,58,3.61327300,11,379.117500,379.001500,-0.116000
3,58,3.61327300,12,409.820800,409.631100,-0.189700
3,58,3.61327300,13,414.153800,414.376700,0.222900
3,58,3.61327300,14,423.792600,423.216500,-0.576100
3,58,3.61327300,15,451.603300,451.008800,-0.594500
3,58,3.61327300,16,463.695300,463.172000,-0.523300
3,58,3.61327300,17,473.265400,472.815800,-0.449600
3,58,3.61327300,18,488.161000,487.799300,-0.361700
3,58,3.61327300,19,532.857500,532.280300,-0.577200
3,58,3.61327300,20,555.609700,555.183800,-0.425900
3,58,3.61327300,21,573.439000,573.358000,-0.081000
3,58,3.61327300,22,592.248700,591.784300,-0.464400
3,58,3.61327300,23,596.710600,596.465600,-0.245000
3,58,3.61327300,24,599.892300,599.398700,-0.493600
3,58,3.61327300,25,657.273900,656.912300,-0.361600
3,58,3.61327300,26,659.554300,659.357100,-0.197200
3,58,3.61327300,27,700.830700,699.574200,-1.256500
3,58,3.61327300,28,726.995200,726.095900,-0.899300
3,58,3.61327300,29,760.549100,759.613000,-0.936100
3,58,3.61327300,30,775.131200,774.920700,-0.210500
3,59,3.62107900,1,218.963700,218.528200,-0.435500
3,59,3.62107900,2,250.610900,250.335200,-0.275700
3,59,3.62107900,3,258.402700,258.124100,-0.278600
3,59,3.62107900,4,285.645200,285.509400,-0.135800
3,59,3.62107900,5,299.309600,299.149700,-0.159900
3,59,3.62107900,6,304.735100,304.293800,-0.441300
3,59,3.62107900,7,346.856900,346.734700,-0.122200
3,59,3.62107900,8,359.302100,358.769400,-0.532700
3,59,3.62107900,9,362.877900,362.639500,-0.238400
3,59,3.62107900,10,369.933000,369.296700,-0.636300
3,59,3.62107900,11,379.257100,379.130400,-0.126700
3,59,3.62107900,12,409.680500,409.498800,-0.181700
3,59,3.62107900,13,415.391000,415.631100,0.240100
3,59,3.62107900,14,423.585200,423.023300,-0.561900
3,59,3.62107900,15,451.745800,451.147300,-0.598500
3,59,3.62107900,16,462.908400,462.395600,-0.512800
3,59,3.62107900,17,474.188000,473.733000,-0.455000
3,59,3.62107900,18,487.316300,486.938200,-0.378100
3,59,3.62107900,19,532.756200,532.168300,-0.587900
3,59,3.62107900,20,557.498500,557.081600,-0.416900
3,59,3.62107900,21,572.672100,572.596100,-0.076000
3,59,3.62107900,22,592.215900,591.777000,-0.438900
3,59,3.62107900,23,596.453100,596.200400,-0.252700
3,59,3.62107900,24,599.083500,598.557100,-0.526400
3,59,3.62107900,25,657.610800,657.264900,-0.345900
3,59,3.62107900,26,658.499900,658.302000,-0.197900
3,59,3.62107900,27,700.446500,699.177200,-1.269300
3,59,3.62107900,28,726.789700,725.880300,-0.909400
3,59,3.62107900,29,761.774600,760.854800,-0.919800
3,59,3.62107900,30,774.904600,774.683600,-0.221000
3,60,3.62888500,1,219.106500,218.663100,-0.443400
3,60,3.62888500,2,250.274200,249.998400,-0.275800
3,60,3.62888500,3,258.943100,258.665500,-0.277600
3,60,3.62888500,4,283.928800,283.784900,-0.143900
3,60,3.62888500,5,299.848500,299.681900,-0.166600
3,60,3.62888500,6,303.514800,303.071500,-0.443300
3,60,3.62888500,7,347.367800,347.241100,-0.126700
3,60,3.62888500,8,360.471100,359.948400,-0.522700
3,60,3.62888500,9,363.827000,363.583600,-0.243400
3,60,3.62888500,10,369.909700,369.272100,-0.637600
3,60,3.62888500,11,379.411600,379.275100,-0.136500
3,60,3.62888500,12,409.523400,409.348100,-0.175300
3,60,3.62888500,13,416.698200,416.953600,0.255400
3,60,3.62888500,14,423.335200,422.789400,-0.545800
3,60,3.62888500,15,451.920000,451.317700,-0.602300
3,60,3.62888500,16,462.104700,461.603200,-0.501500
3,60,3.62888500,17,475.111100,474.650600,-0.460500
3,60,3.62888500,18,486.498100,486.103700,-0.394400
3,60,3.62888500,19,532.652400,532.053800,-0.598600
3,60,3.62888500,20,559.391600,558.984400,-0.407200
3,60,3.62888500,21,571.869500,571.798100,-0.071400
3,60,3.62888500,22,592.115400,591.711000,-0.404400
3,60,3.62888500,23,596.193300,595.933300,-0.260000
3,60,3.62888500,24,598.343800,597.775400,-0.568400
3,60,3.62888500,25,657.440500,657.242500,-0.198000
3,60,3.62888500,26,657.885600,657.554900,-0.330700
3,60,3.62888500,27,700.109500,698.827600,-1.281900
3,60,3.62888500,28,726.570400,725.650900,-0.919500
3,60,3.62888500,29,763.006500,762.103300,-0.903200
3,60,3.62888500,30,774.669800,774.438100,-0.231700
3,61,3.64538700,1,218.746700,218.291900,-0.454800
3,61,3.64538700,2,251.177700,250.910200,-0.267500
3,61,3.64538700,3,258.830600,258.559900,-0.270700
3,61,3.64538700,4,283.081200,282.940000,-0.141200
3,61,3.64538700,5,301.272700,300.805500,-0.467200
3,61,3.64538700,6,302.270900,302.084700,-0.186200
3,61,3.64538700,7,345.913800,345.798600,-0.115200
3,61,3.64538700,8,361.176300,360.633700,-0.542600
3,61,3.64538700,9,365.499600,365.238300,-0.261300
3,61,3.64538700,10,369.815300,369.190400,-0.624900
3,61,3.64538700,11,379.945900,379.804100,-0.141800
3,61,3.64538700,12,411.401600,411.246600,-0.155000
3,61,3.64538700,13,418.917900,419.233400,0.315500
3,61,3.64538700,14,421.104700,420.569600,-0.535100
3,61,3.64538700,15,452.536800,451.932900,-0.603900
3,61,3.64538700,16,460.718200,460.235900,-0.482300
3,61,3.64538700,17,476.890800,476.394700,-0.496100
3,61,3.64538700,18,485.545600,485.128800,-0.416800
3,61,3.64538700,19,532.616100,531.994400,-0.621700
3,61,3.64538700,20,562.599900,562.198900,-0.401000
3,61,3.64538700,21,571.533600,571.459200,-0.074400
3,61,3.64538700,22,593.188500,592.866600,-0.321900
3,61,3.64538700,23,595.557600,595.305500,-0.252100
3,61,3.64538700,24,597.153900,596.472500,-0.681400
3,61,3.64538700,25,656.261100,656.034200,-0.226900
3,61,3.64538700,26,658.305500,657.973500,-0.332000
3,61,3.64538700,27,699.194300,697.906900,-1.287400
3,61,3.64538700,28,725.080200,724.178500,-0.901700
3,61,3.64538700,29,764.655200,763.778100,-0.877100
3,61,3.64538700,30,774.402600,774.140600,-0.262000
3,62,3.66189000,1,218.204600,217.732900,-0.471700
3,62,3.66189000,2,251.885500,251.623600,-0.261900
3,62,3.66189000,3,258.371500,258.103900,-0.267600
3,62,3.66189000,4,281.893900,281.755000,-0.138900
3,62,3.66189000,5,299.249800,298.760700,-0.489100
3,62,3.66189000,6,304.697000,304.494500,-0.202500
3,62,3.66189000,7,345.007400,344.901700,-0.105700
3,62,3.66189000,8,361.802400,361.240000,-0.562400
3,62,3.66189000,9,367.460900,367.185400,-0.275500
3,62,3.66189000,10,369.845300,369.237400,-0.607900
3,62,3.66189000,11,380.566600,380.418900,-0.147700
3,62,3.66189000,12,413.189800,413.024200,-0.165600
3,62,3.66189000,13,419.023600,418.530000,-0.493600
3,62,3.66189000,14,420.664800,421.025400,0.360600
3,62,3.66189000,15,453.533400,452.941100,-0.592300
3,62,3.66189000,16,459.252400,458.789600,-0.462800
3,62,3.66189000,17,478.871300,478.342200,-0.529100
3,62,3.66189000,18,484.668600,484.232300,-0.436300
3,62,3.66189000,19,532.462800,531.818000,-0.644800
3,62,3.66189000,20,565.785100,565.390900,-0.394200
3,62,3.66189000,21,571.039600,570.962900,-0.076700
3,62,3.66189000,22,593.540100,593.377800,-0.162300
3,62,3.66189000,23,594.888500,594.643100,-0.245400
3,62,3.66189000,24,596.639300,595.766000,-0.873300
3,62,3.66189000,25,655.091700,654.835700,-0.256000
3,62,3.66189000,26,658.726000,658.393100,-0.332900
3,62,3.66189000,27,698.261200,696.970400,-1.290800
3,62,3.66189000,28,723.232800,722.344600,-0.888200
3,62,3.66189000,29,766.307300,765.455800,-0.851500
3,62,3.66189000,30,774.449300,774.159500,-0.289800
3,63,3.67839200,1,217.528200,217.035200,-0.493000
3,63,3.67839200,2,252.278100,252.015700,-0.262400
3,63,3.67839200,3,257.610800,257.342300,-0.268500
3,63,3.67839200,4,280.461200,280.323800,-0.137400
3,63,3.67839200,5,297.523400,297.018700,-0.504700
3,63,3.67839200,6,306.853500,306.636600,-0.216900
3,63,3.67839200,7,344.805200,344.707700,-0.097500
3,63,3.67839200,8,362.335600,361.755800,-0.579800
3,63,3.67839200,9,369.646700,369.362700,-0.284000
3,63,3.67839200,10,370.018000,369.426500,-0.591500
3,63,3.67839200,11,381.264900,381.110600,-0.154300
3,63,3.67839200,12,414.480600,414.143900,-0.336700
3,63,3.67839200,13,417.520400,417.228200,-0.292200
3,63,3.67839200,14,422.019700,422.408900,0.389200
3,63,3.67839200,15,454.842700,454.275500,-0.567200
3,63,3.67839200,16,457.720900,457.277400,-0.443500
3,63,3.67839200,17,481.037100,480.478600,-0.558500
3,63,3.67839200,18,483.869100,483.416500,-0.452600
3,63,3.67839200,19,532.202300,531.534600,-0.667700
3,63,3.67839200,20,568.903800,568.531000,-0.372800
3,63,3.67839200,21,570.394900,570.302900,-0.092000
3,63,3.67839200,22,592.564700,592.339300,-0.225400
3,63,3.67839200,23,594.189000,593.947400,-0.241600
3,63,3.67839200,24,597.393200,596.549200,-0.844000
3,63,3.67839200,25,653.959200,653.674100,-0.285100
3,63,3.67839200,26,659.146600,658.813300,-0.333300
3,63,3.67839200,27,697.307700,696.015600,-1.292100
3,63,3.67839200,28,721.072700,720.192600,-0.880100
3,63,3.67839200,29,767.959100,767.132500,-0.826600
3,63,3.67839200,30,774.770200,774.456100,-0.314100
3,64,3.69489400,1,216.756000,216.237900,-0.518100
3,64,3.69489400,2,252.253000,251.980800,-0.272200
3,64,3.69489400,3,256.589400,256.316700,-0.272700
3,64,3.69489400,4,278.823400,278.685900,-0.137500
3,64,3.69489400,5,296.167600,295.655600,-0.512000
3,64,3.69489400,6,308.549300,308.320800,-0.228500
3,64,3.69489400,7,345.423900,345.332700,-0.091200
3,64,3.69489400,8,362.778400,362.185300,-0.593100
3,64,3.69489400,9,370.319300,369.752700,-0.566600
3,64,3.69489400,10,372.011400,371.713400,-0.298000
3,64,3.69489400,11,382.025500,381.864000,-0.161500
3,64,3.69489400,12,413.886700,413.327900,-0.558800
3,64,3.69489400,13,418.009100,417.969000,-0.040100
3,64,3.69489400,14,423.099600,423.503400,0.403800
3,64,3.69489400,15,456.118700,455.711600,-0.407100
3,64,3.69489400,16,456.393100,455.843300,-0.549800
3,64,3.69489400,17,483.150100,482.687300,-0.462800
3,64,3.69489400,18,483.368100,482.782600,-0.585500
3,64,3.69489400,19,531.843100,531.153100,-0.690000
3,64,3.69489400,20,569.497600,569.450500,-0.047100
3,64,3.69489400,21,572.012500,571.604200,-0.408300
3,64,3.69489400,22,590.969100,590.677800,-0.291300
3,64,3.69489400,23,593.467500,593.225900,-0.241600
3,64,3.69489400,24,598.699400,597.884300,-0.815100
3,64,3.69489400,25,652.892000,652.578200,-0.313800
3,64,3.69489400,26,659.567300,659.233800,-0.333500
3,64,3.69489400,27,696.331200,695.040300,-1.290900
3,64,3.69489400,28,718.650000,717.772000,-0.878000
3,64,3.69489400,29,769.606500,768.804100,-0.802400
3,64,3.69489400,30,775.320100,774.986200,-0.333900
3,65,3.71139600,1,215.918500,215.372000,-0.546500
3,65,3.71139600,2,251.738800,251.445200,-0.293600
3,65,3.71139600,3,255.344700,255.064400,-0.280300
3,65,3.71139600,4,276.994200,276.854400,-0.139800
3,65,3.71139600,5,295.235100,294.725700,-0.509400
3,65,3.71139600,6,309.695900,309.459300,-0.236600
3,65,3.71139600,7,346.896900,346.809700,-0.087200
3,65,3.71139600,8,363.149600,362.548600,-0.601000
3,65,3.71139600,9,370.744300,370.196600,-0.547700
3,65,3.71139600,10,374.486100,374.181000,-0.305100
3,65,3.71139600,11,382.825700,382.656700,-0.169000
3,65,3.71139600,12,412.335100,411.757600,-0.577500
3,65,3.71139600,13,419.596700,419.605100,0.008400
3,65,3.71139600,14,424.032700,424.440600,0.407900
3,65,3.71139600,15,454.505500,454.104500,-0.401000
3,65,3.71139600,16,458.049000,457.551200,-0.497800
3,65,3.71139600,17,482.528100,482.054800,-0.473300
3,65,3.71139600,18,485.827500,485.225400,-0.602100
3,65,3.71139600,19,531.393100,530.681700,-0.711400
3,65,3.71139600,20,568.481300,568.436000,-0.045300
3,65,3.71139600,21,574.910900,574.516000,-0.394900
3,65,3.71139600,22,589.130200,588.803700,-0.326500
3,65,3.71139600,23,592.755100,592.506000,-0.249100
3,65,3.71139600,24,600.169900,599.350400,-0.819500
3,65,3.71139600,25,651.919000,651.577500,-0.341500
3,65,3.71139600,26,659.987900,659.654300,-0.333600
3,65,3.71139600,27,695.329800,694.042300,-1.287500
3,65,3.71139600,28,716.015200,715.133500,-0.881700
3,65,3.71139600,29,771.245100,770.466500,-0.778600
3,65,3.71139600,30,776.054600,775.705300,-0.349300
3,66,3.72789900,1,215.039500,214.462100,-0.577400
3,66,3.72789900,2,250.707400,250.380500,-0.326900
3,66,3.72789900,3,253.910000,253.618800,-0.291200
3,66,3.72789900,4,274.976800,274.831900,-0.144900
3,66,3.72789900,5,294.743000,294.246200,-0.496800
3,66,3.72789900,6,310.315800,310.074700,-0.241100
3,66,3.72789900,7,349.150300,349.063800,-0.086500
3,66,3.72789900,8,363.477100,362.873800,-0.603300
3,66,3.72789900,9,371.262700,370.733100,-0.529600
3,66,3.72789900,10,377.019400,376.708500,-0.310900
3,66,3.72789900,11,383.637000,383.460800,-0.176200
3,66,3.72789900,12,410.832700,410.264000,-0.568700
3,66,3.72789900,13,421.319300,421.349000,0.029700
3,66,3.72789900,14,424.938900,425.343700,0.404800
3,66,3.72789900,15,452.848900,452.467700,-0.381200
3,66,3.72789900,16,459.782400,459.323100,-0.459300
3,66,3.72789900,17,482.010300,481.532400,-0.477900
3,66,3.72789900,18,488.385500,487.771400,-0.614100
3,66,3.72789900,19,530.858900,530.127300,-0.731600
3,66,3.72789900,20,567.273200,567.238700,-0.034500
3,66,3.72789900,21,577.554400,577.175900,-0.378500
3,66,3.72789900,22,587.130300,586.782100,-0.348200
3,66,3.72789900,23,592.133900,591.862700,-0.271200
3,66,3.72789900,24,601.712800,600.872600,-0.840200
3,66,3.72789900,25,651.068900,650.701100,-0.367800
3,66,3.72789900,26,660.408500,660.074600,-0.333900
3,66,3.72789900,27,694.301300,693.019700,-1.281600
3,66,3.72789900,28,713.215800,712.324800,-0.891000
3,66,3.72789900,29,772.870600,772.115200,-0.755400
3,66,3.72789900,30,776.932700,776.572400,-0.360300
3,67,3.74440100,1,214.138200,213.527600,-0.610600
3,67,3.74440100,2,249.178000,248.807200,-0.370800
3,67,3.74440100,3,252.314800,252.009900,-0.304900
3,67,3.74440100,4,272.771800,272.618300,-0.153500
3,67,3.74440100,5,294.668200,294.192200,-0.476000
3,67,3.74440100,6,310.510900,310.268600,-0.242300
3,67,3.74440100,7,352.022600,351.932900,-0.089700
3,67,3.74440100,8,363.790400,363.189400,-0.601000
3,67,3.74440100,9,371.851500,371.339300,-0.512200
3,67,3.74440100,10,379.554800,379.239400,-0.315400
3,67,3.74440100,11,384.427400,384.245000,-0.182400
3,67,3.74440100,12,409.589900,409.037500,-0.552400
3,67,3.74440100,13,423.019200,423.063700,0.044500
3,67,3.74440100,14,425.920200,426.316800,0.396600
3,67,3.74440100,15,451.174200,450.814100,-0.360100
3,67,3.74440100,16,461.530300,461.106000,-0.424300
3,67,3.74440100,17,481.615800,481.137300,-0.478500
3,67,3.74440100,18,491.000100,490.380600,-0.619500
3,67,3.74440100,19,530.246800,529.496200,-0.750600
3,67,3.74440100,20,565.882100,565.862300,-0.019800
3,67,3.74440100,21,579.708900,579.365400,-0.343500
3,67,3.74440100,22,584.991600,584.627900,-0.363700
3,67,3.74440100,23,591.796300,591.476700,-0.319600
3,67,3.74440100,24,603.297000,602.426800,-0.870200
3,67,3.74440100,25,650.367700,649.975600,-0.392100
3,67,3.74440100,26,660.828800,660.494400,-0.334400
3,67,3.74440100,27,693.244100,691.970900,-1.273200
3,67,3.74440100,28,710.294700,709.389600,-0.905100
3,67,3.74440100,29,774.478400,773.745900,-0.732500
3,67,3.74440100,30,777.918900,777.551500,-0.367400
3,68,3.76090300,1,213.230500,212.584900,-0.645600
3,68,3.76090300,2,247.208100,246.785900,-0.422200
3,68,3.76090300,3,250.585400,250.263800,-0.321600
3,68,3.76090300,4,270.381900,270.216000,-0.165900
3,68,3.76090300,5,294.953900,294.503900,-0.450000
3,68,3.76090300,6,310.410200,310.169300,-0.240900
3,68,3.76090300,7,355.307500,355.209500,-0.098000
3,68,3.76090300,8,364.114200,363.519300,-0.594900
3,68,3.76090300,9,372.494500,371.999100,-0.495400
3,68,3.76090300,10,382.043300,381.725200,-0.318100
3,68,3.76090300,11,385.165800,384.979100,-0.186700
3,68,3.76090300,12,408.712800,408.183300,-0.529500
3,68,3.76090300,13,424.650400,424.705100,0.054700
3,68,3.76090300,14,427.056200,427.440900,0.384700
3,68,3.76090300,15,449.495800,449.158300,-0.337500
3,68,3.76090300,16,463.261500,462.867300,-0.394200
3,68,3.76090300,17,481.364100,480.888600,-0.475500
3,68,3.76090300,18,493.629900,493.011600,-0.618300
3,68,3.76090300,19,529.562100,528.794100,-0.768000
3,68,3.76090300,20,564.312600,564.310600,-0.002000
3,68,3.76090300,21,580.998400,580.717100,-0.281300
3,68,3.76090300,22,582.721200,582.345200,-0.376000
3,68,3.76090300,23,592.083400,591.681300,-0.402100
3,68,3.76090300,24,604.906800,604.000400,-0.906400
3,68,3.76090300,25,649.837800,649.423800,-0.414000
3,68,3.76090300,26,661.248800,660.913500,-0.335300
3,68,3.76090300,27,692.156700,690.894400,-1.262300
3,68,3.76090300,28,707.289800,706.366700,-0.923100
3,68,3.76090300,29,776.063800,775.353900,-0.709900
3,68,3.76090300,30,778.982900,778.611800,-0.371100
3,69,3.77740500,1,212.329700,211.647700,-0.682000
3,69,3.77740500,2,244.877700,244.399200,-0.478500
3,69,3.77740500,3,248.744800,248.403900,-0.340900
3,69,3.77740500,4,267.813900,267.631500,-0.182400
3,69,3.77740500,5,295.525100,295.104000,-0.421100
3,69,3.77740500,6,310.129800,309.892300,-0.237500
3,69,3.77740500,7,358.785300,358.671600,-0.113700
3,69,3.77740500,8,364.466900,363.880600,-0.586300
3,69,3.77740500,9,373.182600,372.704100,-0.478500
3,69,3.77740500,10,384.459600,384.142500,-0.317100
3,69,3.77740500,11,385.826500,385.637900,-0.188600
3,69,3.77740500,12,408.282700,407.783000,-0.499700
3,69,3.77740500,13,426.189600,426.249600,0.060000
3,69,3.77740500,14,428.405200,428.774800,0.369600
3,69,3.77740500,15,447.831800,447.519400,-0.312400
3,69,3.77740500,16,464.959600,464.590400,-0.369200
3,69,3.77740500,17,481.276000,480.807000,-0.469000
3,69,3.77740500,18,496.235000,495.623800,-0.611200
3,69,3.77740500,19,528.810300,528.026500,-0.783800
3,69,3.77740500,20,562.570500,562.588600,0.018100
3,69,3.77740500,21,580.317700,579.935100,-0.382600
3,69,3.77740500,22,581.127300,580.909000,-0.218300
3,69,3.77740500,23,593.265900,592.769400,-0.496500
3,69,3.77740500,24,606.532300,605.584700,-0.947600
3,69,3.77740500,25,649.495800,649.062700,-0.433100
3,69,3.77740500,26,661.668100,661.331200,-0.336900
3,69,3.77740500,27,691.037900,689.788900,-1.249000
3,69,3.77740500,28,704.234500,703.290500,-0.944000
3,69,3.77740500,29,777.622100,776.934600,-0.687500
3,69,3.77740500,30,780.099500,779.727900,-0.371600
3,70,3.79390700,1,211.447300,210.727900,-0.719400
3,70,3.79390700,2,242.273200,241.736000,-0.537200
3,70,3.79390700,3,246.813400,246.450500,-0.362900
3,70,3.79390700,4,265.078900,264.876000,-0.202900
3,70,3.79390700,5,296.304100,295.912000,-0.392100
3,70,3.79390700,6,309.757300,309.524500,-0.232800
3,70,3.79390700,7,362.229400,362.089900,-0.139500
3,70,3.79390700,8,364.860400,364.284000,-0.576400
3,70,3.79390700,9,373.912800,373.451600,-0.461200
3,70,3.79390700,10,386.390400,386.204500,-0.185900
3,70,3.79390700,11,386.830800,386.520000,-0.310800
3,70,3.79390700,12,408.347900,407.884100,-0.463800
3,70,3.79390700,13,427.622000,427.681900,0.059900
3,70,3.79390700,14,430.003300,430.355100,0.351800
3,70,3.79390700,15,446.208300,445.925000,-0.283300
3,70,3.79390700,16,466.617300,466.268100,-0.349200
3,70,3.79390700,17,481.371500,480.911900,-0.459600
3,70,3.79390700,18,498.778200,498.179100,-0.599100
3,70,3.79390700,19,527.996000,527.198100,-0.797900
3,70,3.79390700,20,560.662400,560.702200,0.039800
3,70,3.79390700,21,577.789700,577.397900,-0.391800
3,70,3.79390700,22,580.205500,580.031000,-0.174500
3,70,3.79390700,23,595.202400,594.627300,-0.575100
3,70,3.79390700,24,608.165500,607.172300,-0.993200
3,70,3.79390700,25,649.351500,648.902200,-0.449300
3,70,3.79390700,26,662.086200,661.747000,-0.339200
3,70,3.79390700,27,689.886600,688.653700,-1.232900
3,70,3.79390700,28,701.158400,700.191600,-0.966800
3,70,3.79390700,29,779.148300,778.483100,-0.665200
3,70,3.79390700,30,781.247900,780.878300,-0.369600
3,71,3.81041000,1,210.593800,209.836500,-0.757300
3,71,3.81041000,2,239.477500,238.880600,-0.596900
3,71,3.81041000,3,244.809500,244.421800,-0.387700
3,71,3.81041000,4,262.192200,261.964500,-0.227700
3,71,3.81041000,5,297.219700,296.855700,-0.364000
3,71,3.81041000,6,309.352300,309.125200,-0.227100
3,71,3.81041000,7,365.288400,364.734700,-0.553700
3,71,3.81041000,8,365.420800,365.230400,-0.190400
3,71,3.81041000,9,374.686700,374.243200,-0.443500
3,71,3.81041000,10,386.855200,386.672500,-0.182700
3,71,3.81041000,11,389.251100,388.960600,-0.290500
3,71,3.81041000,12,408.898800,408.474600,-0.424200
3,71,3.81041000,13,428.937300,428.990000,0.052700
3,71,3.81041000,14,431.868200,432.199800,0.331600
3,71,3.81041000,15,444.665400,444.417800,-0.247600
3,71,3.81041000,16,468.233000,467.899400,-0.333600
3,71,3.81041000,17,481.668000,481.220000,-0.448000
3,71,3.81041000,18,501.226400,500.643700,-0.582700
3,71,3.81041000,19,527.124300,526.314000,-0.810300
3,71,3.81041000,20,558.595700,558.658200,0.062500
3,71,3.81041000,21,575.132300,574.733900,-0.398400
3,71,3.81041000,22,578.556100,578.403600,-0.152500
3,71,3.81041000,23,597.558600,596.918200,-0.640400
3,71,3.81041000,24,609.799400,608.756800,-1.042600
3,71,3.81041000,25,649.406900,648.944300,-0.462600
3,71,3.81041000,26,662.502200,662.159700,-0.342500
3,71,3.81041000,27,688.702300,687.488100,-1.214200
3,71,3.81041000,28,698.087400,697.097200,-0.990200
3,71,3.81041000,29,780.637600,779.994800,-0.642800
3,71,3.81041000,30,782.411000,782.045500,-0.365500
3,72,3.82691200,1,209.778900,208.983500,-0.795400
3,72,3.82691200,2,236.564400,235.908300,-0.656100
3,72,3.82691200,3,242.749300,242.334300,-0.415000
3,72,3.82691200,4,259.172200,258.915800,-0.256400
3,72,3.82691200,5,298.212300,297.874500,-0.337800
3,72,3.82691200,6,308.952600,308.731700,-0.220900
3,72,3.82691200,7,365.786500,365.233400,-0.553100
3,72,3.82691200,8,368.111000,367.879600,-0.231400
3,72,3.82691200,9,375.508000,375.082900,-0.425100
3,72,3.82691200,10,387.221800,387.045700,-0.176100
3,72,3.82691200,11,391.881500,391.623400,-0.258100
3,72,3.82691200,12,409.852500,409.468800,-0.383700
3,72,3.82691200,13,430.121700,430.157600,0.035900
3,72,3.82691200,14,434.001500,434.311200,0.309700
3,72,3.82691200,15,443.270800,443.069300,-0.201500
3,72,3.82691200,16,469.807500,469.485900,-0.321600
3,72,3.82691200,17,482.178000,481.743100,-0.434900
3,72,3.82691200,18,503.550500,502.987600,-0.562900
3,72,3.82691200,19,526.200000,525.378900,-0.821100
3,72,3.82691200,20,556.378200,556.463600,0.085400
3,72,3.82691200,21,572.347600,571.944200,-0.403400
3,72,3.82691200,22,576.401200,576.260300,-0.140900
3,72,3.82691200,23,600.102200,599.399500,-0.702700
3,72,3.82691200,24,611.427800,610.331900,-1.095900
3,72,3.82691200,25,649.657300,649.184000,-0.473300
3,72,3.82691200,26,662.914600,662.568000,-0.346600
3,72,3.82691200,27,687.484700,686.292000,-1.192700
3,72,3.82691200,28,695.045100,694.031900,-1.013200
3,72,3.82691200,29,782.085200,781.464700,-0.620500
3,72,3.82691200,30,783.574400,783.214900,-0.359500
3,73,3.84341400,1,209.011700,208.178500,-0.833200
3,73,3.84341400,2,233.598600,232.884200,-0.714400
3,73,3.84341400,3,240.647900,240.203300,-0.444600
3,73,3.84341400,4,256.039900,255.750900,-0.289000
3,73,3.84341400,5,299.234200,298.920300,-0.313900
3,73,3.84341400,6,308.580400,308.366100,-0.214300
3,73,3.84341400,7,366.319600,365.777200,-0.542400
3,73,3.84341400,8,370.190000,369.901500,-0.288500
3,73,3.84341400,9,376.382000,375.975800,-0.406200
3,73,3.84341400,10,387.504100,387.336800,-0.167300
3,73,3.84341400,11,394.860500,394.642000,-0.218500
3,73,3.84341400,12,411.064400,410.719800,-0.344600
3,73,3.84341400,13,431.141700,431.147400,0.005700
3,73,3.84341400,14,436.392900,436.679200,0.286300
3,73,3.84341400,15,442.141300,442.002200,-0.139100
3,73,3.84341400,16,471.342700,471.030300,-0.312400
3,73,3.84341400,17,482.907500,482.486100,-0.421400
3,73,3.84341400,18,505.725900,505.185200,-0.540700
3,73,3.84341400,19,525.228000,524.397800,-0.830200
3,73,3.84341400,20,554.018200,554.126200,0.108000
3,73,3.84341400,21,569.437600,569.030600,-0.407000
3,73,3.84341400,22,573.858800,573.725200,-0.133600
3,73,3.84341400,23,602.712200,601.944800,-0.767400
3,73,3.84341400,24,613.044500,611.891800,-1.152700
3,73,3.84341400,25,650.090700,649.609300,-0.481400
3,73,3.84341400,26,663.321700,662.969800,-0.351900
3,73,3.84341400,27,686.234100,685.065700,-1.168400
3,73,3.84341400,28,692.052700,691.018300,-1.034400
3,73,3.84341400,29,783.486100,782.888200,-0.597900
3,73,3.84341400,30,784.726500,784.374300,-0.352200
3,74,3.85991600,1,208.300500,207.430300,-0.870200
3,74,3.85991600,2,230.635400,229.864400,-0.771000
3,74,3.85991600,3,238.519000,238.042400,-0.476600
3,74,3.85991600,4,252.817900,252.492700,-0.325200
3,74,3.85991600,5,300.248500,299.956300,-0.292200
3,74,3.85991600,6,308.248200,308.040300,-0.207900
3,74,3.85991600,7,366.891900,366.359600,-0.532300
3,74,3.85991600,8,371.628500,371.286600,-0.341900
3,74,3.85991600,9,377.313700,376.926900,-0.386800
3,74,3.85991600,10,387.721900,387.564900,-0.157000
3,74,3.85991600,11,398.213600,398.030300,-0.183300
3,74,3.85991600,12,412.363300,412.056200,-0.307100
3,74,3.85991600,13,431.921900,431.882900,-0.039000
3,74,3.85991600,14,439.023300,439.285500,0.262200
3,74,3.85991600,15,441.469700,441.412400,-0.057300
3,74,3.85991600,16,472.840700,472.535200,-0.305500
3,74,3.85991600,17,483.854600,483.446600,-0.408000
3,74,3.85991600,18,507.731400,507.214700,-0.516700
3,74,3.85991600,19,524.213600,523.375700,-0.837900
3,74,3.85991600,20,551.524500,551.653700,0.129200
3,74,3.85991600,21,566.405100,565.996000,-0.409100
3,74,3.85991600,22,570.994000,570.866000,-0.128000
3,74,3.85991600,23,605.326200,604.489200,-0.837000
3,74,3.85991600,24,614.643500,613.430600,-1.212900
3,74,3.85991600,25,650.689900,650.202200,-0.487700
3,74,3.85991600,26,663.721000,663.362800,-0.358200
3,74,3.85991600,27,684.951100,683.809900,-1.141200
3,74,3.85991600,28,689.129600,688.076800,-1.052800
3,74,3.85991600,29,784.835700,784.260300,-0.575400
3,74,3.85991600,30,785.857100,785.513400,-0.343700
3,75,3.87641900,1,207.653300,206.747400,-0.905900
3,75,3.87641900,2,227.722500,226.897100,-0.825400
3,75,3.87641900,3,236.375500,235.864900,-0.510600
3,75,3.87641900,4,249.529600,249.164700,-0.364900
3,75,3.87641900,5,301.228000,300.955100,-0.272900
3,75,3.87641900,6,307.961600,307.760100,-0.201500
3,75,3.87641900,7,367.494900,366.972000,-0.522900
3,75,3.87641900,8,372.519900,372.135400,-0.384500
3,75,3.87641900,9,378.308000,377.940900,-0.367100
3,75,3.87641900,10,387.899300,387.753500,-0.145800
3,75,3.87641900,11,401.815200,401.651200,-0.164000
3,75,3.87641900,12,413.591200,413.321200,-0.270000
3,75,3.87641900,13,432.375000,432.291800,-0.083200
3,75,3.87641900,14,441.495900,441.532800,0.036900
3,75,3.87641900,15,441.873200,442.107200,0.234000
3,75,3.87641900,16,474.302300,474.002400,-0.299900
3,75,3.87641900,17,485.010000,484.614200,-0.395800
3,75,3.87641900,18,509.549800,509.058100,-0.491700
3,75,3.87641900,19,523.162000,522.317900,-0.844100
3,75,3.87641900,20,548.906400,549.054900,0.148500
3,75,3.87641900,21,563.253800,562.844300,-0.409500
3,75,3.87641900,22,567.848600,567.725800,-0.122800
3,75,3.87641900,23,607.909300,606.997000,-0.912300
3,75,3.87641900,24,616.219100,614.942500,-1.276600
3,75,3.87641900,25,651.433500,650.941300,-0.492200
3,75,3.87641900,26,664.109400,663.743900,-0.365500
3,75,3.87641900,27,683.636900,682.525900,-1.111000
3,75,3.87641900,28,686.293600,685.226900,-1.066700
3,75,3.87641900,29,786.129000,785.576400,-0.552600
3,75,3.87641900,30,786.957600,786.623300,-0.334300
3,76,3.89292100,1,207.078600,206.138700,-0.939900
3,76,3.89292100,2,224.903600,224.026300,-0.877300
3,76,3.89292100,3,234.230500,233.683900,-0.546600
3,76,3.89292100,4,246.201300,245.793600,-0.407700
3,76,3.89292100,5,302.152800,301.897100,-0.255700
3,76,3.89292100,6,307.722900,307.527300,-0.195600
3,76,3.89292100,7,368.117700,367.603200,-0.514500
3,76,3.89292100,8,373.006600,372.591800,-0.414800
3,76,3.89292100,9,379.368700,379.021400,-0.347300
3,76,3.89292100,10,388.062800,387.928600,-0.134200
3,76,3.89292100,11,405.404600,405.235100,-0.169500
3,76,3.89292100,12,414.637100,414.405400,-0.231700
3,76,3.89292100,13,432.568200,432.472200,-0.096000
3,76,3.89292100,14,442.369400,442.477800,0.108400
3,76,3.89292100,15,444.907200,445.118800,0.211600
3,76,3.89292100,16,475.727900,475.432700,-0.295200
3,76,3.89292100,17,486.357600,485.972200,-0.385400
3,76,3.89292100,18,511.167000,510.700500,-0.466500
3,76,3.89292100,19,522.079200,521.230300,-0.848900
3,76,3.89292100,20,546.173900,546.339000,0.165100
3,76,3.89292100,21,559.989100,559.581100,-0.408000
3,76,3.89292100,22,564.454400,564.336900,-0.117500
3,76,3.89292100,23,610.440200,609.446500,-0.993700
3,76,3.89292100,24,617.765500,616.422000,-1.343500
3,76,3.89292100,25,652.297900,651.802400,-0.495500
3,76,3.89292100,26,664.483300,664.109400,-0.373900
3,76,3.89292100,27,682.292900,681.215800,-1.077100
3,76,3.89292100,28,683.562400,682.486500,-1.075900
3,76,3.89292100,29,787.361500,786.831800,-0.529700
3,76,3.89292100,30,788.020900,787.696500,-0.324400
3,77,3.90942300,1,206.583600,205.611800,-0.971800
3,77,3.90942300,2,222.215300,221.289100,-0.926200
3,77,3.90942300,3,232.095800,231.511500,-0.584300
3,77,3.90942300,4,242.857800,242.404500,-0.453300
3,77,3.90942300,5,303.009400,302.768800,-0.240600
3,77,3.90942300,6,307.531200,307.341100,-0.190100
3,77,3.90942300,7,368.747300,368.240600,-0.506700
3,77,3.90942300,8,373.223300,372.789000,-0.434300
3,77,3.90942300,9,380.498100,380.170400,-0.327700
3,77,3.90942300,10,388.239400,388.116500,-0.122900
3,77,3.90942300,11,408.594400,408.390600,-0.203800
3,77,3.90942300,12,415.454800,415.261200,-0.193600
3,77,3.90942300,13,432.861800,432.800900,-0.060900
3,77,3.90942300,14,444.004300,444.160900,0.156600
3,77,3.90942300,15,448.107100,448.294200,0.187100
3,77,3.90942300,16,477.115800,476.825500,-0.290300
3,77,3.90942300,17,487.875800,487.498500,-0.377300
3,77,3.90942300,18,512.571600,512.130200,-0.441400
3,77,3.90942300,19,520.971400,520.118800,-0.852600
3,77,3.90942300,20,543.338200,543.516400,0.178200
3,77,3.90942300,21,556.617600,556.212800,-0.404800
3,77,3.90942300,22,560.838200,560.726400,-0.111800
3,77,3.90942300,23,612.903300,611.822300,-1.081000
3,77,3.90942300,24,619.276800,617.863400,-1.413400
3,77,3.90942300,25,653.258000,652.759800,-0.498200
3,77,3.90942300,26,664.838200,664.455200,-0.383000
3,77,3.90942300,27,680.882600,679.872900,-1.009700
3,77,3.90942300,28,680.990600,679.882300,-1.108300
3,77,3.90942300,29,788.528600,788.022000,-0.506600
3,77,3.90942300,30,789.040400,788.726100,-0.314300
3,78,3.92592500,1,206.175500,205.174400,-1.001100
3,78,3.92592500,2,219.690700,218.719400,-0.971300
3,78,3.92592500,3,229.982900,229.359700,-0.623200
3,78,3.92592500,4,239.525500,239.024100,-0.501400
3,78,3.92592500,5,303.789100,303.561700,-0.227400
3,78,3.92592500,6,307.384500,307.199400,-0.185100
3,78,3.92592500,7,369.369300,368.869800,-0.499500
3,78,3.92592500,8,373.274300,372.828600,-0.445700
3,78,3.92592500,9,381.697000,381.388400,-0.308600
3,78,3.92592500,10,388.456000,388.343900,-0.112100
3,78,3.92592500,11,410.920800,410.667200,-0.253600
3,78,3.92592500,12,416.027200,415.859000,-0.168200
3,78,3.92592500,13,433.799200,433.812600,0.013400
3,78,3.92592500,14,446.225800,446.414200,0.188400
3,78,3.92592500,15,451.444500,451.607400,0.162900
3,78,3.92592500,16,478.462700,478.178100,-0.284600
3,78,3.92592500,17,489.539200,489.167500,-0.371700
3,78,3.92592500,18,513.754900,513.337900,-0.417000
3,78,3.92592500,19,519.845400,518.990200,-0.855200
3,78,3.92592500,20,540.411900,540.598800,0.186900
3,78,3.92592500,21,553.147400,552.747900,-0.399500
3,78,3.92592500,22,557.025600,556.919400,-0.106200
3,78,3.92592500,23,615.286300,614.112000,-1.174300
3,78,3.92592500,24,620.747300,619.261100,-1.486200
3,78,3.92592500,25,654.288600,653.788200,-0.500400
3,78,3.92592500,26,665.169400,664.776400,-0.393000
3,78,3.92592500,27,678.467000,677.402800,-1.064200
3,78,3.92592500,28,679.536900,678.529400,-1.007500
3,78,3.92592500,29,789.626100,789.142400,-0.483700
3,78,3.92592500,30,790.010200,789.706100,-0.304100
3,79,3.94242800,1,205.861100,204.833600,-1.027500
3,79,3.94242800,2,217.359800,216.347400,-1.012400
3,79,3.94242800,3,227.903100,227.240100,-0.663000
3,79,3.94242800,4,236.231100,235.679500,-0.551600
3,79,3.94242800,5,304.487200,304.271300,-0.215900
3,79,3.94242800,6,307.279700,307.098900,-0.180800
3,79,3.94242800,7,369.968600,369.475900,-0.492700
3,79,3.94242800,8,373.232500,372.781400,-0.451100
3,79,3.94242800,9,382.964700,382.674300,-0.290400
3,79,3.94242800,10,388.738700,388.636100,-0.102600
3,79,3.94242800,11,412.121200,411.838000,-0.283200
3,79,3.94242800,12,416.239200,416.067400,-0.171800
3,79,3.94242800,13,435.833900,435.933700,0.099800
3,79,3.94242800,14,448.875500,449.088800,0.213300
3,79,3.94242800,15,454.893100,455.032700,0.139600
3,79,3.94242800,16,479.762900,479.485700,-0.277200
3,79,3.94242800,17,491.320900,490.952200,-0.368700
3,79,3.94242800,18,514.710700,514.316900,-0.393800
3,79,3.94242800,19,518.709100,517.852200,-0.856900
3,79,3.94242800,20,537.409500,537.600000,0.190500
3,79,3.94242800,21,549.588500,549.196400,-0.392100
3,79,3.94242800,22,553.041500,552.940700,-0.100800
3,79,3.94242800,23,617.577400,616.304100,-1.273300
3,79,3.94242800,24,622.170800,620.609300,-1.561500
3,79,3.94242800,25,655.365000,654.862800,-0.502200
3,79,3.94242800,26,665.471300,665.067700,-0.403600
3,79,3.94242800,27,676.140500,675.092200,-1.048300
3,79,3.94242800,28,678.126400,677.161800,-0.964600
3,79,3.94242800,29,790.649800,790.189000,-0.460800
3,79,3.94242800,30,790.925300,790.630900,-0.294400
3,80,3.95893000,1,205.646800,204.596300,-1.050500
3,80,3.95893000,2,215.249300,214.200500,-1.048800
3,80,3.95893000,3,225.867500,225.164000,-0.703500
3,80,3.95893000,4,233.001700,232.398300,-0.603400
3,80,3.95893000,5,305.102100,304.896100,-0.206000
3,80,3.95893000,6,307.212800,307.035800,-0.177000
3,80,3.95893000,7,370.530200,370.044400,-0.485800
3,80,3.95893000,8,373.146500,372.694200,-0.452300
3,80,3.95893000,9,384.298700,384.025400,-0.273300
3,80,3.95893000,10,389.111300,389.016700,-0.094600
3,80,3.95893000,11,412.379900,412.096700,-0.283200
3,80,3.95893000,12,415.905300,415.715800,-0.189500
3,80,3.95893000,13,439.028500,439.198500,0.170000
3,80,3.95893000,14,451.833400,452.069800,0.236400
3,80,3.95893000,15,458.426600,458.543800,0.117200
3,80,3.95893000,16,481.007700,480.740700,-0.267000
3,80,3.95893000,17,493.193000,492.824600,-0.368400
3,80,3.95893000,18,515.434600,515.062500,-0.372100
3,80,3.95893000,19,517.571300,516.713800,-0.857500
3,80,3.95893000,20,534.348400,534.536300,0.187900
3,80,3.95893000,21,545.952900,545.570600,-0.382300
3,80,3.95893000,22,548.912400,548.816000,-0.096400
3,80,3.95893000,23,619.764200,618.386500,-1.377700
3,80,3.95893000,24,623.540900,621.901700,-1.639200
3,80,3.95893000,25,656.464200,655.960100,-0.504100
3,80,3.95893000,26,665.738000,665.323300,-0.414700
3,80,3.95893000,27,673.978400,672.957200,-1.021200
3,80,3.95893000,28,676.705500,675.785800,-0.919700
3,80,3.95893000,29,791.595600,791.157600,-0.438000
3,80,3.95893000,30,791.780800,791.495500,-0.285300
3,81,3.97543200,1,205.538400,204.468600,-1.069800
3,81,3.97543200,2,213.382900,212.302800,-1.080100
3,81,3.97543200,3,223.886300,223.142200,-0.744100
3,81,3.97543200,4,229.864600,229.208300,-0.656300
3,81,3.97543200,5,305.634600,305.437100,-0.197500
3,81,3.97543200,6,307.179300,307.005600,-0.173700
3,81,3.97543200,7,371.040200,370.561500,-0.478700
3,81,3.97543200,8,373.047200,372.596500,-0.450700
3,81,3.97543200,9,385.695300,385.437700,-0.257600
3,81,3.97543200,10,389.595000,389.506400,-0.088600
3,81,3.97543200,11,412.031600,411.760900,-0.270700
3,81,3.97543200,12,415.026000,414.826000,-0.200000
3,81,3.97543200,13,443.095500,443.313500,0.218000
3,81,3.97543200,14,455.007700,455.267300,0.259600
3,81,3.97543200,15,462.016400,462.112800,0.096400
3,81,3.97543200,16,482.183800,481.931200,-0.252600
3,81,3.97543200,17,495.128300,494.757800,-0.370500
3,81,3.97543200,18,515.924100,515.572400,-0.351700
3,81,3.97543200,19,516.443100,515.585400,-0.857700
3,81,3.97543200,20,531.249800,531.427800,0.178000
3,81,3.97543200,21,542.255400,541.885200,-0.370200
3,81,3.97543200,22,544.667600,544.573700,-0.093900
3,81,3.97543200,23,621.832300,620.345500,-1.486800
3,81,3.97543200,24,624.850200,623.131800,-1.718400
3,81,3.97543200,25,657.564500,657.058600,-0.505900
3,81,3.97543200,26,665.963200,665.537300,-0.425900
3,81,3.97543200,27,671.997200,671.014000,-0.983200
3,81,3.97543200,28,675.281600,674.409300,-0.872300
3,81,3.97543200,29,792.460000,792.044600,-0.415400
3,81,3.97543200,30,792.572300,792.295100,-0.277200
3,82,3.99193400,1,205.541100,204.456000,-1.085100
3,82,3.99193400,2,211.781400,210.675800,-1.105600
3,82,3.99193400,3,221.969800,221.185100,-0.784700
3,82,3.99193400,4,226.846900,226.137000,-0.709900
3,82,3.99193400,5,306.087500,305.897200,-0.190300
3,82,3.99193400,6,307.174400,307.003300,-0.171100
3,82,3.99193400,7,371.487700,371.016500,-0.471200
3,82,3.99193400,8,372.953400,372.506100,-0.447300
3,82,3.99193400,9,387.149500,386.906000,-0.243500
3,82,3.99193400,10,390.206500,390.121600,-0.084900
3,82,3.99193400,11,411.299100,411.042800,-0.256300
3,82,3.99193400,12,413.750700,413.550400,-0.200300
3,82,3.99193400,13,447.698100,447.949200,0.251100
3,82,3.99193400,14,458.325400,458.608500,0.283100
3,82,3.99193400,15,465.629900,465.707900,0.078000
3,82,3.99193400,16,483.272400,483.040100,-0.232300
3,82,3.99193400,17,497.100700,496.725300,-0.375400
3,82,3.99193400,18,515.336100,514.480300,-0.855800
3,82,3.99193400,19,516.179300,515.845200,-0.334100
3,82,3.99193400,20,528.140600,528.300100,0.159500
3,82,3.99193400,21,538.513900,538.158700,-0.355200
3,82,3.99193400,22,540.342100,540.247300,-0.094800
3,82,3.99193400,23,623.765300,622.165700,-1.599600
3,82,3.99193400,24,626.090800,624.292100,-1.798700
3,82,3.99193400,25,658.646600,658.139000,-0.507600
3,82,3.99193400,26,666.140400,665.703100,-0.437300
3,82,3.99193400,27,670.213600,669.279400,-0.934200
3,82,3.99193400,28,673.864800,673.042000,-0.822800
3,82,3.99193400,29,793.239000,792.846500,-0.392500
3,82,3.99193400,30,793.296500,793.025200,-0.271300
3,83,4.00843700,1,205.659400,204.563200,-1.096200
3,83,4.00843700,2,210.462800,209.337700,-1.125100
3,83,4.00843700,3,220.127300,219.302800,-0.824500
3,83,4.00843700,4,223.975100,223.211800,-0.763300
3,83,4.00843700,5,306.464700,306.280500,-0.184200
3,83,4.00843700,6,307.192500,307.023700,-0.168800
3,83,4.00843700,7,371.865300,371.402100,-0.463200
3,83,4.00843700,8,372.875600,372.432700,-0.442900
3,83,4.00843700,9,388.655200,388.424100,-0.231100
3,83,4.00843700,10,390.957300,390.873600,-0.083700
3,83,4.00843700,11,410.305100,410.062100,-0.243000
3,83,4.00843700,12,412.225100,412.030600,-0.194500
3,83,4.00843700,13,452.591600,452.867500,0.275900
3,83,4.00843700,14,461.725400,462.032100,0.306700
3,83,4.00843700,15,469.226400,469.289300,0.062900
3,83,4.00843700,16,484.246500,484.042300,-0.204200
3,83,4.00843700,17,499.085300,498.702300,-0.383000
3,83,4.00843700,18,514.268800,513.415200,-0.853600
3,83,4.00843700,19,516.198500,515.880900,-0.317600
3,83,4.00843700,20,525.056100,525.186400,0.130300
3,83,4.00843700,21,534.750900,534.414200,-0.336700
3,83,4.00843700,22,535.980400,535.879900,-0.100500
3,83,4.00843700,23,625.543400,623.828900,-1.714500
3,83,4.00843700,24,627.253000,625.373800,-1.879200
3,83,4.00843700,25,659.693300,659.184100,-0.509200
3,83,4.00843700,26,666.262900,665.814500,-0.448400
3,83,4.00843700,27,668.645800,667.770100,-0.875700
3,83,4.00843700,28,672.467800,671.696300,-0.771500
3,83,4.00843700,29,793.925700,793.560300,-0.365400
3,83,4.00843700,30,793.953200,793.681700,-0.271500
3,84,4.02493900,1,205.897600,204.794700,-1.102900
3,84,4.02493900,2,209.441900,208.303700,-1.138200
3,84,4.02493900,3,218.367700,217.504400,-0.863300
3,84,4.02493900,4,221.275500,220.459600,-0.815900
3,84,4.02493900,5,306.771400,306.592200,-0.179200
3,84,4.02493900,6,307.228200,307.061200,-0.167000
3,84,4.02493900,7,372.170300,371.715400,-0.454900
3,84,4.02493900,8,372.818700,372.380500,-0.438200
3,84,4.02493900,9,390.205900,389.985800,-0.220100
3,84,4.02493900,10,391.853200,391.768400,-0.084800
3,84,4.02493900,11,409.121800,408.890700,-0.231100
3,84,4.02493900,12,410.550100,410.364600,-0.185500
3,84,4.02493900,13,457.612800,457.908900,0.296100
3,84,4.02493900,14,465.153000,465.482200,0.329200
3,84,4.02493900,15,472.749600,472.802800,0.053200
3,84,4.02493900,16,485.067400,484.901600,-0.165800
3,84,4.02493900,17,501.059100,500.665200,-0.393900
3,84,4.02493900,18,513.261700,512.412100,-0.849600
3,84,4.02493900,19,515.982300,515.679300,-0.303000
3,84,4.02493900,20,522.044000,522.131800,0.087800
3,84,4.02493900,21,530.996300,530.682600,-0.313700
3,84,4.02493900,22,531.644100,531.530700,-0.113400
3,84,4.02493900,23,627.144300,625.315600,-1.828700
3,84,4.02493900,24,628.325100,626.366600,-1.958500
3,84,4.02493900,25,660.689900,660.179400,-0.510500
3,84,4.02493900,26,666.324100,665.865000,-0.459100
3,84,4.02493900,27,667.312900,666.503300,-0.809600
3,84,4.02493900,28,671.106700,670.387000,-0.719700
3,84,4.02493900,29,794.511400,794.183100,-0.328300
3,84,4.02493900,30,794.545100,794.260700,-0.284400
3,85,4.04144100,1,206.258700,205.153600,-1.105100
3,85,4.04144100,2,208.730300,207.585800,-1.144500
3,85,4.04144100,3,216.699300,215.798800,-0.900500
3,85,4.04144100,4,218.773200,217.906000,-0.867200
3,85,4.04144100,5,307.013200,306.838200,-0.175000
3,85,4.04144100,6,307.275600,307.110000,-0.165600
3,85,4.04144100,7,372.404500,371.957800,-0.446700
3,85,4.04144100,8,372.783800,372.349800,-0.434000
3,85,4.04144100,9,391.794000,391.583600,-0.210400
3,85,4.04144100,10,392.894200,392.805600,-0.088600
3,85,4.04144100,11,407.797000,407.576500,-0.220500
3,85,4.04144100,12,408.791900,408.616300,-0.175600
3,85,4.04144100,13,462.641200,462.954400,0.313200
3,85,4.04144100,14,468.554800,468.904000,0.349200
3,85,4.04144100,15,476.115900,476.167500,0.051600
3,85,4.04144100,16,485.680800,485.566700,-0.114100
3,85,4.04144100,17,503.000400,502.591100,-0.409300
3,85,4.04144100,18,512.343800,511.500700,-0.843100
3,85,4.04144100,19,515.527900,515.237900,-0.290000
3,85,4.04144100,20,519.171800,519.199200,0.027400
3,85,4.04144100,21,527.285200,527.006900,-0.278300
3,85,4.04144100,22,527.428300,527.287400,-0.140900
3,85,4.04144100,23,628.543300,626.604800,-1.938500
3,85,4.04144100,24,629.293000,627.258100,-2.034900
3,85,4.04144100,25,661.623900,661.112700,-0.511200
3,85,4.04144100,26,666.234400,665.494800,-0.739600
3,85,4.04144100,27,666.317500,665.848500,-0.469000
3,85,4.04144100,28,669.800900,669.132600,-0.668300
3,85,4.04144100,29,795.008100,794.713000,-0.295100
3,85,4.04144100,30,795.054600,794.758300,-0.296300
3,86,4.05794300,1,206.744900,205.642200,-1.102700
3,86,4.05794300,2,208.336500,207.192400,-1.144100
3,86,4.05794300,3,215.129500,214.193700,-0.935800
3,86,4.05794300,4,216.491800,215.575600,-0.916200
3,86,4.05794300,5,307.196400,307.024800,-0.171600
3,86,4.05794300,6,307.328800,307.164100,-0.164700
3,86,4.05794300,7,372.573600,372.135200,-0.438400
3,86,4.05794300,8,372.769100,372.338500,-0.430600
3,86,4.05794300,9,393.411300,393.210000,-0.201300
3,86,4.05794300,10,394.075600,393.980200,-0.095400
3,86,4.05794300,11,406.364200,406.154100,-0.210100
3,86,4.05794300,12,406.995800,406.829300,-0.166500
3,86,4.05794300,13,467.567100,467.894700,0.327600
3,86,4.05794300,14,471.873200,472.237600,0.364400
3,86,4.05794300,15,479.191500,479.254600,0.063100
3,86,4.05794300,16,486.013400,485.966300,-0.047100
3,86,4.05794300,17,504.888500,504.457100,-0.431400
3,86,4.05794300,18,511.554300,510.722100,-0.832200
3,86,4.05794300,19,514.822600,514.548000,-0.274600
3,86,4.05794300,20,516.543800,516.480100,-0.063700
3,86,4.05794300,21,523.437000,523.285200,-0.151800
3,86,4.05794300,22,523.708200,523.451300,-0.256900
3,86,4.05794300,23,629.715300,627.677000,-2.038300
3,86,4.05794300,24,630.139500,628.033300,-2.106200
3,86,4.05794300,25,662.485100,661.973900,-0.511200
3,86,4.05794300,26,665.428800,664.758200,-0.670600
3,86,4.05794300,27,666.237100,665.758900,-0.478200
3,86,4.05794300,28,668.574700,667.954800,-0.619900
3,86,4.05794300,29,795.420400,795.148000,-0.272400
3,86,4.05794300,30,795.472500,795.171400,-0.301100
3,87,4.07444600,1,207.357700,206.262100,-1.095600
3,87,4.07444600,2,208.265300,207.128400,-1.136900
3,87,4.07444600,3,213.664800,212.696400,-0.968400
3,87,4.07444600,4,214.453600,213.491100,-0.962500
3,87,4.07444600,5,307.327200,307.158300,-0.168900
3,87,4.07444600,6,307.381200,307.217000,-0.164200
3,87,4.07444600,7,372.684500,372.255000,-0.429500
3,87,4.07444600,8,372.771500,372.341500,-0.430000
3,87,4.07444600,9,395.046800,394.857100,-0.189700
3,87,4.07444600,10,395.390900,395.283000,-0.107900
3,87,4.07444600,11,404.847300,404.649600,-0.197700
3,87,4.07444600,12,405.196100,405.035000,-0.161100
3,87,4.07444600,13,472.264200,472.602300,0.338100
3,87,4.07444600,14,475.041400,475.412800,0.371400
3,87,4.07444600,15,481.756000,481.850300,0.094300
3,87,4.07444600,16,485.972700,486.007700,0.035000
3,87,4.07444600,17,506.702500,506.237200,-0.465300
3,87,4.07444600,18,510.947000,510.132900,-0.814100
3,87,4.07444600,19,513.781500,513.576300,-0.205200
3,87,4.07444600,20,514.385900,514.129200,-0.256700
3,87,4.07444600,21,519.899700,519.728300,-0.171400
3,87,4.07444600,22,520.322800,520.118600,-0.204200
3,87,4.07444600,23,630.637200,628.515700,-2.121500
3,87,4.07444600,24,630.844900,628.674200,-2.170700
3,87,4.07444600,25,663.265600,662.755400,-0.510200
3,87,4.07444600,26,664.910500,664.301700,-0.608800
3,87,4.07444600,27,666.077300,665.591100,-0.486200
3,87,4.07444600,28,667.456600,666.879500,-0.577100
3,87,4.07444600,29,795.746200,795.486800,-0.259400
3,87,4.07444600,30,795.796500,795.496800,-0.299700
3,88,4.09094800,1,208.097400,207.013700,-1.083700
3,88,4.09094800,2,208.518600,207.395300,-1.123300
3,88,4.09094800,3,212.310900,211.313100,-0.997800
3,88,4.09094800,4,212.678900,211.673400,-1.005500
3,88,4.09094800,5,307.411700,307.245400,-0.166300
3,88,4.09094800,6,307.427100,307.262800,-0.164300
3,88,4.09094800,7,372.744700,372.327600,-0.417100
3,88,4.09094800,8,372.788300,372.353400,-0.434900
3,88,4.09094800,9,396.680000,396.516500,-0.163500
3,88,4.09094800,10,396.840500,396.702500,-0.138000
3,88,4.09094800,11,403.257800,403.084100,-0.173700
3,88,4.09094800,12,403.427300,403.257900,-0.169400
3,88,4.09094800,13,476.556700,476.898100,0.341400
3,88,4.09094800,14,477.977800,478.343200,0.365400
3,88,4.09094800,15,483.465000,483.615700,0.150700
3,88,4.09094800,16,485.459300,485.586000,0.126700
3,88,4.09094800,17,508.413400,507.892400,-0.521000
3,88,4.09094800,18,510.593700,509.810000,-0.783700
3,88,4.09094800,19,512.362000,512.148600,-0.213400
3,88,4.09094800,20,512.988900,512.531600,-0.457300
3,88,4.09094800,21,517.013800,516.871300,-0.142500
3,88,4.09094800,22,517.313200,517.186600,-0.126600
3,88,4.09094800,23,631.289900,629.111300,-2.178600
3,88,4.09094800,24,631.387900,629.160100,-2.227800
3,88,4.09094800,25,663.958700,663.451700,-0.507000
3,88,4.09094800,26,664.686800,664.126400,-0.560400
3,88,4.09094800,27,665.832800,665.340300,-0.492500
3,88,4.09094800,28,666.480400,665.936400,-0.544000
3,88,4.09094800,29,795.982800,795.728800,-0.254000
3,88,4.09094800,30,796.026400,795.731700,-0.294700
3,89,4.10745000,1,208.962100,207.896500,-1.065600
3,89,4.10745000,2,209.096000,207.990900,-1.105100
3,89,4.10745000,3,211.070900,210.049200,-1.021700
3,89,4.10745000,4,211.187300,210.140900,-1.046400
3,89,4.10745000,5,307.455700,307.292800,-0.162900
3,89,4.10745000,6,307.461400,307.295000,-0.166400
3,89,4.10745000,7,372.769500,372.363400,-0.406100
3,89,4.10745000,8,372.808100,372.366700,-0.441400
3,89,4.10745000,9,398.284700,398.179300,-0.105400
3,89,4.10745000,10,398.427700,398.224900,-0.202800
3,89,4.10745000,11,401.592600,401.474700,-0.117900
3,89,4.10745000,12,401.730200,401.518800,-0.211400
3,89,4.10745000,13,480.178600,480.508700,0.330100
3,89,4.10745000,14,480.584800,480.924700,0.339900
3,89,4.10745000,15,483.889300,484.114500,0.225200
3,89,4.10745000,16,484.394500,484.611000,0.216500
3,89,4.10745000,17,509.945200,509.332200,-0.613000
3,89,4.10745000,18,510.582700,509.848400,-0.734300
3,89,4.10745000,19,511.454100,511.017000,-0.437100
3,89,4.10745000,20,511.845500,511.290700,-0.554800
3,89,4.10745000,21,514.914600,514.908300,-0.006300
3,89,4.10745000,22,515.003300,514.987100,-0.016200
3,89,4.10745000,23,631.668700,629.462200,-2.206500
3,89,4.10745000,24,631.740900,629.468400,-2.272500
3,89,4.10745000,25,664.555500,664.059300,-0.496200
3,89,4.10745000,26,664.758300,664.224000,-0.534300
3,89,4.10745000,27,665.496200,665.003000,-0.493200
3,89,4.10745000,28,665.686800,665.157700,-0.529100
3,89,4.10745000,29,796.127200,795.873600,-0.253600
3,89,4.10745000,30,796.162800,795.874000,-0.288800
3,90,4.12395200,1,209.941800,208.909900,-1.031900
3,90,4.12395200,2,209.947900,208.909900,-1.038000
3,90,4.12395200,3,209.995100,208.909900,-1.085200
3,90,4.12395200,4,210.002900,208.909900,-1.093000
3,90,4.12395200,5,307.469000,307.307300,-0.161700
3,90,4.12395200,6,307.474500,307.307300,-0.167200
3,90,4.12395200,7,372.776900,372.373200,-0.403700
3,90,4.12395200,8,372.815500,372.373200,-0.442300
3,90,4.12395200,9,399.903600,399.835600,-0.068000
3,90,4.12395200,10,399.924700,399.835600,-0.089100
3,90,4.12395200,11,400.069900,399.835600,-0.234300
3,90,4.12395200,12,400.079500,399.835600,-0.243900
3,90,4.12395200,13,482.731200,483.045100,0.313900
3,90,4.12395200,14,482.741000,483.045100,0.304100
3,90,4.12395200,15,482.757300,483.045100,0.287800
3,90,4.12395200,16,482.785900,483.045100,0.259200
3,90,4.12395200,17,510.958400,510.338800,-0.619600
3,90,4.12395200,18,510.981300,510.338800,-0.642500
3,90,4.12395200,19,510.997900,510.338800,-0.659100
3,90,4.12395200,20,511.047900,510.338800,-0.709100
3,90,4.12395200,21,513.970600,514.114300,0.143700
3,90,4.12395200,22,514.039100,514.114300,0.075200
3,90,4.12395200,23,631.792600,629.576100,-2.216500
3,90,4.12395200,24,631.863400,629.576100,-2.287300
3,90,4.12395200,25,664.994900,664.576500,-0.418400
3,90,4.12395200,26,665.070700,664.576500,-0.494200
3,90,4.12395200,27,665.123000,664.576500,-0.546500
3,90,4.12395200,28,665.152500,664.576500,-0.576000
3,90,4.12395200,29,796.176000,795.921800,-0.254200
3,90,4.12395200,30,796.207800,795.921800,-0.286000
4,0,4.12395200,1,217.019300,216.733300,-0.286000
4,0,4.12395200,2,217.184500,216.733300,-0.451200
4,0,4.12395200,3,234.626200,234.179600,-0.446600
4,0,4.12395200,4,234.701400,234.179600,-0.521800
4,0,4.12395200,5,293.283400,293.163400,-0.120000
4,0,4.12395200,6,293.318500,293.163400,-0.155100
4,0,4.12395200,7,353.530500,352.769800,-0.760700
4,0,4.12395200,8,353.633500,352.769800,-0.863700
4,0,4.12395200,9,381.071900,380.755100,-0.316800
4,0,4.12395200,10,381.291500,380.755100,-0.536400
4,0,4.12395200,11,419.558200,419.646100,0.087900
4,0,4.12395200,12,419.650700,419.646100,-0.004600
4,0,4.12395200,13,434.275900,433.928200,-0.347700
4,0,4.12395200,14,434.314000,433.928200,-0.385800
4,0,4.12395200,15,471.749900,471.471000,-0.278900
4,0,4.12395200,16,471.864700,471.471000,-0.393700
4,0,4.12395200,17,494.694400,494.627900,-0.066500
4,0,4.12395200,18,494.725000,494.627900,-0.097100
4,0,4.12395200,19,516.662600,516.436800,-0.225800
4,0,4.12395200,20,516.690000,516.436800,-0.253200
4,0,4.12395200,21,555.152100,554.473500,-0.678600
4,0,4.12395200,22,555.331300,554.473500,-0.857800
4,0,4.12395200,23,598.332000,598.145500,-0.186500
4,0,4.12395200,24,598.452600,598.145500,-0.307100
4,0,4.12395200,25,628.019800,628.626800,0.607000
4,0,4.12395200,26,628.200700,628.626800,0.426100
4,0,4.12395200,27,720.814800,719.219900,-1.594900
4,0,4.12395200,28,721.326700,719.219900,-2.106800
4,0,4.12395200,29,792.073800,791.846000,-0.227800
4,0,4.12395200,30,792.120000,791.846000,-0.274000
4,1,4.13777400,1,216.484500,216.118000,-0.366500
4,1,4.13777400,2,217.862600,217.492600,-0.370000
4,1,4.13777400,3,233.579000,233.091800,-0.487200
4,1,4.13777400,4,235.812500,235.331000,-0.481500
4,1,4.13777400,5,292.875200,292.741100,-0.134100
4,1,4.13777400,6,293.738800,293.598200,-0.140600
4,1,4.13777400,7,353.008500,352.192800,-0.815700
4,1,4.13777400,8,354.231800,353.424600,-0.807200
4,1,4.13777400,9,381.015600,380.647200,-0.368400
4,1,4.13777400,10,381.345100,380.861600,-0.483500
4,1,4.13777400,11,419.266300,419.301200,0.034900
4,1,4.13777400,12,419.895600,419.945400,0.049800
4,1,4.13777400,13,432.766500,432.389200,-0.377300
4,1,4.13777400,14,435.699400,435.342400,-0.357000
4,1,4.13777400,15,470.510900,470.173400,-0.337500
4,1,4.13777400,16,472.994200,472.658900,-0.335300
4,1,4.13777400,17,494.290000,494.196000,-0.094000
4,1,4.13777400,18,494.872200,494.799200,-0.073000
4,1,4.13777400,19,516.403600,516.154200,-0.249400
4,1,4.13777400,20,517.121800,516.890500,-0.231300
4,1,4.13777400,21,554.552900,553.778600,-0.774300
4,1,4.13777400,22,556.210900,555.452800,-0.758100
4,1,4.13777400,23,598.286300,598.066800,-0.219500
4,1,4.13777400,24,598.406300,598.134700,-0.271600
4,1,4.13777400,25,627.643400,628.152400,0.509000
4,1,4.13777400,26,628.725700,629.243600,0.517900
4,1,4.13777400,27,720.771700,719.080500,-1.691200
4,1,4.13777400,28,721.339300,719.331800,-2.007500
4,1,4.13777400,29,791.746100,791.485900,-0.260200
4,1,4.13777400,30,792.361200,792.118300,-0.242900
4,2,4.15159500,1,216.020900,215.649800,-0.371100
4,2,4.15159500,2,218.755300,218.392200,-0.363100
4,2,4.15159500,3,232.560600,232.069100,-0.491500
4,2,4.15159500,4,237.021800,236.543700,-0.478100
4,2,4.15159500,5,292.467200,292.336400,-0.130800
4,2,4.15159500,6,294.183400,294.040300,-0.143100
4,2,4.15159500,7,352.520700,351.699700,-0.821000
4,2,4.15159500,8,354.948100,354.150000,-0.798100
4,2,4.15159500,9,380.909200,380.539400,-0.369800
4,2,4.15159500,10,381.443800,380.965300,-0.478500
4,2,4.15159500,11,418.899700,418.925100,0.025400
4,2,4.15159500,12,420.117100,420.180600,0.063500
4,2,4.15159500,13,431.127000,430.737800,-0.389200
4,2,4.15159500,14,436.968100,436.620800,-0.347300
4,2,4.15159500,15,469.143800,468.803200,-0.340600
4,2,4.15159500,16,474.035200,473.702300,-0.332900
4,2,4.15159500,17,493.605000,493.494600,-0.110400
4,2,4.15159500,18,494.799200,494.732600,-0.066600
4,2,4.15159500,19,516.298400,516.036800,-0.261600
4,2,4.15159500,20,517.743800,517.520300,-0.223500
4,2,4.15159500,21,554.167400,553.384300,-0.783100
4,2,4.15159500,22,557.425700,556.687900,-0.737800
4,2,4.15159500,23,598.153000,597.913500,-0.239500
4,2,4.15159500,24,598.266800,598.022000,-0.244800
4,2,4.15159500,25,627.349600,627.833900,0.484300
4,2,4.15159500,26,629.462500,629.987000,0.524500
4,2,4.15159500,27,720.650700,718.907200,-1.743500
4,2,4.15159500,28,721.368700,719.422700,-1.946000
4,2,4.15159500,29,791.313700,791.041800,-0.271900
4,2,4.15159500,30,792.534600,792.299800,-0.234800
4,3,4.16541700,1,215.703900,215.330800,-0.373100
4,3,4.16541700,2,219.785000,219.427800,-0.357200
4,3,4.16541700,3,231.608600,231.112600,-0.496000
4,3,4.16541700,4,238.289900,237.814700,-0.475200
4,3,4.16541700,5,292.081200,291.954200,-0.127000
4,3,4.16541700,6,294.630000,294.484700,-0.145300
4,3,4.16541700,7,352.119500,351.295600,-0.823900
4,3,4.16541700,8,355.726800,354.938000,-0.788800
4,3,4.16541700,9,380.793300,380.433200,-0.360100
4,3,4.16541700,10,381.547200,381.064900,-0.482300
4,3,4.16541700,11,418.507000,418.527500,0.020500
4,3,4.16541700,12,420.253800,420.329800,0.076000
4,3,4.16541700,13,429.391500,428.988000,-0.403500
4,3,4.16541700,14,438.090900,437.752800,-0.338100
4,3,4.16541700,15,467.740800,467.398400,-0.342400
4,3,4.16541700,16,474.901400,474.569600,-0.331800
4,3,4.16541700,17,492.662700,492.531800,-0.130900
4,3,4.16541700,18,494.522700,494.459600,-0.063100
4,3,4.16541700,19,516.351400,516.075700,-0.275700
4,3,4.16541700,20,518.546200,518.330000,-0.216200
4,3,4.16541700,21,554.079200,553.294000,-0.785200
4,3,4.16541700,22,558.857500,558.140500,-0.717000
4,3,4.16541700,23,597.928900,597.701900,-0.227000
4,3,4.16541700,24,598.046700,597.799300,-0.247400
4,3,4.16541700,25,627.224100,627.681200,0.457100
4,3,4.16541700,26,630.317500,630.840200,0.522700
4,3,4.16541700,27,720.464300,718.694100,-1.770200
4,3,4.16541700,28,721.403300,719.499500,-1.903800
4,3,4.16541700,29,790.802100,790.517500,-0.284600
4,3,4.16541700,30,792.616300,792.388100,-0.228200
4,4,4.17923800,1,215.535700,215.161800,-0.373900
4,4,4.17923800,2,220.945500,220.594500,-0.351000
4,4,4.17923800,3,230.723900,230.223200,-0.500700
4,4,4.17923800,4,239.612700,239.140100,-0.472600
4,4,4.17923800,5,291.721900,291.599000,-0.122900
4,4,4.17923800,6,295.073500,294.925800,-0.147700
4,4,4.17923800,7,351.809600,350.985100,-0.824500
4,4,4.17923800,8,356.558900,355.779500,-0.779400
4,4,4.17923800,9,380.677300,380.330200,-0.347100
4,4,4.17923800,10,381.646500,381.159700,-0.486800
4,4,4.17923800,11,418.090700,418.111700,0.021000
4,4,4.17923800,12,420.279900,420.367600,0.087700
4,4,4.17923800,13,427.579900,427.158300,-0.421600
4,4,4.17923800,14,439.058700,438.729300,-0.329400
4,4,4.17923800,15,466.339300,465.996800,-0.342500
4,4,4.17923800,16,475.565700,475.234300,-0.331400
4,4,4.17923800,17,491.489600,491.334100,-0.155500
4,4,4.17923800,18,494.078700,494.016800,-0.061900
4,4,4.17923800,19,516.551100,516.259500,-0.291600
4,4,4.17923800,20,519.530800,519.322400,-0.208400
4,4,4.17923800,21,554.280700,553.498400,-0.782300
4,4,4.17923800,22,560.461600,559.765900,-0.695700
4,4,4.17923800,23,597.585100,597.448300,-0.136800
4,4,4.17923800,24,597.790300,597.464500,-0.325800
4,4,4.17923800,25,627.272800,627.699500,0.426700
4,4,4.17923800,26,631.272100,631.786800,0.514700
4,4,4.17923800,27,720.217900,718.435400,-1.782500
4,4,4.17923800,28,721.439200,719.569100,-1.870100
4,4,4.17923800,29,790.215900,789.917700,-0.298200
4,4,4.17923800,30,792.604200,792.381400,-0.222800
4,5,4.19306000,1,215.516600,215.143000,-0.373600
4,5,4.19306000,2,222.232000,221.887800,-0.344200
4,5,4.19306000,3,229.907600,229.401700,-0.505900
4,5,4.19306000,4,240.985500,240.515300,-0.470200
4,5,4.19306000,5,291.393800,291.275400,-0.118400
4,5,4.19306000,6,295.509800,295.359700,-0.150100
4,5,4.19306000,7,351.594400,350.771400,-0.823000
4,5,4.19306000,8,357.434200,356.664600,-0.769600
4,5,4.19306000,9,380.565300,380.231900,-0.333400
4,5,4.19306000,10,381.739300,381.249700,-0.489600
4,5,4.19306000,11,417.641100,417.669800,0.028700
4,5,4.19306000,12,420.167500,420.265600,0.098100
4,5,4.19306000,13,425.721100,425.276200,-0.444900
4,5,4.19306000,14,439.864800,439.542900,-0.321900
4,5,4.19306000,15,464.974100,464.634200,-0.339900
4,5,4.19306000,16,476.007100,475.675500,-0.331600
4,5,4.19306000,17,490.128400,489.944200,-0.184200
4,5,4.19306000,18,493.505000,493.441900,-0.063100
4,5,4.19306000,19,516.882300,516.573100,-0.309200
4,5,4.19306000,20,520.697400,520.497700,-0.199700
4,5,4.19306000,21,554.753600,553.978800,-0.774800
4,5,4.19306000,22,562.190100,561.515900,-0.674200
4,5,4.19306000,23,597.120900,597.021800,-0.099100
4,5,4.19306000,24,597.519500,597.167700,-0.351800
4,5,4.19306000,25,627.494400,627.888300,0.393900
4,5,4.19306000,26,632.310000,632.811600,0.501600
4,5,4.19306000,27,719.911800,718.126200,-1.785600
4,5,4.19306000,28,721.478200,719.638600,-1.839600
4,5,4.19306000,29,789.560100,789.247200,-0.312900
4,5,4.19306000,30,792.497200,792.278500,-0.218700
4,6,4.20688100,1,215.644300,215.272100,-0.372200
4,6,4.20688100,2,223.639200,223.302500,-0.336700
4,6,4.20688100,3,229.160500,228.648900,-0.511600
4,6,4.20688100,4,242.402400,241.934200,-0.468200
4,6,4.20688100,5,291.100800,290.987400,-0.113400
4,6,4.20688100,6,295.934200,295.781500,-0.152700
4,6,4.20688100,7,351.475700,350.656700,-0.819000
4,6,4.20688100,8,358.341500,357.581500,-0.760000
4,6,4.20688100,9,380.459800,380.139500,-0.320300
4,6,4.20688100,10,381.825200,381.335500,-0.489700
4,6,4.20688100,11,417.126800,417.171500,0.044700
4,6,4.20688100,12,419.886700,419.993700,0.107000
4,6,4.20688100,13,423.863700,423.388800,-0.474900
4,6,4.20688100,14,440.505100,440.189100,-0.316000
4,6,4.20688100,15,463.675000,463.341300,-0.333700
4,6,4.20688100,16,476.211000,475.879000,-0.332000
4,6,4.20688100,17,488.633600,488.416900,-0.216700
4,6,4.20688100,18,492.837900,492.771200,-0.066700
4,6,4.20688100,19,517.327700,516.999800,-0.327900
4,6,4.20688100,20,522.041900,521.852000,-0.189900
4,6,4.20688100,21,555.473000,554.709500,-0.763500
4,6,4.20688100,22,563.994100,563.341100,-0.653000
4,6,4.20688100,23,596.557900,596.482600,-0.075300
4,6,4.20688100,24,597.239600,596.874000,-0.365600
4,6,4.20688100,25,627.882300,628.242300,0.360000
4,6,4.20688100,26,633.416900,633.900600,0.483700
4,6,4.20688100,27,719.544000,717.761900,-1.782100
4,6,4.20688100,28,721.524700,719.714700,-1.810000
4,6,4.20688100,29,788.839600,788.511000,-0.328600
4,6,4.20688100,30,792.294600,792.078900,-0.215700
4,7,4.22070300,1,215.914700,215.545100,-0.369600
4,7,4.22070300,2,225.162000,224.833500,-0.328500
4,7,4.22070300,3,228.484300,227.966400,-0.517900
4,7,4.22070300,4,243.856300,243.390000,-0.466300
4,7,4.22070300,5,290.846700,290.738600,-0.108100
4,7,4.22070300,6,296.343000,296.187400,-0.155600
4,7,4.22070300,7,351.454600,350.642100,-0.812500
4,7,4.22070300,8,359.267800,358.517100,-0.750700
4,7,4.22070300,9,380.362500,380.054100,-0.308400
4,7,4.22070300,10,381.905700,381.419400,-0.486300
4,7,4.22070300,11,416.473200,416.537700,0.064500
4,7,4.22070300,12,419.407100,419.521000,0.113900
4,7,4.22070300,13,422.097700,421.590800,-0.506900
4,7,4.22070300,14,440.980300,440.667600,-0.312700
4,7,4.22070300,15,462.464900,462.142100,-0.322800
4,7,4.22070300,16,476.170000,475.837800,-0.332200
4,7,4.22070300,17,487.067400,486.814800,-0.252600
4,7,4.22070300,18,492.110500,492.037800,-0.072700
4,7,4.22070300,19,517.869800,517.522100,-0.347700
4,7,4.22070300,20,523.556200,523.377400,-0.178800
4,7,4.22070300,21,556.410300,555.661400,-0.748900
4,7,4.22070300,22,565.824000,565.192100,-0.631900
4,7,4.22070300,23,595.918500,595.864300,-0.054200
4,7,4.22070300,24,596.959500,596.578900,-0.380600
4,7,4.22070300,25,628.425700,628.752000,0.326300
4,7,4.22070300,26,634.580100,635.041700,0.461600
4,7,4.22070300,27,719.112100,717.338400,-1.773700
4,7,4.22070300,28,721.584000,719.804300,-1.779700
4,7,4.22070300,29,788.059700,787.714400,-0.345300
4,7,4.22070300,30,791.996900,791.782900,-0.214000
4,8,4.23452400,1,216.320900,215.955200,-0.365700
4,8,4.23452400,2,226.795500,226.476000,-0.319500
4,8,4.23452400,3,227.882100,227.357200,-0.524900
4,8,4.23452400,4,245.339400,244.874600,-0.464800
4,8,4.23452400,5,290.635200,290.532600,-0.102600
4,8,4.23452400,6,296.732900,296.574200,-0.158700
4,8,4.23452400,7,351.531000,350.727500,-0.803500
4,8,4.23452400,8,360.197900,359.456200,-0.741700
4,8,4.23452400,9,380.274900,379.976700,-0.298200
4,8,4.23452400,10,381.984100,381.505100,-0.479000
4,8,4.23452400,11,415.538800,415.603100,0.064300
4,8,4.23452400,12,418.700500,418.819000,0.118500
4,8,4.23452400,13,420.578100,420.061200,-0.516900
4,8,4.23452400,14,441.295800,440.983200,-0.312600
4,8,4.23452400,15,461.357600,461.050900,-0.306700
4,8,4.23452400,16,475.884400,475.552700,-0.331700
4,8,4.23452400,17,485.494700,485.203800,-0.290900
4,8,4.23452400,18,491.350900,491.269600,-0.081300
4,8,4.23452400,19,518.491300,518.123200,-0.368100
4,8,4.23452400,20,525.228300,525.061800,-0.166500
4,8,4.23452400,21,557.536200,556.804500,-0.731700
4,8,4.23452400,22,567.630300,567.019500,-0.610800
4,8,4.23452400,23,595.228700,595.190800,-0.037900
4,8,4.23452400,24,596.688800,596.292600,-0.396200
4,8,4.23452400,25,629.111200,629.404900,0.293700
4,8,4.23452400,26,635.788600,636.224500,0.435900
4,8,4.23452400,27,718.613900,716.852600,-1.761300
4,8,4.23452400,28,721.661900,719.913900,-1.748000
4,8,4.23452400,29,787.225700,786.862900,-0.362800
4,8,4.23452400,30,791.605000,791.391600,-0.213400
4,9,4.24834600,1,216.852200,216.491700,-0.360500
4,9,4.24834600,2,227.358700,226.826200,-0.532500
4,9,4.24834600,3,228.534900,228.225000,-0.309900
4,9,4.24834600,4,246.842300,246.378700,-0.463600
4,9,4.24834600,5,290.469400,290.372500,-0.096900
4,9,4.24834600,6,297.101600,296.939200,-0.162400
4,9,4.24834600,7,351.703400,350.911600,-0.791800
4,9,4.24834600,8,361.114200,360.380900,-0.733300
4,9,4.24834600,9,380.198000,379.908000,-0.290000
4,9,4.24834600,10,382.066200,381.598600,-0.467600
4,9,4.24834600,11,414.171500,414.186100,0.014600
4,9,4.24834600,12,417.743800,417.864600,0.120800
4,9,4.24834600,13,419.469000,418.993200,-0.475800
4,9,4.24834600,14,441.461100,441.145400,-0.315700
4,9,4.24834600,15,460.357300,460.071300,-0.286000
4,9,4.24834600,16,475.362700,475.032100,-0.330600
4,9,4.24834600,17,483.979800,483.649100,-0.330700
4,9,4.24834600,18,490.580500,490.487900,-0.092600
4,9,4.24834600,19,519.176100,518.787200,-0.388900
4,9,4.24834600,20,527.043000,526.889900,-0.153100
4,9,4.24834600,21,558.821800,558.109300,-0.712500
4,9,4.24834600,22,569.362400,568.773700,-0.588700
4,9,4.24834600,23,594.519900,594.491900,-0.028000
4,9,4.24834600,24,596.435500,596.023500,-0.412000
4,9,4.24834600,25,629.924300,630.186900,0.262600
4,9,4.24834600,26,637.033100,637.439800,0.406700
4,9,4.24834600,27,718.047500,716.302000,-1.745500
4,9,4.24834600,28,721.764100,720.049400,-1.714700
4,9,4.24834600,29,786.342900,785.961800,-0.381100
4,9,4.24834600,30,791.120700,790.906900,-0.213800
4,10,4.26216700,1,217.492500,217.138600,-0.353900
4,10,4.26216700,2,226.924200,226.383300,-0.540900
4,10,4.26216700,3,230.374700,230.075500,-0.299200
4,10,4.26216700,4,248.355500,247.892900,-0.462600
4,10,4.26216700,5,290.352300,290.261200,-0.091100
4,10,4.26216700,6,297.447500,297.280800,-0.166700
4,10,4.26216700,7,351.969500,351.191900,-0.777600
4,10,4.26216700,8,361.996200,361.270900,-0.725300
4,10,4.26216700,9,380.132500,379.848400,-0.284100
4,10,4.26216700,10,382.160000,381.707900,-0.452100
4,10,4.26216700,11,412.373000,412.313800,-0.059200
4,10,4.26216700,12,416.522700,416.643100,0.120400
4,10,4.26216700,13,418.779000,418.370400,-0.408600
4,10,4.26216700,14,441.487800,441.166300,-0.321500
4,10,4.26216700,15,459.460400,459.198300,-0.262100
4,10,4.26216700,16,474.620600,474.291900,-0.328700
4,10,4.26216700,17,482.581200,482.210800,-0.370400
4,10,4.26216700,18,489.813100,489.706800,-0.106300
4,10,4.26216700,19,519.909700,519.499900,-0.409800
4,10,4.26216700,20,528.983400,528.844700,-0.138700
4,10,4.26216700,21,560.240100,559.548500,-0.691600
4,10,4.26216700,22,570.967800,570.403300,-0.564500
4,10,4.26216700,23,593.829300,593.803000,-0.026300
4,10,4.26216700,24,596.206500,595.778300,-0.428200
4,10,4.26216700,25,630.849900,631.083500,0.233600
4,10,4.26216700,26,638.305500,638.680100,0.374600
4,10,4.26216700,27,717.412000,715.684900,-1.727100
4,10,4.26216700,28,721.895800,720.216500,-1.679300
4,10,4.26216700,29,785.416600,785.016500,-0.400100
4,10,4.26216700,30,790.546700,790.331500,-0.215200
4,11,4.27598900,1,218.217200,217.871000,-0.346200
4,11,4.27598900,2,226.595500,226.045800,-0.549700
4,11,4.27598900,3,232.311300,232.023700,-0.287600
4,11,4.27598900,4,249.867800,249.406000,-0.461800
4,11,4.27598900,5,290.286900,290.201500,-0.085400
4,11,4.27598900,6,297.769600,297.598000,-0.171600
4,11,4.27598900,7,352.325900,351.564900,-0.761000
4,11,4.27598900,8,362.820800,362.103000,-0.717800
4,11,4.27598900,9,380.079000,379.798300,-0.280700
4,11,4.27598900,10,382.276000,381.843200,-0.432800
4,11,4.27598900,11,410.277900,410.156300,-0.121600
4,11,4.27598900,12,415.034300,415.151400,0.117100
4,11,4.27598900,13,418.382400,418.031500,-0.350900
4,11,4.27598900,14,441.386200,441.057100,-0.329100
4,11,4.27598900,15,458.660600,458.422700,-0.237900
4,11,4.27598900,16,473.680400,473.354000,-0.326400
4,11,4.27598900,17,481.348700,480.940600,-0.408100
4,11,4.27598900,18,489.055500,488.933300,-0.122200
4,11,4.27598900,19,520.679000,520.248400,-0.430600
4,11,4.27598900,20,531.031800,530.908200,-0.123600
4,11,4.27598900,21,561.766600,561.097000,-0.669600
4,11,4.27598900,22,572.391000,571.854500,-0.536500
4,11,4.27598900,23,593.200200,593.166100,-0.034100
4,11,4.27598900,24,596.006700,595.562200,-0.444500
4,11,4.27598900,25,631.873800,632.080500,0.206700
4,11,4.27598900,26,639.599100,639.938800,0.339700
4,11,4.27598900,27,716.707100,715.001000,-1.706100
4,11,4.27598900,28,722.061600,720.419900,-1.641700
4,11,4.27598900,29,784.451800,784.032200,-0.419600
4,11,4.27598900,30,789.886700,789.668900,-0.217800
4,12,4.28981000,1,218.987700,218.649300,-0.338400
4,12,4.28981000,2,226.401000,225.843100,-0.557900
4,12,4.28981000,3,234.339600,234.064700,-0.274900
4,12,4.28981000,4,251.367500,250.906100,-0.461400
4,12,4.28981000,5,290.275800,290.196000,-0.079800
4,12,4.28981000,6,298.068000,297.890900,-0.177100
4,12,4.28981000,7,352.768000,352.026000,-0.742000
4,12,4.28981000,8,363.561200,362.851200,-0.710000
4,12,4.28981000,9,380.036800,379.757200,-0.279600
4,12,4.28981000,10,382.425800,382.015700,-0.410100
4,12,4.28981000,11,408.004700,407.836700,-0.168000
4,12,4.28981000,12,413.288300,413.399200,0.110900
4,12,4.28981000,13,418.167700,417.860300,-0.307400
4,12,4.28981000,14,441.161800,440.825000,-0.336800
4,12,4.28981000,15,457.954300,457.737100,-0.217200
4,12,4.28981000,16,472.568400,472.244400,-0.324000
4,12,4.28981000,17,480.318600,479.877000,-0.441600
4,12,4.28981000,18,488.308500,488.168800,-0.139700
4,12,4.28981000,19,521.472700,521.021600,-0.451100
4,12,4.28981000,20,533.170600,533.062500,-0.108100
4,12,4.28981000,21,563.378700,562.732100,-0.646600
4,12,4.28981000,22,573.574400,573.071300,-0.503100
4,12,4.28981000,23,592.680300,592.627600,-0.052700
4,12,4.28981000,24,595.840100,595.379000,-0.461100
4,12,4.28981000,25,632.982500,633.164400,0.181900
4,12,4.28981000,26,640.907700,641.210000,0.302300
4,12,4.28981000,27,715.933800,714.250500,-1.683300
4,12,4.28981000,28,722.265500,720.663300,-1.602200
4,12,4.28981000,29,783.453300,783.013700,-0.439600
4,12,4.28981000,30,789.145000,788.923900,-0.221100
4,13,4.30363200,1,219.746500,219.413400,-0.333100
4,13,4.30363200,2,226.387800,225.825100,-0.562700
4,13,4.30363200,3,236.455000,236.193900,-0.261100
4,13,4.30363200,4,252.842000,252.380800,-0.461200
4,13,4.30363200,5,290.321700,290.247100,-0.074600
4,13,4.30363200,6,298.343400,298.160100,-0.183300
4,13,4.30363200,7,353.290400,352.569500,-0.720900
4,13,4.30363200,8,364.189600,363.488300,-0.701300
4,13,4.30363200,9,380.005600,379.724800,-0.280800
4,13,4.30363200,10,382.619900,382.235200,-0.384700
4,13,4.30363200,11,405.622000,405.418200,-0.203800
4,13,4.30363200,12,411.308300,411.410200,0.101900
4,13,4.30363200,13,418.072400,417.799600,-0.272800
4,13,4.30363200,14,440.814800,440.471800,-0.343000
4,13,4.30363200,15,457.345100,457.141700,-0.203400
4,13,4.30363200,16,471.313200,470.990900,-0.322300
4,13,4.30363200,17,479.511300,479.042200,-0.469100
4,13,4.30363200,18,487.569600,487.411300,-0.158300
4,13,4.30363200,19,522.280400,521.809400,-0.471000
4,13,4.30363200,20,535.382900,535.290600,-0.092300
4,13,4.30363200,21,565.056300,564.433200,-0.623100
4,13,4.30363200,22,574.462600,573.999500,-0.463100
4,13,4.30363200,23,592.317200,592.234300,-0.082900
4,13,4.30363200,24,595.709200,595.231400,-0.477800
4,13,4.30363200,25,634.163600,634.322700,0.159100
4,13,4.30363200,26,642.225700,642.488500,0.262800
4,13,4.30363200,27,715.093900,713.435100,-1.658800
4,13,4.30363200,28,722.510000,720.949200,-1.560800
4,13,4.30363200,29,782.425600,781.965700,-0.459900
4,13,4.30363200,30,788.327200,788.101800,-0.225400
4,14,4.31745300,1,220.416500,220.081500,-0.335000
4,14,4.31745300,2,226.621400,226.062000,-0.559400
4,14,4.31745300,3,238.652600,238.406600,-0.246000
4,14,4.31745300,4,254.278300,253.817000,-0.461300
4,14,4.31745300,5,290.427200,290.357300,-0.069900
4,14,4.31745300,6,298.597400,298.407100,-0.190300
4,14,4.31745300,7,353.887100,353.189100,-0.698000
4,14,4.31745300,8,364.678700,363.987700,-0.691000
4,14,4.31745300,9,379.984100,379.700000,-0.284100
4,14,4.31745300,10,382.862800,382.505200,-0.357600
4,14,4.31745300,11,403.167800,402.934500,-0.233300
4,14,4.31745300,12,409.132400,409.222700,0.090300
4,14,4.31745300,13,418.062600,417.819900,-0.242700
4,14,4.31745300,14,440.342000,439.995600,-0.346400
4,14,4.31745300,15,456.844100,456.644700,-0.199400
4,14,4.31745300,16,469.943400,469.621800,-0.321600
4,14,4.31745300,17,478.931700,478.442500,-0.489200
4,14,4.31745300,18,486.834500,486.656700,-0.177800
4,14,4.31745300,19,523.093700,522.603300,-0.490400
4,14,4.31745300,20,537.652800,537.576400,-0.076400
4,14,4.31745300,21,566.781400,566.182100,-0.599300
4,14,4.31745300,22,575.013000,574.595700,-0.417300
4,14,4.31745300,23,592.147400,592.024200,-0.123200
4,14,4.31745300,24,595.615300,595.121000,-0.494300
4,14,4.31745300,25,635.406100,635.544200,0.138100
4,14,4.31745300,26,643.548000,643.769500,0.221500
4,14,4.31745300,27,714.190600,712.557700,-1.632900
4,14,4.31745300,28,722.796500,721.279000,-1.517500
4,14,4.31745300,29,781.372800,780.892300,-0.480500
4,14,4.31745300,30,787.439900,787.209500,-0.230400
4,15,4.33127500,1,220.922100,220.574300,-0.347800
4,15,4.33127500,2,227.164200,226.620100,-0.544100
4,15,4.33127500,3,240.927000,240.697600,-0.229400
4,15,4.33127500,4,255.663800,255.202100,-0.461700
4,15,4.33127500,5,290.594600,290.528800,-0.065800
4,15,4.33127500,6,298.832300,298.634400,-0.197900
4,15,4.33127500,7,354.551100,353.877600,-0.673500
4,15,4.33127500,8,365.004600,364.326500,-0.678100
4,15,4.33127500,9,379.970700,379.681600,-0.289100
4,15,4.33127500,10,383.145300,382.816100,-0.329200
4,15,4.33127500,11,400.665600,400.405900,-0.259700
4,15,4.33127500,12,406.816200,406.891800,0.075600
4,15,4.33127500,13,418.117900,417.903700,-0.214200
4,15,4.33127500,14,439.740600,439.394200,-0.346400
4,15,4.33127500,15,456.466000,456.259600,-0.206400
4,15,4.33127500,16,468.486300,468.164100,-0.322200
4,15,4.33127500,17,478.571100,478.069400,-0.501700
4,15,4.33127500,18,486.098700,485.901000,-0.197700
4,15,4.33127500,19,523.904800,523.395800,-0.509000
4,15,4.33127500,20,539.965500,539.904800,-0.060700
4,15,4.33127500,21,568.537900,567.962400,-0.575500
4,15,4.33127500,22,575.208700,574.839500,-0.369200
4,15,4.33127500,23,592.183700,592.014300,-0.169400
4,15,4.33127500,24,595.559000,595.048300,-0.510700
4,15,4.33127500,25,636.699900,636.818600,0.118700
4,15,4.33127500,26,644.869500,645.048000,0.178500
4,15,4.33127500,27,713.228600,711.622600,-1.606000
4,15,4.33127500,28,723.125000,721.652300,-1.472700
4,15,4.33127500,29,780.298600,779.797500,-0.501100
4,15,4.33127500,30,786.491000,786.254800,-0.236200
4,16,4.34509600,1,221.232400,220.863400,-0.369000
4,16,4.34509600,2,228.033400,227.514000,-0.519400
4,16,4.34509600,3,243.271800,243.060700,-0.211100
4,16,4.34509600,4,256.986000,256.523500,-0.462500
4,16,4.34509600,5,290.826600,290.763800,-0.062800
4,16,4.34509600,6,299.051100,298.844800,-0.206300
4,16,4.34509600,7,355.275200,354.627200,-0.648000
4,16,4.34509600,8,365.150200,364.488500,-0.661700
4,16,4.34509600,9,379.963000,379.667800,-0.295200
4,16,4.34509600,10,383.432900,383.133200,-0.299700
4,16,4.34509600,11,398.131700,397.846700,-0.285000
4,16,4.34509600,12,404.439000,404.495900,0.056900
4,16,4.34509600,13,418.223600,418.038000,-0.185600
4,16,4.34509600,14,439.012600,438.669500,-0.343100
4,16,4.34509600,15,456.223200,455.999600,-0.223600
4,16,4.34509600,16,466.968100,466.643500,-0.324600
4,16,4.34509600,17,478.411000,477.904300,-0.506700
4,16,4.34509600,18,485.358500,485.140700,-0.217800
4,16,4.34509600,19,524.707500,524.180800,-0.526700
4,16,4.34509600,20,542.307300,542.262100,-0.045200
4,16,4.34509600,21,570.311500,569.759600,-0.551900
4,16,4.34509600,22,575.065500,574.741900,-0.323600
4,16,4.34509600,23,592.407700,592.191700,-0.216000
4,16,4.34509600,24,595.540000,595.013300,-0.526700
4,16,4.34509600,25,638.035900,638.136500,0.100600
4,16,4.34509600,26,646.184700,646.319100,0.134400
4,16,4.34509600,27,712.213700,710.635500,-1.578200
4,16,4.34509600,28,723.493500,722.066800,-1.426700
4,16,4.34509600,29,779.206200,778.684400,-0.521800
4,16,4.34509600,30,785.489300,785.246700,-0.242600
4,17,4.35891800,1,221.373800,220.982200,-0.391600
4,17,4.35891800,2,229.187000,228.694900,-0.492100
4,17,4.35891800,3,245.678900,245.488400,-0.190500
4,17,4.35891800,4,258.233900,257.769900,-0.464000
4,17,4.35891800,5,291.125000,291.064400,-0.060600
4,17,4.35891800,6,299.257200,299.041700,-0.215500
4,17,4.35891800,7,356.051300,355.429400,-0.621900
4,17,4.35891800,8,365.107300,364.465900,-0.641400
4,17,4.35891800,9,379.958300,379.656400,-0.301900
4,17,4.35891800,10,383.649100,383.381300,-0.267800
4,17,4.35891800,11,395.579100,395.268600,-0.310500
4,17,4.35891800,12,402.117000,402.149200,0.032200
4,17,4.35891800,13,418.366200,418.210300,-0.155900
4,17,4.35891800,14,438.167300,437.829500,-0.337800
4,17,4.35891800,15,456.121500,455.872200,-0.249300
4,17,4.35891800,16,465.413000,465.084100,-0.328900
4,17,4.35891800,17,478.428000,477.922600,-0.505400
4,17,4.35891800,18,484.611600,484.373400,-0.238200
4,17,4.35891800,19,525.495700,524.952400,-0.543300
4,17,4.35891800,20,544.665500,544.635400,-0.030100
4,17,4.35891800,21,572.089600,571.560500,-0.529100
4,17,4.35891800,22,574.626900,574.341800,-0.285100
4,17,4.35891800,23,592.775400,592.517300,-0.258100
4,17,4.35891800,24,595.557000,595.015100,-0.541900
4,17,4.35891800,25,639.405700,639.489500,0.083800
4,17,4.35891800,26,647.487700,647.577000,0.089300
4,17,4.35891800,27,711.153600,709.603700,-1.549900
4,17,4.35891800,28,723.898000,722.518300,-1.379700
4,17,4.35891800,29,778.098200,777.556100,-0.542100
4,17,4.35891800,30,784.445500,784.196000,-0.249500
4,18,4.37274000,1,221.397500,220.986700,-0.410800
4,18,4.37274000,2,230.557800,230.091100,-0.466700
4,18,4.37274000,3,248.137000,247.969800,-0.167200
4,18,4.37274000,4,259.399800,258.933300,-0.466500
4,18,4.37274000,5,291.491800,291.431900,-0.059900
4,18,4.37274000,6,299.454800,299.229500,-0.225300
4,18,4.37274000,7,356.870800,356.275200,-0.595600
4,18,4.37274000,8,364.876100,364.258900,-0.617200
4,18,4.37274000,9,379.953000,379.644700,-0.308300
4,18,4.37274000,10,383.655300,383.424100,-0.231200
4,18,4.37274000,11,393.019100,392.682000,-0.337100
4,18,4.37274000,12,400.021700,400.021000,-0.000700
4,18,4.37274000,13,418.533200,418.408800,-0.124400
4,18,4.37274000,14,437.220100,436.888400,-0.331700
4,18,4.37274000,15,456.157800,455.877200,-0.280600
4,18,4.37274000,16,463.844100,463.508700,-0.335400
4,18,4.37274000,17,478.597100,478.098100,-0.499000
4,18,4.37274000,18,483.856700,483.598100,-0.258600
4,18,4.37274000,19,526.264900,525.706000,-0.558900
4,18,4.37274000,20,547.028300,547.012700,-0.015600
4,18,4.37274000,21,573.853300,573.353700,-0.499600
4,18,4.37274000,22,573.956400,573.693100,-0.263300
4,18,4.37274000,23,593.231700,592.938800,-0.292900
4,18,4.37274000,24,595.608500,595.052200,-0.556300
4,18,4.37274000,25,640.801700,640.869900,0.068200
4,18,4.37274000,26,648.771800,648.815400,0.043600
4,18,4.37274000,27,710.057400,708.536300,-1.521100
4,18,4.37274000,28,724.332300,723.000300,-1.332000
4,18,4.37274000,29,776.977100,776.414800,-0.562300
4,18,4.37274000,30,783.371600,783.114600,-0.257000
4,19,4.38656100,1,221.347700,220.921900,-0.425800
4,19,4.38656100,2,232.084800,231.640500,-0.444300
4,19,4.38656100,3,250.627900,250.487500,-0.140400
4,19,4.38656100,4,260.483200,260.012200,-0.471000
4,19,4.38656100,5,291.928000,291.867500,-0.060500
4,19,4.38656100,6,299.648700,299.412800,-0.235900
4,19,4.38656100,7,357.724500,357.154800,-0.569700
4,19,4.38656100,8,364.463000,363.873700,-0.589300
4,19,4.38656100,9,379.942600,379.629400,-0.313200
4,19,4.38656100,10,383.248900,383.059800,-0.189100
4,19,4.38656100,11,390.463000,390.097100,-0.365900
4,19,4.38656100,12,398.384600,398.341700,-0.042900
4,19,4.38656100,13,418.711000,418.620200,-0.090800
4,19,4.38656100,14,436.190500,435.864200,-0.326300
4,19,4.38656100,15,456.321600,456.006800,-0.314800
4,19,4.38656100,16,462.284000,461.939800,-0.344200
4,19,4.38656100,17,478.894400,478.405800,-0.488600
4,19,4.38656100,18,483.094000,482.815000,-0.279000
4,19,4.38656100,19,527.010800,526.437600,-0.573200
4,19,4.38656100,20,549.384400,549.382500,-0.001900
4,19,4.38656100,21,573.085100,572.850700,-0.234400
4,19,4.38656100,22,575.616900,575.129000,-0.487900
4,19,4.38656100,23,593.724300,593.404900,-0.319400
4,19,4.38656100,24,595.692400,595.123000,-0.569400
4,19,4.38656100,25,642.216900,642.270200,0.053300
4,19,4.38656100,26,650.029000,650.026700,-0.002300
4,19,4.38656100,27,708.936100,707.444100,-1.492000
4,19,4.38656100,28,724.787600,723.503600,-1.284000
4,19,4.38656100,29,775.844600,775.262600,-0.582000
4,19,4.38656100,30,782.281200,782.016500,-0.264700
4,20,4.40038300,1,221.252800,220.816100,-0.436700
4,20,4.40038300,2,233.721400,233.296900,-0.424500
4,20,4.40038300,3,253.119100,253.010000,-0.109100
4,20,4.40038300,4,261.498700,261.020600,-0.478100
4,20,4.40038300,5,292.433600,292.371100,-0.062500
4,20,4.40038300,6,299.844100,299.596900,-0.247200
4,20,4.40038300,7,358.602100,358.057300,-0.544800
4,20,4.40038300,8,363.876400,363.318600,-0.557800
4,20,4.40038300,9,379.921000,379.606100,-0.314900
4,20,4.40038300,10,382.234700,382.087400,-0.147300
4,20,4.40038300,11,387.923600,387.525200,-0.398400
4,20,4.40038300,12,397.428800,397.339900,-0.088900
4,20,4.40038300,13,418.884600,418.829800,-0.054800
4,20,4.40038300,14,435.098500,434.776000,-0.322500
4,20,4.40038300,15,456.597900,456.248100,-0.349800
4,20,4.40038300,16,460.754700,460.399400,-0.355300
4,20,4.40038300,17,479.298600,478.823300,-0.475300
4,20,4.40038300,18,482.324800,482.025400,-0.299400
4,20,4.40038300,19,527.729500,527.143300,-0.586200
4,20,4.40038300,20,551.722900,551.733800,0.010900
4,20,4.40038300,21,572.084700,571.862400,-0.222300
4,20,4.40038300,22,577.347300,576.877900,-0.469400
4,20,4.40038300,23,594.211400,593.872900,-0.338500
4,20,4.40038300,24,595.806400,595.225200,-0.581200
4,20,4.40038300,25,643.644400,643.683800,0.039400
4,20,4.40038300,26,651.249800,651.201700,-0.048100
4,20,4.40038300,27,707.802800,706.340000,-1.462800
4,20,4.40038300,28,725.252900,724.016700,-1.236200
4,20,4.40038300,29,774.702200,774.100900,-0.601300
4,20,4.40038300,30,781.190000,780.917500,-0.272500
4,21,4.41420400,1,221.129500,220.685000,-0.444500
4,21,4.41420400,2,235.431700,235.025400,-0.406300
4,21,4.41420400,3,255.545100,255.471500,-0.073600
4,21,4.41420400,4,262.493400,262.005800,-0.487600
4,21,4.41420400,5,293.007200,292.941400,-0.065800
4,21,4.41420400,6,300.046900,299.787500,-0.259400
4,21,4.41420400,7,359.491500,358.969800,-0.521700
4,21,4.41420400,8,363.122000,362.599600,-0.522400
4,21,4.41420400,9,379.876200,379.567500,-0.308700
4,21,4.41420400,10,380.572400,380.453900,-0.118500
4,21,4.41420400,11,385.419800,384.981600,-0.438200
4,21,4.41420400,12,397.225400,397.098500,-0.126900
4,21,4.41420400,13,419.037700,419.021100,-0.016600
4,21,4.41420400,14,433.962200,433.641200,-0.321000
4,21,4.41420400,15,456.969600,456.585600,-0.384000
4,21,4.41420400,16,459.278600,458.910100,-0.368500
4,21,4.41420400,17,479.791100,479.331200,-0.459900
4,21,4.41420400,18,481.551800,481.231600,-0.320200
4,21,4.41420400,19,528.417600,527.819900,-0.597700
4,21,4.41420400,20,554.032900,554.055700,0.022800
4,21,4.41420400,21,570.983200,570.766500,-0.216700
4,21,4.41420400,22,579.046200,578.592800,-0.453400
4,21,4.41420400,23,594.662600,594.311600,-0.351000
4,21,4.41420400,24,595.947900,595.356600,-0.591300
4,21,4.41420400,25,645.078000,645.104100,0.026100
4,21,4.41420400,26,652.423000,652.329400,-0.093600
4,21,4.41420400,27,706.672500,705.238900,-1.433600
4,21,4.41420400,28,725.714100,724.525300,-1.188800
4,21,4.41420400,29,773.551000,772.930800,-0.620200
4,21,4.41420400,30,780.115400,779.834900,-0.280500
4,22,4.42802600,1,220.986100,220.536600,-0.449500
4,22,4.42802600,2,237.187600,236.798400,-0.389200
4,22,4.42802600,3,257.766600,257.723200,-0.043400
4,22,4.42802600,4,263.591200,263.100700,-0.490500
4,22,4.42802600,5,293.645700,293.575200,-0.070500
4,22,4.42802600,6,300.263500,299.991300,-0.272200
4,22,4.42802600,7,360.377900,359.877000,-0.500900
4,22,4.42802600,8,362.198400,361.715900,-0.482500
4,22,4.42802600,9,378.415700,378.308500,-0.107200
4,22,4.42802600,10,379.776300,379.491300,-0.285000
4,22,4.42802600,11,382.995400,382.499200,-0.496200
4,22,4.42802600,12,397.657100,397.506500,-0.150600
4,22,4.42802600,13,419.152300,419.175600,0.023300
4,22,4.42802600,14,432.796400,432.474300,-0.322100
4,22,4.42802600,15,457.419000,457.003300,-0.415700
4,22,4.42802600,16,457.879000,457.494800,-0.384200
4,22,4.42802600,17,480.353000,479.914100,-0.438900
4,22,4.42802600,18,480.782100,480.436800,-0.345300
4,22,4.42802600,19,529.071800,528.464000,-0.607800
4,22,4.42802600,20,556.303400,556.336900,0.033500
4,22,4.42802600,21,569.808900,569.592500,-0.216400
4,22,4.42802600,22,580.708000,580.267900,-0.440100
4,22,4.42802600,23,595.058800,594.701100,-0.357700
4,22,4.42802600,24,596.114500,595.515200,-0.599300
4,22,4.42802600,25,646.511500,646.525100,0.013600
4,22,4.42802600,26,653.535400,653.397000,-0.138400
4,22,4.42802600,27,705.562400,704.157900,-1.404500
4,22,4.42802600,28,726.154900,725.012600,-1.142300
4,22,4.42802600,29,772.391800,771.753300,-0.638500
4,22,4.42802600,30,779.077200,778.788800,-0.288400
4,23,4.44184700,1,220.826200,220.373700,-0.452500
4,23,4.44184700,2,238.964500,238.591800,-0.372700
4,23,4.44184700,3,259.531700,259.484500,-0.047200
4,23,4.44184700,4,265.028800,264.570900,-0.457900
4,23,4.44184700,5,294.343600,294.267500,-0.076100
4,23,4.44184700,6,300.501100,300.215200,-0.285900
4,23,4.44184700,7,361.091900,360.655800,-0.436100
4,23,4.44184700,8,361.242600,360.758200,-0.484400
4,23,4.44184700,9,376.000900,375.884500,-0.116400
4,23,4.44184700,10,379.380400,379.162900,-0.217500
4,23,4.44184700,11,380.901300,380.306700,-0.594600
4,23,4.44184700,12,398.541000,398.378800,-0.162200
4,23,4.44184700,13,419.209200,419.273600,0.064400
4,23,4.44184700,14,431.612100,431.286400,-0.325700
4,23,4.44184700,15,456.577400,456.177200,-0.400200
4,23,4.44184700,16,457.931300,457.485500,-0.445800
4,23,4.44184700,17,480.000600,479.645200,-0.355400
4,23,4.44184700,18,480.990600,480.558400,-0.432200
4,23,4.44184700,19,529.688900,529.072600,-0.616300
4,23,4.44184700,20,558.522000,558.565100,0.043100
4,23,4.44184700,21,568.583500,568.363300,-0.220200
4,23,4.44184700,22,582.328200,581.898100,-0.430100
4,23,4.44184700,23,595.389700,595.029900,-0.359800
4,23,4.44184700,24,596.303700,595.699000,-0.604700
4,23,4.44184700,25,647.939100,647.940900,0.001800
4,23,4.44184700,26,654.571200,654.388800,-0.182400
4,23,4.44184700,27,704.491700,703.116500,-1.375200
4,23,4.44184700,28,726.556100,725.459100,-1.097000
4,23,4.44184700,29,771.225000,770.568800,-0.656200
4,23,4.44184700,30,778.096700,777.800600,-0.296100
4,24,4.45566900,1,220.650300,220.196800,-0.453500
4,24,4.45566900,2,240.740500,240.383600,-0.356900
4,24,4.45566900,3,260.630300,260.537400,-0.092900
4,24,4.45566900,4,267.003200,266.620700,-0.382500
4,24,4.45566900,5,295.092800,295.010400,-0.082400
4,24,4.45566900,6,300.767300,300.467100,-0.300200
4,24,4.45566900,7,359.778400,359.393900,-0.384500
4,24,4.45566900,8,362.054600,361.583600,-0.471000
4,24,4.45566900,9,373.539100,373.398000,-0.141100
4,24,4.45566900,10,377.747300,377.372900,-0.374400
4,24,4.45566900,11,380.102500,379.637000,-0.465500
4,24,4.45566900,12,399.728000,399.562300,-0.165700
4,24,4.45566900,13,419.188900,419.294800,0.105900
4,24,4.45566900,14,430.417200,430.085400,-0.331800
4,24,4.45566900,15,455.398400,454.980600,-0.417800
4,24,4.45566900,16,458.489700,458.017600,-0.472100
4,24,4.45566900,17,479.238000,478.861400,-0.376600
4,24,4.45566900,18,481.667800,481.253600,-0.414200
4,24,4.45566900,19,530.265700,529.642400,-0.623300
4,24,4.45566900,20,560.673000,560.724300,0.051300
4,24,4.45566900,21,567.326900,567.099700,-0.227200
4,24,4.45566900,22,583.903500,583.479700,-0.423800
4,24,4.45566900,23,595.652200,595.294500,-0.357700
4,24,4.45566900,24,596.513700,595.906400,-0.607300
4,24,4.45566900,25,649.355100,649.345600,-0.009500
4,24,4.45566900,26,655.512300,655.287100,-0.225200
4,24,4.45566900,27,703.482000,702.135900,-1.346100
4,24,4.45566900,28,726.896900,725.843600,-1.053300
4,24,4.45566900,29,770.051000,769.377700,-0.673300
4,24,4.45566900,30,777.196700,776.893500,-0.303200
4,25,4.46949000,1,220.456900,220.004100,-0.452800
4,25,4.46949000,2,242.494600,242.153300,-0.341300
4,25,4.46949000,3,261.130800,260.993600,-0.137200
4,25,4.46949000,4,269.434400,269.126400,-0.308000
4,25,4.46949000,5,295.882300,295.793200,-0.089100
4,25,4.46949000,6,301.070700,300.755400,-0.315300
4,25,4.46949000,7,358.221500,357.895500,-0.326000
4,25,4.46949000,8,362.769500,362.305200,-0.464300
4,25,4.46949000,9,371.202500,371.024600,-0.177900
4,25,4.46949000,10,375.606900,375.147800,-0.459100
4,25,4.46949000,11,379.908300,379.505200,-0.403100
4,25,4.46949000,12,401.118400,400.954000,-0.164400
4,25,4.46949000,13,419.072700,419.219200,0.146500
4,25,4.46949000,14,429.216700,428.876500,-0.340200
4,25,4.46949000,15,454.362500,453.927500,-0.435000
4,25,4.46949000,16,459.081500,458.586300,-0.495200
4,25,4.46949000,17,478.487000,478.090800,-0.396200
4,25,4.46949000,18,482.389000,481.991100,-0.397900
4,25,4.46949000,19,530.798700,530.170200,-0.628500
4,25,4.46949000,20,562.721800,562.777800,0.056000
4,25,4.46949000,21,566.072900,565.838500,-0.234400
4,25,4.46949000,22,585.431100,585.009400,-0.421700
4,25,4.46949000,23,595.848700,595.496600,-0.352100
4,25,4.46949000,24,596.743400,596.136900,-0.606500
4,25,4.46949000,25,650.753800,650.733800,-0.020000
4,25,4.46949000,26,656.338800,656.071800,-0.267000
4,25,4.46949000,27,702.556300,701.239600,-1.316700
4,25,4.46949000,28,727.155100,726.143400,-1.011700
4,25,4.46949000,29,768.870100,768.180300,-0.689800
4,25,4.46949000,30,776.401300,776.091600,-0.309700
4,26,4.48331200,1,220.243000,219.792600,-0.450400
4,26,4.48331200,2,244.207100,243.880800,-0.326300
4,26,4.48331200,3,261.209800,261.047300,-0.162500
4,26,4.48331200,4,272.135300,271.882600,-0.252700
4,26,4.48331200,5,296.697600,296.602200,-0.095400
4,26,4.48331200,6,301.420100,301.089200,-0.330900
4,26,4.48331200,7,356.397800,356.132600,-0.265200
4,26,4.48331200,8,363.304300,362.837600,-0.466700
4,26,4.48331200,9,369.118000,368.896900,-0.221100
4,26,4.48331200,10,373.568500,373.061900,-0.506600
4,26,4.48331200,11,379.784100,379.414800,-0.369300
4,26,4.48331200,12,402.648200,402.488100,-0.160100
4,26,4.48331200,13,418.844300,419.029100,0.184800
4,26,4.48331200,14,428.013600,427.662700,-0.350900
4,26,4.48331200,15,453.488500,453.037600,-0.450900
4,26,4.48331200,16,459.694700,459.179700,-0.515000
4,26,4.48331200,17,477.754400,477.339100,-0.415300
4,26,4.48331200,18,483.146400,482.763900,-0.382500
4,26,4.48331200,19,531.284500,530.652400,-0.632100
4,26,4.48331200,20,564.194700,564.087400,-0.107300
4,26,4.48331200,21,565.290800,565.213900,-0.076900
4,26,4.48331200,22,586.908600,586.484100,-0.424500
4,26,4.48331200,23,595.986400,595.643000,-0.343400
4,26,4.48331200,24,596.993000,596.391400,-0.601600
4,26,4.48331200,25,652.130000,652.100100,-0.029900
4,26,4.48331200,26,657.028700,656.721400,-0.307300
4,26,4.48331200,27,701.739000,700.451700,-1.287300
4,26,4.48331200,28,727.308100,726.335700,-0.972400
4,26,4.48331200,29,767.682400,766.976700,-0.705700
4,26,4.48331200,30,775.734600,775.419400,-0.315200
4,27,4.49713300,1,220.004700,219.558100,-0.446600
4,27,4.49713300,2,245.858900,245.546700,-0.312200
4,27,4.49713300,3,260.977900,260.804600,-0.173300
4,27,4.49713300,4,274.985700,274.773300,-0.212400
4,27,4.49713300,5,297.520900,297.419600,-0.101300
4,27,4.49713300,6,301.824900,301.478100,-0.346800
4,27,4.49713300,7,354.319900,354.110800,-0.209100
4,27,4.49713300,8,363.508900,363.025900,-0.483000
4,27,4.49713300,9,367.355600,367.093000,-0.262600
4,27,4.49713300,10,371.829800,371.291300,-0.538500
4,27,4.49713300,11,379.674200,379.337200,-0.337000
4,27,4.49713300,12,404.275200,404.121400,-0.153800
4,27,4.49713300,13,418.492000,418.711100,0.219100
4,27,4.49713300,14,426.809500,426.445800,-0.363700
4,27,4.49713300,15,452.790500,452.326300,-0.464200
4,27,4.49713300,16,460.318600,459.787000,-0.531600
4,27,4.49713300,17,477.046400,476.612700,-0.433700
4,27,4.49713300,18,483.934200,483.566300,-0.367900
4,27,4.49713300,19,531.719600,531.085600,-0.634000
4,27,4.49713300,20,563.247000,563.006500,-0.240500
4,27,4.49713300,21,566.817700,566.865300,0.047600
4,27,4.49713300,22,588.333100,587.900100,-0.433000
4,27,4.49713300,23,596.076300,595.744500,-0.331800
4,27,4.49713300,24,597.264400,596.672800,-0.591600
4,27,4.49713300,25,653.478400,653.439200,-0.039200
4,27,4.49713300,26,657.559900,657.213800,-0.346100
4,27,4.49713300,27,701.054100,699.796200,-1.257900
4,27,4.49713300,28,727.334700,726.399000,-0.935700
4,27,4.49713300,29,766.488000,765.767000,-0.721000
4,27,4.49713300,30,775.219300,774.899800,-0.319500
4,28,4.51095500,1,219.736900,219.295600,-0.441300
4,28,4.51095500,2,247.431700,247.132700,-0.299000
4,28,4.51095500,3,260.488700,260.313000,-0.175700
4,28,4.51095500,4,277.922900,277.741300,-0.181600
4,28,4.51095500,5,298.330000,298.223700,-0.106300
4,28,4.51095500,6,302.294600,301.931800,-0.362800
4,28,4.51095500,7,352.050600,351.886900,-0.163700
4,28,4.51095500,8,363.161800,362.643000,-0.518800
4,28,4.51095500,9,365.924600,365.628800,-0.295800
4,28,4.51095500,10,370.605600,370.049900,-0.555700
4,28,4.51095500,11,379.576300,379.277100,-0.299200
4,28,4.51095500,12,405.969500,405.823700,-0.145800
4,28,4.51095500,13,418.009700,418.257900,0.248200
4,28,4.51095500,14,425.605600,425.226900,-0.378700
4,28,4.51095500,15,452.276400,451.802700,-0.473700
4,28,4.51095500,16,460.943800,460.398700,-0.545100
4,28,4.51095500,17,476.369500,475.918000,-0.451500
4,28,4.51095500,18,484.747700,484.393200,-0.354500
4,28,4.51095500,19,532.100200,531.466000,-0.634200
4,28,4.51095500,20,561.946000,561.684900,-0.261100
4,28,4.51095500,21,568.575700,568.632600,0.056900
4,28,4.51095500,22,589.699700,589.251300,-0.448400
4,28,4.51095500,23,596.132600,595.815200,-0.317400
4,28,4.51095500,24,597.563200,596.987900,-0.575300
4,28,4.51095500,25,654.793700,654.745900,-0.047800
4,28,4.51095500,26,657.911300,657.527900,-0.383400
4,28,4.51095500,27,700.524000,699.295700,-1.228300
4,28,4.51095500,28,727.216500,726.314300,-0.902200
4,28,4.51095500,29,765.287100,764.551300,-0.735800
4,28,4.51095500,30,774.875600,774.553200,-0.322400
4,29,4.52477600,1,219.434300,218.999500,-0.434800
4,29,4.52477600,2,248.909200,248.621700,-0.287500
4,29,4.52477600,3,259.768800,259.595600,-0.173200
4,29,4.52477600,4,280.910400,280.753400,-0.157000
4,29,4.52477600,5,299.098100,298.988300,-0.109800
4,29,4.52477600,6,302.838700,302.460000,-0.378700
4,29,4.52477600,7,349.689900,349.558800,-0.131100
4,29,4.52477600,8,362.133300,361.564700,-0.568600
4,29,4.52477600,9,364.792800,364.474600,-0.318200
4,29,4.52477600,10,370.004300,369.439200,-0.565100
4,29,4.52477600,11,379.503100,379.249400,-0.253700
4,29,4.52477600,12,407.708600,407.572300,-0.136300
4,29,4.52477600,13,417.398600,417.669600,0.271000
4,29,4.52477600,14,424.403200,424.007300,-0.395900
4,29,4.52477600,15,451.947300,451.468500,-0.478800
4,29,4.52477600,16,461.562200,461.006500,-0.555700
4,29,4.52477600,17,475.730100,475.261700,-0.468400
4,29,4.52477600,18,485.582500,485.240400,-0.342100
4,29,4.52477600,19,532.422700,531.789900,-0.632800
4,29,4.52477600,20,560.614900,560.338400,-0.276500
4,29,4.52477600,21,570.228900,570.287600,0.058700
4,29,4.52477600,22,590.999300,590.527400,-0.471900
4,29,4.52477600,23,596.172700,595.871800,-0.300900
4,29,4.52477600,24,597.900000,597.348600,-0.551400
4,29,4.52477600,25,656.071200,656.015400,-0.055800
4,29,4.52477600,26,658.064600,657.645900,-0.418700
4,29,4.52477600,27,700.167600,698.968500,-1.199100
4,29,4.52477600,28,726.939600,726.067700,-0.871900
4,29,4.52477600,29,764.080100,763.330000,-0.750100
4,29,4.52477600,30,774.719400,774.395800,-0.323600
4,30,4.53859800,1,219.090100,218.663100,-0.427000
4,30,4.53859800,2,250.276400,249.998400,-0.278000
4,30,4.53859800,3,258.833800,258.665500,-0.168300
4,30,4.53859800,4,283.921900,283.784900,-0.137000
4,30,4.53859800,5,299.793900,299.681900,-0.112000
4,30,4.53859800,6,303.465500,303.071500,-0.394000
4,30,4.53859800,7,347.350600,347.241100,-0.109500
4,30,4.53859800,8,360.566100,359.948400,-0.617700
4,30,4.53859800,9,363.914600,363.583600,-0.331000
4,30,4.53859800,10,369.852900,369.272100,-0.580800
4,30,4.53859800,11,379.475600,379.275100,-0.200500
4,30,4.53859800,12,409.472700,409.348100,-0.124600
4,30,4.53859800,13,416.666800,416.953600,0.286800
4,30,4.53859800,14,423.205400,422.789400,-0.416000
4,30,4.53859800,15,451.796800,451.317700,-0.479100
4,30,4.53859800,16,462.166600,461.603200,-0.563400
4,30,4.53859800,17,475.135100,474.650600,-0.484500
4,30,4.53859800,18,486.434700,486.103700,-0.331000
4,30,4.53859800,19,532.683600,532.053800,-0.629800
4,30,4.53859800,20,559.275100,558.984400,-0.290700
4,30,4.53859800,21,571.740600,571.798100,0.057500
4,30,4.53859800,22,592.215700,591.711000,-0.504700
4,30,4.53859800,23,596.215900,595.933300,-0.282600
4,30,4.53859800,24,598.293400,597.775400,-0.518000
4,30,4.53859800,25,657.305500,657.242500,-0.063000
4,30,4.53859800,26,658.006700,657.554900,-0.451800
4,30,4.53859800,27,699.998000,698.827600,-1.170400
4,30,4.53859800,28,726.495900,725.650900,-0.845000
4,30,4.53859800,29,762.867100,762.103300,-0.763800
4,30,4.53859800,30,774.761000,774.438100,-0.322900
