 # Frequency[cm^-1] DOS PDOS
 -9.6371739953E+00  0.0000000000E+00  0.0000E+00  0.0000E+00  0.0000E+00  0.0000E+00  0.0000E+00  0.0000E+00  0.0000E+00  0.0000E+00  0.0000E+00  0.0000E+00
 -8.6371739953E+00  5.4671837148E-08  4.2876E-09  4.2936E-09  4.2936E-09  4.2940E-09  4.2940E-09  4.2876E-09  7.2304E-09  7.2304E-09  7.2304E-09  7.2304E-09
 -7.6371739953E+00  2.1956579679E-07  1.7214E-08  1.7240E-08  1.7240E-08  1.7244E-08  1.7244E-08  1.7214E-08  2.9043E-08  2.9043E-08  2.9043E-08  2.9043E-08
 -6.6371739953E+00  4.9468388783E-07  3.8771E-08  3.8835E-08  3.8835E-08  3.8847E-08  3.8847E-08  3.8771E-08  6.5444E-08  6.5444E-08  6.5444E-08  6.5444E-08
 -5.6371739953E+00  8.8002611026E-07  6.8951E-08  6.9073E-08  6.9073E-08  6.9103E-08  6.9103E-08  6.8951E-08  1.1644E-07  1.1644E-07  1.1644E-07  1.1644E-07
 -4.6371739953E+00  1.3755924641E-06  1.0774E-07  1.0795E-07  1.0795E-07  1.0801E-07  1.0801E-07  1.0774E-07  1.8205E-07  1.8205E-07  1.8205E-07  1.8205E-07
 -3.6371739953E+00  1.9813829493E-06  1.5514E-07  1.5546E-07  1.5546E-07  1.5557E-07  1.5557E-07  1.5514E-07  2.6226E-07  2.6226E-07  2.6226E-07  2.6226E-07
 -2.6371739953E+00  2.6973975659E-06  2.1113E-07  2.1161E-07  2.1161E-07  2.1177E-07  2.1177E-07  2.1113E-07  3.5709E-07  3.5709E-07  3.5709E-07  3.5709E-07
 -1.6371739953E+00  3.5236363139E-06  2.7572E-07  2.7638E-07  2.7638E-07  2.7662E-07  2.7662E-07  2.7572E-07  4.6655E-07  4.6655E-07  4.6655E-07  4.6655E-07
 -6.3717399527E-01  4.4648119031E-06  3.4925E-07  3.5013E-07  3.5013E-07  3.5048E-07  3.5048E-07  3.4925E-07  5.9127E-07  5.9127E-07  5.9127E-07  5.9127E-07
  3.6282600473E-01  5.5335697620E-06  4.3270E-07  4.3387E-07  4.3387E-07  4.3434E-07  4.3434E-07  4.3270E-07  7.3294E-07  7.3294E-07  7.3294E-07  7.3294E-07
  1.3628260047E+00  6.7306046598E-06  5.2614E-07  5.2763E-07  5.2763E-07  5.2826E-07  5.2826E-07  5.2614E-07  8.9164E-07  8.9164E-07  8.9164E-07  8.9164E-07
  2.3628260047E+00  8.0559165964E-06  6.2954E-07  6.3141E-07  6.3141E-07  6.3222E-07  6.3222E-07  6.2954E-07  1.0674E-06  1.0674E-06  1.0674E-06  1.0674E-06
  3.3628260047E+00  9.5095055719E-06  7.4290E-07  7.4521E-07  7.4521E-07  7.4624E-07  7.4624E-07  7.4290E-07  1.2602E-06  1.2602E-06  1.2602E-06  1.2602E-06
  4.3628260047E+00  1.1091371586E-05  8.6621E-07  8.6902E-07  8.6902E-07  8.7031E-07  8.7031E-07  8.6621E-07  1.4701E-06  1.4701E-06  1.4701E-06  1.4701E-06
  5.3628260047E+00  1.2801514639E-05  9.9946E-07  1.0028E-06  1.0028E-06  1.0044E-06  1.0044E-06  9.9946E-07  1.6970E-06  1.6970E-06  1.6970E-06  1.6970E-06
  6.3628260047E+00  1.4639934732E-05  1.1426E-06  1.1467E-06  1.1467E-06  1.1486E-06  1.1486E-06  1.1426E-06  1.9410E-06  1.9410E-06  1.9410E-06  1.9410E-06
  7.3628260047E+00  1.6606631863E-05  1.2957E-06  1.3005E-06  1.3005E-06  1.3028E-06  1.3028E-06  1.2957E-06  2.2022E-06  2.2022E-06  2.2022E-06  2.2022E-06
  8.3628260047E+00  1.8701606032E-05  1.4588E-06  1.4643E-06  1.4643E-06  1.4670E-06  1.4670E-06  1.4588E-06  2.4804E-06  2.4804E-06  2.4804E-06  2.4804E-06
  9.3628260047E+00  2.0924857241E-05  1.6317E-06  1.6381E-06  1.6381E-06  1.6413E-06  1.6413E-06  1.6317E-06  2.7757E-06  2.7757E-06  2.7757E-06  2.7757E-06
  1.0362826005E+01  2.3276385488E-05  1.8145E-06  1.8219E-06  1.8219E-06  1.8256E-06  1.8256E-06  1.8145E-06  3.0881E-06  3.0881E-06  3.0881E-06  3.0881E-06
  1.1362826005E+01  2.5756190775E-05  2.0073E-06  2.0156E-06  2.0156E-06  2.0200E-06  2.0200E-06  2.0073E-06  3.4176E-06  3.4176E-06  3.4176E-06  3.4176E-06
  1.2362826005E+01  2.8364273100E-05  2.2099E-06  2.2194E-06  2.2194E-06  2.2244E-06  2.2244E-06  2.2099E-06  3.7643E-06  3.7643E-06  3.7643E-06  3.7643E-06
  1.3362826005E+01  3.1100632464E-05  2.4223E-06  2.4331E-06  2.4331E-06  2.4388E-06  2.4388E-06  2.4223E-06  4.1281E-06  4.1281E-06  4.1281E-06  4.1281E-06
  1.4362826005E+01  3.3965268867E-05  2.6447E-06  2.6568E-06  2.6568E-06  2.6632E-06  2.6632E-06  2.6447E-06  4.5090E-06  4.5090E-06  4.5090E-06  4.5090E-06
  1.5362826005E+01  3.6958182309E-05  2.8769E-06  2.8904E-06  2.8904E-06  2.8977E-06  2.8977E-06  2.8769E-06  4.9071E-06  4.9071E-06  4.9071E-06  4.9071E-06
  1.6362826005E+01  4.0079372790E-05  3.1189E-06  3.1340E-06  3.1340E-06  3.1422E-06  3.1422E-06  3.1189E-06  5.3223E-06  5.3223E-06  5.3223E-06  5.3223E-06
  1.7362826005E+01  4.3328840309E-05  3.3708E-06  3.3875E-06  3.3875E-06  3.3967E-06  3.3967E-06  3.3708E-06  5.7547E-06  5.7547E-06  5.7547E-06  5.7547E-06
  1.8362826005E+01  4.6706584868E-05  3.6325E-06  3.6510E-06  3.6510E-06  3.6613E-06  3.6613E-06  3.6325E-06  6.2042E-06  6.2042E-06  6.2042E-06  6.2042E-06
  1.9362826005E+01  5.0212606465E-05  3.9041E-06  3.9245E-06  3.9245E-06  3.9359E-06  3.9359E-06  3.9041E-06  6.6710E-06  6.6710E-06  6.6710E-06  6.6710E-06
  2.0362826005E+01  5.3846905101E-05  4.1854E-06  4.2079E-06  4.2079E-06  4.2204E-06  4.2204E-06  4.1854E-06  7.1549E-06  7.1549E-06  7.1549E-06  7.1549E-06
  2.1362826005E+01  5.7609480776E-05  4.4766E-06  4.5012E-06  4.5012E-06  4.5151E-06  4.5151E-06  4.4766E-06  7.6560E-06  7.6560E-06  7.6560E-06  7.6560E-06
  2.2362826005E+01  6.1500333490E-05  4.7775E-06  4.8044E-06  4.8044E-06  4.8197E-06  4.8197E-06  4.7775E-06  8.1743E-06  8.1743E-06  8.1743E-06  8.1743E-06
  2.3362826005E+01  6.5519463242E-05  5.0883E-06  5.1176E-06  5.1176E-06  5.1343E-06  5.1343E-06  5.0883E-06  8.7098E-06  8.7098E-06  8.7098E-06  8.7098E-06
  2.4362826005E+01  6.9666870034E-05  5.4088E-06  5.4407E-06  5.4407E-06  5.4590E-06  5.4590E-06  5.4088E-06  9.2625E-06  9.2625E-06  9.2625E-06  9.2625E-06
  2.5362826005E+01  7.3942553864E-05  5.7391E-06  5.7737E-06  5.7737E-06  5.7936E-06  5.7936E-06  5.7391E-06  9.8324E-06  9.8324E-06  9.8324E-06  9.8324E-06
  2.6362826005E+01  7.8346514734E-05  6.0791E-06  6.1166E-06  6.1166E-06  6.1383E-06  6.1383E-06  6.0791E-06  1.0420E-05  1.0420E-05  1.0420E-05  1.0420E-05
  2.7362826005E+01  8.2878752642E-05  6.4290E-06  6.4695E-06  6.4695E-06  6.4930E-06  6.4930E-06  6.4290E-06  1.1024E-05  1.1024E-05  1.1024E-05  1.1024E-05
  2.8362826005E+01  9.1775316393E-05  7.1189E-06  7.1651E-06  7.1651E-06  7.1892E-06  7.1892E-06  7.1189E-06  1.2207E-05  1.2207E-05  1.2207E-05  1.2207E-05
  2.9362826005E+01  1.3027941261E-04  1.0103E-05  1.0177E-05  1.0177E-05  1.0207E-05  1.0207E-05  1.0103E-05  1.7326E-05  1.7326E-05  1.7326E-05  1.7326E-05
  3.0362826005E+01  1.7542076252E-04  1.3603E-05  1.3703E-05  1.3703E-05  1.3752E-05  1.3752E-05  1.3603E-05  2.3327E-05  2.3327E-05  2.3327E-05  2.3327E-05
  3.1362826005E+01  2.2997537357E-04  1.7832E-05  1.7962E-05  1.7962E-05  1.8038E-05  1.8038E-05  1.7832E-05  3.0578E-05  3.0578E-05  3.0578E-05  3.0578E-05
  3.2362826005E+01  2.7475460133E-04  2.1306E-05  2.1453E-05  2.1453E-05  2.1558E-05  2.1558E-05  2.1306E-05  3.6530E-05  3.6530E-05  3.6530E-05  3.6530E-05
  3.3362826005E+01  3.0975844579E-04  2.4023E-05  2.4177E-05  2.4177E-05  2.4309E-05  2.4309E-05  2.4023E-05  4.1185E-05  4.1186E-05  4.1186E-05  4.1185E-05
  3.4362826005E+01  3.3498690696E-04  2.5980E-05  2.6135E-05  2.6135E-05  2.6291E-05  2.6291E-05  2.5980E-05  4.4543E-05  4.4545E-05  4.4545E-05  4.4543E-05
  3.5362826005E+01  3.5043998484E-04  2.7175E-05  2.7330E-05  2.7330E-05  2.7500E-05  2.7500E-05  2.7175E-05  4.6606E-05  4.6609E-05  4.6609E-05  4.6606E-05
  3.6362826005E+01  3.5611767942E-04  2.7606E-05  2.7762E-05  2.7762E-05  2.7936E-05  2.7936E-05  2.7606E-05  4.7375E-05  4.7380E-05  4.7380E-05  4.7375E-05
  3.7362826005E+01  3.5652071262E-04  2.7619E-05  2.7783E-05  2.7783E-05  2.7954E-05  2.7954E-05  2.7619E-05  4.7448E-05  4.7456E-05  4.7456E-05  4.7448E-05
  3.8362826005E+01  3.6224275464E-04  2.8032E-05  2.8211E-05  2.8211E-05  2.8400E-05  2.8400E-05  2.8032E-05  4.8233E-05  4.8245E-05  4.8245E-05  4.8233E-05
  3.9362826005E+01  3.8110807034E-04  2.9471E-05  2.9667E-05  2.9667E-05  2.9873E-05  2.9873E-05  2.9471E-05  5.0763E-05  5.0779E-05  5.0779E-05  5.0763E-05
  4.0362826005E+01  4.0145131618E-04  3.1024E-05  3.1238E-05  3.1238E-05  3.1462E-05  3.1462E-05  3.1024E-05  5.3491E-05  5.3511E-05  5.3511E-05  5.3491E-05
  4.1362826005E+01  4.2221825784E-04  3.2607E-05  3.2841E-05  3.2841E-05  3.3082E-05  3.3082E-05  3.2607E-05  5.6278E-05  5.6301E-05  5.6301E-05  5.6278E-05
  4.2362826005E+01  4.4340889531E-04  3.4221E-05  3.4475E-05  3.4475E-05  3.4735E-05  3.4735E-05  3.4221E-05  5.9123E-05  5.9151E-05  5.9151E-05  5.9123E-05
  4.3362826005E+01  4.6502322859E-04  3.5865E-05  3.6141E-05  3.6141E-05  3.6419E-05  3.6419E-05  3.5865E-05  6.2027E-05  6.2059E-05  6.2059E-05  6.2027E-05
  4.4362826005E+01  4.8706125769E-04  3.7539E-05  3.7839E-05  3.7839E-05  3.8137E-05  3.8137E-05  3.7539E-05  6.4990E-05  6.5026E-05  6.5026E-05  6.4990E-05
  4.5362826005E+01  5.0918784861E-04  3.9218E-05  3.9543E-05  3.9543E-05  3.9860E-05  3.9860E-05  3.9218E-05  6.7966E-05  6.8007E-05  6.8007E-05  6.7966E-05
  4.6362826005E+01  5.3482679234E-04  4.1162E-05  4.1519E-05  4.1519E-05  4.1858E-05  4.1858E-05  4.1162E-05  7.1414E-05  7.1460E-05  7.1460E-05  7.1414E-05
  4.7362826005E+01  5.6149966688E-04  4.3184E-05  4.3572E-05  4.3572E-05  4.3937E-05  4.3937E-05  4.3184E-05  7.5003E-05  7.5054E-05  7.5054E-05  7.5003E-05
  4.8362826005E+01  5.8858407091E-04  4.5236E-05  4.5655E-05  4.5655E-05  4.6048E-05  4.6048E-05  4.5236E-05  7.8648E-05  7.8704E-05  7.8704E-05  7.8648E-05
  4.9362826005E+01  6.1608000445E-04  4.7318E-05  4.7766E-05  4.7766E-05  4.8192E-05  4.8192E-05  4.7318E-05  8.2350E-05  8.2413E-05  8.2413E-05  8.2350E-05
  5.0362826005E+01  6.4398746748E-04  4.9429E-05  4.9907E-05  4.9907E-05  5.0368E-05  5.0368E-05  4.9429E-05  8.6109E-05  8.6180E-05  8.6180E-05  8.6109E-05
  5.1362826005E+01  6.7230646001E-04  5.1570E-05  5.2078E-05  5.2078E-05  5.2576E-05  5.2576E-05  5.1570E-05  8.9926E-05  9.0004E-05  9.0004E-05  8.9926E-05
  5.2362826005E+01  7.0103698205E-04  5.3739E-05  5.4277E-05  5.4277E-05  5.4815E-05  5.4815E-05  5.3739E-05  9.3800E-05  9.3888E-05  9.3888E-05  9.3800E-05
  5.3362826005E+01  7.4066951210E-04  5.6757E-05  5.7327E-05  5.7327E-05  5.7907E-05  5.7907E-05  5.6757E-05  9.9122E-05  9.9222E-05  9.9222E-05  9.9122E-05
  5.4362826005E+01  8.0399390090E-04  6.1621E-05  6.2227E-05  6.2227E-05  6.2855E-05  6.2855E-05  6.1621E-05  1.0759E-04  1.0770E-04  1.0770E-04  1.0759E-04
  5.5362826005E+01  8.8588659724E-04  6.7932E-05  6.8572E-05  6.8572E-05  6.9262E-05  6.9262E-05  6.7932E-05  1.1852E-04  1.1866E-04  1.1866E-04  1.1852E-04
  5.6362826005E+01  1.0210388278E-03  7.8398E-05  7.9069E-05  7.9069E-05  7.9855E-05  7.9855E-05  7.8398E-05  1.3652E-04  1.3668E-04  1.3668E-04  1.3652E-04
  5.7362826005E+01  1.0788946909E-03  8.2792E-05  8.3501E-05  8.3501E-05  8.4387E-05  8.4387E-05  8.2792E-05  1.4430E-04  1.4447E-04  1.4447E-04  1.4430E-04
  5.8362826005E+01  1.0379969641E-03  7.9505E-05  8.0250E-05  8.0250E-05  8.1135E-05  8.1135E-05  7.9505E-05  1.3896E-04  1.3915E-04  1.3915E-04  1.3896E-04
  5.9362826005E+01  1.0401654575E-03  7.9564E-05  8.0359E-05  8.0359E-05  8.1269E-05  8.1269E-05  7.9564E-05  1.3933E-04  1.3956E-04  1.3956E-04  1.3933E-04
  6.0362826005E+01  1.0574940759E-03  8.0792E-05  8.1640E-05  8.1640E-05  8.2602E-05  8.2602E-05  8.0792E-05  1.4174E-04  1.4198E-04  1.4198E-04  1.4174E-04
  6.1362826005E+01  1.0736296529E-03  8.1923E-05  8.2818E-05  8.2818E-05  8.3836E-05  8.3836E-05  8.1923E-05  1.4399E-04  1.4425E-04  1.4425E-04  1.4399E-04
  6.2362826005E+01  1.1088303699E-03  8.4538E-05  8.5479E-05  8.5479E-05  8.6565E-05  8.6565E-05  8.4538E-05  1.4878E-04  1.4905E-04  1.4905E-04  1.4878E-04
  6.3362826005E+01  1.1477498074E-03  8.7428E-05  8.8423E-05  8.8423E-05  8.9583E-05  8.9583E-05  8.7428E-05  1.5408E-04  1.5437E-04  1.5437E-04  1.5408E-04
  6.4362826005E+01  1.1872936342E-03  9.0358E-05  9.1409E-05  9.1409E-05  9.2649E-05  9.2649E-05  9.0358E-05  1.5946E-04  1.5977E-04  1.5977E-04  1.5946E-04
  6.5362826005E+01  1.2274686892E-03  9.3327E-05  9.4440E-05  9.4440E-05  9.5764E-05  9.5764E-05  9.3327E-05  1.6493E-04  1.6527E-04  1.6527E-04  1.6493E-04
  6.6362826005E+01  1.2684866628E-03  9.6351E-05  9.7531E-05  9.7531E-05  9.8943E-05  9.8943E-05  9.6351E-05  1.7052E-04  1.7090E-04  1.7090E-04  1.7052E-04
  6.7362826005E+01  1.3103553999E-03  9.9432E-05  1.0068E-04  1.0068E-04  1.0219E-04  1.0219E-04  9.9432E-05  1.7623E-04  1.7665E-04  1.7665E-04  1.7623E-04
  6.8362826005E+01  1.3530749007E-03  1.0257E-04  1.0390E-04  1.0390E-04  1.0550E-04  1.0550E-04  1.0257E-04  1.8206E-04  1.8252E-04  1.8252E-04  1.8206E-04
  6.9362826005E+01  1.3966451651E-03  1.0576E-04  1.0717E-04  1.0717E-04  1.0887E-04  1.0887E-04  1.0576E-04  1.8801E-04  1.8851E-04  1.8851E-04  1.8801E-04
  7.0362826005E+01  1.4417907967E-03  1.0905E-04  1.1056E-04  1.1056E-04  1.1237E-04  1.1237E-04  1.0905E-04  1.9418E-04  1.9473E-04  1.9473E-04  1.9418E-04
  7.1362826005E+01  1.4858573849E-03  1.1227E-04  1.1385E-04  1.1385E-04  1.1578E-04  1.1578E-04  1.1227E-04  2.0021E-04  2.0082E-04  2.0082E-04  2.0021E-04
  7.2362826005E+01  1.5284327889E-03  1.1537E-04  1.1703E-04  1.1703E-04  1.1908E-04  1.1908E-04  1.1537E-04  2.0604E-04  2.0670E-04  2.0670E-04  2.0604E-04
  7.3362826005E+01  1.5695656828E-03  1.1836E-04  1.2008E-04  1.2008E-04  1.2227E-04  1.2227E-04  1.1836E-04  2.1167E-04  2.1239E-04  2.1239E-04  2.1167E-04
  7.4362826005E+01  1.6097967415E-03  1.2128E-04  1.2306E-04  1.2306E-04  1.2539E-04  1.2539E-04  1.2128E-04  2.1720E-04  2.1796E-04  2.1796E-04  2.1720E-04
  7.5362826005E+01  1.6499547675E-03  1.2420E-04  1.2602E-04  1.2602E-04  1.2850E-04  1.2850E-04  1.2420E-04  2.2273E-04  2.2352E-04  2.2352E-04  2.2273E-04
  7.6362826005E+01  1.6902198020E-03  1.2713E-04  1.2898E-04  1.2898E-04  1.3162E-04  1.3162E-04  1.2713E-04  2.2829E-04  2.2909E-04  2.2909E-04  2.2829E-04
  7.7362826005E+01  1.7320107796E-03  1.3016E-04  1.3205E-04  1.3205E-04  1.3485E-04  1.3485E-04  1.3016E-04  2.3407E-04  2.3487E-04  2.3487E-04  2.3407E-04
  7.8362826005E+01  1.7766303053E-03  1.3340E-04  1.3533E-04  1.3533E-04  1.3831E-04  1.3831E-04  1.3340E-04  2.4024E-04  2.4104E-04  2.4104E-04  2.4024E-04
  7.9362826005E+01  1.8235662756E-03  1.3680E-04  1.3878E-04  1.3878E-04  1.4194E-04  1.4194E-04  1.3680E-04  2.4672E-04  2.4754E-04  2.4754E-04  2.4672E-04
  8.0362826005E+01  1.8924420549E-03  1.4192E-04  1.4392E-04  1.4392E-04  1.4727E-04  1.4727E-04  1.4192E-04  2.5613E-04  2.5697E-04  2.5697E-04  2.5613E-04
  8.1362826005E+01  1.9678966632E-03  1.4753E-04  1.4956E-04  1.4956E-04  1.5312E-04  1.5312E-04  1.4753E-04  2.6644E-04  2.6729E-04  2.6729E-04  2.6644E-04
  8.2362826005E+01  2.0367760195E-03  1.5259E-04  1.5468E-04  1.5468E-04  1.5847E-04  1.5847E-04  1.5259E-04  2.7589E-04  2.7676E-04  2.7676E-04  2.7589E-04
  8.3362826005E+01  2.0999159097E-03  1.5719E-04  1.5935E-04  1.5935E-04  1.6336E-04  1.6336E-04  1.5719E-04  2.8458E-04  2.8549E-04  2.8549E-04  2.8458E-04
  8.4362826005E+01  2.1586793642E-03  1.6141E-04  1.6367E-04  1.6367E-04  1.6789E-04  1.6789E-04  1.6141E-04  2.9269E-04  2.9367E-04  2.9367E-04  2.9269E-04
  8.5362826005E+01  2.2185276228E-03  1.6569E-04  1.6807E-04  1.6807E-04  1.7251E-04  1.7251E-04  1.6569E-04  3.0097E-04  3.0203E-04  3.0203E-04  3.0097E-04
  8.6362826005E+01  2.2762352684E-03  1.6977E-04  1.7230E-04  1.7230E-04  1.7696E-04  1.7696E-04  1.6977E-04  3.0896E-04  3.1013E-04  3.1013E-04  3.0896E-04
  8.7362826005E+01  2.3010466078E-03  1.7129E-04  1.7399E-04  1.7399E-04  1.7885E-04  1.7885E-04  1.7129E-04  3.1257E-04  3.1383E-04  3.1383E-04  3.1257E-04
  8.8362826005E+01  2.3680570492E-03  1.7605E-04  1.7892E-04  1.7892E-04  1.8402E-04  1.8402E-04  1.7605E-04  3.2183E-04  3.2321E-04  3.2321E-04  3.2183E-04
  8.9362826005E+01  2.4364810815E-03  1.8091E-04  1.8394E-04  1.8394E-04  1.8929E-04  1.8929E-04  1.8091E-04  3.3129E-04  3.3281E-04  3.3281E-04  3.3129E-04
  9.0362826005E+01  2.5061645701E-03  1.8584E-04  1.8904E-04  1.8904E-04  1.9465E-04  1.9465E-04  1.8584E-04  3.4095E-04  3.4260E-04  3.4260E-04  3.4095E-04
  9.1362826005E+01  2.5769758314E-03  1.9082E-04  1.9421E-04  1.9421E-04  2.0010E-04  2.0010E-04  1.9082E-04  3.5077E-04  3.5259E-04  3.5259E-04  3.5077E-04
  9.2362826005E+01  2.6461765732E-03  1.9567E-04  1.9924E-04  1.9924E-04  2.0542E-04  2.0542E-04  1.9567E-04  3.6038E-04  3.6237E-04  3.6237E-04  3.6038E-04
  9.3362826005E+01  2.7119734056E-03  2.0026E-04  2.0399E-04  2.0399E-04  2.1048E-04  2.1048E-04  2.0026E-04  3.6955E-04  3.7171E-04  3.7171E-04  3.6955E-04
  9.4362826005E+01  2.7744026983E-03  2.0459E-04  2.0848E-04  2.0848E-04  2.1527E-04  2.1527E-04  2.0459E-04  3.7826E-04  3.8060E-04  3.8060E-04  3.7826E-04
  9.5362826005E+01  2.8339602893E-03  2.0870E-04  2.1273E-04  2.1273E-04  2.1984E-04  2.1984E-04  2.0870E-04  3.8660E-04  3.8911E-04  3.8911E-04  3.8660E-04
  9.6362826005E+01  2.8880434199E-03  2.1240E-04  2.1654E-04  2.1654E-04  2.2398E-04  2.2398E-04  2.1240E-04  3.9422E-04  3.9688E-04  3.9688E-04  3.9422E-04
  9.7362826005E+01  2.9384089553E-03  2.1585E-04  2.2005E-04  2.2005E-04  2.2783E-04  2.2783E-04  2.1585E-04  4.0137E-04  4.0412E-04  4.0412E-04  4.0137E-04
  9.8362826005E+01  2.9912120384E-03  2.1946E-04  2.2373E-04  2.2373E-04  2.3185E-04  2.3185E-04  2.1946E-04  4.0887E-04  4.1170E-04  4.1170E-04  4.0887E-04
  9.9362826005E+01  3.0505719299E-03  2.2354E-04  2.2789E-04  2.2789E-04  2.3637E-04  2.3637E-04  2.2354E-04  4.1728E-04  4.2022E-04  4.2022E-04  4.1728E-04
  1.0036282600E+02  3.1122102796E-03  2.2777E-04  2.3220E-04  2.3220E-04  2.4107E-04  2.4107E-04  2.2777E-04  4.2601E-04  4.2906E-04  4.2906E-04  4.2601E-04
  1.0136282600E+02  3.1749528739E-03  2.3207E-04  2.3659E-04  2.3659E-04  2.4585E-04  2.4585E-04  2.3207E-04  4.3491E-04  4.3805E-04  4.3805E-04  4.3491E-04
  1.0236282600E+02  3.2391810053E-03  2.3646E-04  2.4108E-04  2.4108E-04  2.5074E-04  2.5074E-04  2.3646E-04  4.4403E-04  4.4728E-04  4.4728E-04  4.4403E-04
  1.0336282600E+02  3.3054066541E-03  2.4099E-04  2.4569E-04  2.4569E-04  2.5578E-04  2.5578E-04  2.4099E-04  4.5344E-04  4.5679E-04  4.5679E-04  4.5344E-04
  1.0436282600E+02  3.3738387629E-03  2.4568E-04  2.5047E-04  2.5047E-04  2.6099E-04  2.6099E-04  2.4568E-04  4.6318E-04  4.6661E-04  4.6661E-04  4.6318E-04
  1.0536282600E+02  3.4441194926E-03  2.5048E-04  2.5536E-04  2.5536E-04  2.6633E-04  2.6633E-04  2.5048E-04  4.7318E-04  4.7670E-04  4.7670E-04  4.7318E-04
  1.0636282600E+02  3.5268446753E-03  2.5625E-04  2.6119E-04  2.6119E-04  2.7263E-04  2.7263E-04  2.5625E-04  4.8488E-04  4.8848E-04  4.8848E-04  4.8488E-04
  1.0736282600E+02  3.6326593109E-03  2.6379E-04  2.6875E-04  2.6875E-04  2.8070E-04  2.8070E-04  2.6379E-04  4.9972E-04  5.0336E-04  5.0336E-04  4.9972E-04
  1.0836282600E+02  3.7286886229E-03  2.7052E-04  2.7554E-04  2.7554E-04  2.8803E-04  2.8803E-04  2.7052E-04  5.1329E-04  5.1697E-04  5.1697E-04  5.1329E-04
  1.0936282600E+02  3.8175022466E-03  2.7662E-04  2.8176E-04  2.8176E-04  2.9479E-04  2.9479E-04  2.7662E-04  5.2592E-04  5.2967E-04  5.2967E-04  5.2592E-04
  1.1036282600E+02  3.9016318916E-03  2.8229E-04  2.8761E-04  2.8761E-04  3.0117E-04  3.0117E-04  2.8229E-04  5.3794E-04  5.4181E-04  5.4181E-04  5.3794E-04
  1.1136282600E+02  3.9895460292E-03  2.8820E-04  2.9372E-04  2.9372E-04  3.0783E-04  3.0783E-04  2.8820E-04  5.5050E-04  5.5453E-04  5.5453E-04  5.5050E-04
  1.1236282600E+02  4.0813949987E-03  2.9435E-04  3.0009E-04  3.0009E-04  3.1479E-04  3.1479E-04  2.9435E-04  5.6363E-04  5.6783E-04  5.6783E-04  5.6363E-04
  1.1336282600E+02  4.1310909497E-03  2.9723E-04  3.0324E-04  3.0324E-04  3.1849E-04  3.1849E-04  2.9723E-04  5.7109E-04  5.7550E-04  5.7550E-04  5.7109E-04
  1.1436282600E+02  4.2228922341E-03  3.0331E-04  3.0957E-04  3.0957E-04  3.2542E-04  3.2542E-04  3.0331E-04  5.8424E-04  5.8890E-04  5.8890E-04  5.8424E-04
  1.1536282600E+02  4.3121970043E-03  3.0919E-04  3.1570E-04  3.1570E-04  3.3217E-04  3.3217E-04  3.0919E-04  5.9706E-04  6.0198E-04  6.0198E-04  5.9706E-04
  1.1636282600E+02  4.3988441783E-03  3.1486E-04  3.2162E-04  3.2162E-04  3.3871E-04  3.3871E-04  3.1486E-04  6.0951E-04  6.1472E-04  6.1472E-04  6.0951E-04
  1.1736282600E+02  4.4824244210E-03  3.2029E-04  3.2729E-04  3.2729E-04  3.4502E-04  3.4502E-04  3.2029E-04  6.2156E-04  6.2706E-04  6.2706E-04  6.2156E-04
  1.1836282600E+02  4.5650462289E-03  3.2562E-04  3.3286E-04  3.3286E-04  3.5124E-04  3.5124E-04  3.2562E-04  6.3350E-04  6.3930E-04  6.3930E-04  6.3350E-04
  1.1936282600E+02  4.6499131024E-03  3.3108E-04  3.3857E-04  3.3857E-04  3.5763E-04  3.5763E-04  3.3108E-04  6.4579E-04  6.5188E-04  6.5188E-04  6.4579E-04
  1.2036282600E+02  4.7361981835E-03  3.3661E-04  3.4436E-04  3.4436E-04  3.6412E-04  3.6412E-04  3.3661E-04  6.5832E-04  6.6469E-04  6.6469E-04  6.5832E-04
  1.2136282600E+02  4.7963121119E-03  3.4033E-04  3.4815E-04  3.4815E-04  3.6865E-04  3.6865E-04  3.4033E-04  6.6725E-04  6.7376E-04  6.7376E-04  6.6725E-04
  1.2236282600E+02  4.8839055931E-03  3.4597E-04  3.5396E-04  3.5396E-04  3.7525E-04  3.7525E-04  3.4597E-04  6.8002E-04  6.8676E-04  6.8676E-04  6.8002E-04
  1.2336282600E+02  4.9738594542E-03  3.5174E-04  3.5991E-04  3.5991E-04  3.8202E-04  3.8202E-04  3.5174E-04  6.9314E-04  7.0011E-04  7.0011E-04  6.9314E-04
  1.2436282600E+02  5.0656168326E-03  3.5761E-04  3.6596E-04  3.6596E-04  3.8893E-04  3.8893E-04  3.5761E-04  7.0655E-04  7.1375E-04  7.1375E-04  7.0655E-04
  1.2536282600E+02  5.1593440326E-03  3.6360E-04  3.7213E-04  3.7213E-04  3.9598E-04  3.9598E-04  3.6360E-04  7.2026E-04  7.2770E-04  7.2770E-04  7.2026E-04
  1.2636282600E+02  5.2549217349E-03  3.6969E-04  3.7840E-04  3.7840E-04  4.0317E-04  4.0317E-04  3.6969E-04  7.3426E-04  7.4194E-04  7.4194E-04  7.3426E-04
  1.2736282600E+02  5.3520396599E-03  3.7585E-04  3.8476E-04  3.8476E-04  4.1047E-04  4.1047E-04  3.7585E-04  7.4851E-04  7.5643E-04  7.5643E-04  7.4851E-04
  1.2836282600E+02  5.4505441027E-03  3.8208E-04  3.9118E-04  3.9118E-04  4.1787E-04  4.1787E-04  3.8208E-04  7.6299E-04  7.7114E-04  7.7114E-04  7.6299E-04
  1.2936282600E+02  5.5504760813E-03  3.8839E-04  3.9768E-04  3.9768E-04  4.2538E-04  4.2538E-04  3.8839E-04  7.7771E-04  7.8608E-04  7.8608E-04  7.7771E-04
  1.3036282600E+02  5.6575663920E-03  3.9517E-04  4.0471E-04  4.0471E-04  4.3346E-04  4.3346E-04  3.9517E-04  7.9343E-04  8.0202E-04  8.0202E-04  7.9343E-04
  1.3136282600E+02  5.7724955521E-03  4.0248E-04  4.1231E-04  4.1231E-04  4.4217E-04  4.4217E-04  4.0248E-04  8.1024E-04  8.1904E-04  8.1904E-04  8.1024E-04
  1.3236282600E+02  5.9136274034E-03  4.1184E-04  4.2177E-04  4.2177E-04  4.5282E-04  4.5282E-04  4.1184E-04  8.3070E-04  8.3969E-04  8.3969E-04  8.3070E-04
  1.3336282600E+02  6.0545432076E-03  4.2113E-04  4.3108E-04  4.3108E-04  4.6339E-04  4.6339E-04  4.2113E-04  8.5126E-04  8.6041E-04  8.6041E-04  8.5126E-04
  1.3436282600E+02  6.1822836192E-03  4.2924E-04  4.3939E-04  4.3939E-04  4.7297E-04  4.7297E-04  4.2924E-04  8.7004E-04  8.7950E-04  8.7950E-04  8.7004E-04
  1.3536282600E+02  6.3029031326E-03  4.3674E-04  4.4715E-04  4.4715E-04  4.8201E-04  4.8201E-04  4.3674E-04  8.8783E-04  8.9772E-04  8.9772E-04  8.8783E-04
  1.3636282600E+02  6.4225158940E-03  4.4410E-04  4.5479E-04  4.5479E-04  4.9097E-04  4.9097E-04  4.4410E-04  9.0551E-04  9.1589E-04  9.1589E-04  9.0551E-04
  1.3736282600E+02  6.5433213707E-03  4.5147E-04  4.6244E-04  4.6244E-04  5.0000E-04  5.0000E-04  4.5147E-04  9.2342E-04  9.3434E-04  9.3434E-04  9.2342E-04
  1.3836282600E+02  6.6401099084E-03  4.5699E-04  4.6826E-04  4.6826E-04  5.0720E-04  5.0720E-04  4.5699E-04  9.3803E-04  9.4956E-04  9.4956E-04  9.3803E-04
  1.3936282600E+02  6.7319752243E-03  4.6211E-04  4.7372E-04  4.7372E-04  5.1403E-04  5.1403E-04  4.6211E-04  9.5198E-04  9.6415E-04  9.6415E-04  9.5198E-04
  1.4036282600E+02  6.8474329318E-03  4.6895E-04  4.8088E-04  4.8088E-04  5.2261E-04  5.2261E-04  4.6895E-04  9.6922E-04  9.8205E-04  9.8205E-04  9.6922E-04
  1.4136282600E+02  6.9634226575E-03  4.7578E-04  4.8803E-04  4.8803E-04  5.3122E-04  5.3122E-04  4.7578E-04  9.8658E-04  1.0001E-03  1.0001E-03  9.8658E-04
  1.4236282600E+02  7.0806281015E-03  4.8262E-04  4.9522E-04  4.9522E-04  5.3991E-04  5.3991E-04  4.8262E-04  1.0042E-03  1.0184E-03  1.0184E-03  1.0042E-03
  1.4336282600E+02  7.2004286031E-03  4.8961E-04  5.0253E-04  5.0253E-04  5.4880E-04  5.4880E-04  4.8961E-04  1.0222E-03  1.0371E-03  1.0371E-03  1.0222E-03
  1.4436282600E+02  7.3114871436E-03  4.9597E-04  5.0916E-04  5.0916E-04  5.5703E-04  5.5703E-04  4.9597E-04  1.0390E-03  1.0546E-03  1.0546E-03  1.0390E-03
  1.4536282600E+02  7.4162591475E-03  5.0188E-04  5.1524E-04  5.1524E-04  5.6480E-04  5.6480E-04  5.0188E-04  1.0550E-03  1.0712E-03  1.0712E-03  1.0550E-03
  1.4636282600E+02  7.5286882156E-03  5.0827E-04  5.2181E-04  5.2181E-04  5.7314E-04  5.7314E-04  5.0827E-04  1.0722E-03  1.0889E-03  1.0889E-03  1.0722E-03
  1.4736282600E+02  7.6547786367E-03  5.1554E-04  5.2932E-04  5.2932E-04  5.8249E-04  5.8249E-04  5.1554E-04  1.0913E-03  1.1087E-03  1.1087E-03  1.0913E-03
  1.4836282600E+02  7.7843232061E-03  5.2299E-04  5.3702E-04  5.3702E-04  5.9209E-04  5.9209E-04  5.2299E-04  1.1110E-03  1.1291E-03  1.1291E-03  1.1110E-03
  1.4936282600E+02  7.9172305712E-03  5.3061E-04  5.4490E-04  5.4490E-04  6.0194E-04  6.0194E-04  5.3061E-04  1.1312E-03  1.1500E-03  1.1500E-03  1.1312E-03
  1.5036282600E+02  8.0535923561E-03  5.3840E-04  5.5297E-04  5.5297E-04  6.1203E-04  6.1203E-04  5.3840E-04  1.1519E-03  1.1714E-03  1.1714E-03  1.1519E-03
  1.5136282600E+02  8.1941001971E-03  5.4639E-04  5.6127E-04  5.6127E-04  6.2242E-04  6.2242E-04  5.4639E-04  1.1734E-03  1.1936E-03  1.1936E-03  1.1734E-03
  1.5236282600E+02  8.3386083520E-03  5.5458E-04  5.6980E-04  5.6980E-04  6.3310E-04  6.3310E-04  5.5458E-04  1.1954E-03  1.2164E-03  1.2164E-03  1.1954E-03
  1.5336282600E+02  8.4843514642E-03  5.6281E-04  5.7835E-04  5.7835E-04  6.4387E-04  6.4387E-04  5.6281E-04  1.2176E-03  1.2395E-03  1.2395E-03  1.2176E-03
  1.5436282600E+02  8.6291552180E-03  5.7096E-04  5.8677E-04  5.8677E-04  6.5460E-04  6.5460E-04  5.7096E-04  1.2398E-03  1.2625E-03  1.2625E-03  1.2398E-03
  1.5536282600E+02  8.7728630502E-03  5.7900E-04  5.9503E-04  5.9503E-04  6.6527E-04  6.6527E-04  5.7900E-04  1.2618E-03  1.2853E-03  1.2853E-03  1.2618E-03
  1.5636282600E+02  8.9139627204E-03  5.8683E-04  6.0302E-04  6.0302E-04  6.7576E-04  6.7576E-04  5.8683E-04  1.2836E-03  1.3078E-03  1.3078E-03  1.2836E-03
  1.5736282600E+02  9.1366977436E-03  6.0066E-04  6.1685E-04  6.1685E-04  6.9228E-04  6.9228E-04  6.0066E-04  1.3169E-03  1.3417E-03  1.3417E-03  1.3169E-03
  1.5836282600E+02  9.3248479591E-03  6.1156E-04  6.2807E-04  6.2807E-04  7.0623E-04  7.0623E-04  6.1156E-04  1.3455E-03  1.3711E-03  1.3711E-03  1.3455E-03
  1.5936282600E+02  9.4937813700E-03  6.2087E-04  6.3784E-04  6.3784E-04  7.1872E-04  7.1872E-04  6.2087E-04  1.3714E-03  1.3981E-03  1.3981E-03  1.3714E-03
  1.6036282600E+02  9.6611732908E-03  6.2994E-04  6.4740E-04  6.4740E-04  7.3108E-04  7.3108E-04  6.2994E-04  1.3972E-03  1.4250E-03  1.4250E-03  1.3972E-03
  1.6136282600E+02  9.8299628292E-03  6.3897E-04  6.5695E-04  6.5695E-04  7.4354E-04  7.4354E-04  6.3897E-04  1.4232E-03  1.4523E-03  1.4523E-03  1.4232E-03
  1.6236282600E+02  1.0001037536E-02  6.4803E-04  6.6652E-04  6.6652E-04  7.5619E-04  7.5619E-04  6.4803E-04  1.4497E-03  1.4801E-03  1.4801E-03  1.4497E-03
  1.6336282600E+02  1.0129154285E-02  6.5377E-04  6.7285E-04  6.7285E-04  7.6567E-04  7.6567E-04  6.5377E-04  1.4703E-03  1.5020E-03  1.5020E-03  1.4703E-03
  1.6436282600E+02  1.0299545013E-02  6.6252E-04  6.8217E-04  6.8217E-04  7.7824E-04  7.7824E-04  6.6252E-04  1.4969E-03  1.5300E-03  1.5300E-03  1.4969E-03
  1.6536282600E+02  1.0478077899E-02  6.7174E-04  6.9195E-04  6.9195E-04  7.9142E-04  7.9142E-04  6.7174E-04  1.5247E-03  1.5593E-03  1.5593E-03  1.5247E-03
  1.6636282600E+02  1.0655856652E-02  6.8082E-04  7.0157E-04  7.0157E-04  8.0457E-04  8.0457E-04  6.8082E-04  1.5524E-03  1.5885E-03  1.5885E-03  1.5524E-03
  1.6736282600E+02  1.0825325475E-02  6.8929E-04  7.1045E-04  7.1045E-04  8.1716E-04  8.1716E-04  6.8929E-04  1.5791E-03  1.6166E-03  1.6166E-03  1.5791E-03
  1.6836282600E+02  1.0998238848E-02  6.9788E-04  7.1940E-04  7.1940E-04  8.3000E-04  8.3000E-04  6.9788E-04  1.6064E-03  1.6454E-03  1.6454E-03  1.6064E-03
  1.6936282600E+02  1.1174734263E-02  7.0657E-04  7.2839E-04  7.2839E-04  8.4308E-04  8.4308E-04  7.0657E-04  1.6344E-03  1.6749E-03  1.6749E-03  1.6344E-03
  1.7036282600E+02  1.1367500031E-02  7.1616E-04  7.3835E-04  7.3835E-04  8.5728E-04  8.5728E-04  7.1616E-04  1.6649E-03  1.7071E-03  1.7071E-03  1.6649E-03
  1.7136282600E+02  1.1564040803E-02  7.2585E-04  7.4840E-04  7.4840E-04  8.7173E-04  8.7173E-04  7.2585E-04  1.6960E-03  1.7400E-03  1.7400E-03  1.6960E-03
  1.7236282600E+02  1.1762468233E-02  7.3558E-04  7.5850E-04  7.5850E-04  8.8643E-04  8.8643E-04  7.3558E-04  1.7274E-03  1.7733E-03  1.7733E-03  1.7274E-03
  1.7336282600E+02  1.1959459013E-02  7.4519E-04  7.6838E-04  7.6838E-04  9.0110E-04  9.0110E-04  7.4519E-04  1.7587E-03  1.8063E-03  1.8063E-03  1.7587E-03
  1.7436282600E+02  1.2159281616E-02  7.5486E-04  7.7829E-04  7.7829E-04  9.1600E-04  9.1600E-04  7.5486E-04  1.7905E-03  1.8400E-03  1.8400E-03  1.7905E-03
  1.7536282600E+02  1.2363036553E-02  7.6466E-04  7.8828E-04  7.8828E-04  9.3121E-04  9.3121E-04  7.6466E-04  1.8230E-03  1.8744E-03  1.8744E-03  1.8230E-03
  1.7636282600E+02  1.2573806623E-02  7.7473E-04  7.9847E-04  7.9847E-04  9.4695E-04  9.4695E-04  7.7473E-04  1.8568E-03  1.9100E-03  1.9100E-03  1.8568E-03
  1.7736282600E+02  1.2780673856E-02  7.8443E-04  8.0820E-04  8.0820E-04  9.6243E-04  9.6243E-04  7.8443E-04  1.8901E-03  1.9452E-03  1.9452E-03  1.8901E-03
  1.7836282600E+02  1.2999803733E-02  7.9470E-04  8.1857E-04  8.1857E-04  9.7882E-04  9.7882E-04  7.9470E-04  1.9254E-03  1.9824E-03  1.9824E-03  1.9254E-03
  1.7936282600E+02  1.3237393252E-02  8.0588E-04  8.2999E-04  8.2999E-04  9.9658E-04  9.9658E-04  8.0588E-04  1.9635E-03  2.0228E-03  2.0228E-03  1.9635E-03
  1.8036282600E+02  1.3515109249E-02  8.1981E-04  8.4406E-04  8.4406E-04  1.0173E-03  1.0173E-03  8.1981E-04  2.0073E-03  2.0691E-03  2.0691E-03  2.0073E-03
  1.8136282600E+02  1.3817324508E-02  8.3525E-04  8.5966E-04  8.5966E-04  1.0398E-03  1.0398E-03  8.3525E-04  2.0549E-03  2.1190E-03  2.1190E-03  2.0549E-03
  1.8236282600E+02  1.4087721890E-02  8.4780E-04  8.7267E-04  8.7267E-04  1.0601E-03  1.0601E-03  8.4780E-04  2.0982E-03  2.1651E-03  2.1651E-03  2.0982E-03
  1.8336282600E+02  1.4359378774E-02  8.6000E-04  8.8542E-04  8.8542E-04  1.0805E-03  1.0805E-03  8.6000E-04  2.1419E-03  2.2119E-03  2.2119E-03  2.1419E-03
  1.8436282600E+02  1.4640525894E-02  8.7243E-04  8.9848E-04  8.9848E-04  1.1017E-03  1.1017E-03  8.7243E-04  2.1870E-03  2.2606E-03  2.2606E-03  2.1870E-03
  1.8536282600E+02  1.4930040945E-02  8.8502E-04  9.1170E-04  9.1170E-04  1.1237E-03  1.1237E-03  8.8502E-04  2.2337E-03  2.3110E-03  2.3110E-03  2.2337E-03
  1.8636282600E+02  1.5180233203E-02  8.9433E-04  9.2172E-04  9.2172E-04  1.1429E-03  1.1429E-03  8.9433E-04  2.2749E-03  2.3563E-03  2.3563E-03  2.2749E-03
  1.8736282600E+02  1.5464682314E-02  9.0584E-04  9.3389E-04  9.3389E-04  1.1646E-03  1.1646E-03  9.0584E-04  2.3212E-03  2.4069E-03  2.4069E-03  2.3212E-03
  1.8836282600E+02  1.5753670825E-02  9.1750E-04  9.4595E-04  9.4595E-04  1.1868E-03  1.1868E-03  9.1750E-04  2.3682E-03  2.4584E-03  2.4584E-03  2.3682E-03
  1.8936282600E+02  1.6059795120E-02  9.2978E-04  9.5866E-04  9.5866E-04  1.2105E-03  1.2105E-03  9.2978E-04  2.4180E-03  2.5130E-03  2.5130E-03  2.4180E-03
  1.9036282600E+02  1.6381727573E-02  9.4254E-04  9.7187E-04  9.7187E-04  1.2353E-03  1.2353E-03  9.4254E-04  2.4705E-03  2.5707E-03  2.5707E-03  2.4705E-03
  1.9136282600E+02  1.6704388336E-02  9.5498E-04  9.8462E-04  9.8462E-04  1.2606E-03  1.2606E-03  9.5498E-04  2.5230E-03  2.6290E-03  2.6290E-03  2.5230E-03
  1.9236282600E+02  1.7058781148E-02  9.6877E-04  9.9881E-04  9.9881E-04  1.2884E-03  1.2884E-03  9.6877E-04  2.5805E-03  2.6929E-03  2.6929E-03  2.5805E-03
  1.9336282600E+02  1.7434875506E-02  9.8318E-04  1.0137E-03  1.0137E-03  1.3180E-03  1.3180E-03  9.8318E-04  2.6416E-03  2.7610E-03  2.7610E-03  2.6416E-03
  1.9436282600E+02  1.7832087578E-02  9.9817E-04  1.0290E-03  1.0290E-03  1.3495E-03  1.3495E-03  9.9817E-04  2.7062E-03  2.8331E-03  2.8331E-03  2.7062E-03
  1.9536282600E+02  1.8250615402E-02  1.0137E-03  1.0450E-03  1.0450E-03  1.3829E-03  1.3829E-03  1.0137E-03  2.7744E-03  2.9093E-03  2.9093E-03  2.7744E-03
  1.9636282600E+02  1.8694941570E-02  1.0300E-03  1.0617E-03  1.0617E-03  1.4185E-03  1.4185E-03  1.0300E-03  2.8468E-03  2.9905E-03  2.9905E-03  2.8468E-03
  1.9736282600E+02  1.9185306095E-02  1.0478E-03  1.0802E-03  1.0802E-03  1.4578E-03  1.4578E-03  1.0478E-03  2.9266E-03  3.0802E-03  3.0802E-03  2.9266E-03
  1.9836282600E+02  1.9732307609E-02  1.0676E-03  1.1010E-03  1.1010E-03  1.5018E-03  1.5018E-03  1.0676E-03  3.0154E-03  3.1803E-03  3.1803E-03  3.0154E-03
  1.9936282600E+02  2.0343170383E-02  1.0896E-03  1.1244E-03  1.1244E-03  1.5510E-03  1.5510E-03  1.0896E-03  3.1142E-03  3.2924E-03  3.2924E-03  3.1142E-03
  2.0036282600E+02  2.1038946080E-02  1.1146E-03  1.1518E-03  1.1518E-03  1.6064E-03  1.6064E-03  1.1146E-03  3.2261E-03  3.4205E-03  3.4205E-03  3.2261E-03
  2.0136282600E+02  2.1879841643E-02  1.1456E-03  1.1861E-03  1.1861E-03  1.6732E-03  1.6732E-03  1.1456E-03  3.3602E-03  3.5748E-03  3.5748E-03  3.3602E-03
  2.0236282600E+02  2.2830706627E-02  1.1794E-03  1.2243E-03  1.2243E-03  1.7504E-03  1.7504E-03  1.1794E-03  3.5113E-03  3.7500E-03  3.7500E-03  3.5113E-03
  2.0336282600E+02  2.3947173505E-02  1.2215E-03  1.2696E-03  1.2696E-03  1.8420E-03  1.8420E-03  1.2215E-03  3.6886E-03  3.9518E-03  3.9518E-03  3.6886E-03
  2.0436282600E+02  2.5159696413E-02  1.2640E-03  1.3151E-03  1.3151E-03  1.9432E-03  1.9432E-03  1.2640E-03  3.8853E-03  4.1722E-03  4.1722E-03  3.8853E-03
  2.0536282600E+02  2.6634953564E-02  1.3154E-03  1.3714E-03  1.3714E-03  2.0646E-03  2.0646E-03  1.3154E-03  4.1265E-03  4.4395E-03  4.4395E-03  4.1265E-03
  2.0636282600E+02  2.9659467607E-02  1.4178E-03  1.4790E-03  1.4790E-03  2.3444E-03  2.3444E-03  1.4178E-03  4.6181E-03  4.9704E-03  4.9704E-03  4.6181E-03
  2.0736282600E+02  3.0791858549E-02  1.4649E-03  1.5251E-03  1.5251E-03  2.4149E-03  2.4149E-03  1.4649E-03  4.8107E-03  5.1804E-03  5.1804E-03  4.8107E-03
  2.0836282600E+02  3.1010166059E-02  1.4651E-03  1.5194E-03  1.5194E-03  2.4211E-03  2.4211E-03  1.4651E-03  4.8723E-03  5.2272E-03  5.2272E-03  4.8723E-03
  2.0936282600E+02  3.0980140267E-02  1.4456E-03  1.4912E-03  1.4912E-03  2.4145E-03  2.4145E-03  1.4456E-03  4.8696E-03  5.2691E-03  5.2691E-03  4.8696E-03
  2.1036282600E+02  3.1347273400E-02  1.4493E-03  1.4841E-03  1.4841E-03  2.4364E-03  2.4364E-03  1.4493E-03  4.9366E-03  5.3672E-03  5.3672E-03  4.9366E-03
  2.1136282600E+02  3.2099573896E-02  1.4667E-03  1.4936E-03  1.4936E-03  2.4903E-03  2.4903E-03  1.4666E-03  5.0665E-03  5.5327E-03  5.5327E-03  5.0665E-03
  2.1236282600E+02  3.2902245612E-02  1.4849E-03  1.5067E-03  1.5067E-03  2.5450E-03  2.5450E-03  1.4849E-03  5.2045E-03  5.7099E-03  5.7099E-03  5.2045E-03
  2.1336282600E+02  3.3995783408E-02  1.5138E-03  1.5307E-03  1.5307E-03  2.6155E-03  2.6155E-03  1.5138E-03  5.3934E-03  5.9445E-03  5.9445E-03  5.3934E-03
  2.1436282600E+02  3.4752411736E-02  1.5330E-03  1.5405E-03  1.5405E-03  2.6600E-03  2.6600E-03  1.5330E-03  5.5393E-03  6.1034E-03  6.1034E-03  5.5393E-03
  2.1536282600E+02  3.5537715764E-02  1.5523E-03  1.5444E-03  1.5444E-03  2.7101E-03  2.7101E-03  1.5523E-03  5.7011E-03  6.2610E-03  6.2610E-03  5.7011E-03
  2.1636282600E+02  3.6840256543E-02  1.5883E-03  1.5636E-03  1.5636E-03  2.7997E-03  2.7997E-03  1.5883E-03  5.9752E-03  6.4933E-03  6.4933E-03  5.9752E-03
  2.1736282600E+02  3.6956258182E-02  1.5879E-03  1.5492E-03  1.5492E-03  2.7819E-03  2.7819E-03  1.5879E-03  6.0570E-03  6.5022E-03  6.5022E-03  6.0570E-03
  2.1836282600E+02  3.3691610579E-02  1.4989E-03  1.4482E-03  1.4482E-03  2.4765E-03  2.4765E-03  1.4989E-03  5.5226E-03  5.8997E-03  5.8997E-03  5.5226E-03
  2.1936282600E+02  3.1283481031E-02  1.4470E-03  1.3776E-03  1.3776E-03  2.2444E-03  2.2444E-03  1.4470E-03  5.1332E-03  5.4396E-03  5.4396E-03  5.1332E-03
  2.2036282600E+02  2.8631818990E-02  1.3561E-03  1.2771E-03  1.2771E-03  2.0366E-03  2.0366E-03  1.3561E-03  4.7071E-03  4.9390E-03  4.9390E-03  4.7071E-03
  2.2136282600E+02  2.6671541489E-02  1.3068E-03  1.1938E-03  1.1938E-03  1.8860E-03  1.8860E-03  1.3068E-03  4.4487E-03  4.5005E-03  4.5005E-03  4.4487E-03
  2.2236282600E+02  2.6279102462E-02  1.3216E-03  1.1880E-03  1.1880E-03  1.8377E-03  1.8378E-03  1.3216E-03  4.4398E-03  4.3524E-03  4.3524E-03  4.4398E-03
  2.2336282600E+02  2.4866164795E-02  1.2815E-03  1.1344E-03  1.1344E-03  1.7149E-03  1.7149E-03  1.2815E-03  4.2182E-03  4.0840E-03  4.0840E-03  4.2182E-03
  2.2436282600E+02  2.5036203983E-02  1.3298E-03  1.1655E-03  1.1655E-03  1.7111E-03  1.7111E-03  1.3298E-03  4.2286E-03  4.0831E-03  4.0831E-03  4.2286E-03
  2.2536282600E+02  2.4029124474E-02  1.2895E-03  1.1048E-03  1.1048E-03  1.6248E-03  1.6248E-03  1.2895E-03  4.0741E-03  3.9213E-03  3.9213E-03  4.0741E-03
  2.2636282600E+02  2.3507704260E-02  1.2784E-03  1.0771E-03  1.0771E-03  1.5783E-03  1.5783E-03  1.2784E-03  4.0011E-03  3.8190E-03  3.8190E-03  4.0011E-03
  2.2736282600E+02  2.2949152411E-02  1.2592E-03  1.0467E-03  1.0467E-03  1.5353E-03  1.5353E-03  1.2592E-03  3.9566E-03  3.6767E-03  3.6767E-03  3.9566E-03
  2.2836282600E+02  2.1925002060E-02  1.2305E-03  1.0014E-03  1.0014E-03  1.4639E-03  1.4639E-03  1.2305E-03  3.8509E-03  3.4158E-03  3.4158E-03  3.8509E-03
  2.2936282600E+02  2.1523108014E-02  1.2160E-03  9.8570E-04  9.8570E-04  1.4347E-03  1.4347E-03  1.2160E-03  3.7596E-03  3.3655E-03  3.3655E-03  3.7596E-03
  2.3036282600E+02  2.2303458854E-02  1.2456E-03  1.0159E-03  1.0159E-03  1.4648E-03  1.4648E-03  1.2456E-03  3.8928E-03  3.5326E-03  3.5326E-03  3.8928E-03
  2.3136282600E+02  2.3346907290E-02  1.2943E-03  1.0623E-03  1.0623E-03  1.5066E-03  1.5066E-03  1.2943E-03  4.0749E-03  3.7354E-03  3.7354E-03  4.0749E-03
  2.3236282600E+02  2.4739379055E-02  1.3605E-03  1.1207E-03  1.1207E-03  1.5701E-03  1.5701E-03  1.3605E-03  4.3267E-03  3.9917E-03  3.9917E-03  4.3267E-03
  2.3336282600E+02  2.6834606846E-02  1.4571E-03  1.1995E-03  1.1995E-03  1.6732E-03  1.6732E-03  1.4571E-03  4.7043E-03  4.3831E-03  4.3831E-03  4.7043E-03
  2.3436282600E+02  3.1495796581E-02  1.6711E-03  1.3667E-03  1.3667E-03  1.9166E-03  1.9166E-03  1.6711E-03  5.6490E-03  5.1446E-03  5.1446E-03  5.6490E-03
  2.3536282600E+02  3.3391080939E-02  1.7621E-03  1.4698E-03  1.4698E-03  1.9516E-03  1.9516E-03  1.7621E-03  6.1793E-03  5.3327E-03  5.3327E-03  6.1793E-03
  2.3636282600E+02  3.2240597674E-02  1.6992E-03  1.4566E-03  1.4566E-03  1.8606E-03  1.8606E-03  1.6992E-03  6.0377E-03  5.0662E-03  5.0662E-03  6.0377E-03
  2.3736282600E+02  3.0738697929E-02  1.6168E-03  1.4391E-03  1.4391E-03  1.7677E-03  1.7677E-03  1.6168E-03  5.7389E-03  4.8068E-03  4.8068E-03  5.7389E-03
  2.3836282600E+02  3.0381114277E-02  1.5994E-03  1.4570E-03  1.4570E-03  1.7294E-03  1.7294E-03  1.5994E-03  5.6649E-03  4.7399E-03  4.7399E-03  5.6649E-03
  2.3936282600E+02  3.0641258109E-02  1.5995E-03  1.5011E-03  1.5011E-03  1.7257E-03  1.7257E-03  1.5995E-03  5.7076E-03  4.7868E-03  4.7868E-03  5.7076E-03
  2.4036282600E+02  3.0335114558E-02  1.5755E-03  1.5067E-03  1.5067E-03  1.6932E-03  1.6932E-03  1.5755E-03  5.6466E-03  4.7456E-03  4.7456E-03  5.6466E-03
  2.4136282600E+02  3.0385254304E-02  1.5715E-03  1.5338E-03  1.5338E-03  1.6874E-03  1.6874E-03  1.5715E-03  5.6555E-03  4.7444E-03  4.7444E-03  5.6555E-03
  2.4236282600E+02  3.0686879211E-02  1.5821E-03  1.5801E-03  1.5801E-03  1.6865E-03  1.6865E-03  1.5821E-03  5.7120E-03  4.7827E-03  4.7827E-03  5.7120E-03
  2.4336282600E+02  3.0214706278E-02  1.5600E-03  1.5754E-03  1.5754E-03  1.6301E-03  1.6301E-03  1.5600E-03  5.6520E-03  4.6898E-03  4.6898E-03  5.6520E-03
  2.4436282600E+02  3.0770993761E-02  1.5887E-03  1.6092E-03  1.6092E-03  1.6313E-03  1.6313E-03  1.5887E-03  5.7555E-03  4.8009E-03  4.8009E-03  5.7555E-03
  2.4536282600E+02  3.2267021757E-02  1.6473E-03  1.6953E-03  1.6953E-03  1.6968E-03  1.6968E-03  1.6473E-03  5.9991E-03  5.0951E-03  5.0951E-03  5.9991E-03
  2.4636282600E+02  3.4458898768E-02  1.7388E-03  1.8146E-03  1.8146E-03  1.7874E-03  1.7874E-03  1.7388E-03  6.3755E-03  5.5131E-03  5.5131E-03  6.3755E-03
  2.4736282600E+02  3.8546457095E-02  1.9440E-03  2.0366E-03  2.0366E-03  1.9046E-03  1.9046E-03  1.9440E-03  7.1066E-03  6.2815E-03  6.2815E-03  7.1066E-03
  2.4836282600E+02  4.0233881291E-02  1.9612E-03  2.1072E-03  2.1072E-03  1.9134E-03  1.9134E-03  1.9612E-03  7.4803E-03  6.6548E-03  6.6548E-03  7.4803E-03
  2.4936282600E+02  4.1418616301E-02  1.9847E-03  2.1368E-03  2.1368E-03  1.8946E-03  1.8946E-03  1.9847E-03  7.6984E-03  6.9948E-03  6.9948E-03  7.6984E-03
  2.5036282600E+02  4.2961422764E-02  2.0014E-03  2.1937E-03  2.1937E-03  1.8604E-03  1.8604E-03  2.0014E-03  7.9524E-03  7.4728E-03  7.4728E-03  7.9524E-03
  2.5136282600E+02  4.5572374219E-02  2.0837E-03  2.3030E-03  2.3030E-03  1.9084E-03  1.9084E-03  2.0837E-03  8.4042E-03  8.0868E-03  8.0868E-03  8.4042E-03
  2.5236282600E+02  4.7822926290E-02  2.1616E-03  2.3757E-03  2.3757E-03  1.9438E-03  1.9438E-03  2.1616E-03  8.8099E-03  8.6204E-03  8.6204E-03  8.8099E-03
  2.5336282600E+02  5.0526146349E-02  2.2607E-03  2.4721E-03  2.4721E-03  1.9629E-03  1.9629E-03  2.2607E-03  9.2573E-03  9.3101E-03  9.3101E-03  9.2573E-03
  2.5436282600E+02  5.1144243951E-02  2.2967E-03  2.4818E-03  2.4818E-03  1.9254E-03  1.9254E-03  2.2967E-03  9.3339E-03  9.5342E-03  9.5342E-03  9.3339E-03
  2.5536282600E+02  5.1173099606E-02  2.3117E-03  2.4778E-03  2.4778E-03  1.8765E-03  1.8765E-03  2.3117E-03  9.3542E-03  9.5664E-03  9.5664E-03  9.3542E-03
  2.5636282600E+02  5.1221866386E-02  2.3229E-03  2.5066E-03  2.5066E-03  1.8504E-03  1.8504E-03  2.3229E-03  9.3226E-03  9.6085E-03  9.6085E-03  9.3226E-03
  2.5736282600E+02  5.1357648047E-02  2.3372E-03  2.5430E-03  2.5430E-03  1.8462E-03  1.8462E-03  2.3372E-03  9.2783E-03  9.6741E-03  9.6741E-03  9.2783E-03
  2.5836282600E+02  5.3411486757E-02  2.4220E-03  2.6462E-03  2.6462E-03  1.8781E-03  1.8781E-03  2.4220E-03  9.5787E-03  1.0181E-02  1.0181E-02  9.5787E-03
  2.5936282600E+02  5.5191310566E-02  2.4339E-03  2.6942E-03  2.6942E-03  1.8693E-03  1.8693E-03  2.4339E-03  1.0078E-02  1.0520E-02  1.0520E-02  1.0078E-02
  2.6036282600E+02  6.0394528890E-02  2.5813E-03  2.8989E-03  2.8989E-03  1.9465E-03  1.9465E-03  2.5813E-03  1.1370E-02  1.1400E-02  1.1400E-02  1.1370E-02
  2.6136282600E+02  6.1459047095E-02  2.5600E-03  2.8836E-03  2.8836E-03  1.9843E-03  1.9843E-03  2.5600E-03  1.1803E-02  1.1499E-02  1.1499E-02  1.1803E-02
  2.6236282600E+02  5.8726239452E-02  2.3889E-03  2.6571E-03  2.6571E-03  1.9234E-03  1.9234E-03  2.3889E-03  1.1184E-02  1.1209E-02  1.1209E-02  1.1184E-02
  2.6336282600E+02  5.3689591632E-02  2.1562E-03  2.3564E-03  2.3564E-03  1.8084E-03  1.8084E-03  2.1562E-03  1.0129E-02  1.0395E-02  1.0395E-02  1.0129E-02
  2.6436282600E+02  4.9809597300E-02  1.9819E-03  2.1099E-03  2.1099E-03  1.6985E-03  1.6985E-03  1.9819E-03  9.5113E-03  9.6032E-03  9.6032E-03  9.5113E-03
  2.6536282600E+02  4.5846502048E-02  1.8467E-03  1.9147E-03  1.9147E-03  1.6148E-03  1.6148E-03  1.8467E-03  8.7779E-03  8.7691E-03  8.7691E-03  8.7779E-03
  2.6636282600E+02  4.2850949062E-02  1.7501E-03  1.7807E-03  1.7807E-03  1.5816E-03  1.5816E-03  1.7501E-03  8.1560E-03  8.1571E-03  8.1571E-03  8.1560E-03
  2.6736282600E+02  4.4457326889E-02  1.8605E-03  1.8047E-03  1.8047E-03  1.6525E-03  1.6525E-03  1.8605E-03  8.4956E-03  8.4154E-03  8.4154E-03  8.4956E-03
  2.6836282600E+02  4.4149187090E-02  1.8604E-03  1.7526E-03  1.7526E-03  1.6291E-03  1.6291E-03  1.8604E-03  8.5128E-03  8.3197E-03  8.3197E-03  8.5128E-03
  2.6936282600E+02  4.4570142397E-02  1.8871E-03  1.6989E-03  1.6989E-03  1.5941E-03  1.5941E-03  1.8871E-03  8.6573E-03  8.4476E-03  8.4476E-03  8.6573E-03
  2.7036282600E+02  4.3188516025E-02  1.8027E-03  1.6261E-03  1.6261E-03  1.5323E-03  1.5323E-03  1.8027E-03  8.4424E-03  8.1908E-03  8.1908E-03  8.4424E-03
  2.7136282600E+02  4.2912909993E-02  1.8031E-03  1.6278E-03  1.6278E-03  1.5571E-03  1.5571E-03  1.8031E-03  8.4039E-03  8.0645E-03  8.0645E-03  8.4039E-03
  2.7236282600E+02  4.1845569362E-02  1.7540E-03  1.5858E-03  1.5858E-03  1.5593E-03  1.5593E-03  1.7540E-03  8.2678E-03  7.7559E-03  7.7559E-03  8.2678E-03
  2.7336282600E+02  3.9778810302E-02  1.6932E-03  1.4580E-03  1.4580E-03  1.4709E-03  1.4709E-03  1.6932E-03  7.9694E-03  7.2979E-03  7.2979E-03  7.9694E-03
  2.7436282600E+02  3.8470263235E-02  1.6760E-03  1.3523E-03  1.3523E-03  1.4058E-03  1.4058E-03  1.6760E-03  7.7656E-03  7.0355E-03  7.0355E-03  7.7656E-03
  2.7536282600E+02  3.7774506290E-02  1.6806E-03  1.2916E-03  1.2916E-03  1.3688E-03  1.3688E-03  1.6806E-03  7.6615E-03  6.8848E-03  6.8848E-03  7.6615E-03
  2.7636282600E+02  3.7807985309E-02  1.6817E-03  1.2563E-03  1.2563E-03  1.2900E-03  1.2900E-03  1.6817E-03  7.7442E-03  6.9318E-03  6.9318E-03  7.7442E-03
  2.7736282600E+02  3.5726967310E-02  1.5556E-03  1.1887E-03  1.1887E-03  1.1873E-03  1.1873E-03  1.5556E-03  7.3451E-03  6.5869E-03  6.5869E-03  7.3451E-03
  2.7836282600E+02  3.3439897937E-02  1.4092E-03  1.1298E-03  1.1298E-03  1.0918E-03  1.0918E-03  1.4092E-03  6.8537E-03  6.2353E-03  6.2353E-03  6.8537E-03
  2.7936282600E+02  3.5076510209E-02  1.4670E-03  1.2710E-03  1.2710E-03  1.1395E-03  1.1395E-03  1.4670E-03  7.1294E-03  6.5312E-03  6.5312E-03  7.1294E-03
  2.8036282600E+02  3.6142952774E-02  1.5484E-03  1.4154E-03  1.4154E-03  1.2404E-03  1.2404E-03  1.5484E-03  7.2265E-03  6.6408E-03  6.6408E-03  7.2265E-03
  2.8136282600E+02  3.4422563170E-02  1.4988E-03  1.3984E-03  1.3984E-03  1.2198E-03  1.2198E-03  1.4988E-03  6.8199E-03  6.2744E-03  6.2744E-03  6.8199E-03
  2.8236282600E+02  3.5483152231E-02  1.5603E-03  1.5116E-03  1.5116E-03  1.2612E-03  1.2612E-03  1.5603E-03  6.9858E-03  6.4228E-03  6.4228E-03  6.9858E-03
  2.8336282600E+02  3.5647546547E-02  1.6540E-03  1.6323E-03  1.6323E-03  1.3388E-03  1.3388E-03  1.6540E-03  6.8844E-03  6.3142E-03  6.3142E-03  6.8844E-03
  2.8436282600E+02  3.7768061245E-02  1.7877E-03  1.8042E-03  1.8042E-03  1.4696E-03  1.4696E-03  1.7877E-03  7.2152E-03  6.6074E-03  6.6074E-03  7.2152E-03
  2.8536282600E+02  4.1275417800E-02  1.9527E-03  2.0199E-03  2.0199E-03  1.6441E-03  1.6441E-03  1.9527E-03  7.8236E-03  7.1975E-03  7.1975E-03  7.8236E-03
  2.8636282600E+02  5.2754538453E-02  2.4702E-03  2.5453E-03  2.5453E-03  2.0775E-03  2.0775E-03  2.4702E-03  9.9000E-03  9.3843E-03  9.3843E-03  9.9000E-03
  2.8736282600E+02  6.1374394204E-02  2.7667E-03  2.9304E-03  2.9304E-03  2.5013E-03  2.5013E-03  2.7667E-03  1.1350E-02  1.1139E-02  1.1139E-02  1.1350E-02
  2.8836282600E+02  6.8268094900E-02  3.0656E-03  3.1998E-03  3.1998E-03  2.8724E-03  2.8724E-03  3.0656E-03  1.2320E-02  1.2676E-02  1.2676E-02  1.2320E-02
  2.8936282600E+02  6.7464916068E-02  3.0602E-03  3.1479E-03  3.1479E-03  2.9226E-03  2.9226E-03  3.0602E-03  1.1917E-02  1.2685E-02  1.2685E-02  1.1917E-02
  2.9036282600E+02  6.1539780039E-02  2.8498E-03  2.8670E-03  2.8670E-03  2.7592E-03  2.7592E-03  2.8498E-03  1.0667E-02  1.1627E-02  1.1627E-02  1.0667E-02
  2.9136282600E+02  5.5664268648E-02  2.5895E-03  2.5525E-03  2.5525E-03  2.5689E-03  2.5689E-03  2.5895E-03  9.6039E-03  1.0517E-02  1.0517E-02  9.6039E-03
  2.9236282600E+02  5.0947329076E-02  2.3727E-03  2.3263E-03  2.3263E-03  2.4268E-03  2.4268E-03  2.3727E-03  8.8075E-03  9.5404E-03  9.5404E-03  8.8075E-03
  2.9336282600E+02  4.7056291265E-02  2.1699E-03  2.0993E-03  2.0993E-03  2.2427E-03  2.2427E-03  2.1699E-03  8.1918E-03  8.8244E-03  8.8244E-03  8.1918E-03
  2.9436282600E+02  4.4591572071E-02  1.9910E-03  1.9266E-03  1.9266E-03  2.1631E-03  2.1631E-03  1.9910E-03  7.8789E-03  8.3362E-03  8.3362E-03  7.8789E-03
  2.9536282600E+02  4.3682409678E-02  1.9236E-03  1.9048E-03  1.9048E-03  2.1590E-03  2.1590E-03  1.9236E-03  7.8907E-03  7.9631E-03  7.9631E-03  7.8907E-03
  2.9636282600E+02  4.5367228880E-02  1.9856E-03  1.9646E-03  1.9646E-03  2.2254E-03  2.2254E-03  1.9856E-03  8.3033E-03  8.2047E-03  8.2047E-03  8.3033E-03
  2.9736282600E+02  5.0870630522E-02  2.2387E-03  2.2284E-03  2.2284E-03  2.4681E-03  2.4681E-03  2.2387E-03  9.3857E-03  9.1145E-03  9.1145E-03  9.3857E-03
  2.9836282600E+02  5.6286891746E-02  2.4504E-03  2.4772E-03  2.4772E-03  2.8222E-03  2.8222E-03  2.4504E-03  1.0378E-02  1.0016E-02  1.0016E-02  1.0378E-02
  2.9936282600E+02  5.8858941414E-02  2.5257E-03  2.6086E-03  2.6086E-03  3.0631E-03  3.0631E-03  2.5257E-03  1.0774E-02  1.0458E-02  1.0458E-02  1.0774E-02
  3.0036282600E+02  6.0911902762E-02  2.5928E-03  2.7437E-03  2.7437E-03  3.2783E-03  3.2783E-03  2.5928E-03  1.1020E-02  1.0821E-02  1.0821E-02  1.1020E-02
  3.0136282600E+02  6.1369044822E-02  2.6234E-03  2.7792E-03  2.7792E-03  3.4231E-03  3.4231E-03  2.6234E-03  1.0896E-02  1.0963E-02  1.0963E-02  1.0896E-02
  3.0236282600E+02  6.2116323216E-02  2.6386E-03  2.8295E-03  2.8295E-03  3.6642E-03  3.6642E-03  2.6386E-03  1.0844E-02  1.1082E-02  1.1082E-02  1.0844E-02
  3.0336282600E+02  5.8381239926E-02  2.5046E-03  2.6689E-03  2.6689E-03  3.5543E-03  3.5543E-03  2.5046E-03  1.0288E-02  1.0175E-02  1.0175E-02  1.0288E-02
  3.0436282600E+02  6.0135653969E-02  2.5417E-03  2.6441E-03  2.6441E-03  3.7718E-03  3.7718E-03  2.5417E-03  1.0972E-02  1.0138E-02  1.0138E-02  1.0972E-02
  3.0536282600E+02  5.9047700196E-02  2.5534E-03  2.6356E-03  2.6356E-03  3.7585E-03  3.7585E-03  2.5534E-03  1.0605E-02  9.9712E-03  9.9712E-03  1.0605E-02
  3.0636282600E+02  5.9765354164E-02  2.6124E-03  2.6913E-03  2.6913E-03  3.8304E-03  3.8304E-03  2.6124E-03  1.0428E-02  1.0320E-02  1.0320E-02  1.0428E-02
  3.0736282600E+02  5.8517953945E-02  2.5768E-03  2.6800E-03  2.6800E-03  3.7936E-03  3.7936E-03  2.5768E-03  9.9276E-03  1.0281E-02  1.0281E-02  9.9276E-03
  3.0836282600E+02  5.2885518168E-02  2.4479E-03  2.5578E-03  2.5578E-03  3.6899E-03  3.6899E-03  2.4479E-03  8.7952E-03  8.9520E-03  8.9520E-03  8.7952E-03
  3.0936282600E+02  4.9618941074E-02  2.3819E-03  2.4915E-03  2.4915E-03  3.5002E-03  3.5002E-03  2.3819E-03  8.0548E-03  8.3811E-03  8.3811E-03  8.0548E-03
  3.1036282600E+02  4.4948456893E-02  2.1950E-03  2.3092E-03  2.3092E-03  3.1055E-03  3.1055E-03  2.1950E-03  7.2419E-03  7.6227E-03  7.6227E-03  7.2419E-03
  3.1136282600E+02  3.9345106290E-02  1.9754E-03  2.0844E-03  2.0844E-03  2.5490E-03  2.5490E-03  1.9754E-03  6.3180E-03  6.7458E-03  6.7458E-03  6.3180E-03
  3.1236282600E+02  3.6404342311E-02  1.8632E-03  1.9692E-03  1.9692E-03  2.3221E-03  2.3221E-03  1.8632E-03  5.8034E-03  6.2443E-03  6.2443E-03  5.8034E-03
  3.1336282600E+02  3.3920859178E-02  1.7677E-03  1.8697E-03  1.8697E-03  2.1336E-03  2.1336E-03  1.7677E-03  5.3771E-03  5.8124E-03  5.8124E-03  5.3771E-03
  3.1436282600E+02  3.2232829010E-02  1.7075E-03  1.8097E-03  1.8097E-03  2.0253E-03  2.0253E-03  1.7075E-03  5.0852E-03  5.4888E-03  5.4888E-03  5.0852E-03
  3.1536282600E+02  3.0523418248E-02  1.6515E-03  1.7564E-03  1.7564E-03  1.9347E-03  1.9347E-03  1.6515E-03  4.7696E-03  5.1494E-03  5.1494E-03  4.7696E-03
  3.1636282600E+02  2.8589336337E-02  1.6004E-03  1.7061E-03  1.7061E-03  1.8693E-03  1.8693E-03  1.6004E-03  4.3835E-03  4.7353E-03  4.7353E-03  4.3835E-03
  3.1736282600E+02  2.6436289890E-02  1.5357E-03  1.6434E-03  1.6434E-03  1.7724E-03  1.7724E-03  1.5357E-03  3.9814E-03  4.2852E-03  4.2852E-03  3.9814E-03
  3.1836282600E+02  2.5315820937E-02  1.5099E-03  1.6232E-03  1.6232E-03  1.7047E-03  1.7047E-03  1.5099E-03  3.7686E-03  4.0515E-03  4.0515E-03  3.7686E-03
  3.1936282600E+02  2.3984321786E-02  1.4563E-03  1.5710E-03  1.5710E-03  1.6138E-03  1.6138E-03  1.4563E-03  3.5596E-03  3.7915E-03  3.7915E-03  3.5596E-03
  3.2036282600E+02  2.2565417975E-02  1.3745E-03  1.4960E-03  1.4960E-03  1.5204E-03  1.5204E-03  1.3745E-03  3.3543E-03  3.5375E-03  3.5375E-03  3.3543E-03
  3.2136282600E+02  2.1277810263E-02  1.2892E-03  1.4194E-03  1.4194E-03  1.4248E-03  1.4248E-03  1.2892E-03  3.1808E-03  3.3248E-03  3.3248E-03  3.1808E-03
  3.2236282600E+02  2.0454937955E-02  1.2129E-03  1.3392E-03  1.3392E-03  1.3293E-03  1.3293E-03  1.2129E-03  3.1174E-03  3.2286E-03  3.2286E-03  3.1174E-03
  3.2336282600E+02  1.9408737548E-02  1.1558E-03  1.2782E-03  1.2782E-03  1.2429E-03  1.2429E-03  1.1558E-03  2.9619E-03  3.0655E-03  3.0655E-03  2.9619E-03
  3.2436282600E+02  1.8072051352E-02  1.1151E-03  1.2314E-03  1.2314E-03  1.1547E-03  1.1547E-03  1.1151E-03  2.7180E-03  2.8168E-03  2.8168E-03  2.7180E-03
  3.2536282600E+02  1.7576301088E-02  1.1256E-03  1.2265E-03  1.2265E-03  1.1082E-03  1.1082E-03  1.1256E-03  2.6121E-03  2.7158E-03  2.7158E-03  2.6121E-03
  3.2636282600E+02  1.5567035127E-02  1.0197E-03  1.1069E-03  1.1069E-03  9.7998E-04  9.7998E-04  1.0197E-03  2.2833E-03  2.3936E-03  2.3936E-03  2.2833E-03
  3.2736282600E+02  1.3728391234E-02  8.9265E-04  9.6612E-04  9.6612E-04  8.8900E-04  8.8900E-04  8.9265E-04  2.0027E-03  2.1138E-03  2.1138E-03  2.0027E-03
  3.2836282600E+02  1.3171257026E-02  9.1691E-04  9.2424E-04  9.2424E-04  8.9152E-04  8.9152E-04  9.1691E-04  1.8785E-03  1.9745E-03  1.9745E-03  1.8785E-03
  3.2936282600E+02  1.5198520968E-02  1.1910E-03  1.1470E-03  1.1470E-03  1.0407E-03  1.0407E-03  1.1910E-03  2.0494E-03  2.1713E-03  2.1713E-03  2.0494E-03
  3.3036282600E+02  2.0478406686E-02  1.8523E-03  1.7864E-03  1.7864E-03  1.3840E-03  1.3840E-03  1.8523E-03  2.4763E-03  2.7402E-03  2.7402E-03  2.4763E-03
  3.3136282600E+02  2.7835295693E-02  2.7911E-03  2.6175E-03  2.6175E-03  1.7316E-03  1.7316E-03  2.7911E-03  3.2107E-03  3.5667E-03  3.5667E-03  3.2107E-03
  3.3236282600E+02  3.4199755360E-02  3.7158E-03  3.3984E-03  3.3984E-03  1.9550E-03  1.9550E-03  3.7158E-03  3.8004E-03  4.2303E-03  4.2303E-03  3.8004E-03
  3.3336282600E+02  4.2040492598E-02  4.7621E-03  4.3353E-03  4.3353E-03  2.2041E-03  2.2041E-03  4.7621E-03  4.6242E-03  5.0946E-03  5.0946E-03  4.6242E-03
  3.3436282600E+02  4.4686835409E-02  5.0997E-03  4.7308E-03  4.7308E-03  2.2428E-03  2.2428E-03  5.0997E-03  4.9016E-03  5.3686E-03  5.3686E-03  4.9016E-03
  3.3536282600E+02  4.5365967271E-02  5.1329E-03  4.8328E-03  4.8328E-03  2.2689E-03  2.2689E-03  5.1329E-03  5.0159E-03  5.4326E-03  5.4326E-03  5.0159E-03
  3.3636282600E+02  4.6279130821E-02  5.2015E-03  5.0248E-03  5.0248E-03  2.3148E-03  2.3148E-03  5.2015E-03  5.1439E-03  5.4546E-03  5.4546E-03  5.1439E-03
  3.3736282600E+02  4.9205840857E-02  5.4802E-03  5.4484E-03  5.4484E-03  2.4510E-03  2.4510E-03  5.4802E-03  5.4787E-03  5.7446E-03  5.7446E-03  5.4787E-03
  3.3836282600E+02  5.0549394794E-02  5.5826E-03  5.5973E-03  5.5973E-03  2.5781E-03  2.5781E-03  5.5826E-03  5.7255E-03  5.7911E-03  5.7911E-03  5.7255E-03
  3.3936282600E+02  5.2662795820E-02  5.7906E-03  5.7455E-03  5.7455E-03  2.7189E-03  2.7189E-03  5.7906E-03  6.0968E-03  5.9796E-03  5.9796E-03  6.0968E-03
  3.4036282600E+02  5.1655666389E-02  5.6366E-03  5.4105E-03  5.4105E-03  2.7492E-03  2.7492E-03  5.6366E-03  6.1164E-03  5.9152E-03  5.9152E-03  6.1164E-03
  3.4136282600E+02  5.1050127062E-02  5.3937E-03  5.2213E-03  5.2213E-03  2.7985E-03  2.7985E-03  5.3937E-03  6.2277E-03  5.8838E-03  5.8838E-03  6.2277E-03
  3.4236282600E+02  5.3034703946E-02  5.4278E-03  5.4507E-03  5.4507E-03  2.9324E-03  2.9324E-03  5.4278E-03  6.6365E-03  6.0699E-03  6.0699E-03  6.6365E-03
  3.4336282600E+02  5.3410441863E-02  5.3752E-03  5.6220E-03  5.6220E-03  2.9671E-03  2.9671E-03  5.3752E-03  6.7445E-03  5.9965E-03  5.9965E-03  6.7445E-03
  3.4436282600E+02  5.3046381154E-02  5.4257E-03  5.7188E-03  5.7188E-03  2.9375E-03  2.9375E-03  5.4257E-03  6.6434E-03  5.7977E-03  5.7977E-03  6.6434E-03
  3.4536282600E+02  5.3627925335E-02  5.6771E-03  5.8903E-03  5.8903E-03  2.9287E-03  2.9287E-03  5.6771E-03  6.5581E-03  5.7598E-03  5.7598E-03  6.5581E-03
  3.4636282600E+02  5.3616684802E-02  5.8341E-03  5.9540E-03  5.9540E-03  2.9325E-03  2.9325E-03  5.8341E-03  6.3678E-03  5.7199E-03  5.7199E-03  6.3678E-03
  3.4736282600E+02  5.3386827937E-02  5.9449E-03  5.9822E-03  5.9822E-03  2.9748E-03  2.9748E-03  5.9449E-03  6.1568E-03  5.6347E-03  5.6347E-03  6.1568E-03
  3.4836282600E+02  5.5847929028E-02  6.2395E-03  6.1343E-03  6.1343E-03  3.0859E-03  3.0859E-03  6.2395E-03  6.4152E-03  6.0490E-03  6.0490E-03  6.4152E-03
  3.4936282600E+02  5.9154723440E-02  6.8620E-03  6.4876E-03  6.4876E-03  3.2654E-03  3.2654E-03  6.8620E-03  6.5817E-03  6.3806E-03  6.3806E-03  6.5817E-03
  3.5036282600E+02  6.0354192237E-02  7.0529E-03  6.5466E-03  6.5466E-03  3.3236E-03  3.3236E-03  7.0529E-03  6.6113E-03  6.6427E-03  6.6427E-03  6.6113E-03
  3.5136282600E+02  7.2097600491E-02  9.7917E-03  7.5146E-03  7.5146E-03  4.2586E-03  4.2586E-03  9.7917E-03  7.0176E-03  7.4662E-03  7.4662E-03  7.0176E-03
  3.5236282600E+02  9.4096892591E-02  1.3864E-02  9.6237E-03  9.6237E-03  5.9758E-03  5.9758E-03  1.3864E-02  8.3503E-03  9.2344E-03  9.2344E-03  8.3503E-03
  3.5336282600E+02  9.7365297858E-02  1.4439E-02  9.8184E-03  9.8184E-03  6.0912E-03  6.0912E-03  1.4439E-02  8.5690E-03  9.7650E-03  9.7650E-03  8.5690E-03
  3.5436282600E+02  9.1771428180E-02  1.3659E-02  9.2210E-03  9.2210E-03  5.5177E-03  5.5177E-03  1.3659E-02  8.1418E-03  9.3466E-03  9.3466E-03  8.1418E-03
  3.5536282600E+02  8.3574254405E-02  1.2526E-02  8.6441E-03  8.6441E-03  4.7777E-03  4.7777E-03  1.2526E-02  7.4663E-03  8.3729E-03  8.3729E-03  7.4663E-03
  3.5636282600E+02  7.3891667320E-02  1.0919E-02  7.6790E-03  7.6790E-03  4.1294E-03  4.1294E-03  1.0919E-02  6.8327E-03  7.3858E-03  7.3858E-03  6.8327E-03
  3.5736282600E+02  7.3791990116E-02  1.0443E-02  7.5164E-03  7.5164E-03  4.2926E-03  4.2926E-03  1.0443E-02  7.1622E-03  7.4815E-03  7.4815E-03  7.1622E-03
  3.5836282600E+02  7.7038486080E-02  1.0733E-02  8.0460E-03  8.0460E-03  4.5875E-03  4.5875E-03  1.0733E-02  7.5636E-03  7.5888E-03  7.5888E-03  7.5636E-03
  3.5936282600E+02  7.7050402879E-02  1.0505E-02  7.9851E-03  7.9851E-03  4.7025E-03  4.7025E-03  1.0505E-02  7.6203E-03  7.7128E-03  7.7128E-03  7.6203E-03
  3.6036282600E+02  7.7524653668E-02  1.0264E-02  7.9978E-03  7.9978E-03  5.0003E-03  5.0003E-03  1.0264E-02  7.6603E-03  7.8401E-03  7.8401E-03  7.6603E-03
  3.6136282600E+02  7.7866187240E-02  9.8493E-03  8.1385E-03  8.1385E-03  5.2668E-03  5.2668E-03  9.8493E-03  7.7873E-03  7.8912E-03  7.8912E-03  7.7873E-03
  3.6236282600E+02  7.9409014814E-02  9.5092E-03  8.4278E-03  8.4278E-03  5.4088E-03  5.4088E-03  9.5092E-03  8.1549E-03  8.2039E-03  8.2039E-03  8.1549E-03
  3.6336282600E+02  8.0332762761E-02  9.3466E-03  8.7579E-03  8.7579E-03  5.2997E-03  5.2998E-03  9.3466E-03  8.3154E-03  8.4468E-03  8.4468E-03  8.3154E-03
  3.6436282600E+02  7.4340400264E-02  8.3721E-03  8.3870E-03  8.3869E-03  4.7411E-03  4.7411E-03  8.3721E-03  7.7196E-03  7.9505E-03  7.9504E-03  7.7196E-03
  3.6536282600E+02  7.2494132274E-02  7.9017E-03  7.9849E-03  7.9849E-03  4.6803E-03  4.6803E-03  7.9017E-03  7.6757E-03  8.0045E-03  8.0044E-03  7.6756E-03
  3.6636282600E+02  7.0116764016E-02  7.6281E-03  7.4996E-03  7.4996E-03  4.5567E-03  4.5567E-03  7.6281E-03  7.4849E-03  7.8891E-03  7.8891E-03  7.4849E-03
  3.6736282600E+02  6.9817042813E-02  7.5334E-03  7.4082E-03  7.4082E-03  4.7263E-03  4.7264E-03  7.5334E-03  7.4206E-03  7.8201E-03  7.8200E-03  7.4205E-03
  3.6836282600E+02  7.2053366628E-02  7.7313E-03  7.5558E-03  7.5557E-03  5.0301E-03  5.0302E-03  7.7313E-03  7.5812E-03  8.1283E-03  8.1283E-03  7.5812E-03
  3.6936282600E+02  7.6802464955E-02  8.1984E-03  7.9321E-03  7.9321E-03  5.4337E-03  5.4337E-03  8.1984E-03  7.9998E-03  8.8373E-03  8.8373E-03  7.9997E-03
  3.7036282600E+02  7.9636620768E-02  8.4699E-03  8.1815E-03  8.1815E-03  5.8734E-03  5.8735E-03  8.4700E-03  8.2014E-03  9.0920E-03  9.0920E-03  8.2014E-03
  3.7136282600E+02  8.0970068411E-02  8.5506E-03  8.2480E-03  8.2480E-03  6.1737E-03  6.1738E-03  8.5506E-03  8.2765E-03  9.2362E-03  9.2362E-03  8.2765E-03
  3.7236282600E+02  7.9412836460E-02  8.2601E-03  8.1959E-03  8.1959E-03  6.3949E-03  6.3949E-03  8.2601E-03  8.1213E-03  8.7343E-03  8.7343E-03  8.1213E-03
  3.7336282600E+02  8.0797089314E-02  8.2378E-03  8.8593E-03  8.8593E-03  6.9306E-03  6.9306E-03  8.2377E-03  7.9955E-03  8.3753E-03  8.3754E-03  7.9956E-03
  3.7436282600E+02  8.0451943974E-02  7.6464E-03  8.8598E-03  8.8599E-03  7.3396E-03  7.3396E-03  7.6464E-03  8.0437E-03  8.3364E-03  8.3364E-03  8.0438E-03
  3.7536282600E+02  7.8174808239E-02  6.9414E-03  8.5937E-03  8.5937E-03  7.6407E-03  7.6406E-03  6.9413E-03  7.8473E-03  8.0644E-03  8.0644E-03  7.8474E-03
  3.7636282600E+02  7.7408300832E-02  6.4947E-03  8.1331E-03  8.1332E-03  8.3302E-03  8.3301E-03  6.4947E-03  7.8868E-03  7.8593E-03  7.8593E-03  7.8869E-03
  3.7736282600E+02  7.7529930400E-02  6.3403E-03  7.7769E-03  7.7769E-03  9.0067E-03  9.0066E-03  6.3402E-03  7.9336E-03  7.7076E-03  7.7076E-03  7.9336E-03
  3.7836282600E+02  8.1807685615E-02  6.4438E-03  7.9304E-03  7.9304E-03  9.7366E-03  9.7366E-03  6.4438E-03  8.5313E-03  8.2618E-03  8.2618E-03  8.5313E-03
  3.7936282600E+02  7.5330099266E-02  5.8693E-03  7.2588E-03  7.2588E-03  9.1317E-03  9.1317E-03  5.8692E-03  7.7387E-03  7.6666E-03  7.6666E-03  7.7387E-03
  3.8036282600E+02  7.4110444811E-02  5.7656E-03  6.9378E-03  6.9378E-03  9.0582E-03  9.0582E-03  5.7656E-03  7.5822E-03  7.7113E-03  7.7113E-03  7.5823E-03
  3.8136282600E+02  7.6600677547E-02  5.9578E-03  6.8972E-03  6.8972E-03  9.4417E-03  9.4417E-03  5.9578E-03  7.8606E-03  8.1430E-03  8.1430E-03  7.8606E-03
  3.8236282600E+02  8.7149120092E-02  6.5534E-03  7.7300E-03  7.7300E-03  1.1065E-02  1.1065E-02  6.5534E-03  8.8306E-03  9.3956E-03  9.3956E-03  8.8306E-03
  3.8336282600E+02  9.0509150723E-02  6.7825E-03  7.9437E-03  7.9437E-03  1.1593E-02  1.1593E-02  6.7825E-03  9.3225E-03  9.6125E-03  9.6125E-03  9.3225E-03
  3.8436282600E+02  9.8059956818E-02  7.3213E-03  8.5957E-03  8.5957E-03  1.2611E-02  1.2611E-02  7.3213E-03  1.0385E-02  1.0118E-02  1.0118E-02  1.0385E-02
  3.8536282600E+02  1.0225559012E-01  7.4385E-03  9.3175E-03  9.3175E-03  1.3363E-02  1.3363E-02  7.4385E-03  1.0649E-02  1.0360E-02  1.0360E-02  1.0649E-02
  3.8636282600E+02  9.3470058510E-02  6.9482E-03  8.3798E-03  8.3798E-03  1.2229E-02  1.2229E-02  6.9482E-03  9.6889E-03  9.4886E-03  9.4886E-03  9.6889E-03
  3.8736282600E+02  9.2055079777E-02  6.5903E-03  8.1458E-03  8.1458E-03  1.2219E-02  1.2219E-02  6.5903E-03  9.5211E-03  9.5513E-03  9.5513E-03  9.5211E-03
  3.8836282600E+02  1.0086756906E-01  6.7402E-03  8.7771E-03  8.7771E-03  1.3757E-02  1.3757E-02  6.7402E-03  1.0481E-02  1.0678E-02  1.0678E-02  1.0481E-02
  3.8936282600E+02  8.8137173861E-02  5.7241E-03  7.7759E-03  7.7759E-03  1.1488E-02  1.1488E-02  5.7241E-03  9.5325E-03  9.5477E-03  9.5477E-03  9.5325E-03
  3.9036282600E+02  8.0957900254E-02  5.2930E-03  7.1568E-03  7.1568E-03  9.9309E-03  9.9309E-03  5.2930E-03  9.2123E-03  8.8860E-03  8.8860E-03  9.2123E-03
  3.9136282600E+02  8.1057017223E-02  5.3095E-03  7.3116E-03  7.3116E-03  9.4022E-03  9.4022E-03  5.3095E-03  9.4823E-03  9.0230E-03  9.0230E-03  9.4823E-03
  3.9236282600E+02  7.3950552458E-02  4.7004E-03  6.5282E-03  6.5282E-03  8.3078E-03  8.3078E-03  4.7004E-03  8.9692E-03  8.4697E-03  8.4697E-03  8.9692E-03
  3.9336282600E+02  6.2786139398E-02  3.9861E-03  5.4027E-03  5.4027E-03  7.0087E-03  7.0087E-03  3.9861E-03  7.7626E-03  7.2329E-03  7.2329E-03  7.7626E-03
  3.9436282600E+02  5.5723102529E-02  3.7478E-03  4.9444E-03  4.9444E-03  6.3687E-03  6.3687E-03  3.7478E-03  6.6777E-03  6.1229E-03  6.1229E-03  6.6777E-03
  3.9536282600E+02  5.4346686606E-02  3.7159E-03  4.7970E-03  4.7969E-03  6.1591E-03  6.1591E-03  3.7159E-03  6.5016E-03  5.9997E-03  5.9997E-03  6.5016E-03
  3.9636282600E+02  5.6593201063E-02  3.8775E-03  4.8250E-03  4.8250E-03  6.3400E-03  6.3400E-03  3.8775E-03  6.8529E-03  6.4012E-03  6.4012E-03  6.8529E-03
  3.9736282600E+02  6.1337703735E-02  4.2016E-03  5.1983E-03  5.1983E-03  6.7755E-03  6.7755E-03  4.2016E-03  7.4522E-03  7.0413E-03  7.0413E-03  7.4522E-03
  3.9836282600E+02  7.9328067027E-02  5.2599E-03  6.9293E-03  6.9293E-03  8.5279E-03  8.5279E-03  5.2599E-03  9.6426E-03  9.3044E-03  9.3044E-03  9.6426E-03
  3.9936282600E+02  8.7162377403E-02  5.5884E-03  7.7190E-03  7.7190E-03  9.3090E-03  9.3090E-03  5.5884E-03  1.0585E-02  1.0380E-02  1.0380E-02  1.0585E-02
  4.0036282600E+02  9.3493403828E-02  6.0431E-03  8.0279E-03  8.0279E-03  9.8070E-03  9.8070E-03  6.0431E-03  1.1576E-02  1.1293E-02  1.1293E-02  1.1576E-02
  4.0136282600E+02  9.8446271106E-02  6.2671E-03  8.5581E-03  8.5581E-03  1.0611E-02  1.0611E-02  6.2671E-03  1.1988E-02  1.1799E-02  1.1799E-02  1.1988E-02
  4.0236282600E+02  9.0558970483E-02  6.0782E-03  7.9711E-03  7.9711E-03  9.8670E-03  9.8670E-03  6.0782E-03  1.0790E-02  1.0573E-02  1.0573E-02  1.0790E-02
  4.0336282600E+02  7.6050135012E-02  5.2187E-03  6.8644E-03  6.8644E-03  8.1908E-03  8.1908E-03  5.2187E-03  8.9750E-03  8.7762E-03  8.7762E-03  8.9750E-03
  4.0436282600E+02  6.8403711330E-02  4.7133E-03  6.2893E-03  6.2893E-03  7.3793E-03  7.3793E-03  4.7133E-03  8.0301E-03  7.7899E-03  7.7899E-03  8.0301E-03
  4.0536282600E+02  6.6013790189E-02  4.6452E-03  6.1187E-03  6.1187E-03  7.0591E-03  7.0591E-03  4.6452E-03  7.7275E-03  7.4563E-03  7.4563E-03  7.7275E-03
  4.0636282600E+02  6.5039472829E-02  4.6746E-03  5.9647E-03  5.9647E-03  7.0335E-03  7.0335E-03  4.6746E-03  7.6216E-03  7.2253E-03  7.2253E-03  7.6216E-03
  4.0736282600E+02  6.2084984930E-02  4.4629E-03  5.6441E-03  5.6441E-03  6.8357E-03  6.8357E-03  4.4629E-03  7.2812E-03  6.8186E-03  6.8186E-03  7.2812E-03
  4.0836282600E+02  6.0455753611E-02  4.3522E-03  5.3930E-03  5.3930E-03  6.8151E-03  6.8151E-03  4.3522E-03  7.1239E-03  6.5438E-03  6.5438E-03  7.1239E-03
  4.0936282600E+02  5.9474845005E-02  4.3475E-03  5.2199E-03  5.2199E-03  6.8624E-03  6.8624E-03  4.3475E-03  6.9300E-03  6.3776E-03  6.3776E-03  6.9300E-03
  4.1036282600E+02  6.0783637845E-02  4.5392E-03  5.2646E-03  5.2646E-03  7.0297E-03  7.0297E-03  4.5392E-03  7.0251E-03  6.5332E-03  6.5332E-03  7.0251E-03
  4.1136282600E+02  6.3965685766E-02  4.7439E-03  5.4010E-03  5.4010E-03  7.5753E-03  7.5753E-03  4.7439E-03  7.3866E-03  6.8760E-03  6.8760E-03  7.3866E-03
  4.1236282600E+02  6.3933907880E-02  4.7120E-03  5.3850E-03  5.3850E-03  7.8980E-03  7.8980E-03  4.7120E-03  7.2415E-03  6.7305E-03  6.7305E-03  7.2415E-03
  4.1336282600E+02  6.0666633304E-02  4.5917E-03  5.1437E-03  5.1437E-03  7.2441E-03  7.2441E-03  4.5917E-03  6.9498E-03  6.4039E-03  6.4039E-03  6.9498E-03
  4.1436282600E+02  5.8082394526E-02  4.3666E-03  4.9162E-03  4.9162E-03  6.9252E-03  6.9252E-03  4.3666E-03  6.6616E-03  6.1715E-03  6.1715E-03  6.6616E-03
  4.1536282600E+02  5.6392885080E-02  4.2200E-03  4.7659E-03  4.7659E-03  6.6909E-03  6.6909E-03  4.2200E-03  6.4528E-03  6.0669E-03  6.0669E-03  6.4528E-03
  4.1636282600E+02  5.6505067236E-02  4.2936E-03  4.7619E-03  4.7619E-03  6.6101E-03  6.6101E-03  4.2936E-03  6.4290E-03  6.1578E-03  6.1578E-03  6.4290E-03
  4.1736282600E+02  5.7516645123E-02  4.4340E-03  4.7902E-03  4.7902E-03  6.6644E-03  6.6644E-03  4.4340E-03  6.5511E-03  6.3187E-03  6.3187E-03  6.5511E-03
  4.1836282600E+02  5.7619036343E-02  4.5178E-03  4.8264E-03  4.8264E-03  6.5009E-03  6.5009E-03  4.5178E-03  6.5797E-03  6.3847E-03  6.3847E-03  6.5797E-03
  4.1936282600E+02  5.9620479191E-02  4.6573E-03  5.1107E-03  5.1107E-03  6.6337E-03  6.6337E-03  4.6573E-03  6.8093E-03  6.5993E-03  6.5993E-03  6.8093E-03
  4.2036282600E+02  6.3478559117E-02  4.8134E-03  5.6062E-03  5.6062E-03  6.9513E-03  6.9513E-03  4.8134E-03  7.3316E-03  7.0367E-03  7.0367E-03  7.3316E-03
  4.2136282600E+02  6.3072699429E-02  4.9121E-03  5.6756E-03  5.6756E-03  6.7065E-03  6.7065E-03  4.9121E-03  6.9721E-03  7.2700E-03  7.2700E-03  6.9721E-03
  4.2236282600E+02  6.6040144613E-02  5.1140E-03  5.9935E-03  5.9935E-03  6.9086E-03  6.9086E-03  5.1140E-03  7.1909E-03  7.8131E-03  7.8131E-03  7.1909E-03
  4.2336282600E+02  6.6208395818E-02  5.0675E-03  6.0917E-03  6.0917E-03  6.9469E-03  6.9469E-03  5.0675E-03  7.1014E-03  7.8966E-03  7.8966E-03  7.1014E-03
  4.2436282600E+02  6.4522990690E-02  5.1076E-03  5.9034E-03  5.9034E-03  6.6724E-03  6.6724E-03  5.1076E-03  6.9448E-03  7.6334E-03  7.6334E-03  6.9448E-03
  4.2536282600E+02  5.9628129832E-02  4.9243E-03  5.5074E-03  5.5074E-03  6.1325E-03  6.1325E-03  4.9243E-03  6.4116E-03  6.8383E-03  6.8383E-03  6.4116E-03
  4.2636282600E+02  5.4699584733E-02  4.7080E-03  4.9109E-03  4.9109E-03  5.6731E-03  5.6731E-03  4.7080E-03  5.9299E-03  6.1279E-03  6.1279E-03  5.9299E-03
  4.2736282600E+02  5.2644490916E-02  4.5175E-03  4.5469E-03  4.5469E-03  5.3937E-03  5.3937E-03  4.5175E-03  5.8860E-03  5.9782E-03  5.9782E-03  5.8860E-03
  4.2836282600E+02  5.0733935812E-02  4.4415E-03  4.3761E-03  4.3761E-03  5.2553E-03  5.2553E-03  4.4415E-03  5.6240E-03  5.6701E-03  5.6701E-03  5.6240E-03
  4.2936282600E+02  5.4106880463E-02  4.8012E-03  4.7839E-03  4.7839E-03  5.7003E-03  5.7003E-03  4.8012E-03  5.8493E-03  5.9187E-03  5.9187E-03  5.8493E-03
  4.3036282600E+02  5.7993008940E-02  5.1868E-03  5.2590E-03  5.2590E-03  6.1884E-03  6.1884E-03  5.1868E-03  6.1557E-03  6.2066E-03  6.2066E-03  6.1557E-03
  4.3136282600E+02  6.1885916036E-02  5.5192E-03  5.7017E-03  5.7017E-03  6.7825E-03  6.7825E-03  5.5192E-03  6.4660E-03  6.4736E-03  6.4736E-03  6.4660E-03
  4.3236282600E+02  6.4365608482E-02  5.7296E-03  5.9603E-03  5.9603E-03  7.3058E-03  7.3058E-03  5.7296E-03  6.5738E-03  6.6133E-03  6.6133E-03  6.5738E-03
  4.3336282600E+02  6.3339775366E-02  5.5860E-03  5.9025E-03  5.9025E-03  7.3968E-03  7.3968E-03  5.5860E-03  6.3768E-03  6.4079E-03  6.4079E-03  6.3768E-03
  4.3436282600E+02  6.3344752395E-02  5.5881E-03  5.8896E-03  5.8896E-03  7.5963E-03  7.5963E-03  5.5881E-03  6.2709E-03  6.3276E-03  6.3276E-03  6.2709E-03
  4.3536282600E+02  6.0281437647E-02  5.3583E-03  5.5452E-03  5.5452E-03  7.3346E-03  7.3346E-03  5.3583E-03  5.9280E-03  5.9746E-03  5.9746E-03  5.9280E-03
  4.3636282600E+02  5.7772519645E-02  5.2120E-03  5.2956E-03  5.2956E-03  7.0296E-03  7.0296E-03  5.2120E-03  5.6683E-03  5.6807E-03  5.6807E-03  5.6683E-03
  4.3736282600E+02  5.7560755406E-02  5.2636E-03  5.2109E-03  5.2109E-03  6.9387E-03  6.9387E-03  5.2636E-03  5.6653E-03  5.7018E-03  5.7018E-03  5.6653E-03
  4.3836282600E+02  5.7387852666E-02  5.3393E-03  5.2115E-03  5.2115E-03  6.8705E-03  6.8705E-03  5.3393E-03  5.6202E-03  5.6524E-03  5.6524E-03  5.6202E-03
  4.3936282600E+02  5.7319638423E-02  5.4068E-03  5.2868E-03  5.2868E-03  6.8798E-03  6.8798E-03  5.4068E-03  5.5622E-03  5.5243E-03  5.5243E-03  5.5622E-03
  4.4036282600E+02  5.7415543125E-02  5.5422E-03  5.4509E-03  5.4509E-03  6.6974E-03  6.6974E-03  5.5422E-03  5.5647E-03  5.4526E-03  5.4526E-03  5.5647E-03
  4.4136282600E+02  5.6253871695E-02  5.4845E-03  5.4244E-03  5.4244E-03  6.5219E-03  6.5219E-03  5.4845E-03  5.4029E-03  5.2931E-03  5.2931E-03  5.4029E-03
  4.4236282600E+02  5.5289001434E-02  5.4841E-03  5.4048E-03  5.4048E-03  6.4608E-03  6.4608E-03  5.4841E-03  5.1887E-03  5.1061E-03  5.1061E-03  5.1887E-03
  4.4336282600E+02  5.3395106050E-02  5.3549E-03  5.2627E-03  5.2627E-03  6.3375E-03  6.3375E-03  5.3549E-03  4.9022E-03  4.8404E-03  4.8404E-03  4.9022E-03
  4.4436282600E+02  5.1077308344E-02  5.1622E-03  5.0368E-03  5.0368E-03  6.1255E-03  6.1255E-03  5.1622E-03  4.5996E-03  4.6145E-03  4.6145E-03  4.5996E-03
  4.4536282600E+02  4.9171071409E-02  5.1073E-03  4.8779E-03  4.8779E-03  5.8806E-03  5.8806E-03  5.1073E-03  4.3006E-03  4.4192E-03  4.4192E-03  4.3006E-03
  4.4636282600E+02  4.8796238793E-02  5.1462E-03  4.8502E-03  4.8502E-03  5.9242E-03  5.9242E-03  5.1462E-03  4.1751E-03  4.3024E-03  4.3024E-03  4.1751E-03
  4.4736282600E+02  4.4792181891E-02  4.8103E-03  4.4468E-03  4.4468E-03  5.2244E-03  5.2244E-03  4.8103E-03  3.9035E-03  4.0111E-03  4.0111E-03  3.9035E-03
  4.4836282600E+02  4.1046386997E-02  4.3614E-03  4.0957E-03  4.0957E-03  4.6855E-03  4.6855E-03  4.3614E-03  3.6786E-03  3.7019E-03  3.7019E-03  3.6786E-03
  4.4936282600E+02  3.9243667514E-02  4.1725E-03  3.8992E-03  3.8992E-03  4.4712E-03  4.4712E-03  4.1725E-03  3.5976E-03  3.4814E-03  3.4814E-03  3.5976E-03
  4.5036282600E+02  4.0065557279E-02  4.1950E-03  4.0164E-03  4.0164E-03  4.6018E-03  4.6018E-03  4.1950E-03  3.7666E-03  3.4529E-03  3.4529E-03  3.7666E-03
  4.5136282600E+02  4.2687921773E-02  4.4373E-03  4.3161E-03  4.3161E-03  4.9993E-03  4.9993E-03  4.4373E-03  4.0248E-03  3.5665E-03  3.5665E-03  4.0248E-03
  4.5236282600E+02  5.0662541548E-02  5.3449E-03  5.1329E-03  5.1329E-03  6.1530E-03  6.1530E-03  5.3449E-03  4.6317E-03  4.0688E-03  4.0688E-03  4.6317E-03
  4.5336282600E+02  5.9994947774E-02  6.3341E-03  6.0851E-03  6.0851E-03  7.3981E-03  7.3981E-03  6.3341E-03  5.4412E-03  4.7390E-03  4.7390E-03  5.4412E-03
  4.5436282600E+02  6.8142012479E-02  7.4116E-03  7.0397E-03  7.0397E-03  8.2621E-03  8.2621E-03  7.4116E-03  6.1264E-03  5.2312E-03  5.2312E-03  6.1264E-03
  4.5536282600E+02  7.1162057369E-02  7.9177E-03  7.3263E-03  7.3263E-03  8.6229E-03  8.6229E-03  7.9177E-03  6.3311E-03  5.3829E-03  5.3829E-03  6.3311E-03
  4.5636282600E+02  7.6057984796E-02  8.7835E-03  7.8545E-03  7.8545E-03  9.0234E-03  9.0234E-03  8.7835E-03  6.7078E-03  5.6598E-03  5.6598E-03  6.7078E-03
  4.5736282600E+02  8.0708791066E-02  9.6420E-03  8.2975E-03  8.2975E-03  9.6506E-03  9.6506E-03  9.6420E-03  6.9838E-03  5.7805E-03  5.7805E-03  6.9838E-03
  4.5836282600E+02  8.9962440813E-02  1.1234E-02  9.2979E-03  9.2979E-03  1.0753E-02  1.0753E-02  1.1234E-02  7.5838E-03  6.1123E-03  6.1123E-03  7.5838E-03
  4.5936282600E+02  1.0210533355E-01  1.2599E-02  1.0607E-02  1.0607E-02  1.2479E-02  1.2479E-02  1.2599E-02  8.4121E-03  6.9553E-03  6.9553E-03  8.4121E-03
  4.6036282600E+02  1.0673188577E-01  1.2787E-02  1.1429E-02  1.1429E-02  1.2777E-02  1.2777E-02  1.2787E-02  8.8979E-03  7.4746E-03  7.4746E-03  8.8979E-03
  4.6136282600E+02  1.1108586630E-01  1.3084E-02  1.1888E-02  1.1888E-02  1.3013E-02  1.3013E-02  1.3084E-02  9.4637E-03  8.0937E-03  8.0937E-03  9.4637E-03
  4.6236282600E+02  1.0505137169E-01  1.2919E-02  1.1448E-02  1.1448E-02  1.1047E-02  1.1047E-02  1.2919E-02  9.0557E-03  8.0554E-03  8.0554E-03  9.0557E-03
  4.6336282600E+02  9.8259257758E-02  1.2717E-02  1.0623E-02  1.0623E-02  9.7872E-03  9.7872E-03  1.2717E-02  8.2817E-03  7.7209E-03  7.7209E-03  8.2817E-03
  4.6436282600E+02  7.3520898372E-02  9.5704E-03  7.4296E-03  7.4296E-03  7.5192E-03  7.5192E-03  9.5704E-03  6.2984E-03  5.9429E-03  5.9429E-03  6.2984E-03
  4.6536282600E+02  5.8842241857E-02  7.2408E-03  5.7955E-03  5.7955E-03  6.1652E-03  6.1652E-03  7.2408E-03  5.1300E-03  5.0897E-03  5.0897E-03  5.1300E-03
  4.6636282600E+02  5.2622998827E-02  6.3422E-03  5.1681E-03  5.1681E-03  5.5824E-03  5.5824E-03  6.3422E-03  4.6138E-03  4.6050E-03  4.6050E-03  4.6138E-03
  4.6736282600E+02  5.1193959348E-02  6.3387E-03  4.9568E-03  4.9568E-03  5.4340E-03  5.4340E-03  6.3387E-03  4.3766E-03  4.4909E-03  4.4909E-03  4.3766E-03
  4.6836282600E+02  5.0876571970E-02  6.7823E-03  4.8782E-03  4.8782E-03  5.2157E-03  5.2157E-03  6.7823E-03  4.0780E-03  4.4840E-03  4.4840E-03  4.0780E-03
  4.6936282600E+02  5.0679508682E-02  7.1726E-03  4.7176E-03  4.7176E-03  5.1520E-03  5.1520E-03  7.1726E-03  3.9146E-03  4.3829E-03  4.3829E-03  3.9146E-03
  4.7036282600E+02  4.9579866586E-02  6.9562E-03  4.5439E-03  4.5439E-03  5.1504E-03  5.1504E-03  6.9562E-03  3.8205E-03  4.3190E-03  4.3190E-03  3.8205E-03
  4.7136282600E+02  4.9936128689E-02  6.6853E-03  4.5660E-03  4.5660E-03  5.3509E-03  5.3509E-03  6.6853E-03  3.8936E-03  4.4723E-03  4.4723E-03  3.8936E-03
  4.7236282600E+02  5.3936633701E-02  6.9682E-03  4.9336E-03  4.9336E-03  5.8684E-03  5.8684E-03  6.9682E-03  4.2850E-03  4.9132E-03  4.9132E-03  4.2850E-03
  4.7336282600E+02  6.0251980291E-02  7.3978E-03  5.4100E-03  5.4100E-03  6.7635E-03  6.7635E-03  7.3978E-03  4.9418E-03  5.6129E-03  5.6129E-03  4.9418E-03
  4.7436282600E+02  6.2720003388E-02  7.3103E-03  5.3993E-03  5.3993E-03  7.2272E-03  7.2272E-03  7.3103E-03  5.3813E-03  6.0419E-03  6.0419E-03  5.3813E-03
  4.7536282600E+02  6.2529926147E-02  7.1638E-03  5.3529E-03  5.3529E-03  7.1767E-03  7.1768E-03  7.1638E-03  5.4701E-03  6.1014E-03  6.1014E-03  5.4701E-03
  4.7636282600E+02  6.0723773811E-02  6.9078E-03  5.1577E-03  5.1576E-03  6.9200E-03  6.9200E-03  6.9078E-03  5.3901E-03  5.9863E-03  5.9863E-03  5.3901E-03
  4.7736282600E+02  6.1329697295E-02  7.0787E-03  5.1636E-03  5.1636E-03  6.8381E-03  6.8381E-03  7.0787E-03  5.4792E-03  6.1052E-03  6.1052E-03  5.4792E-03
  4.7836282600E+02  6.1950279836E-02  7.5216E-03  5.2387E-03  5.2387E-03  6.5344E-03  6.5344E-03  7.5216E-03  5.5547E-03  6.1258E-03  6.1258E-03  5.5547E-03
  4.7936282600E+02  6.2530487510E-02  7.6175E-03  5.3315E-03  5.3315E-03  6.4762E-03  6.4762E-03  7.6175E-03  5.6467E-03  6.1934E-03  6.1934E-03  5.6467E-03
  4.8036282600E+02  5.9567250089E-02  7.2282E-03  5.0999E-03  5.0999E-03  6.0309E-03  6.0309E-03  7.2282E-03  5.4729E-03  5.9517E-03  5.9517E-03  5.4729E-03
  4.8136282600E+02  5.5548678580E-02  6.7290E-03  4.7573E-03  4.7573E-03  5.5124E-03  5.5124E-03  6.7290E-03  5.1686E-03  5.6071E-03  5.6071E-03  5.1686E-03
  4.8236282600E+02  5.5563275461E-02  6.6660E-03  4.6455E-03  4.6455E-03  5.4089E-03  5.4089E-03  6.6660E-03  5.2779E-03  5.7834E-03  5.7834E-03  5.2779E-03
  4.8336282600E+02  5.2972811885E-02  6.3813E-03  4.5402E-03  4.5402E-03  5.2442E-03  5.2442E-03  6.3813E-03  4.8641E-03  5.4565E-03  5.4565E-03  4.8641E-03
  4.8436282600E+02  5.4249950131E-02  6.4040E-03  4.7673E-03  4.7673E-03  5.4444E-03  5.4444E-03  6.4040E-03  4.8610E-03  5.6483E-03  5.6482E-03  4.8610E-03
  4.8536282600E+02  5.8902856781E-02  6.7807E-03  5.3743E-03  5.3743E-03  6.2334E-03  6.2334E-03  6.7807E-03  5.0091E-03  6.0539E-03  6.0539E-03  5.0091E-03
  4.8636282600E+02  6.1945442587E-02  7.0144E-03  5.8273E-03  5.8273E-03  6.4450E-03  6.4450E-03  7.0144E-03  5.3004E-03  6.3856E-03  6.3856E-03  5.3004E-03
  4.8736282600E+02  5.9259902860E-02  6.7058E-03  5.5672E-03  5.5672E-03  6.0329E-03  6.0329E-03  6.7058E-03  5.1246E-03  6.1995E-03  6.1995E-03  5.1246E-03
  4.8836282600E+02  6.2131531826E-02  7.3299E-03  6.0478E-03  6.0478E-03  6.2318E-03  6.2318E-03  7.3299E-03  5.0904E-03  6.3659E-03  6.3659E-03  5.0904E-03
  4.8936282600E+02  6.7310118041E-02  8.2575E-03  6.7431E-03  6.7431E-03  6.6844E-03  6.6844E-03  8.2575E-03  5.2462E-03  6.7239E-03  6.7239E-03  5.2462E-03
  4.9036282600E+02  7.5262335137E-02  9.2443E-03  7.8398E-03  7.8398E-03  7.4128E-03  7.4128E-03  9.2443E-03  5.7375E-03  7.3967E-03  7.3967E-03  5.7375E-03
  4.9136282600E+02  7.6393687455E-02  9.6341E-03  8.0888E-03  8.0888E-03  7.2921E-03  7.2921E-03  9.6341E-03  5.7518E-03  7.4301E-03  7.4301E-03  5.7518E-03
  4.9236282600E+02  7.8534631312E-02  9.8455E-03  8.1775E-03  8.1775E-03  7.3301E-03  7.3301E-03  9.8455E-03  6.0247E-03  7.8895E-03  7.8895E-03  6.0247E-03
  4.9336282600E+02  8.2911323938E-02  1.0460E-02  8.7603E-03  8.7603E-03  7.4641E-03  7.4641E-03  1.0460E-02  6.3710E-03  8.4000E-03  8.4000E-03  6.3710E-03
  4.9436282600E+02  8.8274141322E-02  1.1076E-02  9.9930E-03  9.9930E-03  7.4327E-03  7.4327E-03  1.1076E-02  6.7551E-03  8.8803E-03  8.8803E-03  6.7551E-03
  4.9536282600E+02  8.9149367755E-02  1.0472E-02  1.1300E-02  1.1300E-02  7.2049E-03  7.2049E-03  1.0472E-02  6.9493E-03  8.6485E-03  8.6485E-03  6.9493E-03
  4.9636282600E+02  7.6990852229E-02  8.4184E-03  1.0083E-02  1.0083E-02  6.3842E-03  6.3842E-03  8.4184E-03  6.1644E-03  7.4456E-03  7.4456E-03  6.1644E-03
  4.9736282600E+02  6.1675887731E-02  6.5247E-03  7.8457E-03  7.8457E-03  5.2744E-03  5.2744E-03  6.5247E-03  5.2062E-03  5.9869E-03  5.9869E-03  5.2062E-03
  4.9836282600E+02  5.3619673335E-02  5.4492E-03  6.6485E-03  6.6485E-03  4.7877E-03  4.7877E-03  5.4492E-03  4.7673E-03  5.1571E-03  5.1571E-03  4.7673E-03
  4.9936282600E+02  5.3767861725E-02  5.3404E-03  6.6970E-03  6.6970E-03  4.8251E-03  4.8251E-03  5.3404E-03  4.9359E-03  5.0856E-03  5.0856E-03  4.9359E-03
  5.0036282600E+02  5.9717481664E-02  5.7926E-03  7.6907E-03  7.6907E-03  5.3968E-03  5.3968E-03  5.7926E-03  5.5182E-03  5.4605E-03  5.4605E-03  5.5182E-03
  5.0136282600E+02  7.2966342757E-02  7.1070E-03  9.4099E-03  9.4099E-03  6.6351E-03  6.6351E-03  7.1070E-03  6.9261E-03  6.4051E-03  6.4051E-03  6.9261E-03
  5.0236282600E+02  8.4622992502E-02  8.3624E-03  1.0746E-02  1.0746E-02  7.3909E-03  7.3909E-03  8.3625E-03  8.3776E-03  7.4342E-03  7.4342E-03  8.3776E-03
  5.0336282600E+02  7.9127225974E-02  7.6769E-03  9.6971E-03  9.6971E-03  6.6492E-03  6.6492E-03  7.6769E-03  8.3920E-03  7.1484E-03  7.1484E-03  8.3920E-03
  5.0436282600E+02  7.3555966038E-02  7.1813E-03  8.4245E-03  8.4244E-03  6.0952E-03  6.0952E-03  7.1813E-03  8.0882E-03  6.9888E-03  6.9888E-03  8.0882E-03
  5.0536282600E+02  6.8611283747E-02  6.6156E-03  7.3401E-03  7.3401E-03  5.7629E-03  5.7629E-03  6.6156E-03  7.7714E-03  6.8156E-03  6.8156E-03  7.7714E-03
  5.0636282600E+02  6.4503345452E-02  6.0730E-03  6.4264E-03  6.4264E-03  5.6609E-03  5.6609E-03  6.0730E-03  7.5016E-03  6.5898E-03  6.5898E-03  7.5016E-03
  5.0736282600E+02  6.2004885693E-02  5.7948E-03  5.8065E-03  5.8064E-03  5.6856E-03  5.6856E-03  5.7948E-03  7.1466E-03  6.5690E-03  6.5690E-03  7.1466E-03
  5.0836282600E+02  5.7551785166E-02  5.6928E-03  5.3533E-03  5.3533E-03  5.6263E-03  5.6263E-03  5.6928E-03  6.1754E-03  5.9281E-03  5.9281E-03  6.1754E-03
  5.0936282600E+02  5.7114221585E-02  5.5461E-03  5.2652E-03  5.2653E-03  6.5746E-03  6.5746E-03  5.5461E-03  5.4382E-03  5.7330E-03  5.7330E-03  5.4382E-03
  5.1036282600E+02  6.4139645195E-02  6.2210E-03  5.3648E-03  5.3648E-03  7.7125E-03  7.7125E-03  6.2209E-03  6.1784E-03  6.5932E-03  6.5932E-03  6.1784E-03
  5.1136282600E+02  6.6122644037E-02  6.1793E-03  5.2848E-03  5.2848E-03  8.2010E-03  8.2010E-03  6.1793E-03  6.4564E-03  6.9399E-03  6.9399E-03  6.4564E-03
  5.1236282600E+02  6.9150363842E-02  6.3409E-03  5.6271E-03  5.6271E-03  8.6757E-03  8.6757E-03  6.3409E-03  6.7476E-03  7.1839E-03  7.1840E-03  6.7476E-03
  5.1336282600E+02  6.9402386187E-02  6.4650E-03  6.0391E-03  6.0391E-03  8.3937E-03  8.3937E-03  6.4650E-03  6.6667E-03  7.1368E-03  7.1368E-03  6.6667E-03
  5.1436282600E+02  7.0619304582E-02  6.8514E-03  6.5512E-03  6.5512E-03  8.1084E-03  8.1084E-03  6.8514E-03  6.6680E-03  7.1308E-03  7.1308E-03  6.6680E-03
  5.1536282600E+02  6.8637029508E-02  6.8686E-03  6.6569E-03  6.6569E-03  7.6755E-03  7.6755E-03  6.8686E-03  6.3278E-03  6.7898E-03  6.7898E-03  6.3278E-03
  5.1636282600E+02  6.8972671347E-02  7.0288E-03  6.7405E-03  6.7405E-03  7.8400E-03  7.8400E-03  7.0288E-03  6.3512E-03  6.5260E-03  6.5260E-03  6.3512E-03
  5.1736282600E+02  6.9556139362E-02  7.2621E-03  6.7854E-03  6.7854E-03  8.0139E-03  8.0139E-03  7.2621E-03  6.4192E-03  6.2975E-03  6.2975E-03  6.4192E-03
  5.1836282600E+02  6.9501478501E-02  7.2627E-03  6.7345E-03  6.7345E-03  7.9922E-03  7.9922E-03  7.2627E-03  6.4545E-03  6.3069E-03  6.3069E-03  6.4545E-03
  5.1936282600E+02  7.4146522038E-02  7.7561E-03  6.9899E-03  6.9899E-03  8.4810E-03  8.4810E-03  7.7561E-03  7.0802E-03  6.7661E-03  6.7661E-03  7.0802E-03
  5.2036282600E+02  7.6245032842E-02  8.0718E-03  7.2504E-03  7.2504E-03  8.6476E-03  8.6476E-03  8.0718E-03  7.2732E-03  6.8796E-03  6.8796E-03  7.2732E-03
  5.2136282600E+02  7.7189081029E-02  8.0967E-03  7.3930E-03  7.3930E-03  8.8817E-03  8.8817E-03  8.0967E-03  7.2899E-03  6.9333E-03  6.9333E-03  7.2899E-03
  5.2236282600E+02  8.3764612643E-02  8.6673E-03  8.1611E-03  8.1611E-03  1.0051E-02  1.0051E-02  8.6673E-03  7.7744E-03  7.2287E-03  7.2287E-03  7.7744E-03
  5.2336282600E+02  7.4351154866E-02  7.6908E-03  7.2972E-03  7.2972E-03  8.7414E-03  8.7414E-03  7.6908E-03  6.9317E-03  6.5145E-03  6.5145E-03  6.9317E-03
  5.2436282600E+02  7.3275360380E-02  7.6104E-03  7.3306E-03  7.3306E-03  8.7024E-03  8.7024E-03  7.6104E-03  6.6714E-03  6.3228E-03  6.3228E-03  6.6714E-03
  5.2536282600E+02  7.1191908678E-02  7.3073E-03  7.1557E-03  7.1557E-03  8.4199E-03  8.4199E-03  7.3073E-03  6.4839E-03  6.2291E-03  6.2291E-03  6.4839E-03
  5.2636282600E+02  7.3971690172E-02  7.6817E-03  7.5680E-03  7.5680E-03  8.6111E-03  8.6111E-03  7.6817E-03  6.6484E-03  6.4767E-03  6.4767E-03  6.6484E-03
  5.2736282600E+02  8.1219838789E-02  8.3975E-03  8.3849E-03  8.3849E-03  9.2050E-03  9.2050E-03  8.3975E-03  7.4838E-03  7.1387E-03  7.1387E-03  7.4838E-03
  5.2836282600E+02  7.7894564241E-02  7.8727E-03  8.0690E-03  8.0690E-03  8.8111E-03  8.8111E-03  7.8727E-03  7.2402E-03  6.9544E-03  6.9544E-03  7.2402E-03
  5.2936282600E+02  7.2012272046E-02  7.2927E-03  7.5576E-03  7.5576E-03  7.9275E-03  7.9275E-03  7.2927E-03  6.7790E-03  6.4494E-03  6.4494E-03  6.7790E-03
  5.3036282600E+02  6.6576796828E-02  6.7019E-03  6.9398E-03  6.9398E-03  7.0386E-03  7.0386E-03  6.7019E-03  6.3920E-03  6.2162E-03  6.2162E-03  6.3920E-03
  5.3136282600E+02  5.9117482616E-02  5.6227E-03  5.9111E-03  5.9111E-03  6.2072E-03  6.2072E-03  5.6227E-03  5.9083E-03  5.9095E-03  5.9095E-03  5.9083E-03
  5.3236282600E+02  5.3011429296E-02  4.5700E-03  4.9502E-03  4.9502E-03  5.7067E-03  5.7067E-03  4.5700E-03  5.6014E-03  5.6775E-03  5.6775E-03  5.6014E-03
  5.3336282600E+02  5.1216043371E-02  4.3231E-03  4.7234E-03  4.7234E-03  5.6469E-03  5.6469E-03  4.3231E-03  5.3799E-03  5.5347E-03  5.5347E-03  5.3799E-03
  5.3436282600E+02  5.0652172748E-02  4.2222E-03  4.6184E-03  4.6184E-03  5.7432E-03  5.7432E-03  4.2222E-03  5.2805E-03  5.4618E-03  5.4618E-03  5.2805E-03
  5.3536282600E+02  4.9594446666E-02  4.0963E-03  4.4780E-03  4.4780E-03  5.7662E-03  5.7662E-03  4.0963E-03  5.1329E-03  5.3239E-03  5.3239E-03  5.1329E-03
  5.3636282600E+02  4.8905491215E-02  4.0560E-03  4.4042E-03  4.4042E-03  5.8108E-03  5.8108E-03  4.0560E-03  5.0031E-03  5.1787E-03  5.1787E-03  5.0031E-03
  5.3736282600E+02  4.8820567146E-02  4.0609E-03  4.3947E-03  4.3947E-03  5.8577E-03  5.8577E-03  4.0609E-03  4.9642E-03  5.1327E-03  5.1327E-03  4.9642E-03
  5.3836282600E+02  4.8887586189E-02  4.0551E-03  4.3923E-03  4.3923E-03  5.9272E-03  5.9272E-03  4.0551E-03  4.9588E-03  5.1105E-03  5.1105E-03  4.9588E-03
  5.3936282600E+02  4.8026294833E-02  3.9430E-03  4.2585E-03  4.2585E-03  5.9457E-03  5.9457E-03  3.9430E-03  4.8635E-03  5.0025E-03  5.0025E-03  4.8635E-03
  5.4036282600E+02  4.9143549994E-02  4.0342E-03  4.3370E-03  4.3370E-03  6.2494E-03  6.2494E-03  4.0342E-03  4.9054E-03  5.0458E-03  5.0458E-03  4.9054E-03
  5.4136282600E+02  5.0811395705E-02  4.2029E-03  4.4891E-03  4.4891E-03  6.5939E-03  6.5939E-03  4.2029E-03  4.9953E-03  5.1245E-03  5.1245E-03  4.9953E-03
  5.4236282600E+02  5.0837351902E-02  4.1907E-03  4.4975E-03  4.4975E-03  6.5962E-03  6.5962E-03  4.1907E-03  5.0169E-03  5.1173E-03  5.1173E-03  5.0169E-03
  5.4336282600E+02  5.1984471174E-02  4.3041E-03  4.6463E-03  4.6463E-03  6.6173E-03  6.6173E-03  4.3041E-03  5.1815E-03  5.2431E-03  5.2431E-03  5.1815E-03
  5.4436282600E+02  5.2482849889E-02  4.4073E-03  4.8140E-03  4.8140E-03  6.4856E-03  6.4856E-03  4.4073E-03  5.2633E-03  5.2712E-03  5.2712E-03  5.2633E-03
  5.4536282600E+02  5.1945920307E-02  4.3784E-03  4.7644E-03  4.7644E-03  6.4976E-03  6.4976E-03  4.3784E-03  5.1826E-03  5.1500E-03  5.1500E-03  5.1826E-03
  5.4636282600E+02  4.9768916602E-02  4.0886E-03  4.3444E-03  4.3444E-03  6.7132E-03  6.7132E-03  4.0886E-03  4.9057E-03  4.8326E-03  4.8326E-03  4.9057E-03
  5.4736282600E+02  5.1163417164E-02  4.1106E-03  4.3785E-03  4.3785E-03  7.1916E-03  7.1916E-03  4.1106E-03  4.9980E-03  4.9031E-03  4.9031E-03  4.9980E-03
  5.4836282600E+02  5.2109800002E-02  4.1522E-03  4.3209E-03  4.3209E-03  7.6959E-03  7.6959E-03  4.1522E-03  4.9720E-03  4.9139E-03  4.9139E-03  4.9720E-03
  5.4936282600E+02  5.4862290653E-02  4.3985E-03  4.4757E-03  4.4757E-03  8.0890E-03  8.0890E-03  4.3985E-03  5.2358E-03  5.2321E-03  5.2321E-03  5.2358E-03
  5.5036282600E+02  5.3264198879E-02  4.3736E-03  4.2523E-03  4.2523E-03  8.1407E-03  8.1407E-03  4.3736E-03  4.9163E-03  4.9491E-03  4.9491E-03  4.9163E-03
  5.5136282600E+02  5.4066213580E-02  4.5369E-03  4.4376E-03  4.4376E-03  8.2738E-03  8.2738E-03  4.5369E-03  4.8513E-03  4.9336E-03  4.9336E-03  4.8513E-03
  5.5236282600E+02  5.4951993127E-02  4.7134E-03  4.6830E-03  4.6830E-03  8.1712E-03  8.1712E-03  4.7134E-03  4.8662E-03  5.0422E-03  5.0422E-03  4.8662E-03
  5.5336282600E+02  5.5670299409E-02  4.9187E-03  4.8899E-03  4.8899E-03  7.9775E-03  7.9775E-03  4.9187E-03  4.8994E-03  5.1497E-03  5.1497E-03  4.8994E-03
  5.5436282600E+02  5.4931881166E-02  5.0267E-03  4.9826E-03  4.9826E-03  7.5488E-03  7.5488E-03  5.0267E-03  4.8016E-03  5.1062E-03  5.1062E-03  4.8016E-03
  5.5536282600E+02  5.4843281682E-02  5.1439E-03  5.1428E-03  5.1428E-03  7.3762E-03  7.3762E-03  5.1439E-03  4.7019E-03  5.0570E-03  5.0570E-03  4.7019E-03
  5.5636282600E+02  5.4392124718E-02  5.2473E-03  5.1772E-03  5.1772E-03  7.1535E-03  7.1535E-03  5.2473E-03  4.6073E-03  5.0108E-03  5.0108E-03  4.6073E-03
  5.5736282600E+02  5.5252551639E-02  5.4091E-03  5.2961E-03  5.2961E-03  7.2639E-03  7.2639E-03  5.4091E-03  4.6183E-03  5.0389E-03  5.0389E-03  4.6183E-03
  5.5836282600E+02  5.3334278497E-02  5.3118E-03  5.1894E-03  5.1894E-03  6.8509E-03  6.8509E-03  5.3118E-03  4.4943E-03  4.8209E-03  4.8209E-03  4.4943E-03
  5.5936282600E+02  5.0863892377E-02  5.1054E-03  5.0066E-03  5.0066E-03  6.3536E-03  6.3536E-03  5.1054E-03  4.3687E-03  4.5976E-03  4.5976E-03  4.3687E-03
  5.6036282600E+02  4.7542199862E-02  4.7610E-03  4.7121E-03  4.7121E-03  5.9599E-03  5.9599E-03  4.7610E-03  4.1156E-03  4.2224E-03  4.2224E-03  4.1156E-03
  5.6136282600E+02  4.7370527222E-02  4.7725E-03  4.7284E-03  4.7284E-03  5.6620E-03  5.6620E-03  4.7725E-03  4.2357E-03  4.2866E-03  4.2866E-03  4.2357E-03
  5.6236282600E+02  4.7414013808E-02  4.7641E-03  4.7504E-03  4.7504E-03  5.5524E-03  5.5524E-03  4.7641E-03  4.2964E-03  4.3438E-03  4.3438E-03  4.2964E-03
  5.6336282600E+02  4.8328986330E-02  4.8726E-03  4.8559E-03  4.8559E-03  5.4519E-03  5.4519E-03  4.8726E-03  4.4726E-03  4.5115E-03  4.5115E-03  4.4726E-03
  5.6436282600E+02  4.6933596486E-02  4.6861E-03  4.8723E-03  4.8723E-03  5.1711E-03  5.1711E-03  4.6861E-03  4.3219E-03  4.4154E-03  4.4154E-03  4.3219E-03
  5.6536282600E+02  4.7507809909E-02  4.6808E-03  4.9965E-03  4.9965E-03  5.1551E-03  5.1551E-03  4.6808E-03  4.3881E-03  4.5334E-03  4.5334E-03  4.3881E-03
  5.6636282600E+02  4.9693508616E-02  4.7878E-03  5.0976E-03  5.0976E-03  4.9958E-03  4.9958E-03  4.7878E-03  4.8955E-03  5.0701E-03  5.0701E-03  4.8955E-03
  5.6736282600E+02  4.1933633214E-02  4.3083E-03  4.6593E-03  4.6593E-03  4.4627E-03  4.4627E-03  4.3083E-03  3.6872E-03  3.8493E-03  3.8493E-03  3.6872E-03
  5.6836282600E+02  4.0909849282E-02  4.3173E-03  4.6287E-03  4.6287E-03  4.4553E-03  4.4553E-03  4.3173E-03  3.4680E-03  3.5857E-03  3.5857E-03  3.4680E-03
  5.6936282600E+02  4.2654785936E-02  4.5045E-03  4.8435E-03  4.8435E-03  4.7782E-03  4.7782E-03  4.5045E-03  3.5826E-03  3.6186E-03  3.6186E-03  3.5826E-03
  5.7036282600E+02  4.8571511943E-02  5.0113E-03  5.7865E-03  5.7865E-03  5.4133E-03  5.4133E-03  5.0113E-03  4.0040E-03  4.0707E-03  4.0707E-03  4.0040E-03
  5.7136282600E+02  4.8271060541E-02  4.9357E-03  5.8955E-03  5.8955E-03  5.3153E-03  5.3153E-03  4.9357E-03  3.9699E-03  4.0191E-03  4.0191E-03  3.9699E-03
  5.7236282600E+02  4.7362058153E-02  4.8891E-03  5.8686E-03  5.8686E-03  5.1062E-03  5.1062E-03  4.8891E-03  3.8786E-03  3.9386E-03  3.9386E-03  3.8786E-03
  5.7336282600E+02  4.7004393441E-02  4.9225E-03  5.9178E-03  5.9178E-03  4.9881E-03  4.9881E-03  4.9225E-03  3.8062E-03  3.8676E-03  3.8676E-03  3.8062E-03
  5.7436282600E+02  4.6779129587E-02  4.9809E-03  5.9987E-03  5.9987E-03  4.8869E-03  4.8869E-03  4.9809E-03  3.7295E-03  3.7935E-03  3.7935E-03  3.7295E-03
  5.7536282600E+02  4.5388719260E-02  5.0524E-03  5.8581E-03  5.8581E-03  4.5649E-03  4.5649E-03  5.0524E-03  3.5614E-03  3.6575E-03  3.6575E-03  3.5614E-03
  5.7636282600E+02  4.6871014986E-02  5.4168E-03  6.1081E-03  6.1081E-03  4.6896E-03  4.6896E-03  5.4168E-03  3.5656E-03  3.6555E-03  3.6555E-03  3.5656E-03
  5.7736282600E+02  4.7077666112E-02  5.5140E-03  6.2551E-03  6.2551E-03  4.6272E-03  4.6272E-03  5.5140E-03  3.5388E-03  3.6037E-03  3.6037E-03  3.5388E-03
  5.7836282600E+02  4.6923767800E-02  5.6160E-03  6.3339E-03  6.3339E-03  4.5073E-03  4.5073E-03  5.6160E-03  3.4736E-03  3.5310E-03  3.5310E-03  3.4736E-03
  5.7936282600E+02  4.6354981057E-02  5.5928E-03  6.4770E-03  6.4770E-03  4.2937E-03  4.2937E-03  5.5928E-03  3.2960E-03  3.5180E-03  3.5180E-03  3.2960E-03
  5.8036282600E+02  4.3719516743E-02  5.4774E-03  6.1091E-03  6.1091E-03  3.8319E-03  3.8319E-03  5.4774E-03  3.0996E-03  3.3418E-03  3.3418E-03  3.0996E-03
  5.8136282600E+02  4.3770674953E-02  5.6032E-03  6.1742E-03  6.1742E-03  3.7243E-03  3.7243E-03  5.6032E-03  3.0500E-03  3.3336E-03  3.3336E-03  3.0500E-03
  5.8236282600E+02  4.5477037102E-02  5.9830E-03  6.4181E-03  6.4181E-03  3.8537E-03  3.8537E-03  5.9830E-03  3.0876E-03  3.3962E-03  3.3962E-03  3.0876E-03
  5.8336282600E+02  4.5851463167E-02  6.0910E-03  6.6044E-03  6.6044E-03  3.7479E-03  3.7479E-03  6.0910E-03  3.0319E-03  3.4507E-03  3.4507E-03  3.0319E-03
  5.8436282600E+02  4.9785348156E-02  6.6306E-03  7.3597E-03  7.3597E-03  4.0017E-03  4.0017E-03  6.6306E-03  3.1432E-03  3.7575E-03  3.7575E-03  3.1432E-03
  5.8536282600E+02  4.8225833066E-02  6.5509E-03  7.2008E-03  7.2008E-03  3.8211E-03  3.8211E-03  6.5509E-03  2.9434E-03  3.5968E-03  3.5968E-03  2.9434E-03
  5.8636282600E+02  4.5339067133E-02  6.3250E-03  6.7511E-03  6.7511E-03  3.5234E-03  3.5234E-03  6.3250E-03  2.7171E-03  3.3530E-03  3.3530E-03  2.7171E-03
  5.8736282600E+02  4.4076568804E-02  6.2446E-03  6.5183E-03  6.5183E-03  3.4118E-03  3.4118E-03  6.2446E-03  2.6212E-03  3.2425E-03  3.2425E-03  2.6212E-03
  5.8836282600E+02  4.4657575991E-02  6.3939E-03  6.5374E-03  6.5374E-03  3.4872E-03  3.4872E-03  6.3939E-03  2.6451E-03  3.2653E-03  3.2653E-03  2.6451E-03
  5.8936282600E+02  4.5724790934E-02  6.4263E-03  6.7212E-03  6.7212E-03  3.6528E-03  3.6528E-03  6.4263E-03  2.7343E-03  3.3278E-03  3.3278E-03  2.7343E-03
  5.9036282600E+02  4.6908870254E-02  6.4475E-03  6.8939E-03  6.8939E-03  3.8923E-03  3.8923E-03  6.4475E-03  2.8254E-03  3.3953E-03  3.3953E-03  2.8254E-03
  5.9136282600E+02  4.5581088160E-02  6.2218E-03  6.6803E-03  6.6803E-03  3.8959E-03  3.8959E-03  6.2218E-03  2.7734E-03  3.2191E-03  3.2191E-03  2.7734E-03
  5.9236282600E+02  4.5738822686E-02  6.1979E-03  6.6978E-03  6.6978E-03  4.0043E-03  4.0043E-03  6.1979E-03  2.7952E-03  3.1744E-03  3.1744E-03  2.7952E-03
  5.9336282600E+02  4.5499149884E-02  6.1386E-03  6.6481E-03  6.6481E-03  3.9640E-03  3.9640E-03  6.1386E-03  2.8421E-03  3.1568E-03  3.1568E-03  2.8421E-03
  5.9436282600E+02  4.4591351846E-02  6.0465E-03  6.5204E-03  6.5204E-03  3.7961E-03  3.7961E-03  6.0465E-03  2.8817E-03  3.0509E-03  3.0509E-03  2.8817E-03
  5.9536282600E+02  4.0171415090E-02  5.4469E-03  5.9864E-03  5.9864E-03  3.2461E-03  3.2461E-03  5.4469E-03  2.7390E-03  2.6673E-03  2.6673E-03  2.7390E-03
  5.9636282600E+02  4.0116968639E-02  5.4022E-03  6.0739E-03  6.0739E-03  3.2457E-03  3.2457E-03  5.4022E-03  2.7770E-03  2.5597E-03  2.5597E-03  2.7770E-03
  5.9736282600E+02  4.1754114037E-02  5.6788E-03  6.2933E-03  6.2933E-03  3.4571E-03  3.4571E-03  5.6788E-03  2.8550E-03  2.5929E-03  2.5929E-03  2.8550E-03
  5.9836282600E+02  4.3681895669E-02  6.0011E-03  6.5128E-03  6.5128E-03  3.6911E-03  3.6911E-03  6.0011E-03  2.9628E-03  2.6731E-03  2.6731E-03  2.9628E-03
  5.9936282600E+02  5.2058964694E-02  7.1666E-03  7.7861E-03  7.7861E-03  4.3473E-03  4.3473E-03  7.1666E-03  3.5102E-03  3.2193E-03  3.2193E-03  3.5102E-03
  6.0036282600E+02  5.6394867893E-02  7.7313E-03  8.5089E-03  8.5089E-03  4.6284E-03  4.6284E-03  7.7313E-03  3.8121E-03  3.5168E-03  3.5168E-03  3.8121E-03
  6.0136282600E+02  5.9929743142E-02  8.3540E-03  8.8932E-03  8.8932E-03  4.8861E-03  4.8861E-03  8.3540E-03  4.0653E-03  3.7663E-03  3.7663E-03  4.0653E-03
  6.0236282600E+02  5.5419895449E-02  7.6387E-03  8.2756E-03  8.2756E-03  4.7541E-03  4.7541E-03  7.6387E-03  3.6605E-03  3.3811E-03  3.3811E-03  3.6605E-03
  6.0336282600E+02  4.9002773829E-02  6.8391E-03  7.3086E-03  7.3086E-03  4.3741E-03  4.3741E-03  6.8391E-03  3.1162E-03  2.8635E-03  2.8635E-03  3.1162E-03
  6.0436282600E+02  3.8247605620E-02  4.9403E-03  6.2731E-03  6.2731E-03  3.7058E-03  3.7058E-03  4.9403E-03  2.3107E-03  1.8938E-03  1.8938E-03  2.3107E-03
  6.0536282600E+02  3.6905273661E-02  4.8850E-03  5.9617E-03  5.9617E-03  3.7979E-03  3.7979E-03  4.8850E-03  2.1264E-03  1.6816E-03  1.6816E-03  2.1264E-03
  6.0636282600E+02  3.8361958054E-02  5.3177E-03  5.9881E-03  5.9881E-03  4.1775E-03  4.1775E-03  5.3177E-03  2.0921E-03  1.6056E-03  1.6056E-03  2.0921E-03
  6.0736282600E+02  3.8623703491E-02  5.5452E-03  5.7933E-03  5.7933E-03  4.2959E-03  4.2959E-03  5.5452E-03  2.1157E-03  1.5618E-03  1.5618E-03  2.1157E-03
  6.0836282600E+02  4.0341619209E-02  5.9457E-03  5.8385E-03  5.8385E-03  4.5979E-03  4.5979E-03  5.9457E-03  2.2104E-03  1.5783E-03  1.5783E-03  2.2104E-03
  6.0936282600E+02  4.1674830125E-02  6.2309E-03  5.8979E-03  5.8979E-03  4.8237E-03  4.8237E-03  6.2309E-03  2.2884E-03  1.5965E-03  1.5965E-03  2.2884E-03
  6.1036282600E+02  4.3404694663E-02  6.6206E-03  6.0968E-03  6.0968E-03  4.9739E-03  4.9739E-03  6.6206E-03  2.3632E-03  1.6478E-03  1.6478E-03  2.3632E-03
  6.1136282600E+02  4.1903008580E-02  6.4991E-03  5.8794E-03  5.8794E-03  4.6633E-03  4.6633E-03  6.4991E-03  2.2651E-03  1.6445E-03  1.6445E-03  2.2651E-03
  6.1236282600E+02  4.1889888546E-02  6.5886E-03  5.9569E-03  5.9569E-03  4.4787E-03  4.4787E-03  6.5886E-03  2.2419E-03  1.6788E-03  1.6788E-03  2.2419E-03
  6.1336282600E+02  4.4936208501E-02  7.0943E-03  6.5004E-03  6.5004E-03  4.6779E-03  4.6779E-03  7.0943E-03  2.3775E-03  1.8180E-03  1.8180E-03  2.3775E-03
  6.1436282600E+02  4.9202041072E-02  7.6671E-03  7.3947E-03  7.3947E-03  4.9575E-03  4.9575E-03  7.6671E-03  2.5739E-03  2.0079E-03  2.0079E-03  2.5739E-03
  6.1536282600E+02  4.8625820870E-02  7.5055E-03  7.4095E-03  7.4095E-03  4.8102E-03  4.8102E-03  7.5055E-03  2.5544E-03  2.0333E-03  2.0333E-03  2.5544E-03
  6.1636282600E+02  5.0213088569E-02  7.7223E-03  7.7701E-03  7.7701E-03  4.8892E-03  4.8892E-03  7.7223E-03  2.6023E-03  2.1227E-03  2.1227E-03  2.6023E-03
  6.1736282600E+02  5.2222422068E-02  8.0689E-03  8.1776E-03  8.1776E-03  4.9878E-03  4.9878E-03  8.0689E-03  2.6747E-03  2.2023E-03  2.2023E-03  2.6747E-03
  6.1836282600E+02  5.3642048977E-02  8.2750E-03  8.5561E-03  8.5561E-03  5.0041E-03  5.0041E-03  8.2750E-03  2.7419E-03  2.2439E-03  2.2439E-03  2.7419E-03
  6.1936282600E+02  5.4106952329E-02  8.2411E-03  8.7569E-03  8.7569E-03  5.0219E-03  5.0219E-03  8.2411E-03  2.8079E-03  2.2256E-03  2.2256E-03  2.8079E-03
  6.2036282600E+02  5.3554325826E-02  8.2602E-03  8.6431E-03  8.6431E-03  4.9303E-03  4.9303E-03  8.2602E-03  2.7922E-03  2.1514E-03  2.1514E-03  2.7922E-03
  6.2136282600E+02  5.2647890408E-02  8.2971E-03  8.3922E-03  8.3922E-03  4.8166E-03  4.8166E-03  8.2971E-03  2.7741E-03  2.0439E-03  2.0439E-03  2.7741E-03
  6.2236282600E+02  5.1889547729E-02  8.4078E-03  8.1025E-03  8.1025E-03  4.6919E-03  4.6919E-03  8.4078E-03  2.8184E-03  1.9241E-03  1.9241E-03  2.8184E-03
  6.2336282600E+02  4.8957250390E-02  7.9370E-03  7.6725E-03  7.6725E-03  4.3795E-03  4.3794E-03  7.9370E-03  2.6961E-03  1.7936E-03  1.7936E-03  2.6961E-03
  6.2436282600E+02  4.9631165241E-02  8.1540E-03  7.7747E-03  7.7747E-03  4.3424E-03  4.3423E-03  8.1540E-03  2.7333E-03  1.8112E-03  1.8112E-03  2.7333E-03
  6.2536282600E+02  4.5212712192E-02  7.4049E-03  6.9950E-03  6.9951E-03  4.0782E-03  4.0781E-03  7.4048E-03  2.4713E-03  1.6570E-03  1.6570E-03  2.4713E-03
  6.2636282600E+02  3.2659172523E-02  5.3842E-03  4.7631E-03  4.7633E-03  3.2073E-03  3.2070E-03  5.3839E-03  1.7561E-03  1.2191E-03  1.2191E-03  1.7561E-03
  6.2736282600E+02  2.3843582857E-02  4.0255E-03  3.3724E-03  3.3725E-03  2.5868E-03  2.5867E-03  4.0255E-03  1.0896E-03  8.4758E-04  8.4758E-04  1.0896E-03
  6.2836282600E+02  1.9696885837E-02  3.4160E-03  2.7488E-03  2.7486E-03  2.2969E-03  2.2970E-03  3.4162E-03  7.0363E-04  6.8301E-04  6.8301E-04  7.0363E-04
  6.2936282600E+02  1.7999566687E-02  3.1827E-03  2.5544E-03  2.5543E-03  2.1458E-03  2.1460E-03  3.1829E-03  5.1704E-04  5.9973E-04  5.9973E-04  5.1704E-04
  6.3036282600E+02  1.9908742683E-02  3.5451E-03  2.8597E-03  2.8597E-03  2.3211E-03  2.3211E-03  3.5451E-03  5.8150E-04  6.4695E-04  6.4695E-04  5.8150E-04
  6.3136282600E+02  2.6600508246E-02  4.8050E-03  3.7922E-03  3.7922E-03  3.0217E-03  3.0217E-03  4.8050E-03  8.4054E-04  8.4081E-04  8.4081E-04  8.4054E-04
  6.3236282600E+02  3.5598757487E-02  6.3957E-03  5.0137E-03  5.0137E-03  4.0885E-03  4.0885E-03  6.3957E-03  1.2071E-03  1.0945E-03  1.0945E-03  1.2071E-03
  6.3336282600E+02  4.3983390931E-02  7.8804E-03  6.2405E-03  6.2405E-03  4.9724E-03  4.9724E-03  7.8804E-03  1.5182E-03  1.3803E-03  1.3803E-03  1.5182E-03
  6.3436282600E+02  5.1610147132E-02  9.2113E-03  7.3563E-03  7.3563E-03  5.8662E-03  5.8662E-03  9.2113E-03  1.7486E-03  1.6226E-03  1.6226E-03  1.7486E-03
  6.3536282600E+02  5.7308129961E-02  1.0141E-02  8.3751E-03  8.3751E-03  6.4364E-03  6.4364E-03  1.0141E-02  1.8909E-03  1.8106E-03  1.8106E-03  1.8909E-03
  6.3636282600E+02  6.0103223969E-02  1.0553E-02  9.3033E-03  9.3033E-03  6.1513E-03  6.1513E-03  1.0553E-02  2.0333E-03  2.0110E-03  2.0110E-03  2.0333E-03
  6.3736282600E+02  7.0950261235E-02  1.2348E-02  1.1482E-02  1.1482E-02  6.8719E-03  6.8719E-03  1.2348E-02  2.3169E-03  2.4564E-03  2.4564E-03  2.3169E-03
  6.3836282600E+02  7.8970833426E-02  1.3407E-02  1.2854E-02  1.2854E-02  7.7645E-03  7.7645E-03  1.3407E-02  2.5352E-03  2.9256E-03  2.9256E-03  2.5352E-03
  6.3936282600E+02  8.6971426319E-02  1.4312E-02  1.3947E-02  1.3947E-02  8.9335E-03  8.9335E-03  1.4312E-02  2.8824E-03  3.4107E-03  3.4107E-03  2.8824E-03
  6.4036282600E+02  7.4007038629E-02  1.1902E-02  1.1743E-02  1.1743E-02  7.9820E-03  7.9820E-03  1.1902E-02  2.2928E-03  3.0832E-03  3.0832E-03  2.2928E-03
  6.4136282600E+02  7.3801075692E-02  1.1639E-02  1.1690E-02  1.1690E-02  8.1816E-03  8.1816E-03  1.1639E-02  2.2876E-03  3.1024E-03  3.1024E-03  2.2876E-03
  6.4236282600E+02  7.3424236216E-02  1.1409E-02  1.1658E-02  1.1658E-02  8.1684E-03  8.1684E-03  1.1409E-02  2.3661E-03  3.1114E-03  3.1114E-03  2.3661E-03
  6.4336282600E+02  7.9189930851E-02  1.2327E-02  1.2574E-02  1.2574E-02  8.6474E-03  8.6474E-03  1.2327E-02  2.7282E-03  3.3192E-03  3.3192E-03  2.7282E-03
  6.4436282600E+02  7.8422902029E-02  1.2042E-02  1.2587E-02  1.2587E-02  8.5006E-03  8.5006E-03  1.2042E-02  2.8451E-03  3.2362E-03  3.2362E-03  2.8451E-03
  6.4536282600E+02  7.7432800601E-02  1.1700E-02  1.2469E-02  1.2469E-02  8.4590E-03  8.4590E-03  1.1700E-02  2.9219E-03  3.1671E-03  3.1671E-03  2.9219E-03
  6.4636282600E+02  7.2861889945E-02  1.0876E-02  1.1743E-02  1.1743E-02  7.9798E-03  7.9798E-03  1.0876E-02  2.8409E-03  2.9910E-03  2.9910E-03  2.8409E-03
  6.4736282600E+02  6.8701323956E-02  1.0105E-02  1.1074E-02  1.1074E-02  7.5907E-03  7.5907E-03  1.0105E-02  2.7605E-03  2.8205E-03  2.8205E-03  2.7605E-03
  6.4836282600E+02  6.7365220732E-02  9.7421E-03  1.0859E-02  1.0859E-02  7.5437E-03  7.5437E-03  9.7421E-03  2.7840E-03  2.7540E-03  2.7540E-03  2.7840E-03
  6.4936282600E+02  6.8282426639E-02  9.7201E-03  1.1081E-02  1.1081E-02  7.6684E-03  7.6684E-03  9.7201E-03  2.8536E-03  2.8176E-03  2.8176E-03  2.8536E-03
  6.5036282600E+02  6.3876264048E-02  8.8978E-03  1.0231E-02  1.0231E-02  7.3939E-03  7.3939E-03  8.8978E-03  2.7717E-03  2.6434E-03  2.6434E-03  2.7717E-03
  6.5136282600E+02  6.1387685773E-02  8.4090E-03  9.7613E-03  9.7613E-03  7.2073E-03  7.2073E-03  8.4090E-03  2.7226E-03  2.5937E-03  2.5937E-03  2.7226E-03
  6.5236282600E+02  6.1697354077E-02  8.2598E-03  9.7515E-03  9.7515E-03  7.4086E-03  7.4086E-03  8.2598E-03  2.7802E-03  2.6487E-03  2.6487E-03  2.7802E-03
  6.5336282600E+02  5.7199993750E-02  7.3513E-03  8.8451E-03  8.8451E-03  7.2035E-03  7.2035E-03  7.3513E-03  2.6805E-03  2.5196E-03  2.5196E-03  2.6805E-03
  6.5436282600E+02  5.0078261308E-02  6.1444E-03  7.6868E-03  7.6868E-03  6.5789E-03  6.5789E-03  6.1444E-03  2.4400E-03  2.1890E-03  2.1890E-03  2.4400E-03
  6.5536282600E+02  4.4388101831E-02  5.2037E-03  6.8225E-03  6.8225E-03  6.0115E-03  6.0115E-03  5.2037E-03  2.2362E-03  1.9202E-03  1.9202E-03  2.2362E-03
  6.5636282600E+02  4.3976355701E-02  4.9848E-03  6.8083E-03  6.8083E-03  6.0113E-03  6.0113E-03  4.9848E-03  2.3047E-03  1.8791E-03  1.8791E-03  2.3047E-03
  6.5736282600E+02  4.4414808791E-02  4.9198E-03  7.0495E-03  7.0495E-03  5.9677E-03  5.9677E-03  4.9198E-03  2.4101E-03  1.8602E-03  1.8602E-03  2.4101E-03
  6.5836282600E+02  4.1961705467E-02  4.9657E-03  6.6919E-03  6.6919E-03  5.1333E-03  5.1333E-03  4.9657E-03  2.3822E-03  1.8078E-03  1.8078E-03  2.3822E-03
  6.5936282600E+02  3.7001736235E-02  4.4851E-03  5.7987E-03  5.7987E-03  4.4014E-03  4.4014E-03  4.4851E-03  2.1557E-03  1.6600E-03  1.6600E-03  2.1557E-03
  6.6036282600E+02  3.1922173945E-02  3.8488E-03  4.8901E-03  4.8901E-03  3.8313E-03  3.8313E-03  3.8488E-03  1.8920E-03  1.4989E-03  1.4989E-03  1.8920E-03
  6.6136282600E+02  3.0396158134E-02  3.5563E-03  4.4323E-03  4.4323E-03  3.8010E-03  3.8011E-03  3.5563E-03  1.8731E-03  1.5354E-03  1.5354E-03  1.8731E-03
  6.6236282600E+02  1.5769410058E-02  1.6876E-03  2.3280E-03  2.3280E-03  1.8883E-03  1.8883E-03  1.6876E-03  1.1285E-03  8.5229E-04  8.5229E-04  1.1285E-03
  6.6336282600E+02  1.2674081550E-02  1.3032E-03  1.7662E-03  1.7662E-03  1.5069E-03  1.5069E-03  1.3031E-03  9.9730E-04  7.6353E-04  7.6354E-04  9.9730E-04
  6.6436282600E+02  1.0228253489E-02  1.0028E-03  1.3623E-03  1.3623E-03  1.1822E-03  1.1822E-03  1.0027E-03  8.8090E-04  6.8597E-04  6.8597E-04  8.8091E-04
  6.6536282600E+02  9.0750122252E-03  8.8167E-04  1.1856E-03  1.1856E-03  1.0208E-03  1.0208E-03  8.8168E-04  8.0973E-04  6.3970E-04  6.3970E-04  8.0972E-04
  6.6636282600E+02  8.7858301009E-03  8.6753E-04  1.1362E-03  1.1360E-03  9.7573E-04  9.7577E-04  8.6757E-04  7.8437E-04  6.2916E-04  6.2916E-04  7.8436E-04
  6.6736282600E+02  7.9333209638E-03  8.0235E-04  1.0199E-03  1.0198E-03  8.6472E-04  8.6474E-04  8.0236E-04  7.0511E-04  5.7462E-04  5.7462E-04  7.0511E-04
  6.6836282600E+02  7.2062164336E-03  7.4942E-04  9.1456E-04  9.1455E-04  7.7778E-04  7.7778E-04  7.4942E-04  6.3375E-04  5.2760E-04  5.2760E-04  6.3375E-04
  6.6936282600E+02  6.6669485149E-03  7.1797E-04  8.3512E-04  8.3517E-04  7.1615E-04  7.1614E-04  7.1796E-04  5.7555E-04  4.8866E-04  4.8866E-04  5.7556E-04
  6.7036282600E+02  6.4601660381E-03  7.2144E-04  7.9483E-04  7.9490E-04  6.9822E-04  6.9820E-04  7.2142E-04  5.4455E-04  4.7103E-04  4.7103E-04  5.4455E-04
  6.7136282600E+02  6.0521517423E-03  7.0984E-04  7.3303E-04  7.3310E-04  6.6227E-04  6.6226E-04  7.0982E-04  4.8921E-04  4.3171E-04  4.3171E-04  4.8921E-04
  6.7236282600E+02  6.0137059914E-03  7.4577E-04  7.2919E-04  7.2922E-04  6.9841E-04  6.9840E-04  7.4576E-04  4.3943E-04  3.9405E-04  3.9405E-04  4.3943E-04
  6.7336282600E+02  5.2690716445E-03  7.0288E-04  6.5733E-04  6.5734E-04  6.2119E-04  6.2119E-04  7.0287E-04  3.4230E-04  3.1083E-04  3.1084E-04  3.4230E-04
  6.7436282600E+02  5.1396574203E-03  7.1009E-04  6.6219E-04  6.6219E-04  6.0458E-04  6.0458E-04  7.1009E-04  3.1079E-04  2.8218E-04  2.8218E-04  3.1079E-04
  6.7536282600E+02  4.7989695075E-03  6.9245E-04  6.3431E-04  6.3431E-04  5.6800E-04  5.6800E-04  6.9245E-04  2.6071E-04  2.4400E-04  2.4400E-04  2.6071E-04
  6.7636282600E+02  3.2690262193E-03  5.5538E-04  5.0031E-04  5.0031E-04  4.0652E-04  4.0652E-04  5.5538E-04  9.2773E-05  7.9526E-05  7.9526E-05  9.2773E-05
  6.7736282600E+02  3.2110191593E-03  5.6828E-04  5.1536E-04  5.1536E-04  4.0585E-04  4.0585E-04  5.6828E-04  6.4508E-05  5.1514E-05  5.1514E-05  6.4508E-05
  6.7836282600E+02  3.6343926864E-03  6.4777E-04  5.8329E-04  5.8329E-04  4.5797E-04  4.5797E-04  6.4777E-04  7.0494E-05  5.7677E-05  5.7677E-05  7.0494E-05
  6.7936282600E+02  3.9940215821E-03  7.1068E-04  6.2657E-04  6.2657E-04  5.1605E-04  5.1605E-04  7.1068E-04  7.7896E-05  6.5814E-05  6.5814E-05  7.7896E-05
  6.8036282600E+02  4.2933619804E-03  7.6390E-04  6.5621E-04  6.5621E-04  5.7093E-04  5.7093E-04  7.6390E-04  8.3590E-05  7.2050E-05  7.2050E-05  8.3590E-05
  6.8136282600E+02  4.6800417824E-03  8.3435E-04  7.0221E-04  7.0221E-04  6.3100E-04  6.3100E-04  8.3435E-04  9.2420E-05  8.0041E-05  8.0041E-05  9.2420E-05
  6.8236282600E+02  5.3741600810E-03  9.3608E-04  7.9742E-04  7.9742E-04  7.5444E-04  7.5444E-04  9.3608E-04  1.0577E-04  9.3363E-05  9.3363E-05  1.0577E-04
  6.8336282600E+02  6.0012983420E-03  1.0298E-03  9.0909E-04  9.0909E-04  8.3657E-04  8.3657E-04  1.0298E-03  1.2124E-04  1.0391E-04  1.0391E-04  1.2124E-04
  6.8436282600E+02  6.6524318808E-03  1.1301E-03  1.0444E-03  1.0444E-03  8.9594E-04  8.9594E-04  1.1301E-03  1.3955E-04  1.1617E-04  1.1617E-04  1.3955E-04
  6.8536282600E+02  7.0754775711E-03  1.1894E-03  1.1218E-03  1.1218E-03  9.4975E-04  9.4975E-04  1.1894E-03  1.5068E-04  1.2611E-04  1.2611E-04  1.5068E-04
  6.8636282600E+02  7.4436000825E-03  1.2370E-03  1.1786E-03  1.1786E-03  1.0099E-03  1.0099E-03  1.2370E-03  1.5994E-04  1.3629E-04  1.3629E-04  1.5994E-04
  6.8736282600E+02  7.8964862335E-03  1.3019E-03  1.2412E-03  1.2412E-03  1.0850E-03  1.0850E-03  1.3019E-03  1.7177E-04  1.4827E-04  1.4827E-04  1.7177E-04
  6.8836282600E+02  8.5657884648E-03  1.4123E-03  1.3363E-03  1.3363E-03  1.1823E-03  1.1823E-03  1.4123E-03  1.8780E-04  1.6419E-04  1.6419E-04  1.8780E-04
  6.8936282600E+02  9.2899499028E-03  1.5312E-03  1.4350E-03  1.4350E-03  1.2906E-03  1.2906E-03  1.5312E-03  2.0642E-04  1.8180E-04  1.8180E-04  2.0642E-04
  6.9036282600E+02  9.9320081579E-03  1.6316E-03  1.5190E-03  1.5190E-03  1.3945E-03  1.3945E-03  1.6316E-03  2.2398E-04  1.9695E-04  1.9695E-04  2.2398E-04
  6.9136282600E+02  1.0974065833E-02  1.7936E-03  1.6714E-03  1.6714E-03  1.5572E-03  1.5572E-03  1.7936E-03  2.4820E-04  2.1663E-04  2.1663E-04  2.4820E-04
  6.9236282600E+02  1.2053128959E-02  1.9206E-03  1.8687E-03  1.8687E-03  1.7249E-03  1.7249E-03  1.9206E-03  2.7570E-04  2.3662E-04  2.3662E-04  2.7570E-04
  6.9336282600E+02  1.2663966048E-02  1.9885E-03  1.9851E-03  1.9851E-03  1.8088E-03  1.8088E-03  1.9885E-03  2.9566E-04  2.5396E-04  2.5396E-04  2.9566E-04
  6.9436282600E+02  1.3717713559E-02  2.1431E-03  2.1740E-03  2.1740E-03  1.9365E-03  1.9365E-03  2.1431E-03  3.2397E-04  2.8129E-04  2.8129E-04  3.2397E-04
  6.9536282600E+02  1.4091096870E-02  2.1633E-03  2.2105E-03  2.2105E-03  2.0390E-03  2.0390E-03  2.1633E-03  3.3697E-04  2.9567E-04  2.9567E-04  3.3697E-04
  6.9636282600E+02  1.5045023711E-02  2.2972E-03  2.3541E-03  2.3541E-03  2.1898E-03  2.1898E-03  2.2972E-03  3.6171E-04  3.1973E-04  3.1973E-04  3.6171E-04
  6.9736282600E+02  1.6067985586E-02  2.4385E-03  2.5056E-03  2.5056E-03  2.3553E-03  2.3553E-03  2.4385E-03  3.8942E-04  3.4517E-04  3.4517E-04  3.8942E-04
  6.9836282600E+02  1.7217306941E-02  2.5928E-03  2.6747E-03  2.6747E-03  2.5467E-03  2.5467E-03  2.5928E-03  4.2157E-04  3.7288E-04  3.7288E-04  4.2157E-04
  6.9936282600E+02  2.2605439608E-02  3.6237E-03  3.7268E-03  3.7268E-03  2.9866E-03  2.9866E-03  3.6237E-03  5.3301E-04  4.3261E-04  4.3261E-04  5.3301E-04
  7.0036282600E+02  2.0924841574E-02  3.0501E-03  3.3046E-03  3.3046E-03  3.1453E-03  3.1453E-03  3.0501E-03  5.1191E-04  4.5045E-04  4.5045E-04  5.1191E-04
  7.0136282600E+02  2.1405644930E-02  3.0488E-03  3.3920E-03  3.3920E-03  3.2519E-03  3.2519E-03  3.0488E-03  5.3684E-04  4.7336E-04  4.7336E-04  5.3684E-04
  7.0236282600E+02  2.2766182491E-02  3.2055E-03  3.6109E-03  3.6109E-03  3.4805E-03  3.4805E-03  3.2055E-03  5.7589E-04  5.1030E-04  5.1030E-04  5.7589E-04
  7.0336282600E+02  2.4521355171E-02  3.4141E-03  3.8944E-03  3.8944E-03  3.7761E-03  3.7761E-03  3.4141E-03  6.2281E-04  5.5327E-04  5.5327E-04  6.2281E-04
  7.0436282600E+02  2.6409853419E-02  3.6313E-03  4.2054E-03  4.2054E-03  4.0982E-03  4.0982E-03  3.6313E-03  6.7353E-04  5.9652E-04  5.9652E-04  6.7353E-04
  7.0536282600E+02  3.0732617950E-02  4.3303E-03  5.0161E-03  5.0161E-03  4.5962E-03  4.5962E-03  4.3303E-03  7.6345E-04  6.6031E-04  6.6031E-04  7.6345E-04
  7.0636282600E+02  3.2323847400E-02  4.2584E-03  5.1402E-03  5.1402E-03  5.2428E-03  5.2428E-03  4.2584E-03  8.0068E-04  7.1993E-04  7.1993E-04  8.0068E-04
  7.0736282600E+02  3.4100414511E-02  4.4837E-03  5.4517E-03  5.4517E-03  5.4857E-03  5.4857E-03  4.4837E-03  8.5663E-04  7.7248E-04  7.7248E-04  8.5663E-04
  7.0836282600E+02  3.7050050451E-02  4.8356E-03  5.8407E-03  5.8407E-03  6.0800E-03  6.0800E-03  4.8356E-03  9.2675E-04  8.4198E-04  8.4198E-04  9.2675E-04
  7.0936282600E+02  4.1164263523E-02  5.3672E-03  6.3992E-03  6.3992E-03  6.8737E-03  6.8737E-03  5.3672E-03  1.0143E-03  9.2782E-04  9.2782E-04  1.0143E-03
  7.1036282600E+02  4.9407925408E-02  6.6479E-03  7.6948E-03  7.6948E-03  8.1345E-03  8.1345E-03  6.6479E-03  1.1629E-03  1.0639E-03  1.0639E-03  1.1629E-03
  7.1136282600E+02  5.6262667153E-02  7.1813E-03  8.7223E-03  8.7223E-03  9.7095E-03  9.7095E-03  7.1813E-03  1.3147E-03  1.2036E-03  1.2036E-03  1.3147E-03
  7.1236282600E+02  6.6821510730E-02  8.1951E-03  1.0419E-02  1.0419E-02  1.1870E-02  1.1870E-02  8.1951E-03  1.5611E-03  1.3657E-03  1.3657E-03  1.5611E-03
  7.1336282600E+02  8.1509951474E-02  9.5956E-03  1.2865E-02  1.2865E-02  1.4898E-02  1.4898E-02  9.5956E-03  1.8677E-03  1.5286E-03  1.5286E-03  1.8677E-03
  7.1436282600E+02  1.5978665186E-01  1.7077E-02  2.4578E-02  2.4578E-02  3.2537E-02  3.2537E-02  1.7077E-02  3.2196E-03  2.4821E-03  2.4821E-03  3.2196E-03
  7.1536282600E+02  1.4189977106E-01  1.5513E-02  2.2733E-02  2.2733E-02  2.7616E-02  2.7616E-02  1.5513E-02  2.9544E-03  2.1334E-03  2.1334E-03  2.9544E-03
  7.1636282600E+02  1.1206321921E-01  1.3333E-02  1.5476E-02  1.5476E-02  2.3281E-02  2.3281E-02  1.3333E-02  2.1356E-03  1.8054E-03  1.8054E-03  2.1356E-03
  7.1736282600E+02  1.1670595126E-01  1.4468E-02  1.2033E-02  1.2033E-02  2.7901E-02  2.7901E-02  1.4468E-02  2.0029E-03  1.9483E-03  1.9483E-03  2.0029E-03
  7.1836282600E+02  1.2828285475E-01  1.1421E-02  9.6105E-03  9.6105E-03  3.8861E-02  3.8861E-02  1.1421E-02  1.9962E-03  2.2533E-03  2.2533E-03  1.9962E-03
  7.1936282600E+02  1.5694286521E-01  1.4237E-02  1.2546E-02  1.2546E-02  4.6892E-02  4.6892E-02  1.4237E-02  2.1634E-03  2.6329E-03  2.6329E-03  2.1634E-03
  7.2036282600E+02  8.9352031078E-02  8.5034E-03  7.0332E-03  7.0332E-03  2.5061E-02  2.5061E-02  8.5034E-03  1.7805E-03  2.2978E-03  2.2978E-03  1.7805E-03
  7.2136282600E+02  6.1038247916E-02  6.4125E-03  4.5189E-03  4.5189E-03  1.5827E-02  1.5827E-02  6.4125E-03  1.6345E-03  2.1264E-03  2.1264E-03  1.6345E-03
  7.2236282600E+02  5.1520730422E-02  5.7498E-03  3.8921E-03  3.8921E-03  1.2389E-02  1.2389E-02  5.7498E-03  1.6239E-03  2.1054E-03  2.1054E-03  1.6239E-03
  7.2336282600E+02  4.2442417842E-02  4.9908E-03  3.3259E-03  3.3259E-03  9.4247E-03  9.4247E-03  4.9908E-03  1.4938E-03  1.9860E-03  1.9860E-03  1.4938E-03
  7.2436282600E+02  3.8999708375E-02  4.7895E-03  3.1961E-03  3.1961E-03  7.9545E-03  7.9545E-03  4.7895E-03  1.5396E-03  2.0202E-03  2.0202E-03  1.5396E-03
  7.2536282600E+02  3.6159525551E-02  4.5617E-03  3.0564E-03  3.0564E-03  6.8897E-03  6.8897E-03  4.5617E-03  1.5441E-03  2.0279E-03  2.0279E-03  1.5441E-03
  7.2636282600E+02  3.3633414120E-02  4.2385E-03  2.9034E-03  2.9034E-03  6.1012E-03  6.1012E-03  4.2385E-03  1.5506E-03  2.0230E-03  2.0230E-03  1.5506E-03
  7.2736282600E+02  2.9474891364E-02  3.6560E-03  2.6001E-03  2.6001E-03  5.2384E-03  5.2384E-03  3.6560E-03  1.3947E-03  1.8483E-03  1.8483E-03  1.3947E-03
  7.2836282600E+02  2.3464995715E-02  2.9085E-03  2.1620E-03  2.1620E-03  4.1066E-03  4.1066E-03  2.9085E-03  1.1022E-03  1.4532E-03  1.4532E-03  1.1022E-03
  7.2936282600E+02  1.8874888332E-02  2.3881E-03  1.8839E-03  1.8839E-03  3.2006E-03  3.2006E-03  2.3881E-03  8.6322E-04  1.1016E-03  1.1016E-03  8.6322E-04
  7.3036282600E+02  1.5855373060E-02  2.0890E-03  1.7475E-03  1.7475E-03  2.5177E-03  2.5177E-03  2.0890E-03  7.1355E-04  8.5999E-04  8.5999E-04  7.1355E-04
  7.3136282600E+02  1.3738584822E-02  1.9324E-03  1.7112E-03  1.7112E-03  1.9518E-03  1.9518E-03  1.9324E-03  6.0230E-04  6.7159E-04  6.7159E-04  6.0230E-04
  7.3236282600E+02  9.0354113883E-03  1.5217E-03  1.3451E-03  1.3451E-03  9.7551E-04  9.7551E-04  1.5217E-03  3.3099E-04  3.4445E-04  3.4445E-04  3.3099E-04
  7.3336282600E+02  8.3042689688E-03  1.4690E-03  1.2998E-03  1.2998E-03  7.9839E-04  7.9839E-04  1.4690E-03  2.8751E-04  2.9744E-04  2.9744E-04  2.8751E-04
  7.3436282600E+02  1.0127759590E-02  1.7561E-03  1.6014E-03  1.6014E-03  9.4060E-04  9.4060E-04  1.7561E-03  3.7680E-04  3.8902E-04  3.8902E-04  3.7680E-04
  7.3536282600E+02  1.2506276482E-02  2.1033E-03  1.9686E-03  1.9686E-03  1.1656E-03  1.1656E-03  2.1033E-03  5.0126E-04  5.1439E-04  5.1439E-04  5.0126E-04
  7.3636282600E+02  1.4487832262E-02  2.3614E-03  2.2532E-03  2.2532E-03  1.3884E-03  1.3884E-03  2.3614E-03  6.1321E-04  6.2769E-04  6.2769E-04  6.1321E-04
  7.3736282600E+02  1.5544653080E-02  2.4600E-03  2.3747E-03  2.3747E-03  1.5630E-03  1.5630E-03  2.4600E-03  6.8265E-04  6.9200E-04  6.9200E-04  6.8265E-04
  7.3836282600E+02  1.5935372077E-02  2.4611E-03  2.3971E-03  2.3971E-03  1.6606E-03  1.6606E-03  2.4611E-03  7.2165E-04  7.2722E-04  7.2722E-04  7.2165E-04
  7.3936282600E+02  1.6132770734E-02  2.4420E-03  2.3974E-03  2.3974E-03  1.7265E-03  1.7265E-03  2.4420E-03  7.4832E-04  7.5218E-04  7.5218E-04  7.4832E-04
  7.4036282600E+02  1.6256918680E-02  2.4138E-03  2.3933E-03  2.3933E-03  1.7750E-03  1.7750E-03  2.4138E-03  7.7232E-04  7.7397E-04  7.7397E-04  7.7232E-04
  7.4136282600E+02  1.6522806202E-02  2.4051E-03  2.4098E-03  2.4098E-03  1.8386E-03  1.8386E-03  2.4051E-03  8.0414E-04  8.0378E-04  8.0378E-04  8.0414E-04
  7.4236282600E+02  1.6812148233E-02  2.4014E-03  2.4290E-03  2.4290E-03  1.9040E-03  1.9040E-03  2.4014E-03  8.3681E-04  8.3482E-04  8.3482E-04  8.3681E-04
  7.4336282600E+02  1.7058866096E-02  2.3928E-03  2.4403E-03  2.4403E-03  1.9665E-03  1.9665E-03  2.3928E-03  8.6666E-04  8.6319E-04  8.6319E-04  8.6666E-04
  7.4436282600E+02  1.7362678702E-02  2.3918E-03  2.4595E-03  2.4595E-03  2.0360E-03  2.0360E-03  2.3918E-03  8.9918E-04  8.9487E-04  8.9487E-04  8.9918E-04
  7.4536282600E+02  1.7826163354E-02  2.4095E-03  2.5027E-03  2.5027E-03  2.1227E-03  2.1227E-03  2.4095E-03  9.4142E-04  9.3673E-04  9.3673E-04  9.4142E-04
  7.4636282600E+02  1.8316421802E-02  2.4316E-03  2.5511E-03  2.5511E-03  2.2094E-03  2.2094E-03  2.4316E-03  9.8512E-04  9.8099E-04  9.8099E-04  9.8512E-04
  7.4736282600E+02  1.8658959054E-02  2.4392E-03  2.5795E-03  2.5795E-03  2.2730E-03  2.2730E-03  2.4392E-03  1.0205E-03  1.0173E-03  1.0173E-03  1.0205E-03
  7.4836282600E+02  1.8823662375E-02  2.4245E-03  2.5861E-03  2.5861E-03  2.3121E-03  2.3121E-03  2.4245E-03  1.0458E-03  1.0434E-03  1.0434E-03  1.0458E-03
  7.4936282600E+02  1.9158296829E-02  2.4307E-03  2.6199E-03  2.6199E-03  2.3675E-03  2.3675E-03  2.4307E-03  1.0811E-03  1.0799E-03  1.0799E-03  1.0811E-03
  7.5036282600E+02  1.9420347698E-02  2.4283E-03  2.6423E-03  2.6423E-03  2.4137E-03  2.4137E-03  2.4283E-03  1.1134E-03  1.1125E-03  1.1125E-03  1.1134E-03
  7.5136282600E+02  1.9800361019E-02  2.4407E-03  2.6822E-03  2.6822E-03  2.4728E-03  2.4728E-03  2.4407E-03  1.1522E-03  1.1523E-03  1.1523E-03  1.1522E-03
  7.5236282600E+02  2.0211560267E-02  2.4567E-03  2.7280E-03  2.7280E-03  2.5346E-03  2.5346E-03  2.4567E-03  1.1921E-03  1.1944E-03  1.1944E-03  1.1921E-03
  7.5336282600E+02  2.0496425544E-02  2.4633E-03  2.7551E-03  2.7551E-03  2.5764E-03  2.5764E-03  2.4633E-03  1.2241E-03  1.2294E-03  1.2294E-03  1.2241E-03
  7.5436282600E+02  2.0812376808E-02  2.4784E-03  2.7853E-03  2.7853E-03  2.6198E-03  2.6198E-03  2.4784E-03  1.2575E-03  1.2652E-03  1.2652E-03  1.2575E-03
  7.5536282600E+02  2.1103004573E-02  2.4938E-03  2.8127E-03  2.8127E-03  2.6547E-03  2.6547E-03  2.4938E-03  1.2899E-03  1.3003E-03  1.3003E-03  1.2899E-03
  7.5636282600E+02  2.1563303189E-02  2.5250E-03  2.8663E-03  2.8663E-03  2.7102E-03  2.7102E-03  2.5250E-03  1.3332E-03  1.3470E-03  1.3470E-03  1.3332E-03
  7.5736282600E+02  2.2137707044E-02  2.5651E-03  2.9368E-03  2.9368E-03  2.7829E-03  2.7829E-03  2.5651E-03  1.3831E-03  1.4010E-03  1.4010E-03  1.3831E-03
  7.5836282600E+02  2.2590440353E-02  2.5972E-03  2.9943E-03  2.9943E-03  2.8298E-03  2.8298E-03  2.5972E-03  1.4260E-03  1.4479E-03  1.4479E-03  1.4260E-03
  7.5936282600E+02  2.2916879341E-02  2.6309E-03  3.0355E-03  3.0355E-03  2.8453E-03  2.8453E-03  2.6309E-03  1.4607E-03  1.4860E-03  1.4860E-03  1.4607E-03
  7.6036282600E+02  2.3473714608E-02  2.6874E-03  3.1108E-03  3.1108E-03  2.8895E-03  2.8895E-03  2.6874E-03  1.5097E-03  1.5395E-03  1.5395E-03  1.5097E-03
  7.6136282600E+02  2.3767111603E-02  2.7302E-03  3.1453E-03  3.1453E-03  2.8908E-03  2.8908E-03  2.7302E-03  1.5413E-03  1.5759E-03  1.5759E-03  1.5413E-03
  7.6236282600E+02  2.4493300432E-02  2.8189E-03  3.2433E-03  3.2433E-03  2.9448E-03  2.9448E-03  2.8189E-03  1.5986E-03  1.6410E-03  1.6410E-03  1.5986E-03
  7.6336282600E+02  2.6088329513E-02  3.0208E-03  3.4703E-03  3.4703E-03  3.0799E-03  3.0799E-03  3.0208E-03  1.7090E-03  1.7641E-03  1.7641E-03  1.7090E-03
  7.6436282600E+02  2.8038952324E-02  3.1952E-03  3.7574E-03  3.7574E-03  3.3023E-03  3.3023E-03  3.1952E-03  1.8508E-03  1.9139E-03  1.9139E-03  1.8508E-03
  7.6536282600E+02  2.9155655037E-02  3.2504E-03  3.9075E-03  3.9075E-03  3.4631E-03  3.4631E-03  3.2504E-03  1.9386E-03  2.0182E-03  2.0182E-03  1.9386E-03
  7.6636282600E+02  2.7436765362E-02  3.1116E-03  3.6520E-03  3.6520E-03  3.1985E-03  3.1985E-03  3.1116E-03  1.8359E-03  1.9203E-03  1.9203E-03  1.8359E-03
  7.6736282600E+02  2.6657848657E-02  3.0160E-03  3.5277E-03  3.5277E-03  3.1073E-03  3.1073E-03  3.0160E-03  1.7942E-03  1.8837E-03  1.8837E-03  1.7942E-03
  7.6836282600E+02  2.5538357491E-02  2.8797E-03  3.3470E-03  3.3470E-03  2.9817E-03  2.9817E-03  2.8797E-03  1.7359E-03  1.8248E-03  1.8248E-03  1.7359E-03
  7.6936282600E+02  2.4740195190E-02  2.7939E-03  3.2087E-03  3.2087E-03  2.8769E-03  2.8769E-03  2.7939E-03  1.7019E-03  1.7888E-03  1.7888E-03  1.7019E-03
  7.7036282600E+02  2.4094194168E-02  2.7443E-03  3.0893E-03  3.0893E-03  2.7759E-03  2.7759E-03  2.7443E-03  1.6775E-03  1.7600E-03  1.7600E-03  1.6775E-03
  7.7136282600E+02  2.6260528727E-02  3.0748E-03  3.4462E-03  3.4462E-03  2.8655E-03  2.8655E-03  3.0748E-03  1.8353E-03  1.9084E-03  1.9084E-03  1.8353E-03
  7.7236282600E+02  2.5182977280E-02  3.1990E-03  3.2948E-03  3.2948E-03  2.4687E-03  2.4687E-03  3.1990E-03  1.7917E-03  1.8373E-03  1.8373E-03  1.7917E-03
  7.7336282600E+02  2.4257533111E-02  3.1744E-03  3.2217E-03  3.2217E-03  2.2174E-03  2.2174E-03  3.1744E-03  1.7394E-03  1.7759E-03  1.7759E-03  1.7394E-03
  7.7436282600E+02  2.7624519820E-02  3.8547E-03  3.7377E-03  3.7377E-03  2.2269E-03  2.2269E-03  3.8547E-03  1.9786E-03  2.0143E-03  2.0143E-03  1.9786E-03
  7.7536282600E+02  3.0606447873E-02  4.3682E-03  4.1465E-03  4.1465E-03  2.3451E-03  2.3451E-03  4.3682E-03  2.2067E-03  2.2367E-03  2.2367E-03  2.2067E-03
  7.7636282600E+02  3.1252696009E-02  4.5587E-03  4.2972E-03  4.2972E-03  2.2141E-03  2.2141E-03  4.5587E-03  2.2651E-03  2.2913E-03  2.2913E-03  2.2651E-03
  7.7736282600E+02  3.1194351706E-02  4.6178E-03  4.3135E-03  4.3135E-03  2.0923E-03  2.0923E-03  4.6178E-03  2.2739E-03  2.2998E-03  2.2998E-03  2.2739E-03
  7.7836282600E+02  3.0976763487E-02  4.6595E-03  4.3258E-03  4.3258E-03  1.9461E-03  1.9461E-03  4.6595E-03  2.2651E-03  2.2918E-03  2.2918E-03  2.2651E-03
  7.7936282600E+02  2.8604748194E-02  4.2803E-03  3.9485E-03  3.9485E-03  1.8064E-03  1.8064E-03  4.2803E-03  2.1215E-03  2.1457E-03  2.1457E-03  2.1215E-03
  7.8036282600E+02  2.6384658090E-02  3.9165E-03  3.5730E-03  3.5730E-03  1.7015E-03  1.7015E-03  3.9165E-03  1.9903E-03  2.0110E-03  2.0110E-03  1.9903E-03
  7.8136282600E+02  2.4991942824E-02  3.7052E-03  3.3096E-03  3.3096E-03  1.6321E-03  1.6321E-03  3.7052E-03  1.9161E-03  1.9330E-03  1.9330E-03  1.9161E-03
  7.8236282600E+02  2.4175788046E-02  3.5988E-03  3.1285E-03  3.1285E-03  1.5858E-03  1.5858E-03  3.5988E-03  1.8829E-03  1.8918E-03  1.8918E-03  1.8829E-03
  7.8336282600E+02  2.3160388553E-02  3.4700E-03  2.9417E-03  2.9417E-03  1.5104E-03  1.5104E-03  3.4700E-03  1.8297E-03  1.8285E-03  1.8285E-03  1.8297E-03
  7.8436282600E+02  2.1973222024E-02  3.2850E-03  2.7688E-03  2.7688E-03  1.4251E-03  1.4251E-03  3.2850E-03  1.7563E-03  1.7513E-03  1.7513E-03  1.7563E-03
  7.8536282600E+02  2.0977774213E-02  3.1042E-03  2.6414E-03  2.6414E-03  1.3613E-03  1.3613E-03  3.1042E-03  1.6959E-03  1.6860E-03  1.6860E-03  1.6959E-03
  7.8636282600E+02  2.0080045567E-02  2.9594E-03  2.5240E-03  2.5240E-03  1.2869E-03  1.2869E-03  2.9594E-03  1.6438E-03  1.6260E-03  1.6260E-03  1.6438E-03
  7.8736282600E+02  1.9439911194E-02  2.8570E-03  2.4426E-03  2.4426E-03  1.2219E-03  1.2219E-03  2.8570E-03  1.6082E-03  1.5903E-03  1.5903E-03  1.6082E-03
  7.8836282600E+02  1.9101924533E-02  2.8164E-03  2.3785E-03  2.3785E-03  1.1814E-03  1.1814E-03  2.8164E-03  1.5961E-03  1.5786E-03  1.5786E-03  1.5961E-03
  7.8936282600E+02  1.8771050701E-02  2.7770E-03  2.3129E-03  2.3129E-03  1.1470E-03  1.1470E-03  2.7770E-03  1.5833E-03  1.5653E-03  1.5653E-03  1.5833E-03
  7.9036282600E+02  1.8834366635E-02  2.7934E-03  2.2879E-03  2.2879E-03  1.1453E-03  1.1453E-03  2.7934E-03  1.6082E-03  1.5824E-03  1.5824E-03  1.6082E-03
  7.9136282600E+02  1.9313685882E-02  2.8666E-03  2.3077E-03  2.3077E-03  1.1769E-03  1.1769E-03  2.8666E-03  1.6723E-03  1.6334E-03  1.6334E-03  1.6723E-03
  7.9236282600E+02  1.9689312754E-02  2.9119E-03  2.3156E-03  2.3156E-03  1.2153E-03  1.2153E-03  2.9119E-03  1.7193E-03  1.6826E-03  1.6826E-03  1.7193E-03
  7.9336282600E+02  1.8970723408E-02  2.8124E-03  2.2240E-03  2.2239E-03  1.1452E-03  1.1452E-03  2.8124E-03  1.7046E-03  1.5992E-03  1.5992E-03  1.7046E-03
  7.9436282600E+02  1.8626920933E-02  2.7497E-03  2.1698E-03  2.1698E-03  1.1234E-03  1.1234E-03  2.7498E-03  1.6842E-03  1.5863E-03  1.5863E-03  1.6842E-03
  7.9536282600E+02  1.8726300570E-02  2.7635E-03  2.1503E-03  2.1504E-03  1.1341E-03  1.1340E-03  2.7635E-03  1.6917E-03  1.6235E-03  1.6235E-03  1.6917E-03
  7.9636282600E+02  1.8810285326E-02  2.7732E-03  2.1280E-03  2.1281E-03  1.1470E-03  1.1469E-03  2.7732E-03  1.7012E-03  1.6557E-03  1.6557E-03  1.7012E-03
  7.9736282600E+02  1.8177863431E-02  2.6791E-03  2.0378E-03  2.0378E-03  1.1067E-03  1.1067E-03  2.6791E-03  1.6509E-03  1.6145E-03  1.6145E-03  1.6509E-03
  7.9836282600E+02  1.7738041525E-02  2.6072E-03  1.9747E-03  1.9747E-03  1.0802E-03  1.0802E-03  2.6072E-03  1.6205E-03  1.5864E-03  1.5864E-03  1.6205E-03
  7.9936282600E+02  1.7262421578E-02  2.5292E-03  1.9102E-03  1.9102E-03  1.0517E-03  1.0517E-03  2.5292E-03  1.5853E-03  1.5548E-03  1.5548E-03  1.5853E-03
  8.0036282600E+02  1.6688750762E-02  2.4359E-03  1.8394E-03  1.8394E-03  1.0158E-03  1.0158E-03  2.4359E-03  1.5398E-03  1.5134E-03  1.5134E-03  1.5398E-03
  8.0136282600E+02  1.5997646975E-02  2.3213E-03  1.7644E-03  1.7644E-03  9.7063E-04  9.7063E-04  2.3213E-03  1.4826E-03  1.4600E-03  1.4600E-03  1.4826E-03
  8.0236282600E+02  1.5650067165E-02  2.2601E-03  1.7207E-03  1.7207E-03  9.4902E-04  9.4902E-04  2.2601E-03  1.4573E-03  1.4379E-03  1.4379E-03  1.4573E-03
  8.0336282600E+02  1.5360892415E-02  2.2115E-03  1.6802E-03  1.6802E-03  9.3097E-04  9.3097E-04  2.2115E-03  1.4372E-03  1.4207E-03  1.4207E-03  1.4372E-03
  8.0436282600E+02  1.5090507027E-02  2.1681E-03  1.6395E-03  1.6395E-03  9.1449E-04  9.1449E-04  2.1681E-03  1.4187E-03  1.4045E-03  1.4045E-03  1.4187E-03
  8.0536282600E+02  1.4851430114E-02  2.1295E-03  1.6014E-03  1.6014E-03  9.0110E-04  9.0110E-04  2.1295E-03  1.4030E-03  1.3907E-03  1.3907E-03  1.4030E-03
  8.0636282600E+02  1.4495125417E-02  2.0649E-03  1.5586E-03  1.5586E-03  8.8232E-04  8.8232E-04  2.0649E-03  1.3762E-03  1.3655E-03  1.3655E-03  1.3762E-03
  8.0736282600E+02  1.4159805094E-02  2.0068E-03  1.5152E-03  1.5152E-03  8.6518E-04  8.6518E-04  2.0068E-03  1.3511E-03  1.3416E-03  1.3416E-03  1.3511E-03
  8.0836282600E+02  1.3818057242E-02  1.9496E-03  1.4711E-03  1.4711E-03  8.4690E-04  8.4690E-04  1.9496E-03  1.3251E-03  1.3164E-03  1.3164E-03  1.3251E-03
  8.0936282600E+02  1.3555542606E-02  1.9005E-03  1.4401E-03  1.4401E-03  8.3257E-04  8.3257E-04  1.9005E-03  1.3063E-03  1.2983E-03  1.2983E-03  1.3063E-03
  8.1036282600E+02  1.3345208746E-02  1.8599E-03  1.4152E-03  1.4152E-03  8.2052E-04  8.2052E-04  1.8599E-03  1.2921E-03  1.2848E-03  1.2848E-03  1.2921E-03
  8.1136282600E+02  1.3120383729E-02  1.8203E-03  1.3871E-03  1.3871E-03  8.0700E-04  8.0700E-04  1.8203E-03  1.2763E-03  1.2696E-03  1.2696E-03  1.2763E-03
  8.1236282600E+02  1.2908054204E-02  1.7850E-03  1.3579E-03  1.3579E-03  7.9448E-04  7.9448E-04  1.7850E-03  1.2613E-03  1.2552E-03  1.2552E-03  1.2613E-03
  8.1336282600E+02  1.2708617323E-02  1.7541E-03  1.3279E-03  1.3279E-03  7.8301E-04  7.8301E-04  1.7541E-03  1.2474E-03  1.2418E-03  1.2418E-03  1.2474E-03
  8.1436282600E+02  1.2553834334E-02  1.7318E-03  1.3002E-03  1.3002E-03  7.7471E-04  7.7471E-04  1.7318E-03  1.2377E-03  1.2325E-03  1.2325E-03  1.2377E-03
  8.1536282600E+02  1.2298141402E-02  1.6923E-03  1.2647E-03  1.2647E-03  7.6128E-04  7.6128E-04  1.6923E-03  1.2179E-03  1.2130E-03  1.2130E-03  1.2179E-03
  8.1636282600E+02  1.1963056403E-02  1.6345E-03  1.2292E-03  1.2292E-03  7.4263E-04  7.4263E-04  1.6345E-03  1.1899E-03  1.1853E-03  1.1853E-03  1.1899E-03
  8.1736282600E+02  1.1696354282E-02  1.5851E-03  1.2050E-03  1.2050E-03  7.2589E-04  7.2589E-04  1.5851E-03  1.1681E-03  1.1640E-03  1.1640E-03  1.1681E-03
  8.1836282600E+02  1.1415475967E-02  1.5356E-03  1.1766E-03  1.1766E-03  7.0974E-04  7.0974E-04  1.5356E-03  1.1447E-03  1.1411E-03  1.1411E-03  1.1447E-03
  8.1936282600E+02  1.1147152552E-02  1.4925E-03  1.1450E-03  1.1450E-03  6.9462E-04  6.9462E-04  1.4925E-03  1.1223E-03  1.1191E-03  1.1191E-03  1.1223E-03
  8.2036282600E+02  1.0946541327E-02  1.4624E-03  1.1175E-03  1.1175E-03  6.8333E-04  6.8333E-04  1.4624E-03  1.1065E-03  1.1035E-03  1.1035E-03  1.1065E-03
  8.2136282600E+02  1.0721632914E-02  1.4288E-03  1.0883E-03  1.0883E-03  6.7058E-04  6.7058E-04  1.4288E-03  1.0879E-03  1.0852E-03  1.0852E-03  1.0879E-03
  8.2236282600E+02  1.0507583798E-02  1.3968E-03  1.0621E-03  1.0621E-03  6.5679E-04  6.5679E-04  1.3968E-03  1.0703E-03  1.0678E-03  1.0678E-03  1.0703E-03
  8.2336282600E+02  1.0307372772E-02  1.3678E-03  1.0376E-03  1.0376E-03  6.4277E-04  6.4277E-04  1.3678E-03  1.0539E-03  1.0516E-03  1.0516E-03  1.0539E-03
  8.2436282600E+02  1.0136350733E-02  1.3431E-03  1.0140E-03  1.0140E-03  6.3247E-04  6.3247E-04  1.3431E-03  1.0403E-03  1.0383E-03  1.0383E-03  1.0403E-03
  8.2536282600E+02  9.8763462509E-03  1.3020E-03  9.8250E-04  9.8250E-04  6.2071E-04  6.2071E-04  1.3020E-03  1.0173E-03  1.0156E-03  1.0156E-03  1.0173E-03
  8.2636282600E+02  9.4343290935E-03  1.2316E-03  9.3916E-04  9.3916E-04  5.9773E-04  5.9773E-04  1.2316E-03  9.7509E-04  9.7361E-04  9.7361E-04  9.7509E-04
  8.2736282600E+02  9.0824785388E-03  1.1762E-03  9.0637E-04  9.0637E-04  5.7599E-04  5.7599E-04  1.1762E-03  9.4195E-04  9.4068E-04  9.4068E-04  9.4195E-04
  8.2836282600E+02  8.7987987611E-03  1.1327E-03  8.8016E-04  8.8016E-04  5.5630E-04  5.5630E-04  1.1327E-03  9.1566E-04  9.1457E-04  9.1457E-04  9.1566E-04
  8.2936282600E+02  8.6187010736E-03  1.1055E-03  8.6294E-04  8.6294E-04  5.4197E-04  5.4197E-04  1.1055E-03  8.9995E-04  8.9900E-04  8.9900E-04  8.9995E-04
  8.3036282600E+02  8.6153165578E-03  1.1027E-03  8.5992E-04  8.5992E-04  5.4018E-04  5.4018E-04  1.1027E-03  9.0283E-04  9.0201E-04  9.0201E-04  9.0283E-04
  8.3136282600E+02  8.2680080645E-03  1.0575E-03  8.1165E-04  8.1165E-04  5.2681E-04  5.2681E-04  1.0575E-03  8.6938E-04  8.6865E-04  8.6865E-04  8.6938E-04
  8.3236282600E+02  7.8364084290E-03  9.9731E-04  7.6382E-04  7.6382E-04  5.0464E-04  5.0464E-04  9.9731E-04  8.2654E-04  8.2590E-04  8.2590E-04  8.2654E-04
  8.3336282600E+02  7.5638088492E-03  9.5829E-04  7.3272E-04  7.3272E-04  4.9070E-04  4.9070E-04  9.5829E-04  8.0036E-04  7.9982E-04  7.9982E-04  8.0036E-04
  8.3436282600E+02  7.1604892479E-03  8.9772E-04  6.9558E-04  6.9558E-04  4.6730E-04  4.6730E-04  8.9772E-04  7.6004E-04  7.5959E-04  7.5959E-04  7.6004E-04
  8.3536282600E+02  6.8724809512E-03  8.5361E-04  6.7120E-04  6.7120E-04  4.4853E-04  4.4853E-04  8.5361E-04  7.3163E-04  7.3127E-04  7.3127E-04  7.3163E-04
  8.3636282600E+02  6.5632147295E-03  8.0786E-04  6.4306E-04  6.4306E-04  4.2926E-04  4.2926E-04  8.0786E-04  7.0085E-04  7.0057E-04  7.0057E-04  7.0085E-04
  8.3736282600E+02  6.3087461299E-03  7.7096E-04  6.1967E-04  6.1967E-04  4.1249E-04  4.1249E-04  7.7096E-04  6.7573E-04  6.7552E-04  6.7552E-04  6.7573E-04
  8.3836282600E+02  6.2507811437E-03  7.6370E-04  6.1391E-04  6.1391E-04  4.0479E-04  4.0479E-04  7.6370E-04  6.7156E-04  6.7143E-04  6.7143E-04  6.7156E-04
  8.3936282600E+02  6.0834987579E-03  7.4368E-04  5.9058E-04  5.9058E-04  3.9638E-04  3.9638E-04  7.4368E-04  6.5559E-04  6.5552E-04  6.5552E-04  6.5559E-04
  8.4036282600E+02  5.7240012219E-03  6.9478E-04  5.4935E-04  5.4935E-04  3.8050E-04  3.8050E-04  6.9478E-04  6.1872E-04  6.1864E-04  6.1864E-04  6.1872E-04
  8.4136282600E+02  5.3968162378E-03  6.5066E-04  5.1306E-04  5.1306E-04  3.6464E-04  3.6464E-04  6.5066E-04  5.8506E-04  5.8498E-04  5.8498E-04  5.8506E-04
  8.4236282600E+02  5.0139538290E-03  5.9835E-04  4.7510E-04  4.7510E-04  3.4341E-04  3.4341E-04  5.9835E-04  5.4509E-04  5.4503E-04  5.4503E-04  5.4509E-04
  8.4336282600E+02  4.6335063463E-03  5.4635E-04  4.3886E-04  4.3886E-04  3.2136E-04  3.2136E-04  5.4635E-04  5.0511E-04  5.0507E-04  5.0507E-04  5.0511E-04
  8.4436282600E+02  4.3628351660E-03  5.0940E-04  4.1345E-04  4.1345E-04  3.0487E-04  3.0487E-04  5.0940E-04  4.7686E-04  4.7684E-04  4.7684E-04  4.7686E-04
  8.4536282600E+02  4.0726242266E-03  4.6939E-04  3.8717E-04  3.8717E-04  2.8711E-04  2.8711E-04  4.6939E-04  4.4632E-04  4.4632E-04  4.4632E-04  4.4632E-04
  8.4636282600E+02  3.7947214528E-03  4.3197E-04  3.6149E-04  3.6149E-04  2.6993E-04  2.6993E-04  4.3197E-04  4.1698E-04  4.1698E-04  4.1698E-04  4.1698E-04
  8.4736282600E+02  3.5593046672E-03  4.0063E-04  3.3909E-04  3.3909E-04  2.5558E-04  2.5558E-04  4.0063E-04  3.9217E-04  3.9218E-04  3.9218E-04  3.9217E-04
  8.4836282600E+02  3.3791560620E-03  3.8039E-04  3.1850E-04  3.1850E-04  2.4401E-04  2.4401E-04  3.8039E-04  3.7333E-04  3.7335E-04  3.7335E-04  3.7333E-04
  8.4936282600E+02  3.0996002744E-03  3.4681E-04  2.9111E-04  2.9111E-04  2.2523E-04  2.2523E-04  3.4681E-04  3.4331E-04  3.4334E-04  3.4334E-04  3.4331E-04
  8.5036282600E+02  2.7829595048E-03  3.0725E-04  2.6170E-04  2.6170E-04  2.0447E-04  2.0447E-04  3.0725E-04  3.0902E-04  3.0904E-04  3.0904E-04  3.0902E-04
  8.5136282600E+02  2.5302538038E-03  2.7662E-04  2.3742E-04  2.3742E-04  1.8771E-04  1.8771E-04  2.7662E-04  2.8167E-04  2.8171E-04  2.8171E-04  2.8167E-04
  8.5236282600E+02  2.4723474999E-03  2.6707E-04  2.3486E-04  2.3486E-04  1.8233E-04  1.8233E-04  2.6707E-04  2.7595E-04  2.7597E-04  2.7597E-04  2.7595E-04
  8.5336282600E+02  2.1473801817E-03  2.3083E-04  2.0040E-04  2.0040E-04  1.6187E-04  1.6187E-04  2.3083E-04  2.4030E-04  2.4029E-04  2.4029E-04  2.4030E-04
  8.5436282600E+02  1.8911911920E-03  2.0348E-04  1.7261E-04  1.7261E-04  1.4520E-04  1.4520E-04  2.0348E-04  2.1217E-04  2.1214E-04  2.1214E-04  2.1217E-04
  8.5536282600E+02  1.5942472978E-03  1.7265E-04  1.4260E-04  1.4260E-04  1.2331E-04  1.2331E-04  1.7265E-04  1.7930E-04  1.7927E-04  1.7927E-04  1.7930E-04
  8.5636282600E+02  1.2819073086E-03  1.3929E-04  1.1324E-04  1.1324E-04  9.9413E-05  9.9413E-05  1.3929E-04  1.4451E-04  1.4450E-04  1.4450E-04  1.4451E-04
  8.5736282600E+02  1.0372151067E-03  1.1321E-04  9.0312E-05  9.0312E-05  8.0697E-05  8.0697E-05  1.1321E-04  1.1720E-04  1.1719E-04  1.1719E-04  1.1720E-04
  8.5836282600E+02  1.1168446999E-03  1.2944E-04  9.1556E-05  9.1556E-05  8.4378E-05  8.4378E-05  1.2944E-04  1.2653E-04  1.2653E-04  1.2653E-04  1.2653E-04
  8.5936282600E+02  2.1524634205E-05  2.8683E-06  1.5128E-06  1.5128E-06  1.4899E-06  1.4899E-06  2.8683E-06  2.4457E-06  2.4457E-06  2.4457E-06  2.4457E-06
  8.6036282600E+02  0.0000000000E+00  0.0000E+00  0.0000E+00  0.0000E+00  0.0000E+00  0.0000E+00  0.0000E+00  0.0000E+00  0.0000E+00  0.0000E+00  0.0000E+00
