
     Program PHONON v.7.0 starts on 19Jul2026 at  2:15: 2 

     This program is part of the open-source Quantum ESPRESSO suite
     for quantum simulation of materials; please cite
         "P. Giannozzi et al., J. Phys.:Condens. Matter 21 395502 (2009);
         "P. Giannozzi et al., J. Phys.:Condens. Matter 29 465901 (2017);
         "P. Giannozzi et al., J. Chem. Phys. 152 154105 (2020);
          URL http://www.quantum-espresso.org", 
     in publications or presentations arising from this work. More details at
     http://www.quantum-espresso.org/quote

     Parallel version (MPI), running on    38 processors

     MPI processes distributed on     1 nodes
     R & G space division:  proc/nbgrp/npool/nimage =      38
     371951 MiB available memory on the printing compute node when the environment starts

     Reading input from alpha_Al2O3.ph_grid_2x2x2.in
     Run is not recoverable starting from scratch

     Reading xml data from directory:

     ./tmp/alpha-Al2O3-sym.save/
     file O.pbe-n-kjpaw_psl.1.0.0.UPF: wavefunction(s)  2S 2P renormalized
     file Al.pbe-n-kjpaw_psl.1.0.0.UPF: wavefunction(s)  3S 3P renormalized

     IMPORTANT: XC functional enforced from input :
     Exchange-correlation= PBE
                           (   1   4   3   4   0   0   0)
     Any further DFT definition will be discarded
     Please, verify this is what you really want


     Parallelization info
     --------------------
     sticks:   dense  smooth     PW     G-vecs:    dense   smooth      PW
     Min         106      52     15                 4281     1510     239
     Max         107      53     16                 4284     1513     241
     Sum        4037    2009    593               162715    57437    9121

     Using Slab Decomposition

     Reading collected, re-writing distributed wavefunctions


     Dynamical matrices for ( 2, 2, 2)  uniform grid of q-points
     (   4 q-points):
       N         xq(1)         xq(2)         xq(3) 
       1   0.000000000   0.000000000   0.000000000
       2   0.537634800   0.310403597  -0.197560510
       3   0.537634800  -0.310403597  -0.395121020
       4   0.000000000   0.000000000  -0.592681530

     Calculation of q =    0.0000000   0.0000000   0.0000000

     Phonons of symmetry-fixed alpha-Al2O3 on a 2x2x2 q grid                    

     bravais-lattice index     =            5
     lattice parameter (alat)  =       9.8018  a.u.
     unit-cell volume          =     595.0557 (a.u.)^3
     number of atoms/cell      =           10
     number of atomic types    =            2
     kinetic-energy cut-off    =      80.0000  Ry
     charge density cut-off    =     640.0000  Ry
     convergence threshold     =      1.0E-14
     beta                      =       0.7000
     number of iterations used =            4
     Exchange-correlation= PBE
                           (   1   4   3   4   0   0   0)


     celldm(1)=    9.80177  celldm(2)=    0.00000  celldm(3)=    0.00000
     celldm(4)=    0.56755  celldm(5)=    0.00000  celldm(6)=    0.00000

     crystal axes: (cart. coord. in units of alat)
               a(1) = (  0.4650 -0.2685  0.8436 )  
               a(2) = (  0.0000  0.5369  0.8436 )  
               a(3) = ( -0.4650 -0.2685  0.8436 )  

     reciprocal axes: (cart. coord. in units 2 pi/alat)
               b(1) = (  1.0753 -0.6208  0.3951 )  
               b(2) = (  0.0000  1.2416  0.3951 )  
               b(3) = ( -1.0753 -0.6208  0.3951 )  


     Atoms inside the unit cell: 

     Cartesian axes

     site n.  atom      mass           positions (alat units)
        1     O   15.9990   tau(    1) = (    0.32278   -0.02214    1.47634  )
        2     O   15.9990   tau(    2) = (    0.18057    0.26847    1.05453  )
        3     O   15.9990   tau(    3) = (   -0.18057   -0.26847    1.47634  )
        4     O   15.9990   tau(    4) = (   -0.14222    0.29061    1.47634  )
        5     O   15.9990   tau(    5) = (    0.14222   -0.29061    1.05453  )
        6     O   15.9990   tau(    6) = (   -0.32278    0.02214    1.05453  )
        7     Al  26.9820   tau(    7) = (    0.00000   -0.00000    0.37223  )
        8     Al  26.9820   tau(    8) = (    0.00000   -0.00000    0.89321  )
        9     Al  26.9820   tau(    9) = (    0.00000   -0.00000    1.63766  )
       10     Al  26.9820   tau(   10) = (    0.00000   -0.00000    2.15864  )

     Computing dynamical matrix for 
                    q = (   0.0000000   0.0000000   0.0000000 )

     13 Sym.Ops. (with q -> -q+G )


     G cutoff = 1557.5032  (   4282 G-vectors)     FFT grid: ( 80, 80, 80)
     G cutoff =  778.7516  (   1513 G-vectors)  smooth grid: ( 60, 60, 60)
     number of k points=   189

     PseudoPot. # 1 for O  read from file:
     /scratch/dajuarez4/Al2O3/pseudo/O.pbe-n-kjpaw_psl.1.0.0.UPF
     MD5 check sum: e99d9cef9b487d1ca56f5b95ecd0fd7a
     Pseudo is Projector augmented-wave + core cor, Zval =  6.0
     Generated using &quot;atomic&quot; code by A. Dal Corso  v.6.3
     Shape of augmentation charge: PSQ
     Using radial grid of 1095 points,  4 beta functions with: 
                l(1) =   0
                l(2) =   0
                l(3) =   1
                l(4) =   1
     Q(r) pseudized with 0 coefficients 


     PseudoPot. # 2 for Al read from file:
     /scratch/dajuarez4/Al2O3/pseudo/Al.pbe-n-kjpaw_psl.1.0.0.UPF
     MD5 check sum: 502b6b27b9c6270cab5dd1084b96fa6d
     Pseudo is Projector augmented-wave + core cor, Zval =  3.0
     Generated using &quot;atomic&quot; code by A. Dal Corso  v.6.3
     Shape of augmentation charge: PSQ
     Using radial grid of 1135 points,  6 beta functions with: 
                l(1) =   0
                l(2) =   0
                l(3) =   1
                l(4) =   1
                l(5) =   2
                l(6) =   2
     Q(r) pseudized with 0 coefficients 


     Mode symmetry, D_3d (-3m)  point group:


     Electric field:
     Dielectric constant
     Born effective charges in two ways 


     Atomic displacements:
     There are   20 irreducible representations

     Representation     1      1 modes -  To be done

     Representation     2      1 modes -  To be done

     Representation     3      1 modes -  To be done

     Representation     4      1 modes -  To be done

     Representation     5      1 modes -  To be done

     Representation     6      2 modes -  To be done

     Representation     7      2 modes -  To be done

     Representation     8      2 modes -  To be done

     Representation     9      2 modes -  To be done

     Representation    10      2 modes -  To be done

     Representation    11      1 modes -  To be done

     Representation    12      1 modes -  To be done

     Representation    13      1 modes -  To be done

     Representation    14      1 modes -  To be done

     Representation    15      1 modes -  To be done

     Representation    16      2 modes -  To be done

     Representation    17      2 modes -  To be done

     Representation    18      2 modes -  To be done

     Representation    19      2 modes -  To be done

     Representation    20      2 modes -  To be done



     Alpha used in Ewald sum =   2.8000
     PHONON       :     33.59s CPU     36.84s WALL


     Electric Fields Calculation

      iter #   1 total cpu time :   599.7 secs   av.it.:  10.9
      thresh= 1.000E-02 alpha_mix =  0.700 |ddv_scf|^2 =  1.134E-09

      iter #   2 total cpu time :   865.4 secs   av.it.:  22.7
      thresh= 3.368E-06 alpha_mix =  0.700 |ddv_scf|^2 =  1.132E-10

      iter #   3 total cpu time :  1136.2 secs   av.it.:  23.7
      thresh= 1.064E-06 alpha_mix =  0.700 |ddv_scf|^2 =  1.164E-10

      iter #   4 total cpu time :  1401.2 secs   av.it.:  22.6
      thresh= 1.079E-06 alpha_mix =  0.700 |ddv_scf|^2 =  3.109E-12

      iter #   5 total cpu time :  1666.0 secs   av.it.:  22.6
      thresh= 1.763E-07 alpha_mix =  0.700 |ddv_scf|^2 =  2.195E-14

      iter #   6 total cpu time :  1933.6 secs   av.it.:  22.5
      thresh= 1.482E-08 alpha_mix =  0.700 |ddv_scf|^2 =  5.352E-16

     End of electric fields calculation

          Dielectric constant in cartesian axis 

          (       3.292178352       0.000000000      -0.000000000 )
          (       0.000000000       3.292178352       0.000000000 )
          (      -0.000000000       0.000000000       3.252496950 )

          Effective charges (d Force / dE) in cartesian axis without acoustic sum rule applied (asr)

           atom      1   O  Mean Z*:       -1.99222
      Ex  (       -1.95041        0.08527        0.23147 )
      Ey  (        0.08527       -2.04888        0.13364 )
      Ez  (        0.31891        0.18412       -1.97739 )
           atom      2   O  Mean Z*:       -1.99222
      Ex  (       -2.09811        0.00000        0.00000 )
      Ey  (        0.00000       -1.90118       -0.26728 )
      Ez  (       -0.00000       -0.36824       -1.97739 )
           atom      3   O  Mean Z*:       -1.99222
      Ex  (       -2.09811        0.00000       -0.00000 )
      Ey  (        0.00000       -1.90118       -0.26728 )
      Ez  (        0.00000       -0.36824       -1.97739 )
           atom      4   O  Mean Z*:       -1.99222
      Ex  (       -1.95041       -0.08527       -0.23147 )
      Ey  (       -0.08527       -2.04888        0.13364 )
      Ez  (       -0.31891        0.18412       -1.97739 )
           atom      5   O  Mean Z*:       -1.99222
      Ex  (       -1.95041       -0.08527       -0.23147 )
      Ey  (       -0.08527       -2.04888        0.13364 )
      Ez  (       -0.31891        0.18412       -1.97739 )
           atom      6   O  Mean Z*:       -1.99222
      Ex  (       -1.95041        0.08527        0.23147 )
      Ey  (        0.08527       -2.04888        0.13364 )
      Ez  (        0.31891        0.18412       -1.97739 )
           atom      7   Al Mean Z*:        2.98361
      Ex  (        2.99483       -0.03341       -0.00000 )
      Ey  (        0.03341        2.99483       -0.00000 )
      Ez  (        0.00000       -0.00000        2.96119 )
           atom      8   Al Mean Z*:        2.98361
      Ex  (        2.99483        0.03341        0.00000 )
      Ey  (       -0.03341        2.99483       -0.00000 )
      Ez  (       -0.00000       -0.00000        2.96119 )
           atom      9   Al Mean Z*:        2.98361
      Ex  (        2.99483        0.03341        0.00000 )
      Ey  (       -0.03341        2.99483       -0.00000 )
      Ez  (       -0.00000       -0.00000        2.96119 )
           atom     10   Al Mean Z*:        2.98361
      Ex  (        2.99483       -0.03341       -0.00000 )
      Ey  (        0.03341        2.99483       -0.00000 )
      Ez  (        0.00000       -0.00000        2.96119 )

          Effective charges Sum: Mean:       -0.01889
             -0.01854        0.00000        0.00000
             -0.00000       -0.01854       -0.00000
             -0.00000       -0.00000       -0.01958

          Effective charges (d Force / dE) in cartesian axis with asr applied: 
           atom      1   O  Mean Z*:       -1.99034
      E*x (       -1.94856        0.08527        0.23147 )
      E*y (        0.08527       -2.04702        0.13364 )
      E*z (        0.31891        0.18412       -1.97543 )
           atom      2   O  Mean Z*:       -1.99034
      E*x (       -2.09626        0.00000        0.00000 )
      E*y (       -0.00000       -1.89932       -0.26728 )
      E*z (       -0.00000       -0.36824       -1.97543 )
           atom      3   O  Mean Z*:       -1.99034
      E*x (       -2.09626        0.00000       -0.00000 )
      E*y (        0.00000       -1.89932       -0.26728 )
      E*z (        0.00000       -0.36824       -1.97543 )
           atom      4   O  Mean Z*:       -1.99034
      E*x (       -1.94856       -0.08527       -0.23147 )
      E*y (       -0.08527       -2.04702        0.13364 )
      E*z (       -0.31891        0.18412       -1.97543 )
           atom      5   O  Mean Z*:       -1.99034
      E*x (       -1.94856       -0.08527       -0.23147 )
      E*y (       -0.08527       -2.04702        0.13364 )
      E*z (       -0.31891        0.18412       -1.97543 )
           atom      6   O  Mean Z*:       -1.99034
      E*x (       -1.94856        0.08527        0.23147 )
      E*y (        0.08527       -2.04702        0.13364 )
      E*z (        0.31891        0.18412       -1.97543 )
           atom      7   Al Mean Z*:        2.98550
      E*x (        2.99668       -0.03341       -0.00000 )
      E*y (        0.03341        2.99668        0.00000 )
      E*z (        0.00000        0.00000        2.96314 )
           atom      8   Al Mean Z*:        2.98550
      E*x (        2.99668        0.03341        0.00000 )
      E*y (       -0.03341        2.99668        0.00000 )
      E*z (       -0.00000        0.00000        2.96314 )
           atom      9   Al Mean Z*:        2.98550
      E*x (        2.99668        0.03341        0.00000 )
      E*y (       -0.03341        2.99668        0.00000 )
      E*z (       -0.00000        0.00000        2.96314 )
           atom     10   Al Mean Z*:        2.98550
      E*x (        2.99668       -0.03341       -0.00000 )
      E*y (        0.03341        2.99668        0.00000 )
      E*z (        0.00000        0.00000        2.96314 )


     Representation #   1 mode #   1

     Self-consistent Calculation

      iter #   1 total cpu time : 13493.4 secs   av.it.:  10.5
      thresh= 1.000E-02 alpha_mix =  0.700 |ddv_scf|^2 =  2.946E-07

      iter #   2 total cpu time : 13570.4 secs   av.it.:  19.7
      thresh= 5.428E-05 alpha_mix =  0.700 |ddv_scf|^2 =  1.241E-08

      iter #   3 total cpu time : 13651.7 secs   av.it.:  19.5
      thresh= 1.114E-05 alpha_mix =  0.700 |ddv_scf|^2 =  2.112E-11

      iter #   4 total cpu time : 13734.4 secs   av.it.:  20.7
      thresh= 4.596E-07 alpha_mix =  0.700 |ddv_scf|^2 =  6.481E-12

      iter #   5 total cpu time : 13815.8 secs   av.it.:  20.1
      thresh= 2.546E-07 alpha_mix =  0.700 |ddv_scf|^2 =  1.461E-13

      iter #   6 total cpu time : 13895.3 secs   av.it.:  19.9
      thresh= 3.822E-08 alpha_mix =  0.700 |ddv_scf|^2 =  5.147E-16

     End of self-consistent calculation

     Convergence has been achieved 


     Representation #   2 mode #   2

     Self-consistent Calculation

      iter #   1 total cpu time : 14979.0 secs   av.it.:   6.9
      thresh= 1.000E-02 alpha_mix =  0.700 |ddv_scf|^2 =  3.142E-09

      iter #   2 total cpu time : 15063.7 secs   av.it.:  19.3
      thresh= 5.605E-06 alpha_mix =  0.700 |ddv_scf|^2 =  1.783E-10

      iter #   3 total cpu time : 15143.1 secs   av.it.:  19.1
      thresh= 1.335E-06 alpha_mix =  0.700 |ddv_scf|^2 =  1.106E-11

      iter #   4 total cpu time : 15223.8 secs   av.it.:  18.7
      thresh= 3.325E-07 alpha_mix =  0.700 |ddv_scf|^2 =  9.886E-14

      iter #   5 total cpu time : 15305.2 secs   av.it.:  20.6
      thresh= 3.144E-08 alpha_mix =  0.700 |ddv_scf|^2 =  3.816E-14

      iter #   6 total cpu time : 15383.6 secs   av.it.:  19.9
      thresh= 1.953E-08 alpha_mix =  0.700 |ddv_scf|^2 =  5.945E-17

     End of self-consistent calculation

     Convergence has been achieved 


     Representation #   3 mode #   3

     Self-consistent Calculation

      iter #   1 total cpu time : 16451.6 secs   av.it.:  10.6
      thresh= 1.000E-02 alpha_mix =  0.700 |ddv_scf|^2 =  8.753E-07

      iter #   2 total cpu time : 16533.5 secs   av.it.:  19.4
      thresh= 9.356E-05 alpha_mix =  0.700 |ddv_scf|^2 =  2.167E-07

      iter #   3 total cpu time : 16613.7 secs   av.it.:  18.5
      thresh= 4.655E-05 alpha_mix =  0.700 |ddv_scf|^2 =  8.356E-10

      iter #   4 total cpu time : 16694.0 secs   av.it.:  19.4
      thresh= 2.891E-06 alpha_mix =  0.700 |ddv_scf|^2 =  7.364E-12

      iter #   5 total cpu time : 16773.4 secs   av.it.:  19.4
      thresh= 2.714E-07 alpha_mix =  0.700 |ddv_scf|^2 =  1.888E-13

      iter #   6 total cpu time : 16851.7 secs   av.it.:  18.5
      thresh= 4.345E-08 alpha_mix =  0.700 |ddv_scf|^2 =  1.104E-15

     End of self-consistent calculation

     Convergence has been achieved 


     Representation #   4 mode #   4

     Self-consistent Calculation

      iter #   1 total cpu time : 17930.1 secs   av.it.:   6.9
      thresh= 1.000E-02 alpha_mix =  0.700 |ddv_scf|^2 =  4.223E-09

      iter #   2 total cpu time : 18014.3 secs   av.it.:  19.2
      thresh= 6.499E-06 alpha_mix =  0.700 |ddv_scf|^2 =  6.595E-10

      iter #   3 total cpu time : 18095.6 secs   av.it.:  18.7
      thresh= 2.568E-06 alpha_mix =  0.700 |ddv_scf|^2 =  3.403E-11

      iter #   4 total cpu time : 18176.9 secs   av.it.:  19.1
      thresh= 5.834E-07 alpha_mix =  0.700 |ddv_scf|^2 =  1.981E-12

      iter #   5 total cpu time : 18257.8 secs   av.it.:  19.1
      thresh= 1.408E-07 alpha_mix =  0.700 |ddv_scf|^2 =  1.191E-14

      iter #   6 total cpu time : 18335.6 secs   av.it.:  18.7
      thresh= 1.091E-08 alpha_mix =  0.700 |ddv_scf|^2 =  3.831E-17

     End of self-consistent calculation

     Convergence has been achieved 


     Representation #   5 mode #   5

     Self-consistent Calculation

      iter #   1 total cpu time : 19412.7 secs   av.it.:  10.8
      thresh= 1.000E-02 alpha_mix =  0.700 |ddv_scf|^2 =  6.888E-07

      iter #   2 total cpu time : 19496.2 secs   av.it.:  19.6
      thresh= 8.300E-05 alpha_mix =  0.700 |ddv_scf|^2 =  1.902E-07

      iter #   3 total cpu time : 19573.8 secs   av.it.:  18.6
      thresh= 4.361E-05 alpha_mix =  0.700 |ddv_scf|^2 =  4.844E-10

      iter #   4 total cpu time : 19654.2 secs   av.it.:  19.3
      thresh= 2.201E-06 alpha_mix =  0.700 |ddv_scf|^2 =  8.288E-12

      iter #   5 total cpu time : 19734.9 secs   av.it.:  19.0
      thresh= 2.879E-07 alpha_mix =  0.700 |ddv_scf|^2 =  3.011E-13

      iter #   6 total cpu time : 19811.5 secs   av.it.:  18.5
      thresh= 5.487E-08 alpha_mix =  0.700 |ddv_scf|^2 =  5.096E-16

     End of self-consistent calculation

     Convergence has been achieved 


     Representation #   6 modes #   6   7

     Self-consistent Calculation

      iter #   1 total cpu time : 21047.8 secs   av.it.:  10.4
      thresh= 1.000E-02 alpha_mix =  0.700 |ddv_scf|^2 =  4.483E-08

      iter #   2 total cpu time : 21311.5 secs   av.it.:  22.4
      thresh= 2.117E-05 alpha_mix =  0.700 |ddv_scf|^2 =  3.308E-09

      iter #   3 total cpu time : 21577.4 secs   av.it.:  22.4
      thresh= 5.752E-06 alpha_mix =  0.700 |ddv_scf|^2 =  4.481E-10

      iter #   4 total cpu time : 21843.8 secs   av.it.:  22.4
      thresh= 2.117E-06 alpha_mix =  0.700 |ddv_scf|^2 =  7.141E-11

      iter #   5 total cpu time : 22108.3 secs   av.it.:  21.9
      thresh= 8.451E-07 alpha_mix =  0.700 |ddv_scf|^2 =  1.377E-13

      iter #   6 total cpu time : 22370.0 secs   av.it.:  21.9
      thresh= 3.711E-08 alpha_mix =  0.700 |ddv_scf|^2 =  2.203E-15

     End of self-consistent calculation

     Convergence has been achieved 


     Representation #   7 modes #   8   9

     Self-consistent Calculation

      iter #   1 total cpu time : 24363.2 secs   av.it.:   8.0
      thresh= 1.000E-02 alpha_mix =  0.700 |ddv_scf|^2 =  3.236E-09

      iter #   2 total cpu time : 24629.1 secs   av.it.:  23.1
      thresh= 5.689E-06 alpha_mix =  0.700 |ddv_scf|^2 =  3.905E-09

      iter #   3 total cpu time : 24892.3 secs   av.it.:  21.9
      thresh= 6.249E-06 alpha_mix =  0.700 |ddv_scf|^2 =  5.736E-11

      iter #   4 total cpu time : 25157.9 secs   av.it.:  22.0
      thresh= 7.574E-07 alpha_mix =  0.700 |ddv_scf|^2 =  1.304E-12

      iter #   5 total cpu time : 25421.8 secs   av.it.:  21.7
      thresh= 1.142E-07 alpha_mix =  0.700 |ddv_scf|^2 =  7.792E-14

      iter #   6 total cpu time : 25685.4 secs   av.it.:  21.8
      thresh= 2.791E-08 alpha_mix =  0.700 |ddv_scf|^2 =  4.828E-16

     End of self-consistent calculation

     Convergence has been achieved 


     Representation #   8 modes #  10  11

     Self-consistent Calculation

      iter #   1 total cpu time : 27734.4 secs   av.it.:  10.4
      thresh= 1.000E-02 alpha_mix =  0.700 |ddv_scf|^2 =  5.958E-08

      iter #   2 total cpu time : 27998.4 secs   av.it.:  22.2
      thresh= 2.441E-05 alpha_mix =  0.700 |ddv_scf|^2 =  4.356E-09

      iter #   3 total cpu time : 28261.0 secs   av.it.:  21.9
      thresh= 6.600E-06 alpha_mix =  0.700 |ddv_scf|^2 =  1.903E-10

      iter #   4 total cpu time : 28526.2 secs   av.it.:  22.8
      thresh= 1.380E-06 alpha_mix =  0.700 |ddv_scf|^2 =  8.003E-11

      iter #   5 total cpu time : 28790.7 secs   av.it.:  21.7
      thresh= 8.946E-07 alpha_mix =  0.700 |ddv_scf|^2 =  2.844E-13

      iter #   6 total cpu time : 29053.8 secs   av.it.:  22.1
      thresh= 5.333E-08 alpha_mix =  0.700 |ddv_scf|^2 =  1.100E-14

      iter #   7 total cpu time : 29319.1 secs   av.it.:  21.7
      thresh= 1.049E-08 alpha_mix =  0.700 |ddv_scf|^2 =  2.391E-16

     End of self-consistent calculation

     Convergence has been achieved 


     Representation #   9 modes #  12  13

     Self-consistent Calculation

      iter #   1 total cpu time : 31341.7 secs   av.it.:  10.8
      thresh= 1.000E-02 alpha_mix =  0.700 |ddv_scf|^2 =  6.481E-08

      iter #   2 total cpu time : 31606.4 secs   av.it.:  22.2
      thresh= 2.546E-05 alpha_mix =  0.700 |ddv_scf|^2 =  4.609E-09

      iter #   3 total cpu time : 31870.3 secs   av.it.:  21.5
      thresh= 6.789E-06 alpha_mix =  0.700 |ddv_scf|^2 =  1.583E-11

      iter #   4 total cpu time : 32135.0 secs   av.it.:  23.1
      thresh= 3.978E-07 alpha_mix =  0.700 |ddv_scf|^2 =  1.032E-11

      iter #   5 total cpu time : 32403.9 secs   av.it.:  22.1
      thresh= 3.213E-07 alpha_mix =  0.700 |ddv_scf|^2 =  4.603E-13

      iter #   6 total cpu time : 32668.8 secs   av.it.:  22.1
      thresh= 6.785E-08 alpha_mix =  0.700 |ddv_scf|^2 =  1.688E-15

     End of self-consistent calculation

     Convergence has been achieved 


     Representation #  10 modes #  14  15

     Self-consistent Calculation

      iter #   1 total cpu time : 34693.8 secs   av.it.:   7.2
      thresh= 1.000E-02 alpha_mix =  0.700 |ddv_scf|^2 =  1.567E-09

      iter #   2 total cpu time : 34956.3 secs   av.it.:  21.6
      thresh= 3.958E-06 alpha_mix =  0.700 |ddv_scf|^2 =  1.421E-10

      iter #   3 total cpu time : 35216.4 secs   av.it.:  21.3
      thresh= 1.192E-06 alpha_mix =  0.700 |ddv_scf|^2 =  4.658E-12

      iter #   4 total cpu time : 35480.2 secs   av.it.:  22.6
      thresh= 2.158E-07 alpha_mix =  0.700 |ddv_scf|^2 =  2.780E-12

      iter #   5 total cpu time : 35741.6 secs   av.it.:  21.8
      thresh= 1.667E-07 alpha_mix =  0.700 |ddv_scf|^2 =  1.082E-14

      iter #   6 total cpu time : 36005.7 secs   av.it.:  22.1
      thresh= 1.040E-08 alpha_mix =  0.700 |ddv_scf|^2 =  1.822E-16

     End of self-consistent calculation

     Convergence has been achieved 


     Representation #  11 mode #  16

     Self-consistent Calculation

      iter #   1 total cpu time : 37909.6 secs   av.it.:  10.6
      thresh= 1.000E-02 alpha_mix =  0.700 |ddv_scf|^2 =  6.575E-07

      iter #   2 total cpu time : 37996.3 secs   av.it.:  19.6
      thresh= 8.109E-05 alpha_mix =  0.700 |ddv_scf|^2 =  1.246E-07

      iter #   3 total cpu time : 38080.5 secs   av.it.:  19.3
      thresh= 3.529E-05 alpha_mix =  0.700 |ddv_scf|^2 =  1.048E-09

      iter #   4 total cpu time : 38166.3 secs   av.it.:  20.4
      thresh= 3.237E-06 alpha_mix =  0.700 |ddv_scf|^2 =  3.824E-10

      iter #   5 total cpu time : 38251.0 secs   av.it.:  19.6
      thresh= 1.956E-06 alpha_mix =  0.700 |ddv_scf|^2 =  1.576E-12

      iter #   6 total cpu time : 38335.7 secs   av.it.:  19.9
      thresh= 1.255E-07 alpha_mix =  0.700 |ddv_scf|^2 =  8.420E-14

      iter #   7 total cpu time : 38418.1 secs   av.it.:  19.4
      thresh= 2.902E-08 alpha_mix =  0.700 |ddv_scf|^2 =  6.062E-16

     End of self-consistent calculation

     Convergence has been achieved 


     Representation #  12 mode #  17

     Self-consistent Calculation

      iter #   1 total cpu time : 39498.5 secs   av.it.:   7.9
      thresh= 1.000E-02 alpha_mix =  0.700 |ddv_scf|^2 =  1.809E-08

      iter #   2 total cpu time : 39586.8 secs   av.it.:  20.5
      thresh= 1.345E-05 alpha_mix =  0.700 |ddv_scf|^2 =  1.726E-08

      iter #   3 total cpu time : 39672.8 secs   av.it.:  19.7
      thresh= 1.314E-05 alpha_mix =  0.700 |ddv_scf|^2 =  4.641E-10

      iter #   4 total cpu time : 39759.3 secs   av.it.:  19.6
      thresh= 2.154E-06 alpha_mix =  0.700 |ddv_scf|^2 =  7.842E-12

      iter #   5 total cpu time : 39841.6 secs   av.it.:  19.4
      thresh= 2.800E-07 alpha_mix =  0.700 |ddv_scf|^2 =  1.906E-12

      iter #   6 total cpu time : 39924.8 secs   av.it.:  19.6
      thresh= 1.381E-07 alpha_mix =  0.700 |ddv_scf|^2 =  3.084E-15

     End of self-consistent calculation

     Convergence has been achieved 


     Representation #  13 mode #  18

     Self-consistent Calculation

      iter #   1 total cpu time : 41024.9 secs   av.it.:  10.3
      thresh= 1.000E-02 alpha_mix =  0.700 |ddv_scf|^2 =  2.044E-07

      iter #   2 total cpu time : 41110.7 secs   av.it.:  19.9
      thresh= 4.521E-05 alpha_mix =  0.700 |ddv_scf|^2 =  6.515E-09

      iter #   3 total cpu time : 41195.0 secs   av.it.:  19.4
      thresh= 8.071E-06 alpha_mix =  0.700 |ddv_scf|^2 =  9.503E-12

      iter #   4 total cpu time : 41278.6 secs   av.it.:  19.1
      thresh= 3.083E-07 alpha_mix =  0.700 |ddv_scf|^2 =  6.604E-13

      iter #   5 total cpu time : 41360.2 secs   av.it.:  18.8
      thresh= 8.127E-08 alpha_mix =  0.700 |ddv_scf|^2 =  3.893E-15

     End of self-consistent calculation

     Convergence has been achieved 


     Representation #  14 mode #  19

     Self-consistent Calculation

      iter #   1 total cpu time : 42447.0 secs   av.it.:   6.0
      thresh= 1.000E-02 alpha_mix =  0.700 |ddv_scf|^2 =  1.110E-09

      iter #   2 total cpu time : 42531.4 secs   av.it.:  18.6
      thresh= 3.332E-06 alpha_mix =  0.700 |ddv_scf|^2 =  8.468E-11

      iter #   3 total cpu time : 42614.6 secs   av.it.:  18.7
      thresh= 9.202E-07 alpha_mix =  0.700 |ddv_scf|^2 =  2.822E-12

      iter #   4 total cpu time : 42699.2 secs   av.it.:  18.9
      thresh= 1.680E-07 alpha_mix =  0.700 |ddv_scf|^2 =  3.295E-14

      iter #   5 total cpu time : 42781.1 secs   av.it.:  18.9
      thresh= 1.815E-08 alpha_mix =  0.700 |ddv_scf|^2 =  5.776E-16

     End of self-consistent calculation

     Convergence has been achieved 


     Representation #  15 mode #  20

     Self-consistent Calculation

      iter #   1 total cpu time : 43855.2 secs   av.it.:   9.9
      thresh= 1.000E-02 alpha_mix =  0.700 |ddv_scf|^2 =  8.388E-08

      iter #   2 total cpu time : 43937.1 secs   av.it.:  20.0
      thresh= 2.896E-05 alpha_mix =  0.700 |ddv_scf|^2 =  5.161E-10

      iter #   3 total cpu time : 44017.2 secs   av.it.:  19.8
      thresh= 2.272E-06 alpha_mix =  0.700 |ddv_scf|^2 =  8.997E-12

      iter #   4 total cpu time : 44097.1 secs   av.it.:  19.6
      thresh= 3.000E-07 alpha_mix =  0.700 |ddv_scf|^2 =  6.479E-13

      iter #   5 total cpu time : 44174.8 secs   av.it.:  19.6
      thresh= 8.049E-08 alpha_mix =  0.700 |ddv_scf|^2 =  4.627E-15

     End of self-consistent calculation

     Convergence has been achieved 


     Representation #  16 modes #  21  22

     Self-consistent Calculation

      iter #   1 total cpu time : 45396.6 secs   av.it.:  10.4
      thresh= 1.000E-02 alpha_mix =  0.700 |ddv_scf|^2 =  6.105E-08

      iter #   2 total cpu time : 45654.4 secs   av.it.:  22.1
      thresh= 2.471E-05 alpha_mix =  0.700 |ddv_scf|^2 =  4.112E-09

      iter #   3 total cpu time : 45912.3 secs   av.it.:  22.1
      thresh= 6.413E-06 alpha_mix =  0.700 |ddv_scf|^2 =  4.075E-10

      iter #   4 total cpu time : 46176.1 secs   av.it.:  22.3
      thresh= 2.019E-06 alpha_mix =  0.700 |ddv_scf|^2 =  6.280E-11

      iter #   5 total cpu time : 46432.0 secs   av.it.:  21.7
      thresh= 7.924E-07 alpha_mix =  0.700 |ddv_scf|^2 =  1.916E-13

      iter #   6 total cpu time : 46686.5 secs   av.it.:  22.0
      thresh= 4.377E-08 alpha_mix =  0.700 |ddv_scf|^2 =  5.911E-15

     End of self-consistent calculation

     Convergence has been achieved 


     Representation #  17 modes #  23  24

     Self-consistent Calculation

      iter #   1 total cpu time : 48792.6 secs   av.it.:   7.0
      thresh= 1.000E-02 alpha_mix =  0.700 |ddv_scf|^2 =  5.757E-10

      iter #   2 total cpu time : 49060.5 secs   av.it.:  22.8
      thresh= 2.399E-06 alpha_mix =  0.700 |ddv_scf|^2 =  3.929E-10

      iter #   3 total cpu time : 49327.0 secs   av.it.:  22.2
      thresh= 1.982E-06 alpha_mix =  0.700 |ddv_scf|^2 =  5.102E-11

      iter #   4 total cpu time : 49589.4 secs   av.it.:  21.8
      thresh= 7.143E-07 alpha_mix =  0.700 |ddv_scf|^2 =  6.445E-13

      iter #   5 total cpu time : 49851.3 secs   av.it.:  21.8
      thresh= 8.028E-08 alpha_mix =  0.700 |ddv_scf|^2 =  1.637E-14

      iter #   6 total cpu time : 50111.1 secs   av.it.:  21.7
      thresh= 1.279E-08 alpha_mix =  0.700 |ddv_scf|^2 =  1.618E-16

     End of self-consistent calculation

     Convergence has been achieved 


     Representation #  18 modes #  25  26

     Self-consistent Calculation

      iter #   1 total cpu time : 52089.4 secs   av.it.:  10.1
      thresh= 1.000E-02 alpha_mix =  0.700 |ddv_scf|^2 =  3.489E-08

      iter #   2 total cpu time : 52345.4 secs   av.it.:  22.2
      thresh= 1.868E-05 alpha_mix =  0.700 |ddv_scf|^2 =  1.104E-09

      iter #   3 total cpu time : 52605.2 secs   av.it.:  22.1
      thresh= 3.323E-06 alpha_mix =  0.700 |ddv_scf|^2 =  4.232E-11

      iter #   4 total cpu time : 52862.5 secs   av.it.:  23.2
      thresh= 6.505E-07 alpha_mix =  0.700 |ddv_scf|^2 =  4.076E-11

      iter #   5 total cpu time : 53116.9 secs   av.it.:  21.6
      thresh= 6.385E-07 alpha_mix =  0.700 |ddv_scf|^2 =  1.178E-13

      iter #   6 total cpu time : 53371.8 secs   av.it.:  21.6
      thresh= 3.432E-08 alpha_mix =  0.700 |ddv_scf|^2 =  8.083E-16

     End of self-consistent calculation

     Convergence has been achieved 


     Representation #  19 modes #  27  28

     Self-consistent Calculation

      iter #   1 total cpu time : 55391.9 secs   av.it.:   7.0
      thresh= 1.000E-02 alpha_mix =  0.700 |ddv_scf|^2 =  1.650E-09

      iter #   2 total cpu time : 55668.2 secs   av.it.:  23.0
      thresh= 4.062E-06 alpha_mix =  0.700 |ddv_scf|^2 =  1.281E-09

      iter #   3 total cpu time : 55932.6 secs   av.it.:  22.1
      thresh= 3.578E-06 alpha_mix =  0.700 |ddv_scf|^2 =  9.664E-11

      iter #   4 total cpu time : 56198.0 secs   av.it.:  21.9
      thresh= 9.831E-07 alpha_mix =  0.700 |ddv_scf|^2 =  1.524E-12

      iter #   5 total cpu time : 56461.4 secs   av.it.:  21.5
      thresh= 1.234E-07 alpha_mix =  0.700 |ddv_scf|^2 =  1.846E-14

      iter #   6 total cpu time : 56724.0 secs   av.it.:  21.9
      thresh= 1.359E-08 alpha_mix =  0.700 |ddv_scf|^2 =  3.918E-16

     End of self-consistent calculation

     Convergence has been achieved 


     Representation #  20 modes #  29  30

     Self-consistent Calculation

      iter #   1 total cpu time : 58701.6 secs   av.it.:  10.5
      thresh= 1.000E-02 alpha_mix =  0.700 |ddv_scf|^2 =  6.189E-08

      iter #   2 total cpu time : 58962.1 secs   av.it.:  22.3
      thresh= 2.488E-05 alpha_mix =  0.700 |ddv_scf|^2 =  4.465E-09

      iter #   3 total cpu time : 59216.0 secs   av.it.:  22.2
      thresh= 6.682E-06 alpha_mix =  0.700 |ddv_scf|^2 =  5.354E-10

      iter #   4 total cpu time : 59472.7 secs   av.it.:  22.2
      thresh= 2.314E-06 alpha_mix =  0.700 |ddv_scf|^2 =  4.968E-11

      iter #   5 total cpu time : 59726.8 secs   av.it.:  21.8
      thresh= 7.048E-07 alpha_mix =  0.700 |ddv_scf|^2 =  1.133E-13

      iter #   6 total cpu time : 59980.2 secs   av.it.:  21.5
      thresh= 3.366E-08 alpha_mix =  0.700 |ddv_scf|^2 =  1.512E-15

     End of self-consistent calculation

     Convergence has been achieved 

     Number of q in the star =    1
     List of q in the star:
          1   0.000000000   0.000000000   0.000000000

          Dielectric constant in cartesian axis 

          (       3.292178352       0.000000000      -0.000000000 )
          (       0.000000000       3.292178352       0.000000000 )
          (      -0.000000000       0.000000000       3.252496950 )

          Effective charges (d Force / dE) in cartesian axis without acoustic sum rule applied (asr)

           atom      1   O  Mean Z*:       -1.99222
      Ex  (       -1.95041        0.08527        0.23147 )
      Ey  (        0.08527       -2.04888        0.13364 )
      Ez  (        0.31891        0.18412       -1.97739 )
           atom      2   O  Mean Z*:       -1.99222
      Ex  (       -2.09811        0.00000        0.00000 )
      Ey  (        0.00000       -1.90118       -0.26728 )
      Ez  (       -0.00000       -0.36824       -1.97739 )
           atom      3   O  Mean Z*:       -1.99222
      Ex  (       -2.09811        0.00000       -0.00000 )
      Ey  (        0.00000       -1.90118       -0.26728 )
      Ez  (        0.00000       -0.36824       -1.97739 )
           atom      4   O  Mean Z*:       -1.99222
      Ex  (       -1.95041       -0.08527       -0.23147 )
      Ey  (       -0.08527       -2.04888        0.13364 )
      Ez  (       -0.31891        0.18412       -1.97739 )
           atom      5   O  Mean Z*:       -1.99222
      Ex  (       -1.95041       -0.08527       -0.23147 )
      Ey  (       -0.08527       -2.04888        0.13364 )
      Ez  (       -0.31891        0.18412       -1.97739 )
           atom      6   O  Mean Z*:       -1.99222
      Ex  (       -1.95041        0.08527        0.23147 )
      Ey  (        0.08527       -2.04888        0.13364 )
      Ez  (        0.31891        0.18412       -1.97739 )
           atom      7   Al Mean Z*:        2.98361
      Ex  (        2.99483       -0.03341       -0.00000 )
      Ey  (        0.03341        2.99483       -0.00000 )
      Ez  (        0.00000       -0.00000        2.96119 )
           atom      8   Al Mean Z*:        2.98361
      Ex  (        2.99483        0.03341        0.00000 )
      Ey  (       -0.03341        2.99483       -0.00000 )
      Ez  (       -0.00000       -0.00000        2.96119 )
           atom      9   Al Mean Z*:        2.98361
      Ex  (        2.99483        0.03341        0.00000 )
      Ey  (       -0.03341        2.99483       -0.00000 )
      Ez  (       -0.00000       -0.00000        2.96119 )
           atom     10   Al Mean Z*:        2.98361
      Ex  (        2.99483       -0.03341       -0.00000 )
      Ey  (        0.03341        2.99483       -0.00000 )
      Ez  (        0.00000       -0.00000        2.96119 )

          Effective charges Sum: Mean:       -0.01889
             -0.01854        0.00000        0.00000
             -0.00000       -0.01854       -0.00000
             -0.00000       -0.00000       -0.01958

          Effective charges (d Force / dE) in cartesian axis with asr applied: 
           atom      1   O  Mean Z*:       -1.99034
      E*x (       -1.94856        0.08527        0.23147 )
      E*y (        0.08527       -2.04702        0.13364 )
      E*z (        0.31891        0.18412       -1.97543 )
           atom      2   O  Mean Z*:       -1.99034
      E*x (       -2.09626        0.00000        0.00000 )
      E*y (       -0.00000       -1.89932       -0.26728 )
      E*z (       -0.00000       -0.36824       -1.97543 )
           atom      3   O  Mean Z*:       -1.99034
      E*x (       -2.09626        0.00000       -0.00000 )
      E*y (        0.00000       -1.89932       -0.26728 )
      E*z (        0.00000       -0.36824       -1.97543 )
           atom      4   O  Mean Z*:       -1.99034
      E*x (       -1.94856       -0.08527       -0.23147 )
      E*y (       -0.08527       -2.04702        0.13364 )
      E*z (       -0.31891        0.18412       -1.97543 )
           atom      5   O  Mean Z*:       -1.99034
      E*x (       -1.94856       -0.08527       -0.23147 )
      E*y (       -0.08527       -2.04702        0.13364 )
      E*z (       -0.31891        0.18412       -1.97543 )
           atom      6   O  Mean Z*:       -1.99034
      E*x (       -1.94856        0.08527        0.23147 )
      E*y (        0.08527       -2.04702        0.13364 )
      E*z (        0.31891        0.18412       -1.97543 )
           atom      7   Al Mean Z*:        2.98550
      E*x (        2.99668       -0.03341       -0.00000 )
      E*y (        0.03341        2.99668        0.00000 )
      E*z (        0.00000        0.00000        2.96314 )
           atom      8   Al Mean Z*:        2.98550
      E*x (        2.99668        0.03341        0.00000 )
      E*y (       -0.03341        2.99668        0.00000 )
      E*z (       -0.00000        0.00000        2.96314 )
           atom      9   Al Mean Z*:        2.98550
      E*x (        2.99668        0.03341        0.00000 )
      E*y (       -0.03341        2.99668        0.00000 )
      E*z (       -0.00000        0.00000        2.96314 )
           atom     10   Al Mean Z*:        2.98550
      E*x (        2.99668       -0.03341       -0.00000 )
      E*y (        0.03341        2.99668        0.00000 )
      E*z (        0.00000        0.00000        2.96314 )

          Effective charges (d P / du) in cartesian axis 

           atom      1   O  
      Px  (       -1.95031        0.08546        0.23161 )
      Py  (        0.08546       -2.04899        0.13372 )
      Pz  (        0.31911        0.18424       -1.97721 )
           atom      2   O  
      Px  (       -2.09833       -0.00000        0.00000 )
      Py  (        0.00000       -1.90096       -0.26744 )
      Pz  (        0.00000       -0.36847       -1.97721 )
           atom      3   O  
      Px  (       -2.09833        0.00000        0.00000 )
      Py  (        0.00000       -1.90096       -0.26744 )
      Pz  (       -0.00000       -0.36847       -1.97721 )
           atom      4   O  
      Px  (       -1.95031       -0.08546       -0.23161 )
      Py  (       -0.08546       -2.04899        0.13372 )
      Pz  (       -0.31911        0.18424       -1.97721 )
           atom      5   O  
      Px  (       -1.95031       -0.08546       -0.23161 )
      Py  (       -0.08546       -2.04899        0.13372 )
      Pz  (       -0.31911        0.18424       -1.97721 )
           atom      6   O  
      Px  (       -1.95031        0.08546        0.23161 )
      Py  (        0.08546       -2.04899        0.13372 )
      Pz  (        0.31911        0.18424       -1.97721 )
           atom      7   Al 
      Px  (        2.99489       -0.03348       -0.00000 )
      Py  (        0.03348        2.99489       -0.00000 )
      Pz  (        0.00000       -0.00000        2.96124 )
           atom      8   Al 
      Px  (        2.99489        0.03348        0.00000 )
      Py  (       -0.03348        2.99489       -0.00000 )
      Pz  (       -0.00000       -0.00000        2.96124 )
           atom      9   Al 
      Px  (        2.99489        0.03348        0.00000 )
      Py  (       -0.03348        2.99489       -0.00000 )
      Pz  (       -0.00000       -0.00000        2.96124 )
           atom     10   Al 
      Px  (        2.99489       -0.03348       -0.00000 )
      Py  (        0.03348        2.99489       -0.00000 )
      Pz  (        0.00000       -0.00000        2.96124 )

     Diagonalizing the dynamical matrix

     q = (    0.000000000   0.000000000   0.000000000 ) 

 **************************************************************************
     freq (    1) =       0.268871 [THz] =       8.968563 [cm-1]
     freq (    2) =       0.268871 [THz] =       8.968563 [cm-1]
     freq (    3) =       0.472537 [THz] =      15.762126 [cm-1]
     freq (    4) =       8.490943 [THz] =     283.227376 [cm-1]
     freq (    5) =      10.642132 [THz] =     354.983311 [cm-1]
     freq (    6) =      10.642132 [THz] =     354.983311 [cm-1]
     freq (    7) =      10.785355 [THz] =     359.760734 [cm-1]
     freq (    8) =      10.785355 [THz] =     359.760734 [cm-1]
     freq (    9) =      11.039160 [THz] =     368.226737 [cm-1]
     freq (   10) =      11.709885 [THz] =     390.599731 [cm-1]
     freq (   11) =      12.029201 [THz] =     401.250946 [cm-1]
     freq (   12) =      12.029201 [THz] =     401.250946 [cm-1]
     freq (   13) =      12.493096 [THz] =     416.724832 [cm-1]
     freq (   14) =      12.493096 [THz] =     416.724832 [cm-1]
     freq (   15) =      12.744704 [THz] =     425.117552 [cm-1]
     freq (   16) =      12.744704 [THz] =     425.117552 [cm-1]
     freq (   17) =      15.288360 [THz] =     509.964795 [cm-1]
     freq (   18) =      16.149685 [THz] =     538.695508 [cm-1]
     freq (   19) =      16.149685 [THz] =     538.695508 [cm-1]
     freq (   20) =      16.567598 [THz] =     552.635589 [cm-1]
     freq (   21) =      16.567598 [THz] =     552.635589 [cm-1]
     freq (   22) =      16.602242 [THz] =     553.791189 [cm-1]
     freq (   23) =      17.020232 [THz] =     567.733825 [cm-1]
     freq (   24) =      18.093600 [THz] =     603.537547 [cm-1]
     freq (   25) =      18.093600 [THz] =     603.537547 [cm-1]
     freq (   26) =      18.157311 [THz] =     605.662702 [cm-1]
     freq (   27) =      19.823343 [THz] =     661.235549 [cm-1]
     freq (   28) =      21.435317 [THz] =     715.005222 [cm-1]
     freq (   29) =      21.435317 [THz] =     715.005222 [cm-1]
     freq (   30) =      21.555074 [THz] =     718.999870 [cm-1]
 **************************************************************************

     Mode symmetry, D_3d (-3m)  point group:

     freq (   1-   2) =          9.0  [cm-1]   --> E_u  L_3'       I  
     freq (   3-   3) =         15.8  [cm-1]   --> A_2u L_2'       I  
     freq (   4-   4) =        283.2  [cm-1]   --> A_2g L_2           
     freq (   5-   6) =        355.0  [cm-1]   --> E_g  L_3        R  
     freq (   7-   8) =        359.8  [cm-1]   --> E_u  L_3'       I  
     freq (   9-   9) =        368.2  [cm-1]   --> A_2u L_2'       I  
     freq (  10-  10) =        390.6  [cm-1]   --> A_1g L_1        R  
     freq (  11-  12) =        401.3  [cm-1]   --> E_g  L_3        R  
     freq (  13-  14) =        416.7  [cm-1]   --> E_u  L_3'       I  
     freq (  15-  16) =        425.1  [cm-1]   --> E_g  L_3        R  
     freq (  17-  17) =        510.0  [cm-1]   --> A_2g L_2           
     freq (  18-  19) =        538.7  [cm-1]   --> E_u  L_3'       I  
     freq (  20-  21) =        552.6  [cm-1]   --> E_g  L_3        R  
     freq (  22-  22) =        553.8  [cm-1]   --> A_2u L_2'       I  
     freq (  23-  23) =        567.7  [cm-1]   --> A_1u L_1'          
     freq (  24-  25) =        603.5  [cm-1]   --> E_u  L_3'       I  
     freq (  26-  26) =        605.7  [cm-1]   --> A_1g L_1        R  
     freq (  27-  27) =        661.2  [cm-1]   --> A_1u L_1'          
     freq (  28-  29) =        715.0  [cm-1]   --> E_g  L_3        R  
     freq (  30-  30) =        719.0  [cm-1]   --> A_2g L_2           

     Calculation of q =    0.5376348   0.3104036  -0.1975605

     Subspace diagonalization in iterative solution of the eigenvalue problem:
     one sub-group per band group will be used
     scalapack distributed-memory algorithm (size of sub-group:  6*  6 procs)


     Parallelization info
     --------------------
     sticks:   dense  smooth     PW     G-vecs:    dense   smooth      PW
     Min         106      52     16                 4281     1510     268
     Max         107      53     17                 4284     1513     273
     Sum        4037    2009    633               162715    57437   10293

     Using Slab Decomposition


     Title: 
     Phonons of symmetry-fixed alpha-Al2O3 on a 2x2x2 q grid                    


     bravais-lattice index     =            5
     lattice parameter (alat)  =       9.8018  a.u.
     unit-cell volume          =     595.0557 (a.u.)^3
     number of atoms/cell      =           10
     number of atomic types    =            2
     number of electrons       =        48.00
     number of Kohn-Sham states=           24
     kinetic-energy cutoff     =      80.0000  Ry
     charge density cutoff     =     640.0000  Ry
     Exchange-correlation= PBE
                           (   1   4   3   4   0   0   0)

     celldm(1)=   9.801767  celldm(2)=   0.000000  celldm(3)=   0.000000
     celldm(4)=   0.567551  celldm(5)=   0.000000  celldm(6)=   0.000000

     crystal axes: (cart. coord. in units of alat)
               a(1) = (   0.465000  -0.268468   0.843623 )  
               a(2) = (   0.000000   0.536935   0.843623 )  
               a(3) = (  -0.465000  -0.268468   0.843623 )  

     reciprocal axes: (cart. coord. in units 2 pi/alat)
               b(1) = (  1.075270 -0.620807  0.395121 )  
               b(2) = (  0.000000  1.241614  0.395121 )  
               b(3) = ( -1.075270 -0.620807  0.395121 )  


     PseudoPot. # 1 for O  read from file:
     /scratch/dajuarez4/Al2O3/pseudo/O.pbe-n-kjpaw_psl.1.0.0.UPF
     MD5 check sum: e99d9cef9b487d1ca56f5b95ecd0fd7a
     Pseudo is Projector augmented-wave + core cor, Zval =  6.0
     Generated using &quot;atomic&quot; code by A. Dal Corso  v.6.3
     Shape of augmentation charge: PSQ
     Using radial grid of 1095 points,  4 beta functions with: 
                l(1) =   0
                l(2) =   0
                l(3) =   1
                l(4) =   1
     Q(r) pseudized with 0 coefficients 


     PseudoPot. # 2 for Al read from file:
     /scratch/dajuarez4/Al2O3/pseudo/Al.pbe-n-kjpaw_psl.1.0.0.UPF
     MD5 check sum: 502b6b27b9c6270cab5dd1084b96fa6d
     Pseudo is Projector augmented-wave + core cor, Zval =  3.0
     Generated using &quot;atomic&quot; code by A. Dal Corso  v.6.3
     Shape of augmentation charge: PSQ
     Using radial grid of 1135 points,  6 beta functions with: 
                l(1) =   0
                l(2) =   0
                l(3) =   1
                l(4) =   1
                l(5) =   2
                l(6) =   2
     Q(r) pseudized with 0 coefficients 


     atomic species   valence    mass     pseudopotential
        O              6.00    15.99900     O ( 1.00)
        Al             3.00    26.98200     Al( 1.00)

     12 Sym. Ops., with inversion, found



   Cartesian axes

     site n.     atom                  positions (alat units)
         1           O   tau(   1) = (   0.3227841  -0.0221431   1.4763409  )
         2           O   tau(   2) = (   0.1805686   0.2684677   1.0545292  )
         3           O   tau(   3) = (  -0.1805686  -0.2684677   1.4763409  )
         4           O   tau(   4) = (  -0.1422156   0.2906108   1.4763409  )
         5           O   tau(   5) = (   0.1422156  -0.2906108   1.0545292  )
         6           O   tau(   6) = (  -0.3227841   0.0221431   1.0545292  )
         7           Al  tau(   7) = (   0.0000000  -0.0000000   0.3722274  )
         8           Al  tau(   8) = (   0.0000000  -0.0000000   0.8932077  )
         9           Al  tau(   9) = (   0.0000000  -0.0000000   1.6376624  )
        10           Al  tau(  10) = (   0.0000000  -0.0000000   2.1586428  )

     number of k points=   952

     Number of k-points >= 100: set verbosity='high' to print them.

     Dense  grid:   162715 G-vectors     FFT dimensions: (  80,  80,  80)

     Smooth grid:    57437 G-vectors     FFT dimensions: (  60,  60,  60)

     Estimated max dynamical RAM per process >      19.09 MB

     Estimated total dynamical RAM >     725.38 MB

     The potential is recalculated from file :
     ./tmp/_ph0/alpha-Al2O3-sym.save/charge-density

     Starting wfcs are   40 atomic wfcs
     Checking if some PAW data can be deallocated... 

     Band Structure Calculation
     Davidson diagonalization with overlap

     ethr =  2.08E-11,  avg # of iterations = 14.9

     total cpu time spent up to now is      189.8 secs

     End of band structure calculation

     Number of k-points >= 100: set verbosity='high' to print the bands.

     highest occupied level (ev):     7.2704

     Writing config to output data dir ./tmp/_ph0/alpha-Al2O3-sym.save/

     Phonons of symmetry-fixed alpha-Al2O3 on a 2x2x2 q grid                    

     bravais-lattice index     =            5
     lattice parameter (alat)  =       9.8018  a.u.
     unit-cell volume          =     595.0557 (a.u.)^3
     number of atoms/cell      =           10
     number of atomic types    =            2
     kinetic-energy cut-off    =      80.0000  Ry
     charge density cut-off    =     640.0000  Ry
     convergence threshold     =      1.0E-14
     beta                      =       0.7000
     number of iterations used =            4
     Exchange-correlation= PBE
                           (   1   4   3   4   0   0   0)


     celldm(1)=    9.80177  celldm(2)=    0.00000  celldm(3)=    0.00000
     celldm(4)=    0.56755  celldm(5)=    0.00000  celldm(6)=    0.00000

     crystal axes: (cart. coord. in units of alat)
               a(1) = (  0.4650 -0.2685  0.8436 )  
               a(2) = (  0.0000  0.5369  0.8436 )  
               a(3) = ( -0.4650 -0.2685  0.8436 )  

     reciprocal axes: (cart. coord. in units 2 pi/alat)
               b(1) = (  1.0753 -0.6208  0.3951 )  
               b(2) = (  0.0000  1.2416  0.3951 )  
               b(3) = ( -1.0753 -0.6208  0.3951 )  


     Atoms inside the unit cell: 

     Cartesian axes

     site n.  atom      mass           positions (alat units)
        1     O   15.9990   tau(    1) = (    0.32278   -0.02214    1.47634  )
        2     O   15.9990   tau(    2) = (    0.18057    0.26847    1.05453  )
        3     O   15.9990   tau(    3) = (   -0.18057   -0.26847    1.47634  )
        4     O   15.9990   tau(    4) = (   -0.14222    0.29061    1.47634  )
        5     O   15.9990   tau(    5) = (    0.14222   -0.29061    1.05453  )
        6     O   15.9990   tau(    6) = (   -0.32278    0.02214    1.05453  )
        7     Al  26.9820   tau(    7) = (    0.00000   -0.00000    0.37223  )
        8     Al  26.9820   tau(    8) = (    0.00000   -0.00000    0.89321  )
        9     Al  26.9820   tau(    9) = (    0.00000   -0.00000    1.63766  )
       10     Al  26.9820   tau(   10) = (    0.00000   -0.00000    2.15864  )

     Computing dynamical matrix for 
                    q = (   0.5376348   0.3104036  -0.1975605 )

      5 Sym.Ops. (with q -> -q+G )


     G cutoff = 1557.5032  (   4282 G-vectors)     FFT grid: ( 80, 80, 80)
     G cutoff =  778.7516  (   1513 G-vectors)  smooth grid: ( 60, 60, 60)
     number of k points=   952

     PseudoPot. # 1 for O  read from file:
     /scratch/dajuarez4/Al2O3/pseudo/O.pbe-n-kjpaw_psl.1.0.0.UPF
     MD5 check sum: e99d9cef9b487d1ca56f5b95ecd0fd7a
     Pseudo is Projector augmented-wave + core cor, Zval =  6.0
     Generated using &quot;atomic&quot; code by A. Dal Corso  v.6.3
     Shape of augmentation charge: PSQ
     Using radial grid of 1095 points,  4 beta functions with: 
                l(1) =   0
                l(2) =   0
                l(3) =   1
                l(4) =   1
     Q(r) pseudized with 0 coefficients 


     PseudoPot. # 2 for Al read from file:
     /scratch/dajuarez4/Al2O3/pseudo/Al.pbe-n-kjpaw_psl.1.0.0.UPF
     MD5 check sum: 502b6b27b9c6270cab5dd1084b96fa6d
     Pseudo is Projector augmented-wave + core cor, Zval =  3.0
     Generated using &quot;atomic&quot; code by A. Dal Corso  v.6.3
     Shape of augmentation charge: PSQ
     Using radial grid of 1135 points,  6 beta functions with: 
                l(1) =   0
                l(2) =   0
                l(3) =   1
                l(4) =   1
                l(5) =   2
                l(6) =   2
     Q(r) pseudized with 0 coefficients 



     Atomic displacements:
     There are   15 irreducible representations

     Representation     1      2 modes -  To be done

     Representation     2      2 modes -  To be done

     Representation     3      2 modes -  To be done

     Representation     4      2 modes -  To be done

     Representation     5      2 modes -  To be done

     Representation     6      2 modes -  To be done

     Representation     7      2 modes -  To be done

     Representation     8      2 modes -  To be done

     Representation     9      2 modes -  To be done

     Representation    10      2 modes -  To be done

     Representation    11      2 modes -  To be done

     Representation    12      2 modes -  To be done

     Representation    13      2 modes -  To be done

     Representation    14      2 modes -  To be done

     Representation    15      2 modes -  To be done



     Alpha used in Ewald sum =   2.8000
     PHONON       :      6h33m CPU     17h10m WALL



     Representation #   1 modes #   1   2

     Self-consistent Calculation

      iter #   1 total cpu time : 62299.2 secs   av.it.:   8.1
      thresh= 1.000E-02 alpha_mix =  0.700 |ddv_scf|^2 =  2.205E-08

      iter #   2 total cpu time : 62766.5 secs   av.it.:  21.6
      thresh= 1.485E-05 alpha_mix =  0.700 |ddv_scf|^2 =  2.596E-08

      iter #   3 total cpu time : 63225.8 secs   av.it.:  20.5
      thresh= 1.611E-05 alpha_mix =  0.700 |ddv_scf|^2 =  9.967E-11

      iter #   4 total cpu time : 63700.0 secs   av.it.:  22.3
      thresh= 9.983E-07 alpha_mix =  0.700 |ddv_scf|^2 =  1.500E-11

      iter #   5 total cpu time : 64173.1 secs   av.it.:  22.0
      thresh= 3.873E-07 alpha_mix =  0.700 |ddv_scf|^2 =  4.621E-13

      iter #   6 total cpu time : 64637.4 secs   av.it.:  22.4
      thresh= 6.798E-08 alpha_mix =  0.700 |ddv_scf|^2 =  1.200E-13

      iter #   7 total cpu time : 65085.3 secs   av.it.:  22.0
      thresh= 3.464E-08 alpha_mix =  0.700 |ddv_scf|^2 =  3.059E-15

     End of self-consistent calculation

     Convergence has been achieved 


     Representation #   2 modes #   3   4

     Self-consistent Calculation

      iter #   1 total cpu time : 65728.7 secs   av.it.:  11.0
      thresh= 1.000E-02 alpha_mix =  0.700 |ddv_scf|^2 =  1.597E-07

      iter #   2 total cpu time : 66175.7 secs   av.it.:  21.9
      thresh= 3.996E-05 alpha_mix =  0.700 |ddv_scf|^2 =  1.269E-07

      iter #   3 total cpu time : 66612.5 secs   av.it.:  20.4
      thresh= 3.562E-05 alpha_mix =  0.700 |ddv_scf|^2 =  1.378E-09

      iter #   4 total cpu time : 67063.0 secs   av.it.:  22.4
      thresh= 3.712E-06 alpha_mix =  0.700 |ddv_scf|^2 =  2.851E-10

      iter #   5 total cpu time : 67509.7 secs   av.it.:  21.9
      thresh= 1.689E-06 alpha_mix =  0.700 |ddv_scf|^2 =  2.193E-12

      iter #   6 total cpu time : 67961.6 secs   av.it.:  22.6
      thresh= 1.481E-07 alpha_mix =  0.700 |ddv_scf|^2 =  4.193E-13

      iter #   7 total cpu time : 68410.2 secs   av.it.:  22.5
      thresh= 6.476E-08 alpha_mix =  0.700 |ddv_scf|^2 =  6.261E-14

      iter #   8 total cpu time : 68903.5 secs   av.it.:  22.4
      thresh= 2.502E-08 alpha_mix =  0.700 |ddv_scf|^2 =  2.934E-15

     End of self-consistent calculation

     Convergence has been achieved 


     Representation #   3 modes #   5   6

     Self-consistent Calculation

      iter #   1 total cpu time : 69601.9 secs   av.it.:  11.0
      thresh= 1.000E-02 alpha_mix =  0.700 |ddv_scf|^2 =  1.809E-07

      iter #   2 total cpu time : 70071.7 secs   av.it.:  22.2
      thresh= 4.253E-05 alpha_mix =  0.700 |ddv_scf|^2 =  1.113E-07

      iter #   3 total cpu time : 70532.3 secs   av.it.:  20.6
      thresh= 3.336E-05 alpha_mix =  0.700 |ddv_scf|^2 =  3.235E-09

      iter #   4 total cpu time : 70997.4 secs   av.it.:  21.7
      thresh= 5.688E-06 alpha_mix =  0.700 |ddv_scf|^2 =  1.682E-10

      iter #   5 total cpu time : 71467.5 secs   av.it.:  22.1
      thresh= 1.297E-06 alpha_mix =  0.700 |ddv_scf|^2 =  1.022E-11

      iter #   6 total cpu time : 71924.9 secs   av.it.:  22.3
      thresh= 3.197E-07 alpha_mix =  0.700 |ddv_scf|^2 =  2.104E-13

      iter #   7 total cpu time : 72379.1 secs   av.it.:  22.8
      thresh= 4.586E-08 alpha_mix =  0.700 |ddv_scf|^2 =  1.068E-13

      iter #   8 total cpu time : 72825.8 secs   av.it.:  22.2
      thresh= 3.268E-08 alpha_mix =  0.700 |ddv_scf|^2 =  2.570E-15

     End of self-consistent calculation

     Convergence has been achieved 


     Representation #   4 modes #   7   8

     Self-consistent Calculation

      iter #   1 total cpu time : 73450.3 secs   av.it.:  10.9
      thresh= 1.000E-02 alpha_mix =  0.700 |ddv_scf|^2 =  2.624E-07

      iter #   2 total cpu time : 73896.0 secs   av.it.:  21.7
      thresh= 5.123E-05 alpha_mix =  0.700 |ddv_scf|^2 =  2.070E-07

      iter #   3 total cpu time : 74336.4 secs   av.it.:  20.3
      thresh= 4.550E-05 alpha_mix =  0.700 |ddv_scf|^2 =  2.112E-09

      iter #   4 total cpu time : 74784.1 secs   av.it.:  22.3
      thresh= 4.596E-06 alpha_mix =  0.700 |ddv_scf|^2 =  3.987E-10

      iter #   5 total cpu time : 75230.8 secs   av.it.:  21.7
      thresh= 1.997E-06 alpha_mix =  0.700 |ddv_scf|^2 =  4.676E-12

      iter #   6 total cpu time : 75706.0 secs   av.it.:  22.6
      thresh= 2.163E-07 alpha_mix =  0.700 |ddv_scf|^2 =  5.651E-13

      iter #   7 total cpu time : 76194.0 secs   av.it.:  22.5
      thresh= 7.517E-08 alpha_mix =  0.700 |ddv_scf|^2 =  9.417E-14

      iter #   8 total cpu time : 76664.3 secs   av.it.:  22.3
      thresh= 3.069E-08 alpha_mix =  0.700 |ddv_scf|^2 =  1.905E-15

     End of self-consistent calculation

     Convergence has been achieved 


     Representation #   5 modes #   9  10

     Self-consistent Calculation

      iter #   1 total cpu time : 77301.3 secs   av.it.:   8.0
      thresh= 1.000E-02 alpha_mix =  0.700 |ddv_scf|^2 =  1.206E-08

      iter #   2 total cpu time : 77765.6 secs   av.it.:  21.8
      thresh= 1.098E-05 alpha_mix =  0.700 |ddv_scf|^2 =  1.364E-08

      iter #   3 total cpu time : 78219.1 secs   av.it.:  20.7
      thresh= 1.168E-05 alpha_mix =  0.700 |ddv_scf|^2 =  7.646E-11

      iter #   4 total cpu time : 78676.8 secs   av.it.:  22.5
      thresh= 8.744E-07 alpha_mix =  0.700 |ddv_scf|^2 =  1.313E-11

      iter #   5 total cpu time : 79139.1 secs   av.it.:  22.1
      thresh= 3.624E-07 alpha_mix =  0.700 |ddv_scf|^2 =  3.646E-13

      iter #   6 total cpu time : 79604.4 secs   av.it.:  22.5
      thresh= 6.038E-08 alpha_mix =  0.700 |ddv_scf|^2 =  9.827E-14

      iter #   7 total cpu time : 80059.6 secs   av.it.:  22.4
      thresh= 3.135E-08 alpha_mix =  0.700 |ddv_scf|^2 =  1.061E-14

      iter #   8 total cpu time : 80509.6 secs   av.it.:  21.9
      thresh= 1.030E-08 alpha_mix =  0.700 |ddv_scf|^2 =  4.600E-16

     End of self-consistent calculation

     Convergence has been achieved 


     Representation #   6 modes #  11  12

     Self-consistent Calculation

      iter #   1 total cpu time : 81121.1 secs   av.it.:   7.7
      thresh= 1.000E-02 alpha_mix =  0.700 |ddv_scf|^2 =  2.272E-09

      iter #   2 total cpu time : 81579.5 secs   av.it.:  22.9
      thresh= 4.767E-06 alpha_mix =  0.700 |ddv_scf|^2 =  1.876E-09

      iter #   3 total cpu time : 82035.6 secs   av.it.:  22.0
      thresh= 4.332E-06 alpha_mix =  0.700 |ddv_scf|^2 =  9.178E-11

      iter #   4 total cpu time : 82487.5 secs   av.it.:  22.0
      thresh= 9.580E-07 alpha_mix =  0.700 |ddv_scf|^2 =  4.528E-12

      iter #   5 total cpu time : 82939.7 secs   av.it.:  21.8
      thresh= 2.128E-07 alpha_mix =  0.700 |ddv_scf|^2 =  1.530E-12

      iter #   6 total cpu time : 83416.5 secs   av.it.:  21.0
      thresh= 1.237E-07 alpha_mix =  0.700 |ddv_scf|^2 =  7.398E-14

      iter #   7 total cpu time : 83915.6 secs   av.it.:  22.3
      thresh= 2.720E-08 alpha_mix =  0.700 |ddv_scf|^2 =  6.519E-15

     End of self-consistent calculation

     Convergence has been achieved 


     Representation #   7 modes #  13  14

     Self-consistent Calculation

      iter #   1 total cpu time : 84605.9 secs   av.it.:  10.9
      thresh= 1.000E-02 alpha_mix =  0.700 |ddv_scf|^2 =  1.123E-07

      iter #   2 total cpu time : 85090.6 secs   av.it.:  22.3
      thresh= 3.352E-05 alpha_mix =  0.700 |ddv_scf|^2 =  2.705E-08

      iter #   3 total cpu time : 85548.1 secs   av.it.:  21.3
      thresh= 1.645E-05 alpha_mix =  0.700 |ddv_scf|^2 =  7.109E-10

      iter #   4 total cpu time : 86009.6 secs   av.it.:  22.2
      thresh= 2.666E-06 alpha_mix =  0.700 |ddv_scf|^2 =  1.700E-10

      iter #   5 total cpu time : 86460.9 secs   av.it.:  21.6
      thresh= 1.304E-06 alpha_mix =  0.700 |ddv_scf|^2 =  1.105E-12

      iter #   6 total cpu time : 86910.0 secs   av.it.:  22.6
      thresh= 1.051E-07 alpha_mix =  0.700 |ddv_scf|^2 =  4.388E-13

      iter #   7 total cpu time : 87354.9 secs   av.it.:  22.1
      thresh= 6.624E-08 alpha_mix =  0.700 |ddv_scf|^2 =  3.071E-14

      iter #   8 total cpu time : 87806.7 secs   av.it.:  22.8
      thresh= 1.752E-08 alpha_mix =  0.700 |ddv_scf|^2 =  1.193E-14

      iter #   9 total cpu time : 88251.2 secs   av.it.:  22.0
      thresh= 1.092E-08 alpha_mix =  0.700 |ddv_scf|^2 =  1.224E-16

     End of self-consistent calculation

     Convergence has been achieved 


     Representation #   8 modes #  15  16

     Self-consistent Calculation

      iter #   1 total cpu time : 88876.4 secs   av.it.:  10.8
      thresh= 1.000E-02 alpha_mix =  0.700 |ddv_scf|^2 =  1.569E-07

      iter #   2 total cpu time : 89320.6 secs   av.it.:  22.0
      thresh= 3.961E-05 alpha_mix =  0.700 |ddv_scf|^2 =  1.262E-07

      iter #   3 total cpu time : 89756.0 secs   av.it.:  20.3
      thresh= 3.553E-05 alpha_mix =  0.700 |ddv_scf|^2 =  1.290E-09

      iter #   4 total cpu time : 90226.9 secs   av.it.:  22.3
      thresh= 3.591E-06 alpha_mix =  0.700 |ddv_scf|^2 =  3.110E-10

      iter #   5 total cpu time : 90705.0 secs   av.it.:  21.7
      thresh= 1.764E-06 alpha_mix =  0.700 |ddv_scf|^2 =  1.818E-12

      iter #   6 total cpu time : 91176.1 secs   av.it.:  22.3
      thresh= 1.348E-07 alpha_mix =  0.700 |ddv_scf|^2 =  5.775E-13

      iter #   7 total cpu time : 91645.9 secs   av.it.:  22.1
      thresh= 7.600E-08 alpha_mix =  0.700 |ddv_scf|^2 =  7.272E-14

      iter #   8 total cpu time : 92113.4 secs   av.it.:  22.4
      thresh= 2.697E-08 alpha_mix =  0.700 |ddv_scf|^2 =  6.417E-15

     End of self-consistent calculation

     Convergence has been achieved 


     Representation #   9 modes #  17  18

     Self-consistent Calculation

      iter #   1 total cpu time : 92737.4 secs   av.it.:   7.4
      thresh= 1.000E-02 alpha_mix =  0.700 |ddv_scf|^2 =  4.894E-09

      iter #   2 total cpu time : 93184.2 secs   av.it.:  21.9
      thresh= 6.996E-06 alpha_mix =  0.700 |ddv_scf|^2 =  4.178E-09

      iter #   3 total cpu time : 93624.6 secs   av.it.:  20.8
      thresh= 6.464E-06 alpha_mix =  0.700 |ddv_scf|^2 =  1.046E-10

      iter #   4 total cpu time : 94073.9 secs   av.it.:  21.7
      thresh= 1.023E-06 alpha_mix =  0.700 |ddv_scf|^2 =  5.160E-12

      iter #   5 total cpu time : 94544.9 secs   av.it.:  22.7
      thresh= 2.272E-07 alpha_mix =  0.700 |ddv_scf|^2 =  1.180E-12

      iter #   6 total cpu time : 95000.7 secs   av.it.:  22.2
      thresh= 1.086E-07 alpha_mix =  0.700 |ddv_scf|^2 =  3.558E-14

      iter #   7 total cpu time : 95461.3 secs   av.it.:  22.9
      thresh= 1.886E-08 alpha_mix =  0.700 |ddv_scf|^2 =  1.765E-14

      iter #   8 total cpu time : 95914.7 secs   av.it.:  22.0
      thresh= 1.329E-08 alpha_mix =  0.700 |ddv_scf|^2 =  1.884E-16

     End of self-consistent calculation

     Convergence has been achieved 


     Representation #  10 modes #  19  20

     Self-consistent Calculation

      iter #   1 total cpu time : 96601.9 secs   av.it.:  11.0
      thresh= 1.000E-02 alpha_mix =  0.700 |ddv_scf|^2 =  1.610E-07

      iter #   2 total cpu time : 97079.7 secs   av.it.:  22.2
      thresh= 4.013E-05 alpha_mix =  0.700 |ddv_scf|^2 =  9.830E-08

      iter #   3 total cpu time : 97557.5 secs   av.it.:  20.6
      thresh= 3.135E-05 alpha_mix =  0.700 |ddv_scf|^2 =  2.931E-09

      iter #   4 total cpu time : 98027.3 secs   av.it.:  21.6
      thresh= 5.414E-06 alpha_mix =  0.700 |ddv_scf|^2 =  2.047E-10

      iter #   5 total cpu time : 98504.9 secs   av.it.:  21.8
      thresh= 1.431E-06 alpha_mix =  0.700 |ddv_scf|^2 =  4.375E-12

      iter #   6 total cpu time : 98977.3 secs   av.it.:  22.8
      thresh= 2.092E-07 alpha_mix =  0.700 |ddv_scf|^2 =  5.830E-13

      iter #   7 total cpu time : 99426.1 secs   av.it.:  22.1
      thresh= 7.636E-08 alpha_mix =  0.700 |ddv_scf|^2 =  9.729E-14

      iter #   8 total cpu time : 99877.3 secs   av.it.:  22.5
      thresh= 3.119E-08 alpha_mix =  0.700 |ddv_scf|^2 =  1.511E-14

      iter #   9 total cpu time :100324.1 secs   av.it.:  21.8
      thresh= 1.229E-08 alpha_mix =  0.700 |ddv_scf|^2 =  7.639E-16

     End of self-consistent calculation

     Convergence has been achieved 


     Representation #  11 modes #  21  22

     Self-consistent Calculation

      iter #   1 total cpu time :100935.8 secs   av.it.:  11.0
      thresh= 1.000E-02 alpha_mix =  0.700 |ddv_scf|^2 =  2.475E-07

      iter #   2 total cpu time :101383.2 secs   av.it.:  21.8
      thresh= 4.975E-05 alpha_mix =  0.700 |ddv_scf|^2 =  2.134E-07

      iter #   3 total cpu time :101823.7 secs   av.it.:  20.3
      thresh= 4.619E-05 alpha_mix =  0.700 |ddv_scf|^2 =  1.658E-09

      iter #   4 total cpu time :102276.2 secs   av.it.:  22.6
      thresh= 4.072E-06 alpha_mix =  0.700 |ddv_scf|^2 =  3.693E-10

      iter #   5 total cpu time :102723.5 secs   av.it.:  21.8
      thresh= 1.922E-06 alpha_mix =  0.700 |ddv_scf|^2 =  2.457E-12

      iter #   6 total cpu time :103181.9 secs   av.it.:  23.0
      thresh= 1.568E-07 alpha_mix =  0.700 |ddv_scf|^2 =  5.438E-13

      iter #   7 total cpu time :103656.5 secs   av.it.:  22.3
      thresh= 7.374E-08 alpha_mix =  0.700 |ddv_scf|^2 =  9.171E-14

      iter #   8 total cpu time :104146.0 secs   av.it.:  21.9
      thresh= 3.028E-08 alpha_mix =  0.700 |ddv_scf|^2 =  1.689E-15

     End of self-consistent calculation

     Convergence has been achieved 


     Representation #  12 modes #  23  24

     Self-consistent Calculation

      iter #   1 total cpu time :104799.5 secs   av.it.:   8.0
      thresh= 1.000E-02 alpha_mix =  0.700 |ddv_scf|^2 =  7.104E-09

      iter #   2 total cpu time :105270.7 secs   av.it.:  22.3
      thresh= 8.428E-06 alpha_mix =  0.700 |ddv_scf|^2 =  7.540E-09

      iter #   3 total cpu time :105730.9 secs   av.it.:  21.2
      thresh= 8.683E-06 alpha_mix =  0.700 |ddv_scf|^2 =  1.107E-10

      iter #   4 total cpu time :106194.9 secs   av.it.:  22.1
      thresh= 1.052E-06 alpha_mix =  0.700 |ddv_scf|^2 =  5.757E-12

      iter #   5 total cpu time :106644.7 secs   av.it.:  22.5
      thresh= 2.399E-07 alpha_mix =  0.700 |ddv_scf|^2 =  4.305E-13

      iter #   6 total cpu time :107092.8 secs   av.it.:  22.6
      thresh= 6.561E-08 alpha_mix =  0.700 |ddv_scf|^2 =  1.038E-13

      iter #   7 total cpu time :107538.8 secs   av.it.:  22.0
      thresh= 3.222E-08 alpha_mix =  0.700 |ddv_scf|^2 =  1.259E-14

      iter #   8 total cpu time :107990.8 secs   av.it.:  22.5
      thresh= 1.122E-08 alpha_mix =  0.700 |ddv_scf|^2 =  2.078E-15

     End of self-consistent calculation

     Convergence has been achieved 


     Representation #  13 modes #  25  26

     Self-consistent Calculation

      iter #   1 total cpu time :108629.9 secs   av.it.:  10.8
      thresh= 1.000E-02 alpha_mix =  0.700 |ddv_scf|^2 =  8.817E-08

      iter #   2 total cpu time :109087.1 secs   av.it.:  22.3
      thresh= 2.969E-05 alpha_mix =  0.700 |ddv_scf|^2 =  2.039E-08

      iter #   3 total cpu time :109529.5 secs   av.it.:  21.2
      thresh= 1.428E-05 alpha_mix =  0.700 |ddv_scf|^2 =  1.079E-09

      iter #   4 total cpu time :109973.2 secs   av.it.:  21.0
      thresh= 3.285E-06 alpha_mix =  0.700 |ddv_scf|^2 =  1.113E-10

      iter #   5 total cpu time :110443.9 secs   av.it.:  21.4
      thresh= 1.055E-06 alpha_mix =  0.700 |ddv_scf|^2 =  2.991E-12

      iter #   6 total cpu time :110936.3 secs   av.it.:  22.3
      thresh= 1.730E-07 alpha_mix =  0.700 |ddv_scf|^2 =  2.139E-13

      iter #   7 total cpu time :111426.1 secs   av.it.:  22.6
      thresh= 4.625E-08 alpha_mix =  0.700 |ddv_scf|^2 =  1.990E-14

      iter #   8 total cpu time :111902.7 secs   av.it.:  23.0
      thresh= 1.411E-08 alpha_mix =  0.700 |ddv_scf|^2 =  1.001E-14

      iter #   9 total cpu time :112372.6 secs   av.it.:  22.1
      thresh= 1.000E-08 alpha_mix =  0.700 |ddv_scf|^2 =  3.632E-16

     End of self-consistent calculation

     Convergence has been achieved 


     Representation #  14 modes #  27  28

     Self-consistent Calculation

      iter #   1 total cpu time :112999.0 secs   av.it.:   8.1
      thresh= 1.000E-02 alpha_mix =  0.700 |ddv_scf|^2 =  1.229E-08

      iter #   2 total cpu time :113450.1 secs   av.it.:  22.1
      thresh= 1.109E-05 alpha_mix =  0.700 |ddv_scf|^2 =  1.328E-08

      iter #   3 total cpu time :113889.8 secs   av.it.:  20.9
      thresh= 1.152E-05 alpha_mix =  0.700 |ddv_scf|^2 =  1.205E-10

      iter #   4 total cpu time :114346.5 secs   av.it.:  21.9
      thresh= 1.098E-06 alpha_mix =  0.700 |ddv_scf|^2 =  5.893E-12

      iter #   5 total cpu time :114796.4 secs   av.it.:  22.6
      thresh= 2.428E-07 alpha_mix =  0.700 |ddv_scf|^2 =  1.104E-12

      iter #   6 total cpu time :115247.3 secs   av.it.:  22.3
      thresh= 1.051E-07 alpha_mix =  0.700 |ddv_scf|^2 =  1.202E-13

      iter #   7 total cpu time :115717.5 secs   av.it.:  22.5
      thresh= 3.467E-08 alpha_mix =  0.700 |ddv_scf|^2 =  2.040E-14

      iter #   8 total cpu time :116191.8 secs   av.it.:  22.4
      thresh= 1.428E-08 alpha_mix =  0.700 |ddv_scf|^2 =  8.690E-16

     End of self-consistent calculation

     Convergence has been achieved 


     Representation #  15 modes #  29  30

     Self-consistent Calculation

      iter #   1 total cpu time :116856.2 secs   av.it.:  11.0
      thresh= 1.000E-02 alpha_mix =  0.700 |ddv_scf|^2 =  4.126E-07

      iter #   2 total cpu time :117333.5 secs   av.it.:  21.5
      thresh= 6.423E-05 alpha_mix =  0.700 |ddv_scf|^2 =  3.624E-07

      iter #   3 total cpu time :117783.9 secs   av.it.:  20.2
      thresh= 6.020E-05 alpha_mix =  0.700 |ddv_scf|^2 =  2.192E-09

      iter #   4 total cpu time :118246.2 secs   av.it.:  22.6
      thresh= 4.682E-06 alpha_mix =  0.700 |ddv_scf|^2 =  5.368E-10

      iter #   5 total cpu time :118689.9 secs   av.it.:  21.5
      thresh= 2.317E-06 alpha_mix =  0.700 |ddv_scf|^2 =  4.347E-12

      iter #   6 total cpu time :119140.8 secs   av.it.:  22.8
      thresh= 2.085E-07 alpha_mix =  0.700 |ddv_scf|^2 =  6.699E-13

      iter #   7 total cpu time :119591.6 secs   av.it.:  22.3
      thresh= 8.185E-08 alpha_mix =  0.700 |ddv_scf|^2 =  1.157E-13

      iter #   8 total cpu time :120063.9 secs   av.it.:  22.3
      thresh= 3.401E-08 alpha_mix =  0.700 |ddv_scf|^2 =  4.781E-15

     End of self-consistent calculation

     Convergence has been achieved 

     Number of q in the star =    3
     List of q in the star:
          1   0.537634800   0.310403597  -0.197560510
          2   0.537634800  -0.310403597   0.197560510
          3  -0.000000000   0.620807193   0.197560510

     Diagonalizing the dynamical matrix

     q = (    0.537634800   0.310403597  -0.197560510 ) 

 **************************************************************************
     freq (    1) =       6.497502 [THz] =     216.733338 [cm-1]
     freq (    2) =       6.497502 [THz] =     216.733338 [cm-1]
     freq (    3) =       7.020528 [THz] =     234.179621 [cm-1]
     freq (    4) =       7.020528 [THz] =     234.179621 [cm-1]
     freq (    5) =       8.788817 [THz] =     293.163381 [cm-1]
     freq (    6) =       8.788817 [THz] =     293.163381 [cm-1]
     freq (    7) =      10.575773 [THz] =     352.769823 [cm-1]
     freq (    8) =      10.575773 [THz] =     352.769823 [cm-1]
     freq (    9) =      11.414752 [THz] =     380.755141 [cm-1]
     freq (   10) =      11.414752 [THz] =     380.755141 [cm-1]
     freq (   11) =      12.580675 [THz] =     419.646149 [cm-1]
     freq (   12) =      12.580675 [THz] =     419.646149 [cm-1]
     freq (   13) =      13.008840 [THz] =     433.928210 [cm-1]
     freq (   14) =      13.008840 [THz] =     433.928210 [cm-1]
     freq (   15) =      14.134346 [THz] =     471.471023 [cm-1]
     freq (   16) =      14.134346 [THz] =     471.471023 [cm-1]
     freq (   17) =      14.828572 [THz] =     494.627919 [cm-1]
     freq (   18) =      14.828572 [THz] =     494.627919 [cm-1]
     freq (   19) =      15.482385 [THz] =     516.436773 [cm-1]
     freq (   20) =      15.482385 [THz] =     516.436773 [cm-1]
     freq (   21) =      16.622698 [THz] =     554.473510 [cm-1]
     freq (   22) =      16.622698 [THz] =     554.473510 [cm-1]
     freq (   23) =      17.931952 [THz] =     598.145538 [cm-1]
     freq (   24) =      17.931952 [THz] =     598.145538 [cm-1]
     freq (   25) =      18.845757 [THz] =     628.626804 [cm-1]
     freq (   26) =      18.845757 [THz] =     628.626804 [cm-1]
     freq (   27) =      21.561670 [THz] =     719.219911 [cm-1]
     freq (   28) =      21.561670 [THz] =     719.219911 [cm-1]
     freq (   29) =      23.738944 [THz] =     791.845953 [cm-1]
     freq (   30) =      23.738944 [THz] =     791.845953 [cm-1]
 **************************************************************************

     Calculation of q =    0.5376348  -0.3104036  -0.3951210

     Parallelization info
     --------------------
     sticks:   dense  smooth     PW     G-vecs:    dense   smooth      PW
     Min         106      52     17                 4281     1510     275
     Max         107      53     18                 4284     1513     278
     Sum        4037    2009    647               162715    57437   10515

     Using Slab Decomposition


     Title: 
     Phonons of symmetry-fixed alpha-Al2O3 on a 2x2x2 q grid                    


     bravais-lattice index     =            5
     lattice parameter (alat)  =       9.8018  a.u.
     unit-cell volume          =     595.0557 (a.u.)^3
     number of atoms/cell      =           10
     number of atomic types    =            2
     number of electrons       =        48.00
     number of Kohn-Sham states=           24
     kinetic-energy cutoff     =      80.0000  Ry
     charge density cutoff     =     640.0000  Ry
     Exchange-correlation= PBE
                           (   1   4   3   4   0   0   0)

     celldm(1)=   9.801767  celldm(2)=   0.000000  celldm(3)=   0.000000
     celldm(4)=   0.567551  celldm(5)=   0.000000  celldm(6)=   0.000000

     crystal axes: (cart. coord. in units of alat)
               a(1) = (   0.465000  -0.268468   0.843623 )  
               a(2) = (   0.000000   0.536935   0.843623 )  
               a(3) = (  -0.465000  -0.268468   0.843623 )  

     reciprocal axes: (cart. coord. in units 2 pi/alat)
               b(1) = (  1.075270 -0.620807  0.395121 )  
               b(2) = (  0.000000  1.241614  0.395121 )  
               b(3) = ( -1.075270 -0.620807  0.395121 )  


     PseudoPot. # 1 for O  read from file:
     /scratch/dajuarez4/Al2O3/pseudo/O.pbe-n-kjpaw_psl.1.0.0.UPF
     MD5 check sum: e99d9cef9b487d1ca56f5b95ecd0fd7a
     Pseudo is Projector augmented-wave + core cor, Zval =  6.0
     Generated using &quot;atomic&quot; code by A. Dal Corso  v.6.3
     Shape of augmentation charge: PSQ
     Using radial grid of 1095 points,  4 beta functions with: 
                l(1) =   0
                l(2) =   0
                l(3) =   1
                l(4) =   1
     Q(r) pseudized with 0 coefficients 


     PseudoPot. # 2 for Al read from file:
     /scratch/dajuarez4/Al2O3/pseudo/Al.pbe-n-kjpaw_psl.1.0.0.UPF
     MD5 check sum: 502b6b27b9c6270cab5dd1084b96fa6d
     Pseudo is Projector augmented-wave + core cor, Zval =  3.0
     Generated using &quot;atomic&quot; code by A. Dal Corso  v.6.3
     Shape of augmentation charge: PSQ
     Using radial grid of 1135 points,  6 beta functions with: 
                l(1) =   0
                l(2) =   0
                l(3) =   1
                l(4) =   1
                l(5) =   2
                l(6) =   2
     Q(r) pseudized with 0 coefficients 


     atomic species   valence    mass     pseudopotential
        O              6.00    15.99900     O ( 1.00)
        Al             3.00    26.98200     Al( 1.00)

     12 Sym. Ops., with inversion, found



   Cartesian axes

     site n.     atom                  positions (alat units)
         1           O   tau(   1) = (   0.3227841  -0.0221431   1.4763409  )
         2           O   tau(   2) = (   0.1805686   0.2684677   1.0545292  )
         3           O   tau(   3) = (  -0.1805686  -0.2684677   1.4763409  )
         4           O   tau(   4) = (  -0.1422156   0.2906108   1.4763409  )
         5           O   tau(   5) = (   0.1422156  -0.2906108   1.0545292  )
         6           O   tau(   6) = (  -0.3227841   0.0221431   1.0545292  )
         7           Al  tau(   7) = (   0.0000000  -0.0000000   0.3722274  )
         8           Al  tau(   8) = (   0.0000000  -0.0000000   0.8932077  )
         9           Al  tau(   9) = (   0.0000000  -0.0000000   1.6376624  )
        10           Al  tau(  10) = (   0.0000000  -0.0000000   2.1586428  )

     number of k points=   952

     Number of k-points >= 100: set verbosity='high' to print them.

     Dense  grid:   162715 G-vectors     FFT dimensions: (  80,  80,  80)

     Smooth grid:    57437 G-vectors     FFT dimensions: (  60,  60,  60)

     Estimated max dynamical RAM per process >      19.10 MB

     Estimated total dynamical RAM >     725.73 MB

     The potential is recalculated from file :
     ./tmp/_ph0/alpha-Al2O3-sym.save/charge-density

     Starting wfcs are   40 atomic wfcs
     Checking if some PAW data can be deallocated... 

     Band Structure Calculation
     Davidson diagonalization with overlap

     ethr =  2.08E-11,  avg # of iterations = 14.9

     total cpu time spent up to now is      382.6 secs

     End of band structure calculation

     Number of k-points >= 100: set verbosity='high' to print the bands.

     highest occupied level (ev):     7.2704

     Writing config to output data dir ./tmp/_ph0/alpha-Al2O3-sym.save/

     Phonons of symmetry-fixed alpha-Al2O3 on a 2x2x2 q grid                    

     bravais-lattice index     =            5
     lattice parameter (alat)  =       9.8018  a.u.
     unit-cell volume          =     595.0557 (a.u.)^3
     number of atoms/cell      =           10
     number of atomic types    =            2
     kinetic-energy cut-off    =      80.0000  Ry
     charge density cut-off    =     640.0000  Ry
     convergence threshold     =      1.0E-14
     beta                      =       0.7000
     number of iterations used =            4
     Exchange-correlation= PBE
                           (   1   4   3   4   0   0   0)


     celldm(1)=    9.80177  celldm(2)=    0.00000  celldm(3)=    0.00000
     celldm(4)=    0.56755  celldm(5)=    0.00000  celldm(6)=    0.00000

     crystal axes: (cart. coord. in units of alat)
               a(1) = (  0.4650 -0.2685  0.8436 )  
               a(2) = (  0.0000  0.5369  0.8436 )  
               a(3) = ( -0.4650 -0.2685  0.8436 )  

     reciprocal axes: (cart. coord. in units 2 pi/alat)
               b(1) = (  1.0753 -0.6208  0.3951 )  
               b(2) = (  0.0000  1.2416  0.3951 )  
               b(3) = ( -1.0753 -0.6208  0.3951 )  


     Atoms inside the unit cell: 

     Cartesian axes

     site n.  atom      mass           positions (alat units)
        1     O   15.9990   tau(    1) = (    0.32278   -0.02214    1.47634  )
        2     O   15.9990   tau(    2) = (    0.18057    0.26847    1.05453  )
        3     O   15.9990   tau(    3) = (   -0.18057   -0.26847    1.47634  )
        4     O   15.9990   tau(    4) = (   -0.14222    0.29061    1.47634  )
        5     O   15.9990   tau(    5) = (    0.14222   -0.29061    1.05453  )
        6     O   15.9990   tau(    6) = (   -0.32278    0.02214    1.05453  )
        7     Al  26.9820   tau(    7) = (    0.00000   -0.00000    0.37223  )
        8     Al  26.9820   tau(    8) = (    0.00000   -0.00000    0.89321  )
        9     Al  26.9820   tau(    9) = (    0.00000   -0.00000    1.63766  )
       10     Al  26.9820   tau(   10) = (    0.00000   -0.00000    2.15864  )

     Computing dynamical matrix for 
                    q = (   0.5376348  -0.3104036  -0.3951210 )

      5 Sym.Ops. (with q -> -q+G )


     G cutoff = 1557.5032  (   4282 G-vectors)     FFT grid: ( 80, 80, 80)
     G cutoff =  778.7516  (   1513 G-vectors)  smooth grid: ( 60, 60, 60)
     number of k points=   952

     PseudoPot. # 1 for O  read from file:
     /scratch/dajuarez4/Al2O3/pseudo/O.pbe-n-kjpaw_psl.1.0.0.UPF
     MD5 check sum: e99d9cef9b487d1ca56f5b95ecd0fd7a
     Pseudo is Projector augmented-wave + core cor, Zval =  6.0
     Generated using &quot;atomic&quot; code by A. Dal Corso  v.6.3
     Shape of augmentation charge: PSQ
     Using radial grid of 1095 points,  4 beta functions with: 
                l(1) =   0
                l(2) =   0
                l(3) =   1
                l(4) =   1
     Q(r) pseudized with 0 coefficients 


     PseudoPot. # 2 for Al read from file:
     /scratch/dajuarez4/Al2O3/pseudo/Al.pbe-n-kjpaw_psl.1.0.0.UPF
     MD5 check sum: 502b6b27b9c6270cab5dd1084b96fa6d
     Pseudo is Projector augmented-wave + core cor, Zval =  3.0
     Generated using &quot;atomic&quot; code by A. Dal Corso  v.6.3
     Shape of augmentation charge: PSQ
     Using radial grid of 1135 points,  6 beta functions with: 
                l(1) =   0
                l(2) =   0
                l(3) =   1
                l(4) =   1
                l(5) =   2
                l(6) =   2
     Q(r) pseudized with 0 coefficients 



     Atomic displacements:
     There are   30 irreducible representations

     Representation     1      1 modes -  To be done

     Representation     2      1 modes -  To be done

     Representation     3      1 modes -  To be done

     Representation     4      1 modes -  To be done

     Representation     5      1 modes -  To be done

     Representation     6      1 modes -  To be done

     Representation     7      1 modes -  To be done

     Representation     8      1 modes -  To be done

     Representation     9      1 modes -  To be done

     Representation    10      1 modes -  To be done

     Representation    11      1 modes -  To be done

     Representation    12      1 modes -  To be done

     Representation    13      1 modes -  To be done

     Representation    14      1 modes -  To be done

     Representation    15      1 modes -  To be done

     Representation    16      1 modes -  To be done

     Representation    17      1 modes -  To be done

     Representation    18      1 modes -  To be done

     Representation    19      1 modes -  To be done

     Representation    20      1 modes -  To be done

     Representation    21      1 modes -  To be done

     Representation    22      1 modes -  To be done

     Representation    23      1 modes -  To be done

     Representation    24      1 modes -  To be done

     Representation    25      1 modes -  To be done

     Representation    26      1 modes -  To be done

     Representation    27      1 modes -  To be done

     Representation    28      1 modes -  To be done

     Representation    29      1 modes -  To be done

     Representation    30      1 modes -  To be done



     Alpha used in Ewald sum =   2.8000
     PHONON       :     16h32m CPU   1d 9h29m WALL



     Representation #   1 mode #   1

     Self-consistent Calculation

      iter #   1 total cpu time :121263.7 secs   av.it.:   8.6
      thresh= 1.000E-02 alpha_mix =  0.700 |ddv_scf|^2 =  1.339E-07

      iter #   2 total cpu time :121528.9 secs   av.it.:  20.1
      thresh= 3.659E-05 alpha_mix =  0.700 |ddv_scf|^2 =  1.497E-07

      iter #   3 total cpu time :121779.4 secs   av.it.:  19.2
      thresh= 3.869E-05 alpha_mix =  0.700 |ddv_scf|^2 =  9.612E-10

      iter #   4 total cpu time :122027.2 secs   av.it.:  20.5
      thresh= 3.100E-06 alpha_mix =  0.700 |ddv_scf|^2 =  3.585E-11

      iter #   5 total cpu time :122274.8 secs   av.it.:  20.4
      thresh= 5.988E-07 alpha_mix =  0.700 |ddv_scf|^2 =  3.124E-13

      iter #   6 total cpu time :122518.7 secs   av.it.:  19.2
      thresh= 5.589E-08 alpha_mix =  0.700 |ddv_scf|^2 =  8.370E-15

     End of self-consistent calculation

     Convergence has been achieved 


     Representation #   2 mode #   2

     Self-consistent Calculation

      iter #   1 total cpu time :123199.6 secs   av.it.:  10.9
      thresh= 1.000E-02 alpha_mix =  0.700 |ddv_scf|^2 =  6.069E-07

      iter #   2 total cpu time :123433.1 secs   av.it.:  20.2
      thresh= 7.791E-05 alpha_mix =  0.700 |ddv_scf|^2 =  2.299E-07

      iter #   3 total cpu time :123662.2 secs   av.it.:  19.7
      thresh= 4.794E-05 alpha_mix =  0.700 |ddv_scf|^2 =  4.750E-09

      iter #   4 total cpu time :123901.7 secs   av.it.:  21.0
      thresh= 6.892E-06 alpha_mix =  0.700 |ddv_scf|^2 =  1.173E-09

      iter #   5 total cpu time :124133.6 secs   av.it.:  20.3
      thresh= 3.424E-06 alpha_mix =  0.700 |ddv_scf|^2 =  5.219E-12

      iter #   6 total cpu time :124368.4 secs   av.it.:  20.4
      thresh= 2.285E-07 alpha_mix =  0.700 |ddv_scf|^2 =  8.495E-13

      iter #   7 total cpu time :124626.4 secs   av.it.:  21.0
      thresh= 9.217E-08 alpha_mix =  0.700 |ddv_scf|^2 =  3.144E-13

      iter #   8 total cpu time :124879.2 secs   av.it.:  20.5
      thresh= 5.607E-08 alpha_mix =  0.700 |ddv_scf|^2 =  8.857E-15

     End of self-consistent calculation

     Convergence has been achieved 


     Representation #   3 mode #   3

     Self-consistent Calculation

      iter #   1 total cpu time :125598.9 secs   av.it.:  10.9
      thresh= 1.000E-02 alpha_mix =  0.700 |ddv_scf|^2 =  5.246E-07

      iter #   2 total cpu time :125850.1 secs   av.it.:  20.2
      thresh= 7.243E-05 alpha_mix =  0.700 |ddv_scf|^2 =  1.143E-07

      iter #   3 total cpu time :126098.9 secs   av.it.:  19.9
      thresh= 3.381E-05 alpha_mix =  0.700 |ddv_scf|^2 =  4.275E-09

      iter #   4 total cpu time :126365.2 secs   av.it.:  20.9
      thresh= 6.538E-06 alpha_mix =  0.700 |ddv_scf|^2 =  9.715E-10

      iter #   5 total cpu time :126637.1 secs   av.it.:  20.0
      thresh= 3.117E-06 alpha_mix =  0.700 |ddv_scf|^2 =  1.352E-11

      iter #   6 total cpu time :126904.4 secs   av.it.:  20.5
      thresh= 3.677E-07 alpha_mix =  0.700 |ddv_scf|^2 =  7.960E-13

      iter #   7 total cpu time :127168.2 secs   av.it.:  21.3
      thresh= 8.922E-08 alpha_mix =  0.700 |ddv_scf|^2 =  5.507E-13

      iter #   8 total cpu time :127420.6 secs   av.it.:  20.2
      thresh= 7.421E-08 alpha_mix =  0.700 |ddv_scf|^2 =  5.360E-15

     End of self-consistent calculation

     Convergence has been achieved 


     Representation #   4 mode #   4

     Self-consistent Calculation

      iter #   1 total cpu time :128107.7 secs   av.it.:   8.3
      thresh= 1.000E-02 alpha_mix =  0.700 |ddv_scf|^2 =  4.092E-08

      iter #   2 total cpu time :128340.7 secs   av.it.:  20.8
      thresh= 2.023E-05 alpha_mix =  0.700 |ddv_scf|^2 =  3.244E-08

      iter #   3 total cpu time :128574.3 secs   av.it.:  20.2
      thresh= 1.801E-05 alpha_mix =  0.700 |ddv_scf|^2 =  9.476E-10

      iter #   4 total cpu time :128808.5 secs   av.it.:  20.3
      thresh= 3.078E-06 alpha_mix =  0.700 |ddv_scf|^2 =  1.949E-11

      iter #   5 total cpu time :129040.6 secs   av.it.:  20.2
      thresh= 4.414E-07 alpha_mix =  0.700 |ddv_scf|^2 =  5.217E-12

      iter #   6 total cpu time :129273.3 secs   av.it.:  19.8
      thresh= 2.284E-07 alpha_mix =  0.700 |ddv_scf|^2 =  3.659E-13

      iter #   7 total cpu time :129512.4 secs   av.it.:  20.9
      thresh= 6.049E-08 alpha_mix =  0.700 |ddv_scf|^2 =  8.002E-14

      iter #   8 total cpu time :129769.6 secs   av.it.:  20.5
      thresh= 2.829E-08 alpha_mix =  0.700 |ddv_scf|^2 =  2.001E-15

     End of self-consistent calculation

     Convergence has been achieved 


     Representation #   5 mode #   5

     Self-consistent Calculation

      iter #   1 total cpu time :130519.4 secs   av.it.:   8.3
      thresh= 1.000E-02 alpha_mix =  0.700 |ddv_scf|^2 =  8.156E-08

      iter #   2 total cpu time :130776.3 secs   av.it.:  20.3
      thresh= 2.856E-05 alpha_mix =  0.700 |ddv_scf|^2 =  8.106E-08

      iter #   3 total cpu time :131043.1 secs   av.it.:  19.4
      thresh= 2.847E-05 alpha_mix =  0.700 |ddv_scf|^2 =  6.180E-10

      iter #   4 total cpu time :131297.6 secs   av.it.:  20.4
      thresh= 2.486E-06 alpha_mix =  0.700 |ddv_scf|^2 =  1.907E-11

      iter #   5 total cpu time :131548.2 secs   av.it.:  20.3
      thresh= 4.367E-07 alpha_mix =  0.700 |ddv_scf|^2 =  1.451E-12

      iter #   6 total cpu time :131800.6 secs   av.it.:  20.6
      thresh= 1.205E-07 alpha_mix =  0.700 |ddv_scf|^2 =  4.519E-13

      iter #   7 total cpu time :132049.9 secs   av.it.:  20.1
      thresh= 6.723E-08 alpha_mix =  0.700 |ddv_scf|^2 =  1.355E-14

      iter #   8 total cpu time :132301.5 secs   av.it.:  20.5
      thresh= 1.164E-08 alpha_mix =  0.700 |ddv_scf|^2 =  5.197E-16

     End of self-consistent calculation

     Convergence has been achieved 


     Representation #   6 mode #   6

     Self-consistent Calculation

      iter #   1 total cpu time :132986.1 secs   av.it.:  10.5
      thresh= 1.000E-02 alpha_mix =  0.700 |ddv_scf|^2 =  2.234E-07

      iter #   2 total cpu time :133220.6 secs   av.it.:  20.6
      thresh= 4.727E-05 alpha_mix =  0.700 |ddv_scf|^2 =  1.978E-08

      iter #   3 total cpu time :133457.3 secs   av.it.:  20.1
      thresh= 1.407E-05 alpha_mix =  0.700 |ddv_scf|^2 =  1.492E-09

      iter #   4 total cpu time :133691.7 secs   av.it.:  20.6
      thresh= 3.863E-06 alpha_mix =  0.700 |ddv_scf|^2 =  2.758E-10

      iter #   5 total cpu time :133931.7 secs   av.it.:  20.3
      thresh= 1.661E-06 alpha_mix =  0.700 |ddv_scf|^2 =  3.290E-12

      iter #   6 total cpu time :134198.1 secs   av.it.:  20.0
      thresh= 1.814E-07 alpha_mix =  0.700 |ddv_scf|^2 =  3.916E-13

      iter #   7 total cpu time :134449.9 secs   av.it.:  19.9
      thresh= 6.258E-08 alpha_mix =  0.700 |ddv_scf|^2 =  4.507E-14

      iter #   8 total cpu time :134713.2 secs   av.it.:  20.9
      thresh= 2.123E-08 alpha_mix =  0.700 |ddv_scf|^2 =  1.380E-14

      iter #   9 total cpu time :134968.2 secs   av.it.:  20.4
      thresh= 1.175E-08 alpha_mix =  0.700 |ddv_scf|^2 =  8.868E-17

     End of self-consistent calculation

     Convergence has been achieved 


     Representation #   7 mode #   7

     Self-consistent Calculation

      iter #   1 total cpu time :135693.6 secs   av.it.:   8.0
      thresh= 1.000E-02 alpha_mix =  0.700 |ddv_scf|^2 =  4.654E-08

      iter #   2 total cpu time :135946.0 secs   av.it.:  20.2
      thresh= 2.157E-05 alpha_mix =  0.700 |ddv_scf|^2 =  5.616E-08

      iter #   3 total cpu time :136196.5 secs   av.it.:  19.2
      thresh= 2.370E-05 alpha_mix =  0.700 |ddv_scf|^2 =  3.375E-10

      iter #   4 total cpu time :136446.8 secs   av.it.:  20.8
      thresh= 1.837E-06 alpha_mix =  0.700 |ddv_scf|^2 =  6.113E-11

      iter #   5 total cpu time :136704.9 secs   av.it.:  20.4
      thresh= 7.819E-07 alpha_mix =  0.700 |ddv_scf|^2 =  1.446E-13

      iter #   6 total cpu time :136949.2 secs   av.it.:  19.2
      thresh= 3.803E-08 alpha_mix =  0.700 |ddv_scf|^2 =  4.364E-15

     End of self-consistent calculation

     Convergence has been achieved 


     Representation #   8 mode #   8

     Self-consistent Calculation

      iter #   1 total cpu time :137628.0 secs   av.it.:  11.0
      thresh= 1.000E-02 alpha_mix =  0.700 |ddv_scf|^2 =  1.711E-06

      iter #   2 total cpu time :137859.9 secs   av.it.:  19.9
      thresh= 1.308E-04 alpha_mix =  0.700 |ddv_scf|^2 =  1.252E-06

      iter #   3 total cpu time :138087.3 secs   av.it.:  18.7
      thresh= 1.119E-04 alpha_mix =  0.700 |ddv_scf|^2 =  6.133E-09

      iter #   4 total cpu time :138320.6 secs   av.it.:  21.2
      thresh= 7.831E-06 alpha_mix =  0.700 |ddv_scf|^2 =  2.322E-09

      iter #   5 total cpu time :138549.1 secs   av.it.:  20.0
      thresh= 4.818E-06 alpha_mix =  0.700 |ddv_scf|^2 =  9.467E-12

      iter #   6 total cpu time :138779.6 secs   av.it.:  20.1
      thresh= 3.077E-07 alpha_mix =  0.700 |ddv_scf|^2 =  1.365E-12

      iter #   7 total cpu time :139013.1 secs   av.it.:  20.6
      thresh= 1.168E-07 alpha_mix =  0.700 |ddv_scf|^2 =  2.032E-13

      iter #   8 total cpu time :139256.7 secs   av.it.:  20.6
      thresh= 4.508E-08 alpha_mix =  0.700 |ddv_scf|^2 =  8.769E-15

     End of self-consistent calculation

     Convergence has been achieved 


     Representation #   9 mode #   9

     Self-consistent Calculation

      iter #   1 total cpu time :140010.1 secs   av.it.:  10.9
      thresh= 1.000E-02 alpha_mix =  0.700 |ddv_scf|^2 =  1.802E-06

      iter #   2 total cpu time :140261.8 secs   av.it.:  20.0
      thresh= 1.342E-04 alpha_mix =  0.700 |ddv_scf|^2 =  1.529E-06

      iter #   3 total cpu time :140508.9 secs   av.it.:  18.9
      thresh= 1.237E-04 alpha_mix =  0.700 |ddv_scf|^2 =  1.098E-08

      iter #   4 total cpu time :140764.4 secs   av.it.:  21.0
      thresh= 1.048E-05 alpha_mix =  0.700 |ddv_scf|^2 =  2.778E-09

      iter #   5 total cpu time :141017.1 secs   av.it.:  20.0
      thresh= 5.271E-06 alpha_mix =  0.700 |ddv_scf|^2 =  9.194E-12

      iter #   6 total cpu time :141266.5 secs   av.it.:  19.8
      thresh= 3.032E-07 alpha_mix =  0.700 |ddv_scf|^2 =  1.609E-13

      iter #   7 total cpu time :141513.6 secs   av.it.:  19.3
      thresh= 4.011E-08 alpha_mix =  0.700 |ddv_scf|^2 =  4.911E-15

     End of self-consistent calculation

     Convergence has been achieved 


     Representation #  10 mode #  10

     Self-consistent Calculation

      iter #   1 total cpu time :142210.6 secs   av.it.:   7.0
      thresh= 1.000E-02 alpha_mix =  0.700 |ddv_scf|^2 =  2.239E-09

      iter #   2 total cpu time :142447.8 secs   av.it.:  21.5
      thresh= 4.732E-06 alpha_mix =  0.700 |ddv_scf|^2 =  1.543E-09

      iter #   3 total cpu time :142683.8 secs   av.it.:  20.7
      thresh= 3.928E-06 alpha_mix =  0.700 |ddv_scf|^2 =  2.453E-10

      iter #   4 total cpu time :142917.0 secs   av.it.:  19.8
      thresh= 1.566E-06 alpha_mix =  0.700 |ddv_scf|^2 =  6.976E-12

      iter #   5 total cpu time :143153.3 secs   av.it.:  21.0
      thresh= 2.641E-07 alpha_mix =  0.700 |ddv_scf|^2 =  7.055E-13

      iter #   6 total cpu time :143387.8 secs   av.it.:  20.6
      thresh= 8.399E-08 alpha_mix =  0.700 |ddv_scf|^2 =  4.882E-15

     End of self-consistent calculation

     Convergence has been achieved 


     Representation #  11 mode #  11

     Self-consistent Calculation

      iter #   1 total cpu time :144108.6 secs   av.it.:  10.9
      thresh= 1.000E-02 alpha_mix =  0.700 |ddv_scf|^2 =  6.168E-07

      iter #   2 total cpu time :144368.3 secs   av.it.:  20.2
      thresh= 7.853E-05 alpha_mix =  0.700 |ddv_scf|^2 =  2.272E-07

      iter #   3 total cpu time :144623.2 secs   av.it.:  19.7
      thresh= 4.766E-05 alpha_mix =  0.700 |ddv_scf|^2 =  6.124E-09

      iter #   4 total cpu time :144879.1 secs   av.it.:  21.0
      thresh= 7.826E-06 alpha_mix =  0.700 |ddv_scf|^2 =  1.318E-09

      iter #   5 total cpu time :145138.0 secs   av.it.:  20.3
      thresh= 3.630E-06 alpha_mix =  0.700 |ddv_scf|^2 =  1.586E-12

      iter #   6 total cpu time :145390.6 secs   av.it.:  19.6
      thresh= 1.259E-07 alpha_mix =  0.700 |ddv_scf|^2 =  6.764E-14

      iter #   7 total cpu time :145641.1 secs   av.it.:  19.3
      thresh= 2.601E-08 alpha_mix =  0.700 |ddv_scf|^2 =  7.887E-16

     End of self-consistent calculation

     Convergence has been achieved 


     Representation #  12 mode #  12

     Self-consistent Calculation

      iter #   1 total cpu time :146370.4 secs   av.it.:  10.8
      thresh= 1.000E-02 alpha_mix =  0.700 |ddv_scf|^2 =  4.507E-07

      iter #   2 total cpu time :146622.9 secs   av.it.:  20.2
      thresh= 6.713E-05 alpha_mix =  0.700 |ddv_scf|^2 =  1.134E-07

      iter #   3 total cpu time :146858.4 secs   av.it.:  19.8
      thresh= 3.368E-05 alpha_mix =  0.700 |ddv_scf|^2 =  3.131E-09

      iter #   4 total cpu time :147097.2 secs   av.it.:  20.9
      thresh= 5.596E-06 alpha_mix =  0.700 |ddv_scf|^2 =  9.179E-10

      iter #   5 total cpu time :147362.0 secs   av.it.:  20.2
      thresh= 3.030E-06 alpha_mix =  0.700 |ddv_scf|^2 =  3.789E-12

      iter #   6 total cpu time :147594.2 secs   av.it.:  19.9
      thresh= 1.947E-07 alpha_mix =  0.700 |ddv_scf|^2 =  2.279E-13

      iter #   7 total cpu time :147829.5 secs   av.it.:  20.8
      thresh= 4.774E-08 alpha_mix =  0.700 |ddv_scf|^2 =  4.905E-14

      iter #   8 total cpu time :148065.9 secs   av.it.:  21.3
      thresh= 2.215E-08 alpha_mix =  0.700 |ddv_scf|^2 =  4.403E-14

      iter #   9 total cpu time :148297.9 secs   av.it.:  20.1
      thresh= 2.098E-08 alpha_mix =  0.700 |ddv_scf|^2 =  5.123E-16

     End of self-consistent calculation

     Convergence has been achieved 


     Representation #  13 mode #  13

     Self-consistent Calculation

      iter #   1 total cpu time :149014.0 secs   av.it.:   7.0
      thresh= 1.000E-02 alpha_mix =  0.700 |ddv_scf|^2 =  3.457E-09

      iter #   2 total cpu time :149269.0 secs   av.it.:  20.9
      thresh= 5.880E-06 alpha_mix =  0.700 |ddv_scf|^2 =  2.223E-09

      iter #   3 total cpu time :149522.3 secs   av.it.:  20.4
      thresh= 4.715E-06 alpha_mix =  0.700 |ddv_scf|^2 =  2.136E-10

      iter #   4 total cpu time :149776.4 secs   av.it.:  20.4
      thresh= 1.461E-06 alpha_mix =  0.700 |ddv_scf|^2 =  8.896E-12

      iter #   5 total cpu time :150045.0 secs   av.it.:  20.7
      thresh= 2.983E-07 alpha_mix =  0.700 |ddv_scf|^2 =  1.992E-13

      iter #   6 total cpu time :150306.7 secs   av.it.:  21.0
      thresh= 4.463E-08 alpha_mix =  0.700 |ddv_scf|^2 =  3.218E-14

      iter #   7 total cpu time :150567.3 secs   av.it.:  20.9
      thresh= 1.794E-08 alpha_mix =  0.700 |ddv_scf|^2 =  1.189E-14

      iter #   8 total cpu time :150814.3 secs   av.it.:  20.1
      thresh= 1.090E-08 alpha_mix =  0.700 |ddv_scf|^2 =  3.553E-16

     End of self-consistent calculation

     Convergence has been achieved 


     Representation #  14 mode #  14

     Self-consistent Calculation

      iter #   1 total cpu time :151514.9 secs   av.it.:  10.5
      thresh= 1.000E-02 alpha_mix =  0.700 |ddv_scf|^2 =  4.149E-07

      iter #   2 total cpu time :151747.0 secs   av.it.:  20.2
      thresh= 6.441E-05 alpha_mix =  0.700 |ddv_scf|^2 =  3.015E-07

      iter #   3 total cpu time :151976.2 secs   av.it.:  18.9
      thresh= 5.491E-05 alpha_mix =  0.700 |ddv_scf|^2 =  4.095E-09

      iter #   4 total cpu time :152208.8 secs   av.it.:  20.9
      thresh= 6.399E-06 alpha_mix =  0.700 |ddv_scf|^2 =  1.352E-09

      iter #   5 total cpu time :152441.3 secs   av.it.:  20.2
      thresh= 3.677E-06 alpha_mix =  0.700 |ddv_scf|^2 =  7.630E-13

      iter #   6 total cpu time :152670.2 secs   av.it.:  20.0
      thresh= 8.735E-08 alpha_mix =  0.700 |ddv_scf|^2 =  3.308E-14

      iter #   7 total cpu time :152898.3 secs   av.it.:  19.4
      thresh= 1.819E-08 alpha_mix =  0.700 |ddv_scf|^2 =  2.461E-16

     End of self-consistent calculation

     Convergence has been achieved 


     Representation #  15 mode #  15

     Self-consistent Calculation

      iter #   1 total cpu time :153626.8 secs   av.it.:  10.7
      thresh= 1.000E-02 alpha_mix =  0.700 |ddv_scf|^2 =  4.906E-07

      iter #   2 total cpu time :153879.6 secs   av.it.:  20.3
      thresh= 7.004E-05 alpha_mix =  0.700 |ddv_scf|^2 =  1.633E-07

      iter #   3 total cpu time :154131.9 secs   av.it.:  19.8
      thresh= 4.041E-05 alpha_mix =  0.700 |ddv_scf|^2 =  6.181E-09

      iter #   4 total cpu time :154384.1 secs   av.it.:  20.9
      thresh= 7.862E-06 alpha_mix =  0.700 |ddv_scf|^2 =  1.164E-09

      iter #   5 total cpu time :154638.4 secs   av.it.:  20.3
      thresh= 3.412E-06 alpha_mix =  0.700 |ddv_scf|^2 =  2.049E-12

      iter #   6 total cpu time :154889.7 secs   av.it.:  19.9
      thresh= 1.431E-07 alpha_mix =  0.700 |ddv_scf|^2 =  7.227E-14

      iter #   7 total cpu time :155136.9 secs   av.it.:  19.4
      thresh= 2.688E-08 alpha_mix =  0.700 |ddv_scf|^2 =  9.281E-16

     End of self-consistent calculation

     Convergence has been achieved 


     Representation #  16 mode #  16

     Self-consistent Calculation

      iter #   1 total cpu time :155843.4 secs   av.it.:   8.0
      thresh= 1.000E-02 alpha_mix =  0.700 |ddv_scf|^2 =  2.675E-08

      iter #   2 total cpu time :156079.4 secs   av.it.:  20.9
      thresh= 1.636E-05 alpha_mix =  0.700 |ddv_scf|^2 =  2.521E-08

      iter #   3 total cpu time :156308.9 secs   av.it.:  20.2
      thresh= 1.588E-05 alpha_mix =  0.700 |ddv_scf|^2 =  6.114E-10

      iter #   4 total cpu time :156543.2 secs   av.it.:  20.4
      thresh= 2.473E-06 alpha_mix =  0.700 |ddv_scf|^2 =  1.165E-11

      iter #   5 total cpu time :156775.2 secs   av.it.:  20.4
      thresh= 3.413E-07 alpha_mix =  0.700 |ddv_scf|^2 =  1.991E-13

      iter #   6 total cpu time :157006.0 secs   av.it.:  19.7
      thresh= 4.462E-08 alpha_mix =  0.700 |ddv_scf|^2 =  3.506E-14

      iter #   7 total cpu time :157239.2 secs   av.it.:  20.2
      thresh= 1.872E-08 alpha_mix =  0.700 |ddv_scf|^2 =  2.158E-15

     End of self-consistent calculation

     Convergence has been achieved 


     Representation #  17 mode #  17

     Self-consistent Calculation

      iter #   1 total cpu time :157923.6 secs   av.it.:  10.9
      thresh= 1.000E-02 alpha_mix =  0.700 |ddv_scf|^2 =  7.035E-07

      iter #   2 total cpu time :158175.5 secs   av.it.:  20.1
      thresh= 8.388E-05 alpha_mix =  0.700 |ddv_scf|^2 =  5.591E-07

      iter #   3 total cpu time :158422.7 secs   av.it.:  18.9
      thresh= 7.477E-05 alpha_mix =  0.700 |ddv_scf|^2 =  5.468E-09

      iter #   4 total cpu time :158684.6 secs   av.it.:  21.0
      thresh= 7.395E-06 alpha_mix =  0.700 |ddv_scf|^2 =  1.945E-09

      iter #   5 total cpu time :158936.2 secs   av.it.:  20.1
      thresh= 4.410E-06 alpha_mix =  0.700 |ddv_scf|^2 =  1.203E-12

      iter #   6 total cpu time :159186.7 secs   av.it.:  19.5
      thresh= 1.097E-07 alpha_mix =  0.700 |ddv_scf|^2 =  5.112E-14

      iter #   7 total cpu time :159436.7 secs   av.it.:  19.5
      thresh= 2.261E-08 alpha_mix =  0.700 |ddv_scf|^2 =  5.054E-16

     End of self-consistent calculation

     Convergence has been achieved 


     Representation #  18 mode #  18

     Self-consistent Calculation

      iter #   1 total cpu time :160180.6 secs   av.it.:  10.7
      thresh= 1.000E-02 alpha_mix =  0.700 |ddv_scf|^2 =  2.276E-07

      iter #   2 total cpu time :160448.5 secs   av.it.:  20.6
      thresh= 4.771E-05 alpha_mix =  0.700 |ddv_scf|^2 =  2.475E-08

      iter #   3 total cpu time :160694.1 secs   av.it.:  20.1
      thresh= 1.573E-05 alpha_mix =  0.700 |ddv_scf|^2 =  3.274E-09

      iter #   4 total cpu time :160940.8 secs   av.it.:  20.3
      thresh= 5.722E-06 alpha_mix =  0.700 |ddv_scf|^2 =  2.530E-10

      iter #   5 total cpu time :161174.9 secs   av.it.:  20.5
      thresh= 1.591E-06 alpha_mix =  0.700 |ddv_scf|^2 =  2.087E-12

      iter #   6 total cpu time :161407.8 secs   av.it.:  20.7
      thresh= 1.445E-07 alpha_mix =  0.700 |ddv_scf|^2 =  5.702E-14

      iter #   7 total cpu time :161638.5 secs   av.it.:  19.4
      thresh= 2.388E-08 alpha_mix =  0.700 |ddv_scf|^2 =  7.158E-16

     End of self-consistent calculation

     Convergence has been achieved 


     Representation #  19 mode #  19

     Self-consistent Calculation

      iter #   1 total cpu time :162312.2 secs   av.it.:  10.8
      thresh= 1.000E-02 alpha_mix =  0.700 |ddv_scf|^2 =  4.212E-07

      iter #   2 total cpu time :162546.0 secs   av.it.:  20.3
      thresh= 6.490E-05 alpha_mix =  0.700 |ddv_scf|^2 =  7.439E-08

      iter #   3 total cpu time :162785.1 secs   av.it.:  20.2
      thresh= 2.727E-05 alpha_mix =  0.700 |ddv_scf|^2 =  8.066E-09

      iter #   4 total cpu time :163022.5 secs   av.it.:  20.4
      thresh= 8.981E-06 alpha_mix =  0.700 |ddv_scf|^2 =  3.251E-10

      iter #   5 total cpu time :163253.4 secs   av.it.:  20.1
      thresh= 1.803E-06 alpha_mix =  0.700 |ddv_scf|^2 =  5.064E-12

      iter #   6 total cpu time :163485.2 secs   av.it.:  19.9
      thresh= 2.250E-07 alpha_mix =  0.700 |ddv_scf|^2 =  1.206E-12

      iter #   7 total cpu time :163718.6 secs   av.it.:  20.2
      thresh= 1.098E-07 alpha_mix =  0.700 |ddv_scf|^2 =  2.876E-14

      iter #   8 total cpu time :163958.6 secs   av.it.:  20.3
      thresh= 1.696E-08 alpha_mix =  0.700 |ddv_scf|^2 =  3.946E-15

     End of self-consistent calculation

     Convergence has been achieved 


     Representation #  20 mode #  20

     Self-consistent Calculation

      iter #   1 total cpu time :164634.1 secs   av.it.:   8.0
      thresh= 1.000E-02 alpha_mix =  0.700 |ddv_scf|^2 =  3.035E-08

      iter #   2 total cpu time :164869.4 secs   av.it.:  20.6
      thresh= 1.742E-05 alpha_mix =  0.700 |ddv_scf|^2 =  2.096E-08

      iter #   3 total cpu time :165108.1 secs   av.it.:  20.2
      thresh= 1.448E-05 alpha_mix =  0.700 |ddv_scf|^2 =  9.320E-10

      iter #   4 total cpu time :165355.8 secs   av.it.:  20.4
      thresh= 3.053E-06 alpha_mix =  0.700 |ddv_scf|^2 =  1.630E-11

      iter #   5 total cpu time :165621.7 secs   av.it.:  20.4
      thresh= 4.038E-07 alpha_mix =  0.700 |ddv_scf|^2 =  3.902E-12

      iter #   6 total cpu time :165888.0 secs   av.it.:  20.3
      thresh= 1.975E-07 alpha_mix =  0.700 |ddv_scf|^2 =  3.115E-13

      iter #   7 total cpu time :166153.1 secs   av.it.:  21.1
      thresh= 5.582E-08 alpha_mix =  0.700 |ddv_scf|^2 =  6.839E-14

      iter #   8 total cpu time :166411.6 secs   av.it.:  20.5
      thresh= 2.615E-08 alpha_mix =  0.700 |ddv_scf|^2 =  1.080E-15

     End of self-consistent calculation

     Convergence has been achieved 


     Representation #  21 mode #  21

     Self-consistent Calculation

      iter #   1 total cpu time :167159.5 secs   av.it.:   7.0
      thresh= 1.000E-02 alpha_mix =  0.700 |ddv_scf|^2 =  4.969E-09

      iter #   2 total cpu time :167417.4 secs   av.it.:  20.6
      thresh= 7.049E-06 alpha_mix =  0.700 |ddv_scf|^2 =  2.718E-09

      iter #   3 total cpu time :167668.3 secs   av.it.:  20.1
      thresh= 5.214E-06 alpha_mix =  0.700 |ddv_scf|^2 =  1.903E-10

      iter #   4 total cpu time :167919.8 secs   av.it.:  20.8
      thresh= 1.379E-06 alpha_mix =  0.700 |ddv_scf|^2 =  3.016E-11

      iter #   5 total cpu time :168171.7 secs   av.it.:  20.8
      thresh= 5.492E-07 alpha_mix =  0.700 |ddv_scf|^2 =  4.306E-13

      iter #   6 total cpu time :168409.9 secs   av.it.:  20.7
      thresh= 6.562E-08 alpha_mix =  0.700 |ddv_scf|^2 =  5.391E-15

     End of self-consistent calculation

     Convergence has been achieved 


     Representation #  22 mode #  22

     Self-consistent Calculation

      iter #   1 total cpu time :169085.5 secs   av.it.:   7.4
      thresh= 1.000E-02 alpha_mix =  0.700 |ddv_scf|^2 =  1.280E-08

      iter #   2 total cpu time :169322.5 secs   av.it.:  20.4
      thresh= 1.131E-05 alpha_mix =  0.700 |ddv_scf|^2 =  1.053E-08

      iter #   3 total cpu time :169555.4 secs   av.it.:  19.6
      thresh= 1.026E-05 alpha_mix =  0.700 |ddv_scf|^2 =  2.678E-10

      iter #   4 total cpu time :169792.1 secs   av.it.:  20.3
      thresh= 1.637E-06 alpha_mix =  0.700 |ddv_scf|^2 =  1.458E-11

      iter #   5 total cpu time :170029.4 secs   av.it.:  21.0
      thresh= 3.818E-07 alpha_mix =  0.700 |ddv_scf|^2 =  2.351E-12

      iter #   6 total cpu time :170265.6 secs   av.it.:  20.6
      thresh= 1.533E-07 alpha_mix =  0.700 |ddv_scf|^2 =  8.304E-14

      iter #   7 total cpu time :170502.8 secs   av.it.:  21.0
      thresh= 2.882E-08 alpha_mix =  0.700 |ddv_scf|^2 =  3.584E-14

      iter #   8 total cpu time :170737.8 secs   av.it.:  20.5
      thresh= 1.893E-08 alpha_mix =  0.700 |ddv_scf|^2 =  1.011E-15

     End of self-consistent calculation

     Convergence has been achieved 


     Representation #  23 mode #  23

     Self-consistent Calculation

      iter #   1 total cpu time :171416.7 secs   av.it.:  11.0
      thresh= 1.000E-02 alpha_mix =  0.700 |ddv_scf|^2 =  9.867E-07

      iter #   2 total cpu time :171649.1 secs   av.it.:  20.3
      thresh= 9.933E-05 alpha_mix =  0.700 |ddv_scf|^2 =  3.900E-07

      iter #   3 total cpu time :171882.4 secs   av.it.:  19.9
      thresh= 6.245E-05 alpha_mix =  0.700 |ddv_scf|^2 =  9.848E-09

      iter #   4 total cpu time :172118.6 secs   av.it.:  20.8
      thresh= 9.924E-06 alpha_mix =  0.700 |ddv_scf|^2 =  1.298E-09

      iter #   5 total cpu time :172383.1 secs   av.it.:  20.0
      thresh= 3.603E-06 alpha_mix =  0.700 |ddv_scf|^2 =  3.455E-11

      iter #   6 total cpu time :172635.6 secs   av.it.:  20.2
      thresh= 5.878E-07 alpha_mix =  0.700 |ddv_scf|^2 =  5.464E-13

      iter #   7 total cpu time :172900.1 secs   av.it.:  21.4
      thresh= 7.392E-08 alpha_mix =  0.700 |ddv_scf|^2 =  4.907E-13

      iter #   8 total cpu time :173176.6 secs   av.it.:  20.2
      thresh= 7.005E-08 alpha_mix =  0.700 |ddv_scf|^2 =  1.118E-14

      iter #   9 total cpu time :173429.5 secs   av.it.:  20.4
      thresh= 1.057E-08 alpha_mix =  0.700 |ddv_scf|^2 =  9.992E-17

     End of self-consistent calculation

     Convergence has been achieved 


     Representation #  24 mode #  24

     Self-consistent Calculation

      iter #   1 total cpu time :174148.9 secs   av.it.:   7.0
      thresh= 1.000E-02 alpha_mix =  0.700 |ddv_scf|^2 =  6.798E-09

      iter #   2 total cpu time :174402.3 secs   av.it.:  20.6
      thresh= 8.245E-06 alpha_mix =  0.700 |ddv_scf|^2 =  8.754E-09

      iter #   3 total cpu time :174646.6 secs   av.it.:  19.4
      thresh= 9.356E-06 alpha_mix =  0.700 |ddv_scf|^2 =  1.074E-10

      iter #   4 total cpu time :174891.4 secs   av.it.:  20.1
      thresh= 1.036E-06 alpha_mix =  0.700 |ddv_scf|^2 =  7.255E-12

      iter #   5 total cpu time :175131.3 secs   av.it.:  20.5
      thresh= 2.693E-07 alpha_mix =  0.700 |ddv_scf|^2 =  2.318E-13

      iter #   6 total cpu time :175363.0 secs   av.it.:  21.0
      thresh= 4.814E-08 alpha_mix =  0.700 |ddv_scf|^2 =  7.786E-15

     End of self-consistent calculation

     Convergence has been achieved 


     Representation #  25 mode #  25

     Self-consistent Calculation

      iter #   1 total cpu time :176048.0 secs   av.it.:  10.8
      thresh= 1.000E-02 alpha_mix =  0.700 |ddv_scf|^2 =  4.580E-07

      iter #   2 total cpu time :176280.8 secs   av.it.:  20.3
      thresh= 6.768E-05 alpha_mix =  0.700 |ddv_scf|^2 =  1.539E-07

      iter #   3 total cpu time :176507.5 secs   av.it.:  19.7
      thresh= 3.923E-05 alpha_mix =  0.700 |ddv_scf|^2 =  4.572E-09

      iter #   4 total cpu time :176741.4 secs   av.it.:  21.0
      thresh= 6.762E-06 alpha_mix =  0.700 |ddv_scf|^2 =  1.205E-09

      iter #   5 total cpu time :176973.1 secs   av.it.:  20.3
      thresh= 3.471E-06 alpha_mix =  0.700 |ddv_scf|^2 =  1.554E-12

      iter #   6 total cpu time :177199.3 secs   av.it.:  19.9
      thresh= 1.247E-07 alpha_mix =  0.700 |ddv_scf|^2 =  4.459E-14

      iter #   7 total cpu time :177426.2 secs   av.it.:  19.4
      thresh= 2.112E-08 alpha_mix =  0.700 |ddv_scf|^2 =  1.268E-15

     End of self-consistent calculation

     Convergence has been achieved 


     Representation #  26 mode #  26

     Self-consistent Calculation

      iter #   1 total cpu time :178098.5 secs   av.it.:  11.0
      thresh= 1.000E-02 alpha_mix =  0.700 |ddv_scf|^2 =  1.362E-06

      iter #   2 total cpu time :178327.1 secs   av.it.:  20.0
      thresh= 1.167E-04 alpha_mix =  0.700 |ddv_scf|^2 =  9.935E-07

      iter #   3 total cpu time :178551.3 secs   av.it.:  18.7
      thresh= 9.967E-05 alpha_mix =  0.700 |ddv_scf|^2 =  4.733E-09

      iter #   4 total cpu time :178782.1 secs   av.it.:  21.2
      thresh= 6.880E-06 alpha_mix =  0.700 |ddv_scf|^2 =  2.237E-09

      iter #   5 total cpu time :179008.1 secs   av.it.:  20.0
      thresh= 4.730E-06 alpha_mix =  0.700 |ddv_scf|^2 =  2.789E-12

      iter #   6 total cpu time :179240.7 secs   av.it.:  21.2
      thresh= 1.670E-07 alpha_mix =  0.700 |ddv_scf|^2 =  1.129E-12

      iter #   7 total cpu time :179488.7 secs   av.it.:  20.5
      thresh= 1.062E-07 alpha_mix =  0.700 |ddv_scf|^2 =  1.603E-13

      iter #   8 total cpu time :179737.3 secs   av.it.:  20.2
      thresh= 4.003E-08 alpha_mix =  0.700 |ddv_scf|^2 =  6.901E-15

     End of self-consistent calculation

     Convergence has been achieved 


     Representation #  27 mode #  27

     Self-consistent Calculation

      iter #   1 total cpu time :180544.1 secs   av.it.:  10.9
      thresh= 1.000E-02 alpha_mix =  0.700 |ddv_scf|^2 =  9.492E-07

      iter #   2 total cpu time :180809.9 secs   av.it.:  20.0
      thresh= 9.742E-05 alpha_mix =  0.700 |ddv_scf|^2 =  7.870E-07

      iter #   3 total cpu time :181090.5 secs   av.it.:  18.9
      thresh= 8.871E-05 alpha_mix =  0.700 |ddv_scf|^2 =  6.606E-09

      iter #   4 total cpu time :181345.9 secs   av.it.:  21.0
      thresh= 8.128E-06 alpha_mix =  0.700 |ddv_scf|^2 =  2.187E-09

      iter #   5 total cpu time :181598.1 secs   av.it.:  20.1
      thresh= 4.676E-06 alpha_mix =  0.700 |ddv_scf|^2 =  2.792E-12

      iter #   6 total cpu time :181841.5 secs   av.it.:  19.7
      thresh= 1.671E-07 alpha_mix =  0.700 |ddv_scf|^2 =  7.860E-14

      iter #   7 total cpu time :182083.2 secs   av.it.:  19.4
      thresh= 2.804E-08 alpha_mix =  0.700 |ddv_scf|^2 =  1.376E-15

     End of self-consistent calculation

     Convergence has been achieved 


     Representation #  28 mode #  28

     Self-consistent Calculation

      iter #   1 total cpu time :182757.3 secs   av.it.:   7.0
      thresh= 1.000E-02 alpha_mix =  0.700 |ddv_scf|^2 =  2.741E-09

      iter #   2 total cpu time :182990.3 secs   av.it.:  20.9
      thresh= 5.236E-06 alpha_mix =  0.700 |ddv_scf|^2 =  1.287E-09

      iter #   3 total cpu time :183224.2 secs   av.it.:  20.4
      thresh= 3.587E-06 alpha_mix =  0.700 |ddv_scf|^2 =  2.232E-10

      iter #   4 total cpu time :183457.6 secs   av.it.:  20.4
      thresh= 1.494E-06 alpha_mix =  0.700 |ddv_scf|^2 =  8.327E-12

      iter #   5 total cpu time :183691.7 secs   av.it.:  21.0
      thresh= 2.886E-07 alpha_mix =  0.700 |ddv_scf|^2 =  4.746E-13

      iter #   6 total cpu time :183927.8 secs   av.it.:  20.9
      thresh= 6.889E-08 alpha_mix =  0.700 |ddv_scf|^2 =  7.498E-15

     End of self-consistent calculation

     Convergence has been achieved 


     Representation #  29 mode #  29

     Self-consistent Calculation

      iter #   1 total cpu time :184619.5 secs   av.it.:  10.5
      thresh= 1.000E-02 alpha_mix =  0.700 |ddv_scf|^2 =  1.624E-07

      iter #   2 total cpu time :184853.8 secs   av.it.:  20.8
      thresh= 4.029E-05 alpha_mix =  0.700 |ddv_scf|^2 =  1.970E-08

      iter #   3 total cpu time :185085.5 secs   av.it.:  20.2
      thresh= 1.403E-05 alpha_mix =  0.700 |ddv_scf|^2 =  3.974E-09

      iter #   4 total cpu time :185314.9 secs   av.it.:  20.3
      thresh= 6.304E-06 alpha_mix =  0.700 |ddv_scf|^2 =  2.737E-10

      iter #   5 total cpu time :185553.0 secs   av.it.:  20.4
      thresh= 1.655E-06 alpha_mix =  0.700 |ddv_scf|^2 =  1.175E-12

      iter #   6 total cpu time :185797.1 secs   av.it.:  20.3
      thresh= 1.084E-07 alpha_mix =  0.700 |ddv_scf|^2 =  3.667E-14

      iter #   7 total cpu time :186027.7 secs   av.it.:  19.6
      thresh= 1.915E-08 alpha_mix =  0.700 |ddv_scf|^2 =  5.102E-16

     End of self-consistent calculation

     Convergence has been achieved 


     Representation #  30 mode #  30

     Self-consistent Calculation

      iter #   1 total cpu time :186801.8 secs   av.it.:  10.3
      thresh= 1.000E-02 alpha_mix =  0.700 |ddv_scf|^2 =  1.337E-07

      iter #   2 total cpu time :187073.7 secs   av.it.:  20.8
      thresh= 3.656E-05 alpha_mix =  0.700 |ddv_scf|^2 =  1.238E-09

      iter #   3 total cpu time :187338.1 secs   av.it.:  20.8
      thresh= 3.518E-06 alpha_mix =  0.700 |ddv_scf|^2 =  3.868E-10

      iter #   4 total cpu time :187599.9 secs   av.it.:  19.7
      thresh= 1.967E-06 alpha_mix =  0.700 |ddv_scf|^2 =  1.742E-11

      iter #   5 total cpu time :187875.6 secs   av.it.:  19.5
      thresh= 4.174E-07 alpha_mix =  0.700 |ddv_scf|^2 =  1.167E-13

      iter #   6 total cpu time :188150.6 secs   av.it.:  21.2
      thresh= 3.416E-08 alpha_mix =  0.700 |ddv_scf|^2 =  4.888E-14

      iter #   7 total cpu time :188429.2 secs   av.it.:  20.5
      thresh= 2.211E-08 alpha_mix =  0.700 |ddv_scf|^2 =  1.152E-15

     End of self-consistent calculation

     Convergence has been achieved 

     Number of q in the star =    3
     List of q in the star:
          1   0.537634800  -0.310403597  -0.395121020
          2   0.537634800   0.310403597   0.395121020
          3   0.000000000  -0.620807193   0.395121020

     Diagonalizing the dynamical matrix

     q = (    0.537634800  -0.310403597  -0.395121020 ) 

 **************************************************************************
     freq (    1) =       6.171357 [THz] =     205.854308 [cm-1]
     freq (    2) =       7.509338 [THz] =     250.484547 [cm-1]
     freq (    3) =       7.976018 [THz] =     266.051324 [cm-1]
     freq (    4) =       8.639139 [THz] =     288.170675 [cm-1]
     freq (    5) =       9.466126 [THz] =     315.755963 [cm-1]
     freq (    6) =       9.755528 [THz] =     325.409379 [cm-1]
     freq (    7) =      10.102351 [THz] =     336.978141 [cm-1]
     freq (    8) =      10.294487 [THz] =     343.387123 [cm-1]
     freq (    9) =      10.426208 [THz] =     347.780859 [cm-1]
     freq (   10) =      10.836001 [THz] =     361.450102 [cm-1]
     freq (   11) =      11.065882 [THz] =     369.118108 [cm-1]
     freq (   12) =      12.301243 [THz] =     410.325285 [cm-1]
     freq (   13) =      12.357507 [THz] =     412.202074 [cm-1]
     freq (   14) =      12.651431 [THz] =     422.006307 [cm-1]
     freq (   15) =      13.515175 [THz] =     450.817697 [cm-1]
     freq (   16) =      13.656317 [THz] =     455.525707 [cm-1]
     freq (   17) =      14.169856 [THz] =     472.655519 [cm-1]
     freq (   18) =      15.278145 [THz] =     509.624069 [cm-1]
     freq (   19) =      15.617690 [THz] =     520.950052 [cm-1]
     freq (   20) =      15.929809 [THz] =     531.361222 [cm-1]
     freq (   21) =      17.467168 [THz] =     582.641997 [cm-1]
     freq (   22) =      17.651669 [THz] =     588.796310 [cm-1]
     freq (   23) =      18.018715 [THz] =     601.039647 [cm-1]
     freq (   24) =      18.866199 [THz] =     629.308673 [cm-1]
     freq (   25) =      18.948556 [THz] =     632.055790 [cm-1]
     freq (   26) =      20.318325 [THz] =     677.746378 [cm-1]
     freq (   27) =      21.492742 [THz] =     716.920699 [cm-1]
     freq (   28) =      21.817246 [THz] =     727.744980 [cm-1]
     freq (   29) =      21.983747 [THz] =     733.298853 [cm-1]
     freq (   30) =      23.330679 [THz] =     778.227679 [cm-1]
 **************************************************************************

     Calculation of q =    0.0000000   0.0000000  -0.5926815

     Parallelization info
     --------------------
     sticks:   dense  smooth     PW     G-vecs:    dense   smooth      PW
     Min         106      52     16                 4281     1510     253
     Max         107      53     17                 4284     1513     256
     Sum        4037    2009    621               162715    57437    9661

     Using Slab Decomposition


     Title: 
     Phonons of symmetry-fixed alpha-Al2O3 on a 2x2x2 q grid                    


     bravais-lattice index     =            5
     lattice parameter (alat)  =       9.8018  a.u.
     unit-cell volume          =     595.0557 (a.u.)^3
     number of atoms/cell      =           10
     number of atomic types    =            2
     number of electrons       =        48.00
     number of Kohn-Sham states=           24
     kinetic-energy cutoff     =      80.0000  Ry
     charge density cutoff     =     640.0000  Ry
     Exchange-correlation= PBE
                           (   1   4   3   4   0   0   0)

     celldm(1)=   9.801767  celldm(2)=   0.000000  celldm(3)=   0.000000
     celldm(4)=   0.567551  celldm(5)=   0.000000  celldm(6)=   0.000000

     crystal axes: (cart. coord. in units of alat)
               a(1) = (   0.465000  -0.268468   0.843623 )  
               a(2) = (   0.000000   0.536935   0.843623 )  
               a(3) = (  -0.465000  -0.268468   0.843623 )  

     reciprocal axes: (cart. coord. in units 2 pi/alat)
               b(1) = (  1.075270 -0.620807  0.395121 )  
               b(2) = (  0.000000  1.241614  0.395121 )  
               b(3) = ( -1.075270 -0.620807  0.395121 )  


     PseudoPot. # 1 for O  read from file:
     /scratch/dajuarez4/Al2O3/pseudo/O.pbe-n-kjpaw_psl.1.0.0.UPF
     MD5 check sum: e99d9cef9b487d1ca56f5b95ecd0fd7a
     Pseudo is Projector augmented-wave + core cor, Zval =  6.0
     Generated using &quot;atomic&quot; code by A. Dal Corso  v.6.3
     Shape of augmentation charge: PSQ
     Using radial grid of 1095 points,  4 beta functions with: 
                l(1) =   0
                l(2) =   0
                l(3) =   1
                l(4) =   1
     Q(r) pseudized with 0 coefficients 


     PseudoPot. # 2 for Al read from file:
     /scratch/dajuarez4/Al2O3/pseudo/Al.pbe-n-kjpaw_psl.1.0.0.UPF
     MD5 check sum: 502b6b27b9c6270cab5dd1084b96fa6d
     Pseudo is Projector augmented-wave + core cor, Zval =  3.0
     Generated using &quot;atomic&quot; code by A. Dal Corso  v.6.3
     Shape of augmentation charge: PSQ
     Using radial grid of 1135 points,  6 beta functions with: 
                l(1) =   0
                l(2) =   0
                l(3) =   1
                l(4) =   1
                l(5) =   2
                l(6) =   2
     Q(r) pseudized with 0 coefficients 


     atomic species   valence    mass     pseudopotential
        O              6.00    15.99900     O ( 1.00)
        Al             3.00    26.98200     Al( 1.00)

     12 Sym. Ops., with inversion, found



   Cartesian axes

     site n.     atom                  positions (alat units)
         1           O   tau(   1) = (   0.3227841  -0.0221431   1.4763409  )
         2           O   tau(   2) = (   0.1805686   0.2684677   1.0545292  )
         3           O   tau(   3) = (  -0.1805686  -0.2684677   1.4763409  )
         4           O   tau(   4) = (  -0.1422156   0.2906108   1.4763409  )
         5           O   tau(   5) = (   0.1422156  -0.2906108   1.0545292  )
         6           O   tau(   6) = (  -0.3227841   0.0221431   1.0545292  )
         7           Al  tau(   7) = (   0.0000000  -0.0000000   0.3722274  )
         8           Al  tau(   8) = (   0.0000000  -0.0000000   0.8932077  )
         9           Al  tau(   9) = (   0.0000000  -0.0000000   1.6376624  )
        10           Al  tau(  10) = (   0.0000000  -0.0000000   2.1586428  )

     number of k points=   378

     Number of k-points >= 100: set verbosity='high' to print them.

     Dense  grid:   162715 G-vectors     FFT dimensions: (  80,  80,  80)

     Smooth grid:    57437 G-vectors     FFT dimensions: (  60,  60,  60)

     Estimated max dynamical RAM per process >      19.08 MB

     Estimated total dynamical RAM >     725.19 MB

     The potential is recalculated from file :
     ./tmp/_ph0/alpha-Al2O3-sym.save/charge-density

     Starting wfcs are   40 atomic wfcs
     Checking if some PAW data can be deallocated... 

     Band Structure Calculation
     Davidson diagonalization with overlap

     ethr =  2.08E-11,  avg # of iterations = 14.9

     total cpu time spent up to now is      460.3 secs

     End of band structure calculation

     Number of k-points >= 100: set verbosity='high' to print the bands.

     highest occupied level (ev):     7.2704

     Writing config to output data dir ./tmp/_ph0/alpha-Al2O3-sym.save/

     Phonons of symmetry-fixed alpha-Al2O3 on a 2x2x2 q grid                    

     bravais-lattice index     =            5
     lattice parameter (alat)  =       9.8018  a.u.
     unit-cell volume          =     595.0557 (a.u.)^3
     number of atoms/cell      =           10
     number of atomic types    =            2
     kinetic-energy cut-off    =      80.0000  Ry
     charge density cut-off    =     640.0000  Ry
     convergence threshold     =      1.0E-14
     beta                      =       0.7000
     number of iterations used =            4
     Exchange-correlation= PBE
                           (   1   4   3   4   0   0   0)


     celldm(1)=    9.80177  celldm(2)=    0.00000  celldm(3)=    0.00000
     celldm(4)=    0.56755  celldm(5)=    0.00000  celldm(6)=    0.00000

     crystal axes: (cart. coord. in units of alat)
               a(1) = (  0.4650 -0.2685  0.8436 )  
               a(2) = (  0.0000  0.5369  0.8436 )  
               a(3) = ( -0.4650 -0.2685  0.8436 )  

     reciprocal axes: (cart. coord. in units 2 pi/alat)
               b(1) = (  1.0753 -0.6208  0.3951 )  
               b(2) = (  0.0000  1.2416  0.3951 )  
               b(3) = ( -1.0753 -0.6208  0.3951 )  


     Atoms inside the unit cell: 

     Cartesian axes

     site n.  atom      mass           positions (alat units)
        1     O   15.9990   tau(    1) = (    0.32278   -0.02214    1.47634  )
        2     O   15.9990   tau(    2) = (    0.18057    0.26847    1.05453  )
        3     O   15.9990   tau(    3) = (   -0.18057   -0.26847    1.47634  )
        4     O   15.9990   tau(    4) = (   -0.14222    0.29061    1.47634  )
        5     O   15.9990   tau(    5) = (    0.14222   -0.29061    1.05453  )
        6     O   15.9990   tau(    6) = (   -0.32278    0.02214    1.05453  )
        7     Al  26.9820   tau(    7) = (    0.00000   -0.00000    0.37223  )
        8     Al  26.9820   tau(    8) = (    0.00000   -0.00000    0.89321  )
        9     Al  26.9820   tau(    9) = (    0.00000   -0.00000    1.63766  )
       10     Al  26.9820   tau(   10) = (    0.00000   -0.00000    2.15864  )

     Computing dynamical matrix for 
                    q = (   0.0000000   0.0000000  -0.5926815 )

     13 Sym.Ops. (with q -> -q+G )


     G cutoff = 1557.5032  (   4282 G-vectors)     FFT grid: ( 80, 80, 80)
     G cutoff =  778.7516  (   1513 G-vectors)  smooth grid: ( 60, 60, 60)
     number of k points=   378

     PseudoPot. # 1 for O  read from file:
     /scratch/dajuarez4/Al2O3/pseudo/O.pbe-n-kjpaw_psl.1.0.0.UPF
     MD5 check sum: e99d9cef9b487d1ca56f5b95ecd0fd7a
     Pseudo is Projector augmented-wave + core cor, Zval =  6.0
     Generated using &quot;atomic&quot; code by A. Dal Corso  v.6.3
     Shape of augmentation charge: PSQ
     Using radial grid of 1095 points,  4 beta functions with: 
                l(1) =   0
                l(2) =   0
                l(3) =   1
                l(4) =   1
     Q(r) pseudized with 0 coefficients 


     PseudoPot. # 2 for Al read from file:
     /scratch/dajuarez4/Al2O3/pseudo/Al.pbe-n-kjpaw_psl.1.0.0.UPF
     MD5 check sum: 502b6b27b9c6270cab5dd1084b96fa6d
     Pseudo is Projector augmented-wave + core cor, Zval =  3.0
     Generated using &quot;atomic&quot; code by A. Dal Corso  v.6.3
     Shape of augmentation charge: PSQ
     Using radial grid of 1135 points,  6 beta functions with: 
                l(1) =   0
                l(2) =   0
                l(3) =   1
                l(4) =   1
                l(5) =   2
                l(6) =   2
     Q(r) pseudized with 0 coefficients 



     Atomic displacements:
     There are   10 irreducible representations

     Representation     1      4 modes -  To be done

     Representation     2      2 modes -  To be done

     Representation     3      4 modes -  To be done

     Representation     4      2 modes -  To be done

     Representation     5      4 modes -  To be done

     Representation     6      2 modes -  To be done

     Representation     7      4 modes -  To be done

     Representation     8      2 modes -  To be done

     Representation     9      4 modes -  To be done

     Representation    10      2 modes -  To be done



     Alpha used in Ewald sum =   2.8000
     PHONON       :   1d 5h46m CPU   2d 4h22m WALL



     Representation #   1 modes #   1   2   3   4

     Self-consistent Calculation

      iter #   1 total cpu time :189097.1 secs   av.it.:  10.8
      thresh= 1.000E-02 alpha_mix =  0.700 |ddv_scf|^2 =  1.558E-08

      iter #   2 total cpu time :189464.3 secs   av.it.:  23.9
      thresh= 1.248E-05 alpha_mix =  0.700 |ddv_scf|^2 =  1.343E-09

      iter #   3 total cpu time :189818.4 secs   av.it.:  23.7
      thresh= 3.665E-06 alpha_mix =  0.700 |ddv_scf|^2 =  1.992E-10

      iter #   4 total cpu time :190174.3 secs   av.it.:  23.8
      thresh= 1.411E-06 alpha_mix =  0.700 |ddv_scf|^2 =  1.554E-11

      iter #   5 total cpu time :190530.9 secs   av.it.:  23.3
      thresh= 3.942E-07 alpha_mix =  0.700 |ddv_scf|^2 =  4.636E-14

      iter #   6 total cpu time :190878.9 secs   av.it.:  23.8
      thresh= 2.153E-08 alpha_mix =  0.700 |ddv_scf|^2 =  2.731E-15

     End of self-consistent calculation

     Convergence has been achieved 


     Representation #   2 modes #   5   6

     Self-consistent Calculation

      iter #   1 total cpu time :191534.6 secs   av.it.:  10.7
      thresh= 1.000E-02 alpha_mix =  0.700 |ddv_scf|^2 =  1.209E-07

      iter #   2 total cpu time :191828.2 secs   av.it.:  22.0
      thresh= 3.478E-05 alpha_mix =  0.700 |ddv_scf|^2 =  7.709E-08

      iter #   3 total cpu time :192117.5 secs   av.it.:  20.2
      thresh= 2.776E-05 alpha_mix =  0.700 |ddv_scf|^2 =  2.399E-09

      iter #   4 total cpu time :192411.4 secs   av.it.:  21.2
      thresh= 4.898E-06 alpha_mix =  0.700 |ddv_scf|^2 =  1.258E-10

      iter #   5 total cpu time :192705.9 secs   av.it.:  21.6
      thresh= 1.122E-06 alpha_mix =  0.700 |ddv_scf|^2 =  9.798E-13

      iter #   6 total cpu time :193004.0 secs   av.it.:  23.1
      thresh= 9.899E-08 alpha_mix =  0.700 |ddv_scf|^2 =  4.893E-13

      iter #   7 total cpu time :193300.0 secs   av.it.:  21.6
      thresh= 6.995E-08 alpha_mix =  0.700 |ddv_scf|^2 =  5.701E-15

     End of self-consistent calculation

     Convergence has been achieved 


     Representation #   3 modes #   7   8   9  10

     Self-consistent Calculation

      iter #   1 total cpu time :193848.6 secs   av.it.:   7.8
      thresh= 1.000E-02 alpha_mix =  0.700 |ddv_scf|^2 =  5.650E-10

      iter #   2 total cpu time :194217.1 secs   av.it.:  24.4
      thresh= 2.377E-06 alpha_mix =  0.700 |ddv_scf|^2 =  4.160E-10

      iter #   3 total cpu time :194582.7 secs   av.it.:  23.6
      thresh= 2.040E-06 alpha_mix =  0.700 |ddv_scf|^2 =  3.042E-11

      iter #   4 total cpu time :194942.0 secs   av.it.:  23.5
      thresh= 5.516E-07 alpha_mix =  0.700 |ddv_scf|^2 =  4.074E-13

      iter #   5 total cpu time :195297.8 secs   av.it.:  23.2
      thresh= 6.383E-08 alpha_mix =  0.700 |ddv_scf|^2 =  4.743E-15

     End of self-consistent calculation

     Convergence has been achieved 


     Representation #   4 modes #  11  12

     Self-consistent Calculation

      iter #   1 total cpu time :195978.9 secs   av.it.:   7.7
      thresh= 1.000E-02 alpha_mix =  0.700 |ddv_scf|^2 =  1.131E-08

      iter #   2 total cpu time :196283.4 secs   av.it.:  21.2
      thresh= 1.064E-05 alpha_mix =  0.700 |ddv_scf|^2 =  1.380E-08

      iter #   3 total cpu time :196580.8 secs   av.it.:  20.1
      thresh= 1.175E-05 alpha_mix =  0.700 |ddv_scf|^2 =  4.968E-11

      iter #   4 total cpu time :196879.0 secs   av.it.:  21.9
      thresh= 7.048E-07 alpha_mix =  0.700 |ddv_scf|^2 =  7.585E-12

      iter #   5 total cpu time :197177.7 secs   av.it.:  22.1
      thresh= 2.754E-07 alpha_mix =  0.700 |ddv_scf|^2 =  2.100E-13

      iter #   6 total cpu time :197475.1 secs   av.it.:  22.6
      thresh= 4.583E-08 alpha_mix =  0.700 |ddv_scf|^2 =  3.290E-14

      iter #   7 total cpu time :197771.3 secs   av.it.:  21.2
      thresh= 1.814E-08 alpha_mix =  0.700 |ddv_scf|^2 =  2.599E-16

     End of self-consistent calculation

     Convergence has been achieved 


     Representation #   5 modes #  13  14  15  16

     Self-consistent Calculation

      iter #   1 total cpu time :198333.2 secs   av.it.:  10.4
      thresh= 1.000E-02 alpha_mix =  0.700 |ddv_scf|^2 =  1.137E-08

      iter #   2 total cpu time :198684.8 secs   av.it.:  24.1
      thresh= 1.066E-05 alpha_mix =  0.700 |ddv_scf|^2 =  9.567E-10

      iter #   3 total cpu time :199036.3 secs   av.it.:  23.9
      thresh= 3.093E-06 alpha_mix =  0.700 |ddv_scf|^2 =  2.349E-10

      iter #   4 total cpu time :199386.9 secs   av.it.:  23.8
      thresh= 1.533E-06 alpha_mix =  0.700 |ddv_scf|^2 =  1.300E-11

      iter #   5 total cpu time :199748.8 secs   av.it.:  23.4
      thresh= 3.605E-07 alpha_mix =  0.700 |ddv_scf|^2 =  4.726E-14

      iter #   6 total cpu time :200098.8 secs   av.it.:  23.7
      thresh= 2.174E-08 alpha_mix =  0.700 |ddv_scf|^2 =  1.455E-15

     End of self-consistent calculation

     Convergence has been achieved 


     Representation #   6 modes #  17  18

     Self-consistent Calculation

      iter #   1 total cpu time :200776.0 secs   av.it.:  11.0
      thresh= 1.000E-02 alpha_mix =  0.700 |ddv_scf|^2 =  1.458E-06

      iter #   2 total cpu time :201095.0 secs   av.it.:  20.9
      thresh= 1.208E-04 alpha_mix =  0.700 |ddv_scf|^2 =  1.587E-06

      iter #   3 total cpu time :201409.5 secs   av.it.:  19.7
      thresh= 1.260E-04 alpha_mix =  0.700 |ddv_scf|^2 =  1.844E-09

      iter #   4 total cpu time :201717.7 secs   av.it.:  23.1
      thresh= 4.294E-06 alpha_mix =  0.700 |ddv_scf|^2 =  1.120E-09

      iter #   5 total cpu time :202031.1 secs   av.it.:  21.0
      thresh= 3.346E-06 alpha_mix =  0.700 |ddv_scf|^2 =  6.340E-13

      iter #   6 total cpu time :202342.9 secs   av.it.:  22.1
      thresh= 7.962E-08 alpha_mix =  0.700 |ddv_scf|^2 =  4.984E-14

      iter #   7 total cpu time :202643.8 secs   av.it.:  21.1
      thresh= 2.232E-08 alpha_mix =  0.700 |ddv_scf|^2 =  1.079E-15

     End of self-consistent calculation

     Convergence has been achieved 


     Representation #   7 modes #  19  20  21  22

     Self-consistent Calculation

      iter #   1 total cpu time :203198.3 secs   av.it.:  10.3
      thresh= 1.000E-02 alpha_mix =  0.700 |ddv_scf|^2 =  1.311E-08

      iter #   2 total cpu time :203554.8 secs   av.it.:  23.9
      thresh= 1.145E-05 alpha_mix =  0.700 |ddv_scf|^2 =  6.071E-10

      iter #   3 total cpu time :203904.3 secs   av.it.:  23.8
      thresh= 2.464E-06 alpha_mix =  0.700 |ddv_scf|^2 =  9.098E-11

      iter #   4 total cpu time :204255.0 secs   av.it.:  23.9
      thresh= 9.538E-07 alpha_mix =  0.700 |ddv_scf|^2 =  1.098E-11

      iter #   5 total cpu time :204602.6 secs   av.it.:  23.4
      thresh= 3.313E-07 alpha_mix =  0.700 |ddv_scf|^2 =  3.374E-14

      iter #   6 total cpu time :204946.8 secs   av.it.:  22.7
      thresh= 1.837E-08 alpha_mix =  0.700 |ddv_scf|^2 =  7.423E-16

     End of self-consistent calculation

     Convergence has been achieved 


     Representation #   8 modes #  23  24

     Self-consistent Calculation

      iter #   1 total cpu time :205596.5 secs   av.it.:   8.5
      thresh= 1.000E-02 alpha_mix =  0.700 |ddv_scf|^2 =  5.195E-08

      iter #   2 total cpu time :205892.6 secs   av.it.:  20.9
      thresh= 2.279E-05 alpha_mix =  0.700 |ddv_scf|^2 =  5.960E-08

      iter #   3 total cpu time :206183.9 secs   av.it.:  19.9
      thresh= 2.441E-05 alpha_mix =  0.700 |ddv_scf|^2 =  1.736E-10

      iter #   4 total cpu time :206477.8 secs   av.it.:  21.7
      thresh= 1.318E-06 alpha_mix =  0.700 |ddv_scf|^2 =  1.627E-11

      iter #   5 total cpu time :206771.5 secs   av.it.:  21.7
      thresh= 4.033E-07 alpha_mix =  0.700 |ddv_scf|^2 =  2.054E-13

      iter #   6 total cpu time :207066.0 secs   av.it.:  21.3
      thresh= 4.532E-08 alpha_mix =  0.700 |ddv_scf|^2 =  1.949E-14

      iter #   7 total cpu time :207360.6 secs   av.it.:  21.1
      thresh= 1.396E-08 alpha_mix =  0.700 |ddv_scf|^2 =  2.472E-16

     End of self-consistent calculation

     Convergence has been achieved 


     Representation #   9 modes #  25  26  27  28

     Self-consistent Calculation

      iter #   1 total cpu time :207915.9 secs   av.it.:   7.7
      thresh= 1.000E-02 alpha_mix =  0.700 |ddv_scf|^2 =  4.522E-10

      iter #   2 total cpu time :208284.9 secs   av.it.:  24.6
      thresh= 2.127E-06 alpha_mix =  0.700 |ddv_scf|^2 =  4.585E-10

      iter #   3 total cpu time :208644.1 secs   av.it.:  23.5
      thresh= 2.141E-06 alpha_mix =  0.700 |ddv_scf|^2 =  1.582E-11

      iter #   4 total cpu time :209003.1 secs   av.it.:  23.5
      thresh= 3.977E-07 alpha_mix =  0.700 |ddv_scf|^2 =  3.397E-13

      iter #   5 total cpu time :209361.9 secs   av.it.:  23.4
      thresh= 5.828E-08 alpha_mix =  0.700 |ddv_scf|^2 =  6.484E-15

     End of self-consistent calculation

     Convergence has been achieved 


     Representation #  10 modes #  29  30

     Self-consistent Calculation

      iter #   1 total cpu time :210049.0 secs   av.it.:  10.9
      thresh= 1.000E-02 alpha_mix =  0.700 |ddv_scf|^2 =  1.628E-07

      iter #   2 total cpu time :210347.5 secs   av.it.:  22.1
      thresh= 4.035E-05 alpha_mix =  0.700 |ddv_scf|^2 =  3.438E-08

      iter #   3 total cpu time :210643.5 secs   av.it.:  21.2
      thresh= 1.854E-05 alpha_mix =  0.700 |ddv_scf|^2 =  1.756E-09

      iter #   4 total cpu time :210939.5 secs   av.it.:  20.3
      thresh= 4.190E-06 alpha_mix =  0.700 |ddv_scf|^2 =  4.569E-11

      iter #   5 total cpu time :211231.9 secs   av.it.:  21.6
      thresh= 6.760E-07 alpha_mix =  0.700 |ddv_scf|^2 =  2.552E-12

      iter #   6 total cpu time :211529.6 secs   av.it.:  22.2
      thresh= 1.597E-07 alpha_mix =  0.700 |ddv_scf|^2 =  2.008E-13

      iter #   7 total cpu time :211824.9 secs   av.it.:  22.1
      thresh= 4.481E-08 alpha_mix =  0.700 |ddv_scf|^2 =  1.833E-15

     End of self-consistent calculation

     Convergence has been achieved 

     Number of q in the star =    1
     List of q in the star:
          1   0.000000000   0.000000000  -0.592681530

     Diagonalizing the dynamical matrix

     q = (    0.000000000   0.000000000  -0.592681530 ) 

 **************************************************************************
     freq (    1) =       6.262960 [THz] =     208.909862 [cm-1]
     freq (    2) =       6.262960 [THz] =     208.909862 [cm-1]
     freq (    3) =       6.262960 [THz] =     208.909862 [cm-1]
     freq (    4) =       6.262960 [THz] =     208.909862 [cm-1]
     freq (    5) =       9.212842 [THz] =     307.307331 [cm-1]
     freq (    6) =       9.212842 [THz] =     307.307331 [cm-1]
     freq (    7) =      11.163469 [THz] =     372.373229 [cm-1]
     freq (    8) =      11.163469 [THz] =     372.373229 [cm-1]
     freq (    9) =      11.986770 [THz] =     399.835617 [cm-1]
     freq (   10) =      11.986770 [THz] =     399.835617 [cm-1]
     freq (   11) =      11.986770 [THz] =     399.835617 [cm-1]
     freq (   12) =      11.986770 [THz] =     399.835617 [cm-1]
     freq (   13) =      14.481327 [THz] =     483.045073 [cm-1]
     freq (   14) =      14.481327 [THz] =     483.045073 [cm-1]
     freq (   15) =      14.481327 [THz] =     483.045073 [cm-1]
     freq (   16) =      14.481327 [THz] =     483.045073 [cm-1]
     freq (   17) =      15.299573 [THz] =     510.338825 [cm-1]
     freq (   18) =      15.299573 [THz] =     510.338825 [cm-1]
     freq (   19) =      15.299573 [THz] =     510.338825 [cm-1]
     freq (   20) =      15.299573 [THz] =     510.338825 [cm-1]
     freq (   21) =      15.412760 [THz] =     514.114324 [cm-1]
     freq (   22) =      15.412760 [THz] =     514.114324 [cm-1]
     freq (   23) =      18.874215 [THz] =     629.576043 [cm-1]
     freq (   24) =      18.874215 [THz] =     629.576043 [cm-1]
     freq (   25) =      19.923502 [THz] =     664.576486 [cm-1]
     freq (   26) =      19.923502 [THz] =     664.576486 [cm-1]
     freq (   27) =      19.923502 [THz] =     664.576486 [cm-1]
     freq (   28) =      19.923502 [THz] =     664.576486 [cm-1]
     freq (   29) =      23.861135 [THz] =     795.921779 [cm-1]
     freq (   30) =      23.861135 [THz] =     795.921779 [cm-1]
 **************************************************************************

     init_run     :      1.34s CPU      1.62s WALL (       3 calls)
     electrons    :    434.91s CPU    458.27s WALL (       3 calls)

     Called by init_run:
     wfcinit      :      0.00s CPU      0.01s WALL (       3 calls)
     potinit      :      0.28s CPU      0.48s WALL (       3 calls)
     hinit0       :      0.72s CPU      0.74s WALL (       3 calls)

     Called by electrons:
     c_bands      :    434.90s CPU    458.27s WALL (       3 calls)
     v_of_rho     :      0.05s CPU      0.06s WALL (       4 calls)
     newd         :      0.09s CPU      0.10s WALL (       4 calls)
     PAW_pot      :      0.30s CPU      0.31s WALL (       4 calls)

     Called by c_bands:
     init_us_2    :     48.33s CPU     63.69s WALL (  268135 calls)
     init_us_2:cp :     47.63s CPU     62.96s WALL (  268135 calls)
     cegterg      :    361.54s CPU    377.74s WALL (    2282 calls)

     Called by *egterg:
     cdiaghg      :    165.90s CPU    172.51s WALL (   36200 calls)
     h_psi        :  33547.72s CPU  35132.89s WALL ( 7507070 calls)
     s_psi        :   1342.32s CPU   1477.88s WALL (15268524 calls)
     g_psi        :      0.73s CPU      0.75s WALL (   33918 calls)

     Called by h_psi:
     h_psi:calbec :   1859.18s CPU   2032.94s WALL ( 7507070 calls)
     vloc_psi     :  30910.65s CPU  32250.94s WALL ( 7507070 calls)
     add_vuspsi   :    696.80s CPU    761.87s WALL ( 7507070 calls)

     General routines
     calbec       :   9495.52s CPU  10409.12s WALL (16050914 calls)
     fft          :      8.90s CPU     11.38s WALL (   19330 calls)
     ffts         :   4417.58s CPU   4750.65s WALL (   49754 calls)
     fftw         :  61644.23s CPU  65331.91s WALL (******** calls)
     interpolate  :      2.30s CPU      2.69s WALL (    1814 calls)
     davcio       :    119.87s CPU  83783.05s WALL ( 1460594 calls)

     Parallel routines

     PHONON       :   1d 9h17m CPU   2d10h51m WALL

     INITIALIZATION: 
     phq_setup    :      0.13s CPU      0.23s WALL (       4 calls)
     phq_init     :    226.26s CPU    245.52s WALL (       4 calls)

     phq_init     :    226.26s CPU    245.52s WALL (       4 calls)
     set_drhoc    :      1.57s CPU      1.58s WALL (      12 calls)
     init_vloc    :      0.37s CPU      0.37s WALL (       4 calls)
     init_us_1    :      0.14s CPU      0.15s WALL (       4 calls)
     init_us_2    :     48.33s CPU     63.69s WALL (  268135 calls)
     newd         :      0.09s CPU      0.10s WALL (       4 calls)
     dvanqq       :      5.89s CPU      5.94s WALL (       4 calls)
     drho         :    189.28s CPU    202.46s WALL (       4 calls)

     DYNAMICAL MATRIX:
     dynmat0      :     20.84s CPU     24.05s WALL (       4 calls)
     phqscf       : 114135.64s CPU 197935.90s WALL (       4 calls)
     dynmatrix    :      1.24s CPU      1.54s WALL (       4 calls)

     phqscf       : 114135.64s CPU 197935.90s WALL (       4 calls)
     solve_linter : 107765.26s CPU 168729.06s WALL (      75 calls)
     drhodv       :   2411.16s CPU   5018.20s WALL (      75 calls)

     dynmat0      :     20.84s CPU     24.05s WALL (       4 calls)
     dynmat_us    :     19.51s CPU     22.21s WALL (       4 calls)
     d2ionq       :      0.19s CPU      0.20s WALL (       4 calls)
     dynmatcc     :      1.11s CPU      1.13s WALL (       4 calls)

     dynmat_us    :     19.51s CPU     22.21s WALL (       4 calls)
     addusdynmat  :      0.00s CPU      0.01s WALL (       4 calls)

     phqscf       : 114135.64s CPU 197935.90s WALL (       4 calls)
     solve_linter : 107765.26s CPU 168729.06s WALL (      75 calls)

     solve_linter : 107765.26s CPU 168729.06s WALL (      75 calls)
     dvqpsi_us    :   5462.23s CPU   5821.39s WALL (   45570 calls)
     sth_kernel   : 103088.25s CPU 161865.39s WALL (     529 calls)
     apply_dpot_b :  30742.97s CPU  33073.48s WALL (  251265 calls)
     ortho        :   6903.39s CPU   7428.79s WALL (  292299 calls)
     cgsolve      :  38378.98s CPU  40550.61s WALL (  292299 calls)
     incdrhoscf   :   2415.92s CPU   2547.87s WALL (  292299 calls)
     addusddens   :     37.74s CPU    116.88s WALL (     598 calls)
     dv_of_drho   :      5.32s CPU      6.83s WALL (     845 calls)
     mix_pot      :     41.16s CPU     94.74s WALL (     529 calls)
     psymdvscf    :    237.09s CPU    247.39s WALL (     523 calls)
     newdq        :     40.10s CPU     40.54s WALL (     529 calls)
     adddvscf     :    170.14s CPU    175.66s WALL (  251265 calls)
     drhodvus     :     13.58s CPU     18.00s WALL (      75 calls)

     dvqpsi_us    :   5462.23s CPU   5821.39s WALL (   45570 calls)
     dvqpsi_us_on :    635.87s CPU    643.68s WALL (   45570 calls)

     cgsolve      :  38378.98s CPU  40550.61s WALL (  292299 calls)
     ch_psi       :  37387.67s CPU  39454.77s WALL ( 7468588 calls)

     ch_psi       :  37387.67s CPU  39454.77s WALL ( 7468588 calls)
     h_psi        :  33547.72s CPU  35132.89s WALL ( 7507070 calls)
     last         :   3231.42s CPU   3650.58s WALL ( 7468588 calls)

     h_psi        :  33547.72s CPU  35132.89s WALL ( 7507070 calls)
     add_vuspsi   :    696.80s CPU    761.87s WALL ( 7507070 calls)

     incdrhoscf   :   2415.92s CPU   2547.87s WALL (  292299 calls)
     addusdbec    :    111.66s CPU    122.95s WALL (  332199 calls)

     drhodvus     :     13.58s CPU     18.00s WALL (      75 calls)

      General routines
     calbec       :   9495.52s CPU  10409.12s WALL (16050914 calls)
     fft          :      8.90s CPU     11.38s WALL (   19330 calls)
     ffts         :   4417.58s CPU   4750.65s WALL (   49754 calls)
     fftw         :  61644.23s CPU  65331.91s WALL (******** calls)
     davcio       :    119.87s CPU  83783.05s WALL ( 1460594 calls)
     write_rec    :      0.85s CPU    109.27s WALL (     604 calls)


     PHONON       :   1d 9h17m CPU   2d10h51m WALL


   This run was terminated on:  13: 6:30  21Jul2026            

=------------------------------------------------------------------------------=
   JOB DONE.
=------------------------------------------------------------------------------=
