  10   80
1 1
     0.261134786487036    -0.007986068225600    -0.085431022282856
    -0.007986068225600     0.270356303766676    -0.049323623712149
    -0.085431022282856    -0.049323623712149     0.213219668265927
1 2
     0.000507041070154     0.000704987702768    -0.001077049968439
     0.000704987702768     0.000342423479097     0.001571254471725
    -0.001077049968439     0.001571254471725    -0.003277611648351
1 3
     0.000994115136815     0.000423775359266     0.000822221304104
     0.000423775359266    -0.000144650587564    -0.001718379869675
     0.000822221304104    -0.001718379869675    -0.003277611648351
1 4
     0.000568961237940     0.005147682020972    -0.001156833990439
     0.005147682020972    -0.005375069963082    -0.000667898415788
    -0.001156833990439    -0.000667898415788     0.002559798838772
1 5
    -0.003050056111431    -0.002456196040624     0.005562590502747
    -0.002456196040624    -0.000213885220960     0.003211563124153
     0.005562590502747     0.003211563124153    -0.008104241877804
1 6
    -0.005656403041194     0.000289677221701     0.000463430000397
     0.000289677221701     0.001772810292360    -0.000656272975784
     0.000463430000397    -0.000656272975784     0.001235033617923
1 7
     0.000166374791863    -0.003072105127645    -0.000336634068648
    -0.003072105127645    -0.004049967540697     0.000729478641112
    -0.000336634068648     0.000729478641112     0.001235033617923
1 8
    -0.001110401744571     0.000342649343999     0.001494186261103
     0.000342649343999    -0.001506059126563     0.000862668840067
     0.001494186261103     0.000862668840067    -0.002193011325349
1 9
     0.005548020118789     0.003717699818232    -0.004997617134201
     0.009565749932337    -0.005637941823233     0.020214386716583
    -0.009900612844047     0.013824895871593    -0.018892086146996
1 10
    -0.008593353804672    -0.004446826223190    -0.016923017451499
     0.001401223890918     0.008503432100226     0.001661734300184
    -0.020004980985586    -0.005779129961686    -0.018892086146998
1 11
     0.000052577064877     0.001698924394701     0.000220170020691
     0.000676098289373    -0.002749367902487    -0.002290411725444
    -0.000684179290356    -0.000498729075638     0.000109746398751
1 12
    -0.002414598020912     0.004495849517757     0.002643409029929
     0.003810106984041    -0.007498519178729    -0.003859571581086
     0.005059339068996    -0.009933844416068    -0.005145096956341
1 13
    -0.009824123555918     0.000217957955552     0.011132631156056
    -0.000467784578161    -0.000088993643724     0.000585406047923
     0.004664191551909    -0.000359473581967    -0.005145096956341
1 14
    -0.003077296650133    -0.000108109037190     0.000089822403931
    -0.001130935142516     0.000380505812522     0.000841881184010
     0.002093639749706     0.000954533031653     0.000109746398751
1 15
    -0.000183198067634    -0.002135311950455    -0.001641306334200
    -0.002454798367099    -0.002281889975133    -0.001422675896930
    -0.001212985926250     0.000410282766083     0.001032004752675
1 16
     0.000230359072329    -0.001896544624372    -0.000961808261288
    -0.002216031041016    -0.002695447115097     0.000845335243523
     0.000411420300993     0.002132750929274     0.001032004752675
1 17
    -0.022220744576094    -0.019090363852214    -0.006123803712861
    -0.008960012836565    -0.000085187896783     0.000553994482690
     0.003298689043423     0.005422542008331     0.006705539629256
1 18
     0.000053636159407    -0.000847975489553     0.001886837506322
    -0.000471543008777     0.000491194478410     0.002014258140091
     0.000588416390460     0.000253849897954    -0.004041965132311
1 19
    -0.001007820244808     0.000998673316956     0.003227973760634
    -0.001419766886294    -0.001250938730419     0.000541574703156
     0.001144969429336    -0.003066294631036    -0.004379879442070
1 20
    -0.003472587783941     0.000273722542971    -0.000062227143719
    -0.002735424733399    -0.004893852206250    -0.001565232854087
     0.001324417842618     0.000836506714309     0.001280580006093
1 21
     0.000494000364096     0.000981529754814     0.000855035394638
     0.000568221454995     0.001388749642256     0.001148543187569
    -0.000567149880460    -0.001314753966675    -0.003661614153979
1 22
    -0.042555864227277     0.029156654242141     0.001507975392031
     0.031586973247253    -0.007485514544716    -0.000998617392599
     0.001618815726671    -0.000806636301482     0.014136424322636
1 23
     0.006527092332492    -0.002492792474419    -0.003046714610591
     0.007637558541220    -0.028833024805363    -0.005568019514956
    -0.003541675151995     0.005026372341779     0.006705539629256
1 24
     0.000953173168818    -0.000328627555023     0.000074367734855
     0.000047804925753    -0.000408342531001    -0.000636508491119
    -0.000800979965939    -0.002641178283334    -0.004041965132312
1 25
    -0.017765246465717     0.021662746885614    -0.006345403654014
     0.011532395869965    -0.004540686007159     0.000145477506624
     0.002582128560865    -0.005580366824471     0.006705539629255
1 26
     0.001836124281336    -0.000206654149910     0.001422185275098
     0.000206654149909     0.000046625725016     0.000166210779106
    -0.001422185275097     0.000166210779106    -0.003661614153979
1 27
    -0.000189563371500     0.000707564174918    -0.000514048655606
     0.000331131694142     0.000734394009317     0.000382658593165
    -0.002687817472260     0.000626920143242    -0.004041965132311
1 28
     0.010049660296563     0.001215159502554    -0.000110840334635
    -0.001215159502558    -0.060091039068536     0.001805253694077
     0.000110840334637     0.001805253694073     0.014136424322636
1 29
    -0.001372497973225    -0.001209220101625     0.002083004331298
     0.001209220101624    -0.000886261002002     0.002524719927879
    -0.002083004331297     0.002524719927880    -0.004379879442070
1 30
    -0.017765246465719    -0.011532395869971    -0.002582128560865
    -0.021662746885610    -0.004540686007162    -0.005580366824470
     0.006345403654013     0.000145477506624     0.006705539629255
1 31
    -0.005604484417406    -0.001504573638186    -0.001386644986337
     0.001504573638184    -0.002761955572786     0.000728726139777
     0.001386644986337     0.000728726139778     0.001280580006094
1 32
    -0.000189563371500    -0.000331131694143     0.002687817472261
    -0.000707564174918     0.000734394009317     0.000626920143242
     0.000514048655606     0.000382658593166    -0.004041965132311
1 33
     0.002910451129215    -0.005240500984369    -0.007022404607453
    -0.011088551098473    -0.003000372833660    -0.015486630171775
    -0.015007363851387    -0.014435256754898    -0.018892086147001
1 34
    -0.002630954222634     0.003935020295346    -0.002020782521980
     0.004620762829058    -0.007282162977006     0.004219045163052
    -0.006073292087058     0.009348438368142    -0.005145096956340
1 35
     0.002910451129217     0.011088551098475     0.015007363851388
     0.005240500984366    -0.003000372833659    -0.014435256754895
     0.007022404607451    -0.015486630171775    -0.018892086147000
1 36
    -0.001020466671161     0.001295620379227    -0.001873469729015
     0.002318446484553    -0.001676324166449     0.001335878693791
    -0.000774001694286    -0.000343152108372     0.000109746398751
1 37
    -0.001020466671161    -0.002318446484555     0.000774001694287
    -0.001295620379227    -0.001676324166449    -0.000343152108372
     0.001873469729016     0.001335878693791     0.000109746398751
1 38
    -0.003744793068848     0.000079024117761     0.000251177664962
     0.000398510534405     0.001279705026079    -0.001255618009607
     0.002052726635193    -0.000710075032344     0.001032004752675
1 39
    -0.002630954222634    -0.004620762829062     0.006073292087061
    -0.003935020295346    -0.007282162977007     0.009348438368141
     0.002020782521981     0.004219045163053    -0.005145096956339
1 40
    -0.003744793068848    -0.000398510534406    -0.002052726635193
    -0.000079024117762     0.001279705026079    -0.000710075032344
    -0.000251177664961    -0.001255618009607     0.001032004752675
1 41
    -0.000388261484714     0.000582176580692    -0.002114321535473
     0.000582176580692     0.001413767112876    -0.000038996282915
    -0.002114321535473    -0.000038996282915     0.000757523393442
1 42
     0.002821165920293    -0.014884157199785     0.020267394737701
    -0.014884157199785    -0.002044673356657     0.020007525718732
     0.020267394737701     0.020007525718732    -0.034061120699813
1 43
    -0.000940839475855     0.002777087565295     0.000702691002580
     0.002777087565295    -0.002887669831262     0.000143169166954
     0.000702691002580     0.000143169166954    -0.000036239688740
1 44
    -0.000267825809862    -0.001589404042239     0.000486006377745
    -0.001589404042239    -0.003199897791445    -0.000746940765975
     0.000486006377745    -0.000746940765975     0.000287759341324
1 45
    -0.003843344073505     0.000474922389767    -0.000403866489584
     0.000474922389767     0.000375620472198     0.000794364252516
    -0.000403866489584     0.000794364252516     0.000287759341324
1 46
    -0.013718271786352    -0.005335108387609     0.027460722908142
    -0.005335108387609     0.014494764349989     0.007548315852013
     0.027460722908142     0.007548315852013    -0.034061120699814
1 47
     0.000004066137670     0.002231546054968     0.000475333636911
     0.002231546054968    -0.003832575444787     0.000536963675768
     0.000475333636911     0.000536963675768    -0.000036239688740
1 48
     0.001467439671847    -0.000489212981583    -0.001090932539394
    -0.000489212981583    -0.000441934043685    -0.001811558020030
    -0.001090932539394    -0.001811558020030     0.000757523393441
1 49
     0.002273412057719    -0.000768032850594     0.000935167038541
    -0.005147056695016     0.000449584447085    -0.002551060693844
     0.004946506149737    -0.000038306206472     0.004568454230583
1 50
    -0.020894639463403     0.005979731253230     0.008538610813821
     0.004509553915141    -0.031005537910755    -0.012041247537469
     0.001493022879165    -0.004974272253551    -0.028824467067113
1 51
    -0.003976261306248    -0.006997378993973     0.004325289372077
    -0.009202456127653     0.008072457901100    -0.003030005663217
     0.006040487155132    -0.004020106920840    -0.004741657898291
1 52
    -0.008934879936980     0.002577302409192     0.000300987049535
     0.003856359086280    -0.001818634887430     0.004240801566525
     0.003290212578583     0.007018531655775     0.008675633412474
1 53
     0.007708627591379     0.000919681072863     0.005235382896575
     0.001250944031127    -0.000809578997851     0.001514567019769
    -0.001309482942350    -0.000003648982496    -0.003235402395294
1 54
     0.001539685027796     0.006001884465165    -0.004058576738041
     0.003161833537194     0.004284103834266    -0.003555650887170
    -0.004853154807381    -0.009517036173356     0.006706373623903
1 55
     0.005527403675918    -0.004368184806413    -0.003839458571150
     0.000326913672478     0.000241461185088    -0.000566026719776
    -0.002727143136426     0.001716246150519     0.003308307226282
1 56
     0.004444839485549     0.004108633009374    -0.001546455284733
     0.006762650490429     0.005287689718626    -0.000660939313780
    -0.003565117953440    -0.002055165233866    -0.001319807228282
1 57
    -0.000811839002603    -0.000833480783821     0.003823135413788
    -0.002112537460909    -0.009941675821808    -0.001859738352156
     0.007723333000458    -0.000659858150984     0.008675633412474
1 58
    -0.023935819587243     0.006265380078294    -0.006158720853794
     0.007735557416383    -0.027964357786917     0.013415277646532
    -0.003561334697333     0.003780131868564    -0.028824467067112
1 59
    -0.001954456276961    -0.010369745805561    -0.000461417191919
    -0.008164668671881     0.006050652871811     0.005260813306547
    -0.000461271141812     0.007241268787999    -0.004741657898290
1 60
    -0.001655767556335    -0.002878543787148    -0.001741699848195
     0.001500480057274     0.004378764061138     0.002085408759081
     0.002440078926941     0.004302953088884     0.004568454230584
1 61
     0.009784381001644     0.003679864758763    -0.001345617878460
     0.001025847277708    -0.000051851797468    -0.001008799905505
    -0.003562384278223    -0.002059900098234    -0.001319807228282
1 62
     0.007566005424229    -0.000317464165909    -0.005108572364299
     0.002522586762062    -0.001742216562167    -0.001737005114768
    -0.010668572498552     0.000555562734987     0.006706373623903
1 63
    -0.000186974924988     0.003626111695962    -0.002409922804122
    -0.001068986782928     0.005955839785994    -0.003042055299505
     0.000122741197284    -0.003219898311161     0.003308307226281
1 64
     0.002259880890531     0.004396779405607     0.003929344963141
     0.004065516447344     0.004639167702997     0.003776691077089
    -0.000657901582715    -0.001132221002649    -0.003235402395294
1 65
    -0.095381672417093     0.008995394101620     0.033100045838517
     0.011354725293911    -0.017298398049403    -0.005445740776262
     0.042976766074099    -0.004165035728139    -0.031153425239735
1 66
     0.000053909128976     0.000314271686433     0.000327887158870
    -0.000217216913787    -0.000244339905296    -0.001762027606383
     0.000631850240333    -0.001060259067728     0.003170658957266
1 67
     0.000150394793775    -0.000047503620636    -0.000226083048695
     0.001793921420891     0.003382656253719     0.003069964463478
     0.002744324476439     0.004917499410953     0.005558190341687
1 68
    -0.000075261515791    -0.002640276525164     0.000117999284275
    -0.004051680313057     0.010647790234923    -0.004044062138613
    -0.001164523494656    -0.001588786843688    -0.003579706384371
1 69
    -0.003789416666756     0.002981436821262    -0.006568052422171
     0.002568712823187    -0.002611705612993    -0.007695493482334
    -0.001201508999958    -0.004843504173460     0.012136787345876
1 70
     0.014259838215167     0.001426399243628     0.006088595097420
    -0.000105371966699    -0.011965557952887     0.001056295539116
     0.002625578187713     0.001840040419700    -0.006706794915164
1 71
     0.000641587367702     0.002738793829508     0.001700246848181
     0.005077441308092     0.008666609102657     0.004323540298043
    -0.000886790943565    -0.002057167955314    -0.002914610787855
1 72
     0.001523751393609     0.000063954272283    -0.001863431180218
    -0.002424240955003     0.000412023431618     0.001456827648664
    -0.002051904910404     0.000692485189669     0.003793219688731
1 73
    -0.000502848082984     0.000671211566637    -0.009948519061444
     0.001083935564711    -0.005898274196764    -0.001840353509822
    -0.004795352157531     0.001381214769889     0.012136787345877
1 74
     0.010044882764476    -0.000351553820505     0.004594419156481
    -0.002690201299089    -0.000736686294117    -0.000689313185792
    -0.002224955180936     0.000260600492684    -0.002914610787855
1 75
    -0.004837187320416     0.010920300866991     0.003959076319489
     0.012452072077318     0.007131467582696     0.004744730258166
     0.002906310841308     0.001353797200332    -0.006706794915164
1 76
    -0.000332078691608    -0.001352776955732     0.000329934162569
     0.001135418271554     0.002267853516836    -0.002342192564604
    -0.000426242689204    -0.002123244373394     0.003793219688731
1 77
    -0.028007356458036    -0.027543854161516     0.011833873064589
    -0.029903185353808    -0.084672714008463     0.031388350950714
     0.017881356288810     0.039301489056738    -0.031153425239732
1 78
     0.003330811979055    -0.000042293297166     0.002545625689740
    -0.001883718338693     0.000202239068439    -0.001730775895274
     0.005630841651200    -0.000082094992654     0.005558190341687
1 79
    -0.000127751697392    -0.000112334986782    -0.001362017089862
     0.000419153613438    -0.000062679078928     0.001164972412348
    -0.000602286167078     0.001077327893380     0.003170658957267
1 80
     0.005069324985781    -0.007021908714609    -0.003443260904385
    -0.005610504926716     0.005503203733351     0.002124221447119
    -0.001958191515161    -0.000214113507831    -0.003579706384370
9 1
     0.005548020118789     0.009565749932337    -0.009900612844047
     0.003717699818232    -0.005637941823233     0.013824895871593
    -0.004997617134201     0.020214386716583    -0.018892086146996
9 2
    -0.008593353804672     0.001401223890918    -0.020004980985586
    -0.004446826223190     0.008503432100226    -0.005779129961686
    -0.016923017451499     0.001661734300184    -0.018892086146998
9 3
     0.000052577064877     0.000676098289373    -0.000684179290356
     0.001698924394701    -0.002749367902487    -0.000498729075638
     0.000220170020691    -0.002290411725444     0.000109746398751
9 4
    -0.002414598020912     0.003810106984041     0.005059339068996
     0.004495849517757    -0.007498519178729    -0.009933844416068
     0.002643409029929    -0.003859571581086    -0.005145096956341
9 5
    -0.009824123555918    -0.000467784578161     0.004664191551909
     0.000217957955552    -0.000088993643724    -0.000359473581967
     0.011132631156056     0.000585406047923    -0.005145096956341
9 6
    -0.003077296650133    -0.001130935142516     0.002093639749706
    -0.000108109037190     0.000380505812522     0.000954533031653
     0.000089822403931     0.000841881184010     0.000109746398751
9 7
    -0.000183198067634    -0.002454798367099    -0.001212985926250
    -0.002135311950455    -0.002281889975133     0.000410282766083
    -0.001641306334200    -0.001422675896930     0.001032004752675
9 8
     0.000230359072329    -0.002216031041016     0.000411420300993
    -0.001896544624372    -0.002695447115097     0.002132750929274
    -0.000961808261288     0.000845335243523     0.001032004752675
9 9
     0.274967062406572    -0.000000000000047    -0.000000000000023
    -0.000000000000047     0.256524027847145     0.098647247424316
    -0.000000000000023     0.098647247424316     0.213219668265949
9 10
    -0.000226959383092     0.000281212343502    -0.001899271272543
     0.000281212343502     0.001076423932342     0.000147125397951
    -0.001899271272543     0.000147125397951    -0.003277611648351
9 11
     0.001204200224277     0.000000000000001     0.000000000000001
     0.000000000000001    -0.004468141556667    -0.006423126248305
     0.000000000000001    -0.006423126248305    -0.008104241877806
9 12
    -0.000335360873921     0.003361782349348     0.000800064069045
     0.003361782349348    -0.003548231874914    -0.000073205665328
     0.000800064069045    -0.000073205665328     0.001235033617923
9 13
    -0.000226959383092    -0.000281212343501     0.001899271272543
    -0.000281212343501     0.001076423932342     0.000147125397951
     0.001899271272543     0.000147125397951    -0.003277611648351
9 14
    -0.008347085563595     0.000000000000001     0.000000000000000
     0.000000000000001     0.003540976838450     0.001335796831575
     0.000000000000000     0.001335796831575     0.002559798838772
9 15
    -0.000335360873919    -0.003361782349346    -0.000800064069045
    -0.003361782349346    -0.003548231874913    -0.000073205665328
    -0.000800064069045    -0.000073205665328     0.001235033617923
9 16
    -0.001703887817559     0.000000000000001     0.000000000000000
     0.000000000000001    -0.000912573053575    -0.001725337680135
     0.000000000000000    -0.001725337680135    -0.002193011325349
9 17
     0.000459080255110    -0.001071389562275     0.001023388996079
    -0.001071389562275     0.000566425373052     0.001850554302945
     0.001023388996079     0.001850554302945     0.000757523393442
9 18
    -0.004805990622492    -0.000545541510326    -0.000227357365668
    -0.000545541510326     0.000977481315373    -0.000680132842722
    -0.000227357365668    -0.000680132842722    -0.000036239688740
9 19
    -0.001090415518593    -0.002064326432006     0.000889872867329
    -0.002064326432006    -0.002377308082713    -0.000047423486542
     0.000889872867329    -0.000047423486542     0.000287759341324
9 20
    -0.004805990622492     0.000545541510328     0.000227357365669
     0.000545541510328     0.000977481315373    -0.000680132842722
     0.000227357365669    -0.000680132842722    -0.000036239688740
9 21
     0.012061844711517     0.009549048812179     0.007193328170446
     0.009549048812179    -0.011285352147877    -0.027555841570741
     0.007193328170446    -0.027555841570741    -0.034061120699820
9 22
    -0.001090415518593     0.002064326432008    -0.000889872867329
     0.002064326432008    -0.002377308082714    -0.000047423486542
    -0.000889872867329    -0.000047423486542     0.000287759341324
9 23
     0.012061844711521    -0.009549048812176    -0.007193328170439
    -0.009549048812176    -0.011285352147874    -0.027555841570739
    -0.007193328170439    -0.027555841570739    -0.034061120699820
9 24
     0.000459080255110     0.001071389562276    -0.001023388996079
     0.001071389562276     0.000566425373052     0.001850554302945
    -0.001023388996079     0.001850554302945     0.000757523393442
9 25
    -0.008593353804674    -0.001401223890916     0.020004980985588
     0.004446826223189     0.008503432100224    -0.005779129961685
     0.016923017451500     0.001661734300182    -0.018892086146999
9 26
    -0.003077296650134     0.001130935142518    -0.002093639749706
     0.000108109037190     0.000380505812523     0.000954533031652
    -0.000089822403931     0.000841881184010     0.000109746398751
9 27
    -0.002414598020913    -0.003810106984041    -0.005059339068997
    -0.004495849517754    -0.007498519178727    -0.009933844416067
    -0.002643409029928    -0.003859571581086    -0.005145096956342
9 28
     0.000230359072328     0.002216031041017    -0.000411420300993
     0.001896544624373    -0.002695447115096     0.002132750929274
     0.000961808261288     0.000845335243523     0.001032004752675
9 29
     0.005548020118790    -0.009565749932339     0.009900612844049
    -0.003717699818230    -0.005637941823231     0.013824895871590
     0.004997617134199     0.020214386716581    -0.018892086146995
9 30
    -0.009824123555921     0.000467784578163    -0.004664191551909
    -0.000217957955553    -0.000088993643724    -0.000359473581968
    -0.011132631156056     0.000585406047925    -0.005145096956340
9 31
     0.000052577064877    -0.000676098289373     0.000684179290356
    -0.001698924394700    -0.002749367902486    -0.000498729075638
    -0.000220170020690    -0.002290411725445     0.000109746398751
9 32
    -0.000183198067635     0.002454798367100     0.001212985926250
     0.002135311950456    -0.002281889975133     0.000410282766083
     0.001641306334200    -0.001422675896930     0.001032004752675
9 33
     0.006527092332494    -0.007637558541225     0.003541675151996
     0.002492792474425    -0.028833024805360     0.005026372341778
     0.003046714610592    -0.005568019514958     0.006705539629256
9 34
    -0.001007820244809     0.001419766886294    -0.001144969429336
    -0.000998673316955    -0.001250938730418    -0.003066294631036
    -0.003227973760634     0.000541574703157    -0.004379879442070
9 35
     0.000494000364095    -0.000568221454995     0.000567149880460
    -0.000981529754814     0.001388749642256    -0.001314753966675
    -0.000855035394638     0.001148543187569    -0.003661614153979
9 36
    -0.022220744576098     0.008960012836570    -0.003298689043422
     0.019090363852210    -0.000085187896785     0.005422542008329
     0.006123803712861     0.000553994482689     0.006705539629256
9 37
     0.000953173168818    -0.000047804925752     0.000800979965938
     0.000328627555024    -0.000408342531001    -0.002641178283334
    -0.000074367734855    -0.000636508491119    -0.004041965132312
9 38
    -0.003472587783943     0.002735424733400    -0.001324417842617
    -0.000273722542970    -0.004893852206248     0.000836506714309
     0.000062227143719    -0.001565232854088     0.001280580006093
9 39
    -0.042555864227281    -0.031586973247251    -0.001618815726668
    -0.029156654242139    -0.007485514544712    -0.000806636301480
    -0.001507975392035    -0.000998617392600     0.014136424322636
9 40
     0.000053636159406     0.000471543008778    -0.000588416390461
     0.000847975489553     0.000491194478411     0.000253849897953
    -0.001886837506322     0.002014258140092    -0.004041965132311
9 41
    -0.022220744576094    -0.008960012836565     0.003298689043423
    -0.019090363852214    -0.000085187896783     0.005422542008331
    -0.006123803712861     0.000553994482690     0.006705539629256
9 42
     0.000053636159407    -0.000471543008777     0.000588416390460
    -0.000847975489553     0.000491194478410     0.000253849897954
     0.001886837506322     0.002014258140091    -0.004041965132311
9 43
    -0.001007820244808    -0.001419766886294     0.001144969429336
     0.000998673316956    -0.001250938730419    -0.003066294631036
     0.003227973760634     0.000541574703156    -0.004379879442070
9 44
    -0.003472587783941    -0.002735424733399     0.001324417842618
     0.000273722542971    -0.004893852206250     0.000836506714309
    -0.000062227143719    -0.001565232854087     0.001280580006093
9 45
     0.000494000364096     0.000568221454995    -0.000567149880460
     0.000981529754814     0.001388749642256    -0.001314753966675
     0.000855035394638     0.001148543187569    -0.003661614153979
9 46
    -0.042555864227277     0.031586973247253     0.001618815726671
     0.029156654242141    -0.007485514544716    -0.000806636301482
     0.001507975392031    -0.000998617392599     0.014136424322636
9 47
     0.006527092332492     0.007637558541220    -0.003541675151995
    -0.002492792474419    -0.028833024805363     0.005026372341779
    -0.003046714610591    -0.005568019514956     0.006705539629256
9 48
     0.000953173168818     0.000047804925753    -0.000800979965939
    -0.000328627555023    -0.000408342531001    -0.002641178283334
     0.000074367734855    -0.000636508491119    -0.004041965132312
9 49
    -0.005309418669883     0.001691139257514     0.003380466639273
     0.002103863255588    -0.001091703609866     0.009535846992156
     0.003593843157573     0.003462289403568     0.012136787345877
9 50
    -0.005981230501330    -0.011791558438851     0.002129518777931
    -0.010259787228528     0.008275510763610    -0.005801025797279
    -0.000280732653594    -0.003193837620032    -0.006706794915165
9 51
    -0.045631076824626     0.040078245051573     0.021266172773931
     0.037718913859294    -0.067048993641874    -0.025942610174459
     0.025095409785297    -0.035136453328602    -0.031153425239740
9 52
    -0.000211803596063    -0.000370626227114     0.001689904248732
     0.000160862373105     0.000021372819743     0.000597055194036
     0.001234136407412    -0.000017068825653     0.003170658957266
9 53
     0.003275824573361     0.006598318867888    -0.002894172308300
     0.004259671389306     0.006032371896997    -0.003634227112250
     0.001338164237371     0.001796567462630    -0.002914610787855
9 54
     0.001711989535841    -0.002315561612913    -0.002193365342787
     0.000172633614372     0.000223785289387     0.000885364915941
    -0.001625662221200     0.001430759183724     0.003793219688731
9 55
     0.001818369798412     0.002756927238820    -0.002771708738434
     0.000915502197293     0.001714681249082    -0.001339188568203
    -0.002886517174761    -0.004835404418300     0.005558190341687
9 56
     0.010864729608710     0.002264526507604     0.003561260188660
     0.003675930295499    -0.000292200889577     0.001919840691497
     0.000793668020505     0.001802900351519    -0.003579706384370
9 57
    -0.045631076824618    -0.040078245051565    -0.021266172773928
    -0.037718913859280    -0.067048993641868    -0.025942610174456
    -0.025095409785289    -0.035136453328598    -0.031153425239738
9 58
     0.001818369798413    -0.002756927238820     0.002771708738435
    -0.000915502197293     0.001714681249082    -0.001339188568203
     0.002886517174762    -0.004835404418300     0.005558190341687
9 59
    -0.005309418669883    -0.001691139257512    -0.003380466639273
    -0.002103863255588    -0.001091703609866     0.009535846992156
    -0.003593843157574     0.003462289403568     0.012136787345877
9 60
     0.003275824573362    -0.006598318867888     0.002894172308299
    -0.004259671389306     0.006032371896997    -0.003634227112249
    -0.001338164237371     0.001796567462630    -0.002914610787855
9 61
    -0.000211803596063     0.000370626227115    -0.001689904248732
    -0.000160862373105     0.000021372819742     0.000597055194036
    -0.001234136407412    -0.000017068825653     0.003170658957267
9 62
     0.010864729608711    -0.002264526507605    -0.003561260188661
    -0.003675930295499    -0.000292200889577     0.001919840691497
    -0.000793668020505     0.001802900351519    -0.003579706384370
9 63
    -0.005981230501332     0.011791558438852    -0.002129518777930
     0.010259787228528     0.008275510763608    -0.005801025797280
     0.000280732653595    -0.003193837620032    -0.006706794915165
9 64
     0.001711989535840     0.002315561612913     0.002193365342788
    -0.000172633614372     0.000223785289386     0.000885364915941
     0.001625662221200     0.001430759183724     0.003793219688731
9 65
    -0.006383553297033     0.005329368208645    -0.003522148364252
     0.004050311531559    -0.004369961527378    -0.002381063214370
    -0.004433120421875    -0.006358673504791     0.008675633412473
9 66
     0.012075012475488     0.000064751111067     0.004786706563996
     0.002269828244749    -0.007978815880634    -0.002230807643329
     0.006501758296945    -0.003221161867159    -0.004741657898291
9 67
     0.000369573319070     0.004409794472193    -0.000200837406272
     0.001755776991139     0.009362955885103     0.001669739219288
    -0.000002733675217     0.004115065332100    -0.001319807228282
9 68
     0.003312868540580    -0.000951648784039    -0.001429535767028
    -0.005646747262931     0.002455996320426     0.003608082019283
    -0.002849884333710     0.001503652160641     0.003308307226282
9 69
    -0.033019807010597    -0.002490914832194     0.014697331667616
    -0.001020737494106    -0.018880370363564    -0.001374030109063
     0.005054357576499     0.001194140384985    -0.028824467067113
9 70
     0.003466850255823    -0.004458024830078     0.002676866886736
    -0.000079000985657    -0.000743853751019     0.000465651934764
     0.002506427222797    -0.004264646882413     0.004568454230583
9 71
    -0.000370007158932     0.002059272239117     0.001049995626257
     0.004899323167089     0.006193796020992     0.005292656001938
     0.005815417691171     0.008961473438367     0.006706373623904
9 72
     0.000380064408383    -0.002980203895348     0.001306037933434
    -0.003311466853613     0.006518984185144    -0.005291258096855
    -0.000651581359635     0.001135869985145    -0.003235402395294
9 73
     0.003466850255823     0.004458024830079    -0.002676866886736
     0.000079000985657    -0.000743853751018     0.000465651934764
    -0.002506427222796    -0.004264646882412     0.004568454230583
9 74
     0.012075012475488    -0.000064751111069    -0.004786706563996
    -0.002269828244747    -0.007978815880634    -0.002230807643329
    -0.006501758296944    -0.003221161867158    -0.004741657898291
9 75
     0.000380064408383     0.002980203895349    -0.001306037933434
     0.003311466853613     0.006518984185144    -0.005291258096856
     0.000651581359635     0.001135869985145    -0.003235402395294
9 76
     0.003312868540580     0.000951648784040     0.001429535767028
     0.005646747262931     0.002455996320426     0.003608082019283
     0.002849884333710     0.001503652160641     0.003308307226282
9 77
    -0.033019807010596     0.002490914832200    -0.014697331667614
     0.001020737494110    -0.018880370363564    -0.001374030109063
    -0.005054357576498     0.001194140384986    -0.028824467067113
9 78
    -0.006383553297032    -0.005329368208643     0.003522148364252
    -0.004050311531557    -0.004369961527377    -0.002381063214370
     0.004433120421876    -0.006358673504792     0.008675633412473
9 79
    -0.000370007158931    -0.002059272239117    -0.001049995626257
    -0.004899323167090     0.006193796020993     0.005292656001939
    -0.005815417691173     0.008961473438368     0.006706373623905
9 80
     0.000369573319071    -0.004409794472193     0.000200837406272
    -0.001755776991140     0.009362955885103     0.001669739219288
     0.000002733675217     0.004115065332100    -0.001319807228282
17 1
    -0.022220744576094    -0.008960012836565     0.003298689043423
    -0.019090363852214    -0.000085187896783     0.005422542008331
    -0.006123803712861     0.000553994482690     0.006705539629256
17 2
     0.000053636159407    -0.000471543008777     0.000588416390460
    -0.000847975489553     0.000491194478410     0.000253849897954
     0.001886837506322     0.002014258140091    -0.004041965132311
17 3
    -0.001007820244808    -0.001419766886294     0.001144969429336
     0.000998673316956    -0.001250938730419    -0.003066294631036
     0.003227973760634     0.000541574703156    -0.004379879442070
17 4
    -0.003472587783941    -0.002735424733399     0.001324417842618
     0.000273722542971    -0.004893852206250     0.000836506714309
    -0.000062227143719    -0.001565232854087     0.001280580006093
17 5
     0.000494000364096     0.000568221454995    -0.000567149880460
     0.000981529754814     0.001388749642256    -0.001314753966675
     0.000855035394638     0.001148543187569    -0.003661614153979
17 6
    -0.042555864227277     0.031586973247253     0.001618815726671
     0.029156654242141    -0.007485514544716    -0.000806636301482
     0.001507975392031    -0.000998617392599     0.014136424322636
17 7
     0.006527092332492     0.007637558541220    -0.003541675151995
    -0.002492792474419    -0.028833024805363     0.005026372341779
    -0.003046714610591    -0.005568019514956     0.006705539629256
17 8
     0.000953173168818     0.000047804925753    -0.000800979965939
    -0.000328627555023    -0.000408342531001    -0.002641178283334
     0.000074367734855    -0.000636508491119    -0.004041965132312
17 9
     0.000459080255110    -0.001071389562275     0.001023388996079
    -0.001071389562275     0.000566425373052     0.001850554302945
     0.001023388996079     0.001850554302945     0.000757523393442
17 10
    -0.004805990622492    -0.000545541510326    -0.000227357365668
    -0.000545541510326     0.000977481315373    -0.000680132842722
    -0.000227357365668    -0.000680132842722    -0.000036239688740
17 11
    -0.001090415518593    -0.002064326432006     0.000889872867329
    -0.002064326432006    -0.002377308082713    -0.000047423486542
     0.000889872867329    -0.000047423486542     0.000287759341324
17 12
    -0.004805990622492     0.000545541510328     0.000227357365669
     0.000545541510328     0.000977481315373    -0.000680132842722
     0.000227357365669    -0.000680132842722    -0.000036239688740
17 13
     0.012061844711517     0.009549048812179     0.007193328170446
     0.009549048812179    -0.011285352147877    -0.027555841570741
     0.007193328170446    -0.027555841570741    -0.034061120699820
17 14
    -0.001090415518593     0.002064326432008    -0.000889872867329
     0.002064326432008    -0.002377308082714    -0.000047423486542
    -0.000889872867329    -0.000047423486542     0.000287759341324
17 15
     0.012061844711521    -0.009549048812176    -0.007193328170439
    -0.009549048812176    -0.011285352147874    -0.027555841570739
    -0.007193328170439    -0.027555841570739    -0.034061120699820
17 16
     0.000459080255110     0.001071389562276    -0.001023388996079
     0.001071389562276     0.000566425373052     0.001850554302945
    -0.001023388996079     0.001850554302945     0.000757523393442
17 17
     0.274967062406572    -0.000000000000047    -0.000000000000023
    -0.000000000000047     0.256524027847145     0.098647247424316
    -0.000000000000023     0.098647247424316     0.213219668265949
17 18
    -0.000226959383092     0.000281212343502    -0.001899271272543
     0.000281212343502     0.001076423932342     0.000147125397951
    -0.001899271272543     0.000147125397951    -0.003277611648351
17 19
     0.001204200224277     0.000000000000001     0.000000000000001
     0.000000000000001    -0.004468141556667    -0.006423126248305
     0.000000000000001    -0.006423126248305    -0.008104241877806
17 20
    -0.000335360873921     0.003361782349348     0.000800064069045
     0.003361782349348    -0.003548231874914    -0.000073205665328
     0.000800064069045    -0.000073205665328     0.001235033617923
17 21
    -0.000226959383092    -0.000281212343501     0.001899271272543
    -0.000281212343501     0.001076423932342     0.000147125397951
     0.001899271272543     0.000147125397951    -0.003277611648351
17 22
    -0.008347085563595     0.000000000000001     0.000000000000000
     0.000000000000001     0.003540976838450     0.001335796831575
     0.000000000000000     0.001335796831575     0.002559798838772
17 23
    -0.000335360873919    -0.003361782349346    -0.000800064069045
    -0.003361782349346    -0.003548231874913    -0.000073205665328
    -0.000800064069045    -0.000073205665328     0.001235033617923
17 24
    -0.001703887817559     0.000000000000001     0.000000000000000
     0.000000000000001    -0.000912573053575    -0.001725337680135
     0.000000000000000    -0.001725337680135    -0.002193011325349
17 25
     0.006527092332494    -0.007637558541225     0.003541675151996
     0.002492792474425    -0.028833024805360     0.005026372341778
     0.003046714610592    -0.005568019514958     0.006705539629256
17 26
    -0.001007820244809     0.001419766886294    -0.001144969429336
    -0.000998673316955    -0.001250938730418    -0.003066294631036
    -0.003227973760634     0.000541574703157    -0.004379879442070
17 27
     0.000494000364095    -0.000568221454995     0.000567149880460
    -0.000981529754814     0.001388749642256    -0.001314753966675
    -0.000855035394638     0.001148543187569    -0.003661614153979
17 28
    -0.022220744576098     0.008960012836570    -0.003298689043422
     0.019090363852210    -0.000085187896785     0.005422542008329
     0.006123803712861     0.000553994482689     0.006705539629256
17 29
     0.000953173168818    -0.000047804925752     0.000800979965938
     0.000328627555024    -0.000408342531001    -0.002641178283334
    -0.000074367734855    -0.000636508491119    -0.004041965132312
17 30
    -0.003472587783943     0.002735424733400    -0.001324417842617
    -0.000273722542970    -0.004893852206248     0.000836506714309
     0.000062227143719    -0.001565232854088     0.001280580006093
17 31
    -0.042555864227281    -0.031586973247251    -0.001618815726668
    -0.029156654242139    -0.007485514544712    -0.000806636301480
    -0.001507975392035    -0.000998617392600     0.014136424322636
17 32
     0.000053636159406     0.000471543008778    -0.000588416390461
     0.000847975489553     0.000491194478411     0.000253849897953
    -0.001886837506322     0.002014258140092    -0.004041965132311
17 33
    -0.008593353804674    -0.001401223890916     0.020004980985588
     0.004446826223189     0.008503432100224    -0.005779129961685
     0.016923017451500     0.001661734300182    -0.018892086146999
17 34
    -0.003077296650134     0.001130935142518    -0.002093639749706
     0.000108109037190     0.000380505812523     0.000954533031652
    -0.000089822403931     0.000841881184010     0.000109746398751
17 35
    -0.002414598020913    -0.003810106984041    -0.005059339068997
    -0.004495849517754    -0.007498519178727    -0.009933844416067
    -0.002643409029928    -0.003859571581086    -0.005145096956342
17 36
     0.000230359072328     0.002216031041017    -0.000411420300993
     0.001896544624373    -0.002695447115096     0.002132750929274
     0.000961808261288     0.000845335243523     0.001032004752675
17 37
     0.005548020118790    -0.009565749932339     0.009900612844049
    -0.003717699818230    -0.005637941823231     0.013824895871590
     0.004997617134199     0.020214386716581    -0.018892086146995
17 38
    -0.009824123555921     0.000467784578163    -0.004664191551909
    -0.000217957955553    -0.000088993643724    -0.000359473581968
    -0.011132631156056     0.000585406047925    -0.005145096956340
17 39
     0.000052577064877    -0.000676098289373     0.000684179290356
    -0.001698924394700    -0.002749367902486    -0.000498729075638
    -0.000220170020690    -0.002290411725445     0.000109746398751
17 40
    -0.000183198067635     0.002454798367100     0.001212985926250
     0.002135311950456    -0.002281889975133     0.000410282766083
     0.001641306334200    -0.001422675896930     0.001032004752675
17 41
     0.005548020118789     0.009565749932337    -0.009900612844047
     0.003717699818232    -0.005637941823233     0.013824895871593
    -0.004997617134201     0.020214386716583    -0.018892086146996
17 42
    -0.008593353804672     0.001401223890918    -0.020004980985586
    -0.004446826223190     0.008503432100226    -0.005779129961686
    -0.016923017451499     0.001661734300184    -0.018892086146998
17 43
     0.000052577064877     0.000676098289373    -0.000684179290356
     0.001698924394701    -0.002749367902487    -0.000498729075638
     0.000220170020691    -0.002290411725444     0.000109746398751
17 44
    -0.002414598020912     0.003810106984041     0.005059339068996
     0.004495849517757    -0.007498519178729    -0.009933844416068
     0.002643409029929    -0.003859571581086    -0.005145096956341
17 45
    -0.009824123555918    -0.000467784578161     0.004664191551909
     0.000217957955552    -0.000088993643724    -0.000359473581967
     0.011132631156056     0.000585406047923    -0.005145096956341
17 46
    -0.003077296650133    -0.001130935142516     0.002093639749706
    -0.000108109037190     0.000380505812522     0.000954533031653
     0.000089822403931     0.000841881184010     0.000109746398751
17 47
    -0.000183198067634    -0.002454798367099    -0.001212985926250
    -0.002135311950455    -0.002281889975133     0.000410282766083
    -0.001641306334200    -0.001422675896930     0.001032004752675
17 48
     0.000230359072329    -0.002216031041016     0.000411420300993
    -0.001896544624372    -0.002695447115097     0.002132750929274
    -0.000961808261288     0.000845335243523     0.001032004752675
17 49
     0.003466850255823     0.004458024830079    -0.002676866886736
     0.000079000985657    -0.000743853751018     0.000465651934764
    -0.002506427222796    -0.004264646882412     0.004568454230583
17 50
     0.012075012475488    -0.000064751111069    -0.004786706563996
    -0.002269828244747    -0.007978815880634    -0.002230807643329
    -0.006501758296944    -0.003221161867158    -0.004741657898291
17 51
     0.000380064408383     0.002980203895349    -0.001306037933434
     0.003311466853613     0.006518984185144    -0.005291258096856
     0.000651581359635     0.001135869985145    -0.003235402395294
17 52
     0.003312868540580     0.000951648784040     0.001429535767028
     0.005646747262931     0.002455996320426     0.003608082019283
     0.002849884333710     0.001503652160641     0.003308307226282
17 53
    -0.033019807010596     0.002490914832200    -0.014697331667614
     0.001020737494110    -0.018880370363564    -0.001374030109063
    -0.005054357576498     0.001194140384986    -0.028824467067113
17 54
    -0.006383553297032    -0.005329368208643     0.003522148364252
    -0.004050311531557    -0.004369961527377    -0.002381063214370
     0.004433120421876    -0.006358673504792     0.008675633412473
17 55
    -0.000370007158931    -0.002059272239117    -0.001049995626257
    -0.004899323167090     0.006193796020993     0.005292656001939
    -0.005815417691173     0.008961473438368     0.006706373623905
17 56
     0.000369573319071    -0.004409794472193     0.000200837406272
    -0.001755776991140     0.009362955885103     0.001669739219288
     0.000002733675217     0.004115065332100    -0.001319807228282
17 57
    -0.006383553297033     0.005329368208645    -0.003522148364252
     0.004050311531559    -0.004369961527378    -0.002381063214370
    -0.004433120421875    -0.006358673504791     0.008675633412473
17 58
     0.012075012475488     0.000064751111067     0.004786706563996
     0.002269828244749    -0.007978815880634    -0.002230807643329
     0.006501758296945    -0.003221161867159    -0.004741657898291
17 59
     0.000369573319070     0.004409794472193    -0.000200837406272
     0.001755776991139     0.009362955885103     0.001669739219288
    -0.000002733675217     0.004115065332100    -0.001319807228282
17 60
     0.003312868540580    -0.000951648784039    -0.001429535767028
    -0.005646747262931     0.002455996320426     0.003608082019283
    -0.002849884333710     0.001503652160641     0.003308307226282
17 61
    -0.033019807010597    -0.002490914832194     0.014697331667616
    -0.001020737494106    -0.018880370363564    -0.001374030109063
     0.005054357576499     0.001194140384985    -0.028824467067113
17 62
     0.003466850255823    -0.004458024830078     0.002676866886736
    -0.000079000985657    -0.000743853751019     0.000465651934764
     0.002506427222797    -0.004264646882413     0.004568454230583
17 63
    -0.000370007158932     0.002059272239117     0.001049995626257
     0.004899323167089     0.006193796020992     0.005292656001938
     0.005815417691171     0.008961473438367     0.006706373623904
17 64
     0.000380064408383    -0.002980203895348     0.001306037933434
    -0.003311466853613     0.006518984185144    -0.005291258096855
    -0.000651581359635     0.001135869985145    -0.003235402395294
17 65
    -0.045631076824618    -0.040078245051565    -0.021266172773928
    -0.037718913859280    -0.067048993641868    -0.025942610174456
    -0.025095409785289    -0.035136453328598    -0.031153425239738
17 66
     0.001818369798413    -0.002756927238820     0.002771708738435
    -0.000915502197293     0.001714681249082    -0.001339188568203
     0.002886517174762    -0.004835404418300     0.005558190341687
17 67
    -0.005309418669883    -0.001691139257512    -0.003380466639273
    -0.002103863255588    -0.001091703609866     0.009535846992156
    -0.003593843157574     0.003462289403568     0.012136787345877
17 68
     0.003275824573362    -0.006598318867888     0.002894172308299
    -0.004259671389306     0.006032371896997    -0.003634227112249
    -0.001338164237371     0.001796567462630    -0.002914610787855
17 69
    -0.000211803596063     0.000370626227115    -0.001689904248732
    -0.000160862373105     0.000021372819742     0.000597055194036
    -0.001234136407412    -0.000017068825653     0.003170658957267
17 70
     0.010864729608711    -0.002264526507605    -0.003561260188661
    -0.003675930295499    -0.000292200889577     0.001919840691497
    -0.000793668020505     0.001802900351519    -0.003579706384370
17 71
    -0.005981230501332     0.011791558438852    -0.002129518777930
     0.010259787228528     0.008275510763608    -0.005801025797280
     0.000280732653595    -0.003193837620032    -0.006706794915165
17 72
     0.001711989535840     0.002315561612913     0.002193365342788
    -0.000172633614372     0.000223785289386     0.000885364915941
     0.001625662221200     0.001430759183724     0.003793219688731
17 73
    -0.005309418669883     0.001691139257514     0.003380466639273
     0.002103863255588    -0.001091703609866     0.009535846992156
     0.003593843157573     0.003462289403568     0.012136787345877
17 74
    -0.005981230501330    -0.011791558438851     0.002129518777931
    -0.010259787228528     0.008275510763610    -0.005801025797279
    -0.000280732653594    -0.003193837620032    -0.006706794915165
17 75
    -0.045631076824626     0.040078245051573     0.021266172773931
     0.037718913859294    -0.067048993641874    -0.025942610174459
     0.025095409785297    -0.035136453328602    -0.031153425239740
17 76
    -0.000211803596063    -0.000370626227114     0.001689904248732
     0.000160862373105     0.000021372819743     0.000597055194036
     0.001234136407412    -0.000017068825653     0.003170658957266
17 77
     0.003275824573361     0.006598318867888    -0.002894172308300
     0.004259671389306     0.006032371896997    -0.003634227112250
     0.001338164237371     0.001796567462630    -0.002914610787855
17 78
     0.001711989535841    -0.002315561612913    -0.002193365342787
     0.000172633614372     0.000223785289387     0.000885364915941
    -0.001625662221200     0.001430759183724     0.003793219688731
17 79
     0.001818369798412     0.002756927238820    -0.002771708738434
     0.000915502197293     0.001714681249082    -0.001339188568203
    -0.002886517174761    -0.004835404418300     0.005558190341687
17 80
     0.010864729608710     0.002264526507604     0.003561260188660
     0.003675930295499    -0.000292200889577     0.001919840691497
     0.000793668020505     0.001802900351519    -0.003579706384370
25 1
    -0.017765246465717     0.011532395869965     0.002582128560865
     0.021662746885614    -0.004540686007159    -0.005580366824471
    -0.006345403654014     0.000145477506624     0.006705539629255
25 2
     0.001836124281336     0.000206654149909    -0.001422185275097
    -0.000206654149910     0.000046625725016     0.000166210779106
     0.001422185275098     0.000166210779106    -0.003661614153979
25 3
    -0.000189563371500     0.000331131694142    -0.002687817472260
     0.000707564174918     0.000734394009317     0.000626920143242
    -0.000514048655606     0.000382658593165    -0.004041965132311
25 4
     0.010049660296563    -0.001215159502558     0.000110840334637
     0.001215159502554    -0.060091039068536     0.001805253694073
    -0.000110840334635     0.001805253694077     0.014136424322636
25 5
    -0.001372497973225     0.001209220101624    -0.002083004331297
    -0.001209220101625    -0.000886261002002     0.002524719927880
     0.002083004331298     0.002524719927879    -0.004379879442070
25 6
    -0.017765246465719    -0.021662746885610     0.006345403654013
    -0.011532395869971    -0.004540686007162     0.000145477506624
    -0.002582128560865    -0.005580366824470     0.006705539629255
25 7
    -0.005604484417406     0.001504573638184     0.001386644986337
    -0.001504573638186    -0.002761955572786     0.000728726139778
    -0.001386644986337     0.000728726139777     0.001280580006094
25 8
    -0.000189563371500    -0.000707564174918     0.000514048655606
    -0.000331131694143     0.000734394009317     0.000382658593166
     0.002687817472261     0.000626920143242    -0.004041965132311
25 9
    -0.008593353804674     0.004446826223189     0.016923017451500
    -0.001401223890916     0.008503432100224     0.001661734300182
     0.020004980985588    -0.005779129961685    -0.018892086146999
25 10
    -0.003077296650134     0.000108109037190    -0.000089822403931
     0.001130935142518     0.000380505812523     0.000841881184010
    -0.002093639749706     0.000954533031652     0.000109746398751
25 11
    -0.002414598020913    -0.004495849517754    -0.002643409029928
    -0.003810106984041    -0.007498519178727    -0.003859571581086
    -0.005059339068997    -0.009933844416067    -0.005145096956342
25 12
     0.000230359072328     0.001896544624373     0.000961808261288
     0.002216031041017    -0.002695447115096     0.000845335243523
    -0.000411420300993     0.002132750929274     0.001032004752675
25 13
     0.005548020118790    -0.003717699818230     0.004997617134199
    -0.009565749932339    -0.005637941823231     0.020214386716581
     0.009900612844049     0.013824895871590    -0.018892086146995
25 14
    -0.009824123555921    -0.000217957955553    -0.011132631156056
     0.000467784578163    -0.000088993643724     0.000585406047925
    -0.004664191551909    -0.000359473581968    -0.005145096956340
25 15
     0.000052577064877    -0.001698924394700    -0.000220170020690
    -0.000676098289373    -0.002749367902486    -0.002290411725445
     0.000684179290356    -0.000498729075638     0.000109746398751
25 16
    -0.000183198067635     0.002135311950456     0.001641306334200
     0.002454798367100    -0.002281889975133    -0.001422675896930
     0.001212985926250     0.000410282766083     0.001032004752675
25 17
     0.006527092332494     0.002492792474425     0.003046714610592
    -0.007637558541225    -0.028833024805360    -0.005568019514958
     0.003541675151996     0.005026372341778     0.006705539629256
25 18
    -0.001007820244809    -0.000998673316955    -0.003227973760634
     0.001419766886294    -0.001250938730418     0.000541574703157
    -0.001144969429336    -0.003066294631036    -0.004379879442070
25 19
     0.000494000364095    -0.000981529754814    -0.000855035394638
    -0.000568221454995     0.001388749642256     0.001148543187569
     0.000567149880460    -0.001314753966675    -0.003661614153979
25 20
    -0.022220744576098     0.019090363852210     0.006123803712861
     0.008960012836570    -0.000085187896785     0.000553994482689
    -0.003298689043422     0.005422542008329     0.006705539629256
25 21
     0.000953173168818     0.000328627555024    -0.000074367734855
    -0.000047804925752    -0.000408342531001    -0.000636508491119
     0.000800979965938    -0.002641178283334    -0.004041965132312
25 22
    -0.003472587783943    -0.000273722542970     0.000062227143719
     0.002735424733400    -0.004893852206248    -0.001565232854088
    -0.001324417842617     0.000836506714309     0.001280580006093
25 23
    -0.042555864227281    -0.029156654242139    -0.001507975392035
    -0.031586973247251    -0.007485514544712    -0.000998617392600
    -0.001618815726668    -0.000806636301480     0.014136424322636
25 24
     0.000053636159406     0.000847975489553    -0.001886837506322
     0.000471543008778     0.000491194478411     0.002014258140092
    -0.000588416390461     0.000253849897953    -0.004041965132311
25 25
     0.261134786487118     0.007986068225648     0.085431022282879
     0.007986068225648     0.270356303766594    -0.049323623712109
     0.085431022282879    -0.049323623712109     0.213219668265927
25 26
    -0.003050056111433     0.002456196040623    -0.005562590502748
     0.002456196040623    -0.000213885220958     0.003211563124152
    -0.005562590502748     0.003211563124152    -0.008104241877804
25 27
     0.000994115136813    -0.000423775359267    -0.000822221304104
    -0.000423775359267    -0.000144650587563    -0.001718379869676
    -0.000822221304104    -0.001718379869676    -0.003277611648352
25 28
     0.000166374791862     0.003072105127644     0.000336634068648
     0.003072105127644    -0.004049967540694     0.000729478641111
     0.000336634068648     0.000729478641111     0.001235033617923
25 29
     0.000507041070153    -0.000704987702769     0.001077049968439
    -0.000704987702769     0.000342423479098     0.001571254471724
     0.001077049968439     0.001571254471724    -0.003277611648351
25 30
    -0.005656403041197    -0.000289677221702    -0.000463430000397
    -0.000289677221702     0.001772810292360    -0.000656272975784
    -0.000463430000397    -0.000656272975784     0.001235033617923
25 31
     0.000568961237938    -0.005147682020973     0.001156833990439
    -0.005147682020973    -0.005375069963080    -0.000667898415788
     0.001156833990439    -0.000667898415788     0.002559798838772
25 32
    -0.001110401744573    -0.000342649344000    -0.001494186261104
    -0.000342649344000    -0.001506059126561     0.000862668840067
    -0.001494186261104     0.000862668840067    -0.002193011325349
25 33
     0.001467439671846     0.000489212981583     0.001090932539394
     0.000489212981583    -0.000441934043684    -0.001811558020030
     0.001090932539394    -0.001811558020030     0.000757523393441
25 34
    -0.000267825809863     0.001589404042238    -0.000486006377746
     0.001589404042238    -0.003199897791442    -0.000746940765975
    -0.000486006377746    -0.000746940765975     0.000287759341324
25 35
    -0.013718271786358     0.005335108387607    -0.027460722908147
     0.005335108387607     0.014494764349988     0.007548315852008
    -0.027460722908147     0.007548315852008    -0.034061120699815
25 36
     0.002821165920294     0.014884157199784    -0.020267394737703
     0.014884157199784    -0.002044673356651     0.020007525718726
    -0.020267394737703     0.020007525718726    -0.034061120699813
25 37
     0.000004066137668    -0.002231546054969    -0.000475333636912
    -0.002231546054969    -0.003832575444785     0.000536963675767
    -0.000475333636912     0.000536963675767    -0.000036239688739
25 38
    -0.000940839475857    -0.002777087565296    -0.000702691002581
    -0.002777087565296    -0.002887669831261     0.000143169166954
    -0.000702691002581     0.000143169166954    -0.000036239688740
25 39
    -0.003843344073508    -0.000474922389768     0.000403866489584
    -0.000474922389768     0.000375620472200     0.000794364252516
     0.000403866489584     0.000794364252516     0.000287759341324
25 40
    -0.000388261484715    -0.000582176580693     0.002114321535473
    -0.000582176580693     0.001413767112876    -0.000038996282915
     0.002114321535473    -0.000038996282915     0.000757523393442
25 41
     0.002910451129215    -0.011088551098473    -0.015007363851387
    -0.005240500984369    -0.003000372833660    -0.014435256754898
    -0.007022404607453    -0.015486630171775    -0.018892086147001
25 42
    -0.002630954222634     0.004620762829058    -0.006073292087058
     0.003935020295346    -0.007282162977006     0.009348438368142
    -0.002020782521980     0.004219045163052    -0.005145096956340
25 43
     0.002910451129217     0.005240500984366     0.007022404607451
     0.011088551098475    -0.003000372833659    -0.015486630171775
     0.015007363851388    -0.014435256754895    -0.018892086147000
25 44
    -0.001020466671161     0.002318446484553    -0.000774001694286
     0.001295620379227    -0.001676324166449    -0.000343152108372
    -0.001873469729015     0.001335878693791     0.000109746398751
25 45
    -0.001020466671161    -0.001295620379227     0.001873469729016
    -0.002318446484555    -0.001676324166449     0.001335878693791
     0.000774001694287    -0.000343152108372     0.000109746398751
25 46
    -0.003744793068848     0.000398510534405     0.002052726635193
     0.000079024117761     0.001279705026079    -0.000710075032344
     0.000251177664962    -0.001255618009607     0.001032004752675
25 47
    -0.002630954222634    -0.003935020295346     0.002020782521981
    -0.004620762829062    -0.007282162977007     0.004219045163053
     0.006073292087061     0.009348438368141    -0.005145096956339
25 48
    -0.003744793068848    -0.000079024117762    -0.000251177664961
    -0.000398510534406     0.001279705026079    -0.001255618009607
    -0.002052726635193    -0.000710075032344     0.001032004752675
25 49
    -0.001655767556335     0.002878543787147     0.001741699848195
    -0.001500480057275     0.004378764061138     0.002085408759081
    -0.002440078926941     0.004302953088883     0.004568454230584
25 50
     0.002259880890531    -0.004396779405607    -0.003929344963142
    -0.004065516447344     0.004639167702997     0.003776691077089
     0.000657901582714    -0.001132221002649    -0.003235402395294
25 51
    -0.023935819587247    -0.006265380078295     0.006158720853793
    -0.007735557416387    -0.027964357786912     0.013415277646530
     0.003561334697333     0.003780131868562    -0.028824467067112
25 52
     0.007566005424230     0.000317464165910     0.005108572364299
    -0.002522586762063    -0.001742216562166    -0.001737005114768
     0.010668572498554     0.000555562734988     0.006706373623904
25 53
    -0.001954456276961     0.010369745805559     0.000461417191919
     0.008164668671883     0.006050652871812     0.005260813306548
     0.000461271141812     0.007241268787997    -0.004741657898290
25 54
    -0.000186974924989    -0.003626111695962     0.002409922804122
     0.001068986782928     0.005955839785994    -0.003042055299505
    -0.000122741197284    -0.003219898311160     0.003308307226281
25 55
    -0.000811839002603     0.000833480783821    -0.003823135413788
     0.002112537460908    -0.009941675821805    -0.001859738352156
    -0.007723333000459    -0.000659858150984     0.008675633412474
25 56
     0.009784381001644    -0.003679864758762     0.001345617878461
    -0.001025847277709    -0.000051851797468    -0.001008799905505
     0.003562384278223    -0.002059900098234    -0.001319807228282
25 57
    -0.008934879936982    -0.002577302409193    -0.000300987049536
    -0.003856359086281    -0.001818634887430     0.004240801566525
    -0.003290212578583     0.007018531655773     0.008675633412475
25 58
     0.004444839485549    -0.004108633009374     0.001546455284733
    -0.006762650490430     0.005287689718625    -0.000660939313780
     0.003565117953440    -0.002055165233866    -0.001319807228282
25 59
    -0.020894639463408    -0.005979731253232    -0.008538610813822
    -0.004509553915145    -0.031005537910751    -0.012041247537471
    -0.001493022879166    -0.004974272253553    -0.028824467067114
25 60
     0.001539685027795    -0.006001884465165     0.004058576738041
    -0.003161833537194     0.004284103834265    -0.003555650887170
     0.004853154807381    -0.009517036173354     0.006706373623903
25 61
    -0.003976261306249     0.006997378993971    -0.004325289372077
     0.009202456127655     0.008072457901099    -0.003030005663216
    -0.006040487155133    -0.004020106920840    -0.004741657898291
25 62
     0.005527403675919     0.004368184806412     0.003839458571151
    -0.000326913672478     0.000241461185088    -0.000566026719776
     0.002727143136426     0.001716246150519     0.003308307226282
25 63
     0.002273412057718     0.000768032850593    -0.000935167038541
     0.005147056695016     0.000449584447086    -0.002551060693844
    -0.004946506149738    -0.000038306206473     0.004568454230583
25 64
     0.007708627591379    -0.000919681072863    -0.005235382896575
    -0.001250944031127    -0.000809578997850     0.001514567019769
     0.001309482942350    -0.000003648982497    -0.003235402395294
25 65
    -0.028007356458039     0.027543854161509    -0.011833873064588
     0.029903185353806    -0.084672714008446     0.031388350950710
    -0.017881356288810     0.039301489056729    -0.031153425239731
25 66
    -0.000502848082985    -0.000671211566636     0.009948519061444
    -0.001083935564712    -0.005898274196763    -0.001840353509822
     0.004795352157532     0.001381214769890     0.012136787345877
25 67
    -0.000127751697393     0.000112334986782     0.001362017089862
    -0.000419153613438    -0.000062679078927     0.001164972412348
     0.000602286167078     0.001077327893380     0.003170658957267
25 68
    -0.004837187320418    -0.010920300866990    -0.003959076319490
    -0.012452072077319     0.007131467582694     0.004744730258166
    -0.002906310841309     0.001353797200331    -0.006706794915164
25 69
     0.003330811979055     0.000042293297165    -0.002545625689740
     0.001883718338693     0.000202239068440    -0.001730775895274
    -0.005630841651201    -0.000082094992654     0.005558190341687
25 70
     0.010044882764477     0.000351553820505    -0.004594419156481
     0.002690201299088    -0.000736686294116    -0.000689313185792
     0.002224955180937     0.000260600492683    -0.002914610787855
25 71
     0.005069324985781     0.007021908714608     0.003443260904386
     0.005610504926717     0.005503203733351     0.002124221447119
     0.001958191515161    -0.000214113507831    -0.003579706384370
25 72
    -0.000332078691609     0.001352776955731    -0.000329934162569
    -0.001135418271554     0.002267853516836    -0.002342192564604
     0.000426242689204    -0.002123244373394     0.003793219688731
25 73
    -0.003789416666757    -0.002981436821261     0.006568052422171
    -0.002568712823188    -0.002611705612992    -0.007695493482334
     0.001201508999958    -0.004843504173458     0.012136787345876
25 74
    -0.095381672417109    -0.008995394101629    -0.033100045838520
    -0.011354725293915    -0.017298398049401    -0.005445740776263
    -0.042976766074107    -0.004165035728144    -0.031153425239737
25 75
     0.000641587367702    -0.002738793829508    -0.001700246848182
    -0.005077441308093     0.008666609102656     0.004323540298044
     0.000886790943565    -0.002057167955314    -0.002914610787855
25 76
     0.000150394793774     0.000047503620636     0.000226083048695
    -0.001793921420891     0.003382656253719     0.003069964463478
    -0.002744324476439     0.004917499410952     0.005558190341688
25 77
     0.014259838215168    -0.001426399243627    -0.006088595097420
     0.000105371966697    -0.011965557952884     0.001056295539115
    -0.002625578187714     0.001840040419699    -0.006706794915164
25 78
     0.000053909128975    -0.000314271686433    -0.000327887158870
     0.000217216913787    -0.000244339905295    -0.001762027606383
    -0.000631850240334    -0.001060259067728     0.003170658957266
25 79
     0.001523751393609    -0.000063954272283     0.001863431180218
     0.002424240955003     0.000412023431619     0.001456827648664
     0.002051904910404     0.000692485189669     0.003793219688731
25 80
    -0.000075261515791     0.002640276525163    -0.000117999284275
     0.004051680313058     0.010647790234922    -0.004044062138613
     0.001164523494655    -0.001588786843688    -0.003579706384371
33 1
     0.002910451129215    -0.011088551098473    -0.015007363851387
    -0.005240500984369    -0.003000372833660    -0.014435256754898
    -0.007022404607453    -0.015486630171775    -0.018892086147001
33 2
    -0.002630954222634     0.004620762829058    -0.006073292087058
     0.003935020295346    -0.007282162977006     0.009348438368142
    -0.002020782521980     0.004219045163052    -0.005145096956340
33 3
     0.002910451129217     0.005240500984366     0.007022404607451
     0.011088551098475    -0.003000372833659    -0.015486630171775
     0.015007363851388    -0.014435256754895    -0.018892086147000
33 4
    -0.001020466671161     0.002318446484553    -0.000774001694286
     0.001295620379227    -0.001676324166449    -0.000343152108372
    -0.001873469729015     0.001335878693791     0.000109746398751
33 5
    -0.001020466671161    -0.001295620379227     0.001873469729016
    -0.002318446484555    -0.001676324166449     0.001335878693791
     0.000774001694287    -0.000343152108372     0.000109746398751
33 6
    -0.003744793068848     0.000398510534405     0.002052726635193
     0.000079024117761     0.001279705026079    -0.000710075032344
     0.000251177664962    -0.001255618009607     0.001032004752675
33 7
    -0.002630954222634    -0.003935020295346     0.002020782521981
    -0.004620762829062    -0.007282162977007     0.004219045163053
     0.006073292087061     0.009348438368141    -0.005145096956339
33 8
    -0.003744793068848    -0.000079024117762    -0.000251177664961
    -0.000398510534406     0.001279705026079    -0.001255618009607
    -0.002052726635193    -0.000710075032344     0.001032004752675
33 9
     0.006527092332494     0.002492792474425     0.003046714610592
    -0.007637558541225    -0.028833024805360    -0.005568019514958
     0.003541675151996     0.005026372341778     0.006705539629256
33 10
    -0.001007820244809    -0.000998673316955    -0.003227973760634
     0.001419766886294    -0.001250938730418     0.000541574703157
    -0.001144969429336    -0.003066294631036    -0.004379879442070
33 11
     0.000494000364095    -0.000981529754814    -0.000855035394638
    -0.000568221454995     0.001388749642256     0.001148543187569
     0.000567149880460    -0.001314753966675    -0.003661614153979
33 12
    -0.022220744576098     0.019090363852210     0.006123803712861
     0.008960012836570    -0.000085187896785     0.000553994482689
    -0.003298689043422     0.005422542008329     0.006705539629256
33 13
     0.000953173168818     0.000328627555024    -0.000074367734855
    -0.000047804925752    -0.000408342531001    -0.000636508491119
     0.000800979965938    -0.002641178283334    -0.004041965132312
33 14
    -0.003472587783943    -0.000273722542970     0.000062227143719
     0.002735424733400    -0.004893852206248    -0.001565232854088
    -0.001324417842617     0.000836506714309     0.001280580006093
33 15
    -0.042555864227281    -0.029156654242139    -0.001507975392035
    -0.031586973247251    -0.007485514544712    -0.000998617392600
    -0.001618815726668    -0.000806636301480     0.014136424322636
33 16
     0.000053636159406     0.000847975489553    -0.001886837506322
     0.000471543008778     0.000491194478411     0.002014258140092
    -0.000588416390461     0.000253849897953    -0.004041965132311
33 17
    -0.008593353804674     0.004446826223189     0.016923017451500
    -0.001401223890916     0.008503432100224     0.001661734300182
     0.020004980985588    -0.005779129961685    -0.018892086146999
33 18
    -0.003077296650134     0.000108109037190    -0.000089822403931
     0.001130935142518     0.000380505812523     0.000841881184010
    -0.002093639749706     0.000954533031652     0.000109746398751
33 19
    -0.002414598020913    -0.004495849517754    -0.002643409029928
    -0.003810106984041    -0.007498519178727    -0.003859571581086
    -0.005059339068997    -0.009933844416067    -0.005145096956342
33 20
     0.000230359072328     0.001896544624373     0.000961808261288
     0.002216031041017    -0.002695447115096     0.000845335243523
    -0.000411420300993     0.002132750929274     0.001032004752675
33 21
     0.005548020118790    -0.003717699818230     0.004997617134199
    -0.009565749932339    -0.005637941823231     0.020214386716581
     0.009900612844049     0.013824895871590    -0.018892086146995
33 22
    -0.009824123555921    -0.000217957955553    -0.011132631156056
     0.000467784578163    -0.000088993643724     0.000585406047925
    -0.004664191551909    -0.000359473581968    -0.005145096956340
33 23
     0.000052577064877    -0.001698924394700    -0.000220170020690
    -0.000676098289373    -0.002749367902486    -0.002290411725445
     0.000684179290356    -0.000498729075638     0.000109746398751
33 24
    -0.000183198067635     0.002135311950456     0.001641306334200
     0.002454798367100    -0.002281889975133    -0.001422675896930
     0.001212985926250     0.000410282766083     0.001032004752675
33 25
     0.001467439671846     0.000489212981583     0.001090932539394
     0.000489212981583    -0.000441934043684    -0.001811558020030
     0.001090932539394    -0.001811558020030     0.000757523393441
33 26
    -0.000267825809863     0.001589404042238    -0.000486006377746
     0.001589404042238    -0.003199897791442    -0.000746940765975
    -0.000486006377746    -0.000746940765975     0.000287759341324
33 27
    -0.013718271786358     0.005335108387607    -0.027460722908147
     0.005335108387607     0.014494764349988     0.007548315852008
    -0.027460722908147     0.007548315852008    -0.034061120699815
33 28
     0.002821165920294     0.014884157199784    -0.020267394737703
     0.014884157199784    -0.002044673356651     0.020007525718726
    -0.020267394737703     0.020007525718726    -0.034061120699813
33 29
     0.000004066137668    -0.002231546054969    -0.000475333636912
    -0.002231546054969    -0.003832575444785     0.000536963675767
    -0.000475333636912     0.000536963675767    -0.000036239688739
33 30
    -0.000940839475857    -0.002777087565296    -0.000702691002581
    -0.002777087565296    -0.002887669831261     0.000143169166954
    -0.000702691002581     0.000143169166954    -0.000036239688740
33 31
    -0.003843344073508    -0.000474922389768     0.000403866489584
    -0.000474922389768     0.000375620472200     0.000794364252516
     0.000403866489584     0.000794364252516     0.000287759341324
33 32
    -0.000388261484715    -0.000582176580693     0.002114321535473
    -0.000582176580693     0.001413767112876    -0.000038996282915
     0.002114321535473    -0.000038996282915     0.000757523393442
33 33
     0.261134786487118     0.007986068225648     0.085431022282879
     0.007986068225648     0.270356303766594    -0.049323623712109
     0.085431022282879    -0.049323623712109     0.213219668265927
33 34
    -0.003050056111433     0.002456196040623    -0.005562590502748
     0.002456196040623    -0.000213885220958     0.003211563124152
    -0.005562590502748     0.003211563124152    -0.008104241877804
33 35
     0.000994115136813    -0.000423775359267    -0.000822221304104
    -0.000423775359267    -0.000144650587563    -0.001718379869676
    -0.000822221304104    -0.001718379869676    -0.003277611648352
33 36
     0.000166374791862     0.003072105127644     0.000336634068648
     0.003072105127644    -0.004049967540694     0.000729478641111
     0.000336634068648     0.000729478641111     0.001235033617923
33 37
     0.000507041070153    -0.000704987702769     0.001077049968439
    -0.000704987702769     0.000342423479098     0.001571254471724
     0.001077049968439     0.001571254471724    -0.003277611648351
33 38
    -0.005656403041197    -0.000289677221702    -0.000463430000397
    -0.000289677221702     0.001772810292360    -0.000656272975784
    -0.000463430000397    -0.000656272975784     0.001235033617923
33 39
     0.000568961237938    -0.005147682020973     0.001156833990439
    -0.005147682020973    -0.005375069963080    -0.000667898415788
     0.001156833990439    -0.000667898415788     0.002559798838772
33 40
    -0.001110401744573    -0.000342649344000    -0.001494186261104
    -0.000342649344000    -0.001506059126561     0.000862668840067
    -0.001494186261104     0.000862668840067    -0.002193011325349
33 41
    -0.017765246465717     0.011532395869965     0.002582128560865
     0.021662746885614    -0.004540686007159    -0.005580366824471
    -0.006345403654014     0.000145477506624     0.006705539629255
33 42
     0.001836124281336     0.000206654149909    -0.001422185275097
    -0.000206654149910     0.000046625725016     0.000166210779106
     0.001422185275098     0.000166210779106    -0.003661614153979
33 43
    -0.000189563371500     0.000331131694142    -0.002687817472260
     0.000707564174918     0.000734394009317     0.000626920143242
    -0.000514048655606     0.000382658593165    -0.004041965132311
33 44
     0.010049660296563    -0.001215159502558     0.000110840334637
     0.001215159502554    -0.060091039068536     0.001805253694073
    -0.000110840334635     0.001805253694077     0.014136424322636
33 45
    -0.001372497973225     0.001209220101624    -0.002083004331297
    -0.001209220101625    -0.000886261002002     0.002524719927880
     0.002083004331298     0.002524719927879    -0.004379879442070
33 46
    -0.017765246465719    -0.021662746885610     0.006345403654013
    -0.011532395869971    -0.004540686007162     0.000145477506624
    -0.002582128560865    -0.005580366824470     0.006705539629255
33 47
    -0.005604484417406     0.001504573638184     0.001386644986337
    -0.001504573638186    -0.002761955572786     0.000728726139778
    -0.001386644986337     0.000728726139777     0.001280580006094
33 48
    -0.000189563371500    -0.000707564174918     0.000514048655606
    -0.000331131694143     0.000734394009317     0.000382658593166
     0.002687817472261     0.000626920143242    -0.004041965132311
33 49
    -0.003789416666757    -0.002981436821262     0.006568052422171
    -0.002568712823188    -0.002611705612992    -0.007695493482334
     0.001201508999958    -0.004843504173458     0.012136787345876
33 50
    -0.095381672417109    -0.008995394101629    -0.033100045838520
    -0.011354725293915    -0.017298398049401    -0.005445740776263
    -0.042976766074107    -0.004165035728144    -0.031153425239737
33 51
     0.000641587367702    -0.002738793829508    -0.001700246848182
    -0.005077441308093     0.008666609102656     0.004323540298044
     0.000886790943565    -0.002057167955314    -0.002914610787855
33 52
     0.000150394793774     0.000047503620636     0.000226083048695
    -0.001793921420891     0.003382656253719     0.003069964463478
    -0.002744324476439     0.004917499410952     0.005558190341688
33 53
     0.014259838215168    -0.001426399243627    -0.006088595097420
     0.000105371966697    -0.011965557952884     0.001056295539115
    -0.002625578187714     0.001840040419699    -0.006706794915164
33 54
     0.000053909128975    -0.000314271686433    -0.000327887158870
     0.000217216913787    -0.000244339905295    -0.001762027606383
    -0.000631850240334    -0.001060259067728     0.003170658957266
33 55
     0.001523751393609    -0.000063954272283     0.001863431180218
     0.002424240955003     0.000412023431619     0.001456827648664
     0.002051904910404     0.000692485189669     0.003793219688731
33 56
    -0.000075261515791     0.002640276525163    -0.000117999284275
     0.004051680313058     0.010647790234922    -0.004044062138613
     0.001164523494655    -0.001588786843688    -0.003579706384371
33 57
    -0.028007356458039     0.027543854161509    -0.011833873064588
     0.029903185353806    -0.084672714008446     0.031388350950710
    -0.017881356288810     0.039301489056729    -0.031153425239731
33 58
    -0.000502848082985    -0.000671211566636     0.009948519061444
    -0.001083935564712    -0.005898274196763    -0.001840353509822
     0.004795352157532     0.001381214769890     0.012136787345877
33 59
    -0.000127751697393     0.000112334986782     0.001362017089862
    -0.000419153613438    -0.000062679078927     0.001164972412348
     0.000602286167078     0.001077327893380     0.003170658957267
33 60
    -0.004837187320418    -0.010920300866990    -0.003959076319490
    -0.012452072077319     0.007131467582694     0.004744730258166
    -0.002906310841309     0.001353797200331    -0.006706794915164
33 61
     0.003330811979055     0.000042293297165    -0.002545625689740
     0.001883718338693     0.000202239068440    -0.001730775895274
    -0.005630841651201    -0.000082094992654     0.005558190341687
33 62
     0.010044882764477     0.000351553820505    -0.004594419156481
     0.002690201299088    -0.000736686294116    -0.000689313185792
     0.002224955180937     0.000260600492683    -0.002914610787855
33 63
     0.005069324985781     0.007021908714608     0.003443260904386
     0.005610504926717     0.005503203733351     0.002124221447119
     0.001958191515161    -0.000214113507831    -0.003579706384370
33 64
    -0.000332078691609     0.001352776955731    -0.000329934162569
    -0.001135418271554     0.002267853516836    -0.002342192564604
     0.000426242689204    -0.002123244373394     0.003793219688731
33 65
    -0.008934879936982    -0.002577302409193    -0.000300987049536
    -0.003856359086281    -0.001818634887430     0.004240801566525
    -0.003290212578583     0.007018531655773     0.008675633412475
33 66
     0.004444839485549    -0.004108633009374     0.001546455284733
    -0.006762650490430     0.005287689718625    -0.000660939313780
     0.003565117953440    -0.002055165233866    -0.001319807228282
33 67
    -0.020894639463408    -0.005979731253232    -0.008538610813822
    -0.004509553915145    -0.031005537910751    -0.012041247537471
    -0.001493022879166    -0.004974272253553    -0.028824467067114
33 68
     0.001539685027795    -0.006001884465165     0.004058576738041
    -0.003161833537194     0.004284103834265    -0.003555650887170
     0.004853154807381    -0.009517036173354     0.006706373623903
33 69
    -0.003976261306249     0.006997378993971    -0.004325289372077
     0.009202456127655     0.008072457901099    -0.003030005663216
    -0.006040487155133    -0.004020106920840    -0.004741657898291
33 70
     0.005527403675919     0.004368184806412     0.003839458571151
    -0.000326913672478     0.000241461185088    -0.000566026719776
     0.002727143136426     0.001716246150519     0.003308307226282
33 71
     0.002273412057718     0.000768032850593    -0.000935167038541
     0.005147056695016     0.000449584447086    -0.002551060693844
    -0.004946506149738    -0.000038306206473     0.004568454230583
33 72
     0.007708627591379    -0.000919681072863    -0.005235382896575
    -0.001250944031127    -0.000809578997850     0.001514567019769
     0.001309482942350    -0.000003648982497    -0.003235402395294
33 73
    -0.001655767556335     0.002878543787147     0.001741699848195
    -0.001500480057275     0.004378764061138     0.002085408759081
    -0.002440078926941     0.004302953088883     0.004568454230584
33 74
     0.002259880890531    -0.004396779405607    -0.003929344963142
    -0.004065516447344     0.004639167702997     0.003776691077089
     0.000657901582714    -0.001132221002649    -0.003235402395294
33 75
    -0.023935819587247    -0.006265380078295     0.006158720853793
    -0.007735557416387    -0.027964357786912     0.013415277646530
     0.003561334697333     0.003780131868562    -0.028824467067112
33 76
     0.007566005424230     0.000317464165910     0.005108572364299
    -0.002522586762063    -0.001742216562166    -0.001737005114768
     0.010668572498554     0.000555562734988     0.006706373623904
33 77
    -0.001954456276961     0.010369745805559     0.000461417191919
     0.008164668671883     0.006050652871812     0.005260813306548
     0.000461271141812     0.007241268787997    -0.004741657898290
33 78
    -0.000186974924989    -0.003626111695962     0.002409922804122
     0.001068986782928     0.005955839785994    -0.003042055299505
    -0.000122741197284    -0.003219898311160     0.003308307226281
33 79
    -0.000811839002603     0.000833480783821    -0.003823135413788
     0.002112537460908    -0.009941675821805    -0.001859738352156
    -0.007723333000459    -0.000659858150984     0.008675633412474
33 80
     0.009784381001644    -0.003679864758762     0.001345617878461
    -0.001025847277709    -0.000051851797468    -0.001008799905505
     0.003562384278223    -0.002059900098234    -0.001319807228282
41 1
    -0.000388261484714     0.000582176580692    -0.002114321535473
     0.000582176580692     0.001413767112876    -0.000038996282915
    -0.002114321535473    -0.000038996282915     0.000757523393442
41 2
     0.002821165920293    -0.014884157199785     0.020267394737701
    -0.014884157199785    -0.002044673356657     0.020007525718732
     0.020267394737701     0.020007525718732    -0.034061120699813
41 3
    -0.000940839475855     0.002777087565295     0.000702691002580
     0.002777087565295    -0.002887669831262     0.000143169166954
     0.000702691002580     0.000143169166954    -0.000036239688740
41 4
    -0.000267825809862    -0.001589404042239     0.000486006377745
    -0.001589404042239    -0.003199897791445    -0.000746940765975
     0.000486006377745    -0.000746940765975     0.000287759341324
41 5
    -0.003843344073505     0.000474922389767    -0.000403866489584
     0.000474922389767     0.000375620472198     0.000794364252516
    -0.000403866489584     0.000794364252516     0.000287759341324
41 6
    -0.013718271786352    -0.005335108387609     0.027460722908142
    -0.005335108387609     0.014494764349989     0.007548315852013
     0.027460722908142     0.007548315852013    -0.034061120699814
41 7
     0.000004066137670     0.002231546054968     0.000475333636911
     0.002231546054968    -0.003832575444787     0.000536963675768
     0.000475333636911     0.000536963675768    -0.000036239688740
41 8
     0.001467439671847    -0.000489212981583    -0.001090932539394
    -0.000489212981583    -0.000441934043685    -0.001811558020030
    -0.001090932539394    -0.001811558020030     0.000757523393441
41 9
    -0.022220744576094    -0.019090363852214    -0.006123803712861
    -0.008960012836565    -0.000085187896783     0.000553994482690
     0.003298689043423     0.005422542008331     0.006705539629256
41 10
     0.000053636159407    -0.000847975489553     0.001886837506322
    -0.000471543008777     0.000491194478410     0.002014258140091
     0.000588416390460     0.000253849897954    -0.004041965132311
41 11
    -0.001007820244808     0.000998673316956     0.003227973760634
    -0.001419766886294    -0.001250938730419     0.000541574703156
     0.001144969429336    -0.003066294631036    -0.004379879442070
41 12
    -0.003472587783941     0.000273722542971    -0.000062227143719
    -0.002735424733399    -0.004893852206250    -0.001565232854087
     0.001324417842618     0.000836506714309     0.001280580006093
41 13
     0.000494000364096     0.000981529754814     0.000855035394638
     0.000568221454995     0.001388749642256     0.001148543187569
    -0.000567149880460    -0.001314753966675    -0.003661614153979
41 14
    -0.042555864227277     0.029156654242141     0.001507975392031
     0.031586973247253    -0.007485514544716    -0.000998617392599
     0.001618815726671    -0.000806636301482     0.014136424322636
41 15
     0.006527092332492    -0.002492792474419    -0.003046714610591
     0.007637558541220    -0.028833024805363    -0.005568019514956
    -0.003541675151995     0.005026372341779     0.006705539629256
41 16
     0.000953173168818    -0.000328627555023     0.000074367734855
     0.000047804925753    -0.000408342531001    -0.000636508491119
    -0.000800979965939    -0.002641178283334    -0.004041965132312
41 17
     0.005548020118789     0.003717699818232    -0.004997617134201
     0.009565749932337    -0.005637941823233     0.020214386716583
    -0.009900612844047     0.013824895871593    -0.018892086146996
41 18
    -0.008593353804672    -0.004446826223190    -0.016923017451499
     0.001401223890918     0.008503432100226     0.001661734300184
    -0.020004980985586    -0.005779129961686    -0.018892086146998
41 19
     0.000052577064877     0.001698924394701     0.000220170020691
     0.000676098289373    -0.002749367902487    -0.002290411725444
    -0.000684179290356    -0.000498729075638     0.000109746398751
41 20
    -0.002414598020912     0.004495849517757     0.002643409029929
     0.003810106984041    -0.007498519178729    -0.003859571581086
     0.005059339068996    -0.009933844416068    -0.005145096956341
41 21
    -0.009824123555918     0.000217957955552     0.011132631156056
    -0.000467784578161    -0.000088993643724     0.000585406047923
     0.004664191551909    -0.000359473581967    -0.005145096956341
41 22
    -0.003077296650133    -0.000108109037190     0.000089822403931
    -0.001130935142516     0.000380505812522     0.000841881184010
     0.002093639749706     0.000954533031653     0.000109746398751
41 23
    -0.000183198067634    -0.002135311950455    -0.001641306334200
    -0.002454798367099    -0.002281889975133    -0.001422675896930
    -0.001212985926250     0.000410282766083     0.001032004752675
41 24
     0.000230359072329    -0.001896544624372    -0.000961808261288
    -0.002216031041016    -0.002695447115097     0.000845335243523
     0.000411420300993     0.002132750929274     0.001032004752675
41 25
     0.002910451129215    -0.005240500984369    -0.007022404607453
    -0.011088551098473    -0.003000372833660    -0.015486630171775
    -0.015007363851387    -0.014435256754898    -0.018892086147001
41 26
    -0.002630954222634     0.003935020295346    -0.002020782521980
     0.004620762829058    -0.007282162977006     0.004219045163052
    -0.006073292087058     0.009348438368142    -0.005145096956340
41 27
     0.002910451129217     0.011088551098475     0.015007363851388
     0.005240500984366    -0.003000372833659    -0.014435256754895
     0.007022404607451    -0.015486630171775    -0.018892086147000
41 28
    -0.001020466671161     0.001295620379227    -0.001873469729015
     0.002318446484553    -0.001676324166449     0.001335878693791
    -0.000774001694286    -0.000343152108372     0.000109746398751
41 29
    -0.001020466671161    -0.002318446484555     0.000774001694287
    -0.001295620379227    -0.001676324166449    -0.000343152108372
     0.001873469729016     0.001335878693791     0.000109746398751
41 30
    -0.003744793068848     0.000079024117761     0.000251177664962
     0.000398510534405     0.001279705026079    -0.001255618009607
     0.002052726635193    -0.000710075032344     0.001032004752675
41 31
    -0.002630954222634    -0.004620762829062     0.006073292087061
    -0.003935020295346    -0.007282162977007     0.009348438368141
     0.002020782521981     0.004219045163053    -0.005145096956339
41 32
    -0.003744793068848    -0.000398510534406    -0.002052726635193
    -0.000079024117762     0.001279705026079    -0.000710075032344
    -0.000251177664961    -0.001255618009607     0.001032004752675
41 33
    -0.017765246465717     0.021662746885614    -0.006345403654014
     0.011532395869965    -0.004540686007159     0.000145477506624
     0.002582128560865    -0.005580366824471     0.006705539629255
41 34
     0.001836124281336    -0.000206654149910     0.001422185275098
     0.000206654149909     0.000046625725016     0.000166210779106
    -0.001422185275097     0.000166210779106    -0.003661614153979
41 35
    -0.000189563371500     0.000707564174918    -0.000514048655606
     0.000331131694142     0.000734394009317     0.000382658593165
    -0.002687817472260     0.000626920143242    -0.004041965132311
41 36
     0.010049660296563     0.001215159502554    -0.000110840334635
    -0.001215159502558    -0.060091039068536     0.001805253694077
     0.000110840334637     0.001805253694073     0.014136424322636
41 37
    -0.001372497973225    -0.001209220101625     0.002083004331298
     0.001209220101624    -0.000886261002002     0.002524719927879
    -0.002083004331297     0.002524719927880    -0.004379879442070
41 38
    -0.017765246465719    -0.011532395869971    -0.002582128560865
    -0.021662746885610    -0.004540686007162    -0.005580366824470
     0.006345403654013     0.000145477506624     0.006705539629255
41 39
    -0.005604484417406    -0.001504573638186    -0.001386644986337
     0.001504573638184    -0.002761955572786     0.000728726139777
     0.001386644986337     0.000728726139778     0.001280580006094
41 40
    -0.000189563371500    -0.000331131694143     0.002687817472261
    -0.000707564174918     0.000734394009317     0.000626920143242
     0.000514048655606     0.000382658593166    -0.004041965132311
41 41
     0.261134786487036    -0.007986068225600    -0.085431022282856
    -0.007986068225600     0.270356303766676    -0.049323623712149
    -0.085431022282856    -0.049323623712149     0.213219668265927
41 42
     0.000507041070154     0.000704987702768    -0.001077049968439
     0.000704987702768     0.000342423479097     0.001571254471725
    -0.001077049968439     0.001571254471725    -0.003277611648351
41 43
     0.000994115136815     0.000423775359266     0.000822221304104
     0.000423775359266    -0.000144650587564    -0.001718379869675
     0.000822221304104    -0.001718379869675    -0.003277611648351
41 44
     0.000568961237940     0.005147682020972    -0.001156833990439
     0.005147682020972    -0.005375069963082    -0.000667898415788
    -0.001156833990439    -0.000667898415788     0.002559798838772
41 45
    -0.003050056111431    -0.002456196040624     0.005562590502747
    -0.002456196040624    -0.000213885220960     0.003211563124153
     0.005562590502747     0.003211563124153    -0.008104241877804
41 46
    -0.005656403041194     0.000289677221701     0.000463430000397
     0.000289677221701     0.001772810292360    -0.000656272975784
     0.000463430000397    -0.000656272975784     0.001235033617923
41 47
     0.000166374791863    -0.003072105127645    -0.000336634068648
    -0.003072105127645    -0.004049967540697     0.000729478641112
    -0.000336634068648     0.000729478641112     0.001235033617923
41 48
    -0.001110401744571     0.000342649343999     0.001494186261103
     0.000342649343999    -0.001506059126563     0.000862668840067
     0.001494186261103     0.000862668840067    -0.002193011325349
41 49
    -0.000502848082984     0.000671211566637    -0.009948519061444
     0.001083935564711    -0.005898274196764    -0.001840353509822
    -0.004795352157531     0.001381214769889     0.012136787345877
41 50
     0.010044882764476    -0.000351553820505     0.004594419156481
    -0.002690201299089    -0.000736686294117    -0.000689313185792
    -0.002224955180936     0.000260600492684    -0.002914610787855
41 51
    -0.004837187320416     0.010920300866991     0.003959076319489
     0.012452072077318     0.007131467582696     0.004744730258166
     0.002906310841308     0.001353797200332    -0.006706794915164
41 52
    -0.000332078691608    -0.001352776955732     0.000329934162569
     0.001135418271554     0.002267853516836    -0.002342192564604
    -0.000426242689204    -0.002123244373394     0.003793219688731
41 53
    -0.028007356458036    -0.027543854161516     0.011833873064589
    -0.029903185353808    -0.084672714008463     0.031388350950714
     0.017881356288810     0.039301489056738    -0.031153425239732
41 54
     0.003330811979055    -0.000042293297166     0.002545625689740
    -0.001883718338693     0.000202239068439    -0.001730775895274
     0.005630841651200    -0.000082094992654     0.005558190341687
41 55
    -0.000127751697392    -0.000112334986782    -0.001362017089862
     0.000419153613438    -0.000062679078928     0.001164972412348
    -0.000602286167078     0.001077327893380     0.003170658957267
41 56
     0.005069324985781    -0.007021908714609    -0.003443260904385
    -0.005610504926716     0.005503203733351     0.002124221447119
    -0.001958191515161    -0.000214113507831    -0.003579706384370
41 57
    -0.095381672417093     0.008995394101620     0.033100045838517
     0.011354725293911    -0.017298398049403    -0.005445740776262
     0.042976766074099    -0.004165035728139    -0.031153425239735
41 58
     0.000053909128976     0.000314271686433     0.000327887158870
    -0.000217216913787    -0.000244339905296    -0.001762027606383
     0.000631850240333    -0.001060259067728     0.003170658957266
41 59
     0.000150394793775    -0.000047503620636    -0.000226083048695
     0.001793921420891     0.003382656253719     0.003069964463478
     0.002744324476439     0.004917499410953     0.005558190341687
41 60
    -0.000075261515791    -0.002640276525164     0.000117999284275
    -0.004051680313057     0.010647790234923    -0.004044062138613
    -0.001164523494656    -0.001588786843688    -0.003579706384371
41 61
    -0.003789416666756     0.002981436821262    -0.006568052422171
     0.002568712823187    -0.002611705612993    -0.007695493482334
    -0.001201508999958    -0.004843504173460     0.012136787345876
41 62
     0.014259838215167     0.001426399243628     0.006088595097420
    -0.000105371966699    -0.011965557952887     0.001056295539116
     0.002625578187713     0.001840040419700    -0.006706794915164
41 63
     0.000641587367702     0.002738793829508     0.001700246848181
     0.005077441308092     0.008666609102657     0.004323540298043
    -0.000886790943565    -0.002057167955314    -0.002914610787855
41 64
     0.001523751393609     0.000063954272283    -0.001863431180218
    -0.002424240955003     0.000412023431618     0.001456827648664
    -0.002051904910404     0.000692485189669     0.003793219688731
41 65
    -0.000811839002603    -0.000833480783821     0.003823135413788
    -0.002112537460909    -0.009941675821808    -0.001859738352156
     0.007723333000458    -0.000659858150984     0.008675633412474
41 66
    -0.023935819587243     0.006265380078294    -0.006158720853794
     0.007735557416383    -0.027964357786917     0.013415277646532
    -0.003561334697333     0.003780131868564    -0.028824467067112
41 67
    -0.001954456276961    -0.010369745805561    -0.000461417191919
    -0.008164668671881     0.006050652871811     0.005260813306547
    -0.000461271141812     0.007241268787999    -0.004741657898290
41 68
    -0.001655767556335    -0.002878543787148    -0.001741699848195
     0.001500480057274     0.004378764061138     0.002085408759081
     0.002440078926941     0.004302953088884     0.004568454230584
41 69
     0.009784381001644     0.003679864758763    -0.001345617878460
     0.001025847277708    -0.000051851797468    -0.001008799905505
    -0.003562384278223    -0.002059900098234    -0.001319807228282
41 70
     0.007566005424229    -0.000317464165909    -0.005108572364299
     0.002522586762062    -0.001742216562167    -0.001737005114768
    -0.010668572498552     0.000555562734987     0.006706373623903
41 71
    -0.000186974924988     0.003626111695962    -0.002409922804122
    -0.001068986782928     0.005955839785994    -0.003042055299505
     0.000122741197284    -0.003219898311161     0.003308307226281
41 72
     0.002259880890531     0.004396779405607     0.003929344963141
     0.004065516447344     0.004639167702997     0.003776691077089
    -0.000657901582715    -0.001132221002649    -0.003235402395294
41 73
     0.002273412057719    -0.000768032850594     0.000935167038541
    -0.005147056695016     0.000449584447085    -0.002551060693844
     0.004946506149737    -0.000038306206472     0.004568454230583
41 74
    -0.020894639463403     0.005979731253230     0.008538610813821
     0.004509553915141    -0.031005537910755    -0.012041247537469
     0.001493022879165    -0.004974272253551    -0.028824467067113
41 75
    -0.003976261306248    -0.006997378993973     0.004325289372077
    -0.009202456127653     0.008072457901100    -0.003030005663217
     0.006040487155132    -0.004020106920840    -0.004741657898291
41 76
    -0.008934879936980     0.002577302409192     0.000300987049535
     0.003856359086280    -0.001818634887430     0.004240801566525
     0.003290212578583     0.007018531655775     0.008675633412474
41 77
     0.007708627591379     0.000919681072863     0.005235382896575
     0.001250944031127    -0.000809578997851     0.001514567019769
    -0.001309482942350    -0.000003648982496    -0.003235402395294
41 78
     0.001539685027796     0.006001884465165    -0.004058576738041
     0.003161833537194     0.004284103834266    -0.003555650887170
    -0.004853154807381    -0.009517036173356     0.006706373623903
41 79
     0.005527403675918    -0.004368184806413    -0.003839458571150
     0.000326913672478     0.000241461185088    -0.000566026719776
    -0.002727143136426     0.001716246150519     0.003308307226282
41 80
     0.004444839485549     0.004108633009374    -0.001546455284733
     0.006762650490429     0.005287689718626    -0.000660939313780
    -0.003565117953440    -0.002055165233866    -0.001319807228282
49 1
     0.002273412057719    -0.005147056695016     0.004946506149737
    -0.000768032850594     0.000449584447085    -0.000038306206472
     0.000935167038541    -0.002551060693844     0.004568454230583
49 2
    -0.020894639463403     0.004509553915141     0.001493022879165
     0.005979731253230    -0.031005537910755    -0.004974272253551
     0.008538610813821    -0.012041247537469    -0.028824467067113
49 3
    -0.003976261306248    -0.009202456127653     0.006040487155132
    -0.006997378993973     0.008072457901100    -0.004020106920840
     0.004325289372077    -0.003030005663217    -0.004741657898291
49 4
    -0.008934879936980     0.003856359086280     0.003290212578583
     0.002577302409192    -0.001818634887430     0.007018531655775
     0.000300987049535     0.004240801566525     0.008675633412474
49 5
     0.007708627591379     0.001250944031127    -0.001309482942350
     0.000919681072863    -0.000809578997851    -0.000003648982496
     0.005235382896575     0.001514567019769    -0.003235402395294
49 6
     0.001539685027796     0.003161833537194    -0.004853154807381
     0.006001884465165     0.004284103834266    -0.009517036173356
    -0.004058576738041    -0.003555650887170     0.006706373623903
49 7
     0.005527403675918     0.000326913672478    -0.002727143136426
    -0.004368184806413     0.000241461185088     0.001716246150519
    -0.003839458571150    -0.000566026719776     0.003308307226282
49 8
     0.004444839485549     0.006762650490429    -0.003565117953440
     0.004108633009374     0.005287689718626    -0.002055165233866
    -0.001546455284733    -0.000660939313780    -0.001319807228282
49 9
    -0.005309418669883     0.002103863255588     0.003593843157573
     0.001691139257514    -0.001091703609866     0.003462289403568
     0.003380466639273     0.009535846992156     0.012136787345877
49 10
    -0.005981230501330    -0.010259787228528    -0.000280732653594
    -0.011791558438851     0.008275510763610    -0.003193837620032
     0.002129518777931    -0.005801025797279    -0.006706794915165
49 11
    -0.045631076824626     0.037718913859294     0.025095409785297
     0.040078245051573    -0.067048993641874    -0.035136453328602
     0.021266172773931    -0.025942610174459    -0.031153425239740
49 12
    -0.000211803596063     0.000160862373105     0.001234136407412
    -0.000370626227114     0.000021372819743    -0.000017068825653
     0.001689904248732     0.000597055194036     0.003170658957266
49 13
     0.003275824573361     0.004259671389306     0.001338164237371
     0.006598318867888     0.006032371896997     0.001796567462630
    -0.002894172308300    -0.003634227112250    -0.002914610787855
49 14
     0.001711989535841     0.000172633614372    -0.001625662221200
    -0.002315561612913     0.000223785289387     0.001430759183724
    -0.002193365342787     0.000885364915941     0.003793219688731
49 15
     0.001818369798412     0.000915502197293    -0.002886517174761
     0.002756927238820     0.001714681249082    -0.004835404418300
    -0.002771708738434    -0.001339188568203     0.005558190341687
49 16
     0.010864729608710     0.003675930295499     0.000793668020505
     0.002264526507604    -0.000292200889577     0.001802900351519
     0.003561260188660     0.001919840691497    -0.003579706384370
49 17
     0.003466850255823     0.000079000985657    -0.002506427222796
     0.004458024830079    -0.000743853751018    -0.004264646882412
    -0.002676866886736     0.000465651934764     0.004568454230583
49 18
     0.012075012475488    -0.002269828244747    -0.006501758296944
    -0.000064751111069    -0.007978815880634    -0.003221161867158
    -0.004786706563996    -0.002230807643329    -0.004741657898291
49 19
     0.000380064408383     0.003311466853613     0.000651581359635
     0.002980203895349     0.006518984185144     0.001135869985145
    -0.001306037933434    -0.005291258096856    -0.003235402395294
49 20
     0.003312868540580     0.005646747262931     0.002849884333710
     0.000951648784040     0.002455996320426     0.001503652160641
     0.001429535767028     0.003608082019283     0.003308307226282
49 21
    -0.033019807010596     0.001020737494110    -0.005054357576498
     0.002490914832200    -0.018880370363564     0.001194140384986
    -0.014697331667614    -0.001374030109063    -0.028824467067113
49 22
    -0.006383553297032    -0.004050311531557     0.004433120421876
    -0.005329368208643    -0.004369961527377    -0.006358673504792
     0.003522148364252    -0.002381063214370     0.008675633412473
49 23
    -0.000370007158931    -0.004899323167090    -0.005815417691173
    -0.002059272239117     0.006193796020993     0.008961473438368
    -0.001049995626257     0.005292656001939     0.006706373623905
49 24
     0.000369573319071    -0.001755776991140     0.000002733675217
    -0.004409794472193     0.009362955885103     0.004115065332100
     0.000200837406272     0.001669739219288    -0.001319807228282
49 25
    -0.001655767556335    -0.001500480057275    -0.002440078926941
     0.002878543787147     0.004378764061138     0.004302953088883
     0.001741699848195     0.002085408759081     0.004568454230584
49 26
     0.002259880890531    -0.004065516447344     0.000657901582714
    -0.004396779405607     0.004639167702997    -0.001132221002649
    -0.003929344963142     0.003776691077089    -0.003235402395294
49 27
    -0.023935819587247    -0.007735557416387     0.003561334697333
    -0.006265380078295    -0.027964357786912     0.003780131868562
     0.006158720853793     0.013415277646530    -0.028824467067112
49 28
     0.007566005424230    -0.002522586762063     0.010668572498554
     0.000317464165910    -0.001742216562166     0.000555562734988
     0.005108572364299    -0.001737005114768     0.006706373623904
49 29
    -0.001954456276961     0.008164668671883     0.000461271141812
     0.010369745805559     0.006050652871812     0.007241268787997
     0.000461417191919     0.005260813306548    -0.004741657898290
49 30
    -0.000186974924989     0.001068986782928    -0.000122741197284
    -0.003626111695962     0.005955839785994    -0.003219898311160
     0.002409922804122    -0.003042055299505     0.003308307226281
49 31
    -0.000811839002603     0.002112537460908    -0.007723333000459
     0.000833480783821    -0.009941675821805    -0.000659858150984
    -0.003823135413788    -0.001859738352156     0.008675633412474
49 32
     0.009784381001644    -0.001025847277709     0.003562384278223
    -0.003679864758762    -0.000051851797468    -0.002059900098234
     0.001345617878461    -0.001008799905505    -0.001319807228282
49 33
    -0.003789416666757    -0.002568712823188     0.001201508999958
    -0.002981436821262    -0.002611705612992    -0.004843504173458
     0.006568052422171    -0.007695493482334     0.012136787345876
49 34
    -0.095381672417109    -0.011354725293915    -0.042976766074107
    -0.008995394101629    -0.017298398049401    -0.004165035728144
    -0.033100045838520    -0.005445740776263    -0.031153425239737
49 35
     0.000641587367702    -0.005077441308093     0.000886790943565
    -0.002738793829508     0.008666609102656    -0.002057167955314
    -0.001700246848182     0.004323540298044    -0.002914610787855
49 36
     0.000150394793774    -0.001793921420891    -0.002744324476439
     0.000047503620636     0.003382656253719     0.004917499410952
     0.000226083048695     0.003069964463478     0.005558190341688
49 37
     0.014259838215168     0.000105371966697    -0.002625578187714
    -0.001426399243627    -0.011965557952884     0.001840040419699
    -0.006088595097420     0.001056295539115    -0.006706794915164
49 38
     0.000053909128975     0.000217216913787    -0.000631850240334
    -0.000314271686433    -0.000244339905295    -0.001060259067728
    -0.000327887158870    -0.001762027606383     0.003170658957266
49 39
     0.001523751393609     0.002424240955003     0.002051904910404
    -0.000063954272283     0.000412023431619     0.000692485189669
     0.001863431180218     0.001456827648664     0.003793219688731
49 40
    -0.000075261515791     0.004051680313058     0.001164523494655
     0.002640276525163     0.010647790234922    -0.001588786843688
    -0.000117999284275    -0.004044062138613    -0.003579706384371
49 41
    -0.000502848082984     0.001083935564711    -0.004795352157531
     0.000671211566637    -0.005898274196764     0.001381214769889
    -0.009948519061444    -0.001840353509822     0.012136787345877
49 42
     0.010044882764476    -0.002690201299089    -0.002224955180936
    -0.000351553820505    -0.000736686294117     0.000260600492684
     0.004594419156481    -0.000689313185792    -0.002914610787855
49 43
    -0.004837187320416     0.012452072077318     0.002906310841308
     0.010920300866991     0.007131467582696     0.001353797200332
     0.003959076319489     0.004744730258166    -0.006706794915164
49 44
    -0.000332078691608     0.001135418271554    -0.000426242689204
    -0.001352776955732     0.002267853516836    -0.002123244373394
     0.000329934162569    -0.002342192564604     0.003793219688731
49 45
    -0.028007356458036    -0.029903185353808     0.017881356288810
    -0.027543854161516    -0.084672714008463     0.039301489056738
     0.011833873064589     0.031388350950714    -0.031153425239732
49 46
     0.003330811979055    -0.001883718338693     0.005630841651200
    -0.000042293297166     0.000202239068439    -0.000082094992654
     0.002545625689740    -0.001730775895274     0.005558190341687
49 47
    -0.000127751697392     0.000419153613438    -0.000602286167078
    -0.000112334986782    -0.000062679078928     0.001077327893380
    -0.001362017089862     0.001164972412348     0.003170658957267
49 48
     0.005069324985781    -0.005610504926716    -0.001958191515161
    -0.007021908714609     0.005503203733351    -0.000214113507831
    -0.003443260904385     0.002124221447119    -0.003579706384370
49 49
     0.320043238606688     0.000000000000000     0.000000000000000
     0.000000000000000     0.320043238606687     0.000000000000002
     0.000000000000000     0.000000000000002     0.269262606660230
49 50
     0.001677178874920     0.003554813261586    -0.007559325730469
     0.003554813261586     0.000425731521921     0.001969564303143
    -0.007559325730469     0.001969564303143    -0.010705223654224
49 51
     0.003817151950415    -0.002319299230390     0.002073970144326
    -0.002319299230390    -0.001714241553573    -0.007531350269638
     0.002073970144326    -0.007531350269638    -0.010705223654225
49 52
    -0.004218490989448     0.009739157460172     0.000342308661449
     0.009739157460172    -0.012603890374459    -0.000148498180790
     0.000342308661449    -0.000148498180790     0.008166758607085
49 53
    -0.002339965230072    -0.001235514031196     0.005485355586143
    -0.001235514031196     0.004442875626912     0.005561785966497
     0.005485355586143     0.005561785966497    -0.010705223654224
49 54
    -0.018941898300171    -0.001238594285937    -0.000299757527704
    -0.001238594285937     0.002119516936264    -0.000222198906356
    -0.000299757527704    -0.000222198906356     0.008166758607085
49 55
    -0.002073182756240    -0.008500563174234    -0.000042551133746
    -0.008500563174234    -0.014749198607666     0.000370697087144
    -0.000042551133746     0.000370697087144     0.008166758607085
49 56
    -0.003490408410661     0.000000000000000     0.000000000000000
     0.000000000000000    -0.003490408410662    -0.000000000000000
     0.000000000000000    -0.000000000000000    -0.005247076582439
49 57
     0.041843195873303    -0.000148387217644    -0.000000000000000
     0.000148387217644     0.041843195873302     0.000000000000005
     0.000000000000000     0.000000000000005    -0.096035690569200
49 58
    -0.025653178068194     0.043613928490329    -0.030556483274031
     0.013407081064285     0.007267917147623     0.005564992956721
    -0.020097666909416     0.023680194287267    -0.012630861508198
49 59
     0.023728464755535     0.015103423713021     0.010458816364616
    -0.015103423713021    -0.042113725676102    -0.029245187243987
    -0.010458816364616    -0.029245187243987    -0.012630861508201
49 60
    -0.000956796923789     0.003448663203025    -0.001938250727887
     0.004328642225564    -0.005447026306556    -0.000170952616178
    -0.001117174672397    -0.001593098061165    -0.002126602743997
49 61
    -0.025653178068194    -0.013407081064285     0.020097666909416
    -0.043613928490329     0.007267917147623     0.023680194287267
     0.030556483274031     0.005564992956721    -0.012630861508198
49 62
    -0.007692140997938    -0.000439989511270     0.000821076055490
     0.000439989511270     0.001288317767593     0.001764050677344
    -0.000821076055490     0.001764050677344    -0.002126602743997
49 63
    -0.000956796923789    -0.004328642225564     0.001117174672397
    -0.003448663203025    -0.005447026306556    -0.001593098061165
     0.001938250727887    -0.000170952616178    -0.002126602743997
49 64
    -0.006199272795536    -0.001701713595887    -0.000000000000000
     0.001701713595887    -0.006199272795537    -0.000000000000000
     0.000000000000000     0.000000000000000    -0.000690565617450
49 65
    -0.004444832086360     0.002962220208031    -0.000000000000000
    -0.002962220208031    -0.004444832086361    -0.000000000000000
     0.000000000000000     0.000000000000000    -0.002007482521861
49 66
    -0.013188871365539     0.007597464254992     0.014465579848527
     0.022566613816218     0.002349399974709    -0.012026092882816
     0.023092629827087    -0.005827230074237    -0.011057794405030
49 67
     0.011526261085350    -0.008297325442641     0.003182112020526
     0.006671824118586    -0.022365732476183     0.018540606070704
    -0.006499785635557     0.022912419107566    -0.011057794405028
49 68
    -0.013188871365539    -0.022566613816218    -0.023092629827087
    -0.007597464254992     0.002349399974709    -0.005827230074237
    -0.014465579848527    -0.012026092882816    -0.011057794405030
49 69
    -0.014596596806057    -0.021753863154191    -0.017647691869054
    -0.006784713592965     0.003757125415226    -0.006514513187888
    -0.016592844191530    -0.017085189033328    -0.011057794405030
49 70
     0.011526261085350    -0.006671824118586     0.006499785635557
     0.008297325442641    -0.022365732476183     0.022912419107566
    -0.003182112020526     0.018540606070704    -0.011057794405028
49 71
    -0.014596596806057     0.006784713592965     0.016592844191530
     0.021753863154191     0.003757125415226    -0.017085189033328
     0.017647691869054    -0.006514513187888    -0.011057794405030
49 72
    -0.004444832086360     0.002962220208031    -0.000000000000000
    -0.002962220208031    -0.004444832086361    -0.000000000000000
     0.000000000000000     0.000000000000000    -0.002007482521861
49 73
    -0.003557600768254    -0.000000000000000     0.000000000000000
     0.000000000000000    -0.003557600768255    -0.000000000000000
     0.000000000000000    -0.000000000000000     0.007739429249743
49 74
     0.001125386848120    -0.003361266788596     0.001833568454272
    -0.003361266788596    -0.004373916184536    -0.001086215559937
     0.001833568454272    -0.001086215559937    -0.008466737745029
49 75
    -0.005910032854192    -0.000700634670396     0.000023906041756
    -0.000700634670396     0.002661503517776     0.002131024640946
     0.000023906041756     0.002131024640946    -0.008466737745028
49 76
    -0.046045656381336    -0.042198517920218     0.021444982430351
    -0.042198517920218    -0.001433131487965    -0.000426630632808
     0.021444982430351    -0.000426630632808     0.031125389091339
49 77
    -0.000088147998551     0.004061901458992    -0.001857474496027
     0.004061901458992    -0.003160381337865    -0.001044809081008
    -0.001857474496027    -0.001044809081008    -0.008466737745029
49 78
     0.023958725809654     0.001781469017796    -0.011091964181220
     0.001781469017796    -0.071437513678953    -0.018358584251996
    -0.011091964181220    -0.018358584251996     0.031125389091338
49 79
    -0.049131251232268     0.040417048902422    -0.010353018249131
     0.040417048902422     0.001652463362965     0.018785214884799
    -0.010353018249131     0.018785214884799     0.031125389091341
49 80
     0.006979823989550    -0.000000000000000     0.000000000000000
     0.000000000000000     0.006979823989549     0.000000000000001
     0.000000000000000     0.000000000000001    -0.017080396540009
57 1
    -0.000811839002603    -0.002112537460909     0.007723333000458
    -0.000833480783821    -0.009941675821808    -0.000659858150984
     0.003823135413788    -0.001859738352156     0.008675633412474
57 2
    -0.023935819587243     0.007735557416383    -0.003561334697333
     0.006265380078294    -0.027964357786917     0.003780131868564
    -0.006158720853794     0.013415277646532    -0.028824467067112
57 3
    -0.001954456276961    -0.008164668671881    -0.000461271141812
    -0.010369745805561     0.006050652871811     0.007241268787999
    -0.000461417191919     0.005260813306547    -0.004741657898290
57 4
    -0.001655767556335     0.001500480057274     0.002440078926941
    -0.002878543787148     0.004378764061138     0.004302953088884
    -0.001741699848195     0.002085408759081     0.004568454230584
57 5
     0.009784381001644     0.001025847277708    -0.003562384278223
     0.003679864758763    -0.000051851797468    -0.002059900098234
    -0.001345617878460    -0.001008799905505    -0.001319807228282
57 6
     0.007566005424229     0.002522586762062    -0.010668572498552
    -0.000317464165909    -0.001742216562167     0.000555562734987
    -0.005108572364299    -0.001737005114768     0.006706373623903
57 7
    -0.000186974924988    -0.001068986782928     0.000122741197284
     0.003626111695962     0.005955839785994    -0.003219898311161
    -0.002409922804122    -0.003042055299505     0.003308307226281
57 8
     0.002259880890531     0.004065516447344    -0.000657901582715
     0.004396779405607     0.004639167702997    -0.001132221002649
     0.003929344963141     0.003776691077089    -0.003235402395294
57 9
    -0.045631076824618    -0.037718913859280    -0.025095409785289
    -0.040078245051565    -0.067048993641868    -0.035136453328598
    -0.021266172773928    -0.025942610174456    -0.031153425239738
57 10
     0.001818369798413    -0.000915502197293     0.002886517174762
    -0.002756927238820     0.001714681249082    -0.004835404418300
     0.002771708738435    -0.001339188568203     0.005558190341687
57 11
    -0.005309418669883    -0.002103863255588    -0.003593843157574
    -0.001691139257512    -0.001091703609866     0.003462289403568
    -0.003380466639273     0.009535846992156     0.012136787345877
57 12
     0.003275824573362    -0.004259671389306    -0.001338164237371
    -0.006598318867888     0.006032371896997     0.001796567462630
     0.002894172308299    -0.003634227112249    -0.002914610787855
57 13
    -0.000211803596063    -0.000160862373105    -0.001234136407412
     0.000370626227115     0.000021372819742    -0.000017068825653
    -0.001689904248732     0.000597055194036     0.003170658957267
57 14
     0.010864729608711    -0.003675930295499    -0.000793668020505
    -0.002264526507605    -0.000292200889577     0.001802900351519
    -0.003561260188661     0.001919840691497    -0.003579706384370
57 15
    -0.005981230501332     0.010259787228528     0.000280732653595
     0.011791558438852     0.008275510763608    -0.003193837620032
    -0.002129518777930    -0.005801025797280    -0.006706794915165
57 16
     0.001711989535840    -0.000172633614372     0.001625662221200
     0.002315561612913     0.000223785289386     0.001430759183724
     0.002193365342788     0.000885364915941     0.003793219688731
57 17
    -0.006383553297033     0.004050311531559    -0.004433120421875
     0.005329368208645    -0.004369961527378    -0.006358673504791
    -0.003522148364252    -0.002381063214370     0.008675633412473
57 18
     0.012075012475488     0.002269828244749     0.006501758296945
     0.000064751111067    -0.007978815880634    -0.003221161867159
     0.004786706563996    -0.002230807643329    -0.004741657898291
57 19
     0.000369573319070     0.001755776991139    -0.000002733675217
     0.004409794472193     0.009362955885103     0.004115065332100
    -0.000200837406272     0.001669739219288    -0.001319807228282
57 20
     0.003312868540580    -0.005646747262931    -0.002849884333710
    -0.000951648784039     0.002455996320426     0.001503652160641
    -0.001429535767028     0.003608082019283     0.003308307226282
57 21
    -0.033019807010597    -0.001020737494106     0.005054357576499
    -0.002490914832194    -0.018880370363564     0.001194140384985
     0.014697331667616    -0.001374030109063    -0.028824467067113
57 22
     0.003466850255823    -0.000079000985657     0.002506427222797
    -0.004458024830078    -0.000743853751019    -0.004264646882413
     0.002676866886736     0.000465651934764     0.004568454230583
57 23
    -0.000370007158932     0.004899323167089     0.005815417691171
     0.002059272239117     0.006193796020992     0.008961473438367
     0.001049995626257     0.005292656001938     0.006706373623904
57 24
     0.000380064408383    -0.003311466853613    -0.000651581359635
    -0.002980203895348     0.006518984185144     0.001135869985145
     0.001306037933434    -0.005291258096855    -0.003235402395294
57 25
    -0.008934879936982    -0.003856359086281    -0.003290212578583
    -0.002577302409193    -0.001818634887430     0.007018531655773
    -0.000300987049536     0.004240801566525     0.008675633412475
57 26
     0.004444839485549    -0.006762650490430     0.003565117953440
    -0.004108633009374     0.005287689718625    -0.002055165233866
     0.001546455284733    -0.000660939313780    -0.001319807228282
57 27
    -0.020894639463408    -0.004509553915145    -0.001493022879166
    -0.005979731253232    -0.031005537910751    -0.004974272253553
    -0.008538610813822    -0.012041247537471    -0.028824467067114
57 28
     0.001539685027795    -0.003161833537194     0.004853154807381
    -0.006001884465165     0.004284103834265    -0.009517036173354
     0.004058576738041    -0.003555650887170     0.006706373623903
57 29
    -0.003976261306249     0.009202456127655    -0.006040487155133
     0.006997378993971     0.008072457901099    -0.004020106920840
    -0.004325289372077    -0.003030005663216    -0.004741657898291
57 30
     0.005527403675919    -0.000326913672478     0.002727143136426
     0.004368184806412     0.000241461185088     0.001716246150519
     0.003839458571151    -0.000566026719776     0.003308307226282
57 31
     0.002273412057718     0.005147056695016    -0.004946506149738
     0.000768032850593     0.000449584447086    -0.000038306206473
    -0.000935167038541    -0.002551060693844     0.004568454230583
57 32
     0.007708627591379    -0.001250944031127     0.001309482942350
    -0.000919681072863    -0.000809578997850    -0.000003648982497
    -0.005235382896575     0.001514567019769    -0.003235402395294
57 33
    -0.028007356458039     0.029903185353806    -0.017881356288810
     0.027543854161509    -0.084672714008446     0.039301489056729
    -0.011833873064588     0.031388350950710    -0.031153425239731
57 34
    -0.000502848082985    -0.001083935564712     0.004795352157532
    -0.000671211566636    -0.005898274196763     0.001381214769890
     0.009948519061444    -0.001840353509822     0.012136787345877
57 35
    -0.000127751697393    -0.000419153613438     0.000602286167078
     0.000112334986782    -0.000062679078927     0.001077327893380
     0.001362017089862     0.001164972412348     0.003170658957267
57 36
    -0.004837187320418    -0.012452072077319    -0.002906310841309
    -0.010920300866990     0.007131467582694     0.001353797200331
    -0.003959076319490     0.004744730258166    -0.006706794915164
57 37
     0.003330811979055     0.001883718338693    -0.005630841651201
     0.000042293297165     0.000202239068440    -0.000082094992654
    -0.002545625689740    -0.001730775895274     0.005558190341687
57 38
     0.010044882764477     0.002690201299088     0.002224955180937
     0.000351553820505    -0.000736686294116     0.000260600492683
    -0.004594419156481    -0.000689313185792    -0.002914610787855
57 39
     0.005069324985781     0.005610504926717     0.001958191515161
     0.007021908714608     0.005503203733351    -0.000214113507831
     0.003443260904386     0.002124221447119    -0.003579706384370
57 40
    -0.000332078691609    -0.001135418271554     0.000426242689204
     0.001352776955731     0.002267853516836    -0.002123244373394
    -0.000329934162569    -0.002342192564604     0.003793219688731
57 41
    -0.095381672417093     0.011354725293911     0.042976766074099
     0.008995394101620    -0.017298398049403    -0.004165035728139
     0.033100045838517    -0.005445740776262    -0.031153425239735
57 42
     0.000053909128976    -0.000217216913787     0.000631850240333
     0.000314271686433    -0.000244339905296    -0.001060259067728
     0.000327887158870    -0.001762027606383     0.003170658957266
57 43
     0.000150394793775     0.001793921420891     0.002744324476439
    -0.000047503620636     0.003382656253719     0.004917499410953
    -0.000226083048695     0.003069964463478     0.005558190341687
57 44
    -0.000075261515791    -0.004051680313057    -0.001164523494656
    -0.002640276525164     0.010647790234923    -0.001588786843688
     0.000117999284275    -0.004044062138613    -0.003579706384371
57 45
    -0.003789416666756     0.002568712823187    -0.001201508999958
     0.002981436821262    -0.002611705612993    -0.004843504173460
    -0.006568052422171    -0.007695493482334     0.012136787345876
57 46
     0.014259838215167    -0.000105371966699     0.002625578187713
     0.001426399243628    -0.011965557952887     0.001840040419700
     0.006088595097420     0.001056295539116    -0.006706794915164
57 47
     0.000641587367702     0.005077441308092    -0.000886790943565
     0.002738793829508     0.008666609102657    -0.002057167955314
     0.001700246848181     0.004323540298043    -0.002914610787855
57 48
     0.001523751393609    -0.002424240955003    -0.002051904910404
     0.000063954272283     0.000412023431618     0.000692485189669
    -0.001863431180218     0.001456827648664     0.003793219688731
57 49
     0.041843195873303     0.000148387217644     0.000000000000000
    -0.000148387217644     0.041843195873302     0.000000000000005
    -0.000000000000000     0.000000000000005    -0.096035690569200
57 50
    -0.025653178068194     0.013407081064285    -0.020097666909416
     0.043613928490329     0.007267917147623     0.023680194287267
    -0.030556483274031     0.005564992956721    -0.012630861508198
57 51
     0.023728464755535    -0.015103423713021    -0.010458816364616
     0.015103423713021    -0.042113725676102    -0.029245187243987
     0.010458816364616    -0.029245187243987    -0.012630861508201
57 52
    -0.000956796923789     0.004328642225564    -0.001117174672397
     0.003448663203025    -0.005447026306556    -0.001593098061165
    -0.001938250727887    -0.000170952616178    -0.002126602743997
57 53
    -0.025653178068194    -0.043613928490329     0.030556483274031
    -0.013407081064285     0.007267917147623     0.005564992956721
     0.020097666909416     0.023680194287267    -0.012630861508198
57 54
    -0.007692140997938     0.000439989511270    -0.000821076055490
    -0.000439989511270     0.001288317767593     0.001764050677344
     0.000821076055490     0.001764050677344    -0.002126602743997
57 55
    -0.000956796923789    -0.003448663203025     0.001938250727887
    -0.004328642225564    -0.005447026306556    -0.000170952616178
     0.001117174672397    -0.001593098061165    -0.002126602743997
57 56
    -0.006199272795536     0.001701713595887     0.000000000000000
    -0.001701713595887    -0.006199272795537     0.000000000000000
    -0.000000000000000    -0.000000000000000    -0.000690565617450
57 57
     0.320043238606687     0.000000000000000    -0.000000000000000
     0.000000000000000     0.320043238606687     0.000000000000002
    -0.000000000000000     0.000000000000002     0.269262606660230
57 58
    -0.002339965230072     0.001235514031196    -0.005485355586143
     0.001235514031196     0.004442875626912     0.005561785966497
    -0.005485355586143     0.005561785966497    -0.010705223654224
57 59
     0.003817151950414     0.002319299230390    -0.002073970144326
     0.002319299230390    -0.001714241553573    -0.007531350269638
    -0.002073970144326    -0.007531350269638    -0.010705223654225
57 60
    -0.002073182756240     0.008500563174234     0.000042551133746
     0.008500563174234    -0.014749198607667     0.000370697087144
     0.000042551133746     0.000370697087144     0.008166758607085
57 61
     0.001677178874919    -0.003554813261586     0.007559325730469
    -0.003554813261586     0.000425731521921     0.001969564303143
     0.007559325730469     0.001969564303143    -0.010705223654224
57 62
    -0.018941898300171     0.001238594285937     0.000299757527704
     0.001238594285937     0.002119516936264    -0.000222198906356
     0.000299757527704    -0.000222198906356     0.008166758607085
57 63
    -0.004218490989448    -0.009739157460172    -0.000342308661449
    -0.009739157460172    -0.012603890374459    -0.000148498180790
    -0.000342308661449    -0.000148498180790     0.008166758607085
57 64
    -0.003490408410662     0.000000000000000    -0.000000000000000
     0.000000000000000    -0.003490408410662     0.000000000000000
    -0.000000000000000     0.000000000000000    -0.005247076582439
57 65
     0.006979823989550     0.000000000000000    -0.000000000000000
     0.000000000000000     0.006979823989549     0.000000000000001
    -0.000000000000000     0.000000000000001    -0.017080396540009
57 66
    -0.046045656381337     0.042198517920218    -0.021444982430351
     0.042198517920218    -0.001433131487965    -0.000426630632808
    -0.021444982430351    -0.000426630632808     0.031125389091339
57 67
     0.023958725809653    -0.001781469017796     0.011091964181220
    -0.001781469017796    -0.071437513678954    -0.018358584251996
     0.011091964181220    -0.018358584251996     0.031125389091338
57 68
     0.001125386848119     0.003361266788596    -0.001833568454272
     0.003361266788596    -0.004373916184536    -0.001086215559937
    -0.001833568454272    -0.001086215559937    -0.008466737745029
57 69
    -0.049131251232268    -0.040417048902422     0.010353018249131
    -0.040417048902422     0.001652463362965     0.018785214884799
     0.010353018249131     0.018785214884799     0.031125389091341
57 70
    -0.005910032854192     0.000700634670396    -0.000023906041756
     0.000700634670396     0.002661503517775     0.002131024640946
    -0.000023906041756     0.002131024640946    -0.008466737745028
57 71
    -0.000088147998551    -0.004061901458992     0.001857474496027
    -0.004061901458992    -0.003160381337866    -0.001044809081008
     0.001857474496027    -0.001044809081008    -0.008466737745029
57 72
    -0.003557600768254     0.000000000000000    -0.000000000000000
     0.000000000000000    -0.003557600768255     0.000000000000000
    -0.000000000000000     0.000000000000000     0.007739429249743
57 73
    -0.004444832086360    -0.002962220208031     0.000000000000000
     0.002962220208031    -0.004444832086361     0.000000000000000
    -0.000000000000000    -0.000000000000000    -0.002007482521861
57 74
    -0.013188871365539     0.022566613816218     0.023092629827087
     0.007597464254992     0.002349399974709    -0.005827230074237
     0.014465579848527    -0.012026092882816    -0.011057794405030
57 75
     0.011526261085350     0.006671824118586    -0.006499785635557
    -0.008297325442641    -0.022365732476183     0.022912419107566
     0.003182112020526     0.018540606070704    -0.011057794405028
57 76
    -0.013188871365539    -0.007597464254992    -0.014465579848527
    -0.022566613816218     0.002349399974709    -0.012026092882816
    -0.023092629827087    -0.005827230074237    -0.011057794405030
57 77
    -0.014596596806057    -0.006784713592965    -0.016592844191530
    -0.021753863154191     0.003757125415226    -0.017085189033328
    -0.017647691869054    -0.006514513187888    -0.011057794405030
57 78
     0.011526261085350     0.008297325442641    -0.003182112020526
    -0.006671824118586    -0.022365732476183     0.018540606070704
     0.006499785635557     0.022912419107566    -0.011057794405028
57 79
    -0.014596596806057     0.021753863154191     0.017647691869054
     0.006784713592965     0.003757125415226    -0.006514513187888
     0.016592844191530    -0.017085189033328    -0.011057794405030
57 80
    -0.004444832086360    -0.002962220208031     0.000000000000000
     0.002962220208031    -0.004444832086361     0.000000000000000
    -0.000000000000000    -0.000000000000000    -0.002007482521861
65 1
    -0.095381672417093     0.011354725293911     0.042976766074099
     0.008995394101620    -0.017298398049403    -0.004165035728139
     0.033100045838517    -0.005445740776262    -0.031153425239735
65 2
     0.000053909128976    -0.000217216913787     0.000631850240333
     0.000314271686433    -0.000244339905296    -0.001060259067728
     0.000327887158870    -0.001762027606383     0.003170658957266
65 3
     0.000150394793775     0.001793921420891     0.002744324476439
    -0.000047503620636     0.003382656253719     0.004917499410953
    -0.000226083048695     0.003069964463478     0.005558190341687
65 4
    -0.000075261515791    -0.004051680313057    -0.001164523494656
    -0.002640276525164     0.010647790234923    -0.001588786843688
     0.000117999284275    -0.004044062138613    -0.003579706384371
65 5
    -0.003789416666756     0.002568712823187    -0.001201508999958
     0.002981436821262    -0.002611705612993    -0.004843504173460
    -0.006568052422171    -0.007695493482334     0.012136787345876
65 6
     0.014259838215167    -0.000105371966699     0.002625578187713
     0.001426399243628    -0.011965557952887     0.001840040419700
     0.006088595097420     0.001056295539116    -0.006706794915164
65 7
     0.000641587367702     0.005077441308092    -0.000886790943565
     0.002738793829508     0.008666609102657    -0.002057167955314
     0.001700246848181     0.004323540298043    -0.002914610787855
65 8
     0.001523751393609    -0.002424240955003    -0.002051904910404
     0.000063954272283     0.000412023431618     0.000692485189669
    -0.001863431180218     0.001456827648664     0.003793219688731
65 9
    -0.006383553297033     0.004050311531559    -0.004433120421875
     0.005329368208645    -0.004369961527378    -0.006358673504791
    -0.003522148364252    -0.002381063214370     0.008675633412473
65 10
     0.012075012475488     0.002269828244749     0.006501758296945
     0.000064751111067    -0.007978815880634    -0.003221161867159
     0.004786706563996    -0.002230807643329    -0.004741657898291
65 11
     0.000369573319070     0.001755776991139    -0.000002733675217
     0.004409794472193     0.009362955885103     0.004115065332100
    -0.000200837406272     0.001669739219288    -0.001319807228282
65 12
     0.003312868540580    -0.005646747262931    -0.002849884333710
    -0.000951648784039     0.002455996320426     0.001503652160641
    -0.001429535767028     0.003608082019283     0.003308307226282
65 13
    -0.033019807010597    -0.001020737494106     0.005054357576499
    -0.002490914832194    -0.018880370363564     0.001194140384985
     0.014697331667616    -0.001374030109063    -0.028824467067113
65 14
     0.003466850255823    -0.000079000985657     0.002506427222797
    -0.004458024830078    -0.000743853751019    -0.004264646882413
     0.002676866886736     0.000465651934764     0.004568454230583
65 15
    -0.000370007158932     0.004899323167089     0.005815417691171
     0.002059272239117     0.006193796020992     0.008961473438367
     0.001049995626257     0.005292656001938     0.006706373623904
65 16
     0.000380064408383    -0.003311466853613    -0.000651581359635
    -0.002980203895348     0.006518984185144     0.001135869985145
     0.001306037933434    -0.005291258096855    -0.003235402395294
65 17
    -0.045631076824618    -0.037718913859280    -0.025095409785289
    -0.040078245051565    -0.067048993641868    -0.035136453328598
    -0.021266172773928    -0.025942610174456    -0.031153425239738
65 18
     0.001818369798413    -0.000915502197293     0.002886517174762
    -0.002756927238820     0.001714681249082    -0.004835404418300
     0.002771708738435    -0.001339188568203     0.005558190341687
65 19
    -0.005309418669883    -0.002103863255588    -0.003593843157574
    -0.001691139257512    -0.001091703609866     0.003462289403568
    -0.003380466639273     0.009535846992156     0.012136787345877
65 20
     0.003275824573362    -0.004259671389306    -0.001338164237371
    -0.006598318867888     0.006032371896997     0.001796567462630
     0.002894172308299    -0.003634227112249    -0.002914610787855
65 21
    -0.000211803596063    -0.000160862373105    -0.001234136407412
     0.000370626227115     0.000021372819742    -0.000017068825653
    -0.001689904248732     0.000597055194036     0.003170658957267
65 22
     0.010864729608711    -0.003675930295499    -0.000793668020505
    -0.002264526507605    -0.000292200889577     0.001802900351519
    -0.003561260188661     0.001919840691497    -0.003579706384370
65 23
    -0.005981230501332     0.010259787228528     0.000280732653595
     0.011791558438852     0.008275510763608    -0.003193837620032
    -0.002129518777930    -0.005801025797280    -0.006706794915165
65 24
     0.001711989535840    -0.000172633614372     0.001625662221200
     0.002315561612913     0.000223785289386     0.001430759183724
     0.002193365342788     0.000885364915941     0.003793219688731
65 25
    -0.028007356458039     0.029903185353806    -0.017881356288810
     0.027543854161509    -0.084672714008446     0.039301489056729
    -0.011833873064588     0.031388350950710    -0.031153425239731
65 26
    -0.000502848082985    -0.001083935564712     0.004795352157532
    -0.000671211566636    -0.005898274196763     0.001381214769890
     0.009948519061444    -0.001840353509822     0.012136787345877
65 27
    -0.000127751697393    -0.000419153613438     0.000602286167078
     0.000112334986782    -0.000062679078927     0.001077327893380
     0.001362017089862     0.001164972412348     0.003170658957267
65 28
    -0.004837187320418    -0.012452072077319    -0.002906310841309
    -0.010920300866990     0.007131467582694     0.001353797200331
    -0.003959076319490     0.004744730258166    -0.006706794915164
65 29
     0.003330811979055     0.001883718338693    -0.005630841651201
     0.000042293297165     0.000202239068440    -0.000082094992654
    -0.002545625689740    -0.001730775895274     0.005558190341687
65 30
     0.010044882764477     0.002690201299088     0.002224955180937
     0.000351553820505    -0.000736686294116     0.000260600492683
    -0.004594419156481    -0.000689313185792    -0.002914610787855
65 31
     0.005069324985781     0.005610504926717     0.001958191515161
     0.007021908714608     0.005503203733351    -0.000214113507831
     0.003443260904386     0.002124221447119    -0.003579706384370
65 32
    -0.000332078691609    -0.001135418271554     0.000426242689204
     0.001352776955731     0.002267853516836    -0.002123244373394
    -0.000329934162569    -0.002342192564604     0.003793219688731
65 33
    -0.008934879936982    -0.003856359086281    -0.003290212578583
    -0.002577302409193    -0.001818634887430     0.007018531655773
    -0.000300987049536     0.004240801566525     0.008675633412475
65 34
     0.004444839485549    -0.006762650490430     0.003565117953440
    -0.004108633009374     0.005287689718625    -0.002055165233866
     0.001546455284733    -0.000660939313780    -0.001319807228282
65 35
    -0.020894639463408    -0.004509553915145    -0.001493022879166
    -0.005979731253232    -0.031005537910751    -0.004974272253553
    -0.008538610813822    -0.012041247537471    -0.028824467067114
65 36
     0.001539685027795    -0.003161833537194     0.004853154807381
    -0.006001884465165     0.004284103834265    -0.009517036173354
     0.004058576738041    -0.003555650887170     0.006706373623903
65 37
    -0.003976261306249     0.009202456127655    -0.006040487155133
     0.006997378993971     0.008072457901099    -0.004020106920840
    -0.004325289372077    -0.003030005663216    -0.004741657898291
65 38
     0.005527403675919    -0.000326913672478     0.002727143136426
     0.004368184806412     0.000241461185088     0.001716246150519
     0.003839458571151    -0.000566026719776     0.003308307226282
65 39
     0.002273412057718     0.005147056695016    -0.004946506149738
     0.000768032850593     0.000449584447086    -0.000038306206473
    -0.000935167038541    -0.002551060693844     0.004568454230583
65 40
     0.007708627591379    -0.001250944031127     0.001309482942350
    -0.000919681072863    -0.000809578997850    -0.000003648982497
    -0.005235382896575     0.001514567019769    -0.003235402395294
65 41
    -0.000811839002603    -0.002112537460909     0.007723333000458
    -0.000833480783821    -0.009941675821808    -0.000659858150984
     0.003823135413788    -0.001859738352156     0.008675633412474
65 42
    -0.023935819587243     0.007735557416383    -0.003561334697333
     0.006265380078294    -0.027964357786917     0.003780131868564
    -0.006158720853794     0.013415277646532    -0.028824467067112
65 43
    -0.001954456276961    -0.008164668671881    -0.000461271141812
    -0.010369745805561     0.006050652871811     0.007241268787999
    -0.000461417191919     0.005260813306547    -0.004741657898290
65 44
    -0.001655767556335     0.001500480057274     0.002440078926941
    -0.002878543787148     0.004378764061138     0.004302953088884
    -0.001741699848195     0.002085408759081     0.004568454230584
65 45
     0.009784381001644     0.001025847277708    -0.003562384278223
     0.003679864758763    -0.000051851797468    -0.002059900098234
    -0.001345617878460    -0.001008799905505    -0.001319807228282
65 46
     0.007566005424229     0.002522586762062    -0.010668572498552
    -0.000317464165909    -0.001742216562167     0.000555562734987
    -0.005108572364299    -0.001737005114768     0.006706373623903
65 47
    -0.000186974924988    -0.001068986782928     0.000122741197284
     0.003626111695962     0.005955839785994    -0.003219898311161
    -0.002409922804122    -0.003042055299505     0.003308307226281
65 48
     0.002259880890531     0.004065516447344    -0.000657901582715
     0.004396779405607     0.004639167702997    -0.001132221002649
     0.003929344963141     0.003776691077089    -0.003235402395294
65 49
    -0.004444832086360    -0.002962220208031     0.000000000000000
     0.002962220208031    -0.004444832086361     0.000000000000000
    -0.000000000000000    -0.000000000000000    -0.002007482521861
65 50
    -0.013188871365539     0.022566613816218     0.023092629827087
     0.007597464254992     0.002349399974709    -0.005827230074237
     0.014465579848527    -0.012026092882816    -0.011057794405030
65 51
     0.011526261085350     0.006671824118586    -0.006499785635557
    -0.008297325442641    -0.022365732476183     0.022912419107566
     0.003182112020526     0.018540606070704    -0.011057794405028
65 52
    -0.013188871365539    -0.007597464254992    -0.014465579848527
    -0.022566613816218     0.002349399974709    -0.012026092882816
    -0.023092629827087    -0.005827230074237    -0.011057794405030
65 53
    -0.014596596806057    -0.006784713592965    -0.016592844191530
    -0.021753863154191     0.003757125415226    -0.017085189033328
    -0.017647691869054    -0.006514513187888    -0.011057794405030
65 54
     0.011526261085350     0.008297325442641    -0.003182112020526
    -0.006671824118586    -0.022365732476183     0.018540606070704
     0.006499785635557     0.022912419107566    -0.011057794405028
65 55
    -0.014596596806057     0.021753863154191     0.017647691869054
     0.006784713592965     0.003757125415226    -0.006514513187888
     0.016592844191530    -0.017085189033328    -0.011057794405030
65 56
    -0.004444832086360    -0.002962220208031     0.000000000000000
     0.002962220208031    -0.004444832086361     0.000000000000000
    -0.000000000000000    -0.000000000000000    -0.002007482521861
65 57
     0.006979823989550     0.000000000000000    -0.000000000000000
     0.000000000000000     0.006979823989549     0.000000000000001
    -0.000000000000000     0.000000000000001    -0.017080396540009
65 58
    -0.046045656381337     0.042198517920218    -0.021444982430351
     0.042198517920218    -0.001433131487965    -0.000426630632808
    -0.021444982430351    -0.000426630632808     0.031125389091339
65 59
     0.023958725809653    -0.001781469017796     0.011091964181220
    -0.001781469017796    -0.071437513678954    -0.018358584251996
     0.011091964181220    -0.018358584251996     0.031125389091338
65 60
     0.001125386848119     0.003361266788596    -0.001833568454272
     0.003361266788596    -0.004373916184536    -0.001086215559937
    -0.001833568454272    -0.001086215559937    -0.008466737745029
65 61
    -0.049131251232268    -0.040417048902422     0.010353018249131
    -0.040417048902422     0.001652463362965     0.018785214884799
     0.010353018249131     0.018785214884799     0.031125389091341
65 62
    -0.005910032854192     0.000700634670396    -0.000023906041756
     0.000700634670396     0.002661503517775     0.002131024640946
    -0.000023906041756     0.002131024640946    -0.008466737745028
65 63
    -0.000088147998551    -0.004061901458992     0.001857474496027
    -0.004061901458992    -0.003160381337866    -0.001044809081008
     0.001857474496027    -0.001044809081008    -0.008466737745029
65 64
    -0.003557600768254     0.000000000000000    -0.000000000000000
     0.000000000000000    -0.003557600768255     0.000000000000000
    -0.000000000000000     0.000000000000000     0.007739429249743
65 65
     0.320043238606687     0.000000000000000     0.000000000000000
     0.000000000000000     0.320043238606687     0.000000000000002
     0.000000000000000     0.000000000000002     0.269262606660230
65 66
    -0.002339965230072     0.001235514031196    -0.005485355586143
     0.001235514031196     0.004442875626912     0.005561785966497
    -0.005485355586143     0.005561785966497    -0.010705223654224
65 67
     0.003817151950414     0.002319299230390    -0.002073970144326
     0.002319299230390    -0.001714241553573    -0.007531350269638
    -0.002073970144326    -0.007531350269638    -0.010705223654225
65 68
    -0.002073182756240     0.008500563174234     0.000042551133746
     0.008500563174234    -0.014749198607667     0.000370697087144
     0.000042551133746     0.000370697087144     0.008166758607085
65 69
     0.001677178874920    -0.003554813261586     0.007559325730469
    -0.003554813261586     0.000425731521921     0.001969564303143
     0.007559325730469     0.001969564303143    -0.010705223654224
65 70
    -0.018941898300171     0.001238594285937     0.000299757527704
     0.001238594285937     0.002119516936264    -0.000222198906356
     0.000299757527704    -0.000222198906356     0.008166758607085
65 71
    -0.004218490989448    -0.009739157460172    -0.000342308661449
    -0.009739157460172    -0.012603890374459    -0.000148498180790
    -0.000342308661449    -0.000148498180790     0.008166758607085
65 72
    -0.003490408410662     0.000000000000000    -0.000000000000000
     0.000000000000000    -0.003490408410662     0.000000000000000
    -0.000000000000000     0.000000000000000    -0.005247076582439
65 73
     0.041843195873303     0.000148387217644     0.000000000000000
    -0.000148387217644     0.041843195873302     0.000000000000005
    -0.000000000000000     0.000000000000005    -0.096035690569200
65 74
    -0.025653178068194     0.013407081064285    -0.020097666909417
     0.043613928490329     0.007267917147623     0.023680194287267
    -0.030556483274031     0.005564992956721    -0.012630861508198
65 75
     0.023728464755535    -0.015103423713021    -0.010458816364616
     0.015103423713021    -0.042113725676102    -0.029245187243987
     0.010458816364616    -0.029245187243987    -0.012630861508201
65 76
    -0.000956796923789     0.004328642225564    -0.001117174672397
     0.003448663203025    -0.005447026306556    -0.001593098061165
    -0.001938250727887    -0.000170952616178    -0.002126602743997
65 77
    -0.025653178068194    -0.043613928490329     0.030556483274031
    -0.013407081064285     0.007267917147623     0.005564992956721
     0.020097666909416     0.023680194287267    -0.012630861508198
65 78
    -0.007692140997938     0.000439989511270    -0.000821076055490
    -0.000439989511270     0.001288317767593     0.001764050677344
     0.000821076055490     0.001764050677344    -0.002126602743997
65 79
    -0.000956796923789    -0.003448663203025     0.001938250727887
    -0.004328642225564    -0.005447026306556    -0.000170952616178
     0.001117174672397    -0.001593098061165    -0.002126602743997
65 80
    -0.006199272795536     0.001701713595887     0.000000000000000
    -0.001701713595887    -0.006199272795537     0.000000000000000
    -0.000000000000000    -0.000000000000000    -0.000690565617450
73 1
    -0.000502848082984     0.001083935564711    -0.004795352157531
     0.000671211566637    -0.005898274196764     0.001381214769889
    -0.009948519061444    -0.001840353509822     0.012136787345877
73 2
     0.010044882764476    -0.002690201299089    -0.002224955180936
    -0.000351553820505    -0.000736686294117     0.000260600492684
     0.004594419156481    -0.000689313185792    -0.002914610787855
73 3
    -0.004837187320416     0.012452072077318     0.002906310841308
     0.010920300866991     0.007131467582696     0.001353797200332
     0.003959076319489     0.004744730258166    -0.006706794915164
73 4
    -0.000332078691608     0.001135418271554    -0.000426242689204
    -0.001352776955732     0.002267853516836    -0.002123244373394
     0.000329934162569    -0.002342192564604     0.003793219688731
73 5
    -0.028007356458036    -0.029903185353808     0.017881356288810
    -0.027543854161516    -0.084672714008463     0.039301489056738
     0.011833873064589     0.031388350950714    -0.031153425239732
73 6
     0.003330811979055    -0.001883718338693     0.005630841651200
    -0.000042293297166     0.000202239068439    -0.000082094992654
     0.002545625689740    -0.001730775895274     0.005558190341687
73 7
    -0.000127751697392     0.000419153613438    -0.000602286167078
    -0.000112334986782    -0.000062679078928     0.001077327893380
    -0.001362017089862     0.001164972412348     0.003170658957267
73 8
     0.005069324985781    -0.005610504926716    -0.001958191515161
    -0.007021908714609     0.005503203733351    -0.000214113507831
    -0.003443260904385     0.002124221447119    -0.003579706384370
73 9
     0.003466850255823     0.000079000985657    -0.002506427222796
     0.004458024830079    -0.000743853751018    -0.004264646882412
    -0.002676866886736     0.000465651934764     0.004568454230583
73 10
     0.012075012475488    -0.002269828244747    -0.006501758296944
    -0.000064751111069    -0.007978815880634    -0.003221161867158
    -0.004786706563996    -0.002230807643329    -0.004741657898291
73 11
     0.000380064408383     0.003311466853613     0.000651581359635
     0.002980203895349     0.006518984185144     0.001135869985145
    -0.001306037933434    -0.005291258096856    -0.003235402395294
73 12
     0.003312868540580     0.005646747262931     0.002849884333710
     0.000951648784040     0.002455996320426     0.001503652160641
     0.001429535767028     0.003608082019283     0.003308307226282
73 13
    -0.033019807010596     0.001020737494110    -0.005054357576498
     0.002490914832200    -0.018880370363564     0.001194140384986
    -0.014697331667614    -0.001374030109063    -0.028824467067113
73 14
    -0.006383553297032    -0.004050311531557     0.004433120421876
    -0.005329368208643    -0.004369961527377    -0.006358673504792
     0.003522148364252    -0.002381063214370     0.008675633412473
73 15
    -0.000370007158931    -0.004899323167090    -0.005815417691173
    -0.002059272239117     0.006193796020993     0.008961473438368
    -0.001049995626257     0.005292656001939     0.006706373623905
73 16
     0.000369573319071    -0.001755776991140     0.000002733675217
    -0.004409794472193     0.009362955885103     0.004115065332100
     0.000200837406272     0.001669739219288    -0.001319807228282
73 17
    -0.005309418669883     0.002103863255588     0.003593843157573
     0.001691139257514    -0.001091703609866     0.003462289403568
     0.003380466639273     0.009535846992156     0.012136787345877
73 18
    -0.005981230501330    -0.010259787228528    -0.000280732653594
    -0.011791558438851     0.008275510763610    -0.003193837620032
     0.002129518777931    -0.005801025797279    -0.006706794915165
73 19
    -0.045631076824626     0.037718913859294     0.025095409785297
     0.040078245051573    -0.067048993641874    -0.035136453328602
     0.021266172773931    -0.025942610174459    -0.031153425239740
73 20
    -0.000211803596063     0.000160862373105     0.001234136407412
    -0.000370626227114     0.000021372819743    -0.000017068825653
     0.001689904248732     0.000597055194036     0.003170658957266
73 21
     0.003275824573361     0.004259671389306     0.001338164237371
     0.006598318867888     0.006032371896997     0.001796567462630
    -0.002894172308300    -0.003634227112250    -0.002914610787855
73 22
     0.001711989535841     0.000172633614372    -0.001625662221200
    -0.002315561612913     0.000223785289387     0.001430759183724
    -0.002193365342787     0.000885364915941     0.003793219688731
73 23
     0.001818369798412     0.000915502197293    -0.002886517174761
     0.002756927238820     0.001714681249082    -0.004835404418300
    -0.002771708738434    -0.001339188568203     0.005558190341687
73 24
     0.010864729608710     0.003675930295499     0.000793668020505
     0.002264526507604    -0.000292200889577     0.001802900351519
     0.003561260188660     0.001919840691497    -0.003579706384370
73 25
    -0.003789416666757    -0.002568712823188     0.001201508999958
    -0.002981436821261    -0.002611705612992    -0.004843504173458
     0.006568052422171    -0.007695493482334     0.012136787345876
73 26
    -0.095381672417109    -0.011354725293915    -0.042976766074107
    -0.008995394101629    -0.017298398049401    -0.004165035728144
    -0.033100045838520    -0.005445740776263    -0.031153425239737
73 27
     0.000641587367702    -0.005077441308093     0.000886790943565
    -0.002738793829508     0.008666609102656    -0.002057167955314
    -0.001700246848182     0.004323540298044    -0.002914610787855
73 28
     0.000150394793774    -0.001793921420891    -0.002744324476439
     0.000047503620636     0.003382656253719     0.004917499410952
     0.000226083048695     0.003069964463478     0.005558190341688
73 29
     0.014259838215168     0.000105371966697    -0.002625578187714
    -0.001426399243627    -0.011965557952884     0.001840040419699
    -0.006088595097420     0.001056295539115    -0.006706794915164
73 30
     0.000053909128975     0.000217216913787    -0.000631850240334
    -0.000314271686433    -0.000244339905295    -0.001060259067728
    -0.000327887158870    -0.001762027606383     0.003170658957266
73 31
     0.001523751393609     0.002424240955003     0.002051904910404
    -0.000063954272283     0.000412023431619     0.000692485189669
     0.001863431180218     0.001456827648664     0.003793219688731
73 32
    -0.000075261515791     0.004051680313058     0.001164523494655
     0.002640276525163     0.010647790234922    -0.001588786843688
    -0.000117999284275    -0.004044062138613    -0.003579706384371
73 33
    -0.001655767556335    -0.001500480057275    -0.002440078926941
     0.002878543787147     0.004378764061138     0.004302953088883
     0.001741699848195     0.002085408759081     0.004568454230584
73 34
     0.002259880890531    -0.004065516447344     0.000657901582714
    -0.004396779405607     0.004639167702997    -0.001132221002649
    -0.003929344963142     0.003776691077089    -0.003235402395294
73 35
    -0.023935819587247    -0.007735557416387     0.003561334697333
    -0.006265380078295    -0.027964357786912     0.003780131868562
     0.006158720853793     0.013415277646530    -0.028824467067112
73 36
     0.007566005424230    -0.002522586762063     0.010668572498554
     0.000317464165910    -0.001742216562166     0.000555562734988
     0.005108572364299    -0.001737005114768     0.006706373623904
73 37
    -0.001954456276961     0.008164668671883     0.000461271141812
     0.010369745805559     0.006050652871812     0.007241268787997
     0.000461417191919     0.005260813306548    -0.004741657898290
73 38
    -0.000186974924989     0.001068986782928    -0.000122741197284
    -0.003626111695962     0.005955839785994    -0.003219898311160
     0.002409922804122    -0.003042055299505     0.003308307226281
73 39
    -0.000811839002603     0.002112537460908    -0.007723333000459
     0.000833480783821    -0.009941675821805    -0.000659858150984
    -0.003823135413788    -0.001859738352156     0.008675633412474
73 40
     0.009784381001644    -0.001025847277709     0.003562384278223
    -0.003679864758762    -0.000051851797468    -0.002059900098234
     0.001345617878461    -0.001008799905505    -0.001319807228282
73 41
     0.002273412057719    -0.005147056695016     0.004946506149737
    -0.000768032850594     0.000449584447085    -0.000038306206472
     0.000935167038541    -0.002551060693844     0.004568454230583
73 42
    -0.020894639463403     0.004509553915141     0.001493022879165
     0.005979731253230    -0.031005537910755    -0.004974272253551
     0.008538610813821    -0.012041247537469    -0.028824467067113
73 43
    -0.003976261306248    -0.009202456127653     0.006040487155132
    -0.006997378993973     0.008072457901100    -0.004020106920840
     0.004325289372077    -0.003030005663217    -0.004741657898291
73 44
    -0.008934879936980     0.003856359086280     0.003290212578583
     0.002577302409192    -0.001818634887430     0.007018531655775
     0.000300987049535     0.004240801566525     0.008675633412474
73 45
     0.007708627591379     0.001250944031127    -0.001309482942350
     0.000919681072863    -0.000809578997851    -0.000003648982496
     0.005235382896575     0.001514567019769    -0.003235402395294
73 46
     0.001539685027796     0.003161833537194    -0.004853154807381
     0.006001884465165     0.004284103834266    -0.009517036173356
    -0.004058576738041    -0.003555650887170     0.006706373623903
73 47
     0.005527403675918     0.000326913672478    -0.002727143136426
    -0.004368184806413     0.000241461185088     0.001716246150519
    -0.003839458571150    -0.000566026719776     0.003308307226282
73 48
     0.004444839485549     0.006762650490429    -0.003565117953440
     0.004108633009374     0.005287689718626    -0.002055165233866
    -0.001546455284733    -0.000660939313780    -0.001319807228282
73 49
    -0.003557600768254     0.000000000000000     0.000000000000000
    -0.000000000000000    -0.003557600768255    -0.000000000000000
     0.000000000000000    -0.000000000000000     0.007739429249743
73 50
     0.001125386848120    -0.003361266788596     0.001833568454272
    -0.003361266788596    -0.004373916184536    -0.001086215559937
     0.001833568454272    -0.001086215559937    -0.008466737745029
73 51
    -0.005910032854192    -0.000700634670396     0.000023906041756
    -0.000700634670396     0.002661503517776     0.002131024640946
     0.000023906041756     0.002131024640946    -0.008466737745028
73 52
    -0.046045656381336    -0.042198517920218     0.021444982430351
    -0.042198517920218    -0.001433131487965    -0.000426630632808
     0.021444982430351    -0.000426630632808     0.031125389091339
73 53
    -0.000088147998551     0.004061901458992    -0.001857474496027
     0.004061901458992    -0.003160381337865    -0.001044809081008
    -0.001857474496027    -0.001044809081008    -0.008466737745029
73 54
     0.023958725809654     0.001781469017796    -0.011091964181220
     0.001781469017796    -0.071437513678953    -0.018358584251996
    -0.011091964181220    -0.018358584251996     0.031125389091338
73 55
    -0.049131251232268     0.040417048902422    -0.010353018249131
     0.040417048902422     0.001652463362965     0.018785214884799
    -0.010353018249131     0.018785214884799     0.031125389091341
73 56
     0.006979823989550     0.000000000000000     0.000000000000000
    -0.000000000000000     0.006979823989549     0.000000000000001
     0.000000000000000     0.000000000000001    -0.017080396540009
73 57
    -0.004444832086360     0.002962220208031    -0.000000000000000
    -0.002962220208031    -0.004444832086361    -0.000000000000000
     0.000000000000000     0.000000000000000    -0.002007482521861
73 58
    -0.013188871365539     0.007597464254992     0.014465579848527
     0.022566613816218     0.002349399974709    -0.012026092882816
     0.023092629827087    -0.005827230074237    -0.011057794405030
73 59
     0.011526261085350    -0.008297325442641     0.003182112020526
     0.006671824118586    -0.022365732476183     0.018540606070704
    -0.006499785635557     0.022912419107566    -0.011057794405028
73 60
    -0.013188871365539    -0.022566613816218    -0.023092629827087
    -0.007597464254992     0.002349399974709    -0.005827230074237
    -0.014465579848527    -0.012026092882816    -0.011057794405030
73 61
    -0.014596596806057    -0.021753863154191    -0.017647691869054
    -0.006784713592965     0.003757125415226    -0.006514513187888
    -0.016592844191530    -0.017085189033328    -0.011057794405030
73 62
     0.011526261085350    -0.006671824118586     0.006499785635557
     0.008297325442641    -0.022365732476183     0.022912419107566
    -0.003182112020526     0.018540606070704    -0.011057794405028
73 63
    -0.014596596806057     0.006784713592965     0.016592844191530
     0.021753863154191     0.003757125415226    -0.017085189033328
     0.017647691869054    -0.006514513187888    -0.011057794405030
73 64
    -0.004444832086360     0.002962220208031    -0.000000000000000
    -0.002962220208031    -0.004444832086361    -0.000000000000000
     0.000000000000000     0.000000000000000    -0.002007482521861
73 65
     0.041843195873303    -0.000148387217644    -0.000000000000000
     0.000148387217644     0.041843195873302     0.000000000000005
     0.000000000000000     0.000000000000005    -0.096035690569200
73 66
    -0.025653178068194     0.043613928490329    -0.030556483274031
     0.013407081064285     0.007267917147623     0.005564992956721
    -0.020097666909417     0.023680194287267    -0.012630861508198
73 67
     0.023728464755535     0.015103423713021     0.010458816364616
    -0.015103423713021    -0.042113725676102    -0.029245187243987
    -0.010458816364616    -0.029245187243987    -0.012630861508201
73 68
    -0.000956796923789     0.003448663203025    -0.001938250727887
     0.004328642225564    -0.005447026306556    -0.000170952616178
    -0.001117174672397    -0.001593098061165    -0.002126602743997
73 69
    -0.025653178068194    -0.013407081064285     0.020097666909416
    -0.043613928490329     0.007267917147623     0.023680194287267
     0.030556483274031     0.005564992956721    -0.012630861508198
73 70
    -0.007692140997938    -0.000439989511270     0.000821076055490
     0.000439989511270     0.001288317767593     0.001764050677344
    -0.000821076055490     0.001764050677344    -0.002126602743997
73 71
    -0.000956796923789    -0.004328642225564     0.001117174672397
    -0.003448663203025    -0.005447026306556    -0.001593098061165
     0.001938250727887    -0.000170952616178    -0.002126602743997
73 72
    -0.006199272795536    -0.001701713595887    -0.000000000000000
     0.001701713595887    -0.006199272795537    -0.000000000000000
     0.000000000000000     0.000000000000000    -0.000690565617450
73 73
     0.320043238606688    -0.000000000000000     0.000000000000000
    -0.000000000000000     0.320043238606687     0.000000000000002
     0.000000000000000     0.000000000000002     0.269262606660230
73 74
     0.001677178874920     0.003554813261586    -0.007559325730469
     0.003554813261586     0.000425731521921     0.001969564303143
    -0.007559325730469     0.001969564303143    -0.010705223654224
73 75
     0.003817151950415    -0.002319299230390     0.002073970144326
    -0.002319299230390    -0.001714241553573    -0.007531350269638
     0.002073970144326    -0.007531350269638    -0.010705223654225
73 76
    -0.004218490989448     0.009739157460172     0.000342308661449
     0.009739157460172    -0.012603890374459    -0.000148498180790
     0.000342308661449    -0.000148498180790     0.008166758607085
73 77
    -0.002339965230072    -0.001235514031196     0.005485355586143
    -0.001235514031196     0.004442875626912     0.005561785966497
     0.005485355586143     0.005561785966497    -0.010705223654224
73 78
    -0.018941898300171    -0.001238594285937    -0.000299757527704
    -0.001238594285937     0.002119516936264    -0.000222198906356
    -0.000299757527704    -0.000222198906356     0.008166758607085
73 79
    -0.002073182756240    -0.008500563174234    -0.000042551133746
    -0.008500563174234    -0.014749198607666     0.000370697087144
    -0.000042551133746     0.000370697087144     0.008166758607085
73 80
    -0.003490408410661    -0.000000000000000     0.000000000000000
    -0.000000000000000    -0.003490408410662    -0.000000000000000
     0.000000000000000    -0.000000000000000    -0.005247076582439