0.000000000000000000e+00 -2.201231329762449659e-02 -8.571265606921868452e-03 -4.058074627910161422e-03 -3.874493005537205933e-06 -2.206930938697744863e-06 -1.442205881030190778e-06 3.068776965848464933e+00 3.069175982529221525e+00 4.285670819527778619e+00 4.285720468929635985e+00 7.091755830766663493e+00 7.092111642021738049e+00 8.496447777164929605e+00 8.496569670421076026e+00 8.865978324931470311e+00 8.875627325023950576e+00 1.039893298198662563e+01 1.039939946114570901e+01 1.106183583058375675e+01 1.106279859184778580e+01 1.176356902192460829e+01 1.176447723333618889e+01 1.280762026485822425e+01 1.280845567996419199e+01 1.524000251103186265e+01 1.524229500030231854e+01 1.779142851490590616e+01 1.779144932568402382e+01 2.291103788586673318e+01 2.291209017636753842e+01
1.519769838211115992e-03 -1.208559073315031498e-02 -6.802349666591133923e-03 5.930694304988928106e-02 6.113931178551533507e-02 9.451238599158709452e-02 9.943033039689273822e-02 3.068987642552344131e+00 3.069355434260184090e+00 4.286042579269995656e+00 4.286087830074343685e+00 7.091826726063595210e+00 7.092155667985625911e+00 8.496727259909715002e+00 8.496844644181230422e+00 8.866385175198692181e+00 8.875286804118912798e+00 1.039888152236826357e+01 1.039931172494175904e+01 1.106190272280960407e+01 1.106279239461969155e+01 1.176373700075952300e+01 1.176457474973387640e+01 1.280766718893767830e+01 1.280843833476108884e+01 1.524005156184291110e+01 1.524216760454976338e+01 1.779127152260941713e+01 1.779129091689063813e+01 2.291120708918195703e+01 2.291217823882042381e+01
3.039539676422231985e-03 -1.660479834036212438e-02 -1.076550384007911310e-02 1.212786544293885521e-01 1.221791759057105214e-01 1.930677544973593562e-01 1.965944816747130508e-01 3.069619333613874179e+00 3.069903852785415221e+00 4.287156496739878975e+00 4.287190280537925169e+00 7.092039153266797236e+00 7.092295915718181298e+00 8.497569789204977297e+00 8.497672267391330081e+00 8.867367408942506302e+00 8.874270941950362257e+00 1.039871608153991289e+01 1.039904940646292708e+01 1.106208005806814754e+01 1.106277351601080738e+01 1.176421866601860700e+01 1.176486809782235632e+01 1.280780733032949037e+01 1.280840645427238655e+01 1.524014262963623345e+01 1.524178628064920638e+01 1.779079991361279056e+01 1.779081536270473762e+01 2.291168875494135904e+01 2.291244277781560257e+01
4.559309514633348194e-03 -2.086096284470790457e-02 -1.688798538723610895e-02 1.826608139707604772e-01 1.831319915030380496e-01 2.912414584586902611e-01 2.933998870108914248e-01 3.070671278226367651e+00 3.070847076305500689e+00 4.289009033636410173e+00 4.289028590938748664e+00 7.092392097763143610e+00 7.092553174372265623e+00 8.498984033291472784e+00 8.499059428298172847e+00 8.868311601269221356e+00 8.872594007609084343e+00 1.039840846663826568e+01 1.039861495904021460e+01 1.106230727698475036e+01 1.106274111953165473e+01 1.176495669723359327e+01 1.176535927296972339e+01 1.280803895048197916e+01 1.280841180876047325e+01 1.524013080643709195e+01 1.524115303864208393e+01 1.779001184871127350e+01 1.779002176783111011e+01 2.291241587812550407e+01 2.291288453020472460e+01
6.079079352844464837e-03 -2.479630795943013957e-02 -2.304022090583884852e-02 2.438587547015557411e-01 2.440379305328513326e-01 3.891116666564394810e-01 3.900108710868888662e-01 3.072142884245555816e+00 3.072215909062370631e+00 4.291595887637720708e+00 4.291603198937982810e+00 7.092883284792184106e+00 7.092951651188974083e+00 8.500975535067382793e+00 8.501013990183363234e+00 8.868484308008913075e+00 8.870272307262288436e+00 1.039792580950315504e+01 1.039801189911888990e+01 1.106251049593543279e+01 1.106269384063880601e+01 1.176588261853636830e+01 1.176605054795900607e+01 1.280835956999120562e+01 1.280851603045708842e+01 1.523984134434694404e+01 1.524026968449597241e+01 1.778890455713230168e+01 1.778890882959962383e+01 2.291330764875847947e+01 2.291350387932259380e+01
7.598849191055581480e-03 -2.838316104639286228e-02 -2.838316096857741028e-02 3.049286853254828400e-01 3.049286853299228439e-01 4.865442284004098394e-01 4.865442284060776945e-01 3.074034242180973209e+00 3.074034242181559407e+00 4.294913630671612914e+00 4.294913630672958504e+00 7.093508864474633135e+00 7.093508864474783238e+00 8.503540906685358891e+00 8.503540906685726597e+00 8.867318504182533090e+00 8.867318504182554406e+00 1.039724436913108008e+01 1.039724436913136785e+01 1.106262971757892188e+01 1.106262971757902491e+01 1.176694368694270132e+01 1.176694368694423787e+01 1.280876632191853481e+01 1.280876632191861475e+01 1.523913660505413148e+01 1.523913660505460044e+01 1.778747489994511710e+01 1.778747489994547237e+01 2.291430019574595889e+01 2.291430019574737997e+01
9.118619029266696388e-03 -3.244515813400124932e-02 -3.148493618492519824e-02 3.657985770595991726e-01 3.658743553645111835e-01 5.830048204641844478e-01 5.834396116569873225e-01 3.076311558173984384e+00 3.076346209858060732e+00 4.298958519010687596e+00 4.298960763619434466e+00 7.094229086805456497e+00 7.094263591716472028e+00 8.506639326807000856e+00 8.506667843093660863e+00 8.863740819021030504e+00 8.864600515009074755e+00 1.039631705660597305e+01 1.039635836036616467e+01 1.106254603569481532e+01 1.106263736517109741e+01 1.176803984153608340e+01 1.176812044040816296e+01 1.280917957860787304e+01 1.280925607256148524e+01 1.523775250560110273e+01 1.523796062371318882e+01 1.778571790864104685e+01 1.778571997026998730e+01 2.291527170426921600e+01 2.291536688880685091e+01
1.063838886747781390e-02 -3.493989424797979554e-02 -3.379528310468443014e-02 4.266103037087856653e-01 4.266889396526803435e-01 6.792848512666437300e-01 6.797615990794935170e-01 3.079042584731511045e+00 3.079080023649127362e+00 4.303736206076784754e+00 4.303737684095096938e+00 7.095102602662372249e+00 7.095141384174793231e+00 8.510301736595870636e+00 8.510340414580502610e+00 8.859547906367195580e+00 8.860484429583159738e+00 1.039523549925090684e+01 1.039528048287129991e+01 1.106243922978275229e+01 1.106254107212746440e+01 1.176934018261214021e+01 1.176942798069113572e+01 1.280974086968416259e+01 1.280982523038222887e+01 1.523611528668862469e+01 1.523634363477784781e+01 1.778363524079894020e+01 1.778363733471951136e+01 2.291641597134084662e+01 2.291652030356088332e+01
1.215815870568892967e-02 -3.561146697344125950e-02 -3.479124546221079584e-02 4.873186112450242358e-01 4.873665883484427641e-01 7.752126787614004311e-01 7.755184851799148404e-01 3.082213174336078332e+00 3.082236734814347123e+00 4.309245421076345117e+00 4.309245795103297638e+00 7.096110288390231169e+00 7.096135814140492215e+00 8.514515034897042867e+00 8.514545553822511437e+00 8.854756509075592419e+00 8.855351667488029932e+00 1.039400652461571362e+01 1.039403512820949516e+01 1.106230502425709794e+01 1.106237152681717006e+01 1.177084679518073962e+01 1.177090268709290832e+01 1.281041490056783339e+01 1.281046935254932251e+01 1.523422350341201614e+01 1.523436988708730411e+01 1.778122369002218761e+01 1.778122476898740700e+01 2.291773069682071551e+01 2.291779749147246648e+01
1.367792854390004545e-02 -3.400338376855865929e-02 -3.366081982735597000e-02 5.478881951264613637e-01 5.479043337148929993e-01 8.706157434544683493e-01 8.707245518883159896e-01 3.085808721646384534e+00 3.085816902710873944e+00 4.315485761357302330e+00 4.315486176130434615e+00 7.097230821698312653e+00 7.097240146781451209e+00 8.519262408332945569e+00 8.519275660596985489e+00 8.849397357537030828e+00 8.849606521480565036e+00 1.039263848007762725e+01 1.039264855102730856e+01 1.106213884566842864e+01 1.106216295584273723e+01 1.177256318929471135e+01 1.177258295144057243e+01 1.281116325727124838e+01 1.281118278510550823e+01 1.523207748744701995e+01 1.523212946504485821e+01 1.777847954319949508e+01 1.777847971068625554e+01 2.291921430095212031e+01 2.291923797108590932e+01
1.519769838211116296e-02 -2.897719116453682450e-02 -2.897719108799882981e-02 6.082977617482352439e-01 6.082977617504872203e-01 9.653649563984789683e-01 9.653649564012601880e-01 3.089820805217359467e+00 3.089820805217923461e+00 4.322458122252068158e+00 4.322458122253372004e+00 7.098446923935856745e+00 7.098446923936015729e+00 8.524524429103067291e+00 8.524524429103431444e+00 8.843516264155129036e+00 8.843516264155175222e+00 1.039114106513672731e+01 1.039114106513700797e+01 1.106193631099618813e+01 1.106193631099627694e+01 1.177449407049697783e+01 1.177449407049852859e+01 1.281195855896563174e+01 1.281195855896570812e+01 1.522967945640646192e+01 1.522967945640692911e+01 1.777539877419375358e+01 1.777539877419410175e+01 2.292086594424971580e+01 2.292086594425111912e+01
1.671746822032227700e-02 -1.619409689759895160e-02 -1.610064394117300193e-02 6.685336525969355348e-01 6.685379613957509459e-01 1.059382115526832591e+00 1.059386678431727846e+00 3.094249071986510558e+00 3.094249350112033170e+00 4.330161373359234567e+00 4.330161747970242558e+00 7.099747450881763733e+00 7.099747922927936550e+00 8.530277498427523142e+00 8.530278123720743011e+00 8.837163132763556916e+00 8.837170875252171598e+00 1.038952439255257687e+01 1.038952491754663043e+01 1.106169246212868273e+01 1.106169350225868619e+01 1.177664346666765560e+01 1.177664455144710054e+01 1.281278857751813938e+01 1.281278959767098868e+01 1.522703066933654270e+01 1.522703265477696455e+01 1.777197712336278812e+01 1.777197767604435796e+01 2.292268418940703967e+01 2.292268499520791281e+01
1.823723805853339278e-02 2.557946052798828682e-02 2.582332560827946960e-02 7.285905784193430490e-01 7.286038537625640910e-01 1.152644544128143878e+00 1.152688087455151278e+00 3.099100387328349360e+00 3.099103360703350241e+00 4.338594907621839525e+00 4.338595349101549203e+00 7.101127927122337091e+00 7.101131869916775585e+00 8.536493567853211673e+00 8.536503279113036413e+00 8.830426673815676253e+00 8.830505595360971682e+00 1.038780073205578169e+01 1.038780463639135831e+01 1.106140661999312158e+01 1.106141682819660765e+01 1.177901922821968306e+01 1.177902606990337198e+01 1.281365673995687615e+01 1.281366429239064253e+01 1.522413971366586516e+01 1.522416066242796795e+01 1.776821016883078741e+01 1.776821138190973315e+01 2.292467030609860856e+01 2.292467984892070376e+01
1.975700789674451202e-02 4.456126358479470945e-02 4.481161163907843026e-02 7.884569765805193864e-01 7.884756049234787900e-01 1.245110614396312654e+00 1.245186434355956218e+00 3.104381767384077229e+00 3.104386685009875357e+00 4.347756853670222021e+00 4.347757732540656228e+00 7.102582196782879720e+00 7.102589224694715320e+00 8.543128616614298565e+00 8.543148716145209320e+00 8.823356560258176273e+00 8.823490589368153891e+00 1.038597985917986577e+01 1.038598650991702499e+01 1.106107183529714888e+01 1.106109004251454486e+01 1.178162203444209410e+01 1.178163408816595492e+01 1.281456315331746154e+01 1.281457656387888910e+01 1.522100246116023925e+01 1.522103877398644833e+01 1.776409316060392030e+01 1.776409454122023135e+01 2.292681976048808679e+01 2.292683621443297781e+01
2.127677773495562780e-02 6.177352285144423888e-02 6.191773677866804770e-02 8.481192042275432774e-01 8.481327645166226725e-01 1.336736837990118776e+00 1.336794566958569908e+00 3.110099749893031618e+00 3.110103275252793065e+00 4.357646086045153133e+00 4.357647041781471664e+00 7.104103144335115694e+00 7.104108594937446064e+00 8.550122326890679858e+00 8.550140643424118281e+00 8.816046409740334155e+00 8.816145265484216509e+00 1.038407345154564254e+01 1.038407843283037124e+01 1.106068446538735905e+01 1.106069866634915577e+01 1.178445627124627748e+01 1.178446532452394102e+01 1.281550609678728847e+01 1.281551640238401824e+01 1.521762117283359039e+01 1.521764880511975448e+01 1.775962091373711971e+01 1.775962178595139918e+01 2.292913032650654515e+01 2.292914278306814779e+01
2.279654757316674010e-02 7.889909593648199160e-02 7.889909596367429556e-02 9.075594452148958435e-01 9.075594452163587844e-01 1.427448036219136851e+00 1.427448036220932304e+00 3.116258215128916209e+00 3.116258215129499298e+00 4.368261806719362816e+00 4.368261806720651563e+00 7.105679370855735755e+00 7.105679370855892074e+00 8.557387726141802986e+00 8.557387726142126283e+00 8.808605991160691318e+00 8.808605991160774806e+00 1.038209320288671478e+01 1.038209320288698834e+01 1.106023917757753594e+01 1.106023917757759634e+01 1.178752530206045535e+01 1.178752530206202209e+01 1.281647447195985734e+01 1.281647447195993550e+01 1.521399578179283374e+01 1.521399578179330803e+01 1.775478780848341742e+01 1.775478780848377625e+01 2.293159853208242538e+01 2.293159853208383936e+01
2.431631741137785935e-02 9.628936636653499803e-02 9.638950865447280802e-02 9.667436394733975868e-01 9.667580743509470720e-01 1.517092584986575066e+00 1.517151656171345175e+00 3.122857286073084992e+00 3.122860343807109640e+00 4.379601432613789314e+00 4.379603124306488127e+00 7.107291259831068686e+00 7.107296966613447786e+00 8.564776203157602907e+00 8.564803251085278291e+00 8.801089958834673155e+00 8.801182685436311104e+00 1.038004640449787352e+01 1.038005136594331468e+01 1.105971514962887525e+01 1.105973046304559482e+01 1.179082404011272267e+01 1.179083290767905012e+01 1.281744082140883378e+01 1.281745152156022627e+01 1.521009830596494794e+01 1.521012679720391780e+01 1.774958722514228171e+01 1.774958794136779971e+01 2.293420834406925124e+01 2.293422100577150857e+01
2.583608724958897512e-02 1.143071518021195471e-01 1.144279213568341474e-01 1.025674047244092613e+00 1.025696195917548792e+00 1.605670558326061981e+00 1.605755811059460081e+00 3.129907327383798066e+00 3.129911236182793655e+00 4.391665832007936032e+00 4.391668927630409947e+00 7.108933762521780331e+00 7.108942000040936016e+00 8.572154620820271020e+00 8.572201675745798610e+00 8.793849672685029262e+00 8.793975681176224413e+00 1.037795354624943656e+01 1.037796064751601222e+01 1.105913065053894684e+01 1.105915340614886766e+01 1.179437072943252751e+01 1.179438320548599251e+01 1.281840458331150678e+01 1.281842013980849693e+01 1.520597436793466528e+01 1.520601592134185687e+01 1.774401439370538469e+01 1.774401534018097948e+01 2.293697648146349266e+01 2.293699474577465836e+01
2.735585708780008743e-02 1.330347292619308841e-01 1.331159065051041590e-01 1.084336815110619634e+00 1.084357002886823240e+00 1.693111820580619709e+00 1.693182258345381719e+00 3.137417073348619301e+00 3.137419790144574172e+00 4.404454681296773089e+00 4.404457918494575352e+00 7.110595597637631826e+00 7.110602304516321581e+00 8.579308733936269249e+00 8.579355655341215581e+00 8.787153423485053239e+00 8.787249845162826034e+00 1.037582804770918266e+01 1.037583390692037177e+01 1.105848483462769316e+01 1.105850424062037085e+01 1.179817015942731295e+01 1.179818018858901851e+01 1.281935390697061372e+01 1.281936684943599047e+01 1.520163105288536798e+01 1.520166601254034866e+01 1.773806336135499606e+01 1.773806410576481696e+01 2.293990187681335868e+01 2.293991700397733879e+01
2.887562692601120667e-02 1.524908038470203508e-01 1.525196085287860437e-01 1.142714564466353222e+00 1.142725644193509638e+00 1.779334072522049004e+00 1.779367020581257508e+00 3.145398116978785019e+00 3.145399072051855871e+00 4.417966808647300958e+00 4.417968754825998268e+00 7.112264532708403308e+00 7.112267534536106162e+00 8.585935187254953860e+00 8.585961582837162709e+00 8.781307819332122122e+00 8.781348605542076413e+00 1.037368107734762113e+01 1.037368384579303537e+01 1.105777100470250218e+01 1.105778038529785157e+01 1.180222270055018718e+01 1.180222724381973620e+01 1.282027614952200167e+01 1.282028221982742444e+01 1.519706375705615997e+01 1.519708059594505301e+01 1.773172800613426858e+01 1.773172839085741970e+01 2.294297782606221148e+01 2.294298494333337146e+01
3.039539676422232245e-02 1.726756933220503776e-01 1.726756933347502743e-01 1.200788189720402910e+00 1.200788189721456511e+00 1.864250324884360488e+00 1.864250324885651233e+00 3.153865614291173625e+00 3.153865614291804231e+00 4.432200141950057848e+00 4.432200141951301298e+00 7.113927789325894757e+00 7.113927789326030648e+00 8.591629269731352991e+00 8.591629269731571483e+00 8.776700944481863331e+00 8.776700944482056954e+00 1.037152285519294459e+01 1.037152285519320749e+01 1.105698002097626009e+01 1.105698002097630273e+01 1.180652697608379142e+01 1.180652697608537061e+01 1.282115818894763493e+01 1.282115818894771131e+01 1.519226336390025622e+01 1.519226336390074117e+01 1.772500226803323997e+01 1.772500226803358814e+01 2.294619534919290516e+01 2.294619534919434045e+01
3.191516660243343823e-02 1.935842892420082950e-01 1.936025445266545408e-01 1.258530687159562289e+00 1.258539687012625752e+00 1.947763563883886384e+00 1.947777186076574019e+00 3.162838568151361773e+00 3.162838798893297998e+00 4.447150770907611239e+00 4.447152219734590517e+00 7.115571883785150931e+00 7.115572911317156191e+00 8.595893569470760553e+00 8.595906293740842585e+00 8.773808471774835027e+00 8.773819507714753385e+00 1.036936304005850040e+01 1.036936418832136475e+01 1.105610157898760271e+01 1.105610514761730911e+01 1.181108138689191556e+01 1.181108282971122847e+01 1.282198465117211761e+01 1.282198666349869498e+01 1.518721800598527061e+01 1.518722509606262783e+01 1.771787975210822452e+01 1.771788018440043189e+01 2.294954457244206125e+01 2.294954729436778607e+01
3.343493644064455400e-02 2.152353657667057385e-01 2.152807336912394565e-01 1.315939178024321254e+00 1.315953460226074290e+00 2.029820984958361052e+00 2.029838674343680704e+00 3.172340191055433856e+00 3.172341041306070419e+00 4.462819137683277759e+00 4.462820845185005325e+00 7.117186372451001830e+00 7.117188677187894719e+00 8.598267826095618460e+00 8.598273638813676456e+00 8.773191614989308107e+00 8.773197353683883648e+00 1.036721628731838507e+01 1.036721713681033208e+01 1.105514343748778749e+01 1.105514503681465932e+01 1.181589210344186291e+01 1.181589259233382450e+01 1.282274768914217589e+01 1.282274805027215692e+01 1.518194838851872319e+01 1.518195295623743490e+01 1.771035498413397491e+01 1.771035575520108196e+01 2.295302853297615542e+01 2.295303049943140650e+01
3.495470627885566978e-02 2.376341428311871395e-01 2.376924013863649376e-01 1.373000311141694407e+00 1.373015234070938284e+00 2.110329738142274092e+00 2.110353752923965320e+00 3.182398355277848978e+00 3.182399458605865483e+00 4.479203363139799166e+00 4.479204364066828425e+00 7.118758804373444882e+00 7.118762543830507994e+00 8.598335750208329742e+00 8.598353994952855572e+00 8.775288704420322716e+00 8.775293603419990873e+00 1.036509412484407200e+01 1.036509461261381304e+01 1.105410208460927457e+01 1.105410512593473626e+01 1.182095958913039624e+01 1.182096094411222609e+01 1.282342833824968942e+01 1.282343061280375274e+01 1.517645756506400190e+01 1.517645902406573555e+01 1.770242224022051758e+01 1.770242303100997461e+01 2.295664260896226949e+01 2.295664508606168397e+01
3.647447611706678555e-02 2.607759786596737794e-01 2.608169135524956439e-01 1.429700684381165487e+00 1.429710591041209566e+00 2.189203059622895076e+00 2.189222823865123235e+00 3.193047145741628512e+00 3.193047875092998922e+00 4.496301097263718738e+00 4.496301347074534327e+00 7.120278058637260266e+00 7.120281168061386445e+00 8.595914023856868980e+00 8.595936694493380159e+00 8.780352760902552234e+00 8.780355918567421369e+00 1.036300811356519702e+01 1.036300866297130874e+01 1.105298159299501393e+01 1.105298540859040912e+01 1.182628709607028661e+01 1.182628859489549811e+01 1.282401332567863861e+01 1.282401595635200309e+01 1.517075100281679667e+01 1.517075457118776427e+01 1.769407587815621241e+01 1.769407633693728954e+01 2.296038542735661636e+01 2.296038794728355370e+01
3.799424595527790133e-02 2.846390285288020183e-01 2.846390285360355654e-01 1.486024777058432056e+00 1.486024777059320234e+00 2.266344066568903859e+00 2.266344066569891957e+00 3.204328982251568370e+00 3.204328982252163893e+00 4.514109698051544051e+00 4.514109698052710229e+00 7.121732566470760695e+00 7.121732566470887704e+00 8.591052455183286085e+00 8.591052455183346481e+00 8.788386515849460068e+00 8.788386515849810010e+00 1.036096957930229223e+01 1.036096957930253559e+01 1.105178560946980681e+01 1.105178560946982635e+01 1.183187546302265858e+01 1.183187546302424842e+01 1.282448811733392624e+01 1.282448811733399374e+01 1.516484079979038668e+01 1.516484079979087518e+01 1.768531040854024283e+01 1.768531040854060521e+01 2.296425458010941512e+01 2.296425458011083620e+01
3.951401579348901710e-02 3.091475086223386959e-01 3.091896221611308837e-01 1.541943021635327593e+00 1.541954029226999978e+00 2.341616366394156046e+00 2.341641380759472924e+00 3.216296168488278706e+00 3.216297054253327126e+00 4.532625750666888109e+00 4.532626516660631211e+00 7.123106055717037144e+00 7.123110090016811391e+00 8.583931553704690742e+00 8.583969147658576659e+00 8.799191971508697918e+00 8.799193052518864633e+00 1.035898718185787537e+01 1.035898801982160933e+01 1.105050773728672553e+01 1.105051387470933655e+01 1.183772066461337857e+01 1.183772270877109811e+01 1.282483356563928645e+01 1.282483752555278222e+01 1.515872349767955107e+01 1.515872996651913418e+01 1.767612036606131554e+01 1.767612068304045891e+01 2.296824080017953662e+01 2.296824437221351900e+01
4.103378563170013288e-02 3.343299223797790432e-01 3.343933567150222386e-01 1.597450607911956588e+00 1.597468517854763626e+00 2.414932109939867289e+00 2.414972211412315328e+00 3.229015509463181832e+00 3.229017303171074715e+00 4.551845609145227733e+00 4.551847318030035616e+00 7.124391353770277213e+00 7.124398009253025243e+00 8.574901442039342570e+00 8.574965072558303092e+00 8.812478843255767913e+00 8.812481123904156277e+00 1.035707057113222440e+01 1.035707189342172185e+01 1.104915465022562415e+01 1.104916507794119518e+01 1.184382224518996729e+01 1.184382547334676872e+01 1.282503963128126223e+01 1.282504622771210379e+01 1.515240878147987402e+01 1.515241968810454942e+01 1.766650159178766444e+01 1.766650207296971331e+01 2.297234213069179276e+01 2.297234789402453359e+01
4.255355546991124865e-02 3.601682458899008732e-01 3.602243508671730821e-01 1.652532795839542379e+00 1.652550099745999646e+00 2.486168123769561422e+00 2.486205103539108396e+00 3.242567996053016710e+00 3.242570180138170333e+00 4.571764766259592605e+00 4.571766775948781891e+00 7.125577552651649604e+00 7.125583930552179979e+00 8.564299617712668677e+00 8.564360120153324374e+00 8.827943731749998690e+00 8.827946737209545702e+00 1.035522819784843307e+01 1.035522935663863819e+01 1.104772969093469293e+01 1.104773976402898406e+01 1.185017748628578182e+01 1.185018039510272025e+01 1.282509264421853601e+01 1.282509891890540921e+01 1.514590322903782393e+01 1.514591355061737055e+01 1.765644977086623868e+01 1.765645039110231806e+01 2.297655385688850060e+01 2.297655913116156512e+01
4.407332530812235749e-02 3.866382285421034459e-01 3.866673161043374662e-01 1.707174856739455793e+00 1.707184726234567185e+00 2.555179606616868160e+00 2.555199176221059076e+00 3.257051601301519828e+00 3.257053115876776594e+00 4.592377713419281804e+00 4.592379021699542818e+00 7.126652664051641217e+00 7.126656203216396257e+00 8.552427236722136783e+00 8.552459767080533126e+00 8.845318438822070917e+00 8.845320344650826172e+00 1.035346798708804172e+01 1.035346855282837986e+01 1.104623662734888434e+01 1.104624218496084076e+01 1.185678322521799188e+01 1.185678472982540654e+01 1.282497689496782911e+01 1.282498031868361110e+01 1.513921419105224508e+01 1.513921972896646650e+01 1.764596110549525321e+01 1.764596163633893511e+01 2.298087126476524489e+01 2.298087400588803675e+01
4.559309514633347327e-02 4.137123707996420707e-01 4.137123708045927772e-01 1.761362262913055199e+00 1.761362262913787058e+00 2.621799374263957372e+00 2.621799374264601301e+00 3.272583510613632285e+00 3.272583510614214486e+00 4.613677722977230111e+00 4.613677722978295037e+00 7.127603973270275617e+00 7.127603973270363547e+00 8.539535753388552308e+00 8.539535753388587835e+00 8.864383132425150080e+00 8.864383132425546208e+00 1.035179735293873193e+01 1.035179735293897174e+01 1.104467991093418355e+01 1.104467991093419243e+01 1.186363591698630060e+01 1.186363591698790110e+01 1.282467508005967538e+01 1.282467508005974111e+01 1.513234999905241018e+01 1.513234999905290401e+01 1.763503218479924328e+01 1.763503218479960211e+01 2.298528983311446083e+01 2.298528983311590679e+01
4.711286498454458904e-02 4.413470851342295442e-01 4.413639693612464443e-01 1.815073887560098465e+00 1.815080888000483172e+00 2.685830388968161841e+00 2.685841049688015847e+00 3.289301258213881862e+00 3.289302572769304156e+00 4.635655649066972472e+00 4.635656727090203155e+00 7.128416718160440979e+00 7.128418869804054481e+00 8.525811570117234339e+00 8.525829368238532879e+00 8.884964531132983012e+00 8.884965762083696816e+00 1.035022283380916974e+01 1.035022308664144575e+01 1.104306169528453907e+01 1.104306500952953840e+01 1.187073055400316335e+01 1.187073137221890562e+01 1.282416773978233593e+01 1.282416979543880231e+01 1.512531681910747139e+01 1.512531990159532036e+01 1.762365908463491948e+01 1.762365989547965839e+01 2.298980383214489365e+01 2.298980522345285493e+01
4.863263482275570482e-02 4.695512865282530091e-01 4.695694656627986685e-01 1.868308802059765794e+00 1.868317060764274284e+00 2.747093410836329852e+00 2.747103085036587622e+00 3.307369490120529942e+00 3.307370872502551684e+00 4.658303951688875344e+00 4.658305251038280304e+00 7.129083569454815361e+00 7.129085558173888337e+00 8.511455819314868165e+00 8.511471682195653088e+00 8.906933712955575899e+00 8.906935034475948143e+00 1.034875093671735335e+01 1.034875120471574128e+01 1.104139525271523503e+01 1.104139850818129887e+01 1.187806354384889218e+01 1.187806435009541062e+01 1.282344282697591176e+01 1.282344498403334043e+01 1.511813087239608322e+01 1.511813376573104861e+01 1.761184016578719991e+01 1.761184160044394531e+01 2.299441189673279595e+01 2.299441306863409196e+01
5.015240466096682059e-02 4.982974769861486797e-01 4.983080190674190058e-01 1.921052454419731159e+00 1.921057454966535127e+00 2.805369020215791487e+00 2.805372292681184820e+00 3.326971875354235220e+00 3.326972142729282211e+00 4.681611586615574083e+00 4.681612317977018378e+00 7.129592888713798260e+00 7.129593225780648247e+00 8.496588326581669293e+00 8.496592350433651575e+00 8.930190362725273445e+00 8.930191170830099168e+00 1.034738659807245575e+01 1.034738682989170933e+01 1.103968643085723400e+01 1.103968790640893083e+01 1.188562791767652094e+01 1.188562828629159540e+01 1.282248512110628447e+01 1.282248643172767721e+01 1.511080070403709463e+01 1.511080176710052037e+01 1.759957398431376063e+01 1.759957543473920438e+01 2.299910843562225082e+01 2.299910872448830901e+01
5.167217449917793637e-02 5.275556486108192722e-01 5.275592211670006026e-01 1.973287380623309994e+00 1.973288980110740720e+00 2.860427118937039381e+00 2.860429871946598812e+00 3.348303833982428923e+00 3.348304660507426256e+00 4.705565138491037303e+00 4.705565294960305955e+00 7.129931568520954777e+00 7.129932503838418256e+00 8.481293436254018658e+00 8.481297119376613125e+00 8.954656504386599991e+00 8.954656838988704237e+00 1.034613414181338342e+01 1.034613426563308991e+01 1.103794017961591578e+01 1.103794119543544028e+01 1.189341528149246408e+01 1.189341533488638802e+01 1.282128015411260513e+01 1.282128096655470628e+01 1.510333403937249486e+01 1.510333453349639932e+01 1.758685968927874299e+01 1.758686052079103845e+01 2.300388702858305123e+01 2.300388733556356158e+01
5.319194433738905214e-02 5.572997441659314211e-01 5.572997441695565213e-01 2.024997411718032048e+00 2.024997411718662654e+00 2.912054515752929618e+00 2.912054515753260908e+00 3.371560785614050815e+00 3.371560785614486022e+00 4.730149342921960098e+00 4.730149342922925548e+00 7.130090282373554800e+00 7.130090282373640065e+00 8.465656652771816226e+00 8.465656652771846424e+00 8.980269804928097344e+00 8.980269804928479260e+00 1.034499741358991187e+01 1.034499741359013214e+01 1.103616443254111523e+01 1.103616443254113122e+01 1.190141655264757325e+01 1.190141655264917375e+01 1.281981490589145345e+01 1.281981490589150674e+01 1.509574151128121677e+01 1.509574151128171593e+01 1.757369695461665771e+01 1.757369695461700232e+01 2.300874269610289247e+01 2.300874269610432421e+01
5.471171417560016098e-02 5.875037966997295191e-01 5.875087805883469905e-01 2.076166697836926200e+00 2.076171360966313717e+00 2.960059496554142022e+00 2.960066666017431292e+00 3.396905884637707373e+00 3.396908886741517808e+00 4.755346779551953951e+00 4.755347740000588352e+00 7.130055118130600889e+00 7.130058443745411978e+00 8.449739144358172638e+00 8.449749793010619570e+00 9.006977904325038864e+00 9.006978378953185427e+00 1.034397980921721150e+01 1.034398002162156516e+01 1.103436524093455340e+01 1.103436774394835851e+01 1.190962213353812338e+01 1.190962237158032089e+01 1.281807491542529576e+01 1.281807634111095773e+01 1.508803352739563586e+01 1.508803511372343387e+01 1.756008557187535501e+01 1.756008607811389410e+01 2.301366960292352459e+01 2.301367019268256442e+01
5.623148401381127676e-02 6.181498038388745231e-01 6.181594148060772786e-01 2.126786026869401880e+00 2.126797046691561111e+00 3.004325397102549644e+00 3.004338470244299675e+00 3.424446708770472192e+00 3.424453059234952690e+00 4.781138627619649917e+00 4.781140947905029748e+00 7.129817224347447358e+00 7.129824583739600818e+00 8.433614302889283820e+00 8.433632548022719888e+00 9.034735884189021959e+00 9.034737023431288705e+00 1.034308458490309768e+01 1.034308531819110399e+01 1.103255371207277236e+01 1.103255834917221812e+01 1.191802201704945041e+01 1.191802244802269506e+01 1.281604855577346846e+01 1.281605106215319623e+01 1.508022364956599581e+01 1.508022668156773705e+01 1.754602764346979171e+01 1.754602825405780919e+01 2.301866346412117892e+01 2.301866418002299852e+01
5.775125385202239253e-02 6.492168635202393290e-01 6.492273037956629578e-01 2.176847612838032742e+00 2.176861899506461473e+00 3.044827628161374644e+00 3.044840941325458239e+00 3.454199260293695950e+00 3.454206515329676819e+00 4.807503917037937669e+00 4.807506974297584890e+00 7.129367760948609245e+00 7.129377072317374164e+00 8.417343099594456035e+00 8.417359456732125267e+00 9.063503123540835205e+00 9.063504699179112833e+00 1.034231474711451071e+01 1.034231600789638783e+01 1.103074037132563490e+01 1.103074507719008324e+01 1.192660520430770177e+01 1.192660559612751747e+01 1.281372407713820749e+01 1.281372648279665150e+01 1.507232504750298752e+01 1.507232851875969892e+01 1.753152487926048408e+01 1.753152573305636963e+01 2.302371929970201947e+01 2.302371949565974774e+01
5.927102369023350831e-02 6.806815798411683938e-01 6.806884577623539823e-01 2.226342850896240400e+00 2.226353492397959766e+00 3.081656213768738439e+00 3.081664037864602079e+00 3.486067246966173094e+00 3.486071760733459257e+00 4.834419108151119637e+00 4.834421420046905560e+00 7.128697795244994140e+00 7.128704711524291859e+00 8.400973075604547091e+00 8.400980490761810415e+00 9.093241587687852956e+00 9.093242818612987222e+00 1.034167316736881403e+01 1.034167433853473739e+01 1.102893476843123644e+01 1.102893742657551712e+01 1.193535925376668061e+01 1.193535943087008633e+01 1.281109061296397655e+01 1.281109185866620415e+01 1.506435044139800539e+01 1.506435300767335050e+01 1.751658034070007020e+01 1.751658122500640147e+01 2.302883100858213439e+01 2.302883136137131359e+01
6.079079352844462408e-02 7.125185926944705983e-01 7.125185926973204298e-01 2.275259474702521878e+00 2.275259474703277718e+00 3.115016943536547789e+00 3.115016943536556671e+00 3.519841143106227754e+00 3.519841143106497761e+00 4.861857739484932495e+00 4.861857739485727414e+00 7.127797205946243331e+00 7.127797205946313497e+00 8.384540411742131383e+00 8.384540411742172239e+00 9.123913928639742821e+00 9.123913928640083881e+00 1.034116264538557317e+01 1.034116264538580410e+01 1.102714521599863495e+01 1.102714521599867759e+01 1.194427006707888950e+01 1.194427006708047401e+01 1.280813868019547819e+01 1.280813868019552082e+01 1.505631256495201775e+01 1.505631256495252934e+01 1.750119832495690986e+01 1.750119832495725447e+01 2.303399345245670915e+01 2.303399345245815866e+01
6.231056336665573986e-02 7.446930850150588199e-01 7.447021294464728491e-01 2.323567497113831593e+00 2.323580966335645925e+00 3.145204658867088998e+00 3.145210881318702967e+00 3.555217695471573958e+00 3.555220523042093017e+00 4.889787462248662564e+00 4.889790477799273560e+00 7.126645277005137835e+00 7.126654252823722224e+00 8.368077164533852752e+00 8.368078897346103773e+00 9.155480514914051682e+00 9.155482046086032000e+00 1.034078400247229368e+01 1.034078607412026329e+01 1.102537803037390596e+01 1.102537974509124119e+01 1.195332186185818024e+01 1.195332210168310283e+01 1.280486036408333206e+01 1.280486077895143993e+01 1.504822054419543775e+01 1.504822457844915284e+01 1.748538213369086591e+01 1.748538387953121997e+01 2.303919974359665090e+01 2.303920129388371407e+01
6.383033320486684870e-02 7.771885835361178607e-01 7.772062170727681574e-01 2.371265184236391654e+00 2.371288539879476964e+00 3.172589732411140506e+00 3.172598393649634030e+00 3.591849302395604404e+00 3.591852258489581562e+00 4.918180231952351100e+00 4.918185542118966858e+00 7.125240361684275214e+00 7.125256223472597128e+00 8.351619888396049518e+00 8.351630202164367134e+00 9.187903861258917004e+00 9.187906321487048444e+00 1.034054259848200985e+01 1.034054669611324684e+01 1.102364482002264801e+01 1.102364739421081552e+01 1.196249766768135991e+01 1.196249839457757069e+01 1.280125135825253935e+01 1.280125214242946541e+01 1.504009211904775611e+01 1.504010009801119985e+01 1.746913923004343161e+01 1.746914272627468279e+01 2.304444528524930291e+01 2.304444881453204630e+01
6.535010304307796447e-02 8.099837140374254174e-01 8.100046388542079256e-01 2.418340077542383337e+00 2.418364483137006360e+00 3.197552052790384902e+00 3.197559436557845913e+00 3.629366594918830735e+00 3.629370942993149551e+00 4.947003624198077709e+00 4.947009261470112662e+00 7.123574043956732993e+00 7.123590947420969322e+00 8.335208985944968063e+00 8.335227135168619128e+00 9.221143052854865019e+00 9.221145310966678110e+00 1.034044362376982207e+01 1.034044842220078486e+01 1.102195462400707804e+01 1.102195797432195157e+01 1.197177926973479778e+01 1.197178040847237313e+01 1.279730800342137975e+01 1.279730971863438072e+01 1.503194378344982773e+01 1.503195316077973231e+01 1.745247729686052907e+01 1.745248138320788556e+01 2.304972578801466554e+01 2.304973026669864566e+01
6.686987288128908025e-02 8.430570667980090693e-01 8.430719145979369555e-01 2.464779441502070068e+00 2.464794852843321671e+00 3.220456700030719155e+00 3.220460588753028652e+00 3.667420981511962275e+00 3.667425755869265114e+00 4.976222878446603382e+00 4.976226496585818282e+00 7.121637523954333027e+00 7.121648396902714673e+00 8.318885308951729840e+00 8.318900900583265923e+00 9.255154224278852482e+00 9.255155398531359268e+00 1.034049283449863310e+01 1.034049617925502673e+01 1.102031766273082347e+01 1.102032052738451284e+01 1.198114723034596985e+01 1.198114821122367069e+01 1.279302961946076245e+01 1.279303129308865294e+01 1.502379157898314688e+01 1.502379811401303833e+01 1.743540462934572588e+01 1.743540744525109076e+01 2.305503673253482688e+01 2.305503999976074780e+01
6.838964271950019602e-02 8.763842783839052020e-01 8.763842783859621122e-01 2.510569923907669754e+00 2.510569923908187562e+00 3.241633826441519428e+00 3.241633826441897792e+00 3.705703769381811341e+00 3.705703769381951673e+00 5.005800804087380484e+00 5.005800804088082145e+00 7.119421448688609821e+00 7.119421448688661336e+00 8.302682131364695906e+00 8.302682131364742091e+00 9.289890056313209854e+00 9.289890056313531375e+00 1.034069626411008258e+01 1.034069626411027087e+01 1.101874375209372658e+01 1.101874375209377810e+01 1.199058051904223632e+01 1.199058051904383149e+01 1.278841734304627309e+01 1.278841734304632638e+01 1.501564935017037428e+01 1.501564935017090718e+01 1.741792985758051415e+01 1.741792985758086232e+01 2.306037245623059562e+01 2.306037245623203802e+01
6.990941255771131180e-02 9.099194586511885063e-01 9.099368823458973132e-01 2.555682098251781387e+00 2.555697208348560956e+00 3.261366755484472968e+00 3.261369629783513968e+00 3.743943593285893989e+00 3.743952534365330820e+00 5.035694422154008087e+00 5.035698092148712668e+00 7.116905304932012122e+00 7.116916266861359475e+00 8.286599991738068383e+00 8.286621658500946452e+00 9.325298799008681527e+00 9.325299424504592594e+00 1.034105669506401703e+01 1.034106054140853814e+01 1.101723642829145433e+01 1.101724081383443021e+01 1.200005454423723705e+01 1.200005606245571421e+01 1.278347174733453073e+01 1.278347444220457874e+01 1.500752099194392564e+01 1.500752836756409714e+01 1.740005899703119496e+01 1.740006209872598220e+01 2.306572205387717744e+01 2.306572592669763466e+01
7.142918239592242757e-02 9.436552198599249541e-01 9.436840233923773358e-01 2.600122392366874813e+00 2.600145846518012060e+00 3.279901240817501229e+00 3.279905267553984149e+00 3.781936075378252049e+00 3.781952916760333405e+00 5.065868267800285984e+00 5.065874064354703776e+00 7.114095848779851572e+00 7.114112986333159583e+00 8.270681091632699378e+00 8.270718281706056274e+00 9.361326264983608425e+00 9.361327064419075583e+00 1.034158756906055565e+01 1.034159392944396672e+01 1.101580709347482134e+01 1.101581498807972537e+01 1.200954560564565909e+01 1.200954840833577464e+01 1.277820215326995346e+01 1.277820703974474448e+01 1.499942671762889468e+01 1.499943869192126655e+01 1.738180649947200607e+01 1.738181147618858091e+01 2.307108306367235429e+01 2.307108944022337482e+01
7.294895223413354335e-02 9.775676243482956940e-01 9.775959243174999758e-01 2.643877343050622386e+00 2.643899331850482870e+00 3.297436939878571671e+00 3.297440410802827238e+00 3.819518038534128301e+00 3.819536243525533337e+00 5.096282102357066357e+00 5.096287629848512246e+00 7.110987876225125071e+00 7.111003961971276155e+00 8.254949182430824095e+00 8.254986506419085046e+00 9.397912006508104099e+00 9.397912940114508729e+00 1.034230145641948440e+01 1.034230774827890897e+01 1.101446358168871065e+01 1.101447186354439545e+01 1.201902655609670667e+01 1.201902959582664998e+01 1.277261993868266288e+01 1.277262509582168626e+01 1.499137982957232929e+01 1.499139139585687985e+01 1.736318494650636168e+01 1.736318969419902913e+01 2.307644959492500192e+01 2.307645581876966645e+01
7.446872207234465912e-02 1.011630192387873883e+00 1.011646692780611811e+00 2.686927836321327145e+00 2.686940251577702998e+00 3.314137059963714549e+00 3.314138879818105732e+00 3.856563345606328852e+00 3.856574746781483043e+00 5.126894899433777297e+00 5.126898068921343921e+00 7.107574266848595279e+00 7.107583292957753152e+00 8.239425975613283271e+00 8.239447942939321479e+00 9.434990738882435224e+00 9.434991471261536589e+00 1.034321389214559872e+01 1.034321760774334997e+01 1.101321277711871538e+01 1.101321786030514360e+01 1.202846721162316257e+01 1.202846914923911648e+01 1.276674007851008419e+01 1.276674326460030962e+01 1.498339348468680932e+01 1.498340011969497354e+01 1.734420762717283893e+01 1.734421031054226958e+01 2.308181570978788244e+01 2.308181930913650248e+01
7.598849191055577490e-02 1.045814509715207619e+00 1.045814509716844087e+00 2.729250217185564154e+00 2.729250217186030003e+00 3.330134722836914030e+00 3.330134722837395866e+00 3.892975184570842018e+00 3.892975184571015212e+00 5.157665340223358541e+00 5.157665340223938522e+00 7.103846622686049272e+00 7.103846622686114998e+00 8.224132476594155250e+00 8.224132476594204988e+00 9.472491593084143346e+00 9.472491593084416905e+00 1.034434403615580145e+01 1.034434403615597375e+01 1.101206072405776304e+01 1.101206072405784298e+01 1.203783401247260620e+01 1.203783401247418361e+01 1.276058129024443666e+01 1.276058129024450238e+01 1.497548087264348382e+01 1.497548087264402383e+01 1.732488854362605224e+01 1.732488854362638619e+01 2.308717558277308513e+01 2.308717558277451687e+01
7.750826174876689068e-02 1.080079072188010025e+00 1.080091837347199046e+00 2.770809360627265239e+00 2.770818750631355964e+00 3.345537922424512978e+00 3.345539097507481685e+00 3.928671701582637787e+00 3.928681375023733491e+00 5.188549886844853631e+00 5.188552323605211569e+00 7.099790498145073236e+00 7.099797024936445489e+00 8.209072957859040898e+00 8.209089778929556047e+00 9.510336319058213306e+00 9.510337166166799250e+00 1.034571255514688382e+01 1.034571555603100812e+01 1.101100873883615705e+01 1.101101296729428469e+01 1.204708828928191444e+01 1.204709003046412619e+01 1.275416389834187036e+01 1.275416659466058711e+01 1.496765017864747094e+01 1.496765515166182681e+01 1.730524075324272104e+01 1.730524266395212862e+01 2.309252085017469014e+01 2.309252358262103400e+01
7.902803158697800645e-02 1.114418039749131450e+00 1.114434629381266140e+00 2.811595455231604035e+00 2.811607798312329098e+00 3.360439504415730472e+00 3.360440886312265896e+00 3.963619106631453892e+00 3.963631981733974907e+00 5.219512230524700591e+00 5.219515400786741921e+00 7.095411727783728750e+00 7.095419881574676069e+00 8.194297275236426259e+00 8.194318664552076470e+00 9.548441386726349123e+00 9.548442610304423539e+00 1.034735370814895283e+01 1.034735773734348818e+01 1.101006919754143709e+01 1.101007483102147866e+01 1.205619280768288348e+01 1.205619520462385275e+01 1.274752047181502057e+01 1.274752410452682305e+01 1.495992276198242443e+01 1.495992912071308645e+01 1.728528394117325462e+01 1.728528625585646239e+01 2.309785069848570060e+01 2.309785421436168207e+01
8.054780142518912223e-02 1.148804844116273038e+00 1.148816993592673530e+00 2.851582973579725344e+00 2.851592321396555274e+00 3.374916100075595615e+00 3.374916981393937920e+00 3.997787661602294040e+00 3.997797122993192787e+00 5.250512784048881443e+00 5.250515083267820238e+00 7.090707179578587649e+00 7.090712802442755702e+00 8.179823260342853786e+00 8.179838277270512492e+00 9.586713546686407739e+00 9.586714511823837270e+00 1.034930368659513000e+01 1.034930677851254188e+01 1.100924719692781828e+01 1.100925140594186047e+01 1.206510466321378061e+01 1.206510649576993544e+01 1.274068494771596249e+01 1.274068769585107752e+01 1.495231021794508486e+01 1.495231479658842311e+01 1.726503558913332981e+01 1.726503708072374366e+01 2.310315942054731408e+01 2.310316197031204410e+01
8.206757126340023800e-02 1.183209196512301054e+00 1.183213900275398300e+00 2.890742424191844684e+00 2.890746333722049588e+00 3.389034021923317042e+00 3.389034284922117557e+00 4.031159787945348683e+00 4.031163293777619394e+00 5.281512170091841263e+00 5.281513008380964713e+00 7.085674167925398059e+00 7.085676071860203429e+00 8.165659578377205463e+00 8.165664852849422672e+00 9.625049051773260089e+00 9.625049528331036441e+00 1.035160591870863556e+01 1.035160721886692770e+01 1.100854557283997970e+01 1.100854724887382829e+01 1.207377691471421244e+01 1.207377766110284334e+01 1.273369622288434222e+01 1.273369732494220763e+01 1.494482138673991756e+01 1.494482313365272574e+01 1.724451391205169770e+01 1.724451432579656540e+01 2.310844023495688404e+01 2.310844121178853072e+01
8.358734110161135378e-02 1.217599767635531238e+00 1.217599767636884156e+00 2.929040084096352192e+00 2.929040084096754093e+00 3.402852826485088134e+00 3.402852826485604609e+00 4.063728201661551687e+00 4.063728201661800377e+00 5.312471987440367194e+00 5.312471987440840593e+00 7.080311182022125394e+00 7.080311182022189342e+00 8.151811444936926776e+00 8.151811444936983619e+00 9.663332700036040279e+00 9.663332700036264100e+00 1.035431348904590720e+01 1.035431348904606352e+01 1.100796599433391698e+01 1.100796599433402179e+01 1.208215854831726155e+01 1.208215854831878566e+01 1.272659900875587446e+01 1.272659900875597394e+01 1.493746400798560714e+01 1.493746400798617024e+01 1.722373832793392978e+01 1.722373832793425663e+01 2.311368618033609579e+01 2.311368618033755595e+01
8.510711093982246955e-02 1.251946628606754874e+00 1.251947879685504361e+00 2.966437197068840792e+00 2.966438099143460239e+00 3.416428232356440997e+00 3.416428458254397782e+00 4.095494426192499482e+00 4.095495704465879072e+00 5.343355640208676149e+00 5.343356010624492392e+00 7.074618482368295602e+00 7.074619460833181606e+00 8.138286839549857987e+00 8.138288827541247272e+00 9.701435868299119747e+00 9.701436744250308664e+00 1.035749154385270643e+01 1.035749197010238731e+01 1.100750985325989895e+01 1.100751071588479846e+01 1.209019403826920147e+01 1.209019479221542070e+01 1.271944449421647505e+01 1.271944493051719682e+01 1.493024609121518864e+01 1.493024675986523242e+01 1.720272978632319294e+01 1.720273030643321022e+01 2.311889102674621910e+01 2.311889114975260640e+01
8.662688077803358533e-02 1.286223843563290226e+00 1.286228947726255845e+00 3.002892410554692582e+00 3.002895103034992630e+00 3.429814571452954208e+00 3.429815156689343336e+00 4.126467047480293360e+00 4.126472465702151204e+00 5.374128779424061975e+00 5.374130300777661517e+00 7.068598205181634064e+00 7.068601696707632165e+00 8.125098986146268132e+00 8.125106865411018120e+00 9.739216658065783960e+00 9.739218618578947329e+00 1.036122079990987643e+01 1.036122198584655685e+01 1.100718036038195358e+01 1.100718275227607990e+01 1.209782439670175513e+01 1.209782636469864237e+01 1.271229139287645538e+01 1.271229280621720470e+01 1.492317743178822020e+01 1.492317954793406187e+01 1.718151079445360807e+01 1.718151222553454716e+01 2.312404967197979744e+01 2.312405054787841507e+01
8.814665061624468723e-02 1.320406168320349183e+00 1.320414132562192755e+00 3.038356277338312150e+00 3.038360980568913572e+00 3.443066619287333818e+00 3.443067316423775281e+00 4.156659173499209103e+00 4.156667406070369886e+00 5.404759135893638877e+00 5.404761481496787923e+00 7.062253956753698603e+00 7.062258962392078843e+00 8.112263854676516672e+00 8.112275340823316583e+00 9.776516339296151159e+00 9.776518783076516783e+00 1.036559789428902434e+01 1.036559975570409797e+01 1.100698044013253174e+01 1.100698381811270465e+01 1.210498613466470275e+01 1.210498886203891544e+01 1.270520474200240990e+01 1.270520686588858794e+01 1.491626760986942202e+01 1.491627069736326483e+01 1.716010506211650366e+01 1.716010694545172655e+01 2.312915768544726092e+01 2.312915910825746124e+01
8.966642045445580300e-02 1.354468214544782834e+00 1.354474471363501298e+00 3.072774000290102503e+00 3.072777948907289503e+00 3.456241289568693809e+00 3.456241712044152870e+00 4.186086135353392912e+00 4.186092535927310010e+00 5.435215936896176103e+00 5.435217808868580747e+00 7.055590254117207749e+00 7.055594005003222868e+00 8.099795023099376934e+00 8.099803660740578337e+00 9.813156946937562353e+00 9.813158673929253339e+00 1.037073814723469134e+01 1.037073963498145623e+01 1.100691269567007957e+01 1.100691523315591702e+01 1.211161184260926760e+01 1.211161392885712118e+01 1.269825556396052590e+01 1.269825721105470961e+01 1.490952538323248788e+01 1.490952772962017470e+01 1.713853710707954292e+01 1.713853845517071051e+01 2.313421061878567286e+01 2.313421173991555690e+01
9.118619029266691878e-02 1.388381921901749916e+00 1.388381921902833493e+00 3.106082808320846045e+00 3.106082808321135147e+00 3.469399148449405335e+00 3.469399148449889392e+00 4.214763778830070251e+00 4.214763778830435292e+00 5.465469349120161802e+00 5.465469349120533060e+00 7.048612237025008831e+00 7.048612237025078997e+00 8.087699774723764889e+00 8.087699774723816404e+00 9.848938867132998709e+00 9.848938867133151476e+00 1.037677650477588465e+01 1.037677650477601254e+01 1.100697820453249065e+01 1.100697820453262921e+01 1.211763054610455903e+01 1.211763054610600676e+01 1.269151950625657221e+01 1.269151950625674274e+01 1.490295735466551896e+01 1.490295735466609806e+01 1.711683204960721127e+01 1.711683204960753457e+01 2.313920341633457411e+01 2.313920341633604139e+01
9.270596013087803455e-02 1.422108950704920272e+00 1.422116435897743614e+00 3.138206451616690984e+00 3.138211583962080109e+00 3.482605555267783703e+00 3.482605712505552731e+00 4.242700288316670232e+00 4.242707879462257026e+00 5.495487975888325494e+00 5.495490352581485993e+00 7.041321677897684594e+00 7.041325858730131948e+00 8.075969211255866753e+00 8.075979009684530752e+00 9.883638291116655594e+00 9.883640114567317170e+00 1.038386651613837941e+01 1.038386830119196702e+01 1.100717362045594783e+01 1.100717644472894463e+01 1.212296615312610193e+01 1.212296867541103040e+01 1.268507386946804871e+01 1.268507576378758372e+01 1.489656526285699023e+01 1.489656794978135856e+01 1.709501430431222957e+01 1.709501572861345053e+01 2.314412908283361503e+01 2.314413041982905028e+01
9.422572996908915033e-02 1.455627668287163168e+00 1.455639673549006030e+00 3.169072766086643345e+00 3.169081269566292658e+00 3.495932176589731988e+00 3.495932352439917512e+00 4.269922286932143152e+00 4.269934392567894754e+00 5.525247169512174317e+00 5.525251117228603626e+00 7.033731953437411200e+00 7.033738388599195979e+00 8.064615004665846243e+00 8.064630580583797226e+00 9.917015741850757848e+00 9.917018493149177161e+00 1.039218548108092577e+01 1.039218828855641696e+01 1.100750183558982442e+01 1.100750614439344943e+01 1.212754757381260262e+01 1.212755163981826634e+01 1.267900320018127225e+01 1.267900610215463963e+01 1.489035610426077127e+01 1.489036033366673806e+01 1.707311286620624813e+01 1.707311501899104300e+01 2.314898369971984238e+01 2.314898586877374242e+01
9.574549980730026610e-02 1.488909101232437804e+00 1.488920390551609518e+00 3.198598039960322215e+00 3.198606296156241147e+00 3.509455131906827230e+00 3.509455839844877634e+00 4.296448601654954125e+00 4.296459867410291622e+00 5.554721733097055747e+00 5.554725584244867953e+00 7.025853098085207193e+00 7.025858828869860240e+00 8.053638529156934567e+00 8.053653332752597649e+00 9.948815243707688438e+00 9.948817660279155817e+00 1.040192353608860643e+01 1.040192608049813217e+01 1.100796267519479521e+01 1.100796644236841182e+01 1.213130209492367406e+01 1.213130588948316024e+01 1.267339111130441509e+01 1.267339362568877803e+01 1.488433362913714930e+01 1.488433753510669888e+01 1.705115620430442291e+01 1.705115809571499952e+01 2.315376238985541946e+01 2.315376449775565604e+01
9.726526964551138188e-02 1.521923056829363796e+00 1.521929298202278513e+00 3.226692336181612664e+00 3.226697072527364263e+00 3.523254668849292948e+00 3.523255500864381329e+00 4.322295285448144675e+00 4.322301395238864252e+00 5.583887593653291681e+00 5.583889806929703603e+00 7.017694989599090327e+00 7.017697923284488049e+00 8.043040492657297591e+00 8.043049019742323225e+00 9.978776751172675930e+00 9.978778005678504925e+00 1.041327467417975505e+01 1.041327600726459224e+01 1.100855571481158535e+01 1.100855757259742873e+01 1.213415925325181455e+01 1.213416128616014689e+01 1.266831960063303164e+01 1.266832079777600306e+01 1.487850086383322967e+01 1.487850298739629196e+01 1.702917348170529266e+01 1.702917444466786634e+01 2.315846056873700221e+01 2.315846181533982318e+01
9.878503948372249766e-02 1.554638568617054517e+00 1.554638568617934702e+00 3.253263684173956616e+00 3.253263684174115600e+00 3.537410750219552646e+00 3.537410750219931455e+00 4.347475895682979541e+00 4.347475895683443170e+00 5.612721779718509829e+00 5.612721779718813586e+00 7.009267748147493649e+00 7.009267748147578914e+00 8.032821187442575450e+00 8.032821187442621635e+00 1.000665299427788035e+01 1.000665299427793542e+01 1.042642024609195062e+01 1.042642024609201279e+01 1.100928069285339106e+01 1.100928069285355981e+01 1.213605366037473843e+01 1.213605366037601563e+01 1.266386647405417243e+01 1.266386647405449040e+01 1.487286019706847284e+01 1.487286019706906437e+01 1.700719461261028087e+01 1.700719461261059351e+01 2.316307393453377728e+01 2.316307393453523389e+01
1.003048093219336134e-01 1.587020226992210237e+00 1.587024513303881390e+00 3.278221101786850333e+00 3.278224842671502159e+00 3.551996004901752713e+00 3.551997738545814354e+00 4.371999047421331497e+00 4.372002833842103087e+00 5.641200842166998797e+00 5.641202515147385022e+00 7.000581175121083355e+00 7.000582741324375746e+00 8.022972389884484912e+00 8.022979730018732880e+00 1.003223060535558986e+01 1.003223159223044547e+01 1.044150614130194477e+01 1.044150701405662929e+01 1.101013713792713666e+01 1.101013783975545834e+01 1.213692751719783125e+01 1.213692863652202192e+01 1.266010221471458941e+01 1.266010247519754373e+01 1.486741189995604095e+01 1.486741334377525092e+01 1.698524987173365375e+01 1.698525043308303850e+01 2.316759715826808019e+01 2.316759830429991496e+01
1.018245791601447292e-01 1.619044621366921843e+00 1.619049933075164205e+00 3.301496056025543524e+00 3.301501447586717486e+00 3.567074013740116456e+00 3.567077557463076420e+00 4.395884403041071309e+00 4.395888509715875969e+00 5.669307025608825157e+00 5.669309263145779987e+00 6.991651562261817610e+00 6.991653445144946133e+00 8.013501933169639102e+00 8.013513036159565672e+00 1.005535729372937226e+01 1.005535897729875749e+01 1.045862152957194624e+01 1.045862284085377780e+01 1.101112774264422534e+01 1.101112805956190321e+01 1.213673883337271064e+01 1.213673992861253659e+01 1.265708817574393130e+01 1.265708857919528008e+01 1.486215938911850465e+01 1.486216125391692167e+01 1.696337203946604433e+01 1.696337281776969164e+01 2.317202763956867528e+01 2.317202943591131969e+01
1.033443489983558450e-01 1.650679962256535349e+00 1.650683872236566874e+00 3.323035059344747744e+00 3.323040057397189440e+00 3.582688062931195905e+00 3.582692286729889375e+00 4.419143070224206049e+00 4.419145394403014571e+00 5.697020720872083999e+00 5.697022581185755108e+00 6.982493175396246698e+00 6.982495227116986669e+00 8.004405398851346831e+00 8.004415764691581003e+00 1.007595876685197034e+01 1.007596062002675552e+01 1.047777433642257705e+01 1.047777575726121846e+01 1.101225251447015019e+01 1.101225333735390599e+01 1.213545776586086866e+01 1.213545867979797066e+01 1.265487095005035911e+01 1.265487212002259021e+01 1.485710250984280023e+01 1.485710406115403082e+01 1.694159366508337783e+01 1.694159452099422580e+01 2.317636129505046583e+01 2.317636303210217719e+01
1.048641188365669608e-01 1.681893082018382390e+00 1.681894894021980891e+00 3.342811973773191614e+00 3.342814969541153314e+00 3.598854432851674279e+00 3.598857394810272670e+00 4.441783992053224495e+00 4.441784916104788650e+00 5.724322780622393303e+00 5.724323800492393310e+00 6.973122278018774267e+00 6.973123942578042467e+00 7.995675770424606199e+00 7.995681663664676364e+00 1.009405046537503381e+01 1.009405169277663994e+01 1.049888247696196508e+01 1.049888346378238957e+01 1.101351365925603432e+01 1.101351461741244364e+01 1.213307162922065530e+01 1.213307248761557666e+01 1.265348242481450747e+01 1.265348355772967182e+01 1.485224026557255605e+01 1.485224114560903708e+01 1.691994830336327027e+01 1.691994894079252632e+01 2.318059395013148816e+01 2.318059497350926534e+01
1.063838886747780765e-01 1.712650676237516212e+00 1.712650676238221648e+00 3.360832976623243429e+00 3.360832976623329582e+00 3.615557039367315095e+00 3.615557039367487402e+00 4.463815252997703098e+00 4.463815252998220018e+00 5.751194767128963825e+00 5.751194767129231167e+00 6.963556214948497747e+00 6.963556214948604328e+00 7.987305262118995941e+00 7.987305262119039462e+00 1.010973385024373350e+01 1.010973385024376547e+01 1.052177745190002334e+01 1.052177745190004465e+01 1.101491440257655263e+01 1.101491440257675514e+01 1.212958619073730837e+01 1.212958619073834221e+01 1.265293695386399264e+01 1.265293695386454509e+01 1.484757141948310810e+01 1.484757141948371206e+01 1.689847029587839344e+01 1.689847029587870608e+01 2.318472159136428701e+01 2.318472159136574717e+01
1.079036585129891784e-01 1.742918250121546331e+00 1.742919776878456783e+00 3.377134821582586266e+00 3.377137723626462584e+00 3.632742715159814839e+00 3.632746043597905317e+00 4.485241537182165672e+00 4.485243454330722024e+00 5.777617893427472673e+00 5.777618912474048685e+00 6.953809993138196255e+00 6.953812304531726163e+00 7.979282373206261880e+00 7.979286850669615738e+00 1.012317853322424277e+01 1.012317974389956099e+01 1.054621987461082888e+01 1.054622095293638928e+01 1.101645778617210958e+01 1.101645930856762945e+01 1.212502317305948552e+01 1.212502462707840856e+01 1.265322960592751222e+01 1.265323125976254381e+01 1.484309371883888140e+01 1.484309460344609732e+01 1.687719372000802309e+01 1.687719452270523135e+01 2.318873973112667031e+01 2.318874057915018483e+01
1.094234283512002942e-01 1.772664657948996192e+00 1.772667170491308619e+00 3.391792331910994829e+00 3.391796772922027525e+00 3.650335859947391626e+00 3.650341173878747902e+00 4.506068049894552452e+00 4.506071773887672549e+00 5.803576225489186058e+00 5.803577893848466118e+00 6.943904187015273344e+00 6.943908063929941754e+00 7.971608979088100178e+00 7.971614752977267848e+00 1.013460226960216737e+01 1.013460407838083910e+01 1.057192733578940569e+01 1.057192898408600179e+01 1.101815251523936645e+01 1.101815511140416248e+01 1.211942452705013906e+01 1.211942707645234130e+01 1.265434237789336080e+01 1.265434519259298263e+01 1.483880680190030077e+01 1.483880818746980168e+01 1.685615505886534393e+01 1.685615638293835161e+01 2.319264654166569528e+01 2.319264770728971214e+01
1.109431981894114100e-01 1.801856686483696457e+00 1.801859110918694551e+00 3.404901800482357022e+00 3.404905802734760289e+00 3.668234008771399601e+00 3.668238957064592576e+00 4.526297442023077267e+00 4.526301382601435108e+00 5.829053135049758971e+00 5.829054737670689157e+00 6.933858223868758941e+00 6.933861946887564187e+00 7.964279539925521512e+00 7.964283725861134755e+00 1.014424121206826612e+01 1.014424282184164738e+01 1.059859493923771545e+01 1.059859637586138703e+01 1.102000887825082742e+01 1.102001139599404667e+01 1.211284724688611725e+01 1.211284977207870739e+01 1.265624054023100520e+01 1.265624330916603313e+01 1.483470893658305734e+01 1.483471018513869133e+01 1.683539059125850912e+01 1.683539186508177110e+01 2.319643916119520100e+01 2.319644009063560119e+01
1.124629680276225258e-01 1.830460067733034935e+00 1.830461396118747697e+00 3.416575499602396260e+00 3.416577598592361209e+00 3.686319167495780480e+00 3.686321808043292236e+00 4.545930179008203176e+00 4.545932493377887518e+00 5.854031842530954322e+00 5.854032724348702921e+00 6.923691902478031679e+00 6.923693944215804308e+00 7.957286222637436346e+00 7.957287837665161234e+00 1.015233043320354511e+01 1.015233130626850411e+01 1.062591577631941320e+01 1.062591647173826281e+01 1.102203985787565976e+01 1.102204125029998494e+01 1.210536191095145142e+01 1.210536333667876185e+01 1.265887537946727015e+01 1.265887696387467898e+01 1.483079758042829432e+01 1.483079820888766953e+01 1.681493686140407462e+01 1.681493758012634743e+01 2.320011455072072692e+01 2.320011497338723316e+01
1.139827378658336415e-01 1.858439243844528743e+00 1.858439243845056765e+00 3.426933337763093057e+00 3.426933337763425680e+00 3.704466667344437081e+00 3.704466667344491704e+00 4.564964453745513850e+00 4.564964453746103601e+00 5.878495120040335919e+00 5.878495120040572175e+00 6.913425622072437271e+00 6.913425622072573162e+00 7.950619703168483987e+00 7.950619703168521291e+00 1.015909024939074001e+01 1.015909024939084127e+01 1.065359392214704570e+01 1.065359392214713097e+01 1.102426201480691326e+01 1.102426201480710155e+01 1.209705012472802999e+01 1.209705012472879204e+01 1.266218669992974455e+01 1.266218669993054036e+01 1.482706949186365897e+01 1.482706949186426115e+01 1.679483068730854356e+01 1.679483068730884554e+01 2.320366959736379897e+01 2.320366959736526979e+01
1.155025077040447573e-01 1.885757041088544028e+00 1.885757828419349691e+00 3.436094816190248480e+00 3.436095976615254344e+00 3.722551677672174986e+00 3.722552943378062196e+00 4.583395057393792271e+00 4.583396469316633137e+00 5.902424788075452788e+00 5.902425269418333009e+00 6.903079627191001322e+00 6.903080800661325789e+00 7.944270727244258978e+00 7.944270935131568123e+00 1.016471825880545232e+01 1.016471905257381891e+01 1.068135098650162540e+01 1.068135123794076335e+01 1.102669630939659307e+01 1.102669713345899005e+01 1.208800092500342238e+01 1.208800190115783124e+01 1.266610481559506241e+01 1.266610595744963064e+01 1.482352097965213034e+01 1.482352120221855607e+01 1.677510872953360632e+01 1.677510926665911128e+01 2.320710121331337561e+01 2.320710139407379202e+01
1.170222775422558731e-01 1.912378218408750996e+00 1.912379280798039982e+00 3.444178781800964373e+00 3.444179869157911966e+00 3.740460646704380387e+00 3.740461246465858203e+00 4.601219700152181069e+00 4.601220867217677757e+00 5.925803852087826229e+00 5.925804217293079823e+00 6.892679098596657283e+00 6.892680192388369598e+00 7.938231986739129553e+00 7.938232679847049056e+00 1.016938930794017004e+01 1.016939072686194478e+01 1.070892880746347231e+01 1.070892933487038690e+01 1.102937344356735139e+01 1.102937424639116593e+01 1.207831171929374037e+01 1.207831305884250028e+01 1.267055797743106993e+01 1.267055943734523460e+01 1.482014935517539911e+01 1.482014958030967833e+01 1.675580946354127221e+01 1.675581022373594209e+01 2.321040721924676475e+01 2.321040745928519655e+01
1.185420473804669889e-01 1.938265645093829814e+00 1.938266948895170261e+00 3.451293706601988642e+00 3.451294111603111947e+00 3.758084969196565428e+00 3.758085948688012934e+00 4.618430927450481782e+00 4.618431146727915326e+00 5.948613455271790862e+00 5.948613546742944180e+00 6.882247440944539996e+00 6.882247986332401091e+00 7.932496996939812917e+00 7.932497806418894015e+00 1.017325322033980584e+01 1.017325484736739583e+01 1.073608621874427449e+01 1.073608721172946012e+01 1.103233114525998637e+01 1.103233157997540737e+01 1.206808125637831708e+01 1.206808263447661034e+01 1.267546970020735131e+01 1.267547086900560949e+01 1.481695126724476275e+01 1.481695181974180109e+01 1.673697076531512451e+01 1.673697148453093675e+01 2.321358538752393841e+01 2.321358565357402526e+01
1.200618172186781046e-01 1.963382315872685302e+00 1.963383409242662747e+00 3.457538528155089441e+00 3.457538838978020390e+00 3.775328942564833756e+00 3.775330526126587039e+00 4.635018821562261415e+00 4.635019716570079495e+00 5.970833796740809163e+00 5.970834088004151496e+00 6.871808939748901501e+00 6.871809476198389888e+00 7.927059970330396332e+00 7.927060216383456925e+00 1.017643744378912984e+01 1.017643857604684143e+01 1.076259618529379480e+01 1.076259711484547310e+01 1.103561761084628934e+01 1.103561799162362078e+01 1.205740956941283670e+01 1.205741057489076518e+01 1.268076250618539369e+01 1.268076316872517317e+01 1.481392398366389074e+01 1.481392455189578961e+01 1.671863057805684960e+01 1.671863103621667079e+01 2.321663385352320930e+01 2.321663403046895624e+01
1.215815870568892204e-01 1.987690749974404536e+00 1.987690749974826199e+00 3.463003704083593703e+00 3.463003704084028023e+00 3.792109286012375069e+00 3.792109286012539382e+00 4.650974779149841254e+00 4.650974779150456762e+00 5.992444697423437105e+00 5.992444697423654709e+00 6.861390260060064250e+00 6.861390260060229451e+00 7.921914480057044017e+00 7.921914480057073327e+00 1.017904938336287302e+01 1.017904938336301512e+01 1.078824041368033093e+01 1.078824041368047659e+01 1.103929375209506603e+01 1.103929375209523478e+01 1.204639653110380060e+01 1.204639653110431752e+01 1.268635953534500516e+01 1.268635953534601590e+01 1.481106442243932086e+01 1.481106442243995502e+01 1.670082676526515897e+01 1.670082676526545740e+01 2.321955082217897370e+01 2.321955082218045163e+01
1.231013568951003362e-01 2.011150845095975637e+00 2.011152409067766378e+00 3.467769533883676036e+00 3.467770459143382222e+00 3.808349425222839368e+00 3.808352717932501630e+00 4.666284987257919070e+00 4.666287379091295762e+00 6.013423150171584908e+00 6.013423821834873451e+00 6.851018213408733182e+00 6.851019321357346925e+00 7.917053448949282313e+00 7.917054880943225292e+00 1.018117792766593155e+01 1.018117916171662962e+01 1.081280328022109494e+01 1.081280476432976201e+01 1.104343247221126489e+01 1.104343328960314707e+01 1.203513926907644027e+01 1.203514055939970007e+01 1.269218451910757750e+01 1.269218536680551601e+01 1.480836807765257568e+01 1.480836902064134897e+01 1.668359638715077509e+01 1.668359690582901678e+01 2.322233430196965642e+01 2.322233451094328771e+01
1.246211267333114520e-01 2.033725216267813884e+00 2.033727887372452692e+00 3.471909412191513056e+00 3.471911268207684476e+00 3.823989472569328640e+00 3.823995775094318539e+00 4.680938604394063063e+00 4.680943430890753376e+00 6.033745297298403365e+00 6.033746601022991207e+00 6.840723754892451325e+00 6.840725705658972977e+00 7.912470426273307211e+00 7.912474766178604568e+00 1.018290074292179348e+01 1.018290262600353024e+01 1.083607394286248571e+01 1.083607665300638701e+01 1.104812084146156614e+01 1.104812238006760872e+01 1.202373586294484475e+01 1.202373797579181947e+01 1.269816499149689015e+01 1.269816656729736160e+01 1.480583221611668776e+01 1.480583396709883637e+01 1.666697732371094531e+01 1.666697818934120079e+01 2.322498274620527070e+01 2.322498325023887489e+01
1.261408965715225816e-01 2.055374904915127754e+00 2.055377526839184732e+00 3.475489125749139596e+00 3.475491251059784403e+00 3.838977250195468649e+00 3.838984148942690133e+00 4.694922981618971924e+00 4.694928517896480358e+00 6.053384520475344921e+00 6.053386027151148596e+00 6.830539505613062445e+00 6.830541364470613885e+00 7.908160540453279097e+00 7.908167218954686994e+00 1.018428258086109217e+01 1.018428420852431948e+01 1.085784347143975737e+01 1.085784635125709485e+01 1.105345492651533768e+01 1.105345658358138472e+01 1.201228082845403300e+01 1.201228278286828655e+01 1.270423072293708344e+01 1.270423247151846624e+01 1.480345368521549076e+01 1.480345562731565145e+01 1.665100652295555861e+01 1.665100739434020127e+01 2.322749468753858793e+01 2.322749546254338782e+01
1.276606664097336696e-01 2.076060548470423317e+00 2.076062026954118345e+00 3.478567910479846592e+00 3.478569349444965209e+00 3.853267616919284322e+00 3.853271987609460769e+00 4.708224000417802202e+00 4.708227688175137260e+00 6.072311386557326607e+00 6.072312474871376153e+00 6.820500093171897760e+00 6.820501033959483372e+00 7.904120499379154730e+00 7.904126166285793786e+00 1.018537838132419360e+01 1.018537917235676638e+01 1.087791257821319491e+01 1.087791435967643494e+01 1.105953104037310730e+01 1.105953210980987222e+01 1.200086559886719684e+01 1.200086659527361022e+01 1.271031475515831488e+01 1.271031591985719622e+01 1.480122952995825614e+01 1.480123084551395252e+01 1.663572029721709455e+01 1.663572083366423371e+01 2.322986902644026230e+01 2.322986971419642188e+01
1.291804362479447854e-01 2.095742683627195291e+00 2.095742683627539904e+00 3.481199324633089009e+00 3.481199324633619696e+00 3.866820956037771762e+00 3.866820956038038215e+00 4.720825992821428230e+00 4.720825992822082817e+00 6.090493452530759910e+00 6.090493452531017482e+00 6.810642395026999196e+00 6.810642395027217688e+00 7.900347224002694624e+00 7.900347224002723934e+00 1.018623496225278657e+01 1.018623496225290026e+01 1.089610657489724055e+01 1.089610657489753898e+01 1.106642899543190239e+01 1.106642899543194680e+01 1.198957859004111093e+01 1.198957859004148219e+01 1.271635365577247434e+01 1.271635365577362542e+01 1.479915691712732873e+01 1.479915691712795756e+01 1.662115420565929114e+01 1.662115420565956470e+01 2.323210482965866674e+01 2.323210482966011625e+01
1.307002060861559012e-01 2.114381212349073724e+00 2.114382149354439466e+00 3.483430525617812634e+00 3.483432156425549486e+00 3.879599020395033460e+00 3.879602820245472650e+00 4.732708629862941052e+00 4.732712317436926774e+00 6.107893319026794110e+00 6.107894930941591305e+00 6.801006131959089096e+00 6.801006307695404374e+00 7.896827551652124910e+00 7.896836145976569021e+00 1.018689178908155846e+01 1.018689256687923539e+01 1.091229666245221708e+01 1.091229811398269156e+01 1.107418664075261638e+01 1.107418793838773929e+01 1.197850545959626523e+01 1.197850574846085614e+01 1.272228633139756404e+01 1.272228762990026851e+01 1.479723132041151423e+01 1.479723293297975317e+01 1.660734238019974640e+01 1.660734293364730618e+01 2.323419988563929550e+01 2.323420103723833918e+01
1.322199759243670170e-01 2.131939450051103080e+00 2.131940422030114135e+00 3.485308441440278404e+00 3.485311222297265310e+00 3.891579167184330501e+00 3.891584312921682720e+00 4.743860710037242079e+00 4.743866284144888645e+00 6.124472914781732946e+00 6.124476102120294030e+00 6.791635610783927746e+00 6.791636263775435722e+00 7.893564816774044424e+00 7.893580635430793357e+00 1.018738367762114727e+01 1.018738560889741152e+01 1.092643034131010893e+01 1.092643219398855692e+01 1.108277753384431463e+01 1.108278001967672743e+01 1.196773116439590012e+01 1.196773142223156761e+01 1.272805828721671162e+01 1.272806050536424927e+01 1.479545147075562994e+01 1.479545439908078919e+01 1.659431917511633259e+01 1.659432011432281229e+01 2.323615409166798074e+01 2.323615631274467219e+01
1.337397457625781327e-01 2.148379313476747932e+00 2.148379818228054461e+00 3.486875057220506946e+00 3.486877974103760547e+00 3.902738374133971178e+00 3.902742288099018797e+00 4.754266907514884899e+00 4.754271882152607098e+00 6.140188930624664643e+00 6.140192737549514668e+00 6.782578893487353433e+00 6.782580429164640101e+00 7.890556082385565162e+00 7.890573326466332027e+00 1.018774015059317328e+01 1.018774293423257582e+01 1.093854149924747787e+01 1.093854277508730277e+01 1.109208973031119072e+01 1.109209266247551540e+01 1.195733731417756829e+01 1.195733833103344956e+01 1.273361734255150779e+01 1.273361969733341503e+01 1.479381466771452835e+01 1.479381794893021684e+01 1.658211712233048019e+01 1.658211811369913491e+01 2.323796665490885971e+01 2.323796918936505662e+01
1.352595156007892485e-01 2.163663246249210026e+00 2.163663578415321975e+00 3.488169045492699016e+00 3.488170920601286529e+00 3.913057031924997542e+00 3.913058659009786222e+00 4.763911329566147046e+00 4.763913941050644141e+00 6.154993089645940607e+00 6.154995812065975791e+00 6.773889371000259452e+00 6.773890858626928413e+00 7.887797504009532723e+00 7.887808684150333427e+00 1.018798697348945126e+01 1.018798923825096914e+01 1.094875043816510818e+01 1.094875087499229949e+01 1.110192783728103016e+01 1.110192989939073627e+01 1.194740477462469208e+01 1.194740586076370370e+01 1.273891473407510055e+01 1.273891628253383956e+01 1.479231821532065183e+01 1.479232046089140162e+01 1.657076720154761773e+01 1.657076784116892654e+01 2.323963673212070802e+01 2.323963845212489332e+01
1.367792854390003643e-01 2.177755485780525024e+00 2.177755485780781264e+00 3.489225882548136148e+00 3.489225882548734337e+00 3.922518803252268427e+00 3.922518803252532216e+00 4.772777793694297443e+00 4.772777793694991999e+00 6.168831552418040154e+00 6.168831552418318154e+00 6.765624675293913981e+00 6.765624675294185764e+00 7.885285079587009527e+00 7.885285079587045942e+00 1.018814659502085540e+01 1.018814659502096553e+01 1.095724265862509483e+01 1.095724265862554780e+01 1.111203408556166750e+01 1.111203408556175454e+01 1.193801165317294100e+01 1.193801165317318613e+01 1.274390519885653461e+01 1.274390519885777628e+01 1.479095960469228288e+01 1.479095960469292947e+01 1.656029858895916362e+01 1.656029858895944074e+01 2.324116349914461921e+01 2.324116349914606872e+01
1.382990552772114801e-01 2.190621036087287532e+00 2.190621876823162673e+00 3.490076073375997456e+00 3.490078010973863165e+00 3.931109654973830025e+00 3.931110795365863275e+00 4.780848873980485969e+00 4.780850443936109251e+00 6.181641715336349208e+00 6.181644991098682596e+00 6.757843888098279628e+00 6.757846251187387132e+00 7.883004779153783836e+00 7.883015841862961892e+00 1.018823531767517032e+01 1.018823850079901838e+01 1.096423649137278211e+01 1.096423686141683795e+01 1.112211845444035418e+01 1.112212075298517178e+01 1.192923129117864534e+01 1.192923313143215580e+01 1.274854541693592580e+01 1.274854713143201757e+01 1.478973407020579067e+01 1.478973664968572166e+01 1.655073785935293529e+01 1.655073850308439987e+01 2.324254440306403424e+01 2.324254627357327863e+01
1.398188251154225958e-01 2.202228207058803733e+00 2.202229888463568930e+00 3.490752013130346221e+00 3.490755096731275930e+00 3.938819709105835454e+00 3.938822396692505556e+00 4.788112703025936945e+00 4.788114441373076069e+00 6.193364007111147984e+00 6.193369507088739567e+00 6.750614659318395105e+00 6.750618917480463388e+00 7.880971597422057329e+00 7.880988506249730463e+00 1.018827387793146322e+01 1.018827949474010630e+01 1.096995250071413253e+01 1.096995342910854987e+01 1.113189773381562375e+01 1.113190136826383281e+01 1.192113799293085918e+01 1.192114136377007938e+01 1.275279989754997523e+01 1.275280274156899196e+01 1.478864322409306808e+01 1.478864751091802354e+01 1.654211116845286611e+01 1.654211216274113738e+01 2.324378158058771504e+01 2.324378458533819725e+01
1.413385949536337116e-01 2.212547327874129444e+00 2.212549227396368945e+00 3.491281346269471619e+00 3.491284294836734858e+00 3.945640216868299355e+00 3.945643718287616508e+00 4.794555393897082851e+00 4.794556445143469681e+00 6.203932715738474712e+00 6.203938205245206561e+00 6.744006011901010567e+00 6.744010472916965426e+00 7.879187588495171646e+00 7.879203007546077053e+00 1.018827813727541987e+01 1.018828396644968848e+01 1.097459139383914639e+01 1.097459255844743353e+01 1.114110911577036234e+01 1.114111249193567232e+01 1.191380199798045858e+01 1.191380557618015601e+01 1.275663531607596113e+01 1.275663815796307610e+01 1.478768635700344625e+01 1.478769061387028216e+01 1.653444185882652206e+01 1.653444277850546484e+01 2.324487525031399926e+01 2.324487813510322098e+01
1.428583647918448274e-01 2.221550999595010456e+00 2.221552246583085477e+00 3.491688676140690450e+00 3.491690361113957586e+00 3.951564203739824421e+00 3.951566696303649984e+00 4.800164400214003813e+00 4.800164747179506364e+00 6.213279799459145991e+00 6.213283046324542092e+00 6.738088191654746595e+00 6.738090921100114095e+00 7.877650887963578263e+00 7.877659257433879958e+00 1.018826060360602881e+01 1.018826416086255904e+01 1.097832324109273827e+01 1.097832403420301617e+01 1.114952285586165281e+01 1.114952469702986093e+01 1.190728968609928096e+01 1.190729190102960366e+01 1.276002175408265060e+01 1.276002345583282427e+01 1.478686201778457487e+01 1.478686453133143885e+01 1.652775095368360070e+01 1.652775146801723949e+01 2.324582502285552010e+01 2.324582667352609988e+01
1.443781346300559432e-01 2.229214242440173521e+00 2.229214242440415550e+00 3.491995499897703858e+00 3.491995499898330024e+00 3.956585784189484034e+00 3.956585784189813104e+00 4.804929091302371447e+00 4.804929091303074884e+00 6.221336710277168613e+00 6.221336710277492799e+00 6.732930804130830893e+00 6.732930804131147973e+00 7.876356110684433531e+00 7.876356110684462841e+00 1.018823041831014464e+01 1.018823041831026011e+01 1.098128483746502582e+01 1.098128483746554096e+01 1.115694558740911724e+01 1.115694558740924336e+01 1.190166250066732978e+01 1.190166250066751097e+01 1.276293262743471146e+01 1.276293262743602064e+01 1.478616791715047363e+01 1.478616791715111134e+01 1.652205704424299526e+01 1.652205704424326171e+01 2.324662989881628761e+01 2.324662989881775133e+01
1.458979044682670312e-01 2.235513710003101284e+00 2.235514959323835260e+00 3.492218983621571571e+00 3.492220241722963525e+00 3.960697573513359160e+00 3.960700023184513086e+00 4.808840475278043591e+00 4.808840772727098312e+00 6.228034516245210206e+00 6.228037062702879822e+00 6.728598428250282204e+00 6.728600657486635050e+00 7.875291390038063888e+00 7.875297030741451820e+00 1.018819134311385888e+01 1.018819426174160903e+01 1.098358130466328397e+01 1.098358204058639309e+01 1.116321856509883403e+01 1.116321977299256574e+01 1.189697389091539925e+01 1.189697574117895584e+01 1.276534354195073817e+01 1.276534496839837196e+01 1.478559953475893352e+01 1.478560150996783129e+01 1.651737573085398125e+01 1.651737616218252924e+01 2.324728745282387976e+01 2.324728868718002062e+01
1.474176743064781470e-01 2.240432612684348346e+00 2.240434569592133496e+00 3.492376714605820887e+00 3.492378301294922327e+00 3.963899705980460375e+00 3.963903071237190545e+00 4.811891432178180494e+00 4.811891948167096977e+00 6.233316697347413893e+00 6.233319962828697491e+00 6.725156260064705016e+00 6.725159151455704531e+00 7.874462965078626198e+00 7.874469782797041795e+00 1.018815389008189953e+01 1.018815768914825703e+01 1.098529317434113750e+01 1.098529418805861724e+01 1.116822012831126898e+01 1.116822154680653334e+01 1.189327483715546130e+01 1.189327727132560497e+01 1.276723793978418975e+01 1.276723991674154668e+01 1.478515835220740904e+01 1.478516088916585325e+01 1.651372092183487084e+01 1.651372160105682241e+01 2.324779901238130719e+01 2.324780057589238424e+01
1.489374441446892627e-01 2.243956658765962509e+00 2.243958543668287398e+00 3.492480928995661316e+00 3.492482016143871881e+00 3.966189843188452802e+00 3.966192306128195177e+00 4.814075817463399076e+00 4.814076266872801213e+00 6.237131289692703362e+00 6.237133556011977831e+00 6.722657152354488019e+00 6.722659173487415707e+00 7.873869987033062401e+00 7.873874540966950164e+00 1.018812339973692005e+01 1.018812606080334859e+01 1.098647783368030417e+01 1.098647861983255680e+01 1.117185718204627598e+01 1.117185809312900879e+01 1.189060444582994869e+01 1.189060619240492045e+01 1.276860148244160342e+01 1.276860310406022769e+01 1.478484362825726350e+01 1.478484538910634605e+01 1.651110304890272928e+01 1.651110373610857351e+01 2.324816439317764249e+01 2.324816548111070702e+01
1.504572139829003785e-01 2.246075517868230342e+00 2.246076648905485751e+00 3.492540150274261013e+00 3.492540492458168444e+00 3.967565411560881383e+00 3.967566257193531953e+00 4.815388691411101263e+00 4.815388886296186222e+00 6.239437543485441218e+00 6.239438267764507273e+00 6.721141099185540035e+00 6.721141746953278151e+00 7.873513207505340894e+00 7.873514695058742241e+00 1.018810362797487379e+01 1.018810447538910857e+01 1.098717385932330970e+01 1.098717420537872336e+01 1.117406486960987166e+01 1.117406514289004349e+01 1.188899094674879642e+01 1.188899156670382951e+01 1.276942385494073839e+01 1.276942467054004204e+01 1.478465492503508472e+01 1.478465548249078410e+01 1.650952951907461497e+01 1.650952995354997555e+01 2.324838357502754604e+01 2.324838394625172810e+01
1.519769838211114943e-01 2.246782919155819513e+00 2.246782919156032232e+00 3.492559349344741992e+00 3.492559349345379704e+00 3.968024259127441500e+00 3.968024259127759468e+00 4.815826742694976126e+00 4.815826742695678675e+00 6.240209310758788597e+00 6.240209310759111005e+00 6.720632948044480415e+00 6.720632948044833910e+00 7.873394114810416511e+00 7.873394114810447597e+00 1.018809679383713629e+01 1.018809679383724287e+01 1.098740351772933899e+01 1.098740351772986301e+01 1.117480497118535610e+01 1.117480497118548222e+01 1.188845128939543550e+01 1.188845128939558293e+01 1.276969890300600596e+01 1.276969890300732757e+01 1.478459204180190945e+01 1.478459204180255426e+01 1.650900469750947508e+01 1.650900469750974153e+01 2.324845664397437872e+01 2.324845664397584244e+01
1.519769838211114943e-01 2.246782919155819513e+00 2.246782919156032232e+00 3.492559349344741992e+00 3.492559349345379704e+00 3.968024259127441500e+00 3.968024259127759468e+00 4.815826742694976126e+00 4.815826742695678675e+00 6.240209310758788597e+00 6.240209310759111005e+00 6.720632948044480415e+00 6.720632948044833910e+00 7.873394114810416511e+00 7.873394114810447597e+00 1.018809679383713629e+01 1.018809679383724287e+01 1.098740351772933899e+01 1.098740351772986301e+01 1.117480497118535610e+01 1.117480497118548222e+01 1.188845128939543550e+01 1.188845128939558293e+01 1.276969890300600596e+01 1.276969890300732757e+01 1.478459204180190945e+01 1.478459204180255426e+01 1.650900469750947508e+01 1.650900469750974153e+01 2.324845664397437872e+01 2.324845664397584244e+01
1.529002596955323368e-01 2.246840656298906502e+00 2.246842109434007195e+00 3.492571133896627433e+00 3.492571781513046592e+00 3.968212997827798461e+00 3.968215237615182467e+00 4.815802354132182828e+00 4.815802777739150109e+00 6.240200831055920716e+00 6.240202155792010430e+00 6.720610544540421394e+00 6.720611340754464536e+00 7.873269822759694669e+00 7.873270797603934668e+00 1.018821465992969522e+01 1.018821518508286594e+01 1.098736864761214171e+01 1.098736877283518609e+01 1.117475308610673856e+01 1.117475330429838110e+01 1.188847523225240188e+01 1.188847551712133033e+01 1.276971668508179825e+01 1.276971763740602661e+01 1.478458908717762910e+01 1.478458925084380127e+01 1.650900066149999645e+01 1.650900131251651004e+01 2.324844316251256515e+01 2.324844352480954512e+01
1.538235355699531792e-01 2.247015373118013137e+00 2.247017719942679292e+00 3.492607139425863316e+00 3.492608218086467264e+00 3.968781462024111306e+00 3.968785099265764948e+00 4.815729657695484001e+00 4.815730398587218630e+00 6.240176915123013757e+00 6.240179150415738896e+00 6.720544356814767362e+00 6.720545638229672214e+00 7.872898878705946402e+00 7.872900666377037560e+00 1.018856850676741743e+01 1.018856946023356613e+01 1.098726414210502078e+01 1.098726444150691606e+01 1.117459793966188997e+01 1.117459835978121951e+01 1.188854719527491177e+01 1.188854774415847260e+01 1.276977109833702073e+01 1.276977266338455230e+01 1.478458044970890128e+01 1.478458084929296490e+01 1.650898933287330905e+01 1.650899038991322243e+01 2.324840319972409475e+01 2.324840381297583036e+01
1.547468114443740217e-01 2.247306542640362892e+00 2.247308882145392150e+00 3.492667144722612527e+00 3.492668272356685311e+00 3.969728685633313603e+00 3.969732344496834653e+00 4.815608712978539430e+00 4.815609537471948975e+00 6.240137732633947110e+00 6.240140110538412443e+00 6.720434696605038560e+00 6.720435966694497942e+00 7.872283885433577488e+00 7.872285980794786475e+00 1.018915740401502568e+01 1.018915850725173655e+01 1.098709005800776417e+01 1.098709047035502273e+01 1.117434041361491559e+01 1.117434092584251282e+01 1.188866678061023485e+01 1.188866744967498335e+01 1.276986208884907548e+01 1.276986369287759970e+01 1.478456645188931518e+01 1.478456700765196352e+01 1.650897080668782380e+01 1.650897186976336783e+01 2.324833696630122759e+01 2.324833762206951349e+01
1.556700873187948642e-01 2.247712955913126809e+00 2.247714395485637784e+00 3.492750695603267452e+00 3.492751432218787588e+00 3.971052641957411922e+00 3.971054921511644853e+00 4.815439615870325873e+00 4.815440189302099938e+00 6.240083409638660150e+00 6.240084991389034386e+00 6.720281938481975637e+00 6.720282713850130207e+00 7.871428525191969783e+00 7.871430050935920519e+00 1.018997961202395963e+01 1.018998040362306234e+01 1.098684643737583677e+01 1.098684676518965375e+01 1.117398192019077996e+01 1.117398230189209940e+01 1.188883336173216954e+01 1.188883385967120354e+01 1.276998937874330764e+01 1.276999040228041871e+01 1.478454745764718048e+01 1.478454790232952298e+01 1.650894511545124388e+01 1.650894577758079862e+01 2.324824467703876607e+01 2.324824511638376734e+01
1.565933631932157066e-01 2.248232689882609936e+00 2.248232689882823543e+00 3.492857106843775483e+00 3.492857106844404314e+00 3.972750247122219580e+00 3.972750247122544209e+00 4.815222505418735643e+00 4.815222505419431975e+00 6.240014007484689706e+00 6.240014007485019221e+00 6.720086539495387257e+00 6.720086539495722988e+00 7.870336872216793012e+00 7.870336872216820545e+00 1.019103237988709587e+01 1.019103237988719712e+01 1.098653322500645579e+01 1.098653322500698160e+01 1.117352431326820827e+01 1.117352431326832907e+01 1.188904607735393881e+01 1.188904607735408447e+01 1.277015243543479350e+01 1.277015243543610623e+01 1.478452366201866219e+01 1.478452366201931056e+01 1.650891222659987179e+01 1.650891222660013824e+01 2.324812645524340837e+01 2.324812645524486499e+01
1.575166390676365491e-01 2.248861748105863256e+00 2.248863169698759545e+00 3.492984644095319169e+00 3.492985480592923686e+00 3.974815119290932675e+00 3.974817448216874549e+00 4.814956846529526935e+00 4.814957568504677710e+00 6.239927678358674790e+00 6.239929527439025847e+00 6.719848340867129899e+00 6.719849090344721887e+00 7.869010945649342226e+00 7.869013010114746187e+00 1.019231080960184777e+01 1.019231184392244494e+01 1.098614976146782674e+01 1.098615023680506653e+01 1.117296931158264250e+01 1.117296983388771103e+01 1.188930315278167171e+01 1.188930383065996743e+01 1.277034937880579868e+01 1.277035048579818088e+01 1.478449433564166782e+01 1.478449498791178129e+01 1.650887139222851374e+01 1.650887206829087717e+01 2.324798176221788992e+01 2.324798228630179153e+01
1.584399149420573916e-01 2.249599030121035348e+00 2.249601311503836687e+00 3.493133301660922729e+00 3.493134746725067519e+00 3.977245544025141744e+00 3.977249360888379659e+00 4.814643755095390887e+00 4.814645051781506702e+00 6.239826742496542344e+00 6.239829966040601583e+00 6.719569187968356339e+00 6.719570375638779680e+00 7.867457371112303477e+00 7.867461191923669439e+00 1.019381122969566533e+01 1.019381310497765369e+01 1.098569630709030953e+01 1.098569719424964219e+01 1.117232015350924357e+01 1.117232111514142545e+01 1.188960405321637559e+01 1.188960529669349775e+01 1.277058071166829833e+01 1.277058258130841928e+01 1.478445991525959613e+01 1.478446114037430981e+01 1.650882346716398175e+01 1.650882457488616595e+01 2.324781113094820739e+01 2.324781205662020866e+01
1.593631908164782340e-01 2.250441437757837893e+00 2.250443697552251709e+00 3.493302179648440031e+00 3.493303720244829602e+00 3.980036532832403218e+00 3.980040402719140502e+00 4.814283854145100072e+00 4.814285281213825485e+00 6.239711956152036443e+00 6.239715411549248358e+00 6.719250258091843619e+00 6.719251419417339832e+00 7.865682171797704569e+00 7.865686497039185099e+00 1.019552839167617364e+01 1.019553046682819186e+01 1.098517281309184845e+01 1.098517381648875535e+01 1.117158016101882723e+01 1.117158123904347100e+01 1.188994754844571311e+01 1.188994893633297778e+01 1.277084574421734686e+01 1.277084769681670728e+01 1.478442040730252671e+01 1.478442180263575523e+01 1.650876861289784969e+01 1.650876973582039042e+01 2.324761466256430964e+01 2.324761566991011108e+01
1.602864666908990765e-01 2.251385338545400128e+00 2.251386720141187681e+00 3.493490147058714967e+00 3.493491159487479347e+00 3.983181942203296799e+00 3.983184368798417641e+00 4.813877721122247877e+00 4.813878683700950845e+00 6.239583864200972663e+00 6.239586139611483340e+00 6.718892799482566680e+00 6.718893501039869598e+00 7.863692680053365969e+00 7.863695678456762650e+00 1.019745633103871008e+01 1.019745773429567670e+01 1.098457924292445753e+01 1.098457993347981443e+01 1.117075307270612505e+01 1.117075381026746506e+01 1.189033206979609147e+01 1.189033301454820979e+01 1.277114356548672447e+01 1.277114482510454607e+01 1.478437591789512773e+01 1.478437688559859886e+01 1.650870692533664652e+01 1.650870762941412551e+01 2.324739251505262416e+01 2.324739318988234160e+01
1.612097425653199190e-01 2.252426642128008361e+00 2.252426642128253054e+00 3.493695804469048038e+00 3.493695804469659993e+00 3.986674415411159522e+00 3.986674415411508132e+00 4.813425803533872838e+00 4.813425803534594927e+00 6.239442657322626040e+00 6.239442657322942232e+00 6.718498141024790371e+00 6.718498141025110115e+00 7.861497769232728139e+00 7.861497769232752120e+00 1.019958843265282589e+01 1.019958843265294490e+01 1.098391557150541686e+01 1.098391557150593023e+01 1.116984299905924161e+01 1.116984299905935352e+01 1.189075561939927184e+01 1.189075561939941394e+01 1.277147302446495125e+01 1.277147302446627641e+01 1.478432670823598727e+01 1.478432670823662143e+01 1.650863842794815994e+01 1.650863842794840863e+01 2.324714493917688785e+01 2.324714493917835867e+01
1.621330184397407614e-01 2.253559556132892272e+00 2.253560902729677462e+00 3.493916380787808418e+00 3.493917513775199435e+00 3.990502950685061112e+00 3.990505450786537178e+00 4.812927308511348201e+00 4.812928429044275092e+00 6.239285664435252343e+00 6.239288198316317313e+00 6.718067069384741075e+00 6.718067744099468719e+00 7.859104094602961332e+00 7.859107780727888404e+00 1.020191583851709538e+01 1.020191747008870387e+01 1.098318097390142789e+01 1.098318180010589806e+01 1.116885351536970816e+01 1.116885439214490816e+01 1.189121467764502071e+01 1.189121578700548731e+01 1.277183139252445443e+01 1.277183275842111421e+01 1.478427201013348835e+01 1.478427318846048344e+01 1.650856237069645616e+01 1.650856309626452401e+01 2.324687149914404216e+01 2.324687228185598897e+01
1.630562943141616039e-01 2.254781267950807688e+00 2.254783414623196425e+00 3.494151568898307136e+00 3.494153497264696373e+00 3.994661465869711936e+00 3.994665571661565551e+00 4.812383985446963663e+00 4.812385921608741235e+00 6.239115938918483373e+00 6.239120223884306426e+00 6.717602194475829513e+00 6.717603274522153001e+00 7.856527591394601551e+00 7.856534140059628690e+00 1.020443279658525881e+01 1.020443560755133383e+01 1.098237655039299199e+01 1.098237799213043253e+01 1.116779050504439041e+01 1.116779203267142329e+01 1.189170796390928153e+01 1.189170988282655017e+01 1.277221897091569858e+01 1.277222126459503215e+01 1.478421377098643319e+01 1.478421584759417406e+01 1.650847971399861791e+01 1.650848090590618966e+01 2.324657359842559501e+01 2.324657495373028127e+01
1.639795701885824464e-01 2.256087163742063417e+00 2.256089275785703840e+00 3.494399954945332176e+00 3.494401975656463488e+00 3.999140364513594115e+00 3.999144530365238204e+00 4.811796730440058845e+00 4.811798785471088635e+00 6.238934192193178241e+00 6.238938642645557309e+00 6.717105586228779401e+00 6.717106665840817392e+00 7.853781659321112940e+00 7.853788809684527195e+00 1.020713139907236311e+01 1.020713437031173676e+01 1.098150278402645696e+01 1.098150432710903246e+01 1.116665939415244857e+01 1.116666102785208103e+01 1.189223310326177874e+01 1.189223513905054652e+01 1.277263461823800306e+01 1.277263699235597549e+01 1.478415290286324080e+01 1.478415514906449602e+01 1.650839067702074558e+01 1.650839188683003300e+01 2.324625193090851027e+01 2.324625337553906590e+01
1.649028460630032888e-01 2.257472130144153599e+00 2.257473412592344353e+00 3.494659989810248391e+00 3.494661293577312478e+00 4.003928849389797762e+00 4.003931460361698669e+00 4.811166542997295181e+00 4.811167883493489228e+00 6.238740957596197845e+00 6.238743797053470708e+00 6.716579476853557829e+00 6.716580153035210721e+00 7.850879011189219270e+00 7.850883812221768565e+00 1.021000267780795134e+01 1.021000460591587711e+01 1.098056014825205651e+01 1.098056116223580858e+01 1.116546573300858114e+01 1.116546680627891419e+01 1.189278757084776927e+01 1.189278889654809035e+01 1.277307690697237064e+01 1.277307842139605221e+01 1.478408994725594994e+01 1.478409143993258468e+01 1.650829540447199406e+01 1.650829616307130010e+01 2.324590698084379170e+01 2.324590792897289404e+01
1.658261219374241313e-01 2.258930576678882751e+00 2.258930576679130553e+00 3.494929982165769999e+00 3.494929982166397053e+00 4.009014906648674881e+00 4.009014906649010612e+00 4.810494533032537490e+00 4.810494533033254250e+00 6.238536563820180625e+00 6.238536563820483494e+00 6.716026272063393421e+00 6.716026272063670532e+00 7.847831031610884800e+00 7.847831031610930097e+00 1.021303646630251549e+01 1.021303646630263096e+01 1.097954908646005912e+01 1.097954908646056005e+01 1.116421509476285756e+01 1.116421509476294105e+01 1.189336869510548844e+01 1.189336869510562344e+01 1.277354409390206591e+01 1.277354409390339463e+01 1.478402491785429262e+01 1.478402491785493389e+01 1.650819396168824582e+01 1.650819396168849806e+01 2.324553893639304647e+01 2.324553893639451729e+01
1.667493978118449738e-01 2.260455335841969671e+00 2.260456568419248136e+00 3.495206732856063869e+00 3.495208138560671696e+00 4.014382710794257569e+00 4.014385390473807824e+00 4.809780474860591681e+00 4.809781945536514058e+00 6.238318234130241002e+00 6.238321207690158410e+00 6.715447834459514986e+00 6.715448564172129764e+00 7.844642371527683622e+00 7.844647963028174686e+00 1.021621943560404944e+01 1.021622152335162781e+01 1.097846895398506106e+01 1.097847008124787926e+01 1.116291186788655843e+01 1.116291306185572729e+01 1.189397222595774473e+01 1.189397367134252370e+01 1.277403258526219609e+01 1.277403418420443515e+01 1.478395567394197485e+01 1.478395737401112164e+01 1.650808558573621454e+01 1.650808636503011329e+01 2.324514668042535348e+01 2.324514773878416207e+01
1.676726736862658163e-01 2.262042080222713469e+00 2.262044031112190545e+00 3.495490294028437361e+00 3.495492643809750888e+00 4.020021786229414751e+00 4.020026173432898808e+00 4.809027725651977114e+00 4.809030200871149852e+00 6.238090212621406394e+00 6.238095095003840740e+00 6.714847889311959861e+00 6.714849146456577600e+00 7.841330180726708399e+00 7.841339886090206157e+00 1.021954241074106307e+01 1.021954589717102202e+01 1.097732189215728482e+01 1.097732380167285804e+01 1.116156327174253882e+01 1.116156529564874766e+01 1.189459716690354796e+01 1.189459958918936877e+01 1.277454242273752172e+01 1.277454506902560816e+01 1.478388379408564646e+01 1.478388671106798213e+01 1.650797135993838793e+01 1.650797263628241396e+01 2.324473145527669260e+01 2.324473325619392838e+01
1.685959495606866587e-01 2.263685054779080996e+00 2.263686960298258111e+00 3.495779336730030717e+00 3.495781756661922923e+00 4.025917867592529120e+00 4.025922302950952769e+00 4.808238378360927712e+00 4.808240942086061231e+00 6.237853658378511135e+00 6.237858586108000480e+00 6.714229680388458910e+00 6.714231037062289964e+00 7.837907725443358231e+00 7.837918099093710289e+00 1.022299381865426149e+01 1.022299739885541747e+01 1.097610929032149052e+01 1.097611128135385350e+01 1.116017553443685806e+01 1.116017764640767140e+01 1.189524097493087140e+01 1.189524347156134532e+01 1.277507198447166736e+01 1.277507468303969773e+01 1.478380947292649950e+01 1.478381255481611767e+01 1.650785156893462968e+01 1.650785285956209947e+01 2.324429362600661975e+01 2.324429551466344535e+01
1.695192254351075012e-01 2.265378415073922458e+00 2.265379563615216973e+00 3.496072351346452667e+00 3.496073887010656467e+00 4.032055334124757806e+00 4.032058102992390758e+00 4.807414442736659410e+00 4.807416077248932496e+00 6.237609222404014275e+00 6.237612279953349770e+00 6.713596604216309771e+00 6.713597518138376685e+00 7.834389462598937648e+00 7.834396292019567554e+00 1.022656173523135337e+01 1.022656399656226966e+01 1.097483278636838833e+01 1.097483406482470869e+01 1.115875488238192936e+01 1.115875623955275664e+01 1.189590073359365974e+01 1.189590231665738429e+01 1.277561942195348088e+01 1.277562111757399776e+01 1.478373308740934711e+01 1.478373509310420175e+01 1.650772641190422618e+01 1.650772721758014328e+01 2.324383366750433311e+01 2.324383488844751611e+01
1.704425013095283437e-01 2.267116292623314155e+00 2.267116292623580165e+00 3.496367626222684155e+00 3.496367626223296110e+00 4.038417182886856693e+00 4.038417182887230616e+00 4.806557806323437987e+00 4.806557806324166293e+00 6.237356998211549985e+00 6.237356998211816439e+00 6.712952180202652386e+00 6.712952180202899299e+00 7.830790958027975535e+00 7.830790958028026161e+00 1.023023396592849998e+01 1.023023396592862433e+01 1.097349427155582902e+01 1.097349427155631574e+01 1.115730747997443117e+01 1.115730747997448447e+01 1.189657313128062199e+01 1.189657313128075167e+01 1.277618264224643951e+01 1.277618264224775935e+01 1.478365519473646827e+01 1.478365519473710954e+01 1.650759599203158956e+01 1.650759599203184536e+01 2.324335216414667116e+01 2.324335216414813488e+01
1.713657771839491861e-01 2.268891765712914843e+00 2.268892853069401916e+00 3.496661719833140225e+00 3.496663325563427627e+00 4.044982353164068734e+00 4.044985171134878321e+00 4.805668628168946022e+00 4.805670347884875682e+00 6.237093676469774195e+00 6.237096710845910330e+00 6.712298945976133524e+00 6.712300049385494738e+00 7.827120782652656317e+00 7.827128458790954646e+00 1.023399573083584002e+01 1.023399806072035823e+01 1.097209456156776142e+01 1.097209592898102137e+01 1.115583794798335582e+01 1.115583940112070138e+01 1.189725294556297897e+01 1.189725459059939716e+01 1.277675762663504777e+01 1.277675936364454756e+01 1.478357425013889070e+01 1.478357645443651158e+01 1.650745952736636113e+01 1.650746034635125170e+01 2.324284844328574451e+01 2.324284976966673710e+01
1.722890530583700286e-01 2.270700627880342992e+00 2.270702335716058062e+00 3.496954994882282008e+00 3.496957641571452058e+00 4.051735486172038492e+00 4.051740080844159486e+00 4.804751331408144033e+00 4.804754170237589328e+00 6.236823211105716247e+00 6.236828065233029683e+00 6.711642047677679024e+00 6.711644014182792439e+00 7.823405180011105742e+00 7.823418289436941286e+00 1.023783746096419200e+01 1.023784126259967309e+01 1.097063802843524805e+01 1.097064030790200206e+01 1.115435420554637957e+01 1.115435662789954918e+01 1.189793880605429521e+01 1.189794150296464359e+01 1.277734439660100207e+01 1.277734722870057205e+01 1.478349378559899563e+01 1.478349750970343734e+01 1.650731817228436071e+01 1.650731950577909046e+01 2.324232491616930574e+01 2.324232714579196823e+01
1.732123289327908711e-01 2.272537417839722185e+00 2.272539072989852915e+00 3.497246272997599714e+00 3.497248962945565864e+00 4.058657382242396139e+00 4.058662009445254348e+00 4.803808979795332945e+00 4.803811866125702323e+00 6.236546328849302157e+00 6.236551104302807680e+00 6.710985951364643931e+00 6.710988115183794456e+00 7.819662523797728859e+00 7.819676322214000663e+00 1.024174660122791991e+01 1.024175041878772774e+01 1.096912807625400710e+01 1.096913041983790471e+01 1.115286257104551026e+01 1.115286506008866496e+01 1.189862775359280356e+01 1.189863047562629284e+01 1.277794108851208676e+01 1.277794393407197937e+01 1.478341500308477308e+01 1.478341888219661016e+01 1.650717222262273154e+01 1.650717356276809511e+01 2.324178259671227664e+01 2.324178490847885570e+01
1.741356048072117135e-01 2.274396507938061252e+00 2.274397497717476124e+00 3.497534306833129936e+00 3.497535992859138076e+00 4.065727701513396575e+00 4.065730580145188178e+00 4.802844905228859318e+00 4.802846712906754689e+00 6.236263533208130205e+00 6.236266422667488207e+00 6.710335251519062183e+00 6.710336719645359160e+00 7.815908780583054494e+00 7.815917732772345694e+00 1.024570954436271641e+01 1.024571190380200214e+01 1.096756834330600405e+01 1.096756982990673990e+01 1.115136893774839777e+01 1.115137051449590189e+01 1.189931680021694582e+01 1.189931849182821821e+01 1.277854556586903279e+01 1.277854732781905867e+01 1.478333843626589150e+01 1.478334092779812714e+01 1.650702188878310395e+01 1.650702272008295424e+01 2.324122212818930677e+01 2.324122360681211674e+01
1.750588806816325560e-01 2.276272150254674997e+00 2.276272150254993409e+00 3.497817768662194737e+00 3.497817768662798699e+00 4.072924998120803330e+00 4.072924998121195905e+00 4.801862718526372475e+00 4.801862718527095453e+00 6.235975144884638333e+00 6.235975144884890575e+00 6.709694581566810534e+00 6.709694581567011262e+00 7.812157114976590044e+00 7.812157114976644223e+00 1.024971160346210475e+01 1.024971160346224330e+01 1.096596271430409431e+01 1.096596271430455438e+01 1.114987869740378201e+01 1.114987869740381754e+01 1.190000292161850659e+01 1.190000292161863271e+01 1.277915543621614880e+01 1.277915543621747752e+01 1.478326387153234656e+01 1.478326387153298427e+01 1.650686730061997309e+01 1.650686730062023955e+01 2.324064374368325758e+01 2.324064374368473196e+01
1.759821565560533985e-01 2.278157694929842325e+00 2.278158617039654832e+00 3.498093574965700725e+00 3.498095299007016212e+00 4.080223942561152839e+00 4.080226856959016324e+00 4.800864502047226701e+00 4.800866340549021061e+00 6.235678679816482273e+00 6.235681410332706065e+00 6.709066834842204230e+00 6.709068586711014248e+00 7.808408857919145518e+00 7.808418648449693578e+00 1.025373498684992057e+01 1.025373731749357376e+01 1.096431386443402900e+01 1.096431542456215880e+01 1.114839514536908460e+01 1.114839679048531274e+01 1.190068138476340742e+01 1.190068307642740919e+01 1.277976640970111788e+01 1.277976816331223553e+01 1.478318790194721366e+01 1.478319057593632202e+01 1.650670771281556526e+01 1.650670854704916124e+01 2.324004582681612874e+01 2.324004740226913412e+01
1.769054324304742409e-01 2.280048947991316854e+00 2.280050384525770912e+00 3.498362785113761309e+00 3.498365598571370416e+00 4.087605353242527606e+00 4.087610097871847259e+00 4.799857061219285015e+00 4.799860047278431630e+00 6.235378358324767056e+00 6.235382624185522360e+00 6.708458902054323936e+00 6.708461980425729720e+00 7.804687567389341218e+00 7.804704074119366730e+00 1.025776725710655590e+01 1.025777098210412142e+01 1.096262863708954960e+01 1.096263121997138690e+01 1.114692514418595337e+01 1.114692785435001099e+01 1.190135153005249791e+01 1.190135425247341416e+01 1.278037841040238831e+01 1.278038122923466879e+01 1.478311327710851764e+01 1.478311774608560469e+01 1.650654438345792485e+01 1.650654573322240282e+01 2.323943042374682832e+01 2.323943304868815929e+01
1.778287083048950834e-01 2.281940911476487255e+00 2.281942292305959352e+00 3.498624695281115748e+00 3.498627528453616797e+00 4.095046216003098039e+00 4.095050990977930461e+00 4.798845527323428506e+00 4.798848515709932983e+00 6.235075108347857942e+00 6.235079209968525937e+00 6.707876335775144305e+00 6.707879664924140783e+00 7.801008300708643262e+00 7.801025461091732893e+00 1.026179353682378270e+01 1.026179720117216476e+01 1.096091287096492728e+01 1.096091551274156295e+01 1.114547364682797159e+01 1.114547640054608024e+01 1.190201082958129319e+01 1.190201352761366849e+01 1.278098948830496084e+01 1.278099228095278939e+01 1.478304038973145218e+01 1.478304499719426701e+01 1.650637768287987583e+01 1.650637903111892868e+01 2.323879819259187585e+01 2.323880089153965400e+01
1.787519841793159259e-01 2.283828803219361436e+00 2.283829622162519168e+00 3.498878418329116169e+00 3.498880179126282908e+00 4.102522455469769902e+00 4.102525426735503800e+00 4.797835012651098907e+00 4.797836855588361260e+00 6.234769300008294657e+00 6.234771727970400690e+00 6.707324642784236346e+00 6.707326858415507687e+00 7.797386483278462954e+00 7.797397484351987984e+00 1.026579902559665847e+01 1.026580124414680206e+01 1.095917280376420422e+01 1.095917447356057650e+01 1.114404521385250391e+01 1.114404693967733984e+01 1.190265647785145831e+01 1.190265812443450955e+01 1.278159749899973541e+01 1.278159920422930718e+01 1.478296976015022324e+01 1.478297269072180242e+01 1.650620787124151079e+01 1.650620870274498841e+01 2.323814987283424927e+01 2.323815158545414761e+01
1.796752600537367683e-01 2.285708074551654700e+00 2.285708074551958902e+00 3.499122880017250470e+00 3.499122880017861537e+00 4.110009004211060635e+00 4.110009004211481631e+00 4.796830615828156397e+00 4.796830615828882038e+00 6.234460815647156373e+00 6.234460815647383747e+00 6.706809158104189983e+00 6.706809158104343638e+00 7.793837537610875721e+00 7.793837537610968091e+00 1.026976907562656116e+01 1.026976907562670682e+01 1.095741502461682870e+01 1.095741502461726924e+01 1.114264399279482554e+01 1.114264399279483087e+01 1.190328543842897524e+01 1.190328543842909070e+01 1.278220010038068288e+01 1.278220010038201693e+01 1.478290196250451594e+01 1.478290196250514654e+01 1.650603508725177093e+01 1.650603508725203028e+01 2.323748624108863226e+01 2.323748624109010308e+01
1.805985359281576108e-01 2.287573662652016893e+00 2.287574413059782596e+00 3.499355144268001983e+00 3.499356918397280136e+00 4.117477032943306803e+00 4.117480051151990672e+00 4.795835762222992571e+00 4.795837581676029693e+00 6.234147095832499375e+00 6.234149302158451533e+00 6.706332487849850033e+00 6.706335023986482291e+00 7.790364639822883852e+00 7.790376400374547039e+00 1.027368706230604900e+01 1.027368916435280077e+01 1.095564473404674644e+01 1.095564648192363144e+01 1.114127197471731456e+01 1.114127373925272479e+01 1.190389302879646038e+01 1.190389461682502414e+01 1.278279318345522775e+01 1.278279483445712827e+01 1.478283443536393094e+01 1.478283752344741586e+01 1.650585855874892616e+01 1.650585938482935333e+01 2.323680625724698245e+01 2.323680805535721206e+01
1.815218118025784533e-01 2.289422575341097943e+00 2.289423734757873419e+00 3.499576568451677971e+00 3.499579445522413845e+00 4.124904476710151258e+00 4.124909405334284074e+00 4.794858631648848402e+00 4.794861544902986772e+00 6.233831097511448149e+00 6.233834489562162240e+00 6.705902927266248703e+00 6.705907289321385356e+00 7.786997544179637742e+00 7.787017158025623331e+00 1.027754149881058510e+01 1.027754478783872472e+01 1.095387164620149711e+01 1.095387454200018951e+01 1.113993498849734110e+01 1.113993786729931657e+01 1.190447857626825545e+01 1.190448108548249273e+01 1.278337664822403319e+01 1.278337926619019527e+01 1.478277173016166479e+01 1.478277684675209613e+01 1.650567947361495058e+01 1.650568080483094846e+01 2.323611304261441290e+01 2.323611601806923588e+01
1.824450876769992957e-01 2.291251069136744256e+00 2.291252174481730020e+00 3.499786724801995597e+00 3.499789605978819829e+00 4.132265890943137343e+00 4.132270870304427746e+00 4.793905874135075074e+00 4.793908749662741720e+00 6.233513220629538054e+00 6.233516441126828234e+00 6.705526474093632672e+00 6.705531091163357438e+00 7.783752792712228086e+00 7.783772969011343079e+00 1.028131816950396527e+01 1.028132133575771334e+01 1.095210410136181345e+01 1.095210706857842275e+01 1.113863660939001576e+01 1.113863950671362346e+01 1.190503982687197215e+01 1.190504226773501983e+01 1.278394856912066579e+01 1.278395112793712229e+01 1.478271497273804691e+01 1.478272020392947539e+01 1.650549812957065043e+01 1.650549945511773942e+01 2.323540773991692276e+01 2.323541077925446530e+01
1.833683635514201382e-01 2.293055432638424929e+00 2.293056082902693582e+00 3.499985086780637911e+00 3.499986868761073566e+00 4.139535412396534220e+00 4.139538524985254320e+00 4.792984395723434154e+00 4.792986145653220120e+00 6.233193749888490842e+00 6.233195640599434206e+00 6.705208827487845191e+00 6.705211835041906987e+00 7.780643488691724841e+00 7.780656290896841298e+00 1.028500214614053121e+01 1.028500402124932300e+01 1.095035059747855399e+01 1.095035247800888811e+01 1.113737974461649749e+01 1.113738154342165210e+01 1.190557454771758472e+01 1.190557600928957704e+01 1.278450687354839843e+01 1.278450841520945147e+01 1.478266449603816035e+01 1.478266779642619078e+01 1.650531475247757740e+01 1.650531556827616342e+01 2.323469106378029636e+01 2.323469298029299424e+01
1.842916394258409807e-01 2.294832033669828686e+00 2.294832033670187954e+00 3.500171016318850192e+00 3.500171016319477690e+00 4.146686847790720165e+00 4.146686847791177577e+00 4.792101311781325812e+00 4.792101311782073658e+00 6.232872898430082742e+00 6.232872898430270148e+00 6.704955277048433970e+00 6.704955277048553874e+00 7.777679268891140474e+00 7.777679268891236397e+00 1.028857791978088443e+01 1.028857791978104963e+01 1.094861972729837341e+01 1.094861972729879973e+01 1.113616662793414847e+01 1.113616662793419287e+01 1.190608051704885995e+01 1.190608051704896297e+01 1.278504939851177724e+01 1.278504939851312017e+01 1.478261985633059794e+01 1.478261985633124098e+01 1.650512951398615868e+01 1.650512951398640382e+01 2.323396331623125377e+01 2.323396331623273170e+01
1.852149153002618232e-01 2.296576837507957602e+00 2.296577424076133411e+00 3.500342035644351313e+00 3.500343817520029432e+00 4.153690685383256920e+00 4.153693880298543917e+00 4.791262228104261389e+00 4.791263913778804451e+00 6.232549134195104479e+00 6.232550853555557602e+00 6.704767439658716022e+00 6.704770738953982345e+00 7.774854050826046858e+00 7.774867468545297200e+00 1.029202812744130036e+01 1.029202982462372162e+01 1.094691821261196907e+01 1.094692019458248922e+01 1.113499715102446075e+01 1.113499895598851097e+01 1.190655420229853867e+01 1.190655555701341406e+01 1.278557254928449538e+01 1.278557400322973336e+01 1.478257672958314650e+01 1.478258015347072529e+01 1.650494175960666965e+01 1.650494256977279761e+01 2.323322258221756442e+01 2.323322457061209434e+01
1.861381911746826656e-01 2.298287555285936534e+00 2.298288454843749218e+00 3.500499954468188513e+00 3.500502836035937815e+00 4.160525130778999880e+00 4.160530376328614111e+00 4.790476975448684449e+00 4.790479644909760637e+00 6.232225134199446792e+00 6.232227805797089459e+00 6.704654357743010884e+00 6.704659914338587434e+00 7.772192822214832653e+00 7.772214986989763652e+00 1.029533999923440390e+01 1.029534259255767559e+01 1.094525758779379743e+01 1.094526088312123768e+01 1.113387520051191615e+01 1.113387811751286272e+01 1.190699550324810474e+01 1.190699759943716174e+01 1.278607641203642409e+01 1.278607868835018913e+01 1.478253889121985765e+01 1.478254452153219844e+01 1.650475279192754385e+01 1.650475410015019762e+01 2.323247167455638973e+01 2.323247494637557864e+01
1.870614670491035081e-01 2.299961501767716410e+00 2.299962353347322797e+00 3.500644686046196163e+00 3.500647565522798654e+00 4.167165413553344244e+00 4.167170740867695677e+00 4.789753464940306849e+00 4.789756073742248432e+00 6.231901378610610998e+00 6.231903960725489355e+00 6.704621726305729723e+00 6.704627486274977954e+00 7.769707494191186115e+00 7.769730082331074428e+00 1.029849939394235392e+01 1.029850183071006775e+01 1.094364754357561687e+01 1.094365093114002896e+01 1.113280252183914065e+01 1.113280542952886876e+01 1.190740276510432949e+01 1.190740476012667060e+01 1.278655947593320086e+01 1.278656167353261708e+01 1.478250687503901339e+01 1.478251258898578513e+01 1.650456302804733966e+01 1.650456433551162405e+01 2.323171153817348156e+01 2.323171486201847458e+01
1.879847429235243506e-01 2.301596236139686447e+00 2.301596733847751874e+00 3.500775941098102972e+00 3.500777719298806989e+00 4.173586903552145344e+00 4.173590249571206279e+00 4.789099278023063455e+00 4.789100851917779345e+00 6.231577991810206996e+00 6.231579545236170858e+00 6.704674573836395091e+00 6.704678248877177893e+00 7.767409161076308521e+00 7.767423362876443527e+00 1.030149284967357026e+01 1.030149425766469662e+01 1.094209760519572505e+01 1.094209975783057587e+01 1.113178050455480772e+01 1.113178229217844795e+01 1.190777422486701553e+01 1.190777539245169869e+01 1.278702009886838731e+01 1.278702140739100557e+01 1.478248114501499089e+01 1.478248472382677470e+01 1.650437274835605805e+01 1.650437355740550061e+01 2.323094308022171361e+01 2.323094516503751095e+01
1.889080187979451930e-01 2.303189542187166428e+00 2.303189542187491945e+00 3.500893237961103299e+00 3.500893237961683724e+00 4.179765289445134258e+00 4.179765289445605880e+00 4.788521642689776314e+00 4.788521642690525937e+00 6.231254817281017822e+00 6.231254817281201674e+00 6.704817087768927486e+00 6.704817087769003869e+00 7.765307581258018566e+00 7.765307581258143799e+00 1.030430764524710163e+01 1.030430764524728104e+01 1.094061700056192699e+01 1.094061700056233910e+01 1.113081020707844004e+01 1.113081020707851110e+01 1.190810809860677644e+01 1.190810809860688657e+01 1.278745651585693288e+01 1.278745651585826693e+01 1.478246197051408473e+01 1.478246197051472777e+01 1.650418207764549905e+01 1.650418207764576195e+01 2.323016709050500594e+01 2.323016709050646611e+01
1.898312946723660355e-01 2.304738962456776452e+00 2.304739406504600741e+00 3.500994227596447850e+00 3.500996003339733598e+00 4.185673470078515201e+00 4.185676929536517932e+00 4.788026011835824214e+00 4.788027508882882977e+00 6.230930073845216910e+00 6.230931576878505851e+00 6.705048795474349177e+00 6.705052664383900130e+00 7.763396330182406047e+00 7.763410951646550373e+00 1.030693054086604299e+01 1.030693175383825277e+01 1.093921234840940393e+01 1.093921462310654746e+01 1.112989065972814728e+01 1.112989241718905831e+01 1.190840169402670057e+01 1.190840272419667301e+01 1.278786572161750534e+01 1.278786693007352149e+01 1.478244571285858910e+01 1.478244937307921347e+01 1.650399020712669085e+01 1.650399102362750980e+01 2.322938207068291305e+01 2.322938421171259904e+01
1.907545705467868780e-01 2.306243326118169179e+00 2.306244004333837250e+00 3.501080849526341687e+00 3.501083721567762375e+00 4.191293616667111976e+00 4.191299308337110396e+00 4.787621280741213958e+00 4.787623643165506593e+00 6.230605641219972846e+00 6.230608054033676346e+00 6.705377779470585331e+00 6.705384163168727873e+00 7.761702180752016567e+00 7.761726124662091664e+00 1.030935193403827022e+01 1.030935374401661520e+01 1.093789529264473614e+01 1.093789907326390320e+01 1.112902492175019376e+01 1.112902773161804504e+01 1.190865513974949685e+01 1.190865669203842359e+01 1.278824777668933521e+01 1.278824965256904100e+01 1.478243720672783468e+01 1.478244318374677846e+01 1.650379822894058535e+01 1.650379956128591630e+01 2.322859147735732677e+01 2.322859498298723224e+01
1.916778464212077204e-01 2.307701058459230126e+00 2.307701698681606572e+00 3.501153201470536658e+00 3.501156073169897187e+00 4.196605707351294789e+00 4.196611492669206633e+00 4.787314351952115743e+00 4.787316657553204458e+00 6.230281837410003298e+00 6.230284240211047653e+00 6.705807770382270050e+00 6.705814253530362201e+00 7.760235014840767498e+00 7.760259207547669291e+00 1.031156104339261681e+01 1.031156270733645464e+01 1.093667484650621269e+01 1.093667872659706752e+01 1.112821386093647646e+01 1.112821663067836298e+01 1.190886747080939401e+01 1.190886890784896046e+01 1.278860143939965610e+01 1.278860323839871604e+01 1.478243717394044587e+01 1.478244319793166461e+01 1.650360638635587662e+01 1.650360773378684343e+01 2.322779640235082965e+01 2.322779994652947622e+01
1.926011222956285629e-01 2.309110677363229946e+00 2.309111051046585317e+00 3.501211234313439391e+00 3.501213009524636988e+00 4.201590848867595263e+00 4.201594480917766994e+00 4.787111527655891763e+00 4.787112919974323866e+00 6.229958917415207686e+00 6.229960399300177976e+00 6.706341639412628730e+00 6.706345691913333518e+00 7.759001201573761719e+00 7.759016283805099334e+00 1.031354733589653527e+01 1.031354827975626876e+01 1.093555930267398857e+01 1.093556176104209143e+01 1.112745784308970265e+01 1.112745952611016520e+01 1.190903775027628519e+01 1.190903856767123337e+01 1.278892550257151051e+01 1.278892656927267701e+01 1.478244561642730304e+01 1.478244936365485529e+01 1.650341488799892176e+01 1.650341573259552774e+01 2.322699756142302263e+01 2.322699977388695913e+01
1.935243981700494054e-01 2.310470835108803023e+00 2.310470835109164067e+00 3.501254736433201842e+00 3.501254736433770276e+00 4.206231379088066547e+00 4.206231379088598565e+00 4.787018347792201922e+00 4.787018347792968420e+00 6.229637032046335676e+00 6.229637032046492884e+00 6.706981386215496777e+00 6.706981386215545626e+00 7.758003905321354310e+00 7.758003905321473326e+00 1.031530078143140017e+01 1.031530078143157425e+01 1.093455608888863750e+01 1.093455608888904074e+01 1.112675677141730013e+01 1.112675677141738717e+01 1.190916506772340355e+01 1.190916506772349415e+01 1.278921885442325745e+01 1.278921885442458972e+01 1.478246191391356312e+01 1.478246191391422215e+01 1.650322392458962639e+01 1.650322392458986798e+01 2.322619535283326186e+01 2.322619535283470782e+01
1.944476740444702478e-01 2.311780041816022369e+00 2.311780376260468728e+00 3.501281614740132664e+00 3.501283392887450940e+00 4.210507402463136373e+00 4.210511139283617865e+00 4.787038136194457394e+00 4.787039472911729376e+00 6.229314756804769537e+00 6.229316232292074318e+00 6.707724188849117475e+00 6.707728283038917105e+00 7.757229075329638235e+00 7.757244346094598342e+00 1.031681144499892966e+01 1.031681224419190812e+01 1.093366917713112052e+01 1.093367174961446509e+01 1.112610863934530414e+01 1.112611025279179167e+01 1.190924790029228220e+01 1.190924858241210238e+01 1.278947955291709881e+01 1.278948053982622568e+01 1.478248137010383800e+01 1.478248515095213911e+01 1.650303281150852897e+01 1.650303368753672473e+01 2.322538778677081339e+01 2.322539003781101385e+01
1.953709499188910903e-01 2.313037867374399870e+00 2.313038380839643526e+00 3.501294017224557908e+00 3.501296898556643722e+00 4.214409766483665720e+00 4.214415887522586779e+00 4.787176498392820889e+00 4.787178625441680602e+00 6.228994153464320505e+00 6.228996529546693139e+00 6.708576476428003588e+00 6.708583093239262496e+00 7.756698656335617059e+00 7.756723458016919537e+00 1.031807266099764497e+01 1.031807386261635706e+01 1.093290778763811666e+01 1.093291203447332727e+01 1.112551528435409409e+01 1.112551782893308250e+01 1.190928658888101843e+01 1.190928759332679476e+01 1.278970824959491459e+01 1.278970979316824597e+01 1.478250839679217066e+01 1.478251452942457611e+01 1.650284293173729822e+01 1.650284438080546678e+01 2.322457829404933349e+01 2.322458196293789356e+01
1.962942257933119328e-01 2.314243683686397102e+00 2.314244172320436554e+00 3.501292196332137507e+00 3.501295083151441556e+00 4.217927569047198233e+00 4.217933756090532782e+00 4.787436485546044729e+00 4.787438583556480332e+00 6.228675631534517976e+00 6.228677989496762990e+00 6.709539672393452392e+00 6.709546253492746359e+00 7.756418403517538529e+00 7.756443258054693146e+00 1.031907815949893070e+01 1.031907928999098623e+01 1.093227770591227532e+01 1.093228203036212953e+01 1.112497671333512628e+01 1.112497918541883912e+01 1.190928069157203417e+01 1.190928160817163928e+01 1.278990453247368464e+01 1.278990603205729215e+01 1.478254355671485243e+01 1.478254969630297033e+01 1.650265473767052882e+01 1.650265622228231521e+01 2.322376804021306640e+01 2.322377173259421568e+01
1.972175016677327752e-01 2.315397000059062016e+00 2.315397288517685226e+00 3.501276211708359121e+00 3.501278000009647062e+00 4.221051762703406318e+00 4.221055621070770592e+00 4.787819917874859499e+00 4.787821200926381415e+00 6.228359373262491339e+00 6.228360814536684664e+00 6.710613903650834544e+00 6.710617931695373350e+00 7.756392021281483196e+00 7.756407389871299962e+00 1.031982307439992930e+01 1.031982374261491131e+01 1.093178353732987951e+01 1.093178625302653728e+01 1.112449278308594458e+01 1.112449426215587422e+01 1.190922986380613047e+01 1.190923038576697124e+01 1.279006791686549782e+01 1.279006882291547065e+01 1.478258706739509520e+01 1.478259086113049214e+01 1.650246849461592547e+01 1.650246943637992914e+01 2.322295797135704376e+01 2.322296026591660478e+01
1.981407775421536177e-01 2.316497430925001932e+00 2.316497430925386514e+00 3.501245942781120224e+00 3.501245942781708198e+00 4.223775270303040230e+00 4.223775270303590901e+00 4.788327413047975156e+00 4.788327413048759418e+00 6.228045371277443287e+00 6.228045371277596054e+00 6.711797934635347573e+00 6.711797934635389318e+00 7.756620670561819253e+00 7.756620670561936493e+00 1.032030389033208806e+01 1.032030389033227458e+01 1.093142862735278875e+01 1.093142862735318310e+01 1.112406323029734168e+01 1.112406323029743227e+01 1.190913393954564015e+01 1.190913393954573429e+01 1.279019784325082654e+01 1.279019784325216236e+01 1.478263867110292651e+01 1.478263867110357488e+01 1.650228424314941833e+01 1.650228424314967768e+01 2.322214872415081999e+01 2.322214872415228726e+01
1.990640534165744602e-01 2.317544416498943605e+00 2.317544683497028579e+00 3.501199380512896031e+00 3.501201179187107826e+00 4.226089323587915558e+00 4.226093229690399689e+00 4.788957195129465383e+00 4.788958464315710373e+00 6.227732146289505444e+00 6.227733541178929855e+00 6.713085510837867531e+00 6.713089409809578356e+00 7.757087881383616157e+00 7.757103189833301826e+00 1.032051768143756476e+01 1.032051832833107596e+01 1.093121233148160165e+01 1.093121511603165885e+01 1.112368635475576362e+01 1.112368772466654221e+01 1.190899250659001396e+01 1.190899298026169717e+01 1.279029286384524511e+01 1.279029374963216981e+01 1.478269391226306517e+01 1.478269768944947771e+01 1.650210084946316513e+01 1.650210184555943727e+01 2.322133834787015871e+01 2.322134066143276598e+01
1.999873292909953026e-01 2.318538152160271260e+00 2.318538571435920126e+00 3.501138832862380923e+00 3.501141752999155976e+00 4.227996950282845390e+00 4.228003290184668472e+00 4.789709459848384476e+00 4.789711512886146494e+00 6.227421650183631030e+00 6.227423860221006358e+00 6.714479141014655816e+00 6.714485306140998588e+00 7.757812334390824738e+00 7.757836994322817148e+00 1.032046419908359525e+01 1.032046525613522903e+01 1.093113954088429551e+01 1.093114408649374703e+01 1.112336380584028817e+01 1.112336592494739662e+01 1.190880649580951101e+01 1.190880726258363609e+01 1.279035375928122242e+01 1.279035519383063857e+01 1.478275717097399600e+01 1.478276325710522698e+01 1.650191944549251843e+01 1.650192110507360965e+01 2.322053027695473304e+01 2.322053403070963995e+01
2.009106051654161451e-01 2.319478639221919547e+00 2.319479048866393445e+00 3.501064731413402242e+00 3.501067662102353317e+00 4.229499505844317220e+00 4.229505852161348223e+00 4.790581918529616345e+00 4.790583977905185087e+00 6.227114316864113874e+00 6.227116476430476943e+00 6.715976410522647377e+00 6.715982407635729956e+00 7.758794801869569824e+00 7.758819311676030672e+00 1.032014360977734313e+01 1.032014469094110076e+01 1.093121115896905238e+01 1.093121573343889530e+01 1.112309550032564687e+01 1.112309751612203712e+01 1.190857642533543626e+01 1.190857721871212505e+01 1.279038053699033384e+01 1.279038198427956097e+01 1.478282859549850237e+01 1.478283464818694526e+01 1.650174020644759665e+01 1.650174191586257422e+01 2.321972542708479637e+01 2.321972918773093042e+01
2.018338810398369876e-01 2.320365999518591682e+00 2.320366248649482710e+00 3.500977320538981363e+00 3.500979138653778744e+00 4.230600236166507599e+00 4.230604154051477828e+00 4.791570961186462974e+00 4.791572241963352852e+00 6.226810446513089126e+00 6.226811749635479565e+00 6.717574016571090212e+00 6.717577604970673910e+00 7.760033205842664650e+00 7.760048236130917765e+00 1.031955721287931738e+01 1.031955790212582258e+01 1.093142663722620789e+01 1.093142947501479156e+01 1.112288103568811337e+01 1.112288221419328416e+01 1.190830285606572758e+01 1.190830337687935625e+01 1.279037336457763985e+01 1.279037427348412592e+01 1.478290784489060350e+01 1.478291156013907326e+01 1.650156329711299463e+01 1.650156438529318592e+01 2.321892446674099375e+01 2.321892679304461993e+01
2.027571569142578300e-01 2.321200504854074254e+00 2.321200504854452173e+00 3.500876638221874781e+00 3.500876638222441439e+00 4.231304162861826867e+00 4.231304162862378426e+00 4.792671622790016350e+00 4.792671622790825481e+00 6.226510217103363054e+00 6.226510217103532696e+00 6.719267899723606163e+00 6.719267899723655013e+00 7.761523124745003166e+00 7.761523124745129287e+00 1.031870755484644775e+01 1.031870755484663427e+01 1.093178396063129476e+01 1.093178396063168378e+01 1.112271973961335902e+01 1.112271973961345495e+01 1.190798634152302249e+01 1.190798634152312019e+01 1.279033257832773884e+01 1.279033257832906578e+01 1.478299422782276906e+01 1.478299422782340855e+01 1.650138887609680438e+01 1.650138887609707439e+01 2.321812789332194171e+01 2.321812789332339833e+01
2.036804327886786725e-01 2.321982344395974174e+00 2.321982591045408828e+00 3.500760755470920138e+00 3.500762587702385353e+00 4.231614292889929629e+00 4.231618177420082283e+00 4.793876376842563403e+00 4.793877685111634257e+00 6.226212506083802722e+00 6.226213753808183426e+00 6.721050121493043150e+00 6.721053435736129344e+00 7.763244113687714609e+00 7.763258835415665970e+00 1.031759780426837736e+01 1.031759854593755144e+01 1.093227697560803158e+01 1.093227981239816771e+01 1.112260977432932840e+01 1.112261080846507255e+01 1.190762681648695853e+01 1.190762742806721519e+01 1.279025771449686033e+01 1.279025866899066344e+01 1.478308330534907178e+01 1.478308695535922013e+01 1.650121594473011299e+01 1.650121709774618139e+01 2.321733384234100583e+01 2.321733616621085972e+01
2.046037086630995150e-01 2.322712445458453345e+00 2.322712846914212204e+00 3.500632099738595127e+00 3.500635075607844815e+00 4.231545034199083233e+00 4.231551273399769109e+00 4.795179771221736331e+00 4.795181918760026640e+00 6.225919230453810904e+00 6.225921218489179232e+00 6.722920490728724552e+00 6.722925604687403300e+00 7.765210900256207971e+00 7.765234412751374826e+00 1.031623427195387421e+01 1.031623551779903636e+01 1.093290529063004257e+01 1.093290986187232861e+01 1.112255192413249283e+01 1.112255347342366640e+01 1.190722564756547897e+01 1.190722672528698034e+01 1.279015066297559677e+01 1.279015225495062857e+01 1.478317954988975380e+01 1.478318539180385649e+01 1.650104619327621336e+01 1.650104811146037065e+01 2.321654608266134545e+01 2.321654983532365790e+01
2.055269845375203575e-01 2.323391575504916151e+00 2.323391982109462628e+00 3.500491178374546486e+00 3.500494165031776017e+00 4.231108594929319899e+00 4.231114776165754598e+00 4.796574232121896486e+00 4.796576415390058301e+00 6.225630905168343610e+00 6.225632876573460983e+00 6.724874225803719519e+00 6.724879076227210817e+00 7.767421261944740252e+00 7.767444428943306889e+00 1.031462389583571415e+01 1.031462518750679891e+01 1.093366453047318920e+01 1.093366907123523291e+01 1.112254570403598386e+01 1.112254712509066401e+01 1.190678385734848810e+01 1.190678502813666029e+01 1.279001241452621151e+01 1.279001405920795698e+01 1.478328342957876806e+01 1.478328920039969852e+01 1.650088008944872087e+01 1.650088205958327592e+01 2.321576587071244901e+01 2.321576961222227453e+01
2.064502604119411999e-01 2.324020532611017931e+00 2.324020788733494935e+00 3.500338331975491712e+00 3.500340184033385427e+00 4.230318642122701256e+00 4.230322419717459148e+00 4.798051545253138706e+00 4.798052919428275942e+00 6.225347897287067056e+00 6.225349115905371988e+00 6.726905371746954465e+00 6.726908198812913575e+00 7.769869923176575099e+00 7.769884004891932427e+00 1.031277470912628225e+01 1.031277553514300926e+01 1.093454913207268397e+01 1.093455191259771908e+01 1.112259055151566756e+01 1.112259134816043193e+01 1.190630265613985550e+01 1.190630343862093810e+01 1.278984385107155219e+01 1.278984490238862470e+01 1.478339481759770457e+01 1.478339833593269326e+01 1.650071782646958596e+01 1.650071907549416750e+01 2.321499405782205372e+01 2.321499636098435104e+01
2.073735362863620424e-01 2.324600115041797643e+00 2.324600115042196435e+00 3.500173745376254253e+00 3.500173745376836454e+00 4.229190174814772440e+00 4.229190174815349756e+00 4.799603062754928651e+00 4.799603062755728899e+00 6.225070418128066052e+00 6.225070418128255234e+00 6.729006930999614333e+00 6.729006930999696046e+00 7.772548263740912233e+00 7.772548263741025032e+00 1.031069563800628863e+01 1.031069563800648403e+01 1.093555242951328843e+01 1.093555242951369166e+01 1.112268585692089218e+01 1.112268585692097744e+01 1.190578342723426708e+01 1.190578342723437011e+01 1.278964571308728893e+01 1.278964571308862830e+01 1.478351290675088769e+01 1.478351290675153606e+01 1.650055928296934127e+01 1.650055928296959351e+01 2.321423102287553419e+01 2.321423102287699436e+01
2.082968121607828849e-01 2.325130863567661521e+00 2.325131133967927255e+00 3.499995666895366675e+00 3.499997529233318083e+00 4.227735828987948530e+00 4.227739503473407545e+00 4.801218441448378726e+00 4.801219872032586267e+00 6.224797301460124110e+00 6.224798555209335227e+00 6.731168779470473318e+00 6.731171247832691940e+00 7.775431486032516659e+00 7.775445029662801488e+00 1.030839551781988739e+01 1.030839639618024783e+01 1.093666414746255455e+01 1.093666685679853856e+01 1.112283036246086709e+01 1.112283098999804487e+01 1.190522679716871224e+01 1.190522769677792070e+01 1.278941754609722281e+01 1.278941867060628823e+01 1.478363298234971701e+01 1.478363639196945734e+01 1.650040279685093125e+01 1.650040410541401670e+01 2.321347451570938603e+01 2.321347679335028502e+01
2.092200880352037273e-01 2.325614014000734642e+00 2.325614466553465487e+00 3.499806821045793992e+00 3.499809840368164782e+00 4.225978416616031019e+00 4.225984266420351965e+00 4.802890539289179195e+00 4.802892903710019645e+00 6.224530257444309989e+00 6.224532341629442911e+00 6.733386800215010126e+00 6.733390494749778910e+00 7.778526363684562739e+00 7.778547791948031254e+00 1.030588604240847950e+01 1.030588750307953383e+01 1.093787990537852828e+01 1.093788421718552506e+01 1.112302442686757864e+01 1.112302530175561799e+01 1.190463555688012676e+01 1.190463710386623042e+01 1.278916159456289492e+01 1.278916347368638817e+01 1.478375843754538366e+01 1.478376385709499452e+01 1.650024972421670100e+01 1.650025188608180571e+01 2.321272765484726364e+01 2.321273131368826625e+01
2.101433639096245698e-01 2.326050658971248630e+00 2.326051128713666039e+00 3.499607971467180167e+00 3.499610994837400124e+00 4.223937655456944995e+00 4.223943403036340527e+00 4.804610571461681801e+00 4.804612987269479163e+00 6.224269698792067373e+00 6.224271853954264522e+00 6.735653682867862813e+00 6.735657075183572040e+00 7.781823665689369562e+00 7.781844576446267148e+00 1.030317888926268743e+01 1.030318038747390119e+01 1.093919171517767275e+01 1.093919594650433957e+01 1.112326735944989942e+01 1.112326809219475621e+01 1.190401174942645746e+01 1.190401338413771271e+01 1.278887918589434847e+01 1.278888112350700723e+01 1.478388889737033551e+01 1.478389421372116530e+01 1.650010016505689592e+01 1.650010236849316669e+01 2.321199112746181825e+01 2.321199475592224459e+01
2.110666397840454123e-01 2.326442034391425384e+00 2.326442336585506698e+00 3.499399661514522197e+00 3.499401531175177382e+00 4.221633541156995406e+00 4.221637026834219597e+00 4.806369362791238942e+00 4.806370888166004995e+00 6.224015929640687617e+00 6.224017313052474520e+00 6.737961894055624512e+00 6.737963803546081820e+00 7.785312414424198302e+00 7.785324999549031233e+00 1.030028654346245354e+01 1.030028749149789569e+01 1.094059074366884055e+01 1.094059330436128796e+01 1.112355818716047118e+01 1.112355855156445728e+01 1.190335731011635723e+01 1.190335837187388712e+01 1.278857176071326762e+01 1.278857299309407658e+01 1.478402379400462152e+01 1.478402701247201811e+01 1.649995421192882361e+01 1.649995559731257799e+01 2.321126552377143426e+01 2.321126774506573653e+01
2.119899156584662547e-01 2.326789528291605347e+00 2.326789528291988152e+00 3.499182200952268396e+00 3.499182200952838162e+00 4.219086186390269333e+00 4.219086186390856419e+00 4.808157367044704422e+00 4.808157367045506447e+00 6.223769145681025350e+00 6.223769145681222525e+00 6.740303826584846725e+00 6.740303826584949753e+00 7.788980433921950386e+00 7.788980433922063185e+00 1.029722228445952048e+01 1.029722228445970700e+01 1.094206745771665190e+01 1.094206745771706402e+01 1.112389569734833650e+01 1.112389569734839689e+01 1.190267401592464225e+01 1.190267401592475061e+01 1.278824084387224147e+01 1.278824084387357196e+01 1.478416249462997989e+01 1.478416249463063004e+01 1.649981194885073421e+01 1.649981194885099711e+01 2.321055140244139636e+01 2.321055140244286008e+01
2.129131915328870972e-01 2.327094332611795213e+00 2.327094662012759940e+00 3.498953891939885263e+00 3.498955758969120033e+00 4.216312548521447212e+00 4.216315893930453917e+00 4.809963287046059577e+00 4.809964876799209144e+00 6.223527965510431414e+00 6.223529465699637164e+00 6.742670361087575337e+00 6.742671901248693977e+00 7.792803122463141108e+00 7.792814979389060426e+00 1.029399913433361391e+01 1.029400012354395066e+01 1.094360946340949070e+01 1.094361190371717640e+01 1.112427833335392435e+01 1.112427852101683001e+01 1.190196239832876302e+01 1.190196355309252496e+01 1.278788672491209510e+01 1.278788802120794088e+01 1.478430135643901089e+01 1.478430443094601898e+01 1.649967202499420083e+01 1.649967345028135668e+01 2.320984718264561408e+01 2.320984935412550243e+01
2.138364674073079397e-01 2.327358492964905601e+00 2.327359050500697357e+00 3.498717514869274847e+00 3.498720529182971273e+00 4.213338067476003701e+00 4.213343363259491881e+00 4.811779766591723018e+00 4.811782389186700648e+00 6.223294459814435520e+00 6.223296985699887429e+00 6.745056393666013506e+00 6.745058595281244074e+00 7.796784594880742603e+00 7.796803153107243034e+00 1.029063304978668825e+01 1.029063468143264082e+01 1.094521019367185311e+01 1.094521403745113020e+01 1.112470504777247982e+01 1.112470521135360535e+01 1.190122574407769562e+01 1.190122767873025822e+01 1.278751278965141402e+01 1.278751493270246620e+01 1.478444431697908179e+01 1.478444916812423671e+01 1.649953644920034534e+01 1.649953878106733640e+01 2.320915656491656520e+01 2.320916003214384205e+01
2.147597432817287821e-01 2.327583774623903867e+00 2.327584358239740858e+00 3.498473898178477537e+00 3.498476902563807389e+00 4.210184706593336657e+00 4.210189883972913272e+00 4.813598346716532639e+00 4.813601017491011547e+00 6.223069213045296699e+00 6.223071835768203997e+00 6.747454490975009378e+00 6.747456410696380580e+00 7.800914036461968237e+00 7.800931945861602657e+00 1.028713936686082420e+01 1.028714102811222730e+01 1.094686026801232615e+01 1.094686400350582467e+01 1.112517424139556432e+01 1.112517428582907719e+01 1.190046641578084952e+01 1.190046841006097367e+01 1.278712109997229618e+01 1.278712328374862039e+01 1.478459166355493615e+01 1.478459638694141276e+01 1.649940564495576467e+01 1.649940799771730937e+01 2.320848072173159693e+01 2.320848413864775850e+01
2.156830191561496246e-01 2.327771891752280276e+00 2.327772269427800023e+00 3.498223731145402748e+00 3.498225579616192515e+00 4.206874256690757541e+00 4.206877383086649047e+00 4.815411127807093905e+00 4.815412806487239905e+00 6.222852537531736061e+00 6.222854215509689091e+00 6.749856807454591490e+00 6.749857826359199287e+00 7.805177286648328661e+00 7.805187942040607396e+00 1.028353348360303698e+01 1.028353452766381970e+01 1.094855004975151225e+01 1.094855228986116025e+01 1.112568415074838946e+01 1.112568422933476064e+01 1.189968689498571131e+01 1.189968816010135555e+01 1.278671349439411387e+01 1.278671486587832717e+01 1.478474296046125502e+01 1.478474579830169766e+01 1.649927968671688205e+01 1.649928115056772882e+01 2.320782029961753068e+01 2.320782237781600799e+01
2.166062950305704671e-01 2.327924484400381022e+00 2.327924484400794913e+00 3.497967576263735001e+00 3.497967576264325640e+00 4.203428259577893122e+00 4.203428259578465997e+00 4.817210837682766922e+00 4.817210837683576052e+00 6.222644390851186813e+00 6.222644390851415963e+00 6.752255284497159948e+00 6.752255284497294063e+00 7.809556891583549820e+00 7.809556891583643967e+00 1.027983072909919571e+01 1.027983072909936979e+01 1.095026973878108656e+01 1.095026973878151999e+01 1.112623315173188310e+01 1.112623315173191685e+01 1.189888975845711272e+01 1.189888975845722108e+01 1.278629157226857771e+01 1.278629157226990642e+01 1.478489704185854592e+01 1.478489704185918008e+01 1.649915828582860655e+01 1.649915828582886235e+01 2.320717540336929474e+01 2.320717540337076201e+01
2.175295709049913095e-01 2.328042742124572406e+00 2.328043156016226245e+00 3.497704119795848055e+00 3.497705944406483525e+00 4.199865029701316921e+00 4.199868010386639483e+00 4.818989089962256500e+00 4.818990818183449321e+00 6.222442651381737910e+00 6.222444429269283539e+00 6.754641242930210510e+00 6.754641953272386701e+00 7.814023405901185271e+00 7.814033204451449777e+00 1.027604532184240860e+01 1.027604639739208814e+01 1.095200745389945318e+01 1.095200955408545518e+01 1.112681910365950166e+01 1.112681934370132630e+01 1.189807634279270587e+01 1.189807765962870789e+01 1.278585539482419620e+01 1.278585679888008997e+01 1.478504962501928155e+01 1.478505229371804397e+01 1.649903944645295439e+01 1.649904091975772502e+01 2.320654378873488710e+01 2.320654579238036774e+01
2.184528467794121520e-01 2.328128856536576308e+00 2.328129557068673083e+00 3.497436475286743285e+00 3.497439402047072488e+00 4.196209884246199451e+00 4.196214591259163740e+00 4.820742119065833720e+00 4.820744949242057764e+00 6.222249245487432745e+00 6.222252187843886340e+00 6.757008289318164884e+00 6.757009217845208582e+00 7.818570957863873794e+00 7.818586099925099120e+00 1.027219414341643677e+01 1.027219590612826572e+01 1.095375668010055925e+01 1.095375996423236131e+01 1.112743998913703791e+01 1.112744050316101330e+01 1.189725116071871724e+01 1.189725332198060670e+01 1.278540839821295449e+01 1.278541068663740177e+01 1.478520293467916247e+01 1.478520711139094956e+01 1.649892467131639151e+01 1.649892705423630446e+01 2.320592803496000656e+01 2.320593121065671127e+01
2.193761226538329945e-01 2.328184748206721277e+00 2.328185480412824582e+00 3.497165771176502957e+00 3.497168668031370053e+00 4.192484293914972682e+00 4.192488887060841662e+00 4.822464693784270118e+00 4.822467553195978418e+00 6.222064321188183200e+00 6.222067317270854936e+00 6.759349281274031895e+00 6.759350016520569326e+00 7.823182202136625740e+00 7.823196623001497763e+00 1.026829320293692227e+01 1.026829498570409349e+01 1.095550873389119673e+01 1.095551190420835752e+01 1.112809344475235918e+01 1.112809407916797788e+01 1.189641736009995299e+01 1.189641954424524428e+01 1.278495267779705102e+01 1.278495497592497010e+01 1.478535631486236390e+01 1.478536034769007301e+01 1.649881399306321228e+01 1.649881636908471805e+01 2.320532861127765045e+01 2.320533171677446660e+01
2.202993985282538369e-01 2.328212455090800770e+00 2.328212927615658234e+00 3.496892893354789145e+00 3.496894662427872724e+00 4.188708779327129150e+00 4.188711549099964238e+00 4.824151544571410710e+00 4.824153326845530998e+00 6.221887898227258518e+00 6.221889775127229072e+00 6.761657462411713837e+00 6.761657821899580867e+00 7.827839466105541710e+00 7.827847929392866888e+00 1.026435867863535378e+01 1.026435979119216846e+01 1.095725503036056026e+01 1.095725691979697736e+01 1.112877674694176910e+01 1.112877720970874940e+01 1.189557785146069158e+01 1.189557921067353519e+01 1.278449031706078642e+01 1.278449173895099378e+01 1.478550916907019719e+01 1.478551157119516546e+01 1.649870743570733467e+01 1.649870889613788449e+01 2.320474600625313144e+01 2.320474787976628051e+01
2.212226744026746794e-01 2.328214115814511764e+00 2.328214115814879914e+00 3.496618489549509601e+00 3.496618489550101128e+00 4.184902897755041984e+00 4.184902897755627293e+00 4.825797332446686738e+00 4.825797332447494981e+00 6.221719882685986747e+00 6.221719882686251424e+00 6.763926513594232581e+00 6.763926513594419099e+00 7.832525176199856887e+00 7.832525176199933270e+00 1.026040686262077628e+01 1.026040686262094859e+01 1.095898720530621340e+01 1.095898720530665926e+01 1.112948676541894777e+01 1.112948676541895310e+01 1.189473529649259831e+01 1.189473529649272798e+01 1.278402336151489749e+01 1.278402336151622798e+01 1.478566103357250583e+01 1.478566103357315953e+01 1.649860501331920304e+01 1.649860501331945528e+01 2.320418076215475978e+01 2.320418076215623415e+01
2.221459502770955219e-01 2.328191417984172951e+00 2.328191931380681368e+00 3.496341363247240430e+00 3.496343081093093108e+00 4.181082779766372326e+00 4.181085416508366848e+00 4.827395048877893835e+00 4.827396851899363739e+00 6.221558214340131343e+00 6.221560116206339863e+00 6.766150222076253939e+00 6.766150511792247357e+00 7.837214458465445510e+00 7.837222020516840360e+00 1.025645292480630921e+01 1.025645405321449921e+01 1.096069553795893370e+01 1.096069728948685373e+01 1.113021939540772642e+01 1.113021998666369328e+01 1.189389086064812417e+01 1.189389222403887736e+01 1.278355240776535418e+01 1.278355381902641597e+01 1.478580936459075978e+01 1.478581158277318330e+01 1.649850529788371745e+01 1.649850673071832219e+01 2.320363169892179300e+01 2.320363347377629992e+01
2.230692261515163644e-01 2.328147256427991696e+00 2.328148120580335156e+00 3.496064504630888692e+00 3.496067235571829634e+00 4.177270412707211555e+00 4.177274575663402878e+00 4.828942454378429616e+00 4.828945380854708702e+00 6.221405360788269334e+00 6.221408437086537901e+00 6.768323266068551725e+00 6.768323784554252320e+00 7.841901275170980234e+00 7.841912786483999476e+00 1.025251458731511711e+01 1.025251642087234494e+01 1.096237514885643805e+01 1.096237787313621226e+01 1.113097155342630096e+01 1.113097260247259435e+01 1.189304902391116947e+01 1.189305122161581707e+01 1.278308142078682863e+01 1.278308368423947705e+01 1.478595712404113804e+01 1.478596056222047928e+01 1.649841029958761141e+01 1.649841258620566364e+01 2.320310196453110763e+01 2.320310475089220148e+01
2.239925020259372068e-01 2.328083988773914204e+00 2.328084886433757106e+00 3.495789051900938471e+00 3.495791729442840445e+00 4.173484253494716967e+00 4.173488316017611943e+00 4.830436096102267207e+00 4.830439026682186388e+00 6.221261665669860719e+00 6.221264726864326633e+00 6.770440167434480294e+00 6.770440774769069137e+00 7.846569186993517242e+00 7.846579982012163335e+00 1.024860804818029614e+01 1.024860988583766641e+01 1.096401959220711220e+01 1.096402220790215054e+01 1.113173949656134099e+01 1.113174062961825683e+01 1.189221293743879393e+01 1.189221511913888385e+01 1.278261273735295944e+01 1.278261497306465344e+01 1.478610439525133735e+01 1.478610768149219901e+01 1.649832032686478911e+01 1.649832257542495384e+01 2.320259246456530278e+01 2.320259516188493976e+01
2.249157779003580493e-01 2.328003829424745152e+00 2.328004404847685560e+00 3.495516015535573562e+00 3.495517634379783356e+00 4.169741919626387627e+00 4.169744370184145232e+00 4.831873106389392269e+00 4.831874917115878354e+00 6.221127050517229584e+00 6.221128924541537764e+00 6.772495633064470333e+00 6.772496072523855659e+00 7.851199228779755401e+00 7.851205465132874650e+00 1.024474890334680666e+01 1.024475003926918681e+01 1.096562267264074997e+01 1.096562422273622417e+01 1.113251926514459633e+01 1.113252001193374419e+01 1.189138575143962662e+01 1.189138708523307386e+01 1.278214838789924279e+01 1.278214974770474832e+01 1.478625058324411690e+01 1.478625251988028211e+01 1.649823533256707364e+01 1.649823669485727962e+01 2.320210357587084005e+01 2.320210518568985947e+01
2.258390537747788918e-01 2.327908835452595859e+00 2.327908835452962233e+00 3.495246292812744571e+00 3.495246292813330324e+00 4.166060174816617057e+00 4.166060174817199702e+00 4.833251148831076094e+00 4.833251148831886113e+00 6.221001006502349107e+00 6.221001006502630659e+00 6.774484549376131426e+00 6.774484549376378340e+00 7.855770311920669435e+00 7.855770311920742266e+00 1.024095211874387168e+01 1.024095211874403333e+01 1.096717846499904248e+01 1.096717846499950610e+01 1.113330666348657694e+01 1.113330666348662490e+01 1.189057059350167478e+01 1.189057059350181511e+01 1.278169011635487884e+01 1.278169011635620933e+01 1.478639449253028815e+01 1.478639449253094007e+01 1.649815494354292156e+01 1.649815494354318801e+01 2.320163519559873322e+01 2.320163519560020049e+01
2.267623296491997342e-01 2.327800343702533414e+00 2.327800959794099178e+00 3.494979193469511802e+00 3.494980731619877545e+00 4.162452634939961982e+00 4.162454970679767996e+00 4.834566506643815487e+00 4.834568307996097936e+00 6.220880945416759289e+00 6.220882759136991957e+00 6.776401475184239409e+00 6.776402041848587743e+00 7.860255042050078522e+00 7.860260439896587847e+00 1.023723102429344145e+01 1.023723215339498616e+01 1.096868000313078539e+01 1.096868142141459579e+01 1.113409643848255115e+01 1.113409726149193979e+01 1.188976927038017806e+01 1.188977056143135336e+01 1.278123820295368063e+01 1.278123950453355739e+01 1.478653289608443799e+01 1.478653464316581179e+01 1.649807732233940172e+01 1.649807861839066803e+01 2.320118548336627384e+01 2.320118697245738915e+01
2.276856055236205767e-01 2.327681118031563745e+00 2.327682146979471955e+00 3.494717797843490903e+00 3.494720214475844244e+00 4.158937828448424412e+00 4.158941519457817648e+00 4.835820060033743317e+00 4.835822960904011758e+00 6.220768669024892894e+00 6.220771536382131650e+00 6.778242563842201918e+00 6.778243573326366622e+00 7.864640148850380541e+00 7.864648239032119292e+00 1.023360134417865375e+01 1.023360315981111945e+01 1.097012433400765019e+01 1.097012652246819542e+01 1.113488504819748037e+01 1.113488642766305681e+01 1.188898668454615759e+01 1.188898872839667042e+01 1.278079609606236033e+01 1.278079814348729393e+01 1.478666701490573843e+01 1.478666968817016780e+01 1.649800383106387258e+01 1.649800586550699677e+01 2.320075631288221629e+01 2.320075861976030041e+01
2.286088813980414192e-01 2.327553368673321632e+00 2.327554428963787725e+00 3.494463386918170489e+00 3.494465727061172533e+00 4.155530758812175485e+00 4.155534364630767641e+00 4.837010791490628847e+00 4.837013674954657283e+00 6.220664037016772951e+00 6.220666825790320154e+00 6.780003940090819192e+00 6.780005032933981823e+00 7.868906730319846332e+00 7.868914205952265206e+00 1.023007735773815519e+01 1.023007915838429405e+01 1.097150732680141871e+01 1.097150940856552737e+01 1.113566797161810484e+01 1.113566938967382214e+01 1.188822616001830923e+01 1.188822815212061990e+01 1.278036579574851217e+01 1.278036777710990002e+01 1.478679623997630621e+01 1.478679875977852731e+01 1.649793446478430070e+01 1.649793643082314887e+01 2.320034797867895904e+01 2.320035017998496230e+01
2.295321572724622616e-01 2.327419304156176150e+00 2.327419978266717315e+00 3.494216986869427721e+00 3.494218383355646385e+00 4.152245241097484829e+00 4.152247418919882804e+00 4.838137393811445364e+00 4.838139163158282408e+00 6.220566843754768094e+00 6.220568512338205736e+00 6.781682055306816892e+00 6.781682776244104538e+00 7.873036963389425047e+00 7.873041224748837053e+00 1.022667299571006083e+01 1.022667409715568176e+01 1.097282521329695903e+01 1.097282643351746145e+01 1.113644041212879543e+01 1.113644130678591715e+01 1.188749068232505124e+01 1.188749187764918069e+01 1.277994917849675538e+01 1.277995035769325405e+01 1.478692014633446661e+01 1.478692160898387264e+01 1.649786921090262126e+01 1.649787038026115837e+01 2.319996084223915744e+01 2.319996213568568066e+01
2.304554331468831041e-01 2.327281092835635334e+00 2.327281092835973730e+00 3.493979397970504497e+00 3.493979397971085366e+00 4.149093951835935101e+00 4.149093951836518634e+00 4.839198299954818872e+00 4.839198299955632443e+00 6.220476842281633445e+00 6.220476842281954077e+00 6.783273599995352399e+00 6.783273599995631287e+00 7.877014233830793799e+00 7.877014233830856860e+00 1.022340175945752172e+01 1.022340175945768515e+01 1.097407461284715602e+01 1.097407461284764985e+01 1.113719733451554283e+01 1.113719733451561744e+01 1.188678292583280793e+01 1.188678292583295892e+01 1.277954799220639615e+01 1.277954799220773019e+01 1.478703849431168038e+01 1.478703849431232342e+01 1.649780804839171822e+01 1.649780804839196691e+01 2.319959532957374293e+01 2.319959532957521375e+01
2.313787090213039466e-01 2.327140114715247510e+00 2.327140824430273369e+00 3.493750017428554955e+00 3.493751307558405905e+00 4.146086527424646562e+00 4.146088609945252301e+00 4.840190172642370392e+00 4.840191911788465084e+00 6.220392234953600052e+00 6.220393776878085035e+00 6.784774661528524931e+00 6.784775455843592873e+00 7.880819277751854202e+00 7.880822896489428686e+00 1.022027554647758762e+01 1.022027661938565579e+01 1.097525148189691713e+01 1.097525256715395692e+01 1.113793266760889367e+01 1.113793358273900047e+01 1.188610426583395885e+01 1.188610537884702723e+01 1.277916280435541907e+01 1.277916387982266144e+01 1.478714988119249263e+01 1.478715115534841473e+01 1.649774988143995103e+01 1.649775094970688016e+01 2.319925073715737085e+01 2.319925189160996482e+01
2.323019848957247890e-01 2.326999311331003462e+00 2.327000486564473114e+00 3.493531437374864268e+00 3.493533434211702815e+00 4.143236911183668880e+00 4.143240208863990581e+00 4.841114127792247146e+00 4.841116914562250351e+00 6.220315029376589422e+00 6.220317410489672127e+00 6.786183373681004660e+00 6.786184704897737952e+00 7.884442411961256170e+00 7.884447817671722092e+00 1.021730821198046257e+01 1.021730992106341418e+01 1.097635491510716577e+01 1.097635655949930111e+01 1.113864255941212456e+01 1.113864404466417035e+01 1.188545877684875407e+01 1.188546050361063067e+01 1.277879677118174229e+01 1.277879841740210587e+01 1.478725608781024725e+01 1.478725799785483197e+01 1.649769624527652212e+01 1.649769788484940491e+01 2.319892919406424525e+01 2.319893094598684868e+01
2.332252607701456315e-01 2.326860762975373920e+00 2.326861963650103338e+00 3.493324736249773022e+00 3.493326640121157123e+00 4.140555977057570836e+00 4.140559206525083802e+00 4.841969776341716880e+00 4.841972534753014479e+00 6.220245277307238752e+00 6.220247538720901304e+00 6.787497312765917279e+00 6.787498681925079325e+00 7.887868948801060931e+00 7.887873957688741555e+00 1.021451164185109839e+01 1.021451332209773177e+01 1.097738297199282798e+01 1.097738450286920830e+01 1.113932232811716361e+01 1.113932381074363320e+01 1.188484920872169326e+01 1.188485085714359535e+01 1.277845160032649652e+01 1.277845314637162843e+01 1.478735702696835119e+01 1.478735878614649835e+01 1.649764727979436074e+01 1.649764882623449225e+01 2.319863119313279398e+01 2.319863282697118123e+01
2.341485366445664740e-01 2.326726296897114743e+00 2.326727053708085524e+00 3.493130847095015312e+00 3.493131965284101081e+00 4.138053646589944456e+00 4.138055602772166885e+00 4.842756943063027286e+00 4.842758629980646212e+00 6.220182669079364679e+00 6.220183989885059717e+00 6.788714169137753274e+00 6.788715034277333693e+00 7.891083348544099429e+00 7.891086233536995564e+00 1.021189674720821650e+01 1.021189776699389640e+01 1.097833382105096156e+01 1.097833469573996368e+01 1.113996736723554726e+01 1.113996827799313927e+01 1.188427815133115040e+01 1.188427911955037430e+01 1.277812869304711363e+01 1.277812958299892365e+01 1.478745214350415971e+01 1.478745313797171868e+01 1.649760285680629224e+01 1.649760375270110302e+01 2.319835682995840997e+01 2.319835776564625718e+01
2.350718125189873164e-01 2.326597488800711488e+00 2.326597488801048552e+00 3.492950572397873099e+00 3.492950572398457521e+00 4.135738882068532796e+00 4.135738882069107447e+00 4.843475575200141492e+00 4.843475575200936412e+00 6.220126616476758130e+00 6.220126616477085868e+00 6.789831751403188953e+00 6.789831751403480276e+00 7.894069765214771550e+00 7.894069765214823953e+00 1.020947348897905727e+01 1.020947348897921358e+01 1.097920575667055232e+01 1.097920575667106391e+01 1.114057317600776642e+01 1.114057317600786767e+01 1.188374801865962915e+01 1.188374801865978547e+01 1.277782919912106507e+01 1.277782919912239912e+01 1.478754055775041465e+01 1.478754055775107012e+01 1.649756265132436539e+01 1.649756265132461763e+01 2.319810590789975535e+01 2.319810590790122617e+01
2.359950883934081589e-01 2.326474941743471359e+00 2.326475724875133544e+00 3.492783629178443761e+00 3.492784629553323139e+00 4.133617852494730016e+00 4.133619737090085344e+00 4.844123995380373415e+00 4.844125646927811779e+00 6.220075284895769663e+00 6.220076447151385857e+00 6.790847142994118180e+00 6.790848034588931270e+00 7.896810418219166294e+00 7.896812988472441397e+00 1.020725001566418655e+01 1.020725099713226847e+01 1.097999655475014968e+01 1.097999728252768037e+01 1.114113452617657174e+01 1.114113541639891380e+01 1.188326018438683462e+01 1.188326104728496624e+01 1.277755338156908849e+01 1.277755413045873745e+01 1.478762052721430464e+01 1.478762133765140518e+01 1.649752551647820198e+01 1.649752628728705872e+01 2.319787736005020662e+01 2.319787814515255064e+01
2.369183642678290014e-01 2.326361007645482371e+00 2.326362293294993666e+00 3.492632178945153765e+00 3.492633703773430298e+00 4.131700449365185435e+00 4.131703447741750246e+00 4.844704454868962173e+00 4.844707099957704877e+00 6.220029867743176233e+00 6.220031619449907012e+00 6.791759770954334918e+00 6.791761227413792845e+00 7.899295403735909105e+00 7.899299390704181967e+00 1.020523615492523462e+01 1.020523771252120326e+01 1.098070615133801553e+01 1.098070720687496049e+01 1.114164857290145072e+01 1.114164999129189049e+01 1.188281799362076008e+01 1.188281930346052029e+01 1.277730338722872894e+01 1.277730447767518918e+01 1.478769260955918696e+01 1.478769377321197709e+01 1.649749234653216590e+01 1.649749348977206154e+01 2.319767223964629466e+01 2.319767338710365223e+01
2.378416401422498438e-01 2.326257161189807743e+00 2.326258463384493158e+00 3.492497051081925097e+00 3.492498484961702232e+00 4.129993580267371733e+00 4.129996532719322211e+00 4.845217224147035040e+00 4.845219843759863032e+00 6.219990239143415423e+00 6.219991864258961556e+00 6.792568362697154249e+00 6.792569829045087992e+00 7.901513667095326987e+00 7.901517531031703179e+00 1.020343994847180191e+01 1.020344147692323133e+01 1.098133376151234941e+01 1.098133469309851229e+01 1.114211173451305292e+01 1.114211312892628669e+01 1.188242346574896402e+01 1.188242469034073956e+01 1.277708031200901395e+01 1.277708127705858487e+01 1.478775651923752577e+01 1.478775753602413623e+01 1.649746313931118991e+01 1.649746417817024735e+01 2.319749070771063160e+01 2.319749173246748342e+01
2.387649160166706863e-01 2.326164703592115579e+00 2.326165517352568379e+00 3.492378841462080885e+00 3.492379674290650993e+00 4.128503066959098966e+00 4.128504866595323897e+00 4.845662204462693801e+00 4.845663809093943897e+00 6.219956271166276807e+00 6.219957200227137051e+00 6.793271741391114560e+00 6.793272651808105245e+00 7.903455906419722510e+00 7.903458243897472535e+00 1.020186859791804146e+01 1.020186952579257067e+01 1.098187873495035660e+01 1.098187923308663372e+01 1.114252060886967222e+01 1.114252145545561845e+01 1.188207824212628516e+01 1.188207894806855336e+01 1.277688508468611772e+01 1.277688560142235197e+01 1.478781212818393698e+01 1.478781266630064728e+01 1.649743788773563935e+01 1.649743846592713226e+01 2.319733296857161164e+01 2.319733352676859539e+01
2.396881918910915288e-01 2.326084720416743412e+00 2.326084720417073370e+00 3.492277960173451490e+00 3.492277960174060336e+00 4.127233699013458157e+00 4.127233699014028367e+00 4.846039020359564020e+00 4.846039020360370486e+00 6.219927829951326537e+00 6.219927829951661380e+00 6.793868800024426946e+00 6.793868800024733368e+00 7.905114261328589187e+00 7.905114261328627379e+00 1.020052838367011283e+01 1.020052838367026382e+01 1.098234054930939330e+01 1.098234054930990844e+01 1.114287204152560662e+01 1.114287204152572208e+01 1.188178364343244375e+01 1.188178364343259297e+01 1.277671848454726167e+01 1.277671848454858505e+01 1.478785941091856415e+01 1.478785941091921963e+01 1.649741657686234575e+01 1.649741657686259089e+01 2.319719923949472218e+01 2.319719923949620366e+01
2.406114677655123713e-01 2.326017241066791197e+00 2.326018068789995397e+00 3.492193975418154128e+00 3.492194715391641058e+00 4.126187611218013807e+00 4.126189371330913680e+00 4.846345640006427757e+00 4.846347221127166982e+00 6.219903977897180525e+00 6.219904772798027004e+00 6.794357611142280540e+00 6.794358525812130623e+00 7.906479595776803038e+00 7.906481886749513244e+00 1.019942370343401983e+01 1.019942460325146527e+01 1.098271846549227426e+01 1.098271880663766709e+01 1.114316241774893435e+01 1.114316323609030945e+01 1.188154015042042388e+01 1.188154076552784844e+01 1.277658081835724424e+01 1.277658117077705846e+01 1.478789800096269147e+01 1.478789835989190316e+01 1.649739872498738080e+01 1.649739918295370344e+01 2.319708929244705686e+01 2.319708970652830260e+01
2.415347436399332137e-01 2.325964053254629071e+00 2.325965400529253824e+00 3.492128252439933522e+00 3.492129390829200819e+00 4.125370423861220992e+00 4.125373248937783011e+00 4.846583949298685745e+00 4.846586493622599079e+00 6.219885751468592794e+00 6.219886950222450750e+00 6.794738578249981842e+00 6.794740059586240832e+00 7.907548983823105004e+00 7.907552679992956968e+00 1.019856011056087119e+01 1.019856154947186511e+01 1.098301279940803177e+01 1.098301322503016486e+01 1.114339056401406047e+01 1.114339186961746542e+01 1.188134962592965849e+01 1.188135056209867635e+01 1.277647327163922775e+01 1.277647370687893513e+01 1.478792847772706942e+01 1.478792891477943172e+01 1.649738501770097088e+01 1.649738567447396420e+01 2.319700392396775968e+01 2.319700448849828334e+01
2.424580195143540562e-01 2.325925858376221012e+00 2.325927211384744009e+00 3.492081190079380448e+00 3.492082283889227590e+00 4.124785088658257770e+00 4.124787897261656511e+00 4.846754260430007122e+00 4.846756794546956293e+00 6.219873086478822088e+00 6.219874217934522775e+00 6.795011279108733149e+00 6.795012761082141139e+00 7.908317638920872916e+00 7.908321332635360079e+00 1.019794110594593661e+01 1.019794253231287406e+01 1.098322331883700720e+01 1.098322362212959469e+01 1.114355488518753923e+01 1.114355617670255150e+01 1.188121298488009003e+01 1.188121387568405574e+01 1.277639626562688413e+01 1.277639656714606531e+01 1.478795064509059642e+01 1.478795093983332976e+01 1.649737542626273523e+01 1.649737601455953850e+01 2.319694315093716241e+01 2.319694362539911481e+01
2.433812953887748987e-01 2.325903055094560301e+00 2.325903893432637481e+00 3.492053036934313237e+00 3.492053695719322004e+00 4.124433604261995789e+00 4.124435333926633973e+00 4.846856791513254770e+00 4.846858353843785494e+00 6.219865789026814973e+00 6.219866461931957247e+00 6.795175334462327577e+00 6.795176250522898087e+00 7.908781407518218565e+00 7.908783690750784245e+00 1.019756905174235762e+01 1.019756992853611521e+01 1.098334977066404328e+01 1.098334989130867001e+01 1.114365418900273141e+01 1.114365498175226499e+01 1.188113087677338164e+01 1.188113140959526604e+01 1.277635001265926817e+01 1.277635012176819274e+01 1.478796416047593176e+01 1.478796425726178043e+01 1.649736983028412496e+01 1.649737016566146153e+01 2.319690683987901991e+01 2.319690709374971149e+01
2.443045712631957411e-01 2.325895764237613239e+00 2.325895764237972507e+00 3.492043888635317117e+00 3.492043888635912641e+00 4.124316990283873885e+00 4.124316990284444984e+00 4.846891560586376713e+00 4.846891560587190284e+00 6.219863634583734147e+00 6.219863634584063661e+00 6.795230408555129387e+00 6.795230408555450907e+00 7.908937232972863995e+00 7.908937232972923503e+00 1.019744522889424232e+01 1.019744522889438976e+01 1.098339196660081996e+01 1.098339196660134753e+01 1.114368768049538438e+01 1.114368768049550518e+01 1.188110366448805166e+01 1.188110366448820798e+01 1.277633460084381944e+01 1.277633460084514105e+01 1.478796871203981489e+01 1.478796871204045971e+01 1.649736810111646790e+01 1.649736810111671659e+01 2.319689484114460143e+01 2.319689484114606515e+01
2.443045712631957411e-01 2.325895764237613239e+00 2.325895764237972507e+00 3.492043888635317117e+00 3.492043888635912641e+00 4.124316990283873885e+00 4.124316990284444984e+00 4.846891560586376713e+00 4.846891560587190284e+00 6.219863634583734147e+00 6.219863634584063661e+00 6.795230408555129387e+00 6.795230408555450907e+00 7.908937232972863995e+00 7.908937232972923503e+00 1.019744522889424232e+01 1.019744522889438976e+01 1.098339196660081996e+01 1.098339196660134753e+01 1.114368768049538438e+01 1.114368768049550518e+01 1.188110366448805166e+01 1.188110366448820798e+01 1.277633460084381944e+01 1.277633460084514105e+01 1.478796871203981489e+01 1.478796871204045971e+01 1.649736810111646790e+01 1.649736810111671659e+01 2.319689484114460143e+01 2.319689484114606515e+01
2.458243411014068569e-01 2.325707337897293225e+00 2.325707834948459674e+00 3.491635182029402262e+00 3.491635695015283147e+00 4.123958749463645823e+00 4.123959632013830756e+00 4.846574985782345912e+00 4.846575499615050298e+00 6.219620375573177817e+00 6.219620882742308510e+00 6.795376270448270972e+00 6.795376509710854940e+00 7.908500901468692668e+00 7.908503244473060079e+00 1.019759580698962154e+01 1.019759625821748728e+01 1.098300177035941871e+01 1.098300223480173443e+01 1.114323891006684697e+01 1.114323946529768605e+01 1.188147607629665892e+01 1.188147626493774034e+01 1.277637865189562660e+01 1.277637874141607988e+01 1.478798388512216100e+01 1.478798415190510696e+01 1.649792694473708465e+01 1.649792730973431887e+01 2.319676813599803111e+01 2.319676842176584586e+01
2.473441109396179727e-01 2.325141895222539556e+00 2.325142808180507448e+00 3.490410154179476976e+00 3.490411671426659534e+00 4.122884834896392015e+00 4.122887303591221908e+00 4.845626178716437416e+00 4.845627791571394560e+00 6.218891140241457727e+00 6.218892679031789328e+00 6.795813934942056989e+00 6.795814630888656893e+00 7.907197123902315106e+00 7.907203424054669583e+00 1.019804480890330289e+01 1.019804558253323279e+01 1.098182984345599067e+01 1.098183125366458768e+01 1.114190010448296952e+01 1.114190108943071067e+01 1.188259063349515721e+01 1.188259084254701214e+01 1.277651017952060641e+01 1.277651029601053345e+01 1.478802994728974696e+01 1.478803072366083349e+01 1.649960241032719566e+01 1.649960300217473019e+01 2.319638818840840599e+01 2.319638905119135686e+01
2.488638807778290885e-01 2.324197483446743817e+00 2.324198516534119019e+00 3.488371740382405495e+00 3.488373865435723253e+00 4.121096816987539491e+00 4.121100184983498949e+00 4.844047674701099204e+00 4.844049999849715959e+00 6.217677338649997054e+00 6.217679502400591751e+00 6.796543478819225825e+00 6.796544485682523451e+00 7.905038181451520707e+00 7.905047019715477852e+00 1.019878255011115087e+01 1.019878341121054532e+01 1.097987188919532286e+01 1.097987386214455796e+01 1.113969189178211572e+01 1.113969296711631074e+01 1.188443852416236624e+01 1.188443868767493505e+01 1.277672692129410592e+01 1.277672709401382001e+01 1.478810829712663555e+01 1.478810935252241165e+01 1.650239001914827597e+01 1.650239061002748286e+01 2.319575530093019111e+01 2.319575654338884263e+01
2.503836506160402320e-01 2.322870863775170491e+00 2.322871557735916248e+00 3.485524491835075622e+00 3.485526098271896522e+00 4.118596840061694131e+00 4.118599315704699393e+00 4.841843218644526381e+00 4.841845032093954337e+00 6.215981050264244523e+00 6.215982686328972662e+00 6.797565044829038783e+00 6.797565850985080260e+00 7.902042754107049483e+00 7.902049653045200017e+00 1.019979287693106151e+01 1.019979349320055917e+01 1.097712034221689237e+01 1.097712181915125029e+01 1.113664803199038289e+01 1.113664872882852919e+01 1.188700534601476377e+01 1.188700555639686307e+01 1.277702529326960601e+01 1.277702548402866967e+01 1.478822094645044416e+01 1.478822171387000495e+01 1.650628217407446741e+01 1.650628253458509320e+01 2.319486972599022323e+01 2.319487070272702312e+01
2.519034204542513478e-01 2.321157484726740883e+00 2.321157484727103260e+00 3.481874252238755130e+00 3.481874252239358647e+00 4.115387268019278011e+00 4.115387268019831346e+00 4.839017423238285431e+00 4.839017423239095450e+00 6.213804792002454391e+00 6.213804792002787458e+00 6.798878807410231317e+00 6.798878807410538627e+00 7.898233842440262720e+00 7.898233842440304464e+00 1.020105319591569071e+01 1.020105319591584525e+01 1.097356438745167395e+01 1.097356438745217311e+01 1.113281446901686778e+01 1.113281446901698679e+01 1.189027172937265142e+01 1.189027172937283261e+01 1.277740047984151772e+01 1.277740047984283223e+01 1.478837027169658924e+01 1.478837027169722518e+01 1.651126813775462665e+01 1.651126813775488600e+01 2.319373143397078607e+01 2.319373143397227821e+01
2.534231902924624635e-01 2.319050811171592397e+00 2.319051507401173939e+00 3.477426164521320473e+00 3.477428041024543948e+00 4.111468250260714719e+00 4.111470891451187271e+00 4.835573462274726175e+00 4.835575773317652093e+00 6.211149567128772198e+00 6.211151476749736666e+00 6.800483791961791091e+00 6.800484928516075556e+00 7.893628818015750781e+00 7.893637945631022390e+00 1.020253365782286359e+01 1.020253450037498233e+01 1.096918915978441156e+01 1.096919080363532295e+01 1.112824742512579590e+01 1.112824805467120903e+01 1.189421278453865582e+01 1.189421334718014123e+01 1.277784606753706775e+01 1.277784645458827484e+01 1.478855813510219264e+01 1.478855899560665144e+01 1.651733378986214973e+01 1.651733411542905827e+01 2.319233876037264608e+01 2.319234004624937029e+01
2.549429601306735793e-01 2.316544855309591089e+00 2.316545890430557808e+00 3.472191136744148476e+00 3.472194123916283015e+00 4.106847688654597484e+00 4.106851570405165575e+00 4.831521078990948403e+00 4.831524980102593680e+00 6.208021533642003931e+00 6.208024577921959164e+00 6.802381410335724965e+00 6.802383482665742775e+00 7.888269765387202703e+00 7.888285705091463207e+00 1.020419992475992643e+01 1.020420147345785722e+01 1.096398316007011431e+01 1.096398564749535431e+01 1.112301409295246835e+01 1.112301493904453231e+01 1.189880009772140568e+01 1.189880130692101901e+01 1.277835541099685202e+01 1.277835617283276370e+01 1.478878886511642499e+01 1.478879036094781263e+01 1.652446297096900807e+01 1.652446343910276738e+01 2.319069274736340347e+01 2.319069497311987504e+01
2.564627299688846951e-01 2.313631596277350599e+00 2.313632502202527252e+00 3.466179312940976143e+00 3.466182100035012148e+00 4.101531690913176931e+00 4.101534882848330454e+00 4.826869538514564795e+00 4.826873431488133193e+00 6.204425533044672925e+00 6.204428385908305366e+00 6.804572074586861419e+00 6.804574357337451751e+00 7.882196820744388432e+00 7.882213476215581771e+00 1.020601100310251930e+01 1.020601270836934304e+01 1.095793427278293031e+01 1.095793639502496220e+01 1.111718794331657456e+01 1.111718856878891870e+01 1.190400128370077226e+01 1.190400277005725549e+01 1.277892099608192567e+01 1.277892186351523485e+01 1.478906650333006390e+01 1.478906826066565117e+01 1.653263639392532980e+01 1.653263678111489909e+01 2.318879338593591299e+01 2.318879568075999842e+01
2.579824998070958109e-01 2.310301727587296572e+00 2.310302214817068212e+00 3.459401254327690634e+00 3.459402794538273707e+00 4.095526891396602309e+00 4.095528328504261850e+00 4.821629111532256040e+00 4.821631410001713469e+00 6.200366594462284553e+00 6.200368183943806066e+00 6.807055626277575655e+00 6.807057153118414305e+00 7.875454260775965665e+00 7.875464715715575714e+00 1.020791986555178887e+01 1.020792098697737593e+01 1.095103306535498611e+01 1.095103405443339284e+01 1.111084694739697198e+01 1.111084723605536873e+01 1.190978065522343066e+01 1.190978172094658838e+01 1.277953476111405884e+01 1.277953534578783312e+01 1.478939585334449447e+01 1.478939722283302416e+01 1.654183212066837072e+01 1.654183230125810411e+01 2.318664051841248508e+01 2.318664193207944635e+01
2.595022696453069266e-01 2.306544952572598728e+00 2.306544952572977536e+00 3.451867872213303823e+00 3.451867872213880251e+00 4.088840942180096860e+00 4.088840942180647531e+00 4.815810918107728433e+00 4.815810918108514471e+00 6.195850234027448167e+00 6.195850234027749259e+00 6.809831110837540002e+00 6.809831110837842871e+00 7.868090157413027974e+00 7.868090157413056396e+00 1.020987350971029350e+01 1.020987350971040719e+01 1.094327501212866416e+01 1.094327501212910114e+01 1.110407112651950001e+01 1.110407112651955686e+01 1.191609972998770850e+01 1.191609972998791100e+01 1.278018828759272907e+01 1.278018828759400272e+01 1.478978254944074955e+01 1.478978254944140147e+01 1.655202567438181305e+01 1.655202567438207950e+01 2.318423386101839156e+01 2.318423386101985528e+01
2.610220394835180424e-01 2.302349775773956164e+00 2.302350310425967272e+00 3.443589311983094259e+00 3.443590572994534416e+00 4.081482507253872072e+00 4.081483596688248561e+00 4.809425237916661544e+00 4.809427051866467906e+00 6.190881617596661890e+00 6.190882926849232248e+00 6.812895068385713238e+00 6.812896783157103897e+00 7.860146435016550193e+00 7.860156424168126321e+00 1.021181200515712817e+01 1.021181314549257735e+01 1.093466267674855708e+01 1.093466303164263564e+01 1.109693933454325965e+01 1.109693989661752589e+01 1.192291651889305015e+01 1.192291777638599903e+01 1.278087239414570853e+01 1.278087307215412771e+01 1.479023058726039075e+01 1.479023275750695632e+01 1.656319002816614372e+01 1.656319018216776584e+01 2.318157183948270017e+01 2.318157311154286759e+01
2.625418093217291582e-01 2.297705139875807046e+00 2.297706207897259656e+00 3.434579082578810283e+00 3.434581203713809927e+00 4.073464062456465307e+00 4.073466769804139354e+00 4.802488545724093782e+00 4.802490922509807802e+00 6.185470133738808940e+00 6.185472280086952601e+00 6.816247410157457942e+00 6.816250294832474133e+00 7.851693681377724054e+00 7.851708910525776908e+00 1.021367273656190910e+01 1.021367449646989378e+01 1.092520915142761773e+01 1.092521004224989589e+01 1.108952758829443930e+01 1.108952887312509006e+01 1.193019024472463130e+01 1.193019233903342347e+01 1.278157959934339694e+01 1.278158081880065922e+01 1.479074868923592589e+01 1.479075288187789639e+01 1.657529604570071058e+01 1.657529642731036290e+01 2.317865621968577372e+01 2.317865807224118413e+01
2.640615791599402740e-01 2.292599047845840232e+00 2.292600346168914616e+00 3.424849165711936205e+00 3.424851574585769054e+00 4.064799707987544863e+00 4.064803516918221504e+00 4.795015855683267603e+00 4.795017609813125858e+00 6.179624350007567379e+00 6.179626707028354815e+00 6.819885950910453687e+00 6.819888909383682751e+00 7.842793185313062132e+00 7.842807183325914977e+00 1.021538650179478225e+01 1.021538811675231173e+01 1.091493830485578265e+01 1.091493979949627402e+01 1.108190588598851178e+01 1.108190751782191441e+01 1.193787759254500713e+01 1.193787968190238935e+01 1.278230231025515629e+01 1.278230369758026264e+01 1.479134472907365350e+01 1.479134952686438353e+01 1.658831229876440361e+01 1.658831284804688622e+01 2.317548710714285320e+01 2.317548870895557300e+01
2.655813489981513897e-01 2.287018896901069631e+00 2.287019826491443197e+00 3.414411372256890065e+00 3.414413085383259272e+00 4.055506247369580208e+00 4.055509207009219352e+00 4.787023313282804615e+00 4.787023998927121937e+00 6.173353466883975571e+00 6.173355103411011235e+00 6.823807722245255114e+00 6.823809567833141188e+00 7.833506119345987173e+00 7.833513867162992916e+00 1.021687874247677819e+01 1.021687962282350348e+01 1.090388716455501239e+01 1.090388842653653789e+01 1.107413654287913118e+01 1.107413772153049258e+01 1.194593387976416032e+01 1.194593513072091184e+01 1.278303363309900575e+01 1.278303461226684945e+01 1.479202643887070678e+01 1.479202969191922357e+01 1.660220542130244326e+01 1.660220586356742345e+01 2.317206429775383469e+01 2.317206511414843106e+01
2.671011188363625055e-01 2.280951333394758862e+00 2.280951333395197622e+00 3.403276722469798621e+00 3.403276722470366611e+00 4.045602652987406955e+00 4.045602652987905223e+00 4.778528587883827505e+00 4.778528587884597556e+00 6.166666924199915023e+00 6.166666924200193911e+00 6.828008696861255444e+00 6.828008696861554760e+00 7.823893728141084303e+00 7.823893728141086967e+00 1.021806983273453184e+01 1.021806983273462244e+01 1.089210580052330002e+01 1.089210580052363042e+01 1.106627316391840843e+01 1.106627316391843685e+01 1.195431334521880196e+01 1.195431334521903644e+01 1.278376750539399787e+01 1.278376750539523954e+01 1.479280100556870003e+01 1.479280100556933952e+01 1.661694026340980201e+01 1.661694026341005781e+01 2.316838741168435689e+01 2.316838741168583482e+01
2.686208886745736213e-01 2.274381315866081721e+00 2.274382380026595207e+00 3.391452941772280294e+00 3.391454949629199245e+00 4.035106363354805659e+00 4.035110016952348388e+00 4.769550967933958496e+00 4.769551111692546641e+00 6.159572382230333432e+00 6.159574276575151330e+00 6.832481781957160827e+00 6.832483545434508976e+00 7.814012861362900964e+00 7.814018560775380706e+00 1.021887493173176331e+01 1.021887554973563894e+01 1.087965526528974536e+01 1.087965690596982959e+01 1.105835932236082897e+01 1.105836064430156185e+01 1.196296856420319443e+01 1.196296964293567022e+01 1.278449759666030872e+01 1.278449879355284580e+01 1.479367177411965173e+01 1.479367522225456177e+01 1.663247946982514236e+01 1.663248006211444974e+01 2.316445568425405099e+01 2.316445614023285060e+01
2.701406585127847371e-01 2.267296152613936577e+00 2.267297857143771189e+00 3.378951208832332576e+00 3.378954421205002667e+00 4.024045991077318973e+00 4.024051928519337906e+00 4.760111280228426445e+00 4.760111916754118155e+00 6.152082506997933464e+00 6.152085569889735872e+00 6.837222853480127149e+00 6.837225518193672080e+00 7.803938267783005145e+00 7.803945799871680578e+00 1.021920685311438248e+01 1.021920768670081081e+01 1.086661211080095590e+01 1.086661477858443092e+01 1.105043396149792656e+01 1.105043603556300980e+01 1.197185483888257451e+01 1.197185639383638467e+01 1.278522143313933235e+01 1.278522345600105581e+01 1.479465075600106161e+01 1.479465612173891742e+01 1.664878561284458058e+01 1.664878661362326895e+01 2.316026998782809443e+01 2.316027046102199094e+01
2.716604283509958528e-01 2.259682301927691483e+00 2.259683903494010604e+00 3.365779379051736964e+00 3.365782319909519593e+00 4.012449447185256091e+00 4.012455033880566013e+00 4.750231040729119947e+00 4.750232023237106027e+00 6.144209048257341266e+00 6.144211926708316618e+00 6.842224087402829724e+00 6.842226463907125300e+00 7.793737837751929298e+00 7.793743772212785359e+00 1.021897402611132577e+01 1.021897477675803678e+01 1.085306123217327290e+01 1.085306372443204737e+01 1.104252803700601149e+01 1.104252993181432352e+01 1.198092623672225443e+01 1.198092758695439031e+01 1.278593676177845673e+01 1.278593877290708036e+01 1.479574677783481285e+01 1.479575166802968411e+01 1.666581947541070363e+01 1.666582044858153466e+01 2.315583045130805218e+01 2.315583070677729793e+01
2.731801981892069686e-01 2.251526441198811401e+00 2.251527322366523087e+00 3.351943245478057776e+00 3.351944745076019139e+00 4.000346373797268207e+00 4.000349393364057704e+00 4.739932189630908788e+00 4.739932924133759329e+00 6.135964321518985187e+00 6.135965870885422113e+00 6.847475669215082661e+00 6.847476891654514120e+00 7.783480483006606221e+00 7.783483273789808976e+00 1.021808249727487450e+01 1.021808297016147726e+01 1.083909447605738841e+01 1.083909581158674129e+01 1.103466703337579879e+01 1.103466803578636934e+01 1.199013699614621231e+01 1.199013770773460053e+01 1.278664237042683638e+01 1.278664353439562795e+01 1.479696843092722780e+01 1.479697100448956526e+01 1.668354046816671499e+01 1.668354100492417302e+01 2.315113739252367608e+01 2.315113746940930639e+01
2.746999680274180844e-01 2.242815600082982641e+00 2.242815600083502225e+00 3.337446482549826232e+00 3.337446482550400439e+00 3.987768405411758366e+00 3.987768405412247308e+00 4.729236851612931503e+00 4.729236851613659809e+00 6.127361111995554666e+00 6.127361111995800691e+00 6.852965927459750972e+00 6.852965927460036077e+00 7.773236066853940862e+00 7.773236066853979942e+00 1.021643724116611018e+01 1.021643724116614926e+01 1.082480795634438664e+01 1.082480795634460691e+01 1.102687270406526920e+01 1.102687270406537934e+01 1.199944164404077007e+01 1.199944164404103830e+01 1.278733806543004725e+01 1.278733806543123386e+01 1.479832403170997779e+01 1.479832403171060839e+01 1.670190678681543872e+01 1.670190678681572294e+01 2.314619139329935393e+01 2.314619139330082476e+01
2.762197378656292002e-01 2.233536685062306848e+00 2.233537290663932584e+00 3.322290468570975097e+00 3.322290954163759746e+00 3.974748394901993276e+00 3.974750055230084289e+00 4.718166871278637764e+00 4.718167573603403220e+00 6.118411905616150115e+00 6.118412702608128306e+00 6.858681070698947835e+00 6.858681583186425179e+00 7.763073377929123886e+00 7.763074940587451067e+00 1.021394299779703019e+01 1.021394358953022063e+01 1.081029850705234807e+01 1.081029930036024211e+01 1.101916440743652359e+01 1.101916501690891437e+01 1.200879456625002462e+01 1.200879511498089158e+01 1.278802406318409268e+01 1.278802484229428771e+01 1.479982053723064439e+01 1.479982183464397316e+01 1.672087550200200212e+01 1.672087578799713725e+01 2.314099309572815599e+01 2.314099318474621469e+01
2.777395077038403159e-01 2.223678808807735496e+00 2.223679636902615275e+00 3.306476899475160991e+00 3.306477456990051245e+00 3.961328191157685197e+00 3.961329578148752972e+00 4.706746758698444388e+00 4.706747667969908733e+00 6.109132387596361013e+00 6.109133041446493273e+00 6.864607779784877017e+00 6.864607884106884050e+00 7.753065168023431930e+00 7.753067210060749836e+00 1.021050794131829775e+01 1.021050900899490443e+01 1.079566364488779584e+01 1.079566462612568145e+01 1.101156310148944861e+01 1.101156395383482156e+01 1.201815200679775941e+01 1.201815289259084452e+01 1.278870435624084934e+01 1.278870514252401769e+01 1.480146940106695652e+01 1.480147030603812297e+01 1.674040415217973177e+01 1.674040450318659623e+01 2.313554327211387474e+01 2.313554342046458956e+01
2.792592775420514317e-01 2.213230655124743596e+00 2.213231478735529834e+00 3.290003640240787952e+00 3.290005287594619965e+00 3.947548842546899195e+00 3.947549265456441248e+00 4.695000659856941816e+00 4.695001307859459239e+00 6.099536214312251126e+00 6.099537074101130329e+00 6.870728354429096463e+00 6.870729126353783300e+00 7.743280340747177526e+00 7.743282192661236962e+00 1.020604418599381980e+01 1.020604535424204862e+01 1.078099402111537586e+01 1.078099503328810194e+01 1.100408963714289712e+01 1.100409066433907768e+01 1.202747021043921904e+01 1.202747118647407021e+01 1.278938274463880020e+01 1.278938300685167029e+01 1.480327795392730295e+01 1.480327862106303094e+01 1.676044929573714271e+01 1.676044990439888593e+01 2.312984259490848871e+01 2.312984283181696199e+01
2.807790473802625475e-01 2.202181903807422625e+00 2.202182496426830394e+00 3.272868425281760363e+00 3.272870176967507039e+00 3.933453799627464775e+00 3.933454616812324556e+00 4.682952744196509975e+00 4.682953133517561817e+00 6.089638366318182783e+00 6.089639423691567188e+00 6.877024396496409508e+00 6.877025445923401037e+00 7.733787370380732717e+00 7.733788566781974794e+00 1.020047076709033895e+01 1.020047154551448720e+01 1.076637185460730706e+01 1.076637266362924628e+01 1.099676704214360434e+01 1.099676791333355297e+01 1.203670653624754827e+01 1.203670723253930852e+01 1.279006385962249226e+01 1.279006413365479489e+01 1.480525385529244886e+01 1.480525500750408874e+01 1.678096782038791801e+01 1.678096847096248823e+01 2.312389194666775083e+01 2.312389222864425875e+01
2.822988172184736633e-01 2.190523646703508742e+00 2.190523646704088723e+00 3.255066727438742369e+00 3.255066727439309915e+00 3.919091029486341693e+00 3.919091029486815536e+00 4.670627267075595945e+00 4.670627267076298494e+00 6.079455106026688149e+00 6.079455106026880884e+00 6.883474499894392196e+00 6.883474499894676413e+00 7.724654955884659557e+00 7.724654955884752816e+00 1.019371652535500417e+01 1.019371652535501482e+01 1.075186756930705734e+01 1.075186756930720655e+01 1.098962074806359723e+01 1.098962074806377487e+01 1.204581968991831786e+01 1.204581968991859142e+01 1.279075441806911861e+01 1.279075441807025904e+01 1.480740608916852175e+01 1.480740608916914702e+01 1.680191664860173617e+01 1.680191664860204881e+01 2.311769261248416640e+01 2.311769261248564433e+01
2.838185870566847790e-01 2.178247690271199133e+00 2.178248525611903297e+00 3.236588775640818927e+00 3.236591849610533256e+00 3.904506775703985078e+00 3.904508651835071564e+00 4.658047130651054246e+00 4.658048090763455384e+00 6.069000854676591672e+00 6.069003040394878923e+00 6.890051586236725534e+00 6.890053857487511202e+00 7.715950370866342389e+00 7.715952372379647706e+00 1.018572223269433330e+01 1.018572313661185902e+01 1.073753524339779730e+01 1.073753646990493849e+01 1.098267693413649049e+01 1.098267836873549719e+01 1.205476890811547364e+01 1.205476982313852474e+01 1.279146089945346709e+01 1.279146192490004097e+01 1.480973971832616520e+01 1.480974226430480911e+01 1.682325120466650858e+01 1.682325249467926298e+01 2.311124547336362767e+01 2.311124619553964976e+01
2.853383568948958948e-01 2.165349294760081644e+00 2.165350817801014571e+00 3.217429550986113718e+00 3.217435327934851319e+00 3.889751669638113363e+00 3.889755065626950614e+00 4.645235941317466200e+00 4.645238058068439813e+00 6.058294849070287924e+00 6.058299192480287587e+00 6.896729712550480507e+00 6.896734363837473403e+00 7.707744455425612706e+00 7.707748950150557832e+00 1.017644624820850474e+01 1.017644787571198606e+01 1.072341423017853046e+01 1.072341645569264124e+01 1.097596679256138508e+01 1.097596954715368511e+01 1.206351695834715976e+01 1.206351860006212995e+01 1.279219188336729474e+01 1.279219408616785003e+01 1.481226417746004742e+01 1.481226915158942070e+01 1.684492934247787588e+01 1.684493194679746253e+01 2.310455288974802457e+01 2.310455450855872428e+01
2.868581267331070106e-01 2.151824751618242715e+00 2.151826420611462343e+00 3.197581457781531800e+00 3.197587784204446670e+00 3.874875873844711549e+00 3.874879232893329917e+00 4.632216689288424227e+00 4.632219325637580987e+00 6.047355994212546548e+00 6.047361015813109475e+00 6.903479585701327359e+00 6.903485149708664004e+00 7.700107088791889431e+00 7.700113142932337951e+00 1.016586378389766132e+01 1.016586566794031476e+01 1.070952433980662910e+01 1.070952672244474968e+01 1.096952259757813053e+01 1.096952574293482385e+01 1.207202752709754812e+01 1.207202930163891885e+01 1.279295629534660961e+01 1.279295894696881497e+01 1.481498734861463618e+01 1.481499292805892232e+01 1.686690870775196416e+01 1.686691179162974663e+01 2.309761738031689404e+01 2.309761948433264322e+01
2.883778965713181264e-01 2.137671609094272451e+00 2.137672724252201117e+00 3.177035817779208848e+00 3.177039888734047857e+00 3.859928970087453948e+00 3.859930775704052408e+00 4.619011994598755777e+00 4.619013892230206864e+00 6.036203051423600918e+00 6.036206476469934579e+00 6.910269457021457562e+00 6.910273393976400946e+00 7.693107167947371927e+00 7.693111995382885482e+00 1.015396877291354549e+01 1.015397016955178700e+01 1.069586591750298865e+01 1.069586743889373359e+01 1.096337764790968983e+01 1.096337979994063794e+01 1.208026585135113429e+01 1.208026700709386247e+01 1.279376313172775603e+01 1.279376497266184032e+01 1.481791580009776332e+01 1.481791945100550123e+01 1.688914731954882598e+01 1.688914948332853427e+01 2.309044156731422959e+01 2.309044317456841711e+01
2.898976664095292421e-01 2.122888505670127657e+00 2.122888505670811110e+00 3.155783019876050144e+00 3.155783019876616358e+00 3.844959398229144565e+00 3.844959398229603753e+00 4.605643888109581141e+00 4.605643888110222406e+00 6.024854157366166696e+00 6.024854157366315910e+00 6.917064998669162357e+00 6.917064998669436804e+00 7.686811216541448388e+00 7.686811216541572733e+00 1.014077392805954503e+01 1.014077392805961964e+01 1.068242040869450449e+01 1.068242040869460752e+01 1.095756515907529760e+01 1.095756515907549122e+01 1.208819883643415949e+01 1.208819883643443838e+01 1.279462106792056453e+01 1.279462106792168896e+01 1.482105432707129822e+01 1.482105432707191817e+01 1.691160352960818258e+01 1.691160352960846325e+01 2.308302784604599012e+01 2.308302784604746094e+01
2.914174362477403579e-01 2.107474010377807350e+00 2.107475320115887563e+00 3.133809450195648161e+00 3.133813285664609261e+00 3.830013497209056261e+00 3.830014156937140868e+00 4.592131393309561105e+00 4.592133609903054747e+00 6.013323310290743962e+00 6.013327044429543911e+00 6.923824779221896542e+00 6.923829416716204221e+00 7.681275575890761154e+00 7.681282658784434503e+00 1.012630778703566037e+01 1.012630986012624490e+01 1.066915069982374753e+01 1.066915220515402574e+01 1.095211470937879383e+01 1.095211715782045125e+01 1.209579419315178228e+01 1.209579538312726577e+01 1.279553638541160154e+01 1.279553837017779827e+01 1.482440266774793436e+01 1.482440619843022489e+01 1.693423360618600526e+01 1.693423611834845488e+01 2.307537610987211707e+01 2.307537828982921368e+01
2.929372060859514737e-01 2.091431259491021155e+00 2.091433571621747589e+00 3.111112252503104525e+00 3.111117854804996696e+00 3.815138048124307346e+00 3.815138792745165208e+00 4.578497875135648876e+00 4.578501531785601486e+00 6.001633818090557071e+00 6.001639832035849054e+00 6.930516118256838887e+00 6.930523884796283340e+00 7.676569090349374846e+00 7.676582210722029842e+00 1.011061956690270769e+01 1.011062357385276478e+01 1.065600917403152792e+01 1.065601153178877958e+01 1.094705942701391699e+01 1.094706351985614035e+01 1.210302495111385390e+01 1.210302683087944686e+01 1.279651993056313053e+01 1.279652304958180231e+01 1.482796866061587693e+01 1.482797389039280311e+01 1.695700038640921292e+01 1.695700456677625567e+01 2.306749099684578752e+01 2.306749490413304926e+01
2.944569759241625895e-01 2.074764407634071439e+00 2.074766917827574719e+00 3.087685327693247661e+00 3.087690111184878905e+00 3.800373909997526223e+00 3.800375958341524196e+00 4.564763609962419366e+00 4.564767228259616338e+00 5.989806090923478266e+00 5.989811902261327425e+00 6.937100399327577271e+00 6.937108198663898051e+00 7.672754598932779224e+00 7.672769122808462683e+00 1.009377196934253540e+01 1.009377662971320433e+01 1.064293577589897311e+01 1.064293802695700286e+01 1.094242702641280296e+01 1.094243117229085094e+01 1.210986557814286257e+01 1.210986736422294285e+01 1.279758012013200386e+01 1.279758303019749199e+01 1.483175523200801038e+01 1.483175977870307705e+01 1.697986526308608290e+01 1.697986943650415625e+01 2.305937593467508151e+01 2.305938013594414215e+01
2.959767457623737053e-01 2.057479906996561692e+00 2.057481565365564702e+00 3.063523853229694005e+00 3.063526212082562594e+00 3.785759684063521924e+00 3.785761851636885389e+00 4.550947468644283234e+00 4.550949632375702159e+00 5.977860962875827688e+00 5.977864332948428228e+00 6.943536753653104299e+00 6.943541448436282515e+00 7.669892748687045625e+00 7.669902375711735054e+00 1.007583977125418073e+01 1.007584301804446625e+01 1.062986335508629132e+01 1.062986466654123241e+01 1.093824080293295964e+01 1.093824334808263465e+01 1.211629323580823936e+01 1.211629425477843824e+01 1.279872448471959245e+01 1.279872610240299835e+01 1.483576401698422842e+01 1.483576632088556835e+01 1.700279021091156650e+01 1.700279270934441200e+01 2.305103465784278427e+01 2.305103737123253183e+01
2.974965156005848210e-01 2.039586392337602749e+00 2.039586392338409215e+00 3.038625115866159909e+00 3.038625115866745663e+00 3.771328407865012000e+00 3.771328407865446763e+00 4.537067191121990639e+00 4.537067191122577725e+00 5.965819650757719472e+00 5.965819650757836712e+00 6.949782565619788244e+00 6.949782565620077790e+00 7.668040815248313713e+00 7.668040815248485131e+00 1.005690660962811656e+01 1.005690660962823557e+01 1.061672171107148266e+01 1.061672171107158391e+01 1.093451873631287086e+01 1.093451873631304139e+01 1.212228789716126975e+01 1.212228789716153798e+01 1.279995959786972293e+01 1.279995959787082604e+01 1.483999562803525762e+01 1.483999562803586159e+01 1.702573793899344778e+01 1.702573793899374976e+01 2.304247113186382734e+01 2.304247113186529461e+01
2.990162854387959368e-01 2.021092668614882903e+00 2.021094412559110598e+00 3.012988284963574515e+00 3.012989381180454007e+00 3.757103195000378815e+00 3.757106896394432738e+00 4.523137980784786016e+00 4.523139947799911020e+00 5.953701085850775954e+00 5.953703790500951776e+00 6.955790781955981217e+00 6.955794817626809845e+00 7.667241737033713811e+00 7.667251848634899503e+00 1.003705811344800125e+01 1.003706183316381839e+01 1.060344037166886189e+01 1.060344148735369352e+01 1.093127048008393665e+01 1.093127284033759139e+01 1.212783169064601907e+01 1.212783247924295260e+01 1.280128993244655611e+01 1.280129115036143617e+01 1.484444873159560352e+01 1.484444999320128211e+01 1.704867015888698134e+01 1.704867228120100719e+01 2.303368684102403208e+01 2.303368956203820161e+01
3.005360552770070526e-01 2.002013468088672088e+00 2.002016201239388504e+00 2.986619489510461189e+00 2.986620406734696864e+00 3.743108771283386371e+00 3.743115548154535066e+00 4.509179789038343600e+00 4.509182835667438383e+00 5.941531788041951145e+00 5.941535511054210517e+00 6.961526191148525555e+00 6.961531916579205337e+00 7.667558302176463947e+00 7.667574324500243677e+00 1.001639176379033280e+01 1.001639785397303406e+01 1.058995591677921233e+01 1.058995753363502423e+01 1.092850518424938677e+01 1.092850873731854122e+01 1.213291187147089722e+01 1.213291293683153071e+01 1.280272226458530405e+01 1.280272399173021469e+01 1.484912502163624382e+01 1.484912647890462445e+01 1.707155562382832059e+01 1.707155860682844661e+01 2.302469027632278298e+01 2.302469449121280931e+01
3.020558251152181684e-01 1.982363065614550779e+00 1.982365585161055099e+00 2.959524930294585854e+00 2.959525480326747893e+00 3.729361361496990934e+00 3.729368513155975506e+00 4.495210158634810327e+00 4.495213096835723121e+00 5.929334438296044674e+00 5.929337478645582138e+00 6.966950596061150414e+00 6.966955397235377490e+00 7.669036844078384263e+00 7.669052041798862795e+00 9.995002256120480766e+00 9.995008166016923212e+00 1.057621002508436625e+01 1.057621143316696788e+01 1.092622226368559168e+01 1.092622548242342972e+01 1.213751739464452939e+01 1.213751825698027709e+01 1.280426042576039869e+01 1.280426201738060499e+01 1.485402226625276612e+01 1.485402357473808443e+01 1.709436155888479192e+01 1.709436401921283988e+01 2.301548702001872471e+01 2.301549092099383387e+01
3.035755949534292841e-01 1.962156643866347583e+00 1.962157992035779230e+00 2.931714121876821899e+00 2.931714629430264729e+00 3.715869435707644719e+00 3.715873804488715404e+00 4.481246367723369595e+00 4.481248120152447001e+00 5.917131402011597707e+00 5.917132862959183726e+00 6.972028637350375035e+00 6.972030995499696182e+00 7.671715183654280068e+00 7.671723788246992193e+00 9.972982498259804984e+00 9.972985876840823494e+00 1.056215233339613846e+01 1.056215306332744142e+01 1.092441394825659984e+01 1.092441569606376994e+01 1.214163991377392371e+01 1.214164034240780055e+01 1.280590702660573399e+01 1.280590798660073482e+01 1.485913725438024713e+01 1.485913818791803997e+01 1.711705608559729086e+01 1.711705725403441392e+01 2.300608222434045658e+01 2.300608436973176296e+01
3.050953647916403999e-01 1.941410456769766313e+00 1.941410456770681137e+00 2.903200272533728921e+00 2.903200272534370630e+00 3.702633015734129174e+00 3.702633015734589250e+00 4.467305403763482730e+00 4.467305403764027183e+00 5.904945226909879885e+00 5.904945226909954492e+00 6.976728964372052033e+00 6.976728964372332698e+00 7.675622472643120808e+00 7.675622472643303773e+00 9.950422449112936718e+00 9.950422449113094814e+00 1.054774127100156633e+01 1.054774127100170134e+01 1.092306603644218477e+01 1.092306603644233043e+01 1.214527384189932135e+01 1.214527384189956472e+01 1.280766348785122766e+01 1.280766348785233255e+01 1.486446579238080723e+01 1.486446579238140764e+01 1.713960839012360893e+01 1.713960839012394288e+01 2.299648082602791277e+01 2.299648082602940491e+01
3.066151346298515157e-01 1.920141571645898049e+00 1.920142311116237233e+00 2.873998378510058682e+00 2.873999022571936734e+00 3.689640691518364157e+00 3.689644110459144422e+00 4.453402560693676016e+00 4.453404101809485205e+00 5.892798387956989181e+00 5.892799110283922559e+00 6.981023921345351546e+00 6.981025109403899975e+00 7.680773866758570989e+00 7.680780217510738694e+00 9.927406464424121779e+00 9.927408841509091530e+00 1.053294390767854161e+01 1.053294434136219948e+01 1.092215797014544343e+01 1.092215917826834648e+01 1.214841604205210146e+01 1.214841640430255687e+01 1.280952903236037699e+01 1.280952998971410572e+01 1.487000111751694220e+01 1.487000227498249316e+01 1.716198860256191594e+01 1.716198905320970169e+01 2.298668663566526504e+01 2.298668807871155195e+01
3.081349044680626315e-01 1.898371412017819004e+00 1.898372023598565272e+00 2.844127916164064462e+00 2.844128674640427068e+00 3.676883755253480324e+00 3.676887926467872436e+00 4.439557362232561033e+00 4.439559547968525699e+00 5.880716309619001159e+00 5.880717040216231872e+00 6.984894703103403657e+00 6.984895856199615061e+00 7.687195471164543825e+00 7.687203543636330849e+00 9.904022491089126135e+00 9.904025234985311954e+00 1.051773750452303346e+01 1.051773799008129018e+01 1.092166872890259910e+01 1.092167026380467831e+01 1.215106691319532217e+01 1.215106756578205882e+01 1.281150406597201297e+01 1.281150554894978200e+01 1.487573814837417885e+01 1.487573995605997723e+01 1.718417011745966150e+01 1.718417039094637389e+01 2.297670841348623938e+01 2.297671008853097163e+01
3.096546743062737472e-01 1.876121465735684168e+00 1.876121562581664737e+00 2.813610130858588132e+00 2.813610364623816640e+00 3.664341445267983222e+00 3.664343987362447930e+00 4.425787843466745031e+00 4.425789609059693319e+00 5.868723061871462754e+00 5.868723557031755966e+00 6.988324557628082800e+00 6.988325172415944309e+00 7.694896035326715733e+00 7.694901781669882368e+00 9.880350326506958325e+00 9.880351850552093751e+00 1.050210677907759838e+01 1.050210713037601806e+01 1.092157232419661383e+01 1.092157352339485854e+01 1.215322915345750410e+01 1.215322990340676590e+01 1.281358689442107490e+01 1.281358823916331957e+01 1.488166985991046154e+01 1.488167142358233441e+01 1.720612628821041312e+01 1.720612673614654042e+01 2.296655305786641321e+01 2.296655404993493477e+01
3.111744441444848630e-01 1.853414500918088903e+00 1.853414853466052170e+00 2.782467778682403470e+00 2.782468125914036250e+00 3.651985894308476421e+00 3.651986439768154735e+00 4.412112528198140815e+00 4.412113298183673926e+00 5.856842921218682996e+00 5.856843236972713918e+00 6.991301690784742284e+00 6.991301956653303229e+00 7.703875909075263984e+00 7.703878023062674885e+00 9.856464820710488794e+00 9.856464993506630634e+00 1.048604407970620755e+01 1.048604431230362799e+01 1.092184053822701095e+01 1.092184117718620762e+01 1.215490801342090244e+01 1.215490853555893480e+01 1.281577468451364510e+01 1.281577538880072886e+01 1.488778809513413215e+01 1.488778883164084732e+01 1.722783286143396708e+01 1.722783338072532189e+01 2.295622786961825312e+01 2.295622807521863606e+01
3.126942139826959788e-01 1.830275869947757483e+00 1.830275869948748468e+00 2.750726648189690593e+00 2.750726648190402912e+00 3.639783291835323897e+00 3.639783291835811063e+00 4.398550778425082797e+00 4.398550778425606822e+00 5.845100358337526281e+00 5.845100358337558255e+00 6.993819862038899160e+00 6.993819862039160284e+00 7.714127969173793176e+00 7.714127969173999233e+00 9.832436262733196486e+00 9.832436262733383003e+00 1.046954867394100752e+01 1.046954867394118693e+01 1.092244381234642248e+01 1.092244381234653261e+01 1.215611097586656619e+01 1.215611097586677936e+01 1.281806363508215796e+01 1.281806363508327351e+01 1.489408373485985848e+01 1.489408373486042869e+01 1.724926724301220204e+01 1.724926724301253600e+01 2.294574072945533771e+01 2.294574072945681920e+01
3.142139838209070946e-01 1.806730312411676254e+00 1.806731200349370514e+00 2.718412334159826749e+00 2.718413857515914689e+00 3.627694264662459034e+00 3.627696155251477261e+00 4.385122955518239607e+00 4.385123275928113351e+00 5.833519156150157592e+00 5.833519601060804582e+00 6.995877806713751035e+00 6.995878089674937073e+00 7.725638131363813166e+00 7.725639299494813095e+00 9.808330838824145914e+00 9.808332164085552307e+00 1.045262514150837774e+01 1.045262554649702480e+01 1.092335100880789689e+01 1.092335179353742980e+01 1.215684682862829469e+01 1.215684742058092738e+01 1.282044885554930858e+01 1.282044925941350577e+01 1.490054659445783258e+01 1.490054711514523333e+01 1.727040710845716021e+01 1.727040796636314113e+01 2.293510009451474474e+01 2.293510069699339127e+01
3.157337536591182103e-01 1.782804954391097985e+00 1.782806634932915912e+00 2.685553558720222611e+00 2.685557021421394186e+00 3.615674978652444249e+00 3.615679563311135158e+00 4.371851172131663077e+00 4.371852225929500513e+00 5.822123803062395631e+00 5.822124571767965939e+00 6.997479889337424375e+00 6.997480352221352895e+00 7.738386748269541648e+00 7.738390544739607080e+00 9.784211050701037138e+00 9.784214168514735022e+00 1.043528352753350497e+01 1.043528430678697028e+01 1.092453223472192114e+01 1.092453372517892163e+01 1.215712739093381423e+01 1.215712834837231071e+01 1.282292611268755600e+01 1.282292662761300228e+01 1.490716672111684638e+01 1.490716799229700129e+01 1.729123324806572271e+01 1.729123475243347841e+01 2.292431504629305650e+01 2.292431654004672836e+01
3.172535234973293261e-01 1.758527299396011045e+00 1.758529080749127171e+00 2.652179985550524144e+00 2.652184368116872193e+00 3.603676762656281785e+00 3.603682555541100729e+00 4.358758354702354509e+00 4.358760075378767418e+00 5.810938196925828692e+00 5.810938977962279317e+00 6.998634550457176751e+00 6.998635257787706010e+00 7.752347458021812798e+00 7.752353123595784545e+00 9.760135601121094240e+00 9.760139467755381659e+00 1.041753756410605192e+01 1.041753843050646111e+01 1.092595748991965010e+01 1.092595917325187393e+01 1.215696528422459544e+01 1.215696619665886757e+01 1.282548982312656882e+01 1.282549037609717679e+01 1.491393300141523071e+01 1.491393480445665531e+01 1.731172713228181337e+01 1.731172864553683866e+01 2.291339505391398745e+01 2.291339697479747173e+01
3.187732933355404419e-01 1.733925418353899017e+00 1.733926503857214474e+00 2.618321760274575194e+00 2.618324943493886447e+00 3.591646350369002150e+00 3.591650436212190822e+00 4.345868488510553185e+00 4.345869940358912942e+00 5.799985770435721832e+00 5.799986248850355963e+00 6.999354049593454086e+00 6.999354777335148547e+00 7.767487783395977452e+00 7.767492312310298352e+00 9.736159118211014984e+00 9.736161806216179215e+00 1.039940413622916537e+01 1.039940470021295305e+01 1.092759771183130368e+01 1.092759883673097931e+01 1.215637421535326190e+01 1.215637472307617450e+01 1.282813412423344701e+01 1.282813454738793268e+01 1.492083365918097648e+01 1.492083506340237697e+01 1.733187132734268587e+01 1.733187220718626165e+01 2.290234983781405020e+01 2.290235122399098699e+01
3.202930631737515577e-01 1.709028005329302768e+00 1.709028005330440303e+00 2.584008765713296185e+00 2.584008765714128852e+00 3.579526465461850826e+00 3.579526465462358864e+00 4.333206059043641645e+00 4.333206059044152347e+00 5.789289334731393843e+00 5.789289334731418712e+00 6.999653368512086971e+00 6.999653368512317897e+00 7.783769241733550892e+00 7.783769241733751620e+00 9.712332000310277991e+00 9.712332000310480495e+00 1.038090274856303097e+01 1.038090274856324058e+01 1.092942506315376328e+01 1.092942506315385032e+01 1.215536888844679630e+01 1.215536888844695440e+01 1.283085285781455909e+01 1.283085285781569063e+01 1.492785597161775257e+01 1.492785597161832811e+01 1.735164961722108856e+01 1.735164961722141896e+01 2.289118931266680690e+01 2.289118931266830970e+01
3.218128330119626734e-01 1.683863560563272799e+00 1.683864550850232789e+00 2.549266642298286811e+00 2.549270355770549390e+00 3.567252581622300411e+00 3.567257005929298952e+00 4.320793795195693399e+00 4.320795821499661571e+00 5.778870488805562644e+00 5.778870952305944719e+00 6.999547524053558512e+00 6.999548958384576913e+00 7.801142233225892397e+00 7.801148300721968631e+00 9.688697923095164199e+00 9.688700671123667618e+00 1.036205459749187163e+01 1.036205515190265203e+01 1.093141195230259832e+01 1.093141312378007868e+01 1.215396467254623403e+01 1.215396500086346698e+01 1.283363901419129682e+01 1.283363952570287125e+01 1.493498470407184087e+01 1.493498641120711312e+01 1.737104659812063190e+01 1.737104723531512107e+01 2.287992209336642446e+01 2.287992367082445000e+01
3.233326028501737892e-01 1.658463633124181991e+00 1.658465350529878313e+00 2.514129646176176625e+00 2.514135689250666328e+00 3.554769256730400340e+00 3.554776469942547923e+00 4.308659237517005636e+00 4.308662760597044006e+00 5.768751118558109070e+00 5.768751849072494053e+00 6.999055228278258767e+00 6.999058055920011512e+00 7.819567313351747373e+00 7.819577884971683268e+00 9.665304132193625719e+00 9.665308210801205391e+00 1.034288415911182568e+01 1.034288501947729344e+01 1.093353516050178520e+01 1.093353700315660681e+01 1.215217880899378677e+01 1.215217921394934208e+01 1.283648674386135013e+01 1.283648750054377530e+01 1.494220832632331053e+01 1.494221107845716467e+01 1.739005020946204283e+01 1.739005101677309995e+01 2.286856100160311911e+01 2.286856354659540358e+01
3.248523726883849050e-01 1.632859034431381584e+00 1.632861098519420739e+00 2.478628546689965351e+00 2.478634375194480377e+00 3.542015456466000245e+00 3.542023021311271336e+00 4.296828505824034750e+00 4.296832113882241622e+00 5.758951687447135370e+00 5.758952378623074964e+00 6.998195283721428517e+00 6.998198488936600015e+00 7.838998009524558164e+00 7.839008971494860312e+00 9.642191552323289727e+00 9.642195034169354528e+00 1.032341676930543350e+01 1.032341760350101012e+01 1.093577164266534041e+01 1.093577338839664037e+01 1.215002853898668533e+01 1.215002897331555509e+01 1.283938970738884322e+01 1.283939028253783121e+01 1.494951350231288956e+01 1.494951612960590204e+01 1.740864866691391555e+01 1.740864933666836123e+01 2.285711771201681941e+01 2.285712015329362146e+01
3.263721425265960208e-01 1.607080864292918854e+00 1.607082457402124964e+00 2.442793573376580873e+00 2.442796926911622979e+00 3.528929668729344105e+00 3.528934960132968257e+00 4.285327041349388466e+00 4.285329230734456374e+00 5.749491608260220765e+00 5.749491991551979986e+00 6.996986538117556442e+00 6.996988643747972247e+00 7.859384925183999115e+00 7.859391707177376674e+00 9.619397551596065910e+00 9.619399235226280709e+00 1.030367886483676187e+01 1.030367938763995284e+01 1.093809953274272218e+01 1.093810053548655326e+01 1.214753162729341973e+01 1.214753202372465779e+01 1.284234146114785702e+01 1.284234163938273277e+01 1.495688631025875814e+01 1.495688786328133446e+01 1.742683137158783779e+01 1.742683180951136990e+01 2.284560391489416986e+01 2.284560530850224680e+01
3.278919123648071365e-01 1.581160152921248674e+00 1.581160152922516993e+00 2.406654680839253491e+00 2.406654680840159877e+00 3.515451547925132925e+00 3.515451547925688480e+00 4.274179105145693214e+00 4.274179105146182600e+00 5.740389110905158354e+00 5.740389110905161907e+00 6.995447198024936419e+00 6.995447198025140700e+00 7.880675712904928965e+00 7.880675712905116370e+00 9.596956447571741933e+00 9.596956447571946214e+00 1.028369783061601872e+01 1.028369783061626030e+01 1.094049821004271728e+01 1.094049821004280254e+01 1.214470619861087108e+01 1.214470619861098299e+01 1.284533557074967014e+01 1.284533557075083543e+01 1.496431238860942337e+01 1.496431238860996515e+01 1.744458903711005249e+01 1.744458903711038289e+01 2.283403133941822105e+01 2.283403133941972740e+01
3.294116822030182523e-01 1.555125245114189036e+00 1.555127536572312064e+00 2.370239283974291844e+00 2.370242114593374971e+00 3.501515196112110040e+00 3.501522959227437504e+00 4.263405606085576949e+00 4.263407497754127640e+00 5.731660872987243138e+00 5.731661100423196764e+00 6.993592470275556749e+00 6.993594445714578001e+00 7.902809692259439522e+00 7.902815805124103754e+00 9.574899389051994447e+00 9.574900197348952702e+00 1.026350128579243659e+01 1.026350192014675677e+01 1.094294759672098927e+01 1.094294844916147014e+01 1.214156960578315392e+01 1.214157036205211426e+01 1.284836584124664682e+01 1.284836616835217171e+01 1.497177533438878250e+01 1.497177718483419184e+01 1.746191284291036183e+01 1.746191352435974409e+01 2.282241093413657396e+01 2.282241198510970293e+01
3.309314520412293681e-01 1.529009089019205181e+00 1.529013255657890369e+00 2.333582293071495339e+00 2.333586794950653687e+00 3.487073760315475557e+00 3.487088822822370648e+00 4.253030603918457331e+00 4.253033324393087788e+00 5.723322817032767240e+00 5.723323018431424991e+00 6.991441627005701598e+00 6.991444431248341473e+00 7.925740863838773187e+00 7.925749742261249509e+00 9.553257528378669150e+00 9.553258860690538867e+00 1.024311900778462814e+01 1.024312017379173589e+01 1.094543121009035147e+01 1.094543250802355061e+01 1.213814065444327284e+01 1.213814215731530055e+01 1.285142651076333031e+01 1.285142751534803551e+01 1.497926220422608168e+01 1.497926586894092971e+01 1.747879648338950531e+01 1.747879777295535675e+01 2.281075702744727352e+01 2.281075839576575603e+01
3.324512218794404839e-01 1.502842870334682113e+00 1.502847349069553529e+00 2.296715391367162074e+00 2.296720191020042101e+00 3.472081151228151974e+00 3.472098631100648092e+00 4.243073236108378055e+00 4.243075610572978995e+00 5.715388656635132847e+00 5.715388725383529156e+00 6.989010206512231704e+00 6.989012498615771563e+00 7.949414807404494354e+00 7.949422473551824631e+00 9.532057963331274308e+00 9.532059846060290553e+00 1.022258103822625763e+01 1.022258234084583606e+01 1.094793282956029223e+01 1.094793408796500778e+01 1.213443794801347231e+01 1.213443968408627249e+01 1.285451224985649965e+01 1.285451372829027150e+01 1.498675890099654495e+01 1.498676335492970324e+01 1.749523452585244954e+01 1.749523594224726608e+01 2.279908277213602119e+01 2.279908379571307364e+01
3.339709917176515996e-01 1.476656903578883462e+00 1.476659749377813746e+00 2.259670877551604118e+00 2.259674195345616532e+00 3.456496289401613353e+00 3.456508351624570263e+00 4.233549447229538742e+00 4.233550725128290004e+00 5.707870256970632106e+00 5.707870368113731274e+00 6.986312275242196002e+00 6.986313378744475777e+00 7.973775974348858320e+00 7.973779927967362902e+00 9.511325991808925906e+00 9.511327532531240081e+00 1.020191791248312363e+01 1.020191878406737018e+01 1.095043744281773357e+01 1.095043822004997303e+01 1.213048007990401089e+01 1.213048125433303071e+01 1.285761793846141643e+01 1.285761912092659820e+01 1.499425169270538838e+01 1.499425491217516004e+01 1.751122256415655443e+01 1.751122347272812974e+01 2.278740158163765983e+01 2.278740200444780939e+01
3.354907615558627154e-01 1.450480039724560521e+00 1.450480039725994041e+00 2.222481728073630869e+00 2.222481728074667817e+00 3.440281895348746399e+00 3.440281895349351693e+00 4.224471759349518685e+00 4.224471759350017841e+00 5.700778002760330310e+00 5.700778002760338303e+00 6.983361125850214179e+00 6.983361125850406914e+00 7.998768569613133650e+00 7.998768569613317503e+00 9.491084308686595250e+00 9.491084308686808413e+00 1.018116033589662273e+01 1.018116033589688918e+01 1.095293116510154086e+01 1.095293116510161191e+01 1.212628542771917672e+01 1.212628542771925844e+01 1.286073836331048881e+01 1.286073836331168785e+01 1.500172683485467751e+01 1.500172683485522285e+01 1.752675695371362963e+01 1.752675695371396003e+01 2.277572718480592684e+01 2.277572718480743674e+01
3.370105313940738312e-01 1.424336849083214673e+00 1.424339452318406973e+00 2.185177581807287162e+00 2.185181594400626537e+00 3.423391596843851747e+00 3.423404823041043432e+00 4.215848080428996170e+00 4.215849114701549993e+00 5.694120067478478653e+00 5.694120315053979198e+00 6.980168907257921163e+00 6.980169909101383574e+00 8.024334354462613561e+00 8.024337126161746880e+00 9.471350886276166392e+00 9.471352861274073831e+00 1.016033813558741805e+01 1.016033903582894915e+01 1.095540032676775688e+01 1.095540113824675466e+01 1.212187086865490748e+01 1.212187207215443507e+01 1.286386650394486608e+01 1.286386806134064464e+01 1.500916653116394528e+01 1.500917031871518681e+01 1.754183386435865799e+01 1.754183471676765649e+01 2.276407356984806540e+01 2.276407364205971717e+01
3.385303012322849470e-01 1.398257097615527300e+00 1.398260790637193995e+00 2.147798686199948737e+00 2.147805365882030415e+00 3.405817784493697431e+00 3.405838591426685547e+00 4.207685139041102751e+00 4.207686698401925440e+00 5.687903232810511689e+00 5.687903651990535714e+00 6.976749273411537722e+00 6.976751238938004640e+00 8.050422028581799339e+00 8.050426168468144184e+00 9.452145995862519356e+00 9.452149159694624103e+00 1.013948351940734938e+01 1.013948488651595348e+01 1.095783410406936831e+01 1.095783543876431843e+01 1.211725609298526152e+01 1.211725789785747587e+01 1.286699882377576465e+01 1.286700145143148966e+01 1.501656190061535767e+01 1.501656800566043870e+01 1.755645236709608525e+01 1.755645365292587812e+01 2.275245522499789885e+01 2.275245540414914203e+01
3.400500710704960627e-01 1.372265399818116238e+00 1.372268396476713059e+00 2.110383768946084260e+00 2.110390203214937088e+00 3.387548096154509913e+00 3.387567068155581396e+00 4.199984394106775376e+00 4.199985827854341380e+00 5.682132119636019496e+00 5.682132486699035034e+00 6.973114258572146618e+00 6.973116518451178081e+00 8.076975250330573175e+00 8.076979292575840574e+00 9.433485833123691933e+00 9.433488683644675632e+00 1.011862801495851372e+01 1.011862920811221933e+01 1.096022166255164088e+01 1.096022299945282441e+01 1.211245926441800158e+01 1.211246080993878138e+01 1.287013062037563493e+01 1.287013319261123812e+01 1.502390042871993536e+01 1.502390610300352236e+01 1.757061131419322564e+01 1.757061253900249298e+01 2.274088651544587592e+01 2.274088684253547754e+01
3.415698409087071785e-01 1.346383825792485611e+00 1.346385190347317407e+00 2.072972990477817135e+00 2.072976489672426759e+00 3.368577331713461742e+00 3.368587098641279809e+00 4.192743241187542047e+00 4.192744004670286628e+00 5.676809048185336160e+00 5.676809222434330948e+00 6.969274685658072954e+00 6.969276119891617327e+00 8.103936799057569473e+00 8.103939169443867385e+00 9.415383682374699248e+00 9.415385082833772401e+00 1.009780342136184572e+01 1.009780399962399144e+01 1.096255271643548035e+01 1.096255353290344914e+01 1.210749818611261830e+01 1.210749891267906797e+01 1.287325707779920236e+01 1.287325852345307631e+01 1.503116870810915806e+01 1.503117167859964631e+01 1.758431046834822098e+01 1.758431124145449687e+01 2.272938214117419164e+01 2.272938238706009173e+01
3.430896107469182943e-01 1.320632001670705380e+00 1.320632001672246147e+00 2.035608188447578293e+00 2.035608188448759126e+00 3.348908211238561972e+00 3.348908211239226773e+00 4.185955063510363061e+00 4.185955063510871099e+00 5.671934019826938567e+00 5.671934019826956330e+00 6.965239837407646739e+00 6.965239837407841250e+00 8.131248740887699000e+00 8.131248740887869531e+00 9.397850017495271047e+00 9.397850017495473551e+00 1.007704189177746024e+01 1.007704189177774445e+01 1.096481746698134074e+01 1.096481746698141002e+01 1.210239051411250522e+01 1.210239051411255673e+01 1.287637331635964699e+01 1.287637331636087090e+01 1.503835286806938321e+01 1.503835286806990368e+01 1.759755069562497098e+01 1.759755069562531560e+01 2.271795695049890540e+01 2.271795695050041530e+01
3.446093805851294101e-01 1.295026411587258064e+00 1.295027367003459995e+00 1.998332508373358962e+00 1.998333941050077556e+00 3.328549323305250329e+00 3.328552698154971790e+00 4.179609322613107913e+00 4.179609585171816022e+00 5.667504603896512450e+00 5.667504962553378434e+00 6.961017256209423465e+00 6.961018073060353473e+00 8.158852087032183675e+00 8.158853345845798799e+00 9.380892724955872453e+00 9.380893046060950979e+00 1.005637579477618893e+01 1.005637592704465533e+01 1.096700593166237070e+01 1.096700676434262078e+01 1.209715389517605288e+01 1.209715411262322959e+01 1.287947375559420493e+01 1.287947458109348808e+01 1.504543861916809000e+01 1.504543978304567098e+01 1.761033284942386246e+01 1.761033383192945223e+01 2.270662593117831918e+01 2.270662607690725210e+01
3.461291504233405258e-01 1.269582280650973560e+00 1.269584509594904542e+00 1.961198986770501529e+00 1.961199352590736744e+00 3.307532798529787765e+00 3.307534726932900959e+00 4.173693491736329086e+00 4.173693791728763536e+00 5.663516648056956981e+00 5.663517588532882563e+00 6.956617905847782168e+00 6.956618167202661240e+00 8.186693559104687878e+00 8.186694921998524777e+00 9.364518997544427847e+00 9.364519921516098577e+00 1.003583821426166622e+01 1.003583847572049059e+01 1.096911085400533459e+01 1.096911236335527029e+01 1.209180680783218698e+01 1.209180750507285573e+01 1.288255580021348479e+01 1.288255642946273660e+01 1.505241764330601306e+01 1.505241880692872769e+01 1.762266050469252576e+01 1.762266232210186701e+01 2.269540495170939565e+01 2.269540510866821847e+01
3.476489202615516416e-01 1.244310332330091473e+00 1.244313424349440034e+00 1.924257484937897500e+00 1.924260984960143084e+00 3.285881272188011071e+00 3.285891081708986583e+00 4.168191232321754924e+00 4.168192415867705058e+00 5.659964045608100847e+00 5.659965385276029437e+00 6.952050111766217455e+00 6.952051702042231440e+00 8.214716480047208336e+00 8.214720303153374203e+00 9.348732941111029149e+00 9.348735088558758122e+00 1.001546150285898662e+01 1.001546222518081208e+01 1.097112516207976896e+01 1.097112700999567636e+01 1.208636740448135072e+01 1.208636874798196104e+01 1.288561449210187959e+01 1.288561504667451274e+01 1.505927843731728721e+01 1.505928164363994526e+01 1.763453696217152000e+01 1.763453897950729399e+01 2.268430953671719408e+01 2.268431006312361120e+01
3.491686900997627574e-01 1.219217145031579408e+00 1.219219525707462948e+00 1.887568738602036111e+00 1.887573195862871867e+00 3.263638906103415227e+00 3.263650422639613691e+00 4.163085372932422423e+00 4.163086785208639284e+00 5.656838789777387966e+00 5.656839862999185620e+00 6.947326046400438493e+00 6.947328352936468221e+00 8.242867362711061574e+00 8.242872103395390226e+00 9.333537526226400871e+00 9.333539637978052639e+00 9.995278342200450084e+00 9.995279077901669140e+00 1.097304285043420080e+01 1.097304431501090960e+01 1.208085409531621224e+01 1.208085535037290015e+01 1.288864505517997650e+01 1.288864598208292200e+01 1.506601352032959085e+01 1.506601711876202643e+01 1.764596565676582074e+01 1.764596698717810241e+01 2.267335566586375961e+01 2.267335633739921619e+01
3.506884599379738732e-01 1.194304010358987478e+00 1.194304010360660362e+00 1.851196648940465872e+00 1.851196648941740408e+00 3.240853680955730010e+00 3.240853680956448102e+00 4.158356823914207467e+00 4.158356823914729716e+00 5.654130746012776321e+00 5.654130746012790532e+00 6.942458483746162479e+00 6.942458483746380082e+00 8.271090820661065379e+00 8.271090820661225251e+00 9.318932817735429808e+00 9.318932817735632312e+00 9.975321138095809559e+00 9.975321138096113316e+00 1.097485862157775038e+01 1.097485862157781966e+01 1.207528485267891227e+01 1.207528485267893537e+01 1.289164360512148910e+01 1.289164360512274676e+01 1.507261461513689937e+01 1.507261461513740741e+01 1.765695003902209592e+01 1.765695003902243698e+01 2.266255901999520361e+01 2.266255901999672417e+01
3.522082297761849889e-01 1.169563704692550221e+00 1.169566505175793969e+00 1.815198769983584981e+00 1.815208519727103509e+00 3.217555657344674191e+00 3.217578736509324688e+00 4.153981651678180675e+00 4.153984741868830710e+00 5.651826031632288583e+00 5.651827510989256176e+00 6.937453614536089219e+00 6.937459313428549379e+00 8.299315865565155548e+00 8.299326940510415085e+00 9.304912101729621909e+00 9.304915636123574529e+00 9.955620989563643164e+00 9.955622248816444753e+00 1.097656492793512406e+01 1.097656730895959853e+01 1.206967502183139374e+01 1.206967707236374032e+01 1.289460316204407242e+01 1.289460548022947251e+01 1.507906438149124284e+01 1.507907141795933015e+01 1.766749244971937571e+01 1.766749377408450883e+01 2.265193303051021445e+01 2.265193465906114056e+01
3.537279996143961047e-01 1.144990461740310161e+00 1.144994764882320215e+00 1.779654487565792698e+00 1.779674827881132071e+00 3.193825624248301409e+00 3.193872118706465368e+00 4.149940184753779349e+00 4.149946699336053868e+00 5.649911916250178301e+00 5.649914528950330528e+00 6.932326571580340158e+00 6.932338947144813801e+00 8.327487000119370819e+00 8.327510977005585957e+00 9.291473006146725666e+00 9.291479622428372664e+00 9.936211763077924530e+00 9.936214140387205518e+00 1.097815884990354895e+01 1.097816359067491021e+01 1.206404388786216408e+01 1.206404773297802357e+01 1.289752072514053971e+01 1.289752562148232506e+01 1.508535766447935345e+01 1.508537172174933438e+01 1.767759911325794064e+01 1.767760109978881999e+01 2.264149336894953279e+01 2.264149695685387442e+01
3.552477694526072205e-01 1.120570533607035513e+00 1.120574230233061686e+00 1.744645369780710720e+00 1.744670234684543741e+00 3.169742663912050062e+00 3.169797670171992099e+00 4.146211371921156186e+00 4.146219415898825922e+00 5.648372692484391777e+00 5.648375449246907820e+00 6.927091458542937730e+00 6.927107096165851630e+00 8.355545553263519665e+00 8.355575927833356786e+00 9.278608568774416199e+00 9.278615843152197229e+00 9.917126795628480096e+00 9.917129440811123686e+00 1.097963666538342942e+01 1.097964233897226016e+01 1.205840955719701313e+01 1.205841381234694332e+01 1.290039289315579829e+01 1.290039887989979128e+01 1.509148657561230955e+01 1.509150307401634628e+01 1.768727532305048555e+01 1.768727707215155576e+01 2.263125529129660762e+01 2.263125991554417737e+01
3.567675392908183363e-01 1.096284622817792265e+00 1.096286416746819148e+00 1.710257374009555686e+00 1.710275394040196462e+00 3.145387642939118322e+00 3.145426278007552590e+00 4.142774134113742512e+00 4.142780010942947122e+00 5.647190757779846138e+00 5.647192519666663912e+00 6.921763259659839740e+00 6.921774916210899242e+00 8.383434484828299560e+00 8.383457263294383566e+00 9.266308804672229726e+00 9.266313537530953326e+00 9.898399075678465664e+00 9.898400830233041958e+00 1.098099545488765116e+01 1.098099953833971298e+01 1.205278992618312373e+01 1.205279272335774543e+01 1.290321606762453044e+01 1.290322037772966013e+01 1.509744373765589920e+01 1.509745523681537804e+01 1.769652658721493665e+01 1.769652750142670783e+01 2.262123426067925536e+01 2.262123778797739959e+01
3.582873091290294520e-01 1.072109211899836323e+00 1.072109211901684178e+00 1.676578324020521649e+00 1.676578324022020006e+00 3.120836348974926455e+00 3.120836348975688068e+00 4.139607282790717768e+00 4.139607282791261333e+00 5.646346791475206572e+00 5.646346791475221671e+00 6.916357318415843558e+00 6.916357318416085143e+00 8.411097330157469187e+00 8.411097330157636165e+00 9.254560502735511562e+00 9.254560502735687422e+00 9.880060826913320327e+00 9.880060826913618754e+00 1.098223327480181766e+01 1.098223327480189404e+01 1.204720249892825201e+01 1.204720249892826089e+01 1.290598572628503149e+01 1.290598572628630514e+01 1.510322200248207203e+01 1.510322200248256941e+01 1.770535858903393489e+01 1.770535858903428306e+01 2.261144569085740486e+01 2.261144569085892897e+01
3.598070789672405678e-01 1.048016729016439053e+00 1.048018972935197413e+00 1.643674076371608894e+00 1.643696480045848007e+00 3.096112846680498798e+00 3.096158108898096284e+00 4.136682349694037697e+00 4.136689717485068307e+00 5.645818096817452059e+00 5.645820005200595126e+00 6.910873914280103669e+00 6.910889096740784332e+00 8.438446645306528993e+00 8.438476887787249581e+00 9.243342869587227284e+00 9.243347533120818582e+00 9.862141614849400995e+00 9.862143492891167540e+00 1.098334413796468567e+01 1.098334926083116336e+01 1.204166159476592846e+01 1.204166443978074597e+01 1.290869096102833957e+01 1.290869619222818621e+01 1.510880116768256975e+01 1.510881445805030765e+01 1.771377650734627096e+01 1.771377729823642611e+01 2.260189980396162568e+01 2.260190464484713146e+01
3.613268488054516836e-01 1.023981527861356211e+00 1.023987123590458737e+00 1.611662245645719693e+00 1.611700917050091331e+00 3.071345138715063872e+00 3.071421099785300424e+00 4.133988287094014780e+00 4.134001009595908549e+00 5.645584972501811016e+00 5.645588305075838420e+00 6.905347772929644634e+00 6.905374514850874945e+00 8.465460754600014681e+00 8.465514696618834378e+00 9.232644455442814646e+00 9.232651522855464421e+00 9.844675030663776027e+00 9.844678110510434621e+00 1.098433465636017559e+01 1.098434359866246801e+01 1.203618840184659788e+01 1.203619281298341903e+01 1.291133222106134504e+01 1.291134111661769701e+01 1.511419249809427789e+01 1.511421469226515413e+01 1.772178737857914754e+01 1.772178891698488101e+01 2.259261690727429084e+01 2.259262568074307964e+01
3.628466186436627994e-01 9.999774551800014732e-01 9.999853422842264195e-01 1.580643037381707083e+00 1.580683162465580605e+00 3.046624659451548034e+00 3.046701386519836685e+00 4.131509010335821408e+00 4.131522188668816042e+00 5.645624688318315876e+00 5.645628368563003541e+00 6.899802542270922601e+00 6.899830827708208325e+00 8.492093848458713623e+00 8.492151738090806035e+00 9.222446183657309504e+00 9.222452532384169288e+00 9.827692689837274287e+00 9.827695799031388901e+00 1.098520798493410666e+01 1.098521739600172964e+01 1.203080072687665236e+01 1.203080481020638892e+01 1.291390535356806701e+01 1.291391443705662212e+01 1.511939470978125399e+01 1.511941706217647585e+01 1.772939764629099457e+01 1.772939959543330346e+01 2.258361336192610835e+01 2.258362292429832507e+01
3.643663884818739152e-01 9.759802150316660985e-01 9.759864929806472134e-01 1.550713400127656794e+00 1.550738425834346845e+00 3.022043497477576057e+00 3.022090153306841387e+00 4.129228170046618906e+00 4.129236362775746905e+00 5.645913337560650724e+00 5.645915866233552904e+00 6.894259635876355041e+00 6.894277614185376990e+00 8.518292426670473816e+00 8.518329835278155571e+00 9.212726021477282146e+00 9.212729383955736040e+00 9.811226084851234930e+00 9.811228026159861670e+00 1.098596660551631743e+01 1.098597257396014903e+01 1.202551550477097919e+01 1.202551775869110351e+01 1.291640566936202816e+01 1.291641124103071192e+01 1.512440311428683337e+01 1.512441670492528267e+01 1.773661403028763672e+01 1.773661551021755045e+01 2.257490400083937132e+01 2.257491027293424679e+01
3.658861583200850309e-01 9.519683116856754168e-01 9.519683116877073470e-01 1.521964570175847742e+00 1.521964570177541054e+00 2.997694408074283778e+00 2.997694408075110228e+00 4.127128863387460989e+00 4.127128863388002777e+00 5.646425936763056264e+00 5.646425936763099784e+00 6.888737295868644139e+00 6.888737295868944344e+00 8.543992634926460994e+00 8.543992634926624419e+00 9.203459552314868120e+00 9.203459552315027992e+00 9.795306467467426614e+00 9.795306467467732148e+00 1.098661189486239920e+01 1.098661189486248269e+01 1.202034885450027879e+01 1.202034885450030544e+01 1.291882798806300237e+01 1.291882798806428490e+01 1.512920923339117607e+01 1.512920923339166990e+01 1.774344309999219149e+01 1.774344309999255387e+01 2.256650152983237234e+01 2.256650152983390356e+01
3.674059281582961467e-01 9.279173496233413809e-01 9.279257838415736481e-01 1.494458010005267568e+00 1.494481345589190102e+00 2.973630260085235566e+00 2.973671849707917758e+00 4.125186873878251781e+00 4.125194451233229920e+00 5.647133655634749339e+00 5.647136642781034332e+00 6.883234799179199115e+00 6.883252240932476340e+00 8.569085326911791256e+00 8.569123091523806579e+00 9.194618866031557758e+00 9.194620919650589030e+00 9.779962511128895031e+00 9.779964492169705537e+00 1.098713914354511800e+01 1.098714493523158886e+01 1.201531477231463541e+01 1.201531638275523584e+01 1.292116193031560911e+01 1.292116694606823835e+01 1.513379032195723539e+01 1.513380258920896004e+01 1.774988902463330476e+01 1.774989093648734340e+01 2.255841031593669399e+01 2.255841682716737395e+01
3.689256979965072625e-01 9.038326995490600924e-01 9.038471662311297061e-01 1.468307463846250327e+00 1.468342174569706060e+00 2.950012359734402789e+00 2.950073050198886992e+00 4.123398796931922128e+00 4.123410032817992565e+00 5.648014142198486631e+00 5.648019165720699952e+00 6.877796436682809045e+00 6.877822956183060832e+00 8.593553221745775517e+00 8.593612011468714229e+00 9.186181460971614143e+00 9.186183731846812250e+00 9.765226625119936443e+00 9.765229825037438971e+00 1.098755934410655044e+01 1.098756815500365569e+01 1.201043141153991378e+01 1.201043351211418830e+01 1.292341007975538147e+01 1.292341739718763449e+01 1.513815549762682977e+01 1.513817367473763476e+01 1.775595986287921590e+01 1.775596311335750244e+01 2.255064978472733017e+01 2.255066005363174497e+01
3.704454678347183783e-01 8.797292994729696280e-01 8.797437837491811630e-01 1.443587869314836292e+00 1.443618566771849965e+00 2.926945405434368652e+00 2.926998188032482240e+00 4.121753739824955076e+00 4.121763667040844403e+00 5.649042228955376110e+00 5.649047245402027961e+00 6.872448537634287646e+00 6.872472561590107887e+00 8.617340258393829444e+00 8.617394932336415181e+00 9.178120340422015744e+00 9.178121689081963908e+00 9.751127851525946966e+00 9.751130981443051127e+00 1.098787882814583483e+01 1.098788680244348726e+01 1.200571395665408758e+01 1.200571563478859716e+01 1.292556836791268537e+01 1.292557469659201708e+01 1.514230031886115668e+01 1.514231650611966451e+01 1.776166179190656536e+01 1.776166502750577081e+01 2.254323234023027567e+01 2.254324200929610456e+01
3.719652376729294940e-01 8.556409877464079550e-01 8.556494190074405148e-01 1.420356832149325177e+00 1.420372851411028758e+00 2.904522274725431341e+00 2.904549416497002934e+00 4.120241374849991978e+00 4.120246569154968341e+00 5.650191983645967753e+00 5.650194934347087639e+00 6.867216516491912337e+00 6.867229387969469911e+00 8.640388688824749863e+00 8.640418841086832558e+00 9.170408584298751720e+00 9.170409025504136835e+00 9.737693626918243694e+00 9.737695459085818683e+00 1.098810504111228958e+01 1.098810929285379423e+01 1.200117719391115401e+01 1.200117804451259040e+01 1.292763152834467988e+01 1.292763473945512764e+01 1.514622084781959366e+01 1.514622946337411591e+01 1.776700051381275713e+01 1.776700238585774017e+01 2.253616959195731795e+01 2.253617498838338307e+01
3.734850075111406098e-01 8.316235567210147339e-01 8.316235567232441728e-01 1.398654591580194007e+00 1.398654591582049189e+00 2.882829184601188199e+00 2.882829184602058170e+00 4.118852166035245510e+00 4.118852166035773088e+00 5.651436534476079743e+00 5.651436534476153462e+00 6.862124818093913170e+00 6.862124818094251566e+00 8.662640347135653229e+00 8.662640347135797114e+00 9.163021001375598829e+00 9.163021001375744490e+00 9.724949952376920947e+00 9.724949952377230034e+00 1.098824614993799997e+01 1.098824614993809590e+01 1.199683578112460403e+01 1.199683578112464666e+01 1.292959377073422544e+01 1.292959377073553284e+01 1.514991410908647929e+01 1.514991410908696245e+01 1.777198151742818411e+01 1.777198151742853938e+01 2.252947262624817881e+01 2.252947262624971358e+01
3.750047773493517256e-01 8.077518172682710551e-01 8.077577403725754168e-01 1.378497129417167733e+00 1.378506517376215212e+00 2.861938632387105219e+00 2.861953996607428774e+00 4.117574618855595503e+00 4.117577733706418108e+00 5.652746300971069005e+00 5.652748481486305820e+00 6.857189700193582205e+00 6.857197662143364347e+00 8.684018722966037274e+00 8.684038578761233751e+00 9.155935025695779217e+00 9.155935498169508691e+00 9.712920323206081008e+00 9.712921715972640868e+00 1.098830816349744666e+01 1.098831067689297036e+01 1.199270353496537744e+01 1.199270417008087719e+01 1.293144810124607247e+01 1.293144981116820524e+01 1.515337274087796793e+01 1.515337823069329914e+01 1.777660925157736571e+01 1.777661049839665708e+01 2.252314878391275954e+01 2.252315242636754178e+01
3.765245471875628414e-01 7.841448564718276337e-01 7.841516566259579823e-01 1.359915946637418438e+00 1.359925940583834647e+00 2.841976601987769246e+00 2.841992078259969023e+00 4.116407728967958590e+00 4.116411091439831083e+00 5.654098250368057244e+00 5.654100793632082400e+00 6.852451549543920883e+00 6.852460042020634745e+00 8.704507333716001938e+00 8.704529035068130582e+00 9.149132796638793863e+00 9.149133543830094695e+00 9.701631160161769074e+00 9.701632844383780707e+00 1.098830489943429178e+01 1.098830740626060809e+01 1.198879546894764836e+01 1.198879628729949154e+01 1.293319388219895316e+01 1.293319561930897699e+01 1.515660600747224507e+01 1.515661216246763132e+01 1.778089235832466741e+01 1.778089360115002648e+01 2.251721606147141230e+01 2.251722011189135131e+01
3.780443170257739571e-01 7.609376475463355272e-01 7.609421008195323965e-01 1.342909610528440600e+00 1.342915492860525140e+00 2.823039247178023903e+00 2.823046018337056040e+00 4.115344836197979639e+00 4.115346626029917410e+00 5.655466398645442538e+00 5.655467758023822178e+00 6.847934192043131141e+00 6.847938301397375582e+00 8.724047673970066086e+00 8.724057857585295395e+00 9.142601297038696728e+00 9.142601785370152001e+00 9.691105063644688045e+00 9.691106039045880749e+00 1.098824438889945121e+01 1.098824571584104248e+01 1.198512479018345722e+01 1.198512527994385835e+01 1.293482705402393229e+01 1.293482842847494396e+01 1.515961175539915828e+01 1.515961510701590242e+01 1.778483677588313228e+01 1.778483728154926524e+01 2.251168474686785004e+01 2.251168672901515322e+01
3.795640868639850729e-01 7.382908344092357078e-01 7.382937014847889001e-01 1.327463186857705590e+00 1.327466257675498973e+00 2.805218977727659269e+00 2.805220421749224258e+00 4.114379622988397323e+00 4.114379876924334489e+00 5.656825462462527376e+00 5.656825519719104634e+00 6.843659610525874903e+00 6.843660107878491772e+00 8.742567227756868675e+00 8.742568563901569334e+00 9.136333746865448191e+00 9.136333900294681953e+00 9.681362009569735250e+00 9.681362119765447360e+00 1.098813448519192271e+01 1.098813571018968638e+01 1.198170331753053297e+01 1.198170335525754382e+01 1.293634417085099031e+01 1.293634535762000226e+01 1.516238547580874396e+01 1.516238598996060993e+01 1.778844708796604834e+01 1.778844776397637872e+01 2.250656259602125431e+01 2.250656275762031200e+01
3.810838567021961887e-01 7.163947481265954265e-01 7.163947481291659258e-01 1.313554391881549321e+00 1.313554391883528627e+00 2.788609031368751712e+00 2.788609031369683855e+00 4.113507204358059610e+00 4.113507204358606728e+00 5.658151862032067214e+00 5.658151862032177348e+00 6.839652119510855499e+00 6.839652119511219652e+00 8.759989998212802220e+00 8.759989998212931894e+00 9.130331815872319012e+00 9.130331815872438028e+00 9.672419199501447906e+00 9.672419199501748110e+00 1.098798641837015033e+01 1.098798641837025336e+01 1.197854151714081361e+01 1.197854151714086335e+01 1.293774257842131448e+01 1.293774257842262720e+01 1.516492255783213139e+01 1.516492255783259857e+01 1.779172847868950313e+01 1.779172847868986551e+01 2.250185654478849528e+01 2.250185654479004072e+01
3.826036265404073045e-01 6.954588745550073225e-01 6.954652695082906844e-01 1.301146037928038623e+00 1.301152200780410162e+00 2.773291993424122026e+00 2.773300513958768754e+00 4.112724522763070212e+00 4.112725660150071683e+00 5.659424096508035795e+00 5.659425875996181965e+00 6.835936979532268865e+00 6.835941553399911719e+00 8.776228537325600598e+00 8.776245918613726715e+00 9.124607314884816134e+00 9.124608424594542910e+00 9.664291218794833327e+00 9.664292354473252189e+00 1.098780891978716134e+01 1.098781220938606751e+01 1.197564871778076601e+01 1.197564960188363692e+01 1.293901666599761491e+01 1.293901879660772636e+01 1.516721902853883108e+01 1.516722253620580751e+01 1.779468241311105103e+01 1.779468463576422721e+01 2.249757241578427980e+01 2.249757550197621470e+01
3.841233963786184202e-01 6.757247003620299175e-01 6.757377740391762311e-01 1.290203391716720827e+00 1.290215556193271551e+00 2.759350047846680365e+00 2.759367764293405134e+00 4.112030096849564664e+00 4.112032680705693721e+00 5.660622918055114638e+00 5.660627236125782780e+00 6.832542248548879371e+00 6.832552247004654689e+00 8.791200268859975964e+00 8.791241401610498940e+00 9.119186092620363837e+00 9.119188896216366302e+00 9.656990717126022972e+00 9.656993606593191615e+00 1.098761632662217380e+01 1.098762330957443645e+01 1.197303382417896600e+01 1.197303615668926824e+01 1.294016473819891644e+01 1.294016872748119695e+01 1.516927399373548546e+01 1.516928261954653046e+01 1.779731296991134570e+01 1.779731791557416187e+01 2.249371743208863705e+01 2.249372478869597103e+01
3.856431662168295360e-01 6.574483992645185904e-01 6.574634963473119376e-01 1.280685149836798598e+00 1.280698830859162918e+00 2.746858238035814193e+00 2.746878383881512509e+00 4.111422935860254313e+00 4.111426040268908899e+00 5.661730608450692870e+00 5.661736284842242561e+00 6.829494097017735577e+00 6.829505910207241293e+00 8.804819054791337862e+00 8.804872796288833570e+00 9.114109964369104588e+00 9.114113800954878997e+00 9.650528727793748374e+00 9.650532666633370837e+00 1.098742158539568514e+01 1.098743010500589001e+01 1.197070552209971872e+01 1.197070882929494395e+01 1.294118428003111276e+01 1.294118859083038053e+01 1.517108848582766001e+01 1.517109998714346730e+01 1.779962412048296727e+01 1.779963040291904264e+01 2.249029939690086977e+01 2.249030902330839155e+01
3.871629360550406518e-01 6.408940120777572025e-01 6.409040365777392001e-01 1.272547767494896842e+00 1.272556769033443391e+00 2.735885072185236577e+00 2.735898116835469907e+00 4.110901618132237090e+00 4.110903736014552834e+00 5.662730295888738219e+00 5.662734565599621739e+00 6.826814063309944558e+00 6.826821973910925934e+00 8.816990750940764343e+00 8.817031314439745415e+00 9.109438038444142904e+00 9.109441023545269189e+00 9.644914696979590474e+00 9.644917753008108718e+00 1.098723540606093962e+01 1.098724152067592641e+01 1.196867211267516318e+01 1.196867477304050631e+01 1.294207301217700135e+01 1.294207573221944685e+01 1.517266415875906027e+01 1.517267295135787286e+01 1.780162015729608527e+01 1.780162482832282222e+01 2.248732593503725852e+01 2.248733318993785346e+01
3.886827058932517676e-01 6.263233455415906370e-01 6.263233455444080500e-01 1.265747673160189102e+00 1.265747673162243903e+00 2.726491905064674093e+00 2.726491905065620891e+00 4.110463983059971405e+00 4.110463983060522963e+00 5.663605707699554515e+00 5.663605707699670866e+00 6.824517934312845036e+00 6.824517934313250045e+00 8.827607034660527319e+00 8.827607034660662322e+00 9.105245979741516393e+00 9.105245979741619422e+00 9.640156155662930715e+00 9.640156155663229143e+00 1.098706524004614771e+01 1.098706524004625784e+01 1.196694093695170480e+01 1.196694093695176164e+01 1.294282882927921108e+01 1.294282882928052381e+01 1.517400155196605382e+01 1.517400155196653344e+01 1.780330497613344320e+01 1.780330497613380558e+01 2.248480324251053730e+01 2.248480324251208629e+01
3.902024757314628833e-01 6.139769787625916075e-01 6.139865684777087163e-01 1.260234678927302898e+00 1.260243930900505571e+00 2.718720305242441793e+00 2.718732159342495791e+00 4.110105327273366527e+00 4.110107571372529911e+00 5.664336183893379228e+00 5.664341664791030517e+00 6.822609479437658386e+00 6.822617166451588666e+00 8.836490537560491632e+00 8.836543678776921595e+00 9.101618782939157271e+00 9.101622813224508945e+00 9.636254258105841686e+00 9.636258383170764219e+00 1.098690835836546320e+01 1.098691581160780473e+01 1.196551397954686813e+01 1.196551778137207656e+01 1.294344738869091493e+01 1.294344982758484797e+01 1.517508748811612662e+01 1.517509917291899235e+01 1.780467529904024815e+01 1.780468132198948084e+01 2.248272583406138736e+01 2.248273526552775436e+01
3.917222455696739991e-01 6.040992338369991499e-01 6.041131058233487616e-01 1.255985881548407956e+00 1.256000692223696591e+00 2.712633573169592527e+00 2.712650377133337010e+00 4.109826819102532447e+00 4.109830421586626592e+00 5.664915571664303151e+00 5.664925132738808600e+00 6.821110273246055122e+00 6.821121633821880081e+00 8.843573086416789408e+00 8.843666890513921075e+00 9.098657675666528277e+00 9.098664842058923341e+00 9.633217104027373523e+00 9.633224437343127278e+00 1.098677790355045580e+01 1.098679072938143797e+01 1.196439976918155246e+01 1.196440666568684108e+01 1.294393090516116196e+01 1.294393438829431275e+01 1.517593324076705485e+01 1.517595394166422196e+01 1.780573991026112779e+01 1.780575048920653458e+01 2.248110723561503477e+01 2.248112380857518744e+01
3.932420154078851149e-01 5.968896515927879509e-01 5.969014178805658322e-01 1.252974409453058602e+00 1.252989009192632341e+00 2.708267285247289546e+00 2.708281335253366340e+00 4.109628097288487325e+00 4.109631642597979528e+00 5.665336242059522576e+00 5.665346296480215926e+00 6.820031542820253811e+00 6.820041578435326990e+00 8.848748399330284897e+00 8.848848049108788416e+00 9.096458882706052407e+00 9.096466535108179485e+00 9.631047890310771464e+00 9.631055711355173798e+00 1.098668066884857808e+01 1.098669404259599425e+01 1.196360270581747010e+01 1.196361016821686007e+01 1.294427828207059505e+01 1.294428124827651239e+01 1.517654068479282792e+01 1.517656272195527656e+01 1.780650150287679878e+01 1.780651269984208795e+01 2.247995198072272416e+01 2.247996951703949264e+01
3.947617852460962307e-01 5.925007646000166606e-01 5.925068413423522085e-01 1.251179092700399176e+00 1.251188014331580778e+00 2.705642252090534772e+00 2.705649453345480904e+00 4.109509241362320431e+00 4.109511401481125148e+00 5.665592719670007327e+00 5.665599115701962063e+00 6.819381733725607297e+00 6.819387228448664295e+00 8.851919327244917923e+00 8.851983152243608544e+00 9.095104091739191432e+00 9.095109009809700495e+00 9.629747818770189483e+00 9.629752837547075117e+00 1.098662223654279124e+01 1.098663070504259487e+01 1.196312525250719183e+01 1.196313008300072234e+01 1.294448793217893190e+01 1.294448949609495791e+01 1.517690987989184492e+01 1.517692400918107509e+01 1.780696080251268754e+01 1.780696795750673900e+01 2.247926195875210098e+01 2.247927316046249047e+01
3.962815550843073464e-01 5.910287086106540411e-01 5.910287086135751489e-01 1.250585664854500845e+00 1.250585664856618040e+00 2.704768499312938168e+00 2.704768499313877861e+00 4.109470400015674763e+00 4.109470400016212110e+00 5.665681132059295244e+00 5.665681132059416925e+00 6.819166318120641890e+00 6.819166318121051340e+00 8.853010397309255097e+00 8.853010397309370560e+00 9.094647972100306177e+00 9.094647972100407429e+00 9.629316512049015842e+00 9.629316512049317822e+00 1.098660567106801977e+01 1.098660567106812813e+01 1.196296797423023683e+01 1.196296797423028302e+01 1.294455849266539715e+01 1.294455849266671343e+01 1.517703876017352016e+01 1.517703876017399800e+01 1.780711685395359467e+01 1.780711685395394284e+01 2.247903645987805277e+01 2.247903645987956978e+01
3.962815550843073464e-01 5.910287086106540411e-01 5.910287086135751489e-01 1.250585664854500845e+00 1.250585664856618040e+00 2.704768499312938168e+00 2.704768499313877861e+00 4.109470400015674763e+00 4.109470400016212110e+00 5.665681132059295244e+00 5.665681132059416925e+00 6.819166318120641890e+00 6.819166318121051340e+00 8.853010397309255097e+00 8.853010397309370560e+00 9.094647972100306177e+00 9.094647972100407429e+00 9.629316512049015842e+00 9.629316512049317822e+00 1.098660567106801977e+01 1.098660567106812813e+01 1.196296797423023683e+01 1.196296797423028302e+01 1.294455849266539715e+01 1.294455849266671343e+01 1.517703876017352016e+01 1.517703876017399800e+01 1.780711685395359467e+01 1.780711685395394284e+01 2.247903645987805277e+01 2.247903645987956978e+01
3.972048309587282167e-01 5.905553104169691814e-01 5.905697734029434764e-01 1.251246635296598075e+00 1.251255245195695975e+00 2.704387182021998903e+00 2.704399684467409859e+00 4.109298848327674669e+00 4.109299691664925369e+00 5.665158121286435922e+00 5.665159709905043250e+00 6.819248616200949797e+00 6.819254152219381027e+00 8.853005926418136440e+00 8.853022980200490721e+00 9.094265270910206311e+00 9.094265725999065353e+00 9.629721771859557577e+00 9.629722864450867448e+00 1.098660939652245538e+01 1.098661145461300848e+01 1.196303615209926363e+01 1.196303695392658639e+01 1.294445250032722683e+01 1.294445311318462011e+01 1.517705418324824507e+01 1.517705560381777552e+01 1.780711275004089345e+01 1.780711312455710527e+01 2.247914828703011381e+01 2.247915092594825737e+01
3.981281068331490869e-01 5.891589239417805990e-01 5.891822744677254198e-01 1.253233016312634174e+00 1.253247064031732805e+00 2.703257887586119068e+00 2.703278143828959923e+00 4.108784897342403930e+00 4.108786251742396978e+00 5.663591691365584602e+00 5.663594249293289806e+00 6.819502077235264359e+00 6.819511051903138998e+00 8.853013075758051187e+00 8.853041041281690227e+00 9.093121708093624633e+00 9.093122490357396615e+00 9.630934847310381741e+00 9.630936559022771348e+00 1.098662311252016721e+01 1.098662649562018068e+01 1.196324131479085295e+01 1.196324262791209847e+01 1.294413539279340952e+01 1.294413652849140739e+01 1.517710213668598307e+01 1.517710477132743740e+01 1.780710088133650615e+01 1.780710149772169615e+01 2.247948682365264617e+01 2.247949115052190550e+01
3.990513827075699571e-01 5.868603829052442267e-01 5.868836527327618846e-01 1.256526105089117884e+00 1.256540339223295222e+00 2.701381693294484965e+00 2.701401995989935134e+00 4.107927692914685736e+00 4.107929030693130201e+00 5.660984154280384040e+00 5.660986691679466887e+00 6.819927226658734298e+00 6.819936229859539623e+00 8.853034983960721860e+00 8.853063555244998994e+00 9.091229263340183664e+00 9.091230119750818517e+00 9.632943940285286999e+00 9.632945560167160082e+00 1.098664736328475122e+01 1.098665083282914168e+01 1.196358258910401418e+01 1.196358392795783665e+01 1.294360794487419675e+01 1.294360928691839341e+01 1.517718326361860015e+01 1.517718637620208177e+01 1.780708130171713677e+01 1.780708193489081737e+01 2.248005217186937443e+01 2.248005659143363744e+01
3.999746585819908273e-01 5.836899050594245297e-01 5.837042225958163355e-01 1.261094458322873146e+00 1.261103407228311157e+00 2.698758673665059060e+00 2.698771263736149617e+00 4.106725537828319617e+00 4.106726350624340327e+00 5.657339084389245265e+00 5.657340635249159533e+00 6.820523646109575289e+00 6.820529234903688121e+00 8.853073046277579294e+00 8.853091211251678416e+00 9.088607350018381936e+00 9.088607940768689275e+00 9.635729725924733202e+00 9.635730649845667628e+00 1.098668253399923778e+01 1.098668475073153594e+01 1.196405832552700943e+01 1.196405917464009150e+01 1.294287146011490997e+01 1.294287244077417043e+01 1.517729819696540261e+01 1.517730046767210261e+01 1.780705403680603638e+01 1.780705444199440635e+01 2.248084390003814548e+01 2.248084670885675962e+01
4.008979344564116976e-01 5.796851566523195665e-01 5.796851566554668267e-01 1.266895516329539007e+00 1.266895516331567606e+00 2.695388561678120354e+00 2.695388561679083139e+00 4.105175800273549669e+00 4.105175800274075470e+00 5.652661370689172848e+00 5.652661370689306075e+00 6.821289760490081733e+00 6.821289760490483189e+00 8.853125980614189316e+00 8.853125980614317214e+00 9.085282056264512462e+00 9.085282056264617268e+00 9.639266208088830723e+00 9.639266208089118493e+00 1.098672867157614697e+01 1.098672867157626065e+01 1.196466604507805442e+01 1.196466604507810416e+01 1.294192772996991714e+01 1.294192772997123875e+01 1.517744702178445415e+01 1.517744702178493910e+01 1.780701907949928042e+01 1.780701907949962859e+01 2.248186089187398906e+01 2.248186089187552028e+01
4.018212103308325678e-01 5.748757430784100508e-01 5.748899158143636612e-01 1.273868444805615896e+00 1.273877774091034976e+00 2.691258905203266938e+00 2.691271628981653397e+00 4.103274128830901368e+00 4.103274904195085782e+00 5.646955830007781785e+00 5.646957334097765902e+00 6.822217311251056238e+00 6.822222968916838326e+00 8.853170349786381621e+00 8.853189865640270995e+00 9.081284388362041327e+00 9.081285140601298878e+00 9.643521131508860478e+00 9.643521849307381544e+00 1.098678303770782527e+01 1.098678544820824321e+01 1.196540153335709356e+01 1.196540244083634619e+01 1.294077768492771163e+01 1.294077900613610410e+01 1.517762594654398356e+01 1.517762898457438325e+01 1.780697595696579683e+01 1.780697639814654920e+01 2.248309833760565013e+01 2.248310135146327937e+01
4.027444862052534380e-01 5.693305505666476085e-01 5.693533798885579422e-01 1.281967752508256453e+00 1.281983190249472937e+00 2.686388624299641315e+00 2.686409367607206278e+00 4.101017190167254967e+00 4.101018408786245573e+00 5.640232472904366468e+00 5.640234861017130896e+00 6.823310876177272277e+00 6.823320101384877212e+00 8.853226463672532631e+00 8.853259352981176278e+00 9.076651499477572216e+00 9.076652871414989221e+00 9.648459856642430665e+00 9.648460821123730824e+00 1.098684822784257342e+01 1.098685231743239932e+01 1.196626192146943168e+01 1.196626344721391177e+01 1.293942557846653507e+01 1.293942800884563660e+01 1.517783708340460969e+01 1.517784264392515858e+01 1.780692520997376604e+01 1.780692595777236775e+01 2.248455792311464663e+01 2.248456299740631081e+01
4.036677620796742527e-01 5.631070323993794258e-01 5.631297921950659813e-01 1.291133743505244347e+00 1.291149530381678900e+00 2.680783763530680819e+00 2.680804700041470312e+00 4.098399960714795398e+00 4.098401141359416577e+00 5.632501162339226042e+00 5.632503501521048506e+00 6.824568734827786365e+00 6.824578040308326266e+00 8.853295421067446824e+00 8.853329732970175669e+00 9.071423279265349748e+00 9.071424817322391476e+00 9.654043462501476824e+00 9.654044222995668889e+00 1.098692452848128553e+01 1.098692882456098374e+01 1.196724277193309227e+01 1.196724436053433571e+01 1.293787523797236538e+01 1.293787796756646635e+01 1.517808021045907729e+01 1.517808641880660403e+01 1.780686696526651502e+01 1.780686774907529824e+01 2.248623810677183243e+01 2.248624339426586971e+01
4.045910379540951229e-01 5.562638214971021844e-01 5.562778781283373997e-01 1.301302425297033105e+00 1.301312395387117959e+00 2.674448612379022983e+00 2.674461696925213960e+00 4.095416613569637043e+00 4.095417319559523150e+00 5.623773086674002109e+00 5.623774501052486663e+00 6.825988453657562793e+00 6.825994259692256705e+00 8.853376920824237217e+00 8.853399058881644024e+00 9.065641629733146800e+00 9.065642687799968513e+00 9.660230812871667183e+00 9.660231165926443708e+00 1.098701215762971195e+01 1.098701494905125031e+01 1.196833894429684619e+01 1.196833996771464115e+01 1.293613079977580682e+01 1.293613267448449911e+01 1.517835505021866460e+01 1.517835928563764902e+01 1.780680130724762122e+01 1.780680181471022294e+01 2.248813688627355489e+01 2.248814029289961880e+01
4.055143138285159932e-01 5.488596553090576702e-01 5.488596553124939215e-01 1.312406781020197588e+00 1.312406781022085411e+00 2.667385012488790785e+00 2.667385012489805085e+00 4.092060598856178011e+00 4.092060598856703812e+00 5.614060768334638851e+00 5.614060768334812046e+00 6.827567047761690766e+00 6.827567047762086894e+00 8.853469366271351504e+00 8.853469366271475849e+00 9.059349294420314891e+00 9.059349294420458776e+00 9.666979680718156942e+00 9.666979680718414514e+00 1.098711132031108484e+01 1.098711132031119320e+01 1.196954462978051659e+01 1.196954462978054323e+01 1.293419652333004066e+01 1.293419652333133385e+01 1.517866128100852485e+01 1.517866128100900092e+01 1.780672826111921481e+01 1.780672826111957363e+01 2.249025182526484912e+01 2.249025182526639099e+01
4.064375897029368634e-01 5.409384722819277069e-01 5.409526657120181659e-01 1.324368133886251631e+00 1.324378502727900919e+00 2.659579349059410625e+00 2.659592809508353639e+00 4.088324010081444193e+00 4.088324673091355166e+00 5.603376812765999304e+00 5.603378166089500567e+00 6.829295294299191355e+00 6.829301223760925410e+00 8.853546296435126806e+00 8.853570401724006445e+00 9.052587665757531710e+00 9.052588945012624677e+00 9.674247479467894095e+00 9.674247770862134388e+00 1.098721918521672514e+01 1.098722226836752291e+01 1.197085228093755305e+01 1.197085339359982470e+01 1.293207450990385610e+01 1.293207676499900138e+01 1.517899353334760804e+01 1.517899854920145764e+01 1.780664724852781333e+01 1.780664780275019510e+01 2.249257644477482287e+01 2.249258014084007229e+01
4.073608655773577336e-01 5.325765000592705967e-01 5.325997494231533569e-01 1.337132984681049352e+00 1.337150050065876394e+00 2.651049199100683484e+00 2.651071357207325008e+00 4.084199797085813266e+00 4.084200843339218956e+00 5.591738697298364258e+00 5.591740843317315246e+00 6.831177900105779521e+00 6.831187602602245335e+00 8.853637072985293344e+00 8.853677710787888344e+00 9.045400318375049764e+00 9.045402566012439749e+00 9.681992775763131220e+00 9.681993409868319134e+00 1.098734010591441645e+01 1.098734534107968663e+01 1.197225633833563663e+01 1.197225821405735324e+01 1.292977218584157129e+01 1.292977614421043597e+01 1.517935775224805361e+01 1.517936647944816819e+01 1.780655896043636588e+01 1.780655989439844333e+01 2.249511260712090888e+01 2.249511882469874635e+01
4.082841414517786038e-01 5.238321939600577570e-01 5.238558722933027711e-01 1.350639318737794525e+00 1.350656644109033522e+00 2.641798936406566600e+00 2.641821524503642937e+00 4.079679206725330687e+00 4.079680235241901265e+00 5.579164042133585077e+00 5.579166151420254849e+00 6.833213031662156212e+00 6.833222846403697481e+00 8.853747525781964001e+00 8.853789803203254039e+00 9.037828671104136902e+00 9.037831091986502585e+00 9.690175096440395208e+00 9.690175959564447439e+00 1.098747548911642546e+01 1.098748097484250685e+01 1.197374955858505352e+01 1.197375151080053790e+01 1.292729557810277363e+01 1.292729984594210535e+01 1.517975535948787424e+01 1.517976468101996090e+01 1.780646356335094183e+01 1.780646453345587688e+01 2.249785830529953756e+01 2.249786475828062748e+01
4.092074173261994741e-01 5.147583478198793916e-01 5.147733481991204618e-01 1.364826862629877624e+00 1.364837711971054413e+00 2.631833139364292862e+00 2.631847396830514718e+00 4.074752304456001895e+00 4.074752935961629241e+00 5.565672087002976554e+00 5.565673373705638305e+00 6.835397526931107137e+00 6.835403663514582284e+00 8.853879367532261568e+00 8.853906503052430210e+00 9.029912589464942130e+00 9.029914188413155074e+00 9.698755671890562979e+00 9.698756362440642320e+00 1.098762613748088590e+01 1.098762968394558115e+01 1.197532390614584941e+01 1.197532516018941351e+01 1.292465110418983798e+01 1.292465393249400663e+01 1.518018663327631934e+01 1.518019274956969511e+01 1.780636117304242561e+01 1.780636179402121044e+01 2.250081065153901250e+01 2.250081478249315126e+01
4.101306932006203443e-01 5.054012467617422510e-01 5.054012467655440988e-01 1.379637419644478724e+00 1.379637419646239538e+00 2.621156926614959914e+00 2.621156926615985316e+00 4.069407880793900034e+00 4.069407880794421395e+00 5.551283790449076605e+00 5.551283790449263122e+00 6.837726716319716402e+00 6.837726716320108977e+00 8.854028944726392680e+00 8.854028944726508144e+00 9.021690053807876808e+00 9.021690053808031351e+00 9.707697612747622884e+00 9.707697612747852034e+00 1.098779202491974161e+01 1.098779202491983753e+01 1.197697050133672114e+01 1.197697050133673180e+01 1.292184551885232935e+01 1.292184551885357990e+01 1.518065026461157530e+01 1.518065026461205136e+01 1.780625184239802294e+01 1.780625184239838887e+01 2.250396569747428188e+01 2.250396569747582021e+01
4.110539690750412145e-01 4.957850597742882170e-01 4.958011290193099496e-01 1.395004223261763210e+00 1.395015295457375570e+00 2.609761170722966650e+00 2.609776111865645287e+00 4.063632833613638695e+00 4.063633480944664811e+00 5.536020653596408714e+00 5.536021929155316990e+00 6.840188487157655928e+00 6.840194765017615808e+00 8.854159058883899647e+00 8.854188152228141817e+00 9.013195162899849677e+00 9.013196949153986282e+00 9.716965013483148894e+00 9.716966028266956101e+00 1.098796856054067561e+01 1.098797241826766857e+01 1.197867834010053123e+01 1.197867968816319362e+01 1.291888271262345711e+01 1.291888591787532725e+01 1.518113678365375030e+01 1.518114356875540594e+01 1.780613491761243949e+01 1.780613557781484246e+01 2.250731419295209790e+01 2.250731859582560190e+01
4.119772449494620847e-01 4.859666290530731403e-01 4.859937788383612012e-01 1.410889709805581926e+00 1.410907755108036898e+00 2.597672318496527133e+00 2.597697111133054904e+00 4.057414463993190168e+00 4.057415544551832731e+00 5.519909089851918971e+00 5.519911166266338931e+00 6.842785161325986465e+00 6.842795429523008899e+00 8.854298725164456485e+00 8.854347312061999986e+00 9.004463947991522943e+00 9.004466971308495715e+00 9.726526221733536204e+00 9.726528120952700363e+00 1.098815983624013448e+01 1.098816632563086593e+01 1.198043895894054245e+01 1.198044121408145024e+01 1.291577431582015834e+01 1.291577980135803649e+01 1.518165183434189380e+01 1.518166331589385543e+01 1.780601128277418965e+01 1.780601237920990698e+01 2.251085673615675375e+01 2.251086406505229220e+01
4.129005208238828994e-01 4.759842142825768674e-01 4.760127017680376715e-01 1.427247241987763315e+00 1.427265383831758383e+00 2.584901237746218605e+00 2.584926683161083538e+00 4.050738473247523785e+00 4.050739599531650192e+00 5.502975975165743883e+00 5.502978079511573917e+00 6.845512567464224318e+00 6.845522940819153135e+00 8.854448903653393543e+00 8.854498939845113270e+00 8.995528491715210961e+00 8.995531633671181027e+00 9.736351125588409872e+00 9.736353273695458554e+00 1.098836637400219729e+01 1.098837310560962166e+01 1.198224213809297112e+01 1.198224446486803352e+01 1.291252939227796759e+01 1.291253517183799282e+01 1.518219490639625491e+01 1.518220686284584353e+01 1.780588116624218742e+01 1.780588228819035379e+01 2.251458946154368235e+01 2.251459698285118805e+01
4.138237966983037697e-01 4.658725552214023624e-01 4.658911000825268212e-01 1.444030963821013591e+00 1.444042215161817744e+00 2.571455522381616898e+00 2.571471669556247175e+00 4.043589696411204137e+00 4.043590427468259030e+00 5.485249835973220911e+00 5.485251163223299642e+00 6.848366187267781235e+00 6.848372658777977406e+00 8.854609073440267153e+00 8.854640846811411947e+00 8.986418343240499595e+00 8.986420348539551739e+00 9.746411639908506785e+00 9.746413114572973768e+00 1.098858868075073048e+01 1.098859298650194027e+01 1.198407718910323005e+01 1.198407866957594337e+01 1.290915687383529509e+01 1.290916062343709392e+01 1.518276544549230955e+01 1.518277310985163275e+01 1.780574471705753936e+01 1.780574542442754904e+01 2.251850810715178142e+01 2.251851286575540811e+01
4.147470725727246399e-01 4.556628765463673902e-01 4.556628765500737033e-01 1.461195544188044648e+00 1.461195544189349382e+00 2.557338883973263588e+00 2.557338883974349830e+00 4.035952120717191782e+00 4.035952120717719360e+00 5.466760828931863436e+00 5.466760828932282656e+00 6.851341221610840471e+00 6.851341221611199295e+00 8.854777190017422583e+00 8.854777190017518507e+00 8.977160553241429142e+00 8.977160553241628094e+00 9.756681524077961853e+00 9.756681524078137713e+00 1.098882726317290626e+01 1.098882726317300040e+01 1.198593299721153471e+01 1.198593299721159688e+01 1.290566537659225332e+01 1.290566537659345236e+01 1.518336285132354568e+01 1.518336285132402352e+01 1.780560199421031697e+01 1.780560199421066159e+01 2.252260802530501493e+01 2.252260802530651063e+01
4.156703484471455101e-01 4.453621967219474342e-01 4.453829226992209733e-01 1.478685440273667107e+00 1.478696708882582866e+00 2.542535198067327418e+00 2.542552220367781501e+00 4.027807988826420882e+00 4.027808804457616354e+00 5.447539422648851826e+00 5.447540828891698439e+00 6.854426113486588257e+00 6.854432686501406025e+00 8.854916858869330554e+00 8.854950164038628557e+00 8.967777859876235880e+00 8.967779958708648635e+00 9.767134553909821548e+00 9.767136297574182890e+00 1.098907806106977247e+01 1.098908264037412863e+01 1.198779650803978747e+01 1.198779806626337319e+01 1.290205923134644372e+01 1.290206332047427829e+01 1.518397832819639959e+01 1.518398648145381280e+01 1.780545226624665389e+01 1.780545299570040285e+01 2.252687931766470442e+01 2.252688426666248844e+01
4.165936243215663803e-01 4.350216744715584838e-01 4.350571860455376139e-01 1.496474073318009967e+00 1.496492271855961009e+00 2.527067749825285592e+00 2.527096009477136640e+00 4.019140334915013213e+00 4.019141730026210446e+00 5.427621260079627419e+00 5.427623616353530522e+00 6.857624813448274459e+00 6.857635510548441005e+00 8.855069671222672412e+00 8.855124642082405018e+00 8.958296227627473129e+00 8.958299668549607020e+00 9.777750253294827942e+00 9.777753268799738606e+00 1.098934773564035083e+01 1.098935534896374655e+01 1.198965798284351081e+01 1.198966055983246015e+01 1.289835244441201034e+01 1.289835931959137838e+01 1.518462212640455178e+01 1.518463566101052820e+01 1.780529652346798386e+01 1.780529771658051885e+01 2.253132357301270616e+01 2.253133170763591053e+01
4.175169001959872506e-01 4.246698344300411931e-01 4.247074363524888652e-01 1.514525030456467247e+00 1.514543162720526137e+00 2.510944128713408219e+00 2.510973098544398763e+00 4.009930186225598270e+00 4.009931658170364344e+00 5.407042665850840812e+00 5.407045111216092437e+00 6.860933869493750947e+00 6.860944611612346478e+00 8.855241789184262302e+00 8.855297721498951447e+00 8.948738184978525467e+00 8.948741646825132179e+00 9.788508434069257191e+00 9.788511626487457207e+00 1.098963813675668177e+01 1.098964593990652183e+01 1.199150570813204908e+01 1.199150833510304004e+01 1.289455556822816717e+01 1.289456268942314665e+01 1.518529585719742592e+01 1.518530969608840309e+01 1.780513501008366717e+01 1.780513621251150624e+01 2.253593693200761550e+01 2.253594517382069995e+01
4.184401760704081208e-01 4.143289035347599847e-01 4.143534912379696622e-01 1.532802799583298681e+00 1.532813945458506577e+00 2.494172410514782445e+00 2.494190743212703065e+00 4.000157097108058224e+00 4.000158053801073699e+00 5.385841997808247683e+00 5.385843567569823520e+00 6.864348283910276294e+00 6.864354939013751711e+00 8.855432129117540185e+00 8.855467208704927984e+00 8.939125163952008180e+00 8.939127298881306416e+00 9.799390431178087724e+00 9.799392502236059954e+00 1.098995004012913057e+01 1.098995497026023394e+01 1.199332732013826330e+01 1.199332897056549818e+01 1.289067930924235661e+01 1.289068385338792488e+01 1.518599917048131687e+01 1.518600788669043311e+01 1.780496789568702454e+01 1.780496864235426457e+01 2.254071436655011595e+01 2.254071951352664627e+01
4.193634519448289910e-01 4.040139824222239162e-01 4.040139824271536395e-01 1.551272530469679944e+00 1.551272530471094369e+00 2.476761009166104976e+00 2.476761009167175676e+00 3.989799127765796705e+00 3.989799127766253672e+00 5.364059643181293247e+00 5.364059643181591674e+00 6.867861476328730674e+00 6.867861476329106374e+00 8.855631120917308863e+00 8.855631120917411891e+00 8.929478059315421490e+00 8.929478059315647087e+00 9.810378917135839316e+00 9.810378917135997412e+00 1.099028299424322697e+01 1.099028299424332999e+01 1.199510979282102419e+01 1.199510979282117340e+01 1.288673445804493234e+01 1.288673445804608697e+01 1.518672953424039562e+01 1.518672953424086991e+01 1.780479527159699771e+01 1.780479527159736364e+01 2.254564959562769744e+01 2.254564959562922155e+01
4.202867278192498612e-01 3.937067910208532640e-01 3.937341845701985421e-01 1.569889110674222765e+00 1.569900077243060021e+00 2.458699295663517859e+00 2.458718426708459859e+00 3.978831996520852954e+00 3.978833040570708413e+00 5.341736294344241465e+00 5.341737984212379331e+00 6.871459208197603807e+00 6.871465855311608806e+00 8.855786239502371870e+00 8.855822050555831382e+00 8.919816180875230316e+00 8.919818232087257215e+00 9.821455573749554802e+00 9.821457804966573946e+00 1.099063055693472002e+01 1.099063566808356995e+01 1.199683790985055865e+01 1.199683960000214000e+01 1.288272711746438048e+01 1.288273191572413445e+01 1.518747393989171179e+01 1.518748290349934216e+01 1.780461643458541587e+01 1.780461718143288863e+01 2.255073023652731479e+01 2.255073544815371989e+01
4.212100036936707315e-01 3.834489205649119214e-01 3.834955496400460073e-01 1.588634665982738836e+00 1.588652217851294735e+00 2.440021517917505545e+00 2.440053048971275729e+00 3.967232921577442895e+00 3.967234672507613080e+00 5.318918510920664922e+00 5.318921339383762437e+00 6.875143063166692770e+00 6.875153775683461532e+00 8.855925441028929868e+00 8.855983683482291369e+00 8.910166308832742743e+00 8.910169459661551272e+00 9.832608524848568621e+00 9.832612234271781659e+00 1.099099819147968127e+01 1.099100657660016367e+01 1.199850025686191479e+01 1.199850301074331682e+01 1.287867486010420848e+01 1.287868279954793138e+01 1.518824039301791906e+01 1.518825502845974817e+01 1.780443247075936952e+01 1.780443367366773089e+01 2.255595608958519804e+01 2.255596453838349547e+01
4.221332795680916017e-01 3.732558288566236726e-01 3.733047488571501482e-01 1.607479550713271532e+00 1.607496878273550811e+00 2.420741068409531849e+00 2.420773114495910594e+00 3.954977569941322990e+00 3.954979374260219505e+00 5.295652970879046961e+00 5.295655887965523334e+00 6.878907852479156482e+00 6.878918495751453754e+00 8.856032791065805654e+00 8.856091058474289568e+00 8.900559334024677582e+00 8.900562181693651098e+00 9.843824809517725427e+00 9.843828597300058547e+00 1.099138641857377152e+01 1.099139489531969360e+01 1.200008365655836329e+01 1.200008641981923141e+01 1.287459048178780208e+01 1.287459857414757103e+01 1.518902815340499046e+01 1.518904287272545872e+01 1.780424366103478206e+01 1.780424485461252004e+01 2.256132154512974708e+01 2.256132998465555417e+01
4.230565554425124719e-01 3.631405340724929154e-01 3.631721559335795435e-01 1.626392637368657912e+00 1.626403187781104487e+00 2.400866807481773613e+00 2.400886886551288235e+00 3.942041243553509933e+00 3.942042385700888829e+00 5.271987727524770406e+00 5.271989580130111541e+00 6.882748228967887627e+00 6.882754746682294034e+00 8.856072499899985573e+00 8.856108258842210645e+00 8.891042848758365480e+00 8.891044245089542386e+00 9.855092167323814323e+00 9.855094543602541890e+00 1.099179574630532841e+01 1.099180102611791554e+01 1.200157489005095890e+01 1.200157659706045443e+01 1.287048605791308908e+01 1.287049113831632496e+01 1.518983643401114492e+01 1.518984555187080154e+01 1.780405019039320891e+01 1.780405091993680600e+01 2.256682068401115160e+01 2.256682587781322269e+01
4.239798313169333421e-01 3.531129905624066923e-01 3.531129905685614911e-01 1.645341257404820956e+00 1.645341257406087498e+00 2.380402936030459493e+00 2.380402936031614125e+00 3.928399056113474064e+00 3.928399056113899057e+00 5.247972026193109762e+00 5.247972026193478357e+00 6.886658687288410796e+00 6.886658687288761627e+00 8.855956319485972728e+00 8.855956319486056216e+00 8.881713712883742673e+00 8.881713712883962941e+00 9.866398911805600136e+00 9.866398911805726257e+00 1.099222666924090852e+01 1.099222666924100977e+01 1.200296077021878993e+01 1.200296077021903685e+01 1.286637281098411911e+01 1.286637281098518315e+01 1.519066439210326003e+01 1.519066439210373431e+01 1.780385215173958713e+01 1.780385215173993885e+01 2.257244730507708042e+01 2.257244730507858677e+01
4.249031071913542124e-01 3.431459501981543037e-01 3.431801773963468194e-01 1.664281681445008987e+00 1.664291853146917077e+00 2.359330365177346955e+00 2.359350829700966656e+00 3.914024900597800727e+00 3.914026075865495002e+00 5.223654351894254866e+00 5.223656283042098281e+00 6.890627273432241573e+00 6.890633614863185485e+00 8.855386444579181671e+00 8.855418860653220037e+00 8.872842282624741728e+00 8.872844244627460242e+00 9.877731571113505638e+00 9.877733977994305192e+00 1.099267435763589873e+01 1.099267966711278355e+01 1.200422652480547647e+01 1.200422820838812044e+01 1.286225619867973080e+01 1.286226138513189809e+01 1.519150207280502052e+01 1.519151113415514764e+01 1.780364888256101707e+01 1.780364958880757342e+01 2.257818991837774547e+01 2.257819501637240123e+01
4.258263830657750826e-01 3.332897741950661130e-01 3.333470492428800003e-01 1.683194869546986050e+00 1.683210969886753228e+00 2.337678816581703511e+00 2.337712088367646324e+00 3.898895575963465809e+00 3.898897485633392446e+00 5.199089005998658308e+00 5.199092172908084564e+00 6.894657314096900080e+00 6.894667384348641015e+00 8.853452752358935030e+00 8.853491018395210688e+00 8.865395298774940258e+00 8.865412424166786209e+00 9.889083198185966594e+00 9.889087084706893904e+00 1.099314663576041262e+01 1.099315520448892336e+01 1.200536158294924505e+01 1.200536426869473772e+01 1.285815397527112225e+01 1.285816240613518957e+01 1.519236120241052390e+01 1.519237573471871983e+01 1.780344144149720975e+01 1.780344255976186574e+01 2.258404922669477344e+01 2.258405735426579497e+01
4.267496589401959528e-01 3.235591111213412252e-01 3.236180827216858513e-01 1.702050382183718735e+00 1.702066088983473779e+00 2.315458218439315985e+00 2.315491533754522990e+00 3.882986918673117405e+00 3.882988823160023362e+00 5.174329512408079701e+00 5.174332704770960412e+00 6.898744613067271381e+00 6.898754459817998175e+00 8.848142147148978509e+00 8.848157084550432927e+00 8.861401323089602045e+00 8.861441510009456124e+00 9.900445047528032561e+00 9.900448904316949239e+00 1.099364521954339047e+01 1.099365373262017087e+01 1.200635357796799774e+01 1.200635621134135533e+01 1.285407864215038209e+01 1.285408707769599168e+01 1.519324291889730816e+01 1.519325726344322192e+01 1.780323010478949186e+01 1.780323119491731632e+01 2.259001990855409758e+01 2.259002788462330003e+01
4.276729348146168230e-01 3.139614639757472569e-01 3.139988088963553414e-01 1.720816438856057173e+00 1.720825880081627401e+00 2.292678364092356258e+00 2.292698902622970270e+00 3.866275185893184307e+00 3.866276351495554042e+00 5.149430168478703607e+00 5.149432145773135794e+00 6.902883552287833346e+00 6.902889479014541863e+00 8.840129743220861869e+00 8.840133036145013889e+00 8.860192719817105100e+00 8.860223369187767872e+00 9.911808780501116800e+00 9.911811132275648362e+00 1.099417048827892351e+01 1.099417569333860634e+01 1.200718994726825350e+01 1.200719153327523436e+01 1.285004234625541741e+01 1.285004753994567395e+01 1.519414609820705664e+01 1.519415481010362434e+01 1.780301507095966684e+01 1.780301572508117047e+01 2.259609543277804633e+01 2.259610024930632832e+01
4.285962106890376933e-01 3.044966384468151821e-01 3.044966384540455651e-01 1.739459696372758435e+00 1.739459696373839348e+00 2.269348533011370073e+00 2.269348533012531366e+00 3.848737577306891477e+00 3.848737577307272062e+00 5.124445699575780999e+00 5.124445699576246405e+00 6.907067279562975060e+00 6.907067279563298356e+00 8.831274778777462586e+00 8.831274778777695289e+00 8.859910070895431033e+00 8.859910070895496759e+00 9.923166395942471851e+00 9.923166395942557116e+00 1.099472152324365659e+01 1.099472152324375784e+01 1.200785801906393502e+01 1.200785801906428496e+01 1.284605680933566241e+01 1.284605680933663585e+01 1.519506749711963245e+01 1.519506749712010141e+01 1.780279646986118891e+01 1.780279646986155484e+01 2.260226814538925311e+01 2.260226814539074525e+01
4.295194865634585080e-01 2.951205356468978858e-01 2.951591065143263637e-01 1.757936445045723994e+00 1.757945281477454103e+00 2.245457194207028273e+00 2.245477367940427627e+00 3.830351898254751752e+00 3.830353017493086654e+00 5.099428934835798621e+00 5.099430883012360916e+00 6.911282857874144980e+00 6.911288404413789443e+00 8.822193958539360281e+00 8.822195553431276593e+00 8.859898064113966853e+00 8.859929966576901350e+00 9.934508015792189894e+00 9.934510263701026744e+00 1.099529165552123899e+01 1.099529667734683436e+01 1.200834381323044830e+01 1.200834528712778315e+01 1.284212829343418072e+01 1.284213337399441635e+01 1.519599447323327723e+01 1.519600276025984087e+01 1.780257379223899861e+01 1.780257440066294095e+01 2.260852525282478709e+01 2.260852978324768969e+01
4.304427624378793782e-01 2.858795985160531572e-01 2.859424307147074296e-01 1.776223206141347211e+00 1.776236952056485796e+00 2.221041002226838312e+00 2.221073115779846674e+00 3.811101333910381861e+00 3.811103090687639749e+00 5.074437055318798961e+00 5.074440151346332861e+00 6.915531277756606698e+00 6.915539895063514741e+00 8.813068854403278252e+00 8.813071313125750095e+00 8.860016990435726214e+00 8.860067599225738277e+00 9.945829698627274951e+00 9.945833219657590263e+00 1.099588651731115263e+01 1.099589443358416574e+01 1.200863751773988497e+01 1.200863978719071490e+01 1.283827505571263039e+01 1.283828312078055944e+01 1.519693488941567772e+01 1.519694785462570685e+01 1.780234803942820321e+01 1.780234898187361736e+01 2.261486514672925807e+01 2.261487219514740943e+01
4.313660383123002484e-01 2.767811375499337756e-01 2.768439356445703270e-01 1.794284047925419179e+00 1.794297197574477698e+00 2.196112749237575823e+00 2.196144165522651459e+00 3.790971287859822514e+00 3.790972981914089157e+00 5.049524160850960897e+00 5.049527178050481346e+00 6.919807568856733759e+00 6.919815797144150515e+00 8.803967027795932765e+00 8.803969396508675160e+00 8.860205759331162056e+00 8.860254810682237192e+00 9.957125272339258260e+00 9.957128656110528553e+00 1.099650652248704397e+01 1.099651418641933809e+01 1.200872830737053576e+01 1.200873044445076943e+01 1.283450911435641650e+01 1.283451697859733187e+01 1.519788786582832962e+01 1.519790031809202624e+01 1.780211949484758094e+01 1.780212039208789321e+01 2.262128123476852437e+01 2.262128796637149364e+01
4.322893141867211186e-01 2.678291501726206558e-01 2.678676176908029727e-01 1.812079367316865808e+00 1.812087096647186923e+00 2.170680786829479292e+00 2.170699661785490786e+00 3.769951302691658679e+00 3.769952307362872457e+00 5.024742640587088083e+00 5.024744442464793792e+00 6.924106661624584547e+00 6.924111487827212308e+00 8.794920405699963695e+00 8.794921803033496133e+00 8.860436957787863221e+00 8.860466053491753868e+00 9.968388552261517432e+00 9.968390545868098584e+00 1.099715206214341379e+01 1.099715661500572850e+01 1.200860604618457828e+01 1.200860727450049481e+01 1.283084104548605175e+01 1.283084575251420389e+01 1.519885246331334194e+01 1.519885979792084996e+01 1.780188836016089127e+01 1.780188888485550791e+01 2.262776674699244239e+01 2.262777068945532122e+01
4.332125900611419889e-01 2.590239827946781426e-01 2.590239828031238312e-01 1.829565821763919686e+00 1.829565821764884248e+00 2.144749922748716120e+00 2.144749922750002646e+00 3.748035797061220809e+00 3.748035797061545438e+00 5.000142770279727422e+00 5.000142770280294080e+00 6.928423391280256638e+00 6.928423391280579935e+00 8.785946743731386732e+00 8.785946743731656738e+00 8.860695770690663053e+00 8.860695770690730555e+00 9.979613370052195620e+00 9.979613370052250687e+00 1.099782349676430648e+01 1.099782349676439708e+01 1.200826138527092013e+01 1.200826138527140152e+01 1.282728002860325489e+01 1.282728002860413064e+01 1.519982767221049968e+01 1.519982767221098108e+01 1.780165477279056319e+01 1.780165477279091846e+01 2.263431478155498056e+01 2.263431478155645848e+01
4.341358659355628591e-01 2.503268272918172666e-01 2.503634623222957267e-01 1.846689779027394840e+00 1.846696618612955199e+00 2.118306492172549849e+00 2.118323930787973985e+00 3.725223884155475229e+00 3.725224802611024177e+00 4.975770852234213670e+00 4.975772486572848763e+00 6.932748315662114358e+00 6.932752573403053731e+00 8.777056061229298933e+00 8.777057286088192356e+00 8.860947144850037205e+00 8.860973134068640178e+00 9.990791964282932369e+00 9.990793724909170948e+00 1.099851705587921558e+01 1.099852115397805363e+01 1.200768481658738196e+01 1.200768582788357541e+01 1.282382996915451656e+01 1.282383427765871176e+01 1.520080595129161694e+01 1.520081242504001651e+01 1.780141838939184851e+01 1.780141884914321793e+01 2.264091494757091638e+01 2.264091838573236615e+01
4.350591418099836738e-01 2.417883645545717552e-01 2.418450780222146379e-01 1.863411424478943257e+00 1.863421687886925637e+00 2.091381900841794206e+00 2.091408652523766065e+00 3.701523312578308911e+00 3.701524736289385942e+00 4.951674755230351721e+00 4.951677231694451287e+00 6.937082724974165338e+00 6.937089121362459032e+00 8.768258215552831913e+00 8.768260032344203481e+00 8.861224308126505633e+00 8.861263328896983538e+00 1.000192133549858120e+01 1.000192396623038427e+01 1.099923914446736717e+01 1.099924533379959790e+01 1.200687032620800387e+01 1.200687176143295254e+01 1.282050505969848508e+01 1.282051163145923489e+01 1.520179596770664787e+01 1.520180563005206764e+01 1.780118004617708394e+01 1.780118073361758491e+01 2.264756554020723200e+01 2.264757063802935733e+01
4.359824176844045440e-01 2.334149169447433114e-01 2.334682378312124551e-01 1.879677684632224510e+00 1.879687083326457175e+00 2.063989595784104125e+00 2.064014671427433889e+00 3.676947871198972262e+00 3.676949243384571187e+00 4.927897451578801657e+00 4.927899740099625170e+00 6.941422266548049613e+00 6.941428156195079247e+00 8.759559652959863385e+00 8.759561291514767589e+00 8.861527348517004299e+00 8.861562991516590770e+00 1.001299651522615797e+01 1.001299890898559219e+01 1.099999062295545471e+01 1.099999632006138484e+01 1.200581125302915808e+01 1.200581247086839198e+01 1.281731389013932265e+01 1.281732000951517136e+01 1.520279744347207895e+01 1.520280621367526486e+01 1.780094000373672003e+01 1.780094063239061342e+01 2.265426010617506591e+01 2.265426469934724452e+01
4.369056935588254142e-01 2.252052119979944533e-01 2.252355057217177992e-01 1.895427259703338363e+00 1.895432492007017355e+00 2.036145253258936361e+00 2.036159580356300847e+00 3.651519302504876663e+00 3.651520127669237503e+00 4.904478397932937384e+00 4.904479684867673051e+00 6.945761739035538618e+00 6.945765062966903436e+00 8.750965522936958507e+00 8.750966418676625835e+00 8.861850730637193863e+00 8.861870452483591620e+00 1.002401249855660836e+01 1.002401382025789012e+01 1.100077120870019520e+01 1.100077439368059906e+01 1.200450154847041340e+01 1.200450215732159442e+01 1.281426403664977975e+01 1.281426750601815989e+01 1.520380833654306230e+01 1.520381315536856803e+01 1.780069846808425282e+01 1.780069881899064299e+01 2.266099131534370059e+01 2.266099381724477624e+01
4.378289694332462845e-01 2.171521528984530769e-01 2.171521529087315772e-01 1.910582893893766343e+00 1.910582893894471113e+00 2.007873766822806161e+00 2.007873766824201933e+00 3.625268352586179077e+00 3.625268352586482390e+00 4.881453192423131249e+00 4.881453192423825804e+00 6.950095473743943764e+00 6.950095473744251962e+00 8.742480108319650611e+00 8.742480108319959697e+00 8.862185062032947869e+00 8.862185062033010041e+00 1.003496427901990096e+01 1.003496427901991517e+01 1.100157984190153293e+01 1.100157984190162530e+01 1.200293598378827475e+01 1.200293598378888760e+01 1.281136206630661434e+01 1.281136206630738350e+01 1.520482550054943260e+01 1.520482550054990512e+01 1.780045561177954383e+01 1.780045561177990621e+01 2.266775128943573137e+01 2.266775128943720219e+01
4.387522453076671547e-01 2.092241655451678173e-01 2.092472707564593248e-01 1.925005621736520123e+00 1.925009509601674607e+00 1.979239522085416647e+00 1.979251055755501643e+00 3.598235062254075078e+00 3.598235872134798008e+00 4.858852323599840872e+00 4.858853327365284969e+00 6.954415194038260140e+00 6.954417914421696878e+00 8.734106462096624668e+00 8.734107108018367427e+00 8.862506513890545889e+00 8.862520939068671666e+00 1.004584597085851172e+01 1.004584694602810302e+01 1.100241295852129397e+01 1.100241537640033407e+01 1.200111015515005342e+01 1.200111045364979745e+01 1.280861088798873304e+01 1.280861363344489057e+01 1.520584234560818260e+01 1.520584581215816122e+01 1.780021133563620950e+01 1.780021160822324688e+01 2.267453041048209528e+01 2.267453216151633555e+01
4.396755211820880249e-01 2.014556731608446172e-01 2.014856962587231459e-01 1.937646861637627005e+00 1.937649695339516143e+00 1.951253026442308691e+00 1.951266922378461999e+00 3.570472550934707723e+00 3.570473871265838817e+00 4.836704662170805413e+00 4.836706040227976011e+00 6.958720118524404086e+00 6.958724103520853355e+00 8.725848988253662952e+00 8.725849822026216174e+00 8.862834320779965580e+00 8.862852799108527080e+00 1.005665450731354404e+01 1.005665578377703717e+01 1.100327403328615539e+01 1.100327725275798940e+01 1.199902201478697350e+01 1.199902225096537123e+01 1.280601981993946481e+01 1.280602359978856342e+01 1.520686280035550375e+01 1.520686720536630965e+01 1.779996628602692610e+01 1.779996666220116097e+01 2.268132443127362308e+01 2.268132659281496188e+01
4.405987970565088951e-01 1.938471736214518182e-01 1.938691093782495267e-01 1.919422157022017128e+00 1.919435527919528539e+00 1.952920837923518560e+00 1.952924667238703282e+00 3.542045123224126346e+00 3.542046464038821174e+00 4.815033127378846700e+00 4.815034253411531573e+00 6.963006185317189178e+00 6.963009850367734010e+00 8.717710637951451957e+00 8.717711257973135730e+00 8.863167581761866032e+00 8.863180796029631381e+00 1.006738534375726246e+01 1.006738631148377117e+01 1.100416333339156516e+01 1.100416582391552289e+01 1.199667006853196938e+01 1.199667025600418135e+01 1.280359303348841138e+01 1.280359610617072619e+01 1.520788594357208723e+01 1.520788910401927119e+01 1.779972071105301978e+01 1.779972102245755750e+01 2.268812655250678745e+01 2.268812799895125920e+01
4.415220729309297654e-01 1.863957724051239495e-01 1.864048855407393623e-01 1.889675809241860627e+00 1.889682649145423055e+00 1.964822884916933576e+00 1.964824658656015632e+00 3.513029834665277296e+00 3.513030680414247708e+00 4.793856047624974082e+00 4.793856588093778903e+00 6.967269383741647282e+00 6.967271539986863438e+00 8.709693921134242345e+00 8.709694175614092870e+00 8.863505070501938476e+00 8.863509729050063513e+00 1.007803382024527927e+01 1.007803423340875426e+01 1.100508108666936202e+01 1.100508217393577404e+01 1.199405431375311437e+01 1.199405458383236578e+01 1.280133310919821632e+01 1.280133455243558771e+01 1.520891079920734335e+01 1.520891203527728130e+01 1.779947481767598916e+01 1.779947497125689893e+01 2.269492995532333524e+01 2.269493038269425256e+01
4.424453488053506356e-01 1.790996007391687239e-01 1.790996007520256339e-01 1.859280780442108094e+00 1.859280780443655079e+00 1.975993581740262073e+00 1.975993581740807636e+00 3.483517151820258118e+00 3.483517151820564539e+00 4.773187439369610097e+00 4.773187439370388141e+00 6.971505761581812344e+00 6.971505761582098337e+00 8.701801087670510526e+00 8.701801087670828494e+00 8.863845544438561319e+00 8.863845544438616386e+00 1.008859530077892153e+01 1.008859530077894462e+01 1.100602750026047261e+01 1.100602750026058096e+01 1.199117629763597392e+01 1.199117629763672355e+01 1.279924148513971538e+01 1.279924148514035842e+01 1.520993648574138035e+01 1.520993648574185109e+01 1.779922879699799765e+01 1.779922879699836002e+01 2.270172786072482651e+01 2.270172786072630444e+01
4.433686246797715058e-01 1.719494591498181846e-01 1.719649424762058343e-01 1.828426799644228939e+00 1.828431645721446897e+00 1.986139748232403024e+00 1.986140713799996016e+00 3.453610686172833955e+00 3.453611577921077203e+00 4.753037103971421651e+00 4.753037377233036764e+00 6.975709051191917531e+00 6.975711342537072035e+00 8.694034203771426661e+00 8.694034355048611218e+00 8.864188034495315449e+00 8.864191258861584544e+00 1.009906508981025119e+01 1.009906538294602463e+01 1.100700224210313571e+01 1.100700294530709478e+01 1.198803778797231168e+01 1.198803843533416824e+01 1.279731840007443111e+01 1.279731907260209134e+01 1.521096127782842622e+01 1.521096278550877123e+01 1.779898276361084086e+01 1.779898285555956505e+01 2.270851355183565445e+01 2.270851417422498386e+01
4.442919005541923760e-01 1.649523379786567434e-01 1.649927331526394592e-01 1.797161641871293014e+00 1.797170475834900083e+00 1.995115872315806449e+00 1.995118506794889779e+00 3.423430737133029922e+00 3.423432237075346052e+00 4.733411962195840594e+00 4.733412337878736942e+00 6.979877889566240334e+00 6.979881991382218764e+00 8.686395517711671843e+00 8.686395940928234083e+00 8.864532105428009956e+00 8.864544346913737272e+00 1.010943905452084124e+01 1.010943980832417921e+01 1.100800590827380887e+01 1.100800772544687511e+01 1.198464260287714289e+01 1.198464397152804750e+01 1.279556551837046108e+01 1.279556675048998748e+01 1.521198459201894870e+01 1.521198859130715597e+01 1.779873709592688158e+01 1.779873723362902993e+01 2.271528044636526289e+01 2.271528235775839377e+01
4.452151764286132463e-01 1.581139468699489237e-01 1.581728705923477196e-01 1.765506458631175501e+00 1.765518191147490423e+00 2.002785906535923921e+00 2.002790156207644667e+00 3.393111734336888397e+00 3.393113322038588731e+00 4.714314844058641540e+00 4.714315331849079804e+00 6.984008799566251646e+00 6.984013445101666662e+00 8.678887131782907716e+00 8.678887781634745835e+00 8.864877670369804008e+00 8.864897439972372339e+00 1.011971290553472436e+01 1.011971403075538234e+01 1.100903824397923003e+01 1.100904103044645588e+01 1.198099536949744071e+01 1.198099706590629054e+01 1.279398256729365890e+01 1.279398455134946921e+01 1.521300520330013306e+01 1.521301100810720541e+01 1.779849201247653312e+01 1.779849217844792264e+01 2.272202204143860982e+01 2.272202491227741561e+01
4.461384523030341165e-01 1.514423726718257812e-01 1.514920348247984772e-01 1.733477996256819642e+00 1.733487775257320340e+00 2.009008297478239502e+00 2.009012070027064834e+00 3.362803172383141082e+00 3.362804239594678002e+00 4.695745499302159232e+00 4.695745926144244464e+00 6.988098347601585658e+00 6.988101624406024115e+00 8.671511105179309453e+00 8.671511656120170386e+00 8.865224767134428419e+00 8.865241954930066726e+00 1.012988241508801934e+01 1.012988336430137792e+01 1.101009919293415251e+01 1.101010159501208463e+01 1.197710178055744734e+01 1.197710303495203377e+01 1.279256913912986882e+01 1.279257097123200104e+01 1.521402207430152842e+01 1.521402687922767250e+01 1.779824777036130357e+01 1.779824790614930663e+01 2.272873189621855516e+01 2.272873429706514159e+01
4.470617281774549867e-01 1.449424747062472152e-01 1.449424747214427822e-01 1.701088731624119221e+00 1.701088731625829853e+00 2.013631181257704572e+00 2.013631181258043412e+00 3.332669271128731125e+00 3.332669271129070854e+00 4.677700702395036991e+00 4.677700702395945598e+00 6.992143048183178777e+00 6.992143048183441678e+00 8.664269289539715757e+00 8.664269289540046159e+00 8.865573204054143730e+00 8.865573204054181033e+00 1.013994319011755962e+01 1.013994319011761647e+01 1.101118870973432706e+01 1.101118870973443720e+01 1.197296863533952838e+01 1.197296863534042011e+01 1.279132360532381796e+01 1.279132360532434731e+01 1.521503426208987442e+01 1.521503426209034515e+01 1.779800463601520022e+01 1.779800463601555194e+01 2.273540358932140037e+01 2.273540358932285343e+01
4.479850040518758569e-01 1.385292036655478287e-01 1.386110413589518864e-01 1.668329509795418941e+00 1.668345647765520301e+00 2.016484896406116611e+00 2.016491281757437193e+00 3.302886583151817934e+00 3.302887969755076369e+00 4.660173754280737768e+00 4.660174464965145980e+00 6.996135056622705406e+00 6.996139285680820663e+00 8.657162388788295360e+00 8.657163250721893633e+00 8.865894222799422408e+00 8.865922350797783125e+00 1.014988906991873208e+01 1.014989057076230416e+01 1.101230282050099696e+01 1.101230674268765952e+01 1.196860222136364982e+01 1.196860389760087173e+01 1.279023937246965126e+01 1.279024259892996795e+01 1.521603338028457486e+01 1.521604088509534591e+01 1.779776262788354657e+01 1.779776284832033539e+01 2.274202694291136950e+01 2.274203070122323922e+01
4.489082799262967272e-01 1.322716690811159557e-01 1.324352084889158787e-01 1.635218889646961937e+00 1.635250948875893506e+00 2.017402242707543536e+00 2.017414927533322633e+00 3.273646411840279491e+00 3.273649060319659299e+00 4.643157113858823237e+00 4.643158488478610124e+00 7.000075659660621952e+00 7.000083349936123689e+00 8.650192637820332209e+00 8.650194290428974142e+00 8.866215956069074977e+00 8.866271176050490865e+00 1.015971674948921866e+01 1.015971965332637161e+01 1.101344552128108667e+01 1.101345320896442637e+01 1.196401364807391055e+01 1.196401671154821322e+01 1.278931459013553962e+01 1.278932104272797332e+01 1.521702653828644891e+01 1.521704107705183695e+01 1.779752218202078140e+01 1.779752261300562921e+01 2.274859956516846538e+01 2.274860683278813056e+01
4.498315558007175419e-01 1.261975273480267778e-01 1.263959977349634889e-01 1.601766593394063909e+00 1.601805086135488443e+00 2.016205803528517748e+00 2.016220996174347579e+00 3.245148214630411587e+00 3.245151369153606691e+00 4.626641159586808882e+00 4.626642748055756371e+00 7.003963038279373166e+00 7.003971611478487347e+00 8.643361658816578696e+00 8.643363572666547867e+00 8.866552991651557747e+00 8.866618525827753672e+00 1.016942203018494162e+01 1.016942542761846902e+01 1.101461885125061535e+01 1.101462795091651614e+01 1.195921390207913149e+01 1.195921732654000635e+01 1.278854497433355775e+01 1.278855271939085902e+01 1.521801685964475759e+01 1.521803393920785119e+01 1.779728361163822115e+01 1.779728411865382398e+01 2.275511713971467387e+01 2.275512565583856528e+01
4.507548316751384121e-01 1.203297407615732256e-01 1.204765662093140177e-01 1.567983071056996858e+00 1.568011134934097939e+00 2.012714500157968267e+00 2.012725532317074961e+00 3.217596621362896592e+00 3.217598941959091352e+00 4.610614994560195079e+00 4.610616100004778950e+00 7.007794920529142324e+00 7.007800781676148283e+00 8.636670960910150185e+00 8.636672306997583703e+00 8.866916240569084451e+00 8.866963509967368040e+00 1.017900054682799826e+01 1.017900296283862538e+01 1.101582414547777944e+01 1.101583068502032781e+01 1.195421457489868899e+01 1.195421692286128490e+01 1.278792558418137837e+01 1.278793120540356654e+01 1.521900629051080855e+01 1.521901850940853507e+01 1.779704720231758941e+01 1.779704756329621063e+01 2.276157490000467121e+01 2.276158097479631692e+01
4.516781075495592823e-01 1.146721102222677396e-01 1.146721102411311088e-01 1.533878632026875799e+00 1.533878632028455202e+00 2.006747529965980270e+00 2.006747529966106836e+00 3.191196156947905038e+00 3.191196156948328699e+00 4.595066788425511639e+00 4.595066788426342086e+00 7.011568142626908973e+00 7.011568142627189637e+00 8.630121905916448455e+00 8.630121905916785963e+00 8.867305800580016495e+00 8.867305800580046693e+00 1.018844754602719860e+01 1.018844754602731406e+01 1.101706096058842199e+01 1.101706096058846640e+01 1.194902738698452538e+01 1.194902738698553435e+01 1.278745076899707023e+01 1.278745076899750899e+01 1.521999376060792741e+01 1.521999376060836795e+01 1.779681317760947934e+01 1.779681317760988080e+01 2.276796677122980128e+01 2.276796677123126145e+01
4.526013834239801525e-01 1.089966515069655667e-01 1.092005700355632436e-01 1.499424889352742207e+00 1.499462415992321995e+00 1.998115233131826152e+00 1.998129807068935948e+00 3.166141682789234135e+00 3.166144886514508539e+00 4.579982762983251909e+00 4.579984086150658662e+00 7.015271619473081977e+00 7.015278642796755726e+00 8.623714036613021605e+00 8.623715714262447207e+00 8.867645678147200172e+00 8.867707737919904076e+00 1.019775469360219411e+01 1.019775777711783604e+01 1.101831814431909073e+01 1.101832664355539748e+01 1.194366112496446242e+01 1.194366397578114025e+01 1.278710678721393990e+01 1.278711418184164117e+01 1.522095862950927803e+01 1.522097446916579599e+01 1.779658123189975072e+01 1.779658168907516824e+01 2.277427720947845913e+01 2.277428503450000008e+01
4.535246592984010228e-01 1.034821818652148367e-01 1.038664134495551894e-01 1.464672684070644548e+00 1.464741828592988071e+00 1.986672383119578056e+00 1.986699010809862997e+00 3.142621325297784374e+00 3.142627299765843762e+00 4.565351800320331499e+00 4.565354091114066648e+00 7.018909617974230741e+00 7.018921944132143764e+00 8.617450529341370569e+00 8.617453516135489267e+00 8.867983776429673171e+00 8.868097243616219316e+00 1.020692001443754293e+01 1.020692557393965672e+01 1.101960143850876683e+01 1.101961688041043885e+01 1.193813099969732328e+01 1.193813606748441103e+01 1.278689541074305680e+01 1.278690889420556509e+01 1.522191206384195361e+01 1.522194087549204511e+01 1.779635202151998641e+01 1.779635283931895984e+01 2.278050659895508190e+01 2.278052078575008110e+01
4.544479351728218930e-01 9.816818037080293768e-02 9.861289865182963632e-02 1.429644778084600887e+00 1.429722886132400284e+00 1.972284075483945909e+00 1.972313847457218161e+00 3.120800106144029584e+00 3.120806891161328256e+00 4.551161506171897742e+00 4.551163928467028441e+00 7.022480649037784239e+00 7.022493948345576165e+00 8.611333168897507662e+00 8.611336430868080427e+00 8.868320623402698999e+00 8.868447919611929464e+00 1.021593897590579481e+01 1.021594512780154140e+01 1.102090992731543473e+01 1.102092712960127585e+01 1.193245042378586440e+01 1.193245599245283195e+01 1.278681253774666260e+01 1.278682759657538526e+01 1.522285306936869098e+01 1.522288524394032727e+01 1.779612583595232778e+01 1.779612673173141246e+01 2.278664932940571575e+01 2.278666512014313383e+01
4.553712110472427632e-01 9.308380652384790066e-02 9.340031414737572091e-02 1.394357309638518005e+00 1.394411470063376290e+00 1.954842136832005695e+00 1.954862528227220952e+00 3.100814320422589976e+00 3.100819010953816957e+00 4.537399322570733418e+00 4.537400889422297467e+00 7.025982869639083361e+00 7.025991696112805940e+00 8.605363454223109443e+00 8.605365642228699485e+00 8.868656182655826115e+00 8.868743910093186855e+00 1.022480667717615965e+01 1.022481086028001585e+01 1.102224263166006146e+01 1.102225439553391517e+01 1.192663355529120572e+01 1.192663734238352902e+01 1.278685250730937462e+01 1.278686282356101778e+01 1.522378073805301035e+01 1.522380281902809784e+01 1.779590292533277918e+01 1.779590352700069644e+01 2.279269980945323226e+01 2.279271061109999863e+01
4.562944869216636334e-01 8.822959468109710379e-02 8.822959470616525968e-02 1.358814982563779861e+00 1.358814982565924812e+00 1.934270027090507105e+00 1.934270027090700506e+00 3.082764656697161598e+00 3.082764656697736694e+00 4.524052651420512383e+00 4.524052651421549776e+00 7.029413735576829581e+00 7.029413735577072941e+00 8.599542436230334985e+00 8.599542436230674269e+00 8.868989614694529067e+00 8.868989614694550383e+00 1.023351773963905309e+01 1.023351773963918276e+01 1.102359854526985572e+01 1.102359854526996585e+01 1.192069547239529470e+01 1.192069547239642979e+01 1.278700712370254422e+01 1.278700712370287285e+01 1.522469424671992577e+01 1.522469424672039651e+01 1.779568348054032612e+01 1.779568348054067783e+01 2.279865243935876506e+01 2.279865243936020391e+01
4.572177627960845037e-01 8.315323302045832254e-02 8.356786157433283846e-02 1.322943566575226271e+00 1.323010617463496796e+00 1.910502664023153052e+00 1.910527132855034171e+00 3.066705918650546092e+00 3.066711528783270690e+00 4.511107466159748114e+00 4.511109138550233766e+00 7.032759893650743166e+00 7.032769947689300416e+00 8.593868182436409597e+00 8.593870721067540686e+00 8.869211906676971680e+00 8.869319388979869601e+00 1.024206138093542329e+01 1.024206637715298918e+01 1.102496246136081837e+01 1.102497662686979041e+01 1.191464756956905546e+01 1.191465218974863127e+01 1.278725311393281139e+01 1.278726556086627753e+01 1.522556597337706386e+01 1.522559282761137212e+01 1.779546694053916411e+01 1.779546763765442208e+01 2.280448858233064158e+01 2.280450163502328920e+01
4.581410386705053739e-01 7.826513659543293810e-02 7.902911032979535733e-02 1.286810097222750748e+00 1.286929997626396593e+00 1.883569069253957062e+00 1.883612002065400803e+00 3.052663730853477642e+00 3.052673447368494219e+00 4.498554308749354469e+00 4.498557073622921898e+00 7.036030503020057836e+00 7.036047772857053850e+00 8.588344263734930095e+00 8.588348661229257885e+00 8.869452381090921378e+00 8.869643722343235837e+00 1.025043783906466821e+01 1.025044662869617440e+01 1.102635075892171557e+01 1.102637573781766989e+01 1.190851214780401968e+01 1.190852044266099341e+01 1.278759340940744593e+01 1.278761536853293990e+01 1.522642807536175447e+01 1.522647572351180401e+01 1.779525430216085624e+01 1.779525550681761814e+01 2.281021881043806587e+01 2.281024189770770505e+01
4.590643145449262441e-01 7.366794329324749535e-02 7.453537071796799418e-02 1.250428618562732241e+00 1.250560646816226029e+00 1.853517484386031366e+00 1.853563771861318488e+00 3.040618356137501088e+00 3.040628620821550054e+00 4.486382986251844507e+00 4.486385793539886535e+00 7.039225388540985229e+00 7.039243665692892726e+00 8.582971982946190792e+00 8.582976675251080323e+00 8.869751338352527270e+00 8.869961167206716013e+00 1.025864312723982863e+01 1.025865265958752204e+01 1.102776741773319280e+01 1.102779453669139897e+01 1.190230804892373406e+01 1.190231728112827803e+01 1.278802047791179497e+01 1.278804432515650547e+01 1.522729005610445441e+01 1.522734214601089242e+01 1.779504593299735404e+01 1.779504721411180057e+01 2.281584274101115639e+01 2.281586790280031352e+01
4.599875904193471143e-01 6.942642449914879221e-02 7.003351247978562011e-02 1.213811652383067319e+00 1.213901223504473270e+00 1.820430301370546955e+00 1.820460987801868269e+00 3.030512638875340059e+00 3.030519261000850673e+00 4.474584210293801156e+00 4.474585962125732230e+00 7.042343045333284479e+00 7.042354967160392221e+00 8.577752486867259663e+00 8.577755572566127640e+00 8.870129286049644790e+00 8.870271094464495576e+00 1.026667262486660448e+01 1.026667900115537613e+01 1.102921322797759807e+01 1.102923136408881000e+01 1.189605325719183604e+01 1.189605962549488183e+01 1.278852650636739163e+01 1.278854245692046909e+01 1.522815615267596456e+01 1.522819125370164173e+01 1.779484209924783400e+01 1.779484293819183094e+01 2.282135766673789945e+01 2.282137457085180188e+01
4.609108662937679846e-01 6.552604755837020123e-02 6.552604759301887405e-02 1.176967516862520657e+00 1.176967516865051522e+00 1.784417333656687532e+00 1.784417333657073446e+00 3.022257572264336556e+00 3.022257572265035552e+00 4.463149643858477233e+00 4.463149643859599003e+00 7.045380381548663529e+00 7.045380381548870474e+00 8.572686743043647084e+00 8.572686743043997026e+00 8.870573849993268922e+00 8.870573849993283133e+00 1.027452062129364130e+01 1.027452062129380295e+01 1.103068416199397106e+01 1.103068416199407942e+01 1.188976397788831108e+01 1.188976397788954031e+01 1.278910336578326401e+01 1.278910336578351803e+01 1.522902215864915831e+01 1.522902215864962905e+01 1.779464292461076980e+01 1.779464292461112507e+01 2.282675709018863941e+01 2.282675709019007826e+01
4.618341421681887993e-01 6.108580346670113709e-02 6.185951858220800625e-02 1.139791962404670622e+00 1.139899057317456776e+00 1.745574433271879222e+00 1.745609308798358850e+00 3.015732299212660283e+00 3.015739304103613350e+00 4.452070173070781678e+00 4.452071934824318511e+00 7.048319980656259531e+00 7.048333167836308810e+00 8.567772112712257027e+00 8.567775582778567767e+00 8.870870499239490670e+00 8.871038887558848174e+00 1.028217279126656258e+01 1.028218023000739656e+01 1.103215046495133578e+01 1.103217152613126295e+01 1.188344642870026924e+01 1.188345441331744112e+01 1.278972419352074219e+01 1.278974271908260896e+01 1.522983395790938665e+01 1.522987541426750546e+01 1.779444746983553571e+01 1.779444840306420872e+01 2.283201088039880133e+01 2.283203072826425384e+01
4.627574180426096695e-01 5.684371788292939126e-02 5.825436254834627514e-02 1.102415905951974029e+00 1.102604764134484494e+00 1.704092633449450611e+00 1.704152505511248972e+00 3.010814980106838679e+00 3.010826511990070564e+00 4.441341903458525309e+00 4.441344747536149384e+00 7.051174652464109016e+00 7.051197029891583590e+00 8.563013856021454373e+00 8.563019794831507880e+00 8.871162253330446390e+00 8.871458305689388979e+00 1.028963080504841443e+01 1.028964378990368544e+01 1.103362747460471027e+01 1.103366407493960466e+01 1.187712296568650316e+01 1.187713746328295628e+01 1.279040405550080273e+01 1.279043625142038110e+01 1.523062577699939446e+01 1.523069848229843259e+01 1.779425688018457308e+01 1.779425846643150066e+01 2.283713151141267872e+01 2.283716622208709879e+01
4.636806939170305397e-01 5.294576260783501881e-02 5.453462274187769604e-02 1.064876797525956542e+00 1.065082253074332908e+00 1.660141256058149883e+00 1.660204635599195289e+00 3.007365508586342884e+00 3.007377197558015247e+00 4.430959966940461570e+00 4.430962798787735579e+00 7.053945142558285752e+00 7.053968576448678363e+00 8.558413957317830167e+00 8.558420231246973486e+00 8.871449813544229457e+00 8.871771018438892042e+00 1.029688967497753893e+01 1.029690367941368656e+01 1.103511219350544970e+01 1.103515143419895317e+01 1.187080994629446096e+01 1.187082622684067879e+01 1.279114142196106840e+01 1.279117594389736645e+01 1.523139680797930140e+01 1.523147550329950306e+01 1.779407142235769967e+01 1.779407308481651739e+01 2.284211461265928023e+01 2.284215208056862423e+01
4.646039697914514099e-01 4.948750053700498586e-02 5.059362198541030725e-02 1.027195037031710667e+00 1.027332958019858689e+00 1.613890001632752869e+00 1.613931398327329347e+00 3.005237006268282496e+00 3.005244324950623103e+00 4.420920155621193892e+00 4.420921896942371809e+00 7.056631035325536594e+00 7.056646184359799179e+00 8.553973787876104851e+00 8.553977880505200915e+00 8.871732913783569430e+00 8.871948028977525880e+00 1.030394394034264849e+01 1.030395327570681374e+01 1.103660156351641319e+01 1.103662752826072868e+01 1.186452450437909434e+01 1.186453580687192577e+01 1.279193144041038543e+01 1.279195428621958008e+01 1.523214632764222820e+01 1.523219891164264794e+01 1.779389128658614538e+01 1.779389236116381667e+01 2.284695581185794921e+01 2.284698078193564186e+01
4.655272456658722802e-01 4.645223342022788277e-02 4.645223346938881503e-02 9.893661377133259327e-01 9.893661377163572856e-01 1.565502900466130498e+00 1.565502900466739122e+00 3.004280192252741344e+00 3.004280192253428794e+00 4.411218974690090278e+00 4.411218974691268890e+00 7.059230098784620822e+00 7.059230098784819774e+00 8.549693876393558156e+00 8.549693876393911651e+00 8.872010261663156427e+00 8.872010261663156427e+00 1.031078767736098811e+01 1.031078767736117818e+01 1.103809254375036453e+01 1.103809254375048710e+01 1.185828467827733590e+01 1.185828467827864863e+01 1.279276434486298086e+01 1.279276434486317626e+01 1.523287368985331369e+01 1.523287368985379331e+01 1.779371657861944556e+01 1.779371657861979372e+01 2.285165073104799660e+01 2.285165073104942479e+01
4.664505215402931504e-01 4.228324844615525407e-02 4.368896331674706340e-02 9.512002324589933222e-01 9.513623904025630962e-01 1.515089384376217208e+00 1.515135492554595453e+00 3.004339775424827774e+00 3.004347388507459193e+00 4.401852100069145735e+00 4.401853830521059940e+00 7.061721791995159592e+00 7.061738326235964536e+00 8.545569437573760752e+00 8.545573990122832697e+00 8.872027982584588912e+00 8.872279910676988735e+00 1.031740383678259398e+01 1.031741471143092603e+01 1.103955240725187714e+01 1.103958208091256843e+01 1.185209491217552014e+01 1.185210916573926809e+01 1.279359966287857553e+01 1.279362578318193400e+01 1.523351697394094906e+01 1.523357829660192664e+01 1.779354617508182912e+01 1.779354734478494038e+01 2.285616606840799747e+01 2.285619504332321839e+01
4.673737974147140206e-01 3.838573988872005793e-02 4.095165489790088958e-02 9.128603164395698855e-01 9.131445381498088931e-01 1.462856273375078731e+00 1.462934977994519770e+00 3.005283386464510542e+00 3.005296131142784155e+00 4.392820449838106711e+00 4.392823256719827540e+00 7.064122837679442490e+00 7.064150766477943932e+00 8.541605761635675975e+00 8.541613529250474457e+00 8.872099127376380068e+00 8.872539911314644812e+00 1.032379993219725023e+01 1.032381894511429010e+01 1.104101568254858989e+01 1.104106696761702366e+01 1.184599089874636491e+01 1.184601677949412668e+01 1.279445403969414663e+01 1.279449919425636573e+01 1.523415247882143575e+01 1.523425956051480767e+01 1.779338164874653572e+01 1.779338362038702925e+01 2.286053409149905846e+01 2.286058456783324999e+01
4.682970732891348908e-01 3.509258293752805929e-02 3.798604703482109241e-02 8.743718199226576671e-01 8.746796653361630369e-01 1.408959173832904366e+00 1.409042230914337557e+00 3.006978839171874807e+00 3.006992204651993461e+00 4.384124235553561455e+00 4.384127067698368130e+00 7.066433766396094107e+00 7.066462918083117550e+00 8.537803916888908162e+00 8.537812109905599911e+00 8.872312409575751957e+00 8.872788968638994689e+00 1.032997410077119937e+01 1.032999466712513481e+01 1.104248886246853978e+01 1.104254363613184964e+01 1.183999679176382891e+01 1.184002581705277812e+01 1.279532129161344223e+01 1.279536952826327756e+01 1.523480131767566803e+01 1.523491687426799501e+01 1.779322342823826730e+01 1.779322548155785100e+01 2.286476101815337358e+01 2.286481536427333339e+01
4.692203491635557611e-01 3.261252649922187496e-02 3.462688195355351911e-02 8.357525180599900683e-01 8.359586366958825510e-01 1.353539912611180007e+00 1.353594123940208505e+00 3.009303060351701919e+00 3.009311852658791864e+00 4.375764585139991780e+00 4.375766366409234998e+00 7.068653381091289489e+00 7.068672189382742665e+00 8.534164776978665046e+00 8.534170120895511857e+00 8.872708360101649205e+00 8.873026830539263443e+00 1.033592295252438475e+01 1.033593671927535418e+01 1.104397181033967890e+01 1.104400797317351568e+01 1.183413349804302506e+01 1.183415360378080727e+01 1.279619510222545919e+01 1.279622695454122194e+01 1.523547251202711372e+01 1.523554959868581271e+01 1.779307175688433773e+01 1.779307307867978949e+01 2.286884761544215650e+01 2.286888378825422308e+01
4.701436250379766313e-01 3.087547274298815814e-02 3.087547281609901925e-02 7.970062020152448579e-01 7.970062020190277208e-01 1.296724718264452569e+00 1.296724718265281906e+00 3.012142934756429025e+00 3.012142934757092050e+00 4.367743399597451059e+00 4.367743399598671417e+00 7.070778818640498287e+00 7.070778818640681251e+00 8.530689025806285741e+00 8.530689025806648118e+00 8.873254246257227251e+00 8.873254246257232580e+00 1.034164046298249851e+01 1.034164046298272233e+01 1.104545524504003140e+01 1.104545524504014509e+01 1.182841639717346105e+01 1.182841639717486082e+01 1.279706903262417406e+01 1.279706903262431794e+01 1.523615707320641555e+01 1.523615707320688628e+01 1.779292663686203824e+01 1.779292663686238640e+01 2.287278648571259865e+01 2.287278648571403039e+01
4.710669009123975015e-01 2.694727692941198058e-02 2.950839788724479024e-02 7.578790861739805873e-01 7.581214225144334851e-01 1.238564458454033401e+00 1.238625161825944287e+00 3.015384871346376894e+00 3.015395261144880212e+00 4.360061317213681953e+00 4.360063222022736440e+00 7.072785785606856557e+00 7.072806324090922914e+00 8.527371258831902168e+00 8.527377229784267598e+00 8.873472518362735428e+00 8.873845418415605479e+00 1.034710157426475163e+01 1.034711779972689172e+01 1.104688018406496752e+01 1.104692154158374429e+01 1.182282968318264871e+01 1.182285490063669720e+01 1.279790026000580738e+01 1.279793669162581082e+01 1.523673864328734950e+01 1.523682861189667115e+01 1.779278642288718970e+01 1.779278785924977768e+01 2.287652033042449062e+01 2.287656236924326691e+01
4.719901767868183717e-01 2.328154553935902343e-02 2.798282190658921142e-02 7.186510928921117092e-01 7.190767966022438840e-01 1.179237344657283915e+00 1.179341579765603054e+00 3.018947374397483951e+00 3.018965964956325188e+00 4.352723922719794913e+00 4.352727166040091689e+00 7.074697603548639968e+00 7.074732399749941614e+00 8.524219707913820443e+00 8.524229944962696592e+00 8.873682843055794578e+00 8.874336622736480606e+00 1.035231576717933244e+01 1.035234434968677419e+01 1.104827721985796529e+01 1.104834891820317466e+01 1.181740872191060099e+01 1.181745439545893284e+01 1.279872884357695106e+01 1.279879199665712619e+01 1.523729369295701019e+01 1.523745119256481750e+01 1.779265269264390525e+01 1.779265511791411569e+01 2.288008233249830781e+01 2.288015578088224800e+01
4.729134526612392420e-01 2.046279808429962710e-02 2.581739380774682180e-02 6.793887717003425086e-01 6.798514640059386549e-01 1.118856900359931572e+00 1.118967801187882527e+00 3.022748233890238279e+00 3.022768961531185905e+00 4.345735487384682294e+00 4.345738939031948966e+00 7.076518328309483685e+00 7.076554838554590887e+00 8.521236940834695517e+00 8.521247812266990351e+00 8.873885719188621124e+00 8.874595100615906063e+00 1.035727857052768108e+01 1.035730975913498675e+01 1.104964077174326675e+01 1.104971773516723133e+01 1.181216908757034467e+01 1.181222021200977323e+01 1.279956163934793167e+01 1.279962941679881538e+01 1.523782166951125028e+01 1.523799232053643671e+01 1.779252564149019733e+01 1.779252817439641632e+01 2.288346955728897569e+01 2.288354899196257008e+01
4.738367285356600567e-01 1.894001541016085421e-02 2.271381307055402726e-02 6.401257542126748135e-01 6.404370091490232397e-01 1.057522403125531474e+00 1.057595548499644433e+00 3.026710756085618570e+00 3.026725125358258328e+00 4.339100659056435383e+00 4.339102952594401152e+00 7.078249475207294417e+00 7.078273215074775138e+00 8.518424446467541600e+00 8.518431601244893514e+00 8.874080670112773461e+00 8.874557233795883349e+00 1.036198525310207508e+01 1.036200634022892864e+01 1.105096548507026277e+01 1.105101666482096157e+01 1.180712694767260906e+01 1.180716232581646885e+01 1.280039904047183441e+01 1.280044409754886559e+01 1.523832209140387839e+01 1.523843657946358299e+01 1.779240537826165180e+01 1.779240701492964050e+01 2.288667908858738897e+01 2.288673228957004468e+01
4.747600044100809269e-01 1.860786964395290399e-02 1.860786976152261490e-02 6.008465086796058729e-01 6.008465086847124548e-01 9.953170598750014086e-01 9.953170598759816246e-01 3.030761671467006479e+00 3.030761671467676166e+00 4.332824451772686380e+00 4.332824451773962693e+00 7.079888651331475380e+00 7.079888651331655680e+00 8.515782186441041901e+00 8.515782186441423818e+00 8.874266382551150301e+00 8.874266382551162735e+00 1.036643092454208492e+01 1.036643092454233717e+01 1.105224631293663506e+01 1.105224631293674875e+01 1.180229894052270545e+01 1.180229894052415318e+01 1.280123181876553495e+01 1.280123181876565397e+01 1.523879453776945603e+01 1.523879453776990900e+01 1.779229193292283639e+01 1.779229193292320943e+01 2.288970805016577970e+01 2.288970805016720433e+01
4.756832802845017971e-01 1.367847535089473932e-02 1.875677656659406958e-02 5.611169803760405195e-01 5.614882419164196614e-01 9.322251017976365128e-01 9.323093464511916784e-01 3.034811993567364752e+00 3.034830289626561761e+00 4.326909554256336499e+00 4.326912275550022891e+00 7.081402985127726701e+00 7.081429539830796926e+00 8.513300468941652710e+00 8.513308666848077522e+00 8.873873858751267107e+00 8.874441186358632550e+00 1.037058529507605442e+01 1.037061076349921507e+01 1.105341860216565664e+01 1.105347841167830225e+01 1.179765721261626332e+01 1.179770168715631051e+01 1.280198880997367006e+01 1.280204140820338488e+01 1.523910267351275394e+01 1.523923862547325925e+01 1.779218349318976067e+01 1.779218529349878963e+01 2.289249069107442836e+01 2.289255367454867951e+01
4.766065561589226673e-01 8.402137460606405941e-03 1.851252917440697476e-02 5.213027316751732698e-01 5.219622818134692643e-01 8.684102977000307533e-01 8.685575940967353858e-01 3.038815768317268518e+00 3.038849317211247403e+00 4.321365106252762267e+00 4.321369958281951362e+00 7.082817713000143733e+00 7.082863454189237018e+00 8.510987277127647133e+00 8.511001568221065128e+00 8.873597000960302239e+00 8.874603657638521881e+00 1.037447473828812861e+01 1.037452027501356433e+01 1.105455165826298902e+01 1.105465690552059854e+01 1.179327023880203384e+01 1.179335113292389003e+01 1.280271150794669666e+01 1.280280399068166730e+01 1.523941302456863411e+01 1.523965398408828875e+01 1.779208238318143742e+01 1.779208545611799508e+01 2.289510191084952240e+01 2.289521338835797337e+01
4.775298320333435376e-01 4.244621859602373294e-03 1.718691429469167142e-02 4.814592921963904981e-01 4.821872431949545401e-01 8.039564899982921675e-01 8.041165642813701275e-01 3.042719029694675115e+00 3.042757152493405837e+00 4.316198332415277505e+00 4.316203719100484726e+00 7.084133159942950897e+00 7.084182120804690008e+00 8.508843287949130030e+00 8.508858768974906894e+00 8.873644175909463527e+00 8.874753085442202760e+00 1.037810492891700953e+01 1.037815547441015518e+01 1.105566159334222220e+01 1.105577664323100784e+01 1.178917079094352971e+01 1.178926198258580804e+01 1.280339636286083937e+01 1.280349735665340383e+01 1.523977507534984177e+01 1.524004023915173356e+01 1.779198920503176495e+01 1.779199246708585491e+01 2.289756236469352757e+01 2.289768487805229569e+01
4.784531079077644078e-01 5.492200844717261450e-03 1.430439878681089537e-02 4.416217118002103148e-01 4.421216588742067910e-01 7.389357027093472752e-01 7.390439539749111830e-01 3.046473970127720587e+00 3.046500830826193162e+00 4.311416346322848092e+00 4.311420070935790605e+00 7.085348213740682688e+00 7.085380816494065037e+00 8.506869000551471771e+00 8.506879432986048428e+00 8.874130431768316285e+00 8.874889614080876399e+00 1.038147807202100203e+01 1.038151293419132948e+01 1.105675387295546308e+01 1.105683208254980876e+01 1.178538366175166630e+01 1.178544744131482425e+01 1.280403977276574956e+01 1.280410834344704440e+01 1.524021563894320153e+01 1.524039700974841338e+01 1.779190428167433780e+01 1.779190643936023264e+01 2.289988241891024146e+01 2.289996611010113980e+01
4.793763837821852780e-01 9.261811540749464305e-03 9.261811784669822176e-03 4.017860832021263318e-01 4.017860832097741031e-01 6.734049296346870106e-01 6.734049296362016879e-01 3.050038389314512433e+00 3.050038389315123499e+00 4.307025655935380115e+00 4.307025655936668862e+00 7.086460703271033168e+00 7.086460703271217021e+00 8.505064770771939564e+00 8.505064770772319704e+00 8.875014023124698781e+00 8.875014023124705886e+00 1.038458969314125824e+01 1.038458969314153180e+01 1.105781738469805475e+01 1.105781738469817022e+01 1.178191932930946528e+01 1.178191932931097341e+01 1.280463816573453073e+01 1.280463816573462843e+01 1.524072392008356758e+01 1.524072392008402232e+01 1.779182753682305318e+01 1.779182753682342621e+01 2.290205530066947048e+01 2.290205530067089157e+01
4.802996596566061482e-01 -5.539285110933484316e-03 1.221197837491979493e-02 3.612701161104253655e-01 3.619049120745586046e-01 6.072735810870263373e-01 6.074067666015565692e-01 3.053339467067195834e+00 3.053374898966807915e+00 4.303027042743985398e+00 4.303031824794242510e+00 7.087429351172611192e+00 7.087468213023407237e+00 8.503418159987978342e+00 8.503430887215614575e+00 8.875127266198248321e+00 8.876080090259437227e+00 1.038738308440905733e+01 1.038742744846719823e+01 1.105872670287340043e+01 1.105882366396230765e+01 1.177868846818697968e+01 1.177877156950792248e+01 1.280510341806843755e+01 1.280518818356141431e+01 1.524102061896142679e+01 1.524124790663841011e+01 1.779175593435452640e+01 1.779175848379934521e+01 2.290395085192649915e+01 2.290405547985514190e+01
4.812229355310270185e-01 -1.053044110478969057e-02 1.355860405624709220e-02 3.207223576855525726e-01 3.219011506031742020e-01 5.407309054644525714e-01 5.409743630921263202e-01 3.056383503000838164e+00 3.056450115697250336e+00 4.299430528447807376e+00 4.299439426241847606e+00 7.088299032588914805e+00 7.088368943764633556e+00 8.501944509028493968e+00 8.501967651136146387e+00 8.875229986867006815e+00 8.876983919616220575e+00 1.038989056770056152e+01 1.038997275276355303e+01 1.105955455376192731e+01 1.105973213207800931e+01 1.177576512053886404e+01 1.177592055997907394e+01 1.280553187334824550e+01 1.280568687935178751e+01 1.524128679837752642e+01 1.524170491682552431e+01 1.779169177317624673e+01 1.779169634008718504e+01 2.290565128540107764e+01 2.290584356025388146e+01
4.821462114054478887e-01 -1.144822413977689655e-02 1.292508823876243468e-02 2.803199513546295041e-01 2.816945310802555502e-01 4.738592740038923834e-01 4.741389218560712604e-01 3.059155750906844329e+00 3.059234084684242738e+00 4.296241983338941139e+00 4.296252344653897381e+00 7.089083179026824943e+00 7.089162235664709044e+00 8.500649002208390925e+00 8.500675423370349648e+00 8.875322224764373047e+00 8.877346426422587200e+00 1.039210964035523688e+01 1.039220506026917512e+01 1.106029612024140718e+01 1.106050018393864676e+01 1.177315925147053299e+01 1.177334120061900968e+01 1.280595397531155832e+01 1.280613184063696508e+01 1.524152220364929278e+01 1.524200446644330853e+01 1.779163513243847206e+01 1.779164026307496371e+01 2.290715520194528665e+01 2.290737678541172428e+01
4.830694872798687589e-01 -9.384027303680892579e-03 9.901447228974324596e-03 2.402155376010646770e-01 2.412263046540069622e-01 4.067338275709643791e-01 4.069366442941619866e-01 3.061642167106784385e+00 3.061700074859151854e+00 4.293466756190570166e+00 4.293474338228334020e+00 7.089792057100846812e+00 7.089848552960646089e+00 8.499535586317666258e+00 8.499554620624826029e+00 8.875403424875187852e+00 8.876875208143930607e+00 1.039403786056336720e+01 1.039410763209530764e+01 1.106094736959421532e+01 1.106109523034661102e+01 1.177088047542581606e+01 1.177101440306970304e+01 1.280639247818541371e+01 1.280652118832009023e+01 1.524172663181902543e+01 1.524207708405205786e+01 1.779158602853905791e+01 1.779158965668438697e+01 2.290846128380290025e+01 2.290862220399437987e+01
4.839927631542896291e-01 -1.518386001277203428e-03 -1.518384516836473151e-03 2.004708783555110285e-01 2.004708783709292230e-01 3.394126669119824080e-01 3.394126669151926734e-01 3.063824722530633871e+00 3.063824722531233391e+00 4.291109632313712119e+00 4.291109632315035505e+00 7.090428989731225151e+00 7.090428989731381471e+00 8.498605668558022685e+00 8.498605668558383286e+00 8.875472717687769020e+00 8.875472717687779678e+00 1.039567296353864201e+01 1.039567296353892800e+01 1.106150496592605492e+01 1.106150496592617039e+01 1.176893770664930905e+01 1.176893770665082428e+01 1.280685346139583380e+01 1.280685346139590841e+01 1.524189992043373998e+01 1.524189992043421071e+01 1.779154443934840302e+01 1.779154443934876184e+01 2.290956833415478400e+01 2.290956833415619798e+01
4.849160390287104438e-01 -9.997602021839241751e-03 9.436881579306615961e-03 1.594299113334446683e-01 1.610050000326830877e-01 2.716213314768369247e-01 2.719297192534130825e-01 3.065588353174582004e+00 3.065678681877788136e+00 4.289163251439144453e+00 4.289174817788681260e+00 7.090904568288974197e+00 7.090988301477042732e+00 8.497828937228177892e+00 8.497857457525553215e+00 8.873293895002818843e+00 8.875529316389473067e+00 1.039690598119247156e+01 1.039701301166959979e+01 1.106174248523167769e+01 1.106196605843252989e+01 1.176713138828591632e+01 1.176733867228511876e+01 1.280712745007520503e+01 1.280732169273347409e+01 1.524151021233564940e+01 1.524204193281398467e+01 1.779150514470474675e+01 1.779151033961102613e+01 2.291023131312275751e+01 2.291047533271511583e+01
4.858393149031313141e-01 -1.267969401338925328e-02 1.211434473904266819e-02 1.180993298961872245e-01 1.215901901852452227e-01 2.036227940765528988e-01 2.042946227701239181e-01 3.066975251585158269e+00 3.067172885700077511e+00 4.287640887146078050e+00 4.287665917814274863e+00 7.091275674491282821e+00 7.091455735653768855e+00 8.497224689216706039e+00 8.497286202411538980e+00 8.870729840988262893e+00 8.875572834290432311e+00 1.039782370183229254e+01 1.039805650929155512e+01 1.106184430244175054e+01 1.106232808574019444e+01 1.176563747289480766e+01 1.176608950587737112e+01 1.280734206061372404e+01 1.280776212664131464e+01 1.524100111567915583e+01 1.524215254690453314e+01 1.779147279205778887e+01 1.779148373054468379e+01 2.291065306243091371e+01 2.291118148005186939e+01
4.867625907775521843e-01 -1.277735601126023419e-02 1.207096913080707781e-02 7.632396669694510583e-02 8.189755207494991973e-02 1.354712117122428283e-01 1.365002481411838609e-01 3.067973705549179364e+00 3.068273200005471768e+00 4.286548304407486576e+00 4.286585886073014606e+00 7.091541886218177382e+00 7.091811480291643655e+00 8.496793062795932272e+00 8.496885320745501957e+00 8.868317527196218464e+00 8.875603377570902452e+00 1.039845111907504460e+01 1.039880243458846287e+01 1.106186142353532631e+01 1.106258872136566396e+01 1.176451136120523167e+01 1.176519458949531582e+01 1.280749627428634518e+01 1.280812754212224114e+01 1.524050006387164657e+01 1.524223165256426427e+01 1.779144858627388004e+01 1.779146465058698112e+01 2.291089148146875587e+01 2.291168621062832500e+01
4.876858666519730545e-01 -1.034090525486918918e-02 9.245604639130227190e-03 3.243679820850609019e-02 4.151794570463031298e-02 6.713666514158261878e-02 6.852811734275365829e-02 3.068575785161872016e+00 3.068948284644712921e+00 4.285890489183383778e+00 4.285936941262795230e+00 7.091702249053880358e+00 7.092035191127356697e+00 8.496534095903204076e+00 8.496648127157431674e+00 8.866599996997429400e+00 8.875621386646873390e+00 1.039881433609643580e+01 1.039925018333192952e+01 1.106184577233610078e+01 1.106274600411895115e+01 1.176380833528275183e+01 1.176465668264938458e+01 1.280758921231380398e+01 1.280837041928435660e+01 1.524013560411053980e+01 1.524227915781780851e+01 1.779143359307351702e+01 1.779145316283259248e+01 2.291100528012963977e+01 2.291198917091748655e+01
4.886091425263939247e-01 -2.201231329762449659e-02 -8.571265606921868452e-03 -4.058074627910161422e-03 -3.874493005537205933e-06 -2.206930938697744863e-06 -1.442205881030190778e-06 3.068776965848464933e+00 3.069175982529221525e+00 4.285670819527778619e+00 4.285720468929635985e+00 7.091755830766663493e+00 7.092111642021738049e+00 8.496447777164929605e+00 8.496569670421076026e+00 8.865978324931470311e+00 8.875627325023950576e+00 1.039893298198662563e+01 1.039939946114570901e+01 1.106183583058375675e+01 1.106279859184778580e+01 1.176356902192460829e+01 1.176447723333618889e+01 1.280762026485822425e+01 1.280845567996419199e+01 1.524000251103186265e+01 1.524229500030231854e+01 1.779142851490590616e+01 1.779144932568402382e+01 2.291103788586673318e+01 2.291209017636753842e+01
