0.000000000000000000e+00 -2.161224286258732474e-02 -8.612408512394684190e-03 -3.439963015365446204e-03 -6.913670076954622496e-07 -2.707161015954833486e-07 -2.379012627979908031e-07 3.057896350082589532e+00 3.058260365608940212e+00 4.273081307173690391e+00 4.273331633066304924e+00 7.107049703066118163e+00 7.107538646572379548e+00 8.487077498237820095e+00 8.487266400603507677e+00 8.831581406041193461e+00 8.841102131239415129e+00 1.039883274282059133e+01 1.039936650027318521e+01 1.105137795736239603e+01 1.105232634139974834e+01 1.175051506162541237e+01 1.175186703886380002e+01 1.280334444387623805e+01 1.280415870925024535e+01 1.524562730088849527e+01 1.524777972186254971e+01 1.781048889689767378e+01 1.781061071778641747e+01 2.292234566202771617e+01 2.292342626544482798e+01
1.519769838211115992e-03 -9.811191477588111776e-03 -4.007887893758432622e-03 5.916957942869317810e-02 6.099415336428305745e-02 9.415912893566402708e-02 1.007448469726926199e-01 3.058103478323699331e+00 3.058466050273135561e+00 4.273461446777881534e+00 4.273710773393596618e+00 7.107106189298050936e+00 7.107594022980121551e+00 8.487346449439526097e+00 8.487540528992427724e+00 8.831290273205858909e+00 8.840780963170260520e+00 1.039874494307137454e+01 1.039927699854872500e+01 1.105138248914784427e+01 1.105232939342789322e+01 1.175061188030104375e+01 1.175195946594022800e+01 1.280339567102160991e+01 1.280420776058472576e+01 1.524550308560714917e+01 1.524764984619241837e+01 1.781032853738247468e+01 1.781045007640349809e+01 2.292243565381709658e+01 2.292351358098457936e+01
3.039539676422231985e-03 -1.097027692471714763e-02 7.368626163660863156e-03 1.208704217994132218e-01 1.219786864603089743e-01 1.927556453932181835e-01 1.988133064260393101e-01 3.058724907005200944e+00 3.059083175184794001e+00 4.274601749373205806e+00 4.274848100091454661e+00 7.107275164340682849e+00 7.107759664161393154e+00 8.488152956520250925e+00 8.488362491911528807e+00 8.830418360224525642e+00 8.839819280654403144e+00 1.039848214219320965e+01 1.039900912058152649e+01 1.105139570572433172e+01 1.105233815870998448e+01 1.175090256387527887e+01 1.175223704095593114e+01 1.280354894948560052e+01 1.280435453548627400e+01 1.524513041170157202e+01 1.524726025609188262e+01 1.780984721125322068e+01 1.780996790788148587e+01 2.292270549998409734e+01 2.292377542569069959e+01
4.559309514633348194e-03 -1.085204830398384460e-02 1.208237328629273820e-02 1.820074805247981764e-01 1.829082737798290448e-01 2.908215652524360761e-01 2.967115279845277120e-01 3.059760772170020182e+00 3.060111956746196071e+00 4.276501868003724560e+00 4.276743331520393099e+00 7.107555182113656222e+00 7.108034112104246738e+00 8.489495924100992852e+00 8.489730969518237913e+00 8.828970174228738088e+00 8.838222593394155169e+00 1.039804613000626965e+01 1.039856474198915492e+01 1.105141647607135980e+01 1.105235147146759012e+01 1.175138779210719520e+01 1.175270064099860967e+01 1.280380307134766049e+01 1.280459789731217057e+01 1.524450919698210960e+01 1.524661106330362337e+01 1.780904417742941348e+01 1.780916348071476918e+01 2.292315481350161832e+01 2.292421149404566805e+01
6.079079352844464837e-03 -8.437100652143437671e-03 1.667920453765864980e-02 2.429658935622533711e-01 2.437741972979578231e-01 3.886195528206570216e-01 3.943753307104261863e-01 3.061211314567692909e+00 3.061552767904121897e+00 4.279161230013610151e+00 4.279396002286369516e+00 7.107943848673594189e+00 7.108414956984447919e+00 8.491373336446509157e+00 8.491643580744172581e+00 8.826953399847928594e+00 8.836000237340865482e+00 1.039743987196610142e+01 1.039794696886816183e+01 1.105144293285759005e+01 1.105236741070830853e+01 1.175206868832649576e+01 1.175335171368532272e+01 1.280415602671576814e+01 1.280493595386179528e+01 1.524363931109532189e+01 1.524570245744015473e+01 1.780791820633761446e+01 1.780803558110170925e+01 2.292378295123934606e+01 2.292482127759167909e+01
7.598849191055581480e-03 6.580323656145267361e-03 2.178175952521344688e-02 3.038103764473267243e-01 3.045642826068167830e-01 4.861357112140806680e-01 4.917483764103854904e-01 3.063076901084384573e+00 3.063406157011540287e+00 4.282579045284602870e+00 4.282805469119364439e+00 7.108437846240445168e+00 7.108898866826357299e+00 8.493781957386543624e+00 8.494096595726652765e+00 8.824379173600169324e+00 8.833165620133719642e+00 1.039666748297029386e+01 1.039716010814094282e+01 1.105147249889367522e+01 1.105238333275522322e+01 1.175294680505702161e+01 1.175419225601772055e+01 1.280460500865375728e+01 1.280536606066270267e+01 1.524252058539619448e+01 1.524453471103772451e+01 1.780646758822859610e+01 1.780658252098651317e+01 2.292458901681024130e+01 2.292560406602998313e+01
9.118619029266696388e-03 1.600206804677146294e-02 2.764750545167671963e-02 3.645505115846480182e-01 3.652648195796936448e-01 5.833185667607797553e-01 5.887694949793690347e-01 3.065358055591909547e+00 3.065672875147658072e+00 4.286754317431924477e+00 4.286970918845429246e+00 7.109032966303197476e+00 7.109481627800383841e+00 8.496716878236311388e+00 8.497084500299219911e+00 8.821262500502044190e+00 8.829736598207192699e+00 1.039573419103490259e+01 1.039620962653027370e+01 1.105150192394608055e+01 1.105239591595050008e+01 1.175402410394881159e+01 1.175522478507953039e+01 1.280514642000921022e+01 1.280588482553310570e+01 1.524115282662656412e+01 1.524310818661499844e+01 1.780469014477369782e+01 1.780480214927890614e+01 2.292557186450503437e+01 2.292655894874437550e+01
1.063838886747781390e-02 2.457058555401111372e-02 3.440648444169933790e-02 4.251804833348254986e-01 4.258610900979981073e-01 6.801068995968352349e-01 6.853751593840322620e-01 3.068055500112244260e+00 3.068353912855631194e+00 4.291685857624955247e+00 4.291891378193056106e+00 7.109724151249504409e+00 7.110158194011537702e+00 8.500170876847304768e+00 8.500599374891763205e+00 8.817622850089117392e+00 8.825736023915560224e+00 1.039464629118659289e+01 1.039510209864296186e+01 1.105152733165524559e+01 1.105240121673611142e+01 1.175530293008935168e+01 1.175645230087993376e+01 1.280577588207690631e+01 1.280648811438799939e+01 1.523953583425876701e+01 1.524142334571845758e+01 1.780258324389253488e+01 1.780269186621195487e+01 2.292673010426499403e+01 2.292768481673413561e+01
1.215815870568892967e-02 3.359749119182021265e-02 4.212396643368676585e-02 4.856889091855370322e-01 4.863377631035525894e-01 7.764359124587617567e-01 7.815006812996554419e-01 3.071170207525181439e+00 3.071450547600546699e+00 4.297372300607256612e+00 4.297565725097991951e+00 7.110505543780161197e+00 7.110922745413242652e+00 8.504133532905930437e+00 8.504630031677050894e+00 8.813484987128486381e+00 8.821192519682950817e+00 1.039341109001325236e+01 1.039384514477143462e+01 1.105154427618322899e+01 1.105239473613732493e+01 1.175678598080105886e+01 1.175787824173832163e+01 1.280648824501999705e+01 1.280717105825221047e+01 1.523766942132513158e+01 1.523948075992903739e+01 1.780014381775101029e+01 1.780024864078756153e+01 2.292806210762980612e+01 2.292898036493729919e+01
1.367792854390004545e-02 4.335300655427407057e-02 5.082928042623829218e-02 5.460620264349800301e-01 5.466791454268993267e-01 8.722391066815610161e-01 8.770807034278451653e-01 3.074703467442534421e+00 3.074964403652097111e+00 4.303812122405612506e+00 4.303992701090571416e+00 7.111370543180289161e+00 7.111768752324236331e+00 8.508590019712555019e+00 8.509160828079242123e+00 8.808880117257791298e+00 8.816141562012628441e+00 1.039203684141148010e+01 1.039244735914195772e+01 1.105154780807682258e+01 1.105237149552624665e+01 1.175847626907835952e+01 1.175950643269965390e+01 1.280727759996449677e+01 1.280792806144579465e+01 1.523555343851791477e+01 1.523728112379665767e+01 1.779736838385539244e+01 1.779746903124755875e+01 2.292956601458596566e+01 2.293044409492228297e+01
1.519769838211116296e-02 5.393759634673768455e-02 6.053142693761155713e-02 6.062849258071841829e-01 6.068693339856632285e-01 9.674489621073940615e-01 9.720493920205508509e-01 3.078656967355276830e+00 3.078897526575929966e+00 4.311003659139247546e+00 4.311170924259890569e+00 7.112311867331988502e+00 7.112689044936205462e+00 8.513519457989824346e+00 8.514170038703046117e+00 8.803847462499296839e+00 8.810626994333290440e+00 1.039053267416194437e+01 1.039091822944884846e+01 1.105153254867519408e+01 1.105232612041984552e+01 1.176037708187445396e+01 1.176134102756427424e+01 1.280813729268018974e+01 1.280875281091310747e+01 1.523318780130895611e+01 1.523482526965904427e+01 1.779425306915510774e+01 1.779434920849697122e+01 2.293123974122955389e+01 2.293207431792284368e+01
1.671746822032227700e-02 6.539516770506859089e-02 7.122776509577834203e-02 6.663420950960119438e-01 6.668923098367954827e-01 1.061997199162810990e+00 1.066340490693123311e+00 3.083032891761970262e+00 3.083252475102241874e+00 4.318945126279072788e+00 4.319098902185890765e+00 7.113321619176513622e+00 7.113675886177656338e+00 8.518892669408453244e+00 8.519627617516471574e+00 8.798436429449713714e+00 8.804703137950170344e+00 1.038890851205382049e+01 1.038926804861520381e+01 1.105149277222562887e+01 1.105225293096871653e+01 1.176249193351421241e+01 1.176338644521016796e+01 1.280905993876561411e+01 1.280963828667916360e+01 1.523057251980562654e+01 1.523211418429020902e+01 1.779079363705378469e+01 1.779088498239404004e+01 2.293308098814758722e+01 2.293386915818907923e+01
1.823723805853339278e-02 7.774436382356202102e-02 8.290884293846204067e-02 7.262176845780694556e-01 7.267319992219746227e-01 1.155814865173280248e+00 1.159887299764274404e+00 3.087834042747029883e+00 3.088032433858351133e+00 4.327634637668504425e+00 4.327775044101522361e+00 7.114391356169583958e+00 7.114721046346134337e+00 8.524669103637641854e+00 8.525492114096243412e+00 8.792709596786703941e+00 8.798437738429136346e+00 1.038717498736498435e+01 1.038750781981028659e+01 1.105142249470327975e+01 1.105214603771408832e+01 1.176482451458499590e+01 1.176564730097696021e+01 1.281003744026496349e+01 1.281057677343451218e+01 1.522770773102820563e+01 1.522914902731159437e+01 1.778698551721611310e+01 1.778707183081067456e+01 2.293508724941341015e+01 2.293582655662558878e+01
1.975700789674451202e-02 9.099038434159094357e-02 9.556108711835975544e-02 7.858956484478859528e-01 7.863723160448263805e-01 1.248832330859650952e+00 1.252622606899577606e+00 3.093063986448858493e+00 3.093241351343347656e+00 4.337070223616112941e+00 4.337197671381627373e+00 7.115512161119771584e+00 7.115815878046284126e+00 8.530792633779576306e+00 8.531706421625864678e+00 8.786746827608398647e+00 8.791916070865141819e+00 1.038534334858520225e+01 1.038564915583173232e+01 1.105131556817097938e+01 1.105199944113052624e+01 1.176737863673669438e+01 1.176812833396511238e+01 1.281106100366191036e+01 1.281155987327349166e+01 1.522459373326353749e+01 1.522593115128513652e+01 1.778282383804526745e+01 1.778290493135491346e+01 2.293725582208451641e+01 2.293794427468744956e+01
2.127677773495562780e-02 1.051303755427215325e-01 1.091683157264752152e-01 8.453598264746349233e-01 8.457971941269988303e-01 1.340979228930739175e+00 1.344478578109242095e+00 3.098727231109373648e+00 3.098884108633873424e+00 4.347249847411361223e+00 4.347365025247111880e+00 7.116674712637544253e+00 7.116951390189870885e+00 8.537185834630861336e+00 8.538191941989198952e+00 8.780650892439432198e+00 8.785246619810413549e+00 1.038342536334329402e+01 1.038370417402686385e+01 1.105116577936984612e+01 1.105180713342817889e+01 1.177015817390498498e+01 1.177083433117876687e+01 1.281212115921870165e+01 1.281257851964012140e+01 1.522123102212030332e+01 1.522246212339486071e+01 1.777830346169417197e+01 1.777837919563598845e+01 2.293958381608446473e+01 2.294021989850463683e+01
2.279654757316674010e-02 1.201562315677742049e-01 1.237126063352239763e-01 9.045939946893408745e-01 9.049906144079050696e-01 1.432184344861780367e+00 1.435386609790026080e+00 3.104829444013990525e+00 3.104966725700227581e+00 4.358171419676366121e+00 4.358275270344424968e+00 7.117869353218222450e+00 7.118118320163587143e+00 8.543742323954571560e+00 8.544840700862529559e+00 8.774555022867836840e+00 8.778568802029603546e+00 1.038143321756483672e+01 1.038168538798100293e+01 1.105096695110807303e+01 1.105156320106254419e+01 1.177316700055106757e+01 1.177377004950088590e+01 1.281320778165859231e+01 1.281362299257100190e+01 1.521762032787968266e+01 1.521874374861191193e+01 1.777341902146195096e+01 1.777348930594144960e+01 2.294206816434608598e+01 2.294265084320831960e+01
2.431631741137785935e-02 1.360562011606681609e-01 1.391748098240690457e-01 9.635818983617776556e-01 9.639366308719828913e-01 1.522375459421359434e+00 1.525277137391551241e+00 3.111377716714263109e+00 3.111496613967296376e+00 4.369832809950660923e+00 4.369926492713574362e+00 7.119086152668876899e+00 7.119307203806777729e+00 8.550316886616238676e+00 8.551505062999670059e+00 8.768632675952519051e+00 8.772063082899222763e+00 1.037937941194208413e+01 1.037960559724307608e+01 1.105071304491895567e+01 1.105126192639280980e+01 1.177640892758325641e+01 1.177694013653140637e+01 1.281431011222430705e+01 1.281468293536504355e+01 1.521376265369939595e+01 1.521477809423258165e+01 1.776816496141536206e+01 1.776822975418516393e+01 2.294470563308681221e+01 2.294523435743593609e+01
2.583608724958897512e-02 1.528158850853276185e-01 1.555348681752648232e-01 1.022307272487481544e+00 1.022619399022850928e+00 1.611479136101254817e+00 1.614079392317467443e+00 3.118380890558035023e+00 3.118482886018460576e+00 4.382231854576177810e+00 4.382316690830204031e+00 7.120314964085643794e+00 7.120508443644477659e+00 8.556713705170876594e+00 8.557985290981390492e+00 8.763109185615499896e+00 8.765963244136891319e+00 1.037727665684065492e+01 1.037747777639057212e+01 1.105039826339414866e+01 1.105089788694426112e+01 1.177988763668553851e+01 1.178034905133940313e+01 1.281541678218402147e+01 1.281574737285609622e+01 1.520965931418136030e+01 1.521056751568538701e+01 1.776253557806357009e+01 1.776259488297598566e+01 2.294749283208076207e+01 2.294796752800150230e+01
2.735585708780008743e-02 1.704188973989999578e-01 1.727720225870166271e-01 1.080753849121446120e+00 1.081023212571184722e+00 1.699420441481759525e+00 1.701721094861831762e+00 3.125849957728464190e+00 3.125936736388192916e+00 4.395366358971608989e+00 4.395443759243377713e+00 7.121545468884429297e+00 7.121712376883614581e+00 8.562674628571988578e+00 8.564016853549111019e+00 8.758273368905246770e+00 8.760568897684532175e+00 1.037513776679466382e+01 1.037531496475989634e+01 1.105001715056785194e+01 1.105046605076906374e+01 1.178360661381905672e+01 1.178400098617495217e+01 1.281651583789618698e+01 1.281680473151789101e+01 1.520531197373936294e+01 1.520611468353601836e+01 1.775652506390202134e+01 1.775657892864891707e+01 2.295042622477951610e+01 2.295084728473318236e+01
2.887562692601120667e-02 1.888473288980632991e-01 1.908649592958442665e-01 1.138905343361745981e+00 1.139132559379300469e+00 1.786122581426851763e+00 1.788128066854486775e+00 3.133798556494286291e+00 3.133871911750811812e+00 4.409234090669725603e+00 4.409305465924081346e+00 7.122767207079880869e+00 7.122909345400807446e+00 8.567872693087378977e+00 8.569262914041038570e+00 8.754483872246966669e+00 8.756252816268162320e+00 1.037297555574960128e+01 1.037313015818692463e+01 1.104956468873353614e+01 1.104996186646487644e+01 1.178756908268050196e+01 1.178789979015531664e+01 1.281759476757971861e+01 1.281784286169542675e+01 1.520072268407515281e+01 1.520142261170954256e+01 1.775012755262698150e+01 1.775017606609586451e+01 2.295350213810785434e+01 2.295387040551346303e+01
3.039539676422232245e-02 2.080820872594161541e-01 2.097919193572532481e-01 1.196745395223900443e+00 1.196932221038890853e+00 1.871506430043277103e+00 1.873223743054053925e+00 3.142243582694889792e+00 3.142305295300200640e+00 4.423832757895454826e+00 4.423899425949562314e+00 7.123969592337399348e+00 7.124089767065465040e+00 8.571920897865693334e+00 8.573322788624903268e+00 8.752160253820239433e+00 8.753452292357135178e+00 1.037080273419444332e+01 1.037093620412266937e+01 1.104903639011770089e+01 1.104938134650329573e+01 1.179177793888791292e+01 1.179204889588402594e+01 1.281864052995146253e+01 1.281884906234517274e+01 1.519589391981634563e+01 1.519649468716388974e+01 1.774333716580459352e+01 1.774338045523421314e+01 2.295671677170014746e+01 2.295703352162503919e+01
3.191516660243343823e-02 2.281031558230426637e-01 2.295307872148263650e-01 1.254257415300129352e+00 1.254407469071360026e+00 1.955489920781377622e+00 1.956928555400031078e+00 3.151205942273119565e+00 3.151257639318671977e+00 4.439159968902117726e+00 4.439223073672198261e+00 7.125141929837591981e+00 7.125244189693887620e+00 8.574408990591740221e+00 8.575770616732095064e+00 8.751746043899165883e+00 8.752630285636945118e+00 1.036863180927170802e+01 1.036874570152016162e+01 1.104842838191521004e+01 1.104872114264105321e+01 1.179623568560777258e+01 1.179645124989147220e+01 1.281963958484719690e+01 1.281981010882002181e+01 1.519082861082307545e+01 1.519133470176112688e+01 1.773614806075103445e+01 1.773618628896111815e+01 2.296006620619667515e+01 2.296033312366460777e+01
3.343493644064455400e-02 2.488897949563076417e-01 2.500591670775022535e-01 1.311424259570499462e+00 1.311544432782718150e+00 2.037987258513506372e+00 2.039159160242201008e+00 3.160711473021146745e+00 3.160754490735142141e+00 4.455213170918992382e+00 4.455273631920437793e+00 7.126273509844533116e+00 7.126363254547345427e+00 8.574973008431850729e+00 8.576230120534495072e+00 8.753639031830264372e+00 8.754200487909223227e+00 1.036647498884582319e+01 1.036657090695166517e+01 1.104773748330477368e+01 1.104797861233373801e+01 1.180094437120067674e+01 1.180110924773833148e+01 1.282057792569170473e+01 1.282071228459243883e+01 1.518553016837822867e+01 1.518594688833911199e+01 1.772855447933715212e+01 1.772858784247259933e+01 2.296354640982891482e+01 2.296376556868901275e+01
3.495470627885566978e-02 2.704206984580190265e-01 2.713544542443633856e-01 1.368227940995607517e+00 1.368330431211235432e+00 2.118907893828379407e+00 2.119827480207463921e+00 3.170792070724634204e+00 3.170827363143034372e+00 4.471989572367588650e+00 4.472048072103889105e+00 7.127353901942840686e+00 7.127437444670075450e+00 8.573377860080098500e+00 8.574464034198944873e+00 8.758108476886086180e+00 8.758437741165263191e+00 1.036434409029897630e+01 1.036442364855913389e+01 1.104696127320879917e+01 1.104715187524398168e+01 1.180590552909852420e+01 1.180602467474943040e+01 1.282144111264470965e+01 1.282154141895548349e+01 1.518000249913534105e+01 1.518033596629591031e+01 1.772055079734781202e+01 1.772057952389565827e+01 2.296715324137857550e+01 2.296732709041694065e+01
3.647447611706678555e-02 2.926741065883733395e-01 2.933939116857403606e-01 1.424650880215958315e+00 1.424752766651967262e+00 2.198155159797407610e+00 2.198839557641845133e+00 3.181487065568476158e+00 3.181515213344463522e+00 4.489486054013239524e+00 4.489543057336558007e+00 7.128373373871466967e+00 7.128456694829135465e+00 8.569569581549439263e+00 8.570429914902188528e+00 8.765242549337008526e+00 8.765422157361886235e+00 1.036225045438162873e+01 1.036231524979592322e+01 1.104609814772947374e+01 1.104623985913178252e+01 1.181112011873245926e+01 1.181119865445376504e+01 1.282221430031133202e+01 1.282228293778156925e+01 1.517424999110114214e+01 1.517450721156809657e+01 1.771213157385968628e+01 1.771215592633886260e+01 2.297088244371292376e+01 2.297101381820898780e+01
3.799424595527790133e-02 3.156278556183089723e-01 3.161547793523026284e-01 1.480678992978565756e+00 1.480795681739772718e+00 2.275624323434425555e+00 2.276094353779358315e+00 3.192844892037517646e+00 3.192866293400606015e+00 4.507699072569232968e+00 4.507754863244471721e+00 7.129322945821789936e+00 7.129410353265865474e+00 8.563665015127899238e+00 8.564267441736014064e+00 8.774957951320715210e+00 8.775052134310573848e+00 1.036020486340012958e+01 1.036025646585685323e+01 1.104514736635399075e+01 1.104524233465380334e+01 1.181658845716920858e+01 1.181663161564416242e+01 1.282288222020437907e+01 1.282292196821940244e+01 1.516827742506937327e+01 1.516846659672003383e+01 1.770329159974531308e+01 1.770331188181468463e+01 2.297472960593274038e+01 2.297482182673087081e+01
3.951401579348901710e-02 3.392592602586292361e-01 3.396145245314193817e-01 1.536300963897753391e+00 1.536441129897664348e+00 2.351198983073141235e+00 2.351483452400502383e+00 3.204925017139386600e+00 3.204940523267386432e+00 4.526624556476255279e+00 4.526679275506242384e+00 7.130193935069812028e+00 7.130287641802022236e+00 8.555888853623820012e+00 8.556234220833916382e+00 8.787059623869900804e+00 8.787111400521578020e+00 1.035821746026095092e+01 1.035825743833731671e+01 1.104410908593237117e+01 1.104415993911090155e+01 1.182230996225567665e+01 1.182232345747491742e+01 1.282342857902384914e+01 1.282344403742133920e+01 1.516208965705995659e+01 1.516222115470502452e+01 1.769402594365233128e+01 1.769404251824036223e+01 2.297868998186692480e+01 2.297874732852665502e+01
4.103378563170013288e-02 3.635442136289505077e-01 3.637518516698214355e-01 1.591505123623012219e+00 1.591671941325470296e+00 2.424738908753107491e+00 2.424898497586731594e+00 3.217799907040603369e+00 3.217812676241781578e+00 4.546257791121458780e+00 4.546311466431463444e+00 7.130977537407753530e+00 7.131078069523089091e+00 8.546476340774669112e+00 8.546657717467763149e+00 8.801309941107325230e+00 8.801344776216332377e+00 1.035629765717408901e+01 1.035632768124815861e+01 1.104298437049793336e+01 1.104299420055050795e+01 1.182827130015981432e+01 1.182828531956078599e+01 1.282382739791036919e+01 1.282384384138573807e+01 1.515569061461056499e+01 1.515578002255366741e+01 1.768432999242551773e+01 1.768434332210167526e+01 2.298275732608088617e+01 2.298278784831452626e+01
4.255355546991124865e-02 3.884500477993444445e-01 3.885539307777760576e-01 1.646278867753098618e+00 1.646472445274488106e+00 2.496063467157878968e+00 2.496242254744676536e+00 3.231558474642439727e+00 3.231574901902371177e+00 4.566593290496490987e+00 4.566645854182325159e+00 7.131664716726372255e+00 7.131771530584636309e+00 8.535604921596473105e+00 8.535901830363307852e+00 8.817478095420121065e+00 8.817510137763100886e+00 1.035445400473111555e+01 1.035447612946387075e+01 1.104174745074225683e+01 1.104177528831735167e+01 1.183447593712455514e+01 1.183450995673952910e+01 1.282406628207335508e+01 1.282410209582630323e+01 1.514908214732118097e+01 1.514915562368681989e+01 1.767419948249785122e+01 1.767421020980608048e+01 2.298691916878264863e+01 2.298694695761856721e+01
4.407332530812235749e-02 4.139158178534055876e-01 4.140361830880146532e-01 1.700609174401878310e+00 1.700827990632436837e+00 2.565046579456834674e+00 2.565327607129610499e+00 3.246312189819738236e+00 3.246337140860267922e+00 4.587624653526375162e+00 4.587675948292765149e+00 7.132246250625142281e+00 7.132358240303965147e+00 8.523607746701998167e+00 8.524105561871980541e+00 8.835365076460545808e+00 8.835400825408273207e+00 1.035269400743835710e+01 1.035271126517909401e+01 1.104042302634452888e+01 1.104048469717145053e+01 1.184093292397912478e+01 1.184098288907110685e+01 1.282413901444511950e+01 1.282419307679131570e+01 1.514227119195172300e+01 1.514235652765613693e+01 1.766363053290590557e+01 1.766363959662379557e+01 2.299117214986001301e+01 2.299121894952179801e+01
4.559309514633347327e-02 4.399448874221567607e-01 4.401497473812394090e-01 1.754482980976886486e+00 1.754724603040068942e+00 2.631552502650976066e+00 2.631935904367304513e+00 3.262196227748609179e+00 3.262232343898365361e+00 4.609344405171905912e+00 4.609394184794957994e+00 7.132712792590226947e+00 7.132828651112387064e+00 8.510730793663002558e+00 8.511415052735088693e+00 8.854809407206484906e+00 8.854850299960887128e+00 1.035102428085266979e+01 1.035104092875065085e+01 1.103902499619320920e+01 1.103911648063860085e+01 1.184763873624723907e+01 1.184770050300722843e+01 1.282403021536924470e+01 1.282410011044761688e+01 1.513527443728569999e+01 1.513538280121867174e+01 1.765261974957875069e+01 1.765262839312764953e+01 2.299552142949140432e+01 2.299558943613311968e+01
4.711286498454458904e-02 4.665489276262769214e-01 4.668375162869480843e-01 1.807887367829094316e+00 1.808148829515517919e+00 2.695390237029994474e+00 2.695858349000232579e+00 3.279370654962772580e+00 3.279420000635040022e+00 4.631743824397852372e+00 4.631791754014599860e+00 7.133054913672852493e+00 7.133173387565006962e+00 8.497140883543153222e+00 8.497982681963371476e+00 8.875683314978926930e+00 8.875728392900660069e+00 1.034945155717751497e+01 1.034947130847341157e+01 1.103755828024668872e+01 1.103767537089663620e+01 1.185458876672836581e+01 1.185465850531356402e+01 1.282372395368308915e+01 1.282380712812700985e+01 1.512810653136974359e+01 1.512823780728449030e+01 1.764116444284105256e+01 1.764117388675726517e+01 2.299996446480199808e+01 2.300005157935053290e+01
4.863263482275570482e-02 4.937103747212245874e-01 4.940716985085695234e-01 1.860809645102407872e+00 1.861087672757887779e+00 2.756339464640440440e+00 2.756870218841566800e+00 3.298021061127147213e+00 3.298085858639562051e+00 4.654812762931975101e+00 4.654858424167886533e+00 7.133263127193249176e+00 7.133383198970885353e+00 8.482969123102138909e+00 8.483936590402331390e+00 8.897886514589485429e+00 8.897934084969367774e+00 1.034798249761285760e+01 1.034800715230837831e+01 1.103602856862183224e+01 1.103616695096141598e+01 1.186177746506225006e+01 1.186185173341092991e+01 1.282320433179407004e+01 1.282329826551548813e+01 1.512077902407299135e+01 1.512092925798734555e+01 1.762926269536166046e+01 1.762927377085534175e+01 2.300449688883356103e+01 2.300460021872267191e+01
5.015240466096682059e-02 5.214073208606807563e-01 5.218289338421449042e-01 1.913237394888907650e+00 1.913528561390485772e+00 2.814160139440859076e+00 2.814730079114735162e+00 3.318354621845582386e+00 3.318437562793364215e+00 4.678539460246325277e+00 4.678582364361193235e+00 7.133327906639300942e+00 7.133448921473306115e+00 8.468321636880656200e+00 8.469382993274912508e+00 8.921339849426502155e+00 8.921388339463865336e+00 1.034662269939662238e+01 1.034665281487384547e+01 1.103444227353387852e+01 1.103459760515541532e+01 1.186919833243056921e+01 1.186927411191437365e+01 1.282245564100634105e+01 1.282255791121535893e+01 1.511330274315792899e+01 1.511346682294242783e+01 1.761691322683176608e+01 1.761692637448181742e+01 2.300911394882752603e+01 2.300923043949418201e+01
5.167217449917793637e-02 5.496171062992419865e-01 5.500866940263077209e-01 1.965158490656516044e+00 1.965459332420764538e+00 2.868604875368170770e+00 2.869190480189097503e+00 3.340588935412057037e+00 3.340693217993638164e+00 4.702910361300721043e+00 4.702949971409923435e+00 7.133239705244432294e+00 7.133361442968175758e+00 8.453285958467706251e+00 8.454410834446640877e+00 8.945979753766764020e+00 8.946028106556907389e+00 1.034537672261071961e+01 1.034541231585899190e+01 1.103280647200925557e+01 1.103297446174775231e+01 1.187684390453757821e+01 1.187691861995471143e+01 1.282146248670515654e+01 1.282157080655304959e+01 1.510568865851827347e+01 1.510586123737262909e+01 1.760411535976076891e+01 1.760413078822642774e+01 2.301381072889836332e+01 2.301393735585655165e+01
5.319194433738905214e-02 5.783168708056171115e-01 5.788227130916474561e-01 2.016561102807885142e+00 2.016868215189993041e+00 2.919440415965290025e+00 2.920019210879241989e+00 3.364931066683470195e+00 3.365060074986456318e+00 4.727909944307609358e+00 4.727945705891857919e+00 7.132988982487347585e+00 7.133111667334160799e+00 8.437935669395821847e+00 8.439095820355190014e+00 8.971753816033089635e+00 8.971801594200030650e+00 1.034424835141856214e+01 1.034428919646784450e+01 1.103112884169810748e+01 1.103130532740422787e+01 1.188470573061337099e+01 1.188477725909614335e+01 1.282020991717117120e+01 1.282032216431962368e+01 1.509794813253573231e+01 1.509812401158951900e+01 1.759086908507045877e+01 1.759088688696385816e+01 2.301858220489884488e+01 2.301871606171275175e+01
5.471171417560016098e-02 6.074836777639405216e-01 6.080148352460189587e-01 2.067433693761751012e+00 2.067743811443318869e+00 2.966479318206376448e+00 2.967031097591831035e+00 3.391546214464247644e+00 3.391702785595953618e+00 4.753520566141800074e+00 4.753551943814260383e+00 7.132566238272361581e+00 7.132690478757359287e+00 8.422333824171781558e+00 8.423503559186698908e+00 8.998617356808367163e+00 8.998664629211981847e+00 1.034324076318273100e+01 1.034328650184193066e+01 1.102941759085250872e+01 1.102959861445672729e+01 1.189277434850436954e+01 1.189284101920411096e+01 1.281868356235507456e+01 1.281879780153848003e+01 1.509009298942774357e+01 1.509026730852011156e+01 1.757717513290593914e+01 1.757719534378077242e+01 2.302342326450628818e+01 2.302356161604544127e+01
5.623148401381127676e-02 6.370945426782375076e-01 6.376409501523229162e-01 2.117765003572679383e+00 2.118075068430184782e+00 3.009617758767946238e+00 3.010125885525611000e+00 3.420520180499812657e+00 3.420705590017802056e+00 4.779722333012306201e+00 4.779748851033961188e+00 7.131962050079671656e+00 7.132088712214443404e+00 8.406535471665545600e+00 8.407691919324170371e+00 9.026530812885917854e+00 9.026577894176217143e+00 1.034235665570489360e+01 1.034240684083640893e+01 1.102768138342907278e+01 1.102786326217772661e+01 1.190103925471369450e+01 1.190109984070919147e+01 1.281686978466252036e+01 1.281698428558757286e+01 1.508213552277105052e+01 1.508230386980305404e+01 1.756303502913962689e+01 1.756305765426911236e+01 2.302832871758601030e+01 2.302846903795776612e+01
5.775125385202239253e-02 6.671264321614999160e-01 6.676789511178472525e-01 2.167544025989354584e+00 2.167851242960774361e+00 3.048869131147679212e+00 3.049321634667033099e+00 3.451825974559963317e+00 3.452038986236217522e+00 4.806493003454017199e+00 4.806514288123360679e+00 7.131167104558582714e+00 7.131297139802167173e+00 8.390589506799580377e+00 8.391712775617694575e+00 9.055457707385732746e+00 9.055504858196739448e+00 1.034159837117642411e+01 1.034165248652564095e+01 1.102592926022594888e+01 1.102610865332872159e+01 1.190948886791269246e+01 1.190954257196532673e+01 1.281475584281185043e+01 1.281486909393102280e+01 1.507408847626003912e+01 1.507424695527379299e+01 1.754845114163086350e+01 1.754847616681930234e+01 2.303329330324067215e+01 2.303343330510756459e+01
5.927102369023350831e-02 6.975562514405169168e-01 6.981066997762046533e-01 2.216759974273478040e+00 2.217061854824721401e+00 3.084380015450435497e+00 3.084770128561371116e+00 3.485307972124531695e+00 3.485544372382048728e+00 4.833807928796540310e+00 4.833823754368092196e+00 7.130172216521644124e+00 7.130306480919498036e+00 8.374540029642577821e+00 8.375613294310896961e+00 9.085363036819684268e+00 9.085410242423362703e+00 1.034096803199660997e+01 1.034102550475167881e+01 1.102417055690718684e+01 1.102434452731609049e+01 1.191811048424820818e+01 1.191815692052295184e+01 1.281233006952357734e+01 1.281244078794465402e+01 1.506596500937725835e+01 1.506611028423339782e+01 1.753342672017971182e+01 1.753345411469856785e+01 2.303831169556342928e+01 2.303844935364801927e+01
6.079079352844462408e-02 7.283608266556135247e-01 7.289019925596769145e-01 2.265402235750911597e+00 2.265696628214189712e+00 3.116419741497886697e+00 3.116745669090415394e+00 3.520692408953502550e+00 3.520945273492054994e+00 4.861640028236974054e+00 4.861650385719115341e+00 7.128968335212957363e+00 7.129107437198751285e+00 8.358427342687718919e+00 8.359436876129510807e+00 9.116211976896423153e+00 9.116258866868545141e+00 1.034046769505830632e+01 1.034052790729283799e+01 1.102241481969553583e+01 1.102258089134400976e+01 1.192689022258700859e+01 1.192692939726128643e+01 1.280958206367857777e+01 1.280968920135501499e+01 1.505777865220740175e+01 1.505790797455272667e+01 1.751796593209756381e+01 1.751799564774484352e+01 2.304337850882406613e+01 2.304351207907387789e+01
6.231056336665573986e-02 7.595168846903893600e-01 7.600425277485760578e-01 2.313460313811490643e+00 2.313745419913846746e+00 3.145346029274008526e+00 3.145610052536147005e+00 3.557621734139816194e+00 3.557882344972649769e+00 4.889959731123280307e+00 4.889965083162289616e+00 7.127546545001666622e+00 7.127690745606057199e+00 8.342288681049257804e+00 8.343223847995394848e+00 9.147968849008412562e+00 9.148014748512100169e+00 1.034009952848644964e+01 1.034016182980235321e+01 1.102067171944473500e+01 1.102082793099386038e+01 1.193581295775136475e+01 1.193584525236219740e+01 1.280650289751625159e+01 1.280660564377100563e+01 1.504954325063992293e+01 1.504965447888305974e+01 1.750207389423137627e+01 1.750210586262349466e+01 2.304848830237332180e+01 2.304861633781462515e+01
6.383033320486684870e-02 7.910010319968101555e-01 7.915058730557980038e-01 2.360923755840999672e+00 2.361198133070732563e+00 3.171559287529052362e+00 3.171766553066432515e+00 3.595700242909154021e+00 3.595959322263846403e+00 4.918734108886378742e+00 4.918737554371566567e+00 7.125898070071146506e+00 7.126047240510990477e+00 8.326158743245892779e+00 8.327011970829499177e+00 9.180596292845988771e+00 9.180640365411084858e+00 1.033986601430411056e+01 1.033992973645237612e+01 1.101895096478601666e+01 1.101909592163345408e+01 1.194486224047228617e+01 1.194488840140571817e+01 1.280308533939705029e+01 1.280318311970388123e+01 1.504127290082741730e+01 1.504136451986744838e+01 1.748575670180075647e+01 1.748579083110193011e+01 2.305363558537981561e+01 2.305375694957779942e+01
6.535010304307796447e-02 8.227897333502878219e-01 8.232694341154438433e-01 2.407782065327161547e+00 2.408044615357439966e+00 3.195460139587916082e+00 3.195617515602549030e+00 3.634536417802300523e+00 3.634785320075806681e+00 4.947928314042281173e+00 4.947935152085020327e+00 7.124014290013548134e+00 7.124167917977193731e+00 8.310070070185235025e+00 8.310836813994187722e+00 9.214054586740632047e+00 9.214096040070320015e+00 1.033977018087269784e+01 1.033983465452062767e+01 1.101726221523311722e+01 1.101739514182040303e+01 1.195402020678659127e+01 1.195404133586623452e+01 1.279932409260827342e+01 1.279941656334998790e+01 1.503298186622033761e+01 1.503305303204917998e+01 1.746902145420777330e+01 1.746905762603046952e+01 2.305881482146511630e+01 2.305892870048630172e+01
6.686987288128908025e-02 8.548592911943611039e-01 8.553104243611853175e-01 2.454024596104515510e+00 2.454274540276977667e+00 3.217419241940260299e+00 3.217534501697146609e+00 3.673772904025359942e+00 3.674004554992390759e+00 4.977509002089314905e+00 4.977519829408936225e+00 7.121886768941787516e+00 7.122043999599029007e+00 8.294053305038321611e+00 8.294732035107054813e+00 9.248301061805465295e+00 9.248339414825750282e+00 1.033981586983610157e+01 1.033988044344501489e+01 1.101561499590326854e+01 1.101573578903515660e+01 1.196326749217347718e+01 1.196328499976931248e+01 1.279521605062786271e+01 1.279530308925055238e+01 1.502468444722648044e+01 1.502473514170487157e+01 1.745187627789569262e+01 1.745191434483271209e+01 2.306402043334957952e+01 2.306412634699536213e+01
6.838964271950019602e-02 8.871858260650129502e-01 8.876058367777268643e-01 2.499640426388185510e+00 2.499877270204406088e+00 3.237761175339036068e+00 3.237842648188994588e+00 3.713102318050387929e+00 3.713311867564877744e+00 5.007439327136243179e+00 5.007453612394117570e+00 7.119507297627820641e+00 7.119666996071049248e+00 8.278137355704277667e+00 8.278729595796745500e+00 9.283289570950216785e+00 9.283324992754085514e+00 1.034000804360905335e+01 1.034007210435854240e+01 1.101401861764377621e+01 1.101412789588712293e+01 1.197258317708124054e+01 1.197259860305366708e+01 1.279076056914167658e+01 1.279084225874902536e+01 1.501639463574670685e+01 1.501642635388156144e+01 1.743433034629992662e+01 1.743437013037400263e+01 2.306924680781216708e+01 2.306934462036914013e+01
6.990941255771131180e-02 9.197452584487726401e-01 9.201324179439351880e-01 2.544618209891571947e+00 2.544841699471276364e+00 3.256759523825018210e+00 3.256816317154677343e+00 3.752271746687874554e+00 3.752457013121192730e+00 5.037680555460926080e+00 5.037697532379279863e+00 7.116867946858902449e+00 7.117028771728242553e+00 8.262349475269683552e+00 8.262859936619223689e+00 9.318970016937672796e+00 9.319003684075147120e+00 1.034035314120901994e+01 1.034041613793043446e+01 1.101248211081063744e+01 1.101258124041586761e+01 1.198194473150125461e+01 1.198195940145551930e+01 1.278595975486849134e+01 1.278603636195867033e+01 1.500812447737191846e+01 1.500814402562624039e+01 1.741639389692398154e+01 1.741643518911955368e+01 2.307448830170933363e+01 2.307457823104100214e+01
7.142918239592242757e-02 9.525132923113647232e-01 9.528666446961754355e-01 2.588946000931613867e+00 2.589156075317917693e+00 3.274639101562212051e+00 3.274681655418713699e+00 3.791080151791108133e+00 3.791241953498892148e+00 5.068192741337516516e+00 5.068211556704422804e+00 7.113961130021044355e+00 7.114121611185659333e+00 8.246715280751566013e+00 8.247152119763956790e+00 9.355288027270821871e+00 9.355322219115800308e+00 1.034085949251829284e+01 1.034092096057938370e+01 1.101101418671754573e+01 1.101110523826589649e+01 1.199132782043253975e+01 1.199134257904949763e+01 1.278081877077602257e+01 1.278089071476576954e+01 1.499988307208858274e+01 1.499990819655644714e+01 1.739807824557189164e+01 1.739812080652450987e+01 2.307973925060637299e+01 2.307982187135472074e+01
7.294895223413354335e-02 9.854654004245332333e-01 9.857847036322019418e-01 2.632611049994679764e+00 2.632807793812244945e+00 3.291582742769163517e+00 3.291621523558647677e+00 3.829372318824575849e+00 3.829514666076818230e+00 5.098935084935606987e+00 5.098954878212548891e+00 7.110779673140411816e+00 7.110938288666225127e+00 8.231258766630476842e+00 8.231633905071946700e+00 9.392184802536256427e+00 9.392222350927616148e+00 1.034153780399271838e+01 1.034159739187367144e+01 1.100962323897691242e+01 1.100970880623218662e+01 1.200070596934588174e+01 1.200072123314528127e+01 1.277534615645190819e+01 1.277541397024813818e+01 1.499168883815199216e+01 1.499172915430009390e+01 1.737939579777296828e+01 1.737943935962371000e+01 2.308499398265041691e+01 2.308507021408973969e+01
7.446872207234465912e-02 1.018576811514977143e+00 1.018862473561111148e+00 2.675599565739009922e+00 2.675783166825510317e+00 3.307739741112136311e+00 3.307781019701421243e+00 3.867031879725912447e+00 3.867161661191885536e+00 5.129866268250141914e+00 5.129886246315371601e+00 7.107316890840472468e+00 7.107472140039265973e+00 8.216002466693664630e+00 8.216331622989700989e+00 9.429596780184157367e+00 9.429640152917363238e+00 1.034240173254332973e+01 1.034245922925047090e+01 1.100831737046202541e+01 1.100840021307779715e+01 1.201005026885061255e+01 1.201006628245947816e+01 1.276955416116873643e+01 1.276961844369609445e+01 1.498356013171231993e+01 1.498361664456009734e+01 1.736036005744090005e+01 1.736040432680909618e+01 2.309024684076472056e+01 2.309031790370404735e+01
7.598849191055577490e-02 1.051822499169658753e+00 1.052075510881716580e+00 2.717896438786592928e+00 2.718067154863201829e+00 3.323230941138818562e+00 3.323276035271017559e+00 3.903974847851560348e+00 3.904100365948036888e+00 5.160944783406547387e+00 5.160964303833907252e+00 7.103566666776812255e+00 7.103717137132514736e+00 8.200968006028208634e+00 8.201269616306472443e+00 9.467454841333390547e+00 9.467505626063857704e+00 1.034346856892405420e+01 1.034352393009992177e+01 1.100710438831527505e+01 1.100718697673150892e+01 1.201932916833671960e+01 1.201934625090768982e+01 1.276345908567741638e+01 1.276352044987251944e+01 1.497551162337446939e+01 1.497558332706915785e+01 1.734098563281605010e+01 1.734103029480010605e+01 2.309549221386004803e+01 2.309555953959049646e+01
7.750826174876689068e-02 1.085177172363214204e+00 1.085399037741828332e+00 2.759484921825031911e+00 2.759643059018536793e+00 3.338153220173329050e+00 3.338200971695214125e+00 3.940143843170949456e+00 3.940272365816011924e+00 5.192129246755905925e+00 5.192147915830056526e+00 7.099523537099975634e+00 7.099667963536932191e+00 8.186176975378455012e+00 8.186469329703376374e+00 9.505683358504160907e+00 9.505742252421216065e+00 1.034476005744751603e+01 1.034481342577915619e+01 1.100599171469522908e+01 1.100607586159620332e+01 1.202850830719862074e+01 1.202852698346136862e+01 1.275708162726694006e+01 1.275714064970019379e+01 1.496755682849385494e+01 1.496764208313002698e+01 1.732128823974628062e+01 1.732133296282626844e+01 2.310072457065964002e+01 2.310078965772236614e+01
7.902803158697800645e-02 1.118615267444537764e+00 1.118807932675645711e+00 2.800346259421662154e+00 2.800492163625460496e+00 3.352585101520101585e+00 3.352633559264573737e+00 3.975502463548396648e+00 3.975638403842897350e+00 5.223378694125885069e+00 5.223396476859427651e+00 7.095182775412951948e+00 7.095320090865042673e+00 8.171651261256993592e+00 8.171948923235811790e+00 9.544199263959933788e+00 9.544266240533261225e+00 1.034630338481584566e+01 1.034635509729502623e+01 1.100498623957602895e+01 1.100507295096089244e+01 1.203755035073521817e+01 1.203757133622069553e+01 1.275044722129852559e+01 1.275050440074724811e+01 1.495970854550740192e+01 1.495980542292983984e+01 1.730128470236755689e+01 1.730132914405381328e+01 2.310593848179806997e+01 2.310600272497855201e+01
8.054780142518912223e-02 1.152110941462025862e+00 1.152276723215587717e+00 2.840459259535967895e+00 2.840593319454275623e+00 3.366591625070823213e+00 3.366638738023241206e+00 4.010030088873123510e+00 4.010174802546149664e+00 5.254652865912824211e+00 5.254670172759819735e+00 7.090540477587357948e+00 7.090669854220691626e+00 8.157412192871998258e+00 8.157724056952595504e+00 9.582911022880626462e+00 9.582985494094801382e+00 1.034813237611786008e+01 1.034818294831222651e+01 1.100409419195122496e+01 1.100418371934647155e+01 1.204641480448629132e+01 1.204643888202365254e+01 1.274358637085558676e+01 1.274364210172647738e+01 1.495197888447781054e+01 1.495208531286613329e+01 1.728099295124804158e+01 1.728103676429601876e+01 2.311112861796786078e+01 2.311119315830514154e+01
8.206757126340023800e-02 1.185638066872322316e+00 1.185779579680835027e+00 2.879799797126072036e+00 2.879922455685460569e+00 3.380228222887680101e+00 3.380272105588461695e+00 4.043717837255992542e+00 4.043870374137144452e+00 5.285912505502309067e+00 5.285930161831447371e+00 7.085593644728062301e+00 7.085714525465409253e+00 8.143479349261204092e+00 8.143809010605517429e+00 9.621717390102267231e+00 9.621798333103271261e+00 1.035028893851215059e+01 1.035033901741505957e+01 1.100332107065704967e+01 1.100341306462882507e+01 1.205505779301084601e+01 1.205508566855714214e+01 1.273653495338523811e+01 1.273658951627986546e+01 1.494437922941877339e+01 1.494449308159376955e+01 1.726043201906128388e+01 1.726047485805478487e+01 2.311628972730413878e+01 2.311635536543391822e+01
8.358734110161135378e-02 1.219170228011595247e+00 1.219290308907497344e+00 2.918340238812345611e+00 2.918452007719856578e+00 3.393543896530693438e+00 3.393582930960389099e+00 4.076565634759585777e+00 4.076723597720870451e+00 5.317119659292886880e+00 5.317138679248949451e+00 7.080340262577633936e+00 7.080452382700187286e+00 8.129869976052036762e+00 8.130217195648043571e+00 9.660505883662494853e+00 9.660591941998131205e+00 1.035282479035644698e+01 1.035287507552275166e+01 1.100267162679873145e+01 1.100276530889898652e+01 1.206343183082164749e+01 1.206346403457573402e+01 1.272933448837596337e+01 1.272938805605450874e+01 1.493692019068051380e+01 1.493703935058892540e+01 1.723962203385142899e+01 1.723966356194421934e+01 2.312141660865238890e+01 2.312148379040571200e+01
8.510711093982246955e-02 1.252680720196288844e+00 1.252782346137429448e+00 2.956048776933429600e+00 2.956150247752933335e+00 3.406583919724442300e+00 3.406616792100082058e+00 4.108580003155672067e+00 4.108740210292375572e+00 5.348237882539965682e+00 5.348259156317229035e+00 7.074779375778496693e+00 7.074882774197852164e+00 8.116598960049124400e+00 8.116961117311845442e+00 9.699150936757959585e+00 9.699240507705701120e+00 1.035580350323207099e+01 1.035585464871615002e+01 1.100214987612269191e+01 1.100224419056451808e+01 1.207148563690602039e+01 1.207152247920087085e+01 1.272203234309220043e+01 1.272208499733953602e+01 1.492961156049878113e+01 1.492973397794163049e+01 1.721858420994862371e+01 1.721862410554890133e+01 2.312650409533674534e+01 2.312657294915616646e+01
8.662688077803358533e-02 1.286142552594532695e+00 1.286228742977765238e+00 2.992888662610288186e+00 2.992980507143998103e+00 3.419392216916874450e+00 3.419417928606315105e+00 4.139772308473165019e+00 4.139931252393319383e+00 5.379232300833525215e+00 5.379256404001700353e+00 7.068911155698781812e+00 7.069006174802579423e+00 8.103678990520858605e+00 8.104052163279581222e+00 9.737511718367711566e+00 9.737603032962693916e+00 1.035930286113707943e+01 1.035935537952483720e+01 1.100175912718303195e+01 1.100185286263094753e+01 1.207916403786097170e+01 1.207920560147319655e+01 1.271468184473691565e+01 1.271473359877405507e+01 1.492246227586926999e+01 1.492258601271573859e+01 1.719734083658324053e+01 1.719737879976731776e+01 2.313154705310712700e+01 2.313161745134527081e+01
8.814665061624468723e-02 1.319528454960902097e+00 1.319602150400662088e+00 3.028817332488706882e+00 3.028900286093228367e+00 3.432013520082204394e+00 3.432031397408830120e+00 4.170157349054035123e+00 4.170311510041119440e+00 5.410069610813650343e+00 5.410096779313819937e+00 7.062736960958545751e+00 7.062824232594642204e+00 8.091120719710609421e+00 8.091500411192384945e+00 9.775429669465212967e+00 9.775520868121679641e+00 1.036341748991450018e+01 1.036347167704019512e+01 1.100150201977783659e+01 1.100159390346734867e+01 1.208640799913622921e+01 1.208645415078217411e+01 1.270734225796501349e+01 1.270739307961842535e+01 1.491548039042785589e+01 1.491560365933987775e+01 1.717591526423448656e+01 1.717595102268654017e+01 2.313654038840327942e+01 2.313661201213936991e+01
8.966642045445580300e-02 1.352810884225176702e+00 1.352874799900732894e+00 3.063785435786560374e+00 3.063860260499658317e+00 3.444495342054134213e+00 3.444505120329269143e+00 4.199752214791660165e+00 4.199898275563249683e+00 5.440718086655704333e+00 5.440748272560844256e+00 7.056259390184081326e+00 7.056339803590302218e+00 8.078932884804384429e+00 8.079314496838907900e+00 9.812725912463072575e+00 9.812815117038736545e+00 1.036826160296225119e+01 1.036831749060537966e+01 1.100138057265689184e+01 1.100146934190544812e+01 1.209315482967681277e+01 1.209320524149367237e+01 1.270007857736105095e+01 1.270012840940079712e+01 1.490867305609684301e+01 1.490879425202528807e+01 1.715433188873160120e+01 1.715436520302687384e+01 2.314147906176391345e+01 2.314155145895140464e+01
9.118619029266691878e-02 1.385962020156373820e+00 1.386018492779732769e+00 3.097735792307993563e+00 3.097803223293895236e+00 3.456889100967966311e+00 3.456892533489861918e+00 4.228575367546766550e+00 4.228710360527738743e+00 5.471147585986645190e+00 5.471180528064958359e+00 7.049482326403324173e+00 7.049556972875859806e+00 8.067122401302212253e+00 8.067501536395095485e+00 9.849198887775099109e+00 9.849284270101703598e+00 1.037397151207685653e+01 1.037402884566451533e+01 1.100139624118873627e+01 1.100148069701214482e+01 1.209933861467285077e+01 1.209939279181514316e+01 1.269296107667859985e+01 1.269300985198104925e+01 1.490204651479077747e+01 1.490216423926384515e+01 1.713261613310246290e+01 1.713264680118441774e+01 2.314635810282181083e+01 2.314643073652517202e+01
9.270596013087803455e-02 1.418953736980719915e+00 1.419004609982237763e+00 3.130602356163944222e+00 3.130663044921952132e+00 3.469248776662132716e+00 3.469257385616046907e+00 4.256645901917599062e+00 4.256767308332067401e+00 5.501329536961779176e+00 5.501364823991713671e+00 7.042410971247689666e+00 7.042481062476666942e+00 8.055694443071651278e+00 8.056067089911554291e+00 9.884622885688091998e+00 9.884702732659384594e+00 1.038070723412207386e+01 1.038076546915042009e+01 1.100154998617714952e+01 1.100162903269230164e+01 1.210489093719972509e+01 1.210494824992243146e+01 1.268606455249373788e+01 1.268611220274685891e+01 1.489560610016645548e+01 1.489571917835683657e+01 1.711079442713517551e+01 1.711082228788794879e+01 2.315117262508680440e+01 2.315124491198013956e+01
9.422572996908915033e-02 1.451757549212615794e+00 1.451804143676381331e+00 3.162309334366725011e+00 3.162363813173199922e+00 3.481645497900858199e+00 3.481662044390596567e+00 4.283982952324423721e+00 4.284088766071362464e+00 5.531236900784162636e+00 5.531274024904198505e+00 7.035051864798562704e+00 7.035118629366524878e+00 8.044652520007197438e+00 8.045015156689531821e+00 9.918748584071241936e+00 9.918821360232762174e+00 1.038865207832781579e+01 1.038871039213003833e+01 1.100184235520689668e+01 1.100191502759461315e+01 1.210974194805874227e+01 1.210980166720613305e+01 1.267946720263586968e+01 1.267951366019562265e+01 1.488935624915836975e+01 1.488946373976218496e+01 1.708889418457963671e+01 1.708891912047573669e+01 2.315591783980217144e+01 2.315598918034670817e+01
9.574549980730026610e-02 1.484344548669520591e+00 1.484387733234144413e+00 3.192770723214613859e+00 3.192819423663663780e+00 3.494156300743495258e+00 3.494180588105649576e+00 4.310605217791347421e+00 4.310693984857227434e+00 5.560844111453638661e+00 5.560882513184376208e+00 7.027412885446437940e+00 7.027477459364803281e+00 8.033998559588615862e+00 8.034348196863213332e+00 9.951307204184098865e+00 9.951371614440986946e+00 1.039800859526792820e+01 1.039806591650650169e+01 1.100227357812772944e+01 1.100233906131209594e+01 1.211382183035052584e+01 1.211388316497560069e+01 1.267324909326301352e+01 1.267329428658108093e+01 1.488330052283723326e+01 1.488340172086851254e+01 1.706694377786209671e+01 1.706696571679475127e+01 2.316058906866478750e+01 2.316065887061608564e+01
9.726526964551138188e-02 1.516685354765470617e+00 1.516725683344289921e+00 3.221890677334678710e+00 3.221934038727639837e+00 3.506865722855214251e+00 3.506897224880426656e+00 4.336530579215904346e+00 4.336601426262100212e+00 5.590126996561411765e+00 5.590166103055945079e+00 7.019503226556753184e+00 7.019566561175936137e+00 8.023732995293640258e+00 8.024067175872605873e+00 9.982020219645308501e+00 9.982075277400298319e+00 1.040898894492869253e+01 1.040904400881656677e+01 1.100284367868360214e+01 1.100290131853322251e+01 1.211706267763248768e+01 1.211712481299957389e+01 1.266749019659528841e+01 1.266753404043427089e+01 1.487744163595629843e+01 1.487753606862694689e+01 1.704497251009945913e+01 1.704499142674486833e+01 2.316518175538188729e+01 2.316524945214656128e+01
9.878503948372249766e-02 1.548750087322730451e+00 1.548787955067909339e+00 3.249565291609843865e+00 3.249603987583548292e+00 3.519865569518226156e+00 3.519903580849302660e+00 4.361775781642630356e+00 4.361828464369914116e+00 5.619062682920611174e+00 5.619101940272613227e+00 7.011333353124046042e+00 7.011396159397138561e+00 8.013854862592566519e+00 8.014171629793388263e+00 1.001061621614118025e+01 1.001066132696594657e+01 1.042179807836071781e+01 1.042184951870127207e+01 1.100355260491093290e+01 1.100360191365355433e+01 1.211940075985846121e+01 1.211946289357616102e+01 1.266226802632978199e+01 1.266231040874090752e+01 1.487178149440544850e+01 1.487186891030966329e+01 1.702301058403847023e+01 1.702302650158054931e+01 2.316969147607718327e+01 2.316975654123447370e+01
1.003048093219336134e-01 1.580508357573189082e+00 1.580544134460190264e+00 3.275686492293422791e+00 3.275721757888709007e+00 3.533251361743692254e+00 3.533295023396888279e+00 4.386356124021175695e+00 4.386391210634550397e+00 5.647629490255801521e+00 5.647668390180256459e+00 7.002914947097893972e+00 7.002977680763448731e+00 8.004361901776110955e+00 8.004659750077774305e+00 1.003685488935437142e+01 1.003688997256569948e+01 1.043660973513418355e+01 1.043665622276008165e+01 1.100440038177264057e+01 1.100444103951699404e+01 1.212077909122421993e+01 1.212084046490712730e+01 1.265765495814741115e+01 1.265769572680035004e+01 1.486632123967370411e+01 1.486640159152899976e+01 1.700108906717460400e+01 1.700110206137510005e+01 2.317411394854295992e+01 2.317417590767933078e+01
1.018245791601447292e-01 1.611929269631436679e+00 1.611963387026787098e+00 3.300148683712810893e+00 3.300182562894412364e+00 3.547116038545422345e+00 3.547164333872044217e+00 4.410284855716631647e+00 4.410304738212104780e+00 5.675806815503734448e+00 5.675844916458445688e+00 6.994260850271468044e+00 6.994323728590835287e+00 7.995250665895326847e+00 7.995528486443741478e+00 1.006055506459248683e+01 1.006058077679444551e+01 1.045353834878515897e+01 1.045357878047412292e+01 1.100538729044036224e+01 1.100541914570736601e+01 1.212115014572520444e+01 1.212121006958509462e+01 1.265371539132856249e+01 1.265375434210128347e+01 1.486106129931807018e+01 1.486113472055496132e+01 1.697923985128701219e+01 1.697925006198516584e+01 2.317844504030223973e+01 2.317850348121599069e+01
1.033443489983558450e-01 1.642981426906283460e+00 1.643014404377298066e+00 3.322858333006964759e+00 3.322893449874441796e+00 3.561540884827746112e+00 3.561592622727950186e+00 4.433570674296970715e+00 4.433585292294616842e+00 5.703575009610178270e+00 5.703611952355434056e+00 6.985385009826271308e+00 6.985448044996578787e+00 7.986516631448464132e+00 7.986773666631855839e+00 1.008162002453111050e+01 1.008163827186450590e+01 1.047261350507287858e+01 1.047264724576072936e+01 1.100651407881558441e+01 1.100653715524101095e+01 1.212047850315553532e+01 1.212053637145580076e+01 1.265050297082970232e+01 1.265053984146027766e+01 1.485600144233923636e+01 1.485606821793026455e+01 1.695749560145378965e+01 1.695750326594020052e+01 2.318268077540495398e+01 2.318273535773876048e+01
1.048641188365669608e-01 1.673632938032989514e+00 1.673665349604481767e+00 3.343745451347122977e+00 3.343784214304057922e+00 3.576584578611088805e+00 3.576638379286758873e+00 4.456221828257324269e+00 4.456245968050849271e+00 5.730915248066655643e+00 5.730950765680188574e+00 6.976302428062362004e+00 6.976365464765032165e+00 7.978154308971842745e+00 7.978390131716734501e+00 1.010005196481534462e+01 1.010006675687385780e+01 1.049376517999145619e+01 1.049379238049476371e+01 1.100778220059340029e+01 1.100779674060029123e+01 1.211874316827140596e+01 1.211879846473158295e+01 1.264805812940805652e+01 1.264809260043960748e+01 1.485114083825302522e+01 1.485120137041563915e+01 1.693588968007725271e+01 1.693589523112663642e+01 2.318681733983436999e+01 2.318686780530417124e+01
1.063838886747780765e-01 1.703851414028355604e+00 1.703883811099698997e+00 3.362774493540626075e+00 3.362818395126990989e+00 3.592272459729543677e+00 3.592326762641321558e+00 4.478252847000400827e+00 4.478289822588510383e+00 5.757809395819966092e+00 5.757843318238424324e+00 6.967029116632020624e+00 6.967091866550758184e+00 7.970157350201754198e+00 7.970371885807778334e+00 1.011595111781059408e+01 1.011596738515409299e+01 1.051682541031591178e+01 1.051684744011109984e+01 1.100919397665454191e+01 1.100920078991983608e+01 1.211593930594146151e+01 1.211599159985635765e+01 1.264640620950886074e+01 1.264643791380552074e+01 1.484647811851452381e+01 1.484653288841296614e+01 1.691445602860289554e+01 1.691446033389501835e+01 2.319085108534202888e+01 2.319089726997425061e+01
1.079036585129891784e-01 1.733603949009898004e+00 1.733636774179912132e+00 3.379951856652936737e+00 3.380001332402976288e+00 3.608588941970911623e+00 3.608642053276005512e+00 4.499672571737848514e+00 4.499721738852696440e+00 5.784239866605290104e+00 5.784272119827353009e+00 6.957582056170702245e+00 6.957644127034027015e+00 7.962518647892236956e+00 7.962712259385073210e+00 1.012949893440393367e+01 1.012951903427729761e+01 1.054154608511642621e+01 1.054156582422666943e+01 1.101075094800328458e+01 1.101075582704967815e+01 1.211207918448666199e+01 1.211212812019343765e+01 1.264555637553059775e+01 1.264558491651717631e+01 1.484201143881963603e+01 1.484206096618300563e+01 1.689322919513306687e+01 1.689323363761852193e+01 2.319477853146964819e+01 2.319482038164018789e+01
1.094234283512002942e-01 1.762857085463799933e+00 1.762890611575447020e+00 3.395327741141778599e+00 3.395382379857276867e+00 3.625475647752048669e+00 3.625525831813624755e+00 4.520486323562833419e+00 4.520546199099713114e+00 5.810189476192088698e+00 5.810220076360924857e+00 6.947979163348561471e+00 6.948040082900441838e+00 7.955230424257203836e+00 7.955404085628261512e+00 1.014092853311166209e+01 1.014095247060587646e+01 1.056762689211433504e+01 1.056764779000885568e+01 1.101245788615356958e+01 1.101246896333684155e+01 1.210719221357454778e+01 1.210723749745825728e+01 1.264550143326559883e+01 1.264552641109077236e+01 1.483773854075380605e+01 1.483778334431706547e+01 1.687224472072372095e+01 1.687225039306746055e+01 2.319859636551400328e+01 2.319863395998927302e+01
1.109431981894114100e-01 1.791576774608942602e+00 1.791611084588061509e+00 3.408991538971581026e+00 3.409050370840954525e+00 3.642836142270477140e+00 3.642881744887340734e+00 4.540697175797193452e+00 4.540765996573949970e+00 5.835641288480793776e+00 5.835670331208856254e+00 6.938239268332836218e+00 6.938298504833339209e+00 7.948284307285769401e+00 7.948439885966759988e+00 1.015049516359118087e+01 1.015052201909019303e+01 1.059474418722486178e+01 1.059476844088734637e+01 1.101432704899258574e+01 1.101434485049321665e+01 1.210132408291007700e+01 1.210136547292571585e+01 1.264621855370058867e+01 1.264623959832314171e+01 1.483365681140022296e+01 1.483369737390867371e+01 1.685153886351957908e+01 1.685154619053514935e+01 2.320230144046374576e+01 2.320233502052618491e+01
1.124629680276225258e-01 1.819728343492131195e+00 1.819763345970393242e+00 3.421062047298371489e+00 3.421123801598676906e+00 3.660545889831015032e+00 3.660585471575092953e+00 4.560306156345959039e+00 4.560382056810409424e+00 5.860578452842468700e+00 5.860606098414726794e+00 6.928382106267958029e+00 6.928439087279924635e+00 7.941671409936414960e+00 7.941812045606556403e+00 1.015845287550206422e+01 1.015848145682312342e+01 1.062257329035224984e+01 1.062260150000786574e+01 1.101637068905706762e+01 1.101639470148684197e+01 1.209453512551040788e+01 1.209457242808680277e+01 1.264767078040246062e+01 1.264768759257485797e+01 1.482976333994901985e+01 1.482980008160822649e+01 1.683114817708922573e+01 1.683115724639672095e+01 2.320589077209758244e+01 2.320592077942275111e+01
1.139827378658336415e-01 1.847276474814760983e+00 1.847311941542369107e+00 3.431675360941173647e+00 3.431738665649516129e+00 3.678464533572600281e+00 3.678496999743821494e+00 4.579312321301954647e+00 4.579393425523869965e+00 5.884984030574696767e+00 5.885010486104536476e+00 6.918428326692359853e+00 6.918482457540773289e+00 7.935382470186812753e+00 7.935512917212614425e+00 1.016503889265236893e+01 1.016506799279947337e+01 1.065080290046400258e+01 1.065083471649638547e+01 1.101860489240318053e+01 1.101863439326820426e+01 1.208689811748428689e+01 1.208693119606190436e+01 1.264980910808057857e+01 1.264982151903011243e+01 1.482605497099731551e+01 1.482608823428861378e+01 1.681110949644611097e+01 1.681112026963320005e+01 2.320936153961412529e+01 2.320938865281188512e+01
1.155025077040447573e-01 1.874185200499050685e+00 1.874220812884431764e+00 3.440973399405334199e+00 3.441036919906895086e+00 3.696447510974928630e+00 3.696472260333772741e+00 4.597712819000105533e+00 4.597797302800275432e+00 5.908840807921656335e+00 5.908866308064897765e+00 6.908399524904560884e+00 6.908450207644762031e+00 7.929408158666061190e+00 7.929534742654165136e+00 1.017046534802226354e+01 1.017049386170378256e+01 1.067914229754636324e+01 1.067917694097725700e+01 1.102105117609029605e+01 1.102108533109175603e+01 1.207849576824744986e+01 1.207852456753646031e+01 1.265257485715383190e+01 1.265258296885211031e+01 1.482252835483875586e+01 1.482255840165401395e+01 1.679145992498765239e+01 1.679147231410825114e+01 2.321271109933744725e+01 2.321273624099314148e+01
1.170222775422558731e-01 1.900417908484778984e+00 1.900453305282232996e+00 3.449094993244250951e+00 3.449157517834294140e+00 3.714355014062565186e+00 3.714372246803280486e+00 4.615502964912949757e+00 4.615589102519934706e+00 5.932131092874333156e+00 5.932155881097872729e+00 6.898318299228398232e+00 6.898364952424730134e+00 7.923739564561208759e+00 7.923869379290280790e+00 1.017491656417969814e+01 1.017494354947844926e+01 1.070732266466368010e+01 1.070735921895948550e+01 1.102373806880085638e+01 1.102377596097454493e+01 1.206941814898154064e+01 1.206944274062989386e+01 1.265590192992941176e+01 1.265590673784524611e+01 1.481917999531523833e+01 1.481920701507486093e+01 1.677223677147599545e+01 1.677225066653081242e+01 2.321593702039272955e+01 2.321596128868936404e+01
1.185420473804669889e-01 1.925937362835645761e+00 1.925972184810634369e+00 3.456170145245190728e+00 3.456230630029872408e+00 3.732057450490651185e+00 3.732069223510324996e+00 4.632676332018929699e+00 4.632762531841627229e+00 5.954836492999099562e+00 5.954860805342340413e+00 6.888208337928805491e+00 6.888250417130946879e+00 7.918368557564034127e+00 7.918508130766345410e+00 1.017854980317101266e+01 1.017857452278451902e+01 1.073509448418291790e+01 1.073513206838593703e+01 1.102670301840664635e+01 1.102674366527713268e+01 1.205976026384351840e+01 1.205978092338625807e+01 1.265971862321416275e+01 1.265972376873795646e+01 1.481600629564593952e+01 1.481603042132085335e+01 1.675347746370562518e+01 1.675349274258531906e+01 2.321903712871679559e+01 2.321906163504924692e+01
1.200618172186781046e-01 1.950705738263746047e+00 1.950739667678449196e+00 3.462317132391916630e+00 3.462374718616058722e+00 3.749438059565379344e+00 3.749450032292237278e+00 4.649224857721116599e+00 4.649309689037062654e+00 5.976937671807570851e+00 5.976961724416745447e+00 6.878094539173676303e+00 6.878131557743294877e+00 7.913287719725615510e+00 7.913441986766899916e+00 1.018149781571512769e+01 1.018151977740343739e+01 1.076222272548791281e+01 1.076226061213480278e+01 1.102999463041997608e+01 1.103003700037780099e+01 1.204961990804223149e+01 1.204963723439787238e+01 1.266395228168228115e+01 1.266396073053554439e+01 1.481300360222978973e+01 1.481302493051074265e+01 1.673521944898375935e+01 1.673523598035172100e+01 2.322200951695752025e+01 2.322203519592361332e+01
1.215815870568892204e-01 1.974684670995594304e+00 1.974717464350422835e+00 3.467641693751711163e+00 3.467695708230257967e+00 3.766396762346901017e+00 3.766413925778144378e+00 4.665138967279422566e+00 4.665221178794381807e+00 5.998414081577736034e+00 5.998438062237393176e+00 6.868003166846657237e+00 6.868034716804261919e+00 7.908490049123865440e+00 7.908662068699870318e+00 1.018387207482340351e+01 1.018389108863631165e+01 1.078848112274295801e+01 1.078851882436098464e+01 1.103367507619948640e+01 1.103371810892294569e+01 1.203909591096346610e+01 1.203911096315194840e+01 1.266853033719914379e+01 1.266854253607640146e+01 1.481016824601621096e+01 1.481018685822189873e+01 1.671750008435989443e+01 1.671751772749012233e+01 2.322485250225804521e+01 2.322487999652425827e+01
1.231013568951003362e-01 1.997835328426399881e+00 1.997866840564012314e+00 3.472237520834227542e+00 3.472287466970691572e+00 3.782849049131959518e+00 3.782872690021269246e+00 4.680407713190454899e+00 4.680486244202128887e+00 6.019243671039562926e+00 6.019267733938435505e+00 6.857962044008514724e+00 6.857987817062593194e+00 7.903968782649592129e+00 7.904159933430054963e+00 1.018576604790262508e+01 1.018578231828390912e+01 1.081364667569160432e+01 1.081368399984823192e+01 1.103782219518557817e+01 1.103786483035372967e+01 1.202828686166248495e+01 1.202830114011782037e+01 1.267337989596303771e+01 1.267339559263830218e+01 1.480749658082843823e+01 1.480751256212268352e+01 1.670035651749867256e+01 1.670037512092931919e+01 2.322756456915447032e+01 2.322759421736335739e+01
1.246211267333114520e-01 2.020118500266482986e+00 2.020148697111608271e+00 3.476187426034075934e+00 3.476232970084197405e+00 3.798722162790919121e+00 3.798752045699579583e+00 4.695018929571673993e+00 4.695092914458087741e+00 6.039402567127985400e+00 6.039426829586766132e+00 6.848000783875384911e+00 6.848020594694479435e+00 7.899717387668163227e+00 7.899927685235326180e+00 1.018725819731491455e+01 1.018727244278935196e+01 1.083749576437342022e+01 1.083753281884110287e+01 1.104253023260583433e+01 1.104257145186033817e+01 1.201729033112161460e+01 1.201730536605248467e+01 1.267842949358678872e+01 1.267844820261210970e+01 1.480498501801022115e+01 1.480499847369891775e+01 1.668382555857044380e+01 1.668384495859074335e+01 2.323014433393641553e+01 2.323017621726986093e+01
1.261408965715225816e-01 2.041494713760321211e+00 2.041523670237863630e+00 3.479564764476379857e+00 3.479605719681609699e+00 3.813954194728449654e+00 3.813989559158934561e+00 4.708959400270610551e+00 4.709028167075719473e+00 6.058864731444516316e+00 6.058889271395231368e+00 6.838151053148093794e+00 6.838164875125823272e+00 7.895729623059760449e+00 7.895957995877991742e+00 1.018841464437245925e+01 1.018842811304460305e+01 1.085980398386713297e+01 1.085984110352224263e+01 1.104790724139673586e+01 1.104794612867555159e+01 1.200620228649932208e+01 1.200621911598744518e+01 1.268361005182029189e+01 1.268363116660499479e+01 1.480263005684482103e+01 1.480264112574313451e+01 1.666794354348400020e+01 1.666796356306061710e+01 2.323259053153042686e+01 2.323262453258808691e+01
1.276606664097336696e-01 2.061924374793028036e+00 2.061952254920580430e+00 3.482434854317010053e+00 3.482471164254048901e+00 3.828492903753886623e+00 3.828532761560386355e+00 4.722215039101270051e+00 4.722278103049274200e+00 6.077601594566497845e+00 6.077626448009855409e+00 6.828446837731086738e+00 6.828454913634230294e+00 7.891999602195522989e+00 7.892244101046354210e+00 1.018929153658812936e+01 1.018930566439556529e+01 1.088035271524562653e+01 1.088039029730237672e+01 1.105406615238121759e+01 1.105410197471845279e+01 1.199511652783494497e+01 1.199513557020023491e+01 1.268885544516229125e+01 1.268887828897650039e+01 1.480042831022577055e+01 1.480043717639964562e+01 1.665274618890153846e+01 1.665276663739431484e+01 2.323490201210881523e+01 2.323493786553648022e+01
1.291804362479447854e-01 2.081367935162950378e+00 2.081394954248682705e+00 3.484856261136549449e+00 3.484887982909990800e+00 3.842294371700188726e+00 3.842337630056511077e+00 4.734771080312077274e+00 4.734828133125322580e+00 6.095581675277532696e+00 6.095606833465849306e+00 6.818924391233193383e+00 6.818928104385894251e+00 7.888521837154384819e+00 7.888779795041437559e+00 1.018993694496535163e+01 1.018995281118871610e+01 1.089894558639714006e+01 1.089898386844486566e+01 1.106110631844787662e+01 1.106113861930688991e+01 1.198412439189809930e+01 1.198414560002817630e+01 1.269410285576665842e+01 1.269412671844031060e+01 1.479837652492238753e+01 1.479838343082603025e+01 1.663826843965789593e+01 1.663828911348815964e+01 2.323707773900631679e+01 2.323711507033897661e+01
1.307002060861559012e-01 2.099786084555053556e+00 2.099812458965674367e+00 3.486881888397884932e+00 3.486909175941896422e+00 3.855321755523108074e+00 3.855367287202771998e+00 4.746612277122865819e+00 4.746663173036791861e+00 6.112770197495811075e+00 6.112795603989567894e+00 6.809621252113591261e+00 6.809626644635646819e+00 7.885291263230176817e+00 7.885559426155365870e+00 1.019039215490184702e+01 1.019041026384794968e+01 1.091543545859836151e+01 1.091547432418913743e+01 1.106908484347253463e+01 1.106911352214361699e+01 1.197331473658280032e+01 1.197333776773416503e+01 1.269929298609664237e+01 1.269931715600634092e+01 1.479647159568354020e+01 1.479647686174015497e+01 1.662454430942471717e+01 1.662456499371596408e+01 2.323911678513304935e+01 2.323915514014790062e+01
1.322199759243670170e-01 2.117139965141637159e+00 2.117165860631221364e+00 3.488559859971727128e+00 3.488582947574268456e+00 3.867544195888565906e+00 3.867590887721364723e+00 4.757723105943273190e+00 4.757767845305323817e+00 6.129128725453109716e+00 6.129154273416662413e+00 6.800582280425750525e+00 6.800592160228139171e+00 7.882303247553245740e+00 7.882577890680228627e+00 1.019069267099473741e+01 1.019071305771127101e+01 1.092975598938543946e+01 1.092979489015599981e+01 1.107798361625396311e+01 1.107800894851027529e+01 1.196277404533500288e+01 1.196279837804561197e+01 1.270437017625337717e+01 1.270439396958913214e+01 1.479471057503017839e+01 1.479471462759871692e+01 1.661160671569717806e+01 1.661162718680083117e+01 2.324101832762788433e+01 2.324105719522940916e+01
1.337397457625781327e-01 2.133391408035553827e+00 2.133416898964614283e+00 3.489934203852031125e+00 3.489953389972575870e+00 3.878935885281185936e+00 3.878982674115428519e+00 4.768087973710607663e+00 4.768126685019815625e+00 6.144614847746207253e+00 6.144640377925639996e+00 6.791855876063789488e+00 6.791870067489760743e+00 7.879553585763481749e+00 7.879830623590712513e+00 1.019086912178406656e+01 1.019089150982332725e+01 1.094194401204960876e+01 1.094198204260296237e+01 1.108768580689992689e+01 1.108770836592529108e+01 1.195258655143104143e+01 1.195261156386244039e+01 1.270928246135055595e+01 1.270930524869532441e+01 1.479309069669041499e+01 1.479309407111152019e+01 1.659948731042881320e+01 1.659950733917406396e+01 2.324278164120817536e+01 2.324282047217783997e+01
1.352595156007892485e-01 2.148503192702053699e+00 2.148528240088378727e+00 3.491045356884325823e+00 3.491060988346352367e+00 3.889475281223723435e+00 3.889521180662108613e+00 4.777691425669473801e+00 4.777724346863659655e+00 6.159181953212598870e+00 6.159207253057620512e+00 6.783493039216492271e+00 6.783510923129319359e+00 7.877038489908707142e+00 7.877313584876648456e+00 1.019094802145035850e+01 1.019097193571140281e+01 1.095213837037592164e+01 1.095217445619065799e+01 1.109797618929014895e+01 1.109799666921502315e+01 1.194283432360100150e+01 1.194285935125233067e+01 1.271398159516052928e+01 1.271400282487219080e+01 1.479160944575090575e+01 1.479161266571393263e+01 1.658821630789017831e+01 1.658823566335386701e+01 2.324440609072991037e+01 2.324444431387101773e+01
1.367792854390003643e-01 2.162439330580115726e+00 2.162463779929011842e+00 3.491930514222225668e+00 3.491942970893961995e+00 3.899144445372759726e+00 3.899188564640200028e+00 4.786518350859135573e+00 4.786545810591312566e+00 6.172779155590455424e+00 6.172803960008494961e+00 6.775548567613998152e+00 6.775569351815069474e+00 7.874754570062028058e+00 7.875023241303754418e+00 1.019095237467683290e+01 1.019097721459455741e+01 1.096055255056632305e+01 1.096058566081977048e+01 1.110856793828674327e+01 1.110858694676185721e+01 1.193359726231960849e+01 1.193362164476359943e+01 1.271842305857380850e+01 1.271844227635514102e+01 1.479026460371621710e+01 1.479026798251951647e+01 1.657782231156825148e+01 1.657784076514428762e+01 2.324589112337626773e+01 2.324592815997470652e+01
1.382990552772114801e-01 2.175165371956732763e+00 2.175188966627284781e+00 3.492623847720372154e+00 3.492633527836250806e+00 3.907928489365623648e+00 3.907970045074708132e+00 4.794554182580637480e+00 4.794576582148651234e+00 6.185351438060113338e+00 6.185375432348130254e+00 6.768081007938635096e+00 6.768103789982071739e+00 7.872698811681723363e+00 7.872956543927656092e+00 1.019090214936820793e+01 1.019092723957477098e+01 1.096743368601089941e+01 1.096746299413108083e+01 1.111914331593074401e+01 1.111916122853828526e+01 1.192495295745680828e+01 1.192497607794051895e+01 1.272256606511620980e+01 1.272258292921619294e+01 1.478905417040615689e+01 1.478905777653488052e+01 1.656833214214791994e+01 1.656834947170116479e+01 2.324723626079187611e+01 2.324727153790285072e+01
1.398188251154225958e-01 2.186648731982371974e+00 2.186671136166327578e+00 3.493156616489713873e+00 3.493163922808152133e+00 3.915815110359744722e+00 3.915853431825387254e+00 4.801785091178684794e+00 4.801802887684167409e+00 6.196840100039550769e+00 6.196862925605289618e+00 6.761152218546360615e+00 6.761176022087937554e+00 7.870868550425349497e+00 7.871110902029474055e+00 1.019081464525398495e+01 1.019083927437891468e+01 1.097302521513735840e+01 1.097305017986597520e+01 1.112939097897015017e+01 1.112940790127044366e+01 1.191697636172121655e+01 1.191699768029184092e+01 1.272637357078672871e+01 1.272638786240361597e+01 1.478797630109042238e+01 1.478798005443013075e+01 1.655977066880939574e+01 1.655978666272133637e+01 2.324844109140495974e+01 2.324847405421132152e+01
1.413385949536337116e-01 2.196859029064635926e+00 2.196879855236271162e+00 3.493557191380072702e+00 3.493562518423684704e+00 3.922794201886285137e+00 3.922828730718826318e+00 4.808198166591393097e+00 4.808211857806335310e+00 6.207183592239337244e+00 6.207204855738878813e+00 6.754826535312615121e+00 6.754850343676172209e+00 7.869261445910622044e+00 7.869484154345499860e+00 1.019070478098923260e+01 1.019072823391422311e+01 1.097754314437099765e+01 1.097756352616665509e+01 1.113902998265635702e+01 1.113904579552559859e+01 1.190973924319205679e+01 1.190975832229819709e+01 1.272981229168589046e+01 1.272982392030190368e+01 1.478702931412285260e+01 1.478703306926225913e+01 1.655216064622607419e+01 1.655217510717383789e+01 2.324950526312566268e+01 2.324953538644714257e+01
1.428583647918448274e-01 2.205768427139526366e+00 2.205787264408435533e+00 3.493851013655380644e+00 3.493854736349637058e+00 3.928857528314343206e+00 3.928887813176944022e+00 4.813781588285027446e+00 4.813791699593539697e+00 6.216318815503401041e+00 6.216338101905245495e+00 6.749169473622099069e+00 6.749192265536840374e+00 7.867875455746418112e+00 7.868074538576093069e+00 1.019058531717039351e+01 1.019060690314672613e+01 1.098116624409177078e+01 1.098118208464537204e+01 1.114782016277124299e+01 1.114783460073065946e+01 1.190330939601005156e+01 1.190332591663290707e+01 1.273285273013170027e+01 1.273286173368335916e+01 1.478621170997055678e+01 1.478621530186999955e+01 1.654552255974465780e+01 1.654553530809591422e+01 2.325042847657204703e+01 2.325045527550246760e+01
1.443781346300559432e-01 2.213351972267351364e+00 2.213368413444127825e+00 3.494060506714437242e+00 3.494062970845999150e+00 3.933998453625087155e+00 3.934024141223031013e+00 4.818524780397513751e+00 4.818531854050109864e+00 6.224182927275972332e+00 6.224199817036961235e+00 6.744245924007919335e+00 6.744266712422074761e+00 7.866708811007658397e+00 7.866880660206579279e+00 1.019046702873771970e+01 1.019048610631850416e+01 1.098403562077806939e+01 1.098404720711495841e+01 1.115556343259839167e+01 1.115557616003412100e+01 1.189774961204191506e+01 1.189776337810415363e+01 1.273546920804094285e+01 1.273547574800660875e+01 1.478552218181836864e+01 1.478552544931912571e+01 1.653987448126266457e+01 1.653988535801212834e+01 2.325121047894749893e+01 2.325123351853729403e+01
1.458979044682670312e-01 2.219587913395225875e+00 2.219601579494056232e+00 3.494204958347462142e+00 3.494206473415268022e+00 3.938211717246508758e+00 3.938232540787555358e+00 4.822418550161321704e+00 4.822423136906096808e+00 6.230715641394359849e+00 6.230729731360254320e+00 6.740117856033214672e+00 6.740135729316525826e+00 7.865759994183905590e+00 7.865901461674408068e+00 1.019035883726128588e+01 1.019037483628483010e+01 1.098625884333348068e+01 1.098626666757346193e+01 1.116210076804392060e+01 1.116211143949352369e+01 1.189311644751437491e+01 1.189312737666523390e+01 1.273763990513404210e+01 1.273764425679051193e+01 1.478495962009703035e+01 1.478496241854794668e+01 1.653523193828082682e+01 1.653524080749448544e+01 2.325185105867024760e+01 2.325186996254055671e+01
1.474176743064781470e-01 2.224457996915704339e+00 2.224468558342431290e+00 3.494300389613223867e+00 3.494301224809527540e+00 3.941493251399595277e+00 3.941509017894668343e+00 4.825455207993927687e+00 4.825457860835181911e+00 6.235861922805947088e+00 6.235872849666590056e+00 6.736841629034902468e+00 6.736855792779937069e+00 7.865027720484248697e+00 7.865136192881659660e+00 1.019026791130034049e+01 1.019028035181901615e+01 1.098791538381219368e+01 1.098792010180706313e+01 1.116730804190179782e+01 1.116731634466907686e+01 1.188945885426106130e+01 1.188946695442874812e+01 1.273934689887228089e+01 1.273934943711550716e+01 1.478452311410137554e+01 1.478452532247891149e+01 1.653160779849302742e+01 1.653161454926086193e+01 2.325235004083787160e+01 2.325236449860140198e+01
1.489374441446892627e-01 2.227947724887611614e+00 2.227954918843311649e+00 3.494359424947455217e+00 3.494359808933177103e+00 3.943840035801983390e+00 3.943850613631443291e+00 4.827628668270187440e+00 4.827629937061271193e+00 6.239574879165880716e+00 6.239582343443323076e+00 6.734465108015054824e+00 6.734474924724672462e+00 7.864510923226614381e+00 7.864584383986688465e+00 1.019019974118188898e+01 1.019020824908555944e+01 1.098906170243283142e+01 1.098906408776696608e+01 1.117109226884008777e+01 1.117109795068654954e+01 1.188681677960314431e+01 1.188682211330068483e+01 1.274057620288709458e+01 1.274057738402744633e+01 1.478421195232193597e+01 1.478421347733831226e+01 1.652901217208499673e+01 1.652901672000785993e+01 2.325270728359106087e+01 2.325271705695806901e+01
1.504572139829003785e-01 2.230046567548774394e+00 2.230050211333666876e+00 3.494391177160669493e+00 3.494391300340357720e+00 3.945249986717682233e+00 3.945255294839472793e+00 4.828934532918045974e+00 4.828934951737444692e+00 6.241818558398144923e+00 6.241822346266069133e+00 6.733024875703810253e+00 6.733029899018489139e+00 7.864208743877746599e+00 7.864245821318046836e+00 1.019015819302511439e+01 1.019016251207249191e+01 1.098973531505603063e+01 1.098973618530613017e+01 1.117338879800266938e+01 1.117339168366627078e+01 1.188521986426138000e+01 1.188522250653645429e+01 1.274131780145871851e+01 1.274131814010415376e+01 1.478402562226214911e+01 1.478402640070813945e+01 1.652745233364444744e+01 1.652745462189496450e+01 2.325292267542683433e+01 2.325292760288815330e+01
1.519769838211114943e-01 2.230748122068341832e+00 2.230748122068388906e+00 3.494401166739403930e+00 3.494401166739455000e+00 3.945721878284511597e+00 3.945721878284513373e+00 4.829370186503812334e+00 4.829370186503815887e+00 6.242570305930672525e+00 6.242570305930676078e+00 6.732543886815065548e+00 6.732543886815069101e+00 7.864120527141323258e+00 7.864120527141332140e+00 1.019014554554921936e+01 1.019014554554923180e+01 1.098995771740842287e+01 1.098995771740842464e+01 1.117415948321590058e+01 1.117415948321590768e+01 1.188468637636931113e+01 1.188468637636931469e+01 1.274156569743954748e+01 1.274156569743956169e+01 1.478396381014020911e+01 1.478396381014021266e+01 1.652693266524823201e+01 1.652693266524829951e+01 2.325299613349360328e+01 2.325299613349361039e+01
1.519769838211114943e-01 2.230748122068341832e+00 2.230748122068388906e+00 3.494401166739403930e+00 3.494401166739455000e+00 3.945721878284511597e+00 3.945721878284513373e+00 4.829370186503812334e+00 4.829370186503815887e+00 6.242570305930672525e+00 6.242570305930676078e+00 6.732543886815065548e+00 6.732543886815069101e+00 7.864120527141323258e+00 7.864120527141332140e+00 1.019014554554921936e+01 1.019014554554923180e+01 1.098995771740842287e+01 1.098995771740842464e+01 1.117415948321590058e+01 1.117415948321590768e+01 1.188468637636931113e+01 1.188468637636931469e+01 1.274156569743954748e+01 1.274156569743956169e+01 1.478396381014020911e+01 1.478396381014021266e+01 1.652693266524823201e+01 1.652693266524829951e+01 2.325299613349360328e+01 2.325299613349361039e+01
1.529002596955323368e-01 2.230811121540390740e+00 2.230811222712286934e+00 3.494407797597118837e+00 3.494411839127293362e+00 3.945903960970622126e+00 3.945915608398104180e+00 4.829346516010566859e+00 4.829348167630136857e+00 6.242559693674790466e+00 6.242563810154815762e+00 6.732509039319033661e+00 6.732521737614850288e+00 7.863970460618220137e+00 7.864005498311898101e+00 1.019026618136373408e+01 1.019026813802609688e+01 1.098991850173735330e+01 1.098992267959518010e+01 1.117410339631210014e+01 1.117410757075380090e+01 1.188471393113071706e+01 1.188471535670675294e+01 1.274158627753130446e+01 1.274158703852441299e+01 1.478395699315208134e+01 1.478396394610032694e+01 1.652692792824402801e+01 1.652693121025647471e+01 2.325298296691972055e+01 2.325298785649226119e+01
1.538235355699531792e-01 2.230999933401092594e+00 2.231000158866630834e+00 3.494431679670216173e+00 3.494439729027185582e+00 3.946461505758311894e+00 3.946484676718017948e+00 4.829277182903869203e+00 4.829280469642275975e+00 6.242532007723188947e+00 6.242540215416924276e+00 6.732417348287977887e+00 6.732442590985932007e+00 7.863556046832587576e+00 7.863625790116143932e+00 1.019062963178341086e+01 1.019063352286610069e+01 1.098980502260498326e+01 1.098981335123056802e+01 1.117393962469476243e+01 1.117394793048506685e+01 1.188479787665222887e+01 1.188480071965488349e+01 1.274164872343556887e+01 1.274165023181275735e+01 1.478394353981671472e+01 1.478395738329000686e+01 1.652691702036327115e+01 1.652692355300889204e+01 2.325294839002831893e+01 2.325295812689665453e+01
1.547468114443740217e-01 2.231313723966872775e+00 2.231314111910155162e+00 3.494472624150531725e+00 3.494484614037201453e+00 3.947393334593627845e+00 3.947427782748636815e+00 4.829162251409289119e+00 4.829167140469865949e+00 6.242487325677298138e+00 6.242499574065049295e+00 6.732269118733229973e+00 6.732306600284337250e+00 7.862879192999070455e+00 7.862982981179952091e+00 1.019123463506660521e+01 1.019124041653697610e+01 1.098961722436791533e+01 1.098962964946925069e+01 1.117366906682976335e+01 1.117368141824734096e+01 1.188493777280096175e+01 1.188494201718750531e+01 1.274175285549194925e+01 1.274175508432735882e+01 1.478392352142374477e+01 1.478394413114380157e+01 1.652689997340657158e+01 1.652690969425746204e+01 2.325289246012309974e+01 2.325290696008379498e+01
1.556700873187948642e-01 2.231751120963192392e+00 2.231751715853194096e+00 3.494530308481485381e+00 3.494546138239552402e+00 3.948697437382870046e+00 3.948742796850249093e+00 4.829001824828700329e+00 4.829008267524987907e+00 6.242425767995358754e+00 6.242441981331722900e+00 6.732064808025846503e+00 6.732114075671976394e+00 7.861942954169452769e+00 7.862079804951330075e+00 1.019207908652680494e+01 1.019208669344858720e+01 1.098935500973740353e+01 1.098937144961110768e+01 1.117329319827703848e+01 1.117330946789832780e+01 1.188513288700156778e+01 1.188513850931733629e+01 1.274189837016099069e+01 1.274190127979230702e+01 1.478389703545418676e+01 1.478392422641866588e+01 1.652687682965200011e+01 1.652688964588910281e+01 2.325281525832732044e+01 2.325283439594764090e+01
1.565933631932157066e-01 2.232310223588198639e+00 2.232311070404008557e+00 3.494604281338249852e+00 3.494623817328671667e+00 3.950370964842373933e+00 3.950426754507338156e+00 4.828796048284199394e+00 4.828803980640704374e+00 6.242347497316631078e+00 6.242367574676457309e+00 6.731805027487207660e+00 6.731865487854151731e+00 7.860751515720282967e+00 7.860920135568481903e+00 1.019316004712614721e+01 1.019316939495079133e+01 1.098901824645846048e+01 1.098903859171059771e+01 1.117281406067707294e+01 1.117283408075590678e+01 1.188538219986798694e+01 1.188538916989377903e+01 1.274208484081916026e+01 1.274208837970804531e+01 1.478386420507750287e+01 1.478389773324361123e+01 1.652684764162894027e+01 1.652686343101855826e+01 2.325271688932493319e+01 2.325274049898231254e+01
1.575166390676365491e-01 2.232988617241529195e+00 2.232989758155867754e+00 3.494693969411904799e+00 3.494717045578059622e+00 3.952410219128151159e+00 3.952475848340466502e+00 4.828545112602826705e+00 4.828554456140317086e+00 6.242252717520323735e+00 6.242276532868119787e+00 6.731490545036860063e+00 6.731561472783517353e+00 7.859310169782875555e+00 7.859508967537969681e+00 1.019447375543408185e+01 1.019448474165098695e+01 1.098860677667363106e+01 1.098863088991088510e+01 1.117223424648814145e+01 1.117225781077822333e+01 1.188568441304009937e+01 1.188569269452267285e+01 1.274231171893295667e+01 1.274231582479376002e+01 1.478382517856612566e+01 1.478386474307136922e+01 1.652681247187112490e+01 1.652683108404900025e+01 2.325259748107073321e+01 2.325262535832625943e+01
1.584399149420573916e-01 2.233783392997178652e+00 2.233784865361486460e+00 3.494798685804086702e+00 3.494825104458553877e+00 3.954810642577482938e+00 3.954885418180022150e+00 4.828249259341809818e+00 4.828259922034133567e+00 6.242141672522888207e+00 6.242169074812339069e+00 6.731122288858132130e+00 6.731202837261852423e+00 7.857625285836608242e+00 7.857852389403208626e+00 1.019601564278774752e+01 1.019602814887523401e+01 1.098812042900594044e+01 1.098814814454744671e+01 1.117155687953842680e+01 1.117158374554463229e+01 1.188603795911506644e+01 1.188604751048140784e+01 1.274257833561317277e+01 1.274258293679450205e+01 1.478378012863007029e+01 1.478382537452987400e+01 1.652677139265097139e+01 1.652679265069895465e+01 2.325245718447118648e+01 2.325248908776663725e+01
1.593631908164782340e-01 2.234691171288961886e+00 2.234693006257951975e+00 3.494917639801195630e+00 3.494947172679654823e+00 3.957566804969964824e+00 3.957649939594384936e+00 4.827908786952878728e+00 4.827920664339298895e+00 6.242014644818382862e+00 6.242045458129938496e+00 6.730701352025167949e+00 6.730790565355028399e+00 7.855704275735694075e+00 7.855957551635802893e+00 1.019778035144934947e+01 1.019779424505765597e+01 1.098755903339828954e+01 1.098759015706629505e+01 1.117078559147862116e+01 1.117081548312030570e+01 1.188644101353040661e+01 1.188645178847924022e+01 1.274288390354932687e+01 1.274288892065008483e+01 1.478372925167459329e+01 1.478377977317166803e+01 1.652672448569747843e+01 1.652674818799425438e+01 2.325229617303739005e+01 2.325233182570274337e+01
1.602864666908990765e-01 2.235708129287920176e+00 2.235710350792455170e+00 3.495049947768627874e+00 3.495082337392683591e+00 3.960672389778288505e+00 3.960763011326691174e+00 4.827524058080888913e+00 4.827537034515578362e+00 6.241871953768364456e+00 6.241905977494071500e+00 6.730228998017484976e+00 6.730325825520343308e+00 7.853555553484484975e+00 7.853832629030424783e+00 1.019976175552055153e+01 1.019977689281006228e+01 1.098692243874142882e+01 1.098695674779392029e+01 1.116992449424529710e+01 1.116995710491210581e+01 1.188689150822582796e+01 1.188690345609374255e+01 1.274322751932409048e+01 1.274323286702291291e+01 1.478367276698366517e+01 1.478372811111958107e+01 1.652667184189923688e+01 1.652669776422361991e+01 2.325211464251175641e+01 2.325215373506770788e+01
1.612097425653199190e-01 2.236830031504695615e+00 2.236832655457448915e+00 3.495194644887402280e+00 3.495229606272642009e+00 3.964120179929616405e+00 3.964217342143997236e+00 4.827095507988761192e+00 4.827109458006749954e+00 6.241713953649234092e+00 6.241750962735149955e+00 6.729706667030149525e+00 6.729809978328758824e+00 7.851188490115498020e+00 7.851486777927149774e+00 1.020195298434478559e+01 1.020196921239764087e+01 1.098621053330875341e+01 1.098624777657917306e+01 1.116897814867404826e+01 1.116901314465208905e+01 1.188738714688538067e+01 1.188740021270043812e+01 1.274360816610629143e+01 1.274361375518148520e+01 1.478361091583222020e+01 1.478367058660729683e+01 1.652661356099484991e+01 1.652664145885708891e+01 2.325191281047007053e+01 2.325195500320774755e+01
1.621330184397407614e-01 2.238052263163242461e+00 2.238055296856186871e+00 3.495350697448615929e+00 3.495387920185035746e+00 3.967902043632980380e+00 3.968004737636588786e+00 4.826623654095081761e+00 4.826638443872231399e+00 6.241541031466628198e+00 6.241580776724280355e+00 6.729135982968707630e+00 6.729244584647579686e+00 7.848613364057826836e+00 7.848930088623018442e+00 1.020434644810717728e+01 1.020436360732865211e+01 1.098542326799219637e+01 1.098546316630013919e+01 1.116795152943477021e+01 1.116798855367815335e+01 1.188792542154046572e+01 1.188793954570280675e+01 1.274402471672009796e+01 1.274403045623617281e+01 1.478354396052995412e+01 1.478360742341369871e+01 1.652654975125233605e+01 1.652657936242654202e+01 2.325169091590052162e+01 2.325173584171835373e+01
1.630562943141616039e-01 2.239369865885767474e+00 2.239373307569560545e+00 3.495517015423456719e+00 3.495556166143741983e+00 3.972008920850054636e+00 3.972116087527133299e+00 4.826109106603947652e+00 4.826124595487180535e+00 6.241353604548428358e+00 6.241395813048092656e+00 6.728518760998253967e+00 6.728631414131513999e+00 7.845841307411502541e+00 7.846173533367136521e+00 1.020693386532801838e+01 1.020695179175608303e+01 1.098456068229733340e+01 1.098460292918984393e+01 1.116684998650110394e+01 1.116688866272058789e+01 1.188850363029957258e+01 1.188851874786426066e+01 1.274447593708663184e+01 1.274448173672343110e+01 1.478347218339963476e+01 1.478353887019030388e+01 1.652648052913939836e+01 1.652651157636780965e+01 2.325144921876125892e+01 2.325149648623695597e+01
1.639795701885824464e-01 2.240777575218415585e+00 2.240781413865631677e+00 3.495692465039374586e+00 3.495733190276446578e+00 3.976430810994131093e+00 3.976541354057154365e+00 4.825552580197673969e+00 4.825568622280821174e+00 6.241152117929620324e+00 6.241196493489720609e+00 6.727857015496089943e+00 6.727972453852581580e+00 7.842884248564290672e+00 7.843228910359554718e+00 1.020970629194066959e+01 1.020972481938785847e+01 1.098362293300799131e+01 1.098366719588379858e+01 1.116567920341121578e+01 1.116571914044767233e+01 1.188911889596269233e+01 1.188913493554090373e+01 1.274496049003304243e+01 1.274496626253442244e+01 1.478339588569286178e+01 1.478346519968150474e+01 1.652640601898589878e+01 1.652643821282400083e+01 2.325118799951814808e+01 2.325123719619175233e+01
1.649028460630032888e-01 2.242269859519507857e+00 2.242274074777601989e+00 3.495875881112658679e+00 3.495917810533268444e+00 3.981156762437501051e+00 3.981269562015079533e+00 4.824954906751590222e+00 4.824971352471852271e+00 6.240937041544509789e+00 6.240983265333245100e+00 6.727152968236554287e+00 6.727269916881523315e+00 7.839754851603240482e+00 7.840108784195205516e+00 1.021265415164762302e+01 1.021267311360920971e+01 1.098261032536996851e+01 1.098265624702900034e+01 1.116444515262936044e+01 1.116448594907476632e+01 1.188976818527720880e+01 1.188978506761358744e+01 1.274547693946248295e+01 1.274548260318297466e+01 1.478331538644636467e+01 1.478338670783785069e+01 1.652632635264028238e+01 1.652635939441035973e+01 2.325090755866438030e+01 2.325095825450652498e+01
1.658261219374241313e-01 2.243840959732559259e+00 2.243845522070917919e+00 3.496066078915523345e+00 3.496108828901834720e+00 3.986174864392222794e+00 3.986288790956413308e+00 4.824317049016181969e+00 4.824333746746508389e+00 6.240708867243834668e+00 6.240756598511326914e+00 6.726409056615800353e+00 6.726526250615742164e+00 7.836466452983054332e+00 7.836826423208816728e+00 1.021576726726019757e+01 1.021578649853634246e+01 1.098152334657049956e+01 1.098157054721886894e+01 1.116315404837552983e+01 1.116319529739825356e+01 1.189044832859813106e+01 1.189046596491928476e+01 1.274602375487781103e+01 1.274602923640652818e+01 1.478323102128170063e+01 1.478330371282285682e+01 1.652624166912102055e+01 1.652627525394064278e+01 2.325060821622330565e+01 2.325065996726132411e+01
1.667493978118449738e-01 2.245484929572515220e+00 2.245489800625295906e+00 3.496261865386979473e+00 3.496305042923949280e+00 3.991472241706242041e+00 3.991586170146414148e+00 4.823640115194828937e+00 4.823656912808151453e+00 6.240468105656845843e+00 6.240516982618681929e+00 6.725627941703620216e+00 6.725744144631918608e+00 7.833032995917622365e+00 7.833395734186364479e+00 1.021903489274702359e+01 1.021905423074379904e+01 1.098036270120641866e+01 1.098041078093299561e+01 1.116181229735353853e+01 1.116185359167731406e+01 1.189115603972770963e+01 1.189117432998521906e+01 1.274659931625278553e+01 1.274660455309007290e+01 1.478314314115156058e+01 1.478321655391456879e+01 1.652615211426426001e+01 1.652618593411575887e+01 2.325029031123622758e+01 2.325034266330929711e+01
1.676726736862658163e-01 2.247195675668795189e+00 2.247200808770333680e+00 3.496462049532452987e+00 3.496505256346497337e+00 3.997035053086230860e+00 3.997147876727789928e+00 4.822925374324776193e+00 4.822942120707584657e+00 6.240215282920717144e+00 6.240264923816643439e+00 6.724812515889262876e+00 6.724926537825285600e+00 7.829468962960660861e+00 7.829831194913112746e+00 1.022244574574421883e+01 1.022246503143854390e+01 1.097912934834121046e+01 1.097917789006670652e+01 1.116042644787416904e+01 1.116046738485213119e+01 1.189188793572649772e+01 1.189190676687436898e+01 1.274720191924928514e+01 1.274720686249513335e+01 1.478305211103595340e+01 1.478312559030376150e+01 1.652605784036884629e+01 1.652609158717550386e+01 2.324995420123653744e+01 2.325000669384979446e+01
1.685959495606866587e-01 2.248966997229733256e+00 2.248972338133977900e+00 3.496665451893455678e+00 3.496708288777409912e+00 4.002848493226377258e+00 4.002959137587485117e+00 4.822174272344665447e+00 4.822190818839110271e+00 6.239950937302809919e+00 6.240000941657299904e+00 6.723965909869041191e+00 6.724076624582938422e+00 7.825789307236552084e+00 7.826147785028228832e+00 1.022598804031535913e+01 1.022600711889097624e+01 1.097782453965259464e+01 1.097787311253634002e+01 1.115900313793669163e+01 1.115904332465274607e+01 1.189264055650867213e+01 1.189265980095881936e+01 1.274782978079373663e+01 1.274783439775874072e+01 1.478295830859137894e+01 1.478303119979082503e+01 1.652595900583937905e+01 1.652599237451451586e+01 2.324960026171166660e+01 2.324965243195831377e+01
1.695192254351075012e-01 2.250792624821189580e+00 2.250798112591184452e+00 3.496870913004795689e+00 3.496912984256664636e+00 4.008896799286779000e+00 4.009004235364928448e+00 4.821388448703466167e+00 4.821404650459697905e+00 6.239675615743778714e+00 6.239725565858285528e+00 6.723091498705938029e+00 6.723197859725640768e+00 7.822009382773373432e+00 7.822360915651441537e+00 1.022964951979188264e+01 1.022966824097624539e+01 1.097644985807138518e+01 1.097649802134531427e+01 1.115754904289550709e+01 1.115758810121633005e+01 1.189341038405655482e+01 1.189342989844743137e+01 1.274848104505715796e+01 1.274848532159232661e+01 1.478286212275667744e+01 1.478293377738462944e+01 1.652585577482790669e+01 1.652588846626361985e+01 2.324922888555440892e+01 2.324928027207392844e+01
1.704425013095283437e-01 2.252666257886041912e+00 2.252671825933669769e+00 3.497077300792255983e+00 3.497118218689859059e+00 4.015163262132394273e+00 4.015266519015395552e+00 4.820569753332415885e+00 4.820585470555748486e+00 6.239389870352999523e+00 6.239439333062268389e+00 6.722192906676396795e+00 6.722293961942641616e+00 7.818144874378099018e+00 7.818486358239445266e+00 1.023341748957327901e+01 1.023343570772691535e+01 1.097500725621462614e+01 1.097505456339937702e+01 1.115607082339552392e+01 1.115610839488758721e+01 1.189419386111269361e+01 1.189421348550772883e+01 1.274915378994105453e+01 1.274915773204978109e+01 1.478276395231875462e+01 1.478283373380660315e+01 1.652574831687502765e+01 1.652578004083846963e+01 2.324884048250460111e+01 2.324889062944485474e+01
1.713657771839491861e-01 2.254581600668400299e+00 2.254587177919781027e+00 3.497283516895097755e+00 3.497322906126898889e+00 4.021630242712179282e+00 4.021728419315053316e+00 4.819720263764014412e+00 4.819735362844626891e+00 6.239094254890970248e+00 6.239142783617793064e+00 6.721274010607098504e+00 6.721368915436850777e+00 7.814211727478269864e+00 7.814540173117774380e+00 1.023727884982088909e+01 1.023729642384968486e+01 1.097349909382554323e+01 1.097354509727033900e+01 1.115457507430400597e+01 1.115461082492254086e+01 1.189498740922983977e+01 1.189500696683722225e+01 1.274984603424544183e+01 1.274984966815564391e+01 1.478266420444225560e+01 1.478273149390465946e+01 1.652563680655062228e+01 1.652566728445723854e+01 2.324843547858294457e+01 2.324848393953338288e+01
1.722890530583700286e-01 2.256532396249037564e+00 2.256537908406297976e+00 3.497488501926919291e+00 3.497526003899438685e+00 4.028279193932633007e+00 4.028371469672812566e+00 4.818842302139016098e+00 4.818856656655553294e+00 6.238789321276587252e+00 6.238836458420155218e+00 6.720338941396412302e+00 6.720426969494880609e+00 7.810226078336760303e+00 7.810538638119714605e+00 1.024122012803860748e+01 1.024123692121387208e+01 1.097192817335611181e+01 1.097197242903322945e+01 1.115306827539480672e+01 1.115310189984603539e+01 1.189578744608119543e+01 1.189580674355759626e+01 1.275055574571459793e+01 1.275055911516243157e+01 1.478256329316675455e+01 1.478262749498164652e+01 1.652552142309439276e+01 1.652555039062934839e+01 2.324801431551763997e+01 2.324806065738100358e+01
1.732123289327908711e-01 2.258512458442174964e+00 2.258517829309061309e+00 3.497691239712512612e+00 3.497726516657865936e+00 4.035090688359121103e+00 4.035176332597134596e+00 4.817938451795213517e+00 4.817951943387254410e+00 6.238475616160793713e+00 6.238520895853111981e+00 6.719392083411352523e+00 6.719472635697877116e+00 7.806204185025654496e+00 7.806498177745948119e+00 1.024522751159650724e+01 1.024524339137585649e+01 1.097029777276958029e+01 1.097033984524594885e+01 1.115155674454762824e+01 1.115158797022292347e+01 1.189659040195272155e+01 1.189660923032402806e+01 1.275128084994200428e+01 1.275128400941579443e+01 1.478246163787566836e+01 1.478252218504412241e+01 1.652540235005653102e+01 1.652542955961770943e+01 2.324757745016530563e+01 2.324762125693530734e+01
1.741356048072117135e-01 2.260515701349695483e+00 2.260520854186129469e+00 3.497890760558290069e+00 3.497923499370466871e+00 4.042044452064696536e+00 4.042122832155798484e+00 4.817011573078922915e+00 4.817024092186954931e+00 6.238153677611057546e+00 6.238196628873176941e+00 6.718438071452925264e+00 6.718510682496207309e+00 7.802162359523024726e+00 7.802435293238804803e+00 1.024928688031856261e+01 1.024930171826174607e+01 1.096861167460512831e+01 1.096865114210840453e+01 1.115004659420694111e+01 1.115007518458831726e+01 1.189739273535829689e+01 1.189741087156218491e+01 1.275201923953803274e+01 1.275202224338067936e+01 1.478235966174112903e+01 1.478241602097770091e+01 1.652527977493826583e+01 1.652530499787680895e+01 2.324712535392734480e+01 2.324716623034027663e+01
1.750588806816325560e-01 2.262536166414661931e+00 2.262541025284174889e+00 3.498086143629552058e+00 3.498116059364916097e+00 4.049119404938445577e+00 4.049189992761949242e+00 4.816064817964497813e+00 4.816076264439659305e+00 6.237824031954381176e+00 6.237864182279126979e+00 6.717481784990908977e+00 6.717546126883942925e+00 7.798116901272061696e+00 7.798366493942302746e+00 1.025338383932147757e+01 1.025339751118887754e+01 1.096687419033864686e+01 1.096691064983295583e+01 1.114854369180024030e+01 1.114856944924186699e+01 1.189819094773502961e+01 1.189820815676492316e+01 1.275276878239248290e+01 1.275277167195024752e+01 1.478225779014914210e+01 1.478230946665600598e+01 1.652515388883236724e+01 1.652517691746940542e+01 2.324665851216222023e+01 2.324669608719116809e+01
1.759821565560533985e-01 2.264568046862053041e+00 2.264572537936454744e+00 3.498276518518646405e+00 3.498303357504543243e+00 4.056293707763749978e+00 4.056356084620889035e+00 4.815101643006988397e+00 4.815111926596062908e+00 6.237487190828670869e+00 6.237524070208863236e+00 6.716528339384769453e+00 6.716584222928888792e+00 7.794084032515668170e+00 7.794308230293910178e+00 1.025750375235599776e+01 1.025751613846387578e+01 1.096509017909396455e+01 1.096512325128146159e+01 1.114705362474212080e+01 1.114707639254173621e+01 1.189898159719190751e+01 1.189899763480012140e+01 1.275352732817947832e+01 1.275353012083940563e+01 1.478215644910982718e+01 1.478220299099088386e+01 1.652502488606341657e+01 1.652504553546458510e+01 2.324617742359501804e+01 2.324621135375634751e+01
1.769054324304742409e-01 2.266605709458584972e+00 2.266609762245776150e+00 3.498461066094933791e+00 3.498484608599677248e+00 4.063544816380045610e+00 4.063598676177132774e+00 4.814125820092597152e+00 4.814134860806665195e+00 6.237143648494349435e+00 6.237176793904948724e+00 6.715583073830592831e+00 6.715630446940595633e+00 7.790079835692100829e+00 7.790276828766875106e+00 1.026163177596361464e+01 1.026164276185059521e+01 1.096326505980916721e+01 1.096329439397696426e+01 1.114558167055114879e+01 1.114560133423953481e+01 1.189976131129857784e+01 1.189977592719873556e+01 1.275429271352427030e+01 1.275429539659014111e+01 1.478205606365752800e+01 1.478209706593220574e+01 1.652489296382745820e+01 1.652491107331995934e+01 2.324568259972493678e+01 2.324571257216793185e+01
1.778287083048950834e-01 2.268643713565769549e+00 2.268647262029712675e+00 3.498639018731176886e+00 3.498659081158680184e+00 4.070849543247135216e+00 4.070894693908476469e+00 4.813141444390264034e+00 4.813149172767747785e+00 6.236793879458653933e+00 6.236822839787848238e+00 6.714651535805895577e+00 6.714690479093282427e+00 7.786120193147231916e+00 7.786288429051673177e+00 1.026575289481709419e+01 1.026576237225243382e+01 1.096140481604087213e+01 1.096143009467828655e+01 1.114413277248328349e+01 1.114414926027800945e+01 1.190052679891400977e+01 1.190053974040878160e+01 1.275506276712095755e+01 1.275506529684352053e+01 1.478195705624579936e+01 1.478199216442602548e+01 1.652475832183100835e+01 1.652477375625134925e+01 2.324517456423121331e+01 2.324520029958322453e+01
1.787519841793159259e-01 2.270676827499402695e+00 2.270679811045365426e+00 3.498809660000572030e+00 3.498826096583281142e+00 4.078184126736603687e+00 4.078220489820282957e+00 4.812152938850404738e+00 4.812159296127028973e+00 6.236438336464911636e+00 6.236462677873008786e+00 6.713739461825028343e+00 6.713770181362967548e+00 7.782220729388241942e+00 7.782358923733439404e+00 1.026985195866174472e+01 1.026985982699954469e+01 1.095951599269291599e+01 1.095953693581079236e+01 1.114271152094410944e+01 1.114272480333561255e+01 1.190127486106542243e+01 1.190128587701534713e+01 1.275583531572636886e+01 1.275583761989333809e+01 1.478185984514268903e+01 1.478188875834074345e+01 1.652462116192880615e+01 1.652463381259251562e+01 2.324465385237835591e+01 2.324467510731962250e+01
1.796752600537367683e-01 2.272700042245288099e+00 2.272702406548939624e+00 3.498972323936417883e+00 3.498985027910509693e+00 4.085524308476772504e+00 4.085551916995712851e+00 4.811165054545500475e+00 4.811169992744710022e+00 6.236077448896968356e+00 6.236096760563474284e+00 6.712852754367260033e+00 6.712875571687892062e+00 7.778396756070314666e+00 7.778503900687466555e+00 1.027391372131177327e+01 1.027391988916866872e+01 1.095760568408087110e+01 1.095762205317171123e+01 1.114132214078873950e+01 1.114133222925149624e+01 1.190200240089796324e+01 1.190201124593991366e+01 1.275660819112398059e+01 1.275661017336606129e+01 1.478176484283174830e+01 1.478178731637114218e+01 1.652448168776037463e+01 1.652449147314856859e+01 2.324412101042099010e+01 2.324413757996515528e+01
1.805985359281576108e-01 2.274708582612170460e+00 2.274710280277429053e+00 3.499126393941906610e+00 3.499135298198786881e+00 4.092845419070761714e+00 4.092864413550853619e+00 4.810182866107543198e+00 4.810186348065468742e+00 6.235711621645679159e+00 6.235725521844438290e+00 6.711997454898426696e+00 6.712012794319758946e+00 7.774663219874151210e+00 7.774738588378918180e+00 1.027792288218090277e+01 1.027792726938949386e+01 1.095568151288502001e+01 1.095569311446945981e+01 1.113996848446112153e+01 1.113997542930903251e+01 1.190270643272326900e+01 1.190271287164284608e+01 1.275737923770931381e+01 1.275738078231170292e+01 1.478167245442430833e+01 1.478168830193062711e+01 1.652434010438480527e+01 1.652434697054576063e+01 2.324357659500889994e+01 2.324358831446752305e+01
1.815218118025784533e-01 2.276697915932078153e+00 2.276698906969537362e+00 3.499271301430970205e+00 3.499276378648747077e+00 4.100122472486420477e+00 4.100133095322801680e+00 4.809211761493324744e+00 4.809213760832271589e+00 6.235341234478738670e+00 6.235349376899543827e+00 6.711179712973064149e+00 6.711188086398414576e+00 7.771034653395964220e+00 7.771077804214074902e+00 1.028186413083506068e+01 1.028186667060321113e+01 1.095375159969713685e+01 1.095375828840796295e+01 1.113865403077068983e+01 1.113865791820309070e+01 1.190338409020219501e+01 1.190338790236268274e+01 1.275814632033613272e+01 1.275814729700017658e+01 1.478158307608906696e+01 1.478159217104265899e+01 1.652419661791357797e+01 1.652420053858087812e+01 2.324302117259235345e+01 2.324302791920414890e+01
1.824450876769992957e-01 2.278663758441799025e+00 2.278664010567156062e+00 3.499406524274589092e+00 3.499407786541959720e+00 4.107330269377092336e+00 4.107332857578456675e+00 4.808257425307938426e+00 4.808257926371722668e+00 6.234966641948069821e+00 6.234968722161135624e+00 6.710405751477295233e+00 6.710407740856196845e+00 7.767525129135920636e+00 7.767535906051586281e+00 1.028572219504454210e+01 1.028572283623232764e+01 1.095182452302578469e+01 1.095182620418493968e+01 1.113738188896260439e+01 1.113738283737422030e+01 1.190403263370198417e+01 1.190403361743287647e+01 1.275890733219611306e+01 1.275890760058349116e+01 1.478149709350490326e+01 1.478149937024248217e+01 1.652405143514149444e+01 1.652405241157340754e+01 2.324245531882835536e+01 2.324245701303638612e+01
1.833683635514201382e-01 2.280601568258175949e+00 2.280602079498641022e+00 3.499529083071778235e+00 3.499531585118581312e+00 4.114438485962844005e+00 4.114443509523857401e+00 4.807324812708289485e+00 4.807325814944690912e+00 6.234583935797810561e+00 6.234588173859108906e+00 6.709678065838570404e+00 6.709681828149843597e+00 7.764126746940780421e+00 7.764148216632939636e+00 1.028948060219256888e+01 1.028948189278011505e+01 1.094990590143434872e+01 1.094990926978771562e+01 1.113615296326811333e+01 1.113615480761384013e+01 1.190464743372303325e+01 1.190464945687234533e+01 1.275965961667175996e+01 1.275966020261573064e+01 1.478141033450026320e+01 1.478141488034289353e+01 1.652390282372326524e+01 1.652390476317523849e+01 2.324187622435038492e+01 2.324187961798733681e+01
1.842916394258409807e-01 2.282507812537476699e+00 2.282509103799899908e+00 3.499639871131543067e+00 3.499646049630954714e+00 4.121424776804789580e+00 4.121436913489529452e+00 4.806420628829468633e+00 4.806423128864743433e+00 6.234195378633054396e+00 6.234206136315307845e+00 6.709005340916656124e+00 6.709014193596776643e+00 7.760863633113906701e+00 7.760916942757308590e+00 1.029312495312461273e+01 1.029312818853950517e+01 1.094800677080562323e+01 1.094801517647684364e+01 1.113497071997670851e+01 1.113497518778734552e+01 1.190522691125589994e+01 1.190523209248751968e+01 1.276040131681048528e+01 1.276040290471388339e+01 1.478132548517752731e+01 1.478133679678393975e+01 1.652375200847716386e+01 1.652375680905992894e+01 2.324128619008812180e+01 2.324129466236103170e+01
1.852149153002618232e-01 2.284379231473508742e+00 2.284381311786404911e+00 3.499739793116527498e+00 3.499749524729123706e+00 4.128266666754487169e+00 4.128285353432232796e+00 4.805551784532696935e+00 4.805555766448661004e+00 6.233803395478359377e+00 6.233820813337497491e+00 6.708395770465963359e+00 6.708409046089582439e+00 7.757759285217963985e+00 7.757843755134867791e+00 1.029664108314136683e+01 1.029664625430395652e+01 1.094613848553580837e+01 1.094615186136666551e+01 1.113383819564163346e+01 1.113384509980264703e+01 1.190576975805480231e+01 1.190577821760327559e+01 1.276113072782234603e+01 1.276113346288849648e+01 1.478124522802826846e+01 1.478126318807824013e+01 1.652360019790620527e+01 1.652360777940345926e+01 2.324068755477136961e+01 2.324070105167113454e+01
1.861381911746826656e-01 2.286212567374735105e+00 2.286215438418529811e+00 3.499828528787284121e+00 3.499841656829299819e+00 4.134939371538717268e+00 4.134963992837992208e+00 4.804724841443210437e+00 4.804730279010491323e+00 6.233408316853380704e+00 6.233432469043076019e+00 6.707855434696566199e+00 6.707872483498825922e+00 7.754825802732860929e+00 7.754940488641278939e+00 1.030001446127462650e+01 1.030002153530769071e+01 1.094431092453581300e+01 1.094432914826735015e+01 1.113275716195298060e+01 1.113276630293612790e+01 1.190627383427788288e+01 1.190628565807815598e+01 1.276184593896900843e+01 1.276184996010735873e+01 1.478116995125626509e+01 1.478119438315273904e+01 1.652344762209753171e+01 1.652345787999903237e+01 2.324008096952183422e+01 2.324009939247858370e+01
1.870614670491035081e-01 2.288004814053012481e+00 2.288008470517053361e+00 3.499905793233230256e+00 3.499922130152873567e+00 4.141418533378914191e+00 4.141448434691786140e+00 4.803946455006745886e+00 4.803953311780079893e+00 6.233010461054635520e+00 6.233041350353677679e+00 6.707390238946351779e+00 6.707410452759894781e+00 7.752074631485172063e+00 7.752218334870529581e+00 1.030323090166137945e+01 1.030323982065495336e+01 1.094253408768062741e+01 1.094255698252659670e+01 1.113172909605612837e+01 1.113174026734631106e+01 1.190673715569670321e+01 1.190675239250822237e+01 1.276254510888935556e+01 1.276255054497989683e+01 1.478110002364023501e+01 1.478113069327307194e+01 1.652329450856245430e+01 1.652330731544626374e+01 2.323946709108069797e+01 2.323949029759381091e+01
1.879847429235243506e-01 2.289753212880464961e+00 2.289757642862368492e+00 3.499971334968329018e+00 3.499990665118475341e+00 4.147680376324728080e+00 4.147714877314068183e+00 4.803223307531843567e+00 4.803231536930317347e+00 6.232610136523499378e+00 6.232647690183239497e+00 6.707005861990777973e+00 6.707028697287059416e+00 7.749516534132151691e+00 7.749687814450099133e+00 1.030627663833482544e+01 1.030628731863978054e+01 1.094081800416705796e+01 1.094084534013536469e+01 1.113075520418449926e+01 1.113076819752796354e+01 1.190715789657641999e+01 1.190717655562346700e+01 1.276322647227227058e+01 1.276323343858449633e+01 1.478103579273779822e+01 1.478107241076599720e+01 1.652314108166347495e+01 1.652315628877125775e+01 2.323884658083056465e+01 2.323887438548710094e+01
1.889080187979451930e-01 2.291455247831924336e+00 2.291460433243443617e+00 3.500024934183074254e+00 3.500047016841787872e+00 4.153701868412523091e+00 4.153740276746453297e+00 4.802562032684680737e+00 4.802571578054867452e+00 6.232207644454013540e+00 6.232251711041422837e+00 6.706707704269338599e+00 6.706732702753321007e+00 7.747161563460692513e+00 7.747358752047517783e+00 1.030913840428223338e+01 1.030915073641630286e+01 1.093917263498194536e+01 1.093920413097614386e+01 1.112983644636254432e+01 1.112985105662919239e+01 1.190753439201406394e+01 1.190755644119233914e+01 1.276388834622583879e+01 1.276389694102518213e+01 1.478097758317943544e+01 1.478101980780860281e+01 1.652298756206222663e+01 1.652300500104627190e+01 2.323822010382325942e+01 2.323825227969943796e+01
1.898312946723660355e-01 2.293108639698789641e+00 2.293114556643620183e+00 3.500066401170938146e+00 3.500090973760098922e+00 4.159460889171416653e+00 4.159502514183091471e+00 4.801969132216755476e+00 4.801979926880139971e+00 6.231803281572121378e+00 6.231853628971316894e+00 6.706500837045764385e+00 6.706527641665371853e+00 7.745019038320097415e+00 7.745240253888724169e+00 1.031180351420467822e+01 1.031181736343638455e+01 1.093760777070893830e+01 1.093764309743319707e+01 1.112897356156685547e+01 1.112898959101549501e+01 1.190786513978967598e+01 1.190789050447868647e+01 1.276452913630785524e+01 1.276453943769033117e+01 1.478092569506269527e+01 1.478097313529010748e+01 1.652283416619063772e+01 1.652285365101009518e+01 2.323758832781633643e+01 2.323762460825313170e+01
1.907545705467868780e-01 2.294711339650265636e+00 2.294717958743123454e+00 3.500095574941866516e+00 3.500122356393865708e+00 4.164936400581762399e+00 4.164980566526108596e+00 4.801450886121535255e+00 4.801462853411825549e+00 6.231397343009982492e+00 6.231453657725111839e+00 6.706389953532712944e+00 6.706418317251763739e+00 7.743097521987480469e+00 7.743340687589624238e+00 1.031425995017060515e+01 1.031427515782472781e+01 1.093613292608904608e+01 1.093617170976704145e+01 1.112816709278826721e+01 1.112818435452865806e+01 1.190814880178278301e+01 1.190817736429258034e+01 1.276514734218525327e+01 1.276515940518545733e+01 1.478088040245684986e+01 1.478093262175209510e+01 1.652268110574670956e+01 1.652270243468948507e+01 2.323695192232151996e+01 2.323699200306214863e+01
1.916778464212077204e-01 2.296261522307780467e+00 2.296268808910145953e+00 3.500112322030732415e+00 3.500141016253780268e+00 4.170108619161016605e+00 4.170154677713237668e+00 4.801013257852507543e+00 4.801026311153999693e+00 6.230990125193916818e+00 6.231052013069336759e+00 6.706379322825692491e+00 6.706409107443549900e+00 7.741404802751557845e+00 7.741667664089114886e+00 1.031649644910678099e+01 1.031651283460971946e+01 1.093475723293387780e+01 1.093479905983496714e+01 1.112741741149893038e+01 1.112743573196286562e+01 1.190838420500388928e+01 1.190841580467356131e+01 1.276574156289354711e+01 1.276575541691273230e+01 1.478084195202725581e+01 1.478089847241257360e+01 1.652252858721704598e+01 1.652255154502347878e+01 2.323631155766822332e+01 2.323635509934179311e+01
1.926011222956285629e-01 2.297757578484470820e+00 2.297765492840566637e+00 3.500116535504081305e+00 3.500146834898019588e+00 4.174959186433907732e+00 4.175006528048334609e+00 4.800661796666611636e+00 4.800675839470989636e+00 6.230581928660864577e+00 6.230648917101191842e+00 6.706472747049620153e+00 6.706503910206087937e+00 7.739947876493385337e+00 7.740228021464208297e+00 1.031850259082863097e+01 1.031851995448437620e+01 1.093348933316213234e+01 1.093353375490693580e+01 1.112672474109136722e+01 1.112674396136078592e+01 1.190857034228758238e+01 1.190860477624152836e+01 1.276631050166960435e+01 1.276632614826991308e+01 1.478081056178824859e+01 1.478087086827913410e+01 1.652237681142712233e+01 1.652240117149122156e+01 2.323566790408483484e+01 2.323571453501734041e+01
1.935243981700494054e-01 2.299198107729912621e+00 2.299206604996160586e+00 3.500108134165857976e+00 3.500139723142330794e+00 4.179471334668578564e+00 4.179519398393032326e+00 4.800401539555919861e+00 4.800416465561882617e+00 6.230173060717949518e+00 6.230244602451813662e+00 6.706673521542859895e+00 6.706706092062039382e+00 7.738732931044040697e+00 7.739027810407914210e+00 1.032026888509282969e+01 1.032028701155069150e+01 1.093233727387807974e+01 1.093238381347087618e+01 1.112608917891761884e+01 1.112610915481475082e+01 1.190870637268969290e+01 1.190874339724675046e+01 1.276685297033442978e+01 1.276687038144284259e+01 1.478078641999242926e+01 1.478084996535592843e+01 1.652222597312080410e+01 1.652225149974498564e+01 2.323502163080074467e+01 2.323507095013144763e+01
1.944476740444702478e-01 2.300581910804246011e+00 2.300590940975872467e+00 3.500087061959290313e+00 3.500119620422786237e+00 4.183630044459170527e+00 4.183678325783570351e+00 4.800236915560976314e+00 4.800252608847586977e+00 6.229763837861971965e+00 6.229839316250376235e+00 6.706984397522857577e+00 6.707018441987139923e+00 7.737765332106945948e+00 7.738072281156511245e+00 1.032178685597396850e+01 1.032180551831899429e+01 1.093130840652195346e+01 1.093135656503032038e+01 1.112551071661419577e+01 1.112553131753769620e+01 1.190879162162763194e+01 1.190883095434708139e+01 1.276736789320516152e+01 1.276738700976649099e+01 1.478076968416358383e+01 1.478083589394900343e+01 1.652207626057017364e+01 1.652210271124979712e+01 2.323437340517180871e+01 2.323442498624992680e+01
1.953709499188910903e-01 2.301907982192822111e+00 2.301917489941756489e+00 3.500053287559976578e+00 3.500086494309363694e+00 4.187422190542668510e+00 4.187470246858736367e+00 4.800171655489569922e+00 4.800187990800110605e+00 6.229354587880951755e+00 6.229433323725742433e+00 6.707407546855666425e+00 6.707443132602511682e+00 7.737049610548713652e+00 7.737365871666641581e+00 1.032304912174052625e+01 1.032306808610784010e+01 1.093040929218294188e+01 1.093045855595712368e+01 1.112498925845297215e+01 1.112501036504018970e+01 1.190882558079821152e+01 1.190886690313635476e+01 1.276785431051857778e+01 1.276787504163156761e+01 1.478076048027930511e+01 1.478082875807381491e+01 1.652192785521651430e+01 1.652195498293126974e+01 2.323372389183167286e+01 2.323377728586565993e+01
1.962942257933119328e-01 2.303175502757849546e+00 2.303185427205628688e+00 3.500006804153769302e+00 3.500040340167518416e+00 4.190836672182328471e+00 4.190884125455704989e+00 4.800208710160882575e+00 4.800225553337257978e+00 6.228945651568097652e+00 6.229026911329957450e+00 6.707944529299611602e+00 6.707981689718085505e+00 7.736589450885279717e+00 7.736912196863142022e+00 1.032404946834762427e+01 1.032406849893402701e+01 1.092964561516244260e+01 1.092969546345972987e+01 1.112452463751061948e+01 1.112454613831011052e+01 1.190880790790321342e+01 1.190885086844433260e+01 1.276831138135102961e+01 1.276833360391494310e+01 1.478075890210868337e+01 1.478082863496851473e+01 1.652178093134315873e+01 1.652180848683326886e+01 2.323307375187159352e+01 2.323312849180058848e+01
1.972175016677327752e-01 2.304383832608907223e+00 2.304394107066156216e+00 3.499947629390989245e+00 3.499981180963133376e+00 4.193864524555265483e+00 4.193911060878330765e+00 4.800350180232592301e+00 4.800367388840772520e+00 6.228537383989457332e+00 6.228620389279832636e+00 6.708596263458554532e+00 6.708634970255192620e+00 7.736387680819530210e+00 7.736714038805309279e+00 1.032478291468624398e+01 1.032480177900803398e+01 1.092902210679717712e+01 1.092907201965217823e+01 1.112411662950136737e+01 1.112413841693566674e+01 1.190873842620809597e+01 1.190878264442445555e+01 1.276873838602294597e+01 1.276876194491468475e+01 1.478076501070922077e+01 1.478083557471587284e+01 1.652163565578086590e+01 1.652166338978716098e+01 2.323242364205054855e+01 2.323247924660525854e+01
1.981407775421536177e-01 2.305532504261252225e+00 2.305543055971003064e+00 3.499875805507846938e+00 3.499909067205879243e+00 4.196499007860839292e+00 4.196544373682630003e+00 4.800597260432161839e+00 4.800614684615462480e+00 6.228130155259798073e+00 6.228214093429476961e+00 6.709363003123500313e+00 6.709403147936408018e+00 7.736446261722492501e+00 7.736773337652784299e+00 1.032524576783884740e+01 1.032526424206471027e+01 1.092854248139321172e+01 1.092859194755484431e+01 1.112376496417096483e+01 1.112378693014068709e+01 1.190861712395481042e+01 1.190866219444206742e+01 1.276913472797890314e+01 1.276915943677254717e+01 1.478077883408618476e+01 1.478084959997627301e+01 1.652149218764617089e+01 1.652151985309460969e+01 2.323177421403797283e+01 2.323183019195624155e+01
1.990640534165744602e-01 2.306621216136684804e+00 2.306631966061654104e+00 3.499791399604819553e+00 3.499824077024958680e+00 4.198735671321013108e+00 4.198779666355244800e+00 4.800950200601623585e+00 4.800967684190656115e+00 6.227724350796274955e+00 6.227808386406398000e+00 6.710244320528627071e+00 6.710285706053181976e+00 7.736766279990486161e+00 7.737091183350520041e+00 1.032543566678884872e+01 1.032545354096241397e+01 1.092820938588038970e+01 1.092825791062258922e+01 1.112346933420168327e+01 1.112349136571442720e+01 1.190844415364448494e+01 1.190848965077148769e+01 1.276949993513681036e+01 1.276952557736887250e+01 1.478080036701647160e+01 1.478087070583353402e+01 1.652135067811285296e+01 1.652137803222538537e+01 2.323112611369078806e+01 2.323118196805114266e+01
1.999873292909953026e-01 2.307649826449372998e+00 2.307660689143486987e+00 3.499694504071096279e+00 3.499726316370621593e+00 4.200572389865334877e+00 4.200614856961220056e+00 4.801408285391356223e+00 4.801425667287232635e+00 6.227320371035760083e+00 6.227403657967000683e+00 6.711239097526554787e+00 6.711281436888323348e+00 7.737347939255195151e+00 7.737667807995195268e+00 1.032535161331248830e+01 1.032536869627089970e+01 1.092802436447840186e+01 1.092807147708531090e+01 1.112322940162681384e+01 1.112325137682201515e+01 1.190821983120126326e+01 1.190826531410695566e+01 1.276983366070319725e+01 1.276985999167790986e+01 1.478082957103791273e+01 1.478089885975467688e+01 1.652121127021696978e+01 1.652123807653245180e+01 2.323047998036609485e+01 2.323053521300124302e+01
2.009106051654161451e-01 2.308618347505927204e+00 2.308629231107891755e+00 3.499585237143572503e+00 3.499615919334197134e+00 4.202009372062553538e+00 4.202050184663391974e+00 4.801969833733141790e+00 4.801986949565008267e+00 6.226918630618629713e+00 6.227000324551921651e+00 6.712345525119130407e+00 6.712388447664072721e+00 7.738190553470287725e+00 7.738502578891397476e+00 1.032499398913305733e+01 1.032501011292588622e+01 1.092798783928139805e+01 1.092803310000990180e+01 1.112304480179365385e+01 1.112306658668132009e+01 1.190794463502352762e+01 1.190798965288837508e+01 1.277013568345391548e+01 1.277016243257376971e+01 1.478086637460405761e+01 1.478093400166435778e+01 1.652107409869516275e+01 1.652110012898563340e+01 2.322983644627110777e+01 2.322989056222211346e+01
2.018338810398369876e-01 2.309526940436791520e+00 2.309537746818734583e+00 3.499463743588259401e+00 3.499493048578575571e+00 4.203049138748104596e+00 4.203088186905061363e+00 4.802632218428661837e+00 4.802648902468749981e+00 6.226519557058273868e+00 6.226598828047230860e+00 6.713561111346636245e+00 6.713604173033890454e+00 7.739292540946537180e+00 7.739593992354106611e+00 1.032436455882134219e+01 1.032437958243755105e+01 1.092809910723623190e+01 1.092814211356955845e+01 1.112291514494446432e+01 1.112293659109373145e+01 1.190761920492386672e+01 1.190766330243926419e+01 1.277040590748261373e+01 1.277043278108035018e+01 1.478091067340289477e+01 1.478097604413359889e+01 1.652093928985664206e+01 1.652096432592614050e+01 2.322919613585112231e+01 2.322924864782221022e+01
2.027571569142578300e-01 2.310375910364712571e+00 2.310386535462355617e+00 3.499330195491625162e+00 3.499357895870616186e+00 4.203696472760880098e+00 4.203733648933665634e+00 4.803391905360704150e+00 4.803407992661926862e+00 6.226123588931536723e+00 6.226199633782858456e+00 6.714882697263432121e+00 6.714925394122488456e+00 7.740651419454665394e+00 7.740939668362158521e+00 1.032346645836015675e+01 1.032348027057833662e+01 1.092835635353073620e+01 1.092839674555638751e+01 1.112284001550362333e+01 1.112286095882254955e+01 1.190724434095421458e+01 1.190728706391049840e+01 1.277064436142189585e+01 1.277067104606132908e+01 1.478096233083757483e+01 1.478102487268236409e+01 1.652080696148838257e+01 1.652083079684318889e+01 2.322855966521646209e+01 2.322861009799001408e+01
2.036804327886786725e-01 2.311165702003289191e+00 2.311176036346373142e+00 3.499184793148471861e+00 3.499210682705586439e+00 4.203958341183483327e+00 4.203993527162628752e+00 4.804244511027956577e+00 4.804259839731867210e+00 6.225731173639377225e+00 6.225803227823215380e+00 6.716306480560614744e+00 6.716348264002190760e+00 7.742263802561373254e+00 7.742536346215487697e+00 1.032230416972911513e+01 1.032231669091542869e+01 1.092875668094887942e+01 1.092879414572120744e+01 1.112281896916924140e+01 1.112283922982536843e+01 1.190682100210808159e+01 1.190686190302012903e+01 1.277085119714460681e+01 1.277087736334919299e+01 1.478102117866531096e+01 1.478108034619435429e+01 1.652067722279345929e+01 1.652069966417456470e+01 2.322792764160886492e+01 2.322797553637999712e+01
2.046037086630995150e-01 2.311896895668810181e+00 2.311906825122143516e+00 3.499027766032439590e+00 3.499051661013217185e+00 4.203843792405078439e+00 4.203876848582520864e+00 4.805184876376801029e+00 4.805199290125739431e+00 6.225342764799253636e+00 6.225410113626396402e+00 6.717828046283906396e+00 6.717868339337077721e+00 7.744125397405902334e+00 7.744379881393509635e+00 1.032088348228270469e+01 1.032089466497003905e+01 1.092929615431321899e+01 1.092933042909473151e+01 1.112285152791133314e+01 1.112287091136454009e+01 1.190635030488674140e+01 1.190638894857599972e+01 1.277102668795516038e+01 1.277105199431543348e+01 1.478108701779035705e+01 1.478114229744216424e+01 1.652055017436235218e+01 1.652057104313255209e+01 2.322730066290753115e+01 2.322734558149811690e+01
2.055269845375203575e-01 2.312570203677385194e+00 2.312579610394228435e+00 3.498859373834392716e+00 3.498881113933294262e+00 4.203363831113177795e+00 4.203394589019404215e+00 4.806207154302701845e+00 4.806220504679996175e+00 6.224958819340127292e+00 6.225020808166139119e+00 6.719442404004617231e+00 6.719480617768128106e+00 7.746231004162622114e+00 7.746465243853903004e+00 1.031921144206578411e+01 1.031922127015463531e+01 1.092996985874478710e+01 1.093000073305862863e+01 1.112293717298114260e+01 1.112295547204127111e+01 1.190583352171196374e+01 1.190586949076447887e+01 1.277117122628331636e+01 1.277119532388706702e+01 1.478115961920536137e+01 1.478121053372007054e+01 1.652042590817677237e+01 1.652044504155657378e+01 2.322667931717483825e+01 2.322672084608736753e+01
2.064502604119411999e-01 2.313186467089430209e+00 2.313195230670875624e+00 3.498679907552789459e+00 3.498699356647692937e+00 4.202531274903203773e+00 4.202559533492032706e+00 4.807304907756670076e+00 4.807317056673941380e+00 6.224579794377952169e+00 6.224635837624852286e+00 6.721144030721846185e+00 6.721179580473581439e+00 7.748574517466327194e+00 7.748786518046577143e+00 1.031729629051473829e+01 1.031730477694291892e+01 1.093077197014545021e+01 1.093079928661291156e+01 1.112307533604105636e+01 1.112309233382299034e+01 1.190527207916315966e+01 1.190530497918550701e+01 1.277128532089461110e+01 1.277130785801748480e+01 1.478123872507498326e+01 1.478128483758135658e+01 1.652030450764565828e+01 1.652032175979368489e+01 2.322606418224142999e+01 2.322610193651437172e+01
2.073735362863620424e-01 2.313746652754649968e+00 2.313754651600955281e+00 3.498489690619120740e+00 3.498506737253913812e+00 4.201360596533685765e+00 4.201386122235568621e+00 4.808471215137394950e+00 4.808482037088581684e+00 6.224206143952959458e+00 6.224255732775399785e+00 6.722926918702665233e+00 6.722959239224865158e+00 7.751148930101647849e+00 7.751336904947429218e+00 1.031514739421193028e+01 1.031515457695450522e+01 1.093169583606050566e+01 1.093171949003979826e+01 1.112326538853389302e+01 1.112328086215983802e+01 1.190466755601284810e+01 1.190469702061112045e+01 1.277136959363408764e+01 1.277139022062285889e+01 1.478132404995435145e+01 1.478136496767628749e+01 1.652018604767292942e+01 1.652020129060802844e+01 2.322545582533014397e+01 2.322548945215780591e+01
2.082968121607828849e-01 2.314251850602282889e+00 2.314258963435221972e+00 3.498289080039886478e+00 3.498303637663424670e+00 4.199867755951140147e+00 4.199890286128590944e+00 4.809698779582113559e+00 4.809708163689379035e+00 6.223838315711114788e+00 6.223881024174486853e+00 6.724784627407981219e+00 6.724813187172297368e+00 7.753946339274277122e+00 7.754108726438342813e+00 1.031277516748237666e+01 1.031278110378596580e+01 1.093273406491696775e+01 1.093275400300077571e+01 1.112350662942632518e+01 1.112352035431412745e+01 1.190402168103001301e+01 1.190404737644152355e+01 1.277142477572162704e+01 1.277144314999821439e+01 1.478141528213436651e+01 1.478145065968648098e+01 1.652007059475648987e+01 1.652008371912011597e+01 2.322485480271795666e+01 2.322488398479971039e+01
2.092200880352037273e-01 2.314703271113650818e+00 2.314709378643283966e+00 3.498078467535248759e+00 3.498090474506315051e+00 4.198070026091457407e+00 4.198089275273156673e+00 4.810980038875985798e+00 4.810987890662695499e+00 6.223476747609873350e+00 6.223512237290822036e+00 6.726710338607677642e+00 6.726734652535012238e+00 7.756957955789549608e+00 7.757093432373360464e+00 1.031019098963474434e+01 1.031019574850041387e+01 1.093387862155527657e+01 1.093389483902338633e+01 1.112379827148401823e+01 1.112381002605792801e+01 1.190333633051753637e+01 1.190335795983046019e+01 1.277145170361898430e+01 1.277146749473012299e+01 1.478151208510519155e+01 1.478154162735090971e+01 1.651995820711795560e+01 1.651996912277656193e+01 2.322426165943476661e+01 2.322428611802076759e+01
2.101433639096245698e-01 2.315102242907952856e+00 2.315107229612383133e+00 3.497858280652536678e+00 3.497867700021529469e+00 4.195985816182746575e+00 4.196001484335934784e+00 4.812307272957450976e+00 4.812313515796347474e+00 6.223121864724049601e+00 6.223149887687590365e+00 6.728696913763556609e+00 6.728716554335534283e+00 7.760174116462478899e+00 7.760281610675454189e+00 1.030740711855231417e+01 1.030741077171177977e+01 1.093512092697378613e+01 1.093513346433136313e+01 1.112413942626563568e+01 1.112414899692828385e+01 1.190261352554604812e+01 1.190263083244866671e+01 1.277145131449020177e+01 1.277146420912589697e+01 1.478161409912839375e+01 1.478163756357823289e+01 1.651984893486239159e+01 1.651985757135064503e+01 2.322367692899789660e+01 2.322369642660084565e+01
2.110666397840454123e-01 2.315450210366607475e+00 2.315453966349542370e+00 3.497628983830936011e+00 3.497635802909870417e+00 4.193634495877516244e+00 4.193646277976403880e+00 4.813672706371046495e+00 4.813677282571106275e+00 6.222774076220766837e+00 6.222794476371296568e+00 6.730736952753256119e+00 6.730751559309280374e+00 7.763584300073263833e+00 7.763663000803661340e+00 1.030443660215181012e+01 1.030443921416955000e+01 1.093645196027574684e+01 1.093646089903664631e+01 1.112452908805867224e+01 1.112453627426791947e+01 1.190185542884378478e+01 1.190186820085243191e+01 1.277142464127846644e+01 1.277143434818163037e+01 1.478172094290798633e+01 1.478173814163999644e+01 1.651974282016749385e+01 1.651974912697419384e+01 2.322310113318060942e+01 2.322311547592613223e+01
2.119899156584662547e-01 2.315748731217310397e+00 2.315751154105605281e+00 3.497391079391482638e+00 3.497395309124341267e+00 4.191036223074091183e+00 4.191043819295830808e+00 4.815068603473705799e+00 4.815071474984956801e+00 6.222433772564278875e+00 6.222446485408313244e+00 6.732822853023415099e+00 6.732832139131237348e+00 7.767177147162822592e+00 7.767226510916106719e+00 1.030129318900483248e+01 1.030129480763762118e+01 1.093786236093422737e+01 1.093786781883077097e+01 1.112496611702063198e+01 1.112497073632112965e+01 1.190106434129940105e+01 1.190107241242231062e+01 1.277137280742386594e+01 1.277137906211427065e+01 1.478183221534974123e+01 1.478184301643848109e+01 1.651963989750134232e+01 1.651964384420059773e+01 2.322253478181301745e+01 2.322254382140419438e+01
2.129131915328870972e-01 2.315999473996207758e+00 2.316000470837941361e+00 3.497145108424700055e+00 3.497146782570782708e+00 4.188211777787100409e+00 4.188214903777539355e+00 4.816487354696143086e+00 4.816488503427272860e+00 6.222101323001703044e+00 6.222106373897436704e+00 6.734946868295224931e+00 6.734950627134548284e+00 7.770940483935358856e+00 7.770960239031288630e+00 1.029799123925142545e+01 1.029799188760552475e+01 1.093934252965680720e+01 1.093934465547192403e+01 1.112544922183347040e+01 1.112545111469973946e+01 1.190024269803242341e+01 1.190024595083545123e+01 1.277129702124740085e+01 1.277129959048497021e+01 1.478194749739837732e+01 1.478195182584330425e+01 1.651954019386800354e+01 1.651954177009901770e+01 2.322197837261330378e+01 2.322198200788849931e+01
2.138364674073079397e-01 2.316203704427404197e+00 2.316204215304352498e+00 3.496890825688803606e+00 3.496891651545654511e+00 4.185180800692868353e+00 4.185182403922116379e+00 4.817920980422401911e+00 4.817921552664582663e+00 6.221774574371999655e+00 6.221777073370679645e+00 6.737099273745914552e+00 6.737101165998557128e+00 7.774851498458561494e+00 7.774861350499768342e+00 1.029454530893050901e+01 1.029454563690160640e+01 1.094088169454758663e+01 1.094088272632392211e+01 1.112597597658041870e+01 1.112597694222502120e+01 1.189939143103421948e+01 1.189939306398473207e+01 1.277119725594331356e+01 1.277119857002765002e+01 1.478206419208986588e+01 1.478206635394116830e+01 1.651944294437922878e+01 1.651944372907979997e+01 2.322143056911395576e+01 2.322143239104732260e+01
2.147597432817287821e-01 2.316362749566012180e+00 2.316364836774865932e+00 3.496628079881385798e+00 3.496631329484406692e+00 4.181963103455474950e+00 4.181969660326733340e+00 4.819361785541325105e+00 4.819364057469207374e+00 6.221451489689068026e+00 6.221461344259035187e+00 6.739270299928455721e+00 6.739277882679484577e+00 7.778886847729313381e+00 7.778926033639778304e+00 1.029097036495875273e+01 1.029097170467628253e+01 1.094246916918861778e+01 1.094247316367932221e+01 1.112654370704093409e+01 1.112654763175619976e+01 1.189851159365317557e+01 1.189851812898553618e+01 1.277107345762403945e+01 1.277107881379743759e+01 1.478217972323332674e+01 1.478218833576723057e+01 1.651934739954690556e+01 1.651935051605563487e+01 2.322089002714499983e+01 2.322089731021400993e+01
2.156830191561496246e-01 2.316479604233779188e+00 2.316483321667874407e+00 3.496359225759661626e+00 3.496364803477934657e+00 4.178583589945123578e+00 4.178595282045324488e+00 4.820804119215425843e+00 4.820808050803449873e+00 6.221137490447379292e+00 6.221154429536439601e+00 6.741455948000966814e+00 6.741469176708138278e+00 7.783052125214537043e+00 7.783120104255197624e+00 1.028728271021599028e+01 1.028728512250786942e+01 1.094409734860724548e+01 1.094410409565718467e+01 1.112715249198636158e+01 1.112715944131472767e+01 1.189760929886668528e+01 1.189762070224230861e+01 1.277092966422961240e+01 1.277093917888835151e+01 1.478229801465116466e+01 1.478231298157099616e+01 1.651925516108809688e+01 1.651926056114353614e+01 2.322036089183788832e+01 2.322037359075451235e+01
2.166062950305704671e-01 2.316556365686134988e+00 2.316561751012887083e+00 3.496084983167729643e+00 3.496092775428023103e+00 4.175064093410351340e+00 4.175081052311624852e+00 4.822241545562313547e+00 4.822247079076775300e+00 6.220832912959702199e+00 6.220856595267919786e+00 6.743648529290216409e+00 6.743667277705986507e+00 7.787332488563074584e+00 7.787428459564971206e+00 1.028349828656594944e+01 1.028350185055231769e+01 1.094575662052182707e+01 1.094576589942963096e+01 1.112780030215378524e+01 1.112781030379149882e+01 1.189668751962032545e+01 1.189670370621086626e+01 1.277076740683337341e+01 1.277078115125138424e+01 1.478241865058737758e+01 1.478243981998866907e+01 1.651916624768252717e+01 1.651917386446681846e+01 2.321984366031891156e+01 2.321986168078226598e+01
2.175295709049913095e-01 2.316595225878613551e+00 2.316602299222634720e+00 3.495806110951388934e+00 3.495815987788278179e+00 4.171426384208290372e+00 4.171448685478964968e+00 4.823668024642545404e+00 4.823675085914860716e+00 6.220538057790188091e+00 6.220568079009805906e+00 6.745840468167208392e+00 6.745864532210418041e+00 7.791712459039280780e+00 7.791835370107951242e+00 1.027963325278108186e+01 1.027963805710255585e+01 1.094743756670932733e+01 1.094744915044524269e+01 1.112848487871259096e+01 1.112849792044168318e+01 1.189574933421071457e+01 1.189577016979959012e+01 1.277058827143958020e+01 1.277060626958268230e+01 1.478254120573162389e+01 1.478256837165670667e+01 1.651908067144426084e+01 1.651909042029195263e+01 2.321933881648008580e+01 2.321936201583157100e+01
2.184528467794121520e-01 2.316598466260805012e+00 2.316607229107066512e+00 3.495523406434089875e+00 3.495535223143003911e+00 4.167692062352481130e+00 4.167719720814596407e+00 4.825077934806008884e+00 4.825086434703448113e+00 6.220253188853907211e+00 6.220289089480862899e+00 6.748024342116184293e+00 6.748053445197924383e+00 7.796175970780312880e+00 7.796324531520834711e+00 1.027570391756973578e+01 1.027571005133529702e+01 1.094913103109140629e+01 1.094914468990140932e+01 1.112920372099351596e+01 1.112921974944602077e+01 1.189479791818115295e+01 1.189482322086560195e+01 1.277039389133754277e+01 1.277041611828337686e+01 1.478266524682617700e+01 1.478269815128117948e+01 1.651899843818872426e+01 1.651901021741677056e+01 2.321884683049387732e+01 2.321887501882175187e+01
2.193761226538329945e-01 2.316568451880246293e+00 2.316578886224322176e+00 3.495237704563670889e+00 3.495251303440438662e+00 4.163882460616053827e+00 4.163915426872214276e+00 4.826466085959722818e+00 4.826475922007119834e+00 6.219978533062916703e+00 6.220019806593777290e+00 6.750192917583175856e+00 6.750226717190326298e+00 7.800706424933138372e+00 7.800879121015537265e+00 1.027172667610902046e+01 1.027173422052205431e+01 1.095082817991121971e+01 1.095084368425004584e+01 1.112995407688076455e+01 1.112997299718585964e+01 1.189383653550366660e+01 1.189386607796449269e+01 1.277018593928777968e+01 1.277021232028273090e+01 1.478279033429418376e+01 1.478282866970763543e+01 1.651891954772446169e+01 1.651893323957720128e+01 2.321836815834888412e+01 2.321840110003460467e+01
2.202993985282538369e-01 2.316507624744957639e+00 2.316519692513047790e+00 3.494949876694302127e+00 3.494965088843990486e+00 4.160018557771156367e+00 4.160056715998217136e+00 4.827827724701185375e+00 4.827838782808269613e+00 6.219714280493349179e+00 6.219760381826857198e+00 6.752339181447478467e+00 6.752377276770673120e+00 7.805286748570919642e+00 7.805481858422032460e+00 1.026771795003128851e+01 1.026772697120689593e+01 1.095252055369753563e+01 1.095253767647836085e+01 1.113073293638407613e+01 1.113075461272545219e+01 1.189286852902276337e+01 1.189290204132044337e+01 1.276996611957889805e+01 1.276999652975388777e+01 1.478291602388227410e+01 1.478295943598091000e+01 1.651884399416833560e+01 1.651885946587068332e+01 2.321790324140774331e+01 2.321794065710198396e+01
2.212226744026746794e-01 2.316418496404224037e+00 2.316432139160792048e+00 3.494660828969745392e+00 3.494677476166479391e+00 4.156120901431404668e+00 4.156164068419267110e+00 4.829158532320411368e+00 4.829170688571910119e+00 6.219460585038827816e+00 6.219510938910682185e+00 6.754456368050764326e+00 6.754498308432443032e+00 7.809899458228555247e+00 7.810115071607671489e+00 1.026369413066921155e+01 1.026370467382957408e+01 1.095420011084391199e+01 1.095421862903675958e+01 1.113153702887142238e+01 1.113156128595649186e+01 1.189189731014166185e+01 1.189193448298992628e+01 1.276973615999381906e+01 1.276977042475131974e+01 1.478304186831117129e+01 1.478308995938524184e+01 1.651877176628245181e+01 1.651878887119440620e+01 2.321745250598872445e+01 2.321749407500098528e+01
2.221459502770955219e-01 2.316303639718793939e+00 2.316318778674807621e+00 3.494371500276983511e+00 3.494389396855315688e+00 4.152209539891873469e+00 4.152257465290451144e+00 4.830454616688824920e+00 4.830467739158050833e+00 6.219217565508909473e+00 6.219271574801175539e+00 6.756537981804124016e+00 6.756583275776272934e+00 7.814526727838820186e+00 7.814760766031176864e+00 1.025967152524196990e+01 1.025968361028958498e+01 1.095585926275519739e+01 1.095587895840601433e+01 1.113236282438553637e+01 1.113238944980080269e+01 1.189092634773862933e+01 1.189096683619978201e+01 1.276949780372433629e+01 1.276953569979904124e+01 1.478316741892788855e+01 1.478321975145514600e+01 1.651870284783083420e+01 1.651872142669571275e+01 2.321701636297273197e+01 2.321706172605419738e+01
2.230692261515163644e-01 2.316165679804092825e+00 2.316182216133208183e+00 3.494082859742973834e+00 3.494101814500568448e+00 4.148303962324222383e+00 4.148356330049412399e+00 4.831712499033252506e+00 4.831726449583860550e+00 6.218985307126225770e+00 6.219042360908308531e+00 6.758577815470407479e+00 6.758625940150927214e+00 7.819150460795025737e+00 7.819400698140108297e+00 1.025566630558845738e+01 1.025567992397164474e+01 1.095749090063469566e+01 1.095751156140875793e+01 1.113320653939099003e+01 1.113323528678998819e+01 1.188995915630903966e+01 1.189000258384976583e+01 1.276925280127263207e+01 1.276929405845840471e+01 1.478329222735337822e+01 1.478334832794822873e+01 1.651863721795432838e+01 1.651865710023304601e+01 2.321659520743673966e+01 2.321664396993221402e+01
2.239925020259372068e-01 2.316007284144328437e+00 2.316025099609260174e+00 3.493795903752105136e+00 3.493815721842540967e+00 4.144423046673664679e+00 4.144479477412793322e+00 4.832929096546116909e+00 4.832943732591401975e+00 6.218763863372469558e+00 6.218823344548000343e+00 6.760569964287296507e+00 6.760620374907779784e+00 7.823752365812772780e+00 7.824016452273549582e+00 1.025169445902284338e+01 1.025170957178035636e+01 1.095908841410330048e+01 1.095910983347717504e+01 1.113406414720349957e+01 1.113409474024622803e+01 1.188899928333790257e+01 1.188904524617971781e+01 1.276900290237777291e+01 1.276904720590371944e+01 1.478341584711973233e+01 1.478347521077156479e+01 1.651857485156148186e+01 1.651859585684439935e+01 2.321618941831496485e+01 2.321624115365605334e+01
2.249157779003580493e-01 2.315831151889702344e+00 2.315850109775329013e+00 3.493511652468154427e+00 3.493532137262183035e+00 4.140585014613097137e+00 4.140645069361389652e+00 4.834101701717949062e+00 4.834116877911656118e+00 6.218553258131631623e+00 6.218614550584557144e+00 6.762508836154483838e+00 6.762560975500679916e+00 7.828314036214344185e+00 7.828589520689085646e+00 1.024777174089348541e+01 1.024778827776364132e+01 1.096064570195685661e+01 1.096066767919094609e+01 1.113493139324324943e+01 1.113496353018030049e+01 1.188805029591812534e+01 1.188809836761359939e+01 1.276874984800472923e+01 1.276879684153378847e+01 1.478353783529134624e+01 1.478359992985403437e+01 1.651851571973341848e+01 1.651853765922096073e+01 2.321579935808885864e+01 2.321585361159704064e+01
2.258390537747788918e-01 2.315640002364183214e+00 2.315659948708632232e+00 3.493231145851436459e+00 3.493252100744770772e+00 4.136807392931605598e+00 4.136870577483147571e+00 4.835227959200455672e+00 4.835243529037790644e+00 6.218353488078224522e+00 6.218415983231036392e+00 6.764389158156036252e+00 6.764442465714371799e+00 7.832817032213036157e+00 7.833101386293292556e+00 1.024391362845756781e+01 1.024393148794493058e+01 1.096215717547819324e+01 1.096217951549666125e+01 1.113580381513386897e+01 1.113583717390557304e+01 1.188711576664114666e+01 1.188716550280524054e+01 1.276849536243239491e+01 1.276854465164680086e+01 1.478365775406468607e+01 1.478372202495747523e+01 1.651845979014068533e+01 1.651848246818335753e+01 2.321542537250678606e+01 2.321548166547188075e+01
2.267623296491997342e-01 2.315436562827359435e+00 2.315457327937021859e+00 3.492955439170199572e+00 3.492976669316206539e+00 4.133106980764065241e+00 4.133172751073448836e+00 4.836305840924749688e+00 4.836321658236799159e+00 6.218164525258938369e+00 6.218227627976041560e+00 6.766205979726297670e+00 6.766259900345767520e+00 7.837242965732786892e+00 7.837533607618914822e+00 1.024013527573265137e+01 1.024015432603354370e+01 1.096361775482320766e+01 1.096364026811125036e+01 1.113667676754243097e+01 1.113671101124473495e+01 1.188619925879947736e+01 1.188625020192513482e+01 1.276824114547608069e+01 1.276829230220548972e+01 1.478377517234154581e+01 1.478384104742016092e+01 1.651840702746971701e+01 1.651843024315757802e+01 2.321506779033425971e+01 2.321512562433097315e+01
2.276856055236205767e-01 2.315223555548956647e+00 2.315244955778466895e+00 3.492685598014275694e+00 3.492706911960651084e+00 4.129499822102601136e+00 4.129567590426685975e+00 4.837333620113066779e+00 4.837349540442223095e+00 6.217986319817620178e+00 6.218049453606587562e+00 6.767954672794601834e+00 6.768008664692092502e+00 7.841573587260189271e+00 7.841867905559172236e+00 1.023645146904696723e+01 1.023647154974134921e+01 1.096502285909260799e+01 1.096504536169553212e+01 1.113754545152988662e+01 1.113758023408518305e+01 1.188530431095375839e+01 1.188535599524206887e+01 1.276798886487847007e+01 1.276804143171879069e+01 1.478388966727106713e+01 1.478395656182692086e+01 1.651835739385673918e+01 1.651838094264783408e+01 2.321472692313512454e+01 2.321478578453782404e+01
2.286088813980414192e-01 2.315003684271285334e+00 2.315025524044775018e+00 3.492422692829308506e+00 3.492443904039205904e+00 4.126001183065093336e+00 4.126070324788157606e+00 4.838309844738102328e+00 4.838325726585998687e+00 6.217818802815807899e+00 6.217881414298579656e+00 6.769630929262026697e+00 6.769684471220691613e+00 7.845790874191519215e+00 7.846086251340092410e+00 1.023287658307854464e+01 1.023289750749935223e+01 1.096636839077941339e+01 1.096639070445735342e+01 1.113840494806083825e+01 1.113843991992465021e+01 1.188443442093158531e+01 1.188448637706968647e+01 1.276774014890185605e+01 1.276779364426570318e+01 1.478400082575598873e+01 1.478406814760068499e+01 1.651831084932673477e+01 1.651833452470350849e+01 2.321440306508435114e+01 2.321446242973818030e+01
2.295321572724622616e-01 2.314779620148966544e+00 2.314801694194665860e+00 3.492167792999965048e+00 3.492188721240049976e+00 4.122625533430179345e+00 4.122695394470154540e+00 4.839233310903177987e+00 4.839249016846426166e+00 6.217661889103741402e+00 6.217723451748272900e+00 6.771230756172015752e+00 6.771283353806110128e+00 7.849877120106896200e+00 7.850170955185483024e+00 1.022942453724585654e+01 1.022944609543842809e+01 1.096765071534395553e+01 1.096767266790440054e+01 1.113925025521193746e+01 1.113928506894556136e+01 1.188359302933995032e+01 1.188364478916398070e+01 1.276749657915256719e+01 1.276755050268612202e+01 1.478410824591898276e+01 1.478417540051099444e+01 1.651826735223528075e+01 1.651829094737739112e+01 2.321409649281245535e+01 2.321415583081707723e+01
2.304554331468831041e-01 2.314553987270672408e+00 2.314576083037223508e+00 3.491921960522254675e+00 3.491942433102735777e+00 4.119386531979071009e+00 4.119456436667644716e+00 4.840103036541729686e+00 4.840118434214085497e+00 6.217515480200299649e+00 6.217575497320363631e+00 6.772750468937725365e+00 6.772801659923247897e+00 7.853815024377223786e+00 7.854104755105894675e+00 1.022610875238699535e+01 1.022613071457118572e+01 1.096886663671073237e+01 1.096888806251188520e+01 1.114007632852358398e+01 1.114011064406909490e+01 1.188278350268778993e+01 1.188283460367384414e+01 1.276725968366690722e+01 1.276731352196274294e+01 1.478421153852515602e+01 1.478427793409564828e+01 1.651822685971057325e+01 1.651825016917213063e+01 2.321380746528166839e+01 2.321386624584271274e+01
2.313787090213039466e-01 2.314329347880363930e+00 2.314351248099945302e+00 3.491686243315549998e+00 3.491706096170640539e+00 4.116297015213469912e+00 4.116366274538703074e+00 4.840918235766127786e+00 4.840933198708635921e+00 6.217379467143545391e+00 6.217437474190353086e+00 6.774186682983089014e+00 6.774236041181235457e+00 7.857587781486975231e+00 7.857870905222956281e+00 1.022294210773848988e+01 1.022296422818553907e+01 1.097001336950410888e+01 1.097003411009832696e+01 1.114087812386395804e+01 1.114091161337104374e+01 1.188200911623054346e+01 1.188205910576334290e+01 1.276703093028618596e+01 1.276708416281742586e+01 1.478431032835696790e+01 1.478437538099216120e+01 1.651818932809346308e+01 1.651821214947232264e+01 2.321353622369365866e+01 2.321359391999611788e+01
2.323019848957247890e-01 2.314108187427661445e+00 2.314129672788453274e+00 3.491461668236653271e+00 3.491480746837623883e+00 4.113368989043525659e+00 4.113436909140376407e+00 4.841678294134855065e+00 4.841692702518210822e+00 6.217253733277363636e+00 6.217309299461076577e+00 6.775536304142892874e+00 6.775583442572772341e+00 7.861179169438044845e+00 7.861453263024034577e+00 1.021993689829617935e+01 1.021995891953141289e+01 1.097108850884193920e+01 1.097110841371190304e+01 1.114165064211881528e+01 1.114168299419274888e+01 1.188127303666216505e+01 1.188132147603903555e+01 1.276681172034624545e+01 1.276686382554427368e+01 1.478440425553838189e+01 1.478446739417652012e+01 1.651815471337291541e+01 1.651817684895929261e+01 2.321328299142841445e+01 2.321333908548576375e+01
2.332252607701456315e-01 2.313892899587340679e+00 2.313913751475885405e+00 3.491249233868230828e+00 3.491267393965701071e+00 4.110613623062427280e+00 4.110679513834349486e+00 4.842382745053473769e+00 4.842396486279049839e+00 6.217138156943495808e+00 6.217190886235366420e+00 6.776796518150702830e+00 6.776841090798842338e+00 7.864573636586418282e+00 7.864836374929253360e+00 1.021710479270800498e+01 1.021712644994999408e+01 1.097208999848969846e+01 1.097210892582122632e+01 1.114238897498702308e+01 1.114241989825277379e+01 1.188057830479406540e+01 1.188062477293049390e+01 1.276660338270516526e+01 1.276665384410111237e+01 1.478449297680490560e+01 1.478455364810699990e+01 1.651812297161452392e+01 1.651814423000604037e+01 2.321304797401366926e+01 2.321310196144661830e+01
2.341485366445664740e-01 2.313685771395887603e+00 2.313705774668518789e+00 3.491049903164040735e+00 3.491067011360746708e+00 4.108041247043873412e+00 4.108104430797513196e+00 4.843031247478305268e+00 4.843044216666259061e+00 6.217032614051714923e+00 6.217082145628572754e+00 6.777964779523280470e+00 6.778006482009979017e+00 7.867756386255341461e+00 7.868005559544588579e+00 1.021445679190973088e+01 1.021447781765641949e+01 1.097301609814357271e+01 1.097303391557787755e+01 1.114308835114855611e+01 1.114311757705701211e+01 1.187992781837206024e+01 1.187997191518412876e+01 1.276640716813072451e+01 1.276645548048001721e+01 1.478457616671667729e+01 1.478463383977151402e+01 1.651809405937957465e+01 1.651811425704974212e+01 2.321283135912419837e+01 2.321288275382345745e+01
2.350718125189873164e-01 2.313488968659514811e+00 2.313507914401461196e+00 3.490864596041835188e+00 3.490880530202114862e+00 4.105661349316257258e+00 4.105721169291433270e+00 4.843623565052443070e+00 4.843635665426779369e+00 6.216936980504757848e+00 6.216982988706515556e+00 6.779038800127442421e+00 6.779077369283966092e+00 7.870713458466178203e+00 7.870946987970850017e+00 1.021200318876882029e+01 1.021202331744197167e+01 1.097386535056266865e+01 1.097388193587641680e+01 1.114374418207845885e+01 1.114377146691566267e+01 1.187932431519286958e+01 1.187936566464135879e+01 1.276622424406687806e+01 1.276626991937636291e+01 1.478465351881193968e+01 1.478470768963749826e+01 1.651806793413213015e+01 1.651808689693931598e+01 2.321263331660975027e+01 2.321268165523814631e+01
2.359950883934081589e-01 2.313304521791114787e+00 2.313322210021887759e+00 3.490694182021943703e+00 3.490708831528884559e+00 4.103482576684771566e+00 4.103538405363342356e+00 4.844159546770597125e+00 4.844170689952306930e+00 6.216851134458052819e+00 6.216893328335954649e+00 6.780016537690746858e+00 6.780051750136238731e+00 7.873431808132195897e+00 7.873647760540444018e+00 1.020975352904660660e+01 1.020977250160754224e+01 1.097463654921151921e+01 1.097465179088358056e+01 1.114435210680350075e+01 1.114437723290153315e+01 1.187877035668959991e+01 1.187880860947956307e+01 1.276605568979715422e+01 1.276609826317556262e+01 1.478472474669823455e+01 1.478477494250355306e+01 1.651804455463186727e+01 1.651806211925592294e+01 2.321245399855082070e+01 2.321249884484164028e+01
2.369183642678290014e-01 2.313134312234972789e+00 2.313150554519360025e+00 3.490539473014809158e+00 3.490552738890747353e+00 4.101512735588425329e+00 4.101563982668521291e+00 4.844639109242242725e+00 4.844649215462451863e+00 6.216774958397571993e+00 6.216813080935816416e+00 6.780896184492180012e+00 6.780927854334274585e+00 7.875899379071116257e+00 7.876095979361493526e+00 1.020771657402449151e+01 1.020773414247675603e+01 1.097532870700688612e+01 1.097534250464472194e+01 1.114490803493638182e+01 1.114493081112310691e+01 1.187826831216118784e+01 1.187830314809953336e+01 1.276590249201982452e+01 1.276594152727477294e+01 1.478478958507902341e+01 1.478483536825267031e+01 1.651802388131022070e+01 1.651803989660443150e+01 2.321229353934037931e+01 2.321233448815050693e+01
2.378416401422498438e-01 2.312980059636420282e+00 2.312994681561773902e+00 3.490401216363919090e+00 3.490413011273973520e+00 4.099758794196492140e+00 4.099804914122826993e+00 4.845062220600793168e+00 4.845071218846262795e+00 6.216708341022417095e+00 6.216742168118477352e+00 6.781676156443873005e+00 6.781704132261233475e+00 7.878105173210729006e+00 7.878280816064006764e+00 1.020590026516430449e+01 1.020591619686263840e+01 1.097594102669229699e+01 1.097595329130647990e+01 1.114540818737117256e+01 1.114542844873406757e+01 1.187782034382300722e+01 1.187785147384426310e+01 1.276576554084871873e+01 1.276580063575677038e+01 1.478484779071347788e+01 1.478488876250720629e+01 1.651800587662746267e+01 1.651802020487376410e+01 2.321215205579047591e+01 2.321218873686929385e+01
2.387649160166706863e-01 2.312843309908560130e+00 2.312856153391049663e+00 3.490280088251789703e+00 3.490290336413468086e+00 4.098226885166372568e+00 4.098267384113175815e+00 4.845428886089276688e+00 4.845436714192789651e+00 6.216651178921775767e+00 6.216680518211287421e+00 6.782355082750771480e+00 6.782379244047341160e+00 7.880039314387818905e+00 7.880192574164733621e+00 1.020431169118607606e+01 1.020432577287570552e+01 1.097647287329218990e+01 1.097648352742287869e+01 1.114584913408090294e+01 1.114586674115493459e+01 1.187742839285504459e+01 1.187745556073194031e+01 1.276564562625074473e+01 1.276567641743144677e+01 1.478489914330723387e+01 1.478493494718592061e+01 1.651799050540838110e+01 1.651800302346461535e+01 2.321202964726181861e+01 2.321206172869948148e+01
2.396881918910915288e-01 2.312725424341312230e+00 2.312736349726348006e+00 3.490176687574527925e+00 3.490185324598831684e+00 4.096922308804540336e+00 4.096956751014722897e+00 4.845739135340169312e+00 4.845745740027967763e+00 6.216603378038684902e+00 6.216628067648886535e+00 6.782931796312602124e+00 6.782952049660028848e+00 7.881693106175251096e+00 7.881822745497759186e+00 1.020295705794765873e+01 1.020296909946365638e+01 1.097692374902782042e+01 1.097693272674090004e+01 1.114622782852119443e+01 1.114624266604023184e+01 1.187709416661956219e+01 1.187711715038006055e+01 1.276554343492972166e+01 1.276556960225979687e+01 1.478494344633224955e+01 1.478497377096400811e+01 1.651797773515466261e+01 1.651798833548330592e+01 2.321192639581427741e+01 2.321195358713596590e+01
2.406114677655123713e-01 2.312627569888149104e+00 2.312636457813349811e+00 3.490091530387284369e+00 3.490098503077756487e+00 4.095849536394071677e+00 4.095877549786834493e+00 4.845993011357480285e+00 4.845998348265418088e+00 6.216564854915662686e+00 6.216584762227344463e+00 6.783405325012132892e+00 6.783421600115678629e+00 7.883059083214638996e+00 7.883164060196007128e+00 1.020184166149981486e+01 1.020185149906288125e+01 1.097729327101188268e+01 1.097730051779330651e+01 1.114654163820965138e+01 1.114655361358255270e+01 1.187681912721201449e+01 1.187683774028751671e+01 1.276545954766398161e+01 1.276548081817391456e+01 1.478498052777357152e+01 1.478500510963682402e+01 1.651796753633143311e+01 1.651797612790030456e+01 2.321184236637677145e+01 2.321186442125300076e+01
2.415347436399332137e-01 2.312550710753074945e+00 2.312557463745663178e+00 3.490025045015511918e+00 3.490030311151644415e+00 4.095012213475761165e+00 4.095033494444730415e+00 4.846190561202663893e+00 4.846194594871712447e+00 6.216535537719765969e+00 6.216550558211303645e+00 6.783774884015771001e+00 6.783787129947228323e+00 7.884131055582924041e+00 7.884210529755452335e+00 1.020096986466805866e+01 1.020097736372048303e+01 1.097758115197914286e+01 1.097758662456337220e+01 1.114678837111779863e+01 1.114679741280186498e+01 1.187660448149716075e+01 1.187661857362795637e+01 1.276539443710359301e+01 1.276541058830567721e+01 1.478501024080125603e+01 1.478502886638861824e+01 1.651795988262658454e+01 1.651796639167298864e+01 2.321177760693391434e+01 2.321179432548054322e+01
2.424580195143540562e-01 2.312495601385366140e+00 2.312500145169972932e+00 3.489977567918493673e+00 3.489981096048222486e+00 4.094413162896431757e+00 4.094427480231381367e+00 4.846331828382099971e+00 4.846334532242633664e+00 6.216515367046858920e+00 6.216525423285458984e+00 6.784039869197033390e+00 6.784048051032824489e+00 7.884904145779995766e+00 7.884957482768346182e+00 1.020034507747906893e+01 1.020035013501285981e+01 1.097778718425705513e+01 1.097779085042838254e+01 1.114696629757913549e+01 1.114697235352331006e+01 1.187645117276700546e+01 1.187646063069033175e+01 1.276534846603106566e+01 1.276535932863547629e+01 1.478503246436556218e+01 1.478504497196759004e+01 1.651795475118035128e+01 1.651795912183143855e+01 2.321173214872774082e+01 2.321174337937342003e+01
2.433812953887748987e-01 2.312462780973227883e+00 2.312465065470314496e+00 3.489949340379858711e+00 3.489951109642971616e+00 4.094054387466580458e+00 4.094061585343903076e+00 4.846416846931719036e+00 4.846418203284502013e+00 6.216504296506824012e+00 6.216509337341682873e+00 6.784199851779929347e+00 6.784203947861918493e+00 7.885374817990281393e+00 7.885401592973853901e+00 1.019996974170565629e+01 1.019997228804363765e+01 1.097791122713404377e+01 1.097791306553848578e+01 1.114707416748196600e+01 1.114707720379887590e+01 1.187635987413834116e+01 1.187636462208194033e+01 1.276532188608775620e+01 1.276532734607121000e+01 1.478504710371359643e+01 1.478505338476866449e+01 1.651795212278424785e+01 1.651795431752762511e+01 2.321170600647165116e+01 2.321171164737456039e+01
2.443045712631957411e-01 2.312452569507936317e+00 2.312452569507949196e+00 3.489940506086638194e+00 3.489940506086663063e+00 4.093937072100383823e+00 4.093937072100395369e+00 4.846445637194136680e+00 4.846445637194146450e+00 6.216502293093107312e+00 6.216502293093112641e+00 6.784254574286635808e+00 6.784254574286643802e+00 7.885540899343097543e+00 7.885540899343117083e+00 1.019984531975232755e+01 1.019984531975233111e+01 1.097795319774249734e+01 1.097795319774249911e+01 1.114711122257820541e+01 1.114711122257820541e+01 1.187633098378575625e+01 1.187633098378576157e+01 1.276531483696677505e+01 1.276531483696678571e+01 1.478505409082551481e+01 1.478505409082552724e+01 1.651795198204711568e+01 1.651795198204717252e+01 2.321169917857488230e+01 2.321169917857488230e+01
2.443045712631957411e-01 2.312452569507936317e+00 2.312452569507949196e+00 3.489940506086638194e+00 3.489940506086663063e+00 4.093937072100383823e+00 4.093937072100395369e+00 4.846445637194136680e+00 4.846445637194146450e+00 6.216502293093107312e+00 6.216502293093112641e+00 6.784254574286635808e+00 6.784254574286643802e+00 7.885540899343097543e+00 7.885540899343117083e+00 1.019984531975232755e+01 1.019984531975233111e+01 1.097795319774249734e+01 1.097795319774249911e+01 1.114711122257820541e+01 1.114711122257820541e+01 1.187633098378575625e+01 1.187633098378576157e+01 1.276531483696677505e+01 1.276531483696678571e+01 1.478505409082551481e+01 1.478505409082552724e+01 1.651795198204711568e+01 1.651795198204717252e+01 2.321169917857488230e+01 2.321169917857488230e+01
2.458243411014068569e-01 2.312269252913262907e+00 2.312271397550024865e+00 3.489523286318787498e+00 3.489526721685155763e+00 4.093607383092090934e+00 4.093619908137489993e+00 4.846114229443776900e+00 4.846123721436531362e+00 6.216245976223673253e+00 6.216247131983770657e+00 6.784412014500143862e+00 6.784420271675476677e+00 7.885101283935870953e+00 7.885109955872879439e+00 1.019998843681538148e+01 1.019999166985503791e+01 1.097755928905212564e+01 1.097756139943134279e+01 1.114667310688662027e+01 1.114667544498199980e+01 1.187669719951815317e+01 1.187670091718527132e+01 1.276535383116049616e+01 1.276535924938924715e+01 1.478506684197026466e+01 1.478507202963177214e+01 1.651850885113081446e+01 1.651850909912635856e+01 2.321157012576714251e+01 2.321157142363497528e+01
2.473441109396179727e-01 2.311720748645118118e+00 2.311724995459023990e+00 3.488276116738539656e+00 3.488282931051933655e+00 4.092631010919302703e+00 4.092655971862417807e+00 4.845130221308905583e+00 4.845149253984359916e+00 6.215478499740125784e+00 6.215481040687244274e+00 6.784892646461400112e+00 6.784908958297348747e+00 7.883794187839124668e+00 7.883811862594925834e+00 1.020041785662678713e+01 1.020042427465198465e+01 1.097637800364240768e+01 1.097638213468760782e+01 1.114536790565568047e+01 1.114537251735755596e+01 1.187779670149532052e+01 1.187780412008703124e+01 1.276547557652085807e+01 1.276548628367072880e+01 1.478511064670670372e+01 1.478512098850928957e+01 1.652017809856580755e+01 1.652017872952209387e+01 2.321118427130950579e+01 2.321118682936415212e+01
2.488638807778290885e-01 2.310804921847370519e+00 2.310811187648516452e+00 3.486202081692868049e+00 3.486212163854795598e+00 4.091008395938628084e+00 4.091045609831336805e+00 4.843495838274795240e+00 4.843524495751654335e+00 6.214201087661680667e+00 6.214205391172300530e+00 6.785696421521651089e+00 6.785720389923593387e+00 7.881629172044577913e+00 7.881656444362850067e+00 1.020112405137741263e+01 1.020113355930416255e+01 1.097440433342499766e+01 1.097441033575094949e+01 1.114321579180146138e+01 1.114322255249953564e+01 1.187962095730679835e+01 1.187963203970721970e+01 1.276567799896004018e+01 1.276569374023196346e+01 1.478518656165597633e+01 1.478520198873880531e+01 1.652295508255950196e+01 1.652295629050334824e+01 2.321054159589094823e+01 2.321054533963524946e+01
2.503836506160402320e-01 2.309518218583486604e+00 2.309526382859371729e+00 3.483306230818004501e+00 3.483319418496801934e+00 4.088740303964277345e+00 4.088789485329166418e+00 4.841214816121557796e+00 4.841253193195526272e+00 6.212415872340475431e+00 6.212422369490396612e+00 6.786823169580008752e+00 6.786854214510064764e+00 7.878622191145201015e+00 7.878659805535098037e+00 1.020209117052979764e+01 1.020210362833119611e+01 1.097163024382562568e+01 1.097163796933422120e+01 1.114024974641417209e+01 1.114025848109136518e+01 1.188215597439462812e+01 1.188217065629295810e+01 1.276595767334900522e+01 1.276597807601904577e+01 1.478529633215854311e+01 1.478531673685165515e+01 1.652683213827319264e+01 1.652683413070392504e+01 2.320964205589655904e+01 2.320964687572302410e+01
2.519034204542513478e-01 2.307855694209435260e+00 2.307865604111435154e+00 3.479595473312928622e+00 3.479611558020085038e+00 4.085827914552963236e+00 4.085888663654407615e+00 4.838292408108841869e+00 4.838340577137302922e+00 6.210125874544145219e+00 6.210134983419749233e+00 6.788272570452632770e+00 6.788309949815420907e+00 7.874795418675200054e+00 7.874844136389769211e+00 1.020329710622161556e+01 1.020331233214778521e+01 1.096804523654480690e+01 1.096805462684637789e+01 1.113651462152391680e+01 1.113652512142830986e+01 1.188538262922171462e+01 1.188540080992174452e+01 1.276630993436493888e+01 1.276633451896644544e+01 1.478544238441540237e+01 1.478546761544767740e+01 1.653179860600306839e+01 1.653180158836516611e+01 2.320848558554430952e+01 2.320849133923631413e+01
2.534231902924624635e-01 2.305811053489686735e+00 2.305822530254558522e+00 3.475078433405926592e+00 3.475097167073266657e+00 4.082272940535264460e+00 4.082344730087283047e+00 4.834735390121640997e+00 4.834793363368217634e+00 6.207334981604597957e+00 6.207347067320103662e+00 6.790044115373455647e+00 6.790086950504754526e+00 7.870176994673419912e+00 7.870237465493111984e+00 1.020471357968034276e+01 1.020473135470176018e+01 1.096363720940436437e+01 1.096364839244700740e+01 1.113206581277994900e+01 1.113207786052304726e+01 1.188927709144496880e+01 1.188929862340422616e+01 1.276672902612920524e+01 1.276675722104180721e+01 1.478562781390463421e+01 1.478565767073754778e+01 1.653784088649987893e+01 1.653784505585883124e+01 2.320707210005058130e+01 2.320707861601687938e+01
2.549429601306735793e-01 2.303376702470678161e+00 2.303389549094962963e+00 3.469765270004849800e+00 3.469786372863132407e+00 4.078077776055592629e+00 4.078159937991618911e+00 4.830552062492071919e+00 4.830619753779435754e+00 6.204047928328648709e+00 6.204063279696174327e+00 6.792137058712588882e+00 6.792184364670320385e+00 7.864800707621865783e+00 7.864873360431692717e+00 1.020630624406090803e+01 1.020632631763064424e+01 1.095839366253077785e+01 1.095840701349436408e+01 1.112696753996629973e+01 1.112698094305217644e+01 1.189381131352157261e+01 1.189383599186412432e+01 1.276720828476162062e+01 1.276723944391906151e+01 1.478585636994541908e+01 1.478589059676537687e+01 1.654494251590684684e+01 1.654494805687110315e+01 2.320540149981167133e+01 2.320540858098553727e+01
2.564627299688846951e-01 2.300543812104406172e+00 2.300557822058271640e+00 3.463667464195385293e+00 3.463690633666830276e+00 4.073245669849153927e+00 4.073337383790856414e+00 4.825752247177936383e+00 4.825829436221624746e+00 6.200270279073096802e+00 6.200289095325768329e+00 6.794550359974007137e+00 6.794601079728266768e+00 7.858705623733144741e+00 7.858790581435182609e+00 1.020803479886670395e+01 1.020805689608740252e+01 1.095230327136379600e+01 1.095231938967298468e+01 1.112129075410154577e+01 1.112130538353212295e+01 1.189895355511300501e+01 1.189898110836976919e+01 1.276774034690080306e+01 1.276777377024721893e+01 1.478613243628590546e+01 1.478617071622890577e+01 1.655308425699203667e+01 1.655309133812597366e+01 2.320347367557533147e+01 2.320348110392050955e+01
2.579824998070958109e-01 2.297302393581639901e+00 2.297317360322594038e+00 3.456797578818855410e+00 3.456822499033632479e+00 4.067780920012569190e+00 4.067881204932477068e+00 4.820347278888252873e+00 4.820433580944472496e+00 6.196008409432992359e+00 6.196030793832822958e+00 6.797282616102379826e+00 6.797335657682701537e+00 7.851935675898064737e+00 7.852032695238596816e+00 1.020985311163367371e+01 1.020987694189135553e+01 1.094535778326511810e+01 1.094537738338648580e+01 1.111511072669722644e+01 1.111512655212167466e+01 1.190466891393906046e+01 1.190469899715809632e+01 1.276831737654241117e+01 1.276835233278554327e+01 1.478646100760053095e+01 1.478650295778282775e+01 1.656224420514840290e+01 1.656225297543623043e+01 2.320128851455457664e+01 2.320129605616677182e+01
2.595022696453069266e-01 2.293641385288286649e+00 2.293657112311133783e+00 3.449168994820808187e+00 3.449195346257476480e+00 4.061689086097949541e+00 4.061796796412317612e+00 4.814349988624785581e+00 4.814444831287727489e+00 6.191269486877317263e+00 6.191295445774380291e+00 6.800331984092441218e+00 6.800386259788608889e+00 7.844539223867950994e+00 7.844647658604029239e+00 1.021170934400277908e+01 1.021173461109316705e+01 1.093755413256380571e+01 1.093757790141254738e+01 1.110850442755220513e+01 1.110852153568484546e+01 1.191091983951963584e+01 1.191095203068290687e+01 1.276893130223785455e+01 1.276896705337371429e+01 1.478684766179484811e+01 1.478689282968859864e+01 1.657239790797204293e+01 1.657240849325864573e+01 2.319884590739355801e+01 2.319885331830885988e+01
2.610220394835180424e-01 2.289548751237661328e+00 2.289565062366745618e+00 3.440795629426048219e+00 3.440823098072097075e+00 4.054977213957347004e+00 4.055091040956043003e+00 4.807774678011340619e+00 4.807877286268666062e+00 6.186061450214419111e+00 6.186090896839653297e+00 6.803696093855199578e+00 6.803750560693382354e+00 7.836568596748198168e+00 7.836687381939766439e+00 1.021354608183785295e+01 1.021357249555914848e+01 1.092889662902649661e+01 1.092892510401324735e+01 1.110154785265608446e+01 1.110156643666734233e+01 1.191766661244129288e+01 1.191770041285670523e+01 1.276957405675585200e+01 1.276960988377920536e+01 1.478729852803162181e+01 1.478734638966304971e+01 1.658351849722493654e+01 1.658353099668740072e+01 2.319614575579856819e+01 2.319615278892824151e+01
2.625418093217291582e-01 2.285011590758327049e+00 2.285028340338699060e+00 3.431691641481451782e+00 3.431719926834462253e+00 4.047654068362589896e+00 4.047772547524333575e+00 4.800637082754909635e+00 4.800746472808977927e+00 6.180392988041908175e+00 6.180425750563921738e+00 6.807371951260550169e+00 6.807425652193756171e+00 7.828079628458533001e+00 7.828207283632035995e+00 1.021530047281587450e+01 1.021532776192396597e+01 1.091939903285383018e+01 1.091943252039647660e+01 1.109431350797356330e+01 1.109433382656874478e+01 1.192486777833957134e+01 1.192490261738106128e+01 1.277023781169676830e+01 1.277027304086876214e+01 1.478782025041045500e+01 1.478787021077945774e+01 1.659557683191130550e+01 1.659559131467202064e+01 2.319318798039168072e+01 2.319319439481529699e+01
2.640615791599402740e-01 2.280016259129602929e+00 2.280033341689579274e+00 3.421871129537313649e+00 3.421899950750256991e+00 4.039730368001515970e+00 4.039851892390323940e+00 4.792954323659522231e+00 4.793069305550985426e+00 6.174273516473021139e+00 6.174309349896230259e+00 6.811355831261950655e+00 6.811407936802523544e+00 7.819131196282342877e+00 7.819265845317412200e+00 1.021690438006628909e+01 1.021693230636009275e+01 1.090908629176235856e+01 1.090912482370205794e+01 1.108686827273265152e+01 1.108689059368216334e+01 1.193248053184524515e+01 1.193251577612033287e+01 1.277091520020931092e+01 1.277094922922380427e+01 1.478841994725547870e+01 1.478847134328911395e+01 1.660854165111834746e+01 1.660855815314074135e+01 2.318997252755617211e+01 2.318997810378640168e+01
2.655813489981513897e-01 2.274548498751474579e+00 2.274565857579972317e+00 3.411347828435854712e+00 3.411376927989448582e+00 4.031219016985589931e+00 4.031341856603836149e+00 4.784744843811583159e+00 4.784864032521897848e+00 6.167713156508236594e+00 6.167751757948607860e+00 6.815643161057669097e+00 6.815693011350031583e+00 7.809784771888119259e+00 7.809924177570703563e+00 1.021828456705423704e+01 1.021831294013895608e+01 1.089799571939781231e+01 1.089803904047464300e+01 1.107927184556090872e+01 1.107929639624617835e+01 1.194046105074449216e+01 1.194049601750832323e+01 1.277159952182855029e+01 1.277163184517807792e+01 1.478910516599092517e+01 1.478915727225933452e+01 1.662237973520307222e+01 1.662239825662614123e+01 2.318649937125509197e+01 2.318650394403795545e+01
2.671011188363625055e-01 2.268593580300250157e+00 2.268611214224026007e+00 3.400134810363873772e+00 3.400163954864855231e+00 4.022135326483763151e+00 4.022257653185125292e+00 4.776028330876033401e+00 4.776150165312083473e+00 6.160722711470310031e+00 6.160763738258743238e+00 6.820228393453398930e+00 6.820275540766521871e+00 7.800103993246747969e+00 7.800245604489193241e+00 1.021936293696875353e+01 1.021939162888101649e+01 1.088617745158118133e+01 1.088622503243360207e+01 1.107157591223974258e+01 1.107160285307057634e+01 1.194876478428978750e+01 1.194879875872875452e+01 1.277228492448603347e+01 1.277231515720856336e+01 1.478988383361166115e+01 1.478993587096646678e+01 1.663705607385821850e+01 1.663707657693117881e+01 2.318276849521807748e+01 2.318277204454964391e+01
2.686208886745736213e-01 2.262136453127287616e+00 2.262154420657626730e+00 3.388244196529018204e+00 3.388273174612192573e+00 4.012497219518456504e+00 4.012617136870812118e+00 4.766825623879303642e+00 4.766948392935848489e+00 6.153313644957111528e+00 6.153356734898825842e+00 6.825104871172303689e+00 6.825149121818379072e+00 7.790154264711893539e+00 7.790295274501470857e+00 1.022005685914297857e+01 1.022008581748078804e+01 1.087369410993514585e+01 1.087374518065581874e+01 1.106382407292076131e+01 1.106385349599585055e+01 1.195734670194606331e+01 1.195737895787085669e+01 1.277296655991085217e+01 1.277299445854280080e+01 1.479076420278155624e+01 1.479081535004353576e+01 1.665253403956080192e+01 1.665255644733565887e+01 2.317877981865501269e+01 2.317878273327933059e+01
2.701406585127847371e-01 2.255161903875591900e+00 2.255180323963295486e+00 3.375686885853700137e+00 3.375715503706879783e+00 4.002325411336573602e+00 4.002440988677389733e+00 4.757158604390188117e+00 4.757280479132171003e+00 6.145498059795557744e+00 6.145542852749601437e+00 6.830264684142999698e+00 6.830306135601670547e+00 7.780002391204646095e+00 7.780139803479499072e+00 1.022027962485963037e+01 1.022030888239886259e+01 1.086061970080990235e+01 1.086067329960235561e+01 1.105605245604104603e+01 1.105608440136222548e+01 1.196616150999100725e+01 1.196619133360563225e+01 1.277364070996095435e+01 1.277366618862586556e+01 1.479175479360765699e+01 1.479180420246948380e+01 1.666877556490088352e+01 1.666879976083016501e+01 2.317453320673484285e+01 2.317453655180780814e+01
2.716604283509958528e-01 2.247654721909875253e+00 2.247673770961537532e+00 3.362472307353513212e+00 3.362500383046753250e+00 3.991643557127653619e+00 3.991752866982928527e+00 4.747050072620242922e+00 4.747169143523163548e+00 6.137288678503233896e+00 6.137334838226624179e+00 6.835698523925215930e+00 6.835737585926417559e+00 7.769716250950404302e+00 7.769846954948468998e+00 1.021994108404270385e+01 1.021997076229338930e+01 1.084703785232592033e+01 1.084709288334044253e+01 1.104829085841367409e+01 1.104832533646682791e+01 1.197516384346483598e+01 1.197519056046829711e+01 1.277430488291280497e+01 1.277432802060994277e+01 1.479286433112114274e+01 1.479291114462105661e+01 1.668574132230171969e+01 1.668576715087281670e+01 2.317002895581708444e+01 2.317003379633687743e+01
2.731801981892069686e-01 2.239599869755878991e+00 2.239619775351150199e+00 3.348608203162333652e+00 3.348635561674778494e+00 3.980478358249559978e+00 3.980579516317547029e+00 4.736523609619156083e+00 4.736637927759471900e+00 6.128698825776743853e+00 6.128746060694997055e+00 6.841395541114171586e+00 6.841432919695607850e+00 7.759364509491584627e+00 7.759485360975771684e+00 1.021894852080361282e+01 1.021897882505433408e+01 1.083303952763667866e+01 1.083309482226125553e+01 1.104056420652549164e+01 1.104060121727098398e+01 1.198430843998163731e+01 1.198433144808422846e+01 1.277495788019724898e+01 1.277497891241887906e+01 1.479410167839373536e+01 1.479414505384215417e+01 1.670339090467906118e+01 1.670341817319735966e+01 2.316526770336141183e+01 2.316527463500247208e+01
2.746999680274180844e-01 2.230982656474381098e+00 2.231003689122705858e+00 3.334100449424366008e+00 3.334126920961237861e+00 3.968859617590505984e+00 3.968950824698169288e+00 4.725603427398510803e+00 4.725711048521704427e+00 6.119742413514685175e+00 6.119790494753106103e+00 6.847343208458180008e+00 6.847379829389454997e+00 7.749016375472416840e+00 7.749124286455908006e+00 1.021720782682555750e+01 1.021723903146177115e+01 1.081872034948755079e+01 1.081877472625864023e+01 1.103289413472799829e+01 1.103293367663664704e+01 1.199355029912489279e+01 1.199356911385389957e+01 1.277559983458169057e+01 1.277561912008417799e+01 1.479547576488231009e+01 1.479551490346315035e+01 1.672168300564132792e+01 1.672171148725411527e+01 2.316025009484241082e+01 2.316025946905896049e+01
2.762197378656292002e-01 2.221788911875832717e+00 2.221811376677219396e+00 3.318952922384537985e+00 3.318978347266339224e+00 3.956820234264685432e+00 3.956899820320664229e+00 4.714314209423664082e+00 4.714413239999202254e+00 6.110433928819640315e+00 6.110482703530481174e+00 6.853527180918323580e+00 6.853564050483343273e+00 7.738741394952321606e+00 7.738833439991616103e+00 1.021462502383469229e+01 1.021465744910391926e+01 1.080417764523070190e+01 1.080422996479537012e+01 1.102530050946766416e+01 1.102534257661920947e+01 1.200284482236788186e+01 1.200285916528734020e+01 1.277623221856344493e+01 1.277625017573091171e+01 1.479699550858587465e+01 1.479702969736317719e+01 1.674057559790475125e+01 1.674060503594016325e+01 2.315497683757231329e+01 2.315498890791116438e+01
2.777395077038403159e-01 2.212005159659097941e+00 2.212029389535881130e+00 3.303167416832141878e+00 3.303191661008640700e+00 3.944396127340338953e+00 3.944462599133600200e+00 4.702680944377613415e+00 4.702769589249696125e+00 6.100788425268279802e+00 6.100837823171209706e+00 6.859931134095702987e+00 6.859969178027427006e+00 7.728609271313612084e+00 7.728682840799099729e+00 1.021110816651348507e+01 1.021114215050723395e+01 1.078950729378758844e+01 1.078955650662366317e+01 1.101780277737563907e+01 1.101784734665667287e+01 1.201214789143275929e+01 1.201215794288183858e+01 1.277685781665331533e+01 1.277687483892887776e+01 1.479866972746466836e+01 1.479869840946067860e+01 1.676002610868343723e+01 1.676005622236709058e+01 2.314944876361687065e+01 2.314946373568577442e+01
2.792592775420514317e-01 2.201618787715735159e+00 2.201645139063531875e+00 3.286743623503996847e+00 3.286766609634863112e+00 3.931626076614718635e+00 3.931678177636814375e+00 4.690728756213905726e+00 4.690805368791843399e+00 6.090821517456078915e+00 6.090871548799935198e+00 6.866536574388635294e+00 6.866576516727024071e+00 7.718689656928501286e+00 7.718742788247884512e+00 1.020656962227425524e+01 1.020660549324058763e+01 1.077480044493128197e+01 1.077484563055892863e+01 1.101042106349816052e+01 1.101046807667398575e+01 1.202141571202921533e+01 1.202142300305978573e+01 1.277748065342135142e+01 1.277749703300703210e+01 1.480050702515382000e+01 1.480052994409624212e+01 1.677999159091192283e+01 1.678002208252349092e+01 2.314366686078816926e+01 2.314368491023193286e+01
2.807790473802625475e-01 2.190618213805849646e+00 2.190647064448918435e+00 3.269679171355823311e+00 3.269700930764930291e+00 3.918551458464814008e+00 3.918588277541708909e+00 4.678482732597664118e+00 4.678545872514278336e+00 6.080549378422110074e+00 6.080600122486547576e+00 6.873322640701914565e+00 6.873364954965699880e+00 7.709051584282670788e+00 7.709084255088981763e+00 1.020092867326060038e+01 1.020096672667785143e+01 1.076014019651950626e+01 1.076018059362102086e+01 1.100317698472478334e+01 1.100322633114233817e+01 1.203060492878270793e+01 1.203061333954373779e+01 1.277810587768059669e+01 1.277812177036311070e+01 1.480251560206784589e+01 1.480253316736821212e+01 1.680042888926199041e+01 1.680045945281057129e+01 2.313763229321051185e+01 2.313765357292659175e+01
2.822988172184736633e-01 2.178993044603496188e+00 2.179024793286585826e+00 3.251969740868263958e+00 3.251990488460537509e+00 3.905215770871939718e+00 3.905237136557698996e+00 4.665967748865076814e+00 4.666016266466955109e+00 6.069988739136515044e+00 6.070040323945434579e+00 6.880265926775406271e+00 6.880310847078540348e+00 7.699760080563163633e+00 7.699782144748567703e+00 1.019411432180788957e+01 1.019415480454719258e+01 1.074559835602809876e+01 1.074563338327118345e+01 1.099609416934026207e+01 1.099614567442338675e+01 1.203967491308375592e+01 1.203968744348902575e+01 1.277873961495553878e+01 1.277875505986416727e+01 1.480470290447271786e+01 1.480471709815704173e+01 1.682129480002499733e+01 1.682132513156175335e+01 2.313134641878440689e+01 2.313137106182882263e+01
2.838185870566847790e-01 2.166734225890894372e+00 2.166769292352916931e+00 3.233609258080720750e+00 3.233629477675639130e+00 3.891662570094761797e+00 3.891672716417513112e+00 4.653208257020778227e+00 4.653241493893965242e+00 6.059156888971243049e+00 6.059209464751411645e+00 6.887340341874920391e+00 6.887387903153541657e+00 7.690877163772936065e+00 7.690914194313813290e+00 1.018606811269876289e+01 1.018611121441468548e+01 1.073123246754597204e+01 1.073126173509721148e+01 1.098919848797621945e+01 1.098925191115351474e+01 1.204858691536947291e+01 1.204860451093069607e+01 1.277938880181784143e+01 1.277940378876751915e+01 1.480707563969060736e+01 1.480709073213251337e+01 1.684254622404151291e+01 1.684257603379546708e+01 2.312481080562658420e+01 2.312483892597267499e+01
2.853383568948958948e-01 2.153834181589278529e+00 2.153873006428601133e+00 3.214590185127744082e+00 3.214610680165962631e+00 3.877931286480355677e+00 3.877949841002170217e+00 4.640227781585549494e+00 4.640246501408231694e+00 6.048071676133766950e+00 6.048125386568128370e+00 6.894517017207572707e+00 6.894567100107968471e+00 7.682479998265343113e+00 7.682542720064649444e+00 1.017674672954892579e+01 1.017679258009324705e+01 1.071708333496172294e+01 1.071710664682492187e+01 1.098251800791864419e+01 1.098257305188445443e+01 1.205730302616081140e+01 1.205732585145742419e+01 1.278006100926368127e+01 1.278007557872905409e+01 1.480964128272975167e+01 1.480966137504252345e+01 1.686414031197451635e+01 1.686416933858845013e+01 2.311802724809522758e+01 2.311805894005628659e+01
2.868581267331070106e-01 2.140286939404597799e+00 2.140329983252673873e+00 3.194903914516447063e+00 3.194925756755958357e+00 3.864075864557773077e+00 3.864110327919786592e+00 4.627045898304771754e+00 4.627059018509231514e+00 6.036751507424069629e+00 6.036806463278756141e+00 6.901764264634081769e+00 6.901816632891514480e+00 7.674642164343381978e+00 7.674733220672025347e+00 1.016612409710770493e+01 1.016617276837258288e+01 1.070317329393686201e+01 1.070319064148765698e+01 1.097608268622021122e+01 1.097613901788140289e+01 1.206578676050068744e+01 1.206581468002075219e+01 1.278076426092860807e+01 1.278077861754931632e+01 1.481240771554587887e+01 1.481243484578145697e+01 1.688603460134910605e+01 1.688606262857776841e+01 2.311099778256012627e+01 2.311103311923124792e+01
2.883778965713181264e-01 2.126088241112163768e+00 2.126135982918726075e+00 3.174541230531475744e+00 3.174565596893179631e+00 3.850147702229144819e+00 3.850198656392215923e+00 4.613681412756685418e+00 4.613706180801654178e+00 6.025215347161072543e+00 6.025271606199953389e+00 6.909047598103216892e+00 6.909101924976715381e+00 7.667433822138106869e+00 7.667554022961376781e+00 1.015419274129263982e+01 1.015424425208476400e+01 1.068950546085237363e+01 1.068951700839748753e+01 1.096992382125205800e+01 1.096998110338692456e+01 1.207400341567097080e+01 1.207403613702655676e+01 1.278150686035572470e+01 1.278152146056422112e+01 1.481538180282805506e+01 1.481541674713817791e+01 1.690818714495328123e+01 1.690821402117095573e+01 2.310372470292439218e+01 2.310376373385031101e+01
2.898976664095292421e-01 2.111235635857061865e+00 2.111288570278690546e+00 3.153492772886540507e+00 3.153520766484199989e+00 3.836194539886777832e+00 3.836261547907693803e+00 4.600162896202088625e+00 4.600203845888137799e+00 6.013482715438213333e+00 6.013540271036275087e+00 6.916329831910327464e+00 6.916385717033594283e+00 7.660924194700633016e+00 7.661073506677411160e+00 1.014096422913093676e+01 1.014101855205029423e+01 1.067606410885549728e+01 1.067607017331625308e+01 1.096407328979400653e+01 1.096413122110316429e+01 1.208192029899089448e+01 1.208195743357409668e+01 1.278229724565675873e+01 1.278231279209155424e+01 1.481856938321934436e+01 1.481861232716565624e+01 1.693055663047662662e+01 1.693058229098763334e+01 2.309621057584683257e+01 2.309625332408734266e+01
2.914174362477403579e-01 2.095728555263939086e+00 2.095787189231673064e+00 3.131749487603471049e+00 3.131782037274452257e+00 3.822262316599438048e+00 3.822344479083111590e+00 4.586513769589254608e+00 4.586571416040091442e+00 6.001573685866911312e+00 6.001632465040847464e+00 6.923571271830239127e+00 6.923628252569286268e+00 7.655181729463812701e+00 7.655359508453663864e+00 1.012646862143854598e+01 1.012652569104222522e+01 1.066281618493931127e+01 1.066281724152399768e+01 1.095856260843775942e+01 1.095862096797084817e+01 1.208950692001214122e+01 1.208954802004833873e+01 1.278314385969812683e+01 1.278316116808902869e+01 1.482197540720230933e+01 1.482202620182134112e+01 1.695310249178085371e+01 1.695312698275442287e+01 2.308845825559212983e+01 2.308850471436402074e+01
2.929372060859514737e-01 2.079568369594021249e+00 2.079633218144737672e+00 3.109303091990341716e+00 3.109340932451629236e+00 3.808394547161642496e+00 3.808490617615353457e+00 4.572755061203166882e+00 4.572829045717663909e+00 5.989508882713633575e+00 5.989568752930723328e+00 6.930730015119112686e+00 6.930787578552759065e+00 7.650273859976190138e+00 7.650478943215001770e+00 1.011075299855543008e+01 1.011081272024932431e+01 1.064971046578123293e+01 1.064971398965407801e+01 1.095342187307567450e+01 1.095348056278266213e+01 1.209673516503814916e+01 1.209677975176820830e+01 1.278405498567312115e+01 1.278407479984146633e+01 1.482560395018191279e+01 1.482566221221304481e+01 1.697578501304428755e+01 1.697580851322117823e+01 2.308047089843105937e+01 2.308052102752330725e+01
2.944569759241625895e-01 2.062758424640056099e+00 2.062830006069449773e+00 3.086146554399637143e+00 3.086190244705668828e+00 3.794631507835778628e+00 3.794739944134048582e+00 4.558906768983236546e+00 4.558996304915885922e+00 5.977309477000748217e+00 5.977370260298543236e+00 6.937762373061598709e+00 6.937819976675974054e+00 7.646266603888239644e+00 7.646497371925811137e+00 1.009387923423323130e+01 1.009394149336716850e+01 1.063669086721971802e+01 1.063669830477104838e+01 1.094867864586823636e+01 1.094873772254200439e+01 1.210357945504514277e+01 1.210362704167768833e+01 1.278503853595594109e+01 1.278506140063301366e+01 1.482945817941340749e+01 1.482952333962004765e+01 1.699856542794406877e+01 1.699858825992001243e+01 2.307225197651384008e+01 2.307230569868848136e+01
2.959767457623737053e-01 2.045304059491514614e+00 2.045382889857431330e+00 3.062274560129256251e+00 3.062324510480797901e+00 3.781009420069405547e+00 3.781128424375362673e+00 4.544988066175348784e+00 4.545092060053772975e+00 5.964997180865393211e+00 5.965058673426026026e+00 6.944623424737837780e+00 6.944680536142870508e+00 7.643224025868606830e+00 7.643478461841558769e+00 1.007592126961603185e+01 1.007598594021132676e+01 1.062369179287759913e+01 1.062370251987777081e+01 1.094435687119788270e+01 1.094441655753715636e+01 1.211001688408835264e+01 1.211006699388041241e+01 1.278610184155509266e+01 1.278612805782343642e+01 1.483354031053866073e+01 1.483361164424995238e+01 1.702140601579029422e+01 1.702142863499540937e+01 2.306380529114379385e+01 2.306386248874120426e+01
2.974965156005848210e-01 2.027212605719726835e+00 2.027299192713372555e+00 3.037683932211522109e+00 3.037740428295607753e+00 3.767559679411020213e+00 3.767687237788921895e+00 4.531017404728756581e+00 4.531134516736297968e+00 5.952594239314138669e+00 5.952656234483233888e+00 6.951267702710103080e+00 6.951323871116104947e+00 7.641207570579384267e+00 7.641483324975539837e+00 1.005696216560532008e+01 1.005702911807403765e+01 1.061064303005029608e+01 1.061065640857606063e+01 1.094047590621702071e+01 1.094053657226151266e+01 1.211602733425654677e+01 1.211607951310690723e+01 1.278725147677907970e+01 1.278728110497998394e+01 1.483785156561466323e+01 1.483792821743760726e+01 1.704427019317830982e+01 1.704429314581344457e+01 2.305513498538502759e+01 2.305519549734716378e+01
2.990162854387959368e-01 2.008493368910952981e+00 2.008588205128353454e+00 3.012373983339387440e+00 3.012437206511779042e+00 3.754308158623732794e+00 3.754442082987955676e+00 4.517012623688914097e+00 4.517141314229526472e+00 5.940123418466589200e+00 5.940185731099587585e+00 6.957650000856855144e+00 6.957704974521599972e+00 7.640275275377360842e+00 7.640569738202253269e+00 1.003709119033958075e+01 1.003716029751292993e+01 1.059747447634330086e+01 1.059748987848988300e+01 1.093704974462974988e+01 1.093711185717998369e+01 1.212159356316169934e+01 1.212164738603537550e+01 1.278849312111774772e+01 1.278852600044979404e+01 1.484239213707518168e+01 1.484247314425894437e+01 1.706712259420629962e+01 1.706714644969308736e+01 2.304624555594290669e+01 2.304630917545202351e+01
3.005360552770070526e-01 1.989157593801356372e+00 1.989261149486362124e+00 2.986346782612611772e+00 2.986416826698507609e+00 3.741274607338702207e+00 3.741412579941985506e+00 4.502991077984201063e+00 4.503129651687907575e+00 5.927607989407531086e+00 5.927670479260551240e+00 6.963726283979244869e+00 6.963780183388772471e+00 7.640480884463097588e+00 7.640791263893585317e+00 1.001640114313920904e+01 1.001647228395045985e+01 1.058411935153017147e+01 1.058413617468543144e+01 1.093408649453695958e+01 1.093415054227696181e+01 1.212670126033901496e+01 1.212675633125395080e+01 1.278983145266037269e+01 1.278986722513869445e+01 1.484716115963020044e+01 1.484724547575625131e+01 1.708992913128074775e+01 1.708995441122007364e+01 2.303714186426173427e+01 2.303720833716590022e+01
3.020558251152181684e-01 1.969218414529044114e+00 1.969331129914004386e+00 2.959607327334960125e+00 2.959684212869916564e+00 3.728472164951744716e+00 3.728611784791754147e+00 4.488969788673889738e+00 4.489116438830122569e+00 5.915071706813558094e+00 5.915134298471503627e+00 6.969454673363058461e+00 6.969508206430576003e+00 7.641872900871410579e+00 7.642196305679563650e+00 9.994986045735140934e+00 9.995059106030401708e+00 1.057051673444235185e+01 1.057053441159535723e+01 1.093158814602264250e+01 1.093165455686071574e+01 1.213133906965672892e+01 1.213139501565504474e+01 1.279127007086763435e+01 1.279130820705834104e+01 1.485215669116437809e+01 1.485224321066556641e+01 1.711265703608226829e+01 1.711268416312939422e+01 2.302782914678788728e+01 2.302789817095112923e+01
3.035755949534292841e-01 1.948690791704690728e+00 1.948813069135675979e+00 2.932163616409688700e+00 2.932247302663375521e+00 3.715906997646376553e+00 3.716045827922650258e+00 4.474965611966747581e+00 4.475118465804232670e+00 5.902538781525451306e+00 5.902601478196762841e+00 6.974796485922318823e+00 6.974851132398713460e+00 7.644493627099018696e+00 7.644827148734067102e+00 9.972939262639867408e+00 9.973014132827604072e+00 1.055661335537735290e+01 1.055663136227147803e+01 1.092955063603765886e+01 1.092961970507757208e+01 1.213549857584919955e+01 1.213555503616845144e+01 1.279281144892608602e+01 1.279285127573648495e+01 1.485737570323300538e+01 1.485746328672414585e+01 1.713527488835663348e+01 1.713530416370867115e+01 2.301831302435035198e+01 2.301838425002635447e+01
3.050953647916403999e-01 1.927591438107400856e+00 1.927723634196017555e+00 2.904026628008946176e+00 2.904117022717994878e+00 3.703578064672063963e+00 3.703713680470078540e+00 4.460995422626499618e+00 4.461152586892945138e+00 5.890033846145920293e+00 5.890096734788154542e+00 6.979717298572693629e+00 6.979775321337108096e+00 7.648378256442075696e+00 7.648719045605375300e+00 9.950352056138981993e+00 9.950428625719920817e+00 1.054236466156043583e+01 1.054238252287942323e+01 1.092796419027606802e+01 1.092803603101831378e+01 1.213917425454340915e+01 1.213923086690216557e+01 1.279445691607723390e+01 1.279449764712072302e+01 1.486281408145329763e+01 1.486290158163761177e+01 1.715775264016678037e+01 1.715778424374650513e+01 2.300859951061223185e+01 2.300867254189897793e+01
3.066151346298515157e-01 1.905938734832518744e+00 1.906081152918903454e+00 2.875210209765568958e+00 2.875307176269795040e+00 3.691477013820909203e+00 3.691607049466117729e+00 4.447076306177106808e+00 4.447235912042316386e+00 5.877581912522663821e+00 5.877645158491461075e+00 6.984187949020090436e+00 6.984252130641211309e+00 7.653554082469409714e+00 7.653899414454133243e+00 9.927312542211602420e+00 9.927390691608003692e+00 1.052773523868140160e+01 1.052775253583392789e+01 1.092681389701438732e+01 1.092688841939072120e+01 1.214236338656979264e+01 1.214241977290196317e+01 1.279620666942474472e+01 1.279624743808231457e+01 1.486846663584414152e+01 1.486855292371936876e+01 1.718006163820925991e+01 1.718009564111093113e+01 2.299869501954869122e+01 2.299876941693874599e+01
3.081349044680626315e-01 1.883752639654626027e+00 1.883905522889811168e+00 2.845730894319172588e+00 2.845834255734967400e+00 3.679588201875911402e+00 3.679710397925101351e+00 4.433225753231043953e+00 4.433385999319699344e+00 5.865208319686131766e+00 5.865272150609262880e+00 6.988185303903938106e+00 6.988258513361731872e+00 7.660039891322660388e+00 7.660387214530063993e+00 9.903904991381999423e+00 9.903984581842541601e+00 1.051269871080133278e+01 1.051271509431751738e+01 1.092608044993691685e+01 1.092615736174437835e+01 1.214506593881260343e+01 1.214512169281284493e+01 1.279805981352942368e+01 1.279809970845613165e+01 1.487432712093485598e+01 1.487441111212941713e+01 1.720217464329554957e+01 1.720221102456406115e+01 2.298860637190709255e+01 2.298868165590694446e+01
3.096546743062737472e-01 1.861054589226099232e+00 1.861218114584847649e+00 2.815607656318160235e+00 2.815717196453011439e+00 3.667888832895185303e+00 3.668001083702594922e+00 4.419461848192609565e+00 4.419621040440357085e+00 5.852938670619633577e+00 5.853003351333038395e+00 6.991692675155295689e+00 6.991777499231647042e+00 7.667845589870100120e+00 7.668192552934054440e+00 9.880209409871147486e+00 9.880290272494477222e+00 1.049723725554740561e+01 1.049725246595786921e+01 1.092574098888218970e+01 1.092581981408043745e+01 1.214728441521916125e+01 1.214733909369870624e+01 1.280001442490814156e+01 1.280005252758857459e+01 1.488038826522202029e+01 1.488046894656748620e+01 1.722406584546715891e+01 1.722410450905687185e+01 2.297834080060570372e+01 2.297841645635847740e+01
3.111744441444848630e-01 1.837867396517773866e+00 1.838041670035837516e+00 2.784861628787433485e+00 2.784977089659357752e+00 3.656349205467698482e+00 3.656449610240553039e+00 4.405803443531099539e+00 4.405960030514531667e+00 5.840798756378158707e+00 5.840864558907306048e+00 6.994699909039958641e+00 6.994798464131780413e+00 7.676972103106618484e+00 7.677316557999763091e+00 9.856301337301045962e+00 9.856383262345840279e+00 1.048134086665451825e+01 1.048135476915935627e+01 1.092576996970698033e+01 1.092585007699507393e+01 1.214902368271576627e+01 1.214907680212773400e+01 1.280206763746555332e+01 1.280210306165285772e+01 1.488664180927925784e+01 1.488671826624763739e+01 1.724571087382817680e+01 1.724575166413317007e+01 2.296790595502674748e+01 2.296798143783740187e+01
3.126942139826959788e-01 1.814215144634054200e+00 1.814400198128264918e+00 2.753515797159053591e+00 2.753636873198016755e+00 3.644933058854644248e+00 3.645019983785383388e+00 4.392270309822079888e+00 4.392422912235319110e+00 5.828814466662880278e+00 5.828881640532410202e+00 6.997203216078108134e+00 6.997317099393085549e+00 7.687411549351983453e+00 7.687751530544158385e+00 9.832251803719550765e+00 9.832334531334602445e+00 1.046500647893926050e+01 1.046501911766451975e+01 1.092614000481218817e+01 1.092622064124763703e+01 1.215029077757457365e+01 1.215034181632715438e+01 1.280421574387437111e+01 1.280424767767667760e+01 1.489307855148395632e+01 1.489314999804165041e+01 1.726708680083336134e+01 1.726712951640878302e+01 2.295730990415963646e+01 2.295738464579147475e+01
3.142139838209070946e-01 1.790123077813776886e+00 1.790318867292796323e+00 2.721594688412299234e+00 2.721721017658078168e+00 3.633598004994531561e+00 3.633670176976781629e+00 4.378883250905558633e+00 4.379030683954963088e+00 5.817011686866048414e+00 5.817080434884855933e+00 6.999204774958241337e+00 6.999335079561757489e+00 7.699147675771770949e+00 7.699481358565164690e+00 9.808127397825636251e+00 9.808210611160470549e+00 1.044823705137994452e+01 1.044824872039345287e+01 1.092682263072421378e+01 1.092690295672360534e+01 1.215109469819920029e+01 1.215114310471182257e+01 1.280645430670759843e+01 1.280648206066182127e+01 1.489968839985648152e+01 1.489975421389376642e+01 1.728817214115352741e+01 1.728821654669544827e+01 2.294656113854930979e+01 2.294663455413589759e+01
3.157337536591182103e-01 1.765617490072608486e+00 1.765823895982341796e+00 2.689124070968324176e+00 2.689255223815133711e+00 3.622296020644998116e+00 3.622352715059231176e+00 4.365664172935580289e+00 4.365805460622282475e+00 5.805416182489715915e+00 5.805486645668421097e+00 7.000712134124970731e+00 7.000859483190133403e+00 7.712156513817786774e+00 7.712482157819279038e+00 9.783990407923786492e+00 9.784073729315721835e+00 1.043104069262678912e+01 1.043105198428266611e+01 1.092778897503318092e+01 1.092786809840111495e+01 1.215144619034959561e+01 1.215149139636010212e+01 1.280877827068865571e+01 1.280880134240563883e+01 1.490646042783068914e+01 1.490652019806883111e+01 1.730894684540795581e+01 1.730899268215432230e+01 2.293566857100449141e+01 2.293574006640318075e+01
3.172535234973293261e-01 1.740725611568919584e+00 1.740942440942043978e+00 2.656130678554602387e+00 2.656266144807353236e+00 3.610973916834337771e+00 3.611015461995738196e+00 4.352636095963739571e+00 4.352770476550889889e+00 5.794053472418450035e+00 5.794125725496475532e+00 7.001737453014873935e+00 7.001902036828865583e+00 7.726407197840750918e+00 7.726723083543325821e+00 9.759899006108483377e+00 9.759981996742796539e+00 1.041342989744619096e+01 1.041344163728242300e+01 1.092901030944692664e+01 1.092908731702358693e+01 1.215135753053473877e+01 1.215139896904295114e+01 1.281118206007329263e+01 1.281120024832823745e+01 1.491338293088475808e+01 1.491343652550631660e+01 1.732939228910570506e+01 1.732943928379231124e+01 2.292464153601940779e+01 2.292471051542216998e+01
3.187732933355404419e-01 1.715475492395104773e+00 1.715702482887863756e+00 2.622641968514992872e+00 2.622781143698579065e+00 3.599573474134800222e+00 3.599602915600168096e+00 4.339823097208049596e+00 4.339950019657402791e+00 5.782948692731759266e+00 5.783022749697676268e+00 7.002296641400153732e+00 7.002478253306160028e+00 7.741862882245259314e+00 7.742167249426759490e+00 9.735907453890987995e+00 9.735989617046328704e+00 1.039542088605932335e+01 1.039543392694701218e+01 1.093045848732383796e+01 1.093053247348705526e+01 1.215084231267380765e+01 1.215087944026224775e+01 1.281365962125454416e+01 1.281367329335016869e+01 1.492044348050611013e+01 1.492049115287396788e+01 1.734949125713841411e+01 1.734953912959194966e+01 2.291348978786222546e+01 2.291355566147762701e+01
3.202930631737515577e-01 1.689895883122579434e+00 1.690132708824803931e+00 2.588685922261825034e+00 2.588828094253494694e+00 3.588031204458490997e+00 3.588058050083080097e+00 4.327250176524289671e+00 4.327369288356612387e+00 5.772126452726174861e+00 5.772202280176611744e+00 7.002408460042375715e+00 7.002606531173007021e+00 7.758481693153117753e+00 7.758772689127473754e+00 9.712066313755277847e+00 9.712147101510067770e+00 1.037703296616629345e+01 1.037704799332407113e+01 1.093210627233385068e+01 1.093217636404145132e+01 1.214991524208130436e+01 1.214994756660272657e+01 1.281620434382062967e+01 1.281621508592451164e+01 1.492762897541931189e+01 1.492767152036884859e+01 1.736922792415018080e+01 1.736927639356156305e+01 2.290222349728191631e+01 2.290228568891074090e+01
3.218128330119626734e-01 1.664016111072739390e+00 1.664262389866909553e+00 2.554290892959532489e+00 2.554435230090423392e+00 3.576283001218831359e+00 3.576319442238340418e+00 4.314943037025517292e+00 4.315054164904968736e+00 5.761610684768174728e+00 5.761688220047040510e+00 7.002093640668406671e+00 7.002307273785482344e+00 7.776217658066607363e+00 7.776493301969301442e+00 9.688422656030336810e+00 9.688501479133064365e+00 1.035828793047734742e+01 1.035830540182718806e+01 1.093392757004519034e+01 1.093399294845954728e+01 1.214859193895406619e+01 1.214861905708127487e+01 1.281880925564436602e+01 1.281882033843339386e+01 1.493492570808036568e+01 1.493496464419410508e+01 1.738858783108657846e+01 1.738863662099270613e+01 2.289085324678243794e+01 2.289091120113173972e+01
3.233326028501737892e-01 1.637865950957450023e+00 1.638121253081298967e+00 2.519485503231373436e+00 2.519631045030362948e+00 3.564267774897977858e+00 3.564319578266371469e+00 4.302927777440185508e+00 4.303030902748931297e+00 5.751424489618846003e+00 5.751503660274940088e+00 7.001374072079290301e+00 7.001602074589611036e+00 7.795021569028214969e+00 7.795279735788898989e+00 9.665020254165538560e+00 9.665096494665210258e+00 1.033920956684115744e+01 1.033922974503024328e+01 1.093589757676793184e+01 1.093595749587743171e+01 1.214688874910716088e+01 1.214691040893478480e+01 1.282146834340655417e+01 1.282148272792569266e+01 1.494231950454086366e+01 1.494235713953958644e+01 1.740755785820311985e+01 1.740760670021288448e+01 2.287939002440774772e+01 2.287944321403154291e+01
3.248523726883849050e-01 1.611475488235573739e+00 1.611739345572714699e+00 2.484298593768037300e+00 2.484444245512261062e+00 3.551922777792423602e+00 3.551991624304001505e+00 4.291230497709118907e+00 4.291325730343236167e+00 5.741589978954273477e+00 5.741670720006712081e+00 7.000272085418331791e+00 7.000513001468681828e+00 7.814841748643329922e+00 7.815080173696101973e+00 9.641899764206613099e+00 9.641972790395524129e+00 1.031982328546082073e+01 1.031984628823260586e+01 1.093799286052868247e+01 1.093804666373850232e+01 1.214482254527646887e+01 1.214483878698504071e+01 1.282417635886980634e+01 1.282419524386655851e+01 1.494979598437321044e+01 1.494983512534587788e+01 1.742612619479337610e+01 1.742617483112007903e+01 2.286784521596693764e+01 2.286789314780333982e+01
3.263721425265960208e-01 1.584874973277854648e+00 1.585146888770698315e+00 2.448759222207495867e+00 2.448903754425692192e+00 3.539184578124987546e+00 3.539270677253706587e+00 4.279876825373761129e+00 4.279964379770492044e+00 5.732128116893192349e+00 5.732210382658294634e+00 6.998809857837689385e+00 6.999061999431895664e+00 7.835624701850766094e+00 7.835841005485990607e+00 9.619098886197297915e+00 9.619168069434207879e+00 1.030015582881458691e+01 1.030018166995148121e+01 1.094019138813224856e+01 1.094023852490462900e+01 1.214241044838405159e+01 1.214242201995510939e+01 1.282692780220672724e+01 1.282695133011128341e+01 1.495734079859692933e+01 1.495738415096020191e+01 1.744428230588125572e+01 1.744433049078226361e+01 2.285623059559190295e+01 2.285627281723299831e+01
3.278919123648071365e-01 1.558094664220944336e+00 1.558374120683594155e+00 2.412896710523447563e+00 2.413038764618153031e+00 3.525991105802859238e+00 3.526094038283182464e+00 4.268891377152228550e+00 4.268971554940852897e+00 5.723058562375436864e+00 5.723142330240683862e+00 6.997008941716398311e+00 6.997270418977835860e+00 7.857315647948392545e+00 7.857507376917041597e+00 9.596652506554592676e+00 9.596717239619588113e+00 1.028023503986443821e+01 1.028026365866948844e+01 1.094247251009593747e+01 1.094251255737407824e+01 1.213966935960810112e+01 1.213967882410610066e+01 1.282971704246548583e+01 1.282974486090783017e+01 1.496493963554382134e+01 1.496498935290606092e+01 1.746201689610889929e+01 1.746206439637815677e+01 2.284455831441563944e+01 2.284459442063301537e+01
3.294116822030182523e-01 1.531164656233982235e+00 1.531451123760513733e+00 2.376740738344179871e+00 2.376878839641867192e+00 3.512283098809033444e+00 3.512402131749471135e+00 4.258297177135665912e+00 4.258370360602836691e+00 5.714399514194451690e+00 5.714484778792813913e+00 6.994889917090469922e+00 6.995158668026551396e+00 7.879858936211093123e+00 7.880023620180802268e+00 9.574592821326882941e+00 9.574652538137375046e+00 1.026008967504876246e+01 1.026012095799773149e+01 1.094481691112444999e+01 1.094484961165100678e+01 1.213661646018276130e+01 1.213662809710313795e+01 1.283253852289844765e+01 1.283257000425314054e+01 1.497257810807395906e+01 1.497263572664928866e+01 1.747932187104454727e+01 1.747936846574722125e+01 2.283284088682460578e+01 2.283287052794334571e+01
3.309314520412293681e-01 1.504114694824436826e+00 1.504407635966045875e+00 2.340321479024412010e+00 2.340454058992045283e+00 3.498005347264450560e+00 3.498139612269010712e+00 4.248115059470938704e+00 4.248181719095118325e+00 5.706167560414634465e+00 5.706254318124497793e+00 6.992472158293945306e+00 6.992745978641779381e+00 7.903198353831077938e+00 7.903333576777348490e+00 9.552949440742963816e+00 9.553003637606389375e+00 1.023974925290304405e+01 1.023978305063119265e+01 1.094720652378252090e+01 1.094723187713784895e+01 1.213327076486601719e+01 1.213328719484799123e+01 1.283538684449644229e+01 1.283542118123955866e+01 1.498024172827584088e+01 1.498030830568351845e+01 1.749619029612942711e+01 1.749623577580404543e+01 2.282109117245152063e+01 2.282111406982112101e+01
3.324512218794404839e-01 1.476973970790311563e+00 1.477272842742204606e+00 2.303669774754376842e+00 2.303795205170786620e+00 3.483107843720108843e+00 3.483256481978253660e+00 4.238363088394404343e+00 4.238423805787753906e+00 5.698377533880821133e+00 5.698465759238447781e+00 6.989773701759876445e+00 6.990050275675862679e+00 7.927277334852654178e+00 7.927380832092619123e+00 9.531749475641685621e+00 9.531797734909442710e+00 1.021924393097075701e+01 1.021928007250838988e+01 1.094962436994796562e+01 1.094964289847613870e+01 1.212965144151541708e+01 1.212967347658478445e+01 1.283825679634250427e+01 1.283829305544070642e+01 1.498791597349747384e+01 1.498799224271583164e+01 1.751261635348306811e+01 1.751266051905900412e+01 2.280932234563206507e+01 2.280933833599965865e+01
3.339709917176515996e-01 1.449770894505394425e+00 1.450075147728303593e+00 2.266817346237220310e+00 2.266933990516813768e+00 3.467546840035342637e+00 3.467709143726880772e+00 4.229056031414358152e+00 4.229111535456963722e+00 5.691042375626114591e+00 5.691131992714163701e+00 6.986811200022953194e+00 6.987088132525593132e+00 7.952039058695964613e+00 7.952108904724741301e+00 9.511017606182532447e+00 9.511059624626554410e+00 1.019860440492190357e+01 1.019864271014603752e+01 1.095205419958663562e+01 1.095206778463488817e+01 1.212577714109346694e+01 1.212580487100043314e+01 1.284114336275515633e+01 1.284118052548379119e+01 1.499558637864483579e+01 1.499567285683128581e+01 1.752859529678747208e+01 1.752863795847067152e+01 2.279754779455226910e+01 2.279755704070809941e+01
3.354907615558627154e-01 1.422532847437168346e+00 1.422841920456040743e+00 2.229797030916386369e+00 2.229903323294383899e+00 3.451285787257533322e+00 3.451461341397439320e+00 4.220204921997122050e+00 4.220256129471572137e+00 5.684173008209665312e+00 5.684263860980966143e+00 6.983599946643106016e+00 6.983874798853298316e+00 7.977426204414266309e+00 7.977461656471579232e+00 9.490776132409177279e+00 9.490811759938944547e+00 1.017786182492592140e+01 1.017790211557698221e+01 1.095448016119190981e+01 1.095449338600358935e+01 1.212166629947678942e+01 1.212169949849642059e+01 1.284404171763500280e+01 1.284407871375399068e+01 1.500323862343655179e+01 1.500333567694932491e+01 1.754412340447420959e+01 1.754416438083978491e+01 2.278578026209263996e+01 2.278578514317880277e+01
3.370105313940738312e-01 1.395285909192695906e+00 1.395599219768521859e+00 2.192643040015006761e+00 2.192737616256734245e+00 3.434296132908228216e+00 3.434484948683179883e+00 4.211816745781789884e+00 4.211864787652279674e+00 5.677778221281490900e+00 5.677870046865058917e+00 6.980153957495262240e+00 6.980424285888994440e+00 8.003373761492829530e+00 8.003390552438254701e+00 9.471045003972635712e+00 9.471074306194903869e+00 1.015704772535603873e+01 1.015708983456173975e+01 1.095688856281740797e+01 1.095690638785888105e+01 1.211733724820633462e+01 1.211737550873866098e+01 1.284694721050656341e+01 1.284698295016269931e+01 1.501085860829907226e+01 1.501096648708112369e+01 1.755919793144114394e+01 1.755923704893930903e+01 2.277403090701861998e+01 2.277403974464143843e+01
3.385303012322849470e-01 1.368054559024393324e+00 1.368371492464377726e+00 2.155391215362697732e+00 2.155473150012874761e+00 3.416557955254597712e+00 3.416760576833402396e+00 4.203894276788323836e+00 4.203940481801314633e+00 5.671864571837578417e+00 5.671956980205263399e+00 6.976486095187667935e+00 6.976749496353627400e+00 8.029807742119473346e+00 8.029855953497239796e+00 9.451841820857612930e+00 9.451865197783776651e+00 1.013619396479844070e+01 1.013623774477284734e+01 1.095926815511557528e+01 1.095929289419371599e+01 1.211280823747371826e+01 1.211285102628612975e+01 1.284985534673858076e+01 1.284988875183595880e+01 1.501843251967688531e+01 1.501855137199004275e+01 1.757381705952644069e+01 1.757385415256237593e+01 2.276231672164215780e+01 2.276233262574548988e+01
3.400500710704960627e-01 1.340861351689728975e+00 1.341181247702676549e+00 2.118079245381506048e+00 2.118148524614015038e+00 3.398060421640718864e+00 3.398277983563774196e+00 4.196436072881912338e+00 4.196481886037558340e+00 5.666436301584478308e+00 5.666528763815054326e+00 6.972608224922414166e+00 6.972862387805871975e+00 8.056692355337066402e+00 8.056779904121286862e+00 9.433181789403061401e+00 9.433200216491600898e+00 1.011533267408132986e+01 1.011537800149640987e+01 1.096160799718163936e+01 1.096164044497063017e+01 1.210809744069751837e+01 1.210814413102254505e+01 1.285276176334384957e+01 1.285279180046704717e+01 1.502594688629642938e+01 1.502607676127216507e+01 1.758797984696536787e+01 1.758801475866047070e+01 2.275065363743119562e+01 2.275067709301397656e+01
3.415698409087071785e-01 1.313726568932391592e+00 1.314048709089469247e+00 2.080746772325760219e+00 2.080805258987505013e+00 3.378802065266355736e+00 3.379036279835124112e+00 4.189436614846138163e+00 4.189483462488975185e+00 5.661495273548117879e+00 5.661587119668248569e+00 6.968531391631101357e+00 6.968774160103522242e+00 8.083973863705779195e+00 8.084102214511574402e+00 9.415077657603642791e+00 9.415093069808371240e+00 1.009449621061885694e+01 1.009454298908559444e+01 1.096389748824776156e+01 1.096393788637132261e+01 1.210322295751423738e+01 1.210327285272776621e+01 1.285566220027428130e+01 1.285568792028603369e+01 1.503338862748655202e+01 1.503352947047598143e+01 1.760168617704871252e+01 1.760171876073919606e+01 2.273905666297380179e+01 2.273908779002112368e+01
3.430896107469182943e-01 1.286667849748323711e+00 1.286991448201968646e+00 2.043435473753812737e+00 2.043488445142433552e+00 3.358790881169630094e+00 3.359043946694718841e+00 4.182886559301622675e+00 4.182935713680346446e+00 5.657040929586888645e+00 5.657131355877074164e+00 6.964266009516973277e+00 6.964495459571624636e+00 8.111595636658787356e+00 8.111765338666627301e+00 9.397539917268991516e+00 9.397555184107297066e+00 1.007371711778993806e+01 1.007376527695950053e+01 1.096612665226280470e+01 1.096617500861937700e+01 1.209820281860265112e+01 1.209825517269572615e+01 1.285855246268302210e+01 1.285857306371523556e+01 1.504074509426023809e+01 1.504089673843334296e+01 1.761493670618988716e+01 1.761496682767943867e+01 2.272754086253198835e+01 2.272757966517241357e+01
3.446093805851294101e-01 1.259699805131469841e+00 1.260024005708627826e+00 2.006190056898178753e+00 2.006246505562744531e+00 3.338044248671258263e+00 3.338318687242312066e+00 4.176773086297489890e+00 4.176825583696867739e+00 5.653070269891766308e+00 5.653158354754029169e+00 6.959822056086644615e+00 6.960036594341150185e+00 8.139500688227231606e+00 8.139711773153491592e+00 9.380577407829710168e+00 9.380595080519197992e+00 1.005302808836108852e+01 1.005307757938117952e+01 1.096828621527299497e+01 1.096834241225310613e+01 1.209305499231182601e+01 1.209310902897512641e+01 1.286142834941226809e+01 1.286144333163801257e+01 1.504800410364532581e+01 1.504816626033128557e+01 1.762773281158880678e+01 1.762776035215822290e+01 2.271612142760291775e+01 2.271616784380032428e+01
3.461291504233405258e-01 1.232833626286535589e+00 1.233157509343818514e+00 1.969060523417303976e+00 1.969129679323377902e+00 3.316588695638085227e+00 3.316887145565992956e+00 4.171080336391136179e+00 4.171136962176715812e+00 5.649577854956220335e+00 5.649662581958621921e+00 6.955209263340756287e+00 6.955407757112327616e+00 8.167631808665285931e+00 8.167883876496990325e+00 9.364197152418894277e+00 9.364218505700119266e+00 1.003246193114255291e+01 1.003251271856899862e+01 1.097036762110742814e+01 1.097043145745529102e+01 1.208779739211405335e+01 1.208785232302112789e+01 1.286428540108779828e+01 1.286429517672230460e+01 1.505515396665965611e+01 1.505532621627246570e+01 1.764007653865144576e+01 1.764010139886102735e+01 2.270481366463014439e+01 2.270486758158011398e+01
3.476489202615516416e-01 1.206076699473468183e+00 1.206399301925545231e+00 1.932102325579563518e+00 1.932190593345217478e+00 3.294459529065477454e+00 3.294784524557977878e+00 4.165789925507879410e+00 4.165851243428404516e+00 5.646555829928644243e+00 5.646636116409512240e+00 6.950437299325775697e+00 6.950619252989738150e+00 8.195931574061040337e+00 8.196223831961422235e+00 9.348403717006117830e+00 9.348429029881531349e+00 1.001205154017195831e+01 1.001210359088577917e+01 1.097236303659896883e+01 1.097243424473758999e+01 1.208244788367454525e+01 1.208250292607011112e+01 1.286711797293888182e+01 1.286712628614828269e+01 1.506218351029823665e+01 1.506236529520985457e+01 1.765197054827483569e+01 1.765199265271297335e+01 2.269363296907486927e+01 2.269369422921857193e+01
3.491686900997627574e-01 1.179432245821873337e+00 1.179752597460921759e+00 1.895375034089466615e+00 1.895486268812830666e+00 3.271700363684516777e+00 3.272054130588656129e+00 4.160881509950493218e+00 4.160947906573123412e+00 5.643993970748583777e+00 5.644068700303971120e+00 6.945515935137805741e+00 6.945681729655300174e+00 8.224342349320663104e+00 8.224673642976513932e+00 9.333199101077228832e+00 9.333228107368015003e+00 9.991829865777749120e+00 9.991883135899358948e+00 1.097426535980837592e+01 1.097434361252424040e+01 1.207702429033747826e+01 1.207707868385492844e+01 1.286992083851708735e+01 1.286993393869820501e+01 1.506908209390048548e+01 1.506927271423708348e+01 1.766341806401564440e+01 1.766343736743479198e+01 2.268259479547852209e+01 2.268266319896248362e+01
3.506884599379738732e-01 1.152899010693781090e+00 1.153216189192157071e+00 1.858942255103459784e+00 1.859078786447093234e+00 3.248362582658640640e+00 3.248746868553930245e+00 4.156333367004316770e+00 4.156405092568949300e+00 5.641879751025694389e+00 5.641947808255340036e+00 6.940455200114459267e+00 6.940606400646548657e+00 8.252806301475475337e+00 8.253175146974834675e+00 9.318582814842541140e+00 9.318614948832829370e+00 9.971829886898591511e+00 9.971884308017024523e+00 1.097606823470975357e+01 1.097615314671554287e+01 1.207154439592576090e+01 1.207159741851080526e+01 1.287269180213830744e+01 1.287271235920624868e+01 1.507583962027384317e+01 1.507603823328748938e+01 1.767442281896627065e+01 1.767443931491030540e+01 2.267171462562276929e+01 2.267178993101314788e+01
3.522082297761849889e-01 1.126471034463883303e+00 1.126784240081341260e+00 1.822872058932797357e+00 1.823035298763754364e+00 3.224504761541877595e+00 3.224920707361302874e+00 4.152122959838165706e+00 4.152200157907674161e+00 5.640198428252790386e+00 5.640258734264844698e+00 6.935265550506452215e+00 6.935405230801790388e+00 8.281265427313135419e+00 8.281670044651320950e+00 9.304551918551460687e+00 9.304586435056318550e+00 9.952084584016182234e+00 9.952140050184288711e+00 1.097776607280610506e+01 1.097785719984966235e+01 1.206602594388520089e+01 1.206607692672866250e+01 1.287542776449791226e+01 1.287545662646288314e+01 1.508244654195946310e+01 1.508265216535280828e+01 1.768498900170297006e+01 1.768500273629607733e+01 2.266100793543568415e+01 2.266108985940575238e+01
3.537279996143961047e-01 1.100137544749156815e+00 1.100446193399217787e+00 1.787237260445523113e+00 1.787427988207935803e+00 3.200192080413268858e+00 3.200640133017564004e+00 4.148227462587069425e+00 4.148310187463140508e+00 5.638933147650021738e+00 5.638984695017404292e+00 6.929958116778152544e+00 6.930091013692974755e+00 8.309661596090151647e+00 8.310099943318792981e+00 9.291101030942819250e+00 9.291137071444161677e+00 9.932626911973967410e+00 9.932683268840321489e+00 1.097935408104540222e+01 1.097945091813879515e+01 1.206048663195222836e+01 1.206053497341520142e+01 1.287812495074438068e+01 1.287816242558888824e+01 1.508889386303183322e+01 1.508910538238037979e+01 1.769512119952041118e+01 1.769513229693994560e+01 2.265049016092275735e+01 2.265057837729424506e+01
3.552477694526072205e-01 1.073883018697301628e+00 1.074186848178718678e+00 1.752115478254365755e+00 1.752333971189452111e+00 3.175495741826284579e+00 3.175975603214419074e+00 4.144624228859306925e+00 4.144712452703783079e+00 5.638065061694153890e+00 5.638106947874270247e+00 6.924545095285299823e+00 6.924677270716243171e+00 8.337936606608419510e+00 8.338406412955039926e+00 9.278222330759176018e+00 9.278258967197940521e+00 9.913489771779694593e+00 9.913546808973700664e+00 1.098082829488541101e+01 1.098093027474012828e+01 1.205494410167364450e+01 1.205498928032615602e+01 1.288077940585436210e+01 1.288082554012576431e+01 1.509517313682651540e+01 1.509538931704674170e+01 1.770482433444419357e+01 1.770483304988220752e+01 2.264017666329305811e+01 2.264027080170339801e+01
3.567675392908183363e-01 1.047687472017992283e+00 1.047986650446595780e+00 1.717588972633198097e+00 1.717835065114024840e+00 3.150492405447022470e+00 3.151003013383296025e+00 4.141291193400807202e+00 4.141384806036854549e+00 5.637573463068006774e+00 5.637604922070632796e+00 6.919040189911012106e+00 6.919178062010255204e+00 8.366032256846796855e+00 8.366531052999112816e+00 9.265905565432539959e+00 9.265941834598477200e+00 9.894705980217960217e+00 9.894763427751886553e+00 1.098218561502967283e+01 1.098229210751270912e+01 1.204941592224735736e+01 1.204945750936328075e+01 1.288338709224196776e+01 1.288344174882372428e+01 1.510127645998949397e+01 1.510149596063797084e+01 1.771410358460029144e+01 1.771411041561056976e+01 2.263008269341894874e+01 2.263018233785301803e+01
3.582873091290294520e-01 1.021527037393142212e+00 1.021822255299808413e+00 1.683744241286213583e+00 1.684017350627803777e+00 3.125263644604284519e+00 3.125803179933906772e+00 4.138207202137511587e+00 4.138306006626955025e+00 5.637435927421051929e+00 5.637456362964020862e+00 6.913458812169450241e+00 6.913607996711111703e+00 8.393890423277200696e+00 8.394415567201605199e+00 9.254138076526682966e+00 9.254173010519803455e+00 9.876308235743296748e+00 9.876365764819265536e+00 1.098342384610476508e+01 1.098353415933367749e+01 1.204391956826594523e+01 1.204395724047899918e+01 1.288594391351032620e+01 1.288600680298713108e+01 1.510719646323758703e+01 1.510741785729240050e+01 1.772296431150129692e+01 1.772297015774315199e+01 2.262022335576078191e+01 2.262032804317527379e+01
3.598070789672405678e-01 9.953748961692432395e-01 9.956674160355359904e-01 1.650671339925326997e+00 1.650970475683205319e+00 3.099895425515962533e+00 3.100461342320834923e+00 4.135352270283137344e+00 4.135455977057205246e+00 5.637628445631081675e+00 5.637637506045519054e+00 6.907817935944987831e+00 6.907982542636302625e+00 8.421453145830556153e+00 8.422001842886892575e+00 9.242904850565759389e+00 9.242937505783936913e+00 9.858329078720705851e+00 9.858386306984888492e+00 1.098454173533046330e+01 1.098465511885174806e+01 1.203847239100647748e+01 1.203850594443975019e+01 1.288844572480744688e+01 1.288851642356653393e+01 1.511292629921287656e+01 1.511314809488110456e+01 1.773141214179605996e+01 1.773141820631154175e+01 2.261061357189165477e+01 2.261072279115165884e+01
3.613268488054516836e-01 9.692026204653931831e-01 9.694942538581814429e-01 1.618462895795133694e+00 1.618786661114926195e+00 3.074477606580910738e+00 3.075066682096358583e+00 4.132707771639081429e+00 4.132815993419043821e+00 5.638122701270467552e+00 5.638126121732176088e+00 6.902135856756277832e+00 6.902318382020136589e+00 8.448662713134226010e+00 8.449232029803125599e+00 9.232188604445710212e+00 9.232218090351921091e+00 9.840800843674635701e+00 9.840857344667083950e+00 1.098553900903987746e+01 1.098565465936739116e+01 1.203309158288615777e+01 1.203312095108595692e+01 1.289088834161105268e+01 1.289096630573351554e+01 1.511845962780548724e+01 1.511868029281635373e+01 1.773945315433947911e+01 1.773946037799003861e+01 2.260126804376282195e+01 2.260138123509655728e+01
3.628466186436627994e-01 9.429819650073718584e-01 9.432749540931546495e-01 1.587212794905726199e+00 1.587559385118583188e+00 3.049103452697691452e+00 3.049711854405075417e+00 4.130256564660336416e+00 4.130368813770573411e+00 5.638886599069384609e+00 5.638901322317079412e+00 6.896432062591233425e+00 6.896633603055895456e+00 8.475461741062419563e+00 8.476048612260941084e+00 9.221969915824615782e+00 9.221995424512428485e+00 9.823755600858623538e+00 9.823810917163626755e+00 1.098641640473737446e+01 1.098653347336358266e+01 1.202779413460793734e+01 1.202781941417576306e+01 1.289326754976642952e+01 1.289335212760642690e+01 1.512379059930789360e+01 1.512400858708802076e+01 1.774709367628702239e+01 1.774710248975440052e+01 2.259220121685824978e+01 2.259231777201427960e+01
3.643663884818739152e-01 9.166871188569631901e-01 9.169839198354297061e-01 1.557014547152644202e+00 1.557381749642426927e+00 3.023869157957889353e+00 3.024492525487581407e+00 4.127983062413569826e+00 4.128098751456495741e+00 5.639900973353761948e+00 5.639927199810448322e+00 6.890727204969421038e+00 6.890947735739890057e+00 8.501793235774654178e+00 8.502394466432139808e+00 9.212227410158028817e+00 9.212248248698202246e+00 9.807225084229884260e+00 9.807278743626389073e+00 1.098717569625004664e+01 1.098729330008445793e+01 1.202259678469631154e+01 1.202261827405817840e+01 1.289557911745320595e+01 1.289566956189546865e+01 1.512891383575205673e+01 1.512912761283519636e+01 1.775434002650126786e+01 1.775435052785601542e+01 2.258342724339146912e+01 2.258354650665334518e+01
3.658861583200850309e-01 8.902973911354907788e-01 8.906003872776954156e-01 1.527959366762920546e+00 1.528344565841203817e+00 2.998873369144806400e+00 2.999506908627477042e+00 4.125873254348702446e+00 4.125991700644662252e+00 5.641137705841631877e+00 5.641175063594754846e+00 6.885043093391868041e+00 6.885281706440063765e+00 8.527600630223831857e+00 8.528212892445043991e+00 9.202938016047754743e+00 9.202953648589963009e+00 9.791240602882098187e+00 9.791292136613558128e+00 1.098781970944455644e+01 1.098793694348517747e+01 1.201751596337354044e+01 1.201753421747923056e+01 1.289781880912337719e+01 1.289791428983764732e+01 1.513382441076648277e+01 1.513403248476316065e+01 1.776119847949556174e+01 1.776121059904518873e+01 2.257495994570309605e+01 2.257508121588099570e+01
3.674059281582961467e-01 8.638002691313613202e-01 8.641114659781102825e-01 1.500134045796111204e+00 1.500534236196353399e+00 2.974216702136967427e+00 2.974855290496484450e+00 4.123914688005942963e+00 4.124035121740281973e+00 5.642567823377734548e+00 5.642615706223192973e+00 6.879402667821954864e+00 6.879657754655598367e+00 8.552827780570801508e+00 8.553447608245193123e+00 9.194077290807843639e+00 9.194087426110089112e+00 9.775832933238808309e+00 9.775881895361294482e+00 1.098835232596250755e+01 1.098846827787051872e+01 1.201256774257937288e+01 1.201258362424141701e+01 1.289998240123388484e+01 1.290008201699357215e+01 1.513851782827570958e+01 1.513871877571704339e+01 1.776767526650839812e+01 1.776768884759557565e+01 2.256681278002005087e+01 2.256693531349896631e+01
3.689256979965072625e-01 8.371947568411352014e-01 8.375155170040111674e-01 1.473618740276134487e+00 1.474030552475796618e+00 2.950001243477929247e+00 2.950639539925374866e+00 4.122096418541580043e+00 4.122217994218839721e+00 5.644161838990289226e+00 5.644219433452983381e+00 6.873829934596555447e+00 6.874099325314373843e+00 8.577418906051676117e+00 8.578042689102746365e+00 9.185619694539564506e+00 9.185624734618405896e+00 9.761032189928478431e+00 9.761078176558751096e+00 1.098877847248940398e+01 1.098889223861769260e+01 1.200776782362804340e+01 1.200778247096772766e+01 1.290206569951442184e+01 1.290216849055592085e+01 1.514299000034915466e+01 1.514318249372194636e+01 1.777377655753141639e+01 1.777379139443970502e+01 2.255899880073765829e+01 2.255912181562015917e+01
3.704454678347183783e-01 8.104948778091718431e-01 8.108257359426265243e-01 1.448484824031157414e+00 1.448904563680373458e+00 2.926330029950837019e+00 2.926962591664395763e+00 4.120408933419530406e+00 4.120530743997733225e+00 5.645889945987111247e+00 5.645956248747019401e+00 6.868349864144611239e+00 6.868630937733595232e+00 8.601318452675686288e+00 8.601942433228570550e+00 9.177537648778416823e+00 9.177542182523682257e+00 9.746867674332278852e+00 9.746910341517926568e+00 1.098910409323024062e+01 1.098921479555501257e+01 1.200313157634977301e+01 1.200314618003123890e+01 1.290406455747980985e+01 1.290416951785392641e+01 1.514723722449026511e+01 1.514742005779518230e+01 1.777950843251656821e+01 1.777952429031191173e+01 2.255153062538547104e+01 2.255165330672525670e+01
3.719652376729294940e-01 7.837332091025517311e-01 7.840737809182297680e-01 1.424792985513928079e+00 1.425216687743098509e+00 2.903306499931734841e+00 2.903927898630433102e+00 4.118844058896010907e+00 4.118965151846218475e+00 5.647722210330036852e+00 5.647796047302727551e+00 6.862988252555100921e+00 6.863278029587484674e+00 8.624470857861389561e+00 8.625091130415542651e+00 9.169805758227013825e+00 9.169815069796726448e+00 9.733367701376476333e+00 9.733406780271808501e+00 1.098933610353291535e+01 1.098944290685608571e+01 1.199867403252297038e+01 1.199868951284826935e+01 1.290597489588931346e+01 1.290608098575780005e+01 1.515125616064164049e+01 1.515142827283105120e+01 1.778487684911170774e+01 1.778489347565867718e+01 2.254442040043427298e+01 2.254454190651710022e+01
3.734850075111406098e-01 7.569643081884137592e-01 7.573132848499870562e-01 1.402591740228684714e+00 1.403015237699663409e+00 2.881033911548725790e+00 2.881638847423409366e+00 4.117394854112392366e+00 4.117514248603433735e+00 5.649628766497678534e+00 5.649708814866514217e+00 6.857771549692849078e+00 6.858066774584217207e+00 8.646820190119719030e+00 8.647432707358793991e+00 9.162402713634691054e+00 9.162417283283767588e+00 9.720559407242136629e+00 9.720594715327115054e+00 1.098948232298895356e+01 1.098958445171829190e+01 1.199440974723479236e+01 1.199442659592396332e+01 1.290779272285944579e+01 1.290789888070001190e+01 1.515504380816620511e+01 1.515520430384951034e+01 1.778988761002914387e+01 1.778990474431395441e+01 2.253767976809803386e+01 2.253779923769006643e+01
3.750047773493517256e-01 7.302679058754502073e-01 7.306231130765725723e-01 1.381916502539892733e+00 1.382335504151132266e+00 2.859614724217166781e+00 2.860198133501909545e+00 4.116055497772723726e+00 4.116172202198510099e+00 5.651580017747765083e+00 5.651664830858516453e+00 6.852726656621704215e+00 6.853023873639178198e+00 8.668309635868880036e+00 8.668910221071580935e+00 9.155307681626046801e+00 9.155327086853008112e+00 9.708468543219836988e+00 9.708499990480342845e+00 1.098955138685460575e+01 1.098964814062991380e+01 1.199035263955564012e+01 1.199037097023610166e+01 1.290951415434830984e+01 1.290961930904162713e+01 1.515859748305140187e+01 1.515874564988987494e+01 1.779454633128934660e+01 1.779456370978777002e+01 2.253131983427849505e+01 2.253143639473032422e+01
3.765245471875628414e-01 7.037517634149701440e-01 7.041102616486998311e-01 1.362789308309574121e+00 1.363199483901314402e+00 2.839149941930611654e+00 2.839707094315115032e+00 4.114821171565202995e+00 4.114934200697192956e+00 5.653546841029926995e+00 5.653634875731864184e+00 6.847880695232300141e+00 6.848176320463593925e+00 8.688880805680735619e+00 8.689465171901890272e+00 9.148503260355095534e+00 9.148526761916373928e+00 9.697119263773917197e+00 9.697146853103797426e+00 1.098955263527323467e+01 1.098964340269052009e+01 1.198651590680678503e+01 1.198653557151719795e+01 1.291113543474482128e+01 1.291123851752250928e+01 1.516191479557159560e+01 1.516205011781611489e+01 1.779885841186929696e+01 1.779887577372280205e+01 2.252535113779435250e+01 2.252546391386198366e+01
3.780443170257739571e-01 6.775541170872527719e-01 6.779123221606226934e-01 1.345219212796927355e+00 1.345616278396785326e+00 2.819738418740890040e+00 2.820265000875300743e+00 4.113687943721704876e+00 4.113796334867906523e+00 5.655500796442013645e+00 5.655590442351505764e+00 6.843260753299230892e+00 6.843551143538163295e+00 8.708472836873477618e+00 8.709036612266231714e+00 9.141977237624102415e+00 9.142003879653197274e+00 9.686533919707867923e+00 9.686557741318981840e+00 1.098949598053204291e+01 1.098958025022498752e+01 1.198291198467207330e+01 1.198293267081947278e+01 1.291265295731370166e+01 1.291275291354519084e+01 1.516499362863590150e+01 1.516511579628192052e+01 1.780282900500231591e+01 1.780284609634869852e+01 2.251978362102862619e+01 2.251989174425152740e+01
3.795640868639850729e-01 6.518456382767853219e-01 6.521994459494282470e-01 1.329203319159398600e+00 1.329583117436213824e+00 2.801476129120466840e+00 2.801968310688264019e+00 4.112652655415844904e+00 4.112755483089104658e+00 5.657414340729936875e+00 5.657503950846364482e+00 6.838893608678555225e+00 6.839175127414802269e+00 8.727021281933353691e+00 8.727560039937710457e+00 9.135724338342907203e+00 9.135753004278313938e+00 9.676732869729272934e+00 9.676753090058314299e+00 1.098939175343398844e+01 1.098946912180421798e+01 1.197955251696530254e+01 1.197957381291871037e+01 1.291406328426595174e+01 1.291415908505397780e+01 1.516783211704539092e+01 1.516794103007959471e+01 1.780646299125621113e+01 1.780647956887652228e+01 2.251462660212052924e+01 2.251472922058107429e+01
3.810838567021961887e-01 6.268307980629809206e-01 6.271757022998197817e-01 1.314728334439015267e+00 1.315086906018434254e+00 2.784455408316965030e+00 2.784909887592241784e+00 4.111712812088682334e+00 4.111809200821949339e+00 5.659261043855297935e+00 5.659348965936284337e+00 6.834805436945671886e+00 6.835074517202956557e+00 8.744456798309819590e+00 8.744966091130430996e+00 9.129748123199547649e+00 9.129777594625233306e+00 9.667734325209346835e+00 9.667751171628964357e+00 1.098925053077925895e+01 1.098932070572740471e+01 1.197644832504705192e+01 1.197646976361429338e+01 1.291536316624327796e+01 1.291545381978344231e+01 1.517042862788755464e+01 1.517052439506520933e+01 1.780976495346255106e+01 1.780978078782546348e+01 2.250988874881934976e+01 2.250998503709798371e+01
3.826036265404073045e-01 6.027484234600353208e-01 6.030796236723607873e-01 1.301772511296417800e+00 1.302106154146467132e+00 2.768764170304930161e+00 2.769178196811963311e+00 4.110866481264875638e+00 4.110955616351279929e+00 5.661015807107246722e+00 5.661100415199808999e+00 6.831021507410174998e+00 6.831274710951611873e+00 8.760703702686701178e+00 8.761179096746699813e+00 9.124062973663912501e+00 9.124092000762574983e+00 9.659554243019130126e+00 9.659567986453106769e+00 1.098908294689059417e+01 1.098914574699510460e+01 1.197360937741455800e+01 1.197363046610286474e+01 1.291654956102362561e+01 1.291663412366470531e+01 1.517278174230847299e+01 1.517286467381076420e+01 1.781273915354174875e+01 1.781275403129470547e+01 2.250557805410853618e+01 2.250566722324399294e+01
3.841233963786184202e-01 5.798710592742808423e-01 5.801835578822087669e-01 1.290307818538381390e+00 1.290613134369735127e+00 2.754485113416754505e+00 2.754856486311277664e+00 4.110112197981102611e+00 4.110193334055035841e+00 5.662655080641975758e+00 5.662734806164706924e+00 6.827565873076194336e+00 6.827799945418051131e+00 8.775678532008301502e+00 8.776115645129200615e+00 9.118696004983332770e+00 9.118723389028041026e+00 9.652206279590593851e+00 9.652217217665466364e+00 1.098889949303335101e+01 1.098895484176434678e+01 1.197104476134492224e+01 1.197106500488426839e+01 1.291761965127247791e+01 1.291769723819293247e+01 1.517489023892673217e+01 1.517496083208251711e+01 1.781538951125548920e+01 1.781540323720381735e+01 2.250170181369945865e+01 2.250178312096344868e+01
3.856431662168295360e-01 5.585025174810431814e-01 5.587912148562236281e-01 1.280302189608137686e+00 1.280576117786280443e+00 2.741694926066418958e+00 2.742021968182690728e+00 4.109448878588148446e+00 4.109521346093427674e+00 5.664157077735172408e+00 5.664230439514063242e+00 6.824461060693880476e+00 6.824672981391050719e+00 8.789288873854571804e+00 8.789683415946706546e+00 9.113688629493100990e+00 9.113713313503133406e+00 9.645701815575172589e+00 9.645710258938423820e+00 1.098871030941730176e+01 1.098875822417582349e+01 1.196876265782142212e+01 1.196878157595454617e+01 1.291857086118099929e+01 1.291864065657600236e+01 1.517675307918253758e+01 1.517681199618409060e+01 1.781771958490881858e+01 1.781773198352730603e+01 2.249826660548429302e+01 2.249833936378461630e+01
3.871629360550406518e-01 5.389727527161579657e-01 5.392325513475149101e-01 1.271721719723216015e+00 1.271961560313698891e+00 2.730463507032124149e+00 2.730745016176519879e+00 4.108875743403499925e+00 4.108938953109547043e+00 5.665501982475959153e+00 5.665567615153563885e+00 6.821727767517530516e+00 6.821914795269324649e+00 8.801432891240557055e+00 8.801780713226749597e+00 9.109097335217395397e+00 9.109118494788836173e+00 9.640050054701424287e+00 9.640056318411655667e+00 1.098852497516298854e+01 1.098856555122478973e+01 1.196677032028414445e+01 1.196678746240505475e+01 1.291940087184786279e+01 1.291946213850245329e+01 1.517836939493734150e+01 1.517841743115298137e+01 1.781973255402072809e+01 1.781974347054986296e+01 2.249527827102816602e+01 2.249534185776252926e+01
3.886827058932517676e-01 5.216290482044311227e-01 5.218549804592113039e-01 1.264532711843945778e+00 1.264736140014581345e+00 2.720853216392127738e+00 2.721088397344618937e+00 4.108392248474697972e+00 4.108445694296082529e+00 5.666672147166011086e+00 5.666728827431127158e+00 6.819384571700551234e+00 6.819544283944911633e+00 8.812000147772758751e+00 8.812297306676981634e+00 9.104993071402464722e+00 9.105010193190317125e+00 9.635258193040234787e+00 9.635262593560206312e+00 1.098835230211339109e+01 1.098838569195423354e+01 1.196507405728264395e+01 1.196508901473498554e+01 1.292010763527521533e+01 1.292015972338509755e+01 1.517973847860431391e+01 1.517977651980176113e+01 1.782143120397886804e+01 1.782144050516651390e+01 2.249274189917077038e+01 2.249279576436559225e+01
3.902024757314628833e-01 5.068225923551930023e-01 5.070099845341859979e-01 1.258703502400706054e+00 1.258868576529168282e+00 2.712918174284328465e+00 2.713106556943634562e+00 4.107998026557972082e+00 4.108041287001034547e+00 5.667652275363654013e+00 5.667698945487122053e+00 6.817447663368836785e+00 6.817577990162630996e+00 8.820874465210737370e+00 8.821117315214802801e+00 9.101458515609518685e+00 9.101471446243090568e+00 9.631331646607659280e+00 9.631334503317983575e+00 1.098820013862647116e+01 1.098822652762419416e+01 1.196367921882461971e+01 1.196369163525820234e+01 1.292068938686282920e+01 1.292073174195661878e+01 1.518085977590078350e+01 1.518088874275511024e+01 1.782281791269311810e+01 1.782282548724891313e+01 2.249066181179815516e+01 2.249070548538144010e+01
3.917222455696739991e-01 4.948900663297240987e-01 4.950347438467895267e-01 1.254206024885150539e+00 1.254331190494918147e+00 2.706703625077527153e+00 2.706844976008059067e+00 4.107692837313784651e+00 4.107725575913036664e+00 5.668429586373165741e+00 5.668465374585069050e+00 6.815930603284716227e+00 6.816029855387930603e+00 8.827939475576718209e+00 8.828124792680046795e+00 9.098582576874436612e+00 9.098591520644616182e+00 9.628274317187916154e+00 9.628275956088648613e+00 1.098807518947279860e+01 1.098809476959479703e+01 1.196259018605279323e+01 1.196259976601617403e+01 1.292114465629693143e+01 1.292117682611350205e+01 1.518173288080179262e+01 1.518175366011340266e+01 1.782389463926213580e+01 1.782390039809504145e+01 2.248904155183498688e+01 2.248907464990968919e+01
3.932420154078851149e-01 4.861309756740816446e-01 4.862294995584134361e-01 1.251017090447311242e+00 1.251101181674214580e+00 2.702245384227693670e+00 2.702339620206167137e+00 4.107476526662352967e+00 4.107498491776109262e+00 5.668993957057957722e+00 5.669018194361226115e+00 6.814844115615461106e+00 6.814911006792715220e+00 8.833087080640007471e+00 8.833212219540675036e+00 9.096451948470335225e+00 9.096457388131874211e+00 9.626088869848961949e+00 9.626089626640347063e+00 1.098798285768971894e+01 1.098799580139589693e+01 1.196181036380570006e+01 1.196181687963706075e+01 1.292147227674219145e+01 1.292149391692478133e+01 1.518235753129643228e+01 1.518237089632015469e+01 1.782466291466697328e+01 1.782466679097501938e+01 2.248788387349859974e+01 2.248790610350235752e+01
3.947617852460962307e-01 4.807830380579946050e-01 4.808329445315757678e-01 1.249119378856939688e+00 1.249161618674537566e+00 2.699569384001940797e+00 2.699616496657539777e+00 4.107348995219943788e+00 4.107360019529329165e+00 5.669338037167212185e+00 5.669350270251976909e+00 6.814195920643216553e+00 6.814229584257810224e+00 8.836228101755640552e+00 8.836291167539762625e+00 9.095140458418994100e+00 9.095142974518751089e+00 9.624776992646941309e+00 9.624777211828083878e+00 1.098792711374098197e+01 1.098793355079772915e+01 1.196134217560815571e+01 1.196134547262994730e+01 1.292167139225749573e+01 1.292168227074224696e+01 1.518273360328799804e+01 1.518274013103881437e+01 1.782512383450618643e+01 1.782512578378130286e+01 2.248719073484566877e+01 2.248720189950364201e+01
3.962815550843073464e-01 4.789994949448189154e-01 4.789994949449676853e-01 1.248502141191928372e+00 1.248502141191981440e+00 2.698691332366784934e+00 2.698691332366849327e+00 4.107310175742562741e+00 4.107310175742573399e+00 5.669457334908779345e+00 5.669457334908789115e+00 6.813990612304565708e+00 6.813990612304571926e+00 8.837303188350574601e+00 8.837303188350583483e+00 9.094698164068462987e+00 9.094698164068471868e+00 9.624339622807523753e+00 9.624339622807530858e+00 1.098791039663638180e+01 1.098791039663638536e+01 1.196118706067926674e+01 1.196118706067927029e+01 1.292174146336841645e+01 1.292174146336842888e+01 1.518286109939550599e+01 1.518286109939552730e+01 1.782527805378618879e+01 1.782527805378624208e+01 2.248696329263289329e+01 2.248696329263289684e+01
3.962815550843073464e-01 4.789994949448189154e-01 4.789994949449676853e-01 1.248502141191928372e+00 1.248502141191981440e+00 2.698691332366784934e+00 2.698691332366849327e+00 4.107310175742562741e+00 4.107310175742573399e+00 5.669457334908779345e+00 5.669457334908789115e+00 6.813990612304565708e+00 6.813990612304571926e+00 8.837303188350574601e+00 8.837303188350583483e+00 9.094698164068462987e+00 9.094698164068471868e+00 9.624339622807523753e+00 9.624339622807530858e+00 1.098791039663638180e+01 1.098791039663638536e+01 1.196118706067926674e+01 1.196118706067927029e+01 1.292174146336841645e+01 1.292174146336842888e+01 1.518286109939550599e+01 1.518286109939552730e+01 1.782527805378618879e+01 1.782527805378624208e+01 2.248696329263289329e+01 2.248696329263289684e+01
3.972048309587282167e-01 4.785969587236280631e-01 4.786193500980455706e-01 1.249059008232087598e+00 1.249142902742838901e+00 2.698272414825191756e+00 2.698360745241063174e+00 4.107134743193967097e+00 4.107149062898515446e+00 5.668925716566910467e+00 5.668936235942072521e+00 6.814047410700089458e+00 6.814114731360749744e+00 8.837292526475765797e+00 8.837311678293154671e+00 9.094307514492344424e+00 9.094310452832258918e+00 9.624746320051064785e+00 9.624753528383246604e+00 1.098791102041669809e+01 1.098791584184345460e+01 1.196125239232040194e+01 1.196125559812066186e+01 1.292163592933137828e+01 1.292164199046170658e+01 1.518287676961337418e+01 1.518287744084316415e+01 1.782527314011891661e+01 1.782527561696899099e+01 2.248707474604411871e+01 2.248707982398440919e+01
3.981281068331490869e-01 4.774141256645227926e-01 4.774623979844633825e-01 1.250809818727519840e+00 1.250975969697190715e+00 2.697104514010186804e+00 2.697280549285283602e+00 4.106622472192624329e+00 4.106650985989047875e+00 5.667342145206942128e+00 5.667363095181483068e+00 6.814285282040569491e+00 6.814419307613139409e+00 8.837279489212233941e+00 8.837318232005467067e+00 9.093142733357382212e+00 9.093148574673202589e+00 9.625969496642905909e+00 9.625983844432127512e+00 1.098791767588399537e+01 1.098792744988652359e+01 1.196145126681147097e+01 1.196145761661117213e+01 1.292132563943406431e+01 1.292133778684958223e+01 1.518292390675212467e+01 1.518292631480215604e+01 1.782526088904864281e+01 1.782526582314701713e+01 2.248741404973057811e+01 2.248742421225349375e+01
3.990513827075699571e-01 4.754618544748953068e-01 4.755422268663623275e-01 1.253742010165957987e+00 1.253987207966626993e+00 2.695188567257237544e+00 2.695451057974425524e+00 4.105772355901760484e+00 4.105814813558495757e+00 5.664708826482353743e+00 5.664740030127203951e+00 6.814704074606664719e+00 6.814903579326344385e+00 8.837263927230509353e+00 8.837323095000154893e+00 9.091216282957162775e+00 9.091224958346346696e+00 9.627996901227321658e+00 9.628018252173729863e+00 1.098793038958549317e+01 1.098794536336770378e+01 1.196178264399431157e+01 1.196179201538059722e+01 1.292081137347955710e+01 1.292082965438838293e+01 1.518300244888075312e+01 1.518300771142669703e+01 1.782524132016126117e+01 1.782524867242483069e+01 2.248798080801469013e+01 2.248799606651906657e+01
3.999746585819908273e-01 4.727591167481974832e-01 4.728795490742577212e-01 1.257834589975476813e+00 1.258154180933898303e+00 2.692525925635199435e+00 2.692873001982846848e+00 4.104582668578681037e+00 4.104638697227408706e+00 5.661029412698187713e+00 5.661070606175465869e+00 6.815303327873352579e+00 6.815566487375554594e+00 8.837245762831718920e+00 8.837326503433807545e+00 9.088548310095477589e+00 9.088559720548715859e+00 9.630808700055675686e+00 9.630836853185611446e+00 1.098794925719667681e+01 1.098796976688369398e+01 1.196224477199996805e+01 1.196225698430981232e+01 1.292009444096570014e+01 1.292011891865021411e+01 1.518311235875954424e+01 1.518312154806101688e+01 1.782521445949676320e+01 1.782522417160187445e+01 2.248877436550766618e+01 2.248879473250181249e+01
4.008979344564116976e-01 4.693321603007666321e-01 4.695015443265646016e-01 1.263058859722830274e+00 1.263446924660158954e+00 2.689118350789511780e+00 2.689547527941057670e+00 4.103050957380360408e+00 4.103120064475501039e+00 5.656309011806783360e+00 5.656359846235133659e+00 6.816082271799625225e+00 6.816406680121819051e+00 8.837225000666208530e+00 8.837328670603616487e+00 9.085165795071276307e+00 9.085179816109828721e+00 9.634378324285981066e+00 9.634413017734535956e+00 1.098797444591596317e+01 1.098800088219076088e+01 1.196283519133563722e+01 1.196285000915939811e+01 1.291917668152817633e+01 1.291920742690404822e+01 1.518325358565462402e+01 1.518326770702784323e+01 1.782518033950508851e+01 1.782519233424845950e+01 2.248979380886865442e+01 2.248981929279668179e+01
4.018212103308325678e-01 4.652134316349994525e-01 4.654410273294313782e-01 1.269379355337296955e+00 1.269828925853303980e+00 2.684968010813825856e+00 2.685476196427711404e+00 4.101174031138016041e+00 4.101255608377534223e+00 5.650554200071350230e+00 5.650614244009885212e+00 6.817039827027103982e+00 6.817422519049786800e+00 8.837201731236756785e+00 8.837329779517075323e+00 9.081101480097535372e+00 9.081117967099856969e+00 9.638673537327450802e+00 9.638714452818172518e+00 1.098800619396686784e+01 1.098803896533568292e+01 1.196355074083558989e+01 1.196356787861508941e+01 1.291806046476133041e+01 1.291809754602358495e+01 1.518342606340675260e+01 1.518344603701258144e+01 1.782513899900826715e+01 1.782515318078767308e+01 2.249103796880028128e+01 2.249106856765945750e+01
4.027444862052534380e-01 4.604404054489755205e-01 4.607354397457978368e-01 1.276754929995973509e+00 1.277258227725031725e+00 2.680077475134845066e+00 2.680660979234547714e+00 4.098947946151437094e+00 4.099041274337825058e+00 5.643773038340003545e+00 5.643841780887032478e+00 6.818174606012741279e+00 6.818612085145407953e+00 8.837176128297613786e+00 8.837329980389428741e+00 9.076392671453200833e+00 9.076411465116674293e+00 9.643657628046986119e+00 9.643704395728262213e+00 1.098804480779740089e+01 1.098808430521061119e+01 1.196438756546336002e+01 1.196440669312174698e+01 1.291674868935088583e+01 1.291679216032209965e+01 1.518362970942981249e+01 1.518365635337559993e+01 1.782509048316752143e+01 1.782510673858169170e+01 2.249250542225244587e+01 2.249254111636984632e+01
4.036677620796742527e-01 4.550543960969394286e-01 4.554257435874930482e-01 1.285139903456896882e+00 1.285688587693206042e+00 2.674449708405422399e+00 2.675104255939569686e+00 4.096367989076006744e+00 4.096472243891647658e+00 5.635975091853594243e+00 5.636051946354090347e+00 6.819484915119247148e+00 6.819973185990478193e+00 8.837148441911432784e+00 8.837329391254453270e+00 9.071080008226108049e+00 9.071100939645642569e+00 9.649290637058953735e+00 9.649342840403008381e+00 1.098809065774501903e+01 1.098813722282389982e+01 1.196534112594859955e+01 1.196536187547360797e+01 1.291524478147366750e+01 1.291529466927185688e+01 1.518386442365046562e+01 1.518389843839229059e+01 1.782503484345545886e+01 1.782505304202224750e+01 2.249419449482145339e+01 2.249423523917541701e+01
4.045910379540951229e-01 4.490994029254224973e-01 4.495553031114599141e-01 1.294485207390946746e+00 1.295070618020601527e+00 2.668088063410482214e+00 2.668808809818653760e+00 4.093428657002706750e+00 4.093542915669561744e+00 5.627171453487902042e+00 5.627255761840947557e+00 6.820968757683902872e+00 6.821503363549171972e+00 8.837118988822757260e+00 8.837328099952292959e+00 9.065206277904060528e+00 9.065229172842748540e+00 9.655530535905677780e+00 9.655587716456333069e+00 1.098814417282023115e+01 1.098819807070413290e+01 1.196640621024024398e+01 1.196642818312718326e+01 1.291355269243325665e+01 1.291360898503045185e+01 1.518413008731123170e+01 1.518417204151096733e+01 1.782497213763175736e+01 1.782499213262343218e+01 2.249610326334653720e+01 2.249614897980647044e+01
4.055143138285159932e-01 4.426210333572941913e-01 4.431688253284743473e-01 1.304739468290281978e+00 1.305352853415582493e+00 2.660996273002949497e+00 2.661777823122423392e+00 4.090123634868058744e+00 4.090246883657684407e+00 5.617374770303626086e+00 5.617465807857696447e+00 6.822623838082773950e+00 6.823199902619571766e+00 8.837088141332378299e+00 8.837326166195285992e+00 9.058815339604645800e+00 9.058840021660783393e+00 9.662334298411108691e+00 9.662395960259596350e+00 1.098820583504747184e+01 1.098826723207913147e+01 1.196757694675837236e+01 1.196759972220415769e+01 1.291167689550428577e+01 1.291173952966965288e+01 1.518442656163709970e+01 1.518447687964341419e+01 1.782490242972201244e+01 1.782492405911590083e+01 2.249822955871363916e+01 2.249828012853892290e+01
4.064375897029368634e-01 4.356655380899800423e-01 4.363114074497521644e-01 1.315849984938226580e+00 1.316482705438103418e+00 2.653178441096221363e+00 2.654014871738061832e+00 4.086445770376257336e+00 4.086576912932731176e+00 5.606599273244110115e+00 5.606696254264533330e+00 6.824447566801654652e+00 6.825059839919410010e+00 8.837056315331937029e+00 8.837323622884799335e+00 9.051951193934963058e+00 9.051977486453097299e+00 9.669658825322777318e+00 9.669724439278127193e+00 1.098827617361172315e+01 1.098834511966860106e+01 1.196884681942864503e+01 1.196886996315386753e+01 1.290962238195108291e+01 1.290969123198304302e+01 1.518475368637899336e+01 1.518481263749126597e+01 1.782482578999839973e+01 1.782484887754058889e+01 2.250057096888433605e+01 2.250062622577610227e+01
4.073608655773577336e-01 4.282789806224489570e-01 4.290277195771748930e-01 1.327763573492544591e+00 1.328407279609011393e+00 2.644639032752973407e+00 2.645523919252568579e+00 4.082387046674934794e+00 4.082524913110253451e+00 5.594860809779669708e+00 5.594962893468627740e+00 6.826437066519598140e+00 6.827079973771878585e+00 8.837023957735796742e+00 8.837320476198730290e+00 9.044657218042404523e+00 9.044684944755289280e+00 9.677461703846915952e+00 9.677530711336391533e+00 1.098835575893565419e+01 1.098843217405960715e+01 1.197020868448890063e+01 1.197023175805150252e+01 1.290739465617318693e+01 1.290746952373673118e+01 1.518511127825164486e+01 1.518517896790875099e+01 1.782474229496140694e+01 1.782476665134061022e+01 2.250312484216848929e+01 2.250318456611579876e+01
4.082841414517786038e-01 4.205065508780720385e-01 4.213613343814667789e-01 1.340427267865576644e+00 1.341074045434512030e+00 2.635382863418816335e+00 2.636309310427110919e+00 4.077938553098823249e+00 4.078081909817533379e+00 5.582176879244182821e+00 5.582283176289961624e+00 6.828589179202976922e+00 6.829256874352046758e+00 8.836991533251179476e+00 8.837316704154225988e+00 9.036975567705994195e+00 9.037004552216618691e+00 9.685701800473859535e+00 9.685773617254051615e+00 1.098844519674659459e+01 1.098852886170284471e+01 1.197165478906398661e+01 1.197167735951601486e+01 1.290499972991035449e+01 1.290508033521737730e+01 1.518549912928551926e+01 1.518557549230178338e+01 1.782465202732104359e+01 1.782467745144878890e+01 2.250588829075898190e+01 2.250595220286836806e+01
4.092074173261994741e-01 4.123920219293736311e-01 4.133542028550000191e-01 1.353788875005982328e+00 1.354431360996632971e+00 2.625415087360674082e+00 2.626375764089161624e+00 4.073090454386918857e+00 4.073238014594577905e+00 5.568566670544902841e+00 5.568676250173396625e+00 6.830900474201137662e+00 6.831586894450544456e+00 8.836959510222092362e+00 8.837312253395349870e+00 9.028946736319880984e+00 9.028976800629155974e+00 9.694339697598010730e+00 9.694413717378916218e+00 1.098854512216636437e+01 1.098863567259708596e+01 1.197317679151465697e+01 1.197319844124339916e+01 1.290244411541784508e+01 1.290253008992371520e+01 1.518591700511406728e+01 1.518600180106306041e+01 1.782455507597698841e+01 1.782458135636960961e+01 2.250885819454427406e+01 2.250892595299233534e+01
4.101306932006203443e-01 4.039773407327484356e-01 4.050462664115847544e-01 1.367797393385655758e+00 1.368428861923985940e+00 2.614741185377746024e+00 2.615728365444735637e+00 4.067831958890941735e+00 4.067982393738709845e+00 5.554051101843275440e+00 5.554162999341565765e+00 6.833367257325808630e+00 6.834066180705624660e+00 8.836928345111358496e+00 8.837307033886281360e+00 9.020609253276065331e+00 9.020640215627913960e+00 9.703337991926277439e+00 9.703413590012752721e+00 1.098865619385049364e+01 1.098875311773563368e+01 1.197476578357785471e+01 1.197478612016545263e+01 1.289973481750005391e+01 1.289982569823921210e+01 1.518636464321836144e+01 1.518645745404244707e+01 1.782445153599627830e+01 1.782447845225311411e+01 2.251203120521131140e+01 2.251210240241680793e+01
4.110539690750412145e-01 3.953023385078970331e-01 3.964751901889475016e-01 1.382403308555863131e+00 1.383017729613882363e+00 2.603366951860570211e+00 2.604372557810519684e+00 4.062151286428896668e+00 4.062303236744608803e+00 5.538652861702656693e+00 5.538766086381858855e+00 6.835985580888272573e+00 6.836690685250556676e+00 8.836898464996275848e+00 8.837300911021793937e+00 9.011999500868855151e+00 9.012031173218906233e+00 9.712661476252806736e+00 9.712738013295762585e+00 1.098877908820615446e+01 1.098888172638558913e+01 1.197641231432853282e+01 1.197643098026152408e+01 1.289687932426712358e+01 1.289697454991254943e+01 1.518684175115272872e+01 1.518694198105251481e+01 1.782434150858716748e+01 1.782436883295833852e+01 2.251540375064658406e+01 2.251547791172115254e+01
4.119772449494620847e-01 3.864045436674773959e-01 3.876761997844564989e-01 1.397558782502388519e+00 1.398150856017410515e+00 2.591298481280267296e+00 2.592314133764507478e+00 4.056035636602489447e+00 4.056187725156217283e+00 5.522396451073014134e+00 5.522509994635207420e+00 6.838751254660015100e+00 6.839456177719239527e+00 8.836870247189150263e+00 8.837293694383411946e+00 9.003151628471925960e+00 9.003183813890451859e+00 9.722277226838309971e+00 9.722354052767411048e+00 1.098891449372237794e+01 1.098902204326278742e+01 1.197810641600618098e+01 1.197812309807254749e+01 1.289388559645773391e+01 1.289398450516141992e+01 1.518734800477458080e+01 1.518745488240804242e+01 1.782422510106859548e+01 1.782425260010479207e+01 2.251897203964032812e+01 2.251904862214570713e+01
4.129005208238828994e-01 3.773190794580108531e-01 3.786820030881111188e-01 1.413217754308430774e+00 1.413782922749551973e+00 2.578542154194400027e+00 2.579559225713067949e+00 4.049471158592681697e+00 4.049622002842317769e+00 5.505308225330027838e+00 5.505421070602339206e+00 6.841659857713782600e+00 6.842358257549166822e+00 8.836843994685576575e+00 8.837285121927452636e+00 8.994097544454289661e+00 8.994130034752931380e+00 9.732154617349602077e+00 9.732231075534828690e+00 1.098906310545076614e+01 1.098917462565784220e+01 1.197983763175891703e+01 1.197985206999500285e+01 1.289076205515037721e+01 1.289086388420127705e+01 1.518788304650290932e+01 1.518799562949918247e+01 1.782410242683387835e+01 1.782412986310924552e+01 2.252273206689539009e+01 2.252281046190898905e+01
4.138237966983037697e-01 3.680786291508659214e-01 3.695227797274011627e-01 1.429335968953744374e+00 1.429870411373639127e+00 2.565104622858976668e+00 2.566114295873001439e+00 4.042442923678932765e+00 4.042591148937962231e+00 5.487416435402932002e+00 5.487527565400300844e+00 6.844706751094535413e+00 6.845392366518659344e+00 8.836819905485752358e+00 8.837274837696584839e+00 8.984866969368647815e+00 8.984899543200119965e+00 9.742265277924383682e+00 9.742340709588901859e+00 1.098922561967684075e+01 1.098934004056047620e+01 1.198159504535249376e+01 1.198160704147702660e+01 1.288751756766683521e+01 1.288762145498707667e+01 1.518844648362937910e+01 1.518856366539727887e+01 1.782397360530761432e+01 1.782400073920600647e+01 2.252667961833860133e+01 2.252675915280775243e+01
4.147470725727246399e-01 3.587134531788638836e-01 3.602262223277059028e-01 1.445870949487204404e+00 1.446371559968447240e+00 2.550992796538130492e+00 2.551986125669276184e+00 4.034934901997578649e+00 4.035079154962953218e+00 5.468751266809846356e+00 5.468859674086162137e+00 6.847887091261950943e+00 6.848553801453301837e+00 8.836798032751879362e+00 8.837262360028523389e+00 8.975487537910478153e+00 8.975519959538699410e+00 9.752583015056574212e+00 9.752656763940390050e+00 1.098940272882297009e+01 1.098951886182285698e+01 1.198336731283053247e+01 1.198337673834095085e+01 1.288416143145435200e+01 1.288426641894141156e+01 1.518903788670597521e+01 1.518915840549252394e+01 1.782383876189523875e+01 1.782386535344869927e+01 2.253081027673133008e+01 2.253089021707845419e+01
4.156703484471455101e-01 3.492514446283767060e-01 3.508176158927272525e-01 1.462781925744014000e+00 1.463246278938094669e+00 2.536213826603267218e+00 2.537181804551951636e+00 4.026929945364215335e+00 4.027068907936390829e+00 5.449344875168652180e+00 5.449449571413774507e+00 6.851195844239473587e+00 6.851837727036037329e+00 8.836778230939868806e+00 8.837247035376465831e+00 8.965984941897573890e+00 8.966016960780390121e+00 9.763083705075546348e+00 9.763155122329484570e+00 1.098959511662232380e+01 1.098971166739617544e+01 1.198514269578751090e+01 1.198514950081993469e+01 1.288070335571928382e+01 1.288080839442982573e+01 1.518965678803276553e+01 1.518977923816261288e+01 1.782369802792366542e+01 1.782372383869116206e+01 2.253511942757313591e+01 2.253519898449870595e+01
4.165936243215663803e-01 3.397182116605266811e-01 3.413199438190749890e-01 1.480029730558637402e+00 1.480456036771111039e+00 2.520775091512562849e+00 2.521708718239615621e+00 4.018409778337297844e+00 4.018542181656771461e+00 5.429231416465359672e+00 5.429331442302385291e+00 6.854627800398461090e+00 6.855239188655484206e+00 8.836760079882134633e+00 8.837227969658927762e+00 8.956383112397219293e+00 8.956414463673294080e+00 9.773745171277587573e+00 9.773813620550907189e+00 1.098980345360103250e+01 1.098991903666961711e+01 1.198690909384919578e+01 1.198691332299868861e+01 1.287715344057398781e+01 1.287725739773278377e+01 1.519030268026851438e+01 1.519042552547136182e+01 1.782355154057324853e+01 1.782357633554659415e+01 2.253960226529064315e+01 2.253968059970778981e+01
4.175169001959872506e-01 3.301371775334387970e-01 3.317540111678617398e-01 1.497576672252647567e+00 1.497963724284898435e+00 2.504684181759019523e+00 2.505574536400679175e+00 4.009355000092003074e+00 4.009479638706515914e+00 5.408447070044161364e+00 5.408541504976309255e+00 6.858177589800601659e+00 6.858753125228439274e+00 8.836742773134069751e+00 8.837203923350957169e+00 8.946704447167563856e+00 8.946734853101730778e+00 9.784547052392044364e+00 9.784611915064305165e+00 1.099002839290188405e+01 1.099014154793562525e+01 1.198865404944406876e+01 1.198865592488994203e+01 1.287352215345188355e+01 1.287362382125599325e+01 1.519097501518601945e+01 1.519109660389624317e+01 1.782339944279959809e+01 1.782342299232250582e+01 2.254425379970322396e+01 2.254433002972636402e+01
4.184401760704081208e-01 3.205296908077270301e-01 3.221385777202090961e-01 1.515386390180601062e+00 1.515733503920688729e+00 2.487948884873175004e+00 2.488787199789995963e+00 3.999745100102291673e+00 3.999860846165542938e+00 5.387030051935514763e+00 5.387118024384895065e+00 6.861839698016952482e+00 6.862374381934665202e+00 8.836724946344119758e+00 8.837173145920013795e+00 8.936970102121541970e+00 8.936999274551903127e+00 9.795470668073949838e+00 9.795531348572616537e+00 1.099027056647858203e+01 1.099037977600082350e+01 1.199036417131469712e+01 1.199036541103291142e+01 1.286982030254476328e+01 1.286991840871795389e+01 1.519167320259290932e+01 1.519179178508382932e+01 1.782324188324480119e+01 1.782326396493038345e+01 2.254906886275493605e+01 2.254914207165482765e+01
4.193634519448289910e-01 3.109151399887087885e-01 3.124904949836413426e-01 1.533423698356930043e+00 1.533730648931773466e+00 2.470577170561661262e+00 2.471354906863001855e+00 3.989558491086734993e+00 3.989664308472644638e+00 5.365020615773540946e+00 5.365101313144148065e+00 6.865608482337770546e+00 6.866097722804894055e+00 8.836704400832159578e+00 8.837133104550876084e+00 8.927200387709122609e+00 8.927228031581110557e+00 9.806498885503783569e+00 9.806554816642638173e+00 1.099053058168464858e+01 1.099063428995772895e+01 1.199202625706302072e+01 1.199202923566550361e+01 1.286605900702104499e+01 1.286615222705616191e+01 1.519239660943713766e+01 1.519251035663189420e+01 1.782307901613808809e+01 1.782309941676928844e+01 2.255404211550175830e+01 2.255411136053063714e+01
4.202867278192498612e-01 3.013110682538325813e-01 3.028248426805676408e-01 1.551654420674436485e+00 1.551921375841345485e+00 2.452577176058882813e+00 2.453286099896111239e+00 3.978772563147158881e+00 3.978867521342864588e+00 5.342461038183171418e+00 5.342533716866891602e+00 6.869478188284162457e+00 6.869917843106697397e+00 8.836677635257105479e+00 8.837080019671127218e+00 8.917415354674940176e+00 8.917441172909601477e+00 9.817615989906911977e+00 9.817666638176719474e+00 1.099080901827590573e+01 1.099090565112823015e+01 1.199362847975411661e+01 1.199363310978583641e+01 1.286224966379740664e+01 1.286233663480459022e+01 1.519314455911500694e+01 1.519325158289709954e+01 1.782291100118494498e+01 1.782292951858193319e+01 2.255916805534180014e+01 2.255923237732452691e+01
4.212100036936707315e-01 2.917332850543967182e-01 2.931550613435425223e-01 1.570045219956505811e+00 1.570272672323797636e+00 2.433957191763982841e+00 2.434589450648172004e+00 3.967363763499830664e+00 3.967447051115004175e+00 5.319395585162700613e+00 5.319459580389896303e+00 6.873442966330142845e+00 6.873829381477241540e+00 8.836639005707557004e+00 8.837008027057988713e+00 8.907635747093504364e+00 8.907659447506420136e+00 9.828807560831723578e+00 9.828852431572773440e+00 1.099110642583992004e+01 1.099119441118592810e+01 1.199515779937341797e+01 1.199516368962410695e+01 1.285840391065834609e+01 1.285848324671460041e+01 1.519391633099756689e+01 1.519401470582697122e+01 1.782273800344492187e+01 1.782275444828314548e+01 2.256444102347559522e+01 2.256449945705623605e+01
4.221332795680916017e-01 2.821959722863131570e-01 2.834930785039469492e-01 1.588563422031585848e+00 1.588752121652290183e+00 2.414725647230114181e+00 2.415273845604018810e+00 3.955307706640896814e+00 3.955378644340873606e+00 5.295870455676539024e+00 5.295925191091378714e+00 6.877496888741501557e+00 6.877826931756064077e+00 8.836579116677754087e+00 8.836907568294995130e+00 8.897884718818504624e+00 8.897906025123312190e+00 9.840060355295761951e+00 9.840098997682012794e+00 1.099142332166048774e+01 1.099150111046087019e+01 1.199660099315318185e+01 1.199660765278025742e+01 1.285453358555156811e+01 1.285460389442224205e+01 1.519471116018942780e+01 1.519479894581484913e+01 1.782256019319765628e+01 1.782257439076002825e+01 2.256985521258275540e+01 2.256990679701024405e+01
4.230565554425124719e-01 2.727117834128260365e-01 2.738494265923275273e-01 1.607176835151145733e+00 1.607327724020925386e+00 2.394891097568537575e+00 2.395348370848024544e+00 3.942579320166667234e+00 3.942637372801810258e+00 5.271933698441040761e+00 5.271978695256275493e+00 6.881633966437544991e+00 6.881905054476654904e+00 8.836481485751926712e+00 8.836762052363580366e+00 8.888191268115964050e+00 8.888209940765982253e+00 9.851362198374406631e+00 9.851394210140240304e+00 1.099176018901962593e+01 1.099182627642649379e+01 1.199794480114243100e+01 1.199795166585485084e+01 1.285065068193300597e+01 1.285071058300842495e+01 1.519552823753183191e+01 1.519560350257650683e+01 1.782237774579733625e+01 1.782238953764409928e+01 2.257540467469996415e+01 2.257544846503217428e+01
4.239798313169333421e-01 2.632919344435816211e-01 2.642333511306821370e-01 1.625853564357590209e+00 1.625967714352600790e+00 2.374462210325691380e+00 2.374822296622089102e+00 3.929153031744879510e+00 3.929197819409180337e+00 5.247635097777941127e+00 5.247669983335469190e+00 6.885848165780919850e+00 6.886058287980100445e+00 8.836314930212129326e+00 8.836540242626353958e+00 8.878597934233360078e+00 8.878613816487979093e+00 9.862701881425197215e+00 9.862726913268227591e+00 1.099211747593442468e+01 1.099217042236556985e+01 1.199917599284892766e+01 1.199918243784828320e+01 1.284676730009349477e+01 1.284681544335460934e+01 1.519636670985977922e+01 1.519642755604722417e+01 1.782219084151558874e+01 1.782220008705566627e+01 2.258108332928537010e+01 2.258111840788721381e+01
4.249031071913542124e-01 2.539462860295877977e-01 2.546529080804234568e-01 1.644561819816300119e+00 1.644640375607372196e+00 2.353447752888430777e+00 2.353705061629720152e+00 3.915003002854453573e+00 3.915034310563332287e+00 5.223026024476428830e+00 5.223050540008815190e+00 6.890133425201480755e+00 6.890281159119477472e+00 8.836014002457471150e+00 8.836176742871959533e+00 8.869180401299349370e+00 8.869193514672344847e+00 9.874069067876225958e+00 9.874086827472901007e+00 1.099249559432070100e+01 1.099253404620848684e+01 1.200028143131518199e+01 1.200028678294433959e+01 1.284289559447238460e+01 1.284293068026856410e+01 1.519722568052028677e+01 1.519727026729761299e+01 1.782199966537293534e+01 1.782200624332089234e+01 2.258688497145315566e+01 2.258691045966208222e+01
4.258263830657750826e-01 2.446834161736138047e-01 2.451150493592365864e-01 1.663269717627307243e+00 1.663313846078621205e+00 2.331856580472020379e+00 2.332006257156096662e+00 3.900103414827462700e+00 3.900121200459273574e+00 5.198159247900354885e+00 5.198173255257617420e+00 6.894483671561684623e+00 6.894568193529060807e+00 8.835421325654905900e+00 8.835514761168166586e+00 8.860105105504624490e+00 8.860115597138950250e+00 9.885454206331189653e+00 9.885464461905955957e+00 1.099289491957064158e+01 1.099291762953459539e+01 1.200124813955774350e+01 1.200125168756993865e+01 1.283904771705043046e+01 1.283906851644095326e+01 1.519810421015698765e+01 1.519813077946717073e+01 1.782180440695911372e+01 1.782180821666266723e+01 2.259280328036149754e+01 2.259281835019249485e+01
4.267496589401959528e-01 2.355106831693333791e-01 2.356256955416398957e-01 1.681945071199945740e+00 1.681955918674907569e+00 2.309697624748812128e+00 2.309735611084319018e+00 3.884428812381884644e+00 3.884433212481749553e+00 5.173088706160044126e+00 5.173092193236962899e+00 6.898892836172477061e+00 6.898913925436933603e+00 8.834100664592488883e+00 8.834122283502495065e+00 8.851816178843069594e+00 8.851821290508855355e+00 9.896848450632463212e+00 9.896851034025850424e+00 1.099331579052661567e+01 1.099332163672430873e+01 1.200206336997531587e+01 1.200206438076052606e+01 1.283523575701512343e+01 1.283524113239471909e+01 1.519900131776322638e+01 1.519900821871381247e+01 1.782160526024287961e+01 1.782160622286659901e+01 2.259883182773668509e+01 2.259883571349855913e+01
4.276729348146168230e-01 2.261897946301419660e-01 2.264342784088839433e-01 1.700533829714498957e+00 1.700555170882859013e+00 2.286902971901141779e+00 2.286979883184598439e+00 3.867945842179016047e+00 3.867954509178741063e+00 5.147862316664748583e+00 5.147869232088678970e+00 6.903312907004838017e+00 6.903354870371870788e+00 8.830890026409475624e+00 8.830921011128356923e+00 8.845428017516949737e+00 8.845452021906362816e+00 9.908238395646522534e+00 9.908243586460393715e+00 1.099374651424719218e+01 1.099375850982877090e+01 1.200271240734380562e+01 1.200271467663454139e+01 1.283146060270467714e+01 1.283147167700565561e+01 1.519990169517814493e+01 1.519991598200378746e+01 1.782140048292341206e+01 1.782140242337139924e+01 2.260495609621143487e+01 2.260496408651555456e+01
4.285962106890376933e-01 2.168113655000802054e-01 2.174592686193294877e-01 1.719014034288570025e+00 1.719066549165165547e+00 2.263518292806496301e+00 2.263712409171316775e+00 3.850635825308577065e+00 3.850657058936839405e+00 5.122539165749288692e+00 5.122556234058802893e+00 6.907759717183570736e+00 6.907863760581775203e+00 8.824778135862631601e+00 8.824818533767889051e+00 8.841982480458753457e+00 8.842083703562304109e+00 9.919618965026437252e+00 9.919631964016764059e+00 1.099419269006896904e+01 1.099422334460984629e+01 1.200318370346238339e+01 1.200318999009701670e+01 1.282773882889122774e+01 1.282776724636838495e+01 1.520081030396089794e+01 1.520084714280246629e+01 1.782119122264961675e+01 1.782119609845994646e+01 2.261117296597477733e+01 2.261119343958769790e+01
4.295194865634585080e-01 2.074935241563504451e-01 2.085896269153357518e-01 1.737361964767369260e+00 1.737444728371624558e+00 2.239591616075077507e+00 2.239904303087418391e+00 3.832481673093569796e+00 3.832514794277151804e+00 5.097178492376204240e+00 5.097205332359237673e+00 6.912248970076259269e+00 6.912413542762632090e+00 8.816773127574895952e+00 8.816808595014988370e+00 8.840504398679122744e+00 8.840702387650617666e+00 9.930985664545751490e+00 9.931006436334213205e+00 1.099466057315796341e+01 1.099471052750609523e+01 1.200346667386628496e+01 1.200347769428708311e+01 1.282408746952813239e+01 1.282413397198523164e+01 1.520173312611218108e+01 1.520179370319056034e+01 1.782097867228885235e+01 1.782098649137282820e+01 2.261747971980534189e+01 2.261751318861869819e+01
4.304427624378793782e-01 1.982384902404401295e-01 1.998282517665566360e-01 1.755541768517155710e+00 1.755653947329441689e+00 2.215133057879420608e+00 2.215564704501618021e+00 3.813464275134794246e+00 3.813508433766760408e+00 5.071835852348528739e+00 5.071871953907467478e+00 6.916775322806191895e+00 6.916998316190730023e+00 8.808059059777534117e+00 8.808091739543543852e+00 8.839815651409733022e+00 8.840113142080866737e+00 9.942331863529016545e+00 9.942360302762351054e+00 1.099515055306967426e+01 1.099522025794959923e+01 1.200355027028973609e+01 1.200356670475381016e+01 1.282051786824437123e+01 1.282058302737146604e+01 1.520266922963094913e+01 1.520275453140849997e+01 1.782076306609540950e+01 1.782077381149547790e+01 2.262386969239820189e+01 2.262391656293536357e+01
4.313660383123002484e-01 1.890475702018445670e-01 1.911769725553428556e-01 1.773516020343790967e+00 1.773656862935017786e+00 2.190152793900060235e+00 2.190702785903905436e+00 3.793567568446506222e+00 3.793621755646431115e+00 5.046566160855189942e+00 5.046610890431654006e+00 6.921333482889155952e+00 6.921612256488349324e+00 8.799110267804149288e+00 8.799142852637990231e+00 8.839447531544822212e+00 8.839845896731196362e+00 9.953651325790533022e+00 9.953687257200840577e+00 1.099566299958596360e+01 1.099575270370296209e+01 1.200342407010511714e+01 1.200344654754126061e+01 1.281704098043897311e+01 1.281712518087046426e+01 1.520361767047347890e+01 1.520372846325095217e+01 1.782054464190341747e+01 1.782055827149946481e+01 2.263033616436192830e+01 2.263039672845301453e+01
4.322893141867211186e-01 1.799211120561211574e-01 1.826365397883918107e-01 1.791245404522098017e+00 1.791414221803350415e+00 2.164661046286347812e+00 2.165327748698129717e+00 3.772779268927626717e+00 3.772842334561971267e+00 5.021423218918738662e+00 5.021475827807176273e+00 6.925918215113355814e+00 6.926249627843030332e+00 8.790100567381726293e+00 8.790134730230354521e+00 8.839231470479926855e+00 8.839732042504632403e+00 9.964938161505672909e+00 9.964981340675096888e+00 1.099619826238404841e+01 1.099630800259432384e+01 1.200307835433155823e+01 1.200310743775166777e+01 1.281366729966031315e+01 1.281377072389622995e+01 1.520457749356915578e+01 1.520471430464281681e+01 1.782032364068331987e+01 1.782034008710020601e+01 2.263687237037081346e+01 2.263694679662561526e+01
4.332125900611419889e-01 1.708584244682101738e-01 1.742065971775330901e-01 1.808688360354446800e+00 1.808884496030121802e+00 2.138668073051727792e+00 2.139448822961169672e+00 3.751091659387200128e+00 3.751162335422869365e+00 4.996459221173475740e+00 4.996518856807327325e+00 6.930524347933197049e+00 6.930904794359386223e+00 8.781104305507989594e+00 8.781140992676268908e+00 8.839097948024694062e+00 8.839701647160959297e+00 9.976186783040716932e+00 9.976236897879195098e+00 1.099675667070840923e+01 1.099688626440662809e+01 1.200250418397391172e+01 1.200254035677028064e+01 1.281040678471870997e+01 1.281052940028103393e+01 1.520554773384231240e+01 1.520571083443184968e+01 1.782010030608911322e+01 1.782011947680888397e+01 2.264347150722149493e+01 2.264355983339852685e+01
4.341358659355628591e-01 1.618576496335384918e-01 1.658856315758363842e-01 1.825800683589033246e+00 1.826023474973472505e+00 2.112184162219035155e+00 2.113075274298833683e+00 3.728502426191278474e+00 3.728579356461547256e+00 4.971724257736217290e+00 4.971789977915450187e+00 6.935146779385183535e+00 6.935572230493737500e+00 8.772158832173108323e+00 8.772198542640387231e+00 8.839014033751194432e+00 8.839721068525234315e+00 9.987391864404274955e+00 9.987448537340418042e+00 1.099733853301760966e+01 1.099748757287202494e+01 1.200169347358812288e+01 1.200173712702736140e+01 1.280726878869695895e+01 1.280741033786956251e+01 1.520652741723874257e+01 1.520671680738138853e+01 1.781987488399909836e+01 1.781989666167928377e+01 2.265012674178213103e+01 2.265022886814417902e+01
4.350591418099836738e-01 1.529155744884385937e-01 1.576708950173910107e-01 1.842535072387985418e+00 1.842783800149708995e+00 2.085219636253739406e+00 2.086216425889170889e+00 3.705015534876160199e+00 3.705097311849008701e+00 4.947265824910855869e+00 4.947336614805931454e+00 6.939780482536574979e+00 6.940246530529855740e+00 8.763285599083220134e+00 8.763328552153119233e+00 8.838962326528305269e+00 8.839772007634127959e+00 9.998548304014363453e+00 9.998611094890312856e+00 1.099794413657643410e+01 1.099811198771911869e+01 1.200063906091800980e+01 1.200069048310748165e+01 1.280426199109076713e+01 1.280442198355582661e+01 1.520751556175542163e+01 1.520773095734465841e+01 1.781964762205253905e+01 1.781967186504992640e+01 2.265683121882338114e+01 2.265694690256067290e+01
4.359824176844045440e-01 1.440273570829871397e-01 1.495582905484377501e-01 1.858840596264205836e+00 1.859114416881528786e+00 2.057784881887199102e+00 2.058881717866438699e+00 3.680642133845889674e+00 3.680727342992008211e+00 4.923128360767895728e+00 4.923203152391113946e+00 6.944420510479013764e+00 6.944922417062120878e+00 8.754498334611394483e+00 8.754544564574992194e+00 8.838932820488372144e+00 8.839843439085985466e+00 1.000965119050490237e+01 1.000971960015609419e+01 1.099857374696274803e+01 1.099875954671778011e+01 1.199933477143230931e+01 1.199939413798691668e+01 1.280139433434130503e+01 1.280157204297699458e+01 1.520851117847217004e+01 1.520875200060059029e+01 1.781941876918615719e+01 1.781944531228321438e+01 2.266357806872114011e+01 2.266370691951362204e+01
4.369056935588254142e-01 1.351861326424587118e-01 1.415422097258448864e-01 1.874662030667441304e+00 1.874959869828577208e+00 2.029890454066761052e+00 2.031080875323629797e+00 3.655401474648687365e+00 3.655488746969266511e+00 4.899352822043707256e+00 4.899430515734350067e+00 6.949062000880775969e+00 6.949594748460738103e+00 8.745806617967732066e+00 8.745856028029860951e+00 8.838919367181116371e+00 8.839928109707321013e+00 1.002069577132403566e+01 1.002076924581433381e+01 1.099922760745711692e+01 1.099943026766331577e+01 1.199777547661459209e+01 1.199784284319139260e+01 1.279867296601222471e+01 1.279886742605673433e+01 1.520951327258394237e+01 1.520977863932941077e+01 1.781918857517225163e+01 1.781921723050136563e+01 2.267036041502189292e+01 2.267050189180189079e+01
4.378289694332462845e-01 1.263824435708300054e-01 1.336153038418254058e-01 1.889938839682210991e+00 1.890259161602809934e+00 2.001547453903623097e+00 2.002824474713699399e+00 3.629321837319360089e+00 3.629409910392747740e+00 4.875976318161776568e+00 4.876055805499198037e+00 6.953700180112405427e+00 6.954258525302429383e+00 8.737217604926623693e+00 8.737269999203897797e+00 8.838917981116034994e+00 8.840020867471265476e+00 1.003167742390366968e+01 1.003175535937493024e+01 1.099990593828253616e+01 1.100012415023944357e+01 1.199595714492502019e+01 1.199603244172265626e+01 1.279610418780806391e+01 1.279631419952490212e+01 1.521052084443250507e+01 1.521080956520501104e+01 1.781895729016243024e+01 1.781898784832104354e+01 2.267717138186196379e+01 2.267732479082752306e+01
4.387522453076671547e-01 1.176034030062362429e-01 1.257681618272260271e-01 1.904602523243469125e+00 1.904942510054587146e+00 1.972769394088144557e+00 1.974126637461968370e+00 3.602441449763299275e+00 3.602529237022980002e+00 4.853031816433706069e+00 4.853112003884058723e+00 6.958330366961131830e+00 6.958908895758491475e+00 8.728736932298115647e+00 8.728792036028393042e+00 8.838925962484132981e+00 8.840117801497058281e+00 1.004259162920476989e+01 1.004267337728791887e+01 1.100060893566047504e+01 1.100084117769685221e+01 1.199387688446207356e+01 1.199395991270433548e+01 1.279369341252902181e+01 1.279391754743033083e+01 1.521153289053608759e+01 1.521184346307970259e+01 1.781872516423890218e+01 1.781875739558658367e+01 2.268400410123389221e+01 2.268416859515186701e+01
4.396755211820880249e-01 1.088314398372954989e-01 1.179888530735854202e-01 1.918553988938781485e+00 1.918902063664243318e+00 1.943593544387395067e+00 1.945034138083723940e+00 3.574809390878881388e+00 3.574896057174429931e+00 4.830547929715050870e+00 4.830627762243058676e+00 6.962947975950452673e+00 6.963541159941287084e+00 8.720369225959982984e+00 8.720426699309134833e+00 8.838941413133269975e+00 8.840215772462601151e+00 1.005343394746633834e+01 1.005351882118826268e+01 1.100133677064901150e+01 1.100158131828219510e+01 1.199153297650310357e+01 1.199162340684475758e+01 1.279144512991108051e+01 1.279168174051197404e+01 1.521254840461617341e+01 1.521287901473669457e+01 1.781849244697646739e+01 1.781852610310306062e+01 2.269085172009233276e+01 2.269102629891880696e+01
4.405987970565088951e-01 1.000423577990066926e-01 1.102622689222320651e-01 1.913800038481199062e+00 1.915208522569988858e+00 1.931966453811860607e+00 1.932386200246034802e+00 3.546486467609989202e+00 3.546571505480200504e+00 4.808548794154561712e+00 4.808627277998583693e+00 6.967548520280879565e+00 6.968150773218315663e+00 8.712118403793223109e+00 8.712177852145407186e+00 8.838962955061337112e+00 8.840312144227036484e+00 1.006419999600776016e+01 1.006428727611465135e+01 1.100208958772821788e+01 1.100234452635063143e+01 1.198892489928960181e+01 1.198902227200226278e+01 1.278936288211272299e+01 1.278961011510372181e+01 1.521356637861997996e+01 1.521391490268415936e+01 1.781825938701762979e+01 1.781829420236983097e+01 2.269770740729432035e+01 2.269789092012802456e+01
4.415220729309297654e-01 9.120221280319167068e-02 1.025691540792667139e-01 1.883813835139357407e+00 1.885309504499664390e+00 1.944291461506712615e+00 1.944706483343744186e+00 3.517546055553562478e+00 3.517629350009360945e+00 4.787054040469413962e+00 4.787130264287304371e+00 6.972127614408807794e+00 6.972733348512244689e+00 8.703987866071786428e+00 8.704048848374792868e+00 8.838989559276258845e+00 8.840404625242280545e+00 1.007488542895394801e+01 1.007497437055771172e+01 1.100286750309753181e+01 1.100313074309337047e+01 1.198605334163880620e+01 1.198615706836001138e+01 1.278744924938841265e+01 1.278770506202835655e+01 1.521458580373754366e+01 1.521494981396480206e+01 1.781802623166300137e+01 1.781806192531497501e+01 2.270456436036834091e+01 2.270475550874082771e+01
4.424453488053506356e-01 8.226202696967258032e-02 9.488464234792035046e-02 1.853375315481269325e+00 1.854909414904262865e+00 1.955741557880533943e+00 1.956168213905858932e+00 3.488074889385694988e+00 3.488156749601595497e+00 4.766078857764631138e+00 4.766152011405865530e+00 6.976680976279742374e+00 6.977284657612934815e+00 8.695980620853127618e+00 8.696042656886326938e+00 8.839020437750509274e+00 8.840491172820675203e+00 1.008548591877125666e+01 1.008557575821060048e+01 1.100367060264998642e+01 1.100393989681093210e+01 1.198292020619982523e+01 1.198302957296393245e+01 1.278570584624299400e+01 1.278596802569497015e+01 1.521560567141260023e+01 1.521598244395476662e+01 1.781779322647951957e+01 1.781782950403174937e+01 2.271141581210797966e+01 2.271161315460257413e+01
4.433686246797715058e-01 7.314822940132859053e-02 8.717596429524539225e-02 1.822539160667612235e+00 1.824095061169283438e+00 1.966160259198313387e+00 1.966598007734953635e+00 3.458173779841851925e+00 3.458254908541579020e+00 4.745634144667172372e+00 4.745703534902776077e+00 6.981204429232398923e+00 6.981800631535884705e+00 8.688099370091407536e+00 8.688161947136739727e+00 8.839054972951249312e+00 8.840569934880315728e+00 1.009599713951873312e+01 1.009608710131153053e+01 1.100449893958835546e+01 1.100477190266242289e+01 1.197952860241727535e+01 1.197964277363785079e+01 1.278413332810130498e+01 1.278439951336255120e+01 1.521662497434587813e+01 1.521701150012522241e+01 1.781756061492788490e+01 1.781759717051701131e+01 2.271825503698657656e+01 2.271845699516616790e+01
4.442919005541923760e-01 6.374377392419734722e-02 7.939869625226962657e-02 1.791319243425488539e+00 1.792882406120339445e+00 1.975429122074067623e+00 1.975875544122373206e+00 3.427958214006564752e+00 3.428039590254452484e+00 4.725726738818768702e+00 4.725791801448914420e+00 6.985693903589694997e+00 6.986277359968739553e+00 8.680346571026845481e+00 8.680409150204621227e+00 8.839092670552357589e+00 8.840639214808136970e+00 1.010641475173476955e+01 1.010650405548290287e+01 1.100535253164860805e+01 1.100562666182107918e+01 1.197588282950851735e+01 1.197600085255157865e+01 1.278273140826591714e+01 1.278299911428222302e+01 1.521764270749026160e+01 1.521803570574098252e+01 1.781732863801125077e+01 1.781736515641262386e+01 2.272507535739001838e+01 2.272528022300211958e+01
4.452151764286132463e-01 5.384593248756200379e-02 7.149026502918584547e-02 1.759726102917594792e+00 1.761282159645015222e+00 1.983422508585063637e+00 1.983874374756591452e+00 3.397558764965503908e+00 3.397641443034434605e+00 4.706359712842471232e+00 4.706420020681436611e+00 6.990145437952271834e+00 6.990711089854576343e+00 8.672724481418605080e+00 8.672786503822960569e+00 8.839133126894880732e+00 8.840697450981597427e+00 1.011673438889278032e+01 1.011682225598586093e+01 1.100623135789763474e+01 1.100650405996782233e+01 1.197198834998943617e+01 1.197210915996917535e+01 1.278149888468430007e+01 1.278176552819256173e+01 1.521865786903646800e+01 1.521905380347027759e+01 1.781709753394629558e+01 1.781713369274995884e+01 2.273187014966509878e+01 2.273207609308154176e+01
4.461384523030341165e-01 4.305248726726466219e-02 6.335783564370274512e-02 1.727769440081855734e+00 1.729303855819138924e+00 1.990004269101468770e+00 1.990457760307357438e+00 3.367121204810545443e+00 3.367206071179816185e+00 4.687532722944594887e+00 4.687587989230737051e+00 6.994555180210060286e+00 6.995098223167334872e+00 8.665235193846113404e+00 8.665296086539724385e+00 8.839176006087390292e+00 8.840743205780277947e+00 1.012695164537205450e+01 1.012703730532247093e+01 1.100713535507303575e+01 1.100740396505587526e+01 1.196785175448913563e+01 1.196797417893370330e+01 1.278043367581748768e+01 1.278069660242847050e+01 1.521966946138862653e+01 1.522006455888115894e+01 1.781686753785784560e+01 1.781690300969802720e+01 2.273863284998236267e+01 2.273883792981989416e+01
4.470617281774549867e-01 3.033410552965570828e-02 5.485333208513649278e-02 1.695458593866571606e+00 1.696956621429231760e+00 1.995027099634988144e+00 1.995477875248574451e+00 3.336806193240747564e+00 3.336893744913948190e+00 4.669242395393474965e+00 4.669292472165269992e+00 6.998919388286455323e+00 6.999435313940088221e+00 8.657880662369485947e+00 8.657939844251847816e+00 8.839221023559760582e+00 8.840775160820390610e+00 1.013706206590059367e+01 1.013714476213024618e+01 1.100806441343550368e+01 1.100832622428305285e+01 1.196348071876601793e+01 1.196360348184139610e+01 1.277953286470370031e+01 1.277978937672109083e+01 1.522067649212894835e+01 1.522106676380081858e+01 1.781663888149801878e+01 1.781667333631574124e+01 2.274535696001198559e+01 2.274555913386966921e+01
4.479850040518758569e-01 9.684805531491742434e-03 4.571387112707636646e-02 1.662802676366503141e+00 1.664249394995007458e+00 1.998332807260333910e+00 1.998776039013354211e+00 3.306788399769600595e+00 3.306878591596553285e+00 4.651482736177665167e+00 4.651527607082011073e+00 7.003234430629603047e+00 7.003719064612359269e+00 8.650662723683490540e+00 8.650719611219974681e+00 8.839267934030457852e+00 8.840792116279727608e+00 1.014706113643588914e+01 1.014714013132612180e+01 1.100901837210684242e+01 1.100927066021224299e+01 1.195888395397119375e+01 1.195900568001417064e+01 1.277879275015174976e+01 1.277904013462373278e+01 1.522167797497048269e+01 1.522205923951499251e+01 1.781641179298996036e+01 1.781644490030815930e+01 2.275203605241268789e+01 2.275223318865227640e+01
4.489082799262967272e-01 -2.512133378265340652e-02 3.538263477845977889e-02 1.629810620875552063e+00 1.631191005926778237e+00 1.999753385420097729e+00 2.000183790535517758e+00 3.277254899240941377e+00 3.277347073555209711e+00 4.634245550039829631e+00 4.634285316908750119e+00 7.007496786464636251e+00 7.007946321766798548e+00 8.643583114188505334e+00 8.643637126971338347e+00 8.839316522551149191e+00 8.840792992877814171e+00 1.015694427645661690e+01 1.015701885546841510e+01 1.100999701387027052e+01 1.101023706598630092e+01 1.195407115129552800e+01 1.195419036748941544e+01 1.277820890388342434e+01 1.277844446039767590e+01 1.522267293069731764e+01 1.522304083978638900e+01 1.781618649659679221e+01 1.781621792778738467e+01 2.275866377613339964e+01 2.275885366661958287e+01
4.498315558007175419e-01 -3.549609967507620645e-02 2.215261347801777622e-02 1.596491201962771500e+00 1.597790208150843938e+00 1.999113034201660977e+00 1.999524922166523888e+00 3.248402662921746842e+00 3.248495550287469058e+00 4.617520856587672640e+00 4.617555719005398629e+00 7.011703045820105729e+00 7.012114071329043519e+00 8.636643483952481049e+00 8.636694050056135552e+00 8.839366597735079267e+00 8.840776835515672616e+00 1.016670683264399955e+01 1.016677630731772908e+01 1.101100005941456317e+01 1.101122519959130308e+01 1.194905292218299842e+01 1.194916806030706624e+01 1.277777623237572335e+01 1.277799730013695090e+01 1.522366038809161282e+01 1.522401045367256422e+01 1.781596321251551629e+01 1.781599264303816099e+01 2.276523386152880590e+01 2.276541423523791607e+01
4.507548316751384121e-01 -4.240709787688295984e-02 -1.408053345249482557e-02 1.562853045284452458e+00 1.564055696286824171e+00 1.996231288964944506e+00 1.996618630543230299e+00 3.220434975090428420e+00 3.220526749031058067e+00 4.601297293026970436e+00 4.601327520186948128e+00 7.015849909341817181e+00 7.016219433307663955e+00 8.629845408247525995e+00 8.629891969337064594e+00 8.839417986561009855e+00 8.840742817864699177e+00 1.017634407393383533e+01 1.017640778358900810e+01 1.101202716100876522e+01 1.101223477713091725e+01 1.194384073529725754e+01 1.194395013258661997e+01 1.277748904213037662e+01 1.277769302589875444e+01 1.522463938484656865e+01 1.522496700812510184e+01 1.781574215669549943e+01 1.781576926828824625e+01 2.277174012528934099e+01 2.277190866268718494e+01
4.516781075495592823e-01 -4.745212430095156059e-02 -2.862315826810624478e-02 1.528904633423190162e+00 1.529996114316849232e+00 1.990927369496454880e+00 1.991283893601957899e+00 3.193556662362559972e+00 3.193645035221628348e+00 4.585562494971719083e+00 4.585588389693792344e+00 7.019934187906186729e+00 7.020259656152363803e+00 8.623190397151885733e+00 8.623232413302220678e+00 8.839470530331526632e+00 8.840690247383225397e+00 1.018585118792132249e+01 1.018590849989936231e+01 1.101307789560151029e+01 1.101326546508675008e+01 1.193844685139253947e+01 1.193854875065275856e+01 1.277734110711779714e+01 1.277752550163472733e+01 1.522560896846486855e+01 1.522590947035423525e+01 1.781552354068095667e+01 1.781554802348384925e+01 2.277817647518786970e+01 2.277833082327090963e+01
4.526013834239801525e-01 -5.123886171527226863e-02 -3.709890228894624498e-02 1.494654310279498466e+00 1.495620060739372814e+00 1.983025743805199914e+00 1.983345064765453358e+00 3.167968143455009322e+00 3.168050495494780350e+00 4.570303448550236958e+00 4.570325304730181948e+00 7.023952802045659638e+00 7.024232110810494589e+00 8.616679903578789990e+00 8.616716857764556536e+00 8.839524081490363727e+00 8.840618570368601326e+00 1.019522327859868582e+01 1.019527358692863928e+01 1.101415175734673468e+01 1.101431687155309369e+01 1.193288425717127943e+01 1.193297680639352087e+01 1.277732573720013143e+01 1.277748814978200187e+01 1.522656819714182497e+01 1.522683684994466979e+01 1.781530757147643129e+01 1.781532912607000796e+01 2.278453691464429909e+01 2.278467470253222871e+01
4.535246592984010228e-01 -5.408225599434144520e-02 -4.328014285384202547e-02 1.460110285117074191e+00 1.460936091967915296e+00 1.972362719985216728e+00 1.972638493582935526e+00 3.143858489812090706e+00 3.143932025147026188e+00 4.555506808643585259e+00 4.555524865690365743e+00 7.027902781197647109e+00 7.028134284561345702e+00 8.610315330003032841e+00 8.610346732222145860e+00 8.839578501088400486e+00 8.840527376742976173e+00 1.020445536540085385e+01 1.020449808782159629e+01 1.101524814956715836e+01 1.101538853645133820e+01 1.192716659911313926e+01 1.192724785092496553e+01 1.277743584642643704e+01 1.277757401746493926e+01 1.522751614063282055e+01 1.522774820071083290e+01 1.781509445143444736e+01 1.781511279077638576e+01 2.279081554711093105e+01 2.279093440207380539e+01
4.544479351728218930e-01 -5.617328357095940916e-02 -4.809762357383994685e-02 1.425280636770224651e+00 1.425952724812445283e+00 1.958793656247307391e+00 1.959019757731999656e+00 3.121397912086773196e+00 3.121459832971391624e+00 4.541159179831707249e+00 4.541173580110136498e+00 7.031781262788784126e+00 7.031963774707765680e+00 8.604098034093983216e+00 8.604123425092641497e+00 8.839633656747563961e+00 8.840416404336931322e+00 1.021354238352840582e+01 1.021357695687283318e+01 1.101636637617825087e+01 1.101647992074938998e+01 1.192130811814223179e+01 1.192137602949965114e+01 1.277766402020665915e+01 1.277777584137345457e+01 1.522845188110429504e+01 1.522864262228154075e+01 1.781488437816367920e+01 1.781489922940813386e+01 2.279700658028107085e+01 2.279710414408018337e+01
4.553712110472427632e-01 -5.763962417413383971e-02 -5.196468214956054960e-02 1.390173318246732626e+00 1.390678438461096178e+00 1.942200157656193804e+00 1.942370869451700122e+00 3.100730308950518044e+00 3.100777995927970210e+00 4.527247358828182300e+00 4.527258115252648984e+00 7.035585491165684324e+00 7.035718282202778617e+00 8.598029333418054421e+00 8.598048287990305738e+00 8.839689421012874249e+00 8.840285542483762526e+00 1.022247918550846890e+01 1.022250505954578870e+01 1.101750563260755378e+01 1.101759039473409985e+01 1.191532358586516338e+01 1.191537601843948835e+01 1.277800258050006121e+01 1.277808611051193743e+01 1.522937451396786557e+01 1.522951926140672896e+01 1.781467754445619889e+01 1.781468865064201879e+01 2.280310433012371973e+01 2.280317827554240040e+01
4.562944869216636334e-01 -5.857258052718328223e-02 -5.511067181498138096e-02 1.354796161826304468e+00 1.355121676180176093e+00 1.922496473220620450e+00 1.922606665694505779e+00 3.081966667882313438e+00 3.081997849502675635e+00 4.513758539749994192e+00 4.513765519120500613e+00 7.039312816383322513e+00 7.039395605286816071e+00 8.592110509340972868e+00 8.592122639182123933e+00 8.839745670012492340e+00 8.840134834775536632e+00 1.023126054394605333e+01 1.023127717388515734e+01 1.101866499625870865e+01 1.101871922541158355e+01 1.190922824297117444e+01 1.190926296470684775e+01 1.277844364829332768e+01 1.277849712614997202e+01 1.523028314869712574e+01 1.523037731298098052e+01 1.781447413823243409e+01 1.781448125982807085e+01 2.280910322474774787e+01 2.280915127218627703e+01
4.572177627960845037e-01 -5.904074745230938198e-02 -5.767969759207909608e-02 1.319156884682473274e+00 1.319290846846853160e+00 1.899634285507618703e+00 1.899679572453223608e+00 3.065180125803280031e+00 3.065193020056452777e+00 4.500680485685071730e+00 4.500683409396445178e+00 7.042960692862251015e+00 7.042993633208382676e+00 8.586342810235882084e+00 8.586347766335309828e+00 8.839802282366600039e+00 8.839964480862557039e+00 1.023988115541112087e+01 1.023988799338606626e+01 1.101984341658543087e+01 1.101986556314050958e+01 1.190303774023978889e+01 1.190305242855620627e+01 1.277897920278549115e+01 1.277900105844403988e+01 1.523117690962643422e+01 1.523121602078079029e+01 1.781427434250167963e+01 1.781427725879657586e+01 2.281499780809882694e+01 2.281501774210661182e+01
4.581410386705053739e-01 -5.976983061505426742e-02 -5.909764200826514435e-02 1.283194326372883554e+00 1.283263095014395505e+00 1.873582088639811793e+00 1.873605236193151002e+00 3.050396753570190800e+00 3.050403342007696583e+00 4.488000130267626453e+00 4.488001670825463307e+00 7.046510340096991953e+00 7.046526677925485593e+00 8.580724928650370842e+00 8.580727454084716044e+00 8.839774837203766111e+00 8.839859138301301655e+00 1.024833213138078492e+01 1.024833564540187680e+01 1.102102842763736135e+01 1.102103970485795514e+01 1.189676032954045581e+01 1.189676808245736694e+01 1.277958999933355777e+01 1.277960113683572452e+01 1.523203467791510768e+01 1.523205493673146194e+01 1.781407684567043859e+01 1.781407833533639362e+01 2.282077242911114112e+01 2.282078274349269975e+01
4.590643145449262441e-01 -6.145161961065290224e-02 -5.878627084298363586e-02 1.246840459046288929e+00 1.247122298649882000e+00 1.844346648624042073e+00 1.844440841085801086e+00 3.037601884699153487e+00 3.037628521784206281e+00 4.475704878358319760e+00 4.475711396925054153e+00 7.049943779053083226e+00 7.050008430226148981e+00 8.575255358460038835e+00 8.575265630546704543e+00 8.839566416697227424e+00 8.839916118934501910e+00 1.025660412699441970e+01 1.025661857432516477e+01 1.102220669353052784e+01 1.102225252372375230e+01 1.189040289598588629e+01 1.189043557540533591e+01 1.278025601144122625e+01 1.278030130836205913e+01 1.523283262699080254e+01 1.523291638639094536e+01 1.781388021468323402e+01 1.781388628985852662e+01 2.282641021577922658e+01 2.282645281698898643e+01
4.599875904193471143e-01 -6.277790911593836287e-02 -5.814201210138041087e-02 1.210237558799220015e+00 1.210741906064753515e+00 1.812042922134230460e+00 1.812209845472124270e+00 3.026763392594801871e+00 3.026810029364648269e+00 4.463787800355237145e+00 4.463799886834073583e+00 7.053292076514538600e+00 7.053403708076825041e+00 8.569940262362877093e+00 8.569958502556239921e+00 8.839339887140237551e+00 8.839973105709304946e+00 1.026469845270208303e+01 1.026472444443980869e+01 1.102339907568064881e+01 1.102348037668455127e+01 1.188399661790101369e+01 1.188405677595138066e+01 1.278099117282265773e+01 1.278107158749966565e+01 1.523360925999682536e+01 1.523376043212920194e+01 1.781368755600278675e+01 1.781369837423560298e+01 2.283192612624073803e+01 2.283200294060866398e+01
4.609108662937679846e-01 -6.378950791644420748e-02 -5.719450653421376957e-02 1.173393910395974959e+00 1.174129239749940545e+00 1.776772989397857216e+00 1.777013449634260667e+00 3.017803110978096282e+00 3.017869149641040138e+00 4.452240065678328307e+00 4.452258357123569432e+00 7.056553426954127239e+00 7.056710367691997554e+00 8.564780821952179934e+00 8.564807207504586017e+00 8.839096068486018254e+00 8.840029979955950523e+00 1.027260952349316625e+01 1.027264770772026203e+01 1.102460411452885225e+01 1.102472159763418524e+01 1.187755820315173416e+01 1.187764844515499263e+01 1.278178761751214587e+01 1.278190389943498850e+01 1.523436401791328976e+01 1.523458626533901850e+01 1.781349905556032809e+01 1.781351475168468923e+01 2.283731532868295844e+01 2.283742815540025006e+01
4.618341421681887993e-01 -6.451868143872538375e-02 -5.596893195573952873e-02 1.136317770527439430e+00 1.137291541850104615e+00 1.738665091221930359e+00 1.738979098071408380e+00 3.010615896425028915e+00 3.010700296351827454e+00 4.441053917616875957e+00 4.441079071534950629e+00 7.059726087955580986e+00 7.059926361354392554e+00 8.559778194192912082e+00 8.559812858052270101e+00 8.838835928880724779e+00 8.840086622567687513e+00 1.028033170761350057e+01 1.028038277461280359e+01 1.102582016177947999e+01 1.102597434062468196e+01 1.187110453661770926e+01 1.187122750419000461e+01 1.278263757189889382e+01 1.278279026292477027e+01 1.523509639005376570e+01 1.523539309598468350e+01 1.781331489488574249e+01 1.781333558048257615e+01 2.284257313759289687e+01 2.284272363435787057e+01
4.627574180426096695e-01 -6.499141751577175441e-02 -5.448687229298562057e-02 1.099017368788397064e+00 1.100235981987980560e+00 1.697866747654534603e+00 1.698253622951069408e+00 3.005076462084767641e+00 3.005177870651481786e+00 4.430222705988037468e+00 4.430255376975993364e+00 7.062808375710385000e+00 7.063049735517123118e+00 8.554933511494009934e+00 8.554976542614157964e+00 8.838560579480509105e+00 8.840142913779535760e+00 1.028785933881756343e+01 1.028792402367415626e+01 1.102704536677033964e+01 1.102723657005363833e+01 1.186465264194531954e+01 1.186481099279138185e+01 1.278353338704073039e+01 1.278372282458698272e+01 1.523580591315072041e+01 1.523618015328455222e+01 1.781313525094824612e+01 1.781316101397965568e+01 2.284769501574453088e+01 2.284788468519607108e+01
4.636806939170305397e-01 -6.522895969763471691e-02 -5.276690359384416523e-02 1.061500908506671781e+00 1.062969665182073253e+00 1.654537972908450838e+00 1.654996469483926314e+00 3.001046147197160785e+00 3.001163040129923409e+00 4.419740903872328985e+00 4.419781723800497275e+00 7.065798660969687006e+00 7.066078628852866750e+00 8.550247881517742954e+00 8.550299325554039598e+00 8.838271268062483088e+00 8.840198733040397272e+00 1.029518673002301199e+01 1.029526581209711011e+01 1.102827766392736031e+01 1.102850605149190422e+01 1.185821964542983054e+01 1.185841602985262355e+01 1.278446756708075149e+01 1.278469388911363147e+01 1.523649217019638513e+01 1.523694668637293681e+01 1.781296029600334663e+01 1.781299120061633090e+01 2.285267657594057766e+01 2.285290675298514174e+01
4.646039697914514099e-01 -6.524888197279370139e-02 -5.082496669692008334e-02 1.023776567383514191e+00 1.025499639757869286e+00 1.608845139861464490e+00 1.609373558876222132e+00 2.998379065170506230e+00 2.998509882935439297e+00 4.409604110503670960e+00 4.409653672047864070e+00 7.068695365479124249e+00 7.069011270261969848e+00 8.545722386764069256e+00 8.545782247122446051e+00 8.837969371458264334e+00 8.840253958971278081e+00 1.030230818822460392e+01 1.030240248713838369e+01 1.102951476174134804e+01 1.102978034339968261e+01 1.185182274149352288e+01 1.185205977573287406e+01 1.278543279397685950e+01 1.278569594560428335e+01 1.523715478905293708e+01 1.523769196494105849e+01 1.781279019744583181e+01 1.781282628393995182e+01 2.285751358251970444e+01 2.285778542265136792e+01
4.655272456658722802e-01 -6.506586466871135122e-02 -4.867456129088429395e-02 9.858524978926426208e-01 9.878329051442907849e-01 1.560955831034792629e+00 1.561552129266084110e+00 2.996927288574347870e+00 2.997070558299562926e+00 4.399809041983816726e+00 4.399867885167404680e+00 7.071496958916931419e+00 7.071845976851508730e+00 8.541358083963713099e+00 8.541426323167881307e+00 8.837656386851378443e+00 8.840308469402916813e+00 1.030921803049536400e+01 1.030932839846460425e+01 1.103075413373751701e+01 1.103105679000939610e+01 1.184547915917719685e+01 1.184575939578116888e+01 1.278642194878675475e+01 1.278672169025532313e+01 1.523779344084733900e+01 1.523841527985666389e+01 1.781262511766875534e+01 1.781266640262058587e+01 2.286220195264069943e+01 2.286251642134647355e+01
4.664505215402931504e-01 -6.469226874238478975e-02 -4.632676790888666518e-02 9.477368273697940326e-01 9.499764194372315451e-01 1.511034810408366180e+00 1.511696692620945859e+00 2.996544932137656492e+00 2.996699367578176343e+00 4.390353511155063337e+00 4.390422112546148448e+00 7.074201956347971887e+00 7.074581151897210596e+00 8.537156003310570895e+00 8.537232544649249633e+00 8.837333921992881258e+00 8.840362141487027259e+00 1.031591060088404888e+01 1.031603791142487125e+01 1.103199301193124704e+01 1.103233251568703643e+01 1.183920612902836389e+01 1.183953202454783771e+01 1.278742812977222698e+01 1.278776404566467306e+01 1.523840783816779343e+01 1.523911594376194323e+01 1.781246521392896653e+01 1.781251169046464966e+01 2.286673775735548375e+01 2.286709562069016144e+01
4.673737974147140206e-01 -6.413856973963252828e-02 -4.379007478758731309e-02 9.094376577037718290e-01 9.119371065994356096e-01 1.459241094625528978e+00 1.459966089196044869e+00 2.997091151421046540e+00 2.997255726062310277e+00 4.381236397685166928e+00 4.381315161931910396e+00 7.076808916199340160e+00 7.077215282800652041e+00 8.533117147561069871e+00 8.533201876975029521e+00 8.837003684401221193e+00 8.840414851875740609e+00 1.032238028800797913e+01 1.032252542124061279e+01 1.103322838327198419e+01 1.103360442111903872e+01 1.183302084975162494e+01 1.183339473013148080e+01 1.278844466759845844e+01 1.278881617702625029e+01 1.523899773308017380e+01 1.523979329164973429e+01 1.781231063821875082e+01 1.781236227642465053e+01 2.287111722248398493e+01 2.287151903889020943e+01
4.682970732891348908e-01 -6.341369114636251358e-02 -4.106994526171350163e-02 8.709630645107339086e-01 8.737218631487850828e-01 1.405726003027264026e+00 1.406511521178623214e+00 2.998432174856087151e+00 2.998606165365933052e+00 4.372457609185144811e+00 4.372546862623727826e+00 7.079316438755347107e+00 7.079746939053787713e+00 8.529242491025488704e+00 8.529335259192841079e+00 8.836667469623456839e+00 8.840466476963973363e+00 1.032862154313907865e+01 1.032878536807928782e+01 1.103445698956736543e+01 1.103486918170895059e+01 1.182694045398364047e+01 1.182736447810319014e+01 1.278946513790804396e+01 1.278987150549506424e+01 1.523956291498382853e+01 1.524044668141764092e+01 1.781216153714419193e+01 1.781221828460450496e+01 2.287533672930366535e+01 2.287578284274378149e+01
4.692203491635557611e-01 -6.252526346221699838e-02 -3.816799085008844294e-02 8.323210956306907882e-01 8.353375641614905200e-01 1.350632017692823705e+00 1.351475398020804741e+00 3.000442535836058244e+00 3.000625535015698286e+00 4.364018033989488288e+00 4.364118020106157125e+00 7.081723165162880917e+00 7.082174770222929183e+00 8.525532978473915335e+00 8.525633603051540277e+00 8.836327148645212404e+00 8.840516893189484193e+00 1.033462889858562050e+01 1.033481225295039785e+01 1.103567533134940959e+01 1.103612324860545968e+01 1.182098197256836336e+01 1.182145809445923845e+01 1.279048337154690529e+01 1.279092371900344460e+01 1.524010320832693566e+01 1.524107549439976061e+01 1.781201805180982234e+01 1.781207983425908381e+01 2.287939281506775657e+01 2.287988334952445157e+01
4.701436250379766313e-01 -6.147982667267219703e-02 -3.508047664711930191e-02 7.935197687255293175e-01 7.967910683818675288e-01 1.294092274081995564e+00 1.294990814684846336e+00 3.003005682557893241e+00 3.003197583064041609e+00 4.355919486077005409e+00 4.356030362642443698e+00 7.084027776931391074e+00 7.084497503964053422e+00 8.521989523977151038e+00 8.522097791956340984e+00 8.835984654545994132e+00 8.840565977385200114e+00 1.034039698618068925e+01 1.034060065433369857e+01 1.103687967609105058e+01 1.103736285281741836e+01 1.181516229673745855e+01 1.181569222707861933e+01 1.279149346271142029e+01 1.279196678080293914e+01 1.524061847020271721e+01 1.524167913587595535e+01 1.781188031771001690e+01 1.781194703978784233e+01 2.288328217336566084e+01 2.288381702875832246e+01
4.710669009123975015e-01 -6.028298799169531236e-02 -3.179558230636828076e-02 7.545670676669768984e-01 7.580892221759989447e-01 1.236230515817780651e+00 1.237181496481711607e+00 3.006014130603251289e+00 3.006215083136090982e+00 4.348164642500547572e+00 4.348286480220430406e+00 7.086228995905168304e+00 7.086713944080250904e+00 8.518613009701262229e+00 8.518728679836485185e+00 8.835641968505155930e+00 8.840613607178619660e+00 1.034592055569853741e+01 1.034614524542356584e+01 1.103806607110598925e+01 1.103858401289847713e+01 1.180949813764817335e+01 1.181008330520444716e+01 1.279248977527456788e+01 1.279299493599678428e+01 1.524110858784840339e+01 1.524225703555858580e+01 1.781174846462699790e+01 1.781182001072174614e+01 2.288700165433984424e+01 2.288758050389331444e+01
4.719901767868183717e-01 -5.893954265292822292e-02 -2.828810023124265702e-02 7.154709372659711075e-01 7.192388619845050401e-01 1.177161371905063092e+00 1.178162068646346095e+00 3.009369298725643738e+00 3.009579650811912810e+00 4.340756973625211401e+00 4.340889756166513180e+00 7.088325584680652547e+00 7.088822968631681931e+00 8.515404284672422719e+00 8.515527089943734751e+00 8.835301105270625399e+00 8.840659661432203720e+00 1.035119449303063277e+01 1.035144081185178422e+01 1.103923036136785285e+01 1.103978254669552506e+01 1.180400598279553748e+01 1.180464749652717416e+01 1.279346694753427727e+01 1.279400271631473274e+01 1.524157347606884549e+01 1.524280864805635005e+01 1.781162261653529910e+01 1.781169885170338318e+01 2.289054826477340043e+01 2.289117055386519084e+01
4.729134526612392420e-01 -5.745356241293633759e-02 -2.450817490660923276e-02 6.762392756879975764e-01 6.802468148078097965e-01 1.116990843084662011e+00 1.118038537051860182e+00 3.012981140337827490e+00 3.013201363662851850e+00 4.333700666449480821e+00 4.333844291709714192e+00 7.090316347436563582e+00 7.090823528106380280e+00 8.512364163527090355e+00 8.512493813598938530e+00 8.834964098209409755e+00 8.840704020719231337e+00 1.035621383796403272e+01 1.035648226973525965e+01 1.104036821237217048e+01 1.104095408764532849e+01 1.179870204890063690e+01 1.179940066152451728e+01 1.279441989561067849e+01 1.279498494336720604e+01 1.524201307460761434e+01 1.524333345331537615e+01 1.781150289151299759e+01 1.781158366246039293e+01 2.289391916806258465e+01 2.289458411456390863e+01
4.738367285356600567e-01 -5.582845384295383184e-02 -2.035367010055133194e-02 6.368799235629243327e-01 6.411198960571894423e-01 1.055816911180709861e+00 1.056908893578925923e+00 3.016767656682977528e+00 3.016998271516079466e+00 4.327000541300321856e+00 4.327154823788577076e+00 7.092200131141229491e+00 7.092714643657976659e+00 8.509493425261190680e+00 8.509629608902969267e+00 8.834632984063574668e+00 8.840746567828794866e+00 1.036097380141592694e+01 1.036126468388478905e+01 1.104147513804053204e+01 1.104209410606263475e+01 1.179360223098136018e+01 1.179435830480784553e+01 1.279534381570146273e+01 1.279593673059964587e+01 1.524242734548768397e+01 1.524383095703712243e+01 1.781138940165930507e+01 1.781147453777208867e+01 2.289711168408853936e+01 2.289781828020365850e+01
4.747600044100809269e-01 -5.406698597116692262e-02 -1.558405827080091947e-02 5.974006482676434970e-01 6.018649037995751350e-01 9.937302087874505530e-01 9.948637831610808169e-01 3.020654354874602099e+00 3.020895859249525195e+00 4.320661962252936306e+00 4.320826636448980906e+00 7.093975827099938236e+00 7.094495405413777434e+00 8.506792811990655068e+00 8.506935199427811511e+00 8.834309787539677217e+00 8.840787188293814935e+00 1.036546978199017310e+01 1.036578328600644561e+01 1.104254653353792115e+01 1.104319793578404507e+01 1.178872204743654883e+01 1.178953552333600108e+01 1.279623418538605328e+01 1.279685348415098289e+01 1.524281627034490505e+01 1.524430069107368091e+01 1.781128225301876000e+01 1.781137156743009342e+01 2.290012328900213134e+01 2.290087030459976347e+01
4.756832802845017971e-01 -5.217128402608415400e-02 -9.379662311676442016e-03 5.578091209622282332e-01 5.624886079121056426e-01 9.308147056533622177e-01 9.319871885910060438e-01 3.024573695449102484e+00 3.024826504709558606e+00 4.314690741725036638e+00 4.314865466277494122e+00 7.095642372804070952e+00 7.096164970851978282e+00 8.504263027734083380e+00 8.504411272902048680e+00 8.833996505862222293e+00 8.840825770935513361e+00 1.036969738173538857e+01 1.037003349272723085e+01 1.104357771274566069e+01 1.104426080640947205e+01 1.178407658111912326e+01 1.178494695148582316e+01 1.279708676415135038e+01 1.279773090280360925e+01 1.524317984777546719e+01 1.524474221379952787e+01 1.781118154551145949e+01 1.781127483619298602e+01 2.290295161493617115e+01 2.290373760235582523e+01
4.766065561589226673e-01 -5.014278236366978558e-02 7.003910236634859621e-03 5.181128824357047469e-01 5.229977318241553208e-01 8.671483827606019101e-01 8.683571038845607770e-01 3.028464559502554554e+00 3.028728959277987798e+00 4.309093039831020988e+00 4.309277402449625427e+00 7.097198754045385805e+00 7.097722563242257365e+00 8.501904737227636843e+00 8.502058479904986754e+00 8.833695093423264311e+00 8.840862208417801682e+00 1.037365242099951423e+01 1.037401092328063079e+01 1.104456395000948454e+01 1.104527788121733423e+01 1.177968041653660158e+01 1.178060670311100999e+01 1.279789759329376331e+01 1.279856497719558028e+01 1.524351809072024722e+01 1.524515511046067928e+01 1.781108737286973565e+01 1.781118442373627531e+01 2.290559444965800751e+01 2.290641774996362301e+01
4.775298320333435376e-01 -4.798212434766720852e-02 1.292795628618060612e-02 4.783192910915886609e-01 4.833989230715791119e-01 8.028038758990143631e-01 8.040461778934766546e-01 3.032271754319968871e+00 3.032547867652613416e+00 4.303875259249013929e+00 4.304068782140164195e+00 7.098644007261364131e+00 7.099167470137823344e+00 8.499718564780948782e+00 8.499877432582319869e+00 8.833407446660789475e+00 8.840896397805162010e+00 1.037733095229366853e+01 1.037771141669551689e+01 1.104550052566445117e+01 1.104624430062320606e+01 1.177554757349467884e+01 1.177652831087437946e+01 1.279866299533490093e+01 1.279935198844985145e+01 1.524383102390646982e+01 1.524553899350054031e+01 1.781099982258041692e+01 1.781110040459789445e+01 2.290804973617622053e+01 2.290890848681908665e+01
4.784531079077644078e-01 -4.568898855866827119e-02 1.629021004433409830e-02 4.384354413726841981e-01 4.436987063254317909e-01 7.378490781516369168e-01 7.391223176006425089e-01 3.035945568087674129e+00 3.036233335726745253e+00 4.299043936544158839e+00 4.299246082235285371e+00 7.099977222081650829e+00 7.100499041900842023e+00 8.497705093181854963e+00 8.497868703395669243e+00 8.833135389296968398e+00 8.840928241117067543e+00 1.038072927309712412e+01 1.038113104834154043e+01 1.104638277472782448e+01 1.104715523081540063e+01 1.177169143768882797e+01 1.177272466330040324e+01 1.279937957307220842e+01 1.280008850636053808e+01 1.524411868136776249e+01 1.524589350286291811e+01 1.781091897583309347e+01 1.781102284812082459e+01 2.291031557231369931e+01 2.291120771615641871e+01
4.793763837821852780e-01 -4.326180667169784999e-02 1.852308262488213536e-02 3.984680311577740164e-01 4.039034078244618797e-01 6.723476957234681972e-01 6.736492457494462904e-01 3.039441378288247009e+00 3.039740550213069437e+00 4.294605631097468290e+00 4.294815808495290987e+00 7.101197544050160460e+00 7.101716690236873575e+00 8.495864862657192873e+00 8.496032823917522236e+00 8.832880658065851875e+00 8.840957645872867587e+00 1.038384393755620394e+01 1.038426614569627482e+01 1.104720613804481566e+01 1.104800591694604783e+01 1.176812468894194375e+01 1.176920794015782157e+01 1.280004420837009782e+01 1.280077138726151809e+01 1.524438110406187974e+01 1.524621830627191343e+01 1.781084490747375071e+01 1.781095181839347319e+01 2.291239021025961620e+01 2.291331350590332505e+01
4.802996596566061482e-01 -4.069731346146625295e-02 1.999691361505120252e-02 3.584231366856704959e-01 3.640190310420107767e-01 6.063597543045607940e-01 6.076870106046136089e-01 3.042719314243931716e+00 3.043029450154179028e+00 4.290566812999415447e+00 4.290784383530825252e+00 7.102304177501417293e+00 7.102819886709328401e+00 8.494198369895814338e+00 8.494370283682405542e+00 8.832644889055783821e+00 8.840984525620285694e+00 1.038667176705098960e+01 1.038711330321286042e+01 1.104796621507095722e+01 1.104879174000020825e+01 1.176485922797719574e+01 1.176598954694178900e+01 1.280065406078315426e+01 1.280139777168982462e+01 1.524461833760545737e+01 1.524651309948924904e+01 1.781077768596346900e+01 1.781088737418894397e+01 2.291427205611141815e+01 2.291522408945912659e+01
4.812229355310270185e-01 -3.798982301603473499e-02 2.086706036087318875e-02 3.183058099306680377e-01 3.240510449532135184e-01 5.399420535545382815e-01 5.412924468848031578e-01 3.045743971566604813e+00 3.046064448172027816e+00 4.286933751467128850e+00 4.287158035160707925e+00 7.103296388571517461e+00 7.103808161203170712e+00 8.492706067139424775e+00 8.492881529104085558e+00 8.832429604787588318e+00 8.841008800441633397e+00 1.038920985962457877e+01 1.038966939618094720e+01 1.104865881737867284e+01 1.104950827622390008e+01 1.176190610279494386e+01 1.176308004937285290e+01 1.280120656608988128e+01 1.280196508194377181e+01 1.524483043014264538e+01 1.524677760654838465e+01 1.781071737334228189e+01 1.781082956890467273e+01 2.291595966941839890e+01 2.291693786639842401e+01
4.821462114054478887e-01 -3.513003319421711262e-02 2.120663366365463029e-02 2.781193104129688343e-01 2.840040065027915062e-01 4.731485640983162377e-01 4.745195857948294460e-01 3.048484174621868714e+00 3.048814197873053633e+00 4.283712405521915123e+00 4.283942686902923569e+00 7.104173508321738773e+00 7.104681100310394903e+00 8.491388361346173141e+00 8.491566962467977930e+00 8.832236202143432635e+00 8.841030397431707044e+00 1.039145559828869736e+01 1.039193159348809736e+01 1.104928002188852965e+01 1.105015135778109681e+01 1.175927543588018054e+01 1.176048910895801924e+01 1.280169943480349382e+01 1.280247101962428502e+01 1.524501743036504209e+01 1.524701157996638123e+01 1.781066402519735803e+01 1.781077845050321784e+01 2.291745176273628815e+01 2.291845340310167600e+01
4.830694872798687589e-01 -3.210296458132028824e-02 2.104447463130287160e-02 2.378635159441012947e-01 2.438808467284021841e-01 4.060307502836483784e-01 4.074200066977067825e-01 3.050912782222090502e+00 3.051251403002309015e+00 4.280908318803733792e+00 4.281143852496252400e+00 7.104934935944396734e+00 7.105438345620251006e+00 8.490245613431326888e+00 8.490426941007163109e+00 8.832065941254162666e+00 8.841049251141752663e+00 1.039340665823686827e+01 1.039389736920335494e+01 1.104982622275293558e+01 1.105071713314399240e+01 1.175697635359449578e+01 1.175822542076063115e+01 1.280213065071571066e+01 1.280291356323731300e+01 1.524517938569726994e+01 1.524721480093276149e+01 1.781061769063579092e+01 1.781073406145565485e+01 2.291874720120270226e+01 2.291976943331479077e+01
4.839927631542896291e-01 -2.888418527674557063e-02 2.037625840030469690e-02 1.975312712392184034e-01 2.036814170779394084e-01 3.386377675840213097e-01 3.400431066979636152e-01 3.053006531403719137e+00 3.053352663564878000e+00 4.278526520489301710e+00 4.278766536445670177e+00 7.105580142004320088e+00 7.106079591915346327e+00 8.489278137588806672e+00 8.489461776069335386e+00 8.831919935444732417e+00 8.841065303984319002e+00 1.039506101300960950e+01 1.039556451291804606e+01 1.105029418076986580e+01 1.105120212561122095e+01 1.175501691919090419e+01 1.175629665459045192e+01 1.280249846951994996e+01 1.280329096592530824e+01 1.524531634066266861e+01 1.524738707947610372e+01 1.781057841226119365e+01 1.781069643868854158e+01 2.291984500214180542e+01 2.292088485863921221e+01
4.849160390287104438e-01 -2.543229074323300962e-02 1.916170799557020271e-02 1.570987185086893945e-01 1.633992379873219214e-01 2.710163653458776967e-01 2.724362136455777406e-01 3.054745914158765174e+00 3.055098354093091828e+00 4.276571434306443820e+00 4.276815142614771581e+00 7.106108671646370389e+00 7.106604585301956156e+00 8.488486200696781836e+00 8.488671732381371626e+00 8.831799142328318197e+00 8.841078506594302056e+00 1.039641693966624736e+01 1.039693113879167896e+01 1.105068106918439774e+01 1.105160328830369032e+01 1.175340407092531692e+01 1.175470940084921523e+01 1.280280141755186740e+01 1.280360175338647366e+01 1.524542833544117215e+01 1.524752825460813099e+01 1.781054622615415184e+01 1.781066561353556210e+01 2.292074433470592965e+01 2.292179874895391478e+01
4.858393149031313141e-01 -2.167203449790785705e-02 1.730485866186805624e-02 1.164938443527839124e-01 1.230133040021345048e-01 2.032098216400975987e-01 2.046442815891516553e-01 3.056115082271032790e+00 3.056472529454159925e+00 4.275046797593319070e+00 4.275293392847846263e+00 7.106520147670722487e+00 7.107013121334451178e+00 8.487870021810188348e+00 8.488057027417266198e+00 8.831704356129314704e+00 8.841088818141834338e+00 1.039747302302308007e+01 1.039799569326203965e+01 1.105098451475516974e+01 1.105191805401297955e+01 1.175214356671590998e+01 1.175346912224265061e+01 1.280303829067799448e+01 1.280384472203169999e+01 1.524551540463028410e+01 1.524763819444545021e+01 1.781052116185617606e+01 1.781064161169486937e+01 2.292144451956061957e+01 2.292251034277025568e+01
4.867625907775521843e-01 -1.744909226750109357e-02 1.459046251252633410e-02 7.545355874195427970e-02 8.246418350918442719e-02 1.352521969514259848e-01 1.367080085085987384e-01 3.057101775880797234e+00 3.057462854005664532e+00 4.273955592228475986e+00 4.274204257481913238e+00 7.106814273350530620e+00 7.107305043226825880e+00 8.487429771742407425e+00 8.487617830874325975e+00 8.831636201304910117e+00 8.841096206593539009e+00 1.039822815901864672e+01 1.039875696138851247e+01 1.105120263302521444e+01 1.105214437837287456e+01 1.175123993671861555e+01 1.175258011249678169e+01 1.280320815335651119e+01 1.280401893742085306e+01 1.524557757621849596e+01 1.524771679630902810e+01 1.781050324235688009e+01 1.781062445319289722e+01 2.292194502861909555e+01 2.292301904752111597e+01
4.876858666519730545e-01 -1.236737264121556476e-02 1.041958647575645658e-02 3.218158662395268627e-02 4.157669299623402426e-02 6.711857009287512665e-02 6.865175298088364853e-02 3.057697272019421764e+00 3.058060550472973205e+00 4.273299989058042314e+00 4.273549899408314090e+00 7.106990834846024896e+00 7.107480240268570171e+00 8.487165572737977115e+00 8.487354264261565362e+00 8.831595127522854582e+00 8.841100648918892801e+00 1.039868155726308707e+01 1.039921407180595736e+01 1.105133405684653525e+01 1.105228077499021921e+01 1.175069644504233679e+01 1.175204546309258191e+01 1.280331033788893613e+01 1.280412373301212803e+01 1.524561487077884614e+01 1.524776398680155332e+01 1.781049248408421803e+01 1.781061415235540224e+01 2.292224548483082458e+01 2.292332443978485301e+01
4.886091425263939247e-01 -2.161224286258732474e-02 -8.612408512394684190e-03 -3.439963015365446204e-03 -6.913670076954622496e-07 -2.707161015954833486e-07 -2.379012627979908031e-07 3.057896350082589532e+00 3.058260365608940212e+00 4.273081307173690391e+00 4.273331633066304924e+00 7.107049703066118163e+00 7.107538646572379548e+00 8.487077498237820095e+00 8.487266400603507677e+00 8.831581406041193461e+00 8.841102131239415129e+00 1.039883274282059133e+01 1.039936650027318521e+01 1.105137795736239603e+01 1.105232634139974834e+01 1.175051506162541237e+01 1.175186703886380002e+01 1.280334444387623805e+01 1.280415870925024535e+01 1.524562730088849527e+01 1.524777972186254971e+01 1.781048889689767378e+01 1.781061071778641747e+01 2.292234566202771617e+01 2.292342626544482798e+01
