
     Program PHONON v.7.0 starts on 26Jun2026 at 22:53:39 

     This program is part of the open-source Quantum ESPRESSO suite
     for quantum simulation of materials; please cite
         "P. Giannozzi et al., J. Phys.:Condens. Matter 21 395502 (2009);
         "P. Giannozzi et al., J. Phys.:Condens. Matter 29 465901 (2017);
         "P. Giannozzi et al., J. Chem. Phys. 152 154105 (2020);
          URL http://www.quantum-espresso.org", 
     in publications or presentations arising from this work. More details at
     http://www.quantum-espresso.org/quote

     Parallel version (MPI), running on    38 processors

     MPI processes distributed on     1 nodes
     R & G space division:  proc/nbgrp/npool/nimage =      38
     373809 MiB available memory on the printing compute node when the environment starts

     Reading input from Ga2O3.ph.in

     Reading xml data from directory:

     ./tmp/Ga2O3-Bands.save/
     file O.pbe-n-kjpaw_psl.1.0.0.UPF: wavefunction(s)  2S 2P renormalized
     file Ga.pbe-dn-kjpaw_psl.1.0.0.UPF: wavefunction(s)  4S renormalized

     IMPORTANT: XC functional enforced from input :
     Exchange-correlation= PBE
                           (   1   4   3   4   0   0   0)
     Any further DFT definition will be discarded
     Please, verify this is what you really want


     Parallelization info
     --------------------
     sticks:   dense  smooth     PW     G-vecs:    dense   smooth      PW
     Min          99      49     15                 5907     2087     356
     Max         100      50     16                 5911     2092     360
     Sum        3769    1889    575               224509    79403   13583

     Using Slab Decomposition

     Reading collected, re-writing distributed wavefunctions


     Dynamical matrices for ( 2, 2, 2)  uniform grid of q-points
     (   8 q-points):
       N         xq(1)         xq(2)         xq(3) 
       1   0.000000000   0.000000000   0.000000000
       2  -0.001045572  -0.000258874  -0.562200546
       3  -0.002434944  -1.061983143   0.062264447
       4  -0.003480516  -1.062242017  -0.499936099
       5  -0.497633262   0.938176567   0.062264389
       6  -0.498678834   0.937917692  -0.499936157
       7  -0.500068206  -0.123806577   0.124528836
       8  -0.501113778  -0.124065451  -0.437671710

     Calculation of q =    0.0000000   0.0000000   0.0000000

     Ga2O3 phonon grid                                                          

     bravais-lattice index     =            0
     lattice parameter (alat)  =      12.5163  a.u.
     unit-cell volume          =     820.9989 (a.u.)^3
     number of atoms/cell      =           10
     number of atomic types    =            2
     kinetic-energy cut-off    =      80.0000  Ry
     charge density cut-off    =     640.0000  Ry
     convergence threshold     =      1.0E-12
     beta                      =       0.7000
     number of iterations used =            4
     Exchange-correlation= PBE
                           (   1   4   3   4   0   0   0)


     celldm(1)=   12.51627  celldm(2)=    0.00000  celldm(3)=    0.00000
     celldm(4)=    0.00000  celldm(5)=    0.00000  celldm(6)=    0.00000

     crystal axes: (cart. coord. in units of alat)
               a(1) = (  1.0000 -0.0024 -0.0019 )  
               a(2) = (  0.8834  0.4687 -0.0019 )  
               a(3) = (  0.2086  0.0516  0.8890 )  

     reciprocal axes: (cart. coord. in units 2 pi/alat)
               b(1) = (  0.9953 -1.8764 -0.1245 )  
               b(2) = (  0.0049  2.1240 -0.1245 )  
               b(3) = (  0.0021  0.0005  1.1244 )  


     Atoms inside the unit cell: 

     Cartesian axes

     site n.  atom      mass           positions (alat units)
        1     Ga  69.7230   tau(    1) = (    1.38435    0.34274    0.60803  )
        2     Ga  69.7230   tau(    2) = (    0.70760    0.17519    0.27720  )
        3     Ga  69.7230   tau(    3) = (    0.21381    0.05293    0.18094  )
        4     Ga  69.7230   tau(    4) = (    1.87814    0.46499    0.70430  )
        5     O   15.9990   tau(    5) = (    1.08979    0.26981    0.66127  )
        6     O   15.9990   tau(    6) = (    1.00215    0.24811    0.22396  )
        7     O   15.9990   tau(    7) = (    0.41790    0.10346    0.39189  )
        8     O   15.9990   tau(    8) = (    1.67405    0.41446    0.49334  )
        9     O   15.9990   tau(    9) = (    1.58542    0.39252    0.09524  )
       10     O   15.9990   tau(   10) = (    0.50652    0.12540    0.78999  )

     Computing dynamical matrix for 
                    q = (   0.0000000   0.0000000   0.0000000 )

      3 Sym.Ops. (with q -> -q+G )


     G cutoff = 2539.6294  (   5908 G-vectors)     FFT grid: (108,108, 96)
     G cutoff = 1269.8147  (   2092 G-vectors)  smooth grid: ( 72, 72, 72)
     number of k points=   868

     PseudoPot. # 1 for O  read from file:
     ./pseudo/O.pbe-n-kjpaw_psl.1.0.0.UPF
     MD5 check sum: e99d9cef9b487d1ca56f5b95ecd0fd7a
     Pseudo is Projector augmented-wave + core cor, Zval =  6.0
     Generated using &quot;atomic&quot; code by A. Dal Corso  v.6.3
     Shape of augmentation charge: PSQ
     Using radial grid of 1095 points,  4 beta functions with: 
                l(1) =   0
                l(2) =   0
                l(3) =   1
                l(4) =   1
     Q(r) pseudized with 0 coefficients 


     PseudoPot. # 2 for Ga read from file:
     ./pseudo/Ga.pbe-dn-kjpaw_psl.1.0.0.UPF
     MD5 check sum: 50ce49cbf7e0a40ad8623bf41840a268
     Pseudo is Projector augmented-wave + core cor, Zval = 13.0
     Generated using &quot;atomic&quot; code by A. Dal Corso  v.6.3
     Shape of augmentation charge: PSQ
     Using radial grid of 1205 points,  6 beta functions with: 
                l(1) =   0
                l(2) =   0
                l(3) =   1
                l(4) =   1
                l(5) =   2
                l(6) =   2
     Q(r) pseudized with 0 coefficients 


     Mode symmetry, C_i (-1)    point group:


     Electric field:
     Dielectric constant
     Born effective charges in two ways 


     Atomic displacements:
     There are   30 irreducible representations

     Representation     1      1 modes -  To be done

     Representation     2      1 modes -  To be done

     Representation     3      1 modes -  To be done

     Representation     4      1 modes -  To be done

     Representation     5      1 modes -  To be done

     Representation     6      1 modes -  To be done

     Representation     7      1 modes -  To be done

     Representation     8      1 modes -  To be done

     Representation     9      1 modes -  To be done

     Representation    10      1 modes -  To be done

     Representation    11      1 modes -  To be done

     Representation    12      1 modes -  To be done

     Representation    13      1 modes -  To be done

     Representation    14      1 modes -  To be done

     Representation    15      1 modes -  To be done

     Representation    16      1 modes -  To be done

     Representation    17      1 modes -  To be done

     Representation    18      1 modes -  To be done

     Representation    19      1 modes -  To be done

     Representation    20      1 modes -  To be done

     Representation    21      1 modes -  To be done

     Representation    22      1 modes -  To be done

     Representation    23      1 modes -  To be done

     Representation    24      1 modes -  To be done

     Representation    25      1 modes -  To be done

     Representation    26      1 modes -  To be done

     Representation    27      1 modes -  To be done

     Representation    28      1 modes -  To be done

     Representation    29      1 modes -  To be done

     Representation    30      1 modes -  To be done



     Alpha used in Ewald sum =   2.8000
     PHONON       :   5m32.93s CPU   6m16.99s WALL


     Electric Fields Calculation

      iter #   1 total cpu time :  5052.1 secs   av.it.:  15.7
      thresh= 1.000E-02 alpha_mix =  0.700 |ddv_scf|^2 =  7.818E-09

      iter #   2 total cpu time :  7634.6 secs   av.it.:  41.1
      thresh= 8.842E-06 alpha_mix =  0.700 |ddv_scf|^2 =  2.175E-08

      iter #   3 total cpu time :  9909.3 secs   av.it.:  34.9
      thresh= 1.475E-05 alpha_mix =  0.700 |ddv_scf|^2 =  2.843E-10

      iter #   4 total cpu time : 12336.4 secs   av.it.:  40.0
      thresh= 1.686E-06 alpha_mix =  0.700 |ddv_scf|^2 =  4.059E-11

      iter #   5 total cpu time : 14864.0 secs   av.it.:  40.6
      thresh= 6.371E-07 alpha_mix =  0.700 |ddv_scf|^2 =  1.286E-11

      iter #   6 total cpu time : 17261.0 secs   av.it.:  39.2
      thresh= 3.586E-07 alpha_mix =  0.700 |ddv_scf|^2 =  8.654E-13

     End of electric fields calculation

          Dielectric constant in cartesian axis 

          (       4.709462821      -0.020945991       0.036968676 )
          (      -0.020945979       4.788881571       0.009152658 )
          (       0.036970752       0.009153175       4.910684553 )

          Effective charges (d Force / dE) in cartesian axis without acoustic sum rule applied (asr)

           atom      1   Ga Mean Z*:        3.37974
      Ex  (        3.35364       -0.05889       -0.45019 )
      Ey  (       -0.05889        3.57691       -0.11146 )
      Ez  (       -0.17767       -0.04399        3.20866 )
           atom      2   Ga Mean Z*:        3.37974
      Ex  (        3.35364       -0.05889       -0.45019 )
      Ey  (       -0.05889        3.57691       -0.11146 )
      Ez  (       -0.17767       -0.04399        3.20866 )
           atom      3   Ga Mean Z*:        2.98787
      Ex  (        2.80386       -0.04830        0.36808 )
      Ey  (       -0.04830        2.98699        0.09113 )
      Ez  (        0.14257        0.03530        3.17276 )
           atom      4   Ga Mean Z*:        2.98787
      Ex  (        2.80386       -0.04830        0.36808 )
      Ey  (       -0.04830        2.98699        0.09113 )
      Ez  (        0.14257        0.03530        3.17276 )
           atom      5   O  Mean Z*:       -2.03974
      Ex  (       -2.39096        0.00219        0.23962 )
      Ey  (        0.00219       -2.39927        0.05932 )
      Ez  (        0.28964        0.07171       -1.32899 )
           atom      6   O  Mean Z*:       -2.03974
      Ex  (       -2.39096        0.00219        0.23962 )
      Ey  (        0.00219       -2.39927        0.05932 )
      Ez  (        0.28964        0.07171       -1.32899 )
           atom      7   O  Mean Z*:       -2.26534
      Ex  (       -2.31891       -0.07450       -0.21620 )
      Ey  (       -0.07450       -2.03643       -0.05353 )
      Ez  (       -0.28599       -0.07081       -2.44067 )
           atom      8   O  Mean Z*:       -2.26534
      Ex  (       -2.31891       -0.07450       -0.21620 )
      Ey  (       -0.07450       -2.03643       -0.05353 )
      Ez  (       -0.28599       -0.07081       -2.44067 )
           atom      9   O  Mean Z*:       -2.07991
      Ex  (       -1.46632        0.17948        0.05656 )
      Ey  (        0.17948       -2.14681        0.01400 )
      Ez  (        0.03152        0.00781       -2.62661 )
           atom     10   O  Mean Z*:       -2.07991
      Ex  (       -1.46632        0.17948        0.05656 )
      Ey  (        0.17948       -2.14681        0.01400 )
      Ez  (        0.03152        0.00781       -2.62661 )

          Effective charges Sum: Mean:       -0.03477
             -0.03739       -0.00004        0.00015
             -0.00004       -0.03722        0.00004
             -0.00424       -0.00105       -0.02970

          Effective charges (d Force / dE) in cartesian axis with asr applied: 
           atom      1   Ga Mean Z*:        3.38321
      E*x (        3.35738       -0.05888       -0.44976 )
      E*y (       -0.05888        3.58063       -0.11135 )
      E*z (       -0.17769       -0.04399        3.21163 )
           atom      2   Ga Mean Z*:        3.38321
      E*x (        3.35738       -0.05888       -0.44976 )
      E*y (       -0.05888        3.58063       -0.11135 )
      E*z (       -0.17769       -0.04399        3.21163 )
           atom      3   Ga Mean Z*:        2.99134
      E*x (        2.80760       -0.04829        0.36851 )
      E*y (       -0.04829        2.99071        0.09123 )
      E*z (        0.14256        0.03529        3.17573 )
           atom      4   Ga Mean Z*:        2.99134
      E*x (        2.80760       -0.04829        0.36851 )
      E*y (       -0.04829        2.99071        0.09123 )
      E*z (        0.14256        0.03529        3.17573 )
           atom      5   O  Mean Z*:       -2.03626
      E*x (       -2.38722        0.00220        0.24004 )
      E*y (        0.00220       -2.39555        0.05943 )
      E*z (        0.28963        0.07171       -1.32602 )
           atom      6   O  Mean Z*:       -2.03626
      E*x (       -2.38722        0.00220        0.24004 )
      E*y (        0.00220       -2.39555        0.05943 )
      E*z (        0.28963        0.07171       -1.32602 )
           atom      7   O  Mean Z*:       -2.26186
      E*x (       -2.31518       -0.07450       -0.21577 )
      E*y (       -0.07450       -2.03271       -0.05342 )
      E*z (       -0.28601       -0.07081       -2.43770 )
           atom      8   O  Mean Z*:       -2.26186
      E*x (       -2.31518       -0.07450       -0.21577 )
      E*y (       -0.07450       -2.03271       -0.05342 )
      E*z (       -0.28601       -0.07081       -2.43770 )
           atom      9   O  Mean Z*:       -2.07644
      E*x (       -1.46258        0.17948        0.05699 )
      E*y (        0.17948       -2.14309        0.01411 )
      E*z (        0.03151        0.00780       -2.62364 )
           atom     10   O  Mean Z*:       -2.07644
      E*x (       -1.46258        0.17948        0.05699 )
      E*y (        0.17948       -2.14309        0.01411 )
      E*z (        0.03151        0.00780       -2.62364 )


     Representation #   1 mode #   1

     Self-consistent Calculation

      iter #   1 total cpu time : 72548.1 secs   av.it.:  14.6
      thresh= 1.000E-02 alpha_mix =  0.700 |ddv_scf|^2 =  1.037E-07

      iter #   2 total cpu time : 73350.6 secs   av.it.:  35.6
      thresh= 3.220E-05 alpha_mix =  0.700 |ddv_scf|^2 =  3.248E-08

      iter #   3 total cpu time : 74135.4 secs   av.it.:  36.9
      thresh= 1.802E-05 alpha_mix =  0.700 |ddv_scf|^2 =  1.185E-08

      iter #   4 total cpu time : 74879.7 secs   av.it.:  34.5
      thresh= 1.089E-05 alpha_mix =  0.700 |ddv_scf|^2 =  1.947E-09

      iter #   5 total cpu time : 75625.9 secs   av.it.:  35.4
      thresh= 4.412E-06 alpha_mix =  0.700 |ddv_scf|^2 =  2.584E-11

      iter #   6 total cpu time : 76397.9 secs   av.it.:  37.7
      thresh= 5.083E-07 alpha_mix =  0.700 |ddv_scf|^2 =  9.010E-13

     End of self-consistent calculation

     Convergence has been achieved 


     Representation #   2 mode #   2

     Self-consistent Calculation

      iter #   1 total cpu time : 81946.7 secs   av.it.:  19.5
      thresh= 1.000E-02 alpha_mix =  0.700 |ddv_scf|^2 =  4.224E-07

      iter #   2 total cpu time : 82705.2 secs   av.it.:  36.2
      thresh= 6.499E-05 alpha_mix =  0.700 |ddv_scf|^2 =  1.186E-07

      iter #   3 total cpu time : 83456.4 secs   av.it.:  35.7
      thresh= 3.443E-05 alpha_mix =  0.700 |ddv_scf|^2 =  1.365E-07

      iter #   4 total cpu time : 84236.4 secs   av.it.:  33.4
      thresh= 3.695E-05 alpha_mix =  0.700 |ddv_scf|^2 =  3.415E-09

      iter #   5 total cpu time : 85032.5 secs   av.it.:  35.3
      thresh= 5.843E-06 alpha_mix =  0.700 |ddv_scf|^2 =  1.127E-09

      iter #   6 total cpu time : 85793.8 secs   av.it.:  36.2
      thresh= 3.357E-06 alpha_mix =  0.700 |ddv_scf|^2 =  1.157E-09

      iter #   7 total cpu time : 86531.6 secs   av.it.:  34.5
      thresh= 3.402E-06 alpha_mix =  0.700 |ddv_scf|^2 =  5.871E-11

      iter #   8 total cpu time : 87294.5 secs   av.it.:  37.4
      thresh= 7.662E-07 alpha_mix =  0.700 |ddv_scf|^2 =  4.024E-12

      iter #   9 total cpu time : 88062.9 secs   av.it.:  38.1
      thresh= 2.006E-07 alpha_mix =  0.700 |ddv_scf|^2 =  1.692E-13

     End of self-consistent calculation

     Convergence has been achieved 


     Representation #   3 mode #   3

     Self-consistent Calculation

      iter #   1 total cpu time : 93610.6 secs   av.it.:  14.8
      thresh= 1.000E-02 alpha_mix =  0.700 |ddv_scf|^2 =  4.227E-07

      iter #   2 total cpu time : 94356.2 secs   av.it.:  33.9
      thresh= 6.502E-05 alpha_mix =  0.700 |ddv_scf|^2 =  2.129E-07

      iter #   3 total cpu time : 95097.9 secs   av.it.:  33.6
      thresh= 4.614E-05 alpha_mix =  0.700 |ddv_scf|^2 =  4.287E-08

      iter #   4 total cpu time : 95834.3 secs   av.it.:  33.0
      thresh= 2.070E-05 alpha_mix =  0.700 |ddv_scf|^2 =  1.505E-09

      iter #   5 total cpu time : 96580.4 secs   av.it.:  34.2
      thresh= 3.879E-06 alpha_mix =  0.700 |ddv_scf|^2 =  1.426E-10

      iter #   6 total cpu time : 97333.5 secs   av.it.:  34.9
      thresh= 1.194E-06 alpha_mix =  0.700 |ddv_scf|^2 =  8.789E-12

      iter #   7 total cpu time : 98104.8 secs   av.it.:  36.8
      thresh= 2.965E-07 alpha_mix =  0.700 |ddv_scf|^2 =  8.818E-13

     End of self-consistent calculation

     Convergence has been achieved 


     Representation #   4 mode #   4

     Self-consistent Calculation

      iter #   1 total cpu time :103570.1 secs   av.it.:  14.4
      thresh= 1.000E-02 alpha_mix =  0.700 |ddv_scf|^2 =  1.200E-07

      iter #   2 total cpu time :104325.5 secs   av.it.:  35.9
      thresh= 3.464E-05 alpha_mix =  0.700 |ddv_scf|^2 =  6.170E-08

      iter #   3 total cpu time :105146.7 secs   av.it.:  36.6
      thresh= 2.484E-05 alpha_mix =  0.700 |ddv_scf|^2 =  1.473E-08

      iter #   4 total cpu time :105922.1 secs   av.it.:  33.8
      thresh= 1.214E-05 alpha_mix =  0.700 |ddv_scf|^2 =  2.055E-09

      iter #   5 total cpu time :106686.5 secs   av.it.:  36.4
      thresh= 4.533E-06 alpha_mix =  0.700 |ddv_scf|^2 =  2.994E-11

      iter #   6 total cpu time :107450.9 secs   av.it.:  36.9
      thresh= 5.472E-07 alpha_mix =  0.700 |ddv_scf|^2 =  7.096E-12

      iter #   7 total cpu time :108212.7 secs   av.it.:  37.2
      thresh= 2.664E-07 alpha_mix =  0.700 |ddv_scf|^2 =  8.375E-13

     End of self-consistent calculation

     Convergence has been achieved 


     Representation #   5 mode #   5

     Self-consistent Calculation

      iter #   1 total cpu time :113772.8 secs   av.it.:  18.9
      thresh= 1.000E-02 alpha_mix =  0.700 |ddv_scf|^2 =  1.303E-06

      iter #   2 total cpu time :114519.6 secs   av.it.:  35.0
      thresh= 1.141E-04 alpha_mix =  0.700 |ddv_scf|^2 =  1.164E-06

      iter #   3 total cpu time :115246.2 secs   av.it.:  33.8
      thresh= 1.079E-04 alpha_mix =  0.700 |ddv_scf|^2 =  2.932E-07

      iter #   4 total cpu time :115994.0 secs   av.it.:  33.6
      thresh= 5.414E-05 alpha_mix =  0.700 |ddv_scf|^2 =  5.471E-09

      iter #   5 total cpu time :116827.8 secs   av.it.:  38.5
      thresh= 7.397E-06 alpha_mix =  0.700 |ddv_scf|^2 =  2.105E-09

      iter #   6 total cpu time :117622.8 secs   av.it.:  37.2
      thresh= 4.588E-06 alpha_mix =  0.700 |ddv_scf|^2 =  1.541E-09

      iter #   7 total cpu time :118357.9 secs   av.it.:  34.2
      thresh= 3.926E-06 alpha_mix =  0.700 |ddv_scf|^2 =  1.753E-10

      iter #   8 total cpu time :119116.4 secs   av.it.:  37.0
      thresh= 1.324E-06 alpha_mix =  0.700 |ddv_scf|^2 =  3.101E-11

      iter #   9 total cpu time :119874.9 secs   av.it.:  36.7
      thresh= 5.569E-07 alpha_mix =  0.700 |ddv_scf|^2 =  1.392E-12

      iter #  10 total cpu time :120683.2 secs   av.it.:  40.2
      thresh= 1.180E-07 alpha_mix =  0.700 |ddv_scf|^2 =  1.460E-12

      iter #  11 total cpu time :121458.4 secs   av.it.:  37.0
      thresh= 1.208E-07 alpha_mix =  0.700 |ddv_scf|^2 =  1.232E-14

     End of self-consistent calculation

     Convergence has been achieved 


     Representation #   6 mode #   6

     Self-consistent Calculation

      iter #   1 total cpu time :127021.3 secs   av.it.:  18.7
      thresh= 1.000E-02 alpha_mix =  0.700 |ddv_scf|^2 =  1.369E-06

      iter #   2 total cpu time :127766.4 secs   av.it.:  34.9
      thresh= 1.170E-04 alpha_mix =  0.700 |ddv_scf|^2 =  1.586E-06

      iter #   3 total cpu time :128483.6 secs   av.it.:  33.2
      thresh= 1.259E-04 alpha_mix =  0.700 |ddv_scf|^2 =  2.793E-07

      iter #   4 total cpu time :129204.4 secs   av.it.:  33.6
      thresh= 5.285E-05 alpha_mix =  0.700 |ddv_scf|^2 =  8.252E-09

      iter #   5 total cpu time :129938.7 secs   av.it.:  34.6
      thresh= 9.084E-06 alpha_mix =  0.700 |ddv_scf|^2 =  1.905E-09

      iter #   6 total cpu time :130670.5 secs   av.it.:  34.2
      thresh= 4.365E-06 alpha_mix =  0.700 |ddv_scf|^2 =  1.098E-09

      iter #   7 total cpu time :131429.3 secs   av.it.:  35.8
      thresh= 3.314E-06 alpha_mix =  0.700 |ddv_scf|^2 =  4.960E-11

      iter #   8 total cpu time :132224.8 secs   av.it.:  39.0
      thresh= 7.043E-07 alpha_mix =  0.700 |ddv_scf|^2 =  6.269E-12

      iter #   9 total cpu time :133014.4 secs   av.it.:  38.2
      thresh= 2.504E-07 alpha_mix =  0.700 |ddv_scf|^2 =  6.711E-13

     End of self-consistent calculation

     Convergence has been achieved 


     Representation #   7 mode #   7

     Self-consistent Calculation

      iter #   1 total cpu time :138403.3 secs   av.it.:  15.2
      thresh= 1.000E-02 alpha_mix =  0.700 |ddv_scf|^2 =  5.328E-07

      iter #   2 total cpu time :139155.2 secs   av.it.:  34.8
      thresh= 7.299E-05 alpha_mix =  0.700 |ddv_scf|^2 =  5.635E-07

      iter #   3 total cpu time :139893.9 secs   av.it.:  33.6
      thresh= 7.507E-05 alpha_mix =  0.700 |ddv_scf|^2 =  5.104E-08

      iter #   4 total cpu time :140627.1 secs   av.it.:  33.2
      thresh= 2.259E-05 alpha_mix =  0.700 |ddv_scf|^2 =  2.997E-09

      iter #   5 total cpu time :141390.4 secs   av.it.:  36.1
      thresh= 5.474E-06 alpha_mix =  0.700 |ddv_scf|^2 =  2.780E-10

      iter #   6 total cpu time :142124.5 secs   av.it.:  33.5
      thresh= 1.667E-06 alpha_mix =  0.700 |ddv_scf|^2 =  3.811E-11

      iter #   7 total cpu time :142897.2 secs   av.it.:  36.8
      thresh= 6.173E-07 alpha_mix =  0.700 |ddv_scf|^2 =  1.321E-12

      iter #   8 total cpu time :143675.8 secs   av.it.:  37.3
      thresh= 1.149E-07 alpha_mix =  0.700 |ddv_scf|^2 =  1.761E-13

     End of self-consistent calculation

     Convergence has been achieved 


     Representation #   8 mode #   8

     Self-consistent Calculation

      iter #   1 total cpu time :149033.6 secs   av.it.:  14.7
      thresh= 1.000E-02 alpha_mix =  0.700 |ddv_scf|^2 =  3.956E-07

      iter #   2 total cpu time :149780.6 secs   av.it.:  34.6
      thresh= 6.290E-05 alpha_mix =  0.700 |ddv_scf|^2 =  3.997E-07

      iter #   3 total cpu time :150510.1 secs   av.it.:  33.2
      thresh= 6.322E-05 alpha_mix =  0.700 |ddv_scf|^2 =  3.789E-08

      iter #   4 total cpu time :151245.1 secs   av.it.:  33.6
      thresh= 1.947E-05 alpha_mix =  0.700 |ddv_scf|^2 =  2.934E-09

      iter #   5 total cpu time :152010.7 secs   av.it.:  36.3
      thresh= 5.417E-06 alpha_mix =  0.700 |ddv_scf|^2 =  1.414E-10

      iter #   6 total cpu time :152777.8 secs   av.it.:  36.5
      thresh= 1.189E-06 alpha_mix =  0.700 |ddv_scf|^2 =  2.372E-11

      iter #   7 total cpu time :153543.4 secs   av.it.:  36.3
      thresh= 4.871E-07 alpha_mix =  0.700 |ddv_scf|^2 =  4.838E-13

     End of self-consistent calculation

     Convergence has been achieved 


     Representation #   9 mode #   9

     Self-consistent Calculation

      iter #   1 total cpu time :158958.7 secs   av.it.:  20.4
      thresh= 1.000E-02 alpha_mix =  0.700 |ddv_scf|^2 =  1.093E-06

      iter #   2 total cpu time :159711.2 secs   av.it.:  35.0
      thresh= 1.045E-04 alpha_mix =  0.700 |ddv_scf|^2 =  6.462E-07

      iter #   3 total cpu time :160456.0 secs   av.it.:  34.2
      thresh= 8.039E-05 alpha_mix =  0.700 |ddv_scf|^2 =  2.867E-07

      iter #   4 total cpu time :161185.8 secs   av.it.:  33.1
      thresh= 5.354E-05 alpha_mix =  0.700 |ddv_scf|^2 =  3.147E-09

      iter #   5 total cpu time :161953.4 secs   av.it.:  36.7
      thresh= 5.610E-06 alpha_mix =  0.700 |ddv_scf|^2 =  1.185E-09

      iter #   6 total cpu time :162744.5 secs   av.it.:  38.6
      thresh= 3.442E-06 alpha_mix =  0.700 |ddv_scf|^2 =  5.755E-10

      iter #   7 total cpu time :163529.3 secs   av.it.:  37.8
      thresh= 2.399E-06 alpha_mix =  0.700 |ddv_scf|^2 =  1.467E-10

      iter #   8 total cpu time :164305.8 secs   av.it.:  37.3
      thresh= 1.211E-06 alpha_mix =  0.700 |ddv_scf|^2 =  2.374E-11

      iter #   9 total cpu time :165080.3 secs   av.it.:  37.0
      thresh= 4.872E-07 alpha_mix =  0.700 |ddv_scf|^2 =  1.224E-13

     End of self-consistent calculation

     Convergence has been achieved 


     Representation #  10 mode #  10

     Self-consistent Calculation

      iter #   1 total cpu time :170459.4 secs   av.it.:  14.5
      thresh= 1.000E-02 alpha_mix =  0.700 |ddv_scf|^2 =  1.939E-07

      iter #   2 total cpu time :171233.8 secs   av.it.:  37.0
      thresh= 4.404E-05 alpha_mix =  0.700 |ddv_scf|^2 =  8.278E-08

      iter #   3 total cpu time :172003.0 secs   av.it.:  36.7
      thresh= 2.877E-05 alpha_mix =  0.700 |ddv_scf|^2 =  6.460E-09

      iter #   4 total cpu time :172779.3 secs   av.it.:  37.4
      thresh= 8.037E-06 alpha_mix =  0.700 |ddv_scf|^2 =  2.677E-09

      iter #   5 total cpu time :173536.6 secs   av.it.:  35.4
      thresh= 5.174E-06 alpha_mix =  0.700 |ddv_scf|^2 =  3.449E-11

      iter #   6 total cpu time :174314.8 secs   av.it.:  37.3
      thresh= 5.873E-07 alpha_mix =  0.700 |ddv_scf|^2 =  2.602E-12

      iter #   7 total cpu time :175100.6 secs   av.it.:  38.3
      thresh= 1.613E-07 alpha_mix =  0.700 |ddv_scf|^2 =  8.715E-13

     End of self-consistent calculation

     Convergence has been achieved 


     Representation #  11 mode #  11

     Self-consistent Calculation

      iter #   1 total cpu time :180502.3 secs   av.it.:  14.6
      thresh= 1.000E-02 alpha_mix =  0.700 |ddv_scf|^2 =  3.371E-07

      iter #   2 total cpu time :181267.1 secs   av.it.:  35.4
      thresh= 5.806E-05 alpha_mix =  0.700 |ddv_scf|^2 =  2.322E-07

      iter #   3 total cpu time :182038.6 secs   av.it.:  36.1
      thresh= 4.819E-05 alpha_mix =  0.700 |ddv_scf|^2 =  4.343E-08

      iter #   4 total cpu time :182770.5 secs   av.it.:  32.9
      thresh= 2.084E-05 alpha_mix =  0.700 |ddv_scf|^2 =  1.564E-09

      iter #   5 total cpu time :183538.3 secs   av.it.:  36.5
      thresh= 3.954E-06 alpha_mix =  0.700 |ddv_scf|^2 =  7.463E-11

      iter #   6 total cpu time :184306.1 secs   av.it.:  36.9
      thresh= 8.639E-07 alpha_mix =  0.700 |ddv_scf|^2 =  7.221E-12

      iter #   7 total cpu time :185080.0 secs   av.it.:  37.5
      thresh= 2.687E-07 alpha_mix =  0.700 |ddv_scf|^2 =  1.720E-12

      iter #   8 total cpu time :185848.3 secs   av.it.:  36.9
      thresh= 1.311E-07 alpha_mix =  0.700 |ddv_scf|^2 =  1.370E-13

     End of self-consistent calculation

     Convergence has been achieved 


     Representation #  12 mode #  12

     Self-consistent Calculation

      iter #   1 total cpu time :191232.0 secs   av.it.:  20.3
      thresh= 1.000E-02 alpha_mix =  0.700 |ddv_scf|^2 =  1.463E-06

      iter #   2 total cpu time :191980.2 secs   av.it.:  35.1
      thresh= 1.210E-04 alpha_mix =  0.700 |ddv_scf|^2 =  1.551E-06

      iter #   3 total cpu time :192716.0 secs   av.it.:  33.7
      thresh= 1.245E-04 alpha_mix =  0.700 |ddv_scf|^2 =  3.909E-07

      iter #   4 total cpu time :193445.4 secs   av.it.:  32.9
      thresh= 6.252E-05 alpha_mix =  0.700 |ddv_scf|^2 =  4.015E-09

      iter #   5 total cpu time :194230.9 secs   av.it.:  38.0
      thresh= 6.336E-06 alpha_mix =  0.700 |ddv_scf|^2 =  1.343E-09

      iter #   6 total cpu time :195021.0 secs   av.it.:  38.5
      thresh= 3.665E-06 alpha_mix =  0.700 |ddv_scf|^2 =  1.172E-09

      iter #   7 total cpu time :195791.5 secs   av.it.:  36.6
      thresh= 3.424E-06 alpha_mix =  0.700 |ddv_scf|^2 =  2.421E-10

      iter #   8 total cpu time :196564.7 secs   av.it.:  36.9
      thresh= 1.556E-06 alpha_mix =  0.700 |ddv_scf|^2 =  4.721E-11

      iter #   9 total cpu time :197331.5 secs   av.it.:  36.2
      thresh= 6.871E-07 alpha_mix =  0.700 |ddv_scf|^2 =  1.680E-12

      iter #  10 total cpu time :198135.8 secs   av.it.:  39.5
      thresh= 1.296E-07 alpha_mix =  0.700 |ddv_scf|^2 =  1.696E-12

      iter #  11 total cpu time :198906.3 secs   av.it.:  36.6
      thresh= 1.302E-07 alpha_mix =  0.700 |ddv_scf|^2 =  2.233E-14

     End of self-consistent calculation

     Convergence has been achieved 


     Representation #  13 mode #  13

     Self-consistent Calculation

      iter #   1 total cpu time :204335.3 secs   av.it.:  18.4
      thresh= 1.000E-02 alpha_mix =  0.700 |ddv_scf|^2 =  4.169E-07

      iter #   2 total cpu time :205094.0 secs   av.it.:  35.6
      thresh= 6.457E-05 alpha_mix =  0.700 |ddv_scf|^2 =  1.145E-07

      iter #   3 total cpu time :205854.9 secs   av.it.:  35.9
      thresh= 3.383E-05 alpha_mix =  0.700 |ddv_scf|^2 =  1.566E-07

      iter #   4 total cpu time :206590.1 secs   av.it.:  33.3
      thresh= 3.958E-05 alpha_mix =  0.700 |ddv_scf|^2 =  2.462E-09

      iter #   5 total cpu time :207373.4 secs   av.it.:  37.7
      thresh= 4.962E-06 alpha_mix =  0.700 |ddv_scf|^2 =  1.355E-09

      iter #   6 total cpu time :208142.1 secs   av.it.:  36.6
      thresh= 3.681E-06 alpha_mix =  0.700 |ddv_scf|^2 =  8.004E-10

      iter #   7 total cpu time :208890.9 secs   av.it.:  34.6
      thresh= 2.829E-06 alpha_mix =  0.700 |ddv_scf|^2 =  1.307E-10

      iter #   8 total cpu time :209670.1 secs   av.it.:  37.4
      thresh= 1.143E-06 alpha_mix =  0.700 |ddv_scf|^2 =  7.844E-12

      iter #   9 total cpu time :210446.3 secs   av.it.:  37.1
      thresh= 2.801E-07 alpha_mix =  0.700 |ddv_scf|^2 =  1.648E-13

     End of self-consistent calculation

     Convergence has been achieved 


     Representation #  14 mode #  14

     Self-consistent Calculation

      iter #   1 total cpu time :215840.7 secs   av.it.:  14.8
      thresh= 1.000E-02 alpha_mix =  0.700 |ddv_scf|^2 =  1.906E-07

      iter #   2 total cpu time :216607.7 secs   av.it.:  36.2
      thresh= 4.365E-05 alpha_mix =  0.700 |ddv_scf|^2 =  1.040E-07

      iter #   3 total cpu time :217379.4 secs   av.it.:  36.6
      thresh= 3.224E-05 alpha_mix =  0.700 |ddv_scf|^2 =  1.405E-08

      iter #   4 total cpu time :218141.1 secs   av.it.:  35.5
      thresh= 1.185E-05 alpha_mix =  0.700 |ddv_scf|^2 =  3.218E-09

      iter #   5 total cpu time :218905.9 secs   av.it.:  36.0
      thresh= 5.673E-06 alpha_mix =  0.700 |ddv_scf|^2 =  6.739E-11

      iter #   6 total cpu time :219681.5 secs   av.it.:  37.2
      thresh= 8.209E-07 alpha_mix =  0.700 |ddv_scf|^2 =  3.446E-12

      iter #   7 total cpu time :220470.1 secs   av.it.:  38.1
      thresh= 1.856E-07 alpha_mix =  0.700 |ddv_scf|^2 =  1.481E-12

      iter #   8 total cpu time :221246.8 secs   av.it.:  36.9
      thresh= 1.217E-07 alpha_mix =  0.700 |ddv_scf|^2 =  1.808E-13

     End of self-consistent calculation

     Convergence has been achieved 


     Representation #  15 mode #  15

     Self-consistent Calculation

      iter #   1 total cpu time :226596.7 secs   av.it.:  14.3
      thresh= 1.000E-02 alpha_mix =  0.700 |ddv_scf|^2 =  7.630E-08

      iter #   2 total cpu time :227349.3 secs   av.it.:  35.0
      thresh= 2.762E-05 alpha_mix =  0.700 |ddv_scf|^2 =  1.093E-08

      iter #   3 total cpu time :228103.7 secs   av.it.:  34.9
      thresh= 1.046E-05 alpha_mix =  0.700 |ddv_scf|^2 =  7.487E-09

      iter #   4 total cpu time :228838.1 secs   av.it.:  33.2
      thresh= 8.653E-06 alpha_mix =  0.700 |ddv_scf|^2 =  5.657E-10

      iter #   5 total cpu time :229574.6 secs   av.it.:  33.2
      thresh= 2.379E-06 alpha_mix =  0.700 |ddv_scf|^2 =  1.182E-11

      iter #   6 total cpu time :230341.6 secs   av.it.:  36.4
      thresh= 3.438E-07 alpha_mix =  0.700 |ddv_scf|^2 =  2.511E-12

      iter #   7 total cpu time :231116.2 secs   av.it.:  36.7
      thresh= 1.585E-07 alpha_mix =  0.700 |ddv_scf|^2 =  5.199E-13

     End of self-consistent calculation

     Convergence has been achieved 


     Representation #  16 mode #  16

     Self-consistent Calculation

      iter #   1 total cpu time :236538.3 secs   av.it.:  19.0
      thresh= 1.000E-02 alpha_mix =  0.700 |ddv_scf|^2 =  3.178E-07

      iter #   2 total cpu time :237298.8 secs   av.it.:  35.9
      thresh= 5.637E-05 alpha_mix =  0.700 |ddv_scf|^2 =  7.879E-09

      iter #   3 total cpu time :238107.0 secs   av.it.:  40.1
      thresh= 8.876E-06 alpha_mix =  0.700 |ddv_scf|^2 =  1.300E-08

      iter #   4 total cpu time :238838.1 secs   av.it.:  33.6
      thresh= 1.140E-05 alpha_mix =  0.700 |ddv_scf|^2 =  1.775E-09

      iter #   5 total cpu time :239615.6 secs   av.it.:  38.1
      thresh= 4.213E-06 alpha_mix =  0.700 |ddv_scf|^2 =  3.390E-10

      iter #   6 total cpu time :240413.0 secs   av.it.:  39.2
      thresh= 1.841E-06 alpha_mix =  0.700 |ddv_scf|^2 =  1.840E-10

      iter #   7 total cpu time :241168.1 secs   av.it.:  35.2
      thresh= 1.356E-06 alpha_mix =  0.700 |ddv_scf|^2 =  4.963E-11

      iter #   8 total cpu time :241929.6 secs   av.it.:  35.7
      thresh= 7.045E-07 alpha_mix =  0.700 |ddv_scf|^2 =  7.514E-13

     End of self-consistent calculation

     Convergence has been achieved 


     Representation #  17 mode #  17

     Self-consistent Calculation

      iter #   1 total cpu time :247344.0 secs   av.it.:  15.0
      thresh= 1.000E-02 alpha_mix =  0.700 |ddv_scf|^2 =  3.927E-07

      iter #   2 total cpu time :248102.8 secs   av.it.:  35.9
      thresh= 6.266E-05 alpha_mix =  0.700 |ddv_scf|^2 =  3.605E-07

      iter #   3 total cpu time :248856.1 secs   av.it.:  35.1
      thresh= 6.004E-05 alpha_mix =  0.700 |ddv_scf|^2 =  2.291E-08

      iter #   4 total cpu time :249595.5 secs   av.it.:  33.8
      thresh= 1.513E-05 alpha_mix =  0.700 |ddv_scf|^2 =  2.189E-09

      iter #   5 total cpu time :250369.8 secs   av.it.:  36.8
      thresh= 4.679E-06 alpha_mix =  0.700 |ddv_scf|^2 =  3.585E-11

      iter #   6 total cpu time :251155.7 secs   av.it.:  38.2
      thresh= 5.987E-07 alpha_mix =  0.700 |ddv_scf|^2 =  8.466E-12

      iter #   7 total cpu time :251932.7 secs   av.it.:  37.1
      thresh= 2.910E-07 alpha_mix =  0.700 |ddv_scf|^2 =  2.240E-13

     End of self-consistent calculation

     Convergence has been achieved 


     Representation #  18 mode #  18

     Self-consistent Calculation

      iter #   1 total cpu time :257308.1 secs   av.it.:  14.5
      thresh= 1.000E-02 alpha_mix =  0.700 |ddv_scf|^2 =  1.379E-07

      iter #   2 total cpu time :258067.9 secs   av.it.:  35.3
      thresh= 3.713E-05 alpha_mix =  0.700 |ddv_scf|^2 =  9.280E-08

      iter #   3 total cpu time :258822.3 secs   av.it.:  35.2
      thresh= 3.046E-05 alpha_mix =  0.700 |ddv_scf|^2 =  1.318E-08

      iter #   4 total cpu time :259563.6 secs   av.it.:  33.8
      thresh= 1.148E-05 alpha_mix =  0.700 |ddv_scf|^2 =  2.691E-09

      iter #   5 total cpu time :260331.3 secs   av.it.:  36.3
      thresh= 5.188E-06 alpha_mix =  0.700 |ddv_scf|^2 =  2.495E-11

      iter #   6 total cpu time :261115.4 secs   av.it.:  37.7
      thresh= 4.995E-07 alpha_mix =  0.700 |ddv_scf|^2 =  7.457E-12

      iter #   7 total cpu time :261893.9 secs   av.it.:  37.2
      thresh= 2.731E-07 alpha_mix =  0.700 |ddv_scf|^2 =  3.471E-13

     End of self-consistent calculation

     Convergence has been achieved 


     Representation #  19 mode #  19

     Self-consistent Calculation

      iter #   1 total cpu time :267338.1 secs   av.it.:  19.7
      thresh= 1.000E-02 alpha_mix =  0.700 |ddv_scf|^2 =  5.397E-07

      iter #   2 total cpu time :268108.7 secs   av.it.:  36.0
      thresh= 7.347E-05 alpha_mix =  0.700 |ddv_scf|^2 =  1.927E-07

      iter #   3 total cpu time :268891.9 secs   av.it.:  36.9
      thresh= 4.390E-05 alpha_mix =  0.700 |ddv_scf|^2 =  1.957E-07

      iter #   4 total cpu time :269627.0 secs   av.it.:  32.7
      thresh= 4.424E-05 alpha_mix =  0.700 |ddv_scf|^2 =  4.425E-09

      iter #   5 total cpu time :270407.2 secs   av.it.:  37.6
      thresh= 6.652E-06 alpha_mix =  0.700 |ddv_scf|^2 =  1.834E-09

      iter #   6 total cpu time :271190.9 secs   av.it.:  37.9
      thresh= 4.283E-06 alpha_mix =  0.700 |ddv_scf|^2 =  1.881E-09

      iter #   7 total cpu time :271939.4 secs   av.it.:  34.7
      thresh= 4.337E-06 alpha_mix =  0.700 |ddv_scf|^2 =  9.650E-11

      iter #   8 total cpu time :272720.7 secs   av.it.:  38.2
      thresh= 9.823E-07 alpha_mix =  0.700 |ddv_scf|^2 =  3.796E-11

      iter #   9 total cpu time :273482.2 secs   av.it.:  36.2
      thresh= 6.161E-07 alpha_mix =  0.700 |ddv_scf|^2 =  2.305E-12

      iter #  10 total cpu time :274255.6 secs   av.it.:  36.7
      thresh= 1.518E-07 alpha_mix =  0.700 |ddv_scf|^2 =  3.597E-13

     End of self-consistent calculation

     Convergence has been achieved 


     Representation #  20 mode #  20

     Self-consistent Calculation

      iter #   1 total cpu time :279642.5 secs   av.it.:  14.4
      thresh= 1.000E-02 alpha_mix =  0.700 |ddv_scf|^2 =  1.892E-07

      iter #   2 total cpu time :280394.0 secs   av.it.:  34.8
      thresh= 4.350E-05 alpha_mix =  0.700 |ddv_scf|^2 =  1.567E-07

      iter #   3 total cpu time :281131.8 secs   av.it.:  33.5
      thresh= 3.958E-05 alpha_mix =  0.700 |ddv_scf|^2 =  1.973E-08

      iter #   4 total cpu time :281871.7 secs   av.it.:  33.6
      thresh= 1.405E-05 alpha_mix =  0.700 |ddv_scf|^2 =  2.856E-09

      iter #   5 total cpu time :282642.9 secs   av.it.:  36.4
      thresh= 5.344E-06 alpha_mix =  0.700 |ddv_scf|^2 =  6.112E-11

      iter #   6 total cpu time :283414.4 secs   av.it.:  36.6
      thresh= 7.818E-07 alpha_mix =  0.700 |ddv_scf|^2 =  5.268E-12

      iter #   7 total cpu time :284203.0 secs   av.it.:  38.1
      thresh= 2.295E-07 alpha_mix =  0.700 |ddv_scf|^2 =  3.511E-13

     End of self-consistent calculation

     Convergence has been achieved 


     Representation #  21 mode #  21

     Self-consistent Calculation

      iter #   1 total cpu time :289628.8 secs   av.it.:  18.2
      thresh= 1.000E-02 alpha_mix =  0.700 |ddv_scf|^2 =  6.945E-07

      iter #   2 total cpu time :290385.6 secs   av.it.:  35.1
      thresh= 8.333E-05 alpha_mix =  0.700 |ddv_scf|^2 =  3.749E-07

      iter #   3 total cpu time :291142.6 secs   av.it.:  35.3
      thresh= 6.123E-05 alpha_mix =  0.700 |ddv_scf|^2 =  2.474E-07

      iter #   4 total cpu time :291878.9 secs   av.it.:  33.3
      thresh= 4.974E-05 alpha_mix =  0.700 |ddv_scf|^2 =  3.586E-09

      iter #   5 total cpu time :292670.6 secs   av.it.:  38.7
      thresh= 5.988E-06 alpha_mix =  0.700 |ddv_scf|^2 =  3.226E-09

      iter #   6 total cpu time :293430.0 secs   av.it.:  35.6
      thresh= 5.680E-06 alpha_mix =  0.700 |ddv_scf|^2 =  1.936E-09

      iter #   7 total cpu time :294174.9 secs   av.it.:  34.5
      thresh= 4.400E-06 alpha_mix =  0.700 |ddv_scf|^2 =  9.790E-11

      iter #   8 total cpu time :294962.0 secs   av.it.:  38.1
      thresh= 9.894E-07 alpha_mix =  0.700 |ddv_scf|^2 =  4.941E-11

      iter #   9 total cpu time :295715.3 secs   av.it.:  35.2
      thresh= 7.029E-07 alpha_mix =  0.700 |ddv_scf|^2 =  7.362E-13

     End of self-consistent calculation

     Convergence has been achieved 


     Representation #  22 mode #  22

     Self-consistent Calculation

      iter #   1 total cpu time :301163.0 secs   av.it.:  20.0
      thresh= 1.000E-02 alpha_mix =  0.700 |ddv_scf|^2 =  6.545E-07

      iter #   2 total cpu time :301919.1 secs   av.it.:  35.8
      thresh= 8.090E-05 alpha_mix =  0.700 |ddv_scf|^2 =  4.222E-07

      iter #   3 total cpu time :302662.4 secs   av.it.:  34.8
      thresh= 6.497E-05 alpha_mix =  0.700 |ddv_scf|^2 =  2.259E-07

      iter #   4 total cpu time :303392.1 secs   av.it.:  33.4
      thresh= 4.753E-05 alpha_mix =  0.700 |ddv_scf|^2 =  3.509E-09

      iter #   5 total cpu time :304170.2 secs   av.it.:  37.8
      thresh= 5.923E-06 alpha_mix =  0.700 |ddv_scf|^2 =  1.923E-09

      iter #   6 total cpu time :304938.5 secs   av.it.:  36.7
      thresh= 4.385E-06 alpha_mix =  0.700 |ddv_scf|^2 =  1.462E-09

      iter #   7 total cpu time :305692.8 secs   av.it.:  35.2
      thresh= 3.823E-06 alpha_mix =  0.700 |ddv_scf|^2 =  6.347E-11

      iter #   8 total cpu time :306488.8 secs   av.it.:  39.0
      thresh= 7.967E-07 alpha_mix =  0.700 |ddv_scf|^2 =  3.904E-11

      iter #   9 total cpu time :307231.2 secs   av.it.:  34.3
      thresh= 6.248E-07 alpha_mix =  0.700 |ddv_scf|^2 =  1.701E-12

      iter #  10 total cpu time :308027.0 secs   av.it.:  39.0
      thresh= 1.304E-07 alpha_mix =  0.700 |ddv_scf|^2 =  4.463E-13

     End of self-consistent calculation

     Convergence has been achieved 


     Representation #  23 mode #  23

     Self-consistent Calculation

      iter #   1 total cpu time :313420.5 secs   av.it.:  14.5
      thresh= 1.000E-02 alpha_mix =  0.700 |ddv_scf|^2 =  2.224E-07

      iter #   2 total cpu time :314171.5 secs   av.it.:  35.1
      thresh= 4.716E-05 alpha_mix =  0.700 |ddv_scf|^2 =  2.077E-07

      iter #   3 total cpu time :314911.9 secs   av.it.:  34.2
      thresh= 4.557E-05 alpha_mix =  0.700 |ddv_scf|^2 =  2.458E-08

      iter #   4 total cpu time :315649.2 secs   av.it.:  33.5
      thresh= 1.568E-05 alpha_mix =  0.700 |ddv_scf|^2 =  2.416E-09

      iter #   5 total cpu time :316412.3 secs   av.it.:  36.2
      thresh= 4.915E-06 alpha_mix =  0.700 |ddv_scf|^2 =  2.511E-11

      iter #   6 total cpu time :317194.7 secs   av.it.:  37.9
      thresh= 5.011E-07 alpha_mix =  0.700 |ddv_scf|^2 =  4.081E-12

      iter #   7 total cpu time :317961.8 secs   av.it.:  36.6
      thresh= 2.020E-07 alpha_mix =  0.700 |ddv_scf|^2 =  5.420E-13

     End of self-consistent calculation

     Convergence has been achieved 


     Representation #  24 mode #  24

     Self-consistent Calculation

      iter #   1 total cpu time :323328.7 secs   av.it.:  15.0
      thresh= 1.000E-02 alpha_mix =  0.700 |ddv_scf|^2 =  4.966E-07

      iter #   2 total cpu time :324080.7 secs   av.it.:  35.0
      thresh= 7.047E-05 alpha_mix =  0.700 |ddv_scf|^2 =  4.912E-07

      iter #   3 total cpu time :324825.2 secs   av.it.:  34.3
      thresh= 7.008E-05 alpha_mix =  0.700 |ddv_scf|^2 =  3.188E-08

      iter #   4 total cpu time :325558.5 secs   av.it.:  33.5
      thresh= 1.785E-05 alpha_mix =  0.700 |ddv_scf|^2 =  2.972E-09

      iter #   5 total cpu time :326324.0 secs   av.it.:  36.5
      thresh= 5.452E-06 alpha_mix =  0.700 |ddv_scf|^2 =  8.826E-11

      iter #   6 total cpu time :327094.9 secs   av.it.:  36.9
      thresh= 9.395E-07 alpha_mix =  0.700 |ddv_scf|^2 =  1.069E-11

      iter #   7 total cpu time :327878.2 secs   av.it.:  37.9
      thresh= 3.269E-07 alpha_mix =  0.700 |ddv_scf|^2 =  4.704E-13

     End of self-consistent calculation

     Convergence has been achieved 


     Representation #  25 mode #  25

     Self-consistent Calculation

      iter #   1 total cpu time :333287.2 secs   av.it.:  18.2
      thresh= 1.000E-02 alpha_mix =  0.700 |ddv_scf|^2 =  6.456E-07

      iter #   2 total cpu time :334040.8 secs   av.it.:  35.1
      thresh= 8.035E-05 alpha_mix =  0.700 |ddv_scf|^2 =  3.897E-07

      iter #   3 total cpu time :334784.3 secs   av.it.:  34.4
      thresh= 6.242E-05 alpha_mix =  0.700 |ddv_scf|^2 =  1.529E-07

      iter #   4 total cpu time :335519.7 secs   av.it.:  33.7
      thresh= 3.910E-05 alpha_mix =  0.700 |ddv_scf|^2 =  7.449E-09

      iter #   5 total cpu time :336303.0 secs   av.it.:  37.9
      thresh= 8.631E-06 alpha_mix =  0.700 |ddv_scf|^2 =  1.969E-09

      iter #   6 total cpu time :337077.0 secs   av.it.:  37.0
      thresh= 4.437E-06 alpha_mix =  0.700 |ddv_scf|^2 =  1.392E-09

      iter #   7 total cpu time :337826.6 secs   av.it.:  35.0
      thresh= 3.731E-06 alpha_mix =  0.700 |ddv_scf|^2 =  5.741E-11

      iter #   8 total cpu time :338623.5 secs   av.it.:  39.2
      thresh= 7.577E-07 alpha_mix =  0.700 |ddv_scf|^2 =  4.461E-11

      iter #   9 total cpu time :339383.9 secs   av.it.:  35.9
      thresh= 6.679E-07 alpha_mix =  0.700 |ddv_scf|^2 =  1.754E-12

      iter #  10 total cpu time :340180.0 secs   av.it.:  39.1
      thresh= 1.324E-07 alpha_mix =  0.700 |ddv_scf|^2 =  7.958E-13

     End of self-consistent calculation

     Convergence has been achieved 


     Representation #  26 mode #  26

     Self-consistent Calculation

      iter #   1 total cpu time :345564.7 secs   av.it.:  14.6
      thresh= 1.000E-02 alpha_mix =  0.700 |ddv_scf|^2 =  3.000E-07

      iter #   2 total cpu time :346329.1 secs   av.it.:  36.3
      thresh= 5.477E-05 alpha_mix =  0.700 |ddv_scf|^2 =  1.978E-07

      iter #   3 total cpu time :347092.2 secs   av.it.:  35.9
      thresh= 4.448E-05 alpha_mix =  0.700 |ddv_scf|^2 =  9.114E-09

      iter #   4 total cpu time :347861.7 secs   av.it.:  36.5
      thresh= 9.547E-06 alpha_mix =  0.700 |ddv_scf|^2 =  2.567E-09

      iter #   5 total cpu time :348634.3 secs   av.it.:  36.8
      thresh= 5.067E-06 alpha_mix =  0.700 |ddv_scf|^2 =  4.209E-11

      iter #   6 total cpu time :349414.0 secs   av.it.:  37.6
      thresh= 6.488E-07 alpha_mix =  0.700 |ddv_scf|^2 =  8.644E-12

      iter #   7 total cpu time :350204.6 secs   av.it.:  37.7
      thresh= 2.940E-07 alpha_mix =  0.700 |ddv_scf|^2 =  7.795E-13

     End of self-consistent calculation

     Convergence has been achieved 


     Representation #  27 mode #  27

     Self-consistent Calculation

      iter #   1 total cpu time :355633.3 secs   av.it.:  14.5
      thresh= 1.000E-02 alpha_mix =  0.700 |ddv_scf|^2 =  1.270E-07

      iter #   2 total cpu time :356406.4 secs   av.it.:  36.2
      thresh= 3.564E-05 alpha_mix =  0.700 |ddv_scf|^2 =  6.499E-08

      iter #   3 total cpu time :357170.1 secs   av.it.:  36.3
      thresh= 2.549E-05 alpha_mix =  0.700 |ddv_scf|^2 =  7.631E-09

      iter #   4 total cpu time :357919.4 secs   av.it.:  34.8
      thresh= 8.736E-06 alpha_mix =  0.700 |ddv_scf|^2 =  1.927E-09

      iter #   5 total cpu time :358684.6 secs   av.it.:  36.4
      thresh= 4.390E-06 alpha_mix =  0.700 |ddv_scf|^2 =  1.101E-11

      iter #   6 total cpu time :359475.5 secs   av.it.:  38.8
      thresh= 3.318E-07 alpha_mix =  0.700 |ddv_scf|^2 =  4.870E-12

      iter #   7 total cpu time :360249.5 secs   av.it.:  37.1
      thresh= 2.207E-07 alpha_mix =  0.700 |ddv_scf|^2 =  2.635E-13

     End of self-consistent calculation

     Convergence has been achieved 


     Representation #  28 mode #  28

     Self-consistent Calculation

      iter #   1 total cpu time :365604.1 secs   av.it.:  14.6
      thresh= 1.000E-02 alpha_mix =  0.700 |ddv_scf|^2 =  9.030E-08

      iter #   2 total cpu time :366357.8 secs   av.it.:  35.2
      thresh= 3.005E-05 alpha_mix =  0.700 |ddv_scf|^2 =  2.825E-08

      iter #   3 total cpu time :367123.8 secs   av.it.:  36.3
      thresh= 1.681E-05 alpha_mix =  0.700 |ddv_scf|^2 =  1.133E-08

      iter #   4 total cpu time :367854.2 secs   av.it.:  33.4
      thresh= 1.064E-05 alpha_mix =  0.700 |ddv_scf|^2 =  1.132E-09

      iter #   5 total cpu time :368616.0 secs   av.it.:  36.1
      thresh= 3.365E-06 alpha_mix =  0.700 |ddv_scf|^2 =  7.254E-12

      iter #   6 total cpu time :369409.2 secs   av.it.:  38.9
      thresh= 2.693E-07 alpha_mix =  0.700 |ddv_scf|^2 =  6.723E-12

      iter #   7 total cpu time :370148.6 secs   av.it.:  34.1
      thresh= 2.593E-07 alpha_mix =  0.700 |ddv_scf|^2 =  1.563E-13

     End of self-consistent calculation

     Convergence has been achieved 


     Representation #  29 mode #  29

     Self-consistent Calculation

      iter #   1 total cpu time :375515.5 secs   av.it.:  14.6
      thresh= 1.000E-02 alpha_mix =  0.700 |ddv_scf|^2 =  1.419E-07

      iter #   2 total cpu time :376274.3 secs   av.it.:  35.9
      thresh= 3.767E-05 alpha_mix =  0.700 |ddv_scf|^2 =  9.633E-08

      iter #   3 total cpu time :377036.8 secs   av.it.:  35.5
      thresh= 3.104E-05 alpha_mix =  0.700 |ddv_scf|^2 =  1.129E-08

      iter #   4 total cpu time :377775.0 secs   av.it.:  33.9
      thresh= 1.062E-05 alpha_mix =  0.700 |ddv_scf|^2 =  2.071E-09

      iter #   5 total cpu time :378541.7 secs   av.it.:  36.6
      thresh= 4.550E-06 alpha_mix =  0.700 |ddv_scf|^2 =  1.249E-11

      iter #   6 total cpu time :379335.5 secs   av.it.:  38.7
      thresh= 3.534E-07 alpha_mix =  0.700 |ddv_scf|^2 =  5.130E-12

      iter #   7 total cpu time :380109.2 secs   av.it.:  37.0
      thresh= 2.265E-07 alpha_mix =  0.700 |ddv_scf|^2 =  2.940E-13

     End of self-consistent calculation

     Convergence has been achieved 


     Representation #  30 mode #  30

     Self-consistent Calculation

      iter #   1 total cpu time :385500.5 secs   av.it.:  17.9
      thresh= 1.000E-02 alpha_mix =  0.700 |ddv_scf|^2 =  3.053E-07

      iter #   2 total cpu time :386250.8 secs   av.it.:  35.0
      thresh= 5.526E-05 alpha_mix =  0.700 |ddv_scf|^2 =  7.725E-09

      iter #   3 total cpu time :387052.7 secs   av.it.:  39.7
      thresh= 8.789E-06 alpha_mix =  0.700 |ddv_scf|^2 =  1.131E-08

      iter #   4 total cpu time :387790.1 secs   av.it.:  33.8
      thresh= 1.063E-05 alpha_mix =  0.700 |ddv_scf|^2 =  1.911E-09

      iter #   5 total cpu time :388560.3 secs   av.it.:  36.7
      thresh= 4.371E-06 alpha_mix =  0.700 |ddv_scf|^2 =  2.374E-10

      iter #   6 total cpu time :389335.4 secs   av.it.:  37.3
      thresh= 1.541E-06 alpha_mix =  0.700 |ddv_scf|^2 =  1.347E-10

      iter #   7 total cpu time :390063.3 secs   av.it.:  33.1
      thresh= 1.160E-06 alpha_mix =  0.700 |ddv_scf|^2 =  1.004E-11

      iter #   8 total cpu time :390833.9 secs   av.it.:  36.9
      thresh= 3.168E-07 alpha_mix =  0.700 |ddv_scf|^2 =  3.180E-13

     End of self-consistent calculation

     Convergence has been achieved 

     Number of q in the star =    1
     List of q in the star:
          1   0.000000000   0.000000000   0.000000000

          Dielectric constant in cartesian axis 

          (       4.709462821      -0.020945991       0.036968676 )
          (      -0.020945979       4.788881571       0.009152658 )
          (       0.036970752       0.009153175       4.910684553 )

          Effective charges (d Force / dE) in cartesian axis without acoustic sum rule applied (asr)

           atom      1   Ga Mean Z*:        3.37974
      Ex  (        3.35364       -0.05889       -0.45019 )
      Ey  (       -0.05889        3.57691       -0.11146 )
      Ez  (       -0.17767       -0.04399        3.20866 )
           atom      2   Ga Mean Z*:        3.37974
      Ex  (        3.35364       -0.05889       -0.45019 )
      Ey  (       -0.05889        3.57691       -0.11146 )
      Ez  (       -0.17767       -0.04399        3.20866 )
           atom      3   Ga Mean Z*:        2.98787
      Ex  (        2.80386       -0.04830        0.36808 )
      Ey  (       -0.04830        2.98699        0.09113 )
      Ez  (        0.14257        0.03530        3.17276 )
           atom      4   Ga Mean Z*:        2.98787
      Ex  (        2.80386       -0.04830        0.36808 )
      Ey  (       -0.04830        2.98699        0.09113 )
      Ez  (        0.14257        0.03530        3.17276 )
           atom      5   O  Mean Z*:       -2.03974
      Ex  (       -2.39096        0.00219        0.23962 )
      Ey  (        0.00219       -2.39927        0.05932 )
      Ez  (        0.28964        0.07171       -1.32899 )
           atom      6   O  Mean Z*:       -2.03974
      Ex  (       -2.39096        0.00219        0.23962 )
      Ey  (        0.00219       -2.39927        0.05932 )
      Ez  (        0.28964        0.07171       -1.32899 )
           atom      7   O  Mean Z*:       -2.26534
      Ex  (       -2.31891       -0.07450       -0.21620 )
      Ey  (       -0.07450       -2.03643       -0.05353 )
      Ez  (       -0.28599       -0.07081       -2.44067 )
           atom      8   O  Mean Z*:       -2.26534
      Ex  (       -2.31891       -0.07450       -0.21620 )
      Ey  (       -0.07450       -2.03643       -0.05353 )
      Ez  (       -0.28599       -0.07081       -2.44067 )
           atom      9   O  Mean Z*:       -2.07991
      Ex  (       -1.46632        0.17948        0.05656 )
      Ey  (        0.17948       -2.14681        0.01400 )
      Ez  (        0.03152        0.00781       -2.62661 )
           atom     10   O  Mean Z*:       -2.07991
      Ex  (       -1.46632        0.17948        0.05656 )
      Ey  (        0.17948       -2.14681        0.01400 )
      Ez  (        0.03152        0.00781       -2.62661 )

          Effective charges Sum: Mean:       -0.03477
             -0.03739       -0.00004        0.00015
             -0.00004       -0.03722        0.00004
             -0.00424       -0.00105       -0.02970

          Effective charges (d Force / dE) in cartesian axis with asr applied: 
           atom      1   Ga Mean Z*:        3.38321
      E*x (        3.35738       -0.05888       -0.44976 )
      E*y (       -0.05888        3.58063       -0.11135 )
      E*z (       -0.17769       -0.04399        3.21163 )
           atom      2   Ga Mean Z*:        3.38321
      E*x (        3.35738       -0.05888       -0.44976 )
      E*y (       -0.05888        3.58063       -0.11135 )
      E*z (       -0.17769       -0.04399        3.21163 )
           atom      3   Ga Mean Z*:        2.99134
      E*x (        2.80760       -0.04829        0.36851 )
      E*y (       -0.04829        2.99071        0.09123 )
      E*z (        0.14256        0.03529        3.17573 )
           atom      4   Ga Mean Z*:        2.99134
      E*x (        2.80760       -0.04829        0.36851 )
      E*y (       -0.04829        2.99071        0.09123 )
      E*z (        0.14256        0.03529        3.17573 )
           atom      5   O  Mean Z*:       -2.03626
      E*x (       -2.38722        0.00220        0.24004 )
      E*y (        0.00220       -2.39555        0.05943 )
      E*z (        0.28963        0.07171       -1.32602 )
           atom      6   O  Mean Z*:       -2.03626
      E*x (       -2.38722        0.00220        0.24004 )
      E*y (        0.00220       -2.39555        0.05943 )
      E*z (        0.28963        0.07171       -1.32602 )
           atom      7   O  Mean Z*:       -2.26186
      E*x (       -2.31518       -0.07450       -0.21577 )
      E*y (       -0.07450       -2.03271       -0.05342 )
      E*z (       -0.28601       -0.07081       -2.43770 )
           atom      8   O  Mean Z*:       -2.26186
      E*x (       -2.31518       -0.07450       -0.21577 )
      E*y (       -0.07450       -2.03271       -0.05342 )
      E*z (       -0.28601       -0.07081       -2.43770 )
           atom      9   O  Mean Z*:       -2.07644
      E*x (       -1.46258        0.17948        0.05699 )
      E*y (        0.17948       -2.14309        0.01411 )
      E*z (        0.03151        0.00780       -2.62364 )
           atom     10   O  Mean Z*:       -2.07644
      E*x (       -1.46258        0.17948        0.05699 )
      E*y (        0.17948       -2.14309        0.01411 )
      E*z (        0.03151        0.00780       -2.62364 )

          Effective charges (d P / du) in cartesian axis 

           atom      1   Ga 
      Px  (        3.37466       -0.05260       -0.44655 )
      Py  (       -0.05452        3.58116       -0.11078 )
      Pz  (       -0.17561       -0.04485        3.21005 )
           atom      2   Ga 
      Px  (        3.37466       -0.05260       -0.44655 )
      Py  (       -0.05452        3.58116       -0.11078 )
      Pz  (       -0.17561       -0.04485        3.21005 )
           atom      3   Ga 
      Px  (        2.79376       -0.04726        0.36273 )
      Py  (       -0.05024        2.98541        0.08977 )
      Pz  (        0.13819        0.03468        3.17116 )
           atom      4   Ga 
      Px  (        2.79376       -0.04726        0.36273 )
      Py  (       -0.05024        2.98541        0.08977 )
      Pz  (        0.13819        0.03468        3.17116 )
           atom      5   O  
      Px  (       -2.41877       -0.00502        0.24685 )
      Py  (       -0.00451       -2.40187        0.06110 )
      Pz  (        0.28018        0.06948       -1.33075 )
           atom      6   O  
      Px  (       -2.41877       -0.00502        0.24685 )
      Py  (       -0.00451       -2.40187        0.06110 )
      Pz  (        0.28018        0.06948       -1.33075 )
           atom      7   O  
      Px  (       -2.29720       -0.06906       -0.21546 )
      Py  (       -0.06901       -2.03543       -0.05349 )
      Pz  (       -0.28065       -0.06971       -2.43665 )
           atom      8   O  
      Px  (       -2.29720       -0.06906       -0.21546 )
      Py  (       -0.06901       -2.03543       -0.05349 )
      Pz  (       -0.28065       -0.06971       -2.43665 )
           atom      9   O  
      Px  (       -1.45718        0.18112        0.05312 )
      Py  (        0.18119       -2.14415        0.01296 )
      Pz  (        0.03556        0.00806       -2.63259 )
           atom     10   O  
      Px  (       -1.45718        0.18112        0.05312 )
      Py  (        0.18119       -2.14415        0.01296 )
      Pz  (        0.03556        0.00806       -2.63259 )

     Diagonalizing the dynamical matrix

     q = (    0.000000000   0.000000000   0.000000000 ) 

 **************************************************************************
     freq (    1) =      -2.215452 [THz] =     -73.899536 [cm-1]
     freq (    2) =      -1.183180 [THz] =     -39.466623 [cm-1]
     freq (    3) =      -0.747325 [THz] =     -24.928082 [cm-1]
     freq (    4) =       1.406441 [THz] =      46.913818 [cm-1]
     freq (    5) =       1.883063 [THz] =      62.812209 [cm-1]
     freq (    6) =       2.136185 [THz] =      71.255476 [cm-1]
     freq (    7) =       2.627444 [THz] =      87.642084 [cm-1]
     freq (    8) =       4.419430 [THz] =     147.416312 [cm-1]
     freq (    9) =       4.990625 [THz] =     166.469332 [cm-1]
     freq (   10) =       5.912809 [THz] =     197.230081 [cm-1]
     freq (   11) =       6.628598 [THz] =     221.106215 [cm-1]
     freq (   12) =       7.249236 [THz] =     241.808485 [cm-1]
     freq (   13) =       7.258703 [THz] =     242.124268 [cm-1]
     freq (   14) =       7.514226 [THz] =     250.647616 [cm-1]
     freq (   15) =       8.128109 [THz] =     271.124542 [cm-1]
     freq (   16) =       8.607319 [THz] =     287.109253 [cm-1]
     freq (   17) =       9.043912 [THz] =     301.672443 [cm-1]
     freq (   18) =       9.263325 [THz] =     308.991276 [cm-1]
     freq (   19) =       9.576825 [THz] =     319.448490 [cm-1]
     freq (   20) =      10.641386 [THz] =     354.958436 [cm-1]
     freq (   21) =      10.713357 [THz] =     357.359132 [cm-1]
     freq (   22) =      11.602816 [THz] =     387.028279 [cm-1]
     freq (   23) =      11.826654 [THz] =     394.494708 [cm-1]
     freq (   24) =      13.915976 [THz] =     464.186994 [cm-1]
     freq (   25) =      14.137258 [THz] =     471.568158 [cm-1]
     freq (   26) =      14.522432 [THz] =     484.416178 [cm-1]
     freq (   27) =      14.880321 [THz] =     496.354078 [cm-1]
     freq (   28) =      15.935479 [THz] =     531.550353 [cm-1]
     freq (   29) =      17.169823 [THz] =     572.723656 [cm-1]
     freq (   30) =      17.758780 [THz] =     592.369133 [cm-1]
 **************************************************************************

     Mode symmetry, C_i (-1)    point group:

     freq (   1-   1) =        -73.9  [cm-1]   --> A_u             I  
     freq (   2-   2) =        -39.5  [cm-1]   --> A_g             R  
     freq (   3-   3) =        -24.9  [cm-1]   --> A_u             I  
     freq (   4-   4) =         46.9  [cm-1]   --> A_g             R  
     freq (   5-   5) =         62.8  [cm-1]   --> A_g             R  
     freq (   6-   6) =         71.3  [cm-1]   --> A_u             I  
     freq (   7-   7) =         87.6  [cm-1]   --> A_u             I  
     freq (   8-   8) =        147.4  [cm-1]   --> A_g             R  
     freq (   9-   9) =        166.5  [cm-1]   --> A_g             R  
     freq (  10-  10) =        197.2  [cm-1]   --> A_u             I  
     freq (  11-  11) =        221.1  [cm-1]   --> A_u             I  
     freq (  12-  12) =        241.8  [cm-1]   --> A_u             I  
     freq (  13-  13) =        242.1  [cm-1]   --> A_g             R  
     freq (  14-  14) =        250.6  [cm-1]   --> A_u             I  
     freq (  15-  15) =        271.1  [cm-1]   --> A_g             R  
     freq (  16-  16) =        287.1  [cm-1]   --> A_g             R  
     freq (  17-  17) =        301.7  [cm-1]   --> A_u             I  
     freq (  18-  18) =        309.0  [cm-1]   --> A_u             I  
     freq (  19-  19) =        319.4  [cm-1]   --> A_u             I  
     freq (  20-  20) =        355.0  [cm-1]   --> A_g             R  
     freq (  21-  21) =        357.4  [cm-1]   --> A_g             R  
     freq (  22-  22) =        387.0  [cm-1]   --> A_g             R  
     freq (  23-  23) =        394.5  [cm-1]   --> A_u             I  
     freq (  24-  24) =        464.2  [cm-1]   --> A_g             R  
     freq (  25-  25) =        471.6  [cm-1]   --> A_g             R  
     freq (  26-  26) =        484.4  [cm-1]   --> A_u             I  
     freq (  27-  27) =        496.4  [cm-1]   --> A_g             R  
     freq (  28-  28) =        531.6  [cm-1]   --> A_u             I  
     freq (  29-  29) =        572.7  [cm-1]   --> A_u             I  
     freq (  30-  30) =        592.4  [cm-1]   --> A_g             R  

     Calculation of q =   -0.0010456  -0.0002589  -0.5622005

     Subspace diagonalization in iterative solution of the eigenvalue problem:
     one sub-group per band group will be used
     scalapack distributed-memory algorithm (size of sub-group:  6*  6 procs)


     Parallelization info
     --------------------
     sticks:   dense  smooth     PW     G-vecs:    dense   smooth      PW
     Min          99      49     15                 5907     2087     367
     Max         100      50     16                 5911     2092     373
     Sum        3769    1889    583               224509    79403   14027

     Using Slab Decomposition


     Title: 
     Ga2O3 phonon grid                                                          


     bravais-lattice index     =            0
     lattice parameter (alat)  =      12.5163  a.u.
     unit-cell volume          =     820.9989 (a.u.)^3
     number of atoms/cell      =           10
     number of atomic types    =            2
     number of electrons       =        88.00
     number of Kohn-Sham states=           44
     kinetic-energy cutoff     =      80.0000  Ry
     charge density cutoff     =     640.0000  Ry
     Exchange-correlation= PBE
                           (   1   4   3   4   0   0   0)

     celldm(1)=  12.516274  celldm(2)=   0.000000  celldm(3)=   0.000000
     celldm(4)=   0.000000  celldm(5)=   0.000000  celldm(6)=   0.000000

     crystal axes: (cart. coord. in units of alat)
               a(1) = (   0.999995  -0.002402  -0.001859 )  
               a(2) = (   0.883365   0.468683  -0.001859 )  
               a(3) = (   0.208584   0.051641   0.888951 )  

     reciprocal axes: (cart. coord. in units 2 pi/alat)
               b(1) = (  0.995267 -1.876353 -0.124529 )  
               b(2) = (  0.004870  2.123966 -0.124529 )  
               b(3) = (  0.002091  0.000518  1.124401 )  


     PseudoPot. # 1 for O  read from file:
     ./pseudo/O.pbe-n-kjpaw_psl.1.0.0.UPF
     MD5 check sum: e99d9cef9b487d1ca56f5b95ecd0fd7a
     Pseudo is Projector augmented-wave + core cor, Zval =  6.0
     Generated using &quot;atomic&quot; code by A. Dal Corso  v.6.3
     Shape of augmentation charge: PSQ
     Using radial grid of 1095 points,  4 beta functions with: 
                l(1) =   0
                l(2) =   0
                l(3) =   1
                l(4) =   1
     Q(r) pseudized with 0 coefficients 


     PseudoPot. # 2 for Ga read from file:
     ./pseudo/Ga.pbe-dn-kjpaw_psl.1.0.0.UPF
     MD5 check sum: 50ce49cbf7e0a40ad8623bf41840a268
     Pseudo is Projector augmented-wave + core cor, Zval = 13.0
     Generated using &quot;atomic&quot; code by A. Dal Corso  v.6.3
     Shape of augmentation charge: PSQ
     Using radial grid of 1205 points,  6 beta functions with: 
                l(1) =   0
                l(2) =   0
                l(3) =   1
                l(4) =   1
                l(5) =   2
                l(6) =   2
     Q(r) pseudized with 0 coefficients 


     atomic species   valence    mass     pseudopotential
        O              6.00    15.99900     O ( 1.00)
        Ga            13.00    69.72300     Ga( 1.00)

      2 Sym. Ops., with inversion, found



   Cartesian axes

     site n.     atom                  positions (alat units)
         1           Ga  tau(   1) = (   1.3843475   0.3427359   0.6080322  )
         2           Ga  tau(   2) = (   0.7075973   0.1751865   0.2772010  )
         3           Ga  tau(   3) = (   0.2138074   0.0529343   0.1809352  )
         4           Ga  tau(   4) = (   1.8781372   0.4649880   0.7042982  )
         5           O   tau(   5) = (   1.0897907   0.2698097   0.6612741  )
         6           O   tau(   6) = (   1.0021542   0.2481127   0.2239593  )
         7           O   tau(   7) = (   0.4178956   0.1034623   0.3918935  )
         8           O   tau(   8) = (   1.6740492   0.4144601   0.4933398  )
         9           O   tau(   9) = (   1.5854244   0.3925184   0.0952441  )
        10           O   tau(  10) = (   0.5065203   0.1254040   0.7899892  )

     number of k points=  1736

     Number of k-points >= 100: set verbosity='high' to print them.

     Dense  grid:   224509 G-vectors     FFT dimensions: ( 108, 108,  96)

     Smooth grid:    79403 G-vectors     FFT dimensions: (  72,  72,  72)

     Estimated max dynamical RAM per process >      25.37 MB

     Estimated total dynamical RAM >     963.94 MB

     The potential is recalculated from file :
     ./tmp/_ph0/Ga2O3-Bands.save/charge-density

     Starting wfcs are   60 atomic wfcs
     Checking if some PAW data can be deallocated... 

     Band Structure Calculation
     Davidson diagonalization with overlap

     ethr =  1.14E-11,  avg # of iterations = 33.4

     total cpu time spent up to now is     1407.0 secs

     End of band structure calculation

     Number of k-points >= 100: set verbosity='high' to print the bands.

     highest occupied level (ev):     6.2785

     Writing config to output data dir ./tmp/_ph0/Ga2O3-Bands.save/

     Ga2O3 phonon grid                                                          

     bravais-lattice index     =            0
     lattice parameter (alat)  =      12.5163  a.u.
     unit-cell volume          =     820.9989 (a.u.)^3
     number of atoms/cell      =           10
     number of atomic types    =            2
     kinetic-energy cut-off    =      80.0000  Ry
     charge density cut-off    =     640.0000  Ry
     convergence threshold     =      1.0E-12
     beta                      =       0.7000
     number of iterations used =            4
     Exchange-correlation= PBE
                           (   1   4   3   4   0   0   0)


     celldm(1)=   12.51627  celldm(2)=    0.00000  celldm(3)=    0.00000
     celldm(4)=    0.00000  celldm(5)=    0.00000  celldm(6)=    0.00000

     crystal axes: (cart. coord. in units of alat)
               a(1) = (  1.0000 -0.0024 -0.0019 )  
               a(2) = (  0.8834  0.4687 -0.0019 )  
               a(3) = (  0.2086  0.0516  0.8890 )  

     reciprocal axes: (cart. coord. in units 2 pi/alat)
               b(1) = (  0.9953 -1.8764 -0.1245 )  
               b(2) = (  0.0049  2.1240 -0.1245 )  
               b(3) = (  0.0021  0.0005  1.1244 )  


     Atoms inside the unit cell: 

     Cartesian axes

     site n.  atom      mass           positions (alat units)
        1     Ga  69.7230   tau(    1) = (    1.38435    0.34274    0.60803  )
        2     Ga  69.7230   tau(    2) = (    0.70760    0.17519    0.27720  )
        3     Ga  69.7230   tau(    3) = (    0.21381    0.05293    0.18094  )
        4     Ga  69.7230   tau(    4) = (    1.87814    0.46499    0.70430  )
        5     O   15.9990   tau(    5) = (    1.08979    0.26981    0.66127  )
        6     O   15.9990   tau(    6) = (    1.00215    0.24811    0.22396  )
        7     O   15.9990   tau(    7) = (    0.41790    0.10346    0.39189  )
        8     O   15.9990   tau(    8) = (    1.67405    0.41446    0.49334  )
        9     O   15.9990   tau(    9) = (    1.58542    0.39252    0.09524  )
       10     O   15.9990   tau(   10) = (    0.50652    0.12540    0.78999  )

     Computing dynamical matrix for 
                    q = (  -0.0010456  -0.0002589  -0.5622005 )

      3 Sym.Ops. (with q -> -q+G )


     G cutoff = 2539.6294  (   5908 G-vectors)     FFT grid: (108,108, 96)
     G cutoff = 1269.8147  (   2092 G-vectors)  smooth grid: ( 72, 72, 72)
     number of k points=  1736

     PseudoPot. # 1 for O  read from file:
     ./pseudo/O.pbe-n-kjpaw_psl.1.0.0.UPF
     MD5 check sum: e99d9cef9b487d1ca56f5b95ecd0fd7a
     Pseudo is Projector augmented-wave + core cor, Zval =  6.0
     Generated using &quot;atomic&quot; code by A. Dal Corso  v.6.3
     Shape of augmentation charge: PSQ
     Using radial grid of 1095 points,  4 beta functions with: 
                l(1) =   0
                l(2) =   0
                l(3) =   1
                l(4) =   1
     Q(r) pseudized with 0 coefficients 


     PseudoPot. # 2 for Ga read from file:
     ./pseudo/Ga.pbe-dn-kjpaw_psl.1.0.0.UPF
     MD5 check sum: 50ce49cbf7e0a40ad8623bf41840a268
     Pseudo is Projector augmented-wave + core cor, Zval = 13.0
     Generated using &quot;atomic&quot; code by A. Dal Corso  v.6.3
     Shape of augmentation charge: PSQ
     Using radial grid of 1205 points,  6 beta functions with: 
                l(1) =   0
                l(2) =   0
                l(3) =   1
                l(4) =   1
                l(5) =   2
                l(6) =   2
     Q(r) pseudized with 0 coefficients 


     Mode symmetry, C_i (-1)    point group:


     Atomic displacements:
     There are   30 irreducible representations

     Representation     1      1 modes -  To be done

     Representation     2      1 modes -  To be done

     Representation     3      1 modes -  To be done

     Representation     4      1 modes -  To be done

     Representation     5      1 modes -  To be done

     Representation     6      1 modes -  To be done

     Representation     7      1 modes -  To be done

     Representation     8      1 modes -  To be done

     Representation     9      1 modes -  To be done

     Representation    10      1 modes -  To be done

     Representation    11      1 modes -  To be done

     Representation    12      1 modes -  To be done

     Representation    13      1 modes -  To be done

     Representation    14      1 modes -  To be done

     Representation    15      1 modes -  To be done

     Representation    16      1 modes -  To be done

     Representation    17      1 modes -  To be done

     Representation    18      1 modes -  To be done

     Representation    19      1 modes -  To be done

     Representation    20      1 modes -  To be done

     Representation    21      1 modes -  To be done

     Representation    22      1 modes -  To be done

     Representation    23      1 modes -  To be done

     Representation    24      1 modes -  To be done

     Representation    25      1 modes -  To be done

     Representation    26      1 modes -  To be done

     Representation    27      1 modes -  To be done

     Representation    28      1 modes -  To be done

     Representation    29      1 modes -  To be done

     Representation    30      1 modes -  To be done



     Alpha used in Ewald sum =   2.8000
     PHONON       :   2d 9h24m CPU   4d14h 9m WALL



     Representation #   1 mode #   1

     Self-consistent Calculation

      iter #   1 total cpu time :398058.2 secs   av.it.:  19.1
      thresh= 1.000E-02 alpha_mix =  0.700 |ddv_scf|^2 =  3.437E-07

      iter #   2 total cpu time :398822.9 secs   av.it.:  36.1
      thresh= 5.862E-05 alpha_mix =  0.700 |ddv_scf|^2 =  1.201E-07

      iter #   3 total cpu time :399563.1 secs   av.it.:  33.9
      thresh= 3.466E-05 alpha_mix =  0.700 |ddv_scf|^2 =  1.602E-07

      iter #   4 total cpu time :400278.8 secs   av.it.:  31.5
      thresh= 4.003E-05 alpha_mix =  0.700 |ddv_scf|^2 =  2.376E-09

      iter #   5 total cpu time :401065.4 secs   av.it.:  38.1
      thresh= 4.875E-06 alpha_mix =  0.700 |ddv_scf|^2 =  2.753E-09

      iter #   6 total cpu time :401819.6 secs   av.it.:  35.0
      thresh= 5.247E-06 alpha_mix =  0.700 |ddv_scf|^2 =  6.689E-11

      iter #   7 total cpu time :402604.5 secs   av.it.:  37.8
      thresh= 8.178E-07 alpha_mix =  0.700 |ddv_scf|^2 =  7.697E-11

      iter #   8 total cpu time :403362.9 secs   av.it.:  35.6
      thresh= 8.774E-07 alpha_mix =  0.700 |ddv_scf|^2 =  2.907E-12

      iter #   9 total cpu time :404130.7 secs   av.it.:  36.4
      thresh= 1.705E-07 alpha_mix =  0.700 |ddv_scf|^2 =  2.535E-13

     End of self-consistent calculation

     Convergence has been achieved 


     Representation #   2 mode #   2

     Self-consistent Calculation

      iter #   1 total cpu time :405576.7 secs   av.it.:  15.6
      thresh= 1.000E-02 alpha_mix =  0.700 |ddv_scf|^2 =  3.443E-06

      iter #   2 total cpu time :406310.5 secs   av.it.:  32.9
      thresh= 1.856E-04 alpha_mix =  0.700 |ddv_scf|^2 =  1.079E-05

      iter #   3 total cpu time :406997.9 secs   av.it.:  28.8
      thresh= 3.285E-04 alpha_mix =  0.700 |ddv_scf|^2 =  4.135E-08

      iter #   4 total cpu time :407757.5 secs   av.it.:  35.3
      thresh= 2.033E-05 alpha_mix =  0.700 |ddv_scf|^2 =  1.957E-08

      iter #   5 total cpu time :408488.1 secs   av.it.:  32.7
      thresh= 1.399E-05 alpha_mix =  0.700 |ddv_scf|^2 =  9.501E-10

      iter #   6 total cpu time :409253.2 secs   av.it.:  35.8
      thresh= 3.082E-06 alpha_mix =  0.700 |ddv_scf|^2 =  5.407E-11

      iter #   7 total cpu time :410027.2 secs   av.it.:  36.9
      thresh= 7.353E-07 alpha_mix =  0.700 |ddv_scf|^2 =  2.009E-12

      iter #   8 total cpu time :410823.1 secs   av.it.:  38.6
      thresh= 1.417E-07 alpha_mix =  0.700 |ddv_scf|^2 =  1.570E-12

      iter #   9 total cpu time :411598.8 secs   av.it.:  37.0
      thresh= 1.253E-07 alpha_mix =  0.700 |ddv_scf|^2 =  8.636E-14

     End of self-consistent calculation

     Convergence has been achieved 


     Representation #   3 mode #   3

     Self-consistent Calculation

      iter #   1 total cpu time :413049.8 secs   av.it.:  15.1
      thresh= 1.000E-02 alpha_mix =  0.700 |ddv_scf|^2 =  1.059E-06

      iter #   2 total cpu time :413786.9 secs   av.it.:  33.6
      thresh= 1.029E-04 alpha_mix =  0.700 |ddv_scf|^2 =  2.356E-06

      iter #   3 total cpu time :414479.6 secs   av.it.:  29.4
      thresh= 1.535E-04 alpha_mix =  0.700 |ddv_scf|^2 =  3.493E-08

      iter #   4 total cpu time :415216.2 secs   av.it.:  33.3
      thresh= 1.869E-05 alpha_mix =  0.700 |ddv_scf|^2 =  6.093E-09

      iter #   5 total cpu time :415964.5 secs   av.it.:  34.4
      thresh= 7.806E-06 alpha_mix =  0.700 |ddv_scf|^2 =  4.660E-10

      iter #   6 total cpu time :416705.7 secs   av.it.:  33.3
      thresh= 2.159E-06 alpha_mix =  0.700 |ddv_scf|^2 =  4.194E-11

      iter #   7 total cpu time :417485.0 secs   av.it.:  37.2
      thresh= 6.476E-07 alpha_mix =  0.700 |ddv_scf|^2 =  3.930E-12

      iter #   8 total cpu time :418256.9 secs   av.it.:  36.7
      thresh= 1.982E-07 alpha_mix =  0.700 |ddv_scf|^2 =  1.776E-12

      iter #   9 total cpu time :419028.9 secs   av.it.:  36.8
      thresh= 1.333E-07 alpha_mix =  0.700 |ddv_scf|^2 =  1.323E-13

     End of self-consistent calculation

     Convergence has been achieved 


     Representation #   4 mode #   4

     Self-consistent Calculation

      iter #   1 total cpu time :420528.7 secs   av.it.:  20.3
      thresh= 1.000E-02 alpha_mix =  0.700 |ddv_scf|^2 =  4.103E-06

      iter #   2 total cpu time :421269.8 secs   av.it.:  33.8
      thresh= 2.026E-04 alpha_mix =  0.700 |ddv_scf|^2 =  1.337E-05

      iter #   3 total cpu time :421962.1 secs   av.it.:  29.6
      thresh= 3.657E-04 alpha_mix =  0.700 |ddv_scf|^2 =  1.138E-07

      iter #   4 total cpu time :422715.7 secs   av.it.:  35.0
      thresh= 3.374E-05 alpha_mix =  0.700 |ddv_scf|^2 =  7.220E-08

      iter #   5 total cpu time :423450.1 secs   av.it.:  33.3
      thresh= 2.687E-05 alpha_mix =  0.700 |ddv_scf|^2 =  2.447E-09

      iter #   6 total cpu time :424193.5 secs   av.it.:  34.1
      thresh= 4.947E-06 alpha_mix =  0.700 |ddv_scf|^2 =  1.302E-09

      iter #   7 total cpu time :424971.8 secs   av.it.:  37.5
      thresh= 3.608E-06 alpha_mix =  0.700 |ddv_scf|^2 =  1.365E-10

      iter #   8 total cpu time :425762.0 secs   av.it.:  38.1
      thresh= 1.168E-06 alpha_mix =  0.700 |ddv_scf|^2 =  3.547E-11

      iter #   9 total cpu time :426545.4 secs   av.it.:  37.6
      thresh= 5.955E-07 alpha_mix =  0.700 |ddv_scf|^2 =  8.960E-12

      iter #  10 total cpu time :427313.9 secs   av.it.:  36.4
      thresh= 2.993E-07 alpha_mix =  0.700 |ddv_scf|^2 =  3.729E-12

      iter #  11 total cpu time :428044.7 secs   av.it.:  33.1
      thresh= 1.931E-07 alpha_mix =  0.700 |ddv_scf|^2 =  6.340E-14

     End of self-consistent calculation

     Convergence has been achieved 


     Representation #   5 mode #   5

     Self-consistent Calculation

      iter #   1 total cpu time :429474.4 secs   av.it.:  14.6
      thresh= 1.000E-02 alpha_mix =  0.700 |ddv_scf|^2 =  4.497E-07

      iter #   2 total cpu time :430221.7 secs   av.it.:  34.4
      thresh= 6.706E-05 alpha_mix =  0.700 |ddv_scf|^2 =  4.621E-07

      iter #   3 total cpu time :430953.1 secs   av.it.:  33.0
      thresh= 6.798E-05 alpha_mix =  0.700 |ddv_scf|^2 =  1.110E-07

      iter #   4 total cpu time :431667.4 secs   av.it.:  31.5
      thresh= 3.331E-05 alpha_mix =  0.700 |ddv_scf|^2 =  1.442E-09

      iter #   5 total cpu time :432438.7 secs   av.it.:  36.6
      thresh= 3.797E-06 alpha_mix =  0.700 |ddv_scf|^2 =  5.378E-10

      iter #   6 total cpu time :433165.1 secs   av.it.:  32.6
      thresh= 2.319E-06 alpha_mix =  0.700 |ddv_scf|^2 =  9.409E-12

      iter #   7 total cpu time :433950.0 secs   av.it.:  38.1
      thresh= 3.067E-07 alpha_mix =  0.700 |ddv_scf|^2 =  2.716E-12

      iter #   8 total cpu time :434727.5 secs   av.it.:  37.2
      thresh= 1.648E-07 alpha_mix =  0.700 |ddv_scf|^2 =  7.112E-13

     End of self-consistent calculation

     Convergence has been achieved 


     Representation #   6 mode #   6

     Self-consistent Calculation

      iter #   1 total cpu time :436210.3 secs   av.it.:  18.7
      thresh= 1.000E-02 alpha_mix =  0.700 |ddv_scf|^2 =  6.207E-06

      iter #   2 total cpu time :436962.6 secs   av.it.:  33.5
      thresh= 2.491E-04 alpha_mix =  0.700 |ddv_scf|^2 =  1.677E-05

      iter #   3 total cpu time :437687.2 secs   av.it.:  29.8
      thresh= 4.095E-04 alpha_mix =  0.700 |ddv_scf|^2 =  4.506E-07

      iter #   4 total cpu time :438448.5 secs   av.it.:  32.6
      thresh= 6.713E-05 alpha_mix =  0.700 |ddv_scf|^2 =  3.918E-08

      iter #   5 total cpu time :439212.1 secs   av.it.:  34.2
      thresh= 1.979E-05 alpha_mix =  0.700 |ddv_scf|^2 =  4.224E-09

      iter #   6 total cpu time :439969.4 secs   av.it.:  33.5
      thresh= 6.500E-06 alpha_mix =  0.700 |ddv_scf|^2 =  3.556E-09

      iter #   7 total cpu time :440750.0 secs   av.it.:  35.4
      thresh= 5.963E-06 alpha_mix =  0.700 |ddv_scf|^2 =  3.605E-10

      iter #   8 total cpu time :441528.3 secs   av.it.:  36.8
      thresh= 1.899E-06 alpha_mix =  0.700 |ddv_scf|^2 =  1.109E-10

      iter #   9 total cpu time :442270.1 secs   av.it.:  33.5
      thresh= 1.053E-06 alpha_mix =  0.700 |ddv_scf|^2 =  1.693E-11

      iter #  10 total cpu time :443067.4 secs   av.it.:  38.2
      thresh= 4.115E-07 alpha_mix =  0.700 |ddv_scf|^2 =  1.702E-11

      iter #  11 total cpu time :443795.1 secs   av.it.:  32.4
      thresh= 4.125E-07 alpha_mix =  0.700 |ddv_scf|^2 =  5.366E-13

     End of self-consistent calculation

     Convergence has been achieved 


     Representation #   7 mode #   7

     Self-consistent Calculation

      iter #   1 total cpu time :445291.9 secs   av.it.:  20.4
      thresh= 1.000E-02 alpha_mix =  0.700 |ddv_scf|^2 =  2.768E-06

      iter #   2 total cpu time :446035.0 secs   av.it.:  34.0
      thresh= 1.664E-04 alpha_mix =  0.700 |ddv_scf|^2 =  4.086E-06

      iter #   3 total cpu time :446749.7 secs   av.it.:  31.7
      thresh= 2.021E-04 alpha_mix =  0.700 |ddv_scf|^2 =  3.260E-07

      iter #   4 total cpu time :447482.3 secs   av.it.:  33.1
      thresh= 5.710E-05 alpha_mix =  0.700 |ddv_scf|^2 =  1.616E-08

      iter #   5 total cpu time :448232.7 secs   av.it.:  34.7
      thresh= 1.271E-05 alpha_mix =  0.700 |ddv_scf|^2 =  3.587E-09

      iter #   6 total cpu time :448964.9 secs   av.it.:  33.2
      thresh= 5.989E-06 alpha_mix =  0.700 |ddv_scf|^2 =  1.438E-09

      iter #   7 total cpu time :449739.9 secs   av.it.:  37.3
      thresh= 3.792E-06 alpha_mix =  0.700 |ddv_scf|^2 =  3.820E-10

      iter #   8 total cpu time :450510.7 secs   av.it.:  36.6
      thresh= 1.954E-06 alpha_mix =  0.700 |ddv_scf|^2 =  7.655E-11

      iter #   9 total cpu time :451259.0 secs   av.it.:  34.8
      thresh= 8.750E-07 alpha_mix =  0.700 |ddv_scf|^2 =  1.806E-11

      iter #  10 total cpu time :452043.6 secs   av.it.:  38.0
      thresh= 4.249E-07 alpha_mix =  0.700 |ddv_scf|^2 =  1.277E-11

      iter #  11 total cpu time :452790.2 secs   av.it.:  34.5
      thresh= 3.573E-07 alpha_mix =  0.700 |ddv_scf|^2 =  2.663E-13

     End of self-consistent calculation

     Convergence has been achieved 


     Representation #   8 mode #   8

     Self-consistent Calculation

      iter #   1 total cpu time :454221.6 secs   av.it.:  14.7
      thresh= 1.000E-02 alpha_mix =  0.700 |ddv_scf|^2 =  5.138E-07

      iter #   2 total cpu time :454964.6 secs   av.it.:  34.0
      thresh= 7.168E-05 alpha_mix =  0.700 |ddv_scf|^2 =  1.278E-06

      iter #   3 total cpu time :455662.1 secs   av.it.:  30.1
      thresh= 1.130E-04 alpha_mix =  0.700 |ddv_scf|^2 =  2.183E-08

      iter #   4 total cpu time :456402.8 secs   av.it.:  34.0
      thresh= 1.477E-05 alpha_mix =  0.700 |ddv_scf|^2 =  5.701E-09

      iter #   5 total cpu time :457151.6 secs   av.it.:  34.8
      thresh= 7.551E-06 alpha_mix =  0.700 |ddv_scf|^2 =  2.044E-10

      iter #   6 total cpu time :457912.2 secs   av.it.:  36.0
      thresh= 1.430E-06 alpha_mix =  0.700 |ddv_scf|^2 =  2.195E-11

      iter #   7 total cpu time :458687.2 secs   av.it.:  37.2
      thresh= 4.685E-07 alpha_mix =  0.700 |ddv_scf|^2 =  5.397E-12

      iter #   8 total cpu time :459453.9 secs   av.it.:  36.5
      thresh= 2.323E-07 alpha_mix =  0.700 |ddv_scf|^2 =  6.060E-13

     End of self-consistent calculation

     Convergence has been achieved 


     Representation #   9 mode #   9

     Self-consistent Calculation

      iter #   1 total cpu time :460888.0 secs   av.it.:  15.2
      thresh= 1.000E-02 alpha_mix =  0.700 |ddv_scf|^2 =  1.122E-06

      iter #   2 total cpu time :461623.1 secs   av.it.:  33.7
      thresh= 1.059E-04 alpha_mix =  0.700 |ddv_scf|^2 =  2.832E-06

      iter #   3 total cpu time :462315.4 secs   av.it.:  29.6
      thresh= 1.683E-04 alpha_mix =  0.700 |ddv_scf|^2 =  3.930E-08

      iter #   4 total cpu time :463055.4 secs   av.it.:  33.9
      thresh= 1.982E-05 alpha_mix =  0.700 |ddv_scf|^2 =  7.838E-09

      iter #   5 total cpu time :463808.2 secs   av.it.:  35.1
      thresh= 8.854E-06 alpha_mix =  0.700 |ddv_scf|^2 =  4.387E-10

      iter #   6 total cpu time :464573.3 secs   av.it.:  36.3
      thresh= 2.095E-06 alpha_mix =  0.700 |ddv_scf|^2 =  2.811E-11

      iter #   7 total cpu time :465353.3 secs   av.it.:  37.4
      thresh= 5.302E-07 alpha_mix =  0.700 |ddv_scf|^2 =  4.092E-12

      iter #   8 total cpu time :466134.1 secs   av.it.:  37.7
      thresh= 2.023E-07 alpha_mix =  0.700 |ddv_scf|^2 =  1.210E-12

      iter #   9 total cpu time :466908.2 secs   av.it.:  36.9
      thresh= 1.100E-07 alpha_mix =  0.700 |ddv_scf|^2 =  1.364E-13

     End of self-consistent calculation

     Convergence has been achieved 


     Representation #  10 mode #  10

     Self-consistent Calculation

      iter #   1 total cpu time :468385.2 secs   av.it.:  18.4
      thresh= 1.000E-02 alpha_mix =  0.700 |ddv_scf|^2 =  2.187E-06

      iter #   2 total cpu time :469126.5 secs   av.it.:  33.8
      thresh= 1.479E-04 alpha_mix =  0.700 |ddv_scf|^2 =  3.152E-06

      iter #   3 total cpu time :469835.1 secs   av.it.:  30.9
      thresh= 1.775E-04 alpha_mix =  0.700 |ddv_scf|^2 =  2.306E-07

      iter #   4 total cpu time :470568.0 secs   av.it.:  32.9
      thresh= 4.802E-05 alpha_mix =  0.700 |ddv_scf|^2 =  1.030E-08

      iter #   5 total cpu time :471326.1 secs   av.it.:  35.5
      thresh= 1.015E-05 alpha_mix =  0.700 |ddv_scf|^2 =  4.127E-09

      iter #   6 total cpu time :472059.6 secs   av.it.:  33.3
      thresh= 6.425E-06 alpha_mix =  0.700 |ddv_scf|^2 =  1.727E-09

      iter #   7 total cpu time :472832.9 secs   av.it.:  36.6
      thresh= 4.155E-06 alpha_mix =  0.700 |ddv_scf|^2 =  3.360E-10

      iter #   8 total cpu time :473604.3 secs   av.it.:  36.7
      thresh= 1.833E-06 alpha_mix =  0.700 |ddv_scf|^2 =  6.781E-11

      iter #   9 total cpu time :474348.7 secs   av.it.:  33.9
      thresh= 8.235E-07 alpha_mix =  0.700 |ddv_scf|^2 =  1.374E-11

      iter #  10 total cpu time :475136.9 secs   av.it.:  38.0
      thresh= 3.707E-07 alpha_mix =  0.700 |ddv_scf|^2 =  1.210E-11

      iter #  11 total cpu time :475875.1 secs   av.it.:  33.7
      thresh= 3.479E-07 alpha_mix =  0.700 |ddv_scf|^2 =  1.706E-13

     End of self-consistent calculation

     Convergence has been achieved 


     Representation #  11 mode #  11

     Self-consistent Calculation

      iter #   1 total cpu time :477308.6 secs   av.it.:  14.8
      thresh= 1.000E-02 alpha_mix =  0.700 |ddv_scf|^2 =  5.455E-07

      iter #   2 total cpu time :478057.3 secs   av.it.:  34.4
      thresh= 7.386E-05 alpha_mix =  0.700 |ddv_scf|^2 =  1.239E-06

      iter #   3 total cpu time :478753.2 secs   av.it.:  29.6
      thresh= 1.113E-04 alpha_mix =  0.700 |ddv_scf|^2 =  2.734E-08

      iter #   4 total cpu time :479499.6 secs   av.it.:  34.4
      thresh= 1.654E-05 alpha_mix =  0.700 |ddv_scf|^2 =  4.843E-09

      iter #   5 total cpu time :480262.7 secs   av.it.:  35.9
      thresh= 6.959E-06 alpha_mix =  0.700 |ddv_scf|^2 =  3.653E-10

      iter #   6 total cpu time :481031.8 secs   av.it.:  35.6
      thresh= 1.911E-06 alpha_mix =  0.700 |ddv_scf|^2 =  1.388E-11

      iter #   7 total cpu time :481821.5 secs   av.it.:  38.4
      thresh= 3.726E-07 alpha_mix =  0.700 |ddv_scf|^2 =  3.212E-12

      iter #   8 total cpu time :482596.3 secs   av.it.:  36.8
      thresh= 1.792E-07 alpha_mix =  0.700 |ddv_scf|^2 =  4.540E-13

     End of self-consistent calculation

     Convergence has been achieved 


     Representation #  12 mode #  12

     Self-consistent Calculation

      iter #   1 total cpu time :484030.8 secs   av.it.:  14.5
      thresh= 1.000E-02 alpha_mix =  0.700 |ddv_scf|^2 =  2.428E-07

      iter #   2 total cpu time :484787.5 secs   av.it.:  34.9
      thresh= 4.927E-05 alpha_mix =  0.700 |ddv_scf|^2 =  4.724E-07

      iter #   3 total cpu time :485492.3 secs   av.it.:  30.5
      thresh= 6.873E-05 alpha_mix =  0.700 |ddv_scf|^2 =  2.320E-08

      iter #   4 total cpu time :486224.5 secs   av.it.:  32.9
      thresh= 1.523E-05 alpha_mix =  0.700 |ddv_scf|^2 =  2.833E-09

      iter #   5 total cpu time :486993.0 secs   av.it.:  36.3
      thresh= 5.322E-06 alpha_mix =  0.700 |ddv_scf|^2 =  1.650E-10

      iter #   6 total cpu time :487734.0 secs   av.it.:  34.0
      thresh= 1.284E-06 alpha_mix =  0.700 |ddv_scf|^2 =  5.492E-12

      iter #   7 total cpu time :488533.1 secs   av.it.:  39.1
      thresh= 2.343E-07 alpha_mix =  0.700 |ddv_scf|^2 =  3.735E-12

      iter #   8 total cpu time :489296.6 secs   av.it.:  35.9
      thresh= 1.933E-07 alpha_mix =  0.700 |ddv_scf|^2 =  2.049E-13

     End of self-consistent calculation

     Convergence has been achieved 


     Representation #  13 mode #  13

     Self-consistent Calculation

      iter #   1 total cpu time :490733.8 secs   av.it.:  14.7
      thresh= 1.000E-02 alpha_mix =  0.700 |ddv_scf|^2 =  3.381E-07

      iter #   2 total cpu time :491480.3 secs   av.it.:  34.2
      thresh= 5.815E-05 alpha_mix =  0.700 |ddv_scf|^2 =  6.458E-07

      iter #   3 total cpu time :492177.6 secs   av.it.:  29.6
      thresh= 8.036E-05 alpha_mix =  0.700 |ddv_scf|^2 =  1.705E-08

      iter #   4 total cpu time :492912.1 secs   av.it.:  33.1
      thresh= 1.306E-05 alpha_mix =  0.700 |ddv_scf|^2 =  3.377E-09

      iter #   5 total cpu time :493657.4 secs   av.it.:  34.0
      thresh= 5.812E-06 alpha_mix =  0.700 |ddv_scf|^2 =  1.962E-10

      iter #   6 total cpu time :494394.8 secs   av.it.:  33.3
      thresh= 1.401E-06 alpha_mix =  0.700 |ddv_scf|^2 =  1.375E-11

      iter #   7 total cpu time :495180.8 secs   av.it.:  37.6
      thresh= 3.708E-07 alpha_mix =  0.700 |ddv_scf|^2 =  3.132E-12

      iter #   8 total cpu time :495928.3 secs   av.it.:  34.4
      thresh= 1.770E-07 alpha_mix =  0.700 |ddv_scf|^2 =  5.307E-13

     End of self-consistent calculation

     Convergence has been achieved 


     Representation #  14 mode #  14

     Self-consistent Calculation

      iter #   1 total cpu time :497365.5 secs   av.it.:  14.9
      thresh= 1.000E-02 alpha_mix =  0.700 |ddv_scf|^2 =  9.007E-07

      iter #   2 total cpu time :498100.1 secs   av.it.:  33.3
      thresh= 9.490E-05 alpha_mix =  0.700 |ddv_scf|^2 =  2.689E-06

      iter #   3 total cpu time :498789.0 secs   av.it.:  28.9
      thresh= 1.640E-04 alpha_mix =  0.700 |ddv_scf|^2 =  1.403E-08

      iter #   4 total cpu time :499552.8 secs   av.it.:  35.8
      thresh= 1.184E-05 alpha_mix =  0.700 |ddv_scf|^2 =  1.079E-08

      iter #   5 total cpu time :500284.4 secs   av.it.:  32.9
      thresh= 1.039E-05 alpha_mix =  0.700 |ddv_scf|^2 =  2.734E-10

      iter #   6 total cpu time :501051.4 secs   av.it.:  36.1
      thresh= 1.653E-06 alpha_mix =  0.700 |ddv_scf|^2 =  2.270E-11

      iter #   7 total cpu time :501827.1 secs   av.it.:  37.0
      thresh= 4.765E-07 alpha_mix =  0.700 |ddv_scf|^2 =  1.119E-12

      iter #   8 total cpu time :502608.6 secs   av.it.:  37.5
      thresh= 1.058E-07 alpha_mix =  0.700 |ddv_scf|^2 =  4.499E-13

     End of self-consistent calculation

     Convergence has been achieved 


     Representation #  15 mode #  15

     Self-consistent Calculation

      iter #   1 total cpu time :504080.5 secs   av.it.:  18.0
      thresh= 1.000E-02 alpha_mix =  0.700 |ddv_scf|^2 =  3.450E-07

      iter #   2 total cpu time :504836.9 secs   av.it.:  35.2
      thresh= 5.874E-05 alpha_mix =  0.700 |ddv_scf|^2 =  1.240E-07

      iter #   3 total cpu time :505575.7 secs   av.it.:  33.5
      thresh= 3.522E-05 alpha_mix =  0.700 |ddv_scf|^2 =  1.515E-07

      iter #   4 total cpu time :506286.6 secs   av.it.:  31.3
      thresh= 3.893E-05 alpha_mix =  0.700 |ddv_scf|^2 =  2.187E-09

      iter #   5 total cpu time :507060.0 secs   av.it.:  36.8
      thresh= 4.676E-06 alpha_mix =  0.700 |ddv_scf|^2 =  3.509E-09

      iter #   6 total cpu time :507797.0 secs   av.it.:  33.8
      thresh= 5.924E-06 alpha_mix =  0.700 |ddv_scf|^2 =  1.461E-10

      iter #   7 total cpu time :508585.5 secs   av.it.:  38.2
      thresh= 1.209E-06 alpha_mix =  0.700 |ddv_scf|^2 =  1.624E-10

      iter #   8 total cpu time :509342.6 secs   av.it.:  35.3
      thresh= 1.274E-06 alpha_mix =  0.700 |ddv_scf|^2 =  2.217E-12

      iter #   9 total cpu time :510100.4 secs   av.it.:  35.3
      thresh= 1.489E-07 alpha_mix =  0.700 |ddv_scf|^2 =  2.133E-13

     End of self-consistent calculation

     Convergence has been achieved 


     Representation #  16 mode #  16

     Self-consistent Calculation

      iter #   1 total cpu time :511533.3 secs   av.it.:  14.6
      thresh= 1.000E-02 alpha_mix =  0.700 |ddv_scf|^2 =  1.291E-07

      iter #   2 total cpu time :512291.8 secs   av.it.:  35.2
      thresh= 3.594E-05 alpha_mix =  0.700 |ddv_scf|^2 =  1.670E-07

      iter #   3 total cpu time :512998.2 secs   av.it.:  30.7
      thresh= 4.086E-05 alpha_mix =  0.700 |ddv_scf|^2 =  2.394E-08

      iter #   4 total cpu time :513713.1 secs   av.it.:  31.4
      thresh= 1.547E-05 alpha_mix =  0.700 |ddv_scf|^2 =  1.039E-09

      iter #   5 total cpu time :514482.8 secs   av.it.:  36.4
      thresh= 3.224E-06 alpha_mix =  0.700 |ddv_scf|^2 =  4.535E-11

      iter #   6 total cpu time :515254.0 secs   av.it.:  36.8
      thresh= 6.734E-07 alpha_mix =  0.700 |ddv_scf|^2 =  5.016E-12

      iter #   7 total cpu time :516032.9 secs   av.it.:  37.3
      thresh= 2.240E-07 alpha_mix =  0.700 |ddv_scf|^2 =  7.531E-13

     End of self-consistent calculation

     Convergence has been achieved 


     Representation #  17 mode #  17

     Self-consistent Calculation

      iter #   1 total cpu time :517518.8 secs   av.it.:  19.7
      thresh= 1.000E-02 alpha_mix =  0.700 |ddv_scf|^2 =  1.060E-06

      iter #   2 total cpu time :518266.0 secs   av.it.:  34.4
      thresh= 1.029E-04 alpha_mix =  0.700 |ddv_scf|^2 =  2.121E-06

      iter #   3 total cpu time :518960.8 secs   av.it.:  29.8
      thresh= 1.456E-04 alpha_mix =  0.700 |ddv_scf|^2 =  1.463E-07

      iter #   4 total cpu time :519687.7 secs   av.it.:  32.7
      thresh= 3.825E-05 alpha_mix =  0.700 |ddv_scf|^2 =  5.468E-09

      iter #   5 total cpu time :520441.5 secs   av.it.:  35.2
      thresh= 7.395E-06 alpha_mix =  0.700 |ddv_scf|^2 =  2.433E-09

      iter #   6 total cpu time :521204.3 secs   av.it.:  36.1
      thresh= 4.933E-06 alpha_mix =  0.700 |ddv_scf|^2 =  1.079E-09

      iter #   7 total cpu time :521956.3 secs   av.it.:  34.9
      thresh= 3.285E-06 alpha_mix =  0.700 |ddv_scf|^2 =  4.400E-10

      iter #   8 total cpu time :522719.5 secs   av.it.:  35.7
      thresh= 2.098E-06 alpha_mix =  0.700 |ddv_scf|^2 =  1.300E-11

      iter #   9 total cpu time :523511.2 secs   av.it.:  37.6
      thresh= 3.606E-07 alpha_mix =  0.700 |ddv_scf|^2 =  3.231E-12

      iter #  10 total cpu time :524298.2 secs   av.it.:  37.4
      thresh= 1.798E-07 alpha_mix =  0.700 |ddv_scf|^2 =  1.789E-13

     End of self-consistent calculation

     Convergence has been achieved 


     Representation #  18 mode #  18

     Self-consistent Calculation

      iter #   1 total cpu time :525828.0 secs   av.it.:  15.1
      thresh= 1.000E-02 alpha_mix =  0.700 |ddv_scf|^2 =  1.917E-06

      iter #   2 total cpu time :526573.7 secs   av.it.:  33.0
      thresh= 1.385E-04 alpha_mix =  0.700 |ddv_scf|^2 =  5.593E-06

      iter #   3 total cpu time :527282.4 secs   av.it.:  28.5
      thresh= 2.365E-04 alpha_mix =  0.700 |ddv_scf|^2 =  5.395E-08

      iter #   4 total cpu time :528028.5 secs   av.it.:  32.6
      thresh= 2.323E-05 alpha_mix =  0.700 |ddv_scf|^2 =  1.010E-08

      iter #   5 total cpu time :528765.9 secs   av.it.:  33.0
      thresh= 1.005E-05 alpha_mix =  0.700 |ddv_scf|^2 =  3.865E-10

      iter #   6 total cpu time :529506.3 secs   av.it.:  33.4
      thresh= 1.966E-06 alpha_mix =  0.700 |ddv_scf|^2 =  5.354E-11

      iter #   7 total cpu time :530281.1 secs   av.it.:  36.6
      thresh= 7.317E-07 alpha_mix =  0.700 |ddv_scf|^2 =  1.437E-12

      iter #   8 total cpu time :531067.1 secs   av.it.:  38.1
      thresh= 1.199E-07 alpha_mix =  0.700 |ddv_scf|^2 =  1.047E-12

      iter #   9 total cpu time :531817.0 secs   av.it.:  34.7
      thresh= 1.023E-07 alpha_mix =  0.700 |ddv_scf|^2 =  5.134E-14

     End of self-consistent calculation

     Convergence has been achieved 


     Representation #  19 mode #  19

     Self-consistent Calculation

      iter #   1 total cpu time :533250.8 secs   av.it.:  14.7
      thresh= 1.000E-02 alpha_mix =  0.700 |ddv_scf|^2 =  8.260E-07

      iter #   2 total cpu time :533988.6 secs   av.it.:  33.3
      thresh= 9.088E-05 alpha_mix =  0.700 |ddv_scf|^2 =  2.712E-06

      iter #   3 total cpu time :534670.0 secs   av.it.:  28.4
      thresh= 1.647E-04 alpha_mix =  0.700 |ddv_scf|^2 =  1.119E-08

      iter #   4 total cpu time :535436.3 secs   av.it.:  36.4
      thresh= 1.058E-05 alpha_mix =  0.700 |ddv_scf|^2 =  8.258E-09

      iter #   5 total cpu time :536181.6 secs   av.it.:  34.7
      thresh= 9.087E-06 alpha_mix =  0.700 |ddv_scf|^2 =  7.686E-11

      iter #   6 total cpu time :536912.7 secs   av.it.:  33.8
      thresh= 8.767E-07 alpha_mix =  0.700 |ddv_scf|^2 =  1.211E-11

      iter #   7 total cpu time :537673.5 secs   av.it.:  36.9
      thresh= 3.481E-07 alpha_mix =  0.700 |ddv_scf|^2 =  3.780E-13

     End of self-consistent calculation

     Convergence has been achieved 


     Representation #  20 mode #  20

     Self-consistent Calculation

      iter #   1 total cpu time :539145.5 secs   av.it.:  19.0
      thresh= 1.000E-02 alpha_mix =  0.700 |ddv_scf|^2 =  3.791E-06

      iter #   2 total cpu time :539880.3 secs   av.it.:  33.7
      thresh= 1.947E-04 alpha_mix =  0.700 |ddv_scf|^2 =  1.041E-05

      iter #   3 total cpu time :540574.0 secs   av.it.:  29.5
      thresh= 3.226E-04 alpha_mix =  0.700 |ddv_scf|^2 =  2.690E-07

      iter #   4 total cpu time :541303.0 secs   av.it.:  32.9
      thresh= 5.187E-05 alpha_mix =  0.700 |ddv_scf|^2 =  1.464E-08

      iter #   5 total cpu time :542071.8 secs   av.it.:  36.6
      thresh= 1.210E-05 alpha_mix =  0.700 |ddv_scf|^2 =  2.771E-09

      iter #   6 total cpu time :542826.0 secs   av.it.:  35.0
      thresh= 5.264E-06 alpha_mix =  0.700 |ddv_scf|^2 =  1.953E-09

      iter #   7 total cpu time :543580.2 secs   av.it.:  35.0
      thresh= 4.420E-06 alpha_mix =  0.700 |ddv_scf|^2 =  3.708E-10

      iter #   8 total cpu time :544345.5 secs   av.it.:  36.2
      thresh= 1.926E-06 alpha_mix =  0.700 |ddv_scf|^2 =  3.152E-11

      iter #   9 total cpu time :545077.2 secs   av.it.:  33.1
      thresh= 5.614E-07 alpha_mix =  0.700 |ddv_scf|^2 =  9.375E-12

      iter #  10 total cpu time :545849.8 secs   av.it.:  36.8
      thresh= 3.062E-07 alpha_mix =  0.700 |ddv_scf|^2 =  3.778E-12

      iter #  11 total cpu time :546606.1 secs   av.it.:  35.4
      thresh= 1.944E-07 alpha_mix =  0.700 |ddv_scf|^2 =  1.217E-13

     End of self-consistent calculation

     Convergence has been achieved 


     Representation #  21 mode #  21

     Self-consistent Calculation

      iter #   1 total cpu time :548082.0 secs   av.it.:  18.4
      thresh= 1.000E-02 alpha_mix =  0.700 |ddv_scf|^2 =  9.202E-07

      iter #   2 total cpu time :548834.4 secs   av.it.:  34.9
      thresh= 9.592E-05 alpha_mix =  0.700 |ddv_scf|^2 =  4.834E-07

      iter #   3 total cpu time :549579.2 secs   av.it.:  34.3
      thresh= 6.953E-05 alpha_mix =  0.700 |ddv_scf|^2 =  1.697E-07

      iter #   4 total cpu time :550316.8 secs   av.it.:  33.7
      thresh= 4.120E-05 alpha_mix =  0.700 |ddv_scf|^2 =  1.150E-08

      iter #   5 total cpu time :551047.3 secs   av.it.:  32.9
      thresh= 1.072E-05 alpha_mix =  0.700 |ddv_scf|^2 =  2.523E-09

      iter #   6 total cpu time :551777.6 secs   av.it.:  33.1
      thresh= 5.023E-06 alpha_mix =  0.700 |ddv_scf|^2 =  9.002E-10

      iter #   7 total cpu time :552532.2 secs   av.it.:  35.4
      thresh= 3.000E-06 alpha_mix =  0.700 |ddv_scf|^2 =  1.490E-10

      iter #   8 total cpu time :553282.1 secs   av.it.:  34.8
      thresh= 1.221E-06 alpha_mix =  0.700 |ddv_scf|^2 =  9.719E-11

      iter #   9 total cpu time :554007.3 secs   av.it.:  32.4
      thresh= 9.859E-07 alpha_mix =  0.700 |ddv_scf|^2 =  1.533E-12

      iter #  10 total cpu time :554814.8 secs   av.it.:  39.2
      thresh= 1.238E-07 alpha_mix =  0.700 |ddv_scf|^2 =  2.058E-12

      iter #  11 total cpu time :555546.9 secs   av.it.:  33.1
      thresh= 1.435E-07 alpha_mix =  0.700 |ddv_scf|^2 =  7.300E-14

     End of self-consistent calculation

     Convergence has been achieved 


     Representation #  22 mode #  22

     Self-consistent Calculation

      iter #   1 total cpu time :556983.4 secs   av.it.:  15.1
      thresh= 1.000E-02 alpha_mix =  0.700 |ddv_scf|^2 =  5.191E-07

      iter #   2 total cpu time :557732.9 secs   av.it.:  34.7
      thresh= 7.205E-05 alpha_mix =  0.700 |ddv_scf|^2 =  5.411E-07

      iter #   3 total cpu time :558464.0 secs   av.it.:  33.0
      thresh= 7.356E-05 alpha_mix =  0.700 |ddv_scf|^2 =  1.015E-07

      iter #   4 total cpu time :559175.7 secs   av.it.:  31.2
      thresh= 3.185E-05 alpha_mix =  0.700 |ddv_scf|^2 =  1.340E-09

      iter #   5 total cpu time :559954.0 secs   av.it.:  37.2
      thresh= 3.661E-06 alpha_mix =  0.700 |ddv_scf|^2 =  4.397E-10

      iter #   6 total cpu time :560698.7 secs   av.it.:  34.2
      thresh= 2.097E-06 alpha_mix =  0.700 |ddv_scf|^2 =  1.339E-11

      iter #   7 total cpu time :561478.4 secs   av.it.:  37.6
      thresh= 3.659E-07 alpha_mix =  0.700 |ddv_scf|^2 =  9.804E-13

     End of self-consistent calculation

     Convergence has been achieved 


     Representation #  23 mode #  23

     Self-consistent Calculation

      iter #   1 total cpu time :562907.0 secs   av.it.:  15.1
      thresh= 1.000E-02 alpha_mix =  0.700 |ddv_scf|^2 =  1.792E-06

      iter #   2 total cpu time :563635.9 secs   av.it.:  33.1
      thresh= 1.339E-04 alpha_mix =  0.700 |ddv_scf|^2 =  5.790E-06

      iter #   3 total cpu time :564310.1 secs   av.it.:  28.5
      thresh= 2.406E-04 alpha_mix =  0.700 |ddv_scf|^2 =  3.487E-08

      iter #   4 total cpu time :565050.3 secs   av.it.:  34.7
      thresh= 1.867E-05 alpha_mix =  0.700 |ddv_scf|^2 =  8.901E-09

      iter #   5 total cpu time :565802.1 secs   av.it.:  35.1
      thresh= 9.434E-06 alpha_mix =  0.700 |ddv_scf|^2 =  1.873E-10

      iter #   6 total cpu time :566569.9 secs   av.it.:  36.3
      thresh= 1.368E-06 alpha_mix =  0.700 |ddv_scf|^2 =  6.228E-11

      iter #   7 total cpu time :567335.0 secs   av.it.:  36.0
      thresh= 7.892E-07 alpha_mix =  0.700 |ddv_scf|^2 =  5.234E-13

     End of self-consistent calculation

     Convergence has been achieved 


     Representation #  24 mode #  24

     Self-consistent Calculation

      iter #   1 total cpu time :568834.8 secs   av.it.:  20.4
      thresh= 1.000E-02 alpha_mix =  0.700 |ddv_scf|^2 =  3.671E-06

      iter #   2 total cpu time :569570.0 secs   av.it.:  33.7
      thresh= 1.916E-04 alpha_mix =  0.700 |ddv_scf|^2 =  1.017E-05

      iter #   3 total cpu time :570258.8 secs   av.it.:  29.3
      thresh= 3.189E-04 alpha_mix =  0.700 |ddv_scf|^2 =  2.502E-07

      iter #   4 total cpu time :570987.8 secs   av.it.:  32.8
      thresh= 5.002E-05 alpha_mix =  0.700 |ddv_scf|^2 =  1.554E-08

      iter #   5 total cpu time :571756.6 secs   av.it.:  36.6
      thresh= 1.247E-05 alpha_mix =  0.700 |ddv_scf|^2 =  3.901E-09

      iter #   6 total cpu time :572535.1 secs   av.it.:  37.4
      thresh= 6.246E-06 alpha_mix =  0.700 |ddv_scf|^2 =  6.484E-10

      iter #   7 total cpu time :573318.1 secs   av.it.:  38.0
      thresh= 2.546E-06 alpha_mix =  0.700 |ddv_scf|^2 =  3.742E-10

      iter #   8 total cpu time :574081.2 secs   av.it.:  36.1
      thresh= 1.934E-06 alpha_mix =  0.700 |ddv_scf|^2 =  1.737E-11

      iter #   9 total cpu time :574862.9 secs   av.it.:  37.7
      thresh= 4.168E-07 alpha_mix =  0.700 |ddv_scf|^2 =  3.327E-12

      iter #  10 total cpu time :575639.7 secs   av.it.:  37.2
      thresh= 1.824E-07 alpha_mix =  0.700 |ddv_scf|^2 =  1.256E-12

      iter #  11 total cpu time :576402.0 secs   av.it.:  35.9
      thresh= 1.121E-07 alpha_mix =  0.700 |ddv_scf|^2 =  1.919E-13

     End of self-consistent calculation

     Convergence has been achieved 


     Representation #  25 mode #  25

     Self-consistent Calculation

      iter #   1 total cpu time :577836.8 secs   av.it.:  14.9
      thresh= 1.000E-02 alpha_mix =  0.700 |ddv_scf|^2 =  3.450E-07

      iter #   2 total cpu time :578602.1 secs   av.it.:  36.1
      thresh= 5.874E-05 alpha_mix =  0.700 |ddv_scf|^2 =  3.004E-07

      iter #   3 total cpu time :579357.9 secs   av.it.:  35.0
      thresh= 5.481E-05 alpha_mix =  0.700 |ddv_scf|^2 =  6.093E-08

      iter #   4 total cpu time :580057.6 secs   av.it.:  30.3
      thresh= 2.468E-05 alpha_mix =  0.700 |ddv_scf|^2 =  1.059E-09

      iter #   5 total cpu time :580826.9 secs   av.it.:  36.4
      thresh= 3.254E-06 alpha_mix =  0.700 |ddv_scf|^2 =  8.362E-11

      iter #   6 total cpu time :581605.8 secs   av.it.:  37.3
      thresh= 9.145E-07 alpha_mix =  0.700 |ddv_scf|^2 =  1.995E-11

      iter #   7 total cpu time :582379.8 secs   av.it.:  36.9
      thresh= 4.466E-07 alpha_mix =  0.700 |ddv_scf|^2 =  2.841E-13

     End of self-consistent calculation

     Convergence has been achieved 


     Representation #  26 mode #  26

     Self-consistent Calculation

      iter #   1 total cpu time :583813.3 secs   av.it.:  14.9
      thresh= 1.000E-02 alpha_mix =  0.700 |ddv_scf|^2 =  2.108E-06

      iter #   2 total cpu time :584541.2 secs   av.it.:  32.9
      thresh= 1.452E-04 alpha_mix =  0.700 |ddv_scf|^2 =  7.258E-06

      iter #   3 total cpu time :585218.6 secs   av.it.:  28.3
      thresh= 2.694E-04 alpha_mix =  0.700 |ddv_scf|^2 =  1.971E-08

      iter #   4 total cpu time :585992.5 secs   av.it.:  36.8
      thresh= 1.404E-05 alpha_mix =  0.700 |ddv_scf|^2 =  1.514E-08

      iter #   5 total cpu time :586738.7 secs   av.it.:  34.4
      thresh= 1.230E-05 alpha_mix =  0.700 |ddv_scf|^2 =  2.899E-10

      iter #   6 total cpu time :587471.8 secs   av.it.:  32.5
      thresh= 1.703E-06 alpha_mix =  0.700 |ddv_scf|^2 =  9.442E-12

      iter #   7 total cpu time :588255.7 secs   av.it.:  37.7
      thresh= 3.073E-07 alpha_mix =  0.700 |ddv_scf|^2 =  2.076E-12

      iter #   8 total cpu time :589015.8 secs   av.it.:  35.8
      thresh= 1.441E-07 alpha_mix =  0.700 |ddv_scf|^2 =  3.640E-13

     End of self-consistent calculation

     Convergence has been achieved 


     Representation #  27 mode #  27

     Self-consistent Calculation

      iter #   1 total cpu time :590513.8 secs   av.it.:  20.2
      thresh= 1.000E-02 alpha_mix =  0.700 |ddv_scf|^2 =  3.063E-06

      iter #   2 total cpu time :591252.5 secs   av.it.:  33.8
      thresh= 1.750E-04 alpha_mix =  0.700 |ddv_scf|^2 =  6.347E-06

      iter #   3 total cpu time :591948.9 secs   av.it.:  29.9
      thresh= 2.519E-04 alpha_mix =  0.700 |ddv_scf|^2 =  4.423E-07

      iter #   4 total cpu time :592661.0 secs   av.it.:  31.3
      thresh= 6.651E-05 alpha_mix =  0.700 |ddv_scf|^2 =  9.158E-09

      iter #   5 total cpu time :593410.4 secs   av.it.:  34.7
      thresh= 9.570E-06 alpha_mix =  0.700 |ddv_scf|^2 =  4.480E-09

      iter #   6 total cpu time :594145.1 secs   av.it.:  33.4
      thresh= 6.693E-06 alpha_mix =  0.700 |ddv_scf|^2 =  2.171E-09

      iter #   7 total cpu time :594899.8 secs   av.it.:  35.3
      thresh= 4.659E-06 alpha_mix =  0.700 |ddv_scf|^2 =  7.194E-10

      iter #   8 total cpu time :595646.5 secs   av.it.:  34.6
      thresh= 2.682E-06 alpha_mix =  0.700 |ddv_scf|^2 =  5.758E-11

      iter #   9 total cpu time :596380.2 secs   av.it.:  33.1
      thresh= 7.588E-07 alpha_mix =  0.700 |ddv_scf|^2 =  1.006E-11

      iter #  10 total cpu time :597152.9 secs   av.it.:  37.0
      thresh= 3.172E-07 alpha_mix =  0.700 |ddv_scf|^2 =  1.487E-12

      iter #  11 total cpu time :597928.6 secs   av.it.:  37.2
      thresh= 1.219E-07 alpha_mix =  0.700 |ddv_scf|^2 =  5.750E-14

     End of self-consistent calculation

     Convergence has been achieved 


     Representation #  28 mode #  28

     Self-consistent Calculation

      iter #   1 total cpu time :599404.8 secs   av.it.:  18.5
      thresh= 1.000E-02 alpha_mix =  0.700 |ddv_scf|^2 =  7.141E-07

      iter #   2 total cpu time :600152.5 secs   av.it.:  34.5
      thresh= 8.451E-05 alpha_mix =  0.700 |ddv_scf|^2 =  1.065E-06

      iter #   3 total cpu time :600853.5 secs   av.it.:  30.5
      thresh= 1.032E-04 alpha_mix =  0.700 |ddv_scf|^2 =  1.292E-07

      iter #   4 total cpu time :601575.9 secs   av.it.:  32.5
      thresh= 3.594E-05 alpha_mix =  0.700 |ddv_scf|^2 =  5.440E-09

      iter #   5 total cpu time :602328.7 secs   av.it.:  35.0
      thresh= 7.376E-06 alpha_mix =  0.700 |ddv_scf|^2 =  1.972E-09

      iter #   6 total cpu time :603082.8 secs   av.it.:  35.3
      thresh= 4.441E-06 alpha_mix =  0.700 |ddv_scf|^2 =  1.309E-09

      iter #   7 total cpu time :603844.7 secs   av.it.:  36.1
      thresh= 3.619E-06 alpha_mix =  0.700 |ddv_scf|^2 =  4.894E-10

      iter #   8 total cpu time :604601.2 secs   av.it.:  35.9
      thresh= 2.212E-06 alpha_mix =  0.700 |ddv_scf|^2 =  5.193E-12

      iter #   9 total cpu time :605380.5 secs   av.it.:  38.0
      thresh= 2.279E-07 alpha_mix =  0.700 |ddv_scf|^2 =  1.714E-12

      iter #  10 total cpu time :606148.9 secs   av.it.:  37.1
      thresh= 1.309E-07 alpha_mix =  0.700 |ddv_scf|^2 =  1.046E-13

     End of self-consistent calculation

     Convergence has been achieved 


     Representation #  29 mode #  29

     Self-consistent Calculation

      iter #   1 total cpu time :607580.9 secs   av.it.:  15.0
      thresh= 1.000E-02 alpha_mix =  0.700 |ddv_scf|^2 =  2.989E-07

      iter #   2 total cpu time :608333.3 secs   av.it.:  35.0
      thresh= 5.467E-05 alpha_mix =  0.700 |ddv_scf|^2 =  6.415E-07

      iter #   3 total cpu time :609029.8 secs   av.it.:  29.8
      thresh= 8.009E-05 alpha_mix =  0.700 |ddv_scf|^2 =  2.895E-08

      iter #   4 total cpu time :609769.8 secs   av.it.:  33.1
      thresh= 1.702E-05 alpha_mix =  0.700 |ddv_scf|^2 =  2.060E-09

      iter #   5 total cpu time :610541.7 secs   av.it.:  36.4
      thresh= 4.539E-06 alpha_mix =  0.700 |ddv_scf|^2 =  9.115E-11

      iter #   6 total cpu time :611324.9 secs   av.it.:  36.8
      thresh= 9.547E-07 alpha_mix =  0.700 |ddv_scf|^2 =  8.056E-12

      iter #   7 total cpu time :612119.1 secs   av.it.:  37.8
      thresh= 2.838E-07 alpha_mix =  0.700 |ddv_scf|^2 =  1.591E-12

      iter #   8 total cpu time :612898.0 secs   av.it.:  37.0
      thresh= 1.261E-07 alpha_mix =  0.700 |ddv_scf|^2 =  3.650E-13

     End of self-consistent calculation

     Convergence has been achieved 


     Representation #  30 mode #  30

     Self-consistent Calculation

      iter #   1 total cpu time :614329.0 secs   av.it.:  14.4
      thresh= 1.000E-02 alpha_mix =  0.700 |ddv_scf|^2 =  1.531E-07

      iter #   2 total cpu time :615073.4 secs   av.it.:  34.5
      thresh= 3.913E-05 alpha_mix =  0.700 |ddv_scf|^2 =  2.736E-07

      iter #   3 total cpu time :615756.1 secs   av.it.:  29.3
      thresh= 5.231E-05 alpha_mix =  0.700 |ddv_scf|^2 =  1.702E-08

      iter #   4 total cpu time :616463.4 secs   av.it.:  31.5
      thresh= 1.305E-05 alpha_mix =  0.700 |ddv_scf|^2 =  1.343E-09

      iter #   5 total cpu time :617174.9 secs   av.it.:  32.1
      thresh= 3.665E-06 alpha_mix =  0.700 |ddv_scf|^2 =  2.802E-11

      iter #   6 total cpu time :617922.5 secs   av.it.:  35.4
      thresh= 5.293E-07 alpha_mix =  0.700 |ddv_scf|^2 =  1.259E-11

      iter #   7 total cpu time :618684.9 secs   av.it.:  36.0
      thresh= 3.548E-07 alpha_mix =  0.700 |ddv_scf|^2 =  4.775E-13

     End of self-consistent calculation

     Convergence has been achieved 

     Number of q in the star =    1
     List of q in the star:
          1  -0.001045572  -0.000258874  -0.562200546

     Diagonalizing the dynamical matrix

     q = (   -0.001045572  -0.000258874  -0.562200546 ) 

 **************************************************************************
     freq (    1) =       1.255131 [THz] =      41.866663 [cm-1]
     freq (    2) =       1.455726 [THz] =      48.557784 [cm-1]
     freq (    3) =       1.885715 [THz] =      62.900676 [cm-1]
     freq (    4) =       2.346755 [THz] =      78.279320 [cm-1]
     freq (    5) =       2.715590 [THz] =      90.582319 [cm-1]
     freq (    6) =       3.867795 [THz] =     129.015760 [cm-1]
     freq (    7) =       4.018456 [THz] =     134.041270 [cm-1]
     freq (    8) =       4.798308 [THz] =     160.054312 [cm-1]
     freq (    9) =       5.070996 [THz] =     169.150226 [cm-1]
     freq (   10) =       5.801426 [THz] =     193.514726 [cm-1]
     freq (   11) =       6.383578 [THz] =     212.933234 [cm-1]
     freq (   12) =       7.071293 [THz] =     235.872959 [cm-1]
     freq (   13) =       7.345265 [THz] =     245.011682 [cm-1]
     freq (   14) =       7.842644 [THz] =     261.602435 [cm-1]
     freq (   15) =       8.449951 [THz] =     281.860041 [cm-1]
     freq (   16) =       8.921508 [THz] =     297.589470 [cm-1]
     freq (   17) =       9.284872 [THz] =     309.709977 [cm-1]
     freq (   18) =       9.951142 [THz] =     331.934353 [cm-1]
     freq (   19) =       9.956845 [THz] =     332.124587 [cm-1]
     freq (   20) =      10.381192 [THz] =     346.279300 [cm-1]
     freq (   21) =      10.882538 [THz] =     363.002380 [cm-1]
     freq (   22) =      11.107750 [THz] =     370.514648 [cm-1]
     freq (   23) =      14.160048 [THz] =     472.328371 [cm-1]
     freq (   24) =      14.316175 [THz] =     477.536209 [cm-1]
     freq (   25) =      14.359438 [THz] =     478.979306 [cm-1]
     freq (   26) =      14.926391 [THz] =     497.890795 [cm-1]
     freq (   27) =      16.383656 [THz] =     546.499950 [cm-1]
     freq (   28) =      16.453668 [THz] =     548.835290 [cm-1]
     freq (   29) =      16.664568 [THz] =     555.870151 [cm-1]
     freq (   30) =      18.590299 [THz] =     620.105621 [cm-1]
 **************************************************************************

     Mode symmetry, C_i (-1)    point group:

     freq (   1-   1) =         41.9  [cm-1]   --> A_u                
     freq (   2-   2) =         48.6  [cm-1]   --> A_g                
     freq (   3-   3) =         62.9  [cm-1]   --> A_g                
     freq (   4-   4) =         78.3  [cm-1]   --> A_g                
     freq (   5-   5) =         90.6  [cm-1]   --> A_u                
     freq (   6-   6) =        129.0  [cm-1]   --> A_g                
     freq (   7-   7) =        134.0  [cm-1]   --> A_u                
     freq (   8-   8) =        160.1  [cm-1]   --> A_u                
     freq (   9-   9) =        169.2  [cm-1]   --> A_g                
     freq (  10-  10) =        193.5  [cm-1]   --> A_u                
     freq (  11-  11) =        212.9  [cm-1]   --> A_g                
     freq (  12-  12) =        235.9  [cm-1]   --> A_u                
     freq (  13-  13) =        245.0  [cm-1]   --> A_g                
     freq (  14-  14) =        261.6  [cm-1]   --> A_u                
     freq (  15-  15) =        281.9  [cm-1]   --> A_g                
     freq (  16-  16) =        297.6  [cm-1]   --> A_u                
     freq (  17-  17) =        309.7  [cm-1]   --> A_u                
     freq (  18-  18) =        331.9  [cm-1]   --> A_u                
     freq (  19-  19) =        332.1  [cm-1]   --> A_g                
     freq (  20-  20) =        346.3  [cm-1]   --> A_g                
     freq (  21-  21) =        363.0  [cm-1]   --> A_u                
     freq (  22-  22) =        370.5  [cm-1]   --> A_g                
     freq (  23-  23) =        472.3  [cm-1]   --> A_g                
     freq (  24-  24) =        477.5  [cm-1]   --> A_u                
     freq (  25-  25) =        479.0  [cm-1]   --> A_g                
     freq (  26-  26) =        497.9  [cm-1]   --> A_u                
     freq (  27-  27) =        546.5  [cm-1]   --> A_g                
     freq (  28-  28) =        548.8  [cm-1]   --> A_u                
     freq (  29-  29) =        555.9  [cm-1]   --> A_g                
     freq (  30-  30) =        620.1  [cm-1]   --> A_u                

     Calculation of q =   -0.0024349  -1.0619831   0.0622644

     Parallelization info
     --------------------
     sticks:   dense  smooth     PW     G-vecs:    dense   smooth      PW
     Min          99      49     16                 5907     2087     412
     Max         100      50     17                 5911     2092     418
     Sum        3769    1889    643               224509    79403   15777

     Using Slab Decomposition


     Title: 
     Ga2O3 phonon grid                                                          


     bravais-lattice index     =            0
     lattice parameter (alat)  =      12.5163  a.u.
     unit-cell volume          =     820.9989 (a.u.)^3
     number of atoms/cell      =           10
     number of atomic types    =            2
     number of electrons       =        88.00
     number of Kohn-Sham states=           44
     kinetic-energy cutoff     =      80.0000  Ry
     charge density cutoff     =     640.0000  Ry
     Exchange-correlation= PBE
                           (   1   4   3   4   0   0   0)

     celldm(1)=  12.516274  celldm(2)=   0.000000  celldm(3)=   0.000000
     celldm(4)=   0.000000  celldm(5)=   0.000000  celldm(6)=   0.000000

     crystal axes: (cart. coord. in units of alat)
               a(1) = (   0.999995  -0.002402  -0.001859 )  
               a(2) = (   0.883365   0.468683  -0.001859 )  
               a(3) = (   0.208584   0.051641   0.888951 )  

     reciprocal axes: (cart. coord. in units 2 pi/alat)
               b(1) = (  0.995267 -1.876353 -0.124529 )  
               b(2) = (  0.004870  2.123966 -0.124529 )  
               b(3) = (  0.002091  0.000518  1.124401 )  


     PseudoPot. # 1 for O  read from file:
     ./pseudo/O.pbe-n-kjpaw_psl.1.0.0.UPF
     MD5 check sum: e99d9cef9b487d1ca56f5b95ecd0fd7a
     Pseudo is Projector augmented-wave + core cor, Zval =  6.0
     Generated using &quot;atomic&quot; code by A. Dal Corso  v.6.3
     Shape of augmentation charge: PSQ
     Using radial grid of 1095 points,  4 beta functions with: 
                l(1) =   0
                l(2) =   0
                l(3) =   1
                l(4) =   1
     Q(r) pseudized with 0 coefficients 


     PseudoPot. # 2 for Ga read from file:
     ./pseudo/Ga.pbe-dn-kjpaw_psl.1.0.0.UPF
     MD5 check sum: 50ce49cbf7e0a40ad8623bf41840a268
     Pseudo is Projector augmented-wave + core cor, Zval = 13.0
     Generated using &quot;atomic&quot; code by A. Dal Corso  v.6.3
     Shape of augmentation charge: PSQ
     Using radial grid of 1205 points,  6 beta functions with: 
                l(1) =   0
                l(2) =   0
                l(3) =   1
                l(4) =   1
                l(5) =   2
                l(6) =   2
     Q(r) pseudized with 0 coefficients 


     atomic species   valence    mass     pseudopotential
        O              6.00    15.99900     O ( 1.00)
        Ga            13.00    69.72300     Ga( 1.00)

      2 Sym. Ops., with inversion, found



   Cartesian axes

     site n.     atom                  positions (alat units)
         1           Ga  tau(   1) = (   1.3843475   0.3427359   0.6080322  )
         2           Ga  tau(   2) = (   0.7075973   0.1751865   0.2772010  )
         3           Ga  tau(   3) = (   0.2138074   0.0529343   0.1809352  )
         4           Ga  tau(   4) = (   1.8781372   0.4649880   0.7042982  )
         5           O   tau(   5) = (   1.0897907   0.2698097   0.6612741  )
         6           O   tau(   6) = (   1.0021542   0.2481127   0.2239593  )
         7           O   tau(   7) = (   0.4178956   0.1034623   0.3918935  )
         8           O   tau(   8) = (   1.6740492   0.4144601   0.4933398  )
         9           O   tau(   9) = (   1.5854244   0.3925184   0.0952441  )
        10           O   tau(  10) = (   0.5065203   0.1254040   0.7899892  )

     number of k points=  1736

     Number of k-points >= 100: set verbosity='high' to print them.

     Dense  grid:   224509 G-vectors     FFT dimensions: ( 108, 108,  96)

     Smooth grid:    79403 G-vectors     FFT dimensions: (  72,  72,  72)

     Estimated max dynamical RAM per process >      25.41 MB

     Estimated total dynamical RAM >     965.49 MB

     The potential is recalculated from file :
     ./tmp/_ph0/Ga2O3-Bands.save/charge-density

     Starting wfcs are   60 atomic wfcs
     Checking if some PAW data can be deallocated... 

     Band Structure Calculation
     Davidson diagonalization with overlap

     ethr =  1.14E-11,  avg # of iterations = 33.4

     total cpu time spent up to now is     2857.6 secs

     End of band structure calculation

     Number of k-points >= 100: set verbosity='high' to print the bands.

     highest occupied level (ev):     6.2785

     Writing config to output data dir ./tmp/_ph0/Ga2O3-Bands.save/

     Ga2O3 phonon grid                                                          

     bravais-lattice index     =            0
     lattice parameter (alat)  =      12.5163  a.u.
     unit-cell volume          =     820.9989 (a.u.)^3
     number of atoms/cell      =           10
     number of atomic types    =            2
     kinetic-energy cut-off    =      80.0000  Ry
     charge density cut-off    =     640.0000  Ry
     convergence threshold     =      1.0E-12
     beta                      =       0.7000
     number of iterations used =            4
     Exchange-correlation= PBE
                           (   1   4   3   4   0   0   0)


     celldm(1)=   12.51627  celldm(2)=    0.00000  celldm(3)=    0.00000
     celldm(4)=    0.00000  celldm(5)=    0.00000  celldm(6)=    0.00000

     crystal axes: (cart. coord. in units of alat)
               a(1) = (  1.0000 -0.0024 -0.0019 )  
               a(2) = (  0.8834  0.4687 -0.0019 )  
               a(3) = (  0.2086  0.0516  0.8890 )  

     reciprocal axes: (cart. coord. in units 2 pi/alat)
               b(1) = (  0.9953 -1.8764 -0.1245 )  
               b(2) = (  0.0049  2.1240 -0.1245 )  
               b(3) = (  0.0021  0.0005  1.1244 )  


     Atoms inside the unit cell: 

     Cartesian axes

     site n.  atom      mass           positions (alat units)
        1     Ga  69.7230   tau(    1) = (    1.38435    0.34274    0.60803  )
        2     Ga  69.7230   tau(    2) = (    0.70760    0.17519    0.27720  )
        3     Ga  69.7230   tau(    3) = (    0.21381    0.05293    0.18094  )
        4     Ga  69.7230   tau(    4) = (    1.87814    0.46499    0.70430  )
        5     O   15.9990   tau(    5) = (    1.08979    0.26981    0.66127  )
        6     O   15.9990   tau(    6) = (    1.00215    0.24811    0.22396  )
        7     O   15.9990   tau(    7) = (    0.41790    0.10346    0.39189  )
        8     O   15.9990   tau(    8) = (    1.67405    0.41446    0.49334  )
        9     O   15.9990   tau(    9) = (    1.58542    0.39252    0.09524  )
       10     O   15.9990   tau(   10) = (    0.50652    0.12540    0.78999  )

     Computing dynamical matrix for 
                    q = (  -0.0024349  -1.0619831   0.0622644 )

      3 Sym.Ops. (with q -> -q+G )


     G cutoff = 2539.6294  (   5908 G-vectors)     FFT grid: (108,108, 96)
     G cutoff = 1269.8147  (   2092 G-vectors)  smooth grid: ( 72, 72, 72)
     number of k points=  1736

     PseudoPot. # 1 for O  read from file:
     ./pseudo/O.pbe-n-kjpaw_psl.1.0.0.UPF
     MD5 check sum: e99d9cef9b487d1ca56f5b95ecd0fd7a
     Pseudo is Projector augmented-wave + core cor, Zval =  6.0
     Generated using &quot;atomic&quot; code by A. Dal Corso  v.6.3
     Shape of augmentation charge: PSQ
     Using radial grid of 1095 points,  4 beta functions with: 
                l(1) =   0
                l(2) =   0
                l(3) =   1
                l(4) =   1
     Q(r) pseudized with 0 coefficients 


     PseudoPot. # 2 for Ga read from file:
     ./pseudo/Ga.pbe-dn-kjpaw_psl.1.0.0.UPF
     MD5 check sum: 50ce49cbf7e0a40ad8623bf41840a268
     Pseudo is Projector augmented-wave + core cor, Zval = 13.0
     Generated using &quot;atomic&quot; code by A. Dal Corso  v.6.3
     Shape of augmentation charge: PSQ
     Using radial grid of 1205 points,  6 beta functions with: 
                l(1) =   0
                l(2) =   0
                l(3) =   1
                l(4) =   1
                l(5) =   2
                l(6) =   2
     Q(r) pseudized with 0 coefficients 


     Mode symmetry, C_i (-1)    point group:


     Atomic displacements:
     There are   30 irreducible representations

     Representation     1      1 modes -  To be done

     Representation     2      1 modes -  To be done

     Representation     3      1 modes -  To be done

     Representation     4      1 modes -  To be done

     Representation     5      1 modes -  To be done

     Representation     6      1 modes -  To be done

     Representation     7      1 modes -  To be done

     Representation     8      1 modes -  To be done

     Representation     9      1 modes -  To be done

     Representation    10      1 modes -  To be done

     Representation    11      1 modes -  To be done

     Representation    12      1 modes -  To be done

     Representation    13      1 modes -  To be done

     Representation    14      1 modes -  To be done

     Representation    15      1 modes -  To be done

     Representation    16      1 modes -  To be done

     Representation    17      1 modes -  To be done

     Representation    18      1 modes -  To be done

     Representation    19      1 modes -  To be done

     Representation    20      1 modes -  To be done

     Representation    21      1 modes -  To be done

     Representation    22      1 modes -  To be done

     Representation    23      1 modes -  To be done

     Representation    24      1 modes -  To be done

     Representation    25      1 modes -  To be done

     Representation    26      1 modes -  To be done

     Representation    27      1 modes -  To be done

     Representation    28      1 modes -  To be done

     Representation    29      1 modes -  To be done

     Representation    30      1 modes -  To be done



     Alpha used in Ewald sum =   2.8000
     PHONON       :   4d10h16m CPU   7d 4h21m WALL



     Representation #   1 mode #   1

     Self-consistent Calculation

      iter #   1 total cpu time :621977.1 secs   av.it.:  19.5
      thresh= 1.000E-02 alpha_mix =  0.700 |ddv_scf|^2 =  8.947E-07

      iter #   2 total cpu time :622742.3 secs   av.it.:  35.1
      thresh= 9.459E-05 alpha_mix =  0.700 |ddv_scf|^2 =  3.768E-07

      iter #   3 total cpu time :623523.5 secs   av.it.:  36.8
      thresh= 6.139E-05 alpha_mix =  0.700 |ddv_scf|^2 =  1.734E-07

      iter #   4 total cpu time :624271.9 secs   av.it.:  33.8
      thresh= 4.164E-05 alpha_mix =  0.700 |ddv_scf|^2 =  7.315E-09

      iter #   5 total cpu time :625065.2 secs   av.it.:  37.8
      thresh= 8.553E-06 alpha_mix =  0.700 |ddv_scf|^2 =  1.685E-09

      iter #   6 total cpu time :625862.7 secs   av.it.:  38.2
      thresh= 4.105E-06 alpha_mix =  0.700 |ddv_scf|^2 =  1.405E-09

      iter #   7 total cpu time :626630.4 secs   av.it.:  35.3
      thresh= 3.749E-06 alpha_mix =  0.700 |ddv_scf|^2 =  1.308E-10

      iter #   8 total cpu time :627431.3 secs   av.it.:  38.5
      thresh= 1.143E-06 alpha_mix =  0.700 |ddv_scf|^2 =  6.418E-12

      iter #   9 total cpu time :628242.7 secs   av.it.:  39.3
      thresh= 2.533E-07 alpha_mix =  0.700 |ddv_scf|^2 =  2.513E-12

      iter #  10 total cpu time :628998.9 secs   av.it.:  34.3
      thresh= 1.585E-07 alpha_mix =  0.700 |ddv_scf|^2 =  8.531E-13

     End of self-consistent calculation

     Convergence has been achieved 


     Representation #   2 mode #   2

     Self-consistent Calculation

      iter #   1 total cpu time :630440.9 secs   av.it.:  15.0
      thresh= 1.000E-02 alpha_mix =  0.700 |ddv_scf|^2 =  1.906E-07

      iter #   2 total cpu time :631216.0 secs   av.it.:  36.1
      thresh= 4.366E-05 alpha_mix =  0.700 |ddv_scf|^2 =  7.769E-08

      iter #   3 total cpu time :631995.5 secs   av.it.:  36.5
      thresh= 2.787E-05 alpha_mix =  0.700 |ddv_scf|^2 =  7.300E-09

      iter #   4 total cpu time :632779.7 secs   av.it.:  37.0
      thresh= 8.544E-06 alpha_mix =  0.700 |ddv_scf|^2 =  2.088E-09

      iter #   5 total cpu time :633553.5 secs   av.it.:  36.1
      thresh= 4.569E-06 alpha_mix =  0.700 |ddv_scf|^2 =  1.496E-11

      iter #   6 total cpu time :634362.7 secs   av.it.:  39.1
      thresh= 3.868E-07 alpha_mix =  0.700 |ddv_scf|^2 =  5.849E-12

      iter #   7 total cpu time :635114.8 secs   av.it.:  34.1
      thresh= 2.418E-07 alpha_mix =  0.700 |ddv_scf|^2 =  8.061E-13

     End of self-consistent calculation

     Convergence has been achieved 


     Representation #   3 mode #   3

     Self-consistent Calculation

      iter #   1 total cpu time :636555.1 secs   av.it.:  14.8
      thresh= 1.000E-02 alpha_mix =  0.700 |ddv_scf|^2 =  2.385E-07

      iter #   2 total cpu time :637325.0 secs   av.it.:  35.6
      thresh= 4.884E-05 alpha_mix =  0.700 |ddv_scf|^2 =  1.947E-07

      iter #   3 total cpu time :638086.1 secs   av.it.:  35.0
      thresh= 4.413E-05 alpha_mix =  0.700 |ddv_scf|^2 =  1.315E-08

      iter #   4 total cpu time :638837.5 secs   av.it.:  34.2
      thresh= 1.147E-05 alpha_mix =  0.700 |ddv_scf|^2 =  2.936E-09

      iter #   5 total cpu time :639620.3 secs   av.it.:  36.6
      thresh= 5.419E-06 alpha_mix =  0.700 |ddv_scf|^2 =  1.193E-11

      iter #   6 total cpu time :640430.1 secs   av.it.:  39.3
      thresh= 3.454E-07 alpha_mix =  0.700 |ddv_scf|^2 =  4.392E-12

      iter #   7 total cpu time :641184.4 secs   av.it.:  34.1
      thresh= 2.096E-07 alpha_mix =  0.700 |ddv_scf|^2 =  1.074E-12

      iter #   8 total cpu time :641978.0 secs   av.it.:  37.7
      thresh= 1.037E-07 alpha_mix =  0.700 |ddv_scf|^2 =  6.440E-14

     End of self-consistent calculation

     Convergence has been achieved 


     Representation #   4 mode #   4

     Self-consistent Calculation

      iter #   1 total cpu time :643474.6 secs   av.it.:  19.9
      thresh= 1.000E-02 alpha_mix =  0.700 |ddv_scf|^2 =  5.670E-07

      iter #   2 total cpu time :644244.8 secs   av.it.:  35.7
      thresh= 7.530E-05 alpha_mix =  0.700 |ddv_scf|^2 =  1.580E-07

      iter #   3 total cpu time :645032.8 secs   av.it.:  37.3
      thresh= 3.975E-05 alpha_mix =  0.700 |ddv_scf|^2 =  1.197E-07

      iter #   4 total cpu time :645788.3 secs   av.it.:  34.4
      thresh= 3.459E-05 alpha_mix =  0.700 |ddv_scf|^2 =  9.848E-09

      iter #   5 total cpu time :646569.8 secs   av.it.:  36.5
      thresh= 9.924E-06 alpha_mix =  0.700 |ddv_scf|^2 =  9.594E-10

      iter #   6 total cpu time :647377.6 secs   av.it.:  39.2
      thresh= 3.097E-06 alpha_mix =  0.700 |ddv_scf|^2 =  2.729E-10

      iter #   7 total cpu time :648191.8 secs   av.it.:  39.4
      thresh= 1.652E-06 alpha_mix =  0.700 |ddv_scf|^2 =  1.796E-10

      iter #   8 total cpu time :648972.9 secs   av.it.:  36.4
      thresh= 1.340E-06 alpha_mix =  0.700 |ddv_scf|^2 =  9.367E-12

      iter #   9 total cpu time :649773.9 secs   av.it.:  38.4
      thresh= 3.061E-07 alpha_mix =  0.700 |ddv_scf|^2 =  3.518E-13

     End of self-consistent calculation

     Convergence has been achieved 


     Representation #   5 mode #   5

     Self-consistent Calculation

      iter #   1 total cpu time :651215.0 secs   av.it.:  14.1
      thresh= 1.000E-02 alpha_mix =  0.700 |ddv_scf|^2 =  1.363E-07

      iter #   2 total cpu time :651977.1 secs   av.it.:  35.0
      thresh= 3.691E-05 alpha_mix =  0.700 |ddv_scf|^2 =  5.404E-08

      iter #   3 total cpu time :652739.1 secs   av.it.:  34.9
      thresh= 2.325E-05 alpha_mix =  0.700 |ddv_scf|^2 =  1.007E-08

      iter #   4 total cpu time :653498.3 secs   av.it.:  34.6
      thresh= 1.004E-05 alpha_mix =  0.700 |ddv_scf|^2 =  2.090E-09

      iter #   5 total cpu time :654256.8 secs   av.it.:  34.7
      thresh= 4.571E-06 alpha_mix =  0.700 |ddv_scf|^2 =  7.939E-12

      iter #   6 total cpu time :655059.7 secs   av.it.:  38.8
      thresh= 2.818E-07 alpha_mix =  0.700 |ddv_scf|^2 =  1.108E-12

      iter #   7 total cpu time :655870.7 secs   av.it.:  39.3
      thresh= 1.052E-07 alpha_mix =  0.700 |ddv_scf|^2 =  1.153E-12

      iter #   8 total cpu time :656649.2 secs   av.it.:  36.4
      thresh= 1.074E-07 alpha_mix =  0.700 |ddv_scf|^2 =  3.904E-14

     End of self-consistent calculation

     Convergence has been achieved 


     Representation #   6 mode #   6

     Self-consistent Calculation

      iter #   1 total cpu time :658137.8 secs   av.it.:  18.5
      thresh= 1.000E-02 alpha_mix =  0.700 |ddv_scf|^2 =  4.664E-07

      iter #   2 total cpu time :658898.3 secs   av.it.:  34.9
      thresh= 6.829E-05 alpha_mix =  0.700 |ddv_scf|^2 =  3.171E-08

      iter #   3 total cpu time :659709.4 secs   av.it.:  39.0
      thresh= 1.781E-05 alpha_mix =  0.700 |ddv_scf|^2 =  6.319E-08

      iter #   4 total cpu time :660456.8 secs   av.it.:  33.5
      thresh= 2.514E-05 alpha_mix =  0.700 |ddv_scf|^2 =  2.025E-09

      iter #   5 total cpu time :661243.4 secs   av.it.:  37.2
      thresh= 4.499E-06 alpha_mix =  0.700 |ddv_scf|^2 =  8.464E-10

      iter #   6 total cpu time :662057.6 secs   av.it.:  39.7
      thresh= 2.909E-06 alpha_mix =  0.700 |ddv_scf|^2 =  8.543E-10

      iter #   7 total cpu time :662820.6 secs   av.it.:  35.2
      thresh= 2.923E-06 alpha_mix =  0.700 |ddv_scf|^2 =  7.880E-11

      iter #   8 total cpu time :663625.8 secs   av.it.:  38.8
      thresh= 8.877E-07 alpha_mix =  0.700 |ddv_scf|^2 =  5.328E-12

      iter #   9 total cpu time :664430.9 secs   av.it.:  38.8
      thresh= 2.308E-07 alpha_mix =  0.700 |ddv_scf|^2 =  2.934E-12

      iter #  10 total cpu time :665179.5 secs   av.it.:  33.8
      thresh= 1.713E-07 alpha_mix =  0.700 |ddv_scf|^2 =  3.691E-14

     End of self-consistent calculation

     Convergence has been achieved 


     Representation #   7 mode #   7

     Self-consistent Calculation

      iter #   1 total cpu time :666682.6 secs   av.it.:  20.1
      thresh= 1.000E-02 alpha_mix =  0.700 |ddv_scf|^2 =  5.325E-07

      iter #   2 total cpu time :667455.9 secs   av.it.:  35.8
      thresh= 7.297E-05 alpha_mix =  0.700 |ddv_scf|^2 =  1.521E-07

      iter #   3 total cpu time :668239.7 secs   av.it.:  36.7
      thresh= 3.900E-05 alpha_mix =  0.700 |ddv_scf|^2 =  2.244E-07

      iter #   4 total cpu time :668984.7 secs   av.it.:  33.4
      thresh= 4.738E-05 alpha_mix =  0.700 |ddv_scf|^2 =  3.856E-09

      iter #   5 total cpu time :669763.0 secs   av.it.:  36.2
      thresh= 6.209E-06 alpha_mix =  0.700 |ddv_scf|^2 =  1.130E-09

      iter #   6 total cpu time :670573.2 secs   av.it.:  38.9
      thresh= 3.362E-06 alpha_mix =  0.700 |ddv_scf|^2 =  1.467E-10

      iter #   7 total cpu time :671390.6 secs   av.it.:  39.6
      thresh= 1.211E-06 alpha_mix =  0.700 |ddv_scf|^2 =  1.130E-10

      iter #   8 total cpu time :672148.9 secs   av.it.:  34.4
      thresh= 1.063E-06 alpha_mix =  0.700 |ddv_scf|^2 =  7.011E-12

      iter #   9 total cpu time :672945.7 secs   av.it.:  38.1
      thresh= 2.648E-07 alpha_mix =  0.700 |ddv_scf|^2 =  1.989E-13

     End of self-consistent calculation

     Convergence has been achieved 


     Representation #   8 mode #   8

     Self-consistent Calculation

      iter #   1 total cpu time :674392.5 secs   av.it.:  14.8
      thresh= 1.000E-02 alpha_mix =  0.700 |ddv_scf|^2 =  1.873E-07

      iter #   2 total cpu time :675175.3 secs   av.it.:  36.8
      thresh= 4.328E-05 alpha_mix =  0.700 |ddv_scf|^2 =  7.192E-08

      iter #   3 total cpu time :675961.2 secs   av.it.:  37.0
      thresh= 2.682E-05 alpha_mix =  0.700 |ddv_scf|^2 =  4.466E-09

      iter #   4 total cpu time :676761.2 secs   av.it.:  38.5
      thresh= 6.683E-06 alpha_mix =  0.700 |ddv_scf|^2 =  2.921E-09

      iter #   5 total cpu time :677510.5 secs   av.it.:  33.7
      thresh= 5.404E-06 alpha_mix =  0.700 |ddv_scf|^2 =  9.092E-12

      iter #   6 total cpu time :678321.8 secs   av.it.:  39.3
      thresh= 3.015E-07 alpha_mix =  0.700 |ddv_scf|^2 =  4.225E-12

      iter #   7 total cpu time :679105.3 secs   av.it.:  36.8
      thresh= 2.055E-07 alpha_mix =  0.700 |ddv_scf|^2 =  6.328E-13

     End of self-consistent calculation

     Convergence has been achieved 


     Representation #   9 mode #   9

     Self-consistent Calculation

      iter #   1 total cpu time :680556.6 secs   av.it.:  14.7
      thresh= 1.000E-02 alpha_mix =  0.700 |ddv_scf|^2 =  1.968E-07

      iter #   2 total cpu time :681330.0 secs   av.it.:  35.7
      thresh= 4.436E-05 alpha_mix =  0.700 |ddv_scf|^2 =  1.066E-07

      iter #   3 total cpu time :682102.4 secs   av.it.:  35.9
      thresh= 3.264E-05 alpha_mix =  0.700 |ddv_scf|^2 =  8.258E-09

      iter #   4 total cpu time :682885.5 secs   av.it.:  36.8
      thresh= 9.087E-06 alpha_mix =  0.700 |ddv_scf|^2 =  2.421E-09

      iter #   5 total cpu time :683659.1 secs   av.it.:  35.8
      thresh= 4.920E-06 alpha_mix =  0.700 |ddv_scf|^2 =  1.342E-11

      iter #   6 total cpu time :684457.3 secs   av.it.:  38.2
      thresh= 3.663E-07 alpha_mix =  0.700 |ddv_scf|^2 =  1.046E-12

      iter #   7 total cpu time :685261.0 secs   av.it.:  38.5
      thresh= 1.023E-07 alpha_mix =  0.700 |ddv_scf|^2 =  1.762E-13

     End of self-consistent calculation

     Convergence has been achieved 


     Representation #  10 mode #  10

     Self-consistent Calculation

      iter #   1 total cpu time :686749.8 secs   av.it.:  18.5
      thresh= 1.000E-02 alpha_mix =  0.700 |ddv_scf|^2 =  4.690E-07

      iter #   2 total cpu time :687524.1 secs   av.it.:  35.7
      thresh= 6.849E-05 alpha_mix =  0.700 |ddv_scf|^2 =  1.260E-07

      iter #   3 total cpu time :688305.9 secs   av.it.:  36.6
      thresh= 3.550E-05 alpha_mix =  0.700 |ddv_scf|^2 =  2.038E-07

      iter #   4 total cpu time :689050.2 secs   av.it.:  33.3
      thresh= 4.514E-05 alpha_mix =  0.700 |ddv_scf|^2 =  3.104E-09

      iter #   5 total cpu time :689820.3 secs   av.it.:  35.3
      thresh= 5.571E-06 alpha_mix =  0.700 |ddv_scf|^2 =  2.010E-09

      iter #   6 total cpu time :690582.5 secs   av.it.:  34.9
      thresh= 4.483E-06 alpha_mix =  0.700 |ddv_scf|^2 =  3.883E-10

      iter #   7 total cpu time :691359.8 secs   av.it.:  36.2
      thresh= 1.971E-06 alpha_mix =  0.700 |ddv_scf|^2 =  6.096E-11

      iter #   8 total cpu time :692148.1 secs   av.it.:  37.3
      thresh= 7.808E-07 alpha_mix =  0.700 |ddv_scf|^2 =  1.590E-11

      iter #   9 total cpu time :692902.3 secs   av.it.:  34.1
      thresh= 3.988E-07 alpha_mix =  0.700 |ddv_scf|^2 =  1.363E-12

      iter #  10 total cpu time :693702.3 secs   av.it.:  38.3
      thresh= 1.168E-07 alpha_mix =  0.700 |ddv_scf|^2 =  2.671E-13

     End of self-consistent calculation

     Convergence has been achieved 


     Representation #  11 mode #  11

     Self-consistent Calculation

      iter #   1 total cpu time :695149.8 secs   av.it.:  14.7
      thresh= 1.000E-02 alpha_mix =  0.700 |ddv_scf|^2 =  1.990E-07

      iter #   2 total cpu time :695944.2 secs   av.it.:  36.7
      thresh= 4.461E-05 alpha_mix =  0.700 |ddv_scf|^2 =  1.048E-07

      iter #   3 total cpu time :696739.2 secs   av.it.:  37.0
      thresh= 3.238E-05 alpha_mix =  0.700 |ddv_scf|^2 =  1.835E-08

      iter #   4 total cpu time :697496.0 secs   av.it.:  34.0
      thresh= 1.355E-05 alpha_mix =  0.700 |ddv_scf|^2 =  2.049E-09

      iter #   5 total cpu time :698282.1 secs   av.it.:  36.5
      thresh= 4.526E-06 alpha_mix =  0.700 |ddv_scf|^2 =  2.490E-11

      iter #   6 total cpu time :699089.6 secs   av.it.:  38.3
      thresh= 4.990E-07 alpha_mix =  0.700 |ddv_scf|^2 =  1.432E-11

      iter #   7 total cpu time :699840.1 secs   av.it.:  33.2
      thresh= 3.784E-07 alpha_mix =  0.700 |ddv_scf|^2 =  3.059E-13

     End of self-consistent calculation

     Convergence has been achieved 


     Representation #  12 mode #  12

     Self-consistent Calculation

      iter #   1 total cpu time :701296.2 secs   av.it.:  14.9
      thresh= 1.000E-02 alpha_mix =  0.700 |ddv_scf|^2 =  3.467E-07

      iter #   2 total cpu time :702069.0 secs   av.it.:  35.9
      thresh= 5.888E-05 alpha_mix =  0.700 |ddv_scf|^2 =  1.828E-07

      iter #   3 total cpu time :702841.3 secs   av.it.:  36.4
      thresh= 4.275E-05 alpha_mix =  0.700 |ddv_scf|^2 =  1.458E-08

      iter #   4 total cpu time :703613.2 secs   av.it.:  36.2
      thresh= 1.207E-05 alpha_mix =  0.700 |ddv_scf|^2 =  2.065E-09

      iter #   5 total cpu time :704395.2 secs   av.it.:  36.9
      thresh= 4.544E-06 alpha_mix =  0.700 |ddv_scf|^2 =  2.204E-11

      iter #   6 total cpu time :705195.7 secs   av.it.:  38.4
      thresh= 4.695E-07 alpha_mix =  0.700 |ddv_scf|^2 =  4.163E-12

      iter #   7 total cpu time :705951.7 secs   av.it.:  34.2
      thresh= 2.040E-07 alpha_mix =  0.700 |ddv_scf|^2 =  7.049E-13

     End of self-consistent calculation

     Convergence has been achieved 


     Representation #  13 mode #  13

     Self-consistent Calculation

      iter #   1 total cpu time :707399.1 secs   av.it.:  14.9
      thresh= 1.000E-02 alpha_mix =  0.700 |ddv_scf|^2 =  5.578E-07

      iter #   2 total cpu time :708167.6 secs   av.it.:  35.5
      thresh= 7.468E-05 alpha_mix =  0.700 |ddv_scf|^2 =  4.473E-07

      iter #   3 total cpu time :708930.3 secs   av.it.:  35.1
      thresh= 6.688E-05 alpha_mix =  0.700 |ddv_scf|^2 =  2.438E-08

      iter #   4 total cpu time :709680.1 secs   av.it.:  33.7
      thresh= 1.562E-05 alpha_mix =  0.700 |ddv_scf|^2 =  1.972E-09

      iter #   5 total cpu time :710464.3 secs   av.it.:  37.0
      thresh= 4.440E-06 alpha_mix =  0.700 |ddv_scf|^2 =  3.476E-11

      iter #   6 total cpu time :711269.8 secs   av.it.:  38.7
      thresh= 5.896E-07 alpha_mix =  0.700 |ddv_scf|^2 =  7.703E-12

      iter #   7 total cpu time :712043.4 secs   av.it.:  35.9
      thresh= 2.775E-07 alpha_mix =  0.700 |ddv_scf|^2 =  4.746E-13

     End of self-consistent calculation

     Convergence has been achieved 


     Representation #  14 mode #  14

     Self-consistent Calculation

      iter #   1 total cpu time :713498.2 secs   av.it.:  15.1
      thresh= 1.000E-02 alpha_mix =  0.700 |ddv_scf|^2 =  3.228E-07

      iter #   2 total cpu time :714266.3 secs   av.it.:  35.2
      thresh= 5.681E-05 alpha_mix =  0.700 |ddv_scf|^2 =  2.357E-07

      iter #   3 total cpu time :715028.4 secs   av.it.:  34.9
      thresh= 4.855E-05 alpha_mix =  0.700 |ddv_scf|^2 =  3.282E-08

      iter #   4 total cpu time :715771.8 secs   av.it.:  33.3
      thresh= 1.812E-05 alpha_mix =  0.700 |ddv_scf|^2 =  1.932E-09

      iter #   5 total cpu time :716552.2 secs   av.it.:  36.6
      thresh= 4.396E-06 alpha_mix =  0.700 |ddv_scf|^2 =  2.034E-11

      iter #   6 total cpu time :717350.5 secs   av.it.:  38.0
      thresh= 4.510E-07 alpha_mix =  0.700 |ddv_scf|^2 =  1.025E-12

      iter #   7 total cpu time :718160.6 secs   av.it.:  39.3
      thresh= 1.013E-07 alpha_mix =  0.700 |ddv_scf|^2 =  1.013E-12

      iter #   8 total cpu time :718939.4 secs   av.it.:  36.5
      thresh= 1.006E-07 alpha_mix =  0.700 |ddv_scf|^2 =  5.718E-14

     End of self-consistent calculation

     Convergence has been achieved 


     Representation #  15 mode #  15

     Self-consistent Calculation

      iter #   1 total cpu time :720429.6 secs   av.it.:  18.8
      thresh= 1.000E-02 alpha_mix =  0.700 |ddv_scf|^2 =  1.419E-06

      iter #   2 total cpu time :721190.2 secs   av.it.:  34.9
      thresh= 1.191E-04 alpha_mix =  0.700 |ddv_scf|^2 =  1.302E-06

      iter #   3 total cpu time :721940.1 secs   av.it.:  33.8
      thresh= 1.141E-04 alpha_mix =  0.700 |ddv_scf|^2 =  3.427E-07

      iter #   4 total cpu time :722682.2 secs   av.it.:  33.1
      thresh= 5.854E-05 alpha_mix =  0.700 |ddv_scf|^2 =  3.930E-09

      iter #   5 total cpu time :723475.6 secs   av.it.:  37.8
      thresh= 6.269E-06 alpha_mix =  0.700 |ddv_scf|^2 =  2.800E-09

      iter #   6 total cpu time :724261.2 secs   av.it.:  37.3
      thresh= 5.291E-06 alpha_mix =  0.700 |ddv_scf|^2 =  2.124E-10

      iter #   7 total cpu time :725066.6 secs   av.it.:  39.0
      thresh= 1.458E-06 alpha_mix =  0.700 |ddv_scf|^2 =  4.026E-11

      iter #   8 total cpu time :725863.5 secs   av.it.:  38.0
      thresh= 6.345E-07 alpha_mix =  0.700 |ddv_scf|^2 =  5.768E-13

     End of self-consistent calculation

     Convergence has been achieved 


     Representation #  16 mode #  16

     Self-consistent Calculation

      iter #   1 total cpu time :727310.1 secs   av.it.:  15.0
      thresh= 1.000E-02 alpha_mix =  0.700 |ddv_scf|^2 =  4.150E-07

      iter #   2 total cpu time :728084.5 secs   av.it.:  35.5
      thresh= 6.442E-05 alpha_mix =  0.700 |ddv_scf|^2 =  3.879E-07

      iter #   3 total cpu time :728846.4 secs   av.it.:  34.8
      thresh= 6.228E-05 alpha_mix =  0.700 |ddv_scf|^2 =  2.963E-08

      iter #   4 total cpu time :729598.7 secs   av.it.:  33.9
      thresh= 1.721E-05 alpha_mix =  0.700 |ddv_scf|^2 =  2.795E-09

      iter #   5 total cpu time :730380.2 secs   av.it.:  36.8
      thresh= 5.287E-06 alpha_mix =  0.700 |ddv_scf|^2 =  3.843E-11

      iter #   6 total cpu time :731184.7 secs   av.it.:  38.6
      thresh= 6.199E-07 alpha_mix =  0.700 |ddv_scf|^2 =  2.380E-11

      iter #   7 total cpu time :731956.1 secs   av.it.:  35.7
      thresh= 4.878E-07 alpha_mix =  0.700 |ddv_scf|^2 =  4.937E-13

     End of self-consistent calculation

     Convergence has been achieved 


     Representation #  17 mode #  17

     Self-consistent Calculation

      iter #   1 total cpu time :733464.3 secs   av.it.:  19.9
      thresh= 1.000E-02 alpha_mix =  0.700 |ddv_scf|^2 =  1.448E-06

      iter #   2 total cpu time :734226.4 secs   av.it.:  34.9
      thresh= 1.203E-04 alpha_mix =  0.700 |ddv_scf|^2 =  1.324E-06

      iter #   3 total cpu time :734978.8 secs   av.it.:  33.8
      thresh= 1.151E-04 alpha_mix =  0.700 |ddv_scf|^2 =  2.838E-07

      iter #   4 total cpu time :735723.6 secs   av.it.:  33.4
      thresh= 5.328E-05 alpha_mix =  0.700 |ddv_scf|^2 =  5.915E-09

      iter #   5 total cpu time :736524.1 secs   av.it.:  38.2
      thresh= 7.691E-06 alpha_mix =  0.700 |ddv_scf|^2 =  2.299E-09

      iter #   6 total cpu time :737301.2 secs   av.it.:  36.3
      thresh= 4.795E-06 alpha_mix =  0.700 |ddv_scf|^2 =  1.580E-09

      iter #   7 total cpu time :738084.6 secs   av.it.:  36.9
      thresh= 3.974E-06 alpha_mix =  0.700 |ddv_scf|^2 =  9.109E-11

      iter #   8 total cpu time :738895.0 secs   av.it.:  39.0
      thresh= 9.544E-07 alpha_mix =  0.700 |ddv_scf|^2 =  6.765E-11

      iter #   9 total cpu time :739663.7 secs   av.it.:  35.4
      thresh= 8.225E-07 alpha_mix =  0.700 |ddv_scf|^2 =  5.407E-12

      iter #  10 total cpu time :740475.7 secs   av.it.:  39.1
      thresh= 2.325E-07 alpha_mix =  0.700 |ddv_scf|^2 =  2.788E-12

      iter #  11 total cpu time :741249.7 secs   av.it.:  35.7
      thresh= 1.670E-07 alpha_mix =  0.700 |ddv_scf|^2 =  1.201E-13

     End of self-consistent calculation

     Convergence has been achieved 


     Representation #  18 mode #  18

     Self-consistent Calculation

      iter #   1 total cpu time :742694.7 secs   av.it.:  14.3
      thresh= 1.000E-02 alpha_mix =  0.700 |ddv_scf|^2 =  1.597E-07

      iter #   2 total cpu time :743451.4 secs   av.it.:  34.4
      thresh= 3.996E-05 alpha_mix =  0.700 |ddv_scf|^2 =  1.034E-08

      iter #   3 total cpu time :744236.0 secs   av.it.:  37.1
      thresh= 1.017E-05 alpha_mix =  0.700 |ddv_scf|^2 =  5.096E-10

      iter #   4 total cpu time :745045.4 secs   av.it.:  39.1
      thresh= 2.257E-06 alpha_mix =  0.700 |ddv_scf|^2 =  3.818E-10

      iter #   5 total cpu time :745787.2 secs   av.it.:  33.0
      thresh= 1.954E-06 alpha_mix =  0.700 |ddv_scf|^2 =  3.991E-12

      iter #   6 total cpu time :746590.9 secs   av.it.:  38.8
      thresh= 1.998E-07 alpha_mix =  0.700 |ddv_scf|^2 =  7.701E-13

     End of self-consistent calculation

     Convergence has been achieved 


     Representation #  19 mode #  19

     Self-consistent Calculation

      iter #   1 total cpu time :748037.9 secs   av.it.:  15.0
      thresh= 1.000E-02 alpha_mix =  0.700 |ddv_scf|^2 =  4.629E-07

      iter #   2 total cpu time :748807.3 secs   av.it.:  35.6
      thresh= 6.804E-05 alpha_mix =  0.700 |ddv_scf|^2 =  3.714E-07

      iter #   3 total cpu time :749575.7 secs   av.it.:  35.6
      thresh= 6.094E-05 alpha_mix =  0.700 |ddv_scf|^2 =  2.971E-08

      iter #   4 total cpu time :750328.0 secs   av.it.:  33.7
      thresh= 1.724E-05 alpha_mix =  0.700 |ddv_scf|^2 =  2.325E-09

      iter #   5 total cpu time :751114.2 secs   av.it.:  36.9
      thresh= 4.822E-06 alpha_mix =  0.700 |ddv_scf|^2 =  2.654E-11

      iter #   6 total cpu time :751923.3 secs   av.it.:  39.0
      thresh= 5.152E-07 alpha_mix =  0.700 |ddv_scf|^2 =  1.795E-11

      iter #   7 total cpu time :752668.9 secs   av.it.:  33.6
      thresh= 4.237E-07 alpha_mix =  0.700 |ddv_scf|^2 =  2.352E-13

     End of self-consistent calculation

     Convergence has been achieved 


     Representation #  20 mode #  20

     Self-consistent Calculation

      iter #   1 total cpu time :754162.5 secs   av.it.:  18.8
      thresh= 1.000E-02 alpha_mix =  0.700 |ddv_scf|^2 =  6.378E-07

      iter #   2 total cpu time :754929.0 secs   av.it.:  35.2
      thresh= 7.986E-05 alpha_mix =  0.700 |ddv_scf|^2 =  1.571E-07

      iter #   3 total cpu time :755721.1 secs   av.it.:  37.5
      thresh= 3.964E-05 alpha_mix =  0.700 |ddv_scf|^2 =  1.766E-07

      iter #   4 total cpu time :756468.9 secs   av.it.:  33.5
      thresh= 4.203E-05 alpha_mix =  0.700 |ddv_scf|^2 =  3.075E-09

      iter #   5 total cpu time :757253.2 secs   av.it.:  37.0
      thresh= 5.545E-06 alpha_mix =  0.700 |ddv_scf|^2 =  1.629E-09

      iter #   6 total cpu time :758027.7 secs   av.it.:  36.0
      thresh= 4.035E-06 alpha_mix =  0.700 |ddv_scf|^2 =  1.283E-09

      iter #   7 total cpu time :758795.3 secs   av.it.:  35.4
      thresh= 3.582E-06 alpha_mix =  0.700 |ddv_scf|^2 =  5.304E-11

      iter #   8 total cpu time :759610.2 secs   av.it.:  39.5
      thresh= 7.283E-07 alpha_mix =  0.700 |ddv_scf|^2 =  2.572E-11

      iter #   9 total cpu time :760395.5 secs   av.it.:  36.9
      thresh= 5.072E-07 alpha_mix =  0.700 |ddv_scf|^2 =  3.064E-12

      iter #  10 total cpu time :761189.7 secs   av.it.:  37.8
      thresh= 1.750E-07 alpha_mix =  0.700 |ddv_scf|^2 =  1.796E-13

     End of self-consistent calculation

     Convergence has been achieved 


     Representation #  21 mode #  21

     Self-consistent Calculation

      iter #   1 total cpu time :762685.4 secs   av.it.:  18.6
      thresh= 1.000E-02 alpha_mix =  0.700 |ddv_scf|^2 =  5.146E-07

      iter #   2 total cpu time :763456.2 secs   av.it.:  35.6
      thresh= 7.173E-05 alpha_mix =  0.700 |ddv_scf|^2 =  1.447E-07

      iter #   3 total cpu time :764231.6 secs   av.it.:  36.0
      thresh= 3.804E-05 alpha_mix =  0.700 |ddv_scf|^2 =  2.013E-07

      iter #   4 total cpu time :764971.4 secs   av.it.:  33.1
      thresh= 4.487E-05 alpha_mix =  0.700 |ddv_scf|^2 =  3.293E-09

      iter #   5 total cpu time :765746.3 secs   av.it.:  36.2
      thresh= 5.738E-06 alpha_mix =  0.700 |ddv_scf|^2 =  1.518E-09

      iter #   6 total cpu time :766515.0 secs   av.it.:  35.5
      thresh= 3.897E-06 alpha_mix =  0.700 |ddv_scf|^2 =  1.077E-09

      iter #   7 total cpu time :767286.4 secs   av.it.:  35.8
      thresh= 3.282E-06 alpha_mix =  0.700 |ddv_scf|^2 =  4.313E-11

      iter #   8 total cpu time :768102.4 secs   av.it.:  39.5
      thresh= 6.567E-07 alpha_mix =  0.700 |ddv_scf|^2 =  2.974E-11

      iter #   9 total cpu time :768852.7 secs   av.it.:  33.9
      thresh= 5.453E-07 alpha_mix =  0.700 |ddv_scf|^2 =  1.331E-12

      iter #  10 total cpu time :769657.5 secs   av.it.:  38.7
      thresh= 1.154E-07 alpha_mix =  0.700 |ddv_scf|^2 =  1.092E-13

     End of self-consistent calculation

     Convergence has been achieved 


     Representation #  22 mode #  22

     Self-consistent Calculation

      iter #   1 total cpu time :771105.1 secs   av.it.:  14.7
      thresh= 1.000E-02 alpha_mix =  0.700 |ddv_scf|^2 =  1.245E-07

      iter #   2 total cpu time :771890.8 secs   av.it.:  37.1
      thresh= 3.529E-05 alpha_mix =  0.700 |ddv_scf|^2 =  4.976E-08

      iter #   3 total cpu time :772674.5 secs   av.it.:  37.0
      thresh= 2.231E-05 alpha_mix =  0.700 |ddv_scf|^2 =  1.104E-08

      iter #   4 total cpu time :773444.8 secs   av.it.:  35.8
      thresh= 1.051E-05 alpha_mix =  0.700 |ddv_scf|^2 =  1.569E-09

      iter #   5 total cpu time :774227.4 secs   av.it.:  36.9
      thresh= 3.961E-06 alpha_mix =  0.700 |ddv_scf|^2 =  1.514E-11

      iter #   6 total cpu time :775028.0 secs   av.it.:  38.3
      thresh= 3.891E-07 alpha_mix =  0.700 |ddv_scf|^2 =  9.939E-12

      iter #   7 total cpu time :775809.0 secs   av.it.:  36.4
      thresh= 3.153E-07 alpha_mix =  0.700 |ddv_scf|^2 =  2.503E-13

     End of self-consistent calculation

     Convergence has been achieved 


     Representation #  23 mode #  23

     Self-consistent Calculation

      iter #   1 total cpu time :777256.8 secs   av.it.:  14.5
      thresh= 1.000E-02 alpha_mix =  0.700 |ddv_scf|^2 =  1.707E-07

      iter #   2 total cpu time :778030.6 secs   av.it.:  36.0
      thresh= 4.132E-05 alpha_mix =  0.700 |ddv_scf|^2 =  1.029E-07

      iter #   3 total cpu time :778807.8 secs   av.it.:  36.4
      thresh= 3.207E-05 alpha_mix =  0.700 |ddv_scf|^2 =  1.883E-08

      iter #   4 total cpu time :779556.9 secs   av.it.:  33.8
      thresh= 1.372E-05 alpha_mix =  0.700 |ddv_scf|^2 =  2.062E-09

      iter #   5 total cpu time :780341.1 secs   av.it.:  36.8
      thresh= 4.541E-06 alpha_mix =  0.700 |ddv_scf|^2 =  2.338E-11

      iter #   6 total cpu time :781142.6 secs   av.it.:  38.4
      thresh= 4.835E-07 alpha_mix =  0.700 |ddv_scf|^2 =  1.496E-11

      iter #   7 total cpu time :781927.7 secs   av.it.:  36.6
      thresh= 3.868E-07 alpha_mix =  0.700 |ddv_scf|^2 =  3.768E-13

     End of self-consistent calculation

     Convergence has been achieved 


     Representation #  24 mode #  24

     Self-consistent Calculation

      iter #   1 total cpu time :783442.3 secs   av.it.:  20.1
      thresh= 1.000E-02 alpha_mix =  0.700 |ddv_scf|^2 =  4.716E-07

      iter #   2 total cpu time :784226.0 secs   av.it.:  36.4
      thresh= 6.867E-05 alpha_mix =  0.700 |ddv_scf|^2 =  1.660E-07

      iter #   3 total cpu time :785005.5 secs   av.it.:  36.4
      thresh= 4.074E-05 alpha_mix =  0.700 |ddv_scf|^2 =  2.112E-07

      iter #   4 total cpu time :785756.7 secs   av.it.:  33.5
      thresh= 4.595E-05 alpha_mix =  0.700 |ddv_scf|^2 =  3.623E-09

      iter #   5 total cpu time :786524.9 secs   av.it.:  35.2
      thresh= 6.019E-06 alpha_mix =  0.700 |ddv_scf|^2 =  2.052E-09

      iter #   6 total cpu time :787295.5 secs   av.it.:  35.7
      thresh= 4.530E-06 alpha_mix =  0.700 |ddv_scf|^2 =  6.747E-10

      iter #   7 total cpu time :788075.8 secs   av.it.:  36.6
      thresh= 2.598E-06 alpha_mix =  0.700 |ddv_scf|^2 =  7.112E-11

      iter #   8 total cpu time :788870.7 secs   av.it.:  37.9
      thresh= 8.433E-07 alpha_mix =  0.700 |ddv_scf|^2 =  7.064E-12

      iter #   9 total cpu time :789659.5 secs   av.it.:  37.6
      thresh= 2.658E-07 alpha_mix =  0.700 |ddv_scf|^2 =  1.144E-12

      iter #  10 total cpu time :790451.8 secs   av.it.:  37.8
      thresh= 1.070E-07 alpha_mix =  0.700 |ddv_scf|^2 =  8.997E-14

     End of self-consistent calculation

     Convergence has been achieved 


     Representation #  25 mode #  25

     Self-consistent Calculation

      iter #   1 total cpu time :791893.1 secs   av.it.:  14.3
      thresh= 1.000E-02 alpha_mix =  0.700 |ddv_scf|^2 =  1.053E-07

      iter #   2 total cpu time :792674.6 secs   av.it.:  36.4
      thresh= 3.245E-05 alpha_mix =  0.700 |ddv_scf|^2 =  8.672E-09

      iter #   3 total cpu time :793473.2 secs   av.it.:  38.2
      thresh= 9.312E-06 alpha_mix =  0.700 |ddv_scf|^2 =  1.706E-09

      iter #   4 total cpu time :794270.3 secs   av.it.:  37.3
      thresh= 4.130E-06 alpha_mix =  0.700 |ddv_scf|^2 =  2.248E-10

      iter #   5 total cpu time :795062.3 secs   av.it.:  37.5
      thresh= 1.499E-06 alpha_mix =  0.700 |ddv_scf|^2 =  3.432E-11

      iter #   6 total cpu time :795844.1 secs   av.it.:  36.3
      thresh= 5.858E-07 alpha_mix =  0.700 |ddv_scf|^2 =  2.243E-12

      iter #   7 total cpu time :796635.0 secs   av.it.:  37.4
      thresh= 1.498E-07 alpha_mix =  0.700 |ddv_scf|^2 =  4.271E-13

     End of self-consistent calculation

     Convergence has been achieved 


     Representation #  26 mode #  26

     Self-consistent Calculation

      iter #   1 total cpu time :798074.8 secs   av.it.:  14.4
      thresh= 1.000E-02 alpha_mix =  0.700 |ddv_scf|^2 =  1.339E-07

      iter #   2 total cpu time :798847.6 secs   av.it.:  36.0
      thresh= 3.659E-05 alpha_mix =  0.700 |ddv_scf|^2 =  6.746E-08

      iter #   3 total cpu time :799633.0 secs   av.it.:  36.9
      thresh= 2.597E-05 alpha_mix =  0.700 |ddv_scf|^2 =  1.807E-08

      iter #   4 total cpu time :800379.8 secs   av.it.:  33.6
      thresh= 1.344E-05 alpha_mix =  0.700 |ddv_scf|^2 =  1.361E-09

      iter #   5 total cpu time :801161.7 secs   av.it.:  36.8
      thresh= 3.689E-06 alpha_mix =  0.700 |ddv_scf|^2 =  1.886E-11

      iter #   6 total cpu time :801964.2 secs   av.it.:  38.8
      thresh= 4.343E-07 alpha_mix =  0.700 |ddv_scf|^2 =  1.434E-11

      iter #   7 total cpu time :802726.3 secs   av.it.:  35.1
      thresh= 3.787E-07 alpha_mix =  0.700 |ddv_scf|^2 =  2.948E-13

     End of self-consistent calculation

     Convergence has been achieved 


     Representation #  27 mode #  27

     Self-consistent Calculation

      iter #   1 total cpu time :804229.1 secs   av.it.:  20.1
      thresh= 1.000E-02 alpha_mix =  0.700 |ddv_scf|^2 =  5.680E-07

      iter #   2 total cpu time :805002.9 secs   av.it.:  36.0
      thresh= 7.537E-05 alpha_mix =  0.700 |ddv_scf|^2 =  2.633E-07

      iter #   3 total cpu time :805773.0 secs   av.it.:  35.5
      thresh= 5.131E-05 alpha_mix =  0.700 |ddv_scf|^2 =  1.915E-07

      iter #   4 total cpu time :806518.4 secs   av.it.:  33.5
      thresh= 4.376E-05 alpha_mix =  0.700 |ddv_scf|^2 =  3.435E-09

      iter #   5 total cpu time :807312.7 secs   av.it.:  37.8
      thresh= 5.861E-06 alpha_mix =  0.700 |ddv_scf|^2 =  1.782E-09

      iter #   6 total cpu time :808087.3 secs   av.it.:  35.9
      thresh= 4.222E-06 alpha_mix =  0.700 |ddv_scf|^2 =  1.242E-09

      iter #   7 total cpu time :808867.0 secs   av.it.:  36.4
      thresh= 3.524E-06 alpha_mix =  0.700 |ddv_scf|^2 =  1.274E-10

      iter #   8 total cpu time :809660.0 secs   av.it.:  37.7
      thresh= 1.129E-06 alpha_mix =  0.700 |ddv_scf|^2 =  2.601E-12

      iter #   9 total cpu time :810467.1 secs   av.it.:  39.1
      thresh= 1.613E-07 alpha_mix =  0.700 |ddv_scf|^2 =  4.204E-13

     End of self-consistent calculation

     Convergence has been achieved 


     Representation #  28 mode #  28

     Self-consistent Calculation

      iter #   1 total cpu time :811955.0 secs   av.it.:  18.6
      thresh= 1.000E-02 alpha_mix =  0.700 |ddv_scf|^2 =  9.099E-07

      iter #   2 total cpu time :812721.7 secs   av.it.:  35.3
      thresh= 9.539E-05 alpha_mix =  0.700 |ddv_scf|^2 =  5.622E-07

      iter #   3 total cpu time :813489.3 secs   av.it.:  35.4
      thresh= 7.498E-05 alpha_mix =  0.700 |ddv_scf|^2 =  2.807E-07

      iter #   4 total cpu time :814229.1 secs   av.it.:  33.2
      thresh= 5.298E-05 alpha_mix =  0.700 |ddv_scf|^2 =  3.823E-09

      iter #   5 total cpu time :815023.7 secs   av.it.:  37.9
      thresh= 6.183E-06 alpha_mix =  0.700 |ddv_scf|^2 =  2.297E-09

      iter #   6 total cpu time :815804.6 secs   av.it.:  36.7
      thresh= 4.793E-06 alpha_mix =  0.700 |ddv_scf|^2 =  1.573E-09

      iter #   7 total cpu time :816566.4 secs   av.it.:  35.0
      thresh= 3.966E-06 alpha_mix =  0.700 |ddv_scf|^2 =  1.053E-10

      iter #   8 total cpu time :817368.0 secs   av.it.:  38.6
      thresh= 1.026E-06 alpha_mix =  0.700 |ddv_scf|^2 =  1.139E-11

      iter #   9 total cpu time :818171.0 secs   av.it.:  38.6
      thresh= 3.375E-07 alpha_mix =  0.700 |ddv_scf|^2 =  4.576E-12

      iter #  10 total cpu time :818954.5 secs   av.it.:  36.9
      thresh= 2.139E-07 alpha_mix =  0.700 |ddv_scf|^2 =  4.675E-13

     End of self-consistent calculation

     Convergence has been achieved 


     Representation #  29 mode #  29

     Self-consistent Calculation

      iter #   1 total cpu time :820405.8 secs   av.it.:  15.0
      thresh= 1.000E-02 alpha_mix =  0.700 |ddv_scf|^2 =  2.341E-07

      iter #   2 total cpu time :821173.6 secs   av.it.:  35.4
      thresh= 4.838E-05 alpha_mix =  0.700 |ddv_scf|^2 =  1.337E-07

      iter #   3 total cpu time :821949.1 secs   av.it.:  36.1
      thresh= 3.656E-05 alpha_mix =  0.700 |ddv_scf|^2 =  2.804E-08

      iter #   4 total cpu time :822695.4 secs   av.it.:  33.6
      thresh= 1.675E-05 alpha_mix =  0.700 |ddv_scf|^2 =  9.994E-10

      iter #   5 total cpu time :823486.9 secs   av.it.:  37.3
      thresh= 3.161E-06 alpha_mix =  0.700 |ddv_scf|^2 =  1.986E-11

      iter #   6 total cpu time :824297.7 secs   av.it.:  39.0
      thresh= 4.457E-07 alpha_mix =  0.700 |ddv_scf|^2 =  1.037E-11

      iter #   7 total cpu time :825059.9 secs   av.it.:  34.9
      thresh= 3.221E-07 alpha_mix =  0.700 |ddv_scf|^2 =  2.879E-13

     End of self-consistent calculation

     Convergence has been achieved 


     Representation #  30 mode #  30

     Self-consistent Calculation

      iter #   1 total cpu time :826496.8 secs   av.it.:  14.4
      thresh= 1.000E-02 alpha_mix =  0.700 |ddv_scf|^2 =  2.045E-07

      iter #   2 total cpu time :827277.4 secs   av.it.:  36.8
      thresh= 4.522E-05 alpha_mix =  0.700 |ddv_scf|^2 =  5.116E-08

      iter #   3 total cpu time :828066.1 secs   av.it.:  37.3
      thresh= 2.262E-05 alpha_mix =  0.700 |ddv_scf|^2 =  7.337E-09

      iter #   4 total cpu time :828851.9 secs   av.it.:  37.0
      thresh= 8.565E-06 alpha_mix =  0.700 |ddv_scf|^2 =  1.232E-09

      iter #   5 total cpu time :829631.4 secs   av.it.:  36.5
      thresh= 3.509E-06 alpha_mix =  0.700 |ddv_scf|^2 =  1.352E-11

      iter #   6 total cpu time :830437.8 secs   av.it.:  39.1
      thresh= 3.676E-07 alpha_mix =  0.700 |ddv_scf|^2 =  7.682E-12

      iter #   7 total cpu time :831201.9 secs   av.it.:  35.1
      thresh= 2.772E-07 alpha_mix =  0.700 |ddv_scf|^2 =  2.872E-13

     End of self-consistent calculation

     Convergence has been achieved 

     Number of q in the star =    1
     List of q in the star:
          1  -0.002434944  -1.061983143   0.062264447

     Diagonalizing the dynamical matrix

     q = (   -0.002434944  -1.061983143   0.062264447 ) 

 **************************************************************************
     freq (    1) =       2.074957 [THz] =      69.213115 [cm-1]
     freq (    2) =       2.540957 [THz] =      84.757194 [cm-1]
     freq (    3) =       2.795786 [THz] =      93.257386 [cm-1]
     freq (    4) =       3.812725 [THz] =     127.178800 [cm-1]
     freq (    5) =       4.225482 [THz] =     140.946924 [cm-1]
     freq (    6) =       4.431873 [THz] =     147.831373 [cm-1]
     freq (    7) =       5.562842 [THz] =     185.556435 [cm-1]
     freq (    8) =       5.999898 [THz] =     200.135061 [cm-1]
     freq (    9) =       6.212412 [THz] =     207.223761 [cm-1]
     freq (   10) =       6.562682 [THz] =     218.907504 [cm-1]
     freq (   11) =       7.115845 [THz] =     237.359024 [cm-1]
     freq (   12) =       7.556312 [THz] =     252.051426 [cm-1]
     freq (   13) =       8.116011 [THz] =     270.720984 [cm-1]
     freq (   14) =       8.447253 [THz] =     281.770018 [cm-1]
     freq (   15) =       8.537534 [THz] =     284.781477 [cm-1]
     freq (   16) =       9.338205 [THz] =     311.488974 [cm-1]
     freq (   17) =       9.369139 [THz] =     312.520834 [cm-1]
     freq (   18) =      10.056534 [THz] =     335.449851 [cm-1]
     freq (   19) =      10.873343 [THz] =     362.695676 [cm-1]
     freq (   20) =      11.327849 [THz] =     377.856369 [cm-1]
     freq (   21) =      12.078225 [THz] =     402.886209 [cm-1]
     freq (   22) =      13.007703 [THz] =     433.890267 [cm-1]
     freq (   23) =      13.041404 [THz] =     435.014396 [cm-1]
     freq (   24) =      13.691589 [THz] =     456.702258 [cm-1]
     freq (   25) =      14.319883 [THz] =     477.659881 [cm-1]
     freq (   26) =      15.378124 [THz] =     512.959013 [cm-1]
     freq (   27) =      15.529566 [THz] =     518.010567 [cm-1]
     freq (   28) =      16.468307 [THz] =     549.323601 [cm-1]
     freq (   29) =      17.298957 [THz] =     577.031109 [cm-1]
     freq (   30) =      17.310429 [THz] =     577.413762 [cm-1]
 **************************************************************************

     Mode symmetry, C_i (-1)    point group:

     freq (   1-   1) =         69.2  [cm-1]   --> A_g                
     freq (   2-   2) =         84.8  [cm-1]   --> A_u                
     freq (   3-   3) =         93.3  [cm-1]   --> A_g                
     freq (   4-   4) =        127.2  [cm-1]   --> A_u                
     freq (   5-   5) =        140.9  [cm-1]   --> A_g                
     freq (   6-   6) =        147.8  [cm-1]   --> A_u                
     freq (   7-   7) =        185.6  [cm-1]   --> A_u                
     freq (   8-   8) =        200.1  [cm-1]   --> A_g                
     freq (   9-   9) =        207.2  [cm-1]   --> A_g                
     freq (  10-  10) =        218.9  [cm-1]   --> A_g                
     freq (  11-  11) =        237.4  [cm-1]   --> A_u                
     freq (  12-  12) =        252.1  [cm-1]   --> A_g                
     freq (  13-  13) =        270.7  [cm-1]   --> A_u                
     freq (  14-  14) =        281.8  [cm-1]   --> A_g                
     freq (  15-  15) =        284.8  [cm-1]   --> A_u                
     freq (  16-  16) =        311.5  [cm-1]   --> A_g                
     freq (  17-  17) =        312.5  [cm-1]   --> A_u                
     freq (  18-  18) =        335.4  [cm-1]   --> A_u                
     freq (  19-  19) =        362.7  [cm-1]   --> A_g                
     freq (  20-  20) =        377.9  [cm-1]   --> A_u                
     freq (  21-  21) =        402.9  [cm-1]   --> A_g                
     freq (  22-  22) =        433.9  [cm-1]   --> A_u                
     freq (  23-  23) =        435.0  [cm-1]   --> A_g                
     freq (  24-  24) =        456.7  [cm-1]   --> A_u                
     freq (  25-  25) =        477.7  [cm-1]   --> A_u                
     freq (  26-  26) =        513.0  [cm-1]   --> A_u                
     freq (  27-  27) =        518.0  [cm-1]   --> A_g                
     freq (  28-  28) =        549.3  [cm-1]   --> A_g                
     freq (  29-  29) =        577.0  [cm-1]   --> A_g                
     freq (  30-  30) =        577.4  [cm-1]   --> A_u                

     Calculation of q =   -0.0034805  -1.0622420  -0.4999361

     Parallelization info
     --------------------
     sticks:   dense  smooth     PW     G-vecs:    dense   smooth      PW
     Min          99      49     17                 5907     2087     421
     Max         100      50     18                 5911     2092     425
     Sum        3769    1889    647               224509    79403   16067

     Using Slab Decomposition


     Title: 
     Ga2O3 phonon grid                                                          


     bravais-lattice index     =            0
     lattice parameter (alat)  =      12.5163  a.u.
     unit-cell volume          =     820.9989 (a.u.)^3
     number of atoms/cell      =           10
     number of atomic types    =            2
     number of electrons       =        88.00
     number of Kohn-Sham states=           44
     kinetic-energy cutoff     =      80.0000  Ry
     charge density cutoff     =     640.0000  Ry
     Exchange-correlation= PBE
                           (   1   4   3   4   0   0   0)

     celldm(1)=  12.516274  celldm(2)=   0.000000  celldm(3)=   0.000000
     celldm(4)=   0.000000  celldm(5)=   0.000000  celldm(6)=   0.000000

     crystal axes: (cart. coord. in units of alat)
               a(1) = (   0.999995  -0.002402  -0.001859 )  
               a(2) = (   0.883365   0.468683  -0.001859 )  
               a(3) = (   0.208584   0.051641   0.888951 )  

     reciprocal axes: (cart. coord. in units 2 pi/alat)
               b(1) = (  0.995267 -1.876353 -0.124529 )  
               b(2) = (  0.004870  2.123966 -0.124529 )  
               b(3) = (  0.002091  0.000518  1.124401 )  


     PseudoPot. # 1 for O  read from file:
     ./pseudo/O.pbe-n-kjpaw_psl.1.0.0.UPF
     MD5 check sum: e99d9cef9b487d1ca56f5b95ecd0fd7a
     Pseudo is Projector augmented-wave + core cor, Zval =  6.0
     Generated using &quot;atomic&quot; code by A. Dal Corso  v.6.3
     Shape of augmentation charge: PSQ
     Using radial grid of 1095 points,  4 beta functions with: 
                l(1) =   0
                l(2) =   0
                l(3) =   1
                l(4) =   1
     Q(r) pseudized with 0 coefficients 


     PseudoPot. # 2 for Ga read from file:
     ./pseudo/Ga.pbe-dn-kjpaw_psl.1.0.0.UPF
     MD5 check sum: 50ce49cbf7e0a40ad8623bf41840a268
     Pseudo is Projector augmented-wave + core cor, Zval = 13.0
     Generated using &quot;atomic&quot; code by A. Dal Corso  v.6.3
     Shape of augmentation charge: PSQ
     Using radial grid of 1205 points,  6 beta functions with: 
                l(1) =   0
                l(2) =   0
                l(3) =   1
                l(4) =   1
                l(5) =   2
                l(6) =   2
     Q(r) pseudized with 0 coefficients 


     atomic species   valence    mass     pseudopotential
        O              6.00    15.99900     O ( 1.00)
        Ga            13.00    69.72300     Ga( 1.00)

      2 Sym. Ops., with inversion, found



   Cartesian axes

     site n.     atom                  positions (alat units)
         1           Ga  tau(   1) = (   1.3843475   0.3427359   0.6080322  )
         2           Ga  tau(   2) = (   0.7075973   0.1751865   0.2772010  )
         3           Ga  tau(   3) = (   0.2138074   0.0529343   0.1809352  )
         4           Ga  tau(   4) = (   1.8781372   0.4649880   0.7042982  )
         5           O   tau(   5) = (   1.0897907   0.2698097   0.6612741  )
         6           O   tau(   6) = (   1.0021542   0.2481127   0.2239593  )
         7           O   tau(   7) = (   0.4178956   0.1034623   0.3918935  )
         8           O   tau(   8) = (   1.6740492   0.4144601   0.4933398  )
         9           O   tau(   9) = (   1.5854244   0.3925184   0.0952441  )
        10           O   tau(  10) = (   0.5065203   0.1254040   0.7899892  )

     number of k points=  1736

     Number of k-points >= 100: set verbosity='high' to print them.

     Dense  grid:   224509 G-vectors     FFT dimensions: ( 108, 108,  96)

     Smooth grid:    79403 G-vectors     FFT dimensions: (  72,  72,  72)

     Estimated max dynamical RAM per process >      25.41 MB

     Estimated total dynamical RAM >     965.71 MB

     The potential is recalculated from file :
     ./tmp/_ph0/Ga2O3-Bands.save/charge-density

     Starting wfcs are   60 atomic wfcs
     Checking if some PAW data can be deallocated... 

     Band Structure Calculation
     Davidson diagonalization with overlap

     ethr =  1.14E-11,  avg # of iterations = 33.4

     total cpu time spent up to now is     4320.1 secs

     End of band structure calculation

     Number of k-points >= 100: set verbosity='high' to print the bands.

     highest occupied level (ev):     6.2785

     Writing config to output data dir ./tmp/_ph0/Ga2O3-Bands.save/

     Ga2O3 phonon grid                                                          

     bravais-lattice index     =            0
     lattice parameter (alat)  =      12.5163  a.u.
     unit-cell volume          =     820.9989 (a.u.)^3
     number of atoms/cell      =           10
     number of atomic types    =            2
     kinetic-energy cut-off    =      80.0000  Ry
     charge density cut-off    =     640.0000  Ry
     convergence threshold     =      1.0E-12
     beta                      =       0.7000
     number of iterations used =            4
     Exchange-correlation= PBE
                           (   1   4   3   4   0   0   0)


     celldm(1)=   12.51627  celldm(2)=    0.00000  celldm(3)=    0.00000
     celldm(4)=    0.00000  celldm(5)=    0.00000  celldm(6)=    0.00000

     crystal axes: (cart. coord. in units of alat)
               a(1) = (  1.0000 -0.0024 -0.0019 )  
               a(2) = (  0.8834  0.4687 -0.0019 )  
               a(3) = (  0.2086  0.0516  0.8890 )  

     reciprocal axes: (cart. coord. in units 2 pi/alat)
               b(1) = (  0.9953 -1.8764 -0.1245 )  
               b(2) = (  0.0049  2.1240 -0.1245 )  
               b(3) = (  0.0021  0.0005  1.1244 )  


     Atoms inside the unit cell: 

     Cartesian axes

     site n.  atom      mass           positions (alat units)
        1     Ga  69.7230   tau(    1) = (    1.38435    0.34274    0.60803  )
        2     Ga  69.7230   tau(    2) = (    0.70760    0.17519    0.27720  )
        3     Ga  69.7230   tau(    3) = (    0.21381    0.05293    0.18094  )
        4     Ga  69.7230   tau(    4) = (    1.87814    0.46499    0.70430  )
        5     O   15.9990   tau(    5) = (    1.08979    0.26981    0.66127  )
        6     O   15.9990   tau(    6) = (    1.00215    0.24811    0.22396  )
        7     O   15.9990   tau(    7) = (    0.41790    0.10346    0.39189  )
        8     O   15.9990   tau(    8) = (    1.67405    0.41446    0.49334  )
        9     O   15.9990   tau(    9) = (    1.58542    0.39252    0.09524  )
       10     O   15.9990   tau(   10) = (    0.50652    0.12540    0.78999  )

     Computing dynamical matrix for 
                    q = (  -0.0034805  -1.0622420  -0.4999361 )

      3 Sym.Ops. (with q -> -q+G )


     G cutoff = 2539.6294  (   5908 G-vectors)     FFT grid: (108,108, 96)
     G cutoff = 1269.8147  (   2092 G-vectors)  smooth grid: ( 72, 72, 72)
     number of k points=  1736

     PseudoPot. # 1 for O  read from file:
     ./pseudo/O.pbe-n-kjpaw_psl.1.0.0.UPF
     MD5 check sum: e99d9cef9b487d1ca56f5b95ecd0fd7a
     Pseudo is Projector augmented-wave + core cor, Zval =  6.0
     Generated using &quot;atomic&quot; code by A. Dal Corso  v.6.3
     Shape of augmentation charge: PSQ
     Using radial grid of 1095 points,  4 beta functions with: 
                l(1) =   0
                l(2) =   0
                l(3) =   1
                l(4) =   1
     Q(r) pseudized with 0 coefficients 


     PseudoPot. # 2 for Ga read from file:
     ./pseudo/Ga.pbe-dn-kjpaw_psl.1.0.0.UPF
     MD5 check sum: 50ce49cbf7e0a40ad8623bf41840a268
     Pseudo is Projector augmented-wave + core cor, Zval = 13.0
     Generated using &quot;atomic&quot; code by A. Dal Corso  v.6.3
     Shape of augmentation charge: PSQ
     Using radial grid of 1205 points,  6 beta functions with: 
                l(1) =   0
                l(2) =   0
                l(3) =   1
                l(4) =   1
                l(5) =   2
                l(6) =   2
     Q(r) pseudized with 0 coefficients 


     Mode symmetry, C_i (-1)    point group:


     Atomic displacements:
     There are   30 irreducible representations

     Representation     1      1 modes -  To be done

     Representation     2      1 modes -  To be done

     Representation     3      1 modes -  To be done

     Representation     4      1 modes -  To be done

     Representation     5      1 modes -  To be done

     Representation     6      1 modes -  To be done

     Representation     7      1 modes -  To be done

     Representation     8      1 modes -  To be done

     Representation     9      1 modes -  To be done

     Representation    10      1 modes -  To be done

     Representation    11      1 modes -  To be done

     Representation    12      1 modes -  To be done

     Representation    13      1 modes -  To be done

     Representation    14      1 modes -  To be done

     Representation    15      1 modes -  To be done

     Representation    16      1 modes -  To be done

     Representation    17      1 modes -  To be done

     Representation    18      1 modes -  To be done

     Representation    19      1 modes -  To be done

     Representation    20      1 modes -  To be done

     Representation    21      1 modes -  To be done

     Representation    22      1 modes -  To be done

     Representation    23      1 modes -  To be done

     Representation    24      1 modes -  To be done

     Representation    25      1 modes -  To be done

     Representation    26      1 modes -  To be done

     Representation    27      1 modes -  To be done

     Representation    28      1 modes -  To be done

     Representation    29      1 modes -  To be done

     Representation    30      1 modes -  To be done



     Alpha used in Ewald sum =   2.8000
     PHONON       :   6d 8h 0m CPU   9d15h23m WALL



     Representation #   1 mode #   1

     Self-consistent Calculation

      iter #   1 total cpu time :834458.3 secs   av.it.:  15.0
      thresh= 1.000E-02 alpha_mix =  0.700 |ddv_scf|^2 =  3.225E-07

      iter #   2 total cpu time :835234.4 secs   av.it.:  35.8
      thresh= 5.679E-05 alpha_mix =  0.700 |ddv_scf|^2 =  1.984E-07

      iter #   3 total cpu time :836012.9 secs   av.it.:  36.2
      thresh= 4.454E-05 alpha_mix =  0.700 |ddv_scf|^2 =  2.709E-08

      iter #   4 total cpu time :836764.6 secs   av.it.:  33.8
      thresh= 1.646E-05 alpha_mix =  0.700 |ddv_scf|^2 =  1.900E-09

      iter #   5 total cpu time :837550.1 secs   av.it.:  36.9
      thresh= 4.359E-06 alpha_mix =  0.700 |ddv_scf|^2 =  8.634E-11

      iter #   6 total cpu time :838339.6 secs   av.it.:  37.2
      thresh= 9.292E-07 alpha_mix =  0.700 |ddv_scf|^2 =  1.946E-11

      iter #   7 total cpu time :839126.7 secs   av.it.:  36.9
      thresh= 4.412E-07 alpha_mix =  0.700 |ddv_scf|^2 =  2.706E-13

     End of self-consistent calculation

     Convergence has been achieved 


     Representation #   2 mode #   2

     Self-consistent Calculation

      iter #   1 total cpu time :840634.4 secs   av.it.:  19.8
      thresh= 1.000E-02 alpha_mix =  0.700 |ddv_scf|^2 =  1.009E-06

      iter #   2 total cpu time :841400.7 secs   av.it.:  35.1
      thresh= 1.004E-04 alpha_mix =  0.700 |ddv_scf|^2 =  5.499E-07

      iter #   3 total cpu time :842164.8 secs   av.it.:  34.9
      thresh= 7.416E-05 alpha_mix =  0.700 |ddv_scf|^2 =  2.934E-07

      iter #   4 total cpu time :842908.9 secs   av.it.:  33.3
      thresh= 5.417E-05 alpha_mix =  0.700 |ddv_scf|^2 =  4.517E-09

      iter #   5 total cpu time :843701.1 secs   av.it.:  37.4
      thresh= 6.721E-06 alpha_mix =  0.700 |ddv_scf|^2 =  2.538E-09

      iter #   6 total cpu time :844457.1 secs   av.it.:  34.1
      thresh= 5.038E-06 alpha_mix =  0.700 |ddv_scf|^2 =  1.374E-09

      iter #   7 total cpu time :845233.4 secs   av.it.:  36.1
      thresh= 3.707E-06 alpha_mix =  0.700 |ddv_scf|^2 =  4.622E-11

      iter #   8 total cpu time :846044.1 secs   av.it.:  39.1
      thresh= 6.799E-07 alpha_mix =  0.700 |ddv_scf|^2 =  1.628E-11

      iter #   9 total cpu time :846844.5 secs   av.it.:  37.9
      thresh= 4.035E-07 alpha_mix =  0.700 |ddv_scf|^2 =  1.567E-12

      iter #  10 total cpu time :847645.0 secs   av.it.:  38.0
      thresh= 1.252E-07 alpha_mix =  0.700 |ddv_scf|^2 =  1.128E-12

      iter #  11 total cpu time :848431.2 secs   av.it.:  36.7
      thresh= 1.062E-07 alpha_mix =  0.700 |ddv_scf|^2 =  1.467E-13

     End of self-consistent calculation

     Convergence has been achieved 


     Representation #   3 mode #   3

     Self-consistent Calculation

      iter #   1 total cpu time :849876.3 secs   av.it.:  14.3
      thresh= 1.000E-02 alpha_mix =  0.700 |ddv_scf|^2 =  1.420E-07

      iter #   2 total cpu time :850642.1 secs   av.it.:  34.9
      thresh= 3.769E-05 alpha_mix =  0.700 |ddv_scf|^2 =  4.392E-08

      iter #   3 total cpu time :851429.0 secs   av.it.:  36.9
      thresh= 2.096E-05 alpha_mix =  0.700 |ddv_scf|^2 =  1.543E-08

      iter #   4 total cpu time :852179.7 secs   av.it.:  33.8
      thresh= 1.242E-05 alpha_mix =  0.700 |ddv_scf|^2 =  1.067E-09

      iter #   5 total cpu time :852965.1 secs   av.it.:  36.8
      thresh= 3.267E-06 alpha_mix =  0.700 |ddv_scf|^2 =  1.607E-11

      iter #   6 total cpu time :853776.2 secs   av.it.:  38.9
      thresh= 4.008E-07 alpha_mix =  0.700 |ddv_scf|^2 =  1.052E-11

      iter #   7 total cpu time :854554.0 secs   av.it.:  36.1
      thresh= 3.244E-07 alpha_mix =  0.700 |ddv_scf|^2 =  2.404E-13

     End of self-consistent calculation

     Convergence has been achieved 


     Representation #   4 mode #   4

     Self-consistent Calculation

      iter #   1 total cpu time :856003.5 secs   av.it.:  14.8
      thresh= 1.000E-02 alpha_mix =  0.700 |ddv_scf|^2 =  2.542E-07

      iter #   2 total cpu time :856785.0 secs   av.it.:  36.5
      thresh= 5.042E-05 alpha_mix =  0.700 |ddv_scf|^2 =  1.016E-07

      iter #   3 total cpu time :857578.1 secs   av.it.:  36.8
      thresh= 3.188E-05 alpha_mix =  0.700 |ddv_scf|^2 =  1.190E-08

      iter #   4 total cpu time :858364.3 secs   av.it.:  36.3
      thresh= 1.091E-05 alpha_mix =  0.700 |ddv_scf|^2 =  1.834E-09

      iter #   5 total cpu time :859152.1 secs   av.it.:  36.7
      thresh= 4.283E-06 alpha_mix =  0.700 |ddv_scf|^2 =  2.528E-11

      iter #   6 total cpu time :859956.4 secs   av.it.:  38.0
      thresh= 5.028E-07 alpha_mix =  0.700 |ddv_scf|^2 =  3.260E-12

      iter #   7 total cpu time :860753.5 secs   av.it.:  37.5
      thresh= 1.806E-07 alpha_mix =  0.700 |ddv_scf|^2 =  1.112E-12

      iter #   8 total cpu time :861544.5 secs   av.it.:  36.7
      thresh= 1.054E-07 alpha_mix =  0.700 |ddv_scf|^2 =  4.599E-14

     End of self-consistent calculation

     Convergence has been achieved 


     Representation #   5 mode #   5

     Self-consistent Calculation

      iter #   1 total cpu time :863048.4 secs   av.it.:  18.9
      thresh= 1.000E-02 alpha_mix =  0.700 |ddv_scf|^2 =  7.563E-07

      iter #   2 total cpu time :863819.7 secs   av.it.:  35.1
      thresh= 8.696E-05 alpha_mix =  0.700 |ddv_scf|^2 =  3.898E-07

      iter #   3 total cpu time :864587.5 secs   av.it.:  34.8
      thresh= 6.244E-05 alpha_mix =  0.700 |ddv_scf|^2 =  2.115E-07

      iter #   4 total cpu time :865335.9 secs   av.it.:  33.6
      thresh= 4.598E-05 alpha_mix =  0.700 |ddv_scf|^2 =  3.738E-09

      iter #   5 total cpu time :866120.7 secs   av.it.:  37.0
      thresh= 6.114E-06 alpha_mix =  0.700 |ddv_scf|^2 =  9.308E-10

      iter #   6 total cpu time :866931.2 secs   av.it.:  39.2
      thresh= 3.051E-06 alpha_mix =  0.700 |ddv_scf|^2 =  7.237E-10

      iter #   7 total cpu time :867729.1 secs   av.it.:  37.7
      thresh= 2.690E-06 alpha_mix =  0.700 |ddv_scf|^2 =  1.406E-10

      iter #   8 total cpu time :868532.3 secs   av.it.:  37.6
      thresh= 1.186E-06 alpha_mix =  0.700 |ddv_scf|^2 =  9.655E-12

      iter #   9 total cpu time :869344.1 secs   av.it.:  37.8
      thresh= 3.107E-07 alpha_mix =  0.700 |ddv_scf|^2 =  1.132E-12

      iter #  10 total cpu time :870145.7 secs   av.it.:  37.5
      thresh= 1.064E-07 alpha_mix =  0.700 |ddv_scf|^2 =  5.894E-13

     End of self-consistent calculation

     Convergence has been achieved 


     Representation #   6 mode #   6

     Self-consistent Calculation

      iter #   1 total cpu time :871652.8 secs   av.it.:  18.7
      thresh= 1.000E-02 alpha_mix =  0.700 |ddv_scf|^2 =  5.886E-07

      iter #   2 total cpu time :872429.4 secs   av.it.:  35.6
      thresh= 7.672E-05 alpha_mix =  0.700 |ddv_scf|^2 =  2.470E-07

      iter #   3 total cpu time :873203.5 secs   av.it.:  35.2
      thresh= 4.970E-05 alpha_mix =  0.700 |ddv_scf|^2 =  1.787E-07

      iter #   4 total cpu time :873960.1 secs   av.it.:  33.7
      thresh= 4.228E-05 alpha_mix =  0.700 |ddv_scf|^2 =  3.111E-09

      iter #   5 total cpu time :874744.2 secs   av.it.:  37.1
      thresh= 5.578E-06 alpha_mix =  0.700 |ddv_scf|^2 =  1.797E-09

      iter #   6 total cpu time :875504.3 secs   av.it.:  34.9
      thresh= 4.239E-06 alpha_mix =  0.700 |ddv_scf|^2 =  1.043E-09

      iter #   7 total cpu time :876280.3 secs   av.it.:  36.1
      thresh= 3.229E-06 alpha_mix =  0.700 |ddv_scf|^2 =  4.439E-11

      iter #   8 total cpu time :877088.6 secs   av.it.:  39.0
      thresh= 6.663E-07 alpha_mix =  0.700 |ddv_scf|^2 =  4.723E-12

      iter #   9 total cpu time :877890.5 secs   av.it.:  38.4
      thresh= 2.173E-07 alpha_mix =  0.700 |ddv_scf|^2 =  4.233E-13

     End of self-consistent calculation

     Convergence has been achieved 


     Representation #   7 mode #   7

     Self-consistent Calculation

      iter #   1 total cpu time :879333.9 secs   av.it.:  14.7
      thresh= 1.000E-02 alpha_mix =  0.700 |ddv_scf|^2 =  1.195E-07

      iter #   2 total cpu time :880121.8 secs   av.it.:  37.2
      thresh= 3.456E-05 alpha_mix =  0.700 |ddv_scf|^2 =  3.143E-08

      iter #   3 total cpu time :880912.6 secs   av.it.:  37.4
      thresh= 1.773E-05 alpha_mix =  0.700 |ddv_scf|^2 =  6.856E-09

      iter #   4 total cpu time :881700.1 secs   av.it.:  37.1
      thresh= 8.280E-06 alpha_mix =  0.700 |ddv_scf|^2 =  1.557E-09

      iter #   5 total cpu time :882479.1 secs   av.it.:  36.6
      thresh= 3.946E-06 alpha_mix =  0.700 |ddv_scf|^2 =  7.214E-12

      iter #   6 total cpu time :883289.3 secs   av.it.:  39.3
      thresh= 2.686E-07 alpha_mix =  0.700 |ddv_scf|^2 =  5.408E-12

      iter #   7 total cpu time :884051.7 secs   av.it.:  34.8
      thresh= 2.326E-07 alpha_mix =  0.700 |ddv_scf|^2 =  3.172E-13

     End of self-consistent calculation

     Convergence has been achieved 


     Representation #   8 mode #   8

     Self-consistent Calculation

      iter #   1 total cpu time :885494.7 secs   av.it.:  14.5
      thresh= 1.000E-02 alpha_mix =  0.700 |ddv_scf|^2 =  1.740E-07

      iter #   2 total cpu time :886269.5 secs   av.it.:  36.2
      thresh= 4.172E-05 alpha_mix =  0.700 |ddv_scf|^2 =  7.638E-08

      iter #   3 total cpu time :887053.2 secs   av.it.:  36.8
      thresh= 2.764E-05 alpha_mix =  0.700 |ddv_scf|^2 =  1.287E-08

      iter #   4 total cpu time :887816.3 secs   av.it.:  35.0
      thresh= 1.134E-05 alpha_mix =  0.700 |ddv_scf|^2 =  2.374E-09

      iter #   5 total cpu time :888600.3 secs   av.it.:  36.8
      thresh= 4.873E-06 alpha_mix =  0.700 |ddv_scf|^2 =  1.459E-11

      iter #   6 total cpu time :889410.8 secs   av.it.:  39.2
      thresh= 3.819E-07 alpha_mix =  0.700 |ddv_scf|^2 =  6.765E-12

      iter #   7 total cpu time :890161.5 secs   av.it.:  34.0
      thresh= 2.601E-07 alpha_mix =  0.700 |ddv_scf|^2 =  2.706E-13

     End of self-consistent calculation

     Convergence has been achieved 


     Representation #   9 mode #   9

     Self-consistent Calculation

      iter #   1 total cpu time :891667.6 secs   av.it.:  20.2
      thresh= 1.000E-02 alpha_mix =  0.700 |ddv_scf|^2 =  6.341E-07

      iter #   2 total cpu time :892436.0 secs   av.it.:  35.5
      thresh= 7.963E-05 alpha_mix =  0.700 |ddv_scf|^2 =  2.053E-07

      iter #   3 total cpu time :893216.5 secs   av.it.:  36.4
      thresh= 4.531E-05 alpha_mix =  0.700 |ddv_scf|^2 =  2.255E-07

      iter #   4 total cpu time :893960.6 secs   av.it.:  33.3
      thresh= 4.749E-05 alpha_mix =  0.700 |ddv_scf|^2 =  3.839E-09

      iter #   5 total cpu time :894747.0 secs   av.it.:  37.2
      thresh= 6.196E-06 alpha_mix =  0.700 |ddv_scf|^2 =  1.667E-09

      iter #   6 total cpu time :895524.6 secs   av.it.:  36.5
      thresh= 4.083E-06 alpha_mix =  0.700 |ddv_scf|^2 =  1.188E-09

      iter #   7 total cpu time :896290.8 secs   av.it.:  35.4
      thresh= 3.447E-06 alpha_mix =  0.700 |ddv_scf|^2 =  6.451E-11

      iter #   8 total cpu time :897096.1 secs   av.it.:  38.8
      thresh= 8.032E-07 alpha_mix =  0.700 |ddv_scf|^2 =  4.416E-12

      iter #   9 total cpu time :897906.5 secs   av.it.:  39.5
      thresh= 2.102E-07 alpha_mix =  0.700 |ddv_scf|^2 =  1.237E-12

      iter #  10 total cpu time :898694.5 secs   av.it.:  37.2
      thresh= 1.112E-07 alpha_mix =  0.700 |ddv_scf|^2 =  1.379E-13

     End of self-consistent calculation

     Convergence has been achieved 


     Representation #  10 mode #  10

     Self-consistent Calculation

      iter #   1 total cpu time :900135.1 secs   av.it.:  14.6
      thresh= 1.000E-02 alpha_mix =  0.700 |ddv_scf|^2 =  1.515E-07

      iter #   2 total cpu time :900910.0 secs   av.it.:  36.1
      thresh= 3.892E-05 alpha_mix =  0.700 |ddv_scf|^2 =  4.092E-08

      iter #   3 total cpu time :901692.8 secs   av.it.:  36.9
      thresh= 2.023E-05 alpha_mix =  0.700 |ddv_scf|^2 =  4.120E-09

      iter #   4 total cpu time :902487.0 secs   av.it.:  37.6
      thresh= 6.418E-06 alpha_mix =  0.700 |ddv_scf|^2 =  1.581E-09

      iter #   5 total cpu time :903258.3 secs   av.it.:  35.6
      thresh= 3.976E-06 alpha_mix =  0.700 |ddv_scf|^2 =  1.270E-11

      iter #   6 total cpu time :904061.8 secs   av.it.:  38.3
      thresh= 3.563E-07 alpha_mix =  0.700 |ddv_scf|^2 =  1.405E-12

      iter #   7 total cpu time :904863.6 secs   av.it.:  38.3
      thresh= 1.185E-07 alpha_mix =  0.700 |ddv_scf|^2 =  1.315E-12

      iter #   8 total cpu time :905605.1 secs   av.it.:  33.1
      thresh= 1.147E-07 alpha_mix =  0.700 |ddv_scf|^2 =  1.656E-14

     End of self-consistent calculation

     Convergence has been achieved 


     Representation #  11 mode #  11

     Self-consistent Calculation

      iter #   1 total cpu time :907049.4 secs   av.it.:  14.8
      thresh= 1.000E-02 alpha_mix =  0.700 |ddv_scf|^2 =  2.202E-07

      iter #   2 total cpu time :907817.5 secs   av.it.:  35.4
      thresh= 4.692E-05 alpha_mix =  0.700 |ddv_scf|^2 =  9.345E-08

      iter #   3 total cpu time :908599.8 secs   av.it.:  36.6
      thresh= 3.057E-05 alpha_mix =  0.700 |ddv_scf|^2 =  2.288E-08

      iter #   4 total cpu time :909351.7 secs   av.it.:  33.9
      thresh= 1.513E-05 alpha_mix =  0.700 |ddv_scf|^2 =  1.728E-09

      iter #   5 total cpu time :910133.9 secs   av.it.:  36.7
      thresh= 4.157E-06 alpha_mix =  0.700 |ddv_scf|^2 =  2.179E-11

      iter #   6 total cpu time :910926.3 secs   av.it.:  37.7
      thresh= 4.667E-07 alpha_mix =  0.700 |ddv_scf|^2 =  1.657E-12

      iter #   7 total cpu time :911725.0 secs   av.it.:  37.9
      thresh= 1.287E-07 alpha_mix =  0.700 |ddv_scf|^2 =  1.198E-12

      iter #   8 total cpu time :912501.6 secs   av.it.:  36.2
      thresh= 1.094E-07 alpha_mix =  0.700 |ddv_scf|^2 =  3.177E-14

     End of self-consistent calculation

     Convergence has been achieved 


     Representation #  12 mode #  12

     Self-consistent Calculation

      iter #   1 total cpu time :914004.0 secs   av.it.:  19.9
      thresh= 1.000E-02 alpha_mix =  0.700 |ddv_scf|^2 =  4.304E-07

      iter #   2 total cpu time :914784.1 secs   av.it.:  36.3
      thresh= 6.560E-05 alpha_mix =  0.700 |ddv_scf|^2 =  7.966E-08

      iter #   3 total cpu time :915576.2 secs   av.it.:  37.4
      thresh= 2.822E-05 alpha_mix =  0.700 |ddv_scf|^2 =  1.782E-07

      iter #   4 total cpu time :916318.0 secs   av.it.:  33.0
      thresh= 4.221E-05 alpha_mix =  0.700 |ddv_scf|^2 =  3.439E-09

      iter #   5 total cpu time :917099.5 secs   av.it.:  36.6
      thresh= 5.864E-06 alpha_mix =  0.700 |ddv_scf|^2 =  1.255E-09

      iter #   6 total cpu time :917896.7 secs   av.it.:  38.0
      thresh= 3.542E-06 alpha_mix =  0.700 |ddv_scf|^2 =  8.551E-10

      iter #   7 total cpu time :918663.8 secs   av.it.:  35.3
      thresh= 2.924E-06 alpha_mix =  0.700 |ddv_scf|^2 =  6.934E-11

      iter #   8 total cpu time :919468.4 secs   av.it.:  38.5
      thresh= 8.327E-07 alpha_mix =  0.700 |ddv_scf|^2 =  1.687E-12

      iter #   9 total cpu time :920285.4 secs   av.it.:  39.7
      thresh= 1.299E-07 alpha_mix =  0.700 |ddv_scf|^2 =  3.583E-13

     End of self-consistent calculation

     Convergence has been achieved 


     Representation #  13 mode #  13

     Self-consistent Calculation

      iter #   1 total cpu time :921775.8 secs   av.it.:  18.7
      thresh= 1.000E-02 alpha_mix =  0.700 |ddv_scf|^2 =  1.001E-06

      iter #   2 total cpu time :922542.8 secs   av.it.:  35.3
      thresh= 1.000E-04 alpha_mix =  0.700 |ddv_scf|^2 =  7.976E-07

      iter #   3 total cpu time :923299.2 secs   av.it.:  34.4
      thresh= 8.931E-05 alpha_mix =  0.700 |ddv_scf|^2 =  3.205E-07

      iter #   4 total cpu time :924044.8 secs   av.it.:  33.4
      thresh= 5.661E-05 alpha_mix =  0.700 |ddv_scf|^2 =  3.001E-09

      iter #   5 total cpu time :924840.8 secs   av.it.:  38.0
      thresh= 5.478E-06 alpha_mix =  0.700 |ddv_scf|^2 =  1.858E-09

      iter #   6 total cpu time :925641.4 secs   av.it.:  38.4
      thresh= 4.310E-06 alpha_mix =  0.700 |ddv_scf|^2 =  1.217E-09

      iter #   7 total cpu time :926403.9 secs   av.it.:  34.8
      thresh= 3.488E-06 alpha_mix =  0.700 |ddv_scf|^2 =  7.551E-11

      iter #   8 total cpu time :927207.5 secs   av.it.:  38.6
      thresh= 8.690E-07 alpha_mix =  0.700 |ddv_scf|^2 =  1.363E-11

      iter #   9 total cpu time :928005.1 secs   av.it.:  37.9
      thresh= 3.691E-07 alpha_mix =  0.700 |ddv_scf|^2 =  2.425E-12

      iter #  10 total cpu time :928813.3 secs   av.it.:  38.6
      thresh= 1.557E-07 alpha_mix =  0.700 |ddv_scf|^2 =  1.537E-12

      iter #  11 total cpu time :929592.7 secs   av.it.:  36.4
      thresh= 1.240E-07 alpha_mix =  0.700 |ddv_scf|^2 =  8.642E-15

     End of self-consistent calculation

     Convergence has been achieved 


     Representation #  14 mode #  14

     Self-consistent Calculation

      iter #   1 total cpu time :931039.3 secs   av.it.:  15.1
      thresh= 1.000E-02 alpha_mix =  0.700 |ddv_scf|^2 =  2.800E-07

      iter #   2 total cpu time :931804.2 secs   av.it.:  35.1
      thresh= 5.292E-05 alpha_mix =  0.700 |ddv_scf|^2 =  1.974E-07

      iter #   3 total cpu time :932561.0 secs   av.it.:  34.5
      thresh= 4.442E-05 alpha_mix =  0.700 |ddv_scf|^2 =  3.392E-08

      iter #   4 total cpu time :933308.6 secs   av.it.:  33.7
      thresh= 1.842E-05 alpha_mix =  0.700 |ddv_scf|^2 =  1.859E-09

      iter #   5 total cpu time :934090.9 secs   av.it.:  36.7
      thresh= 4.312E-06 alpha_mix =  0.700 |ddv_scf|^2 =  5.790E-11

      iter #   6 total cpu time :934882.6 secs   av.it.:  37.6
      thresh= 7.609E-07 alpha_mix =  0.700 |ddv_scf|^2 =  1.530E-11

      iter #   7 total cpu time :935663.8 secs   av.it.:  36.6
      thresh= 3.912E-07 alpha_mix =  0.700 |ddv_scf|^2 =  2.286E-13

     End of self-consistent calculation

     Convergence has been achieved 


     Representation #  15 mode #  15

     Self-consistent Calculation

      iter #   1 total cpu time :937106.6 secs   av.it.:  14.8
      thresh= 1.000E-02 alpha_mix =  0.700 |ddv_scf|^2 =  3.796E-07

      iter #   2 total cpu time :937882.5 secs   av.it.:  36.2
      thresh= 6.161E-05 alpha_mix =  0.700 |ddv_scf|^2 =  2.148E-07

      iter #   3 total cpu time :938658.2 secs   av.it.:  36.2
      thresh= 4.635E-05 alpha_mix =  0.700 |ddv_scf|^2 =  2.265E-08

      iter #   4 total cpu time :939411.6 secs   av.it.:  34.1
      thresh= 1.505E-05 alpha_mix =  0.700 |ddv_scf|^2 =  1.849E-09

      iter #   5 total cpu time :940198.8 secs   av.it.:  37.1
      thresh= 4.300E-06 alpha_mix =  0.700 |ddv_scf|^2 =  2.302E-11

      iter #   6 total cpu time :941002.3 secs   av.it.:  38.8
      thresh= 4.798E-07 alpha_mix =  0.700 |ddv_scf|^2 =  3.192E-12

      iter #   7 total cpu time :941770.9 secs   av.it.:  35.6
      thresh= 1.787E-07 alpha_mix =  0.700 |ddv_scf|^2 =  1.090E-12

      iter #   8 total cpu time :942525.4 secs   av.it.:  34.3
      thresh= 1.044E-07 alpha_mix =  0.700 |ddv_scf|^2 =  3.536E-14

     End of self-consistent calculation

     Convergence has been achieved 


     Representation #  16 mode #  16

     Self-consistent Calculation

      iter #   1 total cpu time :944024.4 secs   av.it.:  19.7
      thresh= 1.000E-02 alpha_mix =  0.700 |ddv_scf|^2 =  1.017E-06

      iter #   2 total cpu time :944787.3 secs   av.it.:  35.0
      thresh= 1.009E-04 alpha_mix =  0.700 |ddv_scf|^2 =  4.767E-07

      iter #   3 total cpu time :945552.1 secs   av.it.:  34.9
      thresh= 6.904E-05 alpha_mix =  0.700 |ddv_scf|^2 =  2.580E-07

      iter #   4 total cpu time :946295.9 secs   av.it.:  33.2
      thresh= 5.080E-05 alpha_mix =  0.700 |ddv_scf|^2 =  3.337E-09

      iter #   5 total cpu time :947069.4 secs   av.it.:  35.9
      thresh= 5.777E-06 alpha_mix =  0.700 |ddv_scf|^2 =  1.901E-09

      iter #   6 total cpu time :947835.7 secs   av.it.:  35.2
      thresh= 4.360E-06 alpha_mix =  0.700 |ddv_scf|^2 =  1.747E-09

      iter #   7 total cpu time :948600.9 secs   av.it.:  35.2
      thresh= 4.180E-06 alpha_mix =  0.700 |ddv_scf|^2 =  6.221E-11

      iter #   8 total cpu time :949401.4 secs   av.it.:  38.3
      thresh= 7.887E-07 alpha_mix =  0.700 |ddv_scf|^2 =  6.873E-12

      iter #   9 total cpu time :950206.8 secs   av.it.:  38.8
      thresh= 2.622E-07 alpha_mix =  0.700 |ddv_scf|^2 =  2.553E-12

      iter #  10 total cpu time :950959.0 secs   av.it.:  33.8
      thresh= 1.598E-07 alpha_mix =  0.700 |ddv_scf|^2 =  4.359E-13

     End of self-consistent calculation

     Convergence has been achieved 


     Representation #  17 mode #  17

     Self-consistent Calculation

      iter #   1 total cpu time :952405.0 secs   av.it.:  15.0
      thresh= 1.000E-02 alpha_mix =  0.700 |ddv_scf|^2 =  1.722E-07

      iter #   2 total cpu time :953184.5 secs   av.it.:  36.5
      thresh= 4.150E-05 alpha_mix =  0.700 |ddv_scf|^2 =  5.776E-08

      iter #   3 total cpu time :953970.1 secs   av.it.:  36.9
      thresh= 2.403E-05 alpha_mix =  0.700 |ddv_scf|^2 =  1.087E-08

      iter #   4 total cpu time :954753.4 secs   av.it.:  36.2
      thresh= 1.042E-05 alpha_mix =  0.700 |ddv_scf|^2 =  1.819E-09

      iter #   5 total cpu time :955545.2 secs   av.it.:  36.6
      thresh= 4.266E-06 alpha_mix =  0.700 |ddv_scf|^2 =  1.200E-11

      iter #   6 total cpu time :956362.8 secs   av.it.:  39.3
      thresh= 3.464E-07 alpha_mix =  0.700 |ddv_scf|^2 =  9.582E-12

      iter #   7 total cpu time :957134.9 secs   av.it.:  34.9
      thresh= 3.095E-07 alpha_mix =  0.700 |ddv_scf|^2 =  2.169E-13

     End of self-consistent calculation

     Convergence has been achieved 


     Representation #  18 mode #  18

     Self-consistent Calculation

      iter #   1 total cpu time :958588.2 secs   av.it.:  14.8
      thresh= 1.000E-02 alpha_mix =  0.700 |ddv_scf|^2 =  2.152E-07

      iter #   2 total cpu time :959365.7 secs   av.it.:  36.0
      thresh= 4.639E-05 alpha_mix =  0.700 |ddv_scf|^2 =  1.279E-07

      iter #   3 total cpu time :960146.8 secs   av.it.:  36.3
      thresh= 3.576E-05 alpha_mix =  0.700 |ddv_scf|^2 =  2.061E-08

      iter #   4 total cpu time :960898.6 secs   av.it.:  33.9
      thresh= 1.436E-05 alpha_mix =  0.700 |ddv_scf|^2 =  2.394E-09

      iter #   5 total cpu time :961680.4 secs   av.it.:  36.9
      thresh= 4.893E-06 alpha_mix =  0.700 |ddv_scf|^2 =  6.581E-11

      iter #   6 total cpu time :962469.4 secs   av.it.:  37.4
      thresh= 8.112E-07 alpha_mix =  0.700 |ddv_scf|^2 =  6.777E-12

      iter #   7 total cpu time :963272.6 secs   av.it.:  38.6
      thresh= 2.603E-07 alpha_mix =  0.700 |ddv_scf|^2 =  5.684E-13

     End of self-consistent calculation

     Convergence has been achieved 


     Representation #  19 mode #  19

     Self-consistent Calculation

      iter #   1 total cpu time :964776.0 secs   av.it.:  20.2
      thresh= 1.000E-02 alpha_mix =  0.700 |ddv_scf|^2 =  6.486E-07

      iter #   2 total cpu time :965546.4 secs   av.it.:  35.7
      thresh= 8.054E-05 alpha_mix =  0.700 |ddv_scf|^2 =  2.513E-07

      iter #   3 total cpu time :966322.8 secs   av.it.:  36.1
      thresh= 5.012E-05 alpha_mix =  0.700 |ddv_scf|^2 =  2.150E-07

      iter #   4 total cpu time :967070.7 secs   av.it.:  33.4
      thresh= 4.637E-05 alpha_mix =  0.700 |ddv_scf|^2 =  3.617E-09

      iter #   5 total cpu time :967862.9 secs   av.it.:  37.8
      thresh= 6.014E-06 alpha_mix =  0.700 |ddv_scf|^2 =  1.017E-09

      iter #   6 total cpu time :968674.6 secs   av.it.:  39.5
      thresh= 3.188E-06 alpha_mix =  0.700 |ddv_scf|^2 =  7.074E-10

      iter #   7 total cpu time :969455.5 secs   av.it.:  36.7
      thresh= 2.660E-06 alpha_mix =  0.700 |ddv_scf|^2 =  1.220E-10

      iter #   8 total cpu time :970253.5 secs   av.it.:  38.2
      thresh= 1.105E-06 alpha_mix =  0.700 |ddv_scf|^2 =  8.013E-12

      iter #   9 total cpu time :971055.0 secs   av.it.:  38.5
      thresh= 2.831E-07 alpha_mix =  0.700 |ddv_scf|^2 =  7.608E-13

     End of self-consistent calculation

     Convergence has been achieved 


     Representation #  20 mode #  20

     Self-consistent Calculation

      iter #   1 total cpu time :972490.7 secs   av.it.:  14.2
      thresh= 1.000E-02 alpha_mix =  0.700 |ddv_scf|^2 =  1.411E-07

      iter #   2 total cpu time :973253.9 secs   av.it.:  35.0
      thresh= 3.757E-05 alpha_mix =  0.700 |ddv_scf|^2 =  3.870E-08

      iter #   3 total cpu time :974022.7 secs   av.it.:  35.5
      thresh= 1.967E-05 alpha_mix =  0.700 |ddv_scf|^2 =  1.333E-08

      iter #   4 total cpu time :974771.9 secs   av.it.:  33.8
      thresh= 1.155E-05 alpha_mix =  0.700 |ddv_scf|^2 =  1.400E-09

      iter #   5 total cpu time :975547.3 secs   av.it.:  36.1
      thresh= 3.741E-06 alpha_mix =  0.700 |ddv_scf|^2 =  2.558E-11

      iter #   6 total cpu time :976349.5 secs   av.it.:  38.3
      thresh= 5.057E-07 alpha_mix =  0.700 |ddv_scf|^2 =  1.035E-11

      iter #   7 total cpu time :977131.2 secs   av.it.:  36.7
      thresh= 3.217E-07 alpha_mix =  0.700 |ddv_scf|^2 =  2.718E-13

     End of self-consistent calculation

     Convergence has been achieved 


     Representation #  21 mode #  21

     Self-consistent Calculation

      iter #   1 total cpu time :978617.6 secs   av.it.:  18.5
      thresh= 1.000E-02 alpha_mix =  0.700 |ddv_scf|^2 =  5.514E-07

      iter #   2 total cpu time :979380.9 secs   av.it.:  34.9
      thresh= 7.425E-05 alpha_mix =  0.700 |ddv_scf|^2 =  8.926E-08

      iter #   3 total cpu time :980153.7 secs   av.it.:  35.9
      thresh= 2.988E-05 alpha_mix =  0.700 |ddv_scf|^2 =  5.092E-08

      iter #   4 total cpu time :980910.9 secs   av.it.:  34.4
      thresh= 2.257E-05 alpha_mix =  0.700 |ddv_scf|^2 =  1.006E-08

      iter #   5 total cpu time :981665.8 secs   av.it.:  34.4
      thresh= 1.003E-05 alpha_mix =  0.700 |ddv_scf|^2 =  6.295E-10

      iter #   6 total cpu time :982482.0 secs   av.it.:  39.8
      thresh= 2.509E-06 alpha_mix =  0.700 |ddv_scf|^2 =  1.939E-10

      iter #   7 total cpu time :983294.2 secs   av.it.:  39.4
      thresh= 1.393E-06 alpha_mix =  0.700 |ddv_scf|^2 =  1.479E-10

      iter #   8 total cpu time :984047.4 secs   av.it.:  34.1
      thresh= 1.216E-06 alpha_mix =  0.700 |ddv_scf|^2 =  9.387E-12

      iter #   9 total cpu time :984836.9 secs   av.it.:  37.5
      thresh= 3.064E-07 alpha_mix =  0.700 |ddv_scf|^2 =  3.286E-13

     End of self-consistent calculation

     Convergence has been achieved 


     Representation #  22 mode #  22

     Self-consistent Calculation

      iter #   1 total cpu time :986338.8 secs   av.it.:  20.0
      thresh= 1.000E-02 alpha_mix =  0.700 |ddv_scf|^2 =  4.362E-07

      iter #   2 total cpu time :987120.1 secs   av.it.:  36.6
      thresh= 6.605E-05 alpha_mix =  0.700 |ddv_scf|^2 =  1.463E-07

      iter #   3 total cpu time :987897.6 secs   av.it.:  36.1
      thresh= 3.825E-05 alpha_mix =  0.700 |ddv_scf|^2 =  2.340E-07

      iter #   4 total cpu time :988640.3 secs   av.it.:  33.0
      thresh= 4.837E-05 alpha_mix =  0.700 |ddv_scf|^2 =  3.388E-09

      iter #   5 total cpu time :989418.3 secs   av.it.:  36.4
      thresh= 5.820E-06 alpha_mix =  0.700 |ddv_scf|^2 =  6.692E-10

      iter #   6 total cpu time :990232.4 secs   av.it.:  39.4
      thresh= 2.587E-06 alpha_mix =  0.700 |ddv_scf|^2 =  3.596E-10

      iter #   7 total cpu time :991008.2 secs   av.it.:  36.1
      thresh= 1.896E-06 alpha_mix =  0.700 |ddv_scf|^2 =  9.371E-11

      iter #   8 total cpu time :991788.0 secs   av.it.:  36.5
      thresh= 9.681E-07 alpha_mix =  0.700 |ddv_scf|^2 =  1.151E-12

      iter #   9 total cpu time :992600.4 secs   av.it.:  39.4
      thresh= 1.073E-07 alpha_mix =  0.700 |ddv_scf|^2 =  2.927E-13

     End of self-consistent calculation

     Convergence has been achieved 


     Representation #  23 mode #  23

     Self-consistent Calculation

      iter #   1 total cpu time :994042.5 secs   av.it.:  14.9
      thresh= 1.000E-02 alpha_mix =  0.700 |ddv_scf|^2 =  1.842E-07

      iter #   2 total cpu time :994824.4 secs   av.it.:  36.8
      thresh= 4.292E-05 alpha_mix =  0.700 |ddv_scf|^2 =  6.473E-08

      iter #   3 total cpu time :995612.2 secs   av.it.:  37.2
      thresh= 2.544E-05 alpha_mix =  0.700 |ddv_scf|^2 =  8.482E-09

      iter #   4 total cpu time :996401.2 secs   av.it.:  37.3
      thresh= 9.210E-06 alpha_mix =  0.700 |ddv_scf|^2 =  1.993E-09

      iter #   5 total cpu time :997182.9 secs   av.it.:  36.7
      thresh= 4.464E-06 alpha_mix =  0.700 |ddv_scf|^2 =  1.524E-11

      iter #   6 total cpu time :997989.1 secs   av.it.:  38.9
      thresh= 3.904E-07 alpha_mix =  0.700 |ddv_scf|^2 =  4.620E-12

      iter #   7 total cpu time :998767.6 secs   av.it.:  36.3
      thresh= 2.149E-07 alpha_mix =  0.700 |ddv_scf|^2 =  5.260E-13

     End of self-consistent calculation

     Convergence has been achieved 


     Representation #  24 mode #  24

     Self-consistent Calculation

      iter #   1 total cpu time :******** secs   av.it.:  14.7
      thresh= 1.000E-02 alpha_mix =  0.700 |ddv_scf|^2 =  1.475E-07

      iter #   2 total cpu time :******** secs   av.it.:  35.6
      thresh= 3.840E-05 alpha_mix =  0.700 |ddv_scf|^2 =  3.588E-08

      iter #   3 total cpu time :******** secs   av.it.:  37.0
      thresh= 1.894E-05 alpha_mix =  0.700 |ddv_scf|^2 =  6.579E-09

      iter #   4 total cpu time :******** secs   av.it.:  36.5
      thresh= 8.111E-06 alpha_mix =  0.700 |ddv_scf|^2 =  1.372E-09

      iter #   5 total cpu time :******** secs   av.it.:  36.1
      thresh= 3.704E-06 alpha_mix =  0.700 |ddv_scf|^2 =  1.891E-11

      iter #   6 total cpu time :******** secs   av.it.:  38.6
      thresh= 4.348E-07 alpha_mix =  0.700 |ddv_scf|^2 =  1.080E-11

      iter #   7 total cpu time :******** secs   av.it.:  33.6
      thresh= 3.286E-07 alpha_mix =  0.700 |ddv_scf|^2 =  8.559E-13

     End of self-consistent calculation

     Convergence has been achieved 


     Representation #  25 mode #  25

     Self-consistent Calculation

      iter #   1 total cpu time :******** secs   av.it.:  18.6
      thresh= 1.000E-02 alpha_mix =  0.700 |ddv_scf|^2 =  5.366E-07

      iter #   2 total cpu time :******** secs   av.it.:  35.7
      thresh= 7.325E-05 alpha_mix =  0.700 |ddv_scf|^2 =  1.948E-07

      iter #   3 total cpu time :******** secs   av.it.:  35.7
      thresh= 4.413E-05 alpha_mix =  0.700 |ddv_scf|^2 =  2.042E-07

      iter #   4 total cpu time :******** secs   av.it.:  33.5
      thresh= 4.519E-05 alpha_mix =  0.700 |ddv_scf|^2 =  3.080E-09

      iter #   5 total cpu time :******** secs   av.it.:  34.7
      thresh= 5.549E-06 alpha_mix =  0.700 |ddv_scf|^2 =  2.064E-09

      iter #   6 total cpu time :******** secs   av.it.:  34.7
      thresh= 4.543E-06 alpha_mix =  0.700 |ddv_scf|^2 =  6.917E-10

      iter #   7 total cpu time :******** secs   av.it.:  35.2
      thresh= 2.630E-06 alpha_mix =  0.700 |ddv_scf|^2 =  3.433E-11

      iter #   8 total cpu time :******** secs   av.it.:  38.3
      thresh= 5.859E-07 alpha_mix =  0.700 |ddv_scf|^2 =  3.981E-12

      iter #   9 total cpu time :******** secs   av.it.:  37.8
      thresh= 1.995E-07 alpha_mix =  0.700 |ddv_scf|^2 =  8.330E-13

     End of self-consistent calculation

     Convergence has been achieved 


     Representation #  26 mode #  26

     Self-consistent Calculation

      iter #   1 total cpu time :******** secs   av.it.:  14.8
      thresh= 1.000E-02 alpha_mix =  0.700 |ddv_scf|^2 =  2.906E-07

      iter #   2 total cpu time :******** secs   av.it.:  36.0
      thresh= 5.391E-05 alpha_mix =  0.700 |ddv_scf|^2 =  2.225E-07

      iter #   3 total cpu time :******** secs   av.it.:  36.0
      thresh= 4.717E-05 alpha_mix =  0.700 |ddv_scf|^2 =  2.733E-08

      iter #   4 total cpu time :******** secs   av.it.:  33.9
      thresh= 1.653E-05 alpha_mix =  0.700 |ddv_scf|^2 =  2.743E-09

      iter #   5 total cpu time :******** secs   av.it.:  36.8
      thresh= 5.237E-06 alpha_mix =  0.700 |ddv_scf|^2 =  5.629E-11

      iter #   6 total cpu time :******** secs   av.it.:  37.7
      thresh= 7.503E-07 alpha_mix =  0.700 |ddv_scf|^2 =  1.571E-11

      iter #   7 total cpu time :******** secs   av.it.:  36.9
      thresh= 3.964E-07 alpha_mix =  0.700 |ddv_scf|^2 =  2.838E-13

     End of self-consistent calculation

     Convergence has been achieved 


     Representation #  27 mode #  27

     Self-consistent Calculation

      iter #   1 total cpu time :******** secs   av.it.:  14.9
      thresh= 1.000E-02 alpha_mix =  0.700 |ddv_scf|^2 =  2.899E-07

      iter #   2 total cpu time :******** secs   av.it.:  36.2
      thresh= 5.385E-05 alpha_mix =  0.700 |ddv_scf|^2 =  1.581E-07

      iter #   3 total cpu time :******** secs   av.it.:  36.6
      thresh= 3.976E-05 alpha_mix =  0.700 |ddv_scf|^2 =  1.774E-08

      iter #   4 total cpu time :******** secs   av.it.:  34.4
      thresh= 1.332E-05 alpha_mix =  0.700 |ddv_scf|^2 =  1.925E-09

      iter #   5 total cpu time :******** secs   av.it.:  36.8
      thresh= 4.388E-06 alpha_mix =  0.700 |ddv_scf|^2 =  9.747E-11

      iter #   6 total cpu time :******** secs   av.it.:  36.9
      thresh= 9.873E-07 alpha_mix =  0.700 |ddv_scf|^2 =  1.854E-11

      iter #   7 total cpu time :******** secs   av.it.:  37.2
      thresh= 4.306E-07 alpha_mix =  0.700 |ddv_scf|^2 =  4.482E-13

     End of self-consistent calculation

     Convergence has been achieved 


     Representation #  28 mode #  28

     Self-consistent Calculation

      iter #   1 total cpu time :******** secs   av.it.:  14.9
      thresh= 1.000E-02 alpha_mix =  0.700 |ddv_scf|^2 =  3.477E-07

      iter #   2 total cpu time :******** secs   av.it.:  36.4
      thresh= 5.897E-05 alpha_mix =  0.700 |ddv_scf|^2 =  1.997E-07

      iter #   3 total cpu time :******** secs   av.it.:  36.4
      thresh= 4.469E-05 alpha_mix =  0.700 |ddv_scf|^2 =  2.524E-08

      iter #   4 total cpu time :******** secs   av.it.:  34.0
      thresh= 1.589E-05 alpha_mix =  0.700 |ddv_scf|^2 =  1.769E-09

      iter #   5 total cpu time :******** secs   av.it.:  37.2
      thresh= 4.206E-06 alpha_mix =  0.700 |ddv_scf|^2 =  4.702E-11

      iter #   6 total cpu time :******** secs   av.it.:  38.2
      thresh= 6.857E-07 alpha_mix =  0.700 |ddv_scf|^2 =  1.530E-11

      iter #   7 total cpu time :******** secs   av.it.:  37.0
      thresh= 3.911E-07 alpha_mix =  0.700 |ddv_scf|^2 =  3.705E-13

     End of self-consistent calculation

     Convergence has been achieved 


     Representation #  29 mode #  29

     Self-consistent Calculation

      iter #   1 total cpu time :******** secs   av.it.:  15.1
      thresh= 1.000E-02 alpha_mix =  0.700 |ddv_scf|^2 =  3.081E-07

      iter #   2 total cpu time :******** secs   av.it.:  35.3
      thresh= 5.551E-05 alpha_mix =  0.700 |ddv_scf|^2 =  1.874E-07

      iter #   3 total cpu time :******** secs   av.it.:  35.1
      thresh= 4.329E-05 alpha_mix =  0.700 |ddv_scf|^2 =  3.812E-08

      iter #   4 total cpu time :******** secs   av.it.:  33.3
      thresh= 1.953E-05 alpha_mix =  0.700 |ddv_scf|^2 =  1.175E-09

      iter #   5 total cpu time :******** secs   av.it.:  36.8
      thresh= 3.428E-06 alpha_mix =  0.700 |ddv_scf|^2 =  3.545E-11

      iter #   6 total cpu time :******** secs   av.it.:  37.9
      thresh= 5.954E-07 alpha_mix =  0.700 |ddv_scf|^2 =  6.556E-12

      iter #   7 total cpu time :******** secs   av.it.:  33.9
      thresh= 2.561E-07 alpha_mix =  0.700 |ddv_scf|^2 =  1.052E-12

      iter #   8 total cpu time :******** secs   av.it.:  33.6
      thresh= 1.025E-07 alpha_mix =  0.700 |ddv_scf|^2 =  2.632E-14

     End of self-consistent calculation

     Convergence has been achieved 


     Representation #  30 mode #  30

     Self-consistent Calculation

      iter #   1 total cpu time :******** secs   av.it.:  18.8
      thresh= 1.000E-02 alpha_mix =  0.700 |ddv_scf|^2 =  1.252E-06

      iter #   2 total cpu time :******** secs   av.it.:  35.2
      thresh= 1.119E-04 alpha_mix =  0.700 |ddv_scf|^2 =  1.149E-06

      iter #   3 total cpu time :******** secs   av.it.:  34.2
      thresh= 1.072E-04 alpha_mix =  0.700 |ddv_scf|^2 =  3.529E-07

      iter #   4 total cpu time :******** secs   av.it.:  33.4
      thresh= 5.940E-05 alpha_mix =  0.700 |ddv_scf|^2 =  3.483E-09

      iter #   5 total cpu time :******** secs   av.it.:  38.3
      thresh= 5.901E-06 alpha_mix =  0.700 |ddv_scf|^2 =  1.822E-09

      iter #   6 total cpu time :******** secs   av.it.:  38.4
      thresh= 4.268E-06 alpha_mix =  0.700 |ddv_scf|^2 =  1.246E-09

      iter #   7 total cpu time :******** secs   av.it.:  35.7
      thresh= 3.530E-06 alpha_mix =  0.700 |ddv_scf|^2 =  1.235E-10

      iter #   8 total cpu time :******** secs   av.it.:  38.1
      thresh= 1.111E-06 alpha_mix =  0.700 |ddv_scf|^2 =  1.666E-11

      iter #   9 total cpu time :******** secs   av.it.:  38.2
      thresh= 4.082E-07 alpha_mix =  0.700 |ddv_scf|^2 =  1.030E-12

      iter #  10 total cpu time :******** secs   av.it.:  36.6
      thresh= 1.015E-07 alpha_mix =  0.700 |ddv_scf|^2 =  1.656E-12

      iter #  11 total cpu time :******** secs   av.it.:  33.2
      thresh= 1.287E-07 alpha_mix =  0.700 |ddv_scf|^2 =  2.944E-14

     End of self-consistent calculation

     Convergence has been achieved 

     Number of q in the star =    1
     List of q in the star:
          1  -0.003480516  -1.062242017  -0.499936099

     Diagonalizing the dynamical matrix

     q = (   -0.003480516  -1.062242017  -0.499936099 ) 

 **************************************************************************
     freq (    1) =       1.077197 [THz] =      35.931410 [cm-1]
     freq (    2) =       2.078055 [THz] =      69.316469 [cm-1]
     freq (    3) =       3.608498 [THz] =     120.366530 [cm-1]
     freq (    4) =       3.960790 [THz] =     132.117745 [cm-1]
     freq (    5) =       4.124444 [THz] =     137.576656 [cm-1]
     freq (    6) =       4.614586 [THz] =     153.926022 [cm-1]
     freq (    7) =       4.805016 [THz] =     160.278091 [cm-1]
     freq (    8) =       4.847796 [THz] =     161.705067 [cm-1]
     freq (    9) =       6.987757 [THz] =     233.086500 [cm-1]
     freq (   10) =       7.457756 [THz] =     248.763955 [cm-1]
     freq (   11) =       7.686060 [THz] =     256.379360 [cm-1]
     freq (   12) =       7.731824 [THz] =     257.905901 [cm-1]
     freq (   13) =       7.803998 [THz] =     260.313357 [cm-1]
     freq (   14) =       8.224101 [THz] =     274.326495 [cm-1]
     freq (   15) =       8.638077 [THz] =     288.135224 [cm-1]
     freq (   16) =       8.800471 [THz] =     293.552129 [cm-1]
     freq (   17) =       9.639625 [THz] =     321.543286 [cm-1]
     freq (   18) =       9.670527 [THz] =     322.574074 [cm-1]
     freq (   19) =      11.054956 [THz] =     368.753639 [cm-1]
     freq (   20) =      11.524677 [THz] =     384.421837 [cm-1]
     freq (   21) =      12.185528 [THz] =     406.465460 [cm-1]
     freq (   22) =      13.058034 [THz] =     435.569126 [cm-1]
     freq (   23) =      13.754786 [THz] =     458.810287 [cm-1]
     freq (   24) =      13.943671 [THz] =     465.110803 [cm-1]
     freq (   25) =      14.294093 [THz] =     476.799629 [cm-1]
     freq (   26) =      15.017055 [THz] =     500.915032 [cm-1]
     freq (   27) =      16.205332 [THz] =     540.551683 [cm-1]
     freq (   28) =      16.470455 [THz] =     549.395239 [cm-1]
     freq (   29) =      16.892699 [THz] =     563.479775 [cm-1]
     freq (   30) =      17.138026 [THz] =     571.663000 [cm-1]
 **************************************************************************

     Mode symmetry, C_i (-1)    point group:

     freq (   1-   1) =         35.9  [cm-1]   --> A_u                
     freq (   2-   2) =         69.3  [cm-1]   --> A_g                
     freq (   3-   3) =        120.4  [cm-1]   --> A_u                
     freq (   4-   4) =        132.1  [cm-1]   --> A_g                
     freq (   5-   5) =        137.6  [cm-1]   --> A_g                
     freq (   6-   6) =        153.9  [cm-1]   --> A_u                
     freq (   7-   7) =        160.3  [cm-1]   --> A_g                
     freq (   8-   8) =        161.7  [cm-1]   --> A_u                
     freq (   9-   9) =        233.1  [cm-1]   --> A_u                
     freq (  10-  10) =        248.8  [cm-1]   --> A_g                
     freq (  11-  11) =        256.4  [cm-1]   --> A_u                
     freq (  12-  12) =        257.9  [cm-1]   --> A_g                
     freq (  13-  13) =        260.3  [cm-1]   --> A_u                
     freq (  14-  14) =        274.3  [cm-1]   --> A_g                
     freq (  15-  15) =        288.1  [cm-1]   --> A_u                
     freq (  16-  16) =        293.6  [cm-1]   --> A_g                
     freq (  17-  17) =        321.5  [cm-1]   --> A_g                
     freq (  18-  18) =        322.6  [cm-1]   --> A_u                
     freq (  19-  19) =        368.8  [cm-1]   --> A_u                
     freq (  20-  20) =        384.4  [cm-1]   --> A_g                
     freq (  21-  21) =        406.5  [cm-1]   --> A_g                
     freq (  22-  22) =        435.6  [cm-1]   --> A_u                
     freq (  23-  23) =        458.8  [cm-1]   --> A_g                
     freq (  24-  24) =        465.1  [cm-1]   --> A_u                
     freq (  25-  25) =        476.8  [cm-1]   --> A_u                
     freq (  26-  26) =        500.9  [cm-1]   --> A_g                
     freq (  27-  27) =        540.6  [cm-1]   --> A_u                
     freq (  28-  28) =        549.4  [cm-1]   --> A_g                
     freq (  29-  29) =        563.5  [cm-1]   --> A_g                
     freq (  30-  30) =        571.7  [cm-1]   --> A_u                

     Calculation of q =   -0.4976333   0.9381766   0.0622644

     Parallelization info
     --------------------
     sticks:   dense  smooth     PW     G-vecs:    dense   smooth      PW
     Min          99      49     16                 5907     2087     412
     Max         100      50     17                 5911     2092     418
     Sum        3769    1889    643               224509    79403   15777

     Using Slab Decomposition


     Title: 
     Ga2O3 phonon grid                                                          


     bravais-lattice index     =            0
     lattice parameter (alat)  =      12.5163  a.u.
     unit-cell volume          =     820.9989 (a.u.)^3
     number of atoms/cell      =           10
     number of atomic types    =            2
     number of electrons       =        88.00
     number of Kohn-Sham states=           44
     kinetic-energy cutoff     =      80.0000  Ry
     charge density cutoff     =     640.0000  Ry
     Exchange-correlation= PBE
                           (   1   4   3   4   0   0   0)

     celldm(1)=  12.516274  celldm(2)=   0.000000  celldm(3)=   0.000000
     celldm(4)=   0.000000  celldm(5)=   0.000000  celldm(6)=   0.000000

     crystal axes: (cart. coord. in units of alat)
               a(1) = (   0.999995  -0.002402  -0.001859 )  
               a(2) = (   0.883365   0.468683  -0.001859 )  
               a(3) = (   0.208584   0.051641   0.888951 )  

     reciprocal axes: (cart. coord. in units 2 pi/alat)
               b(1) = (  0.995267 -1.876353 -0.124529 )  
               b(2) = (  0.004870  2.123966 -0.124529 )  
               b(3) = (  0.002091  0.000518  1.124401 )  


     PseudoPot. # 1 for O  read from file:
     ./pseudo/O.pbe-n-kjpaw_psl.1.0.0.UPF
     MD5 check sum: e99d9cef9b487d1ca56f5b95ecd0fd7a
     Pseudo is Projector augmented-wave + core cor, Zval =  6.0
     Generated using &quot;atomic&quot; code by A. Dal Corso  v.6.3
     Shape of augmentation charge: PSQ
     Using radial grid of 1095 points,  4 beta functions with: 
                l(1) =   0
                l(2) =   0
                l(3) =   1
                l(4) =   1
     Q(r) pseudized with 0 coefficients 


     PseudoPot. # 2 for Ga read from file:
     ./pseudo/Ga.pbe-dn-kjpaw_psl.1.0.0.UPF
     MD5 check sum: 50ce49cbf7e0a40ad8623bf41840a268
     Pseudo is Projector augmented-wave + core cor, Zval = 13.0
     Generated using &quot;atomic&quot; code by A. Dal Corso  v.6.3
     Shape of augmentation charge: PSQ
     Using radial grid of 1205 points,  6 beta functions with: 
                l(1) =   0
                l(2) =   0
                l(3) =   1
                l(4) =   1
                l(5) =   2
                l(6) =   2
     Q(r) pseudized with 0 coefficients 


     atomic species   valence    mass     pseudopotential
        O              6.00    15.99900     O ( 1.00)
        Ga            13.00    69.72300     Ga( 1.00)

      2 Sym. Ops., with inversion, found



   Cartesian axes

     site n.     atom                  positions (alat units)
         1           Ga  tau(   1) = (   1.3843475   0.3427359   0.6080322  )
         2           Ga  tau(   2) = (   0.7075973   0.1751865   0.2772010  )
         3           Ga  tau(   3) = (   0.2138074   0.0529343   0.1809352  )
         4           Ga  tau(   4) = (   1.8781372   0.4649880   0.7042982  )
         5           O   tau(   5) = (   1.0897907   0.2698097   0.6612741  )
         6           O   tau(   6) = (   1.0021542   0.2481127   0.2239593  )
         7           O   tau(   7) = (   0.4178956   0.1034623   0.3918935  )
         8           O   tau(   8) = (   1.6740492   0.4144601   0.4933398  )
         9           O   tau(   9) = (   1.5854244   0.3925184   0.0952441  )
        10           O   tau(  10) = (   0.5065203   0.1254040   0.7899892  )

     number of k points=  1736

     Number of k-points >= 100: set verbosity='high' to print them.

     Dense  grid:   224509 G-vectors     FFT dimensions: ( 108, 108,  96)

     Smooth grid:    79403 G-vectors     FFT dimensions: (  72,  72,  72)

     Estimated max dynamical RAM per process >      25.41 MB

     Estimated total dynamical RAM >     965.44 MB

     The potential is recalculated from file :
     ./tmp/_ph0/Ga2O3-Bands.save/charge-density

     Starting wfcs are   60 atomic wfcs
     Checking if some PAW data can be deallocated... 

     Band Structure Calculation
     Davidson diagonalization with overlap

     ethr =  1.14E-11,  avg # of iterations = 33.4

     total cpu time spent up to now is     5753.0 secs

     End of band structure calculation

     Number of k-points >= 100: set verbosity='high' to print the bands.

     highest occupied level (ev):     6.2785

     Writing config to output data dir ./tmp/_ph0/Ga2O3-Bands.save/

     Ga2O3 phonon grid                                                          

     bravais-lattice index     =            0
     lattice parameter (alat)  =      12.5163  a.u.
     unit-cell volume          =     820.9989 (a.u.)^3
     number of atoms/cell      =           10
     number of atomic types    =            2
     kinetic-energy cut-off    =      80.0000  Ry
     charge density cut-off    =     640.0000  Ry
     convergence threshold     =      1.0E-12
     beta                      =       0.7000
     number of iterations used =            4
     Exchange-correlation= PBE
                           (   1   4   3   4   0   0   0)


     celldm(1)=   12.51627  celldm(2)=    0.00000  celldm(3)=    0.00000
     celldm(4)=    0.00000  celldm(5)=    0.00000  celldm(6)=    0.00000

     crystal axes: (cart. coord. in units of alat)
               a(1) = (  1.0000 -0.0024 -0.0019 )  
               a(2) = (  0.8834  0.4687 -0.0019 )  
               a(3) = (  0.2086  0.0516  0.8890 )  

     reciprocal axes: (cart. coord. in units 2 pi/alat)
               b(1) = (  0.9953 -1.8764 -0.1245 )  
               b(2) = (  0.0049  2.1240 -0.1245 )  
               b(3) = (  0.0021  0.0005  1.1244 )  


     Atoms inside the unit cell: 

     Cartesian axes

     site n.  atom      mass           positions (alat units)
        1     Ga  69.7230   tau(    1) = (    1.38435    0.34274    0.60803  )
        2     Ga  69.7230   tau(    2) = (    0.70760    0.17519    0.27720  )
        3     Ga  69.7230   tau(    3) = (    0.21381    0.05293    0.18094  )
        4     Ga  69.7230   tau(    4) = (    1.87814    0.46499    0.70430  )
        5     O   15.9990   tau(    5) = (    1.08979    0.26981    0.66127  )
        6     O   15.9990   tau(    6) = (    1.00215    0.24811    0.22396  )
        7     O   15.9990   tau(    7) = (    0.41790    0.10346    0.39189  )
        8     O   15.9990   tau(    8) = (    1.67405    0.41446    0.49334  )
        9     O   15.9990   tau(    9) = (    1.58542    0.39252    0.09524  )
       10     O   15.9990   tau(   10) = (    0.50652    0.12540    0.78999  )

     Computing dynamical matrix for 
                    q = (  -0.4976333   0.9381766   0.0622644 )

      3 Sym.Ops. (with q -> -q+G )


     G cutoff = 2539.6294  (   5908 G-vectors)     FFT grid: (108,108, 96)
     G cutoff = 1269.8147  (   2092 G-vectors)  smooth grid: ( 72, 72, 72)
     number of k points=  1736

     PseudoPot. # 1 for O  read from file:
     ./pseudo/O.pbe-n-kjpaw_psl.1.0.0.UPF
     MD5 check sum: e99d9cef9b487d1ca56f5b95ecd0fd7a
     Pseudo is Projector augmented-wave + core cor, Zval =  6.0
     Generated using &quot;atomic&quot; code by A. Dal Corso  v.6.3
     Shape of augmentation charge: PSQ
     Using radial grid of 1095 points,  4 beta functions with: 
                l(1) =   0
                l(2) =   0
                l(3) =   1
                l(4) =   1
     Q(r) pseudized with 0 coefficients 


     PseudoPot. # 2 for Ga read from file:
     ./pseudo/Ga.pbe-dn-kjpaw_psl.1.0.0.UPF
     MD5 check sum: 50ce49cbf7e0a40ad8623bf41840a268
     Pseudo is Projector augmented-wave + core cor, Zval = 13.0
     Generated using &quot;atomic&quot; code by A. Dal Corso  v.6.3
     Shape of augmentation charge: PSQ
     Using radial grid of 1205 points,  6 beta functions with: 
                l(1) =   0
                l(2) =   0
                l(3) =   1
                l(4) =   1
                l(5) =   2
                l(6) =   2
     Q(r) pseudized with 0 coefficients 


     Mode symmetry, C_i (-1)    point group:


     Atomic displacements:
     There are   30 irreducible representations

     Representation     1      1 modes -  To be done

     Representation     2      1 modes -  To be done

     Representation     3      1 modes -  To be done

     Representation     4      1 modes -  To be done

     Representation     5      1 modes -  To be done

     Representation     6      1 modes -  To be done

     Representation     7      1 modes -  To be done

     Representation     8      1 modes -  To be done

     Representation     9      1 modes -  To be done

     Representation    10      1 modes -  To be done

     Representation    11      1 modes -  To be done

     Representation    12      1 modes -  To be done

     Representation    13      1 modes -  To be done

     Representation    14      1 modes -  To be done

     Representation    15      1 modes -  To be done

     Representation    16      1 modes -  To be done

     Representation    17      1 modes -  To be done

     Representation    18      1 modes -  To be done

     Representation    19      1 modes -  To be done

     Representation    20      1 modes -  To be done

     Representation    21      1 modes -  To be done

     Representation    22      1 modes -  To be done

     Representation    23      1 modes -  To be done

     Representation    24      1 modes -  To be done

     Representation    25      1 modes -  To be done

     Representation    26      1 modes -  To be done

     Representation    27      1 modes -  To be done

     Representation    28      1 modes -  To be done

     Representation    29      1 modes -  To be done

     Representation    30      1 modes -  To be done



     Alpha used in Ewald sum =   2.8000
     PHONON       :   8d 6h56m CPU  12d 3h20m WALL



     Representation #   1 mode #   1

     Self-consistent Calculation

      iter #   1 total cpu time :******** secs   av.it.:  19.5
      thresh= 1.000E-02 alpha_mix =  0.700 |ddv_scf|^2 =  8.762E-07

      iter #   2 total cpu time :******** secs   av.it.:  35.1
      thresh= 9.360E-05 alpha_mix =  0.700 |ddv_scf|^2 =  3.821E-07

      iter #   3 total cpu time :******** secs   av.it.:  36.5
      thresh= 6.182E-05 alpha_mix =  0.700 |ddv_scf|^2 =  1.644E-07

      iter #   4 total cpu time :******** secs   av.it.:  33.9
      thresh= 4.054E-05 alpha_mix =  0.700 |ddv_scf|^2 =  7.510E-09

      iter #   5 total cpu time :******** secs   av.it.:  37.9
      thresh= 8.666E-06 alpha_mix =  0.700 |ddv_scf|^2 =  1.506E-09

      iter #   6 total cpu time :******** secs   av.it.:  38.6
      thresh= 3.881E-06 alpha_mix =  0.700 |ddv_scf|^2 =  1.415E-09

      iter #   7 total cpu time :******** secs   av.it.:  35.6
      thresh= 3.762E-06 alpha_mix =  0.700 |ddv_scf|^2 =  1.481E-10

      iter #   8 total cpu time :******** secs   av.it.:  38.3
      thresh= 1.217E-06 alpha_mix =  0.700 |ddv_scf|^2 =  6.480E-12

      iter #   9 total cpu time :******** secs   av.it.:  39.0
      thresh= 2.546E-07 alpha_mix =  0.700 |ddv_scf|^2 =  1.430E-12

      iter #  10 total cpu time :******** secs   av.it.:  35.2
      thresh= 1.196E-07 alpha_mix =  0.700 |ddv_scf|^2 =  7.532E-13

     End of self-consistent calculation

     Convergence has been achieved 


     Representation #   2 mode #   2

     Self-consistent Calculation

      iter #   1 total cpu time :******** secs   av.it.:  15.0
      thresh= 1.000E-02 alpha_mix =  0.700 |ddv_scf|^2 =  1.842E-07

      iter #   2 total cpu time :******** secs   av.it.:  35.3
      thresh= 4.291E-05 alpha_mix =  0.700 |ddv_scf|^2 =  8.571E-08

      iter #   3 total cpu time :******** secs   av.it.:  34.7
      thresh= 2.928E-05 alpha_mix =  0.700 |ddv_scf|^2 =  2.680E-08

      iter #   4 total cpu time :******** secs   av.it.:  32.9
      thresh= 1.637E-05 alpha_mix =  0.700 |ddv_scf|^2 =  7.272E-10

      iter #   5 total cpu time :******** secs   av.it.:  37.2
      thresh= 2.697E-06 alpha_mix =  0.700 |ddv_scf|^2 =  2.048E-11

      iter #   6 total cpu time :******** secs   av.it.:  37.5
      thresh= 4.526E-07 alpha_mix =  0.700 |ddv_scf|^2 =  2.034E-12

      iter #   7 total cpu time :******** secs   av.it.:  37.2
      thresh= 1.426E-07 alpha_mix =  0.700 |ddv_scf|^2 =  8.625E-13

     End of self-consistent calculation

     Convergence has been achieved 


     Representation #   3 mode #   3

     Self-consistent Calculation

      iter #   1 total cpu time :******** secs   av.it.:  14.7
      thresh= 1.000E-02 alpha_mix =  0.700 |ddv_scf|^2 =  2.023E-07

      iter #   2 total cpu time :******** secs   av.it.:  36.0
      thresh= 4.498E-05 alpha_mix =  0.700 |ddv_scf|^2 =  1.137E-07

      iter #   3 total cpu time :******** secs   av.it.:  36.2
      thresh= 3.372E-05 alpha_mix =  0.700 |ddv_scf|^2 =  7.637E-09

      iter #   4 total cpu time :******** secs   av.it.:  36.8
      thresh= 8.739E-06 alpha_mix =  0.700 |ddv_scf|^2 =  2.747E-09

      iter #   5 total cpu time :******** secs   av.it.:  36.1
      thresh= 5.241E-06 alpha_mix =  0.700 |ddv_scf|^2 =  1.483E-11

      iter #   6 total cpu time :******** secs   av.it.:  38.9
      thresh= 3.851E-07 alpha_mix =  0.700 |ddv_scf|^2 =  3.357E-12

      iter #   7 total cpu time :******** secs   av.it.:  35.1
      thresh= 1.832E-07 alpha_mix =  0.700 |ddv_scf|^2 =  9.954E-13

     End of self-consistent calculation

     Convergence has been achieved 


     Representation #   4 mode #   4

     Self-consistent Calculation

      iter #   1 total cpu time :******** secs   av.it.:  19.9
      thresh= 1.000E-02 alpha_mix =  0.700 |ddv_scf|^2 =  5.838E-07

      iter #   2 total cpu time :******** secs   av.it.:  35.7
      thresh= 7.641E-05 alpha_mix =  0.700 |ddv_scf|^2 =  1.528E-07

      iter #   3 total cpu time :******** secs   av.it.:  38.1
      thresh= 3.909E-05 alpha_mix =  0.700 |ddv_scf|^2 =  1.275E-07

      iter #   4 total cpu time :******** secs   av.it.:  34.2
      thresh= 3.570E-05 alpha_mix =  0.700 |ddv_scf|^2 =  8.166E-09

      iter #   5 total cpu time :******** secs   av.it.:  37.4
      thresh= 9.037E-06 alpha_mix =  0.700 |ddv_scf|^2 =  1.071E-09

      iter #   6 total cpu time :******** secs   av.it.:  39.2
      thresh= 3.273E-06 alpha_mix =  0.700 |ddv_scf|^2 =  4.686E-10

      iter #   7 total cpu time :******** secs   av.it.:  39.3
      thresh= 2.165E-06 alpha_mix =  0.700 |ddv_scf|^2 =  2.462E-10

      iter #   8 total cpu time :******** secs   av.it.:  37.4
      thresh= 1.569E-06 alpha_mix =  0.700 |ddv_scf|^2 =  8.495E-12

      iter #   9 total cpu time :******** secs   av.it.:  38.6
      thresh= 2.915E-07 alpha_mix =  0.700 |ddv_scf|^2 =  1.643E-12

      iter #  10 total cpu time :******** secs   av.it.:  34.3
      thresh= 1.282E-07 alpha_mix =  0.700 |ddv_scf|^2 =  2.823E-13

     End of self-consistent calculation

     Convergence has been achieved 


     Representation #   5 mode #   5

     Self-consistent Calculation

      iter #   1 total cpu time :******** secs   av.it.:  14.3
      thresh= 1.000E-02 alpha_mix =  0.700 |ddv_scf|^2 =  1.757E-07

      iter #   2 total cpu time :******** secs   av.it.:  35.1
      thresh= 4.192E-05 alpha_mix =  0.700 |ddv_scf|^2 =  5.191E-08

      iter #   3 total cpu time :******** secs   av.it.:  36.6
      thresh= 2.278E-05 alpha_mix =  0.700 |ddv_scf|^2 =  1.986E-09

      iter #   4 total cpu time :******** secs   av.it.:  37.9
      thresh= 4.457E-06 alpha_mix =  0.700 |ddv_scf|^2 =  5.305E-10

      iter #   5 total cpu time :******** secs   av.it.:  33.5
      thresh= 2.303E-06 alpha_mix =  0.700 |ddv_scf|^2 =  1.625E-11

      iter #   6 total cpu time :******** secs   av.it.:  38.7
      thresh= 4.031E-07 alpha_mix =  0.700 |ddv_scf|^2 =  9.247E-13

     End of self-consistent calculation

     Convergence has been achieved 


     Representation #   6 mode #   6

     Self-consistent Calculation

      iter #   1 total cpu time :******** secs   av.it.:  18.5
      thresh= 1.000E-02 alpha_mix =  0.700 |ddv_scf|^2 =  4.748E-07

      iter #   2 total cpu time :******** secs   av.it.:  34.9
      thresh= 6.891E-05 alpha_mix =  0.700 |ddv_scf|^2 =  2.319E-08

      iter #   3 total cpu time :******** secs   av.it.:  40.0
      thresh= 1.523E-05 alpha_mix =  0.700 |ddv_scf|^2 =  3.878E-08

      iter #   4 total cpu time :******** secs   av.it.:  33.9
      thresh= 1.969E-05 alpha_mix =  0.700 |ddv_scf|^2 =  2.296E-09

      iter #   5 total cpu time :******** secs   av.it.:  35.3
      thresh= 4.792E-06 alpha_mix =  0.700 |ddv_scf|^2 =  7.464E-10

      iter #   6 total cpu time :******** secs   av.it.:  39.3
      thresh= 2.732E-06 alpha_mix =  0.700 |ddv_scf|^2 =  9.608E-10

      iter #   7 total cpu time :******** secs   av.it.:  34.8
      thresh= 3.100E-06 alpha_mix =  0.700 |ddv_scf|^2 =  4.119E-11

      iter #   8 total cpu time :******** secs   av.it.:  39.4
      thresh= 6.418E-07 alpha_mix =  0.700 |ddv_scf|^2 =  9.302E-12

      iter #   9 total cpu time :******** secs   av.it.:  36.9
      thresh= 3.050E-07 alpha_mix =  0.700 |ddv_scf|^2 =  7.485E-13

     End of self-consistent calculation

     Convergence has been achieved 


     Representation #   7 mode #   7

     Self-consistent Calculation

      iter #   1 total cpu time :******** secs   av.it.:  20.1
      thresh= 1.000E-02 alpha_mix =  0.700 |ddv_scf|^2 =  5.342E-07

      iter #   2 total cpu time :******** secs   av.it.:  35.8
      thresh= 7.309E-05 alpha_mix =  0.700 |ddv_scf|^2 =  1.520E-07

      iter #   3 total cpu time :******** secs   av.it.:  36.7
      thresh= 3.898E-05 alpha_mix =  0.700 |ddv_scf|^2 =  2.253E-07

      iter #   4 total cpu time :******** secs   av.it.:  33.4
      thresh= 4.746E-05 alpha_mix =  0.700 |ddv_scf|^2 =  3.893E-09

      iter #   5 total cpu time :******** secs   av.it.:  36.3
      thresh= 6.240E-06 alpha_mix =  0.700 |ddv_scf|^2 =  1.136E-09

      iter #   6 total cpu time :******** secs   av.it.:  38.9
      thresh= 3.371E-06 alpha_mix =  0.700 |ddv_scf|^2 =  1.151E-10

      iter #   7 total cpu time :******** secs   av.it.:  39.6
      thresh= 1.073E-06 alpha_mix =  0.700 |ddv_scf|^2 =  9.774E-11

      iter #   8 total cpu time :******** secs   av.it.:  35.1
      thresh= 9.886E-07 alpha_mix =  0.700 |ddv_scf|^2 =  9.833E-12

      iter #   9 total cpu time :******** secs   av.it.:  37.3
      thresh= 3.136E-07 alpha_mix =  0.700 |ddv_scf|^2 =  6.564E-14

     End of self-consistent calculation

     Convergence has been achieved 


     Representation #   8 mode #   8

     Self-consistent Calculation

      iter #   1 total cpu time :******** secs   av.it.:  14.8
      thresh= 1.000E-02 alpha_mix =  0.700 |ddv_scf|^2 =  1.700E-07

      iter #   2 total cpu time :******** secs   av.it.:  36.9
      thresh= 4.123E-05 alpha_mix =  0.700 |ddv_scf|^2 =  6.315E-08

      iter #   3 total cpu time :******** secs   av.it.:  37.0
      thresh= 2.513E-05 alpha_mix =  0.700 |ddv_scf|^2 =  4.374E-09

      iter #   4 total cpu time :******** secs   av.it.:  38.6
      thresh= 6.613E-06 alpha_mix =  0.700 |ddv_scf|^2 =  2.686E-09

      iter #   5 total cpu time :******** secs   av.it.:  33.9
      thresh= 5.182E-06 alpha_mix =  0.700 |ddv_scf|^2 =  5.958E-12

      iter #   6 total cpu time :******** secs   av.it.:  38.9
      thresh= 2.441E-07 alpha_mix =  0.700 |ddv_scf|^2 =  5.256E-13

     End of self-consistent calculation

     Convergence has been achieved 


     Representation #   9 mode #   9

     Self-consistent Calculation

      iter #   1 total cpu time :******** secs   av.it.:  14.7
      thresh= 1.000E-02 alpha_mix =  0.700 |ddv_scf|^2 =  1.957E-07

      iter #   2 total cpu time :******** secs   av.it.:  35.7
      thresh= 4.424E-05 alpha_mix =  0.700 |ddv_scf|^2 =  1.042E-07

      iter #   3 total cpu time :******** secs   av.it.:  35.9
      thresh= 3.228E-05 alpha_mix =  0.700 |ddv_scf|^2 =  7.920E-09

      iter #   4 total cpu time :******** secs   av.it.:  36.9
      thresh= 8.899E-06 alpha_mix =  0.700 |ddv_scf|^2 =  2.393E-09

      iter #   5 total cpu time :******** secs   av.it.:  35.7
      thresh= 4.892E-06 alpha_mix =  0.700 |ddv_scf|^2 =  1.368E-11

      iter #   6 total cpu time :******** secs   av.it.:  38.1
      thresh= 3.698E-07 alpha_mix =  0.700 |ddv_scf|^2 =  1.009E-12

      iter #   7 total cpu time :******** secs   av.it.:  38.5
      thresh= 1.004E-07 alpha_mix =  0.700 |ddv_scf|^2 =  1.372E-13

     End of self-consistent calculation

     Convergence has been achieved 


     Representation #  10 mode #  10

     Self-consistent Calculation

      iter #   1 total cpu time :******** secs   av.it.:  18.5
      thresh= 1.000E-02 alpha_mix =  0.700 |ddv_scf|^2 =  4.807E-07

      iter #   2 total cpu time :******** secs   av.it.:  35.7
      thresh= 6.933E-05 alpha_mix =  0.700 |ddv_scf|^2 =  1.398E-07

      iter #   3 total cpu time :******** secs   av.it.:  36.4
      thresh= 3.739E-05 alpha_mix =  0.700 |ddv_scf|^2 =  2.084E-07

      iter #   4 total cpu time :******** secs   av.it.:  33.3
      thresh= 4.565E-05 alpha_mix =  0.700 |ddv_scf|^2 =  3.021E-09

      iter #   5 total cpu time :******** secs   av.it.:  35.4
      thresh= 5.496E-06 alpha_mix =  0.700 |ddv_scf|^2 =  2.057E-09

      iter #   6 total cpu time :******** secs   av.it.:  34.9
      thresh= 4.535E-06 alpha_mix =  0.700 |ddv_scf|^2 =  3.919E-10

      iter #   7 total cpu time :******** secs   av.it.:  36.2
      thresh= 1.980E-06 alpha_mix =  0.700 |ddv_scf|^2 =  5.843E-11

      iter #   8 total cpu time :******** secs   av.it.:  37.4
      thresh= 7.644E-07 alpha_mix =  0.700 |ddv_scf|^2 =  1.799E-11

      iter #   9 total cpu time :******** secs   av.it.:  34.0
      thresh= 4.241E-07 alpha_mix =  0.700 |ddv_scf|^2 =  1.178E-12

      iter #  10 total cpu time :******** secs   av.it.:  38.6
      thresh= 1.085E-07 alpha_mix =  0.700 |ddv_scf|^2 =  3.114E-13

     End of self-consistent calculation

     Convergence has been achieved 


     Representation #  11 mode #  11

     Self-consistent Calculation

      iter #   1 total cpu time :******** secs   av.it.:  14.7
      thresh= 1.000E-02 alpha_mix =  0.700 |ddv_scf|^2 =  2.017E-07

      iter #   2 total cpu time :******** secs   av.it.:  36.6
      thresh= 4.491E-05 alpha_mix =  0.700 |ddv_scf|^2 =  6.824E-08

      iter #   3 total cpu time :******** secs   av.it.:  37.0
      thresh= 2.612E-05 alpha_mix =  0.700 |ddv_scf|^2 =  6.602E-09

      iter #   4 total cpu time :******** secs   av.it.:  37.7
      thresh= 8.125E-06 alpha_mix =  0.700 |ddv_scf|^2 =  1.727E-09

      iter #   5 total cpu time :******** secs   av.it.:  36.4
      thresh= 4.156E-06 alpha_mix =  0.700 |ddv_scf|^2 =  2.302E-11

      iter #   6 total cpu time :******** secs   av.it.:  37.7
      thresh= 4.797E-07 alpha_mix =  0.700 |ddv_scf|^2 =  3.667E-12

      iter #   7 total cpu time :******** secs   av.it.:  37.4
      thresh= 1.915E-07 alpha_mix =  0.700 |ddv_scf|^2 =  8.633E-13

     End of self-consistent calculation

     Convergence has been achieved 


     Representation #  12 mode #  12

     Self-consistent Calculation

      iter #   1 total cpu time :******** secs   av.it.:  14.9
      thresh= 1.000E-02 alpha_mix =  0.700 |ddv_scf|^2 =  3.046E-07

      iter #   2 total cpu time :******** secs   av.it.:  36.1
      thresh= 5.519E-05 alpha_mix =  0.700 |ddv_scf|^2 =  2.215E-07

      iter #   3 total cpu time :******** secs   av.it.:  36.1
      thresh= 4.706E-05 alpha_mix =  0.700 |ddv_scf|^2 =  2.183E-08

      iter #   4 total cpu time :******** secs   av.it.:  33.7
      thresh= 1.477E-05 alpha_mix =  0.700 |ddv_scf|^2 =  2.524E-09

      iter #   5 total cpu time :******** secs   av.it.:  36.5
      thresh= 5.024E-06 alpha_mix =  0.700 |ddv_scf|^2 =  1.876E-11

      iter #   6 total cpu time :******** secs   av.it.:  38.7
      thresh= 4.331E-07 alpha_mix =  0.700 |ddv_scf|^2 =  7.293E-12

      iter #   7 total cpu time :******** secs   av.it.:  34.1
      thresh= 2.700E-07 alpha_mix =  0.700 |ddv_scf|^2 =  7.579E-13

     End of self-consistent calculation

     Convergence has been achieved 


     Representation #  13 mode #  13

     Self-consistent Calculation

      iter #   1 total cpu time :******** secs   av.it.:  14.9
      thresh= 1.000E-02 alpha_mix =  0.700 |ddv_scf|^2 =  5.949E-07

      iter #   2 total cpu time :******** secs   av.it.:  35.4
      thresh= 7.713E-05 alpha_mix =  0.700 |ddv_scf|^2 =  5.304E-07

      iter #   3 total cpu time :******** secs   av.it.:  34.8
      thresh= 7.283E-05 alpha_mix =  0.700 |ddv_scf|^2 =  2.773E-08

      iter #   4 total cpu time :******** secs   av.it.:  33.7
      thresh= 1.665E-05 alpha_mix =  0.700 |ddv_scf|^2 =  2.337E-09

      iter #   5 total cpu time :******** secs   av.it.:  37.0
      thresh= 4.834E-06 alpha_mix =  0.700 |ddv_scf|^2 =  3.107E-11

      iter #   6 total cpu time :******** secs   av.it.:  38.9
      thresh= 5.574E-07 alpha_mix =  0.700 |ddv_scf|^2 =  8.779E-12

      iter #   7 total cpu time :******** secs   av.it.:  35.2
      thresh= 2.963E-07 alpha_mix =  0.700 |ddv_scf|^2 =  7.585E-13

     End of self-consistent calculation

     Convergence has been achieved 


     Representation #  14 mode #  14

     Self-consistent Calculation

      iter #   1 total cpu time :******** secs   av.it.:  15.0
      thresh= 1.000E-02 alpha_mix =  0.700 |ddv_scf|^2 =  3.469E-07

      iter #   2 total cpu time :******** secs   av.it.:  35.7
      thresh= 5.890E-05 alpha_mix =  0.700 |ddv_scf|^2 =  2.372E-07

      iter #   3 total cpu time :******** secs   av.it.:  35.8
      thresh= 4.870E-05 alpha_mix =  0.700 |ddv_scf|^2 =  2.341E-08

      iter #   4 total cpu time :******** secs   av.it.:  34.0
      thresh= 1.530E-05 alpha_mix =  0.700 |ddv_scf|^2 =  2.464E-09

      iter #   5 total cpu time :******** secs   av.it.:  36.5
      thresh= 4.964E-06 alpha_mix =  0.700 |ddv_scf|^2 =  1.708E-11

      iter #   6 total cpu time :******** secs   av.it.:  38.8
      thresh= 4.132E-07 alpha_mix =  0.700 |ddv_scf|^2 =  5.678E-12

      iter #   7 total cpu time :******** secs   av.it.:  34.8
      thresh= 2.383E-07 alpha_mix =  0.700 |ddv_scf|^2 =  9.230E-13

     End of self-consistent calculation

     Convergence has been achieved 


     Representation #  15 mode #  15

     Self-consistent Calculation

      iter #   1 total cpu time :******** secs   av.it.:  18.8
      thresh= 1.000E-02 alpha_mix =  0.700 |ddv_scf|^2 =  1.399E-06

      iter #   2 total cpu time :******** secs   av.it.:  34.9
      thresh= 1.183E-04 alpha_mix =  0.700 |ddv_scf|^2 =  1.296E-06

      iter #   3 total cpu time :******** secs   av.it.:  33.8
      thresh= 1.139E-04 alpha_mix =  0.700 |ddv_scf|^2 =  3.357E-07

      iter #   4 total cpu time :******** secs   av.it.:  33.2
      thresh= 5.794E-05 alpha_mix =  0.700 |ddv_scf|^2 =  3.921E-09

      iter #   5 total cpu time :******** secs   av.it.:  38.0
      thresh= 6.262E-06 alpha_mix =  0.700 |ddv_scf|^2 =  2.749E-09

      iter #   6 total cpu time :******** secs   av.it.:  37.3
      thresh= 5.243E-06 alpha_mix =  0.700 |ddv_scf|^2 =  2.105E-10

      iter #   7 total cpu time :******** secs   av.it.:  39.1
      thresh= 1.451E-06 alpha_mix =  0.700 |ddv_scf|^2 =  4.894E-11

      iter #   8 total cpu time :******** secs   av.it.:  38.6
      thresh= 6.995E-07 alpha_mix =  0.700 |ddv_scf|^2 =  1.644E-11

      iter #   9 total cpu time :******** secs   av.it.:  33.7
      thresh= 4.054E-07 alpha_mix =  0.700 |ddv_scf|^2 =  7.343E-13

     End of self-consistent calculation

     Convergence has been achieved 


     Representation #  16 mode #  16

     Self-consistent Calculation

      iter #   1 total cpu time :******** secs   av.it.:  15.1
      thresh= 1.000E-02 alpha_mix =  0.700 |ddv_scf|^2 =  4.084E-07

      iter #   2 total cpu time :******** secs   av.it.:  35.2
      thresh= 6.390E-05 alpha_mix =  0.700 |ddv_scf|^2 =  3.548E-07

      iter #   3 total cpu time :******** secs   av.it.:  34.8
      thresh= 5.957E-05 alpha_mix =  0.700 |ddv_scf|^2 =  3.751E-08

      iter #   4 total cpu time :******** secs   av.it.:  33.6
      thresh= 1.937E-05 alpha_mix =  0.700 |ddv_scf|^2 =  1.963E-09

      iter #   5 total cpu time :******** secs   av.it.:  36.9
      thresh= 4.430E-06 alpha_mix =  0.700 |ddv_scf|^2 =  2.257E-11

      iter #   6 total cpu time :******** secs   av.it.:  37.8
      thresh= 4.751E-07 alpha_mix =  0.700 |ddv_scf|^2 =  1.529E-12

      iter #   7 total cpu time :******** secs   av.it.:  38.6
      thresh= 1.236E-07 alpha_mix =  0.700 |ddv_scf|^2 =  1.133E-12

      iter #   8 total cpu time :******** secs   av.it.:  36.5
      thresh= 1.064E-07 alpha_mix =  0.700 |ddv_scf|^2 =  5.017E-14

     End of self-consistent calculation

     Convergence has been achieved 


     Representation #  17 mode #  17

     Self-consistent Calculation

      iter #   1 total cpu time :******** secs   av.it.:  19.9
      thresh= 1.000E-02 alpha_mix =  0.700 |ddv_scf|^2 =  1.467E-06

      iter #   2 total cpu time :******** secs   av.it.:  34.9
      thresh= 1.211E-04 alpha_mix =  0.700 |ddv_scf|^2 =  1.337E-06

      iter #   3 total cpu time :******** secs   av.it.:  33.8
      thresh= 1.156E-04 alpha_mix =  0.700 |ddv_scf|^2 =  2.868E-07

      iter #   4 total cpu time :******** secs   av.it.:  33.4
      thresh= 5.355E-05 alpha_mix =  0.700 |ddv_scf|^2 =  6.035E-09

      iter #   5 total cpu time :******** secs   av.it.:  38.2
      thresh= 7.768E-06 alpha_mix =  0.700 |ddv_scf|^2 =  2.179E-09

      iter #   6 total cpu time :******** secs   av.it.:  36.7
      thresh= 4.668E-06 alpha_mix =  0.700 |ddv_scf|^2 =  1.493E-09

      iter #   7 total cpu time :******** secs   av.it.:  37.1
      thresh= 3.864E-06 alpha_mix =  0.700 |ddv_scf|^2 =  1.180E-10

      iter #   8 total cpu time :******** secs   av.it.:  39.1
      thresh= 1.086E-06 alpha_mix =  0.700 |ddv_scf|^2 =  5.578E-11

      iter #   9 total cpu time :******** secs   av.it.:  36.4
      thresh= 7.469E-07 alpha_mix =  0.700 |ddv_scf|^2 =  6.023E-12

      iter #  10 total cpu time :******** secs   av.it.:  38.8
      thresh= 2.454E-07 alpha_mix =  0.700 |ddv_scf|^2 =  2.757E-12

      iter #  11 total cpu time :******** secs   av.it.:  34.0
      thresh= 1.661E-07 alpha_mix =  0.700 |ddv_scf|^2 =  6.399E-14

     End of self-consistent calculation

     Convergence has been achieved 


     Representation #  18 mode #  18

     Self-consistent Calculation

      iter #   1 total cpu time :******** secs   av.it.:  14.3
      thresh= 1.000E-02 alpha_mix =  0.700 |ddv_scf|^2 =  1.623E-07

      iter #   2 total cpu time :******** secs   av.it.:  34.3
      thresh= 4.028E-05 alpha_mix =  0.700 |ddv_scf|^2 =  1.335E-08

      iter #   3 total cpu time :******** secs   av.it.:  36.9
      thresh= 1.156E-05 alpha_mix =  0.700 |ddv_scf|^2 =  1.616E-09

      iter #   4 total cpu time :******** secs   av.it.:  37.7
      thresh= 4.020E-06 alpha_mix =  0.700 |ddv_scf|^2 =  7.172E-10

      iter #   5 total cpu time :******** secs   av.it.:  32.8
      thresh= 2.678E-06 alpha_mix =  0.700 |ddv_scf|^2 =  5.450E-12

      iter #   6 total cpu time :******** secs   av.it.:  38.8
      thresh= 2.335E-07 alpha_mix =  0.700 |ddv_scf|^2 =  1.197E-12

      iter #   7 total cpu time :******** secs   av.it.:  38.6
      thresh= 1.094E-07 alpha_mix =  0.700 |ddv_scf|^2 =  1.087E-12

      iter #   8 total cpu time :******** secs   av.it.:  36.7
      thresh= 1.043E-07 alpha_mix =  0.700 |ddv_scf|^2 =  4.434E-14

     End of self-consistent calculation

     Convergence has been achieved 


     Representation #  19 mode #  19

     Self-consistent Calculation

      iter #   1 total cpu time :******** secs   av.it.:  14.9
      thresh= 1.000E-02 alpha_mix =  0.700 |ddv_scf|^2 =  4.337E-07

      iter #   2 total cpu time :******** secs   av.it.:  35.7
      thresh= 6.586E-05 alpha_mix =  0.700 |ddv_scf|^2 =  4.234E-07

      iter #   3 total cpu time :******** secs   av.it.:  35.2
      thresh= 6.507E-05 alpha_mix =  0.700 |ddv_scf|^2 =  2.937E-08

      iter #   4 total cpu time :******** secs   av.it.:  33.8
      thresh= 1.714E-05 alpha_mix =  0.700 |ddv_scf|^2 =  2.793E-09

      iter #   5 total cpu time :******** secs   av.it.:  36.7
      thresh= 5.284E-06 alpha_mix =  0.700 |ddv_scf|^2 =  3.831E-11

      iter #   6 total cpu time :******** secs   av.it.:  38.6
      thresh= 6.190E-07 alpha_mix =  0.700 |ddv_scf|^2 =  2.172E-11

      iter #   7 total cpu time :******** secs   av.it.:  34.5
      thresh= 4.661E-07 alpha_mix =  0.700 |ddv_scf|^2 =  3.861E-13

     End of self-consistent calculation

     Convergence has been achieved 


     Representation #  20 mode #  20

     Self-consistent Calculation

      iter #   1 total cpu time :******** secs   av.it.:  18.8
      thresh= 1.000E-02 alpha_mix =  0.700 |ddv_scf|^2 =  4.852E-07

      iter #   2 total cpu time :******** secs   av.it.:  35.3
      thresh= 6.966E-05 alpha_mix =  0.700 |ddv_scf|^2 =  8.322E-08

      iter #   3 total cpu time :******** secs   av.it.:  36.7
      thresh= 2.885E-05 alpha_mix =  0.700 |ddv_scf|^2 =  1.400E-07

      iter #   4 total cpu time :******** secs   av.it.:  33.3
      thresh= 3.742E-05 alpha_mix =  0.700 |ddv_scf|^2 =  2.084E-09

      iter #   5 total cpu time :******** secs   av.it.:  35.5
      thresh= 4.565E-06 alpha_mix =  0.700 |ddv_scf|^2 =  1.178E-09

      iter #   6 total cpu time :******** secs   av.it.:  36.0
      thresh= 3.432E-06 alpha_mix =  0.700 |ddv_scf|^2 =  9.786E-10

      iter #   7 total cpu time :******** secs   av.it.:  34.9
      thresh= 3.128E-06 alpha_mix =  0.700 |ddv_scf|^2 =  4.690E-11

      iter #   8 total cpu time :******** secs   av.it.:  39.1
      thresh= 6.848E-07 alpha_mix =  0.700 |ddv_scf|^2 =  1.631E-11

      iter #   9 total cpu time :******** secs   av.it.:  37.1
      thresh= 4.038E-07 alpha_mix =  0.700 |ddv_scf|^2 =  2.366E-12

      iter #  10 total cpu time :******** secs   av.it.:  36.4
      thresh= 1.538E-07 alpha_mix =  0.700 |ddv_scf|^2 =  7.073E-14

     End of self-consistent calculation

     Convergence has been achieved 


     Representation #  21 mode #  21

     Self-consistent Calculation

      iter #   1 total cpu time :******** secs   av.it.:  18.5
      thresh= 1.000E-02 alpha_mix =  0.700 |ddv_scf|^2 =  5.466E-07

      iter #   2 total cpu time :******** secs   av.it.:  35.4
      thresh= 7.393E-05 alpha_mix =  0.700 |ddv_scf|^2 =  1.511E-07

      iter #   3 total cpu time :******** secs   av.it.:  36.6
      thresh= 3.887E-05 alpha_mix =  0.700 |ddv_scf|^2 =  2.039E-07

      iter #   4 total cpu time :******** secs   av.it.:  33.4
      thresh= 4.516E-05 alpha_mix =  0.700 |ddv_scf|^2 =  3.708E-09

      iter #   5 total cpu time :******** secs   av.it.:  35.8
      thresh= 6.090E-06 alpha_mix =  0.700 |ddv_scf|^2 =  2.117E-09

      iter #   6 total cpu time :******** secs   av.it.:  35.1
      thresh= 4.601E-06 alpha_mix =  0.700 |ddv_scf|^2 =  1.034E-09

      iter #   7 total cpu time :******** secs   av.it.:  35.3
      thresh= 3.215E-06 alpha_mix =  0.700 |ddv_scf|^2 =  4.045E-11

      iter #   8 total cpu time :******** secs   av.it.:  38.5
      thresh= 6.360E-07 alpha_mix =  0.700 |ddv_scf|^2 =  5.272E-12

      iter #   9 total cpu time :******** secs   av.it.:  39.0
      thresh= 2.296E-07 alpha_mix =  0.700 |ddv_scf|^2 =  3.514E-12

      iter #  10 total cpu time :******** secs   av.it.:  33.2
      thresh= 1.875E-07 alpha_mix =  0.700 |ddv_scf|^2 =  7.567E-14

     End of self-consistent calculation

     Convergence has been achieved 


     Representation #  22 mode #  22

     Self-consistent Calculation

      iter #   1 total cpu time :******** secs   av.it.:  14.8
      thresh= 1.000E-02 alpha_mix =  0.700 |ddv_scf|^2 =  1.547E-07

      iter #   2 total cpu time :******** secs   av.it.:  37.0
      thresh= 3.934E-05 alpha_mix =  0.700 |ddv_scf|^2 =  8.331E-08

      iter #   3 total cpu time :******** secs   av.it.:  36.8
      thresh= 2.886E-05 alpha_mix =  0.700 |ddv_scf|^2 =  1.349E-08

      iter #   4 total cpu time :******** secs   av.it.:  34.6
      thresh= 1.162E-05 alpha_mix =  0.700 |ddv_scf|^2 =  1.985E-09

      iter #   5 total cpu time :******** secs   av.it.:  36.9
      thresh= 4.456E-06 alpha_mix =  0.700 |ddv_scf|^2 =  1.403E-11

      iter #   6 total cpu time :******** secs   av.it.:  38.5
      thresh= 3.745E-07 alpha_mix =  0.700 |ddv_scf|^2 =  9.507E-12

      iter #   7 total cpu time :******** secs   av.it.:  36.4
      thresh= 3.083E-07 alpha_mix =  0.700 |ddv_scf|^2 =  4.362E-13

     End of self-consistent calculation

     Convergence has been achieved 


     Representation #  23 mode #  23

     Self-consistent Calculation

      iter #   1 total cpu time :******** secs   av.it.:  14.4
      thresh= 1.000E-02 alpha_mix =  0.700 |ddv_scf|^2 =  1.078E-07

      iter #   2 total cpu time :******** secs   av.it.:  36.4
      thresh= 3.283E-05 alpha_mix =  0.700 |ddv_scf|^2 =  1.638E-08

      iter #   3 total cpu time :******** secs   av.it.:  38.3
      thresh= 1.280E-05 alpha_mix =  0.700 |ddv_scf|^2 =  6.875E-09

      iter #   4 total cpu time :******** secs   av.it.:  36.7
      thresh= 8.292E-06 alpha_mix =  0.700 |ddv_scf|^2 =  1.097E-09

      iter #   5 total cpu time :******** secs   av.it.:  36.4
      thresh= 3.313E-06 alpha_mix =  0.700 |ddv_scf|^2 =  1.847E-11

      iter #   6 total cpu time :******** secs   av.it.:  38.5
      thresh= 4.298E-07 alpha_mix =  0.700 |ddv_scf|^2 =  8.270E-12

      iter #   7 total cpu time :******** secs   av.it.:  36.6
      thresh= 2.876E-07 alpha_mix =  0.700 |ddv_scf|^2 =  1.909E-13

     End of self-consistent calculation

     Convergence has been achieved 


     Representation #  24 mode #  24

     Self-consistent Calculation

      iter #   1 total cpu time :******** secs   av.it.:  20.1
      thresh= 1.000E-02 alpha_mix =  0.700 |ddv_scf|^2 =  5.797E-07

      iter #   2 total cpu time :******** secs   av.it.:  35.9
      thresh= 7.614E-05 alpha_mix =  0.700 |ddv_scf|^2 =  3.306E-07

      iter #   3 total cpu time :******** secs   av.it.:  34.9
      thresh= 5.750E-05 alpha_mix =  0.700 |ddv_scf|^2 =  2.022E-07

      iter #   4 total cpu time :******** secs   av.it.:  33.7
      thresh= 4.497E-05 alpha_mix =  0.700 |ddv_scf|^2 =  3.982E-09

      iter #   5 total cpu time :******** secs   av.it.:  37.0
      thresh= 6.310E-06 alpha_mix =  0.700 |ddv_scf|^2 =  1.995E-09

      iter #   6 total cpu time :******** secs   av.it.:  36.1
      thresh= 4.467E-06 alpha_mix =  0.700 |ddv_scf|^2 =  1.397E-09

      iter #   7 total cpu time :******** secs   av.it.:  35.9
      thresh= 3.738E-06 alpha_mix =  0.700 |ddv_scf|^2 =  1.033E-10

      iter #   8 total cpu time :******** secs   av.it.:  37.9
      thresh= 1.017E-06 alpha_mix =  0.700 |ddv_scf|^2 =  7.149E-12

      iter #   9 total cpu time :******** secs   av.it.:  38.1
      thresh= 2.674E-07 alpha_mix =  0.700 |ddv_scf|^2 =  1.667E-12

      iter #  10 total cpu time :******** secs   av.it.:  38.1
      thresh= 1.291E-07 alpha_mix =  0.700 |ddv_scf|^2 =  1.481E-13

     End of self-consistent calculation

     Convergence has been achieved 


     Representation #  25 mode #  25

     Self-consistent Calculation

      iter #   1 total cpu time :******** secs   av.it.:  14.3
      thresh= 1.000E-02 alpha_mix =  0.700 |ddv_scf|^2 =  1.052E-07

      iter #   2 total cpu time :******** secs   av.it.:  36.4
      thresh= 3.244E-05 alpha_mix =  0.700 |ddv_scf|^2 =  8.622E-09

      iter #   3 total cpu time :******** secs   av.it.:  38.2
      thresh= 9.286E-06 alpha_mix =  0.700 |ddv_scf|^2 =  1.796E-09

      iter #   4 total cpu time :******** secs   av.it.:  37.1
      thresh= 4.237E-06 alpha_mix =  0.700 |ddv_scf|^2 =  2.131E-10

      iter #   5 total cpu time :******** secs   av.it.:  37.6
      thresh= 1.460E-06 alpha_mix =  0.700 |ddv_scf|^2 =  3.775E-11

      iter #   6 total cpu time :******** secs   av.it.:  36.3
      thresh= 6.144E-07 alpha_mix =  0.700 |ddv_scf|^2 =  1.801E-12

      iter #   7 total cpu time :******** secs   av.it.:  37.8
      thresh= 1.342E-07 alpha_mix =  0.700 |ddv_scf|^2 =  4.710E-13

     End of self-consistent calculation

     Convergence has been achieved 


     Representation #  26 mode #  26

     Self-consistent Calculation

      iter #   1 total cpu time :******** secs   av.it.:  14.8
      thresh= 1.000E-02 alpha_mix =  0.700 |ddv_scf|^2 =  2.260E-07

      iter #   2 total cpu time :******** secs   av.it.:  35.5
      thresh= 4.754E-05 alpha_mix =  0.700 |ddv_scf|^2 =  1.020E-07

      iter #   3 total cpu time :******** secs   av.it.:  36.6
      thresh= 3.194E-05 alpha_mix =  0.700 |ddv_scf|^2 =  1.303E-08

      iter #   4 total cpu time :******** secs   av.it.:  36.0
      thresh= 1.141E-05 alpha_mix =  0.700 |ddv_scf|^2 =  1.677E-09

      iter #   5 total cpu time :******** secs   av.it.:  36.8
      thresh= 4.095E-06 alpha_mix =  0.700 |ddv_scf|^2 =  2.712E-11

      iter #   6 total cpu time :******** secs   av.it.:  38.8
      thresh= 5.208E-07 alpha_mix =  0.700 |ddv_scf|^2 =  1.513E-11

      iter #   7 total cpu time :******** secs   av.it.:  35.3
      thresh= 3.890E-07 alpha_mix =  0.700 |ddv_scf|^2 =  3.942E-13

     End of self-consistent calculation

     Convergence has been achieved 


     Representation #  27 mode #  27

     Self-consistent Calculation

      iter #   1 total cpu time :******** secs   av.it.:  20.0
      thresh= 1.000E-02 alpha_mix =  0.700 |ddv_scf|^2 =  4.406E-07

      iter #   2 total cpu time :******** secs   av.it.:  36.3
      thresh= 6.638E-05 alpha_mix =  0.700 |ddv_scf|^2 =  8.608E-08

      iter #   3 total cpu time :******** secs   av.it.:  37.7
      thresh= 2.934E-05 alpha_mix =  0.700 |ddv_scf|^2 =  1.869E-07

      iter #   4 total cpu time :******** secs   av.it.:  33.2
      thresh= 4.323E-05 alpha_mix =  0.700 |ddv_scf|^2 =  3.120E-09

      iter #   5 total cpu time :******** secs   av.it.:  36.8
      thresh= 5.586E-06 alpha_mix =  0.700 |ddv_scf|^2 =  2.053E-09

      iter #   6 total cpu time :******** secs   av.it.:  35.3
      thresh= 4.531E-06 alpha_mix =  0.700 |ddv_scf|^2 =  3.692E-10

      iter #   7 total cpu time :******** secs   av.it.:  38.1
      thresh= 1.921E-06 alpha_mix =  0.700 |ddv_scf|^2 =  2.714E-11

      iter #   8 total cpu time :******** secs   av.it.:  38.5
      thresh= 5.209E-07 alpha_mix =  0.700 |ddv_scf|^2 =  7.682E-12

      iter #   9 total cpu time :******** secs   av.it.:  34.2
      thresh= 2.772E-07 alpha_mix =  0.700 |ddv_scf|^2 =  1.139E-12

      iter #  10 total cpu time :******** secs   av.it.:  37.0
      thresh= 1.067E-07 alpha_mix =  0.700 |ddv_scf|^2 =  8.070E-14

     End of self-consistent calculation

     Convergence has been achieved 


     Representation #  28 mode #  28

     Self-consistent Calculation

      iter #   1 total cpu time :******** secs   av.it.:  18.8
      thresh= 1.000E-02 alpha_mix =  0.700 |ddv_scf|^2 =  1.030E-06

      iter #   2 total cpu time :******** secs   av.it.:  35.2
      thresh= 1.015E-04 alpha_mix =  0.700 |ddv_scf|^2 =  6.297E-07

      iter #   3 total cpu time :******** secs   av.it.:  35.5
      thresh= 7.935E-05 alpha_mix =  0.700 |ddv_scf|^2 =  3.113E-07

      iter #   4 total cpu time :******** secs   av.it.:  33.1
      thresh= 5.580E-05 alpha_mix =  0.700 |ddv_scf|^2 =  5.596E-09

      iter #   5 total cpu time :******** secs   av.it.:  37.3
      thresh= 7.481E-06 alpha_mix =  0.700 |ddv_scf|^2 =  2.212E-09

      iter #   6 total cpu time :******** secs   av.it.:  36.9
      thresh= 4.703E-06 alpha_mix =  0.700 |ddv_scf|^2 =  1.494E-09

      iter #   7 total cpu time :******** secs   av.it.:  35.1
      thresh= 3.865E-06 alpha_mix =  0.700 |ddv_scf|^2 =  1.031E-10

      iter #   8 total cpu time :******** secs   av.it.:  38.9
      thresh= 1.015E-06 alpha_mix =  0.700 |ddv_scf|^2 =  1.171E-11

      iter #   9 total cpu time :******** secs   av.it.:  39.1
      thresh= 3.423E-07 alpha_mix =  0.700 |ddv_scf|^2 =  6.620E-12

      iter #  10 total cpu time :******** secs   av.it.:  36.1
      thresh= 2.573E-07 alpha_mix =  0.700 |ddv_scf|^2 =  4.926E-13

     End of self-consistent calculation

     Convergence has been achieved 


     Representation #  29 mode #  29

     Self-consistent Calculation

      iter #   1 total cpu time :******** secs   av.it.:  14.9
      thresh= 1.000E-02 alpha_mix =  0.700 |ddv_scf|^2 =  2.103E-07

      iter #   2 total cpu time :******** secs   av.it.:  36.2
      thresh= 4.586E-05 alpha_mix =  0.700 |ddv_scf|^2 =  1.328E-07

      iter #   3 total cpu time :******** secs   av.it.:  36.3
      thresh= 3.644E-05 alpha_mix =  0.700 |ddv_scf|^2 =  1.628E-08

      iter #   4 total cpu time :******** secs   av.it.:  33.9
      thresh= 1.276E-05 alpha_mix =  0.700 |ddv_scf|^2 =  2.080E-09

      iter #   5 total cpu time :******** secs   av.it.:  36.9
      thresh= 4.560E-06 alpha_mix =  0.700 |ddv_scf|^2 =  3.635E-11

      iter #   6 total cpu time :******** secs   av.it.:  38.4
      thresh= 6.029E-07 alpha_mix =  0.700 |ddv_scf|^2 =  1.772E-11

      iter #   7 total cpu time :******** secs   av.it.:  36.8
      thresh= 4.209E-07 alpha_mix =  0.700 |ddv_scf|^2 =  2.297E-13

     End of self-consistent calculation

     Convergence has been achieved 


     Representation #  30 mode #  30

     Self-consistent Calculation

      iter #   1 total cpu time :******** secs   av.it.:  14.4
      thresh= 1.000E-02 alpha_mix =  0.700 |ddv_scf|^2 =  2.020E-07

      iter #   2 total cpu time :******** secs   av.it.:  36.8
      thresh= 4.494E-05 alpha_mix =  0.700 |ddv_scf|^2 =  4.825E-08

      iter #   3 total cpu time :******** secs   av.it.:  37.4
      thresh= 2.196E-05 alpha_mix =  0.700 |ddv_scf|^2 =  7.049E-09

      iter #   4 total cpu time :******** secs   av.it.:  37.1
      thresh= 8.396E-06 alpha_mix =  0.700 |ddv_scf|^2 =  1.139E-09

      iter #   5 total cpu time :******** secs   av.it.:  36.6
      thresh= 3.376E-06 alpha_mix =  0.700 |ddv_scf|^2 =  1.303E-11

      iter #   6 total cpu time :******** secs   av.it.:  39.0
      thresh= 3.609E-07 alpha_mix =  0.700 |ddv_scf|^2 =  7.634E-12

      iter #   7 total cpu time :******** secs   av.it.:  34.7
      thresh= 2.763E-07 alpha_mix =  0.700 |ddv_scf|^2 =  2.228E-13

     End of self-consistent calculation

     Convergence has been achieved 

     Number of q in the star =    1
     List of q in the star:
          1  -0.497633262   0.938176567   0.062264389

     Diagonalizing the dynamical matrix

     q = (   -0.497633262   0.938176567   0.062264389 ) 

 **************************************************************************
     freq (    1) =      -1.693401 [THz] =     -56.485789 [cm-1]
     freq (    2) =       2.317099 [THz] =      77.290117 [cm-1]
     freq (    3) =       3.777952 [THz] =     126.018911 [cm-1]
     freq (    4) =       3.971725 [THz] =     132.482470 [cm-1]
     freq (    5) =       4.111485 [THz] =     137.144370 [cm-1]
     freq (    6) =       4.663140 [THz] =     155.545604 [cm-1]
     freq (    7) =       5.578202 [THz] =     186.068776 [cm-1]
     freq (    8) =       5.927949 [THz] =     197.735099 [cm-1]
     freq (    9) =       6.107223 [THz] =     203.715019 [cm-1]
     freq (   10) =       7.184186 [THz] =     239.638661 [cm-1]
     freq (   11) =       7.399701 [THz] =     246.827442 [cm-1]
     freq (   12) =       7.474036 [THz] =     249.307022 [cm-1]
     freq (   13) =       8.032709 [THz] =     267.942333 [cm-1]
     freq (   14) =       8.686448 [THz] =     289.748712 [cm-1]
     freq (   15) =       8.709166 [THz] =     290.506506 [cm-1]
     freq (   16) =       9.324403 [THz] =     311.028590 [cm-1]
     freq (   17) =       9.375375 [THz] =     312.728858 [cm-1]
     freq (   18) =      10.115796 [THz] =     337.426619 [cm-1]
     freq (   19) =      10.818904 [THz] =     360.879803 [cm-1]
     freq (   20) =      11.304372 [THz] =     377.073246 [cm-1]
     freq (   21) =      12.105804 [THz] =     403.806144 [cm-1]
     freq (   22) =      12.953482 [THz] =     432.081664 [cm-1]
     freq (   23) =      13.040809 [THz] =     434.994550 [cm-1]
     freq (   24) =      13.690864 [THz] =     456.678050 [cm-1]
     freq (   25) =      14.341830 [THz] =     478.391970 [cm-1]
     freq (   26) =      15.462779 [THz] =     515.782773 [cm-1]
     freq (   27) =      15.526429 [THz] =     517.905934 [cm-1]
     freq (   28) =      16.405463 [THz] =     547.227335 [cm-1]
     freq (   29) =      17.242244 [THz] =     575.139342 [cm-1]
     freq (   30) =      17.297386 [THz] =     576.978688 [cm-1]
 **************************************************************************

     Mode symmetry, C_i (-1)    point group:

     freq (   1-   1) =        -56.5  [cm-1]   --> A_g                
     freq (   2-   2) =         77.3  [cm-1]   --> A_u                
     freq (   3-   3) =        126.0  [cm-1]   --> A_u                
     freq (   4-   4) =        132.5  [cm-1]   --> A_u                
     freq (   5-   5) =        137.1  [cm-1]   --> A_g                
     freq (   6-   6) =        155.5  [cm-1]   --> A_g                
     freq (   7-   7) =        186.1  [cm-1]   --> A_u                
     freq (   8-   8) =        197.7  [cm-1]   --> A_g                
     freq (   9-   9) =        203.7  [cm-1]   --> A_g                
     freq (  10-  10) =        239.6  [cm-1]   --> A_u                
     freq (  11-  11) =        246.8  [cm-1]   --> A_g                
     freq (  12-  12) =        249.3  [cm-1]   --> A_g                
     freq (  13-  13) =        267.9  [cm-1]   --> A_u                
     freq (  14-  14) =        289.7  [cm-1]   --> A_g                
     freq (  15-  15) =        290.5  [cm-1]   --> A_u                
     freq (  16-  16) =        311.0  [cm-1]   --> A_u                
     freq (  17-  17) =        312.7  [cm-1]   --> A_g                
     freq (  18-  18) =        337.4  [cm-1]   --> A_u                
     freq (  19-  19) =        360.9  [cm-1]   --> A_g                
     freq (  20-  20) =        377.1  [cm-1]   --> A_u                
     freq (  21-  21) =        403.8  [cm-1]   --> A_g                
     freq (  22-  22) =        432.1  [cm-1]   --> A_u                
     freq (  23-  23) =        435.0  [cm-1]   --> A_g                
     freq (  24-  24) =        456.7  [cm-1]   --> A_u                
     freq (  25-  25) =        478.4  [cm-1]   --> A_u                
     freq (  26-  26) =        515.8  [cm-1]   --> A_u                
     freq (  27-  27) =        517.9  [cm-1]   --> A_g                
     freq (  28-  28) =        547.2  [cm-1]   --> A_g                
     freq (  29-  29) =        575.1  [cm-1]   --> A_u                
     freq (  30-  30) =        577.0  [cm-1]   --> A_g                

     Calculation of q =   -0.4986788   0.9379177  -0.4999362

     Parallelization info
     --------------------
     sticks:   dense  smooth     PW     G-vecs:    dense   smooth      PW
     Min          99      49     17                 5907     2087     421
     Max         100      50     18                 5911     2092     425
     Sum        3769    1889    647               224509    79403   16067

     Using Slab Decomposition


     Title: 
     Ga2O3 phonon grid                                                          


     bravais-lattice index     =            0
     lattice parameter (alat)  =      12.5163  a.u.
     unit-cell volume          =     820.9989 (a.u.)^3
     number of atoms/cell      =           10
     number of atomic types    =            2
     number of electrons       =        88.00
     number of Kohn-Sham states=           44
     kinetic-energy cutoff     =      80.0000  Ry
     charge density cutoff     =     640.0000  Ry
     Exchange-correlation= PBE
                           (   1   4   3   4   0   0   0)

     celldm(1)=  12.516274  celldm(2)=   0.000000  celldm(3)=   0.000000
     celldm(4)=   0.000000  celldm(5)=   0.000000  celldm(6)=   0.000000

     crystal axes: (cart. coord. in units of alat)
               a(1) = (   0.999995  -0.002402  -0.001859 )  
               a(2) = (   0.883365   0.468683  -0.001859 )  
               a(3) = (   0.208584   0.051641   0.888951 )  

     reciprocal axes: (cart. coord. in units 2 pi/alat)
               b(1) = (  0.995267 -1.876353 -0.124529 )  
               b(2) = (  0.004870  2.123966 -0.124529 )  
               b(3) = (  0.002091  0.000518  1.124401 )  


     PseudoPot. # 1 for O  read from file:
     ./pseudo/O.pbe-n-kjpaw_psl.1.0.0.UPF
     MD5 check sum: e99d9cef9b487d1ca56f5b95ecd0fd7a
     Pseudo is Projector augmented-wave + core cor, Zval =  6.0
     Generated using &quot;atomic&quot; code by A. Dal Corso  v.6.3
     Shape of augmentation charge: PSQ
     Using radial grid of 1095 points,  4 beta functions with: 
                l(1) =   0
                l(2) =   0
                l(3) =   1
                l(4) =   1
     Q(r) pseudized with 0 coefficients 


     PseudoPot. # 2 for Ga read from file:
     ./pseudo/Ga.pbe-dn-kjpaw_psl.1.0.0.UPF
     MD5 check sum: 50ce49cbf7e0a40ad8623bf41840a268
     Pseudo is Projector augmented-wave + core cor, Zval = 13.0
     Generated using &quot;atomic&quot; code by A. Dal Corso  v.6.3
     Shape of augmentation charge: PSQ
     Using radial grid of 1205 points,  6 beta functions with: 
                l(1) =   0
                l(2) =   0
                l(3) =   1
                l(4) =   1
                l(5) =   2
                l(6) =   2
     Q(r) pseudized with 0 coefficients 


     atomic species   valence    mass     pseudopotential
        O              6.00    15.99900     O ( 1.00)
        Ga            13.00    69.72300     Ga( 1.00)

      2 Sym. Ops., with inversion, found



   Cartesian axes

     site n.     atom                  positions (alat units)
         1           Ga  tau(   1) = (   1.3843475   0.3427359   0.6080322  )
         2           Ga  tau(   2) = (   0.7075973   0.1751865   0.2772010  )
         3           Ga  tau(   3) = (   0.2138074   0.0529343   0.1809352  )
         4           Ga  tau(   4) = (   1.8781372   0.4649880   0.7042982  )
         5           O   tau(   5) = (   1.0897907   0.2698097   0.6612741  )
         6           O   tau(   6) = (   1.0021542   0.2481127   0.2239593  )
         7           O   tau(   7) = (   0.4178956   0.1034623   0.3918935  )
         8           O   tau(   8) = (   1.6740492   0.4144601   0.4933398  )
         9           O   tau(   9) = (   1.5854244   0.3925184   0.0952441  )
        10           O   tau(  10) = (   0.5065203   0.1254040   0.7899892  )

     number of k points=  1736

     Number of k-points >= 100: set verbosity='high' to print them.

     Dense  grid:   224509 G-vectors     FFT dimensions: ( 108, 108,  96)

     Smooth grid:    79403 G-vectors     FFT dimensions: (  72,  72,  72)

     Estimated max dynamical RAM per process >      25.41 MB

     Estimated total dynamical RAM >     965.71 MB

     The potential is recalculated from file :
     ./tmp/_ph0/Ga2O3-Bands.save/charge-density

     Starting wfcs are   60 atomic wfcs
     Checking if some PAW data can be deallocated... 

     Band Structure Calculation
     Davidson diagonalization with overlap

     ethr =  1.14E-11,  avg # of iterations = 33.4

     total cpu time spent up to now is     7222.7 secs

     End of band structure calculation

     Number of k-points >= 100: set verbosity='high' to print the bands.

     highest occupied level (ev):     6.2785

     Writing config to output data dir ./tmp/_ph0/Ga2O3-Bands.save/

     Ga2O3 phonon grid                                                          

     bravais-lattice index     =            0
     lattice parameter (alat)  =      12.5163  a.u.
     unit-cell volume          =     820.9989 (a.u.)^3
     number of atoms/cell      =           10
     number of atomic types    =            2
     kinetic-energy cut-off    =      80.0000  Ry
     charge density cut-off    =     640.0000  Ry
     convergence threshold     =      1.0E-12
     beta                      =       0.7000
     number of iterations used =            4
     Exchange-correlation= PBE
                           (   1   4   3   4   0   0   0)


     celldm(1)=   12.51627  celldm(2)=    0.00000  celldm(3)=    0.00000
     celldm(4)=    0.00000  celldm(5)=    0.00000  celldm(6)=    0.00000

     crystal axes: (cart. coord. in units of alat)
               a(1) = (  1.0000 -0.0024 -0.0019 )  
               a(2) = (  0.8834  0.4687 -0.0019 )  
               a(3) = (  0.2086  0.0516  0.8890 )  

     reciprocal axes: (cart. coord. in units 2 pi/alat)
               b(1) = (  0.9953 -1.8764 -0.1245 )  
               b(2) = (  0.0049  2.1240 -0.1245 )  
               b(3) = (  0.0021  0.0005  1.1244 )  


     Atoms inside the unit cell: 

     Cartesian axes

     site n.  atom      mass           positions (alat units)
        1     Ga  69.7230   tau(    1) = (    1.38435    0.34274    0.60803  )
        2     Ga  69.7230   tau(    2) = (    0.70760    0.17519    0.27720  )
        3     Ga  69.7230   tau(    3) = (    0.21381    0.05293    0.18094  )
        4     Ga  69.7230   tau(    4) = (    1.87814    0.46499    0.70430  )
        5     O   15.9990   tau(    5) = (    1.08979    0.26981    0.66127  )
        6     O   15.9990   tau(    6) = (    1.00215    0.24811    0.22396  )
        7     O   15.9990   tau(    7) = (    0.41790    0.10346    0.39189  )
        8     O   15.9990   tau(    8) = (    1.67405    0.41446    0.49334  )
        9     O   15.9990   tau(    9) = (    1.58542    0.39252    0.09524  )
       10     O   15.9990   tau(   10) = (    0.50652    0.12540    0.78999  )

     Computing dynamical matrix for 
                    q = (  -0.4986788   0.9379177  -0.4999362 )

      3 Sym.Ops. (with q -> -q+G )


     G cutoff = 2539.6294  (   5908 G-vectors)     FFT grid: (108,108, 96)
     G cutoff = 1269.8147  (   2092 G-vectors)  smooth grid: ( 72, 72, 72)
     number of k points=  1736

     PseudoPot. # 1 for O  read from file:
     ./pseudo/O.pbe-n-kjpaw_psl.1.0.0.UPF
     MD5 check sum: e99d9cef9b487d1ca56f5b95ecd0fd7a
     Pseudo is Projector augmented-wave + core cor, Zval =  6.0
     Generated using &quot;atomic&quot; code by A. Dal Corso  v.6.3
     Shape of augmentation charge: PSQ
     Using radial grid of 1095 points,  4 beta functions with: 
                l(1) =   0
                l(2) =   0
                l(3) =   1
                l(4) =   1
     Q(r) pseudized with 0 coefficients 


     PseudoPot. # 2 for Ga read from file:
     ./pseudo/Ga.pbe-dn-kjpaw_psl.1.0.0.UPF
     MD5 check sum: 50ce49cbf7e0a40ad8623bf41840a268
     Pseudo is Projector augmented-wave + core cor, Zval = 13.0
     Generated using &quot;atomic&quot; code by A. Dal Corso  v.6.3
     Shape of augmentation charge: PSQ
     Using radial grid of 1205 points,  6 beta functions with: 
                l(1) =   0
                l(2) =   0
                l(3) =   1
                l(4) =   1
                l(5) =   2
                l(6) =   2
     Q(r) pseudized with 0 coefficients 


     Mode symmetry, C_i (-1)    point group:


     Atomic displacements:
     There are   30 irreducible representations

     Representation     1      1 modes -  To be done

     Representation     2      1 modes -  To be done

     Representation     3      1 modes -  To be done

     Representation     4      1 modes -  To be done

     Representation     5      1 modes -  To be done

     Representation     6      1 modes -  To be done

     Representation     7      1 modes -  To be done

     Representation     8      1 modes -  To be done

     Representation     9      1 modes -  To be done

     Representation    10      1 modes -  To be done

     Representation    11      1 modes -  To be done

     Representation    12      1 modes -  To be done

     Representation    13      1 modes -  To be done

     Representation    14      1 modes -  To be done

     Representation    15      1 modes -  To be done

     Representation    16      1 modes -  To be done

     Representation    17      1 modes -  To be done

     Representation    18      1 modes -  To be done

     Representation    19      1 modes -  To be done

     Representation    20      1 modes -  To be done

     Representation    21      1 modes -  To be done

     Representation    22      1 modes -  To be done

     Representation    23      1 modes -  To be done

     Representation    24      1 modes -  To be done

     Representation    25      1 modes -  To be done

     Representation    26      1 modes -  To be done

     Representation    27      1 modes -  To be done

     Representation    28      1 modes -  To be done

     Representation    29      1 modes -  To be done

     Representation    30      1 modes -  To be done



     Alpha used in Ewald sum =   2.8000
     PHONON       :  10d 5h10m CPU  14d14h14m WALL



     Representation #   1 mode #   1

     Self-consistent Calculation

      iter #   1 total cpu time :******** secs   av.it.:  15.1
      thresh= 1.000E-02 alpha_mix =  0.700 |ddv_scf|^2 =  3.914E-07

      iter #   2 total cpu time :******** secs   av.it.:  35.1
      thresh= 6.256E-05 alpha_mix =  0.700 |ddv_scf|^2 =  2.897E-07

      iter #   3 total cpu time :******** secs   av.it.:  34.7
      thresh= 5.382E-05 alpha_mix =  0.700 |ddv_scf|^2 =  4.279E-08

      iter #   4 total cpu time :******** secs   av.it.:  33.5
      thresh= 2.069E-05 alpha_mix =  0.700 |ddv_scf|^2 =  1.662E-09

      iter #   5 total cpu time :******** secs   av.it.:  36.7
      thresh= 4.077E-06 alpha_mix =  0.700 |ddv_scf|^2 =  1.207E-10

      iter #   6 total cpu time :******** secs   av.it.:  36.6
      thresh= 1.099E-06 alpha_mix =  0.700 |ddv_scf|^2 =  1.960E-11

      iter #   7 total cpu time :******** secs   av.it.:  37.0
      thresh= 4.427E-07 alpha_mix =  0.700 |ddv_scf|^2 =  1.592E-13

     End of self-consistent calculation

     Convergence has been achieved 


     Representation #   2 mode #   2

     Self-consistent Calculation

      iter #   1 total cpu time :******** secs   av.it.:  19.8
      thresh= 1.000E-02 alpha_mix =  0.700 |ddv_scf|^2 =  9.303E-07

      iter #   2 total cpu time :******** secs   av.it.:  35.0
      thresh= 9.645E-05 alpha_mix =  0.700 |ddv_scf|^2 =  4.023E-07

      iter #   3 total cpu time :******** secs   av.it.:  35.1
      thresh= 6.343E-05 alpha_mix =  0.700 |ddv_scf|^2 =  2.498E-07

      iter #   4 total cpu time :******** secs   av.it.:  33.0
      thresh= 4.998E-05 alpha_mix =  0.700 |ddv_scf|^2 =  3.534E-09

      iter #   5 total cpu time :******** secs   av.it.:  36.8
      thresh= 5.945E-06 alpha_mix =  0.700 |ddv_scf|^2 =  1.545E-09

      iter #   6 total cpu time :******** secs   av.it.:  37.2
      thresh= 3.930E-06 alpha_mix =  0.700 |ddv_scf|^2 =  1.606E-09

      iter #   7 total cpu time :******** secs   av.it.:  35.0
      thresh= 4.008E-06 alpha_mix =  0.700 |ddv_scf|^2 =  8.268E-11

      iter #   8 total cpu time :******** secs   av.it.:  38.1
      thresh= 9.093E-07 alpha_mix =  0.700 |ddv_scf|^2 =  9.789E-12

      iter #   9 total cpu time :******** secs   av.it.:  37.9
      thresh= 3.129E-07 alpha_mix =  0.700 |ddv_scf|^2 =  1.225E-12

      iter #  10 total cpu time :******** secs   av.it.:  33.9
      thresh= 1.107E-07 alpha_mix =  0.700 |ddv_scf|^2 =  1.353E-13

     End of self-consistent calculation

     Convergence has been achieved 


     Representation #   3 mode #   3

     Self-consistent Calculation

      iter #   1 total cpu time :******** secs   av.it.:  14.3
      thresh= 1.000E-02 alpha_mix =  0.700 |ddv_scf|^2 =  1.457E-07

      iter #   2 total cpu time :******** secs   av.it.:  34.9
      thresh= 3.817E-05 alpha_mix =  0.700 |ddv_scf|^2 =  5.340E-08

      iter #   3 total cpu time :******** secs   av.it.:  36.4
      thresh= 2.311E-05 alpha_mix =  0.700 |ddv_scf|^2 =  1.879E-08

      iter #   4 total cpu time :******** secs   av.it.:  33.6
      thresh= 1.371E-05 alpha_mix =  0.700 |ddv_scf|^2 =  1.216E-09

      iter #   5 total cpu time :******** secs   av.it.:  36.9
      thresh= 3.487E-06 alpha_mix =  0.700 |ddv_scf|^2 =  4.597E-11

      iter #   6 total cpu time :******** secs   av.it.:  36.8
      thresh= 6.780E-07 alpha_mix =  0.700 |ddv_scf|^2 =  3.613E-12

      iter #   7 total cpu time :******** secs   av.it.:  38.5
      thresh= 1.901E-07 alpha_mix =  0.700 |ddv_scf|^2 =  3.971E-13

     End of self-consistent calculation

     Convergence has been achieved 


     Representation #   4 mode #   4

     Self-consistent Calculation

      iter #   1 total cpu time :******** secs   av.it.:  14.9
      thresh= 1.000E-02 alpha_mix =  0.700 |ddv_scf|^2 =  3.688E-07

      iter #   2 total cpu time :******** secs   av.it.:  35.9
      thresh= 6.073E-05 alpha_mix =  0.700 |ddv_scf|^2 =  2.012E-07

      iter #   3 total cpu time :******** secs   av.it.:  36.6
      thresh= 4.486E-05 alpha_mix =  0.700 |ddv_scf|^2 =  2.404E-08

      iter #   4 total cpu time :******** secs   av.it.:  34.3
      thresh= 1.550E-05 alpha_mix =  0.700 |ddv_scf|^2 =  1.902E-09

      iter #   5 total cpu time :******** secs   av.it.:  37.1
      thresh= 4.361E-06 alpha_mix =  0.700 |ddv_scf|^2 =  2.504E-11

      iter #   6 total cpu time :******** secs   av.it.:  38.2
      thresh= 5.004E-07 alpha_mix =  0.700 |ddv_scf|^2 =  5.604E-12

      iter #   7 total cpu time :******** secs   av.it.:  37.0
      thresh= 2.367E-07 alpha_mix =  0.700 |ddv_scf|^2 =  7.783E-13

     End of self-consistent calculation

     Convergence has been achieved 


     Representation #   5 mode #   5

     Self-consistent Calculation

      iter #   1 total cpu time :******** secs   av.it.:  18.7
      thresh= 1.000E-02 alpha_mix =  0.700 |ddv_scf|^2 =  4.521E-07

      iter #   2 total cpu time :******** secs   av.it.:  35.1
      thresh= 6.724E-05 alpha_mix =  0.700 |ddv_scf|^2 =  2.312E-08

      iter #   3 total cpu time :******** secs   av.it.:  38.5
      thresh= 1.521E-05 alpha_mix =  0.700 |ddv_scf|^2 =  2.195E-08

      iter #   4 total cpu time :******** secs   av.it.:  34.5
      thresh= 1.482E-05 alpha_mix =  0.700 |ddv_scf|^2 =  4.727E-09

      iter #   5 total cpu time :******** secs   av.it.:  34.4
      thresh= 6.875E-06 alpha_mix =  0.700 |ddv_scf|^2 =  9.642E-10

      iter #   6 total cpu time :******** secs   av.it.:  37.6
      thresh= 3.105E-06 alpha_mix =  0.700 |ddv_scf|^2 =  5.108E-10

      iter #   7 total cpu time :******** secs   av.it.:  35.9
      thresh= 2.260E-06 alpha_mix =  0.700 |ddv_scf|^2 =  8.257E-11

      iter #   8 total cpu time :******** secs   av.it.:  37.0
      thresh= 9.087E-07 alpha_mix =  0.700 |ddv_scf|^2 =  2.871E-12

      iter #   9 total cpu time :******** secs   av.it.:  38.0
      thresh= 1.694E-07 alpha_mix =  0.700 |ddv_scf|^2 =  8.559E-14

     End of self-consistent calculation

     Convergence has been achieved 


     Representation #   6 mode #   6

     Self-consistent Calculation

      iter #   1 total cpu time :******** secs   av.it.:  18.6
      thresh= 1.000E-02 alpha_mix =  0.700 |ddv_scf|^2 =  5.744E-07

      iter #   2 total cpu time :******** secs   av.it.:  35.6
      thresh= 7.579E-05 alpha_mix =  0.700 |ddv_scf|^2 =  2.186E-07

      iter #   3 total cpu time :******** secs   av.it.:  35.7
      thresh= 4.675E-05 alpha_mix =  0.700 |ddv_scf|^2 =  2.201E-07

      iter #   4 total cpu time :******** secs   av.it.:  33.5
      thresh= 4.692E-05 alpha_mix =  0.700 |ddv_scf|^2 =  2.829E-09

      iter #   5 total cpu time :******** secs   av.it.:  36.0
      thresh= 5.319E-06 alpha_mix =  0.700 |ddv_scf|^2 =  2.217E-09

      iter #   6 total cpu time :******** secs   av.it.:  34.4
      thresh= 4.708E-06 alpha_mix =  0.700 |ddv_scf|^2 =  7.800E-10

      iter #   7 total cpu time :******** secs   av.it.:  36.6
      thresh= 2.793E-06 alpha_mix =  0.700 |ddv_scf|^2 =  4.129E-11

      iter #   8 total cpu time :******** secs   av.it.:  38.1
      thresh= 6.426E-07 alpha_mix =  0.700 |ddv_scf|^2 =  4.261E-12

      iter #   9 total cpu time :******** secs   av.it.:  38.3
      thresh= 2.064E-07 alpha_mix =  0.700 |ddv_scf|^2 =  6.139E-13

     End of self-consistent calculation

     Convergence has been achieved 


     Representation #   7 mode #   7

     Self-consistent Calculation

      iter #   1 total cpu time :******** secs   av.it.:  14.8
      thresh= 1.000E-02 alpha_mix =  0.700 |ddv_scf|^2 =  1.439E-07

      iter #   2 total cpu time :******** secs   av.it.:  37.1
      thresh= 3.794E-05 alpha_mix =  0.700 |ddv_scf|^2 =  5.051E-08

      iter #   3 total cpu time :******** secs   av.it.:  37.1
      thresh= 2.247E-05 alpha_mix =  0.700 |ddv_scf|^2 =  9.794E-09

      iter #   4 total cpu time :******** secs   av.it.:  36.3
      thresh= 9.896E-06 alpha_mix =  0.700 |ddv_scf|^2 =  1.929E-09

      iter #   5 total cpu time :******** secs   av.it.:  36.7
      thresh= 4.391E-06 alpha_mix =  0.700 |ddv_scf|^2 =  1.255E-11

      iter #   6 total cpu time :******** secs   av.it.:  39.0
      thresh= 3.542E-07 alpha_mix =  0.700 |ddv_scf|^2 =  8.599E-12

      iter #   7 total cpu time :******** secs   av.it.:  36.4
      thresh= 2.932E-07 alpha_mix =  0.700 |ddv_scf|^2 =  4.612E-13

     End of self-consistent calculation

     Convergence has been achieved 


     Representation #   8 mode #   8

     Self-consistent Calculation

      iter #   1 total cpu time :******** secs   av.it.:  14.5
      thresh= 1.000E-02 alpha_mix =  0.700 |ddv_scf|^2 =  1.649E-07

      iter #   2 total cpu time :******** secs   av.it.:  36.1
      thresh= 4.060E-05 alpha_mix =  0.700 |ddv_scf|^2 =  3.840E-08

      iter #   3 total cpu time :******** secs   av.it.:  37.3
      thresh= 1.959E-05 alpha_mix =  0.700 |ddv_scf|^2 =  5.365E-09

      iter #   4 total cpu time :******** secs   av.it.:  37.4
      thresh= 7.324E-06 alpha_mix =  0.700 |ddv_scf|^2 =  1.629E-09

      iter #   5 total cpu time :******** secs   av.it.:  36.1
      thresh= 4.036E-06 alpha_mix =  0.700 |ddv_scf|^2 =  1.374E-11

      iter #   6 total cpu time :******** secs   av.it.:  38.8
      thresh= 3.706E-07 alpha_mix =  0.700 |ddv_scf|^2 =  1.891E-12

      iter #   7 total cpu time :******** secs   av.it.:  35.1
      thresh= 1.375E-07 alpha_mix =  0.700 |ddv_scf|^2 =  1.346E-12

      iter #   8 total cpu time :******** secs   av.it.:  33.6
      thresh= 1.160E-07 alpha_mix =  0.700 |ddv_scf|^2 =  1.990E-14

     End of self-consistent calculation

     Convergence has been achieved 


     Representation #   9 mode #   9

     Self-consistent Calculation

      iter #   1 total cpu time :******** secs   av.it.:  20.2
      thresh= 1.000E-02 alpha_mix =  0.700 |ddv_scf|^2 =  6.641E-07

      iter #   2 total cpu time :******** secs   av.it.:  35.5
      thresh= 8.149E-05 alpha_mix =  0.700 |ddv_scf|^2 =  3.082E-07

      iter #   3 total cpu time :******** secs   av.it.:  35.5
      thresh= 5.552E-05 alpha_mix =  0.700 |ddv_scf|^2 =  2.475E-07

      iter #   4 total cpu time :******** secs   av.it.:  33.4
      thresh= 4.975E-05 alpha_mix =  0.700 |ddv_scf|^2 =  3.171E-09

      iter #   5 total cpu time :******** secs   av.it.:  37.3
      thresh= 5.631E-06 alpha_mix =  0.700 |ddv_scf|^2 =  1.374E-09

      iter #   6 total cpu time :******** secs   av.it.:  38.4
      thresh= 3.706E-06 alpha_mix =  0.700 |ddv_scf|^2 =  1.119E-09

      iter #   7 total cpu time :******** secs   av.it.:  34.7
      thresh= 3.346E-06 alpha_mix =  0.700 |ddv_scf|^2 =  5.997E-11

      iter #   8 total cpu time :******** secs   av.it.:  38.9
      thresh= 7.744E-07 alpha_mix =  0.700 |ddv_scf|^2 =  6.209E-12

      iter #   9 total cpu time :******** secs   av.it.:  38.9
      thresh= 2.492E-07 alpha_mix =  0.700 |ddv_scf|^2 =  9.165E-13

     End of self-consistent calculation

     Convergence has been achieved 


     Representation #  10 mode #  10

     Self-consistent Calculation

      iter #   1 total cpu time :******** secs   av.it.:  14.6
      thresh= 1.000E-02 alpha_mix =  0.700 |ddv_scf|^2 =  1.501E-07

      iter #   2 total cpu time :******** secs   av.it.:  36.1
      thresh= 3.874E-05 alpha_mix =  0.700 |ddv_scf|^2 =  3.854E-08

      iter #   3 total cpu time :******** secs   av.it.:  36.9
      thresh= 1.963E-05 alpha_mix =  0.700 |ddv_scf|^2 =  3.388E-09

      iter #   4 total cpu time :******** secs   av.it.:  37.8
      thresh= 5.820E-06 alpha_mix =  0.700 |ddv_scf|^2 =  1.399E-09

      iter #   5 total cpu time :******** secs   av.it.:  35.2
      thresh= 3.740E-06 alpha_mix =  0.700 |ddv_scf|^2 =  1.513E-11

      iter #   6 total cpu time :******** secs   av.it.:  38.1
      thresh= 3.890E-07 alpha_mix =  0.700 |ddv_scf|^2 =  1.488E-12

      iter #   7 total cpu time :******** secs   av.it.:  38.2
      thresh= 1.220E-07 alpha_mix =  0.700 |ddv_scf|^2 =  1.319E-12

      iter #   8 total cpu time :******** secs   av.it.:  33.3
      thresh= 1.148E-07 alpha_mix =  0.700 |ddv_scf|^2 =  1.559E-14

     End of self-consistent calculation

     Convergence has been achieved 


     Representation #  11 mode #  11

     Self-consistent Calculation

      iter #   1 total cpu time :******** secs   av.it.:  14.4
      thresh= 1.000E-02 alpha_mix =  0.700 |ddv_scf|^2 =  1.148E-07

      iter #   2 total cpu time :******** secs   av.it.:  35.5
      thresh= 3.388E-05 alpha_mix =  0.700 |ddv_scf|^2 =  3.159E-08

      iter #   3 total cpu time :******** secs   av.it.:  37.4
      thresh= 1.777E-05 alpha_mix =  0.700 |ddv_scf|^2 =  1.659E-08

      iter #   4 total cpu time :******** secs   av.it.:  33.4
      thresh= 1.288E-05 alpha_mix =  0.700 |ddv_scf|^2 =  1.030E-09

      iter #   5 total cpu time :******** secs   av.it.:  36.1
      thresh= 3.209E-06 alpha_mix =  0.700 |ddv_scf|^2 =  2.912E-11

      iter #   6 total cpu time :******** secs   av.it.:  37.7
      thresh= 5.396E-07 alpha_mix =  0.700 |ddv_scf|^2 =  4.089E-12

      iter #   7 total cpu time :******** secs   av.it.:  34.3
      thresh= 2.022E-07 alpha_mix =  0.700 |ddv_scf|^2 =  5.731E-13

     End of self-consistent calculation

     Convergence has been achieved 


     Representation #  12 mode #  12

     Self-consistent Calculation

      iter #   1 total cpu time :******** secs   av.it.:  20.0
      thresh= 1.000E-02 alpha_mix =  0.700 |ddv_scf|^2 =  4.789E-07

      iter #   2 total cpu time :******** secs   av.it.:  36.2
      thresh= 6.920E-05 alpha_mix =  0.700 |ddv_scf|^2 =  1.242E-07

      iter #   3 total cpu time :******** secs   av.it.:  36.8
      thresh= 3.524E-05 alpha_mix =  0.700 |ddv_scf|^2 =  2.056E-07

      iter #   4 total cpu time :******** secs   av.it.:  32.9
      thresh= 4.534E-05 alpha_mix =  0.700 |ddv_scf|^2 =  3.300E-09

      iter #   5 total cpu time :******** secs   av.it.:  37.4
      thresh= 5.744E-06 alpha_mix =  0.700 |ddv_scf|^2 =  1.169E-09

      iter #   6 total cpu time :******** secs   av.it.:  39.4
      thresh= 3.419E-06 alpha_mix =  0.700 |ddv_scf|^2 =  1.122E-09

      iter #   7 total cpu time :******** secs   av.it.:  34.5
      thresh= 3.349E-06 alpha_mix =  0.700 |ddv_scf|^2 =  4.898E-11

      iter #   8 total cpu time :******** secs   av.it.:  38.6
      thresh= 6.999E-07 alpha_mix =  0.700 |ddv_scf|^2 =  4.148E-12

      iter #   9 total cpu time :******** secs   av.it.:  39.5
      thresh= 2.037E-07 alpha_mix =  0.700 |ddv_scf|^2 =  1.375E-12

      iter #  10 total cpu time :******** secs   av.it.:  33.7
      thresh= 1.172E-07 alpha_mix =  0.700 |ddv_scf|^2 =  1.222E-13

     End of self-consistent calculation

     Convergence has been achieved 


     Representation #  13 mode #  13

     Self-consistent Calculation

      iter #   1 total cpu time :******** secs   av.it.:  18.9
      thresh= 1.000E-02 alpha_mix =  0.700 |ddv_scf|^2 =  1.319E-06

      iter #   2 total cpu time :******** secs   av.it.:  35.1
      thresh= 1.148E-04 alpha_mix =  0.700 |ddv_scf|^2 =  1.192E-06

      iter #   3 total cpu time :******** secs   av.it.:  34.2
      thresh= 1.092E-04 alpha_mix =  0.700 |ddv_scf|^2 =  3.463E-07

      iter #   4 total cpu time :******** secs   av.it.:  33.5
      thresh= 5.885E-05 alpha_mix =  0.700 |ddv_scf|^2 =  3.537E-09

      iter #   5 total cpu time :******** secs   av.it.:  38.1
      thresh= 5.948E-06 alpha_mix =  0.700 |ddv_scf|^2 =  1.565E-09

      iter #   6 total cpu time :******** secs   av.it.:  38.6
      thresh= 3.956E-06 alpha_mix =  0.700 |ddv_scf|^2 =  6.971E-10

      iter #   7 total cpu time :******** secs   av.it.:  37.9
      thresh= 2.640E-06 alpha_mix =  0.700 |ddv_scf|^2 =  1.821E-10

      iter #   8 total cpu time :******** secs   av.it.:  37.8
      thresh= 1.349E-06 alpha_mix =  0.700 |ddv_scf|^2 =  1.590E-11

      iter #   9 total cpu time :******** secs   av.it.:  38.0
      thresh= 3.988E-07 alpha_mix =  0.700 |ddv_scf|^2 =  1.695E-12

      iter #  10 total cpu time :******** secs   av.it.:  38.4
      thresh= 1.302E-07 alpha_mix =  0.700 |ddv_scf|^2 =  1.954E-12

      iter #  11 total cpu time :******** secs   av.it.:  33.0
      thresh= 1.398E-07 alpha_mix =  0.700 |ddv_scf|^2 =  3.686E-14

     End of self-consistent calculation

     Convergence has been achieved 


     Representation #  14 mode #  14

     Self-consistent Calculation

      iter #   1 total cpu time :******** secs   av.it.:  15.0
      thresh= 1.000E-02 alpha_mix =  0.700 |ddv_scf|^2 =  1.866E-07

      iter #   2 total cpu time :******** secs   av.it.:  36.4
      thresh= 4.320E-05 alpha_mix =  0.700 |ddv_scf|^2 =  8.685E-08

      iter #   3 total cpu time :******** secs   av.it.:  36.8
      thresh= 2.947E-05 alpha_mix =  0.700 |ddv_scf|^2 =  1.467E-08

      iter #   4 total cpu time :******** secs   av.it.:  34.5
      thresh= 1.211E-05 alpha_mix =  0.700 |ddv_scf|^2 =  2.106E-09

      iter #   5 total cpu time :******** secs   av.it.:  36.9
      thresh= 4.589E-06 alpha_mix =  0.700 |ddv_scf|^2 =  3.578E-11

      iter #   6 total cpu time :******** secs   av.it.:  37.9
      thresh= 5.981E-07 alpha_mix =  0.700 |ddv_scf|^2 =  1.467E-11

      iter #   7 total cpu time :******** secs   av.it.:  36.7
      thresh= 3.830E-07 alpha_mix =  0.700 |ddv_scf|^2 =  1.234E-13

     End of self-consistent calculation

     Convergence has been achieved 


     Representation #  15 mode #  15

     Self-consistent Calculation

      iter #   1 total cpu time :******** secs   av.it.:  14.8
      thresh= 1.000E-02 alpha_mix =  0.700 |ddv_scf|^2 =  3.773E-07

      iter #   2 total cpu time :******** secs   av.it.:  36.2
      thresh= 6.143E-05 alpha_mix =  0.700 |ddv_scf|^2 =  2.077E-07

      iter #   3 total cpu time :******** secs   av.it.:  36.2
      thresh= 4.557E-05 alpha_mix =  0.700 |ddv_scf|^2 =  2.044E-08

      iter #   4 total cpu time :******** secs   av.it.:  34.6
      thresh= 1.430E-05 alpha_mix =  0.700 |ddv_scf|^2 =  1.929E-09

      iter #   5 total cpu time :******** secs   av.it.:  37.0
      thresh= 4.392E-06 alpha_mix =  0.700 |ddv_scf|^2 =  2.795E-11

      iter #   6 total cpu time :******** secs   av.it.:  38.9
      thresh= 5.287E-07 alpha_mix =  0.700 |ddv_scf|^2 =  9.828E-12

      iter #   7 total cpu time :******** secs   av.it.:  34.0
      thresh= 3.135E-07 alpha_mix =  0.700 |ddv_scf|^2 =  5.283E-13

     End of self-consistent calculation

     Convergence has been achieved 


     Representation #  16 mode #  16

     Self-consistent Calculation

      iter #   1 total cpu time :******** secs   av.it.:  19.7
      thresh= 1.000E-02 alpha_mix =  0.700 |ddv_scf|^2 =  1.061E-06

      iter #   2 total cpu time :******** secs   av.it.:  35.0
      thresh= 1.030E-04 alpha_mix =  0.700 |ddv_scf|^2 =  5.256E-07

      iter #   3 total cpu time :******** secs   av.it.:  34.8
      thresh= 7.250E-05 alpha_mix =  0.700 |ddv_scf|^2 =  2.663E-07

      iter #   4 total cpu time :******** secs   av.it.:  33.3
      thresh= 5.161E-05 alpha_mix =  0.700 |ddv_scf|^2 =  3.454E-09

      iter #   5 total cpu time :******** secs   av.it.:  35.4
      thresh= 5.877E-06 alpha_mix =  0.700 |ddv_scf|^2 =  2.247E-09

      iter #   6 total cpu time :******** secs   av.it.:  34.4
      thresh= 4.740E-06 alpha_mix =  0.700 |ddv_scf|^2 =  1.594E-09

      iter #   7 total cpu time :******** secs   av.it.:  35.3
      thresh= 3.993E-06 alpha_mix =  0.700 |ddv_scf|^2 =  6.780E-11

      iter #   8 total cpu time :******** secs   av.it.:  36.1
      thresh= 8.234E-07 alpha_mix =  0.700 |ddv_scf|^2 =  4.560E-12

      iter #   9 total cpu time :******** secs   av.it.:  38.2
      thresh= 2.135E-07 alpha_mix =  0.700 |ddv_scf|^2 =  4.520E-12

      iter #  10 total cpu time :******** secs   av.it.:  32.9
      thresh= 2.126E-07 alpha_mix =  0.700 |ddv_scf|^2 =  5.361E-14

     End of self-consistent calculation

     Convergence has been achieved 


     Representation #  17 mode #  17

     Self-consistent Calculation

      iter #   1 total cpu time :******** secs   av.it.:  15.0
      thresh= 1.000E-02 alpha_mix =  0.700 |ddv_scf|^2 =  2.057E-07

      iter #   2 total cpu time :******** secs   av.it.:  35.3
      thresh= 4.535E-05 alpha_mix =  0.700 |ddv_scf|^2 =  1.032E-07

      iter #   3 total cpu time :******** secs   av.it.:  34.2
      thresh= 3.213E-05 alpha_mix =  0.700 |ddv_scf|^2 =  3.011E-08

      iter #   4 total cpu time :******** secs   av.it.:  33.5
      thresh= 1.735E-05 alpha_mix =  0.700 |ddv_scf|^2 =  1.075E-09

      iter #   5 total cpu time :******** secs   av.it.:  35.9
      thresh= 3.279E-06 alpha_mix =  0.700 |ddv_scf|^2 =  1.409E-11

      iter #   6 total cpu time :******** secs   av.it.:  38.3
      thresh= 3.754E-07 alpha_mix =  0.700 |ddv_scf|^2 =  6.744E-12

      iter #   7 total cpu time :******** secs   av.it.:  33.6
      thresh= 2.597E-07 alpha_mix =  0.700 |ddv_scf|^2 =  4.080E-13

     End of self-consistent calculation

     Convergence has been achieved 


     Representation #  18 mode #  18

     Self-consistent Calculation

      iter #   1 total cpu time :******** secs   av.it.:  14.8
      thresh= 1.000E-02 alpha_mix =  0.700 |ddv_scf|^2 =  1.919E-07

      iter #   2 total cpu time :******** secs   av.it.:  36.2
      thresh= 4.381E-05 alpha_mix =  0.700 |ddv_scf|^2 =  7.514E-08

      iter #   3 total cpu time :******** secs   av.it.:  37.2
      thresh= 2.741E-05 alpha_mix =  0.700 |ddv_scf|^2 =  1.340E-08

      iter #   4 total cpu time :******** secs   av.it.:  35.9
      thresh= 1.158E-05 alpha_mix =  0.700 |ddv_scf|^2 =  1.788E-09

      iter #   5 total cpu time :******** secs   av.it.:  36.8
      thresh= 4.228E-06 alpha_mix =  0.700 |ddv_scf|^2 =  5.610E-11

      iter #   6 total cpu time :******** secs   av.it.:  37.3
      thresh= 7.490E-07 alpha_mix =  0.700 |ddv_scf|^2 =  1.040E-11

      iter #   7 total cpu time :******** secs   av.it.:  37.9
      thresh= 3.225E-07 alpha_mix =  0.700 |ddv_scf|^2 =  3.190E-13

     End of self-consistent calculation

     Convergence has been achieved 


     Representation #  19 mode #  19

     Self-consistent Calculation

      iter #   1 total cpu time :******** secs   av.it.:  20.1
      thresh= 1.000E-02 alpha_mix =  0.700 |ddv_scf|^2 =  6.076E-07

      iter #   2 total cpu time :******** secs   av.it.:  35.8
      thresh= 7.795E-05 alpha_mix =  0.700 |ddv_scf|^2 =  2.039E-07

      iter #   3 total cpu time :******** secs   av.it.:  36.7
      thresh= 4.516E-05 alpha_mix =  0.700 |ddv_scf|^2 =  2.090E-07

      iter #   4 total cpu time :******** secs   av.it.:  33.4
      thresh= 4.572E-05 alpha_mix =  0.700 |ddv_scf|^2 =  3.461E-09

      iter #   5 total cpu time :******** secs   av.it.:  37.8
      thresh= 5.883E-06 alpha_mix =  0.700 |ddv_scf|^2 =  9.432E-10

      iter #   6 total cpu time :******** secs   av.it.:  39.6
      thresh= 3.071E-06 alpha_mix =  0.700 |ddv_scf|^2 =  3.523E-10

      iter #   7 total cpu time :******** secs   av.it.:  39.1
      thresh= 1.877E-06 alpha_mix =  0.700 |ddv_scf|^2 =  1.632E-10

      iter #   8 total cpu time :******** secs   av.it.:  37.6
      thresh= 1.277E-06 alpha_mix =  0.700 |ddv_scf|^2 =  6.607E-12

      iter #   9 total cpu time :******** secs   av.it.:  38.6
      thresh= 2.570E-07 alpha_mix =  0.700 |ddv_scf|^2 =  1.057E-12

      iter #  10 total cpu time :******** secs   av.it.:  37.7
      thresh= 1.028E-07 alpha_mix =  0.700 |ddv_scf|^2 =  3.335E-13

     End of self-consistent calculation

     Convergence has been achieved 


     Representation #  20 mode #  20

     Self-consistent Calculation

      iter #   1 total cpu time :******** secs   av.it.:  14.0
      thresh= 1.000E-02 alpha_mix =  0.700 |ddv_scf|^2 =  8.760E-08

      iter #   2 total cpu time :******** secs   av.it.:  35.0
      thresh= 2.960E-05 alpha_mix =  0.700 |ddv_scf|^2 =  7.071E-09

      iter #   3 total cpu time :******** secs   av.it.:  38.2
      thresh= 8.409E-06 alpha_mix =  0.700 |ddv_scf|^2 =  4.845E-09

      iter #   4 total cpu time :******** secs   av.it.:  35.7
      thresh= 6.960E-06 alpha_mix =  0.700 |ddv_scf|^2 =  6.421E-10

      iter #   5 total cpu time :******** secs   av.it.:  35.3
      thresh= 2.534E-06 alpha_mix =  0.700 |ddv_scf|^2 =  1.473E-11

      iter #   6 total cpu time :******** secs   av.it.:  37.6
      thresh= 3.838E-07 alpha_mix =  0.700 |ddv_scf|^2 =  3.420E-12

      iter #   7 total cpu time :******** secs   av.it.:  35.0
      thresh= 1.849E-07 alpha_mix =  0.700 |ddv_scf|^2 =  4.669E-13

     End of self-consistent calculation

     Convergence has been achieved 


     Representation #  21 mode #  21

     Self-consistent Calculation

      iter #   1 total cpu time :******** secs   av.it.:  18.6
      thresh= 1.000E-02 alpha_mix =  0.700 |ddv_scf|^2 =  5.949E-07

      iter #   2 total cpu time :******** secs   av.it.:  34.9
      thresh= 7.713E-05 alpha_mix =  0.700 |ddv_scf|^2 =  1.284E-07

      iter #   3 total cpu time :******** secs   av.it.:  35.3
      thresh= 3.584E-05 alpha_mix =  0.700 |ddv_scf|^2 =  7.932E-08

      iter #   4 total cpu time :******** secs   av.it.:  34.1
      thresh= 2.816E-05 alpha_mix =  0.700 |ddv_scf|^2 =  9.695E-09

      iter #   5 total cpu time :******** secs   av.it.:  34.2
      thresh= 9.847E-06 alpha_mix =  0.700 |ddv_scf|^2 =  5.961E-10

      iter #   6 total cpu time :******** secs   av.it.:  39.4
      thresh= 2.441E-06 alpha_mix =  0.700 |ddv_scf|^2 =  1.072E-10

      iter #   7 total cpu time :******** secs   av.it.:  39.2
      thresh= 1.035E-06 alpha_mix =  0.700 |ddv_scf|^2 =  1.025E-10

      iter #   8 total cpu time :******** secs   av.it.:  33.9
      thresh= 1.012E-06 alpha_mix =  0.700 |ddv_scf|^2 =  5.657E-12

      iter #   9 total cpu time :******** secs   av.it.:  36.9
      thresh= 2.378E-07 alpha_mix =  0.700 |ddv_scf|^2 =  1.515E-13

     End of self-consistent calculation

     Convergence has been achieved 


     Representation #  22 mode #  22

     Self-consistent Calculation

      iter #   1 total cpu time :******** secs   av.it.:  19.9
      thresh= 1.000E-02 alpha_mix =  0.700 |ddv_scf|^2 =  4.337E-07

      iter #   2 total cpu time :******** secs   av.it.:  36.6
      thresh= 6.585E-05 alpha_mix =  0.700 |ddv_scf|^2 =  1.449E-07

      iter #   3 total cpu time :******** secs   av.it.:  36.2
      thresh= 3.806E-05 alpha_mix =  0.700 |ddv_scf|^2 =  2.350E-07

      iter #   4 total cpu time :******** secs   av.it.:  33.0
      thresh= 4.848E-05 alpha_mix =  0.700 |ddv_scf|^2 =  3.413E-09

      iter #   5 total cpu time :******** secs   av.it.:  36.9
      thresh= 5.842E-06 alpha_mix =  0.700 |ddv_scf|^2 =  5.386E-10

      iter #   6 total cpu time :******** secs   av.it.:  39.9
      thresh= 2.321E-06 alpha_mix =  0.700 |ddv_scf|^2 =  5.474E-10

      iter #   7 total cpu time :******** secs   av.it.:  34.5
      thresh= 2.340E-06 alpha_mix =  0.700 |ddv_scf|^2 =  4.448E-11

      iter #   8 total cpu time :******** secs   av.it.:  38.0
      thresh= 6.669E-07 alpha_mix =  0.700 |ddv_scf|^2 =  1.924E-12

      iter #   9 total cpu time :******** secs   av.it.:  39.2
      thresh= 1.387E-07 alpha_mix =  0.700 |ddv_scf|^2 =  1.237E-12

      iter #  10 total cpu time :******** secs   av.it.:  33.8
      thresh= 1.112E-07 alpha_mix =  0.700 |ddv_scf|^2 =  1.715E-13

     End of self-consistent calculation

     Convergence has been achieved 


     Representation #  23 mode #  23

     Self-consistent Calculation

      iter #   1 total cpu time :******** secs   av.it.:  14.9
      thresh= 1.000E-02 alpha_mix =  0.700 |ddv_scf|^2 =  1.666E-07

      iter #   2 total cpu time :******** secs   av.it.:  36.8
      thresh= 4.082E-05 alpha_mix =  0.700 |ddv_scf|^2 =  5.646E-08

      iter #   3 total cpu time :******** secs   av.it.:  37.2
      thresh= 2.376E-05 alpha_mix =  0.700 |ddv_scf|^2 =  8.259E-09

      iter #   4 total cpu time :******** secs   av.it.:  37.3
      thresh= 9.088E-06 alpha_mix =  0.700 |ddv_scf|^2 =  1.935E-09

      iter #   5 total cpu time :******** secs   av.it.:  36.7
      thresh= 4.399E-06 alpha_mix =  0.700 |ddv_scf|^2 =  1.219E-11

      iter #   6 total cpu time :******** secs   av.it.:  39.2
      thresh= 3.491E-07 alpha_mix =  0.700 |ddv_scf|^2 =  4.896E-12

      iter #   7 total cpu time :******** secs   av.it.:  35.0
      thresh= 2.213E-07 alpha_mix =  0.700 |ddv_scf|^2 =  4.160E-13

     End of self-consistent calculation

     Convergence has been achieved 


     Representation #  24 mode #  24

     Self-consistent Calculation

      iter #   1 total cpu time :******** secs   av.it.:  14.7
      thresh= 1.000E-02 alpha_mix =  0.700 |ddv_scf|^2 =  1.473E-07

      iter #   2 total cpu time :******** secs   av.it.:  35.6
      thresh= 3.838E-05 alpha_mix =  0.700 |ddv_scf|^2 =  3.542E-08

      iter #   3 total cpu time :******** secs   av.it.:  37.0
      thresh= 1.882E-05 alpha_mix =  0.700 |ddv_scf|^2 =  6.318E-09

      iter #   4 total cpu time :******** secs   av.it.:  36.6
      thresh= 7.949E-06 alpha_mix =  0.700 |ddv_scf|^2 =  1.377E-09

      iter #   5 total cpu time :******** secs   av.it.:  36.2
      thresh= 3.711E-06 alpha_mix =  0.700 |ddv_scf|^2 =  1.877E-11

      iter #   6 total cpu time :******** secs   av.it.:  38.6
      thresh= 4.332E-07 alpha_mix =  0.700 |ddv_scf|^2 =  1.047E-11

      iter #   7 total cpu time :******** secs   av.it.:  33.6
      thresh= 3.235E-07 alpha_mix =  0.700 |ddv_scf|^2 =  8.657E-13

     End of self-consistent calculation

     Convergence has been achieved 


     Representation #  25 mode #  25

     Self-consistent Calculation

      iter #   1 total cpu time :******** secs   av.it.:  18.6
      thresh= 1.000E-02 alpha_mix =  0.700 |ddv_scf|^2 =  5.480E-07

      iter #   2 total cpu time :******** secs   av.it.:  35.7
      thresh= 7.403E-05 alpha_mix =  0.700 |ddv_scf|^2 =  2.094E-07

      iter #   3 total cpu time :******** secs   av.it.:  35.6
      thresh= 4.576E-05 alpha_mix =  0.700 |ddv_scf|^2 =  2.089E-07

      iter #   4 total cpu time :******** secs   av.it.:  33.5
      thresh= 4.570E-05 alpha_mix =  0.700 |ddv_scf|^2 =  3.105E-09

      iter #   5 total cpu time :******** secs   av.it.:  34.7
      thresh= 5.572E-06 alpha_mix =  0.700 |ddv_scf|^2 =  2.086E-09

      iter #   6 total cpu time :******** secs   av.it.:  34.6
      thresh= 4.567E-06 alpha_mix =  0.700 |ddv_scf|^2 =  7.113E-10

      iter #   7 total cpu time :******** secs   av.it.:  35.2
      thresh= 2.667E-06 alpha_mix =  0.700 |ddv_scf|^2 =  3.616E-11

      iter #   8 total cpu time :******** secs   av.it.:  38.4
      thresh= 6.013E-07 alpha_mix =  0.700 |ddv_scf|^2 =  4.668E-12

      iter #   9 total cpu time :******** secs   av.it.:  37.5
      thresh= 2.161E-07 alpha_mix =  0.700 |ddv_scf|^2 =  8.360E-13

     End of self-consistent calculation

     Convergence has been achieved 


     Representation #  26 mode #  26

     Self-consistent Calculation

      iter #   1 total cpu time :******** secs   av.it.:  14.7
      thresh= 1.000E-02 alpha_mix =  0.700 |ddv_scf|^2 =  1.826E-07

      iter #   2 total cpu time :******** secs   av.it.:  36.4
      thresh= 4.273E-05 alpha_mix =  0.700 |ddv_scf|^2 =  8.105E-08

      iter #   3 total cpu time :******** secs   av.it.:  37.1
      thresh= 2.847E-05 alpha_mix =  0.700 |ddv_scf|^2 =  1.914E-08

      iter #   4 total cpu time :******** secs   av.it.:  33.7
      thresh= 1.384E-05 alpha_mix =  0.700 |ddv_scf|^2 =  1.551E-09

      iter #   5 total cpu time :******** secs   av.it.:  36.8
      thresh= 3.938E-06 alpha_mix =  0.700 |ddv_scf|^2 =  6.323E-11

      iter #   6 total cpu time :******** secs   av.it.:  36.7
      thresh= 7.952E-07 alpha_mix =  0.700 |ddv_scf|^2 =  1.119E-11

      iter #   7 total cpu time :******** secs   av.it.:  37.1
      thresh= 3.345E-07 alpha_mix =  0.700 |ddv_scf|^2 =  4.621E-13

     End of self-consistent calculation

     Convergence has been achieved 


     Representation #  27 mode #  27

     Self-consistent Calculation

      iter #   1 total cpu time :******** secs   av.it.:  15.0
      thresh= 1.000E-02 alpha_mix =  0.700 |ddv_scf|^2 =  4.514E-07

      iter #   2 total cpu time :******** secs   av.it.:  35.7
      thresh= 6.719E-05 alpha_mix =  0.700 |ddv_scf|^2 =  3.308E-07

      iter #   3 total cpu time :******** secs   av.it.:  36.0
      thresh= 5.751E-05 alpha_mix =  0.700 |ddv_scf|^2 =  3.349E-08

      iter #   4 total cpu time :******** secs   av.it.:  33.9
      thresh= 1.830E-05 alpha_mix =  0.700 |ddv_scf|^2 =  2.428E-09

      iter #   5 total cpu time :******** secs   av.it.:  36.9
      thresh= 4.927E-06 alpha_mix =  0.700 |ddv_scf|^2 =  1.248E-10

      iter #   6 total cpu time :******** secs   av.it.:  36.9
      thresh= 1.117E-06 alpha_mix =  0.700 |ddv_scf|^2 =  2.301E-11

      iter #   7 total cpu time :******** secs   av.it.:  37.0
      thresh= 4.797E-07 alpha_mix =  0.700 |ddv_scf|^2 =  2.787E-13

     End of self-consistent calculation

     Convergence has been achieved 


     Representation #  28 mode #  28

     Self-consistent Calculation

      iter #   1 total cpu time :******** secs   av.it.:  14.9
      thresh= 1.000E-02 alpha_mix =  0.700 |ddv_scf|^2 =  3.711E-07

      iter #   2 total cpu time :******** secs   av.it.:  36.3
      thresh= 6.092E-05 alpha_mix =  0.700 |ddv_scf|^2 =  2.528E-07

      iter #   3 total cpu time :******** secs   av.it.:  36.0
      thresh= 5.028E-05 alpha_mix =  0.700 |ddv_scf|^2 =  3.021E-08

      iter #   4 total cpu time :******** secs   av.it.:  33.7
      thresh= 1.738E-05 alpha_mix =  0.700 |ddv_scf|^2 =  2.122E-09

      iter #   5 total cpu time :******** secs   av.it.:  37.2
      thresh= 4.607E-06 alpha_mix =  0.700 |ddv_scf|^2 =  3.361E-11

      iter #   6 total cpu time :******** secs   av.it.:  38.8
      thresh= 5.798E-07 alpha_mix =  0.700 |ddv_scf|^2 =  1.228E-11

      iter #   7 total cpu time :******** secs   av.it.:  36.6
      thresh= 3.505E-07 alpha_mix =  0.700 |ddv_scf|^2 =  8.261E-13

     End of self-consistent calculation

     Convergence has been achieved 


     Representation #  29 mode #  29

     Self-consistent Calculation

      iter #   1 total cpu time :******** secs   av.it.:  15.0
      thresh= 1.000E-02 alpha_mix =  0.700 |ddv_scf|^2 =  2.925E-07

      iter #   2 total cpu time :******** secs   av.it.:  36.0
      thresh= 5.408E-05 alpha_mix =  0.700 |ddv_scf|^2 =  1.507E-07

      iter #   3 total cpu time :******** secs   av.it.:  36.5
      thresh= 3.882E-05 alpha_mix =  0.700 |ddv_scf|^2 =  2.488E-08

      iter #   4 total cpu time :******** secs   av.it.:  33.7
      thresh= 1.577E-05 alpha_mix =  0.700 |ddv_scf|^2 =  1.682E-09

      iter #   5 total cpu time :******** secs   av.it.:  36.9
      thresh= 4.101E-06 alpha_mix =  0.700 |ddv_scf|^2 =  2.413E-11

      iter #   6 total cpu time :******** secs   av.it.:  38.5
      thresh= 4.913E-07 alpha_mix =  0.700 |ddv_scf|^2 =  6.986E-12

      iter #   7 total cpu time :******** secs   av.it.:  37.1
      thresh= 2.643E-07 alpha_mix =  0.700 |ddv_scf|^2 =  6.292E-13

     End of self-consistent calculation

     Convergence has been achieved 


     Representation #  30 mode #  30

     Self-consistent Calculation

      iter #   1 total cpu time :******** secs   av.it.:  18.7
      thresh= 1.000E-02 alpha_mix =  0.700 |ddv_scf|^2 =  1.197E-06

      iter #   2 total cpu time :******** secs   av.it.:  35.2
      thresh= 1.094E-04 alpha_mix =  0.700 |ddv_scf|^2 =  1.096E-06

      iter #   3 total cpu time :******** secs   av.it.:  34.3
      thresh= 1.047E-04 alpha_mix =  0.700 |ddv_scf|^2 =  3.433E-07

      iter #   4 total cpu time :******** secs   av.it.:  33.4
      thresh= 5.859E-05 alpha_mix =  0.700 |ddv_scf|^2 =  3.546E-09

      iter #   5 total cpu time :******** secs   av.it.:  38.3
      thresh= 5.954E-06 alpha_mix =  0.700 |ddv_scf|^2 =  1.853E-09

      iter #   6 total cpu time :******** secs   av.it.:  38.4
      thresh= 4.304E-06 alpha_mix =  0.700 |ddv_scf|^2 =  1.202E-09

      iter #   7 total cpu time :******** secs   av.it.:  36.1
      thresh= 3.467E-06 alpha_mix =  0.700 |ddv_scf|^2 =  1.377E-10

      iter #   8 total cpu time :******** secs   av.it.:  38.1
      thresh= 1.173E-06 alpha_mix =  0.700 |ddv_scf|^2 =  1.644E-11

      iter #   9 total cpu time :******** secs   av.it.:  38.0
      thresh= 4.055E-07 alpha_mix =  0.700 |ddv_scf|^2 =  4.291E-13

     End of self-consistent calculation

     Convergence has been achieved 

     Number of q in the star =    1
     List of q in the star:
          1  -0.498678834   0.937917692  -0.499936157

     Diagonalizing the dynamical matrix

     q = (   -0.498678834   0.937917692  -0.499936157 ) 

 **************************************************************************
     freq (    1) =       1.745291 [THz] =      58.216648 [cm-1]
     freq (    2) =       1.825784 [THz] =      60.901597 [cm-1]
     freq (    3) =       3.587685 [THz] =     119.672296 [cm-1]
     freq (    4) =       3.702408 [THz] =     123.499042 [cm-1]
     freq (    5) =       4.260853 [THz] =     142.126766 [cm-1]
     freq (    6) =       4.743871 [THz] =     158.238519 [cm-1]
     freq (    7) =       4.946144 [THz] =     164.985598 [cm-1]
     freq (    8) =       5.230271 [THz] =     174.463074 [cm-1]
     freq (    9) =       7.021787 [THz] =     234.221590 [cm-1]
     freq (   10) =       7.328735 [THz] =     244.460291 [cm-1]
     freq (   11) =       7.688315 [THz] =     256.454595 [cm-1]
     freq (   12) =       7.755572 [THz] =     258.698029 [cm-1]
     freq (   13) =       7.912626 [THz] =     263.936804 [cm-1]
     freq (   14) =       8.265438 [THz] =     275.705330 [cm-1]
     freq (   15) =       8.604355 [THz] =     287.010385 [cm-1]
     freq (   16) =       8.803881 [THz] =     293.665873 [cm-1]
     freq (   17) =       9.625989 [THz] =     321.088426 [cm-1]
     freq (   18) =       9.673786 [THz] =     322.682771 [cm-1]
     freq (   19) =      11.004162 [THz] =     367.059328 [cm-1]
     freq (   20) =      11.613519 [THz] =     387.385311 [cm-1]
     freq (   21) =      12.137430 [THz] =     404.861070 [cm-1]
     freq (   22) =      13.058680 [THz] =     435.590664 [cm-1]
     freq (   23) =      13.725119 [THz] =     457.820678 [cm-1]
     freq (   24) =      14.002605 [THz] =     467.076612 [cm-1]
     freq (   25) =      14.302077 [THz] =     477.065929 [cm-1]
     freq (   26) =      15.067378 [THz] =     502.593631 [cm-1]
     freq (   27) =      16.256735 [THz] =     542.266295 [cm-1]
     freq (   28) =      16.347938 [THz] =     545.308519 [cm-1]
     freq (   29) =      16.851630 [THz] =     562.109881 [cm-1]
     freq (   30) =      17.076424 [THz] =     569.608179 [cm-1]
 **************************************************************************

     Mode symmetry, C_i (-1)    point group:

     freq (   1-   1) =         58.2  [cm-1]   --> A_u                
     freq (   2-   2) =         60.9  [cm-1]   --> A_g                
     freq (   3-   3) =        119.7  [cm-1]   --> A_u                
     freq (   4-   4) =        123.5  [cm-1]   --> A_g                
     freq (   5-   5) =        142.1  [cm-1]   --> A_g                
     freq (   6-   6) =        158.2  [cm-1]   --> A_u                
     freq (   7-   7) =        165.0  [cm-1]   --> A_u                
     freq (   8-   8) =        174.5  [cm-1]   --> A_g                
     freq (   9-   9) =        234.2  [cm-1]   --> A_u                
     freq (  10-  10) =        244.5  [cm-1]   --> A_g                
     freq (  11-  11) =        256.5  [cm-1]   --> A_g                
     freq (  12-  12) =        258.7  [cm-1]   --> A_u                
     freq (  13-  13) =        263.9  [cm-1]   --> A_u                
     freq (  14-  14) =        275.7  [cm-1]   --> A_g                
     freq (  15-  15) =        287.0  [cm-1]   --> A_u                
     freq (  16-  16) =        293.7  [cm-1]   --> A_g                
     freq (  17-  17) =        321.1  [cm-1]   --> A_g                
     freq (  18-  18) =        322.7  [cm-1]   --> A_u                
     freq (  19-  19) =        367.1  [cm-1]   --> A_u                
     freq (  20-  20) =        387.4  [cm-1]   --> A_g                
     freq (  21-  21) =        404.9  [cm-1]   --> A_g                
     freq (  22-  22) =        435.6  [cm-1]   --> A_u                
     freq (  23-  23) =        457.8  [cm-1]   --> A_g                
     freq (  24-  24) =        467.1  [cm-1]   --> A_u                
     freq (  25-  25) =        477.1  [cm-1]   --> A_u                
     freq (  26-  26) =        502.6  [cm-1]   --> A_g                
     freq (  27-  27) =        542.3  [cm-1]   --> A_u                
     freq (  28-  28) =        545.3  [cm-1]   --> A_g                
     freq (  29-  29) =        562.1  [cm-1]   --> A_g                
     freq (  30-  30) =        569.6  [cm-1]   --> A_u                

     Calculation of q =   -0.5000682  -0.1238066   0.1245288

     Parallelization info
     --------------------
     sticks:   dense  smooth     PW     G-vecs:    dense   smooth      PW
     Min          99      49     15                 5907     2087     362
     Max         100      50     16                 5911     2092     367
     Sum        3769    1889    579               224509    79403   13809

     Using Slab Decomposition


     Title: 
     Ga2O3 phonon grid                                                          


     bravais-lattice index     =            0
     lattice parameter (alat)  =      12.5163  a.u.
     unit-cell volume          =     820.9989 (a.u.)^3
     number of atoms/cell      =           10
     number of atomic types    =            2
     number of electrons       =        88.00
     number of Kohn-Sham states=           44
     kinetic-energy cutoff     =      80.0000  Ry
     charge density cutoff     =     640.0000  Ry
     Exchange-correlation= PBE
                           (   1   4   3   4   0   0   0)

     celldm(1)=  12.516274  celldm(2)=   0.000000  celldm(3)=   0.000000
     celldm(4)=   0.000000  celldm(5)=   0.000000  celldm(6)=   0.000000

     crystal axes: (cart. coord. in units of alat)
               a(1) = (   0.999995  -0.002402  -0.001859 )  
               a(2) = (   0.883365   0.468683  -0.001859 )  
               a(3) = (   0.208584   0.051641   0.888951 )  

     reciprocal axes: (cart. coord. in units 2 pi/alat)
               b(1) = (  0.995267 -1.876353 -0.124529 )  
               b(2) = (  0.004870  2.123966 -0.124529 )  
               b(3) = (  0.002091  0.000518  1.124401 )  


     PseudoPot. # 1 for O  read from file:
     ./pseudo/O.pbe-n-kjpaw_psl.1.0.0.UPF
     MD5 check sum: e99d9cef9b487d1ca56f5b95ecd0fd7a
     Pseudo is Projector augmented-wave + core cor, Zval =  6.0
     Generated using &quot;atomic&quot; code by A. Dal Corso  v.6.3
     Shape of augmentation charge: PSQ
     Using radial grid of 1095 points,  4 beta functions with: 
                l(1) =   0
                l(2) =   0
                l(3) =   1
                l(4) =   1
     Q(r) pseudized with 0 coefficients 


     PseudoPot. # 2 for Ga read from file:
     ./pseudo/Ga.pbe-dn-kjpaw_psl.1.0.0.UPF
     MD5 check sum: 50ce49cbf7e0a40ad8623bf41840a268
     Pseudo is Projector augmented-wave + core cor, Zval = 13.0
     Generated using &quot;atomic&quot; code by A. Dal Corso  v.6.3
     Shape of augmentation charge: PSQ
     Using radial grid of 1205 points,  6 beta functions with: 
                l(1) =   0
                l(2) =   0
                l(3) =   1
                l(4) =   1
                l(5) =   2
                l(6) =   2
     Q(r) pseudized with 0 coefficients 


     atomic species   valence    mass     pseudopotential
        O              6.00    15.99900     O ( 1.00)
        Ga            13.00    69.72300     Ga( 1.00)

      2 Sym. Ops., with inversion, found



   Cartesian axes

     site n.     atom                  positions (alat units)
         1           Ga  tau(   1) = (   1.3843475   0.3427359   0.6080322  )
         2           Ga  tau(   2) = (   0.7075973   0.1751865   0.2772010  )
         3           Ga  tau(   3) = (   0.2138074   0.0529343   0.1809352  )
         4           Ga  tau(   4) = (   1.8781372   0.4649880   0.7042982  )
         5           O   tau(   5) = (   1.0897907   0.2698097   0.6612741  )
         6           O   tau(   6) = (   1.0021542   0.2481127   0.2239593  )
         7           O   tau(   7) = (   0.4178956   0.1034623   0.3918935  )
         8           O   tau(   8) = (   1.6740492   0.4144601   0.4933398  )
         9           O   tau(   9) = (   1.5854244   0.3925184   0.0952441  )
        10           O   tau(  10) = (   0.5065203   0.1254040   0.7899892  )

     number of k points=  1736

     Number of k-points >= 100: set verbosity='high' to print them.

     Dense  grid:   224509 G-vectors     FFT dimensions: ( 108, 108,  96)

     Smooth grid:    79403 G-vectors     FFT dimensions: (  72,  72,  72)

     Estimated max dynamical RAM per process >      25.36 MB

     Estimated total dynamical RAM >     963.79 MB

     The potential is recalculated from file :
     ./tmp/_ph0/Ga2O3-Bands.save/charge-density

     Starting wfcs are   60 atomic wfcs
     Checking if some PAW data can be deallocated... 

     Band Structure Calculation
     Davidson diagonalization with overlap

     ethr =  1.14E-11,  avg # of iterations = 33.4

     total cpu time spent up to now is     8664.4 secs

     End of band structure calculation

     Number of k-points >= 100: set verbosity='high' to print the bands.

     highest occupied level (ev):     6.2785

     Writing config to output data dir ./tmp/_ph0/Ga2O3-Bands.save/

     Ga2O3 phonon grid                                                          

     bravais-lattice index     =            0
     lattice parameter (alat)  =      12.5163  a.u.
     unit-cell volume          =     820.9989 (a.u.)^3
     number of atoms/cell      =           10
     number of atomic types    =            2
     kinetic-energy cut-off    =      80.0000  Ry
     charge density cut-off    =     640.0000  Ry
     convergence threshold     =      1.0E-12
     beta                      =       0.7000
     number of iterations used =            4
     Exchange-correlation= PBE
                           (   1   4   3   4   0   0   0)


     celldm(1)=   12.51627  celldm(2)=    0.00000  celldm(3)=    0.00000
     celldm(4)=    0.00000  celldm(5)=    0.00000  celldm(6)=    0.00000

     crystal axes: (cart. coord. in units of alat)
               a(1) = (  1.0000 -0.0024 -0.0019 )  
               a(2) = (  0.8834  0.4687 -0.0019 )  
               a(3) = (  0.2086  0.0516  0.8890 )  

     reciprocal axes: (cart. coord. in units 2 pi/alat)
               b(1) = (  0.9953 -1.8764 -0.1245 )  
               b(2) = (  0.0049  2.1240 -0.1245 )  
               b(3) = (  0.0021  0.0005  1.1244 )  


     Atoms inside the unit cell: 

     Cartesian axes

     site n.  atom      mass           positions (alat units)
        1     Ga  69.7230   tau(    1) = (    1.38435    0.34274    0.60803  )
        2     Ga  69.7230   tau(    2) = (    0.70760    0.17519    0.27720  )
        3     Ga  69.7230   tau(    3) = (    0.21381    0.05293    0.18094  )
        4     Ga  69.7230   tau(    4) = (    1.87814    0.46499    0.70430  )
        5     O   15.9990   tau(    5) = (    1.08979    0.26981    0.66127  )
        6     O   15.9990   tau(    6) = (    1.00215    0.24811    0.22396  )
        7     O   15.9990   tau(    7) = (    0.41790    0.10346    0.39189  )
        8     O   15.9990   tau(    8) = (    1.67405    0.41446    0.49334  )
        9     O   15.9990   tau(    9) = (    1.58542    0.39252    0.09524  )
       10     O   15.9990   tau(   10) = (    0.50652    0.12540    0.78999  )

     Computing dynamical matrix for 
                    q = (  -0.5000682  -0.1238066   0.1245288 )

      3 Sym.Ops. (with q -> -q+G )


     G cutoff = 2539.6294  (   5908 G-vectors)     FFT grid: (108,108, 96)
     G cutoff = 1269.8147  (   2092 G-vectors)  smooth grid: ( 72, 72, 72)
     number of k points=  1736

     PseudoPot. # 1 for O  read from file:
     ./pseudo/O.pbe-n-kjpaw_psl.1.0.0.UPF
     MD5 check sum: e99d9cef9b487d1ca56f5b95ecd0fd7a
     Pseudo is Projector augmented-wave + core cor, Zval =  6.0
     Generated using &quot;atomic&quot; code by A. Dal Corso  v.6.3
     Shape of augmentation charge: PSQ
     Using radial grid of 1095 points,  4 beta functions with: 
                l(1) =   0
                l(2) =   0
                l(3) =   1
                l(4) =   1
     Q(r) pseudized with 0 coefficients 


     PseudoPot. # 2 for Ga read from file:
     ./pseudo/Ga.pbe-dn-kjpaw_psl.1.0.0.UPF
     MD5 check sum: 50ce49cbf7e0a40ad8623bf41840a268
     Pseudo is Projector augmented-wave + core cor, Zval = 13.0
     Generated using &quot;atomic&quot; code by A. Dal Corso  v.6.3
     Shape of augmentation charge: PSQ
     Using radial grid of 1205 points,  6 beta functions with: 
                l(1) =   0
                l(2) =   0
                l(3) =   1
                l(4) =   1
                l(5) =   2
                l(6) =   2
     Q(r) pseudized with 0 coefficients 


     Mode symmetry, C_i (-1)    point group:


     Atomic displacements:
     There are   30 irreducible representations

     Representation     1      1 modes -  To be done

     Representation     2      1 modes -  To be done

     Representation     3      1 modes -  To be done

     Representation     4      1 modes -  To be done

     Representation     5      1 modes -  To be done

     Representation     6      1 modes -  To be done

     Representation     7      1 modes -  To be done

     Representation     8      1 modes -  To be done

     Representation     9      1 modes -  To be done

     Representation    10      1 modes -  To be done

     Representation    11      1 modes -  To be done

     Representation    12      1 modes -  To be done

     Representation    13      1 modes -  To be done

     Representation    14      1 modes -  To be done

     Representation    15      1 modes -  To be done

     Representation    16      1 modes -  To be done

     Representation    17      1 modes -  To be done

     Representation    18      1 modes -  To be done

     Representation    19      1 modes -  To be done

     Representation    20      1 modes -  To be done

     Representation    21      1 modes -  To be done

     Representation    22      1 modes -  To be done

     Representation    23      1 modes -  To be done

     Representation    24      1 modes -  To be done

     Representation    25      1 modes -  To be done

     Representation    26      1 modes -  To be done

     Representation    27      1 modes -  To be done

     Representation    28      1 modes -  To be done

     Representation    29      1 modes -  To be done

     Representation    30      1 modes -  To be done



     Alpha used in Ewald sum =   2.8000
     PHONON       :  12d 3h19m CPU  17d 1h 0m WALL



     Representation #   1 mode #   1

     Self-consistent Calculation

      iter #   1 total cpu time :******** secs   av.it.:  14.6
      thresh= 1.000E-02 alpha_mix =  0.700 |ddv_scf|^2 =  2.100E-07

      iter #   2 total cpu time :******** secs   av.it.:  35.1
      thresh= 4.583E-05 alpha_mix =  0.700 |ddv_scf|^2 =  2.711E-07

      iter #   3 total cpu time :******** secs   av.it.:  32.0
      thresh= 5.207E-05 alpha_mix =  0.700 |ddv_scf|^2 =  1.348E-08

      iter #   4 total cpu time :******** secs   av.it.:  32.3
      thresh= 1.161E-05 alpha_mix =  0.700 |ddv_scf|^2 =  1.253E-09

      iter #   5 total cpu time :******** secs   av.it.:  36.3
      thresh= 3.540E-06 alpha_mix =  0.700 |ddv_scf|^2 =  8.266E-11

      iter #   6 total cpu time :******** secs   av.it.:  34.7
      thresh= 9.092E-07 alpha_mix =  0.700 |ddv_scf|^2 =  4.096E-12

      iter #   7 total cpu time :******** secs   av.it.:  38.6
      thresh= 2.024E-07 alpha_mix =  0.700 |ddv_scf|^2 =  8.318E-13

     End of self-consistent calculation

     Convergence has been achieved 


     Representation #   2 mode #   2

     Self-consistent Calculation

      iter #   1 total cpu time :******** secs   av.it.:  19.5
      thresh= 1.000E-02 alpha_mix =  0.700 |ddv_scf|^2 =  4.282E-07

      iter #   2 total cpu time :******** secs   av.it.:  36.1
      thresh= 6.544E-05 alpha_mix =  0.700 |ddv_scf|^2 =  2.393E-07

      iter #   3 total cpu time :******** secs   av.it.:  34.0
      thresh= 4.892E-05 alpha_mix =  0.700 |ddv_scf|^2 =  2.448E-07

      iter #   4 total cpu time :******** secs   av.it.:  31.8
      thresh= 4.947E-05 alpha_mix =  0.700 |ddv_scf|^2 =  3.960E-09

      iter #   5 total cpu time :******** secs   av.it.:  33.9
      thresh= 6.293E-06 alpha_mix =  0.700 |ddv_scf|^2 =  1.088E-09

      iter #   6 total cpu time :******** secs   av.it.:  36.8
      thresh= 3.299E-06 alpha_mix =  0.700 |ddv_scf|^2 =  1.083E-09

      iter #   7 total cpu time :******** secs   av.it.:  35.3
      thresh= 3.291E-06 alpha_mix =  0.700 |ddv_scf|^2 =  7.901E-11

      iter #   8 total cpu time :******** secs   av.it.:  36.0
      thresh= 8.889E-07 alpha_mix =  0.700 |ddv_scf|^2 =  5.741E-11

      iter #   9 total cpu time :******** secs   av.it.:  32.8
      thresh= 7.577E-07 alpha_mix =  0.700 |ddv_scf|^2 =  2.235E-13

     End of self-consistent calculation

     Convergence has been achieved 


     Representation #   3 mode #   3

     Self-consistent Calculation

      iter #   1 total cpu time :******** secs   av.it.:  14.8
      thresh= 1.000E-02 alpha_mix =  0.700 |ddv_scf|^2 =  4.056E-07

      iter #   2 total cpu time :******** secs   av.it.:  34.0
      thresh= 6.369E-05 alpha_mix =  0.700 |ddv_scf|^2 =  2.448E-07

      iter #   3 total cpu time :******** secs   av.it.:  33.1
      thresh= 4.948E-05 alpha_mix =  0.700 |ddv_scf|^2 =  1.262E-07

      iter #   4 total cpu time :******** secs   av.it.:  30.5
      thresh= 3.552E-05 alpha_mix =  0.700 |ddv_scf|^2 =  2.087E-10

      iter #   5 total cpu time :******** secs   av.it.:  38.5
      thresh= 1.444E-06 alpha_mix =  0.700 |ddv_scf|^2 =  2.754E-10

      iter #   6 total cpu time :******** secs   av.it.:  32.7
      thresh= 1.659E-06 alpha_mix =  0.700 |ddv_scf|^2 =  8.208E-12

      iter #   7 total cpu time :******** secs   av.it.:  37.2
      thresh= 2.865E-07 alpha_mix =  0.700 |ddv_scf|^2 =  2.559E-12

      iter #   8 total cpu time :******** secs   av.it.:  33.5
      thresh= 1.600E-07 alpha_mix =  0.700 |ddv_scf|^2 =  3.830E-13

     End of self-consistent calculation

     Convergence has been achieved 


     Representation #   4 mode #   4

     Self-consistent Calculation

      iter #   1 total cpu time :******** secs   av.it.:  14.4
      thresh= 1.000E-02 alpha_mix =  0.700 |ddv_scf|^2 =  9.903E-08

      iter #   2 total cpu time :******** secs   av.it.:  36.2
      thresh= 3.147E-05 alpha_mix =  0.700 |ddv_scf|^2 =  4.193E-08

      iter #   3 total cpu time :******** secs   av.it.:  36.5
      thresh= 2.048E-05 alpha_mix =  0.700 |ddv_scf|^2 =  1.148E-08

      iter #   4 total cpu time :******** secs   av.it.:  33.3
      thresh= 1.071E-05 alpha_mix =  0.700 |ddv_scf|^2 =  2.619E-09

      iter #   5 total cpu time :******** secs   av.it.:  35.4
      thresh= 5.118E-06 alpha_mix =  0.700 |ddv_scf|^2 =  3.003E-11

      iter #   6 total cpu time :******** secs   av.it.:  37.1
      thresh= 5.480E-07 alpha_mix =  0.700 |ddv_scf|^2 =  5.347E-12

      iter #   7 total cpu time :******** secs   av.it.:  37.9
      thresh= 2.312E-07 alpha_mix =  0.700 |ddv_scf|^2 =  7.653E-13

     End of self-consistent calculation

     Convergence has been achieved 


     Representation #   5 mode #   5

     Self-consistent Calculation

      iter #   1 total cpu time :******** secs   av.it.:  18.8
      thresh= 1.000E-02 alpha_mix =  0.700 |ddv_scf|^2 =  2.089E-06

      iter #   2 total cpu time :******** secs   av.it.:  33.8
      thresh= 1.445E-04 alpha_mix =  0.700 |ddv_scf|^2 =  3.141E-06

      iter #   3 total cpu time :******** secs   av.it.:  29.8
      thresh= 1.772E-04 alpha_mix =  0.700 |ddv_scf|^2 =  2.017E-07

      iter #   4 total cpu time :******** secs   av.it.:  32.4
      thresh= 4.491E-05 alpha_mix =  0.700 |ddv_scf|^2 =  1.382E-08

      iter #   5 total cpu time :******** secs   av.it.:  33.8
      thresh= 1.176E-05 alpha_mix =  0.700 |ddv_scf|^2 =  2.938E-09

      iter #   6 total cpu time :******** secs   av.it.:  34.5
      thresh= 5.421E-06 alpha_mix =  0.700 |ddv_scf|^2 =  1.698E-09

      iter #   7 total cpu time :******** secs   av.it.:  36.6
      thresh= 4.120E-06 alpha_mix =  0.700 |ddv_scf|^2 =  4.944E-10

      iter #   8 total cpu time :******** secs   av.it.:  35.5
      thresh= 2.223E-06 alpha_mix =  0.700 |ddv_scf|^2 =  6.660E-11

      iter #   9 total cpu time :******** secs   av.it.:  34.5
      thresh= 8.161E-07 alpha_mix =  0.700 |ddv_scf|^2 =  1.663E-11

      iter #  10 total cpu time :******** secs   av.it.:  35.9
      thresh= 4.078E-07 alpha_mix =  0.700 |ddv_scf|^2 =  5.428E-13

     End of self-consistent calculation

     Convergence has been achieved 


     Representation #   6 mode #   6

     Self-consistent Calculation

      iter #   1 total cpu time :******** secs   av.it.:  18.7
      thresh= 1.000E-02 alpha_mix =  0.700 |ddv_scf|^2 =  8.208E-06

      iter #   2 total cpu time :******** secs   av.it.:  33.3
      thresh= 2.865E-04 alpha_mix =  0.700 |ddv_scf|^2 =  2.422E-05

      iter #   3 total cpu time :******** secs   av.it.:  29.3
      thresh= 4.921E-04 alpha_mix =  0.700 |ddv_scf|^2 =  3.861E-07

      iter #   4 total cpu time :******** secs   av.it.:  33.2
      thresh= 6.214E-05 alpha_mix =  0.700 |ddv_scf|^2 =  6.062E-08

      iter #   5 total cpu time :******** secs   av.it.:  33.4
      thresh= 2.462E-05 alpha_mix =  0.700 |ddv_scf|^2 =  2.598E-09

      iter #   6 total cpu time :******** secs   av.it.:  34.4
      thresh= 5.097E-06 alpha_mix =  0.700 |ddv_scf|^2 =  4.254E-09

      iter #   7 total cpu time :******** secs   av.it.:  35.1
      thresh= 6.522E-06 alpha_mix =  0.700 |ddv_scf|^2 =  1.515E-10

      iter #   8 total cpu time :******** secs   av.it.:  38.2
      thresh= 1.231E-06 alpha_mix =  0.700 |ddv_scf|^2 =  8.608E-11

      iter #   9 total cpu time :******** secs   av.it.:  34.5
      thresh= 9.278E-07 alpha_mix =  0.700 |ddv_scf|^2 =  1.635E-11

      iter #  10 total cpu time :******** secs   av.it.:  36.5
      thresh= 4.043E-07 alpha_mix =  0.700 |ddv_scf|^2 =  2.448E-12

      iter #  11 total cpu time :******** secs   av.it.:  33.1
      thresh= 1.565E-07 alpha_mix =  0.700 |ddv_scf|^2 =  4.766E-13

     End of self-consistent calculation

     Convergence has been achieved 


     Representation #   7 mode #   7

     Self-consistent Calculation

      iter #   1 total cpu time :******** secs   av.it.:  15.3
      thresh= 1.000E-02 alpha_mix =  0.700 |ddv_scf|^2 =  3.746E-06

      iter #   2 total cpu time :******** secs   av.it.:  32.6
      thresh= 1.935E-04 alpha_mix =  0.700 |ddv_scf|^2 =  1.133E-05

      iter #   3 total cpu time :******** secs   av.it.:  28.6
      thresh= 3.365E-04 alpha_mix =  0.700 |ddv_scf|^2 =  5.635E-08

      iter #   4 total cpu time :******** secs   av.it.:  33.5
      thresh= 2.374E-05 alpha_mix =  0.700 |ddv_scf|^2 =  1.741E-08

      iter #   5 total cpu time :******** secs   av.it.:  31.5
      thresh= 1.320E-05 alpha_mix =  0.700 |ddv_scf|^2 =  1.147E-09

      iter #   6 total cpu time :******** secs   av.it.:  34.3
      thresh= 3.387E-06 alpha_mix =  0.700 |ddv_scf|^2 =  4.158E-11

      iter #   7 total cpu time :******** secs   av.it.:  36.9
      thresh= 6.448E-07 alpha_mix =  0.700 |ddv_scf|^2 =  4.254E-13

     End of self-consistent calculation

     Convergence has been achieved 


     Representation #   8 mode #   8

     Self-consistent Calculation

      iter #   1 total cpu time :******** secs   av.it.:  15.3
      thresh= 1.000E-02 alpha_mix =  0.700 |ddv_scf|^2 =  2.991E-06

      iter #   2 total cpu time :******** secs   av.it.:  32.8
      thresh= 1.729E-04 alpha_mix =  0.700 |ddv_scf|^2 =  8.252E-06

      iter #   3 total cpu time :******** secs   av.it.:  28.5
      thresh= 2.873E-04 alpha_mix =  0.700 |ddv_scf|^2 =  6.123E-08

      iter #   4 total cpu time :******** secs   av.it.:  33.6
      thresh= 2.474E-05 alpha_mix =  0.700 |ddv_scf|^2 =  1.448E-08

      iter #   5 total cpu time :******** secs   av.it.:  33.3
      thresh= 1.203E-05 alpha_mix =  0.700 |ddv_scf|^2 =  6.407E-10

      iter #   6 total cpu time :******** secs   av.it.:  35.6
      thresh= 2.531E-06 alpha_mix =  0.700 |ddv_scf|^2 =  4.980E-11

      iter #   7 total cpu time :******** secs   av.it.:  36.8
      thresh= 7.057E-07 alpha_mix =  0.700 |ddv_scf|^2 =  1.684E-12

      iter #   8 total cpu time :******** secs   av.it.:  38.4
      thresh= 1.298E-07 alpha_mix =  0.700 |ddv_scf|^2 =  1.504E-12

      iter #   9 total cpu time :******** secs   av.it.:  36.8
      thresh= 1.226E-07 alpha_mix =  0.700 |ddv_scf|^2 =  9.376E-14

     End of self-consistent calculation

     Convergence has been achieved 


     Representation #   9 mode #   9

     Self-consistent Calculation

      iter #   1 total cpu time :******** secs   av.it.:  20.4
      thresh= 1.000E-02 alpha_mix =  0.700 |ddv_scf|^2 =  1.770E-06

      iter #   2 total cpu time :******** secs   av.it.:  34.5
      thresh= 1.330E-04 alpha_mix =  0.700 |ddv_scf|^2 =  1.588E-06

      iter #   3 total cpu time :******** secs   av.it.:  33.1
      thresh= 1.260E-04 alpha_mix =  0.700 |ddv_scf|^2 =  1.851E-07

      iter #   4 total cpu time :******** secs   av.it.:  34.0
      thresh= 4.302E-05 alpha_mix =  0.700 |ddv_scf|^2 =  3.503E-08

      iter #   5 total cpu time :******** secs   av.it.:  33.2
      thresh= 1.872E-05 alpha_mix =  0.700 |ddv_scf|^2 =  2.643E-09

      iter #   6 total cpu time :******** secs   av.it.:  33.9
      thresh= 5.141E-06 alpha_mix =  0.700 |ddv_scf|^2 =  1.087E-09

      iter #   7 total cpu time :******** secs   av.it.:  38.2
      thresh= 3.297E-06 alpha_mix =  0.700 |ddv_scf|^2 =  7.325E-10

      iter #   8 total cpu time :******** secs   av.it.:  34.8
      thresh= 2.707E-06 alpha_mix =  0.700 |ddv_scf|^2 =  1.287E-10

      iter #   9 total cpu time :******** secs   av.it.:  35.3
      thresh= 1.134E-06 alpha_mix =  0.700 |ddv_scf|^2 =  1.563E-11

      iter #  10 total cpu time :******** secs   av.it.:  37.8
      thresh= 3.954E-07 alpha_mix =  0.700 |ddv_scf|^2 =  8.539E-12

      iter #  11 total cpu time :******** secs   av.it.:  33.5
      thresh= 2.922E-07 alpha_mix =  0.700 |ddv_scf|^2 =  4.300E-13

     End of self-consistent calculation

     Convergence has been achieved 


     Representation #  10 mode #  10

     Self-consistent Calculation

      iter #   1 total cpu time :******** secs   av.it.:  14.6
      thresh= 1.000E-02 alpha_mix =  0.700 |ddv_scf|^2 =  2.193E-07

      iter #   2 total cpu time :******** secs   av.it.:  36.9
      thresh= 4.683E-05 alpha_mix =  0.700 |ddv_scf|^2 =  1.370E-07

      iter #   3 total cpu time :******** secs   av.it.:  36.2
      thresh= 3.701E-05 alpha_mix =  0.700 |ddv_scf|^2 =  1.019E-08

      iter #   4 total cpu time :******** secs   av.it.:  36.1
      thresh= 1.009E-05 alpha_mix =  0.700 |ddv_scf|^2 =  1.585E-09

      iter #   5 total cpu time :******** secs   av.it.:  37.0
      thresh= 3.982E-06 alpha_mix =  0.700 |ddv_scf|^2 =  4.789E-10

      iter #   6 total cpu time :******** secs   av.it.:  30.6
      thresh= 2.188E-06 alpha_mix =  0.700 |ddv_scf|^2 =  4.332E-12

      iter #   7 total cpu time :******** secs   av.it.:  38.7
      thresh= 2.081E-07 alpha_mix =  0.700 |ddv_scf|^2 =  1.224E-12

      iter #   8 total cpu time :******** secs   av.it.:  37.8
      thresh= 1.106E-07 alpha_mix =  0.700 |ddv_scf|^2 =  3.604E-13

     End of self-consistent calculation

     Convergence has been achieved 


     Representation #  11 mode #  11

     Self-consistent Calculation

      iter #   1 total cpu time :******** secs   av.it.:  14.7
      thresh= 1.000E-02 alpha_mix =  0.700 |ddv_scf|^2 =  8.799E-07

      iter #   2 total cpu time :******** secs   av.it.:  33.7
      thresh= 9.380E-05 alpha_mix =  0.700 |ddv_scf|^2 =  2.188E-06

      iter #   3 total cpu time :******** secs   av.it.:  29.0
      thresh= 1.479E-04 alpha_mix =  0.700 |ddv_scf|^2 =  2.691E-08

      iter #   4 total cpu time :******** secs   av.it.:  33.5
      thresh= 1.640E-05 alpha_mix =  0.700 |ddv_scf|^2 =  5.366E-09

      iter #   5 total cpu time :******** secs   av.it.:  35.2
      thresh= 7.325E-06 alpha_mix =  0.700 |ddv_scf|^2 =  5.146E-10

      iter #   6 total cpu time :******** secs   av.it.:  34.5
      thresh= 2.268E-06 alpha_mix =  0.700 |ddv_scf|^2 =  1.177E-11

      iter #   7 total cpu time :******** secs   av.it.:  38.0
      thresh= 3.431E-07 alpha_mix =  0.700 |ddv_scf|^2 =  3.027E-12

      iter #   8 total cpu time :******** secs   av.it.:  36.4
      thresh= 1.740E-07 alpha_mix =  0.700 |ddv_scf|^2 =  3.499E-13

     End of self-consistent calculation

     Convergence has been achieved 


     Representation #  12 mode #  12

     Self-consistent Calculation

      iter #   1 total cpu time :******** secs   av.it.:  20.3
      thresh= 1.000E-02 alpha_mix =  0.700 |ddv_scf|^2 =  3.683E-06

      iter #   2 total cpu time :******** secs   av.it.:  33.9
      thresh= 1.919E-04 alpha_mix =  0.700 |ddv_scf|^2 =  1.022E-05

      iter #   3 total cpu time :******** secs   av.it.:  29.6
      thresh= 3.197E-04 alpha_mix =  0.700 |ddv_scf|^2 =  2.464E-07

      iter #   4 total cpu time :******** secs   av.it.:  33.3
      thresh= 4.964E-05 alpha_mix =  0.700 |ddv_scf|^2 =  2.669E-08

      iter #   5 total cpu time :******** secs   av.it.:  34.8
      thresh= 1.634E-05 alpha_mix =  0.700 |ddv_scf|^2 =  4.521E-09

      iter #   6 total cpu time :******** secs   av.it.:  33.6
      thresh= 6.724E-06 alpha_mix =  0.700 |ddv_scf|^2 =  1.151E-09

      iter #   7 total cpu time :******** secs   av.it.:  38.3
      thresh= 3.393E-06 alpha_mix =  0.700 |ddv_scf|^2 =  4.750E-10

      iter #   8 total cpu time :******** secs   av.it.:  36.8
      thresh= 2.179E-06 alpha_mix =  0.700 |ddv_scf|^2 =  8.830E-11

      iter #   9 total cpu time :******** secs   av.it.:  36.8
      thresh= 9.397E-07 alpha_mix =  0.700 |ddv_scf|^2 =  1.715E-11

      iter #  10 total cpu time :******** secs   av.it.:  36.1
      thresh= 4.142E-07 alpha_mix =  0.700 |ddv_scf|^2 =  3.675E-12

      iter #  11 total cpu time :******** secs   av.it.:  36.6
      thresh= 1.917E-07 alpha_mix =  0.700 |ddv_scf|^2 =  6.491E-13

     End of self-consistent calculation

     Convergence has been achieved 


     Representation #  13 mode #  13

     Self-consistent Calculation

      iter #   1 total cpu time :******** secs   av.it.:  18.4
      thresh= 1.000E-02 alpha_mix =  0.700 |ddv_scf|^2 =  5.028E-07

      iter #   2 total cpu time :******** secs   av.it.:  35.2
      thresh= 7.091E-05 alpha_mix =  0.700 |ddv_scf|^2 =  6.588E-07

      iter #   3 total cpu time :******** secs   av.it.:  31.8
      thresh= 8.117E-05 alpha_mix =  0.700 |ddv_scf|^2 =  1.456E-07

      iter #   4 total cpu time :******** secs   av.it.:  32.7
      thresh= 3.815E-05 alpha_mix =  0.700 |ddv_scf|^2 =  3.192E-09

      iter #   5 total cpu time :******** secs   av.it.:  37.2
      thresh= 5.650E-06 alpha_mix =  0.700 |ddv_scf|^2 =  2.964E-09

      iter #   6 total cpu time :******** secs   av.it.:  36.1
      thresh= 5.444E-06 alpha_mix =  0.700 |ddv_scf|^2 =  2.752E-10

      iter #   7 total cpu time :******** secs   av.it.:  37.7
      thresh= 1.659E-06 alpha_mix =  0.700 |ddv_scf|^2 =  3.258E-10

      iter #   8 total cpu time :******** secs   av.it.:  33.1
      thresh= 1.805E-06 alpha_mix =  0.700 |ddv_scf|^2 =  2.722E-12

      iter #   9 total cpu time :******** secs   av.it.:  38.6
      thresh= 1.650E-07 alpha_mix =  0.700 |ddv_scf|^2 =  8.401E-13

     End of self-consistent calculation

     Convergence has been achieved 


     Representation #  14 mode #  14

     Self-consistent Calculation

      iter #   1 total cpu time :******** secs   av.it.:  15.0
      thresh= 1.000E-02 alpha_mix =  0.700 |ddv_scf|^2 =  4.193E-07

      iter #   2 total cpu time :******** secs   av.it.:  35.6
      thresh= 6.475E-05 alpha_mix =  0.700 |ddv_scf|^2 =  4.680E-07

      iter #   3 total cpu time :******** secs   av.it.:  34.3
      thresh= 6.841E-05 alpha_mix =  0.700 |ddv_scf|^2 =  1.772E-08

      iter #   4 total cpu time :******** secs   av.it.:  33.3
      thresh= 1.331E-05 alpha_mix =  0.700 |ddv_scf|^2 =  1.549E-09

      iter #   5 total cpu time :******** secs   av.it.:  37.5
      thresh= 3.935E-06 alpha_mix =  0.700 |ddv_scf|^2 =  7.990E-10

      iter #   6 total cpu time :******** secs   av.it.:  32.0
      thresh= 2.827E-06 alpha_mix =  0.700 |ddv_scf|^2 =  1.544E-11

      iter #   7 total cpu time :******** secs   av.it.:  37.6
      thresh= 3.929E-07 alpha_mix =  0.700 |ddv_scf|^2 =  1.244E-12

      iter #   8 total cpu time :******** secs   av.it.:  37.3
      thresh= 1.116E-07 alpha_mix =  0.700 |ddv_scf|^2 =  6.383E-13

     End of self-consistent calculation

     Convergence has been achieved 


     Representation #  15 mode #  15

     Self-consistent Calculation

      iter #   1 total cpu time :******** secs   av.it.:  14.4
      thresh= 1.000E-02 alpha_mix =  0.700 |ddv_scf|^2 =  7.495E-08

      iter #   2 total cpu time :******** secs   av.it.:  35.1
      thresh= 2.738E-05 alpha_mix =  0.700 |ddv_scf|^2 =  1.175E-08

      iter #   3 total cpu time :******** secs   av.it.:  34.5
      thresh= 1.084E-05 alpha_mix =  0.700 |ddv_scf|^2 =  1.786E-08

      iter #   4 total cpu time :******** secs   av.it.:  30.7
      thresh= 1.337E-05 alpha_mix =  0.700 |ddv_scf|^2 =  2.852E-10

      iter #   5 total cpu time :******** secs   av.it.:  34.3
      thresh= 1.689E-06 alpha_mix =  0.700 |ddv_scf|^2 =  1.318E-11

      iter #   6 total cpu time :******** secs   av.it.:  37.3
      thresh= 3.631E-07 alpha_mix =  0.700 |ddv_scf|^2 =  3.403E-12

      iter #   7 total cpu time :******** secs   av.it.:  35.9
      thresh= 1.845E-07 alpha_mix =  0.700 |ddv_scf|^2 =  6.281E-13

     End of self-consistent calculation

     Convergence has been achieved 


     Representation #  16 mode #  16

     Self-consistent Calculation

      iter #   1 total cpu time :******** secs   av.it.:  19.1
      thresh= 1.000E-02 alpha_mix =  0.700 |ddv_scf|^2 =  4.305E-07

      iter #   2 total cpu time :******** secs   av.it.:  35.7
      thresh= 6.561E-05 alpha_mix =  0.700 |ddv_scf|^2 =  4.733E-07

      iter #   3 total cpu time :******** secs   av.it.:  31.2
      thresh= 6.880E-05 alpha_mix =  0.700 |ddv_scf|^2 =  1.821E-07

      iter #   4 total cpu time :******** secs   av.it.:  31.4
      thresh= 4.267E-05 alpha_mix =  0.700 |ddv_scf|^2 =  2.838E-09

      iter #   5 total cpu time :******** secs   av.it.:  37.6
      thresh= 5.327E-06 alpha_mix =  0.700 |ddv_scf|^2 =  3.079E-09

      iter #   6 total cpu time :******** secs   av.it.:  35.8
      thresh= 5.549E-06 alpha_mix =  0.700 |ddv_scf|^2 =  1.843E-10

      iter #   7 total cpu time :******** secs   av.it.:  37.6
      thresh= 1.357E-06 alpha_mix =  0.700 |ddv_scf|^2 =  1.439E-10

      iter #   8 total cpu time :******** secs   av.it.:  32.8
      thresh= 1.200E-06 alpha_mix =  0.700 |ddv_scf|^2 =  2.743E-12

      iter #   9 total cpu time :******** secs   av.it.:  37.2
      thresh= 1.656E-07 alpha_mix =  0.700 |ddv_scf|^2 =  2.167E-13

     End of self-consistent calculation

     Convergence has been achieved 


     Representation #  17 mode #  17

     Self-consistent Calculation

      iter #   1 total cpu time :******** secs   av.it.:  14.9
      thresh= 1.000E-02 alpha_mix =  0.700 |ddv_scf|^2 =  3.591E-07

      iter #   2 total cpu time :******** secs   av.it.:  34.4
      thresh= 5.993E-05 alpha_mix =  0.700 |ddv_scf|^2 =  7.346E-07

      iter #   3 total cpu time :******** secs   av.it.:  29.9
      thresh= 8.571E-05 alpha_mix =  0.700 |ddv_scf|^2 =  5.148E-08

      iter #   4 total cpu time :******** secs   av.it.:  31.4
      thresh= 2.269E-05 alpha_mix =  0.700 |ddv_scf|^2 =  4.400E-09

      iter #   5 total cpu time :******** secs   av.it.:  34.3
      thresh= 6.634E-06 alpha_mix =  0.700 |ddv_scf|^2 =  2.625E-10

      iter #   6 total cpu time :******** secs   av.it.:  33.9
      thresh= 1.620E-06 alpha_mix =  0.700 |ddv_scf|^2 =  1.913E-11

      iter #   7 total cpu time :******** secs   av.it.:  37.3
      thresh= 4.374E-07 alpha_mix =  0.700 |ddv_scf|^2 =  3.844E-12

      iter #   8 total cpu time :******** secs   av.it.:  36.8
      thresh= 1.961E-07 alpha_mix =  0.700 |ddv_scf|^2 =  3.777E-13

     End of self-consistent calculation

     Convergence has been achieved 


     Representation #  18 mode #  18

     Self-consistent Calculation

      iter #   1 total cpu time :******** secs   av.it.:  14.7
      thresh= 1.000E-02 alpha_mix =  0.700 |ddv_scf|^2 =  9.501E-07

      iter #   2 total cpu time :******** secs   av.it.:  33.0
      thresh= 9.747E-05 alpha_mix =  0.700 |ddv_scf|^2 =  3.771E-06

      iter #   3 total cpu time :******** secs   av.it.:  28.2
      thresh= 1.942E-04 alpha_mix =  0.700 |ddv_scf|^2 =  2.282E-08

      iter #   4 total cpu time :******** secs   av.it.:  34.5
      thresh= 1.511E-05 alpha_mix =  0.700 |ddv_scf|^2 =  1.262E-08

      iter #   5 total cpu time :******** secs   av.it.:  33.6
      thresh= 1.123E-05 alpha_mix =  0.700 |ddv_scf|^2 =  6.144E-11

      iter #   6 total cpu time :******** secs   av.it.:  36.2
      thresh= 7.838E-07 alpha_mix =  0.700 |ddv_scf|^2 =  2.200E-11

      iter #   7 total cpu time :******** secs   av.it.:  36.4
      thresh= 4.690E-07 alpha_mix =  0.700 |ddv_scf|^2 =  6.607E-13

     End of self-consistent calculation

     Convergence has been achieved 


     Representation #  19 mode #  19

     Self-consistent Calculation

      iter #   1 total cpu time :******** secs   av.it.:  20.4
      thresh= 1.000E-02 alpha_mix =  0.700 |ddv_scf|^2 =  9.156E-06

      iter #   2 total cpu time :******** secs   av.it.:  33.1
      thresh= 3.026E-04 alpha_mix =  0.700 |ddv_scf|^2 =  3.643E-05

      iter #   3 total cpu time :******** secs   av.it.:  28.5
      thresh= 6.036E-04 alpha_mix =  0.700 |ddv_scf|^2 =  4.883E-07

      iter #   4 total cpu time :******** secs   av.it.:  32.1
      thresh= 6.987E-05 alpha_mix =  0.700 |ddv_scf|^2 =  3.031E-08

      iter #   5 total cpu time :******** secs   av.it.:  36.2
      thresh= 1.741E-05 alpha_mix =  0.700 |ddv_scf|^2 =  6.508E-09

      iter #   6 total cpu time :******** secs   av.it.:  35.1
      thresh= 8.067E-06 alpha_mix =  0.700 |ddv_scf|^2 =  3.677E-09

      iter #   7 total cpu time :******** secs   av.it.:  34.0
      thresh= 6.064E-06 alpha_mix =  0.700 |ddv_scf|^2 =  4.665E-10

      iter #   8 total cpu time :******** secs   av.it.:  36.3
      thresh= 2.160E-06 alpha_mix =  0.700 |ddv_scf|^2 =  2.695E-11

      iter #   9 total cpu time :******** secs   av.it.:  37.7
      thresh= 5.192E-07 alpha_mix =  0.700 |ddv_scf|^2 =  1.264E-11

      iter #  10 total cpu time :******** secs   av.it.:  36.2
      thresh= 3.556E-07 alpha_mix =  0.700 |ddv_scf|^2 =  1.787E-12

      iter #  11 total cpu time :******** secs   av.it.:  36.4
      thresh= 1.337E-07 alpha_mix =  0.700 |ddv_scf|^2 =  1.341E-13

     End of self-consistent calculation

     Convergence has been achieved 


     Representation #  20 mode #  20

     Self-consistent Calculation

      iter #   1 total cpu time :******** secs   av.it.:  14.6
      thresh= 1.000E-02 alpha_mix =  0.700 |ddv_scf|^2 =  1.145E-06

      iter #   2 total cpu time :******** secs   av.it.:  33.3
      thresh= 1.070E-04 alpha_mix =  0.700 |ddv_scf|^2 =  3.705E-06

      iter #   3 total cpu time :******** secs   av.it.:  28.5
      thresh= 1.925E-04 alpha_mix =  0.700 |ddv_scf|^2 =  8.399E-08

      iter #   4 total cpu time :******** secs   av.it.:  31.5
      thresh= 2.898E-05 alpha_mix =  0.700 |ddv_scf|^2 =  6.701E-09

      iter #   5 total cpu time :******** secs   av.it.:  32.3
      thresh= 8.186E-06 alpha_mix =  0.700 |ddv_scf|^2 =  2.735E-10

      iter #   6 total cpu time :******** secs   av.it.:  35.6
      thresh= 1.654E-06 alpha_mix =  0.700 |ddv_scf|^2 =  3.724E-11

      iter #   7 total cpu time :******** secs   av.it.:  36.5
      thresh= 6.102E-07 alpha_mix =  0.700 |ddv_scf|^2 =  5.934E-12

      iter #   8 total cpu time :******** secs   av.it.:  35.6
      thresh= 2.436E-07 alpha_mix =  0.700 |ddv_scf|^2 =  7.409E-13

     End of self-consistent calculation

     Convergence has been achieved 


     Representation #  21 mode #  21

     Self-consistent Calculation

      iter #   1 total cpu time :******** secs   av.it.:  18.5
      thresh= 1.000E-02 alpha_mix =  0.700 |ddv_scf|^2 =  1.081E-06

      iter #   2 total cpu time :******** secs   av.it.:  34.7
      thresh= 1.040E-04 alpha_mix =  0.700 |ddv_scf|^2 =  1.720E-06

      iter #   3 total cpu time :******** secs   av.it.:  31.5
      thresh= 1.311E-04 alpha_mix =  0.700 |ddv_scf|^2 =  3.464E-07

      iter #   4 total cpu time :******** secs   av.it.:  31.3
      thresh= 5.886E-05 alpha_mix =  0.700 |ddv_scf|^2 =  1.927E-08

      iter #   5 total cpu time :******** secs   av.it.:  33.2
      thresh= 1.388E-05 alpha_mix =  0.700 |ddv_scf|^2 =  1.920E-09

      iter #   6 total cpu time :******** secs   av.it.:  36.8
      thresh= 4.381E-06 alpha_mix =  0.700 |ddv_scf|^2 =  2.242E-09

      iter #   7 total cpu time :******** secs   av.it.:  35.6
      thresh= 4.735E-06 alpha_mix =  0.700 |ddv_scf|^2 =  2.438E-10

      iter #   8 total cpu time :******** secs   av.it.:  34.5
      thresh= 1.562E-06 alpha_mix =  0.700 |ddv_scf|^2 =  7.943E-11

      iter #   9 total cpu time :******** secs   av.it.:  36.1
      thresh= 8.913E-07 alpha_mix =  0.700 |ddv_scf|^2 =  2.796E-12

      iter #  10 total cpu time :******** secs   av.it.:  36.5
      thresh= 1.672E-07 alpha_mix =  0.700 |ddv_scf|^2 =  5.515E-13

     End of self-consistent calculation

     Convergence has been achieved 


     Representation #  22 mode #  22

     Self-consistent Calculation

      iter #   1 total cpu time :******** secs   av.it.:  20.3
      thresh= 1.000E-02 alpha_mix =  0.700 |ddv_scf|^2 =  3.619E-06

      iter #   2 total cpu time :******** secs   av.it.:  33.7
      thresh= 1.902E-04 alpha_mix =  0.700 |ddv_scf|^2 =  1.299E-05

      iter #   3 total cpu time :******** secs   av.it.:  28.7
      thresh= 3.605E-04 alpha_mix =  0.700 |ddv_scf|^2 =  2.326E-07

      iter #   4 total cpu time :******** secs   av.it.:  32.7
      thresh= 4.823E-05 alpha_mix =  0.700 |ddv_scf|^2 =  3.405E-08

      iter #   5 total cpu time :******** secs   av.it.:  33.3
      thresh= 1.845E-05 alpha_mix =  0.700 |ddv_scf|^2 =  2.761E-09

      iter #   6 total cpu time :******** secs   av.it.:  34.2
      thresh= 5.254E-06 alpha_mix =  0.700 |ddv_scf|^2 =  2.377E-09

      iter #   7 total cpu time :******** secs   av.it.:  36.6
      thresh= 4.876E-06 alpha_mix =  0.700 |ddv_scf|^2 =  3.145E-10

      iter #   8 total cpu time :******** secs   av.it.:  37.1
      thresh= 1.773E-06 alpha_mix =  0.700 |ddv_scf|^2 =  3.413E-11

      iter #   9 total cpu time :******** secs   av.it.:  37.1
      thresh= 5.842E-07 alpha_mix =  0.700 |ddv_scf|^2 =  5.498E-12

      iter #  10 total cpu time :******** secs   av.it.:  38.2
      thresh= 2.345E-07 alpha_mix =  0.700 |ddv_scf|^2 =  3.679E-12

      iter #  11 total cpu time :******** secs   av.it.:  35.8
      thresh= 1.918E-07 alpha_mix =  0.700 |ddv_scf|^2 =  6.237E-14

     End of self-consistent calculation

     Convergence has been achieved 


     Representation #  23 mode #  23

     Self-consistent Calculation

      iter #   1 total cpu time :******** secs   av.it.:  15.2
      thresh= 1.000E-02 alpha_mix =  0.700 |ddv_scf|^2 =  1.395E-06

      iter #   2 total cpu time :******** secs   av.it.:  33.6
      thresh= 1.181E-04 alpha_mix =  0.700 |ddv_scf|^2 =  5.421E-06

      iter #   3 total cpu time :******** secs   av.it.:  28.4
      thresh= 2.328E-04 alpha_mix =  0.700 |ddv_scf|^2 =  6.414E-08

      iter #   4 total cpu time :******** secs   av.it.:  34.9
      thresh= 2.533E-05 alpha_mix =  0.700 |ddv_scf|^2 =  5.939E-09

      iter #   5 total cpu time :******** secs   av.it.:  36.0
      thresh= 7.707E-06 alpha_mix =  0.700 |ddv_scf|^2 =  4.175E-10

      iter #   6 total cpu time :******** secs   av.it.:  33.2
      thresh= 2.043E-06 alpha_mix =  0.700 |ddv_scf|^2 =  2.396E-11

      iter #   7 total cpu time :******** secs   av.it.:  37.9
      thresh= 4.894E-07 alpha_mix =  0.700 |ddv_scf|^2 =  1.572E-11

      iter #   8 total cpu time :******** secs   av.it.:  33.3
      thresh= 3.964E-07 alpha_mix =  0.700 |ddv_scf|^2 =  1.264E-12

      iter #   9 total cpu time :******** secs   av.it.:  37.2
      thresh= 1.124E-07 alpha_mix =  0.700 |ddv_scf|^2 =  1.530E-13

     End of self-consistent calculation

     Convergence has been achieved 


     Representation #  24 mode #  24

     Self-consistent Calculation

      iter #   1 total cpu time :******** secs   av.it.:  15.5
      thresh= 1.000E-02 alpha_mix =  0.700 |ddv_scf|^2 =  5.031E-06

      iter #   2 total cpu time :******** secs   av.it.:  32.4
      thresh= 2.243E-04 alpha_mix =  0.700 |ddv_scf|^2 =  2.084E-05

      iter #   3 total cpu time :******** secs   av.it.:  28.0
      thresh= 4.565E-04 alpha_mix =  0.700 |ddv_scf|^2 =  9.542E-08

      iter #   4 total cpu time :******** secs   av.it.:  33.8
      thresh= 3.089E-05 alpha_mix =  0.700 |ddv_scf|^2 =  2.503E-08

      iter #   5 total cpu time :******** secs   av.it.:  33.9
      thresh= 1.582E-05 alpha_mix =  0.700 |ddv_scf|^2 =  2.131E-10

      iter #   6 total cpu time :******** secs   av.it.:  36.3
      thresh= 1.460E-06 alpha_mix =  0.700 |ddv_scf|^2 =  5.026E-11

      iter #   7 total cpu time :******** secs   av.it.:  36.6
      thresh= 7.089E-07 alpha_mix =  0.700 |ddv_scf|^2 =  1.908E-12

      iter #   8 total cpu time :******** secs   av.it.:  38.2
      thresh= 1.381E-07 alpha_mix =  0.700 |ddv_scf|^2 =  1.820E-12

      iter #   9 total cpu time :******** secs   av.it.:  36.1
      thresh= 1.349E-07 alpha_mix =  0.700 |ddv_scf|^2 =  3.239E-14

     End of self-consistent calculation

     Convergence has been achieved 


     Representation #  25 mode #  25

     Self-consistent Calculation

      iter #   1 total cpu time :******** secs   av.it.:  18.6
      thresh= 1.000E-02 alpha_mix =  0.700 |ddv_scf|^2 =  4.407E-06

      iter #   2 total cpu time :******** secs   av.it.:  33.4
      thresh= 2.099E-04 alpha_mix =  0.700 |ddv_scf|^2 =  1.425E-05

      iter #   3 total cpu time :******** secs   av.it.:  28.8
      thresh= 3.775E-04 alpha_mix =  0.700 |ddv_scf|^2 =  4.060E-07

      iter #   4 total cpu time :******** secs   av.it.:  32.3
      thresh= 6.372E-05 alpha_mix =  0.700 |ddv_scf|^2 =  2.820E-08

      iter #   5 total cpu time :******** secs   av.it.:  33.7
      thresh= 1.679E-05 alpha_mix =  0.700 |ddv_scf|^2 =  1.457E-09

      iter #   6 total cpu time :******** secs   av.it.:  37.4
      thresh= 3.818E-06 alpha_mix =  0.700 |ddv_scf|^2 =  2.281E-09

      iter #   7 total cpu time :******** secs   av.it.:  35.5
      thresh= 4.776E-06 alpha_mix =  0.700 |ddv_scf|^2 =  7.323E-10

      iter #   8 total cpu time :******** secs   av.it.:  33.0
      thresh= 2.706E-06 alpha_mix =  0.700 |ddv_scf|^2 =  2.144E-10

      iter #   9 total cpu time :******** secs   av.it.:  35.1
      thresh= 1.464E-06 alpha_mix =  0.700 |ddv_scf|^2 =  4.320E-12

      iter #  10 total cpu time :******** secs   av.it.:  37.8
      thresh= 2.078E-07 alpha_mix =  0.700 |ddv_scf|^2 =  2.046E-12

      iter #  11 total cpu time :******** secs   av.it.:  37.6
      thresh= 1.431E-07 alpha_mix =  0.700 |ddv_scf|^2 =  1.931E-13

     End of self-consistent calculation

     Convergence has been achieved 


     Representation #  26 mode #  26

     Self-consistent Calculation

      iter #   1 total cpu time :******** secs   av.it.:  14.7
      thresh= 1.000E-02 alpha_mix =  0.700 |ddv_scf|^2 =  5.012E-07

      iter #   2 total cpu time :******** secs   av.it.:  34.7
      thresh= 7.080E-05 alpha_mix =  0.700 |ddv_scf|^2 =  1.409E-06

      iter #   3 total cpu time :******** secs   av.it.:  29.7
      thresh= 1.187E-04 alpha_mix =  0.700 |ddv_scf|^2 =  6.560E-08

      iter #   4 total cpu time :******** secs   av.it.:  32.8
      thresh= 2.561E-05 alpha_mix =  0.700 |ddv_scf|^2 =  1.999E-09

      iter #   5 total cpu time :******** secs   av.it.:  37.2
      thresh= 4.471E-06 alpha_mix =  0.700 |ddv_scf|^2 =  7.804E-10

      iter #   6 total cpu time :******** secs   av.it.:  32.4
      thresh= 2.794E-06 alpha_mix =  0.700 |ddv_scf|^2 =  1.295E-11

      iter #   7 total cpu time :******** secs   av.it.:  38.2
      thresh= 3.598E-07 alpha_mix =  0.700 |ddv_scf|^2 =  4.913E-12

      iter #   8 total cpu time :******** secs   av.it.:  35.5
      thresh= 2.217E-07 alpha_mix =  0.700 |ddv_scf|^2 =  3.889E-13

     End of self-consistent calculation

     Convergence has been achieved 


     Representation #  27 mode #  27

     Self-consistent Calculation

      iter #   1 total cpu time :******** secs   av.it.:  14.5
      thresh= 1.000E-02 alpha_mix =  0.700 |ddv_scf|^2 =  1.613E-07

      iter #   2 total cpu time :******** secs   av.it.:  35.7
      thresh= 4.017E-05 alpha_mix =  0.700 |ddv_scf|^2 =  1.266E-07

      iter #   3 total cpu time :******** secs   av.it.:  35.1
      thresh= 3.558E-05 alpha_mix =  0.700 |ddv_scf|^2 =  3.423E-08

      iter #   4 total cpu time :******** secs   av.it.:  31.8
      thresh= 1.850E-05 alpha_mix =  0.700 |ddv_scf|^2 =  2.286E-09

      iter #   5 total cpu time :******** secs   av.it.:  35.0
      thresh= 4.781E-06 alpha_mix =  0.700 |ddv_scf|^2 =  2.594E-10

      iter #   6 total cpu time :******** secs   av.it.:  32.3
      thresh= 1.611E-06 alpha_mix =  0.700 |ddv_scf|^2 =  2.623E-12

      iter #   7 total cpu time :******** secs   av.it.:  38.9
      thresh= 1.620E-07 alpha_mix =  0.700 |ddv_scf|^2 =  6.561E-13

     End of self-consistent calculation

     Convergence has been achieved 


     Representation #  28 mode #  28

     Self-consistent Calculation

      iter #   1 total cpu time :******** secs   av.it.:  14.7
      thresh= 1.000E-02 alpha_mix =  0.700 |ddv_scf|^2 =  3.315E-07

      iter #   2 total cpu time :******** secs   av.it.:  33.9
      thresh= 5.757E-05 alpha_mix =  0.700 |ddv_scf|^2 =  1.122E-06

      iter #   3 total cpu time :******** secs   av.it.:  28.4
      thresh= 1.059E-04 alpha_mix =  0.700 |ddv_scf|^2 =  1.604E-08

      iter #   4 total cpu time :******** secs   av.it.:  33.3
      thresh= 1.267E-05 alpha_mix =  0.700 |ddv_scf|^2 =  5.325E-09

      iter #   5 total cpu time :******** secs   av.it.:  33.5
      thresh= 7.297E-06 alpha_mix =  0.700 |ddv_scf|^2 =  2.628E-11

      iter #   6 total cpu time :******** secs   av.it.:  36.8
      thresh= 5.127E-07 alpha_mix =  0.700 |ddv_scf|^2 =  1.369E-11

      iter #   7 total cpu time :******** secs   av.it.:  35.8
      thresh= 3.701E-07 alpha_mix =  0.700 |ddv_scf|^2 =  3.556E-13

     End of self-consistent calculation

     Convergence has been achieved 


     Representation #  29 mode #  29

     Self-consistent Calculation

      iter #   1 total cpu time :******** secs   av.it.:  14.6
      thresh= 1.000E-02 alpha_mix =  0.700 |ddv_scf|^2 =  1.668E-07

      iter #   2 total cpu time :******** secs   av.it.:  35.0
      thresh= 4.085E-05 alpha_mix =  0.700 |ddv_scf|^2 =  2.964E-07

      iter #   3 total cpu time :******** secs   av.it.:  29.8
      thresh= 5.444E-05 alpha_mix =  0.700 |ddv_scf|^2 =  3.107E-08

      iter #   4 total cpu time :******** secs   av.it.:  31.1
      thresh= 1.763E-05 alpha_mix =  0.700 |ddv_scf|^2 =  2.874E-09

      iter #   5 total cpu time :******** secs   av.it.:  32.7
      thresh= 5.361E-06 alpha_mix =  0.700 |ddv_scf|^2 =  8.710E-11

      iter #   6 total cpu time :******** secs   av.it.:  34.2
      thresh= 9.333E-07 alpha_mix =  0.700 |ddv_scf|^2 =  1.077E-11

      iter #   7 total cpu time :******** secs   av.it.:  37.0
      thresh= 3.282E-07 alpha_mix =  0.700 |ddv_scf|^2 =  2.180E-12

      iter #   8 total cpu time :******** secs   av.it.:  35.4
      thresh= 1.476E-07 alpha_mix =  0.700 |ddv_scf|^2 =  1.996E-13

     End of self-consistent calculation

     Convergence has been achieved 


     Representation #  30 mode #  30

     Self-consistent Calculation

      iter #   1 total cpu time :******** secs   av.it.:  18.0
      thresh= 1.000E-02 alpha_mix =  0.700 |ddv_scf|^2 =  3.304E-07

      iter #   2 total cpu time :******** secs   av.it.:  34.9
      thresh= 5.748E-05 alpha_mix =  0.700 |ddv_scf|^2 =  9.777E-09

      iter #   3 total cpu time :******** secs   av.it.:  39.4
      thresh= 9.888E-06 alpha_mix =  0.700 |ddv_scf|^2 =  2.617E-08

      iter #   4 total cpu time :******** secs   av.it.:  32.0
      thresh= 1.618E-05 alpha_mix =  0.700 |ddv_scf|^2 =  1.892E-09

      iter #   5 total cpu time :******** secs   av.it.:  35.3
      thresh= 4.350E-06 alpha_mix =  0.700 |ddv_scf|^2 =  1.561E-09

      iter #   6 total cpu time :******** secs   av.it.:  33.8
      thresh= 3.951E-06 alpha_mix =  0.700 |ddv_scf|^2 =  2.957E-10

      iter #   7 total cpu time :******** secs   av.it.:  35.2
      thresh= 1.720E-06 alpha_mix =  0.700 |ddv_scf|^2 =  2.735E-11

      iter #   8 total cpu time :******** secs   av.it.:  37.0
      thresh= 5.229E-07 alpha_mix =  0.700 |ddv_scf|^2 =  8.610E-13

     End of self-consistent calculation

     Convergence has been achieved 

     Number of q in the star =    1
     List of q in the star:
          1  -0.500068206  -0.123806577   0.124528836

     Diagonalizing the dynamical matrix

     q = (   -0.500068206  -0.123806577   0.124528836 ) 

 **************************************************************************
     freq (    1) =      -2.487247 [THz] =     -82.965617 [cm-1]
     freq (    2) =       0.576302 [THz] =      19.223364 [cm-1]
     freq (    3) =       0.774674 [THz] =      25.840328 [cm-1]
     freq (    4) =       1.872119 [THz] =      62.447178 [cm-1]
     freq (    5) =       1.990641 [THz] =      66.400639 [cm-1]
     freq (    6) =       3.019280 [THz] =     100.712356 [cm-1]
     freq (    7) =       3.247210 [THz] =     108.315282 [cm-1]
     freq (    8) =       4.118918 [THz] =     137.392301 [cm-1]
     freq (    9) =       4.639143 [THz] =     154.745145 [cm-1]
     freq (   10) =       5.742928 [THz] =     191.563465 [cm-1]
     freq (   11) =       6.288337 [THz] =     209.756342 [cm-1]
     freq (   12) =       6.320475 [THz] =     210.828358 [cm-1]
     freq (   13) =       7.224947 [THz] =     240.998277 [cm-1]
     freq (   14) =       8.271431 [THz] =     275.905251 [cm-1]
     freq (   15) =       8.598877 [THz] =     286.827658 [cm-1]
     freq (   16) =       8.699291 [THz] =     290.177116 [cm-1]
     freq (   17) =       8.727935 [THz] =     291.132571 [cm-1]
     freq (   18) =       9.703606 [THz] =     323.677443 [cm-1]
     freq (   19) =      10.214916 [THz] =     340.732906 [cm-1]
     freq (   20) =      10.469047 [THz] =     349.209833 [cm-1]
     freq (   21) =      11.288940 [THz] =     376.558509 [cm-1]
     freq (   22) =      12.477993 [THz] =     416.221056 [cm-1]
     freq (   23) =      13.416826 [THz] =     447.537147 [cm-1]
     freq (   24) =      14.100462 [THz] =     470.340784 [cm-1]
     freq (   25) =      14.125085 [THz] =     471.162127 [cm-1]
     freq (   26) =      14.491155 [THz] =     483.372903 [cm-1]
     freq (   27) =      14.869035 [THz] =     495.977608 [cm-1]
     freq (   28) =      17.274316 [THz] =     576.209148 [cm-1]
     freq (   29) =      17.345222 [THz] =     578.574345 [cm-1]
     freq (   30) =      18.341372 [THz] =     611.802305 [cm-1]
 **************************************************************************

     Mode symmetry, C_i (-1)    point group:

     freq (   1-   1) =        -83.0  [cm-1]   --> A_g                
     freq (   2-   2) =         19.2  [cm-1]   --> A_u                
     freq (   3-   3) =         25.8  [cm-1]   --> A_g                
     freq (   4-   4) =         62.4  [cm-1]   --> A_u                
     freq (   5-   5) =         66.4  [cm-1]   --> A_g                
     freq (   6-   6) =        100.7  [cm-1]   --> A_u                
     freq (   7-   7) =        108.3  [cm-1]   --> A_u                
     freq (   8-   8) =        137.4  [cm-1]   --> A_g                
     freq (   9-   9) =        154.7  [cm-1]   --> A_g                
     freq (  10-  10) =        191.6  [cm-1]   --> A_u                
     freq (  11-  11) =        209.8  [cm-1]   --> A_g                
     freq (  12-  12) =        210.8  [cm-1]   --> A_u                
     freq (  13-  13) =        241.0  [cm-1]   --> A_g                
     freq (  14-  14) =        275.9  [cm-1]   --> A_u                
     freq (  15-  15) =        286.8  [cm-1]   --> A_u                
     freq (  16-  16) =        290.2  [cm-1]   --> A_u                
     freq (  17-  17) =        291.1  [cm-1]   --> A_g                
     freq (  18-  18) =        323.7  [cm-1]   --> A_g                
     freq (  19-  19) =        340.7  [cm-1]   --> A_g                
     freq (  20-  20) =        349.2  [cm-1]   --> A_u                
     freq (  21-  21) =        376.6  [cm-1]   --> A_g                
     freq (  22-  22) =        416.2  [cm-1]   --> A_u                
     freq (  23-  23) =        447.5  [cm-1]   --> A_g                
     freq (  24-  24) =        470.3  [cm-1]   --> A_u                
     freq (  25-  25) =        471.2  [cm-1]   --> A_g                
     freq (  26-  26) =        483.4  [cm-1]   --> A_u                
     freq (  27-  27) =        496.0  [cm-1]   --> A_g                
     freq (  28-  28) =        576.2  [cm-1]   --> A_u                
     freq (  29-  29) =        578.6  [cm-1]   --> A_g                
     freq (  30-  30) =        611.8  [cm-1]   --> A_u                

     Calculation of q =   -0.5011138  -0.1240655  -0.4376717

     Parallelization info
     --------------------
     sticks:   dense  smooth     PW     G-vecs:    dense   smooth      PW
     Min          99      49     15                 5907     2087     368
     Max         100      50     16                 5911     2092     373
     Sum        3769    1889    591               224509    79403   14049

     Using Slab Decomposition


     Title: 
     Ga2O3 phonon grid                                                          


     bravais-lattice index     =            0
     lattice parameter (alat)  =      12.5163  a.u.
     unit-cell volume          =     820.9989 (a.u.)^3
     number of atoms/cell      =           10
     number of atomic types    =            2
     number of electrons       =        88.00
     number of Kohn-Sham states=           44
     kinetic-energy cutoff     =      80.0000  Ry
     charge density cutoff     =     640.0000  Ry
     Exchange-correlation= PBE
                           (   1   4   3   4   0   0   0)

     celldm(1)=  12.516274  celldm(2)=   0.000000  celldm(3)=   0.000000
     celldm(4)=   0.000000  celldm(5)=   0.000000  celldm(6)=   0.000000

     crystal axes: (cart. coord. in units of alat)
               a(1) = (   0.999995  -0.002402  -0.001859 )  
               a(2) = (   0.883365   0.468683  -0.001859 )  
               a(3) = (   0.208584   0.051641   0.888951 )  

     reciprocal axes: (cart. coord. in units 2 pi/alat)
               b(1) = (  0.995267 -1.876353 -0.124529 )  
               b(2) = (  0.004870  2.123966 -0.124529 )  
               b(3) = (  0.002091  0.000518  1.124401 )  


     PseudoPot. # 1 for O  read from file:
     ./pseudo/O.pbe-n-kjpaw_psl.1.0.0.UPF
     MD5 check sum: e99d9cef9b487d1ca56f5b95ecd0fd7a
     Pseudo is Projector augmented-wave + core cor, Zval =  6.0
     Generated using &quot;atomic&quot; code by A. Dal Corso  v.6.3
     Shape of augmentation charge: PSQ
     Using radial grid of 1095 points,  4 beta functions with: 
                l(1) =   0
                l(2) =   0
                l(3) =   1
                l(4) =   1
     Q(r) pseudized with 0 coefficients 


     PseudoPot. # 2 for Ga read from file:
     ./pseudo/Ga.pbe-dn-kjpaw_psl.1.0.0.UPF
     MD5 check sum: 50ce49cbf7e0a40ad8623bf41840a268
     Pseudo is Projector augmented-wave + core cor, Zval = 13.0
     Generated using &quot;atomic&quot; code by A. Dal Corso  v.6.3
     Shape of augmentation charge: PSQ
     Using radial grid of 1205 points,  6 beta functions with: 
                l(1) =   0
                l(2) =   0
                l(3) =   1
                l(4) =   1
                l(5) =   2
                l(6) =   2
     Q(r) pseudized with 0 coefficients 


     atomic species   valence    mass     pseudopotential
        O              6.00    15.99900     O ( 1.00)
        Ga            13.00    69.72300     Ga( 1.00)

      2 Sym. Ops., with inversion, found



   Cartesian axes

     site n.     atom                  positions (alat units)
         1           Ga  tau(   1) = (   1.3843475   0.3427359   0.6080322  )
         2           Ga  tau(   2) = (   0.7075973   0.1751865   0.2772010  )
         3           Ga  tau(   3) = (   0.2138074   0.0529343   0.1809352  )
         4           Ga  tau(   4) = (   1.8781372   0.4649880   0.7042982  )
         5           O   tau(   5) = (   1.0897907   0.2698097   0.6612741  )
         6           O   tau(   6) = (   1.0021542   0.2481127   0.2239593  )
         7           O   tau(   7) = (   0.4178956   0.1034623   0.3918935  )
         8           O   tau(   8) = (   1.6740492   0.4144601   0.4933398  )
         9           O   tau(   9) = (   1.5854244   0.3925184   0.0952441  )
        10           O   tau(  10) = (   0.5065203   0.1254040   0.7899892  )

     number of k points=  1736

     Number of k-points >= 100: set verbosity='high' to print them.

     Dense  grid:   224509 G-vectors     FFT dimensions: ( 108, 108,  96)

     Smooth grid:    79403 G-vectors     FFT dimensions: (  72,  72,  72)

     Estimated max dynamical RAM per process >      25.38 MB

     Estimated total dynamical RAM >     964.27 MB

     The potential is recalculated from file :
     ./tmp/_ph0/Ga2O3-Bands.save/charge-density

     Starting wfcs are   60 atomic wfcs
     Checking if some PAW data can be deallocated... 

     Band Structure Calculation
     Davidson diagonalization with overlap

     ethr =  1.14E-11,  avg # of iterations = 33.4

     total cpu time spent up to now is    10104.9 secs

     End of band structure calculation

     Number of k-points >= 100: set verbosity='high' to print the bands.

     highest occupied level (ev):     6.2785

     Writing config to output data dir ./tmp/_ph0/Ga2O3-Bands.save/

     Ga2O3 phonon grid                                                          

     bravais-lattice index     =            0
     lattice parameter (alat)  =      12.5163  a.u.
     unit-cell volume          =     820.9989 (a.u.)^3
     number of atoms/cell      =           10
     number of atomic types    =            2
     kinetic-energy cut-off    =      80.0000  Ry
     charge density cut-off    =     640.0000  Ry
     convergence threshold     =      1.0E-12
     beta                      =       0.7000
     number of iterations used =            4
     Exchange-correlation= PBE
                           (   1   4   3   4   0   0   0)


     celldm(1)=   12.51627  celldm(2)=    0.00000  celldm(3)=    0.00000
     celldm(4)=    0.00000  celldm(5)=    0.00000  celldm(6)=    0.00000

     crystal axes: (cart. coord. in units of alat)
               a(1) = (  1.0000 -0.0024 -0.0019 )  
               a(2) = (  0.8834  0.4687 -0.0019 )  
               a(3) = (  0.2086  0.0516  0.8890 )  

     reciprocal axes: (cart. coord. in units 2 pi/alat)
               b(1) = (  0.9953 -1.8764 -0.1245 )  
               b(2) = (  0.0049  2.1240 -0.1245 )  
               b(3) = (  0.0021  0.0005  1.1244 )  


     Atoms inside the unit cell: 

     Cartesian axes

     site n.  atom      mass           positions (alat units)
        1     Ga  69.7230   tau(    1) = (    1.38435    0.34274    0.60803  )
        2     Ga  69.7230   tau(    2) = (    0.70760    0.17519    0.27720  )
        3     Ga  69.7230   tau(    3) = (    0.21381    0.05293    0.18094  )
        4     Ga  69.7230   tau(    4) = (    1.87814    0.46499    0.70430  )
        5     O   15.9990   tau(    5) = (    1.08979    0.26981    0.66127  )
        6     O   15.9990   tau(    6) = (    1.00215    0.24811    0.22396  )
        7     O   15.9990   tau(    7) = (    0.41790    0.10346    0.39189  )
        8     O   15.9990   tau(    8) = (    1.67405    0.41446    0.49334  )
        9     O   15.9990   tau(    9) = (    1.58542    0.39252    0.09524  )
       10     O   15.9990   tau(   10) = (    0.50652    0.12540    0.78999  )

     Computing dynamical matrix for 
                    q = (  -0.5011138  -0.1240655  -0.4376717 )

      3 Sym.Ops. (with q -> -q+G )


     G cutoff = 2539.6294  (   5908 G-vectors)     FFT grid: (108,108, 96)
     G cutoff = 1269.8147  (   2092 G-vectors)  smooth grid: ( 72, 72, 72)
     number of k points=  1736

     PseudoPot. # 1 for O  read from file:
     ./pseudo/O.pbe-n-kjpaw_psl.1.0.0.UPF
     MD5 check sum: e99d9cef9b487d1ca56f5b95ecd0fd7a
     Pseudo is Projector augmented-wave + core cor, Zval =  6.0
     Generated using &quot;atomic&quot; code by A. Dal Corso  v.6.3
     Shape of augmentation charge: PSQ
     Using radial grid of 1095 points,  4 beta functions with: 
                l(1) =   0
                l(2) =   0
                l(3) =   1
                l(4) =   1
     Q(r) pseudized with 0 coefficients 


     PseudoPot. # 2 for Ga read from file:
     ./pseudo/Ga.pbe-dn-kjpaw_psl.1.0.0.UPF
     MD5 check sum: 50ce49cbf7e0a40ad8623bf41840a268
     Pseudo is Projector augmented-wave + core cor, Zval = 13.0
     Generated using &quot;atomic&quot; code by A. Dal Corso  v.6.3
     Shape of augmentation charge: PSQ
     Using radial grid of 1205 points,  6 beta functions with: 
                l(1) =   0
                l(2) =   0
                l(3) =   1
                l(4) =   1
                l(5) =   2
                l(6) =   2
     Q(r) pseudized with 0 coefficients 


     Mode symmetry, C_i (-1)    point group:


     Atomic displacements:
     There are   30 irreducible representations

     Representation     1      1 modes -  To be done

     Representation     2      1 modes -  To be done

     Representation     3      1 modes -  To be done

     Representation     4      1 modes -  To be done

     Representation     5      1 modes -  To be done

     Representation     6      1 modes -  To be done

     Representation     7      1 modes -  To be done

     Representation     8      1 modes -  To be done

     Representation     9      1 modes -  To be done

     Representation    10      1 modes -  To be done

     Representation    11      1 modes -  To be done

     Representation    12      1 modes -  To be done

     Representation    13      1 modes -  To be done

     Representation    14      1 modes -  To be done

     Representation    15      1 modes -  To be done

     Representation    16      1 modes -  To be done

     Representation    17      1 modes -  To be done

     Representation    18      1 modes -  To be done

     Representation    19      1 modes -  To be done

     Representation    20      1 modes -  To be done

     Representation    21      1 modes -  To be done

     Representation    22      1 modes -  To be done

     Representation    23      1 modes -  To be done

     Representation    24      1 modes -  To be done

     Representation    25      1 modes -  To be done

     Representation    26      1 modes -  To be done

     Representation    27      1 modes -  To be done

     Representation    28      1 modes -  To be done

     Representation    29      1 modes -  To be done

     Representation    30      1 modes -  To be done



     Alpha used in Ewald sum =   2.8000
     PHONON       :  14d 2h53m CPU  19d13h43m WALL



     Representation #   1 mode #   1

     Self-consistent Calculation

      iter #   1 total cpu time :******** secs   av.it.:  19.0
      thresh= 1.000E-02 alpha_mix =  0.700 |ddv_scf|^2 =  3.171E-07

      iter #   2 total cpu time :******** secs   av.it.:  36.0
      thresh= 5.632E-05 alpha_mix =  0.700 |ddv_scf|^2 =  2.306E-08

      iter #   3 total cpu time :******** secs   av.it.:  38.6
      thresh= 1.519E-05 alpha_mix =  0.700 |ddv_scf|^2 =  6.160E-08

      iter #   4 total cpu time :******** secs   av.it.:  32.0
      thresh= 2.482E-05 alpha_mix =  0.700 |ddv_scf|^2 =  1.663E-09

      iter #   5 total cpu time :******** secs   av.it.:  39.5
      thresh= 4.078E-06 alpha_mix =  0.700 |ddv_scf|^2 =  9.675E-10

      iter #   6 total cpu time :******** secs   av.it.:  38.1
      thresh= 3.110E-06 alpha_mix =  0.700 |ddv_scf|^2 =  1.303E-10

      iter #   7 total cpu time :******** secs   av.it.:  36.8
      thresh= 1.141E-06 alpha_mix =  0.700 |ddv_scf|^2 =  6.823E-11

      iter #   8 total cpu time :******** secs   av.it.:  33.0
      thresh= 8.260E-07 alpha_mix =  0.700 |ddv_scf|^2 =  7.455E-13

     End of self-consistent calculation

     Convergence has been achieved 


     Representation #   2 mode #   2

     Self-consistent Calculation

      iter #   1 total cpu time :******** secs   av.it.:  14.9
      thresh= 1.000E-02 alpha_mix =  0.700 |ddv_scf|^2 =  2.882E-07

      iter #   2 total cpu time :******** secs   av.it.:  34.7
      thresh= 5.369E-05 alpha_mix =  0.700 |ddv_scf|^2 =  3.146E-07

      iter #   3 total cpu time :******** secs   av.it.:  31.2
      thresh= 5.609E-05 alpha_mix =  0.700 |ddv_scf|^2 =  1.303E-08

      iter #   4 total cpu time :******** secs   av.it.:  33.5
      thresh= 1.141E-05 alpha_mix =  0.700 |ddv_scf|^2 =  4.555E-09

      iter #   5 total cpu time :******** secs   av.it.:  33.7
      thresh= 6.749E-06 alpha_mix =  0.700 |ddv_scf|^2 =  7.402E-11

      iter #   6 total cpu time :******** secs   av.it.:  35.0
      thresh= 8.604E-07 alpha_mix =  0.700 |ddv_scf|^2 =  1.485E-11

      iter #   7 total cpu time :******** secs   av.it.:  36.9
      thresh= 3.853E-07 alpha_mix =  0.700 |ddv_scf|^2 =  5.889E-13

     End of self-consistent calculation

     Convergence has been achieved 


     Representation #   3 mode #   3

     Self-consistent Calculation

      iter #   1 total cpu time :******** secs   av.it.:  15.1
      thresh= 1.000E-02 alpha_mix =  0.700 |ddv_scf|^2 =  9.351E-07

      iter #   2 total cpu time :******** secs   av.it.:  33.7
      thresh= 9.670E-05 alpha_mix =  0.700 |ddv_scf|^2 =  1.700E-06

      iter #   3 total cpu time :******** secs   av.it.:  30.2
      thresh= 1.304E-04 alpha_mix =  0.700 |ddv_scf|^2 =  4.596E-08

      iter #   4 total cpu time :******** secs   av.it.:  32.7
      thresh= 2.144E-05 alpha_mix =  0.700 |ddv_scf|^2 =  6.069E-09

      iter #   5 total cpu time :******** secs   av.it.:  33.8
      thresh= 7.790E-06 alpha_mix =  0.700 |ddv_scf|^2 =  2.961E-10

      iter #   6 total cpu time :******** secs   av.it.:  33.5
      thresh= 1.721E-06 alpha_mix =  0.700 |ddv_scf|^2 =  1.762E-11

      iter #   7 total cpu time :******** secs   av.it.:  37.4
      thresh= 4.198E-07 alpha_mix =  0.700 |ddv_scf|^2 =  9.988E-13

     End of self-consistent calculation

     Convergence has been achieved 


     Representation #   4 mode #   4

     Self-consistent Calculation

      iter #   1 total cpu time :******** secs   av.it.:  19.8
      thresh= 1.000E-02 alpha_mix =  0.700 |ddv_scf|^2 =  5.931E-07

      iter #   2 total cpu time :******** secs   av.it.:  35.9
      thresh= 7.701E-05 alpha_mix =  0.700 |ddv_scf|^2 =  6.336E-07

      iter #   3 total cpu time :******** secs   av.it.:  33.3
      thresh= 7.960E-05 alpha_mix =  0.700 |ddv_scf|^2 =  1.421E-07

      iter #   4 total cpu time :******** secs   av.it.:  33.4
      thresh= 3.770E-05 alpha_mix =  0.700 |ddv_scf|^2 =  1.081E-08

      iter #   5 total cpu time :******** secs   av.it.:  37.1
      thresh= 1.040E-05 alpha_mix =  0.700 |ddv_scf|^2 =  1.190E-09

      iter #   6 total cpu time :******** secs   av.it.:  39.2
      thresh= 3.449E-06 alpha_mix =  0.700 |ddv_scf|^2 =  1.368E-09

      iter #   7 total cpu time :******** secs   av.it.:  37.8
      thresh= 3.699E-06 alpha_mix =  0.700 |ddv_scf|^2 =  2.923E-10

      iter #   8 total cpu time :******** secs   av.it.:  37.4
      thresh= 1.710E-06 alpha_mix =  0.700 |ddv_scf|^2 =  2.551E-11

      iter #   9 total cpu time :******** secs   av.it.:  37.3
      thresh= 5.051E-07 alpha_mix =  0.700 |ddv_scf|^2 =  1.245E-12

      iter #  10 total cpu time :******** secs   av.it.:  38.5
      thresh= 1.116E-07 alpha_mix =  0.700 |ddv_scf|^2 =  1.228E-13

     End of self-consistent calculation

     Convergence has been achieved 


     Representation #   5 mode #   5

     Self-consistent Calculation

      iter #   1 total cpu time :******** secs   av.it.:  14.6
      thresh= 1.000E-02 alpha_mix =  0.700 |ddv_scf|^2 =  8.407E-07

      iter #   2 total cpu time :******** secs   av.it.:  33.7
      thresh= 9.169E-05 alpha_mix =  0.700 |ddv_scf|^2 =  1.129E-06

      iter #   3 total cpu time :******** secs   av.it.:  30.3
      thresh= 1.063E-04 alpha_mix =  0.700 |ddv_scf|^2 =  2.269E-08

      iter #   4 total cpu time :******** secs   av.it.:  33.1
      thresh= 1.506E-05 alpha_mix =  0.700 |ddv_scf|^2 =  5.734E-09

      iter #   5 total cpu time :******** secs   av.it.:  34.0
      thresh= 7.572E-06 alpha_mix =  0.700 |ddv_scf|^2 =  3.844E-10

      iter #   6 total cpu time :******** secs   av.it.:  33.0
      thresh= 1.961E-06 alpha_mix =  0.700 |ddv_scf|^2 =  6.556E-12

      iter #   7 total cpu time :******** secs   av.it.:  38.5
      thresh= 2.561E-07 alpha_mix =  0.700 |ddv_scf|^2 =  2.732E-13

     End of self-consistent calculation

     Convergence has been achieved 


     Representation #   6 mode #   6

     Self-consistent Calculation

      iter #   1 total cpu time :******** secs   av.it.:  18.4
      thresh= 1.000E-02 alpha_mix =  0.700 |ddv_scf|^2 =  6.739E-07

      iter #   2 total cpu time :******** secs   av.it.:  35.3
      thresh= 8.209E-05 alpha_mix =  0.700 |ddv_scf|^2 =  5.658E-07

      iter #   3 total cpu time :******** secs   av.it.:  33.5
      thresh= 7.522E-05 alpha_mix =  0.700 |ddv_scf|^2 =  2.410E-07

      iter #   4 total cpu time :******** secs   av.it.:  32.7
      thresh= 4.909E-05 alpha_mix =  0.700 |ddv_scf|^2 =  4.635E-09

      iter #   5 total cpu time :******** secs   av.it.:  36.6
      thresh= 6.808E-06 alpha_mix =  0.700 |ddv_scf|^2 =  1.270E-09

      iter #   6 total cpu time :******** secs   av.it.:  36.1
      thresh= 3.563E-06 alpha_mix =  0.700 |ddv_scf|^2 =  1.270E-09

      iter #   7 total cpu time :******** secs   av.it.:  35.0
      thresh= 3.564E-06 alpha_mix =  0.700 |ddv_scf|^2 =  2.015E-10

      iter #   8 total cpu time :******** secs   av.it.:  35.6
      thresh= 1.420E-06 alpha_mix =  0.700 |ddv_scf|^2 =  2.497E-11

      iter #   9 total cpu time :******** secs   av.it.:  33.3
      thresh= 4.997E-07 alpha_mix =  0.700 |ddv_scf|^2 =  4.392E-12

      iter #  10 total cpu time :******** secs   av.it.:  31.5
      thresh= 2.096E-07 alpha_mix =  0.700 |ddv_scf|^2 =  3.561E-13

     End of self-consistent calculation

     Convergence has been achieved 


     Representation #   7 mode #   7

     Self-consistent Calculation

      iter #   1 total cpu time :******** secs   av.it.:  20.3
      thresh= 1.000E-02 alpha_mix =  0.700 |ddv_scf|^2 =  4.713E-06

      iter #   2 total cpu time :******** secs   av.it.:  33.6
      thresh= 2.171E-04 alpha_mix =  0.700 |ddv_scf|^2 =  8.116E-06

      iter #   3 total cpu time :******** secs   av.it.:  30.9
      thresh= 2.849E-04 alpha_mix =  0.700 |ddv_scf|^2 =  5.947E-07

      iter #   4 total cpu time :******** secs   av.it.:  31.7
      thresh= 7.712E-05 alpha_mix =  0.700 |ddv_scf|^2 =  2.375E-08

      iter #   5 total cpu time :******** secs   av.it.:  34.0
      thresh= 1.541E-05 alpha_mix =  0.700 |ddv_scf|^2 =  4.177E-09

      iter #   6 total cpu time :******** secs   av.it.:  33.5
      thresh= 6.463E-06 alpha_mix =  0.700 |ddv_scf|^2 =  2.544E-09

      iter #   7 total cpu time :******** secs   av.it.:  36.5
      thresh= 5.044E-06 alpha_mix =  0.700 |ddv_scf|^2 =  2.422E-10

      iter #   8 total cpu time :******** secs   av.it.:  37.5
      thresh= 1.556E-06 alpha_mix =  0.700 |ddv_scf|^2 =  1.177E-10

      iter #   9 total cpu time :******** secs   av.it.:  33.2
      thresh= 1.085E-06 alpha_mix =  0.700 |ddv_scf|^2 =  8.204E-12

      iter #  10 total cpu time :******** secs   av.it.:  37.6
      thresh= 2.864E-07 alpha_mix =  0.700 |ddv_scf|^2 =  1.283E-12

      iter #  11 total cpu time :******** secs   av.it.:  37.2
      thresh= 1.133E-07 alpha_mix =  0.700 |ddv_scf|^2 =  8.188E-14

     End of self-consistent calculation

     Convergence has been achieved 


     Representation #   8 mode #   8

     Self-consistent Calculation

      iter #   1 total cpu time :******** secs   av.it.:  15.2
      thresh= 1.000E-02 alpha_mix =  0.700 |ddv_scf|^2 =  1.031E-06

      iter #   2 total cpu time :******** secs   av.it.:  33.8
      thresh= 1.016E-04 alpha_mix =  0.700 |ddv_scf|^2 =  2.234E-06

      iter #   3 total cpu time :******** secs   av.it.:  30.1
      thresh= 1.495E-04 alpha_mix =  0.700 |ddv_scf|^2 =  4.752E-08

      iter #   4 total cpu time :******** secs   av.it.:  34.1
      thresh= 2.180E-05 alpha_mix =  0.700 |ddv_scf|^2 =  7.408E-09

      iter #   5 total cpu time :******** secs   av.it.:  35.2
      thresh= 8.607E-06 alpha_mix =  0.700 |ddv_scf|^2 =  1.110E-10

      iter #   6 total cpu time :******** secs   av.it.:  37.2
      thresh= 1.054E-06 alpha_mix =  0.700 |ddv_scf|^2 =  4.162E-11

      iter #   7 total cpu time :******** secs   av.it.:  36.5
      thresh= 6.451E-07 alpha_mix =  0.700 |ddv_scf|^2 =  1.460E-12

      iter #   8 total cpu time :******** secs   av.it.:  38.5
      thresh= 1.208E-07 alpha_mix =  0.700 |ddv_scf|^2 =  1.122E-12

      iter #   9 total cpu time :******** secs   av.it.:  36.8
      thresh= 1.059E-07 alpha_mix =  0.700 |ddv_scf|^2 =  4.207E-14

     End of self-consistent calculation

     Convergence has been achieved 


     Representation #   9 mode #   9

     Self-consistent Calculation

      iter #   1 total cpu time :******** secs   av.it.:  15.1
      thresh= 1.000E-02 alpha_mix =  0.700 |ddv_scf|^2 =  7.259E-07

      iter #   2 total cpu time :******** secs   av.it.:  34.2
      thresh= 8.520E-05 alpha_mix =  0.700 |ddv_scf|^2 =  1.458E-06

      iter #   3 total cpu time :******** secs   av.it.:  31.0
      thresh= 1.208E-04 alpha_mix =  0.700 |ddv_scf|^2 =  5.655E-08

      iter #   4 total cpu time :******** secs   av.it.:  32.3
      thresh= 2.378E-05 alpha_mix =  0.700 |ddv_scf|^2 =  3.134E-09

      iter #   5 total cpu time :******** secs   av.it.:  36.1
      thresh= 5.598E-06 alpha_mix =  0.700 |ddv_scf|^2 =  8.103E-11

      iter #   6 total cpu time :******** secs   av.it.:  37.4
      thresh= 9.002E-07 alpha_mix =  0.700 |ddv_scf|^2 =  2.613E-11

      iter #   7 total cpu time :******** secs   av.it.:  37.0
      thresh= 5.112E-07 alpha_mix =  0.700 |ddv_scf|^2 =  8.806E-13

     End of self-consistent calculation

     Convergence has been achieved 


     Representation #  10 mode #  10

     Self-consistent Calculation

      iter #   1 total cpu time :******** secs   av.it.:  18.6
      thresh= 1.000E-02 alpha_mix =  0.700 |ddv_scf|^2 =  2.295E-06

      iter #   2 total cpu time :******** secs   av.it.:  34.0
      thresh= 1.515E-04 alpha_mix =  0.700 |ddv_scf|^2 =  3.139E-06

      iter #   3 total cpu time :******** secs   av.it.:  32.1
      thresh= 1.772E-04 alpha_mix =  0.700 |ddv_scf|^2 =  4.661E-07

      iter #   4 total cpu time :******** secs   av.it.:  31.7
      thresh= 6.827E-05 alpha_mix =  0.700 |ddv_scf|^2 =  2.428E-08

      iter #   5 total cpu time :******** secs   av.it.:  32.9
      thresh= 1.558E-05 alpha_mix =  0.700 |ddv_scf|^2 =  2.181E-09

      iter #   6 total cpu time :******** secs   av.it.:  34.1
      thresh= 4.670E-06 alpha_mix =  0.700 |ddv_scf|^2 =  1.970E-09

      iter #   7 total cpu time :******** secs   av.it.:  36.0
      thresh= 4.439E-06 alpha_mix =  0.700 |ddv_scf|^2 =  2.247E-10

      iter #   8 total cpu time :******** secs   av.it.:  37.7
      thresh= 1.499E-06 alpha_mix =  0.700 |ddv_scf|^2 =  1.116E-10

      iter #   9 total cpu time :******** secs   av.it.:  34.1
      thresh= 1.056E-06 alpha_mix =  0.700 |ddv_scf|^2 =  1.211E-11

      iter #  10 total cpu time :******** secs   av.it.:  36.5
      thresh= 3.480E-07 alpha_mix =  0.700 |ddv_scf|^2 =  1.806E-12

      iter #  11 total cpu time :******** secs   av.it.:  33.8
      thresh= 1.344E-07 alpha_mix =  0.700 |ddv_scf|^2 =  9.644E-14

     End of self-consistent calculation

     Convergence has been achieved 


     Representation #  11 mode #  11

     Self-consistent Calculation

      iter #   1 total cpu time :******** secs   av.it.:  15.1
      thresh= 1.000E-02 alpha_mix =  0.700 |ddv_scf|^2 =  1.150E-06

      iter #   2 total cpu time :******** secs   av.it.:  34.1
      thresh= 1.072E-04 alpha_mix =  0.700 |ddv_scf|^2 =  2.813E-06

      iter #   3 total cpu time :******** secs   av.it.:  30.6
      thresh= 1.677E-04 alpha_mix =  0.700 |ddv_scf|^2 =  5.925E-08

      iter #   4 total cpu time :******** secs   av.it.:  32.7
      thresh= 2.434E-05 alpha_mix =  0.700 |ddv_scf|^2 =  2.851E-09

      iter #   5 total cpu time :******** secs   av.it.:  36.3
      thresh= 5.340E-06 alpha_mix =  0.700 |ddv_scf|^2 =  1.336E-10

      iter #   6 total cpu time :******** secs   av.it.:  37.2
      thresh= 1.156E-06 alpha_mix =  0.700 |ddv_scf|^2 =  2.168E-11

      iter #   7 total cpu time :******** secs   av.it.:  37.3
      thresh= 4.656E-07 alpha_mix =  0.700 |ddv_scf|^2 =  6.843E-13

     End of self-consistent calculation

     Convergence has been achieved 


     Representation #  12 mode #  12

     Self-consistent Calculation

      iter #   1 total cpu time :******** secs   av.it.:  14.6
      thresh= 1.000E-02 alpha_mix =  0.700 |ddv_scf|^2 =  4.144E-07

      iter #   2 total cpu time :******** secs   av.it.:  34.4
      thresh= 6.437E-05 alpha_mix =  0.700 |ddv_scf|^2 =  1.016E-06

      iter #   3 total cpu time :******** secs   av.it.:  30.5
      thresh= 1.008E-04 alpha_mix =  0.700 |ddv_scf|^2 =  1.464E-08

      iter #   4 total cpu time :******** secs   av.it.:  34.7
      thresh= 1.210E-05 alpha_mix =  0.700 |ddv_scf|^2 =  5.004E-09

      iter #   5 total cpu time :******** secs   av.it.:  36.0
      thresh= 7.074E-06 alpha_mix =  0.700 |ddv_scf|^2 =  4.202E-11

      iter #   6 total cpu time :******** secs   av.it.:  37.4
      thresh= 6.482E-07 alpha_mix =  0.700 |ddv_scf|^2 =  5.897E-12

      iter #   7 total cpu time :******** secs   av.it.:  38.3
      thresh= 2.428E-07 alpha_mix =  0.700 |ddv_scf|^2 =  1.382E-12

      iter #   8 total cpu time :******** secs   av.it.:  36.8
      thresh= 1.176E-07 alpha_mix =  0.700 |ddv_scf|^2 =  1.888E-13

     End of self-consistent calculation

     Convergence has been achieved 


     Representation #  13 mode #  13

     Self-consistent Calculation

      iter #   1 total cpu time :******** secs   av.it.:  14.8
      thresh= 1.000E-02 alpha_mix =  0.700 |ddv_scf|^2 =  3.103E-07

      iter #   2 total cpu time :******** secs   av.it.:  34.3
      thresh= 5.570E-05 alpha_mix =  0.700 |ddv_scf|^2 =  4.847E-07

      iter #   3 total cpu time :******** secs   av.it.:  30.5
      thresh= 6.962E-05 alpha_mix =  0.700 |ddv_scf|^2 =  2.052E-08

      iter #   4 total cpu time :******** secs   av.it.:  32.8
      thresh= 1.433E-05 alpha_mix =  0.700 |ddv_scf|^2 =  4.570E-09

      iter #   5 total cpu time :******** secs   av.it.:  32.4
      thresh= 6.760E-06 alpha_mix =  0.700 |ddv_scf|^2 =  9.660E-11

      iter #   6 total cpu time :******** secs   av.it.:  34.0
      thresh= 9.829E-07 alpha_mix =  0.700 |ddv_scf|^2 =  9.544E-12

      iter #   7 total cpu time :******** secs   av.it.:  37.3
      thresh= 3.089E-07 alpha_mix =  0.700 |ddv_scf|^2 =  5.625E-13

     End of self-consistent calculation

     Convergence has been achieved 


     Representation #  14 mode #  14

     Self-consistent Calculation

      iter #   1 total cpu time :******** secs   av.it.:  14.5
      thresh= 1.000E-02 alpha_mix =  0.700 |ddv_scf|^2 =  1.143E-07

      iter #   2 total cpu time :******** secs   av.it.:  35.2
      thresh= 3.380E-05 alpha_mix =  0.700 |ddv_scf|^2 =  5.778E-08

      iter #   3 total cpu time :******** secs   av.it.:  32.7
      thresh= 2.404E-05 alpha_mix =  0.700 |ddv_scf|^2 =  8.567E-09

      iter #   4 total cpu time :******** secs   av.it.:  32.9
      thresh= 9.256E-06 alpha_mix =  0.700 |ddv_scf|^2 =  1.239E-09

      iter #   5 total cpu time :******** secs   av.it.:  33.6
      thresh= 3.520E-06 alpha_mix =  0.700 |ddv_scf|^2 =  1.985E-11

      iter #   6 total cpu time :******** secs   av.it.:  35.3
      thresh= 4.456E-07 alpha_mix =  0.700 |ddv_scf|^2 =  1.051E-11

      iter #   7 total cpu time :******** secs   av.it.:  36.0
      thresh= 3.241E-07 alpha_mix =  0.700 |ddv_scf|^2 =  3.726E-13

     End of self-consistent calculation

     Convergence has been achieved 


     Representation #  15 mode #  15

     Self-consistent Calculation

      iter #   1 total cpu time :******** secs   av.it.:  18.0
      thresh= 1.000E-02 alpha_mix =  0.700 |ddv_scf|^2 =  3.280E-07

      iter #   2 total cpu time :******** secs   av.it.:  35.0
      thresh= 5.727E-05 alpha_mix =  0.700 |ddv_scf|^2 =  1.086E-08

      iter #   3 total cpu time :******** secs   av.it.:  39.1
      thresh= 1.042E-05 alpha_mix =  0.700 |ddv_scf|^2 =  2.887E-08

      iter #   4 total cpu time :******** secs   av.it.:  32.0
      thresh= 1.699E-05 alpha_mix =  0.700 |ddv_scf|^2 =  1.634E-09

      iter #   5 total cpu time :******** secs   av.it.:  37.3
      thresh= 4.042E-06 alpha_mix =  0.700 |ddv_scf|^2 =  6.105E-10

      iter #   6 total cpu time :******** secs   av.it.:  35.7
      thresh= 2.471E-06 alpha_mix =  0.700 |ddv_scf|^2 =  7.619E-11

      iter #   7 total cpu time :******** secs   av.it.:  35.7
      thresh= 8.729E-07 alpha_mix =  0.700 |ddv_scf|^2 =  2.036E-11

      iter #   8 total cpu time :******** secs   av.it.:  36.9
      thresh= 4.512E-07 alpha_mix =  0.700 |ddv_scf|^2 =  3.870E-13

     End of self-consistent calculation

     Convergence has been achieved 


     Representation #  16 mode #  16

     Self-consistent Calculation

      iter #   1 total cpu time :******** secs   av.it.:  14.9
      thresh= 1.000E-02 alpha_mix =  0.700 |ddv_scf|^2 =  4.070E-07

      iter #   2 total cpu time :******** secs   av.it.:  34.5
      thresh= 6.379E-05 alpha_mix =  0.700 |ddv_scf|^2 =  1.012E-06

      iter #   3 total cpu time :******** secs   av.it.:  30.8
      thresh= 1.006E-04 alpha_mix =  0.700 |ddv_scf|^2 =  2.446E-08

      iter #   4 total cpu time :******** secs   av.it.:  34.2
      thresh= 1.564E-05 alpha_mix =  0.700 |ddv_scf|^2 =  6.190E-09

      iter #   5 total cpu time :******** secs   av.it.:  35.7
      thresh= 7.867E-06 alpha_mix =  0.700 |ddv_scf|^2 =  3.683E-11

      iter #   6 total cpu time :******** secs   av.it.:  38.2
      thresh= 6.069E-07 alpha_mix =  0.700 |ddv_scf|^2 =  2.854E-11

      iter #   7 total cpu time :******** secs   av.it.:  35.4
      thresh= 5.342E-07 alpha_mix =  0.700 |ddv_scf|^2 =  1.099E-12

      iter #   8 total cpu time :******** secs   av.it.:  38.0
      thresh= 1.049E-07 alpha_mix =  0.700 |ddv_scf|^2 =  2.103E-13

     End of self-consistent calculation

     Convergence has been achieved 


     Representation #  17 mode #  17

     Self-consistent Calculation

      iter #   1 total cpu time :******** secs   av.it.:  19.6
      thresh= 1.000E-02 alpha_mix =  0.700 |ddv_scf|^2 =  5.547E-07

      iter #   2 total cpu time :******** secs   av.it.:  35.6
      thresh= 7.448E-05 alpha_mix =  0.700 |ddv_scf|^2 =  4.708E-07

      iter #   3 total cpu time :******** secs   av.it.:  33.1
      thresh= 6.862E-05 alpha_mix =  0.700 |ddv_scf|^2 =  1.179E-07

      iter #   4 total cpu time :******** secs   av.it.:  33.7
      thresh= 3.433E-05 alpha_mix =  0.700 |ddv_scf|^2 =  9.794E-09

      iter #   5 total cpu time :******** secs   av.it.:  33.9
      thresh= 9.897E-06 alpha_mix =  0.700 |ddv_scf|^2 =  1.532E-09

      iter #   6 total cpu time :******** secs   av.it.:  35.9
      thresh= 3.914E-06 alpha_mix =  0.700 |ddv_scf|^2 =  1.603E-09

      iter #   7 total cpu time :******** secs   av.it.:  35.6
      thresh= 4.003E-06 alpha_mix =  0.700 |ddv_scf|^2 =  2.637E-10

      iter #   8 total cpu time :******** secs   av.it.:  36.9
      thresh= 1.624E-06 alpha_mix =  0.700 |ddv_scf|^2 =  4.035E-11

      iter #   9 total cpu time :******** secs   av.it.:  33.0
      thresh= 6.352E-07 alpha_mix =  0.700 |ddv_scf|^2 =  3.298E-12

      iter #  10 total cpu time :******** secs   av.it.:  39.2
      thresh= 1.816E-07 alpha_mix =  0.700 |ddv_scf|^2 =  2.016E-12

      iter #  11 total cpu time :******** secs   av.it.:  32.6
      thresh= 1.420E-07 alpha_mix =  0.700 |ddv_scf|^2 =  3.712E-14

     End of self-consistent calculation

     Convergence has been achieved 


     Representation #  18 mode #  18

     Self-consistent Calculation

      iter #   1 total cpu time :******** secs   av.it.:  14.8
      thresh= 1.000E-02 alpha_mix =  0.700 |ddv_scf|^2 =  8.236E-07

      iter #   2 total cpu time :******** secs   av.it.:  33.7
      thresh= 9.075E-05 alpha_mix =  0.700 |ddv_scf|^2 =  1.539E-06

      iter #   3 total cpu time :******** secs   av.it.:  30.6
      thresh= 1.240E-04 alpha_mix =  0.700 |ddv_scf|^2 =  3.358E-08

      iter #   4 total cpu time :******** secs   av.it.:  33.4
      thresh= 1.833E-05 alpha_mix =  0.700 |ddv_scf|^2 =  6.811E-09

      iter #   5 total cpu time :******** secs   av.it.:  34.0
      thresh= 8.253E-06 alpha_mix =  0.700 |ddv_scf|^2 =  3.453E-10

      iter #   6 total cpu time :******** secs   av.it.:  33.3
      thresh= 1.858E-06 alpha_mix =  0.700 |ddv_scf|^2 =  2.659E-11

      iter #   7 total cpu time :******** secs   av.it.:  37.0
      thresh= 5.156E-07 alpha_mix =  0.700 |ddv_scf|^2 =  3.953E-12

      iter #   8 total cpu time :******** secs   av.it.:  33.5
      thresh= 1.988E-07 alpha_mix =  0.700 |ddv_scf|^2 =  9.108E-13

     End of self-consistent calculation

     Convergence has been achieved 


     Representation #  19 mode #  19

     Self-consistent Calculation

      iter #   1 total cpu time :******** secs   av.it.:  14.5
      thresh= 1.000E-02 alpha_mix =  0.700 |ddv_scf|^2 =  2.438E-07

      iter #   2 total cpu time :******** secs   av.it.:  34.6
      thresh= 4.937E-05 alpha_mix =  0.700 |ddv_scf|^2 =  4.611E-07

      iter #   3 total cpu time :******** secs   av.it.:  30.3
      thresh= 6.790E-05 alpha_mix =  0.700 |ddv_scf|^2 =  1.707E-08

      iter #   4 total cpu time :******** secs   av.it.:  33.2
      thresh= 1.306E-05 alpha_mix =  0.700 |ddv_scf|^2 =  5.012E-09

      iter #   5 total cpu time :******** secs   av.it.:  33.3
      thresh= 7.080E-06 alpha_mix =  0.700 |ddv_scf|^2 =  1.120E-10

      iter #   6 total cpu time :******** secs   av.it.:  36.8
      thresh= 1.058E-06 alpha_mix =  0.700 |ddv_scf|^2 =  1.686E-11

      iter #   7 total cpu time :******** secs   av.it.:  36.7
      thresh= 4.107E-07 alpha_mix =  0.700 |ddv_scf|^2 =  1.010E-12

      iter #   8 total cpu time :******** secs   av.it.:  37.6
      thresh= 1.005E-07 alpha_mix =  0.700 |ddv_scf|^2 =  2.235E-13

     End of self-consistent calculation

     Convergence has been achieved 


     Representation #  20 mode #  20

     Self-consistent Calculation

      iter #   1 total cpu time :******** secs   av.it.:  18.9
      thresh= 1.000E-02 alpha_mix =  0.700 |ddv_scf|^2 =  1.555E-06

      iter #   2 total cpu time :******** secs   av.it.:  34.4
      thresh= 1.247E-04 alpha_mix =  0.700 |ddv_scf|^2 =  3.231E-06

      iter #   3 total cpu time :******** secs   av.it.:  31.1
      thresh= 1.797E-04 alpha_mix =  0.700 |ddv_scf|^2 =  2.538E-07

      iter #   4 total cpu time :******** secs   av.it.:  32.7
      thresh= 5.038E-05 alpha_mix =  0.700 |ddv_scf|^2 =  1.194E-08

      iter #   5 total cpu time :******** secs   av.it.:  36.9
      thresh= 1.093E-05 alpha_mix =  0.700 |ddv_scf|^2 =  3.981E-09

      iter #   6 total cpu time :******** secs   av.it.:  35.6
      thresh= 6.309E-06 alpha_mix =  0.700 |ddv_scf|^2 =  6.278E-10

      iter #   7 total cpu time :******** secs   av.it.:  34.8
      thresh= 2.505E-06 alpha_mix =  0.700 |ddv_scf|^2 =  4.131E-10

      iter #   8 total cpu time :******** secs   av.it.:  35.3
      thresh= 2.033E-06 alpha_mix =  0.700 |ddv_scf|^2 =  7.494E-12

      iter #   9 total cpu time :******** secs   av.it.:  37.7
      thresh= 2.738E-07 alpha_mix =  0.700 |ddv_scf|^2 =  1.067E-12

      iter #  10 total cpu time :******** secs   av.it.:  35.4
      thresh= 1.033E-07 alpha_mix =  0.700 |ddv_scf|^2 =  4.528E-13

     End of self-consistent calculation

     Convergence has been achieved 


     Representation #  21 mode #  21

     Self-consistent Calculation

      iter #   1 total cpu time :******** secs   av.it.:  18.6
      thresh= 1.000E-02 alpha_mix =  0.700 |ddv_scf|^2 =  4.724E-06

      iter #   2 total cpu time :******** secs   av.it.:  33.6
      thresh= 2.174E-04 alpha_mix =  0.700 |ddv_scf|^2 =  1.039E-05

      iter #   3 total cpu time :******** secs   av.it.:  30.4
      thresh= 3.223E-04 alpha_mix =  0.700 |ddv_scf|^2 =  4.998E-07

      iter #   4 total cpu time :******** secs   av.it.:  32.1
      thresh= 7.070E-05 alpha_mix =  0.700 |ddv_scf|^2 =  4.011E-08

      iter #   5 total cpu time :******** secs   av.it.:  33.1
      thresh= 2.003E-05 alpha_mix =  0.700 |ddv_scf|^2 =  2.454E-09

      iter #   6 total cpu time :******** secs   av.it.:  35.4
      thresh= 4.954E-06 alpha_mix =  0.700 |ddv_scf|^2 =  4.888E-09

      iter #   7 total cpu time :******** secs   av.it.:  34.7
      thresh= 6.992E-06 alpha_mix =  0.700 |ddv_scf|^2 =  2.109E-10

      iter #   8 total cpu time :******** secs   av.it.:  37.7
      thresh= 1.452E-06 alpha_mix =  0.700 |ddv_scf|^2 =  1.515E-10

      iter #   9 total cpu time :******** secs   av.it.:  33.3
      thresh= 1.231E-06 alpha_mix =  0.700 |ddv_scf|^2 =  1.795E-11

      iter #  10 total cpu time :******** secs   av.it.:  36.6
      thresh= 4.237E-07 alpha_mix =  0.700 |ddv_scf|^2 =  1.030E-12

      iter #  11 total cpu time :******** secs   av.it.:  38.1
      thresh= 1.015E-07 alpha_mix =  0.700 |ddv_scf|^2 =  1.928E-13

     End of self-consistent calculation

     Convergence has been achieved 


     Representation #  22 mode #  22

     Self-consistent Calculation

      iter #   1 total cpu time :******** secs   av.it.:  15.2
      thresh= 1.000E-02 alpha_mix =  0.700 |ddv_scf|^2 =  1.342E-06

      iter #   2 total cpu time :******** secs   av.it.:  33.5
      thresh= 1.159E-04 alpha_mix =  0.700 |ddv_scf|^2 =  3.037E-06

      iter #   3 total cpu time :******** secs   av.it.:  30.2
      thresh= 1.743E-04 alpha_mix =  0.700 |ddv_scf|^2 =  3.647E-08

      iter #   4 total cpu time :******** secs   av.it.:  33.7
      thresh= 1.910E-05 alpha_mix =  0.700 |ddv_scf|^2 =  7.279E-09

      iter #   5 total cpu time :******** secs   av.it.:  35.3
      thresh= 8.532E-06 alpha_mix =  0.700 |ddv_scf|^2 =  7.254E-10

      iter #   6 total cpu time :******** secs   av.it.:  32.6
      thresh= 2.693E-06 alpha_mix =  0.700 |ddv_scf|^2 =  2.262E-11

      iter #   7 total cpu time :******** secs   av.it.:  37.7
      thresh= 4.756E-07 alpha_mix =  0.700 |ddv_scf|^2 =  3.524E-12

      iter #   8 total cpu time :******** secs   av.it.:  37.7
      thresh= 1.877E-07 alpha_mix =  0.700 |ddv_scf|^2 =  2.038E-12

      iter #   9 total cpu time :******** secs   av.it.:  36.8
      thresh= 1.428E-07 alpha_mix =  0.700 |ddv_scf|^2 =  7.701E-14

     End of self-consistent calculation

     Convergence has been achieved 


     Representation #  23 mode #  23

     Self-consistent Calculation

      iter #   1 total cpu time :******** secs   av.it.:  14.4
      thresh= 1.000E-02 alpha_mix =  0.700 |ddv_scf|^2 =  1.688E-07

      iter #   2 total cpu time :******** secs   av.it.:  35.2
      thresh= 4.108E-05 alpha_mix =  0.700 |ddv_scf|^2 =  1.401E-07

      iter #   3 total cpu time :******** secs   av.it.:  33.2
      thresh= 3.743E-05 alpha_mix =  0.700 |ddv_scf|^2 =  5.228E-08

      iter #   4 total cpu time :******** secs   av.it.:  31.1
      thresh= 2.287E-05 alpha_mix =  0.700 |ddv_scf|^2 =  5.405E-10

      iter #   5 total cpu time :******** secs   av.it.:  37.2
      thresh= 2.325E-06 alpha_mix =  0.700 |ddv_scf|^2 =  3.398E-11

      iter #   6 total cpu time :******** secs   av.it.:  37.7
      thresh= 5.829E-07 alpha_mix =  0.700 |ddv_scf|^2 =  3.150E-11

      iter #   7 total cpu time :******** secs   av.it.:  31.4
      thresh= 5.613E-07 alpha_mix =  0.700 |ddv_scf|^2 =  3.644E-13

     End of self-consistent calculation

     Convergence has been achieved 


     Representation #  24 mode #  24

     Self-consistent Calculation

      iter #   1 total cpu time :******** secs   av.it.:  20.3
      thresh= 1.000E-02 alpha_mix =  0.700 |ddv_scf|^2 =  1.899E-06

      iter #   2 total cpu time :******** secs   av.it.:  34.5
      thresh= 1.378E-04 alpha_mix =  0.700 |ddv_scf|^2 =  4.655E-06

      iter #   3 total cpu time :******** secs   av.it.:  30.7
      thresh= 2.158E-04 alpha_mix =  0.700 |ddv_scf|^2 =  8.312E-08

      iter #   4 total cpu time :******** secs   av.it.:  35.4
      thresh= 2.883E-05 alpha_mix =  0.700 |ddv_scf|^2 =  5.874E-08

      iter #   5 total cpu time :******** secs   av.it.:  32.8
      thresh= 2.424E-05 alpha_mix =  0.700 |ddv_scf|^2 =  2.817E-09

      iter #   6 total cpu time :******** secs   av.it.:  34.4
      thresh= 5.308E-06 alpha_mix =  0.700 |ddv_scf|^2 =  1.624E-09

      iter #   7 total cpu time :******** secs   av.it.:  37.3
      thresh= 4.030E-06 alpha_mix =  0.700 |ddv_scf|^2 =  1.137E-10

      iter #   8 total cpu time :******** secs   av.it.:  38.1
      thresh= 1.066E-06 alpha_mix =  0.700 |ddv_scf|^2 =  7.184E-11

      iter #   9 total cpu time :******** secs   av.it.:  35.9
      thresh= 8.476E-07 alpha_mix =  0.700 |ddv_scf|^2 =  1.364E-11

      iter #  10 total cpu time :******** secs   av.it.:  36.9
      thresh= 3.693E-07 alpha_mix =  0.700 |ddv_scf|^2 =  4.366E-13

     End of self-consistent calculation

     Convergence has been achieved 


     Representation #  25 mode #  25

     Self-consistent Calculation

      iter #   1 total cpu time :******** secs   av.it.:  15.2
      thresh= 1.000E-02 alpha_mix =  0.700 |ddv_scf|^2 =  1.097E-06

      iter #   2 total cpu time :******** secs   av.it.:  33.9
      thresh= 1.047E-04 alpha_mix =  0.700 |ddv_scf|^2 =  2.849E-06

      iter #   3 total cpu time :******** secs   av.it.:  30.5
      thresh= 1.688E-04 alpha_mix =  0.700 |ddv_scf|^2 =  4.546E-08

      iter #   4 total cpu time :******** secs   av.it.:  34.5
      thresh= 2.132E-05 alpha_mix =  0.700 |ddv_scf|^2 =  1.093E-08

      iter #   5 total cpu time :******** secs   av.it.:  35.5
      thresh= 1.046E-05 alpha_mix =  0.700 |ddv_scf|^2 =  1.204E-10

      iter #   6 total cpu time :******** secs   av.it.:  33.7
      thresh= 1.097E-06 alpha_mix =  0.700 |ddv_scf|^2 =  1.617E-11

      iter #   7 total cpu time :******** secs   av.it.:  37.6
      thresh= 4.021E-07 alpha_mix =  0.700 |ddv_scf|^2 =  4.990E-12

      iter #   8 total cpu time :******** secs   av.it.:  35.0
      thresh= 2.234E-07 alpha_mix =  0.700 |ddv_scf|^2 =  4.067E-13

     End of self-consistent calculation

     Convergence has been achieved 


     Representation #  26 mode #  26

     Self-consistent Calculation

      iter #   1 total cpu time :******** secs   av.it.:  15.0
      thresh= 1.000E-02 alpha_mix =  0.700 |ddv_scf|^2 =  1.373E-06

      iter #   2 total cpu time :******** secs   av.it.:  33.6
      thresh= 1.172E-04 alpha_mix =  0.700 |ddv_scf|^2 =  3.501E-06

      iter #   3 total cpu time :******** secs   av.it.:  29.8
      thresh= 1.871E-04 alpha_mix =  0.700 |ddv_scf|^2 =  5.314E-08

      iter #   4 total cpu time :******** secs   av.it.:  33.2
      thresh= 2.305E-05 alpha_mix =  0.700 |ddv_scf|^2 =  1.199E-08

      iter #   5 total cpu time :******** secs   av.it.:  32.9
      thresh= 1.095E-05 alpha_mix =  0.700 |ddv_scf|^2 =  6.159E-10

      iter #   6 total cpu time :******** secs   av.it.:  35.5
      thresh= 2.482E-06 alpha_mix =  0.700 |ddv_scf|^2 =  2.137E-11

      iter #   7 total cpu time :******** secs   av.it.:  37.4
      thresh= 4.622E-07 alpha_mix =  0.700 |ddv_scf|^2 =  3.189E-12

      iter #   8 total cpu time :******** secs   av.it.:  37.9
      thresh= 1.786E-07 alpha_mix =  0.700 |ddv_scf|^2 =  1.038E-12

      iter #   9 total cpu time :******** secs   av.it.:  37.0
      thresh= 1.019E-07 alpha_mix =  0.700 |ddv_scf|^2 =  1.015E-13

     End of self-consistent calculation

     Convergence has been achieved 


     Representation #  27 mode #  27

     Self-consistent Calculation

      iter #   1 total cpu time :******** secs   av.it.:  20.4
      thresh= 1.000E-02 alpha_mix =  0.700 |ddv_scf|^2 =  3.208E-06

      iter #   2 total cpu time :******** secs   av.it.:  34.3
      thresh= 1.791E-04 alpha_mix =  0.700 |ddv_scf|^2 =  6.560E-06

      iter #   3 total cpu time :******** secs   av.it.:  31.8
      thresh= 2.561E-04 alpha_mix =  0.700 |ddv_scf|^2 =  4.763E-07

      iter #   4 total cpu time :******** secs   av.it.:  32.3
      thresh= 6.901E-05 alpha_mix =  0.700 |ddv_scf|^2 =  3.751E-08

      iter #   5 total cpu time :******** secs   av.it.:  33.2
      thresh= 1.937E-05 alpha_mix =  0.700 |ddv_scf|^2 =  2.652E-09

      iter #   6 total cpu time :******** secs   av.it.:  35.8
      thresh= 5.150E-06 alpha_mix =  0.700 |ddv_scf|^2 =  2.526E-09

      iter #   7 total cpu time :******** secs   av.it.:  36.9
      thresh= 5.026E-06 alpha_mix =  0.700 |ddv_scf|^2 =  1.558E-10

      iter #   8 total cpu time :******** secs   av.it.:  38.9
      thresh= 1.248E-06 alpha_mix =  0.700 |ddv_scf|^2 =  1.856E-10

      iter #   9 total cpu time :******** secs   av.it.:  33.7
      thresh= 1.362E-06 alpha_mix =  0.700 |ddv_scf|^2 =  2.062E-11

      iter #  10 total cpu time :******** secs   av.it.:  36.7
      thresh= 4.541E-07 alpha_mix =  0.700 |ddv_scf|^2 =  1.863E-12

      iter #  11 total cpu time :******** secs   av.it.:  37.5
      thresh= 1.365E-07 alpha_mix =  0.700 |ddv_scf|^2 =  5.046E-13

     End of self-consistent calculation

     Convergence has been achieved 


     Representation #  28 mode #  28

     Self-consistent Calculation

      iter #   1 total cpu time :******** secs   av.it.:  18.5
      thresh= 1.000E-02 alpha_mix =  0.700 |ddv_scf|^2 =  1.014E-06

      iter #   2 total cpu time :******** secs   av.it.:  34.4
      thresh= 1.007E-04 alpha_mix =  0.700 |ddv_scf|^2 =  1.812E-06

      iter #   3 total cpu time :******** secs   av.it.:  31.0
      thresh= 1.346E-04 alpha_mix =  0.700 |ddv_scf|^2 =  1.684E-07

      iter #   4 total cpu time :******** secs   av.it.:  32.8
      thresh= 4.103E-05 alpha_mix =  0.700 |ddv_scf|^2 =  1.524E-08

      iter #   5 total cpu time :******** secs   av.it.:  33.4
      thresh= 1.235E-05 alpha_mix =  0.700 |ddv_scf|^2 =  1.813E-09

      iter #   6 total cpu time :******** secs   av.it.:  35.7
      thresh= 4.257E-06 alpha_mix =  0.700 |ddv_scf|^2 =  3.022E-09

      iter #   7 total cpu time :******** secs   av.it.:  34.8
      thresh= 5.497E-06 alpha_mix =  0.700 |ddv_scf|^2 =  3.404E-10

      iter #   8 total cpu time :******** secs   av.it.:  35.9
      thresh= 1.845E-06 alpha_mix =  0.700 |ddv_scf|^2 =  3.008E-11

      iter #   9 total cpu time :******** secs   av.it.:  34.7
      thresh= 5.484E-07 alpha_mix =  0.700 |ddv_scf|^2 =  3.794E-12

      iter #  10 total cpu time :******** secs   av.it.:  37.2
      thresh= 1.948E-07 alpha_mix =  0.700 |ddv_scf|^2 =  1.854E-13

     End of self-consistent calculation

     Convergence has been achieved 


     Representation #  29 mode #  29

     Self-consistent Calculation

      iter #   1 total cpu time :******** secs   av.it.:  15.4
      thresh= 1.000E-02 alpha_mix =  0.700 |ddv_scf|^2 =  1.320E-06

      iter #   2 total cpu time :******** secs   av.it.:  34.0
      thresh= 1.149E-04 alpha_mix =  0.700 |ddv_scf|^2 =  3.725E-06

      iter #   3 total cpu time :******** secs   av.it.:  30.6
      thresh= 1.930E-04 alpha_mix =  0.700 |ddv_scf|^2 =  5.447E-08

      iter #   4 total cpu time :******** secs   av.it.:  34.4
      thresh= 2.334E-05 alpha_mix =  0.700 |ddv_scf|^2 =  9.061E-09

      iter #   5 total cpu time :******** secs   av.it.:  35.8
      thresh= 9.519E-06 alpha_mix =  0.700 |ddv_scf|^2 =  4.340E-11

      iter #   6 total cpu time :******** secs   av.it.:  39.1
      thresh= 6.588E-07 alpha_mix =  0.700 |ddv_scf|^2 =  3.427E-11

      iter #   7 total cpu time :******** secs   av.it.:  32.8
      thresh= 5.854E-07 alpha_mix =  0.700 |ddv_scf|^2 =  6.680E-13

     End of self-consistent calculation

     Convergence has been achieved 


     Representation #  30 mode #  30

     Self-consistent Calculation

      iter #   1 total cpu time :******** secs   av.it.:  14.4
      thresh= 1.000E-02 alpha_mix =  0.700 |ddv_scf|^2 =  9.733E-08

      iter #   2 total cpu time :******** secs   av.it.:  35.0
      thresh= 3.120E-05 alpha_mix =  0.700 |ddv_scf|^2 =  6.477E-08

      iter #   3 total cpu time :******** secs   av.it.:  32.3
      thresh= 2.545E-05 alpha_mix =  0.700 |ddv_scf|^2 =  1.632E-08

      iter #   4 total cpu time :******** secs   av.it.:  32.1
      thresh= 1.278E-05 alpha_mix =  0.700 |ddv_scf|^2 =  7.463E-10

      iter #   5 total cpu time :******** secs   av.it.:  33.9
      thresh= 2.732E-06 alpha_mix =  0.700 |ddv_scf|^2 =  3.297E-11

      iter #   6 total cpu time :******** secs   av.it.:  34.4
      thresh= 5.742E-07 alpha_mix =  0.700 |ddv_scf|^2 =  5.069E-12

      iter #   7 total cpu time :******** secs   av.it.:  37.1
      thresh= 2.251E-07 alpha_mix =  0.700 |ddv_scf|^2 =  1.836E-13

     End of self-consistent calculation

     Convergence has been achieved 

     Number of q in the star =    1
     List of q in the star:
          1  -0.501113778  -0.124065451  -0.437671710

     Diagonalizing the dynamical matrix

     q = (   -0.501113778  -0.124065451  -0.437671710 ) 

 **************************************************************************
     freq (    1) =       1.120587 [THz] =      37.378768 [cm-1]
     freq (    2) =       1.656345 [THz] =      55.249733 [cm-1]
     freq (    3) =       2.275951 [THz] =      75.917559 [cm-1]
     freq (    4) =       2.669500 [THz] =      89.044934 [cm-1]
     freq (    5) =       2.911816 [THz] =      97.127733 [cm-1]
     freq (    6) =       3.470606 [THz] =     115.766952 [cm-1]
     freq (    7) =       3.914425 [THz] =     130.571153 [cm-1]
     freq (    8) =       4.038686 [THz] =     134.716077 [cm-1]
     freq (    9) =       5.350517 [THz] =     178.474029 [cm-1]
     freq (   10) =       5.756990 [THz] =     192.032506 [cm-1]
     freq (   11) =       6.099738 [THz] =     203.465361 [cm-1]
     freq (   12) =       7.034519 [THz] =     234.646304 [cm-1]
     freq (   13) =       7.233008 [THz] =     241.267178 [cm-1]
     freq (   14) =       7.544254 [THz] =     251.649226 [cm-1]
     freq (   15) =       7.965727 [THz] =     265.708049 [cm-1]
     freq (   16) =       8.866399 [THz] =     295.751239 [cm-1]
     freq (   17) =       9.558738 [THz] =     318.845183 [cm-1]
     freq (   18) =       9.617060 [THz] =     320.790606 [cm-1]
     freq (   19) =      10.030267 [THz] =     334.573710 [cm-1]
     freq (   20) =      10.301631 [THz] =     343.625407 [cm-1]
     freq (   21) =      10.603446 [THz] =     353.692877 [cm-1]
     freq (   22) =      11.407178 [THz] =     380.502516 [cm-1]
     freq (   23) =      13.835221 [THz] =     461.493285 [cm-1]
     freq (   24) =      14.179636 [THz] =     472.981748 [cm-1]
     freq (   25) =      14.259765 [THz] =     475.654548 [cm-1]
     freq (   26) =      14.356535 [THz] =     478.882459 [cm-1]
     freq (   27) =      16.590551 [THz] =     553.401225 [cm-1]
     freq (   28) =      16.905565 [THz] =     563.908960 [cm-1]
     freq (   29) =      16.968015 [THz] =     565.992041 [cm-1]
     freq (   30) =      18.304138 [THz] =     610.560333 [cm-1]
 **************************************************************************

     Mode symmetry, C_i (-1)    point group:

     freq (   1-   1) =         37.4  [cm-1]   --> A_g                
     freq (   2-   2) =         55.2  [cm-1]   --> A_u                
     freq (   3-   3) =         75.9  [cm-1]   --> A_g                
     freq (   4-   4) =         89.0  [cm-1]   --> A_g                
     freq (   5-   5) =         97.1  [cm-1]   --> A_u                
     freq (   6-   6) =        115.8  [cm-1]   --> A_u                
     freq (   7-   7) =        130.6  [cm-1]   --> A_u                
     freq (   8-   8) =        134.7  [cm-1]   --> A_g                
     freq (   9-   9) =        178.5  [cm-1]   --> A_u                
     freq (  10-  10) =        192.0  [cm-1]   --> A_g                
     freq (  11-  11) =        203.5  [cm-1]   --> A_u                
     freq (  12-  12) =        234.6  [cm-1]   --> A_g                
     freq (  13-  13) =        241.3  [cm-1]   --> A_u                
     freq (  14-  14) =        251.6  [cm-1]   --> A_g                
     freq (  15-  15) =        265.7  [cm-1]   --> A_u                
     freq (  16-  16) =        295.8  [cm-1]   --> A_g                
     freq (  17-  17) =        318.8  [cm-1]   --> A_u                
     freq (  18-  18) =        320.8  [cm-1]   --> A_g                
     freq (  19-  19) =        334.6  [cm-1]   --> A_g                
     freq (  20-  20) =        343.6  [cm-1]   --> A_u                
     freq (  21-  21) =        353.7  [cm-1]   --> A_g                
     freq (  22-  22) =        380.5  [cm-1]   --> A_u                
     freq (  23-  23) =        461.5  [cm-1]   --> A_u                
     freq (  24-  24) =        473.0  [cm-1]   --> A_g                
     freq (  25-  25) =        475.7  [cm-1]   --> A_g                
     freq (  26-  26) =        478.9  [cm-1]   --> A_u                
     freq (  27-  27) =        553.4  [cm-1]   --> A_g                
     freq (  28-  28) =        563.9  [cm-1]   --> A_u                
     freq (  29-  29) =        566.0  [cm-1]   --> A_u                
     freq (  30-  30) =        610.6  [cm-1]   --> A_g                

     init_run     :      4.31s CPU      4.88s WALL (       7 calls)
     electrons    :   9612.80s CPU  10097.12s WALL (       7 calls)

     Called by init_run:
     wfcinit      :      0.00s CPU      0.01s WALL (       7 calls)
     potinit      :      0.69s CPU      1.17s WALL (       7 calls)
     hinit0       :      2.55s CPU      2.59s WALL (       7 calls)

     Called by electrons:
     c_bands      :   9612.79s CPU  10097.11s WALL (       7 calls)
     v_of_rho     :      0.17s CPU      0.18s WALL (       8 calls)
     newd         :      0.26s CPU      0.28s WALL (       8 calls)
     PAW_pot      :      0.56s CPU      0.58s WALL (       8 calls)

     Called by c_bands:
     init_us_2    :    454.25s CPU    659.03s WALL ( 2260272 calls)
     init_us_2:cp :    448.92s CPU    652.93s WALL ( 2260272 calls)
     cegterg      :   8996.70s CPU   9423.22s WALL (   24506 calls)

     Called by *egterg:
     cdiaghg      :   3487.40s CPU   3652.91s WALL (  417930 calls)
     h_psi        : 677784.74s CPU 703642.23s WALL (89648053 calls)
     s_psi        :  31595.39s CPU  34389.84s WALL (******** calls)
     g_psi        :     23.29s CPU     23.86s WALL (  405778 calls)

     Called by h_psi:
     h_psi:calbec :  34310.86s CPU  38594.99s WALL (89648053 calls)
     vloc_psi     : 626037.09s CPU 645640.62s WALL (89648053 calls)
     add_vuspsi   :  15737.00s CPU  17649.55s WALL (89648053 calls)

     General routines
     calbec       :  82458.71s CPU  93173.60s WALL (******** calls)
     fft          :     25.48s CPU     32.97s WALL (   43286 calls)
     ffts         :  35764.96s CPU  38335.11s WALL (  246108 calls)
     fftw         : 788156.78s CPU 820927.89s WALL (******** calls)
     interpolate  :      8.50s CPU      9.65s WALL (    4308 calls)
     davcio       :   1034.26s CPU 441370.66s WALL ( 9694091 calls)

     Parallel routines

     PHONON       :  16d 1h 4m CPU  22d 1h25m WALL

     INITIALIZATION: 
     phq_setup    :      0.44s CPU      0.61s WALL (       8 calls)
     phq_init     :   2501.70s CPU   2661.41s WALL (       8 calls)

     phq_init     :   2501.70s CPU   2661.41s WALL (       8 calls)
     set_drhoc    :      4.15s CPU      4.17s WALL (      24 calls)
     init_vloc    :      1.20s CPU      1.21s WALL (       8 calls)
     init_us_1    :      0.35s CPU      0.38s WALL (       8 calls)
     init_us_2    :    454.25s CPU    659.03s WALL ( 2260272 calls)
     newd         :      0.26s CPU      0.28s WALL (       8 calls)
     dvanqq       :     15.63s CPU     15.76s WALL (       8 calls)
     drho         :   2126.32s CPU   2238.18s WALL (       8 calls)

     DYNAMICAL MATRIX:
     dynmat0      :    205.47s CPU    228.67s WALL (       8 calls)
     phqscf       : *********s CPU *********s WALL (       8 calls)
     dynmatrix    :      1.23s CPU      1.74s WALL (       8 calls)

     phqscf       : *********s CPU *********s WALL (       8 calls)
     solve_linter : *********s CPU *********s WALL (     240 calls)
     drhodv       :   3494.96s CPU   4059.24s WALL (     240 calls)

     dynmat0      :    205.47s CPU    228.67s WALL (       8 calls)
     dynmat_us    :    201.46s CPU    222.21s WALL (       8 calls)
     d2ionq       :      0.54s CPU      0.55s WALL (       8 calls)
     dynmatcc     :      3.24s CPU      3.29s WALL (       8 calls)

     dynmat_us    :    201.46s CPU    222.21s WALL (       8 calls)
     addusdynmat  :      0.01s CPU      0.01s WALL (       8 calls)

     phqscf       : *********s CPU *********s WALL (       8 calls)
     solve_linter : *********s CPU *********s WALL (     240 calls)

     solve_linter : *********s CPU *********s WALL (     240 calls)
     dvqpsi_us    :  45345.39s CPU  48136.90s WALL (  234360 calls)
     sth_kernel   : *********s CPU *********s WALL (    2013 calls)
     apply_dpot_b : 200946.12s CPU 214992.46s WALL ( 1546776 calls)
     ortho        :  45040.10s CPU  48393.70s WALL ( 1760304 calls)
     cgsolve      : 787302.52s CPU 824243.10s WALL ( 1760304 calls)
     incdrhoscf   :  26319.05s CPU  27556.57s WALL ( 1760304 calls)
     addusddens   :    186.58s CPU    784.59s WALL (    2247 calls)
     dv_of_drho   :     20.73s CPU     32.05s WALL (    2028 calls)
     mix_pot      :    186.04s CPU    404.59s WALL (    2013 calls)
     psymdvscf    :    749.95s CPU    816.10s WALL (    2007 calls)
     newdq        :    147.79s CPU    149.82s WALL (    2013 calls)
     adddvscf     :   2208.91s CPU   2249.66s WALL ( 1546776 calls)
     drhodvus     :     53.18s CPU     93.50s WALL (     240 calls)

     dvqpsi_us    :  45345.39s CPU  48136.90s WALL (  234360 calls)
     dvqpsi_us_on :   5618.23s CPU   5688.19s WALL (  234360 calls)

     cgsolve      : 787302.52s CPU 824243.10s WALL ( 1760304 calls)
     ch_psi       : 768454.75s CPU 803993.01s WALL (89205617 calls)

     ch_psi       : 768454.75s CPU 803993.01s WALL (89205617 calls)
     h_psi        : 677784.74s CPU 703642.23s WALL (89648053 calls)
     last         :  75038.02s CPU  83670.68s WALL (89205617 calls)

     h_psi        : 677784.74s CPU 703642.23s WALL (89648053 calls)
     add_vuspsi   :  15737.00s CPU  17649.55s WALL (89648053 calls)

     incdrhoscf   :  26319.05s CPU  27556.57s WALL ( 1760304 calls)
     addusdbec    :   1110.84s CPU   1275.44s WALL ( 1968624 calls)

     drhodvus     :     53.18s CPU     93.50s WALL (     240 calls)

      General routines
     calbec       :  82458.71s CPU  93173.60s WALL (******** calls)
     fft          :     25.48s CPU     32.97s WALL (   43286 calls)
     ffts         :  35764.96s CPU  38335.11s WALL (  246108 calls)
     fftw         : 788156.78s CPU 820927.89s WALL (******** calls)
     davcio       :   1034.26s CPU 441370.66s WALL ( 9694091 calls)
     write_rec    :      3.12s CPU    407.52s WALL (    2253 calls)


     PHONON       :  16d 1h 4m CPU  22d 1h25m WALL


   This run was terminated on:   0:19:17  19Jul2026            

=------------------------------------------------------------------------------=
   JOB DONE.
=------------------------------------------------------------------------------=
