0.000000000000000000e+00 -2.361299708528516728e-01 -4.469988488647216873e-02 -2.021220265681955541e-07 -1.100165139822688300e-07 1.715023846668783694e-07 3.896715039803227976e-01 3.050864495434646884e+00 3.051410892828380739e+00 4.264292867529154485e+00 4.265174267744537673e+00 7.089264626433475769e+00 7.091926107317259032e+00 8.486543828526450284e+00 8.487293821929471349e+00 8.781905776641387718e+00 8.789423065299766691e+00 1.040042960260522698e+01 1.040083033974629245e+01 1.105264935948066629e+01 1.105287150094782689e+01 1.175093439666748907e+01 1.175475640075605810e+01 1.280590212116236692e+01 1.280733342233204475e+01 1.525092635737819080e+01 1.525141774071061285e+01 1.781528607297993005e+01 1.781747279960800867e+01 2.292385250436661082e+01 2.292428105229754465e+01
1.519769838211115992e-03 -2.257349212003858241e-01 -6.137328648498494715e-02 -1.044132536781574444e-02 6.427229310014816177e-02 1.007719250447778742e-01 3.995081153058357981e-01 3.051102544961919794e+00 3.051649193179814201e+00 4.264666143764734407e+00 4.265548568823206210e+00 7.089370329001915216e+00 7.092033598113270720e+00 8.486803870163674546e+00 8.487558828283813028e+00 8.781686375930977562e+00 8.789194802610959201e+00 1.040034522062870437e+01 1.040074565090034042e+01 1.105264564112000869e+01 1.105286835020627123e+01 1.175101592806175255e+01 1.175483592970947377e+01 1.280593811024314377e+01 1.280736916560878313e+01 1.525080158092806393e+01 1.525129302741129500e+01 1.781512193916847764e+01 1.781730855217863052e+01 2.292393478979752075e+01 2.292436318742905144e+01
3.039539676422231985e-03 -1.919343059993386391e-01 -6.639979848904503656e-02 -1.940359637257902878e-02 1.241291618677198699e-01 1.925241410958447585e-01 4.278848959768246085e-01 3.051816709440772435e+00 3.052364102951493408e+00 4.265785966256022022e+00 4.266671464061032815e+00 7.089686616977270539e+00 7.092355215436842109e+00 8.487583414485424527e+00 8.488353350179512091e+00 8.781029695725358408e+00 8.788511474935816636e+00 1.040009261250538586e+01 1.040049213227823088e+01 1.105263418431256284e+01 1.105285860098336492e+01 1.175126091657886107e+01 1.175507491149874362e+01 1.280604577591577886e+01 1.280747609290849276e+01 1.525042724199508370e+01 1.525091887803131385e+01 1.781462929265116912e+01 1.781681556476278772e+01 2.292418156681217312e+01 2.292460951364450494e+01
4.559309514633348194e-03 -1.204207151527913466e-01 -6.554036554298497963e-02 -2.407602165230843597e-02 1.835181946721061164e-01 2.854565793474911906e-01 4.720118827312131948e-01 3.053007039983390403e+00 3.053555651702357210e+00 4.267652315736994773e+00 4.268542928830782124e+00 7.090211038498251739e+00 7.092888402353310973e+00 8.488880655157361232e+00 8.489675835789483926e+00 8.779940361050774911e+00 8.787377518424564826e+00 1.039967338704293276e+01 1.040007142300265741e+01 1.105261408882584462e+01 1.105284136691597041e+01 1.175167054033377134e+01 1.175547452612842392e+01 1.280622421366266472e+01 1.280765329684040488e+01 1.524980331320449345e+01 1.525029526549315584e+01 1.781380739993375784e+01 1.781599310373233180e+01 2.292459259767386470e+01 2.292501979350467423e+01
6.079079352844464837e-03 -7.283130159620244959e-02 -3.598542851768157108e-02 1.322223060843644715e-01 2.430459590151742844e-01 3.787507115138538660e-01 5.285698467378879828e-01 3.054673633264310073e+00 3.055223900130653369e+00 4.270265158041144815e+00 4.271162919985075135e+00 7.090939531460061396e+00 7.093628924673098801e+00 8.490692361440000724e+00 8.491523492930488359e+00 8.778426282806906400e+00 8.785800514680012441e+00 1.039909021026909564e+01 1.039948623956713547e+01 1.105258387068745307e+01 1.105281518612743596e+01 1.175224674659472157e+01 1.175603672436517755e+01 1.280647191659565109e+01 1.280789926575841520e+01 1.524892975350145718e+01 1.524942214922238826e+01 1.781265504436633407e+01 1.781483995221532624e+01 2.292516748647763336e+01 2.292559363160221508e+01
7.598849191055581480e-03 -7.215605808889478945e-02 -3.821423249971950264e-02 2.347231359205655676e-01 3.026762759410058790e-01 4.720610687529080973e-01 5.944600773599085786e-01 3.056816649052040535e+00 3.057368957500528506e+00 4.273624441048732514e+00 4.274531372729063250e+00 7.091866459665967071e+00 7.094570911447781292e+00 8.493013529978487242e+00 8.493891963289136982e+00 8.776498979684349777e+00 8.783791490006480629e+00 1.039834678263592060e+01 1.039874035289969534e+01 1.105254148658196023e+01 1.105277804416786402e+01 1.175299222752830453e+01 1.175676420399772404e+01 1.280678677642689323e+01 1.280821188477732697e+01 1.524780651497971995e+01 1.524829948195386287e+01 1.781117053487459501e+01 1.781335441882899673e+01 2.292590567963072701e+01 2.292633047504465083e+01
9.118619029266696388e-03 -7.178068346696250823e-02 -3.970028609995508023e-02 3.155431565261158089e-01 3.623373868812369558e-01 5.652175667566280426e-01 6.670973885841388062e-01 3.059436335370898430e+00 3.059991006610655262e+00 4.277730090473800040e+00 4.278648196290836481e+00 7.092984662747096714e+00 7.095706910576972781e+00 8.495836859396739271e+00 8.496774830186934580e+00 8.774174067139069777e+00 8.781365370821220040e+00 1.039744780746856634e+01 1.039783855650920863e+01 1.105248436755742780e+01 1.105272740582126190e+01 1.175391038650599818e+01 1.175766037684647713e+01 1.280716608484748242e+01 1.280858843721370022e+01 1.524643355238999298e+01 1.524692721920866134e+01 1.780935171812472717e+01 1.781153434984688388e+01 2.292680646651696108e+01 2.292722961412245297e+01
1.063838886747781390e-02 -7.074253545771852503e-02 -3.934588805211615414e-02 3.879760984303528559e-01 4.219749194626020716e-01 6.581111765935327984e-01 7.444676444023589079e-01 3.062533061951617341e+00 3.063090336919669365e+00 4.282582004544865484e+00 4.283513268432642462e+00 7.094285519151612540e+00 7.097027958492454047e+00 8.499152004847388753e+00 8.500162918789451183e+00 8.771471956620830568e+00 8.778541636640245116e+00 1.039639895101981715e+01 1.039678662596492131e+01 1.105240946159757698e+01 1.105266025546060149e+01 1.175500529524316029e+01 1.175872932677635063e+01 1.280760653533467064e+01 1.280902560647098909e+01 1.524481083527559733e+01 1.524530533138940314e+01 1.780719599406368303e+01 1.780937714474199041e+01 2.292786898033708098e+01 2.292829018315395118e+01
1.215815870568892967e-02 -6.857974340637963684e-02 -3.645126556629840753e-02 4.559595882366954123e-01 4.815488636323814742e-01 7.506575836720561501e-01 8.250752658563612618e-01 3.066107362878307097e+00 3.066667386682880192e+00 4.288180047638710413e+00 4.289126428849888484e+00 7.095759021302454173e+00 7.098523662661399669e+00 8.502944549948862729e+00 8.504043328279339065e+00 8.768418828039475699e+00 8.775345231525536249e+00 1.039520679459046448e+01 1.039559127002365813e+01 1.105231328449709594e+01 1.105257314552746273e+01 1.175628164212881721e+01 1.175997575904854742e+01 1.280810422541771842e+01 1.280951947839742111e+01 1.524293836266781099e+01 1.524343381842642842e+01 1.780470033476019864e+01 1.780687977503104591e+01 2.292909219911564733e+01 2.292951116149777846e+01
1.367792854390004545e-02 -6.473873325998595607e-02 -2.947219720094146345e-02 5.212546824836238324e-01 5.410280799302649157e-01 8.427838009537862440e-01 9.078412302852869598e-01 3.070159989637586406e+00 3.070722795244166026e+00 4.294524042925016438e+00 4.295487471502650756e+00 7.097393861827431039e+00 7.100182295468264293e+00 8.507194607644056106e+00 8.508398109479617943e+00 8.765047964401681213e+00 8.771807820992796323e+00 1.039387877926959725e+01 1.039426007378123096e+01 1.105219197836480838e+01 1.105246225260007797e+01 1.175774467219746278e+01 1.176140494143535165e+01 1.280865465944238579e+01 1.281006554415488630e+01 1.524081618025725504e+01 1.524131272689128913e+01 1.780186130645634535e+01 1.780403880632976765e+01 2.293047494686246068e+01 2.293089137472071215e+01
1.519769838211116296e-02 -5.836459508754002212e-02 -1.059316828274347450e-02 5.847927240216789224e-01 6.003867885680654881e-01 9.344224884177352308e-01 9.919942612671532878e-01 3.074691976139002580e+00 3.075257466982308063e+00 4.301613764068962453e+00 4.302596135913952402e+00 7.099177529583928781e+00 7.101990897894798316e+00 8.511874928009525831e+00 8.513202466614218977e+00 8.761401571092926943e+00 8.767969516243748984e+00 1.039242314393229272e+01 1.039280143428809744e+01 1.105204137697380951e+01 1.105232344039368186e+01 1.175940011929279549e+01 1.176302263761613531e+01 1.280925275188705292e+01 1.281065870364989223e+01 1.523844439994149624e+01 1.523894216947798874e+01 1.779867509472438059e+01 1.780085042351360869e+01 2.293201589487614811e+01 2.293242949590847246e+01
1.671746822032227700e-02 -4.777086650126590589e-02 3.166763753268709430e-02 6.471089161809810975e-01 6.596025492247441502e-01 1.025509234898373645e+00 1.076979120796145217e+00 3.079704717721880147e+00 3.080272648848765726e+00 4.309448926018368375e+00 4.310452097449640085e+00 7.101096414043635008e+00 7.103935391320970183e+00 8.516948349885076652e+00 8.518422316852072740e+00 8.757533243458038186e+00 8.763881232677064759e+00 1.039084885719971396e+01 1.039122448914059937e+01 1.105185707707782505e+01 1.105215232891193189e+01 1.176125413107584805e+01 1.176483503347151860e+01 1.280989283129815881e+01 1.281129326959214332e+01 1.523582322163214364e+01 1.523632234673544339e+01 1.779513753260896891e+01 1.779731045886405738e+01 2.293371356317552312e+01 2.293412404710510799e+01
1.823723805853339278e-02 -2.731014553179232987e-02 5.044904808066670576e-02 7.085255827730592149e-01 7.186551075469039818e-01 1.115981112423641619e+00 1.162388388723058830e+00 3.085200066714189671e+00 3.085770023973671172e+00 4.318029174869979059e+00 4.319054956564222003e+00 7.103135916475599387e+00 7.106000695710706694e+00 8.522364388697514670e+00 8.524010987470909129e+00 8.753511290826638813e+00 8.759607903477421686e+00 1.038916554410942972e+01 1.038953903864596917e+01 1.105163451471958247e+01 1.105194436884372067e+01 1.176331318763459066e+01 1.176684865699379934e+01 1.281056864493047343e+01 1.281196297226402514e+01 1.523295295718715536e+01 1.523345357091725738e+01 1.779124413162056229e+01 1.779341442306609267e+01 2.293556632204461820e+01 2.293597340086666492e+01
1.975700789674451202e-02 3.576292291297408082e-02 6.773943695921834374e-02 7.692424747317160305e-01 7.775257322672337601e-01 1.205775824931817786e+00 1.247914939456389538e+00 3.091180447789212860e+00 3.091751824484076483e+00 4.327354076764856394e+00 4.328404226954583045e+00 7.105280566278291410e+00 7.108170852426118458e+00 8.528054720568102098e+00 8.529904778109434815e+00 8.749423157384795147e+00 8.755232821475502192e+00 1.038738340825556605e+01 1.038775546226960955e+01 1.105136904546822230e+01 1.105169492018013067e+01 1.176558401455553238e+01 1.176907029263281323e+01 1.281127336419742058e+01 1.281266096510402086e+01 1.522983405631626397e+01 1.523033629179728976e+01 1.778699011543355368e+01 1.778915753891028473e+01 2.293757239367615242e+01 2.293797578191388098e+01
2.127677773495562780e-02 6.223615581967845145e-02 8.492476695797057662e-02 8.293854362052607287e-01 8.361968392027500085e-01 1.294831149921282343e+00 1.333319829228124531e+00 3.097648997205526999e+00 3.098220967500806111e+00 4.337423105705237703e+00 4.338499322508402756e+00 7.107514140764563670e+00 7.110429149926976500e+00 8.533927343949196498e+00 8.536017096838879326e+00 8.745381159073364330e+00 8.750863401230954963e+00 1.038551315013426724e+01 1.038588463020980512e+01 1.105105602744050408e+01 1.105139933391806828e+01 1.176807349141623860e+01 1.177150689099345904e+01 1.281199959106005615e+01 1.281337983123044388e+01 1.522646713428824761e+01 1.522697112428026323e+01 1.778237045612932477e+01 1.778453477753947709e+01 2.293972985389862629e+01 2.294012926886909653e+01
2.279654757316674010e-02 8.439019550826097615e-02 1.024632123641732451e-01 8.890341467878145609e-01 8.946517955850608050e-01 1.383084526174382489e+00 1.418410792685248722e+00 3.104609731051449550e+00 3.105181219292626693e+00 4.348235630113486572e+00 4.349339542865450881e+00 7.109819786701808475e+00 7.112758250658886894e+00 8.539859368227265435e+00 8.542230974937185195e+00 8.741529587394619938e+00 8.746638557167990768e+00 1.038356588237704514e+01 1.038393781110449332e+01 1.105069090588627923e+01 1.105105303562514685e+01 1.177078855674594138e+01 1.177416547488920173e+01 1.281273936550810255e+01 1.281411159105672404e+01 1.522285300124973517e+01 1.522335887761791362e+01 1.777737991281344421e+01 1.777954089706923568e+01 2.294203663397285808e+01 2.294243179606300131e+01
2.431631741137785935e-02 1.054116441812582156e-01 1.205584106564532715e-01 9.482385573650801147e-01 9.528748531403946620e-01 1.470472709233628938e+00 1.503027783819487873e+00 3.112067748884445262e+00 3.112637393806855890e+00 4.359790897868687232e+00 4.360924057328125159e+00 7.112180141951093049e+00 7.115140317510301848e+00 8.545688877727529942e+00 8.548390152833166056e+00 8.738052731846774890e+00 8.742737506062738362e+00 1.038155304248897970e+01 1.038192657703742050e+01 1.105026929805673497e+01 1.105065160956891113e+01 1.177373611057541680e+01 1.177705304283131760e+01 1.281348417431483711e+01 1.281484771117804300e+01 1.521899269294465462e+01 1.521950058602077682e+01 1.777201307242571815e+01 1.777417048340054606e+01 2.294449052244448595e+01 2.294488115539765261e+01
2.583608724958897512e-02 1.262262988389493967e-01 1.393126451378446096e-01 1.007028893354990240e+00 1.010851192470505922e+00 1.556931448391392081e+00 1.587033127518699072e+00 3.120029480705662550e+00 3.120595593308359561e+00 4.372088019458018948e+00 4.373251886763341645e+00 7.114577455631407865e+00 7.117557138323306276e+00 8.551207439282478617e+00 8.554289928955194355e+00 8.735182252739956965e+00 8.739388803014350060e+00 1.037948630366192937e+01 1.037986270714816328e+01 1.104978707702906604e+01 1.105019088206635658e+01 1.177692291575053574e+01 1.178017647108993771e+01 1.281422496127770572e+01 1.281557911473938915e+01 1.521488750260300193e+01 1.521539754043533321e+01 1.776626439255191059e+01 1.776841799303343095e+01 2.294708916704006185e+01 2.294747499825344761e+01
2.735585708780008743e-02 1.472346040614079254e-01 1.587790486652772004e-01 1.065421834586341099e+00 1.068567084591596217e+00 1.642395154318857964e+00 1.670304678841503021e+00 3.128502987080652442e+00 3.129063500687138344e+00 4.385125948770114412e+00 4.386321883032524127e+00 7.116993705354703437e+00 7.119990247073885392e+00 8.556156823540881362e+00 8.559670982444075094e+00 8.733200333801297788e+00 8.736876400982204416e+00 1.037737748423863593e+01 1.037775809122592641e+01 1.104924045313849845e+01 1.104966700268913726e+01 1.178035549921268199e+01 1.178354241549600445e+01 1.281495213918889142e+01 1.281629619352758631e+01 1.521053901374555473e+01 1.521105132123444470e+01 1.776012824603766305e+01 1.776227779768190729e+01 2.294983007659654461e+01 2.295021083742965473e+01
2.887562692601120667e-02 1.686409304305605539e-01 1.789837078691315919e-01 1.123424325568194382e+00 1.126010184271837966e+00 1.726796533551945290e+00 1.752730946055273575e+00 3.137498324446371445e+00 3.138050735176258765e+00 4.398903460938539567e+00 4.400132705373009046e+00 7.119410710226885541e+00 7.122421040489201438e+00 8.560236061656548046e+00 8.564222443854751177e+00 8.732432492097276011e+00 8.735536461052785029e+00 1.037523845648669329e+01 1.037562463465586582e+01 1.104862605167333456e+01 1.104907652196872547e+01 1.178404005444830105e+01 1.178715721415879258e+01 1.281565560381455349e+01 1.281698882206468504e+01 1.520594913362995193e+01 1.520646383154803694e+01 1.775359896719727359e+01 1.775574423048277239e+01 2.295271062301517873e+01 2.295308604910944439e+01
3.039539676422232245e-02 1.905581253832103750e-01 1.999364445107040256e-01 1.181035895777341471e+00 1.183169927189445803e+00 1.810066168749734361e+00 1.834207495182349934e+00 3.147027990238993933e+00 3.147569285770455583e+00 4.413419126518983049e+00 4.414682793036285524e+00 7.121810238484385991e+00 7.124830889039365012e+00 8.563125993332301178e+00 8.567602933344220517e+00 8.733222888136646489e+00 8.735736195386227365e+00 1.037308105550215487e+01 1.037347416598690408e+01 1.104794098552429205e+01 1.104841646428528534e+01 1.178798234627639729e+01 1.179102679224752315e+01 1.281632475019691064e+01 1.281764637401585816e+01 1.520112012704037951e+01 1.520163733093785119e+01 1.774667089940406584e+01 1.774881163358481118e+01 2.295572804323375138e+01 2.295609787484347208e+01
3.191516660243343823e-02 2.130500699767350070e-01 2.216366348618926674e-01 1.238250236435571860e+00 1.240037791812599322e+00 1.892132023852571177e+00 1.914634184108383597e+00 3.157107465389665357e+00 3.157634039515265112e+00 4.428671281159044071e+00 4.429970333371704427e+00 7.124174108826490048e+00 7.127201241422953970e+00 8.564533755512554691e+00 8.569485390068928510e+00 8.735889686322268588e+00 8.737828919782819170e+00 1.037091698927095784e+01 1.037131834823020249e+01 1.104718292154815806e+01 1.104768439469496499e+01 1.179218761907461754e+01 1.179515656992610495e+01 1.281694849163099903e+01 1.281825774126273032e+01 1.519605465010111445e+01 1.519657446909833531e+01 1.773933844384314185e+01 1.774147440689916166e+01 2.295887944121327706e+01 2.295924342354782510e+01
3.343493644064455400e-02 2.361518900770079310e-01 2.440766019545218546e-01 1.295057132729988014e+00 1.296606636409040947e+00 1.972918852088928920e+00 1.993912920323372973e+00 3.167755874797800963e+00 3.168263424902503900e+00 4.444657989800841591e+00 4.445993224434865887e+00 7.126484284703662908e+00 7.129513721854300101e+00 8.564246814519743012e+00 8.569618307002020430e+00 8.740670867543920863e+00 8.742092697057060491e+00 1.036875775112157427e+01 1.036916859482612985e+01 1.104635013950826128e+01 1.104687847855260863e+01 1.179666050944145894e+01 1.179955137443628743e+01 1.281751528170522292e+01 1.281881135603093647e+01 1.519075578377120372e+01 1.519127831924298277e+01 1.773159610920400198e+01 1.773372705778811920e+01 2.296216178993772772e+01 2.296251967351514622e+01
3.495470627885566978e-02 2.598806400065754030e-01 2.672437168509345651e-01 1.351446185618165208e+00 1.352867869569898129e+00 2.052347483049878463e+00 2.071945729334167208e+00 3.178996789218640817e+00 3.179480193515897390e+00 4.461377004353553666e+00 4.462749031107422049e+00 7.128722961023443716e+00 7.131750219649605427e+00 8.562172944750235715e+00 8.567877845130396963e+00 8.747684118094552375e+00 8.748678069837136917e+00 1.036661453595425009e+01 1.036703599108396645e+01 1.104544158258860165e+01 1.104599753291897279e+01 1.180140496415542195e+01 1.180421535719762360e+01 1.281801313983379842e+01 1.281929521649984061e+01 1.518522706665570965e+01 1.518575241081355642e+01 1.772343856208665258e+01 1.772556425146603942e+01 2.296557193342868786e+01 2.296592347444070370e+01
3.647447611706678555e-02 2.842414168251848894e-01 2.911217660850003996e-01 1.407411812087929759e+00 1.408807087386695800e+00 2.130333963753096249e+00 2.148632981094592331e+00 3.190859193803592397e+00 3.191312365106677262e+00 4.478825713694854826e+00 4.480234933649027695e+00 7.130872642931803895e+00 7.133892970793261235e+00 8.558345184174731557e+00 8.564282298762295298e+00 8.756921872253174755e+00 8.757593303277802832e+00 1.036449816169907123e+01 1.036493122183171245e+01 1.104445689864147440e+01 1.104504106890018278e+01 1.180642416412493034e+01 1.180915191663500607e+01 1.281842968074746558e+01 1.281969691636101238e+01 1.517947252674687952e+01 1.518000076112781294e+01 1.771486067789379959e+01 1.771698086188474264e+01 2.296910658877927602e+01 2.296945154946779866e+01
3.799424595527790133e-02 3.092310819429665569e-01 3.156918787178575880e-01 1.462954921344307158e+00 1.464402858370194904e+00 2.206788529253001840e+00 2.223871663200074789e+00 3.203378647823351244e+00 3.203794361084143283e+00 4.497001084820529293e+00 4.498447667575344866e+00 7.132916216511620888e+00 7.135924631338831148e+00 8.552892063632601349e+00 8.558963211593363596e+00 8.768281516418204191e+00 8.768732532948343206e+00 1.036241899743538752e+01 1.036286450601454767e+01 1.104339647151506121e+01 1.104400932424857196e+01 1.181172045483014443e+01 1.181436362726089406e+01 1.281875214844730770e+01 1.282000367883085623e+01 1.517349671168881997e+01 1.517402790556150727e+01 1.770585759198088027e+01 1.770797202287532812e+01 2.297276234821462282e+01 2.297310049725989600e+01
3.951401579348901710e-02 3.348406410031319336e-01 3.409331768482837255e-01 1.518078974195173458e+00 1.519631000121787867e+00 2.281614383454235284e+00 2.297553622423499586e+00 3.216598654223704390e+00 3.216968346530529210e+00 4.515899593973643711e+00 4.517383453782007230e+00 7.134837011407150875e+00 7.137828342657381420e+00 8.545992942392119929e+00 8.552114522285709342e+00 8.781611266346004641e+00 8.781925094924027064e+00 1.036038689951914016e+01 1.036084553902807315e+01 1.104226144201101256e+01 1.104290328575196156e+01 1.181729528354580516e+01 1.181985217533494215e+01 1.281896745516390901e+01 1.282020239566053554e+01 1.516730471713993822e+01 1.516783892584129845e+01 1.769642475083643518e+01 1.769853317931864467e+01 2.297653568118921896e+01 2.297686679410994515e+01
4.103378563170013288e-02 3.610568286950005534e-01 3.668232456228518457e-01 1.572785368029706587e+00 1.574469439219400746e+00 2.354706284614423772e+00 2.369563729789259998e+00 3.230572242056849674e+00 3.230885787069288195e+00 4.535517146664565402e+00 4.537037917927881914e+00 7.136618855528514160e+00 7.139587788684420566e+00 8.537839129862611287e+00 8.543946149490361464e+00 8.796749870203360189e+00 8.796980795439745648e+00 1.035841115694381998e+01 1.035888344363672253e+01 1.104105371823577997e+01 1.104172470114679783e+01 1.182314914341005796e+01 1.182561830120590507e+01 1.281906222590082400e+01 1.282027967172335359e+01 1.516090221279138284e+01 1.516143947600900610e+01 1.768655796306737926e+01 1.768866013811928184e+01 2.298042293653349333e+01 2.298074679609943161e+01
4.255355546991124865e-02 3.878632004932749955e-01 3.933384814369907945e-01 1.627071956110036410e+00 1.628899868146559848e+00 2.425948959539002914e+00 2.439777969250996215e+00 3.245363732072126250e+00 3.245609197305206362e+00 4.555848985657088512e+00 4.557405998267490155e+00 7.138246122112110292e+00 7.141187245434497122e+00 8.528609789748996306e+00 8.534654816007307687e+00 8.813548126908290925e+00 8.813721334649434525e+00 1.035650044703228367e+01 1.035698673038156770e+01 1.103977597532489163e+01 1.104047608050174212e+01 1.182928152417509260e+01 1.183166174821587546e+01 1.281902284917599211e+01 1.282022187579472750e+01 1.515429546558589990e+01 1.515483580560392696e+01 1.767625344996682202e+01 1.767834911876053994e+01 2.298442034466526351e+01 2.298473674132297973e+01
4.407332530812235749e-02 4.152409066867230325e-01 4.204543555072255412e-01 1.680933701683603454e+00 1.682907213864730744e+00 2.495215426420675175e+00 2.508061519437368325e+00 3.261050594401649683e+00 3.261214001470670087e+00 4.576889586259294873e+00 4.578481841395981355e+00 7.139703769508645159e+00 7.142611623147075761e+00 8.518461387964128662e+00 8.524411340537914938e+00 8.831875304866589005e+00 8.831996809769705692e+00 1.035466280243982951e+01 1.035516326841077905e+01 1.103843164472952765e+01 1.103916068722560340e+01 1.183569086924921443e+01 1.183798121782311341e+01 1.281883553460811775e+01 1.282001519817362833e+01 1.514749135967215921e+01 1.514803477960036915e+01 1.766550789544660560e+01 1.766759680322289228e+01 2.298852401988301608e+01 2.298883275219596456e+01
4.559309514633347327e-02 4.431692548994093928e-01 4.481456171364222030e-01 1.734363742972566236e+00 1.736478652128159439e+00 2.562365403852147505e+00 2.574267008861654382e+00 3.277725199683851454e+00 3.277790331074710739e+00 4.598632538634435996e+00 4.600258685752756982e+00 7.140977374142288170e+00 7.143846501500350499e+00 8.507525746778188847e+00 8.513358397195231575e+00 8.851620341899103295e+00 8.851688354496520361e+00 1.035290559035128233e+01 1.035342026766604029e+01 1.103702489345211291e+01 1.103778251904941321e+01 1.184237453842346888e+01 1.184457433038359042e+01 1.281848637802542079e+01 1.281964571582490997e+01 1.514049741262432391e+01 1.514104389463220990e+01 1.765431849512251716e+01 1.765640038505383203e+01 2.299272996276025083e+01 2.299303083786466217e+01
4.711286498454458904e-02 4.716261277932785601e-01 4.763864530385459872e-01 1.787354207990232480e+00 1.789602835416292503e+00 2.627244141055957272e+00 2.638233296548803786e+00 3.295444382588855525e+00 3.295496140719703426e+00 4.621070417346322401e+00 4.622728733229272358e+00 7.142053157132079555e+00 7.144878158381402500e+00 8.495912290878184336e+00 8.501613268089236897e+00 8.872686911360339934e+00 8.872707719207900467e+00 1.035123550467920417e+01 1.035176427333490423e+01 1.103556059379611831e+01 1.103634627951140956e+01 1.184932877547486108e+01 1.185143759082853698e+01 1.281796143480233674e+01 1.281909946575053816e+01 1.513332178745720391e+01 1.513387129103664464e+01 1.764268300434684633e+01 1.764475761738407655e+01 2.299703406266144157e+01 2.299732689674021913e+01
4.863263482275570482e-02 5.005882991659306169e-01 5.051506140318148264e-01 1.839896723053031202e+00 1.842269395190810455e+00 2.689682236503766255e+00 2.699785375549762723e+00 3.314298958207555934e+00 3.314488325717438233e+00 4.644194638978615508e+00 4.645883009843594813e+00 7.142918005094904821e+00 7.145693592735472777e+00 8.483711738911734912e+00 8.489272227878894128e+00 8.894960150257745113e+00 8.895022104334941560e+00 1.034965857201442496e+01 1.035020117344145518e+01 1.103404428435047002e+01 1.103485734063088763e+01 1.185654867965723547e+01 1.185856635829108541e+01 1.281724680215450185e+01 1.281836252732261094e+01 1.512597329997464968e+01 1.512652576025639917e+01 1.763059978499098079e+01 1.763266685969304248e+01 2.300143210040107533e+01 2.300171671917866689e+01
5.015240466096682059e-02 5.300316772353598216e-01 5.344115171008029241e-01 1.891982702423433693e+00 1.894468634089037984e+00 2.749497311753070772e+00 2.758736303576732052e+00 3.334491879948510817e+00 3.334841371083874240e+00 4.667995309411261395e+00 4.669711217170515738e+00 7.143559485660126107e+00 7.146280542036031136e+00 8.470999870544517307e+00 8.476414933098654458e+00 8.918412513703984246e+00 8.918539780496736569e+00 1.034818017204505658e+01 1.034873622040886687e+01 1.103248212305667053e+01 1.103332169758790648e+01 1.186402817993278092e+01 1.186595481857196255e+01 1.281632871114361016e+01 1.281742111433269926e+01 1.511846142100349510e+01 1.511901674715402066e+01 1.761806785079037851e+01 1.762012712313618223e+01 2.300591975106780396e+01 2.300619599032980389e+01
5.167217449917793637e-02 5.599314947710057888e-01 5.641423286074346288e-01 1.943603500234418080e+00 1.946191328915376717e+00 2.806498709747936804e+00 2.814892355737617091e+00 3.356171694653051318e+00 3.356704501057294010e+00 4.692461063181701419e+00 4.694201577031009265e+00 7.143965858225316268e+00 7.146627494925724022e+00 8.457840821427213385e+00 8.463108199501279572e+00 8.943005381063631631e+00 8.943201035197940740e+00 1.034680507314609343e+01 1.034737406739834675e+01 1.103088083330677982e+01 1.103174591633032975e+01 1.187176001066374909e+01 1.187359595819481406e+01 1.281519362916095517e+01 1.281626167752952306e+01 1.511079627308897066e+01 1.511135434681517786e+01 1.760508691107395407e+01 1.760713811425652509e+01 2.301049258703529787e+01 2.301076029317820471e+01
5.319194433738905214e-02 5.902624597902943471e-01 5.943160329097724182e-01 1.994750477381112441e+00 1.997428593054959123e+00 2.860496518751711736e+00 2.868062676535554800e+00 3.379488887639245487e+00 3.380227146463042232e+00 4.717578898270489596e+00 4.719340672815042659e+00 7.144126080474033635e+00 7.146723699578716449e+00 8.444289767666967705e+00 8.449409035773113530e+00 8.968697998809027183e+00 8.968963131848633807e+00 1.034553748385490657e+01 1.034611882022270990e+01 1.102924764409078584e+01 1.103013707510535646e+01 1.187973568737406005e+01 1.188148153868508672e+01 1.281382837367126903e+01 1.281487101843018017e+01 1.510298862126053621e+01 1.510354929545062674e+01 1.759165741271146999e+01 1.759370027691448968e+01 2.301514608118164062e+01 2.301540511179936033e+01
5.471171417560016098e-02 6.209988765809495437e-01 6.249054895741306126e-01 2.045415014347834681e+00 2.048171768175764296e+00 2.911315872824423057e+00 2.918074254482762253e+00 3.404581876064513679e+00 3.405544184656970952e+00 4.743334010582398896e+00 4.745113291688707768e+00 7.144029811165803601e+00 7.146559168330925083e+00 8.430395034636864793e+00 8.435366996892044611e+00 8.995454151577899182e+00 8.995788792028674763e+00 1.034438112099539175e+01 1.034497410566170217e+01 1.102759022525560084e+01 1.102850270096180374e+01 1.188794548110373661e+01 1.188960206961246691e+01 1.281222023800640031e+01 1.281323641519852607e+01 1.509504985752099238e+01 1.509561295504984280e+01 1.757778058012497269e+01 1.757981483228227759e+01 2.301987561033707763e+01 2.302012583485325337e+01
5.623148401381127676e-02 6.521147441062834504e-01 6.558834815923535455e-01 2.095588487669981514e+00 2.098412328022777551e+00 2.958816281872983733e+00 2.964791703259944899e+00 3.431557967447818491e+00 3.432756384591088672e+00 4.769709633280439398e+00 4.771502272757457419e+00 7.143667409699816062e+00 7.146124679117868084e+00 8.416199722053329779e+00 8.421025977992222522e+00 9.023240574299284944e+00 9.023643975478041312e+00 1.034333929530690988e+01 1.034394315708347278e+01 1.102591661895582043e+01 1.102685070229306064e+01 1.189637838981245999e+01 1.189794677886296803e+01 1.281035712999994125e+01 1.281134576138656200e+01 1.508699197876681808e+01 1.508755729149410918e+01 1.756345845322289634e+01 1.756548381676204684e+01 2.302467645897851511e+01 2.302491775933623330e+01
5.775125385202239253e-02 6.835838369656848101e-01 6.872227564448517567e-01 2.145262220128602237e+00 2.148141784470138926e+00 3.002913592872302750e+00 3.008139085006299673e+00 3.460471679555063407e+00 3.461908809095170625e+00 4.796686886895480839e+00 4.798488366949340111e+00 7.143029932952731365e+00 7.145411774251182457e+00 8.401742943810988962e+00 8.406425570426840466e+00 9.052025518176774810e+00 9.052496324409824879e+00 1.034241501558765819e+01 1.034302891841805838e+01 1.102423516837282591e+01 1.102518929849230922e+01 1.190502210523919402e+01 1.190650357855053976e+01 1.280822772424948752e+01 1.280918771833119507e+01 1.507882755791458429e+01 1.507939484590316859e+01 1.754869392312954446e+01 1.755071011770109024e+01 2.302954382318708326e+01 2.302977609461113317e+01
5.927102369023350831e-02 7.153797727395820871e-01 7.188960614144411787e-01 2.194427410468156481e+00 2.197351590101134455e+00 3.043599711653304674e+00 3.048118625332775000e+00 3.491305285422162008e+00 3.492972316615523987e+00 4.824244646693237826e+00 4.826050114864866458e+00 7.142109129900701348e+00 7.144412757051304297e+00 8.387060768971299041e+00 8.391602083345356178e+00 9.081777596296108257e+00 9.082313955419792251e+00 1.034161111259364851e+01 1.034223416775172844e+01 1.102255444475620472e+01 1.102352694777384556e+01 1.191386297359105129e+01 1.191525902493769351e+01 1.280582162877921881e+01 1.280675188198607373e+01 1.507056970808775809e+01 1.507113869906848080e+01 1.753349076559704045e+01 1.753549750679161079e+01 2.303447281488174525e+01 2.303469596673312481e+01
6.079079352844462408e-02 7.474760685725934106e-01 7.508761742201146561e-01 2.243075045953322633e+00 2.246033033863897632e+00 3.080953942525996858e+00 3.084820243022119435e+00 3.523957719062678962e+00 3.525834231762796644e+00 4.852359434049130726e+00 4.854163749036710662e+00 7.140897434564113411e+00 7.143120686833156263e+00 8.372186933636232453e+00 8.376589312302574086e+00 9.112464855406543052e+00 9.113064498863426621e+00 1.034093038426613553e+01 1.034156166213778505e+01 1.102088317380477456e+01 1.102187227418179916e+01 1.192288594841333094e+01 1.192419827070747118e+01 1.280312956685160586e+01 1.280402896494630660e+01 1.506223203980908032e+01 1.506280242891643795e+01 1.751785367200146837e+01 1.751985067105742999e+01 2.303945846633866879e+01 2.303967242308708308e+01
6.231056336665573986e-02 7.798461891218309017e-01 7.831359297685099863e-01 2.291195799601090766e+00 2.294177127593133303e+00 3.115141283486777990e+00 3.118417754620818716e+00 3.558246497161269506e+00 3.560302317444729248e+00 4.881005338484365019e+00 4.882803126884886602e+00 7.139387957864022916e+00 7.141529372703967482e+00 8.357153377729417798e+00 8.361419116940048468e+00 9.144054019035110059e+00 9.144714320745187308e+00 1.034037576431911098e+01 1.034101430567617363e+01 1.101923016235620167e+01 1.102023399476261289e+01 1.193207453398578011e+01 1.193330500791715743e+01 1.280014357463712749e+01 1.280101099438678958e+01 1.505382861124703275e+01 1.505440006104762674e+01 1.750178827784020896e+01 1.750377524134534113e+01 2.304449573500176029e+01 2.304470043734970375e+01
6.383033320486684870e-02 8.124635874547463388e-01 8.156482436068593911e-01 2.338779912980656128e+00 2.341774481831746080e+00 3.146397228756803166e+00 3.149152054689578595e+00 3.593923098834685970e+00 3.596121741829336305e+00 4.910153976500510886e+00 4.911939700096850103e+00 7.137574479061764343e+00 7.139633366568772566e+00 8.341990647674517589e+00 8.346121854114215921e+00 9.176509857479494769e+00 9.177227878708372089e+00 1.033995051683777966e+01 1.034059534353369791e+01 1.101760422629883251e+01 1.101862084782474582e+01 1.194141071759908712e+01 1.194256139996826427e+01 1.279685721539109622e+01 1.279769152657936715e+01 1.504537387167770390e+01 1.504594601251038632e+01 1.748530118866256444e+01 1.748727781825376582e+01 2.304957950858525706e+01 2.304977491478777196e+01
6.535010304307796447e-02 8.453017400580857821e-01 8.483861324777756119e-01 2.385817064797962406e+00 2.388815169653474069e+00 3.175003371887105796e+00 3.177306093334237858e+00 3.630697505440708017e+00 3.633000213922954469e+00 4.939774492391678429e+00 4.941542525191248814e+00 7.135451437575502709e+00 7.137427955634736421e+00 8.326728195769614871e+00 8.330726700858186007e+00 9.209794649371477959e+00 9.210567174545653657e+00 1.033965846035970770e+01 1.034030858539965791e+01 1.101601412055841678e+01 1.101704152314995255e+01 1.195087488909826057e+01 1.195194800095632459e+01 1.279326581069595470e+01 1.279406587856952626e+01 1.503688259844588337e+01 1.503745502908883758e+01 1.746840000338128007e+01 1.747036599544716040e+01 2.305470461046314412e+01 2.305489069790127843e+01
6.686987288128908025e-02 8.783341767975557657e-01 8.813227322318742951e-01 2.432296224924185957e+00 2.435288577200808380e+00 3.201260597279420139e+00 3.203178463559702482e+00 3.668265109877221875e+00 3.670634472291930628e+00 4.969833604831375595e+00 4.971578318663313567e+00 7.133013926138382921e+00 7.134909154545661991e+00 8.311394599328700394e+00 8.315261892624542739e+00 9.243867706108959581e+00 9.244691273000928078e+00 1.033950422598404906e+01 1.034015866294898345e+01 1.101446847194959666e+01 1.101550459495858547e+01 1.196044574614774625e+01 1.196144366082887700e+01 1.278936668919362596e+01 1.279013137746897755e+01 1.502836982783831843e+01 1.502894211651412881e+01 1.745109333492720083e+01 1.745304838031902150e+01 2.305986580533469166e+01 2.306004257241925259e+01
6.838964271950019602e-02 9.115345064113334894e-01 9.144313132286159274e-01 2.478205492991674141e+00 2.481183239468200519e+00 3.225465888585432594e+00 3.227061241713025108e+00 3.706329967036327222e+00 3.708732482495508354e+00 5.000295701286719741e+00 5.002011558422130300e+00 7.130257686485927948e+00 7.132073697052884853e+00 8.296017716898125727e+00 8.299754895681022759e+00 9.278684934738199885e+00 9.279555861364036318e+00 1.033949355544255866e+01 1.034015132727799546e+01 1.101297571561790001e+01 1.101401845836764259e+01 1.197010018379745055e+01 1.197102541490147232e+01 1.278515945303384882e+01 1.278588762763576625e+01 1.501985078041476029e+01 1.502042246613963172e+01 1.743339082822399533e+01 1.743533461198120804e+01 2.306505780514719817e+01 2.306522527365428843e+01
6.990941255771131180e-02 9.448764379226755050e-01 9.476852932566877108e-01 2.523531920101282022e+00 2.526486659501448351e+00 3.247896002806724081e+00 3.249224843506069771e+00 3.744621140351072075e+00 3.747028581219906673e+00 5.031122980310147597e+00 5.032804631318613886e+00 7.127179109022955927e+00 7.128919026842848616e+00 8.280624794594656279e+00 8.284232527728729423e+00 9.314198417214008430e+00 9.315112827010905150e+00 1.033963364684585429e+01 1.034029379406333149e+01 1.101154403573441520e+01 1.101259127001653049e+01 1.197981316713805633e+01 1.198066835648868356e+01 1.278064626197302722e+01 1.278133679574403736e+01 1.501134078147619810e+01 1.501191137575432322e+01 1.741530317547374196e+01 1.741723537657123799e+01 2.307027527524964938e+01 2.307043349322261250e+01
7.142918239592242757e-02 9.783337981996417243e-01 9.810582479226853669e-01 2.568261311520269263e+00 2.571185108658605944e+00 3.268798411818621297e+00 3.269909951567322448e+00 3.782901750763600024e+00 3.785291513070114799e+00 5.062275639637023872e+00 5.063918024559079356e+00 7.123775238176770053e+00 7.125443286835376533e+00 8.265242532476085202e+00 8.268721037321579814e+00 9.350355984689029398e+00 9.351309830980724769e+00 1.033993355807865200e+01 1.034059514646106237e+01 1.101018131104318165e+01 1.101123089347280626e+01 1.198955758617165124e+01 1.199034549174298725e+01 1.277583213462993683e+01 1.277648391335102218e+01 1.500285517748046260e+01 1.500342416633881371e+01 1.739684212875706493e+01 1.739876241988185157e+01 2.307551284074054010e+01 2.307566188613700930e+01
7.294895223413354335e-02 1.011880545772321005e+00 1.014523918395542346e+00 2.612378007460346208e+00 2.615263404878283460e+00 3.288388161455475522e+00 3.289325021326611864e+00 3.820972090323146553e+00 3.823326856702019327e+00 5.093712105935885859e+00 5.095310556851235795e+00 7.120043785287698768e+00 7.121645306037830636e+00 8.249897118552469877e+00 8.253246150136098080e+00 9.387100764798374186e+00 9.388089855152516705e+00 1.034040468065948026e+01 1.034106680861150451e+01 1.100889506580032418e+01 1.100994484996833300e+01 1.199930409254808161e+01 1.200002757631801842e+01 1.277072526578140810e+01 1.277133719600049844e+01 1.499440924933765551e+01 1.499497609569053935e+01 1.737802050996362269e+01 1.737992855732955633e+01 2.308076509296315493e+01 2.308090507828318394e+01
7.446872207234465912e-02 1.045490780925983465e+00 1.048056216346060054e+00 2.655864638090653429e+00 2.658704665023697178e+00 3.306848738060563786e+00 3.307647459297194725e+00 3.858668725410029587e+00 3.860975752905429381e+00 5.125389300180244412e+00 5.126939643383888523e+00 7.115983150737294594e+00 7.117524583070397703e+00 8.234614236357423067e+00 8.237833088317525920e+00 9.424370677946939168e+00 9.425390698737583506e+00 1.034106130040671445e+01 1.034172310614803258e+01 1.100769242658597769e+01 1.100874027495740037e+01 1.200902091860817222e+01 1.200968293426417333e+01 1.276533735767927524e+01 1.276590837709097315e+01 1.498601812362984198e+01 1.498658226995648235e+01 1.735885221807889067e+01 1.736074768128877821e+01 2.308602659608947150e+01 2.308615767429333232e+01
7.598849191055577490e-02 1.079138752027482884e+00 1.081629225892688950e+00 2.698701847845724533e+00 2.701490026313723369e+00 3.324335217127404096e+00 3.325026826929591284e+00 3.895861327636839011e+00 3.898111595699489396e+00 5.157262931085397462e+00 5.158761587325306763e+00 7.111592456317536559e+00 7.113081266013243642e+00 8.219419050761295864e+00 8.222506567825774937e+00 9.462097855463300178e+00 9.463144396744789688e+00 1.034192126554746416e+01 1.034258193440841822e+01 1.100658008541409849e+01 1.100762388093134092e+01 1.201867368033574834e+01 1.201927726072789682e+01 1.275968396207522382e+01 1.276021305359949842e+01 1.497769668289330447e+01 1.497825755420568861e+01 1.733935223386268731e+01 1.734123476582784207e+01 2.309129189372375990e+01 2.309141426583436640e+01
7.750826174876689068e-02 1.112798857999337976e+00 1.115217202348519399e+00 2.740867982845998974e+00 2.743598330634533955e+00 3.340978429418655971e+00 3.341588915448211683e+00 3.932448500439339689e+00 3.934635869230364236e+00 5.189287807998522517e+00 5.190731889530208143e+00 7.106871587378991606e+00 7.108316129490224178e+00 8.204336175800495568e+00 8.207290777789395975e+00 9.500207948265275704e+00 9.501276528920820752e+00 1.034300678798496698e+01 1.034366556012868799e+01 1.100556426951293787e+01 1.100660192687103667e+01 1.202822516748202908e+01 1.202877341169439518e+01 1.275378482779605349e+01 1.275427103919219007e+01 1.496945947617565054e+01 1.497001648324791567e+01 1.731953662196169930e+01 1.732140586888973743e+01 2.309655551545140284e+01 2.309666944032628777e+01
7.902803158697800645e-02 1.146445646836226517e+00 1.148794567564488611e+00 2.782338733909821116e+00 2.785005764203869916e+00 3.356889337755028180e+00 3.357440006096481522e+00 3.968353399522619895e+00 3.970473860091492835e+00 5.221418164122558991e+00 5.222805567615415256e+00 7.101821242069095597e+00 7.103230551891845046e+00 8.189389627627621238e+00 8.192209345253033348e+00 9.538619289622346287e+00 9.539705382659105837e+00 1.034434540916169354e+01 1.034500158811685289e+01 1.100465071810173256e+01 1.100568019467072922e+01 1.203763512644828104e+01 1.203813118634790769e+01 1.274766424609923732e+01 1.274810671817801300e+01 1.496132063112873922e+01 1.496187317395404293e+01 1.729942253050353784e+01 1.730127813196588349e+01 2.310181198326889884e+01 2.310191779009017310e+01
8.054780142518912223e-02 1.180053810054592534e+00 1.182335901676683898e+00 2.823086726324449458e+00 2.825685443764548221e+00 3.372163176680834873e+00 3.372670970380997169e+00 4.003519586212805237e+00 4.005570637263120126e+00 5.253607981024303264e+00 5.254937475490526921e+00 7.096442982468756711e+00 7.097826497872414819e+00 8.174602765182875430e+00 8.177285288309086297e+00 9.577241870243277333e+00 9.578340928058787895e+00 1.034597116783827886e+01 1.034662413026829775e+01 1.100384466644789505e+01 1.100486397282474194e+01 1.204686004467541771e+01 1.204730711080690497e+01 1.274135138233968334e+01 1.274174939113783900e+01 1.495329376891837292e+01 1.495384124035407147e+01 1.727902818822285980e+01 1.728086977731403806e+01 2.310705581787834362e+01 2.310715392187261230e+01
8.206757126340023800e-02 1.213598172977663703e+00 1.215815931089444080e+00 2.863081046515574268e+00 2.865606939473914316e+00 3.386883168049181325e+00 3.387361059445157974e+00 4.037907316473252628e+00 4.039887473819522512e+00 5.285811306011720667e+00 5.287082614752740106e+00 7.090739280687642143e+00 7.092106512709221100e+00 8.159998220784755674e+00 8.162540960395061163e+00 9.615976079453444569e+00 9.617083558895146211e+00 1.034792601201286821e+01 1.034857521914364753e+01 1.100315083745711497e+01 1.100415804763667360e+01 1.205585294948180319e+01 1.205625423621684433e+01 1.273488057717823452e+01 1.273523360002698013e+01 1.494539192322148402e+01 1.494593371277944982e+01 1.725837289917056694e+01 1.726020010277196093e+01 2.311228154495310605e+01 2.311237246656514088e+01
8.358734110161135378e-02 1.247053680784203866e+00 1.249209512562986069e+00 2.902286695481470780e+00 2.904735724412597531e+00 3.401123800786642892e+00 3.401581320791256857e+00 4.071490329058157442e+00 4.073398758170128531e+00 5.317982555111949949e+00 5.319196429975050044e+00 7.084713553178568546e+00 7.086073734605355945e+00 8.145597822476606353e+00 8.147997988499414035e+00 9.654711165063588396e+00 9.655822552148721982e+00 1.035026149875746704e+01 1.035090650978568405e+01 1.100257344102978152e+01 1.100356670219165522e+01 1.206456323967143263e+01 1.206492196961185570e+01 1.272829159269912758e+01 1.272859941775324621e+01 1.493762746453814749e+01 1.493816296227363516e+01 1.723747703505472018e+01 1.723928947421588376e+01 2.311748370174399980e+01 2.311756808867221125e+01
8.510711093982246955e-02 1.280395380286293960e+00 1.282491613320345447e+00 2.940663960177517300e+00 2.943032542006019270e+00 3.414953750024545265e+00 3.415397628057226243e+00 4.104253122297385481e+00 4.106089376924557222e+00 5.350076795948393027e+00 5.351235080719637160e+00 7.078370179207519541e+00 7.079731928035441157e+00 8.131422509570287005e+00 8.133677208156484539e+00 9.693323371271793221e+00 9.694434205541776706e+00 1.035304081937964860e+01 1.035368130689864330e+01 1.100211618141487158e+01 1.100309372333047975e+01 1.207293657487802641e+01 1.207325596266700884e+01 1.272162976624767339e+01 1.272189268665722395e+01 1.493001203097053953e+01 1.493054063142081134e+01 1.721636202525704107e+01 1.721815931570813518e+01 2.312265684485474893e+01 2.312273549461751188e+01
8.662688077803358533e-02 1.313598397447551580e+00 1.315637287140860145e+00 2.978167698363593185e+00 2.980452687067296491e+00 3.428438520535391998e+00 3.428873351649946333e+00 4.136188674711007707e+00 4.137952522197609895e+00 5.382050006659427233e+00 5.383155684002571384e+00 7.071714503770093252e+00 7.073085536591501743e+00 8.117492242300656358e+00 8.119598598479260687e+00 9.731673736893929672e+00 9.732779635566320309e+00 1.035634116475047684e+01 1.035697693161171351e+01 1.100178227281410415e+01 1.100274241688691390e+01 1.208091485540066934e+01 1.208119809134061029e+01 1.271494601237404787e+01 1.271516519737135020e+01 1.492255646651353729e+01 1.492307757263629853e+01 1.719505034456047099e+01 1.719683209736957963e+01 2.312779556063057385e+01 2.312786943836436038e+01
8.814665061624468723e-02 1.346637910709845842e+00 1.348621646471232838e+00 3.014746542053532874e+00 3.016945205943469155e+00 3.441642869452457010e+00 3.442071726724862835e+00 4.167296552569382584e+00 4.168987866957733601e+00 5.413859308895450084e+00 5.414916521919749037e+00 7.064752829393395217e+00 7.066139749384055868e+00 8.103825905682970898e+00 8.105781221190804686e+00 9.769605589553977509e+00 9.770702271935693517e+00 1.036025639273781884e+01 1.036088738858533098e+01 1.100157446354113056e+01 1.100251563150269440e+01 1.208843633378513260e+01 1.208868656801143793e+01 1.270829656961801746e+01 1.270847482644727044e+01 1.491527076776622529e+01 1.491578379482797168e+01 1.717356549861253967e+01 1.717533132100187032e+01 2.313289447998566217e+01 2.313296472244109481e+01
8.966642045445580300e-02 1.379489120256374823e+00 1.381419830650379765e+00 3.050342043152007410e+00 3.052452039926686123e+00 3.454633026170399468e+00 3.455057971587871091e+00 4.197581346870133068e+00 4.199200052889135115e+00 5.445463174510678073e+00 5.446477210370853861e+00 7.057492403407872317e+00 7.058900572706990673e+00 8.090441206278381259e+00 8.092243168911078754e+00 9.806941877572810995e+00 9.808025190643364866e+00 1.036489985409253478e+01 1.036552618775984236e+01 1.100149506913319009e+01 1.100241579142908854e+01 1.209543590765757948e+01 1.209565623608949814e+01 1.270174232183791929e+01 1.270188570197665356e+01 1.490816403981176919e+01 1.490866841917735997e+01 1.715193200713420651e+01 1.715368150346910525e+01 2.313794829871040193e+01 2.313801619324924985e+01
9.118619029266691878e-02 1.412127213408387760e+00 1.414006970417629905e+00 3.084887817161828583e+00 3.086907168736007900e+00 3.467478688342957138e+00 3.467901170806656719e+00 4.227051386815371181e+00 4.228597440515614814e+00 5.476821606318366342e+00 5.477798826633661022e+00 7.049941406830043000e+00 7.051374898986233930e+00 8.077354558132864071e+00 8.079001530290712552e+00 9.843482671600309430e+00 9.844548618282329855e+00 1.037040704341731789e+01 1.037102898415772323e+01 1.100154601495748530e+01 1.100244493887100461e+01 1.210184564966794341e+01 1.210203910355542867e+01 1.269534765978357527e+01 1.269546831810053078e+01 1.490124446183244800e+01 1.490173964460953826e+01 1.713017538486665003e+01 1.713190815783125487e+01 2.314295180136869945e+01 2.314301873246460062e+01
9.270596013087803455e-02 1.444527326421129132e+00 1.446358148947865851e+00 3.118308793374778620e+00 3.120235863871106741e+00 3.480254719822911902e+00 3.480675869016733870e+00 4.255717683417492125e+00 4.257191078029186393e+00 5.507896292666943694e+00 5.508843996359838791e+00 7.042108948732008322e+00 7.043570567251279613e+00 8.064580949801085197e+00 8.066072383794804068e+00 9.879003477404754818e+00 9.880048249776201885e+00 1.037693743301817051e+01 1.037755538911439679e+01 1.100172888906713986e+01 1.100260478664499431e+01 1.210759563234703862e+01 1.210776517394589824e+01 1.268918030584325152e+01 1.268929805860818405e+01 1.489451926283039107e+01 1.489500472332581893e+01 1.710832212022688736e+01 1.711003777219980648e+01 2.314789988271317966e+01 2.314796725052486792e+01
9.422572996908915033e-02 1.476664503020674646e+00 1.478448359735243356e+00 3.150520759032543250e+00 3.152354241237881549e+00 3.493042396694751694e+00 3.493463226762086205e+00 4.283593063673910351e+00 4.284993851927696440e+00 5.538650733455031450e+00 5.539576944476836573e+00 7.034005067232356190e+00 7.035496412161234225e+00 8.052133776702712353e+00 8.053470839406259074e+00 9.913255445643901709e+00 9.914275466047172358e+00 1.038467440312650325e+01 1.038528886162612785e+01 1.100204500636128557e+01 1.100289678222572576e+01 1.211261509994067964e+01 1.211276362763259229e+01 1.268331411762410355e+01 1.268345000909768672e+01 1.488799470762119626e+01 1.488846994657063938e+01 1.708639965161908236e+01 1.708809778626202203e+01 2.315278755913352882e+01 2.315285668961528742e+01
9.574549980730026610e-02 1.508513650097232262e+00 1.510252461726088624e+00 3.181430492655731079e+00 3.183169410531180965e+00 3.505929937211420100e+00 3.506351470153470817e+00 4.310691462080506575e+00 4.312019788588415281e+00 5.569050332314914975e+00 5.569963518681841030e+00 7.025640736086147697e+00 7.027162300932142891e+00 8.040024610538024419e+00 8.041211159771370021e+00 9.945969086699211203e+00 9.946961059968314700e+00 1.039382165855744056e+01 1.039443306735960881e+01 1.100249548551628465e+01 1.100332218467220180e+01 1.211683402223759742e+01 1.211696438910204954e+01 1.267782842701394053e+01 1.267799643099265339e+01 1.488167609306299966e+01 1.488214064060042041e+01 1.706443634132050136e+01 1.706611656539175925e+01 2.315760996731292209e+01 2.315768203890714716e+01
9.726526964551138188e-02 1.540049491048618657e+00 1.541745132181472577e+00 3.210936907105785387e+00 3.212580643973049987e+00 3.519011921939148468e+00 3.519435233072387703e+00 4.337027341826148685e+00 4.338283481110371653e+00 5.599062447982275259e+00 5.599971196786332150e+00 7.017027874695707546e+00 7.018579158937699347e+00 8.028262862154313950e+00 8.029307007303646770e+00 9.976863475543328974e+00 9.977824454696730072e+00 1.040459414139023409e+01 1.040520271987732137e+01 1.100308134071333477e+01 1.100388215648834134e+01 1.212018503416429382e+01 1.212030008405586479e+01 1.267280188048239964e+01 1.267300892537871881e+01 1.487556775428446265e+01 1.487602117262331802e+01 1.704246144683072117e+01 1.704412337223445562e+01 2.316236235467984628e+01 2.316243835739680890e+01
9.878503948372249766e-02 1.571246517344078830e+00 1.572900817829645526e+00 3.238933727465810986e+00 3.240482089831824286e+00 3.532387101020327602e+00 3.532813282615400841e+00 4.362615222784486768e+00 4.363799620168268056e+00 5.628656399482446560e+00 5.629569088001134425e+00 7.008179359112394202e+00 7.009758985384982211e+00 8.016855299952814207e+00 8.017771857646208034e+00 1.000566268836830197e+01 1.000659015321007494e+01 1.041720168589285578e+01 1.041780716923940098e+01 1.100380359093619553e+01 1.100457787322687508e+01 1.212260571903118134e+01 1.212270834209755321e+01 1.266830860949314186e+01 1.266855754611519380e+01 1.486967308048872383e+01 1.487011496629302343e+01 1.702050508953974983e+01 1.702214833562045726e+01 2.316704006943458793e+01 2.316712079650713463e+01
1.003048093219336134e-01 1.602078938957571586e+00 1.603693684949630160e+00 3.265314231131310141e+00 3.266767554373175120e+00 3.546154077897224255e+00 3.546584117227900457e+00 4.387469297455310446e+00 4.388582611331607986e+00 5.657803425169253941e+00 5.658727932928381499e+00 6.999109031942856163e+00 7.000714860604609235e+00 8.005805518881716765e+00 8.006619486450547996e+00 1.003211970856297341e+01 1.003301165113730420e+01 1.043182515847407998e+01 1.043242651561520695e+01 1.100466339060975329e+01 1.100541065464902779e+01 1.212404113665239791e+01 1.212413433887653191e+01 1.266441616176956941e+01 1.266470763903235586e+01 1.486399453974115126e+01 1.486442452617058585e+01 1.699859822053500480e+01 1.700022241662473377e+01 2.317163855526692018e+01 2.317172461728228683e+01
1.018245791601447292e-01 1.632520634397659265e+00 1.634097569107249903e+00 3.289978354726215581e+00 3.291337646407910711e+00 3.560404576114483355e+00 3.560839155202891959e+00 4.411603119401262596e+00 4.412646264425740483e+00 5.686476602538011349e+00 5.687420099923296668e+00 6.989831709707628349e+00 6.991460946430278156e+00 7.995113969537296583e+00 7.995863921409834596e+00 1.005604497067970904e+01 1.005689997415174020e+01 1.044858789209297001e+01 1.044918309610094909e+01 1.100566218667366236e+01 1.100638212258229487e+01 1.212444643867637772e+01 1.212453340440703897e+01 1.266118328551533700e+01 1.266151664937206789e+01 1.485853371200266437e+01 1.485895147042204201e+01 1.697677258333073169e+01 1.697837737155446902e+01 2.317615335156511236e+01 2.317624520132897459e+01
1.033443489983558450e-01 1.662545101140381787e+00 1.664085925345320405e+00 3.312841910949566593e+00 3.314109009749623524e+00 3.575214552154245329e+00 3.575653799746675965e+00 4.435029351577561840e+00 4.436003543148216544e+00 5.714650740406938212e+00 5.715619570363962509e+00 6.980363186919281482e+00 6.982012481066880660e+00 7.984779904445112209e+00 7.985517503351259982e+00 1.007733298222882112e+01 1.007815027338407887e+01 1.046752896337529215e+01 1.046811490724173055e+01 1.100680190893807620e+01 1.100749439237617011e+01 1.212378936219456627e+01 1.212387346981386926e+01 1.265865758351797155e+01 1.265903132119628438e+01 1.485329132955066989e+01 1.485369657089988138e+01 1.695506067326533639e+01 1.695664571160726197e+01 2.318058009746554049e+01 2.318067805711706697e+01
1.048641188365669608e-01 1.692125407351393163e+00 1.693631779711641583e+00 3.333846776488889496e+00 3.335024484345462170e+00 3.590634295643889473e+00 3.591077550466226675e+00 4.457759564357403725e+00 4.458666365381090735e+00 5.742302255330224980e+00 5.743301904475222486e+00 6.970720236841078332e+00 6.972385769847083026e+00 7.974805274943244982e+00 7.975587023239664397e+00 1.009597851221696629e+01 1.009675796702441630e+01 1.048858683170113437e+01 1.048915944626447505e+01 1.100808520288506287e+01 1.100875030717228320e+01 1.212205235631748224e+01 1.212213710864508975e+01 1.265687341246805175e+01 1.265728540721962503e+01 1.484826732383829295e+01 1.484865979966456351e+01 1.693349569327487814e+01 1.693506065890506207e+01 2.318491453773879130e+01 2.318501882361223565e+01
1.063838886747780765e-01 1.721234145864913634e+00 1.722707683089945263e+00 3.352970001511745402e+00 3.354062135179679327e+00 3.606679568233026600e+00 3.607125229810276057e+00 4.479804075099803384e+00 4.480645446506989593e+00 5.769409040691665602e+00 5.770444182027931745e+00 6.960920609511372703e+00 6.962598173373628185e+00 7.965196465131437975e+00 7.966072048302510922e+00 1.011207609946064423e+01 1.011281818973455238e+01 1.051159960851904707e+01 1.051215416125590529e+01 1.100951571712816701e+01 1.101015372724354080e+01 1.211923408869589736e+01 1.211932296477192494e+01 1.265585033706602758e+01 1.265629804573926975e+01 1.484346087778158463e+01 1.484384038094085412e+01 1.691211150571486144e+01 1.691365609857242802e+01 2.318915252908768920e+01 2.318926327264139076e+01
1.079036585129891784e-01 1.749843391469330989e+00 1.751285668382052796e+00 3.370229404201313894e+00 3.371240722919868649e+00 3.623326221692399152e+00 3.623771752933917067e+00 4.501171822882093387e+00 4.501950179561205800e+00 5.795950332269565131e+00 5.797024916089720925e+00 6.950983028163837396e+00 6.952668094723982506e+00 7.955961475203912947e+00 7.956967824059305805e+00 1.012580278123925659e+01 1.012650846695405349e+01 1.053632206615169764e+01 1.053685354838258270e+01 1.101109846172817441e+01 1.101170989060996774e+01 1.211535013173564757e+01 1.211544642438104979e+01 1.265559234667200172e+01 1.265607294549614714e+01 1.483887048243298246e+01 1.483923684747187366e+01 1.689094257986821646e+01 1.689246652649263325e+01 2.319329004608812284e+01 2.319340731074532158e+01
1.094234283512002942e-01 1.777924662634023933e+00 1.779337212174811667e+00 3.385683833814179700e+00 3.386619834792277128e+00 3.640510118748383928e+00 3.640952219531778500e+00 4.521870273629319037e+00 4.522588547206470189e+00 5.821906570262697755e+00 5.823023940979069835e+00 6.940927185640997088e+00 6.942614967624547440e+00 7.947106575117800276e+00 7.948268729877279171e+00 1.013739024343779249e+01 1.013806083185639650e+01 1.056245316289861336e+01 1.056295665499954239e+01 1.101284025870113581e+01 1.101342586620318897e+01 1.211043275195048530e+01 1.211053945762549056e+01 1.265608792775459257e+01 1.265659844260827249e+01 1.483449399699663296e+01 1.483484710023057040e+01 1.687002393474887540e+01 1.687152699234659892e+01 2.319732318644631519e+01 2.319744698083671963e+01
1.109431981894114100e-01 1.805448888897156934e+00 1.806833202110144310e+00 3.399427841658665184e+00 3.400294459435202477e+00 3.658132625131468973e+00 3.658567538061617164e+00 4.541905352459595591e+00 4.542567061222396063e+00 5.847259255610868678e+00 5.848422276921503737e+00 6.930773742793335579e+00 6.932459247752764675e+00 7.938635196324082877e+00 7.939969518439690788e+00 1.014709512899471910e+01 1.014773212937019231e+01 1.058966529626225750e+01 1.059013623708811380e+01 1.101475031251412773e+01 1.101531112716308058e+01 1.210452986530749442e+01 1.210464964076088101e+01 1.265731096521317944e+01 1.265784838974576587e+01 1.483032871116484763e+01 1.483066847047152059e+01 1.684939107678647829e+01 1.685087303751449994e+01 2.320124817548474994e+01 2.320137846375170554e+01
1.124629680276225258e-01 1.832386385221313585e+00 1.833743911263672643e+00 3.411582239669648242e+00 3.412385514842465550e+00 3.676070198643241138e+00 3.676494068226448864e+00 4.561281401810267866e+00 4.561890725319198481e+00 5.871990797688921404e+00 5.873201973904514261e+00 6.920544331177942432e+00 6.922222409566250789e+00 7.930548204202481521e+00 7.932065194217626569e+00 1.015517437949850432e+01 1.015577937783436369e+01 1.061762834675748479e+01 1.061806268913595552e+01 1.101684093610516690e+01 1.101737827931577662e+01 1.209770331840726421e+01 1.209783847846681226e+01 1.265922233911559758e+01 1.265978373883673669e+01 1.482637140880220983e+01 1.482669778315287878e+01 1.682907993196264584e+01 1.683054062740504975e+01 2.320506136987595625e+01 2.320519807968363324e+01
1.139827378658336415e-01 1.858706834709436873e+00 1.860038980922745777e+00 3.422283036706252446e+00 3.423028819770314257e+00 3.694185586289627121e+00 3.694594789379936461e+00 4.580001165994355361e+00 4.580563016474561877e+00 5.896084350506478167e+00 5.897345936506485309e+00 6.910261562615106712e+00 6.911926951261766483e+00 7.922844444263152042e+00 7.924550635323156733e+00 1.016186861036593037e+01 1.016244317734389391e+01 1.064602545131343447e+01 1.064641972731143760e+01 1.101912847637904846e+01 1.101964398781509047e+01 1.209002670735616647e+01 1.209017923640522874e+01 1.266177201040571632e+01 1.266235460956730918e+01 1.482261843207117735e+01 1.482293142082526138e+01 1.680912677196446836e+01 1.681056607777128775e+01 2.320875926068264050e+01 2.320890228945619782e+01
1.155025077040447573e-01 1.884379281156957964e+00 1.885687413236744936e+00 3.431671143867799145e+00 3.432364876414372823e+00 3.712338235583042323e+00 3.712729627914263197e+00 4.598065805231466463e+00 4.598585878712158070e+00 5.919523634915901944e+00 5.920837730567267698e+00 6.899949048315857425e+00 6.901596410605957743e+00 7.915521192720618160e+00 7.917420325381114843e+00 1.016739323947808593e+01 1.016793887326699242e+01 1.067456073006356299e+01 1.067491206945722304e+01 1.102163449025717945e+01 1.102213015125698803e+01 1.208158296587999914e+01 1.208175453019399015e+01 1.266490136032063241e+01 1.266550260914645776e+01 1.481906574517553565e+01 1.481936538716708185e+01 1.678956813392824898e+01 1.679098597457935682e+01 2.321233847577073917e+01 2.321248769559108283e+01
1.170222775422558731e-01 1.909372132992952498e+00 1.910657575289882448e+00 3.439884360415214282e+00 3.440530945738403013e+00 3.730392404049129862e+00 3.730763464214322145e+00 4.615474944171340965e+00 4.615959722052430436e+00 5.942292744758491452e+00 5.943661371788478753e+00 6.889631430339016482e+00 6.891255394424855574e+00 7.908574480854687394e+00 7.910668223142224953e+00 1.017193545696867041e+01 1.017245355540833529e+01 1.070296082579600494e+01 1.070326697946333994e+01 1.102438722327332954e+01 1.102486537225366625e+01 1.207246194219727009e+01 1.207265390134807426e+01 1.266854556168654256e+01 1.266916318304695643e+01 1.481570899699382693e+01 1.481599536944158757e+01 1.677044073336972829e+01 1.677183708701886999e+01 2.321579578165931679e+01 2.321595104313594504e+01
1.185420473804669889e-01 1.933653180228243063e+00 1.934917216209859792e+00 3.447052114830685188e+00 3.447655867299048715e+00 3.748222488130819485e+00 3.748571368769433310e+00 4.632226759376211866e+00 4.632683420407589736e+00 5.964375935291380770e+00 5.965801095841337442e+00 6.879334428042366056e+00 6.880929624453935745e+00 7.901999332096459661e+00 7.904287728018914549e+00 1.017565486231924865e+01 1.017614671633016599e+01 1.073097238808472831e+01 1.073123182385954699e+01 1.102742342639021800e+01 1.102788675538299579e+01 1.206275814375384314e+01 1.206297156313706154e+01 1.267263580411362511e+01 1.267326782032925436e+01 1.481254358197671017e+01 1.481281679925335837e+01 1.675178136993699596e+01 1.675315627328358303e+01 2.321912808486433377e+01 2.321928922023080233e+01
1.200618172186781046e-01 1.957189626075663158e+00 1.958433498972786735e+00 3.453292686805317313e+00 3.453857338899700480e+00 3.765715842455966911e+00 3.766041352320094848e+00 4.648318103893063657e+00 4.648754308751859909e+00 5.985757392675093769e+00 5.987241109374976666e+00 6.869084901917189789e+00 6.870646001988599316e+00 7.895789946658754666e+00 7.898271703903867902e+00 1.017868601676665286e+01 1.017915281721550080e+01 1.075835724900316137e+01 1.075856944200503129e+01 1.103079049046064419e+01 1.103124200501456009e+01 1.205256877245654223e+01 1.205280443879965979e+01 1.267710125344492056e+01 1.267774599512399369e+01 1.480956469878905324e+01 1.480982491108971111e+01 1.673362682568235371e+01 1.673498037881063283e+01 2.322233243278739323e+01 2.322249925840297635e+01
1.215815870568892204e-01 1.979948134927427494e+00 1.981173048583796170e+00 3.458712291696956598e+00 3.459241036872690689e+00 3.782773705793082364e+00 3.783075248362045784e+00 4.663744653809198226e+00 4.664168193134412554e+00 6.006420983858749452e+00 6.007965321493195177e+00 6.858910936678809911e+00 6.860432693273305738e+00 7.889939855418325543e+00 7.892612536870576179e+00 1.018114174020130847e+01 1.018158459214135547e+01 1.078488653684207499e+01 1.078505274935664460e+01 1.103454873859219809e+01 1.103499165436528351e+01 1.204199211492148613e+01 1.204225055528831589e+01 1.268187068415122454e+01 1.268252678369047715e+01 1.480676740628371135e+01 1.480701479823990141e+01 1.671601375563148650e+01 1.671734612674881149e+01 2.322540601419565576e+01 2.322557833259078919e+01
1.231013568951003362e-01 2.001894898356265884e+00 2.003102018293280828e+00 3.463405370833812391e+00 3.463900924619987887e+00 3.799310889001358937e+00 3.799588378909308783e+00 4.678501048488764802e+00 4.678919400108093818e+00 6.026349986996365260e+00 6.027957055849661572e+00 6.848841944648961899e+00 6.850319236743297679e+00 7.884442055228799262e+00 7.887302212063219464e+00 1.018311647335982961e+01 1.018353641345079197e+01 1.081033460641390498e+01 1.081045996773446483e+01 1.103877342255127481e+01 1.103921096286080505e+01 1.203112630281554907e+01 1.203140780646610608e+01 1.268687377196122767e+01 1.268754014462182411e+01 1.480414667649673888e+01 1.480438146578959646e+01 1.669897857053369705e+01 1.670029000053173718e+01 2.322834615933544100e+01 2.322852376090436621e+01
1.246211267333114520e-01 2.022995720737601033e+00 2.024186175439143476e+00 3.467455548102535090e+00 3.467920215376996129e+00 3.815254763733055832e+00 3.815508535991243289e+00 4.692580997539566035e+00 4.693000890462995400e+00 6.045526803703221042e+00 6.047198744581955943e+00 6.838908789205708771e+00 6.840336671978184846e+00 7.879289132199317258e+00 7.882332400946186368e+00 1.018468936505073330e+01 1.018508737953967902e+01 1.083447374138371799e+01 1.083457220817336975e+01 1.104355542486964659e+01 1.104399047980714066e+01 1.202006842230391470e+01 1.202037306413041051e+01 1.269204206853615702e+01 1.269271788397766976e+01 1.480169744445043278e+01 1.480191988048711771e+01 1.668255731180655133e+01 1.668384811856210703e+01 2.323115033971979315e+01 2.323133300413850577e+01
1.261408965715225816e-01 2.043216125953619233e+00 2.044391008368603657e+00 3.470936871979922511e+00 3.471372613204417146e+00 3.830543932274935059e+00 3.830774653577966316e+00 4.705977349721937486e+00 4.706404439558271591e+00 6.063932656167286162e+00 6.065671606976757779e+00 6.829143926265673237e+00 6.830517688406002819e+00 7.874473376335599184e+00 7.877694553467574856e+00 1.018592694953223088e+01 1.018630399132104714e+01 1.085707445292961992e+01 1.085717253676299165e+01 1.104899881920301219e+01 1.104943344119327975e+01 1.200891392905487010e+01 1.200924159311760597e+01 1.269730970038089346e+01 1.269799434733957710e+01 1.479941465463815220e+01 1.479962501736844871e+01 1.666678551884290371e+01 1.666805610116804104e+01 2.323381616762857149e+01 2.323400366505713777e+01
1.276606664097336696e-01 2.062521486423124717e+00 2.063681855675842058e+00 3.473915103726323395e+00 3.474323596473718911e+00 3.845126817679977549e+00 3.845335404842145532e+00 4.718682146007630251e+00 4.719120859062529760e+00 6.081547274534440106e+00 6.083355318180315052e+00 6.819581559253664160e+00 6.820896789251688297e+00 7.869986889235157435e+00 7.873379991653270515e+00 1.018688539100305235e+01 1.018724239508612683e+01 1.087792057667872214e+01 1.087804293532678734e+01 1.105521248325373662e+01 1.105564724742662541e+01 1.199775631367108630e+01 1.199810671543507823e+01 1.270261384288499151e+01 1.270330688942352637e+01 1.479729330414163258e+01 1.479749190310845108e+01 1.665169808902640369e+01 1.665294893017222222e+01 2.323634139535864307e+01 2.323653348747312464e+01
1.291804362479447854e-01 2.080877175384179711e+00 2.082024058675162603e+00 3.476448917580826414e+00 3.476831612005236050e+00 3.858960308600346778e+00 3.859147856370083840e+00 4.730686687927549983e+00 4.731140225481983208e+00 6.098348583253869748e+00 6.100227676603990012e+00 6.810257799647940757e+00 6.811510462781381392e+00 7.865821685616949388e+00 7.869380002320653489e+00 1.018761232613776535e+01 1.018795022316285959e+01 1.089682393628882195e+01 1.089698029565064807e+01 1.106229273238731103e+01 1.106272610185875926e+01 1.198668695833391595e+01 1.198705966441654169e+01 1.270789502077643718e+01 1.270859617227176308e+01 1.479532848239612619e+01 1.479551565613458308e+01 1.663732913100139044e+01 1.663856080161532347e+01 2.323872391426089479e+01 2.323892035514963084e+01
1.307002060861559012e-01 2.098248742927536714e+00 2.099383137600943083e+00 3.478590948449577169e+00 3.478949116746905101e+00 3.872008524065626123e+00 3.872176242890965625e+00 4.741981640192713954e+00 4.742452092536456831e+00 6.114312399346488291e+00 6.116264283080340647e+00 6.801210820827860104e+00 6.802397348396827859e+00 7.861969788990272434e+00 7.865685927329701066e+00 1.018814835683132358e+01 1.018846808480953570e+01 1.091364090804323084e+01 1.091383053816025139e+01 1.107029614997481382e+01 1.107072413023579216e+01 1.197579512555445547e+01 1.197618957005061091e+01 1.271309728157750563e+01 1.271380633837111951e+01 1.479351540767014761e+01 1.479369152359563344e+01 1.662371181196183656e+01 1.662492497239610501e+01 2.324096175360014982e+01 2.324116229055120186e+01
1.322199759243670170e-01 2.114602115725403131e+00 2.115724991472611283e+00 3.480388664866589821e+00 3.480723445566080709e+00 3.884241721758586063e+00 3.884390885165599716e+00 4.752557168733490656e+00 4.753045681867608785e+00 6.129412160916933416e+00 6.131438250393649092e+00 6.792480987521254399e+00 6.793598379486014416e+00 7.858423321531948780e+00 7.862289250263981621e+00 1.018852824951576430e+01 1.018883076385253439e+01 1.092830218496136929e+01 1.092851905737157026e+01 1.107920780106587522e+01 1.107962421722490021e+01 1.196516802167010241e+01 1.196558351838715062e+01 1.271816828144174494e+01 1.271888509784833410e+01 1.479184946036478365e+01 1.479201491532062462e+01 1.661087819995446679e+01 1.661207360182318027e+01 2.324305307927357589e+01 2.324325745347435301e+01
1.337397457625781327e-01 2.129903819716342905e+00 2.131016120880744324e+00 3.481885068660136806e+00 3.482197507028268912e+00 3.895635350393327645e+00 3.895767251203615000e+00 4.762403104575773760e+00 4.762910056959662519e+00 6.143618710592849474e+00 6.145719968489314233e+00 6.784110936727451246e+00 6.785156878189330776e+00 7.855174588137392888e+00 7.859181678757780176e+00 1.018878189363353037e+01 1.018906817571830459e+01 1.094083616468096842e+01 1.094107193270160572e+01 1.108891747811622253e+01 1.108931499147705502e+01 1.195489087951704121e+01 1.195532662972382276e+01 1.272305931480479124e+01 1.272378376094571983e+01 1.479032621326394725e+01 1.479048143493275091e+01 1.659885910243117735e+01 1.660003758931622642e+01 2.324499619242222082e+01 2.324520413958776999e+01
1.352595156007892485e-01 2.144121224197186315e+00 2.145223872141412524e+00 3.483119234762585226e+00 3.483410320862305287e+00 3.906169235599928236e+00 3.906285150050581745e+00 4.771509121791263297e+00 4.772034287107224770e+00 6.156900165602877451e+00 6.159076958138226310e+00 6.776145578914863243e+00 6.777118569715478991e+00 7.852216154578474772e+00 7.856355221914656184e+00 1.018893506499149559e+01 1.018920612959599659e+01 1.095137010289652579e+01 1.095161626960262780e+01 1.109921793113412747e+01 1.109958946917624090e+01 1.194504700592730018e+01 1.194550210151482261e+01 1.272772531168524246e+01 1.272845723937053464e+01 1.478894145888183331e+01 1.478908690829712924e+01 1.658768390252242142e+01 1.658884640973426983e+01 2.324678952796965348e+01 2.324700077891261074e+01
1.367792854390003643e-01 2.157222804850401854e+00 2.158316700345581651e+00 3.484126709823177404e+00 3.484397415960344357e+00 3.915826884380005701e+00 3.915928043191525543e+00 4.779864919937739209e+00 4.780407605970007801e+00 6.169221913143618785e+00 6.171473853343570681e+00 6.768631981309397361e+00 6.769531476291488659e+00 7.849540919705519926e+00 7.853802262430265024e+00 1.018901003224299906e+01 1.018926693395029837e+01 1.096010602508800602e+01 1.096035546326461585e+01 1.110982882959964790e+01 1.111016881881938545e+01 1.193571774062592361e+01 1.193619116291272064e+01 1.273212481978486821e+01 1.273286403340615003e+01 1.478769123406321384e+01 1.478782740948107310e+01 1.657738039473151304e+01 1.657852794804058760e+01 2.324843165312042004e+01 2.324864593427317061e+01
1.382990552772114801e-01 2.169178422229085523e+00 2.170264447825654752e+00 3.484939789842764757e+00 3.485191109293397815e+00 3.924594892578733507e+00 3.924682458067739521e+00 4.787460404352803067e+00 4.788019566306631170e+00 6.180546775212422794e+00 6.182872558966947096e+00 6.761619089518991821e+00 6.762445644617999463e+00 7.847142181652599469e+00 7.851515623157125034e+00 1.018902603777913107e+01 1.018926987660138828e+01 1.096728234614799469e+01 1.096753000462726391e+01 1.112043559209357824e+01 1.112074055816028739e+01 1.192698227483877815e+01 1.192747288964612551e+01 1.273621998297571700e+01 1.273696621609723145e+01 1.478657184199902019e+01 1.478669928438555026e+01 1.656797462195716264e+01 1.656910833522528392e+01 2.324992126584998786e+01 2.325013829974736623e+01
1.398188251154225958e-01 2.179959611175048995e+00 2.181038633517002445e+00 3.485587696818719383e+00 3.485820685844160938e+00 3.932462441024282995e+00 3.932537489438402645e+00 4.794285859906366909e+00 4.794860190346718731e+00 6.190835389194798033e+00 6.193232632814022587e+00 6.755157241579485827e+00 6.755912657930060128e+00 7.845013698032554217e+00 7.849488627942325714e+00 1.018899967827733555e+01 1.018923160451832466e+01 1.097313741166864709e+01 1.097338030430254108e+01 1.113072653842816173e+01 1.113099506727366261e+01 1.191891728223808755e+01 1.191942383230684221e+01 1.273997652332993269e+01 1.274072942138620412e+01 1.478557987183515543e+01 1.478569917216411689e+01 1.655949071592858957e+01 1.656061178758784536e+01 2.325125719341609454e+01 2.325147669914550619e+01
1.413385949536337116e-01 2.189539875617412257e+00 2.190612747665845461e+00 3.486096673442827587e+00 3.486312498539024585e+00 3.939420867929489312e+00 3.939484376277562205e+00 4.800332115187647020e+00 4.800920114099204383e+00 6.200046846558046276e+00 6.202511937932696284e+00 6.749297432390528151e+00 6.749984887254369070e+00 7.843149740135402226e+00 7.847715156639269551e+00 1.018894520513081225e+01 1.018916642340891165e+01 1.097788520471521778e+01 1.097812199769462893e+01 1.114041788473442018e+01 1.114065021660575994e+01 1.191159632395187096e+01 1.191211742024446885e+01 1.274336373044986814e+01 1.274412283969025061e+01 1.478471221608677411e+01 1.478482402447187383e+01 1.655195074327278348e+01 1.655306045162160089e+01 2.325243839091987752e+01 2.325266008454450173e+01
1.428583647918448274e-01 2.197894982260425678e+00 2.198962545398657653e+00 3.486490013836935464e+00 3.486690005622709698e+00 3.945463307244339024e+00 3.945516144018792914e+00 4.805590694862398315e+00 4.806190723429883072e+00 6.208139619099132034e+00 6.210667597942308937e+00 6.744090299367365482e+00 6.744714449389027422e+00 7.841545141166875510e+00 7.846189694246035629e+00 1.018887476088299771e+01 1.018908653305787304e+01 1.098170443680024100e+01 1.098193493527590547e+01 1.114926536790498979e+01 1.114946290829855791e+01 1.190508900540646664e+01 1.190562311927088501e+01 1.274635445934964650e+01 1.274711922192482305e+01 1.478396608613681273e+01 1.478407112247412591e+01 1.654537455951782121e+01 1.654647425683053186e+01 2.325346393994332317e+01 2.325368753490305807e+01
1.443781346300559432e-01 2.205003245902595665e+00 2.206066331902877042e+00 3.486788047493695419e+00 3.486973761030770724e+00 3.950584384583156972e+00 3.950627303985427385e+00 4.810053958358959214e+00 4.810664279683560807e+00 6.215072777915541913e+00 6.217657263088712583e+00 6.739584824412403030e+00 6.740151864210410793e+00 7.840195338581158246e+00 7.844907374159376445e+00 1.018879856447427734e+01 1.018900221103717563e+01 1.098473712014928338e+01 1.098496182439259528e+01 1.115706650736743910e+01 1.115723142804979773e+01 1.189945988715474989e+01 1.190000534562508072e+01 1.274892513638044811e+01 1.274969489125275857e+01 1.478333902620162910e+01 1.478343809139116161e+01 1.653977967336074073e+01 1.654087077883699664e+01 2.325433304728690587e+01 2.325455825478106320e+01
1.458979044682670312e-01 2.210845798614624158e+00 2.211905231455912002e+00 3.487008093215275828e+00 3.487181370962745497e+00 3.954779963928233943e+00 3.954813603739699701e+00 4.813715223308131286e+00 4.814334032777797034e+00 6.220807473976705637e+00 6.223440656493884227e+00 6.735826783727465461e+00 6.736344441963062479e+00 7.839096410573488605e+00 7.843864015558658309e+00 1.018872505541601647e+01 1.018892195475316598e+01 1.098709202668160678e+01 1.098731181224133913e+01 1.116365815663465533e+01 1.116379317166998675e+01 1.189476718425870772e+01 1.189532217081140075e+01 1.275105577154501546e+01 1.275182976072832552e+01 1.478282892626745948e+01 1.478292291218766685e+01 1.653518112348560720e+01 1.653626511509861885e+01 2.325504504382971405e+01 2.325527157318476412e+01
1.474176743064781470e-01 2.215406834819698911e+00 2.216463432355805452e+00 3.487164399843468487e+00 3.487327427026741145e+00 3.958046939140994258e+00 3.958071824184457910e+00 4.816568872370003085e+00 4.817194319942954550e+00 6.225308603500794291e+00 6.227981321318435626e+00 6.732857023014281239e+00 6.733334479531937866e+00 7.838245106802978590e+00 7.843056154948512493e+00 1.018866100479559478e+01 1.018885258968199103e+01 1.098884976683516435e+01 1.098906568165210196e+01 1.116891256766815843e+01 1.116902096113367904e+01 1.189106132633260060e+01 1.189162388910001589e+01 1.275272997489713234e+01 1.275350735439267424e+01 1.478243403456125904e+01 1.478252392991265651e+01 1.653159137010572266e+01 1.653266977544247496e+01 2.325559938353107725e+01 2.325582694255644611e+01
1.489374441446892627e-01 2.218673824522948923e+00 2.219728400010809732e+00 3.487268090159053813e+00 3.487423423669269162e+00 3.960383062137639687e+00 3.960399623842362882e+00 4.818610442275416794e+00 4.819240648568124286e+00 6.228546533276526631e+00 6.231248437636339510e+00 6.730709684215336885e+00 6.731157396017311889e+00 7.837638873415692764e+00 7.842481071896869160e+00 1.018861159916626136e+01 1.018879934996539482e+01 1.099006771395837490e+01 1.099028086474476140e+01 1.117273359669182931e+01 1.117281966440643970e+01 1.188838348708266146e+01 1.188895155579017704e+01 1.275393497447075575e+01 1.275471482916041488e+01 1.478215296996713057e+01 1.478223985831402132e+01 1.652902020321928589e+01 1.653009458943947507e+01 2.325599564259059449e+01 2.325622393792508191e+01
1.504572139829003785e-01 2.220637687561612950e+00 2.221691051068844125e+00 3.487327121432522770e+00 3.487477667052612418e+00 3.961786770119256396e+00 3.961795462183149485e+00 4.819836694108055930e+00 4.820469761905751049e+00 6.230498721726339895e+00 6.233218534723310000e+00 6.729410549513053397e+00 6.729839980743325789e+00 7.837275872432299728e+00 7.842136809005897824e+00 1.018858050180493358e+01 1.018876593618432302e+01 1.099078401012786621e+01 1.099099550939419068e+01 1.117505362911176370e+01 1.117512379253702726e+01 1.188676421976625619e+01 1.188733563154642603e+01 1.275466163324887248e+01 1.275544299493173916e+01 1.478198473426531656e+01 1.478206978086003431e+01 1.652747466931692344e+01 1.652854663238873556e+01 2.325623351878017786e+01 2.325646225623129482e+01
1.519769838211114943e-01 2.221292922792837299e+00 2.222345882512578807e+00 3.487346268236982905e+00 3.487495186511356149e+00 3.962256172025278911e+00 3.962259437716013188e+00 4.820245664060088586e+00 4.820879686677536746e+00 6.231151053771940340e+00 6.233876904319331835e+00 6.728975684974195737e+00 6.729398947968362243e+00 7.837154995554605819e+00 7.842022186149767649e+00 1.018856989448616801e+01 1.018875455398442753e+01 1.099102041898711057e+01 1.099123136951781987e+01 1.117583165818312985e+01 1.117589580783135794e+01 1.188622234463033855e+01 1.188679487753909214e+01 1.275490446299283498e+01 1.275568633069903157e+01 1.478192872316681772e+01 1.478201314918999998e+01 1.652695901796420941e+01 1.652803017136228902e+01 2.325631283095917112e+01 2.325654171583758867e+01
1.519769838211114943e-01 2.221292922792837299e+00 2.222345882512578807e+00 3.487346268236982905e+00 3.487495186511356149e+00 3.962256172025278911e+00 3.962259437716013188e+00 4.820245664060088586e+00 4.820879686677536746e+00 6.231151053771940340e+00 6.233876904319331835e+00 6.728975684974195737e+00 6.729398947968362243e+00 7.837154995554605819e+00 7.842022186149767649e+00 1.018856989448616801e+01 1.018875455398442753e+01 1.099102041898711057e+01 1.099123136951781987e+01 1.117583165818312985e+01 1.117589580783135794e+01 1.188622234463033855e+01 1.188679487753909214e+01 1.275490446299283498e+01 1.275568633069903157e+01 1.478192872316681772e+01 1.478201314918999998e+01 1.652695901796420941e+01 1.652803017136228902e+01 2.325631283095917112e+01 2.325654171583758867e+01
1.529002596955323368e-01 2.221352378934383420e+00 2.222405143061028543e+00 3.487355596165419236e+00 3.487504410395099175e+00 3.962415189994744402e+00 3.962450062102194082e+00 4.820230484277446159e+00 4.820864230006839612e+00 6.231158614294030507e+00 6.233882730682350548e+00 6.728943066851502230e+00 6.729369036259229553e+00 7.837015255528847035e+00 7.841881550952824576e+00 1.018869143871302896e+01 1.018887622169115659e+01 1.099098276413164932e+01 1.099119407596727882e+01 1.117577844376192431e+01 1.117584248682041626e+01 1.188625025779839284e+01 1.188682246476155768e+01 1.275492530687995085e+01 1.275570721520227124e+01 1.478192521664930581e+01 1.478200962104218164e+01 1.652695625937753832e+01 1.652802734559930187e+01 2.325630214786144379e+01 2.325653103088497886e+01
1.538235355699531792e-01 2.221530496149195066e+00 2.222582674182770557e+00 3.487383511842787609e+00 3.487532014064693708e+00 3.962921957557745234e+00 3.962991402705287491e+00 4.820184964664146143e+00 4.820817881059922705e+00 6.231181292561403851e+00 6.233900208962768197e+00 6.728845292061227390e+00 6.729279345457528372e+00 7.836596645186864052e+00 7.841460256478409718e+00 1.018905564626242111e+01 1.018924080006197563e+01 1.099086977752181760e+01 1.099108217016886968e+01 1.117561908928897196e+01 1.117568281362197880e+01 1.188633385061976533e+01 1.188690508098922827e+01 1.275498777664518713e+01 1.275576980675077365e+01 1.478191471165053805e+01 1.478199905117733159e+01 1.652694798797631037e+01 1.652801887275008852e+01 2.325627011036686298e+01 2.325649898782450009e+01
1.547468114443740217e-01 2.221826522885888444e+00 2.222877726384166586e+00 3.487429811862073237e+00 3.487577794500502204e+00 3.963776772786412828e+00 3.963880702952253809e+00 4.820109164835443494e+00 4.820740703465576260e+00 6.231219078257876909e+00 6.233929336342725946e+00 6.728682597130822174e+00 6.729130012264555205e+00 7.835900990507023600e+00 7.840760132853453079e+00 1.018966124357163672e+01 1.018984701661793757e+01 1.099068139431845381e+01 1.099089557808700235e+01 1.117535445896341351e+01 1.117541765562914868e+01 1.188647268418514180e+01 1.188704229102950194e+01 1.275509168679220551e+01 1.275587391965362016e+01 1.478189725177478664e+01 1.478198148327423844e+01 1.652693421682855757e+01 1.652800476612537750e+01 2.325621675385476905e+01 2.325644562203179433e+01
1.556700873187948642e-01 2.222239213457146256e+00 2.223289057403938340e+00 3.487494160244651198e+00 3.487641416396977778e+00 3.964977637948648326e+00 3.965115857161846780e+00 4.820003185520020494e+00 4.820632804714548136e+00 6.231271952793780322e+00 6.233970106821374202e+00 6.728455369952818010e+00 6.728921275883363862e+00 7.834931324057059499e+00 7.839784219577654589e+00 1.019050611411040208e+01 1.019069275643379413e+01 1.099041751077392881e+01 1.099063418101175316e+01 1.117498598588114689e+01 1.117504845147287718e+01 1.188666603075821904e+01 1.188723337329908247e+01 1.275523672880003012e+01 1.275601924506786844e+01 1.478187290950618582e+01 1.478195698994127127e+01 1.652691496768655810e+01 1.652798504788171741e+01 2.325614213723596535e+01 2.325637099241157202e+01
1.565933631932157066e-01 2.222766838284849555e+00 2.223814942452945864e+00 3.487576092908707626e+00 3.487722416670505421e+00 3.966521713516951930e+00 3.966693947954612831e+00 4.819867170610312002e+00 4.820494338319305072e+00 6.231339887218794615e+00 6.234022509265126466e+00 6.728164143345455983e+00 6.728653491985117974e+00 7.833691868999506092e+00 7.838536749556491046e+00 1.019158730739334828e+01 1.019177507086379642e+01 1.099007799075415370e+01 1.099029782258385168e+01 1.117451566120455198e+01 1.117457720051783454e+01 1.188691287938443431e+01 1.188747732537134816e+01 1.275542247208178459e+01 1.275620535196076943e+01 1.478184178592496600e+01 1.478192567243266708e+01 1.652689027094506713e+01 1.652795974897916054e+01 2.325604634287066830e+01 2.325627518131556215e+01
1.575166390676365491e-01 2.223407198041086552e+00 2.224453188347098820e+00 3.487675023766317217e+00 3.487820210607979643e+00 3.968405325177442489e+00 3.968611227795367125e+00 4.819701310023621232e+00 4.820325506828428530e+00 6.231422839314409323e+00 6.234086524692258102e+00 6.727809590495374970e+00 6.728327147713544676e+00 7.832188016897001503e+00 7.837023126947199714e+00 1.019290105140271052e+01 1.019309018959231672e+01 1.098966267495291227e+01 1.098988631863274890e+01 1.117394601904887885e+01 1.117400644822210687e+01 1.188721194362450717e+01 1.188777287162559126e+01 1.275564836532522683e+01 1.275643168845507169e+01 1.478180401031158020e+01 1.478188766025272649e+01 1.652686016558289950e+01 1.652792890912227008e+01 2.325592947645385067e+01 2.325615829442801541e+01
1.584399149420573916e-01 2.224157641488036408e+00 2.225201151336166472e+00 3.487790252297887417e+00 3.487934099501676766e+00 3.970623958793171315e+00 3.970863110258533002e+00 4.819505843364084718e+00 4.820126565685685982e+00 6.231520749880769650e+00 6.234162122806425010e+00 6.727392524150478614e+00 6.727942875766573572e+00 7.830426299510501842e+00 7.835249899012636909e+00 1.019444276823416828e+01 1.019463353584891507e+01 1.098917139286592537e+01 1.098939946983275640e+01 1.117328011713763836e+01 1.117333926742850458e+01 1.188756167129809427e+01 1.188811847288506307e+01 1.275591373821347396e+01 1.275669758355572547e+01 1.478175973964013146e+01 1.478184311064934775e+01 1.652682469908787866e+01 1.652789257668423417e+01 2.325579166686826227e+01 2.325602046061878525e+01
1.593631908164782340e-01 2.225015086769765560e+00 2.226055758380949712e+00 3.487920972419645160e+00 3.488063279582306553e+00 3.973172253157325695e+00 3.973444161854472689e+00 4.819281064371808476e+00 4.819897827919861655e+00 6.231633538238218861e+00 6.234249257798868626e+00 6.726913900200135465e+00 6.727501466794610252e+00 7.828414354832203159e+00 7.833224722227170922e+00 1.019620709273547554e+01 1.019639974458837095e+01 1.098860397759072427e+01 1.098883707718342251e+01 1.117252151329972065e+01 1.117257923567720823e+01 1.188796025609538098e+01 1.188851233790358819e+01 1.275621780352375723e+01 1.275700224925575199e+01 1.478170915796294871e+01 1.478179220799871096e+01 1.652678392736499546e+01 1.652785080861402633e+01 2.325563306600542290e+01 2.325586183176450206e+01
1.602864666908990765e-01 2.225976045865091901e+00 2.227013531587518802e+00 3.488066282434005405e+00 3.488206852036012773e+00 3.976043991986588644e+00 3.976348093749504820e+00 4.819027326141367418e+00 4.819639669646731406e+00 6.231761096969703928e+00 6.234347863444704707e+00 6.726374825307888550e+00 6.727003880294534888e+00 7.826160887639471930e+00 7.830956322923346313e+00 1.019818789387202074e+01 1.019838268340227039e+01 1.098796028350592913e+01 1.098819896031814203e+01 1.117167423790787595e+01 1.117173040865244360e+01 1.188840565089085821e+01 1.188895243653725231e+01 1.275655965960123339e+01 1.275734478301813368e+01 1.478165247568842666e+01 1.478173516308327606e+01 1.652673791462802200e+01 1.652780367032683628e+01 2.325545384855485054e+01 2.325568258253794340e+01
1.612097425653199190e-01 2.227036651871949324e+00 2.228070615468241922e+00 3.488225195834093739e+00 3.488363833872548447e+00 3.979232095800857127e+00 3.979567753605161684e+00 4.818745047086545163e+00 4.819352536358514350e+00 6.231903285936803094e+00 6.234457847524738305e+00 6.725776567772474124e+00 6.726451254631530929e+00 7.823675624895473746e+00 7.828454452807574349e+00 1.020037829852569544e+01 1.020057547590030644e+01 1.098724020685916436e+01 1.098748497863575935e+01 1.117074276239392816e+01 1.117079728989735976e+01 1.188889558257387336e+01 1.188943651441823945e+01 1.275693829320436201e+01 1.275772417063007502e+01 1.478158992875479960e+01 1.478167221226567563e+01 1.652668673327434234e+01 1.652775123557752934e+01 2.325525421176214635e+01 2.325548291016631453e+01
1.621330184397407614e-01 2.228192688761148510e+00 2.229222806667190859e+00 3.488396652723602553e+00 3.488533169402166401e+00 3.982728614215213181e+00 3.983095117950103070e+00 4.818434717622514185e+00 4.819036949969363270e+00 6.232059925610203166e+00 6.234579085611855476e+00 6.725120570704229195e+00 6.725844916871036361e+00 7.820969266356149419e+00 7.825729839707008750e+00 1.020277071741535657e+01 1.020297052727792675e+01 1.098644370925783775e+01 1.098669505523125345e+01 1.116973196402784474e+01 1.116978479694803106e+01 1.188942756819573177e+01 1.188996210893330563e+01 1.275735258271730288e+01 1.275813928942503672e+01 1.478152177770274456e+01 1.478160361656152411e+01 1.652663046374336275e+01 1.652769358631747210e+01 2.325503437515625649e+01 2.325526303415869123e+01
1.630562943141616039e-01 2.229439623212574606e+00 2.230465585762289926e+00 3.488579531610771500e+00 3.488713742076453350e+00 3.986524719153495599e+00 3.986921285557852190e+00 4.818096907529409556e+00 4.818693516576429303e+00 6.232230789764207302e+00 6.234711414268806706e+00 6.724408466727973988e+00 6.725186392935379232e+00 7.818053430771626289e+00 7.822794133937860828e+00 1.020535687281785719e+01 1.020555955177226259e+01 1.098557084401082840e+01 1.098582920357062065e+01 1.116864708722231825e+01 1.116869822404185442e+01 1.188999893222302617e+01 1.189052656629925586e+01 1.275780130172428883e+01 1.275858891186715383e+01 1.478144830665019605e+01 1.478152966061441376e+01 1.652656919435818494e+01 1.652763081253448973e+01 2.325479458024649304e+01 2.325502319600331802e+01
1.639795701885824464e-01 2.230772638129250751e+00 2.231794150739275118e+00 3.488772661340433068e+00 3.488904386454682705e+00 3.990610699493462032e+00 3.991036472327073259e+00 4.817732273953307498e+00 4.818322934885876485e+00 6.232415597595070800e+00 6.234854623713475874e+00 6.723642093608328096e+00 6.724477418368794979e+00 7.814940598092766422e+00 7.819659850707585846e+00 1.020812782776905614e+01 1.020833360170180626e+01 1.098462178521251786e+01 1.098488755681062656e+01 1.116749370173315725e+01 1.116754320153951241e+01 1.189060682468109320e+01 1.189112705952215698e+01 1.275828312293942091e+01 1.275907170949145808e+01 1.478136982217312934e+01 1.478145065157691285e+01 1.652650302115084102e+01 1.652756301207608658e+01 2.325453509019005338e+01 2.325476365883534768e+01
1.649028460630032888e-01 2.232186667413301073e+00 2.233203451721351929e+00 3.488974832941103443e+00 3.489103900070373854e+00 3.994975957649963938e+00 3.995430008165036462e+00 4.817341569991163475e+00 4.817926005240547482e+00 6.232614005334781382e+00 6.235008450018291626e+00 6.722823510353491905e+00 6.723719949783145466e+00 7.811644048110916394e+00 7.816340308980072038e+00 1.021107401643348389e+01 1.021128309778685761e+01 1.098359685939348829e+01 1.098387039960559441e+01 1.116627765827475649e+01 1.116632565215482131e+01 1.189124823997080505e+01 1.189176060702626536e+01 1.275879662248477686e+01 1.275958625719251138e+01 1.478128665209622739e+01 1.478136691790145463e+01 1.652643204767130669e+01 1.652749029045636320e+01 2.325425618943058481e+01 2.325448470707569371e+01
1.658261219374241313e-01 2.233676431586203659e+00 2.234688226536469369e+00 3.489184811181146095e+00 3.489311054991181660e+00 3.999609008594279924e+00 4.000090336369332533e+00 4.816925653795583351e+00 4.817503639171029306e+00 6.232825597444684895e+00 6.235172566921485249e+00 6.721955013461426987e+00 6.722916176894856655e+00 7.808177795970816959e+00 7.812849567244032123e+00 1.021418527534909337e+01 1.021439786045799814e+01 1.098249657948541547e+01 1.098277820217150058e+01 1.116500504225073520e+01 1.116505174402265510e+01 1.189192003614497217e+01 1.189242409174158688e+01 1.275934028450795843e+01 1.276013103785239799e+01 1.478119914419804459e+01 1.478127880804573913e+01 1.652635638478002633e+01 1.652741276064614340e+01 2.325395818330857978e+01 2.325418664604165997e+01
1.667493978118449738e-01 2.235236473839042226e+00 2.236243036708228882e+00 3.489401345652421327e+00 3.489524608889955637e+00 4.004497481791020164e+00 4.005005015986866646e+00 4.816485498123031839e+00 4.817056869374567896e+00 6.233049877488448409e+00 6.235346577341189800e+00 6.721039153028120161e+00 6.722068534950162544e+00 7.804556525003691902e+00 7.809202356630835951e+00 1.021745087527929385e+01 1.021766714187887892e+01 1.098132168076181969e+01 1.098161165629376512e+01 1.116368212646157154e+01 1.116372784059942092e+01 1.189261895443813266e+01 1.189311428044640273e+01 1.275991250612957195e+01 1.276070444729838371e+01 1.478110766483527527e+01 1.478118668909725564e+01 1.652627615042446152e+01 1.652733054284698966e+01 2.325364139764428373e+01 2.325386980153024297e+01
1.676726736862658163e-01 2.236861196110296213e+00 2.237862303467732072e+00 3.489623181225332882e+00 3.489743315471237395e+00 4.009628126512603252e+00 4.010160727608107045e+00 4.816022200235628326e+00 4.816586860005832804e+00 6.233286258799739521e+00 6.235530004696804518e+00 6.720078748453657269e+00 6.721179717259451181e+00 7.800795517330602280e+00 7.805414011830004384e+00 1.022085955343703922e+01 1.022107965843676958e+01 1.098007315832384911e+01 1.098037171287209901e+01 1.116231532367699053e+01 1.116236044749595280e+01 1.189334163885364148e+01 1.189382784317097475e+01 1.276051160270910323e+01 1.276130479957854824e+01 1.478101259749123919e+01 1.478109094532206846e+01 1.652619146939984063e+01 1.652724376424915675e+01 2.325330617829421342e+01 2.325353451937491300e+01
1.685959495606866587e-01 2.238544894805716723e+00 2.239540343401461797e+00 3.489849067748627576e+00 3.489965934127500002e+00 4.014986820964609571e+00 4.015543283027608545e+00 4.815536992050896359e+00 4.816094917140119946e+00 6.233534055077792679e+00 6.235722284157251494e+00 6.719076903471318474e+00 6.720252687509882250e+00 7.796910582684812852e+00 7.801500400247806333e+00 1.022439954588494615e+01 1.022462362348991682e+01 1.097875230560338977e+01 1.097905962049667750e+01 1.116091113969382143e+01 1.116095615674276509e+01 1.189408465562557815e+01 1.189456137248221346e+01 1.276113581341670233e+01 1.276193033254259745e+01 1.478091434125410153e+01 1.478099197664327491e+01 1.652610247309409530e+01 1.652715255877357592e+01 2.325295289068187898e+01 2.325318116497666310e+01
1.695192254351075012e-01 2.240281795798897857e+00 2.241271403373946480e+00 3.490077768896802102e+00 3.490191238729427159e+00 4.020558585626082149e+00 4.021137639172668976e+00 4.815031250417086461e+00 4.815582499243817871e+00 6.233792471063373419e+00 6.235922753951804509e+00 6.718037020199026266e+00 6.719290691489177902e+00 7.792917985897646282e+00 7.797477849848942100e+00 1.022805861996004317e+01 1.022828678020336035e+01 1.097736075325858707e+01 1.097767696444932284e+01 1.115947612688222179e+01 1.115952158972982211e+01 1.189484451238869589e+01 1.189531140248437602e+01 1.276178330709664621e+01 1.276257921371361803e+01 1.478081330923024161e+01 1.478089019705473994e+01 1.652600929921750605e+01 1.652705706679829589e+01 2.325258191930382878e+01 2.325281012281043402e+01
1.704425013095283437e-01 2.242066088378575461e+00 2.243049694392016846e+00 3.490308070097561721e+00 3.490418025484494535e+00 4.026327601178171456e+00 4.026927916671112051e+00 4.814506507372126265e+00 4.815051227457655791e+00 6.234060593467686928e+00 6.236130646895619023e+00 6.716962811878538275e+00 6.718297267825548147e+00 7.788834373485212126e+00 7.793363076112513887e+00 1.023182410662137443e+01 1.023205643435416157e+01 1.097590050774341819e+01 1.097622570542588960e+01 1.115801683752209250e+01 1.115806334087588780e+01 1.189561767690639194e+01 1.189607442738757470e+01 1.276245218840654871e+01 1.276324954643453147e+01 1.478070992689903740e+01 1.478078603297614535e+01 1.652591209151755791e+01 1.652695743486991020e+01 2.325219366721191960e+01 2.325242179590772196e+01
1.713657771839491861e-01 2.243891957842215401e+00 2.244869424110478295e+00 3.490538785499970764e+00 3.490645119826615073e+00 4.032277231362911607e+00 4.032897423397570513e+00 4.813964460222697639e+00 4.814502895467727583e+00 6.234337382347878709e+00 6.236345082299211917e+00 6.715858313931718726e+00 6.717276257326243893e+00 7.784676699763426910e+00 7.789173108522171596e+00 1.023568293267257978e+01 1.023591948704155996e+01 1.097437398874869885e+01 1.097470821718719947e+01 1.115653977603217939e+01 1.115658792436768643e+01 1.189640059522563220e+01 1.189684691951448947e+01 1.276314050421532365e+01 1.276393937627219621e+01 1.478060463041514438e+01 1.478067992155563815e+01 1.652581099947879650e+01 1.652685381539981435e+01 2.325178855547289558e+01 2.325201660531654824e+01
1.722890530583700286e-01 2.245753616470039571e+00 2.246724827714451589e+00 3.490768763970217403e+00 3.490871382326016459e+00 4.038390051083921684e+00 4.039028683307456014e+00 4.813406981254942707e+00 4.813939478707153441e+00 6.234621663144329418e+00 6.236565058448069188e+00 6.714727892928425312e+00 6.716231810478586084e+00 7.780462152907097639e+00 7.784925216996989583e+00 1.023962165286873116e+01 1.023986246729657523e+01 1.097278406464131528e+01 1.097312732227076459e+01 1.115505134990792335e+01 1.115510172564944646e+01 1.189718970914619156e+01 1.189762534663404026e+01 1.276384625024052255e+01 1.276464669765962689e+01 1.478049786486467454e+01 1.478057230892635410e+01 1.652570617800898489e+01 1.652674636634649374e+01 2.325136702260633825e+01 2.325159498953973625e+01
1.732123289327908711e-01 2.247645332652857597e+00 2.248610196952173457e+00 3.490996894125372840e+00 3.491095713631924280e+00 4.044647880031474685e+00 4.045303470838335080e+00 4.812836126860147168e+00 4.813363142599945910e+00 6.234912119615899861e+00 6.236789445854896918e+00 6.713576253029749807e+00 6.715168392662342889e+00 7.776208081355070689e+00 7.780636838654480414e+00 1.024362648197657855e+01 1.024387156464725201e+01 1.097113408497749099e+01 1.097148632483978581e+01 1.115355782046239064e+01 1.115361095807639025e+01 1.189798147291077157e+01 1.189840618852959331e+01 1.276456737790468665e+01 1.276536946075584567e+01 1.478039008248213904e+01 1.478046364842375304e+01 1.652559778711142613e+01 1.652663525088377483e+01 2.325092952400198598e+01 2.325115740395266073e+01
1.741356048072117135e-01 2.249561457986007706e+00 2.250519907131608655e+00 3.491222108435549920e+00 3.491317058480734481e+00 4.051031822087304057e+00 4.051702851131021355e+00 4.812254145825049179e+00 4.812776249529632011e+00 6.235207287929243947e+00 6.237016981501832369e+00 6.712408439445648689e+00 6.714090786612091577e+00 7.771931920947886319e+00 7.776325505280001771e+00 1.024768332691894024e+01 1.024793266175963780e+01 1.096942790913759858e+01 1.096978903971337793e+01 1.115206525541340632e+01 1.115212162415974717e+01 1.189877236904094637e+01 1.189918595272783541e+01 1.276530180138851733e+01 1.276610557850112215e+01 1.478028174083497248e+01 1.478035439877052504e+01 1.652548599154431841e+01 1.652652063705590280e+01 2.325047653131775860e+01 2.325070432020164546e+01
1.750588806816325560e-01 2.251496452182078833e+00 2.252448441934149059e+00 3.491443386442125263e+00 3.491534408819299884e+00 4.057522310738543858e+00 4.058207226296115522e+00 4.811663486498403586e+00 4.812181364191516764e+00 6.235505552176111799e+00 6.237246264302875431e+00 6.711229838429262351e+00 6.713004091663758111e+00 7.767651123166998239e+00 7.772008771858223142e+00 1.025177781919572695e+01 1.025203136733798814e+01 1.096766993012856517e+01 1.096803981661626004e+01 1.115057948542384914e+01 1.115063948067600563e+01 1.189955892326202225e+01 1.189996118933211910e+01 1.276604740485706202e+01 1.276685293384371533e+01 1.478017330098260906e+01 1.478024502223610170e+01 1.652537096046789955e+01 1.652640269742016343e+01 2.325000853185946070e+01 2.325023622558402536e+01
1.759821565560533985e-01 2.253444905695126010e+00 2.254390415939067527e+00 3.491659757152335786e+00 3.491746806105727963e+00 4.064099160705650249e+00 4.064796387926455701e+00 4.811066802500442385e+00 4.811581256970676179e+00 6.235805141606736157e+00 6.237475752026482745e+00 6.710046173323523711e+00 6.711913719323101546e+00 7.763383084825450808e+00 7.767704146501866802e+00 1.025589534783529899e+01 1.025615304953041829e+01 1.096586509262644782e+01 1.096624355870916467e+01 1.114910606609038979e+01 1.114917000737986363e+01 1.190033771847642541e+01 1.190072850492084733e+01 1.276680204983367517e+01 1.276760938711291082e+01 1.478006522561754288e+01 1.478013598277817664e+01 1.652525286707993857e+01 1.652628160867760698e+01 2.324952602794349588e+01 2.324975362241129062e+01
1.769054324304742409e-01 2.255401559988043036e+00 2.256340594790975818e+00 3.491870300681261696e+00 3.491953342860222964e+00 4.070741625964482857e+00 4.071449576029807282e+00 4.810466956592945209e+00 4.810978904981519477e+00 6.236104129876857805e+00 6.237703759923765467e+00 6.708863496180542896e+00 6.710825384706708086e+00 7.759145079538693146e+00 7.763429022090790887e+00 1.026002109318829092e+01 1.026028287014553797e+01 1.096401890438665028e+01 1.096440573451315181e+01 1.114765024613401501e+01 1.114771837960448231e+01 1.190110540776110071e+01 1.190148457548714056e+01 1.276756358269530089e+01 1.276837278351177929e+01 1.477995797719555782e+01 1.478002774417341492e+01 1.652513188824041990e+01 1.652615755129281894e+01 2.324902953624373225e+01 2.324925702735631816e+01
1.778287083048950834e-01 2.257361325411558095e+00 2.258293912979603579e+00 3.492074149218064250e+00 3.492153163544519323e+00 4.077428464316419365e+00 4.078145544528258171e+00 4.809867022275295945e+00 4.810377490408699330e+00 6.236400436608320774e+00 6.237928461308507977e+00 6.707688174492688837e+00 6.709745093430482754e+00 7.754954191280572395e+00 7.759200609910060997e+00 1.026414006193017059e+01 1.026440582003975344e+01 1.096213744023059533e+01 1.096253238241992811e+01 1.114621694201973412e+01 1.114628944531600041e+01 1.190185872637846565e+01 1.190222615841028997e+01 1.276832984226097345e+01 1.276914096070172810e+01 1.477985201606266230e+01 1.477992076814491007e+01 1.652500820408648963e+01 1.652603070910369354e+01 2.324851958712386590e+01 2.324874697078611518e+01
1.787519841793159259e-01 2.259319296698908630e+00 2.260245489236438310e+00 3.492270487397634238e+00 3.492345464852485648e+00 4.084138008630746164e+00 4.084862633438397062e+00 4.809270282621888271e+00 4.809780395803606723e+00 6.236691831557211074e+00 6.238147890329566181e+00 6.706526872608319145e+00 6.708679123558229485e+00 7.750827250303832017e+00 7.755035875549610935e+00 1.026823712368635100e+01 1.026850675608240415e+01 1.096022733792277393e+01 1.096063010708402885e+01 1.114481071895961684e+01 1.114488770718383748e+01 1.190259450280298381e+01 1.190295010346200044e+01 1.276909866744456856e+01 1.276991175644982413e+01 1.477974779858617005e+01 1.477981551249383330e+01 1.652488199763842402e+01 1.652590126892193467e+01 2.324799672395639050e+01 2.324822399608117252e+01
1.796752600537367683e-01 2.261270766111723507e+00 2.262190639584275242e+00 3.492458552159508400e+00 3.492529495495068748e+00 4.090848244848413806e+00 4.091578847808139408e+00 4.808680225835605171e+00 4.809191196013643754e+00 6.236975941666211831e+00 6.238359947164085817e+00 6.705386527456253631e+00 6.707634002275481677e+00 7.746780771675861210e+00 7.750951477299317105e+00 1.027229704973184710e+01 1.027257044014303844e+01 1.095829578537663807e+01 1.095870606711625861e+01 1.114343577812967290e+01 1.114351731005153212e+01 1.190330966877685270e+01 1.190365336286222764e+01 1.276986790494163948e+01 1.277068301630890979e+01 1.477964577529761669e+01 1.477971242924293627e+01 1.652475345439768972e+01 1.652576942012559513e+01 2.324746150242961207e+01 2.324768865894285597e+01
1.805985359281576108e-01 2.263211234301764740e+00 2.264124888104972921e+00 3.492637632175065843e+00 3.492704555562144542e+00 4.097536896792014716e+00 4.098271943437407749e+00 4.808100536969985406e+00 4.808613646448433698e+00 6.237250261247109684e+00 6.238562405840313296e+00 6.704274318272365640e+00 6.706616477022103062e+00 7.742830896649166128e+00 7.746963707242579211e+00 1.027630455424386824e+01 1.027658158057022497e+01 1.095635049876678480e+01 1.095676795363695533e+01 1.114209594985725893e+01 1.114218203395809681e+01 1.190400126841721651e+01 1.190433300040859343e+01 1.277063541691940962e+01 1.277145260129956128e+01 1.477954638905495699e+01 1.477961196279943223e+01 1.652462276193832835e+01 1.652563535424459218e+01 2.324691448984390973e+01 2.324714152669002232e+01
1.815218118025784533e-01 2.265136418979025290e+00 2.266043975515867448e+00 3.492807066920784465e+00 3.492869995540562655e+00 4.104181517771853471e+00 4.104919519349413015e+00 4.807535085278867193e+00 4.808051667415496055e+00 6.237512165492757887e+00 6.238752924872372319e+00 6.703197630111395355e+00 6.705633480903443022e+00 7.738993337052336052e+00 7.743088435218534293e+00 1.028024433859643771e+01 1.028052487664073489e+01 1.095439969127411572e+01 1.095482395939727205e+01 1.114079469246319576e+01 1.114088529263253236e+01 1.190466646640570758e+01 1.190498619971213046e+01 1.277139908867806817e+01 1.277221839556233896e+01 1.477945007323161342e+01 1.477951454814469656e+01 1.652449010949270658e+01 1.652549926454047480e+01 2.324635626439851777e+01 2.324658317754619574e+01
1.824450876769992957e-01 2.267042261497663969e+00 2.267943865667045422e+00 3.492966245471312181e+00 3.493025215064389677e+00 4.110759588908337037e+00 4.111499116903037709e+00 4.806987906695172619e+00 4.807509324285208052e+00 6.237758927451365842e+00 6.238929060856220232e+00 6.702164011036072289e+00 6.704692092302455109e+00 7.735283322850531995e+00 7.739341055787914314e+00 1.028410113917840896e+01 1.028438506644849504e+01 1.095245203234559916e+01 1.095288273833294213e+01 1.113953509636008299e+01 1.113963013719007478e+01 1.190530255529699133e+01 1.190561027157887075e+01 1.277215683625135334e+01 1.277297831394835192e+01 1.477935724993996303e+01 1.477942060905852983e+01 1.652435568753296380e+01 1.652536134558165770e+01 2.324578741447027852e+01 2.324601419991855522e+01
1.833683635514201382e-01 2.268924931490326369e+00 2.269820750089774908e+00 3.493114605079767898e+00 3.493169661467596221e+00 4.117248624003688739e+00 4.117988325341241485e+00 4.806463181023840292e+00 4.806990803272954693e+00 6.237987738508222080e+00 6.239088285138817191e+00 6.701181123004948503e+00 6.703799488735675105e+00 7.731715552985879647e+00 7.735736438300873985e+00 1.028785977918605710e+01 1.028814697867149874e+01 1.095051659750769169e+01 1.095095335557402016e+01 1.113831989292218339e+01 1.113841926460349896e+01 1.190590696198794873e+01 1.190620266058227728e+01 1.277290661391372772e+01 1.277373030951566157e+01 1.477926832829655801e+01 1.477933055638515825e+01 1.652421968734939384e+01 1.652522179281542236e+01 2.324520853788535391e+01 2.324543519167013628e+01
1.842916394258409807e-01 2.270780829694764691e+00 2.271671050740435849e+00 3.493251629606841657e+00 3.493302828205075095e+00 4.123626280689165924e+00 4.124364893454242065e+00 4.805965203557971854e+00 4.806500382662780346e+00 6.238195732306206942e+00 6.239228003633665587e+00 6.700256686628294212e+00 6.702962895131763688e+00 7.728304149567321701e+00 7.732288880127378583e+00 1.029150522478538932e+01 1.029179558859832433e+01 1.094860280893153615e+01 1.094904522809516223e+01 1.113715146756382346e+01 1.113725503040700104e+01 1.190647725339241170e+01 1.190676095087624731e+01 1.277364642156136831e+01 1.277447238089896864e+01 1.477918370273635063e+01 1.477924478634830230e+01 1.652408230062711780e+01 1.652508080213801378e+01 2.324462024118567882e+01 2.324484675938643718e+01
1.852149153002618232e-01 2.272606589128554067e+00 2.273491421095638287e+00 3.493376847852541545e+00 3.493424253202296548e+00 4.129870477445432897e+00 4.130606846896710316e+00 4.805498350984732880e+00 4.806042399349813365e+00 6.238380011894911981e+00 6.239345579820425591e+00 6.699398420125530329e+00 6.702189526860943936e+00 7.725062615437659375e+00 7.729012063072316252e+00 1.029502264595451244e+01 1.029531607871136423e+01 1.094672036710763052e+01 1.094716805635304979e+01 1.113603187640093140e+01 1.113613946500961127e+01 1.190701114136836303e+01 1.190728287130177243e+01 1.277437431193460782e+01 1.277520257952041050e+01 1.477910375138316823e+01 1.477916367892251515e+01 1.652394371902261483e+01 1.652493856946444950e+01 2.324402313889088845e+01 2.324424951763774416e+01
1.861381911746826656e-01 2.274399074773906904e+00 2.275278745760593413e+00 3.493489831836008808e+00 3.493533517188986526e+00 4.135959515941513231e+00 4.136692610534557168e+00 4.805067041631195579e+00 4.805621210661159992e+00 6.238537679725082441e+00 6.239438360939860928e+00 6.698613972994994725e+00 6.701486528003285592e+00 7.722003795102827972e+00 7.725919012959687748e+00 1.029839748220028284e+01 1.029869390400995321e+01 1.094487917414881117e+01 1.094533174742144865e+01 1.113496286583040629e+01 1.113507429294824291e+01 1.190750648694494274e+01 1.190776629984283552e+01 1.277508839764922755e+01 1.277591901660907858e+01 1.477902883448322235e+01 1.477908759626760116e+01 1.652380413374128310e+01 1.652479529029922389e+01 2.324341785275744243e+01 2.324364408823850781e+01
1.870614670491035081e-01 2.276155381939575229e+00 2.277030138757757616e+00 3.493590195060021220e+00 3.493630242069479586e+00 4.141872207964215846e+00 4.142601135011826585e+00 4.804675690299581525e+00 4.805241151534480615e+00 6.238665869898550653e+00 6.239503707385935627e+00 6.697910855092112925e+00 6.700860905509857801e+00 7.719139838966630585e+00 7.723022062333450677e+00 1.030161551319447710e+01 1.030191486211091956e+01 1.094308924940564687e+01 1.094354633030293655e+01 1.113394589434577320e+01 1.113406095439283661e+01 1.190796130389607121e+01 1.190820926748937936e+01 1.277578685800477132e+01 1.277661986999768118e+01 1.477895929290851029e+01 1.477901688123291279e+01 1.652366373511781461e+01 1.652465115930964501e+01 2.324280501103606156e+01 2.324303109950500712e+01
1.879847429235243506e-01 2.277872833467020630e+00 2.278742940662854544e+00 3.493677590785248199e+00 3.493714089380401955e+00 4.147588006014559348e+00 4.148312026523054641e+00 4.804328658148988573e+00 4.804906487294466899e+00 6.238761781841797749e+00 6.239539025313169063e+00 6.697296361999694803e+00 6.700319460077005296e+00 7.716482170773605986e+00 7.720332816188615332e+00 1.030466293419419266e+01 1.030496516798953266e+01 1.094136063824812943e+01 1.094182186426979442e+01 1.113298215591519380e+01 1.113310062822505486e+01 1.190837376170521011e+01 1.190860996156650664e+01 1.277646794553886700e+01 1.277730339066555132e+01 1.477889544673635314e+01 1.477895185593777150e+01 1.652352271220065560e+01 1.652450636990321087e+01 2.324218524772858885e+01 2.324241118551248420e+01
1.889080187979451930e-01 2.279548975947493172e+00 2.280414714755070626e+00 3.493751710325309734e+00 3.493784758889488806e+00 4.153087136436337090e+00 4.153805678559074011e+00 4.804030198290549336e+00 4.804621362466058088e+00 6.238822714293339011e+00 6.239541802529245729e+00 6.696777497756304598e+00 6.699868714714614981e+00 7.714041458124758499e+00 7.717862120614962684e+00 1.030752643590037820e+01 1.030783153302050437e+01 1.093970331504347193e+01 1.094016834126701276e+01 1.113207260427613754e+01 1.113219425604207835e+01 1.190874218796271045e+01 1.190896672859068950e+01 1.277712999229699697e+01 1.277796790899766499e+01 1.477883759391148466e+01 1.477889282043440744e+01 1.652338125234228272e+01 1.652436111381063455e+01 2.324155920184575308e+01 2.324178498535309245e+01
1.898312946723660355e-01 2.281181575111203674e+00 2.282043242342500111e+00 3.493812281353216420e+00 3.493841987398372151e+00 4.158350733719185399e+00 4.159063404172536060e+00 4.803784397971646136e+00 4.804389746290678609e+00 6.238846098183237210e+00 6.239509647838602291e+00 6.696360896177901978e+00 6.699514842136949255e+00 7.711827585897326642e+00 7.715620034209926814e+00 1.031019328817325409e+01 1.031050124775346610e+01 1.093812708154138136e+01 1.093859558359701900e+01 1.113121797754664222e+01 1.113134256648497811e+01 1.190906507023191629e+01 1.190927807671497618e+01 1.277777141578872389e+01 1.277861184073090328e+01 1.477878600899631678e+01 1.477884005145891244e+01 1.652323954079677648e+01 1.652421558067610263e+01 2.324092751666685785e+01 2.324115314239578822e+01
1.907545705467868780e-01 2.282768610545105492e+00 2.283626517419553359e+00 3.493859066178411243e+00 3.493885547834044925e+00 4.163360974392706026e+00 4.164067567095680822e+00 4.803595118427500310e+00 4.804215375852598946e+00 6.238829526646930468e+00 6.239440334146185485e+00 6.696052742155013782e+00 6.699263592232108877e+00 7.709849632370535666e+00 7.713615802095670659e+00 1.031265142677175284e+01 1.031296226761661394e+01 1.093664146206177890e+01 1.093711313829512655e+01 1.113041882261105009e+01 1.113054609935044148e+01 1.190934105741437499e+01 1.190954267782749376e+01 1.277839072460231762e+01 1.277923369255970165e+01 1.477874094201495048e+01 1.477879380127583886e+01 1.652309776032614508e+01 1.652406995765625553e+01 2.324029083900263970e+01 2.324051630354936648e+01
1.916778464212077204e-01 2.284308269886620391e+00 2.285162740803818870e+00 3.493891859899842078e+00 3.493915248757705427e+00 4.168101208710264238e+00 4.168801709852247406e+00 4.803465933669206045e+00 4.804101697959706208e+00 6.238770780084414547e+00 6.239331845802546184e+00 6.695858694423756141e+00 6.699120220965336436e+00 7.708115847837544443e+00 7.711857832361402210e+00 1.031488954202637132e+01 1.031520330049577439e+01 1.093525559706039907e+01 1.093573016979168422e+01 1.112967551880451289e+01 1.112980522901234615e+01 1.190956896063613968e+01 1.190975936936953339e+01 1.277898652365131049e+01 1.277983206737481936e+01 1.477870261739607116e+01 1.477875429662137030e+01 1.652295609081719263e+01 1.652392442902960923e+01 2.323964981846247113e+01 2.323987511852973853e+01
1.926011222956285629e-01 2.285798942632346176e+00 2.286650313891433584e+00 3.493910488247587764e+00 3.493930934505145025e+00 4.172556088121738505e+00 4.173250676852774177e+00 4.803400069647216775e+00 4.804051811137427741e+00 6.238667843943309421e+00 6.239182430793369427e+00 6.695783811385709328e+00 6.699089422135950045e+00 7.706633635468329580e+00 7.710353674743688046e+00 1.031689716810523016e+01 1.031721389489722895e+01 1.093397813681652586e+01 1.093445535263223434e+01 1.112898830049031496e+01 1.112912018675011261e+01 1.190974775366813887e+01 1.190992715594300044e+01 1.277955751902818449e+01 1.278040566911060516e+01 1.477867123301936836e+01 1.477872173774966313e+01 1.652281470891016468e+01 1.652377917581782540e+01 2.323900510672698161e+01 2.323923023913273411e+01
1.935243981700494054e-01 2.287239213689148176e+00 2.288087832158882673e+00 3.493914804763466275e+00 3.493932486326738029e+00 4.176711686369780629e+00 4.177400730365739001e+00 4.803400345366568125e+00 4.804068409268958284e+00 6.238518917029657551e+00 6.238990658197897332e+00 6.695832481581495799e+00 6.699175263430868554e+00 7.705409534182360076e+00 7.709110001357631248e+00 1.031866477130740023e+01 1.031898452718485437e+01 1.093281713713285797e+01 1.093329676617911872e+01 1.112835727819439313e+01 1.112849108165101342e+01 1.190987657288316903e+01 1.191004521078022371e+01 1.278010252244201794e+01 1.278095330717772526e+01 1.477864695936977846e+01 1.477869629758656345e+01 1.652267378764095440e+01 1.652363437542044977e+01 2.323835735682715509e+01 2.323858231851323097e+01
1.944476740444702478e-01 2.288627856784648529e+00 2.289474078528344947e+00 3.493904686728498632e+00 3.493919825132230539e+00 4.180555611928835624e+00 4.181239657229417261e+00 4.803469117620284834e+00 4.804153728531911582e+00 6.238322409293239446e+00 6.238755480211345628e+00 6.696008360400192316e+00 6.699381128195049051e+00 7.704449203292035087e+00 7.708132589298290149e+00 1.032018383563227637e+01 1.032050668620103373e+01 1.093177995904768451e+01 1.093226179333360371e+01 1.112778245802799937e+01 1.112791791982053446e+01 1.190995471674260564e+01 1.191011287715102185e+01 1.278062045521895485e+01 1.278147390046036591e+01 1.477862993880340348e+01 1.477867812099424683e+01 1.652253349609810229e+01 1.652349020126456480e+01 2.323770722243103748e+01 2.323793201047191914e+01
1.953709499188910903e-01 2.289963827841107413e+00 2.290808016700987881e+00 3.493880029086200434e+00 3.493892916597204135e+00 4.184077109458271160e+00 4.184756864221583328e+00 4.803608231037994614e+00 4.804309499328479838e+00 6.238076931622390298e+00 6.238476294523027654e+00 6.696314314528496681e+00 6.699709664268404197e+00 7.703757408690668385e+00 7.707426304946618068e+00 1.032144694374639471e+01 1.032177295345262813e+01 1.093087317462042662e+01 1.093135702538217835e+01 1.112726375919159949e+01 1.112740062169625510e+01 1.190998164480140709e+01 1.191012966977894827e+01 1.278111035184644351e+01 1.278196648085895681e+01 1.477862028492835833e+01 1.477866732415000861e+01 1.652239399909618456e+01 1.652334682247081332e+01 2.323705535713893511e+01 2.323727996875053847e+01
1.962942257933119328e-01 2.291246258404955327e+00 2.292088784550832425e+00 3.493840736596494079e+00 3.493851778398657792e+00 4.187267147977490112e+00 4.187943460139653240e+00 4.803818975104840128e+00 4.804536904872549030e+00 6.237781288498977617e+00 6.238152994684528885e+00 6.696752375508802757e+00 6.700162741119015664e+00 7.703338010380266887e+00 7.706995089835054102e+00 1.032244785141424437e+01 1.032277707698179370e+01 1.093010248085032998e+01 1.093058817507073321e+01 1.112680102940760385e+01 1.112693903731526923e+01 1.190995697622868832e+01 1.191009527632147602e+01 1.278157136304425201e+01 1.278243019636148325e+01 1.477861808210350425e+01 1.477866399404176256e+01 1.652225545686686559e+01 1.652320440353724607e+01 2.323640241378818416e+01 2.323662684633659126e+01
1.972175016677327752e-01 2.292474449210603282e+00 2.293315687658315838e+00 3.493786720194099527e+00 3.493796483601802283e+00 4.190118493608117944e+00 4.190792322859237196e+00 4.804102049684229492e+00 4.804836547978161398e+00 6.237434498452897103e+00 6.237785982240001914e+00 6.697323703587384713e+00 6.700741416336596146e+00 7.703193951165915543e+00 7.706841947955805239e+00 1.032318155348881916e+01 1.032351403705852988e+01 1.092947262371409067e+01 1.092995999993475387e+01 1.112639405817701643e+01 1.112653295943174214e+01 1.190988048788063836e+01 1.191000955892074309e+01 1.278200275834755040e+01 1.278286431362874609e+01 1.477862338505738116e+01 1.477866818808238136e+01 1.652211802476889346e+01 1.652306310404215495e+01 2.323574904376827988e+01 2.323597329477849271e+01
1.981407775421536177e-01 2.293647863945299736e+00 2.294488193050558955e+00 3.493717916747563379e+00 3.493727140995293468e+00 4.192625764977550240e+00 4.193298149923674778e+00 4.804457540374407643e+00 4.805208427389281667e+00 6.237035879093958179e+00 6.237376102840513248e+00 6.698028562798014285e+00 6.701445912342797406e+00 7.703327246383297577e+00 7.706968934427808726e+00 1.032364433967746464e+01 1.032398010193501570e+01 1.092898733415522905e+01 1.092947623775565802e+01 1.112604258779471422e+01 1.112618213442068971e+01 1.190975211206375661e+01 1.190987255572213854e+01 1.278240392818996263e+01 1.278326822008147623e+01 1.477863621862916510e+01 1.477867993384431955e+01 1.652198185301833178e+01 1.652292307836737351e+01 2.323509589634731753e+01 2.323531996351185569e+01
1.990640534165744602e-01 2.294766123268481728e+00 2.295605923202292065e+00 3.493634344829402938e+00 3.493643839752300639e+00 4.194785469741218797e+00 4.195457491555337093e+00 4.804884904747419583e+00 4.805651924707805556e+00 6.236585216319632252e+00 6.236924486079699292e+00 6.698866307951422350e+00 6.702275603933258274e+00 7.703738974573323794e+00 7.707377145476096203e+00 1.032383383850901915e+01 1.032417287209288226e+01 1.092864927762420457e+01 1.092913955577155072e+01 1.112574632209003944e+01 1.112588627093532168e+01 1.190957193433481898e+01 1.190968448204032804e+01 1.278277438547640799e+01 1.278364142547909132e+01 1.477865657763298657e+01 1.477869922891554388e+01 1.652184708644011835e+01 1.652278447544295403e+01 2.323444361801058022e+01 2.323466749919802510e+01
1.999873292909953026e-01 2.295828999126666936e+00 2.296668650338844042e+00 3.493536142127709798e+00 3.493546612772532090e+00 4.196596021149981759e+00 4.197268765355870457e+00 4.805382970171340418e+00 4.806165802627907269e+00 6.236082966827131813e+00 6.236432339627177690e+00 6.699835383898682828e+00 6.703229017000364109e+00 7.704429269071053632e+00 7.708066709718138121e+00 1.032374904822261286e+01 1.032409131168892280e+01 1.092846001845861181e+01 1.092895151495003425e+01 1.112550493288512676e+01 1.112564504631080631e+01 1.190934019204678407e+01 1.190944573048078681e+01 1.278311376663856258e+01 1.278398356298293770e+01 1.477868442684635930e+01 1.477872604087703046e+01 1.652171386424195276e+01 1.652264743851450390e+01 2.323379285181183818e+01 2.323401654507522807e+01
2.009106051654161451e-01 2.296836409393334222e+00 2.297676291070895438e+00 3.493423526383207633e+00 3.493435476802353445e+00 4.198057734139254649e+00 4.198732252360763084e+00 4.805949943519523870e+00 4.806748214787945450e+00 6.235530370201079364e+00 6.235900821475826916e+00 6.700933337119121980e+00 6.704303838505374813e+00 7.705397310533505184e+00 7.709036780795179844e+00 1.032339035366315905e+01 1.032373576625110800e+01 1.092842000001846969e+01 1.092891255024382069e+01 1.112531806418341418e+01 1.112545811072669011e+01 1.190905727485109367e+01 1.190915686881508861e+01 1.278342183216808081e+01 1.278429438969900822e+01 1.477871970112299849e+01 1.477876030740177526e+01 1.652158231981152881e+01 1.652251210493401601e+01 2.323314423673839713e+01 2.323336774032342689e+01
2.018338810398369876e-01 2.297788412850941153e+00 2.298628901378478862e+00 3.493296738017279690e+00 3.493310491145679819e+00 4.199172801013212109e+00 4.199850074523443944e+00 4.806583432646683640e+00 4.807396727129559899e+00 6.234929386421820041e+00 6.235331074923031736e+00 6.702156839364863394e+00 6.705496937486417508e+00 7.706641320489922897e+00 7.710285531430342232e+00 1.032275952868423730e+01 1.032310796607776915e+01 1.092852854106849136e+01 1.092902196731336062e+01 1.112518533411621391e+01 1.112532508915552931e+01 1.190872372877957908e+01 1.190881863398631424e+01 1.278369846662506326e+01 1.278457378669759592e+01 1.477876230562961268e+01 1.477880193647444607e+01 1.652145258053785781e+01 1.652237860597504948e+01 2.323249840709024383e+01 2.323272171944327624e+01
2.027571569142578300e-01 2.298685204521622616e+00 2.299526671950862688e+00 3.493156021234975483e+00 3.493171778155780061e+00 4.199945247396278170e+00 4.200626154115123079e+00 4.807280479085982883e+00 4.808108350231977468e+00 6.234282510984580306e+00 6.234724374913909628e+00 6.703501722788593575e+00 6.706804396616028008e+00 7.708158556056895705e+00 7.711810149039147966e+00 1.032185972400176865e+01 1.032221101522574180e+01 1.092878384844950723e+01 1.092927795573842609e+01 1.112510633468814980e+01 1.112524558113766027e+01 1.190834026524887790e+01 1.190843192089250735e+01 1.278394367812225418e+01 1.278482175851018887e+01 1.477881211620583990e+01 1.477885080673042495e+01 1.652132476765745039e+01 1.652224706667311338e+01 2.323185599187402062e+01 2.323207911164984907e+01
2.036804327886786725e-01 2.299527111342301033e+00 2.300369923878238687e+00 3.493001629985928780e+00 3.493019519096243641e+00 4.200380869680604867e+00 4.201066155929241042e+00 4.808037601020072493e+00 4.808879581693487282e+00 6.233592586746885544e+00 6.234082267759621487e+00 6.704963025700632961e+00 6.708221553569437390e+00 7.709945306016401823e+00 7.713606833059781565e+00 1.032069544088576407e+01 1.032104936641284532e+01 1.092918304562805432e+01 1.092967761827658002e+01 1.112508062937339837e+01 1.112521915843270648e+01 1.190790777453410243e+01 1.190799776638414187e+01 1.278415759728756562e+01 1.278503843210609325e+01 1.477886897984583214e+01 1.477890676791248659e+01 1.652119899612596754e+01 1.652211760569177201e+01 2.323121761421248621e+01 2.323144054028182737e+01
2.046037086630995150e-01 2.300314588170095043e+00 2.301159104681074208e+00 3.492833837889395721e+00 3.492853946232002738e+00 4.200487155674996309e+00 4.201177413561104856e+00 4.808850845225796533e+00 4.809706457285210845e+00 6.232862679641833381e+00 6.233406638480506246e+00 6.706535047857299148e+00 6.709743051242453404e+00 7.711996888505796122e+00 7.715670794209092520e+00 1.031927249149587666e+01 1.031962878257959382e+01 1.092972221628102325e+01 1.093021701528648393e+01 1.112510774862539975e+01 1.112524536060890590e+01 1.190742733993997682e+01 1.190751733222098530e+01 1.278434047571033716e+01 1.278522405535399109e+01 1.477893271529939589e+01 1.477896964144274961e+01 1.652107537451558983e+01 1.652199033521482363e+01 2.323058389076964758e+01 2.323080662222632498e+01
2.055269845375203575e-01 2.301048214094935318e+00 2.301894784653933712e+00 3.492652945763901950e+00 3.492675337473488906e+00 4.200273190531326861e+00 4.200968841377312302e+00 4.809715846407676132e+00 4.810584609323234950e+00 6.232096015482132323e+00 6.232699710128700055e+00 6.708211413983093507e+00 6.711362895672778883e+00 7.714307650611895717e+00 7.717996255904124858e+00 1.031759794703677180e+01 1.031795628623081917e+01 1.093039646168397816e+01 1.093089122304109750e+01 1.112518718337519275e+01 1.112532368864296828e+01 1.190690024622043630e+01 1.190699189340324793e+01 1.278449268387914728e+01 1.278537899497611363e+01 1.477900311378999731e+01 1.477903922110724899e+01 1.652095400493883304e+01 1.652186536086533408e+01 2.322995543119235862e+01 2.323017796736017004e+01
2.064502604119411999e-01 2.301728689027420671e+00 2.302577653491714393e+00 3.492459286666481422e+00 3.492484013628498030e+00 4.199749550277467769e+00 4.200450834077685158e+00 4.810627892133432226e+00 4.811509330509021076e+00 6.231295949872839302e+00 6.231964004774016352e+00 6.709985144080222952e+00 6.713074520376915544e+00 7.716870970196557877e+00 7.720576458117477614e+00 1.031568007521076957e+01 1.031604009798812704e+01 1.093119997034602342e+01 1.093169440432906470e+01 1.112531837660789158e+01 1.112545359661698718e+01 1.190632797708372159e+01 1.190642283699789594e+01 1.278461470862133709e+01 1.278550373400490869e+01 1.477907993984632462e+01 1.477911527385001911e+01 1.652083498299858633e+01 1.652174278165120569e+01 2.322933283756847089e+01 2.322955517800765435e+01
2.073735362863620424e-01 2.302356830522674702e+00 2.303208517158778612e+00 3.492253229340732457e+00 3.492280337317820837e+00 4.198928185420452763e+00 4.199635155966331190e+00 4.811581991473218523e+00 4.812475641379927893e+00 6.230465948916794616e+00 6.231202290221286688e+00 6.711848728982725554e+00 6.714870855718670484e+00 7.719679260304884494e+00 7.723403663955329179e+00 1.031352826866546835e+01 1.031388956601531071e+01 1.093212609808369606e+01 1.093261988949441665e+01 1.112550071312477940e+01 1.112563448161587409e+01 1.190571220210805059e+01 1.190581167108524419e+01 1.278470715005694913e+01 1.278559886875478213e+01 1.477916293224346767e+01 1.477919754067327673e+01 1.652071839776466788e+01 1.652162268993775740e+01 2.322871670390200904e+01 2.322893884841535694e+01
2.082968121607828849e-01 2.302933570793875617e+00 2.303788294954345339e+00 3.492035180744313738e+00 3.492064712835544871e+00 4.197822297111217793e+00 4.198534822176959835e+00 4.812572945423793769e+00 4.813478359493507774e+00 6.229609569811633385e+00 6.230417525095941933e+00 6.713794209569639904e+00 6.716744401876142412e+00 7.722723976520925682e+00 7.726469169260392178e+00 1.031115296626557054e+01 1.031151508812167705e+01 1.093316745655972788e+01 1.093366026590274842e+01 1.112573350762102109e+01 1.112586567195020315e+01 1.190505475858406470e+01 1.190516003825296742e+01 1.278477071808194587e+01 1.278566510532352751e+01 1.477925180504906422e+01 1.477928573763996489e+01 1.652060433177673104e+01 1.652150517144701780e+01 2.322810761560555903e+01 2.322832956424407058e+01
2.092200880352037273e-01 2.303459953863321363e+00 2.304318016721647933e+00 3.491805588035797658e+00 3.491837586520984527e+00 4.196446208295650848e+00 4.197163974133732545e+00 4.813595417263900167e+00 4.814512168534223591e+00 6.228730437993908353e+00 6.229612807299799826e+00 6.715813258058751067e+00 6.718687303969431035e+00 7.725995627637004759e+00 7.729763315545802094e+00 1.030856556906043764e+01 1.030892802840194378e+01 1.093431600822874117e+01 1.093480747374481865e+01 1.112601599123595975e+01 1.112614641385479963e+01 1.190435763454865992e+01 1.190446972730911668e+01 1.278480622839781944e+01 1.278570325564026433e+01 1.477934624876919223e+01 1.477937955697474237e+01 1.652049286107339654e+01 1.652139030528372743e+01 2.322750614901016419e+01 2.322772790207828209e+01
2.101433639096245698e-01 2.303937132793455689e+00 2.304798820142802018e+00 3.491564940215789559e+00 3.491599447390059119e+00 4.194815232135930216e+00 4.195537751477879773e+00 4.814644001125924611e+00 4.815571685668102120e+00 6.227832220965693111e+00 6.228791327230333685e+00 6.717897259855563519e+00 6.720691427948652041e+00 7.729483789992910303e+00 7.733275506560914891e+00 1.030577835277849630e+01 1.030614063024076899e+01 1.093556316562745501e+01 1.093605290609152547e+01 1.112634729676555345e+01 1.112647585684425877e+01 1.190362295634478329e+01 1.190374267981068002e+01 1.278481459810681642e+01 1.278571423307900190e+01 1.477944593158821540e+01 1.477947866825923029e+01 1.652038405524707443e+01 1.652127816398749971e+01 2.322691287089279299e+01 2.322713442895311786e+01
2.110666397840454123e-01 2.304366366936689392e+00 2.305231948057940627e+00 3.491313769513975984e+00 3.491350827872978790e+00 4.192945539787484854e+00 4.193672162561187022e+00 4.815713287267518794e+00 4.816651525665209377e+00 6.226918600106868595e+00 6.227956325819334893e+00 6.720037394524676522e+00 6.722748435915472776e+00 7.733177125820155595e+00 7.736994228775400551e+00 1.030280437856673004e+01 1.030316592740534354e+01 1.093689989301070575e+01 1.093738751118531383e+01 1.112672644276379685e+01 1.112685303794182445e+01 1.190285298081468035e+01 1.190298099122492204e+01 1.278479684089401935e+01 1.278569904765875620e+01 1.477955050069608056e+01 1.477958271971712279e+01 1.652027797752412042e+01 1.652116881361075329e+01 2.322632833802148511e+01 2.322654970189903523e+01
2.119899156584662547e-01 2.304749019139014088e+00 2.305618745742858966e+00 3.491052652557494085e+00 3.491092304557314119e+00 4.190854029379169177e+00 4.191583955416923857e+00 4.816797922767221962e+00 4.817746360545131168e+00 6.225993241931369049e+00 6.227111057094146140e+00 6.722224714575600224e+00 6.724849859656013784e+00 7.737063405894629931e+00 7.740907076043863633e+00 1.029965740352195347e+01 1.030001765478440667e+01 1.093831680845440424e+01 1.093880189508004186e+01 1.112715231680163264e+01 1.112727686503718871e+01 1.190205009062990982e+01 1.190218690814134739e+01 1.278475406181925678e+01 1.278565880085299789e+01 1.477965958369635580e+01 1.477969133958454684e+01 1.652017468486966223e+01 1.652106231382184021e+01 2.322575309671829302e+01 2.322597426750419203e+01
2.129131915328870972e-01 2.305086552831154378e+00 2.305960658078623826e+00 3.490782211325087481e+00 3.490824498862703962e+00 4.188558197783256887e+00 4.189290490884939544e+00 4.817892666633354359e+00 4.818850973758771694e+00 6.225059770041481144e+00 6.226258754955018127e+00 6.724450220904572895e+00 6.726987171291693102e+00 7.741129536760805507e+00 7.745000778681236930e+00 1.029635179234772835e+01 1.029671016012341767e+01 1.093980428470749544e+01 1.094028642290823861e+01 1.112762365819738442e+01 1.112774609967189043e+01 1.190121679110533393e+01 1.190136282310402116e+01 1.278468745174366106e+01 1.278559468003304822e+01 1.477977279008770140e+01 1.477980413756078626e+01 1.652007422811632864e+01 1.652095871803254212e+01 2.322518768243994103e+01 2.322540866149458694e+01
2.138364674073079397e-01 2.305380528939121820e+00 2.306259226544439933e+00 3.490503113874115826e+00 3.490548077587597220e+00 4.186076016491906415e+00 4.186809619309005193e+00 4.818992438588869831e+00 4.819960308186303166e+00 6.224121738744473831e+00 6.225402603931970091e+00 6.726704933900821359e+00 6.729151850101223964e+00 7.745361592741782708e+00 7.749261237138718172e+00 1.029290243123123538e+01 1.029325831786888124e+01 1.094135254726191775e+01 1.094183131724625291e+01 1.112813904057884962e+01 1.112825933959432234e+01 1.190035570730013248e+01 1.190051126817652261e+01 1.278459828141725829e+01 1.278550795257161177e+01 1.477988971281137509e+01 1.477992070633396970e+01 1.651997665211590771e+01 1.652085807354900382e+01 2.322463261937618739e+01 2.322485340833183542e+01
2.147597432817287821e-01 2.305632602546643373e+00 2.306516085965744978e+00 3.490216074817089620e+00 3.490263753275909764e+00 4.183425812650499509e+00 4.184159561958169959e+00 4.820092361061493413e+00 4.821069507489946560e+00 6.223182609019668021e+00 6.224545713745456510e+00 6.728979959401523381e+00 6.731335444724079409e+00 7.749744852895207536e+00 7.753673560423743893e+00 1.028932464478520004e+01 1.028967744598645417e+01 1.094295176831038674e+01 1.094342675225238537e+01 1.112869685468395708e+01 1.112881500147091884e+01 1.189946958070926364e+01 1.189963490784921873e+01 1.278448789525530316e+01 1.278539995963393316e+01 1.478000992985738549e+01 1.478004062317624268e+01 1.651988199591313133e+01 1.652076042174525838e+01 2.322408842006575824e+01 2.322430902082849968e+01
2.156830191561496246e-01 2.305844519243280821e+00 2.306732960950835576e+00 3.489921855518643312e+00 3.489972284355684184e+00 4.180626156045765818e+00 4.181358798064279902e+00 4.821187794157347994e+00 4.822173950602469006e+00 6.222245727288711059e+00 6.223691097526439009e+00 6.731266548859903054e+00 6.733529630118833431e+00 7.754263843015852586e+00 7.758222109355792817e+00 1.028563411665415117e+01 1.028598322637161289e+01 1.094459215546373976e+01 1.094506294245712752e+01 1.112929529184896538e+01 1.112941130418084690e+01 1.189856126520153445e+01 1.189873653154721822e+01 1.278435770483249811e+01 1.278527210968560901e+01 1.478013300592172818e+01 1.478016345160197353e+01 1.651979029294022894e+01 1.652066579825806869e+01 2.322355558502975015e+01 2.322377599978093698e+01
2.166062950305704671e-01 2.306018111094219059e+00 2.306911661951545511e+00 3.489621263980187127e+00 3.489674475004101328e+00 4.177695752614684288e+00 4.178425958125041362e+00 4.822274363617869319e+00 4.823269279347043081e+00 6.221314307250805697e+00 6.222841653556631769e+00 6.733556153266849087e+00 6.735726258811329359e+00 7.758902382724071956e+00 7.762890544694882600e+00 1.028184681415243062e+01 1.028219162923879892e+01 1.094626403429583661e+01 1.094673022528243145e+01 1.112993232866956639e+01 1.113004625315811857e+01 1.189763372206044068e+01 1.189781904579834659e+01 1.278420918212510671e+01 1.278512587174685322e+01 1.478025849410761339e+01 1.478028874308242813e+01 1.651970157123113481e+01 1.652057423320181329e+01 2.322303460242226336e+01 2.322325483361924015e+01
2.175295709049913095e-01 2.306155292171331084e+00 2.307054080887143144e+00 3.489315154377884198e+00 3.489371174695300226e+00 4.174653344834795554e+00 4.175379723904457663e+00 4.823347981948935548e+00 4.824351419368257510e+00 6.220391414892850079e+00 6.222000150377239081e+00 6.735840470535993774e+00 6.737917406124886099e+00 7.763643637616175042e+00 7.767661880122286533e+00 1.027797891709327693e+01 1.027831884166510434e+01 1.094795792396794631e+01 1.094841913655132615e+01 1.113060571334551341e+01 1.113071762627334849e+01 1.189669001408239346e+01 1.189688546602604724e+01 1.278404385253219644e+01 1.278496276842432700e+01 1.478038593766356712e+01 1.478041603880949317e+01 1.651961585365404162e+01 1.652048575140228692e+01 2.322252594769805967e+01 2.322274599807430562e+01
2.184528467794121520e-01 2.306258053590558799e+00 2.307162186275995452e+00 3.489004426219032506e+00 3.489063277389361506e+00 4.171517619179564207e+00 4.172238735373482221e+00 4.824404863065370641e+00 4.825416594703813011e+00 6.219479956665990628e+00 6.221169215093329541e+00 6.738111486219286128e+00 6.740095409232356616e+00 7.768470176390980697e+00 7.772518539996064568e+00 1.027404675078798491e+01 1.027438120028240398e+01 1.094966460535440156e+01 1.095012047841949965e+01 1.113131295423117351e+01 1.113142296176580004e+01 1.189573329872844276e+01 1.189593890789614150e+01 1.278386328770766944e+01 1.278478436875216140e+01 1.478051487175193301e+01 1.478054487150077989e+01 1.651953315816080448e+01 1.652040037264774952e+01 2.322203008329697482e+01 2.322224995586159224e+01
2.193761226538329945e-01 2.306328458005985294e+00 2.307238017824982279e+00 3.488690023082852143e+00 3.488751720322984529e+00 4.168307120675005528e+00 4.169021504675664680e+00 4.825441530912138788e+00 4.826461336441700389e+00 6.218582670729290385e+00 6.220351324676798299e+00 6.740361507563164878e+00 6.742252900005777150e+00 7.773364032805556434e+00 7.777442421746769696e+00 1.027006672304619528e+01 1.027039512796201848e+01 1.095137518124630205e+01 1.095182537931509259e+01 1.113205131110862744e+01 1.113215954874207014e+01 1.189476682033956578e+01 1.189498257813980864e+01 1.278366909823565578e+01 1.278459228087450938e+01 1.478064482524108492e+01 1.478067476723771811e+01 1.651945349805170693e+01 1.652031811195577049e+01 2.322154745834481915e+01 2.322176715638133260e+01
2.202993985282538369e-01 2.306368633518929290e+00 2.307283680434587314e+00 3.488372930913356207e+00 3.488437482365563280e+00 4.165040174474504475e+00 4.165746337074093475e+00 4.826454822608054585e+00 4.827482485990524985e+00 6.217702121093946488e+00 6.219548800048899651e+00 6.742583191041293667e+00 6.744382831760336927e+00 7.778306772256129875e+00 7.782414962724661933e+00 1.026605526489290554e+01 1.026637707421844325e+01 1.095308112835155256e+01 1.095352534561451385e+01 1.113281778967407831e+01 1.113292442074841126e+01 1.189379390142870818e+01 1.189401976478231582e+01 1.278346292618193836e+01 1.278438814460237438e+01 1.478077532251536930e+01 1.478080524732825296e+01 1.651937688225396883e+01 1.652023897985428391e+01 2.322107850837027954e+01 2.322129803543482751e+01
2.212226744026746794e-01 2.306380766968341600e+00 2.307301337585471401e+00 3.488054175834900406e+00 3.488121581907785540e+00 4.161734814275948047e+00 4.162431258736114081e+00 4.827441886711191010e+00 4.828477193543172064e+00 6.216840694452933747e+00 6.218763802704802224e+00 6.744769563608465468e+00 6.746478500095589581e+00 7.783279562726170830e+00 7.787417211258019556e+00 1.026202877463453511e+01 1.026234345897414535e+01 1.095477434094010505e+01 1.095521230491250719e+01 1.113360913968145205e+01 1.113371435289764833e+01 1.189281793306241219e+01 1.189305382671938638e+01 1.278324643755459711e+01 1.278417362387775924e+01 1.478090588529660465e+01 1.478093583018546120e+01 1.651930331561247201e+01 1.652016298267519545e+01 2.322062365503772696e+01 2.322084301495653236e+01
2.221459502770955219e-01 2.306367096578442411e+00 2.307293204082224491e+00 3.487734821464975266e+00 3.487805074254762161e+00 4.158408717335353444e+00 4.159093951137010414e+00 4.828400177231578994e+00 4.829442912340955907e+00 6.216000599448967989e+00 6.217998333630378127e+00 6.746914038009596659e+00 6.748533558125365595e+00 7.788263249794026066e+00 7.792429901634117861e+00 1.025800356485314602e+01 1.025831061927281418e+01 1.095644716610538616e+01 1.095687864086673180e+01 1.113442185711963539e+01 1.113452586298703118e+01 1.189184236434515363e+01 1.189208818259726641e+01 1.278302131470679193e+01 1.278395039917813492e+01 1.478103603447113557e+01 1.478106603321339740e+01 1.651923279919076393e+01 1.652009012285870426e+01 2.322018330589525092e+01 2.322040250276142714e+01
2.230692261515163644e-01 2.306329903949999149e+00 2.307261538140157331e+00 3.487415965703939413e+00 3.487489048500922006e+00 4.155079145781069627e+00 4.155751691810459114e+00 4.829327444020064419e+00 4.830377389349682637e+00 6.215183868114685595e+00 6.217254234254329326e+00 6.749010422549528876e+00 6.750542026460965239e+00 7.793238435348189164e+00 7.797433532670704714e+00 1.025399581188235132e+01 1.025429475850236649e+01 1.095809243072865691e+01 1.095851721971304116e+01 1.113525219071381933e+01 1.113535521697821906e+01 1.189087069102205696e+01 1.189112629896790274e+01 1.278278924871499633e+01 1.278372015989444677e+01 1.478116529191624196e+01 1.478119537469166112e+01 1.651916533058085079e+01 1.652002039926665944e+01 2.321975785413766147e+01 2.321997689230737194e+01
2.239925020259372068e-01 2.306271505392801124e+00 2.307208632812451921e+00 3.487098736987177094e+00 3.487174623870645362e+00 4.151762893898640172e+00 4.152421301138163656e+00 4.830221720147704012e+00 4.831278652946269681e+00 6.214392359210384242e+00 6.216533189177686047e+00 6.751052925782471625e+00 6.752498298368338148e+00 7.798185559617807350e+00 7.802408449505810140e+00 1.025002150731633144e+01 1.025031189768678352e+01 1.095970346034456888e+01 1.096012140865918738e+01 1.113609615294257438e+01 1.113619843912479368e+01 1.188990644322014667e+01 1.189017167770520800e+01 1.278255193176502935e+01 1.278348459671512316e+01 1.478129318231992784e+01 1.478132337565048537e+01 1.651910090421977984e+01 1.651995380750310005e+01 2.321934767838404312e+01 2.321956656247197870e+01
2.249157779003580493e-01 2.306194242608903711e+00 2.307136806766842074e+00 3.486784289992894248e+00 3.486862945515882384e+00 4.148476241034686041e+00 4.149119094849845091e+00 4.831081306860777858e+00 4.832144998187389184e+00 6.213627763185153086e+00 6.215836730426496537e+00 6.753036156616979646e+00 6.754397140561746227e+00 7.803084986090966346e+00 7.807334928198089941e+00 1.024609641112214042e+01 1.024637782842526690e+01 1.096127409021314314e+01 1.096168508647169126e+01 1.113694953565497769e+01 1.113705132692598454e+01 1.188895317235550486e+01 1.188922784268385158e+01 1.278231104957852260e+01 1.278324539404871274e+01 1.478141923498761834e+01 1.478144956172840274e+01 1.651903951171121321e+01 1.651989034024000702e+01 2.321895314246929942e+01 2.321917187734348076e+01
2.258390537747788918e-01 2.306100472748827457e+00 2.307048394433595551e+00 3.486473800806241030e+00 3.486555179770555402e+00 4.145234909756219110e+00 4.145860841895447457e+00 4.831904756657841027e+00 4.832974970195190956e+00 6.212891608493930740e+00 6.215166242981645439e+00 6.754955120353064224e+00 6.756233690123801594e+00 7.807917088861990429e+00 7.812193262697965324e+00 1.024223600596105044e+01 1.024250806709407513e+01 1.096279866900598599e+01 1.096320264667314781e+01 1.113780793026315408e+01 1.113790947096068962e+01 1.188801443724273454e+01 1.188829832573714285e+01 1.278206827391138489e+01 1.278300422251689383e+01 1.478154298562950153e+01 1.478157346500496772e+01 1.651898114215032010e+01 1.651982998754664322e+01 2.321857459524926171e+01 2.321879318602517372e+01
2.267623296491997342e-01 2.305992557875491400e+00 2.306945735559352340e+00 3.486168461549992159e+00 3.486252508870417266e+00 4.142054028895437057e+00 4.142661727350310130e+00 4.832690854989136753e+00 4.833767346151387478e+00 6.212185269014764089e+00 6.214522971351199132e+00 6.756805211174962800e+00 6.758003448057601226e+00 7.812662341921582154e+00 7.816963853721222932e+00 1.023845545237290899e+01 1.023871780997722425e+01 1.096427205561055551e+01 1.096466899386282634e+01 1.113866675237866666e+01 1.113876827951810711e+01 1.188709378945432604e+01 1.188738665192635757e+01 1.278182525515531331e+01 1.278276273154885345e+01 1.478166397812188393e+01 1.478169462580142302e+01 1.651892578244995846e+01 1.651977273722031114e+01 2.321821237041899266e+01 2.321843082245309375e+01
2.276856055236205767e-01 2.305872853883962570e+00 2.306831164214418806e+00 3.485869474501418264e+00 3.485956125157368746e+00 4.138948101108052668e+00 4.139536320020154925e+00 4.833438601029499182e+00 4.834521116344006941e+00 6.211509972326108908e+00 6.213908026964841014e+00 6.758582201616775365e+00 6.759702269982008183e+00 7.817301409879894969e+00 7.821627299031546521e+00 1.023476954453672150e+01 1.023502188905468913e+01 1.096568960964377837e+01 1.096607953376028988e+01 1.113952127065997644e+01 1.113962300779868819e+01 1.188619475798973113e+01 1.188649632416954027e+01 1.278158361507258611e+01 1.278252254210755900e+01 1.478178176623616302e+01 1.478181259444253470e+01 1.651887341766641271e+01 1.651971857511691866e+01 2.321786678634360257e+01 2.321808510522618008e+01
2.286088813980414192e-01 2.305743698937290365e+00 2.306706997313715313e+00 3.485578045725468588e+00 3.485667224797155850e+00 4.135930974571834895e+00 4.136498544423786505e+00 4.834147187924784816e+00 4.835235464662173577e+00 6.210866808621430479e+00 6.213322396185753327e+00 6.760282229500157669e+00 6.761326354478906175e+00 7.821815239591475510e+00 7.826164484615563133e+00 1.023119266638562230e+01 1.023143472824697398e+01 1.096704717634192328e+01 1.096743015764648099e+01 1.114036663954336959e+01 1.114046879132135714e+01 1.188532083332783529e+01 1.188563080729432819e+01 1.278134493969337271e+01 1.278228523957717577e+01 1.478189591532886027e+01 1.478192693297332205e+01 1.651882403132278654e+01 1.651966748547922137e+01 2.321753814590120513e+01 2.321775633744860556e+01
2.295321572724622616e-01 2.305607401492162367e+00 2.306575522724388261e+00 3.485295378264868127e+00 3.485387001050590960e+00 4.133015818450615164e+00 4.133561656847540178e+00 4.834815982861702999e+00 4.835909748885875103e+00 6.210256740057671365e+00 6.212766948752299179e+00 6.761901782814652151e+00 6.762872229593994255e+00 7.826185152132704381e+00 7.830556676213928924e+00 1.022773874792401472e+01 1.022797029999112617e+01 1.096834106655548169e+01 1.096871722193718490e+01 1.114119793544180759e+01 1.114130068304885413e+01 1.188447545095056057e+01 1.188479351159493191e+01 1.278111077240356686e+01 1.278205236683986712e+01 1.478200600398637476e+01 1.478203721682466032e+01 1.651877760572832443e+01 1.651961945126114983e+01 2.321722673633765766e+01 2.321744480658388810e+01
2.304554331468831041e-01 2.305466227998697271e+00 2.306438987044553635e+00 3.485022664938670189e+00 3.485116637148907959e+00 4.130215101744164841e+00 4.130738225186160406e+00 4.835444507262447900e+00 4.836543481070876283e+00 6.209680610353571772e+00 6.212242446479224967e+00 6.763437682971029652e+00 6.764336737983216885e+00 7.830392934566401841e+00 7.834785610653926646e+00 1.022442122166497214e+01 1.022464208210300818e+01 1.096956803262266078e+01 1.096993752366715746e+01 1.114201019591617658e+01 1.114211369364162607e+01 1.188366197444051586e+01 1.188398777599032030e+01 1.278088260725038872e+01 1.278182541756935109e+01 1.478211162561811776e+01 1.478214303642204364e+01 1.651873412229185334e+01 1.651957445444621797e+01 2.321693282913216549e+01 2.321715078431997625e+01
2.313787090213039466e-01 2.305322390370897701e+00 2.306299583149143739e+00 3.484761080811253908e+00 3.484857298834844297e+00 4.127540575135173917e+00 4.128040112310919163e+00 4.836032417360376812e+00 4.837136308284999409e+00 6.209139154473426458e+00 6.211749552065535696e+00 6.764887066806553051e+00 6.765717021190614133e+00 7.834420930914590464e+00 7.838833586413402443e+00 1.022125297917474462e+01 1.022146301496145071e+01 1.097072524092184054e+01 1.097108827268821862e+01 1.114279846125323203e+01 1.114290283417527760e+01 1.188288367826980085e+01 1.188321685089551139e+01 1.278066188249133361e+01 1.278160582976702031e+01 1.478221238999206832e+01 1.478224399873212391e+01 1.651869356182767135e+01 1.651953247635841038e+01 2.321665667987383941e+01 2.321687452644512462e+01
2.323019848957247890e-01 2.305178033333023624e+00 2.306159437607942841e+00 3.484511775403944522e+00 3.484610126641168204e+00 4.125003255428132398e+00 4.125478462739334162e+00 4.836579485371061971e+00 4.837687993911197637e+00 6.208633008250796337e+00 6.211288837872997348e+00 6.766247367653726918e+00 6.767010503545614064e+00 7.838252131749071872e+00 7.842683552832603766e+00 1.021824632777659936e+01 1.021844545913115354e+01 1.097181024191110410e+01 1.097216706139068165e+01 1.114355781782673915e+01 1.114366316060905326e+01 1.188214373041182448e+01 1.188248388093341390e+01 1.278044997441093678e+01 1.278139497956522419e+01 1.478230792470698240e+01 1.478233972874210878e+01 1.651865590485199675e+01 1.651949349796356259e+01 2.321639852814830718e+01 2.321661627273404349e+01
2.332252607701456315e-01 2.305035221756319697e+00 2.306020598090025242e+00 3.484275864730737471e+00 3.484376227987645791e+00 4.122613412149623180e+00 4.123063692423619919e+00 4.837085581435646375e+00 4.838198399696234553e+00 6.208162717824667887e+00 6.210860794555536302e+00 6.767516295693773998e+00 6.768214876188947571e+00 7.841870261801356712e+00 7.846319197380255517e+00 1.021541294752475970e+01 1.021560115361933363e+01 1.097282093845225326e+01 1.097317183274494035e+01 1.114428344257641079e+01 1.114438981927103711e+01 1.188144517492063379e+01 1.188179188762784477e+01 1.278024819142852664e+01 1.278119417532117552e+01 1.478239787659562943e+01 1.478242987086695592e+01 1.651862113186882652e+01 1.651945750016004411e+01 2.321615859743407384e+01 2.321637624684370493e+01
2.341485366445664740e-01 2.304895928107018044e+00 2.305885020875275693e+00 3.484054423248088117e+00 3.484156669186337929e+00 4.120380555842689141e+00 4.120805481529041359e+00 4.837550656480050115e+00 4.838667468690893259e+00 6.207728748777370242e+00 6.210465839434887947e+00 6.768691817688550216e+00 6.769328081794142804e+00 7.845259864987956355e+00 7.849725030372987078e+00 1.021276384861161723e+01 1.021294117503598287e+01 1.097375555318859597e+01 1.097410084743066783e+01 1.114497064791564362e+01 1.114507809262670790e+01 1.188079091463486137e+01 1.188114375223116070e+01 1.278005776851843045e+01 1.278100465202306957e+01 1.478248191305400816e+01 1.478251409028003494e+01 1.651858922364298365e+01 1.651942446405653797e+01 2.321593709500819713e+01 2.321615465621849950e+01
2.350718125189873164e-01 2.304762020131508216e+00 2.305754558598831494e+00 3.483848475815421786e+00 3.483952467451748358e+00 4.118313427541042238e+00 4.118712770139287827e+00 4.837974726104492085e+00 4.839095209198999825e+00 6.207331494879150924e+00 6.210104324532005116e+00 6.769772135989492234e+00 6.770348300675728126e+00 7.848406386246137956e+00 7.852886466544563682e+00 1.021030932941615710e+01 1.021047589799334965e+01 1.097461259570289727e+01 1.097495265077681026e+01 1.114561492637421658e+01 1.114572344461634046e+01 1.188018369417255826e+01 1.188054219884945795e+01 1.277987986196301051e+01 1.278082756602905157e+01 1.478255972329164436e+01 1.478259207416297194e+01 1.651856016145949368e+01 1.651939437123593990e+01 2.321573421186077368e+01 2.321595169200431741e+01
2.359950883934081589e-01 2.304635248907895839e+00 2.305630948357299648e+00 3.483658989768657399e+00 3.483764583017995076e+00 4.116419988858067036e+00 4.116793756896166556e+00 4.838357855592690271e+00 4.839481679827599692e+00 6.206971286358208495e+00 6.209776544176489388e+00 6.770755666403614370e+00 6.771273939226056804e+00 7.851296249578367359e+00 7.855789902862945873e+00 1.020805893544447862e+01 1.020821495713163607e+01 1.097539083012660832e+01 1.097572604017977582e+01 1.114621199429628184e+01 1.114632156488056758e+01 1.187962608339139869e+01 1.187998977803663259e+01 1.277971554445704783e+01 1.278066399015775012e+01 1.478263101949838720e+01 1.478266353287053825e+01 1.651853392736759574e+01 1.651936720400366099e+01 2.321555012261798012e+01 2.321576752897108520e+01
2.369183642678290014e-01 2.304517237393646667e+00 2.305515800306646046e+00 3.483486867212201243e+00 3.483593911468785276e+00 4.114707412099072315e+00 4.115055900631043428e+00 4.838700146109174760e+00 4.839826975709837775e+00 6.206648397627676061e+00 6.209482742128092703e+00 6.771641013939860620e+00 6.772103622113719190e+00 7.853916931712655369e+00 7.858422792001012347e+00 1.020602141946585206e+01 1.020616721117886705e+01 1.097608924380790718e+01 1.097642003360322427e+01 1.114675783394391217e+01 1.114686841123735661e+01 1.187912046149321910e+01 1.187948885103319618e+01 1.277956580058084057e+01 1.278051490914790911e+01 1.478269553792365976e+01 1.478272820100705509e+01 1.651851050440801671e+01 1.651934294561900529e+01 2.321538498547309359e+01 2.321560232544340963e+01
2.378416401422498438e-01 2.304409469598131643e+00 2.305410586880110468e+00 3.483332937636467452e+00 3.483441276387368113e+00 4.113182069872596713e+00 4.113505925002304942e+00 4.839001722135584771e+00 4.840131215954208699e+00 6.206363054412328495e+00 6.209223118154465482e+00 6.772426944438045382e+00 6.772836190636394527e+00 7.856257030801088170e+00 7.860773710880662790e+00 1.020420470323751871e+01 1.020434070941492166e+01 1.097670701757646761e+01 1.097703383969359159e+01 1.114724873339990197e+01 1.114736024982578932e+01 1.187866900195372288e+01 1.187904157482778622e+01 1.277943152265739535e+01 1.278038121550275896e+01 1.478275303986432831e+01 1.478278583841082749e+01 1.651848987682253522e+01 1.651932158050852095e+01 2.321523894212525008e+01 2.321545622323895941e+01
2.387649160166706863e-01 2.304313280505125849e+00 2.305316632751479133e+00 3.483197950967246825e+00 3.483307422433096434e+00 4.111849524008150070e+00 4.112149825851774132e+00 4.839262720182460953e+00 4.840394532359849400e+00 6.206115440227433666e+00 6.208997834018878947e+00 6.773112348149207484e+00 6.773470711497186159e+00 7.858306329600631912e+00 7.862832423731059173e+00 1.020261584139069733e+01 1.020274266075856495e+01 1.097724349807181632e+01 1.097756682997495226e+01 1.114768132371649401e+01 1.114779369238876328e+01 1.187827365845631533e+01 1.187864988821756107e+01 1.277931350700829860e+01 1.278026370573383197e+01 1.478280331255773028e+01 1.478283623104346134e+01 1.651847203024451716e+01 1.651930309445999967e+01 2.321511211772559591e+01 2.321532934761427924e+01
2.396881918910915288e-01 2.304229846864402020e+00 2.305235105662629014e+00 3.483082571149783924e+00 3.483193008948031189e+00 4.110714514525525054e+00 4.110992880088166324e+00 4.839483278801980148e+00 4.840617059425704305e+00 6.205905702170879223e+00 6.208807018839317848e+00 6.773696187681236935e+00 6.774006503876525365e+00 7.860055852609840521e+00 7.864589939130811835e+00 1.020126098840181861e+01 1.020137940534835508e+01 1.097769817253143643e+01 1.097801851351723101e+01 1.114805261281598803e+01 1.114816573022682000e+01 1.187793615200383890e+01 1.187831549903859951e+01 1.277921245062037059e+01 1.278016307701654597e+01 1.478284616997689405e+01 1.478287919178131560e+01 1.651845695186945306e+01 1.651928747479619020e+01 2.321500462083048433e+01 2.321522180721769502e+01
2.406114677655123713e-01 2.304160178963979178e+00 2.305167008226903125e+00 3.482987370365525859e+00 3.483098604191747771e+00 4.109780951503624102e+00 4.110039652840608682e+00 4.839663529918083462e+00 4.840798925672599395e+00 6.205733955997053464e+00 6.208650773787753430e+00 6.774177416332840096e+00 6.774443199014974937e+00 7.861497916672234076e+00 7.866038560540668634e+00 1.020014537018224843e+01 1.020025638785882016e+01 1.097807064636745444e+01 1.097838851440541497e+01 1.114836001571140223e+01 1.114847376441566418e+01 1.187765795937271207e+01 1.187803987272833339e+01 1.277912894823459489e+01 1.278007992426920225e+01 1.478288145352506433e+01 1.478291456110650337e+01 1.651844463060468016e+01 1.651927471052725238e+01 2.321491654336149324e+01 2.321513369404905447e+01
2.415347436399332137e-01 2.304105113484062439e+00 2.305113170809398593e+00 3.482912823971496596e+00 3.483024680295090381e+00 4.109051916452824749e+00 4.109293995912584485e+00 4.839803591484074907e+00 4.840940246290307947e+00 6.205600290447256917e+00 6.208529176104216063e+00 6.774554845193717867e+00 6.774780854124898610e+00 7.862626174602249662e+00 7.867171929878362668e+00 1.019927326264331846e+01 1.019937813092380807e+01 1.097836062379856692e+01 1.097867655227649131e+01 1.114860138067887085e+01 1.114871563194066617e+01 1.187744030306131471e+01 1.187782422236970881e+01 1.277906348986674345e+01 1.278001473766492957e+01 1.478290903262744393e+01 1.478294220769533496e+01 1.651843505719734750e+01 1.651926479248115598e+01 2.321484796057205457e+01 2.321506508342612918e+01
2.424580195143540562e-01 2.304065307521871553e+00 2.305074245573274450e+00 3.482859306242648056e+00 3.482971609013355785e+00 4.108529684316769348e+00 4.108759026090426758e+00 4.839903561473210658e+00 4.841041117117073966e+00 6.205504770816948401e+00 6.208442282405773227e+00 6.774826947975482128e+00 6.775020131823980662e+00 7.863435651442421737e+00 7.867985063740362328e+00 1.019864798015998097e+01 1.019874820640571578e+01 1.097856789174741365e+01 1.097888242613533016e+01 1.114877501107560143e+01 1.114888962746016077e+01 1.187728414286804224e+01 1.187766950035042335e+01 1.277901645876781345e+01 1.277996790058485210e+01 1.478292880521796349e+01 1.478296202890233246e+01 1.651842822434017322e+01 1.651925771341138471e+01 2.321479893102030090e+01 2.321501603395730484e+01
2.433812953887748987e-01 2.304041233863249882e+00 2.305050701768131205e+00 3.482827086985782028e+00 3.482939658348251921e+00 4.108215777611453845e+00 4.108437071531449547e+00 4.839963513204511791e+00 4.841101609955194007e+00 6.205447441744687431e+00 6.208390131275046464e+00 6.774991709283506580e+00 6.775162439503565004e+00 7.863922773020455281e+00 7.868474381935473438e+00 1.019827187595767093e+01 1.019836920305816008e+01 1.097869230716418087e+01 1.097900600161195150e+01 1.114887968255770190e+01 1.114899452046646822e+01 1.187719016921480986e+01 1.187757639175144675e+01 1.277898812983085186e+01 1.277993968801916402e+01 1.478294069811957989e+01 1.478297395113824209e+01 1.651842412675418004e+01 1.651925346808123862e+01 2.321476949654831401e+01 2.321498658752065580e+01
2.443045712631957411e-01 2.304033177560806500e+00 2.305042822320064300e+00 3.482816329080215656e+00 3.482928990093959953e+00 4.108111051174113015e+00 4.108329587546180051e+00 4.839983492004499510e+00 4.841121769224651317e+00 6.205428329211729377e+00 6.208372745116810698e+00 6.775046971801129914e+00 6.775209573252580775e+00 7.864085386541231237e+00 7.868637728062362058e+00 1.019814635271438874e+01 1.019824269275626527e+01 1.097873378789350163e+01 1.097904720177917604e+01 1.114891465551029270e+01 1.114902956766777464e+01 1.187715879830936316e+01 1.187754530955669452e+01 1.277897866844936026e+01 1.277993026542134203e+01 1.478294466731680679e+01 1.478297793014093386e+01 1.651842276124810027e+01 1.651925205332435453e+01 2.321475968226718933e+01 2.321497676924889575e+01
2.443045712631957411e-01 2.304033177560806500e+00 2.305042822320064300e+00 3.482816329080215656e+00 3.482928990093959953e+00 4.108111051174113015e+00 4.108329587546180051e+00 4.839983492004499510e+00 4.841121769224651317e+00 6.205428329211729377e+00 6.208372745116810698e+00 6.775046971801129914e+00 6.775209573252580775e+00 7.864085386541231237e+00 7.868637728062362058e+00 1.019814635271438874e+01 1.019824269275626527e+01 1.097873378789350163e+01 1.097904720177917604e+01 1.114891465551029270e+01 1.114902956766777464e+01 1.187715879830936316e+01 1.187754530955669452e+01 1.277897866844936026e+01 1.277993026542134203e+01 1.478294466731680679e+01 1.478297793014093386e+01 1.651842276124810027e+01 1.651925205332435453e+01 2.321475968226718933e+01 2.321497676924889575e+01
2.458243411014068569e-01 2.303871784379770915e+00 2.304881163046642811e+00 3.482409622805168414e+00 3.482523410087697613e+00 4.107773761536086532e+00 4.107995319738398265e+00 4.839680999197151223e+00 4.840818869659653245e+00 6.205216572715025691e+00 6.208158631440777064e+00 6.775223183360308710e+00 6.775387816747993064e+00 7.863679192145364816e+00 7.868228103173878552e+00 1.019828447805726945e+01 1.019838220491047664e+01 1.097831941927945998e+01 1.097863378418256275e+01 1.114846256931887680e+01 1.114857802255903430e+01 1.187753906262457804e+01 1.187792472940259891e+01 1.277902223184482366e+01 1.277997236142091531e+01 1.478295854898691175e+01 1.478299340038406129e+01 1.651897253997033843e+01 1.651980174387966116e+01 2.321462447410314667e+01 2.321484138166662703e+01
2.473441109396179727e-01 2.303386964474015475e+00 2.304395544359100878e+00 3.481190441381018630e+00 3.481307539813595309e+00 4.106762112320709868e+00 4.106992528009592469e+00 4.838774088798643014e+00 4.839910738291481884e+00 6.204581307535663726e+00 6.207516312521691226e+00 6.775751869936208927e+00 6.775922406317438806e+00 7.862463732941557204e+00 7.867002358918314897e+00 1.019869600543452215e+01 1.019879777130289078e+01 1.097707468926517826e+01 1.097739187399357519e+01 1.114711336814030140e+01 1.114723047770370101e+01 1.187867693678607139e+01 1.187906007799777086e+01 1.277915191096229286e+01 1.278009764388205127e+01 1.478300074358217486e+01 1.478303997343654075e+01 1.652062037958521046e+01 1.652144931718328280e+01 2.321421887139102935e+01 2.321443524084455490e+01
2.488638807778290885e-01 2.302576798222091714e+00 2.303584045230507193e+00 3.479161571336100156e+00 3.479283981682490534e+00 4.105076741261796336e+00 4.105321299445666483e+00 4.837264468383033922e+00 4.838399080630748195e+00 6.203522553038977705e+00 6.206445860739643550e+00 6.776633143435140560e+00 6.776812937762422884e+00 7.860448350351218139e+00 7.864969855916582375e+00 1.019937237383814121e+01 1.019948051131313882e+01 1.097499483541442977e+01 1.097531660806686915e+01 1.114488803378994675e+01 1.114500800418600690e+01 1.188056373552828404e+01 1.188094269330865593e+01 1.277936470396419111e+01 1.278030312757894293e+01 1.478307271968339975e+01 1.478311831297411771e+01 1.652336179877186595e+01 1.652419028653266153e+01 2.321354293978532368e+01 2.321375841287133568e+01
2.503836506160402320e-01 2.301438091208285464e+00 2.302443469263805387e+00 3.476327576945396736e+00 3.476457045260255896e+00 4.102718666110491519e+00 4.102981925940479613e+00 4.835154995331925498e+00 4.836286750707555093e+00 6.202040362675004914e+00 6.204947416645841152e+00 6.777867066733509027e+00 6.778058777581735583e+00 7.857648512500576388e+00 7.862146094036918775e+00 1.020029928098874272e+01 1.020041570493390104e+01 1.097207229775371395e+01 1.097240025541968400e+01 1.114182089704971901e+01 1.114194505001860414e+01 1.188318521450089449e+01 1.188355836876941396e+01 1.277965571108136444e+01 1.278058394048544777e+01 1.478317660779180187e+01 1.478322983068126106e+01 1.652718935636753628e+01 1.652801720195926904e+01 2.321259678975776453e+01 2.321281100894228544e+01
2.519034204542513478e-01 2.299966381882725397e+00 2.300969352892483499e+00 3.472694695207725779e+00 3.472832692784951991e+00 4.099689279015489518e+00 4.099975060427122564e+00 4.832449693091863452e+00 4.833577767456381125e+00 6.200134854815101626e+00 6.203021217948941235e+00 6.779453522087176331e+00 6.779659071602257114e+00 7.854085665814276140e+00 7.858552563621961973e+00 1.020145666956987540e+01 1.020158287255701879e+01 1.096829731909815209e+01 1.096863281377244981e+01 1.113795866537015122e+01 1.113808842672239052e+01 1.188652189727825537e+01 1.188688767902352161e+01 1.278001828518883976e+01 1.278093347442774785e+01 1.478331511639073526e+01 1.478337675276765673e+01 1.653209269265742165e+01 1.653291969175834453e+01 2.321138057816552447e+01 2.321159318692761175e+01
2.534231902924624635e-01 2.298155952743547115e+00 2.299155977316738930e+00 3.468270707147406817e+00 3.468418448624596806e+00 4.095990401087144406e+00 4.096301869612265278e+00 4.829153772203331307e+00 4.830277335916028036e+00 6.197806254131718262e+00 6.200667638373703383e+00 6.781392083133832571e+00 6.781612705205291469e+00 7.849787033015822146e+00 7.854216543013010643e+00 1.020281874199477912e+01 1.020295584391695698e+01 1.096365884466923646e+01 1.096400290583222059e+01 1.113335903930109794e+01 1.113349588115111821e+01 1.189054949692487462e+01 1.189090639996310017e+01 1.278044423417250108e+01 1.278134358754363653e+01 1.478349154449518466e+01 1.478356208291164542e+01 1.653805858664584605e+01 1.653888452008433418e+01 2.320989451044106389e+01 2.321010515356225667e+01
2.549429601306735793e-01 2.295999845495010572e+00 2.296996384625423548e+00 3.463064789811005184e+00 3.463223272164086985e+00 4.091624395367450262e+00 4.091964181555164615e+00 4.825273654436076143e+00 4.826391871572703884e+00 6.195054941862837339e+00 6.197887234801564560e+00 6.783681892965824467e+00 6.783918216770186582e+00 7.844785362973755838e+00 7.849170847844398224e+00 1.020435399840445356e+01 1.020450281399502401e+01 1.095814575814561564e+01 1.095849901444558405e+01 1.112808891076838513e+01 1.112823425720157466e+01 1.189523940220646914e+01 1.189558599335893696e+01 1.278092406729215824e+01 1.278180485074135220e+01 1.478370980150311276e+01 1.478378955070367695e+01 1.654507102877944291e+01 1.654589566007244983e+01 2.320813884339733590e+01 2.320834716725120117e+01
2.564627299688846951e-01 2.293489880758878829e+00 2.294482398675189661e+00 3.457087349630050266e+00 3.457257398139536253e+00 4.086594323499314285e+00 4.086964638529090088e+00 4.820816997984330499e+00 4.821929025792360157e+00 6.191881513007417404e+00 6.194680800825029365e+00 6.786321540631411686e+00 6.786573676883264739e+00 7.839118638941932282e+00 7.843453538696307348e+00 1.020602528593395952e+01 1.020618638995822813e+01 1.095174847030381216e+01 1.095211107512359838e+01 1.112222215989045893e+01 1.112237727365162421e+01 1.190055919749408275e+01 1.190089412533972890e+01 1.278144727636890288e+01 1.278230682897307169e+01 1.478397441182775296e+01 1.478406356797079013e+01 1.655311130844912526e+01 1.655393438180013987e+01 2.320611388864088553e+01 2.320631954148275611e+01
2.579824998070958109e-01 2.290616683033456003e+00 2.291604651411675242e+00 3.450349837079573767e+00 3.450532149845090935e+00 4.080904132112886273e+00 4.081306864120096023e+00 4.815792721364828388e+00 4.816897709977535413e+00 6.188286838318497907e+00 6.191049424683339630e+00 6.789308929437480877e+00 6.789576545420191067e+00 7.832829752562496139e+00 7.837107594518108122e+00 1.020778984926157307e+01 1.020796363217226421e+01 1.094446083425596328e+01 1.094483240218102083e+01 1.111583710944683467e+01 1.111600298125598130e+01 1.190647318778448849e+01 1.190679519034425837e+01 1.278200264176758694e+01 1.278283838728265209e+01 1.478429050560238345e+01 1.478438919152858411e+01 1.656215811546026373e+01 1.656297935426389856e+01 2.320382001658334659e+01 2.320402264884037535e+01
2.595022696453069266e-01 2.287369711703786113e+00 2.288352615421775482e+00 3.442864543382610609e+00 3.443059730326271772e+00 4.074558859481226314e+00 4.074995648280782312e+00 4.810211023436152367e+00 4.811308115860179591e+00 6.184272128903218757e+00 6.186994549502092156e+00 6.792641134503112355e+00 6.792923514870406798e+00 7.825966151509105018e+00 7.830180559745047120e+00 1.020959937685231367e+01 1.020978609054003705e+01 1.093628230059632500e+01 1.093666186320479561e+01 1.110901375406366220e+01 1.110919101417668386e+01 1.191294290516110976e+01 1.191325081705386779e+01 1.278257855281722755e+01 1.278338801126210633e+01 1.478466379941816378e+01 1.478477208822101829e+01 1.657218765453138687e+01 1.657300676041682763e+01 2.320125766104026610e+01 2.320145692560213391e+01
2.610220394835180424e-01 2.283737299004514387e+00 2.284714643597370198e+00 3.434644381086636944e+00 3.434852995968043832e+00 4.067564856474385593e+00 4.068037149898020566e+00 4.804083396832984576e+00 4.805171729218143284e+00 6.179839001302208423e+00 6.182518033831463811e+00 6.796314250162535764e+00 6.796610345234785022e+00 7.818579468841584834e+00 7.822724173224002264e+00 1.021140004174661975e+01 1.021159983761432066e+01 1.092722015706499405e+01 1.092760614624445559e+01 1.110183094380985835e+01 1.110201980960471602e+01 1.191992757932167457e+01 1.192022033910426870e+01 1.278316333247751402e+01 1.278394413172127564e+01 1.478510056974287679e+01 1.478521849941306066e+01 1.658317377176309293e+01 1.658399042419354075e+01 2.319842732440421784e+01 2.319862287691470115e+01
2.625418093217291582e-01 2.279706695918885639e+00 2.280678016863027402e+00 3.425702651141729227e+00 3.425925216354377856e+00 4.059930017536062863e+00 4.060439114036205943e+00 4.797422632095702077e+00 4.798501334291344733e+00 6.174989541093667711e+00 6.177622210654764245e+00 6.800323229451693763e+00 6.800631694111985759e+00 7.810725142030667811e+00 7.814793986950107296e+00 1.021313254030951434e+01 1.021334550242758255e+01 1.091729163897985622e+01 1.091768190364046553e+01 1.109436375146939469e+01 1.109456401762792233e+01 1.192738456141661096e+01 1.192766122000601925e+01 1.278374555665165957e+01 1.278449544397236970e+01 1.478560762045839638e+01 1.478573520331050162e+01 1.659508809191258294e+01 1.659590194834328614e+01 2.319532958337723016e+01 2.319552108252723244e+01
2.640615791599402740e-01 2.275264127061355168e+00 2.276229000972258998e+00 3.416052799597517176e+00 3.416289824011653931e+00 4.051664017884955449e+00 4.052211099765707480e+00 4.790242809883705100e+00 4.791311006283638818e+00 6.169726363332781460e+00 6.172309943304085778e+00 6.804661718523087544e+00 6.804980944762273332e+00 7.802462029214912498e+00 7.806448982216486421e+00 1.021473213770334532e+01 1.021495831352173767e+01 1.090652567006675966e+01 1.090691752783573776e+01 1.108668126876178661e+01 1.108689233948666164e+01 1.193526969651057357e+01 1.193552942782598691e+01 1.278431435947289607e+01 1.278503121306425250e+01 1.478619224525011511e+01 1.478632947419812282e+01 1.660790016521844947e+01 1.660871086180226186e+01 2.319196509524611116e+01 2.319215220306876191e+01
2.655813489981513897e-01 2.270394855628416142e+00 2.271352913398267948e+00 3.405708167321142454e+00 3.405960157595169235e+00 4.042778552973032014e+00 4.043364713764398211e+00 4.782559278894958688e+00 4.783616089572266361e+00 6.164052668471719620e+00 6.166584677048705387e+00 6.809321888923730803e+00 6.809650034563451193e+00 7.793852029597640119e+00 7.797751190121910092e+00 1.021612873551859479e+01 1.021636816607424336e+01 1.089496401381280499e+01 1.089535433405952247e+01 1.107884504419198635e+01 1.107906600061045133e+01 1.194353764493947700e+01 1.194377976026376054e+01 1.278485971705245738e+01 1.278554155746860843e+01 1.478686218521460205e+01 1.478700903807773237e+01 1.662157762244570236e+01 1.662238477526300784e+01 2.318833460468176710e+01 2.318851698685052654e+01
2.671011188363625055e-01 2.265083259510479063e+00 2.266034201333491982e+00 3.394681736343632128e+00 3.394949202175325365e+00 4.033287575739086250e+00 4.033913844321213915e+00 4.774388617474770058e+00 4.775433159608955869e+00 6.157972292781882295e+00 6.160450485488137673e+00 6.814294270558799660e+00 6.814629286118077722e+00 7.784959714010803999e+00 7.788765322496844057e+00 1.021724698528673514e+01 1.021749973622328156e+01 1.088266168331996475e+01 1.088304699323100522e+01 1.107090829369044549e+01 1.107113798491190515e+01 1.195214215642737798e+01 1.195236612457589409e+01 1.278537270346730104e+01 1.278601770501868984e+01 1.478762558187266229e+01 1.478778202440660650e+01 1.663608633676575721e+01 1.663688954354490335e+01 2.318443895104187646e+01 2.318461627717296381e+01
2.686208886745736213e-01 2.259312919627066041e+00 2.260256531758529697e+00 3.382985876657603974e+00 3.383269330494538263e+00 4.023207526529518852e+00 4.023874889799071042e+00 4.765748577378852602e+00 4.766779966980324801e+00 6.151489752692244295e+00 6.153912111259421280e+00 6.819567588023560667e+00 6.819907243248801265e+00 7.775851970591414641e+00 7.779558418223465388e+00 1.021800648151963031e+01 1.021827267553981855e+01 1.086968655489703650e+01 1.087006315776318921e+01 1.106291590284031834e+01 1.106315304684572176e+01 1.196103630302872389e+01 1.196124177939239708e+01 1.278584571409150250e+01 1.278645221623768791e+01 1.478849092569616097e+01 1.478865691376952185e+01 1.665139059105078445e+01 1.665218943333673352e+01 2.318027907615441308e+01 2.318045102011526737e+01
2.701406585127847371e-01 2.253066721473071521e+00 2.254002894439950833e+00 3.370632097572553665e+00 3.370932049385716223e+00 4.012557549781807786e+00 4.013266974961079647e+00 4.756658008746501132e+00 4.757675362686171638e+00 6.144610282837142279e+00 6.146975000930231303e+00 6.825128602915949472e+00 6.825470514227074403e+00 7.766597669259413195e+00 7.770199508664717314e+00 1.021832207909014834e+01 1.021860192963887215e+01 1.085611822767734225e+01 1.085648232277666025e+01 1.105490512677934944e+01 1.105514840777880359e+01 1.197017267789620121e+01 1.197035954703627425e+01 1.278627265265616941e+01 1.278683917149108140e+01 1.478946700023591276e+01 1.478964248141210369e+01 1.666745324914674242e+01 1.666824729486882717e+01 2.317585603255706417e+01 2.317602227278333515e+01
2.716604283509958528e-01 2.246326970738077300e+00 2.247255718561875781e+00 3.357630808117691767e+00 3.357947755965115633e+00 4.001359690715256434e+00 4.002112147820348298e+00 4.747136766020601861e+00 4.748139204375693367e+00 6.137339867952249506e+00 6.139645334274874244e+00 6.830961964798127006e+00 6.831303624851331691e+00 7.757267347269665159e+00 7.760759304496595234e+00 1.021810439121644798e+01 1.021839823619743548e+01 1.084204624028764030e+01 1.084239403641706723e+01 1.104690681056470858e+01 1.104715496223931481e+01 1.197950356676090955e+01 1.197967200577257074e+01 1.278664907959518260e+01 1.278717431959735507e+01 1.479056282195067595e+01 1.479074773664034659e+01 1.668423592969653413e+01 1.668502473608162262e+01 2.317117099216569187e+01 2.317133121199018930e+01
2.731801981892069686e-01 2.239075523675069235e+00 2.239997003483936489e+00 3.343991091473544230e+00 3.344325508729054874e+00 3.989639064380738898e+00 3.990435548865884474e+00 4.737205595297006688e+00 4.738192244026145694e+00 6.129685269049063301e+00 6.131930048401712519e+00 6.837050073689902696e+00 6.837388884475188888e+00 7.747932916547653370e+00 7.751309904668434392e+00 1.021726053420780644e+01 1.021756886737516012e+01 1.082756778161176570e+01 1.082789560031461917e+01 1.103894691557056440e+01 1.103919878365481466e+01 1.198898109820370905e+01 1.198913167163750337e+01 1.278697232025410280e+01 1.278745518660223013e+01 1.479178757587333948e+01 1.479198185816476929e+01 1.670169918111186647e+01 1.670248229788635896e+01 2.316622525534233290e+01 2.316637914334077664e+01
2.746999680274180844e-01 2.231293932645582068e+00 2.232208463847054070e+00 3.329720498998731237e+00 3.330072819276356899e+00 3.977423988533584254e+00 3.978265543697871109e+00 4.726886004364557081e+00 4.727855998326282894e+00 6.121654044523475058e+00 6.123836857405215106e+00 6.843372957356907094e+00 6.843706268840379359e+00 7.738667391815913454e+00 7.741924526504067927e+00 1.021569519054304109e+01 1.021601868699103477e+01 1.081278501972616546e+01 1.081308938825146271e+01 1.103104814543652168e+01 1.103130272719410421e+01 1.199855737817341605e+01 1.199869117871867097e+01 1.278724153237516070e+01 1.278768114435433922e+01 1.479315054730280998e+01 1.479335412554198648e+01 1.671980265633897744e+01 1.672057962916191798e+01 2.316102026033133399e+01 2.316116751069195345e+01
2.762197378656292002e-01 2.222963606947098381e+00 2.223871688919370371e+00 3.314824870056596762e+00 3.315195471008369310e+00 3.964746070980091464e+00 3.965633809354710326e+00 4.716200117473100306e+00 4.717152603800969679e+00 6.113254567005488305e+00 6.115374268349072828e+00 6.849908167174342033e+00 6.850233324660117695e+00 7.729544636686735082e+00 7.732677254111052001e+00 1.021331205867859993e+01 1.021365158983585530e+01 1.079780213877314488e+01 1.079807987577427575e+01 1.102323150407110575e+01 1.102348796549030929e+01 1.200818461640998613e+01 1.200830346269526139e+01 1.278745773289659482e+01 1.278785343934088559e+01 1.479466104977554330e+01 1.479487384694563445e+01 1.673850528612939215e+01 1.673927566019943569e+01 2.315555759302892014e+01 2.315569790595610655e+01
2.777395077038403159e-01 2.214065988635021132e+00 2.214968315694179513e+00 3.299308184473975114e+00 3.299697371764195974e+00 3.951640241396157105e+00 3.952575364029785820e+00 4.705170517602751623e+00 4.706104659447609251e+00 6.104496036834099471e+00 6.106551594446892217e+00 6.856630696919834733e+00 6.856945102408213977e+00 7.720639122953684819e+00 7.723642800301353084e+00 1.021001574128951539e+01 1.021037237441131929e+01 1.078272214060261902e+01 1.078297043913904396e+01 1.101551766965686774e+01 1.101577534328930241e+01 1.201781526417906498e+01 1.201792193864624103e+01 1.278762378447474468e+01 1.278797518302389591e+01 1.479632834964633048e+01 1.479655028358244806e+01 1.675776544960678649e+01 1.675852877338748570e+01 2.314983899704895975e+01 2.314997207921615185e+01
2.792592775420514317e-01 2.204582742583783617e+00 2.205480214829975250e+00 3.283172454986176270e+00 3.283580447840171335e+00 3.938144717240228854e+00 3.939128529580822491e+00 4.693820079665143474e+00 4.694735060310989638e+00 6.095388493045984291e+00 6.097378966298541592e+00 6.863512929305167098e+00 6.863814125813941125e+00 7.712025696296571198e+00 7.714896275179297547e+00 1.020571408872928565e+01 1.020608906654113923e+01 1.076764345585271876e+01 1.076785996872967033e+01 1.100792811708021190e+01 1.100818648446408510e+01 1.202740221206457427e+01 1.202750063270519298e+01 1.278774434213299926e+01 1.278805130583219984e+01 1.479816158769091317e+01 1.479839257115779105e+01 1.677754114101720262e+01 1.677829697002768583e+01 2.314386638404382879e+01 2.314399194911890945e+01
2.807790473802625475e-01 2.194495959497036797e+00 2.195389688073956957e+00 3.266417667323029850e+00 3.266844587105383280e+00 3.924300893411902358e+00 3.925334816364347557e+00 4.682171798612383640e+00 4.683066825967237889e+00 6.085942822707787414e+00 6.087867341970509827e+00 6.870524615098701382e+00 6.870810409305873279e+00 7.703779339589035047e+00 7.706512952486667345e+00 1.020032095882389100e+01 1.020071565703899807e+01 1.075265642833614343e+01 1.075283936158189491e+01 1.100048595802371132e+01 1.100074462090045202e+01 1.203689911930753986e+01 1.203699420235487416e+01 1.278782575971192870e+01 1.278808847843637864e+01 1.480016969823211781e+01 1.480040963888740357e+01 1.679779013165347834e+01 1.679853803227530307e+01 2.313764184423461501e+01 2.313775961351395694e+01
2.822988172184736633e-01 2.183788369986149558e+00 2.184679675352240835e+00 3.249041775530390641e+00 3.249487638818554291e+00 3.910153145885422177e+00 3.911238720626496690e+00 4.670248616832788358e+00 4.671122928291528531e+00 6.076170769308657071e+00 6.078028516589124131e+00 6.877632888907461606e+00 6.877901538267789938e+00 7.695974923075875829e+00 7.698568022820410306e+00 1.019375927997566045e+01 1.019417514384536005e+01 1.073783978586844690e+01 1.073798801119989932e+01 1.099321649093868203e+01 1.099347513534646836e+01 1.204626085662611068e+01 1.204635786772692896e+01 1.278787595324388882e+01 1.278809500713492930e+01 1.480236132638248314e+01 1.480261012664569975e+01 1.681847012605951974e+01 1.681920967931452537e+01 2.313116765709832023e+01 2.313127736030784831e+01
2.838185870566847790e-01 2.172443567213758531e+00 2.173333969260062837e+00 3.231040759554614006e+00 3.231505477127926795e+00 3.895748540815086702e+00 3.896887426085652972e+00 4.658073255454789674e+00 4.658926123128224184e+00 6.066084940774642220e+00 6.067875131956476764e+00 6.884802323884916753e+00 6.885052831299860898e+00 7.688686929040251528e+00 7.691136321127532760e+00 1.018596422149835412e+01 1.018640268675138927e+01 1.072325727351984881e+01 1.072337049401676623e+01 1.098614746449858792e+01 1.098640582156867396e+01 1.205544384109334644e+01 1.205554747769497403e+01 1.278790421036342018e+01 1.278808071883615050e+01 1.480474474408815233e+01 1.480500230093413627e+01 1.683953891173714013e+01 1.684026971699555020e+01 2.312444630214925212e+01 2.312454767850958248e+01
2.853383568948958948e-01 2.160446234975516244e+00 2.161337434258438606e+00 3.212408750903609000e+00 3.212892133949349027e+00 3.881136442691006216e+00 3.882330403565940280e+00 4.645668054250068124e+00 4.646498790555307679e+00 6.055698817481895979e+00 6.057420686514536357e+00 6.891995026467101937e+00 6.892227606552918218e+00 7.681989137447392757e+00 7.684292014675689231e+00 1.017688620065480620e+01 1.017734860802231367e+01 1.070895465433663674e+01 1.070903376497507509e+01 1.097930906221653125e+01 1.097956686923356351e+01 1.206440609848822021e+01 1.206451987578185836e+01 1.278792090807873194e+01 1.278805687861949814e+01 1.480732776574725840e+01 1.480759397044249681e+01 1.686095450169833398e+01 1.686167618028098403e+01 2.311748046973349346e+01 2.311757326945743074e+01
2.868581267331070106e-01 2.147782377515997876e+00 2.148676227494941582e+00 3.193138230230783581e+00 3.193640004857623449e+00 3.866368018098369053e+00 3.867618905647784100e+00 4.633054824725904020e+00 4.633862788339627947e+00 6.045026760444319081e+00 6.046679545784741983e+00 6.899170780874822384e+00 6.899387565807948874e+00 7.675954258744956960e+00 7.678108237317196050e+00 1.016649341271030771e+01 1.016698092744938897e+01 1.069495707109442506e+01 1.069500547217173292e+01 1.097273361733928176e+01 1.097299058236554536e+01 1.207310722958097848e+01 1.207323338789604072e+01 1.278793700431795166e+01 1.278803628061680087e+01 1.481011766425866227e+01 1.481039240205900676e+01 1.688267526932563101e+01 1.688338746796868861e+01 2.311027307172020429e+01 2.311035705824804865e+01
2.883778965713181264e-01 2.134439546891471640e+00 2.135338017820872292e+00 3.173220297917496158e+00 3.173740128738449684e+00 3.851495635510575166e+00 3.852805357284226240e+00 4.620254720734189746e+00 4.621039322924040071e+00 6.034084019643074726e+00 6.035666953209132934e+00 6.906287299323317974e+00 6.906493261759517388e+00 7.670653500889750731e+00 7.672656656689895271e+00 1.015477357938609693e+01 1.015528712691548563e+01 1.068126517010177601e+01 1.068129557267826613e+01 1.096645506989694852e+01 1.096671084294264809e+01 1.208150849885603151e+01 1.208164820984795718e+01 1.278796287004855792e+01 1.278803395258892728e+01 1.481312108842927167e+01 1.481340423825773556e+01 1.690466007511902546e+01 1.690536246927381470e+01 2.310282725190017672e+01 2.310290220545890705e+01
2.898976664095292421e-01 2.120407063357418131e+00 2.121312199287661571e+00 3.152645015199674550e+00 3.153182538276951608e+00 3.836572166235701964e+00 3.837942648081473340e+00 4.607288130521577152e+00 4.608048841894068381e+00 6.022886742261172266e+00 6.024399041125750642e+00 6.913300748696962650e+00 6.913504494061477601e+00 7.666156060148062501e+00 7.668006963441216683e+00 1.014173468236798392e+01 1.014227490823368427e+01 1.066785536665383738e+01 1.066789630001643552e+01 1.096050818469957022e+01 1.096076233796256716e+01 1.208957305472150878e+01 1.208972667996825301e+01 1.278800665235514522e+01 1.278806829218842189e+01 1.481634398272760933e+01 1.481663541685114893e+01 1.692686838501946411e+01 1.692756068196400321e+01 2.309514639573217565e+01 2.309521211942033503e+01
2.914174362477403579e-01 2.105676224111690864e+00 2.106590095181741340e+00 3.131401809249323431e+00 3.131956674064017676e+00 3.821650196923208398e+00 3.823083337233760037e+00 4.594174593627288417e+00 4.594910951364508556e+00 6.011451980393162309e+00 6.012892841433858493e+00 6.920166783175671910e+00 6.920380412072886678e+00 7.662528529624937690e+00 7.664226275990532855e+00 1.012740457380565751e+01 1.012797183151009861e+01 1.065470031824217578e+01 1.065476457447042336e+01 1.095492756141059054e+01 1.095517958043952333e+01 1.209726620480557102e+01 1.209743350548198215e+01 1.278807948943027206e+01 1.278815532368798991e+01 1.481979151041442755e+01 1.482009109413854020e+01 1.694926038010315850e+01 1.694994232184528116e+01 2.308723413864876406e+01 2.308729046971921051e+01
2.929372060859514737e-01 2.090240495790630426e+00 2.091165148523267625e+00 3.109479931166125422e+00 3.110051850480684443e+00 3.806781169578004054e+00 3.808278787584750358e+00 4.580932745432594544e+00 4.581644361136273602e+00 5.999797697622208936e+00 6.001166295349565694e+00 6.926841922226645742e+00 6.927079479179321098e+00 7.659834226009231806e+00 7.661378460986403738e+00 1.011182950834343686e+01 1.011242387346871929e+01 1.064175416675769981e+01 1.064184211356393028e+01 1.094974648508271642e+01 1.094999577180922401e+01 1.210455569659410635e+01 1.210473598256152172e+01 1.278820058337469412e+01 1.278830308045623454e+01 1.482346798110414454e+01 1.482377557250373101e+01 1.697179705753738688e+01 1.697246842349229823e+01 2.307909437091694116e+01 2.307914120382960377e+01
2.944569759241625895e-01 2.074095686391059790e+00 2.075033094937151379e+00 3.086868951457545585e+00 3.087457757000099612e+00 3.792014470358525013e+00 3.793578250501940641e+00 4.567580291508349433e+00 4.568266859829513749e+00 5.987942773698507359e+00 5.989238261527232154e+00 6.933284555043688790e+00 6.933559994632189749e+00 7.658132443587434501e+00 7.659523378423824802e+00 1.009507178424822271e+01 1.009569308916094776e+01 1.062895304101416727e+01 1.062906224390123455e+01 1.094499568528651778e+01 1.094524157275811760e+01 1.211141198421087140e+01 1.211160421750956395e+01 1.278838776076168138e+01 1.278852049581920269e+01 1.482737678381224455e+01 1.482769223351643362e+01 1.699444032277550320e+01 1.699510093220260387e+01 2.307073123311382545e+01 2.307076857269635539e+01
2.959767457623737053e-01 2.057240092756380978e+00 2.058192113939803836e+00 3.063559273768383218e+00 3.064164974643444506e+00 3.777396493012128431e+00 3.779027927667820030e+00 4.554134013221534438e+00 4.554795321527503660e+00 5.975907006412175093e+00 5.977128521730644906e+00 6.939455330112468623e+00 6.939781370788765003e+00 7.657477654679702539e+00 7.658716070923031971e+00 1.007720678105329526e+01 1.007785466218528114e+01 1.061622315231415747e+01 1.061635033666940586e+01 1.094070209008302719e+01 1.094094386751091541e+01 1.211780847401262484e+01 1.211801134303030381e+01 1.278865559994183343e+01 1.278881873715680229e+01 1.483152032652036922e+01 1.483184347756770727e+01 1.701715307304697333e+01 1.701780278723228079e+01 2.306214908144322706e+01 2.306217718593121901e+01
2.974965156005848210e-01 2.039674620376489944e+00 2.040642954995722125e+00 3.039542644860985021e+00 3.040165484592240119e+00 3.762969706072425868e+00 3.764670038980226785e+00 4.540609805369558494e+00 4.541245744786508887e+00 5.963711109626891549e+00 5.964857783187577311e+00 6.945317494346898712e+00 6.945705536120308388e+00 7.657918686266151020e+00 7.659005928026857646e+00 1.005831971946668446e+01 1.005899366890339763e+01 1.060348594823792290e+01 1.060362755507686394e+01 1.093688767256559125e+01 1.093712461814574333e+01 1.212372174396473135e+01 1.212393372010843962e+01 1.278901688532257097e+01 1.278920923769672591e+01 1.483589998324196380e+01 1.483623067102066351e+01 1.703989927226536594e+01 1.704053799643647338e+01 2.305335233898313518e+01 2.305337218041249514e+01
2.990162854387959368e-01 2.021402872968430131e+00 2.022389035196347162e+00 3.014812637580956522e+00 3.015453144886369508e+00 3.748771754437493442e+00 3.750541927066116887e+00 4.527022745924917047e+00 4.527633324191493891e+00 5.951376706317143217e+00 5.952447676761535966e+00 6.950837522528216184e+00 6.951298037925704776e+00 7.659497912113483409e+00 7.660435867237620045e+00 1.003850244745563280e+01 1.003920186190420871e+01 1.059066248902779783e+01 1.059081494426244774e+01 1.093356848792506675e+01 1.093379990599474461e+01 1.212913173141552647e+01 1.212935111587770187e+01 1.278948304706557337e+01 1.278970278258117688e+01 1.484051604949683423e+01 1.484085410178262876e+01 1.706264401753587023e+01 1.706327170249639380e+01 2.304434497229119927e+01 2.304435976274071507e+01
3.005360552770070526e-01 2.002431210081041524e+00 2.003436506082088009e+00 2.989365084060697786e+00 2.990024112062331874e+00 3.734834625360233584e+00 3.736675228165882601e+00 4.513387197297697107e+00 4.513972553966325130e+00 5.938926315312651916e+00 5.939920750142435146e+00 6.955985910961333119e+00 6.956528870523335684e+00 7.662250505984781412e+00 7.663041582517275074e+00 1.001785049139412997e+01 1.001857471380913012e+01 1.057767718399814250e+01 1.057783707719255872e+01 1.093075398538008791e+01 1.093097924401592635e+01 1.213402188343832577e+01 1.213424684864340009e+01 1.279006416095755228e+01 1.279030908907132869e+01 1.484536770700231578e+01 1.484571294410381270e+01 1.708535359749193461e+01 1.708597024096146200e+01 2.303513052828870400e+01 2.303514719050816240e+01
3.020558251152181684e-01 1.982768771770055505e+00 1.983794287933259737e+00 2.963198438800337620e+00 2.963877187604204710e+00 3.721183906156778409e+00 3.723095136302186248e+00 4.499716937855382071e+00 4.500277362469766729e+00 5.926383330261038473e+00 5.927300455428439641e+00 6.960737935530844744e+00 6.961373122210419595e+00 7.666203801306189725e+00 7.666850917718168290e+00 9.996460526509151734e+00 9.997208878000954257e+00 1.056446074977887761e+01 1.056462496800697082e+01 1.092844665248894920e+01 1.092866521774389632e+01 1.213837926402436018e+01 1.213860789237576476e+01 1.279076884432538819e+01 1.279103655839981712e+01 1.485045299826487408e+01 1.485080523328341506e+01 1.710799554272994172e+01 1.710860119037426230e+01 2.302571539665586187e+01 2.302573952702546833e+01
3.035755949534292841e-01 1.962427470187319001e+00 1.963474070739777755e+00 2.936314055377855503e+00 2.937014073985456886e+00 3.707838156299407828e+00 3.709819782942477939e+00 4.486025321767671770e+00 4.486561275702499962e+00 5.913771989000182749e+00 5.914611130813139717e+00 6.965074255399590797e+00 6.965811458557415570e+00 7.671376789072154700e+00 7.671883431004525633e+00 9.974428337914364562e+00 9.975200139541460231e+00 1.055095231197100070e+01 1.055111814214845722e+01 1.092664201342456742e+01 1.092685347703060295e+01 1.214219461317535931e+01 1.214242493446025861e+01 1.279160414748310082e+01 1.279189211103448898e+01 1.485576881161044227e+01 1.485612785081821130e+01 1.713053866864173358e+01 1.713113341477609453e+01 2.301610732166875906e+01 2.301614114545057177e+01
3.050953647916403999e-01 1.941421948692711341e+00 1.942490281961502641e+00 2.908716366021777855e+00 2.909439531372262078e+00 3.694808410499784479e+00 3.696859748294460513e+00 4.472325464555325425e+00 4.472837607181406661e+00 5.901117330936009431e+00 5.901877976754426491e+00 6.968981303349991663e+00 6.969830417827824753e+00 7.677779731886617220e+00 7.678150252582061519e+00 9.951847276227978156e+00 9.952641861643790833e+00 1.053710066558030434e+01 1.053726587055374253e+01 1.092532896434456902e+01 1.092553306274645841e+01 1.214546235428819010e+01 1.214569238229170622e+01 1.279257547300433018e+01 1.279288108133623325e+01 1.486131087702847609e+01 1.486167652036526476e+01 1.715295311096809527e+01 1.715353709891414624e+01 2.300631336005193717e+01 2.300635778562119071e+01
3.066151346298515157e-01 1.919769509803900931e+00 1.920860022051795513e+00 2.880412959618061652e+00 2.881161433010908102e+00 3.682097822598147108e+00 3.684217713624974078e+00 4.458630451000568762e+00 4.459119670660622425e+00 5.888445138824447866e+00 5.889127028302088007e+00 6.972451435251354468e+00 6.973422492238175785e+00 7.685413607144805148e+00 7.685654573903113906e+00 9.928807165802822965e+00 9.929623886475621219e+00 1.052286478674121284e+01 1.052302765805202966e+01 1.092449039518960063e+01 1.092468701900861916e+01 1.214818054801602543e+01 1.214840831639496876e+01 1.279368653470127093e+01 1.279400716433682028e+01 1.486707377302831290e+01 1.486744581471388926e+01 1.717521035441162525e+01 1.717578377648638011e+01 2.299634047087429067e+01 2.299639597743846764e+01
3.081349044680626315e-01 1.897490013920199337e+00 1.898602969482387159e+00 2.851414560314135205e+00 2.852190724112626086e+00 3.669701453338515940e+00 3.671888257338987049e+00 4.444953561314332724e+00 4.445421011144214063e+00 5.875781858837724414e+00 5.876385127924980800e+00 6.975482833017591311e+00 6.976585984158545806e+00 7.694266876716702619e+00 7.694395285263436080e+00 9.905393598250277876e+00 9.906231823219300736e+00 1.050821373689983318e+01 1.050837312574625315e+01 1.092410402374940759e+01 1.092429321797060382e+01 1.215035079286991859e+01 1.215057439005013151e+01 1.279493936021177269e+01 1.279527241122198689e+01 1.487305094452070797e+01 1.487342917377637441e+01 1.719728325465805696e+01 1.719784635177139620e+01 2.298619583535895927e+01 2.298626273280693511e+01
3.096546743062737472e-01 1.874605751268770160e+00 1.875741257641194260e+00 2.821734915102619201e+00 2.822541294930970501e+00 3.657606199178810247e+00 3.659857791730449339e+00 4.431308510644331733e+00 4.431755648391487945e+00 5.863154487284520044e+00 5.863679908870007118e+00 6.978079175111527199e+00 6.979324646483249239e+00 7.704291345398267765e+00 7.704391974355687012e+00 9.881687534995487354e+00 9.882546647030526543e+00 1.049312612058828798e+01 1.049328144663054907e+01 1.092414335738356179e+01 1.092432531352319636e+01 1.215197807500537763e+01 1.215219567774721021e+01 1.279633433683655319e+01 1.279667727010760636e+01 1.487923473154990894e+01 1.487961893341966046e+01 1.721914605415901534e+01 1.721969911499478911e+01 2.297588694802010778e+01 2.297596546459472222e+01
3.111744441444848630e-01 1.851141289902669351e+00 1.852299326447806704e+00 2.791390604038060719e+00 2.792229783165028234e+00 3.645790854761037814e+00 3.648104632908337752e+00 4.417709696139271891e+00 4.418138325634783037e+00 5.850590400028468530e+00 5.851039811633279797e+00 6.980249106283094918e+00 6.981647135258903347e+00 7.715448276721700083e+00 7.715640055906894723e+00 9.857765144779031985e+00 9.858644534527600811e+00 1.047758925427190491e+01 1.047774048937423785e+01 1.092457869990272279e+01 1.092475374203441163e+01 1.215307057172954863e+01 1.215328047702571013e+01 1.279787029738808890e+01 1.279822066753130017e+01 1.488561640851531109e+01 1.488600636477402972e+01 1.724077439202876150e+01 1.724131775178456394e+01 2.296542164717803658e+01 2.296551196444253407e+01
3.126942139826959788e-01 1.827123302818224992e+00 1.828303751834970292e+00 2.760400790601658993e+00 2.761275323573844087e+00 3.634226298925135712e+00 3.636599193767885208e+00 4.404172444821670140e+00 4.404584754540951330e+00 5.838117073763804399e+00 5.838494183272858074e+00 6.982005551852693337e+00 6.983566317053905514e+00 7.727756581986030326e+00 7.728064127609330036e+00 9.833697810526999206e+00 9.834596869879320025e+00 1.046159818364459682e+01 1.046174580529402398e+01 1.092537813288738846e+01 1.092554669966411218e+01 1.215363941508415202e+01 1.215384007020024093e+01 1.279954464068040565e+01 1.279990012471179561e+01 1.489218623334451053e+01 1.489258172347824782e+01 1.726214530840404748e+01 1.726267934706607932e+01 2.295480812770984613e+01 2.295491039644392472e+01
3.142139838209070946e-01 1.802580377347427154e+00 1.803783056373819527e+00 2.728786931909251479e+00 2.729699263783145202e+00 3.622875793298478531e+00 3.625304289114410494e+00 4.390713254359506656e+00 4.391111845697645677e+00 5.825761601041066662e+00 5.826073556868100134e+00 6.983364929803014931e+00 6.985098481869732367e+00 7.741192908610999623e+00 7.741619621411396146e+00 9.809552251216093310e+00 9.810470366768724304e+00 1.044515465733084625e+01 1.044529956629629375e+01 1.092650841806229600e+01 1.092667104281454193e+01 1.215369842325566729e+01 1.215388845399598949e+01 1.280135347976478144e+01 1.280171190147141402e+01 1.489893350591496102e+01 1.489933430815612247e+01 1.728323724360802061e+01 1.728376238374103480e+01 2.294405494722396455e+01 2.294416929539488237e+01
3.157337536591182103e-01 1.777542809920898081e+00 1.778767504286245416e+00 2.696572468915202858e+00 2.697524864930498811e+00 3.611695383385562064e+00 3.614175543000076818e+00 4.377350017257329640e+00 4.377737912411182819e+00 5.813549910791409481e+00 5.813810198931469664e+00 6.984346315649720083e+00 6.986262514299755644e+00 7.755720065298159049e+00 7.756266204598630587e+00 9.785390715881300494e+00 9.786327263075708771e+00 1.042826613241145139e+01 1.042840953355457856e+01 1.092793578626551465e+01 1.092809307696748000e+01 1.215326380843269405e+01 1.215344204612780743e+01 1.280329181008539585e+01 1.280365115997186898e+01 1.490584663487489259e+01 1.490625252727377870e+01 1.730403003245011107e+01 1.730454673648853259e+01 2.293317102904782345e+01 2.293329756611059977e+01
3.172535234973293261e-01 1.752042389100672448e+00 1.753288883903630024e+00 2.663782515689516739e+00 2.664777004353009460e+00 3.600634394356250656e+00 3.603161890634637210e+00 4.364102216745592955e+00 4.364482834830401004e+00 5.801506233073993712e+00 5.801738386011204618e+00 6.984970611108441751e+00 6.987079071893290916e+00 7.771295670052980498e+00 7.771960944570053265e+00 9.761271217408200584e+00 9.762225555677067845e+00 1.041094485685018078e+01 1.041108811139272561e+01 1.092962659599004027e+01 1.092977921645950090e+01 1.215235387001630052e+01 1.215251937832333162e+01 1.280535368938483920e+01 1.280571214016184811e+01 1.491291321188911567e+01 1.491332397340221405e+01 1.732450489398168259e+01 1.732501366101677220e+01 2.292216566319273952e+01 2.292230448253838659e+01
3.187732933355404419e-01 1.726112169464742996e+00 1.727380280318553840e+00 2.630443564596983475e+00 2.631481895313071195e+00 3.589636016869460544e+00 3.592206170360704665e+00 4.350991079646367332e+00 4.351368171749352420e+00 5.789655253805144675e+00 5.789891965146907182e+00 6.985259759396198476e+00 6.987569811784616114e+00 7.787873991245766625e+00 7.788658183494808540e+00 9.737247782621379244e+00 9.738219251693220002e+00 1.039320705027677860e+01 1.039335151861684103e+01 1.093154785861061207e+01 1.093169651182702218e+01 1.215098868179294378e+01 1.215114078524704055e+01 1.280753242139190462e+01 1.280788833907636892e+01 1.492012009223524771e+01 1.492053550381034555e+01 1.734464441701461368e+01 1.734514577908451827e+01 2.291104850572899210e+01 2.291119968613204350e+01
3.202930631737515577e-01 1.699786238508111502e+00 1.701075840557404240e+00 2.596583221231514305e+00 2.597666836104555177e+00 3.578637981664520851e+00 3.581245804535528432e+00 4.338039668263368398e+00 4.338417208792771262e+00 5.778026771964117181e+00 5.778299386613596766e+00 6.985236039418080800e+00 6.987756696413804924e+00 7.805406938510800252e+00 7.806310103537128953e+00 9.713370702290342606e+00 9.714358619674914763e+00 1.037507219006311310e+01 1.037521908963171846e+01 1.093366763756685245e+01 1.093381305152381167e+01 1.214918978085073853e+01 1.214932809830995453e+01 1.280982073599569127e+01 1.281017268680623467e+01 1.492745348060157262e+01 1.492787332623996654e+01 1.736443254169659056e+01 1.736492705960051808e+01 2.289982957673372965e+01 2.289999318322830035e+01
3.218128330119626734e-01 1.673099478232843662e+00 1.674410533104415233e+00 2.562229979685494374e+00 2.563359998057694433e+00 3.567573324663359635e+00 3.570213571096831906e+00 4.325272891289974275e+00 4.325654933185856699e+00 5.766654635926299122e+00 5.766984433787615494e+00 6.984921459865596205e+00 6.987661398328432583e+00 7.823844807788069566e+00 7.824867338173669751e+00 9.689686770148881578e+00 9.690690429741589895e+00 1.035656240273949891e+01 1.035671270101307861e+01 1.093595533511538775e+01 1.093609825121757595e+01 1.214697986477194647e+01 1.214710435253968157e+01 1.281221095964135159e+01 1.281255771297365698e+01 1.493489902089171117e+01 1.493532308866853597e+01 1.738385453742314724e+01 1.738434279609785094e+01 2.288851925686668309e+01 2.288869534128091843e+01
3.233326028501737892e-01 1.646087322557570509e+00 1.647419903056512647e+00 2.527413045522658219e+00 2.528590259198067347e+00 3.556371246331299751e+00 3.559038469492387335e+00 4.312717414626948909e+00 4.313107925815891974e+00 5.755571792056221270e+00 5.755970819079000655e+00 6.984337263803491069e+00 6.987304813978111540e+00 7.843136876949000857e+00 7.844279513764634615e+00 9.666239504100477831e+00 9.667258175792651897e+00 1.033770195723060681e+01 1.033785630835955516e+01 1.093838188342289364e+01 1.093852304712876133e+01 1.214438250223052407e+01 1.214449351351718143e+01 1.281469517094897803e+01 1.281503569879142823e+01 1.494244188882152535e+01 1.494286997184652144e+01 1.740289697735357421e+01 1.740337958086846371e+01 2.287712828258254660e+01 2.287731688386117668e+01
3.248523726883849050e-01 1.618785511109855246e+00 1.620139823609947793e+00 2.492162210923510646e+00 2.493387087783097034e+00 3.544958069486238816e+00 3.547646684974676834e+00 4.300401457671367389e+00 4.300804160650313790e+00 5.744808692836851804e+00 5.745283401349417396e+00 6.983503545565738158e+00 6.986706687978615271e+00 7.863231876743816962e+00 7.864495694648481638e+00 9.643069345730109987e+00 9.644102275884447906e+00 1.031851685280678765e+01 1.031867557440422800e+01 1.094091985756189089e+01 1.094106001078154478e+01 1.214142186128187895e+01 1.214152022939282993e+01 1.281726533793119316e+01 1.281759881112702715e+01 1.495006688610065559e+01 1.495049878340341110e+01 1.742154770978527623e+01 1.742202527603084405e+01 2.286566773996936774e+01 2.286586888436074005e+01
3.263721425265960208e-01 1.591229839400595480e+00 1.592606244000914550e+00 2.456507784029278607e+00 2.457780477758471083e+00 3.533258298191978231e+00 3.535962653579546533e+00 4.288354468061201352e+00 4.288772701396024623e+00 5.734393687902064940e+00 5.734947404774137780e+00 6.982438975142630788e+00 6.985885342933896069e+00 7.884078350643725308e+00 7.885464729394143113e+00 9.620213836313904920e+00 9.621260248952461680e+00 1.029903449085981748e+01 1.029919757063793639e+01 1.094354352718119650e+01 1.094368340186776045e+01 1.213812246129121419e+01 1.213820960846209474e+01 1.281991343455358212e+01 1.282023921633152064e+01 1.495775853502195218e+01 1.495819405234774102e+01 1.743979582663038030e+01 1.744026898179168938e+01 2.285414905719475342e+01 2.285436275834923237e+01
3.278919123648071365e-01 1.563455904839639032e+00 1.564854933465438913e+00 2.420480572579375433e+00 2.421800936403961657e+00 3.521195776568672997e+00 3.523910226184666428e+00 4.276606675986622363e+00 4.277043287985718756e+00 5.724353413933555679e+00 5.724987627133523382e+00 6.981160620748653400e+00 6.984857505587280357e+00 7.905624916648743117e+00 7.907135505285994626e+00 9.597707768930229477e+00 9.598766867480538423e+00 1.027928341707451487e+01 1.027945053788256757e+01 1.094622886191566025e+01 1.094636917432461232e+01 1.213450896256797584e+01 1.213458701194019618e+01 1.282263153565290992e+01 1.282294917283701352e+01 1.496550117233454458e+01 1.496594012283924080e+01 1.745763162922814260e+01 1.745810100214934835e+01 2.284258399554027008e+01 2.284281025454962588e+01
3.294116822030182523e-01 1.535498847565174518e+00 1.536921220278563371e+00 2.384111920507105076e+00 2.385479523086318832e+00 3.508694940307583110e+00 3.511413923903764278e+00 4.265188536719855428e+00 4.265645812329053044e+00 5.714712910255498990e+00 5.715427915239407852e+00 6.979683857676854508e+00 6.983638217596872977e+00 7.927820445042678799e+00 7.929457122346499354e+00 9.575583317206088907e+00 9.576654286654322945e+00 1.025929312008315186e+01 1.025946369421096094e+01 1.094895350347398555e+01 1.094909494868045030e+01 1.213060602403018784e+01 1.213067783288898305e+01 1.282541189033435458e+01 1.282572110261190446e+01 1.497327904134734489e+01 1.497372124618251732e+01 1.747504659171882224e+01 1.747551280827463671e+01 2.283098463900576292e+01 2.283122344440306506e+01
3.309314520412293681e-01 1.507393084646517556e+00 1.508839724499158264e+00 2.347433795174826532e+00 2.348847937075235759e+00 3.495682145717220024e+00 3.498400269066556767e+00 4.254130077144846922e+00 4.254609692996424108e+00 5.705495570018728202e+00 5.706290802680728191e+00 6.978022350496304149e+00 6.982240818234148882e+00 7.950614166469186728e+00 7.952378999883573663e+00 9.553870141818574524e+00 9.554952151124398441e+00 1.023909387387589121e+01 1.023926708076998260e+01 1.095169671513801291e+01 1.095183996155877004e+01 1.212643826094826416e+01 1.212650722846849582e+01 1.282824697487185084e+01 1.282854764245276513e+01 1.498107638129585339e+01 1.498152167007777535e+01 1.749203332219748930e+01 1.749249699979169037e+01 2.281936338246871188e+01 2.281961471020177612e+01
3.324512218794404839e-01 1.479172035911398009e+00 1.480644082718230337e+00 2.310478922311458572e+00 2.311938651748723039e+00 3.482087051956361368e+00 3.484799166885567345e+00 4.243460169525356207e+00 4.243963170092443171e+00 5.696723013754765752e+00 5.697597228643601852e+00 6.976188095722737792e+00 6.980676986392434280e+00 7.973955724318789962e+00 7.975850928746306856e+00 9.532595476218379105e+00 9.533687680851780755e+00 1.021871661324689029e+01 1.021889143765226926e+01 1.095443931732801701e+01 1.095458500115443634e+01 1.212203026455867416e+01 1.212209984130688945e+01 1.283112952681970675e+01 1.283142167677083201e+01 1.498887751310303074e+01 1.498932572426208409e+01 1.750858552186006989e+01 1.750904726416952428e+01 2.280773291838834282e+01 2.280799673177589426e+01
3.339709917176515996e-01 1.450867839472101295e+00 1.452366662911088513e+00 2.273280965370170659e+00 2.274785092140422016e+00 3.467844022788321823e+00 3.470545303696832118e+00 4.233205763611542771e+00 4.233732552463710164e+00 5.688414929715269075e+00 5.689366299282409223e+00 6.974191512906828372e+00 6.978956830094272590e+00 7.997795184414446368e+00 7.999823081773568489e+00 9.511784193229551931e+00 9.512885737694077193e+00 1.019819283369272611e+01 1.019836810328869170e+01 1.095716361604296196e+01 1.095731233562162643e+01 1.211740654245011761e+01 1.211747964744625250e+01 1.283405256251265492e+01 1.283433635400383999e+01 1.499666692077067509e+01 1.499711790178026050e+01 1.752469794234953326e+01 1.752515833442376092e+01 2.279610622204911152e+01 2.279638247172622201e+01
3.354907615558627154e-01 1.422511055016425718e+00 1.424038267469028396e+00 2.235874745849900425e+00 2.237421852573263426e+00 3.452893506058004380e+00 3.455579519723763315e+00 4.223391115508960958e+00 4.223941458003371174e+00 5.680588903212028917e+00 5.681615075551071037e+00 6.972041573321110519e+00 6.977089012897316422e+00 8.022083013598125589e+00 8.024245993714210101e+00 9.491458854264184453e+00 9.492568874472619100e+00 1.017755450908389925e+01 1.017772893205549956e+01 1.095985332940847812e+01 1.096000563969081654e+01 1.211259131261588884e+01 1.211266999349646412e+01 1.283700938040469097e+01 1.283728508906890653e+01 1.500442932774831384e+01 1.500488293523493688e+01 1.754036634150469354e+01 1.754082594531716666e+01 2.278449653534420349e+01 2.278478515920183156e+01
3.370105313940738312e-01 1.394130353131116662e+00 1.395687822673225664e+00 2.198296501022669602e+00 2.199884950989600352e+00 3.437183343572690841e+00 3.439850109063974148e+00 4.214037056978329865e+00 4.214610093016214698e+00 5.673260247057208439e+00 5.674358381609261315e+00 6.969745956843129697e+00 6.975080907982601275e+00 8.046770037259193487e+00 8.049070520452568545e+00 9.471639742916234894e+00 9.472757368283197366e+00 1.015683402197320362e+01 1.015700622594492586e+01 1.096249351625445456e+01 1.096264992347222744e+01 1.210760827316647514e+01 1.210769369603614543e+01 1.283999355280108645e+01 1.284026155439471850e+01 1.501214976773903054e+01 1.501260586747753223e+01 1.755558743771068819e+01 1.755604678823924658e+01 2.277291734910546950e+01 2.277321827222787576e+01
3.385303012322849470e-01 1.365752189390672333e+00 1.367342053330518503e+00 2.160584175372127103e+00 2.162212116425786590e+00 3.420669962411698517e+00 3.423313998259563284e+00 4.205160350499260069e+00 4.205754617547905916e+00 5.666441840571716071e+00 5.667608632483273290e+00 6.967311229058055666e+00 6.972938772101834992e+00 8.071807384261910912e+00 8.074247785868930549e+00 9.452344884695525806e+00 9.453469239806180369e+00 1.013606410256739743e+01 1.013623267723326649e+01 1.096507050957122509e+01 1.096523146629069423e+01 1.210248046520521292e+01 1.210257308058692516e+01 1.284299890850661541e+01 1.284325966206206537e+01 1.501981364951254605e+01 1.502027211631252612e+01 1.757035886304454664e+01 1.757081846493645827e+01 2.276138238399341773e+01 2.276169551859642581e+01
3.400500710704960627e-01 1.337400462739790186e+00 1.339025142084349751e+00 2.122777741774294569e+00 2.124443105787818364e+00 3.403319401692818769e+00 3.405937758129840898e+00 4.196773172542306973e+00 4.197386639796499175e+00 5.660143982370165361e+00 5.661375681692317308e+00 6.964743031931121209e+00 6.970667932857067761e+00 8.097146426224368199e+00 8.099729123215036353e+00 9.433590054656280088e+00 9.434720260361238786e+00 1.011527777318156929e+01 1.011544132010409847e+01 1.096757185682340463e+01 1.096773775750247459e+01 1.209723022476970300e+01 1.209732995911383746e+01 1.284601950877832444e+01 1.284627353946989281e+01 1.502740681540385559e+01 1.502786753289521293e+01 1.758467911540559925e+01 1.758513944025946429e+01 2.274990556996649360e+01 2.275023081533907998e+01
3.415698409087071785e-01 1.309096158902959717e+00 1.310758374122986680e+00 2.084919547923831384e+00 2.086620045552150415e+00 3.385108136582754224e+00 3.387698411566479884e+00 4.188882759871638939e+00 4.189512874319977875e+00 5.654374260892837789e+00 5.655666690395264595e+00 6.962046282566884514e+00 6.968272983926881103e+00 8.122738716729489994e+00 8.125466016551801118e+00 9.415388774681616724e+00 9.416523948454754489e+00 1.009450829542190498e+01 1.009466549018139148e+01 1.096998626839819835e+01 1.097015744553312189e+01 1.209187917675748380e+01 1.209198558819201530e+01 1.284904961876636342e+01 1.284929750075700916e+01 1.503491559327787996e+01 1.503537845360483871e+01 1.759854750981423521e+01 1.759900899408794928e+01 2.273850102435720899e+01 2.273883826680854980e+01
3.430896107469182943e-01 1.280856981270354300e+00 1.282559769734447297e+00 2.047054682611097576e+00 2.048787793126289003e+00 3.366023673158776930e+00 3.368584011970331638e+00 4.181491242029236943e+00 4.182134986536819810e+00 5.649137445855416217e+00 5.650486019864136900e+00 6.959225375554267679e+00 6.965757983813915644e+00 8.148535934834665539e+00 8.151410046608701165e+00 9.397752302222814436e+00 9.398891557601006141e+00 1.007378911739221650e+01 1.007393879195045727e+01 1.097230357489663710e+01 1.097248029581012574e+01 1.208644824144569796e+01 1.208656063262046132e+01 1.285208367638035298e+01 1.285232601597170543e+01 1.504232684183681279e+01 1.504279174527096608e+01 1.761196412905770003e+01 1.761242717259042578e+01 2.272718302858873685e+01 2.272753214140261946e+01
3.446093805851294101e-01 1.252696974047672773e+00 1.254443709511505967e+00 2.009231355057372159e+00 2.010994311230219989e+00 3.346064902193933932e+00 3.348593981499307315e+00 4.174595668855874742e+00 4.175249631440921760e+00 5.644435403165597442e+00 5.645835149019299060e+00 6.956284385189777097e+00 6.963126654465781051e+00 8.174489836188207903e+00 8.177512844384116519e+00 9.380689612372403730e+00 9.381832057274152703e+00 1.005315381793681340e+01 1.005329507509366316e+01 1.097451469351488207e+01 1.097469715781210731e+01 1.208095764319732801e+01 1.208107514069972233e+01 1.285511626025377829e+01 1.285535367971135301e+01 1.504962798923401834e+01 1.505009484371783479e+01 1.762492977385558035e+01 1.762539473897354725e+01 2.271596600357353068e+01 2.271632684697188154e+01
3.461291504233405258e-01 1.224626145547880851e+00 1.226420560119347858e+00 1.971501278487605591e+00 1.973291046673575577e+00 3.325242215177380611e+00 3.327739213422079345e+00 4.168188226868767998e+00 4.168848679380255717e+00 5.640267035301389953e+00 5.641712618502982224e+00 6.953227264490739579e+00 6.960382576728627591e+00 8.200552214143927543e+00 8.203726054900794651e+00 9.364207375286378365e+00 9.365352108979728030e+00 1.003263604467823811e+01 1.003276842151909598e+01 1.097661160338337005e+01 1.097679994108873025e+01 1.207542691896954246e+01 1.207554852984077343e+01 1.285814205821584721e+01 1.285837518067009100e+01 1.505680706503843425e+01 1.505727578567113589e+01 1.763744591271142070e+01 1.763791312387273535e+01 2.270486448384289702e+01 2.270523690496010616e+01
3.476489202615516416e-01 1.196650103469012238e+00 1.198496312520419105e+00 1.933920046333186926e+00 1.935733302178345383e+00 3.303577399937212888e+00 3.306041956696777362e+00 4.162256624502703062e+00 4.162919608090555279e+00 5.636628248609473424e+00 5.638114002395405500e+00 6.950058038375380498e+00 6.957529380049461309e+00 8.226674872465030930e+00 8.230001312738274066e+00 9.348309931175272425e+00 9.349456039634793214e+00 1.001226944390975504e+01 1.001239314381982659e+01 1.097858732941476667e+01 1.097878159979906343e+01 1.206987492636007886e+01 1.206999957955233604e+01 1.286115583742817492e+01 1.286138527324728287e+01 1.506385272566362588e+01 1.506432323414154517e+01 1.764951463161134981e+01 1.764998437553477117e+01 2.269389309046369263e+01 2.269427692333326618e+01
3.491686900997627574e-01 1.168769718956966353e+00 1.170672249514506991e+00 1.896547485814008782e+00 1.898380586334782683e+00 3.281103344445288172e+00 3.283535511800987017e+00 4.156784615284640161e+00 4.157446029518492736e+00 5.633511948451331186e+00 5.635031908239355403e+00 6.946780988723127770e+00 6.954570924174536373e+00 8.252809610496429471e+00 8.256290230256411178e+00 9.332999265368917108e+00 9.334145814727085266e+00 9.992087587862526377e+00 9.992203788493343453e+00 1.098043593394195838e+01 1.098063612505413822e+01 1.206431985116362604e+01 1.206444642912791743e+01 1.286415241711167745e+01 1.286437875209655246e+01 1.507075427343758633e+01 1.507122649746109744e+01 1.766113858372445122e+01 1.766161110994035610e+01 2.268306650280610270e+01 2.268346156836123839e+01
3.506884599379738732e-01 1.140980842244648796e+00 1.142944665436415042e+00 1.859447969103575016e+00 1.861296922332076775e+00 3.257863584676417457e+00 3.260263773806867160e+00 4.151752621013087285e+00 4.152408313303182830e+00 5.630908062599577768e+00 5.632456005567343382e+00 6.943400829262161622e+00 6.951511470822144823e+00 8.278908221028633108e+00 8.282544398770648186e+00 9.318274986338071386e+00 9.319421014099463108e+00 9.972123927041643299e+00 9.972235114942428424e+00 1.098215251519173030e+01 1.098235854411805335e+01 1.205877921428118427e+01 1.205890657798461696e+01 1.286712664457696320e+01 1.286735043024382996e+01 1.507750166954257942e+01 1.507797554220129399e+01 1.767232093925368375e+01 1.767279646101279766e+01 2.267239942923407270e+01 2.267280553532362219e+01
3.522082297761849889e-01 1.113274099641908377e+00 1.115304667804458472e+00 1.822690656907595130e+00 1.824551090843217205e+00 3.233911735406183929e+00 3.236280661411624848e+00 4.147138414296369646e+00 4.147784266391244756e+00 5.628803592778464093e+00 5.630373082648893579e+00 6.939922868386602772e+00 6.948355843463165371e+00 8.304922500444686051e+00 8.308715402307571551e+00 9.304134310039597011e+00 9.305278813688582673e+00 9.952411829929079801e+00 9.952521986375629126e+00 1.098373321143067649e+01 1.098394492531410194e+01 1.205326987773520742e+01 1.205339688718193436e+01 1.287007337507987081e+01 1.287029512118158259e+01 1.508408554109911215e+01 1.508456100024649160e+01 1.768306533558115490e+01 1.768354403105669803e+01 2.266190657679696940e+01 2.266232351821833291e+01
3.537279996143961047e-01 1.085634809391575750e+00 1.087738098387991625e+00 1.786349643338512871e+00 1.788216776603948510e+00 3.209310841865423924e+00 3.211649469439245230e+00 4.142917821043647919e+00 4.143549829765976966e+00 5.627182693764481769e+00 5.628767130717553080e+00 6.936353158106308925e+00 6.945109573444367967e+00 8.330804270100948372e+00 8.334754842926148655e+00 9.290572054551454073e+00 9.291713977148948089e+00 9.932984758366611544e+00 9.933099122269307912e+00 1.098517520943054038e+01 1.098539238729184042e+01 1.204780804954540407e+01 1.204793358110668144e+01 1.287298745585070670e+01 1.287320762515947692e+01 1.509049718270545704e+01 1.509097417033322586e+01 1.769337582784535101e+01 1.769385784156697028e+01 2.265160262000897262e+01 2.265203017855935741e+01
3.552477694526072205e-01 1.058043061909941907e+00 1.060225619058148050e+00 1.750503964976495519e+00 1.752372582319011496e+00 3.184132686020965775e+00 3.186442178038441764e+00 4.139065407883157910e+00 4.139679757833669704e+00 5.626026779029455582e+00 5.627619454517671649e+00 6.932698627398348634e+00 6.941779030758655544e+00 8.356505407211770375e+00 8.360614375902772011e+00 9.277580649687818592e+00 9.278718862024852854e+00 9.913876476351459743e+00 9.914000812075556723e+00 1.098647675572949289e+01 1.098669911113706554e+01 1.204240928729092097e+01 1.204253224866897654e+01 1.287586371448935907e+01 1.287608271973981289e+01 1.509672855277428205e+01 1.509720701439611545e+01 1.770325684008303924e+01 1.770374228454521415e+01 2.264150216880970845e+01 2.264194011335714762e+01
3.567675392908183363e-01 1.030474017332720926e+00 1.032743015042843382e+00 1.715237431875701990e+00 1.717101868421336164e+00 3.158457074972599088e+00 3.160738745466249888e+00 4.135555125934808451e+00 4.136148252553893734e+00 5.625314651534568000e+00 5.626908807647741817e+00 6.928967198278336070e+00 6.938371537819689294e+00 8.381977882755784037e+00 8.386245752314497537e+00 9.265150167135768555e+00 9.266283445998665158e+00 9.895121064530687960e+00 9.895260814668526805e+00 1.098763716901249055e+01 1.098786435364907099e+01 1.203708850029217636e+01 1.203720784363974339e+01 1.287869695178056695e+01 1.287891515456765390e+01 1.510277226503150594e+01 1.510325214908444735e+01 1.771271311706343354e+01 1.771320207445671002e+01 2.263161973580632846e+01 2.263206782238194492e+01
3.582873091290294520e-01 1.002898478799641335e+00 1.005261773541189951e+00 1.680638235343687725e+00 1.682492374199183072e+00 3.132371131624421157e+00 3.134626404032322622e+00 4.132360889797716652e+00 4.132929531843701376e+00 5.625022657979998009e+00 5.626611550882492097e+00 6.925167882958012555e+00 6.934895464652022667e+00 8.407173803069177609e+00 8.411600865683608319e+00 9.253268377629135344e+00 9.254395379743510119e+00 9.876752701920549882e+00 9.876912478108618387e+00 1.098865685180147089e+01 1.098888845997185193e+01 1.203185995046772838e+01 1.203197468399187997e+01 1.288148193886292603e+01 1.288169965021522145e+01 1.510862157556065277e+01 1.510910283283160283e+01 1.772174967693607428e+01 1.772224220095563751e+01 2.262196970290466780e+01 2.262242767481748018e+01
3.598070789672405678e-01 9.752838017998863851e-01 9.777499973605757733e-01 1.646798288379376363e+00 1.648635576623446175e+00 3.105968600340085484e+00 3.108198971400349286e+00 4.129457078084428190e+00 4.129998319203918022e+00 5.625124864589554186e+00 5.626701831438928103e+00 6.921310860514544139e+00 6.931360303973666426e+00 8.432045450813649978e+00 8.436631798339485400e+00 9.241920842756449872e+00 9.243040074029604369e+00 9.858805407328002701e+00 9.858988882711292590e+00 1.098953729953802672e+01 1.098977287365231525e+01 1.202673725204133248e+01 1.202684645029647115e+01 1.288421341858477476e+01 1.288443090089313436e+01 1.511427036578871963e+01 1.511475294887217835e+01 1.773037176480950805e+01 1.773086788250193635e+01 2.261256628744279951e+01 2.261303387541837040e+01
3.613268488054516836e-01 9.475951961551796199e-01 9.501737093513032972e-01 1.613812261772605838e+00 1.615625749877793726e+00 3.079349173429361208e+00 3.081556182681286060e+00 4.126818948644427998e+00 4.127330248232818910e+00 5.625593252366244634e+00 5.627151781015911958e+00 6.917407531578510849e+00 6.927776724736996350e+00 8.456545319885336198e+00 8.461290861988235434e+00 9.231091050156186029e+00 9.232200829949274379e+00 9.841312866531424675e+00 9.841522876302642331e+00 1.099028110506391620e+01 1.099052014211529738e+01 1.202173337038305156e+01 1.202183618337869397e+01 1.288688611079900603e+01 1.288710358077155149e+01 1.511971312181822569e+01 1.512019698461034700e+01 1.773858480737125376e+01 1.773908452098671518e+01 2.260342350794698518e+01 2.260390043029119056e+01
3.628466186436627994e-01 9.197974658884863208e-01 9.224985920387954730e-01 1.581776294055442289e+00 1.583558703101877851e+00 3.052617838476210377e+00 3.054803043026812936e+00 4.124422967341401680e+00 4.124902181301082216e+00 5.626397929692038780e+00 5.627931730381575903e+00 6.913470549659736619e+00 6.924156602814318440e+00 8.480626137556276589e+00 8.485530625641700908e+00 9.220760602031036868e+00 9.221859022388603222e+00 9.824308328107591137e+00 9.824547013414980157e+00 1.099089195646507022e+01 1.099113391550000607e+01 1.201686062035772729e+01 1.201695628155870921e+01 1.288949472128752127e+01 1.288971235361835888e+01 1.512494491051463719e+01 1.512543000774751967e+01 1.774639436865433595e+01 1.774689765747728032e+01 2.259455514963523015e+01 2.259504111242423008e+01
3.643663884818739152e-01 8.918572120486758514e-01 8.946921867781933990e-01 1.550786378058963466e+00 1.552530197537566270e+00 3.025884241921375839e+00 3.028049195940725635e+00 4.122247053692465357e+00 4.122692445989390997e+00 5.627507360155625804e+00 5.629010438300547037e+00 6.909513827879940173e+00 6.920513027672808626e+00 8.504240865720774423e+00 8.509303922546836318e+00 9.210909468033722902e+00 9.211994348110311037e+00 9.807824516577589691e+00 9.808093444452124388e+00 1.099137462625055406e+01 1.099161893680266644e+01 1.201213066462022994e+01 1.201221849789273044e+01 1.289203395396228835e+01 1.289225188543520240e+01 1.512996135276001475e+01 1.513044763957904237e+01 1.775380610704941020e+01 1.775431292918633019e+01 2.258597472979911558e+01 2.258646942709656713e+01
3.658861583200850309e-01 8.637454947885280232e-01 8.667265482521137043e-01 1.520936460568129478e+00 1.522634077025912802e+00 2.999262060989294376e+00 3.001408299295754922e+00 4.120270749843409241e+00 4.120680995949079772e+00 5.628888603565724402e+00 5.630355332673803836e+00 6.905552520074805578e+00 6.916860284085289301e+00 8.527342671587096135e+00 8.532563826097895543e+00 9.201516314526520190e+00 9.202585150916227974e+00 9.791893532688634494e+00 9.792193780283900750e+00 1.099173494989683064e+01 1.099198102132446841e+01 1.200755451233521143e+01 1.200763393789054945e+01 1.289449852596232127e+01 1.289471685975423121e+01 1.513475859428220005e+01 1.513524602586825907e+01 1.776082573365515671e+01 1.776133602776283738e+01 2.257769546319851983e+01 2.257819857730109803e+01
3.674059281582961467e-01 8.354409161933080696e-01 8.385813157084986980e-01 1.492316331922613815e+00 1.493960185276376196e+00 2.972868373927433083e+00 2.974997398996277020e+00 4.118475321362017993e+00 4.118849504764018121e+00 5.630507568226918558e+00 5.631932761891264683e+00 6.901602975469568690e+00 6.913213808172070429e+00 8.549884856582302461e+00 8.555263582967738145e+00 9.192558922841501001e+00 9.193608837181532323e+00 9.776546729829533433e+00 9.776878939795818013e+00 1.099197979190811125e+01 1.099222702354022552e+01 1.200314251880425864e+01 1.200321305822136964e+01 1.289688318525072042e+01 1.289710199524635748e+01 1.513933327446510724e+01 1.513982180570255132e+01 1.776745897205345059e+01 1.776797265899525513e+01 2.256973022760888625e+01 2.257024142932068145e+01
3.689256979965072625e-01 8.069330498918735328e-01 8.102471271796357621e-01 1.465009424030953022e+00 1.466592184433042512e+00 2.946823017473924278e+00 2.948936289230859042e+00 4.116843799370655255e+00 4.117181402361821618e+00 5.632329272702702561e+00 5.633708254554139039e+00 6.897682666425795972e+00 6.909590117367740980e+00 8.571820730754296846e+00 8.577356489978809506e+00 9.184014709264735288e+00 9.185042395400776272e+00 9.761814564441314346e+00 9.762178981123703636e+00 1.099211699773167972e+01 1.099236478968849617e+01 1.199890438644697532e+01 1.199896566693938560e+01 1.289918273031191909e+01 1.289940206528613054e+01 1.514368249354025053e+01 1.514417207873069415e+01 1.777371151958857709e+01 1.777422850401019261e+01 2.256209152966267695e+01 2.256261047859928226e+01
3.704454678347183783e-01 7.782261150673321914e-01 7.817292744565292884e-01 1.439090670339331579e+00 1.440605424655760913e+00 2.921247920342612936e+00 2.923346848169982692e+00 4.115360973818745549e+00 4.115661863756336913e+00 5.634318115442386699e+00 5.635646785888789090e+00 6.893810089103934224e+00 6.906006714255765289e+00 8.593103418776072644e+00 8.598795699750134247e+00 9.175861358769333620e+00 9.176863032997660596e+00 9.747726421986923739e+00 9.748122916590197917e+00 1.099215533012804613e+01 1.099240309464350673e+01 1.199484916747824137e+01 1.199490092579152467e+01 1.290139203155209380e+01 1.290161191911662186e+01 1.514780377855165128e+01 1.514829437117288435e+01 1.777958901022377347e+01 1.778010918204272883e+01 2.255479147113004856e+01 2.255531781605278141e+01
3.719652376729294940e-01 7.493427796124194629e-01 7.530514829405506871e-01 1.414624601041646113e+00 1.416065035104660197e+00 2.896266402181516764e+00 2.898352338654389904e+00 4.114013347416391575e+00 4.114277759606552287e+00 5.636438150784457868e+00 5.637713049327411241e+00 6.890004637289759870e+00 6.902481964614634258e+00 8.613685583129742085e+00 8.619533939238541720e+00 9.168077582677048198e+00 9.169048942179388817e+00 9.734310422285629372e+00 9.734738513049942199e+00 1.099210438893287112e+01 1.099235156196638741e+01 1.199098526836328737e+01 1.199102735530474995e+01 1.290350605401547313e+01 1.290372650426122547e+01 1.515169504847763449e+01 1.515218660098639702e+01 1.778509697904081932e+01 1.778562021484673394e+01 2.254784171578517515e+01 2.254837509496566383e+01
3.734850075111406098e-01 7.203279863640955627e-01 7.242597078268109279e-01 1.391663843920533994e+00 1.393024405518733078e+00 2.872002428814484531e+00 2.874076664784638968e+00 4.112789059084994925e+00 4.113017577433205396e+00 5.638653369945802574e+00 5.639871731852433179e+00 6.886286450090487676e+00 6.899034950468574401e+00 8.633519050708134301e+00 8.639523125468596021e+00 9.160644006962213481e+00 9.161580203587989857e+00 9.721593210208139269e+00 9.722052081917647470e+00 1.099197451356082489e+01 1.099222056644872403e+01 1.198732045534153379e+01 1.198735284396877887e+01 1.290551988104223824e+01 1.290574088983591672e+01 1.515535457888260673e+01 1.515584704255940629e+01 1.779024082844189181e+01 1.779076699280657436e+01 2.254125345700548166e+01 2.254179349862083370e+01
3.750047773493517256e-01 6.912527289068597369e-01 6.954258674967483955e-01 1.370248172519710872e+00 1.371524201086941286e+00 2.848579816536841225e+00 2.850643577285710162e+00 4.111677784856568429e+00 4.111871321506015420e+00 5.640927985644737852e+00 5.642087791774382133e+00 6.882676234717703068e+00 6.895685299431395521e+00 8.652554331731217019e+00 8.658713864838388119e+00 9.153544192164174476e+00 9.154439831239468361e+00 9.709599740167137227e+00 9.710088266008925828e+00 1.099177666808634335e+01 1.099202111895010781e+01 1.198386185696999817e+01 1.198388466595877233e+01 1.290742873851018580e+01 1.290765029042569445e+01 1.515878096645999307e+01 1.515927429129373749e+01 1.779502579610629098e+01 1.779555474280446603e+01 2.253503738625105868e+01 2.253558370880941908e+01
3.765245471875628414e-01 6.622177527451305057e-01 6.666514799249532164e-01 1.350404191708685753e+00 1.351592003888718807e+00 2.826121380743353839e+00 2.828175823023507007e+00 4.110670623034789806e+00 4.110830398567042465e+00 5.643226718971651401e+00 5.644326737624006718e+00 6.879195066133228842e+00 6.892452992166616887e+00 8.670740025728081335e+00 8.677054827638103873e+00 9.146765776906880419e+00 9.147614953763103074e+00 9.698353065370252324e+00 9.698869833123429984e+00 1.099152230928584117e+01 1.099176473388713049e+01 1.198061593750746034e+01 1.198062953373202610e+01 1.290922801932024555e+01 1.290945009020155254e+01 1.516197309381525571e+01 1.516246722842521599e+01 1.779945692474778340e+01 1.779998849789057047e+01 2.252920366257066220e+01 2.252975587536692714e+01
3.780443170257739571e-01 6.333572078361975333e-01 6.380712127732376393e-01 1.332145684828090815e+00 1.333242610034099940e+00 2.804748027170575586e+00 2.806794237044322404e+00 4.109759969026741011e+00 4.109887495941713986e+00 5.645515087006582888e+00 5.646554906780173688e+00 6.875864165932375371e+00 6.889358150351816867e+00 8.688022120074109012e+00 8.694491999638513491e+00 9.140301723502734177e+00 9.141098113809414727e+00 9.687874145070871634e+00 9.688417488695186819e+00 1.099122323862706097e+01 1.099146328034027675e+01 1.197758811467198647e+01 1.197759401186313610e+01 1.291091330780542457e+01 1.291113586696929083e+01 1.516493009482358723e+01 1.516542498641595493e+01 1.780353903371186064e+01 1.780407306879634888e+01 2.252376188327822604e+01 2.252431958687932934e+01
3.795640868639850729e-01 6.048423046382541690e-01 6.098563783943210526e-01 1.315474578852450449e+00 1.316478944751960700e+00 2.784577787475492450e+00 2.786616778935082195e+00 4.108939382967462528e+00 4.109036458925250379e+00 5.647759689487086732e+00 5.648739742320618262e+00 6.872704663463669483e+00 6.886420808116492154e+00 8.704343204458615091e+00 8.710967830313371962e+00 9.134151624219780885e+00 9.134888647625430735e+00 9.678181684597154444e+00 9.678749721420517815e+00 1.099089143982638461e+01 1.099112881839014655e+01 1.197477995860225697e+01 1.197478735491879043e+01 1.291248040376258110e+01 1.291270341585764747e+01 1.516765132088231560e+01 1.516814691523847891e+01 1.780727669244696898e+01 1.780781301732588062e+01 2.251872105594176787e+01 2.251928384270079420e+01
3.810838567021961887e-01 5.768849949443913827e-01 5.822183694389004849e-01 1.300382426730309904e+00 1.301293500356623056e+00 2.765724804671900294e+00 2.767757519085706441e+00 4.108203446988922813e+00 4.108272178791613882e+00 5.649928492566857585e+00 5.650850066375599390e+00 6.869737342817354708e+00 6.883660670503719992e+00 8.719641652423625544e+00 8.726420325658708066e+00 9.128322998247453413e+00 9.128994077479839930e+00 9.669292023273689196e+00 9.669882696120017940e+00 1.099053890424207047e+01 1.099077342295273674e+01 1.197219790249337912e+01 1.197221283827622429e+01 1.291392534582729290e+01 1.291414877237134284e+01 1.517013630836194338e+01 1.517063254985560050e+01 1.781067419587695966e+01 1.781121263165318425e+01 2.251408957182152193e+01 2.251465702641973010e+01
3.826036265404073045e-01 5.497415706843041816e-01 5.554119015191650854e-01 1.286852268096723595e+00 1.287670163408161983e+00 2.748298277991145344e+00 2.750325584462407047e+00 4.107547578157367596e+00 4.107590531972480363e+00 5.651991107398727010e+00 5.652856347986279673e+00 6.866982379932996317e+00 6.881096863064337654e+00 8.733850861444965474e+00 8.740782176129117786e+00 9.122832469935149291e+00 9.123431407831954942e+00 9.661219084043034755e+00 9.661830206818043720e+00 1.099017744700346633e+01 1.099040899802842830e+01 1.196984919533249325e+01 1.196987185059437486e+01 1.291524443393234378e+01 1.291546823455285242e+01 1.517238474754281974e+01 1.517288157918296143e+01 1.781373554169781670e+01 1.781427590354900303e+01 2.250987518088994932e+01 2.251044688090538770e+01
3.841233963786184202e-01 5.237158031966481220e-01 5.297376659999623039e-01 1.274860714164417708e+00 1.275586281387651733e+00 2.732401380866446683e+00 2.734424077614085569e+00 4.106967483539112784e+00 4.106988689096235490e+00 5.653919060967011134e+00 5.654730963124990240e+00 6.864459074651375836e+00 6.878747677202865063e+00 8.746898697200553130e+00 8.753980069316890322e+00 9.117706667487558647e+00 9.118228159766756491e+00 9.653974395375028550e+00 9.654603699900343727e+00 1.098981851736319371e+01 1.099004708488005733e+01 1.196773796418905533e+01 1.196776787940847520e+01 1.291643425061145400e+01 1.291665838401628186e+01 1.517439645330630960e+01 1.517489381680327121e+01 1.781646440961651834e+01 1.781700650755533033e+01 2.250608496855977236e+01 2.250666048506116113e+01
3.856431662168295360e-01 4.991607899824619388e-01 5.055435649559180122e-01 1.264380107417027999e+00 1.265014824530152682e+00 2.718130169759143122e+00 2.720148986633541099e+00 4.106455006101377592e+00 4.106469049117438708e+00 5.655686056337451362e+00 5.656448444127561537e+00 6.862185583034455583e+00 6.876630316327513981e+00 8.758707352805808810e+00 8.765934411017408223e+00 9.112982620897783548e+00 9.113422908927166333e+00 9.647567190905377288e+00 9.648212372247993329e+00 1.098947300726844034e+01 1.098969866817990670e+01 1.196586761514843644e+01 1.196590415951535213e+01 1.291749168093054578e+01 1.291771610563643158e+01 1.517617133783053340e+01 1.517666917368230806e+01 1.781886414254595863e+01 1.781940778212175402e+01 2.250272533423931876e+01 2.250330423240345823e+01
3.871629360550406518e-01 4.764780235450717383e-01 4.832231020057030091e-01 1.255380625131077954e+00 1.255926520444396788e+00 2.705572505199663080e+00 2.707588107430486168e+00 4.106004834297397821e+00 4.106032328615367710e+00 5.657268219345417570e+00 5.657985715327482623e+00 6.860178655663943026e+00 6.874760648181668543e+00 8.769193898369287865e+00 8.776559756391529632e+00 9.108707379752079447e+00 9.109065020501134313e+00 9.642004585483361367e+00 9.642663342760249279e+00 1.098915106254621499e+01 1.098937398458065395e+01 1.196424105464146947e+01 1.196428350103173877e+01 1.291841393084967393e+01 1.291863860569615774e+01 1.517770938552034288e+01 1.517820763311649479e+01 1.782093772976605095e+01 1.782148271271397988e+01 2.249980197182651764e+01 2.250038381157744638e+01
3.886827058932517676e-01 4.561114283057532970e-01 4.632088289870467390e-01 1.247832218277582284e+00 1.248291873036012856e+00 2.694807009429020628e+00 2.696820002668615768e+00 4.105624641329248981e+00 4.105667242376453530e+00 5.658644328743121399e+00 5.659322311203519362e+00 6.858453387868174822e+00 6.873152968920776651e+00 8.778271834670242413e+00 8.785766308038761352e+00 9.104936540694673397e+00 9.105213227065421577e+00 9.637291818581458003e+00 9.637961888303934188e+00 1.098886190135516294e+01 1.098908233844070459e+01 1.196286073815474715e+01 1.196290828870861844e+01 1.291919854383934307e+01 1.291942342831553603e+01 1.517901063038036114e+01 1.517950922812103798e+01 1.782268779205835685e+01 1.782323391690200864e+01 2.249731985224377695e+01 2.249790418891157628e+01
3.902024757314628833e-01 4.385335055864562626e-01 4.459582722379878406e-01 1.241706290638995958e+00 1.242083023342658743e+00 2.685902087109699465e+00 2.687913023787222411e+00 4.105314905001296033e+00 4.105370525808449855e+00 5.659796026947695680e+00 5.660440572952853522e+00 6.857022987885486920e+00 6.871819784518716112e+00 8.785853934689916045e+00 8.793462821753136538e+00 9.101731412528225817e+00 9.101932718312475856e+00 9.633432548260175921e+00 9.634111727755726662e+00 1.098861364464714363e+01 1.098883192954332344e+01 1.196172869832158447e+01 1.196178049905921625e+01 1.291984341559594363e+01 1.292006847000686420e+01 1.518007513601795999e+01 1.518057402144561330e+01 1.782411656881904349e+01 1.782466363143274535e+01 2.249528320810644999e+01 2.249586959310348178e+01
3.917222455696739991e-01 4.242208611448338718e-01 4.319300100413904775e-01 1.236977000318722153e+00 1.237275485441651446e+00 2.678915036463611621e+00 2.680924423405714574e+00 4.105074871375114398e+00 4.105140836940297078e+00 5.660708008637295841e+00 5.661325819278213878e+00 6.855898568822984096e+00 6.870771614919934933e+00 8.791856506301629182e+00 8.799561110117481988e+00 9.099154705144171018e+00 9.099290568081269015e+00 9.630429172170332563e+00 9.631115331463394824e+00 1.098841316328690532e+01 1.098862969757099783e+01 1.196084656704023885e+01 1.196090171925962942e+01 1.292034680672140645e+01 1.292057199222002772e+01 1.518090297843994918e+01 1.518140208838154948e+01 1.782522590715290889e+01 1.782577370128991490e+01 2.249369552060658251e+01 2.249428350211876904e+01
3.932420154078851149e-01 4.136180736108343581e-01 4.215492334775530203e-01 1.233621935378573120e+00 1.233849962298809722e+00 2.673891277677978184e+00 2.675899584886830329e+00 4.104903880029850960e+00 4.104977320803596008e+00 5.661368184290506811e+00 5.661966487617275057e+00 6.855088969896103279e+00 6.870016825985021391e+00 8.796204904058654961e+00 8.803981999608856412e+00 9.097264936653102652e+00 9.097349665596274448e+00 9.628283147467955772e+00 9.628974229136476382e+00 1.098826594618933328e+01 1.098848118782111882e+01 1.196021559377923538e+01 1.196027316437202792e+01 1.292070735325307673e+01 1.292093263176352913e+01 1.518149423178317292e+01 1.518199350250074886e+01 1.782601725295025119e+01 1.782656557074302839e+01 2.249255950868291265e+01 2.249314863237351148e+01
3.947617852460962307e-01 4.070926357624189418e-01 4.151655869703346768e-01 1.231621580556665707e+00 1.231794809383909284e+00 2.670863723382680632e+00 2.672871393797068063e+00 4.104801466031442025e+00 4.104879421437305886e+00 5.661767815155011263e+00 5.662354243267272658e+00 6.854600611832236901e+00 6.869561493706217270e+00 8.798839686502850199e+00 8.806662099925208764e+00 9.096110138360099739e+00 9.096161865456128481e+00 9.626995279847486486e+00 9.627689287664429330e+00 1.098817599335376194e+01 1.098839044217433347e+01 1.195983666021848002e+01 1.195989569160711774e+01 1.292092407495053763e+01 1.292114940900731668e+01 1.518184895709493709e+01 1.518234832444253435e+01 1.782649164394655728e+01 1.782704027638533972e+01 2.249187712053555188e+01 2.249246693025881427e+01
3.962815550843073464e-01 4.048888657891285825e-01 4.130106309699634881e-01 1.230957986512814184e+00 1.231108735516119657e+00 2.669852312444058740e+00 2.671859772450559944e+00 4.104767357726710308e+00 4.104846822576731391e+00 5.661901615209628424e+00 5.662484055718436160e+00 6.854437390502003957e+00 6.869409304406392636e+00 8.799722389890629159e+00 8.807560232489070273e+00 9.095721672529775148e+00 9.095761771056116274e+00 9.626565953620060512e+00 9.627260932066489474e+00 1.098814573701856823e+01 1.098835991866468120e+01 1.195971029098517491e+01 1.195976981093371094e+01 1.292099638126655137e+01 1.292122173379412686e+01 1.518196719425359120e+01 1.518246659383868824e+01 1.782664970476584543e+01 1.782719844216174820e+01 2.249164952753168478e+01 2.249223956605358055e+01
3.962815550843073464e-01 4.048888657891285825e-01 4.130106309699634881e-01 1.230957986512814184e+00 1.231108735516119657e+00 2.669852312444058740e+00 2.671859772450559944e+00 4.104767357726710308e+00 4.104846822576731391e+00 5.661901615209628424e+00 5.662484055718436160e+00 6.854437390502003957e+00 6.869409304406392636e+00 8.799722389890629159e+00 8.807560232489070273e+00 9.095721672529775148e+00 9.095761771056116274e+00 9.626565953620060512e+00 9.627260932066489474e+00 1.098814573701856823e+01 1.098835991866468120e+01 1.195971029098517491e+01 1.195976981093371094e+01 1.292099638126655137e+01 1.292122173379412686e+01 1.518196719425359120e+01 1.518246659383868824e+01 1.782664970476584543e+01 1.782719844216174820e+01 2.249164952753168478e+01 2.249223956605358055e+01
3.972048309587282167e-01 4.044911524540345527e-01 4.126213626274923274e-01 1.231515740527943770e+00 1.231734842139986741e+00 2.669489201469159578e+00 2.671505258221600343e+00 4.104596262813311469e+00 4.104676250685073136e+00 5.661377599460617915e+00 5.661963612666010448e+00 6.854508587622818894e+00 6.869477155620282716e+00 8.799717371549867551e+00 8.807555310149155048e+00 9.095329908261172491e+00 9.095374736584950881e+00 9.626972276775928705e+00 9.627667663423462585e+00 1.098814851716986318e+01 1.098836296266366119e+01 1.195977761779976412e+01 1.195983791965268850e+01 1.292089454284316119e+01 1.292112232987043186e+01 1.518198467562716480e+01 1.518248407890247087e+01 1.782664637645108741e+01 1.782719632477481397e+01 2.249176278991501121e+01 2.249235279517503727e+01
3.981281068331490869e-01 4.033017564098743679e-01 4.114572470926162184e-01 1.233221537115992250e+00 1.233572306245382721e+00 2.668400059621736098e+00 2.670441900771979959e+00 4.104082623916006867e+00 4.104164171952167983e+00 5.659806325873516286e+00 5.660402923633747641e+00 6.854722058951668195e+00 6.869680595270972745e+00 8.799702319757280122e+00 8.807540545670493159e+00 9.094160018045805316e+00 9.094216577065989071e+00 9.628187151787921394e+00 9.628883747837601703e+00 1.098815688402743440e+01 1.098837211814517900e+01 1.195997924128008627e+01 1.196004188694810288e+01 1.292058936386012213e+01 1.292082430152080086e+01 1.518203710110555527e+01 1.518253651543245830e+01 1.782663640339134048e+01 1.782718996681359158e+01 2.249210244360299527e+01 2.249269234908419790e+01
3.990513827075699571e-01 4.013317663291882664e-01 4.095292159183737124e-01 1.236088188190398673e+00 1.236583632541371713e+00 2.666585459413743919e+00 2.668670255610495090e+00 4.103225376066209407e+00 4.103309496683280599e+00 5.657190105970392402e+00 5.657803922278035635e+00 6.855077444779628770e+00 6.870019281751460483e+00 8.799677244154866074e+00 8.807515946626878645e+00 9.092226167816804150e+00 9.092297794372374398e+00 9.630198479732404948e+00 9.630897042163061528e+00 1.098817091654311540e+01 1.098838745541706707e+01 1.196031409115079214e+01 1.196038063751493219e+01 1.292008183108620756e+01 1.292032822079290000e+01 1.518212441478562624e+01 1.518262384746854643e+01 1.782661982066386486e+01 1.782717935144452781e+01 2.249266808844406640e+01 2.249325782765006565e+01
3.999746585819908273e-01 3.985991980155342840e-01 4.068550431737399942e-01 1.240101384206842683e+00 1.240742902560819649e+00 2.664046352689217745e+00 2.666191247858272995e+00 4.102022736344935971e+00 4.102110406643053153e+00 5.653532765048908892e+00 5.654169871327584751e+00 6.855574146896548093e+00 6.870492646935080217e+00 8.799642160653739609e+00 8.807481525474296191e+00 9.089549360775222908e+00 9.089637298170215374e+00 9.632986691339143093e+00 9.633687907785814630e+00 1.098819074544750585e+01 1.098840909117058118e+01 1.196078038586962755e+01 1.196085238323669486e+01 1.291937352871708278e+01 1.291963510047889407e+01 1.518224652357510429e+01 1.518274598182378909e+01 1.782659668489525728e+01 1.782716445241806014e+01 2.249345905830011816e+01 2.249404856476932579e+01
4.008979344564116976e-01 3.951283367984316786e-01 4.034587153397429238e-01 1.245235812415496746e+00 1.246020944528772212e+00 2.660784067291153132e+00 2.663006171001423450e+00 4.100472192959035311e+00 4.100564350949029269e+00 5.648839613638509505e+00 5.649505410162802832e+00 6.856211330542863358e+00 6.871099897998134587e+00 8.799597091190427989e+00 8.807437299294074151e+00 9.086156843071414357e+00 9.086261328296687978e+00 9.636525576694852546e+00 9.637230046080858870e+00 1.098821655199477476e+01 1.098843718774165978e+01 1.196137563651904223e+01 1.196145462873180243e+01 1.291846658138527815e+01 1.291874644951439777e+01 1.518240329731183991e+01 1.518290278820408368e+01 1.782656707178541922e+01 1.782714523650085070e+01 2.249447442221509519e+01 2.249506362953574978e+01
4.018212103308325678e-01 3.909488915032218737e-01 3.993696190120102352e-01 1.251458880925629735e+00 1.252383267678838008e+00 2.656800302698033356e+00 2.659116684889148985e+00 4.098570491456910325e+00 4.098668038903614530e+00 5.643117424897769574e+00 5.643816603950678079e+00 6.856987927131792837e+00 6.871840019961973134e+00 8.799542063374271805e+00 8.807383289419979278e+00 9.082081346739121486e+00 9.082202104009670762e+00 9.640783331140967860e+00 9.641491551013180228e+00 1.098824856625921065e+01 1.098847195206696803e+01 1.196209665284910884e+01 1.196218417847617133e+01 1.291736361266150013e+01 1.291766431218556477e+01 1.518259456893042270e+01 1.518309409937537069e+01 1.782653107312434670e+01 1.782712166639820595e+01 2.249571298604560354e+01 2.249630182787189625e+01
4.027444862052534380e-01 3.860950217280235131e-01 3.946216046181608705e-01 1.258732277582890857e+00 1.259790411540099297e+00 2.652097124823999952e+00 2.654524812829425429e+00 4.096313618728485650e+00 4.096417429220970519e+00 5.636374424361037860e+00 5.637110987804375917e+00 6.857902637730679096e+00 6.872711778944135652e+00 8.799477110013997461e+00 8.807319520935084967e+00 9.077360040922712869e+00 9.077496513367309561e+00 9.645723725764655754e+00 9.646436086356978024e+00 1.098828706503071295e+01 1.098851363433032979e+01 1.196293955151876887e+01 1.196303714541057772e+01 1.291606772328625929e+01 1.291639128684032478e+01 1.518282013467592328e+01 1.518331971137812175e+01 1.782648879364440120e+01 1.782709370382331215e+01 2.249717329454749404e+01 2.249776170461709413e+01
4.036677620796742527e-01 3.806043025638232158e-01 3.892519871167144929e-01 1.267013158367340075e+00 1.268198789684303218e+00 2.646676960132082534e+00 2.649232937692010736e+00 4.093696785064770083e+00 4.093807715519953483e+00 5.628620293675274944e+00 5.629397604160797819e+00 6.858953937286964120e+00 6.873713726105142641e+00 8.799402268506375080e+00 8.807246022018368592e+00 9.072033370909474925e+00 9.072184845128969499e+00 9.651307312018934326e+00 9.652024096311846435e+00 1.098833236936242130e+01 1.098856252629991914e+01 1.196389976640617547e+01 1.196400896111049761e+01 1.291458248403182374e+01 1.291493052911800277e+01 1.518307975436431612e+01 1.518357938378866123e+01 1.782644034800642530e+01 1.782706131241610592e+01 2.249885363391125637e+01 2.249944154606451008e+01
4.045910379540951229e-01 3.745166863527303325e-01 3.833005409177499545e-01 1.276255230798541751e+00 1.277561644719830580e+00 2.640542589150102870e+00 2.643243796998819839e+00 4.090714404292077333e+00 4.090833308270720892e+00 5.619866186768313732e+00 5.620687034719538566e+00 6.860140079579942096e+00 6.874844202273574290e+00 8.799317580064492716e+00 8.807162823114305539e+00 9.066143911644211073e+00 9.066309594190682830e+00 9.657492581999871817e+00 9.658213970560538542e+00 1.098838484182556030e+01 1.098861895936349775e+01 1.196497206082105436e+01 1.196509438762942601e+01 1.291291193631503553e+01 1.291328574646991889e+01 1.518337315168898449e+01 1.518387284002671400e+01 1.782638585813329257e+01 1.782702446029747634e+01 2.250075203473758734e+01 2.250133938293861391e+01
4.055143138285159932e-01 3.678735113992928074e-01 3.768085376204612924e-01 1.286409758072499132e+00 1.287829989214581472e+00 2.633697139427513267e+00 2.636560477044563644e+00 4.087360071904476477e+00 4.087487813549760318e+00 5.610124755661501261e+00 5.610991429455128632e+00 6.861459102875111071e+00 6.876101343228108398e+00 8.799223088755418587e+00 8.807069955889542001e+00 9.059735313675442825e+00 9.059914382545240841e+00 9.664237024660828013e+00 9.664963103854914195e+00 1.098844488352615834e+01 1.098868330227746704e+01 1.196615054149359736e+01 1.196628753108578991e+01 1.291106059549165685e+01 1.291146118890984695e+01 1.518370001457304852e+01 1.518419976770891644e+01 1.782632545101034438e+01 1.782698312214023062e+01 2.250286627544278417e+01 2.250345299380281716e+01
4.064375897029368634e-01 3.607165949361080259e-01 3.698178635793897273e-01 1.297426467607738720e+00 1.298953473229107924e+00 2.626144077938758592e+00 2.629186406132436371e+00 4.083626541153598133e+00 4.083764009014537955e+00 5.599410183213008985e+00 5.600324535069002962e+00 6.862908836253394540e+00 6.877483085611060254e+00 8.799118840307679434e+00 8.806967451929086366e+00 9.052851386922895927e+00 9.053043027815792954e+00 9.671498039396016821e+00 9.672228811608372112e+00 1.098851293093592041e+01 1.098875595865425403e+01 1.196742867426896595e+01 1.196758185701347976e+01 1.290903345400096391e+01 1.290946163867092977e+01 1.518405999556643593e+01 1.518455981904722307e+01 1.782625925698799207e+01 1.782693728072155182e+01 2.250519388608240234e+01 2.250577990888546864e+01
4.073608655773577336e-01 3.530874342568037227e-01 3.623702417849107849e-01 1.309254345806284636e+00 1.310881146672356889e+00 2.617887202927111190e+00 2.621125347029972463e+00 4.079505697162030486e+00 4.079653817522351567e+00 5.587738220672076039e+00 5.588701724564725914e+00 6.864486906582512482e+00 6.878987173443407599e+00 8.799004880636376313e+00 8.806855341109264046e+00 9.045535343544539586e+00 9.045738775491235728e+00 9.679233688385691536e+00 9.679969083089142501e+00 1.098858945258606923e+01 1.098883736422010671e+01 1.196879930147674109e+01 1.196897020746587970e+01 1.290683598307575153e+01 1.290729239987305554e+01 1.518445271228731563e+01 1.518495261129176477e+01 1.782618740855993167e+01 1.782688692798381069e+01 2.250773215258036686e+01 2.250831741431158406e+01
4.082841414517786038e-01 3.450265274276851368e-01 3.545065706730254895e-01 1.321842308210892103e+00 1.323562101350793885e+00 2.608930635186915481e+00 2.612381388753523659e+00 4.074988529259003123e+00 4.075148278831891346e+00 5.575126228551668284e+00 5.576140028891811262e+00 6.866190746093100650e+00 6.880611165207053403e+00 8.798881254016986730e+00 8.806733649563494026e+00 9.037829203176665160e+00 9.038043696058959853e+00 9.687403285551566157e+00 9.688143170337609078e+00 1.098867494566956005e+01 1.098892798388208014e+01 1.197025466096869017e+01 1.197044481985442488e+01 1.290447413256070419e+01 1.290495928844822515e+01 1.518487774790691525e+01 1.518537772721722412e+01 1.782611003955354789e+01 1.782683206566745326e+01 2.251047812134914494e+01 2.251106255672577561e+01
4.092074173261994741e-01 3.365728144753871165e-01 3.462663823691033982e-01 1.335139742795449669e+00 1.336945989271866253e+00 2.599278808795095319e+00 2.602958937783272031e+00 4.070065101880365965e+00 4.070237519867933251e+00 5.561593219791251208e+00 5.562658171003371343e+00 6.868017600517348775e+00 6.882352441455616088e+00 8.798748000816280168e+00 8.806602397128800774e+00 9.029773351299311912e+00 9.029998236900214081e+00 9.695967831921707969e+00 9.696712022888101856e+00 1.098876993259374757e+01 1.098902830864724756e+01 1.197178640683300088e+01 1.197199734750792999e+01 1.290195432874521764e+01 1.290246862217905921e+01 1.518533465167677221e+01 1.518583471565177412e+01 1.782602728465314712e+01 1.782677270559618421e+01 2.251342860428587045e+01 2.251401214829130026e+01
4.101306932006203443e-01 3.277632318729936656e-01 3.376874150299993826e-01 1.349096931326418947e+00 1.350983421972602461e+00 2.588936461318121385e+00 2.592862708800060645e+00 4.064724524522520532e+00 4.064910724105610385e+00 5.547159904448871082e+00 5.548276602234829546e+00 6.869964537743563859e+00 6.884208212911100411e+00 8.798605154657789029e+00 8.806461594121492098e+00 9.021406233826157361e+00 9.021640911626111148e+00 9.704890314675427732e+00 9.705638585812826236e+00 1.098887495752240540e+01 1.098913885243979749e+01 1.197338563180535331e+01 1.197361888195260171e+01 1.289928347023529653e+01 1.289982721055608117e+01 1.518582293949758899e+01 1.518632309204765640e+01 1.782593927917483612e+01 1.782670886969500046e+01 2.251658018412802775e+01 2.251716277204876704e+01
4.110539690750412145e-01 3.186323675295514857e-01 3.288052884791113906e-01 1.363665358852464315e+00 1.365626260993810126e+00 2.577908623535248633e+00 2.582097715024983753e+00 4.058954921399781313e+00 4.059156100744442774e+00 5.531848735267203665e+00 5.533017540598336836e+00 6.872028456935932894e+00 6.886175528999986639e+00 8.798452738855967681e+00 8.806311237234988099e+00 9.012764167346478672e+00 9.013008106038226330e+00 9.714135890794564077e+00 9.714887982208054495e+00 1.098899058294330722e+01 1.098926014886227343e+01 1.197504289140981371e+01 1.197529997692969239e+01 1.289646892189573890e+01 1.289704234411940043e+01 1.518634209452858741e+01 1.518684233909239722e+01 1.782584615902099401e+01 1.782664058981494648e+01 2.251992922015126908e+01 2.252051078761702030e+01
4.119772449494620847e-01 3.092121999825272471e-01 3.196532689737006105e-01 1.378797924422889842e+00 1.380827812619531691e+00 2.566200608729505284e+00 2.570669258233512000e+00 4.052743401631787812e+00 4.052960854492455134e+00 5.515683953442537479e+00 5.516905010349115734e+00 6.874206098065266168e+00 6.888251286779005333e+00 8.798290761892985756e+00 8.806151304274427716e+00 9.003881243731569839e+00 9.004133979245317221e+00 9.723671977022569024e+00 9.724427601962181811e+00 1.098911738629505130e+01 1.098939274794629029e+01 1.197674822987733911e+01 1.197703067418731138e+01 1.289351850685873480e+01 1.289412178295401468e+01 1.518689156783613114e+01 1.518739190735933065e+01 1.782574806075303187e+01 1.782656790742517217e+01 2.252347185419130682e+01 2.252405233721825439e+01
4.129005208238828994e-01 2.995319036127578882e-01 3.102621072999249829e-01 1.394449067421253963e+00 1.396542941170951124e+00 2.553818001606122046e+00 2.558582918510122983e+00 4.046076030990001016e+00 4.046311156967806077e+00 5.498691633825120384e+00 5.499964881975118125e+00 6.876494051793808460e+00 6.890432240198424374e+00 8.798119211625161640e+00 8.805981747328345932e+00 8.994789309080443829e+00 8.995050439747787507e+00 9.733468266678682923e+00 9.734227117441422550e+00 1.098925595668405109e+01 1.098953721293569252e+01 1.197849120790625577e+01 1.197880053110326237e+01 1.289044049654705937e+01 1.289107374402174777e+01 1.518747077908057896e+01 1.518797121599644662e+01 1.782564512173499693e+01 1.782649087322072745e+01 2.252720401697085961e+01 2.252778335200810744e+01
4.138237966983037697e-01 2.896177008758003546e-01 3.006599339736799048e-01 1.410574823858068871e+00 1.412728114993402784e+00 2.540766646902199444e+00 2.545844543804852922e+00 4.038937806465696667e+00 4.039192120950137799e+00 5.480899728615920452e+00 5.482224911561303315e+00 6.878888769654866842e+00 6.892715009648376245e+00 8.797938047781469706e+00 8.805802483811092429e+00 8.985517999406765099e+00 8.985787178728269708e+00 9.743496691602739901e+00 9.744258444418379739e+00 1.098940689172015794e+01 1.098969411714191757e+01 1.198026093234759060e+01 1.198059865021696169e+01 1.288724359861402391e+01 1.288790688702705367e+01 1.518807911724018567e+01 1.518857965345230809e+01 1.782553748031252283e+01 1.782640954668243438e+01 2.253112143471212647e+01 2.253169955869134711e+01
4.147470725727246399e-01 2.794927422094958813e-01 2.908721956733728020e-01 1.427132826022099898e+00 1.429341398255411510e+00 2.527052637753085751e+00 2.532460239350323494e+00 4.031312635190293925e+00 4.031587778976686742e+00 5.462338108412451376e+00 5.463714778265249095e+00 6.881386574466838546e+00 6.895096091732672683e+00 8.797747192131730287e+00 8.805613384559174861e+00 8.976094818463129954e+00 8.976371745769723631e+00 9.753731344737143871e+00 9.754495663771466596e+00 1.098957079449632346e+01 1.098986404090728186e+01 1.198204608791669479e+01 1.198241371076900030e+01 1.288393694266252965e+01 1.288463029852444741e+01 1.518871594137034542e+01 1.518921657823737448e+01 1.782542527600131166e+01 1.782632399561434866e+01 2.253521963601471967e+01 2.253579648640288724e+01
4.156703484471455101e-01 2.691769938913401439e-01 2.809216177230075551e-01 1.444082257404968539e+00 1.446342400157185848e+00 2.512682303881217383e+00 2.518436356996370140e+00 4.023183319546181025e+00 4.023481068081632195e+00 5.443038599202335348e+00 5.444466118401804167e+00 6.883983670920716946e+00 6.897571869213924067e+00 8.797546515427317360e+00 8.805414257784882182e+00 8.966545246277048520e+00 8.966829655379388697e+00 9.764148376009289976e+00 9.764914916621449947e+00 1.098974827073457661e+01 1.099004756870720811e+01 1.198383497105133344e+01 1.198423400236710812e+01 1.288053006357232988e+01 1.288125347398159448e+01 1.518938058139733549e+01 1.518988131971985744e+01 1.782530864966838635e+01 1.782623429567720663e+01 2.253949395897836894e+01 2.254006947383367887e+01
4.165936243215663803e-01 2.586871131337424301e-01 2.708281781259803123e-01 1.461383773074862447e+00 1.463692191400458142e+00 2.497662199671466077e+00 2.503779484517797638e+00 4.014531550652606917e+00 4.014853822819437035e+00 5.423035013613464628e+00 5.424512554365594319e+00 6.886676156280330474e+00 6.900138621073884870e+00 8.797335819795963019e+00 8.805204827098394915e+00 8.956892870146756280e+00 8.957184515832825156e+00 9.774725871520193010e+00 9.775494282902625898e+00 1.098993992611748283e+01 1.099024528641797893e+01 1.198561552605326241e+01 1.198604746091517370e+01 1.287703288223932319e+01 1.287778629751684889e+01 1.519007233894477871e+01 1.519057317895431325e+01 1.782518774369464154e+01 1.782614052992890663e+01 2.254393955854980902e+01 2.254451367658048255e+01
4.175169001959872506e-01 2.480362875055798499e-01 2.606090790032754567e-01 1.478999393880722213e+00 1.481353195993572180e+00 2.481999092194547174e+00 2.488496434949444946e+00 4.005337912796551159e+00 4.005686779093623251e+00 5.402363174407494029e+00 5.403889716320685821e+00 6.889460031135715035e+00 6.902792532633838185e+00 8.797114814617980727e+00 8.804984700869461278e+00 8.947159532997945419e+00 8.947458174944538101e+00 9.785443723709173369e+00 9.786213651024452176e+00 1.099014636382019283e+01 1.099045777877118546e+01 1.198737538366441768e+01 1.198784170695717677e+01 1.287345568351277691e+01 1.287423901903441781e+01 1.519079048819144617e+01 1.519129142954160550e+01 1.782506270211258936e+01 1.782604278837946765e+01 2.254855141407245256e+01 2.254912407469849356e+01
4.184401760704081208e-01 2.372340115555355011e-01 2.502787010057375139e-01 1.496892381150560336e+00 1.499289064777722613e+00 2.465699949237595057e+00 2.472594236001944168e+00 3.995581901797374158e+00 3.995959591726992333e+00 5.381060927857036269e+00 5.382635254261712632e+00 6.892331210151788845e+00 6.905529705681365371e+00 8.796883082867953618e+00 8.804753328666118151e+00 8.937365497289274430e+00 8.937670880563972631e+00 9.796283498199137796e+00 9.797054584312155256e+00 1.099036818225490464e+01 1.099068562701137530e+01 1.198910190223896599e+01 1.198960408659874233e+01 1.286980909110619997e+01 1.287062222848684812e+01 1.519153427675886370e+01 1.519203531851866984e+01 1.782493367071593937e+01 1.782594116756408908e+01 2.255332433701813954e+01 2.255389548043576653e+01
4.193634519448289910e-01 2.262857661196300552e-01 2.398485250048246753e-01 1.515027096978541321e+00 1.517464535528948222e+00 2.448771927397308090e+00 2.456080119609653778e+00 3.985241960739547729e+00 3.985650869149156339e+00 5.359168144285177959e+00 5.360788837707742616e+00 6.895285532756745717e+00 6.908346168551740440e+00 8.796640033201349240e+00 8.804509937937064379e+00 8.927529626441344845e+00 8.927841457247877699e+00 9.807228301431056394e+00 9.808000188318635182e+00 1.099060597303547482e+01 1.099092940676844066e+01 1.199078221167625635e+01 1.199132171517403656e+01 1.286610403925583768e+01 1.286694682700515102e+01 1.519230292662730086e+01 1.519280406727666133e+01 1.782480079714001775e+01 1.782583577013598841e+01 2.255825297887919234e+01 2.255882254612786753e+01
4.202867278192498612e-01 2.151925533140548186e-01 2.293270026464293010e-01 1.533368853812995924e+00 1.535845283147238227e+00 2.431222360287787154e+00 2.438961511660780790e+00 3.974295536965682718e+00 3.974738229030628123e+00 5.336726702683637136e+00 5.338392139944105885e+00 6.898318773717654118e+00 6.911237886114964368e+00 8.796384830201919414e+00 8.804253439658442204e+00 8.917669590745195052e+00 8.917987505380427393e+00 9.818262651935413032e+00 9.819034981840676579e+00 1.099086031916607453e+01 1.099118968615146841e+01 1.199240326027692127e+01 1.199298152382352711e+01 1.286235174090809608e+01 1.286322399465340993e+01 1.519309563507829353e+01 1.519359687250566004e+01 1.782466423091365826e+01 1.782572670447929042e+01 2.256333183920039431e+01 2.256389977223217969e+01
4.212100036936707315e-01 2.039502193792934182e-01 2.187193524772655384e-01 1.551883755861268810e+00 1.554397762286314988e+00 2.413058746912169372e+00 2.421246021958332495e+00 3.962719164674082251e+00 3.963198379140213667e+00 5.313780455984487894e+00 5.315488803398371154e+00 6.901426653554150192e+00 6.914200769622399712e+00 8.796116290240920677e+00 8.803982283702737277e+00 8.907802112171477660e+00 8.908125636388817270e+00 9.829372357117476255e+00 9.830144773503283417e+00 1.099113179345407154e+01 1.099146702406633480e+01 1.199395186467181951e+01 1.199457030913711009e+01 1.285856365223496134e+01 1.285946515458951644e+01 1.519391157566227157e+01 1.519441290716441806e+01 1.782452412348377635e+01 1.782561408434106909e+01 2.256855527372943016e+01 2.256912151548055689e+01
4.221332795680916017e-01 1.925484624541297096e-01 2.080272501694303278e-01 1.570538533811210780e+00 1.573089043798127307e+00 2.394288740243323055e+00 2.402941434458057746e+00 3.950488577884846197e+00 3.951007228119617576e+00 5.290375173266558484e+00 5.292124382451890874e+00 6.904604848744677170e+00 6.917230686370199777e+00 8.795832721483311190e+00 8.803694229847947028e+00 8.897943274895473209e+00 8.898271770497959920e+00 9.840544396702812335e+00 9.841316545047547493e+00 1.099142095714347001e+01 1.099176196875498235e+01 1.199541476295129705e+01 1.199607478599535959e+01 1.285475143330563697e+01 1.285568193344803944e+01 1.519474989918954932e+01 1.519525132147352409e+01 1.782438062821460178e+01 1.782549802848144083e+01 2.257391750266557651e+01 2.257448199712989378e+01
4.230565554425124719e-01 1.809693619044213386e-01 1.972483679172787052e-01 1.589300373508511610e+00 1.591886645536531475e+00 2.374920136056998476e+00 2.384055697828818765e+00 3.937578858893142186e+00 3.938140031223373860e+00 5.266558454968053304e+00 5.268346259783162289e+00 6.907849001683951329e+00 6.920323469140517325e+00 8.795531669914204542e+00 8.803385971412586386e+00 8.888108950446003576e+00 8.888441548019590854e+00 9.851766813452174532e+00 9.852538341922143061e+00 1.099172835876188437e+01 1.099207505655042461e+01 1.199677867108676566e+01 1.199748164370784664e+01 1.285092690478389521e+01 1.285188611780669987e+01 1.519560973474299459e+01 1.519611124393018109e+01 1.782423390036380439e+01 1.782537866034021690e+01 2.257941261898615792e+01 2.257997531129029412e+01
4.239798313169333421e-01 1.691851580305249181e-01 1.863756958880339876e-01 1.608136738498461282e+00 1.610758357362855442e+00 2.354960862057715154e+00 2.364596916378268077e+00 3.923964627576642439e+00 3.924571576323395927e+00 5.242379617093931188e+00 5.244203532255906630e+00 6.911154730354358122e+00 6.923474925385086465e+00 8.795209500676909542e+00 8.803052489088987187e+00 8.878315427582434083e+00 8.878650956719470244e+00 9.863028611369765386e+00 9.863799171395111642e+00 1.099205453317038028e+01 1.099240681083765558e+01 1.199803034268908242e+01 1.199877760550050176e+01 1.284710200057651974e+01 1.284808960665679400e+01 1.519649019071078122e+01 1.519699178234304782e+01 1.782408409703763041e+01 1.782525610771846303e+01 2.258503459683115011e+01 2.258559543331113773e+01
4.249031071913542124e-01 1.571548099778489749e-01 1.753965413130983142e-01 1.627015185713447165e+00 1.629672059593329170e+00 2.334418967337599238e+00 2.344573341386622989e+00 3.909620277019896672e+00 3.910276415580469678e+00 5.217889540500434187e+00 5.219746862452209868e+00 6.914517637678395445e+00 6.926680846119854351e+00 8.794860676902992225e+00 8.802685883020963331e+00 8.868580415184222687e+00 8.868917396781046847e+00 9.874319661360640765e+00 9.875088908135994714e+00 1.099240000080263080e+01 1.099275774120742533e+01 1.199915663208570926e+01 1.199994949134279665e+01 1.284328871642683190e+01 1.284430435986908314e+01 1.519739035583720366e+01 1.519789202488514768e+01 1.782393137712748299e+01 1.782513050247359132e+01 2.259077729992668893e+01 2.259133622820568732e+01
4.258263830657750826e-01 1.448184633451044256e-01 1.642910361994746049e-01 1.645903173036923572e+00 1.648595533598035567e+00 2.313302612208778974e+00 2.323993362890548031e+00 3.894520260810388823e+00 3.895229148089600191e+00 5.193140481663083285e+00 5.195028292262495739e+00 6.917933320523493634e+00 6.929937014503093629e+00 8.794476451483467017e+00 8.802273128575778927e+00 8.858924729373262252e+00 8.859261711620638025e+00 9.885630614113061654e+00 9.886398207039500008e+00 1.099276526707688006e+01 1.099312834278666529e+01 1.200014456062162438e+01 1.200098428402910677e+01 1.283949905453226670e+01 1.284054234273333783e+01 1.519830930029028337e+01 1.519881104116351622e+01 1.782377590122982625e+01 1.782500198022635374e+01 2.259663449002847813e+01 2.259719145909540927e+01
4.267496589401959528e-01 1.320881213447393510e-01 1.530298682584773640e-01 1.664767856976512750e+00 1.667496262782382388e+00 2.291620058454044262e+00 2.302865501960299266e+00 3.878639436997891377e+00 3.879404758461481695e+00 5.168185841942971592e+00 5.170101015532753586e+00 6.921397378334772199e+00 6.933239214073414480e+00 8.794042343653263316e+00 8.801791435978641331e+00 8.849375185908217034e+00 8.849712612066053197e+00 9.896952819867154361e+00 9.897718422948607042e+00 1.099315082196129900e+01 1.099351909572650143e+01 1.200098138599814845e+01 1.200186919833848265e+01 1.283574496436219015e+01 1.283681546674837293e+01 1.519924607674403383e+01 1.519974788330348403e+01 1.782361783155169732e+01 1.782487068007857189e+01 2.260259983536740691e+01 2.260315479565621644e+01
4.276729348146168230e-01 1.188308814623174475e-01 1.415707294487741907e-01 1.683575878211570176e+00 1.686341221729510620e+00 2.269379660050091729e+00 2.281198403516711881e+00 3.861953473047476937e+00 3.862779015665732896e+00 5.143079893306699901e+00 5.145019107683113546e+00 6.924905421375624925e+00 6.936583236627972937e+00 8.793532902812820851e+00 8.801197781027237710e+00 8.839969253141616079e+00 8.840317869682360552e+00 9.908278254664537599e+00 9.909041536869102273e+00 1.099355713967143089e+01 1.099393046482651215e+01 1.200165467435937217e+01 1.200259175299275327e+01 1.283203827996405622e+01 1.283313552695206106e+01 1.520019972147385090e+01 1.520070158704606911e+01 1.782345733180346414e+01 1.782473674434038458e+01 2.260866691907986237e+01 2.260921982254903284e+01
4.285962106890376933e-01 1.048361094413650246e-01 1.298525340842240638e-01 1.702293132323228209e+00 1.705096650840546957e+00 2.246589854435886213e+00 2.259000829740907879e+00 3.844439315122896605e+00 3.845328935498928402e+00 5.117877459760705960e+00 5.119837211483790895e+00 6.928453078559765110e+00 6.939964889724786090e+00 8.792899870737976187e+00 8.800402832110579610e+00 8.830761717100708452e+00 8.831175692083585105e+00 9.919599452640815329e+00 9.920360088235371521e+00 1.099398467847560212e+01 1.099436289927133181e+01 1.200215237472068353e+01 1.200313984501772424e+01 1.282839065416753499e+01 1.282951413620279801e+01 1.520116925546325248e+01 1.520167117285666514e+01 1.782329456708070126e+01 1.782460031826597202e+01 2.261482924760609237e+01 2.261538004781824185e+01
4.295194865634585080e-01 8.974289043896989393e-02 1.177855008502527306e-01 1.720884522551585416e+00 1.723727813358002736e+00 2.223259154435665241e+00 2.236281654143611242e+00 3.826075723705487430e+00 3.827033308744136608e+00 5.092633555441240745e+00 5.094610179816363882e+00 6.932036004862427880e+00 6.943380003796679745e+00 8.792042793232768716e+00 8.799200136185040932e+00 8.821845301657317506e+00 8.822514424348238293e+00 9.930909443914169188e+00 9.931667112779196671e+00 1.099443388058277371e+01 1.099481683245400276e+01 1.200246289521040133e+01 1.200350182598795179e+01 1.282481349022663508e+01 1.282596265695421600e+01 1.520215368552026547e+01 1.520265564704335937e+01 1.782312970373665095e+01 1.782446154979699671e+01 2.262108025904080222e+01 2.262162891124196307e+01
4.304427624378793782e-01 7.284738008076772908e-02 1.052329160473586961e-01 1.739313690932389411e+00 1.742198731179667837e+00 2.199396141015240502e+00 2.213049856385540082e+00 3.806843875904266650e+00 3.807873295477422371e+00 5.067402982332811945e+00 5.069392678238304306e+00 6.935649888301859356e+00 6.946824438867793994e+00 8.790730830499105863e+00 8.797084175583536947e+00 8.813442544865875306e+00 8.814860915084437920e+00 9.942201697630371982e+00 9.942956085560703983e+00 1.099490517208524309e+01 1.099529268185858299e+01 1.200257518046865890e+01 1.200366657950782923e+01 1.282131787157289438e+01 1.282249213119750131e+01 1.520315200540172818e+01 1.520365400288312507e+01 1.782296290924668014e+01 1.782432058931281205e+01 2.262741333142107081e+01 2.262795979261940360e+01
4.313660383123002484e-01 5.239660192466468608e-02 9.197427093262329489e-02 1.757542723620715952e+00 1.760471895339504433e+00 2.175009457189558848e+00 2.189314517990281317e+00 3.786728032909461028e+00 3.787833084111027482e+00 5.042239892901677401e+00 5.044238752442247176e+00 6.939290456485663228e+00 6.950294090866631080e+00 8.788418265549424291e+00 8.793095792817833711e+00 8.806105589328845795e+00 8.809179893541283946e+00 9.953470069742390791e+00 9.954220868738792305e+00 1.099539896292714758e+01 1.099579084897292169e+01 1.200247878942175284e+01 1.200362359915392396e+01 1.281791449048511033e+01 1.281911320937712162e+01 1.520416319694385265e+01 1.520466522175425439e+01 1.782279435206611851e+01 1.782417758938712282e+01 2.263382179093707691e+01 2.263436601998075659e+01
4.322893141867211186e-01 1.911233604211697024e-02 7.761993374081223307e-02 1.775531825561602828e+00 1.778507946405460061e+00 2.150107803685083141e+00 2.165084819188906717e+00 3.765716268987643556e+00 3.766900611741954563e+00 5.017197325412965370e+00 5.019201368148385356e+00 6.942953482719639524e+00 6.953784897532698572e+00 8.784177988442451124e+00 8.786792738855604412e+00 8.800770482057640010e+00 8.805915729734216768e+00 9.964708755126931550e+00 9.965455663682771359e+00 1.099591564686831724e+01 1.099631171920124295e+01 1.200216397253221245e+01 1.200336306598351577e+01 1.281461357660506195e+01 1.281583607920850376e+01 1.520518623119730783e+01 1.520568827427323200e+01 1.782262420148251181e+01 1.782403270455031219e+01 2.264029892005283884e+01 2.264084087770676490e+01
4.332125900611419889e-01 -4.287747090058600941e-02 6.136693219440738506e-02 1.793238958798389238e+00 1.796265319213745659e+00 2.124699937587476217e+00 2.140370037343757303e+00 3.743801256358046281e+00 3.745068340340787394e+00 4.992326722182624188e+00 4.994331933426996883e+00 6.946634791679639598e+00 6.957292843916435210e+00 8.777741327378924652e+00 8.779065097552321006e+00 8.797711340897530263e+00 8.804183097446493633e+00 9.975912243668243917e+00 9.976654967055006651e+00 1.099645560141175160e+01 1.099685566174486340e+01 1.200162174752069255e+01 1.200287592460733954e+01 1.281142482633874913e+01 1.281267039543450537e+01 1.520622006956525851e+01 1.520672212143460023e+01 1.782245262746348047e+01 1.782388609105722210e+01 2.264683796552398576e+01 2.264737761454511400e+01
4.341358659355628591e-01 -6.221751095013913768e-02 4.095459398003223339e-02 1.810619437299133550e+00 1.813699845044415948e+00 2.098794676685297400e+00 2.115179547869960874e+00 3.720981098397947218e+00 3.722334081436459385e+00 4.967677443294018502e+00 4.969679815718758498e+00 6.950330264649469569e+00 6.960813967474591912e+00 8.769995378771527683e+00 8.770762994033280080e+00 8.796045342167957415e+00 8.803137026143005528e+00 9.987075279968655295e+00 9.987813530523732553e+00 1.099701918766182729e+01 1.099742302941817229e+01 1.200084397247325718e+01 1.200215395673875207e+01 1.280835733427080747e+01 1.280962521164378032e+01 1.520726366494279702e+01 1.520776571575208536e+01 1.782227980050095795e+01 1.782373790665993596e+01 2.265343214630128088e+01 2.265396945151226049e+01
4.350591418099836738e-01 -7.574779406823195504e-02 -1.569648042162632290e-02 1.827625468238911699e+00 1.830764301686096163e+00 2.072400916069090382e+00 2.089522829739112186e+00 3.697260202078684888e+00 3.698701860404412844e+00 4.943296290148828653e+00 4.945291867672759523e+00 6.954035844330258342e+00 6.964344362765525709e+00 8.761706104756294522e+00 8.762263095578370908e+00 8.795015131985962853e+00 8.802400962855294608e+00 9.998192826375126074e+00 9.998926323794972149e+00 1.099760675007941124e+01 1.099801415836628316e+01 1.199982341519292284e+01 1.200118985107359038e+01 1.280541952777977066e+01 1.280670891533195110e+01 1.520831596285592902e+01 1.520881800239932957e+01 1.782210589145298485e+01 1.782358831038550306e+01 2.266007466130916725e+01 2.266060958966999550e+01
4.359824176844045440e-01 -8.627968654438575302e-02 -4.484012121714315430e-02 1.844205621792674776e+00 1.847407894944883777e+00 2.045527674864448198e+00 2.063409480866588375e+00 3.672650179482386257e+00 3.674182810398966215e+00 4.919227054393362941e+00 4.921211977129300585e+00 6.957747539228664735e+00 6.967880185750760624e+00 8.753227181579756433e+00 8.753713773147865140e+00 8.794280544313183512e+00 8.801821109923590569e+00 1.000926002903996981e+01 1.000998850068150325e+01 1.099821861609902740e+01 1.099862936764957766e+01 1.199855381763389239e+01 1.199997726833064959e+01 1.280261910606680154e+01 1.280392916740935227e+01 1.520937590259893213e+01 1.520987792034887676e+01 1.782193107138339982e+01 1.782343746231812531e+01 2.266675869708977942e+01 2.266729121776732470e+01
4.369056935588254142e-01 -9.484784125870311666e-02 -6.017643897445871387e-02 1.860304184805695593e+00 1.863575632573516661e+00 2.018184230319892691e+00 2.036849258964858134e+00 3.647170767767338173e+00 3.648796085464351524e+00 4.895510108061996490e+00 4.897480656933912435e+00 6.961461427633196308e+00 6.971417657711108440e+00 8.744712135311598189e+00 8.745180937799499787e+00 8.793698525631659990e+00 8.801328588445525014e+00 1.002027218676170683e+01 1.002099536795459755e+01 1.099885509557229923e+01 1.099926895865967147e+01 1.199702995427550967e+01 1.199851090029797440e+01 1.279996298479619199e+01 1.280129284734262463e+01 1.521044241836830402e+01 1.521094440350773169e+01 1.782175551140059966e+01 1.782328552338598726e+01 2.267347743530278237e+01 2.267400751973779549e+01
4.378289694332462845e-01 -1.019772070189574331e-01 -7.130150141579648382e-02 1.875860236614126819e+00 1.879207456238271678e+00 1.990380570097260771e+00 2.009852203563636586e+00 3.620850756994630881e+00 3.622569782380381298e+00 4.872182050074735926e+00 4.874134689642922957e+00 6.965173661189368204e+00 6.974953068787071331e+00 8.736231347931704860e+00 8.736701142197828673e+00 8.793203421439029555e+00 8.800889099404523463e+00 1.003122472237809859e+01 1.003194235675037937e+01 1.099951648000140381e+01 1.099993321433068871e+01 1.199524768335365899e+01 1.199678652178740101e+01 1.279745724748811675e+01 1.279880600505790689e+01 1.521151444039196221e+01 1.521201638184812666e+01 1.782157938249571316e+01 1.782313265515242762e+01 2.268022406007401770e+01 2.268075168204557812e+01
4.387522453076671547e-01 -1.079806008932734651e-01 -8.002897389266933059e-02 1.890805531036934273e+00 1.894236413535054231e+00 1.962129522115510838e+00 1.982429106993621071e+00 3.593728915583543237e+00 3.595541861146114293e+00 4.849275422473418473e+00 4.851206840520627672e+00 6.968880468085768776e+00 6.978482781154584202e+00 8.727820134936196794e+00 8.728297519032850005e+00 8.792761948427351371e+00 8.800483986029805195e+00 1.004211315650821312e+01 1.004282499632739345e+01 1.100020304152523742e+01 1.100062239810901588e+01 1.199320398997105919e+01 1.199480103450072477e+01 1.279510710470269075e+01 1.279647382063049577e+01 1.521259089605225689e+01 1.521309278253201214e+01 1.782140285538093138e+01 1.782297901961153030e+01 2.268699176518497751e+01 2.268751690087194817e+01
4.396755211820880249e-01 -1.130639202305388502e-01 -8.711685971025630304e-02 1.905049243497750178e+00 1.908577131265812854e+00 1.933469024233174682e+00 1.954594549946478077e+00 3.565854903405131004e+00 3.567761054274929844e+00 4.826818507049023488e+00 4.828725649592773728e+00 6.972578155864248117e+00 6.982003231848458391e+00 8.719498335778387954e+00 8.719985528597181457e+00 8.792355763284870562e+00 8.800102373227208119e+00 1.005293308346297110e+01 1.005363888999465161e+01 1.100091503162064477e+01 1.100133675264414812e+01 1.199089702025282911e+01 1.199255250195371403e+01 1.279291686191017341e+01 1.279430057264082166e+01 1.521367071100140045e+01 1.521417253102793943e+01 1.782122610032847021e+01 1.782282477898802853e+01 2.269377376109707711e+01 2.269429638913659275e+01
4.405987970565088951e-01 -1.173722670796474160e-01 -9.297312200515651937e-02 1.904116287934932705e+00 1.918715763008566055e+00 1.922054958447943607e+00 1.926544205286822464e+00 3.537290161989341986e+00 3.539287754627890692e+00 4.804835209484707548e+00 4.806715310084197057e+00 6.976263113868276022e+00 6.985510935246674435e+00 8.711278350449886076e+00 8.711775953494596436e+00 8.791974066531409449e+00 8.799737574707114263e+00 1.006368014916503384e+01 1.006437969305070901e+01 1.100165267948062642e+01 1.100207649816313094e+01 1.198832610589585812e+01 1.199004017478502071e+01 1.279088989675961052e+01 1.279228961589392277e+01 1.521475281026805426e+01 1.521525455221901169e+01 1.782104928701058100e+01 1.782267009554149340e+01 2.270056328180524119e+01 2.270108338334786779e+01
4.415220729309297654e-01 -1.210131503216580612e-01 -9.784968610306021830e-02 1.874644565674915997e+00 1.897645142197331047e+00 1.931319321059084881e+00 1.935062563627869325e+00 3.508108769110473091e+00 3.510194869473183932e+00 4.783345034090040748e+00 4.785195636594250956e+00 6.979931815344236234e+00 6.989002485229590889e+00 8.703168645112731028e+00 8.703676652467816410e+00 8.791610165326357418e+00 8.799385309260383536e+00 1.007435003093834780e+01 1.007504309259376640e+01 1.100241619003097426e+01 1.100284183049046760e+01 1.198549177867268156e+01 1.198726450598892335e+01 1.278902864624420310e+01 1.279044336898617296e+01 1.521583611935376190e+01 1.521633777150059252e+01 1.782087258434140153e+01 1.782251513137507715e+01 2.270735359151590060e+01 2.270787115027735936e+01
4.424453488053506356e-01 -1.240693439267699510e-01 -1.019164552932076140e-01 1.844671450082293163e+00 1.868620415824697067e+00 1.943044690620811421e+00 1.946904576427644029e+00 3.478398240014951348e+00 3.480568623737073874e+00 4.762363147974801869e+00 4.764182122187508028e+00 6.983580819210903456e+00 6.992474557028639737e+00 8.695175420766647179e+00 8.695693604042428859e+00 8.791259745128089165e+00 8.799042751887501623e+00 1.008493841904585508e+01 1.008562478908099180e+01 1.100320574154695308e+01 1.100363291867577686e+01 1.198239577468441119e+01 1.198422715584539944e+01 1.278733460402413868e+01 1.278876331196677896e+01 1.521691956531801893e+01 1.521742111586660151e+01 1.782069616032045900e+01 1.782236004824843434e+01 2.271413799114547771e+01 2.271465299345481981e+01
4.433686246797715058e-01 -1.266065475763695769e-01 -1.052953235235439683e-01 1.814279955240121200e+00 1.839208945353134395e+00 1.953733555366672592e+00 1.957728482394366587e+00 3.448260248512788895e+00 3.450509286767742267e+00 4.741900529459283753e+00 4.743686079547615009e+00 6.987206771512883385e+00 6.995923908779823286e+00 8.687303477926034745e+00 8.687831537185424224e+00 8.790919941015790329e+00 8.798707999041855743e+00 1.009544099987050991e+01 1.009612047953178404e+01 1.100402148283170689e+01 1.100444990219160779e+01 1.197904102840171170e+01 1.198093098656712030e+01 1.278580832791874755e+01 1.278724999409472041e+01 1.521800207785082115e+01 1.521850351498316201e+01 1.782052018187886588e+01 1.782220500739529356e+01 2.272090982463626574e+01 2.272142225948025285e+01
4.442919005541923760e-01 -1.286782152459756412e-01 -1.080778530633069584e-01 1.783485033090821403e+00 1.809428218057430815e+00 1.963266194009332555e+00 1.967412033215732770e+00 3.417811226829966298e+00 3.420131783124423563e+00 4.721964191974993064e+00 4.723714857790557886e+00 6.990806406573681464e+00 6.999347382797288297e+00 8.679556698954458582e+00 8.680094321909782806e+00 8.790588810075686155e+00 8.798379752231845430e+00 1.010585344065034796e+01 1.010652584228525264e+01 1.100486352991863015e+01 1.100529288766432501e+01 1.197543165677720722e+01 1.197738004692999780e+01 1.278444945732883475e+01 1.278590305144342487e+01 1.521908259033169308e+01 1.521958390224867586e+01 1.782034481472794596e+01 1.782205016934538833e+01 2.272766248508682096e+01 2.272817234415046528e+01
4.452151764286132463e-01 -1.303287396371812235e-01 -1.103353117632591973e-01 1.752297024621428223e+00 1.779290045223251848e+00 1.971515153407234155e+00 1.975828916883031861e+00 3.387182782535963721e+00 3.389566127917648775e+00 4.702557471929356581e+00 4.704272123717671228e+00 6.994376547864600724e+00 7.002741906583000997e+00 8.671938334410896232e+00 8.672485218452793632e+00 8.790265017161789984e+00 8.798057122899935578e+00 1.011617137569238167e+01 1.011683652323617011e+01 1.100573196226102013e+01 1.100616194510234713e+01 1.197157293394492328e+01 1.197357954738931696e+01 1.278325674011053437e+01 1.278472123386901593e+01 1.522016004087393526e+01 1.522066121583894827e+01 1.782017022321109323e+01 1.782189569375108817e+01 2.273438942069524060e+01 2.273489669839835869e+01
4.461384523030341165e-01 -1.315956319779917061e-01 -1.121247668624729410e-01 1.720725267568726347e+00 1.748805488989894741e+00 1.978342036335037690e+00 1.982842422326111631e+00 3.356521843742655165e+00 3.358957600699012946e+00 4.683680367153988833e+00 4.685358194377585050e+00 6.997914108605129968e+00 7.006104493588169113e+00 8.664451182257115747e+00 8.665007041220254891e+00 8.789947640039869725e+00 8.797739507723376207e+00 1.012639039400338525e+01 1.012704812348689742e+01 1.100662681837376233e+01 1.100705710358734635e+01 1.196747125723295113e+01 1.196953582639787506e+01 1.278222806820297919e+01 1.278370244064207384e+01 1.522123337335333204e+01 1.522173439973670916e+01 1.781999657015869332e+01 1.782174173921852400e+01 2.274108414051418592e+01 2.274158883404387765e+01
4.470617281774549867e-01 -1.325110615112020107e-01 -1.134929846311588109e-01 1.688778762300745528e+00 1.717985518978517812e+00 1.983596865926214647e+00 1.988304443816556910e+00 3.325990411187731866e+00 3.328466539740040808e+00 4.665329911678850472e+00 4.666970406858673037e+00 7.001416092110754441e+00 7.009432243742530488e+00 8.657097705197136506e+00 8.657662269967433488e+00 8.789636044282108429e+00 8.797426506409184555e+00 1.013650602828763070e+01 1.013715618836466703e+01 1.100754809089413655e+01 1.100797834639656436e+01 1.196313410539377386e+01 1.196525630882490887e+01 1.278136052112402155e+01 1.278284376385834520e+01 1.522230153842030731e+01 1.522280240474441193e+01 1.781982401674672190e+01 1.782158846314348466e+01 2.274774022001654927e+01 2.274824232935548451e+01
4.479850040518758569e-01 -1.331029721704649338e-01 -1.144790344150544564e-01 1.656466358703649222e+00 1.686841183077904871e+00 1.987118331664457838e+00 1.992055610331331827e+00 3.295764761097542461e+00 3.298267603822010674e+00 4.647500572625077986e+00 4.649103511209191630e+00 7.004879591903701908e+00 7.012722343767412880e+00 8.649880110564616587e+00 8.650453127389225116e+00 8.789329800472875931e+00 8.797117866005132569e+00 1.014651374527276140e+01 1.014715619776466937e+01 1.100849572103169471e+01 1.100892560552725108e+01 1.195856999009766319e+01 1.196074945751944085e+01 1.278065041629749743e+01 1.278214153859600266e+01 1.522336349449465942e+01 1.522386418947951192e+01 1.781965272235895270e+01 1.782143602155198536e+01 2.275435130647224113e+01 2.275485083442269385e+01
4.489082799262967272e-01 -1.333959115156367059e-01 -1.151160897994410320e-01 1.623796822377701954e+00 1.655383676445736363e+00 1.988734851364121203e+00 1.993926259953071156e+00 3.266033912521914662e+00 3.268548317676849724e+00 4.630184655856613318e+00 4.631750073157646419e+00 7.008301791601741826e+00 7.015972067288364755e+00 8.642800406582162864e+00 8.643381634720018525e+00 8.789028627936010807e+00 8.796813442250572379e+00 1.015640893733504591e+01 1.015704355778944468e+01 1.100946959238133260e+01 1.100989875559852571e+01 1.195378840183196090e+01 1.195602471916303955e+01 1.278009336506705118e+01 1.278159139868157368e+01 1.522441820874206542e+01 1.522491872135133129e+01 1.781948284445321207e+01 1.782128456894574242e+01 2.276091112413598694e+01 2.276140807633958829e+01
4.498315558007175419e-01 -1.334116587193845127e-01 -1.154327118978000360e-01 1.590778861811098288e+00 1.623624382787904441e+00 1.988266602238839997e+00 1.993738376193349593e+00 3.236997157993217744e+00 3.239506700408428586e+00 4.613372708491012553e+00 4.614900874703367961e+00 7.011679964599871084e+00 7.019178774763032536e+00 8.635860443154998123e+00 8.636449652540497013e+00 8.788732355573776189e+00 8.796513172166877226e+00 1.016618691540426589e+01 1.016681359366391568e+01 1.101046952407862101e+01 1.101089760711089660e+01 1.194879975140182538e+01 1.195109246561308680e+01 1.277968433318750208e+01 1.278118833686487754e+01 1.522546465803163862e+01 1.522596497751883504e+01 1.781931453843158408e+01 1.782113425815231977e+01 2.276741347924747316e+01 2.276790786420059476e+01
4.507548316751384121e-01 -1.331697090188250499e-01 -1.154537870927187654e-01 1.557421140689856820e+00 1.591574907935529692e+00 1.985528698962290006e+00 1.991308658647084284e+00 3.208860471912676982e+00 3.211347788271935233e+00 4.597053908234228103e+00 4.598545302462485829e+00 7.015011473559309430e+00 7.022339913239932230e+00 8.629061942198754664e+00 8.629658911368165874e+00 8.788440894032730100e+00 8.796217054235707877e+00 1.017584290313675588e+01 1.017646154391369251e+01 1.101149526328305761e+01 1.101192189905032492e+01 1.194361530823698381e+01 1.194596393194946415e+01 1.277941770456385662e+01 1.278092676818423357e+01 1.522650182987388945e+01 1.522700194582863453e+01 1.781914795751490033e+01 1.782098524018025287e+01 2.277385226484518910e+01 2.277434409390991377e+01
4.516781075495592823e-01 -1.326876536219271929e-01 -1.152012274492837524e-01 1.523732283860085301e+00 1.559247112617115238e+00 1.980335642810762131e+00 1.986452857695977903e+00 3.181831674213207783e+00 3.184278921271464391e+00 4.581216431572452841e+00 4.582671715687563818e+00 7.018293769717519837e+00 7.025453015963310399e+00 8.622406520665304441e+00 8.623011035012101644e+00 8.788154215541350567e+00 8.795925133808038865e+00 1.018537203235194966e+01 1.018598255580100975e+01 1.101254647698295841e+01 1.101297129083175719e+01 1.193824713667648219e+01 1.194065115240715791e+01 1.277928734702912728e+01 1.278080059532530655e+01 1.522752872333837004e+01 1.522802862573251304e+01 1.781898325262153193e+01 1.782083766407898651e+01 2.278022146539542092e+01 2.278071075280615432e+01
4.526013834239801525e-01 -1.319814821531144489e-01 -1.146945039812700823e-01 1.489720880352369381e+00 1.526653147417785350e+00 1.972507042584399795e+00 1.978991387344917641e+00 3.156114351832802978e+00 3.158503781990960491e+00 4.565847794943837634e+00 4.567267787949167435e+00 7.021524392032452155e+00 7.028515701839088692e+00 8.615895708328675795e+00 8.616507558677866996e+00 8.787872339051684634e+00 8.795637492187289297e+00 1.019476933973386501e+01 1.019537168201877542e+01 1.101362274312525180e+01 1.101404535358654257e+01 1.193270803133406943e+01 1.193516689530955510e+01 1.277928667900743953e+01 1.278080327483289835e+01 1.522854434995056216e+01 1.522904402918395306e+01 1.781882057225072913e+01 1.782069167680391075e+01 2.278651516123893828e+01 2.278700192410451209e+01
4.535246592984010228e-01 -1.310658268486238065e-01 -1.139510595819574618e-01 1.455395484972383580e+00 1.493805491613120262e+00 1.961874417803279869e+00 1.968756046192186471e+00 3.131900730103046371e+00 3.134215359136009127e+00 4.550935164986436909e+00 4.552320818433776672e+00 7.024700966173813121e+00 7.031525674776874624e+00 8.609530961711620023e+00 8.610149943175279930e+00 8.787595319117393444e+00 8.795354238337957042e+00 1.020402976480361623e+01 1.020462387864766995e+01 1.101472354108536500e+01 1.101514356080996215e+01 1.192701145254754813e+01 1.192952459801857223e+01 1.277940873599627025e+01 1.278092788312208228e+01 1.522954773456734401e+01 1.523004718151311820e+01 1.781866006237029865e+01 1.782054742308610074e+01 2.279272753285775721e+01 2.279321179115917317e+01
4.544479351728218930e-01 -1.299541623974087567e-01 -1.129866336353549938e-01 1.420764619172160126e+00 1.460716997129968053e+00 1.948288658024117881e+00 1.955597442827205157e+00 3.109363921566638211e+00 3.111588241007412492e+00 4.536465635712827904e+00 4.537818010569786509e+00 7.027821203373146197e+00 7.034480722922398677e+00 8.603313675100782376e+00 8.603939586170280762e+00 8.787323237448996238e+00 8.795075502499908993e+00 1.021314814917266922e+01 1.021373400438515233e+01 1.101584824150627284e+01 1.101626527839884417e+01 1.192117146279160522e+01 1.192373830279427871e+01 1.277964623591028115e+01 1.278116718134325325e+01 1.523053791623077302e+01 1.523103712227988460e+01 1.781850186630889255e+01 1.782040504530707636e+01 2.279885286496493180e+01 2.279933464154863287e+01
4.553712110472427632e-01 -1.286589716407952888e-01 -1.118155206634427329e-01 1.385836771561420377e+00 1.427400938792685370e+00 1.931627476045379543e+00 1.939392483367766262e+00 3.088650214518969150e+00 3.090770881582463048e+00 4.522426471940506509e+00 4.523746717183076527e+00 7.030882899144151210e+00 7.037378717794739558e+00 8.597245189316810254e+00 8.597877831149276062e+00 8.787056196417465159e+00 8.794801431205767628e+00 1.022211923708862003e+01 1.022269682105700639e+01 1.101699609555184445e+01 1.101740975412500489e+01 1.191520266479328427e+01 1.191782259431601254e+01 1.277999164245509789e+01 1.278151367828036911e+01 1.523151394899962341e+01 1.523201290610442626e+01 1.781834612465302570e+01 1.782026468337861402e+01 2.280488555042020593e+01 2.280536487098695986e+01
4.562944869216636334e-01 -1.271918847875082026e-01 -1.104507789479080154e-01 1.350620398247885268e+00 1.393871072079097662e+00 1.911802026914922514e+00 1.920051103727483222e+00 3.069872228276185222e+00 3.071878655994567442e+00 4.508805319484804564e+00 4.510094652576795760e+00 7.033883931883659457e+00 7.040217613342200309e+00 8.591326798718636581e+00 8.591965974580611842e+00 8.786794313996372452e+00 8.794532183345234344e+00 1.023093767728608050e+01 1.023150699542325448e+01 1.101816622363877585e+01 1.101857610660901621e+01 1.190912014193900248e+01 1.191179253946602579e+01 1.278043722583343289e+01 1.278195969059450121e+01 1.523247490275840654e+01 1.523297360347509866e+01 1.781819297514850220e+01 1.782012647462728694e+01 2.281082009397532318e+01 2.281129698706471842e+01
4.572177627960845037e-01 -1.255637979705377660e-01 -1.089044006816888704e-01 1.315123923107697657e+00 1.360141699770403001e+00 1.888761841046249224e+00 1.897521390689765441e+00 3.053103784846084245e+00 3.054988559918207169e+00 4.495590383502452880e+00 4.496850072829973399e+00 7.036822261363359310e+00 7.042995444930787663e+00 8.585559756794047814e+00 8.586205271631117242e+00 8.786537719780508127e+00 8.794267927020246844e+00 1.023959802615450698e+01 1.024015910228927417e+01 1.101935760373246431e+01 1.101976331387955454e+01 1.190293940140729667e+01 1.190566362982113802e+01 1.278097512022330662e+01 1.278249739986043387e+01 1.523341986400360604e+01 1.523391830153324378e+01 1.781804255260657044e+01 1.781999055368395091e+01 2.281665111585218852e+01 2.281712561282278884e+01
4.581410386705053739e-01 -1.237849756570192084e-01 -1.071874521502510641e-01 1.279355738041458190e+00 1.326227749113899623e+00 1.862497380865903551e+00 1.871792380513627840e+00 3.038377184852277590e+00 3.040136262151328594e+00 4.482770576982370692e+00 4.484001926236491187e+00 7.039695927121157659e+00 7.045710328278530277e+00 8.579945280600885127e+00 8.580596940707749809e+00 8.786286551820031931e+00 8.794008837004419377e+00 1.024809475223231736e+01 1.024864762893109926e+01 1.102056905931680042e+01 1.102097020162721286e+01 1.189667632030888988e+01 1.189945172714398147e+01 1.278159737760250181e+01 1.278311890597703737e+01 1.523434793660681663e+01 1.523484610483473567e+01 1.781789498881461498e+01 1.781985705237805462e+01 2.282237335515793930e+01 2.282284549016311814e+01
4.590643145449262441e-01 -1.218651404777836983e-01 -1.053101903001384815e-01 1.243324203244194015e+00 1.292144861421094415e+00 1.833039861038855856e+00 1.842894142187740281e+00 3.025683244418455153e+00 3.027315900940279469e+00 4.470335641750458500e+00 4.471539976194517152e+00 7.042503046760661967e+00 7.048360458349002045e+00 8.574484554261184499e+00 8.575142167031417628e+00 8.786040954079743059e+00 8.793755092669174545e+00 1.025642224203286013e+01 1.025696698083982739e+01 1.102179924717450099e+01 1.102219543128785517e+01 1.189034709496856479e+01 1.189317301201752208e+01 1.278229601762056511e+01 1.278381627665746478e+01 1.523525824255464478e+01 1.523575613608800516e+01 1.781775041245149538e+01 1.781972609963687049e+01 2.282798167314060933e+01 2.282845148310014238e+01
4.599875904193471143e-01 -1.198135533561569682e-01 -1.032821605047000990e-01 1.207037647503278910e+00 1.257909496406791394e+00 1.800458394548940744e+00 1.810895171484558697e+00 3.014974027114203370e+00 3.016482595386278387e+00 4.458276244528437182e+00 4.459454899045756981e+00 7.045241814166434580e+00 7.050944108217017003e+00 8.569178731666324822e+00 8.569842105405147237e+00 8.785801074382922238e+00 8.793506876274058470e+00 1.026457480720180904e+01 1.026511148878471857e+01 1.102304664514423926e+01 1.102343748811881952e+01 1.188396819334594312e+01 1.188684393562776798e+01 1.278306307333675385e+01 1.278458159282084772e+01 1.523614992266512758e+01 1.523664753686839113e+01 1.781760894900726200e+01 1.781959782138926229e+01 2.283347105628982732e+01 2.283393858085726436e+01
4.609108662937679846e-01 -1.176390863107068252e-01 -1.011122791998878834e-01 1.170504368527782058e+00 1.223539054046990815e+00 1.764854926802507107e+00 1.775897528950004745e+00 3.006167804879633199e+00 3.007557236276713120e+00 4.446584050604135641e+00 4.447738359395300378e+00 7.047910497641908911e+00 7.053459627919186126e+00 8.564028938518932321e+00 8.564697882305578602e+00 8.785567062734582322e+00 8.793264371543903835e+00 1.027254669299851031e+01 1.027307541718773187e+01 1.102430954005283326e+01 1.102469466946210552e+01 1.187755631046614546e+01 1.188048117457278785e+01 1.278389063274603643e+01 1.278540698980948065e+01 1.523702213728081567e+01 1.523751946830887860e+01 1.781747072070736593e+01 1.781947234047420281e+01 2.283883661928611630e+01 2.283930190081204614e+01
4.618341421681887993e-01 -1.153502899624314487e-01 -9.880890424136005989e-02 1.133732633307518389e+00 1.189052017316459375e+00 1.726357693835498308e+00 1.738030443300172312e+00 2.999155507641274365e+00 3.000432832470595557e+00 4.435251777571095566e+00 4.436383065355181010e+00 7.050507437976226477e+00 7.055905443301787372e+00 8.559036273813314111e+00 8.559710597402268917e+00 8.785339069944825496e+00 8.793027762474066478e+00 1.028033208808449395e+01 1.028085297379332452e+01 1.102558601605450406e+01 1.102596507342072485e+01 1.187112832661958173e+01 1.187410158846371999e+01 1.278477087610573371e+01 1.278628469444459625e+01 1.523787406693806368e+01 1.523837111176685077e+01 1.781733584644132762e+01 1.781934977655395969e+01 2.284407360780380714e+01 2.284453669129502273e+01
4.627574180426096695e-01 -1.129554575344064310e-01 -9.637989520274882482e-02 1.096730678493927469e+00 1.154468119879915156e+00 1.685114035400111510e+00 1.697443212724527806e+00 2.993807826262416150e+00 2.994981578189804594e+00 4.424273231414074026e+00 4.425382805982349232e+00 7.053031046445718211e+00 7.058280054878095733e+00 8.554201810838224063e+00 8.554881324590677849e+00 8.785117246491788379e+00 8.792797232318578793e+00 1.028792513559205268e+01 1.028843832060754693e+01 1.102687394364445517e+01 1.102724658820757142e+01 1.186470126799218860e+01 1.186772217998492351e+01 1.278569610915056920e+01 1.278720705800803081e+01 1.523870491301276786e+01 1.523920166946705734e+01 1.781720444169547335e+01 1.781923024603162986e+01 2.284917740117123941e+01 2.284963833424593460e+01
4.636806939170305397e-01 -1.104626869780116344e-01 -9.383266536344225806e-02 1.059506710791790152e+00 1.119808543686116487e+00 1.641283318990619522e+00 1.654298175063569243e+00 2.989982207633925082e+00 2.991061868462153939e+00 4.413643326982975346e+00 4.414732472954979059e+00 7.055479802755110441e+00 7.060582036706843034e+00 8.549526597772132419e+00 8.550211112610739406e+00 8.784901741577550993e+00 8.792572962726215025e+00 1.029531994543374829e+01 1.029582558606893272e+01 1.102817096964992949e+01 1.102853688245965991e+01 1.185829226930471236e+01 1.186136005699782814e+01 1.278665879234512204e+01 1.278816658529743577e+01 1.523951389834262393e+01 1.524001036512085960e+01 1.781707661849013746e+01 1.781911386197329250e+01 2.285414351489272988e+01 2.285460234773174548e+01
4.646039697914514099e-01 -1.078799427965488472e-01 -9.117422677521108687e-02 1.022068907344877431e+00 1.085096152479079423e+00 1.595030542779440896e+00 1.608764337175518921e+00 2.987529167976478384e+00 2.988524671079625605e+00 4.403358094635335895e+00 4.404428068273862351e+00 7.057852252923362713e+00 7.062810035302975464e+00 8.545011657930269067e+00 8.545700985311651010e+00 8.784692702340853643e+00 8.792355132997229816e+00 1.030251060780056527e+01 1.030300887840104274e+01 1.102947450853686284e+01 1.102983339684260500e+01 1.185191853797232753e+01 1.185503239620555149e+01 1.278765156637048861e+01 1.278915595994980947e+01 1.524030026782560299e+01 1.524079644452151250e+01 1.781695248532058784e+01 1.781900073403418716e+01 2.285896760303709385e+01 2.285942438833135881e+01
4.655272456658722802e-01 -1.052151191259390189e-01 -8.841122950946919690e-02 9.844254160943721743e-01 1.050355768534487089e+00 1.546520955012947507e+00 1.561012025266449665e+00 2.986297579666825186e+00 2.987218892488101130e+00 4.393414674556286315e+00 4.394466699507824536e+00 7.060147007118854567e+00 7.064962768591161790e+00 8.540657989714533826e+00 8.541351941614998111e+00 8.784490273198112931e+00 8.792143919439203259e+00 1.030949120778259243e+01 1.030998230008331440e+01 1.103078173540397522e+01 1.103113333730074785e+01 1.184559731924340120e+01 1.184875640784343354e+01 1.278866727407676862e+01 1.279016806626242087e+01 1.524106328899511453e+01 1.524155917611592592e+01 1.781683214710226437e+01 1.781889096838945008e+01 2.286364546049636104e+01 2.286410025339059260e+01
4.664505215402931504e-01 -1.024761057021662120e-01 -8.554999598007045902e-02 9.465843560798473666e-01 1.015614501479400467e+00 1.495915813542352257e+00 1.511208702438525009e+00 2.986138799163944757e+00 2.986995591027123975e+00 4.383811299999427646e+00 4.384846563838880051e+00 7.062362737448838246e+00 7.067039024911401235e+00 8.536466566310604520e+00 8.537164955221443918e+00 8.784294595290370822e+00 8.791939494805017574e+00 1.031625584103136717e+01 1.031673996336255072e+01 1.103208958106560900e+01 1.103243367033390676e+01 1.183934586173910830e+01 1.184254930082398971e+01 1.278969897915729526e+01 1.279119600776428634e+01 1.524180225257166121e+01 1.524229785155273120e+01 1.781671570511946356e+01 1.781878466766855951e+01 2.286817302511967043e+01 2.286862588315240785e+01
4.673737974147140206e-01 -9.967085846456565090e-02 -8.259655104786335633e-02 9.085538176426468659e-01 9.809021398838697614e-01 1.443369245553085101e+00 1.459515933428473744e+00 2.986909665087184251e+00 2.987711057549578442e+00 4.374547270443457592e+00 4.375566921915546637e+00 7.064498175708756378e+00 7.069037662084673990e+00 8.532438335170944299e+00 8.533140974100410503e+00 8.784105806018159157e+00 8.791742027799372750e+00 1.032279863036839807e+01 1.032327600671336398e+01 1.103339472964933243e+01 1.103373112070258699e+01 1.183318138279356546e+01 1.183642824774356761e+01 1.279073998181457839e+01 1.279223312280510605e+01 1.524251647299123213e+01 1.524301178620689790e+01 1.781660325697806613e+01 1.781868193089410113e+01 2.287254637972610993e+01 2.287299736276620621e+01
4.682970732891348908e-01 -9.680747674365314248e-02 -7.955664848894754282e-02 8.703418624743379794e-01 9.462516184047469192e-01 1.389026063362767793e+00 1.406087370704038220e+00 2.988474496846905026e+00 2.989228889325566296e+00 4.365622915437363361e+00 4.366628062301114888e+00 7.066552111098285849e+00 7.070957606544641116e+00 8.528574217318308115e+00 8.529280919797800564e+00 8.783924038649956856e+00 8.791551682642953836e+00 1.032911374322996068e+01 1.032958461214176715e+01 1.103469361915074209e+01 1.103502217197581103e+01 1.182712103298778317e+01 1.183041034915240175e+01 1.279178383169439037e+01 1.279327299743505542e+01 1.524320528891060711e+01 1.524370031968114425e+01 1.781649489656154017e+01 1.781858285342416082e+01 2.287676175400112655e+01 2.287721092418079039e+01
4.692203491635557611e-01 -9.389428924234705098e-02 -7.643579429076351184e-02 8.319565234290575706e-01 9.116995755205400398e-01 1.333020339954218647e+00 1.351067584710873737e+00 2.990706272498193652e+00 2.991421234295711606e+00 4.357039549716903437e+00 4.358031257113453627e+00 7.068523387912959421e+00 7.072797852538497132e+00 8.524875106500109823e+00 8.525585686592727086e+00 8.783749421992416373e+00 8.791368618685396541e+00 1.033519540982456597e+01 1.033566002321271426e+01 1.103598244539443662e+01 1.103630307033858671e+01 1.182118185928022669e+01 1.182451259650006392e+01 1.279282433836372945e+01 1.279430947584814149e+01 1.524386806368964464e+01 1.524436281628416090e+01 1.781639071399040830e+01 1.781848752689843707e+01 2.288081552628040782e+01 2.288126294792489190e+01
4.701436250379766313e-01 -9.093995136318419603e-02 -7.323926716062878484e-02 7.934058039779873228e-01 8.772870190338714069e-01 1.275474532718871012e+00 1.294591549999728919e+00 2.993487173957998237e+00 2.994169393416354019e+00 4.348799420021475015e+00 4.349778709298373514e+00 7.070410903223326216e+00 7.074557461396435265e+00 8.521341868221425031e+00 8.522056140531221402e+00 8.783582080112918078e+00 8.791192990060039847e+00 1.034103794186715319e+01 1.034149656367007708e+01 1.103725716984329530e+01 1.103756983206671016e+01 1.181538076616304700e+01 1.181875183319538714e+01 1.279385557960250885e+01 1.279533666865604857e+01 1.524450418585088407e+01 1.524499866548605098e+01 1.781629079558499740e+01 1.781839603918806603e+01 2.288470422522534520e+01 2.288514996477941210e+01
4.710669009123975015e-01 -8.795355685659807243e-02 -6.997213655775015584e-02 7.546976771234542580e-01 8.430601178490515490e-01 1.216498949854845524e+00 1.236784613029218827e+00 2.996708673235880305e+00 2.997363954479526971e+00 4.340905643928761215e+00 4.341873491866764745e+00 7.072213604557932243e+00 7.076235560864016172e+00 8.517975338681134545e+00 8.518693118361891692e+00 8.783422132106400326e+00 8.791024945374420696e+00 1.034663575174323213e+01 1.034708865650676479e+01 1.103851353167553029e+01 1.103881825505325587e+01 1.180973447431679801e+01 1.181314471326419735e+01 1.279487190776906758e+01 1.279634895924986537e+01 1.524511306951637657e+01 1.524560728235089790e+01 1.781619522383136101e+01 1.781830847434889264e+01 2.288842453139411148e+01 2.288886865734535903e+01
4.719901767868183717e-01 -8.494476728904237772e-02 -6.663927852443775335e-02 7.158400834843400284e-01 8.090711374352371754e-01 1.156191367743571785e+00 1.177762794122169110e+00 3.000271306879418454e+00 3.000904604196065861e+00 4.333362140954682751e+00 4.334319479353846205e+00 7.073930487612525297e+00 7.077831344485149501e+00 8.514776323633830302e+00 8.515497426396237302e+00 8.783269691900036591e+00 8.790864627431975720e+00 1.035198337194803031e+01 1.035243084333399466e+01 1.103974706450700261e+01 1.104004393473196721e+01 1.180425947629870720e+01 1.180770765715061366e+01 1.279586795448630632e+01 1.279734100849391254e+01 1.524569415482234547e+01 1.524618810794711976e+01 1.781610407734983070e+01 1.781822491257786467e+01 2.289197327871224630e+01 2.289241586151142727e+01
4.729134526612392420e-01 -8.192396344350154347e-02 -6.324538955056227540e-02 6.768409280909589709e-01 7.753795290904880178e-01 1.094636620176550501e+00 1.117633306771932844e+00 3.004084255712894613e+00 3.004699735347467815e+00 4.326173556142298260e+00 4.327121271734578833e+00 7.075560594015859905e+00 7.079344071014741502e+00 8.511745597197769797e+00 8.512469839314295683e+00 8.783124868090144588e+00 8.790712172980889250e+00 1.035707547463952416e+01 1.035751780389215781e+01 1.104095311807251534e+01 1.104124228468681146e+01 1.179897198888132515e+01 1.180245680428921951e+01 1.279683863388053489e+01 1.279830775798147435e+01 1.524624690831159413e+01 1.524674060973548606e+01 1.781601743086666190e+01 1.781814543017282304e+01 2.289534745584626663e+01 2.289578856782474503e+01
4.738367285356600567e-01 -7.890242355229694360e-02 -5.979499873610054361e-02 6.377080751144112991e-01 7.420531604310849350e-01 1.031905987376501521e+00 1.056495207376289214e+00 3.008064818145541164e+00 3.008665937561708859e+00 4.319345176384477014e+00 4.320284111048656506e+00 7.077103009192624583e+00 7.080773063829081337e+00 8.508883900627527197e+00 8.509611098934243500e+00 8.782987763806669790e+00 8.790567712486826224e+00 1.036190689114149066e+01 1.036234437554211851e+01 1.104212688509119822e+01 1.104240856216272881e+01 1.179388790175959123e+01 1.179740796217572019e+01 1.279777914458835220e+01 1.279924443206568796e+01 1.524677082330396694e+01 1.524726428193521066e+01 1.781593535518815585e+01 1.781807009949529785e+01 2.289854420748415720e+01 2.289898392276856498e+01
4.747600044100809269e-01 -7.589253422922319359e-02 -5.629247852277027148e-02 5.984493391868193068e-01 7.091696125720294841e-01 9.680562202403539818e-01 9.944401157475265540e-01 3.012137840402628441e+00 3.012727436092931033e+00 4.312882839791973844e+00 4.313813791054413649e+00 7.078556860377032578e+00 7.082117710288983403e+00 8.506191941068175666e+00 8.506921912963123944e+00 8.782858476601338893e+00 8.790431369926990257e+00 1.036647263123271756e+01 1.036690557257485956e+01 1.104326343342695083e+01 1.104353789860132551e+01 1.178902272246615723e+01 1.179257655178400022e+01 1.279868497073018574e+01 1.280014653886239273e+01 1.524726542024513520e+01 1.524775864586835894e+01 1.781585791717721179e+01 1.781799898893614653e+01 2.290156083552613353e+01 2.290199922995040183e+01
4.756832802845017971e-01 -7.290804146452346812e-02 -5.274205441459572236e-02 5.590724708735970161e-01 6.768172999213711849e-01 9.031280805728161276e-01 9.315529725798583627e-01 3.016235146906915521e+00 3.016815523487706319e+00 4.306792838529071688e+00 4.307716560339747147e+00 7.079921314845392999e+00 7.083377460994705110e+00 8.503670390306609761e+00 8.504402953744301996e+00 8.782737098355980265e+00 8.790303262603197609e+00 1.037076790206187660e+01 1.037119660517960718e+01 1.104435774351389909e+01 1.104462533521572354e+01 1.178439151747518210e+01 1.178797754931542485e+01 1.279955188203183702e+01 1.280100987040463600e+01 1.524773024703394420e+01 1.524822325028286407e+01 1.781578517973225217e+01 1.781793216288403414e+01 2.290439480018879692e+01 2.290483195120368620e+01
4.766065561589226673e-01 -6.996435162081358905e-02 -4.914781430847855320e-02 5.195851316353841121e-01 6.450956690766962431e-01 8.371445227502231079e-01 8.679128302993182054e-01 3.020294998630880023e+00 3.020868013920816164e+00 4.301081815689443921e+00 4.301999019467657170e+00 7.081195578453279182e+00 7.084551828854446676e+00 8.501319883534046440e+00 8.502054857015899358e+00 8.782623715208083937e+00 8.790183500972126751e+00 1.037478812653385596e+01 1.037521289791564350e+01 1.104540475085213203e+01 1.104566586349346835e+01 1.178000884963329753e+01 1.178362542442155103e+01 1.280037593325833356e+01 1.280183050211184614e+01 1.524816487932852560e+01 1.524865767165439578e+01 1.781571720176820861e+01 1.781786968169653207e+01 2.290704372102621988e+01 2.290747970760644492e+01
4.775298320333435376e-01 -6.707889798239723145e-02 -4.551371855388670895e-02 4.799948488118233048e-01 6.141120447628458656e-01 7.701098138817092931e-01 8.035937275896434251e-01 3.024261595942971059e+00 3.024828738645349624e+00 4.295756656971161824e+00 4.296668012918697599e+00 7.082378894580373618e+00 7.085640387869710288e+00 8.499141018132714720e+00 8.499878220693194208e+00 8.782518407491039625e+00 8.790072188491231842e+00 1.037852896102271139e+01 1.037895010754110814e+01 1.104639939319423547e+01 1.104665447037463011e+01 1.177588871222944888e+01 1.177953407521017049e+01 1.280115346310825153e+01 1.280260479172056876e+01 1.524856892083128024e+01 1.524906151446716152e+01 1.781565403819961801e+01 1.781781160167378175e+01 2.290950537787050223e+01 2.290994028041965791e+01
4.784531079077644078e-01 -6.427160211600804751e-02 -4.184361285588696772e-02 4.403089299185376504e-01 5.839656005535467376e-01 7.020168828344880430e-01 7.386658476802697715e-01 3.028084634480592729e+00 3.028647092721320266e+00 4.290824378122827909e+00 4.291730516804499906e+00 7.083470543602576441e+00 7.086642771524386930e+00 8.497134352498401100e+00 8.497873603686899813e+00 8.782421249686818143e+00 8.789969421479080225e+00 1.038198631227801094e+01 1.038240414006255996e+01 1.104733666184705143e+01 1.104758618769663414e+01 1.177204446019819173e+01 1.177571676052272309e+01 1.280188109270087971e+01 1.280332937780822711e+01 1.524894200355331719e+01 1.524943441147432921e+01 1.781559573992550938e+01 1.781775797503454228e+01 2.291177771169510891e+01 2.291221161194842892e+01
4.793763837821852780e-01 -6.156549618586850542e-02 -3.814124850577950421e-02 4.005342866259296586e-01 5.546668400815043531e-01 6.329096816184786034e-01 6.731977535915345534e-01 3.031718917107190769e+00 3.032277637309479079e+00 4.286292009364529143e+00 4.287193523556669383e+00 7.084469843022051627e+00 7.087558670652146731e+00 8.495300404909745140e+00 8.496041524768143560e+00 8.782332310389072916e+00 8.789875288988980628e+00 1.038515635340515253e+01 1.038557116688167170e+01 1.104821165631593338e+01 1.104845614532746367e+01 1.176848873913931648e+01 1.177218603015353438e+01 1.280255572377401130e+01 1.280400117802684612e+01 1.524928378805804563e+01 1.524977602393774312e+01 1.781554235381603490e+01 1.781770884989452952e+01 2.291385882540316743e+01 2.291429180632841067e+01
4.802996596566061482e-01 -5.898767886482799566e-02 -3.441032037504650892e-02 3.606770346399140736e-01 5.254649140681714181e-01 5.635154407443434543e-01 6.072639236703027965e-01 3.035124021375436243e+00 3.035679757778523502e+00 4.282166478223840222e+00 4.283063925030965891e+00 7.085376148388032647e+00 7.088387830654817812e+00 8.493639652453833122e+00 8.494382461489879077e+00 8.782251652274933207e+00 8.789789872695074280e+00 1.038803553881552411e+01 1.038844763992990750e+01 1.104901964133423142e+01 1.104925962722899868e+01 1.176523341302087466e+01 1.176895365385958137e+01 1.280317453669631966e+01 1.280461738715000308e+01 1.524959396368470976e+01 1.525008604184777639e+01 1.781549392270062526e+01 1.781766427024689747e+01 2.291574698454365588e+01 2.291617913024008502e+01
4.812229355310270185e-01 -5.657111478622087186e-02 -3.065455063146353340e-02 3.207414475211100013e-01 4.821642377589370754e-01 5.078023718936042208e-01 5.410007529644915714e-01 3.038264019595427801e+00 3.038817375212464977e+00 4.278454492456466696e+00 4.279348395694468898e+00 7.086188855127314667e+00 7.089130047957453939e+00 8.492152530017012424e+00 8.492896849173630969e+00 8.782179332084011136e+00 8.789713246790178403e+00 1.039062061805814352e+01 1.039103030569702035e+01 1.104975610516084394e+01 1.104999212950501075e+01 1.176228949160681836e+01 1.176603055017721822e+01 1.280373498838561730e+01 1.280517547502383735e+01 1.524987224875151526e+01 1.525036418412298467e+01 1.781545048535774711e+01 1.781762427594484777e+01 2.291744061795729337e+01 2.291787201355302628e+01
4.821462114054478887e-01 -5.435901108342978266e-02 -2.687790693448889254e-02 2.807265975684351544e-01 4.103275120236690721e-01 4.726520476432680695e-01 4.815731239382733397e-01 3.041107247207777586e+00 3.041658707254628613e+00 4.275162424925521343e+00 4.276053277767029037e+00 7.086907401367722237e+00 7.089785165620919649e+00 8.490839429348802980e+00 8.491585079969595995e+00 8.782115400603181854e+00 8.789645477894744374e+00 1.039290864846068985e+01 1.039331621807506600e+01 1.105041681790658004e+01 1.105064941930484501e+01 1.175966705880237306e+01 1.176342671620814606e+01 1.280423481021256471e+01 1.280567318450119885e+01 1.525011839073897768e+01 1.525061019879022872e+01 1.781541207650588277e+01 1.781758890268618600e+01 2.291893831835466955e+01 2.291936904990253154e+01
4.830694872798687589e-01 -5.241902561664424365e-02 -2.308531440039130259e-02 2.406112299191236203e-01 3.314434093632445677e-01 4.066308238834405731e-01 4.578306322484124724e-01 3.043626114410449723e+00 3.044176073306491315e+00 4.272296202478737648e+00 4.273184470352444642e+00 7.087531271775221242e+00 7.090353068095377687e+00 8.489700698205901119e+00 8.490447501997044455e+00 8.782059902655994676e+00 8.789586624976424289e+00 1.039489700652314141e+01 1.039530274995476411e+01 1.105099788857119947e+01 1.105122759328469684e+01 1.175737520323247409e+01 1.176115115965361113e+01 1.280467200595864874e+01 1.280610852942742284e+01 1.525033216645335088e+01 1.525082386314514515e+01 1.781537872679578882e+01 1.781755818199970776e+01 2.292023884282835411e+01 2.292066899720031614e+01
4.839927631542896291e-01 -5.091090100554406667e-02 -1.928600920083116746e-02 2.002121926849083910e-01 2.446468848814906116e-01 3.393388007309006138e-01 4.379958801140352853e-01 3.045796955699471731e+00 3.046345738710376061e+00 4.269861200972191462e+00 4.270747324703575210e+00 7.088060002333266496e+00 7.090833675189424312e+00 8.488736639582604937e+00 8.489484418571505486e+00 8.782012877095738190e+00 8.789536739279979471e+00 1.039658339802168996e+01 1.039698760352551687e+01 1.105149581944231052e+01 1.105172313419277685e+01 1.175542195244967481e+01 1.175921183445253781e+01 1.280504484988739833e+01 1.280647979273652837e+01 1.525051338217054564e+01 1.525100498389337744e+01 1.781535046280393431e+01 1.781753214123346751e+01 2.292134111330051383e+01 2.292177077808097607e+01
4.849160390287104438e-01 -5.080764354337055644e-02 -1.553019264556624278e-02 1.344722810829139803e-01 1.618703993339447034e-01 2.717615460670975702e-01 4.212038996925965839e-01 3.047599912025660274e+00 3.048147792535532030e+00 4.267862148628912777e+00 4.268746547804552982e+00 7.088493185876082237e+00 7.091226935446156787e+00 8.487947511032958303e+00 8.488696087523976530e+00 8.781974356801089954e+00 8.789495864266971381e+00 1.039796586679316803e+01 1.039836881924327194e+01 1.105190755652280465e+01 1.105213296405922208e+01 1.175381421220073541e+01 1.175761558140928464e+01 1.280535188497881371e+01 1.280678552470749665e+01 1.525066187376043914e+01 1.525115339727254593e+01 1.781532730702704370e+01 1.781751080354478844e+01 2.292224421690790237e+01 2.292267348028583740e+01
4.858393149031313141e-01 -1.202067260216395927e-01 -4.333430000849901320e-02 -1.139357282635263674e-02 1.207890882736783744e-01 2.039892922946718312e-01 4.076999433211138113e-01 3.049018840560932642e+00 3.049566053859919634e+00 4.266303039880288139e+00 4.267186116413034469e+00 7.088830478058202544e+00 7.091532819246300079e+00 8.487333524089507364e+00 8.488082720617155630e+00 8.781944368673769930e+00 8.789464035565185185e+00 1.039904280218078902e+01 1.039944478344153111e+01 1.105223053471320860e+01 1.105245449245323641e+01 1.175255771215842238e+01 1.175636807517309990e+01 1.280559192136878366e+01 1.280702454142239155e+01 1.525077750679197663e+01 1.525126896915530494e+01 1.781530927787738960e+01 1.781749418789172168e+01 2.292294740632532779e+01 2.292337635698562437e+01
4.867625907775521843e-01 -1.930903479100694597e-01 -4.504349707104159800e-02 -7.673996113374990588e-03 8.048371952077684743e-02 1.360788814419208737e-01 3.977832618925283836e-01 3.050041247547489842e+00 3.050588001919963155e+00 4.265187061710428829e+00 4.266069203577310454e+00 7.089071603322851800e+00 7.091751312078365288e+00 8.486894843782295084e+00 8.487644483062338097e+00 8.781922933637504869e+00 8.789441280927526634e+00 1.039981294513033916e+01 1.040021423456971661e+01 1.105246271657662582e+01 1.105268565832880867e+01 1.175165695944370015e+01 1.175547377885132505e+01 1.280576403502764649e+01 1.280719592346029501e+01 1.525086017661885229e+01 1.525135159513333960e+01 1.781529638967936435e+01 1.781748230902643115e+01 2.292345010002874517e+01 2.292387882704275626e+01
4.876858666519730545e-01 -2.261232723726367411e-01 -4.485053316649291466e-02 -3.843664836933867370e-03 4.023762924660338053e-02 6.808118408976623903e-02 3.917150050740064726e-01 3.050658240332225546e+00 3.051204726141464096e+00 4.264516534307809081e+00 4.265398119427883827e+00 7.089216360348317814e+00 7.091882408498052293e+00 8.486631588261555947e+00 8.487381493140427224e+00 8.781910066637673040e+00 8.789427620200145341e+00 1.040027539293178016e+01 1.040067626804969869e+01 1.105260262365449364e+01 1.105282496411846438e+01 1.175111520112278463e+01 1.175493590740134131e+01 1.280586756670514426e+01 1.280729901485430133e+01 1.525090980844623978e+01 1.525140120058277482e+01 1.781528865266655615e+01 1.781747517748984322e+01 2.292375188249896567e+01 2.292418047521451641e+01
4.886091425263939247e-01 -2.361299708528516728e-01 -4.469988488647216873e-02 -2.021220265681955541e-07 -1.100165139822688300e-07 1.715023846668783694e-07 3.896715039803227976e-01 3.050864495434646884e+00 3.051410892828380739e+00 4.264292867529154485e+00 4.265174267744537673e+00 7.089264626433475769e+00 7.091926107317259032e+00 8.486543828526450284e+00 8.487293821929471349e+00 8.781905776641387718e+00 8.789423065299766691e+00 1.040042960260522698e+01 1.040083033974629245e+01 1.105264935948066629e+01 1.105287150094782689e+01 1.175093439666748907e+01 1.175475640075605810e+01 1.280590212116236692e+01 1.280733342233204475e+01 1.525092635737819080e+01 1.525141774071061285e+01 1.781528607297993005e+01 1.781747279960800867e+01 2.292385250436661082e+01 2.292428105229754465e+01
