0.000000000000000000e+00 -2.161224353710316723e-02 -8.612429575665967590e-03 -3.439964401332397219e-03 -3.612817789578816154e-07 -2.617393703460327625e-07 2.178527324120829509e-07 3.057896350156997123e+00 3.058260365683309168e+00 4.273081307220127023e+00 4.273331633096496773e+00 7.107049703068478053e+00 7.107538646574138141e+00 8.487077498233160711e+00 8.487266400580891101e+00 8.831581406034086257e+00 8.841102131238017137e+00 1.039883274282863823e+01 1.039936650028091236e+01 1.105137795732730766e+01 1.105232634138165615e+01 1.175051506161200088e+01 1.175186703886008210e+01 1.280334444388638282e+01 1.280415870925491362e+01 1.524562730089198226e+01 1.524777972186411468e+01 1.781048889689825288e+01 1.781061071778660221e+01 2.292234566201808477e+01 2.292342626543953443e+01
1.519769838211115992e-03 -1.097234131945525742e-02 3.038423148721043892e-03 5.908866787761590106e-02 6.103326822602067603e-02 9.408726634937913946e-02 1.008273355444188057e-01 3.058103524245079807e+00 3.058466373910165181e+00 4.273461117970023260e+00 4.273710810541267335e+00 7.107105960631264097e+00 7.107594834644851645e+00 8.487346511076291122e+00 8.487540752645090336e+00 8.831278616469255383e+00 8.840781661357221211e+00 1.039874426925282513e+01 1.039927702275806176e+01 1.105138127642100088e+01 1.105232943195738926e+01 1.175061023574484764e+01 1.175195938567546783e+01 1.280339572226738376e+01 1.280420882550920503e+01 1.524550047435924505e+01 1.524765002530567592e+01 1.781032850619393315e+01 1.781045023856476917e+01 2.292243432647520152e+01 2.292351368876542139e+01
3.039539676422231985e-03 -1.304989087459883061e-02 1.012768106801459692e-02 1.208039060982257495e-01 1.220322831510728956e-01 1.926703283271609390e-01 1.989026663776472803e-01 3.058725094939015676e+00 3.059084462383156122e+00 4.274600442354956620e+00 4.274848242712016244e+00 7.107274261814370497e+00 7.107762895514365908e+00 8.488153115557885542e+00 8.488363383803443796e+00 8.830371995230047233e+00 8.839822049270029680e+00 1.039847945928931949e+01 1.039900921341726381e+01 1.105139086460813758e+01 1.105233831677295697e+01 1.175089602105389730e+01 1.175223671784649149e+01 1.280354915258187098e+01 1.280435877604772799e+01 1.524512000651337473e+01 1.524726096587892599e+01 1.780984708672459149e+01 1.780996855422668190e+01 2.292270020931211860e+01 2.292377585374325122e+01
4.559309514633348194e-03 -1.395363958914199592e-02 1.471359956126738928e-02 1.819426619933335043e-01 1.829738046581717847e-01 2.907177587024524779e-01 2.968164724973783586e-01 3.059761211501153433e+00 3.060114826367698715e+00 4.276498958253896809e+00 4.276743630531896656e+00 7.107553196222564651e+00 7.108041325846842007e+00 8.489495953375785220e+00 8.489732965861406910e+00 8.828866833092044786e+00 8.838228732993860248e+00 1.039804013959964735e+01 1.039856493614705535e+01 1.105140562016093320e+01 1.105235184139174542e+01 1.175137320259832308e+01 1.175269990646794405e+01 1.280380352137923161e+01 1.280460736719770942e+01 1.524448593396608764e+01 1.524661263551867307e+01 1.780904389808494059e+01 1.780916492640653104e+01 2.292314297924662725e+01 2.292421244566935457e+01
6.079079352844464837e-03 -1.327657671676028828e-02 1.924120360500804205e-02 2.429008517074331686e-01 2.438492320281077375e-01 3.884918796691297360e-01 3.945033364202907289e-01 3.061212136062687161e+00 3.061557804390349080e+00 4.279156133667245676e+00 4.279396480212573017e+00 7.107940426966233183e+00 7.108427642114310885e+00 8.491372569228371248e+00 8.491647103818959152e+00 8.826772113850378076e+00 8.836010931399355783e+00 1.039742933591405105e+01 1.039794727817542253e+01 1.105142372532737127e+01 1.105236810264858960e+01 1.175204307659479142e+01 1.175335038979717694e+01 1.280415680968006420e+01 1.280495261282698038e+01 1.524359832224381073e+01 1.524570519140662128e+01 1.780791771180650329e+01 1.780803812999554836e+01 2.292376208520721903e+01 2.292482294101869655e+01
7.598849191055581480e-03 -9.546100454400435753e-03 2.423539480962875331e-02 3.037441657002070139e-01 3.046476951524721422e-01 4.859790107909881529e-01 4.919064062004909754e-01 3.063078264077324420e+00 3.063413898304191196e+00 4.282571233872150884e+00 4.282806110124007581e+00 7.108432711401141191e+00 7.108918412719991586e+00 8.493779107976731524e+00 8.494102048208787892e+00 8.824100779245652504e+00 8.833181893171040855e+00 1.039665124518961825e+01 1.039716052141035085e+01 1.105144267383620971e+01 1.105238447965182758e+01 1.175290743218635292e+01 1.175419015301715575e+01 1.280460619809309186e+01 1.280539173928638341e+01 1.524245727251656923e+01 1.524453886188276464e+01 1.780646681964455169e+01 1.780658646137044698e+01 2.292455675791782355e+01 2.292560660890318758e+01
9.118619029266696388e-03 9.541959848582880210e-03 2.996025867833529768e-02 3.644822142464583803e-01 3.653561791027632455e-01 5.831281685240271573e-01 5.889640780917777541e-01 3.065360153800446241e+00 3.065683802279690617e+00 4.286743331143545888e+00 4.286971660133328754e+00 7.109025930231936741e+00 7.109509301247974200e+00 8.496709857112211495e+00 8.497092259403441261e+00 8.820870134171494570e+00 8.829759278709966352e+00 1.039571119706259417e+01 1.039621010275375035e+01 1.105145930902221352e+01 1.105239767651246829e+01 1.175396852610602849e+01 1.175522170013604040e+01 1.280514807390014909e+01 1.280592119224895598e+01 1.524106293095556630e+01 1.524311395467319663e+01 1.780468904513320183e+01 1.780480774986821757e+01 2.292552601208937091e+01 2.292656251308649829e+01
1.063838886747781390e-02 2.016996891236374351e-02 3.656351960259185407e-02 4.251091323389575294e-01 4.259602955159472737e-01 6.798787583186260974e-01 6.856123432672907025e-01 3.068058565683989602e+00 3.068368441671911029e+00 4.291671316742319497e+00 4.291892103135514169e+00 7.109715124844701251e+00 7.110195119369430827e+00 8.500156595865506759e+00 8.500609786261778211e+00 8.817102431333129431e+00 8.825765713200771856e+00 1.039461560502071613e+01 1.039510256381978337e+01 1.105146987217131915e+01 1.105240377614826208e+01 1.175522905043103883e+01 1.175644801826283725e+01 1.280577804003609899e+01 1.280653664537153880e+01 1.523941550065621442e+01 1.524143086738532205e+01 1.780258175836216950e+01 1.780269937246216472e+01 2.292666864919154435e+01 2.292768951452916326e+01
1.215815870568892967e-02 2.997878662396254168e-02 4.412462364987956159e-02 4.856135123987135316e-01 4.864448638164353689e-01 7.761666946991453431e-01 7.817859510918375721e-01 3.071174512899528253e+00 3.071469023063832182e+00 4.297353914783963447e+00 4.297566258421757546e+00 7.110494542489992575e+00 7.110969887791714683e+00 8.504107693595909012e+00 8.504643402962635435e+00 8.812825693361231671e+00 8.821229567702950192e+00 1.039337190783587239e+01 1.039384549060302021e+01 1.105147006054933634e+01 1.105239830435075632e+01 1.175669209369007362e+01 1.175787253457702874e+01 1.280649092587696636e+01 1.280723301069076214e+01 1.523751525604522783e+01 1.523949010020717232e+01 1.780014189391535240e+01 1.780025827158126006e+01 2.292798326077185322e+01 2.292898627443148030e+01
1.367792854390004545e-02 4.018603855105018496e-02 5.268150077334252113e-02 5.459815998468162679e-01 5.467942515541333037e-01 8.719262523102693230e-01 8.774188942265453983e-01 3.074709324583753123e+00 3.074987097200430952e+00 4.303789697509547985e+00 4.303992806456169440e+00 7.111357688643829000e+00 7.111826903594139715e+00 8.508546874435459983e+00 8.509177422125880241e+00 8.808074856188621737e+00 8.816186050941274388e+00 1.039198850190668644e+01 1.039244744375007379e+01 1.105145509443245189e+01 1.105237630315881248e+01 1.175836109565991272e+01 1.175949906639500853e+01 1.280728079974140066e+01 1.280800445065745663e+01 1.523536255967192865e+01 1.523729227073238768e+01 1.779736597189864966e+01 1.779748097600275969e+01 2.292946823228261977e+01 2.293045125773538828e+01
1.519769838211116296e-02 5.107715977349191333e-02 6.224732629072402684e-02 6.061985257989839226e-01 6.069925680295693571e-01 9.670907281545960688e-01 9.724446028396821484e-01 3.078664723860968788e+00 3.078924637031049460e+00 4.310977101386459509e+00 4.311170304558241462e+00 7.112297385577336151e+00 7.112758812315271406e+00 8.513451529656570926e+00 8.514190066230003850e+00 8.802893353101028495e+00 8.810678730621686938e+00 1.039047466526392682e+01 1.039091788018896700e+01 1.105141979230769955e+01 1.105233241245193732e+01 1.176023979626684302e+01 1.176133176482590059e+01 1.280814098300864323e+01 1.280884439171184042e+01 1.523295788126481298e+01 1.523483813081640115e+01 1.779425012197172506e+01 1.779436362473555633e+01 2.293112174737117570e+01 2.293208273704132338e+01
1.671746822032227700e-02 6.276163752539927476e-02 7.282080595074838514e-02 6.662488501422366705e-01 6.670237778730355727e-01 1.061592688499277237e+00 1.066796004198477643e+00 3.083042923266356095e+00 3.083284133696098550e+00 4.318914443367400047e+00 4.319097202917811629e+00 7.113305835905161523e+00 7.113757683210134353e+00 8.518790410755018527e+00 8.519651229059379105e+00 8.797335307403612248e+00 8.804761653423319956e+00 1.038884047408754796e+01 1.038926706696272539e+01 1.105135865326078104e+01 1.105226095855983459e+01 1.176233217909313389e+01 1.176337505260350724e+01 1.280906406576025880e+01 1.280974553930676940e+01 1.523030181891560630e+01 1.523212858535325331e+01 1.779079011028562718e+01 1.779090199379936266e+01 2.293294179258440124e+01 2.293387879689206343e+01
1.823723805853339278e-02 7.528828754250399546e-02 8.439224852740942473e-02 7.261168272603621965e-01 7.268717713815602277e-01 1.155364040983416052e+00 1.160405510138509788e+00 3.087846740912022270e+00 3.088068714058070707e+00 4.327599936532993574e+00 4.327771860299801432e+00 7.114374689682810171e+00 7.114815086163505775e+00 8.524520472646390346e+00 8.525519390806262976e+00 8.791468565255915024e+00 8.798502300951257737e+00 1.038709671267267609e+01 1.038750598819674842e+01 1.105126594542436536e+01 1.105215604858082834e+01 1.176464241007560041e+01 1.176563355677617650e+01 1.281004192386458129e+01 1.281069989429875378e+01 1.522739512223379776e+01 1.522916471284538176e+01 1.778698136921603989e+01 1.778709152579327579e+01 2.293492616243471716e+01 2.293583733837177618e+01
1.975700789674451202e-02 8.867856529409684496e-02 9.694705347027109121e-02 7.857865482423697090e-01 7.865204111624536365e-01 1.248336017391278974e+00 1.253204957418691423e+00 3.093079741668749882e+00 3.093282284312197650e+00 4.337031704238129670e+00 4.337192558726287395e+00 7.115495113493232715e+00 7.115922168821570359e+00 8.530582560329515118e+00 8.531737364193922701e+00 8.785378876258308267e+00 8.791985705193685163e+00 1.038525477786053663e+01 1.038564624620292776e+01 1.105113579922780254e+01 1.105201166901141541e+01 1.176717477206979723e+01 1.176811203702976272e+01 1.281106573744108346e+01 1.281169877064603924e+01 1.522423871729433209e+01 1.522594778762046630e+01 1.778281902977006723e+01 1.778292736213542824e+01 2.293707246477217510e+01 2.293795608396625596e+01
2.127677773495562780e-02 1.029393824723225520e-01 1.104676868582439020e-01 8.452420236041437995e-01 8.459535655964171008e-01 1.340439098931057726e+00 1.345125509590166635e+00 3.098746408890780124e+00 3.098929705325453643e+00 4.347207791782637720e+00 4.347357516346795236e+00 7.116657859904182537e+00 7.117069732592681497e+00 8.536895561346579342e+00 8.538226456412951748e+00 8.779175600352031594e+00 8.785320139574645637e+00 1.038332657901950817e+01 1.038369995778795740e+01 1.105096230407431257e+01 1.105182178721335795e+01 1.176993359603541123e+01 1.177081531050593632e+01 1.281212601066709311e+01 1.281273281437965395e+01 1.522083373318144695e+01 1.522247930353092116e+01 1.777829795653282474e+01 1.777840437784414718e+01 2.293937812640584895e+01 2.294023258262903298e+01
2.279654757316674010e-02 1.180689916187087213e-01 1.249347997229209584e-01 9.044672356033853777e-01 9.051551349404858282e-01 1.431602894211936539e+00 1.436097520768325309e+00 3.104852353989921987e+00 3.105017006586587414e+00 4.358126174549812326e+00 4.358264897605987009e+00 7.117853335683247629e+00 7.118248306271286019e+00 8.543348636062066959e+00 8.544878578887820098e+00 8.772999329829216819e+00 8.778644854418651278e+00 1.038132443471760880e+01 1.038167964688881462e+01 1.105073960698008051e+01 1.105158045418653856e+01 1.177292318967152873e+01 1.177374817405423890e+01 1.281321259292138848e+01 1.281379202384717253e+01 1.521718152991099338e+01 1.521876099895217216e+01 1.777341278500890098e+01 1.777351721871988843e+01 2.294184039891698390e+01 2.294266421499791520e+01
2.431631741137785935e-02 1.340600463923104224e-01 1.403278679689612396e-01 9.634461743212495710e-01 9.641090734007862206e-01 1.521755969692322408e+00 1.526050356617838499e+00 3.111404573846611843e+00 3.111551646812679817e+00 4.369784761544608820e+00 4.369912819655421998e+00 7.119071667226564593e+00 7.119448216159341314e+00 8.549791330676596246e+00 8.551545953776335196e+00 8.767031622256499901e+00 8.772140208688929519e+00 1.037926096726956970e+01 1.037959813470798309e+01 1.105046201164483222e+01 1.105128190707818092e+01 1.177614776438975497e+01 1.177691532491632387e+01 1.281431470129690275e+01 1.281486577126887738e+01 1.521328372749241176e+01 1.521479488287521953e+01 1.776815796120348878e+01 1.776826034077678784e+01 2.294445636460667970e+01 2.294524819870698096e+01
2.583608724958897512e-02 1.509013515398904826e-01 1.566255675965087524e-01 1.022162864826474893e+00 1.022799409148126060e+00 1.610825626053839388e+00 1.614912163857867400e+00 3.118411770248419312e+00 3.118542829954344064e+00 4.382181393394042779e+00 4.382299353655565888e+00 7.120302761795373137e+00 7.120659651682367475e+00 8.556022084183853238e+00 8.558028658985797676e+00 8.761506333701225557e+00 8.766039956898673324e+00 1.037714899636531918e+01 1.037746842856664564e+01 1.105012407638890792e+01 1.105092066984599519e+01 1.177961136155408006e+01 1.178032128088010033e+01 1.281542094455818592e+01 1.281594282569161614e+01 1.520914223587048753e+01 1.521058326186822462e+01 1.776252778327741666e+01 1.776262805176204651e+01 2.294722294252324701e+01 2.294798159374199287e+01
2.735585708780008743e-02 1.685789429286098373e-01 1.738060038508682237e-01 1.080601389365325238e+00 1.081210263489956969e+00 1.698737608964728141e+00 1.702609575687457522e+00 3.125884751896375935e+00 3.126001885219483967e+00 4.395313834277261300e+00 4.395422519054731580e+00 7.121536363391768099e+00 7.121872725587762964e+00 8.561777404742317188e+00 8.564061917275214597e+00 8.756720277242452610e+00 8.760643786224843410e+00 1.037500143298798783e+01 1.037530361073947383e+01 1.104972070939030893e+01 1.105049165050778193e+01 1.178331777893474275e+01 1.178397030095523945e+01 1.281651934866679632e+01 1.281701137747655395e+01 1.520475928546533950e+01 1.520612876766030119e+01 1.775651644510141480e+01 1.775661455459181326e+01 2.295013689451541339e+01 2.295086130778886968e+01
2.887562692601120667e-02 1.870767977410663918e-01 1.918468595758649753e-01 1.138745906753109605e+00 1.139325869974265659e+00 1.785415737792591440e+00 1.789067336179840373e+00 3.133836947169304832e+00 3.133942719947034217e+00 4.409179758064304622e+00 4.409280267987917057e+00 7.122762102509746285e+00 7.123077527789876129e+00 8.566727393799114409e+00 8.569308563568331039e+00 8.753037528717769078e+00 8.756324670226042883e+00 1.037283117480597383e+01 1.037311672858377776e+01 1.104924725968764321e+01 1.104999023345614795e+01 1.178727049831458551e+01 1.178786630760572862e+01 1.281759738404877069e+01 1.281805906451151600e+01 1.520013745800710225e+01 1.520143438507835576e+01 1.775011808152580883e+01 1.775021399252288035e+01 2.295319483126262128e+01 2.295388410153070069e+01
3.039539676422232245e-02 2.063773271271295007e-01 2.107254984569374989e-01 1.196580670155146464e+00 1.197130593953093847e+00 1.870781430374691912e+00 1.874207821560796683e+00 3.142285058995936797e+00 3.142382360805287878e+00 4.423776730066448337e+00 4.423870455719680628e+00 7.123969539705864662e+00 7.124264171642765042e+00 8.570487836385769498e+00 8.573367493574741260e+00 8.750877161376822144e+00 8.753520236555665690e+00 1.037065100417265384e+01 1.037092068732894568e+01 1.104869960248139371e+01 1.104941236539568372e+01 1.179147261514978950e+01 1.179201281152857206e+01 1.281864199483149314e+01 1.281907300039704012e+01 1.519527971734009952e+01 1.519650348004611473e+01 1.774332681517394050e+01 1.774342049587068360e+01 2.295639321823652068e+01 2.295704659385248902e+01
3.191516660243343823e-02 2.264617336619057508e-01 2.304190424926780556e-01 1.254090043840954127e+00 1.254608952995506010e+00 1.954753095601453605e+00 1.957950430157408661e+00 3.151249880994086983e+00 3.151341622957479771e+00 4.439102186359420443e+00 4.439190792454804857e+00 7.125148204157484066e+00 7.125422830651307216e+00 8.572660657279305596e+00 8.575812361285059637e+00 8.750672609577648586e+00 8.752693881636869122e+00 1.036847348979390837e+01 1.036872814694696565e+01 1.104807421736584772e+01 1.104875463357266696e+01 1.179592677111868504e+01 1.179641283988726208e+01 1.281963963033085108e+01 1.282003980491586681e+01 1.519018943984935532e+01 1.519133982733213095e+01 1.773613680456038111e+01 1.773622823007631766e+01 2.295972838155310214e+01 2.296034526691971323e+01
3.343493644064455400e-02 2.473102804865923710e-01 2.509044340242023163e-01 1.311258519085415353e+00 1.311745638479706155e+00 2.037245358203783940e+00 2.040210805645811032e+00 3.160757269531503599e+00 3.160845985469950215e+00 4.455153410538050807e+00 4.455238773976801347e+00 7.126287630311369803e+00 7.126543762162863338e+00 8.572904602667639651e+00 8.576266418669918679e+00 8.752800801301290790e+00 8.754259739731777401e+00 1.036631089303882014e+01 1.036655142456901224e+01 1.104736825825393964e+01 1.104801433511231679e+01 1.180063509029559299e+01 1.180106886879731221e+01 1.282057627912226216e+01 1.282094563715880575e+01 1.518487044414071363e+01 1.518594763771215206e+01 1.772854229332826748e+01 1.772863144491792653e+01 2.296319651368076720e+01 2.296377647110407239e+01
3.495470627885566978e-02 2.689024999703054641e-01 2.721584876824694743e-01 1.368070729073172620e+00 1.368525538689184362e+00 2.118168071992272861e+00 2.120899850331079417e+00 3.170839269986535314e+00 3.170926763255469183e+00 4.471927501269507665e+00 4.472011595198464917e+00 7.127377398152303201e+00 7.127617312619173973e+00 8.571013351705103034e+00 8.574492032085471394e+00 8.757503853687570228e+00 8.758492973348646515e+00 1.036417507979412989e+01 1.036440240392722423e+01 1.104657961391271215e+01 1.104718953645414814e+01 1.180559911956081542e+01 1.180598276071918384e+01 1.282143750607830412e+01 1.282177623174536052e+01 1.517932701958519637e+01 1.518033158419095585e+01 1.772053766039478617e+01 1.772062452465559801e+01 2.296679367897357338e+01 2.296733642973660494e+01
3.647447611706678555e-02 2.912173590382877708e-01 2.941579349181568936e-01 1.424511462392068051e+00 1.424933763766573547e+00 2.197425069793944363e+00 2.199922477533656551e+00 3.181535455107181054e+00 3.181622621419147201e+00 4.489421316556750696e+00 4.489506058425695834e+00 7.128407183979771133e+00 7.128633898036425443e+00 8.566958914053055096e+00 8.570446428886532075e+00 8.764845472068916621e+00 8.765473834863968250e+00 1.036207743872508402e+01 1.036229245325917425e+01 1.104570695820280157e+01 1.104627912207911500e+01 1.181081977370808112e+01 1.181115570724673347e+01 1.282220849279814523e+01 1.282251693864662734e+01 1.517356395331786167e+01 1.517449682690945600e+01 1.771211747078876897e+01 1.771220203889360789e+01 2.297051581900637274e+01 2.297102124367929221e+01
3.799424595527790133e-02 3.142333920597112362e-01 3.168794623216887318e-01 1.480565674490079697e+00 1.480955672894829211e+00 2.274912592706370251e+00 2.277176047043331319e+00 3.192894588848688375e+00 3.192981432547839837e+00 4.507631381748024246e+00 4.507718487433437282e+00 7.129366825124186846e+00 7.129583957252600968e+00 8.560874510953146554e+00 8.564268405053072186e+00 8.774727845667111836e+00 8.775100777765908688e+00 1.036002880682683092e+01 1.036023235299324341e+01 1.104474978930154982e+01 1.104528283194909832e+01 1.181629728554081993e+01 1.181658817759179669e+01 1.282287408188510192e+01 1.282315276719368313e+01 1.516758655526327182e+01 1.516844903634646258e+01 1.770327652696090226e+01 1.770335879393998724e+01 2.297435875769117075e+01 2.297482689571439352e+01
3.951401579348901710e-02 3.379288084318030627e-01 3.402997442023698027e-01 1.536218496424864188e+00 1.536576903950302109e+00 2.350517342774669061e+00 2.352548429870970903e+00 3.204976714592855824e+00 3.205062487452949416e+00 4.526553761489390482e+00 4.526644645903761699e+00 7.130246389965800624e+00 7.130457887919552817e+00 8.552993524021756500e+00 8.556210977217050484e+00 8.786952426664695892e+00 8.787157663198428281e+00 1.035803940323799566e+01 1.035823223433441065e+01 1.104370845737570050e+01 1.104420128732791717e+01 1.182203116106428631e+01 1.182227987286364446e+01 1.282341882553908619e+01 1.282366843494372155e+01 1.516140068074300018e+01 1.516219441441067772e+01 1.769400992034382725e+01 1.769408988443995412e+01 2.297831820615858334e+01 2.297874925476444830e+01
4.103378563170013288e-02 3.622815796734333849e-01 3.643954695456208537e-01 1.591455240676636906e+00 1.591783405271819163e+00 2.424114121066175631e+00 2.425915667607382531e+00 3.217855706225280166e+00 3.217939092412394508e+00 4.546183908842040822e+00 4.546279646584943990e+00 7.131036228076874650e+00 7.131245992073983686e+00 8.543583354400645646e+00 8.546565686624195024e+00 8.801285647000169021e+00 8.801389457357615242e+00 1.035611877241805878e+01 1.035630152961533668e+01 1.104258418034051914e+01 1.104303600492470139e+01 1.182802013968878363e+01 1.182822968603391445e+01 1.282382703890552911e+01 1.282404842219271401e+01 1.515501275020677951e+01 1.515573971300784883e+01 1.768431308293797599e+01 1.768439074505861086e+01 2.298238976738831951e+01 2.298278407996989614e+01
4.255355546991124865e-02 3.872695093890045626e-01 3.891433633474989939e-01 1.646261405463485650e+00 1.646561467368169440e+00 2.495563064362076755e+00 2.497139244826811044e+00 3.231622247402163417e+00 3.231701553566677543e+00 4.566516505386353231e+00 4.566617838006036045e+00 7.131726971415310423e+00 7.131938462264972856e+00 8.532900024818976803e+00 8.535610571106346356e+00 8.817503470721412384e+00 8.817554673506576179e+00 1.035427573791638878e+01 1.035444893502012320e+01 1.104137904747401677e+01 1.104178939960368666e+01 1.183426215916572666e+01 1.183443566726928786e+01 1.282408285853012408e+01 1.282427703309693712e+01 1.514842976561943111e+01 1.514909224966194401e+01 1.767418183869846615e+01 1.767425720198802708e+01 2.298656894056708921e+01 2.298692702467057813e+01
4.407332530812235749e-02 4.128702885311095194e-01 4.145202023272946401e-01 1.700622683218075748e+00 1.700897748016973354e+00 2.564706607349024559e+00 2.566063109643834217e+00 3.246387090786493790e+00 3.246460430956205290e+00 4.587545298099145796e+00 4.587652664948592474e+00 7.132309479268951868e+00 7.132525417627891606e+00 8.521166987572042828e+00 8.523586436230973007e+00 8.835413025772112405e+00 8.835448220999568392e+00 1.035251836802717662e+01 1.035268238608675162e+01 1.104009601070939617e+01 1.104046477626449985e+01 1.184075432478982215e+01 1.184089499411331303e+01 1.282417030604660191e+01 1.282433846465743166e+01 1.514165932303210127e+01 1.514225991976646668e+01 1.766361245449867567e+01 1.766368552405459980e+01 2.299085112513898466e+01 2.299117364036706235e+01
4.559309514633347327e-02 4.390615377910641048e-01 4.405028251028480502e-01 1.754524986853256863e+00 1.754779276086630313e+00 2.631366518122831621e+00 2.632510803593144821e+00 3.262284232670690898e+00 3.262349712462080387e+00 4.609262932424988968e+00 4.609376506820428432e+00 7.132774750964061106e+00 7.132996968093020307e+00 8.508570350159150308e+00 8.510692090944539601e+00 8.854863860239994722e+00 8.854899239898415431e+00 1.035085395459463697e+01 1.035100904629304530e+01 1.103873886333532894e+01 1.103906631197275701e+01 1.184749288222250740e+01 1.184760394581046228e+01 1.282407335674213122e+01 1.282421688536150839e+01 1.513470962087208704e+01 1.513525120504121979e+01 1.765260169044837113e+01 1.765267247320560173e+01 2.299523162447887970e+01 2.299551938078271718e+01
4.711286498454458904e-02 4.658208385382980876e-01 4.670681370384223707e-01 1.807954516428659453e+00 1.808193410278999158e+00 2.695341740627692939e+00 2.696283457822772789e+00 3.279473250328399203e+00 3.279529162586031443e+00 4.631660779848645326e+00 4.631780500987010107e+00 7.133113841323438287e+00 7.133343273989783739e+00 8.495262110668271305e+00 8.497088556031894058e+00 8.875737664953463835e+00 8.875773479793100051e+00 1.034928900610371905e+01 1.034943530903872677e+01 1.103731220545280856e+01 1.103759903014156407e+01 1.185447319312847902e+01 1.185455788089564599e+01 1.282377601163681646e+01 1.282389652632793897e+01 1.512758946350788669e+01 1.512807517776696464e+01 1.764114684934783028e+01 1.764121535415758757e+01 2.299970564904970871e+01 2.299995960623101610e+01
4.863263482275570482e-02 4.931257534241906826e-01 4.941931101617508815e-01 1.860897884447413553e+00 1.861127733219785307e+00 2.756408372374805626e+00 2.757160030747821455e+00 3.298139429472935369e+00 3.298184506214303813e+00 4.654728760241992447e+00 4.654854358103440504e+00 7.133317800132798148e+00 7.133554582014383527e+00 8.481366040252556360e+00 8.482906050490754524e+00 8.897937135207820702e+00 8.897971108727332989e+00 1.034782925599651016e+01 1.034796681343051183e+01 1.103582139458427491e+01 1.103606876980952478e+01 1.186168971267095351e+01 1.186175121702360791e+01 1.282326236971572619e+01 1.282336178983027786e+01 1.512030825969680592e+01 1.512074150035473963e+01 1.762924582506400739e+01 1.762931206299456122e+01 2.300426831875412148e+01 2.300448958865179705e+01
5.015240466096682059e-02 5.209538374576746511e-01 5.218547788121999931e-01 1.913342277503332411e+00 1.913569901684368135e+00 2.814323858127570688e+00 2.814901977871830496e+00 3.318489434406687977e+00 3.318523412522194960e+00 4.678455161807097973e+00 4.678586175959394744e+00 7.133377638195804948e+00 7.133621237129536219e+00 8.466983608347137036e+00 8.468250895453799387e+00 8.921384316999729336e+00 8.921415072860387596e+00 1.034647968694133802e+01 1.034660847441865172e+01 1.103427247773445785e+01 1.103448215539591892e+01 1.186913596778238578e+01 1.186917741188959674e+01 1.282251669370154623e+01 1.282259738333964094e+01 1.511287601562440308e+01 1.511326041975647883e+01 1.761689714962179920e+01 1.761696113451059986e+01 2.300891466386413953e+01 2.300910451801658496e+01
5.167217449917793637e-02 5.492826398959951284e-01 5.500302321595147426e-01 1.965275568503726422e+00 1.965507537089372647e+00 2.868838076318875441e+00 2.869265306848831187e+00 3.340739168474943011e+00 3.340764988951284042e+00 4.702826463521891043e+00 4.702962258215710456e+00 7.133284313114391040e+00 7.133533679280658291e+00 8.452198946593735940e+00 8.453211389929736086e+00 8.946016540013877361e+00 8.946043855754940211e+00 1.034524457159679578e+01 1.034536452799038209e+01 1.103267209701381191e+01 1.103284657668913660e+01 1.187680453499861954e+01 1.187682894401199718e+01 1.282152346207139715e+01 1.282158848791378780e+01 1.510530332244071161e+01 1.510564275610150098e+01 1.760410003881158048e+01 1.760416178809905929e+01 2.301363962315959455e+01 2.301379951156130588e+01
5.319194433738905214e-02 5.780896963056308957e-01 5.786966057569471467e-01 2.016686291388805952e+00 2.016928242541038863e+00 2.919713743442853282e+00 2.920022920102492314e+00 3.365091159483044159e+00 3.365120108981926261e+00 4.727827166467705844e+00 4.727966944662296278e+00 7.133028727290625426e+00 7.133282434286845941e+00 8.437082530858708296e+00 8.437862644024004766e+00 8.971781985934887516e+00 8.971806925007930644e+00 1.034412753028420973e+01 1.034423859228467180e+01 1.103102735449068916e+01 1.103117019540424337e+01 1.188468701629692603e+01 1.188469729232640759e+01 1.282026742952725584e+01 1.282032094024129343e+01 1.509760133855099262e+01 1.509789988468313915e+01 1.759085443612447719e+01 1.759091397199927087e+01 2.301843803606449157e+01 2.301856962915237048e+01
5.471171417560016098e-02 6.073525075162659048e-01 6.078310769518050494e-01 2.067563489803155186e+00 2.067819733047142172e+00 2.966757510715074542e+00 2.966996955417342541e+00 3.391708031597303385e+00 3.391754912454266524e+00 4.753439641360613699e+00 4.753582459993636711e+00 7.132601733365290464e+00 7.132858105347865241e+00 8.421693312697939859e+00 8.422270904690806859e+00 8.998636127192261469e+00 8.998661365859419448e+00 1.034313160592108360e+01 1.034323374566042730e+01 1.102934562382501227e+01 1.102946199284737538e+01 1.189277289221215206e+01 1.189277403257445975e+01 1.281873385733863380e+01 1.281878126841364818e+01 1.508978176751247879e+01 1.509004370994312438e+01 1.757716105483947544e+01 1.757721840572148508e+01 2.302330462074617401e+01 2.302340990291699541e+01
5.623148401381127676e-02 6.370484939822244064e-01 6.374108772193521899e-01 2.117896537622018904e+00 2.118169978912185503e+00 3.009864035318947195e+00 3.010090254708004398e+00 3.420676180350031181e+00 3.420751934013557261e+00 4.779644000078691946e+00 4.779788788330174398e+00 7.131994144942368941e+00 7.132251368756490351e+00 8.406078566610004188e+00 8.406498522789275896e+00 9.026539453677106195e+00 9.026568869898358827e+00 1.034225935658236750e+01 1.034235262294287594e+01 1.102763437363960008e+01 1.102773179586877461e+01 1.190104519667548644e+01 1.190105510319784088e+01 1.281690917547117436e+01 1.281695632096273130e+01 1.508185683324917115e+01 1.508208662938046629e+01 1.756302141810029838e+01 1.756307662047989382e+01 2.302823391693694788e+01 2.302831540247498765e+01
5.775125385202239253e-02 6.671548831440350380e-01 6.674133654049316799e-01 2.167675007130376308e+00 2.167967284291855368e+00 3.049060117288874494e+00 3.049308980508568911e+00 3.451967696291756926e+00 3.452081688869527820e+00 4.806417998971694416e+00 4.806563580631907584e+00 7.131196752059383748e+00 7.131452975563849606e+00 8.390272158216889764e+00 8.390609248043784163e+00 9.055455932453087442e+00 9.055493242279215593e+00 1.034151296617600480e+01 1.034159753128590609e+01 1.102590137360065903e+01 1.102598991228383341e+01 1.190950247780770610e+01 1.190951877358301658e+01 1.281478158573543880e+01 1.281483298132632420e+01 1.507383925517507350e+01 1.507404148459747972e+01 1.754843789683728161e+01 1.754849099747394092e+01 2.303322013896111997e+01 2.303328139038324096e+01
5.927102369023350831e-02 6.976483394953022499e-01 6.978163537335964062e-01 2.216888592744099551e+00 2.217200290641424321e+00 3.084509825404167405e+00 3.084788610640854856e+00 3.485425757179964279e+00 3.485586329097997815e+00 4.833736981229921348e+00 4.833882101641814977e+00 7.130200341615272386e+00 7.130453759957397608e+00 8.374306863925214728e+00 8.374658540083398606e+00 9.085351155430489101e+00 9.085399153075760736e+00 1.034089437406586676e+01 1.034097058723533635e+01 1.102415570435065284e+01 1.102424595675582175e+01 1.191813193830573425e+01 1.191815241803485037e+01 1.281234075084208079e+01 1.281239882418565479e+01 1.506574222574367283e+01 1.506592149695342009e+01 1.753341374540914188e+01 1.753346480386737127e+01 2.303825686218213065e+01 2.303830364466768899e+01
6.079079352844462408e-02 7.285032166858448344e-01 7.285998087736361706e-01 2.265527063639013683e+00 2.265857929151531280e+00 3.116492486673354545e+00 3.116794138811537884e+00 3.520776311418182036e+00 3.520989835108941701e+00 4.861573864552957147e+00 4.861717222004418026e+00 7.128995723218948477e+00 7.129244654622874044e+00 8.358238851776793155e+00 8.358671029058436730e+00 9.116190721960103716e+00 9.116251340787629331e+00 1.034040542540576624e+01 1.034047387634307213e+01 1.102240831988700265e+01 1.102250812064925611e+01 1.192691959079901309e+01 1.192694225707464994e+01 1.280957735268651554e+01 1.280964293159713208e+01 1.505757938997185796e+01 1.505774018847617590e+01 1.751795313486205785e+01 1.751800222632229520e+01 2.304333698402268737e+01 2.304337850737305970e+01
6.231056336665573986e-02 7.596839428435661068e-01 7.597534176096149006e-01 2.313580219610134936e+00 2.313929345119541292e+00 3.145369899096766453e+00 3.145683467732652616e+00 3.557662738152388648e+00 3.557932704056361750e+00 4.889899178809135272e+00 4.890039459728281024e+00 7.127573760938560099e+00 7.127816713108767743e+00 8.342127638580151938e+00 8.342661990740811717e+00 9.147939215155096448e+00 9.148013725897181203e+00 1.034004804630057350e+01 1.034010963528007743e+01 1.102067086701103449e+01 1.102078418328366638e+01 1.193585020907448246e+01 1.193587328210339393e+01 1.280648319740146235e+01 1.280655619252383559e+01 1.504936481910525359e+01 1.504951129628921613e+01 1.750206118372887332e+01 1.750210840195230588e+01 2.304845467228421896e+01 2.304850094647811432e+01
6.383033320486684870e-02 7.911600465233837864e-01 7.912615131541866909e-01 2.361037835456256229e+00 2.361403806004947814e+00 3.171543545790559193e+00 3.171858601471824635e+00 3.595691286699608913e+00 3.596017945958599693e+00 4.918681156372607610e+00 4.918817073255260297e+00 7.125925411366537787e+00 7.126161139043433401e+00 8.326019041613653471e+00 8.326655449201441073e+00 9.180559469144311535e+00 9.180648600741186272e+00 1.033982445292077124e+01 1.033988045265576794e+01 1.101895454666581209e+01 1.101908248176561145e+01 1.194490725484738824e+01 1.194492918067978415e+01 1.280305155154615981e+01 1.280313140241199044e+01 1.504111296211601001e+01 1.504124869753119143e+01 1.748574398631962623e+01 1.748578944656453871e+01 2.305360652545559219e+01 2.305366340655014668e+01
6.535010304307796447e-02 8.229302600852035354e-01 8.230789230006889667e-01 2.407889587286819566e+00 2.408270596527991358e+00 3.195413705227821310e+00 3.195721831422028814e+00 3.634473012467522857e+00 3.634853584973635865e+00 4.947885875478704065e+00 4.948016206171371500e+00 7.124041768345297676e+00 7.124269321891611995e+00 8.309950098834665511e+00 8.310680028606149961e+00 9.214011958536833191e+00 9.214115961506870178e+00 1.033973741062788143e+01 1.033978947949104743e+01 1.101726993895818829e+01 1.101741191953743915e+01 1.195407278961934416e+01 1.195409224981402119e+01 1.279927747582148712e+01 1.279936339727047923e+01 1.503283855951778847e+01 1.503296636120407115e+01 1.746900863848194874e+01 1.746905248006661893e+01 2.305878899086278722e+01 2.305885840233826301e+01
6.686987288128908025e-02 8.549801324074974840e-01 8.551733109559147561e-01 2.454124957952672048e+00 2.454518899992717884e+00 3.217350137296441925e+00 3.217645169388165804e+00 3.673653357991879087e+00 3.674082593719184775e+00 4.977477454407952528e+00 4.977601081198028687e+00 7.121914114656063610e+00 7.122132878742785778e+00 8.293953431312944602e+00 8.294765149902548984e+00 9.248254263284248822e+00 9.248372949447157154e+00 1.033979055829892424e+01 1.033984064333516173e+01 1.101562713786456627e+01 1.101578166951172122e+01 1.196332736766141736e+01 1.196334329825056031e+01 1.279515813089459186e+01 1.279524924829043364e+01 1.502455652066266900e+01 1.502467832696366656e+01 1.745186326083253903e+01 1.745190564892633844e+01 2.306399746544934004e+01 2.306407943055292975e+01
6.838964271950019602e-02 8.872877593010767283e-01 8.875194037598533869e-01 2.499733119997604724e+00 2.500137663326113202e+00 3.237676501573934829e+00 3.237954276983659785e+00 3.712927692646242228e+00 3.713398557250730647e+00 5.007418291786223996e+00 5.007534238721293995e+00 7.119533980957468700e+00 7.119743701395480073e+00 8.278058998390598333e+00 8.278939672773651282e+00 9.283240584827137099e+00 9.283373360926722384e+00 1.033998878692767498e+01 1.034003888892767087e+01 1.101403583952942178e+01 1.101420092968236553e+01 1.197264989689034920e+01 1.197266154813782357e+01 1.279069307295450031e+01 1.279078849968754916e+01 1.501628178598791408e+01 1.501639869081900258e+01 1.743431701947076107e+01 1.743435814559665786e+01 2.306922677288192247e+01 2.306932050616055818e+01
6.990941255771131180e-02 9.198296495211860657e-01 9.200930857691730358e-01 2.544702794517730293e+00 2.545115442678393514e+00 3.256665811109818343e+00 3.256923784493259699e+00 3.752045685992334345e+00 3.752550016804270250e+00 5.037669345974905788e+00 5.037776812943153715e+00 7.116893212227614285e+00 7.117094007779796172e+00 8.262294807782074813e+00 8.263231458261715900e+00 9.318921290988347650e+00 9.319067193479675382e+00 1.034033862670404247e+01 1.034039050676290294e+01 1.101250535920420148e+01 1.101267875789548079e+01 1.198201738994085019e+01 1.198202461124429874e+01 1.278588455226185694e+01 1.278598343635303181e+01 1.500802919954529102e+01 1.500814157408540339e+01 1.741638014417116054e+01 1.741642022486518471e+01 2.307447148882966559e+01 2.307457585135078659e+01
7.142918239592242757e-02 9.525817342105882268e-01 9.528703542467734655e-01 2.589022083804918939e+00 2.589440226070384377e+00 3.274542820781696673e+00 3.274779695967285242e+00 3.790808689103744022e+00 3.791337749792839329e+00 5.068190444613012602e+00 5.068288836951178489e+00 7.113984041801685088e+00 7.114176396651322953e+00 8.246687237084264765e+00 8.247667223782755741e+00 9.355242466544625657e+00 9.355400200027991886e+00 1.034084862052548281e+01 1.034090359169721474e+01 1.101104460883144398e+01 1.101122395543182364e+01 1.199140407032994382e+01 1.199140907280310842e+01 1.278073782119195023e+01 1.278083937399903469e+01 1.499981340369949123e+01 1.499992106560893568e+01 1.739806394400887157e+01 1.739810321716363006e+01 2.307972607645585228e+01 2.307983977512833107e+01
7.294895223413354335e-02 9.855195796612640224e-01 9.858270756310739680e-01 2.632678274908419880e+00 2.633099229174207245e+00 3.291489847018543191e+00 3.291705276512960410e+00 3.829063665456546861e+00 3.829608582603977851e+00 5.098940614019038087e+00 5.099029566739122110e+00 7.110799172626380837e+00 7.110983904675410194e+00 8.231261190941101091e+00 8.232272487794292104e+00 9.392145445380224444e+00 9.392313425090655699e+00 1.034152973533675635e+01 1.034158860598480523e+01 1.100966205793987918e+01 1.100984497831377595e+01 1.200078161092288376e+01 1.200078990459720352e+01 1.277526145421692938e+01 1.277536496756432705e+01 1.499164875320889756e+01 1.499175114214886406e+01 1.737938082030272113e+01 1.737941953897014002e+01 2.308498494514500265e+01 2.308510663048018330e+01
7.446872207234465912e-02 1.018618442562855497e+00 1.018938903674211138e+00 2.675657610348122439e+00 2.676078659740484866e+00 3.307653703573005366e+00 3.307848060656205735e+00 3.866696013205433768e+00 3.867248104944187581e+00 5.129878417476784414e+00 5.129957813549958168e+00 7.107331864384811126e+00 7.107510065687375977e+00 8.216040176992763122e+00 8.217071537761913902e+00 9.429566298264420610e+00 9.429742696151340198e+00 1.034239588267011278e+01 1.034245900818796571e+01 1.100836568977684671e+01 1.100854986590387163e+01 1.201012273111531670e+01 1.201013648101397457e+01 1.276946767983824849e+01 1.276957253465777953e+01 1.498354924015443501e+01 1.498364557771365213e+01 1.736034427669418889e+01 1.736038270053317234e+01 2.309024248069255592e+01 2.309037080084757321e+01
7.598849191055577490e-02 1.051853284577488612e+00 1.052181242463291477e+00 2.717945021147509799e+00 2.718363445382645072e+00 3.323152485113122889e+00 3.323326696163731775e+00 3.903622569462517955e+00 3.904173585252810774e+00 5.160962291479336272e+00 5.161032273849156304e+00 7.103576023698470188e+00 7.103748973052400828e+00 8.201046336032968398e+00 8.202087399439921711e+00 9.467435247394620390e+00 9.467618040978448946e+00 1.034346458269083868e+01 1.034353195500166223e+01 1.100716295876935824e+01 1.100734618210426774e+01 1.201939689717262283e+01 1.201941645576953377e+01 1.276337272261392108e+01 1.276347839062318457e+01 1.497552842241551474e+01 1.497561785152588598e+01 1.734096892615475483e+01 1.734100731119395533e+01 2.309549306434901084e+01 2.309562669845182370e+01
7.750826174876689068e-02 1.085198774704803304e+00 1.085529225527076980e+00 2.759523816104001437e+00 2.759936918377439152e+00 3.338081635972847128e+00 3.338237056211060594e+00 3.939785380185272690e+00 3.940327670896043077e+00 5.192150869829507798e+00 5.192211846662286412e+00 7.099526293172459646e+00 7.099695347179204141e+00 8.186300443982366559e+00 8.187341800947157466e+00 9.505675974918993631e+00 9.505862998003538067e+00 1.034475778316651784e+01 1.034482911592975896e+01 1.100606075256721716e+01 1.100624096720364697e+01 1.202857018954042800e+01 1.202859544056056151e+01 1.275699715151836777e+01 1.275710319076906352e+01 1.496759935126662100e+01 1.496768106147974642e+01 1.732127049476833491e+01 1.732130908255249224e+01 2.310073108723226198e+01 2.310086876788471599e+01
7.902803158697800645e-02 1.118629287884062462e+00 1.118957702077681970e+00 2.800375319771749805e+00 2.800780449849383125e+00 3.352519145340166151e+00 3.352657461502651426e+00 3.975146414781630444e+00 3.975673049171642326e+00 5.223403287143826290e+00 5.223455928692370520e+00 7.095178134571536788e+00 7.095344610423027554e+00 8.171821895888829346e+00 8.172855130863155182e+00 9.544204787935198553e+00 9.544393782266602955e+00 1.034630285032191566e+01 1.034637764634088519e+01 1.100506536052804307e+01 1.100524069970402685e+01 1.203760562144264767e+01 1.203763621058113564e+01 1.275036622855367696e+01 1.275047227348547274e+01 1.495977449510459500e+01 1.495984784852103466e+01 1.730126582226567322e+01 1.730130482960639071e+01 2.310595096272436422e+01 2.310609149225783554e+01
8.054780142518912223e-02 1.152118902597992323e+00 1.152441226971046451e+00 2.840478450039859215e+00 2.840873024236222566e+00 3.366529911059409574e+00 3.366653056098250385e+00 4.009683203198524559e+00 4.010188043332976626e+00 5.254679455838058288e+00 5.254724678248079428e+00 7.090527902678675609e+00 7.090692970082821844e+00 8.157628678769702546e+00 8.158646391790114194e+00 9.582929597558184298e+00 9.583118264605959169e+00 1.034813376167052823e+01 1.034821136247236417e+01 1.100418244977695181e+01 1.100435126807609265e+01 1.204646298117882530e+01 1.204649837955739322e+01 1.274351024852116332e+01 1.274361599527047062e+01 1.495206565541326604e+01 1.495213033822399140e+01 1.728097285944840422e+01 1.728101246984401484e+01 2.311114713796814257e+01 2.311128940069111692e+01
8.206757126340023800e-02 1.185641398324002838e+00 1.185954052770927802e+00 2.879809224580904381e+00 2.880190743435564915e+00 3.380169396974776141e+00 3.380279464120865995e+00 4.043385289556868045e+00 4.043863034681240087e+00 5.285940313836323234e+00 5.285979239502182736e+00 7.085572909062991975e+00 7.085737507304496141e+00 8.143737338397500025e+00 8.144733151681323946e+00 9.621748665855614391e+00 9.621934718034163225e+00 1.035029254011645250e+01 1.035037216146006323e+01 1.100341704955767952e+01 1.100357795269883354e+01 1.205509861542181227e+01 1.205513814991740063e+01 1.273646485692656682e+01 1.273657004494157974e+01 1.494448386843389365e+01 1.494454010835424462e+01 1.726041066275946534e+01 1.726045102015815758e+01 2.311631410495585470e+01 2.311645707653285342e+01
8.358734110161135378e-02 1.219170252934401510e+00 1.219470122953914881e+00 2.918340184131178905e+00 2.918706248841544948e+00 3.393486729286151693e+00 3.393585877268778361e+00 4.076251373565458636e+00 4.076697579733433940e+00 5.317148042367674243e+00 5.317181920320668276e+00 7.080311477541356702e+00 7.080476266999610857e+00 8.130162944176548834e+00 8.131131495525629305e+00 9.660549074338860009e+00 9.660730285191389655e+00 1.035283097105600447e+01 1.035291172820588201e+01 1.100277354432965993e+01 1.100292541840222604e+01 1.206346522495545948e+01 1.206350809986995465e+01 1.272927132792467830e+01 1.272937571931898226e+01 1.493703928866333897e+01 1.493708818836814523e+01 1.723959938629395694e+01 1.723964059141027860e+01 2.312144641142302603e+01 2.312158916597174851e+01
8.510711093982246955e-02 1.252678639830097529e+00 1.252963065557684441e+00 2.956039720153550654e+00 2.956388049232887116e+00 3.406527367835348930e+00 3.406617718174139497e+00 4.108287016075912845e+00 4.108698097355657275e+00 5.348266249931976191e+00 5.348296323928375173e+00 7.074742994053897505e+00 7.074908342900490865e+00 8.116919055659177928e+00 8.117855980008863881e+00 9.699204876110661289e+00 9.699379129255504495e+00 1.035581263660997386e+01 1.035589356247528592e+01 1.100225567590261733e+01 1.100239771811798484e+01 1.207151170501744097e+01 1.207155702145368714e+01 1.272197677787251102e+01 1.272208013630037016e+01 1.492974109278387296e+01 1.492978505407090495e+01 1.721856027150056079e+01 1.721860238051185377e+01 2.312653867162648069e+01 2.312668038682583926e+01
8.662688077803358533e-02 1.286139424449939783e+00 1.286406186694590614e+00 2.992871296054317565e+00 2.993199744341666690e+00 3.419335465999507218e+00 3.419419007446426573e+00 4.139502800867878918e+00 4.139876017159672905e+00 5.379260107343270647e+00 5.379287449259755327e+00 7.068867952780307107e+00 7.069033952827346035e+00 8.104017693814245860e+00 8.104919593669853484e+00 9.737574919343266799e+00 9.737740256359851188e+00 1.035931527578002509e+01 1.035939533448800987e+01 1.100186655485397935e+01 1.100199830814792001e+01 1.207918306329017355e+01 1.207922983845391585e+01 1.271463428245425398e+01 1.271473635351402898e+01 1.492259757850745316e+01 1.492264044448006111e+01 1.719731563473753155e+01 1.719735865996068824e+01 2.313158557701897422e+01 2.313172553735441994e+01
8.814665061624468723e-02 1.319525159739909803e+00 1.319772463426680531e+00 3.028792556737221808e+00 3.029099139949039454e+00 3.431956007404378006e+00 3.432034536127615443e+00 4.169912862679989729e+00 4.170246299100091925e+00 5.410096412887239303e+00 5.410121783616628655e+00 7.062687998594346261e+00 7.062854501163041476e+00 8.091469319785293379e+00 8.092333724878178813e+00 9.775500387019190995e+00 9.775655054963708679e+00 1.036343342204719953e+01 1.036351152056103508e+01 1.100160868166588024e+01 1.100173007538201908e+01 1.208642045600221415e+01 1.208646764349314218e+01 1.270730285674232007e+01 1.270740335194690651e+01 1.491561660284454938e+01 1.491566285757065202e+01 1.717588885276004618e+01 1.717593276483740539e+01 2.313658190679557691e+01 2.313671950496969387e+01
8.966642045445580300e-02 1.352808080155218695e+00 1.353034535562460672e+00 3.063754334129687340e+00 3.064037263893350627e+00 3.444436781876785147e+00 3.444511907977674703e+00 4.199533707943980509e+00 4.199826251653582254e+00 5.440743586900846473e+00 5.440767393276722430e+00 7.056205964516282236e+00 7.056372627298725497e+00 8.079282823504378541e+00 8.080108139706030812e+00 9.812802209395799835e+00 9.812944709332882098e+00 1.036828115815718299e+01 1.036835615944583644e+01 1.100148397874102635e+01 1.100159537616717387e+01 1.209316139140102031e+01 1.209320790321896233e+01 1.270004724869983370e+01 1.270014583487896154e+01 1.490880583230641676e+01 1.490885925320514893e+01 1.715430434614787103e+01 1.715434907730546499e+01 2.314152253826675931e+01 2.314165727474360423e+01
9.118619029266691878e-02 1.385960093780702396e+00 1.386164696006995989e+00 3.097699581465112040e+00 3.097957318717950770e+00 3.456830231136529097e+00 3.456903465390320118e+00 4.228383268152506425e+00 4.228634591316903446e+00 5.471171624362498598e+00 5.471193990063439649e+00 7.049425902189244475e+00 7.049592239918588632e+00 8.067465524125823961e+00 8.068250971461781162e+00 9.849278702383655215e+00 9.849407841253309925e+00 1.037399463049218795e+01 1.037406537405341034e+01 1.100149383624214394e+01 1.100159608493909325e+01 1.209934015776990712e+01 1.209938488870123052e+01 1.269293748893869989e+01 1.269303378458698717e+01 1.490217235443973465e+01 1.490223541426491849e+01 1.713258756063869015e+01 1.713263300866408301e+01 2.314640245699921550e+01 2.314653393761805589e+01
9.270596013087803455e-02 1.418952772180244182e+00 1.419134879394907900e+00 3.130562313762683679e+00 3.130793653452496716e+00 3.469195143988133445e+00 3.469268046902623581e+00 4.256480135414650867e+00 4.256690700074920564e+00 5.501352032597439212e+00 5.501372954386602565e+00 7.042353103498866673e+00 7.042518537505970677e+00 8.056023183790729902e+00 8.056768723313442848e+00 9.884704099490503992e+00 9.884819048833703548e+00 1.038073364963307910e+01 1.038079899007271401e+01 1.100163917803282310e+01 1.100173364773633189e+01 1.210488853764080197e+01 1.210493039277918470e+01 1.268604813534464348e+01 1.268614171495366705e+01 1.489572227636577750e+01 1.489579634032318012e+01 1.711076494630625078e+01 1.711081097898642156e+01 2.315121676665444284e+01 2.315134469823856378e+01
9.422572996908915033e-02 1.451757337595075859e+00 1.451916648873960547e+00 3.162266704966377517e+00 3.162470913781872728e+00 3.481598098101263083e+00 3.481672437240247664e+00 4.283842933645880535e+00 4.284014052450890730e+00 5.531257758024779925e+00 5.531277318882995786e+00 7.034994111973504438e+00 7.035158015662987374e+00 8.044960035716865576e+00 8.045666285076949364e+00 9.918829087145109469e+00 9.918929453619691472e+00 1.038868125870870962e+01 1.038874014343395125e+01 1.100192055776449962e+01 1.100200913247128653e+01 1.210973686751042777e+01 1.210977479399730150e+01 1.267945715374588467e+01 1.267954756060573196e+01 1.488946065104592620e+01 1.488954633275263717e+01 1.708886393450221419e+01 1.708891039434140424e+01 2.315596069844452032e+01 2.315608488234668272e+01
9.574549980730026610e-02 1.484344647059677502e+00 1.484481181140367312e+00 3.192726601312189771e+00 3.192903645255506184e+00 3.494114419911793057e+00 3.494192256312552036e+00 4.310489770764483808e+00 4.310623806831443972e+00 5.560863100209021859e+00 5.560881722394093174e+00 7.027356723283061157e+00 7.027518461980363007e+00 8.034278827027035774e+00 8.034946964897725863e+00 9.951384954551279804e+00 9.951470868318365248e+00 1.039803964361359156e+01 1.039809127333221817e+01 1.100233829350333359e+01 1.100242327024935207e+01 1.211381548903577787e+01 1.211384851418768882e+01 1.267324438909823137e+01 1.267333115644776420e+01 1.488339154177460877e+01 1.488348896000226951e+01 1.706691291246107056e+01 1.706695962155736268e+01 2.316062962011230297e+01 2.316074994368368678e+01
9.726526964551138188e-02 1.516685172750669164e+00 1.516799250283309641e+00 3.221845855511455081e+00 3.221996776932934736e+00 3.506828261618454068e+00 3.506911896226027725e+00 4.336437678419660102e+00 4.336538606564948495e+00 5.590143644400240142e+00 5.590162310641954235e+00 7.019449974850303420e+00 7.019608939391781099e+00 8.023980876094455539e+00 8.024612536232016424e+00 9.982093292249123451e+00 9.982165518177366081e+00 1.040902042380321646e+01 1.040906458840183646e+01 1.100289263309102772e+01 1.100297649930250543e+01 1.211705660880884139e+01 1.211708389061032776e+01 1.266748960951687941e+01 1.266757228926102918e+01 1.487751809631994782e+01 1.487762703051217095e+01 1.704494119544416719e+01 1.704498796044184417e+01 2.316521904432867274e+01 2.316533547037972340e+01
9.878503948372249766e-02 1.548748976999973603e+00 1.548841212108865051e+00 3.249520050362601165e+00 3.249647568427659561e+00 3.519831205270058216e+00 3.519922975309690560e+00 4.361701858095888618e+00 4.361776733602962253e+00 5.619076281429767228e+00 5.619096521520251741e+00 7.011284125239485299e+00 7.011439759224041168e+00 8.014066143528173924e+00 8.014663300238586530e+00 1.001068284077114789e+01 1.001074290614143436e+01 1.042182768815870375e+01 1.042186544234453471e+01 1.100358391783604084e+01 1.100366904918360156e+01 1.211939653382480486e+01 1.211941744502310669e+01 1.266227015010346335e+01 1.266234834758729733e+01 1.487184260923570811e+01 1.487196259332472614e+01 1.702297899626915267e+01 1.702302561332623299e+01 2.316972463638623481e+01 2.316983719082601922e+01
1.003048093219336134e-01 1.580505677305424905e+00 1.580576993958035636e+00 3.275640335511994738e+00 3.275749640667259932e+00 3.533218697349395310e+00 3.533320684849662552e+00 4.386294870654508848e+00 4.386356446991629632e+00 5.647639271728860599e+00 5.647662804039163653e+00 7.002870624576296166e+00 7.003022445491264847e+00 8.004533315305359054e+00 8.005098163399797073e+00 1.003691350165235008e+01 1.003696378829225289e+01 1.043663386932306381e+01 1.043666853731840582e+01 1.100441271427918188e+01 1.100450110272905135e+01 1.212077816002485520e+01 1.212079250268466168e+01 1.265765824342718204e+01 1.265773165595095051e+01 1.486636657729478550e+01 1.486649695976806740e+01 1.700105739203758404e+01 1.700110365175886074e+01 2.317414222105781718e+01 2.317425097904951414e+01
1.018245791601447292e-01 1.611924384397599663e+00 1.611976107572720807e+00 3.300100215678702931e+00 3.300199380186284781e+00 3.547083744712100195e+00 3.547197486830224289e+00 4.410228527806244081e+00 4.410293723411941258e+00 5.675812149498807635e+00 5.675840479586765852e+00 6.994222077779866709e+00 6.994369692346393386e+00 7.995379896064932268e+00 7.995914729855546632e+00 1.006060447173298122e+01 1.006064810546330079e+01 1.045355218723387303e+01 1.045358940539038528e+01 1.100537992733233317e+01 1.100547303244343134e+01 1.212115332584416372e+01 1.212116224418539723e+01 1.265371819165953760e+01 1.265378664752867621e+01 1.486109075336119467e+01 1.486123073901926617e+01 1.697920828783501079e+01 1.697925398012424480e+01 2.317846778848591782e+01 2.317857285962349323e+01
1.033443489983558450e-01 1.642973537265213446e+00 1.643007761997368199e+00 3.322805783299303872e+00 3.322904371455674966e+00 3.561507814775353609e+00 3.561634084944197642e+00 4.433517725147057220e+00 4.433598141026203088e+00 5.703575474876261708e+00 5.703609741166116187e+00 6.985352202851834669e+00 6.985495316966522594e+00 7.986602310300780161e+00 7.987109407494905611e+00 1.008165989386479922e+01 1.008170018581201965e+01 1.047261238282433560e+01 1.047265772342868750e+01 1.100648694342035938e+01 1.100658567623283268e+01 1.212048446251697520e+01 1.212049332780279620e+01 1.265050359842367023e+01 1.265056709232151277e+01 1.485601520136651388e+01 1.485616388286334733e+01 1.695746437713641441e+01 1.695750929592054135e+01 2.318269749898147580e+01 2.318279901215050742e+01
1.048641188365669608e-01 1.673620242472120712e+00 1.673641470364838346e+00 3.343687818788416255e+00 3.343793660895219233e+00 3.576549844724537852e+00 3.576688546123775847e+00 4.456176730042657574e+00 4.456276378527342708e+00 5.730910614385325452e+00 5.730951612609078261e+00 6.976275786867466522e+00 6.976414210487609679e+00 7.978196009193752936e+00 7.978677526274209342e+00 1.010008360786426174e+01 1.010012316710252200e+01 1.049374580684573921e+01 1.049380284323138390e+01 1.100773584274777406e+01 1.100784063171390237e+01 1.211875031455500107e+01 1.211876479850086064e+01 1.264805491877768695e+01 1.264811363805793931e+01 1.485113935326829804e+01 1.485129573667046898e+01 1.693585909860784966e+01 1.693590304638227906e+01 2.318682768663927263e+01 2.318692577533862220e+01
1.063838886747780765e-01 1.703828911719026173e+00 1.703848358095244597e+00 3.362712149044861487e+00 3.362829269223203799e+00 3.592235468148174071e+00 3.592385662706950367e+00 4.478216125197980624e+00 4.478335117285909384e+00 5.757799585364282713e+00 5.757847833176265695e+00 6.967008642648213623e+00 6.967142289908581532e+00 7.970155581088297581e+00 7.970613466546921266e+00 1.011597705727979601e+01 1.011601726124131062e+01 1.051678610547708992e+01 1.051685658993603134e+01 1.100912969473990977e+01 1.100924057972840409e+01 1.211594795872185948e+01 1.211596954412207161e+01 1.264639758647081003e+01 1.264645192160675258e+01 1.484646206792329970e+01 1.484662509453325008e+01 1.691442658895316598e+01 1.691446938109237763e+01 2.319085486172399868e+01 2.319094965066276259e+01
1.079036585129891784e-01 1.733566910364051861e+00 1.733595461587539965e+00 3.379886216549705225e+00 3.380015175179413855e+00 3.608549385110533692e+00 3.608709457161165979e+00 4.499643458000447183e+00 4.499780288159049846e+00 5.784224921063668923e+00 5.784280710788555879e+00 6.957567569358818815e+00 6.957696454148022625e+00 7.962474864046843237e+00 7.962910794511670609e+00 1.012952098305419391e+01 1.012956212417547341e+01 1.054148668683854773e+01 1.054157121464865732e+01 1.101067294192722201e+01 1.101078966477667542e+01 1.211209012759497128e+01 1.211211887844842039e+01 1.264554092926523943e+01 1.264559146071456652e+01 1.484198169134976375e+01 1.484215025699541712e+01 1.689320163141489672e+01 1.689324310018612607e+01 2.319477571183760745e+01 2.319486730556167586e+01
1.094234283512002942e-01 1.762804958357687690e+00 1.762845278057380671e+00 3.395260675668105854e+00 3.395399819208265502e+00 3.625433462113871741e+00 3.625601378977632017e+00 4.520463887617508725e+00 4.520616365019320071e+00 5.810169532185271102e+00 5.810232966966718315e+00 6.947970320466040128e+00 6.948094547662823750e+00 7.955147059338123050e+00 7.955562401377676451e+00 1.014094760752136004e+01 1.014098933655453472e+01 1.056754813178259234e+01 1.056764658225073461e+01 1.101237188422302360e+01 1.101249396413588855e+01 1.210720617546590283e+01 1.210724168495203124e+01 1.264547798940527379e+01 1.264552544434903147e+01 1.483769611765077912e+01 1.483786909008510690e+01 1.687221959950332106e+01 1.687225959771367556e+01 2.319858710193567575e+01 2.319867557608181485e+01
1.109431981894114100e-01 1.791510532887354179e+00 1.791562319663404734e+00 3.408924922192594131e+00 3.409071481292855310e+00 3.642791447792283588e+00 3.642965047253976518e+00 4.540680442975454589e+00 4.540846087820932020e+00 5.835616558717327429e+00 5.835687577442578267e+00 6.938235582620125186e+00 6.938355335229141829e+00 7.948164844976664867e+00 7.948560642656617325e+00 1.015051176438168490e+01 1.015055347168254229e+01 1.059464667977463392e+01 1.059475847065782794e+01 1.101423528708031796e+01 1.101436207943038603e+01 1.210134160214251509e+01 1.210138321451155541e+01 1.264618624543601832e+01 1.264623142405653411e+01 1.483360284980532739e+01 1.483377908455393879e+01 1.685151639549868108e+01 1.685155479969630576e+01 2.320228607330595949e+01 2.320237146885177637e+01
1.124629680276225258e-01 1.819649376158482657e+00 1.819711571258690874e+00 3.420997495913943531e+00 3.421148340696710477e+00 3.660498932000541661e+00 3.660676161985232380e+00 4.560294133779449588e+00 4.560470370469811741e+00 5.860549210786209606e+00 5.860627606594271732e+00 6.928382969081207321e+00 6.928498491642963941e+00 7.941520488459115512e+00 7.941897474173347682e+00 1.015846728229517204e+01 1.015850833034489398e+01 1.062245728241033227e+01 1.062258152433377845e+01 1.101627514848071421e+01 1.101640588924074393e+01 1.209455650667861093e+01 1.209460340738736228e+01 1.264762911222276820e+01 1.264767279506685504e+01 1.482969905954535150e+01 1.482987741437088225e+01 1.683112838325201110e+01 1.683116509638973568e+01 2.320586984164701860e+01 2.320595216226294610e+01
1.139827378658336415e-01 1.847186329023083884e+00 1.847257634150760497e+00 3.431614118399576530e+00 3.431766223712593877e+00 3.678415649146108635e+00 3.678594712082909446e+00 4.579304020875718528e+00 4.579488285716744933e+00 5.884950597459033261e+00 5.885036032792428706e+00 6.918433031322329008e+00 6.918544610212849832e+00 7.935205957677220034e+00 7.935564581883733482e+00 1.016505123889923290e+01 1.016509107795114986e+01 1.065066852171582035e+01 1.065080411706243702e+01 1.101850767018270538e+01 1.101864150867717029e+01 1.208692342732250857e+01 1.208697470170153565e+01 1.264975800831677866e+01 1.264980086771839929e+01 1.482598164559233567e+01 1.482616099365044171e+01 1.681109231480109401e+01 1.681112726825511317e+01 2.320933579438771588e+01 2.320941500674715385e+01
1.155025077040447573e-01 1.874085505850911826e+00 1.874164543898020563e+00 3.440916317205267472e+00 3.441067011939968001e+00 3.696397141651100338e+00 3.696576536805443070e+00 4.597707282149999131e+00 4.597897090140666165e+00 5.908803541803764325e+00 5.908895561637046434e+00 6.908407292412240608e+00 6.908515233969066749e+00 7.929213028742902125e+00 7.929553503255468705e+00 1.017047567044450140e+01 1.017051388260744282e+01 1.067898975760668101e+01 1.067913546461022811e+01 1.102095448688650947e+01 1.102109050891077935e+01 1.207852485994221681e+01 1.207857954053452154e+01 1.265251474241166818e+01 1.265255728155370285e+01 1.482244728960908908e+01 1.482262653131973451e+01 1.679144525032330648e+01 1.679147840514018242e+01 2.321268148737270920e+01 2.321275752407528969e+01
1.170222775422558731e-01 1.900310347019774415e+00 1.900395729502925235e+00 3.449042568846487189e+00 3.449189636238684464e+00 3.714303836743604315e+00 3.714482325648866379e+00 4.615499286801141743e+00 4.615692276068065425e+00 5.932090379949403136e+00 5.932188424050758968e+00 6.898328305725708098e+00 6.898432913470524674e+00 7.923533389265052129e+00 7.923855738655562142e+00 1.017492484720160206e+01 1.017496115148739477e+01 1.070715234916522540e+01 1.070730682125983790e+01 1.102364420840827286e+01 1.102378145074857585e+01 1.206945071074360776e+01 1.206950781748782653e+01 1.265583398166924667e+01 1.265587651209957798e+01 1.481909250931947497e+01 1.481927058295083910e+01 1.677222447096785274e+01 1.677225581819190126e+01 2.321590464101267415e+01 2.321597740564272883e+01
1.185420473804669889e-01 1.925823652146169129e+00 1.925914014914151817e+00 3.456122585903014688e+00 3.456264271625408391e+00 3.732006907734073842e+00 3.732183440245726569e+00 4.632673682924480119e+00 4.632867645316054883e+00 5.954792741533417200e+00 5.954896156188809186e+00 6.888219742435810033e+00 6.888321294910578985e+00 7.918158735553108230e+00 7.918462851786578938e+00 1.017855602203425214e+01 1.017859025996360067e+01 1.073490701135825809e+01 1.073506881638898669e+01 1.102661431330458441e+01 1.102675176962392989e+01 1.205979589173529831e+01 1.205985446556018381e+01 1.265964560737830524e+01 1.265968825971661360e+01 1.481591370835355725e+01 1.481608959930412439e+01 1.675346738414690151e+01 1.675349694406163792e+01 2.321900313597073406e+01 2.321907250975155179e+01
1.200618172186781046e-01 1.950587617900946924e+00 1.950681643283051825e+00 3.462274424697357134e+00 3.462409396197716038e+00 3.749391249638691637e+00 3.749564884055755165e+00 4.649222500370250089e+00 4.649415402507566242e+00 5.976891308802175118e+00 5.976999358203880064e+00 6.878106511067874074e+00 6.878205241863455832e+00 7.913080862312521724e+00 7.913366558677877194e+00 1.018150198099626635e+01 1.018153409367892337e+01 1.076201900303087733e+01 1.076218662366194501e+01 1.102991337370014868e+01 1.103004999077558423e+01 1.204965820469627502e+01 1.204971733450884130e+01 1.266387682041666807e+01 1.266391957453961403e+01 1.481290722248276204e+01 1.481307997124414122e+01 1.673521142091967562e+01 1.673523924103099958e+01 2.322197500843385498e+01 2.322204085793704209e+01
1.215815870568892204e-01 1.974563888518770183e+00 1.974660320357842114e+00 3.467603667712134463e+00 3.467730953993881204e+00 3.766356325652877146e+00 3.766526164467695281e+00 4.665136269526654722e+00 4.665326266705564606e+00 5.998365551786069894e+00 5.998477429169379427e+00 6.868014912045077303e+00 6.868110993425659672e+00 7.908291743616302938e+00 7.908558805073413467e+00 1.018387428378821546e+01 1.018390428635993672e+01 1.078826242740250763e+01 1.078843424225172853e+01 1.103360344445604824e+01 1.103373810718803760e+01 1.203913659438863704e+01 1.203919543763270639e+01 1.266845391840703883e+01 1.266849664005598797e+01 1.481006936201469593e+01 1.481023807079982646e+01 1.671749392517400068e+01 1.671752007678534113e+01 2.322481844500293136e+01 2.322488063041430451e+01
1.231013568951003362e-01 1.997713623202890698e+00 1.997811277422633980e+00 3.472203903674605296e+00 3.472322832612985799e+00 3.782815671445012740e+00 3.782980822003259469e+00 4.680404155944373201e+00 4.680589600366350744e+00 6.019193437491032306e+00 6.019308276044631256e+00 6.857972829488391930e+00 6.858066360622508739e+00 7.903783604237078819e+00 7.904031832294513116e+00 1.018576655031754008e+01 1.018579450697716027e+01 1.081341476804163193e+01 1.081358901325721789e+01 1.103776213770106018e+01 1.103789364201865197e+01 1.202832979553209292e+01 1.202838759280571246e+01 1.267330371950511747e+01 1.267334619509473548e+01 1.480739645021771977e+01 1.480756028824456827e+01 1.670035203439575966e+01 1.670037660769634513e+01 2.322753177722999496e+01 2.322759016074009253e+01
1.246211267333114520e-01 2.019997583432339372e+00 2.020095355383166424e+00 3.476157884715230129e+00 3.476268026410977541e+00 3.798695684539328266e+00 3.798855244952932697e+00 4.695014110197982760e+00 4.695193554534963454e+00 6.039351112072331773e+00 6.039467995622379348e+00 6.848009961364172504e+00 6.848100961653138974e+00 7.899548980758173577e+00 7.899778231831016129e+00 1.018725747150993399e+01 1.018728347312318228e+01 1.083725303941935358e+01 1.083742775435080574e+01 1.104248332297575352e+01 1.104261033952377424e+01 1.201733535624722293e+01 1.201739144069312104e+01 1.267835464818762681e+01 1.267839661423451325e+01 1.480488485773767771e+01 1.480504306516586333e+01 1.668382255192106101e+01 1.668384564964731354e+01 2.323011347583067376e+01 2.323016792979484535e+01
1.261408965715225816e-01 2.041376242685814191e+00 2.041473111939470009e+00 3.479538937802379994e+00 3.479640057186990987e+00 3.813934124899871048e+00 3.814087190643900893e+00 4.708953031941778278e+00 4.709125228976033917e+00 6.058812556683531803e+00 6.058930530143632254e+00 6.838158087178857869e+00 6.838246494646525342e+00 7.895580772212698051e+00 7.895790989054204623e+00 1.018841341747349993e+01 1.018843756306950077e+01 1.085955363828205300e+01 1.085972660939712675e+01 1.104787448658243498e+01 1.104799552763342518e+01 1.200624899394287759e+01 1.200630279622550134e+01 1.268353752394175160e+01 1.268357869043135189e+01 1.480253103305290985e+01 1.480268292357979476e+01 1.666794181069602487e+01 1.666796354063534835e+01 2.323256214460657176e+01 2.323261255919531720e+01
1.276606664097336696e-01 2.061809920756698222e+00 2.061904953767830673e+00 3.482412376215803906e+00 3.482504395264392372e+00 3.828478581880617959e+00 3.828624266748056559e+00 4.722206946721103193e+00 4.722370845636623571e+00 6.077549220385767725e+00 6.077667299967020931e+00 6.828451369542996474e+00 6.828537043820491093e+00 7.891872280303292797e+00 7.892063516566926396e+00 1.018929062238576044e+01 1.018931300540953977e+01 1.088009888154959093e+01 1.088026761750310634e+01 1.105404777272981320e+01 1.105416119173664491e+01 1.199516422549909045e+01 1.199521527517342712e+01 1.268878610584566147e+01 1.268882617419076020e+01 1.480033152908601224e+01 1.480047649121910247e+01 1.665274552873976432e+01 1.665276599559769366e+01 2.323487651411897659e+01 2.323492280424813572e+01
1.291804362479447854e-01 2.081258944463423521e+00 2.081351295400101886e+00 3.484836776795829039e+00 3.484919745373928901e+00 3.842285041537667034e+00 3.842422506766471013e+00 4.734761193740020246e+00 4.734915933526194998e+00 6.095529637488791508e+00 6.095646820671664301e+00 6.818926681755956842e+00 6.819009410916249792e+00 7.888417239521484881e+00 7.888589677818749202e+00 1.018993697685430355e+01 1.018995767653403561e+01 1.089869334502007803e+01 1.089885513641917569e+01 1.106110155104431136e+01 1.106120562247721928e+01 1.198417220833402652e+01 1.198422013233104444e+01 1.269403744808342971e+01 1.269407612471348124e+01 1.479828302615208280e+01 1.479842052318642054e+01 1.663826865673625832e+01 1.663828795411481209e+01 2.323705543516409477e+01 2.323709754655346416e+01
1.307002060861559012e-01 2.099683836078575450e+00 2.099772746068456541e+00 3.486865064769440803e+00 3.486939138664371551e+00 3.855316612018497846e+00 3.855445098405912763e+00 4.746600622466450758e+00 4.746745522803566431e+00 6.112719042350252430e+00 6.112834317631242520e+00 6.809623947747033945e+00 6.809703458118287145e+00 7.885209837710205782e+00 7.885363801717597099e+00 1.019039347875214041e+01 1.019041255637161747e+01 1.091519060890728987e+01 1.091534272508696191e+01 1.106909186922922217e+01 1.106918499285764845e+01 1.197336172884880767e+01 1.197340624768452066e+01 1.269923211714964850e+01 1.269926912370434557e+01 1.479638235147185199e+01 1.479651192021484540e+01 1.662454521847533684e+01 1.662456342182273161e+01 2.323909787210737932e+01 2.323913578636516419e+01
1.322199759243670170e-01 2.117045530164995526e+00 2.117130325177304595e+00 3.488545391906686444e+00 3.488610816542514481e+00 3.867542421247938567e+00 3.867661280272372881e+00 4.757709795686576371e+00 4.757844345606562442e+00 6.129079002359638650e+00 6.129191358799885414e+00 6.800586472884754485e+00 6.800662440963501254e+00 7.882244727797564465e+00 7.882380689063008816e+00 1.019069539749583875e+01 1.019071289683171599e+01 1.092952450112461804e+01 1.092966452012390910e+01 1.107799972012212031e+01 1.107808073709758645e+01 1.196281927689998170e+01 1.196286019908569820e+01 1.270431431393561184e+01 1.270434939481082637e+01 1.479462649551540565e+01 1.479474774381717950e+01 1.661160814520875206e+01 1.661162530653063385e+01 2.324100289614100845e+01 2.324103663481074733e+01
1.337397457625781327e-01 2.133305618698051909e+00 2.133385706268398074e+00 3.489921816883886585e+00 3.489978915347736965e+00 3.878936678890421152e+00 3.879045399943777728e+00 4.768073196410041348e+00 4.768197040962325772e+00 6.144567099852547010e+00 6.144675536472593791e+00 6.791861234064527686e+00 6.791933299711968353e+00 7.879517031577635500e+00 7.879635611707520582e+00 1.019087320302348765e+01 1.019088915383509431e+01 1.094173124537938158e+01 1.094185740995374978e+01 1.108770779154568942e+01 1.108777629849883972e+01 1.195262914748568228e+01 1.195266636249484371e+01 1.270923193522061823e+01 1.270926486297260993e+01 1.479301262546679041e+01 1.479312522863247104e+01 1.659948910534211208e+01 1.659950525020966339e+01 2.324276967853337439e+01 2.324279930607100653e+01
1.352595156007892485e-01 2.148426623357294396e+00 2.148501488356125311e+00 3.491034807468308188e+00 3.491083971659300289e+00 3.889477884973984612e+00 3.889576116648431725e+00 4.777675435880859744e+00 4.777788360984601468e+00 6.159136706028190744e+00 6.159240241112433623e+00 6.783499085110646476e+00 6.783566865304545779e+00 7.877022336528328950e+00 7.877124305417622985e+00 1.019095330403245470e+01 1.019096772734214973e+01 1.095194835081674611e+01 1.095205978321948770e+01 1.109800090565359909e+01 1.109805739790392742e+01 1.194287351293736776e+01 1.194290698298047637e+01 1.271393660065936970e+01 1.271396717957346034e+01 1.479153809611379522e+01 1.479164179229510978e+01 1.658821833120139644e+01 1.658823345822743889e+01 2.324439748394243566e+01 2.324442310961559244e+01
1.367792854390003643e-01 2.162372292700619258e+00 2.162441492343092797e+00 3.491921588079095251e+00 3.491963271968833382e+00 3.899148164930565486e+00 3.899235728893321706e+00 4.786501459869375807e+00 4.786603375504448366e+00 6.172736903990356794e+00 6.172834584384766288e+00 6.775554819461979683e+00 6.775617921964518509e+00 7.874756686742629519e+00 7.874842957451876124e+00 1.019095863275025238e+01 1.019097154670664374e+01 1.096038759458295786e+01 1.096048427397311720e+01 1.110859272074941728e+01 1.110863847264146465e+01 1.193363241075186920e+01 1.193366216153248160e+01 1.271838366387023278e+01 1.271841173186095020e+01 1.479020045847073739e+01 1.479029504315796295e+01 1.657782444486370821e+01 1.657783852745842879e+01 2.324588566386704969e+01 2.324590744258661346e+01
1.382990552772114801e-01 2.175107920615848567e+00 2.175171078909670541e+00 3.492616356820125390e+00 3.492651070957528692e+00 3.907932711675647486e+00 3.908009608036374871e+00 4.794536750406018122e+00 4.794627672292513410e+00 6.185312632228500362e+00 6.185403542732518467e+00 6.768087017913868131e+00 6.768145054289995244e+00 7.872716569111869234e+00 7.872788189895949529e+00 1.019090910673925521e+01 1.019092053204459347e+01 1.096729445243144774e+01 1.096737700505814850e+01 1.111916620005412959e+01 1.111920294184729130e+01 1.192498359479220227e+01 1.192500970536789673e+01 1.272253221997710426e+01 1.272255764890834762e+01 1.478899746643674362e+01 1.478908278619818972e+01 1.656833428522436691e+01 1.656834727518303296e+01 2.324723365031142563e+01 2.324725178241750356e+01
1.398188251154225958e-01 2.186600681032388138e+00 2.186657482859772461e+00 3.493150395150476761e+00 3.493178701634423344e+00 3.915819317732060156e+00 3.915885721007994480e+00 4.801767520163882530e+00 4.801847550110315943e+00 6.196805131186384763e+00 6.196888404147363083e+00 6.761157597870965930e+00 6.761210195354572683e+00 7.870898895947799012e+00 7.870957039785883680e+00 1.019082199238783382e+01 1.019083195651706397e+01 1.097291103125660960e+01 1.097298046351033918e+01 1.112941072413228483e+01 1.112944026166486999e+01 1.191700220262829824e+01 1.191702479448291641e+01 1.272634511697392057e+01 1.272636781146391627e+01 1.478792708177897097e+01 1.478800302742272343e+01 1.655977273860245447e+01 1.655978457095672240e+01 2.324844094973876452e+01 2.324845567976721483e+01
1.413385949536337116e-01 2.196819972443038615e+00 2.196870157472641250e+00 3.493552091962315309e+00 3.493574599112915902e+00 3.922797983223957452e+00 3.922854228096763762e+00 4.808180896798351256e+00 4.808250201967696036e+00 6.207152779220142413e+00 6.207227604426417855e+00 6.754830976933266840e+00 6.754877788702714270e+00 7.869300985278691485e+00 7.869346936995959219e+00 1.019071218988077732e+01 1.019072072956820740e+01 1.097745240171058612e+01 1.097750987731504857e+01 1.113904598460124795e+01 1.113906989086343025e+01 1.190976020138264424e+01 1.190977942683134216e+01 1.272978897446606616e+01 1.272980886926455923e+01 1.478698747771188238e+01 1.478705397707230063e+01 1.655216257528208601e+01 1.655217317384720843e+01 2.324950713739371366e+01 2.324951875183911554e+01
1.428583647918448274e-01 2.205737764433010284e+00 2.205781121057068361e+00 3.493846902438762392e+00 3.493864258256706989e+00 3.928860588278269006e+00 3.928907144403401830e+00 4.813765094700844571e+00 4.813823886153237197e+00 6.216292393731108312e+00 6.216358028654616064e+00 6.749172774184751589e+00 6.749213487694410318e+00 7.867920540142184116e+00 7.867955680731614443e+00 1.019059245547787640e+01 1.019059961717572804e+01 1.098109673577070389e+01 1.098114342952226075e+01 1.114783232246709943e+01 1.114785176915680154e+01 1.190332559063241291e+01 1.190334162072857893e+01 1.273283421054637898e+01 1.273285126663179412e+01 1.478617704132070010e+01 1.478623405189790496e+01 1.654552429444693118e+01 1.654553357757374243e+01 2.325043185208495089e+01 2.325044067613406185e+01
1.443781346300559432e-01 2.213328937254479545e+00 2.213365296743835753e+00 3.494057260834307677e+00 3.494070143896395031e+00 3.934000620703768547e+00 3.934038056034472319e+00 4.818509571813966552e+00 4.818558082831077449e+00 6.224161041448061482e+00 6.224216821797416088e+00 6.744248004402578545e+00 6.744282347543370193e+00 7.866755628411777224e+00 7.866781415160572166e+00 1.019047357371798945e+01 1.019047941194483364e+01 1.098398478344747176e+01 1.098402179799536249e+01 1.115557201516707764e+01 1.115558775017152016e+01 1.189776136497344616e+01 1.189777437716505304e+01 1.273545507562051071e+01 1.273546927525289441e+01 1.478549437505290598e+01 1.478554187675467446e+01 1.653987597998499126e+01 1.653988386613230688e+01 2.325121479155378168e+01 2.325122118464068777e+01
1.458979044682670312e-01 2.219571604641839002e+00 2.219600835706690312e+00 3.494202465305150440e+00 3.494211570681266643e+00 3.938212951645213789e+00 3.938241884334360954e+00 4.822405169381725365e+00 4.822443634246246447e+00 6.230698343469927458e+00 6.230743693874414291e+00 6.740118778816325040e+00 6.740146523857818650e+00 7.865804665260503370e+00 7.865822604017491670e+00 1.019036448955744234e+01 1.019036906327603376e+01 1.098622391667783660e+01 1.098625223602931733e+01 1.116210627256611865e+01 1.116211869855249361e+01 1.189312427039273068e+01 1.189313443627977662e+01 1.273762969075628781e+01 1.273764103182439200e+01 1.478493829747567112e+01 1.478497628572470290e+01 1.653523316960173872e+01 1.653523958244908698e+01 2.325185570866542406e+01 2.325186005834478564e+01
1.474176743064781470e-01 2.224447409654717323e+00 2.224469413589493794e+00 3.494298552123122903e+00 3.494304567644238357e+00 3.941493653186680213e+00 3.941514693499129862e+00 4.825444232768298924e+00 4.825472866836919117e+00 6.235849176268548177e+00 6.235883620732822763e+00 6.736841610516679069e+00 6.736862576010506309e+00 7.865066401784694960e+00 7.865078002426609594e+00 1.019027240831722025e+01 1.019027577573357846e+01 1.098789351374854206e+01 1.098791397237359391e+01 1.116731109893476770e+01 1.116732038862113185e+01 1.188946342476135420e+01 1.188947089842466376e+01 1.273934008746561197e+01 1.273934857756647077e+01 1.478450784347273128e+01 1.478453632294515607e+01 1.653160873957120103e+01 1.653161361247861194e+01 2.325235440901295902e+01 2.325235712157216028e+01
1.489374441446892627e-01 2.227941783456499625e+00 2.227956490032521497e+00 3.494358175799971100e+00 3.494361740192099663e+00 3.943839852674429824e+00 3.943853538791380675e+00 4.827620711769040618e+00 4.827639693801804022e+00 6.239566569870472534e+00 6.239589741450514815e+00 6.734464522666216091e+00 6.734478573732700646e+00 7.864539926245896595e+00 7.864546621045950481e+00 1.019020286955264076e+01 1.019020508201298192e+01 1.098905000849187985e+01 1.098906326470578065e+01 1.117109357356807919e+01 1.117109977390863307e+01 1.188681890785019846e+01 1.188682381533338450e+01 1.274057224562215573e+01 1.274057789638737148e+01 1.478420226403085103e+01 1.478422124328137421e+01 1.652901280726887023e+01 1.652901608695549740e+01 2.325271075167035661e+01 2.325271223451951741e+01
1.504572139829003785e-01 2.230044157646332792e+00 2.230051521894835354e+00 3.494390509060484984e+00 3.494392141031524623e+00 3.945249619146587339e+00 3.945256354096370988e+00 4.828930239154812121e+00 4.828939696906000556e+00 6.241814511294744072e+00 6.241826160301578774e+00 6.733024250894843910e+00 6.733031298512508478e+00 7.864224686616990034e+00 7.864227675171346021e+00 1.019015979950416551e+01 1.019016089543655212e+01 1.098973092478442126e+01 1.098973743558188687e+01 1.117338907640763956e+01 1.117339218271694889e+01 1.188522045237075453e+01 1.188522288296879204e+01 1.274131612638442235e+01 1.274131894859588243e+01 1.478402102574415977e+01 1.478403051294783666e+01 1.652745265336736225e+01 1.652745430272657501e+01 2.325292465789402030e+01 2.325292527924964148e+01
1.519769838211114943e-01 2.230748122070091100e+00 2.230748122070107087e+00 3.494401166803634329e+00 3.494401166803642322e+00 3.945721878265417981e+00 3.945721878265429972e+00 4.829370186527246034e+00 4.829370186527252251e+00 6.242570305880486892e+00 6.242570305880492221e+00 6.732543886810682388e+00 6.732543886810689493e+00 7.864120527146138073e+00 7.864120527146145179e+00 1.019014554559255714e+01 1.019014554559256780e+01 1.098995771740516858e+01 1.098995771740517213e+01 1.117415948318831731e+01 1.117415948318832619e+01 1.188468637636754011e+01 1.188468637636754366e+01 1.274156569744558709e+01 1.274156569744559597e+01 1.478396381014468375e+01 1.478396381014469085e+01 1.652693266524059723e+01 1.652693266524060789e+01 2.325299613349128336e+01 2.325299613349130112e+01
1.519769838211114943e-01 2.230748122070091100e+00 2.230748122070107087e+00 3.494401166803634329e+00 3.494401166803642322e+00 3.945721878265417981e+00 3.945721878265429972e+00 4.829370186527246034e+00 4.829370186527252251e+00 6.242570305880486892e+00 6.242570305880492221e+00 6.732543886810682388e+00 6.732543886810689493e+00 7.864120527146138073e+00 7.864120527146145179e+00 1.019014554559255714e+01 1.019014554559256780e+01 1.098995771740516858e+01 1.098995771740517213e+01 1.117415948318831731e+01 1.117415948318832619e+01 1.188468637636754011e+01 1.188468637636754366e+01 1.274156569744558709e+01 1.274156569744559597e+01 1.478396381014468375e+01 1.478396381014469085e+01 1.652693266524059723e+01 1.652693266524060789e+01 2.325299613349128336e+01 2.325299613349130112e+01
1.529002596955323368e-01 2.230811149449432484e+00 2.230811152253607155e+00 3.494406909519899074e+00 3.494412885441751992e+00 3.945908631818521695e+00 3.945910970427204845e+00 4.829341878240011710e+00 4.829352784695742251e+00 6.242561324559420477e+00 6.242561925574547921e+00 6.732514012155986549e+00 6.732517029362147021e+00 7.863986085731793807e+00 7.863989591972671001e+00 1.019026422957579747e+01 1.019027005249110118e+01 1.098991905914523848e+01 1.098992230888483412e+01 1.117410387707805342e+01 1.117410709398119373e+01 1.188471269318604051e+01 1.188471659898893584e+01 1.274158570232633281e+01 1.274158765146495043e+01 1.478395991880441152e+01 1.478396095879112160e+01 1.652692819223648968e+01 1.652693096020260910e+01 2.325298510180540035e+01 2.325298571985482354e+01
1.538235355699531792e-01 2.230999956538087137e+00 2.230999966521578060e+00 3.494430058722146626e+00 3.494441979486874850e+00 3.946470828521628338e+00 3.946475485032769903e+00 4.829267907506478608e+00 4.829289661826425828e+00 6.242535003490803369e+00 6.242536209242214085e+00 6.732427462260882400e+00 6.732433531697838980e+00 7.863586853485675654e+00 7.863593864105521192e+00 1.019062569270070284e+01 1.019063731248323101e+01 1.098980630422993876e+01 1.098981281354584993e+01 1.117394057852113676e+01 1.117394699217624243e+01 1.188479541234052128e+01 1.188480320104603116e+01 1.274164760299251142e+01 1.274165150266699875e+01 1.478394930071877944e+01 1.478395137692099759e+01 1.652691755113705696e+01 1.652692307778011838e+01 2.325295263801766765e+01 2.325295387195205876e+01
1.547468114443740217e-01 2.231313716566043492e+00 2.231313742323755900e+00 3.494470419663570304e+00 3.494488223371345459e+00 3.947407238472280699e+00 3.947414171809122685e+00 4.829148359171620442e+00 4.829180844475931877e+00 6.242491412100511283e+00 6.242493229577483760e+00 6.732284444403050294e+00 6.732293633915324982e+00 7.862924582671684703e+00 7.862935093744460424e+00 1.019122867542692745e+01 1.019124604011243918e+01 1.098961937443647052e+01 1.098962916253299582e+01 1.117367047367694077e+01 1.117368004408606375e+01 1.188493410069159495e+01 1.188494572667766924e+01 1.274175121176829606e+01 1.274175706461174151e+01 1.478393199990187590e+01 1.478393510478767858e+01 1.652690076247372275e+01 1.652690902923182037e+01 2.325289877960441487e+01 2.325290062510041977e+01
1.556700873187948642e-01 2.231751060808506271e+00 2.231751115035019328e+00 3.494527660760741394e+00 3.494551255203468099e+00 3.948715800313659319e+00 3.948724949694875530e+00 4.828983356813523642e+00 4.829026398540112730e+00 6.242430667085180573e+00 6.242433105683889316e+00 6.732085318946758434e+00 6.732097725008061140e+00 7.862002182460959610e+00 7.862016187596618799e+00 1.019207107570409576e+01 1.019209410767524027e+01 1.098935814742329775e+01 1.098937124194807602e+01 1.117329502540291664e+01 1.117330769332512830e+01 1.188512803244396032e+01 1.188514342772219656e+01 1.274189621706584674e+01 1.274190402662926225e+01 1.478390808826329206e+01 1.478391221056100768e+01 1.652687785732008052e+01 1.652688883639165596e+01 2.325282358824131634e+01 2.325282603882772747e+01
1.565933631932157066e-01 2.232310090143088566e+00 2.232310189439271397e+00 3.494601318652465594e+00 3.494630582073653180e+00 3.950393614652536023e+00 3.950404900577657141e+00 4.828773065445746582e+00 4.828826432258521706e+00 6.242352931778702541e+00 6.242356002114237690e+00 6.731830602912372008e+00 6.731846344839760299e+00 7.860823702962205672e+00 7.860841192718099890e+00 1.019314995774688981e+01 1.019317855412589147e+01 1.098902246363767610e+01 1.098903889932935840e+01 1.117281626240121106e+01 1.117283195024561238e+01 1.188537619478062268e+01 1.188539526952525804e+01 1.274208218440949381e+01 1.274209195469701328e+01 1.478387766532885372e+01 1.478388279005855210e+01 1.652684887722647744e+01 1.652686253162039876e+01 2.325272714971107035e+01 2.325273019678543562e+01
1.575166390676365491e-01 2.232988390983634108e+00 2.232988555589251245e+00 3.494690805133572553e+00 3.494725587224667862e+00 3.952436935254091566e+00 3.952450260792347958e+00 4.828517695360845075e+00 4.828581100359125244e+00 6.242258415153574269e+00 6.242262127649589765e+00 6.731520974356557829e+00 6.731540187415695264e+00 7.859394313031290658e+00 7.859415274148059183e+00 1.019446156416831606e+01 1.019449559733701349e+01 1.098861213593017361e+01 1.098863195287630568e+01 1.117223676414519495e+01 1.117225537713755479e+01 1.188567729566597642e+01 1.188569993891154652e+01 1.274230855783240202e+01 1.274232029270335431e+01 1.478384085785309310e+01 1.478384696636859275e+01 1.652681387413159797e+01 1.652683015773473585e+01 2.325260957377560800e+01 2.325261320662641040e+01
1.584399149420573916e-01 2.233783055357645431e+00 2.233783308822278713e+00 3.494795415771884795e+00 3.494835538891213567e+00 3.954841158341451557e+00 3.954856410702486613e+00 4.828217507114101359e+00 4.828290609341727269e+00 6.242147370458879685e+00 6.242151733827081550e+00 6.731157277500562586e+00 6.731180105402772895e+00 7.857720272064966593e+00 7.857744686544041457e+00 1.019600133129876163e+01 1.019604064954302736e+01 1.098812696191304461e+01 1.098815020346529181e+01 1.117155964164704862e+01 1.117158106924879490e+01 1.188602977370046254e+01 1.188605585420170918e+01 1.274257466164262276e+01 1.274258836409763695e+01 1.478379781932476611e+01 1.478380488936621084e+01 1.652677291025106854e+01 1.652679176791404814e+01 2.325247099401309825e+01 2.325247519984750255e+01
1.593631908164782340e-01 2.234690704847433373e+00 2.234691073646561055e+00 3.494914339976485262e+00 3.494959600573616321e+00 3.957600810401770364e+00 3.957617862761767302e+00 4.827872817644548675e+00 4.827955223896816861e+00 6.242020093505283640e+00 6.242025113221835397e+00 6.730740528559389979e+00 6.730767115801080891e+00 7.855808896036060140e+00 7.855836740079451985e+00 1.019776390747772865e+01 1.019780833575260104e+01 1.098756673910244963e+01 1.098759344950263284e+01 1.117078851414840734e+01 1.117081263170053873e+01 1.188643180988140280e+01 1.188646117712749728e+01 1.274287970255568148e+01 1.274289537392664506e+01 1.478374872936718809e+01 1.478375673512420896e+01 1.652672605794285943e+01 1.652674742558488319e+01 2.325231156761991969e+01 2.325231633159716083e+01
1.602864666908990765e-01 2.235707518061512022e+00 2.235708031163925913e+00 3.495046672253454112e+00 3.495096842479288757e+00 3.960709534963598788e+00 3.960728248515053451e+00 4.827484007528163090e+00 4.827575274454201093e+00 6.241876920613139035e+00 6.241882597485574280e+00 6.730271922226191528e+00 6.730302406634077528e+00 7.853668518075366478e+00 7.853699760911517558e+00 1.019974317407028508e+01 1.019979251488148542e+01 1.098693128287953336e+01 1.098696150465376320e+01 1.116992748184016016e+01 1.116995415239811962e+01 1.188688134110025629e+01 1.188691382647399841e+01 1.274322277219066990e+01 1.274324041125603557e+01 1.478369379303548037e+01 1.478370270522099794e+01 1.652667339955022641e+01 1.652669720428377076e+01 2.325213147517828460e+01 2.325213678044868715e+01
1.612097425653199190e-01 2.236829261258811652e+00 2.236829949651506944e+00 3.495191424365204469e+00 3.495246253845599949e+00 3.964160078859522152e+00 3.964180305048127018e+00 4.827051529354313253e+00 4.827151165851949699e+00 6.241718226244191925e+00 6.241724555144877229e+00 6.729752838753795707e+00 6.729787344501193758e+00 7.851308443948448179e+00 7.851343046570632644e+00 1.020193226893269944e+01 1.020198630332961010e+01 1.098622044729121328e+01 1.098625421847133055e+01 1.116898109474557010e+01 1.116901017106439120e+01 1.188737607518650918e+01 1.188741149325788626e+01 1.274360284992660652e+01 1.274362245197445276e+01 1.478363324001321111e+01 1.478364302594789770e+01 1.652661502722114051e+01 1.652664118749771305e+01 2.325193092038977483e+01 2.325193674813941414e+01
1.621330184397407614e-01 2.238051321710929464e+00 2.238052217888404805e+00 3.495347538099092599e+00 3.495406755847803471e+00 3.967944278522612667e+00 3.967965861429731067e+00 4.826575917211550326e+00 4.826683387111148527e+00 6.241544420339062427e+00 6.241551389163875641e+00 6.729184851553058344e+00 6.729223482822435543e+00 7.848738902812067764e+00 7.848776816657951017e+00 1.020432361203157612e+01 1.020438210070616947e+01 1.098543414868671597e+01 1.098547149991841465e+01 1.116795431793404703e+01 1.116798564455622156e+01 1.188791350729317386e+01 1.188795165723546532e+01 1.274401880611553217e+01 1.274404036197686629e+01 1.478356732371124771e+01 1.478357794741867615e+01 1.652655104270550268e+01 1.652657946848342974e+01 2.325171012977555662e+01 2.325171645927666120e+01
1.630562943141616039e-01 2.239368743360076852e+00 2.239369880784697120e+00 3.495513898351885640e+00 3.495577214797385146e+00 3.972053046886836913e+00 3.972075825711529173e+00 4.826057797262100379e+00 4.826172522294999823e+00 6.241355945384428949e+00 6.241363534279901870e+00 6.728569735199881663e+00 6.728612570594297182e+00 7.845970993666171900e+00 7.846012159268840769e+00 1.020690893290903567e+01 1.020697161739475689e+01 1.098457239214861225e+01 1.098461334374498044e+01 1.116685249327163376e+01 1.116688590866342068e+01 1.188849093740827634e+01 1.188853160452387314e+01 1.274446940564830477e+01 1.274449290072243990e+01 1.478349632027208393e+01 1.478350774258463574e+01 1.652648155712952160e+01 1.652651215006499896e+01 2.325146935234385026e+01 2.325147616101088488e+01
1.639795701885824464e-01 2.240776264309999988e+00 2.240777676850655542e+00 3.495689346247923712e+00 3.495756455347384328e+00 3.976476361468796572e+00 3.976500173058828302e+00 4.825497899375543298e+00 4.825619262422056188e+00 6.241153273234191445e+00 6.241161454124248387e+00 6.727909473713723720e+00 6.727956561467198782e+00 7.843016627941642227e+00 7.843060973583553697e+00 1.020967929968352905e+01 1.020974590364761880e+01 1.098363530062770010e+01 1.098367985962582161e+01 1.116568129795920328e+01 1.116571663663523850e+01 1.188910548877130147e+01 1.188914844611335297e+01 1.274495331186831670e+01 1.274497872516114505e+01 1.478342052748317847e+01 1.478343270615867233e+01 1.652640669074772006e+01 1.652643934441024953e+01 2.325120885922532210e+01 2.325121612267681925e+01
1.649028460630032888e-01 2.242268355676396485e+00 2.242270077032344933e+00 3.495872692027147455e+00 3.495943273440629273e+00 3.981203254204457309e+00 3.981227935581439503e+00 4.824897069781201253e+00 4.825024418392101389e+00 6.240936901710258944e+00 6.240945638144904883e+00 6.727206268941739786e+00 6.727257622943859872e+00 7.839888468682937095e+00 7.839935909084931431e+00 1.021262514928076470e+01 1.021269537990310639e+01 1.098262314662848382e+01 1.098267130390543578e+01 1.116444670016064400e+01 1.116448379473188091e+01 1.188975412697253020e+01 1.188979913704795877e+01 1.274546909082751966e+01 1.274549639402188816e+01 1.478334026360314901e+01 1.478335315345224110e+01 1.652632657267304594e+01 1.652636117278639105e+01 2.325092894327725190e+01 2.325093663540340927e+01
1.658261219374241313e-01 2.243839261320462519e+00 2.243841324437262585e+00 3.496062727466858089e+00 3.496136448764849636e+00 3.986221803599569569e+00 3.986247194419445083e+00 4.824256284684695473e+00 4.824388934869134005e+00 6.240707351009806558e+00 6.240716598351970568e+00 6.726462548856508405e+00 6.726518145485454347e+00 7.836599866796873926e+00 7.836650301874566793e+00 1.021573631860368714e+01 1.021580986803491697e+01 1.098153638621709405e+01 1.098158811372063148e+01 1.116315491208056621e+01 1.116319359515795462e+01 1.189043367951673957e+01 1.189048049605532498e+01 1.274601521587816499e+01 1.274604437245386990e+01 1.478325586610532483e+01 1.478326941912965431e+01 1.652624134058496708e+01 1.652627776529473991e+01 2.325062991865741324e+01 2.325063801169340039e+01
1.667493978118449738e-01 2.245483037995410491e+00 2.245485474479480548e+00 3.496258237632660304e+00 3.496334756510692365e+00 3.991519129730211279e+00 3.991545074616866362e+00 4.823576664777481149e+00 4.823713905049083372e+00 6.240465159947615525e+00 6.240474865910683455e+00 6.725680975551209251e+00 6.725740751297838216e+00 7.833164794846221746e+00 7.833218108565786153e+00 1.021900207637203906e+01 1.021907862326325755e+01 1.098037569503789967e+01 1.098043094318606627e+01 1.116181234091321528e+01 1.116185244679935451e+01 1.189114085564023426e+01 1.189118922541410228e+01 1.274659007259213794e+01 1.274662103701112059e+01 1.478316769034288036e+01 1.478318185588390499e+01 1.652615114041651267e+01 1.652618926058539373e+01 2.325031212036839534e+01 2.325032058497343712e+01
1.676726736862658163e-01 2.247193595449508141e+00 2.247196434987602132e+00 3.496458011789878473e+00 3.496536978265152751e+00 3.997081392601241401e+00 3.997107743288185411e+00 4.822859490547568129e+00 4.823000586219147401e+00 6.240210882064671338e+00 6.240220987610793024e+00 6.724864452694927941e+00 6.724928302554831205e+00 7.829597778868203406e+00 7.829653838232748519e+00 1.022241115539236489e+01 1.022249036648856446e+01 1.097914200593014478e+01 1.097920070123309166e+01 1.116042553814968308e+01 1.116046690425434740e+01 1.189187226618084559e+01 1.189192193085839833e+01 1.274719196399874299e+01 1.274722468096913985e+01 1.478307610814071182e+01 1.478309083303921412e+01 1.652605612602026497e+01 1.652609580555175484e+01 2.324997590377355294e+01 2.324998470911566528e+01
1.685959495606866587e-01 2.248964736050349078e+00 2.248968005839869111e+00 3.496660853344784492e+00 3.496741911911359857e+00 4.002893794338012512e+00 4.002920411551571966e+00 4.822106218275569844e+00 4.822250415991344852e+00 6.239945081636838253e+00 6.239955522244690300e+00 6.724016132191825257e+00 6.724083908799698861e+00 7.825913828695330032e+00 7.825972482891821791e+00 1.022595178505591029e+01 1.022603331684496553e+01 1.097783654763580152e+01 1.097789859059179207e+01 1.115900114779621255e+01 1.115904361571923253e+01 1.189262444331479429e+01 1.189267514133285886e+01 1.274781911613005470e+01 1.274785351996078298e+01 1.478298150631918872e+01 1.478299673508532308e+01 1.652595645881417852e+01 1.652599755500563816e+01 2.324962164408544041e+01 2.324963075793185041e+01
1.695192254351075012e-01 2.250790193522685279e+00 2.250793917718188375e+00 3.496865588722254614e+00 3.496948380443317905e+00 4.008940585653611777e+00 4.008967340671319768e+00 4.821318496571643131e+00 4.821465029064293972e+00 6.239668329620730702e+00 6.239679036929755007e+00 6.723139419772002690e+00 6.723210933251275279e+00 7.822128367248680547e+00 7.822189446983627725e+00 1.022961172390579421e+01 1.022969522431464284e+01 1.097646088398779085e+01 1.097652614730344922e+01 1.115754585411990263e+01 1.115758927035722436e+01 1.189339385998989940e+01 1.189344532842800461e+01 1.274846968386123436e+01 1.274850569791700039e+01 1.478288428515528530e+01 1.478289996014903274e+01 1.652585230740764288e+01 1.652589467133323708e+01 2.324924973582810850e+01 2.324925912464127364e+01
1.704425013095283437e-01 2.252663670425914422e+00 2.252667869606924000e+00 3.497071075123719286e+00 3.497155239641801749e+00 4.015205077000663536e+00 4.015231852821446346e+00 4.820498183275897297e+00 4.820646274333800996e+00 6.239381199577868742e+00 6.239392103413202939e+00 6.722237979228909310e+00 6.722312997728424833e+00 7.818257159262797629e+00 7.818320476312623946e+00 1.023337829216381145e+01 1.023346340229330309e+01 1.097501695286861967e+01 1.097508528005061201e+01 1.115606632959412536e+01 1.115611054583964190e+01 1.189417694890280686e+01 1.189422892534354403e+01 1.274914175703181662e+01 1.274917929329660637e+01 1.478278485678679743e+01 1.478280091840866284e+01 1.652574384720862355e+01 1.652578732413255480e+01 2.324886059227397439e+01 2.324887022131309067e+01
1.713657771839491861e-01 2.254578874034916414e+00 2.254583564699559339e+00 3.497276207142702376e+00 3.497361384591437528e+00 4.021669654786431458e+00 4.021696346856045601e+00 4.819647362507191168e+00 4.819796232135132641e+00 6.239084263623070115e+00 6.239095294399189306e+00 6.721315735008596803e+00 6.721393985896185086e+00 7.814316239887062920e+00 7.814381586886431919e+00 1.023723840416140796e+01 1.023732476005114123e+01 1.097350710413905261e+01 1.097357830850020299e+01 1.115456918376157702e+01 1.115461405679824480e+01 1.189497012088645889e+01 1.189502234524628754e+01 1.274983336683184731e+01 1.274987232558736316e+01 1.478268364356585174e+01 1.478270003045754777e+01 1.652563126001269822e+01 1.652567568983292645e+01 2.324845464485710878e+01 2.324846447828498341e+01
1.722890530583700286e-01 2.256529550330273359e+00 2.256534744419020466e+00 3.497479922246003348e+00 3.497565755049505398e+00 4.028315803003698292e+00 4.028342319450395337e+00 4.818768361602183248e+00 4.818917231356466324e+00 6.238778088449215886e+00 6.238789179937699103e+00 6.720376872850795991e+00 6.720458044530964514e+00 7.810321843591115254e+00 7.810388994079277225e+00 1.024117860067729957e+01 1.024126583509166544e+01 1.097193413565936737e+01 1.097200799977641772e+01 1.115306091376196385e+01 1.115310630495929622e+01 1.189576978259396434e+01 1.189582199890919334e+01 1.275054249243520488e+01 1.275058276205907504e+01 1.478258107636766994e+01 1.478259772562251406e+01 1.652551473357479139e+01 1.652555995129717203e+01 2.324803234256346585e+01 2.324804234355865162e+01
1.732123289327908711e-01 2.258509515848011961e+00 2.258515220301306137e+00 3.497681205154945516e+00 3.497767339703993894e+00 4.035124130608513937e+00 4.035150391961762395e+00 4.817863767639186889e+00 4.818011866115366360e+00 6.238463231489371097e+00 6.238474323911690433e+00 6.719425838181132704e+00 6.719509582500224454e+00 7.806290333781880086e+00 7.806359042523428826e+00 1.024518508124496563e+01 1.024527282547149731e+01 1.097030132646817258e+01 1.097037760212100643e+01 1.115154785728128140e+01 1.115159363174098850e+01 1.189657235338376928e+01 1.189662431153715438e+01 1.275126706786047670e+01 1.275130852474774201e+01 1.478247759286148977e+01 1.478249444024413251e+01 1.652539446116454869e+01 1.652544029740715104e+01 2.324759415129998885e+01 2.324760428217398811e+01
1.741356048072117135e-01 2.260512687184794700e+00 2.260518903538109470e+00 3.497879091182732214e+00 3.497965179379642908e+00 4.042074404960489531e+00 4.042100343349753544e+00 4.816936443188700068e+00 4.817083011637242507e+00 6.238140237289115042e+00 6.238151280651362818e+00 6.718467331958647648e+00 6.718553267156192277e+00 7.802238133517354512e+00 7.802308137109767117e+00 1.024924373655577803e+01 1.024933162220688487e+01 1.096861246614956542e+01 1.096869087476261839e+01 1.115003614866507498e+01 1.115008217407995161e+01 1.189737428133113362e+01 1.189742573870510256e+01 1.275200498903814861e+01 1.275204749764803402e+01 1.478237363575003727e+01 1.478239061592509351e+01 1.652527064110671162e+01 1.652531692263369223e+01 2.324714055324353268e+01 2.324715077556286857e+01
1.750588806816325560e-01 2.262533108001481885e+00 2.262539832021082109e+00 3.498072668601432955e+00 3.498158369268238754e+00 4.049145591632829166e+00 4.049171149493783872e+00 4.815989540876399744e+00 4.816133838918194243e+00 6.237809634178760554e+00 6.237820591691761507e+00 6.717506303693886238e+00 6.717594017853351751e+00 7.798181657677624834e+00 7.798252675453458238e+00 1.025334018114632606e+01 1.025342784195538037e+01 1.096687187941268782e+01 1.096695211300863448e+01 1.114853167889825514e+01 1.114857782420912002e+01 1.189817205830835078e+01 1.189822278135190636e+01 1.275275412106089057e+01 1.275279753408970329e+01 1.478226965098445334e+01 1.478228669775356252e+01 1.652514347630710745e+01 1.652519002659130010e+01 2.324667204617110627e+01 2.324668232088401965e+01
1.759821565560533985e-01 2.264564973413143445e+00 2.264572194775566594e+00 3.498261080123977074e+00 3.498346060271396496e+00 4.056315900896803051e+00 4.056341029247201746e+00 4.815026516284468983e+00 4.815167827694375902e+00 6.237471931354821919e+00 6.237482782671457393e+00 6.716547941370592412e+00 6.716636996316704078e+00 7.794137246926622353e+00 7.794208982153440601e+00 1.025745978662026126e+01 1.025754686022301421e+01 1.096508444493003154e+01 1.096516616759424601e+01 1.114704006008622805e+01 1.114708619403546130e+01 1.189896223409417253e+01 1.189901199979129665e+01 1.275351230559223303e+01 1.275355646427198231e+01 1.478216608596189552e+01 1.478218313250857641e+01 1.652501317376610857e+01 1.652505981357928277e+01 2.324618914277290571e+01 2.324619943034041825e+01
1.769054324304742409e-01 2.266602651698922166e+00 2.266610353717061876e+00 3.498443523596051818e+00 3.498527459552934538e+00 4.063562841189434671e+00 4.063587497572663132e+00 4.814051138656192386e+00 4.814188777178568301e+00 6.237127616499090088e+00 6.237138360351897504e+00 6.715597658029802020e+00 6.715687593613238526e+00 7.790121103769241273e+00 7.790193245145286660e+00 1.026158771571414796e+01 1.026167384540636895e+01 1.096325560753281003e+01 1.096333845737462198e+01 1.114556659497858782e+01 1.114561258466502913e+01 1.189974142948857150e+01 1.189979002671706887e+01 1.275427736840731185e+01 1.275432210292845525e+01 1.478206338771279782e+01 1.478208036685444959e+01 1.652487994408043193e+01 1.652492649210970654e+01 2.324569236994942756e+01 2.324570263048049412e+01
1.778287083048950834e-01 2.268640703307437168e+00 2.268648862705930469e+00 3.498619251996060164e+00 3.498701830401416579e+00 4.070863279881731245e+00 4.070887426108427576e+00 4.813067498807685141e+00 4.813200813963306679e+00 6.236777154067579154e+00 6.236787809730942378e+00 6.714661074808338626e+00 6.714751413512221490e+00 7.786149230977392754e+00 7.786221454415737320e+00 1.026570895757088664e+01 1.026579379403314540e+01 1.096139138294223159e+01 1.096147497452662023e+01 1.114411625195860722e+01 1.114416196149647043e+01 1.190050634842376098e+01 1.190055357919465706e+01 1.275504712703785515e+01 1.275509225709358319e+01 1.478196200108506098e+01 1.478197884553134323e+01 1.652474400093491980e+01 1.652479027442370452e+01 2.324518226809420440e+01 2.324519246148452822e+01
1.787519841793159259e-01 2.270673897172205802e+00 2.270682483914712169e+00 3.498787572843226279e+00 3.498868491504903311e+00 4.078193511675602068e+00 4.078217111517081328e+00 4.812080013592967553e+00 4.812208396431508994e+00 6.236420984348583829e+00 6.236431591251970552e+00 6.713744000265549516e+00 6.713834252062067520e+00 7.782237372625477434e+00 7.782309343314048000e+00 1.026980836463207503e+01 1.026989156761256261e+01 1.095949835432064567e+01 1.095958228153207692e+01 1.114269364578492016e+01 1.114273893515924030e+01 1.190125378907543130e+01 1.190129946964411367e+01 1.275581939849207203e+01 1.275586473394039366e+01 1.478186236693269073e+01 1.478187900954943323e+01 1.652460556058565899e+01 1.652465137599716627e+01 2.324465939036372220e+01 2.324466947643800196e+01
1.796752600537367683e-01 2.272697224389347070e+00 2.272706201560230177e+00 3.498947847111976373e+00 3.499026815737850793e+00 4.085529334967151094e+00 4.085552351964055084e+00 4.811093426217792235e+00 4.811216314964468665e+00 6.236059523298413509e+00 6.236070138193543499e+00 6.712852405882357765e+00 6.712942073262431641e+00 7.778400957941077110e+00 7.778472332660569144e+00 1.027387069159821920e+01 1.027395193154448449e+01 1.095758366005324014e+01 1.095766749934258932e+01 1.114130302422122654e+01 1.114134774841560116e+01 1.190198065398947413e+01 1.190202461583108473e+01 1.275659200701936768e+01 1.275663734865835686e+01 1.478176492031593270e+01 1.478178129439362110e+01 1.652446484133626470e+01 1.652451001503721173e+01 2.324412430193570955e+01 2.324413424059276068e+01
1.805985359281576108e-01 2.274705909340624110e+00 2.274715233083324240e+00 3.499099487746974546e+00 3.499176228555879398e+00 4.092846136515746025e+00 4.092868532058336228e+00 4.810112801657341564e+00 4.810229687196240889e+00 6.235693163020366470e+00 6.235703854456415840e+00 6.711992397674992006e+00 6.712080980769444594e+00 7.774655048139766933e+00 7.774725477816251562e+00 1.027788063693174969e+01 1.027795959656223701e+01 1.095565497231348928e+01 1.095573828626980806e+01 1.113994826053362885e+01 1.113999226898450168e+01 1.190268395924955058e+01 1.190272604989239902e+01 1.275736279188818045e+01 1.275740793233874015e+01 1.478167008872070376e+01 1.478168612824650197e+01 1.652432206300865758e+01 1.652436641197082423e+01 2.324357757925772106e+01 2.324358733061812998e+01
1.815218118025784533e-01 2.276695418374320212e+00 2.276705037888685723e+00 3.499241957867350372e+00 3.499316206088333825e+00 4.100118984746443651e+00 4.100140716559152132e+00 4.809143516410241403e+00 4.809253947540367946e+00 6.235322272617926487e+00 6.235333113084674750e+00 6.711170183932068767e+00 6.711257185639579959e+00 7.771014286375232949e+00 7.771083418839283219e+00 1.028182288738763184e+01 1.028189926319400094e+01 1.095372046611917582e+01 1.095380280730124234e+01 1.113863285168092609e+01 1.113867598808896808e+01 1.190336084271894634e+01 1.190340092643094394e+01 1.275812961514474964e+01 1.275817433983436722e+01 1.478157829030432957e+01 1.478159393023652513e+01 1.652417744641025976e+01 1.652422078892698920e+01 2.324301980928713363e+01 2.324302933384291237e+01
1.824450876769992957e-01 2.278661466179441764e+00 2.278671323780065983e+00 3.499374768741996267e+00 3.499446273011181052e+00 4.107322731980128871e+00 4.107343753105064721e+00 4.808191241820120254e+00 4.808294830213443838e+00 6.234947199125896233e+00 6.234958255867346644e+00 6.710392039157096811e+00 6.710476970192635449e+00 7.767492850896196011e+00 7.767560333815713314e+00 1.028568216604804775e+01 1.028575566971921873e+01 1.095178877874607792e+01 1.095186969370383245e+01 1.113735992187864277e+01 1.113740202438437521e+01 1.190400857139688995e+01 1.190404652972139665e+01 1.275889036932010967e+01 1.275893445756027944e+01 1.478148993217516072e+01 1.478150510871880918e+01 1.652403121279930787e+01 1.652407336921399050e+01 2.324245158872432881e+01 2.324246084749009711e+01
1.833683635514201382e-01 2.280600020009646567e+00 2.280610051246942493e+00 3.499497477610201912e+00 3.499566000275591726e+00 4.114432125822236941e+00 4.114452384149489106e+00 4.807261920225184504e+00 4.807358345009123290e+00 6.234568268355312526e+00 6.234579594212875442e+00 6.709664264377566134e+00 6.709746648155408444e+00 7.764104411462094291e+00 7.764169895411877853e+00 1.028944328430635480e+01 1.028951364406539604e+01 1.094986895952989769e+01 1.094994799294382837e+01 1.113613223109003236e+01 1.113617313279957166e+01 1.190462454793496327e+01 1.190466028007367250e+01 1.275964298505146033e+01 1.275968621120061819e+01 1.478140540871318365e+01 1.478142005959565530e+01 1.652388358335023710e+01 1.652392437679358039e+01 2.324187352324039324e+01 2.324188247790547734e+01
1.842916394258409807e-01 2.282507301927113819e+00 2.282517435772786207e+00 3.499609685413882065e+00 3.499675002758479092e+00 4.121421929840975551e+00 4.121441368184216358e+00 4.806361733261693026e+00 4.806450745141705561e+00 6.234185785712788253e+00 6.234197411238902475e+00 6.708993144065843239e+00 6.709072521333682815e+00 7.760862089029057387e+00 7.760925230656599005e+00 1.029309119818906559e+01 1.029315816003416906e+01 1.094797041025147877e+01 1.094804710911824053e+01 1.113495218789226371e+01 1.113499171772184049e+01 1.190520631636295512e+01 1.190523973940472047e+01 1.276038543858473773e+01 1.276042757328784916e+01 1.478132509993876020e+01 1.478133916468383013e+01 1.652373477862076712e+01 1.652377403575340153e+01 2.324128622670087907e+01 2.324129483978185817e+01
1.852149153002618232e-01 2.284379789249031401e+00 2.284389948347049337e+00 3.499711034499691120e+00 3.499772936893789765e+00 4.128267053521675223e+00 4.128285610191298360e+00 4.805497061756748067e+00 4.805578486588323095e+00 6.233800037227394952e+00 6.233811964819857110e+00 6.708384900003527385e+00 6.708460833149046287e+00 7.757778418678173082e+00 7.757838883922264728e+00 1.029661106931945547e+01 1.029667439816051200e+01 1.094610281646588845e+01 1.094617673426081161e+01 1.113382186608785851e+01 1.113385984988310540e+01 1.190575156707641291e+01 1.190578261607216604e+01 1.276111575912445595e+01 1.276115657061982667e+01 1.478124936993652661e+01 1.478126279013553379e+01 1.652358501802285673e+01 1.652362256977971100e+01 2.324069032038726590e+01 2.324069855538024498e+01
1.861381911746826656e-01 2.286214213385556526e+00 2.286224314369516897e+00 3.499801206340920956e+00 3.499859498334395358e+00 4.134942691290393491e+00 4.134960301078486111e+00 4.804674436805646209e+00 4.804748178519538726e+00 6.233411291043493563e+00 6.233423491278629491e+00 6.707845642508559081e+00 6.707917719466864881e+00 7.754865315719714935e+00 7.754922783036359846e+00 1.029998833071018005e+01 1.030004781139276204e+01 1.094427607030232963e+01 1.094434677105376963e+01 1.113274302438106211e+01 1.113277928625923430e+01 1.190625814113969305e+01 1.190628676902482752e+01 1.276183203599728877e+01 1.276187129148051191e+01 1.478117856534116115e+01 1.478119128491979595e+01 1.652343451929937856e+01 1.652347020163209734e+01 2.324008643221730708e+01 2.324009425374935489e+01
1.870614670491035081e-01 2.288007557262309533e+00 2.288017511139488480e+00 3.499879919322667288e+00 3.499934419687823262e+00 4.141424470154211335e+00 4.141441065618331585e+00 4.803900481843920822e+00 4.803966524623975332e+00 6.233019799540877592e+00 6.233032209474067997e+00 6.707381319529720720e+00 6.707449157229735448e+00 7.752134044870504503e+00 7.752188208419292792e+00 1.030320875742462761e+01 1.030326419563372475e+01 1.094250018543165659e+01 1.094256724764783328e+01 1.113171712841737282e+01 1.113175149227753735e+01 1.190672403395872614e+01 1.190675021132538980e+01 1.276253242559659462e+01 1.276256989263111663e+01 1.478111301389150967e+01 1.478112497937063452e+01 1.652328349800851370e+01 1.652331715262203105e+01 2.323947519596588407e+01 2.323948256994500028e+01
1.879847429235243506e-01 2.289757051520004527e+00 2.289766764121903719e+00 3.499946926625396859e+00 3.499997468360723119e+00 4.147688605205743784e+00 4.147704118123466621e+00 4.803181845796876459e+00 4.803240255406949544e+00 6.232625802109851065e+00 6.232638325137608959e+00 6.706997664195190723e+00 6.707060911494666655e+00 7.749595192368192720e+00 7.749645765111900175e+00 1.030625854196717306e+01 1.030630976500361129e+01 1.094078520507268593e+01 1.094084822546835056e+01 1.113074537448893153e+01 1.113077766563586479e+01 1.190714739837776115e+01 1.190717111310067189e+01 1.276321515807512696e+01 1.276325060603855199e+01 1.478105302305960933e+01 1.478106418380855480e+01 1.652313216701758236e+01 1.652316364209698207e+01 2.323885725048779349e+01 2.323886414425066960e+01
1.889080187979451930e-01 2.291460169681143633e+00 2.291469542179811913e+00 3.500002014236525127e+00 3.500048444541157266e+00 4.153712061889370588e+00 4.153726424752497870e+00 4.802525127717601983e+00 4.802576051872878615e+00 6.232229528504425353e+00 6.232242035384380152e+00 6.706700141475955057e+00 6.706758481548647843e+00 7.747258640856767187e+00 7.747305357527379144e+00 1.030912437405460125e+01 1.030917123147792580e+01 1.093914110408803708e+01 1.093919970106563611e+01 1.112982871423563935e+01 1.112985876106688465e+01 1.190752654725289794e+01 1.190754780397323032e+01 1.276387854375462005e+01 1.276391174530948547e+01 1.478099887876027907e+01 1.478100918724100588e+01 1.652298073600883654e+01 1.652300988693238892e+01 2.323823323894377424e+01 2.323823962140069455e+01
1.898312946723660355e-01 2.293114622468067854e+00 2.293123551956750106e+00 3.500044999113600230e+00 3.500087179341650589e+00 4.159472723533168548e+00 4.159485870958709697e+00 4.801936793703826645e+00 4.801980461382267862e+00 6.231831202641211931e+00 6.231843533351018927e+00 6.706493894690356505e+00 6.706547046844159254e+00 7.745133546852356332e+00 7.745176166738025891e+00 1.031179352418886097e+01 1.031183588832153397e+01 1.093757768640557160e+01 1.093763150325305311e+01 1.112896787971837931e+01 1.112899551542969157e+01 1.190785995555356891e+01 1.190787877502643610e+01 1.276452097922150841e+01 1.276455171179917158e+01 1.478095084414722038e+01 1.478096025614773978e+01 1.652282941099850078e+01 1.652285610103298552e+01 2.323760380803124903e+01 2.323760964980746024e+01
1.907545705467868780e-01 2.294718351448635119e+00 2.294726731584644686e+00 3.500075727517231616e+00 3.500113533120511544e+00 4.164949562226072821e+00 4.164961432179318024e+00 4.801423087300959125e+00 4.801459806891612558e+00 6.231431046691471742e+00 6.231443012905721446e+00 6.706383692628395288e+00 6.706431413549580611e+00 7.743228320579060409e+00 7.743266630088740499e+00 1.031425393020355763e+01 1.031429169649253197e+01 1.093610447918828399e+01 1.093615318696321204e+01 1.112816340829997053e+01 1.112818847257143773e+01 1.190814626204102211e+01 1.190816268035291969e+01 1.276514095307969754e+01 1.276516900036573432e+01 1.478090915850076215e+01 1.478091763335623732e+01 1.652267839387157267e+01 1.652270249484572062e+01 2.323696960722086757e+01 2.323697488079364959e+01
1.916778464212077204e-01 2.296269522176039413e+00 2.296277243883040331e+00 3.500094073527811656e+00 3.500127393994596492e+00 4.170122810684833148e+00 4.170133345436582317e+00 4.800989935037472733e+00 4.801020091222057751e+00 6.231029285313185007e+00 6.231040673356019077e+00 6.706373878112558806e+00 6.706415962548112120e+00 7.741550607951222851e+00 7.741584422916661268e+00 1.031649428570293203e+01 1.031652737293624256e+01 1.093473062535910678e+01 1.093477392543577231e+01 1.112741566683837924e+01 1.112743800747091605e+01 1.190838427056958793e+01 1.190839833823291727e+01 1.276573705133249526e+01 1.276576220474214018e+01 1.478087403621234230e+01 1.478088153701225060e+01 1.652252788193381505e+01 1.652254927488596437e+01 2.323633128800052461e+01 2.323633596783125554e+01
1.926011222956285629e-01 2.297766516977866491e+00 2.297773469204053232e+00 3.500099937755687840e+00 3.500128676552222817e+00 4.174974132333015397e+00 4.174983279106381673e+00 4.800642849175159377e+00 4.800666898432410790e+00 6.230626149875876152e+00 6.230636724058602915e+00 6.706468318832483178e+00 6.706504599738895678e+00 7.740107274471580645e+00 7.740136442150103768e+00 1.031850412906645253e+01 1.031853247944415486e+01 1.093346477625834012e+01 1.093350240252146754e+01 1.112672487476924843e+01 1.112674434924842259e+01 1.190857295105346658e+01 1.190858473198598588e+01 1.276630796236759302e+01 1.276633002249968740e+01 1.478084566587012283e+01 1.478085215964999222e+01 1.652237806748318505e+01 1.652239664327916557e+01 2.323568950312758830e+01 2.323569356578816425e+01
1.935243981700494054e-01 2.299207927536950802e+00 2.299213998064757014e+00 3.500093246251483770e+00 3.500117320772106133e+00 4.179486786437968782e+00 4.179494497737814562e+00 4.800386830163932750e+00 4.800405294763262276e+00 6.230221882539178857e+00 6.230231388820340221e+00 6.706670361292905724e+00 6.706700709495187596e+00 7.738904390815892320e+00 7.738928791561854759e+00 1.032027393146923266e+01 1.032029751052994015e+01 1.093231498635925547e+01 1.093234670703404099e+01 1.112609112572786074e+01 1.112610760269871335e+01 1.190871144013839711e+01 1.190872101053601817e+01 1.276685248152081975e+01 1.276687125957901081e+01 1.478082420944979880e+01 1.478082966736602799e+01 1.652222913740213528e+01 1.652224479731953011e+01 2.323504490589096960e+01 2.323504833018375137e+01
1.944476740444702478e-01 2.300592547392839471e+00 2.300597623695126881e+00 3.500073949619830316e+00 3.500093291150392805e+00 4.183645784853075256e+00 4.183652018509737225e+00 4.800226271639987274e+00 4.800239731931296383e+00 6.229816740054558544e+00 6.229824909971755531e+00 6.706982788696026709e+00 6.707007112114081515e+00 7.737947219881736949e+00 7.737966768459392242e+00 1.032179518218507219e+01 1.032181397859134009e+01 1.093128861207870983e+01 1.093131423119273649e+01 1.112551440743073705e+01 1.112552776807302557e+01 1.190879904161307579e+01 1.190880648872500203e+01 1.276736951519620966e+01 1.276738483436638738e+01 1.478080980161436564e+01 1.478081419910073713e+01 1.652208127277262051e+01 1.652209392904770624e+01 2.323439814938393511e+01 2.323440091645460015e+01
1.953709499188910903e-01 2.301919364478509866e+00 2.301923334615578742e+00 3.500042022337870762e+00 3.500056576036244760e+00 4.187438036728878821e+00 4.187442755723594701e+00 4.800164871074243500e+00 4.800173955741825260e+00 6.229410997169736675e+00 6.229417551994295366e+00 6.707407783540307200e+00 6.707426026050507417e+00 7.737240205095171852e+00 7.737254851611232276e+00 1.032306046931100596e+01 1.032307449449898940e+01 1.093039221677979356e+01 1.093041157525780349e+01 1.112499461960120328e+01 1.112500475889912188e+01 1.190883522659169635e+01 1.190884064740735759e+01 1.276785808452230597e+01 1.276786978129556083e+01 1.478080254912574532e+01 1.478080586603032565e+01 1.652193464851564642e+01 1.652194422484941683e+01 2.323374988578870770e+01 2.323375197923133229e+01
1.962942257933119328e-01 2.303187553792792830e+00 2.303190307343517151e+00 3.499997462277158355e+00 3.500007187173419965e+00 4.190852477519223740e+00 4.190855649686955786e+00 4.800205549357262846e+00 4.800210922995788998e+00 6.229004949527299217e+00 6.229009604589395011e+00 6.707946895658188247e+00 6.707959035665257197e+00 7.736786959790859619e+00 7.736796690230806739e+00 1.032406355399534803e+01 1.032407284169603479e+01 1.092963148406058593e+01 1.092964446045788129e+01 1.112453158978109968e+01 1.112453841768525464e+01 1.190881963349428574e+01 1.190882313335203513e+01 1.276831732852660828e+01 1.276832525395752604e+01 1.478080253037106395e+01 1.478080475107231173e+01 1.652178943305650805e+01 1.652179586507634212e+01 2.323310076567408800e+01 2.323310217162769931e+01
1.972175016677327752e-01 2.304396470293752941e+00 2.304397899313941789e+00 3.499940290426177825e+00 3.499945159444044940e+00 4.193880178741715703e+00 4.193881776463716626e+00 4.800350382728747256e+00 4.800352729412989738e+00 6.228598915963899252e+00 6.228601385090163589e+00 6.708601016334856837e+00 6.708607065132796698e+00 7.736590257510781221e+00 7.736595093868986694e+00 1.032479943627596874e+01 1.032480404191720424e+01 1.092901114134484608e+01 1.092901765222976707e+01 1.112412508691985202e+01 1.112412852940162367e+01 1.190875206784718721e+01 1.190875375897515198e+01 1.276874650681263113e+01 1.276875052770320629e+01 1.478080979500554548e+01 1.478081090850655954e+01 1.652164578801734152e+01 1.652164902369118238e+01 2.323245143730683182e+01 2.323245214454285446e+01
1.981407775421536177e-01 2.305545642083576485e+00 2.305545642083598690e+00 3.499870550808695135e+00 3.499870550808707126e+00 4.196514435270988663e+00 4.196514435270998433e+00 4.800600550635050645e+00 4.800600550635055086e+00 6.228193240133855113e+00 6.228193240133858666e+00 6.709370359052038602e+00 6.709370359052040378e+00 7.736652023101863840e+00 7.736652023101871833e+00 1.032526441074985968e+01 1.032526441074986678e+01 1.092853489563134595e+01 1.092853489563135305e+01 1.112377483267387746e+01 1.112377483267388456e+01 1.190863250192142608e+01 1.190863250192143497e+01 1.276914500172640032e+01 1.276914500172641453e+01 1.478082436371370889e+01 1.478082436371371600e+01 1.652150386793839587e+01 1.652150386793841008e+01 2.323180254597771111e+01 2.323180254597771466e+01
1.990640534165744602e-01 2.306633234875054672e+00 2.306634763941597832e+00 3.499783442435876246e+00 3.499788310592146789e+00 4.198749210789515907e+00 4.198750827446618317e+00 4.800954597067616625e+00 4.800956303567928352e+00 6.227785546535186789e+00 6.227788291401575194e+00 6.710248470184607683e+00 6.710254447285966428e+00 7.736968580940655649e+00 7.736973324533173546e+00 1.032545160146307417e+01 1.032545611049895307e+01 1.092819886454637590e+01 1.092820538301673849e+01 1.112347702865545429e+01 1.112348051038265062e+01 1.190845950450820823e+01 1.190846107422204625e+01 1.276950820061714076e+01 1.276951232000175196e+01 1.478084511303196358e+01 1.478084622808970572e+01 1.652136055804201931e+01 1.652136382002904469e+01 2.323115402036646415e+01 2.323115473334340209e+01
1.999873292909953026e-01 2.307660538501958847e+00 2.307663691247071824e+00 3.499683939012036671e+00 3.499693660378189186e+00 4.200584008309906636e+00 4.200587255948071252e+00 4.801414081269479439e+00 4.801416955829770572e+00 6.227378711324252691e+00 6.227384464969352607e+00 6.711240254612540035e+00 6.711252109660061471e+00 7.737545004935512338e+00 7.737554365398279899e+00 1.032536463581880604e+01 1.032537353798565327e+01 1.092801112598006519e+01 1.092802413328767308e+01 1.112323478757159734e+01 1.112324177171444184e+01 1.190823507304119566e+01 1.190823808883675206e+01 1.276983977537805437e+01 1.276984809387647424e+01 1.478087312373303774e+01 1.478087535063741953e+01 1.652121924693156885e+01 1.652122578394945052e+01 2.323050720792369717e+01 2.323050863678443534e+01
2.009106051654161451e-01 2.308627569703031401e+00 2.308632434320196491e+00 3.499572169222728846e+00 3.499586714667002774e+00 4.202019060431478437e+00 4.202023948195017233e+00 4.801977196206169474e+00 4.801980907140007027e+00 6.226973170939079871e+00 6.226982181230701130e+00 6.712343874466215610e+00 6.712361482614836561e+00 7.738380659992341926e+00 7.738394478115894870e+00 1.032500392093785990e+01 1.032501708199085044e+01 1.092797212035906895e+01 1.092799155049311821e+01 1.112304775294813552e+01 1.112305824099570728e+01 1.190795967700671909e+01 1.190796401464744925e+01 1.277013950389927466e+01 1.277015208167387783e+01 1.478090833411727978e+01 1.478091166489011421e+01 1.652108007999790829e+01 1.652108989162421793e+01 2.322986274400814821e+01 2.322986488878034805e+01
2.018338810398369876e-01 2.309534495900187334e+00 2.309541153196361218e+00 3.499448286393442853e+00 3.499467612484909118e+00 4.203056904918256897e+00 4.203063435923813707e+00 4.802641117090901801e+00 4.802645680995159871e+00 6.226569389588732406e+00 6.226581884363495689e+00 6.713556808226105233e+00 6.713580020612756272e+00 7.739474031970495105e+00 7.739492117890811151e+00 1.032437125170570269e+01 1.032438852008004382e+01 1.092808115831536320e+01 1.092810690997432133e+01 1.112291554355354428e+01 1.112292951725412138e+01 1.190763394814077358e+01 1.190763948440326025e+01 1.277040729088994730e+01 1.277042416784721368e+01 1.478095065372754036e+01 1.478095507564912658e+01 1.652094319487940766e+01 1.652095626708831233e+01 2.322922125850366015e+01 2.322922411630249329e+01
2.027571569142578300e-01 2.310381630382554174e+00 2.310390152836078848e+00 3.499312469277970905e+00 3.499336518164021026e+00 4.203702334244263206e+00 4.203710504516707580e+00 4.803402077473683640e+00 4.803407928092537915e+00 6.226167856828579872e+00 6.226184040200225311e+00 6.714875868454226904e+00 6.714904513749338832e+00 7.740822722178582360e+00 7.740844857547067193e+00 1.032346979864369452e+01 1.032349100652428930e+01 1.092833643397345789e+01 1.092836837187070920e+01 1.112283775309551714e+01 1.112285517401821267e+01 1.190725867937103288e+01 1.190726529364886765e+01 1.277064316726711546e+01 1.277066436248673220e+01 1.478099996368071167e+01 1.478100545934021426e+01 1.652080872127978495e+01 1.652082502636615402e+01 2.322858337521807215e+01 2.322858694022511017e+01
2.036804327886786725e-01 2.311169427907182605e+00 2.311179878761293160e+00 3.499164922980505743e+00 3.499193622260829528e+00 4.203962318266045273e+00 4.203972115557028211e+00 4.804255529742865960e+00 4.804263382009018812e+00 6.225769084412823950e+00 6.225789133434436629e+00 6.716297226666586795e+00 6.716331112497432976e+00 7.742423442932596878e+00 7.742449383392460582e+00 1.032230408161574609e+01 1.032232904604765800e+01 1.092873505429842318e+01 1.092877301065881568e+01 1.112281394772443122e+01 1.112283475692807500e+01 1.190683482362380019e+01 1.190684239949696455e+01 1.277084728900572230e+01 1.277087280029229355e+01 1.478105611711549550e+01 1.478106266448601502e+01 1.652067678081812474e+01 1.652069627738416102e+01 2.322794971130033304e+01 2.322795397475508494e+01
2.046037086630995150e-01 2.311898480695448121e+00 2.311910913097077191e+00 3.499005879996015533e+00 3.499039142599237540e+00 4.203845902286418301e+00 4.203857304896083669e+00 4.805196261499850685e+00 4.805206891575240391e+00 6.225373602510175353e+00 6.225397664241328677e+00 6.717816444921334451e+00 6.717855359174125240e+00 7.744272014385584768e+00 7.744301492319205060e+00 1.032087993016149952e+01 1.032090845419423886e+01 1.092927308362392935e+01 1.092931685984395784e+01 1.112284366140683112e+01 1.112286777922249037e+01 1.190636349248410042e+01 1.190637191922885307e+01 1.277101993545583802e+01 1.277104973901674612e+01 1.478111893975434299e+01 1.478112651229231211e+01 1.652054748691183406e+01 1.652057011991701430e+01 2.322732087667656131e+01 2.322732582688088598e+01
2.055269845375203575e-01 2.312569514794581949e+00 2.312583970987923010e+00 3.498835601352395130e+00 3.498873325421920200e+00 4.203364083468007273e+00 4.203377059196387933e+00 4.806218433971893411e+00 4.806232558483425343e+00 6.224981955385701760e+00 6.225010144406379453e+00 6.719428513572210271e+00 6.719472225592614478e+00 7.746363362878009085e+00 7.746396090385960775e+00 1.031920443162055534e+01 1.031923630548129012e+01 1.092994560208721921e+01 1.092999497053292224e+01 1.112292638924422050e+01 1.112295371518002085e+01 1.190584595469332108e+01 1.190585512870215368e+01 1.277116150713595388e+01 1.277119555738797274e+01 1.478118823057689823e+01 1.478119679734522052e+01 1.652042094469288358e+01 1.652044664556779452e+01 2.322669747350538927e+01 2.322670309584099613e+01
2.064502604119411999e-01 2.313183386763673965e+00 2.313199897347991474e+00 3.498654377835714868e+00 3.498696446632080015e+00 4.202529669079615893e+00 4.202544174424811096e+00 4.807315635781383101e+00 4.807333880645443536e+00 6.224594696664694560e+00 6.224627093067626404e+00 6.721127894526747859e+00 6.721176156248446887e+00 7.748691521092308854e+00 7.748727193161500715e+00 1.031728586851847496e+01 1.031732087081150517e+01 1.093074677637113901e+01 1.093080148228996151e+01 1.112306157882714963e+01 1.112309199160609197e+01 1.190528363446529525e+01 1.190529346054021076e+01 1.277127252301389682e+01 1.277131075252021475e+01 1.478126376260197539e+01 1.478127328841623900e+01 1.652029725095774637e+01 1.652032593778197622e+01 2.322608009565279374e+01 2.322608637261204834e+01
2.073735362863620424e-01 2.313741080635344893e+00 2.313759663895828211e+00 3.498462531278088594e+00 3.498508813105472015e+00 4.201357120390821542e+00 4.201373100089083934e+00 4.808480973958126903e+00 4.808503872748262076e+00 6.224212384303008605e+00 6.224249032185449337e+00 6.722908569257088018e+00 6.722961116294699835e+00 7.751249630323004958e+00 7.751287928138790306e+00 1.031513364691004142e+01 1.031517154584166107e+01 1.093166994090480415e+01 1.093172970443039205e+01 1.112324861973249313e+01 1.112328197747597081e+01 1.190467810959805384e+01 1.190468850207319917e+01 1.277135361728930363e+01 1.277139593682774432e+01 1.478134528377451851e+01 1.478135572937125453e+01 1.652017649415086709e+01 1.652020807189474993e+01 2.322546932818704590e+01 2.322547623941717632e+01
2.082968121607828849e-01 2.314243705096280745e+00 2.314264366416456831e+00 3.498260415886134123e+00 3.498310764050977628e+00 4.199862386164204153e+00 4.199879773136636629e+00 4.809707181290807654e+00 4.809735178117493959e+00 6.223835575391720276e+00 6.223876481856697396e+00 6.724764090738829303e+00 6.724820643484540561e+00 7.754029945192796092e+00 7.754070539548145291e+00 1.031275821751060739e+01 1.031279877214018015e+01 1.093270768751080091e+01 1.093277220574285558e+01 1.112348683129462401e+01 1.112352297186579264e+01 1.190403110935478459e+01 1.190404199299748811e+01 1.277140553569379477e+01 1.277145183445605170e+01 1.478143251795344426e+01 1.478144384017940993e+01 1.652005875438196369e+01 1.652009311521164037e+01 2.322486574689352778e+01 2.322487326925419282e+01
2.092200880352037273e-01 2.314692490823290427e+00 2.314715222186966681e+00 3.498048419585372049e+00 3.498102672395304147e+00 4.198062729643288193e+00 4.198081445379051146e+00 4.810986726807597869e+00 4.811020178529434865e+00 6.223464820923388707e+00 6.223509955590066589e+00 6.726687638443609174e+00 6.726747903206379497e+00 7.757023841156528654e+00 7.757066395910372947e+00 1.031017099149235072e+01 1.031021395301143606e+01 1.093385196140869731e+01 1.093392091055338966e+01 1.112377544880864022e+01 1.112381419033097529e+01 1.190334451208335587e+01 1.190335582271709747e+01 1.277142913132773039e+01 1.277147927724858434e+01 1.478152516599611133e+01 1.478153731801721804e+01 1.651994410347658615e+01 1.651998112712148270e+01 2.322426991780990946e+01 2.322427802544417474e+01
2.101433639096245698e-01 2.315088787905791978e+00 2.315113567495548974e+00 3.497826965354060125e+00 3.497884946165419784e+00 4.195976552719403507e+00 4.195996508090483523e+00 4.812311923826363191e+00 4.812351101483884896e+00 6.223100660642300497e+00 6.223149955654837306e+00 6.728672075482608150e+00 6.728735745705138882e+00 7.760221825136318863e+00 7.760266000672975117e+00 1.030738425278415704e+01 1.030742936582612579e+01 1.093509416148542357e+01 1.093516719904523171e+01 1.112411360835647223e+01 1.112415474992321407e+01 1.190262034253876955e+01 1.190263202732965908e+01 1.277142536005417384e+01 1.277147920026872363e+01 1.478162290693440184e+01 1.478163583846294671e+01 1.651983260505975437e+01 1.651987215924122765e+01 2.322368239678159796e+01 2.322369106120012461e+01
2.110666397840454123e-01 2.315434063281144983e+00 2.315460855179952926e+00 3.497596512517790135e+00 3.497658029839888716e+00 4.193623220618000857e+00 4.193644317088845774e+00 4.813675032579634916e+00 4.813720122642143551e+00 6.222743618092397178e+00 6.222796968607783086e+00 6.730710006992500993e+00 6.730776764574766702e+00 7.763613549623820553e+00 7.763659006266091289e+00 1.030441106860210354e+01 1.030445807258464441e+01 1.093642524281328221e+01 1.093650200981802101e+01 1.112450033048482645e+01 1.112454365307477744e+01 1.190186076886711319e+01 1.190187278621980838e+01 1.277139527547301334e+01 1.277145263689911481e+01 1.478172539923726347e+01 1.478173905677579469e+01 1.651972431467200764e+01 1.651976625559155210e+01 2.322310372903750775e+01 2.322311291921581500e+01
2.119899156584662547e-01 2.315729898105344020e+00 2.315758652106607585e+00 3.497357557973712172e+00 3.497422405637969245e+00 4.191022890010015267e+00 4.191045021178771535e+00 4.815068355296966196e+00 4.815119461170112913e+00 6.222394195965120112e+00 6.222451461092131098e+00 6.732793838870490433e+00 6.732863355620250623e+00 7.767187830568727414e+00 7.767234231898784813e+00 1.030126519976709076e+01 1.030131383026939318e+01 1.093783581952149397e+01 1.093791594279487178e+01 1.112493450300590681e+01 1.112497977061995158e+01 1.190106809920292719e+01 1.190108041822474938e+01 1.277134002349989395e+01 1.277140071354224915e+01 1.478183228215423384e+01 1.478184660925439431e+01 1.651961927991705892e+01 1.651966345280217752e+01 2.322253444878616691e+01 2.322254413127468453e+01
2.129131915328870972e-01 2.315977984979678439e+00 2.316008636510508367e+00 3.497110637311247050e+00 3.497178594712758937e+00 4.188196342967725805e+00 4.188219396355823854e+00 4.816484322155587527e+00 4.816541466194762755e+00 6.222052871835632715e+00 6.222113875990418208e+00 6.734915836000508804e+00 6.734987775221716433e+00 7.770932669346906074e+00 7.770979685391398384e+00 1.029796101215252335e+01 1.029801100232777955e+01 1.093931626629319354e+01 1.093939936075090280e+01 1.112541486323762996e+01 1.112546182426822305e+01 1.190024477782498913e+01 1.190025737734016076e+01 1.277126083657652700e+01 1.277132464394796507e+01 1.478194317713383832e+01 1.478195811466836496e+01 1.651951754064032585e+01 1.651956378034577710e+01 2.322197507883191037e+01 2.322198521787846914e+01
2.138364674073079397e-01 2.316180124952637698e+00 2.316212595113477768e+00 3.496856325794071019e+00 3.496927158213030573e+00 4.185164828679699411e+00 4.185188687673520036e+00 4.817915566984723341e+00 4.817978693116691247e+00 6.221720094360373210e+00 6.221784628998555000e+00 6.737068179165678572e+00 6.737142197385529663e+00 7.774835279067876748e+00 7.774882589306751690e+00 1.029451339036497792e+01 1.029456447238737660e+01 1.094085681695103318e+01 1.094094248792719704e+01 1.112593998004713391e+01 1.112598836888997056e+01 1.189939338080942832e+01 1.189940624793827695e+01 1.277115902754043120e+01 1.277122572319531280e+01 1.478205768931101893e+01 1.478207317575695434e+01 1.651941912913697408e+01 1.651946726079883021e+01 2.322142613021106072e+01 2.322143668789543014e+01
2.147597432817287821e-01 2.316338224216360597e+00 2.316372419939615845e+00 3.496595239166256697e+00 3.496668698175654733e+00 4.181949914347941721e+00 4.181974460190113874e+00 4.819354992063073162e+00 4.819423969031003452e+00 6.221396279992958966e+00 6.221464105673994105e+00 6.739243019910611032e+00 6.739318768736342058e+00 7.778882115440042710e+00 7.778929411602479860e+00 1.029093765451061770e+01 1.029098956105395857e+01 1.094244765879813741e+01 1.094253550439678335e+01 1.112650823610800366e+01 1.112655777502101451e+01 1.189851661111518588e+01 1.189852973947228776e+01 1.277103598318356426e+01 1.277110532135745657e+01 1.478217540905685112e+01 1.478219138078806338e+01 1.651932407038860973e+01 1.651937391012831213e+01 2.322088810184800067e+01 2.322089903822792678e+01
2.156830191561496246e-01 2.316454290418884732e+00 2.316490104747484402e+00 3.496328034243889160e+00 3.496403858209669924e+00 4.178573346233886099e+00 4.178598459961966327e+00 4.820795821768416367e+00 4.820870446964699241e+00 6.221081810258838551e+00 6.221152658995663387e+00 6.741432532698517832e+00 6.741509660785965252e+00 7.783058912364730908e+00 7.783105900979955472e+00 1.028724948065267419e+01 1.028730194639575579e+01 1.094407902158569890e+01 1.094416863505272808e+01 1.112711781082485984e+01 1.112716821203443907e+01 1.189761729303709181e+01 1.189763068064164386e+01 1.277089315753056020e+01 1.277096487687974857e+01 1.478229591358416251e+01 1.478231230517111072e+01 1.651923238232694757e+01 1.651928373800215155e+01 2.322036148023051183e+01 2.322037275349880758e+01
2.166062950305704671e-01 2.316530428515799933e+00 2.316567741001906544e+00 3.496055409252464941e+00 3.496133323930963765e+00 4.175056921414670441e+00 4.175082485650903230e+00 4.822231645204793082e+00 4.822311649028224956e+00 6.220777029613506315e+00 6.220850607458881854e+00 6.743628963798693476e+00 6.743707118907033227e+00 7.787350722377762935e+00 7.787397127053600876e+00 1.028346482533276962e+01 1.028351758848439168e+01 1.094574126017624849e+01 1.094583223228519486e+01 1.112776666441600071e+01 1.112781763246451661e+01 1.189669836596673136e+01 1.189671201298998326e+01 1.277073206486844192e+01 1.277080588970227915e+01 1.478241876860210802e+01 1.478243551311682857e+01 1.651914407612308722e+01 1.651919674812191730e+01 2.321984673910452202e+01 2.321985830575641785e+01
2.175295709049913095e-01 2.316568836089622163e+00 2.316607513311990107e+00 3.495778103869362941e+00 3.495857823106203188e+00 4.171422370466310703e+00 4.171448270973135308e+00 4.823656448236538274e+00 4.823741498896696456e+00 6.220482243893941110e+00 6.220558233714656993e+00 6.745824676437717216e+00 6.745903507538750787e+00 7.791741962001138333e+00 7.791787525408503612e+00 1.027959985431923684e+01 1.027965265815333318e+01 1.094742493015698415e+01 1.094751685159886634e+01 1.112845252367213789e+01 1.112850375799381020e+01 1.189576287741001970e+01 1.189577678390144655e+01 1.277055427256024345e+01 1.277062991415872339e+01 1.478254353001277721e+01 1.478256055933708701e+01 1.651905915650075940e+01 1.651911293857584795e+01 2.321934433918738705e+01 2.321935615419764432e+01
2.184528467794121520e-01 2.316571798070546251e+00 2.316611694268213117e+00 3.495496898931130580e+00 3.495578125464547714e+00 4.167691251008598385e+00 4.167717377939841761e+00 4.825064635595262885e+00 4.825154344281735064e+00 6.220197719359355837e+00 6.220275783750133236e+00 6.748012191848252073e+00 6.748091351254254633e+00 7.796216462008838555e+00 7.796260947556188370e+00 1.027567087556476721e+01 1.027572346995407848e+01 1.094912085582836170e+01 1.094921331959225164e+01 1.112917286992373711e+01 1.112922406762880456e+01 1.189481397522320449e+01 1.189482813895548041e+01 1.277036139367606182e+01 1.277043855168470010e+01 1.478266974564285441e+01 1.478268699077773007e+01 1.651897762207175191e+01 1.651903230221015306e+01 2.321885472789961824e+01 2.321886674490844626e+01
2.193761226538329945e-01 2.316541680799841352e+00 2.316582638618274181e+00 3.495212615765482145e+00 3.495295042135727392e+00 4.163884851827305944e+00 4.163911100623977291e+00 4.826451043897310278e+00 4.826544970231902099e+00 6.219923682305330992e+00 6.220003466596061514e+00 6.750184225951329609e+00 6.750263371423161907e+00 7.800757522551228007e+00 7.800800715738846591e+00 1.027169427620678910e+01 1.027174641914132636e+01 1.095082019014936314e+01 1.095091279387626315e+01 1.112992492974832004e+01 1.112997578858765202e+01 1.189385489904100446e+01 1.189386931359474353e+01 1.277015507947511885e+01 1.277023344336867083e+01 1.478279695700301133e+01 1.478281434837719566e+01 1.651889946569164991e+01 1.651895482701656803e+01 2.321837833911455107e+01 2.321839051062164572e+01
2.202993985282538369e-01 2.316480925385092426e+00 2.316522776730059796e+00 3.494926115109848741e+00 3.495009424675150633e+00 4.160024107126643500e+00 4.160050379027879330e+00 4.827810946520811441e+00 4.827908604214350419e+00 6.219660319225047473e+00 6.219741454537273562e+00 6.752333721507074671e+00 6.752412518303393618e+00 7.805347973022834118e+00 7.805389682472757329e+00 1.026768646332844526e+01 1.026773792240300587e+01 1.095251446636390114e+01 1.095260681465243557e+01 1.113070566892929669e+01 1.113075589040430202e+01 1.189288897088254338e+01 1.189290362405991885e+01 1.276993701177315543e+01 1.277001626237947640e+01 1.478292470106809020e+01 1.478294216884404477e+01 1.651882467483392958e+01 1.651888049653400614e+01 2.321791559292518059e+01 2.321792787049095352e+01
2.212226744026746794e-01 2.316392040306758382e+00 2.316434607299689308e+00 3.494638295580428711e+00 3.494722163638557699e+00 4.156129520353312401e+00 4.156155722516667872e+00 4.829140051349708251e+00 4.829240913990724415e+00 6.219407777482830468e+00 6.219489883794661722e+00 6.754453875663884332e+00 6.754531998493339628e+00 7.809970236499888863e+00 7.810010294663092267e+00 1.026366380811435164e+01 1.026371436196776621e+01 1.095419564116484423e+01 1.095428734780341706e+01 1.113151179013872571e+01 1.113156108271416223e+01 1.189191958492940060e+01 1.189193445754864875e+01 1.276970889522905672e+01 1.276978870630408913e+01 1.478305251207059179e+01 1.478306998644597847e+01 1.651875323198035517e+01 1.651880929026210509e+01 2.321746689542799302e+01 2.321747922988106438e+01
2.221459502770955219e-01 2.316277593246732991e+00 2.316320689274483424e+00 3.494350091659430557e+00 3.494434186672373155e+00 4.152221096964281877e+00 4.152247142213820297e+00 4.830434492407056801e+00 4.830537999316105058e+00 6.219166166458647282e+00 6.219248855640724827e+00 6.756538162924561775e+00 6.756615297765125483e+00 7.814606398517478958e+00 7.814644662065459713e+00 1.025964259298239156e+01 1.025969203266952334e+01 1.095585612937654929e+01 1.095594681947345528e+01 1.113233973475648853e+01 1.113238781712773040e+01 1.189095019647705520e+01 1.189096526156429690e+01 1.276947244958505934e+01 1.276955248942974386e+01 1.478317992330062580e+01 1.478319733480362430e+01 1.651868511502554782e+01 1.651874118408440495e+01 2.321703263852294796e+01 2.321704498017292906e+01
2.230692261515163644e-01 2.316140202121398151e+00 2.316183632972283579e+00 3.494062471172631579e+00 3.494146456090465591e+00 4.148318285475841805e+00 4.148344091719859961e+00 4.831690816379270892e+00 4.831796378469738862e+00 6.218935559117207745e+00 6.219018437906396635e+00 6.758580353627698045e+00 6.758656199380772556e+00 7.819238279902188893e+00 7.819274629815239130e+00 1.025563896124728380e+01 1.025568709152359936e+01 1.095748883025448883e+01 1.095757814223519766e+01 1.113318568915868845e+01 1.113323229351989596e+01 1.188998431006652545e+01 1.188999953243208196e+01 1.276922940189428957e+01 1.276930933500406340e+01 1.478330646890486832e+01 1.478332374868178789e+01 1.651862029769351992e+01 1.651867615069884820e+01 2.321661319972904991e+01 2.321662549858362112e+01
2.239925020259372068e-01 2.315982525315579466e+00 2.316026090392546255e+00 3.493776432235111251e+00 3.493859965913715282e+00 4.144439926123768991e+00 4.144465415505018235e+00 4.832905964986153435e+00 4.833012970579429357e+00 6.218715993951911436e+00 6.218798666833472488e+00 6.760574528113792780e+00 6.760648798065153287e+00 7.823847513325629777e+00 7.823881854694642257e+00 1.025166886887035389e+01 1.025171550936779497e+01 1.095908714561439368e+01 1.095917473305427592e+01 1.113404559571130470e+01 1.113409047096749305e+01 1.188902546680889394e+01 1.188904080297500876e+01 1.276898147876903877e+01 1.276906096750646036e+01 1.478343168567783295e+01 1.478344876577153855e+01 1.651855874996388707e+01 1.651861416005321814e+01 2.321620894201509344e+01 2.321622114800027603e+01
2.249157779003580493e-01 2.315807251127739885e+00 2.315850744728771282e+00 3.493492999649917774e+00 3.493575738355448213e+00 4.140604206476668381e+00 4.140629304334623839e+00 4.834077254085618947e+00 4.834185074635160007e+00 6.218507477252265048e+00 6.218589549225596258e+00 6.762515086805762188e+00 6.762587509870471081e+00 7.828415623196791628e+00 7.828447884759423658e+00 1.024774803786912081e+01 1.024779302414122206e+01 1.096064499011242432e+01 1.096073052337363940e+01 1.113491516859347286e+01 1.113495808345767379e+01 1.188807723092246960e+01 1.188809262935743405e+01 1.276873039868269366e+01 1.276880910496380217e+01 1.478355511483820450e+01 1.478357192845614421e+01 1.651850043850560468e+01 1.651855517978330568e+01 2.321582021364447357e+01 2.321583227682705797e+01
2.258390537747788918e-01 2.315617086451331463e+00 2.315660299106524267e+00 3.493213220752383386e+00 3.493294819744199753e+00 4.136828623370111480e+00 4.136853257105788551e+00 4.835202350324347087e+00 4.835310346009768168e+00 6.218309985642507698e+00 6.218391064849829952e+00 6.764396756483589179e+00 6.764467078217517582e+00 7.832924108467937963e+00 7.832954241903041570e+00 1.024389191099691665e+01 1.024393509541048530e+01 1.096215679410200394e+01 1.096223996174523130e+01 1.113578991445354838e+01 1.113583066037045732e+01 1.188714317551123045e+01 1.188715857712038826e+01 1.276847786435741128e+01 1.276855545134235470e+01 1.478367630378370556e+01 1.478369278555437738e+01 1.651844532711572100e+01 1.651849917565132841e+01 2.321544734803397603e+01 2.321545921884497332e+01
2.267623296491997342e-01 2.315414744733064634e+00 2.315457464587215686e+00 3.492938160701951400e+00 3.493018275884075319e+00 4.133129950563604105e+00 4.133154048501418210e+00 4.836279246061013559e+00 4.836386771219150837e+00 6.218123468839906742e+00 6.218203169041514933e+00 6.766214593072061412e+00 6.766282576438436003e+00 7.837354527888621192e+00 7.837382506895234080e+00 1.024011560735251258e+01 1.024015685980284474e+01 1.096361749958987097e+01 1.096369800953529605e+01 1.113666515777507549e+01 1.113670355161449699e+01 1.188622686762460745e+01 1.188624220644896390e+01 1.276822555526875469e+01 1.276830168904740503e+01 1.478379480781769217e+01 1.478381089403464799e+01 1.651839337716092260e+01 1.651844611198225010e+01 2.321509066362539286e+01 2.321510229308340811e+01
2.276856055236205767e-01 2.315202933264073781e+00 2.315244947493071859e+00 3.492668897233294878e+00 3.492747186863347508e+00 4.129524211560458902e+00 4.129547701898316880e+00 4.837306233202771644e+00 4.837412641568084481e+00 6.217947852582454971e+00 6.218025795466251004e+00 6.767963981289506492e+00 6.768029407174689815e+00 7.841688587206655292e+00 7.841714406395024817e+00 1.023643387863993048e+01 1.023647308706652481e+01 1.096502254990186920e+01 1.096510013031870834e+01 1.113753607070490581e+01 1.113757195717234971e+01 1.188533185265151104e+01 1.188534705672825176e+01 1.276797512029758153e+01 1.276804947156096937e+01 1.478391019184113198e+01 1.478392582069375116e+01 1.651834454801957008e+01 1.651839595209584388e+01 2.321475046376944107e+01 2.321476180370279607e+01
2.286088813980414192e-01 2.314984339874849972e+00 2.315025436124104274e+00 3.492406514889457636e+00 3.492482641332622872e+00 4.126026657069681747e+00 4.126049466998269466e+00 4.838281876510412083e+00 4.838386526242019592e+00 6.217783041677764189e+00 6.217858858994666171e+00 6.769640631524455721e+00 6.769703299002895136e+00 7.845908227782303790e+00 7.845931901404727071e+00 1.023286106586663102e+01 1.023289813654653457e+01 1.096636787374379196e+01 1.096644227365414004e+01 1.113839770697720333e+01 1.113843096069429883e+01 1.188446163811614298e+01 1.188447663046020075e+01 1.276772817055823595e+01 1.276780041624682305e+01 1.478402203200363729e+01 1.478403714379405365e+01 1.651829879752183672e+01 1.651834865873204805e+01 2.321442703662149754e+01 2.321443803988797683e+01
2.295321572724622616e-01 2.314761619120494274e+00 2.314801586953164403e+00 3.492152098770883395e+00 3.492225730285562602e+00 4.122651746626280200e+00 4.122673801682644523e+00 4.839204986846552536e+00 4.839307245323486661e+00 6.217628923127524132e+00 6.217702258648015956e+00 6.771240574317408445e+00 6.771300300671229344e+00 7.849995716053257411e+00 7.850017276601485072e+00 1.022941105633987746e+01 1.022944591393653369e+01 1.096764986440284240e+01 1.096772085399277685e+01 1.113924503946027578e+01 1.113927556667471208e+01 1.188361967695854737e+01 1.188363437662967570e+01 1.276748627243108025e+01 1.276755609735112706e+01 1.478412991730764325e+01 1.478414445465347704e+01 1.651825608238554821e+01 1.651830419446740095e+01 2.321412065504797440e+01 2.321413127575107538e+01
2.304554331468831041e-01 2.314537378056739758e+00 2.314576010399703954e+00 3.491906727846479708e+00 3.491977540387310786e+00 4.119413133920525105e+00 4.119434357621286402e+00 4.840074594766281102e+00 4.840173843136475362e+00 6.217485369285094876e+00 6.217555880575543981e+00 6.772760152826894142e+00 6.772816773330858631e+00 7.853933733263260386e+00 7.853953229956868398e+00 1.022609724089595140e+01 1.022612982824252903e+01 1.096886535487785785e+01 1.096893272551676723e+01 1.114007300076262830e+01 1.114010074065499900e+01 1.188280935039914255e+01 1.188282367362401537e+01 1.276725094082579126e+01 1.276731803922539399e+01 1.478423345115981036e+01 1.478424735918240884e+01 1.651821635864573778e+01 1.651826252212053348e+01 2.321383157654322460e+01 2.321384177024378559e+01
2.313787090213039466e-01 2.314314161720032015e+00 2.314351256295593906e+00 3.491671467884005065e+00 3.491739146907184566e+00 4.116323655416504579e+00 4.116343969194597996e+00 4.840889924780236164e+00 4.840985562252057228e+00 6.217352241006695479e+00 6.217419601027058818e+00 6.774196013654020021e+00 6.774249381141439486e+00 7.857705464845726517e+00 7.857722962032001490e+00 1.022293247137038463e+01 1.022296274896856794e+01 1.097001158975009361e+01 1.097007515372732200e+01 1.114087652626289859e+01 1.114090145182653480e+01 1.188203395050195965e+01 1.188204781182537850e+01 1.276702363270089258e+01 1.276708770979754348e+01 1.478433225286425490e+01 1.478434547936240406e+01 1.651817958207531234e+01 1.651822360514432830e+01 2.321356004315579469e+01 2.321356976707782849e+01
2.323019848957247890e-01 2.314094438437590551e+00 2.314129799169022395e+00 3.491447364069207637e+00 3.491511606324657624e+00 4.113395321865970011e+00 4.113414645313798523e+00 4.841650370559429817e+00 4.841741818427548694e+00 6.217229390760264707e+00 6.217293289287492364e+00 6.775545096388983168e+00 6.775595080618646016e+00 7.861294688837218381e+00 7.861310264317368457e+00 1.021992901838953216e+01 1.021995696360757755e+01 1.097108619461048740e+01 1.097114578460653789e+01 1.114165059887795550e+01 1.114167271735636255e+01 1.188129666256676309e+01 1.188130997600983640e+01 1.276680574086310038e+01 1.276686651431501041e+01 1.478442595905222667e+01 1.478443845466139628e+01 1.651814570859501430e+01 1.651818740800300489e+01 2.321330628142377606e+01 2.321331549465348232e+01
2.332252607701456315e-01 2.313880585102795262e+00 2.313914023482291249e+00 3.491235433393640175e+00 3.491295948688150297e+00 4.110639312345470309e+00 4.110657563748333132e+00 4.842355471296537317e+00 4.842442176696400757e+00 6.217116665659362162e+00 6.217176810543151078e+00 6.776804622227053265e+00 6.776851109075312074e+00 7.864685862682915918e+00 7.864699605971550156e+00 1.021709852963103593e+01 1.021712413558910981e+01 1.097208714384516881e+01 1.097214261216215725e+01 1.114239029485413113e+01 1.114240964772951337e+01 1.188060054749479377e+01 1.188061322770125194e+01 1.276659858806903181e+01 1.276665578938279744e+01 1.478451422504337742e+01 1.478452594338073389e+01 1.651811469467024907e+01 1.651815389653190280e+01 2.321307050231816760e+01 2.321307916599505461e+01
2.341485366445664740e-01 2.313674872560149698e+00 2.313706208968161704e+00 3.491036656901305602e+00 3.491093169816734676e+00 4.108065970463780303e+00 4.108083067591793203e+00 4.843004889392124035e+00 4.843086328779450334e+00 6.217013910392846121e+00 6.217070028652276648e+00 6.777972081982571062e+00 6.778014972488136891e+00 7.867864207789152964e+00 7.867876218303456071e+00 1.021445198876220850e+01 1.021447526289909291e+01 1.097301272754865664e+01 1.097306394513175221e+01 1.114309082985855071e+01 1.114310749239301757e+01 1.187994852428477266e+01 1.187996048763924506e+01 1.276640342144981410e+01 1.276645679731751137e+01 1.478459672613390197e+01 1.478460762392940353e+01 1.651808649769298398e+01 1.651812303827834683e+01 2.321285290119406497e+01 2.321286097869312215e+01
2.350718125189873164e-01 2.313479451249702112e+00 2.313508516215075694e+00 3.490851971892674932e+00 3.490904223443493049e+00 4.105684802402596034e+00 4.105700663517640514e+00 4.843598389594102827e+00 4.843674071947531523e+00 6.216920970024236048e+00 6.216972808795397931e+00 6.779045223806616782e+00 6.779084433098692131e+00 7.870815791176204890e+00 7.870826176337594404e+00 1.021199967531916819e+01 1.021202063764260615e+01 1.097386151828852086e+01 1.097390837357567150e+01 1.114374760465784497e+01 1.114376168499655506e+01 1.187934335282726295e+01 1.187935451853159030e+01 1.276622140727826071e+01 1.276627072083732983e+01 1.478467315880702060e+01 1.478468319602106895e+01 1.651806107634664400e+01 1.651809480282170384e+01 2.321265365774869949e+01 2.321266111485271466e+01
2.359950883934081589e-01 2.313296337265299485e+00 2.313322972656374876e+00 3.490682264191764528e+00 3.490730013406410759e+00 4.103504476469851170e+00 4.103519021496396135e+00 4.844135819685960520e+00 4.844205289432455430e+00 6.216837692637946056e+00 6.216885019983781291e+00 6.780022040890659518e+00 6.780057497033321390e+00 7.873527603589177915e+00 7.873536476803066009e+00 1.020975112583452393e+01 1.020976980686848634e+01 1.097463233838654872e+01 1.097467473602845800e+01 1.114435624969869387e+01 1.114436788755102015e+01 1.187878761717285947e+01 1.187879790826847071e+01 1.276605362609596028e+01 1.276609865810589106e+01 1.478474324186207411e+01 1.478475238179022178e+01 1.651803839095217086e+01 1.651806916207097231e+01 2.321247293598605310e+01 2.321247974104702649e+01
2.369183642678290014e-01 2.313127398981292604e+00 2.313151459118727882e+00 3.490528360586662160e+00 3.490571385997965681e+00 4.101532823859652233e+00 4.101545975664308230e+00 4.844617092791685842e+00 4.844679932455399296e+00 6.216763931812208988e+00 6.216806537406548649e+00 6.780900759412754830e+00 6.780932402200264164e+00 7.875987633435900470e+00 7.875995111894718903e+00 1.020771509655588005e+01 1.020773153501230723e+01 1.097532422831613808e+01 1.097536208781163225e+01 1.114491266794481206e+01 1.114492203286548566e+01 1.187828370945540257e+01 1.187829305378135381e+01 1.276590106821683435e+01 1.276594161814695383e+01 1.478480671745807840e+01 1.478481492682340992e+01 1.651801840379350494e+01 1.651804609053850825e+01 2.321231088418710797e+01 2.321231700827599909e+01
2.378416401422498438e-01 2.312974344401760085e+00 2.312995697084615276e+00 3.490391021556707329e+00 3.490429122587154431e+00 4.099776840328957839e+00 4.099788526052981830e+00 4.845042171343339810e+00 4.845098003919439122e+00 6.216699548901690520e+00 6.216737244599856993e+00 6.781679826957507373e+00 6.781707606696115498e+00 7.878184935938237210e+00 7.878191138170928198e+00 1.020589952812134982e+01 1.020591376834136987e+01 1.097593641674427190e+01 1.097596967103796572e+01 1.114541307537529491e+01 1.114542036467235420e+01 1.187783381465314214e+01 1.187784214573088093e+01 1.276576462962157166e+01 1.276580051664484294e+01 1.478486335206866720e+01 1.478487060110247242e+01 1.651800107942081297e+01 1.651802556558837409e+01 2.321216763488568802e+01 2.321217305192963920e+01
2.387649160166706863e-01 2.312838709381669133e+00 2.312857236819005458e+00 3.490270934399619662e+00 3.490303932628325612e+00 4.098242688518652699e+00 4.098252840909308858e+00 4.845411052740344893e+00 4.845459543796006407e+00 6.216644415114721767e+00 6.216677035423027853e+00 6.782357901615642781e+00 6.782381777927721345e+00 7.880109696905831740e+00 7.880114739978735017e+00 1.020431151257055546e+01 1.020432360180052456e+01 1.097646829267494262e+01 1.097649688676440327e+01 1.114585403860635004e+01 1.114585947490649964e+01 1.187743989636923736e+01 1.187744715420646102e+01 1.276564510825624765e+01 1.276567617214441874e+01 1.478491293734500545e+01 1.478491919985639669e+01 1.651798638493005456e+01 1.651800756765819855e+01 2.321204330484896872e+01 2.321204799175522382e+01
2.396881918910915288e-01 2.312721846862737074e+00 2.312737446503950522e+00 3.490168706869582138e+00 3.490196447168831817e+00 4.096935700665438773e+00 4.096944259355901785e+00 4.845723756716126651e+00 4.845764616221107879e+00 6.216598413373029430e+00 6.216625815829184276e+00 6.782933841943821207e+00 6.782953782629385309e+00 7.881753290566570591e+00 7.881757286837402177e+00 1.020295726307057649e+01 1.020296724866040172e+01 1.097691938008025403e+01 1.097694326967884848e+01 1.114623250915997232e+01 1.114623633766426813e+01 1.187710368380759363e+01 1.187710981561466461e+01 1.276554320074672866e+01 1.276556930266268708e+01 1.478495529088419858e+01 1.478496054431932727e+01 1.651797429021718244e+01 1.651799208045310152e+01 2.321193799506249178e+01 2.321194193182837751e+01
2.406114677655123713e-01 2.312624917257164014e+00 2.312637502514885313e+00 3.490084861431921315e+00 3.490107212962383798e+00 4.095860381472828493e+00 4.095867294165262074e+00 4.845980314418447676e+00 4.846013298307887851e+00 6.216561439943510514e+00 6.216583505419198019e+00 6.783406697941378738e+00 6.783422677930500910e+00 7.883108330911666961e+00 7.883111384269933630e+00 1.020184208672620585e+01 1.020185001335891783e+01 1.097728931533885621e+01 1.097730846563798224e+01 1.114654585396668551e+01 1.114654833942845258e+01 1.187682666011118826e+01 1.187683162092463895e+01 1.276545949953910153e+01 1.276548052272280209e+01 1.478499025690050139e+01 1.478499448239197456e+01 1.651796476820613435e+01 1.651797909111119722e+01 2.321185179071913396e+01 2.321185496052749642e+01
2.415347436399332137e-01 2.312548880100444570e+00 2.312558380960924698e+00 3.490019830232529152e+00 3.490036687287618289e+00 4.095020410932942667e+00 4.095025634445272900e+00 4.846180759203261523e+00 4.846205670675335142e+00 6.216533405833803982e+00 6.216550038769752540e+00 6.783775703177464145e+00 6.783787703604555297e+00 7.884168716031768831e+00 7.884170917652588706e+00 1.020097036082362685e+01 1.020097626790304091e+01 1.097757782774060509e+01 1.097759221231132543e+01 1.114679188175766811e+01 1.114679330520170275e+01 1.187661005221662691e+01 1.187661380542525436e+01 1.276539449047464814e+01 1.276541034081950343e+01 1.478501770679741334e+01 1.478502088920452628e+01 1.651795779504906747e+01 1.651796859033934695e+01 2.321178476121177070e+01 2.321178715051128805e+01
2.424580195143540562e-01 2.312494487079809424e+00 2.312500850596395541e+00 3.489973950869720731e+00 3.489985233561017530e+00 4.094418646917445948e+00 4.094422148060639088e+00 4.846325119138035653e+00 4.846341809688819779e+00 6.216514237945072630e+00 6.216525366527617891e+00 6.784040268179708733e+00 6.784048275607199585e+00 7.884929664936659144e+00 7.884931088750940731e+00 1.020034551282710211e+01 1.020034943216064072e+01 1.097778472326150201e+01 1.097779432313083525e+01 1.114696886509853968e+01 1.114696952021384568e+01 1.187645482236260541e+01 1.187645734013251797e+01 1.276534855080689290e+01 1.276535915732401172e+01 1.478503753963875234e+01 1.478503966757898880e+01 1.651795335029812861e+01 1.651796057251881678e+01 2.321173696012912657e+01 2.321173855869912472e+01
2.433812953887748987e-01 2.312462276529126282e+00 2.312465467195402802e+00 3.489947463043741038e+00 3.489953117820867146e+00 4.094057127384672867e+00 4.094058883643940661e+00 4.846413411208437161e+00 4.846421781406109019e+00 6.216503879976970737e+00 6.216509456263659139e+00 6.784199975174769470e+00 6.784203980989419236e+00 7.885387746383181629e+00 7.885388444709090727e+00 1.019997000441020596e+01 1.019997195832284120e+01 1.097790987176534117e+01 1.097791467469659743e+01 1.114707555828763574e+01 1.114707574651454181e+01 1.187636166136949889e+01 1.187636292496529755e+01 1.276532194766651251e+01 1.276532726283470964e+01 1.478504968251735541e+01 1.478505074838964184e+01 1.651795141704775460e+01 1.651795503578013680e+01 2.321170842525490841e+01 2.321170922625428545e+01
2.443045712631957411e-01 2.312452569461964647e+00 2.312452569461971752e+00 3.489940506144371568e+00 3.489940506144380450e+00 4.093937072080546358e+00 4.093937072080551687e+00 4.846445637222394964e+00 4.846445637222404734e+00 6.216502293081520136e+00 6.216502293081530794e+00 6.784254574250376812e+00 6.784254574250380365e+00 7.885540899318449704e+00 7.885540899318467467e+00 1.019984531975789643e+01 1.019984531975790176e+01 1.097795319774704836e+01 1.097795319774705192e+01 1.114711122260719023e+01 1.114711122260719733e+01 1.187633098378507945e+01 1.187633098378508656e+01 1.276531483697847236e+01 1.276531483697848124e+01 1.478505409082026034e+01 1.478505409082026212e+01 1.651795198204682080e+01 1.651795198204682080e+01 2.321169917856942533e+01 2.321169917856943954e+01
2.443045712631957411e-01 2.312452569461964647e+00 2.312452569461971752e+00 3.489940506144371568e+00 3.489940506144380450e+00 4.093937072080546358e+00 4.093937072080551687e+00 4.846445637222394964e+00 4.846445637222404734e+00 6.216502293081520136e+00 6.216502293081530794e+00 6.784254574250376812e+00 6.784254574250380365e+00 7.885540899318449704e+00 7.885540899318467467e+00 1.019984531975789643e+01 1.019984531975790176e+01 1.097795319774704836e+01 1.097795319774705192e+01 1.114711122260719023e+01 1.114711122260719733e+01 1.187633098378507945e+01 1.187633098378508656e+01 1.276531483697847236e+01 1.276531483697848124e+01 1.478505409082026034e+01 1.478505409082026212e+01 1.651795198204682080e+01 1.651795198204682080e+01 2.321169917856942533e+01 2.321169917856943954e+01
2.458243411014068569e-01 2.312268238692761102e+00 2.312271915859710703e+00 3.489524134738869243e+00 3.489525588956297053e+00 4.093601920305269815e+00 4.093625188916697688e+00 4.846113535499346980e+00 4.846124227402725637e+00 6.216242803371176961e+00 6.216249795913566523e+00 6.784410498753473462e+00 6.784422979667530385e+00 7.885105953430992187e+00 7.885106297320429114e+00 1.019998761251431674e+01 1.019999276646065134e+01 1.097755867471076918e+01 1.097756332624998521e+01 1.114667136255233260e+01 1.114667633723193951e+01 1.187669503554329609e+01 1.187670234218715315e+01 1.276535513235969610e+01 1.276535789489059880e+01 1.478506367582949999e+01 1.478507513396670703e+01 1.651850857975154341e+01 1.651850899956475871e+01 2.321157051769898061e+01 2.321157101943414602e+01
2.473441109396179727e-01 2.311718218852510720e+00 2.311725555390911513e+00 3.488277499256272396e+00 3.488280420013204264e+00 4.092619940718383198e+00 4.092666324849854931e+00 4.845128740245264964e+00 4.845149987205759068e+00 6.215471745004310655e+00 6.215485782320620878e+00 6.784890691995037137e+00 6.784915644426377845e+00 7.883804373124195131e+00 7.883805694611139891e+00 1.020041647845985366e+01 1.020042673973084391e+01 1.097637807254162823e+01 1.097638725728678644e+01 1.114536359134896770e+01 1.114537345038841210e+01 1.187779169856346861e+01 1.187780620201855264e+01 1.276547807024769732e+01 1.276548357721945592e+01 1.478510426700392166e+01 1.478512712349023417e+01 1.652017715688920418e+01 1.652017819655592490e+01 2.321118493465493771e+01 2.321118611823073863e+01
2.488638807778290885e-01 2.310800383903272692e+00 2.310811343888560909e+00 3.486203664715933570e+00 3.486208075223854230e+00 4.090991618225287674e+00 4.091060813529822759e+00 4.843493568190019971e+00 4.843525098883906921e+00 6.214190426077214724e+00 6.214211606806468779e+00 6.785694958199989024e+00 6.785732360164429267e+00 7.881645754672333304e+00 7.881648801747876298e+00 1.020112238567920215e+01 1.020113766189632720e+01 1.097440632368951619e+01 1.097441980781864324e+01 1.114320813600114413e+01 1.114322270414044525e+01 1.187961253491652158e+01 1.187963401860054624e+01 1.276568152423312519e+01 1.276568973833174425e+01 1.478517693669814292e+01 1.478521107220942632e+01 1.652295306608590053e+01 1.652295502303236674e+01 2.321054234262177829e+01 2.321054449005798759e+01
2.503836506160402320e-01 2.309511203696806625e+00 2.309525732431299438e+00 3.483307673028998686e+00 3.483313604685913667e+00 4.088717766818626309e+00 4.088809321314815115e+00 4.841211835595841784e+00 4.841253248930540209e+00 6.212401042026050035e+00 6.212429500261817950e+00 6.786822955145217939e+00 6.786872765961016185e+00 7.878645997632123255e+00 7.878651649194210904e+00 1.020208947722168524e+01 1.020210963192766229e+01 1.097163530413196852e+01 1.097165274449975669e+01 1.114023806135240413e+01 1.114025708929268710e+01 1.188214367092646562e+01 1.188217181755260299e+01 1.276596202223517373e+01 1.276597288481383430e+01 1.478528344619189916e+01 1.478532868238119669e+01 1.652682865735195250e+01 1.652683185740336924e+01 2.320964266502231510e+01 2.320964609520762423e+01
2.519034204542513478e-01 2.307845772575701115e+00 2.307863795679574004e+00 3.479596437920027707e+00 3.479603926634964761e+00 4.085799614439035388e+00 4.085912933818871551e+00 4.838288859788851148e+00 4.838339631894453596e+00 6.210106669199221940e+00 6.210142559650189575e+00 6.788274173075789619e+00 6.788336324843746716e+00 7.874827118496066980e+00 7.874836409437039109e+00 1.020329563642637183e+01 1.020332049147721953e+01 1.096805440968912393e+01 1.096807536418106466e+01 1.113649833626792862e+01 1.113652151721915295e+01 1.188536611907768226e+01 1.188540051942935349e+01 1.276631485948278844e+01 1.276632828777649920e+01 1.478542623670182543e+01 1.478548233699154402e+01 1.653179329924509489e+01 1.653179807077812313e+01 2.320848582073113775e+01 2.320849085880219675e+01
2.534231902924624635e-01 2.305797849352826390e+00 2.305819271657015612e+00 3.475078600544568186e+00 3.475087682478769313e+00 4.082238919505296160e+00 4.082373273985794526e+00 4.834731460492030841e+00 4.834790953913936207e+00 6.207311254571519221e+00 6.207354735382057953e+00 6.790047904162166859e+00 6.790122291525680254e+00 7.870217011351045677e+00 7.870231141645240847e+00 1.020471257327681514e+01 1.020474191180869106e+01 1.096365142122519742e+01 1.096367536437837309e+01 1.113204450987965899e+01 1.113207150153318459e+01 1.188925619436374959e+01 1.188929635847155453e+01 1.276673424997859918e+01 1.276675013404674708e+01 1.478560841677286852e+01 1.478567508745203085e+01 1.653783343032767306e+01 1.653784009402880883e+01 2.320707171872921748e+01 2.320707868290679343e+01
2.549429601306735793e-01 2.303359908671338996e+00 2.303384612999203274e+00 3.469764348757240935e+00 3.469775055918641549e+00 4.078038116550681380e+00 4.078192649088097532e+00 4.830547959715719486e+00 4.830615434705459066e+00 6.204019601829884323e+00 6.204070816649994491e+00 6.792143202261571311e+00 6.792229671242282052e+00 7.864849149184067301e+00 7.864869479567606625e+00 1.020630592723028052e+01 1.020633949703285914e+01 1.095841369673892096e+01 1.095844004161944163e+01 1.112694099395781500e+01 1.112697144482806877e+01 1.189378599611531584e+01 1.189383136643495220e+01 1.276721351050249886e+01 1.276723171036880977e+01 1.478583374598153100e+01 1.478591063764161362e+01 1.654493263223141852e+01 1.654494149518323098e+01 2.320540025914202076e+01 2.320540945414732903e+01
2.564627299688846951e-01 2.300523203734703426e+00 2.300551049678218440e+00 3.463665203673580884e+00 3.463677559816630058e+00 4.073200487789502056e+00 4.073374223444320208e+00 4.825748178678276545e+00 4.825822806465036585e+00 6.200237354224055863e+00 6.200296414948257784e+00 6.794558832752959354e+00 6.794657169486610471e+00 7.858762234045499895e+00 7.858790271696491914e+00 1.020803538170383185e+01 1.020807289881626367e+01 1.095232971003373379e+01 1.095235783685197894e+01 1.112125896761885180e+01 1.112129254530645639e+01 1.189892392521552367e+01 1.189897389135464678e+01 1.276774527015371596e+01 1.276776561363947948e+01 1.478610661487100586e+01 1.478619332422019461e+01 1.655307171960219392e+01 1.655308307045529403e+01 2.320347133722770039e+01 2.320348305023662405e+01
2.579824998070958109e-01 2.297277840370050228e+00 2.297308663184803645e+00 3.456793777741355989e+00 3.456807795025584440e+00 4.067730356893126675e+00 4.067922213112100671e+00 4.820343430004604635e+00 4.820424307923121710e+00 6.195970974686632715e+00 6.196037945981964334e+00 6.797293212230506754e+00 6.797403132387565883e+00 7.851999805995212078e+00 7.852037183137701604e+00 1.020985478590435491e+01 1.020989593824920050e+01 1.094539091686968568e+01 1.094542020778891356e+01 1.111507395707059409e+01 1.111511037422731185e+01 1.190463520878441983e+01 1.190468912329675000e+01 1.276832169774761283e+01 1.276834397949105693e+01 1.478643202102993470e+01 1.478652809313064509e+01 1.656222884491202763e+01 1.656224294922262175e+01 2.320128484896206800e+01 2.320129934672219818e+01
2.595022696453069266e-01 2.293612862346007919e+00 2.293646472108715972e+00 3.449163508998902561e+00 3.449179185862671915e+00 4.061633300770929544e+00 4.061842098340674667e+00 4.814346503296641266e+00 4.814432671651893259e+00 6.191227723787392279e+00 6.191302610184643562e+00 6.800344337863114319e+00 6.800465477445215789e+00 7.844609821532791294e+00 7.844658269170967202e+00 1.021171228112275209e+01 1.021175673200868772e+01 1.093759387173830078e+01 1.093762374977891838e+01 1.110846319484411815e+01 1.110850222707925994e+01 1.191088240905888007e+01 1.191093960381097716e+01 1.276893473908431353e+01 1.276895872122173259e+01 1.478681554122329622e+01 1.478692047220112826e+01 1.657237961681446237e+01 1.657239671230714606e+01 2.319884069774810698e+01 2.319885822438186551e+01
2.610220394835180424e-01 2.289516347804662733e+00 2.289552528999386993e+00 3.440788376564841933e+00 3.440805697284996079e+00 4.054916374708546378e+00 4.055140849134260428e+00 4.807771642100039600e+00 4.807862102667521675e+00 6.186015636105651971e+00 6.186098372097329268e+00 6.803709706256852563e+00 6.803841614331813226e+00 7.836644212414721977e+00 7.836705530801824082e+00 1.021355043112832739e+01 1.021359782248411285e+01 1.092894245063072134e+01 1.092897241864014468e+01 1.110150292161048213e+01 1.110154441133182068e+01 1.191762589924988980e+01 1.191768570186493825e+01 1.276957635616975750e+01 1.276960177114039574e+01 1.478726329948639773e+01 1.478737653976035915e+01 1.658349723082124072e+01 1.658351752256886513e+01 2.319613880206916434e+01 2.319615957739535972e+01
2.625418093217291582e-01 2.284975516584081934e+00 2.285014028311715073e+00 3.431682602701870088e+00 3.431701539135065815e+00 4.047588345791998776e+00 4.047827158865620056e+00 4.800634510316598380e+00 4.800728246413610734e+00 6.180343495596561709e+00 6.180433938905529168e+00 6.807386221695158390e+00 6.807528355488831728e+00 7.828158435554390060e+00 7.828234462581718844e+00 1.021530636005257264e+01 1.021535631530279176e+01 1.091944997431906472e+01 1.091947964805291349e+01 1.109426584307256647e+01 1.109430968536775453e+01 1.192482429558507206e+01 1.192488604547273390e+01 1.277023876085307386e+01 1.277026531679942956e+01 1.478778193110174932e+01 1.478790288918500195e+01 1.659555261104172175e+01 1.659557626664887664e+01 2.319317910399934490e+01 2.319320332231846038e+01
2.640615791599402740e-01 2.279976848100931264e+00 2.280017425144710064e+00 3.421860347059348495e+00 3.421880863084464153e+00 4.039659929112707992e+00 4.039911680457654697e+00 4.792952146240013533e+00 4.793048144361043761e+00 6.174220810503405765e+00 6.174318738470519818e+00 6.811370093681840210e+00 6.811521816299765497e+00 7.819211024177695535e+00 7.819303602599443792e+00 1.021691190627353407e+01 1.021696403283112353e+01 1.090914099374649915e+01 1.090917012189561319e+01 1.108681897458139076e+01 1.108686508583356378e+01 1.193243484070146643e+01 1.193249790418883194e+01 1.277091463598615562e+01 1.277094202527408306e+01 1.478837854239407079e+01 1.478850658931198048e+01 1.660851456165922357e+01 1.660854170658061335e+01 2.318996157851685780e+01 2.318998940784821272e+01
2.655813489981513897e-01 2.274506209328869488e+00 2.274548564362206537e+00 3.411335398960385845e+00 3.411357458135293896e+00 4.031144020783854032e+00 4.031407259198942050e+00 4.784742902630148009e+00 4.784840175721713607e+00 6.167657788337382208e+00 6.167762897223672880e+00 6.815656723780874948e+00 6.815817304697875834e+00 7.809863149628623269e+00 7.809974093867805500e+00 1.021829380738832960e+01 1.021834769882052463e+01 1.089805251081653026e+01 1.089808097536196918e+01 1.107922208150595011e+01 1.107927035691892392e+01 1.194041373849136001e+01 1.194047752257430339e+01 1.277159733804463038e+01 1.277162524953850387e+01 1.478906066630194083e+01 1.478919514066922147e+01 1.662234992675943701e+01 1.662238063990523074e+01 2.318648624357616939e+01 2.318651782535077643e+01
2.671011188363625055e-01 2.268548992249548313e+00 2.268592819547570194e+00 3.400120873896153473e+00 3.400144450752093483e+00 4.022055921283417490e+00 4.022329155756359853e+00 4.776026371588939945e+00 4.776123984144410528e+00 6.160665311411728240e+00 6.160777218311817904e+00 6.820240581842577754e+00 6.820409200181131837e+00 7.800178202233874813e+00 7.800309265403134518e+00 1.021937393936397775e+01 1.021942917738950207e+01 1.088623446732108135e+01 1.088626226100735650e+01 1.107152685166818351e+01 1.107157712155425600e+01 1.194871644416422285e+01 1.194878040840107403e+01 1.277228107610916119e+01 1.277230921200732716e+01 1.478983621371531143e+01 1.478997642750687724e+01 1.663702375707864434e+01 1.663705806686559896e+01 2.318275317089759469e+01 2.318278862011487007e+01
2.686208886745736213e-01 2.262090259966564432e+00 2.262135241088089277e+00 3.388228920753663331e+00 3.388254015892240290e+00 4.012413542070219385e+00 4.012695252390986234e+00 4.766823293458942956e+00 4.766920388732204472e+00 6.153254913380343361e+00 6.153373160388639462e+00 6.825115071839383596e+00 6.825290822360749132e+00 7.790221398488183624e+00 7.790374240181389354e+00 1.022006964214760671e+01 1.022012579874822435e+01 1.087374942753432627e+01 1.087377661167936438e+01 1.106377683208894602e+01 1.106382882673147705e+01 1.195729791565364941e+01 1.195736158172837449e+01 1.277296106314837232e+01 1.277298916136538409e+01 1.479071342060659688e+01 1.479085866564705221e+01 1.665249948221304876e+01 1.665253736321654188e+01 2.317876249743264339e+01 2.317880190328763135e+01
2.701406585127847371e-01 2.255114900463270899e+00 2.255160712513243126e+00 3.375670446752389697e+00 3.375697105372057916e+00 4.002237587807540464e+00 4.002526234782577852e+00 4.757155449531937919e+00 4.757251279269085309e+00 6.145438757191823420e+00 6.145562817440659131e+00 6.830272387720856209e+00 6.830454289376744370e+00 7.780059420550268001e+00 7.780235575901653711e+00 1.022029417379852312e+01 1.022035081388583144e+01 1.086067147927082388e+01 1.086069813240511372e+01 1.105600805321727798e+01 1.105606138270207772e+01 1.196611283371229639e+01 1.196617579221190830e+01 1.277363363667446805e+01 1.277366149977556908e+01 1.479170079102990165e+01 1.479185034621452743e+01 1.666873908682275029e+01 1.666878045717332668e+01 2.317451443746230311e+01 2.317455786444554278e+01
2.716604283509958528e-01 2.247607786758759829e+00 2.247654114026755856e+00 3.362454867575591866e+00 3.362483200142817097e+00 3.991551705904990754e+00 3.991845741252596280e+00 4.747045539031912398e+00 4.747139496127665836e+00 6.137229614825935542e+00 6.137358900017096275e+00 6.835703359954353964e+00 6.835890366789874051e+00 7.769760092671093687e+00 7.769960943130909570e+00 1.021995734442925396e+01 1.022001402971111794e+01 1.084708445627450502e+01 1.084711062793913250e+01 1.104825017849696955e+01 1.104830432922803141e+01 1.197511579832740658e+01 1.197517771232494432e+01 1.277429634715194950e+01 1.277432387825087012e+01 1.479280703611700787e+01 1.479296017536229790e+01 1.668570328937682135e+01 1.668574800902696609e+01 2.317000929528336073e+01 2.317005678474892605e+01
2.731801981892069686e-01 2.239553941985337193e+00 2.239600491972793872e+00 3.348589890659625645e+00 3.348620093193366731e+00 3.980382594508789840e+00 3.980680470600612697e+00 4.736517041638693470e+00 4.736608695886276976e+00 6.128640849131148371e+00 6.128774718201613680e+00 6.841397293768655352e+00 6.841588307925982271e+00 7.759392097728402327e+00 7.759618843964381618e+00 1.021896638801752566e+01 1.021902268297694150e+01 1.083307962427576676e+01 1.083310530568923724e+01 1.104052797393463337e+01 1.104058231977013449e+01 1.198426150870349716e+01 1.198432211383636137e+01 1.277494801422429482e+01 1.277497525814135315e+01 1.479404100926071663e+01 1.479419701016509237e+01 1.670335172201881235e+01 1.670339959198296498e+01 2.316524747843663334e+01 2.316529905062503403e+01
2.746999680274180844e-01 2.230938707704831714e+00 2.230985232749779001e+00 3.334081339841392655e+00 3.334113710034847244e+00 3.968760059610137780e+00 3.969060239309059046e+00 4.725594067775372942e+00 4.725683204118749536e+00 6.119686398025385721e+00 6.119824166619136641e+00 6.847341800589292760e+00 6.847535687133259330e+00 7.749024735516369056e+00 7.749278372818446670e+00 1.021722713170204599e+01 1.021728261295938189e+01 1.081875297259196778e+01 1.081877808844387978e+01 1.103286289339570558e+01 1.103291671745977887e+01 1.199350493322548594e+01 1.199356403413528227e+01 1.277558875299499697e+01 1.277561593617220659e+01 1.479541163774451817e+01 1.479556979091897340e+01 1.672164311018343952e+01 1.672169387282790964e+01 2.316022951142854680e+01 2.316028516792125203e+01
2.762197378656292002e-01 2.221747913657060813e+00 2.221794239393591219e+00 3.318933029303498650e+00 3.318967974171351365e+00 3.956717011702059583e+00 3.957017978626417687e+00 4.714301200022899430e+00 4.714387857035576168e+00 6.110380761258912052e+00 6.110521711715063198e+00 6.853522624778753070e+00 6.853718228046971284e+00 7.738727722828384614e+00 7.739009019370918452e+00 1.021464551493029127e+01 1.021469978573263226e+01 1.080420222668562857e+01 1.080422664489402251e+01 1.102527460905945667e+01 1.102532713216516491e+01 1.200280147472660985e+01 1.200285893800190173e+01 1.277621997456927083e+01 1.277624752995023805e+01 1.479692785115197751e+01 1.479708747015580173e+01 1.674053545066306725e+01 1.674058879109423970e+01 2.315495604989616396e+01 2.315501577646617903e+01
2.777395077038403159e-01 2.211968047193632270e+00 2.212014108613363117e+00 3.303146693864392969e+00 3.303184725552181789e+00 3.944289392514490622e+00 3.944589662125220997e+00 4.702663330294716282e+00 4.702747833631575780e+00 6.100738989865367223e+00 6.100882381475029703e+00 6.859923468605697572e+00 6.860119629774632521e+00 7.728571033653976130e+00 7.728880511957371802e+00 1.021112949089602395e+01 1.021118220306639834e+01 1.078952366681960306e+01 1.078954721921336635e+01 1.101778236529686161e+01 1.101783277792913118e+01 1.201210713518812767e+01 1.201216287932764892e+01 1.277684436440838844e+01 1.277687292276635844e+01 1.479859850696875689e+01 1.479875893875576764e+01 1.675998618690655917e+01 1.676004173547610776e+01 2.314942789516426203e+01 2.314949166497378741e+01
2.792592775420514317e-01 2.201586421042312836e+00 2.201632305354647823e+00 3.286721981351364175e+00 3.286763700306032376e+00 3.931516022925065190e+00 3.931814154877184109e+00 4.690705498466052781e+00 4.690788479996705007e+00 6.090776678346599304e+00 6.090921757674245818e+00 6.866525819400352226e+00 6.866721394953539281e+00 7.718624775961723472e+00 7.718962697896383673e+00 1.020659130697200290e+01 1.020664219326363309e+01 1.077480882423188469e+01 1.077483133090414036e+01 1.101040608253915565e+01 1.101045357896181542e+01 1.202137868280061461e+01 1.202143266615963313e+01 1.277746583631092925e+01 1.277749617334413301e+01 1.480043231387281466e+01 1.480059294961745131e+01 1.677995238042795734e+01 1.678000971634430982e+01 2.314364600914143821e+01 2.314371378622216824e+01
2.807790473802625475e-01 2.190591338864593229e+00 2.190637330916674674e+00 3.269656511528471921e+00 3.269702579381077001e+00 3.918438364304681620e+00 3.918732976517556477e+00 4.678452738170618908e+00 4.678535128245674635e+00 6.080509959547731214e+00 6.080655970655194587e+00 6.873308784136968441e+00 6.873502664922423122e+00 7.708959099533895909e+00 7.709325455226432311e+00 1.020095010872705465e+01 1.020099902878345688e+01 1.076014114007491429e+01 1.076016243185990362e+01 1.100316717588011350e+01 1.100321099103268807e+01 1.203057382319492952e+01 1.203062603131874830e+01 1.277808945294236409e+01 1.277812240402377419e+01 1.480243775329315348e+01 1.480259803942127306e+01 1.680039087730812852e+01 1.680044953331509561e+01 2.313761152950028332e+01 2.313768327243569445e+01
2.822988172184736633e-01 2.178972259022127211e+00 2.179018879574090573e+00 3.251946005027143816e+00 3.251997111653187833e+00 3.905100187422899438e+00 3.905389972294720291e+00 4.665929933381951500e+00 4.666012915136135142e+00 6.069955502083777432e+00 6.070101696534933033e+00 6.880248938236270817e+00 6.880440068808804099e+00 7.699644127137238669e+00 7.700038628174234567e+00 1.019413474771634753e+01 1.019418174964697954e+01 1.074559271276775263e+01 1.074561264836296814e+01 1.099608907795874302e+01 1.099612853095524834e+01 1.203965137564502008e+01 1.203970180972733495e+01 1.277872130613342350e+01 1.277875767941958074e+01 1.480462299990168340e+01 1.480478244909597585e+01 1.682125846888473220e+01 1.682131793694150446e+01 2.313132578508570703e+01 2.313140145079719545e+01
2.838185870566847790e-01 2.166719956895325261e+00 2.166767978732209610e+00 3.233584484519028024e+00 3.233641313896183700e+00 3.891547145676371056e+00 3.891830888784476361e+00 4.653161685324418428e+00 4.653246609703865388e+00 6.059130510078822418e+00 6.059276156639349153e+00 6.887320197193988136e+00 6.887507595158247398e+00 7.690749898964530651e+00 7.691171976344024053e+00 1.018608660695713120e+01 1.018613200149894915e+01 1.073122131450672967e+01 1.073123979049936061e+01 1.098919746814192422e+01 1.098923202223496531e+01 1.204857145416343656e+01 1.204862012249149394e+01 1.277936836217499739e+01 1.277940887636199818e+01 1.480699584178484507e+01 1.480715404366750398e+01 1.684251204584212758e+01 1.684257178371514385e+01 2.312479031149247533e+01 2.312486985901450609e+01
2.853383568948958948e-01 2.153826683271049092e+00 2.153877110615638468e+00 3.214564548281451550e+00 3.214627746392733521e+00 3.877826252822393904e+00 3.878102854299059210e+00 4.640172186170309132e+00 4.640260462171969635e+00 6.048052724875838670e+00 6.048197118854613308e+00 6.894493721668164099e+00 6.894676496775216101e+00 7.682346317806798552e+00 7.682795125161227645e+00 1.017676220587288327e+01 1.017680663786230610e+01 1.071706790766642570e+01 1.071708486104502356e+01 1.098252021262184286e+01 1.098254957532317988e+01 1.205729565263341563e+01 1.205734256673622795e+01 1.278003828540011177e+01 1.278008353861636870e+01 1.480956360111672510e+01 1.480972023223209177e+01 1.686410874503062374e+01 1.686416818368750370e+01 2.311800686675139715e+01 2.311809026086507401e+01
2.868581267331070106e-01 2.140286310991318164e+00 2.140340319114449219e+00 3.194877713039826261e+00 3.194947859317589067e+00 3.863985269522985710e+00 3.864253768056497229e+00 4.626985097845009776e+00 4.627078084025885829e+00 6.036740428272974412e+00 6.036882900478955705e+00 6.901737868792527486e+00 6.901915241602093687e+00 7.674503079920560467e+00 7.674977502622737369e+00 1.016613532474600490e+01 1.016617980781379771e+01 1.070315491395543539e+01 1.070317031772469107e+01 1.097608701446065993e+01 1.097611133340530820e+01 1.206578723241537254e+01 1.206583240921841949e+01 1.278073925105304731e+01 1.278078971287565935e+01 1.481233305622103913e+01 1.481248788885088530e+01 1.688600608846133255e+01 1.688606464014124242e+01 2.311097744705944379e+01 2.311106466164176965e+01
2.883778965713181264e-01 2.126094458975603896e+00 2.126153308931990615e+00 3.174514818823541251e+00 3.174592401360893934e+00 3.850072007654568473e+00 3.850331606712480426e+00 4.613623440639094575e+00 4.613722361956510198e+00 6.025212446741995187e+00 6.025352372053133010e+00 6.909018204536337748e+00 6.909189524541458738e+00 7.667289574224666282e+00 7.667788245080841669e+00 1.015419840466494783e+01 1.015424427562215115e+01 1.068948546479950146e+01 1.068949931818787746e+01 1.096992876969121866e+01 1.096994902589964127e+01 1.207401131021404517e+01 1.207405478086855766e+01 1.278147975290191418e+01 1.278153576875659958e+01 1.481531036595854545e+01 1.481546327521125406e+01 1.690816211403583225e+01 1.690821918086021469e+01 2.310370430248557483e+01 2.310379532342446751e+01
2.898976664095292421e-01 2.111248586854729048e+00 2.111313540640428865e+00 3.153466484127380287e+00 3.153551878318740620e+00 3.836133566231995751e+00 3.836383661601143302e+00 4.600109501453958138e+00 4.600215402162650236e+00 6.013488155991335127e+00 6.013624961549495218e+00 6.916297593613958128e+00 6.916462356827816294e+00 7.660774730592497583e+00 7.661296052906563681e+00 1.014096303084669337e+01 1.014101180893303678e+01 1.067604378338669058e+01 1.067605609890714646e+01 1.096407673279148653e+01 1.096409527934697081e+01 1.208193504341385882e+01 1.208197686863599252e+01 1.278226840836756040e+01 1.278233020884614923e+01 1.481850099740243998e+01 1.481865196594162981e+01 1.693053549767751420e+01 1.693059048066207239e+01 2.309618995257849150e+01 2.309628478010384711e+01
2.914174362477403579e-01 2.095748061802633178e+00 2.095820317602029359e+00 3.131723595490561785e+00 3.131817045708662040e+00 3.822215517552556729e+00 3.822455724594365112e+00 4.586464771166130383e+00 4.586578500544066017e+00 6.001587485150977841e+00 6.001720658208713921e+00 6.923536384354183504e+00 6.923694250452639309e+00 7.655026797008613215e+00 7.655568975842212964e+00 1.012645940186798477e+01 1.012651259993455000e+01 1.066279672627341668e+01 1.066280751666208459e+01 1.095856197080050620e+01 1.095858228234165033e+01 1.208952780964897045e+01 1.208956810030899121e+01 1.278311376400137434e+01 1.278318147532604421e+01 1.482190965776019453e+01 1.482205877750676670e+01 1.695308566663056382e+01 1.695313797496643815e+01 2.308843720179715930e+01 2.308853585208782278e+01
2.929372060859514737e-01 2.079594203777124228e+00 2.079674856887284928e+00 3.109277812156559850e+00 3.109379416251925932e+00 3.808361066336995560e+00 3.808591244426990485e+00 4.572709916419347209e+00 4.572832137031007882e+00 5.989530919783291552e+00 5.989660015233656765e+00 6.930692705559805766e+00 6.930843514690970153e+00 7.650113025767635300e+00 7.650674108184066569e+00 1.011073483087661096e+01 1.011079379632287001e+01 1.064969636967052757e+01 1.064970563887116484e+01 1.095341495470209203e+01 1.095344006129579206e+01 1.209676137714635580e+01 1.209680031732530914e+01 1.278402410503155728e+01 1.278409775920560421e+01 1.482554023145713451e+01 1.482568770164924743e+01 1.697577290378184500e+01 1.697582196427784496e+01 2.308044915467787916e+01 2.308055166062467833e+01
2.944569759241625895e-01 2.062790314022171945e+00 2.062880338534441194e+00 3.086122064153215216e+00 3.086231760777583322e+00 3.794610207754125053e+00 3.794830478213837122e+00 4.558864786980725725e+00 4.558995994901482440e+00 5.977339502865339327e+00 5.977464150481871741e+00 6.937722890142574705e+00 6.937866679331394337e+00 7.646099251312544531e+00 7.646677176227973050e+00 1.009385147287998841e+01 1.009391730089410899e+01 1.063668339414019570e+01 1.063669113940938615e+01 1.094866404253632552e+01 1.094869574914653043e+01 1.210361006236995074e+01 1.210364793004287343e+01 1.278500727338992426e+01 1.278508681766600219e+01 1.482939572321394905e+01 1.482954184438302647e+01 1.699855844293303164e+01 1.699860370956520583e+01 2.307222923064589892e+01 2.307233564168240392e+01
2.959767457623737053e-01 2.045341688380637457e+00 2.045441931673025682e+00 3.062251021268182605e+00 3.062368580179244848e+00 3.780998911808067575e+00 3.781209664368841317e+00 4.544948457411125631e+00 4.545089006698459499e+00 5.965034832846235702e+00 5.965154744242978424e+00 6.944582035641936990e+00 6.944719054138015046e+00 7.643049347339830213e+00 7.643642005254186245e+00 1.007588355701858873e+01 1.007595706736172936e+01 1.062369092868474674e+01 1.062369717042567885e+01 1.094433381426452456e+01 1.094437304895421725e+01 1.211005087148388348e+01 1.211008804978502340e+01 1.278607049891133052e+01 1.278615580461073620e+01 1.483347820783167315e+01 1.483362337157618427e+01 1.702140455499820249e+01 1.702144551863184674e+01 2.306378117837344277e+01 2.306389155932772894e+01
2.974965156005848210e-01 2.027255615105133746e+00 2.027366798750068533e+00 3.037661511211277698e+00 3.037786526785625441e+00 3.767558361266424072e+00 3.767760243085743976e+00 4.530979300844018454e+00 4.531129427664888354e+00 5.952639057861905947e+00 5.952754033144948664e+00 6.951224704197211501e+00 6.951355425909633290e+00 7.641024558881008844e+00 7.641629861161780113e+00 1.005691441300716527e+01 1.005699616181632017e+01 1.061064847213264883e+01 1.061065336023668593e+01 1.094044405564115863e+01 1.094049126861310661e+01 1.211606362163516160e+01 1.211610059277986196e+01 1.278722024830810611e+01 1.278731111911623941e+01 1.483778878726126038e+01 1.483793346216556408e+01 1.704427462509560343e+01 1.704431082371574391e+01 2.305510908958174809e+01 2.305522351855181640e+01
2.990162854387959368e-01 2.008541356724693028e+00 2.008664080020513332e+00 3.012352867808522294e+00 3.012484755979687900e+00 3.754314267882222111e+00 3.754508149047703913e+00 4.516975092273717962e+00 4.517134936352235286e+00 5.940174865190947173e+00 5.940284799202303567e+00 6.957605753988920227e+00 6.957730883203563366e+00 7.640082716289796849e+00 7.640698672785068091e+00 1.003703354597266362e+01 1.003712385020444309e+01 1.059748552123234866e+01 1.059748962884144241e+01 1.093700905148366331e+01 1.093706443083360114e+01 1.212163103661365504e+01 1.212166835333632875e+01 1.278846209612846963e+01 1.278855827596959926e+01 1.484232755540844195e+01 1.484247226999905322e+01 1.706713322035912483e+01 1.706716425082404598e+01 2.304621741218332431e+01 2.304633597749159790e+01
3.005360552770070526e-01 1.989210116169430442e+00 1.989344860513398094e+00 2.986327194208134195e+00 2.986465192978926098e+00 3.741286287156711410e+00 3.741473198376823461e+00 4.502953138387402632e+00 4.503122760764842525e+00 5.927665465062225358e+00 5.927770352999067072e+00 6.963681280850923194e+00 6.963801745041537927e+00 7.640277351930214955e+00 7.640902154475925023e+00 1.001633395557160533e+01 1.001643291892750831e+01 1.058413479370644517e+01 1.058413939726004038e+01 1.093403709895984832e+01 1.093410068049165140e+01 1.212673880976660890e+01 1.212677704656222666e+01 1.278980062125728523e+01 1.278990180180326774e+01 1.484709357103652927e+01 1.484723889517535511e+01 1.708994614771746612e+01 1.708997168198595418e+01 2.303711096266065539e+01 2.303723375899502912e+01
3.020558251152181684e-01 1.969274988066228360e+00 1.969422121540008730e+00 2.959589531436212617e+00 2.959732705015335696e+00 3.728487545801477232e+00 3.728668588265460659e+00 4.488930430457997112e+00 4.489109827244352147e+00 5.915134567979329461e+00 5.915234509988950506e+00 6.969409633471208565e+00 6.969526555338708462e+00 7.641656755628040365e+00 7.642288863533526211e+00 9.994909826372394335e+00 9.995017362853117149e+00 1.057053522768511300e+01 1.057054166721178134e+01 1.093153029112458974e+01 1.093160202009214643e+01 1.213137562727715490e+01 1.213141532245482246e+01 1.279123933164551730e+01 1.279134515947202111e+01 1.485208483909430122e+01 1.485223136553594614e+01 1.711268049861787688e+01 1.711270031396594504e+01 2.302779493758157869e+01 2.302792206147547915e+01
3.035755949534292841e-01 1.948750896637871932e+00 1.948910678701004207e+00 2.932147928695376216e+00 2.932295175203747828e+00 3.715924289466575825e+00 3.716100523257029664e+00 4.474923816137398980e+00 4.475112928261849810e+00 5.902606354805157274e+00 5.902701558899130063e+00 6.974752449883963479e+00 6.974867091816133069e+00 7.644263019581821972e+00 7.644901241566645744e+00 9.972854649365668678e+00 9.972970503892911509e+00 1.055663372277721912e+01 1.055664286552832642e+01 1.092948459568158626e+01 1.092956436592788272e+01 1.213553314849955811e+01 1.213557475176944678e+01 1.279278061890545182e+01 1.279289070228446334e+01 1.485729830080305014e+01 1.485744662867743671e+01 1.713530466694043852e+01 1.713531872777722143e+01 2.301827492415788257e+01 2.301840646899668741e+01
3.050953647916403999e-01 1.927654521942729238e+00 1.927827108289107416e+00 2.904013417946430753e+00 2.904163480553135113e+00 3.703595652645248482e+00 3.703767976576146204e+00 4.460950185184444194e+00 4.461148904311264651e+00 5.890105438941553473e+00 5.890196221253266806e+00 6.979675649486602573e+00 6.979789329221834926e+00 7.648131134801249509e+00 7.648774700376148594e+00 9.950259779145106620e+00 9.950383545789298623e+00 1.054238584059624628e+01 1.054239827181066325e+01 1.092789021340550271e+01 1.092797789425717170e+01 1.213920594512692297e+01 1.213924978143366928e+01 1.279442574323820914e+01 1.279453965854713893e+01 1.486272983284756677e+01 1.486288055453614554e+01 1.715778825940237695e+01 1.715779705033831348e+01 2.300855690976110779e+01 2.300869296052284696e+01
3.066151346298515157e-01 1.906004216315540178e+00 1.906189663925627720e+00 2.875199900950736076e+00 2.875351382254991428e+00 3.691493549034392530e+00 3.691662588382139010e+00 4.447026663260632340e+00 4.447234834133523940e+00 5.877656820018439809e+00 5.877743601111196980e+00 6.984150307535763602e+00 6.984264293211542629e+00 7.653288206501581037e+00 7.653936818823892096e+00 9.927213392631399458e+00 9.927344531178476927e+00 1.052775623765007040e+01 1.052777242404785873e+01 1.092673216966909067e+01 1.092682762480413849e+01 1.214239140414499296e+01 1.214243765667978359e+01 1.279617484793931226e+01 1.279629214567102657e+01 1.486837425598757356e+01 1.486852794830658908e+01 1.718010146352937895e+01 1.718010764387690514e+01 2.299864729031885702e+01 2.299878791826336411e+01
3.081349044680626315e-01 1.883819912855160039e+00 1.884018185178070182e+00 2.845723961580120864e+00 2.845875341077233944e+00 3.679602679021599876e+00 3.679768696336692013e+00 4.433170806954367826e+00 4.433388226516351338e+00 5.865285828533454371e+00 5.865369124297528103e+00 6.988153342003442070e+00 6.988268743464306709e+00 7.659752853061107203e+00 7.660406715318570647e+00 9.903799793129447693e+00 9.903937644620331326e+00 1.051271861732928592e+01 1.051273896184097900e+01 1.092599107352846666e+01 1.092609417363892632e+01 1.214508959986266845e+01 1.214513830928118132e+01 1.279802700153730122e+01 1.279814721190697924e+01 1.487422535330585127e+01 1.487438257322946278e+01 1.720221552485802263e+01 1.720222467212697381e+01 2.298855287752358478e+01 2.298869813503601733e+01
3.096546743062737472e-01 1.861123027679760789e+00 1.861333999762367686e+00 2.815604619480099657e+00 2.815754274065375817e+00 3.667900650381811900e+00 3.668063489084585349e+00 4.419400792178067583e+00 4.419627205904626877e+00 5.853018060817650969e+00 5.853098466701220914e+00 6.991667957206710859e+00 6.991785632857316912e+00 7.667534841296435921e+00 7.668194650113697719e+00 9.880098994969483073e+00 9.880242796687010554e+00 1.049725526460785296e+01 1.049728011961927443e+01 1.092564397183646108e+01 1.092575460205620352e+01 1.214730313951435292e+01 1.214735421441501195e+01 1.279998026454005888e+01 1.280010290269962958e+01 1.488027589813422580e+01 1.488043718263666015e+01 1.722410613848663630e+01 1.722412073892980189e+01 2.297828090479370644e+01 2.297843082056902375e+01
3.111744441444848630e-01 1.837936357454265535e+00 1.838159820731215088e+00 2.784863042945176392e+00 2.785009270669964287e+00 3.656358207678705341e+00 3.656517271376354739e+00 4.405735587063401404e+00 4.405970683044983183e+00 5.840879303542489964e+00 5.840957471674129486e+00 6.994683811876601709e+00 6.994804304926666383e+00 7.676634990917484913e+00 7.677301893336606398e+00 9.856186524893825407e+00 9.856335425128206040e+00 1.048135631645986976e+01 1.048138598354455731e+01 1.092566522930327366e+01 1.092578329215070987e+01 1.214903698658561382e+01 1.214909022099288372e+01 1.280203177686813554e+01 1.280215634775341194e+01 1.488651769147122472e+01 1.488668356055720920e+01 1.724574990039839406e+01 1.724577045455102819e+01 2.296783903193357190e+01 2.296799360666064516e+01
3.126942139826959788e-01 1.814283973408621797e+00 1.814519639795935335e+00 2.753522239150173245e+00 2.753663286945957633e+00 3.644939565073775256e+00 3.645093830605024898e+00 4.392195099523327428e+00 4.392438500931791445e+00 5.828895446823849191e+00 5.828972057046472699e+00 6.997196905923034116e+00 6.997320414488896745e+00 7.687045355955788750e+00 7.687720870969834586e+00 9.832133382861462323e+00 9.832286455672049286e+00 1.046501889301267596e+01 1.046505361865162520e+01 1.092602737638681631e+01 1.092615279098164294e+01 1.215029826634853727e+01 1.215035336144617695e+01 1.280417786140142589e+01 1.280430386424826850e+01 1.489294160845920878e+01 1.489311257014440670e+01 1.726712410875169468e+01 1.726715064025584212e+01 2.295723534844450953e+01 2.295739455111628402e+01
3.142139838209070946e-01 1.790191112722405276e+00 1.790438617629397600e+00 2.721606738811452431e+00 2.721740835851304663e+00 3.633602836668365477e+00 3.633750897483628783e+00 4.378800288851163458e+00 4.379051545512886889e+00 5.817092385012935019e+00 5.817168112614247377e+00 6.999209205459371752e+00 6.999335583043269082e+00 7.698749664873958842e+00 7.699435575493339456e+00 9.808006114038695600e+00 9.808162374145169338e+00 1.044824618416160078e+01 1.044828615485976364e+01 1.092670188190410663e+01 1.092683458027322629e+01 1.215109605865190545e+01 1.215115264729842970e+01 1.280641413869070888e+01 1.280654107126326302e+01 1.489953765325515533e+01 1.489971420915681755e+01 1.728820736573777950e+01 1.728823972127261044e+01 2.294647837544261648e+01 2.294664214038511929e+01
3.157337536591182103e-01 1.765684067768380716e+00 1.765942971664548278e+00 2.689142290081918851e+00 2.689267690328525973e+00 3.622300558370367796e+00 3.622440697382968366e+00 4.365573230219839118e+00 4.365831810084544351e+00 5.805495904684357278e+00 5.805571388947033284e+00 7.000728046870861476e+00 7.000856825834063102e+00 7.711723978358285159e+00 7.712422204552209060e+00 9.783866953383791198e+00 9.784025371258223913e+00 1.043104655892666166e+01 1.043109189700436801e+01 1.092765982312646855e+01 1.092779974443779345e+01 1.215144118339332913e+01 1.215149885677258546e+01 1.280873564779937723e+01 1.280886301037474340e+01 1.490629502142844309e+01 1.490647767170187166e+01 1.730897968171758095e+01 1.730901760715292070e+01 2.293557706614267389e+01 2.293574529082332347e+01
3.172535234973293261e-01 1.740790073301683449e+00 1.741059861547282983e+00 2.656155573018426974e+00 2.656270614434394606e+00 3.610980294981953165e+00 3.611110593089212450e+00 4.352537120897858713e+00 4.352802402226766176e+00 5.794131560136258408e+00 5.794207378010356457e+00 7.001765375969188909e+00 7.001895806165083336e+00 7.725937507934454551e+00 7.726649973307985420e+00 9.759774013210266830e+00 9.759933530398754442e+00 1.041343274087880921e+01 1.041348350139311307e+01 1.092887244050390727e+01 1.092901952403340360e+01 1.215134598415416356e+01 1.215140432034092655e+01 1.281113696842903060e+01 1.281126426757933068e+01 1.491320216886056649e+01 1.491339141542494495e+01 1.732942248606892477e+01 1.732946565580068565e+01 2.292454080487023660e+01 2.292471334851681775e+01
3.187732933355404419e-01 1.715537191265076089e+00 1.715817272034093843e+00 2.622673940787239477e+00 2.622777137437858119e+00 3.599585323883699228e+00 3.599703825263872670e+00 4.339716217609687732e+00 4.339987482702492017e+00 5.783024537635565565e+00 5.783101185661921662e+00 7.002336886185707598e+00 7.002467982172290384e+00 7.741353531233024832e+00 7.742082036290844904e+00 9.735781491842534052e+00 9.735941036518186209e+00 1.039542107350645317e+01 1.039547724241880822e+01 1.093031157570942824e+01 1.093046575326061642e+01 1.215082411521455263e+01 1.215088270958387540e+01 1.281361233990939219e+01 1.281373909211470696e+01 1.492024688600848492e+01 1.492044323330135214e+01 1.734951861652189109e+01 1.734956665007793220e+01 2.291337940456634925e+01 2.291355608760263962e+01
3.202930631737515577e-01 1.689954192473698491e+00 1.690243892755587840e+00 2.588725184980662064e+00 2.588815388998933820e+00 3.588055378164749509e+00 3.588160366917120925e+00 4.327135695946005889e+00 4.327412127178549284e+00 5.772199510306668557e+00 5.772277395923492982e+00 7.002461119920688759e+00 7.002591711789426299e+00 7.757930340738983688e+00 7.758676453203031009e+00 9.711939887779225344e+00 9.712098390516318958e+00 1.037703088479007896e+01 1.037709237835861842e+01 1.093194999994644157e+01 1.093211118831982276e+01 1.214989033667051999e+01 1.214994883399690195e+01 1.281615577324622990e+01 1.281628150836167634e+01 1.492741637632525098e+01 1.492762032916479242e+01 1.736925229995584985e+01 1.736930477467718603e+01 2.290210310275286432e+01 2.290228370703603744e+01
3.218128330119626734e-01 1.664070434053375847e+00 1.664368993903217797e+00 2.554337304786384877e+00 2.554414025913475328e+00 3.576327408206796843e+00 3.576417931063183620e+00 4.314821425263166255e+00 4.315102104116561144e+00 5.761680485795699802e+00 5.761759927218254695e+00 7.002158590555928264e+00 7.002287374811198895e+00 7.775622170469163486e+00 7.776387139248214453e+00 9.688296208707802393e+00 9.688452618469753475e+00 1.035828395018261361e+01 1.035835061550794123e+01 1.093376164459905375e+01 1.093392973857172201e+01 1.214856032175508105e+01 1.214861844948607583e+01 1.281876115316081233e+01 1.281888541774951484e+01 1.493469733760694318e+01 1.493490939608548373e+01 1.738860912798592295e+01 1.738866559057420602e+01 2.289072255592958527e+01 2.289090682575721658e+01
3.233326028501737892e-01 1.637915731152145282e+00 1.638222296550357671e+00 2.519538226040108242e+00 2.519602309986871624e+00 3.564336272475201906e+00 3.564413214996179136e+00 4.302799656229187697e+00 4.303083565858850434e+00 5.751490648753203594e+00 5.751571881376031037e+00 7.001450971310875460e+00 7.001576559308026582e+00 7.794380056785767508e+00 7.795164752025727672e+00 9.664894168439369437e+00 9.665047468792176133e+00 1.033920404692208805e+01 1.033927566356539884e+01 1.093572174885967563e+01 1.093589661500045018e+01 1.214685047982460375e+01 1.214690808124150401e+01 1.282142232785779967e+01 1.282154468838978367e+01 1.494207604505125353e+01 1.494229669669563165e+01 1.740757602854672825e+01 1.740763600646982212e+01 2.287924883237878859e+01 2.287943647621985477e+01
3.248523726883849050e-01 1.611520221131670816e+00 1.611833835996750786e+00 2.484355419166490719e+00 2.484410389777316652e+00 3.552015307074559480e+00 3.552083418676300841e+00 4.291096623088963113e+00 4.291382654815661724e+00 5.741652200008115159e+00 5.741735386887262038e+00 7.000360383547824306e+00 7.000481345819126844e+00 7.814152603012212595e+00 7.814957481174853449e+00 9.641774367563298753e+00 9.641923593164154482e+00 1.031981658925047363e+01 1.031989287184924997e+01 1.093780693959982564e+01 1.093798841112460529e+01 1.214477779788063572e+01 1.214483486252706790e+01 1.282413318506750777e+01 1.282425323097416836e+01 1.494953843486664447e+01 1.494976814455161040e+01 1.742614123409133953e+01 1.742620424719565619e+01 2.286769340335760603e+01 2.286788409625090068e+01
3.263721425265960208e-01 1.584914218185002888e+00 1.585233816238330373e+00 2.448815848668846051e+00 2.448869352278968403e+00 3.539297566373436510e+00 3.539367221954935250e+00 4.279738068680519092e+00 4.280025032595541568e+00 5.732186194233993781e+00 5.732271438435438959e+00 6.998908803552010838e+00 6.999023709005902205e+00 7.834886630655166329e+00 7.835711721292289766e+00 9.618974455564966775e+00 9.619118709036035497e+00 1.030014833283455289e+01 1.030022893465202927e+01 1.093999525809287832e+01 1.094018313086539429e+01 1.214235970291955624e+01 1.214241638980842275e+01 1.282688771367405778e+01 1.282700506023916986e+01 1.495707018735257954e+01 1.495730938562243395e+01 1.744429424682494201e+01 1.744435981923161449e+01 2.285606813266439019e+01 2.285626151921911031e+01
3.278919123648071365e-01 1.558128056125832162e+00 1.558452453424200357e+00 2.412947571096310195e+00 2.413009724135504630e+00 3.526119337637033890e+00 3.526203582640271783e+00 4.268748706873879861e+00 4.269035346550336563e+00 5.723112377976175225e+00 5.723199735094308238e+00 6.997117594851140154e+00 6.997225044382919812e+00 7.856527711480644882e+00 7.857372621324550721e+00 9.596529273488915379e+00 9.596667742874595675e+00 1.028022713676424615e+01 1.028031165412011916e+01 1.094226614678205323e+01 1.094246017648847946e+01 1.213961394661629178e+01 1.213967059386670755e+01 1.282968005092475039e+01 1.282979434198702151e+01 1.496465680847474289e+01 1.496490587900904146e+01 1.746202580131577520e+01 1.746209347353655161e+01 2.284438526457133634e+01 2.284458096249743519e+01
3.294116822030182523e-01 1.531191916962125754e+00 1.531519805981480076e+00 2.376781163557334597e+00 2.376860235339049776e+00 3.512422519694503364e+00 3.512531717430430245e+00 4.258151643837517319e+00 4.258436654945731092e+00 5.714449030067156876e+00 5.714538519771844349e+00 6.995007163689557217e+00 6.995105818239840900e+00 7.879020583704853919e+00 7.879884513615174946e+00 9.574470977118465953e+00 9.574602954245424513e+00 1.026008177239004837e+01 1.026016974992923814e+01 1.094460040751252095e+01 1.094480030798302295e+01 1.213655851245567519e+01 1.213661562656322879e+01 1.283250451579362839e+01 1.283261542623241169e+01 1.497228370907293993e+01 1.497254297603047668e+01 1.747932782479227143e+01 1.747939716590253312e+01 2.283265741012198191e+01 2.283285501421222108e+01
3.309314520412293681e-01 1.504135642811176510e+00 1.504465588983659563e+00 2.340348290884864735e+00 2.340449531430628838e+00 3.498153574849416803e+00 3.498294496574459789e+00 4.247967785591283629e+00 4.248249838043054005e+00 5.706212806632923851e+00 5.706304422568064361e+00 6.992596728577135323e+00 6.992685332190625935e+00 7.902309461937304214e+00 7.903191232759183116e+00 9.552829141204894015e+00 9.552954041420091968e+00 1.023974176955596249e+01 1.023983270632032472e+01 1.094698014078698733e+01 1.094718558340004044e+01 1.213321154321954509e+01 1.213326976397138068e+01 1.283535562952931208e+01 1.283546286750477350e+01 1.497993628095643004e+01 1.498020599686401511e+01 1.749619339542109131e+01 1.749626401503425654e+01 2.282089753180017766e+01 2.282109661828047109e+01
3.324512218794404839e-01 1.476988528750112550e+00 1.477318970329072556e+00 2.303680761214352835e+00 2.303807478115952101e+00 3.483263560374024070e+00 3.483440676809147707e+00 4.238215263801580868e+00 4.238493026909603500e+00 5.698418593031262525e+00 5.698512310728856889e+00 6.989904190641934356e+00 6.989981589795601025e+00 7.926338254429306396e+00 7.927236338597702492e+00 9.531630845616188452e+00 9.531748229558500540e+00 1.021923729222224075e+01 1.021933064849773309e+01 1.094938867383096159e+01 1.094959928791305970e+01 1.212959128437971401e+01 1.212965132802919221e+01 1.283822812475293951e+01 1.283833143367404439e+01 1.498759996925578264e+01 1.498788030399666660e+01 1.751261669885668226e+01 1.751268825853797040e+01 2.280911892658343731e+01 2.280931905774393087e+01
3.339709917176515996e-01 1.449779094342712682e+00 1.450108346407411597e+00 2.266810836195738865e+00 2.266965285606903358e+00 3.467709362517915395e+00 3.467925775968998980e+00 4.228908913882128751e+00 4.229181083923325701e+00 5.691079365130213397e+00 5.691175147835906500e+00 6.986946089184884023e+00 6.987011251137599466e+00 7.951050703036467660e+00 7.951963259575096643e+00 9.510900744477233104e+00 9.511010342698119402e+00 1.019859903688801595e+01 1.019869424180847695e+01 1.095181048365873266e+01 1.095202585777936477e+01 1.212571603805056952e+01 1.212577862906642601e+01 1.284111694469001996e+01 1.284121610488807974e+01 1.499526034050822787e+01 1.499555137183158848e+01 1.752859298335215854e+01 1.752866520698263741e+01 2.279733520740185426e+01 2.279753593641723342e+01
3.354907615558627154e-01 1.422534831869354477e+00 1.422861095196984671e+00 2.229771705716627750e+00 2.229955536351209133e+00 3.451454880778920931e+00 3.451712769285460780e+00 4.220059838557760123e+00 4.220325168073145505e+00 5.684206062320151354e+00 5.684303864778170734e+00 6.983737625040034480e+00 6.983789662335139425e+00 7.976390461591485348e+00 7.977315372872564758e+00 9.490661119537428192e+00 9.490762860794152544e+00 1.017785814852402382e+01 1.017795460842414279e+01 1.095423111995370569e+01 1.095445080400954829e+01 1.212160412381206065e+01 1.212166992942039201e+01 1.284401723423380837e+01 1.284411206432542940e+01 1.500290314605494935e+01 1.500320485189184616e+01 1.754411851372011100e+01 1.754419119617805478e+01 2.278556028303141190e+01 2.278576115887574716e+01
3.370105313940738312e-01 1.395281929748102279e+00 1.395603305193898303e+00 2.192597888221450297e+00 2.192812348605739814e+00 3.434471943819267903e+00 3.434772761792273865e+00 4.211675085881799063e+00 4.211932414020916227e+00 5.677807474552224676e+00 5.677907244896471362e+00 6.980292728486642062e+00 6.980330954289462042e+00 8.002301127590518703e+00 8.003236036790340791e+00 9.470931919261692755e+00 9.471025962846210788e+00 1.015704614986560372e+01 1.015714325739119239e+01 1.095663713142022999e+01 1.095686063940119048e+01 1.211727384578429856e+01 1.211734342498583317e+01 1.284692432456143329e+01 1.284701468249172862e+01 1.501051438042228980e+01 1.501082663316855914e+01 1.755919052442067851e+01 1.755926353780635552e+01 2.277380833645809943e+01 2.277400890881690643e+01
3.385303012322849470e-01 1.368044970322044751e+00 1.368359479281106461e+00 2.155325593686906682e+00 2.155571632160719897e+00 3.416740984988523966e+00 3.417085558934091605e+00 4.203757463497467484e+00 4.204005746705887780e+00 5.671890145513743597e+00 5.671991825477284976e+00 6.976624107307598521e+00 6.976648248833638100e+00 8.028726240643923262e+00 8.029668589244513655e+00 9.451730785697453285e+00 9.451817556576720847e+00 1.013619488088113307e+01 1.013629202488647429e+01 1.095901599831311124e+01 1.095924281164408320e+01 1.211274346734224672e+01 1.211281723939760724e+01 1.284983371297576760e+01 1.284991949674010492e+01 1.501808033444687496e+01 1.501840289726724009e+01 1.757380717202281417e+01 1.757388046855696828e+01 2.276209380175675534e+01 2.276229362583700322e+01
3.400500710704960627e-01 1.340846602164702084e+00 1.341152213669546178e+00 2.117993081493822594e+00 2.118271396820359254e+00 3.398251500471441755e+00 3.398640081517652511e+00 4.196305501419328010e+00 4.196543843749338976e+00 5.666458293794449652e+00 5.666561817494095266e+00 6.972742718454932209e+00 6.972754505884538823e+00 8.055609259360890562e+00 8.056556324329113394e+00 9.433073072262708081e+00 9.433153294003401967e+00 1.011533644602416082e+01 1.011543302231497066e+01 1.096135607307906845e+01 1.096158564443378225e+01 1.210803119465503208e+01 1.210810942573745130e+01 1.285274103954164104e+01 1.285282218759086170e+01 1.502558764298630578e+01 1.502592016810966946e+01 1.758796748722206971e+01 1.758804109796053083e+01 2.275043133953682073e+01 2.275062998067490483e+01
3.415698409087071785e-01 1.313707188397212233e+00 1.314001853471945536e+00 2.080641025376506636e+00 2.080952093237858236e+00 3.379002302895662169e+00 3.379434603082508648e+00 4.189313564884622920e+00 4.189541247151979064e+00 5.661513753575674990e+00 5.661619045158368557e+00 6.968653546487430184e+00 6.968667108894258000e+00 8.082893526463550415e+00 8.083842456913600927e+00 9.414971857209646799e+00 9.415046570625074551e+00 1.009450316751125065e+01 1.009459859052890351e+01 1.096364653042228099e+01 1.096387828790888896e+01 1.210315516875317954e+01 1.210323797222862119e+01 1.285564206194275094e+01 1.285571855328179680e+01 1.503302332713373168e+01 1.503336535604649704e+01 1.760167132650039079e+01 1.760174535519925598e+01 2.273883581101330975e+01 2.273903284898120702e+01
3.430896107469182943e-01 1.286644434313131136e+00 1.286926128416412407e+00 2.043312887347501050e+00 2.043656974159580919e+00 3.359001584332769852e+00 3.359476808487873445e+00 4.182772108186377125e+00 4.182988615065519333e+00 5.657055935999829366e+00 5.657162906456663976e+00 6.964368153415224860e+00 6.964395707625256726e+00 8.110522230113703657e+00 8.111470083355573735e+00 9.397437958509415878e+00 9.397508504984628530e+00 1.007372754335717957e+01 1.007382125894481639e+01 1.096587732760382217e+01 1.096611067922508731e+01 1.209813346448030380e+01 1.209822080989676785e+01 1.285853262981779643e+01 1.285860448380961962e+01 1.504037483092526450e+01 1.504072579632524587e+01 1.761491932339163924e+01 1.761499393527773805e+01 2.272732225076956425e+01 2.272751728368135815e+01
3.446093805851294101e-01 1.259672999961158224e+00 1.259939774801374757e+00 2.006055297198232168e+00 2.006432466609435306e+00 3.338266808172861033e+00 3.338783686321640687e+00 4.176668051102224943e+00 4.176873095006117254e+00 5.653081811964810299e+00 5.653190355427166303e+00 6.959901899637791267e+00 6.959945405048251210e+00 8.138438367771447801e+00 8.139382144690124221e+00 9.380479953111461100e+00 9.380547898273942309e+00 1.005304220926223024e+01 1.005313370870272927e+01 1.096803917537574868e+01 1.096827351367021031e+01 1.209298409407980657e+01 1.209307582100644218e+01 1.286140865965538715e+01 1.286147593553921098e+01 1.504763005259398767e+01 1.504798928193856788e+01 1.762771283920556087e+01 1.762778824503510222e+01 2.271590583828380971e+01 2.271609848600875736e+01
3.461291504233405258e-01 1.232804106342459738e+00 1.233054153204145464e+00 1.968918430512229811e+00 1.969328545143977038e+00 3.316824454997308713e+00 3.317381276981791416e+00 4.170985252564838319e+00 4.171178792748801989e+00 5.649585916653453666e+00 5.649695906485235675e+00 6.955265563663004080e+00 6.955325549545142927e+00 8.166584717429042684e+00 8.167521397145941719e+00 9.364104194101949830e+00 9.364171183283549027e+00 1.003247990369988507e+01 1.003256873925909787e+01 1.097012351961113019e+01 1.097035822638505920e+01 1.208772501316894576e+01 1.208782084734697726e+01 1.286426611114581497e+01 1.286432890726903899e+01 1.505477737048257048e+01 1.505514409094793926e+01 1.764005391301012438e+01 1.764013034951792136e+01 2.270460186829832594e+01 2.270479177529281145e+01
3.476489202615516416e-01 1.206045147599284162e+00 1.206276875863527165e+00 1.931956374630108053e+00 1.932399094253048899e+00 3.294709651343545875e+00 3.295304303738734397e+00 4.165705052142273601e+00 4.165887306871360884e+00 5.646560375670349075e+00 5.646671660659627001e+00 6.950469415752520419e+00 6.950546068078284456e+00 8.194903819779227661e+00 8.195830393532567371e+00 9.348314808828742883e+00 9.348382382790163092e+00 1.001207343571472030e+01 1.001215923793659357e+01 1.097212253340131838e+01 1.097235698446494823e+01 1.208237412713627457e+01 1.208247369745162914e+01 1.286710096571251682e+01 1.286715941845623057e+01 1.506180566377797980e+01 1.506217900843853386e+01 1.765194521072013600e+01 1.765202291917382738e+01 2.269342572011544235e+01 2.269361255759536178e+01
3.491686900997627574e-01 1.179399326016371541e+00 1.179611463268471327e+00 1.895227468049375474e+00 1.895702244708917572e+00 3.271965711474901006e+00 3.272595716167033597e+00 4.160806848792388379e+00 4.160978297644676971e+00 5.643994952235853901e+00 5.644107353169542485e+00 6.945523876730905322e+00 6.945617201417929820e+00 8.223337973768579445e+00 8.224251477922436493e+00 9.333113664746289118e+00 9.333183094275147695e+00 9.991855655033660355e+00 9.991938151966058612e+00 1.097402911913532186e+01 1.097426268896104240e+01 1.207694929634218717e+01 1.207705215180523162e+01 1.286990920778308833e+01 1.286996349012899721e+01 1.506870432827627759e+01 1.506908334331212274e+01 1.766338997328668370e+01 1.766346917816501971e+01 2.268239282590907635e+01 2.268257629329669101e+01
3.506884599379738732e-01 1.152865331755767331e+00 1.153057056459798835e+00 1.858794594067605388e+00 1.859300664348217946e+00 3.248643620993031167e+00 3.249306174527304414e+00 4.156268687845400045e+00 4.156430060460653664e+00 5.641877114498742074e+00 5.641990421375020937e+00 6.940439766501850904e+00 6.940549630377868873e+00 8.251829247020904035e+00 8.252726795080214117e+00 9.318500310218928107e+00 9.318572498049652708e+00 9.971859424146199302e+00 9.971938462430726346e+00 1.097583691984049103e+01 1.097606898606539261e+01 1.207146833881375514e+01 1.207157396511086134e+01 1.287268680921107844e+01 1.287273712885022725e+01 1.507546328742264841e+01 1.507584694016671456e+01 1.767439196418159142e+01 1.767447285389009437e+01 2.267151863814554247e+01 2.267169846374103415e+01
3.522082297761849889e-01 1.126437094989656718e+00 1.126608219775954156e+00 1.822725404067497834e+00 1.823261778572897507e+00 3.224801487835022407e+00 3.225493500643468181e+00 4.152067830531312786e+00 4.152220077787514008e+00 5.640192121691922189e+00 5.640306091788255927e+00 6.935228493340233058e+00 6.935354636352870195e+00 8.280319501755169398e+00 8.281198315229202578e+00 9.304471913106764802e+00 9.304547371161493885e+00 9.952117592061668461e+00 9.952193159235841691e+00 1.097754033883937907e+01 1.097777028654020448e+01 1.206594902939018787e+01 1.206605686476104111e+01 1.287542971712914053e+01 1.287547631394953029e+01 1.508207299890211317e+01 1.508246018654545750e+01 1.768495541654572634e+01 1.768503812761671767e+01 2.266081859621082017e+01 2.266099453705885836e+01
3.537279996143961047e-01 1.100103645352600523e+00 1.100254876882692301e+00 1.787092439902300267e+00 1.787657890064925148e+00 3.200503981549441601e+00 3.201222116309987875e+00 4.148181284717521677e+00 4.148325529160682201e+00 5.638923127584420492e+00 5.639037484555248447e+00 6.929902218666717850e+00 6.930044256453332885e+00 8.308750436020748253e+00 8.309607873943058109e+00 9.291023215973853056e+00 9.291102094580535820e+00 9.932662969537231490e+00 9.932735215750106761e+00 1.097913456655811437e+01 1.097936179223337305e+01 1.206040909450156740e+01 1.206051854477789931e+01 1.287813384539708927e+01 1.287817698811368494e+01 1.508852445708040158e+01 1.508891401586357972e+01 1.769508498045843936e+01 1.769516958602648415e+01 2.265030809234416509e+01 2.265047993329021025e+01
3.552477694526072205e-01 1.073849127319325580e+00 1.073982424960117088e+00 1.751973118876011037e+00 1.752566161369002673e+00 3.175821776438148891e+00 3.176562485016602100e+00 4.144586280091179020e+00 4.144723745251470248e+00 5.638051299489394985e+00 5.638165733617908515e+00 6.924474001815846158e+00 6.924631424198455676e+00 8.337063639283023520e+00 8.337897226161450348e+00 9.278146514487593421e+00 9.278228654861649716e+00 9.913528305677983710e+00 9.913597561128439040e+00 1.098061561310361256e+01 1.098083952830554999e+01 1.205486620196766623e+01 1.205497665463717460e+01 1.288079506970128918e+01 1.288083505132484063e+01 1.509480919161166490e+01 1.509519990634110620e+01 1.770478567077572052e+01 1.770487217347370645e+01 2.264000243698209403e+01 2.264016998894069133e+01
3.567675392908183363e-01 1.047653056408796468e+00 1.047772049913920034e+00 1.717449539704972494e+00 1.718068418999802338e+00 3.150831008791291854e+00 3.151590567429330303e+00 4.141260675492751453e+00 4.141392598658380386e+00 5.637555950978863528e+00 5.637670120654042272e+00 6.918957924410278792e+00 6.919130091985278064e+00 8.365200660562875257e+00 8.366008112498725779e+00 9.265831659057655045e+00 9.265916649770638003e+00 9.894746265772091931e+00 9.894813047712254672e+00 1.098198034500961739e+01 1.098220037957795370e+01 1.204933794539427261e+01 1.204944878255897223e+01 1.288340922625452833e+01 1.288344635806895155e+01 1.510091926254178851e+01 1.510130987628233967e+01 1.771406281590095944e+01 1.771415114483048825e+01 2.262991682361812451e+01 2.263007992110651401e+01
3.582873091290294520e-01 1.021490980528961812e+00 1.021601196245299770e+00 1.683608064922394787e+00 1.684250734901966418e+00 3.125612753486024964e+00 3.126387296090562096e+00 4.138183290744260390e+00 4.138310829531173241e+00 5.637414686434063960e+00 5.637528220868309070e+00 6.913369192917913075e+00 6.913555332876341275e+00 8.393103086410999225e+00 8.393882335090452784e+00 9.254066080296698971e+00 9.254153308962196789e+00 9.876349409605928997e+00 9.876414410779343456e+00 1.098322652433658142e+01 1.098344212919641549e+01 1.204384182292850980e+01 1.204395243302637830e+01 1.288597211392813513e+01 1.288600671771240513e+01 1.510684725224300173e+01 1.510723647605074049e+01 1.772292200774451487e+01 1.772301201888863886e+01 2.262006629328746143e+01 2.262022479130986952e+01
3.598070789672405678e-01 9.953357487360491307e-01 9.954441097681284711e-01 1.650538636218736865e+00 1.651202742192503736e+00 3.100252520960613545e+00 3.101038070506259903e+00 4.135334160550874216e+00 4.135458307440489811e+00 5.637603555623275753e+00 5.637716058770045002e+00 6.907724217764189767e+00 6.907923419719161018e+00 8.420712624926421697e+00 8.421461839147484696e+00 9.242834842154236341e+00 9.242923540072821353e+00 9.858370167729022526e+00 9.858434218902271340e+00 1.098435284810318713e+01 1.098456349760119188e+01 1.203839521031504844e+01 1.203850499847632882e+01 1.288847949951799521e+01 1.288851189796257657e+01 1.511258625451760196e+01 1.511297277709065767e+01 1.773136905303006117e+01 1.773146053237526232e+01 2.261046569878819312e+01 2.261061946918858823e+01
3.613268488054516836e-01 9.691592885172136684e-01 9.692726631880215216e-01 1.618333786273043362e+00 1.619016649197775992e+00 3.074839772155240070e+00 3.075632270325659334e+00 4.132694713662417030e+00 4.132816231999673739e+00 5.638097216638370490e+00 5.638208272214750849e+00 6.902040667399197638e+00 6.902251879854643057e+00 8.447971190749246517e+00 8.448688795101954696e+00 9.232120729851580165e+00 9.232210010280551771e+00 9.840840810227266644e+00 9.840904815316926957e+00 1.098535898583427972e+01 1.098556417959994924e+01 1.203301532837062915e+01 1.203312372528971252e+01 1.289092712571801513e+01 1.289095763137004447e+01 1.511812986120754942e+01 1.511851235834625840e+01 1.773940992603695577e+01 1.773950259469731705e+01 2.260112966875484375e+01 2.260127859618517832e+01
3.628466186436627994e-01 9.429343826358669300e-01 9.430580593507191800e-01 1.587087325747111644e+00 1.587785930857554151e+00 3.049467446457961639e+00 3.050262781723285244e+00 4.130247885251162820e+00 4.130367274819416679e+00 5.638869105726716846e+00 5.638978283194924224e+00 6.896337495838201548e+00 6.896559523860592122e+00 8.474820984413474534e+00 8.475505674676481860e+00 9.221904382443030457e+00 9.221993274069204105e+00 9.823793400117121877e+00 9.823858252491948662e+00 1.098624561284186818e+01 1.098644487717367113e+01 1.202771920516490312e+01 1.202782567438726424e+01 1.289331072129021827e+01 1.289333962485179264e+01 1.512347214664169748e+01 1.512384929042345938e+01 1.774705072282832319e+01 1.774714424355802933e+01 2.259207257170376693e+01 2.259221654937947577e+01
3.643663884818739152e-01 9.166364018996883134e-01 9.167734976174046757e-01 1.556892708635841505e+00 1.557603700931131874e+00 3.024231495959904592e+00 3.025025530319844780e+00 4.127978173058576061e+00 4.128095665918827706e+00 5.639891612807904409e+00 5.639998474124090500e+00 6.890634942367664273e+00 6.890866446968035852e+00 8.501204557580230414e+00 8.501855312330990344e+00 9.212164482147395361e+00 9.212251959382731670e+00 9.807259724033782433e+00 9.807326221104107233e+00 1.098701443672389644e+01 1.098720732551353052e+01 1.202252363335616892e+01 1.202262767690785061e+01 1.289562601293123478e+01 1.289565357216137720e+01 1.512860765024516674e+01 1.512897811783306423e+01 1.775429761699831843e+01 1.775439160159416829e+01 2.258330848017509140e+01 2.258344740560618646e+01
3.658861583200850309e-01 8.902455408540059789e-01 8.903972355101302805e-01 1.527841112942752044e+00 1.528560801944927938e+00 2.999230418315015356e+00 3.000019012936800955e+00 4.125871648023866634e+00 4.125987229241800947e+00 5.641136261747421443e+00 5.641240368647491010e+00 6.884954502329933668e+00 6.885194002007483327e+00 8.527064853438465875e+00 8.527680941294507377e+00 9.202878014771441073e+00 9.202963026242635181e+00 9.791271196915191766e+00 9.791339970554501448e+00 1.098766821448450415e+01 1.098785430970516330e+01 1.201744512327848113e+01 1.201754628560325067e+01 1.289786873846285964e+01 1.289789516907808320e+01 1.513353135762552704e+01 1.513389383964334733e+01 1.776115681696828830e+01 1.776125083417486294e+01 2.257485113510151820e+01 2.257498490599479268e+01
3.674059281582961467e-01 8.637497418600197374e-01 8.639157625886905167e-01 1.500019314181352259e+00 1.500743689988369045e+00 2.974564780115239948e+00 2.975343820068460321e+00 4.123915928762937000e+00 4.124029373795086606e+00 5.642573894749312480e+00 5.642674816311245678e+00 6.879318868170088308e+00 6.879564743004089600e+00 8.552345208932282006e+00 8.552926190746727997e+00 9.194020617681204044e+00 9.194102113987939973e+00 9.775858741813385322e+00 9.775930214249358485e+00 1.098821075766425537e+01 1.098838966946035001e+01 1.201249985250668928e+01 1.201259772272189608e+01 1.290003466117362585e+01 1.290006013087694292e+01 1.513823868043944998e+01 1.513859188885900942e+01 1.776763452486491701e+01 1.776772810848912698e+01 2.256671391053894737e+01 2.256684242106226179e+01
3.689256979965072625e-01 8.371480820370226228e-01 8.373271336796929143e-01 1.473507471156882298e+00 1.474232233020358551e+00 2.950336722830904979e+00 2.951102141074805285e+00 4.122100127616410425e+00 4.122211048226702701e+00 5.644174860502583435e+00 5.644272180704246189e+00 6.873751840251117962e+00 6.874002338852902128e+00 8.576989302458606801e+00 8.577535027686167268e+00 9.185567033833642370e+00 9.185643995387607674e+00 9.761052647611718314e+00 9.761127012489984267e+00 1.098864692293533096e+01 1.098881828936092120e+01 1.200770361273289843e+01 1.200779782526814721e+01 1.290211958530679226e+01 1.290214421147244828e+01 1.514272543533007287e+01 1.514306811082937543e+01 1.777373689701694204e+01 1.777382955403345477e+01 2.255890977889981741e+01 2.255903291648358433e+01
3.704454678347183783e-01 8.104543739478031750e-01 8.106444617023607080e-01 1.448376979009021293e+00 1.449097576535087306e+00 2.926649443947849427e+00 2.927397244666999132e+00 4.120414774695475124e+00 4.120522666995262817e+00 5.645909205950276011e+00 5.646002530931830243e+00 6.868278207322249251e+00 6.868531456874146457e+00 8.600941027350094359e+00 8.601451623687564663e+00 9.177491692216776187e+00 9.177563157766314816e+00 9.746882406569271851e+00 9.746959628869145575e+00 1.098898258578032205e+01 1.098914607224083362e+01 1.200307175486793732e+01 1.200316198860793016e+01 1.290411937274216569e+01 1.290414322358649102e+01 1.514698782221215012e+01 1.514731874097518194e+01 1.777947000611141704e+01 1.777956122459695720e+01 2.255145127683321249e+01 2.255156891965711097e+01
3.719652376729294940e-01 7.837007946446445938e-01 7.838994622386792344e-01 1.424688564687876857e+00 1.425400250457836693e+00 2.903606646894700827e+00 2.904332928212471909e+00 4.118851725496085692e+00 4.118956015795021131e+00 5.647746871720999096e+00 5.647835836462664183e+00 6.862923596963551809e+00 6.863177616478359333e+00 8.624144268003302471e+00 8.624620123307158437e+00 9.169769436406214780e+00 9.169834532706421015e+00 9.733376532740939169e+00 9.733456360196107937e+00 1.098922459514751893e+01 1.098937989360383938e+01 1.199861913333018748e+01 1.199870510944129798e+01 1.290602996084574627e+01 1.290605305938178660e+01 1.515102240216702434e+01 1.515134038210742773e+01 1.778483980505114914e+01 1.778492906182827937e+01 2.254435047189875974e+01 2.254446248717586343e+01
3.734850075111406098e-01 7.569413911402782524e-01 7.571459019908867161e-01 1.402490797384712939e+00 1.403188688569918741e+00 2.881311954654154128e+00 2.882012930686098873e+00 4.117404057036560872e+00 4.117504142962300051e+00 5.649657891352823036e+00 5.649742165491979051e+00 6.857714296828602230e+00 6.857967013663372136e+00 8.646542552312594054e+00 8.646984287736104946e+00 9.162376423412540660e+00 9.162434396440351847e+00 9.720562363069781497e+00 9.720644343563447975e+00 1.098938070737018791e+01 1.098952753536561566e+01 1.199436005049858878e+01 1.199444152917343231e+01 1.290784738132458109e+01 1.290786971116020787e+01 1.515482607519471259e+01 1.515512998159629809e+01 1.778985209255572641e+01 1.778993886045833150e+01 2.253761893018139517e+01 2.253772517330967062e+01
3.750047773493517256e-01 7.302553340525158587e-01 7.304628123374971027e-01 1.381819157617298677e+00 1.382498303289218855e+00 2.859868283558933300e+00 2.860540305705430164e+00 4.116065956922676961e+00 4.116161242511118701e+00 5.651612594429709979e+00 5.651691886966788481e+00 6.852677048066641241e+00 6.852926317620180008e+00 8.668078551842478774e+00 8.668486985166076408e+00 9.155291213880232704e+00 9.155341462095478278e+00 9.708465845308793973e+00 9.708549347105082106e+00 1.098945949815849943e+01 1.098959759772730216e+01 1.199030820228610850e+01 1.199038497868610875e+01 1.290956777980350267e+01 1.290958929187391746e+01 1.515839605805499879e+01 1.515868480863202450e+01 1.779451248054657952e+01 1.779459623524379452e+01 2.253126768499228305e+01 2.253136799959847991e+01
3.765245471875628414e-01 7.037498196082767610e-01 7.039573594911423537e-01 1.362695756415425619e+00 1.363351206923808290e+00 2.839377175667538999e+00 2.840016752992237770e+00 4.114832609177331513e+00 4.114922533407362693e+00 5.653581813633162589e+00 5.653655876312829953e+00 6.847838812921263951e+00 6.848082441338236848e+00 8.688693401183398279e+00 8.689069499511104411e+00 9.148496070817973447e+00 9.148538181470838637e+00 9.697111320153835479e+00 9.697195553679016200e+00 1.098947025211773543e+01 1.098959938862949670e+01 1.198647662573357309e+01 1.198654852544112615e+01 1.291118743577558092e+01 1.291120805529105020e+01 1.516172986241430465e+01 1.516200243180333374e+01 1.779882636335396384e+01 1.779890658968834671e+01 2.252530720679711962e+01 2.252540142565364434e+01
3.780443170257739571e-01 6.775625460185829008e-01 6.777672926331359537e-01 1.345129729148195841e+00 1.345756604212439367e+00 2.819938090269746844e+00 2.820541908772215223e+00 4.113700080080582744e+00 4.113784138766296117e+00 5.655537095479542309e+00 5.655605724682290614e+00 6.843226519168377209e+00 6.843462288766292367e+00 8.708325812359440476e+00 8.708670633824533880e+00 9.141978475251935521e+00 9.142012266405112442e+00 9.686521308307236566e+00 9.686605349290323019e+00 1.098942283000751452e+01 1.098954279099464593e+01 1.198287764943417244e+01 1.198294452373846219e+01 1.291270278257149684e+01 1.291272241569628143e+01 1.516482527349946707e+01 1.516508069720269347e+01 1.780279888878110128e+01 1.780287508659265328e+01 2.251974737450654018e+01 2.251983532126119059e+01
3.795640868639850729e-01 6.518636945912136271e-01 6.520628988824240801e-01 1.329118259561263837e+00 1.329711812483384437e+00 2.801647657454677365e+00 2.802212598026065038e+00 4.112665206675218954e+00 4.112742967864755350e+00 5.657450914172430068e+00 5.657513951210595415e+00 6.838866784756956640e+00 6.839092481788439315e+00 8.726910972560501634e+00 8.727225597549628233e+00 9.135732849334230465e+00 9.135758425930754711e+00 9.676716316028665332e+00 9.676799130304260643e+00 1.098932751481398640e+01 1.098943810882131444e+01 1.197952284747976570e+01 1.197958456881006128e+01 1.291411042702284995e+01 1.291412896700975033e+01 1.516768032944504441e+01 1.516791770725182609e+01 1.780643493105637987e+01 1.780650662047715471e+01 2.251459744825600851e+01 2.251467893987959457e+01
3.810838567021961887e-01 6.268573066217133505e-01 6.270483565817723814e-01 1.314648131229384509e+00 1.315203807658778201e+00 2.784598899233033276e+00 2.785122054085367616e+00 4.111725490031236774e+00 4.111796603192183319e+00 5.659296887559881029e+00 5.659354217340644588e+00 6.834785626734676711e+00 6.834999070998971860e+00 8.744379239435584594e+00 8.744664693225296048e+00 9.129762440792021039e+00 9.129780294950522901e+00 9.667714674516206586e+00 9.667795144889744563e+00 1.098919483863296875e+01 1.098929589411925534e+01 1.197642299747648664e+01 1.197647945526265545e+01 1.291540716853884341e+01 1.291542450119702323e+01 1.517029330150536204e+01 1.517051180042454916e+01 1.780973906570205045e+01 1.780980579191751545e+01 2.250986604379272293e+01 2.250994089362238526e+01
3.826036265404073045e-01 6.027818451645057252e-01 6.029622774661824725e-01 1.301697665047565344e+00 1.302211155738302928e+00 2.768880426363377723e+00 2.769359113747373424e+00 4.110878994851570489e+00 4.110943194212600460e+00 5.661049993672470748e+00 5.661101541766306866e+00 6.831008159249554623e+00 6.831207234977477505e+00 8.760654695789265034e+00 8.760911866474952348e+00 9.124081235674548651e+00 9.124092519650693234e+00 9.659532428671353088e+00 9.659609384106415675e+00 1.098903539331783641e+01 1.098912675763017965e+01 1.197358804301586233e+01 1.197363914019967623e+01 1.291659001736032764e+01 1.291660602583173301e+01 1.517266267528866663e+01 1.517286153202883980e+01 1.781271554634349030e+01 1.781277688382647995e+01 2.250556110857751335e+01 2.250562912981456876e+01
3.841233963786184202e-01 5.799095578297923659e-01 5.800770556961879487e-01 1.290238886139718710e+00 1.290706173918365618e+00 2.754575621686774500e+00 2.755007398758753556e+00 4.110124256551501709e+00 4.110181359059235540e+00 5.662686785758778818e+00 5.662732513993445238e+00 6.827558286086518713e+00 6.827740973445555639e+00 8.775653705023193751e+00 8.775883263191039063e+00 9.118715573653755513e+00 9.118723000364123976e+00 9.652183289000610955e+00 9.652255536112765100e+00 1.098885962878517297e+01 1.098894116721936243e+01 1.197102706081765255e+01 1.197107271116488114e+01 1.291765621179355783e+01 1.291767078066753882e+01 1.517478713315626315e+01 1.517496565619440041e+01 1.781536828348057711e+01 1.781542383971204302e+01 2.250168989969947830e+01 2.250175090920965104e+01
3.856431662168295360e-01 5.585440249815825098e-01 5.586964098842018833e-01 1.280239769605838962e+00 1.280657171196400546e+00 2.741761823292037104e+00 2.742144497054332497e+00 4.109460196561967038e+00 4.109510095025574294e+00 5.664185603172320782e+00 5.664225503956071606e+00 6.824458393784810895e+00 6.824622800289452229e+00 8.789283729754181707e+00 8.789486059308732280e+00 9.113706081061405229e+00 9.113714116082507033e+00 9.645678656361738490e+00 9.645745012862537493e+00 1.098867764373958344e+01 1.098874923869313669e+01 1.196874823259047815e+01 1.196878835887000392e+01 1.291860323425763291e+01 1.291861625307796224e+01 1.517666553791612749e+01 1.517682310919717459e+01 1.781770082523976129e+01 1.781775024393702367e+01 2.249825896369041800e+01 2.249831278595070572e+01
3.871629360550406518e-01 5.390150345276438770e-01 5.391502605645129842e-01 1.271666435931934513e+00 1.272030639363892490e+00 2.730509523059768462e+00 2.730841159374889138e+00 4.108886046291694072e+00 4.108928698438114147e+00 5.665526774941245236e+00 5.665560864600878155e+00 6.821729051846618930e+00 6.821873442917305574e+00 8.801442839924487060e+00 8.801617992351790321e+00 9.109110712686655731e+00 9.109121262800339736e+00 9.640027723072789101e+00 9.640087052452431138e+00 1.098849897431959732e+01 1.098856052453975707e+01 1.196675882149581227e+01 1.196679335450702197e+01 1.291942882600416809e+01 1.291944019222947126e+01 1.517829691792699087e+01 1.517843299423763526e+01 1.781971634012283090e+01 1.781975930400128050e+01 2.249527411831589774e+01 2.249532058935549728e+01
3.886827058932517676e-01 5.216697699025977242e-01 5.217859299485219093e-01 1.264485196271498468e+00 1.264793294411439062e+00 2.720881597896199988e+00 2.721160528655014232e+00 4.108401279934162709e+00 4.108436694285150459e+00 5.666692812420595082e+00 5.666721123914625124e+00 6.819388726843863324e+00 6.819511554739296599e+00 8.812020519653358974e+00 8.812168205809339128e+00 9.105001989808467755e+00 9.105014391703345922e+00 9.635237646076209472e+00 9.635288892488421908e+00 1.098833238672161627e+01 1.098838380664806103e+01 1.196506515295998874e+01 1.196509403131241989e+01 1.292013100038898799e+01 1.292014062186466639e+01 1.517968045371647179e+01 1.517979456777568892e+01 1.782141760176623890e+01 1.782145383486368928e+01 2.249274043641012355e+01 2.249277940760072880e+01
3.902024757314628833e-01 5.068593927130456978e-01 5.069547439266101074e-01 1.258664378462281519e+00 1.258913898883353477e+00 2.712932592095653739e+00 2.713157420694391586e+00 4.108005556123398350e+00 4.108033775818865863e+00 5.667668587132249414e+00 5.667691162559933993e+00 6.817453517318894818e+00 6.817553447674313816e+00 8.820900510625858004e+00 8.821020143229345578e+00 9.101463367389214909e+00 9.101476150315267688e+00 9.631313779309806478e+00 9.631356001366482289e+00 1.098818568017745179e+01 1.098822689937844643e+01 1.196367259946661044e+01 1.196369576995396855e+01 1.292070805459280081e+01 1.292071585158509528e+01 1.518081546620368805e+01 1.518090722751085053e+01 1.782280697572332784e+01 1.782283624531779154e+01 2.249066223181175417e+01 2.249069357337506503e+01
3.917222455696739991e-01 4.949206396491442894e-01 4.949936519151002523e-01 1.254175891761701411e+00 1.254364822819545422e+00 2.706708069610119338e+00 2.706877674950259216e+00 4.107698668327395275e+00 4.107719754226949682e+00 5.668441489783692333e+00 5.668458373149757534e+00 6.815936916220369568e+00 6.816012851460349964e+00 8.827966361679250085e+00 8.828057155730652639e+00 9.098584273181733906e+00 9.098595777590487543e+00 9.628259944410869409e+00 9.628292346438476201e+00 1.098806550670060567e+01 1.098809646940167184e+01 1.196258556888413871e+01 1.196260298725444393e+01 1.292115857970404669e+01 1.292116448653794336e+01 1.518170140660551404e+01 1.518177050208361578e+01 1.782388640827988269e+01 1.782390852643128198e+01 2.248904304744843330e+01 2.248906665156373563e+01
3.932420154078851149e-01 4.861531634757473852e-01 4.862025876779583755e-01 1.250996509295374759e+00 1.251123322005630367e+00 2.702244054437606291e+00 2.702357593698092142e+00 4.107480503822411144e+00 4.107494518370965686e+00 5.669001566552242188e+00 5.669012797256654856e+00 6.814849607195959003e+00 6.814900706155290422e+00 8.833109904208040319e+00 8.833171029558451792e+00 9.096451752297218363e+00 9.096460433468259055e+00 9.626078712705906426e+00 9.626100671982182888e+00 1.098797721375165537e+01 1.098799787845648801e+01 1.196180749584703840e+01 1.196181912775431577e+01 1.292148146909147854e+01 1.292148543542527150e+01 1.518233784809264719e+01 1.518238404255995277e+01 1.782465741731275699e+01 1.782467224205716860e+01 2.248788564560886627e+01 2.248790142902109324e+01
3.947617852460962307e-01 4.807949246001951837e-01 4.808198694989778699e-01 1.249108861427206563e+00 1.249172526589302556e+00 2.699566575810008473e+00 2.699623486246631732e+00 4.107351011111784800e+00 4.107358004496358461e+00 5.669341629042444097e+00 5.669347236538623491e+00 6.814199300371810430e+00 6.814224993550955567e+00 8.836241938037510124e+00 8.836272699219417603e+00 9.095139756074905435e+00 9.095144421850619665e+00 9.624771668306250305e+00 9.624782756891882229e+00 1.098792471539605842e+01 1.098793505460044706e+01 1.196134083571393703e+01 1.196134665764498450e+01 1.292167592500843831e+01 1.292167791676962274e+01 1.518272447925128787e+01 1.518274761574937770e+01 1.782512108519937755e+01 1.782512852142085080e+01 2.248719200043175093e+01 2.248719990647913036e+01
3.962815550843073464e-01 4.789994951185473360e-01 4.789994951185977401e-01 1.248502141267455068e+00 1.248502141267471277e+00 2.698691332377662455e+00 2.698691332377672669e+00 4.107310175731157642e+00 4.107310175731159418e+00 5.669457334866829790e+00 5.669457334866839560e+00 6.813990612296956684e+00 6.813990612296967342e+00 8.837303188352745309e+00 8.837303188352761296e+00 9.094698164037877675e+00 9.094698164037888333e+00 9.624339622820455631e+00 9.624339622820462736e+00 1.098791039665322522e+01 1.098791039665323410e+01 1.196118706067271553e+01 1.196118706067272264e+01 1.292174146338389740e+01 1.292174146338392049e+01 1.518286109939358575e+01 1.518286109939359285e+01 1.782527805378602181e+01 1.782527805378604313e+01 2.248696329263243499e+01 2.248696329263245985e+01
3.962815550843073464e-01 4.789994951185473360e-01 4.789994951185977401e-01 1.248502141267455068e+00 1.248502141267471277e+00 2.698691332377662455e+00 2.698691332377672669e+00 4.107310175731157642e+00 4.107310175731159418e+00 5.669457334866829790e+00 5.669457334866839560e+00 6.813990612296956684e+00 6.813990612296967342e+00 8.837303188352745309e+00 8.837303188352761296e+00 9.094698164037877675e+00 9.094698164037888333e+00 9.624339622820455631e+00 9.624339622820462736e+00 1.098791039665322522e+01 1.098791039665323410e+01 1.196118706067271553e+01 1.196118706067272264e+01 1.292174146338389740e+01 1.292174146338392049e+01 1.518286109939358575e+01 1.518286109939359285e+01 1.782527805378602181e+01 1.782527805378604313e+01 2.248696329263243499e+01 2.248696329263245985e+01
3.972048309587282167e-01 4.785904453950655113e-01 4.786301174401434988e-01 1.249050197897964676e+00 1.249149159190428904e+00 2.698252879862518494e+00 2.698377815217124720e+00 4.107133223388187204e+00 4.107150912152829569e+00 5.668923547332605395e+00 5.668938253189881316e+00 6.814037176702524512e+00 6.814126234324215048e+00 8.837291522596226301e+00 8.837317024336291738e+00 9.094307843686211257e+00 9.094310161246960789e+00 9.624744965740704927e+00 9.624754713129501482e+00 1.098791323214373783e+01 1.098791456453729154e+01 1.196125186307531330e+01 1.196125643774594316e+01 1.292163153722877489e+01 1.292164606064829080e+01 1.518287544106141773e+01 1.518287986338778772e+01 1.782527392447498471e+01 1.782527474520110644e+01 2.248707419752194880e+01 2.248708097011533980e+01
3.981281068331490869e-01 4.774057944309487156e-01 4.774876461529373728e-01 1.250789574334245424e+00 1.250986078000666524e+00 2.697062889041506928e+00 2.697312351807024999e+00 4.106619729922617701e+00 4.106655041819155194e+00 5.667337644677372666e+00 5.667366990295926499e+00 6.814265966117916129e+00 6.814443677449490977e+00 8.837281829426592239e+00 8.837333210436295161e+00 9.093143432045280861e+00 9.093148023146669701e+00 9.625966619368650612e+00 9.625986048824760388e+00 1.098792275708720290e+01 1.098792609512305063e+01 1.196145051324735853e+01 1.196145960924070550e+01 1.292131655590400285e+01 1.292134558538207401e+01 1.518292279059386374e+01 1.518293179355488220e+01 1.782526235770618683e+01 1.782526400611541817e+01 2.248741354532334569e+01 2.248742709974244391e+01
3.990513827075699571e-01 4.754564568246117395e-01 4.755853242804195524e-01 1.253707723193012491e+00 1.253998983497448760e+00 2.695122244900480801e+00 2.695495420131150066e+00 4.105768652496813331e+00 4.105821456412233950e+00 5.664701824770403071e+00 5.664745678274012874e+00 6.814676691891015992e+00 6.814942251263788719e+00 8.837273902423346428e+00 8.837351899716031411e+00 9.091217390509244822e+00 9.091224169315161419e+00 9.627992338313926979e+00 9.628021321201009286e+00 1.098793888376780714e+01 1.098794521195315887e+01 1.196178196338363264e+01 1.196179547455203007e+01 1.292079732322203611e+01 1.292084082370349130e+01 1.518300301926978868e+01 1.518301690681044747e+01 1.782524336191213976e+01 1.782524585158715169e+01 2.248798092742178767e+01 2.248800128153818179e+01
3.999746585819908273e-01 4.727610289416325218e-01 4.729437728687969078e-01 1.257783751582826293e+00 1.258165715912035854e+00 2.692432283448699337e+00 2.692927951079595594e+00 4.104578225991960316e+00 4.104648325637693773e+00 5.661019734653503832e+00 5.661077899014993697e+00 6.815268738884931565e+00 6.815620943169218293e+00 8.837267534296966431e+00 8.837373210178796512e+00 9.088549861704869670e+00 9.088558704770166585e+00 9.630802299108731646e+00 9.630840647273402055e+00 1.098796168481563029e+01 1.098797206748290378e+01 1.196224445211094256e+01 1.196226222060131050e+01 1.292007517277704132e+01 1.292013309085024275e+01 1.518311597242506039e+01 1.518313517165574744e+01 1.782521695365857539e+01 1.782522030416953029e+01 2.248877566704753761e+01 2.248880284620461012e+01
4.008979344564116976e-01 4.693450786365797045e-01 4.695902297170878592e-01 1.262989140354749074e+00 1.263456629110407237e+00 2.688994787731716407e+00 2.689611325402210706e+00 4.103045955336581230e+00 4.103133089704424918e+00 5.656296479611927275e+00 5.656368693591177887e+00 6.816041167435770376e+00 6.816478422449914198e+00 8.837262523002918257e+00 8.837397218091309625e+00 9.085167818898371550e+00 9.085178571016124138e+00 9.634369946624941505e+00 9.634417417595894761e+00 1.098799131764521775e+01 1.098800681672448931e+01 1.196283550887947023e+01 1.196285732677005775e+01 1.291915196729942394e+01 1.291922423021346589e+01 1.518326147228852641e+01 1.518328650561103821e+01 1.782518315775139683e+01 1.782518739375584360e+01 2.248979682072961950e+01 2.248983085603666154e+01
4.018212103308325678e-01 4.652402013585487661e-01 4.655576105874110193e-01 1.269288675371304631e+00 1.269835551428476039e+00 2.684811982478952253e+00 2.685547369295498754e+00 4.101168604839153353e+00 4.101272448807578463e+00 5.650538635885151706e+00 5.650624575268967220e+00 6.816992716514373107e+00 6.817513045505522840e+00 8.837258675670650376e+00 8.837423953211661853e+00 9.081103994948509950e+00 9.081116476181593455e+00 9.638663060451504450e+00 9.638719363546373486e+00 1.098802799752525416e+01 1.098804964153719865e+01 1.196355196019986877e+01 1.196357757167366032e+01 1.291803009764903187e+01 1.291811661202287986e+01 1.518343931876251851e+01 1.518347077481127805e+01 1.782514200730471643e+01 1.782514715744412470e+01 2.249104318019180226e+01 2.249108410633098742e+01
4.027444862052534380e-01 4.604829300714240459e-01 4.608834509204930985e-01 1.276641518507328987e+00 1.277260874720036465e+00 2.679886527426450282e+00 2.680738348662857984e+00 4.098942184571964020e+00 4.099062349661389604e+00 5.643754266962987209e+00 5.643853546097520990e+00 6.818121808075862766e+00 6.818722862217992287e+00 8.837255810320662874e+00 8.837453395888738683e+00 9.076395685008712633e+00 9.076409698433808515e+00 9.643644947143263479e+00 9.643709749966784983e+00 1.098807198855431366e+01 1.098810075633035943e+01 1.196438993770663650e+01 1.196441904175408943e+01 1.291671248141151374e+01 1.291681313165149980e+01 1.518364928877640807e+01 1.518368779513486011e+01 1.782509354376727728e+01 1.782509963942453624e+01 2.249251327467883854e+01 2.249256112728864920e+01
4.036677620796742527e-01 4.551135845868003460e-01 4.556087919498963967e-01 1.285002343381490553e+00 1.285686696816611185e+00 2.674221509365747984e+00 2.675186962098283772e+00 4.096361933875234840e+00 4.096497969151143614e+00 5.635952943392759984e+00 5.636065116997168722e+00 6.819426552573083278e+00 6.820105623415101626e+00 8.837253755609172146e+00 8.837485475707437033e+00 9.071083515750013149e+00 9.071098855494112101e+00 9.649275665641656730e+00 9.649348600508155016e+00 1.098812359927094384e+01 1.098816040850388021e+01 1.196534488802508100e+01 1.196537714166735888e+01 1.291520256105233422e+01 1.291531720749805956e+01 1.518389113494252207e+01 1.518393733413526903e+01 1.782503781690797950e+01 1.782504489088867317e+01 2.249420537370153639e+01 2.249426018640877345e+01
4.045910379540951229e-01 4.491751335901442155e-01 4.497770748446037192e-01 1.294322466529327142e+00 1.295063949392883940e+00 2.667820432979749690e+00 2.668896332653388104e+00 4.093422302077581065e+00 4.093573695200356077e+00 5.627145766000820615e+00 5.627270331248711344e+00 6.820904755602649416e+00 6.821658789387458732e+00 8.837252348968874571e+00 8.837520071192658477e+00 9.065210261298688010e+00 9.065226720544753647e+00 9.655513205728174952e+00 9.655593875641120150e+00 1.098818317937341149e+01 1.098822887721269304e+01 1.196641158441695474e+01 1.196644660643983116e+01 1.291350430157155849e+01 1.291363277839366930e+01 1.518416458407038405e+01 1.518421911321834372e+01 1.782497488476428060e+01 1.782498296995756348e+01 2.249611749018887963e+01 2.249617929136690719e+01
4.055143138285159932e-01 4.427121264478818263e-01 4.434330982621192407e-01 1.304550916570615060e+00 1.305341455777148774e+00 2.660687210535250813e+00 2.661869998456129593e+00 4.090116926565337430e+00 4.090283104986184526e+00 5.617345392403852777e+00 5.617481791257445956e+00 6.822553925643745742e+00 6.823379539407842032e+00 8.837251433514568433e+00 8.837557010040907102e+00 9.058819766647898675e+00 9.058837145398626944e+00 9.662314558820350285e+00 9.662402542764757740e+00 1.098825111662088183e+01 1.098830647145272543e+01 1.196758414018084693e+01 1.196762151536917784e+01 1.291162218759110480e+01 1.291176430046759371e+01 1.518446933585690140e+01 1.518453280974621222e+01 1.782490481355829814e+01 1.782491394162319764e+01 2.249824738403610880e+01 2.249831619336833199e+01
4.064375897029368634e-01 4.357697349908308815e-01 4.366220809199228836e-01 1.315635399070693268e+00 1.316466878698355103e+00 2.652826150509956626e+00 2.654111902257567657e+00 4.086438608378627713e+00 4.086618940681646883e+00 5.606566066652823643e+00 5.606713688432988008e+00 6.824371282841950048e+00 6.825264782194727431e+00 8.837250853993563027e+00 8.837596069376875363e+00 9.051956017538843824e+00 9.051974130027721444e+00 9.669636642229425760e+00 9.669731499654714568e+00 1.098832783366417765e+01 1.098839352779597078e+01 1.196885602378489999e+01 1.196889530764861931e+01 1.290956121979347770e+01 1.290971674339404274e+01 1.518480506188193502e+01 1.518487805893674469e+01 1.782482767758659747e+01 1.782483787769859873e+01 2.250059256603771374e+01 2.250066839096407634e+01
4.073608655773577336e-01 4.283929294886927308e-01 4.293888551646986573e-01 1.327523130589103761e+00 1.328387533718123237e+00 2.644241945238515967e+00 2.645626379989356902e+00 4.082379285570517879e+00 4.082573082962085209e+00 5.594823651809253562e+00 5.594981835983867668e+00 6.826353768781914688e+00 6.827311167254225488e+00 8.837250451925049433e+00 8.837636975585979826e+00 9.044662375409815880e+00 9.044681057113672651e+00 9.677437058470124143e+00 9.677538332944662258e+00 1.098841378474980068e+01 1.098849040791121823e+01 1.197022007571447766e+01 1.197026079969997525e+01 1.290732691061778858e+01 1.290749558592839996e+01 1.518517140492730100e+01 1.518525445553861708e+01 1.782474355908856012e+01 1.782475485677090887e+01 2.250315030219394785e+01 2.250323313431432481e+01
4.082841414517786038e-01 4.206257990574660544e-01 4.217772029405159606e-01 1.340161529796711326e+00 1.341051058207129554e+00 2.634939657668488699e+00 2.636418148420824892e+00 4.077930004638895767e+00 4.078136522586775392e+00 5.582135665201975350e+00 5.582303704374119491e+00 6.828498057184849479e+00 6.829515097027717196e+00 8.837250059916584632e+00 8.837679403311705428e+00 9.036980979332136954e+00 9.037000093552425284e+00 9.685674687995456722e+00 9.685781910090705438e+00 1.098850945230443266e+01 1.098859749594579327e+01 1.197166852702353879e+01 1.197171020421058785e+01 1.290492527910407539e+01 1.290510681062637843e+01 1.518556797858576957e+01 1.518566155531361872e+01 1.782465254809841326e+01 1.782466496415385038e+01 2.250591761837960547e+01 2.250600742988221370e+01
4.092074173261994741e-01 4.125110155080182750e-01 4.138293336748772866e-01 1.353498765271848203e+00 1.354405937049150577e+00 2.624924707320946737e+00 2.626492292007983842e+00 4.073080890431046264e+00 4.073299330457616385e+00 5.568521316045523584e+00 5.568698459123335276e+00 6.830800565459255402e+00 6.831872739765902480e+00 8.837249494980314424e+00 8.837722973203078425e+00 9.028952304880546009e+00 9.028971748810578291e+00 9.694310125831401947e+00 9.694422815341951605e+00 1.098861534343024360e+01 1.098871519582226242e+01 1.197319301958639137e+01 1.197323515088248058e+01 1.290236284476229578e+01 1.290255689762470404e+01 1.518599436711048867e+01 1.518609887637335554e+01 1.782455474228396142e+01 1.782456829183561098e+01 2.250889130536271310e+01 2.250898804553852273e+01
4.101306932006203443e-01 4.040894314742487503e-01 4.055854950169853201e-01 1.367484168158200841e+00 1.368401894386138018e+00 2.614202855554685012e+00 2.615854249030853396e+00 4.067821115033524393e+00 4.068050626669685421e+00 5.554001545019147557e+00 5.554187000549697828e+00 6.833257467026462528e+00 6.834380043044099295e+00 8.837248550489041676e+00 8.837767247932742265e+00 9.020614862563700598e+00 9.020634572644564031e+00 9.703305980075990433e+00 9.703423647705090360e+00 1.098873198634946391e+01 1.098884392849478076e+01 1.197478462805546506e+01 1.197482670892002510e+01 1.289964662032566878e+01 1.289985281734512945e+01 1.518645012545641571e+01 1.518656590041617171e+01 1.782445024677528878e+01 1.782446493842038748e+01 2.251206792416065738e+01 2.251217151605728262e+01
4.110539690750412145e-01 3.953997984377470853e-01 3.970837019663544520e-01 1.382068523352840028e+00 1.382990165793448689e+00 2.602780190234840862e+00 2.604509797117020131e+00 4.062138866295013528e+00 4.062378549204113121e+00 5.538599065302150848e+00 5.538792004953319470e+00 6.835864704336850117e+00 6.837032747828842183e+00 8.837246986189645881e+00 8.837811725858392364e+00 9.012005015067735769e+00 9.012024971272774465e+00 9.712627053814482991e+00 9.712749202459015407e+00 1.098885992683947954e+01 1.098898412920529921e+01 1.197643388353838745e+01 1.197647541130512394e+01 1.289678410323198854e+01 1.289700202196738488e+01 1.518693477947330450e+01 1.518706207390264495e+01 1.782433917398489953e+01 1.782435500906167647e+01 2.251544381171984099e+01 2.251555414898044916e+01
4.119772449494620847e-01 3.864785875773331658e-01 3.883595672194498083e-01 1.397204255730751798e+00 1.398123667768912171e+00 2.590663109907918926e+00 2.592465038250406639e+00 4.056021316794774734e+00 4.056270223079111226e+00 5.522338404435401138e+00 5.522537966612071081e+00 6.838618002487654834e+00 6.839826403001934452e+00 8.837244515391299515e+00 8.837855831439387799e+00 9.003156892182202498e+00 9.003177120708446779e+00 9.722240432666634291e+00 9.722366558426720928e+00 1.098899972469924613e+01 1.098913624477637363e+01 1.197813079901230360e+01 1.197817128093979200e+01 1.289378326565903876e+01 1.289401243549924736e+01 1.518744782621802969e+01 1.518758680919854243e+01 1.782422164342100857e+01 1.782423861538658372e+01 2.251901508690423270e+01 2.251913203082922976e+01
4.129005208238828994e-01 3.773598956667593152e-01 3.794462149060844336e-01 1.412845528695489739e+00 1.413757081942425220e+00 2.577858307585345177e+00 2.579726383364107534e+00 4.049454594263849572e+00 4.049711730970079415e+00 5.505245946225419296e+00 5.505451239809487696e+00 6.841512883349890828e+00 6.842756380245631931e+00 8.837240788003962066e+00 8.837898901089074499e+00 8.994102383938725964e+00 8.994122957719156375e+00 9.732115498904406081e+00 9.732245091926744252e+00 1.098915195028601843e+01 1.098930073097435844e+01 1.197986489648924113e+01 1.197990385877804975e+01 1.289065254292339802e+01 1.289089244225492337e+01 1.518798873436212027e+01 1.518813948570656436e+01 1.782409778149450119e+01 1.782411587541068343e+01 2.252277765677737875e+01 2.252290103363970175e+01
4.138237966983037697e-01 3.680754189203453985e-01 3.703742606315322816e-01 1.428948271686747651e+00 1.429846870570887107e+00 2.564372754236314389e+00 2.566300536614703365e+00 4.042423754697295202e+00 4.042688086541478931e+00 5.487349971724021280e+00 5.487560079931820489e+00 6.844544680109528656e+00 6.845817889191217809e+00 8.837235367417019205e+00 8.837940162443265635e+00 8.984871195450764958e+00 8.984892232062806627e+00 9.742223890692214283e+00 9.742356435936979864e+00 1.098931718115863987e+01 1.098947804997356137e+01 1.198162523592444195e+01 1.198166223413121045e+01 1.288740082003525700e+01 1.288765087353640126e+01 1.518855694467671391e+01 1.518871945100184284e+01 1.782396772132047857e+01 1.782398691344336683e+01 2.252672722316093257e+01 2.252685682179890847e+01
4.147470725727246399e-01 3.586544792379063873e-01 3.611718423456207749e-01 1.445470151717771046e+00 1.446351238211731838e+00 2.550213682088849243e+00 2.552194479433482321e+00 4.034912759664071480e+00 4.035183212001606456e+00 5.468680698099845472e+00 5.468894682455521128e+00 6.847708552127242498e+00 6.849005992733357751e+00 8.837227698099503925e+00 8.837978703875139175e+00 8.975490950762182507e+00 8.975512607799238651e+00 9.752539422135818370e+00 9.752674400137363975e+00 1.098949599886014283e+01 1.098966866794862973e+01 1.198340044580161923e+01 1.198343507742856318e+01 1.288403741618646237e+01 1.288429699229699743e+01 1.518915187058126470e+01 1.518932602198088233e+01 1.782383160251438170e+01 1.782385185998364108e+01 2.253085928945265337e+01 2.253099485915871014e+01
4.156703484471455101e-01 3.491240892972583554e-01 3.518646885913082056e-01 1.462370501986427263e+00 1.463230052375706691e+00 2.535388567834991225e+00 2.537415454446970919e+00 4.026904459630171296e+00 4.027179921701230292e+00 5.449270313967023327e+00 5.449487218395867139e+00 6.850999500021542232e+00 6.852315622413999385e+00 8.837217058952115067e+00 8.838013429153283695e+00 8.965987337653745115e+00 8.966009806431404883e+00 9.763037976907149584e+00 9.763174864580763668e+00 1.098968898586812060e+01 1.098987305281852578e+01 1.198517875520146347e+01 1.198521067588268885e+01 1.288057206693525458e+01 1.288084047555258849e+01 1.518977289874648129e+01 1.518995848603071330e+01 1.782368957098346129e+01 1.782371085160689361e+01 2.253516916768492706e+01 2.253531041640331267e+01
4.165936243215663803e-01 3.395090450815522742e-01 3.424762128306952924e-01 1.479610218417594547e+00 1.480444733749803898e+00 2.519905115832288267e+00 2.521970949355414771e+00 4.018380585461256871e+00 4.018659913947653983e+00 5.429153009449342981e+00 5.429371864501277400e+00 6.854412380881538702e+00 6.855741593781938370e+00 8.837202494245834927e+00 8.838042988790117960e+00 8.956384291257650787e+00 8.956407790671716995e+00 9.773697385499684032e+00 9.773835657031062496e+00 1.098989672273747509e+01 1.099009167216193639e+01 1.198694802690062922e+01 1.198697697280286611e+01 1.287701490384045933e+01 1.287729139429530534e+01 1.519041938974387662e+01 1.519061610222185976e+01 1.782354177871317447e+01 1.782356403084248697e+01 2.253965198580579354e+01 2.253979857864776548e+01
4.175169001959872506e-01 3.298320365143030397e-01 3.330276246226431813e-01 1.497151632857605774e+00 1.497958124443448336e+00 2.503771241389020741e+00 2.505868680853153840e+00 4.009321750661425376e+00 4.009603773596349008e+00 5.408364998939428681e+00 5.408584826159132497e+00 6.857941923518717786e+00 6.859278621638147833e+00 8.837182708267148357e+00 8.838065673613343165e+00 8.946704222589215050e+00 8.946728995817951002e+00 9.784497293794606421e+00 9.784636421635859449e+00 1.099011978545507162e+01 1.099032499131957685e+01 1.198869579057461543e+01 1.198872161180304019e+01 1.287337643129093934e+01 1.287366019065743750e+01 1.519109067873617924e+01 1.519129810252701773e+01 1.782338838354956678e+01 1.782341154604308997e+01 2.254430269516189966e+01 2.254445425324353991e+01
4.184401760704081208e-01 3.201137687654586061e-01 3.235380502877211462e-01 1.514958369675849514e+00 1.515734340760040988e+00 2.486995054216405876e+00 2.489116578670759861e+00 3.999707467332127120e+00 3.999990988409453774e+00 5.386944534164037179e+00 5.387164350630573750e+00 6.861582743670695095e+00 6.862921335081400898e+00 8.837155899153726679e+00 8.838079244846564819e+00 8.936968311043473889e+00 8.936994628617714653e+00 9.795419028629014591e+00 9.795558484614760530e+00 1.099035874302153104e+01 1.099057347169503451e+01 1.199040927453331307e+01 1.199043198781631503e+01 1.286966750027421824e+01 1.286995765207114140e+01 1.519178607620444943e+01 1.519200369306623344e+01 1.782322954897694345e+01 1.782325355124539357e+01 2.254911607816431030e+01 2.254927217776837978e+01
4.193634519448289910e-01 3.103730884541572310e-01 3.140246573217397308e-01 1.532995190794174123e+00 1.533738615282946416e+00 2.469584842124591173e+00 2.471722769812491727e+00 3.989516179290630848e+00 3.989799982625268804e+00 5.364931904801112594e+00 5.365150727865546365e+00 6.865329359074882731e+00 6.866664292274473169e+00 8.837119486679313241e+00 8.838080652942466031e+00 8.927196902621927777e+00 8.927225076742365317e+00 9.806445464446680305e+00 9.806584721036044172e+00 1.099061415527059893e+01 1.099083756926153832e+01 1.199207543466620507e+01 1.199209530658791323e+01 1.286589927883305684e+01 1.286619488217413476e+01 1.519250486870806149e+01 1.519273205537791682e+01 1.782306544389187053e+01 1.782309020602318128e+01 2.255408675611680636e+01 2.255424692817777910e+01
4.202867278192498612e-01 3.006271103572792924e-01 3.045027781539977330e-01 1.551227832678756746e+00 1.551937131602066033e+00 2.451549055034483615e+00 2.453695563058069684e+00 3.978725316259214662e+00 3.979008171653529047e+00 5.342369423522109528e+00 5.342586275776548099e+00 6.869176204335286862e+00 6.870501994857318273e+00 8.837069646168750126e+00 8.838065551806328912e+00 8.917410099983428040e+00 8.917440518355066459e+00 9.817560893844810010e+00 9.817699425489085030e+00 1.099088657093194499e+01 1.099111773327801345e+01 1.199368098586335485e+01 1.199369864772273786e+01 1.286208321897174400e+01 1.286238326822398648e+01 1.519324631967469941e+01 1.519348234771462280e+01 1.782289624237330372e+01 1.782292167533263694e+01 2.255920919718611373e+01 2.255937292709495168e+01
4.212100036936707315e-01 2.908913413769727008e-01 2.949860299386696250e-01 1.569622837580767927e+00 1.570296853780797530e+00 2.432896289371340171e+00 2.435043433791910239e+00 3.967311373504438077e+00 3.967592042277746422e+00 5.319301391978928706e+00 5.319515306493280526e+00 6.873117645511885421e+00 6.874428901940549785e+00 8.837000467663656877e+00 8.838027414518546010e+00 8.907628725304704176e+00 8.907661921876892208e+00 9.828750903856565913e+00 9.828888188488184241e+00 1.099117652593875327e+01 1.099141440521382052e+01 1.199521246667348606e+01 1.199522900084273935e+01 1.285823101979560157e+01 1.285853444480467012e+01 1.519400967021804405e+01 1.519425370636202821e+01 1.782272212344929585e+01 1.782274812935026276e+01 2.256447772449436329e+01 2.256464445221788040e+01
4.221332795680916017e-01 2.811797994197900996e-01 2.854864279007947037e-01 1.588147380277280085e+00 1.588785351646784250e+00 2.413635272899938400e+00 2.415775009217135949e+00 3.955250021746470779e+00 3.955527263184122511e+00 5.295774043943689335e+00 5.295984069807209593e+00 6.877147994368199235e+00 6.878439443619468463e+00 8.836902340661318078e+00 8.837955817857205076e+00 8.897876058282388811e+00 8.897912863750653045e+00 9.840002259080394609e+00 9.840137779715625754e+00 1.099148454197742630e+01 1.099172801787784870e+01 1.199665639127809058e+01 1.199667322104513367e+01 1.285435458670168707e+01 1.285466025364248921e+01 1.519479413998050710e+01 1.519504524697871517e+01 1.782254327086070944e+01 1.782256974330394073e+01 2.256988652431325804e+01 2.257005564482109605e+01
4.230565554425124719e-01 2.715051255434468569e-01 2.760144903947638895e-01 1.606769090708986436e+00 1.607370622149344008e+00 2.393774850057039938e+00 2.395899054007969209e+00 3.942516252535305910e+00 3.942788831010031192e+00 5.271835461578615600e+00 5.272040669780572841e+00 6.881261522219734417e+00 6.882528033956637259e+00 8.836758603756662112e+00 8.837832842852993309e+00 8.888181316459949244e+00 8.888223209261756352e+00 9.851302792231944494e+00 9.851436038677636731e+00 1.099181112527239712e+01 1.099205899474381454e+01 1.199799943735537155e+01 1.199801795528386350e+01 1.285046598648409244e+01 1.285077269939267630e+01 1.519559892799961709e+01 1.519585606595478389e+01 1.782235987282208356e+01 1.782238669729705194e+01 2.257542965434040028e+01 2.257560051833145920e+01
4.239798313169333421e-01 2.618786882450377385e-01 2.665793342619071638e-01 1.625455872201640561e+00 1.626020906328191851e+00 2.373323967830521575e+00 2.375424456448211874e+00 3.929084564565487270e+00 3.929351257375577333e+00 5.247535460707108967e+00 5.247734950384217001e+00 6.885452473332479784e+00 6.886689083388167987e+00 8.836537904441486901e+00 8.837624749131409274e+00 8.878587441323755769e+00 8.878637489513074854e+00 9.862641302313637226e+00 9.862771772966691941e+00 1.099215676559569665e+01 1.099240774946052390e+01 1.199922848745917214e+01 1.199924972214638608e+01 1.284657739827740031e+01 1.284688390131666402e+01 1.519642321359577686e+01 1.519668524178640467e+01 1.782217212178008126e+01 1.782219917612605542e+01 2.258110105203798312e+01 2.258127296695671049e+01
4.249031071913542124e-01 2.523106791499991619e-01 2.571887593591327126e-01 1.644175714361074903e+00 1.644704500848874096e+00 2.352291662232175895e+00 2.354360215101714005e+00 3.914929196522350274e+00 3.915188802477906460e+00 5.222925441025267901e+00 5.223118346091800035e+00 6.889715077827523793e+00 6.890917010516363739e+00 8.836174617578100410e+00 8.837260252029841112e+00 8.869170824930774799e+00 8.869236662352207645e+00 9.874007460332039798e+00 9.874134664059187827e+00 1.099252193548719525e+01 1.099277468553233383e+01 1.200033055841402074e+01 1.200035511049099135e+01 1.284270106033653569e+01 1.284300604084280728e+01 1.519726615727988239e+01 1.519753183646364114e+01 1.782198021417016420e+01 1.782200736909201666e+01 2.258689454301529409e+01 2.258706677434736321e+01
4.258263830657750826e-01 2.428101996071753699e-01 2.478493212444173588e-01 1.662896499213482038e+00 1.663389562550606104e+00 2.330687045409174818e+00 2.332715426059421393e+00 3.900024411970440585e+00 3.900275760739204678e+00 5.198058197493612198e+00 5.198243693652669251e+00 6.894043564054876505e+00 6.895206253259019036e+00 8.835511434794321772e+00 8.836565495221256228e+00 8.860098708837922388e+00 8.860203320908746960e+00 9.885391722317688590e+00 9.885515180402128621e+00 1.099290708966854702e+01 1.099316019615238638e+01 1.200129279275944860e+01 1.200132092271868167e+01 1.283884921274067104e+01 1.283915130509068270e+01 1.519812690167923108e+01 1.519839489686876810e+01 1.782178435017136309e+01 1.782181146980589048e+01 2.259280384943603082e+01 2.259297562227204281e+01
4.267496589401959528e-01 2.333853378449442240e-01 2.385663909897140222e-01 1.681585798697095013e+00 1.682043903998470480e+00 2.308519293439813769e+00 2.310499270809171612e+00 3.884344841452379793e+00 3.884586803649817899e+00 5.172987689735970562e+00 5.173165001847006117e+00 6.898432170405475183e+00 6.899551279332101217e+00 8.834115247581433294e+00 8.835053621664943790e+00 8.851812864338551634e+00 8.852032715753500369e+00 9.896785249290957154e+00 9.896904497431632919e+00 1.099331266463090806e+01 1.099356466416839417e+01 1.200210252484027862e+01 1.200213424969896892e+01 1.283503403621273975e+01 1.283533182654083227e+01 1.519900457247994652e+01 1.519927345618193648e+01 1.782158473346006033e+01 1.782161167598825458e+01 2.259882259843280750e+01 2.259899309928766797e+01
4.276729348146168230e-01 2.240432364040152724e-01 2.293442009320751929e-01 1.700210661168905180e+00 1.700634777609218773e+00 2.285797634866273409e+00 2.287721004782895307e+00 3.867865886317061186e+00 3.868097384290815732e+00 5.147768767199521811e+00 5.147937176947256610e+00 6.902875156537248813e+00 6.903946596049902240e+00 8.830876775600021489e+00 8.831519530435723908e+00 8.845429769315492408e+00 8.845938337055116563e+00 9.908179833754344301e+00 9.908294424102743747e+00 1.099373907837414954e+01 1.099398846215826886e+01 1.200274736935449305e+01 1.200278252893756914e+01 1.283126758736383266e+01 1.283155961914688881e+01 1.519989827938463911e+01 1.520016653529139106e+01 1.782138157096270348e+01 1.782140818926332670e+01 2.260494433051158225e+01 2.260511270938669171e+01
4.285962106890376933e-01 2.147901495269588790e-01 2.201858748428770218e-01 1.718737384148371072e+00 1.719128645514598430e+00 2.262531340032571503e+00 2.264389946653358798e+00 3.850564187802336225e+00 3.850784207018339789e+00 5.122456849132693613e+00 5.122615702907217461e+00 6.907366813996532073e+00 6.908386759432751489e+00 8.824762384550867367e+00 8.825089683533295926e+00 8.841989711624046677e+00 8.842801319159805828e+00 9.919567832261810381e+00 9.919677335480191260e+00 1.099418673027288840e+01 1.099443195259072148e+01 1.200321530989478624e+01 1.200325360760806426e+01 1.282756173079991413e+01 1.282784651131288634e+01 1.520080711708379795e+01 1.520107314420519806e+01 1.782117507260834799e+01 1.782120121494800102e+01 2.261116250792941429e+01 2.261132788060408316e+01
4.295194865634585080e-01 2.056314900774151300e-01 2.110934404847572277e-01 1.737131270054308452e+00 1.737490931918334702e+00 2.238729711327717364e+00 2.240515468487780826e+00 3.832418163546073675e+00 3.832625764433065907e+00 5.097107560130509363e+00 5.097256276988352042e+00 6.911901476221895102e+00 6.912866382618426897e+00 8.816759350102680415e+00 8.816935935035029814e+00 8.840512032598958569e+00 8.841456225954672732e+00 9.930942103609581295e+00 9.931046110933435145e+00 1.099465600104295859e+01 1.099489548804398886e+01 1.200349478433678208e+01 1.200353581249570034e+01 1.282392806866431556e+01 1.282420407629212278e+01 1.520173016623914464e+01 1.520199228346113252e+01 1.782096545108084484e+01 1.782099096183569031e+01 2.261747052302979810e+01 2.261763197356772892e+01
4.304427624378793782e-01 1.965718653585790676e-01 2.020678217587551229e-01 1.755356361173308066e+00 1.755685754271274934e+00 2.214402074498748707e+00 2.216106986936182910e+00 3.813408612008304832e+00 3.813602942059359791e+00 5.071776324058813401e+00 5.071914403592227671e+00 6.916473527922495812e+00 6.917380143578979457e+00 8.808048477110878238e+00 8.808161523779096669e+00 8.839822240616106441e+00 8.840805437456577209e+00 9.942295952202048426e+00 9.942394077488254212e+00 1.099514725277997407e+01 1.099537941145386100e+01 1.200357476797192291e+01 1.200361802459114813e+01 1.282037786832917448e+01 1.282064356070138267e+01 1.520266649447797924e+01 1.520292294553214951e+01 1.782075292157162494e+01 1.782077764197570957e+01 2.262386170652065331e+01 2.262401828997685982e+01
4.313660383123002484e-01 1.876151008831532241e-01 1.931088065307406121e-01 1.773375149495542979e+00 1.773675629100665008e+00 2.189557771328111802e+00 2.191173955773072279e+00 3.793519383314094107e+00 3.793699689179466095e+00 5.046517921535814466e+00 5.046644951435565574e+00 6.921077413827696923e+00 6.921922792149512560e+00 8.799103234680460517e+00 8.799185354350735011e+00 8.839452684143092043e+00 8.840435163624226433e+00 9.953623076166445927e+00 9.953714957906983685e+00 1.099566082904045849e+01 1.099588405636084509e+01 1.200344485505380021e+01 1.200348975603930413e+01 1.281692198908564073e+01 1.281717581197943545e+01 1.520361515739679170e+01 1.520386411622412659e+01 1.782053770153290273e+01 1.782056147044802685e+01 2.263032933568075578e+01 2.263048008099390884e+01
4.322893141867211186e-01 1.787642507012989490e-01 1.842149846301729399e-01 1.791148256299218477e+00 1.791421147698901040e+00 2.164206154240302826e+00 2.165725860403302505e+00 3.772738112874706840e+00 3.772903752110370768e+00 5.021386018704173893e+00 5.021501681763364644e+00 6.925707646809031282e+00 6.926489156380182699e+00 8.790097305678584050e+00 8.790161918571257615e+00 8.839234986182361808e+00 8.840195633397042840e+00 9.964917519815323033e+00 9.965002823094486928e+00 1.099619705493451427e+01 1.099640974712456298e+01 1.200309533872436951e+01 1.200314122760416069e+01 1.281357080881064014e+01 1.281381120574524068e+01 1.520457519957283310e+01 1.520481477606294796e+01 1.782032001043207714e+01 1.782034266513403153e+01 2.263686664248143288e+01 2.263701055553607944e+01
4.332125900611419889e-01 1.700215922376200894e-01 1.753836481714674544e-01 1.808634075307735012e+00 1.808880615913795120e+00 2.138356583999982963e+00 2.139772215587175008e+00 3.751057011959858745e+00 3.751207464021809379e+00 4.996432677604627060e+00 4.996536757881492541e+00 6.930358815379402238e+00 6.931074148226708864e+00 8.781105005776041139e+00 8.781158365290226087e+00 8.839099668183555636e+00 8.840024068665849555e+00 9.976173630085215294e+00 9.976252048456068167e+00 1.099675623719798701e+01 1.099695679907223500e+01 1.200251728877797497e+01 1.200256344510331097e+01 1.281033415170029244e+01 1.281055957412345592e+01 1.520554565558229498e+01 1.520577390166811860e+01 1.782010006950749315e+01 1.782012144648355800e+01 2.264346682161082924e+01 2.264360288845378477e+01
4.341358659355628591e-01 1.613886026837927645e-01 1.666106429124484534e-01 1.825788371445324021e+00 1.826009650456103639e+00 2.112018433079807966e+00 2.113322569164979292e+00 3.728473707353291644e+00 3.728608583348105743e+00 4.971707860847270233e+00 4.971800248688245105e+00 6.935025590577712507e+00 6.935672768598051263e+00 8.772163664373687553e+00 8.772208955883124659e+00 8.839013820871990390e+00 8.839890256579829853e+00 9.987386016610461326e+00 9.987457273863553198e+00 1.099733866421124517e+01 1.099752551854708749e+01 1.200170262641019647e+01 1.200174827340531891e+01 1.280722121824831383e+01 1.280743013619329496e+01 1.520652555102376802e+01 1.520674046710998795e+01 1.781987810152584117e+01 1.781989803727827848e+01 2.265012303838959795e+01 2.265025022858445780e+01
4.350591418099836738e-01 1.528659126526384915e-01 1.578901541457496671e-01 1.842563823310112259e+00 1.842760719888366427e+00 2.085201100979855671e+00 2.086386518545197521e+00 3.704992120515289145e+00 3.705111171130856196e+00 4.947258945231431504e+00 4.947339640855516585e+00 6.939702732250133899e+00 6.940280111783255990e+00 8.763294711010123805e+00 8.763333643459276345e+00 8.838960065406142874e+00 8.839777995733671290e+00 9.998549515121307962e+00 9.998613366915737544e+00 1.099794460593067491e+01 1.099811620282114788e+01 1.200064419492123768e+01 1.200068850664858289e+01 1.280424051870560476e+01 1.280443143177638099e+01 1.520751390354556065e+01 1.520771344524776936e+01 1.781965433054155667e+01 1.781967266239198366e+01 2.265682843656691503e+01 2.265694570667040608e+01
4.359824176844045440e-01 1.444532308731258929e-01 1.492144026038519367e-01 1.858909486654771070e+00 1.859082606444645736e+00 2.057914058743778085e+00 2.058973758497624651e+00 3.680623375460123192e+00 3.680726496402076275e+00 4.923130260242425393e+00 4.923199375606785111e+00 6.944385094741940101e+00 6.944891369282034432e+00 8.754511848111770078e+00 8.754545353015512177e+00 8.838928421833333715e+00 8.839677841678961201e+00 1.000965915388555594e+01 1.000971538920878423e+01 1.099857431369850502e+01 1.099872913983619505e+01 1.199933582525717668e+01 1.199937793338638592e+01 1.280139981127755355e+01 1.280157125980196930e+01 1.520850972387566458e+01 1.520869180904575302e+01 1.781942898165869593e+01 1.781944554854815266e+01 2.266357614598724268e+01 2.266368244313100533e+01
4.369056935588254142e-01 1.361492308026256148e-01 1.405732131213208447e-01 1.874770118586467360e+00 1.874919723283260398e+00 2.030166978348722839e+00 2.031094220002670259e+00 3.655386723926472570e+00 3.655473958068129914e+00 4.899362667743267785e+00 4.899420426448791943e+00 6.949067632015678342e+00 6.949501833065661494e+00 8.745824625142139652e+00 8.745853195982160599e+00 8.838912770377534756e+00 8.839583918187134515e+00 1.002071012294109309e+01 1.002075856535997112e+01 1.099922801989590049e+01 1.099936460773559865e+01 1.199777239525625383e+01 1.199781139542158037e+01 1.279870604629444664e+01 1.279885662247059486e+01 1.520951201685302578e+01 1.520967453286506199e+01 1.781920228079512825e+01 1.781921692407483704e+01 2.267035929011887774e+01 2.267045355568015452e+01
4.378289694332462845e-01 1.279513856000507599e-01 1.319533979933623369e-01 1.890085133585683419e+00 1.890211036351279184e+00 2.001970174446295214e+00 2.002758543632235266e+00 3.629310476345751990e+00 3.629382011653074613e+00 4.875993198529178230e+00 4.876039933582172026e+00 6.953745402213661109e+00 6.954106898296839923e+00 8.737240165054803498e+00 8.737264035917261751e+00 8.838909155742889823e+00 8.839492376842946086e+00 1.003169774589353480e+01 1.003173825455427348e+01 1.099990593740364453e+01 1.100002287414899804e+01 1.199594988150952091e+01 1.199598483918229341e+01 1.279616531752281539e+01 1.279629367637406645e+01 1.521051978245881919e+01 1.521066059372843426e+01 1.781897445444981543e+01 1.781898701865761936e+01 2.267717099343609277e+01 2.267725216678074318e+01
4.387522453076671547e-01 1.198557309695134354e-01 1.233378617805798716e-01 1.904785840130198249e+00 1.904887108462366418e+00 1.973336727655654821e+00 1.973980346071521508e+00 3.602432927397380524e+00 3.602489089507568298e+00 4.853054759674516383e+00 4.853090908991954500e+00 6.958413571684172183e+00 6.958702065538531656e+00 8.728764069682746651e+00 8.728783315710275659e+00 8.838914908758574995e+00 8.839400594034785286e+00 1.004261745407829665e+01 1.004264992440789506e+01 1.100060825883470805e+01 1.100070419519141218e+01 1.199386540284104541e+01 1.199389535861537581e+01 1.279378282167312975e+01 1.279388769162291517e+01 1.521153201684671252e+01 1.521164897255585835e+01 1.781874572947305424e+01 1.781875606309069582e+01 2.268400438864780000e+01 2.268407141092903245e+01
4.396755211820880249e-01 1.118565241423945533e-01 1.147042722698686373e-01 1.918771648567958898e+00 1.918844066015497507e+00 1.944306045746221123e+00 1.944801031709282313e+00 3.574803265166526689e+00 3.574844503280512953e+00 4.830575923834623531e+00 4.830602023459857008e+00 6.963067418491707627e+00 6.963282942482486249e+00 8.720400928654633788e+00 8.720415525773383081e+00 8.838928161487361379e+00 8.839306725502673601e+00 1.005346476290940316e+01 1.005348912696519648e+01 1.100133515550238172e+01 1.100140881413749305e+01 1.199151725455534034e+01 1.199154122873818196e+01 1.279156282700193259e+01 1.279164301988091523e+01 1.521254771337053846e+01 1.521263865536848670e+01 1.781851633283996961e+01 1.781852428902659824e+01 2.269085262376616896e+01 2.269090444176251253e+01
4.405987970565088951e-01 1.039457485666458875e-01 1.060230277937450755e-01 1.914620247301591638e+00 1.914940894268505778e+00 1.932229762442523535e+00 1.932294854169760434e+00 3.546482452429236876e+00 3.546509316950426260e+00 4.808580808056295730e+00 4.808597483130033545e+00 6.967702335433024530e+00 6.967845245229450590e+00 8.712154623113164575e+00 8.712164485304008110e+00 8.838947565026643360e+00 8.839209446178516671e+00 1.006423525025910237e+01 1.006425147666647568e+01 1.100208677608764063e+01 1.100213695973151928e+01 1.198890493278398672e+01 1.198892192918943422e+01 1.278950865171051809e+01 1.278956307201660714e+01 1.521356586360852958e+01 1.521362863445900260e+01 1.781828649142763155e+01 1.781829192872494616e+01 2.269770886900959539e+01 2.269774443898561245e+01
4.415220729309297654e-01 9.611238141736530571e-02 9.725402737126249975e-02 1.884779401555918943e+00 1.884946095543228672e+00 1.944585166135996745e+00 1.944615366982235249e+00 3.517544066470688513e+00 3.517557176661403329e+00 4.787089045480631633e+00 4.787096999079377468e+00 6.972313832581017223e+00 6.972384799152978374e+00 8.704028516781503910e+00 8.704033520351739384e+00 8.838972117812575746e+00 8.839107791523810320e+00 1.007492453673201815e+01 1.007493263014330509e+01 1.100286324496959978e+01 1.100288884409365231e+01 1.198602914848008183e+01 1.198603815734938749e+01 1.278762265261433662e+01 1.278765030585987006e+01 1.521458545838285126e+01 1.521461790952639781e+01 1.781805643179581367e+01 1.781805921480058785e+01 2.270456632353521442e+01 2.270458461510878578e+01
4.424453488053506356e-01 8.834128235135267626e-02 8.834128235157893971e-02 1.854468345080537039e+00 1.854468345080546143e+00 1.956068427639850782e+00 1.956068427639868990e+00 3.488075078961538900e+00 3.488075078961541120e+00 4.766115848948089706e+00 4.766115848948113687e+00 6.976897539379149471e+00 6.976897539379155688e+00 8.696025581937913529e+00 8.696025581937924187e+00 8.839001057127370942e+00 8.839001057127383376e+00 1.008552826771566835e+01 1.008552826771567368e+01 1.100366466018291511e+01 1.100366466018291867e+01 1.198289183084914100e+01 1.198289183084915699e+01 1.278590622430715484e+01 1.278590622430716017e+01 1.521560548877321573e+01 1.521560548877322283e+01 1.781782637997151753e+01 1.781782637997154239e+01 2.271141822199703242e+01 2.271141822199705018e+01
4.433686246797715058e-01 7.920334360861618073e-02 8.061145006860660767e-02 1.823579747550091446e+00 1.823752015462149378e+00 1.966487950263486884e+00 1.966519642335347262e+00 3.458164050648522281e+00 3.458176548492388314e+00 4.745665025448922769e+00 4.745672161309181014e+00 6.981379510914253572e+00 6.981449206309335409e+00 8.688143327738863775e+00 8.688148486035023765e+00 8.838888733103356543e+00 8.839033788272828929e+00 1.009603407648184614e+01 1.009604209710593636e+01 1.100446457877809081e+01 1.100449109096670064e+01 1.197948607954843858e+01 1.197949612025726651e+01 1.278433138376316514e+01 1.278435980878339784e+01 1.521659038996381597e+01 1.521662494712374247e+01 1.781759365680698082e+01 1.781759656123761815e+01 2.271823855722453445e+01 2.271825784092589018e+01
4.442919005541923760e-01 6.971481682547125969e-02 7.289316655160911484e-02 1.792295264378032549e+00 1.792644507208431826e+00 1.975754269197015800e+00 1.975819979224556988e+00 3.427939700170691495e+00 3.427964184145961379e+00 4.725751462843751582e+00 4.725764883554455231e+00 6.985826868452283733e+00 6.985964706156381432e+00 8.680389180696430174e+00 8.680399653528430903e+00 8.838770459997066453e+00 8.839069837004277730e+00 1.010644573490715104e+01 1.010646167262095396e+01 1.100528874493829612e+01 1.100534257487012546e+01 1.197582522731719656e+01 1.197584635090897542e+01 1.278292541265062354e+01 1.278298291522210128e+01 1.521757164144185559e+01 1.521764282804167578e+01 1.781736127747607767e+01 1.781736719992535001e+01 2.272503897023324626e+01 2.272507850492892700e+01
4.452151764286132463e-01 5.966630206085925953e-02 6.514305315634591476e-02 1.760625539557146180e+00 1.761155986003337448e+00 1.983741129735811404e+00 1.983843594092520757e+00 3.397532581518799777e+00 3.397568718064256199e+00 4.706378329530198634e+00 4.706397168978246448e+00 6.990235875893291428e+00 6.990440034891870269e+00 8.672765372456577637e+00 8.672781311489941913e+00 8.838645998379117685e+00 8.839108816783818767e+00 1.011675889883224322e+01 1.011678262263035144e+01 1.100613727390674157e+01 1.100621911438138234e+01 1.197191476419848755e+01 1.197194802382791146e+01 1.278168703947630469e+01 1.278177414938992840e+01 1.521854828310599927e+01 1.521865812938733598e+01 1.781712947349756604e+01 1.781713851921132630e+01 2.273181286829371217e+01 2.273187359270641394e+01
4.461384523030341165e-01 4.866129185485733311e-02 5.729486976049437408e-02 1.728580233659574361e+00 1.729295708381629604e+00 1.990311912895353030e+00 1.990454146094940313e+00 3.367088286409277043e+00 3.367135998331400426e+00 4.687545372891557705e+00 4.687568769652233236e+00 6.994602905603331422e+00 6.994871312200533708e+00 8.665273976474246354e+00 8.665295524234707614e+00 8.838515207373026428e+00 8.839150405738745775e+00 1.012696918883571584e+01 1.012700054443831199e+01 1.100701024642292580e+01 1.100712067304805508e+01 1.196776130974605223e+01 1.196780777089044356e+01 1.278061412971981703e+01 1.278073125189798809e+01 1.521951936734230770e+01 1.521966985325397737e+01 1.781689847549093031e+01 1.781691074091862603e+01 2.273855372226703864e+01 2.273863654288449965e+01
4.470617281774549867e-01 3.576071228056795087e-02 4.924063201468868028e-02 1.696168654066398496e+00 1.697072596128372357e+00 1.995318914732789883e+00 1.995504123841976174e+00 3.336767149977524660e+00 3.336826682265956912e+00 4.669249301597180768e+00 4.669276420567578967e+00 6.998924437445159796e+00 6.999254781671297110e+00 8.657916933844232332e+00 8.657944220256013068e+00 8.838378029139686731e+00 8.839194330134047206e+00 1.013707217889947287e+01 1.013711099396855531e+01 1.100790770341147606e+01 1.100804717105950914e+01 1.196337256851088426e+01 1.196343331084768380e+01 1.277970373062327880e+01 1.277985114435893088e+01 1.522048395991263092e+01 1.522067700693688153e+01 1.781666851292926168e+01 1.781668408532218351e+01 2.274525507216758058e+01 2.274536085966303389e+01
4.479850040518758569e-01 1.697063158803031185e-02 4.078603582920858200e-02 1.663399934286474036e+00 1.664495400805074521e+00 1.998603599168508715e+00 1.998835102792379637e+00 3.306743421831462637e+00 3.306815378417887974e+00 4.651484190551824049e+00 4.651514246848779344e+00 7.003197057608772091e+00 7.003586810675690444e+00 8.650696073851143808e+00 8.650729213604094525e+00 8.838234477406558653e+00 8.839240352315487215e+00 1.014706338633951432e+01 1.014710947680672071e+01 1.100882964001944408e+01 1.100899848026467609e+01 1.195875727879048256e+01 1.195883339841740423e+01 1.277895212280999715e+01 1.277912998234256570e+01 1.522144114079786092e+01 1.522167860389058269e+01 1.781643981389447973e+01 1.781645877095875008e+01 2.275191053252670059e+01 2.275204011827826989e+01
4.489082799262967272e-01 -2.468275641559466993e-02 3.151925227827170883e-02 1.630283098292957700e+00 1.631572763494373079e+00 1.999997680120829679e+00 2.000278819952438170e+00 3.277203724317633959e+00 3.277289060057645642e+00 4.634241894567298736e+00 4.634274180298577406e+00 7.007417457268576122e+00 7.007863889954827563e+00 8.643613130573175596e+00 8.643652221133637070e+00 8.838084628784317331e+00 8.839288261783165623e+00 1.015693826297954061e+01 1.015699144056007164e+01 1.100977599897876935e+01 1.100997441860262782e+01 1.195392515584712712e+01 1.195401776762866852e+01 1.277835487755452881e+01 1.277856321392505734e+01 1.522239000499572548e+01 1.522267366467358585e+01 1.781621260483496627e+01 1.781623501444099489e+01 2.275851379755832227e+01 2.275866797028066912e+01
4.498315558007175419e-01 -3.764925035678814980e-02 2.021938285631348295e-02 1.596827087417278079e+00 1.598313240377329691e+00 1.999325157456163016e+00 1.999659198031153995e+00 3.248344604345039244e+00 3.248444563473310787e+00 4.617512458410367948e+00 4.617546372970212865e+00 7.011582431093863477e+00 7.012082632936722959e+00 8.636669756457951763e+00 8.636714876595615209e+00 8.837928616027111772e+00 8.839337868498329698e+00 1.016669218756075210e+01 1.016675226849578806e+01 1.101074666327658313e+01 1.101097474392784115e+01 1.194888683084679570e+01 1.194899707065767913e+01 1.277790691846580984e+01 1.277814564256969909e+01 1.522332966327227055e+01 1.522366121787948323e+01 1.781598711032650328e+01 1.781601303027622052e+01 2.276505864612722618e+01 2.276523814862834172e+01
4.507548316751384121e-01 -4.627246908143981680e-02 -9.797825612042501339e-03 1.563040772917669186e+00 1.564725315229716252e+00 1.996405466300362752e+00 1.996795482216647155e+00 3.220369000023708406e+00 3.220485003518272826e+00 4.601284513023063738e+00 4.601319597194756028e+00 7.015688875637017041e+00 7.016239774804349238e+00 8.629867533517774802e+00 8.629918742258205100e+00 8.837766622659502858e+00 8.839388997811003179e+00 1.017632045939891405e+01 1.017638727441700830e+01 1.101174144812373967e+01 1.101199914721826545e+01 1.194365378676970657e+01 1.194378281340334702e+01 1.277760258632945067e+01 1.277787149306607795e+01 1.522425924286707044e+01 1.522464030105396660e+01 1.781576355283641178e+01 1.781579303068931708e+01 2.277153894652244404e+01 2.277174447259764989e+01
4.516781075495592823e-01 -5.276943086183474158e-02 -2.294439973300952534e-02 1.528932962413582342e+00 1.530817406315123197e+00 1.991057849038767147e+00 1.991506602089949896e+00 3.193481506087520128e+00 3.193615001256787878e+00 4.585545650299461151e+00 4.585581623201392176e+00 7.019733787623019694e+00 7.020332171334811910e+00 8.623207982612724365e+00 8.623265318549753644e+00 8.837598878569210115e+00 8.839441486583119456e+00 1.018581829331863098e+01 1.018589169872975297e+01 1.101276009222111263e+01 1.101304724516106681e+01 1.193823829249967794e+01 1.193838728901814505e+01 1.277743570588070554e+01 1.277773447928425021e+01 1.522517788815178363e+01 1.522560996159679725e+01 1.781554215249167328e+01 1.781557522545020689e+01 2.277794866103732119e+01 2.277818085251215052e+01
4.526013834239801525e-01 -5.789745605055411637e-02 -2.979645231329656682e-02 1.494512403476726981e+00 1.496597870678930242e+00 1.983106940698933895e+00 1.983616752851699694e+00 3.167882445187891971e+00 3.168034737455184935e+00 4.570282771703758407e+00 4.570319566918753296e+00 7.023714262162100042e+00 7.024356797529205387e+00 8.616692571168226067e+00 8.616756052086833151e+00 8.837425656282773545e+00 8.839495180206919045e+00 1.019518081591505343e+01 1.019526070564490539e+01 1.101380224833450150e+01 1.101411857211981449e+01 1.193265333621920732e+01 1.193282351053899859e+01 1.277739965334133032e+01 1.277772787256701470e+01 1.522608476124228361e+01 1.522656925764814417e+01 1.781532312685114405e+01 1.781535982170545651e+01 2.278428185035917508e+01 2.278454129429200847e+01
4.535246592984010228e-01 -6.203040270363544689e-02 -3.442833912516980732e-02 1.459787785831338836e+00 1.462075007167497720e+00 1.972389376851275689e+00 1.972962008526292221e+00 3.143760935897388809e+00 3.143933024412727040e+00 4.555482408833924524e+00 4.555520201829598825e+00 7.027627490905919316e+00 7.028310746052234492e+00 8.610322719590012497e+00 8.610392342361333107e+00 8.837247267722526445e+00 8.839549930303750358e+00 1.020440306321243185e+01 1.020448938144916795e+01 1.101486747320235082e+01 1.101521257149658872e+01 1.192691255912673398e+01 1.192710514366067009e+01 1.277748742364557089e+01 1.277784456967991034e+01 1.522697904256441426e+01 1.522751725895851038e+01 1.781510669068236652e+01 1.781514702381418758e+01 2.279053267777159775e+01 2.279081990382633904e+01
4.544479351728218930e-01 -6.538798075574760171e-02 -3.773468894232331894e-02 1.424767742852677044e+00 1.427257058798823808e+00 1.958761009419564214e+00 1.959397555318508122e+00 3.121287372997215037e+00 3.121479809953545459e+00 4.541131015761108891e+00 4.541170230672885388e+00 7.031470760166143918e+00 7.032191225500134202e+00 8.604099806580045140e+00 8.604175547297547411e+00 8.837064061299020779e+00 8.839605592946925938e+00 1.021347997980407207e+01 1.021357273376961494e+01 1.101595521681644030e+01 1.101632858651474756e+01 1.192103019035887534e+01 1.192124644056627325e+01 1.277769169639461211e+01 1.277807715935670529e+01 1.522785993137395444e+01 1.522845304774182473e+01 1.781489305574337934e+01 1.781493703318820110e+01 2.279669541317217707e+01 2.279701089117054025e+01
4.553712110472427632e-01 -6.811361003084323573e-02 -4.010586123426296279e-02 1.389460852708013006e+00 1.392152214795728371e+00 1.942104094853263740e+00 1.942804910547975661e+00 3.100605957155207371e+00 3.100818747165275280e+00 4.527215232203156248e+00 4.527256516628051841e+00 7.035241449012570314e+00 7.035995558514815507e+00 8.598025173514857400e+00 8.598106987845847371e+00 8.836876419233412605e+00 8.839662027294012958e+00 1.022240641956491380e+01 1.022250569175411883e+01 1.101706481113380676e+01 1.101746585046109672e+01 1.191502098385188724e+01 1.191526217558456047e+01 1.277800489970907094e+01 1.277841798661204109e+01 1.522872664623114147e+01 1.522937571951081637e+01 1.781468243056974288e+01 1.781473004813608796e+01 2.280276443690990007e+01 2.280310857457212492e+01
4.562944869216636334e-01 -7.030778567599668682e-02 -4.175808432301324896e-02 1.353875639319189972e+00 1.356768612441792143e+00 1.922333666214173675e+00 1.923098336964928379e+00 3.081828064949405643e+00 3.082060616036069511e+00 4.513722113430999272e+00 4.513766279217318100e+00 7.038937027366460875e+00 7.039721179761735392e+00 8.592100128016456395e+00 8.592187951746367958e+00 8.836684755032194971e+00 8.839719094542767053e+00 1.023117714801996136e+01 1.023128310709882882e+01 1.101819545829981450e+01 1.101862347644238582e+01 1.190890015771990207e+01 1.190916758328815384e+01 1.277841927128706345e+01 1.277885921413379577e+01 1.522957842543072182e+01 1.523028438389452077e+01 1.781447502026723484e+01 1.781452626371139303e+01 2.280873424344553513e+01 2.280910738432762841e+01
4.572177627960845037e-01 -7.204462441872894196e-02 -4.282788235703278990e-02 1.318020573238396942e+00 1.321114338840420732e+00 1.899402282405891373e+00 1.900229640951100807e+00 3.065027269895111317e+00 3.065278401417322218e+00 4.500639320917765751e+00 4.500687263872396926e+00 7.042555054102992429e+00 7.043365633788438274e+00 8.586325946823134103e+00 8.586419696572509253e+00 8.836489511057942892e+00 8.839776657146282801e+00 1.023978684642391634e+01 1.023989975587969603e+01 1.101934621848583262e+01 1.101980044672790271e+01 1.190268333656841904e+01 1.190297829948699082e+01 1.277892691611577547e+01 1.277939288021047659e+01 1.523041452738814350e+01 1.523117816543696179e+01 1.781427102631050019e+01 1.781432587156462688e+01 2.281459944483925995e+01 2.281500186647411610e+01
4.581410386705053739e-01 -7.338094806946980631e-02 -4.340895004297432025e-02 1.281904072485640533e+00 1.285197432618530478e+00 1.873302502519902157e+00 1.874190695642605320e+00 3.050236671493670837e+00 3.050504676953534222e+00 4.487955271270521962e+00 4.488007891836288898e+00 7.046093175175228929e+00 7.046926572780423115e+00 8.580703878050076838e+00 8.580803452145577381e+00 8.836291156154661763e+00 8.839834578237976359e+00 1.024823011755830215e+01 1.024835034119008625e+01 1.102051599747247757e+01 1.102099560177024351e+01 1.189638649700648720e+01 1.189671030541356522e+01 1.277951986042115351e+01 1.278001095278729693e+01 1.523123423098314255e+01 1.523205620437694741e+01 1.781407064634783310e+01 1.781412905979890482e+01 2.282035477406995128e+01 2.282078668631897500e+01
4.590643145449262441e-01 -7.436166060476755157e-02 -4.356937019070622474e-02 1.245534503367585533e+00 1.249025885590247187e+00 1.844066746069721097e+00 1.845013342291145220e+00 3.037448876421691590e+00 3.037731631745667737e+00 4.475659248023046821e+00 4.475717390790521222e+00 7.049549121770023241e+00 7.050401754230340323e+00 8.575235142915994757e+00 8.575340422397822238e+00 8.836090183298111356e+00 8.839892721228574501e+00 1.025650149318518167e+01 1.025662949664514123e+01 1.102170353413857207e+01 1.102220762901726125e+01 1.189002591647287232e+01 1.189037987524496920e+01 1.278019010156920210e+01 1.278070537937455775e+01 1.523203683586178947e+01 1.523291765740827408e+01 1.781387407401275524e+01 1.781393601282946193e+01 2.282599508819019007e+01 2.282645663181112639e+01
4.599875904193471143e-01 -7.502312240604051830e-02 -4.336065389396052960e-02 1.208920181283897222e+00 1.212607644384388283e+00 1.811764598034589335e+00 1.812766722847865886e+00 3.026618576068805577e+00 3.026913678305673816e+00 4.463741484992533870e+00 4.463805902824709015e+00 7.052920708504987424e+00 7.053789038536574907e+00 8.569920937001723971e+00 8.570031786750567093e+00 8.835887107249744687e+00 8.839950949544981285e+00 1.026459544302405114e+01 1.026473179087590104e+01 1.102290738804845027e+01 1.102343505165253390e+01 1.188361812535497286e+01 1.188400352696573314e+01 1.278092965375012113e+01 1.278146813265015425e+01 1.523282166269830462e+01 1.523376169842001993e+01 1.781368149874211682e+01 1.781374691124635845e+01 2.283151537132202691e+01 2.283200661675805065e+01
4.609108662937679846e-01 -7.539536857348883014e-02 -4.282288808829860099e-02 1.172069371514192992e+00 1.175950612028080489e+00 1.776497995327938728e+00 1.777552477510714990e+00 3.017667283879850615e+00 3.017972202665987425e+00 4.452193228756098797e+00 4.452264567541766915e+00 7.056205831673610263e+00 7.057086386546775003e+00 8.564762431098220219e+00 8.564878701065159916e+00 8.835682462199990539e+00 8.840009126487778701e+00 1.027250638505715408e+01 1.027265173318336977e+01 1.102412592736426689e+01 1.102467621742711579e+01 1.187717986225486655e+01 1.187759797644704918e+01 1.278173058938094719e+01 1.278229125170260794e+01 1.523358805341821309e+01 1.523458751921666909e+01 1.781349310560149135e+01 1.781356193168073787e+01 2.283691073749769984e+01 2.283743168389199241e+01
4.618341421681887993e-01 -7.550362379714384287e-02 -4.198783026787340084e-02 1.134990289973135225e+00 1.139062649474750666e+00 1.738394992089962621e+00 1.739498505272350393e+00 3.010489531822811760e+00 3.010801756802525375e+00 4.441006784497838922e+00 4.441085581185468811e+00 7.059402467544018123e+00 7.060291857061814724e+00 8.559760771694568504e+00 8.559882298217726060e+00 8.835476799391486225e+00 8.840067115188201541e+00 1.028022869693595176e+01 1.028038378053851964e+01 1.102535731734493929e+01 1.102592928777304593e+01 1.187072803214740979e+01 1.187118009450446898e+01 1.278258507625213625e+01 1.278316687895035741e+01 1.523433537138419958e+01 1.523539433021748479e+01 1.781330907511767236e+01 1.781338124667419720e+01 2.284217643335047043e+01 2.284272700778963028e+01
4.627574180426096695e-01 -7.536936997696323803e-02 -4.088082083184314819e-02 1.097691103911860200e+00 1.101951577057077358e+00 1.697602894812293872e+00 1.698752081927022761e+00 3.004959729136772673e+00 3.005276900073368562e+00 4.430175547114537871e+00 4.430262234663095100e+00 7.062508670715000214e+00 7.063403604315554141e+00 8.554917081151076630e+00 8.555043688342902186e+00 8.835270684717000833e+00 8.840124778649244064e+00 1.028775672826753151e+01 1.028792234608891754e+01 1.102659950972873126e+01 1.102719222741878724e+01 1.186427966708052217e+01 1.186476686659842272e+01 1.278348541051857090e+01 1.278408729284759637e+01 1.523506300154662974e+01 1.523618136113519306e+01 1.781312958311877637e+01 1.781320502455125165e+01 2.284730784066018572e+01 2.284788789764910888e+01
4.636806939170305397e-01 -7.501111878285410262e-02 -3.952194945458276792e-02 1.060179932538899639e+00 1.064625175842286442e+00 1.654281492677972754e+00 1.655473065797363308e+00 3.000938951014202161e+00 3.001258962206491798e+00 4.419694018589951590e+00 4.419788933729173586e+00 7.065522572531369505e+00 7.066419875446066534e+00 8.550232457597815028e+00 8.550363958787029262e+00 8.835064696290052311e+00 8.840181979858130035e+00 1.029508481360097250e+01 1.029526180926918322e+01 1.102785023332997305e+01 1.102846279475795122e+01 1.185785188898827691e+01 1.185837535476010807e+01 1.278442404569589819e+01 1.278504493654643603e+01 1.523577035056019646e+01 1.523694786163327386e+01 1.781295480058202685e+01 1.781303342929481559e+01 2.285230047875840498e+01 2.285290979992839056e+01
4.646039697914514099e-01 -7.444498323341669499e-02 -3.792669262539802993e-02 1.022464847522638332e+00 1.027091188858542559e+00 1.608596934873756767e+00 1.609827747811533705e+00 2.998281098822773050e+00 2.998602174242826823e+00 4.409557812550822575e+00 4.409661204153709768e+00 7.068442379558454114e+00 7.069339007973715283e+00 8.545707974594984435e+00 8.545844173807271460e+00 8.834859421988744188e+00 8.840238581959420472e+00 1.030220728599564239e+01 1.030239652752721646e+01 1.102910698621044538e+01 1.102973853325527998e+01 1.185146187412330576e+01 1.185202266126020554e+01 1.278539361786935480e+01 1.278603244273057804e+01 1.523645684686887414e+01 1.523769310196200877e+01 1.781278489348918370e+01 1.781286662042431956e+01 2.285715000679815034e+01 2.285778830084927193e+01
4.655272456658722802e-01 -7.368510846500817002e-02 -3.610610841195571741e-02 9.845538733287098054e-01 9.893573221556501984e-01 1.560716591063586955e+00 1.561983685989408732e+00 2.996838090356606976e+00 2.997158829681443759e+00 4.399763646992199462e+00 4.399875684067016124e+00 7.071266372114139998e+00 7.072159427302195489e+00 8.541344680588139227e+00 8.541485374049749169e+00 8.834655456975587740e+00 8.840294448479705025e+00 1.030911849111488543e+01 1.030932084959085415e+01 1.103036702981064465e+01 1.103101676420779675e+01 1.184512681856574190e+01 1.184572589348822369e+01 1.278638696735668567e+01 1.278704265486912384e+01 1.523712194076099635e+01 1.523841637357286594e+01 1.781262002269011901e+01 1.781270475287674770e+01 2.286185222589283939e+01 2.286251912877071746e+01
4.664505215402931504e-01 -7.274400125123825500e-02 -3.406656920584944653e-02 9.464549873295007298e-01 9.514312456513949190e-01 1.510805029365146490e+00 1.512105661131950329e+00 2.996463942151902593e+00 2.996783340210710023e+00 4.390309326168906345e+00 4.390430105121942539e+00 7.073992902854555176e+00 7.074879644258778910e+00 8.537143598188309923e+00 8.537288575836806004e+00 8.834453401197441380e+00 8.840349443595929557e+00 1.031581280183278615e+01 1.031602913012968692e+01 1.103162738544249244e+01 1.103229458121322537e+01 1.183886390423148072e+01 1.183950212947689629e+01 1.278739715708915803e+01 1.278806864516045216e+01 1.523776510439648391e+01 1.523911698971105722e+01 1.781246034377423371e+01 1.781254797689005898e+01 2.286640308112959374e+01 2.286709815643602539e+01
4.673737974147140206e-01 -7.163278491942601245e-02 -3.180888584057661728e-02 9.081761196028578231e-01 9.133205937008065378e-01 1.459021090824088374e+00 1.460352733810045489e+00 2.997017762830318954e+00 2.997335206064771995e+00 4.381193712567667653e+00 4.381323263690480196e+00 7.076620395407707598e+00 7.077498252690583413e+00 8.533105723304544199e+00 8.533254770291076596e+00 8.834253856871459476e+00 8.840403432440396614e+00 1.032228463335929014e+01 1.032251574562264729e+01 1.103288483355078142e+01 1.103356884673112326e+01 1.183269026478356523e+01 1.183336838348819597e+01 1.278841748798814137e+01 1.278910372944881857e+01 1.523838583180845418e+01 1.523979428598618568e+01 1.781230600695013067e+01 1.781239643788931204e+01 2.287079866346132206e+01 2.287152140309732928e+01
4.682970732891348908e-01 -7.036139789920736742e-02 -2.932645540535137527e-02 8.697251523087433656e-01 8.750329653059208956e-01 1.405515940473122560e+00 1.406876282821566626e+00 2.998365776524708703e+00 2.998681020273865627e+00 4.372416689739154094e+00 4.372554982995231043e+00 7.079147343047424989e+00 7.080013927134420015e+00 8.529232024153850844e+00 8.529384922321460394e+00 8.834057425963836252e+00 8.840456281436360086e+00 1.032852845888182003e+01 1.032877511122371494e+01 1.103413591614380884e+01 1.103483619115357328e+01 1.182662295084563198e+01 1.182734157107471518e+01 1.278944151161952547e+01 1.279014147940000612e+01 1.523898363888110552e+01 1.524044762092065852e+01 1.781215715693315360e+01 1.781225027637499636e+01 2.287503521148268248e+01 2.287578503652185091e+01
4.692203491635557611e-01 -6.893874850883185967e-02 -2.660158318173747038e-02 8.311099184908343762e-01 8.365759238545869003e-01 1.350431926827743601e+00 1.351818856426123538e+00 3.000382544395352014e+00 3.000695674642891220e+00 4.363979116618791565e+00 4.364126066839882689e+00 7.081572307397875576e+00 7.082425420578315922e+00 8.525523440171884459e+00 8.525679969494598609e+00 8.833864707669082605e+00 8.840507858658503082e+00 1.033453882569638260e+01 1.033480169841934071e+01 1.103537694277180670e+01 1.103609301482800120e+01 1.182067889392831717e+01 1.182143847304398321e+01 1.279046304040684845e+01 1.279117573222048421e+01 1.523955806330653040e+01 1.524107637647613345e+01 1.781201393284120016e+01 1.781210962781390705e+01 2.287910911309410622e+01 2.287988537488335794e+01
4.701436250379766313e-01 -6.737283469090815657e-02 -2.359789075437093361e-02 7.923382000896069810e-01 7.979569962353612045e-01 1.293902071004808363e+00 1.295313656717913986e+00 3.002951563231381904e+00 3.003262946270598643e+00 4.355882773828775534e+00 4.356038245428381472e+00 7.083893917157197073e+00 7.084731562333601573e+00 8.521980880845369200e+00 8.522140820813124407e+00 8.833676295898291286e+00 8.840558034213257699e+00 1.034031037176828605e+01 1.034059005328227165e+01 1.103660400039447786e+01 1.103733549349231780e+01 1.181487486850629232e+01 1.181567569778207449e+01 1.279147615567694274e+01 1.279220059819654765e+01 1.524010866452210244e+01 1.524167995855737168e+01 1.781187646809856417e+01 1.781197462253238228e+01 2.288301690705894842e+01 2.288381888854299362e+01
4.710669009123975015e-01 -6.567083453758268408e-02 -2.024294133756154510e-02 7.534177248633716628e-01 7.591836711146214833e-01 1.236050019465473104e+00 1.237484490264434189e+00 3.005965407382803711e+00 3.006275630863568082e+00 4.348130302344604736e+00 4.348294113640518432e+00 7.086110866826992982e+00 7.086931256036903548e+00 8.518605224485972016e+00 8.518768355420817784e+00 8.833492776785515588e+00 8.840606680634289560e+00 1.034583784262961714e+01 1.034613481514122668e+01 1.103781296742621088e+01 1.103855958758665778e+01 1.180922745172834354e+01 1.181006964143879401e+01 1.279247521380128028e+01 1.279321046631898717e+01 1.524063502363113720e+01 1.524225779749387755e+01 1.781174489034746955e+01 1.781184538561166875e+01 2.288675528445776308e+01 2.288758220172296021e+01
4.719901767868183717e-01 -6.383917124493872219e-02 -1.638058073159140773e-02 7.143561617788435347e-01 7.202633960724931228e-01 1.176990319010454700e+00 1.178446042853569464e+00 3.009325555599867918e+00 3.009635364618775899e+00 4.340725134838774757e+00 4.340897062057170963e+00 7.088221915433501330e+00 7.089023477801784878e+00 8.515397316963417396e+00 8.515563421252917209e+00 8.833314726221674462e+00 8.840653673288624503e+00 1.035111610849343045e+01 1.035143073549894588e+01 1.103899953217991836e+01 1.103976105589137369e+01 1.180375298030508269e+01 1.180463644553962332e+01 1.279345485068202848e+01 1.279420000824428527e+01 1.524113674330887136e+01 1.524280934849905478e+01 1.781161932136779669e+01 1.781172203678604760e+01 2.289032109004420690e+01 2.289117209407666209e+01
4.729134526612392420e-01 -6.188355425625356732e-02 -1.158778871843875631e-02 6.751611142206599414e-01 6.812035731548894413e-01 1.116828900944664582e+00 1.118304364627749514e+00 3.012942016033741677e+00 3.013252248146914614e+00 4.333671419984153061e+00 4.333851201000185505e+00 7.090225885225385660e+00 7.091007274538872807e+00 8.512357970414463182e+00 8.512526833648903946e+00 8.833142707425787776e+00 8.840698890789436604e+00 1.035614018144504733e+01 1.035647269704081275e+01 1.104015921585071247e+01 1.104093547390192320e+01 1.179846750419944712e+01 1.179939195166953070e+01 1.279440998481632263e+01 1.279516418082748608e+01 1.524161344769603410e+01 1.524333409210687762e+01 1.781149987700398896e+01 1.781160469034296057e+01 2.289371132350670734e+01 2.289458550215890043e+01
4.738367285356600567e-01 -5.980899652238773345e-02 -3.043188001946515921e-03 6.358401100407274908e-01 6.420115521896851973e-01 1.055663688402076472e+00 1.057157479116620946e+00 3.016732835618244568e+00 3.017044358661164605e+00 4.326973940013600917e+00 4.327161277868005307e+00 7.092121660334431255e+00 7.092881762462032391e+00 8.509487961942882706e+00 8.509659373943645022e+00 8.832977268563624307e+00 8.840742215411578897e+00 1.036090523255998264e+01 1.036125573258337518e+01 1.104128740009057097e+01 1.104207825728294168e+01 1.179338673684501515e+01 1.179435165297180532e+01 1.279533581915503682e+01 1.279609822744477121e+01 1.524206478228208006e+01 1.524383153458592943e+01 1.781138666709969698e+01 1.781149345502606707e+01 2.289692314063999490e+01 2.289781952079950145e+01
4.747600044100809269e-01 -5.761980583094027109e-02 1.025913072661005683e-02 5.964005869288817596e-01 6.026946208769314861e-01 9.935852642458412598e-01 9.950960532495091160e-01 3.020623556709993274e+00 3.020937212919214243e+00 4.320638021888207447e+00 4.320832588107327510e+00 7.093908185388225540e+00 7.094646125794207947e+00 8.506788032324225313e+00 8.506961788051608409e+00 8.832818940423715404e+00 8.840783533506101577e+00 1.036540660879409614e+01 1.036577504381632586e+01 1.104237935912713908e+01 1.104318469064202723e+01 1.178852600173602383e+01 1.178953064232021752e+01 1.279622784195463225e+01 1.279699767830602930e+01 1.524249041378067204e+01 1.524430120833113556e+01 1.781127979543935780e+01 1.781138843394076687e+01 2.289995385443020481e+01 2.290087140438339119e+01
4.756832802845017971e-01 -5.531954560587915015e-02 1.441971534168896146e-02 5.568498706981039881e-01 5.632599901240546991e-01 9.306775559357914895e-01 9.322040845304809809e-01 3.024546664957564523e+00 3.024863224071815182e+00 4.314669442524711407e+00 4.314870880261279851e+00 7.095584464069942143e+00 7.096299615679471984e+00 8.504258884728223222e+00 8.504434785058235136e+00 8.832668234161017651e+00 8.840822735910490948e+00 1.036963984949497330e+01 1.037002601969650861e+01 1.104343029627568562e+01 1.104424996172802587e+01 1.178390017536990264e+01 1.178494355715446495e+01 1.279708182680309392e+01 1.279785834994030935e+01 1.524289002999899090e+01 1.524474267223270552e+01 1.781117935969669119e+01 1.781128972446268577e+01 2.290280093605736411e+01 2.290373856804045261e+01
4.766065561589226673e-01 -5.291095707704538548e-02 1.725084218633589350e-02 5.171951425464373919e-01 5.237147721932604583e-01 8.670185083717197871e-01 8.685595762825515376e-01 3.028441057705140604e+00 3.028761180609794490e+00 4.309074328667557019e+00 4.309282255672248318e+00 7.097149557631929007e+00 7.097841549296493469e+00 8.501901183470153001e+00 8.502079035831068055e+00 8.832525639118046001e+00 8.840859718351062213e+00 1.037360070239071064e+01 1.037400425435622786e+01 1.104443538458336960e+01 1.104526920099100451e+01 1.177952362667711128e+01 1.178060452111536627e+01 1.279789383198340325e+01 1.279867634401991516e+01 1.524326333970340031e+01 1.524515551202263808e+01 1.781108545138959087e+01 1.781119741814913837e+01 2.290546201581893726e+01 2.290641858874807824e+01
4.775298320333435376e-01 -5.039582937305490257e-02 1.931835629691732933e-02 4.774433886451891484e-01 4.840659476850912579e-01 8.026807265186441942e-01 8.042351827654811158e-01 3.032251551213849261e+00 3.032575764514341188e+00 4.303859052158110821e+00 4.304073063586220549e+00 7.098602583387449982e+00 7.099271309149544074e+00 8.499715552801815122e+00 8.499895171662902982e+00 8.832391620733561766e+00 8.840894381834749183e+00 1.037728513892433568e+01 1.037770556439477865e+01 1.104538981122969687e+01 1.104623752624689992e+01 1.177541015324013429e+01 1.177652708277419613e+01 1.279866019932112664e+01 1.279944804567223038e+01 1.524361007248339206e+01 1.524553934059877847e+01 1.781099815584122936e+01 1.781111160065406906e+01 2.290793488397736866e+01 2.290890920634898364e+01
4.784531079077644078e-01 -4.777479551490019377e-02 2.082902232026955999e-02 4.376013203826855658e-01 4.443203146369550383e-01 7.377320772488873413e-01 7.392988137195628529e-01 3.035928436908593930e+00 3.036257117806282491e+00 4.299030121545921901e+00 4.299249792599768583e+00 7.099942713233036606e+00 7.100588342485386839e+00 8.497702575751370446e+00 8.497883782958037813e+00 8.832266618548191062e+00 8.840926633026981563e+00 1.038068936881630222e+01 1.038112600542945252e+01 1.104628882518579758e+01 1.104715009197817110e+01 1.177157291478071954e+01 1.177272415191671762e+01 1.279937755264677612e+01 1.280017012141303923e+01 1.524392997861551535e+01 1.524589379832615599e+01 1.781091755214665540e+01 1.781103235164643905e+01 2.291021749153529541e+01 2.291120832448724798e+01
4.793763837821852780e-01 -4.504701784038144668e-02 2.188089242031442463e-02 3.976752438737499173e-01 4.044844079463664199e-01 6.722362448815389913e-01 6.738141931147646480e-01 3.039427091093097832e+00 3.039760461237936529e+00 4.294594071194969054e+00 4.294818959600066322e+00 7.101169172293378296e+00 7.101792160743872095e+00 8.495862793020615200e+00 8.496045417972176494e+00 8.832151044316418620e+00 8.840956384613187780e+00 1.038380985375379417e+01 1.038426188779176940e+01 1.104712778750911539e+01 1.104800214258351687e+01 1.176802436457505863e+01 1.176920793401065346e+01 1.280004279598837869e+01 1.280083951682033749e+01 1.524422282892951408e+01 1.524621855331603015e+01 1.781084371314471682e+01 1.781095974473262800e+01 2.291230795094104522e+01 2.291331401146485192e+01
4.802996596566061482e-01 -4.220970070681355490e-02 2.252425267765763642e-02 3.576708374773699406e-01 3.645643675273538276e-01 6.062532377250230420e-01 6.078413700628577665e-01 3.042707638586201302e+00 3.043045765231724875e+00 4.290557349248798502e+00 4.290786997561388816e+00 7.102281237834500160e+00 7.102882338896701953e+00 8.494196701947020145e+00 8.494380581615621040e+00 8.832045280233835172e+00 8.840983555641203750e+00 1.038664332012256430e+01 1.038710979126550349e+01 1.104790222352076690e+01 1.104878906867631727e+01 1.176477617963403155e+01 1.176598986364957611e+01 1.280065311159576780e+01 1.280145345405408541e+01 1.524448841467815363e+01 1.524651330168230956e+01 1.781077670539472635e+01 1.781089384738309178e+01 2.291420453672728286e+01 2.291522450102103292e+01
4.812229355310270185e-01 -3.925732045727406416e-02 2.278269441201758588e-02 3.175927527296715236e-01 3.245657135974199803e-01 5.398398434709736904e-01 5.414371811750325891e-01 3.045734668088172725e+00 3.046077470825306666e+00 4.286926206023183639e+00 4.287160143766685749e+00 7.103278238655968302e+00 7.103858514462704221e+00 8.492704755537195282e+00 8.492889734328878504e+00 8.831949677288026379e+00 8.841008071842217930e+00 1.038918677071468188e+01 1.038966657877539568e+01 1.104860787598625649e+01 1.104950646533679048e+01 1.176183919065217154e+01 1.176308053791894004e+01 1.280120595788485538e+01 1.280200942931481300e+01 1.524472654741257749e+01 1.524677776777568816e+01 1.781071658915733380e+01 1.781083472086367081e+01 2.291590568608551592e+01 2.291693819303665336e+01
4.821462114054478887e-01 -3.618036775850075326e-02 2.266111085145232698e-02 2.774438519746414422e-01 2.844929440262277676e-01 4.730500284256056176e-01 4.746556627334067580e-01 3.048476995442306325e+00 3.048824256944849154e+00 4.283706584574303200e+00 4.283944330204125350e+00 7.104159555242593349e+00 7.104720385918819048e+00 8.491387361577553250e+00 8.491573291038982063e+00 8.831864553741063162e+00 8.841029865928000220e+00 1.039143749536210315e+01 1.039192940894800188e+01 1.104924075830164654e+01 1.105015019105606555e+01 1.175922331287437750e+01 1.176048965076258490e+01 1.280169906737850916e+01 1.280250521032246702e+01 1.524493705886455608e+01 1.524701170439520226e+01 1.781066341837911438e+01 1.781078242017182589e+01 2.291740999937845658e+01 2.291845365416545732e+01
4.830694872798687589e-01 -3.296319585696579069e-02 2.214759297776869307e-02 2.372236309026688195e-01 2.443487667979076794e-01 4.059352652559634622e-01 4.075484061294548654e-01 3.050907470047187875e+00 3.051258849527021866e+00 4.280904015334773050e+00 4.281145078033307350e+00 7.104924621010139774e+00 7.105467710171438078e+00 8.490244881827011980e+00 8.490431620204155649e+00 8.831790193750959972e+00 8.841048877862453637e+00 1.039339308046162635e+01 1.039389574747900369e+01 1.104979720658749720e+01 1.105071642598399961e+01 1.175693747914546172e+01 1.175822592953249313e+01 1.280213044470953854e+01 1.280293883388629261e+01 1.524511980083724794e+01 1.524721489297751731e+01 1.781061724068057117e+01 1.781073699397841992e+01 2.291871624059291790e+01 2.291976961839416660e+01
4.839927631542896291e-01 -2.958010059568004502e-02 2.121068039004500236e-02 1.969245964145226735e-01 2.041325189620953051e-01 3.385447419327397012e-01 3.401648350239623309e-01 3.053002819293325398e+00 3.053357867660143832e+00 4.278523516801714166e+00 4.278767398108913156e+00 7.105572924985319894e+00 7.106100298747044519e+00 8.489277631295983895e+00 8.489465042953840523e+00 8.831726846138860054e+00 8.841065055105644888e+00 1.039505141737063276e+01 1.039556337725383806e+01 1.105027392952056076e+01 1.105120172801318112e+01 1.175498957648446385e+01 1.175629707497253662e+01 1.280249836474146363e+01 1.280330860362674805e+01 1.524527464510567931e+01 1.524738714376388238e+01 1.781057809734668496e+01 1.781069848457512350e+01 2.291982333773461633e+01 2.292088498753271253e+01
4.849160390287104438e-01 -2.598754387785078002e-02 1.979016336572252469e-02 1.565226831134342855e-01 1.638365703518011585e-01 2.709252941078714727e-01 2.725523355901379174e-01 3.054743525896137069e+00 3.055101701895695410e+00 4.276569504290493207e+00 4.276815699579342045e+00 7.106104016171231663e+00 7.106618012449981592e+00 8.488485877615151054e+00 8.488673832330254854e+00 8.831674723307848751e+00 8.841078352828562359e+00 1.039641070966441205e+01 1.039693040717984118e+01 1.105066805469863667e+01 1.105160308520678747e+01 1.175338638755604137e+01 1.175470970591170428e+01 1.280280137085395431e+01 1.280361308790172892e+01 1.524540148332798317e+01 1.524752829594464565e+01 1.781054602331994730e+01 1.781066692782802363e+01 2.292073038316704370e+01 2.292179883163648668e+01
4.858393149031313141e-01 -2.210676438431936550e-02 1.777374903725995742e-02 1.159460896900807447e-01 1.234370115909985827e-01 2.031204304416174555e-01 2.047559968160045929e-01 3.056113733267548316e+00 3.056474420109073442e+00 4.275045708723686388e+00 4.275293708534417370e+00 7.106517509621001594e+00 7.107020754464065782e+00 8.487869840496955476e+00 8.488058212637053401e+00 8.831634000318935307e+00 8.841088734097374058e+00 1.039746947925488740e+01 1.039799527969855220e+01 1.105097717034485427e+01 1.105191796311108732e+01 1.175213353838813823e+01 1.175346930991786465e+01 1.280303827343133705e+01 1.280385111798074682e+01 1.524550022696866591e+01 1.524763821778159922e+01 1.781052104719524110e+01 1.781064235313779776e+01 2.292143663389548536e+01 2.292251038936117169e+01
4.867625907775521843e-01 -1.777724806426883922e-02 1.493052818123295593e-02 7.493330509048891364e-02 8.286508255130795031e-02 1.351649507726121469e-01 1.368168603671939265e-01 3.057101174538421340e+00 3.057463696708368150e+00 4.273955107303301304e+00 4.274204398554359408e+00 7.106813093860520958e+00 7.107308462256099801e+00 8.487429691292025069e+00 8.487618358899794657e+00 8.831604814128624525e+00 8.841096170025792844e+00 1.039822657137663064e+01 1.039875677695526335e+01 1.105119936121946012e+01 1.105214434558685888e+01 1.175123545360661659e+01 1.175258020108792678e+01 1.280320814858582423e+01 1.280402178650346912e+01 1.524557080723460523e+01 1.524771680670803597e+01 1.781050319121607828e+01 1.781062478340643906e+01 2.292194151179789685e+01 2.292301906825202451e+01
4.876858666519730545e-01 -1.258928207706798592e-02 1.064123896376173786e-02 3.167761203012859489e-02 4.190244635887457880e-02 6.703759988238443268e-02 6.875999431641344195e-02 3.057697121461950829e+00 3.058060761559415752e+00 4.273299867712766265e+00 4.273549934811087248e+00 7.106990538826215342e+00 7.107481099114804302e+00 8.487165552642448318e+00 8.487354396442139404e+00 8.831587262991986265e+00 8.841100639894683866e+00 1.039868115844956264e+01 1.039921402561017238e+01 1.105133323772150433e+01 1.105228076794552372e+01 1.175069532032153852e+01 1.175204548602271082e+01 1.280331033713986422e+01 1.280412444625139301e+01 1.524561317502442037e+01 1.524776398940645272e+01 1.781049247127225854e+01 1.781061423501136431e+01 2.292224460380317552e+01 2.292332444496765476e+01
4.886091425263939247e-01 -2.161224353710316723e-02 -8.612429575665967590e-03 -3.439964401332397219e-03 -3.612817789578816154e-07 -2.617393703460327625e-07 2.178527324120829509e-07 3.057896350156997123e+00 3.058260365683309168e+00 4.273081307220127023e+00 4.273331633096496773e+00 7.107049703068478053e+00 7.107538646574138141e+00 8.487077498233160711e+00 8.487266400580891101e+00 8.831581406034086257e+00 8.841102131238017137e+00 1.039883274282863823e+01 1.039936650028091236e+01 1.105137795732730766e+01 1.105232634138165615e+01 1.175051506161200088e+01 1.175186703886008210e+01 1.280334444388638282e+01 1.280415870925491362e+01 1.524562730089198226e+01 1.524777972186411468e+01 1.781048889689825288e+01 1.781061071778660221e+01 2.292234566201808477e+01 2.292342626543953443e+01
