0.000000000000000000e+00 -2.161224353800221890e-02 -8.612429576034374284e-03 -3.439964396217663929e-03 -3.404615918716579092e-07 2.390990213173005133e-07 4.540911753794395119e-07 3.057896350156999787e+00 3.058260365683311388e+00 4.273081307220135905e+00 4.273331633096502102e+00 7.107049703068478941e+00 7.107538646574139030e+00 8.487077498233164263e+00 8.487266400580892878e+00 8.831581406034073822e+00 8.841102131238013584e+00 1.039883274282863468e+01 1.039936650028091591e+01 1.105137795732731121e+01 1.105232634138165615e+01 1.175051506161199377e+01 1.175186703886008210e+01 1.280334444388638460e+01 1.280415870925491184e+01 1.524562730089197160e+01 1.524777972186410402e+01 1.781048889689824932e+01 1.781061071778659866e+01 2.292234566201809898e+01 2.292342626543954864e+01
1.519769838211115992e-03 -1.097234131771391945e-02 3.038423153806499820e-03 5.908866787782274949e-02 6.103326822758915055e-02 9.408726634937365774e-02 1.008273355444661845e-01 3.058103524245081140e+00 3.058466373910169622e+00 4.273461117970029477e+00 4.273710810541270888e+00 7.107105960631266761e+00 7.107594834644853421e+00 8.487346511076292899e+00 8.487540752645090336e+00 8.831278616469241172e+00 8.840781661357214105e+00 1.039874426925281803e+01 1.039927702275805643e+01 1.105138127642100798e+01 1.105232943195739459e+01 1.175061023574484231e+01 1.175195938567546605e+01 1.280339572226738554e+01 1.280420882550920325e+01 1.524550047435925570e+01 1.524765002530568303e+01 1.781032850619393315e+01 1.781045023856476561e+01 2.292243432647520152e+01 2.292351368876541784e+01
3.039539676422231985e-03 -1.304989087013051427e-02 1.012768107411214646e-02 1.208039060981405677e-01 1.220322831516640061e-01 1.926703283271290201e-01 1.989026663775950443e-01 3.058725094939018341e+00 3.059084462383165448e+00 4.274600442354968166e+00 4.274848242712026014e+00 7.107274261814371386e+00 7.107762895514367685e+00 8.488153115557894424e+00 8.488363383803449125e+00 8.830371995230040127e+00 8.839822049270029680e+00 1.039847945928931594e+01 1.039900921341726203e+01 1.105139086460814468e+01 1.105233831677296230e+01 1.175089602105389552e+01 1.175223671784649326e+01 1.280354915258187098e+01 1.280435877604772443e+01 1.524512000651338717e+01 1.524726096587893309e+01 1.780984708672458439e+01 1.780996855422667480e+01 2.292270020931212926e+01 2.292377585374326188e+01
4.559309514633348194e-03 -1.395363958702268772e-02 1.471359956248202705e-02 1.819426619934388367e-01 1.829738046586193156e-01 2.907177587024658560e-01 2.968164724973919588e-01 3.059761211501145883e+00 3.060114826367701824e+00 4.276498958253905691e+00 4.276743630531903761e+00 7.107553196222559322e+00 7.108041325846834901e+00 8.489495953375795878e+00 8.489732965861415792e+00 8.828866833092035904e+00 8.838228732993858472e+00 1.039804013959964557e+01 1.039856493614705713e+01 1.105140562016093853e+01 1.105235184139174720e+01 1.175137320259831775e+01 1.175269990646794227e+01 1.280380352137923161e+01 1.280460736719770587e+01 1.524448593396608409e+01 1.524661263551866952e+01 1.780904389808494059e+01 1.780916492640653459e+01 2.292314297924663435e+01 2.292421244566936878e+01
6.079079352844464837e-03 -1.327657671509199951e-02 1.924120360567603896e-02 2.429008517076124696e-01 2.438492320283836279e-01 3.884918796691750886e-01 3.945033364203480719e-01 3.061212136062699152e+00 3.061557804390360182e+00 4.279156133667258111e+00 4.279396480212582787e+00 7.107940426966235847e+00 7.108427642114313549e+00 8.491372569228378353e+00 8.491647103818964482e+00 8.826772113850369195e+00 8.836010931399355783e+00 1.039742933591405283e+01 1.039794727817542785e+01 1.105142372532737838e+01 1.105236810264859315e+01 1.175204307659479319e+01 1.175335038979718050e+01 1.280415680968006598e+01 1.280495261282698038e+01 1.524359832224380540e+01 1.524570519140661418e+01 1.780791771180650684e+01 1.780803812999555191e+01 2.292376208520722258e+01 2.292482294101870011e+01
7.598849191055581480e-03 -9.546100453692361529e-03 2.423539481055197661e-02 3.037441657003912554e-01 3.046476951527701260e-01 4.859790107910282875e-01 4.919064062005478188e-01 3.063078264077318646e+00 3.063413898304193417e+00 4.282571233872165095e+00 4.282806110124016463e+00 7.108432711401147408e+00 7.108918412719996027e+00 8.493779107976738629e+00 8.494102048208794997e+00 8.824100779245648951e+00 8.833181893171042631e+00 1.039665124518962003e+01 1.039716052141035618e+01 1.105144267383621326e+01 1.105238447965182758e+01 1.175290743218635647e+01 1.175419015301716108e+01 1.280460619809309186e+01 1.280539173928638341e+01 1.524245727251657101e+01 1.524453886188276464e+01 1.780646681964454459e+01 1.780658646137043988e+01 2.292455675791783776e+01 2.292560660890320534e+01
9.118619029266696388e-03 9.541959849935435431e-03 2.996025867851001903e-02 3.644822142465663495e-01 3.653561791029290018e-01 5.831281685240798929e-01 5.889640780918417029e-01 3.065360153800444909e+00 3.065683802279685732e+00 4.286743331143553881e+00 4.286971660133334971e+00 7.109025930231946511e+00 7.109509301247985746e+00 8.496709857112216824e+00 8.497092259403443038e+00 8.820870134171487464e+00 8.829759278709966352e+00 1.039571119706259417e+01 1.039621010275375212e+01 1.105145930902222062e+01 1.105239767651247362e+01 1.175396852610603560e+01 1.175522170013604928e+01 1.280514807390015086e+01 1.280592119224895598e+01 1.524106293095556630e+01 1.524311395467319308e+01 1.780468904513319828e+01 1.780480774986822112e+01 2.292552601208939222e+01 2.292656251308651605e+01
1.063838886747781390e-02 2.016996891447552995e-02 3.656351960367191373e-02 4.251091323390682186e-01 4.259602955161260751e-01 6.798787583186729488e-01 6.856123432673421059e-01 3.068058565683995376e+00 3.068368441671915026e+00 4.291671316742326603e+00 4.291892103135519498e+00 7.109715124844705691e+00 7.110195119369436156e+00 8.500156595865513864e+00 8.500609786261785317e+00 8.817102431333113444e+00 8.825765713200766527e+00 1.039461560502071968e+01 1.039510256381978692e+01 1.105146987217133336e+01 1.105240377614826919e+01 1.175522905043103705e+01 1.175644801826284080e+01 1.280577804003610076e+01 1.280653664537153880e+01 1.523941550065620554e+01 1.524143086738531494e+01 1.780258175836216950e+01 1.780269937246216472e+01 2.292666864919156211e+01 2.292768951452918103e+01
1.215815870568892967e-02 2.997878662550313572e-02 4.412462365136086972e-02 4.856135123988264968e-01 4.864448638165962957e-01 7.761666946991665483e-01 7.817859510918743204e-01 3.071174512899532250e+00 3.071469023063841952e+00 4.297353914783972328e+00 4.297566258421765539e+00 7.110494542490000569e+00 7.110969887791722677e+00 8.504107693595916118e+00 8.504643402962642540e+00 8.812825693361226342e+00 8.821229567702951968e+00 1.039337190783586884e+01 1.039384549060301843e+01 1.105147006054934700e+01 1.105239830435076342e+01 1.175669209369007007e+01 1.175787253457703230e+01 1.280649092587696458e+01 1.280723301069076037e+01 1.523751525604522250e+01 1.523949010020716699e+01 1.780014189391534885e+01 1.780025827158125296e+01 2.292798326077187454e+01 2.292898627443149806e+01
1.367792854390004545e-02 4.018603855163694477e-02 5.268150077409747972e-02 5.459815998468278142e-01 5.467942515541656112e-01 8.719262523102746520e-01 8.774188942265450653e-01 3.074709324583762005e+00 3.074987097200438502e+00 4.303789697509546208e+00 4.303992806456167663e+00 7.111357688643829889e+00 7.111826903594140603e+00 8.508546874435465313e+00 8.509177422125883794e+00 8.808074856188607527e+00 8.816186050941267283e+00 1.039198850190668999e+01 1.039244744375007734e+01 1.105145509443245722e+01 1.105237630315881603e+01 1.175836109565991805e+01 1.175949906639501741e+01 1.280728079974140421e+01 1.280800445065745663e+01 1.523536255967193576e+01 1.523729227073239301e+01 1.779736597189864966e+01 1.779748097600275969e+01 2.292946823228263398e+01 2.293045125773539894e+01
1.519769838211116296e-02 5.107715977416708852e-02 6.224732629122866484e-02 6.061985257990205600e-01 6.069925680296452963e-01 9.670907281545705336e-01 9.724446028396729336e-01 3.078664723860969676e+00 3.078924637031051681e+00 4.310977101386458621e+00 4.311170304558239685e+00 7.112297385577331710e+00 7.112758812315267853e+00 8.513451529656581585e+00 8.514190066230012732e+00 8.802893353101017837e+00 8.810678730621683385e+00 1.039047466526392505e+01 1.039091788018896700e+01 1.105141979230770488e+01 1.105233241245194087e+01 1.176023979626683946e+01 1.176133176482589882e+01 1.280814098300864323e+01 1.280884439171183864e+01 1.523295788126480765e+01 1.523483813081639582e+01 1.779425012197173217e+01 1.779436362473556343e+01 2.293112174737118281e+01 2.293208273704133049e+01
1.671746822032227700e-02 6.276163752592008038e-02 7.282080595111872778e-02 6.662488501423158294e-01 6.670237778731449296e-01 1.061592688499281900e+00 1.066796004198487191e+00 3.083042923266356983e+00 3.083284133696100326e+00 4.318914443367412481e+00 4.319097202917822287e+00 7.113305835905162411e+00 7.113757683210134353e+00 8.518790410755023856e+00 8.519651229059384434e+00 8.797335307403603366e+00 8.804761653423316403e+00 1.038884047408754796e+01 1.038926706696273072e+01 1.105135865326078637e+01 1.105226095855983814e+01 1.176233217909313211e+01 1.176337505260350902e+01 1.280906406576026058e+01 1.280974553930676940e+01 1.523030181891560275e+01 1.523212858535324798e+01 1.779079011028564139e+01 1.779090199379937687e+01 2.293294179258441190e+01 2.293387879689207409e+01
1.823723805853339278e-02 7.528828754277241964e-02 8.439224852764264095e-02 7.261168272604242580e-01 7.268717713816316150e-01 1.155364040983390739e+00 1.160405510138488028e+00 3.087846740912020493e+00 3.088068714058080033e+00 4.327599936532998015e+00 4.327771860299801432e+00 7.114374689682813724e+00 7.114815086163506663e+00 8.524520472646393898e+00 8.525519390806266529e+00 8.791468565255900813e+00 8.798502300951250632e+00 1.038709671267267431e+01 1.038750598819674842e+01 1.105126594542437246e+01 1.105215604858083367e+01 1.176464241007559686e+01 1.176563355677617650e+01 1.281004192386459195e+01 1.281069989429876088e+01 1.522739512223380132e+01 1.522916471284538353e+01 1.778698136921603989e+01 1.778709152579327579e+01 2.293492616243473137e+01 2.293583733837179039e+01
1.975700789674451202e-02 8.867856529455281356e-02 9.694705347082151203e-02 7.857865482424352122e-01 7.865204111625189176e-01 1.248336017391289188e+00 1.253204957418711407e+00 3.093079741668757876e+00 3.093282284312206976e+00 4.337031704238144769e+00 4.337192558726298053e+00 7.115495113493238932e+00 7.115922168821576577e+00 8.530582560329520447e+00 8.531737364193928030e+00 8.785378876258297609e+00 8.791985705193681611e+00 1.038525477786053308e+01 1.038564624620292776e+01 1.105113579922780787e+01 1.105201166901141718e+01 1.176717477206979368e+01 1.176811203702976094e+01 1.281106573744108523e+01 1.281169877064604101e+01 1.522423871729433209e+01 1.522594778762046808e+01 1.778281902977006013e+01 1.778292736213542113e+01 2.293707246477218575e+01 2.293795608396626662e+01
2.127677773495562780e-02 1.029393824724607054e-01 1.104676868583219229e-01 8.452420236041938706e-01 8.459535655964711687e-01 1.340439098931062389e+00 1.345125509590182622e+00 3.098746408890782345e+00 3.098929705325457640e+00 4.347207791782635056e+00 4.347357516346794348e+00 7.116657859904181649e+00 7.117069732592680609e+00 8.536895561346577566e+00 8.538226456412951748e+00 8.779175600352017383e+00 8.785320139574638532e+00 1.038332657901951173e+01 1.038369995778796451e+01 1.105096230407431612e+01 1.105182178721336150e+01 1.176993359603540767e+01 1.177081531050593632e+01 1.281212601066710022e+01 1.281273281437965750e+01 1.522083373318144695e+01 1.522247930353092116e+01 1.777829795653281764e+01 1.777840437784414007e+01 2.293937812640586316e+01 2.294023258262904363e+01
2.279654757316674010e-02 1.180689916188092520e-01 1.249347997230577934e-01 9.044672356034397787e-01 9.051551349405543290e-01 1.431602894211935872e+00 1.436097520768334190e+00 3.104852353989925984e+00 3.105017006586583417e+00 4.358126174549818543e+00 4.358264897605993227e+00 7.117853335683247629e+00 7.118248306271286907e+00 8.543348636062068735e+00 8.544878578887820098e+00 8.772999329829204385e+00 8.778644854418644172e+00 1.038132443471760880e+01 1.038167964688881462e+01 1.105073960698008584e+01 1.105158045418654034e+01 1.177292318967152696e+01 1.177374817405423890e+01 1.281321259292138848e+01 1.281379202384717253e+01 1.521718152991099160e+01 1.521876099895217038e+01 1.777341278500890098e+01 1.777351721871988843e+01 2.294184039891699101e+01 2.294266421499792585e+01
2.431631741137785935e-02 1.340600463924374874e-01 1.403278679691002950e-01 9.634461743212935358e-01 9.641090734008328500e-01 1.521755969692332178e+00 1.526050356617852266e+00 3.111404573846614063e+00 3.111551646812682481e+00 4.369784761544620366e+00 4.369912819655429992e+00 7.119071667226569033e+00 7.119448216159344867e+00 8.549791330676601575e+00 8.551545953776340525e+00 8.767031622256492795e+00 8.772140208688927743e+00 1.037926096726957503e+01 1.037959813470798842e+01 1.105046201164483932e+01 1.105128190707818625e+01 1.177614776438975142e+01 1.177691532491632387e+01 1.281431470129689920e+01 1.281486577126887205e+01 1.521328372749240465e+01 1.521479488287521065e+01 1.776815796120348523e+01 1.776826034077678784e+01 2.294445636460669391e+01 2.294524819870699517e+01
2.583608724958897512e-02 1.509013515399210414e-01 1.566255675965710636e-01 1.022162864826475559e+00 1.022799409148145600e+00 1.610825626053834281e+00 1.614912163857864513e+00 3.118411770248422421e+00 3.118542829954348949e+00 4.382181393394048108e+00 4.382299353655571217e+00 7.120302761795369584e+00 7.120659651682364810e+00 8.556022084183855014e+00 8.558028658985799453e+00 8.761506333701223781e+00 8.766039956898675101e+00 1.037714899636531740e+01 1.037746842856664387e+01 1.105012407638891148e+01 1.105092066984599697e+01 1.177961136155408006e+01 1.178032128088010388e+01 1.281542094455818415e+01 1.281594282569161258e+01 1.520914223587048575e+01 1.521058326186822462e+01 1.776252778327741666e+01 1.776262805176204651e+01 2.294722294252325767e+01 2.294798159374200353e+01
2.735585708780008743e-02 1.685789429287798125e-01 1.738060038510268468e-01 1.080601389365347442e+00 1.081210263489982504e+00 1.698737608964727475e+00 1.702609575687465515e+00 3.125884751896375935e+00 3.126001885219485743e+00 4.395313834277261300e+00 4.395422519054728028e+00 7.121536363391769875e+00 7.121872725587762964e+00 8.561777404742320741e+00 8.564061917275218150e+00 8.756720277242447281e+00 8.760643786224841634e+00 1.037500143298798783e+01 1.037530361073947738e+01 1.104972070939031781e+01 1.105049165050778903e+01 1.178331777893474452e+01 1.178397030095524123e+01 1.281651934866679454e+01 1.281701137747655217e+01 1.520475928546534128e+01 1.520612876766030297e+01 1.775651644510140770e+01 1.775661455459180615e+01 2.295013689451542049e+01 2.295086130778887679e+01
2.887562692601120667e-02 1.870767977412984562e-01 1.918468595761286533e-01 1.138745906753141801e+00 1.139325869974301186e+00 1.785415737792604096e+00 1.789067336179859913e+00 3.133836947169311937e+00 3.133942719947042654e+00 4.409179758064312615e+00 4.409280267987923274e+00 7.122762102509744508e+00 7.123077527789873464e+00 8.566727393799117962e+00 8.569308563568334591e+00 8.753037528717769078e+00 8.756324670226044660e+00 1.037283117480597738e+01 1.037311672858378131e+01 1.104924725968765387e+01 1.104999023345615328e+01 1.178727049831458551e+01 1.178786630760572862e+01 1.281759738404877780e+01 1.281805906451152133e+01 1.520013745800709515e+01 1.520143438507834865e+01 1.775011808152580173e+01 1.775021399252287324e+01 2.295319483126264615e+01 2.295388410153072201e+01
3.039539676422232245e-02 2.063773271271863441e-01 2.107254984568989187e-01 1.196580670155187542e+00 1.197130593953141142e+00 1.870781430374704124e+00 1.874207821560809117e+00 3.142285058995940794e+00 3.142382360805298980e+00 4.423776730066455443e+00 4.423870455719686845e+00 7.123969539705867327e+00 7.124264171642767707e+00 8.570487836385767721e+00 8.573367493574739484e+00 8.750877161376823921e+00 8.753520236555669243e+00 1.037065100417265384e+01 1.037092068732894745e+01 1.104869960248139371e+01 1.104941236539568195e+01 1.179147261514978595e+01 1.179201281152857028e+01 1.281864199483148958e+01 1.281907300039703479e+01 1.519527971734010130e+01 1.519650348004611473e+01 1.774332681517395116e+01 1.774342049587069070e+01 2.295639321823651713e+01 2.295704659385248547e+01
3.191516660243343823e-02 2.264617336620050603e-01 2.304190424928123648e-01 1.254090043840968116e+00 1.254608952995539317e+00 1.954753095601456270e+00 1.957950430157414656e+00 3.151249880994089203e+00 3.151341622957476662e+00 4.439102186359417779e+00 4.439190792454800416e+00 7.125148204157485843e+00 7.125422830651308104e+00 8.572660657279303820e+00 8.575812361285059637e+00 8.750672609577648586e+00 8.752693881636869122e+00 1.036847348979390659e+01 1.036872814694696388e+01 1.104807421736584949e+01 1.104875463357266696e+01 1.179592677111868682e+01 1.179641283988726386e+01 1.281963963033085463e+01 1.282003980491587036e+01 1.519018943984935532e+01 1.519133982733212918e+01 1.773613680456040242e+01 1.773622823007634253e+01 2.295972838155310569e+01 2.296034526691972033e+01
3.343493644064455400e-02 2.473102804866541826e-01 2.509044340242705395e-01 1.311258519085427343e+00 1.311745638479711040e+00 2.037245358203784829e+00 2.040210805645818137e+00 3.160757269531507596e+00 3.160845985469959540e+00 4.455153410538049030e+00 4.455238773976797795e+00 7.126287630311370691e+00 7.126543762162865114e+00 8.572904602667639651e+00 8.576266418669920455e+00 8.752800801301287237e+00 8.754259739731775625e+00 1.036631089303881481e+01 1.036655142456900691e+01 1.104736825825394497e+01 1.104801433511232034e+01 1.180063509029559299e+01 1.180106886879731576e+01 1.282057627912226572e+01 1.282094563715880753e+01 1.518487044414071718e+01 1.518594763771215383e+01 1.772854229332826748e+01 1.772863144491793008e+01 2.296319651368076720e+01 2.296377647110406528e+01
3.495470627885566978e-02 2.689024999703868435e-01 2.721584876825229871e-01 1.368070729073170844e+00 1.368525538689186805e+00 2.118168071992257318e+00 2.120899850331066983e+00 3.170839269986537978e+00 3.170926763255473180e+00 4.471927501269511218e+00 4.472011595198464917e+00 7.127377398152306753e+00 7.127617312619176637e+00 8.571013351705099481e+00 8.574492032085469617e+00 8.757503853687570228e+00 8.758492973348646515e+00 1.036417507979412811e+01 1.036440240392722423e+01 1.104657961391271570e+01 1.104718953645415347e+01 1.180559911956081542e+01 1.180598276071918740e+01 1.282143750607830412e+01 1.282177623174535874e+01 1.517932701958519637e+01 1.518033158419095408e+01 1.772053766039478262e+01 1.772062452465559801e+01 2.296679367897357338e+01 2.296733642973660494e+01
3.647447611706678555e-02 2.912173590382754473e-01 2.941579349180897807e-01 1.424511462392060279e+00 1.424933763766582429e+00 2.197425069793938146e+00 2.199922477533655663e+00 3.181535455107177057e+00 3.181622621419145425e+00 4.489421316556757802e+00 4.489506058425703827e+00 7.128407183979772910e+00 7.128633898036426331e+00 8.566958914053053320e+00 8.570446428886533852e+00 8.764845472068921950e+00 8.765473834863971803e+00 1.036207743872508580e+01 1.036229245325917603e+01 1.104570695820280868e+01 1.104627912207912210e+01 1.181081977370808467e+01 1.181115570724673702e+01 1.282220849279814523e+01 1.282251693864662734e+01 1.517356395331786167e+01 1.517449682690945423e+01 1.771211747078876897e+01 1.771220203889361144e+01 2.297051581900637274e+01 2.297102124367929221e+01
3.799424595527790133e-02 3.142333920597688013e-01 3.168794623217244255e-01 1.480565674490082584e+00 1.480955672894844755e+00 2.274912592706364478e+00 2.277176047043321994e+00 3.192894588848696813e+00 3.192981432547848275e+00 4.507631381748022470e+00 4.507718487433436394e+00 7.129366825124186846e+00 7.129583957252600079e+00 8.560874510953139449e+00 8.564268405053068633e+00 8.774727845667113613e+00 8.775100777765908688e+00 1.036002880682682736e+01 1.036023235299324341e+01 1.104474978930155871e+01 1.104528283194910721e+01 1.181629728554082170e+01 1.181658817759180025e+01 1.282287408188510369e+01 1.282315276719368669e+01 1.516758655526327182e+01 1.516844903634646258e+01 1.770327652696090937e+01 1.770335879393999079e+01 2.297435875769116365e+01 2.297482689571438641e+01
3.951401579348901710e-02 3.379288084318391450e-01 3.402997442023799057e-01 1.536218496424865743e+00 1.536576903950312545e+00 2.350517342774672169e+00 2.352548429870975788e+00 3.204976714592860709e+00 3.205062487452949416e+00 4.526553761489398475e+00 4.526644645903771469e+00 7.130246389965805953e+00 7.130457887919557258e+00 8.552993524021752947e+00 8.556210977217048708e+00 8.786952426664699445e+00 8.787157663198431834e+00 1.035803940323799033e+01 1.035823223433440710e+01 1.104370845737570228e+01 1.104420128732791717e+01 1.182203116106428453e+01 1.182227987286364623e+01 1.282341882553908974e+01 1.282366843494372333e+01 1.516140068074300906e+01 1.516219441441068483e+01 1.769400992034382014e+01 1.769408988443994346e+01 2.297831820615859755e+01 2.297874925476446251e+01
4.103378563170013288e-02 3.622815796734830673e-01 3.643954695456639858e-01 1.591455240676638905e+00 1.591783405271837371e+00 2.424114121066178740e+00 2.425915667607390969e+00 3.217855706225280610e+00 3.217939092412396285e+00 4.546183908842045263e+00 4.546279646584949319e+00 7.131036228076879091e+00 7.131245992073988127e+00 8.543583354400643870e+00 8.546565686624195024e+00 8.801285647000179679e+00 8.801389457357625901e+00 1.035611877241806056e+01 1.035630152961533668e+01 1.104258418034052092e+01 1.104303600492470139e+01 1.182802013968878363e+01 1.182822968603391089e+01 1.282382703890552733e+01 1.282404842219271224e+01 1.515501275020677774e+01 1.515573971300784883e+01 1.768431308293797954e+01 1.768439074505861441e+01 2.298238976738830885e+01 2.298278407996988904e+01
4.255355546991124865e-02 3.872695093890214380e-01 3.891433633475201437e-01 1.646261405463504301e+00 1.646561467368200526e+00 2.495563064362076755e+00 2.497139244826811488e+00 3.231622247402175852e+00 3.231701553566691310e+00 4.566516505386355895e+00 4.566617838006034269e+00 7.131726971415311311e+00 7.131938462264973744e+00 8.532900024818964368e+00 8.535610571106337474e+00 8.817503470721415937e+00 8.817554673506581508e+00 1.035427573791638345e+01 1.035444893502011787e+01 1.104137904747402210e+01 1.104178939960368844e+01 1.183426215916572843e+01 1.183443566726928964e+01 1.282408285853012408e+01 1.282427703309693712e+01 1.514842976561943466e+01 1.514909224966194579e+01 1.767418183869847326e+01 1.767425720198803063e+01 2.298656894056709987e+01 2.298692702467058524e+01
4.407332530812235749e-02 4.128702885311484883e-01 4.145202023273601433e-01 1.700622683218072195e+00 1.700897748016965361e+00 2.564706607349024559e+00 2.566063109643828444e+00 3.246387090786498231e+00 3.246460430956205734e+00 4.587545298099148461e+00 4.587652664948596026e+00 7.132309479268951868e+00 7.132525417627893383e+00 8.521166987572035723e+00 8.523586436230969454e+00 8.835413025772114182e+00 8.835448220999573721e+00 1.035251836802717662e+01 1.035268238608675162e+01 1.104009601070940505e+01 1.104046477626450695e+01 1.184075432478982215e+01 1.184089499411331481e+01 1.282417030604660368e+01 1.282433846465743343e+01 1.514165932303209416e+01 1.514225991976645780e+01 1.766361245449868633e+01 1.766368552405461045e+01 2.299085112513899887e+01 2.299117364036707301e+01
4.559309514633347327e-02 4.390615377910431216e-01 4.405028251028073605e-01 1.754524986853258417e+00 1.754779276086635642e+00 2.631366518122842724e+00 2.632510803593156812e+00 3.262284232670684680e+00 3.262349712462074613e+00 4.609262932424996961e+00 4.609376506820433761e+00 7.132774750964064658e+00 7.132996968093024748e+00 8.508570350159146756e+00 8.510692090944537824e+00 8.854863860239994722e+00 8.854899239898415431e+00 1.035085395459463875e+01 1.035100904629304708e+01 1.103873886333533427e+01 1.103906631197276056e+01 1.184749288222251451e+01 1.184760394581046583e+01 1.282407335674213655e+01 1.282421688536151194e+01 1.513470962087207994e+01 1.513525120504121269e+01 1.765260169044837468e+01 1.765267247320561239e+01 2.299523162447889391e+01 2.299551938078273139e+01
4.711286498454458904e-02 4.658208385382863193e-01 4.670681370384372477e-01 1.807954516428659675e+00 1.808193410278996938e+00 2.695341740627690719e+00 2.696283457822774565e+00 3.279473250328401424e+00 3.279529162586034552e+00 4.631660779848647103e+00 4.631780500987010996e+00 7.133113841323436510e+00 7.133343273989782851e+00 8.495262110668262423e+00 8.497088556031890505e+00 8.875737664953465611e+00 8.875773479793105381e+00 1.034928900610372082e+01 1.034943530903872677e+01 1.103731220545281566e+01 1.103759903014157118e+01 1.185447319312848080e+01 1.185455788089565132e+01 1.282377601163682002e+01 1.282389652632794430e+01 1.512758946350788847e+01 1.512807517776696642e+01 1.764114684934782318e+01 1.764121535415757691e+01 2.299970564904970871e+01 2.299995960623101254e+01
4.863263482275570482e-02 4.931257534242283191e-01 4.941931101617449418e-01 1.860897884447418216e+00 1.861127733219800851e+00 2.756408372374810511e+00 2.757160030747821455e+00 3.298139429472940254e+00 3.298184506214304257e+00 4.654728760241995111e+00 4.654854358103445833e+00 7.133317800132796371e+00 7.133554582014385304e+00 8.481366040252556360e+00 8.482906050490756300e+00 8.897937135207831361e+00 8.897971108727340095e+00 1.034782925599651193e+01 1.034796681343051361e+01 1.103582139458428024e+01 1.103606876980953011e+01 1.186168971267095351e+01 1.186175121702360791e+01 1.282326236971572619e+01 1.282336178983027608e+01 1.512030825969680059e+01 1.512074150035473430e+01 1.762924582506400739e+01 1.762931206299456122e+01 2.300426831875413924e+01 2.300448958865181481e+01
5.015240466096682059e-02 5.209538374576798692e-01 5.218547788121880027e-01 1.913342277503324640e+00 1.913569901684375019e+00 2.814323858127567135e+00 2.814901977871827832e+00 3.318489434406693750e+00 3.318523412522205174e+00 4.678455161807099749e+00 4.678586175959399185e+00 7.133377638195805837e+00 7.133621237129538883e+00 8.466983608347137036e+00 8.468250895453801164e+00 8.921384316999738218e+00 8.921415072860398254e+00 1.034647968694133802e+01 1.034660847441864995e+01 1.103427247773445785e+01 1.103448215539591715e+01 1.186913596778238933e+01 1.186917741188959852e+01 1.282251669370155156e+01 1.282259738333964449e+01 1.511287601562439775e+01 1.511326041975647172e+01 1.761689714962180986e+01 1.761696113451061052e+01 2.300891466386413597e+01 2.300910451801658496e+01
5.167217449917793637e-02 5.492826398960259926e-01 5.500302321595387234e-01 1.965275568503726422e+00 1.965507537089364654e+00 2.868838076318869224e+00 2.869265306848824526e+00 3.340739168474945675e+00 3.340764988951287595e+00 4.702826463521895484e+00 4.702962258215710456e+00 7.133284313114395481e+00 7.133533679280662732e+00 8.452198946593735940e+00 8.453211389929737862e+00 8.946016540013888019e+00 8.946043855754949092e+00 1.034524457159679400e+01 1.034536452799037853e+01 1.103267209701381368e+01 1.103284657668913837e+01 1.187680453499861599e+01 1.187682894401199718e+01 1.282152346207139182e+01 1.282158848791378603e+01 1.510530332244071694e+01 1.510564275610150631e+01 1.760410003881158403e+01 1.760416178809905929e+01 2.301363962315958744e+01 2.301379951156129877e+01
5.319194433738905214e-02 5.780896963056502136e-01 5.786966057569654653e-01 2.016686291388806840e+00 2.016928242541043748e+00 2.919713743442855503e+00 2.920022920102497199e+00 3.365091159483045935e+00 3.365120108981929814e+00 4.727827166467710285e+00 4.727966944662300719e+00 7.133028727290625426e+00 7.133282434286848606e+00 8.437082530858711849e+00 8.437862644024010095e+00 8.971781985934894621e+00 8.971806925007937750e+00 1.034412753028421150e+01 1.034423859228467535e+01 1.103102735449069804e+01 1.103117019540425403e+01 1.188468701629692070e+01 1.188469729232640582e+01 1.282026742952725407e+01 1.282032094024129343e+01 1.509760133855100683e+01 1.509789988468315158e+01 1.759085443612448074e+01 1.759091397199927442e+01 2.301843803606450223e+01 2.301856962915238114e+01
5.471171417560016098e-02 6.073525075162918840e-01 6.078310769518538992e-01 2.067563489803139642e+00 2.067819733047127517e+00 2.966757510715069213e+00 2.966996955417342541e+00 3.391708031597306050e+00 3.391754912454270521e+00 4.753439641360618140e+00 4.753582459993641152e+00 7.132601733365288688e+00 7.132858105347864353e+00 8.421693312697936307e+00 8.422270904690805082e+00 8.998636127192272127e+00 8.998661365859424777e+00 1.034313160592108360e+01 1.034323374566042908e+01 1.102934562382502293e+01 1.102946199284738604e+01 1.189277289221215916e+01 1.189277403257446508e+01 1.281873385733863735e+01 1.281878126841365173e+01 1.508978176751246991e+01 1.509004370994311728e+01 1.757716105483947189e+01 1.757721840572147798e+01 2.302330462074618467e+01 2.302340990291700606e+01
5.623148401381127676e-02 6.370484939822557147e-01 6.374108772193840533e-01 2.117896537622020681e+00 2.118169978912182394e+00 3.009864035318949860e+00 3.010090254708006174e+00 3.420676180350033402e+00 3.420751934013569251e+00 4.779644000078696386e+00 4.779788788330178839e+00 7.131994144942367164e+00 7.132251368756490351e+00 8.406078566610002412e+00 8.406498522789275896e+00 9.026539453677109748e+00 9.026568869898364156e+00 1.034225935658236750e+01 1.034235262294287594e+01 1.102763437363960719e+01 1.102773179586878172e+01 1.190104519667548644e+01 1.190105510319783733e+01 1.281690917547117259e+01 1.281695632096273130e+01 1.508185683324917292e+01 1.508208662938046807e+01 1.756302141810029482e+01 1.756307662047988671e+01 2.302823391693696564e+01 2.302831540247500897e+01
5.775125385202239253e-02 6.671548831440362592e-01 6.674133654049185793e-01 2.167675007130374532e+00 2.167967284291851815e+00 3.049060117288871830e+00 3.049308980508564471e+00 3.451967696291756038e+00 3.452081688869534482e+00 4.806417998971699745e+00 4.806563580631912025e+00 7.131196752059382860e+00 7.131452975563849606e+00 8.390272158216889764e+00 8.390609248043782387e+00 9.055455932453092771e+00 9.055493242279220922e+00 1.034151296617600480e+01 1.034159753128590786e+01 1.102590137360066080e+01 1.102598991228383518e+01 1.190950247780770610e+01 1.190951877358301303e+01 1.281478158573542814e+01 1.281483298132631532e+01 1.507383925517507350e+01 1.507404148459747972e+01 1.754843789683728872e+01 1.754849099747394803e+01 2.303322013896113418e+01 2.303328139038325162e+01
5.927102369023350831e-02 6.976483394953085782e-01 6.978163537335702049e-01 2.216888592744102660e+00 2.217200290641428762e+00 3.084509825404168737e+00 3.084788610640862405e+00 3.485425757179962059e+00 3.485586329098002700e+00 4.833736981229922236e+00 4.833882101641814977e+00 7.130200341615276827e+00 7.130453759957403825e+00 8.374306863925211175e+00 8.374658540083398606e+00 9.085351155430490877e+00 9.085399153075762513e+00 1.034089437406586676e+01 1.034097058723533813e+01 1.102415570435065106e+01 1.102424595675582175e+01 1.191813193830573425e+01 1.191815241803485215e+01 1.281234075084207191e+01 1.281239882418564591e+01 1.506574222574367461e+01 1.506592149695342187e+01 1.753341374540914899e+01 1.753346480386737838e+01 2.303825686218214486e+01 2.303830364466769609e+01
6.079079352844462408e-02 7.285032166858460556e-01 7.285998087736588191e-01 2.265527063639026562e+00 2.265857929151537054e+00 3.116492486673357654e+00 3.116794138811537884e+00 3.520776311418188254e+00 3.520989835108947474e+00 4.861573864552968693e+00 4.861717222004425132e+00 7.128995723218953806e+00 7.129244654622881150e+00 8.358238851776794931e+00 8.358671029058440283e+00 9.116190721960109045e+00 9.116251340787634661e+00 1.034040542540576446e+01 1.034047387634307036e+01 1.102240831988700798e+01 1.102250812064925967e+01 1.192691959079900954e+01 1.192694225707464639e+01 1.280957735268652264e+01 1.280964293159713741e+01 1.505757938997185263e+01 1.505774018847616880e+01 1.751795313486207206e+01 1.751800222632230586e+01 2.304333698402269093e+01 2.304337850737306681e+01
6.231056336665573986e-02 7.596839428435616659e-01 7.597534176096307768e-01 2.313580219610130939e+00 2.313929345119537739e+00 3.145369899096769117e+00 3.145683467732656613e+00 3.557662738152392201e+00 3.557932704056363971e+00 4.889899178809137936e+00 4.890039459728289017e+00 7.127573760938558323e+00 7.127816713108765079e+00 8.342127638580148385e+00 8.342661990740809941e+00 9.147939215155100001e+00 9.148013725897184756e+00 1.034004804630057883e+01 1.034010963528008276e+01 1.102067086701104337e+01 1.102078418328367704e+01 1.193585020907448424e+01 1.193587328210339749e+01 1.280648319740146412e+01 1.280655619252383737e+01 1.504936481910524826e+01 1.504951129628921080e+01 1.750206118372887687e+01 1.750210840195230944e+01 2.304845467228420830e+01 2.304850094647810366e+01
6.383033320486684870e-02 7.911600465233533663e-01 7.912615131541648195e-01 2.361037835456247791e+00 2.361403806004936712e+00 3.171543545790554308e+00 3.171858601471823302e+00 3.595691286699611577e+00 3.596017945958601025e+00 4.918681156372609387e+00 4.918817073255264738e+00 7.125925411366539564e+00 7.126161139043436066e+00 8.326019041613649918e+00 8.326655449201437520e+00 9.180559469144316864e+00 9.180648600741193377e+00 1.033982445292077479e+01 1.033988045265577327e+01 1.101895454666581742e+01 1.101908248176561500e+01 1.194490725484738824e+01 1.194492918067978415e+01 1.280305155154615449e+01 1.280313140241198511e+01 1.504111296211601356e+01 1.504124869753119498e+01 1.748574398631963334e+01 1.748578944656454581e+01 2.305360652545560285e+01 2.305366340655015733e+01
6.535010304307796447e-02 8.229302600851952088e-01 8.230789230006720913e-01 2.407889587286815125e+00 2.408270596527982477e+00 3.195413705227814205e+00 3.195721831422021708e+00 3.634473012467520192e+00 3.634853584973638529e+00 4.947885875478701401e+00 4.948016206171372389e+00 7.124041768345298564e+00 7.124269321891613771e+00 8.309950098834663734e+00 8.310680028606148184e+00 9.214011958536838520e+00 9.214115961506873731e+00 1.033973741062788143e+01 1.033978947949104565e+01 1.101726993895819184e+01 1.101741191953744270e+01 1.195407278961934772e+01 1.195409224981402474e+01 1.279927747582148356e+01 1.279936339727047923e+01 1.503283855951778669e+01 1.503296636120407115e+01 1.746900863848194874e+01 1.746905248006661893e+01 2.305878899086279432e+01 2.305885840233827366e+01
6.686987288128908025e-02 8.549801324075126940e-01 8.551733109559176427e-01 2.454124957952680486e+00 2.454518899992718328e+00 3.217350137296441481e+00 3.217645169388163140e+00 3.673653357991875534e+00 3.674082593719185219e+00 4.977477454407961410e+00 4.977601081198036681e+00 7.121914114656059169e+00 7.122132878742781337e+00 8.293953431312939273e+00 8.294765149902547208e+00 9.248254263284255927e+00 9.248372949447162483e+00 1.033979055829892246e+01 1.033984064333516173e+01 1.101562713786456982e+01 1.101578166951172477e+01 1.196332736766141380e+01 1.196334329825055853e+01 1.279515813089458831e+01 1.279524924829043186e+01 1.502455652066266367e+01 1.502467832696366301e+01 1.745186326083253903e+01 1.745190564892633844e+01 2.306399746544934004e+01 2.306407943055292975e+01
6.838964271950019602e-02 8.872877593010821684e-01 8.875194037598553853e-01 2.499733119997602504e+00 2.500137663326112314e+00 3.237676501573937937e+00 3.237954276983664670e+00 3.712927692646243560e+00 3.713398557250737309e+00 5.007418291786228437e+00 5.007534238721296660e+00 7.119533980957469588e+00 7.119743701395480961e+00 8.278058998390603662e+00 8.278939672773656611e+00 9.283240584827140651e+00 9.283373360926725937e+00 1.033998878692767320e+01 1.034003888892767087e+01 1.101403583952942533e+01 1.101420092968237086e+01 1.197264989689034920e+01 1.197266154813782535e+01 1.279069307295450741e+01 1.279078849968755804e+01 1.501628178598790520e+01 1.501639869081899548e+01 1.743431701947076107e+01 1.743435814559665786e+01 2.306922677288192247e+01 2.306932050616055818e+01
6.990941255771131180e-02 9.198296495211972790e-01 9.200930857691703713e-01 2.544702794517734734e+00 2.545115442678395290e+00 3.256665811109818787e+00 3.256923784493258811e+00 3.752045685992330348e+00 3.752550016804268918e+00 5.037669345974912005e+00 5.037776812943158156e+00 7.116893212227610732e+00 7.117094007779793507e+00 8.262294807782074813e+00 8.263231458261715900e+00 9.318921290988352979e+00 9.319067193479682487e+00 1.034033862670404602e+01 1.034039050676290827e+01 1.101250535920420681e+01 1.101267875789548789e+01 1.198201738994085552e+01 1.198202461124430407e+01 1.278588455226185694e+01 1.278598343635303003e+01 1.500802919954529635e+01 1.500814157408540872e+01 1.741638014417116764e+01 1.741642022486519181e+01 2.307447148882967625e+01 2.307457585135079725e+01
7.142918239592242757e-02 9.525817342105968866e-01 9.528703542467944487e-01 2.589022083804928709e+00 2.589440226070392814e+00 3.274542820781699337e+00 3.274779695967290571e+00 3.790808689103750684e+00 3.791337749792852208e+00 5.068190444613017043e+00 5.068288836951182041e+00 7.113984041801685976e+00 7.114176396651326506e+00 8.246687237084266542e+00 8.247667223782761070e+00 9.355242466544632762e+00 9.355400200027997215e+00 1.034084862052548814e+01 1.034090359169722007e+01 1.101104460883144753e+01 1.101122395543182897e+01 1.199140407032994737e+01 1.199140907280311019e+01 1.278073782119195023e+01 1.278083937399903647e+01 1.499981340369949301e+01 1.499992106560893745e+01 1.739806394400887513e+01 1.739810321716363006e+01 2.307972607645585938e+01 2.307983977512833818e+01
7.294895223413354335e-02 9.855195796612488124e-01 9.858270756310630878e-01 2.632678274908423433e+00 2.633099229174209466e+00 3.291489847018533421e+00 3.291705276512950640e+00 3.829063665456545973e+00 3.829608582603980960e+00 5.098940614019045192e+00 5.099029566739132768e+00 7.110799172626381726e+00 7.110983904675411971e+00 8.231261190941101091e+00 8.232272487794293880e+00 9.392145445380229773e+00 9.392313425090661028e+00 1.034152973533675635e+01 1.034158860598480700e+01 1.100966205793988451e+01 1.100984497831377951e+01 1.200078161092288553e+01 1.200078990459720529e+01 1.277526145421692760e+01 1.277536496756432527e+01 1.499164875320889223e+01 1.499175114214886051e+01 1.737938082030272824e+01 1.737941953897014713e+01 2.308498494514500621e+01 2.308510663048018685e+01
7.446872207234465912e-02 1.018618442562897464e+00 1.018938903674247110e+00 2.675657610348127324e+00 2.676078659740492860e+00 3.307653703573010695e+00 3.307848060656209732e+00 3.866696013205439542e+00 3.867248104944192466e+00 5.129878417476791519e+00 5.129957813549963497e+00 7.107331864384812903e+00 7.107510065687376866e+00 8.216040176992759569e+00 8.217071537761912126e+00 9.429566298264422386e+00 9.429742696151343750e+00 1.034239588267011811e+01 1.034245900818797281e+01 1.100836568977684493e+01 1.100854986590386986e+01 1.201012273111532203e+01 1.201013648101397990e+01 1.276946767983825204e+01 1.276957253465778308e+01 1.498354924015443679e+01 1.498364557771365391e+01 1.736034427669419244e+01 1.736038270053317589e+01 2.309024248069256302e+01 2.309037080084757676e+01
7.598849191055577490e-02 1.051853284577497716e+00 1.052181242463284150e+00 2.717945021147512019e+00 2.718363445382644628e+00 3.323152485113126442e+00 3.323326696163727778e+00 3.903622569462519731e+00 3.904173585252815215e+00 5.160962291479338049e+00 5.161032273849158081e+00 7.103576023698471076e+00 7.103748973052400828e+00 8.201046336032963069e+00 8.202087399439918158e+00 9.467435247394623943e+00 9.467618040978454275e+00 1.034346458269083868e+01 1.034353195500166045e+01 1.100716295876936002e+01 1.100734618210427129e+01 1.201939689717262105e+01 1.201941645576953022e+01 1.276337272261392108e+01 1.276347839062318812e+01 1.497552842241551119e+01 1.497561785152588421e+01 1.734096892615477259e+01 1.734100731119396954e+01 2.309549306434900728e+01 2.309562669845182015e+01
7.750826174876689068e-02 1.085198774704795532e+00 1.085529225527076980e+00 2.759523816103992111e+00 2.759936918377427162e+00 3.338081635972843575e+00 3.338237056211065479e+00 3.939785380185278019e+00 3.940327670896044854e+00 5.192150869829506910e+00 5.192211846662292629e+00 7.099526293172457869e+00 7.099695347179203253e+00 8.186300443982355901e+00 8.187341800947152137e+00 9.505675974918997184e+00 9.505862998003539843e+00 1.034475778316652139e+01 1.034482911592976073e+01 1.100606075256722605e+01 1.100624096720365408e+01 1.202857018954042978e+01 1.202859544056056151e+01 1.275699715151837310e+01 1.275710319076906885e+01 1.496759935126661567e+01 1.496768106147974109e+01 1.732127049476833136e+01 1.732130908255248514e+01 2.310073108723226554e+01 2.310086876788472310e+01
7.902803158697800645e-02 1.118629287884066015e+00 1.118957702077681748e+00 2.800375319771743143e+00 2.800780449849375131e+00 3.352519145340174145e+00 3.352657461502658975e+00 3.975146414781625559e+00 3.975673049171640550e+00 5.223403287143832507e+00 5.223455928692375849e+00 7.095178134571535900e+00 7.095344610423024001e+00 8.171821895888825793e+00 8.172855130863153406e+00 9.544204787935203882e+00 9.544393782266608284e+00 1.034630285032191921e+01 1.034637764634088875e+01 1.100506536052804485e+01 1.100524069970402863e+01 1.203760562144264945e+01 1.203763621058113564e+01 1.275036622855367519e+01 1.275047227348547274e+01 1.495977449510459500e+01 1.495984784852103644e+01 1.730126582226567322e+01 1.730130482960639071e+01 2.310595096272438198e+01 2.310609149225784620e+01
8.054780142518912223e-02 1.152118902598015193e+00 1.152441226971072208e+00 2.840478450039856995e+00 2.840873024236222122e+00 3.366529911059413571e+00 3.366653056098256158e+00 4.009683203198521895e+00 4.010188043332978403e+00 5.254679455838065394e+00 5.254724678248086533e+00 7.090527902678675609e+00 7.090692970082821844e+00 8.157628678769698993e+00 8.158646391790112418e+00 9.582929597558187851e+00 9.583118264605964498e+00 1.034813376167053178e+01 1.034821136247236595e+01 1.100418244977695537e+01 1.100435126807609620e+01 1.204646298117882353e+01 1.204649837955739144e+01 1.274351024852116510e+01 1.274361599527047417e+01 1.495206565541326604e+01 1.495213033822399140e+01 1.728097285944840067e+01 1.728101246984401484e+01 2.311114713796814257e+01 2.311128940069111692e+01
8.206757126340023800e-02 1.185641398323993956e+00 1.185954052770902267e+00 2.879809224580902605e+00 2.880190743435558254e+00 3.380169396974770368e+00 3.380279464120867328e+00 4.043385289556862716e+00 4.043863034681239199e+00 5.285940313836326787e+00 5.285979239502183624e+00 7.085572909062983982e+00 7.085737507304488147e+00 8.143737338397496472e+00 8.144733151681320393e+00 9.621748665855616167e+00 9.621934718034163225e+00 1.035029254011645428e+01 1.035037216146006500e+01 1.100341704955767774e+01 1.100357795269883354e+01 1.205509861542180694e+01 1.205513814991739707e+01 1.273646485692655972e+01 1.273657004494157441e+01 1.494448386843389187e+01 1.494454010835424462e+01 1.726041066275946534e+01 1.726045102015816113e+01 2.311631410495586891e+01 2.311645707653286763e+01
8.358734110161135378e-02 1.219170252934397292e+00 1.219470122953907998e+00 2.918340184131184234e+00 2.918706248841548501e+00 3.393486729286153913e+00 3.393585877268779250e+00 4.076251373565460412e+00 4.076697579733431276e+00 5.317148042367676020e+00 5.317181920320672717e+00 7.080311477541362031e+00 7.080476266999616186e+00 8.130162944176547057e+00 8.131131495525629305e+00 9.660549074338865339e+00 9.660730285191394984e+00 1.035283097105600980e+01 1.035291172820588912e+01 1.100277354432966703e+01 1.100292541840223137e+01 1.206346522495545948e+01 1.206350809986995110e+01 1.272927132792467830e+01 1.272937571931898404e+01 1.493703928866333897e+01 1.493708818836814523e+01 1.723959938629396049e+01 1.723964059141027860e+01 2.312144641142302603e+01 2.312158916597174851e+01
8.510711093982246955e-02 1.252678639830080876e+00 1.252963065557680222e+00 2.956039720153550210e+00 2.956388049232891557e+00 3.406527367835349374e+00 3.406617718174143050e+00 4.108287016075918174e+00 4.108698097355666157e+00 5.348266249931979743e+00 5.348296323928376061e+00 7.074742994053895728e+00 7.074908342900489089e+00 8.116919055659172599e+00 8.117855980008858552e+00 9.699204876110666618e+00 9.699379129255508047e+00 1.035581263660998097e+01 1.035589356247529302e+01 1.100225567590262443e+01 1.100239771811799194e+01 1.207151170501744630e+01 1.207155702145369602e+01 1.272197677787251280e+01 1.272208013630037193e+01 1.492974109278386585e+01 1.492978505407090140e+01 1.721856027150056079e+01 1.721860238051185732e+01 2.312653867162649135e+01 2.312668038682585347e+01
8.662688077803358533e-02 1.286139424449934232e+00 1.286406186694589060e+00 2.992871296054310015e+00 2.993199744341659141e+00 3.419335465999509882e+00 3.419419007446426129e+00 4.139502800867875365e+00 4.139876017159672905e+00 5.379260107343273312e+00 5.379287449259756215e+00 7.068867952780305330e+00 7.069033952827345146e+00 8.104017693814247636e+00 8.104919593669855260e+00 9.737574919343270352e+00 9.737740256359854740e+00 1.035931527578002687e+01 1.035939533448800987e+01 1.100186655485398113e+01 1.100199830814792179e+01 1.207918306329017000e+01 1.207922983845391407e+01 1.271463428245425931e+01 1.271473635351403253e+01 1.492259757850744961e+01 1.492264044448005755e+01 1.719731563473753155e+01 1.719735865996068469e+01 2.313158557701898133e+01 2.313172553735442705e+01
8.814665061624468723e-02 1.319525159739919129e+00 1.319772463426688525e+00 3.028792556737214703e+00 3.029099139949032793e+00 3.431956007404381115e+00 3.432034536127622992e+00 4.169912862679990617e+00 4.170246299100092813e+00 5.410096412887243744e+00 5.410121783616629543e+00 7.062687998594346261e+00 7.062854501163042364e+00 8.091469319785291603e+00 8.092333724878177037e+00 9.775500387019199877e+00 9.775655054963715784e+00 1.036343342204720308e+01 1.036351152056103864e+01 1.100160868166588379e+01 1.100173007538202263e+01 1.208642045600221415e+01 1.208646764349314395e+01 1.270730285674231652e+01 1.270740335194690296e+01 1.491561660284454938e+01 1.491566285757065380e+01 1.717588885276004618e+01 1.717593276483740539e+01 2.313658190679558402e+01 2.313671950496970098e+01
8.966642045445580300e-02 1.352808080155227799e+00 1.353034535562460006e+00 3.063754334129684676e+00 3.064037263893349294e+00 3.444436781876796250e+00 3.444511907977687137e+00 4.199533707943983174e+00 4.199826251653588471e+00 5.440743586900855355e+00 5.440767393276730424e+00 7.056205964516290230e+00 7.056372627298732603e+00 8.079282823504380318e+00 8.080108139706032588e+00 9.812802209395801611e+00 9.812944709332883875e+00 1.036828115815719009e+01 1.036835615944584355e+01 1.100148397874102990e+01 1.100159537616717742e+01 1.209316139140102564e+01 1.209320790321896766e+01 1.270004724869983725e+01 1.270014583487896509e+01 1.490880583230642209e+01 1.490885925320515604e+01 1.715430434614785682e+01 1.715434907730545078e+01 2.314152253826677352e+01 2.314165727474361844e+01
9.118619029266691878e-02 1.385960093780693070e+00 1.386164696006986441e+00 3.097699581465118257e+00 3.097957318717958763e+00 3.456830231136530873e+00 3.456903465390326335e+00 4.228383268152509089e+00 4.228634591316904334e+00 5.471171624362500374e+00 5.471193990063443202e+00 7.049425902189245363e+00 7.049592239918589520e+00 8.067465524125820409e+00 8.068250971461779386e+00 9.849278702383656992e+00 9.849407841253311702e+00 1.037399463049218795e+01 1.037406537405340856e+01 1.100149383624214927e+01 1.100159608493909857e+01 1.209934015776990712e+01 1.209938488870122875e+01 1.269293748893870877e+01 1.269303378458699605e+01 1.490217235443973287e+01 1.490223541426491671e+01 1.713258756063869370e+01 1.713263300866408656e+01 2.314640245699923682e+01 2.314653393761807720e+01
9.270596013087803455e-02 1.418952772180260169e+00 1.419134879394913451e+00 3.130562313762686788e+00 3.130793653452500713e+00 3.469195143988135666e+00 3.469268046902625802e+00 4.256480135414651755e+00 4.256690700074917011e+00 5.501352032597443653e+00 5.501372954386608782e+00 7.042353103498867561e+00 7.042518537505973342e+00 8.056023183790728126e+00 8.056768723313442848e+00 9.884704099490512874e+00 9.884819048833710653e+00 1.038073364963308087e+01 1.038079899007271756e+01 1.100163917803282310e+01 1.100173364773633189e+01 1.210488853764080197e+01 1.210493039277918292e+01 1.268604813534464348e+01 1.268614171495366705e+01 1.489572227636578106e+01 1.489579634032318545e+01 1.711076494630624367e+01 1.711081097898641445e+01 2.315121676665444994e+01 2.315134469823857444e+01
9.422572996908915033e-02 1.451757337595082298e+00 1.451916648873970317e+00 3.162266704966377961e+00 3.162470913781874948e+00 3.481598098101259087e+00 3.481672437240239670e+00 4.283842933645883200e+00 4.284014052450895171e+00 5.531257758024785254e+00 5.531277318882998451e+00 7.034994111973507103e+00 7.035158015662990039e+00 8.044960035716858471e+00 8.045666285076944035e+00 9.918829087145114798e+00 9.918929453619696801e+00 1.038868125870870784e+01 1.038874014343394947e+01 1.100192055776450495e+01 1.100200913247129009e+01 1.210973686751043132e+01 1.210977479399730683e+01 1.267945715374588112e+01 1.267954756060572841e+01 1.488946065104592620e+01 1.488954633275263717e+01 1.708886393450221064e+01 1.708891039434140069e+01 2.315596069844452742e+01 2.315608488234668627e+01
9.574549980730026610e-02 1.484344647059684608e+00 1.484481181140375528e+00 3.192726601312187107e+00 3.192903645255505740e+00 3.494114419911789060e+00 3.494192256312551148e+00 4.310489770764488249e+00 4.310623806831444860e+00 5.560863100209018306e+00 5.560881722394094950e+00 7.027356723283060269e+00 7.027518461980362119e+00 8.034278827027033998e+00 8.034946964897724087e+00 9.951384954551285134e+00 9.951470868318370577e+00 1.039803964361359334e+01 1.039809127333221994e+01 1.100233829350334069e+01 1.100242327024935918e+01 1.211381548903577787e+01 1.211384851418768704e+01 1.267324438909823137e+01 1.267333115644776598e+01 1.488339154177461410e+01 1.488348896000227128e+01 1.706691291246106701e+01 1.706695962155736268e+01 2.316062962011229942e+01 2.316074994368368323e+01
9.726526964551138188e-02 1.516685172750682931e+00 1.516799250283315414e+00 3.221845855511456413e+00 3.221996776932936957e+00 3.506828261618459841e+00 3.506911896226038827e+00 4.336437678419666319e+00 4.336538606564954712e+00 5.590143644400241918e+00 5.590162310641959564e+00 7.019449974850309637e+00 7.019608939391784652e+00 8.023980876094457315e+00 8.024612536232019977e+00 9.982093292249132332e+00 9.982165518177373187e+00 1.040902042380321468e+01 1.040906458840183646e+01 1.100289263309102772e+01 1.100297649930250721e+01 1.211705660880884672e+01 1.211708389061033131e+01 1.266748960951688119e+01 1.266757228926103274e+01 1.487751809631995492e+01 1.487762703051217805e+01 1.704494119544417785e+01 1.704498796044185482e+01 2.316521904432867274e+01 2.316533547037972340e+01
9.878503948372249766e-02 1.548748976999979154e+00 1.548841212108861498e+00 3.249520050362605161e+00 3.249647568427660005e+00 3.519831205270063990e+00 3.519922975309697666e+00 4.361701858095892170e+00 4.361776733602964029e+00 5.619076281429769004e+00 5.619096521520254406e+00 7.011284125239487963e+00 7.011439759224044721e+00 8.014066143528172148e+00 8.014663300238586530e+00 1.001068284077114789e+01 1.001074290614143436e+01 1.042182768815870553e+01 1.042186544234453649e+01 1.100358391783603373e+01 1.100366904918359268e+01 1.211939653382481019e+01 1.211941744502311380e+01 1.266227015010346157e+01 1.266234834758729555e+01 1.487184260923570633e+01 1.487196259332472437e+01 1.702297899626915978e+01 1.702302561332623654e+01 2.316972463638623481e+01 2.316983719082602278e+01
1.003048093219336134e-01 1.580505677305422019e+00 1.580576993958028975e+00 3.275640335511999623e+00 3.275749640667263929e+00 3.533218697349397086e+00 3.533320684849665216e+00 4.386294870654519507e+00 4.386356446991638514e+00 5.647639271728867705e+00 5.647662804039171647e+00 7.002870624576294389e+00 7.003022445491264847e+00 8.004533315305355501e+00 8.005098163399795297e+00 1.003691350165235008e+01 1.003696378829225289e+01 1.043663386932306913e+01 1.043666853731840938e+01 1.100441271427918899e+01 1.100450110272905846e+01 1.212077816002486230e+01 1.212079250268466879e+01 1.265765824342718737e+01 1.265773165595095406e+01 1.486636657729478905e+01 1.486649695976807095e+01 1.700105739203759470e+01 1.700110365175886429e+01 2.317414222105782429e+01 2.317425097904951414e+01
1.018245791601447292e-01 1.611924384397608989e+00 1.611976107572717920e+00 3.300100215678705595e+00 3.300199380186284337e+00 3.547083744712102860e+00 3.547197486830230062e+00 4.410228527806251186e+00 4.410293723411944811e+00 5.675812149498811188e+00 5.675840479586770293e+00 6.994222077779867597e+00 6.994369692346394274e+00 7.995379896064934933e+00 7.995914729855550185e+00 1.006060447173298300e+01 1.006064810546330435e+01 1.045355218723387303e+01 1.045358940539038350e+01 1.100537992733233494e+01 1.100547303244343311e+01 1.212115332584416194e+01 1.212116224418539367e+01 1.265371819165953760e+01 1.265378664752867799e+01 1.486109075336120711e+01 1.486123073901927860e+01 1.697920828783501435e+01 1.697925398012424836e+01 2.317846778848592848e+01 2.317857285962350034e+01
1.033443489983558450e-01 1.642973537265214112e+00 1.643007761997371308e+00 3.322805783299302540e+00 3.322904371455672301e+00 3.561507814775350944e+00 3.561634084944194978e+00 4.433517725147054556e+00 4.433598141026199535e+00 5.703575474876259932e+00 5.703609741166114411e+00 6.985352202851835557e+00 6.985495316966521706e+00 7.986602310300776608e+00 7.987109407494902058e+00 1.008165989386480277e+01 1.008170018581202498e+01 1.047261238282433204e+01 1.047265772342868395e+01 1.100648694342035938e+01 1.100658567623283268e+01 1.212048446251698053e+01 1.212049332780279975e+01 1.265050359842367378e+01 1.265056709232151810e+01 1.485601520136652276e+01 1.485616388286335621e+01 1.695746437713641086e+01 1.695750929592053780e+01 2.318269749898149001e+01 2.318279901215051808e+01
1.048641188365669608e-01 1.673620242472102726e+00 1.673641470364837680e+00 3.343687818788415811e+00 3.343793660895216124e+00 3.576549844724540517e+00 3.576688546123780732e+00 4.456176730042662015e+00 4.456276378527348037e+00 5.730910614385329005e+00 5.730951612609084478e+00 6.976275786867462969e+00 6.976414210487605239e+00 7.978196009193752936e+00 7.978677526274211118e+00 1.010008360786426529e+01 1.010012316710252911e+01 1.049374580684573743e+01 1.049380284323138213e+01 1.100773584274777228e+01 1.100784063171389882e+01 1.211875031455500462e+01 1.211876479850086241e+01 1.264805491877768873e+01 1.264811363805793931e+01 1.485113935326830514e+01 1.485129573667047609e+01 1.693585909860785321e+01 1.693590304638228261e+01 2.318682768663928684e+01 2.318692577533863641e+01
1.063838886747780765e-01 1.703828911719055039e+00 1.703848358095263915e+00 3.362712149044865484e+00 3.362829269223208239e+00 3.592235468148178956e+00 3.592385662706950811e+00 4.478216125197984177e+00 4.478335117285912048e+00 5.757799585364284489e+00 5.757847833176269248e+00 6.967008642648215400e+00 6.967142289908584196e+00 7.970155581088297581e+00 7.970613466546919490e+00 1.011597705727980490e+01 1.011601726124131773e+01 1.051678610547709170e+01 1.051685658993603312e+01 1.100912969473991510e+01 1.100924057972840764e+01 1.211594795872185948e+01 1.211596954412207339e+01 1.264639758647081358e+01 1.264645192160675613e+01 1.484646206792329970e+01 1.484662509453325008e+01 1.691442658895315532e+01 1.691446938109236697e+01 2.319085486172401644e+01 2.319094965066278391e+01
1.079036585129891784e-01 1.733566910364041203e+00 1.733595461587530417e+00 3.379886216549703892e+00 3.380015175179412523e+00 3.608549385110532803e+00 3.608709457161165979e+00 4.499643458000447183e+00 4.499780288159049846e+00 5.784224921063669811e+00 5.784280710788555879e+00 6.957567569358821480e+00 6.957696454148025289e+00 7.962474864046837908e+00 7.962910794511664392e+00 1.012952098305419923e+01 1.012956212417547874e+01 1.054148668683854950e+01 1.054157121464865732e+01 1.101067294192722379e+01 1.101078966477667720e+01 1.211209012759497483e+01 1.211211887844842217e+01 1.264554092926523765e+01 1.264559146071456475e+01 1.484198169134976375e+01 1.484215025699541712e+01 1.689320163141489672e+01 1.689324310018612607e+01 2.319477571183761100e+01 2.319486730556167942e+01
1.094234283512002942e-01 1.762804958357683915e+00 1.762845278057378229e+00 3.395260675668112071e+00 3.395399819208273051e+00 3.625433462113878402e+00 3.625601378977636902e+00 4.520463887617513166e+00 4.520616365019323624e+00 5.810169532185280872e+00 5.810232966966728974e+00 6.947970320466038352e+00 6.948094547662822862e+00 7.955147059338124826e+00 7.955562401377676451e+00 1.014094760752136359e+01 1.014098933655454005e+01 1.056754813178259411e+01 1.056764658225073816e+01 1.101237188422302893e+01 1.101249396413589565e+01 1.210720617546590283e+01 1.210724168495203124e+01 1.264547798940527734e+01 1.264552544434903503e+01 1.483769611765077734e+01 1.483786909008510513e+01 1.687221959950331041e+01 1.687225959771366490e+01 2.319858710193568996e+01 2.319867557608182551e+01
1.109431981894114100e-01 1.791510532887358620e+00 1.791562319663411174e+00 3.408924922192595464e+00 3.409071481292856198e+00 3.642791447792286252e+00 3.642965047253977851e+00 4.540680442975457254e+00 4.540846087820935573e+00 5.835616558717332758e+00 5.835687577442580931e+00 6.938235582620123409e+00 6.938355335229138277e+00 7.948164844976657761e+00 7.948560642656611996e+00 1.015051176438169200e+01 1.015055347168254940e+01 1.059464667977463392e+01 1.059475847065782794e+01 1.101423528708032329e+01 1.101436207943039136e+01 1.210134160214251331e+01 1.210138321451155718e+01 1.264618624543601477e+01 1.264623142405653233e+01 1.483360284980532917e+01 1.483377908455394412e+01 1.685151639549868108e+01 1.685155479969630221e+01 2.320228607330596660e+01 2.320237146885178348e+01
1.124629680276225258e-01 1.819649376158480214e+00 1.819711571258688210e+00 3.420997495913944419e+00 3.421148340696710477e+00 3.660498932000543437e+00 3.660676161985235932e+00 4.560294133779448700e+00 4.560470370469809964e+00 5.860549210786213159e+00 5.860627606594277061e+00 6.928382969081208209e+00 6.928498491642965718e+00 7.941520488459117288e+00 7.941897474173349458e+00 1.015846728229517915e+01 1.015850833034490108e+01 1.062245728241033405e+01 1.062258152433378022e+01 1.101627514848070888e+01 1.101640588924073860e+01 1.209455650667861448e+01 1.209460340738736583e+01 1.264762911222277886e+01 1.264767279506686748e+01 1.482969905954534973e+01 1.482987741437088047e+01 1.683112838325201110e+01 1.683116509638973923e+01 2.320586984164701860e+01 2.320595216226294610e+01
1.139827378658336415e-01 1.847186329023073670e+00 1.847257634150745842e+00 3.431614118399575197e+00 3.431766223712591213e+00 3.678415649146113964e+00 3.678594712082919216e+00 4.579304020875714087e+00 4.579488285716747598e+00 5.884950597459036814e+00 5.885036032792434924e+00 6.918433031322332560e+00 6.918544610212853385e+00 7.935205957677214705e+00 7.935564581883728152e+00 1.016505123889924178e+01 1.016509107795116051e+01 1.065066852171582390e+01 1.065080411706243879e+01 1.101850767018270894e+01 1.101864150867717207e+01 1.208692342732251390e+01 1.208697470170153920e+01 1.264975800831677688e+01 1.264980086771839574e+01 1.482598164559233922e+01 1.482616099365044349e+01 1.681109231480109401e+01 1.681112726825511317e+01 2.320933579438773009e+01 2.320941500674716451e+01
1.155025077040447573e-01 1.874085505850902944e+00 1.874164543898011459e+00 3.440916317205272801e+00 3.441067011939972886e+00 3.696397141651103002e+00 3.696576536805450619e+00 4.597707282150007124e+00 4.597897090140670606e+00 5.908803541803764325e+00 5.908895561637046434e+00 6.908407292412240608e+00 6.908515233969066749e+00 7.929213028742896796e+00 7.929553503255463376e+00 1.017047567044449963e+01 1.017051388260744105e+01 1.067898975760668812e+01 1.067913546461023522e+01 1.102095448688650769e+01 1.102109050891077757e+01 1.207852485994222036e+01 1.207857954053452687e+01 1.265251474241166818e+01 1.265255728155370285e+01 1.482244728960909264e+01 1.482262653131973451e+01 1.679144525032330648e+01 1.679147840514018242e+01 2.321268148737272341e+01 2.321275752407530391e+01
1.170222775422558731e-01 1.900310347019784629e+00 1.900395729502932785e+00 3.449042568846488077e+00 3.449189636238683132e+00 3.714303836743604759e+00 3.714482325648866823e+00 4.615499286801139966e+00 4.615692276068060984e+00 5.932090379949403136e+00 5.932188424050759856e+00 6.898328305725712539e+00 6.898432913470527339e+00 7.923533389265055682e+00 7.923855738655565695e+00 1.017492484720159851e+01 1.017496115148739300e+01 1.070715234916522540e+01 1.070730682125983968e+01 1.102364420840827464e+01 1.102378145074857763e+01 1.206945071074361131e+01 1.206950781748783008e+01 1.265583398166924844e+01 1.265587651209957976e+01 1.481909250931947142e+01 1.481927058295083732e+01 1.677222447096785629e+01 1.677225581819190481e+01 2.321590464101268836e+01 2.321597740564274659e+01
1.185420473804669889e-01 1.925823652146175347e+00 1.925914014914160033e+00 3.456122585903016464e+00 3.456264271625408391e+00 3.732006907734078727e+00 3.732183440245731010e+00 4.632673682924477454e+00 4.632867645316052219e+00 5.954792741533418976e+00 5.954896156188810963e+00 6.888219742435810033e+00 6.888321294910577208e+00 7.918158735553106453e+00 7.918462851786577161e+00 1.017855602203425924e+01 1.017859025996360600e+01 1.073490701135826164e+01 1.073506881638899024e+01 1.102661431330459330e+01 1.102675176962394055e+01 1.205979589173529654e+01 1.205985446556018381e+01 1.265964560737831235e+01 1.265968825971662071e+01 1.481591370835356081e+01 1.481608959930412794e+01 1.675346738414690151e+01 1.675349694406163437e+01 2.321900313597075183e+01 2.321907250975157311e+01
1.200618172186781046e-01 1.950587617900951809e+00 1.950681643283050715e+00 3.462274424697352693e+00 3.462409396197713818e+00 3.749391249638692969e+00 3.749564884055757830e+00 4.649222500370251865e+00 4.649415402507568018e+00 5.976891308802179559e+00 5.976999358203883617e+00 6.878106511067876738e+00 6.878205241863459385e+00 7.913080862312521724e+00 7.913366558677878970e+00 1.018150198099627168e+01 1.018153409367892692e+01 1.076201900303087555e+01 1.076218662366194323e+01 1.102991337370015756e+01 1.103004999077559134e+01 1.204965820469627324e+01 1.204971733450883775e+01 1.266387682041666451e+01 1.266391957453961048e+01 1.481290722248276381e+01 1.481307997124414300e+01 1.673521142091968272e+01 1.673523924103100313e+01 2.322197500843385853e+01 2.322204085793704564e+01
1.215815870568892204e-01 1.974563888518780397e+00 1.974660320357850773e+00 3.467603667712146454e+00 3.467730953993890974e+00 3.766356325652885584e+00 3.766526164467705939e+00 4.665136269526658275e+00 4.665326266705569047e+00 5.998365551786071670e+00 5.998477429169382091e+00 6.868014912045076414e+00 6.868110993425657895e+00 7.908291743616302938e+00 7.908558805073415243e+00 1.018387428378821546e+01 1.018390428635993672e+01 1.078826242740251473e+01 1.078843424225173209e+01 1.103360344445604646e+01 1.103373810718803583e+01 1.203913659438864059e+01 1.203919543763270994e+01 1.266845391840704238e+01 1.266849664005599152e+01 1.481006936201470481e+01 1.481023807079983534e+01 1.671749392517399713e+01 1.671752007678534113e+01 2.322481844500294557e+01 2.322488063041431872e+01
1.231013568951003362e-01 1.997713623202891586e+00 1.997811277422639975e+00 3.472203903674605296e+00 3.472322832612990240e+00 3.782815671445013628e+00 3.782980822003259913e+00 4.680404155944370537e+00 4.680589600366345415e+00 6.019193437491037635e+00 6.019308276044636585e+00 6.857972829488399036e+00 6.858066360622513180e+00 7.903783604237070826e+00 7.904031832294506010e+00 1.018576655031754363e+01 1.018579450697716382e+01 1.081341476804163015e+01 1.081358901325721789e+01 1.103776213770106551e+01 1.103789364201865908e+01 1.202832979553209647e+01 1.202838759280571423e+01 1.267330371950511747e+01 1.267334619509473548e+01 1.480739645021772155e+01 1.480756028824457182e+01 1.670035203439576321e+01 1.670037660769634869e+01 2.322753177723000562e+01 2.322759016074009963e+01
1.246211267333114520e-01 2.019997583432348698e+00 2.020095355383171754e+00 3.476157884715229685e+00 3.476268026410980649e+00 3.798695684539328266e+00 3.798855244952930921e+00 4.695014110197987200e+00 4.695193554534969671e+00 6.039351112072336214e+00 6.039467995622381125e+00 6.848009961364176945e+00 6.848100961653141638e+00 7.899548980758168248e+00 7.899778231831010800e+00 1.018725747150993399e+01 1.018728347312317872e+01 1.083725303941935358e+01 1.083742775435080574e+01 1.104248332297575530e+01 1.104261033952377780e+01 1.201733535624722293e+01 1.201739144069312104e+01 1.267835464818762503e+01 1.267839661423451325e+01 1.480488485773767593e+01 1.480504306516586333e+01 1.668382255192106456e+01 1.668384564964731709e+01 2.323011347583068797e+01 2.323016792979485601e+01
1.261408965715225816e-01 2.041376242685828846e+00 2.041473111939480667e+00 3.479538937802379106e+00 3.479640057186995872e+00 3.813934124899878153e+00 3.814087190643907999e+00 4.708953031941777390e+00 4.709125228976032140e+00 6.058812556683534467e+00 6.058930530143633142e+00 6.838158087178861422e+00 6.838246494646528895e+00 7.895580772212699827e+00 7.895790989054206399e+00 1.018841341747350171e+01 1.018843756306950077e+01 1.085955363828205300e+01 1.085972660939712675e+01 1.104787448658244031e+01 1.104799552763343051e+01 1.200624899394288470e+01 1.200630279622551200e+01 1.268353752394175871e+01 1.268357869043135722e+01 1.480253103305290807e+01 1.480268292357979476e+01 1.666794181069602132e+01 1.666796354063534480e+01 2.323256214460657532e+01 2.323261255919532076e+01
1.276606664097336696e-01 2.061809920756694670e+00 2.061904953767828008e+00 3.482412376215792360e+00 3.482504395264387931e+00 3.828478581880617959e+00 3.828624266748057003e+00 4.722206946721104082e+00 4.722370845636626235e+00 6.077549220385767725e+00 6.077667299967022707e+00 6.828451369542996474e+00 6.828537043820492869e+00 7.891872280303292797e+00 7.892063516566926396e+00 1.018929062238576222e+01 1.018931300540954155e+01 1.088009888154958915e+01 1.088026761750310456e+01 1.105404777272981320e+01 1.105416119173664846e+01 1.199516422549908867e+01 1.199521527517342356e+01 1.268878610584566147e+01 1.268882617419075842e+01 1.480033152908601224e+01 1.480047649121910247e+01 1.665274552873977143e+01 1.665276599559769721e+01 2.323487651411898725e+01 2.323492280424814638e+01
1.291804362479447854e-01 2.081258944463424854e+00 2.081351295400103218e+00 3.484836776795831259e+00 3.484919745373928457e+00 3.842285041537666590e+00 3.842422506766472345e+00 4.734761193740024687e+00 4.734915933526200327e+00 6.095529637488795061e+00 6.095646820671674071e+00 6.818926681755955066e+00 6.819009410916249792e+00 7.888417239521481328e+00 7.888589677818745649e+00 1.018993697685430533e+01 1.018995767653403739e+01 1.089869334502007803e+01 1.089885513641917569e+01 1.106110155104430959e+01 1.106120562247721573e+01 1.198417220833403007e+01 1.198422013233104977e+01 1.269403744808343504e+01 1.269407612471348479e+01 1.479828302615207747e+01 1.479842052318641343e+01 1.663826865673626187e+01 1.663828795411481565e+01 2.323705543516409833e+01 2.323709754655347126e+01
1.307002060861559012e-01 2.099683836078576782e+00 2.099772746068454321e+00 3.486865064769442579e+00 3.486939138664369331e+00 3.855316612018498734e+00 3.855445098405914095e+00 4.746600622466449870e+00 4.746745522803569983e+00 6.112719042350255982e+00 6.112834317631245185e+00 6.809623947747033057e+00 6.809703458118287145e+00 7.885209837710202230e+00 7.885363801717595322e+00 1.019039347875214219e+01 1.019041255637162102e+01 1.091519060890728809e+01 1.091534272508696191e+01 1.106909186922922217e+01 1.106918499285764845e+01 1.197336172884880412e+01 1.197340624768451889e+01 1.269923211714964850e+01 1.269926912370434557e+01 1.479638235147184666e+01 1.479651192021484007e+01 1.662454521847533329e+01 1.662456342182272806e+01 2.323909787210738642e+01 2.323913578636517485e+01
1.322199759243670170e-01 2.117045530164998635e+00 2.117130325177310812e+00 3.488545391906692661e+00 3.488610816542520698e+00 3.867542421247933682e+00 3.867661280272368884e+00 4.757709795686579923e+00 4.757844345606563330e+00 6.129079002359647532e+00 6.129191358799889855e+00 6.800586472884754485e+00 6.800662440963499478e+00 7.882244727797562689e+00 7.882380689063005264e+00 1.019069539749584585e+01 1.019071289683172132e+01 1.092952450112461982e+01 1.092966452012391265e+01 1.107799972012212031e+01 1.107808073709758823e+01 1.196281927689998348e+01 1.196286019908569997e+01 1.270431431393561184e+01 1.270434939481082637e+01 1.479462649551539855e+01 1.479474774381717239e+01 1.661160814520874851e+01 1.661162530653063030e+01 2.324100289614101911e+01 2.324103663481075799e+01
1.337397457625781327e-01 2.133305618698058570e+00 2.133385706268402959e+00 3.489921816883892358e+00 3.489978915347746291e+00 3.878936678890419376e+00 3.879045399943778172e+00 4.768073196410047565e+00 4.768197040962331990e+00 6.144567099852551451e+00 6.144675536472597344e+00 6.791861234064532127e+00 6.791933299711971017e+00 7.879517031577631947e+00 7.879635611707517029e+00 1.019087320302349475e+01 1.019088915383510141e+01 1.094173124537938513e+01 1.094185740995375333e+01 1.108770779154569297e+01 1.108777629849884327e+01 1.195262914748568406e+01 1.195266636249484549e+01 1.270923193522061823e+01 1.270926486297260816e+01 1.479301262546679219e+01 1.479312522863247281e+01 1.659948910534211564e+01 1.659950525020966339e+01 2.324276967853337794e+01 2.324279930607101008e+01
1.352595156007892485e-01 2.148426623357301057e+00 2.148501488356132416e+00 3.491034807468314405e+00 3.491083971659309615e+00 3.889477884973985056e+00 3.889576116648435722e+00 4.777675435880862409e+00 4.777788360984605909e+00 6.159136706028196961e+00 6.159240241112438952e+00 6.783499085110645588e+00 6.783566865304545779e+00 7.877022336528327173e+00 7.877124305417622985e+00 1.019095330403245825e+01 1.019096772734215151e+01 1.095194835081674789e+01 1.095205978321948947e+01 1.109800090565360087e+01 1.109805739790393098e+01 1.194287351293737132e+01 1.194290698298048170e+01 1.271393660065938036e+01 1.271396717957346922e+01 1.479153809611379700e+01 1.479164179229511156e+01 1.658821833120139999e+01 1.658823345822743889e+01 2.324439748394243566e+01 2.324442310961559244e+01
1.367792854390003643e-01 2.162372292700611265e+00 2.162441492343084803e+00 3.491921588079094807e+00 3.491963271968833826e+00 3.899148164930570371e+00 3.899235728893329700e+00 4.786501459869380248e+00 4.786603375504453695e+00 6.172736903990360346e+00 6.172834584384769840e+00 6.775554819461982348e+00 6.775617921964519397e+00 7.874756686742625966e+00 7.874842957451872572e+00 1.019095863275025238e+01 1.019097154670664196e+01 1.096038759458296852e+01 1.096048427397312963e+01 1.110859272074942616e+01 1.110863847264146997e+01 1.193363241075186743e+01 1.193366216153248160e+01 1.271838366387023633e+01 1.271841173186095375e+01 1.479020045847073028e+01 1.479029504315795585e+01 1.657782444486371531e+01 1.657783852745843589e+01 2.324588566386704969e+01 2.324590744258661346e+01
1.382990552772114801e-01 2.175107920615842350e+00 2.175171078909662992e+00 3.492616356820134715e+00 3.492651070957536241e+00 3.907932711675651483e+00 3.908009608036379312e+00 4.794536750406022563e+00 4.794627672292513410e+00 6.185312632228507468e+00 6.185403542732524684e+00 6.768087017913870795e+00 6.768145054289994356e+00 7.872716569111869234e+00 7.872788189895947752e+00 1.019090910673926231e+01 1.019092053204459880e+01 1.096729445243145307e+01 1.096737700505815560e+01 1.111916620005413314e+01 1.111920294184729308e+01 1.192498359479220404e+01 1.192500970536789673e+01 1.272253221997710249e+01 1.272255764890834584e+01 1.478899746643674540e+01 1.478908278619819328e+01 1.656833428522435980e+01 1.656834727518302941e+01 2.324723365031143985e+01 2.324725178241751777e+01
1.398188251154225958e-01 2.186600681032395688e+00 2.186657482859777346e+00 3.493150395150479426e+00 3.493178701634418015e+00 3.915819317732056604e+00 3.915885721007991815e+00 4.801767520163888747e+00 4.801847550110323049e+00 6.196805131186390980e+00 6.196888404147370188e+00 6.761157597870970370e+00 6.761210195354578012e+00 7.870898895947800789e+00 7.870957039785885456e+00 1.019082199238783559e+01 1.019083195651706752e+01 1.097291103125660960e+01 1.097298046351034095e+01 1.112941072413228305e+01 1.112944026166486999e+01 1.191700220262829291e+01 1.191702479448291108e+01 1.272634511697392057e+01 1.272636781146391982e+01 1.478792708177897275e+01 1.478800302742272521e+01 1.655977273860245447e+01 1.655978457095672240e+01 2.324844094973877517e+01 2.324845567976722904e+01
1.413385949536337116e-01 2.196819972443035063e+00 2.196870157472643026e+00 3.493552091962317974e+00 3.493574599112922563e+00 3.922797983223955676e+00 3.922854228096761542e+00 4.808180896798353920e+00 4.808250201967696924e+00 6.207152779220147742e+00 6.207227604426423184e+00 6.754830976933273057e+00 6.754877788702718711e+00 7.869300985278696814e+00 7.869346936995966324e+00 1.019071218988078265e+01 1.019072072956821273e+01 1.097745240171059145e+01 1.097750987731505390e+01 1.113904598460125328e+01 1.113906989086343735e+01 1.190976020138264069e+01 1.190977942683134039e+01 1.272978897446606439e+01 1.272980886926455923e+01 1.478698747771188060e+01 1.478705397707229885e+01 1.655216257528209312e+01 1.655217317384721554e+01 2.324950713739371366e+01 2.324951875183911554e+01
1.428583647918448274e-01 2.205737764433007619e+00 2.205781121057061256e+00 3.493846902438764612e+00 3.493864258256700772e+00 3.928860588278271226e+00 3.928907144403406271e+00 4.813765094700848124e+00 4.813823886153244302e+00 6.216292393731112753e+00 6.216358028654621393e+00 6.749172774184756030e+00 6.749213487694413871e+00 7.867920540142189445e+00 7.867955680731617107e+00 1.019059245547788173e+01 1.019059961717573159e+01 1.098109673577070744e+01 1.098114342952226430e+01 1.114783232246709765e+01 1.114785176915680154e+01 1.190332559063241646e+01 1.190334162072858248e+01 1.273283421054637898e+01 1.273285126663179412e+01 1.478617704132070543e+01 1.478623405189791029e+01 1.654552429444692407e+01 1.654553357757373533e+01 2.325043185208496510e+01 2.325044067613406895e+01
1.443781346300559432e-01 2.213328937254490647e+00 2.213365296743841082e+00 3.494057260834306788e+00 3.494070143896390590e+00 3.934000620703763218e+00 3.934038056034468323e+00 4.818509571813965664e+00 4.818558082831074785e+00 6.224161041448066811e+00 6.224216821797418753e+00 6.744248004402577656e+00 6.744282347543368417e+00 7.866755628411773671e+00 7.866781415160568613e+00 1.019047357371798945e+01 1.019047941194483542e+01 1.098398478344747176e+01 1.098402179799536071e+01 1.115557201516707764e+01 1.115558775017151838e+01 1.189776136497344616e+01 1.189777437716505304e+01 1.273545507562050716e+01 1.273546927525289263e+01 1.478549437505291131e+01 1.478554187675467979e+01 1.653987597998498771e+01 1.653988386613230333e+01 2.325121479155379234e+01 2.325122118464069843e+01
1.458979044682670312e-01 2.219571604641843887e+00 2.219600835706697861e+00 3.494202465305153105e+00 3.494211570681269308e+00 3.938212951645213789e+00 3.938241884334360954e+00 4.822405169381730694e+00 4.822443634246249999e+00 6.230698343469931899e+00 6.230743693874418732e+00 6.740118778816324152e+00 6.740146523857817762e+00 7.865804665260499817e+00 7.865822604017488118e+00 1.019036448955744945e+01 1.019036906327603909e+01 1.098622391667784193e+01 1.098625223602932266e+01 1.116210627256612753e+01 1.116211869855249894e+01 1.189312427039272535e+01 1.189313443627977129e+01 1.273762969075629137e+01 1.273764103182439555e+01 1.478493829747567645e+01 1.478497628572470646e+01 1.653523316960174228e+01 1.653523958244908698e+01 2.325185570866543117e+01 2.325186005834479630e+01
1.474176743064781470e-01 2.224447409654713326e+00 2.224469413589492017e+00 3.494298552123122903e+00 3.494304567644238801e+00 3.941493653186673551e+00 3.941514693499120980e+00 4.825444232768305142e+00 4.825472866836920893e+00 6.235849176268557059e+00 6.235883620732829868e+00 6.736841610516683510e+00 6.736862576010509862e+00 7.865066401784696737e+00 7.865078002426609594e+00 1.019027240831722736e+01 1.019027577573358556e+01 1.098789351374854562e+01 1.098791397237359568e+01 1.116731109893477125e+01 1.116732038862113541e+01 1.188946342476135598e+01 1.188947089842466553e+01 1.273934008746560664e+01 1.273934857756646721e+01 1.478450784347272950e+01 1.478453632294515430e+01 1.653160873957120103e+01 1.653161361247860839e+01 2.325235440901296613e+01 2.325235712157216739e+01
1.489374441446892627e-01 2.227941783456502289e+00 2.227956490032525938e+00 3.494358175799972877e+00 3.494361740192104993e+00 3.943839852674430713e+00 3.943853538791384228e+00 4.827620711769043282e+00 4.827639693801803134e+00 6.239566569870473423e+00 6.239589741450513927e+00 6.734464522666217867e+00 6.734478573732700646e+00 7.864539926245894819e+00 7.864546621045948704e+00 1.019020286955264432e+01 1.019020508201298902e+01 1.098905000849187985e+01 1.098906326470578243e+01 1.117109357356808097e+01 1.117109977390863307e+01 1.188681890785019846e+01 1.188682381533338628e+01 1.274057224562214685e+01 1.274057789638736260e+01 1.478420226403085103e+01 1.478422124328137421e+01 1.652901280726886668e+01 1.652901608695549385e+01 2.325271075167036727e+01 2.325271223451953162e+01
1.504572139829003785e-01 2.230044157646342118e+00 2.230051521894844235e+00 3.494390509060481875e+00 3.494392141031523291e+00 3.945249619146583786e+00 3.945256354096367435e+00 4.828930239154815673e+00 4.828939696906006773e+00 6.241814511294748513e+00 6.241826160301584103e+00 6.733024250894844798e+00 6.733031298512507590e+00 7.864224686616991811e+00 7.864227675171347798e+00 1.019015979950417261e+01 1.019016089543655923e+01 1.098973092478442126e+01 1.098973743558188687e+01 1.117338907640764489e+01 1.117339218271695245e+01 1.188522045237075453e+01 1.188522288296879204e+01 1.274131612638442590e+01 1.274131894859588776e+01 1.478402102574416510e+01 1.478403051294784198e+01 1.652745265336735514e+01 1.652745430272656790e+01 2.325292465789402740e+01 2.325292527924964858e+01
1.519769838211114943e-01 2.230748122070095985e+00 2.230748122070107087e+00 3.494401166803629444e+00 3.494401166803636549e+00 3.945721878265414428e+00 3.945721878265425531e+00 4.829370186527248698e+00 4.829370186527250475e+00 6.242570305880489556e+00 6.242570305880492221e+00 6.732543886810687717e+00 6.732543886810690381e+00 7.864120527146134521e+00 7.864120527146141626e+00 1.019014554559256247e+01 1.019014554559257135e+01 1.098995771740516858e+01 1.098995771740517924e+01 1.117415948318832264e+01 1.117415948318833330e+01 1.188468637636753300e+01 1.188468637636754011e+01 1.274156569744559064e+01 1.274156569744559597e+01 1.478396381014468552e+01 1.478396381014469618e+01 1.652693266524058657e+01 1.652693266524059723e+01 2.325299613349129402e+01 2.325299613349130468e+01
1.519769838211114943e-01 2.230748122070095985e+00 2.230748122070107087e+00 3.494401166803629444e+00 3.494401166803636549e+00 3.945721878265414428e+00 3.945721878265425531e+00 4.829370186527248698e+00 4.829370186527250475e+00 6.242570305880489556e+00 6.242570305880492221e+00 6.732543886810687717e+00 6.732543886810690381e+00 7.864120527146134521e+00 7.864120527146141626e+00 1.019014554559256247e+01 1.019014554559257135e+01 1.098995771740516858e+01 1.098995771740517924e+01 1.117415948318832264e+01 1.117415948318833330e+01 1.188468637636753300e+01 1.188468637636754011e+01 1.274156569744559064e+01 1.274156569744559597e+01 1.478396381014468552e+01 1.478396381014469618e+01 1.652693266524058657e+01 1.652693266524059723e+01 2.325299613349129402e+01 2.325299613349130468e+01
1.529002596955323368e-01 2.230811149449439146e+00 2.230811152253610707e+00 3.494406909519898630e+00 3.494412885441755101e+00 3.945908631818526136e+00 3.945910970427207509e+00 4.829341878240018815e+00 4.829352784695752909e+00 6.242561324559423142e+00 6.242561925574551474e+00 6.732514012155995431e+00 6.732517029362155903e+00 7.863986085731795583e+00 7.863989591972671001e+00 1.019026422957580458e+01 1.019027005249110651e+01 1.098991905914524203e+01 1.098992230888483768e+01 1.117410387707805342e+01 1.117410709398119550e+01 1.188471269318603873e+01 1.188471659898893407e+01 1.274158570232634347e+01 1.274158765146495931e+01 1.478395991880440796e+01 1.478396095879111982e+01 1.652692819223649323e+01 1.652693096020261265e+01 2.325298510180541101e+01 2.325298571985483065e+01
1.538235355699531792e-01 2.230999956538089357e+00 2.230999966521576727e+00 3.494430058722157284e+00 3.494441979486879291e+00 3.946470828521633667e+00 3.946475485032777897e+00 4.829267907506488378e+00 4.829289661826432045e+00 6.242535003490806922e+00 6.242536209242215861e+00 6.732427462260883289e+00 6.732433531697838980e+00 7.863586853485677430e+00 7.863593864105521192e+00 1.019062569270070640e+01 1.019063731248323457e+01 1.098980630422994054e+01 1.098981281354584993e+01 1.117394057852114031e+01 1.117394699217624421e+01 1.188479541234052306e+01 1.188480320104603116e+01 1.274164760299251320e+01 1.274165150266699875e+01 1.478394930071877766e+01 1.478395137692099759e+01 1.652691755113705696e+01 1.652692307778011838e+01 2.325295263801767831e+01 2.325295387195206942e+01
1.547468114443740217e-01 2.231313716566045713e+00 2.231313742323759897e+00 3.494470419663578742e+00 3.494488223371354341e+00 3.947407238472274038e+00 3.947414171809117356e+00 4.829148359171618665e+00 4.829180844475932766e+00 6.242491412100512171e+00 6.242493229577482872e+00 6.732284444403044077e+00 6.732293633915318765e+00 7.862924582671682927e+00 7.862935093744456871e+00 1.019122867542692923e+01 1.019124604011244095e+01 1.098961937443647052e+01 1.098962916253299760e+01 1.117367047367693722e+01 1.117368004408606197e+01 1.188493410069159317e+01 1.188494572667766569e+01 1.274175121176829961e+01 1.274175706461174507e+01 1.478393199990188300e+01 1.478393510478768391e+01 1.652690076247371920e+01 1.652690902923181682e+01 2.325289877960442553e+01 2.325290062510043043e+01
1.556700873187948642e-01 2.231751060808504050e+00 2.231751115035018440e+00 3.494527660760743171e+00 3.494551255203474316e+00 3.948715800313664648e+00 3.948724949694878195e+00 4.828983356813527195e+00 4.829026398540118059e+00 6.242430667085183238e+00 6.242433105683892869e+00 6.732085318946761987e+00 6.732097725008066469e+00 7.862002182460963162e+00 7.862016187596624128e+00 1.019207107570409754e+01 1.019209410767524204e+01 1.098935814742329953e+01 1.098937124194807602e+01 1.117329502540291664e+01 1.117330769332513185e+01 1.188512803244395677e+01 1.188514342772219479e+01 1.274189621706584852e+01 1.274190402662926402e+01 1.478390808826329028e+01 1.478391221056100591e+01 1.652687785732006276e+01 1.652688883639163819e+01 2.325282358824132700e+01 2.325282603882773813e+01
1.565933631932157066e-01 2.232310090143098780e+00 2.232310189439287829e+00 3.494601318652472255e+00 3.494630582073663394e+00 3.950393614652531582e+00 3.950404900577655365e+00 4.828773065445748358e+00 4.828826432258524370e+00 6.242352931778703429e+00 6.242356002114237690e+00 6.731830602912372008e+00 6.731846344839761187e+00 7.860823702962211001e+00 7.860841192718105219e+00 1.019314995774689336e+01 1.019317855412589680e+01 1.098902246363768143e+01 1.098903889932936551e+01 1.117281626240121462e+01 1.117283195024561415e+01 1.188537619478062624e+01 1.188539526952525982e+01 1.274208218440950269e+01 1.274209195469701861e+01 1.478387766532885372e+01 1.478388279005855210e+01 1.652684887722647389e+01 1.652686253162039876e+01 2.325272714971107746e+01 2.325273019678544628e+01
1.575166390676365491e-01 2.232988390983626559e+00 2.232988555589242363e+00 3.494690805133567668e+00 3.494725587224667418e+00 3.952436935254088901e+00 3.952450260792341741e+00 4.828517695360846851e+00 4.828581100359126133e+00 6.242258415153573381e+00 6.242262127649588876e+00 6.731520974356555165e+00 6.731540187415694376e+00 7.859394313031292434e+00 7.859415274148059183e+00 1.019446156416831784e+01 1.019449559733701882e+01 1.098861213593017361e+01 1.098863195287630745e+01 1.117223676414519140e+01 1.117225537713755124e+01 1.188567729566598175e+01 1.188569993891154830e+01 1.274230855783240912e+01 1.274232029270336319e+01 1.478384085785309665e+01 1.478384696636859630e+01 1.652681387413160152e+01 1.652683015773473585e+01 2.325260957377562576e+01 2.325261320662642461e+01
1.584399149420573916e-01 2.233783055357645431e+00 2.233783308822275160e+00 3.494795415771882574e+00 3.494835538891214011e+00 3.954841158341456886e+00 3.954856410702489278e+00 4.828217507114103135e+00 4.828290609341726380e+00 6.242147370458885014e+00 6.242151733827085991e+00 6.731157277500563474e+00 6.731180105402777336e+00 7.857720272064968370e+00 7.857744686544043233e+00 1.019600133129876518e+01 1.019604064954303091e+01 1.098812696191304816e+01 1.098815020346529714e+01 1.117155964164705040e+01 1.117158106924880023e+01 1.188602977370046432e+01 1.188605585420170918e+01 1.274257466164262986e+01 1.274258836409764406e+01 1.478379781932476078e+01 1.478380488936620551e+01 1.652677291025105433e+01 1.652679176791403393e+01 2.325247099401310535e+01 2.325247519984750966e+01
1.593631908164782340e-01 2.234690704847420051e+00 2.234691073646552173e+00 3.494914339976477269e+00 3.494959600573607883e+00 3.957600810401767699e+00 3.957617862761761973e+00 4.827872817644550452e+00 4.827955223896821302e+00 6.242020093505285416e+00 6.242025113221839838e+00 6.730740528559389979e+00 6.730767115801083555e+00 7.855808896036058364e+00 7.855836740079448433e+00 1.019776390747773043e+01 1.019780833575260282e+01 1.098756673910244963e+01 1.098759344950263284e+01 1.117078851414840557e+01 1.117081263170054228e+01 1.188643180988140280e+01 1.188646117712749728e+01 1.274287970255568503e+01 1.274289537392665039e+01 1.478374872936718276e+01 1.478375673512420363e+01 1.652672605794285943e+01 1.652674742558487964e+01 2.325231156761993034e+01 2.325231633159717148e+01
1.602864666908990765e-01 2.235707518061520904e+00 2.235708031163925025e+00 3.495046672253450559e+00 3.495096842479292754e+00 3.960709534963605449e+00 3.960728248515062333e+00 4.827484007528170196e+00 4.827575274454207310e+00 6.241876920613143476e+00 6.241882597485576945e+00 6.730271922226190640e+00 6.730302406634076640e+00 7.853668518075364702e+00 7.853699760911515781e+00 1.019974317407028686e+01 1.019979251488148897e+01 1.098693128287953158e+01 1.098696150465376142e+01 1.116992748184016371e+01 1.116995415239812317e+01 1.188688134110025452e+01 1.188691382647399841e+01 1.274322277219066635e+01 1.274324041125603024e+01 1.478369379303547859e+01 1.478370270522099794e+01 1.652667339955023351e+01 1.652669720428377786e+01 2.325213147517828460e+01 2.325213678044868715e+01
1.612097425653199190e-01 2.236829261258815649e+00 2.236829949651515825e+00 3.495191424365208022e+00 3.495246253845603057e+00 3.964160078859518599e+00 3.964180305048124353e+00 4.827051529354315029e+00 4.827151165851954140e+00 6.241718226244195478e+00 6.241724555144879005e+00 6.729752838753799260e+00 6.729787344501196422e+00 7.851308443948446403e+00 7.851343046570632644e+00 1.020193226893270655e+01 1.020198630332961542e+01 1.098622044729121683e+01 1.098625421847133588e+01 1.116898109474557721e+01 1.116901017106439653e+01 1.188737607518650563e+01 1.188741149325788271e+01 1.274360284992660119e+01 1.274362245197444743e+01 1.478363324001321644e+01 1.478364302594790303e+01 1.652661502722113696e+01 1.652664118749770594e+01 2.325193092038978193e+01 2.325193674813942124e+01
1.621330184397407614e-01 2.238051321710947228e+00 2.238052217888420792e+00 3.495347538099077056e+00 3.495406755847803026e+00 3.967944278522610002e+00 3.967965861429727514e+00 4.826575917211549438e+00 4.826683387111152967e+00 6.241544420339069532e+00 6.241551389163882746e+00 6.729184851553063673e+00 6.729223482822439983e+00 7.848738902812073093e+00 7.848776816657958122e+00 1.020432361203157434e+01 1.020438210070616947e+01 1.098543414868671775e+01 1.098547149991841465e+01 1.116795431793405058e+01 1.116798564455622511e+01 1.188791350729317564e+01 1.188795165723547065e+01 1.274401880611553040e+01 1.274404036197686629e+01 1.478356732371124949e+01 1.478357794741867792e+01 1.652655104270549558e+01 1.652657946848342263e+01 2.325171012977557083e+01 2.325171645927667541e+01
1.630562943141616039e-01 2.239368743360073744e+00 2.239369880784693123e+00 3.495513898351877646e+00 3.495577214797383370e+00 3.972053046886829808e+00 3.972075825711523400e+00 4.826057797262099491e+00 4.826172522294999823e+00 6.241355945384431614e+00 6.241363534279903647e+00 6.728569735199883439e+00 6.728612570594297182e+00 7.845970993666175453e+00 7.846012159268843433e+00 1.020690893290904278e+01 1.020697161739476400e+01 1.098457239214861936e+01 1.098461334374498755e+01 1.116685249327163909e+01 1.116688590866342601e+01 1.188849093740827456e+01 1.188853160452387137e+01 1.274446940564830655e+01 1.274449290072244168e+01 1.478349632027208216e+01 1.478350774258463396e+01 1.652648155712951805e+01 1.652651215006499186e+01 2.325146935234387158e+01 2.325147616101090620e+01
1.639795701885824464e-01 2.240776264309993326e+00 2.240777676850647548e+00 3.495689346247931706e+00 3.495756455347393654e+00 3.976476361468796572e+00 3.976500173058832743e+00 4.825497899375546851e+00 4.825619262422059741e+00 6.241153273234191445e+00 6.241161454124248387e+00 6.727909473713723720e+00 6.727956561467195229e+00 7.843016627941649332e+00 7.843060973583559026e+00 1.020967929968353261e+01 1.020974590364762058e+01 1.098363530062770899e+01 1.098367985962582871e+01 1.116568129795921038e+01 1.116571663663524383e+01 1.188910548877130324e+01 1.188914844611335653e+01 1.274495331186831670e+01 1.274497872516114683e+01 1.478342052748316959e+01 1.478343270615866345e+01 1.652640669074772717e+01 1.652643934441025664e+01 2.325120885922532921e+01 2.325121612267682636e+01
1.649028460630032888e-01 2.242268355676401814e+00 2.242270077032353370e+00 3.495872692027144346e+00 3.495943273440625720e+00 3.981203254204458197e+00 3.981227935581438615e+00 4.824897069781200365e+00 4.825024418392095171e+00 6.240936901710259832e+00 6.240945638144904883e+00 6.727206268941739786e+00 6.727257622943861648e+00 7.839888468682937095e+00 7.839935909084931431e+00 1.021262514928076648e+01 1.021269537990311171e+01 1.098262314662848560e+01 1.098267130390543755e+01 1.116444670016064400e+01 1.116448379473188091e+01 1.188975412697252665e+01 1.188979913704795521e+01 1.274546909082751966e+01 1.274549639402188994e+01 1.478334026360314368e+01 1.478335315345223755e+01 1.652632657267304239e+01 1.652636117278638750e+01 2.325092894327725190e+01 2.325093663540340927e+01
1.658261219374241313e-01 2.243839261320472289e+00 2.243841324437273688e+00 3.496062727466863862e+00 3.496136448764847859e+00 3.986221803599567792e+00 3.986247194419441087e+00 4.824256284684701690e+00 4.824388934869134005e+00 6.240707351009810111e+00 6.240716598351975009e+00 6.726462548856506629e+00 6.726518145485452571e+00 7.836599866796872149e+00 7.836650301874565017e+00 1.021573631860368891e+01 1.021580986803492053e+01 1.098153638621709760e+01 1.098158811372063504e+01 1.116315491208056621e+01 1.116319359515795462e+01 1.189043367951674668e+01 1.189048049605532853e+01 1.274601521587816677e+01 1.274604437245386990e+01 1.478325586610533904e+01 1.478326941912966674e+01 1.652624134058495997e+01 1.652627776529473635e+01 2.325062991865742035e+01 2.325063801169341104e+01
1.667493978118449738e-01 2.245483037995418485e+00 2.245485474479484100e+00 3.496258237632654975e+00 3.496334756510688369e+00 3.991519129730210391e+00 3.991545074616865474e+00 4.823576664777484702e+00 4.823713905049088702e+00 6.240465159947619966e+00 6.240474865910687896e+00 6.725680975551213692e+00 6.725740751297840880e+00 7.833164794846227075e+00 7.833218108565791482e+00 1.021900207637204083e+01 1.021907862326325933e+01 1.098037569503790145e+01 1.098043094318606627e+01 1.116181234091321883e+01 1.116185244679935806e+01 1.189114085564023604e+01 1.189118922541410583e+01 1.274659007259213261e+01 1.274662103701111526e+01 1.478316769034288036e+01 1.478318185588390499e+01 1.652615114041651623e+01 1.652618926058539728e+01 2.325031212036840245e+01 2.325032058497344778e+01
1.676726736862658163e-01 2.247193595449510362e+00 2.247196434987600799e+00 3.496458011789873144e+00 3.496536978265154083e+00 3.997081392601236072e+00 3.997107743288184523e+00 4.822859490547568129e+00 4.823000586219148289e+00 6.240210882064674891e+00 6.240220987610793912e+00 6.724864452694931494e+00 6.724928302554834758e+00 7.829597778868205182e+00 7.829653838232748519e+00 1.022241115539237022e+01 1.022249036648856979e+01 1.097914200593014655e+01 1.097920070123309522e+01 1.116042553814968485e+01 1.116046690425434562e+01 1.189187226618084559e+01 1.189192193085839833e+01 1.274719196399874477e+01 1.274722468096914163e+01 1.478307610814071538e+01 1.478309083303921945e+01 1.652605612602025431e+01 1.652609580555174773e+01 2.324997590377355650e+01 2.324998470911566528e+01
1.685959495606866587e-01 2.248964736050349522e+00 2.248968005839866446e+00 3.496660853344777831e+00 3.496741911911364742e+00 4.002893794338005407e+00 4.002920411551567526e+00 4.822106218275568956e+00 4.822250415991340411e+00 6.239945081636837365e+00 6.239955522244690300e+00 6.724016132191819040e+00 6.724083908799696196e+00 7.825913828695330032e+00 7.825972482891823567e+00 1.022595178505591385e+01 1.022603331684497086e+01 1.097783654763580508e+01 1.097789859059179562e+01 1.115900114779621966e+01 1.115904361571923964e+01 1.189262444331479252e+01 1.189267514133285708e+01 1.274781911613005292e+01 1.274785351996077765e+01 1.478298150631919228e+01 1.478299673508532486e+01 1.652595645881418207e+01 1.652599755500564171e+01 2.324962164408545462e+01 2.324963075793186462e+01
1.695192254351075012e-01 2.250790193522679505e+00 2.250793917718178161e+00 3.496865588722243068e+00 3.496948380443310356e+00 4.008940585653610000e+00 4.008967340671317103e+00 4.821318496571644907e+00 4.821465029064292196e+00 6.239668329620733367e+00 6.239679036929757672e+00 6.723139419772004466e+00 6.723210933251279720e+00 7.822128367248682324e+00 7.822189446983631278e+00 1.022961172390579243e+01 1.022969522431464284e+01 1.097646088398779440e+01 1.097652614730345100e+01 1.115754585411990796e+01 1.115758927035722792e+01 1.189339385998990295e+01 1.189344532842800639e+01 1.274846968386123969e+01 1.274850569791700572e+01 1.478288428515528175e+01 1.478289996014902741e+01 1.652585230740763933e+01 1.652589467133323708e+01 2.324924973582811205e+01 2.324925912464127720e+01
1.704425013095283437e-01 2.252663670425921527e+00 2.252667869606931106e+00 3.497071075123733053e+00 3.497155239641807967e+00 4.015205077000660872e+00 4.015231852821448122e+00 4.820498183275901738e+00 4.820646274333802772e+00 6.239381199577877624e+00 6.239392103413210044e+00 6.722237979228910199e+00 6.722312997728423944e+00 7.818257159262794076e+00 7.818320476312620393e+00 1.023337829216381500e+01 1.023346340229330842e+01 1.097501695286861967e+01 1.097508528005061201e+01 1.115606632959412892e+01 1.115611054583964368e+01 1.189417694890279975e+01 1.189422892534353693e+01 1.274914175703182018e+01 1.274917929329661170e+01 1.478278485678679921e+01 1.478280091840866461e+01 1.652574384720861289e+01 1.652578732413255125e+01 2.324886059227399215e+01 2.324887022131310488e+01
1.713657771839491861e-01 2.254578874034909308e+00 2.254583564699551346e+00 3.497276207142713478e+00 3.497361384591451294e+00 4.021669654786430570e+00 4.021696346856049153e+00 4.819647362507186727e+00 4.819796232135133529e+00 6.239084263623074555e+00 6.239095294399194636e+00 6.721315735008607462e+00 6.721393985896192191e+00 7.814316239887062032e+00 7.814381586886431919e+00 1.023723840416140796e+01 1.023732476005114655e+01 1.097350710413905794e+01 1.097357830850020832e+01 1.115456918376158058e+01 1.115461405679824836e+01 1.189497012088646422e+01 1.189502234524629110e+01 1.274983336683185087e+01 1.274987232558736672e+01 1.478268364356584641e+01 1.478270003045754422e+01 1.652563126001269467e+01 1.652567568983292290e+01 2.324845464485710878e+01 2.324846447828498341e+01
1.722890530583700286e-01 2.256529550330276024e+00 2.256534744419024907e+00 3.497479922246014450e+00 3.497565755049520053e+00 4.028315803003701845e+00 4.028342319450399778e+00 4.818768361602191241e+00 4.818917231356475206e+00 6.238778088449224768e+00 6.238789179937710649e+00 6.720376872850799543e+00 6.720458044530968067e+00 7.810321843591115254e+00 7.810388994079277225e+00 1.024117860067730490e+01 1.024126583509167254e+01 1.097193413565937448e+01 1.097200799977642482e+01 1.115306091376196740e+01 1.115310630495930155e+01 1.189576978259396434e+01 1.189582199890919156e+01 1.275054249243519067e+01 1.275058276205906260e+01 1.478258107636766283e+01 1.478259772562250873e+01 1.652551473357479495e+01 1.652555995129717559e+01 2.324803234256347295e+01 2.324804234355865873e+01
1.732123289327908711e-01 2.258509515848008409e+00 2.258515220301301696e+00 3.497681205154945072e+00 3.497767339703994782e+00 4.035124130608517490e+00 4.035150391961764171e+00 4.817863767639189554e+00 4.818011866115369024e+00 6.238463231489375538e+00 6.238474323911695762e+00 6.719425838181135369e+00 6.719509582500227118e+00 7.806290333781880086e+00 7.806359042523427938e+00 1.024518508124496918e+01 1.024527282547150264e+01 1.097030132646817080e+01 1.097037760212100643e+01 1.115154785728128140e+01 1.115159363174099028e+01 1.189657235338376573e+01 1.189662431153714905e+01 1.275126706786047315e+01 1.275130852474773846e+01 1.478247759286148799e+01 1.478249444024412895e+01 1.652539446116455224e+01 1.652544029740715814e+01 2.324759415129999951e+01 2.324760428217399877e+01
1.741356048072117135e-01 2.260512687184801361e+00 2.260518903538114799e+00 3.497879091182739764e+00 3.497965179379647349e+00 4.042074404960497525e+00 4.042100343349758873e+00 4.816936443188705397e+00 4.817083011637247836e+00 6.238140237289118595e+00 6.238151280651368147e+00 6.718467331958651201e+00 6.718553267156194941e+00 7.802238133517354512e+00 7.802308137109768005e+00 1.024924373655578158e+01 1.024933162220688843e+01 1.096861246614956364e+01 1.096869087476261839e+01 1.115003614866507675e+01 1.115008217407995694e+01 1.189737428133113006e+01 1.189742573870510078e+01 1.275200498903814861e+01 1.275204749764803402e+01 1.478237363575003727e+01 1.478239061592509529e+01 1.652527064110670807e+01 1.652531692263368512e+01 2.324714055324354689e+01 2.324715077556288279e+01
1.750588806816325560e-01 2.262533108001486770e+00 2.262539832021083885e+00 3.498072668601428070e+00 3.498158369268235646e+00 4.049145591632827390e+00 4.049171149493781208e+00 4.815989540876407737e+00 4.816133838918203125e+00 6.237809634178766771e+00 6.237820591691768612e+00 6.717506303693890679e+00 6.717594017853356192e+00 7.798181657677631051e+00 7.798252675453464455e+00 1.025334018114632784e+01 1.025342784195538393e+01 1.096687187941269137e+01 1.096695211300863981e+01 1.114853167889825514e+01 1.114857782420912180e+01 1.189817205830835789e+01 1.189822278135191347e+01 1.275275412106089234e+01 1.275279753408970329e+01 1.478226965098445334e+01 1.478228669775356252e+01 1.652514347630711455e+01 1.652519002659130720e+01 2.324667204617111338e+01 2.324668232088402675e+01
1.759821565560533985e-01 2.264564973413141225e+00 2.264572194775563929e+00 3.498261080123977962e+00 3.498346060271404045e+00 4.056315900896797721e+00 4.056341029247195529e+00 4.815026516284476976e+00 4.815167827694385672e+00 6.237471931354824584e+00 6.237482782671460946e+00 6.716547941370591523e+00 6.716636996316703190e+00 7.794137246926625018e+00 7.794208982153443266e+00 1.025745978662027014e+01 1.025754686022302131e+01 1.096508444493003509e+01 1.096516616759424956e+01 1.114704006008623161e+01 1.114708619403546308e+01 1.189896223409417608e+01 1.189901199979130020e+01 1.275351230559223481e+01 1.275355646427198586e+01 1.478216608596189374e+01 1.478218313250857641e+01 1.652501317376610501e+01 1.652505981357928277e+01 2.324618914277291992e+01 2.324619943034042890e+01
1.769054324304742409e-01 2.266602651698942594e+00 2.266610353717075643e+00 3.498443523596054039e+00 3.498527459552944752e+00 4.063562841189435559e+00 4.063587497572664020e+00 4.814051138656190609e+00 4.814188777178569190e+00 6.237127616499093641e+00 6.237138360351901056e+00 6.715597658029802020e+00 6.715687593613241191e+00 7.790121103769243049e+00 7.790193245145286660e+00 1.026158771571415151e+01 1.026167384540637073e+01 1.096325560753281358e+01 1.096333845737462553e+01 1.114556659497858959e+01 1.114561258466503091e+01 1.189974142948857150e+01 1.189979002671706709e+01 1.275427736840731896e+01 1.275432210292846058e+01 1.478206338771279427e+01 1.478208036685444426e+01 1.652487994408043903e+01 1.652492649210971010e+01 2.324569236994943111e+01 2.324570263048049412e+01
1.778287083048950834e-01 2.268640703307437612e+00 2.268648862705927804e+00 3.498619251996068158e+00 3.498701830401421020e+00 4.070863279881726804e+00 4.070887426108424023e+00 4.813067498807682476e+00 4.813200813963304014e+00 6.236777154067589812e+00 6.236787809730952148e+00 6.714661074808338626e+00 6.714751413512225930e+00 7.786149230977391866e+00 7.786221454415735543e+00 1.026570895757089019e+01 1.026579379403314896e+01 1.096139138294223336e+01 1.096147497452662023e+01 1.114411625195860722e+01 1.114416196149647043e+01 1.190050634842375921e+01 1.190055357919465528e+01 1.275504712703785515e+01 1.275509225709358496e+01 1.478196200108506275e+01 1.478197884553134500e+01 1.652474400093490914e+01 1.652479027442369741e+01 2.324518226809421861e+01 2.324519246148454243e+01
1.787519841793159259e-01 2.270673897172207578e+00 2.270682483914716610e+00 3.498787572843219174e+00 3.498868491504896205e+00 4.078193511675600291e+00 4.078217111517080440e+00 4.812080013592972882e+00 4.812208396431513435e+00 6.236420984348588270e+00 6.236431591251977657e+00 6.713744000265548628e+00 6.713834252062066632e+00 7.782237372625477434e+00 7.782309343314049777e+00 1.026980836463207325e+01 1.026989156761256261e+01 1.095949835432064923e+01 1.095958228153208047e+01 1.114269364578492549e+01 1.114273893515924740e+01 1.190125378907543841e+01 1.190129946964411722e+01 1.275581939849207380e+01 1.275586473394039722e+01 1.478186236693268540e+01 1.478187900954942791e+01 1.652460556058565544e+01 1.652465137599716272e+01 2.324465939036373641e+01 2.324466947643801262e+01
1.796752600537367683e-01 2.272697224389339965e+00 2.272706201560223072e+00 3.498947847111964826e+00 3.499026815737836138e+00 4.085529334967147541e+00 4.085552351964052420e+00 4.811093426217798452e+00 4.811216314964478435e+00 6.236059523298417950e+00 6.236070138193546164e+00 6.712852405882363982e+00 6.712942073262432530e+00 7.778400957941071781e+00 7.778472332660565591e+00 1.027387069159822452e+01 1.027395193154448982e+01 1.095758366005324191e+01 1.095766749934258932e+01 1.114130302422122831e+01 1.114134774841559938e+01 1.190198065398947413e+01 1.190202461583108651e+01 1.275659200701937479e+01 1.275663734865836574e+01 1.478176492031593270e+01 1.478178129439361932e+01 1.652446484133626114e+01 1.652451001503720818e+01 2.324412430193571666e+01 2.324413424059276778e+01
1.805985359281576108e-01 2.274705909340628995e+00 2.274715233083326904e+00 3.499099487746973658e+00 3.499176228555886947e+00 4.092846136515742472e+00 4.092868532058330011e+00 4.810112801657345116e+00 4.810229687196247106e+00 6.235693163020370022e+00 6.235703854456419393e+00 6.711992397674991118e+00 6.712080980769444594e+00 7.774655048139767821e+00 7.774725477816252450e+00 1.027788063693175680e+01 1.027795959656224234e+01 1.095565497231349106e+01 1.095573828626980806e+01 1.113994826053362885e+01 1.113999226898449990e+01 1.190268395924955414e+01 1.190272604989240257e+01 1.275736279188816980e+01 1.275740793233872772e+01 1.478167008872070731e+01 1.478168612824650729e+01 1.652432206300865758e+01 1.652436641197082778e+01 2.324357757925772106e+01 2.324358733061813354e+01
1.815218118025784533e-01 2.276695418374313995e+00 2.276705037888685279e+00 3.499241957867356589e+00 3.499316206088337378e+00 4.100118984746440987e+00 4.100140716559150356e+00 4.809143516410244068e+00 4.809253947540369722e+00 6.235322272617922934e+00 6.235333113084671197e+00 6.711170183932070543e+00 6.711257185639580847e+00 7.771014286375230284e+00 7.771083418839280554e+00 1.028182288738763361e+01 1.028189926319400449e+01 1.095372046611917582e+01 1.095380280730124412e+01 1.113863285168092254e+01 1.113867598808896453e+01 1.190336084271894457e+01 1.190340092643094216e+01 1.275812961514475496e+01 1.275817433983437432e+01 1.478157829030432957e+01 1.478159393023652690e+01 1.652417744641025976e+01 1.652422078892698920e+01 2.324301980928714073e+01 2.324302933384292302e+01
1.824450876769992957e-01 2.278661466179436879e+00 2.278671323780054880e+00 3.499374768741992714e+00 3.499446273011181940e+00 4.107322731980129760e+00 4.107343753105062945e+00 4.808191241820118478e+00 4.808294830213441173e+00 6.234947199125901562e+00 6.234958255867351973e+00 6.710392039157093258e+00 6.710476970192632784e+00 7.767492850896197787e+00 7.767560333815715090e+00 1.028568216604805308e+01 1.028575566971922584e+01 1.095178877874607792e+01 1.095186969370383068e+01 1.113735992187864277e+01 1.113740202438438054e+01 1.190400857139688640e+01 1.190404652972139310e+01 1.275889036932011145e+01 1.275893445756028299e+01 1.478148993217515894e+01 1.478150510871880741e+01 1.652403121279931497e+01 1.652407336921400116e+01 2.324245158872434303e+01 2.324246084749011487e+01
1.833683635514201382e-01 2.280600020009628359e+00 2.280610051246928283e+00 3.499497477610197027e+00 3.499566000275583733e+00 4.114432125822234276e+00 4.114452384149485553e+00 4.807261920225187168e+00 4.807358345009126843e+00 6.234568268355313414e+00 6.234579594212878995e+00 6.709664264377566134e+00 6.709746648155406668e+00 7.764104411462100508e+00 7.764169895411883182e+00 1.028944328430635480e+01 1.028951364406539604e+01 1.094986895952989592e+01 1.094994799294382659e+01 1.113613223109003236e+01 1.113617313279957166e+01 1.190462454793496505e+01 1.190466028007367427e+01 1.275964298505146033e+01 1.275968621120061641e+01 1.478140540871318009e+01 1.478142005959565530e+01 1.652388358335024421e+01 1.652392437679358395e+01 2.324187352324040390e+01 2.324188247790549156e+01
1.842916394258409807e-01 2.282507301927110266e+00 2.282517435772780878e+00 3.499609685413885618e+00 3.499675002758485309e+00 4.121421929840977327e+00 4.121441368184216358e+00 4.806361733261700131e+00 4.806450745141713554e+00 6.234185785712793582e+00 6.234197411238910469e+00 6.708993144065846792e+00 6.709072521333685479e+00 7.760862089029057387e+00 7.760925230656598117e+00 1.029309119818906737e+01 1.029315816003417261e+01 1.094797041025148410e+01 1.094804710911824408e+01 1.113495218789227081e+01 1.113499171772184582e+01 1.190520631636295512e+01 1.190523973940472224e+01 1.276038543858474661e+01 1.276042757328785804e+01 1.478132509993875665e+01 1.478133916468382658e+01 1.652373477862077777e+01 1.652377403575340864e+01 2.324128622670087907e+01 2.324129483978185817e+01
1.852149153002618232e-01 2.284379789249021186e+00 2.284389948347042232e+00 3.499711034499682238e+00 3.499772936893778219e+00 4.128267053521676999e+00 4.128285610191300137e+00 4.805497061756754285e+00 4.805578486588327536e+00 6.233800037227395840e+00 6.233811964819859774e+00 6.708384900003529161e+00 6.708460833149045399e+00 7.757778418678174859e+00 7.757838883922266504e+00 1.029661106931945724e+01 1.029667439816051377e+01 1.094610281646589556e+01 1.094617673426081872e+01 1.113382186608786384e+01 1.113385984988311250e+01 1.190575156707641646e+01 1.190578261607217136e+01 1.276111575912445062e+01 1.276115657061982311e+01 1.478124936993652661e+01 1.478126279013553557e+01 1.652358501802284962e+01 1.652362256977970389e+01 2.324069032038727300e+01 2.324069855538024854e+01
1.861381911746826656e-01 2.286214213385553418e+00 2.286224314369521338e+00 3.499801206340916071e+00 3.499859498334385144e+00 4.134942691290392602e+00 4.134960301078485223e+00 4.804674436805644433e+00 4.804748178519537838e+00 6.233411291043493563e+00 6.233423491278630379e+00 6.707845642508563522e+00 6.707917719466867545e+00 7.754865315719719376e+00 7.754922783036364287e+00 1.029998833071018183e+01 1.030004781139276382e+01 1.094427607030233141e+01 1.094434677105377318e+01 1.113274302438105856e+01 1.113277928625923252e+01 1.190625814113969305e+01 1.190628676902482574e+01 1.276183203599729588e+01 1.276187129148051724e+01 1.478117856534115937e+01 1.478119128491979417e+01 1.652343451929938212e+01 1.652347020163210090e+01 2.324008643221731063e+01 2.324009425374935844e+01
1.870614670491035081e-01 2.288007557262308200e+00 2.288017511139492033e+00 3.499879919322658850e+00 3.499934419687814380e+00 4.141424470154203341e+00 4.141441065618323591e+00 4.803900481843920822e+00 4.803966524623977996e+00 6.233019799540875816e+00 6.233032209474067109e+00 6.707381319529720720e+00 6.707449157229735448e+00 7.752134044870505392e+00 7.752188208419293680e+00 1.030320875742463116e+01 1.030326419563372831e+01 1.094250018543165837e+01 1.094256724764783506e+01 1.113171712841737460e+01 1.113175149227753735e+01 1.190672403395872259e+01 1.190675021132538447e+01 1.276253242559659462e+01 1.276256989263111663e+01 1.478111301389150256e+01 1.478112497937062919e+01 1.652328349800850305e+01 1.652331715262202394e+01 2.323947519596588407e+01 2.323948256994500028e+01
1.879847429235243506e-01 2.289757051520012077e+00 2.289766764121912157e+00 3.499946926625403520e+00 3.499997468360727559e+00 4.147688605205738455e+00 4.147704118123460404e+00 4.803181845796878235e+00 4.803240255406949544e+00 6.232625802109851954e+00 6.232638325137608959e+00 6.706997664195191611e+00 6.707060911494666655e+00 7.749595192368191832e+00 7.749645765111900175e+00 1.030625854196717839e+01 1.030630976500361484e+01 1.094078520507268770e+01 1.094084822546835056e+01 1.113074537448893331e+01 1.113077766563586657e+01 1.190714739837776470e+01 1.190717111310067367e+01 1.276321515807512874e+01 1.276325060603855377e+01 1.478105302305961111e+01 1.478106418380855835e+01 1.652313216701758236e+01 1.652316364209698207e+01 2.323885725048778994e+01 2.323886414425066604e+01
1.889080187979451930e-01 2.291460169681153847e+00 2.291469542179819463e+00 3.500002014236530012e+00 3.500048444541161263e+00 4.153712061889372364e+00 4.153726424752498758e+00 4.802525127717606424e+00 4.802576051872881280e+00 6.232229528504428906e+00 6.232242035384381929e+00 6.706700141475959498e+00 6.706758481548651396e+00 7.747258640856763634e+00 7.747305357527374703e+00 1.030912437405460480e+01 1.030917123147792935e+01 1.093914110408803708e+01 1.093919970106563433e+01 1.112982871423564113e+01 1.112985876106688465e+01 1.190752654725289972e+01 1.190754780397323209e+01 1.276387854375462005e+01 1.276391174530948547e+01 1.478099887876027907e+01 1.478100918724100588e+01 1.652298073600884010e+01 1.652300988693239248e+01 2.323823323894378845e+01 2.323823962140070876e+01
1.898312946723660355e-01 2.293114622468072739e+00 2.293123551956762540e+00 3.500044999113601119e+00 3.500087179341648369e+00 4.159472723533168548e+00 4.159485870958710585e+00 4.801936793703831086e+00 4.801980461382270526e+00 6.231831202641212819e+00 6.231843533351020703e+00 6.706493894690359170e+00 6.706547046844161919e+00 7.745133546852351891e+00 7.745176166738021450e+00 1.031179352418886630e+01 1.031183588832153930e+01 1.093757768640557515e+01 1.093763150325305844e+01 1.112896787971837931e+01 1.112899551542969334e+01 1.190785995555356891e+01 1.190787877502643610e+01 1.276452097922151019e+01 1.276455171179917336e+01 1.478095084414722393e+01 1.478096025614774511e+01 1.652282941099849722e+01 1.652285610103298197e+01 2.323760380803126324e+01 2.323760964980747445e+01
1.907545705467868780e-01 2.294718351448641780e+00 2.294726731584652679e+00 3.500075727517238722e+00 3.500113533120516873e+00 4.164949562226077262e+00 4.164961432179320688e+00 4.801423087300968895e+00 4.801459806891624993e+00 6.231431046691478848e+00 6.231443012905729439e+00 6.706383692628398840e+00 6.706431413549585052e+00 7.743228320579063073e+00 7.743266630088744051e+00 1.031425393020356296e+01 1.031429169649253552e+01 1.093610447918828577e+01 1.093615318696321559e+01 1.112816340829997763e+01 1.112818847257144483e+01 1.190814626204103099e+01 1.190816268035292502e+01 1.276514095307970287e+01 1.276516900036573965e+01 1.478090915850075504e+01 1.478091763335623021e+01 1.652267839387156556e+01 1.652270249484571352e+01 2.323696960722088534e+01 2.323697488079366735e+01
1.916778464212077204e-01 2.296269522176027866e+00 2.296277243883029673e+00 3.500094073527809435e+00 3.500127393994592495e+00 4.170122810684827819e+00 4.170133345436577876e+00 4.800989935037473622e+00 4.801020091222059527e+00 6.231029285313191224e+00 6.231040673356026183e+00 6.706373878112561471e+00 6.706415962548111231e+00 7.741550607951218410e+00 7.741584422916657715e+00 1.031649428570293381e+01 1.031652737293624433e+01 1.093473062535911211e+01 1.093477392543577587e+01 1.112741566683838457e+01 1.112743800747091960e+01 1.190838427056958970e+01 1.190839833823292082e+01 1.276573705133249526e+01 1.276576220474214018e+01 1.478087403621234586e+01 1.478088153701225416e+01 1.652252788193380795e+01 1.652254927488595726e+01 2.323633128800054592e+01 2.323633596783127686e+01
1.926011222956285629e-01 2.297766516977848728e+00 2.297773469204034580e+00 3.500099937755679846e+00 3.500128676552220597e+00 4.174974132333011845e+00 4.174983279106377232e+00 4.800642849175165594e+00 4.800666898432418783e+00 6.230626149875882369e+00 6.230636724058609133e+00 6.706468318832487618e+00 6.706504599738897454e+00 7.740107274471580645e+00 7.740136442150104656e+00 1.031850412906645253e+01 1.031853247944415841e+01 1.093346477625833835e+01 1.093350240252146754e+01 1.112672487476924665e+01 1.112674434924842082e+01 1.190857295105346836e+01 1.190858473198598766e+01 1.276630796236760368e+01 1.276633002249969628e+01 1.478084566587011928e+01 1.478085215964998689e+01 1.652237806748319571e+01 1.652239664327917268e+01 2.323568950312758830e+01 2.323569356578816425e+01
1.935243981700494054e-01 2.299207927536968121e+00 2.299213998064770781e+00 3.500093246251477108e+00 3.500117320772103469e+00 4.179486786437968782e+00 4.179494497737814562e+00 4.800386830163934526e+00 4.800405294763265829e+00 6.230221882539183298e+00 6.230231388820344662e+00 6.706670361292910165e+00 6.706700709495190260e+00 7.738904390815888767e+00 7.738928791561852094e+00 1.032027393146923444e+01 1.032029751052994193e+01 1.093231498635926258e+01 1.093234670703404632e+01 1.112609112572786429e+01 1.112610760269871690e+01 1.190871144013840244e+01 1.190872101053602528e+01 1.276685248152082330e+01 1.276687125957901436e+01 1.478082420944980058e+01 1.478082966736602799e+01 1.652222913740213173e+01 1.652224479731952655e+01 2.323504490589099092e+01 2.323504833018376559e+01
1.944476740444702478e-01 2.300592547392847464e+00 2.300597623695133986e+00 3.500073949619821878e+00 3.500093291150392805e+00 4.183645784853069927e+00 4.183652018509731896e+00 4.800226271639993492e+00 4.800239731931299048e+00 6.229816740054560320e+00 6.229824909971758196e+00 6.706982788696024933e+00 6.707007112114084180e+00 7.737947219881736949e+00 7.737966768459391353e+00 1.032179518218507752e+01 1.032181397859134719e+01 1.093128861207871694e+01 1.093131423119274359e+01 1.112551440743074060e+01 1.112552776807302912e+01 1.190879904161307579e+01 1.190880648872500203e+01 1.276736951519620789e+01 1.276738483436638738e+01 1.478080980161436742e+01 1.478081419910074068e+01 1.652208127277262051e+01 1.652209392904770624e+01 2.323439814938393866e+01 2.323440091645460370e+01
1.953709499188910903e-01 2.301919364478495655e+00 2.301923334615568084e+00 3.500042022337862324e+00 3.500056576036234102e+00 4.187438036728871715e+00 4.187442755723590260e+00 4.800164871074240835e+00 4.800173955741822596e+00 6.229410997169732234e+00 6.229417551994290037e+00 6.707407783540307200e+00 6.707426026050503864e+00 7.737240205095172740e+00 7.737254851611234052e+00 1.032306046931101129e+01 1.032307449449899650e+01 1.093039221677979889e+01 1.093041157525780704e+01 1.112499461960120506e+01 1.112500475889912366e+01 1.190883522659169103e+01 1.190884064740735226e+01 1.276785808452230775e+01 1.276786978129556083e+01 1.478080254912574532e+01 1.478080586603032742e+01 1.652193464851564642e+01 1.652194422484941683e+01 2.323374988578872546e+01 2.323375197923134294e+01
1.962942257933119328e-01 2.303187553792785280e+00 2.303190307343515375e+00 3.499997462277159244e+00 3.500007187173419076e+00 4.190852477519218411e+00 4.190855649686953122e+00 4.800205549357266399e+00 4.800210922995790774e+00 6.229004949527306323e+00 6.229009604589403004e+00 6.707946895658190911e+00 6.707959035665257197e+00 7.736786959790855178e+00 7.736796690230804074e+00 1.032406355399535336e+01 1.032407284169604189e+01 1.092963148406058593e+01 1.092964446045788129e+01 1.112453158978110324e+01 1.112453841768525464e+01 1.190881963349428396e+01 1.190882313335203335e+01 1.276831732852661361e+01 1.276832525395753137e+01 1.478080253037106218e+01 1.478080475107230995e+01 1.652178943305650094e+01 1.652179586507633502e+01 2.323310076567410221e+01 2.323310217162771352e+01
1.972175016677327752e-01 2.304396470293752497e+00 2.304397899313942677e+00 3.499940290426171607e+00 3.499945159444041831e+00 4.193880178741711262e+00 4.193881776463711297e+00 4.800350382728748144e+00 4.800352729412995068e+00 6.228598915963902805e+00 6.228601385090166254e+00 6.708601016334855949e+00 6.708607065132795810e+00 7.736590257510780333e+00 7.736595093868985806e+00 1.032479943627597230e+01 1.032480404191720780e+01 1.092901114134484608e+01 1.092901765222976707e+01 1.112412508691985025e+01 1.112412852940162367e+01 1.190875206784718898e+01 1.190875375897515198e+01 1.276874650681263468e+01 1.276875052770320984e+01 1.478080979500554548e+01 1.478081090850655954e+01 1.652164578801733796e+01 1.652164902369117883e+01 2.323245143730683893e+01 2.323245214454286511e+01
1.981407775421536177e-01 2.305545642083567159e+00 2.305545642083579150e+00 3.499870550808700465e+00 3.499870550808704017e+00 4.196514435270979781e+00 4.196514435270985111e+00 4.800600550635052421e+00 4.800600550635060415e+00 6.228193240133853337e+00 6.228193240133859554e+00 6.709370359052036825e+00 6.709370359052039490e+00 7.736652023101859399e+00 7.736652023101866504e+00 1.032526441074985790e+01 1.032526441074986323e+01 1.092853489563134595e+01 1.092853489563135483e+01 1.112377483267388101e+01 1.112377483267388278e+01 1.190863250192142786e+01 1.190863250192143141e+01 1.276914500172640210e+01 1.276914500172641453e+01 1.478082436371371244e+01 1.478082436371372133e+01 1.652150386793840653e+01 1.652150386793842074e+01 2.323180254597771466e+01 2.323180254597773242e+01
1.990640534165744602e-01 2.306633234875048899e+00 2.306634763941599164e+00 3.499783442435878023e+00 3.499788310592152563e+00 4.198749210789507913e+00 4.198750827446611211e+00 4.800954597067623730e+00 4.800956303567939898e+00 6.227785546535186789e+00 6.227788291401578746e+00 6.710248470184610348e+00 6.710254447285971757e+00 7.736968580940651208e+00 7.736973324533169105e+00 1.032545160146308305e+01 1.032545611049896195e+01 1.092819886454637768e+01 1.092820538301674027e+01 1.112347702865545429e+01 1.112348051038265595e+01 1.190845950450820645e+01 1.190846107422204447e+01 1.276950820061714609e+01 1.276951232000176084e+01 1.478084511303195825e+01 1.478084622808970394e+01 1.652136055804202641e+01 1.652136382002905535e+01 2.323115402036647836e+01 2.323115473334341274e+01
1.999873292909953026e-01 2.307660538501969061e+00 2.307663691247087367e+00 3.499683939012038003e+00 3.499693660378194071e+00 4.200584008309895978e+00 4.200587255948063259e+00 4.801414081269482104e+00 4.801416955829774125e+00 6.227378711324256244e+00 6.227384464969354383e+00 6.711240254612537370e+00 6.711252109660057918e+00 7.737545004935510562e+00 7.737554365398277234e+00 1.032536463581880959e+01 1.032537353798565505e+01 1.092801112598006519e+01 1.092802413328767308e+01 1.112323478757159734e+01 1.112324177171444184e+01 1.190823507304119744e+01 1.190823808883675383e+01 1.276983977537805259e+01 1.276984809387647424e+01 1.478087312373303241e+01 1.478087535063741420e+01 1.652121924693157595e+01 1.652122578394946117e+01 2.323050720792370427e+01 2.323050863678443889e+01
2.009106051654161451e-01 2.308627569703033622e+00 2.308632434320201821e+00 3.499572169222732843e+00 3.499586714667005882e+00 4.202019060431478437e+00 4.202023948195018122e+00 4.801977196206174803e+00 4.801980907140007027e+00 6.226973170939084312e+00 6.226982181230707347e+00 6.712343874466211169e+00 6.712361482614831232e+00 7.738380659992335708e+00 7.738394478115889541e+00 1.032500392093785813e+01 1.032501708199085044e+01 1.092797212035906718e+01 1.092799155049311821e+01 1.112304775294813730e+01 1.112305824099570373e+01 1.190795967700671909e+01 1.190796401464744925e+01 1.277013950389927643e+01 1.277015208167387961e+01 1.478090833411728688e+01 1.478091166489012132e+01 1.652108007999790473e+01 1.652108989162421437e+01 2.322986274400814466e+01 2.322986488878034450e+01
2.018338810398369876e-01 2.309534495900182893e+00 2.309541153196349228e+00 3.499448286393435303e+00 3.499467612484906454e+00 4.203056904918259562e+00 4.203063435923813707e+00 4.802641117090908907e+00 4.802645680995164312e+00 6.226569389588740400e+00 6.226581884363502795e+00 6.713556808226107897e+00 6.713580020612759824e+00 7.739474031970495105e+00 7.739492117890810263e+00 1.032437125170570980e+01 1.032438852008005092e+01 1.092808115831536853e+01 1.092810690997432665e+01 1.112291554355355316e+01 1.112292951725413026e+01 1.190763394814078069e+01 1.190763948440326736e+01 1.277040729088994020e+01 1.277042416784720658e+01 1.478095065372754213e+01 1.478095507564912658e+01 1.652094319487939700e+01 1.652095626708829812e+01 2.322922125850366726e+01 2.322922411630250394e+01
2.027571569142578300e-01 2.310381630382559948e+00 2.310390152836085953e+00 3.499312469277975346e+00 3.499336518164024135e+00 4.203702334244262317e+00 4.203710504516706692e+00 4.803402077473680976e+00 4.803407928092538803e+00 6.226167856828585201e+00 6.226184040200229752e+00 6.714875868454224239e+00 6.714904513749337056e+00 7.740822722178581472e+00 7.740844857547065416e+00 1.032346979864369807e+01 1.032349100652428930e+01 1.092833643397346144e+01 1.092836837187071275e+01 1.112283775309551892e+01 1.112285517401821799e+01 1.190725867937103999e+01 1.190726529364887298e+01 1.277064316726711724e+01 1.277066436248673575e+01 1.478099996368070812e+01 1.478100545934021248e+01 1.652080872127978850e+01 1.652082502636615757e+01 2.322858337521807570e+01 2.322858694022511372e+01
2.036804327886786725e-01 2.311169427907178164e+00 2.311179878761302486e+00 3.499164922980513293e+00 3.499193622260838854e+00 4.203962318266045273e+00 4.203972115557028211e+00 4.804255529742871289e+00 4.804263382009029471e+00 6.225769084412831944e+00 6.225789133434446398e+00 6.716297226666586795e+00 6.716331112497431199e+00 7.742423442932595989e+00 7.742449383392459694e+00 1.032230408161574964e+01 1.032232904604766333e+01 1.092873505429842496e+01 1.092877301065881923e+01 1.112281394772443299e+01 1.112283475692807500e+01 1.190683482362380552e+01 1.190684239949696988e+01 1.277084728900572053e+01 1.277087280029228999e+01 1.478105611711549550e+01 1.478106266448601680e+01 1.652067678081811763e+01 1.652069627738415747e+01 2.322794971130033659e+01 2.322795397475509560e+01
2.046037086630995150e-01 2.311898480695454339e+00 2.311910913097084741e+00 3.499005879996011981e+00 3.499039142599235763e+00 4.203845902286420966e+00 4.203857304896085445e+00 4.805196261499853350e+00 4.805206891575243056e+00 6.225373602510186011e+00 6.225397664241338447e+00 6.717816444921337116e+00 6.717855359174127905e+00 7.744272014385588321e+00 7.744301492319206837e+00 1.032087993016150129e+01 1.032090845419424063e+01 1.092927308362393113e+01 1.092931685984395962e+01 1.112284366140683112e+01 1.112286777922248859e+01 1.190636349248409864e+01 1.190637191922885130e+01 1.277101993545584158e+01 1.277104973901675145e+01 1.478111893975434832e+01 1.478112651229231567e+01 1.652054748691183050e+01 1.652057011991701074e+01 2.322732087667657197e+01 2.322732582688089664e+01
2.055269845375203575e-01 2.312569514794566405e+00 2.312583970987909687e+00 3.498835601352398239e+00 3.498873325421920644e+00 4.203364083467997503e+00 4.203377059196381715e+00 4.806218433971894299e+00 4.806232558483427120e+00 6.224981955385703536e+00 6.225010144406376789e+00 6.719428513572205830e+00 6.719472225592607373e+00 7.746363362878002867e+00 7.746396090385953670e+00 1.031920443162055712e+01 1.031923630548129367e+01 1.092994560208721744e+01 1.092999497053291869e+01 1.112292638924422228e+01 1.112295371518002440e+01 1.190584595469332108e+01 1.190585512870215368e+01 1.277116150713595388e+01 1.277119555738797452e+01 1.478118823057689823e+01 1.478119679734521874e+01 1.652042094469288358e+01 1.652044664556779097e+01 2.322669747350538927e+01 2.322670309584099257e+01
2.064502604119411999e-01 2.313183386763665084e+00 2.313199897347976375e+00 3.498654377835704210e+00 3.498696446632064916e+00 4.202529669079609675e+00 4.202544174424805767e+00 4.807315635781387542e+00 4.807333880645442648e+00 6.224594696664697224e+00 6.224627093067629957e+00 6.721127894526749635e+00 6.721176156248446887e+00 7.748691521092311518e+00 7.748727193161503379e+00 1.031728586851847851e+01 1.031732087081150695e+01 1.093074677637114078e+01 1.093080148228996151e+01 1.112306157882715318e+01 1.112309199160609730e+01 1.190528363446529525e+01 1.190529346054021076e+01 1.277127252301389859e+01 1.277131075252021652e+01 1.478126376260198604e+01 1.478127328841624433e+01 1.652029725095773927e+01 1.652032593778196912e+01 2.322608009565279730e+01 2.322608637261205189e+01
2.073735362863620424e-01 2.313741080635348002e+00 2.313759663895832652e+00 3.498462531278088594e+00 3.498508813105472459e+00 4.201357120390821542e+00 4.201373100089084822e+00 4.808480973958131344e+00 4.808503872748265628e+00 6.224212384303010381e+00 6.224249032185452890e+00 6.722908569257088018e+00 6.722961116294700723e+00 7.751249630323006734e+00 7.751287928138792971e+00 1.031513364691004320e+01 1.031517154584166462e+01 1.093166994090480593e+01 1.093172970443039382e+01 1.112324861973248957e+01 1.112328197747596725e+01 1.190467810959805561e+01 1.190468850207320273e+01 1.277135361728930896e+01 1.277139593682774787e+01 1.478134528377451673e+01 1.478135572937125453e+01 1.652017649415087064e+01 1.652020807189474993e+01 2.322546932818706011e+01 2.322547623941719053e+01
2.082968121607828849e-01 2.314243705096282522e+00 2.314264366416460827e+00 3.498260415886136787e+00 3.498310764050974520e+00 4.199862386164199712e+00 4.199879773136636629e+00 4.809707181290810318e+00 4.809735178117500176e+00 6.223835575391721164e+00 6.223876481856700060e+00 6.724764090738831968e+00 6.724820643484544114e+00 7.754029945192800533e+00 7.754070539548150620e+00 1.031275821751061272e+01 1.031279877214018370e+01 1.093270768751080446e+01 1.093277220574285913e+01 1.112348683129462934e+01 1.112352297186579797e+01 1.190403110935477926e+01 1.190404199299748456e+01 1.277140553569379300e+01 1.277145183445604815e+01 1.478143251795344781e+01 1.478144384017941171e+01 1.652005875438196369e+01 1.652009311521164037e+01 2.322486574689354200e+01 2.322487326925420348e+01
2.092200880352037273e-01 2.314692490823295756e+00 2.314715222186973786e+00 3.498048419585369828e+00 3.498102672395305479e+00 4.198062729643284641e+00 4.198081445379049370e+00 4.810986726807600533e+00 4.811020178529435753e+00 6.223464820923390484e+00 6.223509955590066589e+00 6.726687638443609174e+00 6.726747903206379497e+00 7.757023841156536648e+00 7.757066395910382717e+00 1.031017099149235250e+01 1.031021395301143784e+01 1.093385196140869908e+01 1.093392091055339144e+01 1.112377544880864022e+01 1.112381419033097352e+01 1.190334451208335231e+01 1.190335582271709391e+01 1.277142913132772861e+01 1.277147927724858434e+01 1.478152516599611666e+01 1.478153731801722515e+01 1.651994410347658260e+01 1.651998112712147559e+01 2.322426991780992367e+01 2.322427802544418540e+01
2.101433639096245698e-01 2.315088787905799972e+00 2.315113567495556968e+00 3.497826965354067674e+00 3.497884946165424669e+00 4.195976552719411501e+00 4.195996508090487964e+00 4.812311923826371185e+00 4.812351101483895555e+00 6.223100660642308490e+00 6.223149955654847076e+00 6.728672075482614368e+00 6.728735745705146876e+00 7.760221825136325080e+00 7.760266000672980446e+00 1.030738425278416237e+01 1.030742936582612934e+01 1.093509416148542535e+01 1.093516719904523526e+01 1.112411360835647756e+01 1.112415474992321585e+01 1.190262034253877310e+01 1.190263202732966086e+01 1.277142536005417739e+01 1.277147920026872896e+01 1.478162290693441072e+01 1.478163583846295381e+01 1.651983260505974727e+01 1.651987215924122054e+01 2.322368239678160506e+01 2.322369106120013171e+01
2.110666397840454123e-01 2.315434063281139654e+00 2.315460855179945376e+00 3.497596512517798573e+00 3.497658029839897598e+00 4.193623220617993752e+00 4.193644317088839557e+00 4.813675032579641133e+00 4.813720122642150656e+00 6.222743618092397178e+00 6.222796968607783086e+00 6.730710006992505434e+00 6.730776764574770255e+00 7.763613549623822330e+00 7.763659006266092177e+00 1.030441106860210176e+01 1.030445807258464264e+01 1.093642524281328754e+01 1.093650200981802456e+01 1.112450033048483178e+01 1.112454365307478277e+01 1.190186076886711675e+01 1.190187278621981015e+01 1.277139527547301512e+01 1.277145263689912014e+01 1.478172539923726170e+01 1.478173905677579292e+01 1.651972431467199698e+01 1.651976625559154144e+01 2.322310372903752551e+01 2.322311291921582921e+01
2.119899156584662547e-01 2.315729898105337359e+00 2.315758652106607585e+00 3.497357557973712172e+00 3.497422405637963472e+00 4.191022890010016155e+00 4.191045021178772423e+00 4.815068355296973301e+00 4.815119461170119131e+00 6.222394195965128993e+00 6.222451461092142644e+00 6.732793838870495762e+00 6.732863355620260393e+00 7.767187830568729190e+00 7.767234231898788366e+00 1.030126519976709432e+01 1.030131383026939496e+01 1.093783581952149753e+01 1.093791594279487533e+01 1.112493450300591036e+01 1.112497977061995869e+01 1.190106809920292363e+01 1.190108041822474583e+01 1.277134002349989217e+01 1.277140071354224915e+01 1.478183228215423561e+01 1.478184660925439964e+01 1.651961927991706247e+01 1.651966345280218107e+01 2.322253444878618822e+01 2.322254413127470585e+01
2.129131915328870972e-01 2.315977984979679771e+00 2.316008636510510588e+00 3.497110637311250159e+00 3.497178594712768707e+00 4.188196342967724917e+00 4.188219396355821189e+00 4.816484322155592857e+00 4.816541466194766308e+00 6.222052871835634491e+00 6.222113875990420873e+00 6.734915836000510581e+00 6.734987775221719097e+00 7.770932669346898081e+00 7.770979685391389502e+00 1.029796101215252868e+01 1.029801100232778666e+01 1.093931626629319709e+01 1.093939936075090813e+01 1.112541486323763174e+01 1.112546182426822661e+01 1.190024477782499268e+01 1.190025737734016431e+01 1.277126083657653410e+01 1.277132464394797218e+01 1.478194317713384187e+01 1.478195811466836673e+01 1.651951754064032585e+01 1.651956378034577710e+01 2.322197507883191392e+01 2.322198521787847625e+01
2.138364674073079397e-01 2.316180124952639918e+00 2.316212595113476436e+00 3.496856325794072351e+00 3.496927158213028353e+00 4.185164828679702076e+00 4.185188687673521812e+00 4.817915566984726006e+00 4.817978693116691247e+00 6.221720094360373210e+00 6.221784628998550559e+00 6.737068179165680348e+00 6.737142197385531439e+00 7.774835279067876748e+00 7.774882589306751690e+00 1.029451339036497970e+01 1.029456447238738015e+01 1.094085681695103673e+01 1.094094248792720059e+01 1.112593998004713747e+01 1.112598836888997589e+01 1.189939338080943543e+01 1.189940624793828583e+01 1.277115902754043297e+01 1.277122572319531635e+01 1.478205768931101893e+01 1.478207317575695257e+01 1.651941912913697053e+01 1.651946726079882666e+01 2.322142613021106783e+01 2.322143668789543725e+01
2.147597432817287821e-01 2.316338224216379249e+00 2.316372419939629168e+00 3.496595239166256697e+00 3.496668698175660062e+00 4.181949914347947939e+00 4.181974460190118315e+00 4.819354992063076715e+00 4.819423969031012334e+00 6.221396279992965184e+00 6.221464105673998546e+00 6.739243019910612809e+00 6.739318768736344722e+00 7.778882115440045375e+00 7.778929411602481636e+00 1.029093765451061948e+01 1.029098956105396034e+01 1.094244765879814452e+01 1.094253550439678868e+01 1.112650823610800721e+01 1.112655777502101806e+01 1.189851661111518943e+01 1.189852973947228953e+01 1.277103598318356426e+01 1.277110532135745480e+01 1.478217540905685112e+01 1.478219138078806516e+01 1.651932407038860973e+01 1.651937391012831569e+01 2.322088810184800778e+01 2.322089903822793389e+01
2.156830191561496246e-01 2.316454290418891837e+00 2.316490104747493284e+00 3.496328034243892269e+00 3.496403858209674809e+00 4.178573346233885211e+00 4.178598459961964551e+00 4.820795821768416367e+00 4.820870446964698353e+00 6.221081810258842104e+00 6.221152658995666052e+00 6.741432532698516056e+00 6.741509660785963476e+00 7.783058912364731796e+00 7.783105900979957248e+00 1.028724948065267597e+01 1.028730194639575757e+01 1.094407902158570067e+01 1.094416863505272808e+01 1.112711781082486162e+01 1.112716821203444439e+01 1.189761729303709892e+01 1.189763068064164919e+01 1.277089315753056020e+01 1.277096487687974857e+01 1.478229591358416251e+01 1.478231230517110895e+01 1.651923238232695113e+01 1.651928373800215510e+01 2.322036148023051538e+01 2.322037275349881114e+01
2.166062950305704671e-01 2.316530428515801709e+00 2.316567741001906988e+00 3.496055409252468493e+00 3.496133323930965986e+00 4.175056921414674882e+00 4.175082485650908559e+00 4.822231645204794859e+00 4.822311649028226732e+00 6.220777029613509868e+00 6.220850607458887183e+00 6.743628963798697029e+00 6.743707118907041220e+00 7.787350722377766488e+00 7.787397127053603541e+00 1.028346482533277495e+01 1.028351758848439701e+01 1.094574126017624671e+01 1.094583223228519131e+01 1.112776666441600248e+01 1.112781763246451661e+01 1.189669836596672958e+01 1.189671201298998326e+01 1.277073206486844192e+01 1.277080588970227737e+01 1.478241876860210802e+01 1.478243551311682857e+01 1.651914407612309077e+01 1.651919674812191730e+01 2.321984673910453623e+01 2.321985830575643206e+01
2.175295709049913095e-01 2.316568836089610617e+00 2.316607513311982558e+00 3.495778103869362496e+00 3.495857823106200080e+00 4.171422370466310703e+00 4.171448270973133532e+00 4.823656448236545380e+00 4.823741498896702673e+00 6.220482243893945551e+00 6.220558233714658769e+00 6.745824676437719880e+00 6.745903507538752564e+00 7.791741962001140109e+00 7.791787525408505388e+00 1.027959985431924217e+01 1.027965265815333673e+01 1.094742493015698415e+01 1.094751685159886634e+01 1.112845252367213789e+01 1.112850375799381020e+01 1.189576287741002147e+01 1.189577678390144655e+01 1.277055427256024700e+01 1.277062991415872695e+01 1.478254353001278254e+01 1.478256055933709234e+01 1.651905915650075940e+01 1.651911293857584795e+01 2.321934433918738705e+01 2.321935615419764432e+01
2.184528467794121520e-01 2.316571798070547139e+00 2.316611694268210453e+00 3.495496898931127472e+00 3.495578125464542385e+00 4.167691251008598385e+00 4.167717377939844425e+00 4.825064635595264662e+00 4.825154344281738616e+00 6.220197719359359390e+00 6.220275783750137677e+00 6.748012191848254737e+00 6.748091351254260850e+00 7.796216462008845660e+00 7.796260947556196363e+00 1.027567087556477254e+01 1.027572346995408381e+01 1.094912085582836525e+01 1.094921331959225341e+01 1.112917286992374422e+01 1.112922406762880811e+01 1.189481397522319917e+01 1.189482813895547686e+01 1.277036139367606182e+01 1.277043855168470188e+01 1.478266974564285086e+01 1.478268699077772474e+01 1.651897762207175546e+01 1.651903230221015662e+01 2.321885472789963245e+01 2.321886674490846048e+01
2.193761226538329945e-01 2.316541680799836023e+00 2.316582638618266188e+00 3.495212615765479480e+00 3.495295042135723840e+00 4.163884851827305944e+00 4.163911100623977291e+00 4.826451043897310278e+00 4.826544970231902099e+00 6.219923682305334545e+00 6.220003466596063291e+00 6.750184225951331385e+00 6.750263371423164571e+00 7.800757522551228007e+00 7.800800715738846591e+00 1.027169427620678732e+01 1.027174641914132280e+01 1.095082019014936670e+01 1.095091279387626670e+01 1.112992492974832359e+01 1.112997578858765557e+01 1.189385489904100268e+01 1.189386931359474353e+01 1.277015507947512063e+01 1.277023344336867261e+01 1.478279695700300778e+01 1.478281434837719388e+01 1.651889946569164636e+01 1.651895482701656448e+01 2.321837833911455817e+01 2.321839051062165282e+01
2.202993985282538369e-01 2.316480925385087986e+00 2.316522776730057576e+00 3.494926115109847409e+00 3.495009424675155074e+00 4.160024107126642612e+00 4.160050379027879330e+00 4.827810946520809665e+00 4.827908604214356636e+00 6.219660319225055467e+00 6.219741454537281555e+00 6.752333721507073783e+00 6.752412518303394506e+00 7.805347973022835895e+00 7.805389682472759993e+00 1.026768646332844881e+01 1.026773792240300764e+01 1.095251446636390114e+01 1.095260681465243557e+01 1.113070566892929669e+01 1.113075589040430202e+01 1.189288897088254338e+01 1.189290362405991530e+01 1.276993701177315543e+01 1.277001626237947640e+01 1.478292470106809020e+01 1.478294216884404477e+01 1.651882467483392958e+01 1.651888049653400614e+01 2.321791559292518770e+01 2.321792787049096418e+01
2.212226744026746794e-01 2.316392040306762379e+00 2.316434607299689308e+00 3.494638295580420273e+00 3.494722163638554147e+00 4.156129520353306184e+00 4.156155722516664319e+00 4.829140051349710028e+00 4.829240913990727968e+00 6.219407777482833133e+00 6.219489883794664387e+00 6.754453875663880780e+00 6.754531998493340517e+00 7.809970236499887086e+00 7.810010294663089603e+00 1.026366380811435164e+01 1.026371436196776621e+01 1.095419564116484601e+01 1.095428734780341884e+01 1.113151179013872927e+01 1.113156108271416578e+01 1.189191958492940060e+01 1.189193445754864698e+01 1.276970889522905495e+01 1.276978870630408558e+01 1.478305251207059534e+01 1.478306998644598202e+01 1.651875323198035517e+01 1.651880929026210509e+01 2.321746689542800013e+01 2.321747922988106794e+01
2.221459502770955219e-01 2.316277593246736988e+00 2.316320689274483868e+00 3.494350091659427449e+00 3.494434186672366049e+00 4.152221096964283653e+00 4.152247142213822073e+00 4.830434492407053249e+00 4.830537999316097952e+00 6.219166166458646394e+00 6.219248855640726603e+00 6.756538162924558222e+00 6.756615297765123707e+00 7.814606398517480734e+00 7.814644662065463265e+00 1.025964259298238979e+01 1.025969203266952334e+01 1.095585612937655107e+01 1.095594681947345705e+01 1.113233973475649030e+01 1.113238781712773040e+01 1.189095019647705875e+01 1.189096526156429867e+01 1.276947244958505934e+01 1.276955248942974208e+01 1.478317992330062047e+01 1.478319733480361897e+01 1.651868511502554782e+01 1.651874118408440495e+01 2.321703263852294796e+01 2.321704498017293261e+01
2.230692261515163644e-01 2.316140202121397262e+00 2.316183632972292905e+00 3.494062471172628914e+00 3.494146456090467368e+00 4.148318285475836475e+00 4.148344091719854632e+00 4.831690816379277109e+00 4.831796378469748632e+00 6.218935559117214851e+00 6.219018437906405516e+00 6.758580353627698045e+00 6.758656199380775220e+00 7.819238279902188893e+00 7.819274629815237354e+00 1.025563896124728558e+01 1.025568709152359936e+01 1.095748883025449061e+01 1.095757814223519944e+01 1.113318568915869200e+01 1.113323229351990129e+01 1.188998431006652723e+01 1.188999953243208374e+01 1.276922940189430022e+01 1.276930933500407406e+01 1.478330646890486655e+01 1.478332374868178611e+01 1.651862029769351636e+01 1.651867615069884465e+01 2.321661319972905702e+01 2.321662549858363178e+01
2.239925020259372068e-01 2.315982525315580798e+00 2.316026090392552916e+00 3.493776432235116136e+00 3.493859965913717502e+00 4.144439926123768103e+00 4.144465415505019124e+00 4.832905964986151659e+00 4.833012970579432022e+00 6.218715993951916765e+00 6.218798666833476929e+00 6.760574528113794557e+00 6.760648798065155063e+00 7.823847513325631553e+00 7.823881854694644034e+00 1.025166886887035567e+01 1.025171550936779674e+01 1.095908714561438835e+01 1.095917473305427237e+01 1.113404559571130648e+01 1.113409047096749127e+01 1.188902546680889927e+01 1.188904080297501231e+01 1.276898147876903877e+01 1.276906096750646036e+01 1.478343168567782584e+01 1.478344876577153322e+01 1.651855874996388351e+01 1.651861416005321459e+01 2.321620894201510410e+01 2.321622114800028669e+01
2.249157779003580493e-01 2.315807251127739885e+00 2.315850744728769062e+00 3.493492999649912889e+00 3.493575738355453097e+00 4.140604206476668381e+00 4.140629304334623839e+00 4.834077254085626052e+00 4.834185074635166224e+00 6.218507477252276594e+00 6.218589549225603363e+00 6.762515086805762188e+00 6.762587509870471969e+00 7.828415623196793405e+00 7.828447884759423658e+00 1.024774803786912258e+01 1.024779302414122384e+01 1.096064499011242965e+01 1.096073052337364651e+01 1.113491516859347819e+01 1.113495808345768090e+01 1.188807723092247493e+01 1.188809262935743760e+01 1.276873039868269366e+01 1.276880910496380217e+01 1.478355511483820095e+01 1.478357192845614065e+01 1.651850043850560823e+01 1.651855517978331278e+01 2.321582021364447712e+01 2.321583227682705797e+01
2.258390537747788918e-01 2.315617086451331463e+00 2.315660299106524267e+00 3.493213220752384718e+00 3.493294819744202417e+00 4.136828623370115032e+00 4.136853257105791215e+00 4.835202350324352416e+00 4.835310346009773497e+00 6.218309985642512139e+00 6.218391064849829952e+00 6.764396756483590067e+00 6.764467078217520246e+00 7.832924108467936186e+00 7.832954241903039794e+00 1.024389191099692553e+01 1.024393509541049418e+01 1.096215679410200572e+01 1.096223996174523485e+01 1.113578991445355371e+01 1.113583066037046088e+01 1.188714317551123045e+01 1.188715857712038826e+01 1.276847786435741483e+01 1.276855545134235470e+01 1.478367630378370379e+01 1.478369278555437560e+01 1.651844532711572811e+01 1.651849917565133552e+01 2.321544734803399379e+01 2.321545921884498753e+01
2.267623296491997342e-01 2.315414744733050423e+00 2.315457464587203695e+00 3.492938160701946071e+00 3.493018275884077539e+00 4.133129950563601440e+00 4.133154048501416433e+00 4.836279246061015336e+00 4.836386771219151726e+00 6.218123468839911183e+00 6.218203169041521150e+00 6.766214593072057859e+00 6.766282576438432450e+00 7.837354527888616751e+00 7.837382506895230527e+00 1.024011560735251791e+01 1.024015685980285006e+01 1.096361749958987097e+01 1.096369800953529605e+01 1.113666515777507193e+01 1.113670355161449521e+01 1.188622686762460745e+01 1.188624220644896035e+01 1.276822555526875824e+01 1.276830168904740859e+01 1.478379480781769217e+01 1.478381089403464799e+01 1.651839337716091904e+01 1.651844611198224655e+01 2.321509066362540352e+01 2.321510229308341877e+01
2.276856055236205767e-01 2.315202933264093321e+00 2.315244947493090510e+00 3.492668897233309977e+00 3.492747186863357722e+00 4.129524211560472224e+00 4.129547701898327539e+00 4.837306233202782302e+00 4.837412641568099581e+00 6.217947852582462076e+00 6.218025795466258998e+00 6.767963981289507380e+00 6.768029407174692480e+00 7.841688587206653516e+00 7.841714406395023040e+00 1.023643387863993937e+01 1.023647308706653192e+01 1.096502254990187630e+01 1.096510013031871544e+01 1.113753607070490936e+01 1.113757195717235149e+01 1.188533185265151459e+01 1.188534705672825531e+01 1.276797512029758508e+01 1.276804947156097292e+01 1.478391019184113198e+01 1.478392582069374939e+01 1.651834454801958429e+01 1.651839595209585454e+01 2.321475046376945883e+01 2.321476180370281384e+01
2.286088813980414192e-01 2.314984339874851305e+00 2.315025436124111380e+00 3.492406514889458524e+00 3.492482641332622872e+00 4.126026657069679082e+00 4.126049466998265913e+00 4.838281876510413859e+00 4.838386526242016039e+00 6.217783041677768630e+00 6.217858858994670612e+00 6.769640631524455721e+00 6.769703299002891583e+00 7.845908227782303790e+00 7.845931901404728848e+00 1.023286106586662925e+01 1.023289813654653457e+01 1.096636787374379196e+01 1.096644227365414004e+01 1.113839770697720333e+01 1.113843096069430239e+01 1.188446163811613587e+01 1.188447663046019542e+01 1.276772817055824838e+01 1.276780041624683548e+01 1.478402203200363729e+01 1.478403714379405187e+01 1.651829879752183672e+01 1.651834865873204805e+01 2.321442703662149754e+01 2.321443803988797683e+01
2.295321572724622616e-01 2.314761619120492497e+00 2.314801586953159074e+00 3.492152098770882507e+00 3.492225730285558605e+00 4.122651746626275759e+00 4.122673801682640971e+00 4.839204986846556977e+00 4.839307245323491102e+00 6.217628923127525908e+00 6.217702258648016844e+00 6.771240574317408445e+00 6.771300300671230232e+00 7.849995716053260963e+00 7.850017276601488625e+00 1.022941105633987924e+01 1.022944591393653546e+01 1.096764986440284417e+01 1.096772085399277863e+01 1.113924503946028111e+01 1.113927556667471386e+01 1.188361967695854204e+01 1.188363437662967037e+01 1.276748627243108558e+01 1.276755609735113239e+01 1.478412991730764148e+01 1.478414445465347526e+01 1.651825608238555176e+01 1.651830419446740450e+01 2.321412065504798150e+01 2.321413127575108248e+01
2.304554331468831041e-01 2.314537378056740646e+00 2.314576010399702177e+00 3.491906727846483705e+00 3.491977540387312118e+00 4.119413133920524217e+00 4.119434357621284626e+00 4.840074594766277549e+00 4.840173843136474474e+00 6.217485369285095764e+00 6.217555880575547533e+00 6.772760152826894142e+00 6.772816773330861295e+00 7.853933733263258610e+00 7.853953229956868398e+00 1.022609724089595495e+01 1.022612982824253258e+01 1.096886535487786141e+01 1.096893272551676901e+01 1.114007300076263007e+01 1.114010074065500078e+01 1.188280935039914255e+01 1.188282367362401892e+01 1.276725094082579126e+01 1.276731803922539399e+01 1.478423345115981213e+01 1.478424735918241062e+01 1.651821635864573423e+01 1.651826252212053348e+01 2.321383157654323171e+01 2.321384177024379269e+01
2.313787090213039466e-01 2.314314161720023577e+00 2.314351256295587689e+00 3.491671467884002400e+00 3.491739146907182789e+00 4.116323655416503691e+00 4.116343969194597996e+00 4.840889924780238829e+00 4.840985562252060781e+00 6.217352241006699920e+00 6.217419601027064147e+00 6.774196013654022686e+00 6.774249381141439486e+00 7.857705464845730070e+00 7.857722962032003267e+00 1.022293247137038819e+01 1.022296274896857504e+01 1.097001158975009005e+01 1.097007515372732023e+01 1.114087652626290392e+01 1.114090145182654013e+01 1.188203395050195965e+01 1.188204781182537850e+01 1.276702363270088725e+01 1.276708770979753815e+01 1.478433225286425490e+01 1.478434547936240406e+01 1.651817958207530879e+01 1.651822360514432475e+01 2.321356004315581600e+01 2.321356976707784980e+01
2.323019848957247890e-01 2.314094438437591439e+00 2.314129799169022839e+00 3.491447364069214299e+00 3.491511606324665618e+00 4.113395321865962906e+00 4.113414645313790530e+00 4.841650370559427152e+00 4.841741818427544253e+00 6.217229390760264707e+00 6.217293289287492364e+00 6.775545096388978727e+00 6.775595080618641575e+00 7.861294688837218381e+00 7.861310264317370233e+00 1.021992901838953571e+01 1.021995696360758110e+01 1.097108619461048562e+01 1.097114578460653611e+01 1.114165059887795728e+01 1.114167271735636255e+01 1.188129666256677197e+01 1.188130997600984706e+01 1.276680574086310571e+01 1.276686651431501573e+01 1.478442595905221957e+01 1.478443845466138740e+01 1.651814570859501430e+01 1.651818740800300489e+01 2.321330628142379382e+01 2.321331549465350008e+01
2.332252607701456315e-01 2.313880585102817466e+00 2.313914023482314342e+00 3.491235433393644616e+00 3.491295948688151629e+00 4.110639312345479190e+00 4.110657563748341126e+00 4.842355471296547087e+00 4.842442176696407863e+00 6.217116665659364827e+00 6.217176810543151966e+00 6.776804622227058594e+00 6.776851109075316515e+00 7.864685862682913253e+00 7.864699605971548380e+00 1.021709852963104126e+01 1.021712413558911337e+01 1.097208714384516703e+01 1.097214261216215370e+01 1.114239029485413290e+01 1.114240964772951692e+01 1.188060054749478311e+01 1.188061322770124306e+01 1.276659858806903181e+01 1.276665578938279744e+01 1.478451422504337920e+01 1.478452594338073389e+01 1.651811469467024907e+01 1.651815389653189925e+01 2.321307050231818536e+01 2.321307916599507237e+01
2.341485366445664740e-01 2.313674872560153695e+00 2.313706208968166589e+00 3.491036656901310931e+00 3.491093169816744890e+00 4.108065970463776750e+00 4.108083067591791426e+00 4.843004889392132917e+00 4.843086328779457439e+00 6.217013910392851450e+00 6.217070028652280200e+00 6.777972081982571062e+00 6.778014972488136003e+00 7.867864207789156517e+00 7.867876218303459623e+00 1.021445198876221383e+01 1.021447526289909824e+01 1.097301272754866730e+01 1.097306394513176286e+01 1.114309082985855426e+01 1.114310749239302112e+01 1.187994852428477088e+01 1.187996048763924328e+01 1.276640342144981588e+01 1.276645679731751315e+01 1.478459672613389486e+01 1.478460762392939820e+01 1.651808649769299109e+01 1.651812303827835393e+01 2.321285290119407563e+01 2.321286097869313281e+01
2.350718125189873164e-01 2.313479451249700336e+00 2.313508516215075694e+00 3.490851971892674932e+00 3.490904223443487719e+00 4.105684802402591593e+00 4.105700663517637850e+00 4.843598389594104603e+00 4.843674071947531523e+00 6.216920970024246706e+00 6.216972808795409478e+00 6.779045223806615006e+00 6.779084433098692131e+00 7.870815791176211995e+00 7.870826176337602398e+00 1.021199967531917174e+01 1.021202063764260970e+01 1.097386151828852441e+01 1.097390837357567506e+01 1.114374760465784853e+01 1.114376168499655684e+01 1.187934335282726650e+01 1.187935451853159385e+01 1.276622140727825716e+01 1.276627072083732628e+01 1.478467315880702238e+01 1.478468319602107073e+01 1.651806107634664755e+01 1.651809480282170739e+01 2.321265365774870659e+01 2.321266111485272177e+01
2.359950883934081589e-01 2.313296337265294600e+00 2.313322972656369547e+00 3.490682264191771189e+00 3.490730013406415200e+00 4.103504476469852058e+00 4.103519021496395247e+00 4.844135819685969402e+00 4.844205289432464312e+00 6.216837692637951385e+00 6.216885019983787508e+00 6.780022040890663959e+00 6.780057497033326719e+00 7.873527603589180579e+00 7.873536476803067785e+00 1.020975112583452571e+01 1.020976980686848989e+01 1.097463233838655050e+01 1.097467473602845978e+01 1.114435624969869920e+01 1.114436788755102192e+01 1.187878761717285769e+01 1.187879790826847071e+01 1.276605362609596561e+01 1.276609865810589639e+01 1.478474324186206879e+01 1.478475238179021822e+01 1.651803839095216020e+01 1.651806916207096165e+01 2.321247293598605310e+01 2.321247974104702649e+01
2.369183642678290014e-01 2.313127398981292604e+00 2.313151459118726549e+00 3.490528360586667933e+00 3.490571385997963905e+00 4.101532823859652233e+00 4.101545975664306454e+00 4.844617092791689394e+00 4.844679932455399296e+00 6.216763931812216981e+00 6.216806537406555755e+00 6.780900759412758383e+00 6.780932402200267717e+00 7.875987633435896917e+00 7.875995111894715350e+00 1.020771509655588183e+01 1.020773153501231079e+01 1.097532422831613985e+01 1.097536208781163403e+01 1.114491266794481916e+01 1.114492203286549099e+01 1.187828370945540613e+01 1.187829305378135558e+01 1.276590106821683612e+01 1.276594161814695383e+01 1.478480671745808017e+01 1.478481492682341170e+01 1.651801840379349784e+01 1.651804609053850470e+01 2.321231088418711508e+01 2.321231700827600619e+01
2.378416401422498438e-01 2.312974344401742766e+00 2.312995697084597513e+00 3.490391021556708218e+00 3.490429122587150879e+00 4.099776840328956951e+00 4.099788526052980941e+00 4.845042171343335369e+00 4.845098003919436458e+00 6.216699548901696737e+00 6.216737244599862322e+00 6.781679826957509150e+00 6.781707606696115498e+00 7.878184935938237210e+00 7.878191138170926422e+00 1.020589952812135159e+01 1.020591376834137520e+01 1.097593641674427367e+01 1.097596967103796750e+01 1.114541307537529491e+01 1.114542036467235597e+01 1.187783381465314392e+01 1.187784214573088271e+01 1.276576462962156988e+01 1.276580051664484117e+01 1.478486335206866720e+01 1.478487060110247420e+01 1.651800107942080587e+01 1.651802556558836699e+01 2.321216763488568446e+01 2.321217305192963920e+01
2.387649160166706863e-01 2.312838709381656255e+00 2.312857236818993023e+00 3.490270934399618774e+00 3.490303932628322059e+00 4.098242688518649146e+00 4.098252840909306194e+00 4.845411052740342228e+00 4.845459543796003743e+00 6.216644415114725319e+00 6.216677035423029629e+00 6.782357901615644558e+00 6.782381777927722233e+00 7.880109696905837069e+00 7.880114739978740346e+00 1.020431151257056079e+01 1.020432360180052811e+01 1.097646829267494439e+01 1.097649688676440327e+01 1.114585403860635182e+01 1.114585947490650675e+01 1.187743989636923381e+01 1.187744715420645569e+01 1.276564510825624232e+01 1.276567617214441519e+01 1.478491293734500545e+01 1.478491919985639846e+01 1.651798638493005811e+01 1.651800756765819855e+01 2.321204330484897582e+01 2.321204799175523092e+01
2.396881918910915288e-01 2.312721846862731301e+00 2.312737446503946082e+00 3.490168706869591020e+00 3.490196447168840699e+00 4.096935700665433444e+00 4.096944259355895568e+00 4.845723756716134645e+00 4.845764616221114984e+00 6.216598413373028542e+00 6.216625815829186052e+00 6.782933841943822095e+00 6.782953782629387085e+00 7.881753290566575920e+00 7.881757286837405729e+00 1.020295726307058004e+01 1.020296724866040350e+01 1.097691938008025403e+01 1.097694326967884848e+01 1.114623250915997410e+01 1.114623633766426813e+01 1.187710368380758830e+01 1.187710981561465928e+01 1.276554320074673399e+01 1.276556930266269418e+01 1.478495529088419858e+01 1.478496054431932727e+01 1.651797429021718244e+01 1.651799208045309797e+01 2.321193799506250244e+01 2.321194193182838816e+01
2.406114677655123713e-01 2.312624917257165791e+00 2.312637502514885757e+00 3.490084861431923091e+00 3.490107212962387795e+00 4.095860381472828493e+00 4.095867294165262074e+00 4.845980314418452117e+00 4.846013298307894956e+00 6.216561439943516731e+00 6.216583505419204236e+00 6.783406697941385843e+00 6.783422677930508016e+00 7.883108330911674066e+00 7.883111384269940736e+00 1.020184208672621295e+01 1.020185001335892494e+01 1.097728931533885266e+01 1.097730846563798046e+01 1.114654585396668729e+01 1.114654833942845613e+01 1.187682666011119181e+01 1.187683162092464251e+01 1.276545949953910686e+01 1.276548052272280565e+01 1.478499025690050139e+01 1.478499448239197633e+01 1.651796476820613080e+01 1.651797909111119367e+01 2.321185179071914106e+01 2.321185496052750352e+01
2.415347436399332137e-01 2.312548880100454340e+00 2.312558380960934024e+00 3.490019830232534925e+00 3.490036687287624950e+00 4.095020410932942667e+00 4.095025634445271123e+00 4.846180759203269517e+00 4.846205670675343136e+00 6.216533405833807535e+00 6.216550038769755204e+00 6.783775703177459704e+00 6.783787703604551744e+00 7.884168716031765278e+00 7.884170917652585153e+00 1.020097036082363218e+01 1.020097626790304624e+01 1.097757782774060864e+01 1.097759221231133075e+01 1.114679188175767166e+01 1.114679330520170453e+01 1.187661005221663935e+01 1.187661380542526501e+01 1.276539449047464636e+01 1.276541034081949988e+01 1.478501770679741512e+01 1.478502088920452628e+01 1.651795779504906392e+01 1.651796859033934339e+01 2.321178476121177781e+01 2.321178715051129515e+01
2.424580195143540562e-01 2.312494487079797434e+00 2.312500850596382218e+00 3.489973950869717623e+00 3.489985233561017530e+00 4.094418646917441507e+00 4.094422148060631983e+00 4.846325119138036541e+00 4.846341809688822444e+00 6.216514237945074406e+00 6.216525366527620555e+00 6.784040268179708733e+00 6.784048275607199585e+00 7.884929664936657367e+00 7.884931088750938954e+00 1.020034551282710389e+01 1.020034943216064249e+01 1.097778472326150556e+01 1.097779432313083881e+01 1.114696886509854501e+01 1.114696952021384924e+01 1.187645482236259831e+01 1.187645734013251264e+01 1.276534855080690001e+01 1.276535915732401882e+01 1.478503753963875056e+01 1.478503966757898702e+01 1.651795335029812151e+01 1.651796057251881322e+01 2.321173696012913723e+01 2.321173855869913893e+01
2.433812953887748987e-01 2.312462276529132943e+00 2.312465467195412572e+00 3.489947463043748144e+00 3.489953117820872031e+00 4.094057127384677308e+00 4.094058883643945990e+00 4.846413411208438937e+00 4.846421781406109019e+00 6.216503879976971625e+00 6.216509456263660915e+00 6.784199975174769470e+00 6.784203980989418348e+00 7.885387746383181629e+00 7.885388444709090727e+00 1.019997000441021129e+01 1.019997195832284476e+01 1.097790987176534472e+01 1.097791467469660098e+01 1.114707555828763930e+01 1.114707574651454713e+01 1.187636166136950244e+01 1.187636292496529933e+01 1.276532194766651429e+01 1.276532726283471320e+01 1.478504968251735718e+01 1.478505074838964362e+01 1.651795141704775816e+01 1.651795503578014035e+01 2.321170842525490841e+01 2.321170922625429256e+01
2.443045712631957411e-01 2.312452569461941554e+00 2.312452569461983742e+00 3.489940506144360910e+00 3.489940506144381338e+00 4.093937072080538364e+00 4.093937072080552575e+00 4.846445637222397629e+00 4.846445637222399405e+00 6.216502293081525465e+00 6.216502293081531683e+00 6.784254574250376812e+00 6.784254574250380365e+00 7.885540899318453256e+00 7.885540899318467467e+00 1.019984531975789288e+01 1.019984531975790176e+01 1.097795319774705192e+01 1.097795319774705547e+01 1.114711122260719733e+01 1.114711122260720622e+01 1.187633098378508301e+01 1.187633098378509189e+01 1.276531483697846880e+01 1.276531483697847769e+01 1.478505409082026212e+01 1.478505409082026389e+01 1.651795198204682080e+01 1.651795198204682436e+01 2.321169917856943599e+01 2.321169917856943954e+01
2.443045712631957411e-01 2.312452569461941554e+00 2.312452569461983742e+00 3.489940506144360910e+00 3.489940506144381338e+00 4.093937072080538364e+00 4.093937072080552575e+00 4.846445637222397629e+00 4.846445637222399405e+00 6.216502293081525465e+00 6.216502293081531683e+00 6.784254574250376812e+00 6.784254574250380365e+00 7.885540899318453256e+00 7.885540899318467467e+00 1.019984531975789288e+01 1.019984531975790176e+01 1.097795319774705192e+01 1.097795319774705547e+01 1.114711122260719733e+01 1.114711122260720622e+01 1.187633098378508301e+01 1.187633098378509189e+01 1.276531483697846880e+01 1.276531483697847769e+01 1.478505409082026212e+01 1.478505409082026389e+01 1.651795198204682080e+01 1.651795198204682436e+01 2.321169917856943599e+01 2.321169917856943954e+01
2.458243411014068569e-01 2.312268238692762434e+00 2.312271915859710703e+00 3.489524134738877237e+00 3.489525588956307267e+00 4.093601920305261821e+00 4.093625188916688806e+00 4.846113535499348757e+00 4.846124227402729190e+00 6.216242803371180514e+00 6.216249795913572740e+00 6.784410498753478791e+00 6.784422979667536602e+00 7.885105953430993964e+00 7.885106297320430890e+00 1.019998761251432207e+01 1.019999276646065667e+01 1.097755867471076918e+01 1.097756332624998521e+01 1.114667136255233792e+01 1.114667633723194484e+01 1.187669503554329786e+01 1.187670234218715493e+01 1.276535513235969610e+01 1.276535789489060235e+01 1.478506367582949643e+01 1.478507513396670348e+01 1.651850857975154341e+01 1.651850899956475871e+01 2.321157051769898416e+01 2.321157101943414958e+01
2.473441109396179727e-01 2.311718218852512940e+00 2.311725555390912401e+00 3.488277499256264402e+00 3.488280420013198491e+00 4.092619940718389415e+00 4.092666324849861148e+00 4.845128740245268517e+00 4.845149987205760844e+00 6.215471745004311543e+00 6.215485782320620878e+00 6.784890691995037137e+00 6.784915644426378734e+00 7.883804373124195131e+00 7.883805694611143444e+00 1.020041647845985366e+01 1.020042673973084568e+01 1.097637807254163178e+01 1.097638725728678821e+01 1.114536359134896593e+01 1.114537345038841032e+01 1.187779169856346684e+01 1.187780620201855442e+01 1.276547807024769554e+01 1.276548357721945415e+01 1.478510426700392166e+01 1.478512712349023417e+01 1.652017715688920774e+01 1.652017819655592845e+01 2.321118493465493771e+01 2.321118611823073863e+01
2.488638807778290885e-01 2.310800383903253152e+00 2.310811343888542257e+00 3.486203664715940231e+00 3.486208075223859559e+00 4.090991618225289450e+00 4.091060813529825424e+00 4.843493568190025300e+00 4.843525098883915803e+00 6.214190426077216500e+00 6.214211606806470556e+00 6.785694958199989024e+00 6.785732360164430155e+00 7.881645754672335080e+00 7.881648801747878075e+00 1.020112238567920571e+01 1.020113766189632898e+01 1.097440632368951619e+01 1.097441980781864324e+01 1.114320813600114946e+01 1.114322270414045235e+01 1.187961253491651803e+01 1.187963401860054269e+01 1.276568152423312519e+01 1.276568973833174425e+01 1.478517693669814115e+01 1.478521107220942277e+01 1.652295306608589698e+01 1.652295502303236319e+01 2.321054234262178184e+01 2.321054449005799825e+01
2.503836506160402320e-01 2.309511203696795079e+00 2.309525732431287004e+00 3.483307673028994245e+00 3.483313604685909226e+00 4.088717766818621868e+00 4.088809321314810674e+00 4.841211835595850665e+00 4.841253248930546427e+00 6.212401042026050924e+00 6.212429500261819726e+00 6.786822955145218828e+00 6.786872765961017073e+00 7.878645997632117925e+00 7.878651649194207351e+00 1.020208947722168702e+01 1.020210963192766229e+01 1.097163530413197563e+01 1.097165274449976202e+01 1.114023806135240591e+01 1.114025708929269243e+01 1.188214367092646206e+01 1.188217181755260121e+01 1.276596202223516840e+01 1.276597288481383075e+01 1.478528344619189383e+01 1.478532868238118958e+01 1.652682865735195605e+01 1.652683185740336924e+01 2.320964266502231510e+01 2.320964609520762423e+01
2.519034204542513478e-01 2.307845772575701560e+00 2.307863795679573560e+00 3.479596437920023266e+00 3.479603926634962541e+00 4.085799614439033611e+00 4.085912933818869774e+00 4.838288859788852037e+00 4.838339631894451820e+00 6.210106669199225493e+00 6.210142559650192240e+00 6.788274173075791396e+00 6.788336324843748493e+00 7.874827118496066980e+00 7.874836409437039109e+00 1.020329563642637360e+01 1.020332049147721953e+01 1.096805440968912393e+01 1.096807536418106466e+01 1.113649833626792862e+01 1.113652151721915473e+01 1.188536611907768759e+01 1.188540051942935882e+01 1.276631485948278311e+01 1.276632828777649387e+01 1.478542623670182721e+01 1.478548233699154579e+01 1.653179329924509133e+01 1.653179807077811958e+01 2.320848582073114486e+01 2.320849085880220386e+01
2.534231902924624635e-01 2.305797849352824169e+00 2.305819271657013392e+00 3.475078600544572627e+00 3.475087682478778195e+00 4.082238919505296160e+00 4.082373273985793638e+00 4.834731460492031729e+00 4.834790953913931766e+00 6.207311254571522774e+00 6.207354735382059729e+00 6.790047904162169523e+00 6.790122291525682918e+00 7.870217011351051006e+00 7.870231141645244399e+00 1.020471257327681514e+01 1.020474191180868928e+01 1.096365142122519387e+01 1.096367536437837131e+01 1.113204450987965899e+01 1.113207150153318459e+01 1.188925619436375847e+01 1.188929635847156518e+01 1.276673424997859918e+01 1.276675013404674885e+01 1.478560841677287208e+01 1.478567508745203440e+01 1.653783343032767661e+01 1.653784009402881239e+01 2.320707171872922459e+01 2.320707868290679698e+01
2.549429601306735793e-01 2.303359908671356315e+00 2.303384612999221037e+00 3.469764348757240491e+00 3.469775055918651763e+00 4.078038116550678716e+00 4.078192649088095756e+00 4.830547959715726591e+00 4.830615434705466171e+00 6.204019601829887876e+00 6.204070816650001596e+00 6.792143202261572199e+00 6.792229671242282940e+00 7.864849149184061972e+00 7.864869479567603072e+00 1.020630592723028762e+01 1.020633949703286625e+01 1.095841369673892807e+01 1.095844004161945051e+01 1.112694099395781677e+01 1.112697144482807232e+01 1.189378599611532117e+01 1.189383136643495753e+01 1.276721351050250419e+01 1.276723171036881688e+01 1.478583374598153100e+01 1.478591063764161362e+01 1.654493263223141142e+01 1.654494149518322388e+01 2.320540025914202786e+01 2.320540945414733613e+01
2.564627299688846951e-01 2.300523203734708311e+00 2.300551049678225546e+00 3.463665203673588877e+00 3.463677559816640716e+00 4.073200487789498503e+00 4.073374223444320208e+00 4.825748178678286315e+00 4.825822806465041914e+00 6.200237354224061193e+00 6.200296414948262225e+00 6.794558832752959354e+00 6.794657169486610471e+00 7.858762234045501671e+00 7.858790271696491914e+00 1.020803538170383362e+01 1.020807289881626723e+01 1.095232971003374089e+01 1.095235783685198783e+01 1.112125896761885535e+01 1.112129254530645994e+01 1.189892392521553077e+01 1.189897389135465211e+01 1.276774527015371596e+01 1.276776561363947948e+01 1.478610661487100231e+01 1.478619332422018928e+01 1.655307171960219748e+01 1.655308307045529759e+01 2.320347133722771105e+01 2.320348305023663471e+01
2.579824998070958109e-01 2.297277840370061774e+00 2.297308663184816080e+00 3.456793777741359985e+00 3.456807795025591101e+00 4.067730356893127563e+00 4.067922213112102447e+00 4.820343430004611740e+00 4.820424307923125262e+00 6.195970974686639821e+00 6.196037945981972328e+00 6.797293212230499648e+00 6.797403132387558777e+00 7.851999805995210302e+00 7.852037183137699827e+00 1.020985478590435847e+01 1.020989593824920405e+01 1.094539091686968746e+01 1.094542020778891356e+01 1.111507395707059587e+01 1.111511037422731363e+01 1.190463520878441983e+01 1.190468912329675000e+01 1.276832169774761816e+01 1.276834397949106048e+01 1.478643202102994003e+01 1.478652809313064864e+01 1.656222884491204539e+01 1.656224294922263596e+01 2.320128484896206089e+01 2.320129934672219818e+01
2.595022696453069266e-01 2.293612862346004366e+00 2.293646472108715972e+00 3.449163508998905225e+00 3.449179185862663477e+00 4.061633300770922439e+00 4.061842098340666674e+00 4.814346503296638602e+00 4.814432671651886153e+00 6.191227723787393167e+00 6.191302610184642674e+00 6.800344337863111654e+00 6.800465477445213125e+00 7.844609821532787741e+00 7.844658269170960097e+00 1.021171228112275564e+01 1.021175673200869127e+01 1.093759387173830611e+01 1.093762374977892371e+01 1.110846319484412170e+01 1.110850222707926527e+01 1.191088240905888185e+01 1.191093960381097894e+01 1.276893473908431176e+01 1.276895872122173259e+01 1.478681554122329445e+01 1.478692047220112649e+01 1.657237961681444816e+01 1.657239671230713185e+01 2.319884069774810342e+01 2.319885822438186551e+01
2.610220394835180424e-01 2.289516347804649854e+00 2.289552528999374115e+00 3.440788376564833939e+00 3.440805697284992082e+00 4.054916374708552596e+00 4.055140849134269310e+00 4.807771642100041376e+00 4.807862102667526116e+00 6.186015636105653748e+00 6.186098372097331044e+00 6.803709706256856116e+00 6.803841614331817667e+00 7.836644212414723754e+00 7.836705530801825859e+00 1.021355043112832739e+01 1.021359782248411108e+01 1.092894245063072667e+01 1.092897241864015001e+01 1.110150292161048391e+01 1.110154441133182601e+01 1.191762589924989868e+01 1.191768570186494713e+01 1.276957635616975750e+01 1.276960177114039396e+01 1.478726329948640128e+01 1.478737653976036093e+01 1.658349723082124072e+01 1.658351752256886158e+01 2.319613880206917145e+01 2.319615957739536682e+01
2.625418093217291582e-01 2.284975516584085042e+00 2.285014028311711964e+00 3.431682602701862539e+00 3.431701539135058265e+00 4.047588345792003217e+00 4.047827158865622721e+00 4.800634510316602821e+00 4.800728246413616951e+00 6.180343495596567038e+00 6.180433938905537161e+00 6.807386221695162831e+00 6.807528355488838834e+00 7.828158435554390060e+00 7.828234462581717956e+00 1.021530636005257442e+01 1.021535631530279176e+01 1.091944997431906472e+01 1.091947964805291349e+01 1.109426584307257180e+01 1.109430968536775630e+01 1.192482429558506851e+01 1.192488604547273390e+01 1.277023876085307030e+01 1.277026531679942423e+01 1.478778193110175287e+01 1.478790288918500551e+01 1.659555261104172175e+01 1.659557626664888019e+01 2.319317910399934846e+01 2.319320332231846749e+01
2.640615791599402740e-01 2.279976848100937037e+00 2.280017425144716725e+00 3.421860347059345830e+00 3.421880863084462376e+00 4.039659929112705328e+00 4.039911680457652032e+00 4.792952146240020639e+00 4.793048144361050866e+00 6.174220810503413759e+00 6.174318738470529588e+00 6.811370093681842874e+00 6.811521816299768162e+00 7.819211024177693758e+00 7.819303602599442016e+00 1.021691190627353940e+01 1.021696403283112886e+01 1.090914099374650092e+01 1.090917012189561675e+01 1.108681897458138899e+01 1.108686508583356378e+01 1.193243484070146820e+01 1.193249790418883372e+01 1.277091463598615739e+01 1.277094202527408484e+01 1.478837854239406191e+01 1.478850658931197160e+01 1.660851456165922357e+01 1.660854170658061690e+01 2.318996157851687201e+01 2.318998940784822693e+01
2.655813489981513897e-01 2.274506209328870820e+00 2.274548564362210090e+00 3.411335398960391174e+00 3.411357458135308551e+00 4.031144020783852255e+00 4.031407259198941162e+00 4.784742902630153338e+00 4.784840175721721600e+00 6.167657788337387537e+00 6.167762897223677321e+00 6.815656723780881165e+00 6.815817304697881163e+00 7.809863149628626822e+00 7.809974093867809941e+00 1.021829380738833670e+01 1.021834769882052996e+01 1.089805251081653203e+01 1.089808097536197096e+01 1.107922208150595367e+01 1.107927035691892748e+01 1.194041373849136889e+01 1.194047752257431050e+01 1.277159733804463571e+01 1.277162524953850742e+01 1.478906066630194083e+01 1.478919514066922147e+01 1.662234992675942991e+01 1.662238063990522363e+01 2.318648624357617294e+01 2.318651782535078354e+01
2.671011188363625055e-01 2.268548992249551421e+00 2.268592819547573303e+00 3.400120873896151696e+00 3.400144450752090375e+00 4.022055921283417490e+00 4.022329155756358965e+00 4.776026371588942609e+00 4.776123984144412304e+00 6.160665311411725575e+00 6.160777218311817016e+00 6.820240581842579530e+00 6.820409200181136278e+00 7.800178202233872149e+00 7.800309265403131853e+00 1.021937393936397953e+01 1.021942917738950385e+01 1.088623446732108135e+01 1.088626226100735828e+01 1.107152685166818706e+01 1.107157712155426132e+01 1.194871644416422107e+01 1.194878040840107403e+01 1.277228107610916119e+01 1.277230921200732716e+01 1.478983621371530788e+01 1.478997642750687191e+01 1.663702375707864078e+01 1.663705806686559896e+01 2.318275317089760179e+01 2.318278862011487718e+01
2.686208886745736213e-01 2.262090259966563988e+00 2.262135241088089277e+00 3.388228920753665108e+00 3.388254015892240734e+00 4.012413542070213168e+00 4.012695252390982681e+00 4.766823293458942068e+00 4.766920388732205360e+00 6.153254913380343361e+00 6.153373160388644791e+00 6.825115071839383596e+00 6.825290822360750909e+00 7.790221398488190729e+00 7.790374240181394683e+00 1.022006964214760849e+01 1.022012579874822968e+01 1.087374942753432450e+01 1.087377661167936616e+01 1.106377683208894247e+01 1.106382882673147527e+01 1.195729791565364941e+01 1.195736158172837627e+01 1.277296106314836877e+01 1.277298916136537876e+01 1.479071342060659688e+01 1.479085866564705221e+01 1.665249948221303811e+01 1.665253736321653477e+01 2.317876249743266115e+01 2.317880190328764911e+01
2.701406585127847371e-01 2.255114900463256689e+00 2.255160712513229804e+00 3.375670446752375931e+00 3.375697105372042817e+00 4.002237587807540464e+00 4.002526234782576964e+00 4.757155449531938807e+00 4.757251279269083533e+00 6.145438757191826085e+00 6.145562817440662684e+00 6.830272387720850880e+00 6.830454289376741706e+00 7.780059420550267113e+00 7.780235575901652822e+00 1.022029417379852312e+01 1.022035081388583144e+01 1.086067147927082033e+01 1.086069813240511195e+01 1.105600805321727975e+01 1.105606138270207772e+01 1.196611283371229106e+01 1.196617579221190120e+01 1.277363363667447160e+01 1.277366149977557086e+01 1.479170079102989455e+01 1.479185034621452211e+01 1.666873908682275740e+01 1.666878045717333379e+01 2.317451443746231021e+01 2.317455786444555343e+01
2.716604283509958528e-01 2.247607786758758053e+00 2.247654114026751415e+00 3.362454867575593198e+00 3.362483200142811768e+00 3.991551705904988090e+00 3.991845741252594060e+00 4.747045539031911510e+00 4.747139496127665836e+00 6.137229614825941759e+00 6.137358900017099828e+00 6.835703359954353076e+00 6.835890366789874051e+00 7.769760092671092799e+00 7.769960943130907793e+00 1.021995734442925752e+01 1.022001402971112149e+01 1.084708445627450679e+01 1.084711062793913428e+01 1.104825017849697488e+01 1.104830432922803496e+01 1.197511579832740658e+01 1.197517771232494432e+01 1.277429634715195306e+01 1.277432387825087545e+01 1.479280703611700609e+01 1.479296017536229613e+01 1.668570328937681779e+01 1.668574800902695898e+01 2.317000929528336783e+01 2.317005678474893315e+01
2.731801981892069686e-01 2.239553941985334085e+00 2.239600491972794760e+00 3.348589890659625201e+00 3.348620093193363179e+00 3.980382594508791172e+00 3.980680470600613585e+00 4.736517041638697023e+00 4.736608695886277864e+00 6.128640849131152812e+00 6.128774718201617233e+00 6.841397293768653576e+00 6.841588307925981383e+00 7.759392097728403215e+00 7.759618843964382506e+00 1.021896638801752921e+01 1.021902268297694683e+01 1.083307962427576854e+01 1.083310530568924079e+01 1.104052797393463692e+01 1.104058231977013804e+01 1.198426150870349716e+01 1.198432211383636137e+01 1.277494801422429482e+01 1.277497525814135315e+01 1.479404100926071841e+01 1.479419701016509059e+01 1.670335172201880880e+01 1.670339959198295787e+01 2.316524747843664755e+01 2.316529905062504469e+01
2.746999680274180844e-01 2.230938707704837487e+00 2.230985232749786107e+00 3.334081339841397984e+00 3.334113710034855682e+00 3.968760059610143109e+00 3.969060239309061711e+00 4.725594067775374718e+00 4.725683204118749536e+00 6.119686398025393714e+00 6.119824166619144634e+00 6.847341800589298977e+00 6.847535687133266435e+00 7.749024735516370832e+00 7.749278372818448446e+00 1.021722713170204777e+01 1.021728261295938189e+01 1.081875297259197133e+01 1.081877808844388333e+01 1.103286289339571091e+01 1.103291671745978597e+01 1.199350493322548594e+01 1.199356403413528227e+01 1.277558875299500052e+01 1.277561593617220836e+01 1.479541163774452350e+01 1.479556979091897873e+01 1.672164311018344307e+01 1.672169387282790964e+01 2.316022951142856101e+01 2.316028516792125913e+01
2.762197378656292002e-01 2.221747913657059481e+00 2.221794239393591219e+00 3.318933029303506199e+00 3.318967974171354918e+00 3.956717011702057363e+00 3.957017978626412358e+00 4.714301200022906535e+00 4.714387857035583274e+00 6.110380761258915605e+00 6.110521711715067639e+00 6.853522624778753958e+00 6.853718228046973060e+00 7.738727722828387279e+00 7.739009019370921116e+00 1.021464551493029482e+01 1.021469978573263404e+01 1.080420222668563035e+01 1.080422664489402429e+01 1.102527460905945667e+01 1.102532713216516314e+01 1.200280147472661341e+01 1.200285893800190529e+01 1.277621997456927261e+01 1.277624752995023805e+01 1.479692785115197218e+01 1.479708747015579462e+01 1.674053545066306725e+01 1.674058879109423970e+01 2.315495604989616396e+01 2.315501577646617903e+01
2.777395077038403159e-01 2.211968047193624276e+00 2.212014108613353347e+00 3.303146693864395633e+00 3.303184725552181344e+00 3.944289392514486181e+00 3.944589662125218332e+00 4.702663330294720723e+00 4.702747833631581109e+00 6.100738989865366335e+00 6.100882381475028815e+00 6.859923468605699348e+00 6.860119629774634298e+00 7.728571033653978795e+00 7.728880511957373578e+00 1.021112949089602928e+01 1.021118220306640545e+01 1.078952366681960484e+01 1.078954721921336990e+01 1.101778236529686161e+01 1.101783277792913296e+01 1.201210713518813122e+01 1.201216287932765425e+01 1.277684436440838489e+01 1.277687292276635489e+01 1.479859850696874979e+01 1.479875893875576054e+01 1.675998618690655562e+01 1.676004173547610421e+01 2.314942789516426558e+01 2.314949166497379451e+01
2.792592775420514317e-01 2.201586421042323494e+00 2.201632305354657149e+00 3.286721981351363731e+00 3.286763700306033265e+00 3.931516022925058973e+00 3.931814154877177891e+00 4.690705498466054557e+00 4.690788479996703231e+00 6.090776678346599304e+00 6.090921757674244930e+00 6.866525819400353114e+00 6.866721394953538393e+00 7.718624775961720808e+00 7.718962697896381897e+00 1.020659130697200823e+01 1.020664219326363842e+01 1.077480882423189001e+01 1.077483133090414746e+01 1.101040608253915565e+01 1.101045357896181542e+01 1.202137868280061817e+01 1.202143266615963491e+01 1.277746583631092570e+01 1.277749617334412946e+01 1.480043231387280755e+01 1.480059294961744243e+01 1.677995238042796444e+01 1.678000971634432048e+01 2.314364600914143821e+01 2.314371378622216824e+01
2.807790473802625475e-01 2.190591338864583459e+00 2.190637330916664904e+00 3.269656511528471032e+00 3.269702579381077889e+00 3.918438364304673183e+00 3.918732976517552480e+00 4.678452738170623348e+00 4.678535128245679076e+00 6.080509959547734766e+00 6.080655970655198139e+00 6.873308784136969329e+00 6.873502664922423122e+00 7.708959099533898573e+00 7.709325455226434975e+00 1.020095010872705643e+01 1.020099902878345688e+01 1.076014114007491784e+01 1.076016243185990895e+01 1.100316717588011173e+01 1.100321099103268452e+01 1.203057382319492596e+01 1.203062603131874475e+01 1.277808945294236587e+01 1.277812240402377597e+01 1.480243775329314815e+01 1.480259803942126773e+01 1.680039087730812852e+01 1.680044953331509916e+01 2.313761152950029398e+01 2.313768327243570511e+01
2.822988172184736633e-01 2.178972259022129876e+00 2.179018879574091461e+00 3.251946005027147368e+00 3.251997111653191386e+00 3.905100187422901659e+00 3.905389972294724288e+00 4.665929933381956829e+00 4.666012915136138695e+00 6.069955502083781873e+00 6.070101696534934810e+00 6.880248938236277922e+00 6.880440068808808540e+00 7.699644127137243110e+00 7.700038628174240785e+00 1.019413474771635286e+01 1.019418174964698487e+01 1.074559271276775441e+01 1.074561264836296992e+01 1.099608907795874657e+01 1.099612853095525189e+01 1.203965137564501831e+01 1.203970180972733317e+01 1.277872130613342172e+01 1.277875767941957719e+01 1.480462299990168695e+01 1.480478244909597763e+01 1.682125846888473220e+01 1.682131793694150801e+01 2.313132578508571058e+01 2.313140145079719900e+01
2.838185870566847790e-01 2.166719956895313715e+00 2.166767978732198063e+00 3.233584484519024915e+00 3.233641313896179703e+00 3.891547145676367947e+00 3.891830888784475917e+00 4.653161685324421093e+00 4.653246609703870718e+00 6.059130510078820642e+00 6.059276156639350042e+00 6.887320197193984583e+00 6.887507595158244733e+00 7.690749898964529763e+00 7.691171976344023165e+00 1.018608660695713120e+01 1.018613200149894915e+01 1.073122131450672789e+01 1.073123979049935528e+01 1.098919746814192955e+01 1.098923202223497064e+01 1.204857145416344189e+01 1.204862012249149927e+01 1.277936836217500982e+01 1.277940887636201062e+01 1.480699584178484152e+01 1.480715404366750043e+01 1.684251204584213113e+01 1.684257178371514740e+01 2.312479031149247888e+01 2.312486985901450964e+01
2.853383568948958948e-01 2.153826683271048648e+00 2.153877110615636248e+00 3.214564548281445333e+00 3.214627746392734409e+00 3.877826252822392572e+00 3.878102854299057434e+00 4.640172186170309132e+00 4.640260462171975853e+00 6.048052724875843111e+00 6.048197118854620413e+00 6.894493721668165875e+00 6.894676496775216101e+00 7.682346317806801217e+00 7.682795125161232086e+00 1.017676220587289038e+01 1.017680663786231499e+01 1.071706790766642570e+01 1.071708486104502533e+01 1.098252021262184286e+01 1.098254957532317988e+01 1.205729565263342096e+01 1.205734256673623506e+01 1.278003828540012066e+01 1.278008353861638291e+01 1.480956360111671977e+01 1.480972023223208467e+01 1.686410874503061663e+01 1.686416818368749659e+01 2.311800686675139715e+01 2.311809026086507401e+01
2.868581267331070106e-01 2.140286310991322605e+00 2.140340319114457213e+00 3.194877713039824041e+00 3.194947859317589067e+00 3.863985269522974608e+00 3.864253768056487015e+00 4.626985097845012440e+00 4.627078084025887605e+00 6.036740428272973524e+00 6.036882900478954816e+00 6.901737868792527486e+00 6.901915241602095463e+00 7.674503079920556914e+00 7.674977502622733816e+00 1.016613532474601378e+01 1.016617980781380659e+01 1.070315491395543894e+01 1.070317031772469107e+01 1.097608701446066704e+01 1.097611133340531531e+01 1.206578723241537610e+01 1.206583240921842304e+01 1.278073925105304554e+01 1.278078971287565757e+01 1.481233305622103558e+01 1.481248788885088175e+01 1.688600608846132900e+01 1.688606464014123887e+01 2.311097744705945445e+01 2.311106466164178030e+01
2.883778965713181264e-01 2.126094458975599011e+00 2.126153308931985286e+00 3.174514818823540807e+00 3.174592401360893046e+00 3.850072007654564477e+00 3.850331606712476429e+00 4.613623440639094575e+00 4.613722361956512863e+00 6.025212446741992522e+00 6.025352372053135674e+00 6.909018204536338637e+00 6.909189524541461402e+00 7.667289574224668058e+00 7.667788245080844334e+00 1.015419840466494961e+01 1.015424427562215293e+01 1.068948546479949790e+01 1.068949931818787391e+01 1.096992876969122221e+01 1.096994902589964660e+01 1.207401131021404517e+01 1.207405478086855766e+01 1.278147975290191241e+01 1.278153576875659780e+01 1.481531036595854367e+01 1.481546327521125228e+01 1.690816211403583225e+01 1.690821918086021469e+01 2.310370430248557838e+01 2.310379532342447106e+01
2.898976664095292421e-01 2.111248586854734821e+00 2.111313540640435971e+00 3.153466484127375402e+00 3.153551878318736179e+00 3.836133566231994418e+00 3.836383661601145523e+00 4.600109501453959915e+00 4.600215402162651124e+00 6.013488155991340456e+00 6.013624961549499659e+00 6.916297593613961681e+00 6.916462356827820734e+00 7.660774730592497583e+00 7.661296052906564569e+00 1.014096303084669692e+01 1.014101180893304210e+01 1.067604378338669235e+01 1.067605609890714824e+01 1.096407673279149364e+01 1.096409527934697969e+01 1.208193504341386415e+01 1.208197686863599962e+01 1.278226840836755507e+01 1.278233020884614390e+01 1.481850099740244175e+01 1.481865196594163336e+01 1.693053549767751420e+01 1.693059048066207595e+01 2.309618995257849150e+01 2.309628478010385066e+01
2.914174362477403579e-01 2.095748061802622075e+00 2.095820317602016036e+00 3.131723595490568002e+00 3.131817045708661595e+00 3.822215517552551400e+00 3.822455724594362891e+00 4.586464771166139265e+00 4.586578500544074011e+00 6.001587485150979617e+00 6.001720658208717474e+00 6.923536384354186168e+00 6.923694250452642862e+00 7.655026797008611439e+00 7.655568975842212964e+00 1.012645940186799365e+01 1.012651259993455710e+01 1.066279672627341135e+01 1.066280751666208104e+01 1.095856197080050265e+01 1.095858228234164855e+01 1.208952780964897400e+01 1.208956810030899476e+01 1.278311376400137789e+01 1.278318147532604776e+01 1.482190965776020342e+01 1.482205877750677558e+01 1.695308566663055672e+01 1.695313797496643105e+01 2.308843720179716996e+01 2.308853585208783699e+01
2.929372060859514737e-01 2.079594203777123784e+00 2.079674856887284484e+00 3.109277812156554965e+00 3.109379416251918826e+00 3.808361066336992451e+00 3.808591244426986044e+00 4.572709916419345433e+00 4.572832137031008770e+00 5.989530919783291552e+00 5.989660015233655876e+00 6.930692705559801325e+00 6.930843514690964824e+00 7.650113025767634412e+00 7.650674108184066569e+00 1.011073483087661629e+01 1.011079379632287534e+01 1.064969636967052580e+01 1.064970563887116128e+01 1.095341495470209736e+01 1.095344006129579739e+01 1.209676137714636113e+01 1.209680031732531624e+01 1.278402410503156794e+01 1.278409775920561664e+01 1.482554023145713984e+01 1.482568770164925098e+01 1.697577290378184145e+01 1.697582196427784140e+01 2.308044915467788272e+01 2.308055166062468189e+01
2.944569759241625895e-01 2.062790314022171945e+00 2.062880338534443858e+00 3.086122064153219213e+00 3.086231760777585098e+00 3.794610207754125053e+00 3.794830478213838898e+00 4.558864786980723061e+00 4.558995994901481552e+00 5.977339502865345544e+00 5.977464150481875294e+00 6.937722890142576482e+00 6.937866679331395225e+00 7.646099251312543643e+00 7.646677176227973050e+00 1.009385147287999018e+01 1.009391730089411254e+01 1.063668339414019393e+01 1.063669113940938438e+01 1.094866404253632552e+01 1.094869574914653043e+01 1.210361006236995784e+01 1.210364793004287876e+01 1.278500727338993137e+01 1.278508681766600930e+01 1.482939572321395438e+01 1.482954184438303180e+01 1.699855844293302454e+01 1.699860370956519873e+01 2.307222923064589892e+01 2.307233564168240392e+01
2.959767457623737053e-01 2.045341688380636125e+00 2.045441931673027458e+00 3.062251021268179052e+00 3.062368580179242628e+00 3.780998911808064467e+00 3.781209664368838208e+00 4.544948457411124743e+00 4.545089006698454170e+00 5.965034832846240143e+00 5.965154744242982865e+00 6.944582035641936102e+00 6.944719054138014158e+00 7.643049347339829325e+00 7.643642005254185356e+00 1.007588355701859051e+01 1.007595706736173291e+01 1.062369092868475207e+01 1.062369717042568418e+01 1.094433381426452634e+01 1.094437304895422081e+01 1.211005087148387993e+01 1.211008804978502162e+01 1.278607049891133052e+01 1.278615580461073620e+01 1.483347820783167847e+01 1.483362337157618782e+01 1.702140455499820249e+01 1.702144551863184674e+01 2.306378117837344632e+01 2.306389155932773605e+01
2.974965156005848210e-01 2.027255615105141739e+00 2.027366798750073862e+00 3.037661511211279475e+00 3.037786526785623664e+00 3.767558361266428957e+00 3.767760243085746197e+00 4.530979300844019342e+00 4.531129427664887466e+00 5.952639057861909500e+00 5.952754033144944223e+00 6.951224704197215054e+00 6.951355425909635954e+00 7.641024558881007955e+00 7.641629861161778337e+00 1.005691441300716527e+01 1.005699616181632017e+01 1.061064847213264883e+01 1.061065336023668415e+01 1.094044405564116396e+01 1.094049126861311194e+01 1.211606362163516337e+01 1.211610059277986551e+01 1.278722024830810611e+01 1.278731111911624296e+01 1.483778878726125505e+01 1.483793346216555697e+01 1.704427462509560343e+01 1.704431082371574746e+01 2.305510908958175520e+01 2.305522351855183061e+01
2.990162854387959368e-01 2.008541356724675708e+00 2.008664080020497344e+00 3.012352867808521406e+00 3.012484755979685236e+00 3.754314267882212341e+00 3.754508149047696364e+00 4.516975092273713521e+00 4.517134936352237062e+00 5.940174865190946285e+00 5.940284799202299126e+00 6.957605753988918451e+00 6.957730883203562477e+00 7.640082716289789744e+00 7.640698672785062762e+00 1.003703354597266539e+01 1.003712385020444486e+01 1.059748552123234511e+01 1.059748962884143886e+01 1.093700905148366331e+01 1.093706443083359936e+01 1.212163103661365504e+01 1.212166835333632875e+01 1.278846209612847140e+01 1.278855827596960104e+01 1.484232755540844195e+01 1.484247226999905322e+01 1.706713322035912128e+01 1.706716425082403887e+01 2.304621741218333142e+01 2.304633597749160856e+01
3.005360552770070526e-01 1.989210116169431330e+00 1.989344860513397206e+00 2.986327194208141744e+00 2.986465192978934979e+00 3.741286287156707857e+00 3.741473198376819465e+00 4.502953138387402632e+00 4.503122760764842525e+00 5.927665465062226247e+00 5.927770352999068848e+00 6.963681280850927635e+00 6.963801745041543256e+00 7.640277351930211402e+00 7.640902154475923247e+00 1.001633395557160888e+01 1.001643291892751186e+01 1.058413479370644694e+01 1.058413939726004038e+01 1.093403709895985187e+01 1.093410068049165673e+01 1.212673880976661067e+01 1.212677704656222666e+01 1.278980062125729411e+01 1.278990180180327840e+01 1.484709357103652749e+01 1.484723889517535333e+01 1.708994614771746612e+01 1.708997168198595418e+01 2.303711096266064473e+01 2.303723375899501846e+01
3.020558251152181684e-01 1.969274988066230136e+00 1.969422121540006954e+00 2.959589531436209509e+00 2.959732705015331256e+00 3.728487545801473235e+00 3.728668588265459327e+00 4.488930430457996223e+00 4.489109827244357476e+00 5.915134567979327684e+00 5.915234509988949618e+00 6.969409633471205012e+00 6.969526555338704910e+00 7.641656755628042141e+00 7.642288863533529764e+00 9.994909826372390782e+00 9.995017362853113596e+00 1.057053522768511122e+01 1.057054166721177779e+01 1.093153029112458796e+01 1.093160202009214466e+01 1.213137562727715668e+01 1.213141532245482423e+01 1.279123933164552263e+01 1.279134515947202821e+01 1.485208483909429589e+01 1.485223136553593903e+01 1.711268049861786977e+01 1.711270031396593794e+01 2.302779493758158580e+01 2.302792206147548626e+01
3.035755949534292841e-01 1.948750896637888808e+00 1.948910678701017751e+00 2.932147928695374439e+00 2.932295175203748272e+00 3.715924289466574937e+00 3.716100523257030996e+00 4.474923816137406973e+00 4.475112928261856915e+00 5.902606354805159050e+00 5.902701558899137169e+00 6.974752449883966143e+00 6.974867091816135733e+00 7.644263019581820195e+00 7.644901241566644856e+00 9.972854649365674007e+00 9.972970503892916838e+00 1.055663372277721379e+01 1.055664286552832110e+01 1.092948459568159159e+01 1.092956436592788627e+01 1.213553314849956699e+01 1.213557475176945566e+01 1.279278061890545182e+01 1.279289070228446334e+01 1.485729830080305547e+01 1.485744662867744026e+01 1.713530466694044563e+01 1.713531872777722498e+01 2.301827492415789678e+01 2.301840646899669451e+01
3.050953647916403999e-01 1.927654521942722798e+00 1.927827108289102753e+00 2.904013417946438746e+00 2.904163480553139554e+00 3.703595652645244929e+00 3.703767976576141319e+00 4.460950185184448635e+00 4.461148904311270869e+00 5.890105438941560578e+00 5.890196221253269471e+00 6.979675649486603461e+00 6.979789329221835814e+00 7.648131134801253062e+00 7.648774700376153035e+00 9.950259779145119055e+00 9.950383545789307504e+00 1.054238584059625339e+01 1.054239827181066858e+01 1.092789021340550271e+01 1.092797789425717170e+01 1.213920594512692297e+01 1.213924978143366751e+01 1.279442574323821269e+01 1.279453965854714426e+01 1.486272983284756499e+01 1.486288055453614376e+01 1.715778825940238406e+01 1.715779705033831704e+01 2.300855690976111845e+01 2.300869296052285407e+01
3.066151346298515157e-01 1.906004216315537958e+00 1.906189663925620836e+00 2.875199900950735188e+00 2.875351382254994093e+00 3.691493549034384092e+00 3.691662588382132792e+00 4.447026663260636781e+00 4.447234834133529269e+00 5.877656820018437145e+00 5.877743601111197869e+00 6.984150307535760938e+00 6.984264293211541741e+00 7.653288206501581037e+00 7.653936818823892985e+00 9.927213392631401234e+00 9.927344531178476927e+00 1.052775623765006685e+01 1.052777242404785341e+01 1.092673216966909600e+01 1.092682762480414205e+01 1.214239140414500184e+01 1.214243765667979247e+01 1.279617484793931226e+01 1.279629214567102657e+01 1.486837425598757001e+01 1.486852794830658375e+01 1.718010146352937539e+01 1.718010764387689804e+01 2.299864729031886412e+01 2.299878791826337121e+01
3.081349044680626315e-01 1.883819912855171141e+00 1.884018185178080840e+00 2.845723961580123085e+00 2.845875341077241050e+00 3.679602679021598099e+00 3.679768696336692457e+00 4.433170806954372267e+00 4.433388226516356667e+00 5.865285828533458812e+00 5.865369124297538761e+00 6.988153342003444735e+00 6.988268743464311150e+00 7.659752853061108091e+00 7.660406715318573312e+00 9.903799793129453022e+00 9.903937644620336656e+00 1.051271861732928592e+01 1.051273896184097900e+01 1.092599107352846666e+01 1.092609417363892632e+01 1.214508959986267200e+01 1.214513830928118487e+01 1.279802700153730477e+01 1.279814721190698279e+01 1.487422535330584772e+01 1.487438257322946100e+01 1.720221552485802263e+01 1.720222467212697381e+01 2.298855287752359899e+01 2.298869813503603154e+01
3.096546743062737472e-01 1.861123027679779440e+00 1.861333999762380564e+00 2.815604619480106763e+00 2.815754274065378482e+00 3.667900650381814120e+00 3.668063489084587570e+00 4.419400792178071136e+00 4.419627205904626877e+00 5.853018060817651858e+00 5.853098466701220026e+00 6.991667957206709971e+00 6.991785632857316912e+00 7.667534841296436809e+00 7.668194650113699495e+00 9.880098994969484849e+00 9.880242796687012330e+00 1.049725526460785652e+01 1.049728011961927621e+01 1.092564397183646641e+01 1.092575460205621063e+01 1.214730313951435292e+01 1.214735421441501018e+01 1.279998026454006066e+01 1.280010290269963491e+01 1.488027589813421869e+01 1.488043718263665127e+01 1.722410613848663274e+01 1.722412073892979478e+01 2.297828090479371355e+01 2.297843082056903086e+01
3.111744441444848630e-01 1.837936357454254210e+00 1.838159820731210647e+00 2.784863042945176392e+00 2.785009270669963843e+00 3.656358207678698236e+00 3.656517271376352962e+00 4.405735587063400516e+00 4.405970683044981406e+00 5.840879303542491741e+00 5.840957471674133927e+00 6.994683811876601709e+00 6.994804304926664607e+00 7.676634990917478696e+00 7.677301893336601957e+00 9.856186524893825407e+00 9.856335425128206040e+00 1.048135631645986976e+01 1.048138598354455731e+01 1.092566522930327721e+01 1.092578329215071342e+01 1.214903698658561204e+01 1.214909022099288372e+01 1.280203177686813198e+01 1.280215634775341016e+01 1.488651769147123005e+01 1.488668356055721631e+01 1.724574990039838340e+01 1.724577045455102109e+01 2.296783903193358611e+01 2.296799360666065226e+01
3.126942139826959788e-01 1.814283973408640005e+00 1.814519639795948658e+00 2.753522239150180351e+00 2.753663286945964295e+00 3.644939565073775256e+00 3.645093830605027119e+00 4.392195099523327428e+00 4.392438500931791445e+00 5.828895446823850968e+00 5.828972057046478028e+00 6.997196905923031451e+00 6.997320414488895857e+00 7.687045355955787862e+00 7.687720870969835474e+00 9.832133382861469428e+00 9.832286455672058167e+00 1.046501889301267951e+01 1.046505361865162698e+01 1.092602737638681987e+01 1.092615279098164471e+01 1.215029826634854437e+01 1.215035336144618405e+01 1.280417786140142766e+01 1.280430386424827027e+01 1.489294160845920700e+01 1.489311257014440315e+01 1.726712410875170178e+01 1.726715064025584923e+01 2.295723534844451308e+01 2.295739455111629113e+01
3.142139838209070946e-01 1.790191112722407496e+00 1.790438617629406259e+00 2.721606738811459536e+00 2.721740835851317541e+00 3.633602836668372138e+00 3.633750897483633224e+00 4.378800288851170563e+00 4.379051545512890442e+00 5.817092385012938571e+00 5.817168112614249154e+00 6.999209205459375305e+00 6.999335583043272635e+00 7.698749664873955290e+00 7.699435575493337680e+00 9.808006114038702705e+00 9.808162374145176443e+00 1.044824618416160789e+01 1.044828615485977075e+01 1.092670188190410663e+01 1.092683458027322629e+01 1.215109605865190723e+01 1.215115264729843148e+01 1.280641413869071243e+01 1.280654107126326835e+01 1.489953765325515711e+01 1.489971420915681755e+01 1.728820736573777239e+01 1.728823972127260333e+01 2.294647837544261648e+01 2.294664214038511929e+01
3.157337536591182103e-01 1.765684067768395149e+00 1.765942971664563377e+00 2.689142290081923736e+00 2.689267690328531302e+00 3.622300558370370904e+00 3.622440697382969699e+00 4.365573230219842671e+00 4.365831810084543463e+00 5.805495904684359942e+00 5.805571388947035061e+00 7.000728046870861476e+00 7.000856825834064878e+00 7.711723978358286047e+00 7.712422204552211724e+00 9.783866953383792975e+00 9.784025371258229242e+00 1.043104655892665988e+01 1.043109189700436801e+01 1.092765982312647211e+01 1.092779974443779700e+01 1.215144118339333268e+01 1.215149885677258723e+01 1.280873564779938434e+01 1.280886301037475050e+01 1.490629502142845020e+01 1.490647767170188054e+01 1.730897968171757384e+01 1.730901760715291360e+01 2.293557706614267744e+01 2.293574529082333058e+01
3.172535234973293261e-01 1.740790073301684338e+00 1.741059861547285648e+00 2.656155573018426530e+00 2.656270614434397714e+00 3.610980294981946059e+00 3.611110593089205789e+00 4.352537120897864042e+00 4.352802402226771505e+00 5.794131560136260184e+00 5.794207378010360010e+00 7.001765375969186245e+00 7.001895806165081559e+00 7.725937507934453663e+00 7.726649973307985420e+00 9.759774013210268606e+00 9.759933530398756218e+00 1.041343274087880921e+01 1.041348350139311307e+01 1.092887244050390727e+01 1.092901952403340360e+01 1.215134598415416711e+01 1.215140432034093010e+01 1.281113696842903593e+01 1.281126426757933423e+01 1.491320216886056116e+01 1.491339141542494140e+01 1.732942248606893187e+01 1.732946565580069276e+01 2.292454080487024726e+01 2.292471334851682840e+01
3.187732933355404419e-01 1.715537191265074091e+00 1.715817272034095842e+00 2.622673940787233704e+00 2.622777137437854122e+00 3.599585323883692123e+00 3.599703825263866896e+00 4.339716217609686844e+00 4.339987482702494681e+00 5.783024537635564677e+00 5.783101185661918997e+00 7.002336886185709375e+00 7.002467982172292160e+00 7.741353531233017726e+00 7.742082036290839575e+00 9.735781491842539381e+00 9.735941036518189762e+00 1.039542107350645317e+01 1.039547724241880644e+01 1.093031157570942824e+01 1.093046575326061642e+01 1.215082411521455086e+01 1.215088270958387184e+01 1.281361233990939219e+01 1.281373909211470519e+01 1.492024688600848492e+01 1.492044323330135036e+01 1.734951861652189820e+01 1.734956665007794285e+01 2.291337940456635280e+01 2.291355608760264673e+01
3.202930631737515577e-01 1.689954192473692940e+00 1.690243892755590061e+00 2.588725184980663840e+00 2.588815388998936484e+00 3.588055378164747289e+00 3.588160366917120037e+00 4.327135695946008553e+00 4.327412127178555501e+00 5.772199510306670334e+00 5.772277395923494758e+00 7.002461119920686983e+00 7.002591711789425410e+00 7.757930340738981023e+00 7.758676453203029233e+00 9.711939887779225344e+00 9.712098390516320734e+00 1.037703088479008251e+01 1.037709237835862197e+01 1.093194999994644689e+01 1.093211118831982631e+01 1.214989033667051821e+01 1.214994883399690018e+01 1.281615577324622635e+01 1.281628150836167457e+01 1.492741637632525986e+01 1.492762032916480130e+01 1.736925229995584985e+01 1.736930477467718603e+01 2.290210310275287142e+01 2.290228370703604455e+01
3.218128330119626734e-01 1.664070434053382508e+00 1.664368993903220684e+00 2.554337304786387541e+00 2.554414025913477992e+00 3.576327408206802172e+00 3.576417931063185840e+00 4.314821425263174248e+00 4.315102104116563808e+00 5.761680485795705131e+00 5.761759927218260913e+00 7.002158590555930928e+00 7.002287374811203335e+00 7.775622170469159045e+00 7.776387139248210900e+00 9.688296208707807722e+00 9.688452618469755251e+00 1.035828395018262604e+01 1.035835061550795189e+01 1.093376164459905731e+01 1.093392973857172557e+01 1.214856032175507572e+01 1.214861844948606873e+01 1.281876115316081588e+01 1.281888541774951662e+01 1.493469733760693785e+01 1.493490939608547841e+01 1.738860912798592295e+01 1.738866559057420602e+01 2.289072255592959237e+01 2.289090682575722013e+01
3.233326028501737892e-01 1.637915731152156162e+00 1.638222296550372103e+00 2.519538226040108686e+00 2.519602309986875177e+00 3.564336272475199685e+00 3.564413214996178247e+00 4.302799656229189473e+00 4.303083565858848658e+00 5.751490648753208923e+00 5.751571881376034590e+00 7.001450971310871907e+00 7.001576559308023917e+00 7.794380056785762179e+00 7.795164752025726784e+00 9.664894168439372990e+00 9.665047468792181462e+00 1.033920404692209161e+01 1.033927566356540240e+01 1.093572174885967563e+01 1.093589661500045374e+01 1.214685047982460731e+01 1.214690808124150578e+01 1.282142232785779967e+01 1.282154468838978367e+01 1.494207604505124820e+01 1.494229669669562455e+01 1.740757602854672470e+01 1.740763600646981857e+01 2.287924883237878859e+01 2.287943647621985477e+01
3.248523726883849050e-01 1.611520221131685693e+00 1.611833835996757891e+00 2.484355419166493384e+00 2.484410389777324646e+00 3.552015307074557260e+00 3.552083418676299509e+00 4.291096623088965778e+00 4.291382654815666164e+00 5.741652200008118712e+00 5.741735386887264703e+00 7.000360383547829635e+00 7.000481345819130397e+00 7.814152603012214371e+00 7.814957481174856113e+00 9.641774367563300530e+00 9.641923593164158035e+00 1.031981658925047540e+01 1.031989287184924997e+01 1.093780693959982919e+01 1.093798841112460707e+01 1.214477779788063572e+01 1.214483486252706790e+01 1.282413318506751132e+01 1.282425323097417014e+01 1.494953843486665157e+01 1.494976814455161573e+01 1.742614123409133597e+01 1.742620424719565264e+01 2.286769340335760603e+01 2.286788409625090779e+01
3.263721425265960208e-01 1.584914218185007773e+00 1.585233816238339699e+00 2.448815848668859374e+00 2.448869352278973732e+00 3.539297566373437398e+00 3.539367221954941467e+00 4.279738068680528862e+00 4.280025032595547785e+00 5.732186194233995558e+00 5.732271438435441624e+00 6.998908803552010838e+00 6.999023709005900429e+00 7.834886630655168105e+00 7.835711721292291543e+00 9.618974455564972104e+00 9.619118709036042603e+00 1.030014833283455644e+01 1.030022893465203104e+01 1.093999525809287832e+01 1.094018313086539429e+01 1.214235970291955624e+01 1.214241638980842275e+01 1.282688771367405423e+01 1.282700506023916986e+01 1.495707018735259020e+01 1.495730938562244283e+01 1.744429424682494201e+01 1.744435981923161094e+01 2.285606813266440085e+01 2.285626151921912452e+01
3.278919123648071365e-01 1.558128056125838379e+00 1.558452453424195250e+00 2.412947571096311972e+00 2.413009724135513068e+00 3.526119337637030338e+00 3.526203582640265566e+00 4.268748706873883414e+00 4.269035346550341004e+00 5.723112377976179665e+00 5.723199735094312679e+00 6.997117594851141931e+00 6.997225044382921588e+00 7.856527711480638665e+00 7.857372621324543616e+00 9.596529273488915379e+00 9.596667742874595675e+00 1.028022713676424615e+01 1.028031165412011916e+01 1.094226614678205678e+01 1.094246017648848301e+01 1.213961394661629711e+01 1.213967059386671288e+01 1.282968005092475927e+01 1.282979434198702862e+01 1.496465680847474466e+01 1.496490587900904323e+01 1.746202580131577875e+01 1.746209347353655517e+01 2.284438526457135410e+01 2.284458096249744941e+01
3.294116822030182523e-01 1.531191916962118205e+00 1.531519805981470084e+00 2.376781163557345256e+00 2.376860235339063987e+00 3.512422519694495371e+00 3.512531717430420475e+00 4.258151643837516431e+00 4.258436654945735533e+00 5.714449030067156876e+00 5.714538519771841685e+00 6.995007163689559881e+00 6.995105818239844453e+00 7.879020583704853919e+00 7.879884513615173169e+00 9.574470977118467729e+00 9.574602954245426290e+00 1.026008177239005015e+01 1.026016974992923991e+01 1.094460040751252272e+01 1.094480030798302472e+01 1.213655851245567341e+01 1.213661562656322879e+01 1.283250451579362661e+01 1.283261542623241169e+01 1.497228370907293105e+01 1.497254297603046957e+01 1.747932782479227143e+01 1.747939716590253312e+01 2.283265741012198546e+01 2.283285501421222108e+01
3.309314520412293681e-01 1.504135642811185392e+00 1.504465588983671109e+00 2.340348290884878502e+00 2.340449531430637276e+00 3.498153574849424796e+00 3.498294496574466450e+00 4.247967785591288070e+00 4.248249838043055782e+00 5.706212806632930956e+00 5.706304422568071466e+00 6.992596728577140652e+00 6.992685332190629488e+00 7.902309461937304214e+00 7.903191232759183116e+00 9.552829141204899344e+00 9.552954041420095521e+00 1.023974176955596604e+01 1.023983270632033005e+01 1.094698014078698911e+01 1.094718558340004222e+01 1.213321154321954509e+01 1.213326976397138068e+01 1.283535562952931919e+01 1.283546286750477705e+01 1.497993628095643359e+01 1.498020599686401866e+01 1.749619339542108420e+01 1.749626401503425299e+01 2.282089753180019187e+01 2.282109661828048530e+01
3.324512218794404839e-01 1.476988528750126317e+00 1.477318970329078773e+00 2.303680761214365713e+00 2.303807478115960539e+00 3.483263560374027179e+00 3.483440676809150371e+00 4.238215263801588861e+00 4.238493026909602612e+00 5.698418593031266965e+00 5.698512310728862218e+00 6.989904190641934356e+00 6.989981589795599248e+00 7.926338254429301955e+00 7.927236338597699827e+00 9.531630845616199110e+00 9.531748229558512975e+00 1.021923729222224253e+01 1.021933064849773487e+01 1.094938867383096515e+01 1.094959928791306325e+01 1.212959128437971223e+01 1.212965132802919399e+01 1.283822812475294661e+01 1.283833143367405150e+01 1.498759996925578442e+01 1.498788030399667015e+01 1.751261669885667516e+01 1.751268825853796329e+01 2.280911892658345153e+01 2.280931905774394508e+01
3.339709917176515996e-01 1.449779094342728447e+00 1.450108346407423809e+00 2.266810836195750856e+00 2.266965285606904246e+00 3.467709362517916283e+00 3.467925775969000313e+00 4.228908913882140297e+00 4.229181083923334583e+00 5.691079365130214285e+00 5.691175147835908277e+00 6.986946089184885800e+00 6.987011251137603907e+00 7.951050703036467660e+00 7.951963259575096643e+00 9.510900744477236657e+00 9.511010342698121178e+00 1.019859903688801772e+01 1.019869424180848227e+01 1.095181048365873266e+01 1.095202585777936299e+01 1.212571603805057485e+01 1.212577862906642956e+01 1.284111694469002529e+01 1.284121610488808862e+01 1.499526034050822787e+01 1.499555137183159026e+01 1.752859298335215499e+01 1.752866520698263386e+01 2.279733520740185071e+01 2.279753593641723342e+01
3.354907615558627154e-01 1.422534831869377570e+00 1.422861095196998660e+00 2.229771705716630414e+00 2.229955536351212686e+00 3.451454880778932033e+00 3.451712769285469662e+00 4.220059838557769005e+00 4.220325168073150834e+00 5.684206062320157571e+00 5.684303864778175175e+00 6.983737625040035368e+00 6.983789662335138537e+00 7.976390461591485348e+00 7.977315372872566535e+00 9.490661119537431745e+00 9.490762860794156097e+00 1.017785814852402382e+01 1.017795460842414279e+01 1.095423111995370213e+01 1.095445080400954474e+01 1.212160412381206243e+01 1.212166992942039379e+01 1.284401723423380481e+01 1.284411206432542762e+01 1.500290314605495112e+01 1.500320485189184794e+01 1.754411851372011100e+01 1.754419119617805478e+01 2.278556028303142611e+01 2.278576115887576137e+01
3.370105313940738312e-01 1.395281929748099614e+00 1.395603305193897192e+00 2.192597888221458735e+00 2.192812348605742478e+00 3.434471943819274120e+00 3.434772761792280527e+00 4.211675085881801728e+00 4.211932414020914450e+00 5.677807474552225564e+00 5.677907244896474026e+00 6.980292728486646503e+00 6.980330954289466483e+00 8.002301127590515151e+00 8.003236036790333685e+00 9.470931919261698084e+00 9.471025962846214341e+00 1.015704614986560905e+01 1.015714325739119772e+01 1.095663713142023177e+01 1.095686063940119404e+01 1.211727384578429678e+01 1.211734342498582961e+01 1.284692432456143507e+01 1.284701468249173217e+01 1.501051438042228980e+01 1.501082663316855914e+01 1.755919052442068207e+01 1.755926353780635552e+01 2.277380833645808877e+01 2.277400890881689222e+01
3.385303012322849470e-01 1.368044970322049858e+00 1.368359479281114899e+00 2.155325593686908014e+00 2.155571632160721229e+00 3.416740984988521301e+00 3.417085558934089384e+00 4.203757463497466595e+00 4.204005746705886892e+00 5.671890145513742709e+00 5.671991825477284976e+00 6.976624107307597633e+00 6.976648248833638988e+00 8.028726240643919709e+00 8.029668589244513655e+00 9.451730785697460391e+00 9.451817556576727952e+00 1.013619488088113130e+01 1.013629202488647074e+01 1.095901599831311479e+01 1.095924281164408676e+01 1.211274346734225382e+01 1.211281723939761434e+01 1.284983371297576760e+01 1.284991949674010492e+01 1.501808033444688029e+01 1.501840289726724542e+01 1.757380717202280707e+01 1.757388046855696473e+01 2.276209380175676600e+01 2.276229362583701032e+01
3.400500710704960627e-01 1.340846602164705859e+00 1.341152213669543736e+00 2.117993081493823482e+00 2.118271396820363250e+00 3.398251500471440867e+00 3.398640081517652956e+00 4.196305501419324457e+00 4.196543843749338087e+00 5.666458293794447876e+00 5.666561817494089937e+00 6.972742718454935762e+00 6.972754505884544152e+00 8.055609259360885233e+00 8.056556324329109842e+00 9.433073072262713410e+00 9.433153294003409073e+00 1.011533644602416260e+01 1.011543302231497243e+01 1.096135607307907200e+01 1.096158564443378580e+01 1.210803119465504096e+01 1.210810942573746196e+01 1.285274103954164104e+01 1.285282218759086170e+01 1.502558764298630400e+01 1.502592016810966946e+01 1.758796748722207326e+01 1.758804109796053083e+01 2.275043133953683139e+01 2.275062998067491549e+01
3.415698409087071785e-01 1.313707188397201575e+00 1.314001853471950643e+00 2.080641025376515962e+00 2.080952093237875555e+00 3.379002302895663501e+00 3.379434603082510868e+00 4.189313564884626473e+00 4.189541247151984393e+00 5.661513753575674990e+00 5.661619045158372110e+00 6.968653546487433736e+00 6.968667108894259776e+00 8.082893526463546863e+00 8.083842456913597374e+00 9.414971857209645023e+00 9.415046570625072775e+00 1.009450316751125598e+01 1.009459859052890707e+01 1.096364653042228277e+01 1.096387828790889074e+01 1.210315516875317954e+01 1.210323797222862297e+01 1.285564206194274739e+01 1.285571855328179325e+01 1.503302332713373168e+01 1.503336535604649704e+01 1.760167132650039079e+01 1.760174535519925954e+01 2.273883581101332041e+01 2.273903284898121768e+01
3.430896107469182943e-01 1.286644434313129803e+00 1.286926128416409298e+00 2.043312887347506823e+00 2.043656974159581363e+00 3.359001584332768520e+00 3.359476808487873445e+00 4.182772108186377125e+00 4.182988615065518445e+00 5.657055935999827589e+00 5.657162906456663976e+00 6.964368153415229301e+00 6.964395707625259391e+00 8.110522230113705433e+00 8.111470083355577287e+00 9.397437958509422984e+00 9.397508504984633859e+00 1.007372754335717779e+01 1.007382125894481639e+01 1.096587732760382572e+01 1.096611067922509086e+01 1.209813346448030202e+01 1.209822080989676785e+01 1.285853262981779643e+01 1.285860448380961962e+01 1.504037483092526095e+01 1.504072579632524231e+01 1.761491932339164279e+01 1.761499393527774515e+01 2.272732225076957846e+01 2.272751728368137236e+01
3.446093805851294101e-01 1.259672999961169326e+00 1.259939774801370982e+00 2.006055297198249487e+00 2.006432466609453957e+00 3.338266808172861477e+00 3.338783686321644684e+00 4.176668051102226720e+00 4.176873095006117254e+00 5.653081811964805858e+00 5.653190355427168967e+00 6.959901899637788603e+00 6.959945405048247657e+00 8.138438367771447801e+00 8.139382144690124221e+00 9.380479953111466429e+00 9.380547898273949414e+00 1.005304220926223380e+01 1.005313370870273637e+01 1.096803917537574691e+01 1.096827351367021031e+01 1.209298409407981012e+01 1.209307582100644751e+01 1.286140865965539248e+01 1.286147593553921453e+01 1.504763005259399300e+01 1.504798928193857321e+01 1.762771283920556442e+01 1.762778824503510577e+01 2.271590583828381327e+01 2.271609848600876091e+01
3.461291504233405258e-01 1.232804106342462624e+00 1.233054153204144576e+00 1.968918430512240691e+00 1.969328545143983034e+00 3.316824454997312266e+00 3.317381276981793192e+00 4.170985252564839207e+00 4.171178792748794883e+00 5.649585916653455442e+00 5.649695906485235675e+00 6.955265563663007633e+00 6.955325549545145591e+00 8.166584717429039131e+00 8.167521397145939943e+00 9.364104194101956935e+00 9.364171183283554356e+00 1.003247990369988862e+01 1.003256873925910142e+01 1.097012351961113374e+01 1.097035822638506275e+01 1.208772501316893866e+01 1.208782084734697015e+01 1.286426611114581142e+01 1.286432890726903544e+01 1.505477737048257048e+01 1.505514409094794104e+01 1.764005391301012082e+01 1.764013034951791781e+01 2.270460186829834726e+01 2.270479177529282211e+01
3.476489202615516416e-01 1.206045147599293932e+00 1.206276875863531606e+00 1.931956374630120266e+00 1.932399094253065330e+00 3.294709651343538326e+00 3.295304303738727292e+00 4.165705052142270937e+00 4.165887306871360884e+00 5.646560375670349963e+00 5.646671660659628778e+00 6.950469415752515090e+00 6.950546068078280015e+00 8.194903819779225884e+00 8.195830393532563818e+00 9.348314808828748212e+00 9.348382382790171974e+00 1.001207343571472741e+01 1.001215923793660068e+01 1.097212253340132015e+01 1.097235698446495000e+01 1.208237412713627812e+01 1.208247369745163269e+01 1.286710096571251860e+01 1.286715941845623234e+01 1.506180566377796737e+01 1.506217900843852320e+01 1.765194521072014666e+01 1.765202291917383803e+01 2.269342572011544235e+01 2.269361255759536178e+01
3.491686900997627574e-01 1.179399326016392413e+00 1.179611463268491756e+00 1.895227468049377473e+00 1.895702244708913575e+00 3.271965711474897009e+00 3.272595716167029156e+00 4.160806848792391044e+00 4.160978297644678747e+00 5.643994952235862783e+00 5.644107353169550478e+00 6.945523876730907986e+00 6.945617201417931597e+00 8.223337973768579445e+00 8.224251477922438269e+00 9.333113664746289118e+00 9.333183094275149472e+00 9.991855655033662131e+00 9.991938151966060389e+00 1.097402911913532364e+01 1.097426268896104418e+01 1.207694929634219072e+01 1.207705215180523517e+01 1.286990920778309722e+01 1.286996349012900431e+01 1.506870432827628470e+01 1.506908334331212806e+01 1.766338997328667659e+01 1.766346917816501261e+01 2.268239282590907635e+01 2.268257629329669456e+01
3.506884599379738732e-01 1.152865331755763778e+00 1.153057056459786400e+00 1.858794594067616934e+00 1.859300664348230381e+00 3.248643620993034720e+00 3.249306174527309299e+00 4.156268687845403598e+00 4.156430060460650111e+00 5.641877114498743850e+00 5.641990421375020048e+00 6.940439766501849128e+00 6.940549630377866208e+00 8.251829247020900482e+00 8.252726795080212341e+00 9.318500310218929883e+00 9.318572498049652708e+00 9.971859424146206408e+00 9.971938462430733452e+00 1.097583691984049459e+01 1.097606898606539794e+01 1.207146833881375514e+01 1.207157396511086134e+01 1.287268680921108022e+01 1.287273712885023080e+01 1.507546328742265018e+01 1.507584694016671456e+01 1.767439196418160208e+01 1.767447285389010503e+01 2.267151863814554957e+01 2.267169846374104125e+01
3.522082297761849889e-01 1.126437094989664933e+00 1.126608219775955488e+00 1.822725404067505828e+00 1.823261778572907055e+00 3.224801487835024627e+00 3.225493500643471734e+00 4.152067830531310122e+00 4.152220077787514008e+00 5.640192121691919525e+00 5.640306091788257703e+00 6.935228493340241052e+00 6.935354636352878188e+00 8.280319501755165845e+00 8.281198315229200801e+00 9.304471913106771908e+00 9.304547371161497438e+00 9.952117592061672013e+00 9.952193159235845243e+00 1.097754033883938440e+01 1.097777028654020981e+01 1.206594902939018432e+01 1.206605686476103756e+01 1.287542971712914230e+01 1.287547631394952852e+01 1.508207299890210962e+01 1.508246018654545217e+01 1.768495541654572278e+01 1.768503812761671767e+01 2.266081859621083439e+01 2.266099453705887257e+01
3.537279996143961047e-01 1.100103645352620063e+00 1.100254876882712507e+00 1.787092439902305152e+00 1.787657890064934252e+00 3.200503981549441601e+00 3.201222116309990096e+00 4.148181284717525230e+00 4.148325529160685754e+00 5.638923127584423156e+00 5.639037484555251112e+00 6.929902218666716962e+00 6.930044256453330220e+00 8.308750436020746477e+00 8.309607873943056333e+00 9.291023215973854832e+00 9.291102094580537596e+00 9.932662969537238595e+00 9.932735215750112090e+00 1.097913456655811437e+01 1.097936179223337128e+01 1.206040909450156740e+01 1.206051854477789931e+01 1.287813384539709283e+01 1.287817698811368672e+01 1.508852445708039269e+01 1.508891401586357084e+01 1.769508498045843581e+01 1.769516958602648415e+01 2.265030809234418285e+01 2.265047993329022802e+01
3.552477694526072205e-01 1.073849127319329355e+00 1.073982424960128856e+00 1.751973118876023916e+00 1.752566161369009334e+00 3.175821776438154220e+00 3.176562485016608317e+00 4.144586280091179020e+00 4.144723745251464919e+00 5.638051299489394985e+00 5.638165733617912068e+00 6.924474001815854152e+00 6.924631424198461005e+00 8.337063639283025296e+00 8.337897226161452124e+00 9.278146514487595198e+00 9.278228654861651492e+00 9.913528305677985486e+00 9.913597561128442592e+00 1.098061561310361256e+01 1.098083952830554999e+01 1.205486620196766800e+01 1.205497665463717816e+01 1.288079506970128918e+01 1.288083505132484063e+01 1.509480919161166135e+01 1.509519990634110265e+01 1.770478567077572407e+01 1.770487217347370645e+01 2.264000243698210824e+01 2.264016998894070554e+01
3.567675392908183363e-01 1.047653056408804018e+00 1.047772049913919146e+00 1.717449539704976269e+00 1.718068418999805891e+00 3.150831008791296295e+00 3.151590567429336076e+00 4.141260675492757670e+00 4.141392598658387492e+00 5.637555950978866193e+00 5.637670120654044048e+00 6.918957924410277016e+00 6.919130091985277176e+00 8.365200660562866375e+00 8.366008112498716898e+00 9.265831659057662151e+00 9.265916649770646885e+00 9.894746265772093707e+00 9.894813047712256449e+00 1.098198034500961739e+01 1.098220037957795547e+01 1.204933794539427616e+01 1.204944878255897578e+01 1.288340922625453189e+01 1.288344635806895511e+01 1.510091926254178674e+01 1.510130987628233790e+01 1.771406281590095944e+01 1.771415114483048825e+01 2.262991682361813517e+01 2.263007992110652111e+01
3.582873091290294520e-01 1.021490980528979353e+00 1.021601196245310206e+00 1.683608064922394787e+00 1.684250734901975521e+00 3.125612753486020079e+00 3.126387296090558099e+00 4.138183290744253284e+00 4.138310829531167023e+00 5.637414686434065736e+00 5.637528220868313511e+00 6.913369192917913963e+00 6.913555332876342163e+00 8.393103086410997449e+00 8.393882335090447455e+00 9.254066080296695418e+00 9.254153308962193236e+00 9.876349409605932550e+00 9.876414410779347008e+00 1.098322652433657964e+01 1.098344212919641194e+01 1.204384182292851513e+01 1.204395243302638363e+01 1.288597211392813513e+01 1.288600671771240691e+01 1.510684725224299640e+01 1.510723647605073516e+01 1.772292200774451132e+01 1.772301201888863531e+01 2.262006629328747209e+01 2.262022479130987662e+01
3.598070789672405678e-01 9.953357487360398048e-01 9.954441097681194783e-01 1.650538636218751520e+00 1.651202742192521944e+00 3.100252520960614433e+00 3.101038070506262123e+00 4.135334160550873328e+00 4.135458307440488923e+00 5.637603555623269536e+00 5.637716058770042338e+00 6.907724217764191543e+00 6.907923419719162794e+00 8.420712624926418144e+00 8.421461839147482920e+00 9.242834842154243447e+00 9.242923540072828459e+00 9.858370167729027855e+00 9.858434218902278445e+00 1.098435284810318713e+01 1.098456349760119188e+01 1.203839521031505200e+01 1.203850499847633237e+01 1.288847949951799698e+01 1.288851189796257835e+01 1.511258625451759841e+01 1.511297277709065412e+01 1.773136905303005761e+01 1.773146053237525877e+01 2.261046569878821089e+01 2.261061946918860244e+01
3.613268488054516836e-01 9.691592885172258809e-01 9.692726631880241861e-01 1.618333786273056241e+00 1.619016649197787761e+00 3.074839772155230744e+00 3.075632270325653117e+00 4.132694713662417918e+00 4.132816231999671963e+00 5.638097216638371378e+00 5.638208272214751737e+00 6.902040667399197638e+00 6.902251879854642169e+00 8.447971190749241188e+00 8.448688795101952920e+00 9.232120729851589047e+00 9.232210010280558876e+00 9.840840810227270197e+00 9.840904815316930510e+00 1.098535898583428505e+01 1.098556417959995279e+01 1.203301532837062737e+01 1.203312372528971252e+01 1.289092712571801691e+01 1.289095763137004447e+01 1.511812986120754587e+01 1.511851235834625662e+01 1.773940992603695577e+01 1.773950259469731350e+01 2.260112966875485796e+01 2.260127859618519253e+01
3.628466186436627994e-01 9.429343826358950187e-01 9.430580593507363885e-01 1.587087325747126521e+00 1.587785930857560812e+00 3.049467446457962527e+00 3.050262781723288352e+00 4.130247885251168150e+00 4.130367274819422008e+00 5.638869105726728392e+00 5.638978283194933994e+00 6.896337495838198883e+00 6.896559523860589458e+00 8.474820984413470981e+00 8.475505674676478307e+00 9.221904382443035786e+00 9.221993274069211211e+00 9.823793400117125429e+00 9.823858252491950438e+00 1.098624561284186996e+01 1.098644487717367291e+01 1.202771920516491022e+01 1.202782567438727135e+01 1.289331072129022360e+01 1.289333962485179619e+01 1.512347214664169748e+01 1.512384929042345938e+01 1.774705072282832319e+01 1.774714424355802933e+01 2.259207257170377758e+01 2.259221654937948287e+01
3.643663884818739152e-01 9.166364018997406049e-01 9.167734976174440886e-01 1.556892708635861933e+00 1.557603700931158297e+00 3.024231495959914806e+00 3.025025530319854994e+00 4.127978173058579614e+00 4.128095665918828594e+00 5.639891612807909738e+00 5.639998474124094052e+00 6.890634942367670490e+00 6.890866446968042069e+00 8.501204557580230414e+00 8.501855312330992120e+00 9.212164482147404243e+00 9.212251959382738775e+00 9.807259724033789539e+00 9.807326221104114339e+00 1.098701443672389821e+01 1.098720732551353230e+01 1.202252363335617424e+01 1.202262767690785772e+01 1.289562601293123834e+01 1.289565357216138075e+01 1.512860765024516141e+01 1.512897811783305535e+01 1.775429761699831843e+01 1.775439160159416829e+01 2.258330848017509496e+01 2.258344740560619002e+01
3.658861583200850309e-01 8.902455408540297377e-01 8.903972355101464897e-01 1.527841112942758706e+00 1.528560801944934600e+00 2.999230418315010027e+00 3.000019012936796514e+00 4.125871648023876403e+00 4.125987229241803611e+00 5.641136261747420555e+00 5.641240368647492787e+00 6.884954502329933668e+00 6.885194002007483327e+00 8.527064853438460545e+00 8.527680941294505601e+00 9.202878014771444626e+00 9.202963026242640510e+00 9.791271196915191766e+00 9.791339970554501448e+00 1.098766821448450060e+01 1.098785430970516153e+01 1.201744512327848291e+01 1.201754628560325244e+01 1.289786873846285964e+01 1.289789516907808320e+01 1.513353135762553059e+01 1.513389383964334911e+01 1.776115681696829540e+01 1.776125083417487360e+01 2.257485113510151820e+01 2.257498490599479268e+01
3.674059281582961467e-01 8.637497418600501575e-01 8.639157625887107228e-01 1.500019314181368690e+00 1.500743689988396357e+00 2.974564780115240836e+00 2.975343820068460765e+00 4.123915928762937000e+00 4.124029373795090159e+00 5.642573894749311592e+00 5.642674816311245678e+00 6.879318868170092749e+00 6.879564743004094041e+00 8.552345208932285558e+00 8.552926190746729773e+00 9.194020617681209373e+00 9.194102113987945302e+00 9.775858741813385322e+00 9.775930214249354933e+00 1.098821075766425537e+01 1.098838966946035178e+01 1.201249985250668928e+01 1.201259772272189963e+01 1.290003466117363118e+01 1.290006013087694825e+01 1.513823868043944643e+01 1.513859188885900586e+01 1.776763452486491701e+01 1.776772810848913053e+01 2.256671391053895803e+01 2.256684242106226890e+01
3.689256979965072625e-01 8.371480820370356124e-01 8.373271336796883624e-01 1.473507471156894733e+00 1.474232233020369653e+00 2.950336722830909419e+00 2.951102141074811502e+00 4.122100127616405096e+00 4.122211048226697372e+00 5.644174860502581659e+00 5.644272180704242636e+00 6.873751840251118850e+00 6.874002338852903904e+00 8.576989302458606801e+00 8.577535027686167268e+00 9.185567033833645922e+00 9.185643995387607674e+00 9.761052647611721866e+00 9.761127012489989596e+00 1.098864692293533096e+01 1.098881828936091942e+01 1.200770361273289843e+01 1.200779782526815076e+01 1.290211958530679581e+01 1.290214421147245005e+01 1.514272543533006932e+01 1.514306811082937188e+01 1.777373689701693849e+01 1.777382955403345477e+01 2.255890977889982452e+01 2.255903291648359144e+01
3.704454678347183783e-01 8.104543739478149433e-01 8.106444617023653709e-01 1.448376979009025511e+00 1.449097576535085974e+00 2.926649443947854312e+00 2.927397244667004905e+00 4.120414774695475124e+00 4.120522666995261929e+00 5.645909205950270682e+00 5.646002530931826691e+00 6.868278207322256357e+00 6.868531456874153562e+00 8.600941027350090806e+00 8.601451623687562886e+00 9.177491692216779740e+00 9.177563157766318369e+00 9.746882406569280732e+00 9.746959628869152681e+00 1.098898258578032028e+01 1.098914607224083362e+01 1.200307175486793732e+01 1.200316198860793016e+01 1.290411937274217102e+01 1.290414322358649635e+01 1.514698782221214834e+01 1.514731874097518194e+01 1.777947000611140993e+01 1.777956122459695010e+01 2.255145127683321959e+01 2.255156891965711807e+01
3.719652376729294940e-01 7.837007946446649109e-01 7.838994622386989963e-01 1.424688564687895287e+00 1.425400250457855567e+00 2.903606646894693721e+00 2.904332928212466136e+00 4.118851725496087468e+00 4.118956015795025571e+00 5.647746871721001760e+00 5.647835836462667736e+00 6.862923596963543815e+00 6.863177616478354004e+00 8.624144268003302471e+00 8.624620123307160213e+00 9.169769436406218333e+00 9.169834532706422792e+00 9.733376532740942721e+00 9.733456360196111490e+00 1.098922459514751715e+01 1.098937989360383760e+01 1.199861913333018748e+01 1.199870510944129798e+01 1.290602996084574805e+01 1.290605305938178837e+01 1.515102240216702789e+01 1.515134038210743128e+01 1.778483980505114914e+01 1.778492906182827937e+01 2.254435047189877039e+01 2.254446248717587054e+01
3.734850075111406098e-01 7.569413911403022333e-01 7.571459019909059229e-01 1.402490797384717380e+00 1.403188688569935394e+00 2.881311954654158569e+00 2.882012930686105090e+00 4.117404057036559095e+00 4.117504142962303604e+00 5.649657891352814154e+00 5.649742165491973722e+00 6.857714296828602230e+00 6.857967013663372136e+00 8.646542552312588725e+00 8.646984287736099617e+00 9.162376423412544213e+00 9.162434396440351847e+00 9.720562363069785050e+00 9.720644343563451528e+00 1.098938070737018968e+01 1.098952753536561744e+01 1.199436005049857812e+01 1.199444152917342166e+01 1.290784738132457932e+01 1.290786971116020609e+01 1.515482607519470903e+01 1.515512998159629454e+01 1.778985209255572641e+01 1.778993886045833506e+01 2.253761893018139872e+01 2.253772517330967773e+01
3.750047773493517256e-01 7.302553340525504977e-01 7.304628123375314086e-01 1.381819157617306670e+00 1.382498303289231067e+00 2.859868283558931079e+00 2.860540305705427944e+00 4.116065956922676072e+00 4.116161242511119589e+00 5.651612594429713532e+00 5.651691886966792033e+00 6.852677048066645682e+00 6.852926317620185337e+00 8.668078551842476998e+00 8.668486985166076408e+00 9.155291213880239809e+00 9.155341462095485383e+00 9.708465845308799302e+00 9.708549347105089211e+00 1.098945949815850653e+01 1.098959759772731104e+01 1.199030820228610672e+01 1.199038497868610698e+01 1.290956777980350978e+01 1.290958929187392634e+01 1.515839605805499346e+01 1.515868480863201739e+01 1.779451248054657952e+01 1.779459623524379452e+01 2.253126768499229016e+01 2.253136799959848702e+01
3.765245471875628414e-01 7.037498196082460078e-01 7.039573594911234800e-01 1.362695756415451154e+00 1.363351206923825387e+00 2.839377175667538999e+00 2.840016752992239546e+00 4.114832609177324407e+00 4.114922533407354699e+00 5.653581813633162589e+00 5.653655876312830841e+00 6.847838812921262175e+00 6.848082441338235071e+00 8.688693401183396503e+00 8.689069499511104411e+00 9.148496070817976999e+00 9.148538181470842190e+00 9.697111320153840808e+00 9.697195553679019753e+00 1.098947025211773898e+01 1.098959938862950025e+01 1.198647662573357664e+01 1.198654852544113147e+01 1.291118743577559158e+01 1.291120805529106086e+01 1.516172986241429932e+01 1.516200243180332841e+01 1.779882636335396384e+01 1.779890658968835027e+01 2.252530720679712317e+01 2.252540142565365144e+01
3.780443170257739571e-01 6.775625460186071036e-01 6.777672926331395065e-01 1.345129729148194508e+00 1.345756604212446250e+00 2.819938090269751285e+00 2.820541908772220996e+00 4.113700080080587185e+00 4.113784138766299669e+00 5.655537095479544085e+00 5.655605724682291502e+00 6.843226519168374544e+00 6.843462288766289703e+00 8.708325812359444029e+00 8.708670633824539209e+00 9.141978475251946179e+00 9.142012266405121323e+00 9.686521308307238343e+00 9.686605349290326572e+00 1.098942283000751452e+01 1.098954279099464593e+01 1.198287764943417066e+01 1.198294452373846219e+01 1.291270278257149862e+01 1.291272241569628143e+01 1.516482527349947240e+01 1.516508069720269880e+01 1.780279888878109773e+01 1.780287508659264972e+01 2.251974737450654729e+01 2.251983532126119769e+01
3.795640868639850729e-01 6.518636945912110736e-01 6.520628988824014316e-01 1.329118259561272719e+00 1.329711812483399092e+00 2.801647657454679585e+00 2.802212598026068147e+00 4.112665206675217178e+00 4.112742967864756238e+00 5.657450914172422074e+00 5.657513951210584757e+00 6.838866784756953976e+00 6.839092481788436650e+00 8.726910972560494528e+00 8.727225597549621128e+00 9.135732849334237571e+00 9.135758425930761817e+00 9.676716316028668885e+00 9.676799130304265972e+00 1.098932751481398817e+01 1.098943810882131622e+01 1.197952284747976748e+01 1.197958456881006306e+01 1.291411042702285172e+01 1.291412896700975210e+01 1.516768032944503908e+01 1.516791770725182076e+01 1.780643493105637631e+01 1.780650662047715471e+01 2.251459744825602982e+01 2.251467893987961233e+01
3.810838567021961887e-01 6.268573066217060230e-01 6.270483565817810412e-01 1.314648131229401606e+00 1.315203807658792412e+00 2.784598899233036828e+00 2.785122054085371612e+00 4.111725490031234997e+00 4.111796603192185096e+00 5.659296887559882805e+00 5.659354217340641036e+00 6.834785626734677599e+00 6.834999070998970971e+00 8.744379239435577489e+00 8.744664693225287166e+00 9.129762440792021039e+00 9.129780294950524677e+00 9.667714674516210138e+00 9.667795144889749892e+00 1.098919483863297231e+01 1.098929589411925534e+01 1.197642299747649020e+01 1.197647945526265900e+01 1.291540716853884874e+01 1.291542450119702856e+01 1.517029330150535671e+01 1.517051180042454206e+01 1.780973906570205401e+01 1.780980579191752255e+01 2.250986604379272293e+01 2.250994089362238171e+01
3.826036265404073045e-01 6.027818451645045039e-01 6.029622774661674844e-01 1.301697665047562680e+00 1.302211155738309145e+00 2.768880426363367064e+00 2.769359113747363654e+00 4.110878994851571377e+00 4.110943194212601348e+00 5.661049993672471636e+00 5.661101541766308642e+00 6.831008159249552847e+00 6.831207234977477505e+00 8.760654695789261481e+00 8.760911866474948795e+00 9.124081235674546875e+00 9.124092519650691457e+00 9.659532428671358417e+00 9.659609384106419228e+00 1.098903539331783996e+01 1.098912675763018498e+01 1.197358804301586943e+01 1.197363914019968689e+01 1.291659001736032764e+01 1.291660602583173123e+01 1.517266267528867196e+01 1.517286153202884513e+01 1.781271554634350096e+01 1.781277688382649060e+01 2.250556110857751690e+01 2.250562912981457231e+01
3.841233963786184202e-01 5.799095578298015807e-01 5.800770556961870605e-01 1.290238886139707386e+00 1.290706173918366062e+00 2.754575621686773168e+00 2.755007398758753112e+00 4.110124256551498156e+00 4.110181359059229322e+00 5.662686785758775265e+00 5.662732513993441685e+00 6.827558286086513384e+00 6.827740973445550310e+00 8.775653705023188422e+00 8.775883263191035510e+00 9.118715573653757289e+00 9.118723000364123976e+00 9.652183289000614508e+00 9.652255536112770429e+00 1.098885962878517475e+01 1.098894116721936243e+01 1.197102706081765966e+01 1.197107271116489002e+01 1.291765621179356316e+01 1.291767078066754237e+01 1.517478713315626493e+01 1.517496565619440041e+01 1.781536828348058066e+01 1.781542383971205012e+01 2.250168989969948186e+01 2.250175090920965459e+01
3.856431662168295360e-01 5.585440249816047142e-01 5.586964098842378545e-01 1.280239769605830746e+00 1.280657171196400324e+00 2.741761823292032663e+00 2.742144497054328944e+00 4.109460196561966150e+00 4.109510095025569854e+00 5.664185603172315453e+00 5.664225503956065388e+00 6.824458393784809118e+00 6.824622800289452229e+00 8.789283729754179930e+00 8.789486059308730503e+00 9.113706081061407005e+00 9.113714116082507033e+00 9.645678656361740266e+00 9.645745012862539269e+00 1.098867764373958700e+01 1.098874923869314024e+01 1.196874823259048348e+01 1.196878835887000925e+01 1.291860323425763113e+01 1.291861625307796224e+01 1.517666553791612216e+01 1.517682310919716748e+01 1.781770082523976129e+01 1.781775024393702722e+01 2.249825896369042155e+01 2.249831278595071637e+01
3.871629360550406518e-01 5.390150345276473187e-01 5.391502605644946655e-01 1.271666435931938954e+00 1.272030639363920912e+00 2.730509523059771126e+00 2.730841159374891802e+00 4.108886046291694960e+00 4.108928698438109706e+00 5.665526774941239019e+00 5.665560864600875490e+00 6.821729051846621594e+00 6.821873442917310015e+00 8.801442839924487060e+00 8.801617992351792097e+00 9.109110712686657507e+00 9.109121262800341512e+00 9.640027723072789101e+00 9.640087052452431138e+00 1.098849897431959732e+01 1.098856052453975707e+01 1.196675882149580694e+01 1.196679335450701842e+01 1.291942882600416631e+01 1.291944019222946771e+01 1.517829691792698732e+01 1.517843299423763348e+01 1.781971634012283445e+01 1.781975930400128050e+01 2.249527411831590129e+01 2.249532058935550083e+01
3.886827058932517676e-01 5.216697699026177082e-01 5.217859299485416713e-01 1.264485196271493805e+00 1.264793294411445723e+00 2.720881597896194215e+00 2.721160528655008903e+00 4.108401279934158268e+00 4.108436694285146018e+00 5.666692812420596859e+00 5.666721123914626901e+00 6.819388726843863324e+00 6.819511554739297488e+00 8.812020519653353645e+00 8.812168205809335575e+00 9.105001989808465979e+00 9.105014391703345922e+00 9.635237646076211249e+00 9.635288892488425461e+00 1.098833238672161627e+01 1.098838380664806280e+01 1.196506515295998518e+01 1.196509403131241811e+01 1.292013100038899331e+01 1.292014062186467172e+01 1.517968045371645758e+01 1.517979456777567648e+01 1.782141760176623890e+01 1.782145383486368928e+01 2.249274043641013776e+01 2.249277940760074301e+01
3.902024757314628833e-01 5.068593927131024302e-01 5.069547439266167688e-01 1.258664378462306610e+00 1.258913898883353699e+00 2.712932592095654627e+00 2.713157420694392474e+00 4.108005556123397461e+00 4.108033775818868527e+00 5.667668587132252966e+00 5.667691162559938434e+00 6.817453517318896594e+00 6.817553447674315592e+00 8.820900510625858004e+00 8.821020143229345578e+00 9.101463367389214909e+00 9.101476150315267688e+00 9.631313779309813583e+00 9.631356001366487618e+00 1.098818568017745534e+01 1.098822689937844999e+01 1.196367259946660866e+01 1.196369576995396677e+01 1.292070805459280258e+01 1.292071585158509883e+01 1.518081546620369160e+01 1.518090722751085409e+01 1.782280697572331718e+01 1.782283624531778443e+01 2.249066223181175062e+01 2.249069357337506503e+01
3.917222455696739991e-01 4.949206396492194515e-01 4.949936519151176273e-01 1.254175891761699413e+00 1.254364822819543646e+00 2.706708069610124667e+00 2.706877674950264545e+00 4.107698668327393499e+00 4.107719754226951459e+00 5.668441489783704768e+00 5.668458373149767304e+00 6.815936916220373121e+00 6.816012851460354405e+00 8.827966361679250085e+00 8.828057155730652639e+00 9.098584273181735682e+00 9.098595777590489320e+00 9.628259944410876514e+00 9.628292346438479754e+00 1.098806550670060567e+01 1.098809646940167006e+01 1.196258556888414226e+01 1.196260298725444748e+01 1.292115857970403958e+01 1.292116448653793626e+01 1.518170140660550871e+01 1.518177050208361045e+01 1.782388640827989335e+01 1.782390852643129264e+01 2.248904304744843685e+01 2.248906665156373563e+01
3.932420154078851149e-01 4.861531634758094467e-01 4.862025876779495492e-01 1.250996509295371428e+00 1.251123322005638361e+00 2.702244054437611620e+00 2.702357593698097915e+00 4.107480503822404039e+00 4.107494518370954140e+00 5.669001566552244853e+00 5.669012797256657521e+00 6.814849607195951897e+00 6.814900706155283316e+00 8.833109904208038543e+00 8.833171029558450016e+00 9.096451752297221915e+00 9.096460433468262607e+00 9.626078712705906426e+00 9.626100671982182888e+00 1.098797721375165892e+01 1.098799787845648979e+01 1.196180749584704195e+01 1.196181912775432110e+01 1.292148146909148210e+01 1.292148543542527506e+01 1.518233784809263653e+01 1.518238404255994034e+01 1.782465741731275699e+01 1.782467224205716860e+01 2.248788564560886982e+01 2.248790142902110034e+01
3.947617852460962307e-01 4.807949246001888000e-01 4.808198694989447852e-01 1.249108861427207673e+00 1.249172526589306997e+00 2.699566575810002700e+00 2.699623486246625514e+00 4.107351011111772365e+00 4.107358004496343362e+00 5.669341629042433439e+00 5.669347236538615498e+00 6.814199300371811319e+00 6.814224993550956455e+00 8.836241938037506571e+00 8.836272699219415827e+00 9.095139756074916093e+00 9.095144421850630323e+00 9.624771668306250305e+00 9.624782756891885782e+00 1.098792471539606197e+01 1.098793505460044884e+01 1.196134083571394058e+01 1.196134665764498806e+01 1.292167592500843654e+01 1.292167791676962096e+01 1.518272447925128965e+01 1.518274761574937770e+01 1.782512108519937044e+01 1.782512852142084370e+01 2.248719200043174737e+01 2.248719990647912326e+01
3.962815550843073464e-01 4.789994951184858851e-01 4.789994951185777006e-01 1.248502141267470389e+00 1.248502141267519017e+00 2.698691332377664232e+00 2.698691332377680663e+00 4.107310175731160307e+00 4.107310175731165636e+00 5.669457334866834231e+00 5.669457334866839560e+00 6.813990612296969118e+00 6.813990612296972671e+00 8.837303188352736427e+00 8.837303188352743533e+00 9.094698164037879451e+00 9.094698164037890109e+00 9.624339622820455631e+00 9.624339622820460960e+00 1.098791039665323055e+01 1.098791039665323233e+01 1.196118706067272086e+01 1.196118706067273152e+01 1.292174146338391338e+01 1.292174146338392227e+01 1.518286109939358930e+01 1.518286109939359285e+01 1.782527805378602537e+01 1.782527805378603247e+01 2.248696329263243143e+01 2.248696329263245630e+01
3.962815550843073464e-01 4.789994951184858851e-01 4.789994951185777006e-01 1.248502141267470389e+00 1.248502141267519017e+00 2.698691332377664232e+00 2.698691332377680663e+00 4.107310175731160307e+00 4.107310175731165636e+00 5.669457334866834231e+00 5.669457334866839560e+00 6.813990612296969118e+00 6.813990612296972671e+00 8.837303188352736427e+00 8.837303188352743533e+00 9.094698164037879451e+00 9.094698164037890109e+00 9.624339622820455631e+00 9.624339622820460960e+00 1.098791039665323055e+01 1.098791039665323233e+01 1.196118706067272086e+01 1.196118706067273152e+01 1.292174146338391338e+01 1.292174146338392227e+01 1.518286109939358930e+01 1.518286109939359285e+01 1.782527805378602537e+01 1.782527805378603247e+01 2.248696329263243143e+01 2.248696329263245630e+01
3.972048309587282167e-01 4.785904453950950987e-01 4.786301174401636493e-01 1.249050197897961123e+00 1.249149159190431346e+00 2.698252879862507836e+00 2.698377815217113618e+00 4.107133223388188981e+00 4.107150912152831346e+00 5.668923547332605395e+00 5.668938253189882204e+00 6.814037176702519183e+00 6.814126234324210607e+00 8.837291522596224524e+00 8.837317024336289961e+00 9.094307843686216586e+00 9.094310161246962565e+00 9.624744965740708480e+00 9.624754713129506811e+00 1.098791323214373783e+01 1.098791456453729154e+01 1.196125186307531685e+01 1.196125643774594494e+01 1.292163153722877311e+01 1.292164606064829080e+01 1.518287544106141240e+01 1.518287986338778417e+01 1.782527392447498826e+01 1.782527474520110999e+01 2.248707419752194880e+01 2.248708097011533980e+01
3.981281068331490869e-01 4.774057944309591517e-01 4.774876461528969607e-01 1.250789574334232990e+00 1.250986078000635437e+00 2.697062889041501599e+00 2.697312351807020558e+00 4.106619729922616813e+00 4.106655041819145424e+00 5.667337644677374442e+00 5.667366990295925611e+00 6.814265966117914353e+00 6.814443677449490089e+00 8.837281829426590463e+00 8.837333210436293385e+00 9.093143432045291519e+00 9.093148023146680359e+00 9.625966619368657717e+00 9.625986048824767494e+00 1.098792275708719934e+01 1.098792609512304708e+01 1.196145051324736208e+01 1.196145960924070906e+01 1.292131655590400641e+01 1.292134558538207578e+01 1.518292279059386019e+01 1.518293179355487865e+01 1.782526235770618328e+01 1.782526400611541817e+01 2.248741354532335279e+01 2.248742709974245102e+01
3.990513827075699571e-01 4.754564568246054668e-01 4.755853242804354841e-01 1.253707723193029810e+00 1.253998983497460307e+00 2.695122244900479025e+00 2.695495420131148734e+00 4.105768652496817772e+00 4.105821456412242831e+00 5.664701824770409289e+00 5.664745678274019092e+00 6.814676691891016880e+00 6.814942251263789608e+00 8.837273902423341099e+00 8.837351899716027859e+00 9.091217390509253704e+00 9.091224169315172077e+00 9.627992338313932308e+00 9.628021321201014615e+00 1.098793888376781602e+01 1.098794521195316776e+01 1.196178196338364330e+01 1.196179547455203895e+01 1.292079732322203611e+01 1.292084082370349307e+01 1.518300301926978335e+01 1.518301690681044214e+01 1.782524336191214331e+01 1.782524585158715169e+01 2.248798092742179833e+01 2.248800128153819244e+01
3.999746585819908273e-01 4.727610289416290801e-01 4.729437728687965747e-01 1.257783751582835396e+00 1.258165715912042071e+00 2.692432283448701114e+00 2.692927951079598259e+00 4.104578225991956764e+00 4.104648325637689332e+00 5.661019734653509161e+00 5.661077899014997250e+00 6.815268738884931565e+00 6.815620943169220070e+00 8.837267534296955773e+00 8.837373210178787630e+00 9.088549861704876776e+00 9.088558704770171914e+00 9.630802299108735198e+00 9.630840647273405608e+00 1.098796168481563029e+01 1.098797206748290378e+01 1.196224445211094434e+01 1.196226222060131228e+01 1.292007517277703776e+01 1.292013309085024098e+01 1.518311597242505684e+01 1.518313517165574389e+01 1.782521695365858605e+01 1.782522030416953740e+01 2.248877566704754827e+01 2.248880284620462078e+01
4.008979344564116976e-01 4.693450786365748750e-01 4.695902297171066220e-01 1.262989140354737971e+00 1.263456629110399465e+00 2.688994787731717295e+00 2.689611325402212483e+00 4.103045955336576789e+00 4.103133089704425807e+00 5.656296479611918393e+00 5.656368693591175223e+00 6.816041167435770376e+00 6.816478422449914198e+00 8.837262523002904047e+00 8.837397218091297191e+00 9.085167818898369774e+00 9.085178571016122362e+00 9.634369946624937953e+00 9.634417417595891209e+00 1.098799131764521952e+01 1.098800681672449464e+01 1.196283550887946667e+01 1.196285732677005598e+01 1.291915196729943283e+01 1.291922423021347477e+01 1.518326147228852818e+01 1.518328650561103998e+01 1.782518315775138973e+01 1.782518739375583294e+01 2.248979682072964081e+01 2.248983085603667931e+01
4.018212103308325678e-01 4.652402013585703600e-01 4.655576105874220105e-01 1.269288675371326836e+00 1.269835551428513121e+00 2.684811982478953585e+00 2.685547369295500530e+00 4.101168604839147136e+00 4.101272448807572246e+00 5.650538635885157923e+00 5.650624575268974326e+00 6.816992716514371331e+00 6.817513045505521951e+00 8.837258675670643271e+00 8.837423953211654748e+00 9.081103994948509950e+00 9.081116476181593455e+00 9.638663060451502673e+00 9.638719363546373486e+00 1.098802799752525416e+01 1.098804964153719510e+01 1.196355196019986522e+01 1.196357757167365676e+01 1.291803009764903365e+01 1.291811661202288164e+01 1.518343931876252206e+01 1.518347077481128338e+01 1.782514200730471288e+01 1.782514715744412115e+01 2.249104318019181648e+01 2.249108410633100519e+01
4.027444862052534380e-01 4.604829300714642359e-01 4.608834509205499974e-01 1.276641518507341422e+00 1.277260874720049566e+00 2.679886527426443177e+00 2.680738348662851767e+00 4.098942184571964020e+00 4.099062349661391380e+00 5.643754266962998756e+00 5.643853546097531648e+00 6.818121808075856549e+00 6.818722862217986957e+00 8.837255810320655769e+00 8.837453395888731578e+00 9.076395685008723291e+00 9.076409698433819173e+00 9.643644947143267032e+00 9.643709749966792089e+00 1.098807198855431366e+01 1.098810075633035943e+01 1.196438993770664361e+01 1.196441904175409832e+01 1.291671248141151551e+01 1.291681313165150158e+01 1.518364928877640807e+01 1.518368779513485833e+01 1.782509354376727018e+01 1.782509963942452913e+01 2.249251327467884565e+01 2.249256112728865631e+01
4.036677620796742527e-01 4.551135845868220509e-01 4.556087919499189898e-01 1.285002343381507206e+00 1.285686696816627839e+00 2.674221509365743987e+00 2.675186962098280663e+00 4.096361933875232175e+00 4.096497969151143614e+00 5.635952943392763537e+00 5.636065116997168722e+00 6.819426552573084166e+00 6.820105623415103402e+00 8.837253755609161487e+00 8.837485475707429927e+00 9.071083515750022030e+00 9.071098855494122759e+00 9.649275665641658506e+00 9.649348600508160345e+00 1.098812359927094917e+01 1.098816040850388553e+01 1.196534488802507390e+01 1.196537714166735888e+01 1.291520256105234843e+01 1.291531720749807377e+01 1.518389113494251674e+01 1.518393733413526192e+01 1.782503781690798306e+01 1.782504489088867317e+01 2.249420537370155060e+01 2.249426018640878766e+01
4.045910379540951229e-01 4.491751335901116304e-01 4.497770748445695799e-01 1.294322466529321813e+00 1.295063949392889935e+00 2.667820432979749690e+00 2.668896332653388992e+00 4.093422302077584618e+00 4.093573695200363183e+00 5.627145766000817062e+00 5.627270331248712232e+00 6.820904755602645864e+00 6.821658789387456068e+00 8.837252348968879900e+00 8.837520071192663806e+00 9.065210261298696892e+00 9.065226720544762529e+00 9.655513205728183834e+00 9.655593875641125479e+00 1.098818317937341149e+01 1.098822887721269304e+01 1.196641158441695474e+01 1.196644660643983293e+01 1.291350430157156381e+01 1.291363277839367463e+01 1.518416458407038228e+01 1.518421911321834017e+01 1.782497488476427705e+01 1.782498296995756348e+01 2.249611749018888318e+01 2.249617929136691430e+01
4.055143138285159932e-01 4.427121264479510487e-01 4.434330982621544348e-01 1.304550916570612618e+00 1.305341455777146553e+00 2.660687210535254366e+00 2.661869998456134478e+00 4.090116926565338318e+00 4.090283104986180973e+00 5.617345392403852777e+00 5.617481791257445956e+00 6.822553925643748407e+00 6.823379539407844696e+00 8.837251433514571985e+00 8.837557010040912431e+00 9.058819766647905780e+00 9.058837145398634050e+00 9.662314558820355614e+00 9.662402542764761293e+00 1.098825111662088538e+01 1.098830647145272721e+01 1.196758414018084871e+01 1.196762151536917962e+01 1.291162218759110125e+01 1.291176430046759016e+01 1.518446933585689784e+01 1.518453280974620867e+01 1.782490481355829814e+01 1.782491394162320120e+01 2.249824738403611946e+01 2.249831619336834621e+01
4.064375897029368634e-01 4.357697349908111195e-01 4.366220809199276021e-01 1.315635399070682610e+00 1.316466878698360876e+00 2.652826150509953518e+00 2.654111902257566324e+00 4.086438608378615278e+00 4.086618940681640666e+00 5.606566066652820979e+00 5.606713688432988008e+00 6.824371282841950048e+00 6.825264782194728319e+00 8.837250853993570132e+00 8.837596069376880692e+00 9.051956017538845600e+00 9.051974130027723220e+00 9.669636642229429313e+00 9.669731499654718121e+00 1.098832783366417587e+01 1.098839352779597078e+01 1.196885602378489644e+01 1.196889530764861753e+01 1.290956121979348481e+01 1.290971674339405162e+01 1.518480506188193679e+01 1.518487805893674647e+01 1.782482767758659747e+01 1.782483787769860228e+01 2.250059256603771729e+01 2.250066839096407989e+01
4.073608655773577336e-01 4.283929294886839600e-01 4.293888551647251917e-01 1.327523130589123079e+00 1.328387533718142555e+00 2.644241945238511082e+00 2.645626379989353794e+00 4.082379285570515215e+00 4.082573082962083433e+00 5.594823651809248233e+00 5.594981835983865004e+00 6.826353768781909359e+00 6.827311167254221047e+00 8.837250451925056538e+00 8.837636975585988708e+00 9.044662375409819433e+00 9.044681057113676204e+00 9.677437058470127695e+00 9.677538332944662258e+00 1.098841378474979891e+01 1.098849040791121823e+01 1.197022007571448654e+01 1.197026079969998058e+01 1.290732691061778858e+01 1.290749558592839819e+01 1.518517140492729744e+01 1.518525445553861530e+01 1.782474355908856367e+01 1.782475485677091243e+01 2.250315030219395851e+01 2.250323313431433547e+01
4.082841414517786038e-01 4.206257990575745231e-01 4.217772029406082757e-01 1.340161529796753292e+00 1.341051058207160640e+00 2.634939657668485147e+00 2.636418148420822227e+00 4.077930004638891326e+00 4.078136522586766510e+00 5.582135665201985120e+00 5.582303704374125708e+00 6.828498057184848591e+00 6.829515097027716308e+00 8.837250059916572198e+00 8.837679403311696547e+00 9.036980979332140507e+00 9.037000093552428837e+00 9.685674687995463827e+00 9.685781910090716096e+00 1.098850945230444331e+01 1.098859749594580215e+01 1.197166852702353701e+01 1.197171020421058785e+01 1.290492527910407716e+01 1.290510681062638021e+01 1.518556797858576779e+01 1.518566155531361694e+01 1.782465254809841326e+01 1.782466496415385393e+01 2.250591761837961613e+01 2.250600742988222080e+01
4.092074173261994741e-01 4.125110155080171093e-01 4.138293336748625206e-01 1.353498765271845761e+00 1.354405937049141473e+00 2.624924707320952066e+00 2.626492292007991392e+00 4.073080890431049816e+00 4.073299330457617273e+00 5.568521316045540459e+00 5.568698459123345046e+00 6.830800565459259843e+00 6.831872739765907809e+00 8.837249494980312647e+00 8.837722973203076648e+00 9.028952304880553115e+00 9.028971748810581843e+00 9.694310125831409053e+00 9.694422815341960487e+00 1.098861534343025070e+01 1.098871519582226775e+01 1.197319301958638604e+01 1.197323515088248058e+01 1.290236284476229933e+01 1.290255689762470936e+01 1.518599436711048334e+01 1.518609887637334843e+01 1.782455474228396142e+01 1.782456829183561098e+01 2.250889130536272731e+01 2.250898804553852983e+01
4.101306932006203443e-01 4.040894314743525562e-01 4.055854950170575957e-01 1.367484168158199509e+00 1.368401894386144235e+00 2.614202855554689897e+00 2.615854249030859613e+00 4.067821115033525281e+00 4.068050626669688086e+00 5.554001545019162656e+00 5.554187000549704045e+00 6.833257467026466081e+00 6.834380043044103736e+00 8.837248550489036347e+00 8.837767247932738712e+00 9.020614862563700598e+00 9.020634572644565807e+00 9.703305980075990433e+00 9.703423647705090360e+00 1.098873198634947101e+01 1.098884392849478964e+01 1.197478462805547039e+01 1.197482670892003043e+01 1.289964662032567411e+01 1.289985281734513656e+01 1.518645012545641038e+01 1.518656590041616639e+01 1.782445024677528522e+01 1.782446493842038748e+01 2.251206792416066449e+01 2.251217151605728972e+01
4.110539690750412145e-01 3.953997984377547459e-01 3.970837019663382983e-01 1.382068523352863565e+00 1.382990165793470894e+00 2.602780190234847080e+00 2.604509797117027681e+00 4.062138866295021522e+00 4.062378549204120226e+00 5.538599065302165947e+00 5.538792004953332793e+00 6.835864704336851894e+00 6.837032747828843959e+00 8.837246986189642328e+00 8.837811725858390588e+00 9.012005015067741098e+00 9.012024971272779794e+00 9.712627053814482991e+00 9.712749202459018960e+00 1.098885992683948487e+01 1.098898412920530454e+01 1.197643388353839278e+01 1.197647541130513105e+01 1.289678410323199387e+01 1.289700202196739021e+01 1.518693477947330983e+01 1.518706207390265028e+01 1.782433917398490308e+01 1.782435500906167647e+01 2.251544381171985520e+01 2.251555414898045981e+01
4.119772449494620847e-01 3.864785875773270596e-01 3.883595672194029014e-01 1.397204255730735145e+00 1.398123667768907064e+00 2.590663109907911377e+00 2.592465038250399978e+00 4.056021316794772069e+00 4.056270223079102344e+00 5.522338404435397585e+00 5.522537966612073745e+00 6.838618002487653058e+00 6.839826403001932675e+00 8.837244515391297739e+00 8.837855831439386023e+00 9.003156892182206050e+00 9.003177120708452108e+00 9.722240432666632515e+00 9.722366558426719152e+00 1.098899972469924968e+01 1.098913624477637718e+01 1.197813079901230360e+01 1.197817128093979200e+01 1.289378326565903876e+01 1.289401243549924736e+01 1.518744782621801725e+01 1.518758680919852999e+01 1.782422164342101212e+01 1.782423861538658727e+01 2.251901508690424691e+01 2.251913203082924397e+01
4.129005208238828994e-01 3.773598956668798299e-01 3.794462149061965106e-01 1.412845528695495512e+00 1.413757081942434768e+00 2.577858307585346065e+00 2.579726383364110642e+00 4.049454594263850460e+00 4.049711730970082080e+00 5.505245946225420184e+00 5.505451239809493913e+00 6.841512883349898821e+00 6.842756380245639924e+00 8.837240788003963843e+00 8.837898901089076276e+00 8.994102383938729517e+00 8.994122957719161704e+00 9.732115498904409634e+00 9.732245091926747804e+00 1.098915195028601843e+01 1.098930073097435667e+01 1.197986489648924291e+01 1.197990385877805330e+01 1.289065254292339624e+01 1.289089244225492159e+01 1.518798873436212737e+01 1.518813948570657146e+01 1.782409778149450830e+01 1.782411587541068698e+01 2.252277765677737875e+01 2.252290103363970886e+01
4.138237966983037697e-01 3.680754189203477300e-01 3.703742606315384434e-01 1.428948271686717675e+00 1.429846870570876671e+00 2.564372754236317054e+00 2.566300536614707806e+00 4.042423754697289873e+00 4.042688086541472714e+00 5.487349971724027498e+00 5.487560079931821377e+00 6.844544680109522439e+00 6.845817889191212480e+00 8.837235367417017429e+00 8.837940162443265635e+00 8.984871195450772063e+00 8.984892232062813733e+00 9.742223890692217836e+00 9.742356435936986969e+00 1.098931718115864342e+01 1.098947804997356315e+01 1.198162523592444728e+01 1.198166223413121578e+01 1.288740082003526055e+01 1.288765087353640304e+01 1.518855694467670858e+01 1.518871945100183574e+01 1.782396772132047502e+01 1.782398691344336683e+01 2.252672722316095744e+01 2.252685682179892979e+01
4.147470725727246399e-01 3.586544792379097735e-01 3.611718423456312665e-01 1.445470151717767937e+00 1.446351238211747381e+00 2.550213682088855016e+00 2.552194479433489427e+00 4.034912759664065263e+00 4.035183212001599351e+00 5.468680698099843696e+00 5.468894682455522016e+00 6.847708552127239834e+00 6.849005992733356862e+00 8.837227698099502149e+00 8.837978703875135622e+00 8.975490950762187836e+00 8.975512607799243980e+00 9.752539422135820146e+00 9.752674400137369304e+00 1.098949599886014106e+01 1.098966866794862796e+01 1.198340044580162278e+01 1.198343507742856495e+01 1.288403741618646237e+01 1.288429699229699921e+01 1.518915187058126293e+01 1.518932602198088055e+01 1.782383160251438525e+01 1.782385185998364818e+01 2.253085928945264271e+01 2.253099485915871014e+01
4.156703484471455101e-01 3.491240892972987675e-01 3.518646885913106481e-01 1.462370501986449245e+00 1.463230052375728008e+00 2.535388567835005880e+00 2.537415454446987351e+00 4.026904459630167743e+00 4.027179921701222298e+00 5.449270313967034873e+00 5.449487218395873356e+00 6.850999500021538680e+00 6.852315622413996721e+00 8.837217058952116844e+00 8.838013429153283695e+00 8.965987337653752220e+00 8.966009806431411988e+00 9.763037976907149584e+00 9.763174864580765444e+00 1.098968898586812237e+01 1.098987305281852755e+01 1.198517875520146703e+01 1.198521067588269062e+01 1.288057206693525636e+01 1.288084047555259026e+01 1.518977289874648307e+01 1.518995848603071153e+01 1.782368957098345774e+01 1.782371085160689006e+01 2.253516916768494838e+01 2.253531041640332688e+01
4.165936243215663803e-01 3.395090450816801164e-01 3.424762128307686782e-01 1.479610218417614975e+00 1.480444733749823216e+00 2.519905115832287823e+00 2.521970949355415659e+00 4.018380585461259535e+00 4.018659913947656648e+00 5.429153009449360745e+00 5.429371864501290723e+00 6.854412380881538702e+00 6.855741593781939258e+00 8.837202494245834927e+00 8.838042988790117960e+00 8.956384291257656116e+00 8.956407790671724101e+00 9.773697385499691137e+00 9.773835657031071378e+00 1.098989672273747864e+01 1.099009167216193994e+01 1.198694802690062744e+01 1.198697697280286789e+01 1.287701490384046465e+01 1.287729139429530889e+01 1.519041938974387129e+01 1.519061610222185266e+01 1.782354177871317447e+01 1.782356403084249052e+01 2.253965198580580775e+01 2.253979857864778324e+01
4.175169001959872506e-01 3.298320365142837218e-01 3.330276246226281378e-01 1.497151632857614434e+00 1.497958124443457884e+00 2.503771241389020297e+00 2.505868680853155173e+00 4.009321750661423600e+00 4.009603773596345455e+00 5.408364998939429569e+00 5.408584826159135162e+00 6.857941923518714233e+00 6.859278621638146056e+00 8.837182708267144804e+00 8.838065673613339612e+00 8.946704222589222155e+00 8.946728995817958108e+00 9.784497293794617079e+00 9.784636421635868331e+00 1.099011978545507340e+01 1.099032499131957863e+01 1.198869579057461721e+01 1.198872161180304197e+01 1.287337643129094467e+01 1.287366019065744283e+01 1.519109067873618102e+01 1.519129810252701951e+01 1.782338838354956678e+01 1.782341154604308997e+01 2.254430269516190677e+01 2.254445425324354702e+01
4.184401760704081208e-01 3.201137687654617148e-01 3.235380502877124309e-01 1.514958369675857508e+00 1.515734340760055643e+00 2.486995054216419199e+00 2.489116578670775404e+00 3.999707467332117794e+00 3.999990988409439119e+00 5.386944534164040732e+00 5.387164350630579079e+00 6.861582743670694207e+00 6.862921335081400898e+00 8.837155899153732008e+00 8.838079244846570148e+00 8.936968311043479218e+00 8.936994628617719982e+00 9.795419028629016367e+00 9.795558484614762307e+00 1.099035874302153282e+01 1.099057347169503807e+01 1.199040927453330951e+01 1.199043198781630970e+01 1.286966750027421824e+01 1.286995765207114495e+01 1.519178607620445476e+01 1.519200369306623699e+01 1.782322954897694700e+01 1.782325355124539712e+01 2.254911607816433161e+01 2.254927217776840109e+01
4.193634519448289910e-01 3.103730884541903712e-01 3.140246573217038151e-01 1.532995190794167906e+00 1.533738615282942863e+00 2.469584842124580959e+00 2.471722769812482845e+00 3.989516179290632625e+00 3.989799982625267916e+00 5.364931904801114371e+00 5.365150727865549918e+00 6.865329359074880955e+00 6.866664292274471393e+00 8.837119486679306135e+00 8.838080652942460702e+00 8.927196902621936658e+00 8.927225076742372423e+00 9.806445464446687410e+00 9.806584721036051278e+00 1.099061415527060603e+01 1.099083756926154365e+01 1.199207543466620862e+01 1.199209530658792033e+01 1.286589927883306039e+01 1.286619488217413831e+01 1.519250486870806149e+01 1.519273205537791860e+01 1.782306544389187408e+01 1.782309020602318839e+01 2.255408675611680991e+01 2.255424692817778620e+01
4.202867278192498612e-01 3.006271103573113779e-01 3.045027781539975109e-01 1.551227832678762963e+00 1.551937131602073361e+00 2.451549055034501823e+00 2.453695563058089668e+00 3.978725316259208000e+00 3.979008171653521497e+00 5.342369423522110417e+00 5.342586275776551652e+00 6.869176204335288638e+00 6.870501994857321826e+00 8.837069646168744796e+00 8.838065551806323583e+00 8.917410099983436922e+00 8.917440518355075341e+00 9.817560893844811787e+00 9.817699425489086806e+00 1.099088657093194321e+01 1.099111773327801345e+01 1.199368098586335130e+01 1.199369864772273431e+01 1.286208321897174933e+01 1.286238326822399181e+01 1.519324631967470651e+01 1.519348234771462991e+01 1.782289624237329662e+01 1.782292167533262983e+01 2.255920919718611728e+01 2.255937292709495878e+01
4.212100036936707315e-01 2.908913413769590450e-01 2.949860299386392604e-01 1.569622837580764596e+00 1.570296853780802193e+00 2.432896289371335730e+00 2.435043433791907574e+00 3.967311373504438965e+00 3.967592042277747311e+00 5.319301391978934923e+00 5.319515306493282303e+00 6.873117645511881868e+00 6.874428901940547121e+00 8.837000467663649772e+00 8.838027414518540681e+00 8.907628725304705952e+00 8.907661921876892208e+00 9.828750903856574794e+00 9.828888188488193123e+00 1.099117652593875860e+01 1.099141440521382407e+01 1.199521246667348606e+01 1.199522900084273935e+01 1.285823101979560690e+01 1.285853444480467722e+01 1.519400967021804050e+01 1.519425370636202466e+01 1.782272212344929940e+01 1.782274812935026631e+01 2.256447772449437750e+01 2.256464445221789106e+01
4.221332795680916017e-01 2.811797994199142781e-01 2.854864279009120542e-01 1.588147380277282084e+00 1.588785351646786914e+00 2.413635272899950834e+00 2.415775009217151048e+00 3.955250021746469891e+00 3.955527263184122955e+00 5.295774043943693776e+00 5.295984069807216699e+00 6.877147994368201900e+00 6.878439443619472904e+00 8.836902340661316302e+00 8.837955817857205076e+00 8.897876058282394141e+00 8.897912863750660151e+00 9.840002259080396385e+00 9.840137779715629307e+00 1.099148454197742808e+01 1.099172801787784870e+01 1.199665639127808525e+01 1.199667322104512657e+01 1.285435458670168707e+01 1.285466025364248743e+01 1.519479413998049822e+01 1.519504524697870629e+01 1.782254327086071655e+01 1.782256974330394783e+01 2.256988652431327580e+01 2.257005564482111737e+01
4.230565554425124719e-01 2.715051255434081656e-01 2.760144903947137629e-01 1.606769090708995762e+00 1.607370622149355555e+00 2.393774850057055481e+00 2.395899054007986972e+00 3.942516252535303245e+00 3.942788831010028527e+00 5.271835461578620041e+00 5.272040669780572841e+00 6.881261522219740634e+00 6.882528033956645253e+00 8.836758603756658559e+00 8.837832842852987980e+00 8.888181316459958126e+00 8.888223209261765234e+00 9.851302792231948047e+00 9.851436038677640283e+00 1.099181112527240245e+01 1.099205899474381987e+01 1.199799943735537155e+01 1.199801795528386350e+01 1.285046598648409599e+01 1.285077269939267808e+01 1.519559892799961531e+01 1.519585606595478211e+01 1.782235987282208356e+01 1.782238669729705549e+01 2.257542965434041093e+01 2.257560051833146986e+01
4.239798313169333421e-01 2.618786882450336306e-01 2.665793342618698047e-01 1.625455872201655882e+00 1.626020906328207394e+00 2.373323967830516690e+00 2.375424456448209209e+00 3.929084564565489934e+00 3.929351257375574669e+00 5.247535460707108967e+00 5.247734950384225883e+00 6.885452473332478007e+00 6.886689083388167987e+00 8.836537904441483349e+00 8.837624749131407498e+00 8.878587441323755769e+00 8.878637489513078407e+00 9.862641302313639002e+00 9.862771772966695494e+00 1.099215676559569665e+01 1.099240774946052746e+01 1.199922848745917037e+01 1.199924972214638785e+01 1.284657739827739675e+01 1.284688390131666225e+01 1.519642321359576975e+01 1.519668524178639935e+01 1.782217212178007415e+01 1.782219917612604831e+01 2.258110105203800089e+01 2.258127296695672470e+01
4.249031071913542124e-01 2.523106791500099866e-01 2.571887593591196675e-01 1.644175714361075791e+00 1.644704500848876760e+00 2.352291662232168790e+00 2.354360215101708675e+00 3.914929196522348054e+00 3.915188802477903796e+00 5.222925441025269677e+00 5.223118346091797370e+00 6.889715077827526457e+00 6.890917010516366403e+00 8.836174617578098633e+00 8.837260252029839336e+00 8.869170824930778352e+00 8.869236662352209422e+00 9.874007460332041575e+00 9.874134664059189603e+00 1.099252193548719525e+01 1.099277468553233206e+01 1.200033055841402430e+01 1.200035511049099135e+01 1.284270106033654457e+01 1.284300604084281439e+01 1.519726615727988239e+01 1.519753183646364292e+01 1.782198021417016065e+01 1.782200736909201666e+01 2.258689454301530475e+01 2.258706677434737031e+01
4.258263830657750826e-01 2.428101996071350965e-01 2.478493212442939575e-01 1.662896499213477375e+00 1.663389562550597445e+00 2.330687045409193026e+00 2.332715426059441821e+00 3.900024411970441474e+00 3.900275760739202013e+00 5.198058197493618415e+00 5.198243693652673691e+00 6.894043564054880058e+00 6.895206253259024365e+00 8.835511434794323549e+00 8.836565495221258004e+00 8.860098708837922388e+00 8.860203320908745184e+00 9.885391722317693919e+00 9.885515180402133950e+00 1.099290708966854702e+01 1.099316019615238638e+01 1.200129279275945215e+01 1.200132092271868700e+01 1.283884921274067814e+01 1.283915130509068980e+01 1.519812690167922042e+01 1.519839489686875744e+01 1.782178435017136309e+01 1.782181146980589048e+01 2.259280384943604147e+01 2.259297562227205702e+01
4.267496589401959528e-01 2.333853378449952387e-01 2.385663909896888202e-01 1.681585798697105893e+00 1.682043903998483358e+00 2.308519293439801778e+00 2.310499270809160954e+00 3.884344841452377128e+00 3.884586803649817899e+00 5.172987689735971450e+00 5.173165001847009670e+00 6.898432170405475183e+00 6.899551279332101217e+00 8.834115247581424413e+00 8.835053621664934909e+00 8.851812864338551634e+00 8.852032715753500369e+00 9.896785249290964259e+00 9.896904497431638248e+00 1.099331266463091517e+01 1.099356466416840128e+01 1.200210252484027329e+01 1.200213424969896536e+01 1.283503403621274153e+01 1.283533182654083582e+01 1.519900457247992875e+01 1.519927345618192049e+01 1.782158473346005678e+01 1.782161167598825102e+01 2.259882259843282171e+01 2.259899309928767863e+01
4.276729348146168230e-01 2.240432364040102486e-01 2.293442009320228736e-01 1.700210661168916948e+00 1.700634777609217219e+00 2.285797634866263195e+00 2.287721004782886425e+00 3.867865886317063406e+00 3.868097384290815288e+00 5.147768767199523587e+00 5.147937176947254834e+00 6.902875156537243484e+00 6.903946596049897799e+00 8.830876775600021489e+00 8.831519530435723908e+00 8.845429769315492408e+00 8.845938337055116563e+00 9.908179833754346078e+00 9.908294424102745523e+00 1.099373907837415310e+01 1.099398846215827241e+01 1.200274736935449127e+01 1.200278252893756736e+01 1.283126758736384154e+01 1.283155961914689769e+01 1.519989827938463556e+01 1.520016653529138750e+01 1.782138157096269993e+01 1.782140818926332315e+01 2.260494433051159646e+01 2.260511270938670592e+01
4.285962106890376933e-01 2.147901495269274597e-01 2.201858748428159596e-01 1.718737384148377290e+00 1.719128645514609532e+00 2.262531340032580829e+00 2.264389946653370345e+00 3.850564187802336669e+00 3.850784207018341121e+00 5.122456849132698053e+00 5.122615702907223678e+00 6.907366813996532073e+00 6.908386759432751489e+00 8.824762384550870919e+00 8.825089683533301255e+00 8.841989711624050230e+00 8.842801319159809381e+00 9.919567832261813933e+00 9.919677335480194813e+00 1.099418673027289373e+01 1.099443195259072681e+01 1.200321530989478802e+01 1.200325360760806603e+01 1.282756173079991768e+01 1.282784651131289166e+01 1.520080711708380328e+01 1.520107314420520161e+01 1.782117507260834799e+01 1.782120121494800102e+01 2.261116250792941784e+01 2.261132788060408672e+01
4.295194865634585080e-01 2.056314900773620058e-01 2.110934404846758483e-01 1.737131270054316445e+00 1.737490931918333592e+00 2.238729711327732463e+00 2.240515468487798145e+00 3.832418163546070122e+00 3.832625764433057913e+00 5.097107560130506698e+00 5.097256276988353818e+00 6.911901476221893326e+00 6.912866382618426897e+00 8.816759350102685744e+00 8.816935935035035143e+00 8.840512032598956793e+00 8.841456225954672732e+00 9.930942103609584848e+00 9.931046110933435145e+00 1.099465600104296037e+01 1.099489548804399064e+01 1.200349478433678563e+01 1.200353581249570567e+01 1.282392806866431911e+01 1.282420407629212455e+01 1.520173016623914108e+01 1.520199228346113074e+01 1.782096545108083774e+01 1.782099096183568321e+01 2.261747052302980876e+01 2.261763197356773603e+01
4.304427624378793782e-01 1.965718653584576370e-01 2.020678217586428793e-01 1.755356361173317170e+00 1.755685754271281374e+00 2.214402074498762918e+00 2.216106986936198897e+00 3.813408612008299059e+00 3.813602942059352241e+00 5.071776324058808960e+00 5.071914403592225895e+00 6.916473527922494036e+00 6.917380143578979457e+00 8.808048477110880015e+00 8.808161523779100222e+00 8.839822240616104665e+00 8.840805437456573657e+00 9.942295952202050202e+00 9.942394077488255988e+00 1.099514725277996874e+01 1.099537941145385744e+01 1.200357476797191936e+01 1.200361802459114990e+01 1.282037786832917270e+01 1.282064356070137912e+01 1.520266649447797569e+01 1.520292294553214596e+01 1.782075292157162494e+01 1.782077764197570957e+01 2.262386170652065687e+01 2.262401828997686692e+01
4.313660383123002484e-01 1.876151008833205069e-01 1.931088065308432522e-01 1.773375149495537650e+00 1.773675629100662343e+00 2.189557771328094038e+00 2.191173955773056292e+00 3.793519383314090554e+00 3.793699689179461210e+00 5.046517921535811801e+00 5.046644951435565574e+00 6.921077413827689817e+00 6.921922792149505455e+00 8.799103234680465846e+00 8.799185354350738564e+00 8.839452684143090266e+00 8.840435163624224657e+00 9.953623076166453032e+00 9.953714957906989014e+00 1.099566082904046205e+01 1.099588405636084865e+01 1.200344485505380199e+01 1.200348975603930768e+01 1.281692198908564251e+01 1.281717581197943723e+01 1.520361515739678815e+01 1.520386411622412304e+01 1.782053770153289918e+01 1.782056147044801975e+01 2.263032933568076643e+01 2.263048008099392305e+01
4.322893141867211186e-01 1.787642507013503246e-01 1.842149846302263139e-01 1.791148256299219366e+00 1.791421147698907035e+00 2.164206154240295277e+00 2.165725860403297176e+00 3.772738112874709504e+00 3.772903752110367659e+00 5.021386018704176557e+00 5.021501681763372638e+00 6.925707646809032170e+00 6.926489156380185364e+00 8.790097305678594708e+00 8.790161918571264721e+00 8.839234986182352927e+00 8.840195633397035735e+00 9.964917519815324809e+00 9.965002823094490481e+00 1.099619705493451249e+01 1.099640974712456298e+01 1.200309533872437129e+01 1.200314122760416424e+01 1.281357080881064192e+01 1.281381120574524246e+01 1.520457519957283843e+01 1.520481477606295329e+01 1.782032001043207003e+01 1.782034266513402798e+01 2.263686664248144353e+01 2.263701055553609010e+01
4.332125900611419889e-01 1.700215922377343036e-01 1.753836481715892737e-01 1.808634075307748335e+00 1.808880615913802004e+00 2.138356583999984739e+00 2.139772215587179005e+00 3.751057011959857856e+00 3.751207464021807603e+00 4.996432677604629724e+00 4.996536757881493429e+00 6.930358815379404902e+00 6.931074148226711529e+00 8.781105005776042915e+00 8.781158365290229639e+00 8.839099668183555636e+00 8.840024068665849555e+00 9.976173630085220623e+00 9.976252048456073496e+00 1.099675623719799233e+01 1.099695679907223855e+01 1.200251728877797319e+01 1.200256344510330919e+01 1.281033415170029244e+01 1.281055957412345414e+01 1.520554565558229143e+01 1.520577390166811504e+01 1.782010006950749315e+01 1.782012144648355800e+01 2.264346682161083635e+01 2.264360288845379543e+01
4.341358659355628591e-01 1.613886026838925181e-01 1.666106429125080446e-01 1.825788371445333347e+00 1.826009650456116962e+00 2.112018433079801305e+00 2.113322569164974851e+00 3.728473707353292532e+00 3.728608583348107963e+00 4.971707860847278226e+00 4.971800248688251322e+00 6.935025590577713395e+00 6.935672768598052151e+00 8.772163664373694658e+00 8.772208955883131765e+00 8.839013820871983285e+00 8.839890256579822747e+00 9.987386016610461326e+00 9.987457273863554974e+00 1.099733866421123984e+01 1.099752551854708038e+01 1.200170262641020358e+01 1.200174827340532246e+01 1.280722121824831738e+01 1.280743013619330206e+01 1.520652555102376091e+01 1.520674046710998262e+01 1.781987810152583762e+01 1.781989803727827848e+01 2.265012303838960506e+01 2.265025022858446491e+01
4.350591418099836738e-01 1.528659126526443202e-01 1.578901541457133351e-01 1.842563823310113813e+00 1.842760719888368648e+00 2.085201100979856115e+00 2.086386518545199742e+00 3.704992120515282039e+00 3.705111171130844205e+00 4.947258945231425287e+00 4.947339640855514808e+00 6.939702732250140116e+00 6.940280111783262207e+00 8.763294711010127358e+00 8.763333643459281674e+00 8.838960065406135769e+00 8.839777995733665961e+00 9.998549515121311515e+00 9.998613366915741096e+00 1.099794460593067136e+01 1.099811620282114610e+01 1.200064419492123591e+01 1.200068850664858111e+01 1.280424051870560120e+01 1.280443143177637566e+01 1.520751390354556420e+01 1.520771344524777469e+01 1.781965433054156023e+01 1.781967266239198722e+01 2.265682843656692924e+01 2.265694570667042385e+01
4.359824176844045440e-01 1.444532308735391457e-01 1.492144026042509231e-01 1.858909486654785281e+00 1.859082606444651731e+00 2.057914058743786079e+00 2.058973758497634421e+00 3.680623375460124080e+00 3.680726496402074499e+00 4.923130260242437828e+00 4.923199375606795769e+00 6.944385094741940989e+00 6.944891369282035321e+00 8.754511848111777184e+00 8.754545353015521059e+00 8.838928421833333715e+00 8.839677841678961201e+00 1.000965915388556304e+01 1.000971538920879311e+01 1.099857431369851568e+01 1.099872913983620393e+01 1.199933582525718379e+01 1.199937793338638947e+01 1.280139981127755533e+01 1.280157125980197286e+01 1.520850972387567168e+01 1.520869180904576012e+01 1.781942898165868883e+01 1.781944554854814555e+01 2.266357614598725334e+01 2.266368244313101599e+01
4.369056935588254142e-01 1.361492308024822018e-01 1.405732131212517333e-01 1.874770118586479795e+00 1.874919723283268835e+00 2.030166978348713958e+00 2.031094220002663153e+00 3.655386723926478343e+00 3.655473958068131246e+00 4.899362667743272226e+00 4.899420426448799937e+00 6.949067632015672125e+00 6.949501833065656164e+00 8.745824625142146758e+00 8.745853195982171258e+00 8.838912770377536532e+00 8.839583918187134515e+00 1.002071012294109309e+01 1.002075856535997289e+01 1.099922801989590404e+01 1.099936460773560043e+01 1.199777239525626094e+01 1.199781139542158392e+01 1.279870604629445019e+01 1.279885662247060019e+01 1.520951201685302046e+01 1.520967453286505666e+01 1.781920228079512825e+01 1.781921692407484059e+01 2.267035929011887774e+01 2.267045355568015452e+01
4.378289694332462845e-01 1.279513855999948324e-01 1.319533979933164569e-01 1.890085133585691413e+00 1.890211036351282958e+00 2.001970174446298323e+00 2.002758543632240151e+00 3.629310476345752434e+00 3.629382011653071949e+00 4.875993198529188000e+00 4.876039933582180907e+00 6.953745402213661109e+00 6.954106898296839923e+00 8.737240165054810603e+00 8.737264035917268856e+00 8.838909155742886270e+00 8.839492376842942534e+00 1.003169774589353658e+01 1.003173825455427526e+01 1.099990593740364808e+01 1.100002287414900159e+01 1.199594988150952446e+01 1.199598483918229697e+01 1.279616531752281539e+01 1.279629367637406823e+01 1.521051978245882275e+01 1.521066059372843782e+01 1.781897445444981543e+01 1.781898701865761936e+01 2.267717099343610343e+01 2.267725216678075384e+01
4.387522453076671547e-01 1.198557309697755174e-01 1.233378617807736610e-01 1.904785840130209573e+00 1.904887108462379741e+00 1.973336727655654377e+00 1.973980346071522618e+00 3.602432927397376972e+00 3.602489089507565190e+00 4.853054759674524377e+00 4.853090908991957164e+00 6.958413571684172183e+00 6.958702065538531656e+00 8.728764069682753757e+00 8.728783315710282764e+00 8.838914908758569666e+00 8.839400594034779957e+00 1.004261745407830375e+01 1.004264992440790216e+01 1.100060825883471693e+01 1.100070419519141929e+01 1.199386540284105074e+01 1.199389535861538114e+01 1.279378282167313330e+01 1.279388769162292050e+01 1.521153201684671252e+01 1.521164897255585835e+01 1.781874572947305069e+01 1.781875606309069582e+01 2.268400438864781066e+01 2.268407141092903956e+01
4.396755211820880249e-01 1.118565241423586237e-01 1.147042722697574207e-01 1.918771648567964672e+00 1.918844066015498395e+00 1.944306045746218015e+00 1.944801031709280092e+00 3.574803265166523136e+00 3.574844503280511621e+00 4.830575923834627083e+00 4.830602023459859673e+00 6.963067418491706739e+00 6.963282942482485360e+00 8.720400928654639117e+00 8.720415525773390186e+00 8.838928161487354274e+00 8.839306725502668272e+00 1.005346476290940494e+01 1.005348912696520003e+01 1.100133515550238350e+01 1.100140881413749483e+01 1.199151725455533501e+01 1.199154122873817485e+01 1.279156282700193437e+01 1.279164301988091701e+01 1.521254771337052780e+01 1.521263865536847604e+01 1.781851633283996605e+01 1.781852428902659824e+01 2.269085262376618672e+01 2.269090444176253030e+01
4.405987970565088951e-01 1.039457485666378661e-01 1.060230277936919513e-01 1.914620247301587419e+00 1.914940894268502669e+00 1.932229762442524867e+00 1.932294854169761766e+00 3.546482452429227550e+00 3.546509316950418267e+00 4.808580808056289513e+00 4.808597483130030881e+00 6.967702335433024530e+00 6.967845245229449702e+00 8.712154623113169905e+00 8.712164485304011663e+00 8.838947565026641584e+00 8.839209446178514895e+00 1.006423525025910948e+01 1.006425147666648279e+01 1.100208677608764241e+01 1.100213695973152284e+01 1.198890493278398672e+01 1.198892192918943600e+01 1.278950865171052520e+01 1.278956307201661247e+01 1.521356586360853136e+01 1.521362863445900437e+01 1.781828649142762444e+01 1.781829192872493905e+01 2.269770886900959539e+01 2.269774443898561245e+01
4.415220729309297654e-01 9.611238141723477124e-02 9.725402737114693941e-02 1.884779401555924272e+00 1.884946095543235112e+00 1.944585166135987420e+00 1.944615366982227478e+00 3.517544066470684516e+00 3.517557176661397556e+00 4.787089045480633409e+00 4.787096999079381909e+00 6.972313832581018112e+00 6.972384799152979262e+00 8.704028516781507463e+00 8.704033520351744713e+00 8.838972117812573970e+00 8.839107791523810320e+00 1.007492453673202348e+01 1.007493263014331042e+01 1.100286324496959978e+01 1.100288884409365231e+01 1.198602914848008361e+01 1.198603815734938927e+01 1.278762265261434194e+01 1.278765030585987716e+01 1.521458545838283882e+01 1.521461790952638538e+01 1.781805643179581722e+01 1.781805921480059141e+01 2.270456632353522508e+01 2.270458461510879644e+01
4.424453488053506356e-01 8.834128235128281548e-02 8.834128235153128339e-02 1.854468345080529712e+00 1.854468345080547920e+00 1.956068427639854335e+00 1.956068427639861662e+00 3.488075078961530462e+00 3.488075078961538456e+00 4.766115848948103917e+00 4.766115848948111022e+00 6.976897539379152136e+00 6.976897539379153024e+00 8.696025581937924187e+00 8.696025581937931292e+00 8.839001057127362060e+00 8.839001057127376271e+00 1.008552826771567368e+01 1.008552826771567901e+01 1.100366466018292222e+01 1.100366466018292400e+01 1.198289183084914633e+01 1.198289183084915166e+01 1.278590622430716373e+01 1.278590622430716373e+01 1.521560548877321750e+01 1.521560548877321928e+01 1.781782637997153529e+01 1.781782637997154239e+01 2.271141822199704663e+01 2.271141822199705018e+01
4.433686246797715058e-01 7.920334360836561727e-02 8.061145006840632343e-02 1.823579747550099661e+00 1.823752015462157150e+00 1.966487950263491102e+00 1.966519642335346818e+00 3.458164050648519616e+00 3.458176548492386093e+00 4.745665025448923657e+00 4.745672161309181014e+00 6.981379510914258901e+00 6.981449206309340738e+00 8.688143327738867328e+00 8.688148486035027318e+00 8.838888733103354767e+00 8.839033788272828929e+00 1.009603407648184970e+01 1.009604209710593992e+01 1.100446457877809436e+01 1.100449109096670419e+01 1.197948607954843858e+01 1.197949612025726651e+01 1.278433138376315981e+01 1.278435980878339251e+01 1.521659038996381597e+01 1.521662494712374247e+01 1.781759365680698082e+01 1.781759656123761815e+01 2.271823855722454155e+01 2.271825784092590084e+01
4.442919005541923760e-01 6.971481682584347583e-02 7.289316655186285632e-02 1.792295264378030772e+00 1.792644507208429605e+00 1.975754269197018909e+00 1.975819979224556544e+00 3.427939700170692383e+00 3.427964184145961379e+00 4.725751462843755135e+00 4.725764883554457008e+00 6.985826868452281957e+00 6.985964706156379656e+00 8.680389180696435503e+00 8.680399653528434456e+00 8.838770459997057571e+00 8.839069837004268848e+00 1.010644573490715281e+01 1.010646167262095396e+01 1.100528874493829790e+01 1.100534257487012724e+01 1.197582522731720012e+01 1.197584635090897542e+01 1.278292541265062709e+01 1.278298291522210306e+01 1.521757164144185204e+01 1.521764282804167223e+01 1.781736127747607412e+01 1.781736719992534645e+01 2.272503897023325337e+01 2.272507850492893766e+01
4.452151764286132463e-01 5.966630206088156807e-02 6.514305315636995108e-02 1.760625539557155284e+00 1.761155986003346330e+00 1.983741129735807407e+00 1.983843594092519869e+00 3.397532581518794892e+00 3.397568718064249982e+00 4.706378329530201299e+00 4.706397168978254442e+00 6.990235875893290540e+00 6.990440034891870269e+00 8.672765372456582966e+00 8.672781311489943690e+00 8.838645998379107027e+00 8.839108816783811662e+00 1.011675889883224677e+01 1.011678262263035499e+01 1.100613727390674157e+01 1.100621911438138412e+01 1.197191476419848932e+01 1.197194802382791501e+01 1.278168703947630824e+01 1.278177414938993195e+01 1.521854828310600283e+01 1.521865812938733953e+01 1.781712947349755893e+01 1.781713851921132274e+01 2.273181286829371928e+01 2.273187359270642105e+01
4.461384523030341165e-01 4.866129185465058876e-02 5.729486976032561324e-02 1.728580233659576360e+00 1.729295708381631602e+00 1.990311912895353919e+00 1.990454146094938981e+00 3.367088286409268605e+00 3.367135998331393765e+00 4.687545372891560369e+00 4.687568769652235012e+00 6.994602905603326093e+00 6.994871312200528379e+00 8.665273976474248130e+00 8.665295524234709390e+00 8.838515207373024651e+00 8.839150405738742222e+00 1.012696918883571584e+01 1.012700054443831199e+01 1.100701024642293113e+01 1.100712067304806219e+01 1.196776130974605579e+01 1.196780777089044534e+01 1.278061412971982236e+01 1.278073125189799164e+01 1.521951936734230593e+01 1.521966985325397559e+01 1.781689847549091965e+01 1.781691074091861182e+01 2.273855372226705640e+01 2.273863654288451386e+01
4.470617281774549867e-01 3.576071228107678690e-02 4.924063201495995634e-02 1.696168654066400938e+00 1.697072596128375244e+00 1.995318914732806981e+00 1.995504123841986610e+00 3.336767149977527769e+00 3.336826682265959576e+00 4.669249301597178992e+00 4.669276420567578967e+00 6.998924437445162461e+00 6.999254781671299774e+00 8.657916933844244767e+00 8.657944220256025503e+00 8.838378029139686731e+00 8.839194330134048982e+00 1.013707217889947643e+01 1.013711099396855886e+01 1.100790770341147962e+01 1.100804717105951092e+01 1.196337256851088426e+01 1.196343331084768380e+01 1.277970373062327525e+01 1.277985114435892733e+01 1.522048395991262382e+01 1.522067700693687442e+01 1.781666851292927589e+01 1.781668408532219772e+01 2.274525507216758768e+01 2.274536085966304810e+01
4.479850040518758569e-01 1.697063158953963577e-02 4.078603583000144084e-02 1.663399934286479365e+00 1.664495400805080294e+00 1.998603599168510492e+00 1.998835102792380747e+00 3.306743421831479512e+00 3.306815378417899520e+00 4.651484190551826714e+00 4.651514246848780232e+00 7.003197057608776532e+00 7.003586810675694885e+00 8.650696073851147361e+00 8.650729213604099854e+00 8.838234477406556877e+00 8.839240352315487215e+00 1.014706338633951965e+01 1.014710947680672781e+01 1.100882964001945297e+01 1.100899848026468497e+01 1.195875727879048611e+01 1.195883339841740423e+01 1.277895212280999893e+01 1.277912998234256925e+01 1.522144114079786448e+01 1.522167860389058625e+01 1.781643981389446907e+01 1.781645877095874297e+01 2.275191053252672191e+01 2.275204011827828765e+01
4.489082799262967272e-01 -2.468275641507473861e-02 3.151925227882849262e-02 1.630283098292969690e+00 1.631572763494385514e+00 1.999997680120828347e+00 2.000278819952435949e+00 3.277203724317642841e+00 3.277289060057651415e+00 4.634241894567294295e+00 4.634274180298570300e+00 7.007417457268582339e+00 7.007863889954834669e+00 8.643613130573179149e+00 8.643652221133638847e+00 8.838084628784310226e+00 8.839288261783156742e+00 1.015693826297954061e+01 1.015699144056007164e+01 1.100977599897876935e+01 1.100997441860262782e+01 1.195392515584712712e+01 1.195401776762866852e+01 1.277835487755452704e+01 1.277856321392505734e+01 1.522239000499572192e+01 1.522267366467358229e+01 1.781621260483496627e+01 1.781623501444099489e+01 2.275851379755833648e+01 2.275866797028068333e+01
4.498315558007175419e-01 -3.764925035623301053e-02 2.021938285812893352e-02 1.596827087417291624e+00 1.598313240377344568e+00 1.999325157456177671e+00 1.999659198031171092e+00 3.248344604345054787e+00 3.248444563473322777e+00 4.617512458410368836e+00 4.617546372970221746e+00 7.011582431093867918e+00 7.012082632936728288e+00 8.636669756457953540e+00 8.636714876595616985e+00 8.837928616027109996e+00 8.839337868498329698e+00 1.016669218756075210e+01 1.016675226849578806e+01 1.101074666327658846e+01 1.101097474392784648e+01 1.194888683084679393e+01 1.194899707065767913e+01 1.277790691846581161e+01 1.277814564256969909e+01 1.522332966327227055e+01 1.522366121787948323e+01 1.781598711032650684e+01 1.781601303027622407e+01 2.276505864612724395e+01 2.276523814862835948e+01
4.507548316751384121e-01 -4.627246908138026721e-02 -9.797825611793120962e-03 1.563040772917674515e+00 1.564725315229722691e+00 1.996405466300372744e+00 1.996795482216663586e+00 3.220369000023723505e+00 3.220485003518280820e+00 4.601284513023073508e+00 4.601319597194767574e+00 7.015688875637025923e+00 7.016239774804358120e+00 8.629867533517780132e+00 8.629918742258210429e+00 8.837766622659499305e+00 8.839388997810999626e+00 1.017632045939891761e+01 1.017638727441701185e+01 1.101174144812374323e+01 1.101199914721826723e+01 1.194365378676970835e+01 1.194378281340334880e+01 1.277760258632945778e+01 1.277787149306608327e+01 1.522425924286706156e+01 1.522464030105395771e+01 1.781576355283640822e+01 1.781579303068930997e+01 2.277153894652246180e+01 2.277174447259767120e+01
4.516781075495592823e-01 -5.276943086166994978e-02 -2.294439973252664078e-02 1.528932962413580343e+00 1.530817406315122087e+00 1.991057849038772032e+00 1.991506602089962330e+00 3.193481506087523236e+00 3.193615001256791874e+00 4.585545650299468257e+00 4.585581623201404611e+00 7.019733787623024135e+00 7.020332171334817239e+00 8.623207982612733247e+00 8.623265318549757197e+00 8.837598878569204786e+00 8.839441486583115903e+00 1.018581829331863275e+01 1.018589169872975475e+01 1.101276009222111618e+01 1.101304724516107036e+01 1.193823829249967794e+01 1.193838728901814505e+01 1.277743570588070732e+01 1.277773447928425021e+01 1.522517788815178186e+01 1.522560996159679547e+01 1.781554215249167683e+01 1.781557522545021044e+01 2.277794866103732119e+01 2.277818085251215052e+01
4.526013834239801525e-01 -5.789745605005393314e-02 -2.979645231229197111e-02 1.494512403476740081e+00 1.496597870678944897e+00 1.983106940698949883e+00 1.983616752851711462e+00 3.167882445187901297e+00 3.168034737455189820e+00 4.570282771703756630e+00 4.570319566918751519e+00 7.023714262162099153e+00 7.024356797529205387e+00 8.616692571168234949e+00 8.616756052086842033e+00 8.837425656282777098e+00 8.839495180206924374e+00 1.019518081591505698e+01 1.019526070564491071e+01 1.101380224833450150e+01 1.101411857211981449e+01 1.193265333621920199e+01 1.193282351053899504e+01 1.277739965334133387e+01 1.277772787256701648e+01 1.522608476124228716e+01 1.522656925764814595e+01 1.781532312685113695e+01 1.781535982170545296e+01 2.278428185035917863e+01 2.278454129429201203e+01
4.535246592984010228e-01 -6.203040270319652022e-02 -3.442833912448272499e-02 1.459787785831367257e+00 1.462075007167528140e+00 1.972389376851281684e+00 1.972962008526298661e+00 3.143760935897388364e+00 3.143933024412731037e+00 4.555482408833924524e+00 4.555520201829601490e+00 7.027627490905926422e+00 7.028310746052241598e+00 8.610322719590017826e+00 8.610392342361334883e+00 8.837247267722524668e+00 8.839549930303750358e+00 1.020440306321243717e+01 1.020448938144916795e+01 1.101486747320235260e+01 1.101521257149659050e+01 1.192691255912673398e+01 1.192710514366067365e+01 1.277748742364556733e+01 1.277784456967990678e+01 1.522697904256441070e+01 1.522751725895850683e+01 1.781510669068236652e+01 1.781514702381418758e+01 2.279053267777161196e+01 2.279081990382635325e+01
4.544479351728218930e-01 -6.538798075510725283e-02 -3.773468894144842850e-02 1.424767742852677044e+00 1.427257058798826250e+00 1.958761009419574650e+00 1.959397555318516781e+00 3.121287372997220366e+00 3.121479809953553453e+00 4.541131015761112444e+00 4.541170230672888941e+00 7.031470760166151024e+00 7.032191225500140419e+00 8.604099806580059351e+00 8.604175547297559845e+00 8.837064061299015449e+00 8.839605592946920609e+00 1.021347997980407385e+01 1.021357273376961317e+01 1.101595521681644207e+01 1.101632858651474756e+01 1.192103019035887712e+01 1.192124644056627680e+01 1.277769169639461566e+01 1.277807715935670885e+01 1.522785993137395089e+01 1.522845304774182118e+01 1.781489305574338999e+01 1.781493703318820820e+01 2.279669541317217352e+01 2.279701089117054380e+01
4.553712110472427632e-01 -6.811361003032115335e-02 -4.010586123341101927e-02 1.389460852708018779e+00 1.392152214795736809e+00 1.942104094853284613e+00 1.942804910547996311e+00 3.100605957155218917e+00 3.100818747165278833e+00 4.527215232203159800e+00 4.527256516628059835e+00 7.035241449012571202e+00 7.035995558514817283e+00 8.598025173514869834e+00 8.598106987845858029e+00 8.836876419233405500e+00 8.839662027294005853e+00 1.022240641956492091e+01 1.022250569175412771e+01 1.101706481113381031e+01 1.101746585046110027e+01 1.191502098385188901e+01 1.191526217558456047e+01 1.277800489970907272e+01 1.277841798661204287e+01 1.522872664623114858e+01 1.522937571951082703e+01 1.781468243056974643e+01 1.781473004813608796e+01 2.280276443690991073e+01 2.280310857457213558e+01
4.562944869216636334e-01 -7.030778567554911429e-02 -4.175808432263100611e-02 1.353875639319172430e+00 1.356768612441777488e+00 1.922333666214192771e+00 1.923098336964943034e+00 3.081828064949410084e+00 3.082060616036072620e+00 4.513722113431002825e+00 4.513766279217321653e+00 7.038937027366459098e+00 7.039721179761734504e+00 8.592100128016461724e+00 8.592187951746369734e+00 8.836684755032194971e+00 8.839719094542768829e+00 1.023117714801996314e+01 1.023128310709883060e+01 1.101819545829981806e+01 1.101862347644238760e+01 1.190890015771990029e+01 1.190916758328815384e+01 1.277841927128707589e+01 1.277885921413380643e+01 1.522957842543071827e+01 1.523028438389451544e+01 1.781447502026724194e+01 1.781452626371139658e+01 2.280873424344553868e+01 2.280910738432762841e+01
4.572177627960845037e-01 -7.204462441836441411e-02 -4.282788235645697272e-02 1.318020573238394499e+00 1.321114338840421398e+00 1.899402282405907139e+00 1.900229640951117904e+00 3.065027269895119311e+00 3.065278401417329768e+00 4.500639320917766639e+00 4.500687263872396038e+00 7.042555054102995094e+00 7.043365633788440938e+00 8.586325946823139432e+00 8.586419696572514582e+00 8.836489511057932233e+00 8.839776657146275696e+00 1.023978684642391990e+01 1.023989975587969958e+01 1.101934621848583618e+01 1.101980044672790804e+01 1.190268333656842081e+01 1.190297829948699437e+01 1.277892691611577902e+01 1.277939288021048014e+01 1.523041452738813994e+01 1.523117816543695646e+01 1.781427102631050374e+01 1.781432587156463043e+01 2.281459944483926350e+01 2.281500186647411965e+01
4.581410386705053739e-01 -7.338094806898663724e-02 -4.340895004199987750e-02 1.281904072485623880e+00 1.285197432618517599e+00 1.873302502519903712e+00 1.874190695642608206e+00 3.050236671493677942e+00 3.050504676953537775e+00 4.487955271270523738e+00 4.488007891836290675e+00 7.046093175175230705e+00 7.046926572780426667e+00 8.580703878050080391e+00 8.580803452145580934e+00 8.836291156154659987e+00 8.839834578237978135e+00 1.024823011755830571e+01 1.024835034119008625e+01 1.102051599747248289e+01 1.102099560177024706e+01 1.189638649700648365e+01 1.189671030541356522e+01 1.277951986042115706e+01 1.278001095278730048e+01 1.523123423098314078e+01 1.523205620437694741e+01 1.781407064634782955e+01 1.781412905979890127e+01 2.282035477406995483e+01 2.282078668631897855e+01
4.590643145449262441e-01 -7.436166060431943781e-02 -4.356937018973276732e-02 1.245534503367582424e+00 1.249025885590247853e+00 1.844066746069729978e+00 1.845013342291156100e+00 3.037448876421697364e+00 3.037731631745669514e+00 4.475659248023037051e+00 4.475717390790515005e+00 7.049549121770018800e+00 7.050401754230336770e+00 8.575235142916000086e+00 8.575340422397827567e+00 8.836090183298102474e+00 8.839892721228569172e+00 1.025650149318518345e+01 1.025662949664514301e+01 1.102170353413857562e+01 1.102220762901726481e+01 1.189002591647287410e+01 1.189037987524497098e+01 1.278019010156920032e+01 1.278070537937455597e+01 1.523203683586178414e+01 1.523291765740826875e+01 1.781387407401275524e+01 1.781393601282946548e+01 2.282599508819020429e+01 2.282645663181113704e+01
4.599875904193471143e-01 -7.502312240562802881e-02 -4.336065389331297121e-02 1.208920181283904771e+00 1.212607644384400274e+00 1.811764598034606433e+00 1.812766722847882761e+00 3.026618576068811794e+00 3.026913678305678257e+00 4.463741484992544528e+00 4.463805902824714344e+00 7.052920708504992753e+00 7.053789038536579348e+00 8.569920937001731076e+00 8.570031786750574199e+00 8.835887107249739358e+00 8.839950949544981285e+00 1.026459544302405646e+01 1.026473179087590637e+01 1.102290738804845915e+01 1.102343505165254101e+01 1.188361812535497464e+01 1.188400352696573670e+01 1.278092965375012646e+01 1.278146813265016135e+01 1.523282166269830107e+01 1.523376169842001637e+01 1.781368149874211326e+01 1.781374691124635490e+01 2.283151537132205178e+01 2.283200661675807552e+01
4.609108662937679846e-01 -7.539536857301422368e-02 -4.282288808752022363e-02 1.172069371514216973e+00 1.175950612028108466e+00 1.776497995327956714e+00 1.777552477510741191e+00 3.017667283879858608e+00 3.017972202665992310e+00 4.452193228756106791e+00 4.452264567541775797e+00 7.056205831673617368e+00 7.057086386546784773e+00 8.564762431098225548e+00 8.564878701065165245e+00 8.835682462199983433e+00 8.840009126487776925e+00 1.027250638505715408e+01 1.027265173318336977e+01 1.102412592736427932e+01 1.102467621742712645e+01 1.187717986225485944e+01 1.187759797644704385e+01 1.278173058938094897e+01 1.278229125170260971e+01 1.523358805341821132e+01 1.523458751921666554e+01 1.781349310560149490e+01 1.781356193168074142e+01 2.283691073749771761e+01 2.283743168389201017e+01
4.618341421681887993e-01 -7.550362379656495870e-02 -4.198783026680877328e-02 1.134990289973123012e+00 1.139062649474743338e+00 1.738394992089974167e+00 1.739498505272363271e+00 3.010489531822827747e+00 3.010801756802540030e+00 4.441006784497854909e+00 4.441085581185483022e+00 7.059402467544023452e+00 7.060291857061820942e+00 8.559760771694572057e+00 8.559882298217729613e+00 8.835476799391473790e+00 8.840067115188192659e+00 1.028022869693595531e+01 1.028038378053852142e+01 1.102535731734494462e+01 1.102592928777304948e+01 1.187072803214741512e+01 1.187118009450447786e+01 1.278258507625213625e+01 1.278316687895035741e+01 1.523433537138420490e+01 1.523539433021748835e+01 1.781330907511767236e+01 1.781338124667419720e+01 2.284217643335048820e+01 2.284272700778964804e+01
4.627574180426096695e-01 -7.536936997644605452e-02 -4.088082083101451242e-02 1.097691103911881072e+00 1.101951577057102671e+00 1.697602894812303642e+00 1.698752081927035862e+00 3.004959729136776225e+00 3.005276900073369006e+00 4.430175547114543200e+00 4.430262234663098653e+00 7.062508670715007320e+00 7.063403604315561246e+00 8.554917081151083735e+00 8.555043688342905739e+00 8.835270684716991951e+00 8.840124778649238735e+00 1.028775672826753151e+01 1.028792234608891754e+01 1.102659950972873659e+01 1.102719222741879079e+01 1.186427966708052573e+01 1.186476686659842272e+01 1.278348541051856913e+01 1.278408729284759637e+01 1.523506300154662796e+01 1.523618136113518950e+01 1.781312958311877992e+01 1.781320502455125876e+01 2.284730784066019993e+01 2.284788789764911954e+01
4.636806939170305397e-01 -7.501111878207399053e-02 -3.952194945316847563e-02 1.060179932538898750e+00 1.064625175842291327e+00 1.654281492677977861e+00 1.655473065797370857e+00 3.000938951014213263e+00 3.001258962206497127e+00 4.419694018589954254e+00 4.419788933729173586e+00 7.065522572531371281e+00 7.066419875446069199e+00 8.550232457597820357e+00 8.550363958787032814e+00 8.835064696290038100e+00 8.840181979858122929e+00 1.029508481360097427e+01 1.029526180926918322e+01 1.102785023332997483e+01 1.102846279475795122e+01 1.185785188898827691e+01 1.185837535476011162e+01 1.278442404569590352e+01 1.278504493654643959e+01 1.523577035056019646e+01 1.523694786163327208e+01 1.781295480058203395e+01 1.781303342929482270e+01 2.285230047875841208e+01 2.285290979992839766e+01
4.646039697914514099e-01 -7.444498323308358645e-02 -3.792669262524276524e-02 1.022464847522644327e+00 1.027091188858554549e+00 1.608596934873773421e+00 1.609827747811550136e+00 2.998281098822770829e+00 2.998602174242830376e+00 4.409557812550824352e+00 4.409661204153714209e+00 7.068442379558456778e+00 7.069339007973717948e+00 8.545707974594991541e+00 8.545844173807278565e+00 8.834859421988738859e+00 8.840238581959418696e+00 1.030220728599564239e+01 1.030239652752721646e+01 1.102910698621045071e+01 1.102973853325528175e+01 1.185146187412330754e+01 1.185202266126020909e+01 1.278539361786935835e+01 1.278603244273058159e+01 1.523645684686887236e+01 1.523769310196200699e+01 1.781278489348918370e+01 1.781286662042431956e+01 2.285715000679816100e+01 2.285778830084927904e+01
4.655272456658722802e-01 -7.368510846448869667e-02 -3.610610841093812862e-02 9.845538733287048094e-01 9.893573221556513086e-01 1.560716591063592951e+00 1.561983685989418724e+00 2.996838090356615414e+00 2.997158829681446424e+00 4.399763646992203014e+00 4.399875684067021453e+00 7.071266372114136445e+00 7.072159427302193713e+00 8.541344680588146332e+00 8.541485374049754498e+00 8.834655456975580634e+00 8.840294448479701472e+00 1.030911849111488365e+01 1.030932084959085415e+01 1.103036702981065531e+01 1.103101676420780564e+01 1.184512681856574545e+01 1.184572589348822724e+01 1.278638696735669100e+01 1.278704265486912917e+01 1.523712194076100168e+01 1.523841637357287127e+01 1.781262002269012257e+01 1.781270475287675481e+01 2.286185222589283939e+01 2.286251912877071746e+01
4.664505215402931504e-01 -7.274400125062875644e-02 -3.406656920505409664e-02 9.464549873295047266e-01 9.514312456514050220e-01 1.510805029365169139e+00 1.512105661131985412e+00 2.996463942151911919e+00 2.996783340210713575e+00 4.390309326168901904e+00 4.390430105121938986e+00 7.073992902854551623e+00 7.074879644258775357e+00 8.537143598188317029e+00 8.537288575836811333e+00 8.834453401197436051e+00 8.840349443595929557e+00 1.031581280183278970e+01 1.031602913012969402e+01 1.103162738544250132e+01 1.103229458121323070e+01 1.183886390423149138e+01 1.183950212947690694e+01 1.278739715708916336e+01 1.278806864516045927e+01 1.523776510439649101e+01 1.523911698971106432e+01 1.781246034377423726e+01 1.781254797689006253e+01 2.286640308112959730e+01 2.286709815643602894e+01
4.673737974147140206e-01 -7.163278491914343293e-02 -3.180888584019373605e-02 9.081761196028427241e-01 9.133205937007977671e-01 1.459021090824107247e+00 1.460352733810068582e+00 2.997017762830323839e+00 2.997335206064777768e+00 4.381193712567672094e+00 4.381323263690481973e+00 7.076620395407704933e+00 7.077498252690582525e+00 8.533105723304553081e+00 8.533254770291083702e+00 8.834253856871443489e+00 8.840403432440387732e+00 1.032228463335929369e+01 1.032251574562264906e+01 1.103288483355078675e+01 1.103356884673112503e+01 1.183269026478356700e+01 1.183336838348819775e+01 1.278841748798814315e+01 1.278910372944881857e+01 1.523838583180844708e+01 1.523979428598617858e+01 1.781230600695012711e+01 1.781239643788930849e+01 2.287079866346133983e+01 2.287152140309734349e+01
4.682970732891348908e-01 -7.036139789863897487e-02 -2.932645540435574461e-02 8.697251523087450309e-01 8.750329653059303325e-01 1.405515940473132774e+00 1.406876282821581947e+00 2.998365776524711812e+00 2.998681020273864739e+00 4.372416689739151430e+00 4.372554982995231043e+00 7.079147343047424989e+00 7.080013927134420904e+00 8.529232024153854397e+00 8.529384922321462170e+00 8.834057425963825594e+00 8.840456281436356534e+00 1.032852845888181470e+01 1.032877511122371139e+01 1.103413591614381950e+01 1.103483619115358039e+01 1.182662295084562487e+01 1.182734157107471162e+01 1.278944151161952902e+01 1.279014147940001145e+01 1.523898363888111795e+01 1.524044762092066918e+01 1.781215715693314650e+01 1.781225027637498926e+01 2.287503521148268959e+01 2.287578503652185802e+01
4.692203491635557611e-01 -6.893874850831879786e-02 -2.660158318111953066e-02 8.311099184908503634e-01 8.365759238546098819e-01 1.350431926827794671e+00 1.351818856426177717e+00 3.000382544395354234e+00 3.000695674642894772e+00 4.363979116618801335e+00 4.364126066839891571e+00 7.081572307397877353e+00 7.082425420578319475e+00 8.525523440171886236e+00 8.525679969494600385e+00 8.833864707669075500e+00 8.840507858658499529e+00 1.033453882569638438e+01 1.033480169841934604e+01 1.103537694277181203e+01 1.103609301482800475e+01 1.182067889392832072e+01 1.182143847304398854e+01 1.279046304040684845e+01 1.279117573222048598e+01 1.523955806330652685e+01 1.524107637647612634e+01 1.781201393284120016e+01 1.781210962781391061e+01 2.287910911309411688e+01 2.287988537488337215e+01
4.701436250379766313e-01 -6.737283469078947373e-02 -2.359789075397827202e-02 7.923382000896296296e-01 7.979569962353919577e-01 1.293902071004834564e+00 1.295313656717944184e+00 3.002951563231378795e+00 3.003262946270597311e+00 4.355882773828787080e+00 4.356038245428394795e+00 7.083893917157195297e+00 7.084731562333600685e+00 8.521980880845372752e+00 8.522140820813131512e+00 8.833676295898287734e+00 8.840558034213261251e+00 1.034031037176828427e+01 1.034059005328227165e+01 1.103660400039448319e+01 1.103733549349231780e+01 1.181487486850629232e+01 1.181567569778207805e+01 1.279147615567694629e+01 1.279220059819655120e+01 1.524010866452209889e+01 1.524167995855736812e+01 1.781187646809855352e+01 1.781197462253237163e+01 2.288301690705896618e+01 2.288381888854301138e+01
4.710669009123975015e-01 -6.567083453686109462e-02 -2.024294133530485026e-02 7.534177248633747714e-01 7.591836711146335848e-01 1.236050019465516625e+00 1.237484490264483483e+00 3.005965407382818366e+00 3.006275630863585402e+00 4.348130302344622500e+00 4.348294113640526426e+00 7.086110866826991206e+00 7.086931256036902660e+00 8.518605224485977345e+00 8.518768355420823113e+00 8.833492776785508482e+00 8.840606680634289560e+00 1.034583784262961537e+01 1.034613481514122491e+01 1.103781296742621798e+01 1.103855958758666311e+01 1.180922745172834176e+01 1.181006964143879401e+01 1.279247521380128738e+01 1.279321046631899428e+01 1.524063502363114075e+01 1.524225779749387755e+01 1.781174489034747310e+01 1.781184538561167940e+01 2.288675528445776308e+01 2.288758220172296021e+01
4.719901767868183717e-01 -6.383917124438573398e-02 -1.638058072998587952e-02 7.143561617788549700e-01 7.202633960725138840e-01 1.176990319010478681e+00 1.178446042853601439e+00 3.009325555599874136e+00 3.009635364618779008e+00 4.340725134838777421e+00 4.340897062057171851e+00 7.088221915433510212e+00 7.089023477801792872e+00 8.515397316963424501e+00 8.515563421252920762e+00 8.833314726221667357e+00 8.840653673288624503e+00 1.035111610849342334e+01 1.035143073549894055e+01 1.103899953217993080e+01 1.103976105589138257e+01 1.180375298030508624e+01 1.180463644553962688e+01 1.279345485068203381e+01 1.279420000824428882e+01 1.524113674330887669e+01 1.524280934849905833e+01 1.781161932136780379e+01 1.781172203678605115e+01 2.289032109004420334e+01 2.289117209407665854e+01
4.729134526612392420e-01 -6.188355425546911842e-02 -1.158778871586337716e-02 6.751611142207024630e-01 6.812035731549407336e-01 1.116828900944700997e+00 1.118304364627785707e+00 3.012942016033746562e+00 3.013252248146919499e+00 4.333671419984159279e+00 4.333851201000189945e+00 7.090225885225384772e+00 7.091007274538872807e+00 8.512357970414472064e+00 8.512526833648911051e+00 8.833142707425777118e+00 8.840698890789436604e+00 1.035614018144505266e+01 1.035647269704081985e+01 1.104015921585072313e+01 1.104093547390193031e+01 1.179846750419944357e+01 1.179939195166953070e+01 1.279440998481632441e+01 1.279516418082748608e+01 1.524161344769602344e+01 1.524333409210686519e+01 1.781149987700398896e+01 1.781160469034296057e+01 2.289371132350672866e+01 2.289458550215892174e+01
4.738367285356600567e-01 -5.980899652206828065e-02 -3.043187995454136804e-03 6.358401100407533590e-01 6.420115521897208355e-01 1.055663688402110001e+00 1.057157479116649812e+00 3.016732835618255670e+00 3.017044358661186365e+00 4.326973940013613351e+00 4.327161277868017741e+00 7.092121660334436584e+00 7.092881762462037720e+00 8.509487961942886258e+00 8.509659373943648575e+00 8.832977268563611872e+00 8.840742215411571792e+00 1.036090523255998441e+01 1.036125573258337873e+01 1.104128740009057452e+01 1.104207825728294345e+01 1.179338673684501693e+01 1.179435165297181065e+01 1.279533581915503859e+01 1.279609822744477299e+01 1.524206478228208184e+01 1.524383153458592943e+01 1.781138666709970053e+01 1.781149345502607062e+01 2.289692314064000200e+01 2.289781952079950855e+01
4.747600044100809269e-01 -5.761980583059832239e-02 1.025913072759425913e-02 5.964005869288944162e-01 6.026946208769558000e-01 9.935852642458594675e-01 9.950960532495359834e-01 3.020623556709995050e+00 3.020937212919212911e+00 4.320638021888203895e+00 4.320832588107322181e+00 7.093908185388228205e+00 7.094646125794210612e+00 8.506788032324228865e+00 8.506961788051611961e+00 8.832818940423704746e+00 8.840783533506098024e+00 1.036540660879409792e+01 1.036577504381632764e+01 1.104237935912714619e+01 1.104318469064202901e+01 1.178852600173601672e+01 1.178953064232021397e+01 1.279622784195463048e+01 1.279699767830602575e+01 1.524249041378067382e+01 1.524430120833113733e+01 1.781127979543935425e+01 1.781138843394076687e+01 2.289995385443020837e+01 2.290087140438339830e+01
4.756832802845017971e-01 -5.531954560512800101e-02 1.441971534446348686e-02 5.568498706981550583e-01 5.632599901241163165e-01 9.306775559358841932e-01 9.322040845305866741e-01 3.024546664957573849e+00 3.024863224071820955e+00 4.314669442524722065e+00 4.314870880261284292e+00 7.095584464069946584e+00 7.096299615679476425e+00 8.504258884728230328e+00 8.504434785058244017e+00 8.832668234161003440e+00 8.840822735910483843e+00 1.036963984949497686e+01 1.037002601969651217e+01 1.104343029627569095e+01 1.104424996172802764e+01 1.178390017536990619e+01 1.178494355715447028e+01 1.279708182680309569e+01 1.279785834994031291e+01 1.524289002999898912e+01 1.524474267223270374e+01 1.781117935969667698e+01 1.781128972446267511e+01 2.290280093605739253e+01 2.290373856804048458e+01
4.766065561589226673e-01 -5.291095707689367350e-02 1.725084218761617841e-02 5.171951425464651475e-01 5.237147721932989830e-01 8.670185083717752983e-01 8.685595762826046062e-01 3.028441057705146822e+00 3.028761180609798487e+00 4.309074328667571230e+00 4.309282255672257200e+00 7.097149557631929007e+00 7.097841549296493469e+00 8.501901183470161882e+00 8.502079035831073384e+00 8.832525639118038896e+00 8.840859718351062213e+00 1.037360070239070531e+01 1.037400425435622608e+01 1.104443538458337848e+01 1.104526920099100806e+01 1.177952362667710950e+01 1.178060452111536627e+01 1.279789383198340502e+01 1.279867634401991339e+01 1.524326333970340919e+01 1.524515551202264696e+01 1.781108545138959443e+01 1.781119741814913837e+01 2.290546201581895147e+01 2.290641858874809600e+01
4.775298320333435376e-01 -5.039582937231750631e-02 1.931835629848391647e-02 4.774433886452781883e-01 4.840659476851940646e-01 8.026807265186893803e-01 8.042351827655401797e-01 3.032251551213850593e+00 3.032575764514346073e+00 4.303859052158112597e+00 4.304073063586229431e+00 7.098602583387450871e+00 7.099271309149545850e+00 8.499715552801818674e+00 8.499895171662906534e+00 8.832391620733549331e+00 8.840894381834745630e+00 1.037728513892433035e+01 1.037770556439477510e+01 1.104538981122970398e+01 1.104623752624690169e+01 1.177541015324013429e+01 1.177652708277420146e+01 1.279866019932112664e+01 1.279944804567223215e+01 1.524361007248338673e+01 1.524553934059877136e+01 1.781099815584124357e+01 1.781111160065408328e+01 2.290793488397738287e+01 2.290890920634899786e+01
4.784531079077644078e-01 -4.777479551445922706e-02 2.082902232173736851e-02 4.376013203826616405e-01 4.443203146369454348e-01 7.377320772489687206e-01 7.392988137196524479e-01 3.035928436908597483e+00 3.036257117806287376e+00 4.299030121545944105e+00 4.299249792599783682e+00 7.099942713233033942e+00 7.100588342485385063e+00 8.497702575751377552e+00 8.497883782958046694e+00 8.832266618548178627e+00 8.840926633026976234e+00 1.038068936881631110e+01 1.038112600542946318e+01 1.104628882518580646e+01 1.104715009197817821e+01 1.177157291478072310e+01 1.177272415191672117e+01 1.279937755264677257e+01 1.280017012141303923e+01 1.524392997861551358e+01 1.524589379832615244e+01 1.781091755214665540e+01 1.781103235164644261e+01 2.291021749153529896e+01 2.291120832448725508e+01
4.793763837821852780e-01 -4.504701783936611303e-02 2.188089242237900231e-02 3.976752438737982676e-01 4.044844079464292586e-01 6.722362448815829561e-01 6.738141931148143859e-01 3.039427091093096944e+00 3.039760461237935640e+00 4.294594071194969942e+00 4.294818959600065433e+00 7.101169172293380072e+00 7.101792160743874760e+00 8.495862793020624082e+00 8.496045417972180047e+00 8.832151044316402633e+00 8.840956384613178898e+00 1.038380985375379417e+01 1.038426188779177295e+01 1.104712778750912250e+01 1.104800214258352042e+01 1.176802436457505863e+01 1.176920793401065524e+01 1.280004279598838224e+01 1.280083951682034105e+01 1.524422282892950342e+01 1.524621855331601594e+01 1.781084371314472747e+01 1.781095974473263865e+01 2.291230795094104522e+01 2.291331401146485547e+01
4.802996596566061482e-01 -4.220970070595041201e-02 2.252425267900926009e-02 3.576708374773948651e-01 3.645643675273956275e-01 6.062532377250701154e-01 6.078413700629144989e-01 3.042707638586202190e+00 3.043045765231727540e+00 4.290557349248806496e+00 4.290786997561385263e+00 7.102281237834506378e+00 7.102882338896709058e+00 8.494196701947025474e+00 8.494380581615622816e+00 8.832045280233820961e+00 8.840983555641198421e+00 1.038664332012256075e+01 1.038710979126550171e+01 1.104790222352077578e+01 1.104878906867632615e+01 1.176477617963402800e+01 1.176598986364957611e+01 1.280065311159577490e+01 1.280145345405409074e+01 1.524448841467815363e+01 1.524651330168230778e+01 1.781077670539473345e+01 1.781089384738309889e+01 2.291420453672729707e+01 2.291522450102104713e+01
4.812229355310270185e-01 -3.925732045575204554e-02 2.278269441424802394e-02 3.175927527297592867e-01 3.245657135975312246e-01 5.398398434710295346e-01 5.414371811750836594e-01 3.045734668088174946e+00 3.046077470825322209e+00 4.286926206023200514e+00 4.287160143766698184e+00 7.103278238655969190e+00 7.103858514462706886e+00 8.492704755537205941e+00 8.492889734328887386e+00 8.831949677288013945e+00 8.841008071842212601e+00 1.038918677071468011e+01 1.038966657877539390e+01 1.104860787598626359e+01 1.104950646533679581e+01 1.176183919065216621e+01 1.176308053791894004e+01 1.280120595788485538e+01 1.280200942931480945e+01 1.524472654741258104e+01 1.524677776777569171e+01 1.781071658915733380e+01 1.781083472086367436e+01 2.291590568608551948e+01 2.291693819303665691e+01
4.821462114054478887e-01 -3.618036775737934474e-02 2.266111085256326471e-02 2.774438519746840193e-01 2.844929440263042619e-01 4.730500284257141419e-01 4.746556627335000167e-01 3.048476995442311654e+00 3.048824256944855815e+00 4.283706584574313858e+00 4.283944330204130679e+00 7.104159555242591573e+00 7.104720385918818160e+00 8.491387361577560355e+00 8.491573291038985616e+00 8.831864553741045398e+00 8.841029865927989562e+00 1.039143749536210315e+01 1.039192940894800543e+01 1.104924075830165719e+01 1.105015019105607443e+01 1.175922331287437572e+01 1.176048965076258668e+01 1.280169906737850916e+01 1.280250521032246702e+01 1.524493705886455075e+01 1.524701170439519693e+01 1.781066341837911438e+01 1.781078242017182234e+01 2.291740999937846723e+01 2.291845365416547153e+01
4.830694872798687589e-01 -3.296319585521918089e-02 2.214759298018860456e-02 2.372236309027150325e-01 2.443487667979865607e-01 4.059352652561362684e-01 4.075484061296932303e-01 3.050907470047191872e+00 3.051258849527032524e+00 4.280904015334776602e+00 4.281145078033316231e+00 7.104924621010140662e+00 7.105467710171438966e+00 8.490244881827022638e+00 8.490431620204162755e+00 8.831790193750954643e+00 8.841048877862455413e+00 1.039339308046162458e+01 1.039389574747900724e+01 1.104979720658750253e+01 1.105071642598400317e+01 1.175693747914545639e+01 1.175822592953249135e+01 1.280213044470953676e+01 1.280293883388628906e+01 1.524511980083724794e+01 1.524721489297751731e+01 1.781061724068058538e+01 1.781073699397843413e+01 2.291871624059290724e+01 2.291976961839415594e+01
4.839927631542896291e-01 -2.958010059494557004e-02 2.121068039111526429e-02 1.969245964146741357e-01 2.041325189622847647e-01 3.385447419328412311e-01 3.401648350240900065e-01 3.053002819293327619e+00 3.053357867660145164e+00 4.278523516801723048e+00 4.278767398108921149e+00 7.105572924985323446e+00 7.106100298747049848e+00 8.489277631295987447e+00 8.489465042953842300e+00 8.831726846138854725e+00 8.841065055105646664e+00 1.039505141737062743e+01 1.039556337725383628e+01 1.105027392952057141e+01 1.105120172801318823e+01 1.175498957648446385e+01 1.175629707497253840e+01 1.280249836474147251e+01 1.280330860362675338e+01 1.524527464510568109e+01 1.524738714376388238e+01 1.781057809734667430e+01 1.781069848457510929e+01 2.291982333773463409e+01 2.292088498753273029e+01
4.849160390287104438e-01 -2.598754387585437350e-02 1.979016336797411596e-02 1.565226831135443919e-01 1.638365703519626959e-01 2.709252941081192745e-01 2.725523355904121980e-01 3.054743525896142842e+00 3.055101701895705624e+00 4.276569504290495871e+00 4.276815699579346486e+00 7.106104016171236104e+00 7.106618012449986033e+00 8.488485877615156383e+00 8.488673832330254854e+00 8.831674723307843422e+00 8.841078352828565912e+00 1.039641070966440672e+01 1.039693040717983763e+01 1.105066805469864377e+01 1.105160308520679102e+01 1.175338638755603959e+01 1.175470970591170605e+01 1.280280137085395431e+01 1.280361308790172714e+01 1.524540148332797784e+01 1.524752829594463854e+01 1.781054602331995440e+01 1.781066692782803429e+01 2.292073038316705436e+01 2.292179883163649379e+01
4.858393149031313141e-01 -2.210676438321597728e-02 1.777374903806043863e-02 1.159460896902783089e-01 1.234370115912904742e-01 2.031204304417678908e-01 2.047559968162304955e-01 3.056113733267552313e+00 3.056474420109088097e+00 4.275045708723698823e+00 4.275293708534419146e+00 7.106517509621010475e+00 7.107020754464073775e+00 8.487869840496962581e+00 8.488058212637056954e+00 8.831634000318922872e+00 8.841088734097370505e+00 1.039746947925488385e+01 1.039799527969855220e+01 1.105097717034485960e+01 1.105191796311109087e+01 1.175213353838814001e+01 1.175346930991786998e+01 1.280303827343133882e+01 1.280385111798074504e+01 1.524550022696867835e+01 1.524763821778160988e+01 1.781052104719522688e+01 1.781064235313778710e+01 2.292143663389549602e+01 2.292251038936118235e+01
4.867625907775521843e-01 -1.777724806057353127e-02 1.493052818478050187e-02 7.493330509067561152e-02 8.286508255170560444e-02 1.351649507731276234e-01 1.368168603678265316e-01 3.057101174538437327e+00 3.057463696708375700e+00 4.273955107303307521e+00 4.274204398554364737e+00 7.106813093860525399e+00 7.107308462256105130e+00 8.487429691292030398e+00 8.487618358899796434e+00 8.831604814128613867e+00 8.841096170025792844e+00 1.039822657137662887e+01 1.039875677695526512e+01 1.105119936121946722e+01 1.105214434558686243e+01 1.175123545360660948e+01 1.175258020108792500e+01 1.280320814858582956e+01 1.280402178650347267e+01 1.524557080723460700e+01 1.524771680670803597e+01 1.781050319121607473e+01 1.781062478340643551e+01 2.292194151179790396e+01 2.292301906825203872e+01
4.876858666519730545e-01 -1.258928207416220267e-02 1.064123896724156020e-02 3.167761203040278528e-02 4.190244635970280518e-02 6.703759988275616311e-02 6.875999431717140509e-02 3.057697121461949497e+00 3.058060761559410423e+00 4.273299867712768929e+00 4.273549934811089912e+00 7.106990538826217119e+00 7.107481099114806966e+00 8.487165552642451871e+00 8.487354396442142956e+00 8.831587262991972054e+00 8.841100639894680313e+00 1.039868115844955909e+01 1.039921402561017416e+01 1.105133323772150966e+01 1.105228076794552727e+01 1.175069532032154029e+01 1.175204548602271259e+01 1.280331033713986599e+01 1.280412444625139301e+01 1.524561317502442215e+01 1.524776398940645272e+01 1.781049247127226920e+01 1.781061423501137497e+01 2.292224460380317552e+01 2.292332444496764765e+01
4.886091425263939247e-01 -2.161224353800221890e-02 -8.612429576034374284e-03 -3.439964396217663929e-03 -3.404615918716579092e-07 2.390990213173005133e-07 4.540911753794395119e-07 3.057896350156999787e+00 3.058260365683311388e+00 4.273081307220135905e+00 4.273331633096502102e+00 7.107049703068478941e+00 7.107538646574139030e+00 8.487077498233164263e+00 8.487266400580892878e+00 8.831581406034073822e+00 8.841102131238013584e+00 1.039883274282863468e+01 1.039936650028091591e+01 1.105137795732731121e+01 1.105232634138165615e+01 1.175051506161199377e+01 1.175186703886008210e+01 1.280334444388638460e+01 1.280415870925491184e+01 1.524562730089197160e+01 1.524777972186410402e+01 1.781048889689824932e+01 1.781061071778659866e+01 2.292234566201809898e+01 2.292342626543954864e+01
