distance,mode_1_THz,mode_2_THz,mode_3_THz,mode_4_THz,mode_5_THz,mode_6_THz,mode_7_THz,mode_8_THz,mode_9_THz,mode_10_THz,mode_11_THz,mode_12_THz,mode_13_THz,mode_14_THz,mode_15_THz,mode_16_THz,mode_17_THz,mode_18_THz,mode_19_THz,mode_20_THz,mode_21_THz,mode_22_THz,mode_23_THz,mode_24_THz,mode_25_THz,mode_26_THz,mode_27_THz,mode_28_THz,mode_29_THz,mode_30_THz,mode_31_THz,mode_32_THz,mode_33_THz,mode_34_THz,mode_35_THz,mode_36_THz,mode_37_THz,mode_38_THz,mode_39_THz,mode_40_THz,mode_41_THz,mode_42_THz,mode_43_THz,mode_44_THz,mode_45_THz,mode_46_THz,mode_47_THz,mode_48_THz,mode_49_THz,mode_50_THz,mode_51_THz,mode_52_THz,mode_53_THz,mode_54_THz,mode_55_THz,mode_56_THz,mode_57_THz,mode_58_THz,mode_59_THz,mode_60_THz,mode_61_THz,mode_62_THz,mode_63_THz,mode_64_THz,mode_65_THz,mode_66_THz,mode_67_THz,mode_68_THz,mode_69_THz,mode_70_THz,mode_71_THz,mode_72_THz,mode_73_THz,mode_74_THz,mode_75_THz,mode_76_THz,mode_77_THz,mode_78_THz,mode_79_THz,mode_80_THz,mode_81_THz,mode_82_THz,mode_83_THz,mode_84_THz,mode_85_THz,mode_86_THz,mode_87_THz,mode_88_THz,mode_89_THz,mode_90_THz,mode_91_THz,mode_92_THz,mode_93_THz,mode_94_THz,mode_95_THz,mode_96_THz,mode_97_THz,mode_98_THz,mode_99_THz,mode_100_THz,mode_101_THz,mode_102_THz,mode_103_THz,mode_104_THz,mode_105_THz,mode_106_THz,mode_107_THz,mode_108_THz,mode_109_THz,mode_110_THz,mode_111_THz,mode_112_THz,mode_113_THz,mode_114_THz,mode_115_THz,mode_116_THz,mode_117_THz,mode_118_THz,mode_119_THz,mode_120_THz
0.000000000000000000e+00,-4.047560352844805465e+01,-3.479280851463446567e+01,-3.185230870562773475e+01,-3.058811221483593457e+01,-2.806378129851746905e+01,-1.508299302438642188e-06,-1.251356979688430796e-06,-1.137026370469602291e-06,-1.084452669833779099e-06,-9.767988549220379104e-07,-9.016088313325524733e-07,-8.572330250315209235e-07,-8.029304068587834591e-07,-7.298019334168575317e-07,-7.149010180485843435e-07,-6.589427939107833633e-07,-6.153503337946063771e-07,-5.401135020368068456e-07,-4.973271725585569038e-07,-4.922493075821397560e-07,-4.669065228318833128e-07,-4.544007423055558968e-07,-4.119788094454435970e-07,-4.022023991499975793e-07,-3.847338080644992570e-07,-3.761384708447224404e-07,-3.389542922882445768e-07,-3.370610752064060049e-07,-3.229471313466824181e-07,-2.991552472377782456e-07,-2.893032407044538801e-07,-2.743274004374450177e-07,-2.611011124198565890e-07,-2.534765184507633389e-07,-2.413409633031860881e-07,-2.343811022215051100e-07,-2.280397329517734182e-07,-2.220972669524782977e-07,-2.097814385853535448e-07,-2.052239664303363273e-07,-1.885607565886280817e-07,-1.869202631120448400e-07,-1.720025674433281236e-07,-1.641068415874946744e-07,-1.552561103266401766e-07,-1.474754377524525989e-07,-1.368427159377005732e-07,-1.304716855572784351e-07,-1.164363837859777776e-07,-1.090900722582994308e-07,-1.046961853830019574e-07,-9.838354771786624673e-08,-9.119955748256200594e-08,-8.965687390758198174e-08,-8.256451583265049927e-08,-6.646490251422116399e-08,-5.742332566040421769e-08,-5.269446357272121536e-08,-4.126387171774445871e-08,-3.392135586278017695e-08,-1.064417784148792487e-08,2.264114422048434405e-08,3.735930683420787795e-08,4.886812691516176435e-08,5.204502939806423187e-08,6.089062607883170766e-08,7.051728131431823906e-08,7.512366872372721613e-08,8.883036323295960574e-08,9.051575661686515375e-08,1.032561712201469797e-07,1.088385210966714556e-07,1.141214468215060178e-07,1.266996612741287973e-07,1.318304174542622481e-07,1.455568589465456324e-07,1.504021801840863754e-07,1.649427013855579335e-07,1.687469529744464293e-07,1.746279582614743594e-07,1.895881799606324839e-07,1.921153783460921216e-07,2.014921608746005477e-07,2.128008659365719671e-07,2.188767251200265970e-07,2.309707288485062321e-07,2.446597193400395849e-07,2.524484595518799054e-07,2.676183854901572952e-07,2.764155813402336470e-07,2.778857238267015678e-07,2.916388053215302020e-07,3.088544712557459104e-07,3.255004841650465454e-07,3.369688937620992467e-07,3.522286085468747037e-07,3.903221390926576693e-07,4.115181197471902366e-07,4.250619821747764200e-07,4.368026267764598466e-07,4.625634242101381940e-07,4.768484306650080625e-07,5.231043140183499077e-07,5.615008411174531077e-07,6.337279846109006394e-07,6.539371797870354615e-07,6.668112074807446774e-07,7.225524713116251535e-07,7.676333101775128951e-07,7.993187444095449134e-07,8.966195496089046653e-07,9.255258229796158794e-07,1.081962420878273665e-06,1.254168622255815693e-06,1.303919049966710110e-06,6.596504535759110865e+01,6.988936538033883039e+01,7.124303193842932558e+01,7.456488276445419672e+01,7.700199076148962263e+01
1.186944606778267495e-03,-4.047002966778312327e+01,-3.479227617789283755e+01,-3.185381986187465486e+01,-3.058031817719176004e+01,-2.805601915465344476e+01,-4.093385682354391264e+00,-3.826369503698132668e+00,-3.551257020103887552e+00,-3.008511507411355534e+00,-2.670069851272307559e+00,-2.556304428026413333e+00,-2.362987023873573733e+00,-2.204701248315363848e+00,-2.172032575301200641e+00,-2.095392354232706644e+00,-2.013954884220468422e+00,-1.939219965679483515e+00,-1.877590245438840899e+00,-1.776004409305096177e+00,-1.724525844322997381e+00,-1.676193527892166468e+00,-1.636898004763805314e+00,-1.532287495623317231e+00,-1.472780393311052594e+00,-1.432424678160214793e+00,-1.390805295936135444e+00,-1.308713692777895954e+00,-1.278533634551469067e+00,-1.232231479393266493e+00,-1.178025461156158027e+00,-1.119759002373270418e+00,-1.078174496038180052e+00,-1.058281489871694570e+00,-1.018191062297781002e+00,-9.659119849660114943e-01,-8.675071285076754179e-01,-8.229246438978271572e-01,-7.749029708409846950e-01,-7.615600380399829561e-01,-7.304654293890429084e-01,-7.146999588251956581e-01,-6.985516506116018487e-01,-6.607183502923625884e-01,-6.441359032850940691e-01,-6.143024010638433730e-01,-5.694160194190344138e-01,-5.392798688319048184e-01,-5.224622222798833704e-01,-5.108773944164742842e-01,-4.355740432388582328e-01,-4.084181678175025643e-01,-3.923861710744260267e-01,-3.699184984553428590e-01,-3.262219215993082400e-01,-2.632532770481334494e-01,-1.702945160179137885e-01,-1.129936464539861019e-01,-9.193908007174633745e-02,-5.545482410494515652e-02,-2.784854426594519580e-02,3.248952304456868140e-02,5.384131855446977477e-02,9.240205900485413959e-02,1.142238380412141235e-01,1.678494508376190963e-01,2.640635059283075736e-01,3.245052429058921106e-01,3.704420942388013116e-01,3.929551606332987723e-01,4.069838295280902019e-01,4.371540579252414793e-01,5.095308834102905138e-01,5.208664297877239058e-01,5.369847874942955679e-01,5.706340241596256080e-01,6.133732903419596427e-01,6.445729961708576150e-01,6.597806846507774381e-01,6.995240515220868538e-01,7.148579961817952411e-01,7.304086729341736639e-01,7.633936027068443098e-01,7.760494045994563717e-01,8.236924898547132168e-01,8.684964827291524747e-01,9.668346657936432997e-01,1.015632192835757008e+00,1.059460534288199973e+00,1.075784531052182080e+00,1.119933423375345516e+00,1.177755523337691512e+00,1.225891759211578114e+00,1.276752381798293312e+00,1.301244003367134860e+00,1.384575429659917756e+00,1.430701709399949229e+00,1.468537386171878012e+00,1.532147900944184737e+00,1.639027966641912304e+00,1.677956181656813150e+00,1.727869796267833991e+00,1.777057803096764976e+00,1.885156713060921030e+00,1.939641025803084950e+00,2.013258910903991339e+00,2.098763046531005649e+00,2.167205299987881251e+00,2.204089300725197820e+00,2.356274615674890160e+00,2.573825969149781567e+00,2.689648907309612369e+00,3.034080134960781550e+00,3.492134958084724961e+00,3.760632640550648720e+00,4.024141132604067472e+00,6.596531783712160291e+01,6.988937382105352469e+01,7.124248704500989504e+01,7.456453286179905149e+01,7.700186077514409533e+01
2.373889213556534990e-03,-4.045341688674858460e+01,-3.479068920219083338e+01,-3.185823242709067316e+01,-3.055712956796323709e+01,-2.803286347457066086e+01,-5.829893738630095079e+00,-5.450545565367640677e+00,-5.058283583394962868e+00,-4.229049935434167296e+00,-3.758950134409111410e+00,-3.596995348778025736e+00,-3.341853956721017482e+00,-3.113934688301577491e+00,-3.069884755515219332e+00,-2.956066883822559888e+00,-2.844357655960083164e+00,-2.738266610936832546e+00,-2.645391240199829852e+00,-2.507003524858855137e+00,-2.433035408151244194e+00,-2.365526639201046777e+00,-2.309939807014477431e+00,-2.164038298992377651e+00,-2.082439788647237222e+00,-2.023699095644267754e+00,-1.968007556239541600e+00,-1.854121089724070304e+00,-1.806168354837721424e+00,-1.743919916055514996e+00,-1.663740737792921642e+00,-1.581061414631914852e+00,-1.524698008867272137e+00,-1.493286694455558949e+00,-1.439206141609908007e+00,-1.363362847606183648e+00,-1.224615893612623463e+00,-1.161419448375531571e+00,-1.093324881217580868e+00,-1.073948972759417142e+00,-1.031400087538099752e+00,-1.008814282848758292e+00,-9.856361318706402530e-01,-9.337843416536045771e-01,-9.093793782770346334e-01,-8.678320503494096894e-01,-8.032304240200325296e-01,-7.633049952504317170e-01,-7.388899548596058464e-01,-7.221176168348298896e-01,-6.141246882454149958e-01,-5.775913177178292335e-01,-5.537388615399165825e-01,-5.218098479878956475e-01,-4.618765504676942135e-01,-3.710995603348493099e-01,-2.421469678850274032e-01,-1.587721220400044320e-01,-1.294873718106941130e-01,-7.931144488660488157e-02,-3.637730394106228338e-02,4.932024675048344436e-02,7.477272147831887095e-02,1.308256959429156263e-01,1.622209474281761377e-01,2.352597704960389391e-01,3.733762082459822773e-01,4.570211898479993318e-01,5.233264197423787012e-01,5.553248814017189838e-01,5.735637208626002126e-01,6.185597171251692172e-01,7.183410539518981786e-01,7.343104222007671433e-01,7.569302263511881179e-01,8.066400446873300822e-01,8.652358894304457149e-01,9.105643630479461903e-01,9.311451513733364216e-01,9.883756021027026994e-01,1.009274774885007719e+00,1.031276908363940592e+00,1.079121380178551304e+00,1.096541688451245555e+00,1.163509858472613123e+00,1.227435108022046695e+00,1.365977672470067850e+00,1.432037143091873022e+00,1.496337249247182921e+00,1.518227189516652142e+00,1.581548913760104202e+00,1.662979380779924243e+00,1.726121734531652407e+00,1.801085121060697292e+00,1.833015367712016452e+00,1.950492822151782102e+00,2.018859188407355454e+00,2.070592630727694949e+00,2.163554765853961115e+00,2.315985968458781574e+00,2.370473981512290162e+00,2.442436856293703773e+00,2.509965503077085547e+00,2.666709985350717016e+00,2.739480570159795736e+00,2.842417872126489442e+00,2.965352234651361218e+00,3.056387097855480572e+00,3.112188405504472399e+00,3.322973380044382807e+00,3.646694203283531444e+00,3.813997500330495782e+00,4.300674179218690441e+00,4.891928570600050818e+00,5.265144779040980438e+00,5.634622780115829066e+00,6.596612856483658049e+01,6.988939949074610070e+01,7.124086492468983067e+01,7.456349170005667304e+01,7.700147417095165281e+01
3.560833820334802918e-03,-4.042609110857739552e+01,-3.478807777628964004e+01,-3.186520766086774614e+01,-3.051910713408198461e+01,-2.799470493409131322e+01,-7.183276118233961505e+00,-6.717212056157715772e+00,-6.233903547913723919e+00,-5.142440256164242385e+00,-4.580285400183305988e+00,-4.378438487202812368e+00,-4.089108617171254068e+00,-3.805280436107671971e+00,-3.753229814948780163e+00,-3.607735141309221127e+00,-3.475424085700490551e+00,-3.345300276710042819e+00,-3.224148454949914200e+00,-3.061581668849018723e+00,-2.969951433052843370e+00,-2.888097070590537552e+00,-2.820099542422362493e+00,-2.644378777215998788e+00,-2.547090668768995592e+00,-2.473306501885056630e+00,-2.408915192168108899e+00,-2.273210427558423952e+00,-2.207149191664811827e+00,-2.134739710245335598e+00,-2.032929357936204440e+00,-1.931362039382152895e+00,-1.865627787153986583e+00,-1.822946500818840354e+00,-1.759639401470306286e+00,-1.664902203399740044e+00,-1.495839496589466799e+00,-1.418111155805701351e+00,-1.334520086448953924e+00,-1.310148266853677468e+00,-1.259805727255180363e+00,-1.231706675131086337e+00,-1.203098738066837869e+00,-1.141842524541544890e+00,-1.110849065494442733e+00,-1.060437376488500894e+00,-9.803143893281942578e-01,-9.347501231448683834e-01,-9.041022118169306232e-01,-8.828657248661051504e-01,-7.492608536817887410e-01,-7.065593417871125492e-01,-6.761241920441033448e-01,-6.366413866544885503e-01,-5.657712303059585501e-01,-4.525417831790617407e-01,-2.978168533384720207e-01,-1.930945427843726581e-01,-1.577408572231402684e-01,-9.802583402388315159e-02,-4.117069391114906718e-02,6.437970764423996128e-02,8.979756030954409718e-02,1.602839275498141314e-01,1.993387314594198823e-01,2.852512665141246351e-01,4.566787156054000762e-01,5.568526350035577499e-01,6.395327461601453267e-01,6.789683603192948613e-01,6.992485815565212537e-01,7.573070104741802533e-01,8.760189759880959715e-01,8.955089959031923286e-01,9.233805765033108459e-01,9.864699677640230702e-01,1.055761490108682477e+00,1.112875112750564277e+00,1.137032080763349828e+00,1.208097880968147075e+00,1.232593700609879717e+00,1.259691265451365227e+00,1.319607290025942126e+00,1.340350925225374246e+00,1.421713006534520929e+00,1.501076755096266702e+00,1.669720033852978514e+00,1.746675490229375960e+00,1.827780888177190644e+00,1.854527019911749619e+00,1.932238864175559012e+00,2.031535637647241099e+00,2.102446080568027842e+00,2.197689489466661872e+00,2.234494640126014620e+00,2.377061311204422545e+00,2.464516024365594138e+00,2.525786573277621017e+00,2.643227550473969067e+00,2.831276838252115180e+00,2.897064361496073825e+00,2.987051961171285352e+00,3.066970046616563916e+00,3.263066170926644194e+00,3.347593886996079071e+00,3.471950463613966864e+00,3.624038137900052803e+00,3.728906760008459109e+00,3.802028949443193806e+00,4.054746509259477882e+00,4.470120910811915316e+00,4.680441181809145590e+00,5.271865953832707952e+00,5.930979259462130670e+00,6.378248113436222333e+00,6.826324152649136501e+00,6.596745757362722884e+01,6.988944337465359524e+01,7.123820302655813919e+01,7.456178471395465124e+01,7.700084091554036547e+01
4.747778427113069979e-03,-4.038859383832284067e+01,-3.478449245417758107e+01,-3.187425111888515872e+01,-3.046712882460617067e+01,-2.794218988965691963e+01,-8.335749358326562941e+00,-7.796698638221295496e+00,-7.236368091692535032e+00,-5.888987273299057357e+00,-5.258815104475551117e+00,-5.019330590353799693e+00,-4.712656830095861338e+00,-4.379945400077267514e+00,-4.321210547642422739e+00,-4.146968927698114982e+00,-3.999527948284498979e+00,-3.849375956639513596e+00,-3.700629979106332179e+00,-3.521341161724418356e+00,-3.414793534851399137e+00,-3.321040363983293275e+00,-3.242601390747783086e+00,-3.043787720150852305e+00,-2.933796691388039779e+00,-2.846798846970220787e+00,-2.776751319223007552e+00,-2.625579190842575628e+00,-2.539998978436401877e+00,-2.460561175397432354e+00,-2.339667852321643426e+00,-2.222077416144563333e+00,-2.150185068080893380e+00,-2.096086791239735181e+00,-2.025890332388039727e+00,-1.914948226312825907e+00,-1.721112313913035985e+00,-1.630894416162914862e+00,-1.534160844040602267e+00,-1.505255445981800833e+00,-1.449145755862948137e+00,-1.416134935459149702e+00,-1.383066433169998000e+00,-1.315170567262485157e+00,-1.278217487643563244e+00,-1.220166804005307526e+00,-1.126955932955784334e+00,-1.078115784159172641e+00,-1.041990623449662312e+00,-1.016417494613782946e+00,-8.611618425247519193e-01,-8.139110962262386950e-01,-7.776256628253660486e-01,-7.313656535082381227e-01,-6.527584565445206932e-01,-5.197294801417955412e-01,-3.448961472686354890e-01,-2.212865059076315755e-01,-1.809207898572023909e-01,-1.140148977433629862e-01,-4.399065989409044891e-02,7.843769383911364246e-02,1.017187630915372815e-01,1.850062044992900057e-01,2.307093455912044289e-01,3.257369358315265750e-01,5.260020520305944691e-01,6.390327788104630535e-01,7.360322837667099272e-01,7.818601299826510864e-01,8.028419505722860228e-01,8.733382345900028154e-01,1.006054912717036398e+00,1.028435151042838003e+00,1.061301291938502089e+00,1.136200359561990503e+00,1.213158273607174653e+00,1.281030504700854999e+00,1.307841768856321973e+00,1.390690006077777374e+00,1.417588002691127391e+00,1.449202659943279237e+00,1.519721052674853912e+00,1.542969010368159921e+00,1.635958159712423754e+00,1.729283029265936023e+00,1.922391451369632298e+00,2.006363897821191067e+00,2.102154389587659544e+00,2.134515030712766048e+00,2.223384160011852462e+00,2.337527179253497955e+00,2.411699745949458240e+00,2.525217460727607222e+00,2.566078796277819762e+00,2.728398571554762508e+00,2.833478768505641732e+00,2.901955626747179107e+00,3.041476384045322501e+00,3.259969536880351182e+00,3.334571175511619856e+00,3.440760614982139476e+00,3.529523791111083053e+00,3.760029468112176865e+00,3.853023006742806622e+00,3.994380151487732178e+00,4.170460660993803970e+00,4.284771169498504229e+00,4.374856753408127297e+00,4.660458894701849708e+00,5.161156811174145709e+00,5.411029285890357698e+00,6.083516260670515763e+00,6.775882429254302508e+00,7.278404258500768442e+00,7.790033979884774418e+00,6.596927213259134248e+01,6.988950692861223501e+01,7.123456299570122496e+01,7.455945361935130222e+01,7.699997729756215392e+01
5.934723033891337041e-03,-4.034167925636514695e+01,-3.478000436675415585e+01,-3.188479020450594348e+01,-3.040233074147381132e+01,-2.787621480105597271e+01,-9.355554137506784329e+00,-8.752809514792105006e+00,-8.124954898880819343e+00,-6.522774026110853995e+00,-5.842519507958934710e+00,-5.565326677232553365e+00,-5.253454763404483252e+00,-4.876511137205653768e+00,-4.811532366856918763e+00,-4.610766081851211062e+00,-4.451870917307534370e+00,-4.284436768153300434e+00,-4.108094116147624320e+00,-3.917424664130054968e+00,-3.797976464599084778e+00,-3.693879689179762060e+00,-3.606068448255519865e+00,-3.389223607107909153e+00,-3.267948922341636475e+00,-3.169127915888198643e+00,-3.095485429274673628e+00,-2.933827395981580821e+00,-2.827039698638205145e+00,-2.742531629476519406e+00,-2.604584302685689412e+00,-2.472818986345687531e+00,-2.397027217676527933e+00,-2.331443934794861228e+00,-2.255560657682870396e+00,-2.130450832335529565e+00,-1.915668760666406456e+00,-1.814273221089916843e+00,-1.705887320380269578e+00,-1.672700450750704837e+00,-1.612145352873980197e+00,-1.574583579246500609e+00,-1.537800119580298164e+00,-1.465305847127906791e+00,-1.422839071400141542e+00,-1.357681947090212171e+00,-1.253241888551741567e+00,-1.202642516346283497e+00,-1.161646958338500735e+00,-1.131637521898986920e+00,-9.575668395197668437e-01,-9.067009634610369018e-01,-8.651561325636873967e-01,-8.124255883383213472e-01,-7.284887468636621621e-01,-5.773157625049676334e-01,-3.862260612844869434e-01,-2.454148931547669443e-01,-2.006204012794551017e-01,-1.281988871623140624e-01,-4.559292528800645145e-02,9.115682546639877759e-02,1.120989970267896457e-01,2.066090023987134094e-01,2.582567700501193220e-01,3.597840522399034513e-01,5.859118175507211923e-01,7.093223681142987180e-01,8.193076308659258400e-01,8.708256107298020243e-01,8.915581505329152057e-01,9.742203271749864113e-01,1.117441893317694390e+00,1.142245440874987583e+00,1.180285989826602044e+00,1.265745810793365900e+00,1.348204831140351390e+00,1.426262440865819769e+00,1.455192296400016572e+00,1.548321347321373276e+00,1.576768222864783464e+00,1.612625579366755879e+00,1.692732234913301381e+00,1.717896440904484345e+00,1.820555175311850071e+00,1.927243171883250117e+00,2.140888476653167061e+00,2.229019669774032764e+00,2.337977346033838444e+00,2.377176337161636788e+00,2.474561363847756379e+00,2.601586341797728519e+00,2.675762489591059001e+00,2.806069087185992128e+00,2.850845492267418457e+00,3.029133516658256031e+00,3.150887133275930729e+00,3.225093308608443454e+00,3.385090344735480539e+00,3.630644878157985644e+00,3.712268869295377804e+00,3.833635604969286348e+00,3.928659463191035428e+00,4.190206293352140676e+00,4.289697488492992150e+00,4.445050131552569006e+00,4.640762517784589924e+00,4.762384858303216006e+00,4.869271838991095613e+00,5.181796890179543702e+00,5.764433365395612796e+00,6.051896511740404883e+00,6.785952371139037709e+00,7.492208055757356711e+00,8.034996696980750031e+00,8.599816687798538695e+00,6.597152755411268288e+01,6.988959181738258053e+01,7.123002951518064663e+01,7.455655541571201184e+01,7.699890545768023742e+01
7.121667640669605837e-03,-4.028630943612791526e+01,-3.477470525235050047e+01,-3.189624489981788003e+01,-3.032605915631802063e+01,-2.779792110081872991e+01,-1.027602793857312946e+01,-9.616706932083184611e+00,-8.928604968868478764e+00,-7.071403489560250222e+00,-6.355622048067683494e+00,-6.039758503133986878e+00,-5.731861742666689352e+00,-5.314321376590296353e+00,-5.243108760080073871e+00,-5.017844955863141720e+00,-4.850108482805630672e+00,-4.667501973001558113e+00,-4.463399161153949635e+00,-4.265493480654284575e+00,-4.134824387069013341e+00,-4.021550532629730945e+00,-3.924795821774346827e+00,-3.694264466057179952e+00,-3.562183591278563100e+00,-3.452803266677648253e+00,-3.377074107766688371e+00,-3.209167172237448629e+00,-3.079503959725244933e+00,-2.991190998623767250e+00,-2.838039709507701680e+00,-2.693437446174019811e+00,-2.615435684125092752e+00,-2.538496813289137677e+00,-2.457448177830789948e+00,-2.319926284517944470e+00,-2.087148322872176553e+00,-1.975564284376632118e+00,-1.856581215998679868e+00,-1.819274782074289831e+00,-1.755171077276352243e+00,-1.713333874090062547e+00,-1.673465201026338667e+00,-1.598031458661709703e+00,-1.550432380240645003e+00,-1.478330737091108960e+00,-1.364289210669479946e+00,-1.312887347621069400e+00,-1.267608759332593094e+00,-1.232980939109335372e+00,-1.042381049426740480e+00,-9.884576011767233217e-01,-9.421921385058801279e-01,-8.830497035372076864e-01,-7.957934069126866294e-01,-6.276550736056946134e-01,-4.231963696730885460e-01,-2.665360780019199183e-01,-2.176301073360943916e-01,-1.410510814250913458e-01,-4.638623861234558721e-02,1.015110398306529743e-01,1.224989729248144310e-01,2.259015761591902649e-01,2.829212105464598004e-01,3.889701435399775531e-01,6.386885035494443974e-01,7.706357666620953228e-01,8.926267728773249477e-01,9.492634642623769547e-01,9.690636640098220234e-01,1.063718892227649926e+00,1.214727520465417543e+00,1.241577552018737318e+00,1.285168476414646932e+00,1.380065944162664815e+00,1.466338803531812784e+00,1.554194072075481214e+00,1.584925539754327817e+00,1.687078793676543231e+00,1.716445513636434494e+00,1.756411176149664133e+00,1.845294135143741077e+00,1.871892325513391686e+00,1.982671539745497924e+00,2.102548147673957146e+00,2.333683463498613442e+00,2.423700744483713532e+00,2.544696812151232557e+00,2.591935844924212695e+00,2.695581751573835838e+00,2.834052236316005668e+00,2.905819802926499662e+00,3.051541603118655743e+00,3.100367999811611597e+00,3.291783050022942358e+00,3.429408029972922378e+00,3.508337232808225181e+00,3.687506207317577722e+00,3.957611991527364648e+00,4.044848409056638339e+00,4.180718588062878993e+00,4.279945166957242364e+00,4.569939141740584354e+00,4.674604553356618730e+00,4.841767009121297427e+00,5.052857575914647903e+00,5.181278920086856310e+00,5.304631526408378761e+00,5.639791041814480543e+00,6.302399110920807956e+00,6.625821603881231425e+00,7.403155939316076406e+00,8.114497658866001828e+00,8.683812888036140265e+00,9.293725687664492696e+00,6.597416829549560191e+01,6.988969958252849324e+01,7.122470868071161476e+01,7.455316102035476433e+01,7.699765275680414334e+01
8.308612247447872898e-03,-4.022364697480995943e+01,-3.476870710044278923e+01,-3.190807918275793398e+01,-3.023984352883325499e+01,-2.770869222069572047e+01,-1.111563814533349515e+01,-1.040562028625111424e+01,-9.663310982664963689e+00,-7.551218798344196514e+00,-6.812125714496908735e+00,-6.456559292322820554e+00,-6.159406864444612495e+00,-5.704527011340630338e+00,-5.626896719395714896e+00,-5.379141219424120379e+00,-5.204430953204224330e+00,-5.008388554643919299e+00,-4.776446019903409557e+00,-4.574626639690230867e+00,-4.434226839060707803e+00,-4.312790862541437065e+00,-4.206979430529944608e+00,-3.966764757677414543e+00,-3.823747231375688838e+00,-3.705054622568767275e+00,-3.628383646830422027e+00,-3.457935864499952494e+00,-3.303914082735219804e+00,-3.212597728393650431e+00,-3.046024299043299521e+00,-2.889631519173538887e+00,-2.810708136223551090e+00,-2.722758564126511516e+00,-2.636636392064544587e+00,-2.488302295887026450e+00,-2.239952513078729890e+00,-2.119015740763059874e+00,-1.990249886490735420e+00,-1.948955380392415782e+00,-1.881892064626228933e+00,-1.836042832476206366e+00,-1.793637094435443613e+00,-1.716678576583732463e+00,-1.664304792127048183e+00,-1.585218037897796695e+00,-1.463098807957794012e+00,-1.411419231799033724e+00,-1.362466848793296048e+00,-1.323036125690178588e+00,-1.117866642733873261e+00,-1.061219520795986471e+00,-1.010742444632618975e+00,-9.451096220146333327e-01,-8.563054559310031566e-01,-6.721256268328409389e-01,-4.565823628606558438e-01,-2.852682597766344474e-01,-2.324054930022057819e-01,-1.528576817661599085e-01,-4.661624688711788617e-02,1.086414252350253462e-01,1.340455522891021711e-01,2.433440491698299624e-01,3.052249339168462416e-01,4.142392869398074384e-01,6.856447641522681602e-01,8.246785116605179766e-01,9.578898538917982597e-01,1.019107582213052199e+00,1.037526373429025206e+00,1.143979505928288676e+00,1.300570633626238815e+00,1.329167108102158767e+00,1.378730393743019533e+00,1.482015605728731700e+00,1.570731753505876016e+00,1.668069026061248517e+00,1.700416908983389153e+00,1.810463965872059156e+00,1.840305853793453350e+00,1.884301545481811502e+00,1.981251987575281426e+00,2.008852890545081316e+00,2.126455962845702707e+00,2.259536519553558609e+00,2.505658862478541860e+00,2.595704040918398459e+00,2.727893308028652264e+00,2.784152149550376265e+00,2.892097987177959961e+00,3.040852054678038208e+00,3.108546980111655866e+00,3.268211246067938003e+00,3.321325147407898193e+00,3.523714323992275244e+00,3.676407906412728632e+00,3.759345268815857288e+00,3.956486427755030011e+00,4.249104795038499915e+00,4.340804534413865490e+00,4.490653075986068110e+00,4.592376242697253197e+00,4.908683511148642431e+00,5.017505163775575205e+00,5.194887315221741630e+00,5.416968691934116009e+00,5.552943334098761063e+00,5.692098621193165897e+00,6.046657811046340036e+00,6.788054488864510461e+00,7.145584484677146797e+00,7.947935028584781847e+00,8.663987554999943441e+00,9.246357579429464124e+00,9.894419593169656579e+00,6.597712932778308925e+01,6.988983127149309382e+01,7.121872590793286406e+01,7.454935356468703844e+01,7.699625100679803325e+01
9.495556854226139959e-03,-4.015504413816696427e+01,-3.476214121379143762e+01,-3.191983110759662168e+01,-3.014538980308080340e+01,-2.761015389175549117e+01,-1.188526651954986946e+01,-1.112964300547097629e+01,-1.033843499838267910e+01,-7.972865475592454843e+00,-7.220789847244603266e+00,-6.824988128465670378e+00,-6.543061919009681482e+00,-6.054124863452583050e+00,-5.969840537770858546e+00,-5.701631306206759398e+00,-5.521245142812436946e+00,-5.313264529231269684e+00,-5.053622004980297788e+00,-4.850569341541683066e+00,-4.701799511660712305e+00,-4.573185933325451202e+00,-4.457741910221925785e+00,-4.211647084304324551e+00,-4.057189281291443628e+00,-3.930446323637513562e+00,-3.853714244355310736e+00,-3.683975285694692570e+00,-3.504405704048060510e+00,-3.410560860022809671e+00,-3.232308837462872120e+00,-3.064995836958037234e+00,-2.986128186808130636e+00,-2.887705785907287659e+00,-2.796353201318837911e+00,-2.638688204408710103e+00,-2.376838212908455983e+00,-2.247309888321399551e+00,-2.109442370670173705e+00,-2.064297815355416787e+00,-1.994619924509602349e+00,-1.945048314261696776e+00,-1.900583025385594205e+00,-1.823330748139677659e+00,-1.766529874302281256e+00,-1.680324763908862318e+00,-1.551590825974421106e+00,-1.499809681765057245e+00,-1.447820190728607681e+00,-1.403448357434788685e+00,-1.185444023185449947e+00,-1.126276394859643926e+00,-1.072068028839365805e+00,-9.997981880279481759e-01,-9.110499404346734664e-01,-7.116117738862093312e-01,-4.868499125711961417e-01,-3.020010353995605801e-01,-2.452397044482181321e-01,-1.638076671004333740e-01,-4.644112965473554816e-02,1.128714903282756477e-01,1.465695260738820727e-01,2.592147159199384987e-01,3.254792030123525026e-01,4.362153707193108243e-01,7.276061969356283354e-01,8.725459683756540130e-01,1.016301242506904012e+00,1.081539657336909377e+00,1.098367359140138166e+00,1.216324677553433986e+00,1.376674850149413487e+00,1.406793803765804984e+00,1.462699172812676585e+00,1.573384966628798898e+00,1.663411305741718138e+00,1.769930466384549206e+00,1.803784891262499412e+00,1.920671520753508110e+00,1.950710644727560394e+00,1.998662445386945263e+00,2.103031014704192625e+00,2.131227231956971835e+00,2.254542564106308156e+00,2.400885323965119333e+00,2.659871789691771404e+00,2.748425337784024869e+00,2.891155207435236907e+00,2.957147716699921602e+00,3.067651658699228179e+00,3.225626875362106905e+00,3.288381787691395441e+00,3.460255710476533242e+00,3.517937326475502946e+00,3.729679171384186365e+00,3.896569679319055624e+00,3.982989130564946301e+00,4.196922789919015351e+00,4.510276500724088145e+00,4.605494911713728712e+00,4.768836078687500368e+00,4.871621301626533729e+00,5.212416343537535468e+00,5.324489030027738323e+00,5.510998743286394053e+00,5.739516742306891572e+00,5.884736982251778770e+00,6.038680382171036420e+00,6.410124215413513404e+00,7.229578637924161555e+00,7.618827802487166956e+00,8.427729542543398011e+00,9.154807345172258692e+00,9.736967239576394206e+00,1.041671540692508202e+01,6.598033773783221534e+01,6.988998706489542201e+01,7.121222337751052578e+01,7.454522639048830968e+01,7.699473559212619023e+01
1.068250146100440702e-02,-4.008202746624996848e+01,-3.475515653460416132e+01,-3.193112567862889151e+01,-3.004458695073443053e+01,-2.750417778653532608e+01,-1.259143937433703542e+01,-1.179474426108096097e+01,-1.095950508605244167e+01,-8.343769249837862390e+00,-7.587369852587574570e+00,-7.151735256766342808e+00,-6.887127879575119849e+00,-6.367759479847562076e+00,-6.276617939298555271e+00,-5.990027261374452294e+00,-5.804816038866770889e+00,-5.586233827341361646e+00,-5.299329632081614783e+00,-5.097178751320171841e+00,-4.941292407759197758e+00,-4.806505645909613378e+00,-4.680500811391837601e+00,-4.432147961175428641e+00,-4.265558866027430618e+00,-4.132040737615001014e+00,-4.055922058031997679e+00,-3.889692595554212318e+00,-3.683759014979334889e+00,-3.587631181631817601e+00,-3.399401328805321310e+00,-3.221932828822759109e+00,-3.143843440159591385e+00,-3.035639791245082098e+00,-2.938794804911097902e+00,-2.773163927692636754e+00,-2.499628585247579249e+00,-2.362233141515947654e+00,-2.215878438198814138e+00,-2.167052138930579908e+00,-2.094908807198618828e+00,-2.041947692911029399e+00,-1.995834940856694883e+00,-1.919358645605309777e+00,-1.858472919070534690e+00,-1.765003421948535767e+00,-1.631057755298402689e+00,-1.579081096456111499e+00,-1.524703560129217372e+00,-1.475328401280791901e+00,-1.246050489192368493e+00,-1.184496964630312066e+00,-1.127004201508599923e+00,-1.047930571262841948e+00,-9.607057740427064063e-01,-7.467182539805349295e-01,-5.142913138924908312e-01,-3.169899821967240294e-01,-2.563403651750609247e-01,-1.740289256477552393e-01,-4.596932298464646155e-02,1.149923406937808645e-01,1.593854726853294046e-01,2.736852030375166445e-01,3.438767289476815647e-01,4.553416836220018915e-01,7.651253129070203496e-01,9.149899115796356064e-01,1.068667550146988665e+00,1.137303284770540879e+00,1.152598468022304479e+00,1.281609318615025916e+00,1.444204858917890855e+00,1.475694528593505028e+00,1.538199374178298662e+00,1.655362204593262998e+00,1.745760491521649138e+00,1.861144840790925459e+00,1.896431485474151302e+00,2.019160920192316855e+00,2.049270829964832341e+00,2.101075943073184238e+00,2.212252733783178549e+00,2.240647777807406094e+00,2.368718111747416533e+00,2.528323110239390825e+00,2.798340247361606803e+00,2.884185595099605148e+00,3.036915755533819539e+00,3.113107819825011724e+00,3.224586456883767660e+00,3.390656151545996089e+00,3.448552223138955597e+00,3.630491202406768814e+00,3.693058202714937455e+00,3.912935134951982086e+00,4.093056251075021024e+00,4.182554562432592604e+00,4.412084303981115951e+00,4.744535226710041798e+00,4.842500193771982708e+00,5.018821839012414188e+00,5.121467495613111431e+00,5.485141205150110721e+00,5.599565695547661370e+00,5.794556548553552844e+00,6.024874990299973199e+00,6.181600980057380568e+00,6.349031779104667983e+00,6.735354713294934292e+00,7.632375944157754333e+00,8.050199715761037211e+00,8.847520610949326070e+00,9.596395294412415566e+00,1.016603593949696460e+01,1.087096420438298061e+01,6.598371452403684145e+01,6.989016594174124464e+01,7.120535703214486034e+01,7.454088079151887314e+01,7.699314451346626242e+01
1.186944606778267408e-02,-4.000627669789036389e+01,-3.474791714062908454e+01,-3.194167627276116406e+01,-2.993951781436653548e+01,-2.739288714876947139e+01,-1.323795792191233289e+01,-1.240429183384564027e+01,-1.152962448893731917e+01,-8.669390977993474579e+00,-7.915767093561325574e+00,-7.441971882556196682e+00,-7.194199698059878578e+00,-6.648636278920785792e+00,-6.550517722192810588e+00,-6.247629888987741964e+00,-6.058101585862051053e+00,-5.830141078507911523e+00,-5.516756780255499315e+00,-5.317156080552841502e+00,-5.155304662364028623e+00,-5.015370478609303184e+00,-4.877676053528012368e+00,-4.630455095787810116e+00,-4.451006074858345762e+00,-4.311986594337577472e+00,-4.236986444562390375e+00,-4.076598898620305889e+00,-3.843919292254131648e+00,-3.745601525424640421e+00,-3.549030967080746279e+00,-3.362114763575764886e+00,-3.285311326696316758e+00,-3.168128547980887166e+00,-3.065536614423824968e+00,-2.893180185320310294e+00,-2.609574166594657019e+00,-2.465017240660522635e+00,-2.310766654287804478e+00,-2.258470142028241145e+00,-2.183862572046603390e+00,-2.127888155020216221e+00,-2.080482012550018300e+00,-2.005689596460005220e+00,-1.941058899291033146e+00,-1.840226315746051222e+00,-1.702387639950934561e+00,-1.649939504555492764e+00,-1.593806157538239399e+00,-1.539458326230966456e+00,-1.300324069764147827e+00,-1.236493090159039632e+00,-1.176125245706729494e+00,-1.090095830348245309e+00,-1.005737600976944535e+00,-7.778782533680947964e-01,-5.390942750848469744e-01,-3.304061856279825182e-01,-2.658680087045653395e-01,-1.836036471836327844e-01,-4.528032097769586067e-02,1.155895806600220205e-01,1.719947282723480741e-01,2.868594449118260226e-01,3.605387343960693158e-01,4.719515293458695915e-01,7.985897891713545915e-01,9.525532002661978304e-01,1.115548062041970656e+00,1.186867387183525135e+00,1.200988680115269824e+00,1.340401426383816430e+00,1.503997977191230184e+00,1.536767834857471593e+00,1.605985026743670607e+00,1.728767493076070361e+00,1.818770523258327554e+00,1.942665519973668209e+00,1.979318190711323311e+00,2.106949223225930368e+00,2.137132718844257706e+00,2.192640417943410025e+00,2.310045821774530772e+00,2.338249999550846780e+00,2.470257366106739294e+00,2.642995382563745554e+00,2.922442687035013087e+00,3.004647875392201239e+00,3.166883819250962073e+00,3.253526537662519758e+00,3.364513297178455709e+00,3.537328949450985416e+00,3.591588914548451861e+00,3.780907299331055960e+00,3.848724523385765650e+00,4.075807990737492226e+00,4.268098608044237352e+00,4.360350432953022271e+00,4.604248745176501956e+00,4.954222764798916323e+00,5.054311798825477986e+00,5.243033898789581038e+00,5.344552905918792618e+00,5.729641549769527664e+00,5.845478064497331872e+00,6.048708735991779051e+00,6.276249237448655371e+00,6.446930188271101869e+00,6.626373019422437949e+00,7.025929742259603650e+00,8.000102887221341774e+00,8.442409849460851490e+00,9.211499590598698717e+00,9.994503076197430502e+00,1.054170980724979145e+01,1.126477131029949774e+01,6.598717654141823630e+01,6.989036542172665634e+01,7.119829315206979459e+01,7.453642355219787419e+01,7.699151738518516197e+01
1.305639067456094288e-02,-3.992959689055297190e+01,-3.474059888650596406e+01,-3.195127943560332540e+01,-2.983246572141932873e+01,-2.727866130811946022e+01,-1.382680172581993894e+01,-1.295990470524067995e+01,-1.205025406559507850e+01,-8.953921743068868011e+00,-8.208676568592400358e+00,-7.699860057710452566e+00,-7.465772425741862506e+00,-6.899026364700906910e+00,-6.793922446121012371e+00,-6.476799561651839454e+00,-6.283218967154731160e+00,-6.047019407516512679e+00,-5.708300340715143584e+00,-5.512452791647051598e+00,-5.345683254637076942e+00,-5.201619704648761555e+00,-5.051087074060593984e+00,-4.808066976585664065e+00,-4.615111250375970364e+00,-4.471844024705500686e+00,-4.398323823555751133e+00,-4.245609229982624022e+00,-3.986285139069092764e+00,-3.885782847266503026e+00,-3.682416615397158921e+00,-3.486740281172692413e+00,-3.411547447870792116e+00,-3.286258436286922269e+00,-3.177754510813503686e+00,-2.999780970608223019e+00,-2.707554008205653506e+00,-2.556530721892495972e+00,-2.394980983211979275e+00,-2.339472167493302557e+00,-2.262307227375902396e+00,-2.203725198781255390e+00,-2.155334758691844321e+00,-2.082956149648091948e+00,-2.014922728466123747e+00,-1.906720856865565583e+00,-1.766186215138238147e+00,-1.712904832840071556e+00,-1.655594635230070111e+00,-1.596405400325805690e+00,-1.348707534022781651e+00,-1.282709210351853812e+00,-1.219836913097213538e+00,-1.126740298839327581e+00,-1.046468252500166285e+00,-8.054129852120679445e-01,-5.613804151253458663e-01,-3.423652701898539652e-01,-2.739567761143840152e-01,-1.925749101243382222e-01,-4.443683391865058813e-02,1.150585089586182996e-01,1.840840953989295037e-01,2.987962414758379426e-01,3.755412287847451625e-01,4.863071816871072928e-01,8.282823269209199646e-01,9.856439118321714821e-01,1.157338170853724479e+00,1.230541915876454562e+00,1.244131162889434483e+00,1.393082957154526458e+00,1.556681847625502213e+00,1.590685421750660744e+00,1.666570082433638023e+00,1.794182484966891700e+00,1.883180873985648374e+00,2.015177638270841065e+00,2.053121196375703672e+00,2.184776201580820754e+00,2.215132566984840956e+00,2.274137234635851268e+00,2.397217544701898184e+00,2.424850338282191320e+00,2.560106806535690005e+00,2.745670760887346074e+00,3.033141455939430742e+00,3.111047312553317123e+00,3.282287648531307500e+00,3.379446931841494361e+00,3.488571960707010255e+00,3.666490520203208092e+00,3.719519589248335922e+00,3.912975308598831248e+00,3.986452757265320113e+00,4.220001464045811446e+00,4.423321295961020638e+00,4.518047876649002426e+00,4.775052578339296971e+00,5.140993060863818798e+00,5.242713091926131774e+00,5.443161570525029802e+00,5.542773398931712059e+00,5.947892824709965609e+00,6.064160193473293603e+00,6.275749187296926657e+00,6.496135714384877247e+00,6.683083313001080050e+00,6.873001406719621009e+00,7.284392166073594410e+00,8.335228327391645209e+00,8.796778111969114633e+00,9.523924267450112779e+00,1.035181801981101835e+01,1.087087324644559239e+01,1.160396283534086770e+01,6.599063854823917552e+01,6.989058141972283522e+01,7.119120455170508421e+01,7.453196434065247900e+01,7.698989441782853760e+01
1.424333528133921167e-02,-3.985388279033448811e+01,-3.473338523488259710e+01,-3.195980620597350352e+01,-2.972590932601252689e+01,-2.716413394216239396e+01,-1.435866845979579765e+01,-1.346197704513742011e+01,-1.252168608892362123e+01,-9.200693024700898448e+00,-8.467977634764247696e+00,-7.928689781307365791e+00,-7.702768215240376470e+00,-7.120563219870723159e+00,-7.008592589291976260e+00,-6.679236390189759121e+00,-6.481723430544587217e+00,-6.238356820765912580e+00,-5.875814557635993474e+00,-5.684511909097950344e+00,-5.513762100475670280e+00,-5.366537265881316188e+00,-5.202184955954681556e+00,-4.966009548842514221e+00,-4.759078898212762532e+00,-4.612775636141937419e+00,-4.540972841718332376e+00,-4.397222368033317785e+00,-4.111880039080599403e+00,-4.009166388679163973e+00,-3.800426774080484016e+00,-3.596686837122604619e+00,-3.523273740923829944e+00,-3.390789144764190688e+00,-3.276350968319734047e+00,-3.093735822488577814e+00,-2.794195801726682138e+00,-2.637394594407447723e+00,-2.469166151165588019e+00,-2.410744411762001160e+00,-2.330893247003221980e+00,-2.270115124341110402e+00,-2.221022913035467283e+00,-2.151584068800564520e+00,-2.080499646110542944e+00,-1.965048025920265395e+00,-1.822853609607089309e+00,-1.768383619780343530e+00,-1.710387788994280012e+00,-1.646589805489656166e+00,-1.391511723584584193e+00,-1.323474550305587361e+00,-1.258432049098618943e+00,-1.158216868569727831e+00,-1.083120928865948684e+00,-8.295667704972623513e-01,-5.812283141804719389e-01,-3.529458290779936558e-01,-2.807263483281999261e-01,-2.009496212288711670e-01,-4.349218762104183761e-02,1.137032202845377066e-01,1.954327314602276044e-01,3.095235179627915389e-01,3.889307192024367144e-01,4.986226528177895023e-01,8.544158847882201702e-01,1.014578633370315952e+00,1.194319226426141967e+00,1.268589538100664216e+00,1.282439882974685919e+00,1.439910336805088953e+00,1.602744002308451599e+00,1.637958115744866161e+00,1.720306510105147568e+00,1.852026870693407545e+00,1.939562129629801568e+00,2.079183200660004172e+00,2.118325039336429683e+00,2.253203200051787203e+00,2.283886490833682892e+00,2.346130225235694144e+00,2.474354594659456730e+00,2.501052511422263258e+00,2.638991724790183735e+00,2.836865872151768109e+00,3.131117263810050844e+00,3.204326592148710073e+00,3.384022683160914813e+00,3.491598013598862682e+00,3.597590964675403846e+00,3.778826552372072101e+00,3.833801244301679567e+00,4.027841454162421009e+00,4.107405659691256261e+00,4.346781547598316919e+00,4.559935160095233364e+00,4.656882655587849307e+00,4.925698336725180759e+00,5.306038238037666055e+00,5.409005778148829435e+00,5.620396848554157998e+00,5.717524663861381917e+00,6.141304154616993749e+00,6.257014163898829473e+00,6.477380874970238622e+00,6.686562291432893268e+00,6.891714039476878995e+00,7.090596421916433911e+00,7.512575671165288682e+00,8.639354040963750592e+00,9.113520181160621902e+00,9.789379129987709760e+00,1.066865264315029016e+01,1.115970456127887545e+01,1.189317596005999889e+01,6.599401530389792470e+01,6.989080823972950895e+01,7.118426645925350726e+01,7.452761301791855431e+01,7.698831541464849693e+01
1.543027988811747700e-02,-3.978107489581547185e+01,-3.472646238452139045e+01,-3.196719166683017832e+01,-2.962249897790496789e+01,-2.705217774327700297e+01,-1.483332092703029836e+01,-1.391003376420814952e+01,-1.294335977903189061e+01,-9.412428861463450147e+00,-8.694982585630739891e+00,-8.130752828686146572e+00,-7.906080756252737096e+00,-7.314425209839241049e+00,-7.195843240068699131e+00,-6.856159261292398277e+00,-6.654782921451998234e+00,-6.405262628841656536e+00,-6.020763514684214002e+00,-5.834419068701129696e+00,-5.660513971194314209e+00,-5.511004034809558583e+00,-5.332190240773369005e+00,-5.104971333524431998e+00,-4.883860356647142353e+00,-4.735663552373898355e+00,-4.665707965704663174e+00,-4.531636674870826553e+00,-4.221460734740538179e+00,-4.116522897226930766e+00,-3.903680772915605779e+00,-3.692606123736930535e+00,-3.621011501392466858e+00,-3.482254113434339438e+00,-3.362030780769184712e+00,-3.175622490000924447e+00,-2.869951669514695158e+00,-2.708056318951685082e+00,-2.533804159664394984e+00,-2.472800171352087961e+00,-2.390157099005991270e+00,-2.327572832490919286e+00,-2.278054531802248484e+00,-2.211848597959340079e+00,-2.138082580844055336e+00,-2.015650022950314035e+00,-1.872640480410943775e+00,-1.816706132828108000e+00,-1.758404801129284989e+00,-1.690327205667620403e+00,-1.428956236163746230e+00,-1.359035491566314091e+00,-1.292125676708375304e+00,-1.184816311201699834e+00,-1.115844333318885218e+00,-8.505287583157825626e-01,-5.986880695827425658e-01,-3.622016802865534735e-01,-2.862894268295838596e-01,-2.087003667537613572e-01,-4.249495446789406522e-02,1.117860239302800457e-01,2.058645745143724004e-01,3.190480190694124363e-01,4.007341174308381437e-01,5.090774204703156780e-01,8.771553039895294557e-01,1.039608761549467353e+00,1.226690279060811628e+00,1.301303813464206094e+00,1.316138907042732065e+00,1.481052943510144271e+00,1.642574396136036396e+00,1.678977854766339872e+00,1.767433635178031537e+00,1.902605998037066204e+00,1.988367239804885278e+00,2.135054021755997677e+00,2.175282054168034218e+00,2.312673198387130924e+00,2.343847607257870003e+00,2.409028672029201790e+00,2.541885169825436552e+00,2.567314821766750299e+00,2.707481465453755565e+00,2.916925210085231424e+00,3.216854798980126162e+00,3.285219908409729772e+00,3.472746310770745914e+00,3.590475405414329302e+00,3.692193055389081380e+00,3.875177390939915423e+00,3.935198533808846211e+00,4.126454031835056213e+00,4.212488934657197426e+00,4.457094305914076848e+00,4.678857599035413983e+00,4.777782452058610296e+00,5.057084019841347811e+00,5.450230651260687509e+00,5.554151919256151260e+00,5.775584072746677400e+00,5.869853889335987063e+00,6.310868781396403726e+00,6.425086882625355322e+00,6.654873328567191493e+00,6.849222888104337770e+00,7.073994416033928090e+00,7.280410257448615141e+00,7.711814002809830093e+00,8.913396606121684940e+00,9.391902264929919752e+00,1.001271962017799844e+01,1.094385341073273210e+01,1.141378884310087827e+01,1.213625150035868394e+01,6.599722366667266726e+01,6.989103872421908648e+01,7.117765216230652925e+01,7.452347692831423842e+01,7.698681880799728106e+01
1.661722449489574580e-02,-3.971310729595479927e+01,-3.472001385616975710e+01,-3.197342346330065155e+01,-2.952500876854120904e+01,-2.694586613286372057e+01,-1.524983169682905171e+01,-1.430299902061843831e+01,-1.331409719953432358e+01,-9.591403374181396657e+00,-8.890601720400255203e+00,-8.307194377329052415e+00,-8.076999147718629146e+00,-7.481452505256416252e+00,-7.356659400263358073e+00,-7.008428803101864446e+00,-6.803290348341586302e+00,-6.548575095113141842e+00,-6.144317890234384905e+00,-5.963000907240877169e+00,-5.786651628015977877e+00,-5.635607433751824047e+00,-5.442175656581049736e+00,-5.225388160050360220e+00,-4.990236830673755897e+00,-4.841182591948252956e+00,-4.773109443775386929e+00,-4.648832239187114190e+00,-4.315589204201948803e+00,-4.208464656787488600e+00,-3.992616351537417341e+00,-3.774986268020008584e+00,-3.705141935410047438e+00,-3.561027909441936146e+00,-3.435348981823056036e+00,-3.245880485216856126e+00,-2.935148161407071132e+00,-2.768839210385166005e+00,-2.589258161375530332e+00,-2.526021707324818344e+00,-2.440556848511822086e+00,-2.376511173019121514e+00,-2.326848828555049042e+00,-2.263914684400194499e+00,-2.187860288589076774e+00,-2.058880204121496860e+00,-1.915692851906755756e+00,-1.858142510510351952e+00,-1.799797858071403134e+00,-1.727856698168077854e+00,-1.461196558785595734e+00,-1.389576843272215312e+00,-1.321077826727708793e+00,-1.206789352414200822e+00,-1.144726862533647749e+00,-8.684469159085028700e-01,-6.137908546415242750e-01,-3.701701521832538866e-01,-2.907568445840957860e-01,-2.157675877915552209e-01,-4.149184332425849553e-02,1.095464806389644247e-01,2.152289191570184168e-01,3.273623163865196917e-01,4.109652670841841271e-01,5.178246946397425665e-01,8.966308934291978838e-01,1.060936878998217203e+00,1.254589525839376440e+00,1.329004199215546134e+00,1.345310976089684640e+00,1.516618860768955690e+00,1.676491645054848156e+00,1.714046132687594426e+00,1.808110933086099159e+00,1.946141762019121257e+00,2.029963998937716951e+00,2.183066398179249745e+00,2.224251410505345916e+00,2.363546082580996632e+00,2.395346330091405740e+00,2.463129272534665848e+00,2.600118231145291503e+00,2.623995060561532089e+00,2.766030336159290837e+00,2.986074390433460568e+00,3.290699509227442032e+00,3.354307105533620437e+00,3.548941581136279222e+00,3.676388967564101495e+00,3.772870419533316255e+00,3.956546334238672191e+00,4.023895177076926011e+00,4.209647960829972391e+00,4.302410449770906808e+00,4.551646181851229933e+00,4.780790724754072407e+00,4.881450240077111147e+00,5.169887128608052329e+00,5.574215549675440862e+00,5.678867084640717877e+00,5.909318835874149300e+00,6.000558546639418012e+00,6.457263268982434745e+00,6.569187196724240785e+00,6.809155780016525661e+00,6.985564071835022482e+00,7.230764610786483360e+00,7.443390603716464327e+00,7.883080580060250142e+00,9.157674614600900043e+00,9.630394535035833314e+00,1.019891211859201618e+01,1.117601398199348672e+01,1.163764323526934241e+01,1.233652334366545844e+01,6.600018463991425222e+01,6.989126456045123348e+01,7.117152852456179346e+01,7.451965823782832388e+01,7.698544075751375715e+01
1.780416910167401112e-02,-3.965184824800353880e+01,-3.471421474140935004e+01,-3.197852954930718283e+01,-2.943625988976739905e+01,-2.684840163426308735e+01,-1.560677919823333681e+01,-1.463942022099557860e+01,-1.363230365963357293e+01,-9.739537214039128088e+00,-9.055456988046824307e+00,-8.458128982837544996e+00,-8.217279403039835728e+00,-7.622225955047492896e+00,-7.491774874840581688e+00,-7.136637748146870130e+00,-6.927936391717830489e+00,-6.668932670423792786e+00,-6.247417666620524557e+00,-6.070890985072863621e+00,-5.892697587350186339e+00,-5.740723159444166335e+00,-5.533116163013197308e+00,-5.327495718294977145e+00,-5.078877820185690339e+00,-4.929845835299009771e+00,-4.863604074760393026e+00,-4.748637876897393362e+00,-4.394682401699379959e+00,-4.285484377959459579e+00,-4.067537180578655764e+00,-3.844193700511772338e+00,-3.775946455833789184e+00,-3.627372443630980214e+00,-3.496742742466789622e+00,-3.304846614082967093e+00,-2.990020457405015986e+00,-2.819976488041925577e+00,-2.635802367466090868e+00,-2.570690980288366845e+00,-2.482490485453836104e+00,-2.417270274450552758e+00,-2.367748781789983603e+00,-2.307870566679576019e+00,-2.229944085145963761e+00,-2.095022318467125277e+00,-1.952087737297180770e+00,-1.892909015714606458e+00,-1.834674652234272951e+00,-1.759359790585619310e+00,-1.488342624111578472e+00,-1.415236596986929607e+00,-1.345408666442742707e+00,-1.224365405219272285e+00,-1.169801914354833050e+00,-8.834373280299064879e-01,-6.265553653436366499e-01,-3.768776378681038541e-01,-2.942410566647094550e-01,-2.220629848347298874e-01,-4.052930724310031818e-02,1.072068182097723893e-01,2.233933450535101062e-01,3.344501462113016466e-01,4.196294192168809056e-01,5.249961487611032318e-01,9.129470036059728066e-01,1.078727088132074963e+00,1.278109679245738262e+00,1.351986149486225752e+00,1.369976156764190156e+00,1.546672952718541882e+00,1.704758959619073089e+00,1.743394227185125045e+00,1.842440932884892968e+00,1.982793484138506646e+00,2.064655582355792163e+00,2.223424909142838413e+00,2.265425264312767251e+00,2.406117983216483402e+00,2.438621122314389655e+00,2.508645388847318802e+00,2.649268366282464093e+00,2.671382113133955016e+00,2.815003636691889355e+00,3.044456873128036811e+00,3.352896240693936658e+00,3.412049657963518001e+00,3.612961807200104847e+00,3.749489909875337812e+00,3.840042483580117239e+00,4.023903575470225924e+00,4.099765155904543157e+00,4.278199097974105136e+00,4.377719916780676179e+00,4.630961614765147338e+00,4.866273799387112575e+00,4.968420567116578646e+00,5.264620945249155248e+00,5.678473074599078352e+00,5.783683730501877562e+00,6.022015890216431799e+00,6.110252339714167036e+00,6.580917383903561735e+00,6.689964405621553922e+00,6.940865275104237675e+00,7.096854763680241263e+00,7.362631828060338002e+00,7.580261302865991979e+00,8.027084935400408128e+00,9.371911897840639938e+00,9.827031447642193385e+00,1.035274663325258437e+01,1.136484933236403450e+01,1.183377294586328610e+01,1.249706074195319694e+01,6.600282531652642604e+01,6.989147672909510334e+01,7.116605149972883737e+01,7.451625138759982292e+01,7.698421432780503437e+01
1.899111370845227992e-02,-3.959903554132655756e+01,-3.470922585622609802e+01,-3.198256531500077315e+01,-2.935901379987974025e+01,-2.676300180600099310e+01,-1.590243039517195278e+01,-1.491766811757772970e+01,-1.389615735293305754e+01,-9.858451761117104084e+00,-9.189962785120892264e+00,-8.583031944245888667e+00,-8.328882861377040925e+00,-7.737124831658799273e+00,-7.601728903671978621e+00,-7.241180787960997733e+00,-7.029256571050774838e+00,-6.766821711390289096e+00,-6.330813225286150647e+00,-6.158574635883748094e+00,-5.979033337695057959e+00,-5.826577193576680358e+00,-5.605917292026640020e+00,-5.411363133814644399e+00,-5.150380410322646263e+00,-5.002032205663375031e+00,-4.937485881594469994e+00,-4.830794659408507385e+00,-4.459047589649134835e+00,-4.347979158859458515e+00,-4.128647913395258051e+00,-3.900502077043985327e+00,-3.833633707545618385e+00,-3.681469181946201985e+00,-3.546553515382181221e+00,-3.352778851465588961e+00,-3.034736439784837092e+00,-2.861635243778437143e+00,-2.673642891814209666e+00,-2.607013150535406165e+00,-2.516302795957757521e+00,-2.450140246733329530e+00,-2.401018451055489944e+00,-2.343759599686554118e+00,-2.264388039370301975e+00,-2.124303016539146771e+00,-1.981859839270769585e+00,-1.921171765926888986e+00,-1.863113618568724039e+00,-1.784973598213115409e+00,-1.510471699007579938e+00,-1.436116626190574896e+00,-1.365208603503643481e+00,-1.237774099688711438e+00,-1.191042678109249131e+00,-8.955905319786314767e-01,-6.369922337839554194e-01,-3.823432094590294428e-01,-2.968577537740575978e-01,-2.274749610261679600e-01,-3.965394878215178914e-02,1.049710585141829522e-01,2.302420267162520462e-01,3.402906535828686962e-01,4.267264273495437465e-01,5.307042376669510730e-01,9.261873542220873112e-01,1.093111563707839018e+00,1.297309653416889974e+00,1.370491358258674852e+00,1.390140634411214160e+00,1.571250145815276333e+00,1.727593399007970598e+00,1.767198011996126361e+00,1.870485968835047474e+00,2.012672743850500101e+00,2.092692954450652731e+00,2.256279423129067041e+00,2.298946415021209777e+00,2.440631192775939429e+00,2.473842408972739992e+00,2.545728216255450871e+00,2.689470970876890021e+00,2.709719527896522706e+00,2.854694225950126452e+00,3.092159965633362706e+00,3.403615925932939046e+00,3.458814958044654109e+00,3.665062757880341859e+00,3.809785296831546209e+00,3.894102512924353388e+00,4.078050726517426838e+00,4.162557378071883640e+00,4.332854911340684012e+00,4.438838217282921939e+00,4.695425715770998210e+00,4.935719238257172847e+00,5.039098359751194245e+00,5.341673076577034607e+00,5.763360367149148900e+00,5.868995579381023120e+00,6.113957436703420179e+00,6.199409558139182153e+00,6.682067887532216588e+00,6.787959126921322195e+00,7.050352671824906103e+00,7.184260737562377486e+00,7.470035444407706393e+00,7.691575816227349982e+00,8.144340875454574302e+00,9.555138723007052803e+00,9.980260161922579698e+00,1.047821530093679598e+01,1.151203011556342481e+01,1.200199786150025361e+01,1.262089678687671501e+01,6.600508067399452727e+01,6.989166606394215364e+01,7.116136178637269438e+01,7.451334072805919106e+01,7.698316875913714341e+01
2.017805831523054871e-02,-3.955620983978961647e+01,-3.470518807000600958e+01,-3.198560039306034497e+01,-2.929583840055263266e+01,-2.669273889877054984e+01,-1.613493189702765918e+01,-1.513611980012129798e+01,-1.410379934387226086e+01,-9.949492701245240767e+00,-9.294385129532496848e+00,-8.681155013524300301e+00,-8.413649841777978367e+00,-7.826374236474253898e+00,-7.686908616593000509e+00,-7.322309852528535501e+00,-7.107661395991127229e+00,-6.842608523354956951e+00,-6.395092352478931375e+00,-6.226419459578009352e+00,-6.045934260134692373e+00,-5.893293432655912767e+00,-5.661423703680379838e+00,-5.476920329805426313e+00,-5.205288861725827054e+00,-5.058003374243838834e+00,-4.994926366576575738e+00,-4.895020035774094502e+00,-4.508907774334284468e+00,-4.396264623656350068e+00,-4.176081048753764513e+00,-3.944112649922141056e+00,-3.878357562462805497e+00,-3.723441833493534858e+00,-3.585042839185701435e+00,-3.389872414291076552e+00,-3.069413955998874233e+00,-2.893933489388637703e+00,-2.702932446277615863e+00,-2.635134645653703256e+00,-2.542285124865866219e+00,-2.475376753861735946e+00,-2.426833337344563635e+00,-2.371609704803965268e+00,-2.291205823652349149e+00,-2.146900004032954890e+00,-2.005020200756513660e+00,-1.943051548817149143e+00,-1.885173526013300904e+00,-1.804800151992987711e+00,-1.527637398008268255e+00,-1.452290666428261101e+00,-1.380545029071555074e+00,-1.247279700618574738e+00,-1.208338962787834259e+00,-9.049759061624033096e-01,-6.451070605414968018e-01,-3.865808526548858981e-01,-2.987245014109667918e-01,-2.318771026297037352e-01,-3.891156804863191154e-02,1.030208117655456307e-01,2.356764455050694429e-01,3.448618656589005349e-01,4.322531226435717411e-01,5.350428401170514991e-01,9.364182177871851476e-01,1.104194701745908613e+00,1.312223941981206066e+00,1.384705386187464971e+00,1.405811447840708439e+00,1.590365592388531368e+00,1.745170777582280897e+00,1.785588897808575659e+00,1.892280884987209255e+00,2.035854604055728156e+00,2.114281435637066497e+00,2.281737607487910324e+00,2.324920183349072911e+00,2.467279250969924398e+00,2.501130567873399269e+00,2.574482509202173475e+00,2.720791001943991372e+00,2.739223704195886011e+00,2.885332923597045962e+00,3.129233584451988293e+00,3.442974338112636534e+00,3.494892469306599914e+00,3.705426301953957502e+00,3.857147779135747356e+00,3.935453015506399144e+00,4.119596924284801176e+00,4.211958867649382654e+00,4.374342779755232336e+00,4.486080379166308418e+00,4.745316213232436908e+00,4.989437673748387425e+00,5.093785994735053890e+00,5.401332203874578575e+00,5.829140316728294913e+00,5.935089288536902430e+00,6.185328701798326279e+00,6.268394366765618564e+00,6.760805280381656068e+00,6.863631684682240497e+00,7.137627955807083424e+00,7.248955137829271145e+00,7.553290364219697572e+00,7.777752688676035753e+00,8.235215170939573781e+00,9.705441473417968368e+00,1.009032371811744611e+01,1.057756568450034607e+01,1.162085133684433913e+01,1.213974268550367341e+01,1.271124624794941127e+01,6.600689517579093035e+01,6.989182387664047269e+01,7.115758077935738868e+01,7.451099839594127161e+01,7.698232884080343297e+01
2.136500292200881404e-02,-3.952465021217868468e+01,-3.470221709982875069e+01,-3.198770572872974327e+01,-2.924895677629377388e+01,-2.664033972742508283e+01,-1.630251709180890884e+01,-1.529332264133600106e+01,-1.425352342666402095e+01,-1.001373163436132430e+01,-9.368886038426015972e+00,-8.751791539090552519e+00,-8.473093834202961361e+00,-7.890088330019419338e+00,-7.747581702465413223e+00,-7.380177550534734898e+00,-7.163455474679540913e+00,-6.896560705703125294e+00,-6.440697920651921038e+00,-6.274695633468243550e+00,-6.093594043780356628e+00,-5.940930516993751631e+00,-5.700402731554746971e+00,-5.523993704238016278e+00,-5.244090980804529956e+00,-5.097917966661832168e+00,-5.035988076972307326e+00,-4.941066089893844548e+00,-4.544419967797480808e+00,-4.430582617956989822e+00,-4.209917912714201904e+00,-3.975168754484844857e+00,-3.910228829482564006e+00,-3.753372358253625141e+00,-3.612403717188219510e+00,-3.416270478262106725e+00,-3.094133261131141399e+00,-2.916952253664794714e+00,-2.723780687894340247e+00,-2.655156748265722122e+00,-2.560671438603082439e+00,-2.493206181422936485e+00,-2.445277473701566784e+00,-2.391453960294264824e+00,-2.310386145130751689e+00,-2.162947325556837885e+00,-2.021568403057062646e+00,-1.958630499872604069e+00,-1.900898648723886142e+00,-1.818912972097905145e+00,-1.539875965001164415e+00,-1.463810305215211383e+00,-1.391466776433021746e+00,-1.253247342465355629e+00,-1.221438737123999863e+00,-9.116447271936685137e-01,-6.509024803588103758e-01,-3.896007457814855135e-01,-2.999548751618972275e-01,-2.351408011087069427e-01,-3.834467988680039657e-02,1.015090267385201361e-01,2.396170995277164817e-01,3.481435548731151575e-01,4.362051371060755023e-01,5.380867959314826754e-01,9.436901959860388711e-01,1.112055727718788134e+00,1.322870407098988954e+00,1.394764778344418810e+00,1.416997009496738791e+00,1.604022647529558920e+00,1.757627800522467476e+00,1.798661825569044970e+00,1.907842835663615233e+00,2.052386682912893612e+00,2.129583011694143213e+00,2.299874238844416663e+00,2.343422274412469530e+00,2.486209901108360931e+00,2.520568703812558375e+00,2.594978362949269535e+00,2.743229665438176923e+00,2.760095954270298524e+00,2.907094863654432704e+00,3.155703881084337414e+00,3.471045838952940610e+00,3.520503613800192166e+00,3.734177770500549443e+00,3.891333791760377192e+00,3.964520920349688726e+00,4.148981159923796014e+00,4.247618986503680638e+00,4.403351064283035576e+00,4.519673619721928937e+00,4.780827134012118229e+00,5.027655434490124087e+00,5.132702182513768641e+00,5.443806677342919897e+00,5.876001081841126350e+00,5.982167159575694448e+00,6.236245042766817903e+00,6.317479074649622994e+00,6.817120037818826361e+00,6.917370084629863136e+00,7.202187858778270169e+00,7.292329282003197299e+00,7.612616295193300076e+00,7.839098870238518479e+00,8.299962219186694412e+00,9.819511218434694655e+00,1.016053155244441442e+01,1.065072863011220328e+01,1.169513831401640580e+01,1.224300161278700294e+01,1.277164270345768493e+01,6.600822413962876567e+01,6.989194258942262650e+01,7.115480697725951131e+01,7.450928249110069146e+01,7.698171439356336521e+01
2.255194752878708284e-02,-3.950531670985338195e+01,-3.470039906391109952e+01,-3.198894180260045061e+01,-2.922009479084721306e+01,-2.660796666315932413e+01,-1.640371973762243130e+01,-1.538813265018085374e+01,-1.434395518997478014e+01,-1.005195380648671666e+01,-9.413556952707915926e+00,-8.794397705195395432e+00,-8.508316738626815479e+00,-7.928311083910994483e+00,-7.783921365326206043e+00,-7.414870029992897571e+00,-7.196849442785521411e+00,-6.928861053503224454e+00,-6.467939322692736859e+00,-6.303588851849631247e+00,-6.122141100633901267e+00,-5.969509955273446522e+00,-5.723495767118428112e+00,-5.552363595611799596e+00,-5.267189693217887658e+00,-5.121851883529750182e+00,-5.060655519676451775e+00,-4.968757167887450699e+00,-4.565687993023693103e+00,-4.451104839164957028e+00,-4.230204836622966980e+00,-3.993766010658001075e+00,-3.929322571294247890e+00,-3.771312083752247801e+00,-3.628768678361127265e+00,-3.432071147168958447e+00,-3.108945837881035068e+00,-2.930743986890891772e+00,-2.736261360289524713e+00,-2.667145373784462592e+00,-2.571633298661488709e+00,-2.503816964595233951e+00,-2.456361078754543570e+00,-2.403334505557094047e+00,-2.321907337752739942e+00,-2.172538732127333727e+00,-2.031500066650155922e+00,-1.967959779646553109e+00,-1.910320761052713978e+00,-1.827361627054505888e+00,-1.547210564095390817e+00,-1.470709381454958331e+00,-1.398007004890891691e+00,-1.256254715801045529e+00,-1.229841737316833772e+00,-9.156322710546803689e-01,-6.543795347463309264e-01,-3.914099136108263877e-01,-3.006472440748964581e-01,-2.371523476560131183e-01,-3.798864115413363302e-02,1.005526458202578161e-01,2.420054450633293830e-01,3.501195400237721023e-01,4.385783096600850972e-01,5.398908449599930659e-01,9.480391086202123452e-01,1.116750309224778803e+00,1.329256720409136339e+00,1.400763567829730771e+00,1.423704918950024378e+00,1.612219092742194215e+00,1.765062555583054804e+00,1.806480922190108362e+00,1.917178740553088678e+00,2.062296731443277853e+00,2.138715771505026453e+00,2.310738031402577608e+00,2.354503821371916938e+00,2.497527141235905468e+00,2.532211139542222433e+00,2.607259881729437900e+00,2.756738120326216457e+00,2.772521618943076138e+00,2.920103215070143143e+00,3.171582993085563906e+00,3.487874209044009799e+00,3.535806499894112331e+00,3.751398404321939051e+00,3.912033125583857629e+00,3.981731888185648938e+00,4.166498566813224613e+00,4.269192835803279351e+00,4.420475366204828838e+00,4.539770922980070900e+00,4.802085804977610728e+00,5.050526529550928956e+00,5.155994900959088412e+00,5.469237225934831415e+00,5.904069070062879732e+00,6.010363152144694965e+00,6.266772927618540656e+00,6.346854278424300055e+00,6.850951604937232098e+00,6.949479547960716985e+00,7.242654447300644449e+00,7.316379740101998763e+00,7.648157527211196793e+00,7.875824718590072493e+00,8.338748162110087847e+00,9.892208098019029450e+00,1.019737122426057851e+01,1.069594661236055266e+01,1.173822676405893084e+01,1.230738993243993207e+01,1.280577809492821828e+01,6.600903483867600130e+01,6.989201631374851331e+01,7.115311299866078798e+01,7.450823560289731518e+01,7.698133986497278158e+01
2.373889213556534816e-02,-3.949880491305091823e+01,-3.469978706954688619e+01,-3.198934908813290434e+01,-2.921034873665384879e+01,-2.659701476267805020e+01,-1.643756754496036976e+01,-1.541981959957020898e+01,-1.437420223478393488e+01,-1.006464042504975076e+01,-9.428442823787474225e+00,-8.808637496494073460e+00,-8.519983666081548890e+00,-7.941051965815561609e+00,-7.796024254808654241e+00,-7.426429947873968374e+00,-7.207967139622711628e+00,-6.939616156231989130e+00,-6.476999592360059843e+00,-6.313207961208705754e+00,-6.131648823193426523e+00,-5.979036384516633440e+00,-5.731141020006749187e+00,-5.561844559053382930e+00,-5.274856990210003538e+00,-5.129828789060426608e+00,-5.068885190385858053e+00,-4.977997242464557992e+00,-4.572770942558380014e+00,-4.457934149999926987e+00,-4.236964853002585407e+00,-3.999959158029404716e+00,-3.935682381897666726e+00,-3.777289029799263176e+00,-3.634215172690073103e+00,-3.437331748146509103e+00,-3.113880307273211745e+00,-2.935338078511609439e+00,-2.740416957593105440e+00,-2.671137596990949437e+00,-2.575275503307965064e+00,-2.507338370196300570e+00,-2.460060374345705902e+00,-2.407289495006100566e+00,-2.325750237024025946e+00,-2.175729738334846175e+00,-2.034811142957360541e+00,-1.971066705431329780e+00,-1.913459278111521611e+00,-1.830174727666286527e+00,-1.549654057238565530e+00,-1.473007014359991151e+00,-1.400184974617349143e+00,-1.257102817410843176e+00,-1.232792142987889417e+00,-9.169591861016439527e-01,-6.555385349771607473e-01,-3.920125101273164159e-01,-3.008698380233920111e-01,-2.378324015141329295e-01,-3.786716672827224184e-02,1.002254350521171733e-01,2.428055924238782803e-01,3.507793999728996415e-01,4.393697162972103332e-01,5.404884403445932017e-01,9.494863694725659276e-01,1.118311513079055519e+00,1.331385341623473550e+00,1.402757068445245725e+00,1.425940292957951216e+00,1.614951706095700823e+00,1.767534210702863762e+00,1.809083246830579306e+00,1.920290605808471662e+00,2.065598691003900811e+00,2.141751913271220609e+00,2.314356356873121801e+00,2.358194435914490850e+00,2.501292729407549320e+00,2.536088630374135011e+00,2.611351172754313055e+00,2.761251207135504426e+00,2.776644651371323658e+00,2.924431225987807359e+00,3.176875645718421293e+00,3.493481478319423683e+00,3.540896759366743307e+00,3.757133732315585561e+00,3.918970447684639868e+00,3.987424610637930744e+00,4.172319186563019144e+00,4.276417362510853692e+00,4.426132894601781054e+00,4.546460430403233666e+00,4.809164262045757532e+00,5.058140443058271707e+00,5.163749794096213819e+00,5.477705202730733802e+00,5.913417131528934334e+00,6.019753561516861140e+00,6.276945580606644093e+00,6.356633432053794053e+00,6.862237415116865691e+00,6.960159430918592349e+00,7.256646181924833350e+00,7.323853402254734135e+00,7.659995786873018631e+00,7.888053179682430027e+00,8.351666719381142912e+00,9.917457729637476405e+00,1.020842521542559567e+01,1.071128652734773112e+01,1.175233213916931163e+01,1.232932662619797526e+01,1.281673965216121225e+01,6.600930730836351756e+01,6.989204131505273665e+01,7.115254334247995871e+01,7.450788372698781359e+01,7.698121403959841302e+01
2.373889213556534816e-02,-3.949880491305091823e+01,-3.469978706954688619e+01,-3.198934908813290434e+01,-2.921034873665384879e+01,-2.659701476267805020e+01,-1.643756754496036976e+01,-1.541981959957020898e+01,-1.437420223478393488e+01,-1.006464042504975076e+01,-9.428442823787474225e+00,-8.808637496494073460e+00,-8.519983666081548890e+00,-7.941051965815561609e+00,-7.796024254808654241e+00,-7.426429947873968374e+00,-7.207967139622711628e+00,-6.939616156231989130e+00,-6.476999592360059843e+00,-6.313207961208705754e+00,-6.131648823193426523e+00,-5.979036384516633440e+00,-5.731141020006749187e+00,-5.561844559053382930e+00,-5.274856990210003538e+00,-5.129828789060426608e+00,-5.068885190385858053e+00,-4.977997242464557992e+00,-4.572770942558380014e+00,-4.457934149999926987e+00,-4.236964853002585407e+00,-3.999959158029404716e+00,-3.935682381897666726e+00,-3.777289029799263176e+00,-3.634215172690073103e+00,-3.437331748146509103e+00,-3.113880307273211745e+00,-2.935338078511609439e+00,-2.740416957593105440e+00,-2.671137596990949437e+00,-2.575275503307965064e+00,-2.507338370196300570e+00,-2.460060374345705902e+00,-2.407289495006100566e+00,-2.325750237024025946e+00,-2.175729738334846175e+00,-2.034811142957360541e+00,-1.971066705431329780e+00,-1.913459278111521611e+00,-1.830174727666286527e+00,-1.549654057238565530e+00,-1.473007014359991151e+00,-1.400184974617349143e+00,-1.257102817410843176e+00,-1.232792142987889417e+00,-9.169591861016439527e-01,-6.555385349771607473e-01,-3.920125101273164159e-01,-3.008698380233920111e-01,-2.378324015141329295e-01,-3.786716672827224184e-02,1.002254350521171733e-01,2.428055924238782803e-01,3.507793999728996415e-01,4.393697162972103332e-01,5.404884403445932017e-01,9.494863694725659276e-01,1.118311513079055519e+00,1.331385341623473550e+00,1.402757068445245725e+00,1.425940292957951216e+00,1.614951706095700823e+00,1.767534210702863762e+00,1.809083246830579306e+00,1.920290605808471662e+00,2.065598691003900811e+00,2.141751913271220609e+00,2.314356356873121801e+00,2.358194435914490850e+00,2.501292729407549320e+00,2.536088630374135011e+00,2.611351172754313055e+00,2.761251207135504426e+00,2.776644651371323658e+00,2.924431225987807359e+00,3.176875645718421293e+00,3.493481478319423683e+00,3.540896759366743307e+00,3.757133732315585561e+00,3.918970447684639868e+00,3.987424610637930744e+00,4.172319186563019144e+00,4.276417362510853692e+00,4.426132894601781054e+00,4.546460430403233666e+00,4.809164262045757532e+00,5.058140443058271707e+00,5.163749794096213819e+00,5.477705202730733802e+00,5.913417131528934334e+00,6.019753561516861140e+00,6.276945580606644093e+00,6.356633432053794053e+00,6.862237415116865691e+00,6.960159430918592349e+00,7.256646181924833350e+00,7.323853402254734135e+00,7.659995786873018631e+00,7.888053179682430027e+00,8.351666719381142912e+00,9.917457729637476405e+00,1.020842521542559567e+01,1.071128652734773112e+01,1.175233213916931163e+01,1.232932662619797526e+01,1.281673965216121225e+01,6.600930730836351756e+01,6.989204131505273665e+01,7.115254334247995871e+01,7.450788372698781359e+01,7.698121403959841302e+01
2.489713345634007521e-02,-3.950150305737477652e+01,-3.470101606358875301e+01,-3.200944419081791636e+01,-2.921560921473014005e+01,-2.659307956683120366e+01,-1.642394184722851591e+01,-1.541294097283893905e+01,-1.436929354350490406e+01,-1.006758520788331346e+01,-9.438120963762539617e+00,-8.807086788728016202e+00,-8.520260137286589597e+00,-7.942199218056294363e+00,-7.797335190917059400e+00,-7.434544797883384071e+00,-7.217711761924757496e+00,-6.945587824528121956e+00,-6.479938999104560615e+00,-6.326442175688659297e+00,-6.128071086420950664e+00,-5.984124902661400291e+00,-5.736004894624276318e+00,-5.557792650067206353e+00,-5.287362063047048366e+00,-5.150280924624435208e+00,-5.085598152411778372e+00,-4.962961926242079436e+00,-4.585365252411722103e+00,-4.457533305328147399e+00,-4.244165158315843733e+00,-4.004147888365929830e+00,-3.929694140885663600e+00,-3.799349086549944410e+00,-3.632547442136511151e+00,-3.436469112851979091e+00,-3.136585586166411588e+00,-2.944423998330386816e+00,-2.777462033714320988e+00,-2.696491313969330506e+00,-2.593279954637842000e+00,-2.516242157107341892e+00,-2.465152551896542032e+00,-2.402656781605498892e+00,-2.330543327383589602e+00,-2.188447130103682081e+00,-2.071081365162196875e+00,-1.978327750677883135e+00,-1.896496237510671534e+00,-1.812890160658292782e+00,-1.586933746989439786e+00,-1.496007735478921186e+00,-1.421479653652849562e+00,-1.287960829250821337e+00,-1.221867585966188274e+00,-8.929307733697902094e-01,-6.794605601235590431e-01,-5.677822884557369720e-01,-3.258608565400997747e-01,-2.788459480030082149e-01,-1.080060672129486143e-01,2.219731036870404572e-01,2.940672593741088803e-01,4.435237900973891256e-01,5.431022204163330480e-01,6.642742215951467077e-01,9.608809286259702986e-01,1.152531104909363169e+00,1.300538142529629626e+00,1.382596524110949243e+00,1.459153365368777822e+00,1.639567331127159022e+00,1.757948966430331605e+00,1.839316919154688978e+00,1.929553942178628967e+00,2.036925450183655339e+00,2.146903054170742120e+00,2.302190355034938296e+00,2.361548623591465557e+00,2.490298446425628143e+00,2.569742128500747569e+00,2.619945512085703143e+00,2.785815816712001070e+00,2.796291749104970581e+00,2.948364305811658870e+00,3.215644490074673900e+00,3.490848826537157112e+00,3.579193221758862897e+00,3.756636045971736504e+00,3.929739466230015132e+00,3.996561311658204385e+00,4.169036802704765066e+00,4.287980240096469942e+00,4.448910030388010028e+00,4.551109764450202100e+00,4.808340757547020949e+00,5.067328563147277976e+00,5.175702511955752705e+00,5.479471993439164024e+00,5.908939493196538884e+00,6.017563762050301079e+00,6.272918301785152195e+00,6.365545105624912381e+00,6.848754477753749015e+00,6.958062389120420299e+00,7.195634560355578024e+00,7.393716842902636976e+00,7.669297263072367699e+00,7.891192059815808513e+00,8.356005523913777822e+00,9.900796402320869660e+00,1.021150282077951843e+01,1.071822303207934368e+01,1.175482929608357452e+01,1.232579011207562836e+01,1.282068311119033588e+01,6.600669114112093894e+01,6.989679046683046693e+01,7.115482253273096092e+01,7.451180381855196799e+01,7.698285476189600729e+01
2.605537477711480226e-02,-3.950957033857597622e+01,-3.470469146696887464e+01,-3.206914115341567140e+01,-2.923111144751863932e+01,-2.658203695657541132e+01,-1.638329514357319283e+01,-1.539274566334664662e+01,-1.435436939035575143e+01,-1.007713715748188044e+01,-9.466016446592888656e+00,-8.804226849833488799e+00,-8.520803521671561853e+00,-7.946013788357679353e+00,-7.801415266990797903e+00,-7.456899293867590650e+00,-7.249135008572563876e+00,-6.961938937451725984e+00,-6.489920039153408204e+00,-6.361263641650897860e+00,-6.124615423365020739e+00,-5.992970637399052336e+00,-5.750216390789447907e+00,-5.553757620881806467e+00,-5.322705869532025069e+00,-5.206595930485316437e+00,-5.115679773451452306e+00,-4.935532191175225236e+00,-4.617302548428698472e+00,-4.460793408322735409e+00,-4.258709979567352200e+00,-4.036443490517876320e+00,-3.910232543793317639e+00,-3.835546288525803593e+00,-3.633873952601343049e+00,-3.439518157878574733e+00,-3.201313687725661161e+00,-2.974343285157314831e+00,-2.854298659829409335e+00,-2.764533680054569231e+00,-2.652178797756053363e+00,-2.557015021005912825e+00,-2.480372422994707282e+00,-2.384942862634036764e+00,-2.339104404964097217e+00,-2.229143191129417723e+00,-2.117976000345907828e+00,-2.001140914660953118e+00,-1.880750661149008796e+00,-1.791096466422865685e+00,-1.683322398500770589e+00,-1.527766190583646377e+00,-1.460697297913757353e+00,-1.306875784150669295e+00,-1.213913156126851689e+00,-8.861518386276077131e-01,-7.333334773577813159e-01,-6.680595199718081245e-01,-4.716834592154942607e-01,-4.033305501186381092e-01,-2.600961565869315262e-01,3.198506399649668763e-01,3.846775110732551517e-01,4.919500484804071871e-01,6.469835623594817342e-01,8.569662277472060996e-01,1.034368631100668345e+00,1.183966044900842229e+00,1.262410195332372087e+00,1.416567850226294834e+00,1.509910998003436200e+00,1.671938309403924627e+00,1.746681752038652169e+00,1.883421229179928602e+00,1.954423532523006823e+00,2.035689892332602113e+00,2.175410055990416591e+00,2.295094580619645441e+00,2.371963077722112345e+00,2.489558734550520125e+00,2.593785108025150610e+00,2.633639395109431458e+00,2.826711051263634200e+00,2.885999698308205019e+00,3.005775260057454545e+00,3.307868919230138260e+00,3.482110249514349665e+00,3.658650019585437452e+00,3.774775551826316189e+00,3.951037674652926768e+00,4.024225510941667139e+00,4.165692290203248049e+00,4.323417468561993715e+00,4.505899245827382771e+00,4.570877982293755082e+00,4.806840268939612137e+00,5.099323962240259078e+00,5.207367525776441575e+00,5.486931450218250461e+00,5.896455681353039324e+00,6.011351063189867006e+00,6.264765979919866723e+00,6.387684960510461529e+00,6.817508298471966377e+00,6.940776509351427315e+00,7.134367497059753482e+00,7.483717573769349762e+00,7.694014096631829780e+00,7.902042090508228256e+00,8.370651701231484054e+00,9.855386074407526564e+00,1.021666890250019577e+01,1.073828356088890601e+01,1.176240070808232119e+01,1.231568584190656424e+01,1.283265263077842278e+01,6.599895022859870153e+01,6.991083815596455509e+01,7.116166493660027470e+01,7.452358755118169142e+01,7.698779123202191954e+01
2.721361609788952932e-02,-3.952292665994497156e+01,-3.471077932994488435e+01,-3.216673999687614582e+01,-2.925609094093539753e+01,-2.656603046757485842e+01,-1.631633060909607025e+01,-1.536053282299904588e+01,-1.432888351872407107e+01,-1.009548269770537310e+01,-9.509012210249462527e+00,-8.804796152157237543e+00,-8.520884567705508061e+00,-7.953715296568103277e+00,-7.808455563229013130e+00,-7.488406906566404508e+00,-7.306658268063308981e+00,-6.985222865255710900e+00,-6.512646277092356328e+00,-6.404785919729315324e+00,-6.134660466282849889e+00,-5.993901648051016551e+00,-5.775845252175701994e+00,-5.569808324422520052e+00,-5.374830553920842746e+00,-5.275543827059371971e+00,-5.139651044826382353e+00,-4.912361665727583926e+00,-4.656123104776510147e+00,-4.471598400096216785e+00,-4.275669675460632924e+00,-4.105948907661263192e+00,-3.894470805271143643e+00,-3.843975200948821946e+00,-3.643095047006936316e+00,-3.460990002691299861e+00,-3.283977513581014751e+00,-3.030929354816743082e+00,-2.945073090828473905e+00,-2.843374020159570303e+00,-2.734518742669454827e+00,-2.606739128525082716e+00,-2.520124007552244638e+00,-2.398996530100337754e+00,-2.359865751545975776e+00,-2.224326848912621557e+00,-2.172089873332005983e+00,-2.033414962787216673e+00,-1.914076268018191307e+00,-1.805079177832372261e+00,-1.710258976799618136e+00,-1.583910677222495345e+00,-1.485098617440687940e+00,-1.317582591964160610e+00,-1.204456662106644593e+00,-9.374741159447379513e-01,-8.130856636674024251e-01,-7.307539323299424572e-01,-5.652129183457085260e-01,-5.089094738144811503e-01,-3.313539992644981558e-01,3.268634561946934802e-01,4.487315280607093726e-01,5.497798993526588074e-01,7.193187946451664594e-01,9.356037397528429445e-01,1.118905864517993676e+00,1.165102877600004971e+00,1.306471049264593232e+00,1.481280514207337529e+00,1.544131416022464620e+00,1.713639121539589194e+00,1.762319040410336601e+00,1.913466370273162021e+00,1.997481529155024527e+00,2.110328898896920879e+00,2.226955519578969422e+00,2.326334744579429792e+00,2.377050014709322312e+00,2.514962800226591355e+00,2.598121368034801204e+00,2.665868182121677421e+00,2.868574113985755236e+00,2.999737655129222080e+00,3.079118141003903020e+00,3.398111274829259898e+00,3.490073137240694567e+00,3.707864235023244248e+00,3.829710906647848745e+00,3.973755619642250103e+00,4.060914141342978567e+00,4.185919928001841761e+00,4.376818490564786224e+00,4.551604571137609412e+00,4.637284378466081769e+00,4.808994417553482670e+00,5.154963400536260565e+00,5.251965541107890267e+00,5.508616487734587785e+00,5.878471740859225747e+00,6.002579345555925983e+00,6.257768451756761330e+00,6.415669033395744236e+00,6.783851512009654527e+00,6.897047610412518459e+00,7.106370218319253418e+00,7.558186863016796764e+00,7.725860556051749484e+00,7.924099649312168481e+00,8.399642152185627708e+00,9.789741798443559517e+00,1.021705680993113141e+01,1.076902087025489152e+01,1.177528473534631281e+01,1.230064305003782543e+01,1.285301204050121093e+01,6.598639679151644089e+01,6.993360164906000875e+01,7.117308145373171158e+01,7.454330308830012086e+01,7.699606656918595604e+01
2.837185741866425637e-02,-3.954144299988612232e+01,-3.471922567729259157e+01,-3.229960941499098936e+01,-2.928947882406753678e+01,-2.654820263505773426e+01,-1.622426240410442944e+01,-1.531837955919473337e+01,-1.429209551059674865e+01,-1.012623723247312491e+01,-9.562600032943320727e+00,-8.814798765736588493e+00,-8.519798939388289583e+00,-7.967899337308283592e+00,-7.817859140655446737e+00,-7.524278005337240671e+00,-7.390172382752315805e+00,-7.013149974373460438e+00,-6.560098683529617780e+00,-6.437681082042320035e+00,-6.162827874380035098e+00,-5.989902360534474113e+00,-5.817280162982071623e+00,-5.616718124019247860e+00,-5.435844765880973206e+00,-5.320641404143187536e+00,-5.153664886225725716e+00,-4.900295440479136566e+00,-4.690014458745647374e+00,-4.486966067269091418e+00,-4.304616358705348311e+00,-4.183868128989202795e+00,-3.904118968412005675e+00,-3.825900583880599726e+00,-3.661291669888173228e+00,-3.517719200894205756e+00,-3.340831444514585691e+00,-3.113130897009529718e+00,-3.041418832822633700e+00,-2.919560383038780405e+00,-2.802497800312827803e+00,-2.653418416270723501e+00,-2.585387906288965087e+00,-2.431838947366407488e+00,-2.391891730227244661e+00,-2.257947882170192599e+00,-2.162480328211526803e+00,-2.096540001057149993e+00,-1.944639868780565939e+00,-1.830036677824710578e+00,-1.710885125407885621e+00,-1.640844098066028600e+00,-1.504357941640563023e+00,-1.360246798709807026e+00,-1.199332870813188956e+00,-1.010495459087202175e+00,-8.801772839309062180e-01,-8.337206312240905692e-01,-6.036199660407387535e-01,-5.026991414223325183e-01,-3.535569901104391177e-01,3.082317244993934002e-01,5.214038543015497851e-01,5.792690345425087761e-01,7.395202579453923342e-01,9.690990658097612398e-01,1.144668846592847622e+00,1.209473962309117079e+00,1.356525819682203871e+00,1.514734452712598989e+00,1.579843659338376227e+00,1.777541609016740409e+00,1.797328349246785084e+00,1.960711984789166529e+00,2.083284182088918968e+00,2.181907286372774202e+00,2.274376143203589606e+00,2.362789555801175556e+00,2.416873002250239821e+00,2.550845860258180497e+00,2.617676151859222422e+00,2.738652428793376448e+00,2.907524614113344175e+00,3.084146705734694294e+00,3.157039008297980676e+00,3.429956328249717412e+00,3.562724426170399195e+00,3.738937295492560153e+00,3.868653240159482642e+00,3.985431703605812892e+00,4.110139837100434512e+00,4.244356186950868803e+00,4.437450217200881397e+00,4.575482931227485395e+00,4.740681980652194483e+00,4.822534008167368214e+00,5.216067916389897974e+00,5.300630058758634355e+00,5.562088621763307650e+00,5.858251955518822385e+00,5.995381260618963815e+00,6.255176731042019433e+00,6.442672669047039946e+00,6.759253937379400945e+00,6.840460273651059353e+00,7.102983312371971891e+00,7.606108085879663250e+00,7.756567717066129575e+00,7.959926853340149044e+00,8.446250501943120881e+00,9.710615490352301649e+00,1.020876845192666238e+01,1.080601599969979887e+01,1.179389448510124438e+01,1.228368610434804964e+01,1.288222855408107570e+01,6.596951803351947774e+01,6.996416299058273580e+01,7.118907826430971397e+01,7.457105660065944619e+01,7.700775334632814406e+01
2.953009873943898342e-02,-3.956494793167804147e+01,-3.472996039022976333e+01,-3.246444219977676937e+01,-2.933010581795512906e+01,-2.653220597128030889e+01,-1.610888802311950840e+01,-1.526896861767156821e+01,-1.424335431903208438e+01,-1.017384195567904470e+01,-9.621595606638884135e+00,-8.839237654593128823e+00,-8.517566526884886358e+00,-7.994197815136686813e+00,-7.827308766027362807e+00,-7.571406012156048249e+00,-7.480251946320193746e+00,-7.047068593486091714e+00,-6.632522218959194582e+00,-6.453232214003319811e+00,-6.207800382840114928e+00,-6.003941300970725869e+00,-5.860489337382366770e+00,-5.671811020539140102e+00,-5.495467015837427915e+00,-5.338862569420388837e+00,-5.160586741802779542e+00,-4.900379874676621839e+00,-4.713719346108065089e+00,-4.502043755087379751e+00,-4.356120217262768435e+00,-4.246217600445780782e+00,-3.935232717816418369e+00,-3.819377535775554833e+00,-3.686170102205070354e+00,-3.589861598433461420e+00,-3.368279856146254581e+00,-3.199956923576201984e+00,-3.127431667132691828e+00,-2.998375240569325584e+00,-2.847501492512501287e+00,-2.702651784604167773e+00,-2.653434324289048352e+00,-2.467667804569585233e+00,-2.413372112189692498e+00,-2.336033733167036441e+00,-2.185513131546652499e+00,-2.102447850832040110e+00,-1.966803835574275849e+00,-1.866669371410922373e+00,-1.733858637111460599e+00,-1.676381323933499479e+00,-1.527268447880406832e+00,-1.430841865195102258e+00,-1.228894380198301439e+00,-1.051961070819406929e+00,-9.824897087708359678e-01,-8.600563336675751680e-01,-6.549798324757580836e-01,-4.758848051403918311e-01,-2.693823613305899034e-01,2.984074756369948789e-01,5.765419573916822360e-01,6.204505321961588660e-01,7.552639568422624405e-01,9.757449858677016419e-01,1.158760563351549200e+00,1.250536700103643151e+00,1.413738839140019188e+00,1.567392656452000210e+00,1.596633924274167171e+00,1.803302625386114855e+00,1.890087188792865636e+00,2.013691418411916345e+00,2.182597381677382931e+00,2.230052557925834567e+00,2.318588799782468790e+00,2.375505701778856338e+00,2.487621414856810542e+00,2.604302474689505154e+00,2.673053246051666498e+00,2.837159217971865210e+00,2.946157103845862046e+00,3.130931765737021699e+00,3.217390184374680384e+00,3.463729127126113028e+00,3.640573542125681517e+00,3.770495394085929597e+00,3.883024196822268959e+00,3.988669643781115770e+00,4.176426056660460517e+00,4.317142102897631339e+00,4.498658243574095827e+00,4.593799341905389966e+00,4.828729126960287665e+00,4.873983815518269758e+00,5.264415543615581505e+00,5.337084393385462810e+00,5.649521505594829129e+00,5.838749399208850832e+00,6.000161452418647734e+00,6.259732356697329969e+00,6.463264258307926724e+00,6.736145326408202294e+00,6.804774563655104025e+00,7.112121623966028316e+00,7.624039932663562169e+00,7.781177219238447407e+00,8.009605372883049412e+00,8.508293105999547024e+00,9.622542907408917046e+00,1.019105889044450741e+01,1.084286986691266286e+01,1.181891055304492255e+01,1.226946423680772824e+01,1.292075766471888443e+01,6.594893272707362541e+01,7.000134251743234870e+01,7.120963906538040078e+01,7.460698091001741261e+01,7.702295468255036326e+01
3.068834006021371047e-02,-3.959323639091389424e+01,-3.474290266259679782e+01,-3.265753304886239050e+01,-2.937685724158936296e+01,-2.652173682295154933e+01,-1.597271399442026762e+01,-1.521528745262821047e+01,-1.418252442304565974e+01,-1.024172720734097197e+01,-9.681581283313468234e+00,-8.880080906580548827e+00,-8.515134118898316729e+00,-8.044136758521819530e+00,-7.834440196953209146e+00,-7.653196608179624327e+00,-7.530896485807208052e+00,-7.091964731167452740e+00,-6.716346060440429255e+00,-6.458732578577493832e+00,-6.267651139534337723e+00,-6.044585979339353266e+00,-5.883624247269624519e+00,-5.718590010336901841e+00,-5.545313172571193050e+00,-5.343619490273972872e+00,-5.168385299584592474e+00,-4.907523066023187219e+00,-4.729935433272376422e+00,-4.514020692457482831e+00,-4.420009945788115679e+00,-4.295378303069374404e+00,-3.984963967808506702e+00,-3.851248582124701780e+00,-3.711229644832729768e+00,-3.646845888476963005e+00,-3.393371880272640695e+00,-3.276070773285054472e+00,-3.183313296199249631e+00,-3.071869322227834598e+00,-2.883619900890992849e+00,-2.777510456059686828e+00,-2.689429162999254608e+00,-2.511833803064091875e+00,-2.432158041894957101e+00,-2.398196348019848045e+00,-2.238991352061737494e+00,-2.101279709377309235e+00,-2.004953343325478254e+00,-1.889214727946643357e+00,-1.779387495968044242e+00,-1.711524687692068669e+00,-1.564410195942887549e+00,-1.472727927167987394e+00,-1.282159593492479210e+00,-1.097306435273790681e+00,-1.038422570746401208e+00,-8.782911726988750223e-01,-7.127605476836335052e-01,-5.041778940292586109e-01,1.707892706792171478e-01,2.937452231250927692e-01,6.129599429253148601e-01,7.232894654512167509e-01,7.927625058800009672e-01,9.610430430496387233e-01,1.159714211139199591e+00,1.309462671355118069e+00,1.467268726388217370e+00,1.604810051861563114e+00,1.634320269646987400e+00,1.829724978774325939e+00,1.974108935563255729e+00,2.069196065051927658e+00,2.236871210248108532e+00,2.289522093023861338e+00,2.345461260080345944e+00,2.428260575851413083e+00,2.542567051304827519e+00,2.682000384046423047e+00,2.744119318904428617e+00,2.927556292002998717e+00,3.001212541265657396e+00,3.145239066025976804e+00,3.267963562209562411e+00,3.514815819242213646e+00,3.686433552035699002e+00,3.792371581536256198e+00,3.904314708895100239e+00,4.006274136511859929e+00,4.245964440547810526e+00,4.382526897226941109e+00,4.555487563866064349e+00,4.614793768263354856e+00,4.866623048737130475e+00,4.985982235758876335e+00,5.300804973813535881e+00,5.361642694395820641e+00,5.725199692310733113e+00,5.821214150787577424e+00,6.032895768489153099e+00,6.274641955002737248e+00,6.479037533622238776e+00,6.692076337140800746e+00,6.824167619450927091e+00,7.129403117046669180e+00,7.618134751727979825e+00,7.795340214226365028e+00,8.072505827702098458e+00,8.576759106617954487e+00,9.528946439554697889e+00,1.016494713165071317e+01,1.087141678185133031e+01,1.185148902428434781e+01,1.226410745969047689e+01,1.296897185274639419e+01,6.592534110342957376e+01,7.004379032196467847e+01,7.123470120792829618e+01,7.465121929134392076e+01,7.704180582978177938e+01
3.184658138098843405e-02,-3.962608037190065602e+01,-3.475796829568642465e+01,-3.287503001323012342e+01,-2.942875319779217236e+01,-2.652017293424462352e+01,-1.581918056171237374e+01,-1.516018094647118453e+01,-1.411051572765973994e+01,-1.032956151357867647e+01,-9.741048007524327090e+00,-8.935494092285914292e+00,-8.513766592741058403e+00,-8.132223707338061658e+00,-7.846203980310825443e+00,-7.725253165462694582e+00,-7.552902327814881467e+00,-7.152866093340326969e+00,-6.797402256272537358e+00,-6.460358162735543530e+00,-6.330525878516501948e+00,-6.084002221010649691e+00,-5.912746756210195187e+00,-5.752422924298194573e+00,-5.581163852769936540e+00,-5.341376251253262097e+00,-5.183096318116672485e+00,-4.917398561689156899e+00,-4.742011777696747643e+00,-4.527557901288001396e+00,-4.477530923559355891e+00,-4.337550755055215923e+00,-4.045654016522579610e+00,-3.911924408386862506e+00,-3.751035950748956349e+00,-3.690239199862848984e+00,-3.427035242943379245e+00,-3.334865113707643491e+00,-3.200226044427262551e+00,-3.135640128270180238e+00,-2.921525566941793883e+00,-2.858287834305717645e+00,-2.712919344945723843e+00,-2.565517148482763243e+00,-2.468665155930473531e+00,-2.418695546436415711e+00,-2.279944069594721512e+00,-2.137132449627993314e+00,-2.057461994605642275e+00,-1.904052263709231640e+00,-1.830559633694573307e+00,-1.760289616824140868e+00,-1.605948500409563273e+00,-1.471534167729061870e+00,-1.328483629859827042e+00,-1.158247564269815344e+00,-1.068015563549143510e+00,-9.089986010387313131e-01,-7.632437415036839035e-01,-5.332540769540742298e-01,2.232773901300368069e-01,3.831207649155116690e-01,6.576997743183178313e-01,8.028024063836413093e-01,8.534879374222673620e-01,9.611759972776573457e-01,1.189199440656909967e+00,1.368151446440878605e+00,1.507225901076957308e+00,1.620128283682465753e+00,1.697744017234033009e+00,1.867285757909789901e+00,2.012594332303637934e+00,2.123365363115859772e+00,2.272622438884825957e+00,2.331599053772473784e+00,2.395848351693791844e+00,2.502510969802790086e+00,2.605929604686023193e+00,2.746741435695023270e+00,2.817199529380228551e+00,2.978625363403839099e+00,3.085101097151473848e+00,3.153795685993549647e+00,3.317991171001946515e+00,3.568230646550722973e+00,3.704336521840123186e+00,3.797027097244375149e+00,3.946343123408232678e+00,4.042434368204444795e+00,4.313003431591329928e+00,4.434016050298335010e+00,4.593460814777457379e+00,4.657435174751452855e+00,4.898709520143404994e+00,5.096120906074057544e+00,5.335303398487687865e+00,5.385498927057001950e+00,5.757152977180927778e+00,5.806165687895765259e+00,6.085160720945742341e+00,6.300750244149908141e+00,6.500338079424085258e+00,6.650634282439590095e+00,6.875437552564751975e+00,7.153489009096320572e+00,7.599200833869104166e+00,7.798439050349229795e+00,8.146059816425754718e+00,8.639490581381153333e+00,9.433046267010594121e+00,1.013230642617800115e+01,1.088246323895435275e+01,1.189338248209332249e+01,1.227433952427477593e+01,1.302712103148802925e+01,6.589947499232555117e+01,7.009008650537371921e+01,7.126412792896401527e+01,7.470390438213303241e+01,7.706447629806848454e+01
3.300482270176316457e-02,-3.966324119559669015e+01,-3.477507973103134020e+01,-3.311312740236332530e+01,-2.948496710283898992e+01,-2.653033900106590082e+01,-1.565310261671219649e+01,-1.510573936683746332e+01,-1.402978931767281345e+01,-1.043168337373827192e+01,-9.802313011650570118e+00,-9.000582094255188181e+00,-8.514829879712063843e+00,-8.256051864865179724e+00,-7.879754946660007420e+00,-7.742310287080096387e+00,-7.570677946303024264e+00,-7.225369091784793696e+00,-6.865411771298723487e+00,-6.466578016160708486e+00,-6.377472176737202680e+00,-6.111685641168360661e+00,-5.965320799750611691e+00,-5.775087914924555754e+00,-5.602360016172174717e+00,-5.340468019913050313e+00,-5.199336534917746278e+00,-4.932416457921513953e+00,-4.747955563851262717e+00,-4.567719405702407087e+00,-4.504471332029745589e+00,-4.368673715189614448e+00,-4.110006490931886525e+00,-3.977226073238428139e+00,-3.820313746435902935e+00,-3.732295783350384255e+00,-3.457504998865299939e+00,-3.382682251493296377e+00,-3.204363851875927427e+00,-3.178917622515266661e+00,-2.970935797189659500e+00,-2.924195094141995632e+00,-2.743222616418149684e+00,-2.616107963180814178e+00,-2.495367238548893862e+00,-2.442703145770059869e+00,-2.309463675191179455e+00,-2.174260251526707322e+00,-2.120592470315892264e+00,-1.957794848571625446e+00,-1.874317401460147137e+00,-1.781258085088873955e+00,-1.645818838408352303e+00,-1.464928823644475298e+00,-1.362232268805048552e+00,-1.206771795705293249e+00,-1.100596980090595034e+00,-9.490673551350553572e-01,-7.945422678639605385e-01,-5.541170214428251528e-01,1.782676706250610199e-01,4.571139337870673836e-01,6.891997039052617513e-01,7.990149627498910334e-01,9.369002237387046295e-01,1.035244816953962310e+00,1.244499374983609297e+00,1.420586754663791362e+00,1.545677006039415158e+00,1.632494015663009890e+00,1.759904954957544065e+00,1.908888306620822428e+00,2.026360216504718093e+00,2.154320491864521792e+00,2.315969477297867840e+00,2.353592985172644703e+00,2.470254978023883385e+00,2.577077688394295407e+00,2.684100914226920764e+00,2.782789943089305051e+00,2.886507256774985208e+00,3.013482575016831255e+00,3.121746773058050373e+00,3.218819615402752188e+00,3.363371510538383458e+00,3.612843502716419852e+00,3.724027124278934675e+00,3.805370087987099748e+00,3.986112404426241707e+00,4.088357908491896175e+00,4.373886355250637514e+00,4.474252571745645390e+00,4.618667717877873891e+00,4.716785583865275910e+00,4.925556915267797820e+00,5.180575545519030989e+00,5.381959440368482284e+00,5.417206300837482225e+00,5.757264297692999300e+00,5.800112443428496967e+00,6.125771779961175945e+00,6.328488448902841235e+00,6.531032474075907146e+00,6.630483949415216571e+00,6.940165250619804382e+00,7.181221274172551183e+00,7.579744882202173351e+00,7.794070938892282641e+00,8.225626692561435860e+00,8.685140108042686435e+00,9.338461018006679382e+00,1.009543743340381994e+01,1.086771925246159043e+01,1.194634609214433496e+01,1.230593408663109578e+01,1.309529630728701655e+01,6.587205362546973220e+01,7.013884044693536168e+01,7.129768070558651516e+01,7.476513246301074389e+01,7.709117255379501898e+01
3.416306402253788815e-02,-3.970448298123768183e+01,-3.479418147773954928e+01,-3.336818696534062667e+01,-2.954481013877475348e+01,-2.655438782366979567e+01,-1.548166411267493103e+01,-1.505232219569532859e+01,-1.394462724484774618e+01,-1.053802598722226413e+01,-9.869783254760685409e+00,-9.069062802099773890e+00,-8.522630065882770722e+00,-8.388543748476182671e+00,-7.925526079246342448e+00,-7.728785015890491827e+00,-7.596201542967748743e+00,-7.288921459569558614e+00,-6.920038680919438967e+00,-6.489841196743819651e+00,-6.392791562063981914e+00,-6.130061386924264610e+00,-6.030854611195160864e+00,-5.799349499311037270e+00,-5.611990548544679491e+00,-5.353295640811927214e+00,-5.203078983493697685e+00,-4.954323785305900785e+00,-4.746558455562784218e+00,-4.626259201680992916e+00,-4.515792495968250719e+00,-4.384940073760025037e+00,-4.174308598621998101e+00,-4.037339229017199216e+00,-3.906311313124086748e+00,-3.776696431003928378e+00,-3.484337787534737885e+00,-3.434448556394146479e+00,-3.250644493134625002e+00,-3.163747484748610450e+00,-3.029923244460003495e+00,-2.969586467477541181e+00,-2.786262362209583898e+00,-2.654025223562022529e+00,-2.514986900819931037e+00,-2.488403011106123497e+00,-2.325755374623475813e+00,-2.220112688433355963e+00,-2.167755765984956895e+00,-2.026284495044895273e+00,-1.913839158601886137e+00,-1.787500670860262320e+00,-1.683669211969905488e+00,-1.473974266368539121e+00,-1.391326766086396161e+00,-1.238076633685547767e+00,-1.134851079010414709e+00,-9.852308845835332507e-01,-8.047257657831266009e-01,-5.806255922788403634e-01,1.058104838350541893e-01,4.982062591775112681e-01,6.667844570362263523e-01,8.253777871625759266e-01,1.018461362349378341e+00,1.122719333806145414e+00,1.316790757264371114e+00,1.453760298015328578e+00,1.605735164975171880e+00,1.644967081245362950e+00,1.813474882872872618e+00,1.934335202832290435e+00,2.049867524003508468e+00,2.169688855063366173e+00,2.341383612543803672e+00,2.394445757648312245e+00,2.520951263339766601e+00,2.668679947017845944e+00,2.756482953673201397e+00,2.808349539756243463e+00,2.935286929048261051e+00,3.041584582382145907e+00,3.152282632370762006e+00,3.292131392398045087e+00,3.408163507561110972e+00,3.642425543102338015e+00,3.758391955871012158e+00,3.841317619352116797e+00,4.015639578002475396e+00,4.133143736178746863e+00,4.418478638233205302e+00,4.515023727861833258e+00,4.643461435937941140e+00,4.776663991430916134e+00,4.945376267523216463e+00,5.229705436269052932e+00,5.426559470646715511e+00,5.481334323620239424e+00,5.744195054812618828e+00,5.805078037641381528e+00,6.149806749633345504e+00,6.349363116166582444e+00,6.551063564931563832e+00,6.645458117484651872e+00,7.008572516308832157e+00,7.203985398053905698e+00,7.574552980255954360e+00,7.786802744623837924e+00,8.306140586364312739e+00,8.704998590596137120e+00,9.249399425871001057e+00,1.005674626790520243e+01,1.082249261078147029e+01,1.201061183058715365e+01,1.236241889624712442e+01,1.317338119014272735e+01,6.584374836204924009e+01,7.018877922829905458e+01,7.133499751668550459e+01,7.483493388159423887e+01,7.712214128967123372e+01
3.532130534331261867e-02,-3.974958696752921128e+01,-3.481526892152921704e+01,-3.363678478471820910e+01,-2.960770517358299969e+01,-2.659377034137072116e+01,-1.531695391054016042e+01,-1.499631892824094237e+01,-1.386091287854205056e+01,-1.063623089732514693e+01,-9.946742451309592781e+00,-9.135011674599779141e+00,-8.566923728464260535e+00,-8.477550266343397922e+00,-7.975041551426569342e+00,-7.728582772366556775e+00,-7.622584057846268912e+00,-7.320796452330620596e+00,-6.966299293405393556e+00,-6.524077704792928145e+00,-6.384480952553293065e+00,-6.144996451200931631e+00,-6.094949117954720386e+00,-5.830815137440909623e+00,-5.617841966842923362e+00,-5.379449295602891645e+00,-5.193252768200254721e+00,-4.978467958970680840e+00,-4.742081182429833675e+00,-4.685063360751800410e+00,-4.532680050509400260e+00,-4.389091557104149999e+00,-4.240497142156601562e+00,-4.089196282039026187e+00,-3.988290427204192579e+00,-3.820696985351110353e+00,-3.522598842546479592e+00,-3.493794355089809844e+00,-3.297121900471728928e+00,-3.143334059968974081e+00,-3.079119780418014152e+00,-3.004987402755200154e+00,-2.840539577921580072e+00,-2.679347143185963454e+00,-2.569073399375821687e+00,-2.519432039655421285e+00,-2.331188256086143440e+00,-2.289626443587164051e+00,-2.192578488075943355e+00,-2.083417669170867459e+00,-1.943076941439900729e+00,-1.802882295473742458e+00,-1.714408343074220298e+00,-1.506375060037835167e+00,-1.416329169117223064e+00,-1.263247719597627716e+00,-1.158622418034780388e+00,-1.026751107275020169e+00,-7.981159282989733761e-01,-6.146036356137294376e-01,-4.834713851834653020e-02,5.190157542785793776e-01,6.263980992204556397e-01,8.871321041777673333e-01,1.071536409425628111e+00,1.207265062225546748e+00,1.395735341533397733e+00,1.472009779445763833e+00,1.654178440906133307e+00,1.696633883688246192e+00,1.853771892985780712e+00,1.940502258178737449e+00,2.090134313164084379e+00,2.183925757618253360e+00,2.358291859332642737e+00,2.427846665725923891e+00,2.567790212081527024e+00,2.747701955822548836e+00,2.794504542263861246e+00,2.858071741242741215e+00,2.960547244370620668e+00,3.081805262258419553e+00,3.199572429810779273e+00,3.336455678048809936e+00,3.464862772675899816e+00,3.664792412510669894e+00,3.792543040619420047e+00,3.915772713733743693e+00,4.036656235682962723e+00,4.173923419446901484e+00,4.439755423297990333e+00,4.564558432386072617e+00,4.668044556275124712e+00,4.830388536268167776e+00,4.961438146956824724e+00,5.253783312368857317e+00,5.467040907954608286e+00,5.567447441992591450e+00,5.733980617680781933e+00,5.815978926084711453e+00,6.164992178513479359e+00,6.367744240010868140e+00,6.561474008949301329e+00,6.676115260739166501e+00,7.073730735394301306e+00,7.213172947834451953e+00,7.594108226764258340e+00,7.781444188483085611e+00,8.382503284962428580e+00,8.694432365465544876e+00,9.169936788756871238e+00,1.001826263801238781e+01,1.074711931916269414e+01,1.208396992347812393e+01,1.244468104386899476e+01,1.326099394009830412e+01,6.581515752869724167e+01,7.023881614358543857e+01,7.137558347518871926e+01,7.491324105329492511e+01,7.715767318841723466e+01
3.647954666408734226e-02,-3.979836635867491879e+01,-3.483845752132779694e+01,-3.391567029418367696e+01,-2.967316358992156822e+01,-2.664926713873487429e+01,-1.518094557704843872e+01,-1.492571123124005616e+01,-1.378516423575785588e+01,-1.071364828149485326e+01,-1.003250887596548147e+01,-9.193897463728001540e+00,-8.658897236866792468e+00,-8.498933216640660149e+00,-8.028494230227055439e+00,-7.780015113997512444e+00,-7.616322578944608068e+00,-7.320318656162091209e+00,-7.007451493856320823e+00,-6.557616771112553700e+00,-6.368124850122628189e+00,-6.177269201794867826e+00,-6.132926301252380696e+00,-5.867625396392799786e+00,-5.627858898442756441e+00,-5.406287401165209339e+00,-5.184061969649111923e+00,-4.998417718664570408e+00,-4.746833217423187534e+00,-4.731006632209987295e+00,-4.558918815556927129e+00,-4.387185988113749602e+00,-4.315372837034345821e+00,-4.129812867942193044e+00,-4.052853500253722707e+00,-3.860486453115995698e+00,-3.592091859903544293e+00,-3.543542158773221651e+00,-3.339495288917080806e+00,-3.140343277026417912e+00,-3.105924282900772937e+00,-3.030911579818829527e+00,-2.902791675111068948e+00,-2.698518957787405359e+00,-2.641891338814053469e+00,-2.549577417196433604e+00,-2.359985782837660029e+00,-2.323089701837349974e+00,-2.235598572593521904e+00,-2.125891471295418000e+00,-1.952679260245832937e+00,-1.831756514514465861e+00,-1.735661259110986343e+00,-1.550400884540598767e+00,-1.449001931597482251e+00,-1.286815325520838105e+00,-1.173007135837642156e+00,-1.076345476858591166e+00,-8.071562746678910827e-01,-6.249395201868017669e-01,-1.415548999729986102e-01,5.067472184878183405e-01,6.348613974439181185e-01,9.345335044037876848e-01,1.104525760177812455e+00,1.288969541188580425e+00,1.438783406625581796e+00,1.518188218489360475e+00,1.687899574051093143e+00,1.774334884755053077e+00,1.881295832992829986e+00,1.953600015162642478e+00,2.118979566755208932e+00,2.209086069791906581e+00,2.377703194079800575e+00,2.454463504312907052e+00,2.607818199307320395e+00,2.767785496982956506e+00,2.844225954177963089e+00,2.909053718363709962e+00,3.003903151103502811e+00,3.123000530846205436e+00,3.255391882592696629e+00,3.372896412903507279e+00,3.523325693566707884e+00,3.684387620584060663e+00,3.834585635653960267e+00,4.002364156523501748e+00,4.054138057044013976e+00,4.213515590116033493e+00,4.447871973503029430e+00,4.610480325225775999e+00,4.696382453502196519e+00,4.871806798151021134e+00,4.982631133570181170e+00,5.264541690533287799e+00,5.514420061025620434e+00,5.641780071369860039e+00,5.739777210702515120e+00,5.833044435599829214e+00,6.175910301448117146e+00,6.388107664268484420e+00,6.578343845983222415e+00,6.697136801344621304e+00,7.124207871115782353e+00,7.218095154068056019e+00,7.631575693379272884e+00,7.784397127268750438e+00,8.448657707044295861e+00,8.655589819744150759e+00,9.102322717903311045e+00,9.980930638083961526e+00,1.064612727642633061e+01,1.216297797438220663e+01,1.255101127599741240e+01,1.335743821597797520e+01,6.578679101079521274e+01,7.028809256634326630e+01,7.141881891384078074e+01,7.499985619665021375e+01,7.719810696065732714e+01
3.763778798486207278e-02,-3.985068140261254399e+01,-3.486420599549503407e+01,-3.420153862350574059e+01,-2.974076996030037634e+01,-2.672105852958482330e+01,-1.509775755975008948e+01,-1.482839632393129037e+01,-1.372269005899942229e+01,-1.075938759457841876e+01,-1.012114099250414156e+01,-9.242625028687566413e+00,-8.738763555339589928e+00,-8.507722578956435910e+00,-8.085670362301376812e+00,-7.856783817402455128e+00,-7.592563136064693907e+00,-7.304892899584306321e+00,-7.043141720099459491e+00,-6.585504499979450088e+00,-6.356346747688309762e+00,-6.221473311987326227e+00,-6.145433549809356855e+00,-5.906044942811805143e+00,-5.644855017812068887e+00,-5.426811670038411251e+00,-5.186166165733294697e+00,-5.012714689933693180e+00,-4.788324418478452138e+00,-4.737452619214332472e+00,-4.591709011432818066e+00,-4.397300255577373918e+00,-4.384632055901193759e+00,-4.164087180396768062e+00,-4.096800572401735785e+00,-3.892895994692408657e+00,-3.671110817765900425e+00,-3.594562885339347424e+00,-3.380727290930174878e+00,-3.163297785402096274e+00,-3.115513095626160744e+00,-3.044196379253061302e+00,-2.969003573484782610e+00,-2.735135881369092026e+00,-2.699269948120934792e+00,-2.588201234975004539e+00,-2.416909210608123360e+00,-2.324252794737945216e+00,-2.288426274779991942e+00,-2.161191507031151371e+00,-1.948489099430551486e+00,-1.865088392944426188e+00,-1.751642556193142131e+00,-1.602846294559989948e+00,-1.484635642620746543e+00,-1.314159408624900216e+00,-1.210664751367720671e+00,-1.100393106964005829e+00,-8.483918609062455207e-01,-6.073572251131138522e-01,-2.119966882698203492e-01,4.499672591653054443e-01,7.064154571294842810e-01,9.359561577999658821e-01,1.146688357104593603e+00,1.359490373808586616e+00,1.442316112782318527e+00,1.589629133401992078e+00,1.738690850868333193e+00,1.818357381348172153e+00,1.916035243323061632e+00,1.985439025029382520e+00,2.130476894231510876e+00,2.239455227167160167e+00,2.413555712062164460e+00,2.483656781929650670e+00,2.621759685402896611e+00,2.780585558297971716e+00,2.877308663617928808e+00,2.973830561733519229e+00,3.046269370147886235e+00,3.167149721199460366e+00,3.316740335895882907e+00,3.417053389320823253e+00,3.573205846464350355e+00,3.705934081750162257e+00,3.881063782855055599e+00,4.071635112341912333e+00,4.083279445491398540e+00,4.256023770821717456e+00,4.452905704375414331e+00,4.641102913085694226e+00,4.736880322446721969e+00,4.899040437350222987e+00,5.015752909569312301e+00,5.270972081565620471e+00,5.565151881564462499e+00,5.677472745032916990e+00,5.775610805536458336e+00,5.863061068913080653e+00,6.185310031283027143e+00,6.408777710709252950e+00,6.605368629263093538e+00,6.706210186199062839e+00,7.141669232589443972e+00,7.244482935201611795e+00,7.667517474514742304e+00,7.803371654124565460e+00,8.492459691140226141e+00,8.602846564704089261e+00,9.046667859000265821e+00,9.943747101409622147e+00,1.052668685337036081e+01,1.224493050137931860e+01,1.267744784089250842e+01,1.346168230017607925e+01,6.575906329946130313e+01,7.033599058225698286e+01,7.146398637156438838e+01,7.509442161517038983e+01,7.724383320119346763e+01
3.879602930563680330e-02,-3.990645442580450464e+01,-3.489438828205742027e+01,-3.448993405598063333e+01,-2.981017465981565451e+01,-2.680881555272204153e+01,-1.506125613418014453e+01,-1.472465125012116260e+01,-1.367538931453361073e+01,-1.076682663792054129e+01,-1.020202060962275503e+01,-9.279196153721700924e+00,-8.795409385340438035e+00,-8.515885649346477848e+00,-8.144334053525748018e+00,-7.934439231673191095e+00,-7.566521362284461816e+00,-7.294187924368214837e+00,-7.070200337911573207e+00,-6.604814582378715215e+00,-6.365924944371460725e+00,-6.244190256048669951e+00,-6.155002639736265380e+00,-5.942868501673083337e+00,-5.666114538073295570e+00,-5.441944831705921359e+00,-5.198914917935013591e+00,-5.029181349402849222e+00,-4.827619891780313921e+00,-4.748303912809504368e+00,-4.624863261347701204e+00,-4.472694330878738356e+00,-4.386765287203798103e+00,-4.200222696153211643e+00,-4.125814891908272664e+00,-3.916856644699847845e+00,-3.740458580579093084e+00,-3.650565800678043260e+00,-3.425045624638243691e+00,-3.194845016701337137e+00,-3.131099304332753963e+00,-3.057893586138172637e+00,-3.028880268731884762e+00,-2.802415888587006965e+00,-2.731028377421142128e+00,-2.623113497583403841e+00,-2.475368037618193906e+00,-2.361230430395346414e+00,-2.308793133213711712e+00,-2.198498497354559600e+00,-1.939526128634106783e+00,-1.896154914525701729e+00,-1.765621841667601499e+00,-1.664166070917741269e+00,-1.513806736209641679e+00,-1.350855082513814809e+00,-1.263812580450100365e+00,-1.106978850896092492e+00,-8.985225060750398063e-01,-5.933979655106448314e-01,-2.487221806535115931e-01,3.632342704602795069e-01,8.040157174602927670e-01,9.017190839804751779e-01,1.200843342192275287e+00,1.402110253518961125e+00,1.447740003602571157e+00,1.639110291181242296e+00,1.792409753327929733e+00,1.852047080361433062e+00,1.953909829664554509e+00,2.027652630660718991e+00,2.142657216504270767e+00,2.264887722839827866e+00,2.467880455191211020e+00,2.521038476264583217e+00,2.611673768920631300e+00,2.806693725496970160e+00,2.907925877040625995e+00,3.028694813763959548e+00,3.079744505220749495e+00,3.219033683456522965e+00,3.379195755539467161e+00,3.465778010017039446e+00,3.614924195594844125e+00,3.734446482538452017e+00,3.920196782136335045e+00,4.101720885287884144e+00,4.144258287696122700e+00,4.300926289379519929e+00,4.460756047170055361e+00,4.662902562769983383e+00,4.787367041068026907e+00,4.921945316425007100e+00,5.057246377012343252e+00,5.280112737396211564e+00,5.610569306781865606e+00,5.693667683952215341e+00,5.809439148929696373e+00,5.916437178121805474e+00,6.197836864127582501e+00,6.424112951500475788e+00,6.639694491357889028e+00,6.712941573711546539e+00,7.140060226236144558e+00,7.283214600536630279e+00,7.691989158079977074e+00,7.837443207248417032e+00,8.474823900168788171e+00,8.581117077652697489e+00,9.003445494053375242e+00,9.902725015680072573e+00,1.039822336415760695e+01,1.232850629183872648e+01,1.281879868654084653e+01,1.357238004927659247e+01,6.573229330021248984e+01,7.038211892612368104e+01,7.151031309706412742e+01,7.519639579025246690e+01,7.729529724276372349e+01
3.995427062641152688e-02,-3.996568452705479757e+01,-3.494277003449570174e+01,-3.476473806474622563e+01,-2.988109257080160575e+01,-2.691179869370540700e+01,-1.505212231022660951e+01,-1.464835569240875301e+01,-1.364110138525565930e+01,-1.073614639712212160e+01,-1.026153951057858471e+01,-9.302827459730561799e+00,-8.831193629286344660e+00,-8.524572756880639091e+00,-8.199971375963793108e+00,-8.006077904758537755e+00,-7.541233845337679931e+00,-7.301993511369970768e+00,-7.086793178125907033e+00,-6.615595532518747213e+00,-6.395141698312968970e+00,-6.250421160254998831e+00,-6.159715176707737605e+00,-5.977154647495683371e+00,-5.687241402780070842e+00,-5.455510555192860878e+00,-5.215389820951428668e+00,-5.056950336299709470e+00,-4.869250973097053681e+00,-4.768389738235049968e+00,-4.655683937106724457e+00,-4.526711634063687484e+00,-4.397184956310138837e+00,-4.236530202791829680e+00,-4.151593829801996982e+00,-3.934420788281084214e+00,-3.791370655205264395e+00,-3.706667047250018943e+00,-3.476496970481284698e+00,-3.231576175010880014e+00,-3.160050348079785021e+00,-3.102471530652383791e+00,-3.059829887163579620e+00,-2.864672225248480864e+00,-2.764573822020230942e+00,-2.652181950943352629e+00,-2.531275019691206385e+00,-2.415634817186026240e+00,-2.317420151580336540e+00,-2.243445136799619988e+00,-1.935999322636765996e+00,-1.921270183829651534e+00,-1.788373594260078692e+00,-1.710084900092580185e+00,-1.544702778553854072e+00,-1.389753866657015280e+00,-1.297514293383940309e+00,-1.137319584076928125e+00,-9.468626226704485171e-01,-5.934969510412443361e-01,-2.686587647745423690e-01,3.045784058800741767e-01,8.475006400471835066e-01,9.114728683301246415e-01,1.256982099783799489e+00,1.388207363043018727e+00,1.479225625946309242e+00,1.656443090190159451e+00,1.839552121198475776e+00,1.910720691330666021e+00,1.979158543144510674e+00,2.061342193021319158e+00,2.166934588587770438e+00,2.294866511125691844e+00,2.517989489623412958e+00,2.575140821076425723e+00,2.596748327494281749e+00,2.838230594559285169e+00,2.942787670338417261e+00,3.054729477601945131e+00,3.128389956071303324e+00,3.270543463503262860e+00,3.430329912002062276e+00,3.514962145297946261e+00,3.653166613458313616e+00,3.771430044872027931e+00,3.952774810860983035e+00,4.124346885927326234e+00,4.207964121787672873e+00,4.336606747110477222e+00,4.477907190947236771e+00,4.685021246803787065e+00,4.842243729714417633e+00,4.953116075413227293e+00,5.101153170311054197e+00,5.297053915665793866e+00,5.640680603329597531e+00,5.715474521245766049e+00,5.824821921145047376e+00,5.982121743511441103e+00,6.220673691523724180e+00,6.430515545127439836e+00,6.672629369245280273e+00,6.731277585332245295e+00,7.138735982785004985e+00,7.315700219330656395e+00,7.709710664754921616e+00,7.873444215725284856e+00,8.406929710646918963e+00,8.587847052081436061e+00,8.974171856772079181e+00,9.849585641725427720e+00,1.027359693802208618e+01,1.241324714885458391e+01,1.296985327559671397e+01,1.368793351664632141e+01,6.570670917715749226e+01,7.042627921143807157e+01,7.155702160797804368e+01,7.530503871847214725e+01,7.735299966839014019e+01
4.111251194718625740e-02,-4.002846154101403897e+01,-3.512315592456786817e+01,-3.490998186584901930e+01,-2.995330570577451823e+01,-2.702895479430939929e+01,-1.506041903071542976e+01,-1.461965790377029784e+01,-1.361678362851163904e+01,-1.067566930172973905e+01,-1.028504149654654753e+01,-9.314383185967425760e+00,-8.850955343411863296e+00,-8.532841757112446857e+00,-8.245873318810769348e+00,-8.070809550188348780e+00,-7.517766659088877645e+00,-7.329164525545596831e+00,-7.097853064545053492e+00,-6.624575369654751356e+00,-6.422178278577202803e+00,-6.262797309305934590e+00,-6.153617391544687010e+00,-6.009491558435581027e+00,-5.705526859535759776e+00,-5.471574793943213777e+00,-5.230227186513093152e+00,-5.096206043600523650e+00,-4.924512586213003473e+00,-4.792567871365204013e+00,-4.686650268572550182e+00,-4.553390209315475445e+00,-4.417904490082140256e+00,-4.269290030411938552e+00,-4.178440711933853358e+00,-3.951189128084906965e+00,-3.823596809502787686e+00,-3.756243155550597734e+00,-3.535802803121329774e+00,-3.275881814569437722e+00,-3.210773259388446377e+00,-3.139536849133313989e+00,-3.098754178028782391e+00,-2.919538570968171154e+00,-2.787885657522697347e+00,-2.685894678328715202e+00,-2.573203067370086750e+00,-2.470205045941738398e+00,-2.350391461931255144e+00,-2.279787644605685060e+00,-1.962302788421211197e+00,-1.927894366116733149e+00,-1.836674757786529444e+00,-1.704295534358886366e+00,-1.586378847821571014e+00,-1.416233254716298129e+00,-1.304064146162779103e+00,-1.201874109861441831e+00,-9.937313538240269972e-01,-6.121376498292734336e-01,-3.582192300388077899e-01,4.186323960761011986e-01,7.975181090929518435e-01,9.993813684223329386e-01,1.291513183980328661e+00,1.356219661533039300e+00,1.508771107044776905e+00,1.676576921065245251e+00,1.881418929686215158e+00,1.951028708676333379e+00,2.006731425296782945e+00,2.088671333758136850e+00,2.202903492336648839e+00,2.333118858218210079e+00,2.547765193794529370e+00,2.580064216623752404e+00,2.652622742627772201e+00,2.868405743102454775e+00,2.984046514870124955e+00,3.075130689617803448e+00,3.175899294789261251e+00,3.319388133188510004e+00,3.458222927228855159e+00,3.559968304752341162e+00,3.699556579644398990e+00,3.809115396129389097e+00,3.993493117497990852e+00,4.136951456552009354e+00,4.273449924137635136e+00,4.355736596463789745e+00,4.509623075172014772e+00,4.708723672266149407e+00,4.898259495681849707e+00,4.999475271970312384e+00,5.144869916916396946e+00,5.325440788892949584e+00,5.652317597316151243e+00,5.741943358100413342e+00,5.834411489021958275e+00,6.042614428916870395e+00,6.257865747812663137e+00,6.432309743448809236e+00,6.698937411377674067e+00,6.764269486323748026e+00,7.141225280901912775e+00,7.339654729660837873e+00,7.721989443768016770e+00,7.900320411663622977e+00,8.338624606426494168e+00,8.588244879157283407e+00,8.957509219965157143e+00,9.772441011797400989e+00,1.016901674008135537e+01,1.249894859329964270e+01,1.312607875261732104e+01,1.380658479355248325e+01,6.568245667773753382e+01,7.046842166949909370e+01,7.160337921078574652e+01,7.541940980817719264e+01,7.741749248777186665e+01
4.227075326796098792e-02,-4.009497868089993489e+01,-3.540450940496883447e+01,-3.495468589833792095e+01,-3.002666789353935073e+01,-2.715900565224446694e+01,-1.508160990493534115e+01,-1.464332268106211288e+01,-1.360361518577817108e+01,-1.060002417588573032e+01,-1.026017699540601491e+01,-9.316394404801187079e+00,-8.860090749345999939e+00,-8.539199934976936746e+00,-8.273397582001932093e+00,-8.129571190181142271e+00,-7.497495021195677900e+00,-7.367577623258552144e+00,-7.110112515029395119e+00,-6.642657299972128726e+00,-6.435458745254800661e+00,-6.282368638680984496e+00,-6.142472778818516943e+00,-6.037586124156942624e+00,-5.720864117782984870e+00,-5.495005393834339280e+00,-5.243141469036534552e+00,-5.139026100601012281e+00,-4.991699295099961908e+00,-4.822295787477821172e+00,-4.713665615969666156e+00,-4.564475507434500479e+00,-4.447425176065038954e+00,-4.298334628192503004e+00,-4.201130955561565905e+00,-3.975732124526394795e+00,-3.849081134924456915e+00,-3.787822273856131794e+00,-3.599110111173372761e+00,-3.339164466341067783e+00,-3.265644259662116244e+00,-3.169314700731186818e+00,-3.141872802223364847e+00,-2.981365278956813913e+00,-2.793612971892605934e+00,-2.728327295521737472e+00,-2.597048567030726840e+00,-2.523412840455423023e+00,-2.412427447820733040e+00,-2.294185786262215920e+00,-2.006632001169975421e+00,-1.938528363331168736e+00,-1.873638061312897785e+00,-1.684707429628391706e+00,-1.621841858129113634e+00,-1.432042232642609436e+00,-1.310238455477650055e+00,-1.257149362248330515e+00,-1.042543736043242353e+00,-6.588154471345377683e-01,-4.223490613361904900e-01,5.721597483881530888e-01,7.494314821526175674e-01,1.057073762115485316e+00,1.247833853278360827e+00,1.385302796380908585e+00,1.535226369682858527e+00,1.717185888569373597e+00,1.905248838693368585e+00,1.944003952350038089e+00,2.048996827856336189e+00,2.130815404540199243e+00,2.242581049926648085e+00,2.373140197691071762e+00,2.536430813010380536e+00,2.608933028200777660e+00,2.717814487298472415e+00,2.895331210610978978e+00,3.032501514745387983e+00,3.100532203006219234e+00,3.210626204634377867e+00,3.362916160419318068e+00,3.468820751625842469e+00,3.601649921111171437e+00,3.753570902612981097e+00,3.842480233132258949e+00,4.050068525878470105e+00,4.146817634924476970e+00,4.317404945484490497e+00,4.377559626110593349e+00,4.555063477981751596e+00,4.733225007155718700e+00,4.949092198138345111e+00,5.062254677077402398e+00,5.188887638816796155e+00,5.366663730533955956e+00,5.646767930444810624e+00,5.763317630946756864e+00,5.855093566351536438e+00,6.090610118029766262e+00,6.299508551017879654e+00,6.444466658926514491e+00,6.723758159033194737e+00,6.798150610631127577e+00,7.145140365361705825e+00,7.361293151756010289e+00,7.721709965466984293e+00,7.913278361142422668e+00,8.290252069707259253e+00,8.584359991218756036e+00,8.946867924685044215e+00,9.665510564811063077e+00,1.009514484899568920e+01,1.258534733144950124e+01,1.328377388119628755e+01,1.392651861295491145e+01,6.565960963677754592e+01,7.050859916897067592e+01,7.164873862561272233e+01,7.553838128428388643e+01,7.748936829818404703e+01
4.342899458873571844e-02,-4.016554291347645034e+01,-3.569393708833575829e+01,-3.498983693217506641e+01,-3.010111012201844005e+01,-2.730052439200240499e+01,-1.511278989623982483e+01,-1.471202511492296949e+01,-1.360747304213307629e+01,-1.052259443159928409e+01,-1.018464160419233622e+01,-9.312530848152874796e+00,-8.863727902556737703e+00,-8.543085811279993891e+00,-8.274579146170429667e+00,-8.181409542830301973e+00,-7.482544788019177773e+00,-7.408333226592209719e+00,-7.125407331328449168e+00,-6.672081745388735996e+00,-6.441450934535069450e+00,-6.303035985027324095e+00,-6.136525965739972222e+00,-6.052341343578506283e+00,-5.734723147745045324e+00,-5.530795920830827050e+00,-5.264175576086652875e+00,-5.174236012773985927e+00,-5.055945508347156725e+00,-4.862108090638489699e+00,-4.733477542365763568e+00,-4.575704954357618703e+00,-4.478872813734031233e+00,-4.328187330841382519e+00,-4.211883157182930937e+00,-4.015043712255057073e+00,-3.882209116487465916e+00,-3.793666622780067055e+00,-3.659695708416277338e+00,-3.423538470606378059e+00,-3.317530347783417266e+00,-3.196134618167079999e+00,-3.172827878205577434e+00,-3.048868335652787032e+00,-2.809780230803830214e+00,-2.761718422495508474e+00,-2.620291952962639836e+00,-2.566178459948261992e+00,-2.468205705057707533e+00,-2.304168881505236577e+00,-2.058777027004805582e+00,-1.957696626072025659e+00,-1.888855637361138484e+00,-1.707903629596393191e+00,-1.610664208640071982e+00,-1.456094705293876856e+00,-1.359807912727249324e+00,-1.240269816410882298e+00,-1.079245338948706445e+00,-7.312186374228623054e-01,-4.279711000421777545e-01,6.277884289709134702e-01,7.608934985630885217e-01,1.047189867449689560e+00,1.229596109342033117e+00,1.423831552977884884e+00,1.568651169756853037e+00,1.767495690456038160e+00,1.888325132255408434e+00,1.939044509052818777e+00,2.087420494832707973e+00,2.183395991006087389e+00,2.280366514652848675e+00,2.410046014632196254e+00,2.515314869482593974e+00,2.650070321189151645e+00,2.768582278817728781e+00,2.920002611540689408e+00,3.075163162752409640e+00,3.136328949779166209e+00,3.230905949087607087e+00,3.390923018424230051e+00,3.488370753475821040e+00,3.644598478031091382e+00,3.795907380677375986e+00,3.883817934295057839e+00,4.108825934461739493e+00,4.165033476422088654e+00,4.328427323339412602e+00,4.417879129374493452e+00,4.613720904700649328e+00,4.757672287667175759e+00,4.989051639064861376e+00,5.136950277266105758e+00,5.235387662463129033e+00,5.418188047643466732e+00,5.627805865873834357e+00,5.784579432651974606e+00,5.889607250903687863e+00,6.124849692058121242e+00,6.324730982310432736e+00,6.485831454207827029e+00,6.748665494798552267e+00,6.822723882946045038e+00,7.145798726597705652e+00,7.389284216146243089e+00,7.701494590328332279e+00,7.912150786135583758e+00,8.274763737933474417e+00,8.583851665419377497e+00,8.933295962330241480e+00,9.539462245521098893e+00,1.004761760741755161e+01,1.267201315384711613e+01,1.343996262097498651e+01,1.404595873195947142e+01,6.563818162155848768e+01,7.054692592081987357e+01,7.169256504794391560e+01,7.566066940558887666e+01,7.756923930933311340e+01
4.458723590951044896e-02,-4.024058156424068500e+01,-3.598085310392742997e+01,-3.502418991306220164e+01,-3.017664549838887567e+01,-2.745199782739146954e+01,-1.515153522674215303e+01,-1.481285136462168950e+01,-1.363396688208796093e+01,-1.044992143526631700e+01,-1.007055844401981304e+01,-9.307154489800334218e+00,-8.865106487393349610e+00,-8.544395323725565206e+00,-8.272161072136807292e+00,-8.196999405832473329e+00,-7.477579251289155238e+00,-7.440788250164759532e+00,-7.142224528553390073e+00,-6.705614964125793165e+00,-6.453041772322541725e+00,-6.325303911273258528e+00,-6.141956162634865102e+00,-6.043540462720022433e+00,-5.748585565052838575e+00,-5.580505792946548027e+00,-5.310559291341749422e+00,-5.200449622522961945e+00,-5.094037947710746472e+00,-4.910357004018094607e+00,-4.749293496222141364e+00,-4.597429416284043668e+00,-4.503244037651717768e+00,-4.361594997232255189e+00,-4.209780436334389364e+00,-4.069992058051137285e+00,-3.917921696718241087e+00,-3.790999889991553129e+00,-3.710350025887837688e+00,-3.514493121705814183e+00,-3.372449440098824969e+00,-3.223631821404056463e+00,-3.185824746678543651e+00,-3.109085007801513978e+00,-2.859813301609801961e+00,-2.771338400633875043e+00,-2.667813718422424873e+00,-2.589576701272557013e+00,-2.493766796897768590e+00,-2.314625959588297199e+00,-2.101717372657224026e+00,-1.990771217840086260e+00,-1.895142272860025567e+00,-1.740841002624460954e+00,-1.597148600790464501e+00,-1.499475341146445206e+00,-1.371116897497751230e+00,-1.253810844630301791e+00,-1.053341703603400736e+00,-8.063990504519998881e-01,-3.989471365672694336e-01,5.688102999419600847e-01,8.144922191752769214e-01,1.011217027590291861e+00,1.254887632121142849e+00,1.453049347684403747e+00,1.606678825493265572e+00,1.814720703443235328e+00,1.848493215821179536e+00,1.936476074741139364e+00,2.127307070674427258e+00,2.229151038633542470e+00,2.313815536977174236e+00,2.443629569455937123e+00,2.497807388687230734e+00,2.693677123924902439e+00,2.805351394972387613e+00,2.939217208504076861e+00,3.092543637025105596e+00,3.183932832609833063e+00,3.247618642415731394e+00,3.408975788147839303e+00,3.523390431082700225e+00,3.690045079799595840e+00,3.820881399493272657e+00,3.938652924623837759e+00,4.142389122625099951e+00,4.205112277884931693e+00,4.339260254841811992e+00,4.459124061072616385e+00,4.680594302497653736e+00,4.782529490156269603e+00,5.018443279681089386e+00,5.214649068329978654e+00,5.285858872904151795e+00,5.470833148741720997e+00,5.611680804517558130e+00,5.812383120411252158e+00,5.929313420418888647e+00,6.145875626051250151e+00,6.333898531280628852e+00,6.550753183571642602e+00,6.772052724264164603e+00,6.835925368597211893e+00,7.139503650687441194e+00,7.428014527162117631e+00,7.664127034567720820e+00,7.901645636916626358e+00,8.294093575921628769e+00,8.590696226376113742e+00,8.908522701089673035e+00,9.413358684503323914e+00,1.001577325959409670e+01,1.275832801303024766e+01,1.359222313748897193e+01,1.416324713288035397e+01,6.561813791572396326e+01,7.058354428243953294e+01,7.173444860650086241e+01,7.578488463861690150e+01,7.765770340260584703e+01
4.574547723028517948e-02,-4.032064288171667954e+01,-3.626199166982841859e+01,-3.505922903058565510e+01,-3.025337301796303180e+01,-2.761187471806488603e+01,-1.519582580621915646e+01,-1.493261921173967544e+01,-1.368445633907824011e+01,-1.038851500416702045e+01,-9.934558969119228422e+00,-9.304837450904702933e+00,-8.865319212085713829e+00,-8.540183283401594494e+00,-8.316003748782371474e+00,-8.129091086655593656e+00,-7.490350578333651477e+00,-7.449240759587323346e+00,-7.158800824462869805e+00,-6.736239023189247277e+00,-6.473686206758256567e+00,-6.351255101852964380e+00,-6.157024048150248952e+00,-6.015049578136581587e+00,-5.763465278252938973e+00,-5.640439645943475355e+00,-5.382618434019458498e+00,-5.225921840718569022e+00,-5.103296461268645778e+00,-4.959694263804299119e+00,-4.763869398547893930e+00,-4.629605522530853889e+00,-4.520755689672040667e+00,-4.395479785079526636e+00,-4.202312499941176505e+00,-4.135049221765877192e+00,-3.950856592377996801e+00,-3.806145583288012446e+00,-3.739379209155412553e+00,-3.596466697815943636e+00,-3.432221928086739204e+00,-3.257848958169304421e+00,-3.181583848057543129e+00,-3.149518412703582015e+00,-2.917626671415709971e+00,-2.782212953730543337e+00,-2.722390472860264587e+00,-2.608078152868984922e+00,-2.499218336120288875e+00,-2.319781846825536231e+00,-2.127962715819991413e+00,-2.039344000651688749e+00,-1.902797285906768776e+00,-1.767682739457256735e+00,-1.611419652279043158e+00,-1.519235284554171894e+00,-1.396212727085674121e+00,-1.255729297035516501e+00,-1.005867133999257090e+00,-8.457377393270588684e-01,-3.595605464632565251e-01,4.991623252453465387e-01,7.973037028332958798e-01,1.025319058874306632e+00,1.283739837636322045e+00,1.473582170436043226e+00,1.638343547319553561e+00,1.799386876450262296e+00,1.855679906118939959e+00,1.935597184086108147e+00,2.162810580472572131e+00,2.263507850629736584e+00,2.341975493954226994e+00,2.474026862296039742e+00,2.491511756001520972e+00,2.736147299337754912e+00,2.831716229984553301e+00,2.946357088147981251e+00,3.094536412547911564e+00,3.218492427430007741e+00,3.280468669207119881e+00,3.435800980009872774e+00,3.558025199124378091e+00,3.732459332202604507e+00,3.845345760252055101e+00,3.994593156717288984e+00,4.162882724017162417e+00,4.240754635821011753e+00,4.369328789675607894e+00,4.502517473531747250e+00,4.735699221861897179e+00,4.819536368410540561e+00,5.040992765733040670e+00,5.287293529763160471e+00,5.340279061251848702e+00,5.502792068573969075e+00,5.625134594962102774e+00,5.847500727467102699e+00,5.966330075655815968e+00,6.157831221693497170e+00,6.337856474648889460e+00,6.620140565758393159e+00,6.792402059142137460e+00,6.841786484115682576e+00,7.126344798836076855e+00,7.472892763275524430e+00,7.624664054639524124e+00,7.889289950251371586e+00,8.339627459453627267e+00,8.604793701760147684e+00,8.866763315939513390e+00,9.304408873411103897e+00,9.992079691910250361e+00,1.284350037986522075e+01,1.373852924224058292e+01,1.427690167291357781e+01,6.559940723711231669e+01,7.061860052001433985e+01,7.177410402289598323e+01,7.590959979713235839e+01,7.775529604774936843e+01
4.690371855105991000e-02,-4.040638737130488067e+01,-3.653513875116779275e+01,-3.509542053257882799e+01,-3.033147943725180440e+01,-2.777860105010235614e+01,-1.524485057003438904e+01,-1.505924318150493768e+01,-1.375599553661694863e+01,-1.034735664946440004e+01,-9.792186140341863521e+00,-9.307113411334759334e+00,-8.867436883256754498e+00,-8.525959076563774275e+00,-8.369547027682788354e+00,-8.026729081561688517e+00,-7.501480165614146323e+00,-7.440656421979481294e+00,-7.173582534622396700e+00,-6.760515770656087220e+00,-6.500446554528592102e+00,-6.377104556476510311e+00,-6.179626933125678789e+00,-5.980169659543294713e+00,-5.781180257846564530e+00,-5.703031743881474824e+00,-5.465343077027520202e+00,-5.248866301740920726e+00,-5.119952450304629643e+00,-4.993119271486765598e+00,-4.777849439591064673e+00,-4.664374483999838006e+00,-4.539757639291708280e+00,-4.425313293584460794e+00,-4.208277557330813323e+00,-4.192555619708263848e+00,-3.978700765206837353e+00,-3.847804345644702639e+00,-3.752362194570473708e+00,-3.652272176463604136e+00,-3.496570986742232989e+00,-3.293226698936726482e+00,-3.190203007441456240e+00,-3.146566651359977040e+00,-2.972001120060589585e+00,-2.797949693587589604e+00,-2.769861872910437395e+00,-2.623187112586241376e+00,-2.506048507434487149e+00,-2.314931476533845345e+00,-2.141091513719744821e+00,-2.093276158678392562e+00,-1.918112650368705374e+00,-1.793997516433909922e+00,-1.638957387764155449e+00,-1.529487241593123548e+00,-1.431249521487517606e+00,-1.214849132928146558e+00,-1.027328138177650674e+00,-8.023269924897445948e-01,-3.157320731253253632e-01,4.593654969592623205e-01,7.609529146409848011e-01,1.049785243090472386e+00,1.300736057072807261e+00,1.486599598211794993e+00,1.651211543672093107e+00,1.765959768892071846e+00,1.861960192506792788e+00,1.956108092955269440e+00,2.181200513778371874e+00,2.289790810978753033e+00,2.368450623632946783e+00,2.485233430177633984e+00,2.515710701275378103e+00,2.771773755184568255e+00,2.847011446128405954e+00,2.946458033304030888e+00,3.097262307960415573e+00,3.241371720210783014e+00,3.318926872270764328e+00,3.476668347816249227e+00,3.586867986718906387e+00,3.761150056188785840e+00,3.883038471385807267e+00,4.043709042714240809e+00,4.183223189335521397e+00,4.265771379330931090e+00,4.411511902890484116e+00,4.553108586353592280e+00,4.758713582832919897e+00,4.882399858389179670e+00,5.061656383645172674e+00,5.349633521802402925e+00,5.398157806392203995e+00,5.507382214709731549e+00,5.672345247374030563e+00,5.889716245412033757e+00,5.992141695549075386e+00,6.171822584813750900e+00,6.336735077831708196e+00,6.680810265173327878e+00,6.809067493458297982e+00,6.849053088064681383e+00,7.109809642735005930e+00,7.505892113593682247e+00,7.608981873474766289e+00,7.881352084637359923e+00,8.400955476201913186e+00,8.623399705360730749e+00,8.809618041164887003e+00,9.222737195770351448e+00,9.972706792057161707e+00,1.292659692621934475e+01,1.387712412868108025e+01,1.438565225711668560e+01,6.558189274399906310e+01,7.065222874498672923e+01,7.181136082530423437e+01,7.603343164999228065e+01,7.786243035365799869e+01
4.806195987183463358e-02,-4.049856587053847079e+01,-3.679837744819762690e+01,-3.513296677495097242e+01,-3.041123855011742094e+01,-2.795064429620932955e+01,-1.530248751518198169e+01,-1.517844492279698798e+01,-1.384327154806312521e+01,-1.033155100943069016e+01,-9.666941335557053705e+00,-9.303698521914618880e+00,-8.879119275010340928e+00,-8.509361245246020999e+00,-8.410571389724427860e+00,-7.922871594369749637e+00,-7.498919670894879097e+00,-7.412289291987762319e+00,-7.181868332933774468e+00,-6.778844978736587201e+00,-6.529527821581811331e+00,-6.396600100979302539e+00,-6.208374576507649678e+00,-5.954879345960386594e+00,-5.807950325397237989e+00,-5.755641067782507392e+00,-5.542298171417376018e+00,-5.271723424980744532e+00,-5.165003657092591460e+00,-5.002796476659264968e+00,-4.792352800107225974e+00,-4.694792745261446854e+00,-4.563087892212367436e+00,-4.448903122457781301e+00,-4.270706571350022962e+00,-4.199792138883699621e+00,-4.000206774491615214e+00,-3.894146348759597309e+00,-3.782358437098426229e+00,-3.666881708225529390e+00,-3.560764931317065951e+00,-3.326193314524069411e+00,-3.214293912976695644e+00,-3.113677597385016149e+00,-3.013681587613592061e+00,-2.825853143483768815e+00,-2.793988653628187713e+00,-2.642926862447273262e+00,-2.508738632193610485e+00,-2.312189751596606779e+00,-2.163427446083554972e+00,-2.122087171869693201e+00,-1.941689817118697592e+00,-1.818930456816723273e+00,-1.681476867219484417e+00,-1.548106151473916281e+00,-1.427454382382585818e+00,-1.175837923591783074e+00,-1.065220615246976088e+00,-7.425083930177689417e-01,-2.699515736610331174e-01,4.805848040496142337e-01,7.484282300642128849e-01,1.052803167112273508e+00,1.298809807719898402e+00,1.489929100745842172e+00,1.637614276727303197e+00,1.753315550998045591e+00,1.852415565577018031e+00,1.988737874413365025e+00,2.179491838763143896e+00,2.308615025146392608e+00,2.396927588414472066e+00,2.494965174742224345e+00,2.551597651890646912e+00,2.791355921781689453e+00,2.851029696264089530e+00,2.959633617925466531e+00,3.102775769040756693e+00,3.264365110762726285e+00,3.351067168252476858e+00,3.523198221268238672e+00,3.611568942894481271e+00,3.778416817049965903e+00,3.930490981081727231e+00,4.085276575417668532e+00,4.199952505730069063e+00,4.298428117687072003e+00,4.450973061277059273e+00,4.608642004393010971e+00,4.765466740533716994e+00,4.949425120113913223e+00,5.087472851797167017e+00,5.396755110400910382e+00,5.460015284154017046e+00,5.507716159136125000e+00,5.723832388726900255e+00,5.937340651731060959e+00,6.002296299527444923e+00,6.198759431053126434e+00,6.327343715043175720e+00,6.722577447274303175e+00,6.819713048307146863e+00,6.871578629024798879e+00,7.095216482940936764e+00,7.508038292391630009e+00,7.638692095777892099e+00,7.881201550683835322e+00,8.469264889553956621e+00,8.639997900904162975e+00,8.753266589696641731e+00,9.168159354057861421e+00,9.956047360998246276e+00,1.300658338166238437e+01,1.400642811162781243e+01,1.448845700620131716e+01,6.556548201206196325e+01,7.068454148362565093e+01,7.184614781019242002e+01,7.615512690574720978e+01,7.797933242438659818e+01
4.922020119260935717e-02,-4.059798007142744325e+01,-3.704994188028089752e+01,-3.517197111569136325e+01,-3.049300709431069833e+01,-2.812650912348264498e+01,-1.538363127881602566e+01,-1.526700979282777659e+01,-1.394041816197012373e+01,-1.033982150640609632e+01,-9.598611681013451857e+00,-9.266663499359884426e+00,-8.907218279980034126e+00,-8.527926330937869892e+00,-8.401704373841566209e+00,-7.840157203809885011e+00,-7.489426795749361432e+00,-7.359611616231815923e+00,-7.166706041415771722e+00,-6.794636080367143727e+00,-6.557031552597665680e+00,-6.405615034386729967e+00,-6.240512651873483918e+00,-5.958747109786618701e+00,-5.841975081601658459e+00,-5.792802656500535718e+00,-5.596865898546794504e+00,-5.300335631662619562e+00,-5.218131479980021581e+00,-5.008833423998464873e+00,-4.812239734536805535e+00,-4.715661588032094009e+00,-4.584496075446142349e+00,-4.466152633772113134e+00,-4.333879735220915741e+00,-4.211627086350971716e+00,-4.014568200635263651e+00,-3.934652205650944534e+00,-3.821427246682093770e+00,-3.667898661914675618e+00,-3.608854411790994643e+00,-3.357000269580925345e+00,-3.241769361917154146e+00,-3.100727351580727653e+00,-3.013748396838352939e+00,-2.859155689761882169e+00,-2.798470672602874743e+00,-2.667134010558809720e+00,-2.502130866680217114e+00,-2.325627440366677678e+00,-2.199264054334538532e+00,-2.118022005486104753e+00,-1.967665349001579633e+00,-1.842637297772945271e+00,-1.734168486155792666e+00,-1.554516444853703439e+00,-1.407801223787034095e+00,-1.191807350590579961e+00,-1.047609540288332974e+00,-6.913652800926269881e-01,-2.653246595548955922e-01,5.453388594177487336e-01,7.674701728226277497e-01,1.032324280276020412e+00,1.281462563831018642e+00,1.477403058477625875e+00,1.611978434296737372e+00,1.750893938391869797e+00,1.846700166977631286e+00,2.014617919134987556e+00,2.170292747467220895e+00,2.315155033529851636e+00,2.423104480010367823e+00,2.510507131094344313e+00,2.592381357597964620e+00,2.795280757938259697e+00,2.849704408996825755e+00,2.990649930388804556e+00,3.107684736745051524e+00,3.289714600882730711e+00,3.380321859474788582e+00,3.561540410739895357e+00,3.634523827868903378e+00,3.796097903460615264e+00,3.977528833027023314e+00,4.118832034625063088e+00,4.214557720678989483e+00,4.342293661171785502e+00,4.485042163975574425e+00,4.662130931218648300e+00,4.768907006350245226e+00,4.997609352972434138e+00,5.129282133015547807e+00,5.424434844218437135e+00,5.509628151033716392e+00,5.532420676157844497e+00,5.761198992977365485e+00,5.983168066717246880e+00,6.008975467989053243e+00,6.235908710174639324e+00,6.312260561894530220e+00,6.743567594388308883e+00,6.824810273577197606e+00,6.914459593032534990e+00,7.087430281194011528e+00,7.501561015573031455e+00,7.690632279613124567e+00,7.888557290221593021e+00,8.533218861212903406e+00,8.641823114739738187e+00,8.729577784482453140e+00,9.135542057724254761e+00,9.941769472141883668e+00,1.308236852326739630e+01,1.412497937783158264e+01,1.458449867340775619e+01,6.555005576796519051e+01,7.071562520334016710e+01,7.187847498446014072e+01,7.627363934465839179e+01,7.810598383799842281e+01
5.037844251338408769e-02,-4.070542228968774623e+01,-3.728821066342641899e+01,-3.521248583920282726e+01,-3.057721639296876504e+01,-2.830474731443942815e+01,-1.548734586866282648e+01,-1.531918668011951290e+01,-1.404202698409734751e+01,-1.036731318480312147e+01,-9.602836688265160348e+00,-9.194061280159695926e+00,-8.950624391594709905e+00,-8.569723421846262568e+00,-8.361976690844743487e+00,-7.781381141334184903e+00,-7.478852768483417179e+00,-7.315610030035246680e+00,-7.099299658810410918e+00,-6.810757272488834779e+00,-6.579376611068698644e+00,-6.405235998724883473e+00,-6.271092366017376740e+00,-5.999040654028528152e+00,-5.865627211061823942e+00,-5.831726143771529536e+00,-5.617210923455552063e+00,-5.337903796582561533e+00,-5.261028247536459368e+00,-5.020885053523946873e+00,-4.843171531682001429e+00,-4.725068413199255524e+00,-4.596108233440754809e+00,-4.477311235410851076e+00,-4.393369693901653328e+00,-4.228558604292778966e+00,-4.021116444379954302e+00,-3.970345224605786427e+00,-3.852182054113610032e+00,-3.702441789575367626e+00,-3.611172592851558338e+00,-3.385582891117688398e+00,-3.269550961784070786e+00,-3.124179194541945925e+00,-2.974766355741279344e+00,-2.878222939336067654e+00,-2.800315440189844907e+00,-2.681746669654315518e+00,-2.498932513612698081e+00,-2.344526890970777711e+00,-2.227455034678621271e+00,-2.117946413792425098e+00,-1.990893659646802316e+00,-1.868607786224051770e+00,-1.766777565791326943e+00,-1.551688750531541316e+00,-1.396225840307484534e+00,-1.235111688707370536e+00,-9.967506588592062178e-01,-6.388748973676151577e-01,-2.676684053393934004e-01,5.687406355731827734e-01,8.110658768496001869e-01,1.004290833103561598e+00,1.258562606480221335e+00,1.447127243525791584e+00,1.593184933647355805e+00,1.742602152593257125e+00,1.849531898138954800e+00,2.026393266376553370e+00,2.167018756800818124e+00,2.309142275796182808e+00,2.437683840392300016e+00,2.531538962156660855e+00,2.640821005818051681e+00,2.798566975144939573e+00,2.839877775280122751e+00,3.029548445949940660e+00,3.112239594533347198e+00,3.316950838121343725e+00,3.409387015179023983e+00,3.584191939022510986e+00,3.657409944717372685e+00,3.819870463955886475e+00,4.021181935981504196e+00,4.136855153316652434e+00,4.237925067497126719e+00,4.389072596485311450e+00,4.517219164808798482e+00,4.709197031219520824e+00,4.772474113049258726e+00,5.019571264892734419e+00,5.188065670144681008e+00,5.438415598496310288e+00,5.523068351074633675e+00,5.599288137883529970e+00,5.778874071901325848e+00,6.012173637171393636e+00,6.036807457360639617e+00,6.264735002684090226e+00,6.306623969963248477e+00,6.752133649435876350e+00,6.833348563072753734e+00,6.966350847043391248e+00,7.088602913409861372e+00,7.500499973804829246e+00,7.749449829841413617e+00,7.899580581942453605e+00,8.565347882976141136e+00,8.655883732306904221e+00,8.743417250127102136e+00,9.122916521928344125e+00,9.930347532777014763e+00,1.315284638280672880e+01,1.423140860202984292e+01,1.467315918669343056e+01,6.553549525105191265e+01,7.074553931596703649e+01,7.190841538953948486e+01,7.638818373936183548e+01,7.824208476082050367e+01
5.153668383415881127e-02,-4.082159461787078669e+01,-3.751175505782255470e+01,-3.525452798553007483e+01,-3.066435869593811958e+01,-2.848396482394990059e+01,-1.559121651825036636e+01,-1.535199146656453095e+01,-1.414350707676363328e+01,-1.040863237975613309e+01,-9.649068381288687490e+00,-9.144076883321421434e+00,-8.986672515317733811e+00,-8.609753494509782001e+00,-8.324053445489379754e+00,-7.741158711972178530e+00,-7.467742791443395589e+00,-7.288521014961149014e+00,-7.003150863500021472e+00,-6.822684048327583461e+00,-6.592666788368737762e+00,-6.407687537587615445e+00,-6.290729076829889799e+00,-6.054174790280717922e+00,-5.902400077725535432e+00,-5.854209140771174269e+00,-5.610650708577025192e+00,-5.376776686762383406e+00,-5.292855618717075217e+00,-5.035680364233290796e+00,-4.881870693720578025e+00,-4.727402254666808190e+00,-4.597507772744106269e+00,-4.485047021498324682e+00,-4.441626669086324419e+00,-4.248190040025644265e+00,-4.022964751245647896e+00,-4.002272126157955690e+00,-3.869914018836996483e+00,-3.742144384992484252e+00,-3.603333659755489915e+00,-3.408634509691741421e+00,-3.293582768641679870e+00,-3.155260535221452223e+00,-2.961167431562048868e+00,-2.863707969756886573e+00,-2.801649821554288433e+00,-2.678355239384885955e+00,-2.512242899586106137e+00,-2.346295487792656509e+00,-2.252579194931293216e+00,-2.135114417188355151e+00,-2.015565796679563704e+00,-1.886438009849942254e+00,-1.766821396561571111e+00,-1.546675834600279131e+00,-1.403692913409488430e+00,-1.262562459996761977e+00,-9.500296022292641362e-01,-6.044929900038109594e-01,-1.800879882705245794e-01,5.250351116357324655e-01,8.253090735155300672e-01,1.006640658491434692e+00,1.239243212913660575e+00,1.410540600839319758e+00,1.584415522040460766e+00,1.727500543160768398e+00,1.856106432493341174e+00,2.026056873038241779e+00,2.173150053073777066e+00,2.295304659835184946e+00,2.436887687251394485e+00,2.557516900183132158e+00,2.694968074403974345e+00,2.790624567335669326e+00,2.836530660066624687e+00,3.061417488566117395e+00,3.123812689560490519e+00,3.345018528902281130e+00,3.436838496140917076e+00,3.594276646783478135e+00,3.681096591454781741e+00,3.846451676459112345e+00,4.062430127469332852e+00,4.138243830563974157e+00,4.270256041421459869e+00,4.432284943890835827e+00,4.551137456150979865e+00,4.747238909372663684e+00,4.779137429308215168e+00,5.025559718695975064e+00,5.245137911353364935e+00,5.453210679716514520e+00,5.531801556057280855e+00,5.654884860135092062e+00,5.792636360422913633e+00,6.042855681731194473e+00,6.067555425905473143e+00,6.266380954177549256e+00,6.326407272958777028e+00,6.758936190868801930e+00,6.852235632624060102e+00,7.017348514868234410e+00,7.098958455609827745e+00,7.506519450535746429e+00,7.811989834339486904e+00,7.910298288917914533e+00,8.569255477178559843e+00,8.699818003868037053e+00,8.770460542314665986e+00,9.133153325605301021e+00,9.922826756339013343e+00,1.321693326265281598e+01,1.432444920965435031e+01,1.475396932431407748e+01,6.552168814667935237e+01,7.077431749362045821e+01,7.193608833278204884e+01,7.649825606903401365e+01,7.838704785265639430e+01
5.269492515493354179e-02,-4.094701354679708061e+01,-3.771941415480323911e+01,-3.529808471175746121e+01,-3.075496709523931926e+01,-2.866282892527975434e+01,-1.568428426050674496e+01,-1.537202977033144791e+01,-1.424109901316841231e+01,-1.045919730782221713e+01,-9.714338360245069026e+00,-9.179560781409701775e+00,-8.971893235289831736e+00,-8.645045683157665195e+00,-8.295886084262813043e+00,-7.722314132490601502e+00,-7.455729105674625323e+00,-7.258543563374145080e+00,-6.943509557171008595e+00,-6.813952799219772594e+00,-6.587852664475834175e+00,-6.429250948133988786e+00,-6.294890265916550653e+00,-6.108263277586278406e+00,-5.953866340351882336e+00,-5.847845764792434231e+00,-5.592154769503214773e+00,-5.410185700366088035e+00,-5.314958524276114815e+00,-5.046973082199977867e+00,-4.919511478399255289e+00,-4.728783709731266605e+00,-4.595524814397291991e+00,-4.499264066777154625e+00,-4.461397146891675547e+00,-4.267892917607398751e+00,-4.039533234584157029e+00,-4.014065868609653975e+00,-3.876375769842734798e+00,-3.766252507406365080e+00,-3.607377700331494186e+00,-3.421509709108184083e+00,-3.312850893330748558e+00,-3.188563250067284915e+00,-2.972263431979601300e+00,-2.842331130608267920e+00,-2.791897741590716464e+00,-2.668269911355908075e+00,-2.525934606013980233e+00,-2.343491472923877605e+00,-2.269650166072233688e+00,-2.160679735955591152e+00,-2.038940301111668241e+00,-1.892335967689404264e+00,-1.743737700916859756e+00,-1.545988155365744410e+00,-1.426875666839410028e+00,-1.256998013726105867e+00,-9.274546628548142602e-01,-6.217327556644454134e-01,2.125711668459390191e-01,4.657951310281471802e-01,7.889514144148812580e-01,1.036147923526674619e+00,1.229602326621516806e+00,1.386533795860817708e+00,1.577634547518982799e+00,1.716085606469783142e+00,1.860820578682430337e+00,2.021609351141092858e+00,2.183347890472052910e+00,2.279583259412941931e+00,2.424881623823304633e+00,2.585749007094678031e+00,2.744534651905131017e+00,2.756425753426852143e+00,2.857032799554501956e+00,3.073635012453002968e+00,3.150982075413980787e+00,3.373054555503653074e+00,3.458719963857310287e+00,3.598775130687339896e+00,3.706924469668254840e+00,3.869544693330173590e+00,4.098436718521611510e+00,4.135148995578365572e+00,4.301283685516318123e+00,4.472179879930165747e+00,4.583551386727106269e+00,4.764477247189589093e+00,4.805285295715742144e+00,5.025216969555523328e+00,5.278392074671996781e+00,5.480019162128542121e+00,5.537045548224216240e+00,5.679178202140740872e+00,5.832066092898013920e+00,6.076253162750297143e+00,6.092325081319968305e+00,6.263772381440151804e+00,6.347111263892085908e+00,6.774395849006399573e+00,6.881552793065271345e+00,7.060352155184908440e+00,7.120292968810920442e+00,7.519420405295703880e+00,7.868106612517553167e+00,7.927512476165700761e+00,8.581150635019282547e+00,8.732001982595162914e+00,8.808776805734936488e+00,9.169307058736881899e+00,9.920692388756393143e+00,1.327359779738375067e+01,1.440298086869485772e+01,1.482653478348127329e+01,6.550853309592211815e+01,7.080197044527022854e+01,7.196164481110777444e+01,7.660361781861493569e+01,7.854002521629001876e+01
5.385316647570826537e-02,-4.108191361291067523e+01,-3.791037669542750876e+01,-3.534311509489089786e+01,-3.084958797276724241e+01,-2.884007822678568189e+01,-1.576208414345753894e+01,-1.538029298721990479e+01,-1.433175523876744961e+01,-1.051547218751723989e+01,-9.789370649940931202e+00,-9.264612308000732099e+00,-8.940887035256446680e+00,-8.678133518768147425e+00,-8.277692935872916991e+00,-7.727018913051271198e+00,-7.445048168047598836e+00,-7.227323731915415550e+00,-6.934291043918565656e+00,-6.798233568659856729e+00,-6.553002988165109954e+00,-6.462967579825550146e+00,-6.301853307642921287e+00,-6.156358488128353734e+00,-5.999045171681851585e+00,-5.823277557102367830e+00,-5.575679473802271247e+00,-5.441072605399440043e+00,-5.317115915027902595e+00,-5.051428521067312438e+00,-4.947451124200779482e+00,-4.735106896387780040e+00,-4.593635810213836379e+00,-4.517240204486411947e+00,-4.452273647052565231e+00,-4.283405285224577419e+00,-4.066569395852325464e+00,-4.012625110118987593e+00,-3.872035263826503648e+00,-3.771997071270441371e+00,-3.621656025034526660e+00,-3.425659336159260437e+00,-3.329688992580041251e+00,-3.220459972637586432e+00,-2.986999868355165955e+00,-2.834390863403931871e+00,-2.781915718193839648e+00,-2.668870324979315534e+00,-2.512202903796826980e+00,-2.368436892717807662e+00,-2.266314082044516898e+00,-2.173503652990810053e+00,-2.050637176979093645e+00,-1.893451703087477123e+00,-1.717320828716098813e+00,-1.557223867890624502e+00,-1.438516684038837701e+00,-1.229018028802778550e+00,-9.352127405585688447e-01,-6.782888951906543840e-01,1.007273497785855232e-01,5.262537312889362662e-01,7.658727266342197915e-01,1.049268254219035468e+00,1.231255819157816456e+00,1.384685890472153069e+00,1.567258449743715643e+00,1.717292492032198581e+00,1.862063765306344099e+00,2.019728956878630743e+00,2.191621541158836894e+00,2.268045103792741823e+00,2.406516927180521126e+00,2.613151845918916916e+00,2.704947009573370753e+00,2.787196539001782547e+00,2.885859506033598088e+00,3.077523649562513786e+00,3.181604669390683426e+00,3.400651095962524018e+00,3.470942946675825702e+00,3.601955290996432080e+00,3.736297194066784400e+00,3.885258113107679989e+00,4.108215520643689445e+00,4.155840720353401352e+00,4.326280480264962591e+00,4.509539757461922704e+00,4.607391303728113563e+00,4.775687068115501255e+00,4.841383057690683778e+00,5.025100633375153336e+00,5.281521858990769758e+00,5.502997929735678362e+00,5.554599254707926370e+00,5.689105093328780782e+00,5.889753314939517814e+00,6.090347952411304888e+00,6.126214570871757026e+00,6.261160253988421687e+00,6.369875182375214884e+00,6.801816546405049735e+00,6.917517651553781732e+00,7.090774471675842072e+00,7.155300106004208516e+00,7.538149083092066327e+00,7.887756255662679017e+00,7.980477542906523780e+00,8.603684246278058723e+00,8.743367451324116857e+00,8.860166238230840818e+00,9.228550801848232510e+00,9.925778018304409756e+00,1.332188368671848799e+01,1.446609271116176210e+01,1.489045099205810452e+01,6.549594283801121719e+01,7.082848955950815650e+01,7.198525537378372974e+01,7.670425139089822153e+01,7.869996165484654682e+01
5.501140779648299589e-02,-4.122616953866094036e+01,-3.808424750732556419e+01,-3.538955094627709741e+01,-3.094874539535540592e+01,-2.901453778902820346e+01,-1.582212996464921595e+01,-1.537656326097123305e+01,-1.441299106358699156e+01,-1.057480367353302952e+01,-9.870208516874548366e+00,-9.362469137645481609e+00,-8.921125952605798659e+00,-8.711259382245657434e+00,-8.268555424508194918e+00,-7.749420201599463986e+00,-7.440502258502069033e+00,-7.208730977409818941e+00,-6.939918614253010709e+00,-6.806215374016876041e+00,-6.521464266173225610e+00,-6.470870677294266571e+00,-6.325304377229779895e+00,-6.193034728529134725e+00,-6.030617927387687871e+00,-5.793355326044173026e+00,-5.577264776888544162e+00,-5.468300552570735107e+00,-5.291464264599845535e+00,-5.053399332767368080e+00,-4.955131671723370879e+00,-4.748753959266751146e+00,-4.587028620356763398e+00,-4.533701898009801390e+00,-4.430587546680471611e+00,-4.286733596186901529e+00,-4.092221752356635989e+00,-4.010718113716672306e+00,-3.855934003852513836e+00,-3.763075710565027876e+00,-3.637097822562993965e+00,-3.427347102946716184e+00,-3.348479438562208088e+00,-3.243004607805264339e+00,-3.002515293765269266e+00,-2.839560558113285005e+00,-2.784605144904551466e+00,-2.673305793887673421e+00,-2.479316795743839563e+00,-2.403172753531967576e+00,-2.263499713827722637e+00,-2.159580494479567125e+00,-2.048862336694871278e+00,-1.892260279196649408e+00,-1.705548829305259195e+00,-1.586734542747822108e+00,-1.412414386518678233e+00,-1.210280165345133607e+00,-9.598004635723846878e-01,-7.281076432944376675e-01,-3.229912068874719044e-01,6.026646513691321649e-01,8.013277821154579650e-01,1.049137070532724314e+00,1.241051552159395444e+00,1.395245246593291411e+00,1.558602021626555034e+00,1.727497092092258102e+00,1.861370613461104329e+00,2.023894934128525946e+00,2.193877145807368922e+00,2.267248776390856424e+00,2.385765500473623124e+00,2.624922294925952748e+00,2.667095282500866027e+00,2.809519619018028269e+00,2.913237556039730336e+00,3.085803129987496174e+00,3.205388221430371498e+00,3.425308126887857796e+00,3.472235851886142033e+00,3.606154378210185474e+00,3.766190735732754202e+00,3.896356535631216644e+00,4.103175399846668903e+00,4.193431416234909115e+00,4.346175220478167844e+00,4.535204821282124321e+00,4.628477213479103014e+00,4.793265540951543890e+00,4.869094054991749410e+00,5.033001437613959794e+00,5.269615630948095486e+00,5.502766390187981749e+00,5.587401935993776547e+00,5.708663371582764157e+00,5.945110254343696887e+00,6.089940498869583330e+00,6.157509966783842437e+00,6.261954803716372808e+00,6.406314206315737891e+00,6.836846315920499961e+00,6.955068409613204494e+00,7.114137299012682547e+00,7.198967990158862129e+00,7.559700790872117437e+00,7.888397015767218967e+00,8.052838974707368536e+00,8.627957671974737508e+00,8.747905121621940339e+00,8.919552899438464522e+00,9.302797521243968859e+00,9.940155427663123433e+00,1.336092567209030335e+01,1.451314021300787971e+01,1.494523159605254214e+01,6.548384608441276100e+01,7.085385100903111777e+01,7.200710033075158378e+01,7.680029965255668856e+01,7.886566163129796792e+01
5.616964911725771947e-02,-4.137925656898023163e+01,-3.824107780160921521e+01,-3.543729767254522756e+01,-3.105289794126325376e+01,-2.918514040142049737e+01,-1.586278854962864315e+01,-1.536047038055085601e+01,-1.448274510947324600e+01,-1.063519331217647945e+01,-9.954841605737058785e+00,-9.461589688234974815e+00,-8.914714515120085281e+00,-8.744223627711306790e+00,-8.267826751728380330e+00,-7.781866515944786400e+00,-7.444958395787774741e+00,-7.210394261072889499e+00,-6.951471488158225576e+00,-6.830732992138702997e+00,-6.540336134857247963e+00,-6.437036745895201584e+00,-6.353421120231608654e+00,-6.205841979614628023e+00,-6.047586407389512253e+00,-5.775849830878510893e+00,-5.597978724119695215e+00,-5.483512148639167805e+00,-5.253489517709274637e+00,-5.058980637978290673e+00,-4.934416413200629847e+00,-4.765432079586070735e+00,-4.577786660063630997e+00,-4.547109667089773488e+00,-4.413236010109909735e+00,-4.269749775103977463e+00,-4.112600338725910021e+00,-4.007641826428399057e+00,-3.831860994243704965e+00,-3.741249968393641545e+00,-3.647306059401556055e+00,-3.431314612292446942e+00,-3.370381747184552523e+00,-3.249104685470750820e+00,-3.022333805586498112e+00,-2.862195907474912815e+00,-2.791678534307210136e+00,-2.675179215788306308e+00,-2.453855199488234717e+00,-2.426307837457489569e+00,-2.249946425824173257e+00,-2.135625041928216561e+00,-2.037581330213672270e+00,-1.892406738616307038e+00,-1.707590480710106551e+00,-1.624614291913103470e+00,-1.368664310276815455e+00,-1.225245223471873812e+00,-9.761177551377622219e-01,-7.596221458952236993e-01,-4.050305139120366493e-01,6.409055139913851784e-01,8.498407118280275618e-01,1.065848708063840800e+00,1.253330613785731629e+00,1.404027094199760572e+00,1.558959059278296699e+00,1.737304413549750626e+00,1.862627656276630184e+00,2.034100633091371346e+00,2.188928229522542068e+00,2.282112097234674231e+00,2.366650518825219596e+00,2.585580630280601255e+00,2.681865650413628899e+00,2.819250158180333532e+00,2.930042764850975257e+00,3.101291358831456346e+00,3.222642813463335809e+00,3.436627680233156124e+00,3.467893912837126447e+00,3.615497046592734076e+00,3.787297012745032276e+00,3.914406386254682069e+00,4.099252765884958905e+00,4.231832684426144908e+00,4.362149247122895090e+00,4.541500421287138600e+00,4.657425537648288483e+00,4.809910205099491520e+00,4.884043789547102499e+00,5.054772831535621513e+00,5.258306783329776302e+00,5.498405961680187914e+00,5.607972531971055830e+00,5.739194603261760896e+00,5.987993034562263617e+00,6.082537713708865645e+00,6.174840653921530809e+00,6.281202684319167950e+00,6.456704060848124982e+00,6.873092465270003615e+00,6.989616221941257201e+00,7.138520088695506693e+00,7.244826868668621245e+00,7.578760842385037222e+00,7.890006847614629670e+00,8.126950995095761243e+00,8.643260993543631088e+00,8.760256265509084983e+00,8.984684266158568633e+00,9.383640638541494994e+00,9.965919590479337842e+00,1.338995984203063472e+01,1.454376809508347002e+01,1.499027716969907686e+01,6.547218825686621813e+01,7.087802004228774422e+01,7.202736203240935708e+01,7.689200334907950207e+01,7.903585664206318029e+01
5.732789043803244999e-02,-4.154026096275172364e+01,-3.838134690271211014e+01,-3.548623558399383171e+01,-3.116239027179869581e+01,-2.935095312711107240e+01,-1.588295436906343916e+01,-1.533178230453487600e+01,-1.453925649674444642e+01,-1.069510687177766961e+01,-1.004193447760634150e+01,-9.556414586084446938e+00,-8.921238675432542564e+00,-8.774134695977048537e+00,-8.274543679178597344e+00,-7.819229061332428898e+00,-7.458336048603774415e+00,-7.230894368747227574e+00,-6.972028971127806507e+00,-6.860328434485456484e+00,-6.556604773834706634e+00,-6.458119861579985965e+00,-6.361716932773026301e+00,-6.179869505749095104e+00,-6.051570588416939067e+00,-5.784746783093858369e+00,-5.617633210514722641e+00,-5.486966415066740765e+00,-5.227884501092354697e+00,-5.060650863259291476e+00,-4.893573108795396642e+00,-4.779920610174717588e+00,-4.579239753100082133e+00,-4.545715981549271589e+00,-4.407466428039535700e+00,-4.247553003060430932e+00,-4.114899832734796981e+00,-4.002972074089773180e+00,-3.804563111364684502e+00,-3.709402330709786533e+00,-3.646151403795718338e+00,-3.441363954307260276e+00,-3.386425657735734340e+00,-3.240020213333303367e+00,-3.051984752830644076e+00,-2.887966051106327203e+00,-2.805161060904477477e+00,-2.677146912554904112e+00,-2.459749503880461763e+00,-2.423766579300611124e+00,-2.210570022130629919e+00,-2.118694118916085500e+00,-2.021397330924126656e+00,-1.898039041798471827e+00,-1.725046759988141165e+00,-1.648695974495787198e+00,-1.357309881519924044e+00,-1.252029507038797451e+00,-9.522253577410404457e-01,-8.108189825038467635e-01,-3.154837098388255101e-01,6.671492134534264817e-01,8.620583583347893875e-01,1.113572960400860845e+00,1.264006387982640645e+00,1.408198596203093844e+00,1.563632209613284862e+00,1.745687065434608387e+00,1.870945662942927079e+00,2.046511354688060447e+00,2.179748357047485818e+00,2.308679651316217996e+00,2.354964234789814537e+00,2.544559183489531584e+00,2.709186475079181200e+00,2.824258630079025334e+00,2.933512087126453505e+00,3.115617987503108921e+00,3.240787619691326338e+00,3.419493188926008287e+00,3.470336454254946190e+00,3.635174820123246775e+00,3.794622933373647200e+00,3.945545402295408621e+00,4.097397387112970968e+00,4.265609003616324557e+00,4.373784036217713833e+00,4.540568309724134721e+00,4.685301720618029186e+00,4.811782547850703473e+00,4.904630449560320571e+00,5.084336433965854773e+00,5.254701999449428840e+00,5.499347718919351813e+00,5.613247169166140971e+00,5.767191648339162313e+00,6.008636554159379806e+00,6.081282477045198753e+00,6.184260914425976807e+00,6.319017508722104992e+00,6.514776241336113216e+00,6.905213591149352403e+00,7.019365993770274592e+00,7.168120523212400563e+00,7.289003940068720766e+00,7.589898100815727133e+00,7.899564648171759629e+00,8.197799848145342239e+00,8.646331616057016944e+00,8.786753646668902462e+00,9.054076010238551575e+00,9.464820220734686984e+00,1.000475900820133646e+01,1.340832953328343713e+01,1.455788811489568957e+01,1.502489428397804616e+01,6.546093124595338963e+01,7.090095527093829730e+01,7.204621888010728981e+01,7.697964659594553893e+01,7.920926321579325702e+01
5.848613175880718051e-02,-4.170793906525497619e+01,-3.850589676976622400e+01,-3.553622175298617947e+01,-3.127740417776623971e+01,-2.951120565417220476e+01,-1.588193413903363904e+01,-1.529051718337652765e+01,-1.458095280283902362e+01,-1.075333424628493084e+01,-1.013020346353615686e+01,-9.643608392823599829e+00,-8.941289706823512873e+00,-8.797017452721467734e+00,-8.287016427211650438e+00,-7.858709039174432753e+00,-7.479499496751811805e+00,-7.265938037058790044e+00,-7.002664748482979817e+00,-6.885766794648103151e+00,-6.566645058344207087e+00,-6.505756914319216655e+00,-6.375543887608812632e+00,-6.131457681739770571e+00,-6.042898278746952734e+00,-5.815771505949842712e+00,-5.627129572653094769e+00,-5.483470539672473443e+00,-5.224915438112589960e+00,-5.050669350996844997e+00,-4.849477368372422603e+00,-4.787998406426305920e+00,-4.588203577710291192e+00,-4.532490293743726362e+00,-4.406529459460505116e+00,-4.248332787324302195e+00,-4.088701952163987130e+00,-3.999926711684494762e+00,-3.771767807982667975e+00,-3.690882818046906877e+00,-3.615164580252355098e+00,-3.453590834205046090e+00,-3.390363879506976819e+00,-3.221399685678899782e+00,-3.091114650651713092e+00,-2.910836834260083883e+00,-2.821155263590486406e+00,-2.679962691921771167e+00,-2.488656632031130300e+00,-2.406811926874753205e+00,-2.160227073423893529e+00,-2.113565963772784606e+00,-1.999555850307287441e+00,-1.908888239209876936e+00,-1.763313318946621244e+00,-1.642482504839130275e+00,-1.377288014971373320e+00,-1.286400490640869254e+00,-9.092600542438876721e-01,-8.257577721552640249e-01,1.440687624938096628e-02,6.853259918762054648e-01,8.570560973745497968e-01,1.170066699358642381e+00,1.270776513272692920e+00,1.412040386618701682e+00,1.562721317251781317e+00,1.760377911247810179e+00,1.889847149622045919e+00,2.055972562567388806e+00,2.172391781796015664e+00,2.317681277838391729e+00,2.372446531235586686e+00,2.520499204101655621e+00,2.739365921786203639e+00,2.831445997197536091e+00,2.926991218593320898e+00,3.118084280405380770e+00,3.266314203052696818e+00,3.385489253652195885e+00,3.478491110327978308e+00,3.663885118760861648e+00,3.792484297004731442e+00,3.981007417022596862e+00,4.098491766301671113e+00,4.289365103633603127e+00,4.379990230348051128e+00,4.545812934451360476e+00,4.700879636110393278e+00,4.802761409593878206e+00,4.939810309350349371e+00,5.113465424451864472e+00,5.259106314550774819e+00,5.506975781082529053e+00,5.607091313132825938e+00,5.783166040246123352e+00,6.008804287978687597e+00,6.090979016069292484e+00,6.195996740469301933e+00,6.364416578905763622e+00,6.574204066611703645e+00,6.929982409831564105e+00,7.045929861139593520e+00,7.202776318186765003e+00,7.328410038409034044e+00,7.592270556358577061e+00,7.918197304358864486e+00,8.262781764105723070e+00,8.643476727910067936e+00,8.824204304684828415e+00,9.125822111756967558e+00,9.542505348542723809e+00,1.005730467101166603e+01,1.341548806560042628e+01,1.455562445976166153e+01,1.504835137213012608e+01,6.545005236197759757e+01,7.092261281186758026e+01,7.206384073223186704e+01,7.706351555083583094e+01,7.938462678992368637e+01
5.964437307958191103e-02,-4.188081024666946917e+01,-3.861583392205734100e+01,-3.558709237140642756e+01,-3.139791611276442040e+01,-2.966531451048264856e+01,-1.585940384360266364e+01,-1.523701516691092550e+01,-1.460633850245528720e+01,-1.080888964880159264e+01,-1.021811060256892034e+01,-9.721276330549031286e+00,-8.973700707833263124e+00,-8.811499397745803819e+00,-8.303029932691149639e+00,-7.898819309379533138e+00,-7.508361756332358361e+00,-7.308917675012820858e+00,-7.042083164546125040e+00,-6.901671979264722090e+00,-6.581922912383433300e+00,-6.546556132143012796e+00,-6.395390371035429844e+00,-6.095335818498498703e+00,-6.021423435897466980e+00,-5.847914318760156327e+00,-5.631416364795775564e+00,-5.479768115847360122e+00,-5.235041195677375470e+00,-5.035084393000934355e+00,-4.828256272227670287e+00,-4.774471041371163516e+00,-4.596225825833932355e+00,-4.515337836794918402e+00,-4.404428197371376363e+00,-4.262995064583350313e+00,-4.055311161992322333e+00,-3.999679730510220299e+00,-3.737626097248793577e+00,-3.687923340337077249e+00,-3.564901069116870325e+00,-3.451295459247835318e+00,-3.384181602366442387e+00,-3.203056710643332750e+00,-3.127342859912980000e+00,-2.937975396266264028e+00,-2.831282431474995587e+00,-2.683073927415089877e+00,-2.527528024864195366e+00,-2.389565912308418749e+00,-2.146576938794485301e+00,-2.095961373741615841e+00,-1.970905508089436209e+00,-1.923623758006989481e+00,-1.789051130599582207e+00,-1.619456157493791126e+00,-1.397773473119222620e+00,-1.328887178894988086e+00,-9.639701821015700389e-01,-6.861595469010673964e-01,2.235615784532069550e-01,6.593041499080198875e-01,8.838251070725421377e-01,1.205500546617602975e+00,1.266014546821777165e+00,1.426544435173978664e+00,1.561701030099812648e+00,1.781883618665443647e+00,1.918896648060131493e+00,2.059411941383791689e+00,2.175508033423136922e+00,2.310220793719125698e+00,2.409981290398476972e+00,2.513744246742543265e+00,2.767820339463496815e+00,2.842487827514035281e+00,2.919985343021944235e+00,3.109421691934987297e+00,3.288995551634023240e+00,3.358669581811649429e+00,3.494446619031586820e+00,3.694926199026053126e+00,3.784786342381939228e+00,4.010908101968467143e+00,4.103883684040097179e+00,4.301380998919350773e+00,4.378503931164355656e+00,4.562664994392515716e+00,4.702320371124050880e+00,4.796803193284213229e+00,4.980434981323535126e+00,5.141167541255028617e+00,5.268762796516250013e+00,5.514944104701736016e+00,5.595225933787299155e+00,5.786725551856282124e+00,6.007748631498136760e+00,6.097714873094131960e+00,6.211394279855772638e+00,6.409410352998954785e+00,6.630404607014590113e+00,6.947719805220339495e+00,7.070148251403059803e+00,7.239174457049289302e+00,7.360828191297532186e+00,7.591888278562565873e+00,7.941860526888142147e+00,8.320300668530618893e+00,8.640265385672451615e+00,8.869493720684250349e+00,9.198076175373415708e+00,9.615076393731245119e+00,1.012256967578060340e+01,1.341099940871263207e+01,1.453725183105577479e+01,1.505994563491944227e+01,6.543954265653361801e+01,7.094295017103388545e+01,7.208038541618616080e+01,7.714387099577655249e+01,7.956075102024934154e+01
6.080261440035664156e-02,-4.205726229675895667e+01,-3.871242012310619174e+01,-3.563866547545031693e+01,-3.152366916636777461e+01,-2.981289601679148049e+01,-1.581539951434916880e+01,-1.517200772441131917e+01,-1.461387664281549270e+01,-1.086093879804881190e+01,-1.030382818026423486e+01,-9.788599906789613669e+00,-9.014480609867765892e+00,-8.819808424793487589e+00,-8.320329072700573647e+00,-7.938769012813997605e+00,-7.546367017816986156e+00,-7.350683855983440651e+00,-7.086801178297317705e+00,-6.909417416536141943e+00,-6.620594061329389213e+00,-6.560791334717132273e+00,-6.412694569873166550e+00,-6.081069880023112439e+00,-6.001327736970632820e+00,-5.860913811722799238e+00,-5.632035534143783551e+00,-5.482618933362416236e+00,-5.244373109979745706e+00,-5.024225260666860038e+00,-4.834939606371815302e+00,-4.740452349101292207e+00,-4.602434486603661057e+00,-4.496621452380484385e+00,-4.397229671156270392e+00,-4.275610654629261376e+00,-4.037204831359622048e+00,-3.992526335675472104e+00,-3.725021627679180991e+00,-3.677514159634218238e+00,-3.525639285553157531e+00,-3.429036540996819316e+00,-3.359469928433198138e+00,-3.209756128283855592e+00,-3.132813856757862059e+00,-2.970256122611171001e+00,-2.840038740947912643e+00,-2.685304371437150728e+00,-2.569387911985430595e+00,-2.376225479943377294e+00,-2.161908848285073681e+00,-2.076830421214653555e+00,-1.996089647071294326e+00,-1.889413781258476366e+00,-1.773791684044212280e+00,-1.586792587629871853e+00,-1.424197641154385297e+00,-1.360220491447971414e+00,-1.019317353847712937e+00,-5.328141999229448755e-01,2.726901596635843972e-01,5.962106096512720388e-01,9.238840437307488385e-01,1.190754415964166535e+00,1.255739582271697463e+00,1.459049668627550922e+00,1.573712416171266559e+00,1.801294468445853392e+00,1.954130105001087303e+00,2.062351308005529571e+00,2.192794337165602681e+00,2.310063359341353539e+00,2.446519953957847271e+00,2.514403488713430335e+00,2.782387816290383231e+00,2.846030525575719672e+00,2.930431256436929921e+00,3.099241695482109815e+00,3.284703796184889502e+00,3.368027181152093874e+00,3.523071980507607837e+00,3.718747620952857602e+00,3.778579310185886886e+00,4.031856436097352336e+00,4.111949474134469540e+00,4.302931907480360252e+00,4.369380753512039917e+00,4.586665275984354473e+00,4.699612305369562648e+00,4.795204598437378785e+00,5.019036228680119116e+00,5.169743055799433940e+00,5.280658621854826151e+00,5.508824405723198758e+00,5.589403655590567510e+00,5.782998825764330775e+00,6.012644665101781527e+00,6.097279308359448535e+00,6.227070778651019545e+00,6.447341383772089429e+00,6.680721568438965363e+00,6.961692784295829384e+00,7.088204383467717307e+00,7.273602501948593257e+00,7.386912470472801751e+00,7.597571055447398081e+00,7.965069398197947237e+00,8.369521194025693944e+00,8.638502357248432517e+00,8.921676886033845122e+00,9.269573925910286505e+00,9.682558529338688658e+00,1.019798940387624420e+01,1.339453770035752633e+01,1.450314648054657063e+01,1.505906027062467700e+01,6.542940479193153180e+01,7.096192977252295009e+01,7.209599611872933167e+01,7.722093290549895528e+01,7.973651465909399860e+01
6.196085572113137208e-02,-4.223564946003843801e+01,-3.879697159597476741e+01,-3.569074386709095137e+01,-3.165416590891222981e+01,-2.995376209991581717e+01,-1.575033069082272696e+01,-1.509667788262671273e+01,-1.460187519354401076e+01,-1.090874273484107171e+01,-1.038540310446625270e+01,-9.845486960767981799e+00,-9.059548262087661286e+00,-8.824771628408395685e+00,-8.337083814613841071e+00,-7.978243402530281081e+00,-7.593796384551112055e+00,-7.383488976840686391e+00,-7.133086001650260854e+00,-6.913853286124912678e+00,-6.664865640486106635e+00,-6.567712714364012605e+00,-6.421778449064194483e+00,-6.084058375443710531e+00,-5.989936368127390942e+00,-5.852378448179393899e+00,-5.627411320850334242e+00,-5.494197851266600097e+00,-5.246195605237252479e+00,-5.025041075377327360e+00,-4.847613776943050290e+00,-4.708628820255337466e+00,-4.606239477445062569e+00,-4.481216252248160892e+00,-4.381337749412088201e+00,-4.280278972846952357e+00,-4.033323911490889202e+00,-3.977134895783140944e+00,-3.734679166231840597e+00,-3.664960283341306191e+00,-3.493526684876267829e+00,-3.412243073713091324e+00,-3.309026147196997947e+00,-3.235176608831255685e+00,-3.115129027685884733e+00,-3.001134024214769713e+00,-2.854299252628828221e+00,-2.695734262551131799e+00,-2.597709980758018844e+00,-2.368247334555682038e+00,-2.170470363742342812e+00,-2.096096605988892581e+00,-2.015942458244874391e+00,-1.845625869440680633e+00,-1.731077354219832110e+00,-1.543301650693904792e+00,-1.467975380738382407e+00,-1.364997718125018356e+00,-1.058885243000636134e+00,-5.060786245484234502e-01,3.873342527763198317e-01,5.445628722510436059e-01,9.315053594851396834e-01,1.132646307646171469e+00,1.264195458102081115e+00,1.482442002629849709e+00,1.601109005353574144e+00,1.816398519167462755e+00,1.990997391227683710e+00,2.074329401519829474e+00,2.219095451658764429e+00,2.325414125483228567e+00,2.477980768808964562e+00,2.517255228602504946e+00,2.773255251261451892e+00,2.845773395559554331e+00,2.949690352775736546e+00,3.097204025620313939e+00,3.277706204877552487e+00,3.391870605904485636e+00,3.567110308448991240e+00,3.721833987696565149e+00,3.789455400033012289e+00,4.046103357844291537e+00,4.117374887842895959e+00,4.289189643342487201e+00,4.362699263865279953e+00,4.601044869432956652e+00,4.711317827701595462e+00,4.794141853359849215e+00,5.052170919235440039e+00,5.198799439600905181e+00,5.292728772554640138e+00,5.483024372781486910e+00,5.594610831074611212e+00,5.776978202216469960e+00,6.021647158837666325e+00,6.092125607257935727e+00,6.240375150261823656e+00,6.472995599427667557e+00,6.723464450102698997e+00,6.974943444016107996e+00,7.093308400200325714e+00,7.304972641227983843e+00,7.411432932873774249e+00,7.614338194477157096e+00,7.984172827533458694e+00,8.410242168994976453e+00,8.637781882926095278e+00,8.980037790771644879e+00,9.339789944351830187e+00,9.745695053408782726e+00,1.028013324993335509e+01,1.336588635902355726e+01,1.445375802903382123e+01,1.504520397980771840e+01,6.541965062765564198e+01,7.097952204671935306e+01,7.211079949071120154e+01,7.729487405103553499e+01,7.991087910098612213e+01
6.311909704190610260e-02,-4.241437043052771827e+01,-3.887077939979310770e+01,-3.574311804908333556e+01,-3.178868442498366420e+01,-3.008789691777686315e+01,-1.566501613487812072e+01,-1.501264150171036604e+01,-1.456844396816997111e+01,-1.095161258710732355e+01,-1.046098506575927090e+01,-9.892244585915056732e+00,-9.106082354532412992e+00,-8.828221879348705059e+00,-8.352233427954930178e+00,-8.017287852652243529e+00,-7.646551515964771895e+00,-7.405069773308155412e+00,-7.178355110278601181e+00,-6.919660938348408230e+00,-6.706039029077499158e+00,-6.576612588825919481e+00,-6.419880970857593461e+00,-6.098234487504369916e+00,-5.975180133341895683e+00,-5.839027706738260548e+00,-5.617017822661787285e+00,-5.510482075316563311e+00,-5.242283685910555491e+00,-5.039865709069001554e+00,-4.857411426502325824e+00,-4.685270106254482592e+00,-4.606020744978814641e+00,-4.474296379401605073e+00,-4.355665543266113993e+00,-4.277108894454462629e+00,-4.026173359789732231e+00,-3.966367319720043305e+00,-3.752199743936945886e+00,-3.659240492279875578e+00,-3.465234049004645378e+00,-3.399610364609946256e+00,-3.263548094447366488e+00,-3.252536424865627662e+00,-3.104526279534469690e+00,-3.022374755772752053e+00,-2.866475887719300619e+00,-2.727277058104674357e+00,-2.599443796617106894e+00,-2.363868675204117586e+00,-2.172513060416104924e+00,-2.135693988327823423e+00,-2.003031827168178847e+00,-1.812019693221102123e+00,-1.696642984039194557e+00,-1.528076348060454004e+00,-1.492750093912025289e+00,-1.338829871797308169e+00,-1.074940503246613499e+00,-5.761974361579615955e-01,3.200465988519357596e-01,6.049212215700335848e-01,8.910778513033450476e-01,1.090027809925281366e+00,1.277913155627595998e+00,1.481166676177696262e+00,1.630621301161734760e+00,1.838283227902638206e+00,2.027475701759313687e+00,2.090023382259226015e+00,2.251715179834187008e+00,2.356372301437040573e+00,2.489556700277860468e+00,2.532212874425963101e+00,2.753246739337392501e+00,2.846701634507199596e+00,2.964766723438770235e+00,3.099414732457741906e+00,3.287820299033590743e+00,3.410502189713217724e+00,3.618232681656572414e+00,3.718480745908148144e+00,3.812545657183789238e+00,4.057156273191109719e+00,4.113389225288719864e+00,4.260503079572713681e+00,4.364811104463560909e+00,4.593763026487905243e+00,4.747011596426609970e+00,4.792286784761627949e+00,5.078741064498800029e+00,5.222524580743699296e+00,5.305116884266777078e+00,5.449395581284201207e+00,5.602657544890720764e+00,5.769718766671588561e+00,6.030710699879752390e+00,6.086382803409422060e+00,6.250785183407936429e+00,6.484271151942960110e+00,6.756302901157103413e+00,6.988347148526848684e+00,7.081951403834640502e+00,7.335928819791589284e+00,7.438485192189935979e+00,7.641507117054417542e+00,7.998058808292833000e+00,8.442657650483798903e+00,8.636985654908629684e+00,9.043045844658886168e+00,9.408788214656837567e+00,9.805132552382509914e+00,1.036555081075039197e+01,1.332493739170769587e+01,1.438960040917325323e+01,1.501803442973244884e+01,6.541029867957128374e+01,7.099570800157852091e+01,7.212490435772778596e+01,7.736581971871170538e+01,8.008288961133821715e+01
6.427733836268083312e-02,-4.259192185891954807e+01,-3.893505534400488699e+01,-3.579556899549390181e+01,-3.192631449338296079e+01,-3.021541733699875110e+01,-1.556074739125009287e+01,-1.492168034122918208e+01,-1.451168282743820548e+01,-1.098887512145413936e+01,-1.052900470352322237e+01,-9.929340235828446382e+00,-9.152236503693265135e+00,-8.831119324245296553e+00,-8.365743825382294219e+00,-8.055953686290399318e+00,-7.697780188038389149e+00,-7.417261180091241357e+00,-7.220961979106980344e+00,-6.930209354289139867e+00,-6.741844011440556450e+00,-6.587822417049830293e+00,-6.408058387048830795e+00,-6.113113231454962104e+00,-5.955186131877441724e+00,-5.829728810478027157e+00,-5.603712885906487529e+00,-5.524016074230776674e+00,-5.239931173376276341e+00,-5.063492805209534708e+00,-4.860062387757420943e+00,-4.673543880942175655e+00,-4.599912348316471444e+00,-4.477572985881715262e+00,-4.322797571537964956e+00,-4.269056010990371242e+00,-4.009958225774005847e+00,-3.963796852964651229e+00,-3.773066864068561621e+00,-3.655110560988385604e+00,-3.452064346391026106e+00,-3.377477733223969825e+00,-3.275823890758889245e+00,-3.231348279641671706e+00,-3.105124016868896941e+00,-3.030358397369297574e+00,-2.865591076324401687e+00,-2.761493003457711648e+00,-2.592008957609820641e+00,-2.363247953027550086e+00,-2.191319930849092046e+00,-2.137718557546008924e+00,-1.983891447446803680e+00,-1.787111062025359853e+00,-1.682646607530508209e+00,-1.586366470670253381e+00,-1.452109673930133349e+00,-1.309131661185011675e+00,-1.052423840832541924e+00,-6.504574193964713924e-01,-2.245317585466370947e-01,6.435027715583905294e-01,8.438971817032726586e-01,1.079243987210652067e+00,1.290888532784623566e+00,1.463985748890607841e+00,1.650464136564222306e+00,1.873164337348944164e+00,2.061489947538929890e+00,2.101826072800678791e+00,2.287856522650863589e+00,2.395873661415963696e+00,2.483234649293352803e+00,2.549243231391626452e+00,2.747227519643978155e+00,2.844412405045237069e+00,2.983315523411368186e+00,3.099671730392945079e+00,3.308408666473107829e+00,3.422434499817070375e+00,3.642655077483112347e+00,3.748507712024545135e+00,3.835116742616972552e+00,4.066897640773516009e+00,4.092622648940663410e+00,4.233230226988497158e+00,4.368031014737074891e+00,4.574556875694455904e+00,4.782660362408954313e+00,4.801661187832712230e+00,5.097389771142170289e+00,5.231934454444968630e+00,5.320430275330636505e+00,5.419910228102701844e+00,5.608816892590749781e+00,5.759441591860995580e+00,6.034791478711304613e+00,6.085438803682500897e+00,6.259045405733798084e+00,6.482218442011037141e+00,6.775948319982429524e+00,7.000149867176176599e+00,7.059196770951536415e+00,7.367989211063803445e+00,7.468077518348803068e+00,7.676227881628356009e+00,8.007507309113613303e+00,8.466957133860583795e+00,8.635324225605417681e+00,9.108382938564840714e+00,9.476919048917434196e+00,9.861081571708181670e+00,1.045128156477565540e+01,1.327169140503244016e+01,1.431125676391146406e+01,1.497737112410058380e+01,6.540137158998807365e+01,7.101048121402251923e+01,7.213840097043781441e+01,7.743385114990309148e+01,8.025167268843311774e+01
6.543557968345556364e-02,-4.276692908292747575e+01,-3.899090163221158178e+01,-3.584787059694086508e+01,-3.206600649915144174e+01,-3.033652444459299957e+01,-1.543938933169421013e+01,-1.482505050786719636e+01,-1.443026654519046481e+01,-1.101985463631834605e+01,-1.058826063638230508e+01,-9.957265511768362387e+00,-9.196721421299729471e+00,-8.833894974509604481e+00,-8.378824890469733333e+00,-8.093492354935211353e+00,-7.741485122553325660e+00,-7.422729081566414422e+00,-7.259699864254363533e+00,-6.947288615346079332e+00,-6.770597319670592640e+00,-6.599661930865281967e+00,-6.389846658517204681e+00,-6.121824699818804838e+00,-5.935097714439000249e+00,-5.821947317010101486e+00,-5.593659595509657301e+00,-5.526717577329446129e+00,-5.248207001001029326e+00,-5.083938631553528431e+00,-4.855350445791748903e+00,-4.673039959657446119e+00,-4.589960436709418445e+00,-4.489640387270382504e+00,-4.288936285827489314e+00,-4.256210538144602040e+00,-3.991623901489420145e+00,-3.965012828021643010e+00,-3.793966215405115250e+00,-3.648085667124409959e+00,-3.456055395587060097e+00,-3.350343479767504018e+00,-3.296051375766828606e+00,-3.220902083636407287e+00,-3.106760093077293838e+00,-3.034393520363830365e+00,-2.855285185111991808e+00,-2.775136948690969163e+00,-2.586616846081024601e+00,-2.371750376794622639e+00,-2.201917806747367479e+00,-2.121961233887193821e+00,-1.966857473469490136e+00,-1.782103230381253844e+00,-1.698971790426851758e+00,-1.605817132649539181e+00,-1.414459939166260449e+00,-1.312150762774024093e+00,-9.973768246931969950e-01,-7.130306017363728932e-01,-4.997726934830816203e-01,5.912885630130606529e-01,8.393665102936290756e-01,1.096348611332616851e+00,1.297356779187779585e+00,1.445229199587353852e+00,1.658844997688740053e+00,1.914419537745059685e+00,2.079130673553592157e+00,2.128757701135470359e+00,2.310180940543268946e+00,2.431650817206504556e+00,2.474978772833738461e+00,2.559357809193729683e+00,2.765284132763819791e+00,2.842975057762827884e+00,3.006489340850307279e+00,3.104035817355004667e+00,3.325240348569066917e+00,3.431040262815642006e+00,3.635375841463343249e+00,3.809785793519174124e+00,3.851781857768904249e+00,4.043390034520966125e+00,4.087831126370893742e+00,4.218725140754759018e+00,4.364143864226583958e+00,4.554790603654127246e+00,4.780220470477451578e+00,4.847816749155356320e+00,5.105213591160346454e+00,5.227702340493711297e+00,5.332418665665520585e+00,5.406743754480969777e+00,5.610641283360039644e+00,5.745690401234583966e+00,6.030834653189281802e+00,6.092071125045462665e+00,6.266234716414792238e+00,6.469550049583228102e+00,6.780028403419357197e+00,7.002873057522188915e+00,7.038619383446544475e+00,7.398206830926077338e+00,7.499642349372692252e+00,7.716056857745671849e+00,8.014372019220212806e+00,8.482886249870530193e+00,8.632929886081166515e+00,9.173483699223508481e+00,9.544496846923758326e+00,9.913367615356307283e+00,1.053499763363799957e+01,1.320625880864721147e+01,1.421939356109356289e+01,1.492320293762326067e+01,6.539289372629801278e+01,7.102384919632125104e+01,7.215136075519934877e+01,7.749901095004470619e+01,8.041643133734197590e+01
6.659382100423029416e-02,-4.293815892141316937e+01,-3.903929926760287117e+01,-3.589979164579832371e+01,-3.220662400601116104e+01,-3.045145475790997835e+01,-1.530352362320761550e+01,-1.472257544364481774e+01,-1.432420999155256425e+01,-1.104388121496610786e+01,-1.063792297392755870e+01,-9.976475036664696816e+00,-9.238574200630159439e+00,-8.836685900981127162e+00,-8.393983554669199876e+00,-8.127442338886705642e+00,-7.774143503646387288e+00,-7.423995276265371146e+00,-7.293353317751912535e+00,-6.970896792499081229e+00,-6.791179802243014763e+00,-6.610507770517774162e+00,-6.368825202451398937e+00,-6.122279434333423254e+00,-5.922367670538643658e+00,-5.807868586329111515e+00,-5.590399182298897429e+00,-5.515156071013572969e+00,-5.270479525463140469e+00,-5.092565691290557695e+00,-4.845141529088223820e+00,-4.679664597407217741e+00,-4.583495817495179203e+00,-4.505907373577366926e+00,-4.270134840480486638e+00,-4.227167866667085327e+00,-3.990954333151282007e+00,-3.957726594098393225e+00,-3.809597087730812959e+00,-3.636569092537298431e+00,-3.472503620873349739e+00,-3.366493947792662755e+00,-3.274652029549682375e+00,-3.210902867781590064e+00,-3.107826090504914429e+00,-3.044872083735199464e+00,-2.842447721771407476e+00,-2.760413492460768392e+00,-2.583039459182078446e+00,-2.387609799957387313e+00,-2.198061161844555578e+00,-2.107046899674934970e+00,-1.959012592619194804e+00,-1.798543759293198319e+00,-1.735439096722159125e+00,-1.580484560868339106e+00,-1.408720491602019731e+00,-1.295566062354512882e+00,-9.536483475609189853e-01,-7.773596938436431181e-01,-6.634093141337475963e-01,4.756509565900903236e-01,8.587351658486180872e-01,1.130688590584863151e+00,1.295771282283234127e+00,1.433096604699796162e+00,1.656145922971673512e+00,1.950423517641883597e+00,2.091119411253671956e+00,2.170616483547821662e+00,2.303337500597567367e+00,2.446876677791050891e+00,2.472426433632578746e+00,2.584199514421036348e+00,2.792113070876267145e+00,2.850633577424233511e+00,3.031887441296473362e+00,3.117215198488017425e+00,3.329899632257160125e+00,3.439354376767428167e+00,3.621072923500403107e+00,3.844646325051001678e+00,3.878347123384122241e+00,3.997178982638582845e+00,4.105409422423648813e+00,4.215099699192153437e+00,4.348371606092093167e+00,4.542313133064209474e+00,4.772192665869090078e+00,4.886903202110036482e+00,5.102014496142119881e+00,5.222230093269275564e+00,5.324976308535210201e+00,5.420701455390797285e+00,5.604885461525544343e+00,5.732280092451230935e+00,6.020379993103939675e+00,6.102996613359278122e+00,6.272907249997791368e+00,6.449659657064965579e+00,6.769382735954625474e+00,6.986237626597654682e+00,7.033884306759567551e+00,7.421105475169734511e+00,7.534233058545995121e+00,7.759191995211841331e+00,8.020983396575136481e+00,8.489575819256248934e+00,8.630934336808477880e+00,9.236093853917054730e+00,9.611546501958963873e+00,9.961622608946081314e+00,1.061495259979213124e+01,1.312886278706674759e+01,1.411478093236121722e+01,1.485569404289083906e+01,6.538488900397526038e+01,7.103583411521135815e+01,7.216383653777909046e+01,7.756130928886332754e+01,8.057643944213151599e+01
6.775206232500502468e-02,-4.310452005629103667e+01,-3.908110953770568585e+01,-3.595109726015717655e+01,-3.234699218147121513e+01,-3.056043842350084816e+01,-1.515661469330687616e+01,-1.461227919704113276e+01,-1.419507732901965014e+01,-1.106033667008518684e+01,-1.067747231150525522e+01,-9.987365412847362123e+00,-9.277049514076299630e+00,-8.839499807256963493e+00,-8.414335463703878304e+00,-8.153844703059087706e+00,-7.794696588852692898e+00,-7.423957433854718069e+00,-7.320136116406652071e+00,-6.999361774246747103e+00,-6.803455582929870182e+00,-6.619121802622197848e+00,-6.347119361346470257e+00,-6.115803450635642236e+00,-5.920480463635295010e+00,-5.784257367023933227e+00,-5.590047840558849401e+00,-5.494002045838826120e+00,-5.298907847142161565e+00,-5.091391939332148731e+00,-4.832675919346485216e+00,-4.689235897983804691e+00,-4.590663326437987024e+00,-4.517433836293037963e+00,-4.265098623434917080e+00,-4.187766733712970257e+00,-4.001776379765266789e+00,-3.955242786624558526e+00,-3.814483700562360191e+00,-3.622159928435225940e+00,-3.503177762289406694e+00,-3.398678981423096435e+00,-3.236515312460302329e+00,-3.189800670355364076e+00,-3.110673455722700709e+00,-3.054367416088840326e+00,-2.826943589959859171e+00,-2.730401303203037866e+00,-2.578637996048096959e+00,-2.401145485438885618e+00,-2.190744659345797540e+00,-2.102873824769571520e+00,-1.968865949394566606e+00,-1.813048660625089736e+00,-1.758357961972421224e+00,-1.568171394861640700e+00,-1.431226761109551937e+00,-1.227504550902373870e+00,-9.447845600099585850e-01,-8.582156160684887292e-01,-7.375946308906163873e-01,3.449214928491870502e-01,8.591469286326209875e-01,1.163953916753485807e+00,1.293729049394011898e+00,1.429123449253646871e+00,1.644131695693744621e+00,1.969769128180048900e+00,2.116529263601477862e+00,2.202861114103133566e+00,2.281300761380633535e+00,2.446638574086750673e+00,2.474584033245835535e+00,2.620420979212141788e+00,2.811952700982152553e+00,2.875105215429634153e+00,3.058052915035977648e+00,3.132160987763337179e+00,3.325913985892718472e+00,3.444971549408878175e+00,3.607342462026897234e+00,3.821175859449040146e+00,3.911369166038939138e+00,3.980740974697639878e+00,4.120718469370920012e+00,4.220982321586004282e+00,4.323481578396484615e+00,4.539882893944072073e+00,4.759681559792836580e+00,4.904827364354523489e+00,5.098860092786239306e+00,5.220354105207112738e+00,5.303242390792216376e+00,5.451187112625923703e+00,5.590064147883774481e+00,5.724847599452316693e+00,6.004246282515679489e+00,6.114675388788072041e+00,6.278126723578462354e+00,6.426938723581884894e+00,6.748245211121544074e+00,6.962960697706829016e+00,7.031737991351835859e+00,7.431984974282319634e+00,7.572851347432618674e+00,7.804053662771728739e+00,8.029740670814302206e+00,8.486126597292782847e+00,8.630766271710077930e+00,9.294605152551177696e+00,9.677662982456542551e+00,1.000546058581922892e+01,1.068987270841516413e+01,1.303984487408476234e+01,1.399831785633593206e+01,1.477519049266582840e+01,6.537737900735332630e+01,7.104647286821460739e+01,7.217586321255421922e+01,7.762073015530074827e+01,8.073103597032225309e+01
6.891030364577975520e-02,-4.326505582449804166e+01,-3.911708356808623677e+01,-3.600154968646425857e+01,-3.248593729152947418e+01,-3.066366862376221647e+01,-1.500309218632003727e+01,-1.449098306597396402e+01,-1.404531708232224396e+01,-1.106874668554833896e+01,-1.070658930782176732e+01,-9.990268840736016287e+00,-9.311568362562068657e+00,-8.842332489607031221e+00,-8.441587955037954671e+00,-8.169544046596541875e+00,-7.803681744637426476e+00,-7.426559534794915152e+00,-7.337179322867257270e+00,-7.030183686763605166e+00,-6.807943448965351863e+00,-6.624443155590038934e+00,-6.325197878579615463e+00,-6.105905143293421489e+00,-5.924541029637728329e+00,-5.759210954056572795e+00,-5.588494438000537023e+00,-5.467254692585279408e+00,-5.322756261565605662e+00,-5.085415003185074667e+00,-4.823256790471282862e+00,-4.697388621259070085e+00,-4.614937722942548781e+00,-4.520020861185424010e+00,-4.265538922957094137e+00,-4.152561037956002288e+00,-4.015272014496583886e+00,-3.962716285732254651e+00,-3.810144858597228179e+00,-3.613320910151761378e+00,-3.540369303221675867e+00,-3.420367121277028577e+00,-3.225338362495404620e+00,-3.153396713140402596e+00,-3.112186667189185574e+00,-3.041755542390542466e+00,-2.812783159186860615e+00,-2.697210716131657637e+00,-2.569289851003766501e+00,-2.405118595771937429e+00,-2.187078566355797005e+00,-2.113452568028651335e+00,-1.994745068339644600e+00,-1.820473465586053718e+00,-1.759422590439811529e+00,-1.591632248767792523e+00,-1.422753078648287151e+00,-1.180293253744409743e+00,-9.786575745819374728e-01,-8.853589670967050296e-01,-7.410245212517255764e-01,2.559071665140744689e-01,8.230125570761028797e-01,1.160730128163499630e+00,1.308229803048696738e+00,1.437933320972841988e+00,1.625834065480517454e+00,1.968995301659926866e+00,2.141841351265042714e+00,2.197316703293629381e+00,2.283679662369931140e+00,2.438555168803831830e+00,2.491403955755513877e+00,2.648142223514620142e+00,2.830017973538602849e+00,2.906990492142044857e+00,3.080428674100383457e+00,3.133768340501033922e+00,3.325716917643962933e+00,3.444681437742406871e+00,3.594854389139029216e+00,3.775992670551209685e+00,3.910107819734805812e+00,4.004101500092271060e+00,4.124925579252901819e+00,4.231837603031552320e+00,4.304929456702729418e+00,4.545246369271126241e+00,4.742122452952417078e+00,4.897064996747223731e+00,5.105465420889102823e+00,5.214718413817479359e+00,5.280500439930576384e+00,5.485777702738934281e+00,5.572081809401167263e+00,5.725007320538767708e+00,5.981497139285572473e+00,6.125611982726792526e+00,6.278972802421034949e+00,6.407403294496476498e+00,6.721744490048672915e+00,6.939463033746800846e+00,7.023639582159881378e+00,7.429232877877401720e+00,7.614439695481659776e+00,7.848869317201179641e+00,8.042811610258057797e+00,8.472815338663108875e+00,8.632921371268041710e+00,9.348138370635885153e+00,9.741991320898733875e+00,1.004459734255102177e+01,1.075884899868724354e+01,1.293967451442706285e+01,1.387106179806760942e+01,1.468222872907139731e+01,6.537038145968234915e+01,7.105581654977436301e+01,7.218745882056278163e+01,7.767723724151230158e+01,8.087961942777154434e+01
7.006854496655448572e-02,-4.341893304050258706e+01,-3.914787610901294101e+01,-3.605090847055462433e+01,-3.262231571899011584e+01,-3.076128317741209273e+01,-1.484808284427554881e+01,-1.435547188439738164e+01,-1.387738258312129958e+01,-1.106892076637601541e+01,-1.072500784103153748e+01,-9.985446546443286664e+00,-9.341694985968954867e+00,-8.845220171540040255e+00,-8.474219981300748827e+00,-8.174629782713127568e+00,-7.802193467593407483e+00,-7.435255388509257379e+00,-7.342144868959698201e+00,-7.060919683668972269e+00,-6.805237181713759576e+00,-6.625522279705941209e+00,-6.302708307782320496e+00,-6.096527792903443377e+00,-5.928341163446741113e+00,-5.745082540807972649e+00,-5.582531616753399817e+00,-5.436550414278578991e+00,-5.335692059989852964e+00,-5.076856802734171836e+00,-4.823250664332657145e+00,-4.701123148157834386e+00,-4.646175956194081635e+00,-4.520365945167525545e+00,-4.269713963421896352e+00,-4.131551156680486336e+00,-4.035160151019647756e+00,-3.964848382764538659e+00,-3.802598524623895582e+00,-3.626883559909286348e+00,-3.561614542166703590e+00,-3.435716250074793976e+00,-3.229605404395410329e+00,-3.153374328518599778e+00,-3.080886753125044564e+00,-3.003097630806882634e+00,-2.802758002518204172e+00,-2.665453177137707019e+00,-2.549485460389602220e+00,-2.398483586117479582e+00,-2.192402978016839032e+00,-2.128304193205259764e+00,-2.021389147781055495e+00,-1.839065982066262928e+00,-1.748362554024972315e+00,-1.604752171795164939e+00,-1.400734978477519821e+00,-1.205029282001898183e+00,-1.016588251492571704e+00,-8.470990446357520298e-01,-6.787124939349105102e-01,2.856147025499032877e-01,7.553544416054318589e-01,1.104171915891113853e+00,1.344242463639557350e+00,1.460481274122765072e+00,1.604786863798824736e+00,1.945581540567707712e+00,2.120901768249991992e+00,2.201396060799982290e+00,2.296048780870008077e+00,2.441530676404653821e+00,2.510457045586596436e+00,2.672836667197011185e+00,2.844697500551418123e+00,2.929973855941418570e+00,3.089941218784483024e+00,3.122565182713056053e+00,3.329621144514671283e+00,3.444683896169521198e+00,3.581099042319508374e+00,3.733075443300515328e+00,3.894613026055977034e+00,4.027490841766836027e+00,4.122737785628080687e+00,4.224119005594546117e+00,4.319113603904386700e+00,4.554526435147391972e+00,4.721082863767630755e+00,4.873838326662879084e+00,5.112280829702568141e+00,5.194776449760809101e+00,5.272120271491811394e+00,5.511604290395654360e+00,5.567313510740678595e+00,5.730723909408801831e+00,5.951291803228239807e+00,6.135400495983255986e+00,6.272991369850129395e+00,6.396784451362496959e+00,6.693382185175035026e+00,6.915688471053335284e+00,7.008390662903060786e+00,7.413774805726864869e+00,7.656614603894557725e+00,7.891419537376389570e+00,8.061879671460358665e+00,8.451557242989474972e+00,8.636617814966779605e+00,9.396448509989395959e+00,9.803292524747462267e+00,1.007892861159686149e+01,1.082124425198073858e+01,1.282896506511977996e+01,1.373426269368264130e+01,1.457754672251825134e+01,6.536390907323915656e+01,7.106392936642824054e+01,7.219862598630049888e+01,7.773077923605212902e+01,8.102164277588764207e+01
7.122678628732920236e-02,-4.356542928757710342e+01,-3.917406087727960795e+01,-3.609893004658194116e+01,-3.275503334797280530e+01,-3.085335697022971857e+01,-1.469649061365502618e+01,-1.420388772959640811e+01,-1.369327983030858320e+01,-1.106112789333081814e+01,-1.073235227022822791e+01,-9.973073863016757912e+00,-9.367133308642275225e+00,-8.848185388310945143e+00,-8.508359575825316767e+00,-8.171977609388337171e+00,-7.791237058076375455e+00,-7.449416489899809868e+00,-7.336816088318369289e+00,-7.089500024033370096e+00,-6.795828768563474398e+00,-6.621665436850105557e+00,-6.279525768798031038e+00,-6.090064084798134658e+00,-5.928812466811168136e+00,-5.748650169709938140e+00,-5.570711378227738209e+00,-5.404995548948952511e+00,-5.337007053737778506e+00,-5.065784847264531265e+00,-4.835038871627669543e+00,-4.710361026723251854e+00,-4.666560199146659649e+00,-4.522900841727895305e+00,-4.276537582100574220e+00,-4.133719754251497847e+00,-4.061203759305232808e+00,-3.955120002108746036e+00,-3.795101071504902279e+00,-3.651506180043715855e+00,-3.574307366812866871e+00,-3.449228925294439030e+00,-3.242844792463031922e+00,-3.156022299751832794e+00,-3.046245730506629279e+00,-2.961228654021084150e+00,-2.795998439477923370e+00,-2.629158561649934445e+00,-2.519270397130785710e+00,-2.386730530291702124e+00,-2.203499353675940853e+00,-2.138589367622475201e+00,-2.032436194277094099e+00,-1.865715370960530750e+00,-1.752313885537714722e+00,-1.579160741764061182e+00,-1.385006718575721552e+00,-1.248294973132104246e+00,-1.044782923712449962e+00,-8.151698684836329312e-01,-5.768119269061858789e-01,4.185926667426246306e-01,6.683376166891535908e-01,1.021724149735088849e+00,1.384729872170716636e+00,1.489571491600909292e+00,1.586642372068556295e+00,1.896061272877818782e+00,2.075739400182675443e+00,2.206041294121949381e+00,2.304536601688170538e+00,2.450909553507953031e+00,2.524683600357936264e+00,2.706163993496745412e+00,2.842205387896758140e+00,2.930024965561772721e+00,3.091664610067089480e+00,3.113987565844042127e+00,3.316513467924769643e+00,3.457497387286140977e+00,3.569442355528076760e+00,3.699952621868592750e+00,3.868283459230312360e+00,4.040098932211269478e+00,4.122640799766226216e+00,4.206546601255308993e+00,4.354219183556431894e+00,4.563402197265730820e+00,4.700619441720544245e+00,4.846607835876600490e+00,5.104226461925409630e+00,5.168595397356367194e+00,5.279475279082273431e+00,5.514893943704738177e+00,5.591836326941490576e+00,5.739676089774361500e+00,5.914638060740488257e+00,6.143676801329616133e+00,6.263622119734941762e+00,6.395617525384896140e+00,6.664518171798130552e+00,6.891019875494357905e+00,6.986846563540566990e+00,7.387802900369713655e+00,7.696966876527576495e+00,7.929295629934988376e+00,8.087583167168370224e+00,8.425404229332567496e+00,8.640616177462481673e+00,9.439754653849455224e+00,9.860033016527479433e+00,1.010858968186168383e+01,1.087661126208990758e+01,1.270850067141180517e+01,1.358940065404656039e+01,1.446209813419165968e+01,6.535796879123108738e+01,7.107088708235585273e+01,7.220935364948705626e+01,7.778129443591760150e+01,8.115660889590466809e+01
7.238502760810393288e-02,-4.370392017027297982e+01,-3.919614570154207200e+01,-3.614536686364896667e+01,-3.288305738154084423e+01,-3.093990268352341744e+01,-1.455170989503426249e+01,-1.403702611205622652e+01,-1.349458202705750764e+01,-1.104626336703592671e+01,-1.072800703612013784e+01,-9.953212691234975651e+00,-9.387744056824477212e+00,-8.851033009165883314e+00,-8.540058200955366274e+00,-8.165090283299868190e+00,-7.771597464927691767e+00,-7.466264250102235600e+00,-7.325138999233284487e+00,-7.114154971156355423e+00,-6.780238739838466699e+00,-6.612677126404334693e+00,-6.256423051010624015e+00,-6.086214938402354058e+00,-5.926258398489666845e+00,-5.766666351841618798e+00,-5.555918465303646414e+00,-5.378115513141008108e+00,-5.330938791064298243e+00,-5.051872043549239244e+00,-4.855513243048988237e+00,-4.735086724975251293e+00,-4.668035880778618640e+00,-4.526063735875114347e+00,-4.285198990766473592e+00,-4.165505648322240795e+00,-4.080551988887994419e+00,-3.946857812299880308e+00,-3.790281992329638250e+00,-3.664221469759094241e+00,-3.592907262462030626e+00,-3.465282140510732578e+00,-3.258022189973145633e+00,-3.146109262076721702e+00,-3.018872439774832106e+00,-2.938260689360927547e+00,-2.793517172698447570e+00,-2.578470082555871290e+00,-2.488732719770795576e+00,-2.377412966996931054e+00,-2.209147851789551975e+00,-2.137322357263509609e+00,-2.025393447168604144e+00,-1.888051840042368923e+00,-1.762164954315986520e+00,-1.544829835368733972e+00,-1.373617233342035560e+00,-1.275179172394657723e+00,-1.058548638731169111e+00,-8.239754053713471693e-01,-4.683262105523445795e-01,4.495190451170983370e-01,6.583257397457173976e-01,9.475587256496771360e-01,1.411105498555911053e+00,1.518099321959880621e+00,1.584304146716188022e+00,1.831724440085486183e+00,2.027254794497117985e+00,2.194280359764169130e+00,2.304314594425851404e+00,2.451457859087683211e+00,2.537786294163681511e+00,2.732928003985531262e+00,2.817105848669714252e+00,2.925151899999138383e+00,3.078591576753966663e+00,3.124243616655779210e+00,3.280008380496398868e+00,3.477973666154271282e+00,3.569459107714783030e+00,3.670373435970802678e+00,3.834510317768788923e+00,4.047576747208379011e+00,4.119571115327406829e+00,4.200579741118741772e+00,4.388190592666673773e+00,4.567926661520181675e+00,4.685182848287124280e+00,4.822228629387024235e+00,5.080252139037441772e+00,5.149177430734245497e+00,5.292595330970337741e+00,5.510675395059572601e+00,5.627709059145368009e+00,5.749347394738277828e+00,5.876400101624967398e+00,6.150051338499618936e+00,6.258647191468907245e+00,6.400396959686614373e+00,6.635168168498375429e+00,6.864687899928588521e+00,6.961045175821716668e+00,7.354152962575001062e+00,7.733460953771007063e+00,7.960919713718155322e+00,8.118109665491118676e+00,8.398511160170436085e+00,8.643929617139439969e+00,9.478576342651473752e+00,9.910453988432291084e+00,1.013400122956394434e+01,1.092461277615215742e+01,1.257928201005894842e+01,1.343822525894067965e+01,1.433706969423252886e+01,6.535256141627262139e+01,7.107677509199918120e+01,7.221961901751534185e+01,7.782871466508832725e+01,8.128406661111381482e+01
7.354326892887866340e-02,-4.383386734981448996e+01,-3.921458637655641155e+01,-3.618996624917410543e+01,-3.300542292392225363e+01,-3.102087707905272751e+01,-1.441509257457540727e+01,-1.385859566311486368e+01,-1.328273047755591918e+01,-1.102589702898671931e+01,-1.071112535492059337e+01,-9.925771291265649054e+00,-9.403585333993051520e+00,-8.853004656876805711e+00,-8.566612567681113788e+00,-8.156735076733101053e+00,-7.744092240500642710e+00,-7.484119368573073139e+00,-7.309991951669009502e+00,-7.133215848480595866e+00,-6.759230949811373179e+00,-6.599075951271466955e+00,-6.235308017497233735e+00,-6.082798302890727093e+00,-5.922844364851999721e+00,-5.792269273951284880e+00,-5.541926125004091652e+00,-5.359387195030730133e+00,-5.325567927569712978e+00,-5.036834635473241839e+00,-4.879700516561775281e+00,-4.759118424636501921e+00,-4.673983601555751655e+00,-4.523295416356020837e+00,-4.297701599803033901e+00,-4.216206392572495965e+00,-4.094022396030089439e+00,-3.952858905464430084e+00,-3.791916320056517797e+00,-3.667532549449988188e+00,-3.604463230639626481e+00,-3.485401858681398846e+00,-3.266597761475075856e+00,-3.128705003523439387e+00,-3.007238143275491105e+00,-2.930954283522165138e+00,-2.791733661048557913e+00,-2.533106791811708280e+00,-2.465431973956479172e+00,-2.364919000855539633e+00,-2.216500629783802800e+00,-2.108712847761943454e+00,-2.011725579985442991e+00,-1.893502069659102727e+00,-1.762894723427804955e+00,-1.528830445091727608e+00,-1.361324304725289869e+00,-1.284938810990395641e+00,-1.051478459812730248e+00,-8.862422378636359843e-01,-3.710606939686527661e-01,3.742545065523324443e-01,7.236050747628375301e-01,9.110641633836690234e-01,1.414167516885881160e+00,1.521014194022746624e+00,1.616605283713760555e+00,1.788793996996767666e+00,1.975961656388998788e+00,2.169082666983177088e+00,2.281437890957753734e+00,2.440087136170032700e+00,2.550689115108259131e+00,2.709035858506328776e+00,2.819818517454475426e+00,2.917796906463652196e+00,3.053080567495651376e+00,3.149869165968897100e+00,3.231581757011187328e+00,3.494918021232085614e+00,3.573207158926921867e+00,3.646925027928851204e+00,3.800672091468005664e+00,4.051636801639101115e+00,4.112574852449498941e+00,4.210500083395299242e+00,4.410005134417303019e+00,4.567851936261222434e+00,4.675645336206970093e+00,4.806641433028815413e+00,5.053680392503113517e+00,5.135818346516225041e+00,5.304531315958310955e+00,5.501500802851900573e+00,5.662628618083515697e+00,5.756712453517819128e+00,5.846769027877180669e+00,6.155995115058821909e+00,6.262258545353287964e+00,6.409355485370809902e+00,6.605089726448937881e+00,6.835388305939376075e+00,6.934060521551892897e+00,7.315980816519589425e+00,7.764424052937960674e+00,7.986247349606385271e+00,8.147576840716762803e+00,8.377193940904010816e+00,8.646009218130133789e+00,9.513614285325020958e+00,9.952650514958339301e+00,1.015585879840334904e+01,1.096492927958479058e+01,1.244260502188100759e+01,1.328279155776559328e+01,1.420390177086415484e+01,6.534768160553332450e+01,7.108168622390131475e+01,7.222938965906593012e+01,7.787296853178925460e+01,8.140360723834203327e+01
7.470151024965339392e-02,-4.395480774828693882e+01,-3.922979856229969897e+01,-3.623246929111176939e+01,-3.312123634848199316e+01,-3.109619045475044885e+01,-1.428668487394467235e+01,-1.367405922964167253e+01,-1.305949346067177430e+01,-1.100203359227837474e+01,-1.068092993438186156e+01,-9.890460676126824779e+00,-9.414970498878778571e+00,-8.852435090050709832e+00,-8.586851224241954128e+00,-8.148569965503966728e+00,-7.710049734411221323e+00,-7.502139140384507243e+00,-7.293531137081315840e+00,-7.144865005615917752e+00,-6.734066107021378755e+00,-6.582182212419308343e+00,-6.218809054316574603e+00,-6.078260296973539312e+00,-5.920221945620840920e+00,-5.820279086062345009e+00,-5.531664680822843572e+00,-5.351142388941723560e+00,-5.324827358293414470e+00,-5.027363845666727116e+00,-4.900254294905526109e+00,-4.777358744559649928e+00,-4.695593942113152508e+00,-4.511226897515458134e+00,-4.324727220227739366e+00,-4.262784028241748402e+00,-4.109632240722781660e+00,-3.974499963104094036e+00,-3.799302054000955664e+00,-3.679928432542527439e+00,-3.599583128201667037e+00,-3.496053511031305128e+00,-3.267697671013925387e+00,-3.112335189074160180e+00,-3.013485301358691970e+00,-2.934882087674261619e+00,-2.777892553161469547e+00,-2.544054165764566111e+00,-2.432557193294372144e+00,-2.336246076347870737e+00,-2.232747271691226665e+00,-2.070961880625156848e+00,-1.989196407436661485e+00,-1.883872219675630788e+00,-1.744581285117752456e+00,-1.527071363882662069e+00,-1.359682633224045034e+00,-1.281372305886981700e+00,-1.054974471254220170e+00,-9.378576642631561988e-01,-4.118338958186142928e-01,4.777793919727601479e-01,6.758103971786530995e-01,9.484202028566440790e-01,1.403649230527757030e+00,1.507320260683434832e+00,1.647730229746091402e+00,1.811244080519229804e+00,1.923990541427517575e+00,2.130423031160671332e+00,2.233046930713344036e+00,2.424207377314318457e+00,2.559993127578851446e+00,2.667288821734314475e+00,2.824050002419117966e+00,2.888977514054186901e+00,3.048860460617263346e+00,3.154672783339814490e+00,3.203016108606346002e+00,3.502533444740535629e+00,3.556866448501014855e+00,3.648815833704656342e+00,3.773745326596130933e+00,4.047083075496288096e+00,4.110943323811310002e+00,4.228662704388803206e+00,4.416719879284728201e+00,4.565941198032036574e+00,4.668427614470150644e+00,4.806124293563767580e+00,5.031088935684252306e+00,5.127824953571195721e+00,5.312721236847626649e+00,5.480541635864969230e+00,5.686131224566858045e+00,5.765342161240935681e+00,5.835597448516485208e+00,6.165909582289708091e+00,6.271870342290334577e+00,6.424081741716928029e+00,6.574932510623705539e+00,6.801855187650001966e+00,6.909279829545202034e+00,7.276551199166758188e+00,7.788488017365939875e+00,8.005803689640586640e+00,8.166658148630968839e+00,8.370493563057019415e+00,8.646713795155942961e+00,9.545676203576475061e+00,9.984791138361551077e+00,1.017494869478777808e+01,1.099713424594009581e+01,1.230019663702765342e+01,1.312548381188243596e+01,1.406431176386844584e+01,6.534331820036834415e+01,7.108571837951211592e+01,7.223862566013022501e+01,7.791398408046030966e+01,8.151486162137761937e+01
7.585975157042812445e-02,-4.406634404525886595e+01,-3.924216733326085915e+01,-3.627261009827486760e+01,-3.322967692862133759e+01,-3.116571746032730772e+01,-1.416631604956705459e+01,-1.348909402748561348e+01,-1.282747489484815695e+01,-1.097652521637434120e+01,-1.063732549570259067e+01,-9.846778123604497779e+00,-9.422511225701954984e+00,-8.846680753415327558e+00,-8.600869185495827907e+00,-8.141259474647057459e+00,-7.672014196275203091e+00,-7.519118786340432514e+00,-7.278141180251266107e+00,-7.147057248050471934e+00,-6.706868724322779585e+00,-6.564004861375019928e+00,-6.208829080026341707e+00,-6.075024331703999358e+00,-5.917613705359389797e+00,-5.846843228515518298e+00,-5.529099304008410876e+00,-5.360178205142811514e+00,-5.319835227400948163e+00,-5.033355035642385289e+00,-4.909263597028438397e+00,-4.793092121560690089e+00,-4.729800844436781837e+00,-4.497742822781971128e+00,-4.372125060884898495e+00,-4.291573864033109587e+00,-4.129843095410332232e+00,-4.002557628936655121e+00,-3.810520422516434191e+00,-3.694199759549099848e+00,-3.610535675814973811e+00,-3.475154180574151486e+00,-3.265178184028775465e+00,-3.109229586125376255e+00,-3.024771609760007696e+00,-2.946900215448326588e+00,-2.750939026005966515e+00,-2.594584704281449827e+00,-2.411024243940814493e+00,-2.308248626414505011e+00,-2.247501653235771446e+00,-2.052585078402282104e+00,-1.951527596571601464e+00,-1.877312298018720238e+00,-1.704540506442824732e+00,-1.536882085723356273e+00,-1.348302037832050271e+00,-1.290759484351646336e+00,-1.113653458311167688e+00,-8.948138091810440287e-01,-4.756675533497835562e-01,3.941574128548979150e-01,7.001610423506539060e-01,1.027317366662724440e+00,1.379950219795658573e+00,1.522562793344794052e+00,1.660951602136009120e+00,1.831675905965669759e+00,1.913379549211899233e+00,2.085815613054008644e+00,2.182265628294366433e+00,2.409851887423396288e+00,2.564214046147031301e+00,2.631395559154398711e+00,2.770775285273917810e+00,2.877463655837654066e+00,3.048255615542300401e+00,3.129122744927018918e+00,3.218507408389518876e+00,3.477197332944677477e+00,3.560587937567793571e+00,3.654060586650294429e+00,3.763973046468198635e+00,4.033361171998992134e+00,4.113836360126327030e+00,4.248653045223443669e+00,4.415576220615403003e+00,4.563564908680545429e+00,4.660233652868672749e+00,4.823102504201255414e+00,5.011681544108409270e+00,5.123012973429935890e+00,5.317063964894250816e+00,5.448896233880374140e+00,5.689376971461843624e+00,5.780698201468374542e+00,5.842670041928458957e+00,6.183816257030983365e+00,6.281956955164503142e+00,6.446408101605554997e+00,6.548386199926433449e+00,6.764859738399092493e+00,6.888788563458455805e+00,7.239149736808822233e+00,7.804569412387867722e+00,8.018942415910363053e+00,8.170552734893744784e+00,8.384015409125410656e+00,8.646270912730958713e+00,9.575631063049076630e+00,1.000560564322625901e+01,1.019168759116887735e+01,1.102050587187434161e+01,1.215444525344669735e+01,1.296901327731633202e+01,1.392031936809456916e+01,6.533945484837188644e+01,7.108897210361443797e+01,7.224728176992573481e+01,7.795169090550540147e+01,8.161749759280918681e+01
7.701799289120285497e-02,-4.416813644552577500e+01,-3.925205415297291012e+01,-3.631011585419954457e+01,-3.332999765162738015e+01,-3.122930803839078706e+01,-1.405417037009560843e+01,-1.330867896527447947e+01,-1.259054874250529643e+01,-1.095043260596346535e+01,-1.058145483506399565e+01,-9.794088964451111323e+00,-9.427067645477512414e+00,-8.832539193493918361e+00,-8.609382383780509684e+00,-8.134844017754350176e+00,-7.635388622470284048e+00,-7.531703373886137420e+00,-7.265985981806560190e+00,-7.138467469386593045e+00,-6.681268265080629654e+00,-6.546844432248545509e+00,-6.205352495069522689e+00,-6.080438673527326365e+00,-5.912974208302134826e+00,-5.866438953980191329e+00,-5.539761738731384888e+00,-5.380775329293284059e+00,-5.308592729129220089e+00,-5.056932555343104596e+00,-4.910443863333590286e+00,-4.811886216798732185e+00,-4.768274072408713593e+00,-4.498258422951376900e+00,-4.414668102018899809e+00,-4.315342392992351783e+00,-4.152535673759471635e+00,-4.025329964859055032e+00,-3.826970494289392288e+00,-3.705733929846811936e+00,-3.634696116960603351e+00,-3.438713878759094733e+00,-3.261737126816610211e+00,-3.131600743727704916e+00,-3.026026813400522819e+00,-2.959263438493121789e+00,-2.722991831177560496e+00,-2.656105027041380851e+00,-2.419776681441552224e+00,-2.310421942513493754e+00,-2.243209175888936979e+00,-2.037700608944471359e+00,-1.937345758061284506e+00,-1.866341319826247291e+00,-1.661491671693389849e+00,-1.560469997197479142e+00,-1.351834238880437189e+00,-1.291759678877348883e+00,-1.133593283483613767e+00,-8.605584055550226097e-01,-5.294742397326899219e-01,-5.678713159609699579e-02,8.251343213886324079e-01,1.112184950806488937e+00,1.358064299417572229e+00,1.554011698325153956e+00,1.673581794424498836e+00,1.773731039633849482e+00,1.949273684963478415e+00,2.070938291020269606e+00,2.160433401865631264e+00,2.400936471988910359e+00,2.557388524629241378e+00,2.602519044278026605e+00,2.691118697370761481e+00,2.867318130993451675e+00,3.032155224655264103e+00,3.124877510476971043e+00,3.229552987355934768e+00,3.441003975682785931e+00,3.584092435686950573e+00,3.646369376088380854e+00,3.777344631809343767e+00,4.012045418692107290e+00,4.117076238062808535e+00,4.266800209934758392e+00,4.415458643884890400e+00,4.562647138091107557e+00,4.650892670670045526e+00,4.852186659215121267e+00,4.994623228050602215e+00,5.114430950567623313e+00,5.317769415649323150e+00,5.419867715971526501e+00,5.682337445542996690e+00,5.785677969088909300e+00,5.863526325277181428e+00,6.207754676601629384e+00,6.290350313255122394e+00,6.466531375823414862e+00,6.540702189387500809e+00,6.728697851097978244e+00,6.872876872819392524e+00,7.207166516863740213e+00,7.811876431637041485e+00,8.023033307500369915e+00,8.167921501756763902e+00,8.411710879541658414e+00,8.645288400656493621e+00,9.604370726653069568e+00,1.001494079534401926e+01,1.020561086288569541e+01,1.103373503914008680e+01,1.200877416304149925e+01,1.281637303772354031e+01,1.377427176469942793e+01,6.533607086829280775e+01,7.109154817110136548e+01,7.225530947451788677e+01,7.798602179747859964e+01,8.171121781137918560e+01
7.817623421197758549e-02,-4.425989562581582248e+01,-3.925980116898141148e+01,-3.634470809601574359e+01,-3.342152567605334923e+01,-3.128679773358965477e+01,-1.395083979803370156e+01,-1.313689694534787833e+01,-1.235414007347435650e+01,-1.092379372234813495e+01,-1.051565235245130125e+01,-9.731944086648097070e+00,-9.429470852735409636e+00,-8.807269488509714250e+00,-8.612771010365198876e+00,-8.129196599724934913e+00,-7.612194152195587371e+00,-7.530835243944705937e+00,-7.257155726424358022e+00,-7.120535311218004537e+00,-6.663408371701691202e+00,-6.532465629303953136e+00,-6.207662056283297147e+00,-6.098330392069408745e+00,-5.912857313369213053e+00,-5.866875489585400061e+00,-5.566875331929383997e+00,-5.406954046304595529e+00,-5.291187053618735980e+00,-5.094262574644799813e+00,-4.920090543094747026e+00,-4.836610400491136552e+00,-4.799278498825381156e+00,-4.519223809838950778e+00,-4.438394341189628278e+00,-4.336753213014666208e+00,-4.174751091606713871e+00,-4.038008166298389767e+00,-3.850373178289066445e+00,-3.724060746764665364e+00,-3.650435246567991232e+00,-3.412724274716895767e+00,-3.256410270762850612e+00,-3.170492069277695002e+00,-3.025699949590873850e+00,-2.965943016254836362e+00,-2.738733325511528260e+00,-2.676655642788059453e+00,-2.463771296879735839e+00,-2.320233223586508409e+00,-2.246002827659189460e+00,-2.013448886624716661e+00,-1.950234327400879986e+00,-1.850840554191591547e+00,-1.639013705475929061e+00,-1.605390588810624575e+00,-1.364018940862245621e+00,-1.272102186099705934e+00,-1.119787373845081202e+00,-8.713640200324821450e-01,-6.385166546473366456e-01,3.361926060653643300e-01,9.176453034738817349e-01,1.174130944839530954e+00,1.358984249967120972e+00,1.559642055588360998e+00,1.657805173796832232e+00,1.759377558179797463e+00,1.957078401585201410e+00,2.073607302433939203e+00,2.181211644094739555e+00,2.399254486334871039e+00,2.539810865212404956e+00,2.571734185366534753e+00,2.634116058611098321e+00,2.841986655019696606e+00,3.021807032687488626e+00,3.127066811675585978e+00,3.220461706507705912e+00,3.421343839418247157e+00,3.595061606521517739e+00,3.649547098752437435e+00,3.805263665994417899e+00,3.984322325885954363e+00,4.120716189795436968e+00,4.283041758408747235e+00,4.419003322938976019e+00,4.562988422242010067e+00,4.643089484576025328e+00,4.880671605302405958e+00,4.981749658414055482e+00,5.099438999487667878e+00,5.315037029405957014e+00,5.407263441850827412e+00,5.672775472239780292e+00,5.775716283876412227e+00,5.884799721252152338e+00,6.225105685270553302e+00,6.299896202722050198e+00,6.466831518024604541e+00,6.571244898914502919e+00,6.703195266105814731e+00,6.861242032947414415e+00,7.184380819039757782e+00,7.809926350850010301e+00,8.016042232649164490e+00,8.171059234342395783e+00,8.442918637649510671e+00,8.644820710133787500e+00,9.632757564813500650e+00,1.001385981574019723e+01,1.021535365003205520e+01,1.103452017176815048e+01,1.186817182799265957e+01,1.267073473339344503e+01,1.362886520447917249e+01,6.533314230303554382e+01,7.109354526019662046e+01,7.226265894862369521e+01,7.801691399158529805e+01,8.179575792611397844e+01
7.933447553275231601e-02,-4.434137674152490405e+01,-3.926573283070462850e+01,-3.637610560521227399e+01,-3.350366257093350697e+01,-3.133801696294937500e+01,-1.385716247149137281e+01,-1.297711168795649783e+01,-1.212534382386053089e+01,-1.089587341133320919e+01,-1.044270943886895253e+01,-9.660912949896992785e+00,-9.429775475130410811e+00,-8.770667174830158785e+00,-8.609446022362405415e+00,-8.124389524584785249e+00,-7.611165895578285934e+00,-7.512060686027237644e+00,-7.249682427028080411e+00,-7.097668122954464032e+00,-6.662053845775630201e+00,-6.521248173280605798e+00,-6.216391696743254869e+00,-6.118679371973299475e+00,-5.921087309217853090e+00,-5.847488048053306464e+00,-5.609423396245425408e+00,-5.439106737292602745e+00,-5.267259236670896350e+00,-5.144889764209823468e+00,-4.948471094379294222e+00,-4.864880836477750492e+00,-4.812136691647815212e+00,-4.543572391320734205e+00,-4.453548759685753033e+00,-4.354718160807690808e+00,-4.195994149518530669e+00,-4.043696580713412203e+00,-3.880496628807211579e+00,-3.755085326252710409e+00,-3.649922523821503173e+00,-3.410970558424927912e+00,-3.247422998369560165e+00,-3.209613353891283882e+00,-3.043898824997977481e+00,-2.959271542640588226e+00,-2.791805212814219672e+00,-2.656563953366560149e+00,-2.524444335437680209e+00,-2.332985728143687876e+00,-2.263206778177234479e+00,-1.989564995891896615e+00,-1.960010225746128043e+00,-1.843239327299857511e+00,-1.705968888365599900e+00,-1.599390862731258967e+00,-1.360170858420780782e+00,-1.265074910937956210e+00,-1.104603498526589567e+00,-8.711514855201505370e-01,-6.749789656828595330e-01,5.324924726601710789e-01,9.688429418488563316e-01,1.195024742857549116e+00,1.385798265240901994e+00,1.543505156609786377e+00,1.627509296466980393e+00,1.784738492160481194e+00,1.980388011888636557e+00,2.082073781969697723e+00,2.194742405298981680e+00,2.373572604348467063e+00,2.504770148216783010e+00,2.565209717191417216e+00,2.632174846832758597e+00,2.812769363665717837e+00,3.016882707414625830e+00,3.129473768643420417e+00,3.196195512693258411e+00,3.419122470539224246e+00,3.584681365473411319e+00,3.670022299549172917e+00,3.842801588518709011e+00,3.955408500545167794e+00,4.125035739090344933e+00,4.300221241223937341e+00,4.424362813621758761e+00,4.558771976385796343e+00,4.641210506376077127e+00,4.889221806618762045e+00,4.976302221785448232e+00,5.093076916176145552e+00,5.309779009318577714e+00,5.411884065698346902e+00,5.663075608835433705e+00,5.754961595488325976e+00,5.897641264287319274e+00,6.224422053214821560e+00,6.305063584932793397e+00,6.471358797010580588e+00,6.600341225011998603e+00,6.715679635155729521e+00,6.853951401671595001e+00,7.175225665635112549e+00,7.798656463251334436e+00,8.001088209566956877e+00,8.183760874333092517e+00,8.469668862291911182e+00,8.646398869638762363e+00,9.661534750896644042e+00,1.000422688483069678e+01,1.021919739165688057e+01,1.101926768380226029e+01,1.173965465567734867e+01,1.253528272813202094e+01,1.348715698795379758e+01,6.533064310292074595e+01,7.109505776685594469e+01,7.226928084929650709e+01,7.804431008510199774e+01,8.187088502418971814e+01
8.049271685352704653e-02,-4.441237437232781815e+01,-3.927015495133859702e+01,-3.640402917566212437e+01,-3.357588429132543695e+01,-3.138279907614406028e+01,-1.377404386843490514e+01,-1.283221403961109353e+01,-1.191280144160947430e+01,-1.086564846103751059e+01,-1.036495655960436224e+01,-9.584947859434072015e+00,-9.425071375320269951e+00,-8.729849979977707619e+00,-8.591850652460829352e+00,-8.120838279002907001e+00,-7.620552115487275735e+00,-7.492718036528466463e+00,-7.242688884992197096e+00,-7.075056811934889112e+00,-6.683022490359617152e+00,-6.513616573113000463e+00,-6.229439941267539638e+00,-6.127070091170075727e+00,-5.929780169021673153e+00,-5.825463964843784481e+00,-5.667486271765080907e+00,-5.474426618152979707e+00,-5.240738223188371236e+00,-5.205308547905231009e+00,-4.984136892091886040e+00,-4.892648139873094770e+00,-4.811268965100311767e+00,-4.562965468780475042e+00,-4.461415939210594317e+00,-4.375536099239262455e+00,-4.215103943521443242e+00,-4.052309092710332017e+00,-3.912393114956408624e+00,-3.789787097136790628e+00,-3.640859539379924126e+00,-3.431120895561448503e+00,-3.247558385036896755e+00,-3.232859721750444226e+00,-3.077008661885524798e+00,-2.947659277551848422e+00,-2.836935179046691680e+00,-2.642612680851523788e+00,-2.578409274835447462e+00,-2.352383709896566089e+00,-2.284522735522469539e+00,-1.994830702758023877e+00,-1.954502135132127671e+00,-1.840751006102894882e+00,-1.779349303164686757e+00,-1.578022371876651286e+00,-1.384147700731038766e+00,-1.259149372437461389e+00,-1.071989138221000282e+00,-8.479811327605176752e-01,-6.352045690345905493e-01,5.993771801650893405e-01,9.622795398483382501e-01,1.217373106362253488e+00,1.399342221871292535e+00,1.544303986770353410e+00,1.616217712400431550e+00,1.810715291724873666e+00,2.000481966501824527e+00,2.105444868076391085e+00,2.193258376592136294e+00,2.316499080303293212e+00,2.450564596455350408e+00,2.597606887004985321e+00,2.661924070826952704e+00,2.798874164450845914e+00,3.006686414198464163e+00,3.136495382568158519e+00,3.175892926111476999e+00,3.421949437437309172e+00,3.571742916165675741e+00,3.685636450357292482e+00,3.881879597111964841e+00,3.938468541002393852e+00,4.129083892074461026e+00,4.320195702937481563e+00,4.428442039706123268e+00,4.546308310547464870e+00,4.646124577116747645e+00,4.872498520693752333e+00,4.974879075988439148e+00,5.112402084547850833e+00,5.302521496693352709e+00,5.424774129538906031e+00,5.653889430520955273e+00,5.727180259534344842e+00,5.902608214158840738e+00,6.209594727199121422e+00,6.294396741978030896e+00,6.490978464184530949e+00,6.599432797050712729e+00,6.776297355711188963e+00,6.855958163096405045e+00,7.184122747177912771e+00,7.778700136877013449e+00,7.984105421962832239e+00,8.203382622703607296e+00,8.486931963506529897e+00,8.651690265369611055e+00,9.691170838549547639e+00,9.988316705696828279e+00,1.021565608659898849e+01,1.098384986181352829e+01,1.163168568792464441e+01,1.241300131094801174e+01,1.335255823367682559e+01,6.532854638035811945e+01,7.109617380060718972e+01,7.227512792755689475e+01,7.806815868563819549e+01,8.193639632560277164e+01
8.165095817430177705e-02,-4.447271829574939517e+01,-3.927335147692625128e+01,-3.642820832051496183e+01,-3.363774078205371865e+01,-3.142098717960918819e+01,-1.370232989431318416e+01,-1.270478221775664274e+01,-1.172596822229145452e+01,-1.083247551726023161e+01,-1.028392289532760984e+01,-9.519654257789714080e+00,-9.401423213568223858e+00,-8.702629602023984390e+00,-8.544114955831190628e+00,-8.119146950641111360e+00,-7.631062805003756111e+00,-7.487417571730894394e+00,-7.241234894712769155e+00,-7.055909200630482658e+00,-6.718720936655643072e+00,-6.512475179992019747e+00,-6.236113755262356229e+00,-6.123557631177278360e+00,-5.938375891431729947e+00,-5.813520682651898142e+00,-5.738934940259870388e+00,-5.506497113722500281e+00,-5.270741431075584238e+00,-5.210963475850086901e+00,-5.016134759418831024e+00,-4.913293511017177373e+00,-4.806501541536182032e+00,-4.577519331744572817e+00,-4.461062892644942934e+00,-4.404929831864283329e+00,-4.229554726377697804e+00,-4.077891093400431544e+00,-3.934867813460712238e+00,-3.818308729270504465e+00,-3.630065920304979432e+00,-3.458463476348621057e+00,-3.277794997464362314e+00,-3.227695939978433959e+00,-3.110130133245644579e+00,-2.944316281125130885e+00,-2.875287683864695243e+00,-2.643604973363720578e+00,-2.610550991652267339e+00,-2.375236402677771252e+00,-2.302412959466073605e+00,-2.019479086981867066e+00,-1.984424983174689183e+00,-1.833826493081950559e+00,-1.792037570962692117e+00,-1.558753616198004677e+00,-1.417794612424223333e+00,-1.275177498161975231e+00,-1.006555019165057852e+00,-8.181931356526627175e-01,-5.290896331551560028e-01,5.839517726377249085e-01,9.228044442596464725e-01,1.224401832030435955e+00,1.399633932466489705e+00,1.555727395935299739e+00,1.627276976765368754e+00,1.837953071461946086e+00,2.006209979998002435e+00,2.105511727972109615e+00,2.182085761136712154e+00,2.275464045585229744e+00,2.423581421342664743e+00,2.607036701380839538e+00,2.681028565918058160e+00,2.825449367237490073e+00,2.986669716966500854e+00,3.147950415222498410e+00,3.178118796804711987e+00,3.418894347329390015e+00,3.558961385795088361e+00,3.698422087041962403e+00,3.892326810401307569e+00,3.962649585267226104e+00,4.132497221118476283e+00,4.339102111481630608e+00,4.428273162028461662e+00,4.531311491154928817e+00,4.653109373296265616e+00,4.848787286035743271e+00,4.976644284013924668e+00,5.147498324406386772e+00,5.293348599412673217e+00,5.436275084614055508e+00,5.641765401380244072e+00,5.700074847201012318e+00,5.904866504047638465e+00,6.187435417739263421e+00,6.271681022375964254e+00,6.507580181391207752e+00,6.601331347791444593e+00,6.809113811609626588e+00,6.907185083593551767e+00,7.212900171312343289e+00,7.751538632112045413e+00,7.969090933083282202e+00,8.226577511493941230e+00,8.492444065860413005e+00,8.661537855193499169e+00,9.721595087647839861e+00,9.968779158439472710e+00,1.020381522666318830e+01,1.092697523736552334e+01,1.155093502805982020e+01,1.230645443628190883e+01,1.322879288576313073e+01,6.532682567793932549e+01,7.109697338952888401e+01,7.228015644455764743e+01,7.808841484667067334e+01,8.199211809363825409e+01
8.280919949507650757e-02,-4.452226999335078972e+01,-3.927557938941225757e+01,-3.644838970616609686e+01,-3.368885513281009025e+01,-3.145243977871540153e+01,-1.364273932921844690e+01,-1.259712349111756424e+01,-1.157321639920518486e+01,-1.079705704250889653e+01,-1.020129131986640481e+01,-9.490247669281641762e+00,-9.336028001067992577e+00,-8.697144954513930770e+00,-8.463649868423424039e+00,-8.119586214795631918e+00,-7.639502083032641444e+00,-7.501719871231305348e+00,-7.258794662021220923e+00,-7.037656924770290701e+00,-6.749142638847485998e+00,-6.520778614814433105e+00,-6.228734535740467315e+00,-6.120248416106515599e+00,-5.953078281957469464e+00,-5.838302268011433149e+00,-5.785043074461368562e+00,-5.536871793651914508e+00,-5.318582456917641643e+00,-5.193165663885449312e+00,-5.039906505771670098e+00,-4.921889397821160195e+00,-4.803628452570404939e+00,-4.586647907189083107e+00,-4.467018323368477262e+00,-4.430037325837634654e+00,-4.244067248242113344e+00,-4.117557229341202607e+00,-3.944647934380866694e+00,-3.834721486514224065e+00,-3.622254295806401903e+00,-3.478898149350353020e+00,-3.311747182771671127e+00,-3.226288206214576793e+00,-3.133620897833404584e+00,-2.957436930687690868e+00,-2.909969065936007571e+00,-2.661119997460994480e+00,-2.617476787263056881e+00,-2.400577165492137510e+00,-2.309722150748113378e+00,-2.081651297362425712e+00,-2.006310718404688664e+00,-1.815022436494402980e+00,-1.767291618147011301e+00,-1.547230357335358963e+00,-1.439469515620698692e+00,-1.309079368148805100e+00,-9.415800401678517950e-01,-7.683405230843890488e-01,-3.571104090813045362e-01,5.653501319521001545e-01,8.841505343968593111e-01,1.185963612517366927e+00,1.408017440966202960e+00,1.539545818758438100e+00,1.666122165140391687e+00,1.851317561761617769e+00,2.005135366710664169e+00,2.066266016081280465e+00,2.157504072802947981e+00,2.267206913966958393e+00,2.436780490939541188e+00,2.602755895616906567e+00,2.674271266028381167e+00,2.872825684505957877e+00,2.963336525251889064e+00,3.160137741909782250e+00,3.205485722765155199e+00,3.405215296961509708e+00,3.545180349454515767e+00,3.717293944990629484e+00,3.891319930472655120e+00,4.005565820051126380e+00,4.136570622616267734e+00,4.343950427950142412e+00,4.425473439589206137e+00,4.523179677055629178e+00,4.658966258203284028e+00,4.833020950607625821e+00,4.984790606879211161e+00,5.181996688561770981e+00,5.282577846159744794e+00,5.439905461174020296e+00,5.617114454007282376e+00,5.687177627659720791e+00,5.911061093079414519e+00,6.162484247446093022e+00,6.243414540853056138e+00,6.505247597705881013e+00,6.624199590559190831e+00,6.802458940209477056e+00,6.998321513713531949e+00,7.257972491642945556e+00,7.719179941736125983e+00,7.957666194517738489e+00,8.250806209938305713e+00,8.486701457391868431e+00,8.675334536654013107e+00,9.751736097442906370e+00,9.948948214693029257e+00,1.018357618031352452e+01,1.085465092113228103e+01,1.149777734677007679e+01,1.221761435018126107e+01,1.311980255378485083e+01,6.532545619453047436e+01,7.109752691195983232e+01,7.228432738706079874e+01,7.810504034082357805e+01,8.203790473557315011e+01
8.396744081585123809e-02,-4.456091981111427458e+01,-3.927706234037960087e+01,-3.646434679292356407e+01,-3.372892229897082217e+01,-3.147703532909312685e+01,-1.359584106918937607e+01,-1.251123167153743942e+01,-1.145905275454687278e+01,-1.076229638484548978e+01,-1.012112060740736652e+01,-9.483760958147399833e+00,-9.245217142857180548e+00,-8.707720001551255251e+00,-8.366774743360512190e+00,-8.121025617979571010e+00,-7.645127702035360073e+00,-7.534381583754438338e+00,-7.303459887293779040e+00,-7.015187350558871771e+00,-6.758759898509378417e+00,-6.539261327191367990e+00,-6.209368609641282788e+00,-6.135892114696734012e+00,-5.980099019784715253e+00,-5.881029131537029109e+00,-5.788843146015392627e+00,-5.574947684283151794e+00,-5.343716317636803659e+00,-5.189432070319383250e+00,-5.050307726755017157e+00,-4.917462954327380231e+00,-4.806570483677257144e+00,-4.590524122126386608e+00,-4.500423645342498169e+00,-4.423931147900379557e+00,-4.275990331254178045e+00,-4.143135723077917554e+00,-3.951227545974477007e+00,-3.838519152652555722e+00,-3.620079512784740494e+00,-3.484961517501635075e+00,-3.345592417624170256e+00,-3.232365811930373756e+00,-3.144913901388635136e+00,-2.986133516665377297e+00,-2.940812982356916461e+00,-2.684039035368241066e+00,-2.609175506104456588e+00,-2.429679380315749704e+00,-2.304389852012691531e+00,-2.142248955359456808e+00,-2.023236113430891159e+00,-1.789600530777556431e+00,-1.734537371590205046e+00,-1.545434212587206702e+00,-1.448349493849477199e+00,-1.344391387717161379e+00,-9.218990983031274400e-01,-6.638765689141796766e-01,-9.025462015712826247e-02,6.216123244185370877e-01,8.570408746138882261e-01,1.124154603216056980e+00,1.410935386353574517e+00,1.509196631669289301e+00,1.701348341819535204e+00,1.832182796085531695e+00,1.997021327851634664e+00,2.026197061471686656e+00,2.136096143424944138e+00,2.276698818304454086e+00,2.469841974221439695e+00,2.586927644314969132e+00,2.667932487701200284e+00,2.890573797866889727e+00,2.961612568108830335e+00,3.175106247535889548e+00,3.240234203658482137e+00,3.383339250601071768e+00,3.532540579628801414e+00,3.743811497785250797e+00,3.896537674328307332e+00,4.043189190403828626e+00,4.144238028944211116e+00,4.323504367659581682e+00,4.424882106099162549e+00,4.524311072587167359e+00,4.666139357255946862e+00,4.828219153346474002e+00,5.000057980095037102e+00,5.206537788023672952e+00,5.269997239142262480e+00,5.435940808548028969e+00,5.582983580780766175e+00,5.687797419312513370e+00,5.926508763628357102e+00,6.136549375261767025e+00,6.213582255517193786e+00,6.493050517751965955e+00,6.657002762384661487e+00,6.788745977987449720e+00,7.088439492510625328e+00,7.310628354740010160e+00,7.683805859599499577e+00,7.950268837882945583e+00,8.274238991162107482e+00,8.472013998750353991e+00,8.691468584326678126e+00,9.778761495786023161e+00,9.933424972971415912e+00,1.015610523159622325e+01,1.077964803934576921e+01,1.146639952321526579e+01,1.214779297542698444e+01,1.302957227047284938e+01,6.532441591805743997e+01,7.109789376497381852e+01,7.228760748276387460e+01,7.811800381510762747e+01,8.207363807291211799e+01
8.512568213662596861e-02,-4.458858471184348815e+01,-3.927798375989632262e+01,-3.647588987272281713e+01,-3.375770751563784700e+01,-3.149467579763568281e+01,-1.356205712094772053e+01,-1.244871505661314259e+01,-1.138265515942659611e+01,-1.073286592380346072e+01,-1.005157061842543520e+01,-9.483085049456356330e+00,-9.151732041193927358e+00,-8.731344393781215629e+00,-8.274088771601642023e+00,-8.118728749632762032e+00,-7.650793771312815572e+00,-7.575144183229594042e+00,-7.362336382072211194e+00,-6.991577500892518060e+00,-6.745718712879384071e+00,-6.568096678733462035e+00,-6.200697651165456570e+00,-6.162935494517613577e+00,-5.996335955847987620e+00,-5.906076497221946831e+00,-5.781987460929957301e+00,-5.620306048197990734e+00,-5.349727997583881844e+00,-5.198044882257717880e+00,-5.048023039378494836e+00,-4.902543836393045140e+00,-4.816966669076913732e+00,-4.598012471778987198e+00,-4.522754512915018843e+00,-4.409904541429692237e+00,-4.326914961482682287e+00,-4.145017993825016234e+00,-3.959982498576238186e+00,-3.833548753707393786e+00,-3.620739568661250907e+00,-3.481234472660380774e+00,-3.372507161412501731e+00,-3.246783413189386458e+00,-3.146238603180974369e+00,-3.017336300300517138e+00,-2.968510999937400641e+00,-2.703964276999340832e+00,-2.594072176569593324e+00,-2.458914288949149984e+00,-2.293458533003843947e+00,-2.185776999886430261e+00,-2.039657139907291583e+00,-1.759076966313061208e+00,-1.706991791984715512e+00,-1.552753758460111433e+00,-1.451545443119910184e+00,-1.367134384110997747e+00,-9.357210413583746389e-01,-5.244940924229198886e-01,2.527319863439543846e-01,7.237761292648877687e-01,8.474666770623495715e-01,1.069444297865264071e+00,1.389295361985539268e+00,1.484918188555854446e+00,1.718612903190170682e+00,1.790564343570858918e+00,1.977622748527948726e+00,2.002901153892234110e+00,2.127985042739238608e+00,2.305302047186784442e+00,2.491000888901606203e+00,2.571050471308890195e+00,2.667549030588816983e+00,2.871632914815095194e+00,2.985383449142627654e+00,3.186642380834093569e+00,3.271143467276664829e+00,3.362758029158134931e+00,3.521334324952176242e+00,3.775247097692304710e+00,3.902463484448678077e+00,4.073921745244079240e+00,4.157794723926834912e+00,4.286187383119681726e+00,4.422431456369025682e+00,4.528091129411366822e+00,4.678680670933442975e+00,4.829676348808665587e+00,5.021046069607531415e+00,5.218200349420634154e+00,5.253393524889531818e+00,5.432386258489079189e+00,5.549797663244939727e+00,5.692214136149859272e+00,5.952661144286803818e+00,6.108372177866990604e+00,6.186785663775627775e+00,6.481130941431429093e+00,6.687017907825326013e+00,6.775483935604608376e+00,7.165111038646917230e+00,7.360121002829408177e+00,7.648346775002570652e+00,7.946665569463884360e+00,8.295519060237827702e+00,8.452065061221620823e+00,8.707438131164870754e+00,9.797829898631537304e+00,9.927830320824774901e+00,1.012478813492080043e+01,1.071584382167654148e+01,1.144947246336296054e+01,1.209770149718948673e+01,1.296185559790796127e+01,6.532368661916558494e+01,7.109812127443059637e+01,7.228997001952529899e+01,7.812728086585978815e+01,8.209922676473291858e+01
8.628392345740069913e-02,-4.460520657205297823e+01,-3.927848027441721968e+01,-3.648287548946674974e+01,-3.377504463010102853e+01,-3.150528932684906280e+01,-1.354167554077061375e+01,-1.241073934448339244e+01,-1.133970341336511467e+01,-1.071331342725515690e+01,-1.000354843766969459e+01,-9.483353269834250199e+00,-9.073000540585731244e+00,-8.762642143035924036e+00,-8.213705759967808717e+00,-8.103409815252767601e+00,-7.666389232969762269e+00,-7.599895173897825096e+00,-7.413077589418961999e+00,-6.974502115919751333e+00,-6.715730591787536952e+00,-6.605984850484337478e+00,-6.237287955575239629e+00,-6.146153268664087399e+00,-5.994597536976309371e+00,-5.929453315290369453e+00,-5.767600590211333866e+00,-5.661002544504392553e+00,-5.348047795244187164e+00,-5.208680447374911537e+00,-5.041593739323537271e+00,-4.882266286375696929e+00,-4.832703994100083555e+00,-4.616340791464432769e+00,-4.514783704138732645e+00,-4.399218014334604909e+00,-4.375890009647685375e+00,-4.139019800212155431e+00,-3.968670858483358099e+00,-3.826303057991739198e+00,-3.619528101379242191e+00,-3.482073344597423237e+00,-3.382233714726693652e+00,-3.264400457222178975e+00,-3.143376660232867881e+00,-3.039702079171552551e+00,-2.988863178265766418e+00,-2.717072352380296429e+00,-2.578726347745903702e+00,-2.482686022881115839e+00,-2.284315548776028493e+00,-2.211447400337690716e+00,-2.051219934856455041e+00,-1.731331613980318762e+00,-1.688828616449727260e+00,-1.568382155700211111e+00,-1.451776163311030432e+00,-1.373171593071884633e+00,-9.571559334412679254e-01,-4.008256533364983332e-01,3.501366151560714735e-01,7.742465678301700960e-01,8.677891644402336846e-01,1.044715984800963504e+00,1.357497793466200253e+00,1.466761626889825809e+00,1.709250390850358015e+00,1.772157027513837191e+00,1.950230717104400657e+00,1.987857732792611465e+00,2.135988956706833086e+00,2.340045664466570585e+00,2.484027516760198395e+00,2.569417635137290379e+00,2.669834381403071610e+00,2.851364497086950056e+00,3.004508473616682274e+00,3.189794170877207957e+00,3.290819543346287901e+00,3.354448722835175811e+00,3.510838781363037953e+00,3.806055477541254284e+00,3.900138701300202015e+00,4.101923978064847098e+00,4.174667799857590289e+00,4.244445235645708969e+00,4.417763659493014750e+00,4.529621069449545345e+00,4.693014214141382645e+00,4.832066327868762556e+00,5.042550997405496283e+00,5.221016961918524935e+00,5.233498790146115631e+00,5.435542383629504926e+00,5.523691491495067218e+00,5.695813895623791367e+00,5.986129901286362021e+00,6.076232570743892225e+00,6.168713563713258630e+00,6.473272660651734789e+00,6.707398561781543478e+00,6.766272327787755891e+00,7.218535183449239057e+00,7.396487271624343052e+00,7.618735918724091505e+00,7.945736812539765381e+00,8.312526094849584268e+00,8.432959485271654287e+00,8.719600826551548778e+00,9.806181063014779653e+00,9.933071501443686557e+00,1.009691255490827544e+01,1.067370842673778952e+01,1.144142608914687465e+01,1.206761675050042015e+01,1.291980069480903914e+01,6.532325466659622748e+01,7.109824384814996279e+01,7.229139547415512368e+01,7.813285406449290349e+01,8.211460587145681700e+01
8.744216477817542965e-02,-4.461075098866677990e+01,-3.927863626436202082e+01,-3.648521416705538201e+01,-3.378083462964531236e+01,-3.150883208034515803e+01,-1.353486343578819628e+01,-1.239800347670636604e+01,-1.132594359473412737e+01,-1.070649449810499831e+01,-9.986346252293765602e+00,-9.483481513477370228e+00,-9.038575296128765757e+00,-8.780238098957896753e+00,-8.197377685236423517e+00,-8.089160233142612455e+00,-7.679237567953928867e+00,-7.603542584248185854e+00,-7.433882832606507840e+00,-6.968469782103787757e+00,-6.690494032937929880e+00,-6.633798077066156651e+00,-6.254131291858857189e+00,-6.135958464675485224e+00,-5.988833950911748971e+00,-5.943348133740877337e+00,-5.757983854572347404e+00,-5.679619459567198270e+00,-5.346655014151239449e+00,-5.213126237944417873e+00,-5.038544982779967540e+00,-4.868156056746031801e+00,-4.844790507262679569e+00,-4.625968331628619978e+00,-4.503092127510366360e+00,-4.403930137346170781e+00,-4.390886809689652281e+00,-4.135948641161593997e+00,-3.972354709423294050e+00,-3.823037001985970740e+00,-3.617945981736497174e+00,-3.485929250971036009e+00,-3.380867928064779093e+00,-3.273296494814274649e+00,-3.141726297111565813e+00,-3.047760750899496163e+00,-2.996316825523479555e+00,-2.721628188445440522e+00,-2.571425252742883583e+00,-2.492831875235250294e+00,-2.280888972788124303e+00,-2.219940628962101314e+00,-2.055255920682451443e+00,-1.719472915620513964e+00,-1.681662425906069736e+00,-1.578178597173085507e+00,-1.451333010710517568e+00,-1.372536664299110365e+00,-9.672020031399316542e-01,-3.498064421133879054e-01,3.873553298856649563e-01,7.792788635314406021e-01,8.838287829879030166e-01,1.043288155674781503e+00,1.343778410673606594e+00,1.457476849346303949e+00,1.697887253696982901e+00,1.773894601459465648e+00,1.934621314293312633e+00,1.984026299131791182e+00,2.141496914968857634e+00,2.358122604076666295e+00,2.473174078725806968e+00,2.571759847657349773e+00,2.671153601695682944e+00,2.843326817728462075e+00,3.011385052009582619e+00,3.189299013890610990e+00,3.296150229518160391e+00,3.355153521884093326e+00,3.505814812396254698e+00,3.821342895607214185e+00,3.895062247561024815e+00,4.116890278953031945e+00,4.187858006324047366e+00,4.217964193103171056e+00,4.415382494924623202e+00,4.529743593509784283e+00,4.699453577735228649e+00,4.832984658210980555e+00,5.052741790434736480e+00,5.220384260772568119e+00,5.223913103589867823e+00,5.439271826193563975e+00,5.512667063780416044e+00,5.697117535913432285e+00,6.010488338772150385e+00,6.052600792973506394e+00,6.162540133064603687e+00,6.470585764100714066e+00,6.714544083133290542e+00,6.763037045014530513e+00,7.238131153213421598e+00,7.410429129765001122e+00,7.606224887125528689e+00,7.945733790773327421e+00,8.319778119269050976e+00,8.424388709349736715e+00,8.724204965085338159e+00,9.807827994279101347e+00,9.937998604684143089e+00,1.008483201037210186e+01,1.065907094431350188e+01,1.143908219657244096e+01,1.205759001623401439e+01,1.290553129100154450e+01,6.532311163278318134e+01,7.109828237201350021e+01,7.229187195656928111e+01,7.813471295840145103e+01,8.211973654965782998e+01
8.744216477817542965e-02,-4.461075098866677990e+01,-3.927863626436202082e+01,-3.648521416705538201e+01,-3.378083462964531236e+01,-3.150883208034515803e+01,-1.353486343578819628e+01,-1.239800347670636604e+01,-1.132594359473412737e+01,-1.070649449810499831e+01,-9.986346252293765602e+00,-9.483481513477370228e+00,-9.038575296128765757e+00,-8.780238098957896753e+00,-8.197377685236423517e+00,-8.089160233142612455e+00,-7.679237567953928867e+00,-7.603542584248185854e+00,-7.433882832606507840e+00,-6.968469782103787757e+00,-6.690494032937929880e+00,-6.633798077066156651e+00,-6.254131291858857189e+00,-6.135958464675485224e+00,-5.988833950911748971e+00,-5.943348133740877337e+00,-5.757983854572347404e+00,-5.679619459567198270e+00,-5.346655014151239449e+00,-5.213126237944417873e+00,-5.038544982779967540e+00,-4.868156056746031801e+00,-4.844790507262679569e+00,-4.625968331628619978e+00,-4.503092127510366360e+00,-4.403930137346170781e+00,-4.390886809689652281e+00,-4.135948641161593997e+00,-3.972354709423294050e+00,-3.823037001985970740e+00,-3.617945981736497174e+00,-3.485929250971036009e+00,-3.380867928064779093e+00,-3.273296494814274649e+00,-3.141726297111565813e+00,-3.047760750899496163e+00,-2.996316825523479555e+00,-2.721628188445440522e+00,-2.571425252742883583e+00,-2.492831875235250294e+00,-2.280888972788124303e+00,-2.219940628962101314e+00,-2.055255920682451443e+00,-1.719472915620513964e+00,-1.681662425906069736e+00,-1.578178597173085507e+00,-1.451333010710517568e+00,-1.372536664299110365e+00,-9.672020031399316542e-01,-3.498064421133879054e-01,3.873553298856649563e-01,7.792788635314406021e-01,8.838287829879030166e-01,1.043288155674781503e+00,1.343778410673606594e+00,1.457476849346303949e+00,1.697887253696982901e+00,1.773894601459465648e+00,1.934621314293312633e+00,1.984026299131791182e+00,2.141496914968857634e+00,2.358122604076666295e+00,2.473174078725806968e+00,2.571759847657349773e+00,2.671153601695682944e+00,2.843326817728462075e+00,3.011385052009582619e+00,3.189299013890610990e+00,3.296150229518160391e+00,3.355153521884093326e+00,3.505814812396254698e+00,3.821342895607214185e+00,3.895062247561024815e+00,4.116890278953031945e+00,4.187858006324047366e+00,4.217964193103171056e+00,4.415382494924623202e+00,4.529743593509784283e+00,4.699453577735228649e+00,4.832984658210980555e+00,5.052741790434736480e+00,5.220384260772568119e+00,5.223913103589867823e+00,5.439271826193563975e+00,5.512667063780416044e+00,5.697117535913432285e+00,6.010488338772150385e+00,6.052600792973506394e+00,6.162540133064603687e+00,6.470585764100714066e+00,6.714544083133290542e+00,6.763037045014530513e+00,7.238131153213421598e+00,7.410429129765001122e+00,7.606224887125528689e+00,7.945733790773327421e+00,8.319778119269050976e+00,8.424388709349736715e+00,8.724204965085338159e+00,9.807827994279101347e+00,9.937998604684143089e+00,1.008483201037210186e+01,1.065907094431350188e+01,1.143908219657244096e+01,1.205759001623401439e+01,1.290553129100154450e+01,6.532311163278318134e+01,7.109828237201350021e+01,7.229187195656928111e+01,7.813471295840145103e+01,8.211973654965782998e+01
8.862910938495369151e-02,-4.461041300619100269e+01,-3.928025332064728303e+01,-3.648566803073362763e+01,-3.378110197095278266e+01,-3.150902883109115393e+01,-1.353445705867548199e+01,-1.240110430466528513e+01,-1.132774053142820314e+01,-1.070888026722720809e+01,-9.993312859668749937e+00,-9.484068683109684983e+00,-9.045452557813350225e+00,-8.775180832487665228e+00,-8.204878877653772662e+00,-8.092848422696542698e+00,-7.682415441064510908e+00,-7.602328415035487730e+00,-7.441321993660130474e+00,-6.982690893375679053e+00,-6.704047008322009837e+00,-6.626236820020000806e+00,-6.268169280016050671e+00,-6.151964023443990293e+00,-6.000809153911268901e+00,-5.948809459049220649e+00,-5.780492101427041618e+00,-5.660729820928058764e+00,-5.360587743052285248e+00,-5.219677989950650243e+00,-5.061788219130938238e+00,-4.914044556029229405e+00,-4.814639958977056544e+00,-4.604568130947490623e+00,-4.514309211524349053e+00,-4.447381722662198555e+00,-4.360471529653574763e+00,-4.135251248962656057e+00,-3.972676338858846190e+00,-3.836694692837890663e+00,-3.623267327812459637e+00,-3.519222961859253651e+00,-3.360285194092828664e+00,-3.264428996761067125e+00,-3.159119571253043102e+00,-3.050035181114533422e+00,-3.011303158174956085e+00,-2.709001417625733765e+00,-2.590425604276674676e+00,-2.489888895649684741e+00,-2.315057993143373238e+00,-2.220126326107878967e+00,-2.025046065018857533e+00,-1.791751516238253794e+00,-1.696237248246188045e+00,-1.524053319173085397e+00,-1.469793499463226905e+00,-1.356062622348585656e+00,-9.298134157425278490e-01,-4.750726560201418147e-01,5.125599952505954793e-01,7.102788482109723134e-01,8.230251417295816330e-01,1.037618004900939583e+00,1.344252397259753762e+00,1.475316823735426608e+00,1.706229628565966827e+00,1.755253799037209905e+00,1.949793898913798840e+00,2.021908157018784014e+00,2.155373337388015731e+00,2.354504905919714286e+00,2.493580781698268911e+00,2.563631769342391120e+00,2.684623384692070402e+00,2.861517166911495824e+00,3.007399731875814552e+00,3.199986754320499838e+00,3.290935557533441358e+00,3.360437821239969036e+00,3.535413651343892738e+00,3.815240360294873678e+00,3.911890727505118459e+00,4.119313854355528548e+00,4.200627921441464352e+00,4.229408709258218657e+00,4.430451433458575394e+00,4.526676742478806581e+00,4.705028156960909591e+00,4.848423945846734640e+00,5.042763530958581875e+00,5.190204835877693768e+00,5.267367941907117768e+00,5.439362419919079983e+00,5.530403884771084577e+00,5.708202586317137950e+00,6.013433473242942640e+00,6.066134276522372026e+00,6.170616766318087087e+00,6.470271458865542336e+00,6.724773634515830878e+00,6.776770835810230764e+00,7.240292066165648244e+00,7.406029715210141084e+00,7.615829872503472764e+00,7.951789286114312461e+00,8.309547843556011060e+00,8.431849823898799556e+00,8.727404604234207497e+00,9.808583103020765748e+00,9.940783736498177703e+00,1.008305397842618945e+01,1.066646510258277480e+01,1.144225471398823935e+01,1.205785914303177186e+01,1.291277114915337165e+01,6.532286807342563861e+01,7.109871334979372648e+01,7.229178442323140530e+01,7.813510235887986255e+01,8.211958015096479357e+01
8.981605399173195337e-02,-4.460940798133747620e+01,-3.928505798274088079e+01,-3.648702128886847618e+01,-3.378190075153735705e+01,-3.150961380958020541e+01,-1.353327175527768134e+01,-1.241035280797507490e+01,-1.133317301826349244e+01,-1.071598860214466598e+01,-1.001350967952111937e+01,-9.485860191232729832e+00,-9.064841241043190223e+00,-8.762183295372784286e+00,-8.227539839579602443e+00,-8.103521911770066311e+00,-7.690606154218995627e+00,-7.602430899142184728e+00,-7.462550319032534851e+00,-7.019922799421360438e+00,-6.736131255251964767e+00,-6.616323242628851631e+00,-6.307000842276923258e+00,-6.194287278293101551e+00,-6.042567121307469868e+00,-5.961154122946868306e+00,-5.817471147924321961e+00,-5.638575284709999025e+00,-5.398160518516272433e+00,-5.242572796121345746e+00,-5.114558559141255678e+00,-4.989221127117152044e+00,-4.792924743210368987e+00,-4.566827787328378463e+00,-4.533012270788866260e+00,-4.490672967483140710e+00,-4.343059761301307553e+00,-4.149221300072762020e+00,-3.977063953427799170e+00,-3.870620759119020260e+00,-3.632142140548764164e+00,-3.576642164025332526e+00,-3.336618209078406672e+00,-3.258602947366926461e+00,-3.196055239287502125e+00,-3.069840301904351865e+00,-3.024409278984231175e+00,-2.691309822895746606e+00,-2.625924399175438850e+00,-2.491315894036132850e+00,-2.375337208556884239e+00,-2.227225871340456909e+00,-1.983640393057610973e+00,-1.883456232854421097e+00,-1.720277789242398825e+00,-1.542429527493694996e+00,-1.458234326413839987e+00,-1.319075903904318059e+00,-8.706288519702582995e-01,-5.184375447814284499e-01,2.037497207099975283e-01,5.387636055934109658e-01,8.714630248681046742e-01,1.067671411699182782e+00,1.348428712475585600e+00,1.456528481427898036e+00,1.690839973105205951e+00,1.808961274659826257e+00,1.969561974596497844e+00,2.060091486418744733e+00,2.194292643964676159e+00,2.368780010012283110e+00,2.504802830125254953e+00,2.577992350959982915e+00,2.720773400903242045e+00,2.908146640310693698e+00,3.011679854795692002e+00,3.213012176538429188e+00,3.311171012763410193e+00,3.376008813996207891e+00,3.604825503768539274e+00,3.805876991113164021e+00,3.954404026886152224e+00,4.129043152212141798e+00,4.235309463086317727e+00,4.261727314653353638e+00,4.465535976776118687e+00,4.522523889796204344e+00,4.728091844835743629e+00,4.884636439249833373e+00,5.025954601328637139e+00,5.170912148756121596e+00,5.319352123833764878e+00,5.449056896579369536e+00,5.572797452712601185e+00,5.739231444183615416e+00,6.027957761793032887e+00,6.101491351315869061e+00,6.194209780433439505e+00,6.471289364302416303e+00,6.742337386128564702e+00,6.826221701646474571e+00,7.245548969776041126e+00,7.397335776277476960e+00,7.640813090030254884e+00,7.969488904326422762e+00,8.287404005252582806e+00,8.447117408402768035e+00,8.736969402084996617e+00,9.810295433444640167e+00,9.949302789969308947e+00,1.007839095493820381e+01,1.068806628549559790e+01,1.145170007085915387e+01,1.205868853812263453e+01,1.293422211764079854e+01,6.532214388299868801e+01,7.109999527480785275e+01,7.229152372308834629e+01,7.813626121302938543e+01,8.211911469652997653e+01
9.100299859851021522e-02,-4.460776241248142782e+01,-3.929291258795738173e+01,-3.648924883330775515e+01,-3.378322094791416674e+01,-3.151057138024377835e+01,-1.353140996711640476e+01,-1.242558254765735093e+01,-1.134235759459757986e+01,-1.072766998144532380e+01,-1.004504888542056484e+01,-9.488933918585578553e+00,-9.094249450642529098e+00,-8.746203479367283151e+00,-8.265440383158004778e+00,-8.120543092677413810e+00,-7.704283953503366256e+00,-7.610363044628770446e+00,-7.493621637191795415e+00,-7.068676429896449953e+00,-6.781777403162815077e+00,-6.616186528754446350e+00,-6.366950839875007873e+00,-6.247684246628940841e+00,-6.113052807063053429e+00,-5.981044847770684569e+00,-5.852311139036161514e+00,-5.641736817103951473e+00,-5.449332342522312800e+00,-5.289036043658800423e+00,-5.184886534020884064e+00,-5.064114278759724641e+00,-4.797442229914428147e+00,-4.596541680824196341e+00,-4.512129456605030065e+00,-4.501778949729125401e+00,-4.342814996222841728e+00,-4.185333867022817955e+00,-3.994745287256517230e+00,-3.913647547306336794e+00,-3.659663070509711957e+00,-3.606603447646180793e+00,-3.349577180600735726e+00,-3.281691866619919740e+00,-3.205912263852188193e+00,-3.099397456369807902e+00,-3.018812883034346140e+00,-2.721214394126009850e+00,-2.648937942594411066e+00,-2.500006998190595020e+00,-2.442754926724423292e+00,-2.213110260049044875e+00,-2.026118597453976822e+00,-1.868715711203940311e+00,-1.760865060119817471e+00,-1.600461235590820541e+00,-1.454635669578099977e+00,-1.276368763094232195e+00,-9.384805424058537682e-01,-6.395715696089966373e-01,-3.469636326196980369e-01,5.610674611234115483e-01,9.263499819269261915e-01,1.084759657276967992e+00,1.260101379434442226e+00,1.496287314331391949e+00,1.684249859208924116e+00,1.875249841406519069e+00,1.975455080489763704e+00,2.086307412791193361e+00,2.241604808811358485e+00,2.387627561585816682e+00,2.499231912330241556e+00,2.617739620885022767e+00,2.788394636236777302e+00,2.941595014625778326e+00,3.070037821737976902e+00,3.212801075680198348e+00,3.361657905945694136e+00,3.424730908381918404e+00,3.686718183683055372e+00,3.809946156383838378e+00,4.014243821158673953e+00,4.144283343484695514e+00,4.281548006280290863e+00,4.313960119569857810e+00,4.483609324770108984e+00,4.550310246107203582e+00,4.772165425404973682e+00,4.920136088867336888e+00,5.031097069561306867e+00,5.158226208790089196e+00,5.372213999818397312e+00,5.481115307737994158e+00,5.623827104829897117e+00,5.785875256222532848e+00,6.058062852805085718e+00,6.154191979128390777e+00,6.231613965958242574e+00,6.476954634641908015e+00,6.760967723713064537e+00,6.907043550645774133e+00,7.250403583339265268e+00,7.393662717998132905e+00,7.674126234350706177e+00,7.996732365879132942e+00,8.265791442014782220e+00,8.462569274584398116e+00,8.752586090524381746e+00,9.811603456567068449e+00,9.963654999687694414e+00,1.007273157672694985e+01,1.072234682293457197e+01,1.146720368648292343e+01,1.206014157612357174e+01,1.296910011870898138e+01,6.532095831478098091e+01,7.110209543631955853e+01,7.229109553175337055e+01,7.813816168576640564e+01,8.211835132939357607e+01
9.218994320528847708e-02,-4.460551957539701107e+01,-3.930359375977783287e+01,-3.649230849573936553e+01,-3.378504493063592662e+01,-3.151187608951610741e+01,-1.352904544610235327e+01,-1.244650121754529692e+01,-1.135545971072512295e+01,-1.074367034710112812e+01,-1.008537618277843606e+01,-9.493393727821134220e+00,-9.131532783069998160e+00,-8.732543259966359273e+00,-8.318446085011546032e+00,-8.143406000713262927e+00,-7.731173937590036793e+00,-7.628316452129367597e+00,-7.526850483299697636e+00,-7.119029234877346290e+00,-6.840491187369787340e+00,-6.628783153046094334e+00,-6.441334312514831240e+00,-6.307743593811495408e+00,-6.196129595077928265e+00,-6.016765367872312531e+00,-5.883259409069938606e+00,-5.675118713454366137e+00,-5.512859041303668661e+00,-5.364409010092584751e+00,-5.263286371716819900e+00,-5.118435785600972565e+00,-4.823073391053855907e+00,-4.642614506887476900e+00,-4.532138873881362606e+00,-4.494875144508584164e+00,-4.351522177781757428e+00,-4.214468587842586267e+00,-4.028423845879324006e+00,-3.963891352902325860e+00,-3.715831377486174425e+00,-3.594666794356088158e+00,-3.398921578566649782e+00,-3.313110479979932244e+00,-3.217783121498949406e+00,-3.107543246745416710e+00,-3.004573912138979619e+00,-2.786011971602633697e+00,-2.704608113266462333e+00,-2.526639584782660819e+00,-2.468555811703520231e+00,-2.181551589632181543e+00,-2.057682260347170278e+00,-1.888291487401341229e+00,-1.766913615216166633e+00,-1.631297080775325758e+00,-1.497717322135097451e+00,-1.232495313315885133e+00,-1.056392997893435881e+00,-7.772033610079422949e-01,-3.324228515974680387e-01,6.531855151397277792e-01,8.387589932045653729e-01,1.053653572343606015e+00,1.230781945811658007e+00,1.579438834718787543e+00,1.696369751601183973e+00,1.905052408742207382e+00,1.991232549168756805e+00,2.077813754103081667e+00,2.286011142426021436e+00,2.407403466217588495e+00,2.506942727988552111e+00,2.668156074991674398e+00,2.861513287330338162e+00,2.990169354615379582e+00,3.148636503770474881e+00,3.239771890450236391e+00,3.373074533422308008e+00,3.532567313534282771e+00,3.757271626151740040e+00,3.847752206508975537e+00,4.081351965046214225e+00,4.169637205551009806e+00,4.337611271149476089e+00,4.362553792448096601e+00,4.504760328486589138e+00,4.603990900928589092e+00,4.828651414392146179e+00,4.944939292664348507e+00,5.074823502427504351e+00,5.150233988485968695e+00,5.426948060916853223e+00,5.535217974602938185e+00,5.676437301698132210e+00,5.841597164810769627e+00,6.100944707654865518e+00,6.221605587937514947e+00,6.282068558227434707e+00,6.490226777630716093e+00,6.783908898969476908e+00,7.003959304652159545e+00,7.251620310608804409e+00,7.402985465943138443e+00,7.710528696755329925e+00,8.028038534107089674e+00,8.254399334364288521e+00,8.477693929295883279e+00,8.773397714033539074e+00,9.811067972521174241e+00,9.982645200880945424e+00,1.006923005352845557e+01,1.076728510594841737e+01,1.148841471213899013e+01,1.206231684194585085e+01,1.301616589145291947e+01,6.531934276918730120e+01,7.110496035101573398e+01,7.229050922738922225e+01,7.814075807168967458e+01,8.211730834942504487e+01
9.337688781206673894e-02,-4.460273822452727188e+01,-3.931680105830591287e+01,-3.649614070954778811e+01,-3.378734626130293606e+01,-3.151349353008633969e+01,-1.352642705407526513e+01,-1.247266899450567124e+01,-1.137264964663402367e+01,-1.076363524187814136e+01,-1.013179625259475181e+01,-9.499362984400931964e+00,-9.175097997298696129e+00,-8.725630923834382102e+00,-8.386638852381059550e+00,-8.171251513336676098e+00,-7.781262546625533183e+00,-7.654345501145427555e+00,-7.552762962679047121e+00,-7.167340715486783864e+00,-6.910082801374369588e+00,-6.652963607855884476e+00,-6.518218119164562729e+00,-6.383848567158827869e+00,-6.276651761898818904e+00,-6.072832690832972169e+00,-5.911254379245105106e+00,-5.724954656118473650e+00,-5.598083037700020803e+00,-5.450755209660986367e+00,-5.331298180200620074e+00,-5.168653995926777434e+00,-4.861969878344913454e+00,-4.674208073544027897e+00,-4.612442037816826712e+00,-4.503740369813765909e+00,-4.365826305929080497e+00,-4.217876246985377442e+00,-4.079458144558545385e+00,-4.014708512765307269e+00,-3.764097914920755628e+00,-3.586401909196390569e+00,-3.455121139075891801e+00,-3.352552175977992821e+00,-3.249477802555206463e+00,-3.114043618897387677e+00,-2.980565838020161618e+00,-2.880145870315457213e+00,-2.740202329967894368e+00,-2.583725148122701931e+00,-2.450373479157635703e+00,-2.160427536394193826e+00,-2.069211246243510605e+00,-1.921948678280088751e+00,-1.784659306874943008e+00,-1.644971018309217659e+00,-1.529003437145335598e+00,-1.248626725838991147e+00,-1.055762443573280640e+00,-9.225122392064990517e-01,-4.186896956928960467e-01,5.970010939765016955e-01,7.660585494585807620e-01,1.068711480523405033e+00,1.309703073622177971e+00,1.581657973211733514e+00,1.767534247113738521e+00,1.914049705054701400e+00,2.012268140277129636e+00,2.055941504634908767e+00,2.298703602482122577e+00,2.436676155314563719e+00,2.557493758410095186e+00,2.709222421346245024e+00,2.911214159810733282e+00,3.087982836460545499e+00,3.206083894979571802e+00,3.296917402973698952e+00,3.392698548485185039e+00,3.639312050433942680e+00,3.794934809626977934e+00,3.926387335139391421e+00,4.126016722316659724e+00,4.236398944343703121e+00,4.365302188121305882e+00,4.427902202488493977e+00,4.561849765275682422e+00,4.659775973402926041e+00,4.882565395779923989e+00,4.980257321387786540e+00,5.125762320670975036e+00,5.166612449346165370e+00,5.487690122192771192e+00,5.599603875052076241e+00,5.732364465773421180e+00,5.897505956484386580e+00,6.150485611954039200e+00,6.294114351243491612e+00,6.351072004375874158e+00,6.514832045770033275e+00,6.811864044284699382e+00,7.101429989576135249e+00,7.253412388447670445e+00,7.427380954174985561e+00,7.747614124969330440e+00,8.054583675571201695e+00,8.260586949788788047e+00,8.497193241693599575e+00,8.798213286174865644e+00,9.807832192710002062e+00,1.000160863533321098e+01,1.007348719514984481e+01,1.082072551685330275e+01,1.151485642704989587e+01,1.206534228950873811e+01,1.307381157209232825e+01,6.531733979699974668e+01,7.110851727075930739e+01,7.228977776484906315e+01,7.814398781458999110e+01,8.211601080946394404e+01
9.456383241884500079e-02,-4.459949084116333040e+01,-3.933216826244976261e+01,-3.650066829701890470e+01,-3.379008834389232163e+01,-3.151538146874335666e+01,-1.352388223768812203e+01,-1.250347102828324353e+01,-1.139404160349441675e+01,-1.078713123444727628e+01,-1.018180807555029332e+01,-9.507005660299871153e+00,-9.223461676658747166e+00,-8.728809005661316789e+00,-8.469564380495466338e+00,-8.202979448725585598e+00,-7.852519983832491945e+00,-7.689491573655232060e+00,-7.566965924274258626e+00,-7.217529581811182204e+00,-6.984207991617703115e+00,-6.690123870023403363e+00,-6.590052182913395562e+00,-6.471240313342245365e+00,-6.351328396278900890e+00,-6.147017690950304036e+00,-5.942218948861255789e+00,-5.790298113946771963e+00,-5.682837885143515066e+00,-5.523478439657621308e+00,-5.396458437611886261e+00,-5.229081424944661549e+00,-4.904280281734604507e+00,-4.750353344267412403e+00,-4.668183893417124253e+00,-4.527877535338447501e+00,-4.396857610514255832e+00,-4.234781428178197693e+00,-4.141104817075258460e+00,-4.039352522255979849e+00,-3.803356767163231567e+00,-3.604391462541501223e+00,-3.517768012196178962e+00,-3.404181948255817325e+00,-3.259544233554677373e+00,-3.142681048354738049e+00,-2.998912450737419633e+00,-2.943108295607739233e+00,-2.730456317474928341e+00,-2.617379747665068646e+00,-2.450202022483666031e+00,-2.180342104008199389e+00,-2.066078005094958758e+00,-1.952270323793904527e+00,-1.818723377772320404e+00,-1.667391631559033138e+00,-1.502723939731607006e+00,-1.311079992307781383e+00,-1.044218843565078103e+00,-9.814529932334207230e-01,-6.727771614863494731e-01,5.215557115905127272e-01,8.525861924082477339e-01,1.143215362458174900e+00,1.412165739460212510e+00,1.532153415792455897e+00,1.831782097278664700e+00,1.939134248497185631e+00,2.023156106052593550e+00,2.051847618072934143e+00,2.334533562913797322e+00,2.440067934123169913e+00,2.626981023112529456e+00,2.756589157828303716e+00,2.950495326984678535e+00,3.184670223489245000e+00,3.255253902007772204e+00,3.341935724742993941e+00,3.461761472087081071e+00,3.730334428603180541e+00,3.805533616613393288e+00,4.018701913824345162e+00,4.155019154573809104e+00,4.319911877506154241e+00,4.390357432491226675e+00,4.515482374320868075e+00,4.626021474370022979e+00,4.723735283053040135e+00,4.927349877523672816e+00,5.032182608219860853e+00,5.142957778102190680e+00,5.243429919864074584e+00,5.553438565907223179e+00,5.664999595773042351e+00,5.791205671784536158e+00,5.949149391597692293e+00,6.200582120309849010e+00,6.359787740901118980e+00,6.443498869515513761e+00,6.555310245820154869e+00,6.844129212587836797e+00,7.170575854575409025e+00,7.279365479718995502e+00,7.464475717907348873e+00,7.785233325465968690e+00,8.071232288954579559e+00,8.283181386864232110e+00,8.528881293527534879e+00,8.826110188053112537e+00,9.801780420417555817e+00,1.001293272524964628e+01,1.009279369889180167e+01,1.088052144422737122e+01,1.154594073202777160e+01,1.206937191988799896e+01,1.314015937319990535e+01,6.531500177244168981e+01,7.111267620873236694e+01,7.228891749178021087e+01,7.814777291408312010e+01,8.211448995793340089e+01
9.575077702562326265e-02,-4.459586149310712955e+01,-3.934927657189741979e+01,-3.650579658545395034e+01,-3.379322320280757452e+01,-3.151749116961565278e+01,-1.352181740156209599e+01,-1.253808958592569311e+01,-1.141962202794520742e+01,-1.081368442551853626e+01,-1.023322200977380447e+01,-9.516574426094010164e+00,-9.274920227494694913e+00,-8.745457409212740174e+00,-8.563398575900498244e+00,-8.238448630953367768e+00,-7.934434929581851037e+00,-7.731594222043750797e+00,-7.575893012197228771e+00,-7.277392339087367823e+00,-7.053815491548273364e+00,-6.747953101293206579e+00,-6.653979988475719587e+00,-6.553456668887999825e+00,-6.419358633299444783e+00,-6.230575246961548075e+00,-5.982174380210106612e+00,-5.881502912535395922e+00,-5.737153183728436190e+00,-5.585016443360842686e+00,-5.457949166275603226e+00,-5.293830142838526598e+00,-4.947802020719626270e+00,-4.879403856129163941e+00,-4.675981452840101582e+00,-4.569790699130564349e+00,-4.442879443004727591e+00,-4.297169653316882609e+00,-4.192634668008013321e+00,-4.035270074877048252e+00,-3.839207072692182088e+00,-3.662976390864946197e+00,-3.570491911071365543e+00,-3.462241701193393695e+00,-3.252461050282473121e+00,-3.175595934477262627e+00,-3.073365829469717703e+00,-2.944462095098813847e+00,-2.700590202264388395e+00,-2.633388658101466717e+00,-2.461299140813259179e+00,-2.228374652084010421e+00,-2.064036048885629526e+00,-2.002791777995458045e+00,-1.836079322365639310e+00,-1.670644881851097052e+00,-1.508811997713176423e+00,-1.336351732648067836e+00,-1.083920812033078551e+00,-9.441732882887367007e-01,-8.205565223286725995e-01,4.776774255304266914e-01,9.446355890386529675e-01,1.252893020763703902e+00,1.432838001347022772e+00,1.561049498859201190e+00,1.850603285855698887e+00,1.974379201378547055e+00,2.046589860305526809e+00,2.086889288220156402e+00,2.392422484894188184e+00,2.442396566051079354e+00,2.688463636779593990e+00,2.807873805435683323e+00,2.987370130717667660e+00,3.227947875599906258e+00,3.321480751432726031e+00,3.400159106513495288e+00,3.549831764265353407e+00,3.770742050836072501e+00,3.839127193549384476e+00,4.100804197758440850e+00,4.196009874900605396e+00,4.349606943978578499e+00,4.475401019722642815e+00,4.592774717230888371e+00,4.682404933839682926e+00,4.806430532113135534e+00,4.972666667594459078e+00,5.080535708850614007e+00,5.175135320393715155e+00,5.338717080394759229e+00,5.620658062062432236e+00,5.728141629684009750e+00,5.840873464603265397e+00,6.002865571040613801e+00,6.248671312744457751e+00,6.420073278702091990e+00,6.546753763881066668e+00,6.614956615339139923e+00,6.879785476236311759e+00,7.190169277613172483e+00,7.346106210069798692e+00,7.513257544103769447e+00,7.824100236150225207e+00,8.081682305027895197e+00,8.311779392753029683e+00,8.578699934252014714e+00,8.857063066646402305e+00,9.793304998386739513e+00,1.001620715033612008e+01,1.012632582380474311e+01,1.094453262623191669e+01,1.158098554832566229e+01,1.207458351931327556e+01,1.321316051528130586e+01,6.531238929787564018e+01,7.111733240702288583e+01,7.228794790003807691e+01,7.815202169762697793e+01,8.211278253626446144e+01
9.693772163240152451e-02,-4.459194338574285865e+01,-3.936766895578082170e+01,-3.651141404718116945e+01,-3.379669066068849759e+01,-3.151976884188523442e+01,-1.352071034861067389e+01,-1.257548561649520913e+01,-1.144917951373362719e+01,-1.084281946091854287e+01,-1.028413682129684936e+01,-9.528482234821202823e+00,-9.327510347613229058e+00,-8.784132030964912019e+00,-8.655230089852631536e+00,-8.279240144713039484e+00,-8.017273089053034596e+00,-7.776063776867296440e+00,-7.590282374919535613e+00,-7.349689275464081462e+00,-7.114203381468994003e+00,-6.827088647247256503e+00,-6.714381259970279459e+00,-6.621171212878726564e+00,-6.474260903568292314e+00,-6.312170117579354311e+00,-6.034253921893563799e+00,-5.972435973393918296e+00,-5.789196312760228835e+00,-5.650280838779131010e+00,-5.495225617765528092e+00,-5.348760037243783572e+00,-5.021552501673175684e+00,-4.985853737285623311e+00,-4.689689714998758419e+00,-4.633541941419196952e+00,-4.489192364014352066e+00,-4.376997537051940945e+00,-4.234628566890556556e+00,-4.042022004953198966e+00,-3.870965236628497230e+00,-3.740954267261221489e+00,-3.607883920509146858e+00,-3.512933574245947543e+00,-3.263242321014681924e+00,-3.194420733335156637e+00,-3.130333136672419858e+00,-2.935771114222126332e+00,-2.695353315939033045e+00,-2.644639248914429253e+00,-2.460447106868912659e+00,-2.273596325898581849e+00,-2.097680366629167903e+00,-2.042660135394667620e+00,-1.845044609103475786e+00,-1.668114824016283526e+00,-1.540270384741515119e+00,-1.319731110337728719e+00,-1.122364168555381569e+00,-9.520419048972820208e-01,-7.626092035639023825e-01,4.336983739190200526e-01,1.004123603780269214e+00,1.272189314276132466e+00,1.492023556020938280e+00,1.654276046766766095e+00,1.860432864379970352e+00,1.996797671125541962e+00,2.076322462128050717e+00,2.159987842892455934e+00,2.436727068397314344e+00,2.484856651014271556e+00,2.746664874322179983e+00,2.846446381054952735e+00,3.015772465349325415e+00,3.252465056471218752e+00,3.406842227580114013e+00,3.454627298710786221e+00,3.629295063976230917e+00,3.751867536933625846e+00,3.922228818850237886e+00,4.156869662136285726e+00,4.256516724229960857e+00,4.374740924806006959e+00,4.559417309111094774e+00,4.643831376788559062e+00,4.738862265742118218e+00,4.899476690773115983e+00,5.030561308620192129e+00,5.113701961468691159e+00,5.233366152575452901e+00,5.441466580170081002e+00,5.687314107662149176e+00,5.785365268621532664e+00,5.868201950192802663e+00,6.069488798732422197e+00,6.295631974088197857e+00,6.477759207243185990e+00,6.642258909438448988e+00,6.696151005148410995e+00,6.918541448150103079e+00,7.194847763507238092e+00,7.414700872627392414e+00,7.575210987114139094e+00,7.864073352687894314e+00,8.091647503383535778e+00,8.340467590072865534e+00,8.643740923970186785e+00,8.892560278504728188e+00,9.783002241744783944e+00,1.001628864902502336e+01,1.016756410541090894e+01,1.101058984205601199e+01,1.161923219888182501e+01,1.208117264577766647e+01,1.329068641122082362e+01,6.530956941080364686e+01,7.112236915668846393e+01,7.228689130533712159e+01,7.815663092866010686e+01,8.211092994226936526e+01
9.812466623917978636e-02,-4.458783619675713084e+01,-3.938686488538799324e+01,-3.651739362046925663e+01,-3.380041815128008409e+01,-3.152215714621761933e+01,-1.352108741028843397e+01,-1.261440375656601631e+01,-1.148225283336802072e+01,-1.087406971138138267e+01,-1.033288362320796949e+01,-9.543394898302587137e+00,-9.379203880659662929e+00,-8.861056196905474636e+00,-8.721838911991143917e+00,-8.327667451214875172e+00,-8.093754725872454259e+00,-7.821010698804882644e+00,-7.620419937394830256e+00,-7.426213143352527801e+00,-7.169198151503577421e+00,-6.911406913139591879e+00,-6.783313765649721994e+00,-6.671733038136375527e+00,-6.512830650789086739e+00,-6.384515796181904790e+00,-6.105220053836314165e+00,-6.038434007557776262e+00,-5.854545549112967429e+00,-5.730285655354666829e+00,-5.498917125303528941e+00,-5.385497670490980937e+00,-5.141376818075046984e+00,-5.051358401241277996e+00,-4.739257284881523979e+00,-4.697015981116908101e+00,-4.524276742092881776e+00,-4.449062251424146908e+00,-4.276645984343787177e+00,-4.083587627596424241e+00,-3.900747923225029279e+00,-3.800081303365485219e+00,-3.652425845092100776e+00,-3.537432503154859020e+00,-3.294000987737552677e+00,-3.207824453330423431e+00,-3.164547060435009218e+00,-2.921577030183952761e+00,-2.724460235353024284e+00,-2.660904636682491553e+00,-2.440607851492276215e+00,-2.301671068329305569e+00,-2.149667998088678367e+00,-2.072207266385494684e+00,-1.851938763800534682e+00,-1.678300449948214368e+00,-1.540836040868295287e+00,-1.312202502849563412e+00,-1.160699471338200173e+00,-9.666298377480779802e-01,-5.750314377360318252e-01,4.845061109302494229e-01,1.028051609617450568e+00,1.213812144066501286e+00,1.623143036700785746e+00,1.740712206701562792e+00,1.890706025209165642e+00,1.991065405895801499e+00,2.137269422470741365e+00,2.222418519917154001e+00,2.482476168326404053e+00,2.555917750194065086e+00,2.800051522062782183e+00,2.870821739702447140e+00,3.034711581043286976e+00,3.293414185470651123e+00,3.472543264264419172e+00,3.512989310007830213e+00,3.683463305549121269e+00,3.743494371239723062e+00,4.007322712714165291e+00,4.190781376301355721e+00,4.323993011608787462e+00,4.414510697902509051e+00,4.612055780951509476e+00,4.681851238158555084e+00,4.794949810775367638e+00,4.981670466617583060e+00,5.104840520355188538e+00,5.147256673496312551e+00,5.304171971158321952e+00,5.544359593297858879e+00,5.754184507840745866e+00,5.817143475311320699e+00,5.894858067476459240e+00,6.145005107830061597e+00,6.342261159550766081e+00,6.535332285765156790e+00,6.716884809197903650e+00,6.794137124400790206e+00,6.961649676146457466e+00,7.201771194800040909e+00,7.469862753489675100e+00,7.648129791503816222e+00,7.903216130140693352e+00,8.104766358917048663e+00,8.371509766791229268e+00,8.712701866876262358e+00,8.936142510076278356e+00,9.771459228033531730e+00,1.001568703914766978e+01,1.021228158830641242e+01,1.107650152906160201e+01,1.165985793017959082e+01,1.208933646070197909e+01,1.337060756005134721e+01,6.530661366759750308e+01,7.112766087501923096e+01,7.228577244872460028e+01,7.816148821343153941e+01,8.210897727365400556e+01
9.931161084595804822e-02,-4.458364329482931510e+01,-3.940637475907823983e+01,-3.652359480931860247e+01,-3.380432133427113683e+01,-3.152459670511625944e+01,-1.352347599365455721e+01,-1.265341688567615641e+01,-1.151811181287862951e+01,-1.090693580702642329e+01,-1.037802085462840118e+01,-9.562343827807643137e+00,-9.428207994432506567e+00,-8.965839264283294696e+00,-8.765672804553275910e+00,-8.384276903439687345e+00,-8.159867899116418855e+00,-7.867698398390520431e+00,-7.673165594794518540e+00,-7.494776781884973538e+00,-7.224453055206084606e+00,-6.987439225349956651e+00,-6.858941787143934654e+00,-6.708847763588774882e+00,-6.539006461704315321e+00,-6.446682584250336134e+00,-6.186095076301755924e+00,-6.082023354505725621e+00,-5.925750653903893550e+00,-5.814576680807659770e+00,-5.493580485860881879e+00,-5.401221062061734912e+00,-5.251419425059544288e+00,-5.126642545155838171e+00,-4.834532843568914551e+00,-4.739160815990888231e+00,-4.552246785656295813e+00,-4.500068793597588268e+00,-4.325661753787240826e+00,-4.148875047915789871e+00,-3.944893150686424210e+00,-3.833132642848559701e+00,-3.691297985230810319e+00,-3.537317808565664912e+00,-3.344125913868050581e+00,-3.227852434970074125e+00,-3.167737600550383004e+00,-2.914282693150217707e+00,-2.768691868158462466e+00,-2.675997888478975906e+00,-2.424417910979359991e+00,-2.318045352765541800e+00,-2.176270189277528910e+00,-2.099089701640249661e+00,-1.868560642679490291e+00,-1.696497304034767728e+00,-1.526640314651013908e+00,-1.306918102852480112e+00,-1.210998042226721472e+00,-9.355444459706782068e-01,-4.295429903322993681e-01,6.886511349313992891e-01,1.045755429164201500e+00,1.159650347256741432e+00,1.704695155996573286e+00,1.840912234308525575e+00,1.926284051801115949e+00,2.000001992211632107e+00,2.199042650180988545e+00,2.265309410161391757e+00,2.554422587089954177e+00,2.620654592884381184e+00,2.826985356517722980e+00,2.903783478969932830e+00,3.061038337784155683e+00,3.344035095021129500e+00,3.475428583698145779e+00,3.608552380071648802e+00,3.697137926519624251e+00,3.782620178625390572e+00,4.084681778432275756e+00,4.214182807895027416e+00,4.385154584077115558e+00,4.462098570075078818e+00,4.635742056417998747e+00,4.719272942057159526e+00,4.847539251995338638e+00,5.036246299147986605e+00,5.177550750241170618e+00,5.207782487684625039e+00,5.377764203324394643e+00,5.628494801407067705e+00,5.816574156490292857e+00,5.827425136048518084e+00,5.946794695269764119e+00,6.217377297087440802e+00,6.387502869520244708e+00,6.595305869353737194e+00,6.772661790808005122e+00,6.890638062370446626e+00,7.011569960344592900e+00,7.215646880599067892e+00,7.514692211751893502e+00,7.724921953696203047e+00,7.938581210107059860e+00,8.123824337876834889e+00,8.408297652770675867e+00,8.772939353624741088e+00,8.992210457260821244e+00,9.759160934168310320e+00,1.001520494961874164e+01,1.025810741561203088e+01,1.114012995464148226e+01,1.170197825619911214e+01,1.209924173315535967e+01,1.345085814749011632e+01,6.530359617716929677e+01,7.113307634378713828e+01,7.228461801538516340e+01,7.816647466045029091e+01,8.210697226912708402e+01
1.004985554527363101e-01,-4.457946894529806769e+01,-3.942571344230879760e+01,-3.652986658998511160e+01,-3.380830559158439996e+01,-3.152702757626788710e+01,-1.352832478926789506e+01,-1.269102284185589191e+01,-1.155577737173283559e+01,-1.094080227900914970e+01,-1.041840616272112818e+01,-9.586862259897888094e+00,-9.473191518297214841e+00,-9.074643949932418963e+00,-8.802595108306517702e+00,-8.446147122905374616e+00,-8.215698543624704087e+00,-7.920418481640285613e+00,-7.741534166869715072e+00,-7.553103626582692520e+00,-7.280368511374421203e+00,-7.054828559570395896e+00,-6.927970894948480840e+00,-6.739001089491635454e+00,-6.561318528863385957e+00,-6.498084600921528953e+00,-6.264863800211650791e+00,-6.113178901899479989e+00,-5.993703256330270790e+00,-5.892436155774636752e+00,-5.502760264728211226e+00,-5.405310819208997586e+00,-5.336717808367842153e+00,-5.208288631083475728e+00,-4.935909332225007162e+00,-4.779103925016495502e+00,-4.592421291275856632e+00,-4.520073220310292683e+00,-4.379999245284659892e+00,-4.221108034026380018e+00,-4.005584067128747705e+00,-3.856443980695623885e+00,-3.701915734087920296e+00,-3.527840957888999540e+00,-3.411259201014631426e+00,-3.245016341687096961e+00,-3.154885500795363118e+00,-2.917866652976202069e+00,-2.811142237487615159e+00,-2.683816160793714545e+00,-2.425355744385712331e+00,-2.336154807121091803e+00,-2.163934904550497862e+00,-2.115403084457867067e+00,-1.894720999710782339e+00,-1.713928404172976316e+00,-1.527667769249650309e+00,-1.335002892035946909e+00,-1.209470710425310847e+00,-8.648547204556676915e-01,-4.230298254868188335e-01,8.771797697102909908e-01,1.040213100972035454e+00,1.186196865531877087e+00,1.736435690729833947e+00,1.886093325214111660e+00,1.978107453681736683e+00,2.062428357181087080e+00,2.244392597055338889e+00,2.306638914710245736e+00,2.622407188801606281e+00,2.673272645681732840e+00,2.836048591134238350e+00,2.950904592462450182e+00,3.107002516587242802e+00,3.388367513949928078e+00,3.464934654274717918e+00,3.654414749198390044e+00,3.758061760148128094e+00,3.836175620635169814e+00,4.150016808837150961e+00,4.232140075493695974e+00,4.436392818164605956e+00,4.502616476605642681e+00,4.652220113892243880e+00,4.756869102501091184e+00,4.889393680638143280e+00,5.068571249946430157e+00,5.240441232559476248e+00,5.291508140253202264e+00,5.448576209253812586e+00,5.660412505973277497e+00,5.831669258482913065e+00,5.914871088509528363e+00,6.006466200203381511e+00,6.280025326967055399e+00,6.428152699568620676e+00,6.658994905082455951e+00,6.811475551490250524e+00,6.973948691371058217e+00,7.067955052027250495e+00,7.239778678112460675e+00,7.552319909078818227e+00,7.800076704914618908e+00,7.968372512188554246e+00,8.151081133838593118e+00,8.451492838461886592e+00,8.817937241022585582e+00,9.061018537820668683e+00,9.746499197229516298e+00,1.001507387405150773e+01,1.030344830804640033e+01,1.119952895696653350e+01,1.174463747334207042e+01,1.211097487397636918e+01,1.352948610990493883e+01,6.530059165223651974e+01,7.113848201583850539e+01,7.228345606957293512e+01,7.817146773770160451e+01,8.210496416798650898e+01
1.016855000595145719e-01,-4.457541560219626575e+01,-3.944441248665782496e+01,-3.653605108011625902e+01,-3.381226839116367699e+01,-3.152939066167680338e+01,-1.353589291337979716e+01,-1.272579289662674640e+01,-1.159407649971924670e+01,-1.097486243887260393e+01,-1.045330148000573622e+01,-9.619078687780071135e+00,-9.513200400410775970e+00,-9.174978612298016145e+00,-8.837387562883112224e+00,-8.508484411804206005e+00,-8.263851864064395869e+00,-7.985049976567009544e+00,-7.806506967523596074e+00,-7.607694138041366294e+00,-7.333125495590224752e+00,-7.122618903263195911e+00,-6.978147069987931772e+00,-6.765605059325814352e+00,-6.597020324928676516e+00,-6.527555374242813180e+00,-6.337950629569728100e+00,-6.137325177311959479e+00,-6.053158978713280902e+00,-5.957256807906240681e+00,-5.537350395905804135e+00,-5.426961484374836608e+00,-5.379658416421062128e+00,-5.281653049916037013e+00,-5.024569890969165620e+00,-4.819182240677271523e+00,-4.640379505547532979e+00,-4.525103616201833212e+00,-4.429717352514019879e+00,-4.294528028281176191e+00,-4.067488407992094324e+00,-3.880231902598139992e+00,-3.693389198786475536e+00,-3.523758480312952912e+00,-3.474080951204268963e+00,-3.256317650602605696e+00,-3.143138747699207425e+00,-2.927908208596698536e+00,-2.841368918686850265e+00,-2.684598444104588477e+00,-2.439846425404271990e+00,-2.347124261994754324e+00,-2.170237781390258025e+00,-2.086800792696712037e+00,-1.918738242503614355e+00,-1.733316085398896922e+00,-1.549505058697027149e+00,-1.370899145960744914e+00,-1.154058450858490126e+00,-7.925694497011794848e-01,-4.888290091419570382e-01,9.322551760663219111e-01,1.040179114505332736e+00,1.311543871848520837e+00,1.750453311487267127e+00,1.879820268516338766e+00,2.027041892625340402e+00,2.147945224680149590e+00,2.263372673234233190e+00,2.374574595531970811e+00,2.648310152954139962e+00,2.709559276644301740e+00,2.869045582106332759e+00,3.003509497413056284e+00,3.161550119844030338e+00,3.404525982066444634e+00,3.478379501034049248e+00,3.664281860993907181e+00,3.840889186174263781e+00,3.908973917368941287e+00,4.199063292595942798e+00,4.248624398144140279e+00,4.475156717865075962e+00,4.527259218013535147e+00,4.678389634786716655e+00,4.793448238162162589e+00,4.915150175637434060e+00,5.094988481469977515e+00,5.300101161700738750e+00,5.372088200143426917e+00,5.506094826294360978e+00,5.656151582751189011e+00,5.864039278107035180e+00,6.014072239522761265e+00,6.067798870215054485e+00,6.333174983136233394e+00,6.460694071657838933e+00,6.724967491197824110e+00,6.837508228582828806e+00,7.040244624510366478e+00,7.123601647937695347e+00,7.277524781920389430e+00,7.582398801684851364e+00,7.871166065860908390e+00,7.993421624288807870e+00,8.187049100607774577e+00,8.499192616885981266e+00,8.849314760331004948e+00,9.136512356637974008e+00,9.733847625148618121e+00,1.001533743608297300e+01,1.034707644935827808e+01,1.125310918409558525e+01,1.178679521950344267e+01,1.212447840064267446e+01,1.360468960866469779e+01,6.529767353691882192e+01,7.114374530423710041e+01,7.228231540911998820e+01,7.817634426429535210e+01,8.210300251250473025e+01
1.028724446662928338e-01,-4.457158137578005608e+01,-3.946203074254469811e+01,-3.654198785975329855e+01,-3.381610241698159314e+01,-3.153162903648692961e+01,-1.354612784422570826e+01,-1.275654816385365642e+01,-1.163172075179958398e+01,-1.100811160839484337e+01,-1.048243221782789014e+01,-9.661153710423933560e+00,-9.547330822894675606e+00,-9.259947682273235614e+00,-8.870171917196431721e+00,-8.567364227246288877e+00,-8.307135880683006235e+00,-8.061575210750442366e+00,-7.855894288456114261e+00,-7.661854158243448509e+00,-7.379839865129365073e+00,-7.194661635265718225e+00,-7.007438906683613133e+00,-6.789545648339384343e+00,-6.648636025885214629e+00,-6.536725155672983512e+00,-6.401930958827364293e+00,-6.164157725869795712e+00,-6.099371759931929482e+00,-6.004610582665316443e+00,-5.594308300380025578e+00,-5.449992683622233436e+00,-5.426348621326668287e+00,-5.324550425505055529e+00,-5.088801367296985845e+00,-4.863081206219657560e+00,-4.684498633241104493e+00,-4.535720274983185085e+00,-4.462468711112323128e+00,-4.366754614681458868e+00,-4.116869372517196091e+00,-3.901223440105167306e+00,-3.710777861710727876e+00,-3.531636932416882146e+00,-3.496956079975637621e+00,-3.260007009430607727e+00,-3.141588726639600093e+00,-2.943804511477942754e+00,-2.849060977130699168e+00,-2.679799544809142731e+00,-2.460882226963668540e+00,-2.344780566816063949e+00,-2.196237044790579240e+00,-2.045167192814723478e+00,-1.930175243875439373e+00,-1.746899076033055831e+00,-1.577933461850791197e+00,-1.379005228889464751e+00,-1.092894355501622172e+00,-7.481527159729484122e-01,-5.695826185020069765e-01,8.932938187853827205e-01,1.099348804497291887e+00,1.427130554725673850e+00,1.763704053533902583e+00,1.871706289634037290e+00,2.056461368756023589e+00,2.192445439043683830e+00,2.289627879524116061e+00,2.455048065892823761e+00,2.660401845188791636e+00,2.705541998785001123e+00,2.929247336080467612e+00,3.059351032052707087e+00,3.201762325924511821e+00,3.414436771257411962e+00,3.515210288396902527e+00,3.678805453657666646e+00,3.888876006798508644e+00,4.011026318851208750e+00,4.220762248682331297e+00,4.275722269608786874e+00,4.496543793910646514e+00,4.546379457961113424e+00,4.713535636024979603e+00,4.824989882324159929e+00,4.928340489719335693e+00,5.120678277674175938e+00,5.353402771100807200e+00,5.432965941283793398e+00,5.538305890685204957e+00,5.673729268789680980e+00,5.893890513174093293e+00,6.088882298633068402e+00,6.147994968161224705e+00,6.378937617962957773e+00,6.485878564466019292e+00,6.787559531016733594e+00,6.857407446227357539e+00,7.091218481548476227e+00,7.171356305386656693e+00,7.327372387060599124e+00,7.603625800140121349e+00,7.937089324266342061e+00,8.016154375757126971e+00,8.230353801548071502e+00,8.548189884524061810e+00,8.871309967724517520e+00,9.211323618722280671e+00,9.721661309005591889e+00,1.001595481585899527e+01,1.038797158565644096e+01,1.129977936654181647e+01,1.182732847425164557e+01,1.213948656940169890e+01,1.367484161721227132e+01,6.529491225830088297e+01,7.114873777694009505e+01,7.228122484882075582e+01,7.818098346557754041e+01,8.210113592071154187e+01
1.040593892730710956e-01,-4.456805774819383004e+01,-3.947816322736969852e+01,-3.654751877698260643e+01,-3.381969929221710203e+01,-3.153368918835685619e+01,-1.355857345893355514e+01,-1.278251469216349356e+01,-1.166739478992089829e+01,-1.103942910244898279e+01,-1.050595023130535388e+01,-9.713050868152645734e+00,-9.574991076994832540e+00,-9.326607821522012287e+00,-8.899730000153493137e+00,-8.620719382480372062e+00,-8.347958352071424670e+00,-8.140444831706776796e+00,-7.890259778096796239e+00,-7.714546361574448952e+00,-7.420090522927845988e+00,-7.266921505797344416e+00,-7.022014630497770860e+00,-6.810620749688003350e+00,-6.702697573073296944e+00,-6.546829418520787591e+00,-6.448064040886369419e+00,-6.200991293581491703e+00,-6.130788792143864185e+00,-6.032978017369173607e+00,-5.654988292818398321e+00,-5.509598513211047432e+00,-5.446884134664366606e+00,-5.346060359117319472e+00,-5.129663618877649434e+00,-4.913457235479680385e+00,-4.714178077103296616e+00,-4.561463876014882679e+00,-4.490216436929688193e+00,-4.419355415717896030e+00,-4.146467855690342041e+00,-3.919178034365694785e+00,-3.776711993946972434e+00,-3.522195017030237629e+00,-3.500344982643294856e+00,-3.249772056401475595e+00,-3.154107269035680172e+00,-2.957469316773016388e+00,-2.836280678543466216e+00,-2.671145950363398303e+00,-2.481943509739857667e+00,-2.337286560431191429e+00,-2.223823125891663199e+00,-2.036406736462756495e+00,-1.917016735560185481e+00,-1.734324358162180557e+00,-1.598868587115562123e+00,-1.369293488676663229e+00,-1.052721762667059524e+00,-7.484849531271732248e-01,-6.149014159915933142e-01,8.578784899552810428e-01,1.153563832730631677e+00,1.487152219418846233e+00,1.787612917141560454e+00,1.857971119312848085e+00,2.078967947866114496e+00,2.189678671298581403e+00,2.341068087897379968e+00,2.515214567596718354e+00,2.674193817166274911e+00,2.694625173103670779e+00,2.980129159930640981e+00,3.110164606940001519e+00,3.226002470103126463e+00,3.448343195692342267e+00,3.553339208174302044e+00,3.704201110312574041e+00,3.921421216054211900e+00,4.108694009383111911e+00,4.222810608389677256e+00,4.310968184833943617e+00,4.503782662015302307e+00,4.569921954259499763e+00,4.747213277548778088e+00,4.847097109827887884e+00,4.937748652284064121e+00,5.142502151587009962e+00,5.396423110836972903e+00,5.451319094568572332e+00,5.579437346451419089e+00,5.719507750910168831e+00,5.916557514739343659e+00,6.129359614510416776e+00,6.241826244691950798e+00,6.415720499531476051e+00,6.512499846105848533e+00,6.831570517481165616e+00,6.884719432234388314e+00,7.130021164377082776e+00,7.211564410582834483e+00,7.380731628094598484e+00,7.616016743190534122e+00,7.995565025142789217e+00,8.039677726489996346e+00,8.278737549179988164e+00,8.594901382142998258e+00,8.887188984372377476e+00,9.280062406149447440e+00,9.710557876924330145e+00,1.001682993582135595e+01,1.042525372005476392e+01,1.133901137296954076e+01,1.186507042619579444e+01,1.215547973920180169e+01,1.373850472705545833e+01,6.529237363754646140e+01,7.115333818941546440e+01,7.228021244869560746e+01,7.818527001454603464e+01,8.209941086004980093e+01
1.052463338798493575e-01,-4.456492758854803782e+01,-3.949244824343320914e+01,-3.655249302752002194e+01,-3.382295367211476389e+01,-3.153552216074124459e+01,-1.357235609048873393e+01,-1.280339977186387479e+01,-1.169984252787798873e+01,-1.106771176546527080e+01,-1.052431434698909385e+01,-9.770677358270331681e+00,-9.596454315127648016e+00,-9.376130966104593512e+00,-8.924535748282155012e+00,-8.667941101359369682e+00,-8.388518473522470487e+00,-8.210621402968174110e+00,-7.913561034604076561e+00,-7.763498672780296594e+00,-7.454438871251529264e+00,-7.334919298773361795e+00,-7.027627049575743357e+00,-6.828580873897274195e+00,-6.752270529990184400e+00,-6.575734861349793015e+00,-6.464717403929986617e+00,-6.238341515934994419e+00,-6.157040843207551184e+00,-6.046069564776906269e+00,-5.712487089882143820e+00,-5.575713225404103746e+00,-5.457791957715151909e+00,-5.352358010820884360e+00,-5.162238460867381917e+00,-4.964202079278984492e+00,-4.726621330807995847e+00,-4.596262675411757925e+00,-4.543321112377097570e+00,-4.428441240086190334e+00,-4.154671271504536634e+00,-3.945264751349098375e+00,-3.849768774392024362e+00,-3.553120574086362726e+00,-3.464734252664514180e+00,-3.228490038651367300e+00,-3.171844953257628053e+00,-2.961356774216281629e+00,-2.809976185926251979e+00,-2.663648979859515542e+00,-2.497834083006607919e+00,-2.339014311907001265e+00,-2.246299414461951471e+00,-2.056421554675545771e+00,-1.880388239674080753e+00,-1.698179852955661984e+00,-1.606292979224970052e+00,-1.350481148937769271e+00,-1.052331120215378446e+00,-7.902874801298459539e-01,-5.889551598884534833e-01,8.407813069462100053e-01,1.188556632119207812e+00,1.498799617313919752e+00,1.798638508952581150e+00,1.839555061148613113e+00,2.098601708518549991e+00,2.185870819993101399e+00,2.396827511770296404e+00,2.537374408112828661e+00,2.652209232262181526e+00,2.733773553652996124e+00,3.002523354118143306e+00,3.149331136416321009e+00,3.260173587663392158e+00,3.494450941416557210e+00,3.584585468248586260e+00,3.743198146238705171e+00,3.945303987990357530e+00,4.172594182431201837e+00,4.232317192196973110e+00,4.346470371183844605e+00,4.508108528348368615e+00,4.595302094636451784e+00,4.770065428572777044e+00,4.860552507269668254e+00,4.948338678152411241e+00,5.157860877977269887e+00,5.410214664408043106e+00,5.469498842099977942e+00,5.634820209000595881e+00,5.769620608390052752e+00,5.933238578464406388e+00,6.154188972667347102e+00,6.315117439314433589e+00,6.446736947201486601e+00,6.551412686055781975e+00,6.844771499412495963e+00,6.928774252985705928e+00,7.159915470039953433e+00,7.245833162776494696e+00,7.429437286604704482e+00,7.621245601828563920e+00,8.037482985532571789e+00,8.072264867773318642e+00,8.329676115499282218e+00,8.635755701869879175e+00,8.899243260804110989e+00,9.339239020844557260e+00,9.701324559025939820e+00,1.001783315858161671e+01,1.045815547727169026e+01,1.137080106313229244e+01,1.189889032117540602e+01,1.217167840311097926e+01,1.379443840328689674e+01,6.529011748428513329e+01,7.115743529669890677e+01,7.227930471013067404e+01,7.818909697825736771e+01,8.209787045458342902e+01
1.064332784866276194e-01,-4.456226349469653059e+01,-3.950457285038012145e+01,-3.655677226849156369e+01,-3.382576745600547241e+01,-3.153708459219126325e+01,-1.358627340347083212e+01,-1.281935642949877874e+01,-1.172794035441691562e+01,-1.109199739207842228e+01,-1.053814232046797450e+01,-9.827530721640963307e+00,-9.612529190334946350e+00,-9.412011332923430729e+00,-8.943343209869993871e+00,-8.709095367492073692e+00,-8.429776634435311777e+00,-8.265017891839118391e+00,-7.928313918063273569e+00,-7.806790470200645871e+00,-7.483319754942937330e+00,-7.395407378760851635e+00,-7.027990461370743347e+00,-6.844024785731578575e+00,-6.792878390335221894e+00,-6.616739185378037291e+00,-6.463417112832815725e+00,-6.264935073963598278e+00,-6.181993779113619247e+00,-6.052845417113316806e+00,-5.766809249263125103e+00,-5.626301450581404850e+00,-5.470574512219308794e+00,-5.341660161313090072e+00,-5.201387577717726529e+00,-5.002877920072664075e+00,-4.737045844495824554e+00,-4.633300461329447728e+00,-4.585632174050874532e+00,-4.424579032610128415e+00,-4.144036955118971299e+00,-4.006438005665375002e+00,-3.885642429273972631e+00,-3.602800627205633432e+00,-3.426415169345367939e+00,-3.233173042448498347e+00,-3.155267838922744428e+00,-2.959392240070402913e+00,-2.771487727396800604e+00,-2.662668573116741655e+00,-2.505251394065940218e+00,-2.356208627069890760e+00,-2.266492400223222070e+00,-2.076252752536262847e+00,-1.831949573882390547e+00,-1.670120477169717788e+00,-1.585776612930175578e+00,-1.326943160258441168e+00,-1.091038012182263151e+00,-8.141761831184033404e-01,-5.404757864321960703e-01,8.413040714671443654e-01,1.197193280465711940e+00,1.488991379402798909e+00,1.758314371311708646e+00,1.835164032537396350e+00,2.110053936379847617e+00,2.206415067795974849e+00,2.446040883005040634e+00,2.531165954933739304e+00,2.639587577464333812e+00,2.767561665644317159e+00,3.003590980578517033e+00,3.184166510217854906e+00,3.303666373567863968e+00,3.539356957020391992e+00,3.605358370059712048e+00,3.793928994080319139e+00,3.961578432293450636e+00,4.181699472232066839e+00,4.267935161248650466e+00,4.382485076906141863e+00,4.514058377883955586e+00,4.620650803775837367e+00,4.779487848870939359e+00,4.867232935409412597e+00,4.961240107169694546e+00,5.167611685971802871e+00,5.404175128885980506e+00,5.507871035247323022e+00,5.682427231917141164e+00,5.814620429239576893e+00,5.946358181960059497e+00,6.170011100071457477e+00,6.342418507364775415e+00,6.495143451529452605e+00,6.600113941228475944e+00,6.842213164578510920e+00,6.971670670401268310e+00,7.183243100232958867e+00,7.274033565642753274e+00,7.469561135326774348e+00,7.621758373897799643e+00,8.060127055204686641e+00,8.114635397448939358e+00,8.380510591257012365e+00,8.667449073926301040e+00,8.909325929180285542e+00,9.386707403703985264e+00,9.694766166494696691e+00,1.001882862809277341e+01,1.048601452476974671e+01,1.139553785474933179e+01,1.192778970816760697e+01,1.218709147263597359e+01,1.384160083805657493e+01,6.528819638730193731e+01,7.116093039455427061e+01,7.227852576942822793e+01,7.819236858634566545e+01,8.209655335967504186e+01
1.076202230934058812e-01,-4.456012646526267673e+01,-3.951427687939378330e+01,-3.656023551293695562e+01,-3.382805386323912700e+01,-3.153833964028452641e+01,-1.359896749649325365e+01,-1.283085003884204234e+01,-1.175074958521646806e+01,-1.111153638069207616e+01,-1.054808129837941166e+01,-9.877500857841775783e+00,-9.624059865395798496e+00,-9.437568629541361886e+00,-8.955645532031715206e+00,-8.744114187589325127e+00,-8.469258141947673124e+00,-8.302304056108411601e+00,-7.935979765449841850e+00,-7.843144347075672762e+00,-7.506901285834452153e+00,-7.445602320142064023e+00,-7.025699990443923681e+00,-6.859343866594457495e+00,-6.819836810413296035e+00,-6.656933189369623527e+00,-6.461294945360029907e+00,-6.274722028238279847e+00,-6.203009246839398472e+00,-6.062643026646496125e+00,-5.814504653688049807e+00,-5.659479198277497680e+00,-5.478078835743620090e+00,-5.323391360095072855e+00,-5.247310990656702145e+00,-5.023695033908603058e+00,-4.776486416420778980e+00,-4.641067364014084262e+00,-4.606605445098399088e+00,-4.420405404761138080e+00,-4.126546613094864924e+00,-4.081722715464784379e+00,-3.892942955565346530e+00,-3.660885477479554506e+00,-3.393187010685758676e+00,-3.257625342004522029e+00,-3.114779826990425882e+00,-2.956073698253940396e+00,-2.725892426378833111e+00,-2.664039717551849318e+00,-2.505026979691082456e+00,-2.380350419369002157e+00,-2.294608008546049405e+00,-2.087726274948489280e+00,-1.778829097099978718e+00,-1.662506433829679553e+00,-1.536114412548211794e+00,-1.302534768694140643e+00,-1.147157354013530473e+00,-8.022277067266906370e-01,-5.157660172706624024e-01,8.555799791045003433e-01,1.174974562745595419e+00,1.476299776878612802e+00,1.699890038296677508e+00,1.823282024769806720e+00,2.116790057346511045e+00,2.242810137300416784e+00,2.476104038293031273e+00,2.519608213457730894e+00,2.636786713854134767e+00,2.784236694121934530e+00,3.000766042408589573e+00,3.217782685437151624e+00,3.341679708603734866e+00,3.571451991168421269e+00,3.624036752998429645e+00,3.847881385935372656e+00,3.970862122845688180e+00,4.176814965053983641e+00,4.293839829576555189e+00,4.415593461700691336e+00,4.521117187179077845e+00,4.642459140198244683e+00,4.783016733969135181e+00,4.865287529875176098e+00,4.976939098812119155e+00,5.174189101570425997e+00,5.401156789384059742e+00,5.548671254409923037e+00,5.712773674349184816e+00,5.851915379041795262e+00,5.958024767004704181e+00,6.182357856545524832e+00,6.333229927631228939e+00,6.558000695340882480e+00,6.649654770249024516e+00,6.830416878614113507e+00,7.004835071239027044e+00,7.201074166578942837e+00,7.295901814910035199e+00,7.500065254153776451e+00,7.619897590889057604e+00,8.075244237826426641e+00,8.152718219505507236e+00,8.428272328433633831e+00,8.687690743502118451e+00,8.918717692047888335e+00,9.421565079929870024e+00,9.691314484916357941e+00,1.001970008741502660e+01,1.050827596396958619e+01,1.141382795334797784e+01,1.195097525468149868e+01,1.220061949999610285e+01,1.387914733165160719e+01,6.528665470575018048e+01,7.116373954647752953e+01,7.227789662352090261e+01,7.819500274023293684e+01,8.209549273806582903e+01
1.088071677001841431e-01,-4.455856488511577851e+01,-3.952135572724500889e+01,-3.656278355353364162e+01,-3.382974113210570266e+01,-3.153925777483070547e+01,-1.360913105013560198e+01,-1.283847779016899260e+01,-1.176754455903131102e+01,-1.112580519627844033e+01,-1.055471451682215900e+01,-9.916070991253580047e+00,-9.631756501445439156e+00,-9.454900567812789092e+00,-8.962017189084484414e+00,-8.772062459227036868e+00,-8.501780597332880163e+00,-8.325460653576429948e+00,-7.937829679449710518e+00,-7.871736447125623926e+00,-7.525260087607652970e+00,-7.482735729417191450e+00,-7.022757301996221280e+00,-6.875283055697580359e+00,-6.831567048102039408e+00,-6.690712355288277458e+00,-6.463571527544191397e+00,-6.269824282266508675e+00,-6.215395491255767624e+00,-6.081238570011438860e+00,-5.848889684023209412e+00,-5.679473603441477891e+00,-5.474974774998305094e+00,-5.328654426805904620e+00,-5.269546924842503088e+00,-5.029805054391425223e+00,-4.832986542151824771e+00,-4.639701933280359292e+00,-4.598356208524816857e+00,-4.415140747650991848e+00,-4.178474927095616742e+00,-4.078235717948446748e+00,-3.891897971708561332e+00,-3.718875255984928074e+00,-3.366360421402027736e+00,-3.279893748384568042e+00,-3.079550877794174468e+00,-2.952395616948475077e+00,-2.704700864740331223e+00,-2.635746320602949222e+00,-2.500370198542107403e+00,-2.402802769761281265e+00,-2.332913207600207262e+00,-2.095501986784328086e+00,-1.734342151034746760e+00,-1.651647121449527411e+00,-1.485044314661900344e+00,-1.284179563368659238e+00,-1.192462892246779260e+00,-7.643432682637532061e-01,-5.351078257421982842e-01,8.758773133101757091e-01,1.126796611978015727e+00,1.469149549766714413e+00,1.647788056496328757e+00,1.804582526911445051e+00,2.123336774421243245e+00,2.278051526428400031e+00,2.476280328785896767e+00,2.524137194817402285e+00,2.634087448272293130e+00,2.793129937533596951e+00,2.999073348186831467e+00,3.247870807437871488e+00,3.367321010852299068e+00,3.580019994946819217e+00,3.652178032260497087e+00,3.895551792348084685e+00,3.974136938344691838e+00,4.172495504761451812e+00,4.306029603975256137e+00,4.440426134205900155e+00,4.527004590690129504e+00,4.654953165770719714e+00,4.788896674066263515e+00,4.858434226300867742e+00,4.991966787771178637e+00,5.178973492087936670e+00,5.402107960865694558e+00,5.587011419074301877e+00,5.724147399176232831e+00,5.879362419773030979e+00,5.968942847118054118e+00,6.196195182385488387e+00,6.309804038518877611e+00,6.617506746874724399e+00,6.693174981718374994e+00,6.810947006257320524e+00,7.026309651716307947e+00,7.213873976790586617e+00,7.311537767869155324e+00,7.521136325974755010e+00,7.617490442881961421e+00,8.085951208584189587e+00,8.181377463779401893e+00,8.469182332318103690e+00,8.696616710646953408e+00,8.927402751714112128e+00,9.444324269671787064e+00,9.690539287752510944e+00,1.002036567337500905e+01,1.052449867437784370e+01,1.142632085299699085e+01,1.196788221508897365e+01,1.221119550710416846e+01,1.390642683607460839e+01,6.528552775863194313e+01,7.116579545950847319e+01,7.227743442559935261e+01,7.819693318635786738e+01,8.209471536985822127e+01
1.099941123069624049e-01,-4.455761379332661676e+01,-3.952566218589068825e+01,-3.656434268173674695e+01,-3.383077562986970577e+01,-3.153981742221954221e+01,-1.361569425577473424e+01,-1.284279603140459614e+01,-1.177781857594183101e+01,-1.113447887430489835e+01,-1.055849960355135586e+01,-9.940302269698076287e+00,-9.636152854972108273e+00,-9.465037028042807776e+00,-8.964216746733615793e+00,-8.790761388968590495e+00,-8.522853634909592913e+00,-8.337961567516520844e+00,-7.935701051884811008e+00,-7.891544568234664325e+00,-7.537922020527865641e+00,-7.504701528048740578e+00,-7.020559320237646617e+00,-6.886951024291576573e+00,-6.834135829048530120e+00,-6.714113454663131364e+00,-6.467536132877432564e+00,-6.263013792701769056e+00,-6.213117287486038087e+00,-6.105862375215593829e+00,-5.867464046222411689e+00,-5.690293004496878915e+00,-5.460958240109297535e+00,-5.367519538698978465e+00,-5.256824941366883941e+00,-5.026402103328747373e+00,-4.880763523264910475e+00,-4.645746503467466759e+00,-4.573219026703847945e+00,-4.405894710836022909e+00,-4.242328552071334968e+00,-4.050582756616444513e+00,-3.888113668948590895e+00,-3.766035068189127699e+00,-3.346754515883749281e+00,-3.296501568879424138e+00,-3.057923932060789607e+00,-2.948677083482748262e+00,-2.708819996785391204e+00,-2.583776544377911044e+00,-2.491057121862016999e+00,-2.419753639743770002e+00,-2.376669808372020132e+00,-2.101510513944064407e+00,-1.715596640665145056e+00,-1.623624082619757214e+00,-1.455497834082679853e+00,-1.283217970019933762e+00,-1.203523576081485524e+00,-7.119477287766841078e-01,-5.863856581173121363e-01,8.908098409580759158e-01,1.075891235448428906e+00,1.468021282906524894e+00,1.613344258155517963e+00,1.787977305147767204e+00,2.128662114698788077e+00,2.302451255332583546e+00,2.470693446256519987e+00,2.528655540330870366e+00,2.628909849333450399e+00,2.801631869211562265e+00,2.997149873553296207e+00,3.270460698498835583e+00,3.379881022417209113e+00,3.577837968698099669e+00,3.677043376361690541e+00,3.929913220704802868e+00,3.972578540002595027e+00,4.170139821946451164e+00,4.310559283813115705e+00,4.455493838231443071e+00,4.530241667944833850e+00,4.658137856220774253e+00,4.796103213775544383e+00,4.853304849469771476e+00,5.002082157012816666e+00,5.182059993188562252e+00,5.404241330900539708e+00,5.617929355238195477e+00,5.721890315511103609e+00,5.895140246659467564e+00,5.977685658802052160e+00,6.213570819490322528e+00,6.283192945427436449e+00,6.663954570576890113e+00,6.726928631896051058e+00,6.785325006183422936e+00,7.037187827824017639e+00,7.221760213374944115e+00,7.321012943447001042e+00,7.533342601532058147e+00,7.615715292161738148e+00,8.092474946287964599e+00,8.198981998341874800e+00,8.498037213364431963e+00,8.697823531615906489e+00,8.933889820259873105e+00,9.456692249069270417e+00,9.691100848739694129e+00,1.002077859713351060e+01,1.053436209430494053e+01,1.143357109250541370e+01,1.197815303219731753e+01,1.221793245649405613e+01,1.392297797179885421e+01,6.528484120632377596e+01,7.116704897763270310e+01,7.227715188845563432e+01,7.819811128486907137e+01,8.209424092590899136e+01
1.111810569137406668e-01,-4.455729439654746926e+01,-3.952710754821190164e+01,-3.656486750133240093e+01,-3.383112420141483767e+01,-3.154000544237085890e+01,-1.361796208564455490e+01,-1.284418986870490009e+01,-1.178127557398187619e+01,-1.113738740992142340e+01,-1.055972794260171455e+01,-9.948555066415316617e+00,-9.637580774654818327e+00,-9.468382891470753293e+00,-8.964562747490189665e+00,-8.797448184537357108e+00,-8.530102734904518869e+00,-8.341908980031254472e+00,-7.933646929863998665e+00,-7.899368139831514313e+00,-7.542705503133378286e+00,-7.511711565097686893e+00,-7.019776463006180300e+00,-6.891061660935966060e+00,-6.834058287383951047e+00,-6.722723906951451944e+00,-6.469341066769765725e+00,-6.261624705535052904e+00,-6.206057367598538654e+00,-6.119715208765071246e+00,-5.872988780629968986e+00,-5.693764324528792109e+00,-5.448367422058026932e+00,-5.390551553865789103e+00,-5.249616289793739732e+00,-5.022457554419094805e+00,-4.900764168863303460e+00,-4.648293967026043028e+00,-4.561465914124193333e+00,-4.398536119114323739e+00,-4.270781204452565483e+00,-4.038272180750236195e+00,-3.885523746124246891e+00,-3.785831764823304191e+00,-3.338171776986455175e+00,-3.303978253639902274e+00,-3.050948514814163737e+00,-2.946927810279178050e+00,-2.711728175496552318e+00,-2.558844712421483703e+00,-2.478661843877779880e+00,-2.430690283435620103e+00,-2.401200462058676433e+00,-2.103898495637126942e+00,-1.712536724560566270e+00,-1.606140579469799379e+00,-1.449880289590253613e+00,-1.286685377302065225e+00,-1.199400965809642949e+00,-6.640559258859984881e-01,-6.359540261536706929e-01,8.948745891587273071e-01,1.054413298821705869e+00,1.468645911971124152e+00,1.601296288419943092e+00,1.781350397576930478e+00,2.130732309148534842e+00,2.311058829087546673e+00,2.469291154599814853e+00,2.528990103339118889e+00,2.626176409817913449e+00,2.805764389923915747e+00,2.996042964198197378e+00,3.279283596459937389e+00,3.383054873539208529e+00,3.576117721694388241e+00,3.686534291953392106e+00,3.944094476901580215e+00,3.969702663636370144e+00,4.169426962579451335e+00,4.311576015683908025e+00,4.460600208765788999e+00,4.531129198919179757e+00,4.658124900823159109e+00,4.799054720664800655e+00,4.851925954083105452e+00,5.005535436952686545e+00,5.183141521390065343e+00,5.405242457522390076e+00,5.631169738994739937e+00,5.717966670066220836e+00,5.900035322861793219e+00,5.981165529195195063e+00,6.225802097861050655e+00,6.267422526919152581e+00,6.683518925530371746e+00,6.750057995884530371e+00,6.761635458968366486e+00,7.040289060932072296e+00,7.224460756952684193e+00,7.324203308748895580e+00,7.537310479887882053e+00,7.615090586189820598e+00,8.094674221877060205e+00,8.204904527373287237e+00,8.508713157977609853e+00,8.697154960192591489e+00,8.936321937271307192e+00,9.460546830953868280e+00,9.691502885495633990e+00,1.002091804693995591e+01,1.053767164565077152e+01,1.143594531499554634e+01,1.198159644864362683e+01,1.222024597013906266e+01,1.392852550557036473e+01,6.528461061636934915e+01,7.116747016749773991e+01,7.227705682997893177e+01,7.819850731655013476e+01,8.209408142959080124e+01
1.111810569137406668e-01,-4.455729439654746926e+01,-3.952710754821190164e+01,-3.656486750133240093e+01,-3.383112420141483767e+01,-3.154000544237085890e+01,-1.361796208564455490e+01,-1.284418986870490009e+01,-1.178127557398187619e+01,-1.113738740992142340e+01,-1.055972794260171455e+01,-9.948555066415316617e+00,-9.637580774654818327e+00,-9.468382891470753293e+00,-8.964562747490189665e+00,-8.797448184537357108e+00,-8.530102734904518869e+00,-8.341908980031254472e+00,-7.933646929863998665e+00,-7.899368139831514313e+00,-7.542705503133378286e+00,-7.511711565097686893e+00,-7.019776463006180300e+00,-6.891061660935966060e+00,-6.834058287383951047e+00,-6.722723906951451944e+00,-6.469341066769765725e+00,-6.261624705535052904e+00,-6.206057367598538654e+00,-6.119715208765071246e+00,-5.872988780629968986e+00,-5.693764324528792109e+00,-5.448367422058026932e+00,-5.390551553865789103e+00,-5.249616289793739732e+00,-5.022457554419094805e+00,-4.900764168863303460e+00,-4.648293967026043028e+00,-4.561465914124193333e+00,-4.398536119114323739e+00,-4.270781204452565483e+00,-4.038272180750236195e+00,-3.885523746124246891e+00,-3.785831764823304191e+00,-3.338171776986455175e+00,-3.303978253639902274e+00,-3.050948514814163737e+00,-2.946927810279178050e+00,-2.711728175496552318e+00,-2.558844712421483703e+00,-2.478661843877779880e+00,-2.430690283435620103e+00,-2.401200462058676433e+00,-2.103898495637126942e+00,-1.712536724560566270e+00,-1.606140579469799379e+00,-1.449880289590253613e+00,-1.286685377302065225e+00,-1.199400965809642949e+00,-6.640559258859984881e-01,-6.359540261536706929e-01,8.948745891587273071e-01,1.054413298821705869e+00,1.468645911971124152e+00,1.601296288419943092e+00,1.781350397576930478e+00,2.130732309148534842e+00,2.311058829087546673e+00,2.469291154599814853e+00,2.528990103339118889e+00,2.626176409817913449e+00,2.805764389923915747e+00,2.996042964198197378e+00,3.279283596459937389e+00,3.383054873539208529e+00,3.576117721694388241e+00,3.686534291953392106e+00,3.944094476901580215e+00,3.969702663636370144e+00,4.169426962579451335e+00,4.311576015683908025e+00,4.460600208765788999e+00,4.531129198919179757e+00,4.658124900823159109e+00,4.799054720664800655e+00,4.851925954083105452e+00,5.005535436952686545e+00,5.183141521390065343e+00,5.405242457522390076e+00,5.631169738994739937e+00,5.717966670066220836e+00,5.900035322861793219e+00,5.981165529195195063e+00,6.225802097861050655e+00,6.267422526919152581e+00,6.683518925530371746e+00,6.750057995884530371e+00,6.761635458968366486e+00,7.040289060932072296e+00,7.224460756952684193e+00,7.324203308748895580e+00,7.537310479887882053e+00,7.615090586189820598e+00,8.094674221877060205e+00,8.204904527373287237e+00,8.508713157977609853e+00,8.697154960192591489e+00,8.936321937271307192e+00,9.460546830953868280e+00,9.691502885495633990e+00,1.002091804693995591e+01,1.053767164565077152e+01,1.143594531499554634e+01,1.198159644864362683e+01,1.222024597013906266e+01,1.392852550557036473e+01,6.528461061636934915e+01,7.116747016749773991e+01,7.227705682997893177e+01,7.819850731655013476e+01,8.209408142959080124e+01
1.123531599548019122e-01,-4.455904046440842592e+01,-3.952591814244932067e+01,-3.656599365994437534e+01,-3.383222199853430823e+01,-3.154022277249105244e+01,-1.361283764769277305e+01,-1.283988863275024883e+01,-1.177718026257138462e+01,-1.113371317663793647e+01,-1.055680233484703479e+01,-9.945557840705127717e+00,-9.634709833059972084e+00,-9.465770300869126075e+00,-8.964338310484157191e+00,-8.793884479155625655e+00,-8.528586892746007564e+00,-8.340873613232096417e+00,-7.932151137170823318e+00,-7.897652712654533502e+00,-7.542842463513069085e+00,-7.509023813194243502e+00,-7.019542483341983719e+00,-6.890704296229777093e+00,-6.830107535672609309e+00,-6.720618456000763352e+00,-6.467833709362350803e+00,-6.262329723857913422e+00,-6.207159921191206742e+00,-6.116064749256748811e+00,-5.868618425095116997e+00,-5.693886759457550184e+00,-5.447278174211437118e+00,-5.388911056779297049e+00,-5.249931995236359228e+00,-5.020462432173719236e+00,-4.898257787507741767e+00,-4.652012932554837832e+00,-4.555234862504360827e+00,-4.397824290837102801e+00,-4.268920640423279345e+00,-4.036712648264126457e+00,-3.884475843312356069e+00,-3.784848499031049585e+00,-3.339768181990663276e+00,-3.300840304957441962e+00,-3.051074822687018795e+00,-2.945842611157073243e+00,-2.712236572584686201e+00,-2.561792817008532896e+00,-2.488798479700042421e+00,-2.425887839819888203e+00,-2.392023027545654212e+00,-2.102247785075057607e+00,-1.713894939679798890e+00,-1.613160019260407863e+00,-1.446174717508786678e+00,-1.281834388859913076e+00,-1.202860229508250223e+00,-6.603865584126032973e-01,-6.244912260365259593e-01,8.962740979363605920e-01,1.054937887598013990e+00,1.466601619358530506e+00,1.601539842145780268e+00,1.783001228200251642e+00,2.125104700151380754e+00,2.306287921073974179e+00,2.465113697702418616e+00,2.536639583410742027e+00,2.627332669926910835e+00,2.805950513271974422e+00,2.996678253753062737e+00,3.276182488778719648e+00,3.384768827085269383e+00,3.574591219672453857e+00,3.685684501931025370e+00,3.940468273696084101e+00,3.969071830381998289e+00,4.167790200784540211e+00,4.310960887745013181e+00,4.457681125305493097e+00,4.532481079911765853e+00,4.655410417503626164e+00,4.795942478656018970e+00,4.853840034443808626e+00,5.005539517405819261e+00,5.183392844645404729e+00,5.404589602559704886e+00,5.629131686143876934e+00,5.713684363981228032e+00,5.901419933007212570e+00,5.979471858710669885e+00,6.224274522436161305e+00,6.267196912131997699e+00,6.681409763791308798e+00,6.733476120333042658e+00,6.776106815782843462e+00,7.038712415693148650e+00,7.222369923826523319e+00,7.323272918236761519e+00,7.535778206578334526e+00,7.613818657929815714e+00,8.091758206997823777e+00,8.202742185994940982e+00,8.506585993383206201e+00,8.694412594711360853e+00,8.934722630405156352e+00,9.458290664670133907e+00,9.688710572095629914e+00,1.001787670818981191e+01,1.053365066921238657e+01,1.143250959016814150e+01,1.197627394389792066e+01,1.221769915032557563e+01,1.392315224486663716e+01,6.528402669757727494e+01,7.116753261709307310e+01,7.227707282391409649e+01,7.819968433117684015e+01,8.209510905475379161e+01
1.135252629958631576e-01,-4.456426750654239299e+01,-3.952235845935370406e+01,-3.656934803876588091e+01,-3.383552172956213155e+01,-3.154087577581596591e+01,-1.359746593042290819e+01,-1.282699522302204898e+01,-1.176491158174317597e+01,-1.112269100364818719e+01,-1.054802130869922294e+01,-9.936574706583080285e+00,-9.626104218283787262e+00,-9.457944164568260703e+00,-8.963490684555083021e+00,-8.783368514273821148e+00,-8.524018157438527865e+00,-8.337756917860076555e+00,-7.927763856390305008e+00,-7.892433034878242992e+00,-7.542580979244455364e+00,-7.501597150358825239e+00,-7.018866039376518984e+00,-6.888887253415122203e+00,-6.818938792072011701e+00,-6.714407551260671347e+00,-6.463307267725501681e+00,-6.264032398496993004e+00,-6.210079852946650547e+00,-6.105687153459990135e+00,-5.855793796590647027e+00,-5.694096801972255761e+00,-5.443995204812481781e+00,-5.384050041536232456e+00,-5.250724330207247270e+00,-5.014558066044849660e+00,-4.890945515407286948e+00,-4.660431989701017130e+00,-4.539251406451144000e+00,-4.395592886163905533e+00,-4.263421915988732991e+00,-4.032070462634063546e+00,-3.881281679091091341e+00,-3.781846209885732613e+00,-3.343317626514391794e+00,-3.292793499563274828e+00,-3.051355979182521772e+00,-2.942616102006916812e+00,-2.714006591264136681e+00,-2.571282234876235417e+00,-2.504578829963539643e+00,-2.420482290503629397e+00,-2.369201664699971843e+00,-2.097436185292728350e+00,-1.718886363687548657e+00,-1.629110654413822745e+00,-1.440531267086473166e+00,-1.269206247989192571e+00,-1.208053655872659560e+00,-6.513391990069269388e-01,-5.898719523451915192e-01,8.996561462495670236e-01,1.057215784542124393e+00,1.460741901006357146e+00,1.601870836312071944e+00,1.787715008429387353e+00,2.108368459302317977e+00,2.294224529269732304e+00,2.457355716585616356e+00,2.552228293988734187e+00,2.631145246336525467e+00,2.806623462400259950e+00,2.998612839423866028e+00,3.267596873626094300e+00,3.389148813077448530e+00,3.569934505728692198e+00,3.683152427662650386e+00,3.929807520146556321e+00,3.967217179515845960e+00,4.162903955403936429e+00,4.309003283024305908e+00,4.449115083602189102e+00,4.536301228766163263e+00,4.647464528004564777e+00,4.787763989390959374e+00,4.858292222630517188e+00,5.005477414376183098e+00,5.184166083710660011e+00,5.402601744770202608e+00,5.622921299061310663e+00,5.701503836812881865e+00,5.904987571640987198e+00,5.974427372950131598e+00,6.219768957793925246e+00,6.266413752709363294e+00,6.674601755899996824e+00,6.711120897688939380e+00,6.792566255588607049e+00,7.034047217429656662e+00,7.216166365920210879e+00,7.320400966519375885e+00,7.531187812851787733e+00,7.610007011173554936e+00,8.083015496636697605e+00,8.196291217737808665e+00,8.500177817937467850e+00,8.686237629805951599e+00,8.929888758968223428e+00,9.451525646803645486e+00,9.680343632632240514e+00,1.000876147605937128e+01,1.052160496453848637e+01,1.142219771132938355e+01,1.196046114450356512e+01,1.220992187996564660e+01,1.390704412263916545e+01,6.528227849905995583e+01,7.116771937715074614e+01,7.227712182357161907e+01,7.820320668732489366e+01,8.209818487384083596e+01
1.146973660369243891e-01,-4.457294210102686804e+01,-3.951645406238839797e+01,-3.657485928778518769e+01,-3.384104106369092335e+01,-3.154196802100817010e+01,-1.357185189795301383e+01,-1.280554060278467254e+01,-1.174452140468109640e+01,-1.110432237627059138e+01,-1.053337227958376587e+01,-9.921631441122553241e+00,-9.611785820855820006e+00,-9.444939942783337372e+00,-8.961579218422075499e+00,-8.766343831370551953e+00,-8.516335642066220402e+00,-8.332526011675620126e+00,-7.920743629965981469e+00,-7.883528736832756678e+00,-7.540770729917116277e+00,-7.490475562282534305e+00,-7.017768925267716895e+00,-6.884225295766058572e+00,-6.801830343027961412e+00,-6.704386210487424336e+00,-6.455748013465495205e+00,-6.265761581985983319e+00,-6.213890995339800938e+00,-6.089923881976794462e+00,-5.835257947493044384e+00,-5.693924064947106345e+00,-5.438477967572999283e+00,-5.376137094540955452e+00,-5.251574585651401783e+00,-5.004985165914471956e+00,-4.879404111507145814e+00,-4.669323530434923875e+00,-4.517656252283996032e+00,-4.391578640402940437e+00,-4.254505916087500061e+00,-4.024458273897974614e+00,-3.875793672432436665e+00,-3.776669277547207493e+00,-3.347213340981888052e+00,-3.281813837373737996e+00,-3.051531840782871985e+00,-2.937305495001606648e+00,-2.717784949113602799e+00,-2.586532733820544383e+00,-2.515047680096770932e+00,-2.415702433085923584e+00,-2.342365782082794112e+00,-2.089928075705167476e+00,-1.730066400883712108e+00,-1.644381639419945085e+00,-1.440508171498615209e+00,-1.266331011184248734e+00,-1.192226222921736634e+00,-6.385468913426236570e-01,-5.342527975294110165e-01,9.029742613946295515e-01,1.062935305999713531e+00,1.451769683633354679e+00,1.601174281463700888e+00,1.794868306114277168e+00,2.081617769572345900e+00,2.279206364093243842e+00,2.450278342176892998e+00,2.566089680082309421e+00,2.638095658645271957e+00,2.808092862044780258e+00,3.001927208010042314e+00,3.255039431147739748e+00,3.394555103132273377e+00,3.561917007381737221e+00,3.678985495633945835e+00,3.912782959142556916e+00,3.964178600747934045e+00,4.154866836495250126e+00,4.305349454338579740e+00,4.435391849822648780e+00,4.541940744592867674e+00,4.634903587326636654e+00,4.776347945348337731e+00,4.863100370013843765e+00,5.005142472439398027e+00,5.185505021592004660e+00,5.399184457260729708e+00,5.612219988499919765e+00,5.683088459575631468e+00,5.909299631770278616e+00,5.966195943159620541e+00,6.212463106541916247e+00,6.264812486167650185e+00,6.661158535027298377e+00,6.689557554861206512e+00,6.806238135716686344e+00,7.026495165827740585e+00,7.206032567345681095e+00,7.315371696272907620e+00,7.523560910969402826e+00,7.603666777318122350e+00,8.068464272644488844e+00,8.185655235173076250e+00,8.489411803759233877e+00,8.672779549757322570e+00,8.921718385314772348e+00,9.440261897444312211e+00,9.666432675655382667e+00,9.993598626821603048e+00,1.050158635234254589e+01,1.140499545913189650e+01,1.193457700125901333e+01,1.219654952366378353e+01,1.388023604816663692e+01,6.527937667967603375e+01,7.116802869984532265e+01,7.227720682806454988e+01,7.820904841182262146e+01,8.210328777500122044e+01
1.158694690779856346e-01,-4.458500875296521571e+01,-3.950824742618230800e+01,-3.658241155855197491e+01,-3.384880509461846998e+01,-3.154350714330363203e+01,-1.353600440705958441e+01,-1.277557661018976987e+01,-1.171609655782767412e+01,-1.107860946344595021e+01,-1.051283436905144519e+01,-9.900771495736217176e+00,-9.591792049267382936e+00,-9.426818583123360185e+00,-8.958065551038201235e+00,-8.743355043694220896e+00,-8.505446420253880646e+00,-8.325122457564186007e+00,-7.911388620369097069e+00,-7.870765664412347817e+00,-7.536578637779655310e+00,-7.476318113036736435e+00,-7.016154332418707895e+00,-6.875734657780244063e+00,-6.779788343232929115e+00,-6.690983416882365198e+00,-6.445128815904513253e+00,-6.266451902865934009e+00,-6.217516811913587738e+00,-6.070300593951104773e+00,-5.807963347395122433e+00,-5.692586242987530909e+00,-5.430672665078747130e+00,-5.365418362960943988e+00,-5.251907569365088513e+00,-4.992142813286369218e+00,-4.864463590782576397e+00,-4.675990812825535414e+00,-4.493000725540874818e+00,-4.385408719008041523e+00,-4.242463934224630862e+00,-4.014071832875132806e+00,-3.867781070975563562e+00,-3.769064699937854535e+00,-3.350831163216575259e+00,-3.269095669584165087e+00,-3.051263922583684618e+00,-2.929926266956631942e+00,-2.724709139358596044e+00,-2.602826165968365579e+00,-2.520199168550234514e+00,-2.410258262221530501e+00,-2.316055562486588393e+00,-2.080587115367263706e+00,-1.749053463539344433e+00,-1.652357852752012857e+00,-1.447275519934617671e+00,-1.283233234947502854e+00,-1.144075455058913837e+00,-6.223855571490418681e-01,-4.600529387439500906e-01,9.041626314529730424e-01,1.073522649889989022e+00,1.440486068048874690e+00,1.597928285616370347e+00,1.803626926369521932e+00,2.047781099535328941e+00,2.264082378746512525e+00,2.444584239661653502e+00,2.573892746267167464e+00,2.647077194208543371e+00,2.810704506461515706e+00,3.006727200709159220e+00,3.239928931898409914e+00,3.399381777349292033e+00,3.550163034866157474e+00,3.673239371932542685e+00,3.890446118700609635e+00,3.959938085278125630e+00,4.143900160158191959e+00,4.299365663204648413e+00,4.417186625434974090e+00,4.548266215327170237e+00,4.618949082474821388e+00,4.762757443005277480e+00,4.866728420038296754e+00,5.004237853273296288e+00,5.187437742489920289e+00,5.394157081464739711e+00,5.596437055834331709e+00,5.660539596243608251e+00,5.912441307315663863e+00,5.955329892251616464e+00,6.202541805213675374e+00,6.262084794450128555e+00,6.638974200697777661e+00,6.671324133432561254e+00,6.816405778579974317e+00,7.016414366715565620e+00,7.192210952491471687e+00,7.307895680806670846e+00,7.512940612209721536e+00,7.594812844042810873e+00,8.048141395941303955e+00,8.170992790629886926e+00,8.474170590154145088e+00,8.654266392290855592e+00,8.910059058599724580e+00,9.424515213868030372e+00,9.647030744640714417e+00,9.972431691242462648e+00,1.047368170089102968e+01,1.138087877216827160e+01,1.189920043093183999e+01,1.217709572637322069e+01,1.384278597636722452e+01,6.527533895483837512e+01,7.116845773220263993e+01,7.227733265733162682e+01,7.821716651419301058e+01,8.211038276223662535e+01
1.170415721190468800e-01,-4.460039020770432217e+01,-3.949779773712791098e+01,-3.659184887562499000e+01,-3.385884029531244721e+01,-3.154550711080809577e+01,-1.348993709026867371e+01,-1.273717631812023754e+01,-1.167975935531565312e+01,-1.104555469942790502e+01,-1.048637860355518825e+01,-9.874056716077799223e+00,-9.566177430570890650e+00,-9.403669280629754823e+00,-8.952443514465915797e+00,-8.714920673868649104e+00,-8.491236431655435624e+00,-8.315456870785027377e+00,-7.899894560090400475e+00,-7.854108935706292982e+00,-7.529458627625923661e+00,-7.459433892979579817e+00,-7.013734706088800230e+00,-6.863036919560884463e+00,-6.753496426330586999e+00,-6.674688135177519577e+00,-6.431395654298110109e+00,-6.265207029563931052e+00,-6.219943641278176116e+00,-6.048288112410717510e+00,-5.774878667860830816e+00,-5.688981346123583194e+00,-5.420524860880499673e+00,-5.352186353099023464e+00,-5.251100568109667854e+00,-4.976594341674441146e+00,-4.847041335089482317e+00,-4.678793534903401330e+00,-4.466750655969776496e+00,-4.376660833282440599e+00,-4.227584577091430873e+00,-4.001190161918358079e+00,-3.856961657188591630e+00,-3.758692498649212954e+00,-3.354120109471186773e+00,-3.255385696119778682e+00,-3.050235225451225940e+00,-2.920390265481605407e+00,-2.735670103534832087e+00,-2.615392827102585027e+00,-2.522251023882218668e+00,-2.403828224340220032e+00,-2.291666570534395486e+00,-2.070652992156439609e+00,-1.773203163042195385e+00,-1.652556867040339661e+00,-1.458259485633977670e+00,-1.307013768414578392e+00,-1.078707065909918272e+00,-6.019048350780773493e-01,-3.661427914826836938e-01,9.024907066302247927e-01,1.088802113959058460e+00,1.427277671085623645e+00,1.590846706252720066e+00,1.813011591952975232e+00,2.011267931620705607e+00,2.249573721449515062e+00,2.440127833964897075e+00,2.575637906994599380e+00,2.655038092182198550e+00,2.814474000916971974e+00,3.013070290416757224e+00,3.223345544384319084e+00,3.402358082263925887e+00,3.534181598374590560e+00,3.665917805450150890e+00,3.864094835090040370e+00,3.954418685971331726e+00,4.130365975200163575e+00,4.290113978923436377e+00,4.395312559491893367e+00,4.552767856803767721e+00,4.602371523527826191e+00,4.747422688854753936e+00,4.868269190541833602e+00,5.002428961977952504e+00,5.189916894323018504e+00,5.387212197261306734e+00,5.574851004253434716e+00,5.635986146948375186e+00,5.911430854374994937e+00,5.943687983196409341e+00,6.190147270707145211e+00,6.257943771592120008e+00,6.610279108942552106e+00,6.654463317201583905e+00,6.822326488330167749e+00,7.004335924848699158e+00,7.174958128762781939e+00,7.297671735696714457e+00,7.499399763076736392e+00,7.583460336768203192e+00,8.022110120009363854e+00,8.152499361504979447e+00,8.454312238501485055e+00,8.630978535169722576e+00,8.894727463926317412e+00,9.404305494069072680e+00,9.622216385383731918e+00,9.945321027270020764e+00,1.043801371545827017e+01,1.134981318042171949e+01,1.185496701557840638e+01,1.215105884590290408e+01,1.379477459334744083e+01,6.527019002150358062e+01,7.116900260232661424e+01,7.227750569420581428e+01,7.822750142717222843e+01,8.211942123836935536e+01
1.182136751601081254e-01,-4.461898789069962845e+01,-3.948518060881868763e+01,-3.660298082521105556e+01,-3.387116696594885923e+01,-3.154799090119080063e+01,-1.343366961260529813e+01,-1.269043455809188892e+01,-1.163566829103428901e+01,-1.100516029306174737e+01,-1.045396830440886937e+01,-9.841568317357419104e+00,-9.535016353350966867e+00,-9.375613250708354940e+00,-8.944289303569041394e+00,-8.681488052253975241e+00,-8.473582200611076587e+00,-8.303401425086915921e+00,-7.886285453366355114e+00,-7.833720137185213872e+00,-7.519001014659742133e+00,-7.439939359002807784e+00,-7.010057465067599303e+00,-6.846199995272090000e+00,-6.723548436292920982e+00,-6.655956946180793032e+00,-6.414438038757136695e+00,-6.261396078284680478e+00,-6.220251125781450341e+00,-6.025285595646289849e+00,-5.736996154995399166e+00,-5.681624430317883778e+00,-5.407988474861943118e+00,-5.336762307548796436e+00,-5.248549325382928288e+00,-4.959069089015922138e+00,-4.827929445051957202e+00,-4.676603634950627253e+00,-4.439934400947704418e+00,-4.364906124385818487e+00,-4.210101810097156338e+00,-3.986153932885539319e+00,-3.843061790791446164e+00,-3.745142627659645118e+00,-3.357222600703134940e+00,-3.241255099764206893e+00,-3.048222832342474042e+00,-2.908511065530585249e+00,-2.750255135530410122e+00,-2.622367342428602921e+00,-2.522463799709037335e+00,-2.396382405228095092e+00,-2.269495489880144046e+00,-2.061499959467533838e+00,-1.798169924787256013e+00,-1.647438028553476208e+00,-1.470838972667790623e+00,-1.331594832520239136e+00,-1.006562630154108628e+00,-5.732418006930164456e-01,-2.398129303589830175e-01,8.987672550970767782e-01,1.106917082335108660e+00,1.411474266934444888e+00,1.579886648703830554e+00,1.821781402324287091e+00,1.976794568656847106e+00,2.235490767056829586e+00,2.436674935490310556e+00,2.572500468146502683e+00,2.659617945374052717e+00,2.818680076131729439e+00,3.020810798720523049e+00,3.206154525155279877e+00,3.402534012050891121e+00,3.513435768546647520e+00,3.656859307382084534e+00,3.835188531569142967e+00,3.947471288617846685e+00,4.114740228639258923e+00,4.276420800746391748e+00,4.370633360035129478e+00,4.548913006278533899e+00,4.592153731791421833e+00,4.730480644025696790e+00,4.867202132763406297e+00,4.999389952316255936e+00,5.192752476065217948e+00,5.377846799927258559e+00,5.547289702352912855e+00,5.610972855639754009e+00,5.901487375658531320e+00,5.935203937805327179e+00,6.175371656941397447e+00,6.252153599579773235e+00,6.577891095725600934e+00,6.636409577879352817e+00,6.823074229894793952e+00,6.990932588543173232e+00,7.154530340621476192e+00,7.284431298884542549e+00,7.483047706929752962e+00,7.569623092208560777e+00,7.990467794881737085e+00,8.130386971963023512e+00,8.429692470992605990e+00,8.603219494893377117e+00,8.875527743872622111e+00,9.379654602217044612e+00,9.592097968485992610e+00,9.912343156987050818e+00,1.039474212084211402e+01,1.131175298954290298e+01,1.180250326604210898e+01,1.211799220617144890e+01,1.373630493111526718e+01,6.526396145127280590e+01,7.116965853262728103e+01,7.227773354255529625e+01,7.823997761036113729e+01,8.213034139595433203e+01
1.193857782011693708e-01,-4.464068247504436471e+01,-3.947048770686921415e+01,-3.661558919430672887e+01,-3.388579094871495556e+01,-3.155099316770900941e+01,-1.336722933206081620e+01,-1.263546862471049259e+01,-1.158401880537846651e+01,-1.095742778733977119e+01,-1.041555978434568352e+01,-9.803408074848061204e+00,-9.498407658411363030e+00,-9.342808216285087397e+00,-8.933258205967991472e+00,-8.643445404433871104e+00,-8.452360203643179304e+00,-8.288780312301463837e+00,-7.870441513376824183e+00,-7.809914010861908729e+00,-7.504854962105153682e+00,-7.417845339083307010e+00,-7.004591087281168527e+00,-6.825548076130478314e+00,-6.690711993446884165e+00,-6.635049804388660100e+00,-6.394046526059850244e+00,-6.254792084146735931e+00,-6.217472162547144521e+00,-6.002583918110324213e+00,-5.696107118051755513e+00,-5.667990284606045037e+00,-5.393029758785752747e+00,-5.319498045450402834e+00,-5.243678174554566418e+00,-4.940420431037401805e+00,-4.807549346148803693e+00,-4.668727240820971680e+00,-4.413418958652778556e+00,-4.349739583505291662e+00,-4.190177606843583646e+00,-3.969309816071758146e+00,-3.825911351841599473e+00,-3.727961380858214380e+00,-3.360257424077139454e+00,-3.227199288889443185e+00,-3.045091938292856515e+00,-2.894154475885365674e+00,-2.766575292022992016e+00,-2.624379904828275212e+00,-2.521308959896642943e+00,-2.387965491077685520e+00,-2.249519550586001060e+00,-2.054179930920383423e+00,-1.820759419210853824e+00,-1.639657064311546009e+00,-1.483280021295230178e+00,-1.353434143189027106e+00,-9.382614835614008220e-01,-5.285630821013860281e-01,1.277285313626161933e-01,8.944832128914244063e-01,1.125411569603968154e+00,1.390927724190574866e+00,1.567193788338408389e+00,1.828286402372423902e+00,1.948349795531283402e+00,2.221708699914993979e+00,2.433930074040922875e+00,2.565002292011396623e+00,2.660651757073244195e+00,2.821887037785472341e+00,3.029349355353673445e+00,3.189209045827221534e+00,3.399248477700693716e+00,3.487461116527929672e+00,3.645597614216975035e+00,3.805300089558607990e+00,3.938846136850359336e+00,4.097560711349379936e+00,4.257183773656427306e+00,4.343797064380487072e+00,4.532472605605557092e+00,4.593114342389399418e+00,4.711999024974455885e+00,4.863247080282794066e+00,4.994827641830310583e+00,5.195549165261186708e+00,5.365259251517557004e+00,5.514923471287398016e+00,5.585890778339585694e+00,5.881878621101698457e+00,5.929985327058819422e+00,6.158261194795473514e+00,6.244545927171993860e+00,6.542958868049233878e+00,6.616260859908359215e+00,6.817620372984514177e+00,6.976847033954475918e+00,7.131204462402491728e+00,7.267968662990467621e+00,7.464030881598894496e+00,7.553316326891467369e+00,7.953352722429645638e+00,8.104863446149490613e+00,8.400192776591719479e+00,8.571286730170905699e+00,8.852265070090282961e+00,9.350583790093388359e+00,9.556819243897493266e+00,9.873589806222126342e+00,1.034406531241246974e+01,1.126664025218558862e+01,1.174240051631210058e+01,1.207753617676991631e+01,1.366750197163657532e+01,6.525669154992077381e+01,7.117041997315433832e+01,7.227802461928733635e+01,7.825450430465747331e+01,8.214306871106894903e+01
1.205578812422306023e-01,-4.466533457750976766e+01,-3.945382627604224979e+01,-3.662943516698229729e+01,-3.390269543110593986e+01,-3.155456245107756530e+01,-1.329065341722639637e+01,-1.257241917591685443e+01,-1.152504398307430300e+01,-1.090235786672546858e+01,-1.037110350432182670e+01,-9.759699668465938061e+00,-9.456482372055569741e+00,-9.305452783318234111e+00,-8.919060965798546903e+00,-8.601160297199546889e+00,-8.427449710370490621e+00,-8.271358528989532388e+00,-7.852158374829939724e+00,-7.783079909357634385e+00,-7.486700388126093841e+00,-7.393098534813996814e+00,-6.996806152955338476e+00,-6.801530338297133049e+00,-6.656354869336050584e+00,-6.611614634064819640e+00,-6.369891694506925717e+00,-6.245838616201667470e+00,-6.210303916462908802e+00,-5.981193295600869320e+00,-5.660735117292913898e+00,-5.638875792087593375e+00,-5.375624558389139551e+00,-5.300792503706341918e+00,-5.235904229113803154e+00,-4.921481004771012024e+00,-4.785805797128932504e+00,-4.655028684267332295e+00,-4.387957702950369132e+00,-4.330833689613687199e+00,-4.167924932464010190e+00,-3.950926042230976432e+00,-3.805564293471204174e+00,-3.706690140040957981e+00,-3.363165094830933732e+00,-3.213703245143224141e+00,-3.040676413868609984e+00,-2.877681095389273747e+00,-2.782025922422916686e+00,-2.622986597916762808e+00,-2.518856725989354839e+00,-2.378646284330498961e+00,-2.231805865103836162e+00,-2.048921401687691546e+00,-1.839103368248085957e+00,-1.632326237888584330e+00,-1.494664218431053682e+00,-1.368629549087183150e+00,-8.854806786407689589e-01,-4.606065948109184238e-01,3.009973850527862260e-01,8.910409219876498366e-01,1.142163865520889665e+00,1.362967876642880993e+00,1.556568878156394442e+00,1.830809759879842735e+00,1.928237925692175558e+00,2.208506337641527928e+00,2.431520082740232347e+00,2.553073277206991509e+00,2.659473066819078912e+00,2.822487210583148443e+00,3.037325866136142416e+00,3.173583097882063164e+00,3.392104762189577460e+00,3.456032011004171345e+00,3.631304950985920321e+00,3.776017902194744202e+00,3.928159328111572535e+00,4.079371796081311174e+00,4.231943207080946401e+00,4.314834941113526945e+00,4.510256695412111050e+00,4.598942673934911518e+00,4.692170724635886359e+00,4.856268697348854246e+00,4.988465555390714457e+00,5.197646842583677262e+00,5.348257552025074801e+00,5.480105524984778320e+00,5.560387330305436748e+00,5.855986048748889949e+00,5.924207811277140578e+00,6.138818019402744852e+00,6.235031940397414374e+00,6.505923064446855086e+00,6.593808199754054300e+00,6.805127174470682938e+00,6.962302115291799431e+00,7.105329876127242983e+00,7.248170156784233598e+00,7.442521452364708523e+00,7.534564894740586105e+00,7.910951213793183001e+00,8.076111474213888641e+00,8.365752822654394905e+00,8.535444749763328787e+00,8.824753505665210440e+00,9.317110885270137643e+00,9.516566006210222639e+00,9.829166577241919001e+00,1.028622256732094087e+01,1.121440366878279882e+01,1.167521460097546537e+01,1.202942592057531357e+01,1.358851232530769515e+01,6.524842518144532733e+01,7.117128074698267426e+01,7.227838770113423550e+01,7.827097642254631182e+01,8.215751653370753615e+01
1.217299842832918477e-01,-4.469278558346429975e+01,-3.943531856097214217e+01,-3.664426669563974315e+01,-3.392183361428738664e+01,-3.155876252814638505e+01,-1.320399151218190070e+01,-1.250145133678751463e+01,-1.145901495464653941e+01,-1.083995071218263817e+01,-1.032054588661142169e+01,-9.710590096369449142e+00,-9.409416986421634377e+00,-9.263788674184322502e+00,-8.901437600297821717e+00,-8.555030132658014708e+00,-8.398723043171086644e+00,-8.250830359885418019e+00,-7.831184560364122582e+00,-7.753620199034558347e+00,-7.464244919202770667e+00,-7.365603162921209979e+00,-6.986222832307382724e+00,-6.774657225088605905e+00,-6.623208333264324565e+00,-6.583840045222797421e+00,-6.341616109797047152e+00,-6.235572499782781719e+00,-6.197117850414702644e+00,-5.961567239661011541e+00,-5.633028207386810315e+00,-5.591920816626412716e+00,-5.355743403140938774e+00,-5.281092120127883760e+00,-5.224590915691425863e+00,-4.902798696715199078e+00,-4.762266553333025065e+00,-4.635937272856806679e+00,-4.364072995446390379e+00,-4.308053520296338590e+00,-4.143468286684220736e+00,-3.931110913361407722e+00,-3.782415058867452551e+00,-3.680915895097039314e+00,-3.365588246274763495e+00,-3.201313720071901958e+00,-3.034591926287582897e+00,-2.861141495279068803e+00,-2.793026632374931761e+00,-2.619668554069481292e+00,-2.514941405368643856e+00,-2.368520611040885182e+00,-2.216652200237766657e+00,-2.044906480150064265e+00,-1.852337248558861393e+00,-1.629110288442728649e+00,-1.504758963075334854e+00,-1.372574115578181653e+00,-8.536993080588380911e-01,-3.779630777595421320e-01,4.177134339556557996e-01,8.894129308308811321e-01,1.155557090625584982e+00,1.327400198928343489e+00,1.550636504307548291e+00,1.829007929692228807e+00,1.915750833505195816e+00,2.196556790858506414e+00,2.429001337476111022e+00,2.536680709240033416e+00,2.657707250165623147e+00,2.819226369069804949e+00,3.042410270327261301e+00,3.160771202683843928e+00,3.380800233098301355e+00,3.419446204724442495e+00,3.613001728574396054e+00,3.748664283364097738e+00,3.914862710573079330e+00,4.060675141563143242e+00,4.201257949792086777e+00,4.283120735388223466e+00,4.486825703045654201e+00,4.604893799213450656e+00,4.671667660892673268e+00,4.846206987596578308e+00,4.979977108341953951e+00,5.198032496927671886e+00,5.325443264374619901e+00,5.445578726104114864e+00,5.534185579298150692e+00,5.825601141970029317e+00,5.915811237474131623e+00,6.117003340018362323e+00,6.223602085144590568e+00,6.466979114851854504e+00,6.569055596481756965e+00,6.785308186079859638e+00,6.946633280977689395e+00,7.077396154574268294e+00,7.225054535895973906e+00,7.418687844712982482e+00,7.513416815879460309e+00,7.863508047800666034e+00,8.044266143233226529e+00,8.326403877131157927e+00,8.495903689141252713e+00,8.792818850217390292e+00,9.279247605130386489e+00,9.471573548937348264e+00,9.779191197051000373e+00,1.022149691311003750e+01,1.115495775401242895e+01,1.160147764540191595e+01,1.197348830299257827e+01,1.349950409999428125e+01,6.523921355468279160e+01,7.117223419897899817e+01,7.227883144899894319e+01,7.828927555738097510e+01,8.217358676746962942e+01
1.229020873243530931e-01,-4.472285860024564386e+01,-3.941510111016943796e+01,-3.665982570654517048e+01,-3.394312289765439772e+01,-3.156367257463704235e+01,-1.310730909477046957e+01,-1.242275599700970190e+01,-1.138624067142536411e+01,-1.077020733279794129e+01,-1.026383202910341197e+01,-9.656251052352246234e+00,-9.357456829340938143e+00,-9.218096157014736391e+00,-8.880134763486445593e+00,-8.505543369094874961e+00,-8.366014508805568184e+00,-8.226811057159471474e+00,-7.807232601786533444e+00,-7.721910207408938298e+00,-7.437234923092420402e+00,-7.335233971979578271e+00,-6.972430992373126024e+00,-6.745484529488856573e+00,-6.594532606766970062e+00,-6.549125016061704940e+00,-6.309223565097567210e+00,-6.224281844182999457e+00,-6.177012122108385128e+00,-5.943399327575355606e+00,-5.601328513467096926e+00,-5.539409978910215138e+00,-5.333312037661894323e+00,-5.260781158682751979e+00,-5.209081064981573306e+00,-4.884379171035531542e+00,-4.736637933095202868e+00,-4.612201497105851367e+00,-4.341909065277914870e+00,-4.281547137710596473e+00,-4.117021340739870361e+00,-3.909777485355450999e+00,-3.757277491361163513e+00,-3.650326212080118538e+00,-3.366790423067791416e+00,-3.190657007461485506e+00,-3.026136380744846477e+00,-2.850562299443924363e+00,-2.792981178726918756e+00,-2.615544484448947937e+00,-2.509244368769220301e+00,-2.357735184636948755e+00,-2.204381873482902598e+00,-2.040671118975827092e+00,-1.860249322444735176e+00,-1.632616488390262521e+00,-1.513641229947587430e+00,-1.361796478430967960e+00,-8.389368545563834489e-01,-3.121711386552236123e-01,5.227631466738148491e-01,8.901200754832740980e-01,1.163931253196802906e+00,1.288850761134014311e+00,1.548769413861185162e+00,1.824854332351940167e+00,1.906887155767950093e+00,2.186723151298377577e+00,2.425745802424188469e+00,2.516494417047936860e+00,2.656484118140061579e+00,2.811355067312751199e+00,3.041700771884587429e+00,3.152374057162334875e+00,3.363315434187648556e+00,3.380357344950261744e+00,3.590099854168062432e+00,3.723793161816013164e+00,3.898240143247542200e+00,4.041881714232969713e+00,4.166396257639230605e+00,4.248041980088023806e+00,4.463374592978468058e+00,4.607393594589108687e+00,4.652849988916741175e+00,4.833035272579621733e+00,4.968872037096348393e+00,5.195138217752000465e+00,5.296255044119644317e+00,5.413407020330405217e+00,5.507450201998157269e+00,5.791471639036407382e+00,5.903968303459726563e+00,6.092753830078711630e+00,6.210298326655854240e+00,6.426223001906586241e+00,6.542060317086697552e+00,6.758513997412036289e+00,6.928142941820286005e+00,7.048054717582653339e+00,7.198828893843840504e+00,7.392643024843250643e+00,7.489958084870724342e+00,7.811345897351986700e+00,8.009389118364975246e+00,8.282298913771084514e+00,8.452807638397056067e+00,8.756297847606463236e+00,9.236997555489791623e+00,9.422134227220363201e+00,9.723791344667937153e+00,1.015021873327054536e+01,1.108820290794492536e+01,1.152171332582203434e+01,1.190963614070348164e+01,1.340066711590882420e+01,6.522911397066702932e+01,7.117327333924400534e+01,7.227936393314891461e+01,7.830927109349029536e+01,8.219117063037629123e+01
1.240741903654143385e-01,-4.475535953744020645e+01,-3.939332395149024535e+01,-3.667585486035199693e+01,-3.396644104806549080e+01,-3.156938594424558175e+01,-1.300069175931940890e+01,-1.233655125749497117e+01,-1.130706661827843718e+01,-1.069313244610714619e+01,-1.020090962637215171e+01,-9.596880162311432372e+00,-9.300958159738733855e+00,-9.168672554485141291e+00,-8.854888194028767145e+00,-8.453352359304739494e+00,-8.329059598424843003e+00,-8.198838507370272310e+00,-7.779976929313768608e+00,-7.688268899852213067e+00,-7.405474809428133298e+00,-7.301844511267697513e+00,-6.955097735708952733e+00,-6.714622292544042637e+00,-6.570001208533740922e+00,-6.508018974062592221e+00,-6.274250102932770190e+00,-6.209792808378889362e+00,-6.150462218167032091e+00,-5.925664566539210476e+00,-5.564070974871436981e+00,-5.484576916572077465e+00,-5.308130708499327000e+00,-5.239847282286432595e+00,-5.188903691832946308e+00,-4.865646488417995741e+00,-4.709119296349046913e+00,-4.584585426005064690e+00,-4.321251305899906470e+00,-4.251654788684794184e+00,-4.088941114697529855e+00,-3.886678939216819284e+00,-3.731407565546494887e+00,-3.614757389988892289e+00,-3.365625524387357181e+00,-3.182285820305014390e+00,-3.014445947276956694e+00,-2.850341025235384240e+00,-2.777874304265293137e+00,-2.611184851806441110e+00,-2.501401253829248272e+00,-2.346505430073546616e+00,-2.194820283349690815e+00,-2.035105575260960364e+00,-1.862812815348616757e+00,-1.642486487336466849e+00,-1.521037067165364576e+00,-1.336449997768606845e+00,-8.342110455898714694e-01,-2.909541712923260914e-01,6.104261913556259245e-01,8.938096384344147438e-01,1.164796792717883056e+00,1.256083053035729202e+00,1.548255544631372160e+00,1.820774377995437954e+00,1.896970647741773153e+00,2.179654017820603418e+00,2.420391397159571856e+00,2.494580882959347878e+00,2.656257345481487953e+00,2.798533183132094315e+00,3.033358231270181893e+00,3.148565700455580707e+00,3.326464374621277198e+00,3.353163048993651252e+00,3.562889394645981866e+00,3.700828496240009091e+00,3.877488636717703052e+00,4.023236603135471157e+00,4.128672324902415092e+00,4.209778955887517604e+00,4.439631319747196159e+00,4.599655137685646267e+00,4.642142292323541142e+00,4.816748086482529168e+00,4.954362978164269293e+00,5.186374788200820873e+00,5.262759717837012907e+00,5.383747197958956399e+00,5.480835609264283370e+00,5.754074889980411278e+00,5.888327851525583689e+00,6.066021573623332941e+00,6.195144894537143898e+00,6.383729862983582137e+00,6.512859618842429477e+00,6.725458507711960188e+00,6.904549965247164245e+00,7.017919860197708637e+00,7.169946380720349843e+00,7.364373284896155170e+00,7.464315811856571337e+00,7.754903107450159538e+00,7.971438467678267692e+00,8.233736247622923443e+00,8.406236223538082086e+00,8.715035274389370201e+00,9.190355678925266503e+00,9.368603875017075922e+00,9.663102231686229615e+00,1.007277012490149382e+01,1.101402742937762191e+01,1.143645097196903926e+01,1.183786355415033142e+01,1.329221367100006823e+01,6.521818952921786661e+01,7.117439097308991336e+01,7.227999218172168128e+01,7.833082139831289226e+01,8.221014948799050615e+01
1.252462934064755840e-01,-4.479007831111898241e+01,-3.937014962598565404e+01,-3.669210365903779092e+01,-3.399162461158743298e+01,-3.157600751130485506e+01,-1.288425078407092528e+01,-1.224308391802464158e+01,-1.122187195179324348e+01,-1.060873960685774442e+01,-1.013173448778856667e+01,-9.532702033817534115e+00,-9.240464798336954999e+00,-9.115773579684212535e+00,-8.825412122537787951e+00,-8.399338138877089577e+00,-8.287416040619614677e+00,-8.166394291661340787e+00,-7.749049844116679964e+00,-7.652934702387466537e+00,-7.368849308328020875e+00,-7.265271182175848885e+00,-6.933972645697289217e+00,-6.682745856293966114e+00,-6.546967750325872970e+00,-6.462890385531956383e+00,-6.242419778221284687e+00,-6.185670046976714964e+00,-6.118466910405787829e+00,-5.906877138581029918e+00,-5.521998832913181054e+00,-5.429496656836742652e+00,-5.279782813327650537e+00,-5.217444593070467818e+00,-5.163963876214267223e+00,-4.845658805892795407e+00,-4.680357868138873556e+00,-4.553744001140653808e+00,-4.301628543307624675e+00,-4.218753555782467579e+00,-4.059717237080576524e+00,-3.861510544873042683e+00,-3.706439430427264092e+00,-3.574235701659853159e+00,-3.360595479529671525e+00,-3.176335902037177306e+00,-2.998902589000308261e+00,-2.854343779682469329e+00,-2.755223728748450007e+00,-2.606218709782718523e+00,-2.491145504279588696e+00,-2.335087346803440322e+00,-2.186875111814961858e+00,-2.028325446537237120e+00,-1.859802671738552959e+00,-1.655926609346035416e+00,-1.526321490679126258e+00,-1.299860580917698183e+00,-8.342552875975076665e-01,-3.119743156510340620e-01,6.681673199759294857e-01,9.022483135177277180e-01,1.157092313585980081e+00,1.237025185413139328e+00,1.546327411277132580e+00,1.817324764298735129e+00,1.883524340077218140e+00,2.175257836252709964e+00,2.409617555034208269e+00,2.475387063167503232e+00,2.657004255189681086e+00,2.780715068130525047e+00,3.017866101865255946e+00,3.146806906014877114e+00,3.278460804841247800e+00,3.331420419459909965e+00,3.532436030359543455e+00,3.678290148711080398e+00,3.851970793201162646e+00,4.004622094062637139e+00,4.088996493899665019e+00,4.169560887326430709e+00,4.414695423197398938e+00,4.579831647786333448e+00,4.641201913150367453e+00,4.797374572857950881e+00,4.935282728819164078e+00,5.167843376152105428e+00,5.230037501857472293e+00,5.354947729054141625e+00,5.455400147530403032e+00,5.713839750201572976e+00,5.868789467361666290e+00,6.036835513206184167e+00,6.178027663097202193e+00,6.339651972453101969e+00,6.481423150915084364e+00,6.686885538875727342e+00,6.873943193097584725e+00,6.986986609917855695e+00,7.139116533825871080e+00,7.333665041030878129e+00,7.436615900541046820e+00,7.694807518879938080e+00,7.930235363686341188e+00,8.181176404672587665e+00,8.356219733622817003e+00,8.668880487434645232e+00,9.139309978460975259e+00,9.311405019498034008e+00,9.597264515449214883e+00,9.989589873772880324e+00,1.093231290499243080e+01,1.134623593352490545e+01,1.175824372110530369e+01,1.317438012394159230e+01,6.520650879372001896e+01,7.117557981052861749e+01,7.228072177294961875e+01,7.835377507771670480e+01,8.223039574956092679e+01
1.264183964475368294e-01,-4.482679016743382761e+01,-3.934575206618669796e+01,-3.670833376154508443e+01,-3.401846961673205527e+01,-3.158364966769429216e+01,-1.275813054298893867e+01,-1.214263078410368557e+01,-1.113106455432145481e+01,-1.051705934435003975e+01,-1.005627817812808900e+01,-9.463969272189761028e+00,-9.176843306532505906e+00,-9.059483855657477491e+00,-8.791400883342184613e+00,-8.344576905916825993e+00,-8.240453078676893028e+00,-8.128949801220922922e+00,-7.714044208059385177e+00,-7.616046631240508624e+00,-7.327343196948319815e+00,-7.225332164336682794e+00,-6.908895105901396327e+00,-6.650571980386015269e+00,-6.523267183809640990e+00,-6.415288112673099619e+00,-6.219912973099295250e+00,-6.145411784611189532e+00,-6.081893699055841651e+00,-5.885386671497660593e+00,-5.476330535549401191e+00,-5.376969721738049657e+00,-5.247877687550551506e+00,-5.191530308153782691e+00,-5.134339724378935266e+00,-4.823393472130059756e+00,-4.651164313151309848e+00,-4.520288920263195287e+00,-4.282328029621170984e+00,-4.183223644081692782e+00,-4.029885163626084399e+00,-3.834060437271479049e+00,-3.684142617729087466e+00,-3.529042242345429070e+00,-3.350079901272676075e+00,-3.172191546758320602e+00,-2.979540434994619069e+00,-2.857296264705640354e+00,-2.732806300536500643e+00,-2.598858057594597426e+00,-2.478394083894994271e+00,-2.323662554411871639e+00,-2.178774142186520546e+00,-2.021522734931650689e+00,-1.850807389515752410e+00,-1.669709997700912441e+00,-1.528915470653028130e+00,-1.256431004493397285e+00,-8.360569308104274233e-01,-3.540547967361167281e-01,6.915071419374200223e-01,9.163804552434705597e-01,1.146858491591349560e+00,1.229955232524143405e+00,1.541135096755890554e+00,1.811423709616833078e+00,1.868312162729108605e+00,2.172396630997237121e+00,2.389207548597381159e+00,2.464263202272803266e+00,2.658478137034698374e+00,2.758119844184839575e+00,2.996785024945117115e+00,3.142551570754997581e+00,3.229473053026053364e+00,3.307759539853178943e+00,3.500076679895220089e+00,3.654319186296059119e+00,3.821652914061755446e+00,3.984905132075944323e+00,4.048157543130747271e+00,4.129396996952413801e+00,4.387639987209623449e+00,4.554570368902936650e+00,4.642979790695188846e+00,4.775009553740697577e+00,4.910217635034237915e+00,5.137952096695675763e+00,5.201420296330240944e+00,5.324959981022404421e+00,5.432294021742813506e+00,5.671196176388120236e+00,5.845415562109759655e+00,6.005364557404288206e+00,6.158504891852333074e+00,6.294392627891397751e+00,6.447619890877951399e+00,6.643396717281831343e+00,6.835654543977930153e+00,6.954117598810937828e+00,7.107173688123666899e+00,7.300069210450026880e+00,7.406822763197481230e+00,7.632021919287669043e+00,7.885433606219910629e+00,8.125252540184352057e+00,8.302764624428982998e+00,8.617685300422133210e+00,9.083845916015297561e+00,9.251023882731690406e+00,9.526424000574309048e+00,9.901178621979639161e+00,1.084294456269786089e+01,1.125163451900774625e+01,1.167092922989586867e+01,1.304742964067261646e+01,6.519414541366631966e+01,7.117683254984308405e+01,7.228155648841139680e+01,7.837797227617437557e+01,8.225177381764750351e+01
1.275904994885980748e-01,-4.486525711916200265e+01,-3.932031530470906233e+01,-3.672432343482770278e+01,-3.404673443624870544e+01,-3.159242718757115753e+01,-1.262251863642550198e+01,-1.203549936875601922e+01,-1.103507363406822783e+01,-1.041815099288094970e+01,-9.974538545630437625e+00,-9.390964146875587559e+00,-9.111486691890281264e+00,-8.999490632837989779e+00,-8.752551988933086946e+00,-8.290033599351293248e+00,-8.187596987429179407e+00,-8.086025709841797138e+00,-7.674533194685779769e+00,-7.577629949445511492e+00,-7.281054332836006004e+00,-7.181820346227648422e+00,-6.879803903855277625e+00,-6.618735447493879320e+00,-6.497262495237500879e+00,-6.366377255082404929e+00,-6.202228405501180042e+00,-6.093391217153169670e+00,-6.041259675551759578e+00,-5.859589106201466002e+00,-5.428502166760198477e+00,-5.330069298356741925e+00,-5.213552548657852448e+00,-5.158343629513374218e+00,-5.099828587032025240e+00,-4.797940140278663890e+00,-4.622266879458067024e+00,-4.484894804132997237e+00,-4.262380278796008781e+00,-4.145486470443610294e+00,-3.999898076391176449e+00,-3.804387515256192120e+00,-3.665907248069681490e+00,-3.479870473273768638e+00,-3.332787001288943785e+00,-3.168362680960655098e+00,-2.957225704319205839e+00,-2.857075816898690057e+00,-2.715779660959604769e+00,-2.586203426285645257e+00,-2.463177048100387623e+00,-2.312154300644568394e+00,-2.168829117046916721e+00,-2.015869041476838319e+00,-1.835706361066556491e+00,-1.681396391992869388e+00,-1.528345923083308744e+00,-1.210835095635755643e+00,-8.384363773823217958e-01,-3.978358472694535908e-01,6.896841170999427062e-01,9.320699325049501827e-01,1.139185736723476117e+00,1.228720604578869446e+00,1.531779387108063384e+00,1.795165388677147034e+00,1.858542640599480933e+00,2.169116402811771760e+00,2.360031297559104235e+00,2.461014751918043419e+00,2.660355973187570999e+00,2.731297252386275520e+00,2.971201672354658374e+00,3.128379466815454091e+00,3.186493263817170352e+00,3.281432007246137594e+00,3.467023388667097361e+00,3.626956178459719737e+00,3.787515667000393105e+00,3.959670805299468466e+00,4.009398522764771933e+00,4.091248291843643692e+00,4.357924949543665605e+00,4.527089422589209988e+00,4.643254886503898504e+00,4.749845099045606922e+00,4.878134982314054291e+00,5.101703674698166324e+00,5.173381942441142911e+00,5.292339986246668460e+00,5.412172072358252706e+00,5.626565615461976755e+00,5.818367463918415972e+00,5.971952183944662096e+00,6.135503715675687531e+00,6.248926178560454403e+00,6.411201895021608088e+00,6.595417495775460992e+00,6.790235456696082750e+00,6.917500692711119115e+00,7.074732036171899274e+00,7.262956122457410402e+00,7.374349290061497975e+00,7.568123631902334836e+00,7.836507417408197895e+00,8.066767531646039657e+00,8.245885493386756693e+00,8.561305678778921902e+00,9.023952464213611080e+00,9.187997182782934757e+00,9.450736364406932211e+00,9.808103320286512883e+00,1.074582772251949869e+01,1.115323255110448208e+01,1.157615484347386392e+01,1.291165655008904167e+01,6.518117770526332322e+01,7.117814193177015625e+01,7.228249804071379003e+01,7.840324600440875713e+01,8.227414108160766659e+01
1.287626025296593202e-01,-4.490522948689673655e+01,-3.929403199989852880e+01,-3.673987112108704167e+01,-3.407614453628619344e+01,-3.160245126208931765e+01,-1.247766012675582381e+01,-1.192202720204561217e+01,-1.093433981717854842e+01,-1.031211862214241926e+01,-9.886554350185148721e+00,-9.314002937271688154e+00,-9.046469096720549885e+00,-8.934860327518336476e+00,-8.708618162420250997e+00,-8.236005685124696996e+00,-8.128849161138928636e+00,-8.037227225538078557e+00,-7.630124778440623423e+00,-7.537575987996079085e+00,-7.230198280368432151e+00,-7.134491611952181955e+00,-6.846746372488792254e+00,-6.587523931336130900e+00,-6.467806876548690909e+00,-6.317862277674993088e+00,-6.182813932428764758e+00,-6.035997917468935547e+00,-5.996271944770692919e+00,-5.828051049393875083e+00,-5.380327649072101259e+00,-5.289730507925014535e+00,-5.180256170254089021e+00,-5.114224930287329940e+00,-5.059518508817118843e+00,-4.768580047827423840e+00,-4.594225781451704904e+00,-4.448283699933329949e+00,-4.240622207411081313e+00,-4.106033315214293822e+00,-3.970021819802125318e+00,-3.773006143995837558e+00,-3.652086447727235896e+00,-3.428201978543074624e+00,-3.308174149652921336e+00,-3.162490445170699438e+00,-2.933717029584582026e+00,-2.852491178955338658e+00,-2.706268408443951667e+00,-2.566608852778712979e+00,-2.445429564549391088e+00,-2.300111757960801917e+00,-2.156041963301231768e+00,-2.011513783261186461e+00,-1.815239921371944565e+00,-1.689548929997499283e+00,-1.524189503103903442e+00,-1.168177766839137099e+00,-8.418499122070755014e-01,-4.289586421419545603e-01,6.791729300389534041e-01,9.441402987945234360e-01,1.130685918217058772e+00,1.230763921518142956e+00,1.517906515729189554e+00,1.765053343263590868e+00,1.857563467920965383e+00,2.163268427652149661e+00,2.326101338462804424e+00,2.461393221364103656e+00,2.662258403015768327e+00,2.701275400632467960e+00,2.941440126055768545e+00,3.095386301058828060e+00,3.158500024153930053e+00,3.252187377973449589e+00,3.434132440853649104e+00,3.594269329120536316e+00,3.751515642127942307e+00,3.920325580069233595e+00,3.980325648169203312e+00,4.055897251295062844e+00,4.325586406692301544e+00,4.498273722754667858e+00,4.639092003424392097e+00,4.722082814556653574e+00,4.839651816382682270e+00,5.063896726771785595e+00,5.141928457987274825e+00,5.256410186204953483e+00,5.394685026255766402e+00,5.580326860011592061e+00,5.787846282954189014e+00,5.937094623160303009e+00,6.106941851376545216e+00,6.205233362031716382e+00,6.371810131039927327e+00,6.543212805366217744e+00,6.738786155137642453e+00,6.875759942354097376e+00,7.041767475167805657e+00,7.221680438160347215e+00,7.337403017204625399e+00,7.505740896617417057e+00,7.782788167834653770e+00,8.006653916482431299e+00,8.185642810033995076e+00,8.499610531277383529e+00,8.959626109446318765e+00,9.122883428266646888e+00,9.370383581715989507e+00,9.710999404550143765e+00,1.064091011950458210e+01,1.105162784143675303e+01,1.147424240996917888e+01,1.276739288023155439e+01,6.516768819118914280e+01,7.117950076299955242e+01,7.228354588459973229e+01,7.842942347841707829e+01,8.229734894541422818e+01
1.299347055707205656e-01,-4.494644753469612652e+01,-3.926710176753569925e+01,-3.675479814421829872e+01,-3.410639875397396281e+01,-3.161382305442469942e+01,-1.232387812426229168e+01,-1.180257830108845063e+01,-1.082930314608432099e+01,-1.019913096774954653e+01,-9.792426052685106797e+00,-9.233448524378452760e+00,-8.984222833378282758e+00,-8.864241255019367216e+00,-8.659477321236284553e+00,-8.181871924792252670e+00,-8.065063866286024563e+00,-7.982216420154057523e+00,-7.580585901761356382e+00,-7.495583845888423191e+00,-7.175102063164684907e+00,-7.083055933186517272e+00,-6.809881641955984222e+00,-6.556596312088778689e+00,-6.434443311089307116e+00,-6.272792499215472439e+00,-6.156228842684417835e+00,-5.978756322119920696e+00,-5.944732798240933924e+00,-5.789606813372786043e+00,-5.334519293940251039e+00,-5.252982871740777604e+00,-5.149061468118038221e+00,-5.061945691682784521e+00,-5.011391085847161975e+00,-4.734793503771481227e+00,-4.567463440234257988e+00,-4.411013346411873925e+00,-4.215894035396432038e+00,-4.065444215186534649e+00,-3.940302761871448123e+00,-3.741093667051610172e+00,-3.641565164993442405e+00,-3.377101692830390967e+00,-3.276119315105402219e+00,-3.151370019907133724e+00,-2.911694616762164234e+00,-2.842439871639457216e+00,-2.701899960989486260e+00,-2.541746498363611106e+00,-2.424764526008450272e+00,-2.286812637000290582e+00,-2.140173485744539139e+00,-2.007488202424585921e+00,-1.791282102336370974e+00,-1.693327446769798295e+00,-1.516137954557823075e+00,-1.133745089916991633e+00,-8.479945442876961614e-01,-4.352721196496788236e-01,6.737081826838632326e-01,9.510471982065649144e-01,1.115495412551104515e+00,1.234922870851530075e+00,1.499283568630153107e+00,1.726106053185658684e+00,1.860719842594339202e+00,2.153098556027357890e+00,2.290064263550646739e+00,2.461272714687882335e+00,2.663054390889984635e+00,2.670342866045418706e+00,2.907408243425234851e+00,3.051578376476053567e+00,3.138112028384516528e+00,3.220128839670072463e+00,3.401696873339059124e+00,3.554854001839716116e+00,3.715778008161258139e+00,3.867644979461604127e+00,3.959825208040577582e+00,4.022748069852752018e+00,4.291223280832128673e+00,4.468291018305520446e+00,4.627056694111550961e+00,4.691102433215220024e+00,4.798591477765557833e+00,5.024994893229008497e+00,5.106499675818990447e+00,5.217022975987270605e+00,5.378482778263959041e+00,5.532782080203469732e+00,5.754042114056977297e+00,5.901336384535765589e+00,6.070105421772150400e+00,6.166022606996988564e+00,6.329007468221372612e+00,6.486906113963814668e+00,6.682497299272736946e+00,6.828534757198958971e+00,7.007471324712827077e+00,7.175788873828458314e+00,7.292652543732838666e+00,7.448644757539717887e+00,7.723591192435574904e+00,7.945857407132279171e+00,8.122192254217159402e+00,8.432501338152112780e+00,8.890866077237358667e+00,9.056209786609221268e+00,9.285615130534802475e+00,9.610568610927941791e+00,1.052820782284522316e+01,1.094741863398630244e+01,1.136560770198285830e+01,1.261501780421523300e+01,6.515376310141638783e+01,7.118090190992667488e+01,7.228469711586201640e+01,7.845632745531759156e+01,8.232124388050800690e+01
1.311068086117818110e-01,-4.498864318823106601e+01,-3.923972931183818957e+01,-3.676895060904222845e+01,-3.413717670480897226e+01,-3.162662713445378770e+01,-1.216160446038721155e+01,-1.167753413172273902e+01,-1.072038989324902580e+01,-1.007944457906957325e+01,-9.692346421573788007e+00,-9.149746908499482245e+00,-8.926452878935300816e+00,-8.786799054359947903e+00,-8.605171623648184109e+00,-8.126493991316252163e+00,-7.997616146961583183e+00,-7.920650446152240676e+00,-7.526112510770614605e+00,-7.450982849870440461e+00,-7.116176202141788920e+00,-7.027190065937301888e+00,-6.769469912469577189e+00,-6.524958761741491919e+00,-6.397432689049081134e+00,-6.234552682660646106e+00,-6.117471636899883158e+00,-5.925964929076880772e+00,-5.884463579806462619e+00,-5.743474024119463728e+00,-5.294907097333426016e+00,-5.214473322192192839e+00,-5.118069156238997053e+00,-5.008355005085612710e+00,-4.953567292960321389e+00,-4.696241417273176566e+00,-4.542270386667577320e+00,-4.373146900849381069e+00,-4.187361946446362282e+00,-4.024423569617629148e+00,-3.910599601761142630e+00,-3.710801089771083028e+00,-3.631676696107290603e+00,-3.331942635497239458e+00,-3.235603031939333629e+00,-3.131443522566122351e+00,-2.893918546738454722e+00,-2.826428510480367695e+00,-2.697614627736220072e+00,-2.514844880477484779e+00,-2.400419869038330933e+00,-2.271502608751119645e+00,-2.121438546826350358e+00,-2.002295116114645168e+00,-1.767144758897350565e+00,-1.691485026357306909e+00,-1.504201070523325745e+00,-1.111489629335384643e+00,-8.581085274107211891e-01,-4.076980921508497335e-01,6.811214623411648850e-01,9.534741841041209920e-01,1.090834791912697943e+00,1.239066191882273182e+00,1.475604696164598328e+00,1.683043810120756101e+00,1.864113654332900882e+00,2.137588780300829772e+00,2.253211613931908275e+00,2.456623507479545498e+00,2.637712912547542476e+00,2.665050489498336006e+00,2.869235284268652819e+00,3.007406373406722011e+00,3.115261239861682796e+00,3.186035501032737027e+00,3.369301166413582127e+00,3.508739025774163522e+00,3.681355869359087762e+00,3.808057346857404379e+00,3.941003446467615134e+00,3.991044941964043247e+00,4.255817237933857911e+00,4.437031033936356117e+00,4.604307961489777057e+00,4.653256094668230425e+00,4.762401455813095374e+00,4.982683392960253421e+00,5.068564869102419657e+00,5.174422587907634430e+00,5.361615345712945846e+00,5.484157042727725972e+00,5.717094528036377632e+00,5.865040264306488282e+00,6.024140577761835758e+00,6.132397886431545153e+00,6.282341435442778455e+00,6.426506231559653060e+00,6.622535159209868461e+00,6.776277494604838303e+00,6.970465494702882125e+00,7.125155931517972441e+00,7.237040137101745430e+00,7.399799183964555382e+00,7.658449359632474085e+00,7.885121698389216505e+00,8.055861239431543197e+00,8.359945689673066838e+00,8.817653220854392515e+00,8.988374884125686748e+00,9.196838701634279190e+00,9.507570904768458675e+00,1.040783079834526426e+01,1.084119131054180940e+01,1.125076906849296599e+01,1.245497092061941657e+01,6.513949183782969499e+01,7.118233826572368628e+01,7.228594645791899609e+01,7.848377755313343584e+01,8.234566849474585126e+01
1.322789116528430564e-01,-4.503154182189570776e+01,-3.921212235566475357e+01,-3.678220056692445183e+01,-3.416814692061696945e+01,-3.164092512944852231e+01,-1.199142684999019082e+01,-1.154727409804333682e+01,-1.060799939417064053e+01,-9.953428702726116128e+00,-9.586647567376923362e+00,-9.063535562946626101e+00,-8.873243509928224526e+00,-8.702954092688987231e+00,-8.545834288792688582e+00,-8.068789875966574598e+00,-7.927809962771780405e+00,-7.852231625343383037e+00,-7.467892135413950250e+00,-7.402270652698570430e+00,-7.053842759471817381e+00,-6.966601950210256078e+00,-6.725838178533909861e+00,-6.491253951046218162e+00,-6.357502191523821899e+00,-6.202489577610479365e+00,-6.065644234321277750e+00,-5.875984937988155465e+00,-5.818583700625725719e+00,-5.689386077699142952e+00,-5.263976907590105725e+00,-5.170593228393355112e+00,-5.085362956640057774e+00,-4.955996137003050528e+00,-4.888112228018155925e+00,-4.652786567111651728e+00,-4.518624869810983213e+00,-4.334059009776398241e+00,-4.154818724354774062e+00,-3.983867900501497861e+00,-3.880612624817786127e+00,-3.685366446870941726e+00,-3.618497185533946059e+00,-3.297332396674152566e+00,-3.185773608224450548e+00,-3.100491002810778163e+00,-2.880974369921122324e+00,-2.806138606333782537e+00,-2.688250807315486934e+00,-2.488275495370327661e+00,-2.371628929637132455e+00,-2.253475039025949478e+00,-2.100239879235104024e+00,-1.994480589956227012e+00,-1.747914202220382629e+00,-1.681317354382940055e+00,-1.489005110037592949e+00,-1.102013966757146468e+00,-8.710152423399876165e-01,-3.425767611421489112e-01,7.030986285983265027e-01,9.523885215251766123e-01,1.057402867208352859e+00,1.241039999130764127e+00,1.446605074821073922e+00,1.639244394204098842e+00,1.865423829406722689e+00,2.116605489527738637e+00,2.216008755334148983e+00,2.443708297224449932e+00,2.608618053388272351e+00,2.664111703698825107e+00,2.827968341711338152e+00,2.965831646599185412e+00,3.086297676261173795e+00,3.151320298565694955e+00,3.335899000190391650e+00,3.457762170748026609e+00,3.647629004329714153e+00,3.745149742368057311e+00,3.918203082158583594e+00,3.961910009357089368e+00,4.220400468429890140e+00,4.404235502604557873e+00,4.571169627989903006e+00,4.604033544341064932e+00,4.736624859559725564e+00,4.934463409047909366e+00,5.029316178187908548e+00,5.129373407400974472e+00,5.341923321986159934e+00,5.434684152368287613e+00,5.677057515255546249e+00,5.827954046513629471e+00,5.971616293192090197e+00,6.102575588778142546e+00,6.231431086651516793e+00,6.361986249962118478e+00,6.559983517319654567e+00,6.719829010759825749e+00,6.929081607951692590e+00,7.069974655108031136e+00,7.171157673646749942e+00,7.358002741362845711e+00,7.587398715720907738e+00,7.824714140710868016e+00,7.987281444557589261e+00,8.282025342363867892e+00,8.739908241296360458e+00,8.919463925772726398e+00,9.104805176441587378e+00,9.402812709001455715e+00,1.028000439226119767e+01,1.073350991946468724e+01,1.113035794303551107e+01,1.228777052711304663e+01,6.512496640613674970e+01,7.118380269566816310e+01,7.228728633175254004e+01,7.851159154336724555e+01,8.237046260895417049e+01
1.334510146939043018e-01,-4.507486410004088384e+01,-3.918448937936234699e+01,-3.679444653238347485e+01,-3.419897534479926549e+01,-3.165674988247582888e+01,-1.181416375068525504e+01,-1.141213629059929957e+01,-1.049249195034641602e+01,-9.821590013648648920e+00,-9.475876429087094266e+00,-8.975985413444217187e+00,-8.823055438744836110e+00,-8.614136192982154938e+00,-8.481424299926924704e+00,-8.008056525954604155e+00,-7.856362482752452081e+00,-7.776981253978833664e+00,-7.408823856380412742e+00,-7.346462769745719434e+00,-6.988407138422322973e+00,-6.901165356242336735e+00,-6.679316425486161890e+00,-6.454112936900395781e+00,-6.315520867982048259e+00,-6.171690482591266402e+00,-6.004006881322115241e+00,-5.825989169285773706e+00,-5.750855157029802989e+00,-5.627714681309345934e+00,-5.240151406833897241e+00,-5.122589633227335071e+00,-5.049145512878610909e+00,-4.903916193967719828e+00,-4.819680627742700452e+00,-4.604730484221595255e+00,-4.495677580316709943e+00,-4.292642031851206852e+00,-4.118730754495577351e+00,-3.944934277323651539e+00,-3.849855938643113262e+00,-3.666847608784820967e+00,-3.599363020687849080e+00,-3.271370918376800496e+00,-3.130182431788304687e+00,-3.059096265986034346e+00,-2.870622482381567586e+00,-2.784292864596233041e+00,-2.670391553655942385e+00,-2.462800857204558991e+00,-2.338362581720598854e+00,-2.231823482983623208e+00,-2.077236315564144231e+00,-1.982766096702073488e+00,-1.737032184136585000e+00,-1.661567200856635784e+00,-1.472135781484195771e+00,-1.102189831417441646e+00,-8.838127456156613659e-01,-2.370593295806837086e-01,7.352597154797193557e-01,9.466939816797282914e-01,1.020468756786106157e+00,1.239962970875639225e+00,1.412425604071527285e+00,1.597287699077432510e+00,1.862887228957686547e+00,2.090912569069609539e+00,2.178374448323783685e+00,2.420557656418890424e+00,2.581610981015313833e+00,2.660776070172990782e+00,2.785687280124474530e+00,2.926631325055961685e+00,3.050015584842945771e+00,3.116986701536840432e+00,3.300226740285977733e+00,3.404867005086382292e+00,3.612471499862044855e+00,3.681897459083214752e+00,3.885845924494101489e+00,3.938222774307226448e+00,4.185593428640325797e+00,4.369490793658290961e+00,4.529595096931317677e+00,4.545669581567860718e+00,4.718454364256321476e+00,4.879650686911554125e+00,4.987780114857074842e+00,5.083306430790313968e+00,5.317207838269391473e+00,5.384829188405530154e+00,5.633851619592951110e+00,5.788514503223111340e+00,5.916787887310015037e+00,6.074080519906631004e+00,6.176059088987119416e+00,6.293470110977981591e+00,6.495672621824616577e+00,6.660178819219808588e+00,6.881550299609419774e+00,7.010514010726494050e+00,7.098846920820516715e+00,7.318421097856298019e+00,7.511232726890671785e+00,7.764161273325888679e+00,7.917613964541398097e+00,8.198995560209192845e+00,8.657429135679418408e+00,8.848901260008929626e+00,9.010955125976655822e+00,9.297143568081796872e+00,1.014508591683565797e+01,1.062490674443998806e+01,1.100513152185282983e+01,1.211403830597843623e+01,6.511028081926720290e+01,7.118528796715810358e+01,7.228870700132945615e+01,7.853958660693309923e+01,8.239546433311936369e+01
1.346231177349655472e-01,-4.511832785652004674e+01,-3.915703719038367581e+01,-3.680561343874623503e+01,-3.422933385131170070e+01,-3.167410035475686314e+01,-1.163098642233649649e+01,-1.127234157635260381e+01,-1.037417813810288081e+01,-9.684595854671988135e+00,-9.360920678062912614e+00,-8.889929453135046344e+00,-8.772178470360650238e+00,-8.522502325043552318e+00,-8.411202975995092146e+00,-7.944056104121480111e+00,-7.783205063658704681e+00,-7.695514848703820299e+00,-7.352224125510614883e+00,-7.280363451837938982e+00,-6.919919234249505280e+00,-6.831084196805200293e+00,-6.630153409258532804e+00,-6.412383038974915905e+00,-6.272171429877492876e+00,-6.137372138760587958e+00,-5.935729014468317466e+00,-5.774564122450376757e+00,-5.683120165953122971e+00,-5.559523865110340246e+00,-5.220249819929636104e+00,-5.073989225104771350e+00,-5.007276433901949098e+00,-4.851672902828100931e+00,-4.751910907660999328e+00,-4.553808183595269732e+00,-4.470579513908481850e+00,-4.247839979363021712e+00,-4.079990266373679120e+00,-3.908942250821433095e+00,-3.817662642691687314e+00,-3.652592778985917388e+00,-3.576405542093201717e+00,-3.248517537944080935e+00,-3.075146154000302001e+00,-3.009839735560282836e+00,-2.858761917153458842e+00,-2.761676223820940912e+00,-2.643632460272068663e+00,-2.437938685416435991e+00,-2.301830543941114637e+00,-2.205123271753407721e+00,-2.053681815382812026e+00,-1.965722350114453842e+00,-1.731974252879054488e+00,-1.636354757275555238e+00,-1.456416721302301598e+00,-1.106894106702666747e+00,-8.934930000791255766e-01,3.298436732753051714e-02,7.672555952791675349e-01,9.264487721634893092e-01,9.972044249972846774e-01,1.236577679074285507e+00,1.373957771528034000e+00,1.558890416310853677e+00,1.854879155194730123e+00,2.062041728485624503e+00,2.139975624469859117e+00,2.387919433324316110e+00,2.554600615175260270e+00,2.653273626199621038e+00,2.745068489842646287e+00,2.888488175543169945e+00,3.006706738424362868e+00,3.082363827550080870e+00,3.261627030502144642e+00,3.352826768864269447e+00,3.571628758706840046e+00,3.623288761417961634e+00,3.843535828489062833e+00,3.918786220092565387e+00,4.151138576982534190e+00,4.332076290090178361e+00,4.475285757415948140e+00,4.489511523903667367e+00,4.702358396657364992e+00,4.819312886632032722e+00,4.941319017263368529e+00,5.037866558640777370e+00,5.285222124299640889e+00,5.335629162217783161e+00,5.587187768963804757e+00,5.743337006645514720e+00,5.864465508076290412e+00,6.045080697035636774e+00,6.116262075065966641e+00,6.221522526725020263e+00,6.429935221816731605e+00,6.598420246856756322e+00,6.826342260747073176e+00,6.946474340184412455e+00,7.024543838255892680e+00,7.275388287172648738e+00,7.431757716043400741e+00,7.702017988770208490e+00,7.848840383559655187e+00,8.111349854077017696e+00,8.569807381132330093e+00,8.774928702401577851e+00,8.917918568213286434e+00,9.191492190446496124e+00,1.000358015668093259e+01,1.051586840639531140e+01,1.087598839006920137e+01,1.193453207854521558e+01,6.509553047704392270e+01,7.118678667186316034e+01,7.229019678379729896e+01,7.856758054566290639e+01,8.242051113481123537e+01
1.357952207760267926e-01,-4.516164999613212672e+01,-3.912996836156343505e+01,-3.681565211806787374e+01,-3.425890849660996906e+01,-3.169293745162129028e+01,-1.144361894391369816e+01,-1.112785357631881844e+01,-1.025330879105245607e+01,-9.543297998297028073e+00,-9.243225658351192919e+00,-8.812526053429763806e+00,-8.712169260270105298e+00,-8.431236377541322824e+00,-8.333038938361926995e+00,-7.876955896158999160e+00,-7.707787696180306902e+00,-7.609073844635189765e+00,-7.297927158716545293e+00,-7.204276520004269102e+00,-6.848132427913581566e+00,-6.756980266180124595e+00,-6.578448382585546206e+00,-6.365223068267230389e+00,-6.227477730441086656e+00,-6.096492607572352007e+00,-5.862782429413024410e+00,-5.720948658781463081e+00,-5.616235183693595978e+00,-5.486448438406116956e+00,-5.201587164855451917e+00,-5.027503965874966063e+00,-4.957875616789644724e+00,-4.799913206869379501e+00,-4.686816977938499384e+00,-4.505755824830653289e+00,-4.436088019517991476e+00,-4.199120310248650512e+00,-4.039589268642351350e+00,-3.876817613241159144e+00,-3.783500876335415875e+00,-3.638206460957158050e+00,-3.553412388089609131e+00,-3.224627683896985619e+00,-3.025731601704081619e+00,-2.956835482552511607e+00,-2.839913020835459267e+00,-2.736905098958351878e+00,-2.609716042855007245e+00,-2.412808342361778990e+00,-2.264156062991291574e+00,-2.171816015578836634e+00,-2.031412474315801298e+00,-1.941489781855798125e+00,-1.728879283963038471e+00,-1.610228652555943718e+00,-1.445739851348407656e+00,-1.111132913160137514e+00,-8.969796455208387531e-01,2.017148283130604514e-01,7.820863078663058410e-01,8.928786069927987512e-01,9.982352247205634743e-01,1.233359489765499362e+00,1.332873992314196565e+00,1.525018683687575427e+00,1.839852761643459234e+00,2.032077179175244552e+00,2.100424432291860821e+00,2.348084242553385437e+00,2.525639329892732654e+00,2.637083340575437695e+00,2.709825445085063400e+00,2.850310459062046942e+00,2.956896863327321601e+00,3.045550738645127709e+00,3.220728686571908472e+00,3.303100279693575558e+00,3.520201722706541414e+00,3.575550177425644627e+00,3.794207707207848390e+00,3.900008601402148667e+00,4.115664391442017234e+00,4.290602144048814459e+00,4.409758003488585487e+00,4.439887783437559854e+00,4.684432944589012493e+00,4.755247425317986831e+00,4.888151084269471092e+00,4.993442175805315131e+00,5.244309849461290973e+00,5.288286210262701736e+00,5.536476627814866269e+00,5.688853494393205423e+00,5.818316292004586110e+00,6.013900430466651237e+00,6.052631699958852529e+00,6.147422182121850653e+00,6.362493587715068344e+00,6.535740128075032906e+00,6.762857823399155421e+00,6.876445603794762107e+00,6.952102408091981545e+00,7.223255595120448902e+00,7.352079166587395243e+00,7.635878890119612628e+00,7.783756448489621782e+00,8.019887777501708115e+00,8.476324199988296115e+00,8.694536870732850531e+00,8.829495935703683074e+00,9.086999753686223258e+00,9.856162135618086850e+00,1.040680840845856814e+01,1.074398857161075505e+01,1.175018837639134439e+01,6.508081152739458730e+01,7.118829114795765634e+01,7.229174231174869192e+01,7.859539294313938740e+01,8.244544089302478085e+01
1.369673238170880381e-01,-4.520454840132676111e+01,-3.910347859424545192e+01,-3.682453838244384059e+01,-3.428740725219150676e+01,-3.171318090093954112e+01,-1.125464438408389256e+01,-1.097815004072181289e+01,-1.013006425290019230e+01,-9.398770926656133895e+00,-9.125177522956521514e+00,-8.751822106770353216e+00,-8.632950386578173152e+00,-8.344074203405856593e+00,-8.243790882838428757e+00,-7.807161633618101781e+00,-7.629633581663466835e+00,-7.519537489192559931e+00,-7.242880621203042324e+00,-7.121004574843311730e+00,-6.772642763923814258e+00,-6.679813733443303647e+00,-6.524150885471779127e+00,-6.312094670925421092e+00,-6.180322918998376380e+00,-6.047756105097771950e+00,-5.786655472424896196e+00,-5.664559687382771713e+00,-5.550776154388084471e+00,-5.410445659324663481e+00,-5.181748305487955619e+00,-4.983540560651368523e+00,-4.900811696920635896e+00,-4.750005106394955767e+00,-4.624791181254446215e+00,-4.467435638535915743e+00,-4.383935702121969591e+00,-4.146613309318752272e+00,-3.998406551137520637e+00,-3.848266614800569307e+00,-3.747536719076816070e+00,-3.620985223124999486e+00,-3.532153208358138397e+00,-3.197921526921431390e+00,-2.983471025931549114e+00,-2.906086869782318782e+00,-2.809194625603443463e+00,-2.707528356275209269e+00,-2.570599702342614812e+00,-2.386719632680423864e+00,-2.227141669036110994e+00,-2.131978865557780711e+00,-2.011653421238880135e+00,-1.908383795323484122e+00,-1.725032409311823445e+00,-1.585623787959079323e+00,-1.443622952987531738e+00,-1.111354535178798786e+00,-8.910336145270307817e-01,2.317557661842657157e-01,7.592005093495330925e-01,8.774237438195235939e-01,1.005554008571601488e+00,1.233117054348480179e+00,1.292306984604288278e+00,1.496281491854270618e+00,1.816835294467511019e+00,2.003093597436108375e+00,2.059297721318529728e+00,2.303615290389329218e+00,2.494705822652015126e+00,2.605555162408904391e+00,2.683289655913091654e+00,2.812408972004966312e+00,2.900313128658504880e+00,3.004925054822999986e+00,3.177983138823259335e+00,3.256320728199424419e+00,3.462283906028665204e+00,3.536364549084864972e+00,3.740246819491641617e+00,3.879573330027649813e+00,4.076852810388134074e+00,4.242571100531430162e+00,4.344244237845529710e+00,4.391074702176656963e+00,4.660094435217377651e+00,4.691113401583405285e+00,4.828883616611319596e+00,4.948290102516517130e+00,5.195642192666761083e+00,5.241971327320749552e+00,5.480806433614296758e+00,5.624977934966216786e+00,5.777415117235888964e+00,5.973867103007890478e+00,5.991012012449897561e+00,6.073258389255027367e+00,6.292679440540703162e+00,6.473274772620156270e+00,6.691945528269843457e+00,6.799417176140369889e+00,6.883001283391577907e+00,7.157192516940292570e+00,7.275876123180247568e+00,7.563347693455233944e+00,7.724807712715761276e+00,7.925801863034316774e+00,8.375865066468543674e+00,8.605649972935889735e+00,8.748215937818688559e+00,8.985330842502079918e+00,9.703719084164440289e+00,1.029801690825602023e+01,1.061038007011844542e+01,1.156217622872298278e+01,6.506622021471163464e+01,7.118979341034213348e+01,7.229332883372437379e+01,7.862284627001128001e+01,8.247009293121983831e+01
1.381394268581492835e-01,-4.524674382768935033e+01,-3.907775408210848411e+01,-3.683227177148746989e+01,-3.431456699554027523e+01,-3.173470727226296972e+01,-1.106783861778272815e+01,-1.082198668323807311e+01,-1.000454293461276833e+01,-9.252419818617775960e+00,-9.010762499205290155e+00,-8.701937637260183322e+00,-8.536893220713457353e+00,-8.262220954303876042e+00,-8.142406105013193951e+00,-7.735095258345008773e+00,-7.548869665149852359e+00,-7.429524794300803592e+00,-7.183454065505602948e+00,-7.033008615799405838e+00,-6.693207086294060915e+00,-6.600609577483317558e+00,-6.467133110043350896e+00,-6.252684475808223397e+00,-6.128524356124330552e+00,-5.991290147471482364e+00,-5.709167338939322711e+00,-5.604578610112645798e+00,-5.487337520797916035e+00,-5.333691138489602857e+00,-5.157985784799254070e+00,-4.941198148816671853e+00,-4.837158341590680699e+00,-4.703491913243469824e+00,-4.564706048864874965e+00,-4.434062994760903820e+00,-4.318174550228278896e+00,-4.090917380085480559e+00,-3.957106118895742153e+00,-3.821721287613204066e+00,-3.710629923100126959e+00,-3.599809471236933067e+00,-3.512330532775604919e+00,-3.168362289577195678e+00,-2.945681548380892689e+00,-2.862230530050426491e+00,-2.767339101318903705e+00,-2.670532779230974096e+00,-2.527708906193953720e+00,-2.359240293983520864e+00,-2.191612641266759365e+00,-2.088807675973091360e+00,-1.993544248831728094e+00,-1.865820111784477708e+00,-1.718000205341590592e+00,-1.564522142255795778e+00,-1.449911300686455684e+00,-1.106141565744837241e+00,-8.733974628250782413e-01,1.965374060189765404e-01,7.085709403648711158e-01,8.782693262789919020e-01,1.003586472469681468e+00,1.224395262808880114e+00,1.267431013348136348e+00,1.472985557802255041e+00,1.786724865812463481e+00,1.975248598738414074e+00,2.016858759461796602e+00,2.257323301162548201e+00,2.462639911834625828e+00,2.559207785763619736e+00,2.659936796662489389e+00,2.777039810136176179e+00,2.836425806530764149e+00,2.960306224698633137e+00,3.130707995615550576e+00,3.214158487079166626e+00,3.404551488100694190e+00,3.500553507616583016e+00,3.683617340942356932e+00,3.855995713343432829e+00,4.032006159907809639e+00,4.185173700451803924e+00,4.282293289203696673e+00,4.344526950121387898e+00,4.609589285659964730e+00,4.645770642705296716e+00,4.765684424402952146e+00,4.899741845976098631e+00,5.142558195599431947e+00,5.194251522769822493e+00,5.419173232367892723e+00,5.554624143455378693e+00,5.736838123393091848e+00,5.907933970783978417e+00,5.947346362584815083e+00,6.001913920857296247e+00,6.219944597712212087e+00,6.411765640708498637e+00,6.615560500303586444e+00,6.716914354935116016e+00,6.815000818689822104e+00,7.076574879262890860e+00,7.204040203995497826e+00,7.483772597372633228e+00,7.671947733966577587e+00,7.830856836572886337e+00,8.266995115895204194e+00,8.510236373090574347e+00,8.671656921717936228e+00,8.889173650196694254e+00,9.547427770251513124e+00,1.018958409567138368e+01,1.047663260550625175e+01,1.137196216130360504e+01,6.505185222119105504e+01,7.119128509622271395e+01,7.229494053883078664e+01,7.864976693019355025e+01,8.249430902391731024e+01
1.393115298992105289e-01,-4.528796177222410080e+01,-3.905296897067836426e+01,-3.683887401528514260e+01,-3.434015955861670477e+01,-3.175734919595010552e+01,-1.088801862677797239e+01,-1.065766318037164773e+01,-9.876756385642917024e+00,-9.106376445718614931e+00,-8.906297786893183854e+00,-8.650110365784570376e+00,-8.430729639218816018e+00,-8.183347940019372047e+00,-8.030962675461424283e+00,-7.661003568700069266e+00,-7.466749600628673100e+00,-7.341912572053404418e+00,-7.115843786409993932e+00,-6.941924039978124128e+00,-6.610205928648851703e+00,-6.520005523354816646e+00,-6.407196146661837233e+00,-6.186859158666506708e+00,-6.069593390560413582e+00,-5.928058022243685166e+00,-5.633338039263244390e+00,-5.539305199156411952e+00,-5.426343411735488509e+00,-5.258785255352150578e+00,-5.126835912500298242e+00,-4.900221452887814522e+00,-4.767591253307186250e+00,-4.660998263264051644e+00,-4.504617786747171948e+00,-4.398337112335176435e+00,-4.246522151513651089e+00,-4.032667159353525932e+00,-3.916053304930312340e+00,-3.795373589835918882e+00,-3.673521359036581391e+00,-3.574477612062411769e+00,-3.492313280008492615e+00,-3.136603230523309360e+00,-2.907259481041167160e+00,-2.825531525593875770e+00,-2.721367804551565239e+00,-2.623847174195128140e+00,-2.482146485109660183e+00,-2.330040213049573872e+00,-2.158991557418667551e+00,-2.046993371810800877e+00,-1.973928520969660205e+00,-1.814845518123198609e+00,-1.705352145743894932e+00,-1.551312088621348506e+00,-1.456588537463322286e+00,-1.096245557746958976e+00,-8.441946971767398944e-01,4.843226369324950958e-02,6.513631154892658426e-01,8.705855821277965756e-01,9.919894526795710599e-01,1.188706221604509450e+00,1.273123433207063115e+00,1.454515333748663153e+00,1.753419497997734000e+00,1.942182007945153721e+00,1.977928196451697040e+00,2.212224152222391549e+00,2.429394761457173146e+00,2.503051776666347372e+00,2.631226109413247194e+00,2.745305022382372950e+00,2.766313670305654782e+00,2.913122899156471046e+00,3.075393578165950270e+00,3.177331489010939869e+00,3.349217919446414005e+00,3.466367119173041189e+00,3.626076564495398280e+00,3.828029924294959141e+00,3.978832841463352032e+00,4.118479017017795840e+00,4.223522278652708017e+00,4.301910090543478837e+00,4.539549696384693966e+00,4.611226624532267948e+00,4.701021874921295307e+00,4.845847952763745248e+00,5.087266460503935939e+00,5.143901948844809446e+00,5.351118885256901159e+00,5.480289111117930823e+00,5.691229806540666125e+00,5.834332444959163588e+00,5.900786805505537025e+00,5.937437546911398023e+00,6.144278444381334303e+00,6.351167686595292849e+00,6.535861045859681973e+00,6.632111783024166485e+00,6.744527251246885236e+00,6.985759624529174872e+00,7.133736974372040685e+00,7.398626293243061980e+00,7.621567271831550805e+00,7.737906599023275156e+00,8.148426040637680501e+00,8.412969061727768150e+00,8.593214499511825366e+00,8.802408196062707191e+00,9.388892431504041625e+00,1.008131060157888648e+01,1.034446967667000372e+01,1.118138275756340327e+01,6.503780200707284109e+01,7.119275743243036914e+01,7.229656089181681011e+01,7.867598624545496477e+01,8.251793437177089174e+01
1.404836329402717743e-01,-4.532793429925518325e+01,-3.902928302357984336e+01,-3.684438724511376506e+01,-3.436399664740302029e+01,-3.178089582374539646e+01,-1.071945600961056577e+01,-1.048471906624047278e+01,-9.746658004742791093e+00,-8.965257431500624818e+00,-8.818146541029420860e+00,-8.584949270697135759e+00,-8.318010085617638438e+00,-8.104342537770572008e+00,-7.911958096949275543e+00,-7.584857844082467437e+00,-7.386155171594285029e+00,-7.257617073655482365e+00,-7.037415408545411033e+00,-6.848736495575765915e+00,-6.525159322946867846e+00,-6.437829009368929434e+00,-6.343707601375692562e+00,-6.114779287557447596e+00,-6.001613362375337601e+00,-5.859500177897884576e+00,-5.563498862366052400e+00,-5.466022858547677110e+00,-5.367376613761105197e+00,-5.188876713078025560e+00,-5.084442128517482118e+00,-4.861348254750419429e+00,-4.692306323969331672e+00,-4.620927076715456217e+00,-4.443090869076953275e+00,-4.357214321012548019e+00,-4.173487174398362143e+00,-3.972115585595535237e+00,-3.875214384133075285e+00,-3.768229240546939973e+00,-3.636056532205225178e+00,-3.545359766264672530e+00,-3.469760053997599236e+00,-3.102937735698475308e+00,-2.864164465833681561e+00,-2.794489337031526688e+00,-2.676279138135332136e+00,-2.569407938854878282e+00,-2.435037131927450638e+00,-2.298801054254766996e+00,-2.132599059976850953e+00,-2.009619918918895465e+00,-1.947550584253362693e+00,-1.760411742906934807e+00,-1.685374127596594773e+00,-1.550910363225705302e+00,-1.449421608074711099e+00,-1.083589111677950800e+00,-8.060707623934834087e-01,-2.062856236002532928e-01,5.951418077552347308e-01,8.334223113572966080e-01,9.810065774317976439e-01,1.149439444386147535e+00,1.279659276383157795e+00,1.438613614626782278e+00,1.722984338375011859e+00,1.895093147895170693e+00,1.948739013842874179e+00,2.170594327106478705e+00,2.393096876322899025e+00,2.441111751808390018e+00,2.596066021982620153e+00,2.685055903585451986e+00,2.720135348898253369e+00,2.865979533318593120e+00,3.012879769599562607e+00,3.141936434172003079e+00,3.296125651865362105e+00,3.433373384922671967e+00,3.568998926098644109e+00,3.794355745366532418e+00,3.916107956367270049e+00,4.046153733438446309e+00,4.164684781196670293e+00,4.263089917105793880e+00,4.464927118116978733e+00,4.571006959500924616e+00,4.636727160130182490e+00,4.786231378869351794e+00,5.030214478413642887e+00,5.091020126872006557e+00,5.277434385168123576e+00,5.402830650721869965e+00,5.636839332274083958e+00,5.758378117005862329e+00,5.843685145027946781e+00,5.882025209889400585e+00,6.066080909952638933e+00,6.290509439663412472e+00,6.454208927477449897e+00,6.548941824827208436e+00,6.669372295232316006e+00,6.889456070091743101e+00,7.062335888094643188e+00,7.310440630598645129e+00,7.566221056451707838e+00,7.652131870923173373e+00,8.019918179437935279e+00,8.317957051047358163e+00,8.506407475933466245e+00,8.728320759249116989e+00,9.230391646788149274e+00,9.972660643460308449e+00,1.021585820694401647e+01,1.099271326559940753e+01,6.502416215567770053e+01,7.119420122952425345e+01,7.229817296606188393e+01,7.870134137683503184e+01,8.254081854055728229e+01
1.416557359813330197e-01,-4.536640180981510895e+01,-3.900683961661504640e+01,-3.684887196762280581e+01,-3.438593345692680714e+01,-3.180509456336801577e+01,-1.056367750381219039e+01,-1.030617504727702816e+01,-9.614274536321486764e+00,-8.844957573119296868e+00,-8.736906707196311572e+00,-8.501015282162322606e+00,-8.201861920397220729e+00,-8.022214375077291848e+00,-7.787481675570996131e+00,-7.506299584887614174e+00,-7.311224079443721990e+00,-7.173128584746063297e+00,-6.948937578562900619e+00,-6.754075161083128442e+00,-6.440852590294769975e+00,-6.353505328113310036e+00,-6.274608853330126301e+00,-6.037120765388094057e+00,-5.923802937256837708e+00,-5.787723740568479158e+00,-5.502213829960715508e+00,-5.383517661153984335e+00,-5.308514508664640807e+00,-5.125926242510645992e+00,-5.029188881751880835e+00,-4.825339240073271085e+00,-4.613503269104838544e+00,-4.577807330734550817e+00,-4.380382081476346556e+00,-4.309165548740302221e+00,-4.101733262564157378e+00,-3.909486843742055129e+00,-3.833988394022209256e+00,-3.739990996112199984e+00,-3.597244295222497890e+00,-3.513123852183945850e+00,-3.442087678710204823e+00,-3.066873425072240700e+00,-2.815269396638173216e+00,-2.767484199361744945e+00,-2.632135540418827357e+00,-2.512990881298682755e+00,-2.387831115352792466e+00,-2.265108667380103302e+00,-2.115172206449095427e+00,-1.977124273977903579e+00,-1.909120403734976934e+00,-1.716781942454537413e+00,-1.656799530997091097e+00,-1.550851324477273696e+00,-1.424642682513853620e+00,-1.069791631393903764e+00,-7.633712579174957158e-01,-2.879424411120147242e-01,5.427852715762411240e-01,7.608139303330881953e-01,9.676444564653641223e-01,1.118158410259609381e+00,1.274670960530266184e+00,1.422317959296775847e+00,1.700311718941918793e+00,1.840041150418534110e+00,1.921227422847357369e+00,2.132564266675068154e+00,2.348110538517174994e+00,2.380341080527741848e+00,2.558071311864162478e+00,2.603426029362010841e+00,2.685202823674690986e+00,2.821881559887715607e+00,2.946618408732748939e+00,3.102394892044423980e+00,3.244948292162153525e+00,3.400916193482297789e+00,3.513003588788954801e+00,3.753304033463399580e+00,3.843978845818118995e+00,3.972289752624038606e+00,4.102863474153364720e+00,4.225998331116405105e+00,4.386713832028444671e+00,4.523859614471433588e+00,4.572788843964045391e+00,4.722061915840952473e+00,4.970799365102275047e+00,5.036108781410457702e+00,5.200032713009459684e+00,5.322390098631424316e+00,5.572241194301634337e+00,5.679949972446940443e+00,5.779627909848826128e+00,5.829738508160977162e+00,5.985623163210836317e+00,6.228179120745080510e+00,6.370248676963868206e+00,6.472150641650869396e+00,6.590178224859490008e+00,6.790247894976006116e+00,6.988718726653336155e+00,7.222088851720291025e+00,7.496974853164304342e+00,7.579069347778826682e+00,7.883344398946560361e+00,8.227632869225441681e+00,8.408824439671946038e+00,8.666042764902037732e+00,9.075343342076878983e+00,9.862889079023666739e+00,1.009285311612381797e+01,1.080870619003499655e+01,6.501102272900412515e+01,7.119560690612247811e+01,7.229975976353701128e+01,7.872567618213254548e+01,8.256281636001648394e+01
1.428278390223942651e-01,-4.540311474162619021e+01,-3.898576418172633140e+01,-3.685240480446746858e+01,-3.440587081809322711e+01,-3.182965411610421569e+01,-1.041970754428680657e+01,-1.012813735142835192e+01,-9.480069548172529892e+00,-8.775855609500855081e+00,-8.629360668469944429e+00,-8.401704364361151534e+00,-8.087189725541346519e+00,-7.933541784698015853e+00,-7.660258742457901171e+00,-7.424479394791291043e+00,-7.244252935652575331e+00,-7.083123209949500954e+00,-6.854071681474480648e+00,-6.658760064002974488e+00,-6.360258279682200033e+00,-6.267971860065009615e+00,-6.195414922689003845e+00,-5.955197893172634593e+00,-5.836628506850971121e+00,-5.716086487816262718e+00,-5.446818986932799866e+00,-5.294666664987293103e+00,-5.246397860387576273e+00,-5.067857877239686282e+00,-4.965260091179338531e+00,-4.791031136812377689e+00,-4.551104059398545232e+00,-4.509113963444211670e+00,-4.318611193568392181e+00,-4.251961051604476793e+00,-4.032411863990414957e+00,-3.847399322630042473e+00,-3.790332570506951715e+00,-3.709323429881648870e+00,-3.556020278275708435e+00,-3.478392490520179070e+00,-3.406814994761148352e+00,-3.027547543974479005e+00,-2.764271864121644828e+00,-2.740402784088185051e+00,-2.587311365998667068e+00,-2.460859721749848017e+00,-2.342711709256775965e+00,-2.228197538580753090e+00,-2.104830029822844395e+00,-1.947377438867691435e+00,-1.859528528279140724e+00,-1.702597529600635262e+00,-1.617326498733666629e+00,-1.528765077196192035e+00,-1.387423545770618327e+00,-1.054974990791145650e+00,-7.216828501698718812e-01,-3.317075959081445258e-01,4.975426328175773794e-01,6.593044493398203532e-01,9.411880952084183960e-01,1.096697564750701126e+00,1.257375089697603032e+00,1.405105842425272922e+00,1.685118367395837424e+00,1.784264949663366906e+00,1.887714969731024039e+00,2.095041932268544294e+00,2.286679307820379758e+00,2.331192141760644709e+00,2.511062127481264561e+00,2.527745137432710898e+00,2.639693886132836731e+00,2.781218203058485994e+00,2.879765940183332873e+00,3.055562598666382357e+00,3.196013868877693120e+00,3.367538222109145440e+00,3.457578101012837912e+00,3.702443928511767179e+00,3.764110849657159807e+00,3.899612304226942605e+00,4.036293634864119184e+00,4.186895500384665958e+00,4.305846739911364018e+00,4.471261854639275946e+00,4.507455063583233112e+00,4.655344974410740022e+00,4.908079284804967912e+00,4.979496076390291570e+00,5.120657398719398401e+00,5.240211022180480072e+00,5.497631738110244193e+00,5.597848243868726037e+00,5.709840857493933441e+00,5.776438876997938898e+00,5.903250325896068240e+00,6.162433670945601349e+00,6.282662872335311732e+00,6.405097889110885845e+00,6.511423306209846551e+00,6.688935053360428817e+00,6.912075281105263258e+00,7.136648974305820126e+00,7.414856960116608775e+00,7.512057142117098962e+00,7.744038113553311398e+00,8.143025665872633212e+00,8.302097288924745300e+00,8.609661760317994350e+00,8.929238304922364478e+00,9.751503222304592100e+00,9.977179943822390484e+00,1.063255211374033671e+01,6.499847063943573744e+01,7.119696454515542428e+01,7.230130451276356496e+01,7.874884200937002277e+01,8.258378877891883008e+01
1.439999420634555105e-01,-4.543783518813521738e+01,-3.896616321236128755e+01,-3.685507599103736709e+01,-3.442375573040597203e+01,-3.185424884355788677e+01,-1.028612635483113102e+01,-9.957234320731402022e+00,-9.345677964334255350e+00,-8.742225493832156857e+00,-8.506867900362484747e+00,-8.290799365467428572e+00,-7.980017294830016539e+00,-7.835345572342244935e+00,-7.535278334002043721e+00,-7.337733547171058746e+00,-7.182165385207602171e+00,-6.985703584440857483e+00,-6.756205891535746133e+00,-6.564386539942501209e+00,-6.284999405205649481e+00,-6.182931536514695736e+00,-6.102068069461634714e+00,-5.871055194705312452e+00,-5.741612386166941917e+00,-5.649024181287681579e+00,-5.390449597027055617e+00,-5.208079657584598898e+00,-5.174832052260549986e+00,-5.010720473182803225e+00,-4.900440290014723921e+00,-4.752983315101689143e+00,-4.505016059426449893e+00,-4.415140816692746384e+00,-4.259518392292856781e+00,-4.183640457211583730e+00,-3.965214568719299226e+00,-3.794334751437113962e+00,-3.739404634201048516e+00,-3.671547071236815452e+00,-3.511449882073418127e+00,-3.441527742866300255e+00,-3.361879721168666624e+00,-2.984480693291954090e+00,-2.731620699775119565e+00,-2.693383973378779661e+00,-2.540364114728912437e+00,-2.417554395384670762e+00,-2.302738739318272554e+00,-2.187442525832430373e+00,-2.095858780914913844e+00,-1.917967443439638542e+00,-1.809908468477514853e+00,-1.701966406480787786e+00,-1.571685820149693491e+00,-1.485467514809620804e+00,-1.342901866769738994e+00,-1.037491422704451605e+00,-6.874968940058043820e-01,-3.519731760818672894e-01,4.598811472761409336e-01,5.452754896060260092e-01,9.021300518421491166e-01,1.072337914721575247e+00,1.234580107342463595e+00,1.389567645770328319e+00,1.671322937824062826e+00,1.732705924445089751e+00,1.845161670034159762e+00,2.052213375615010715e+00,2.215392277010625133e+00,2.291141471209368952e+00,2.430270969548359083e+00,2.483130413368773048e+00,2.584839454329929787e+00,2.739515106657908206e+00,2.814292286456166359e+00,3.002782577579409917e+00,3.149116135818313733e+00,3.331594668909716894e+00,3.400829016064924826e+00,3.637567427529958763e+00,3.680441615882624529e+00,3.829117927498481233e+00,3.963813424014001718e+00,4.137075079109856723e+00,4.229434256241978218e+00,4.413448546587238397e+00,4.439576544035940486e+00,4.588743007599586754e+00,4.840811551535320056e+00,4.921318381681348164e+00,5.039337604251810987e+00,5.159827826600610123e+00,5.413517271468887948e+00,5.511237586678167766e+00,5.631953275643963863e+00,5.720584905714350299e+00,5.821237336853663180e+00,6.091581120958255546e+00,6.191987977175572588e+00,6.345608021703396773e+00,6.441121148969642718e+00,6.585757789808687868e+00,6.831119173328922933e+00,7.057181300265454205e+00,7.323784892994050999e+00,7.437398785063146001e+00,7.612512315488213055e+00,8.063965689836102513e+00,8.189488341580780428e+00,8.549363494847272094e+00,8.801218468919095983e+00,9.638984119145229457e+00,9.869682739300207786e+00,1.046769498144345967e+01,6.498658904280934223e+01,7.119826398193687567e+01,7.230279093796677614e+01,7.877069842667515331e+01,8.260360367314324037e+01
1.451720451045167559e-01,-4.547033842647817892e+01,-3.894812391837510290e+01,-3.685698662709597073e+01,-3.443958016315057336e+01,-3.187852448208932543e+01,-1.016214984550316913e+01,-9.798681598412905203e+00,-9.214937911965478179e+00,-8.720662440380698044e+00,-8.390436817639338685e+00,-8.169241294007536069e+00,-7.882967525693019617e+00,-7.729025367827895288e+00,-7.420761988706405354e+00,-7.244501534020630018e+00,-7.117022460498827918e+00,-6.882321520141746696e+00,-6.656200859104862033e+00,-6.473327772031575833e+00,-6.215086932991100710e+00,-6.096456185406925243e+00,-5.996855674218739551e+00,-5.787939441382209615e+00,-5.643163696793134676e+00,-5.586463276035283698e+00,-5.326252339337953501e+00,-5.135213904974154531e+00,-5.088963778373011060e+00,-4.951023265960543540e+00,-4.841217572569622263e+00,-4.701460485862395622e+00,-4.460786941655352500e+00,-4.313722380331674877e+00,-4.201552363961418735e+00,-4.105002415431513008e+00,-3.899594792821849953e+00,-3.755072530810278142e+00,-3.681552329146388303e+00,-3.619514401146695981e+00,-3.462380732597336586e+00,-3.402007711449591465e+00,-3.305987646066512298e+00,-2.938072771914257864e+00,-2.711123143285816273e+00,-2.632887503506192939e+00,-2.490898885766950510e+00,-2.384385381986623642e+00,-2.270907597700456027e+00,-2.144881183397385094e+00,-2.081439393196228504e+00,-1.888813369164435096e+00,-1.781568087178505788e+00,-1.677742748747454327e+00,-1.525145284438618187e+00,-1.429387496382848788e+00,-1.297890160188734265e+00,-1.015053632322766797e+00,-6.651881718209934347e-01,-3.656612349615053770e-01,3.702313573266737268e-01,5.006189885465209821e-01,8.563565721358090688e-01,1.027793311103079921e+00,1.215782716150900278e+00,1.378950753871806212e+00,1.648222173811849212e+00,1.690432726592839385e+00,1.794687611894309587e+00,1.998982614607125008e+00,2.138529191781582295e+00,2.258049989694785431e+00,2.348006790803428334e+00,2.431562762950909118e+00,2.526741205030068826e+00,2.692603126493918975e+00,2.750214271798787635e+00,2.948786558912002587e+00,3.102156055101581433e+00,3.292738000917180941e+00,3.339433972996768141e+00,3.553235215440837980e+00,3.599121185140030654e+00,3.759371766487916489e+00,3.883906256445211369e+00,4.062579033726295918e+00,4.173166262315005426e+00,4.347673211156340756e+00,4.368691052446742162e+00,4.526496131930196398e+00,4.767240099752961591e+00,4.861085510351610850e+00,4.955077534183597088e+00,5.085764379179927630e+00,5.320201019054084490e+00,5.420613470399873179e+00,5.545095133203987281e+00,5.658036972143129617e+00,5.745308913471587786e+00,6.014421819541166947e+00,6.100925318643096062e+00,6.287940709868321321e+00,6.386226542697762909e+00,6.481734343401805098e+00,6.744523341712356235e+00,6.985978424973001921e+00,7.215483951025806419e+00,7.354659856324521350e+00,7.499481531429351477e+00,7.987780596895779794e+00,8.076455484089935410e+00,8.473534666840729201e+00,8.703007154307254467e+00,9.527275290909049232e+00,9.770152842544934657e+00,1.031744521955704563e+01,6.497545675775666041e+01,7.119949492220031573e+01,7.230420349485123666e+01,7.879111388944536998e+01,8.262213660391535086e+01
1.463441481455780013e-01,-4.550041434566943366e+01,-3.893171458275412533e+01,-3.685824568004352386e+01,-3.445337805153933886e+01,-3.190210520495223889e+01,-1.004763090139535997e+01,-9.655478296064160304e+00,-9.094624314748443794e+00,-8.702207349741152953e+00,-8.284368866290105160e+00,-8.040325673255521721e+00,-7.793303235899093018e+00,-7.621227496737226659e+00,-7.324085234903914277e+00,-7.149932877797309239e+00,-7.036834946252765732e+00,-6.775616426099680289e+00,-6.552064612147027844e+00,-6.388157539063051615e+00,-6.148478430175451592e+00,-6.007106241154137827e+00,-5.885882233288000975e+00,-5.711638978976300685e+00,-5.562271106515562558e+00,-5.503078659162057740e+00,-5.253229089565630616e+00,-5.072742324862195673e+00,-5.004596953948779792e+00,-4.886127248292855718e+00,-4.783348794565862150e+00,-4.630362453525840749e+00,-4.418360627177497335e+00,-4.211405490150847974e+00,-4.140599099969353603e+00,-4.018305112018848213e+00,-3.837528887345148298e+00,-3.720898067549160082e+00,-3.620879112880732720e+00,-3.552226120666873488e+00,-3.408673626054837147e+00,-3.357280102357294904e+00,-3.238169517165284006e+00,-2.889514401766688501e+00,-2.690319972652293501e+00,-2.570882905627975390e+00,-2.440879033802270115e+00,-2.358355564489202472e+00,-2.248844070836203635e+00,-2.106173053384343685e+00,-2.053760318539687990e+00,-1.861802441197641933e+00,-1.766054839748276706e+00,-1.632245325841541472e+00,-1.479296399166801113e+00,-1.363090695854381806e+00,-1.255170986452775805e+00,-9.861701494744157248e-01,-6.520866066011721252e-01,-3.835637305428038490e-01,2.346206044699465643e-01,5.252358246941210007e-01,8.082727229563246851e-01,9.582623658666757915e-01,1.201219890582545968e+00,1.376445586015603295e+00,1.604730521949774946e+00,1.659690285823911315e+00,1.741904611768946953e+00,1.933813324904421593e+00,2.058690327931573361e+00,2.221354074401530987e+00,2.273848581752692333e+00,2.362540790285708958e+00,2.468903145676130784e+00,2.641193615318643051e+00,2.687242584301751780e+00,2.896837559525459849e+00,3.050932381949875261e+00,3.251488425506308122e+00,3.270176697116830233e+00,3.452391606152032999e+00,3.520553207749922198e+00,3.684319996363130567e+00,3.794520582061369218e+00,3.971937627676528137e+00,4.135003696350093350e+00,4.267756222667609123e+00,4.296698725614637837e+00,4.472643031505406874e+00,4.685800612416264777e+00,4.795693138749557605e+00,4.870411646166682651e+00,5.019454305901648539e+00,5.217880725945702736e+00,5.328653280128229142e+00,5.453518259862080164e+00,5.582688546642051719e+00,5.680801978435667365e+00,5.932430565110036191e+00,6.011426973277208319e+00,6.230511676096170071e+00,6.343322226713957512e+00,6.380605783798767305e+00,6.651703411796903609e+00,6.923624163243031759e+00,7.081618629022432110e+00,7.280982555437507386e+00,7.400740348099497545e+00,7.903870256438086273e+00,7.976650095109057759e+00,8.380407818681229415e+00,8.636649816641583044e+00,9.419664944786060090e+00,9.677828428795693938e+00,1.018442221553362792e+01,6.496514771584210735e+01,7.120064708663069553e+01,7.230552757060962676e+01,7.880996634598379558e+01,8.263927152368427187e+01
1.475162511866392467e-01,-4.552786876768374213e+01,-3.891698562642554293e+01,-3.685896675797951616e+01,-3.446522047776462472e+01,-3.192460199657008957e+01,-9.942803597116730785e+00,-9.528505521289538649e+00,-8.993766600488564578e+00,-8.681516439298192722e+00,-8.185714939842618776e+00,-7.912857821969434546e+00,-7.706694350760693979e+00,-7.518671036698881593e+00,-7.244571629958001857e+00,-7.066681591932104212e+00,-6.932960900075078037e+00,-6.668777387911378973e+00,-6.440367610842508306e+00,-6.311718475534804362e+00,-6.080006511932961821e+00,-5.918355274962015855e+00,-5.775640946337913917e+00,-5.650306456837774327e+00,-5.496024554936663087e+00,-5.387839898236983949e+00,-5.176656174709679092e+00,-5.021870223965176017e+00,-4.932594131816077088e+00,-4.819936315658599923e+00,-4.708541199932800403e+00,-4.542795771665486093e+00,-4.378629265529899506e+00,-4.119860970624265484e+00,-4.067655023811512116e+00,-3.926686915241535125e+00,-3.786292264191782664e+00,-3.677283635089967806e+00,-3.553729432555862822e+00,-3.474422907198612798e+00,-3.353317547499865103e+00,-3.302533682520259806e+00,-3.156733449111268630e+00,-2.839793524825340754e+00,-2.665040384870180024e+00,-2.512266185548400976e+00,-2.395663888770950045e+00,-2.332784660551098455e+00,-2.231753763457361650e+00,-2.073241927326537226e+00,-2.008997707804850208e+00,-1.836624308966307906e+00,-1.741122294976897633e+00,-1.591870059787825031e+00,-1.433522612702231358e+00,-1.299442395380842497e+00,-1.201092232708018015e+00,-9.496748013882818640e-01,-6.408403657486871907e-01,-3.989325934194418166e-01,8.016730673883593061e-02,5.486482269629827657e-01,7.604535230576112692e-01,8.733279955745760770e-01,1.181834274023756626e+00,1.384919555309684913e+00,1.541863347827764352e+00,1.630702189344980901e+00,1.693984362361014684e+00,1.858107699752562070e+00,1.981063963162368768e+00,2.149933722262746816e+00,2.216884263300856972e+00,2.288491636951254904e+00,2.406957892306631042e+00,2.586819019879746495e+00,2.628505375114427611e+00,2.845838373818402101e+00,2.989060496796134725e+00,3.180591820445502371e+00,3.217319835181264409e+00,3.343498413449359496e+00,3.444364964526183570e+00,3.589762017623417734e+00,3.699030780958148412e+00,3.884831244950352147e+00,4.100503226298456205e+00,4.173946338929187760e+00,4.224802919884321994e+00,4.426367680029734686e+00,4.596084683410486704e+00,4.720704291088614113e+00,4.791682893711948665e+00,4.957465365272558877e+00,5.108118749793986169e+00,5.241247339631707192e+00,5.365539663395178849e+00,5.493762635048024201e+00,5.625367592878115275e+00,5.850377793056374287e+00,5.923055528975769590e+00,6.173525208785830998e+00,6.274864109050079186e+00,6.314916205227278923e+00,6.552365390259867972e+00,6.867703789734116882e+00,6.937555664738400907e+00,7.223044766232047387e+00,7.305313982208772039e+00,7.802308584034016725e+00,7.903675555062471325e+00,8.281769445907313454e+00,8.590107512164809833e+00,9.320238416202554887e+00,9.592124641662765683e+00,1.007002319442149307e+01,6.495573044661328765e+01,7.120171037701281591e+01,7.230674964778644664e+01,7.882714378302321734e+01,8.265490142741300872e+01
1.486883542277004921e-01,-4.555252465538590911e+01,-3.890397133535227425e+01,-3.685926469306054543e+01,-3.447520911267729815e+01,-3.194562224559568619e+01,-9.848088470094179314e+00,-9.417316373417135011e+00,-8.920183086482259327e+00,-8.655157207893584115e+00,-8.090571543432314883e+00,-7.799025586788234321e+00,-7.619998004012082937e+00,-7.424661712644743616e+00,-7.176294139614984857e+00,-6.996039925315172603e+00,-6.816019381251383180e+00,-6.564672566594609293e+00,-6.319849905171818882e+00,-6.247775648303841578e+00,-6.001474846763566795e+00,-5.836796962486995533e+00,-5.676874320888947167e+00,-5.599700893813847280e+00,-5.416818103710375532e+00,-5.261108353566153362e+00,-5.102454739637909853e+00,-4.985530821069027674e+00,-4.870392041572465303e+00,-4.755212008584781991e+00,-4.611865909789656826e+00,-4.445306619014092853e+00,-4.340445891446944593e+00,-4.049087758967240269e+00,-3.978603762775994035e+00,-3.837195156054188594e+00,-3.745806326916730988e+00,-3.614744750444572663e+00,-3.475051404439286173e+00,-3.389007709060569695e+00,-3.298339080923337718e+00,-3.233740536358854722e+00,-3.060222102654602594e+00,-2.787810429167881576e+00,-2.633548839527796837e+00,-2.463996942827376024e+00,-2.360163758347577190e+00,-2.299597450466526638e+00,-2.204557671210636727e+00,-2.041183645163208382e+00,-1.950592538533763021e+00,-1.809363825698997674e+00,-1.712222196055884327e+00,-1.558148140884432431e+00,-1.395273659058687166e+00,-1.251054964671434844e+00,-1.119638959388251864e+00,-9.029193038259683002e-01,-6.272024703884820918e-01,-4.011230942110839970e-01,-1.161705890696911742e-01,5.189837180973170261e-01,7.072653183871810967e-01,8.015478857843186811e-01,1.147332494096719335e+00,1.399181668094789055e+00,1.471348607099220107e+00,1.593403655530061025e+00,1.654751468189437746e+00,1.776340534790637360e+00,1.908458942168628214e+00,2.053961148895275812e+00,2.126048608341799984e+00,2.244863575328710059e+00,2.336994992335724497e+00,2.529836002517594107e+00,2.575829266201450807e+00,2.792675384586449372e+00,2.908895194561361475e+00,3.079778460793912487e+00,3.170282435965532830e+00,3.239521459870150721e+00,3.375092767805288219e+00,3.461651240677144248e+00,3.608080850243259530e+00,3.808544293661315194e+00,4.030179299459278219e+00,4.102391721572665517e+00,4.150668283544021619e+00,4.382302725461941328e+00,4.499278551873234555e+00,4.641051908913290447e+00,4.718412983259360871e+00,4.892392864640695116e+00,4.999338127132980425e+00,5.165935560114883529e+00,5.287794399295893122e+00,5.395207677672994251e+00,5.573368495740967710e+00,5.772072271937480181e+00,5.835200239259141775e+00,6.113018333682761707e+00,6.187028473411947616e+00,6.274106822787394400e+00,6.445780661439775905e+00,6.788162416541559274e+00,6.835621962639465643e+00,7.173494203800352409e+00,7.213957378396139042e+00,7.697620641309566913e+00,7.846734588189630877e+00,8.187974808569865814e+00,8.552284016359831043e+00,9.233113732413860575e+00,9.513035069830413804e+00,9.974219441347180748e+00,6.494726760126187060e+01,7.120267505796488194e+01,7.230785743339043847e+01,7.884254471270587317e+01,8.266892894732303887e+01
1.498604572687617376e-01,-4.557422320243525604e+01,-3.889269215139994884e+01,-3.685925200271716307e+01,-3.448346810222257375e+01,-3.196478038070268823e+01,-9.763990262109686569e+00,-9.321090819786702397e+00,-8.874612963852429814e+00,-8.624462792309646630e+00,-7.997407185725703194e+00,-7.708045737137815046e+00,-7.535119097155115853e+00,-7.338577981937295824e+00,-7.114826491223266380e+00,-6.934723283859294263e+00,-6.701900286674420393e+00,-6.464844344469891979e+00,-6.203207555648703853e+00,-6.191447170038570036e+00,-5.905951916413091141e+00,-5.768241961167511533e+00,-5.613683386086183447e+00,-5.527561052636569272e+00,-5.327057351461867540e+00,-5.133701049062628918e+00,-5.032298588467178924e+00,-4.958797975586915818e+00,-4.812957115036969213e+00,-4.686325159058536194e+00,-4.510165995027533903e+00,-4.351610420519273603e+00,-4.293524555074751170e+00,-3.992452261161177240e+00,-3.896782279396755921e+00,-3.761583861355650704e+00,-3.689170376399379503e+00,-3.538077578753375807e+00,-3.380075759909519473e+00,-3.307495255282067781e+00,-3.232377504593953343e+00,-3.151141693697648183e+00,-2.950203782915076900e+00,-2.728996032751820344e+00,-2.596932128422781538e+00,-2.426969089062546825e+00,-2.332187112802087015e+00,-2.248652421367732135e+00,-2.161146528563365088e+00,-2.003017996934476130e+00,-1.883628296307612970e+00,-1.781265965031002985e+00,-1.690490355398545086e+00,-1.515977489276971735e+00,-1.375461645868293781e+00,-1.206244118737747506e+00,-1.026239813706686821e+00,-8.428453329509904002e-01,-6.106697686341607811e-01,-3.875391272354334338e-01,-1.722217801373423229e-01,4.088527611854543831e-01,6.471056081871390253e-01,7.654162529551252758e-01,1.090977311177875997e+00,1.357729688185088657e+00,1.453556859261625256e+00,1.540475304932280354e+00,1.623457718180830289e+00,1.693278498087419148e+00,1.841033227137915507e+00,1.947581229919378432e+00,2.012189150132095428e+00,2.201714640841982096e+00,2.264613937980014757e+00,2.471569033156382211e+00,2.524928338994382848e+00,2.732791503809246958e+00,2.806456996294332207e+00,2.964646172495671195e+00,3.091252592434563073e+00,3.155863448071275279e+00,3.301531251148639878e+00,3.329588772313218037e+00,3.522104230481095666e+00,3.739133753582039699e+00,3.911507518145001416e+00,4.036353761712858201e+00,4.101177393593177456e+00,4.333004950611276662e+00,4.399550313719927885e+00,4.569473813325171996e+00,4.645923958161145784e+00,4.811716530223508315e+00,4.912435847727940619e+00,5.106856424751872403e+00,5.220635378385992453e+00,5.294421381525833858e+00,5.521120851918425387e+00,5.696924345450501193e+00,5.749486493901089901e+00,6.045472963793002030e+00,6.107084351107999076e+00,6.218843110610770886e+00,6.340244766313753111e+00,6.688214210055780207e+00,6.791039397385318033e+00,7.100169010849827878e+00,7.159826050721971313e+00,7.601573532028847779e+00,7.796781945367424527e+00,8.103783460188921595e+00,8.517935860283964544e+00,9.161496186166944611e+00,9.441091516816642937e+00,9.895829919942871200e+00,6.493981551817222453e+01,7.120353194737961644e+01,7.230883995610633974e+01,7.885607860265211855e+01,8.268126688937883273e+01
1.510325603098229830e-01,-4.559282480133242643e+01,-3.888315738096198970e+01,-3.685903532314167563e+01,-3.449013471007229725e+01,-3.198170926726357877e+01,-9.691062581721718416e+00,-9.239306424361625858e+00,-8.849585079570177371e+00,-8.595574188952452843e+00,-7.907676302526409629e+00,-7.639823982275625092e+00,-7.461437167901103784e+00,-7.258026034676069216e+00,-7.059118053095297718e+00,-6.882939613773759291e+00,-6.600112390153800135e+00,-6.371371646932471933e+00,-6.166609507375099497e+00,-6.075840744623664413e+00,-5.799457785785850916e+00,-5.710305298428368204e+00,-5.572091321616094106e+00,-5.439050655361230113e+00,-5.236620224492793518e+00,-5.028920334606759468e+00,-4.964923830581843056e+00,-4.919324571035729399e+00,-4.755243806518694605e+00,-4.612046537169495863e+00,-4.423157439878587560e+00,-4.286789247588068008e+00,-4.214651985279829205e+00,-3.953626025942001299e+00,-3.844926403904959766e+00,-3.684780966211130160e+00,-3.609184646123273055e+00,-3.448326562870646761e+00,-3.273240552331229125e+00,-3.244863114521201908e+00,-3.136282235805657237e+00,-3.060087089094439161e+00,-2.831483844887725976e+00,-2.656200790052086980e+00,-2.557660025987376073e+00,-2.384740734014074715e+00,-2.296106750906125260e+00,-2.188833219216090420e+00,-2.104075086735004874e+00,-1.950854644703289065e+00,-1.816260885143317516e+00,-1.760374968927089778e+00,-1.669761337574325877e+00,-1.454976961773718047e+00,-1.373467910768518152e+00,-1.162300654197843786e+00,-9.362502054486517844e-01,-7.743521907342086896e-01,-5.976172096368530529e-01,-4.099756069429457694e-01,-2.787366829265416346e-01,3.238369681608124218e-01,5.989859249589853940e-01,7.360589683884078971e-01,1.015986469742039988e+00,1.273637991102779310e+00,1.421045686773067640e+00,1.492095054216569627e+00,1.579456764210345643e+00,1.630966380077786271e+00,1.780000725604707679e+00,1.843813840706280960e+00,1.902654483774498528e+00,2.125380032739560221e+00,2.195722468135451244e+00,2.410668613152351814e+00,2.471183130049670940e+00,2.645701407403085792e+00,2.701819711291070014e+00,2.844097935375004216e+00,2.993102430486807020e+00,3.054451951472748394e+00,3.148982765144869411e+00,3.301088669877135562e+00,3.437673667965283730e+00,3.665336238450406015e+00,3.788136324341754957e+00,3.930053652431833022e+00,4.086453325816437498e+00,4.265876296631034847e+00,4.312373123600487190e+00,4.510318994361598222e+00,4.578278171342432756e+00,4.719305242041202497e+00,4.856512123484347576e+00,5.060872295987763003e+00,5.151836996342357367e+00,5.211047337341380370e+00,5.466035378335512007e+00,5.621153282919874705e+00,5.669707334481329575e+00,5.974771021189099862e+00,6.030007717027460856e+00,6.124914480637643877e+00,6.270680136501073143e+00,6.619204653818054673e+00,6.755795759640635723e+00,7.016146922174641531e+00,7.135424956270767893e+00,7.518387896256984781e+00,7.750983391522295207e+00,8.031164953439537513e+00,8.485644812280995097e+00,9.106808636286874759e+00,9.377110728118456251e+00,9.833093997527356578e+00,6.493342383322325873e+01,7.120427260817673698e+01,7.230968763556013812e+01,7.886766625076610637e+01,8.269183871001587249e+01
1.522046633508842284e-01,-4.560820988666789333e+01,-3.887536813837449046e+01,-3.685871193198523343e+01,-3.449534916459124645e+01,-3.199607196231149686e+01,-9.629911529327422670e+00,-9.172011732961472319e+00,-8.835966096104113987e+00,-8.573674849584524083e+00,-7.825006838881739313e+00,-7.588848513733360335e+00,-7.406916627218966376e+00,-7.183535574053949269e+00,-7.010282704218113281e+00,-6.841757445927886039e+00,-6.514756972307165661e+00,-6.290205405899421010e+00,-6.141063910680908400e+00,-5.975455487351880812e+00,-5.724092707744654618e+00,-5.635299362847660198e+00,-5.521224992292953715e+00,-5.360422911308609706e+00,-5.153312029545143780e+00,-4.972338180040730471e+00,-4.921401547592603620e+00,-4.822592481460429958e+00,-4.689888013153273860e+00,-4.534444920178724026e+00,-4.366066062381485757e+00,-4.226767321285977097e+00,-4.134710262813340087e+00,-3.934288965833414142e+00,-3.813073076561511954e+00,-3.606951557887352333e+00,-3.520108639709893072e+00,-3.345176455580171293e+00,-3.212349945534067608e+00,-3.137968576576611213e+00,-3.027676837690786993e+00,-2.967365728830625660e+00,-2.707473656171758503e+00,-2.565773085364329020e+00,-2.517746131794097675e+00,-2.323339415654662954e+00,-2.234931133299779216e+00,-2.133740238572546133e+00,-2.028466721259103878e+00,-1.880611717067525168e+00,-1.774314460400666871e+00,-1.733592709493733786e+00,-1.635327099187969813e+00,-1.400001393837929431e+00,-1.350367506161549436e+00,-1.119938717497301006e+00,-8.570905019493891830e-01,-7.250004749729394016e-01,-6.089368091147462358e-01,-4.956572630902127408e-01,-2.569230577106436098e-01,2.811291211165112824e-01,5.713277072300901871e-01,7.010497485157214381e-01,9.342349994393986945e-01,1.174533710251323360e+00,1.311767139066504884e+00,1.404455704436574415e+00,1.522169105864045191e+00,1.612129039449886614e+00,1.699564262016797000e+00,1.788689188576171318e+00,1.812271280898593906e+00,2.025109274288283245e+00,2.113089999724894419e+00,2.329869649722427383e+00,2.413825534532075157e+00,2.526262987215332156e+00,2.611834212505263597e+00,2.731882086880990990e+00,2.874171217436912507e+00,2.921484683869430832e+00,3.024628451584519873e+00,3.286269756982509005e+00,3.353793008844567769e+00,3.568327360301603690e+00,3.693428402221115459e+00,3.808500770463724816e+00,4.079107696422002327e+00,4.183081010107686737e+00,4.248252102829705557e+00,4.448737453330010361e+00,4.535822429476016993e+00,4.637818482718821578e+00,4.818830301194656940e+00,5.010056857478756953e+00,5.083055798282730464e+00,5.161691244467737860e+00,5.406633327501126018e+00,5.541257985532451080e+00,5.599509003904086235e+00,5.903455875690759136e+00,5.956667359802874984e+00,6.016490360960000672e+00,6.237673349614088814e+00,6.574323658431504569e+00,6.726094617641030560e+00,6.945688183116916825e+00,7.122075498710208841e+00,7.449292151368069881e+00,7.708937342464960985e+00,7.971105594967194286e+00,8.456130719317599187e+00,9.068382811171698421e+00,9.322004641722678286e+00,9.784211456032570808e+00,6.492813513731121589e+01,7.120488953379185659e+01,7.231039232831871288e+01,7.887724010636469529e+01,8.270057893182531927e+01
1.533767663919454738e-01,-4.562027965138155139e+01,-3.886932031876738591e+01,-3.685836649192733461e+01,-3.449924428817300992e+01,-3.200757330498235120e+01,-9.581208197703254825e+00,-9.119712006572585850e+00,-8.827503913441022476e+00,-8.560039336257844411e+00,-7.754117487427788724e+00,-7.550243509389927610e+00,-7.371849368440845929e+00,-7.119692956193471645e+00,-6.969927964395609798e+00,-6.811531915979675667e+00,-6.446816691075102135e+00,-6.231638611252702908e+00,-6.114886432889974799e+00,-5.900263031942238001e+00,-5.691869735620529447e+00,-5.562189990217637714e+00,-5.441872047591072459e+00,-5.301700479329857885e+00,-5.081761255433709046e+00,-4.943146786413734617e+00,-4.883441437539955743e+00,-4.719171721029250754e+00,-4.608527465277279411e+00,-4.457160995792553315e+00,-4.335283730344673181e+00,-4.164278487512061311e+00,-4.089346574753567332e+00,-3.914908656912440055e+00,-3.787540017126040492e+00,-3.554852604150995354e+00,-3.422339421592978770e+00,-3.252793029768939803e+00,-3.159789794711649336e+00,-3.019815079029854576e+00,-2.941448050810796744e+00,-2.857869098780771555e+00,-2.578816194717808319e+00,-2.493925949016872146e+00,-2.450569442447698698e+00,-2.262660750379465124e+00,-2.137409772673630748e+00,-2.063901025857397098e+00,-1.946734777368399172e+00,-1.809142247754255139e+00,-1.741952811051657779e+00,-1.701326419756822750e+00,-1.567072391084679106e+00,-1.383919765917757783e+00,-1.244953417995624534e+00,-1.070073449676369526e+00,-8.398375113206988374e-01,-7.030498508548638226e-01,-5.946042151978043755e-01,-5.336222680151301301e-01,-1.967292567607274445e-01,2.068678280014493998e-01,5.413692364213150698e-01,6.694790232464700175e-01,8.354890381343913486e-01,1.049090262827000464e+00,1.183410018074272152e+00,1.281312354041117763e+00,1.454111438706822135e+00,1.508721414458911836e+00,1.661242761875697527e+00,1.709835086707243379e+00,1.812671695384771464e+00,1.894846714105785423e+00,2.035200059148755347e+00,2.206243173351002174e+00,2.343877220636621850e+00,2.436033164240683391e+00,2.499386835164587595e+00,2.621811019708492729e+00,2.734594210035367290e+00,2.810247309524280368e+00,2.929130370698947328e+00,3.220243942029490380e+00,3.308134788107003121e+00,3.457294883298554389e+00,3.633877162489698609e+00,3.700168285880871544e+00,4.058747925685723068e+00,4.120732056155718581e+00,4.195323851740080379e+00,4.387422924567851545e+00,4.524046022906098585e+00,4.576739273815410236e+00,4.788218198269688308e+00,4.939742346359471625e+00,5.048710607029681441e+00,5.128577208145685518e+00,5.345842939710220953e+00,5.455590089888993077e+00,5.543170966511105746e+00,5.834060138206851320e+00,5.897194327327937025e+00,5.931202858231702457e+00,6.220283815706666886e+00,6.542733163785406703e+00,6.702404458886779715e+00,6.893963533871264815e+00,7.116468841622625163e+00,7.394472279894308109e+00,7.671818752678139397e+00,7.924192344223231821e+00,8.431027129058096037e+00,9.043884647685088041e+00,9.276778552005540135e+00,9.747659695504298227e+00,6.492398468318053517e+01,7.120537631999415851e+01,7.231094735564454368e+01,7.888474453911757678e+01,8.270743349709776737e+01
1.545488694330067192e-01,-4.562895663444882643e+01,-3.886500738937034782e+01,-3.685806815140711024e+01,-3.450193558800179261e+01,-3.201597072204671690e+01,-9.545673454300491301e+00,-9.082869240996494398e+00,-8.821174456057855551e+00,-8.553206144384637000e+00,-7.699887177462267474e+00,-7.521250821004931808e+00,-7.352461317876371361e+00,-7.071417150611286395e+00,-6.939448817712753126e+00,-6.791655340022877851e+00,-6.396654364384347424e+00,-6.201756950236026356e+00,-6.083490808482674872e+00,-5.851580156451165138e+00,-5.672724804110074182e+00,-5.521235521071688801e+00,-5.359120499623292844e+00,-5.259647577418180120e+00,-5.024329038866453878e+00,-4.925320134658932147e+00,-4.851846771894096300e+00,-4.637948748327637816e+00,-4.518782548512104036e+00,-4.386463720870596994e+00,-4.320355936416225617e+00,-4.114359641839291371e+00,-4.081444986438813594e+00,-3.880325791523773660e+00,-3.768578678436154128e+00,-3.530278846263898096e+00,-3.330274314421013848e+00,-3.200257990928069951e+00,-3.093518931384832804e+00,-2.941591277638739843e+00,-2.869290785181626280e+00,-2.736616005670810647e+00,-2.473816903850525328e+00,-2.433783204485742591e+00,-2.364076264240833058e+00,-2.223937333480887624e+00,-2.031164096983271161e+00,-1.975509998842043924e+00,-1.887616823118188458e+00,-1.734665835548761414e+00,-1.707956451856903035e+00,-1.658050096237179138e+00,-1.438875185160045200e+00,-1.293288513824575325e+00,-1.128631620794093182e+00,-9.971962852254254717e-01,-8.785099963272349211e-01,-7.173893133417666990e-01,-5.357470828420560771e-01,-4.709082093347236042e-01,-1.161518633751825041e-01,1.457663204794768241e-01,4.667605365507909165e-01,6.390220391356463692e-01,6.981930118003560892e-01,9.099082773951993053e-01,1.031156689419536976e+00,1.151189428526765646e+00,1.337299768217652396e+00,1.395080721473065832e+00,1.571292463862432820e+00,1.680606923748362513e+00,1.746430878433370637e+00,1.828257011768123164e+00,1.985450601216036892e+00,2.061573021084312174e+00,2.254768454689215051e+00,2.372690449009452252e+00,2.392343884514833263e+00,2.470829976001683193e+00,2.655598731255115919e+00,2.714007276934167212e+00,2.855084810700818210e+00,3.115018674027629775e+00,3.293520801056680547e+00,3.356932512013730996e+00,3.585619901324941239e+00,3.645788004409652672e+00,4.014351705263791814e+00,4.076819582444408674e+00,4.172233133250293768e+00,4.345573001656084067e+00,4.511219909650176163e+00,4.555328558946732720e+00,4.747423091843702814e+00,4.891772198365701207e+00,5.024808758438632950e+00,5.104653047798344723e+00,5.292514195752865191e+00,5.374007858813316219e+00,5.503108564370311484e+00,5.780793918107974605e+00,5.852931087426440193e+00,5.875605367711073335e+00,6.210827396726545935e+00,6.519282458967785132e+00,6.685743345233037260e+00,6.860409296008888269e+00,7.116155207178320730e+00,7.354096622779008108e+00,7.642017014231231364e+00,7.890704226499240193e+00,8.411963677229586267e+00,9.030097008662089308e+00,9.242662409864420781e+00,9.722300658586298994e+00,6.492100014328750035e+01,7.120572781611568303e+01,7.231134751799790195e+01,7.889013605713054744e+01,8.271236005831188720e+01
1.557209724740679646e-01,-4.563418517888971593e+01,-3.886242279966226931e+01,-3.685786813247830196e+01,-3.450351253474899238e+01,-3.202108357834244856e+01,-9.524000401141254457e+00,-9.061306028118927713e+00,-8.816586024461859239e+00,-8.550652370319747675e+00,-7.666183842770374568e+00,-7.501864089978847794e+00,-7.344035077112851972e+00,-7.041685432107676945e+00,-6.920203901961301973e+00,-6.780771988616256962e+00,-6.365351327737469589e+00,-6.191270726947763592e+00,-6.057183980762770759e+00,-5.825605893696712556e+00,-5.660540542018225096e+00,-5.499126458850384758e+00,-5.314181548001500666e+00,-5.226013056885538965e+00,-4.982645526267009295e+00,-4.918289402271651234e+00,-4.830976213485365101e+00,-4.583488942932932630e+00,-4.448329007889862297e+00,-4.341466801384656016e+00,-4.309609363697516571e+00,-4.106187209585968390e+00,-4.064556839231242336e+00,-3.842601120623994504e+00,-3.760211766012803380e+00,-3.524973092016176590e+00,-3.266627991791652530e+00,-3.168752576475970528e+00,-3.042255850862296551e+00,-2.911392292167582774e+00,-2.817663548885735114e+00,-2.627046745940228689e+00,-2.456285836724478422e+00,-2.340285876606690518e+00,-2.290533503596386300e+00,-2.200877091132043883e+00,-2.028458800141934582e+00,-1.891165881258818793e+00,-1.800436723597957034e+00,-1.728716275830284754e+00,-1.639533322902087864e+00,-1.534225899377697377e+00,-1.354252365461904972e+00,-1.213160086303807894e+00,-9.850669869790663613e-01,-8.856151536068312957e-01,-7.470192310815459980e-01,-6.492805642912164998e-01,-4.029944961016411753e-01,-3.381591527712571876e-01,-1.408728706523337537e-01,1.730070607674971950e-01,3.276430798007892720e-01,5.377575187871702633e-01,6.148811055034113515e-01,7.122259366345514708e-01,8.033340170070289998e-01,1.007013536020149314e+00,1.193097464715825229e+00,1.306954073698640917e+00,1.481765292388604882e+00,1.584198647855610931e+00,1.712325396481521045e+00,1.812398836166090543e+00,1.906382198403629769e+00,2.000247500386858501e+00,2.145180278347467162e+00,2.279862864960072955e+00,2.323702983999642591e+00,2.420702749438467194e+00,2.573919948529663770e+00,2.653963545166670102e+00,2.808717825266636936e+00,3.039136985821657255e+00,3.263382767676462848e+00,3.302442434700997964e+00,3.553495216531699530e+00,3.635187798832452799e+00,3.974987752424254062e+00,4.037004600374817898e+00,4.175592252739091848e+00,4.325317333103555484e+00,4.483617486171158184e+00,4.581906013471941819e+00,4.689492951979127966e+00,4.887525914532279359e+00,4.989721366050698492e+00,5.094950171772094194e+00,5.255692558928163116e+00,5.317266238414567248e+00,5.478913532615766080e+00,5.750335063781724543e+00,5.823131500539624916e+00,5.846169975452069956e+00,6.206178901805434300e+00,6.503954605819359358e+00,6.676213134008423644e+00,6.842056875962065021e+00,7.118119659236403329e+00,7.328928732736912366e+00,7.622470314053652274e+00,7.870668705234548312e+00,8.400105767993300887e+00,9.023663885634915616e+00,9.221173972427978427e+00,9.707372010991269562e+00,6.491920142007550965e+01,7.120594024957314616e+01,7.231158910089753533e+01,7.889338347531810314e+01,8.271532820482880766e+01
1.568930755151292100e-01,-4.563593175936347990e+01,-3.886156183768493833e+01,-3.685779791897018498e+01,-3.450403172815724417e+01,-3.202280042218507816e+01,-9.516710575310506570e+00,-9.054266152197627093e+00,-8.814823254849017076e+00,-8.550107815742002515e+00,-7.654838863973672858e+00,-7.494767620124525465e+00,-7.341953946186164259e+00,-7.031691041967700784e+00,-6.913570526232756919e+00,-6.777373784476974805e+00,-6.354608594432635371e+00,-6.189023602819560210e+00,-6.047235389517525483e+00,-5.817593682875470407e+00,-5.656213532988698667e+00,-5.491856280412597435e+00,-5.302794450340818422e+00,-5.211603441536672321e+00,-4.965117605333356998e+00,-4.918557231226853510e+00,-4.823658145901353222e+00,-4.563616091887798376e+00,-4.419733743134559134e+00,-4.338810906352935426e+00,-4.295311882859428110e+00,-4.111071114090915302e+00,-4.052648539693103125e+00,-3.823319266666822980e+00,-3.760757550728103471e+00,-3.525978998448362933e+00,-3.246015104423424891e+00,-3.153605042447011897e+00,-3.024351853267404522e+00,-2.902693811631642973e+00,-2.804222450152845880e+00,-2.574770823908394402e+00,-2.454350970604526783e+00,-2.310511446534043056e+00,-2.264263133485754143e+00,-2.187925272063643511e+00,-2.043589624913044300e+00,-1.852179116960668948e+00,-1.773819389209112529e+00,-1.744444194859424035e+00,-1.540952052367818403e+00,-1.472197503311615918e+00,-1.369814829505770160e+00,-1.211985577522671331e+00,-9.856515016758427006e-01,-6.799505599551767254e-01,-4.447525146408027874e-01,-2.599920377097825197e-01,-7.117218551325921183e-02,-6.253985166115262270e-03,-2.582927913243610995e-03,1.568036858594256755e-03,1.970709625738156084e-02,1.135553894559554050e-01,3.045193560738324590e-01,5.640690988006166195e-01,7.186471021575070450e-01,9.097148374812622507e-01,1.082870165217692193e+00,1.274920257173580929e+00,1.444111127085098589e+00,1.541702921349438427e+00,1.684820804937113614e+00,1.807705133807294473e+00,1.864941260707705384e+00,2.002121383161855839e+00,2.079326692567105450e+00,2.228623144490025521e+00,2.303335163947964226e+00,2.457929086082586867e+00,2.500283317797369342e+00,2.635193658740327294e+00,2.794367989015935194e+00,3.013372772262362442e+00,3.240571471605289577e+00,3.294174910555069946e+00,3.543375471654524045e+00,3.635668087395749204e+00,3.958790901968068709e+00,4.021941219059434580e+00,4.179431371852430743e+00,4.319995300215405898e+00,4.472111310268536144e+00,4.618369074904125959e+00,4.641250905469302523e+00,4.898978268787073098e+00,4.964294800515544281e+00,5.094228357995896239e+00,5.241793674265291081e+00,5.298021275227106308e+00,5.470734448401662675e+00,5.740677594469084433e+00,5.812559828520160288e+00,5.837004244400524122e+00,6.204794695703807150e+00,6.498545569366135588e+00,6.673160803881800440e+00,6.836266383317490813e+00,7.119253956925263971e+00,7.320291230233744173e+00,7.615634179894449574e+00,7.864005306721598920e+00,8.396088354211121541e+00,9.021879281487855451e+00,9.213792797175488047e+00,9.702442169920495019e+00,6.491860050971908436e+01,7.120601131862314048e+01,7.231166987607201690e+01,7.889446803498852034e+01,8.271631962522047843e+01
1.568930755151292100e-01,-4.563593175936347990e+01,-3.886156183768493833e+01,-3.685779791897018498e+01,-3.450403172815724417e+01,-3.202280042218507816e+01,-9.516710575310506570e+00,-9.054266152197627093e+00,-8.814823254849017076e+00,-8.550107815742002515e+00,-7.654838863973672858e+00,-7.494767620124525465e+00,-7.341953946186164259e+00,-7.031691041967700784e+00,-6.913570526232756919e+00,-6.777373784476974805e+00,-6.354608594432635371e+00,-6.189023602819560210e+00,-6.047235389517525483e+00,-5.817593682875470407e+00,-5.656213532988698667e+00,-5.491856280412597435e+00,-5.302794450340818422e+00,-5.211603441536672321e+00,-4.965117605333356998e+00,-4.918557231226853510e+00,-4.823658145901353222e+00,-4.563616091887798376e+00,-4.419733743134559134e+00,-4.338810906352935426e+00,-4.295311882859428110e+00,-4.111071114090915302e+00,-4.052648539693103125e+00,-3.823319266666822980e+00,-3.760757550728103471e+00,-3.525978998448362933e+00,-3.246015104423424891e+00,-3.153605042447011897e+00,-3.024351853267404522e+00,-2.902693811631642973e+00,-2.804222450152845880e+00,-2.574770823908394402e+00,-2.454350970604526783e+00,-2.310511446534043056e+00,-2.264263133485754143e+00,-2.187925272063643511e+00,-2.043589624913044300e+00,-1.852179116960668948e+00,-1.773819389209112529e+00,-1.744444194859424035e+00,-1.540952052367818403e+00,-1.472197503311615918e+00,-1.369814829505770160e+00,-1.211985577522671331e+00,-9.856515016758427006e-01,-6.799505599551767254e-01,-4.447525146408027874e-01,-2.599920377097825197e-01,-7.117218551325921183e-02,-6.253985166115262270e-03,-2.582927913243610995e-03,1.568036858594256755e-03,1.970709625738156084e-02,1.135553894559554050e-01,3.045193560738324590e-01,5.640690988006166195e-01,7.186471021575070450e-01,9.097148374812622507e-01,1.082870165217692193e+00,1.274920257173580929e+00,1.444111127085098589e+00,1.541702921349438427e+00,1.684820804937113614e+00,1.807705133807294473e+00,1.864941260707705384e+00,2.002121383161855839e+00,2.079326692567105450e+00,2.228623144490025521e+00,2.303335163947964226e+00,2.457929086082586867e+00,2.500283317797369342e+00,2.635193658740327294e+00,2.794367989015935194e+00,3.013372772262362442e+00,3.240571471605289577e+00,3.294174910555069946e+00,3.543375471654524045e+00,3.635668087395749204e+00,3.958790901968068709e+00,4.021941219059434580e+00,4.179431371852430743e+00,4.319995300215405898e+00,4.472111310268536144e+00,4.618369074904125959e+00,4.641250905469302523e+00,4.898978268787073098e+00,4.964294800515544281e+00,5.094228357995896239e+00,5.241793674265291081e+00,5.298021275227106308e+00,5.470734448401662675e+00,5.740677594469084433e+00,5.812559828520160288e+00,5.837004244400524122e+00,6.204794695703807150e+00,6.498545569366135588e+00,6.673160803881800440e+00,6.836266383317490813e+00,7.119253956925263971e+00,7.320291230233744173e+00,7.615634179894449574e+00,7.864005306721598920e+00,8.396088354211121541e+00,9.021879281487855451e+00,9.213792797175488047e+00,9.702442169920495019e+00,6.491860050971908436e+01,7.120601131862314048e+01,7.231166987607201690e+01,7.889446803498852034e+01,8.271631962522047843e+01
1.580800201219074719e-01,-4.563688589569584764e+01,-3.886065032229908667e+01,-3.685746496110624548e+01,-3.450147638142109940e+01,-3.202201002112008865e+01,-9.501983728201411239e+00,-9.040897721456758518e+00,-8.801894618944947624e+00,-8.536042274260781326e+00,-7.643452595214530909e+00,-7.483252440096078040e+00,-7.330625091049738806e+00,-7.021287609320662426e+00,-6.902181854590786259e+00,-6.766746799619222763e+00,-6.345112257401314793e+00,-6.179039706323912640e+00,-6.037905207709476585e+00,-5.808600531063405015e+00,-5.647868653942609285e+00,-5.483386085731156712e+00,-5.294799915929224277e+00,-5.203865690495477203e+00,-4.957374904516169245e+00,-4.911043376234007773e+00,-4.816322145514557285e+00,-4.556808603410849479e+00,-4.413422153742769360e+00,-4.333060432071143886e+00,-4.288611106754753877e+00,-4.104071846206390539e+00,-4.046759400229977821e+00,-3.817910254146533511e+00,-3.753900338853595198e+00,-3.520484139798651491e+00,-3.241521995594549566e+00,-3.149081605622126467e+00,-3.019133219526624501e+00,-2.897671897818208109e+00,-2.799903123462392340e+00,-2.570703064447165342e+00,-2.450691409141007693e+00,-2.307207625916150029e+00,-2.260503118802148492e+00,-2.184295679115350275e+00,-2.040443803844160797e+00,-1.849484175744539050e+00,-1.770906852782047736e+00,-1.741630496260365923e+00,-1.538625922595650453e+00,-1.469810888481885014e+00,-1.367901808656199369e+00,-1.210126362097120767e+00,-9.838232415698033861e-01,-6.789066419563410948e-01,-4.442273067401249498e-01,-2.596033669325710780e-01,-7.134724999254991873e-02,-6.487799437046636551e-03,-2.541272916944744761e-03,1.543162923156708678e-03,1.970507164686673834e-02,1.135569203134189492e-01,3.039261364793210962e-01,5.633725740747868027e-01,7.167693515662987291e-01,9.093864393745005881e-01,1.080228256900135131e+00,1.273667774664092089e+00,1.441952483916783878e+00,1.539443137278596385e+00,1.682280115240468721e+00,1.803927849212950463e+00,1.862879002025877195e+00,1.998736267565447422e+00,2.076269366031486818e+00,2.225356226584199071e+00,2.299875669317034355e+00,2.454314215783120368e+00,2.496435476514986540e+00,2.631408365223860013e+00,2.790079348605643439e+00,3.008769344929475231e+00,3.235203889356472740e+00,3.289297934217441544e+00,3.537954119503308625e+00,3.630007736425363341e+00,3.952481069247046452e+00,4.015595252223194578e+00,4.172963789358992592e+00,4.313303766896314784e+00,4.465129653581300317e+00,4.610860546488281919e+00,4.634278349272753061e+00,4.891332058959681817e+00,4.956688919185870290e+00,5.086112044412453237e+00,5.233982440884406451e+00,5.289968267685354775e+00,5.462302645966212289e+00,5.732063936920312130e+00,5.803448693529967173e+00,5.828007095591408948e+00,6.195100586740985626e+00,6.488399900117224561e+00,6.662824902336371480e+00,6.825623325416543707e+00,7.108220853296727704e+00,7.308997815339098203e+00,7.603664401372143722e+00,7.851736871670530249e+00,8.383065692820462544e+00,9.007812400425459387e+00,9.199578504764620135e+00,9.686882581427774142e+00,6.491760926055313519e+01,7.120580007875921069e+01,7.231160629435635201e+01,7.889423920280458447e+01,8.271671768512531742e+01
1.592669647286857337e-01,-4.563972351583564091e+01,-3.885793782370058835e+01,-3.685647355124775970e+01,-3.449387296261733127e+01,-3.201965785608751247e+01,-9.457762032550782294e+00,-9.000729437202565464e+00,-8.763019752526405526e+00,-8.493863429941896470e+00,-7.609247602493814711e+00,-7.448673410798551053e+00,-7.296602918845980668e+00,-6.989998757189047396e+00,-6.868047877545004454e+00,-6.734826758537976410e+00,-6.316583111361816272e+00,-6.149077133992578048e+00,-6.009875730548125183e+00,-5.781592874448955754e+00,-5.622787980114086537e+00,-5.457959831933589356e+00,-5.270799438527841829e+00,-5.180587378107347263e+00,-4.934147696497162450e+00,-4.888461932425371970e+00,-4.794292309733388713e+00,-4.536367144636754389e+00,-4.394434450172751028e+00,-4.315700622536856379e+00,-4.268508732092925584e+00,-4.083131301131066593e+00,-4.029043306850097039e+00,-3.801555020755606584e+00,-3.733457155312538411e+00,-3.503985967142433378e+00,-3.228005435176618754e+00,-3.135433169140508181e+00,-3.003548285873874679e+00,-2.882604035651336272e+00,-2.786925862100713136e+00,-2.558489427655300741e+00,-2.439692857143453963e+00,-2.297253067160037077e+00,-2.249254219389611897e+00,-2.173393397096004875e+00,-2.030992110178492460e+00,-1.841384478879072528e+00,-1.762173861285818210e+00,-1.733180936914880066e+00,-1.531631300732245293e+00,-1.462660383160780286e+00,-1.362134569108977455e+00,-1.204528167540163786e+00,-9.783526811583841409e-01,-6.757655507433013575e-01,-4.426508144088676100e-01,-2.584360667417729962e-01,-7.184901520593074686e-02,-7.110941366641839248e-03,-2.444721809486725007e-03,1.481034070329931111e-03,1.969638688820604666e-02,1.135442237326489273e-01,3.021484597162191199e-01,5.612786041011555982e-01,7.111890890222143380e-01,9.083181410465671624e-01,1.072385123451026212e+00,1.269829272530794695e+00,1.435470548962546111e+00,1.532652241487207245e+00,1.674646867577415099e+00,1.792781306738385538e+00,1.856500923263824099e+00,1.988596603201533863e+00,2.067074539518626519e+00,2.215533242574234229e+00,2.289486893079059726e+00,2.443443134354310153e+00,2.484883704903837032e+00,2.620037147177829429e+00,2.777199328798492406e+00,2.994942182755092386e+00,3.219113502534071802e+00,3.274628594108164314e+00,3.521669305305782594e+00,3.613012494683180531e+00,3.933534485675987735e+00,3.996549108703626452e+00,4.153537559866187223e+00,4.293208860526032566e+00,4.444163812802579550e+00,4.588346922682769780e+00,4.613311945025120764e+00,4.868375154684934536e+00,4.933838788368942296e+00,5.061744528713778557e+00,5.210446141919794272e+00,5.265830287093397288e+00,5.436998860793385013e+00,5.706182409777472486e+00,5.776083883921857343e+00,5.801001852727356578e+00,6.165990443592796133e+00,6.457933268954633377e+00,6.631784524030165606e+00,6.793670308442627537e+00,7.075087937442804176e+00,7.275084210781257887e+00,7.567723061015287023e+00,7.814893579726397199e+00,8.343962593945480677e+00,8.965567020553613986e+00,9.156892483197104582e+00,9.640174329994383839e+00,6.491465986009048095e+01,7.120517127611184094e+01,7.231141715485946975e+01,7.889355852178680095e+01,8.271790185937079798e+01
1.604539093354639956e-01,-4.564437099674180587e+01,-3.885348999729904307e+01,-3.685484597754028613e+01,-3.448140778694868658e+01,-3.201580060275867368e+01,-9.383919203007851095e+00,-8.933570002914297703e+00,-8.697937462976268463e+00,-8.423613423086131036e+00,-7.552082925566615756e+00,-7.390927782374046906e+00,-7.239778360001699831e+00,-6.937599067835661160e+00,-6.811249821007081096e+00,-6.681495150437762653e+00,-6.268899340458522040e+00,-6.099101752663487197e+00,-5.963028069604606074e+00,-5.736484497483571587e+00,-5.580833400938639777e+00,-5.415527375051518710e+00,-5.230738089579035410e+00,-5.141577332928595645e+00,-4.895432867923545039e+00,-4.850695361042136611e+00,-4.757500705009642950e+00,-4.502232045894131396e+00,-4.362615309438593769e+00,-4.286426611684793109e+00,-4.234993688529965716e+00,-4.048409825179381194e+00,-3.999350289405464665e+00,-3.773936246195535471e+00,-3.699740978997517971e+00,-3.476442739876117294e+00,-3.205350872590358335e+00,-3.112447141877954238e+00,-2.977785106492622180e+00,-2.857485746227079293e+00,-2.765232236353179829e+00,-2.538097984873259438e+00,-2.421295506443827961e+00,-2.280528534890050807e+00,-2.230596351722028192e+00,-2.155179540787119041e+00,-2.015191552427908039e+00,-1.827835446532978914e+00,-1.747632295546632575e+00,-1.719070073129568055e+00,-1.519920752147683851e+00,-1.450771808483071856e+00,-1.352429465626516336e+00,-1.195131371981488666e+00,-9.692803272060472874e-01,-6.704996900558920503e-01,-4.400198574165606891e-01,-2.564862241365883366e-01,-7.261175779459996815e-02,-7.963948134214970942e-03,-2.335848869765825946e-03,1.405540411467488164e-03,1.967346165356712029e-02,1.134681450656618851e-01,2.991921382338520452e-01,5.577734412553538856e-01,7.020509577757882980e-01,9.062754466490374750e-01,1.059570476120022420e+00,1.263179488001379580e+00,1.424646500369009861e+00,1.521294972619655406e+00,1.661887178452352787e+00,1.774696807911778418e+00,1.845355867870489552e+00,1.971745296516585144e+00,2.051675936425432667e+00,2.199087896574072776e+00,2.272136748853741839e+00,2.425236798444076136e+00,2.465602653875148764e+00,2.601032601816404277e+00,2.755684908834028501e+00,2.971839841771269253e+00,3.192329950445990772e+00,3.250057144820630572e+00,3.494457882876556010e+00,3.584638708155134079e+00,3.901899173798515807e+00,3.964775957245733284e+00,4.121081522019275134e+00,4.259648427881254307e+00,4.409150058365874258e+00,4.550848338554076555e+00,4.578217991768555706e+00,4.830050221631222662e+00,4.895646790290891559e+00,5.021068071523157705e+00,5.170885591637184753e+00,5.225661397572793909e+00,5.394794415563877621e+00,5.662910336574338288e+00,5.730372269612118430e+00,5.755942715352904138e+00,6.117379098176705554e+00,6.407054950275817617e+00,6.579940366015358144e+00,6.740333071158896239e+00,7.019752378501534551e+00,7.218448079570441323e+00,7.507712063042506045e+00,7.753359432633337711e+00,8.278671112975141355e+00,8.895006938412642228e+00,9.085602268648866442e+00,9.562226050232007779e+00,6.490982475484676684e+01,7.120413956886486062e+01,7.231110723092893977e+01,7.889244327719029570e+01,8.271984239850797849e+01
1.616408539422422574e-01,-4.565070807899395788e+01,-3.884741464710248238e+01,-3.685261903553662677e+01,-3.446438626444852105e+01,-3.201053126773420132e+01,-9.280235091511315204e+00,-8.839092653455676185e+00,-8.606227930392760683e+00,-8.325328121792292535e+00,-7.471715474477349517e+00,-7.309836450342737990e+00,-7.159961997610195361e+00,-6.863739660823231503e+00,-6.731880148384012941e+00,-6.606550293680743202e+00,-6.201852950228029293e+00,-6.029051584204434988e+00,-5.897157016907919491e+00,-5.673126178240472051e+00,-5.521774254052457032e+00,-5.355994809299146731e+00,-5.174509686402863018e+00,-5.086529797285992416e+00,-4.841206058652795186e+00,-4.797554568775630912e+00,-4.705826143384727267e+00,-4.454294858591224759e+00,-4.317716329786317253e+00,-4.244782687308058300e+00,-4.188020349742067161e+00,-4.000145927463852225e+00,-3.957414037085269509e+00,-3.734673041708259866e+00,-3.653108596341990033e+00,-3.437781592861042235e+00,-3.173359761188385253e+00,-3.079828066899383820e+00,-2.942086808663958664e+00,-2.822314906011818447e+00,-2.734722845640700228e+00,-2.509472634419267933e+00,-2.395398922335115088e+00,-2.256861177041072253e+00,-2.204625399099382932e+00,-2.129594408371854541e+00,-1.992969411930125556e+00,-1.808762661190631338e+00,-1.727295506067285880e+00,-1.699255336128397964e+00,-1.503418975450215189e+00,-1.434181012301206426e+00,-1.338650255758662588e+00,-1.181842717492063155e+00,-9.566669154753658644e-01,-6.630643714212950401e-01,-4.363272526438073395e-01,-2.537471405163265747e-01,-7.353929053885012446e-02,-8.903337245987429094e-03,-2.233351442382236051e-03,1.333364526175298071e-03,1.962454906582875025e-02,1.132548503660345818e-01,2.950664141393714024e-01,5.528323226615247110e-01,6.895562903273150246e-01,9.029084423582272034e-01,1.042116802561953159e+00,1.253393010902313476e+00,1.409446277147730298e+00,1.505310452614224914e+00,1.643943380390581854e+00,1.750135682177400565e+00,1.828943058248131193e+00,1.948241386154526245e+00,2.029969324863295288e+00,2.175910836649842306e+00,2.247767722079446973e+00,2.399564578864062270e+00,2.438547857787489725e+00,2.574311110035182537e+00,2.725461886016007362e+00,2.939373826315932803e+00,3.154881605442960257e+00,3.215415020474490237e+00,3.456211612798015143e+00,3.544809884486287199e+00,3.857485984044348726e+00,3.920224044548894504e+00,4.075474510900051861e+00,4.212514651539858157e+00,4.359978324127403049e+00,4.498360667842735694e+00,4.528800349793920432e+00,4.776253564640136062e+00,4.841949255219343051e+00,4.963979873705489432e+00,5.114837813053512150e+00,5.169513937541671211e+00,5.335629631061475919e+00,5.602039554533219778e+00,5.666161582608226333e+00,5.692739028621288000e+00,6.049118713931012969e+00,6.335607392797364845e+00,6.507122393441006736e+00,6.665478602313027245e+00,6.942035887445040743e+00,7.138911149947543500e+00,7.423460763251120476e+00,7.666934102612593449e+00,8.187002448126603937e+00,8.795898211965791802e+00,8.985476792138049618e+00,9.452875511218175930e+00,6.490322272144048554e+01,7.120272907786622341e+01,7.231068433430483822e+01,7.889092174579921846e+01,8.272249060125193409e+01
1.628277985490205193e-01,-4.565857142306348493e+01,-3.883985930401612308e+01,-3.684984347571515428e+01,-3.444322539056196320e+01,-3.200397704338050886e+01,-9.146380208876463414e+00,-8.716822477245226963e+00,-8.487325903569569618e+00,-8.198993903055082910e+00,-7.367787210611619564e+00,-7.205131290004282540e+00,-7.056872091284668080e+00,-6.767969349632765308e+00,-6.629995048781203160e+00,-6.509701070361559871e+00,-6.115141400122570126e+00,-5.938828546536976560e+00,-5.811960195037550569e+00,-5.591296822124823152e+00,-5.445285032563452532e+00,-5.279209239883162041e+00,-5.101934314977258467e+00,-5.015041701184900447e+00,-4.771393751648019155e+00,-4.728787957377043938e+00,-4.639082598838478511e+00,-4.392384767701712711e+00,-4.259408029838787080e+00,-4.190206042273365128e+00,-4.127486286109673053e+00,-3.938642824272884813e+00,-3.902814275937174227e+00,-3.683397658759970383e+00,-3.593859060229123159e+00,-3.387893119545937637e+00,-3.131743337028502605e+00,-3.037249972318084357e+00,-2.896679011246243718e+00,-2.777096524544732770e+00,-2.695254041507349374e+00,-2.472528611189865888e+00,-2.361860645457196650e+00,-2.226044935287855520e+00,-2.171416158802839114e+00,-2.096563883452978949e+00,-1.964221408086781917e+00,-1.784060909813312223e+00,-1.701169032822686500e+00,-1.673676758543367837e+00,-1.482027026312971785e+00,-1.412923390022040593e+00,-1.320613495485899458e+00,-1.164542518376741942e+00,-9.405844764566561045e-01,-6.533995065010103076e-01,-4.315590860432904630e-01,-2.502090224600403978e-01,-7.451966591189893019e-02,-9.828873670732918982e-03,-2.138933474124346534e-03,1.270579794555134340e-03,1.953506199972348048e-02,1.128151886077017468e-01,2.897832881822772766e-01,5.464167385669492782e-01,6.739245323157767587e-01,8.977903052907926229e-01,1.020410091545057352e+00,1.240093965550083555e+00,1.389816518110989385e+00,1.484608997417647736e+00,1.620732100192039171e+00,1.719471319212517946e+00,1.806820208212819079e+00,1.918145060931338630e+00,2.001818117962898214e+00,2.145850756898919354e+00,2.216290783569961675e+00,2.366245547859891829e+00,2.403651687674493775e+00,2.539745962430281612e+00,2.686420815542785778e+00,2.897414170561167790e+00,3.106773534464452702e+00,3.170486206876669488e+00,3.406772352311013385e+00,3.493410685741420885e+00,3.800164367471345450e+00,3.862806034796288035e+00,4.016540888407310383e+00,4.151647284407554928e+00,4.296485970658467046e+00,4.430828060981023775e+00,4.464810744233872697e+00,4.706823536591642210e+00,4.772513559225081359e+00,4.890322572679825619e+00,5.041745630057874017e+00,5.097363813573965174e+00,5.259395681303991488e+00,5.523269726092342680e+00,5.583242233706619650e+00,5.611235373958779249e+00,5.960989365942558571e+00,6.243356125759101261e+00,6.413082109815296583e+00,6.568900773602844190e+00,6.841673682107664689e+00,7.036206966891940695e+00,7.314714463487627327e+00,7.555321684166096396e+00,8.068672771429612922e+00,8.667897697057105333e+00,8.856170217141739798e+00,9.311873718305745840e+00,6.489501596520875637e+01,7.120097292056523486e+01,7.231015910453714923e+01,7.888903241808721134e+01,8.272578010607553267e+01
1.640147431557987812e-01,-4.566775937259340168e+01,-3.883100786333543653e+01,-3.684658318580293468e+01,-3.441844354439083986e+01,-3.199629637136035853e+01,-8.981891946266893356e+00,-8.566116900991371352e+00,-8.340524382605764231e+00,-8.044498240151456869e+00,-7.239805851092818045e+00,-7.076435579129046971e+00,-6.930116590461515180e+00,-6.649741410256940988e+00,-6.505566253274845501e+00,-6.390557895480572626e+00,-6.008354064520334603e+00,-5.828285165111147137e+00,-5.707022476877042116e+00,-5.490689802483919912e+00,-5.350939280127589903e+00,-5.184937582828892388e+00,-5.012727288268478354e+00,-4.926631784646540169e+00,-4.685837008583994212e+00,-4.644090088268495009e+00,-4.557003387380335724e+00,-4.316249460667827442e+00,-4.187289960564680058e+00,-4.122053663110040844e+00,-4.053214406850575990e+00,-3.864298605844169288e+00,-3.834895664403747961e+00,-3.619765251468319622e+00,-3.522189699479790992e+00,-3.326622778781669787e+00,-3.080120409306811080e+00,-2.984386874597770856e+00,-2.841708158914538096e+00,-2.721843410641515693e+00,-2.646632753709482699e+00,-2.427145837131284623e+00,-2.320493623575942799e+00,-2.187849984989201246e+00,-2.130990965285599170e+00,-2.056005430815098123e+00,-1.928808637508636625e+00,-1.753591547499909753e+00,-1.669238330699801098e+00,-1.642256251809234291e+00,-1.455625905164993572e+00,-1.387019413471157536e+00,-1.298097004884382732e+00,-1.143091590177073513e+00,-9.211057539146983997e-01,-6.414314823896700712e-01,-4.256910352863583213e-01,-2.458584566006660199e-01,-7.543827799492641706e-02,-1.067728427499781661e-02,-2.049009862589976083e-03,1.217149488959599424e-03,1.938914578846138645e-02,1.120537902892786430e-01,2.833565624430728902e-01,5.384706343611643797e-01,6.553645469581403926e-01,8.904413017616197301e-01,9.948543845138106967e-01,1.222894802652603419e+00,1.365678814811844610e+00,1.459067594227902998e+00,1.592141290665901598e+00,1.682967293323999636e+00,1.778610906828591132e+00,1.881501650853387719e+00,1.967055994130603835e+00,2.108714727639878106e+00,2.177576772038426700e+00,2.325049617689481263e+00,2.360816164250837179e+00,2.497157746808532419e+00,2.638410664348725287e+00,2.845782630981793737e+00,3.047967140963659727e+00,3.115011269914644831e+00,3.345924626819496872e+00,3.430277646905429023e+00,3.729755429753524698e+00,3.792383808821580882e+00,3.944043016754071651e+00,4.076823261491385075e+00,4.218448046259069883e+00,4.348124502613384124e+00,4.385941652577581173e+00,4.621524983507495854e+00,4.687031529994354351e+00,4.799871124111829701e+00,4.951055132429673655e+00,5.009002278569984590e+00,5.165908330926870740e+00,5.426196697543042902e+00,5.481344366480994879e+00,5.511186912737700894e+00,5.852684568706766122e+00,6.129974350162391339e+00,6.297479733660384937e+00,6.450299129339645887e+00,6.718297553146046042e+00,6.909962246625510396e+00,7.181116620014446283e+00,7.418113300684908040e+00,7.923281590299904309e+00,8.510534732263636215e+00,8.697197709964020973e+00,9.138860558936324097e+00,6.488540615688050650e+01,7.119891255591893753e+01,7.230954472422230594e+01,7.888682294825649421e+01,8.272962864084978207e+01
1.652016877625770430e-01,-4.567803772885753943e+01,-3.882107632212324688e+01,-3.684291407757394410e+01,-3.439064787363292908e+01,-3.198767527833247826e+01,-8.786139945200869050e+00,-8.386137032665786251e+00,-8.164961765226998125e+00,-7.861576731727735634e+00,-7.087117303495968024e+00,-6.923235427622040916e+00,-6.779167487336866138e+00,-6.508401255676021790e+00,-6.358432228217441029e+00,-6.248619947541940611e+00,-5.880951609461716245e+00,-5.697203409412885833e+00,-5.581795602603541795e+00,-5.370892994735948278e+00,-5.238197152532250378e+00,-5.072838699284718977e+00,-4.906462450981339707e+00,-4.820754616532091141e+00,-4.584251476822416294e+00,-4.543103010464917269e+00,-4.459220839052017382e+00,-4.225530370602347929e+00,-4.100893204945356807e+00,-4.039611024059952982e+00,-3.964935247752929381e+00,-3.777664920742016097e+00,-3.752661732681793261e+00,-3.543426744051999755e+00,-3.438179306384290701e+00,-3.253757949189840737e+00,-3.018019120727716498e+00,-2.920914962944280990e+00,-2.777198794362612855e+00,-2.656568355574072893e+00,-2.588608632244661756e+00,-2.373159628875548322e+00,-2.271061679818120460e+00,-2.142020414677347606e+00,-2.083296252928588110e+00,-2.007830305475945654e+00,-1.886552734345371629e+00,-1.717177295963374428e+00,-1.631454162677280717e+00,-1.604895504482223068e+00,-1.424077958222335072e+00,-1.356455974720663704e+00,-1.270851373734570133e+00,-1.117336072591137430e+00,-8.982929413102890281e-01,-6.270747917339970501e-01,-4.186837794021554537e-01,-2.406775644196105512e-01,-7.618668119037975972e-02,-1.141052808455781525e-02,-1.959698806936211596e-03,1.170870189944133843e-03,1.917110061716483307e-02,1.108762707927549579e-01,2.758005512342932009e-01,5.289154248462032415e-01,6.340600953647632654e-01,8.803259172544529720e-01,9.658623460664383931e-01,1.201418229129168624e+00,1.336922169308269570e+00,1.428523957068293271e+00,1.558025875870684418e+00,1.640787609629092314e+00,1.743974435910478515e+00,1.838325835531500196e+00,1.925484527577762561e+00,2.064266530718945614e+00,2.131445052158390308e+00,2.275697935179289644e+00,2.309901027762023329e+00,2.446301791387490265e+00,2.581229395289200035e+00,2.784242731772139656e+00,2.978361944331306965e+00,3.048681887252611133e+00,3.273384725247504790e+00,3.355185583702549490e+00,3.646020946085726688e+00,3.708748268858572672e+00,3.857669323314070198e+00,3.987741582180853062e+00,4.125562820536096353e+00,4.250037073230067186e+00,4.291807087884959238e+00,4.520029374049910231e+00,4.585107131608237907e+00,4.692315361249899119e+00,4.842287973577104054e+00,4.903943917301955224e+00,5.054872291746574930e+00,5.310293556784445812e+00,5.360125589711413063e+00,5.392231717648837019e+00,5.723790171412412420e+00,5.995020634474050425e+00,6.159863958490165992e+00,6.309249471488032057e+00,6.571411212806126834e+00,6.759669994729764042e+00,7.022182748062071767e+00,7.254761551549448129e+00,7.750280455206311814e+00,8.323183322364021919e+00,8.507901102437124052e+00,8.933329460442154257e+00,6.487462950285635088e+01,7.119659694016245055e+01,7.230885656943482331e+01,7.888434886842263438e+01,8.273394017554454649e+01
1.663886323693553049e-01,-4.568914631006184379e+01,-3.881030768306337109e+01,-3.683892265511973108e+01,-3.436051958787503935e+01,-3.197832306112959699e+01,-8.558276561436921170e+00,-8.175806055587676369e+00,-7.959587569069340951e+00,-7.649754512764838310e+00,-6.908866805530190724e+00,-6.744839054543827039e+00,-6.603324678640669632e+00,-6.343154533086226010e+00,-6.188243178696667179e+00,-6.083255928433630721e+00,-5.732235475231116872e+00,-5.545260423958231932e+00,-5.435573281323609507e+00,-5.231360090950728292e+00,-5.106383496488039242e+00,-4.942427121320205785e+00,-4.782534286772303744e+00,-4.696799819861608327e+00,-4.466189108814409003e+00,-4.425400513739714548e+00,-4.345240311410301537e+00,-4.119731885483477463e+00,-3.999668395674040866e+00,-3.942086785138586347e+00,-3.862264734266549482e+00,-3.679225922493861489e+00,-3.654948071628557393e+00,-3.453988017609564753e+00,-3.341773747068963907e+00,-3.169008853978499296e+00,-2.944878568282461195e+00,-2.846491545113241983e+00,-2.703027101611554350e+00,-2.581264886788918300e+00,-2.520862215551193497e+00,-2.310347916786266165e+00,-2.213271727842421210e+00,-2.088262639495748196e+00,-2.028185386765201326e+00,-1.951938167519643441e+00,-1.837228421110709942e+00,-1.674593546735196448e+00,-1.587716438525114349e+00,-1.561470738269763014e+00,-1.387224573295897656e+00,-1.321163654527447218e+00,-1.238613041906508228e+00,-1.087108890325472643e+00,-8.721861107257805612e-01,-6.102329139561635252e-01,-4.104774134220729453e-01,-2.346426820347219944e-01,-7.666656689228329435e-02,-1.200619040088999993e-02,-1.868111896295340888e-03,1.129247898414710138e-03,1.886637896171519321e-02,1.091939565093941467e-01,2.671283612911784511e-01,5.176434197969309592e-01,6.101670776266523433e-01,8.668054014835904209e-01,9.338881138031415174e-01,1.175303733527743200e+00,1.303393401001352592e+00,1.392768959311796673e+00,1.518201430615228498e+00,1.593004725213241990e+00,1.702571191899996172e+00,1.788585314072294041e+00,1.876864851981209892e+00,2.012221359302194923e+00,2.077649007448797658e+00,2.217861457541952408e+00,2.250705182032600948e+00,2.386852040677998943e+00,2.514610256578456493e+00,2.712485448172549773e+00,2.897776770574392202e+00,2.971125906118198490e+00,3.188784923690781259e+00,3.267828072758435010e+00,3.548646262215634728e+00,3.611593194913239824e+00,3.757015996762752774e+00,3.884001701097743453e+00,4.017430644225697733e+00,4.136243639844058961e+00,4.181915182292966549e+00,4.401889146671176256e+00,4.466235956583539668e+00,4.567236456188034310e+00,4.715029698658397272e+00,4.781404827921941880e+00,4.925834273803395114e+00,5.174881189591959085e+00,5.219145938204077240e+00,5.253858854223621755e+00,5.573754076985869332e+00,5.837907150548143242e+00,5.999640797469720788e+00,6.145163960829719052e+00,6.400355008989378369e+00,6.584651425882089626e+00,6.837262836559270696e+00,7.064543569301196868e+00,7.548928532423357041e+00,8.105020743951032003e+00,8.287401047554306288e+00,8.694577040059648709e+00,6.486295096776804314e+01,7.119408149649183315e+01,7.230811180652236203e+01,7.888167210994821232e+01,8.273860741207469971e+01
1.675755769761335667e-01,-4.570080605355668979e+01,-3.879896612216386131e+01,-3.683470425561881711e+01,-3.432879750955986964e+01,-3.196846741003101755e+01,-8.297165967960340893e+00,-7.933748500314086627e+00,-7.723101965363937005e+00,-7.408275670060034734e+00,-6.703943751718568045e+00,-6.540319012669230325e+00,-6.401664574596875212e+00,-6.153014664269624845e+00,-5.994393146548671503e+00,-5.893672243699327851e+00,-5.561303153557973111e+00,-5.371972693359744255e+00,-5.267462111465750496e+00,-5.071369339538863485e+00,-4.954652186814250570e+00,-4.793025150655704003e+00,-4.640121268276566013e+00,-4.554066543989331528e+00,-4.331003033497639265e+00,-4.290446742332679975e+00,-4.214405957017376636e+00,-3.998183037692819131e+00,-3.882951649294569041e+00,-3.828597543720473784e+00,-3.744673442467445490e+00,-3.568570878818636771e+00,-3.541192444450525389e+00,-3.350962762843616716e+00,-3.232763030450367392e+00,-3.071980703688068637e+00,-2.860043901996902616e+00,-2.760718459475376196e+00,-2.618902548958927934e+00,-2.495875710372752021e+00,-2.442987190535194308e+00,-2.238413495591143221e+00,-2.146760708980405497e+00,-2.026226272090821290e+00,-1.965404512702857875e+00,-1.888200944838802631e+00,-1.780552175464246822e+00,-1.625554984526741187e+00,-1.537856952590778592e+00,-1.511821856083969129e+00,-1.344878484771198979e+00,-1.280991134516779484e+00,-1.201115158172984421e+00,-1.052227104144666026e+00,-8.427909714994240575e-01,-5.907978333411417760e-01,-4.009845919814786219e-01,-2.277223348275809467e-01,-7.678970301232573847e-02,-1.245087790475097288e-02,-1.772407558948903587e-03,1.090112310004798159e-03,1.846208767538774775e-02,1.069263043957453946e-01,2.573495545281076491e-01,5.045086654891840494e-01,5.838181421355668199e-01,8.489988648113001579e-01,8.995472460577913498e-01,1.144202128957823472e+00,1.264884922922519417e+00,1.351536968165008901e+00,1.472434850561555431e+00,1.539595847308148135e+00,1.654031574557675910e+00,1.732181330492527982e+00,1.820902622384999336e+00,1.952234693384138353e+00,2.015857411580535885e+00,2.151155282613061548e+00,2.182939896480371900e+00,2.318379969346725300e+00,2.438201851067844039e+00,2.630108573667107930e+00,2.805926310114448707e+00,2.881882653822915419e+00,3.091650555576200166e+00,3.167789482273467794e+00,3.437213975339585836e+00,3.500481204607402308e+00,3.641559391030107840e+00,3.765072608406677901e+00,3.893523051831653259e+00,4.006279980980867350e+00,4.055631946675427812e+00,4.266503245614576834e+00,4.329773098583034496e+00,4.424073985487594562e+00,4.568836320912335047e+00,4.640340854641140211e+00,4.778122272330458387e+00,5.019084216268732135e+00,5.057827467701829782e+00,5.095366714340865855e+00,5.401842692288512104e+00,5.657854283754025992e+00,5.816026298969843467e+00,5.957236844350471294e+00,6.204255319740927810e+00,6.384001909936015906e+00,6.625487220871534966e+00,6.846507504615741979e+00,7.318229479928068493e+00,7.854966282288241786e+00,8.034530008848646432e+00,8.421631349509564046e+00,6.485065778827453187e+01,7.119142690662140183e+01,7.230732894766860852e+01,7.887885937942000680e+01,8.274351453744046125e+01
1.687625215829118286e-01,-4.571272641785643742e+01,-3.878733055000284935e+01,-3.683036097213830118e+01,-3.429626025041370241e+01,-3.195834906775969486e+01,-8.001281414503512934e+00,-7.658200320144256779e+00,-7.453861515345564293e+00,-7.136009928702612193e+00,-6.470901853305131013e+00,-6.308429451782790132e+00,-6.172965467074118529e+00,-5.936725058399995092e+00,-5.775932960919758941e+00,-5.678857324694031483e+00,-5.366982312379165343e+00,-5.176607051009620264e+00,-5.076346558378091345e+00,-4.889963425490088333e+00,-4.781930328580603629e+00,-4.623697920750404755e+00,-4.478145915235164587e+00,-4.391705807093036817e+00,-4.177808232579192094e+00,-4.137525119941481755e+00,-4.065853275777152831e+00,-3.859987812173395927e+00,-3.749901809232169203e+00,-3.698142097143382490e+00,-3.611442415539799278e+00,-3.444240328810666885e+00,-3.411509395595379246e+00,-3.233716951468358136e+00,-3.110744823159124373e+00,-2.962133028911322796e+00,-2.762748052931005116e+00,-2.663094026192498465e+00,-2.524347374427983404e+00,-2.400248418848480725e+00,-2.354464174703402968e+00,-2.156958706322832597e+00,-2.071074098064793034e+00,-1.955476909979329214e+00,-1.894576567647022092e+00,-1.816433841220620016e+00,-1.716164963022754675e+00,-1.569695672474750614e+00,-1.481620177979398045e+00,-1.455733255160584383e+00,-1.296808452135074452e+00,-1.235679184674371989e+00,-1.158089882902328949e+00,-1.012484481085304866e+00,-8.100648011821484085e-01,-5.686473620311486288e-01,-3.900818316977540667e-01,-2.198741567861093871e-01,-7.647505387764096108e-02,-1.273595290596205368e-02,-1.671548931070231461e-03,1.051691858188015440e-03,1.794705588528304474e-02,1.040014891977592837e-01,2.464668667022949511e-01,4.893128520325203956e-01,5.551316200234461817e-01,8.254827248358709291e-01,8.638914157447908915e-01,1.107760198251266592e+00,1.221118653295586221e+00,1.304492995936628041e+00,1.420430053365584477e+00,1.480426031645697860e+00,1.597927472425817008e+00,1.668921657216549059e+00,1.757224824487030324e+00,1.883882342724074510e+00,1.945629701208365647e+00,2.075123747600813751e+00,2.106192882302956981e+00,2.240325810353558822e+00,2.351538884319638534e+00,2.536586563121503435e+00,2.702388158414232855e+00,2.780366352102266791e+00,2.981366125996482541e+00,3.054504535887887950e+00,3.311163758424024994e+00,3.374798016275331047e+00,3.510614557811596814e+00,3.630247987477305038e+00,3.753137139701598013e+00,3.859491427549253117e+00,3.912131679168781240e+00,4.113068533340073607e+00,4.174884045924368792e+00,4.262077936689391500e+00,4.403106870706922749e+00,4.479484348939971383e+00,4.610768135547430369e+00,4.841767860828567471e+00,4.875392928800290626e+00,4.915802102584028610e+00,5.207077412377748793e+00,5.453824730012123645e+00,5.607975208359821551e+00,5.744369038814714834e+00,5.981950965349247973e+00,6.156513102167626705e+00,6.385687718198683527e+00,6.599393974592530299e+00,7.056840553146788153e+00,7.571590130218730508e+00,7.747736549443890119e+00,8.113148318261185210e+00,6.483805243413682717e+01,7.118869773865408490e+01,7.230652737830502019e+01,7.887598043895934552e+01,8.274854016148275093e+01
1.699494661896900904e-01,-4.572461285283399235e+01,-3.877568772613869896e+01,-3.682599928844619086e+01,-3.426370739661570042e+01,-3.194821612921598941e+01,-7.668553061019482087e+00,-7.346872879186986616e+00,-7.149736812043811618e+00,-6.831319702259984972e+00,-6.207840427672320693e+00,-6.047485052240920922e+00,-5.915596068972420518e+00,-5.692644782602179099e+00,-5.531455606821464421e+00,-5.437484347483320768e+00,-5.147732063281223347e+00,-4.958045878344544910e+00,-4.860838212950300274e+00,-4.685859911327727723e+00,-4.586831858234398318e+00,-4.433162269368750685e+00,-4.295217023591853867e+00,-4.208625226586459434e+00,-4.005421589432881291e+00,-3.965635531184471763e+00,-3.898439326700226193e+00,-3.703955922818237934e+00,-3.599405743906699318e+00,-3.549554736042616732e+00,-3.461597580057748758e+00,-3.304517177683597762e+00,-3.265780307276503702e+00,-3.101397454586245495e+00,-2.975068908074889329e+00,-2.838719799817250422e+00,-2.652072605365247249e+00,-2.552951409151085205e+00,-2.418662945778196516e+00,-2.294074614060448880e+00,-2.254623137986227377e+00,-2.065447947044059429e+00,-1.985630968301375088e+00,-1.875457539503679438e+00,-1.815176435050396497e+00,-1.736351372811680616e+00,-1.643605543904304911e+00,-1.506539358310467147e+00,-1.418638794254001523e+00,-1.392903429812340388e+00,-1.242712957123178308e+00,-1.184836117153014179e+00,-1.109254493174488765e+00,-9.676379723508004016e-01,-7.738984620507418644e-01,-5.436389951645852481e-01,-3.775979402870540680e-01,-2.110401992740623955e-01,-7.564408034243565171e-02,-1.285478647982351078e-02,-1.565044300461887168e-03,1.012503584484991323e-03,1.731155719900192083e-02,1.003555755844816322e-01,2.344714279163840620e-01,4.717804556980275121e-01,5.242256366238355891e-01,7.942770711444101517e-01,8.283855879091364116e-01,1.065595084791392644e+00,1.171723592480384823e+00,1.251214314818586359e+00,1.361805015695036980e+00,1.415217302509652386e+00,1.533743121683474264e+00,1.598479684542618795e+00,1.685345248282254182e+00,1.806627232456277099e+00,1.866381254557788472e+00,1.989208143307438448e+00,2.019882145382188021e+00,2.151957104615809691e+00,2.253998412200133306e+00,2.431225415089656838e+00,2.586553719352624015e+00,2.665812424754141041e+00,2.857123962316110877e+00,2.927198765839607031e+00,3.169731075225969530e+00,3.233687911016001948e+00,3.363272337180333249e+00,3.478579651735745681e+00,3.595326961005573363e+00,3.694961382437741637e+00,3.750325423317365736e+00,3.940508022241711039e+00,4.000469593673418700e+00,4.080235951318883281e+00,4.216948866618382752e+00,4.297328900936918217e+00,4.422408763308912860e+00,4.641453347407347607e+00,4.670767246284150964e+00,4.713866358761095832e+00,4.988139851675974512e+00,5.224425369199292568e+00,5.374072960656813613e+00,5.505059582995657230e+00,5.731883713346982212e+00,5.900557982180446359e+00,6.116280265742677358e+00,6.321518222149544286e+00,6.762938646986909497e+00,7.252975979411372620e+00,7.424944505064390299e+00,7.767258937089773774e+00,6.482544518619884855e+01,7.118596093332720898e+01,7.230572686959519046e+01,7.887310634058573555e+01,8.275356035874237648e+01
1.711364107964683523e-01,-4.573617412783674752e+01,-3.876432511016744087e+01,-3.682172747590763606e+01,-3.423194010318221814e+01,-3.193831809374911757e+01,-7.296135598484090323e+00,-6.996741287440289447e+00,-6.807894891129441461e+00,-6.491859392523539718e+00,-5.912221773742918352e+00,-5.755177907619984268e+00,-5.627343377646160327e+00,-5.418575790504323919e+00,-5.258935873131849625e+00,-5.167746684580119876e+00,-4.901490744455228032e+00,-4.714594860754262484e+00,-4.619181776473868517e+00,-4.457313652994928432e+00,-4.367522243346846800e+00,-4.219653050211316092e+00,-4.089528919031302223e+00,-4.003346273554766022e+00,-3.812257894639057287e+00,-3.773351665350352047e+00,-3.710633912752977714e+00,-3.528498636801116639e+00,-3.429949928914652446e+00,-3.381413223882621555e+00,-3.293808863909800433e+00,-3.147644540093583743e+00,-3.103249198763954997e+00,-2.952831481718053208e+00,-2.824752165686295058e+00,-2.700699423715663183e+00,-2.526877063968886894e+00,-2.429373946441756527e+00,-2.300870359983540947e+00,-2.176800106489070075e+00,-2.142591321927478809e+00,-1.963149732232953637e+00,-1.889667263239850126e+00,-1.785431468063786609e+00,-1.726487383332509395e+00,-1.647503844135046247e+00,-1.562268054574816656e+00,-1.435454093150255073e+00,-1.348397071269041847e+00,-1.322899207575638059e+00,-1.182177501125083685e+00,-1.127912474825010891e+00,-1.054274362323268877e+00,-9.173851065469739163e-01,-7.340910386120319542e-01,-5.155981508834993621e-01,-3.632977449143672821e-01,-2.011396980804020518e-01,-7.421472013524563205e-02,-1.280085440599557263e-02,-1.452727021542278389e-03,9.711924368772192505e-04,1.654673087666622133e-02,9.593039595864286118e-02,2.213355387760657933e-01,4.515072687068935609e-01,4.912478025006014049e-01,7.547842220845230043e-01,7.929160902804648359e-01,1.017255195004110435e+00,1.116202325056904421e+00,1.191161667538363167e+00,1.296053363616666010e+00,1.343501234102821851e+00,1.460839279613075137e+00,1.520331217602600260e+00,1.604612255627068995e+00,1.719765740367086071e+00,1.777331240526034195e+00,1.892686216133443233e+00,1.923194601295092676e+00,2.052305545774302686e+00,2.144732533015973885e+00,2.313092990058218223e+00,2.457552402827515525e+00,2.537196499448073350e+00,2.717843874769172441e+00,2.784798294754317727e+00,3.011852503234195844e+00,3.075957357726611718e+00,3.198301784197006281e+00,3.308775510178329604e+00,3.418797582547456582e+00,3.511402870445190505e+00,3.568752419273228060e+00,3.747360053796611190e+00,3.805048931357704500e+00,3.877158767351776447e+00,4.009023442563791839e+00,4.092036171800718769e+00,4.211154976780951742e+00,4.416213464376101960e+00,4.442404723738461847e+00,4.487767575424675748e+00,4.743226006842893305e+00,4.967756233086141116e+00,5.112369564384483311e+00,5.237242254978043299e+00,5.451930152886260927e+00,5.613915392590490328e+00,5.815084917865494418e+00,6.010587974928044197e+00,6.434016369688668746e+00,6.896508652238467540e+00,7.063337829295081249e+00,7.381336567790770076e+00,6.481314651076939981e+01,7.118328417886809234e+01,7.230494708888912214e+01,7.887030766247674762e+01,8.275845173480676920e+01
1.723233554032466142e-01,-4.574712933554306460e+01,-3.875352364799321947e+01,-3.681765282052678856e+01,-3.420174151873523982e+01,-3.192889978918028149e+01,-6.880038749636796958e+00,-6.603702376600657509e+00,-6.424454232427509126e+00,-6.114256263697003035e+00,-5.580578190940481242e+00,-5.428287963798159588e+00,-5.305135909533053251e+00,-5.111489874784490794e+00,-4.955483724797328016e+00,-4.867086514110630091e+00,-4.625431915738097643e+00,-4.443715293711705705e+00,-4.349063534522800367e+00,-4.201896747240742691e+00,-4.121500305322933322e+00,-3.980715578345348948e+00,-3.858678934933999827e+00,-3.773788753663378515e+00,-3.596148257700449768e+00,-3.558614338749099382e+00,-3.500340737873909980e+00,-3.331461107202783989e+00,-3.239444720964676172e+00,-3.191864045303005160e+00,-3.106228337635910997e+00,-2.971574261652686566e+00,-2.922470886635374576e+00,-2.786372972122177050e+00,-2.658343197732304652e+00,-2.546594468902028119e+00,-2.385677127061408775e+00,-2.291067867045848416e+00,-2.169606605981687864e+00,-2.047482135646004675e+00,-2.017218661611986708e+00,-1.849042906502232908e+00,-1.782142334403073791e+00,-1.684393059597422138e+00,-1.627523728275470649e+00,-1.549183522634043353e+00,-1.471331884059143169e+00,-1.355579979049097439e+00,-1.270170029999933003e+00,-1.245086134673153655e+00,-1.114606145531156001e+00,-1.064164715588401755e+00,-9.926966436646629255e-01,-8.613259059113861360e-01,-6.903110738108813038e-01,-4.842968931780458064e-01,-3.468577691378610939e-01,-1.900576274357318463e-01,-7.209390801741615007e-02,-1.256614149353286504e-02,-1.334565670980462828e-03,9.263565820176858151e-04,1.564365809389793582e-02,9.066974810246886118e-02,2.070013184195783340e-01,4.278375292262672214e-01,4.564574636000537922e-01,7.086390913346041209e-01,7.548579929569214642e-01,9.621602443840638896e-01,1.053877421623093724e+00,1.123630291716490870e+00,1.222478448438665488e+00,1.264548205452570295e+00,1.378397034324972736e+00,1.433658232075039507e+00,1.514126437362383948e+00,1.622340575500542004e+00,1.677418865298676343e+00,1.784569164298632105e+00,1.814994471037258528e+00,1.940065376856484392e+00,2.022560789123199143e+00,2.180906901937913922e+00,2.314130119175161759e+00,2.393106631718414423e+00,2.562042470043637277e+00,2.625787548298624596e+00,2.836015035784918314e+00,2.899922471166407778e+00,3.013993439896040183e+00,3.119036516712226259e+00,3.221735388859918725e+00,3.306986752864678802e+00,3.365406916771735091e+00,3.531599121481795223e+00,3.586571595439285165e+00,3.650892740536682002e+00,3.777330533888864306e+00,3.861238443676105803e+00,3.974400050548124064e+00,4.163533975464647874e+00,4.187988523518174411e+00,4.234982853556134685e+00,4.469812682892217559e+00,4.681168188560314469e+00,4.820116110177038671e+00,4.938026615016453569e+00,5.139132820024175707e+00,5.293490598335992559e+00,5.479038476028187610e+00,5.663410721289142913e+00,6.066558225571062835e+00,6.498533854994144043e+00,6.659016653469307379e+00,6.951627714717452555e+00,6.480145941581359637e+01,7.118073421272188739e+01,7.230420712033441077e+01,7.886765279155800101e+01,8.276309444073716293e+01
1.735103000100248760e-01,-4.575721442086268098e+01,-3.874355069679783981e+01,-3.681387876290089167e+01,-3.417385748445902038e+01,-3.192019529587487270e+01,-6.414508098613451281e+00,-6.161993960518829638e+00,-5.993907510369824720e+00,-5.693573569816952507e+00,-5.208016680159015976e+00,-5.062198490429430819e+00,-4.944575688091704002e+00,-4.767071868746384666e+00,-4.616926584490658847e+00,-4.531742833800997516e+00,-4.315552632287459112e+00,-4.141625911643016522e+00,-4.047234773973393374e+00,-3.916127774132143191e+00,-3.845229712077272488e+00,-3.712860375636638288e+00,-3.599336504736647235e+00,-3.516923774953411908e+00,-3.354021490032125019e+00,-3.318405233644845964e+00,-3.264588527116788708e+00,-3.109835722333470720e+00,-3.024950330038924218e+00,-2.978311736723791903e+00,-2.896216598807413778e+00,-2.773605921328121671e+00,-2.721155134035753154e+00,-2.599649573231648692e+00,-2.473693912579090437e+00,-2.374260670600035539e+00,-2.226433163510570523e+00,-2.136153900709980569e+00,-2.022941249589571555e+00,-1.904561870776186883e+00,-1.876947249764362669e+00,-1.721656745478846506e+00,-1.661579645848366926e+00,-1.570918850022908764e+00,-1.516892642059909813e+00,-1.440277058167158009e+00,-1.369639762291314566e+00,-1.265707699748189086e+00,-1.182916466153605128e+00,-1.158516147624138792e+00,-1.039109651156496783e+00,-9.925857296983927602e-01,-9.238440578102592449e-01,-7.988960317723885485e-01,-6.420329228352655848e-01,-4.494155210969918435e-01,-3.278272832694333339e-01,-1.776257911870151307e-01,-6.916757817783766860e-02,-1.213935213392262034e-02,-1.210473466912220146e-03,8.763501077329131092e-04,1.459190292735971367e-02,8.451266652276451241e-02,1.913620028763099168e-01,3.995944943858892873e-01,4.204216475054075031e-01,6.570476616310918505e-01,7.116012219803402594e-01,8.995050948720463291e-01,9.837999596817647019e-01,1.047661065468935115e+00,1.140078199041786533e+00,1.177256268578820597e+00,1.285311717692959155e+00,1.337202482628689015e+00,1.412603228231751995e+00,1.512994291695374471e+00,1.565159963082114691e+00,1.663430817535852757e+00,1.693668485103587473e+00,1.813420433669468812e+00,1.885789173249770911e+00,2.032844529558596403e+00,2.154444719616440018e+00,2.231529893287338417e+00,2.387610037200853519e+00,2.447972338947485671e+00,2.640004247428791917e+00,2.703152407978385519e+00,2.807894873701015648e+00,2.906781939800106684e+00,3.001522487655806870e+00,3.079053711783621416e+00,3.137445794417327516e+00,3.290330485406084637e+00,3.342100367338243672e+00,3.398599051160192452e+00,3.518866364817694325e+00,3.601682187726939599e+00,3.708502103622830948e+00,3.880035253992344835e+00,3.903972316515878394e+00,3.951861296622261932e+00,4.164263644256330110e+00,4.360853385269963134e+00,4.493326037741647738e+00,4.603262571878646625e+00,4.789247142643715982e+00,4.934845631078056627e+00,5.103711149584500006e+00,5.275398840433433989e+00,5.655497914172208596e+00,6.053785227179413475e+00,6.206416463238300985e+00,6.472634080613835827e+00,6.479067197616683416e+01,7.117837509555434394e+01,7.230352500684263362e+01,7.886520629234618696e+01,8.276737506422692547e+01
1.746972446168031379e-01,-4.576618811609222348e+01,-3.873465328701477262e+01,-3.681050204453782015e+01,-3.414897797118352685e+01,-3.191242201030649994e+01,-5.890913766851981315e+00,-5.663141746849077229e+00,-5.508085071206792804e+00,-5.222342511925115893e+00,-4.787323205941798498e+00,-4.650025129765765541e+00,-4.539092815529987668e+00,-4.378898921684181822e+00,-4.237040934493006006e+00,-4.155956164278191700e+00,-3.965930281925566181e+00,-3.802618446593585944e+00,-3.708799228621501687e+00,-3.594803204917758066e+00,-3.533474534150478519e+00,-3.410940358507877246e+00,-3.306627890685716498e+00,-3.228162973083372300e+00,-3.081322203033375118e+00,-3.048176615688368063e+00,-2.998966378307742708e+00,-2.859238044891538433e+00,-2.782178502619249816e+00,-2.736870819922333720e+00,-2.659847995131340515e+00,-2.549860256036671213e+00,-2.495755427435415008e+00,-2.389111019763533239e+00,-2.267545394920776225e+00,-2.180476679656812244e+00,-2.046164888634556256e+00,-1.961796150907515690e+00,-1.858037807296668786e+00,-1.745510671941647329e+00,-1.719525667644440592e+00,-1.578780281501135141e+00,-1.525779213969979731e+00,-1.442899845717738661e+00,-1.392538207916551141e+00,-1.319012037544667892e+00,-1.255472147538705840e+00,-1.164059556857045319e+00,-1.085080818319735352e+00,-1.061729763219381395e+00,-9.543128071778257393e-01,-9.117589525075482371e-01,-8.466402897966317509e-01,-7.292424156621688525e-01,-5.884238524588345509e-01,-4.104708022432946302e-01,-3.055606048735369784e-01,-1.635895032975350771e-01,-6.528531893248859519e-02,-1.150324227783091138e-02,-1.080066848113614680e-03,8.190227146261263745e-04,1.337703544460669761e-02,7.738079571753790631e-02,1.742290857186225561e-01,3.651253420984874598e-01,3.838343376259475970e-01,5.999783409190048156e-01,6.611176000082964466e-01,8.280935630720202001e-01,9.045823444249627698e-01,9.618702531665372923e-01,1.047337694019622845e+00,1.079957152408396404e+00,1.179978750037803614e+00,1.229027732229174941e+00,1.298126606443698705e+00,1.389706957960598066e+00,1.438383998144038056e+00,1.527110818126852232e+00,1.556839760507085835e+00,1.669729425359132824e+00,1.731884416526532577e+00,1.866198677375908277e+00,1.975697946088626145e+00,2.049469389991029900e+00,2.191404855244412531e+00,2.248056102017600644e+00,2.420453428127830264e+00,2.482006120038525943e+00,2.576333649255808655e+00,2.668153691859731502e+00,2.754222888330559282e+00,2.823595433865315751e+00,2.880659356820352901e+00,3.019234320318596954e+00,3.067240325415953706e+00,3.115971610359110411e+00,3.229018563335768643e+00,3.308586284419862356e+00,3.408192916549822815e+00,3.560805953642736110e+00,3.584918789494085267e+00,3.632919358341312854e+00,3.821119251363914948e+00,4.001104996348676224e+00,4.125992444086092448e+00,4.226754313485857395e+00,4.395924345157335544e+00,4.531353399375914748e+00,4.682436201072016857e+00,4.839675351956052474e+00,5.193243199865293036e+00,5.554352474451611954e+00,5.697257265931045644e+00,5.936004098328831802e+00,6.478105021245666251e+01,7.117626650850031922e+01,7.230291732342422506e+01,7.886302739677400098e+01,8.277118933256386413e+01
1.758841892235813997e-01,-4.577383719344769020e+01,-3.872705190560692046e+01,-3.680760996019091635e+01,-3.412771973006984894e+01,-3.190577500000934208e+01,-5.295562842926141656e+00,-5.093871176860607974e+00,-4.954111744862684574e+00,-4.688649291951596965e+00,-4.307189565023725741e+00,-4.180896909279597118e+00,-4.078274660015560826e+00,-3.936821851985454757e+00,-3.806010795996271678e+00,-3.730426892594296273e+00,-3.567253664413262193e+00,-3.417693463221743500e+00,-3.325819863496273676e+00,-3.229676488863220563e+00,-3.177987932527532422e+00,-3.066912049031473408e+00,-2.972911556540367428e+00,-2.900164138979246076e+00,-2.770860145818768938e+00,-2.740734209194440218e+00,-2.696505573106884768e+00,-2.572860604834641851e+00,-2.504478514154044877e+00,-2.461322196051094924e+00,-2.390931212811632900e+00,-2.294310775312452311e+00,-2.240579312482287477e+00,-2.149140619016259190e+00,-2.034704955929654169e+00,-1.960139192033628408e+00,-1.840189904050203218e+00,-1.763473145567885592e+00,-1.670475871643251953e+00,-1.566217134893814089e+00,-1.541362824434794998e+00,-1.416885973746947913e+00,-1.371251331160734388e+00,-1.297012411963146983e+00,-1.251230780774843288e+00,-1.182470519383164165e+00,-1.126093982834199370e+00,-1.047856726147960549e+00,-9.741969708260975747e-01,-9.523686386497115519e-01,-8.579896626821447159e-01,-8.195410231359248066e-01,-7.592883750632327677e-01,-6.509727764437469588e-01,-5.281234167733582785e-01,-3.666720660404146348e-01,-2.790866456244124882e-01,-1.475431585348525310e-01,-6.023244187283658541e-02,-1.062969860576689490e-02,-9.422757499889163621e-04,7.512974420163569473e-04,1.197592522181730769e-02,6.915267041978907792e-02,1.552689944098331332e-01,3.240454853493776044e-01,3.455029592343139000e-01,5.364108951974172479e-01,6.012358304488080174e-01,7.460197445738732114e-01,8.140651352315623202e-01,8.641008479237742845e-01,9.418281516808867382e-01,9.700314305290340666e-01,1.059850417787114418e+00,1.106072778383300648e+00,1.167664222680313779e+00,1.249280946656400104e+00,1.293708137178811279e+00,1.372143658861088467e+00,1.400793184448674733e+00,1.504900624519935670e+00,1.556831792714313156e+00,1.676694729681607487e+00,1.773410027795454091e+00,1.842189347188847970e+00,1.968448678868567558e+00,2.020806413473061447e+00,2.171957067059148372e+00,2.230716199713932646e+00,2.313474907026978222e+00,2.397036531827471340e+00,2.473569737103042510e+00,2.534228601930116120e+00,2.588421710245041307e+00,2.711461167834492425e+00,2.755013039018668231e+00,2.796088062763354198e+00,2.900379584947073930e+00,2.974396999493552407e+00,3.065364803942597138e+00,3.197990594262030140e+00,3.222286601585198529e+00,3.269469192046346784e+00,3.431693372359921668e+00,3.592852912576543822e+00,3.708553358292025592e+00,3.798704808939922906e+00,3.949097028723081326e+00,4.072527361338611485e+00,4.204592261002511044e+00,4.345305307866374811e+00,4.667753798487129124e+00,4.987645143226435707e+00,5.118461246155695754e+00,5.328351308643888729e+00,6.477283150144572232e+01,7.117446212803235994e+01,7.230239879062492037e+01,7.886116864427046380e+01,8.277444456979073095e+01
1.770711338303596616e-01,-4.577998097225588481e+01,-3.872093496420895065e+01,-3.680527781726308945e+01,-3.411061062914163955e+01,-3.190042181337000216e+01,-4.604795280210576713e+00,-4.431404768496914670e+00,-4.309820063873081253e+00,-4.071834861108939663e+00,-3.748224331939728149e+00,-3.636093223787959072e+00,-3.544112004709113251e+00,-3.423330246329802318e+00,-3.306938102327158902e+00,-3.238883089430577567e+00,-3.103521334347115523e+00,-2.971440131206459334e+00,-2.884249199587531010e+00,-2.806489309466626114e+00,-2.764568539731232732e+00,-2.667031272299234868e+00,-2.585028720373881317e+00,-2.520156995866232652e+00,-2.410231239558025873e+00,-2.383721762913733944e+00,-2.345174860002738448e+00,-2.239105161865837967e+00,-2.180520693426101442e+00,-2.140818030242856107e+00,-2.078805597976607356e+00,-1.996646412576009055e+00,-1.945745597635363033e+00,-1.870061435732494504e+00,-1.766188890807833145e+00,-1.704456612753979750e+00,-1.600417904455044393e+00,-1.533344651011517401e+00,-1.452716562529783761e+00,-1.359620355834020300e+00,-1.336066253360782996e+00,-1.229833691071009261e+00,-1.191948572332890643e+00,-1.127527470154303657e+00,-1.087416273422986857e+00,-1.025509476655760865e+00,-9.767288849239955661e-01,-9.123463849507522649e-01,-8.459944228543656575e-01,-8.263062695683776049e-01,-7.462646594445911941e-01,-7.123172066143050873e-01,-6.585719085010506291e-01,-5.615875196799551272e-01,-4.587510737229578694e-01,-3.165965186064273462e-01,-2.468203232975078598e-01,-1.287878034669714677e-01,-5.366879678181781660e-02,-9.468900826640260296e-03,-7.945521942982301930e-04,6.683159960990475929e-04,1.034635762859317971e-02,5.960493993027407567e-02,1.338634101933975917e-01,2.769368048448675457e-01,3.020470750672594740e-01,4.641260707710620492e-01,5.287811359505100173e-01,6.499641472702293310e-01,7.085651218596416001e-01,7.506283426554258842e-01,8.193240776109188550e-01,8.430290859344584664e-01,9.204439136473920868e-01,9.631445489956890205e-01,1.015980385454611001e+00,1.086186959407698049e+00,1.125347321002651446e+00,1.192490725264352402e+00,1.219176556528125177e+00,1.311983083342052714e+00,1.353694216742755696e+00,1.456952478673056994e+00,1.539792193965402456e+00,1.601519747206924693e+00,1.710117274101013329e+00,1.757185362842851095e+00,1.885083411289690591e+00,1.939329205978687964e+00,2.009203272749362501e+00,2.082855237260169634e+00,2.148692921405937373e+00,2.199885251221888272e+00,2.249323952978798502e+00,2.355143512706677544e+00,2.393329209890169729e+00,2.426837576472754776e+00,2.520082871224949006e+00,2.586027726944641447e+00,2.666277914260082316e+00,2.777761529000260410e+00,2.801554291761338522e+00,2.846563871781623067e+00,2.980921321639914634e+00,3.120371366182301376e+00,3.224457006239151102e+00,3.302216184000847932e+00,3.431350713946115683e+00,3.540268225359394894e+00,3.651745537324852187e+00,3.773319073023032377e+00,4.058227485299019222e+00,4.331819546733288284e+00,4.447462535160062735e+00,4.626363026551651103e+00,6.476621868399419668e+01,7.117300813363493717e+01,7.230198193548511654e+01,7.885967469598853086e+01,8.277706185829417507e+01
1.782580784371379234e-01,-4.578447503949256259e+01,-3.871645409069513022e+01,-3.680356669972286454e+01,-3.409807612521170483e+01,-3.189649791479023833e+01,-3.771566394153831769e+00,-3.630565597023220015e+00,-3.531189851747070563e+00,-3.330709524729522641e+00,-3.072019596351214243e+00,-2.978458420473070412e+00,-2.900717155863193675e+00,-2.803596562106501100e+00,-2.706258959986491242e+00,-2.648706097652068436e+00,-2.542996132202600013e+00,-2.433413593634223382e+00,-2.355605939565868390e+00,-2.296836458700018291e+00,-2.265002462680742568e+00,-2.184131808055422397e+00,-2.116785534167291427e+00,-2.062625522159418523e+00,-1.974772206850324618e+00,-1.952702459433714788e+00,-1.921041180866118081e+00,-1.835070314225101029e+00,-1.787922950414105872e+00,-1.753640255290044747e+00,-1.702299906195574364e+00,-1.636440874825360270e+00,-1.591558878650144893e+00,-1.532676504679754803e+00,-1.444122133561378307e+00,-1.395995966586257353e+00,-1.310691158554466051e+00,-1.255784428715385426e+00,-1.189883145957212562e+00,-1.111833960085587103e+00,-1.090563452450033166e+00,-1.005321084831295897e+00,-9.758000205876631306e-01,-9.230436582374728083e-01,-8.900618449381877406e-01,-8.378105475547991121e-01,-7.977462828141997919e-01,-7.481358888685306630e-01,-6.919480514526206161e-01,-6.752654678634245622e-01,-6.114417117429267190e-01,-5.829372567849419040e-01,-5.379598195290979934e-01,-4.559171562596292526e-01,-3.755627529341348247e-01,-2.572994438630602509e-01,-2.057798800311889109e-01,-1.059450410978043378e-01,-4.496117973557567371e-02,-7.919785187688460626e-03,-6.307958218859225676e-04,5.612055068305746384e-04,8.398692303915966315e-03,4.825032834842006568e-02,1.087303694134689885e-01,2.224762294300877685e-01,2.491214045010954892e-01,3.784811538473695225e-01,4.378633125641486767e-01,5.332813401551229626e-01,5.808116841154868926e-01,6.139824356867155108e-01,6.714075577750426849e-01,6.902309738870605615e-01,7.526632714862289131e-01,7.901193080018366066e-01,8.326634252589305563e-01,8.894067082611152308e-01,9.218447077021433289e-01,9.760784471380357097e-01,9.994387439073016965e-01,1.077305596104668473e+00,1.108668796767373843e+00,1.192266802248534763e+00,1.259291004951609283e+00,1.311210705142723976e+00,1.399184541418479810e+00,1.439230463764414436e+00,1.540933702738115141e+00,1.588062973690375967e+00,1.643317817394736702e+00,1.704537604729583489e+00,1.757897322603450885e+00,1.798474592657220095e+00,1.840673755000689971e+00,1.926575360088104372e+00,1.958064274415000527e+00,1.983897318707142254e+00,2.062497873044053520e+00,2.117339956975256232e+00,2.183832570937840778e+00,2.272254667945358353e+00,2.294105021753580775e+00,2.334656819070999312e+00,2.438725863149588502e+00,2.552256441318095259e+00,2.640768524854272936e+00,2.703696485784456538e+00,2.807981027579968814e+00,2.898580279144552740e+00,2.987082370665054665e+00,3.085812795300954203e+00,3.323289395121946210e+00,3.543250897473851690e+00,3.639338388967379601e+00,3.783413671993226757e+00,6.476137502083280140e+01,7.117194190145546884e+01,7.230167680614536607e+01,7.885858134202166525e+01,8.277897786307948991e+01
1.794450230439161853e-01,-4.578721415864092847e+01,-3.871372035580662896e+01,-3.680252162529715321e+01,-3.409042827638455009e+01,-3.189410291404982800e+01,-2.672743365619222544e+00,-2.573072236663092927e+00,-2.502992278160400375e+00,-2.357212213682705837e+00,-2.178178884905560775e+00,-2.110793561990511158e+00,-2.053910997286914508e+00,-1.986346927005435026e+00,-1.916050151122439926e+00,-1.874098215709998794e+00,-1.802656242996358404e+00,-1.724168493823748483e+00,-1.664346306055043634e+00,-1.626180615319053002e+00,-1.605407040054529499e+00,-1.547200259652802501e+00,-1.499430359340851338e+00,-1.460555625660992174e+00,-1.399921341262219121e+00,-1.383901900826012055e+00,-1.361427298525674123e+00,-1.300915379574077102e+00,-1.268203524701494000e+00,-1.242706568903507947e+00,-1.205980522078463180e+00,-1.160260948170589002e+00,-1.126368718708605554e+00,-1.086816027966565734e+00,-1.021667912000511214e+00,-9.891973409538517004e-01,-9.284972288292289155e-01,-8.898354710429019487e-01,-8.431539634518162574e-01,-7.867038958739868137e-01,-7.700309305126866732e-01,-7.109312473011855094e-01,-6.911022735308484100e-01,-6.536349644306208573e-01,-6.302556188421124528e-01,-5.922690677006491322e-01,-5.636131553625745028e-01,-5.307155079183785151e-01,-4.896490205158007814e-01,-4.774481318358923532e-01,-4.334672874159675726e-01,-4.125997963501873422e-01,-3.801617809427979555e-01,-3.199593789074175465e-01,-2.661839265883539918e-01,-1.808132640000672808e-01,-1.485365787629818191e-01,-7.544899047355842214e-02,-3.252256847077632240e-02,-5.714281811360970471e-03,-4.332873987797668854e-04,4.084941480136862913e-04,5.883885854966718239e-03,3.369813603465224294e-02,7.643854905887355333e-02,1.544988374952970533e-01,1.778721445996310491e-01,2.672136338965570013e-01,3.135344365963103619e-01,3.785096074023858725e-01,4.118295862996910195e-01,4.344024416601879324e-01,4.760713275573453807e-01,4.890198480378033508e-01,5.323415048765269830e-01,5.608663058347462815e-01,5.904585854316791727e-01,6.300269014494381814e-01,6.532086293455424686e-01,6.911968586522236890e-01,7.088340071338484760e-01,7.653131166044331302e-01,7.855968601617483449e-01,8.440134480660090865e-01,8.910745266474935367e-01,9.286633711906544519e-01,9.903481388327168844e-01,1.019940388920520524e+00,1.089752652352492746e+00,1.125132127060672893e+00,1.162701098780836384e+00,1.206778837300380047e+00,1.244205669328405151e+00,1.271935650313164246e+00,1.302904807303829182e+00,1.363408240767556512e+00,1.385825945241476509e+00,1.403165758147456366e+00,1.460491390710293658e+00,1.499628236358532263e+00,1.547119958440952292e+00,1.607985095013236831e+00,1.625206352758983730e+00,1.656845132704713119e+00,1.726078810549052989e+00,1.805949235995027546e+00,1.871273839917146020e+00,1.915145641076270167e+00,1.987901062319657353e+00,2.053145820368599050e+00,2.113864940207746290e+00,2.183084094140240961e+00,2.354586072596299040e+00,2.507274888797966117e+00,2.576180472365625640e+00,2.676955055820305240e+00,6.475842012601157194e+01,7.117129093223174152e+01,7.230149074498476125e+01,7.885791471591001311e+01,8.278014628498803518e+01
1.806319676506944472e-01,-4.578813435323755243e+01,-3.871280151949830639e+01,-3.680217017114561173e+01,-3.408785763487676945e+01,-3.189329774431584852e+01,-1.609032654837253788e-06,-1.491252428951119779e-06,-1.479783740298730621e-06,-1.387858159548736140e-06,-1.296767232964749088e-06,-1.176363696396476317e-06,-1.036726042484653812e-06,-9.551640440089969622e-07,-8.676873415859802506e-07,-8.116076328523385887e-07,-7.532434874344145420e-07,-6.930284261937027373e-07,-6.396165074617849335e-07,-5.937586570372990856e-07,-5.544631792268530992e-07,-4.735953623631429459e-07,-4.387525173671836008e-07,-4.314283919095995447e-07,-3.984494773418184847e-07,-3.696516569042259914e-07,-3.582155487971323151e-07,-3.366621793168442824e-07,-3.247683422123899480e-07,-2.956759130691359497e-07,-2.731155726940395579e-07,-2.643847781227740476e-07,-2.531666840337097656e-07,-2.260491693668515236e-07,-2.177117382671002860e-07,-2.014690308804287749e-07,-1.946939087586386998e-07,-1.884086519811472020e-07,-1.787463787618399874e-07,-1.694423296570471284e-07,-1.643103225993611193e-07,-1.528431809430998560e-07,-1.497891011656978172e-07,-1.392801431595442438e-07,-1.322649681173572783e-07,-1.265689038858665414e-07,-1.219940019017461975e-07,-1.164329864455554337e-07,-1.070671005950055140e-07,-1.032480979137427942e-07,-8.313066826217127386e-08,-7.854754847785221891e-08,-7.561718549405415229e-08,-7.165647881066283817e-08,-6.677713129621577459e-08,-5.906755457460040373e-08,-5.704971352700798068e-08,-4.952964031358174016e-08,-3.871358053148360458e-08,-3.563130885387032506e-08,-2.309097952799982536e-08,-6.907485802137393760e-09,2.494727137963393863e-08,3.426810553837243720e-08,4.415211598332672006e-08,5.554107621848157928e-08,5.916996013716983923e-08,6.239045228620773778e-08,7.003479070312514385e-08,7.367346824423300783e-08,7.969402319825457570e-08,9.156117818633618960e-08,1.014060916418753081e-07,1.048196712218644046e-07,1.118761166688893578e-07,1.183933309190806162e-07,1.237890394092980794e-07,1.310434533227216636e-07,1.384331325068552598e-07,1.473229971794909046e-07,1.499648660547523918e-07,1.606841957633467843e-07,1.707348078720314186e-07,1.829882218374703206e-07,1.863536038741157320e-07,1.921670041785928114e-07,2.072468334704628835e-07,2.226783969514230192e-07,2.303852742974576912e-07,2.488916794004205882e-07,2.536765045363092368e-07,2.719305622744667867e-07,2.899415835449154981e-07,2.958056892240545930e-07,3.278292245758174268e-07,3.413142350991678517e-07,3.595123089753530148e-07,3.931378904397662789e-07,4.076684106326710367e-07,4.215166050901715260e-07,4.534039332370157500e-07,4.768919737961461072e-07,5.368407920258834699e-07,5.951232718487368120e-07,7.006331374259543852e-07,7.515550739139573469e-07,7.863571923859152385e-07,9.624961974508010640e-07,1.039108798048803788e-06,1.105405558944995567e-06,1.156907513372440313e-06,1.272208308290721333e-06,1.350217700455472960e-06,1.487907257444960744e-06,1.544619733731195588e-06,1.711818757695681741e-06,6.475742698364831540e+01,7.117107205424906624e+01,7.230142822399498925e+01,7.885769072676318103e+01,8.278053891695073219e+01
1.806319676506944472e-01,-4.578813435323755243e+01,-3.871280151949830639e+01,-3.680217017114561173e+01,-3.408785763487676945e+01,-3.189329774431584852e+01,-1.609032654837253788e-06,-1.491252428951119779e-06,-1.479783740298730621e-06,-1.387858159548736140e-06,-1.296767232964749088e-06,-1.176363696396476317e-06,-1.036726042484653812e-06,-9.551640440089969622e-07,-8.676873415859802506e-07,-8.116076328523385887e-07,-7.532434874344145420e-07,-6.930284261937027373e-07,-6.396165074617849335e-07,-5.937586570372990856e-07,-5.544631792268530992e-07,-4.735953623631429459e-07,-4.387525173671836008e-07,-4.314283919095995447e-07,-3.984494773418184847e-07,-3.696516569042259914e-07,-3.582155487971323151e-07,-3.366621793168442824e-07,-3.247683422123899480e-07,-2.956759130691359497e-07,-2.731155726940395579e-07,-2.643847781227740476e-07,-2.531666840337097656e-07,-2.260491693668515236e-07,-2.177117382671002860e-07,-2.014690308804287749e-07,-1.946939087586386998e-07,-1.884086519811472020e-07,-1.787463787618399874e-07,-1.694423296570471284e-07,-1.643103225993611193e-07,-1.528431809430998560e-07,-1.497891011656978172e-07,-1.392801431595442438e-07,-1.322649681173572783e-07,-1.265689038858665414e-07,-1.219940019017461975e-07,-1.164329864455554337e-07,-1.070671005950055140e-07,-1.032480979137427942e-07,-8.313066826217127386e-08,-7.854754847785221891e-08,-7.561718549405415229e-08,-7.165647881066283817e-08,-6.677713129621577459e-08,-5.906755457460040373e-08,-5.704971352700798068e-08,-4.952964031358174016e-08,-3.871358053148360458e-08,-3.563130885387032506e-08,-2.309097952799982536e-08,-6.907485802137393760e-09,2.494727137963393863e-08,3.426810553837243720e-08,4.415211598332672006e-08,5.554107621848157928e-08,5.916996013716983923e-08,6.239045228620773778e-08,7.003479070312514385e-08,7.367346824423300783e-08,7.969402319825457570e-08,9.156117818633618960e-08,1.014060916418753081e-07,1.048196712218644046e-07,1.118761166688893578e-07,1.183933309190806162e-07,1.237890394092980794e-07,1.310434533227216636e-07,1.384331325068552598e-07,1.473229971794909046e-07,1.499648660547523918e-07,1.606841957633467843e-07,1.707348078720314186e-07,1.829882218374703206e-07,1.863536038741157320e-07,1.921670041785928114e-07,2.072468334704628835e-07,2.226783969514230192e-07,2.303852742974576912e-07,2.488916794004205882e-07,2.536765045363092368e-07,2.719305622744667867e-07,2.899415835449154981e-07,2.958056892240545930e-07,3.278292245758174268e-07,3.413142350991678517e-07,3.595123089753530148e-07,3.931378904397662789e-07,4.076684106326710367e-07,4.215166050901715260e-07,4.534039332370157500e-07,4.768919737961461072e-07,5.368407920258834699e-07,5.951232718487368120e-07,7.006331374259543852e-07,7.515550739139573469e-07,7.863571923859152385e-07,9.624961974508010640e-07,1.039108798048803788e-06,1.105405558944995567e-06,1.156907513372440313e-06,1.272208308290721333e-06,1.350217700455472960e-06,1.487907257444960744e-06,1.544619733731195588e-06,1.711818757695681741e-06,6.475742698364831540e+01,7.117107205424906624e+01,7.230142822399498925e+01,7.885769072676318103e+01,8.278053891695073219e+01
1.817748299647237165e-01,-4.578523429107773524e+01,-3.871288798842842027e+01,-3.680240634264142585e+01,-3.408703479783876844e+01,-3.189220005809253777e+01,-2.552565614198207822e+00,-2.413775770038128599e+00,-2.265478354463067667e+00,-2.189244267726996984e+00,-2.039322337983927813e+00,-1.906548732876014896e+00,-1.863625869837500559e+00,-1.781871232086131851e+00,-1.707290842973214762e+00,-1.619374324324905690e+00,-1.559470693416354914e+00,-1.536224831412546843e+00,-1.464658627340375885e+00,-1.419954365569683352e+00,-1.359604956343869908e+00,-1.333561345937143150e+00,-1.297679212223602052e+00,-1.266285275363137952e+00,-1.206708193509466343e+00,-1.179039044795117341e+00,-1.151704427213308568e+00,-1.103160754077172179e+00,-1.095986052230154328e+00,-1.020649775745055665e+00,-1.002830428375151683e+00,-9.734723179309896501e-01,-9.544350978045834655e-01,-9.338107137540485603e-01,-8.761016799919354447e-01,-8.354667284513216385e-01,-8.163749663799184653e-01,-7.946955009459584218e-01,-7.611567966466982194e-01,-7.439809875443268439e-01,-7.215284884193324810e-01,-6.900277712994659085e-01,-6.502531671017309778e-01,-6.164238338990241095e-01,-5.867103500203975086e-01,-5.741329248702328192e-01,-5.582926524115428002e-01,-5.386913942868238880e-01,-5.030898781272065134e-01,-4.741854468383329135e-01,-4.454960972328735891e-01,-4.247450234076287079e-01,-3.722433975542898676e-01,-3.565627385698265650e-01,-3.353702084292481400e-01,-3.257001198955327137e-01,-2.769075039138955696e-01,-2.547533346261926512e-01,-1.946152087962390309e-01,-1.684906675700688083e-01,-7.183726145815934327e-02,8.271594189954739607e-02,1.650496894585079533e-01,2.010807248019512161e-01,2.498531560847231658e-01,2.758652401073712346e-01,3.225976302199436985e-01,3.361108676905271153e-01,3.564372503416258220e-01,3.718447241371338197e-01,4.215834160979008982e-01,4.436472771261752990e-01,4.731103194216259578e-01,5.021543570834035020e-01,5.354271947972834012e-01,5.593473488588036613e-01,5.720219769005394639e-01,5.888705727650589417e-01,6.192685234037902386e-01,6.464604715363737597e-01,6.928887909292327230e-01,7.215487710666282917e-01,7.395212588134327802e-01,7.644447923710009363e-01,7.977856512590975058e-01,8.153107501738235952e-01,8.369319513765800522e-01,8.753517653080944427e-01,9.366186735239618866e-01,9.540074576432898690e-01,9.761179779003472667e-01,1.005879559683425795e+00,1.021902952742795412e+00,1.095391977938467321e+00,1.108491564920705663e+00,1.149928466639254410e+00,1.179852503941557718e+00,1.206894682211316683e+00,1.270421119155053180e+00,1.296482145615335035e+00,1.341214928873636580e+00,1.354965850992811527e+00,1.415694058481143047e+00,1.464798688069844257e+00,1.531105178223098884e+00,1.567803239217146594e+00,1.620491652894130663e+00,1.707137839009814417e+00,1.781438397639881765e+00,1.858697537140153067e+00,1.909669933614061899e+00,2.048394281324955823e+00,2.176716595733425574e+00,2.261384312272817443e+00,2.423756115252677201e+00,2.584688106594516643e+00,6.475840247271577255e+01,7.117075997922641761e+01,7.230176733673171441e+01,7.885569684782539923e+01,8.277766951989536892e+01
1.829176922787529858e-01,-4.577653454610890549e+01,-3.871315462943070429e+01,-3.680310283465034615e+01,-3.408453984987146868e+01,-3.188890827216913593e+01,-3.589922912479825534e+00,-3.407155044646035247e+00,-3.208153766867441359e+00,-3.104698042198750674e+00,-2.876382103860681827e+00,-2.693639754883962567e+00,-2.637723185449184715e+00,-2.519831233023948069e+00,-2.413030238903915325e+00,-2.288420191544112026e+00,-2.198132750632438182e+00,-2.174442887412189940e+00,-2.069958045445301487e+00,-2.010485813645384923e+00,-1.926450318980527543e+00,-1.879531753897336843e+00,-1.835278725441666037e+00,-1.785888406505832915e+00,-1.705882787210665219e+00,-1.666278778035014341e+00,-1.628664423629621494e+00,-1.556839433943521200e+00,-1.549166389089000839e+00,-1.441815578443572443e+00,-1.415163840785046423e+00,-1.374555726750020801e+00,-1.349292174228240437e+00,-1.317818446555580447e+00,-1.239157405877840734e+00,-1.179973476661896559e+00,-1.154868246102735974e+00,-1.121281064348305323e+00,-1.073180469745929067e+00,-1.054457753192160174e+00,-1.019932700360849820e+00,-9.735396393966286865e-01,-9.220051448463766341e-01,-8.695710725087986148e-01,-8.296356814731411511e-01,-8.117049562017953912e-01,-7.877739034832054177e-01,-7.637092884787275437e-01,-7.118614722687591767e-01,-6.711422076623067001e-01,-6.314209368675814948e-01,-6.026236648678716668e-01,-5.266693104830421079e-01,-5.038851860516637693e-01,-4.734347996498483591e-01,-4.633744808965049033e-01,-3.919718833196007557e-01,-3.626506984440806547e-01,-2.704051868573599804e-01,-2.407527958700126092e-01,-9.756943935100199916e-02,1.273690179134355782e-01,2.310755945747229312e-01,2.885001574062711072e-01,3.491798321158591234e-01,3.886509884595343856e-01,4.547189430613688965e-01,4.754856506859350684e-01,5.035132127556647408e-01,5.254972403430859806e-01,5.938633738595653355e-01,6.261722914962195574e-01,6.680573783577637981e-01,7.091641808679376435e-01,7.546117713300964924e-01,7.908577868604986794e-01,8.061177201210902865e-01,8.351723118563548764e-01,8.775860998377903455e-01,9.114867368106552847e-01,9.814194633371349230e-01,1.020020941360787914e+00,1.042028154275873586e+00,1.082401727388817569e+00,1.129908426054357706e+00,1.151840974748692403e+00,1.184155389139654124e+00,1.237058371904563803e+00,1.325839351791387122e+00,1.348111821064512439e+00,1.381944475219831769e+00,1.423860517509173418e+00,1.445300918896856190e+00,1.547819361988855835e+00,1.571424963360227300e+00,1.623916130380123501e+00,1.668316874656941007e+00,1.706534847022776358e+00,1.797157354230038306e+00,1.832237605788645585e+00,1.897200182037510174e+00,1.916927799927413023e+00,1.998545124824595121e+00,2.070356479737725852e+00,2.160452547612263352e+00,2.220757897498174760e+00,2.291948957357777594e+00,2.413167225187843545e+00,2.518613984066165656e+00,2.624016848090322096e+00,2.702031579506355197e+00,2.901325993436853601e+00,3.069617627655011560e+00,3.196960201066830987e+00,3.435630564981088764e+00,3.680033922364308374e+00,6.476132547802991724e+01,7.116982760114477458e+01,7.230278030136634015e+01,7.884972057830877645e+01,8.276906466660106787e+01
1.840605545927822551e-01,-4.576203646146645099e+01,-3.871362280473690731e+01,-3.680422373871829933e+01,-3.408029441525432901e+01,-3.188342597899446673e+01,-4.375174488477641788e+00,-4.165359517845633519e+00,-3.935403778821536136e+00,-3.812295637655696012e+00,-3.512976323126505651e+00,-3.295789957112793100e+00,-3.231988946105401883e+00,-3.085543268160999109e+00,-2.951923860913365338e+00,-2.799694919770390644e+00,-2.683556687644442107e+00,-2.662862098441653558e+00,-2.532437715985559112e+00,-2.464640836916753841e+00,-2.363309054883795834e+00,-2.294455974303013512e+00,-2.246891286393507770e+00,-2.180031161687504770e+00,-2.087937731779868411e+00,-2.039153681808549834e+00,-1.993267682513809369e+00,-1.903641821936207235e+00,-1.894935623157807614e+00,-1.763392846668709213e+00,-1.728707990178792508e+00,-1.680701612739459172e+00,-1.651279465015002668e+00,-1.609871283415974963e+00,-1.517513366670519837e+00,-1.442856020586162691e+00,-1.414503493692557790e+00,-1.369832676427638729e+00,-1.309831213514567771e+00,-1.293324916414428927e+00,-1.248204952962148617e+00,-1.189494915131741992e+00,-1.131708735881071126e+00,-1.062217043753131085e+00,-1.016846665275541239e+00,-9.928985841556202674e-01,-9.618264187464746762e-01,-9.370886006633624143e-01,-8.721369769553219964e-01,-8.224876473983039338e-01,-7.751256365568982565e-01,-7.400471069184959561e-01,-6.453214970197016509e-01,-6.163327091839414518e-01,-5.786146931917444114e-01,-5.711819981611674368e-01,-4.805966561193955600e-01,-4.458459844173527920e-01,-3.252640359367627854e-01,-2.978116821460339847e-01,-1.173578295280894024e-01,1.696221294444514305e-01,2.802377113924348628e-01,3.578614809542039477e-01,4.222719365063234975e-01,4.734321639380044688e-01,5.556369400709848527e-01,5.822171934579899455e-01,6.156029551161352753e-01,6.430369868571169656e-01,7.244907261315917113e-01,7.654325801480788005e-01,8.166876643543673486e-01,8.670293724294697579e-01,9.208476998241457157e-01,9.675920509201377806e-01,9.833401847025271536e-01,1.025885904012741712e+00,1.076837856463574550e+00,1.113040587834364326e+00,1.203299094059109509e+00,1.248459112986615160e+00,1.271138279539199001e+00,1.326453142384292683e+00,1.385324385232753253e+00,1.408913708791018182e+00,1.450647161794070383e+00,1.513723870692922358e+00,1.624833277856920111e+00,1.649197240454005842e+00,1.693999336437744141e+00,1.744885827872247663e+00,1.769622685241291959e+00,1.893477639487971764e+00,1.928937013673116985e+00,1.985370569367955751e+00,2.042132094461042602e+00,2.089496922875424545e+00,2.199539782360419249e+00,2.242249071413215056e+00,2.318642303075161948e+00,2.352907100721731481e+00,2.443055021192161114e+00,2.533191234772704359e+00,2.639258155440042941e+00,2.721732256759308299e+00,2.807214624731489749e+00,2.953818215370474842e+00,3.083406531746708978e+00,3.207435133917468484e+00,3.309975779780801819e+00,3.556720863123325582e+00,3.748938185709947302e+00,3.915906757241632619e+00,4.218373860639916373e+00,4.538486315491273793e+00,6.476618562512341271e+01,7.116828636989825441e+01,7.230445406512399131e+01,7.883977801617405134e+01,8.275473437776130936e+01
1.852034169068115244e-01,-4.574174233793908684e+01,-3.871432699225649543e+01,-3.680570973485028929e+01,-3.407417094353613152e+01,-3.187575843314546020e+01,-5.030880376114957642e+00,-4.801421820525522577e+00,-4.552621823673171697e+00,-4.411834363978107909e+00,-4.044864372130311025e+00,-3.802037870399061159e+00,-3.732338725900199439e+00,-3.561395452624904312e+00,-3.402534183747690122e+00,-3.228199808768208445e+00,-3.091883102817502227e+00,-3.068963363621246110e+00,-2.919857036632533376e+00,-2.847864732251198294e+00,-2.732495707010615948e+00,-2.641541689817248351e+00,-2.592112718230749735e+00,-2.507875389499593766e+00,-2.408736021363954372e+00,-2.352650647139278739e+00,-2.298320841397887282e+00,-2.195440724833248591e+00,-2.183834089784003840e+00,-2.032847800313936304e+00,-1.990059427990619634e+00,-1.937351137084131203e+00,-1.904490631738318118e+00,-1.853335959304084124e+00,-1.751677709976118713e+00,-1.662990970910231736e+00,-1.633022280026808160e+00,-1.577453257386218777e+00,-1.507166217665726560e+00,-1.493892121120128147e+00,-1.439743424875565836e+00,-1.370443865121911298e+00,-1.308851171540565295e+00,-1.223235353849263074e+00,-1.175389211164465264e+00,-1.144686472841813130e+00,-1.106573162043379632e+00,-1.082978797301440421e+00,-1.007211939540801238e+00,-9.501448918769895835e-01,-8.972133701338974587e-01,-8.562574784363222724e-01,-7.454976977741509803e-01,-7.103988354631387558e-01,-6.670391780951336891e-01,-6.634800168997568859e-01,-5.559063377897585090e-01,-5.151851617574816355e-01,-3.690814943194407061e-01,-3.469399738708746073e-01,-1.355055247192039070e-01,2.117088322835455061e-01,3.205046709671592886e-01,4.176202147181480862e-01,4.813262454239785604e-01,5.428602816935620412e-01,6.406657798689951999e-01,6.717685674389065609e-01,7.091935144232414112e-01,7.417118328290224216e-01,8.334003118603310334e-01,8.822098903255665148e-01,9.409340228227974778e-01,9.990341266988755908e-01,1.059237807778486973e+00,1.114963239996191513e+00,1.130985527748341601e+00,1.187848013249171553e+00,1.245493589579181881e+00,1.281565590028614698e+00,1.390188563865963456e+00,1.440314682667076740e+00,1.461570298293100700e+00,1.531654661465505107e+00,1.600494017493616861e+00,1.624439493099509857e+00,1.675192356227831469e+00,1.745985715161095797e+00,1.876814226419015519e+00,1.901459371211817739e+00,1.957269568089742728e+00,2.015336413971868357e+00,2.042092634902390014e+00,2.183174995265853457e+00,2.231757907087996262e+00,2.287889846159691931e+00,2.355715261859720133e+00,2.411853991893776250e+00,2.535661160304484962e+00,2.586688617580272354e+00,2.668568959528722750e+00,2.724110294764817919e+00,2.815439782077447717e+00,2.921112545344306977e+00,3.038990364001078692e+00,3.141823725957472835e+00,3.241703068130633358e+00,3.408691326986257764e+00,3.558536881422169618e+00,3.695630564919609284e+00,3.821544079012062944e+00,4.108057546218295997e+00,4.316666570813184833e+00,4.524549093606470507e+00,4.884377583408109125e+00,5.277669430698339603e+00,6.477296566054594962e+01,7.116615506938855162e+01,7.230676709587939399e+01,7.882589597802729031e+01,8.273469537819451602e+01
1.863462792208407937e-01,-4.571565552807958710e+01,-3.871531312835243455e+01,-3.680747887390391782e+01,-3.406599718484152106e+01,-3.186591151857454207e+01,-5.605619392791563627e+00,-5.359408008595087480e+00,-5.100967588420608934e+00,-4.940824316560258112e+00,-4.509478424301243571e+00,-4.246849614052220723e+00,-4.172022611758370303e+00,-3.978858661170839195e+00,-3.794973937653269846e+00,-3.602885364611002394e+00,-3.453055620962419692e+00,-3.418277011797355325e+00,-3.258302992573081536e+00,-3.185333116032812661e+00,-3.057866444272105078e+00,-2.945605116015607372e+00,-2.893644188710747578e+00,-2.792516234615736614e+00,-2.689791151159979687e+00,-2.628125051869400597e+00,-2.564015564218130372e+00,-2.451783254058415906e+00,-2.435886677722742366e+00,-2.268580403421045499e+00,-2.217238662078871769e+00,-2.162101675566661108e+00,-2.125890747635748479e+00,-2.064948686420389201e+00,-1.957218536602812531e+00,-1.855503208515276725e+00,-1.824917562432836204e+00,-1.758503731562175876e+00,-1.680604671865859601e+00,-1.667374158298406073e+00,-1.607408128001776237e+00,-1.529310561366225230e+00,-1.464405579907290589e+00,-1.363878885936618435e+00,-1.315374774967084104e+00,-1.277766256708823267e+00,-1.232983466649405502e+00,-1.209722307333432001e+00,-1.126101836275202883e+00,-1.062572700902873812e+00,-1.005627361036701917e+00,-9.585262558688287804e-01,-8.339101019515409163e-01,-7.924682167721279757e-01,-7.487907552675239220e-01,-7.419004966255045019e-01,-6.230432086372640343e-01,-5.746475480178068196e-01,-4.067588588743350497e-01,-3.899802074563277210e-01,-1.533534597077061967e-01,2.538656029280777493e-01,3.550123813619214252e-01,4.705737855786426560e-01,5.314517191577585731e-01,6.018469362872211903e-01,7.156586155349330403e-01,7.500922855789228239e-01,7.906780280526710669e-01,8.281669900381466443e-01,9.283981266911091046e-01,9.845852499542739888e-01,1.049205841146243268e+00,1.114141604781509587e+00,1.179512249229829557e+00,1.242328570122658959e+00,1.260232018743237870e+00,1.331226158310675922e+00,1.394466883217215347e+00,1.428959270417495153e+00,1.554095582373061335e+00,1.608437570463078226e+00,1.626962079308227116e+00,1.711481294558865773e+00,1.789161407380909230e+00,1.813174937074402360e+00,1.872842778882472858e+00,1.949519648336832667e+00,2.098451232727981619e+00,2.121940019355961660e+00,2.189038297049470838e+00,2.253087306109677890e+00,2.280940560327597399e+00,2.436521492471155792e+00,2.499076995557164782e+00,2.552429452137297439e+00,2.629980072217347420e+00,2.695304100384905421e+00,2.827895457194971929e+00,2.888528262423587734e+00,2.972154322226831180e+00,3.052714010877473072e+00,3.141591773412489630e+00,3.260351390401110105e+00,3.387406077403677607e+00,3.508121649462818681e+00,3.624509682560448365e+00,3.808764198643661558e+00,3.976054087062416809e+00,4.122192104804168977e+00,4.270585742067903645e+00,4.591018246848380002e+00,4.812148916845501390e+00,5.064469810032932173e+00,5.477325644787311987e+00,5.942582443078393339e+00,6.478164150783584319e+01,7.116345938324565168e+01,7.230968970231549520e+01,7.880811197831502568e+01,8.270897113258200761e+01
1.874891415348700630e-01,-4.568378056952038690e+01,-3.871663635216962973e+01,-3.680942765556059726e+01,-3.405556218906139065e+01,-3.185389042629670087e+01,-6.124874474842817662e+00,-5.862303166215056649e+00,-5.601878191003855534e+00,-5.417528477445763713e+00,-4.926265148982110098e+00,-4.647726477226338027e+00,-4.568157223657705046e+00,-4.353647651988120870e+00,-4.144591276836370852e+00,-3.938579482459985126e+00,-3.779488624263252827e+00,-3.726763535776462355e+00,-3.561041424356808704e+00,-3.489835822936371734e+00,-3.351473581565345139e+00,-3.219419418774275954e+00,-3.162986568232176499e+00,-3.045947611363142737e+00,-2.942063697110829601e+00,-2.876486909327554464e+00,-2.800645656957812424e+00,-2.682444064193519662e+00,-2.661478115553221002e+00,-2.480038069689505242e+00,-2.419536139896972138e+00,-2.363917541451806770e+00,-2.324120707558900101e+00,-2.253294640847659291e+00,-2.142009427969739921e+00,-2.028287685627168990e+00,-1.997458566425019288e+00,-1.920327865791783273e+00,-1.838323893756900640e+00,-1.819122738793530258e+00,-1.757734973843863679e+00,-1.672982636382692512e+00,-1.603634047748965674e+00,-1.489998932355038663e+00,-1.441781035363431052e+00,-1.397621835278265223e+00,-1.347676024580885201e+00,-1.320615986956260590e+00,-1.233424644781358381e+00,-1.164085729104429534e+00,-1.104367057847271072e+00,-1.050486279990294092e+00,-9.140105464247129108e-01,-8.658431059309742439e-01,-8.258724315555298068e-01,-8.103690474789400078e-01,-6.844888572274011596e-01,-6.263402583637102117e-01,-4.432233878355563150e-01,-4.255507195045796220e-01,-1.712399696068153676e-01,2.958657331843234095e-01,3.854011748341099053e-01,5.176052728854165785e-01,5.757617869336898453e-01,6.530147491370023038e-01,7.834343901207051486e-01,8.202455639129887510e-01,8.633935162149565246e-01,9.057869623509635648e-01,1.013522210129851109e+00,1.076718828244388693e+00,1.145740477341476105e+00,1.216912575102395699e+00,1.286644511110457634e+00,1.354464428904531115e+00,1.376944518548504970e+00,1.461106538520675402e+00,1.529249037194346128e+00,1.561393142968840131e+00,1.700981686503272527e+00,1.759093639878148929e+00,1.774714563067502748e+00,1.872802457780693874e+00,1.958026934928295493e+00,1.982827135069605395e+00,2.051346254365853383e+00,2.132307763293558089e+00,2.298244918258220526e+00,2.319334058538134347e+00,2.398066507972878458e+00,2.467245582045019425e+00,2.495506538334506974e+00,2.663523502138753329e+00,2.740198114481740443e+00,2.790073489035131526e+00,2.875581591335824250e+00,2.950929710267383932e+00,3.087755501824839488e+00,3.159159665426340968e+00,3.242373961475480737e+00,3.349299278453931272e+00,3.435054184220623696e+00,3.564460075315440069e+00,3.698813305940124696e+00,3.834519478287912619e+00,3.970215852738355977e+00,4.169938244852892772e+00,4.352492465857485726e+00,4.504324168931694850e+00,4.674341423536580109e+00,5.023737300423060326e+00,5.255338108290288801e+00,5.557045384631389418e+00,6.019722835661100113e+00,6.555900000735425337e+00,6.479218234584581637e+01,7.116023131459583340e+01,7.231318445642187953e+01,7.878647419855532519e+01,8.267759189599280489e+01
1.886320038488993323e-01,-4.564612335912114816e+01,-3.871835821884796047e+01,-3.681143238480574809e+01,-3.404262358533707555e+01,-3.183969814584423474e+01,-6.603980608867697555e+00,-6.324211482669325868e+00,-6.068236457269772011e+00,-5.852179431815722310e+00,-5.306964566468554523e+00,-5.014921121466083598e+00,-4.930808620469576908e+00,-4.694779701330669575e+00,-4.460540474732806793e+00,-4.244105696608375666e+00,-4.078147134919848149e+00,-4.004298615300409203e+00,-3.835866821620042000e+00,-3.768866740279431582e+00,-3.620342473129730010e+00,-3.470386390967615586e+00,-3.407057322747444772e+00,-3.275387439790069077e+00,-3.172030313942341806e+00,-3.104112957379244087e+00,-3.014391479808676610e+00,-2.893216167536615036e+00,-2.866636591661859246e+00,-2.672830471656125084e+00,-2.602576145671688046e+00,-2.548012997539606861e+00,-2.504287277328263617e+00,-2.423529781382237402e+00,-2.310620896278602121e+00,-2.186233701166698129e+00,-2.154750704573436870e+00,-2.067260569814392657e+00,-1.983163821492764045e+00,-1.954273662543585033e+00,-1.894553980713955310e+00,-1.805646491596404113e+00,-1.729478259851724431e+00,-1.605163369036415544e+00,-1.557429984863225148e+00,-1.507428538531669027e+00,-1.454212224956056509e+00,-1.418049659446305677e+00,-1.331907973579061544e+00,-1.257231824530642195e+00,-1.195698868911106327e+00,-1.134259474437600002e+00,-9.878565644876164953e-01,-9.325544253828201846e-01,-8.981999783621422706e-01,-8.723990341636498336e-01,-7.414975986651596296e-01,-6.716763518361934526e-01,-4.807925036725656520e-01,-4.535248283211792408e-01,-1.891031537708612598e-01,3.373465509510723548e-01,4.126909569958583379e-01,5.586886135363998696e-01,6.166140557889792095e-01,6.980663910123316995e-01,8.454363238879273323e-01,8.840772011757371818e-01,9.294230111673509320e-01,9.765674273873528044e-01,1.091172689854417621e+00,1.161082959573149775e+00,1.232994071771230216e+00,1.310033557601751886e+00,1.383560714882006604e+00,1.454670646494886199e+00,1.484243082545368742e+00,1.580439750711040814e+00,1.652996477598655645e+00,1.682583658467649457e+00,1.834251896290526318e+00,1.895204725144799207e+00,1.910079880361136073e+00,2.019682198637425152e+00,2.110857553243137730e+00,2.138065606575482835e+00,2.215304434618112772e+00,2.299044198020899543e+00,2.481191697456694989e+00,2.498788639104525977e+00,2.589478386364583162e+00,2.663166454002877881e+00,2.691358891659767938e+00,2.870085421475256471e+00,2.960013272182005828e+00,3.007880043621561583e+00,3.098834907347453704e+00,3.185247984193536830e+00,3.322137892241726842e+00,3.404994384935743579e+00,3.487041013091003450e+00,3.619495697311706728e+00,3.703992102959528854e+00,3.841710677850119104e+00,3.981772252906145670e+00,4.129467866025343881e+00,4.287090395204166349e+00,4.501529920041634547e+00,4.697845551983183654e+00,4.852198074954984897e+00,5.043010832848197289e+00,5.417019636871221344e+00,5.657915514476676400e+00,6.014776425205585753e+00,6.524976058240604893e+00,7.130770780902120798e+00,6.480455070937789230e+01,7.115650848448441934e+01,7.231720669578483296e+01,7.876104144492711612e+01,8.264059477969479417e+01
1.897748661629286016e-01,-4.560269137014104501e+01,-3.872054347105303407e+01,-3.681335078549290785e+01,-3.402691585735107793e+01,-3.182333387880248665e+01,-7.052893745353357779e+00,-6.754730444215226726e+00,-6.508317445118536604e+00,-6.251287746342075735e+00,-5.659361363731632011e+00,-5.355167944998269647e+00,-5.266102822501798286e+00,-5.007967635606616952e+00,-4.748886771044801058e+00,-4.525234763814260930e+00,-4.353802977821154663e+00,-4.257121459758394622e+00,-4.087804030567031788e+00,-4.027194854772930377e+00,-3.868946288505930031e+00,-3.703067316326683400e+00,-3.630532159778216084e+00,-3.485572982408927878e+00,-3.383904421692739639e+00,-3.315040715094243140e+00,-3.209402384411736975e+00,-3.087886901380049842e+00,-3.055119649331035525e+00,-2.850599113753382596e+00,-2.770165418842159610e+00,-2.717635595595674580e+00,-2.669707397665490589e+00,-2.579111510878107971e+00,-2.465925766433730626e+00,-2.332727749660110206e+00,-2.299256537437405878e+00,-2.202092035383827806e+00,-2.116721994727926770e+00,-2.076422152828252266e+00,-2.020309422897513585e+00,-1.929910089676843743e+00,-1.843897509028393555e+00,-1.711783664380247760e+00,-1.664065872611177221e+00,-1.609175519348572614e+00,-1.553899842823987854e+00,-1.504660024270320084e+00,-1.423293431697155720e+00,-1.343666845177211577e+00,-1.280967287423647294e+00,-1.211227679925015899e+00,-1.056794398225637366e+00,-9.940920708844832587e-01,-9.664232522079907461e-01,-9.293996057085630591e-01,-7.947109200115727301e-01,-7.117122655907971440e-01,-5.180286854013186337e-01,-4.768492641101715890e-01,-2.067095875707710695e-01,3.778331561449592146e-01,4.376564676086006633e-01,5.936172992670610826e-01,6.556982030488196500e-01,7.382720889552614185e-01,9.023713561877770850e-01,9.428297484148143726e-01,9.902574816608405994e-01,1.041798198174548995e+00,1.162893800127623667e+00,1.239272392236130838e+00,1.312525182203372998e+00,1.395239495403009178e+00,1.472136838248881752e+00,1.545426720213777472e+00,1.583915151024034129e+00,1.691110799823636546e+00,1.767669233672944040e+00,1.794982572445111391e+00,1.956058173889076546e+00,2.018172055571493928e+00,2.036989320003979032e+00,2.154760018211728134e+00,2.250142334979474246e+00,2.281851726596564767e+00,2.367677480304575699e+00,2.452752067327679697e+00,2.650459044292650557e+00,2.663685405021321007e+00,2.766547579566603243e+00,2.844279573159687491e+00,2.872164694903174720e+00,3.060021578166966627e+00,3.161219635704239472e+00,3.210804005761651592e+00,3.303872619220919571e+00,3.402425914547356101e+00,3.535579195999678070e+00,3.629928506494057405e+00,3.711369086631765235e+00,3.866736195540178667e+00,3.953415422739075424e+00,4.097808360623209190e+00,4.241901032536364191e+00,4.398684442838738384e+00,4.580226355260714755e+00,4.809349550591369926e+00,5.018841350013399705e+00,5.172377071997053655e+00,5.383239713057967002e+00,5.778007474938519294e+00,6.027411327872113311e+00,6.445486944213341118e+00,7.001795332899163782e+00,7.675494672108625238e+00,6.481870261206645978e+01,7.115233333663476856e+01,7.232170508067314074e+01,7.873188309199937862e+01,8.259802383290359273e+01
1.909177284769578709e-01,-4.555349391526962677e+01,-3.872325648048052216e+01,-3.681502384571414410e+01,-3.400815930526049868e+01,-3.180479147570494192e+01,-7.478389231941164006e+00,-7.160810986296311853e+00,-6.927540962621026033e+00,-6.619591595906459958e+00,-5.988941011099464973e+00,-5.673443925822996725e+00,-5.577553918022119639e+00,-5.297155064397549573e+00,-5.013963652761353806e+00,-4.785986618969022999e+00,-4.609843138482319524e+00,-4.489577417398115777e+00,-4.320361917116765760e+00,-4.267961420795047367e+00,-4.100310000710817526e+00,-3.920432520020941780e+00,-3.836773580426653396e+00,-3.679783051727976151e+00,-3.580624150785506110e+00,-3.511971039546143647e+00,-3.388694579045995692e+00,-3.269094604796557668e+00,-3.229383215241597771e+00,-3.015854673249360740e+00,-2.925107529940922380e+00,-2.874868245933135391e+00,-2.822677702964464963e+00,-2.722565267334126737e+00,-2.609818296444583297e+00,-2.470200742046083420e+00,-2.432593936034913806e+00,-2.326719489593721768e+00,-2.240387444240748760e+00,-2.187834957446938677e+00,-2.136645089703884448e+00,-2.047335306063787996e+00,-1.948433548611014920e+00,-1.811582945060061345e+00,-1.762862615393859578e+00,-1.704177189304072249e+00,-1.647372731111612199e+00,-1.582637163191177532e+00,-1.508721093789784806e+00,-1.424550350530634502e+00,-1.360963292578098116e+00,-1.282365133941699487e+00,-1.121764505584553984e+00,-1.051948503593157502e+00,-1.030560934401571593e+00,-9.823206392462954240e-01,-8.444579354188185283e-01,-7.472748649737487314e-01,-5.542286305526478163e-01,-4.973499395798509082e-01,-2.237469312041399649e-01,4.165590898437012690e-01,4.611602482533767033e-01,6.226908219772511188e-01,6.937088458832156856e-01,7.746851169016538696e-01,9.545522884464527902e-01,9.973691715656840540e-01,1.047081951257368804e+00,1.102365485113746990e+00,1.229727906446449026e+00,1.312358190687486825e+00,1.385400018637905628e+00,1.473722412090467060e+00,1.553652729848752578e+00,1.628559641445482153e+00,1.677160392670592692e+00,1.794409790310162567e+00,1.874566102252185118e+00,1.900285584339866274e+00,2.067896557215693765e+00,2.130021684411075533e+00,2.157074418400212856e+00,2.279861444479617472e+00,2.377805903995012127e+00,2.416057267361708671e+00,2.510453051900144228e+00,2.595509382462855896e+00,2.807994162496119106e+00,2.816573926958869212e+00,2.931494231048136445e+00,3.012899102340507174e+00,3.040523131515370903e+00,3.235953702691435119e+00,3.345823209505061957e+00,3.402036909869826875e+00,3.493603582965157717e+00,3.605268878457390969e+00,3.731270006905051506e+00,3.836506782337746113e+00,3.919034165037142969e+00,4.093732226740185887e+00,4.186007264166015318e+00,4.337042541201586054e+00,4.483120680501616384e+00,4.646295871343733452e+00,4.853011617550400558e+00,5.097089827115975247e+00,5.320370488703353828e+00,5.469352658398421774e+00,5.699663273056380319e+00,6.111756804245684904e+00,6.369049103325161276e+00,6.854279301367499855e+00,7.456147320824989322e+00,8.195608634451795993e+00,6.483458769142677625e+01,7.114775227714211780e+01,7.232662218064976400e+01,7.869907900981151272e+01,8.254993014128596940e+01
1.920605907909871402e-01,-4.549854245910258754e+01,-3.872655749146493775e+01,-3.681627786654548373e+01,-3.398606937614283652e+01,-3.178405798095322865e+01,-7.885242139054524202e+00,-7.547682232512747724e+00,-7.329425774528805171e+00,-6.960932977904149332e+00,-6.299710703179546734e+00,-5.973752288061482396e+00,-5.866933144500568353e+00,-5.565265965678017679e+00,-5.259042861745850672e+00,-5.029280765030736511e+00,-4.848753069223691092e+00,-4.704924507644007825e+00,-4.536315219874059501e+00,-4.493099551839089045e+00,-4.316572255972961791e+00,-4.124534243880975559e+00,-4.028264205625309735e+00,-3.860366535862665316e+00,-3.764348502715366696e+00,-3.696784824650323209e+00,-3.554585491825247523e+00,-3.438759726274938977e+00,-3.391092653508802623e+00,-3.170405826600735999e+00,-3.069589110829832102e+00,-3.021061582453608008e+00,-2.964860176395411884e+00,-2.855858173583544879e+00,-2.743589014576173213e+00,-2.600313762535205520e+00,-2.556031869930850853e+00,-2.442479861071868097e+00,-2.355304737502074808e+00,-2.290129786458436012e+00,-2.244695558125928248e+00,-2.158810265872157963e+00,-2.044392265846889156e+00,-1.905792649180571896e+00,-1.854720025349394064e+00,-1.793326023586001572e+00,-1.735132085640054722e+00,-1.653675750693728297e+00,-1.588890071563027862e+00,-1.500748997956825370e+00,-1.436117431246564102e+00,-1.348398504746041393e+00,-1.183457381670681263e+00,-1.108314291525243300e+00,-1.089492248368743699e+00,-1.031876236713814343e+00,-8.909033129388806982e-01,-7.790370301579502277e-01,-5.892678811305821496e-01,-5.160260995907746118e-01,-2.398677954524172651e-01,4.518479868476154571e-01,4.848342887935868095e-01,6.467936211365025168e-01,7.304463912191244690e-01,8.082550742953283907e-01,1.002142432882382472e+00,1.048259151414095758e+00,1.100892202752915994e+00,1.158903604563567002e+00,1.292400476703751133e+00,1.381058062457169555e+00,1.452411635810780588e+00,1.546336864095573471e+00,1.629032881152769008e+00,1.705433492357584013e+00,1.764852569662971993e+00,1.891265150612311485e+00,1.974634894980557442e+00,1.999656781521365945e+00,2.170907339464120511e+00,2.232800483700595695e+00,2.270866159859499689e+00,2.396305064304319554e+00,2.495421668871878218e+00,2.541918476518360670e+00,2.644992864055192072e+00,2.728820937391889245e+00,2.954027192569759652e+00,2.960452860171425726e+00,3.085890222460365706e+00,3.170638012452597021e+00,3.198381926820029530e+00,3.399766730548051008e+00,3.515915843881713965e+00,3.583157661560589791e+00,3.670203068715314210e+00,3.795715294737385559e+00,3.911589183500599365e+00,4.026590698780007749e+00,4.112621834036891855e+00,4.303006072492893352e+00,4.402917212295365701e+00,4.562722540496214840e+00,4.708286617068658586e+00,4.875403247671417972e+00,5.107879796037187781e+00,5.367092251063252384e+00,5.606152135484480326e+00,5.746334164672965095e+00,5.995679724989098958e+00,6.422007884307232572e+00,6.686666307708855506e+00,7.244591681144891382e+00,7.892244698141217540e+00,8.694946025670985179e+00,6.485214937595824836e+01,7.114281477669452158e+01,7.233189506712324146e+01,7.866271947088324623e+01,8.249637194320388289e+01
1.932034531050164095e-01,-4.543785098452953974e+01,-3.873049881508750758e+01,-3.681692668348169661e+01,-3.396036605025420840e+01,-3.176111234773256697e+01,-8.276918456739684515e+00,-7.919427117517761516e+00,-7.716156800162843332e+00,-7.278609463036814553e+00,-6.594644566004360442e+00,-6.259231570724522520e+00,-6.135163259360530752e+00,-5.814575543139224756e+00,-5.486696498566390190e+00,-5.257292508312410462e+00,-5.072423902897646997e+00,-4.905724136357481946e+00,-4.738546099886273844e+00,-4.703180385603616287e+00,-4.519299714456463057e+00,-4.316862831208408302e+00,-4.206865072728860788e+00,-4.029051310659575336e+00,-3.936726463142353083e+00,-3.870830006246588351e+00,-3.708918242738675097e+00,-3.598321280956459312e+00,-3.541426868420469276e+00,-3.315600292986377262e+00,-3.205331866590855672e+00,-3.157136732202635354e+00,-3.097495990431514912e+00,-2.980581080654046477e+00,-2.868152247748895878e+00,-2.724130191978140214e+00,-2.670697431709167624e+00,-2.550340493989136981e+00,-2.462421542909191796e+00,-2.384601786695935921e+00,-2.345236763163975890e+00,-2.264810922896329792e+00,-2.132883388181848083e+00,-1.995248962164040352e+00,-1.940439146711004703e+00,-1.877226609824965031e+00,-1.817594625269000952e+00,-1.719278989124213730e+00,-1.664079156145780836e+00,-1.572945702089056708e+00,-1.506614916881205080e+00,-1.409891351799765546e+00,-1.242400465953704458e+00,-1.165238714819175625e+00,-1.141937399800212471e+00,-1.078624906347006362e+00,-9.341246538151889434e-01,-8.075734241113358136e-01,-6.231351183314749465e-01,-5.335765626803320449e-01,-2.547208442856865318e-01,4.804550590673871691e-01,5.117623477471640037e-01,6.669986280186255279e-01,7.653252329354072181e-01,8.398856972075563476e-01,1.045328606693629148e+00,1.095810277852127923e+00,1.152510664127300188e+00,1.211878925451194355e+00,1.351426705241580040e+00,1.445818166625719048e+00,1.514219017359113240e+00,1.613714729232623935e+00,1.698988454188735453e+00,1.777088899653608722e+00,1.847640741356465055e+00,1.982368888318533751e+00,2.068660331554276421e+00,2.093841815702438769e+00,2.266026928345076463e+00,2.327873330800148466e+00,2.378844530905752652e+00,2.505072215012673631e+00,2.604276845897517845e+00,2.660331223294905456e+00,2.772234834332311326e+00,2.853827504634541157e+00,3.087814623403683623e+00,3.098465304094522033e+00,3.230885506280845032e+00,3.318654976289006964e+00,3.347250363439013388e+00,3.552862793071068115e+00,3.673502296247812104e+00,3.754806949501169555e+00,3.835397570130157252e+00,3.975090570680299251e+00,4.078430375146280262e+00,4.201750658441729236e+00,4.293848149241686230e+00,4.496829925092836966e+00,4.604728566660416966e+00,4.777246656145702097e+00,4.919544266886543227e+00,5.088403147970532281e+00,5.346701304872655491e+00,5.620861663859123780e+00,5.879032832470498349e+00,6.005697749061159385e+00,6.273873591358523072e+00,6.711607711422861833e+00,6.983209267027652878e+00,7.618820040754841649e+00,8.313100984333315679e+00,9.176226900272942189e+00,6.487132507416424687e+01,7.113757246037425830e+01,7.233745589149611988e+01,7.862290503305401046e+01,8.243741476487302577e+01
1.943463154190456788e-01,-4.537143641855696785e+01,-3.873512113147150870e+01,-3.681677402868191251e+01,-3.393078298861546216e+01,-3.173592435991651328e+01,-8.655995847672569354e+00,-8.279410455719954598e+00,-8.088918696782497975e+00,-7.575492596659187505e+00,-6.875951789250553503e+00,-6.532000769594145773e+00,-6.383119977389590360e+00,-6.046897249672438690e+00,-5.699007864879859220e+00,-5.471664593430522139e+00,-5.282345168069312535e+00,-5.094032931677679343e+00,-4.931007068223975942e+00,-4.896887520670531124e+00,-4.709675660251892992e+00,-4.498536274948934377e+00,-4.373991221771127869e+00,-4.187143500186925493e+00,-4.099049348371469392e+00,-4.035091280748470233e+00,-3.853179752343208975e+00,-3.748876303342575156e+00,-3.681276419980512582e+00,-3.452469471688183855e+00,-3.333599347533690693e+00,-3.283850042307620676e+00,-3.221534870016051322e+00,-3.098024934885936332e+00,-2.984207529870216202e+00,-2.842332659221093571e+00,-2.777585199775632230e+00,-2.651020582810503345e+00,-2.562542465200124298e+00,-2.472423286022334299e+00,-2.438754040396631684e+00,-2.365543549339112595e+00,-2.214843520700085833e+00,-2.080478439721309414e+00,-2.020791990709309260e+00,-1.956276124150954754e+00,-1.895102591411076842e+00,-1.781079810686347908e+00,-1.734044358151105358e+00,-1.641691587560493826e+00,-1.572477957743438237e+00,-1.467292768775858125e+00,-1.299009032978367006e+00,-1.222107714928928113e+00,-1.189068319380678362e+00,-1.123006644374865193e+00,-9.741590640897875852e-01,-8.334027622621610343e-01,-6.558184208931510106e-01,-5.505290190543878914e-01,-2.679830323452173646e-01,5.013977591339271456e-01,5.426530905091723200e-01,6.843178829999918555e-01,7.977393633176310672e-01,8.704285025184282931e-01,1.084394432185053381e+00,1.140181395826996180e+00,1.202547562501451006e+00,1.261640736948073771e+00,1.407176504913598469e+00,1.506843208767623121e+00,1.571452255158983125e+00,1.676337075417213995e+00,1.764103993489641864e+00,1.844324589556525007e+00,1.926005676329935579e+00,2.068248076411510539e+00,2.157339386065581621e+00,2.183273851290012058e+00,2.354062394414143444e+00,2.416150742641007820e+00,2.481434041266608936e+00,2.606908444435363847e+00,2.705436426509783221e+00,2.771992839779446882e+00,2.892820753793517330e+00,2.971431866511271114e+00,3.211927128020878985e+00,3.229874983179028103e+00,3.367343849203812578e+00,3.457827699234290897e+00,3.488298523575097843e+00,3.696313102016008045e+00,3.820213154791234356e+00,3.917250970207499794e+00,3.990655077518921789e+00,4.144208316054906582e+00,4.233450677641569015e+00,4.363426503524440392e+00,4.463764030878977884e+00,4.677113607418415420e+00,4.792142588503850220e+00,4.982099552424848810e+00,5.118547033530222556e+00,5.287189196711317152e+00,5.570986181010553651e+00,5.859444880856992555e+00,6.141108777181414347e+00,6.249264890124638150e+00,6.536263985169123991e+00,6.982766983926757653e+00,7.261017444645052166e+00,7.978696670782692735e+00,8.720870397231012205e+00,9.641410863503907080e+00,6.489204638531883518e+01,7.113207820653902047e+01,7.234323243285220428e+01,7.857974639329685829e+01,8.237313157581027667e+01
1.954891777330749481e-01,-4.529931912435591101e+01,-3.874045005771430539e+01,-3.681561600210530116e+01,-3.389707617678220686e+01,-3.170845377417714062e+01,-9.024424954935570398e+00,-8.630564610737566866e+00,-8.448133829296592623e+00,-7.854061717674337473e+00,-7.145259386366907606e+00,-6.793234484079090585e+00,-6.611973364160180999e+00,-6.263685936684338706e+00,-5.897702196905033389e+00,-5.673643851699236684e+00,-5.479725966297320561e+00,-5.271492059803358998e+00,-5.116971420105310031e+00,-5.073066789002369958e+00,-4.888618935469168036e+00,-4.670407246644501242e+00,-4.530733754093787091e+00,-4.335665834451359224e+00,-4.252336939734073340e+00,-4.190297953810077303e+00,-3.988563560308407752e+00,-3.891269238811930098e+00,-3.811377219561618013e+00,-3.581819292056671600e+00,-3.455181664286279819e+00,-3.401980268852924372e+00,-3.337719497878354424e+00,-3.209202256556586530e+00,-3.092363168729040268e+00,-2.955384540507899782e+00,-2.877537784620781469e+00,-2.745074813699141636e+00,-2.656361721809832321e+00,-2.554812966942272556e+00,-2.525465108653781598e+00,-2.460987547384342999e+00,-2.291070336090503812e+00,-2.161789008409097157e+00,-2.096514054402417226e+00,-2.030725734539378102e+00,-1.967941989157763416e+00,-1.841029574093126397e+00,-1.797958356603370333e+00,-1.707418984359577507e+00,-1.633637431669633822e+00,-1.520967660524190412e+00,-1.353615516936524044e+00,-1.277704949268895662e+00,-1.232506317498745618e+00,-1.165360568373009720e+00,-1.011035176364764254e+00,-8.570194341857036990e-01,-6.872787380289575587e-01,-5.672569041877590923e-01,-2.793949117711556629e-01,5.175014044415586767e-01,5.742906779259088212e-01,6.996801834940157283e-01,8.272551849619826925e-01,9.005872303586300864e-01,1.119706729539410528e+00,1.181504914328802336e+00,1.251367758250612638e+00,1.308455337114565298e+00,1.459914607489544380e+00,1.564093332605121400e+00,1.624803619227133344e+00,1.734584941842411743e+00,1.824886353147244344e+00,1.907747846959633842e+00,2.000298111417619484e+00,2.149307928390189915e+00,2.241275394927126019e+00,2.268193683181433773e+00,2.435728251926180477e+00,2.498295254306192703e+00,2.578948292598010283e+00,2.702389142156873092e+00,2.799805699182908114e+00,2.877463265642632440e+00,3.007180855943708320e+00,3.082378335791191137e+00,3.328083077963360115e+00,3.354400961665130687e+00,3.495928840029349338e+00,3.588876600612209700e+00,3.622404050553346799e+00,3.830954061534614485e+00,3.957295622534315882e+00,4.070541830478310530e+00,4.137325764876914391e+00,4.303320686276362217e+00,4.378341428854133355e+00,4.512934272371050604e+00,4.622984487361407879e+00,4.845424346797485349e+00,4.966162578081553036e+00,5.177990549542193399e+00,5.306597777845812658e+00,5.473288151615352426e+00,5.781990241150056775e+00,6.083687901328332259e+00,6.393780777861490350e+00,6.478499084412242759e+00,6.784459666378725551e+00,7.237229724510970463e+00,7.521997626646394153e+00,8.325522055498987939e+00,9.117073064765348178e+00,1.009191997836876276e+01,6.491423933178224104e+01,7.112638527222198093e+01,7.234914860394881941e+01,7.853336420683356778e+01,8.230360296616531457e+01
1.966320400471042174e-01,-4.522152346786152322e+01,-3.874649312729190598e+01,-3.681324362071218559e+01,-3.385903183837990582e+01,-3.167864967568899459e+01,-9.383695634016433473e+00,-8.975432607500888338e+00,-8.793777467119225477e+00,-8.116420363442747643e+00,-7.403749070896910922e+00,-7.043500058941164710e+00,-6.823111683548449768e+00,-6.466104607737928056e+00,-6.084231674823111113e+00,-5.864177432425341507e+00,-5.665571368134462382e+00,-5.439373837622092367e+00,-5.296151210957245503e+00,-5.233814041443282328e+00,-5.056861182318760584e+00,-4.833128791499752275e+00,-4.677944810803565723e+00,-4.475459595715562067e+00,-4.397381662560866822e+00,-4.336998904375398034e+00,-4.116007995468653036e+00,-4.026154380075496420e+00,-3.932396999043235475e+00,-3.704289105280571981e+00,-3.570477565972097089e+00,-3.512360738833187224e+00,-3.446644320675574580e+00,-3.314855495912725658e+00,-3.193221444660795605e+00,-3.063610229644639915e+00,-2.971257045193349544e+00,-2.832953055567585032e+00,-2.744478232387461247e+00,-2.633112434100330912e+00,-2.605423934742325365e+00,-2.550857471342720562e+00,-2.362261728991119192e+00,-2.239343315521708622e+00,-2.168263403092844932e+00,-2.100741012750392933e+00,-2.036360931030376076e+00,-1.900781698198360070e+00,-1.855103288440195453e+00,-1.770433408312419798e+00,-1.689998391605621153e+00,-1.571216820614615539e+00,-1.406483935932840712e+00,-1.331482543265181118e+00,-1.273094143468257222e+00,-1.205934654128538730e+00,-1.044795769118089357e+00,-8.789157081946991079e-01,-7.174440026349072630e-01,-5.839678800610971221e-01,-2.887933798783934303e-01,5.305336526024813093e-01,6.044087348354191258e-01,7.139631987007163394e-01,8.537627420442904791e-01,9.307728355305754375e-01,1.151669052354016731e+00,1.219959341525230556e+00,1.299108209693390137e+00,1.352532250621691468e+00,1.509824314729283357e+00,1.617279236896878691e+00,1.675092586998298660e+00,1.788778453940174318e+00,1.881786080688725438e+00,1.967813155433305816e+00,2.070766597397503350e+00,2.225859335161215480e+00,2.320955018420013616e+00,2.348746784889629957e+00,2.511666928355342332e+00,2.574827458960684545e+00,2.671587152706024870e+00,2.791966255209188397e+00,2.888177014294825984e+00,2.977195293771432549e+00,3.115592631332012363e+00,3.187303341966280179e+00,3.437130202421686320e+00,3.472348034376324222e+00,3.617160690639309006e+00,3.712431404913242527e+00,3.750196976906768676e+00,3.957451062659270491e+00,4.085710786984798837e+00,4.214532101055969093e+00,4.276719325103286451e+00,4.451874854638510293e+00,4.515215654365635878e+00,4.651434954173933711e+00,4.771888622337245423e+00,5.003065669334485044e+00,5.127958279996287949e+00,5.365118435749695713e+00,5.484741606952817428e+00,5.647957421659383748e+00,5.980773952312763875e+00,6.294371257303289724e+00,6.637741370735074753e+00,6.694725769880215616e+00,7.019762354052628162e+00,7.476391709378278350e+00,7.767737191572917865e+00,8.660306085656003461e+00,9.502754264710246090e+00,1.052878603312679751e+01,6.493782461263894845e+01,7.112054645838524891e+01,7.235512490916488559e+01,7.848388886498197792e+01,8.222891734776955275e+01
1.977749023611334867e-01,-4.513807846912262534e+01,-3.875323730314381976e+01,-3.680944541699847150e+01,-3.381647343803595618e+01,-3.164645002682572539e+01,-9.734946860872174312e+00,-9.315925778857977235e+00,-9.125860577142033137e+00,-8.364319316692267137e+00,-7.652263052610599914e+00,-7.283079650978026010e+00,-7.017978252402496508e+00,-6.655074703035953831e+00,-6.259831944207261856e+00,-6.043986317965796218e+00,-5.840730826896249894e+00,-5.598625830325713260e+00,-5.467554400580171503e+00,-5.381743914264760953e+00,-5.214997411341201428e+00,-4.987197951973055154e+00,-4.816297501881511955e+00,-4.607264756007490192e+00,-4.534763472307033361e+00,-4.475619219825526685e+00,-4.236228772842402179e+00,-4.154042144705917927e+00,-4.044983290227339268e+00,-3.820390695269155756e+00,-3.679652524794988278e+00,-3.615800366894822648e+00,-3.548798750108888456e+00,-3.415482265315454402e+00,-3.287418941839681974e+00,-3.167227145155875778e+00,-3.059330272970894438e+00,-2.915042549800952454e+00,-2.827400853756444565e+00,-2.708541771274353138e+00,-2.678966498439633082e+00,-2.634495103278256867e+00,-2.429053107821641522e+00,-2.313200613146239704e+00,-2.236576521157387809e+00,-2.166464516402562435e+00,-2.100584613941974599e+00,-1.960478714279190626e+00,-1.906129921822287798e+00,-1.830903720245500965e+00,-1.741492771722453092e+00,-1.618290941113670334e+00,-1.457813273815162347e+00,-1.383199103193335722e+00,-1.311292499545143375e+00,-1.244894487473121814e+00,-1.075512006277667298e+00,-8.995932545277589565e-01,-7.462111357620516694e-01,-6.006940811705240302e-01,-2.961331972355557562e-01,5.410451005373909661e-01,6.319115672480731805e-01,7.279662736772595233e-01,8.775297153420965612e-01,9.610470458272405425e-01,1.180681632526422664e+00,1.255771870961933878e+00,1.345733868599141791e+00,1.394049463607055062e+00,1.557019680854974553e+00,1.665941144855370704e+00,1.723230185330576036e+00,1.839207189569228795e+00,1.935201804669066439e+00,2.024856747053056960e+00,2.137578491239751077e+00,2.298137819198806220e+00,2.396742386548593284e+00,2.425038011026567020e+00,2.582462971896633874e+00,2.646185244620233412e+00,2.759447798170458821e+00,2.876005706093382130e+00,2.971258613337945054e+00,3.071553449406867031e+00,3.218226176752184475e+00,3.286764761675122770e+00,3.539683678888175145e+00,3.584045671364904262e+00,3.731454880646344563e+00,3.829048143796116577e+00,3.872118419418808966e+00,4.076342675473882515e+00,4.206220660156610336e+00,4.348989048573792537e+00,4.410028514911245701e+00,4.588332069844553551e+00,4.646882298687818214e+00,4.779931882201364779e+00,4.910758366824561350e+00,5.151144680424651234e+00,5.278675483574886584e+00,5.543423526045851979e+00,5.653821684636685774e+00,5.812258949082512061e+00,6.168239036351104154e+00,6.492249677768779925e+00,6.872191039475515240e+00,6.900109691946653356e+00,7.243240610148062864e+00,7.701386146009943090e+00,7.999581459722128862e+00,8.983853507042026010e+00,9.878602281399304630e+00,1.095275150258884445e+01,6.496271787841304501e+01,7.111461332456839557e+01,7.236107885264574691e+01,7.843146022419429642e+01,8.214917118100338200e+01
1.989177646751627559e-01,-4.504901855088920115e+01,-3.876064711186842260e+01,-3.680401006097182659e+01,-3.376926764403810921e+01,-3.161178138116947522e+01,-1.007904335728389356e+01,-9.653050010705500839e+00,-9.444861675352763442e+00,-8.599190077162500501e+00,-7.891385058559992061e+00,-7.512154429979073456e+00,-7.197981450235886314e+00,-6.831317847901014595e+00,-6.425559103896579138e+00,-6.213625246316832218e+00,-6.005929478532927135e+00,-5.749929160563732822e+00,-5.630911517488947915e+00,-5.518623463543158358e+00,-5.363518732873289174e+00,-5.132986722305793670e+00,-4.946329288947948655e+00,-4.731787482350336305e+00,-4.664845500650828036e+00,-4.606503329778067091e+00,-4.349754982614960852e+00,-4.275334064854736660e+00,-4.149781028950759953e+00,-3.930534588844153188e+00,-3.782771641285687991e+00,-3.713007919975038540e+00,-3.644599776975379957e+00,-3.511384145878831298e+00,-3.375630154159177110e+00,-3.266354728266181784e+00,-3.142254738640854583e+00,-2.991696190866844685e+00,-2.905550139607161242e+00,-2.781845356785133561e+00,-2.747210925426718298e+00,-2.710788811065728776e+00,-2.492049563610965190e+00,-2.383333375588969183e+00,-2.301837602468819632e+00,-2.228068772204200521e+00,-2.160827319998511520e+00,-2.019203578819070533e+00,-1.952638009317862799e+00,-1.888857476802566104e+00,-1.788115197235534470e+00,-1.662400814550633710e+00,-1.507733894008774334e+00,-1.432716965091445305e+00,-1.347411537713576912e+00,-1.282334364052817088e+00,-1.103289985529712025e+00,-9.195596960803316122e-01,-7.734566023123318201e-01,-6.172982812593519331e-01,-3.014912240972297819e-01,5.491545574806587782e-01,6.562602930613082863e-01,7.422596755984760541e-01,8.990999416736444871e-01,9.912262528347862700e-01,1.207116521295942713e+00,1.289190840501469815e+00,1.391083284262143449e+00,1.433187363803069658e+00,1.601548994987537666e+00,1.709718781670140908e+00,1.769982350945203287e+00,1.886151812813071205e+00,1.985478699306356010e+00,2.079127492856094772e+00,2.200836145018098211e+00,2.366317848308013616e+00,2.468886209774006524e+00,2.497157672757822411e+00,2.648654133970709257e+00,2.712760190190129261e+00,2.842536870769143409e+00,2.954820694799344061e+00,3.049687691889341856e+00,3.160827894338662514e+00,3.315185985129390556e+00,3.381252337529194296e+00,3.636253804339762752e+00,3.689774268233218191e+00,3.839148985867306685e+00,3.939206084635944460e+00,3.988476861110054728e+00,4.188072533992079904e+00,4.319447326183121660e+00,4.473899126935045878e+00,4.538046650596111675e+00,4.711409680663224187e+00,4.775658353078279461e+00,4.899307840874452147e+00,5.039866323958951178e+00,5.290607523802166590e+00,5.419320828369123433e+00,5.712755652754892388e+00,5.814501247763435465e+00,5.967118130666043463e+00,6.345154350539919719e+00,6.678041400691973273e+00,7.083689936537565401e+00,7.108973155577685610e+00,7.455786786289426260e+00,7.913147064864821445e+00,8.218688442161541374e+00,9.296815721443220326e+00,1.024503790868412345e+01,1.136434093206716867e+01,6.498883002660613784e+01,7.110863545922779849e+01,7.236692529892796699e+01,7.837622727770600761e+01,8.206446922987096571e+01
2.000606269891920252e-01,-4.495438439974010691e+01,-3.876866344293527789e+01,-3.679672898293240024e+01,-3.371732917290675147e+01,-3.157455873544384417e+01,-1.041663229162770143e+01,-9.986977474406611321e+00,-9.751757544876406669e+00,-8.822185143574140298e+00,-8.121501716912483460e+00,-7.730885467971338798e+00,-7.364466361924681514e+00,-6.995393000122804850e+00,-6.582312400949728470e+00,-6.373533510041025529e+00,-6.161789354890607306e+00,-5.893766366490467590e+00,-5.786284010507378284e+00,-5.645780808256194661e+00,-5.502833400396927033e+00,-5.270765384188999647e+00,-5.068474497538154822e+00,-4.849755656193725173e+00,-4.787766183818817467e+00,-4.729942994852364357e+00,-4.456968954226950608e+00,-4.390348977096543592e+00,-4.247429654239201824e+00,-4.035048262669981511e+00,-3.879869771483796637e+00,-3.804565680307768982e+00,-3.734416105429452237e+00,-3.602725332473474484e+00,-3.458558932499034455e+00,-3.361008395673440674e+00,-3.220455943802855714e+00,-3.063249457925579566e+00,-2.979260950841376765e+00,-2.853379134512474380e+00,-2.811602109937576088e+00,-2.778588647707350034e+00,-2.551848766408634894e+00,-2.449633864551491236e+00,-2.364273341016037477e+00,-2.285782583242113031e+00,-2.217302328294858516e+00,-2.076135640229957335e+00,-1.996061306139806479e+00,-1.944163472366287948e+00,-1.829946943611385324e+00,-1.703725017146108689e+00,-1.556302654316015444e+00,-1.479945163873403580e+00,-1.381689167947102836e+00,-1.318290936303917471e+00,-1.128271450822271094e+00,-9.393040649956697630e-01,-7.990598686790690852e-01,-6.334999937394395486e-01,-3.050538917135975359e-01,5.548450468204823016e-01,6.774426644983851942e-01,7.569371891238955152e-01,9.191320699695924024e-01,1.021041515420731072e+00,1.231303592602923658e+00,1.320462325458475084e+00,1.434858385024375682e+00,1.470192891989200890e+00,1.643391695280155718e+00,1.748693977367401731e+00,1.815655227330987831e+00,1.929896616129790798e+00,2.032909332260449009e+00,2.130812346474648677e+00,2.260589576263163369e+00,2.430524817411884086e+00,2.537526912643775834e+00,2.565198911894796208e+00,2.710738406952766688e+00,2.774921251213109397e+00,2.920783567999619912e+00,3.028701778405761491e+00,3.124030701101910612e+00,3.245245644502238402e+00,3.406555261566265536e+00,3.471180841347133672e+00,3.727284595802398570e+00,3.789764352035349226e+00,3.940521560288956504e+00,4.043307155047766166e+00,4.099487238258929800e+00,4.293013304224744253e+00,4.425911478400482935e+00,4.589701898390403656e+00,4.660942479804273120e+00,4.822183947223181555e+00,4.901278109564210617e+00,5.010404204046841947e+00,5.159530520518578633e+00,5.422249485238692657e+00,5.550726818282502251e+00,5.872976580179328998e+00,5.967252894935096919e+00,6.113372171268085076e+00,6.512175929647888495e+00,6.852405432079536673e+00,7.267130032545064289e+00,7.326955007589346813e+00,7.658164147044463910e+00,8.112456942876523414e+00,8.426068483660737130e+00,9.599722803351045997e+00,1.060228308628803084e+01,1.176391272620999295e+01,6.501606751780066418e+01,7.110265980948341280e+01,7.237257679168608604e+01,7.831834776010761345e+01,8.197492484799532519e+01
2.012034893032212945e-01,-4.485422395851349364e+01,-3.877720300815924048e+01,-3.678739897772989309e+01,-3.366062448682907160e+01,-3.153468549971820778e+01,-1.074818763051580461e+01,-1.031741944208284956e+01,-1.004771629977116731e+01,-9.034220315210573560e+00,-8.342849568823201167e+00,-7.939443440001045182e+00,-7.518708631192208891e+00,-7.147732058052019610e+00,-6.730846812379027710e+00,-6.524078099519967644e+00,-6.308844876414593017e+00,-6.030486028137228338e+00,-5.933805889404140999e+00,-5.764358945553172298e+00,-5.633281855707930497e+00,-5.400721297946240007e+00,-5.183089620698026145e+00,-4.961941850978345059e+00,-4.903460966904694907e+00,-4.846187099000132115e+00,-4.558146000851634128e+00,-4.499342046128285588e+00,-4.338549774867783704e+00,-4.134189399318355385e+00,-3.970980482964404867e+00,-3.890936642845482130e+00,-3.818584449361754007e+00,-3.689584160457739959e+00,-3.536943501947669599e+00,-3.451077675906419895e+00,-3.294300256500560131e+00,-3.130028218834416176e+00,-3.048788332628887154e+00,-2.923162962183224245e+00,-2.872652072951082047e+00,-2.837947273706254325e+00,-2.609044605761368096e+00,-2.511929541061835192e+00,-2.423974852890591780e+00,-2.339885333276686463e+00,-2.270229467135914447e+00,-2.130783572611892662e+00,-2.037531068510552323e+00,-1.996456840036533453e+00,-1.867173688000736353e+00,-1.742415756490977685e+00,-1.603502857694046213e+00,-1.524821171804682685e+00,-1.414319609903761599e+00,-1.352757604142609260e+00,-1.150631435406828773e+00,-9.592482157465773707e-01,-8.229411566862918637e-01,-6.489182604477999883e-01,-3.070943927879588031e-01,5.580807418501061434e-01,6.960131688865512922e-01,7.714910501147710375e-01,9.382791586689053220e-01,1.050239752322352560e+00,1.253522815274505264e+00,1.349819206562223650e+00,1.476508282826409113e+00,1.505524324962039584e+00,1.682451803118886424e+00,1.783449730562812086e+00,1.860060791924460499e+00,1.970733400520469303e+00,2.077740109937439517e+00,2.180055459043785060e+00,2.316846525226165188e+00,2.490846069683291031e+00,2.602695871918843995e+00,2.629280184329666259e+00,2.769173806418872896e+00,2.833031240094602943e+00,2.994057867071615586e+00,3.097939595811519453e+00,3.194775194673697527e+00,3.324980278752327489e+00,3.492440448499379180e+00,3.556873176643617462e+00,3.813170804043906958e+00,3.884205579902084704e+00,4.035805570448879998e+00,4.141682477712997468e+00,4.205292917323964375e+00,4.391485483420813907e+00,4.526058062712001728e+00,4.697146321116258960e+00,4.778392978147570247e+00,4.923046307414798761e+00,5.021879573658686091e+00,5.114172890086663870e+00,5.270143994893687456e+00,5.546714682466073576e+00,5.673563264030197395e+00,6.024032115324275516e+00,6.112325250229063478e+00,6.251807649043136017e+00,6.669863210155893007e+00,7.015925690209661170e+00,7.438044391275171918e+00,7.538790510252884047e+00,7.851048006327557616e+00,8.299982904948803863e+00,8.622613241904446113e+00,9.893004182756394371e+00,1.095041350287040771e+01,1.215169753355725568e+01,6.504433271209632039e+01,7.109673007209768514e+01,7.237794383886490834e+01,7.825798767400911515e+01,8.188066029859652417e+01
2.023463516172505638e-01,-4.474859357307725816e+01,-3.878615840717675667e+01,-3.677582477420820339e+01,-3.359917435591184187e+01,-3.149205358131990096e+01,-1.107404639096568566e+01,-1.064395710944507734e+01,-1.033380881292987752e+01,-9.236015294439619439e+00,-8.555552165152199962e+00,-8.138015879523326390e+00,-7.661908831437945544e+00,-7.288676696053662418e+00,-6.871780052939919337e+00,-6.665588333970828394e+00,-6.447555161417725778e+00,-6.160355551053824819e+00,-6.073593277457229433e+00,-5.875391000949686138e+00,-5.755152683688019799e+00,-5.522975315733456014e+00,-5.290473725000050642e+00,-5.069101604949297624e+00,-5.011771117688604171e+00,-4.955434218884345654e+00,-4.653490058527816053e+00,-4.602517743572232867e+00,-4.423727089634824416e+00,-4.228156435967552973e+00,-4.056149077990897744e+00,-3.972483381029471072e+00,-3.897418433250367631e+00,-3.771989782648359046e+00,-3.611585635035270858e+00,-3.536289331547137316e+00,-3.364103566745120233e+00,-3.192349587393956245e+00,-3.114317390734606672e+00,-2.990811295768019740e+00,-2.929862560227679324e+00,-2.890290195975193210e+00,-2.664195522661676918e+00,-2.570028512172370938e+00,-2.480934012927192178e+00,-2.390681550896291974e+00,-2.319838684601352785e+00,-2.182852140127468310e+00,-2.078202641543572149e+00,-2.044972036820131400e+00,-1.900095406134811205e+00,-1.778603071290527637e+00,-1.649252611409547375e+00,-1.567296231668585005e+00,-1.445465751840895541e+00,-1.385697325454805506e+00,-1.170575489578687955e+00,-9.796829832779555547e-01,-8.451038112602426988e-01,-6.631246677785035404e-01,-3.079478326979007696e-01,5.588633201955892638e-01,7.128779852326579958e-01,7.850270479341534546e-01,9.571108129191792102e-01,1.078614329109590431e+00,1.274000791022431578e+00,1.377478425058376921e+00,1.514982997794494635e+00,1.540110060272661840e+00,1.718555286287897443e+00,1.814838802476631319e+00,1.902767490726911648e+00,2.008957482447683240e+00,2.120181999884068080e+00,2.226971600575967880e+00,2.369580682499747404e+00,2.547341754396942548e+00,2.664304453686103802e+00,2.689580096361344541e+00,2.824366950852919889e+00,2.887459745411863565e+00,3.062199341352205728e+00,3.162832154701004317e+00,3.262319135555631799e+00,3.400161028596741630e+00,3.573003191063525374e+00,3.638549157780897048e+00,3.894266149489852502e+00,3.973255581294205641e+00,4.125198071488386908e+00,4.234602563275160492e+00,4.305976921253975576e+00,4.483772793276508573e+00,4.620273982612491004e+00,4.796990868407724484e+00,4.889839291226392604e+00,5.016028319718326856e+00,5.135485132407287878e+00,5.211983023317132258e+00,5.372181055258629989e+00,5.664498588322629757e+00,5.788367374932144926e+00,6.166000153982189147e+00,6.249719495522084500e+00,6.383180423457823771e+00,6.818692391194700164e+00,7.169105921642253243e+00,7.598667261669273643e+00,7.742306280089276349e+00,8.035062065732327952e+00,8.476304538073732076e+00,8.809116749408790525e+00,1.017700295746693584e+01,1.128939866653936264e+01,1.252782719788424970e+01,6.507352422567821293e+01,7.109088614626055858e+01,7.238293517437580249e+01,7.819532072679683665e+01,8.178180711190272234e+01
2.034892139312798331e-01,-4.463755932175286034e+01,-3.879539869852149536e+01,-3.676182155606971236e+01,-3.353305532591814853e+01,-3.144654360018183681e+01,-1.139443918770855291e+01,-1.096618505252398457e+01,-1.061089235720481838e+01,-9.428130329763442674e+00,-8.759650190675531078e+00,-8.326804696148499829e+00,-7.795179777950200339e+00,-7.418518222261853090e+00,-7.005599025244952038e+00,-6.798379624963271084e+00,-6.578314512972428751e+00,-6.283600482374422036e+00,-6.205713121708251734e+00,-5.979804496288087634e+00,-5.868708010634322569e+00,-5.637597572812049762e+00,-5.390885375472314500e+00,-5.171798165796814395e+00,-5.112665971191369785e+00,-5.057814823263281134e+00,-4.743163968705747635e+00,-4.700037084687907374e+00,-4.503497765221164073e+00,-4.317097965250989766e+00,-4.135441920887964251e+00,-4.049487493685596462e+00,-3.971211140458370092e+00,-3.849945361369622621e+00,-3.683377248836691820e+00,-3.616182781031378468e+00,-3.430137197629633761e+00,-3.250518097008052720e+00,-3.175976536065412859e+00,-3.055753039632927770e+00,-2.982887926427588710e+00,-2.937049274811231125e+00,-2.717750146856000804e+00,-2.623804878672126861e+00,-2.535077617366976455e+00,-2.438473622493305459e+00,-2.366367592085812266e+00,-2.232142382283642146e+00,-2.119353403426810445e+00,-2.088583512109464912e+00,-1.929124546658567585e+00,-1.812397050591313175e+00,-1.693420728785222318e+00,-1.607316185458118163e+00,-1.475266049933525059e+00,-1.417052114617439740e+00,-1.188338241510321414e+00,-1.000713376335749194e+00,-8.656583127755478335e-01,-6.756996149335763313e-01,-3.079901644201351041e-01,5.572517576037480103e-01,7.289392563948112747e-01,7.966751671681722158e-01,9.760495010211276412e-01,1.105999643861218740e+00,1.292911325198329298e+00,1.403641136991800931e+00,1.548890289501182682e+00,1.575196018001070675e+00,1.751468097387175904e+00,1.843765655218793098e+00,1.943320979868340403e+00,2.044855753266632714e+00,2.160421993303111243e+00,2.271655325102022172e+00,2.418738915837732151e+00,2.600055902766198468e+00,2.722132440831034561e+00,2.746377720195788186e+00,2.876648203491377842e+00,2.938594804171692054e+00,3.125059543981936638e+00,3.223670171115320837e+00,3.326963416239482108e+00,3.470882012697858787e+00,3.648465489755797098e+00,3.716335882271642799e+00,3.970886557864865551e+00,4.057046978667900206e+00,4.208867307075284891e+00,4.322287811931435186e+00,4.401567641473810077e+00,4.570135282206959637e+00,4.708900764113979065e+00,4.889853480852125678e+00,4.994539986396083542e+00,5.102787258337112775e+00,5.239702749959983308e+00,5.306086712709127795e+00,5.466183376652805848e+00,5.775959444943329579e+00,5.895577494990539513e+00,6.299094568183023490e+00,6.379226959387951368e+00,6.508203315889908858e+00,6.959067541136429114e+00,7.312372786180862505e+00,7.749670726422711375e+00,7.936717890280765353e+00,8.210807843540619544e+00,8.641935505575327525e+00,8.986290309679047184e+00,1.045198663119306559e+01,1.161913217454351788e+01,1.289235690149184776e+01,6.510353730737769240e+01,7.108516364803628562e+01,7.238745800778572459e+01,7.813052766434658736e+01,8.167850648386001922e+01
2.046320762453091024e-01,-4.452119856222094540e+01,-3.880477033655103725e+01,-3.674521742226082921e+01,-3.346240014488742531e+01,-3.139802528261842696e+01,-1.170951643439154921e+01,-1.128372985720673860e+01,-1.087960939243366632e+01,-9.610997842161845384e+00,-8.955126164331952410e+00,-8.506019775590681675e+00,-7.919526620169498266e+00,-7.537540107732581873e+00,-7.132670024739822701e+00,-6.922764103797285351e+00,-6.701461751063603423e+00,-6.400431800948797267e+00,-6.330172409339362538e+00,-6.078388970925954204e+00,-5.974224809565449767e+00,-5.744624161917676552e+00,-5.484556892678197570e+00,-5.270237763484573179e+00,-5.206445881158976441e+00,-5.153374805542680015e+00,-4.827317113483634792e+00,-4.792017447329405933e+00,-4.578336725070540680e+00,-4.401121951866366011e+00,-4.208955951630179548e+00,-4.122165235484763990e+00,-4.040232992192958505e+00,-3.923442761171244797e+00,-3.753218708700673201e+00,-3.690199768416437820e+00,-3.492631814959683112e+00,-3.304819523317088503e+00,-3.233852538742696403e+00,-3.117490323221564275e+00,-3.031830086381501310e+00,-2.979120626155983498e+00,-2.769959973128080843e+00,-2.673294983518656132e+00,-2.586290509782003255e+00,-2.483542940284280132e+00,-2.410052119966120898e+00,-2.278511281793826893e+00,-2.161391135967638544e+00,-2.126888783392817839e+00,-1.954774696868521344e+00,-1.843887193866333041e+00,-1.735846394271850945e+00,-1.644799666950890860e+00,-1.503839796154351927e+00,-1.446748606179528718e+00,-1.204183912227268172e+00,-1.022239667434818422e+00,-8.848063509512705815e-01,-6.862843411599669485e-01,-3.076226090525519541e-01,5.533534218764241119e-01,7.448692598038565427e-01,8.058883788924839919e-01,9.953241277365185713e-01,1.132255379984762556e+00,1.310380417560361721e+00,1.428492655601349970e+00,1.577880976221188281e+00,1.610960681764303848e+00,1.780960899415836574e+00,1.871063067021982995e+00,1.981333231723982458e+00,2.078685637544918752e+00,2.198631711199865446e+00,2.314187320123491265e+00,2.464248448294990901e+00,2.649027676160510048e+00,2.775860276900739887e+00,2.800052242572339978e+00,2.926236817906602727e+00,2.986853423951403741e+00,3.182552570734946684e+00,3.280704252903962725e+00,3.388910631974645149e+00,3.537212204897133727e+00,3.719087426847025757e+00,3.790301099307466171e+00,4.043310206321673483e+00,4.135692571243185789e+00,4.286958084542765057e+00,4.404917786100235766e+00,4.492041961485739421e+00,4.650820742392546059e+00,4.792243828518556903e+00,4.976201979162093281e+00,5.091436884596647339e+00,5.185030534743174435e+00,5.331851125036410899e+00,5.399258912448106074e+00,5.552733204011753188e+00,5.881337004002808122e+00,5.995564220371512931e+00,6.423613773564673224e+00,6.500560426238003231e+00,6.627487549380234988e+00,7.091329946571991449e+00,7.446083470741064581e+00,7.891492438172248214e+00,8.121332169242409194e+00,8.378880084428134367e+00,8.797340577940522266e+00,9.154772381888630406e+00,1.071815578604262420e+01,1.193945437571933965e+01,1.324528228434975752e+01,6.513426423516609987e+01,7.107959348602979333e+01,7.239141827409459040e+01,7.806379548748799380e+01,8.157090972045246247e+01
2.057749385593383717e-01,-4.439960173876964689e+01,-3.881409830407439188e+01,-3.672585577615664931e+01,-3.338739719666252626e+01,-3.134635811626014501e+01,-1.201937092318762446e+01,-1.159622495576574686e+01,-1.114042405894372578e+01,-9.784948808719038382e+00,-9.141924437100623635e+00,-8.675871676113473541e+00,-8.035824030199201218e+00,-7.646059883261780321e+00,-7.253254618748128379e+00,-7.039047817808779861e+00,-6.817288674700502149e+00,-6.511060463832107459e+00,-6.446919427245109802e+00,-6.171744494815252224e+00,-6.072046215243227962e+00,-5.844075778542501709e+00,-5.571706336678827753e+00,-5.364303661297875614e+00,-5.293722185304032379e+00,-5.242077943789111849e+00,-4.906120187382608577e+00,-4.878517229317839821e+00,-4.648648983723989048e+00,-4.480305184947154018e+00,-4.276829189817163979e+00,-4.190677295313672168e+00,-4.104726807831360347e+00,-3.992473361678411159e+00,-3.821704219707631189e+00,-3.758009075944475086e+00,-3.551779850599849908e+00,-3.355514625820505081e+00,-3.288005375116645812e+00,-3.175675289110397426e+00,-3.076993291205114112e+00,-3.017042507813168850e+00,-2.820842577435289211e+00,-2.718740165641032380e+00,-2.634428191360727478e+00,-2.526139930609910600e+00,-2.451112151167124331e+00,-2.321863391356663531e+00,-2.203269760767298635e+00,-2.160856077325141733e+00,-1.977647094993612242e+00,-1.873137844770412785e+00,-1.776359117961800127e+00,-1.679618383119206637e+00,-1.531291830624591510e+00,-1.474700336481967522e+00,-1.218408340965415615e+00,-1.043981125791923370e+00,-9.027876073925076295e-01,-6.946201899147698144e-01,-3.072597158342493251e-01,5.472984058970944421e-01,7.610535065472522342e-01,8.125444747506074261e-01,1.014964604420556027e+00,1.157250587987908697e+00,1.326495897354620812e+00,1.452200909381894167e+00,1.602777939536914165e+00,1.646384759149520427e+00,1.806932224590997338e+00,1.897382225955940749e+00,2.016511999400036892e+00,2.110645322049724992e+00,2.234970599452603235e+00,2.354638977893031893e+00,2.506025031021791083e+00,2.694302179422417787e+00,2.825217930526917165e+00,2.850961924302386485e+00,2.973209618529055742e+00,3.032686128704801032e+00,3.234696932508772882e+00,3.334111885352948335e+00,3.448269941479429779e+00,3.599206425541205956e+00,3.785132562595103334e+00,3.860494763915278682e+00,4.111775751474883833e+00,4.209289019974818302e+00,4.359596055649063828e+00,4.482638871872313580e+00,4.577327504539746350e+00,4.726074511229192865e+00,4.870579253784698359e+00,5.056387069632467757e+00,5.179126345621818395e+00,5.264681813996555881e+00,5.411374245598402410e+00,5.492248869345142559e+00,5.632423427797291993e+00,5.980772841606142975e+00,6.088657446741097878e+00,6.539855974617240442e+00,6.613548562095453498e+00,6.741449795802075151e+00,7.215766136773453354e+00,7.570535121025281811e+00,8.024477901067745833e+00,8.295450558612547098e+00,8.539854983330419813e+00,8.942949300820776770e+00,9.315134268797324424e+00,1.097565147040212707e+01,1.225016918643015273e+01,1.358655278278636835e+01,6.516559473262235258e+01,7.107420149781789576e+01,7.239472089583526326e+01,7.799531653610300452e+01,8.145917873241030804e+01
2.069178008733676410e-01,-4.427287450261290758e+01,-3.882318724965697498e+01,-3.670359763334876391e+01,-3.330828896597431310e+01,-3.129139238988479832e+01,-1.232405701646169938e+01,-1.190328067566449910e+01,-1.139365991368987707e+01,-9.950234187789300577e+00,-9.319966923084962218e+00,-8.836565034175610123e+00,-8.144797377584971798e+00,-7.744464742981960192e+00,-7.367529902881949866e+00,-7.147517132775395687e+00,-6.926047723816905588e+00,-6.615693194933539800e+00,-6.555861735457257033e+00,-6.260241589847653110e+00,-6.162616021828291046e+00,-5.935978491749729358e+00,-5.652547318592338499e+00,-5.453739183970430560e+00,-5.375202549080477787e+00,-5.323850283150018292e+00,-4.979839460718786803e+00,-4.959475124855294403e+00,-4.714763950687393290e+00,-4.554702898945491185e+00,-4.339252464777633378e+00,-4.255131428440304120e+00,-4.164901676179878720e+00,-4.057037816822426812e+00,-3.888791447708180637e+00,-3.819846657541580814e+00,-3.607736973633603128e+00,-3.402834753022617953e+00,-3.338480882763507740e+00,-3.230085290865324588e+00,-3.118725759234888706e+00,-3.051187936725776151e+00,-2.870225848092279097e+00,-2.760542473839410871e+00,-2.679324907820386681e+00,-2.566478357621544859e+00,-2.489737166231261511e+00,-2.362155191201630533e+00,-2.243796989576522183e+00,-2.191560600411458282e+00,-1.998418852920595956e+00,-1.900180216930653421e+00,-1.814797196634293952e+00,-1.711584616939735959e+00,-1.557716086100571662e+00,-1.500808668229836051e+00,-1.231340876777648141e+00,-1.065524214429689032e+00,-9.198180911018960515e-01,-7.005675788240016688e-01,-3.073172312498267389e-01,5.392110230560837048e-01,7.775632640267409190e-01,8.169680356136591604e-01,1.034843453950587078e+00,1.180850008981470856e+00,1.341321329464838508e+00,1.474913229873011655e+00,1.624281331104021842e+00,1.680544260249409394e+00,1.829541782541884043e+00,1.923087376418086247e+00,2.048682085567861133e+00,2.140842187257487872e+00,2.269582528123337717e+00,2.393075750298629067e+00,2.543983072590195516e+00,2.735939549766826406e+00,2.870192968943719336e+00,2.899250048601607510e+00,3.017498037908119546e+00,3.076562160397722234e+00,3.281628823984471754e+00,3.383986238009229819e+00,3.505066497769411260e+00,3.656917223201539446e+00,3.846838034689024965e+00,3.926981887204949562e+00,4.176480029156849128e+00,4.277919418330571766e+00,4.426891382938496378e+00,4.555570411229876271e+00,4.657305670390296193e+00,4.796146987575458986e+00,4.944158392716841988e+00,5.130673160857833537e+00,5.256518936166715505e+00,5.343265017563150643e+00,5.480301202740062827e+00,5.583271227409556836e+00,5.705834536270220525e+00,6.074326278249816191e+00,6.175170351745877362e+00,6.648037523511014513e+00,6.718301314693047921e+00,6.850241968516598945e+00,7.332614946179485393e+00,7.685974509795042486e+00,8.148913635364275265e+00,8.458415881107923084e+00,8.694236755493127689e+00,9.079167239892669272e+00,9.467882276097247640e+00,1.122456169364258649e+01,1.255105645528243308e+01,1.391608207586699741e+01,6.519741640553540662e+01,7.106900814684273371e+01,7.239727006939891396e+01,7.792528742507047923e+01,8.134348658555452971e+01
2.080606631873969103e-01,-4.414114021004846933e+01,-3.883182242635938053e+01,-3.667832383777685124e+01,-3.322536952132598742e+01,-3.123297078562134743e+01,-1.262360619324077327e+01,-1.220446125323984354e+01,-1.163952923668134254e+01,-1.010704194254995514e+01,-9.489165014106491824e+00,-8.988293417039271205e+00,-8.247014590340185691e+00,-7.833235237361379610e+00,-7.475609423665568798e+00,-7.248419221334305718e+00,-7.027958773700408557e+00,-6.714502103007241374e+00,-6.656908633394154506e+00,-6.344028080861082941e+00,-6.246463682258041494e+00,-6.020385163431804187e+00,-5.727296539366448336e+00,-5.538291815061528567e+00,-5.451464649015416164e+00,-5.398672564299801024e+00,-5.049063416213027899e+00,-5.034492897328610717e+00,-4.776932886679808199e+00,-4.624358077169601344e+00,-4.396482965556022471e+00,-4.315576976854241131e+00,-4.220927070354173694e+00,-4.117155669248690586e+00,-3.953925221573649562e+00,-3.876400145388931406e+00,-3.660623248970856558e+00,-3.446980506431672531e+00,-3.385319869165370754e+00,-3.280583826655539159e+00,-3.157361655200409345e+00,-3.081873374231466123e+00,-2.917830614326983429e+00,-2.799170077507196819e+00,-2.720805447996685444e+00,-2.604729189404408007e+00,-2.526078503538174314e+00,-2.399399707814804383e+00,-2.282259109017720444e+00,-2.219588884803169293e+00,-2.017825089845359354e+00,-1.925008128414992248e+00,-1.851022307326328997e+00,-1.740452004996563495e+00,-1.583196308333584712e+00,-1.524965156001704791e+00,-1.243342636546096003e+00,-1.086372392194531411e+00,-9.360504535183542529e-01,-7.041023600033907703e-01,-3.081957086227610221e-01,5.291883340559497828e-01,7.938454141381293683e-01,8.201984796632734165e-01,1.054741044609331935e+00,1.202902766318414640e+00,1.354913016684418992e+00,1.496751885671254945e+00,1.642724585869643317e+00,1.712854060018636826e+00,1.849256876760155599e+00,1.948232595404225220e+00,2.077801225857539791e+00,2.169274850105737507e+00,2.302586183368828365e+00,2.429559446530934252e+00,2.578048283580505196e+00,2.774020495455397306e+00,2.911060511985087196e+00,2.944809609368367997e+00,3.058940166787247783e+00,3.118916553064769115e+00,3.323581067610530848e+00,3.430354255824032972e+00,3.559254096297753911e+00,3.710407046023412203e+00,3.904397466827051133e+00,3.989858910661023383e+00,4.237576399640660796e+00,4.341655103481619093e+00,4.488942165431024200e+00,4.623809510355712860e+00,4.731817960397262546e+00,4.861297088024098656e+00,5.013210345481120989e+00,5.199258595994348475e+00,5.323954019205377364e+00,5.420787790580510190e+00,5.540733103318315145e+00,5.670509447730057495e+00,5.773528943976621086e+00,6.161981877027106869e+00,6.255422394777220063e+00,6.748237459428352736e+00,6.815260946453881807e+00,6.953766726669103448e+00,7.442073892065701912e+00,7.792607167750529307e+00,8.265039823847230238e+00,8.609715184649040509e+00,8.842363723092104166e+00,9.206385537379032868e+00,9.613457022251244766e+00,1.146492722273166720e+01,1.284188096518881572e+01,1.423375628809536586e+01,6.522961519893964066e+01,7.106402827967151836e+01,7.239896958670212257e+01,7.785390781595741316e+01,8.122401811247716807e+01
2.092035255014261796e-01,-4.400454287776828721e+01,-3.883977022308025084e+01,-3.664993717534623840e+01,-3.313898095485637896e+01,-3.117093073273261794e+01,-1.291803816334794242e+01,-1.249927080995533579e+01,-1.187815392605983078e+01,-1.025551033048516025e+01,-9.649428220274677059e+00,-9.131235794992306865e+00,-8.342892090700127383e+00,-7.912954553394122570e+00,-7.577560415628410873e+00,-7.341942062018680382e+00,-7.123214900070852451e+00,-6.807575494198962573e+00,-6.750031182260024742e+00,-6.423088912556247365e+00,-6.324137875046404567e+00,-6.097394093595013054e+00,-5.796178827884020279e+00,-5.617762683052624162e+00,-5.522825279561452305e+00,-5.466670250113239149e+00,-5.115129183380273226e+00,-5.102415489886354294e+00,-4.835329930141758048e+00,-4.689309634722765630e+00,-4.448860498901543892e+00,-4.371990852424011642e+00,-4.272928686943380683e+00,-4.172874107692029710e+00,-4.016448185521588776e+00,-3.928404536836910932e+00,-3.710524646667981319e+00,-3.488123427809619592e+00,-3.428563595477239545e+00,-3.327092077303610562e+00,-3.193200679210336901e+00,-3.109424083542599249e+00,-2.963330560854162243e+00,-2.835065713577362700e+00,-2.758708470806634505e+00,-2.641012019475110328e+00,-2.560252829984735801e+00,-2.433663098017971205e+00,-2.318252098538679640e+00,-2.245227063235931020e+00,-2.036613039061351493e+00,-1.947599721815928220e+00,-1.884921118757105996e+00,-1.765936898489700146e+00,-1.607802488931797447e+00,-1.547057854361203244e+00,-1.254794813128842224e+00,-1.105989685702398528e+00,-9.515667753713449306e-01,-7.052948205152698158e-01,-3.102572981216896730e-01,5.172900728177847185e-01,8.067678499986186136e-01,8.258928498558649745e-01,1.074404332623490221e+00,1.223233720287878468e+00,1.367337988671535776e+00,1.517809059585908615e+00,1.658265963296898127e+00,1.742881065714415811e+00,1.866775975321092185e+00,1.972650798066978517e+00,2.103955741321475781e+00,2.195844044594689404e+00,2.334061527023330029e+00,2.464149318103215247e+00,2.608172597598053422e+00,2.808646563749708669e+00,2.948220407864869053e+00,2.987424801720717671e+00,3.097387567747194037e+00,3.160058658133797493e+00,3.360842442206560143e+00,3.473211040198386446e+00,3.610729636783593932e+00,3.759759729611749091e+00,3.957956667777950965e+00,4.049254356928962295e+00,4.295174594842738891e+00,4.400557023677628798e+00,4.545837916015019964e+00,4.687434731467727822e+00,4.800679420440849832e+00,4.921788469283931100e+00,5.077942031723328142e+00,5.262287328650494977e+00,5.383006603534004952e+00,5.495884003069435586e+00,5.594097980520386315e+00,5.752877023372703569e+00,5.836079112360867072e+00,6.243647124409405613e+00,6.329763185213207244e+00,6.840382406121997327e+00,6.905129407809191378e+00,7.051774205265599171e+00,7.544305051405876483e+00,7.890605672916644941e+00,8.373057330958632249e+00,8.749087332752251811e+00,8.984311541423908309e+00,9.324989356640289273e+00,9.752230710557574511e+00,1.169674678365513287e+01,1.312239891022763416e+01,1.453944043206532299e+01,6.526207587501473029e+01,7.105927094369211261e+01,7.239972320208566714e+01,7.778137900855136877e+01,8.110097059164407085e+01
2.103463878154554489e-01,-4.386325069191082804e+01,-3.884677807809354277e+01,-3.661836437304232561e+01,-3.304950867287588778e+01,-3.110510776410994538e+01,-1.320736628103824550e+01,-1.278714826230588741e+01,-1.210958013074845496e+01,-1.039573813494388155e+01,-9.800670129776564821e+00,-9.265554482492417421e+00,-8.432713336568996354e+00,-7.984305578094659239e+00,-7.673413785152589206e+00,-7.428198509943383598e+00,-7.211986907387562873e+00,-6.894884492173054547e+00,-6.835305325236030072e+00,-6.497326105692929232e+00,-6.396126399730410306e+00,-6.167160380481937487e+00,-5.859429379125289827e+00,-5.692004751740211255e+00,-5.589340599615019833e+00,-5.528122977423953088e+00,-5.178896412158072948e+00,-5.162561662589453704e+00,-4.890057083479494970e+00,-4.749598541259262952e+00,-4.496825747288089481e+00,-4.424256890211777815e+00,-4.320987576285166831e+00,-4.224274081550596804e+00,-4.075829743299006047e+00,-3.976417939066724028e+00,-3.757495415392249960e+00,-3.526409301588578238e+00,-3.468257047876757593e+00,-3.369570837413525144e+00,-3.226499962620229311e+00,-3.134225997073852188e+00,-3.006364358324787212e+00,-2.868578359727354421e+00,-2.792923245417542333e+00,-2.675385458431343455e+00,-2.592355854336987342e+00,-2.465049839815289801e+00,-2.351516714836849431e+00,-2.268640506031399440e+00,-2.055444196143759950e+00,-1.968006572956636724e+00,-1.916367941185660007e+00,-1.787765380517863933e+00,-1.631583394636536788e+00,-1.566982131631166952e+00,-1.266068236468100405e+00,-1.123846334798984214e+00,-9.663952554607169176e-01,-7.042816810692188456e-01,-3.137962232364209236e-01,5.035409418791980674e-01,8.111243525843263580e-01,8.397750055237496181e-01,1.093583943003985759e+00,1.241639187622465501e+00,1.378689690561671455e+00,1.538141932552310465e+00,1.671015853806266493e+00,1.770236151545936387e+00,1.882894187299800626e+00,1.996082407514328416e+00,2.127330629671883244e+00,2.220392553236481881e+00,2.364036468903359722e+00,2.496901506964512407e+00,2.634350085711796741e+00,2.839934567511734453e+00,2.982052214303128501e+00,3.026889284314071116e+00,3.132811352052660148e+00,3.200089531294733280e+00,3.393719011792837748e+00,3.512551253636337467e+00,3.659347422447306375e+00,3.805090179492397251e+00,4.007618943644889242e+00,4.105318063797197325e+00,4.349342390937094294e+00,4.454676960107234684e+00,4.597663310735831566e+00,4.746508848875050646e+00,4.863703752970126359e+00,4.977874544190933115e+00,5.138535523522374859e+00,5.319855575426716499e+00,5.435321877425097092e+00,5.566799685387735508e+00,5.641645814597966435e+00,5.829601863473153678e+00,5.894168618912065227e+00,6.319143074397542748e+00,6.398596119203894261e+00,6.924298082990607561e+00,6.988712549881960001e+00,7.143973508225409219e+00,7.639440530325940060e+00,7.980117034755424221e+00,8.473132816505016152e+00,8.876568610269275794e+00,9.119856896861426421e+00,9.435365644304368971e+00,9.884503374224346217e+00,1.191998173103254111e+01,1.339236248452631273e+01,1.483298345843934385e+01,6.529468251242390409e+01,7.105473926536137697e+01,7.239943505264317025e+01,7.770790233719441176e+01,8.097455450027207746e+01
2.114892501294847182e-01,-4.371746018742922502e+01,-3.885257356417940855e+01,-3.658355796983979502e+01,-3.295737540105820074e+01,-3.103534012728506397e+01,-1.349159580269434677e+01,-1.306747123227822271e+01,-1.233378861737388021e+01,-1.052779246516493927e+01,-9.942812262471626639e+00,-9.391394254836303190e+00,-8.516654781327824608e+00,-8.048061535904528441e+00,-7.763164448512153371e+00,-7.507217706239496913e+00,-7.294426440078289886e+00,-6.976299220937254297e+00,-6.912904251030669300e+00,-6.566621757929010705e+00,-6.462803151617837472e+00,-6.229896573994150089e+00,-5.917292863106529133e+00,-5.760908090301692042e+00,-5.650901410658576651e+00,-5.583392013167238765e+00,-5.239217451118341806e+00,-5.216256790492062478e+00,-4.941153211813825052e+00,-4.805271096136363163e+00,-4.540932046021891821e+00,-4.472148697984499321e+00,-4.365143847399697741e+00,-4.271471719995618699e+00,-4.131684466609359951e+00,-4.020806801073492309e+00,-3.801561529872032441e+00,-3.561961001308097341e+00,-3.504452046623732109e+00,-3.408008690619526160e+00,-3.257471154743780684e+00,-3.156781930399775060e+00,-3.046503221492901314e+00,-2.899920262474231514e+00,-2.823428510731084362e+00,-2.707840120817230023e+00,-2.622479368200487659e+00,-2.493678987298563854e+00,-2.381871466029408246e+00,-2.289954515894003784e+00,-2.074757278777047187e+00,-1.986556524584142780e+00,-1.945091209615172678e+00,-1.805740627460984626e+00,-1.654558049188255442e+00,-1.584653923644325557e+00,-1.277468208057368937e+00,-1.139477940140688039e+00,-9.805361250341732005e-01,-7.012413451878490855e-01,-3.190072200724499707e-01,4.879447993726070965e-01,8.109667912693075964e-01,8.582650017900235184e-01,1.112050091143728325e+00,1.257890995122579847e+00,1.389096542801953493e+00,1.557768157546962851e+00,1.681101343433854645e+00,1.794561584961268164e+00,1.898370923528004184e+00,2.018267006850764211e+00,2.148165767356179590e+00,2.242756398152830233e+00,2.392478733844853878e+00,2.527866144180761498e+00,2.656631770563714579e+00,2.868006588657105116e+00,3.012857661314365831e+00,3.063042965445191168e+00,3.165333048341808286e+00,3.238892453623376966e+00,3.422510271711203700e+00,3.548387378717987151e+00,3.704931286099297338e+00,3.846551203729565493e+00,4.053456357694153134e+00,4.158203968599003097e+00,4.400108789692569466e+00,4.504058931650611441e+00,4.644502352377926968e+00,4.801080825027525201e+00,4.920742232926627935e+00,5.029770482646156893e+00,5.195142479843380734e+00,5.372017038630311880e+00,5.482113130895178266e+00,5.631264501477868833e+00,5.685342513594579650e+00,5.899699662751378249e+00,5.948859438857671655e+00,6.388200203685793888e+00,6.462391482895076145e+00,6.999846784439493597e+00,7.066715090102757557e+00,7.230105953689268006e+00,7.727587540969641289e+00,8.061269218277470117e+00,8.565403139943448707e+00,8.992442697888296976e+00,9.248533956551954205e+00,9.537910434510209257e+00,1.001049928669208278e+01,1.213456023434289399e+01,1.365152306427313356e+01,1.511422219687444013e+01,6.532731902776947663e+01,7.105043038898398322e+01,7.239801013802119201e+01,7.763367735862793495e+01,8.084499434736353862e+01
2.126321124435139875e-01,-4.356740123647228558e+01,-3.885686243403109330e+01,-3.654549804330471829e+01,-3.286303377170060713e+01,-3.096147487643719387e+01,-1.377071400860120143e+01,-1.333956895950684363e+01,-1.255070229871412479e+01,-1.065171467283483686e+01,-1.007578632182947231e+01,-9.508882320012514100e+00,-8.594813155074804811e+00,-8.105076712818332751e+00,-7.846760524236241707e+00,-7.578946082924435501e+00,-7.370667606317444331e+00,-7.051643271354201659e+00,-6.983051033177566147e+00,-6.630871620793654664e+00,-6.524414790615798765e+00,-6.285862529686824018e+00,-5.970019090552555419e+00,-5.824386889027953096e+00,-5.707336405435083471e+00,-5.632838969143297625e+00,-5.295179018210444788e+00,-5.264592901650428480e+00,-4.988606551037499948e+00,-4.856379049498117162e+00,-4.581823159400743251e+00,-4.515345158184215002e+00,-4.405405455238660117e+00,-4.314613522488035535e+00,-4.183726712492251920e+00,-4.061794861507154408e+00,-3.842725072103923001e+00,-3.594879653668074049e+00,-3.537211034460640224e+00,-3.442413767574460159e+00,-3.286280596900115203e+00,-3.177780679438967582e+00,-3.083184990549430182e+00,-2.929157136283375262e+00,-2.850311394277206922e+00,-2.738297571925019991e+00,-2.650722639172190753e+00,-2.519658472513302883e+00,-2.409194721484109625e+00,-2.309285943409124631e+00,-2.094671835399826598e+00,-2.004186767037206440e+00,-1.970366695896938358e+00,-1.819808918757902072e+00,-1.676709843603553018e+00,-1.600022185677846487e+00,-1.289163674294192319e+00,-1.152554594945811361e+00,-9.939856485526150642e-01,-6.963788615034874896e-01,-3.259589528242126666e-01,4.705091350874152645e-01,8.097777351979323912e-01,8.782722318118114657e-01,1.129594100015146152e+00,1.271755143626534190e+00,1.398717172092784899e+00,1.576661260388136698e+00,1.688701410665455205e+00,1.815598922452221320e+00,1.913797209360015739e+00,2.038983822704639515e+00,2.166715040191344421e+00,2.262805898587911813e+00,2.419296714376709012e+00,2.557080961037934586e+00,2.675137409147826162e+00,2.892978801402307454e+00,3.040849452463789682e+00,3.095775680060194102e+00,3.195170985580999545e+00,3.276198039433631859e+00,3.447501526979782849e+00,3.580755517049404535e+00,3.747283654663328800e+00,3.884336568931918254e+00,4.095523242327600677e+00,4.208051286944884950e+00,4.447467796891982239e+00,4.548741225761479434e+00,4.686442992110230854e+00,4.851187147628937879e+00,4.971730305753986556e+00,5.077618107459823449e+00,5.247876035061780797e+00,5.418790648399553156e+00,5.524224737492325232e+00,5.684893336304440048e+00,5.729522838933420736e+00,5.961441766438650980e+00,6.002009019440461834e+00,6.450488511919549417e+00,6.521661685263917541e+00,7.067084234410041965e+00,7.139559852231702308e+00,7.309973392040674867e+00,7.808833040690280392e+00,8.134176895443010480e+00,8.649979497301620412e+00,9.097129975721417239e+00,9.369748017068689094e+00,9.633035498482964698e+00,1.013036478990633604e+01,1.234038102433330053e+01,1.389963334426135333e+01,1.538298440980442905e+01,6.535986971992760175e+01,7.104633547562055185e+01,7.239535486308275836e+01,7.755889982090710078e+01,8.071252959295371454e+01
2.137749747575432568e-01,-4.341334300710693128e+01,-3.885932541296291731e+01,-3.650419377257863118e+01,-3.276695741521361782e+01,-3.088337559455564474e+01,-1.404467264137897509e+01,-1.360274316818785323e+01,-1.276019186093433078e+01,-1.076752484501687412e+01,-1.019953525725322763e+01,-9.618128859341515735e+00,-8.667229496405225220e+00,-8.156281591992263102e+00,-7.924080829815684623e+00,-7.643259552007058311e+00,-7.440827210424273197e+00,-7.120745527037989575e+00,-7.045972195696183604e+00,-6.689996645547877208e+00,-6.581095977839187761e+00,-6.335348096750273328e+00,-6.017855030461029209e+00,-5.882371301491708948e+00,-5.758474355940341738e+00,-5.676782519502104662e+00,-5.346478819611246713e+00,-5.308052612532815573e+00,-5.032369639741517631e+00,-4.902976946150912951e+00,-4.620132264350839790e+00,-4.553524489256900232e+00,-4.441761753912633282e+00,-4.353864548319361205e+00,-4.231731007961439417e+00,-4.099507676587544225e+00,-3.880969138512246008e+00,-3.625244914709578214e+00,-3.566609769965004340e+00,-3.472808488580866104e+00,-3.313051463359110382e+00,-3.198150154513688115e+00,-3.115654789583278017e+00,-2.956236699827182068e+00,-2.873752669999349418e+00,-2.766616294305175305e+00,-2.677192427572199662e+00,-2.543065782845732592e+00,-2.433425352598090008e+00,-2.326754726115770833e+00,-2.115014201244112435e+00,-2.022567070117774257e+00,-1.990824774858060309e+00,-1.830094344669255246e+00,-1.697984965818540193e+00,-1.613078527279934837e+00,-1.301133030039260952e+00,-1.162931658692009096e+00,-1.006752867778822891e+00,-6.899228786715496664e-01,-3.345792373279242171e-01,4.512765943938843449e-01,8.086626728102025430e-01,8.989718559914154916e-01,1.146021726746696112e+00,1.283031169798773075e+00,1.407717163273445093e+00,1.594744290195036385e+00,1.694066444739610988e+00,1.833304515168624693e+00,1.929463314156787623e+00,2.058061569653129919e+00,2.183217413192988676e+00,2.280466236344546704e+00,2.444350077237223751e+00,2.584559381199373451e+00,2.690064207185749456e+00,2.914952818366778775e+00,3.066154035405431966e+00,3.125031363519533478e+00,3.222558016013772342e+00,3.311664614615529967e+00,3.468968600436433292e+00,3.609713851486078706e+00,3.786192545029878342e+00,3.918679215204937893e+00,4.133868446027842758e+00,4.254968341641823137e+00,4.491381419462944002e+00,4.588759760523414499e+00,4.723582118307628086e+00,4.896852667602572318e+00,5.016724306980803405e+00,5.121460258229788565e+00,5.296801255992547475e+00,5.460174929378946551e+00,5.562268536072724423e+00,5.723717941692092914e+00,5.778262378041935321e+00,6.013149351387438557e+00,6.055432298740532460e+00,6.505715624995687563e+00,6.576866148791741473e+00,7.126297406920387267e+00,7.207352883998821014e+00,7.383438645240564924e+00,7.883247849962055298e+00,8.198946522767730727e+00,8.726951448302122216e+00,9.191080881606586317e+00,9.482882204292819139e+00,9.721173175393579058e+00,1.024416864137437067e+01,1.253731674161354448e+01,1.413644869965014372e+01,1.563909113450692345e+01,6.539221983802984539e+01,7.104243976105431102e+01,7.239137764372688366e+01,7.748375940719016342e+01,8.057741565869673650e+01
2.149178370715725261e-01,-4.325560107328353610e+01,-3.885961352543174741e+01,-3.645968481429975583e+01,-3.266963059834182559e+01,-3.080093175288225638e+01,-1.431336534498054114e+01,-1.385629387823102121e+01,-1.296208008972121029e+01,-1.087522524582707639e+01,-1.031401345681709536e+01,-9.719227907722812532e+00,-8.733907782952464061e+00,-8.202681767764158138e+00,-7.994903028163141023e+00,-7.699987704712619951e+00,-7.505003848105990194e+00,-7.183466631793854695e+00,-7.101874729229511019e+00,-6.743943796111892652e+00,-6.632896261014673556e+00,-6.378654060739144427e+00,-6.061033289723621209e+00,-5.934803865010032986e+00,-5.804170551037537429e+00,-5.715488556542934973e+00,-5.393023648874559761e+00,-5.346910454348416941e+00,-5.072375213252241721e+00,-4.945117683426833999e+00,-4.656302297786814925e+00,-4.586536931873988365e+00,-4.474201328120172683e+00,-4.389389088360461599e+00,-4.275510769372839803e+00,-4.134002057684028841e+00,-3.916262762767234840e+00,-3.653116589914013890e+00,-3.592735400232100584e+00,-3.499227976739711199e+00,-3.337866982471581423e+00,-3.218946798845009116e+00,-3.143064441168662793e+00,-2.981042343354410651e+00,-2.893988157760501778e+00,-2.792603377003225695e+00,-2.701991823291165495e+00,-2.563941150602153662e+00,-2.454566348066400394e+00,-2.342487662387266578e+00,-2.135442035760711565e+00,-2.042695188827165609e+00,-2.005730718493283327e+00,-1.836885950129034661e+00,-1.718293447847314415e+00,-1.623863955051916941e+00,-1.313164067723708417e+00,-1.170647383466137503e+00,-1.018867745853543783e+00,-6.821342716279850116e-01,-3.446552749542856620e-01,4.303587808458969044e-01,8.081459416944761776e-01,9.199826017476714357e-01,1.161142110144258277e+00,1.291611741801466540e+00,1.416229208076230206e+00,1.611877867705825418e+00,1.697529617037738081e+00,1.847919250776280053e+00,1.945296643623708244e+00,2.075377092568575055e+00,2.197879629168952409e+00,2.295719788153993690e+00,2.467467611804138539e+00,2.610268643371236319e+00,2.701696913306695258e+00,2.934011971497624049e+00,3.088816820511797623e+00,3.150819668349523539e+00,3.247677573438596532e+00,3.344928294449314166e+00,3.487191131285185097e+00,3.635338242614950310e+00,3.821439357450550300e+00,3.949843038930945127e+00,4.168543683101551878e+00,4.299021922258664752e+00,4.531780095286731758e+00,4.624153998270648103e+00,4.756030639207554422e+00,4.938091093969851464e+00,5.055908057745546635e+00,5.161243161148195924e+00,5.341925952126611143e+00,5.496171273757537001e+00,5.596700517856043611e+00,5.751380671922009746e+00,5.828108762689881317e+00,6.055824235729772909e+00,6.108256679414464152e+00,6.553769654671596001e+00,6.628270000701787623e+00,7.177901754271627688e+00,7.269999695476193402e+00,7.450414612193601904e+00,7.950890146566846006e+00,8.255680844947066888e+00,8.796390858603333029e+00,9.274710566959868174e+00,9.587362969389213063e+00,9.802776175206902920e+00,1.035190558301191643e+01,1.272521692822785866e+01,1.436172797537652102e+01,1.588235845313268157e+01,6.542425617379072378e+01,7.103872267074422098e+01,7.238598957266870570e+01,7.740843725414202936e+01,8.043992503309598874e+01
2.160606993856017954e-01,-4.309454586647457575e+01,-3.885734174861789114e+01,-3.641204246288953783e+01,-3.257153664088230727e+01,-3.071406950553288695e+01,-1.457660491788172052e+01,-1.409954518869143847e+01,-1.315614528242203995e+01,-1.097480299801481785e+01,-1.041918631179128418e+01,-9.812258403365476056e+00,-8.794828007379354773e+00,-8.245349930420584172e+00,-8.058873965603405409e+00,-7.748949386002546014e+00,-7.563276185945099428e+00,-7.239703842120868593e+00,-7.150942776021727454e+00,-6.792683519949553883e+00,-6.679806455837661083e+00,-6.416075868468441357e+00,-6.099757832601681251e+00,-5.981639630640016136e+00,-5.844316812268022687e+00,-5.749175129188524913e+00,-5.434784551603903502e+00,-5.381376007896978564e+00,-5.108551566846280423e+00,-4.982847573199520319e+00,-4.690451515829034967e+00,-4.614531526908939973e+00,-4.502734326086406114e+00,-4.421322942706742865e+00,-4.314913379864618648e+00,-4.165284420273358990e+00,-3.948565411183593277e+00,-3.678539061266575150e+00,-3.615677724860820508e+00,-3.521722767320039527e+00,-3.360774133000044461e+00,-3.240866777331467219e+00,-3.164945904849280289e+00,-3.003448481135943204e+00,-2.911268562455929132e+00,-2.816030026797015751e+00,-2.725202854294293875e+00,-2.582294624110792469e+00,-2.472683606757890118e+00,-2.356619403170803650e+00,-2.155568777780294987e+00,-2.063586322128244888e+00,-2.016206735858469656e+00,-1.840589588774127705e+00,-1.737508029127825981e+00,-1.632473066995652644e+00,-1.324913737800529789e+00,-1.175863916979587476e+00,-1.030381083523618679e+00,-6.733251130467610146e-01,-3.558467532967998226e-01,4.079675219237397510e-01,8.085204473138336567e-01,9.409991993455065762e-01,1.174754651527164073e+00,1.297548960588068789e+00,1.424311233182016245e+00,1.627834215848291022e+00,1.699521618757274588e+00,1.859910095386670070e+00,1.960939154663101647e+00,2.090852118417294569e+00,2.210866321808630186e+00,2.308598215391535646e+00,2.488467939568011822e+00,2.634086165400349788e+00,2.710433366041400838e+00,2.950222704732373025e+00,3.108807210752548844e+00,3.173228920512712659e+00,3.270629464446506152e+00,3.375616864077177759e+00,3.502472892525189785e+00,3.657717364627180778e+00,3.852811368075429677e+00,3.978106190210022319e+00,4.199606953971617429e+00,4.340233049574503177e+00,4.568558183704617193e+00,4.654977570751017701e+00,4.783918156057505477e+00,4.974905342043257406e+00,5.089564249057735523e+00,5.196849978243354151e+00,5.383193662795131118e+00,5.526813112708503617e+00,5.627847877698684442e+00,5.772083366422156026e+00,5.875090234773924003e+00,6.091781689715621617e+00,6.158286450675944046e+00,6.594791568448473029e+00,6.675872401780345022e+00,7.222318533533178986e+00,7.327342951705863250e+00,7.510851222878274669e+00,8.011808228639853979e+00,8.304482925294419005e+00,8.858355710225479740e+00,9.348374612550253815e+00,9.682691628169612486e+00,9.878305657257554273e+00,1.045350324987149015e+01,1.290391070113807004e+01,1.457523385449302111e+01,1.611259880233834352e+01,6.545586767868471156e+01,7.103515798830869699e+01,7.237910513826652448e+01,7.733310325271096985e+01,8.030034847150604094e+01
2.172035616996310647e-01,-4.293061264620977369e+01,-3.885208081261810520e+01,-3.636137056054266026e+01,-3.247314558532465867e+01,-3.062276345648653120e+01,-1.483410587507066758e+01,-1.433186548163469176e+01,-1.334212400481719207e+01,-1.106623222320257405e+01,-1.051502933353455305e+01,-9.897285287901178563e+00,-8.849954639096754505e+00,-8.285380325868757723e+00,-8.115514893359101478e+00,-7.789996483657818160e+00,-7.615700646701251131e+00,-7.289385612464475805e+00,-7.193342785768419567e+00,-6.836207058882626697e+00,-6.721778994688959230e+00,-6.447892272118201262e+00,-6.134188795618919166e+00,-6.022848861423703681e+00,-5.878846558846450243e+00,-5.778020489446591412e+00,-5.471754830033780159e+00,-5.411633120351378778e+00,-5.140836150835867535e+00,-5.016202131445961498e+00,-4.722412656956024968e+00,-4.637907507767283555e+00,-4.527420340739276128e+00,-4.449736649963269564e+00,-4.349827985044234957e+00,-4.193322656085657130e+00,-3.977830785746592213e+00,-3.701547520449295803e+00,-3.635515462367846951e+00,-3.540365121750671307e+00,-3.381787557934798905e+00,-3.263709600275848999e+00,-3.181727589677691981e+00,-3.023362301494100901e+00,-2.925831913366525150e+00,-2.836650241353396495e+00,-2.746869328751975203e+00,-2.598123193174017409e+00,-2.487897712584689724e+00,-2.369292038446985327e+00,-2.175026665152090644e+00,-2.083852413042166507e+00,-2.023637642112368074e+00,-1.841678712628946224e+00,-1.755451860288051114e+00,-1.639054754640915545e+00,-1.335993997513201359e+00,-1.178787440278828313e+00,-1.041356928684969096e+00,-6.638861246114101666e-01,-3.677057727163461909e-01,3.844408767981403741e-01,8.099237321996992645e-01,9.617082462799767528e-01,1.186637004998975620e+00,1.301103670849345750e+00,1.431925112068370032e+00,1.642239484665059202e+00,1.700611127508948606e+00,1.869826547989253518e+00,1.975913169419292181e+00,2.104450405809689784e+00,2.222293935582977387e+00,2.319171739686947120e+00,2.507178739153916425e+00,2.655699684512453196e+00,2.716863743938660036e+00,2.963639388385503892e+00,3.126024833131839209e+00,3.192430252238417587e+00,3.291420659601863363e+00,3.403338549031342808e+00,3.515169101046503375e+00,3.676948215723745417e+00,3.880121810822149353e+00,4.003734778070824341e+00,4.227121658568114171e+00,4.378578116251969021e+00,4.601561048232527540e+00,4.681317344393929325e+00,4.807396475507464295e+00,5.007288002885930567e+00,5.118026643071824644e+00,5.228148204395431264e+00,5.420479614540626656e+00,5.552191777848793919e+00,5.655915531104592553e+00,5.787611953472549864e+00,5.917669412072522839e+00,6.122408860445556655e+00,6.204245294470142724e+00,6.629104636858370370e+00,6.719477321058962893e+00,7.259912567337669209e+00,7.379237803718988964e+00,7.564723897518115692e+00,8.066042438868624487e+00,8.345459812093560359e+00,8.912893693838633169e+00,9.412369770851748640e+00,9.768469078088060087e+00,9.948197371915918907e+00,1.054883191027821177e+01,1.307320914390474620e+01,1.477673291839874814e+01,1.632962191180116562e+01,6.548694610613718226e+01,7.103171407228414580e+01,7.237064298578945909e+01,7.725791314959982969e+01,8.015899628588171311e+01
2.183464240136603340e-01,-4.276431310887479498e+01,-3.884334703464531913e+01,-3.630780611535625013e+01,-3.237490185026495482e+01,-3.052704866314432763e+01,-1.508547624869282089e+01,-1.455267811896029606e+01,-1.351971337666431516e+01,-1.114947579711096459e+01,-1.060152695960560543e+01,-9.974360577756266721e+00,-8.899241734637975298e+00,-8.323753323065297138e+00,-8.164318977866628302e+00,-7.823059614070649204e+00,-7.662308381739951102e+00,-7.332463593109022071e+00,-7.229229787592341694e+00,-6.874524365721501162e+00,-6.758741423552486971e+00,-6.474358803194914636e+00,-6.164429483068991189e+00,-6.058420627127608427e+00,-5.907738218145440534e+00,-5.802169943788647366e+00,-5.503936785798382303e+00,-5.437849465207743371e+00,-5.169186488948671609e+00,-5.045203538162989609e+00,-4.751883077614962758e+00,-4.657152467849977384e+00,-4.548401905733222783e+00,-4.474592184124539074e+00,-4.380200857881114906e+00,-4.218054530841916616e+00,-4.004009876568475512e+00,-3.722173092903212410e+00,-3.652302944901128168e+00,-3.555256631525850253e+00,-3.400893717181891152e+00,-3.286591214655355309e+00,-3.194496748253761176e+00,-3.040748536765256915e+00,-2.937889621510264782e+00,-2.854223644823186135e+00,-2.766984723381692213e+00,-2.611431294081237642e+00,-2.500370468398593005e+00,-2.380652133104010915e+00,-2.193471086087573241e+00,-2.102608505717611376e+00,-2.028801067051301477e+00,-1.840689501681454399e+00,-1.771853273111237526e+00,-1.643807058642389185e+00,-1.346044819923870595e+00,-1.179608359103224702e+00,-1.051857959214835381e+00,-6.543189670292880455e-01,-3.796979328316907321e-01,3.602643311299070783e-01,8.123700093767556307e-01,9.817556496599731952e-01,1.196542432730354211e+00,1.302757172319585655e+00,1.438949492644299832e+00,1.654460228784096820e+00,1.701600626729420362e+00,1.878181194008741839e+00,1.989760767022374255e+00,2.116174354391149759e+00,2.232226870681607966e+00,2.327539981701645111e+00,2.523451478958475214e+00,2.674357529382946463e+00,2.722001085508813478e+00,2.974310177024392488e+00,3.140311259701336954e+00,3.208665075083094287e+00,3.309973483128264338e+00,3.427658148307698216e+00,3.525718565934670146e+00,3.693132066043877781e+00,3.903236143187590823e+00,4.026949783534358396e+00,4.251153020090687740e+00,4.413993271495648685e+00,4.630558619804028275e+00,4.703326729955416674e+00,4.826641030444625002e+00,5.035222305785199026e+00,5.141635310667699521e+00,5.255028618003610319e+00,5.453588327482083997e+00,5.572470346920436413e+00,5.680993666353290727e+00,5.798814180242323424e+00,5.955256777633601395e+00,6.148340621920107552e+00,6.245601690187543298e+00,6.657082982496851820e+00,6.758824964050124784e+00,7.290981684889050740e+00,7.425572827980641222e+00,7.612024436595650201e+00,8.113626134651770627e+00,8.378725972752956608e+00,8.960045480337976542e+00,9.466945155903166764e+00,9.844437150591296870e+00,1.001279831444801260e+01,1.063771603683509781e+01,1.323290744957466814e+01,1.496599548320068074e+01,1.653323544279333390e+01,6.551738667837366847e+01,7.102835411362892160e+01,7.236052670720835067e+01,7.718300548143464823e+01,8.001619971124104325e+01
2.194892863276896033e-01,-4.259624861580930144e+01,-3.883059022016460915e+01,-3.625151957864517982e+01,-3.227721280735497089e+01,-3.042703191579165534e+01,-1.533021937108186705e+01,-1.476146192622067765e+01,-1.368857302923440500e+01,-1.122448682422574784e+01,-1.067867115581026916e+01,-1.004352435698813295e+01,-8.942635844261655365e+00,-8.361090514378098248e+00,-8.204968428562573024e+00,-7.848187342664856736e+00,-7.703100687091254173e+00,-7.368905314671765794e+00,-7.258751958568063323e+00,-6.907662373363130826e+00,-6.790604539268471740e+00,-6.495704783851254938e+00,-6.190519272034499920e+00,-6.088365130173282402e+00,-5.931016498241944213e+00,-5.821740716307124863e+00,-5.531337371830204575e+00,-5.460176594223633550e+00,-5.193587711972991627e+00,-5.069860419016524844e+00,-4.778544574898143438e+00,-4.672709866856747496e+00,-4.565937603681088142e+00,-4.495704341959027239e+00,-4.406049884715972809e+00,-4.239394332458769732e+00,-4.027053372015577004e+00,-3.740444102081322608e+00,-3.666063109440496071e+00,-3.566534224333896219e+00,-3.418055424559578004e+00,-3.308587529406740835e+00,-3.204329455243532632e+00,-3.055638071756471952e+00,-2.947621797800890064e+00,-2.868543853804178312e+00,-2.785486330173954084e+00,-2.622248997987801644e+00,-2.510289323311594156e+00,-2.390841821310017323e+00,-2.210556369092653295e+00,-2.119309624256211055e+00,-2.032084501923513198e+00,-1.838339665369824738e+00,-1.786199311223263697e+00,-1.646963831192742367e+00,-1.354778196091923625e+00,-1.178479885305321551e+00,-1.061923516164304804e+00,-6.452644153650145542e-01,-3.912251951205014677e-01,3.360893294098378781e-01,8.157750447752091238e-01,1.000724029801767223e+00,1.204225933522760084e+00,1.303173136730521708e+00,1.445219589910276214e+00,1.663502125011660171e+00,1.703614298807217153e+00,1.885398082189923219e+00,2.002109283417130570e+00,2.126059273975795083e+00,2.240675836809161048e+00,2.333825837630861599e+00,2.537170447608201762e+00,2.688397594929102130e+00,2.727737301015590976e+00,2.982281957286568641e+00,3.151472884011499609e+00,3.222213624074790950e+00,3.326142300445022126e+00,3.448081156330741859e+00,3.534665459835845791e+00,3.706370673093356771e+00,3.922096506080377409e+00,4.047896110236096412e+00,4.271763558493572255e+00,4.446379754441341703e+00,4.655200316524804371e+00,4.721279259866962619e+00,4.841849332566443564e+00,5.058684060824635509e+00,5.160706800318365595e+00,5.277425009368760911e+00,5.482248775350788250e+00,5.587887814001448739e+00,5.703071368219216453e+00,5.806241653463800390e+00,5.987569701416605383e+00,6.169889388261638352e+00,6.282139186398140396e+00,6.679063988466809931e+00,6.793679237443994268e+00,7.315767261818622913e+00,7.466267379979717234e+00,7.652754223876240935e+00,8.154585559669541794e+00,8.404406674750859452e+00,8.999847572039922028e+00,9.512315376609468132e+00,9.910535505727745331e+00,1.007228498989391774e+01,1.071994647874007889e+01,1.338278684412108355e+01,1.514279527482637100e+01,1.672324538317297282e+01,6.554708877684019797e+01,7.102503642366214365e+01,7.234868564317567063e+01,7.710849839122258231e+01,7.987231232378253765e+01
2.206321486417188726e-01,-4.242712474786549137e+01,-3.881317994268857774e+01,-3.619271472514104460e+01,-3.218043931370991828e+01,-3.032290122353045447e+01,-1.556774329670369106e+01,-1.495774386669888045e+01,-1.384832685773362648e+01,-1.129120989530421149e+01,-1.074645990009190122e+01,-1.010480566222716092e+01,-8.980077585978110122e+00,-8.397428645512048817e+00,-8.237550596624997112e+00,-7.865572410645523149e+00,-7.738040471086455874e+00,-7.398688503534603278e+00,-7.282053066502687244e+00,-6.935663042509608189e+00,-6.817267303430239345e+00,-6.512132354465105522e+00,-6.212435280627725653e+00,-6.112712884457154772e+00,-5.948750353042070671e+00,-5.836825182304480109e+00,-5.553966946191160048e+00,-5.478746772853402724e+00,-5.214056035842276948e+00,-5.090170390426758118e+00,-4.802111057392505877e+00,-4.684921105807384301e+00,-4.580413506788072020e+00,-4.512733631710956317e+00,-4.427467981043735179e+00,-4.257238746282423492e+00,-4.046913623282175188e+00,-3.756382567048090593e+00,-3.676789719259598410e+00,-3.574372808214854924e+00,-3.433216880307358831e+00,-3.329033370922014790e+00,-3.211968083860556433e+00,-3.068120284165923195e+00,-2.955179090301232936e+00,-2.879472152963660214e+00,-2.802252748846381980e+00,-2.630645739391062943e+00,-2.517851657408173072e+00,-2.399979092337134912e+00,-2.225914377398332089e+00,-2.133586874279386425e+00,-2.033697103203460088e+00,-1.835978252796848231e+00,-1.797280357106154636e+00,-1.648772728297437151e+00,-1.361996509363289531e+00,-1.175535176076720756e+00,-1.071537566156887777e+00,-6.375063560966864884e-01,-4.016636853734844581e-01,3.127484775489474678e-01,8.199785169947194641e-01,1.018111978991423028e+00,1.209529736378407438e+00,1.303095917534309089e+00,1.450574542361859010e+00,1.668417277939922450e+00,1.707684786925275811e+00,1.891804628215392192e+00,2.012685403342906465e+00,2.134164104284708152e+00,2.247599033680022451e+00,2.338171919928233589e+00,2.548256528143538535e+00,2.695714817248445527e+00,2.736365899023173398e+00,2.987603383727207351e+00,3.159317708771375521e+00,3.233348449923236334e+00,3.339730352402532798e+00,3.464096643311939339e+00,3.542621711460940404e+00,3.716762625242800766e+00,3.936732760194598058e+00,4.066625942007787486e+00,4.289008888616599791e+00,4.475608282370711066e+00,4.674959171766719379e+00,4.735635276988517717e+00,4.853236080677201691e+00,5.077645127321814833e+00,5.175518778745539450e+00,5.295316824198504690e+00,5.506100449867116886e+00,5.598768760864514249e+00,5.722044560299560878e+00,5.810351167620694923e+00,6.014443965247274093e+00,6.187231746520770237e+00,6.313768051495974198e+00,6.695321119053500247e+00,6.823854781680031678e+00,7.334468255773462175e+00,7.501263443204315706e+00,7.686919338076076080e+00,8.188938402151954676e+00,8.422641579144610091e+00,9.032334652388051666e+00,9.548671820548253919e+00,9.966937649807341870e+00,1.012660488268980075e+01,1.079529206751348624e+01,1.352261631594195457e+01,1.530690898915169917e+01,1.689945624289601511e+01,6.557595665413684571e+01,7.102171473878630081e+01,7.233505567992536101e+01,7.703448639916244645e+01,7.972771146801477471e+01
2.217750109557481419e-01,-4.225776640668173201e+01,-3.879039100406712492e+01,-3.613162807321823067e+01,-3.208488915370158878e+01,-3.021493249656904467e+01,-1.579737400335703157e+01,-1.514108784056826806e+01,-1.399856468358811057e+01,-1.134958216072931769e+01,-1.080489561878521521e+01,-1.015822324390679299e+01,-9.011502476873483047e+00,-8.432235649845923220e+00,-8.262553176877849737e+00,-7.875566700170849366e+00,-7.767033618118111882e+00,-7.421797131697089434e+00,-7.299273213992191423e+00,-6.958580584464352015e+00,-6.838620474373692915e+00,-6.523816313096657105e+00,-6.230103037788574660e+00,-6.131510336001378292e+00,-5.961047273190599682e+00,-5.847493057232892255e+00,-5.571839136835789574e+00,-5.493669177122870728e+00,-5.230637552625233333e+00,-5.106125606315073284e+00,-4.822333428220106022e+00,-4.694017042173534549e+00,-4.592291287484973061e+00,-4.525253366805178423e+00,-4.444609317421472028e+00,-4.271472542542473327e+00,-4.063546364350751894e+00,-3.769997178714525887e+00,-3.684457553019415244e+00,-3.578984857591106739e+00,-3.446309187271363594e+00,-3.347499913110907777e+00,-3.217828623648100628e+00,-3.078319850725303564e+00,-2.960690932257449504e+00,-2.886974636603973465e+00,-2.817097903169751838e+00,-2.636740723541962872e+00,-2.523248414192690525e+00,-2.408123734839409558e+00,-2.239159227455126189e+00,-2.145183544121851860e+00,-2.033763561475787629e+00,-1.836325872952145222e+00,-1.802460503927006963e+00,-1.649467012024131929e+00,-1.367593703402483429e+00,-1.170943724127434971e+00,-1.080576951868836399e+00,-6.319172001825539287e-01,-4.104440253061032440e-01,2.912564469192591710e-01,8.247626687115157118e-01,1.033320596972082006e+00,1.212538352187196855e+00,1.303180969481643414e+00,1.454896641469138885e+00,1.669399034033569817e+00,1.713660933809694198e+00,1.897634346601363875e+00,2.021310603370116254e+00,2.140558827036274980e+00,2.252906834604634589e+00,2.340737886004673918e+00,2.556667282014237763e+00,2.696656381260473356e+00,2.747681591874479246e+00,2.990325908350688788e+00,3.163699710978078006e+00,3.242284047017015336e+00,3.350502556013590816e+00,3.475353230170988184e+00,3.550094941449454033e+00,3.724399798564388409e+00,3.947253343691480065e+00,4.083103431780764403e+00,4.302934493257980719e+00,4.501521028236356692e+00,4.689128666546937829e+00,4.747058296054268212e+00,4.861025597808930954e+00,5.092078819049142169e+00,5.186303326134544811e+00,5.308722093087688165e+00,5.524664677177486105e+00,5.605554230823031503e+00,5.737697766611844052e+00,5.811597694723719343e+00,6.035774208106797545e+00,6.200478138736260192e+00,6.340451964181546884e+00,6.706068300826175665e+00,6.849212474146754381e+00,7.347252883238015286e+00,7.530518285342178153e+00,7.714527160989216981e+00,8.216690687879143695e+00,8.433588963273518146e+00,9.057541382738969915e+00,9.576190871763014201e+00,1.001402100152658647e+01,1.017548846191528966e+01,1.086350976938412671e+01,1.365215417306236922e+01,1.545811577093833655e+01,1.706167108395306897e+01,6.560390016418035941e+01,7.101833852441212969e+01,7.231958002507352035e+01,7.696103722851516693e+01,7.958279962522317419e+01
2.229178732697774112e-01,-4.208913188910237579e+01,-3.876138967299613114e+01,-3.606852777751841899e+01,-3.199081408330665255e+01,-3.010349265332916247e+01,-1.601836881317866457e+01,-1.531108325657582192e+01,-1.413884394079080309e+01,-1.139953423232912399e+01,-1.085398363287266754e+01,-1.020378619642651863e+01,-9.036841387012918503e+00,-8.464676637527396963e+00,-8.280627396936747431e+00,-7.878704007210027171e+00,-7.789883677770116144e+00,-7.438219120543029028e+00,-7.310548456392380601e+00,-6.976477375815184345e+00,-6.854550384309902711e+00,-6.530904041635168689e+00,-6.243413258278219580e+00,-6.144813448228940267e+00,-5.968044670304769816e+00,-5.853793077369175535e+00,-5.584971018123674469e+00,-5.505026813974653876e+00,-5.243402015933900095e+00,-5.117721162191563700e+00,-4.838990964613076429e+00,-4.700132244697359241e+00,-4.601964214375880324e+00,-4.532914092774062986e+00,-4.457660895873092777e+00,-4.281974465274785757e+00,-4.076912322783218912e+00,-3.781275339096655141e+00,-3.689036386433765635e+00,-3.580618770797207695e+00,-3.457256242691320924e+00,-3.363699315465559003e+00,-3.222091601867063559e+00,-3.086363884905916954e+00,-2.964279085282433002e+00,-2.891164421460910017e+00,-2.829750078032931881e+00,-2.640712000998618247e+00,-2.526644104469026875e+00,-2.415232624946983986e+00,-2.249925877501903315e+00,-2.153926260424559480e+00,-2.032362691390679821e+00,-1.841199292620512518e+00,-1.799972660299600680e+00,-1.649236094614658032e+00,-1.371545113844633512e+00,-1.165027423337410495e+00,-1.088711847347437534e+00,-6.293118529918473314e-01,-4.171984388544305311e-01,2.727668735925720123e-01,8.298661735520457272e-01,1.045669744779051280e+00,1.213721503498129239e+00,1.303819856082682138e+00,1.458136235333409303e+00,1.667629991321071259e+00,1.720369508139074632e+00,1.903024880731749358e+00,2.027895325590232556e+00,2.145310450291717963e+00,2.256470754077813723e+00,2.341696126501351394e+00,2.562395252525819789e+00,2.693480400732005009e+00,2.759519551263087234e+00,2.990503292122617118e+00,3.164554554269511488e+00,3.249140016510292384e+00,3.358196085396053743e+00,3.481927207162517135e+00,3.557219700150668462e+00,3.729364044063778749e+00,3.953820080615504828e+00,4.097226673951469778e+00,4.313573618878854710e+00,4.523929710529146497e+00,4.697020679016522315e+00,4.756232062911514014e+00,4.865443580671194646e+00,5.101967156036538498e+00,5.193243667560226484e+00,5.317687108674615359e+00,5.537313883046268259e+00,5.608844227710569008e+00,5.749637065976203054e+00,5.810525705563758692e+00,6.051494632683357189e+00,6.209698560255220379e+00,6.362177179857423148e+00,6.711472804184984042e+00,6.869646495652556695e+00,7.354267088256722040e+00,7.553999133418897394e+00,7.735584140855161550e+00,8.237831414803576280e+00,8.437431240597737414e+00,9.075503630066229732e+00,9.595039041681118874e+00,1.005227079529363721e+01,1.021853255531294202e+01,1.092435287618990181e+01,1.377114944590541334e+01,1.559619663576325266e+01,1.720969141009129189e+01,6.563083550582106795e+01,7.101485325596196674e+01,7.230220995044912513e+01,7.688818882358492601e+01,7.943800562090240192e+01
2.240607355838066805e-01,-4.192232318014747250e+01,-3.872522348195646913e+01,-3.600371192457331659e+01,-3.189841076792198749e+01,-2.998903875622075788e+01,-1.622992782093714936e+01,-1.546733568941114001e+01,-1.426869150324275282e+01,-1.144099091461129092e+01,-1.089373065977925670e+01,-1.024149445471440956e+01,-9.056020823458132085e+00,-8.493893285461330933e+00,-8.292347244455585908e+00,-7.875785927233176942e+00,-7.806172530983305435e+00,-7.447945642288075874e+00,-7.316009768145416814e+00,-6.989418349458776270e+00,-6.864943661650547035e+00,-6.533515227722537233e+00,-6.252240117976197276e+00,-6.152681757527388662e+00,-5.969899837703017020e+00,-5.855754608158213692e+00,-5.593383233662582832e+00,-5.512874915257261144e+00,-5.252432081389417640e+00,-5.124965501166713899e+00,-4.851882166711765088e+00,-4.703328224666579516e+00,-4.609588784428849451e+00,-4.535629649905989602e+00,-4.466807968973712129e+00,-4.288623595590038917e+00,-4.086978746176334276e+00,-3.790176922492864087e+00,-3.690504212163175257e+00,-3.579557870594403557e+00,-3.465980945247506995e+00,-3.377407204448357181e+00,-3.224783604652465385e+00,-3.092350836077013554e+00,-2.966070775469281440e+00,-2.892363612364107439e+00,-2.839796489150593573e+00,-2.642803941885711438e+00,-2.528149095500689114e+00,-2.421121544012725835e+00,-2.257928957367242528e+00,-2.159703670882854087e+00,-2.029544281539119144e+00,-1.848324130265796672e+00,-1.792128972017168476e+00,-1.648200139159693434e+00,-1.373889225745168030e+00,-1.158497702279826624e+00,-1.095191476198784875e+00,-6.302304569545741364e-01,-4.219441503007871352e-01,2.584377424641702281e-01,8.349935631418444748e-01,1.054487672660674891e+00,1.213889405116912457e+00,1.305089461529817640e+00,1.460321790351886806e+00,1.664101360827432208e+00,1.726809264219238971e+00,1.908010002342670264e+00,2.032436598216531110e+00,2.148470522358745693e+00,2.258137856643541497e+00,2.341222770046805124e+00,2.565465943153533601e+00,2.687722160515481740e+00,2.770388758469661816e+00,2.988190335842421774e+00,3.161911488489879130e+00,3.253931540266624456e+00,3.362535724578042728e+00,3.484406164165307906e+00,3.563662756031396928e+00,3.731724317463631202e+00,3.956618387544965199e+00,4.108855477782376475e+00,4.320946145443824271e+00,4.542607384721017993e+00,4.698370592778396748e+00,4.763472317744497531e+00,4.866710892084947560e+00,5.107308953140594632e+00,5.196471935033854628e+00,5.322276541995352162e+00,5.543317030874531426e+00,5.609369251618882224e+00,5.757168905310804163e+00,5.807893410124259859e+00,6.061573754876535602e+00,6.214931420396434980e+00,6.378938014975734205e+00,6.711667298564377937e+00,6.885072311213581209e+00,7.355640368762471404e+00,7.571679566427317098e+00,7.750094447956372257e+00,8.252323948415872579e+00,8.434382840610991749e+00,9.086259144510938413e+00,9.605375497368088489e+00,1.008216944337992338e+01,1.025530317009033610e+01,1.097757708775646890e+01,1.387934314983991335e+01,1.572093385161226564e+01,1.734331693448386957e+01,6.565668597338070356e+01,7.101120064967409462e+01,7.228290549777834428e+01,7.681594674248384536e+01,7.929378552218045684e+01
2.252035978978359498e-01,-4.175858815314058603e+01,-3.868081892092288854e+01,-3.593750616461136360e+01,-3.180782544693802194e+01,-2.987211320540161097e+01,-1.643120257142360430e+01,-1.560946049519750289e+01,-1.438760577346491409e+01,-1.147387176165656975e+01,-1.092414340426224939e+01,-1.027133915694162347e+01,-9.068963150302495890e+00,-8.519142621513111635e+00,-8.298109207862349734e+00,-7.868162917832539627e+00,-7.814944154919911234e+00,-7.450972006546741078e+00,-7.315781679577542107e+00,-6.997464074060413708e+00,-6.869693011896703894e+00,-6.531741409004123255e+00,-6.256457027397513748e+00,-6.155174767142547410e+00,-5.966779999588321282e+00,-5.853389521366912263e+00,-5.597099893344888777e+00,-5.517241066828812102e+00,-5.257809610857951732e+00,-5.127890999837720898e+00,-4.860818726746424900e+00,-4.703618524701995263e+00,-4.615039184481418921e+00,-4.533634524626384277e+00,-4.472199997923755888e+00,-4.291306343492713005e+00,-4.093720739627119798e+00,-3.796631439452897716e+00,-3.688856813335916751e+00,-3.576120467037502415e+00,-3.472411889174210398e+00,-3.388409534291887404e+00,-3.225837350432700479e+00,-3.096332512999674158e+00,-2.966203255586306931e+00,-2.891211874694982420e+00,-2.846569215651188145e+00,-2.643327612196766374e+00,-2.527782992379513871e+00,-2.425461999657996692e+00,-2.263012146835100324e+00,-2.162449074046631114e+00,-2.025337783352172849e+00,-1.855401736194001394e+00,-1.781277217174473737e+00,-1.646391798624283753e+00,-1.374704355487897933e+00,-1.152857288569090866e+00,-1.098466946330232563e+00,-6.347646770636208302e-01,-4.251820865383439951e-01,2.491744291007593759e-01,8.398220277342568485e-01,1.059310730596758399e+00,1.213872967265783975e+00,1.306872549553230067e+00,1.461555904225459779e+00,1.659308706735902694e+00,1.732467614981620274e+00,1.912510438779019939e+00,2.035018289495420518e+00,2.150067088634675994e+00,2.257751647394416139e+00,2.339481524117301259e+00,2.565935909616615440e+00,2.680111435022385802e+00,2.779555176189881571e+00,2.983441605981661304e+00,3.155880549400203794e+00,3.256585906216119319e+00,3.363262960583399241e+00,3.483639589095272271e+00,3.568843898445375196e+00,3.731534498963442914e+00,3.955832957975844000e+00,4.117834759192811944e+00,4.325058157276660431e+00,4.557268762899103542e+00,4.693531192709122557e+00,4.768555457784880325e+00,4.865041308277989529e+00,5.108126715668095841e+00,5.196068223647676732e+00,5.322565422198928253e+00,5.542107202079280981e+00,5.607737498359090189e+00,5.759272285615918641e+00,5.804698279149826945e+00,6.066013437895311888e+00,6.216186474809306972e+00,6.390729213556063826e+00,6.706758980379073698e+00,6.895417688656100275e+00,7.351489684797797963e+00,7.583537083560192293e+00,7.758059324334438678e+00,8.260092658583591430e+00,8.424702055309975179e+00,9.089847735594805300e+00,9.607352652522365588e+00,1.010412110886220916e+01,1.028540720646127227e+01,1.102294461076249554e+01,1.397646941820046074e+01,1.583211029081704702e+01,1.746234523740858791e+01,6.568138270559448699e+01,7.100731881021431491e+01,7.226163615477396718e+01,7.674428216340878350e+01,7.915062301607005679e+01
2.263464602118652191e-01,-4.159930868669446369e+01,-3.862699304671441780e+01,-3.587026062106847490e+01,-3.171916174687778067e+01,-2.975333539428662988e+01,-1.662130225307754472e+01,-1.573707924674720005e+01,-1.449505915472111006e+01,-1.149809145613752115e+01,-1.094522726018759151e+01,-1.029330287370020081e+01,-9.075586789627429596e+00,-8.539819081461885730e+00,-8.298141891873719089e+00,-7.858241697062231523e+00,-7.814166949630261705e+00,-7.447300104833808554e+00,-7.309980764859060010e+00,-7.000663247905005271e+00,-6.868703494177329283e+00,-6.525645559718370237e+00,-6.255947930453189088e+00,-6.152351013229853116e+00,-5.958853472782391414e+00,-5.846694596481207817e+00,-5.596148186404312774e+00,-5.518126900806560542e+00,-5.259601688339112791e+00,-5.126562092529908909e+00,-4.865623074837555961e+00,-4.700991439741366129e+00,-4.618013553536946425e+00,-4.527388495317930861e+00,-4.473916384023242543e+00,-4.289924050010738732e+00,-4.097122185214767676e+00,-3.800538930826000250e+00,-3.684113129595944169e+00,-3.570658729843675161e+00,-3.476490936910662910e+00,-3.396466581572262999e+00,-3.225133524038187982e+00,-3.098313689121310777e+00,-2.964815849644775625e+00,-2.888769289744570923e+00,-2.849031167842881018e+00,-2.642641482898758110e+00,-2.525438827096268657e+00,-2.427834326097550122e+00,-2.265161268134988859e+00,-2.162129798623707355e+00,-2.019758303527317445e+00,-1.861462730436754809e+00,-1.768470132700623143e+00,-1.643744262255390609e+00,-1.374084328514910025e+00,-1.150336255990171086e+00,-1.096277505267723829e+00,-6.425567592511802761e-01,-4.277913294663929777e-01,2.453128429283852607e-01,8.440087240481632946e-01,1.060134793763030325e+00,1.214094873076011938e+00,1.309038248328500131e+00,1.461998364460273425e+00,1.653438787710209690e+00,1.737141234572362913e+00,1.916328912624472469e+00,2.035811736695275709e+00,2.150102768548833421e+00,2.255178326595308036e+00,2.336600783644421142e+00,2.563890261584237162e+00,2.670999197718366247e+00,2.786616585205867302e+00,2.976310888727605075e+00,3.146627386110143476e+00,3.256970894977258446e+00,3.360182795905433117e+00,3.480413046306609637e+00,3.572213344195489082e+00,3.728832116336763924e+00,3.951632899269068577e+00,4.124009435809213642e+00,4.325901920514920285e+00,4.567527225525997991e+00,4.683260262341425673e+00,4.770972468308338321e+00,4.860642372506040587e+00,5.104469929865381062e+00,5.192062581214473838e+00,5.318633129898068468e+00,5.533680641056883509e+00,5.604042447316946784e+00,5.755144087160162236e+00,5.801633546116479856e+00,6.064847609850890109e+00,6.213447005551612001e+00,6.397541531417448191e+00,6.696836068359998784e+00,6.900616486086639689e+00,7.341922014843245137e+00,7.589551399947235488e+00,7.759476978453614393e+00,8.261002821433462984e+00,8.408708919749358301e+00,9.086311017107902899e+00,9.601115500579428641e+00,1.011842287022429865e+01,1.030852066782534315e+01,1.106022655993793791e+01,1.406225651309216751e+01,1.592950875811160394e+01,1.756657132077562267e+01,6.570486542225924609e+01,7.100314225592266837e+01,7.223838152511804367e+01,7.667313080931603508e+01,7.900902898558305765e+01
2.274893225258944884e-01,-4.144596761297706422e+01,-3.856248612442819734e+01,-3.580234603459910403e+01,-3.163249078013565807e+01,-2.963339047533960979e+01,-1.679929818089530258e+01,-1.584981835856791754e+01,-1.459050102597347554e+01,-1.151356001007595786e+01,-1.095698513391398876e+01,-1.030735970338166752e+01,-9.075806414188759774e+00,-8.555429612488595126e+00,-8.292553050289864558e+00,-7.848457899347744515e+00,-7.801738495444984878e+00,-7.436942278730893641e+00,-7.298714046450349713e+00,-6.999045734169930810e+00,-6.861898238250838666e+00,-6.515262021222283373e+00,-6.250614086321090390e+00,-6.144268896917219003e+00,-5.946282325560934723e+00,-5.835654611831519567e+00,-5.590557741670360237e+00,-5.515510852482841564e+00,-5.257849276375583081e+00,-5.121078198958878502e+00,-4.866129260832493308e+00,-4.695428392282409824e+00,-4.618167571559158802e+00,-4.517465411756882432e+00,-4.471922644480710751e+00,-4.284400941547653829e+00,-4.097175916294474973e+00,-3.801773893493646916e+00,-3.676317663898011290e+00,-3.563550357796073875e+00,-3.478181527413436225e+00,-3.401292294004204741e+00,-3.222528419272833400e+00,-3.098265303928654291e+00,-2.962032424117424512e+00,-2.886182198840418156e+00,-2.846098958560311143e+00,-2.641096310589388985e+00,-2.520875469653100609e+00,-2.427826190693738617e+00,-2.264476026803847297e+00,-2.158744527316869721e+00,-2.012812074465241352e+00,-1.866099718985533285e+00,-1.754256640224165276e+00,-1.640081251426694919e+00,-1.372117744651834226e+00,-1.151900340667642686e+00,-1.087659253516491731e+00,-6.529630297572613928e-01,-4.307610222481147999e-01,2.464315114873763812e-01,8.472028795687159830e-01,1.057527015250775415e+00,1.214346886490461630e+00,1.311553184748870837e+00,1.461838859552682335e+00,1.646534260503497604e+00,1.740772420008688037e+00,1.919153084291196132e+00,2.035073856927640534e+00,2.148558763992291176e+00,2.250332679375042222e+00,2.332649782248676029e+00,2.559438136618168880e+00,2.660558074556898411e+00,2.791305462856683128e+00,2.966852056539734050e+00,3.134348798034405359e+00,3.254920648127880956e+00,3.353217869498331893e+00,3.475273175353297717e+00,3.573370139240918064e+00,3.723638086838633843e+00,3.944165320396609165e+00,4.127231668423260835e+00,4.323455998377815135e+00,4.572802861926763995e+00,4.668521612525552200e+00,4.770219327362908324e+00,4.853714624053308668e+00,5.096413228423998021e+00,5.184441191637837676e+00,5.310559021158646864e+00,5.518623782784359832e+00,5.597832260419786543e+00,5.745043567726560774e+00,5.798253436013583340e+00,6.058138527622957348e+00,6.206673659842631530e+00,6.399358985040504599e+00,6.681972418352201792e+00,6.900604488419890714e+00,7.327035941345537040e+00,7.589703156360609881e+00,7.754342911226256518e+00,8.254832580057451352e+00,8.386810427166308202e+00,9.075691801649295343e+00,9.586800285387269582e+00,1.012526751260549318e+01,1.032438731140779709e+01,1.108920401020549562e+01,1.413642771800917153e+01,1.601291129642632072e+01,1.765578706181617008e+01,6.572708313559483884e+01,7.099860177608579193e+01,7.221313203569677341e+01,7.660239316854554659e+01,7.886953991696260857e+01
2.286321848399237577e-01,-4.130008819385500374e+01,-3.848602163858365088e+01,-3.573414912131283927e+01,-3.154786254281015445e+01,-2.951301596917089753e+01,-1.696422746774100787e+01,-1.594730915692873729e+01,-1.467336132957156813e+01,-1.152018279128111189e+01,-1.095941639014412594e+01,-1.031347523223680263e+01,-9.069533125194979561e+00,-8.565562254605442405e+00,-8.281374112671684884e+00,-7.837860306331347005e+00,-7.778886321421768280e+00,-7.419926275765597268e+00,-7.282077288077740462e+00,-6.992617312949684028e+00,-6.849222453439178793e+00,-6.500597063046259727e+00,-6.240377297306225479e+00,-6.130987989213504186e+00,-5.929216431457868808e+00,-5.820246177780657781e+00,-5.580359852934058118e+00,-5.509351308795266355e+00,-5.252560630634868666e+00,-5.111569683678349740e+00,-4.862186876867432339e+00,-4.686917689335738046e+00,-4.615185749682431116e+00,-4.504530150326274907e+00,-4.466004266261528244e+00,-4.274691905667909353e+00,-4.093882765651177813e+00,-3.800191155456128289e+00,-3.665542125562386566e+00,-3.555173165334715613e+00,-3.477474866370424245e+00,-3.402556434343125158e+00,-3.217871372934087315e+00,-3.096143093435951510e+00,-2.957939683388013830e+00,-2.883658588908188491e+00,-2.837660327485082234e+00,-2.638940154019377538e+00,-2.513771017398957586e+00,-2.425129777267050368e+00,-2.261118019452827976e+00,-2.152326516877377749e+00,-2.004502174644434476e+00,-1.869093986625661952e+00,-1.739081437958343912e+00,-1.635104283650130386e+00,-1.368874362791001831e+00,-1.156190865004853130e+00,-1.074015757674430915e+00,-6.652485771907035161e-01,-4.349361244537332527e-01,2.514653503863570894e-01,8.490674127549586725e-01,1.052466223985164984e+00,1.213941160478240189e+00,1.314479504653058628e+00,1.461264671117709302e+00,1.638585096088877702e+00,1.743353860291046997e+00,1.920570097686989053e+00,2.033137359228333274e+00,2.145403061425362523e+00,2.243194096444019792e+00,2.327623835041118472e+00,2.552704838192816350e+00,2.648864488983794452e+00,2.793412485833096870e+00,2.955121971683891680e+00,3.119254796798894613e+00,3.250252443107666700e+00,3.342444486598123987e+00,3.468494010759053392e+00,3.572057254785577118e+00,3.715957454535867566e+00,3.933554494054399608e+00,4.127363158314440561e+00,4.317685274644565752e+00,4.572143878656722116e+00,4.650563760792276291e+00,4.765905371566450555e+00,4.844441596624101898e+00,5.084049813166201304e+00,5.173156362549962139e+00,5.298419167947803210e+00,5.497717105800893123e+00,5.588494094668172707e+00,5.729913084199073303e+00,5.793369052314460532e+00,6.045970316572446990e+00,6.195810369814482854e+00,6.396157037728493755e+00,6.662230910571611098e+00,6.895316680896665495e+00,7.306922500290936817e+00,7.583972834341523139e+00,7.742650585616144276e+00,8.241241579040828213e+00,8.359528560647300210e+00,9.058033226830646711e+00,9.564532967780852601e+00,1.012475999792334846e+01,1.033280479314023026e+01,1.110966804206548453e+01,1.419870211307419616e+01,1.608209846836037116e+01,1.772978056423351134e+01,6.574799482101180104e+01,7.099362406827243888e+01,7.218588974739384412e+01,7.653193645852992688e+01,7.873271468750023416e+01
2.297750471539530270e-01,-4.116314409186158230e+01,-3.839639574612575501e+01,-3.566606715535390748e+01,-3.146531764793973096e+01,-2.939298689540240161e+01,-1.711509670396796423e+01,-1.602918873391985954e+01,-1.474305486243875585e+01,-1.151786038358719466e+01,-1.095251591279327386e+01,-1.031160635600022779e+01,-9.056674600730275415e+00,-8.569861203233511304e+00,-8.264591272542505251e+00,-7.823850521744297737e+00,-7.748419474673567287e+00,-7.396300705888395832e+00,-7.260153065619357804e+00,-6.981356922893174222e+00,-6.830644966394547879e+00,-6.481630268545372608e+00,-6.225180702304435876e+00,-6.112569794169418813e+00,-5.907788616212739541e+00,-5.800442210019371991e+00,-5.565586790758665359e+00,-5.499589434182496461e+00,-5.243710026953674053e+00,-5.098186837938930793e+00,-4.853667612521429753e+00,-4.675463882352963729e+00,-4.608795935536968535e+00,-4.489376789926195599e+00,-4.455700925204690854e+00,-4.260789336029312757e+00,-4.087249113083179175e+00,-3.795632746789700640e+00,-3.651888964820766859e+00,-3.545852788101262476e+00,-3.474385983500669184e+00,-3.399923523957962601e+00,-3.211015724809696437e+00,-3.091904497516073214e+00,-2.952564859600459890e+00,-2.880352507349063895e+00,-2.824689595317913859e+00,-2.636214057145631173e+00,-2.503835351329978476e+00,-2.419587043734626075e+00,-2.255259216107689202e+00,-2.142948702405272687e+00,-1.994834638263706994e+00,-1.870289034715862053e+00,-1.723434523615947400e+00,-1.628380061032116632e+00,-1.364399894357561704e+00,-1.161544457509281703e+00,-1.057103044908896061e+00,-6.787101675930019562e-01,-4.408995246624343167e-01,2.590726986745243710e-01,8.493128151897784139e-01,1.046028052502507411e+00,1.212090331379706232e+00,1.317881159526007151e+00,1.460430979548507091e+00,1.629575852870073227e+00,1.744875782164846623e+00,1.920100203486618806e+00,2.030382600788221747e+00,2.140600583363791998e+00,2.233805624543478086e+00,2.321446527765198997e+00,2.543820384969604831e+00,2.635939135291478053e+00,2.792753606623624929e+00,2.941185884304784004e+00,3.101556764829097368e+00,3.242774658424108836e+00,3.328088910207489093e+00,3.460119670511535794e+00,3.568120290390837113e+00,3.705780957488145511e+00,3.919903911811724040e+00,4.124275009678063597e+00,4.308540694397860804e+00,4.564035544115701448e+00,4.631120815009451164e+00,4.757767025059493449e+00,4.832964789732417721e+00,5.067482231169739393e+00,5.158138336767706278e+00,5.282283744856753671e+00,5.471629162037569216e+00,5.575544252659207167e+00,5.710499326648638352e+00,5.785946864063741479e+00,6.028440889161506000e+00,6.180791362487377150e+00,6.387901337342465347e+00,6.637666073985831972e+00,6.884685544590518624e+00,7.281665425273935455e+00,7.572339737035965967e+00,7.724392371422811543e+00,8.219760154877764791e+00,8.327507358576928809e+00,9.033377687955523427e+00,9.534427793498025494e+00,1.011693648668167711e+01,1.033360873121491075e+01,1.112141907714203981e+01,1.424879523048605279e+01,1.613684860785228636e+01,1.778833540145769376e+01,6.576757002976428623e+01,7.098813109809321986e+01,7.215666936017696287e+01,7.646159882729739365e+01,7.859912921944548714e+01
2.309179094679822963e-01,-4.103644640077994410e+01,-3.829258965265100301e+01,-3.559850182227732063e+01,-3.138489855151983576e+01,-2.927409996707529771e+01,-1.725088630342070317e+01,-1.609510107805573043e+01,-1.479898633023062438e+01,-1.150648829215095148e+01,-1.093627326673996869e+01,-1.030170095831685906e+01,-9.037135197700322919e+00,-8.568009644532084579e+00,-8.242164184052242604e+00,-7.804920762071816398e+00,-7.711986871149669298e+00,-7.366140217171007087e+00,-7.233008418490224578e+00,-6.965216478021000412e+00,-6.806157211596647549e+00,-6.458316796719293151e+00,-6.204988005976223242e+00,-6.089077466586760856e+00,-5.882110667996836462e+00,-5.776216741314386560e+00,-5.546271584383327458e+00,-5.486150957761081415e+00,-5.231240850869534498e+00,-5.081083733176954276e+00,-4.840473641244111391e+00,-4.661092043565240317e+00,-4.598760934981236836e+00,-4.472812475868308546e+00,-4.440424760030055040e+00,-4.242728237094475219e+00,-4.077282637323776271e+00,-3.787935135932849473e+00,-3.635500142251226752e+00,-3.535784120629037020e+00,-3.468930560147818642e+00,-3.393133393565337830e+00,-3.201826228260077123e+00,-3.085520038659228970e+00,-2.945856007952787792e+00,-2.875355744646058476e+00,-2.808262164549655715e+00,-2.632698290858582535e+00,-2.490923491885165486e+00,-2.411168736569943682e+00,-2.247046573801091185e+00,-2.130726786468036593e+00,-1.983824706354196055e+00,-1.869542212577373963e+00,-1.707892526260975430e+00,-1.619353681105733633e+00,-1.358718246738938484e+00,-1.166943359355223642e+00,-1.038080240194190429e+00,-6.927166827775085300e-01,-4.489795158976871425e-01,2.680246396062144210e-01,8.477394901269330596e-01,1.039117687614672159e+00,1.208245602055759260e+00,1.321705354768693441e+00,1.459441165609287383e+00,1.619507603918991068e+00,1.745299643839481885e+00,1.917259613675710517e+00,2.027178071827895778e+00,2.134123652709723817e+00,2.222257605020408366e+00,2.313987997185090073e+00,2.532905692071960591e+00,2.621771937271182296e+00,2.789153134981588789e+00,2.925125295248656609e+00,3.081459091115609006e+00,3.232289524388040736e+00,3.310487223543779223e+00,3.450040262484376896e+00,3.561468974011485322e+00,3.693087155993586723e+00,3.903299404411259665e+00,4.117846806056831177e+00,4.295958568627226803e+00,4.546866548652973350e+00,4.611980213387075089e+00,4.745668173352014740e+00,4.819348020275379341e+00,5.046813074115692466e+00,5.139306525910731338e+00,5.262214697988097711e+00,5.440854650187679553e+00,5.558674678778060319e+00,5.687172722756436372e+00,5.775308020545374177e+00,6.005653897193118596e+00,6.161547711875616784e+00,6.374546770236000803e+00,6.608326253554582586e+00,6.868640122972762718e+00,7.251340844776201777e+00,7.554780935428309085e+00,7.699560713040073168e+00,8.189858222398056498e+00,8.291439975077134150e+00,9.001765639020920418e+00,9.496586128144688388e+00,1.010178112924458915e+01,1.032665896835622021e+01,1.112426573975766786e+01,1.428641958448756455e+01,1.617693703321571874e+01,1.783122974317324605e+01,6.578578942400756091e+01,7.098203911970063018e+01,7.212549952663023589e+01,7.639119628177765264e+01,7.846936847402288606e+01
2.320607717820115656e-01,-4.092102551581737657e+01,-3.817388718836017603e+01,-3.553185242857936998e+01,-3.130665959101681040e+01,-2.915715723935472425e+01,-1.737055599063652522e+01,-1.614469812951032779e+01,-1.484055617855016962e+01,-1.148595650667970958e+01,-1.091067194106867078e+01,-1.028369743975547124e+01,-9.010815989874858545e+00,-8.559718550628437228e+00,-8.214036024878931030e+00,-7.780398850287997270e+00,-7.670332453136119000e+00,-7.329549621626994416e+00,-7.200691776955930656e+00,-6.944122713010996151e+00,-6.775770240661232791e+00,-6.430590415721032294e+00,-6.179781708774573445e+00,-6.060574421946985701e+00,-5.852270219216617164e+00,-5.747549553257749189e+00,-5.522448993593346067e+00,-5.468946058386488396e+00,-5.215071316448589123e+00,-5.060400097113970652e+00,-4.822546398627855169e+00,-4.643844488155920658e+00,-4.584870752720749287e+00,-4.455159969177197254e+00,-4.419969698478923625e+00,-4.220588977405294706e+00,-4.063986137828906386e+00,-3.776936462136110340e+00,-3.616576165692861444e+00,-3.524945635004290700e+00,-3.461088908249709384e+00,-3.382092769435713464e+00,-3.190184702119555293e+00,-3.076978230590174057e+00,-2.937671077224022653e+00,-2.868120893433870222e+00,-2.789137362905124817e+00,-2.627946148643273361e+00,-2.475084414866718596e+00,-2.399913647025952557e+00,-2.236586349940848262e+00,-2.115818248797812107e+00,-1.971502453109573283e+00,-1.866702480064499126e+00,-1.693045762600389414e+00,-1.607446352232804410e+00,-1.351838912656046388e+00,-1.171810521019291507e+00,-1.017714385073409611e+00,-7.066993884924570590e-01,-4.593078354895842597e-01,2.774348361963404064e-01,8.442744230176280062e-01,1.032331064198023229e+00,1.202239989078657256e+00,1.325724139117512079e+00,1.458340734783725168e+00,1.608404816091689948e+00,1.744549873728314715e+00,1.911650934029392790e+00,2.023789056454740276e+00,2.125962423938901225e+00,2.208664911910147133e+00,2.305090744550791104e+00,2.520058710985893402e+00,2.606338687886938121e+00,2.782434255577970195e+00,2.907047092462703652e+00,3.059152083545595868e+00,3.218596132840214619e+00,3.290031162324463576e+00,3.438068165031757495e+00,3.552049171094917579e+00,3.677844820717635521e+00,3.883812272745507332e+00,4.107965764333058267e+00,4.279859336466787845e+00,4.520594936420537557e+00,4.593348968424281864e+00,4.729594568165838453e+00,4.803550082063649640e+00,5.022137423579039250e+00,5.116578514543875578e+00,5.238263456711679034e+00,5.405752497145450697e+00,5.537702753982575388e+00,5.660064916484576436e+00,5.761005776835512293e+00,5.977712096315770829e+00,6.138012167573327460e+00,6.356036672923554676e+00,6.574255507747700733e+00,6.847105721891130869e+00,7.216016444719372203e+00,7.531270095577009549e+00,7.668149484656927584e+00,8.151150844205909962e+00,8.251858851607435597e+00,8.963234307751843488e+00,9.451095615040790321e+00,1.007923933819050610e+01,1.031182899459783364e+01,1.111802341864589749e+01,1.431128506674886047e+01,1.620213520924630046e+01,1.785823535282777996e+01,6.580264521321491600e+01,7.097525729453568033e+01,7.209242460692550480e+01,7.632053272927785770e+01,7.834401534600470995e+01
2.332036340960408349e-01,-4.081753422226398698e+01,-3.803997127682306001e+01,-3.546650858848102672e+01,-3.123067531433317612e+01,-2.904294949467056242e+01,-1.747305171891466813e+01,-1.617764053884482323e+01,-1.486716715508185338e+01,-1.145614893533312717e+01,-1.087568865020657150e+01,-1.025752409014874367e+01,-8.977614725049539501e+00,-8.544719471840751979e+00,-8.180138258864714018e+00,-7.749954021078929500e+00,-7.623792995752229018e+00,-7.286666545717428001e+00,-7.163228718269356143e+00,-6.917980206770192986e+00,-6.739510635807355321e+00,-6.398367072454345994e+00,-6.149560685843836083e+00,-6.027122045026722219e+00,-5.818328762390009956e+00,-5.714429948464404774e+00,-5.494159232888776501e+00,-5.447865804327509665e+00,-5.195101117532014534e+00,-5.036244804971878430e+00,-4.799873702079035631e+00,-4.623766568755963924e+00,-4.566946964970774125e+00,-4.435999174504177134e+00,-4.394783826253950032e+00,-4.194497525369485835e+00,-4.047349540120597666e+00,-3.762483491077527997e+00,-3.595413444557054028e+00,-3.513031672293160934e+00,-3.450786663889732875e+00,-3.366915344546784539e+00,-3.175994652156824305e+00,-3.066284471414117974e+00,-2.927783018205257104e+00,-2.858383320103921932e+00,-2.767832850040729209e+00,-2.621380413608562332e+00,-2.456538062873959483e+00,-2.385864737227448629e+00,-2.223943891458466826e+00,-2.098417610769768959e+00,-1.957916002063144756e+00,-1.861599739148961818e+00,-1.679293954901919017e+00,-1.592271782459937945e+00,-1.343766902024706944e+00,-1.175778550966921188e+00,-9.966134103606391070e-01,-7.201203053528412168e-01,-4.718700022531841509e-01,2.868031278395455907e-01,8.389819976574772742e-01,1.025926508664602999e+00,1.194248394559286552e+00,1.329567100117567069e+00,1.457122762151536799e+00,1.596314109831273198e+00,1.742517280759609211e+00,1.903048601756442748e+00,2.020285363391540301e+00,2.116136473006903440e+00,2.193147090989797654e+00,2.294593751308320773e+00,2.505343134856624410e+00,2.589610457741542415e+00,2.772416410698993694e+00,2.887090531350708478e+00,3.034805200558049254e+00,3.201501685168576916e+00,3.267115988281381611e+00,3.423994048288077963e+00,3.539823781959147375e+00,3.660015326377429101e+00,3.861501881674773706e+00,4.094526305350485451e+00,4.260145761899689631e+00,4.486997624932994810e+00,4.573631304340413095e+00,4.709624614542362586e+00,4.785426455901563791e+00,4.993537705538744653e+00,5.089876306835044772e+00,5.210468579573728221e+00,5.366590471918963878e+00,5.512518920717316639e+00,5.629186317401969397e+00,5.742717978104368015e+00,5.944712796905518459e+00,6.110121708325861434e+00,6.332302100533605760e+00,6.535495329432160716e+00,6.820004173325506791e+00,7.175750083593721129e+00,7.501776096358040213e+00,7.630155519999219038e+00,8.103647005630200795e+00,8.208882582203610667e+00,8.917816353348284153e+00,9.398029636596557879e+00,1.004922769230804747e+01,1.028899818884347184e+01,1.110251264822547945e+01,1.432309919441508761e+01,1.621220984236861895e+01,1.786911644019717826e+01,6.581814146993380632e+01,7.096768585087029635e+01,7.205750700756853178e+01,7.624941326970169087e+01,7.822363625502228501e+01
2.343464964100701042e-01,-4.072619777091109938e+01,-3.789097362442237937e+01,-3.540284253292172423e+01,-3.115704670775796004e+01,-2.893223961337370298e+01,-1.755731412158488070e+01,-1.619359800842750730e+01,-1.487823148260468642e+01,-1.141694272014666112e+01,-1.083129266569987514e+01,-1.022309829653194768e+01,-8.937425684662041903e+00,-8.522759871611933491e+00,-8.140392408117865131e+00,-7.713392267504290523e+00,-7.572509263281373748e+00,-7.237662857885934997e+00,-7.120615922912453932e+00,-6.886674803336743089e+00,-6.697416160777851957e+00,-6.361548686015586540e+00,-6.114337338713710324e+00,-5.988776816643754053e+00,-5.780321179435463641e+00,-5.676858976750581043e+00,-5.461458396695704209e+00,-5.422771328144502689e+00,-5.171217824481833425e+00,-5.008684118624302073e+00,-4.772493010914343081e+00,-4.600881399864695354e+00,-4.544861377586077111e+00,-4.414650480994062320e+00,-4.365499636559696306e+00,-4.164623520685560187e+00,-4.027340549802928216e+00,-3.744437970545370753e+00,-3.572468944189229667e+00,-3.499407715799986995e+00,-3.437912699043415454e+00,-3.347876113058336767e+00,-3.159184831209757238e+00,-3.053454674530616586e+00,-2.915902677763002604e+00,-2.846035470519443500e+00,-2.744732175384111184e+00,-2.612397514035799784e+00,-2.435620336439583866e+00,-2.369024224434522985e+00,-2.209152182495014660e+00,-2.078749913571221519e+00,-1.943128798514774047e+00,-1.854043615357691133e+00,-1.666644478872553847e+00,-1.573844167183958032e+00,-1.334512936817903617e+00,-1.178576326243072181e+00,-9.753466837795219391e-01,-7.324318725603115032e-01,-4.865301357147848171e-01,2.959359072729793039e-01,8.320375670417807790e-01,1.019871474218770668e+00,1.184664577804134256e+00,1.332800288550610057e+00,1.455738175658899403e+00,1.583299967753060367e+00,1.739068828888634011e+00,1.891429098753462101e+00,2.016496240009522101e+00,2.104710378784022673e+00,2.175815928323214798e+00,2.282350019592521484e+00,2.488781847546967629e+00,2.571555476674042495e+00,2.758923892812631617e+00,2.865425401666369609e+00,3.008560837387398657e+00,3.180850419780077321e+00,3.242088521831376191e+00,3.407618697880351100e+00,3.524759852386810000e+00,3.639554903683372089e+00,3.836417450920973415e+00,4.077430076743016052e+00,4.236700714799855660e+00,4.447931206883336763e+00,4.551189729200194378e+00,4.685875998411654919e+00,4.764760687842697351e+00,4.961080761562790542e+00,5.059130083125753075e+00,5.178853354695826638e+00,5.323575846881265505e+00,5.483052247339661456e+00,5.594488964694728672e+00,5.720189653378775496e+00,5.906745410309317101e+00,6.077817945557035806e+00,6.303261120514370042e+00,6.492086189552288111e+00,6.787254622078898514e+00,7.130587845325850438e+00,7.466261314039758012e+00,7.585580342092525186e+00,8.047787014865873445e+00,8.162174159374092852e+00,8.865538479370602687e+00,9.337447015855440569e+00,1.001164104609647509e+01,1.025804620802727385e+01,1.107755738406279988e+01,1.432156719406703083e+01,1.620692188860167704e+01,1.786362834907077612e+01,6.583229430259846993e+01,7.095921374184966623e+01,7.202083023936469885e+01,7.617766044444196893e+01,7.810876365379776587e+01
2.354893587240993735e-01,-4.064682427943945697e+01,-3.772746442680038115e+01,-3.534120118499825480e+01,-3.108590503251554438e+01,-2.882574622779289797e+01,-1.762228840474034541e+01,-1.619224916764972022e+01,-1.487317843892348002e+01,-1.136820744120330851e+01,-1.077744514775942086e+01,-1.018032557918744452e+01,-8.890139428910112329e+00,-8.493600040078550961e+00,-8.094710270663709295e+00,-7.670579578915333485e+00,-7.516511302803091432e+00,-7.182745944397828985e+00,-7.072812523652135752e+00,-6.850076940638214040e+00,-6.649531702438123304e+00,-6.320026842126080346e+00,-6.074134470762964533e+00,-5.945587191076898037e+00,-5.738257046981395604e+00,-5.634849641008037757e+00,-5.424446962743776801e+00,-5.393464545461409188e+00,-5.143302412545105007e+00,-4.977736541721940355e+00,-4.740489271604723776e+00,-4.575162071254585960e+00,-4.518560234382414720e+00,-4.390569645818376721e+00,-4.332551633955626258e+00,-4.131176784581642281e+00,-4.003894933872576445e+00,-3.722681952434618413e+00,-3.548437737877531806e+00,-3.483087510458205749e+00,-3.422354704311567630e+00,-3.325315402517521779e+00,-3.139711308670665613e+00,-3.038504392723846426e+00,-2.901712976351549678e+00,-2.831043817582717281e+00,-2.720136530969613720e+00,-2.600447155660802423e+00,-2.412727641803313450e+00,-2.349336249403308763e+00,-2.192223268306619843e+00,-2.057064567441099445e+00,-1.927205546443522266e+00,-1.843834988253914897e+00,-1.654730028164676625e+00,-1.552564174861188695e+00,-1.324102020142188918e+00,-1.179977056676783986e+00,-9.545119939673570864e-01,-7.430318047223735123e-01,-5.030391493813979320e-01,3.048157529937391974e-01,8.236736253568681665e-01,1.013931063230177676e+00,1.173982228754327117e+00,1.334995891641179933e+00,1.454102956352951947e+00,1.569440901342883166e+00,1.734059759114865873e+00,1.876929528246973566e+00,2.012025626997008043e+00,2.091817690332262725e+00,2.156770438513782917e+00,2.268236899595711176e+00,2.470356473263634278e+00,2.552133550733804324e+00,2.741812526726492560e+00,2.842232547213294769e+00,2.980529708366689512e+00,3.156571874061170568e+00,3.215189818131889421e+00,3.388766839106096551e+00,3.506819936735047438e+00,3.616416729224695370e+00,3.808598922516817087e+00,4.056586299676284924e+00,4.209385051308791148e+00,4.404611611394923187e+00,4.525079777629764877e+00,4.658450222102591631e+00,4.741305003893052650e+00,4.924816595933342533e+00,5.024280019912458428e+00,5.143423490333005610e+00,5.276874246725146378e+00,5.449250674143525153e+00,5.555897386209515787e+00,5.693203995192543054e+00,5.863890725600403364e+00,6.041045892079848656e+00,6.268818206705555340e+00,6.444068783443259285e+00,6.748774786870423092e+00,7.080561538471561889e+00,7.424679374096085915e+00,7.534432191911354160e+00,7.984219488226208306e+00,8.111159748456081786e+00,8.806419999735846105e+00,9.269391874487503458e+00,9.966357440260242839e+00,1.021884888919231926e+01,1.104298321216445089e+01,1.430639190033789987e+01,1.618602544928185694e+01,1.784151605548635189e+01,6.584513186374327631e+01,7.094971579179127730e+01,7.198250279779122707e+01,7.610513253964471403e+01,7.799987628172866039e+01
2.366322210381286428e-01,-4.057886975666676932e+01,-3.755038799824946949e+01,-3.528189810186465536e+01,-3.101741306442213286e+01,-2.872412807071932761e+01,-1.766693538916125661e+01,-1.617328097956251653e+01,-1.485146205226744343e+01,-1.130980421147810056e+01,-1.071409844163244962e+01,-1.012909844926984704e+01,-8.835642409314800716e+00,-8.457010967314067429e+00,-8.042993415787449862e+00,-7.621410644406926060e+00,-7.455759125393972120e+00,-7.122161436934463019e+00,-7.019728056266709260e+00,-6.808044712943932097e+00,-6.595905734820838084e+00,-6.273686112836766249e+00,-6.028981979382830758e+00,-5.897590522491515941e+00,-5.692123651177972476e+00,-5.588425004389517170e+00,-5.383351632829858069e+00,-5.359605358647605122e+00,-5.111233714646402859e+00,-4.943374405583663922e+00,-4.703987151560141911e+00,-4.546516774276525119e+00,-4.488077629047274364e+00,-4.363371901048762602e+00,-4.296163195787545241e+00,-4.094402404311644261e+00,-3.976908246741393427e+00,-3.697121584662669047e+00,-3.524217007508821276e+00,-3.462830671830591456e+00,-3.404020067155820950e+00,-3.299553118210054592e+00,-3.117557552289687894e+00,-3.021434582794490176e+00,-2.884904630657103564e+00,-2.813400631805560881e+00,-2.694271366634641840e+00,-2.585088956733351928e+00,-2.388261461478841330e+00,-2.326703197232511400e+00,-2.173158755027309486e+00,-2.033630730120388197e+00,-1.910182260698011225e+00,-1.830794286417601224e+00,-1.643016689875470782e+00,-1.529013680295285171e+00,-1.312578529731329047e+00,-1.179773696874807820e+00,-9.347805968764943962e-01,-7.512184507364251251e-01,-5.210417004738654434e-01,3.134733433250674883e-01,8.141234508431123285e-01,1.007766086369905167e+00,1.162710014772206035e+00,1.335774188395141726e+00,1.452096366273629258e+00,1.554828452549697371e+00,1.727345380549776488e+00,1.859771057994936694e+00,2.006288358427711138e+00,2.077697104750469759e+00,2.136097450329537573e+00,2.252160467124155296e+00,2.450013222296140381e+00,2.531284191863622191e+00,2.721017089951415002e+00,2.817662228357245002e+00,2.950789095280882179e+00,3.128726602895894437e+00,3.186507904759283694e+00,3.367290716623305702e+00,3.485956478524196989e+00,3.590552930829756573e+00,3.778076865147237395e+00,4.031912224857750360e+00,4.178036828438762562e+00,4.357800214046766207e+00,4.494867363472194732e+00,4.627396968789851073e+00,4.714810453495052123e+00,4.884778269797718231e+00,4.985276679595010307e+00,5.104165117986457112e+00,5.226621131465511105e+00,5.411070191237521421e+00,5.513323699783672538e+00,5.661566520242473644e+00,5.816221482472779591e+00,5.999751709756957041e+00,6.228863977160744803e+00,6.391484686054876185e+00,6.704482604755854780e+00,7.025685701465767430e+00,7.376972016186909897e+00,7.476728602377264998e+00,7.913560476411452882e+00,8.055265540943773672e+00,8.740471343578221308e+00,9.193893558658114529e+00,9.913241307025986160e+00,1.017127516221828110e+01,1.099861550509257491e+01,1.427727344272568111e+01,1.614926652376661309e+01,1.780251244640817987e+01,6.585669417354961297e+01,7.093904937985882952e+01,7.194266289893339206e+01,7.603174234016275079e+01,7.789737870316719182e+01
2.377750833521579121e-01,-4.052153649247221523e+01,-3.736096590458054578e+01,-3.522520526485482861e+01,-3.095176361952685795e+01,-2.862796957138017007e+01,-1.769024321136003408e+01,-1.613638769966707898e+01,-1.481256853862352330e+01,-1.124158465730892509e+01,-1.064119529889565996e+01,-1.006929508312373578e+01,-8.773816428648935073e+00,-8.412772775558325478e+00,-7.985132405301189173e+00,-7.565794427034460590e+00,-7.390166093935881975e+00,-7.056198450350392726e+00,-6.961207038342227982e+00,-6.760426695469783809e+00,-6.536587293952890398e+00,-6.222406808516826260e+00,-5.978913400110918985e+00,-5.844810291928189905e+00,-5.641890245159568273e+00,-5.537614555368379321e+00,-5.338746971820326870e+00,-5.320489071663360825e+00,-5.074891796333170113e+00,-4.905530649504488139e+00,-4.663138975069873737e+00,-4.514795813294451676e+00,-4.453527776159480034e+00,-4.332760580069778378e+00,-4.256427421597799743e+00,-4.054572905652947590e+00,-3.946232280450319152e+00,-3.667688957359093394e+00,-3.500488755563052834e+00,-3.437608200493648791e+00,-3.382833860629773870e+00,-3.270841881580022648e+00,-3.092732227450985416e+00,-3.002216182268482303e+00,-2.865206356739245841e+00,-2.793099414544197856e+00,-2.667261936593258831e+00,-2.566039033117263557e+00,-2.362560921645939338e+00,-2.301037972722745906e+00,-2.151957589260716119e+00,-2.008733685764324317e+00,-1.892024152937950898e+00,-1.814803531534438408e+00,-1.630985771172147603e+00,-1.503776726505404060e+00,-1.300005505075782608e+00,-1.177769057247855189e+00,-9.169105884834979348e-01,-7.561720038950499045e-01,-5.400909719634016115e-01,3.218940917208807928e-01,8.035830979208377078e-01,1.001017700736235083e+00,1.151313492781900205e+00,1.334824897416460709e+00,1.449548057898762066e+00,1.539571025778273317e+00,1.718790902151178690e+00,1.840193575396878112e+00,1.998529673759616099e+00,2.062732042010772204e+00,2.113876738546219158e+00,2.234055462542051451e+00,2.427673590533561132e+00,2.508911357580299040e+00,2.696606697295737654e+00,2.791781453334252650e+00,2.919384792973074738e+00,3.097509779847758438e+00,3.155975441836536444e+00,3.343068839829033578e+00,3.462108451096217454e+00,3.561916608743185275e+00,3.744871440855080724e+00,4.003333437945544304e+00,4.142474324589070278e+00,4.308026892412402553e+00,4.460395289454109680e+00,4.592704110073789536e+00,4.685041244435645069e+00,4.840982572460486466e+00,4.942080332161016720e+00,5.061043383452815903e+00,5.172928818653374172e+00,5.368468850839727580e+00,5.466675121128575121e+00,5.625095029789566325e+00,5.763803941898470562e+00,5.953879967301239695e+00,6.183275763955166759e+00,6.334375876157654517e+00,6.654298095498894838e+00,6.965954249764759965e+00,7.323064407769519057e+00,7.412500067219768951e+00,7.836287346845659307e+00,7.994020171620987547e+00,8.667692474726210961e+00,9.110966547888386557e+00,9.852145345443824809e+00,1.011518460086723437e+01,1.094427751761745071e+01,1.423390868797985398e+01,1.609638158146769626e+01,1.774633634194511345e+01,6.586703274129197894e+01,7.092705081197057382e+01,7.190148398003512398e+01,7.595747411321100628e+01,7.780158230726895852e+01
2.389179456661871814e-01,-4.047387871541765492e+01,-3.716059424713224502e+01,-3.517134445158423262e+01,-3.088917535836655048e+01,-2.853776837693631308e+01,-1.769123901708251267e+01,-1.608126940842759822e+01,-1.475602304127664155e+01,-1.116338977074601679e+01,-1.055866797751395403e+01,-1.000077781047884429e+01,-8.704537925135150900e+00,-8.360673441019175200e+00,-7.921005954261889137e+00,-7.503646477153180783e+00,-7.319614061610281830e+00,-6.985195233318382435e+00,-6.897013328817329203e+00,-6.707064597680966855e+00,-6.471623318729773366e+00,-6.166067061372986657e+00,-5.923962284301198977e+00,-5.787253842434651574e+00,-5.587512789835829885e+00,-5.482449485086169361e+00,-5.291753115734300295e+00,-5.274847903363673929e+00,-5.034160316170720684e+00,-4.864108317366900636e+00,-4.618110652175651865e+00,-4.479813498963202356e+00,-4.415081194030319622e+00,-4.298476986227329100e+00,-4.213366114067886414e+00,-4.011973167378601879e+00,-3.911681760848802814e+00,-3.634341861959136999e+00,-3.477107093303388741e+00,-3.407244439182139484e+00,-3.358724439803806305e+00,-3.239354017866129976e+00,-3.065264797272141184e+00,-2.980776860451597621e+00,-2.842406108654935704e+00,-2.770125441518252352e+00,-2.639098058472171271e+00,-2.543206217123010315e+00,-2.335832299982784743e+00,-2.272332427600424420e+00,-2.128620712628083833e+00,-1.982669538140381160e+00,-1.872590461363406567e+00,-1.795845396618967138e+00,-1.618201308430063490e+00,-1.477374822537203425e+00,-1.286455075329079323e+00,-1.173777914476348050e+00,-9.016641534393481372e-01,-7.570338400490383979e-01,-5.596701686585408009e-01,3.299735182919892318e-01,7.921973531368394772e-01,9.933700260857263320e-01,1.140170624568120239e+00,1.331916936476357449e+00,1.446215412583246929e+00,1.523804956660992138e+00,1.708278335211352195e+00,1.818420107510561934e+00,1.987865455672879866e+00,2.047434083952324180e+00,2.090193551430200358e+00,2.213882085830135793e+00,2.403246581962126704e+00,2.484869849786937479e+00,2.668817910257285764e+00,2.764539103211374194e+00,2.886336615484242696e+00,3.063199506659525895e+00,3.123423056471888337e+00,3.316002746185802597e+00,3.435199799887388217e+00,3.530463887257433875e+00,3.708990537834209178e+00,3.970783730915832255e+00,4.102506948261545716e+00,4.255700713095356136e+00,4.421646705661790300e+00,4.554306293909796466e+00,4.651777772521632492e+00,4.793431270108542641e+00,4.894659471967104380e+00,5.014001939788122364e+00,5.115890496559729606e+00,5.321403154303622429e+00,5.415857779680885109e+00,5.583611835191076622e+00,5.706700400545752672e+00,5.903370788423368154e+00,6.131919797138704276e+00,6.272782295293197308e+00,6.598145193852968937e+00,6.901336989684435430e+00,7.262857611773155142e+00,7.341795980527362708e+00,7.752732776831824602e+00,7.927057428840499576e+00,8.588071193472696763e+00,9.020610269142443016e+00,9.782911339119127803e+00,1.005042534049725589e+01,1.087978839873646919e+01,1.417599039798991534e+01,1.602709590717827481e+01,1.767269021571824084e+01,6.587620997091916308e+01,7.091353169568503745e+01,7.185918067561448197e+01,7.588239630842031147e+01,7.771269026967077309e+01
2.400608079802164507e-01,-4.043489492282550657e+01,-3.695075668971564653e+01,-3.512047743121685528e+01,-3.082988600280735980e+01,-2.845392553769864108e+01,-1.766899984966453729e+01,-1.600763011919039869e+01,-1.468139519275375449e+01,-1.107504860946879965e+01,-1.046643716660379475e+01,-9.923391415805832949e+00,-8.627677053713510347e+00,-8.300507612106256872e+00,-7.850480104001842818e+00,-7.434884093164427554e+00,-7.243963454876118924e+00,-6.909535050560767999e+00,-6.826825296116230568e+00,-6.647795693395904593e+00,-6.401056169417759456e+00,-6.104544220114267894e+00,-5.864158354334395362e+00,-5.724910788031859710e+00,-5.528938340314354605e+00,-5.422957592797041926e+00,-5.242819953746948869e+00,-5.222066315517603918e+00,-4.988927936636573079e+00,-4.818990294985923128e+00,-4.569067998544948495e+00,-4.441370245318698728e+00,-4.372936792902526904e+00,-4.260277794498188442e+00,-4.166962565145420960e+00,-3.966871032796842389e+00,-3.873058663522564338e+00,-3.597061783108885802e+00,-3.453171396737181098e+00,-3.372360479905694763e+00,-3.331604802381570973e+00,-3.205187333706100095e+00,-3.035199404169257598e+00,-2.956993618067329077e+00,-2.816361799236328789e+00,-2.744454568850427378e+00,-2.609620546359122439e+00,-2.516697270261219810e+00,-2.308114425025044270e+00,-2.240695889961959342e+00,-2.103152952659254726e+00,-1.955733049487045294e+00,-1.851633675645926846e+00,-1.774016437348159503e+00,-1.604306855918573804e+00,-1.450272054011500611e+00,-1.271987228703299833e+00,-1.167642220160630462e+00,-8.895392434248792224e-01,-7.531804236497551264e-01,-5.792111890645410543e-01,3.375189370990492876e-01,7.800633148706103137e-01,9.845902686333034559e-01,1.129536026229898571e+00,1.326899401247095600e+00,1.441754347336234199e+00,1.507715472976053572e+00,1.695709819641608940e+00,1.794646077710918108e+00,1.973475972519119548e+00,2.032224500511916165e+00,2.065176270474017972e+00,2.191620810618255977e+00,2.376637912905565031e+00,2.458960296346358820e+00,2.638039784947153521e+00,2.735773058567613880e+00,2.851646215776237447e+00,3.026084753998131482e+00,3.088652549949173487e+00,3.286013018357122561e+00,3.405139447577084422e+00,3.496155805152108886e+00,3.670427275492902819e+00,3.934204242041290822e+00,4.057958911629595988e+00,4.201145016921445041e+00,4.378668603960621297e+00,4.512101576870828801e+00,4.614814142072162895e+00,4.742112865771818342e+00,4.842988772168665079e+00,4.962963725251223757e+00,5.055581712025653651e+00,5.269825439764072250e+00,5.360778699614590082e+00,5.536936293076942128e+00,5.644972890086483730e+00,5.848157120762018657e+00,6.074655990844425091e+00,6.206736399912865743e+00,6.535953216848170655e+00,6.831776302037154913e+00,7.196215642479024233e+00,7.264695298033386983e+00,7.663111647677732563e+00,7.854086522504631240e+00,8.501581281702019766e+00,8.922808745512130102e+00,9.705370107600023388e+00,9.976832160896405455e+00,1.080496108360043905e+01,1.410320605391877002e+01,1.594112166329696656e+01,1.758125755723868977e+01,6.588429834165903287e+01,7.089827588022077975e+01,7.181601468790611875e+01,7.580666770797994047e+01,7.763078876991555433e+01
2.412036702942457200e-01,-4.040359644126158400e+01,-3.673296559971562658e+01,-3.507269322505084830e+01,-3.077414327148528272e+01,-2.837673905015832787e+01,-1.762266187461065314e+01,-1.591517542581680011e+01,-1.458830301317127365e+01,-1.097637680730091780e+01,-1.036441067189150189e+01,-9.836961253573011987e+00,-8.543096531799912796e+00,-8.232075373318956224e+00,-7.773407397171777866e+00,-7.359422706514710200e+00,-7.163059657546554604e+00,-6.829609861543866955e+00,-6.750264853670870480e+00,-6.582454745846373356e+00,-6.324921144908244308e+00,-6.037715591412764482e+00,-5.799523371571834396e+00,-5.657752211207789372e+00,-5.466108360669837296e+00,-5.359158384882480419e+00,-5.190820872423673293e+00,-5.163087148003379312e+00,-4.939088839506348805e+00,-4.770047510898956844e+00,-4.516165238209903343e+00,-4.399265979299820550e+00,-4.327295634276134173e+00,-4.217931840993065506e+00,-4.117179038170700522e+00,-3.919468826062571409e+00,-3.830198460901248492e+00,-3.555851067960345446e+00,-3.427649708627723779e+00,-3.333768475245987961e+00,-3.301346132778697484e+00,-3.168378263326940836e+00,-3.002587703183747792e+00,-2.930693600002074017e+00,-2.787001266435198410e+00,-2.716055432030318517e+00,-2.578554118125257588e+00,-2.486772594434883299e+00,-2.279305408323773818e+00,-2.206334635660985199e+00,-2.075562844238196814e+00,-1.928192029414742548e+00,-1.828846435843880514e+00,-1.749507170125766731e+00,-1.589001671817826145e+00,-1.422897457577000591e+00,-1.256617903476617393e+00,-1.159259206750589577e+00,-8.803989806104374205e-01,-7.446205047638838614e-01,-5.980938761549708937e-01,3.442835562342885236e-01,7.672420801142249003e-01,9.745457152411384216e-01,1.119518642853795098e+00,1.319693409696186759e+00,1.435690532693039145e+00,1.491565196004149607e+00,1.681006794728043596e+00,1.769042917913691504e+00,1.954968445898779494e+00,2.016909710320351490e+00,2.039158789103324487e+00,2.167266340571925909e+00,2.347752205983726359e+00,2.430940174803884801e+00,2.604754759317049473e+00,2.705253052923949575e+00,2.815305168136108538e+00,2.986414137304964189e+00,3.051488678725768455e+00,3.253035015678570119e+00,3.371822829102452790e+00,3.458959550290837903e+00,3.629157206595499563e+00,3.893541553042073389e+00,4.008707596578890531e+00,4.144588489673498799e+00,4.331526507695771855e+00,4.465967962325438911e+00,4.573953585097660479e+00,4.687004911854574019e+00,4.787046744833242329e+00,4.907833544720900498e+00,4.992059162233099201e+00,5.213681555877620610e+00,5.301346802175896045e+00,5.484876261278182952e+00,5.578688591365146721e+00,5.788162236077678990e+00,6.011346118532121530e+00,6.136253862346986665e+00,6.467657591742383083e+00,6.757184334797831760e+00,7.122942176538819226e+00,7.181326752262985558e+00,7.567548537189153102e+00,7.774862220820791592e+00,8.408180446748103165e+00,8.817530013906015540e+00,9.619340719728000977e+00,9.894224577843466761e+00,1.071960001660733752e+01,1.401523628580877556e+01,1.583815559960191877e+01,1.747169980641721310e+01,6.589137936006081020e+01,7.088103786764254721e+01,7.177229957416626860e+01,7.573053561274736012e+01,7.755584595374452306e+01
2.423465326082749893e-01,-4.037905088175205748e+01,-3.650873664340575431e+01,-3.502798851866597829e+01,-3.072219402973102476e+01,-2.830640128284321833e+01,-1.755142710675380968e+01,-1.580360960493808520e+01,-1.447641468979628421e+01,-1.086717484323847849e+01,-1.025248178542576127e+01,-9.741291178010795804e+00,-8.450650209977940364e+00,-8.155180825304821468e+00,-7.689625996003454311e+00,-7.277172760551027686e+00,-7.076736500516362049e+00,-6.745729458974678572e+00,-6.666983180838972345e+00,-6.510874881047610252e+00,-6.243243852524106963e+00,-5.965458591623470141e+00,-5.730066679731444346e+00,-5.585730689212020650e+00,-5.398960473548252814e+00,-5.291058677361045959e+00,-5.134713873853789856e+00,-5.098750789180349408e+00,-4.884542398034827038e+00,-4.717144737256644405e+00,-4.459536563153523758e+00,-4.353304571049640082e+00,-4.278334485827548939e+00,-4.171231096177574038e+00,-4.063966222557250596e+00,-3.869844654045214050e+00,-3.783028370307821575e+00,-3.510731095658627510e+00,-3.399715632921425090e+00,-3.292179393358164674e+00,-3.267721789167588486e+00,-3.128916392973369653e+00,-2.967481058522707382e+00,-2.901663139625514365e+00,-2.754313147637839521e+00,-2.684892106622655206e+00,-2.545576218789945333e+00,-2.453766098578481714e+00,-2.249225444746622227e+00,-2.169495816087908757e+00,-2.045861164258502285e+00,-1.900245405983320257e+00,-1.803942136824070896e+00,-1.722565079151346046e+00,-1.572017874278441196e+00,-1.395658376129698564e+00,-1.240287045584234082e+00,-1.148615028297513163e+00,-8.733820979132002060e-01,-7.321635393025208716e-01,-6.155922547614500751e-01,3.500149502535920831e-01,7.537715808007944274e-01,9.631963425967311476e-01,1.110080323457104612e+00,1.310275877592231630e+00,1.427421580855779082e+00,1.475700173014531602e+00,1.664104309995253939e+00,1.741768989728406325e+00,1.932526157108688025e+00,1.999579055286523577e+00,2.013629253841784816e+00,2.140821737896005050e+00,2.316486644494497149e+00,2.400556537117866984e+00,2.569460918692313189e+00,2.672730661069880664e+00,2.777301038448053205e+00,2.944376181404633197e+00,3.011799051522150883e+00,3.217014489549622880e+00,3.335135118615840444e+00,3.418848227490522973e+00,3.585135648074463166e+00,3.848744412144567306e+00,3.954729029862018130e+00,4.086135736406305341e+00,4.280277299470922614e+00,4.415775734508083694e+00,4.529002831926595363e+00,4.628077047696839585e+00,4.726813398921353659e+00,4.848503111889814754e+00,4.925356210992315020e+00,5.152908499834634171e+00,5.237473272868584218e+00,5.427217415343541518e+00,5.507927561085367074e+00,5.723297486280979562e+00,5.941865118240340138e+00,6.061320615376322607e+00,6.393199496647396174e+00,6.677441009341353428e+00,7.042739107028431533e+00,7.091906355589610023e+00,7.466097937389029049e+00,7.689162673788593416e+00,8.307808013994341323e+00,8.704725247786889497e+00,9.524629047550282834e+00,9.802404813293874142e+00,1.062349864420461287e+01,1.391175283225598491e+01,1.571787632485298580e+01,1.734365277261479577e+01,6.589754228612656561e+01,7.086154402343395020e+01,7.172840299598372837e+01,7.565432594492959595e+01,7.748771888418269782e+01
2.434893949223042586e-01,-4.036040456955285549e+01,-3.627960174319154874e+01,-3.498623224238186680e+01,-3.067427233441032897e+01,-2.824300052218379165e+01,-1.745456691819442696e+01,-1.567263203348709233e+01,-1.434544784751808599e+01,-1.074722599878541551e+01,-1.013052724764381374e+01,-9.636161284927064585e+00,-8.350181318955110399e+00,-8.069630359273361364e+00,-7.598958656897388586e+00,-7.188036726093580242e+00,-6.984817480486056773e+00,-6.657998308137671906e+00,-6.576781282500033576e+00,-6.432886669302201987e+00,-6.156037321630700276e+00,-5.887650373643142032e+00,-5.655780448613047184e+00,-5.508781082776942561e+00,-5.327428380844042799e+00,-5.218648760882580007e+00,-5.073954878946043578e+00,-5.029382567112506308e+00,-4.825192067957844166e+00,-4.660143872013595256e+00,-4.399290711123571285e+00,-4.303292877955867013e+00,-4.226177089065768833e+00,-4.120010665086732971e+00,-4.007268498262384959e+00,-3.817912607168096439e+00,-3.731607210899617222e+00,-3.461744953368707911e+00,-3.368753192533222585e+00,-3.248322977553876445e+00,-3.230267532128946240e+00,-3.086757809367008942e+00,-2.929921702582909404e+00,-2.869663349951634412e+00,-2.718332106368670953e+00,-2.650925783200267727e+00,-2.510384809552749008e+00,-2.418007449173043000e+00,-2.217672323098931475e+00,-2.130418393750972861e+00,-2.014058929024503897e+00,-1.871975058785771084e+00,-1.776736833951061856e+00,-1.693461784911966639e+00,-1.553103936688216447e+00,-1.368932403550371379e+00,-1.222849638629282643e+00,-1.135806734101175719e+00,-8.672687787832326078e-01,-7.172896532437605943e-01,-6.306638411067472250e-01,3.545020269632108700e-01,7.396774844462672416e-01,9.505670440664518717e-01,1.101056428740458726e+00,1.298658924023519123e+00,1.416344084115839008e+00,1.460436275574583442e+00,1.644939600280086678e+00,1.712984987489694078e+00,1.906631639028896874e+00,1.975438473204913947e+00,1.992667848659385843e+00,2.112293537638832319e+00,2.282717970852961464e+00,2.367600679206265823e+00,2.532595848809720884e+00,2.637974863392340996e+00,2.737619559290493942e+00,2.900100319864941323e+00,2.969493103645346466e+00,3.177903174456841118e+00,3.294956405020679213e+00,3.375798187455426369e+00,3.538295625060417393e+00,3.799758741848160426e+00,3.896130776935663675e+00,4.025744172274070998e+00,4.224953837891881392e+00,4.361394757320785409e+00,4.479765009814682841e+00,4.565295182494028658e+00,4.662268183721614001e+00,4.784859060571749367e+00,4.855474595710115970e+00,5.087431932095862308e+00,5.169071361223728012e+00,5.363710539090831730e+00,5.432792378017454737e+00,5.653460281896829365e+00,5.866113246094531775e+00,5.981878447094890028e+00,6.312524169947415942e+00,6.592393028593290794e+00,6.955145250157214853e+00,6.996793830237164613e+00,7.358757695222126749e+00,7.596774292495680925e+00,8.200382312484462588e+00,8.584327518359987863e+00,9.421025698047907682e+00,9.701155526141700847e+00,1.051643660137303904e+01,1.379241593590733572e+01,1.557994103356097959e+01,1.719672242764040249e+01,6.590288264293437237e+01,7.083949832687076764e+01,7.168474451170236250e+01,7.557842652731019939e+01,7.742616739164699879e+01
2.446322572363335279e-01,-4.034688990017809118e+01,-3.604717655155502598e+01,-3.494709213520908264e+01,-3.063058720376772115e+01,-2.818652650481892863e+01,-1.733142178578484049e+01,-1.552193273023752162e+01,-1.419516600965120823e+01,-1.061629391143214463e+01,-9.998404690709779885e+00,-9.521325455325463594e+00,-8.241520332025475071e+00,-7.975230502055652870e+00,-7.501211457354263423e+00,-7.091906055586346014e+00,-6.887115223090938265e+00,-6.566247868771986518e+00,-6.479677851757110751e+00,-6.348314671342701665e+00,-6.063298785843838523e+00,-5.804166973176661415e+00,-5.576634726558193478e+00,-5.426821886721751476e+00,-5.251439877836672210e+00,-5.141899004635734904e+00,-5.008217808767766677e+00,-4.955073714150714181e+00,-4.760943572529497736e+00,-4.598905009572530567e+00,-4.335507709454882175e+00,-4.249038037592161920e+00,-4.170867031162400096e+00,-4.064168934853629622e+00,-3.947026931341614198e+00,-3.763431907343130156e+00,-3.676115655821345474e+00,-3.408972801692170318e+00,-3.334268593003969272e+00,-3.203178631701352863e+00,-3.188113085840273975e+00,-3.041836352722584014e+00,-2.889931430517955313e+00,-2.834450555468192245e+00,-2.679122323989688415e+00,-2.614115004523229757e+00,-2.472738415561639869e+00,-2.379773627339087927e+00,-2.184451502847507776e+00,-2.089308823204033327e+00,-1.980165516984055518e+00,-1.843316761387279401e+00,-1.747197050523614736e+00,-1.662472594199189802e+00,-1.532015376120211547e+00,-1.343031180781571132e+00,-1.204114639019366662e+00,-1.121033165452650637e+00,-8.609270681794563007e-01,-7.024767142836996214e-01,-6.412038285247493308e-01,3.576099083973670600e-01,7.249818669907224233e-01,9.367111589404525374e-01,1.092190105195252947e+00,1.284869473867727319e+00,1.402174174204093848e+00,1.445752691514538446e+00,1.623434448397939267e+00,1.682873054214623521e+00,1.877750361578818916e+00,1.945665239448484352e+00,1.974403373934283668e+00,2.081688371523209735e+00,2.246288224046049997e+00,2.331974356992394970e+00,2.494470500370298272e+00,2.600789986070509041e+00,2.696241954664326368e+00,2.853666326275689169e+00,2.924512516866762279e+00,3.135654433709271327e+00,3.251168877924591083e+00,3.329783181174662321e+00,3.488546872069750560e+00,3.746520677174677072e+00,3.833151806293796593e+00,3.963230908090578097e+00,4.165557440086227636e+00,4.302697674710713294e+00,4.426029618821595513e+00,4.498627773565346821e+00,4.593388477062992692e+00,4.716793459556798851e+00,4.782372763727845921e+00,5.017163623949939755e+00,5.096055520704669384e+00,5.294061515383689631e+00,5.353414781712443116e+00,5.578532220870803471e+00,5.784024684641821068e+00,5.897813449265835395e+00,6.225577807117606888e+00,6.501853895830392638e+00,6.859513086278480998e+00,6.896510053622822767e+00,7.245477649560926103e+00,7.497481491872141746e+00,8.085797690791352466e+00,8.456250119896386863e+00,9.308303322780369982e+00,9.590237186200983643e+00,1.039817649783405074e+01,1.365687105601922369e+01,1.542398155416825034e+01,1.703047993199062660e+01,6.590750052622288990e+01,7.081459459796026579e+01,7.164178675528067686e+01,7.550326585928557677e+01,7.737087270796857297e+01
2.457751195503627972e-01,-4.033782323334894926e+01,-3.581333755993156842e+01,-3.490986241378249133e+01,-3.059131102696684934e+01,-2.813687940909091623e+01,-1.718139695103173281e+01,-1.535118678530949410e+01,-1.402537204864933784e+01,-1.047411960505962192e+01,-9.855949428245772026e+00,-9.396508675613604922e+00,-8.124482365939995177e+00,-7.871785198534618111e+00,-7.396172158441546074e+00,-6.988657940027125370e+00,-6.783429593524966883e+00,-6.470084863550557230e+00,-6.375863859999358674e+00,-6.256971002349025923e+00,-5.965006085097058985e+00,-5.714881980785909477e+00,-5.492572488409318332e+00,-5.339756802221882204e+00,-5.170913026171599647e+00,-5.060756677519040458e+00,-4.937254815099397121e+00,-4.875822402000398625e+00,-4.691702463201755435e+00,-4.533285749810763043e+00,-4.268236170674875041e+00,-4.190345757987579134e+00,-4.112351275369728221e+00,-4.003676309775745956e+00,-3.883180855460788283e+00,-3.706062654447962235e+00,-3.616798460336807075e+00,-3.352584632200595660e+00,-3.295779464584038809e+00,-3.157292843733286780e+00,-3.140714321870082149e+00,-2.994072501319489987e+00,-2.847496382141708082e+00,-2.795800371652111593e+00,-2.636762192086098189e+00,-2.574414648415259688e+00,-2.432467055714447657e+00,-2.339270781814438482e+00,-2.149386262164658667e+00,-2.046335708787357710e+00,-1.944187473856009873e+00,-1.814072324497590705e+00,-1.715433218037058394e+00,-1.629863618314730367e+00,-1.508513817930063228e+00,-1.318140031054864769e+00,-1.183934452226397926e+00,-1.104548734738231897e+00,-8.535250510328905582e-01,-6.927078023308707033e-01,-6.423578051829036406e-01,3.592977769920150388e-01,7.097105645334551571e-01,9.216789712677435631e-01,1.083168129043186712e+00,1.268932621667721472e+00,1.385168499215998272e+00,1.431081920209916092e+00,1.599473953472057008e+00,1.651656860116001768e+00,1.846221291117035479e+00,1.913314170737116182e+00,1.955211881745456237e+00,2.049011365034045795e+00,2.206998377335814610e+00,2.293742808994104099e+00,2.455221906921771780e+00,2.561022151142849701e+00,2.653137823927568917e+00,2.805115222525258023e+00,2.876819891287702990e+00,3.090219029275496077e+00,3.203665413477319923e+00,3.280765438998999528e+00,3.435776185517136039e+00,3.688947845305859730e+00,3.766127311135389455e+00,3.898312798996234285e+00,4.102055434077705343e+00,4.239560436195329629e+00,4.367556909985972347e+00,4.428056216723362581e+00,4.520148856295510775e+00,4.644214246525623757e+00,4.705953436112851662e+00,4.941998987557923328e+00,5.018339689242189650e+00,5.217941125284528248e+00,5.269942019368802022e+00,5.498377268054210454e+00,5.695567941470933704e+00,5.808951872697154073e+00,6.132303138139673315e+00,6.405604754117143251e+00,6.755227032663508879e+00,6.791511996387487926e+00,7.126165040326768008e+00,7.391059416071171562e+00,7.963921090818044668e+00,8.320384371100786325e+00,9.186213268910929486e+00,9.469384964634503632e+00,1.026846018691923135e+01,1.350474474705855421e+01,1.524959954940816864e+01,1.684445571387682250e+01,6.591149873759050593e+01,7.078653677752966189e+01,7.160001818091849657e+01,7.542929018167113497e+01,7.732145831512156064e+01
2.469179818643920665e-01,-4.033259767431848530e+01,-3.558069517127155024e+01,-3.487300166807494151e+01,-3.055656952347652577e+01,-2.809388143261651294e+01,-1.700395386796988006e+01,-1.516004740413223573e+01,-1.383589851941692750e+01,-1.032041784400183992e+01,-9.702970426972685303e+00,-9.261404083754241512e+00,-7.998864020635041427e+00,-7.759092381295647378e+00,-7.283608071989046806e+00,-6.878151746959217050e+00,-6.673544735390899874e+00,-6.369002538688142145e+00,-6.265595980049818436e+00,-6.158646186066809136e+00,-5.861113656885892809e+00,-5.619664695257781339e+00,-5.403504904714375279e+00,-5.247476080346564764e+00,-5.085750675823455857e+00,-4.975142743900898168e+00,-4.860848618053982939e+00,-4.791582629211339039e+00,-4.617371129082094683e+00,-4.463139161679952949e+00,-4.197488855838684252e+00,-4.127021842335920176e+00,-4.050481169701082962e+00,-3.938564959454438519e+00,-3.815668231163814816e+00,-3.645434091073895377e+00,-3.553892567419770554e+00,-3.293022397146302627e+00,-3.252598017034820543e+00,-3.109743522763911638e+00,-3.088916955613170590e+00,-2.943379801165737941e+00,-2.802549329163847691e+00,-2.753532518897701120e+00,-2.591331558447726557e+00,-2.531774222227348492e+00,-2.389465616529908853e+00,-2.296634159682880316e+00,-2.112318292280342291e+00,-2.001632823655973947e+00,-1.906128444556371759e+00,-1.783957384194371221e+00,-1.681649578572174786e+00,-1.595877172303848290e+00,-1.482376954701951854e+00,-1.294258151329816808e+00,-1.162308032793903934e+00,-1.086594869472989888e+00,-8.445525702111661426e-01,-6.917743642315754560e-01,-6.302336099488207166e-01,3.596192437288078247e-01,6.939001200933346825e-01,9.054992731600206568e-01,1.073650198129310951e+00,1.250860954658313817e+00,1.365889466605990643e+00,1.415550176561714224e+00,1.572895019522901006e+00,1.619609596382082461e+00,1.812268628364775314e+00,1.879050831700258772e+00,1.933966774312764869e+00,2.014266434835261244e+00,2.164622535458013530e+00,2.253141583105877199e+00,2.414798149917420922e+00,2.518559642269945442e+00,2.608255555808950632e+00,2.754458776852825252e+00,2.826388184812093751e+00,3.041541062153840347e+00,3.152357871696361613e+00,3.228685096738159288e+00,3.379849185422951319e+00,3.626930640157797203e+00,3.695437201256216220e+00,3.830659875003812331e+00,4.034381751770292901e+00,4.171861338972514766e+00,4.304052262810809992e+00,4.353593040561038130e+00,4.442521414444981609e+00,4.567050698624582239e+00,4.626055324756907616e+00,4.861814899263221079e+00,4.935834428572704269e+00,5.135047254717999721e+00,5.182470119322976743e+00,5.412839862322906370e+00,5.600736179644056456e+00,5.715065108721737452e+00,6.032633909871401912e+00,6.303395690885722935e+00,6.642179989103446758e+00,6.681708364419742807e+00,7.000687638151245729e+00,7.277268312947897222e+00,7.834588093194781777e+00,8.176596783187896733e+00,9.054481495408520431e+00,9.338304994304779783e+00,1.012700436943638138e+01,1.333563950945301890e+01,1.505636065257834488e+01,1.663813236761644632e+01,6.591498077208753159e+01,7.075506753781310465e+01,7.155992685038459911e+01,7.535694146948193861e+01,7.727751058730736133e+01
2.480608441784213358e-01,-4.033067371230262665e+01,-3.535405340211369918e+01,-3.483268711962185193e+01,-3.052643405695568646e+01,-2.805728984840840923e+01,-1.679859746125302067e+01,-1.494813725618746503e+01,-1.362659483575545316e+01,-1.015487261358254223e+01,-9.539245258726973375e+00,-9.115669650311035710e+00,-7.864439527012550002e+00,-7.636939652197979989e+00,-7.163263281615722455e+00,-6.760225004155853590e+00,-6.557225195778070059e+00,-6.262468398607880182e+00,-6.149113117023278896e+00,-6.053098951067018341e+00,-5.751548093408501039e+00,-5.518377654063931104e+00,-5.309307026497058324e+00,-5.149857140197751981e+00,-4.995833652642908795e+00,-4.884948437038039160e+00,-4.778796389815743062e+00,-4.702281056523860414e+00,-4.537845300872677790e+00,-4.388310705281169177e+00,-4.123234108987124280e+00,-4.058878731005899354e+00,-3.985028848855494576e+00,-3.868901888611345985e+00,-3.744424543729349963e+00,-3.581194783454080266e+00,-3.487572159628647306e+00,-3.231637778019039065e+00,-3.203173560639827944e+00,-3.059443266045572152e+00,-3.033667217138172667e+00,-2.889668753888658514e+00,-2.754956558330821093e+00,-2.707528750018551200e+00,-2.542901541057781767e+00,-2.486136208377985657e+00,-2.343680426503611525e+00,-2.251934699293609565e+00,-2.073105315708014373e+00,-1.955303644184076983e+00,-1.865990539837512063e+00,-1.752656210575642026e+00,-1.646082816494644385e+00,-1.560708670727266600e+00,-1.453421480709710556e+00,-1.271178163996271149e+00,-1.139437136301622688e+00,-1.067336262202768449e+00,-8.337786415773066340e-01,-6.947893085685392656e-01,-6.094679034708796461e-01,3.587076920297064264e-01,6.776047185989224619e-01,8.881743579948911949e-01,1.063289840709604306e+00,1.230651187978726080e+00,1.344840104849590379e+00,1.398341653992412059e+00,1.543517947824867731e+00,1.587016867690290711e+00,1.776036641709296982e+00,1.842984964293213901e+00,1.910163713695816723e+00,1.977458655170518886e+00,2.118953581094977778e+00,2.210516231584371827e+00,2.372982020914824020e+00,2.473328754093186532e+00,2.561513395252587255e+00,2.701686482321908223e+00,2.773191478957398814e+00,2.989554096854388554e+00,3.097182516000201336e+00,3.173450545545334567e+00,3.320613275489652683e+00,3.560329031912120357e+00,3.621456715806025795e+00,3.759938556867315373e+00,3.962439112535384833e+00,4.099479291860861352e+00,4.235126227386151854e+00,4.275311482549301267e+00,4.360477477274871561e+00,4.485249147101038503e+00,4.542453821946338621e+00,4.776468047144701856e+00,4.848442584497819396e+00,5.045226290791259061e+00,5.090917099575078097e+00,5.321742803207100359e+00,5.499529993907727565e+00,5.615881104309996097e+00,5.926488544326965702e+00,6.194947056382405393e+00,6.520814604659804559e+00,6.566409391954624475e+00,6.868875061173175922e+00,7.155848632925757791e+00,7.697598326695704429e+00,8.024725454467764862e+00,8.912803631636343482e+00,9.196669821702863956e+00,9.973495343572249539e+00,1.314912736097181067e+01,1.484378726030256246e+01,1.641093606663147852e+01,6.591804869794287924e+01,7.072000312094282037e+01,7.152196714329861038e+01,7.528663838322646029e+01,7.723859738399903563e+01
2.492037064924506051e-01,-4.033156954456354981e+01,-3.514551743211409729e+01,-3.477772196192672993e+01,-3.050091690634263486e+01,-2.802681034894219891e+01,-1.656485927227786448e+01,-1.471503777156330273e+01,-1.339731127588245663e+01,-9.977131471830084308e+00,-9.364513784374112859e+00,-8.958924341837777305e+00,-7.720956028086958689e+00,-7.505098864733959374e+00,-7.034855035466925699e+00,-6.634688760190340595e+00,-6.434211177594192144e+00,-6.149961490321930846e+00,-6.026598248276020975e+00,-5.940049060004230164e+00,-5.636203233303601401e+00,-5.410873372006142823e+00,-5.209813964705405809e+00,-5.046763998516598626e+00,-4.901013049856263848e+00,-4.790031512975037487e+00,-4.690904024985844245e+00,-4.607822200621576769e+00,-4.453010048126696319e+00,-4.308634286292013726e+00,-4.045382302528291341e+00,-3.985747147158242853e+00,-3.915709512225706845e+00,-3.794755467156912143e+00,-3.669379784645141918e+00,-3.513037420722357584e+00,-3.417918928364820363e+00,-3.171410366121047097e+00,-3.144362071176423523e+00,-3.005817214186318864e+00,-2.975340093589266655e+00,-2.832848045365210066e+00,-2.704519242726629802e+00,-2.657733958057722390e+00,-2.491526182129003786e+00,-2.437435162609372874e+00,-2.295094850696166588e+00,-2.205185995353902584e+00,-2.031618420658265034e+00,-1.907424424002476249e+00,-1.823777233561285627e+00,-1.719859581057213260e+00,-1.608954634856992971e+00,-1.524476011536304965e+00,-1.421536036332785802e+00,-1.248525170478163693e+00,-1.115695888662964208e+00,-1.046829239770792341e+00,-8.211989051298022035e-01,-6.969998159126011839e-01,-5.844965420067730344e-01,3.567503008659295149e-01,6.609029781425066474e-01,8.696840572508098832e-01,1.051748712246650008e+00,1.208288773427978580e+00,1.322323177051344389e+00,1.378831868266985339e+00,1.511251969072633594e+00,1.554063966474421576e+00,1.737617320078404193e+00,1.805101277001273319e+00,1.883450925671455112e+00,1.938599060950935815e+00,2.069875817829688103e+00,2.166209322160302264e+00,2.329442955545826699e+00,2.425284385557831435e+00,2.512794187516418809e+00,2.646769434323053893e+00,2.717197006452846342e+00,2.934177448997134618e+00,3.038100115953664915e+00,3.114932314533394919e+00,3.257901347939121006e+00,3.488986391833456935e+00,3.544508371855651152e+00,3.685834218296337728e+00,3.886101758916717941e+00,4.022291517776427128e+00,4.160253663750182795e+00,4.193372228273229751e+00,4.273991197778896911e+00,4.398758217745443844e+00,4.454871328822287424e+00,4.685793974267863149e+00,4.756053133302993174e+00,4.948555000264706294e+00,4.994934563621208135e+00,5.224884736883839587e+00,5.391937793392137301e+00,5.511096816836101198e+00,5.813763194396656786e+00,6.079950323044207572e+00,6.391634279770468829e+00,6.444805572370000846e+00,6.730518430208579872e+00,7.026516171264381327e+00,7.552710101473423698e+00,7.864575507495047191e+00,8.760838997225983249e+00,9.044112824765454306e+00,9.807582655337693467e+00,1.294474179886810283e+01,1.461134961639695540e+01,1.616222608908320169e+01,6.592080097286476814e+01,7.068126934851804322e+01,7.148652427187201397e+01,7.521876140253687026e+01,7.720428350515761906e+01
2.503465688064798744e-01,-4.033485209586416431e+01,-3.498630480757977068e+01,-3.467773874992660410e+01,-3.047996981966709740e+01,-2.800210956246693783e+01,-1.630227651403516376e+01,-1.446027595168000701e+01,-1.314787977017239662e+01,-9.786798438215598139e+00,-9.178470260348280618e+00,-8.790743523071430587e+00,-7.568127756840869580e+00,-7.363319345183432674e+00,-6.898069080303820044e+00,-6.501322100963769834e+00,-6.304212847727651337e+00,-6.030976254455101326e+00,-5.898160369265157854e+00,-5.819180637625883890e+00,-5.514934725405211680e+00,-5.296990053144008392e+00,-5.104817457411577664e+00,-4.938045145992922436e+00,-4.801102137186992636e+00,-4.690212205725644345e+00,-4.596983125817891924e+00,-4.508088601875441803e+00,-4.362735203796570538e+00,-4.223927495125222364e+00,-3.963770468452056051e+00,-3.907488938083359731e+00,-3.842199919807043784e+00,-3.716165669809675443e+00,-3.590453103519661404e+00,-3.440705570928122015e+00,-3.344911321935668536e+00,-3.112555761159488732e+00,-3.075808158346583276e+00,-2.948548320927132593e+00,-2.913995770342684644e+00,-2.772823035143934245e+00,-2.650992295291077827e+00,-2.604137536636394135e+00,-2.437235048907390400e+00,-2.385597990837535765e+00,-2.243716031800811805e+00,-2.156349322752316500e+00,-1.987739702437367306e+00,-1.858045005395541960e+00,-1.779497516376394639e+00,-1.685280476498930646e+00,-1.570443424456190451e+00,-1.487193565164479203e+00,-1.386711705320691657e+00,-1.225833914594275154e+00,-1.091521500630124208e+00,-1.025042083359723355e+00,-8.069756621421518838e-01,-6.964564530668929665e-01,-5.569635945040898317e-01,3.539543063687164981e-01,6.439041401761773642e-01,8.499935441730712693e-01,1.038706276277939322e+00,1.183759782193066989e+00,1.298442717257689116e+00,1.356573787719496993e+00,1.476216613781800246e+00,1.520705642850842310e+00,1.697069184201498659e+00,1.765340527232768464e+00,1.853509881126321535e+00,1.897712191724830966e+00,2.017435656688616685e+00,2.120446571452033968e+00,2.283796271068321726e+00,2.374395015058144320e+00,2.461945140770851914e+00,2.589660651168744998e+00,2.658358263487429873e+00,2.875312584783228154e+00,2.975089813268783079e+00,3.052961636759653263e+00,3.191535594648321261e+00,3.412772155576234923e+00,3.464800992286932946e+00,3.608055692076197030e+00,3.805217975445121859e+00,3.940170519413155326e+00,4.078826012044960869e+00,4.107952691946501922e+00,4.183045400331034003e+00,4.307508280788387545e+00,4.362992352223026948e+00,4.589606788169536600e+00,4.658532997103277395e+00,4.845263413250172846e+00,4.893976837002089297e+00,5.122037017311003915e+00,5.277918267223053128e+00,5.400386920930689172e+00,5.694324289826836250e+00,5.958068038237272823e+00,6.254922305847220088e+00,6.316236593033888624e+00,6.585368312634796162e+00,6.888956690346855538e+00,7.399634075843791514e+00,7.695913323230112901e+00,8.598203325584291790e+00,8.880221302265967509e+00,9.628871325624070110e+00,1.272196771499698009e+01,1.435845470278607294e+01,1.589128191994028150e+01,6.592333024778369577e+01,7.063893154063441671e+01,7.145388375171721407e+01,7.515364259081194120e+01,7.717414262387842427e+01
2.514894311205091437e-01,-4.034012920833327343e+01,-3.490094654597417190e+01,-3.450901193593723093e+01,-3.046348585767646355e+01,-2.798282583283111791e+01,-1.601036687503775724e+01,-1.418330813104838484e+01,-1.287809131770147175e+01,-9.583424975670821411e+00,-8.980753477085812619e+00,-8.610653222511251315e+00,-7.405628786112590234e+00,-7.211319417520255293e+00,-6.752553633634554409e+00,-6.359865526628106558e+00,-6.166903513906428103e+00,-5.905012630445236610e+00,-5.763807330888238489e+00,-5.690164646889089184e+00,-5.387553937011096750e+00,-5.176545975314568615e+00,-4.994062495576652161e+00,-4.823529624816683459e+00,-4.695868361912284072e+00,-4.585268960640955349e+00,-4.496847178506081733e+00,-4.402938225825985263e+00,-4.266870068201068733e+00,-4.133985973920160539e+00,-3.878152823999195142e+00,-3.824002761826258201e+00,-3.764148310291596911e+00,-3.633123067961147257e+00,-3.507545028951636557e+00,-3.363990964409532936e+00,-3.268424857279199625e+00,-3.051714262699082969e+00,-3.000745540690868296e+00,-2.887407495686984404e+00,-2.849548232466394548e+00,-2.709491568924419003e+00,-2.594111634038581471e+00,-2.546744035854408228e+00,-2.380026174954048113e+00,-2.330545298594501435e+00,-2.189563115132872717e+00,-2.105336458616429596e+00,-1.941359931826620144e+00,-1.807187647987340773e+00,-1.733170417328797841e+00,-1.648654241910309626e+00,-1.530668341890067508e+00,-1.448769039255634716e+00,-1.349051711390381270e+00,-1.202622831732381048e+00,-1.067268144449547096e+00,-1.001926835074210542e+00,-7.913591538147920490e-01,-6.922619548036306192e-01,-5.275561144767378918e-01,3.505081399382676266e-01,6.267529149313022518e-01,8.290609550689446161e-01,1.023865510695149306e+00,1.157067169077308888e+00,1.273116405387916705e+00,1.331273633856695726e+00,1.438740451163404543e+00,1.486655912925023415e+00,1.654430484388557776e+00,1.723618404582738295e+00,1.819992789336907002e+00,1.854843714502136587e+00,1.961876912717593013e+00,2.073276594307473353e+00,2.235652516850298532e+00,2.320623722227259211e+00,2.408781503416210779e+00,2.530291514539758868e+00,2.596609031706128778e+00,2.812839556302447530e+00,2.908137868579089957e+00,2.987332744033360132e+00,3.121330652577208209e+00,3.331641700700314512e+00,3.382360301726416996e+00,3.526328922432540924e+00,3.719611782849813419e+00,3.852979868280920428e+00,3.990455636952932039e+00,4.018920546852717379e+00,4.087638835421246952e+00,4.211391737259900125e+00,4.266476380070025165e+00,4.487699117655949088e+00,4.555716881538319996e+00,4.735568653989537857e+00,4.787457279073225713e+00,5.012939656442862990e+00,5.157386755284336211e+00,5.283406521766810471e+00,5.568000488337770726e+00,5.828932450121316222e+00,6.110744453453198055e+00,6.180174660555773691e+00,6.433130764077477970e+00,6.742819484820363307e+00,7.238025690035798654e+00,7.518459239561685159e+00,8.424459829199999916e+00,8.704527841477251116e+00,9.436912219592697326e+00,1.248022867534927194e+01,1.408443228709358586e+01,1.559728720519360934e+01,6.592572121502693960e+01,7.059321121097144669e+01,7.142421292707862790e+01,7.509155983418202140e+01,7.714776583663802967e+01
2.526322934345384130e-01,-4.034704315324790969e+01,-3.485941976797698061e+01,-3.430233764578904498e+01,-3.045130421391111852e+01,-2.796857764478032493e+01,-1.568859860100920045e+01,-1.388349991511122461e+01,-1.258766967912853829e+01,-9.366498466406453005e+00,-8.770934424308409305e+00,-8.418122697672794530e+00,-7.233083899900233149e+00,-7.048775790275269237e+00,-6.597911581815581350e+00,-6.210012787380156496e+00,-6.021911350756997905e+00,-5.771562160353923332e+00,-5.623399372803884688e+00,-5.552699834127368561e+00,-5.253820968859573171e+00,-5.049332177323030635e+00,-4.877243458120115172e+00,-4.703021145245637413e+00,-4.585025698212251477e+00,-4.474933910084085475e+00,-4.390304948541597696e+00,-4.292199838146689927e+00,-4.165237143774988660e+00,-4.038576748759685309e+00,-3.788204264930385978e+00,-3.735214907714010213e+00,-3.681175589417970961e+00,-3.545556466207613333e+00,-3.420527640219218846e+00,-3.282725791330719289e+00,-3.188238659397711228e+00,-2.987078704543966623e+00,-2.920855858591008936e+00,-2.822189451834642870e+00,-2.781825231718860092e+00,-2.642737387903086876e+00,-2.533616584583920250e+00,-2.485546181804653809e+00,-2.319859316586966091e+00,-2.272192979867867280e+00,-2.132656591027920712e+00,-2.052010887302837094e+00,-1.892375689466158306e+00,-1.754844738979909780e+00,-1.684828104913739244e+00,-1.609731697031452358e+00,-1.489678772793197492e+00,-1.409032079309991747e+00,-1.308750354249792691e+00,-1.178439931125021101e+00,-1.043081966065842581e+00,-9.775024813527033452e-01,-7.745859600082956042e-01,-6.839328274334641744e-01,-4.967409835350715119e-01,3.465393993826635377e-01,6.096315666482579054e-01,8.068427426298585559e-01,1.006954107293930978e+00,1.128246535693379071e+00,1.246059562468135873e+00,1.302804659600051762e+00,1.399230509468506911e+00,1.451501878397978507e+00,1.609728795800386969e+00,1.679828576188691525e+00,1.782480093089942486e+00,1.810047901019107508e+00,1.903640545493772374e+00,2.024577361755022675e+00,2.184650105343347803e+00,2.263908799979995834e+00,2.353091323604867835e+00,2.468564292445762476e+00,2.531858109646255794e+00,2.746613371625498345e+00,2.837223593878269057e+00,2.917806580057168198e+00,3.047095197768054931e+00,3.245661450214385457e+00,3.296997053623911711e+00,3.440385719353589611e+00,3.629083276401007030e+00,3.760568248813512149e+00,3.895265504175746685e+00,3.925523434527658395e+00,3.987789356763056237e+00,4.110248160923387850e+00,4.164963949253575493e+00,4.379841358061119294e+00,4.447395562453959172e+00,4.619568776428073065e+00,4.674842140700826931e+00,4.897295990226083973e+00,5.030204926873754090e+00,5.159787884740334007e+00,5.434573744891389779e+00,5.692142368891039972e+00,5.959007061075727307e+00,6.036149444754689952e+00,6.273461149487741473e+00,6.587709305638178137e+00,7.067475984875690287e+00,7.331878257142852462e+00,8.239108099003569663e+00,8.516499427241338793e+00,9.231189966502308053e+00,1.221887076139821282e+01,1.378851723957301800e+01,1.527930956611422708e+01,6.592804856370251798e+01,7.054448548458768187e+01,7.139755864302748023e+01,7.503273500628688453e+01,7.712476728374663537e+01
2.537751557485676823e-01,-4.035526543504120411e+01,-3.483530882773889914e+01,-3.408488369201416646e+01,-3.044321741047055951e+01,-2.795896939560651617e+01,-1.533635492141807610e+01,-1.356010118587113489e+01,-1.227624067442391897e+01,-9.135427355974908181e+00,-8.548500809132608680e+00,-8.212554470130452700e+00,-7.050056953229753454e+00,-6.875310204714812912e+00,-6.433690330545280389e+00,-6.051400623925712985e+00,-5.868809187007406614e+00,-5.630092859117465487e+00,-5.476603170020880818e+00,-5.406548038736150197e+00,-5.113436370887656679e+00,-4.915102993299911738e+00,-4.753999009683343324e+00,-4.576290075170245331e+00,-4.468227187006352352e+00,-4.358887717554927654e+00,-4.277150068201790667e+00,-4.175666451394040912e+00,-4.057624524851229708e+00,-3.937430246818089064e+00,-3.693535525873032466e+00,-3.641055619896777173e+00,-3.592869846437138914e+00,-3.453326468220794254e+00,-3.329233491802705558e+00,-3.196770674228486708e+00,-3.104045957336771799e+00,-2.917956644819111656e+00,-2.836690454022665620e+00,-2.752684655734062069e+00,-2.710588246582871452e+00,-2.572421600254166218e+00,-2.469260373455318458e+00,-2.420506879088898167e+00,-2.256650089045094898e+00,-2.210452524077360703e+00,-2.073008027678053367e+00,-1.996188283813372211e+00,-1.840685381016710531e+00,-1.700976458356005638e+00,-1.634514627063048176e+00,-1.568271673901898700e+00,-1.447446793083781769e+00,-1.367782748592060171e+00,-1.266050192929875751e+00,-1.152879895409973932e+00,-1.018855245363107898e+00,-9.518815360978208906e-01,-7.567760648048794669e-01,-6.712753252498950829e-01,-4.649875069917536186e-01,3.420724953857220973e-01,5.927562456903091581e-01,7.832962182145639662e-01,9.877205446327680383e-01,1.097376179090528536e+00,1.216743002202710366e+00,1.271266612186791933e+00,1.358041243226698613e+00,1.414808899029068812e+00,1.562987213874717396e+00,1.633840719315668988e+00,1.740512094473023241e+00,1.763278902933793413e+00,1.843365157273761268e+00,1.974099540310997991e+00,2.130471562293006826e+00,2.204148037035438268e+00,2.294638273722062305e+00,2.404341144316874956e+00,2.463984474511482947e+00,2.676460157787535987e+00,2.762304518803423647e+00,2.844113645436288973e+00,2.968630981126826551e+00,3.154958068553931572e+00,3.208350289430004221e+00,3.349950862125559592e+00,3.533407076054596807e+00,3.662761186553989745e+00,3.793622486003033867e+00,3.826652961725657054e+00,3.883515985135173043e+00,4.003854336095234778e+00,4.058075062187708859e+00,4.265778733884294738e+00,4.333303325819674257e+00,4.497220312883531967e+00,4.555657467177010922e+00,4.774765562723043644e+00,4.896171975646890218e+00,5.029132143711597003e+00,5.293768994301828457e+00,5.547257724616081020e+00,5.799492533745249645e+00,5.883691727845894448e+00,6.105955271992518973e+00,6.423175940961853847e+00,6.887500249596702595e+00,7.135768115217319796e+00,8.041570120509060615e+00,8.315523544987923898e+00,9.011107609111531858e+00,1.193714186131374433e+01,1.346982688837359454e+01,1.493627489323475821e+01,6.593037511040876097e+01,7.049327002185142987e+01,7.137386038385922404e+01,7.497733531213445701e+01,7.710478742264361074e+01
2.549180180625969516e-01,-4.036449276635319450e+01,-3.481934865835577142e+01,-3.386665624477491576e+01,-3.043898003685797349e+01,-2.795359451364537762e+01,-1.495289123113905383e+01,-1.321221455453894933e+01,-1.194329592955610053e+01,-8.889521804792785531e+00,-8.312837490824334097e+00,-7.993270625438959165e+00,-6.856035819803752318e+00,-6.690472503130949988e+00,-6.259368492903957026e+00,-5.883595633579289164e+00,-5.707101632452154405e+00,-5.480032617367567305e+00,-5.322882181951568370e+00,-5.251526199479696011e+00,-4.966030911920060298e+00,-4.773563850299124667e+00,-4.623904828058378769e+00,-4.443063009709337763e+00,-4.345056951145220836e+00,-4.236752927972649019e+00,-4.157146547193449670e+00,-4.053086566745753849e+00,-3.943776397337494632e+00,-3.830230566895110655e+00,-3.593709897164707456e+00,-3.541429093637978198e+00,-3.498776993878676578e+00,-3.356221712198799167e+00,-3.233444155140085208e+00,-3.105996814095657310e+00,-3.015467401125099034e+00,-2.843964688325975043e+00,-2.748458412200126766e+00,-2.678660859572536967e+00,-2.635537088443108633e+00,-2.498372749807044713e+00,-2.400809235048263712e+00,-2.351548992458849963e+00,-2.190265711356538247e+00,-2.145228263129199231e+00,-2.010609066515475885e+00,-1.937637314025042690e+00,-1.786183633411400740e+00,-1.645509145438708298e+00,-1.582276084500946700e+00,-1.524038040395458093e+00,-1.403864194884717254e+00,-1.324835765112493124e+00,-1.221197648567036609e+00,-1.125582891081245318e+00,-9.942732773299560733e-01,-9.252098029060720208e-01,-7.378841038263901364e-01,-6.543663660564360551e-01,-4.328297185049754248e-01,3.369925285434969831e-01,5.763617784314857273e-01,7.583797725194477701e-01,9.659256990077772498e-01,1.064577629135702974e+00,1.184357741287150656e+00,1.237060137341469579e+00,1.315400167363064643e+00,1.376161007611687026e+00,1.514225994486402715e+00,1.585497357095697835e+00,1.693780427033893643e+00,1.714102501527385636e+00,1.781911068789466368e+00,1.921511090233897656e+00,2.072845595044984890e+00,2.141189741592518292e+00,2.233160519045027215e+00,2.337430469700175095e+00,2.392832483968469592e+00,2.602172887205023599e+00,2.683301667828633441e+00,2.765954582208677071e+00,2.885728173083001113e+00,3.059626148918293875e+00,3.115969562754428157e+00,3.254728671593397404e+00,3.432328273544900998e+00,3.559349966980341229e+00,3.685731079647179165e+00,3.721295442612043480e+00,3.774769404556733932e+00,3.891916795610405710e+00,3.945401242760195437e+00,4.145224480869352135e+00,4.213105156306305332e+00,4.368350080136420566e+00,4.429457376659158285e+00,4.644954549893355988e+00,4.755015315723850833e+00,4.890996810810412931e+00,5.145241693833205510e+00,5.393791068516241793e+00,5.631871116968243385e+00,5.722295491056592631e+00,5.930137119470535900e+00,6.248700546607674156e+00,6.697523681212298463e+00,6.929643834157140247e+00,7.831172381413646910e+00,8.100890216497942831e+00,8.775966822793767719e+00,1.163416484302542209e+01,1.312733167380276988e+01,1.456693416578391265e+01,6.593275017803092908e+01,7.044019044451064815e+01,7.135297402935179889e+01,7.492547701174804331e+01,7.708749454022495229e+01
2.560608803766262209e-01,-4.037444405498445832e+01,-3.480817953277855992e+01,-3.365175422858538923e+01,-3.043831802764165317e+01,-2.795203617506973970e+01,-1.453728249240520043e+01,-1.283875485649016390e+01,-1.158814918808529093e+01,-8.627968178147328970e+00,-8.063201474158022464e+00,-7.759493641018835319e+00,-6.650412624431863762e+00,-6.493718905154657328e+00,-6.074338234589879981e+00,-5.706077143786847827e+00,-5.536208481322562491e+00,-5.320749806959489625e+00,-5.161531402864801166e+00,-5.087445266104599462e+00,-4.811152418575909806e+00,-4.624355529379541530e+00,-4.486463005246274172e+00,-4.303009347181603772e+00,-4.215020372012715733e+00,-4.108084495351271848e+00,-4.030010354237958836e+00,-3.924152599935525565e+00,-3.823380862673691372e+00,-3.716603356099082323e+00,-3.488250878331904392e+00,-3.436183390620681788e+00,-3.398391484916842398e+00,-3.253954838203282574e+00,-3.132878755985168073e+00,-3.010260224158025189e+00,-2.922066231944402404e+00,-2.764781040118318156e+00,-2.656256707134651673e+00,-2.599844043271635652e+00,-2.556306448676275878e+00,-2.420375889351511489e+00,-2.328033522042656234e+00,-2.278548548220619363e+00,-2.120522497798646544e+00,-2.076410227305357292e+00,-1.945418044497472909e+00,-1.876081856668817105e+00,-1.728753681312512391e+00,-1.588334162630613777e+00,-1.528137263513428934e+00,-1.476806036795192512e+00,-1.358746163785581551e+00,-1.280042645544373858e+00,-1.174412125244684857e+00,-1.096224836634784872e+00,-9.689027800536882395e-01,-8.975647942210310815e-01,-7.177481915168248960e-01,-6.334932008919241797e-01,-4.008595855026618193e-01,3.310284436334499647e-01,5.606657955377546410e-01,7.320519415570991839e-01,9.413333700464957543e-01,1.030003985019003032e+00,1.147903711073199107e+00,1.200842545558677532e+00,1.271375059927546181e+00,1.335167447697400478e+00,1.463457657180912364e+00,1.534611278310876736e+00,1.642240727021921698e+00,1.661573309276028754e+00,1.720310610860910527e+00,1.866426470524673364e+00,2.011536698899116349e+00,2.074831262831188461e+00,2.168364895994055352e+00,2.267571696483490218e+00,2.318206615771288615e+00,2.523506251532558586e+00,2.600084620382022482e+00,2.682997971705003426e+00,2.798155790010562693e+00,2.959657978678415624e+00,3.019371450557578829e+00,3.154388880648981264e+00,3.325555087340360316e+00,3.450077316882760314e+00,3.571541158493166002e+00,3.608722513278979971e+00,3.661302065379554715e+00,3.774063893799739944e+00,3.826492657536958220e+00,4.017847633092076265e+00,4.086383593343858145e+00,4.232667137953771253e+00,4.295786185357547637e+00,4.507402774369865917e+00,4.606378889173549318e+00,4.744879233266127372e+00,4.988562153363443663e+00,5.231194908490036433e+00,5.455697096929571721e+00,5.551388287205740291e+00,5.745442205946982739e+00,6.063677487752401341e+00,6.496862840466520517e+00,6.712917420816130409e+00,7.607122581414033746e+00,7.871768430816604045e+00,8.524942031760721406e+00,1.130890235348496020e+01,1.275981659377312383e+01,1.416981997493414269e+01,6.593520829885513024e+01,7.038594900352401851e+01,7.133469965945194247e+01,7.487723076664784116e+01,7.707258502264888023e+01
2.572037426906554902e-01,-4.038485823592817070e+01,-3.480028016575852945e+01,-3.344244490483529830e+01,-3.044093734967920639e+01,-2.795386606472330371e+01,-1.408835691479246321e+01,-1.243839607117010893e+01,-1.120988219379677808e+01,-8.349794916576316339e+00,-7.798689408695193670e+00,-7.510319234333324268e+00,-6.432457337981339229e+00,-6.284383696856871815e+00,-5.877881530772082641e+00,-5.518214449845117109e+00,-5.355442806686649959e+00,-5.151529187152626754e+00,-4.991721966262498533e+00,-4.914028024222038660e+00,-4.648248216769245822e+00,-4.467033717669733228e+00,-4.341086624373606817e+00,-4.155723810053337353e+00,-4.077530559932886156e+00,-3.972355815411658941e+00,-3.895387048980405886e+00,-3.788485469581445830e+00,-3.696053939475346883e+00,-3.596100316879049075e+00,-3.376636193987211598e+00,-3.325076409360089524e+00,-3.291153479485279920e+00,-3.146155660912733687e+00,-3.027181899404990162e+00,-2.909366822849095424e+00,-2.823363635177065234e+00,-2.680060913816348922e+00,-2.560140100212234593e+00,-2.515892529608998895e+00,-2.472456470529603934e+00,-2.338160704404365298e+00,-2.250693414366193856e+00,-2.201327444309643333e+00,-2.047184032078402716e+00,-2.003862203854503310e+00,-1.877342258951860909e+00,-1.811205512037407539e+00,-1.668257403275874351e+00,-1.529305729096856803e+00,-1.472061820499150020e+00,-1.426380848905671295e+00,-1.311840896354295571e+00,-1.233288848584949804e+00,-1.125872414937883370e+00,-1.064504442752211233e+00,-9.422598787051774671e-01,-8.688816598902722177e-01,-6.961952873438082001e-01,-6.090481214518530528e-01,-3.696776406056884734e-01,3.237738158184598758e-01,5.458023940163100329e-01,7.042711160524709468e-01,9.137069626396173705e-01,9.938117610756603826e-01,1.106568614106499648e+00,1.163166674642094334e+00,1.225880854550674082e+00,1.291465753005041739e+00,1.410673389139799783e+00,1.480964207365318419e+00,1.585746472859559386e+00,1.604987885630704492e+00,1.659329421898405155e+00,1.808419669292742116e+00,1.946323995329645618e+00,2.004822630840142672e+00,2.099916584321384061e+00,2.194419286357732535e+00,2.239865152737509302e+00,2.440169906676828315e+00,2.512455271589024708e+00,2.594875098964243065e+00,2.705645961582836101e+00,2.854914145587231999e+00,2.918050272258968292e+00,3.048550854225302587e+00,3.212747150861944512e+00,3.334619340029715051e+00,3.450802092120428988e+00,3.488506797104789836e+00,3.542557101581504941e+00,3.649834704190959567e+00,3.700840793126157102e+00,3.883254286868162541e+00,3.952624038983115096e+00,4.089764203063012360e+00,4.154142652792186752e+00,4.361565946097089252e+00,4.449807210678068614e+00,4.590195269223438679e+00,4.823195120586751372e+00,5.058843230569519456e+00,5.270393958022768111e+00,5.370302416422680913e+00,5.551194963614065614e+00,5.867389923708098642e+00,6.284701076029207023e+00,6.484870814727433874e+00,7.368478738213736889e+00,7.627174692935266620e+00,8.257045955314579189e+00,1.096010992546696627e+01,1.236582974214051944e+01,1.374318858587990277e+01,6.593776831979660358e+01,7.033129235009317881e+01,7.131880771648742723e+01,7.483262794781488481e+01,7.705978280411045489e+01
2.583466050046847595e-01,-4.039549278996081938e+01,-3.479480142617664740e+01,-3.324033887886103855e+01,-3.044653086456820645e+01,-2.795864177446097543e+01,-1.360460978598496773e+01,-1.200950012989177473e+01,-1.080727541229548727e+01,-8.053826069668339471e+00,-7.518194381771409418e+00,-7.244677564344219611e+00,-6.201281830933610628e+00,-6.061641599190130236e+00,-5.669137691675277146e+00,-5.319235937796672253e+00,-5.163981335961489449e+00,-4.971540512545793433e+00,-4.812517889989253561e+00,-4.730839434992961223e+00,-4.476640988676869881e+00,-4.301042039782239534e+00,-4.187077430368582043e+00,-4.000703030455429854e+00,-3.931888752222954864e+00,-3.828938247010030604e+00,-3.752824617973828047e+00,-3.645613727496054057e+00,-3.561318029934107177e+00,-3.468178844678357908e+00,-3.258278680177127740e+00,-3.207727004386233816e+00,-3.176458777322828553e+00,-3.032359169055508730e+00,-2.915909137922191530e+00,-2.803029331727343809e+00,-2.718850651358821313e+00,-2.589394697156874869e+00,-2.460151164907097954e+00,-2.426358772262272812e+00,-2.383458772385532054e+00,-2.251388129853562514e+00,-2.168520068255173516e+00,-2.119643018032315585e+00,-1.969957744825566515e+00,-1.927405286884974256e+00,-1.806214312208735517e+00,-1.742658101752278199e+00,-1.604522572228763266e+00,-1.468235027186409525e+00,-1.413902511490073843e+00,-1.372622262212720212e+00,-1.262840979699465738e+00,-1.184473422569203072e+00,-1.075717605042788350e+00,-1.030128255313278895e+00,-9.138348837397143321e-01,-8.389379255158271320e-01,-6.731088079905039878e-01,-5.814469422016531608e-01,-3.398168312123701629e-01,3.147581409984428480e-01,5.317236079659404258e-01,6.749987090086143615e-01,8.828224263281515549e-01,9.561085032751451829e-01,1.060201320135027547e+00,1.123979370516028586e+00,1.178732050330333569e+00,1.244729490980681419e+00,1.355819443755330145e+00,1.424306377089721964e+00,1.523825838285874923e+00,1.544834921597526556e+00,1.598687357791737984e+00,1.747025095195683164e+00,1.876971831925218659e+00,1.930870047477351248e+00,2.027424705380911796e+00,2.117525614233681797e+00,2.157512147021963145e+00,2.351818693630113533e+00,2.420128885263025165e+00,2.501170995291085219e+00,2.607870870581913358e+00,2.745116837202325133e+00,2.811458889306186482e+00,2.936764581823811504e+00,3.093497916277271553e+00,3.212562816957793554e+00,3.323108443280589519e+00,3.360403013525193661e+00,3.417685482468549196e+00,3.518662187026262433e+00,3.567855916400048066e+00,3.740961315929682840e+00,3.811196022204528688e+00,3.939106739498895671e+00,4.003944446119175105e+00,4.206791100702171882e+00,4.284722930504980987e+00,4.426251432757507764e+00,4.648472369295271633e+00,4.876004754034688027e+00,5.075229428284699473e+00,5.178241454247625164e+00,5.346577806601451321e+00,5.658976505873845930e+00,6.060055118549485975e+00,6.244619173099345666e+00,7.114107344408422406e+00,7.365930233559998541e+00,7.971082851847777206e+00,1.058627238294115536e+01,1.194361234584784981e+01,1.328494123492597012e+01,6.594043298613574677e+01,7.027698396193190433e+01,7.130506012571295571e+01,7.479166736295104556e+01,7.704883831653324933e+01
2.594894673187140288e-01,-4.040612280614708851e+01,-3.479118319143375260e+01,-3.304678264518273068e+01,-3.045478201772903404e+01,-2.796590355373565728e+01,-1.308408778639327252e+01,-1.155001893801266277e+01,-1.037871604005635895e+01,-7.738616705471738300e+00,-7.220346834682655590e+00,-6.961277283339409649e+00,-5.955789873431326598e+00,-5.824456530447672087e+00,-5.447058044073381566e+00,-5.108186240427544433e+00,-4.960823350063544801e+00,-4.779796045483918121e+00,-4.622853678645497233e+00,-4.537234122631050859e+00,-4.295494713589427249e+00,-4.125675666762488980e+00,-4.023593488908772109e+00,-3.837312898508508319e+00,-3.777255743302291524e+00,-3.677071424225829777e+00,-3.601739252910701072e+00,-3.494944661000498165e+00,-3.418572216086242399e+00,-3.332174427775532077e+00,-3.132495367311012746e+00,-3.083550230778707490e+00,-3.053674335191643774e+00,-2.911985659268766291e+00,-2.798506875913766567e+00,-2.690819536795957312e+00,-2.607989936331880365e+00,-2.492276288817673269e+00,-2.356326412175286933e+00,-2.330644242157625889e+00,-2.288682191862989601e+00,-2.159634046200169966e+00,-2.081191535604571818e+00,-2.033172473797322688e+00,-1.888486868015450959e+00,-1.846797017051333256e+00,-1.731762711319496661e+00,-1.670061136780159883e+00,-1.537326551818568587e+00,-1.404877372341034159e+00,-1.353363781672304533e+00,-1.315452982984182562e+00,-1.211390989020893372e+00,-1.133480461698624930e+00,-1.024060504026224949e+00,-9.927903464275126266e-01,-8.830829234804342676e-01,-8.073860693485447326e-01,-6.484170575516872148e-01,-5.511051872804417773e-01,-3.116596051202163431e-01,3.035567862169952780e-01,5.180867254993886117e-01,6.442106604996148400e-01,8.485024680297539312e-01,9.168702926482161786e-01,1.009321489915779635e+00,1.082557009493214872e+00,1.129719000156660158e+00,1.194676691033355498e+00,1.298764545970542361e+00,1.364355619037150635e+00,1.456457067413149842e+00,1.481954783802363673e+00,1.537063967904202633e+00,1.681729188160387300e+00,1.803195067800693163e+00,1.852632656268825784e+00,1.950423707034730114e+00,2.036320472275665150e+00,2.070786843767280949e+00,2.258037491958531096e+00,2.322710807287084123e+00,2.401409956190427852e+00,2.504411228891904262e+00,2.629845417978319055e+00,2.698976030560755746e+00,2.818486081751597983e+00,2.967308945078801052e+00,3.083376120483320104e+00,3.187912266691597551e+00,3.224148748323699465e+00,3.285654579125476538e+00,3.379847657202740496e+00,3.426837108899200235e+00,3.590360844972056320e+00,3.661326667523500777e+00,3.780008769582818395e+00,3.844488040590513744e+00,4.042282116194000352e+00,4.110394801555602662e+00,4.252207410798587439e+00,4.463554853943199063e+00,4.681804225501995376e+00,4.869278500523024356e+00,4.974236877815677360e+00,5.130588114047943904e+00,5.437385122444866603e+00,5.821728462288379369e+00,5.991059988574659378e+00,6.842625360432229797e+00,7.086601485152689506e+00,7.665583649448000081e+00,1.018551576107719470e+01,1.149100159151175404e+01,1.279251484359246227e+01,6.594318907440059263e+01,7.022378242163748041e+01,7.129322530128017377e+01,7.475432198415008145e+01,7.703952717389360316e+01
2.606323296327432981e-01,-4.041654046425508540e+01,-3.478900879857242501e+01,-3.286301500658980501e+01,-3.046536386940681496e+01,-2.797517124192709659e+01,-1.252422813400404600e+01,-1.105735561587155580e+01,-9.922070988077397402e+00,-7.402360877535467232e+00,-6.903431065663949262e+00,-6.658523854358799454e+00,-5.694605835305337038e+00,-5.571509823056773669e+00,-5.210341157654145405e+00,-4.883865235885000544e+00,-4.744732061940030832e+00,-4.575091036868845329e+00,-4.421477503277635890e+00,-4.332305402252256243e+00,-4.103765432243910105e+00,-3.940030720377063034e+00,-3.849601918555554558e+00,-3.664740823982576945e+00,-3.612610699102020373e+00,-3.515820173799841797e+00,-3.441369756186732243e+00,-3.335723203004404613e+00,-3.267050194227954396e+00,-3.187261943430551803e+00,-2.998463845002311778e+00,-2.951700671595020253e+00,-2.922125005409916820e+00,-2.784309292555066762e+00,-2.674282242207340676e+00,-2.572120117088708469e+00,-2.490198074438282116e+00,-2.388069043072612807e+00,-2.248596226777630491e+00,-2.228019237629273785e+00,-2.187389473837550558e+00,-2.062367452686357350e+00,-1.988301425432644987e+00,-1.941489886716603497e+00,-1.802334317348608161e+00,-1.761704974162481729e+00,-1.653579227537884666e+00,-1.593005393638126987e+00,-1.466374976974128552e+00,-1.338909681454266032e+00,-1.290001991033776996e+00,-1.254823309473987125e+00,-1.157086758462512854e+00,-1.080147763339600608e+00,-9.710250748710816948e-01,-9.521278755069859656e-01,-8.493973520790241150e-01,-7.738040284180177641e-01,-6.220343827264884773e-01,-5.184477439222769934e-01,-2.853721949019850102e-01,2.898948695136223663e-01,5.041628913767017828e-01,6.119262587105833706e-01,8.106561130081785249e-01,8.758388190588096700e-01,9.547511396541283890e-01,1.037842760767956563e+00,1.078658148422989571e+00,1.141070085445846205e+00,1.239262555728392501e+00,1.300793438999998441e+00,1.384451188218656537e+00,1.416240768995606247e+00,1.472940956341054042e+00,1.611953082567966877e+00,1.724620713399115379e+00,1.769706622969436927e+00,1.868348940112061429e+00,1.950082809113835802e+00,1.979248980614428666e+00,2.158317031622104309e+00,2.219666582456206960e+00,2.295031996691085929e+00,2.394714770310830243e+00,2.508522242093731869e+00,2.579865516244422619e+00,2.693043589976003016e+00,2.833552634876062903e+00,2.946370425503205936e+00,3.044507108689804120e+00,3.079300135117752468e+00,3.145315903268535163e+00,3.232522304672998281e+00,3.276930779469392263e+00,3.430672025270363967e+00,3.502061101852925962e+00,3.611592397260533271e+00,3.674897829880229949e+00,3.867050326855433262e+00,3.925891184827098535e+00,4.067023789738053452e+00,4.267378962249919638e+00,4.475166007879839647e+00,4.651369479552267094e+00,4.757088011397748062e+00,4.901977040547023101e+00,5.201307152820115576e+00,5.568244465332185200e+00,5.722800810548713812e+00,6.552317647037712689e+00,6.787415128913725226e+00,7.338713610812929389e+00,9.755482231919190284e+00,1.100529222470379764e+01,1.226272634552532104e+01,6.594600813336532497e+01,7.017242513064515208e+01,7.128308754617853538e+01,7.472054537270071251e+01,7.703164875325639116e+01
2.617751919467725674e-01,-4.042655483186943144e+01,-3.478794319342331676e+01,-3.269024216446265996e+01,-3.047793186078686034e+01,-2.798594232916006419e+01,-1.192162630590719807e+01,-1.052816152840177111e+01,-9.434504113142541115e+00,-7.042756557737803291e+00,-6.565262824881822112e+00,-6.334398065830362690e+00,-5.415969988123336520e+00,-5.301096228176883862e+00,-4.957337573605100189e+00,-4.644738545454638157e+00,-4.514148378154376751e+00,-4.355917357716964311e+00,-4.206861717016492364e+00,-4.114815746357750825e+00,-3.900128144307562383e+00,-3.742931348959916971e+00,-3.663808510893454162e+00,-3.481922551260299592e+00,-3.436692222560524090e+00,-3.344010908212192934e+00,-3.270713103104775588e+00,-3.166971670570207120e+00,-3.105758913975873003e+00,-3.032399293547237473e+00,-2.855161154267207291e+00,-2.811045849620567694e+00,-2.781015227654916266e+00,-2.648409170291033732e+00,-2.542356458197239100e+00,-2.446075951170958884e+00,-2.364799118313232640e+00,-2.275960483773971532e+00,-2.136398729059791446e+00,-2.117861003871236214e+00,-2.078760374628325192e+00,-1.958918700948373059e+00,-1.889316457950246164e+00,-1.844032127233577789e+00,-1.710954231661257152e+00,-1.671671530719325283e+00,-1.571085525052667187e+00,-1.511031137356805498e+00,-1.391272680196670386e+00,-1.269896777647859132e+00,-1.223259539543867236e+00,-1.190629757396133526e+00,-1.099463204446282871e+00,-1.024232561416628551e+00,-9.169268474288823079e-01,-9.075201074985740357e-01,-8.120830153129160456e-01,-7.377351883516979347e-01,-5.938008924524046384e-01,-4.839171686248073811e-01,-2.608749133969444634e-01,2.736937132480890544e-01,4.887887453379277103e-01,5.782693446661831826e-01,7.692836216110462422e-01,8.324255823903691232e-01,8.973780139650373577e-01,9.887501247531059745e-01,1.025341921685333668e+00,1.083698394432099921e+00,1.176916123724837115e+00,1.233253883429225928e+00,1.308566600613547237e+00,1.346993097603200518e+00,1.405038061768231650e+00,1.537024102816398896e+00,1.640744604738923362e+00,1.681591672627373413e+00,1.780502465542591617e+00,1.857900096783967836e+00,1.882354574380921353e+00,2.052015113783588696e+00,2.110281494791352408e+00,2.181354292568809417e+00,2.278041697372523267e+00,2.380380958156859794e+00,2.453223995400976243e+00,2.559588651663661008e+00,2.691417694973615937e+00,2.800645158089483555e+00,2.891984996598824686e+00,2.925132809827639679e+00,2.995380792399406022e+00,3.075588895775229759e+00,3.117070567735690911e+00,3.260873414076810306e+00,3.332201937510706813e+00,3.432724379592461794e+00,3.494055682593880441e+00,3.679841946332477853e+00,3.730010978104421948e+00,3.869386302000280331e+00,4.058577770108145799e+00,4.254730588677473335e+00,4.420003684333250860e+00,4.525274834380380362e+00,4.659159908185395160e+00,4.949081280693409468e+00,5.297747336807376861e+00,5.438053514789719323e+00,6.241015792013138608e+00,6.466133157347486282e+00,6.988136889686923148e+00,9.293147134063758585e+00,1.048303347550299414e+01,1.169154418759463354e+01,6.594884787292835426e+01,7.012361629032982080e+01,7.127445207951888051e+01,7.469027759900039598e+01,7.702502477987783891e+01
2.629180542608018367e-01,-4.043599188858863869e+01,-3.478770449001956422e+01,-3.252968260970433079e+01,-3.049210874101793678e+01,-2.799769220032223771e+01,-1.127168632410719695e+01,-9.958028079345204731e+00,-8.912201309598813737e+00,-6.656800229328799112e+00,-6.203002478173899270e+00,-5.986270350865576795e+00,-5.117579264377499548e+00,-5.010967205867208563e+00,-4.685904726527392761e+00,-4.388801437245798631e+00,-4.267059394839195718e+00,-4.120333159292854930e+00,-3.977070318854118547e+00,-3.883086867216955618e+00,-3.682864720463696617e+00,-3.532820132927689372e+00,-3.464549911876537269e+00,-3.287425822475050996e+00,-3.247912487376444890e+00,-3.160134734543849078e+00,-3.088428180737960549e+00,-2.987398111744344220e+00,-2.933385904465190208e+00,-2.866241757221365649e+00,-2.701274723064344130e+00,-2.660141220985976052e+00,-2.629291358284809199e+00,-2.503092671453428952e+00,-2.401591400472993687e+00,-2.311534884563415826e+00,-2.230941552333652211e+00,-2.154895098363703188e+00,-2.018302720876952172e+00,-1.999803754603511008e+00,-1.961928844135612859e+00,-1.848430175852998625e+00,-1.783515847642391128e+00,-1.740047073328343741e+00,-1.613644638807769649e+00,-1.576063174878743478e+00,-1.483496056620919434e+00,-1.423582171176443145e+00,-1.311481774299908531e+00,-1.197245930684158299e+00,-1.152493458185008368e+00,-1.122614481890837013e+00,-1.037967397881567111e+00,-9.653692951055596883e-01,-8.632612098614582674e-01,-8.570361285431311593e-01,-7.703534685167712226e-01,-6.987005756411162061e-01,-5.634397517535106870e-01,-4.479639081007349977e-01,-2.378538938704903016e-01,2.550453079908961973e-01,4.703445603616946968e-01,5.435713045009500366e-01,7.244178557248249772e-01,7.856474808599921422e-01,8.381336047165343084e-01,9.344009198389766624e-01,9.693204975392264444e-01,1.022328660271165202e+00,1.111142936573116469e+00,1.161297977099804646e+00,1.229000966907602521e+00,1.273373152403669772e+00,1.332236179678919052e+00,1.456130717425985655e+00,1.550877452838363757e+00,1.587634507261352912e+00,1.686001533969036625e+00,1.758619537156749013e+00,1.779401582581603636e+00,1.938294635021523771e+00,1.993601735243444750e+00,2.059508090742872000e+00,2.153390076654933871e+00,2.244408149718262191e+00,2.317907214740228206e+00,2.417021999820589517e+00,2.539827379416036646e+00,2.645006744413098687e+00,2.729159243204188900e+00,2.760561399701275676e+00,2.834323923112809229e+00,2.907631712865387019e+00,2.945886178826123025e+00,3.079603521870171168e+00,3.150214768414671074e+00,3.241916920000485813e+00,3.300496807614342387e+00,3.479027854555358346e+00,3.521177697024684417e+00,3.657591398524944637e+00,3.835361411736796011e+00,4.018727767068448031e+00,4.173231778298724493e+00,4.276825828830610909e+00,4.400080184374907333e+00,4.678547652345708130e+00,5.007850298316166793e+00,5.134474068838329686e+00,5.905913746003434106e+00,6.119862465474388280e+00,6.610810594800478057e+00,8.794541538814595327e+00,9.919720260260644906e+00,1.107374071662977322e+01,6.595165421262919381e+01,7.007801785452846843e+01,7.126714703604535828e+01,7.466345053935532405e+01,7.701949798383957102e+01
2.640609165748311060e-01,-4.044469470548393275e+01,-3.478805024304740812e+01,-3.238260083266833789e+01,-3.050746060635439605e+01,-2.800987767567970010e+01,-1.056806847358746637e+01,-9.340997408029847904e+00,-8.349936103269829601e+00,-6.240460629747584420e+00,-5.812856537403019885e+00,-5.610605896638315215e+00,-4.796334424248900774e+00,-4.698083483784923686e+00,-4.393176381504144246e+00,-4.113362696619976333e+00,-4.000789031372470106e+00,-3.865756932392687695e+00,-3.729555052876741161e+00,-3.634818083261452948e+00,-3.449684937336586987e+00,-3.307585194333092726e+00,-3.249621855292288419e+00,-3.079262767086053731e+00,-3.044222920263613297e+00,-2.962193399195270693e+00,-2.892683996415549075e+00,-2.795250673984448930e+00,-2.748153225617026685e+00,-2.687005364658944018e+00,-2.535064779654588207e+00,-2.497142994488120937e+00,-2.465467413198714652e+00,-2.346772010990776369e+00,-2.250471036329378727e+00,-2.166954297385648154e+00,-2.087467982195793326e+00,-2.023468023419396022e+00,-1.892301805811128945e+00,-1.873182548293163441e+00,-1.835945163350773290e+00,-1.729775463311210348e+00,-1.669899169516029014e+00,-1.628511424105476335e+00,-1.509469441822886226e+00,-1.473992097205737650e+00,-1.389763326076533634e+00,-1.329926025785057586e+00,-1.226257231547629667e+00,-1.120145951648055194e+00,-1.076956366181154312e+00,-1.050266338257779264e+00,-9.719105033459982668e-01,-9.030099759959760997e-01,-8.097033999424290140e-01,-8.002729939061664632e-01,-7.233879360076946874e-01,-6.561760993806696751e-01,-5.305250709855151570e-01,-4.110131469128337489e-01,-2.158078561575843823e-01,2.341461860508193826e-01,4.468052866189842764e-01,5.084195247236349413e-01,6.760192699728769794e-01,7.341758778080521575e-01,7.779357873490637676e-01,8.742839301823838172e-01,9.096452347083155976e-01,9.566205251558792533e-01,1.041135168998423177e+00,1.084361212718411238e+00,1.145394466404832556e+00,1.194406834415066454e+00,1.253379311749823088e+00,1.368250187961225217e+00,1.454068221401290550e+00,1.486938633717129088e+00,1.583695985373279491e+00,1.650820620176226994e+00,1.669387359600956966e+00,1.816023707904446338e+00,1.868341765194094783e+00,1.928335147894972623e+00,2.019385740176763644e+00,2.099242078340170181e+00,2.172416205094013009e+00,2.263875703779369086e+00,2.377311795967059549e+00,2.477840346935895166e+00,2.554434509792842256e+00,2.584023028621814433e+00,2.660224892470016922e+00,2.726772673228515576e+00,2.761558187656064423e+00,2.885006165753221552e+00,2.954075803423984681e+00,3.037168259019353389e+00,3.092246573544917165e+00,3.262429168895945253e+00,3.297270147343470015e+00,3.429365114305736206e+00,3.595327208707899569e+00,3.764776493135668645e+00,3.908454993577594294e+00,4.009108192932063552e+00,4.121993704978228479e+00,4.386816783495953942e+00,4.695392628213239661e+00,4.808908921768574096e+00,5.543274811891659937e+00,5.744751844286154707e+00,6.202657723340645468e+00,8.254312755420583514e+00,9.309302739120594694e+00,1.040233984917210996e+01,6.595436396427395209e+01,7.003624235854483970e+01,7.126102358155414151e+01,7.463999249705143768e+01,7.701493086774686958e+01
2.652037788888603753e-01,-4.045252372177386491e+01,-3.478877070350729639e+01,-3.225033632973566711e+01,-3.052346468032422067e+01,-2.802194490098258939e+01,-9.801766004386402997e+00,-8.668741932472942224e+00,-7.740342473989190175e+00,-5.788131707021491046e+00,-5.389574387805643241e+00,-5.202471376932009228e+00,-4.447916472894555717e+00,-4.358201550474945840e+00,-4.075176045122207213e+00,-3.814682348838696946e+00,-3.711646379312928623e+00,-3.588623419044549401e+00,-3.460820197259085962e+00,-3.366774868934149456e+00,-3.197425494131969081e+00,-3.064271259036394301e+00,-3.015990997517475680e+00,-2.854587259419549383e+00,-2.822876977176161262e+00,-2.747440618369100029e+00,-2.680905826451857710e+00,-2.588073355206502502e+00,-2.547574546874986190e+00,-2.492236159174147314e+00,-2.354137003600453859e+00,-2.319601009293811522e+00,-2.287391558128259561e+00,-2.177256215123907435e+00,-2.086901782483308487e+00,-2.010231166809017367e+00,-1.932710556733774565e+00,-1.879747554100584583e+00,-1.756116037374396255e+00,-1.736459070380763636e+00,-1.699549175022309289e+00,-1.601419385886416302e+00,-1.547036124872193552e+00,-1.507992550887153227e+00,-1.397126170394705102e+00,-1.364186115844233882e+00,-1.288477025733413051e+00,-1.229026198788709445e+00,-1.134540672683778562e+00,-1.037475220184050251e+00,-9.957062015646129804e-01,-9.727120796195011243e-01,-9.003844255506500138e-01,-8.363316278703525342e-01,-7.523670120595328248e-01,-7.397888957405859278e-01,-6.704555764301439735e-01,-6.095298058898582783e-01,-4.944414169797755609e-01,-3.733979298006993019e-01,-1.941211463565058748e-01,2.112344090486929782e-01,4.162727045794535341e-01,4.731851395593298926e-01,6.238604155513851612e-01,6.768358612523455164e-01,7.171061722258155191e-01,8.080876185433651937e-01,8.448772528238438495e-01,8.859864506440862097e-01,9.657874955231673386e-01,1.001653113992244881e+00,1.056859648942902741e+00,1.108851047218519348e+00,1.167071491552821083e+00,1.272027036442715309e+00,1.348980785750779399e+00,1.378217937291539963e+00,1.472028143618319129e+00,1.532819546749278894e+00,1.550712654961951209e+00,1.683609368843797860e+00,1.732726922889203269e+00,1.786213703519046847e+00,1.874103839821441353e+00,1.942995870136988268e+00,2.014707667559474835e+00,2.098115182483252905e+00,2.201796947342278266e+00,2.296894598558693712e+00,2.365584864058598136e+00,2.393270046206807944e+00,2.470517575059460569e+00,2.530429977048348267e+00,2.561573618916346717e+00,2.674474321124308496e+00,2.741014308292734736e+00,2.815694383250484822e+00,2.866548631873547137e+00,3.027026366125880497e+00,3.055336750822814196e+00,3.181559876028583922e+00,3.335141505602501777e+00,3.489551725400060977e+00,3.622088572410643081e+00,3.718475981232572725e+00,3.821107132383454452e+00,4.069882718935787125e+00,4.356029892310203877e+00,4.456971171266731702e+00,5.147940093498558412e+00,5.335483186521138954e+00,5.758018806138275103e+00,7.664989094198271680e+00,8.643364040663016112e+00,9.667690702920095802e+00,6.595690807741027584e+01,6.999884684230173093e+01,7.125595499133341093e+01,7.461983214339595349e+01,7.701120460620950325e+01
2.663466412028896446e-01,-4.045935707244466073e+01,-3.478968557109923410e+01,-3.213432655977550212e+01,-3.053947333897930605e+01,-2.803334237006009388e+01,-8.959447963255140479e+00,-7.929089586095879660e+00,-7.072607900667344794e+00,-5.291649539711257511e+00,-4.925539979187951722e+00,-4.754650897367168838e+00,-4.066026313638284151e+00,-3.985131682241698226e+00,-3.726122471571603700e+00,-3.487320907106197243e+00,-3.394293107295786704e+00,-3.283766708059024708e+00,-3.165826008016579429e+00,-3.074223361591883474e+00,-2.921508260220685660e+00,-2.798561000959288947e+00,-2.759277412673067253e+00,-2.609190986577649252e+00,-2.579964723821382755e+00,-2.511916471838135045e+00,-2.449319468663770927e+00,-2.362267120629357731e+00,-2.328021609162960637e+00,-2.278392368461032103e+00,-2.155036448037883634e+00,-2.124054030618867550e+00,-2.091858046425641771e+00,-1.991376947538403552e+00,-1.907854232964335761e+00,-1.838375599844983332e+00,-1.764141758157399265e+00,-1.720959137818902196e+00,-1.606906057330674154e+00,-1.587049045830726257e+00,-1.550737288135165981e+00,-1.461159466817769204e+00,-1.412800924550251525e+00,-1.376398935598820428e+00,-1.274708348916743894e+00,-1.244756135127099927e+00,-1.177663991306807878e+00,-1.119327675680908740e+00,-1.034770730796107374e+00,-9.476366457144789202e-01,-9.074214625561159986e-01,-8.885517065743550047e-01,-8.221109488519360298e-01,-7.640810277380389870e-01,-6.896179451860203757e-01,-6.748734517320875703e-01,-6.109798178441209204e-01,-5.579041330575557067e-01,-4.543088445014513699e-01,-3.352320388015821995e-01,-1.721577701085680867e-01,1.865528132486768409e-01,3.781891121142362810e-01,4.367791194637694607e-01,5.673996115776849258e-01,6.133983666116034073e-01,6.543193955000801143e-01,7.352745643726491531e-01,7.732661472382513779e-01,8.093617513018536158e-01,8.835480580120155247e-01,9.119717587713912499e-01,9.618969011802211977e-01,1.014984060093276685e+00,1.071423265684992687e+00,1.165554683509918199e+00,1.233672135739021236e+00,1.259543535977455164e+00,1.348779149605070060e+00,1.402513289700722421e+00,1.420807763610510310e+00,1.538702914021537582e+00,1.584205369170471611e+00,1.630749623161683592e+00,1.714750517670680763e+00,1.772933912407185231e+00,1.841852913428127847e+00,1.916782975442510750e+00,2.010229533287192893e+00,2.098893625737934698e+00,2.159353816187037367e+00,2.184980649861443247e+00,2.261556629835695276e+00,2.314885152997066875e+00,2.342285451867475388e+00,2.444192763206696650e+00,2.507047594984419980e+00,2.573446889044185948e+00,2.619377746215400649e+00,2.768440343782070823e+00,2.791078592690135807e+00,2.909610189268787561e+00,3.049968225931223742e+00,3.188189382370050673e+00,3.308952836559563515e+00,3.399637558162727835e+00,3.491928444857971936e+00,3.721928544119469162e+00,3.983494490278568279e+00,4.072280984006925841e+00,4.712444861808813279e+00,4.884356298452501299e+00,5.268666597825921727e+00,7.015661057225021757e+00,7.909642706698699399e+00,8.855802597890962247e+00,6.595921532489992956e+01,6.996632739272924084e+01,7.125183526168524395e+01,7.460290180732422982e+01,7.700821808567707194e+01
2.674895035169189139e-01,-4.046509093045082039e+01,-3.479064255259140737e+01,-3.203611410226615419e+01,-3.055468605773757318e+01,-2.804353930090356428e+01,-8.020194561306224657e+00,-7.103116933443950565e+00,-6.329895863692697411e+00,-4.738355082619385428e+00,-4.408977097251383981e+00,-4.255907380607704127e+00,-3.640888316049648132e+00,-3.569276433279643168e+00,-3.337061744011343922e+00,-3.122857687347785571e+00,-3.040496299196874919e+00,-2.943206475021718838e+00,-2.836818243315686772e+00,-2.749811428846113959e+00,-2.614871909489607127e+00,-2.503753017798530323e+00,-2.472735999653251859e+00,-2.336561490346654946e+00,-2.309446806330845092e+00,-2.249528502154510612e+00,-2.192053660150864669e+00,-2.112225616133672101e+00,-2.083873718684471577e+00,-2.040016020381079098e+00,-1.932448860740695773e+00,-1.905229784784684188e+00,-1.873846054705272435e+00,-1.784251757913499770e+00,-1.708659080521917728e+00,-1.646845589662221165e+00,-1.577701371332472347e+00,-1.542869019974984157e+00,-1.440562412490077326e+00,-1.420956818436316826e+00,-1.386090765663382962e+00,-1.305606490260479813e+00,-1.263853477712305828e+00,-1.230485565435708084e+00,-1.139238889347363504e+00,-1.112739713572941325e+00,-1.054372078279997016e+00,-9.983511367144041193e-01,-9.245097559285380129e-01,-8.482197182496139520e-01,-8.100509317389745778e-01,-7.955393106931613056e-01,-7.351443267220245659e-01,-6.842850978848946664e-01,-6.198283476376932333e-01,-6.033204688465102494e-01,-5.442874162508390956e-01,-4.999958659634926583e-01,-4.088268400035395267e-01,-2.961739421986790965e-01,-1.493614456039827343e-01,1.603297474926218824e-01,3.334369680805011060e-01,3.963521992408165495e-01,5.055763076050572291e-01,5.440102474771437713e-01,5.866255248869414185e-01,6.546491778703034115e-01,6.926966462823905823e-01,7.248169958497808762e-01,7.920992787616379927e-01,8.133508925117424182e-01,8.581117331817501581e-01,9.102208228537369550e-01,9.636219451936703928e-01,1.045945025374680704e+00,1.105147679226438528e+00,1.127861958761204209e+00,1.210567409172748521e+00,1.256745753237775931e+00,1.275718248638624708e+00,1.377626182995176141e+00,1.418872647091869332e+00,1.458176014090940553e+00,1.537034033423019475e+00,1.584829001510258184e+00,1.649364377323282005e+00,1.715296669044484190e+00,1.797841965692046795e+00,1.878770607773002421e+00,1.930667812640114445e+00,1.953975059148641114e+00,2.027776767242569722e+00,2.074431445887769065e+00,2.098043951463277157e+00,2.188239534925705332e+00,2.246062045069887603e+00,2.304164366595845781e+00,2.344480989743670030e+00,2.479918456429499596e+00,2.497822872511016978e+00,2.606460835128918241e+00,2.732343421886050283e+00,2.853118376941863765e+00,2.961068506547646972e+00,3.044408902612866008e+00,3.125987181494569445e+00,3.333958582686664229e+00,3.568134876767966368e+00,3.644971664648648080e+00,4.225277134885553565e+00,4.379484683651824639e+00,4.721864810912848931e+00,6.289386333158584641e+00,7.089121371769936175e+00,7.945064082240526737e+00,6.596121625335960914e+01,6.993911408529400831e+01,7.124857760922256489e+01,7.458914016206203712e+01,7.700588708579454078e+01
2.686323658309481832e-01,-4.046963983536447529e+01,-3.479151685471213540e+01,-3.195731818540427938e+01,-3.056815108720063634e+01,-2.805204870532437411e+01,-6.948173084395334875e+00,-6.158627587856662977e+00,-5.483559527936876954e+00,-4.106748769176480351e+00,-3.819917990135331287e+00,-3.687087087250279449e+00,-3.155897826394347128e+00,-3.094352126106742595e+00,-2.892800364282313019e+00,-2.707017529553361612e+00,-2.636330822583757616e+00,-2.553428457767386028e+00,-2.460707754758443500e+00,-2.381055343991303364e+00,-2.265574860821980341e+00,-2.168468584420329304e+00,-2.144974541885605213e+00,-2.025774303916759500e+00,-2.000987261741181467e+00,-1.949988254215558658e+00,-1.899127800385993048e+00,-1.828398869945442762e+00,-1.805613012626264835e+00,-1.767868079374213197e+00,-1.677410189587187794e+00,-1.654265351036536824e+00,-1.624801811652886618e+00,-1.547633634726793384e+00,-1.481431199729361881e+00,-1.428036570785437664e+00,-1.366301944443888861e+00,-1.338404665342038280e+00,-1.250297907584992929e+00,-1.231570300482887070e+00,-1.199479258175658591e+00,-1.129007161481083710e+00,-1.094480651990982434e+00,-1.064739560428070053e+00,-9.856272522069238207e-01,-9.630808164389684789e-01,-9.137157405483963268e-01,-8.617956211302331138e-01,-7.996056563674481810e-01,-7.352226139784896475e-01,-7.000635384165506681e-01,-6.898546367444046146e-01,-6.362040591671236367e-01,-5.936185569757969072e-01,-5.399781770293301530e-01,-5.219137979715705589e-01,-4.688654062765154062e-01,-4.335869352078183248e-01,-3.559153273464138456e-01,-2.549898435969573662e-01,-1.252853248701290279e-01,1.327161270375664670e-01,2.827536871448072531e-01,3.482832127745263961e-01,4.363388275928460347e-01,4.674721005479361424e-01,5.100335914317918329e-01,5.637578466552157774e-01,6.000992875038242413e-01,6.288448995966784416e-01,6.876217357058796997e-01,7.023024454382152948e-01,7.414808952397653474e-01,7.902639079465998417e-01,8.390104761558732083e-01,9.083621106838313253e-01,9.583475028198997769e-01,9.779404689293050845e-01,1.051722605985898618e+00,1.089968727944160776e+00,1.109091553050450818e+00,1.194094326976109732e+00,1.230171511205859547e+00,1.262018137568542864e+00,1.333749968606632530e+00,1.371515370118923327e+00,1.429682736639807494e+00,1.485875082511944889e+00,1.556508194756495822e+00,1.627946134907013453e+00,1.670875934828148335e+00,1.691441619033849486e+00,1.759816772874792656e+00,1.799464988958373368e+00,1.819250853177695859e+00,1.896572991853073820e+00,1.947748342116194076e+00,1.997248423963984276e+00,2.031228260593906043e+00,2.150075653906204476e+00,2.164206733612125344e+00,2.260164401523136579e+00,2.369652353123179456e+00,2.471446246455717421e+00,2.564949438688897576e+00,2.638917309780973497e+00,2.708964152740623632e+00,2.890731299113824981e+00,3.093635366579930324e+00,3.158342421928304056e+00,3.666972139298638744e+00,3.800748602407667764e+00,4.096014892081544900e+00,5.457375658046552225e+00,6.149497438074076783e+00,6.898884911022181932e+00,6.596284717649716356e+01,6.991756629536726564e+01,7.124611306255172849e+01,7.457849436675944332e+01,7.700414359930340424e+01
2.697752281449774525e-01,-4.047293698710738141e+01,-3.479221113893717643e+01,-3.189954352995068376e+01,-3.057882656910014063e+01,-2.805845337996190381e+01,-5.672591138886735607e+00,-5.032306871947908711e+00,-4.477300100874951561e+00,-3.354601296096569207e+00,-3.119166250494352255e+00,-3.010465834897119830e+00,-2.578458128978090791e+00,-2.528417345390435944e+00,-2.363517294801401825e+00,-2.211813724566433326e+00,-2.154526289729989497e+00,-2.087950185004411985e+00,-2.011908108843568410e+00,-1.943460753358824400e+00,-1.850236654087566102e+00,-1.770375599530978450e+00,-1.753716700164111408e+00,-1.655647202882375657e+00,-1.634112848987008704e+00,-1.593161996837108241e+00,-1.550949079998744873e+00,-1.492003407153071226e+00,-1.474610112565215125e+00,-1.443818340619859919e+00,-1.372410194025445840e+00,-1.353863127902763752e+00,-1.327924276875533716e+00,-1.265401014533451551e+00,-1.210763094118305405e+00,-1.167136499217725554e+00,-1.115795184316545230e+00,-1.093839963127596349e+00,-1.022965116613534065e+00,-1.006109390506947809e+00,-9.786112566040989780e-01,-9.200108539231955929e-01,-8.934312407902782471e-01,-8.683231168397625988e-01,-8.038234762630408481e-01,-7.858451732912070664e-01,-7.462438096899404183e-01,-7.010888076212334896e-01,-6.518956740038546194e-01,-6.009079060088414748e-01,-5.704352597692468052e-01,-5.640887345899090466e-01,-5.188475598937404287e-01,-4.856801622739836954e-01,-4.439272621446539446e-01,-4.252476407526843971e-01,-3.807453180724132968e-01,-3.542877837333170965e-01,-2.917184773893198302e-01,-2.086221618622262075e-01,-9.927949757029146116e-02,1.034559960708457266e-01,2.252251642293947587e-01,2.878959296415252167e-01,3.553268973847830137e-01,3.794774139576454486e-01,4.183712173174935489e-01,4.573329624238636759e-01,4.896208283915375326e-01,5.145839464012074149e-01,5.627747578851707289e-01,5.717908229480681559e-01,6.042473354652239115e-01,6.467886440447717655e-01,6.885975470708093349e-01,7.433761078597327376e-01,7.833542217421336495e-01,7.995137263129602490e-01,8.612060531140731667e-01,8.910098090658550296e-01,9.089766625983469739e-01,9.757355613849528764e-01,1.005324612504240100e+00,1.029454041120041685e+00,1.090905306592908630e+00,1.118924885441227035e+00,1.168034804894392042e+00,1.213235849452008130e+00,1.270249133863403435e+00,1.329614991663243817e+00,1.362938327549747086e+00,1.380067135471767736e+00,1.439394752402896493e+00,1.471260057960862122e+00,1.487049554713321342e+00,1.549527107807344040e+00,1.591948207808015381e+00,1.631960519850609526e+00,1.658732818014301502e+00,1.756716190111777820e+00,1.767843209500920887e+00,1.847312335255915539e+00,1.937231385144786433e+00,2.017812364746112141e+00,2.094190039583830654e+00,2.155951913170228718e+00,2.212839429822258452e+00,2.362369672688334088e+00,2.528039852487581118e+00,2.579705056588425194e+00,2.999430309664665728e+00,3.108726024312522540e+00,3.348749404255973339e+00,4.463099331951101867e+00,5.027321854743195040e+00,5.645571589518961986e+00,6.596405395627321866e+01,6.990196847929171042e+01,7.124438925452177784e+01,7.457092172240011507e+01,7.700293528558604805e+01
2.709180904590067218e-01,-4.047493448894334733e+01,-3.479265567148787852e+01,-3.186420792632194576e+01,-3.058572318129579415e+01,-2.806243194193108437e+01,-4.008934431170321666e+00,-3.559639135352899331e+00,-3.164929990582195263e+00,-2.372263736509750753e+00,-2.204939490573765593e+00,-2.127910596200457416e+00,-1.824025422835689358e+00,-1.788640779851815799e+00,-1.671833912712212822e+00,-1.564708746987000021e+00,-1.524422466939986398e+00,-1.478148806048468655e+00,-1.424229246562518147e+00,-1.373506861702654236e+00,-1.308283966895806616e+00,-1.251543610570111431e+00,-1.241325940496403435e+00,-1.171651679308877370e+00,-1.155438459993786582e+00,-1.126881236317505808e+00,-1.096712034166316796e+00,-1.054274065804756910e+00,-1.042622835196961972e+00,-1.020769194605865238e+00,-9.721796281923460459e-01,-9.593148294512500174e-01,-9.396419023098336876e-01,-8.958665336580031724e-01,-8.568244497497905510e-01,-8.258470073581204440e-01,-7.893428630247288913e-01,-7.736249133658293919e-01,-7.247179526845645148e-01,-7.116002152854760121e-01,-6.914585518129137132e-01,-6.489613292030657066e-01,-6.314919841428636715e-01,-6.130514905506597723e-01,-5.676572624042848236e-01,-5.552963527918360898e-01,-5.275745131572283642e-01,-4.937545988114341311e-01,-4.601796846643243510e-01,-4.253873114197080918e-01,-4.027361572346894181e-01,-3.993521280340706081e-01,-3.662862375522143998e-01,-3.442004606654537890e-01,-3.162523758576903377e-01,-2.997630311320981789e-01,-2.680432335126969323e-01,-2.506030289917237641e-01,-2.066264222189347077e-01,-1.490537697028369579e-01,-6.880890419354249166e-02,7.032062420417252435e-02,1.552581672859127404e-01,2.053698932655169396e-01,2.508486433799341775e-01,2.674850430319786754e-01,2.972447020625941239e-01,3.210897114612648595e-01,3.456827243469557942e-01,3.647245159413284310e-01,3.987992380919580526e-01,4.033119069143673019e-01,4.265534456335859925e-01,4.583696432775838936e-01,4.893194691010042674e-01,5.265704402471320655e-01,5.544351070473945153e-01,5.661054080808276545e-01,6.105284506205266304e-01,6.306424440685205468e-01,6.450192322756220786e-01,6.904552627018969435e-01,7.113169890539322582e-01,7.270353788109709114e-01,7.724909066403561342e-01,7.905227142073050217e-01,8.261648248075037504e-01,8.577104547858583894e-01,8.975841432928324259e-01,9.402352696172923130e-01,9.625304170177615415e-01,9.748908234475639478e-01,1.019196290048479447e+00,1.041438083454563568e+00,1.052528172554215713e+00,1.096202472258552163e+00,1.126453405566463672e+00,1.154653091044756996e+00,1.172766764039435916e+00,1.242443599485802963e+00,1.250593304035044984e+00,1.307254507970512236e+00,1.371299682337031367e+00,1.426329244050716927e+00,1.480348280373431802e+00,1.524930281785829456e+00,1.565064131718606477e+00,1.671423552726862383e+00,1.788510463495685432e+00,1.824448059831925040e+00,2.123990524670054114e+00,2.201247023732062047e+00,2.370192831416165991e+00,3.159920593928181809e+00,3.557873481005174199e+00,3.999341154238036822e+00,6.596479530509080291e+01,6.989252659816305879e+01,7.124336946570888074e+01,7.456639089675552157e+01,7.700222505248372329e+01
2.720609527730359911e-01,-4.047560352844805465e+01,-3.479280851463446567e+01,-3.185230870562773475e+01,-3.058811221483593457e+01,-2.806378129851746905e+01,-1.508299302438642188e-06,-1.251356979688430796e-06,-1.137026370469602291e-06,-1.084452669833779099e-06,-9.767988549220379104e-07,-9.016088313325524733e-07,-8.572330250315209235e-07,-8.029304068587834591e-07,-7.298019334168575317e-07,-7.149010180485843435e-07,-6.589427939107833633e-07,-6.153503337946063771e-07,-5.401135020368068456e-07,-4.973271725585569038e-07,-4.922493075821397560e-07,-4.669065228318833128e-07,-4.544007423055558968e-07,-4.119788094454435970e-07,-4.022023991499975793e-07,-3.847338080644992570e-07,-3.761384708447224404e-07,-3.389542922882445768e-07,-3.370610752064060049e-07,-3.229471313466824181e-07,-2.991552472377782456e-07,-2.893032407044538801e-07,-2.743274004374450177e-07,-2.611011124198565890e-07,-2.534765184507633389e-07,-2.413409633031860881e-07,-2.343811022215051100e-07,-2.280397329517734182e-07,-2.220972669524782977e-07,-2.097814385853535448e-07,-2.052239664303363273e-07,-1.885607565886280817e-07,-1.869202631120448400e-07,-1.720025674433281236e-07,-1.641068415874946744e-07,-1.552561103266401766e-07,-1.474754377524525989e-07,-1.368427159377005732e-07,-1.304716855572784351e-07,-1.164363837859777776e-07,-1.090900722582994308e-07,-1.046961853830019574e-07,-9.838354771786624673e-08,-9.119955748256200594e-08,-8.965687390758198174e-08,-8.256451583265049927e-08,-6.646490251422116399e-08,-5.742332566040421769e-08,-5.269446357272121536e-08,-4.126387171774445871e-08,-3.392135586278017695e-08,-1.064417784148792487e-08,2.264114422048434405e-08,3.735930683420787795e-08,4.886812691516176435e-08,5.204502939806423187e-08,6.089062607883170766e-08,7.051728131431823906e-08,7.512366872372721613e-08,8.883036323295960574e-08,9.051575661686515375e-08,1.032561712201469797e-07,1.088385210966714556e-07,1.141214468215060178e-07,1.266996612741287973e-07,1.318304174542622481e-07,1.455568589465456324e-07,1.504021801840863754e-07,1.649427013855579335e-07,1.687469529744464293e-07,1.746279582614743594e-07,1.895881799606324839e-07,1.921153783460921216e-07,2.014921608746005477e-07,2.128008659365719671e-07,2.188767251200265970e-07,2.309707288485062321e-07,2.446597193400395849e-07,2.524484595518799054e-07,2.676183854901572952e-07,2.764155813402336470e-07,2.778857238267015678e-07,2.916388053215302020e-07,3.088544712557459104e-07,3.255004841650465454e-07,3.369688937620992467e-07,3.522286085468747037e-07,3.903221390926576693e-07,4.115181197471902366e-07,4.250619821747764200e-07,4.368026267764598466e-07,4.625634242101381940e-07,4.768484306650080625e-07,5.231043140183499077e-07,5.615008411174531077e-07,6.337279846109006394e-07,6.539371797870354615e-07,6.668112074807446774e-07,7.225524713116251535e-07,7.676333101775128951e-07,7.993187444095449134e-07,8.966195496089046653e-07,9.255258229796158794e-07,1.081962420878273665e-06,1.254168622255815693e-06,1.303919049966710110e-06,6.596504535759110865e+01,6.988936538033883039e+01,7.124303193842932558e+01,7.456488276445419672e+01,7.700199076148962263e+01
